id,status,chance_of_playing_next_round,chance_of_playing_this_round,now_cost,now_cost_rank,now_cost_rank_type,cost_change_event,cost_change_event_fall,cost_change_start,cost_change_start_fall,selected_by_percent,selected_rank,selected_rank_type,total_points,event_points,points_per_game,points_per_game_rank,points_per_game_rank_type,bonus,bps,form,form_rank,form_rank_type,value_form,value_season,dreamteam_count,transfers_in,transfers_in_event,transfers_out,transfers_out_event,ep_next,ep_this,expected_goals,expected_assists,expected_goal_involvements,expected_goals_conceded,expected_goals_per_90,expected_assists_per_90,expected_goal_involvements_per_90,expected_goals_conceded_per_90,influence,influence_rank,influence_rank_type,creativity,creativity_rank,creativity_rank_type,threat,threat_rank,threat_rank_type,ict_index,ict_index_rank,ict_index_rank_type,corners_and_indirect_freekicks_order,direct_freekicks_order,penalties_order,gw,set_piece_threat,first_name,second_name,web_name,news,news_added,minutes,goals_scored,assists,clean_sheets,goals_conceded,own_goals,penalties_saved,penalties_missed,yellow_cards,red_cards,saves,starts,defensive_contribution,corners_and_indirect_freekicks_text,direct_freekicks_text,penalties_text,saves_per_90,clean_sheets_per_90,goals_conceded_per_90,starts_per_90,defensive_contribution_per_90,tackles,clearances_blocks_interceptions,recoveries
4,a,,,3.9,762,88.0,0,0.0,-1,1.0,0.2,343,48.0,0,0,0.0,546.0,56.0,0,0,0.0,468.0,50.0,0.0,0.0,0.0,32211,146,29220,429,1.0,1.0,0.0,0.0,0.0,0.0,0.0,0.0,0.0,0.0,0.0,537.0,56.0,0.0,528.0,43.0,0.0,491.0,28.0,0.0,537.0,56.0,,,,23,,Tommy,Setford,Setford,,,0,0,0,0,0,0,0,0,0,0,0,0,0,,,,0.0,0.0,0.0,0.0,0.0,0,0,0
7,d,75.0,75.0,5.6,132,15.0,0,0.0,1,-1.0,6.1,63,21.0,77,0,4.8,24.0,12.0,4,287,0.0,789.0,263.0,0.0,13.8,0.0,2532382,1188,2354915,10662,0.8,0.8,2.49,0.36,2.85,7.09,0.18,0.03,0.21,0.51,222.0,199.0,80.0,104.8,216.0,57.0,219.0,85.0,8.0,54.5,177.0,57.0,,,,23,,Riccardo,Calafiori,Calafiori,Lack of match fitness - 75% chance of playing,,1256,1,2,9,7,0,0,0,5,0,0,16,124,,,,0.0,0.64,0.5,1.15,6.09,28,57,57
9,u,0.0,0.0,5.4,171,20.0,0,0.0,-1,1.0,0.0,581,210.0,0,0,0.0,786.0,263.0,0,0,0.0,775.0,262.0,0.0,0.0,0.0,1119,0,10834,6,0.0,0.0,0.0,0.0,0.0,0.0,0.0,0.0,0.0,0.0,0.0,786.0,263.0,0.0,785.0,263.0,0.0,781.0,262.0,0.0,786.0,263.0,,,,23,,Jakub,Kiwior,Kiwior,has joined Porto on loan for the rest of the season.,,0,0,0,0,0,0,0,0,0,0,0,0,0,,,,0.0,0.0,0.0,0.0,0.0,0,0,0
10,a,,,5.1,237,36.0,0,0.0,-4,4.0,1.5,152,59.0,12,0,0.9,488.0,170.0,0,36,0.4,352.0,131.0,0.1,2.4,0.0,129651,513,452239,1537,1.4,1.4,0.05,0.06,0.11,5.26,0.01,0.02,0.03,1.52,31.2,410.0,156.0,45.5,323.0,109.0,18.0,365.0,128.0,9.4,400.0,144.0,,,,23,,Myles,Lewis-Skelly,Lewis-Skelly,,,311,0,0,0,5,0,0,0,3,0,0,1,21,,,,0.0,0.0,1.45,0.29,4.05,4,10,14
11,a,100.0,100.0,5.1,226,31.0,0,0.0,-4,4.0,0.6,238,89.0,30,1,4.3,49.0,21.0,3,112,1.6,242.0,92.0,0.3,5.9,0.0,337890,1245,382151,1533,2.6,2.6,0.43,0.49,0.92,6.13,0.09,0.11,0.2,1.35,111.4,310.0,120.0,92.7,230.0,65.0,46.0,302.0,95.0,25.0,317.0,109.0,,,,23,,Benjamin,White,White,,,409,0,1,3,4,0,0,0,0,0,0,5,40,,,,0.0,0.66,0.88,1.1,7.92,13,23,18
14,u,0.0,0.0,3.9,767,227.0,0,0.0,-1,1.0,0.1,474,173.0,0,0,0.0,551.0,202.0,0,0,0.0,473.0,184.0,0.0,0.0,0.0,10218,0,22297,28,0.0,0.0,0.0,0.0,0.0,0.0,0.0,0.0,0.0,0.0,0.0,542.0,202.0,0.0,533.0,202.0,0.0,496.0,194.0,0.0,542.0,201.0,,,,23,,Maldini,Kacurri,Kacurri,has joined Morecambe on loan for the rest of the season.,,0,0,0,0,0,0,0,0,0,0,0,0,0,,,,0.0,0.0,0.0,0.0,0.0,0,0,0
15,a,,,3.8,787,246.0,0,0.0,-2,2.0,0.2,386,140.0,0,0,0.0,506.0,184.0,0,0,0.0,425.0,163.0,0.0,0.0,0.0,16997,62,24647,173,1.0,1.0,0.0,0.0,0.0,0.0,0.0,0.0,0.0,0.0,0.0,497.0,184.0,0.0,486.0,183.0,0.0,448.0,174.0,0.0,497.0,183.0,,,,23,,Josh,Nichols,Nichols,,,0,0,0,0,0,0,0,0,0,0,0,0,0,,,,0.0,0.0,0.0,0.0,0.0,0,0,0
16,a,100.0,100.0,10.0,5,3.0,-1,1.0,0,0.0,16.7,20,8.0,101,2,4.8,28.0,13.0,10,394,3.2,122.0,55.0,0.3,10.1,0.0,3937368,20740,3768233,140933,4.2,4.2,5.58,5.11,10.69,9.95,0.33,0.3,0.63,0.58,421.2,62.0,18.0,628.1,6.0,6.0,564.0,10.0,4.0,161.4,6.0,4.0,2.0,,1.0,23,,Bukayo,Saka,Saka,,,1543,4,7,8,12,0,0,0,1,0,0,17,118,,,,0.0,0.47,0.7,0.99,6.88,26,11,81
17,a,100.0,100.0,7.8,17,12.0,0,0.0,-2,2.0,2.3,120,40.0,53,4,3.1,183.0,78.0,5,217,4.0,62.0,25.0,0.5,6.8,0.0,364857,4716,533876,10418,5.0,5.0,0.97,2.61,3.58,11.35,0.09,0.24,0.33,1.04,221.0,201.0,85.0,394.1,33.0,32.0,134.0,166.0,96.0,74.8,99.0,56.0,4.0,,3.0,23,,Martin,Ødegaard,Ødegaard,,,983,1,4,4,10,0,0,0,0,0,0,13,75,,,,0.0,0.37,0.92,1.19,6.87,16,13,46
18,a,100.0,100.0,6.8,46,28.0,0,0.0,-2,2.0,0.6,223,76.0,22,1,1.6,383.0,171.0,0,87,1.2,280.0,123.0,0.2,3.2,0.0,212346,480,282949,869,2.2,2.2,0.6,1.61,2.21,7.38,0.09,0.25,0.34,1.15,74.2,356.0,159.0,191.2,134.0,95.0,197.0,101.0,60.0,46.2,215.0,108.0,3.0,,,23,,Noni,Madueke,Madueke,,,576,0,0,3,6,0,0,0,0,0,0,7,31,,,,0.0,0.47,0.94,1.09,4.84,7,9,15
19,a,100.0,100.0,6.8,47,29.0,0,0.0,-2,2.0,0.9,195,65.0,29,0,1.7,370.0,163.0,1,89,1.2,281.0,124.0,0.2,4.3,0.0,141525,1045,223052,1461,2.2,2.2,2.57,0.23,2.8,5.56,0.42,0.04,0.46,0.92,78.6,347.0,154.0,71.4,271.0,161.0,207.0,94.0,57.0,35.2,269.0,132.0,,,,23,,Gabriel,Martinelli Silva,Martinelli,,,545,1,1,2,3,0,0,0,2,0,0,7,34,,,,0.0,0.33,0.5,1.16,5.61,7,6,21
20,a,100.0,100.0,6.8,44,26.0,-1,1.0,-2,2.0,1.5,153,51.0,83,2,4.4,45.0,20.0,9,287,3.8,76.0,32.0,0.6,12.2,0.0,452565,6194,328174,12203,4.8,4.8,4.24,2.06,6.3,8.82,0.31,0.15,0.46,0.64,337.0,109.0,36.0,337.4,49.0,42.0,355.0,36.0,21.0,103.1,40.0,30.0,,,4.0,23,,Leandro,Trossard,Trossard,,,1247,5,4,6,11,0,0,0,1,0,0,13,76,,,,0.0,0.43,0.79,0.94,5.49,14,14,48
24,a,100.0,100.0,5.1,224,138.0,0,0.0,-4,4.0,0.1,426,143.0,3,0,1.0,476.0,223.0,0,11,0.2,402.0,188.0,0.0,0.6,0.0,6593,106,59965,115,1.2,1.2,0.05,0.0,0.05,2.16,0.15,0.0,0.15,6.27,14.6,436.0,196.0,0.4,459.0,223.0,7.0,402.0,197.0,2.3,448.0,203.0,,,,23,,Christian,Nørgaard,Nørgaard,,,31,0,0,0,1,0,0,0,0,0,0,0,8,,,,0.0,0.0,2.9,0.0,23.23,0,5,3
25,u,0.0,0.0,5.0,269,163.0,0,0.0,-5,5.0,0.1,432,147.0,8,0,1.3,416.0,186.0,0,20,0.0,744.0,322.0,0.0,1.6,0.0,13149,0,35735,349,0.0,0.0,0.23,0.08,0.31,0.73,0.13,0.04,0.17,0.4,8.6,444.0,200.0,22.5,370.0,190.0,24.0,347.0,180.0,5.4,425.0,191.0,,,,23,,Ethan,Nwaneri,Nwaneri,has joined Marseille on loan for the rest of the season.,,165,0,0,1,0,0,0,0,0,0,0,0,13,,,,0.0,0.55,0.0,0.0,7.09,2,1,10
26,a,100.0,100.0,5.2,215,133.0,0,0.0,-3,3.0,2.2,121,41.0,81,1,3.5,123.0,56.0,5,381,4.0,57.0,23.0,0.8,15.6,0.0,745448,5272,780758,5827,5.0,5.0,2.18,1.47,3.65,15.31,0.1,0.07,0.17,0.72,397.6,75.0,22.0,294.5,68.0,54.0,186.0,111.0,66.0,88.0,68.0,44.0,,,,23,,Martín,Zubimendi Ibáñez,Zubimendi,,,1905,3,1,11,15,0,0,0,4,0,0,22,194,,,,0.0,0.52,0.71,1.04,9.17,40,80,74
28,u,0.0,0.0,4.5,478,293.0,0,0.0,0,0.0,0.1,473,162.0,0,0,0.0,716.0,296.0,0,0,0.0,667.0,265.0,0.0,0.0,0.0,6731,0,30002,27,0.0,0.0,0.0,0.0,0.0,0.0,0.0,0.0,0.0,0.0,0.0,715.0,295.0,0.0,710.0,295.0,0.0,692.0,289.0,0.0,714.0,294.0,,,,23,,Ismeal,Kabia,Kabia,has joined Shrewsbury Town on loan for the rest of the season.,,0,0,0,0,0,0,0,0,0,0,0,0,0,,,,0.0,0.0,0.0,0.0,0.0,0,0,0
29,u,0.0,0.0,4.5,423,253.0,0,0.0,0,0.0,0.1,577,215.0,0,0,0.0,681.0,267.0,0,0,0.0,629.0,233.0,0.0,0.0,0.0,2952,0,13958,14,0.0,0.0,0.0,0.0,0.0,0.0,0.0,0.0,0.0,0.0,0.0,676.0,262.0,0.0,673.0,265.0,0.0,651.0,256.0,0.0,677.0,263.0,,,,23,,Albert,Sambi Lokonga,Sambi,has joined Hamburger permanently.,,0,0,0,0,0,0,0,0,0,0,0,0,0,,,,0.0,0.0,0.0,0.0,0.0,0,0,0
662,a,100.0,100.0,5.3,201,27.0,0,0.0,-2,2.0,0.1,429,158.0,17,0,1.7,367.0,137.0,1,85,0.0,766.0,259.0,0.0,3.2,0.0,42592,219,50339,110,1.0,1.0,0.0,0.43,0.43,2.68,0.0,0.09,0.09,0.56,84.0,338.0,129.0,23.2,369.0,133.0,8.0,395.0,148.0,11.5,387.0,139.0,,,,23,,Cristhian,Mosquera,Mosquera,,,429,0,0,1,4,0,0,0,1,0,0,4,48,,,,0.0,0.21,0.84,0.84,7.34,11,24,17
666,a,100.0,100.0,8.7,9,5.0,0,0.0,-3,3.0,9.3,47,9.0,56,1,2.7,233.0,22.0,4,185,1.6,249.0,30.0,0.2,6.4,0.0,2646818,7451,4562320,10121,2.6,2.6,6.4,0.9,7.3,9.69,0.42,0.06,0.48,0.63,199.8,224.0,20.0,139.3,172.0,14.0,440.0,25.0,13.0,77.1,92.0,15.0,,,2.0,23,,Viktor,Gyökeres,Gyökeres,,,1377,5,0,9,7,0,0,0,3,0,0,17,49,,,,0.0,0.59,0.46,1.11,3.2,4,14,31
700,i,0.0,0.0,4.2,642,361.0,0,0.0,-3,3.0,0.3,293,97.0,5,0,2.5,255.0,108.0,0,13,0.0,559.0,193.0,0.0,1.2,0.0,139419,2387,116360,1515,0.0,0.0,0.14,0.02,0.16,0.12,0.47,0.07,0.54,0.4,1.0,476.0,220.0,0.8,451.0,218.0,26.0,338.0,177.0,2.8,442.0,201.0,,,,23,,Max,Dowman,Dowman,Ankle injury - Unknown return date,,27,0,1,0,0,0,0,0,0,0,0,0,3,,,,0.0,0.0,0.0,0.0,10.0,2,0,1
711,a,,,4.4,562,336.0,0,0.0,-1,1.0,0.0,697,294.0,0,0,0.0,670.0,261.0,0,0,0.0,615.0,226.0,0.0,0.0,0.0,1670,11,1570,17,1.0,1.0,0.0,0.0,0.0,0.0,0.0,0.0,0.0,0.0,0.0,665.0,256.0,0.0,660.0,259.0,0.0,636.0,249.0,0.0,666.0,257.0,,,,23,,Andre,Harriman-Annous,Harriman-Annous,,,0,0,0,0,0,0,0,0,0,0,0,0,0,,,,0.0,0.0,0.0,0.0,0.0,0,0,0
725,a,100.0,75.0,5.1,234,34.0,-1,1.0,-4,4.0,0.7,219,83.0,35,0,2.7,229.0,89.0,2,145,0.8,312.0,113.0,0.2,6.9,0.0,458443,819,381016,6232,1.8,1.4,0.0,0.75,0.75,9.89,0.0,0.07,0.07,0.94,196.4,227.0,91.0,60.5,295.0,97.0,20.0,359.0,123.0,27.6,306.0,104.0,,,,23,,Piero,Hincapié,Hincapie,,,946,0,0,2,11,0,0,0,2,0,0,11,85,,,,0.0,0.19,1.05,1.05,8.09,20,65,37
33,a,,,4.2,619,32.0,0,0.0,-3,3.0,0.4,268,35.0,11,0,2.2,293.0,25.0,0,51,0.4,334.0,23.0,0.1,2.6,0.0,82638,179,111078,381,0.4,0.4,0.0,0.0,0.0,8.53,0.0,0.0,0.0,1.9,92.8,330.0,27.0,0.0,602.0,73.0,0.0,570.0,58.0,9.3,401.0,27.0,,,,23,,Marco,Bizot,M.Bizot,,,405,0,0,1,8,0,0,0,2,0,13,4,23,,,,2.89,0.22,1.78,0.89,0.0,0,6,41
34,u,0.0,0.0,4.0,672,52.0,0,0.0,0,0.0,0.1,479,74.0,0,0,0.0,574.0,70.0,0,0,0.0,496.0,64.0,0.0,0.0,0.0,0,0,16862,63,0.0,0.0,0.0,0.0,0.0,0.0,0.0,0.0,0.0,0.0,0.0,565.0,70.0,0.0,558.0,59.0,0.0,523.0,44.0,0.0,565.0,70.0,,,,23,,Joe,Gauci,Gauci,Has joined Port Vale on loan for the rest of the season.,,0,0,0,0,0,0,0,0,0,0,0,0,0,,,,0.0,0.0,0.0,0.0,0.0,0,0,0
35,u,0.0,0.0,4.0,671,51.0,0,0.0,0,0.0,0.0,730,84.0,0,0,0.0,573.0,69.0,0,0,0.0,495.0,63.0,0.0,0.0,0.0,0,0,1232,5,0.0,0.0,0.0,0.0,0.0,0.0,0.0,0.0,0.0,0.0,0.0,564.0,69.0,0.0,557.0,58.0,0.0,522.0,43.0,0.0,564.0,69.0,,,,23,,Filip,Marschall,Marschall,Has joined Stevenage permanently.,,0,0,0,0,0,0,0,0,0,0,0,0,0,,,,0.0,0.0,0.0,0.0,0.0,0,0,0
36,a,100.0,100.0,4.8,354,58.0,0,0.0,3,-3.0,11.2,40,13.0,95,6,4.3,46.0,19.0,6,346,3.8,67.0,27.0,0.8,19.8,0.0,2482302,37408,1455813,24323,3.8,3.8,0.75,1.92,2.67,29.43,0.03,0.09,0.12,1.36,452.8,50.0,23.0,317.8,57.0,10.0,132.0,169.0,35.0,90.3,62.0,10.0,1.0,,,23,,Matty,Cash,Cash,,,1951,3,2,7,20,0,0,0,5,0,0,22,146,,,,0.0,0.32,0.92,1.01,5.67,36,87,55
41,a,100.0,100.0,4.3,578,132.0,0,0.0,-2,2.0,0.3,313,117.0,47,6,3.4,125.0,47.0,2,201,1.6,235.0,89.0,0.4,10.9,0.0,63238,1085,89487,386,1.6,1.6,0.43,0.27,0.7,16.74,0.03,0.02,0.05,1.35,226.2,195.0,78.0,29.8,354.0,125.0,42.0,308.0,99.0,30.0,292.0,97.0,,,,23,,Pau,Torres,Pau,,,1116,0,1,4,12,1,0,0,0,0,0,12,111,,,,0.0,0.32,0.97,0.97,6.77,17,67,60
42,a,100.0,100.0,3.9,768,228.0,0,0.0,-1,1.0,0.2,357,131.0,1,0,0.5,491.0,171.0,0,-3,0.2,366.0,134.0,0.1,0.3,0.0,27283,168,37615,291,0.2,0.2,0.0,0.01,0.01,1.52,0.0,0.03,0.03,4.56,0.6,479.0,171.0,1.5,442.0,162.0,0.0,497.0,195.0,0.2,483.0,172.0,,,,23,,Andrés,García,A.García,,,30,0,0,0,2,0,0,0,0,0,0,0,0,,,,0.0,0.0,6.0,0.0,0.0,0,0,2
43,u,0.0,0.0,4.0,651,159.0,0,0.0,0,0.0,1.7,145,57.0,0,0,0.0,557.0,205.0,0,0,0.0,479.0,187.0,0.0,0.0,0.0,44476,0,880101,849,0.0,0.0,0.0,0.0,0.0,0.0,0.0,0.0,0.0,0.0,0.0,548.0,205.0,0.0,540.0,205.0,0.0,504.0,198.0,0.0,548.0,204.0,,,,23,,Álex,Moreno Lopera,Alex Moreno,Has joined Girona permanently.,,0,0,0,0,0,0,0,0,0,0,0,0,0,,,,0.0,0.0,0.0,0.0,0.0,0,0,0
44,a,100.0,100.0,4.0,688,179.0,0,0.0,0,0.0,0.5,247,93.0,23,1,1.3,408.0,150.0,3,74,0.4,333.0,121.0,0.1,5.8,0.0,96492,612,82264,906,0.4,0.4,0.0,0.14,0.14,8.34,0.0,0.02,0.02,1.44,69.8,360.0,137.0,40.8,334.0,114.0,8.0,386.0,142.0,11.8,381.0,135.0,,,,23,,Lamare,Bogarde,Bogarde,,,520,0,0,1,7,0,0,0,5,0,0,5,38,,,,0.0,0.17,1.21,0.87,5.02,12,17,17
45,a,,,3.8,788,247.0,0,0.0,-2,2.0,0.3,319,118.0,0,0,0.0,507.0,185.0,0,0,0.0,426.0,164.0,0.0,0.0,0.0,19476,573,32185,324,0.0,0.0,0.0,0.0,0.0,0.0,0.0,0.0,0.0,0.0,0.0,498.0,185.0,0.0,487.0,184.0,0.0,449.0,175.0,0.0,498.0,184.0,,,,23,,Lino,da Cruz Sousa,Sousa,,,0,0,0,0,0,0,0,0,0,0,0,0,0,,,,0.0,0.0,0.0,0.0,0.0,0,0,0
46,u,0.0,0.0,4.0,704,192.0,0,0.0,0,0.0,0.1,450,166.0,0,0,0.0,600.0,229.0,0,0,0.0,525.0,214.0,0.0,0.0,0.0,4656,0,20605,47,0.0,0.0,0.0,0.0,0.0,0.0,0.0,0.0,0.0,0.0,0.0,591.0,229.0,0.0,584.0,229.0,0.0,550.0,224.0,0.0,591.0,228.0,,,,23,,Yasin,Özcan,Yasin,has joined Anderlecht on loan for the rest of the season.,,0,0,0,0,0,0,0,0,0,0,0,0,0,,,,0.0,0.0,0.0,0.0,0.0,0,0,0
47,a,100.0,100.0,7.7,19,14.0,0,0.0,7,-7.0,31.3,9,3.0,111,8,4.8,27.0,12.0,10,376,3.8,77.0,33.0,0.5,14.4,0.0,5102161,95763,2259053,70379,3.8,3.8,4.33,2.46,6.79,32.84,0.19,0.11,0.3,1.44,496.4,36.0,9.0,411.7,29.0,28.0,514.0,12.0,6.0,142.1,12.0,10.0,,,,23,,Morgan,Rogers,Rogers,,,2047,7,5,7,25,0,0,0,4,0,0,23,139,,,,0.0,0.31,1.1,1.01,6.11,25,30,84
48,d,75.0,100.0,5.9,93,59.0,0,0.0,-1,1.0,1.0,179,61.0,52,3,3.1,178.0,76.0,3,289,3.4,103.0,47.0,0.6,8.8,0.0,157910,2550,295174,6535,2.5,3.4,0.97,2.53,3.5,23.03,0.07,0.18,0.25,1.6,317.2,124.0,43.0,401.3,30.0,29.0,147.0,145.0,84.0,86.6,71.0,45.0,3.0,,,23,,Youri,Tielemans,Tielemans,Ankle injury - 75% chance of playing,,1295,0,4,4,17,0,0,0,0,0,0,15,138,,,,0.0,0.28,1.18,1.04,9.59,38,33,67
51,u,0.0,0.0,5.5,150,95.0,0,0.0,0,0.0,0.0,670,277.0,0,0,0.0,792.0,352.0,0,0,0.0,785.0,350.0,0.0,0.0,0.0,1383,0,3754,4,0.0,0.0,0.0,0.0,0.0,0.0,0.0,0.0,0.0,0.0,0.0,792.0,352.0,0.0,791.0,352.0,0.0,788.0,351.0,0.0,792.0,352.0,,,,23,,Samuel,Iling-Junior,Iling Jr,has joined West Bromwich Albion on loan for the rest of the season,,0,0,0,0,0,0,0,0,0,0,0,0,0,,,,0.0,0.0,0.0,0.0,0.0,0,0,0
57,u,0.0,0.0,5.0,258,158.0,0,0.0,0,0.0,0.0,653,267.0,0,0,0.0,767.0,334.0,0,0,0.0,739.0,318.0,0.0,0.0,0.0,889,0,5403,2,0.0,0.0,0.0,0.0,0.0,0.0,0.0,0.0,0.0,0.0,0.0,767.0,334.0,0.0,764.0,334.0,0.0,757.0,331.0,0.0,766.0,333.0,,,,23,,Lewis,Dobbin,Dobbin,Has joined Preston North End on loan for the rest of the season.,,0,0,0,0,0,0,0,0,0,0,0,0,0,,,,0.0,0.0,0.0,0.0,0.0,0,0,0
58,i,0.0,0.0,4.9,312,193.0,0,0.0,-1,1.0,0.3,317,105.0,61,0,3.4,133.0,58.0,7,282,1.4,255.0,108.0,0.3,12.4,0.0,111194,27,104897,3226,0.0,0.0,0.53,0.84,1.36,20.8,0.03,0.05,0.08,1.33,325.0,113.0,38.0,241.3,95.0,72.0,75.0,252.0,137.0,64.2,138.0,76.0,,,,23,,Boubacar,Kamara,Kamara,Knee injury - Unknown return date,,1410,1,3,5,15,0,0,0,5,0,0,17,149,,,,0.0,0.32,0.96,1.09,9.51,38,46,65
59,a,100.0,100.0,4.8,365,228.0,0,0.0,-2,2.0,0.6,231,80.0,51,5,3.4,130.0,57.0,3,228,1.2,268.0,115.0,0.3,10.6,0.0,136314,1645,261292,760,1.2,1.2,0.43,0.22,0.65,16.14,0.04,0.02,0.06,1.49,258.8,177.0,72.0,73.9,267.0,160.0,69.0,260.0,140.0,40.2,247.0,122.0,,,,23,,Amadou,Onana,Onana,,,974,2,0,4,11,0,0,0,2,0,0,12,130,,,,0.0,0.37,1.02,1.11,12.01,30,59,41
60,a,,,4.4,553,331.0,0,0.0,-1,1.0,0.3,323,109.0,0,0,0.0,666.0,259.0,0,0,0.0,610.0,223.0,0.0,0.0,0.0,37785,152,47221,343,0.0,0.0,0.0,0.0,0.0,0.0,0.0,0.0,0.0,0.0,0.0,660.0,253.0,0.0,656.0,257.0,0.0,631.0,246.0,0.0,661.0,254.0,,,,23,,Ben,Broggio,Broggio,,,0,0,0,0,0,0,0,0,0,0,0,0,0,,,,0.0,0.0,0.0,0.0,0.0,0,0,0
65,u,0.0,0.0,4.5,475,66.0,0,0.0,0,0.0,0.3,314,52.0,0,0,0.0,714.0,75.0,0,0,0.0,665.0,64.0,0.0,0.0,0.0,17574,0,84178,98,0.0,0.0,0.0,0.0,0.0,0.0,0.0,0.0,0.0,0.0,0.0,712.0,75.0,0.0,708.0,74.0,0.0,690.0,74.0,0.0,712.0,75.0,,,,23,,Zépiqueno,Redmond,Redmond,has joined Huddersfield Town on loan for the rest of the season.,,0,0,0,0,0,0,0,0,0,0,0,0,0,,,,0.0,0.0,0.0,0.0,0.0,0,0,0
389,a,100.0,100.0,5.1,233,144.0,0,0.0,-4,4.0,0.2,392,133.0,4,0,1.0,477.0,224.0,0,13,0.0,755.0,331.0,0.0,0.8,0.0,92469,240,100940,178,0.0,0.0,0.19,0.06,0.25,1.74,0.18,0.06,0.24,1.61,8.6,445.0,201.0,17.8,381.0,191.0,18.0,364.0,185.0,4.4,435.0,197.0,,,,23,,Harvey,Elliott,Elliott,,,97,0,0,0,2,0,0,0,0,0,0,1,5,,,,0.0,0.0,1.86,0.93,4.64,0,2,3
456,a,100.0,100.0,5.8,105,68.0,0,0.0,-2,2.0,0.2,363,121.0,15,1,1.2,426.0,192.0,0,49,1.4,260.0,112.0,0.2,2.6,0.0,39362,821,43138,422,1.4,1.4,0.38,0.6,0.98,6.03,0.1,0.15,0.25,1.51,41.0,399.0,175.0,88.0,237.0,146.0,109.0,200.0,109.0,24.0,322.0,156.0,,,,23,,Jadon,Sancho,Sancho,,,360,0,0,1,2,0,0,0,0,0,0,3,21,,,,0.0,0.25,0.5,0.75,5.25,2,8,11
677,a,100.0,100.0,6.2,77,50.0,0,0.0,-3,3.0,0.0,619,242.0,25,0,1.9,341.0,150.0,0,82,0.4,360.0,162.0,0.1,4.0,0.0,6741,124,12005,66,0.4,0.4,1.19,0.41,1.6,8.82,0.18,0.06,0.24,1.36,92.8,331.0,145.0,55.0,307.0,174.0,136.0,162.0,94.0,28.0,305.0,147.0,,,,23,,Evann,Guessand,Guessand,,,583,0,2,1,10,0,0,0,0,0,0,6,55,,,,0.0,0.15,1.54,0.93,8.49,18,10,27
710,a,,,3.9,760,224.0,0,0.0,-1,1.0,0.2,368,133.0,0,0,0.0,544.0,199.0,0,0,0.0,466.0,181.0,0.0,0.0,0.0,32307,49,20946,219,0.0,0.0,0.0,0.0,0.0,0.0,0.0,0.0,0.0,0.0,0.0,535.0,199.0,0.0,526.0,199.0,0.0,489.0,191.0,0.0,535.0,198.0,,,,23,,Travis,Patterson,Patterson,,,0,0,0,0,0,0,0,0,0,0,0,0,0,,,,0.0,0.0,0.0,0.0,0.0,0,0,0
719,a,100.0,100.0,4.5,409,76.0,0,0.0,0,0.0,0.1,460,171.0,21,1,1.9,333.0,128.0,0,91,1.8,217.0,81.0,0.4,4.7,0.0,17748,393,9555,552,1.8,1.8,0.03,0.07,0.1,10.75,0.0,0.01,0.01,1.71,123.8,296.0,113.0,27.2,361.0,129.0,8.0,391.0,147.0,16.0,361.0,128.0,,,,23,,Victor,Lindelöf,Lindelöf,,,566,0,1,1,9,0,0,0,0,0,0,6,36,,,,0.0,0.16,1.43,0.95,5.72,4,32,13
754,a,,,4.5,476,291.0,0,0.0,0,0.0,0.0,750,324.0,2,0,1.0,461.0,211.0,0,5,0.4,344.0,151.0,0.1,0.4,0.0,675,21,403,26,0.4,0.4,0.04,0.01,0.05,0.61,0.14,0.04,0.18,2.2,0.0,713.0,293.0,1.7,441.0,213.0,2.0,429.0,212.0,0.3,480.0,221.0,,,,23,,George,Hemmings,George Hemmings,,,25,0,0,0,0,0,0,0,0,0,0,0,1,,,,0.0,0.0,0.0,0.0,3.6,0,0,1
757,a,,,4.0,690,60.0,0,0.0,0,0.0,0.0,715,83.0,0,0,0.0,588.0,78.0,0,0,0.0,511.0,72.0,0.0,0.0,0.0,977,30,575,26,0.0,0.0,0.0,0.0,0.0,0.0,0.0,0.0,0.0,0.0,0.0,579.0,78.0,0.0,572.0,67.0,0.0,537.0,52.0,0.0,579.0,78.0,,,,23,,Ronnie,Hollingshead,Hollingshead,,,0,0,0,0,0,0,0,0,0,0,0,0,0,,,,0.0,0.0,0.0,0.0,0.0,0,0,0
187,a,100.0,100.0,4.4,510,98.0,0,0.0,-1,1.0,1.1,174,66.0,49,4,2.2,295.0,113.0,3,147,1.4,252.0,96.0,0.3,11.1,0.0,136330,1135,244319,1220,1.4,1.4,0.12,0.89,1.01,44.86,0.01,0.04,0.05,2.05,342.0,105.0,47.0,135.1,176.0,44.0,22.0,352.0,119.0,50.1,198.0,63.0,,,,23,,Kyle,Walker,Walker,,,1966,0,2,3,41,0,0,0,7,0,0,22,194,,,,0.0,0.14,1.88,1.01,6.45,34,107,102
193,a,100.0,100.0,3.9,745,217.0,0,0.0,-1,1.0,0.1,430,159.0,23,1,3.3,138.0,55.0,1,99,3.0,123.0,45.0,0.8,5.9,0.0,13624,1525,9228,648,3.0,3.0,0.16,0.1,0.26,12.03,0.03,0.02,0.05,2.05,137.4,281.0,109.0,21.3,374.0,135.0,24.0,345.0,115.0,18.2,355.0,125.0,,,,23,,Bashir,Humphreys,Humphreys,,,527,0,1,1,10,0,0,0,2,0,0,5,54,,,,0.0,0.17,1.71,0.85,9.22,11,43,18
194,i,0.0,0.0,3.9,741,214.0,0,0.0,-1,1.0,0.1,547,199.0,0,0,0.0,530.0,194.0,0,0,0.0,452.0,176.0,0.0,0.0,0.0,1571,12,14978,40,0.0,0.0,0.0,0.0,0.0,0.0,0.0,0.0,0.0,0.0,0.0,521.0,194.0,0.0,512.0,194.0,0.0,475.0,186.0,0.0,521.0,193.0,,,,23,,Jordan,Beyer,Jordan,Hamstring injury - Unknown return date,,0,0,0,0,0,0,0,0,0,0,0,0,0,,,,0.0,0.0,0.0,0.0,0.0,0,0,0
195,a,100.0,100.0,3.8,797,256.0,0,0.0,-2,2.0,0.3,326,119.0,14,1,1.6,373.0,139.0,0,55,1.6,232.0,87.0,0.4,3.7,0.0,37187,1812,28733,795,1.6,1.6,0.3,0.72,1.02,15.27,0.04,0.1,0.14,2.02,111.6,309.0,119.0,101.1,220.0,61.0,51.0,294.0,93.0,26.3,311.0,106.0,,,,23,,Lucas,Pires Silva,Lucas Pires,,,681,0,0,1,14,0,0,0,0,1,0,8,49,,,,0.0,0.13,1.85,1.06,6.48,16,33,39
202,a,100.0,100.0,5.3,187,115.0,0,0.0,-2,2.0,0.0,618,241.0,31,0,1.7,366.0,162.0,0,94,0.4,354.0,157.0,0.1,5.8,0.0,5410,41,7901,73,0.4,0.4,1.18,1.05,2.23,20.04,0.12,0.11,0.23,2.11,104.6,315.0,139.0,175.9,143.0,101.0,123.0,180.0,106.0,40.3,246.0,121.0,3.0,1.0,3.0,23,,Jacob,Bruun Larsen,Bruun Larsen,,,853,0,1,3,23,0,0,0,0,0,0,9,54,,,,0.0,0.32,2.43,0.95,5.7,11,16,27
204,u,0.0,0.0,4.9,319,197.0,0,0.0,-1,1.0,0.0,705,298.0,0,0,0.0,753.0,323.0,0,0,0.0,716.0,301.0,0.0,0.0,0.0,160,0,2064,1,0.0,0.0,0.0,0.0,0.0,0.0,0.0,0.0,0.0,0.0,0.0,753.0,323.0,0.0,749.0,323.0,0.0,740.0,320.0,0.0,752.0,322.0,,,,23,,Darko,Churlinov,Churlinov,has joined Kocaelispor  permanently.,,0,0,0,0,0,0,0,0,0,0,0,0,0,,,,0.0,0.0,0.0,0.0,0.0,0,0,0
205,i,0.0,0.0,5.0,244,150.0,0,0.0,0,0.0,1.0,186,63.0,70,0,3.9,80.0,34.0,8,321,0.0,733.0,313.0,0.0,14.0,0.0,567983,8,520174,3249,0.0,0.0,0.94,1.36,2.3,32.5,0.06,0.08,0.14,1.93,342.0,106.0,35.0,218.1,108.0,77.0,98.0,219.0,120.0,66.0,128.0,70.0,,,,23,,Josh,Cullen,Cullen,Knee injury - Expected back 30 Sep,,1513,2,2,3,29,1,0,0,2,0,0,18,173,,,,0.0,0.18,1.73,1.07,10.29,32,68,73
206,a,,,4.7,378,236.0,0,0.0,-3,3.0,0.1,458,155.0,32,2,2.5,260.0,109.0,2,121,3.8,66.0,26.0,0.8,6.8,0.0,15841,1082,15279,620,3.8,3.8,0.81,1.49,2.3,12.15,0.13,0.23,0.36,1.92,136.0,285.0,128.0,208.8,116.0,83.0,129.0,174.0,100.0,47.2,209.0,107.0,,3.0,,23,,Marcus,Edwards,Edwards,,,571,1,2,1,8,0,0,0,0,0,0,5,35,,,,0.0,0.16,1.26,0.79,5.52,6,4,25
207,a,100.0,100.0,4.7,385,240.0,0,0.0,-3,3.0,0.1,475,163.0,24,1,1.5,391.0,172.0,0,94,0.4,345.0,152.0,0.1,5.1,0.0,13376,173,22930,139,0.4,0.4,0.29,0.77,1.06,13.27,0.06,0.15,0.21,2.61,60.4,376.0,165.0,128.5,183.0,121.0,35.0,322.0,168.0,22.4,331.0,161.0,,4.0,,23,,Hannibal,Mejbri,Hannibal,,,458,0,2,1,12,0,0,0,4,0,0,5,39,,,,0.0,0.2,2.36,0.98,7.66,10,5,24
208,u,0.0,0.0,5.0,264,160.0,0,0.0,0,0.0,0.0,717,304.0,0,0,0.0,770.0,336.0,0,0,0.0,742.0,320.0,0.0,0.0,0.0,68,0,3010,3,0.0,0.0,0.0,0.0,0.0,0.0,0.0,0.0,0.0,0.0,0.0,770.0,336.0,0.0,768.0,336.0,0.0,760.0,333.0,0.0,769.0,335.0,,,,23,,Luca,Koleosho,Koleosho,has joined Paris FC on loan for the rest of the season.,,0,0,0,0,0,0,0,0,0,0,0,0,0,,,,0.0,0.0,0.0,0.0,0.0,0,0,0
211,u,0.0,0.0,4.4,532,317.0,0,0.0,-1,1.0,1.5,151,50.0,0,0,0.0,653.0,250.0,0,0,0.0,596.0,213.0,0.0,0.0,0.0,62789,0,925179,659,0.0,0.0,0.0,0.0,0.0,0.0,0.0,0.0,0.0,0.0,0.0,644.0,241.0,0.0,641.0,246.0,0.0,615.0,234.0,0.0,645.0,242.0,,,,23,,Aaron,Ramsey,A.Ramsey,has joined Leicester City on loan for the rest of the season.,,0,0,0,0,0,0,0,0,0,0,0,0,0,,,,0.0,0.0,0.0,0.0,0.0,0,0,0
212,u,0.0,0.0,4.5,472,288.0,0,0.0,0,0.0,0.0,744,318.0,0,0,0.0,713.0,294.0,0,0,0.0,664.0,263.0,0.0,0.0,0.0,0,0,2735,2,0.0,0.0,0.0,0.0,0.0,0.0,0.0,0.0,0.0,0.0,0.0,711.0,292.0,0.0,707.0,293.0,0.0,688.0,286.0,0.0,711.0,292.0,,,,23,,Oluwaseun,Adewumi,Adewumi,Has joined Cercle Brugge on loan for the rest of the season.,,0,0,0,0,0,0,0,0,0,0,0,0,0,,,,0.0,0.0,0.0,0.0,0.0,0,0,0
213,a,,,4.5,460,281.0,0,0.0,0,0.0,0.0,592,224.0,1,0,1.0,456.0,206.0,0,2,0.2,383.0,174.0,0.0,0.2,0.0,7462,28,8154,106,0.2,0.2,0.0,0.0,0.0,0.05,0.0,0.0,0.0,0.5,0.0,701.0,286.0,0.5,455.0,220.0,0.0,677.0,279.0,0.0,701.0,286.0,,,,23,,Jaydon,Banel,Banel,,,9,0,0,0,0,0,0,0,0,0,0,0,0,,,,0.0,0.0,0.0,0.0,0.0,0,0,0
214,i,0.0,0.0,4.4,529,316.0,0,0.0,-1,1.0,0.1,539,192.0,4,0,1.0,447.0,198.0,0,10,0.2,374.0,169.0,0.0,0.9,0.0,11650,11,14791,134,0.0,0.0,0.0,0.0,0.0,0.46,0.0,0.0,0.0,2.18,0.6,480.0,221.0,0.4,458.0,222.0,2.0,427.0,210.0,0.3,479.0,220.0,,,,23,,Mike,Trésor Ndayishimiye,Trésor,Ankle injury - Unknown return date,,19,0,0,0,1,0,0,0,0,0,0,0,2,,,,0.0,0.0,4.74,0.0,9.47,0,0,2
217,a,100.0,100.0,4.9,322,58.0,0,0.0,-1,1.0,0.8,204,33.0,42,5,2.6,245.0,23.0,4,159,1.2,270.0,33.0,0.2,8.6,0.0,435773,2126,426793,958,1.2,1.2,2.25,0.25,2.5,20.13,0.22,0.02,0.24,1.98,171.8,249.0,22.0,107.7,210.0,23.0,161.0,130.0,33.0,43.6,224.0,26.0,,,,23,,Lyle,Foster,Foster,,,917,3,1,3,20,0,0,0,3,0,0,11,54,,,,0.0,0.29,1.96,1.08,5.3,10,18,26
218,a,,,4.2,616,85.0,0,0.0,-3,3.0,1.3,160,25.0,1,0,1.0,439.0,52.0,0,3,0.0,542.0,46.0,0.0,0.2,0.0,177387,5205,300787,3304,0.0,0.0,0.11,0.0,0.11,0.41,1.1,0.0,1.1,4.1,0.2,482.0,59.0,0.3,460.0,57.0,7.0,397.0,54.0,0.8,464.0,54.0,,,2.0,23,,Ashley,Barnes,Barnes,,,9,0,0,0,1,0,0,0,1,0,0,0,1,,,,0.0,0.0,10.0,0.0,10.0,0,0,1
219,u,0.0,0.0,4.4,519,73.0,0,0.0,-1,1.0,0.1,457,64.0,0,0,0.0,650.0,65.0,0,0,0.0,592.0,54.0,0.0,0.0,0.0,4151,0,40187,30,0.0,0.0,0.0,0.0,0.0,0.0,0.0,0.0,0.0,0.0,0.0,641.0,65.0,0.0,638.0,64.0,0.0,612.0,64.0,0.0,642.0,65.0,,,,23,,Michael,Obafemi,Obafemi,has joined Blackpool on loan for the rest of the season.,,0,0,0,0,0,0,0,0,0,0,0,0,0,,,,0.0,0.0,0.0,0.0,0.0,0,0,0
470,a,100.0,100.0,4.0,649,41.0,0,0.0,0,0.0,32.9,7,2.0,73,5,3.2,145.0,14.0,7,327,3.2,106.0,10.0,0.8,18.2,0.0,1524870,26280,1205599,20466,3.2,3.2,0.0,0.03,0.03,47.43,0.0,0.0,0.0,2.06,709.4,3.0,1.0,0.0,538.0,48.0,0.0,502.0,33.0,71.1,112.0,1.0,,,,23,,Martin,Dúbravka,Dúbravka,,,2070,0,0,3,44,0,0,0,0,0,94,23,96,,,,4.09,0.13,1.91,1.0,0.0,0,47,187
676,a,100.0,100.0,5.0,272,166.0,0,0.0,0,0.0,0.1,431,146.0,67,2,3.0,189.0,80.0,5,243,3.0,130.0,57.0,0.6,13.4,0.0,37079,355,30550,579,3.0,3.0,2.08,0.22,2.3,34.62,0.13,0.01,0.14,2.14,302.6,140.0,50.0,111.7,204.0,132.0,166.0,123.0,72.0,57.8,166.0,91.0,,,,23,,Lesley,Ugochukwu,Ugochukwu,,,1456,3,1,3,30,0,0,0,0,1,0,17,149,,,,0.0,0.19,1.85,1.05,9.21,37,43,69
680,a,100.0,100.0,5.2,213,48.0,0,0.0,-3,3.0,0.2,351,57.0,36,2,2.1,310.0,31.0,2,101,3.0,132.0,14.0,0.6,6.9,0.0,44512,741,46204,1068,3.0,3.0,2.03,0.12,2.15,20.05,0.24,0.01,0.25,2.35,96.2,326.0,32.0,59.3,299.0,31.0,192.0,107.0,28.0,34.4,274.0,33.0,,,,23,,Armando,Broja,Broja,,,767,1,1,1,24,0,0,0,0,0,0,8,41,,,,0.0,0.12,2.82,0.94,4.81,6,11,24
722,a,,,5.0,250,153.0,0,0.0,0,0.0,0.0,593,225.0,61,4,3.2,157.0,65.0,0,255,3.8,70.0,29.0,0.8,12.2,0.0,12946,219,10376,201,3.8,3.8,0.55,0.35,0.9,34.19,0.03,0.02,0.05,2.09,303.0,139.0,49.0,160.4,153.0,105.0,42.0,309.0,160.0,50.8,195.0,103.0,,,,23,,Florentino Ibrain,Morris Luís,Florentino,,,1470,0,2,2,31,0,0,0,3,0,0,17,220,,,,0.0,0.12,1.9,1.04,13.47,70,72,78
784,a,,,4.5,508,315.0,0,0.0,0,0.0,0.0,791,350.0,0,0,0.0,738.0,314.0,0,0,0.0,690.0,284.0,0.0,0.0,0.0,194,14,104,10,0.0,0.0,0.0,0.0,0.0,0.0,0.0,0.0,0.0,0.0,0.0,738.0,314.0,0.0,733.0,314.0,0.0,716.0,309.0,0.0,737.0,313.0,,,,23,,George,Brierley,Brierley,,,0,0,0,0,0,0,0,0,0,0,0,0,0,,,,0.0,0.0,0.0,0.0,0.0,0,0,0
66,u,0.0,0.0,4.5,401,21.0,0,0.0,0,0.0,0.1,552,77.0,0,0,0.0,672.0,89.0,0,0,0.0,617.0,86.0,0.0,0.0,0.0,0,0,16314,33,0.0,0.0,0.0,0.0,0.0,0.0,0.0,0.0,0.0,0.0,0.0,667.0,89.0,0.0,662.0,82.0,0.0,638.0,70.0,0.0,668.0,89.0,,,,23,,Norberto,Murara Neto,Neto,Has joined Botafogo permanently.,,0,0,0,0,0,0,0,0,0,0,0,0,0,,,,0.0,0.0,0.0,0.0,0.0,0,0,0
67,a,,,4.5,429,24.0,0,0.0,0,0.0,4.3,81,14.0,60,1,2.6,242.0,22.0,1,244,1.2,267.0,21.0,0.3,13.3,0.0,794310,5296,669034,9745,1.2,0.7,0.0,0.0,0.0,33.34,0.0,0.0,0.0,1.45,477.6,39.0,11.0,0.0,678.0,85.0,0.0,656.0,73.0,48.0,207.0,11.0,,,,23,,Đorđe,Petrović,Petrović,,,2070,0,0,5,43,1,0,0,2,0,65,23,98,,,,2.83,0.22,1.87,1.0,0.0,0,45,182
68,i,0.0,0.0,4.0,667,50.0,0,0.0,0,0.0,0.8,200,26.0,0,0,0.0,570.0,68.0,0,0,0.0,492.0,62.0,0.0,0.0,0.0,47143,43,78324,1005,0.0,0.0,0.0,0.0,0.0,0.0,0.0,0.0,0.0,0.0,0.0,561.0,68.0,0.0,554.0,57.0,0.0,519.0,42.0,0.0,561.0,68.0,,,,23,,Will,Dennis,Dennis,Ankle injury - Unknown return date,,0,0,0,0,0,0,0,0,0,0,0,0,0,,,,0.0,0.0,0.0,0.0,0.0,0,0,0
69,a,,,3.9,765,90.0,0,0.0,-1,1.0,0.2,346,49.0,0,0,0.0,549.0,58.0,0,0,0.0,471.0,52.0,0.0,0.0,0.0,17235,333,16086,282,0.0,-0.5,0.0,0.0,0.0,0.0,0.0,0.0,0.0,0.0,0.0,540.0,58.0,0.0,531.0,45.0,0.0,494.0,30.0,0.0,540.0,58.0,,,,23,,Callan,McKenna,McKenna,,,0,0,0,0,0,0,0,0,0,0,0,0,0,,,,0.0,0.0,0.0,0.0,0.0,0,0,0
70,u,0.0,0.0,4.0,682,57.0,0,0.0,0,0.0,0.1,556,78.0,0,0,0.0,582.0,75.0,0,0,0.0,505.0,69.0,0.0,0.0,0.0,1107,0,10168,22,0.0,0.0,0.0,0.0,0.0,0.0,0.0,0.0,0.0,0.0,0.0,573.0,75.0,0.0,566.0,64.0,0.0,531.0,49.0,0.0,573.0,75.0,,,,23,,Alex,Paulsen,Paulsen,Has joined Lechia Gdansk on loan for the rest of the season.,,0,0,0,0,0,0,0,0,0,0,0,0,0,,,,0.0,0.0,0.0,0.0,0.0,0,0,0
71,u,0.0,0.0,5.0,262,42.0,0,0.0,0,0.0,0.0,657,228.0,0,0,0.0,769.0,260.0,0,0,0.0,741.0,257.0,0.0,0.0,0.0,0,0,8168,5,0.0,0.0,0.0,0.0,0.0,0.0,0.0,0.0,0.0,0.0,0.0,769.0,260.0,0.0,767.0,260.0,0.0,759.0,259.0,0.0,768.0,260.0,,,,23,,Illia,Zabarnyi,Zabarnyi,Has joined Paris Saint-Germain permanently.,,0,0,0,0,0,0,0,0,0,0,0,0,0,,,,0.0,0.0,0.0,0.0,0.0,0,0,0
72,a,100.0,100.0,4.8,359,61.0,0,0.0,3,-3.0,13.9,28,9.0,94,3,4.3,47.0,20.0,6,297,3.2,111.0,42.0,0.7,19.6,0.0,4218351,43524,2790723,30545,3.2,2.7,0.88,3.69,4.57,31.39,0.04,0.17,0.21,1.46,735.4,2.0,1.0,274.7,80.0,20.0,115.0,193.0,45.0,112.6,34.0,1.0,,,,23,,Marcos,Senesi Barón,Senesi,,,1938,0,4,5,42,0,0,0,7,0,0,22,324,,,,0.0,0.23,1.95,1.02,13.05,41,240,92
73,a,100.0,100.0,4.4,509,97.0,0,0.0,-1,1.0,0.2,385,139.0,21,1,1.8,344.0,133.0,0,47,0.4,340.0,125.0,0.1,4.8,0.0,23119,264,39145,188,0.4,-0.1,0.0,0.11,0.11,11.16,0.0,0.02,0.02,1.59,67.8,364.0,139.0,29.3,355.0,126.0,18.0,362.0,126.0,11.5,383.0,137.0,,,,23,,Adam,Smith,Smith,,,631,0,1,2,15,0,0,0,2,0,0,9,37,,,,0.0,0.29,2.14,1.28,4.85,4,30,15
80,i,0.0,0.0,4.0,701,189.0,0,0.0,0,0.0,0.2,356,130.0,3,0,1.0,436.0,161.0,0,2,0.0,522.0,211.0,0.0,0.8,0.0,17161,16,29594,733,0.0,0.0,0.0,0.0,0.0,1.62,0.0,0.0,0.0,4.29,1.8,470.0,169.0,2.5,436.0,160.0,2.0,422.0,159.0,0.6,469.0,167.0,,,,23,,Julio,Soler Barreto,Soler,Knock - Unknown return date,,34,0,0,0,2,0,0,0,0,0,0,0,1,,,,0.0,0.0,5.29,0.0,2.65,1,0,4
85,i,0.0,0.0,4.9,298,185.0,0,0.0,-1,1.0,0.3,330,112.0,50,0,3.3,141.0,61.0,3,245,0.0,711.0,298.0,0.0,10.2,0.0,76780,18,90861,339,0.0,0.0,0.56,0.32,0.88,17.78,0.04,0.02,0.06,1.34,266.2,173.0,69.0,74.0,266.0,159.0,105.0,210.0,116.0,44.7,220.0,109.0,,,,23,,Tyler,Adams,Adams,Knee injury - Expected back 21 Feb,,1196,2,1,4,23,0,0,0,5,0,0,15,146,,,,0.0,0.3,1.73,1.13,10.99,35,50,61
86,i,0.0,0.0,5.0,243,149.0,0,0.0,0,0.0,0.2,379,129.0,43,0,2.3,282.0,120.0,4,169,3.2,115.0,52.0,0.6,8.6,0.0,70080,19,74577,995,0.0,0.0,4.41,2.79,7.2,13.34,0.43,0.27,0.7,1.29,191.6,236.0,99.0,297.7,65.0,52.0,379.0,32.0,18.0,85.4,72.0,46.0,5.0,3.0,,23,,David,Brooks,Brooks,Ankle injury - Unknown return date,,932,1,2,4,17,0,0,0,6,0,0,11,72,,,,0.0,0.39,1.64,1.06,6.95,15,14,43
90,a,100.0,100.0,5.0,271,165.0,0,0.0,0,0.0,0.3,320,106.0,71,5,3.1,172.0,73.0,3,321,3.4,97.0,43.0,0.7,14.2,0.0,76158,5361,60491,841,3.4,2.9,1.47,1.19,2.66,25.71,0.08,0.07,0.15,1.46,287.8,154.0,59.0,211.8,114.0,81.0,144.0,149.0,87.0,63.9,139.0,77.0,1.0,,,23,,Alex,Scott,Scott,,,1588,1,2,5,31,0,0,0,2,0,0,20,202,,,,0.0,0.28,1.76,1.13,11.45,31,76,95
91,u,0.0,0.0,5.0,252,154.0,0,0.0,0,0.0,0.0,720,307.0,0,0,0.0,765.0,332.0,0,0,0.0,736.0,315.0,0.0,0.0,0.0,396,0,3875,1,0.0,0.0,0.0,0.0,0.0,0.0,0.0,0.0,0.0,0.0,0.0,765.0,332.0,0.0,762.0,332.0,0.0,755.0,329.0,0.0,764.0,331.0,,,,23,,Luis,Sinisterra Lucumí,Sinisterra,Has joined Cruzeiro on loan for the rest of the season.,,0,0,0,0,0,0,0,0,0,0,0,0,0,,,,0.0,0.0,0.0,0.0,0.0,0,0,0
93,u,0.0,0.0,4.5,420,252.0,0,0.0,0,0.0,0.3,324,110.0,4,0,4.0,66.0,29.0,0,12,0.0,627.0,232.0,0.0,0.9,0.0,114900,0,164483,132,0.0,0.0,0.0,0.0,0.0,0.4,0.0,0.0,0.0,2.25,21.2,426.0,188.0,10.0,405.0,200.0,0.0,649.0,255.0,3.1,441.0,200.0,,,,23,,Hamed,Traorè,H.Traorè,has joined Marseille on loan for the rest of the season.,,16,0,1,0,2,0,0,0,0,0,0,0,4,,,,0.0,0.0,11.25,0.0,22.5,1,1,2
94,u,0.0,0.0,4.5,459,280.0,0,0.0,0,0.0,0.0,635,256.0,0,0,0.0,704.0,289.0,0,0,0.0,654.0,257.0,0.0,0.0,0.0,3895,0,8120,10,0.0,0.0,0.0,0.0,0.0,0.0,0.0,0.0,0.0,0.0,0.0,700.0,285.0,0.0,697.0,287.0,0.0,676.0,278.0,0.0,700.0,285.0,,,,23,,Dominic,Sadi,Sadi,has joined Novi Pazar on loan for the rest of the season.,,0,0,0,0,0,0,0,0,0,0,0,0,0,,,,0.0,0.0,0.0,0.0,0.0,0,0,0
95,u,0.0,0.0,4.4,543,325.0,0,0.0,-1,1.0,0.1,561,206.0,0,0,0.0,659.0,256.0,0,0,0.0,602.0,219.0,0.0,0.0,0.0,15405,0,21265,34,0.0,0.0,0.0,0.0,0.0,0.0,0.0,0.0,0.0,0.0,0.0,651.0,248.0,0.0,648.0,253.0,0.0,622.0,241.0,0.0,652.0,249.0,,,,23,,Zain,Silcott-Duberry,Silcott-Duberry,has joined Olympiakos permanently.,,0,0,0,0,0,0,0,0,0,0,0,0,0,,,,0.0,0.0,0.0,0.0,0.0,0,0,0
96,u,0.0,0.0,4.5,488,301.0,0,0.0,0,0.0,0.0,633,254.0,1,0,1.0,462.0,212.0,0,3,0.0,677.0,273.0,0.0,0.2,0.0,2964,0,9910,4,0.0,0.0,0.0,0.0,0.0,0.31,0.0,0.0,0.0,4.65,0.0,725.0,303.0,0.0,720.0,303.0,0.0,702.0,297.0,0.0,724.0,302.0,,,,23,,Ben,Winterburn,Winterburn,has joined Barnet on loan for the rest of the season.,,6,0,0,0,2,0,0,0,0,0,0,0,0,,,,0.0,0.0,30.0,0.0,0.0,0,0,0
97,a,100.0,100.0,7.0,40,16.0,0,0.0,0,0.0,2.4,117,19.0,72,8,3.4,137.0,11.0,5,256,5.0,30.0,6.0,0.7,10.3,0.0,819059,97655,801079,8088,5.0,4.5,6.66,0.79,7.45,21.28,0.38,0.04,0.42,1.21,226.2,197.0,15.0,232.1,100.0,4.0,512.0,14.0,8.0,96.7,55.0,11.0,,,,23,,Francisco Evanilson,de Lima Barbosa,Evanilson,,,1586,5,3,5,31,0,0,0,1,0,0,18,68,,,,0.0,0.28,1.76,1.02,3.86,6,18,44
98,a,100.0,75.0,5.4,160,40.0,0,0.0,-1,1.0,0.0,614,79.0,14,1,1.4,406.0,46.0,1,43,0.8,314.0,38.0,0.1,2.6,0.0,10727,318,9008,159,0.8,0.2,0.96,0.05,1.01,1.89,0.77,0.04,0.81,1.52,38.0,402.0,44.0,4.1,430.0,55.0,53.0,291.0,49.0,9.2,403.0,49.0,,,,23,,Enes,Ünal,Enes Ünal,,,112,1,0,0,2,0,0,0,1,0,0,0,5,,,,0.0,0.0,1.61,0.0,4.02,0,2,3
99,u,0.0,0.0,4.4,557,80.0,0,0.0,-1,1.0,0.1,419,61.0,0,0,0.0,669.0,72.0,0,0,0.0,613.0,61.0,0.0,0.0,0.0,22144,0,43841,64,0.0,0.0,0.0,0.0,0.0,0.0,0.0,0.0,0.0,0.0,0.0,663.0,72.0,0.0,659.0,71.0,0.0,634.0,71.0,0.0,664.0,72.0,,,,23,,Daniel,Adu-Adjei,Adu-Adjei,has joined HNK Rijeka permanently.,,0,0,0,0,0,0,0,0,0,0,0,0,0,,,,0.0,0.0,0.0,0.0,0.0,0,0,0
100,a,,,4.6,399,63.0,0,0.0,1,-1.0,5.0,76,13.0,57,1,3.2,151.0,13.0,6,263,3.0,126.0,13.0,0.7,12.4,0.0,1297983,67437,834674,20979,3.0,2.5,3.64,0.23,3.87,11.31,0.46,0.03,0.49,1.44,277.0,161.0,13.0,99.8,222.0,24.0,274.0,63.0,22.0,65.1,132.0,17.0,,,,23,,Junior,Kroupi,Kroupi.Jr,,,705,7,0,3,16,0,0,0,3,0,0,9,51,,,,0.0,0.38,2.04,1.15,6.51,5,22,24
391,i,0.0,0.0,4.8,368,230.0,0,0.0,-2,2.0,0.0,630,251.0,7,0,1.8,350.0,154.0,0,22,0.0,705.0,293.0,0.0,1.5,0.0,4572,4,7938,17,0.0,0.0,0.09,0.09,0.18,2.66,0.15,0.15,0.3,4.52,21.2,427.0,189.0,14.0,390.0,194.0,11.0,378.0,191.0,4.7,431.0,194.0,,,,23,,Ben,Gannon-Doak,Gannon-Doak,Hamstring injury - Unknown return date,,53,0,1,0,1,0,0,0,0,0,0,0,3,,,,0.0,0.0,1.7,0.0,5.09,2,1,0
685,a,100.0,100.0,4.2,627,148.0,-1,1.0,-3,3.0,0.3,311,116.0,45,0,2.6,238.0,94.0,2,161,0.4,335.0,122.0,0.1,10.7,0.0,95335,300,90170,619,0.4,-0.1,0.02,0.19,0.21,22.29,0.0,0.01,0.01,1.57,267.0,171.0,71.0,54.3,308.0,102.0,22.0,350.0,117.0,34.4,273.0,91.0,,,,23,,Bafodé,Diakité,Diakité,,,1274,0,0,4,27,0,0,0,1,0,0,15,147,,,,0.0,0.28,1.91,1.06,8.27,20,97,48
697,a,,,5.4,175,108.0,0,0.0,-1,1.0,0.1,468,160.0,38,10,2.0,325.0,145.0,1,138,3.6,89.0,40.0,0.7,7.0,0.0,16475,7452,8709,676,3.6,3.1,1.38,0.49,1.87,9.72,0.21,0.07,0.28,1.47,166.4,253.0,108.0,96.3,226.0,138.0,160.0,131.0,76.0,41.6,237.0,117.0,,6.0,,23,,Amine,Adli,Adli,,,597,2,1,1,12,0,0,0,1,0,0,5,78,,,,0.0,0.15,1.81,0.75,11.76,24,19,35
713,a,,,4.5,461,92.0,0,0.0,0,0.0,0.1,449,165.0,40,7,2.1,305.0,117.0,0,133,2.6,155.0,58.0,0.6,8.9,0.0,21220,5861,10789,871,2.6,2.1,0.9,0.75,1.65,24.3,0.06,0.05,0.11,1.65,236.8,189.0,77.0,119.4,198.0,50.0,136.0,160.0,32.0,49.2,202.0,65.0,,,,23,,Álex,Jiménez Sánchez,A.Jimenez,,,1327,1,2,2,30,0,0,0,5,0,0,15,96,,,,0.0,0.14,2.03,1.02,5.49,33,48,65
721,a,100.0,100.0,4.4,560,120.0,0,0.0,-1,1.0,0.0,652,227.0,19,0,2.7,226.0,88.0,0,63,0.4,343.0,128.0,0.1,4.3,0.0,5891,33,5541,27,0.4,-0.1,0.15,0.19,0.34,4.42,0.04,0.05,0.09,1.08,98.4,323.0,126.0,13.9,391.0,143.0,10.0,381.0,138.0,12.2,379.0,134.0,,,,23,,Veljko,Milosavljevic,Milosavljević,,,367,0,0,1,6,0,0,0,0,0,0,4,42,,,,0.0,0.25,1.47,0.98,9.56,5,34,13
782,a,,,4.0,648,40.0,0,0.0,0,0.0,0.0,714,82.0,0,0,0.0,555.0,60.0,0,0,0.0,477.0,54.0,0.0,0.0,0.0,1163,159,241,56,0.0,-0.5,0.0,0.0,0.0,0.0,0.0,0.0,0.0,0.0,0.0,546.0,60.0,0.0,537.0,47.0,0.0,501.0,32.0,0.0,546.0,60.0,,,,23,,Fraser,Forster,Forster,,,0,0,0,0,0,0,0,0,0,0,0,0,0,,,,0.0,0.0,0.0,0.0,0.0,0,0,0
799,a,,,4.5,504,311.0,0,0.0,0,0.0,0.0,800,358.0,0,0,0.0,735.0,311.0,0,0,0.0,687.0,281.0,0.0,0.0,0.0,81,25,14,10,0.0,-0.5,0.0,0.0,0.0,0.0,0.0,0.0,0.0,0.0,0.0,735.0,311.0,0.0,730.0,311.0,0.0,712.0,305.0,0.0,734.0,310.0,,,,23,,Charlie,Stevens,Stevens,,,0,0,0,0,0,0,0,0,0,0,0,0,0,,,,0.0,0.0,0.0,0.0,0.0,0,0,0
801,a,,,5.0,280,173.0,0,0.0,0,0.0,0.0,759,329.0,1,1,1.0,475.0,222.0,0,3,1.0,292.0,131.0,0.2,0.2,0.0,506,173,37,28,1.8,1.3,0.0,0.0,0.0,0.14,0.0,0.0,0.0,2.52,0.2,485.0,223.0,0.1,471.0,228.0,0.0,768.0,339.0,0.0,776.0,341.0,,,,23,,Alex,Tóth,Tóth.A,,,5,0,0,0,0,0,0,0,0,0,0,0,0,,,,0.0,0.0,0.0,0.0,0.0,0,0,0
27,a,100.0,100.0,4.8,355,223.0,0,0.0,-2,2.0,0.1,477,165.0,6,0,1.0,466.0,216.0,0,19,0.4,348.0,155.0,0.1,1.2,0.0,9836,73,17258,111,0.4,0.4,0.61,0.07,0.68,1.21,1.1,0.13,1.23,2.18,16.4,433.0,194.0,4.0,431.0,208.0,16.0,368.0,186.0,3.4,440.0,199.0,,,,23,,Reiss,Nelson,Nelson,,,50,0,0,0,1,0,0,0,0,0,0,0,17,,,,0.0,0.0,1.8,0.0,30.6,2,3,12
83,a,100.0,100.0,5.8,111,70.0,0,0.0,-2,2.0,0.3,299,101.0,66,1,3.9,82.0,36.0,6,179,0.4,355.0,158.0,0.1,11.4,0.0,452904,520,444019,1032,0.4,0.4,4.5,1.07,5.57,14.83,0.36,0.09,0.45,1.18,200.6,222.0,94.0,134.8,178.0,119.0,354.0,37.0,22.0,68.4,119.0,66.0,2.0,,,23,,Dango,Ouattara,O.Dango,,,1127,3,4,3,16,0,0,0,3,0,0,12,108,,,,0.0,0.24,1.28,0.96,8.62,13,45,50
101,a,100.0,100.0,4.6,392,19.0,0,0.0,1,-1.0,10.1,43,6.0,83,1,3.6,110.0,10.0,3,317,4.6,40.0,2.0,1.0,18.0,0.0,881903,17129,859907,22018,4.6,4.6,0.0,0.04,0.04,31.09,0.0,0.0,0.0,1.35,528.0,22.0,6.0,20.0,378.0,4.0,0.0,718.0,76.0,54.9,175.0,7.0,,,,23,,Caoimhín,Kelleher,Kelleher,,,2070,0,0,5,32,0,3,0,1,0,61,23,95,,,,2.65,0.22,1.39,1.0,0.0,1,28,177
102,a,,,3.9,740,77.0,0,0.0,-1,1.0,0.3,334,45.0,0,0,0.0,529.0,45.0,0,0,0.0,451.0,39.0,0.0,0.0,0.0,14597,125,22248,194,0.0,0.0,0.0,0.0,0.0,0.0,0.0,0.0,0.0,0.0,0.0,520.0,45.0,0.0,511.0,32.0,0.0,474.0,17.0,0.0,520.0,45.0,,,,23,,Ellery,Balcombe,Balcombe,,,0,0,0,0,0,0,0,0,0,0,0,0,0,,,,0.0,0.0,0.0,0.0,0.0,0,0,0
103,u,0.0,0.0,3.9,757,85.0,0,0.0,-1,1.0,0.2,402,61.0,0,0,0.0,541.0,53.0,0,0,0.0,463.0,47.0,0.0,0.0,0.0,11791,0,12366,380,0.0,0.0,0.0,0.0,0.0,0.0,0.0,0.0,0.0,0.0,0.0,532.0,53.0,0.0,523.0,40.0,0.0,486.0,25.0,0.0,532.0,53.0,,,,23,,Matthew,Cox,Cox,has joined Shrewsbury Town on loan for the rest of the season.,,0,0,0,0,0,0,0,0,0,0,0,0,0,,,,0.0,0.0,0.0,0.0,0.0,0,0,0
104,a,,,3.9,761,87.0,0,0.0,-1,1.0,0.1,443,67.0,0,0,0.0,545.0,55.0,0,0,0.0,467.0,49.0,0.0,0.0,0.0,12493,49,9055,179,0.0,0.0,0.0,0.0,0.0,0.0,0.0,0.0,0.0,0.0,0.0,536.0,55.0,0.0,527.0,42.0,0.0,490.0,27.0,0.0,536.0,55.0,,,,23,,Julian,Eyestone,Eyestone,,,0,0,0,0,0,0,0,0,0,0,0,0,0,,,,0.0,0.0,0.0,0.0,0.0,0,0,0
106,a,,,5.0,257,40.0,0,0.0,0,0.0,3.9,90,32.0,91,1,4.0,69.0,29.0,7,311,6.8,4.0,2.0,1.4,18.2,0.0,571799,10525,275953,30549,6.8,6.8,1.42,0.88,2.3,30.02,0.06,0.04,0.1,1.35,636.2,8.0,4.0,103.9,218.0,59.0,235.0,76.0,5.0,97.7,53.0,8.0,,,,23,,Nathan,Collins,Collins,,,1996,1,2,5,31,1,0,0,4,0,0,22,262,,,,0.0,0.23,1.4,0.99,10.37,23,207,92
107,a,,,4.9,318,53.0,0,0.0,-1,1.0,2.1,123,47.0,67,1,3.2,155.0,64.0,3,180,2.8,145.0,56.0,0.6,13.7,0.0,402311,979,188001,21499,2.8,2.8,1.32,0.95,2.27,16.19,0.13,0.09,0.22,1.58,172.8,246.0,101.0,150.7,163.0,41.0,152.0,136.0,24.0,47.6,208.0,68.0,,,,23,,Keane,Lewis-Potter,Lewis-Potter,,,921,2,1,6,15,0,0,0,1,0,0,10,53,,,,0.0,0.59,1.47,0.98,3.32,12,22,37
108,d,75.0,100.0,4.4,515,102.0,0,0.0,-1,1.0,0.2,374,136.0,48,1,2.8,211.0,81.0,1,138,4.0,51.0,19.0,0.9,10.9,0.0,23355,235,25320,920,3.0,4.0,0.64,0.57,1.21,16.9,0.05,0.05,0.1,1.39,244.4,185.0,75.0,30.0,353.0,124.0,122.0,181.0,37.0,39.8,250.0,86.0,,,,23,,Kristoffer,Ajer,Ajer,Ankle injury - 75% chance of playing,,1097,0,2,3,18,0,0,0,1,0,0,13,126,,,,0.0,0.25,1.48,1.07,9.76,24,95,32
109,a,,,4.3,572,128.0,0,0.0,-2,2.0,0.2,401,146.0,37,2,1.9,330.0,125.0,0,99,3.2,107.0,39.0,0.7,8.6,0.0,15982,237,17930,434,3.2,3.2,0.17,0.41,0.58,17.15,0.02,0.04,0.06,1.8,90.0,333.0,128.0,38.6,338.0,116.0,24.0,346.0,116.0,15.2,366.0,130.0,,,,23,,Rico,Henry,Henry,,,859,0,1,3,14,0,0,0,2,0,0,8,57,,,,0.0,0.31,1.47,0.84,4.92,12,35,51
110,a,,,4.5,489,95.0,0,0.0,0,0.0,0.7,217,82.0,65,1,2.8,213.0,83.0,6,314,2.8,143.0,54.0,0.6,14.4,0.0,159671,588,104173,3995,2.8,2.8,0.19,2.21,2.4,30.38,0.01,0.1,0.11,1.37,386.6,81.0,36.0,339.9,47.0,6.0,71.0,257.0,74.0,79.9,85.0,19.0,,,,23,,Michael,Kayode,Kayode,,,1998,0,1,5,31,0,0,0,5,0,0,23,188,,,,0.0,0.23,1.4,1.04,6.44,45,98,103
111,a,100.0,100.0,4.2,625,147.0,0,0.0,-3,3.0,0.1,451,167.0,4,0,1.3,409.0,151.0,0,21,0.0,545.0,230.0,0.0,1.0,0.0,10863,96,25095,186,0.0,0.0,0.0,0.06,0.06,3.18,0.0,0.02,0.02,1.26,62.8,369.0,142.0,1.1,447.0,164.0,12.0,375.0,135.0,7.6,412.0,149.0,,,,23,,Ethan,Pinnock,Pinnock,,,228,0,0,0,5,1,0,0,1,0,0,3,33,,,,0.0,0.0,1.97,1.18,11.45,4,25,9
112,u,0.0,0.0,4.5,417,82.0,0,0.0,0,0.0,0.0,693,239.0,0,0,0.0,679.0,253.0,0,0,0.0,625.0,248.0,0.0,0.0,0.0,211,0,3900,3,0.0,0.0,0.0,0.0,0.0,0.0,0.0,0.0,0.0,0.0,0.0,674.0,253.0,0.0,670.0,253.0,0.0,647.0,252.0,0.0,675.0,253.0,,,,23,,Mads,Roerslev Rasmussen,Roerslev,Has joined Southampton permanently.,,0,0,0,0,0,0,0,0,0,0,0,0,0,,,,0.0,0.0,0.0,0.0,0.0,0,0,0
113,a,100.0,100.0,4.5,426,85.0,0,0.0,0,0.0,0.7,211,80.0,53,1,2.9,195.0,76.0,0,201,0.2,380.0,141.0,0.0,11.8,0.0,206122,177,179327,3924,0.2,0.2,1.92,0.21,2.13,22.9,0.11,0.01,0.12,1.3,363.8,94.0,41.0,33.4,346.0,121.0,180.0,114.0,19.0,57.8,164.0,53.0,,,,23,,Sepp,van den Berg,Van den Berg,,,1583,0,0,3,26,0,0,0,1,0,0,17,192,,,,0.0,0.17,1.48,0.97,9.21,12,150,63
116,a,100.0,100.0,4.0,674,171.0,0,0.0,0,0.0,0.5,256,97.0,30,1,2.0,315.0,120.0,0,82,1.0,284.0,104.0,0.2,7.5,0.0,62438,395,62647,1225,1.0,1.0,0.4,0.17,0.57,5.31,0.07,0.03,0.1,0.89,58.8,379.0,146.0,14.2,388.0,142.0,42.0,307.0,98.0,11.3,390.0,140.0,,,,23,,Aaron,Hickey,Hickey,,,537,0,0,2,7,0,0,0,1,0,0,6,39,,,,0.0,0.34,1.17,1.01,5.36,9,23,30
117,u,0.0,0.0,3.9,766,226.0,0,0.0,-1,1.0,0.1,499,179.0,0,0,0.0,550.0,201.0,0,0,0.0,472.0,183.0,0.0,0.0,0.0,4108,0,15322,38,0.0,0.0,0.0,0.0,0.0,0.0,0.0,0.0,0.0,0.0,0.0,541.0,201.0,0.0,532.0,201.0,0.0,495.0,193.0,0.0,541.0,200.0,,,,23,,Kim,Ji-soo,Ji-soo,has joined Kaiserslautern on loan for the rest of the season.,,0,0,0,0,0,0,0,0,0,0,0,0,0,,,,0.0,0.0,0.0,0.0,0.0,0,0,0
118,u,0.0,0.0,4.0,684,177.0,0,0.0,0,0.0,0.0,599,215.0,0,0,0.0,584.0,218.0,0,0,0.0,507.0,201.0,0.0,0.0,0.0,279,0,10879,12,0.0,0.0,0.0,0.0,0.0,0.0,0.0,0.0,0.0,0.0,0.0,575.0,218.0,0.0,568.0,218.0,0.0,533.0,212.0,0.0,575.0,217.0,,,,23,,Jayden,Meghoma,Meghoma,Has joined Rangers on loan for the rest of the season.,,0,0,0,0,0,0,0,0,0,0,0,0,0,,,,0.0,0.0,0.0,0.0,0.0,0,0,0
120,a,100.0,100.0,7.2,35,21.0,1,-1.0,2,-2.0,3.0,106,32.0,88,2,4.0,74.0,31.0,5,301,3.6,92.0,41.0,0.5,12.2,0.0,735465,11842,404304,41561,3.6,3.6,8.45,1.71,10.16,24.69,0.42,0.08,0.5,1.22,432.0,57.0,16.0,293.8,69.0,55.0,607.0,7.0,2.0,133.4,16.0,13.0,,,3.0,23,,Kevin,Schade,Schade,,,1816,6,4,7,22,0,0,1,6,0,0,21,138,,,,0.0,0.35,1.09,1.04,6.84,30,43,65
121,d,75.0,,5.7,119,75.0,0,0.0,-3,3.0,0.5,252,85.0,61,1,3.0,192.0,83.0,3,264,2.0,209.0,92.0,0.4,10.7,0.0,97840,246,159303,2277,1.5,2.0,1.13,3.63,4.76,19.46,0.08,0.26,0.34,1.38,298.4,145.0,53.0,454.8,21.0,20.0,172.0,121.0,71.0,92.6,58.0,38.0,1.0,3.0,,23,,Mikkel,Damsgaard,Damsgaard,Knee injury - 75% chance of playing,,1272,1,3,2,22,0,0,0,0,0,0,15,142,,,,0.0,0.14,1.56,1.06,10.05,35,27,80
124,a,100.0,75.0,5.0,240,148.0,0,0.0,0,0.0,0.4,281,94.0,59,1,2.8,214.0,93.0,5,257,1.0,291.0,130.0,0.2,11.8,0.0,94139,308,92077,1583,1.0,0.8,0.33,2.02,2.35,18.52,0.02,0.13,0.15,1.23,266.2,174.0,70.0,271.3,82.0,60.0,41.0,312.0,162.0,57.8,165.0,90.0,,,,23,,Jordan,Henderson,Henderson,,,1358,1,3,4,21,0,0,0,4,0,0,15,125,,,,0.0,0.27,1.39,0.99,8.28,19,38,68
125,a,100.0,100.0,4.9,300,186.0,0,0.0,-1,1.0,0.3,298,100.0,55,2,3.1,169.0,70.0,3,232,5.2,24.0,9.0,1.1,11.2,0.0,53884,1365,14854,2964,5.2,5.2,0.57,1.77,2.34,14.0,0.05,0.17,0.22,1.34,249.6,180.0,75.0,268.2,83.0,61.0,68.0,262.0,142.0,58.3,162.0,89.0,5.0,,,23,,Vitaly,Janelt,Janelt,,,938,0,4,4,11,0,0,0,4,0,0,9,127,,,,0.0,0.38,1.06,0.86,12.19,21,48,58
126,a,,,4.9,303,188.0,0,0.0,-1,1.0,0.1,507,179.0,45,2,2.1,309.0,136.0,0,211,2.2,190.0,79.0,0.4,9.2,0.0,12913,123,15512,208,2.2,2.2,1.28,2.79,4.07,14.28,0.12,0.27,0.39,1.36,183.8,241.0,101.0,254.6,88.0,65.0,107.0,207.0,113.0,54.4,179.0,96.0,3.0,,5.0,23,,Mathias,Jensen,Jensen,,,944,2,0,4,13,0,0,0,1,0,0,11,86,,,,0.0,0.38,1.24,1.05,8.2,19,21,46
127,u,0.0,0.0,4.9,343,214.0,0,0.0,-1,1.0,0.0,682,285.0,0,0,0.0,761.0,329.0,0,0,0.0,728.0,310.0,0.0,0.0,0.0,1544,0,1962,102,0.0,0.0,0.0,0.0,0.0,0.0,0.0,0.0,0.0,0.0,0.0,761.0,329.0,0.0,757.0,329.0,0.0,748.0,326.0,0.0,760.0,328.0,,,,23,,Gustavo,Nunes Fernandes Gomes,Nunes,has joined Swansea City on loan for the rest of the season.,,0,0,0,0,0,0,0,0,0,0,0,0,0,,,,0.0,0.0,0.0,0.0,0.0,0,0,0
128,a,100.0,100.0,4.8,364,227.0,0,0.0,-2,2.0,0.0,594,226.0,12,0,2.0,319.0,140.0,0,41,0.0,703.0,292.0,0.0,2.5,0.0,5306,39,8482,28,0.0,0.0,0.0,0.36,0.36,2.02,0.0,0.37,0.37,2.07,28.4,414.0,185.0,13.6,392.0,195.0,4.0,416.0,206.0,4.6,433.0,195.0,,,,23,,Frank,Onyeka,Onyeka,,,88,0,2,0,2,0,0,0,0,0,0,0,10,,,,0.0,0.0,2.05,0.0,10.23,2,3,5
129,a,100.0,100.0,5.0,273,167.0,0,0.0,0,0.0,0.1,444,152.0,70,3,3.0,190.0,81.0,0,300,4.2,49.0,21.0,0.8,14.0,0.0,21286,751,15876,435,4.2,4.2,1.19,1.08,2.27,26.47,0.06,0.06,0.12,1.37,291.8,150.0,56.0,195.3,128.0,92.0,108.0,203.0,111.0,59.5,158.0,88.0,,,,23,,Yehor,Yarmoliuk,Yarmoliuk,,,1734,1,2,5,28,0,0,0,5,0,0,21,219,,,,0.0,0.26,1.45,1.09,11.37,47,47,125
130,a,,,4.4,559,334.0,0,0.0,-1,1.0,0.1,478,166.0,1,0,1.0,452.0,203.0,0,4,0.2,378.0,173.0,0.0,0.2,0.0,13076,79,16893,156,0.2,0.2,0.05,0.01,0.06,0.0,4.5,0.9,5.4,0.0,3.0,463.0,213.0,10.5,400.0,198.0,4.0,412.0,204.0,1.8,450.0,204.0,,,,23,,Romelle,Donovan,Donovan,,,1,0,0,0,0,0,0,0,0,0,0,0,1,,,,0.0,0.0,0.0,0.0,90.0,0,0,1
133,u,0.0,0.0,4.4,533,318.0,0,0.0,-1,1.0,0.0,617,240.0,1,0,1.0,448.0,199.0,0,2,0.2,375.0,170.0,0.0,0.2,0.0,3881,0,5950,82,0.0,0.0,0.0,0.0,0.0,0.0,0.0,0.0,0.0,0.0,0.0,645.0,242.0,0.0,642.0,247.0,0.0,616.0,235.0,0.0,646.0,243.0,,,,23,,Myles,Peart-Harris,Peart-Harris,has joined Oxford United permanently.,,1,0,0,0,0,0,0,0,0,0,0,0,0,,,,0.0,0.0,0.0,0.0,0.0,0,0,0
134,u,0.0,0.0,4.5,481,296.0,0,0.0,0,0.0,0.0,763,331.0,0,0,0.0,719.0,299.0,0,0,0.0,670.0,268.0,0.0,0.0,0.0,0,0,934,2,0.0,0.0,0.0,0.0,0.0,0.0,0.0,0.0,0.0,0.0,0.0,718.0,298.0,0.0,713.0,298.0,0.0,695.0,292.0,0.0,717.0,297.0,,,,23,,Ryan,Trevitt,Trevitt,Has joined Wigan on loan for the rest of the season,,0,0,0,0,0,0,0,0,0,0,0,0,0,,,,0.0,0.0,0.0,0.0,0.0,0,0,0
136,a,100.0,100.0,7.2,34,14.0,0,0.0,12,-12.0,37.5,4,2.0,124,2,5.4,9.0,2.0,18,512,7.0,3.0,1.0,1.0,17.2,0.0,7551770,85445,3007085,157485,7.0,7.0,13.19,0.86,14.05,29.81,0.61,0.04,0.65,1.39,690.8,4.0,2.0,201.6,125.0,6.0,786.0,2.0,2.0,167.8,3.0,2.0,,,2.0,23,,Igor Thiago,Nascimento Rodrigues,Thiago,,,1932,16,1,5,30,0,0,1,4,0,0,22,114,,,,0.0,0.23,1.4,1.02,5.31,19,46,49
137,u,0.0,0.0,4.4,545,75.0,0,0.0,-1,1.0,0.3,302,50.0,0,0,0.0,660.0,67.0,0,0,0.0,603.0,56.0,0.0,0.0,0.0,52422,0,78082,481,0.0,0.0,0.0,0.0,0.0,0.0,0.0,0.0,0.0,0.0,0.0,653.0,67.0,0.0,649.0,66.0,0.0,624.0,66.0,0.0,654.0,67.0,,,,23,,Iwan,Morgan,Morgan,has joined Shrewsbury on loan for the rest of the season.,,0,0,0,0,0,0,0,0,0,0,0,0,0,,,,0.0,0.0,0.0,0.0,0.0,0,0,0
748,i,0.0,0.0,4.9,296,183.0,0,0.0,-1,1.0,0.0,789,348.0,0,0,0.0,749.0,320.0,0,0,0.0,710.0,297.0,0.0,0.0,0.0,150,3,187,2,0.0,0.0,0.0,0.0,0.0,0.0,0.0,0.0,0.0,0.0,0.0,749.0,320.0,0.0,745.0,320.0,0.0,735.0,317.0,0.0,748.0,319.0,,,,23,,Josh,Dasilva,Dasilva,Knee injury - Unknown return date,,0,0,0,0,0,0,0,0,0,0,0,0,0,,,,0.0,0.0,0.0,0.0,0.0,0,0,0
797,a,,,4.5,482,67.0,0,0.0,0,0.0,0.0,768,88.0,0,0,0.0,720.0,76.0,0,0,0.0,671.0,65.0,0.0,0.0,0.0,270,101,53,33,0.0,0.0,0.0,0.0,0.0,0.0,0.0,0.0,0.0,0.0,0.0,719.0,76.0,0.0,714.0,75.0,0.0,696.0,75.0,0.0,718.0,76.0,,,,23,,Kaye,Furo,Furo,,,0,0,0,0,0,0,0,0,0,0,0,0,0,,,,0.0,0.0,0.0,0.0,0.0,0,0,0
138,a,,,4.2,617,31.0,0,0.0,-3,3.0,0.2,340,47.0,0,0,0.0,617.0,83.0,0,0,0.0,543.0,77.0,0.0,0.0,0.0,9150,114,37651,181,0.0,0.0,0.0,0.0,0.0,0.0,0.0,0.0,0.0,0.0,0.0,608.0,83.0,0.0,601.0,72.0,0.0,568.0,57.0,0.0,609.0,83.0,,,,23,,Jason,Steele,Steele,,,0,0,0,0,0,0,0,0,0,0,0,0,0,,,,0.0,0.0,0.0,0.0,0.0,0,0,0
142,u,0.0,0.0,4.0,664,48.0,0,0.0,0,0.0,0.0,785,90.0,0,0,0.0,567.0,66.0,0,0,0.0,489.0,60.0,0.0,0.0,0.0,0,0,197,1,0.0,0.0,0.0,0.0,0.0,0.0,0.0,0.0,0.0,0.0,0.0,558.0,66.0,0.0,551.0,55.0,0.0,516.0,40.0,0.0,558.0,66.0,,,,23,,Kjell,Scherpen,Scherpen,Has joined Union SG permanently,,0,0,0,0,0,0,0,0,0,0,0,0,0,,,,0.0,0.0,0.0,0.0,0.0,0,0,0
143,a,,,4.2,623,145.0,0,0.0,-3,3.0,0.1,503,181.0,15,5,3.0,184.0,71.0,2,61,1.2,265.0,99.0,0.3,3.6,0.0,4954,177,11793,72,1.2,1.2,0.05,0.19,0.24,3.49,0.02,0.07,0.09,1.37,68.2,363.0,138.0,37.1,340.0,118.0,12.0,374.0,134.0,11.8,382.0,136.0,,,,23,,Olivier,Boscagli,Boscagli,,,230,0,1,1,2,0,0,0,1,0,0,3,19,,,,0.0,0.39,0.78,1.17,7.43,4,15,15
144,a,,,4.2,637,153.0,0,0.0,-3,3.0,0.1,570,206.0,10,0,2.0,316.0,121.0,0,32,0.0,555.0,234.0,0.0,2.4,0.0,2715,18,7308,34,0.0,0.0,0.0,0.01,0.01,4.52,0.0,0.0,0.0,2.11,42.4,396.0,152.0,3.7,433.0,159.0,2.0,423.0,160.0,4.8,429.0,156.0,,,,23,,Diego,Coppola,Coppola,,,193,0,0,1,3,0,0,0,2,0,0,2,19,,,,0.0,0.47,1.4,0.93,8.39,2,16,6
145,a,100.0,100.0,4.3,581,135.0,0,0.0,-2,2.0,2.0,132,51.0,50,1,2.6,240.0,95.0,6,187,0.6,319.0,117.0,0.1,11.6,0.0,243654,640,673699,6966,0.6,0.6,1.34,1.98,3.32,18.77,0.12,0.18,0.3,1.73,199.4,225.0,90.0,299.0,64.0,12.0,118.0,190.0,42.0,61.7,148.0,47.0,3.0,6.0,,23,,Maxim,De Cuyper,De Cuyper,,,977,2,0,3,17,0,0,0,2,0,0,12,68,,,,0.0,0.28,1.57,1.11,4.05,16,28,46
146,a,100.0,100.0,4.5,402,72.0,0,0.0,0,0.0,0.9,191,73.0,53,3,2.4,268.0,106.0,0,270,3.2,108.0,40.0,0.7,11.8,0.0,132250,1352,179335,1252,3.2,3.2,0.91,0.42,1.33,30.77,0.04,0.02,0.06,1.43,430.2,58.0,27.0,90.6,235.0,67.0,115.0,192.0,44.0,63.8,141.0,45.0,,1.0,,23,,Lewis,Dunk,Dunk,,,1935,0,1,4,30,0,0,0,8,0,0,21,202,,,,0.0,0.19,1.4,0.98,7.44,23,137,93
147,u,0.0,0.0,4.5,412,78.0,0,0.0,0,0.0,0.0,724,247.0,0,0,0.0,676.0,251.0,0,0,0.0,621.0,245.0,0.0,0.0,0.0,0,0,1965,1,0.0,0.0,0.0,0.0,0.0,0.0,0.0,0.0,0.0,0.0,0.0,671.0,251.0,0.0,667.0,251.0,0.0,643.0,249.0,0.0,672.0,251.0,,,,23,,Pervis,Estupiñán Tenorio,Estupiñan,Has joined AC Milan permanently,,0,0,0,0,0,0,0,0,0,0,0,0,0,,,,0.0,0.0,0.0,0.0,0.0,0,0,0
148,a,,,4.4,521,107.0,0,0.0,-1,1.0,0.4,284,107.0,59,1,2.7,225.0,87.0,4,282,3.6,81.0,31.0,0.8,13.4,0.0,65845,1596,48443,1686,3.6,3.6,1.35,2.09,3.44,28.56,0.07,0.11,0.18,1.44,293.2,149.0,62.0,284.7,75.0,16.0,144.0,148.0,28.0,72.5,105.0,32.0,2.0,,,23,,Ferdi,Kadıoğlu,F.Kadıoğlu,,,1780,0,1,5,26,0,0,0,4,0,0,19,127,,,,0.0,0.25,1.31,0.96,4.9,37,60,81
150,u,0.0,0.0,4.4,523,109.0,0,0.0,-1,1.0,0.1,495,178.0,0,0,0.0,651.0,250.0,0,0,0.0,593.0,243.0,0.0,0.0,0.0,2778,0,38365,27,0.0,0.0,0.0,0.0,0.0,0.0,0.0,0.0,0.0,0.0,0.0,642.0,250.0,0.0,639.0,250.0,0.0,613.0,248.0,0.0,643.0,250.0,,,,23,,Tariq,Lamptey,Lamptey,has joined Fiorentina permanently.,,0,0,0,0,0,0,0,0,0,0,0,0,0,,,,0.0,0.0,0.0,0.0,0.0,0,0,0
154,u,0.0,0.0,4.0,666,167.0,0,0.0,0,0.0,0.0,756,257.0,0,0,0.0,569.0,211.0,0,0,0.0,491.0,193.0,0.0,0.0,0.0,0,0,771,0,0.0,0.0,0.0,0.0,0.0,0.0,0.0,0.0,0.0,0.0,0.0,560.0,211.0,0.0,553.0,211.0,0.0,518.0,205.0,0.0,560.0,210.0,,,,23,,Eiran,Cashin,Cashin,has joined Blackburn Rovers on loan for the rest of the season.,,0,0,0,0,0,0,0,0,0,0,0,0,0,,,,0.0,0.0,0.0,0.0,0.0,0,0,0
155,u,0.0,0.0,4.0,706,193.0,0,0.0,0,0.0,0.1,484,174.0,0,0,0.0,602.0,230.0,0,0,0.0,527.0,215.0,0.0,0.0,0.0,3175,0,16360,34,0.0,0.0,0.0,0.0,0.0,0.0,0.0,0.0,0.0,0.0,0.0,593.0,230.0,0.0,586.0,230.0,0.0,552.0,225.0,0.0,593.0,229.0,,,,23,,Jacob,Slater,Slater,has joined Harrogate Town on loan until January.,,0,0,0,0,0,0,0,0,0,0,0,0,0,,,,0.0,0.0,0.0,0.0,0.0,0,0,0
156,a,,,3.8,795,254.0,0,0.0,-2,2.0,0.1,411,150.0,0,0,0.0,512.0,190.0,0,0,0.0,432.0,170.0,0.0,0.0,0.0,9704,169,15433,159,0.0,0.0,0.0,0.0,0.0,0.0,0.0,0.0,0.0,0.0,0.0,503.0,190.0,0.0,493.0,190.0,0.0,455.0,181.0,0.0,503.0,189.0,,,,23,,Charlie,Tasker,Tasker,,,0,0,0,0,0,0,0,0,0,0,0,0,0,,,,0.0,0.0,0.0,0.0,0.0,0,0,0
157,a,100.0,100.0,6.1,82,54.0,0,0.0,-4,4.0,2.1,126,43.0,38,2,2.9,204.0,88.0,2,136,3.2,119.0,53.0,0.5,6.2,0.0,248534,4503,797585,4314,3.2,3.2,1.64,1.5,3.14,13.67,0.16,0.15,0.31,1.33,172.0,248.0,105.0,243.8,93.0,70.0,195.0,104.0,62.0,60.7,153.0,85.0,,,,23,,Mitoma,Kaoru,Mitoma,,,923,2,1,2,12,0,0,0,2,0,0,10,47,,,,0.0,0.2,1.17,0.98,4.58,7,12,28
161,u,0.0,0.0,5.4,173,107.0,0,0.0,-1,1.0,0.0,726,309.0,0,0,0.0,787.0,348.0,0,0,0.0,776.0,343.0,0.0,0.0,0.0,105,0,2938,1,0.0,0.0,0.0,0.0,0.0,0.0,0.0,0.0,0.0,0.0,0.0,787.0,348.0,0.0,786.0,348.0,0.0,782.0,347.0,0.0,787.0,348.0,,,,23,,Julio,Enciso Espínola,Enciso,has joined Strasbourg permanently.,,0,0,0,0,0,0,0,0,0,0,0,0,0,,,,0.0,0.0,0.0,0.0,0.0,0,0,0
162,d,75.0,100.0,5.4,178,111.0,0,0.0,-1,1.0,0.1,551,201.0,35,0,1.9,339.0,149.0,2,114,1.4,259.0,111.0,0.3,6.5,0.0,16453,40,17701,326,1.0,1.4,1.86,0.88,2.74,13.82,0.24,0.11,0.35,1.76,134.4,287.0,129.0,217.1,110.0,78.0,152.0,137.0,80.0,50.0,199.0,105.0,,,,23,,Brajan,Gruda,Gruda,Knock - 75% chance of playing,,708,1,1,2,11,0,0,0,2,0,0,8,58,,,,0.0,0.25,1.4,1.02,7.37,14,4,40
163,a,100.0,100.0,5.1,238,146.0,0,0.0,-4,4.0,0.0,580,216.0,36,0,2.8,216.0,94.0,2,141,1.6,243.0,105.0,0.3,7.1,0.0,8177,106,15524,185,1.6,1.6,0.7,0.34,1.04,15.67,0.1,0.05,0.15,2.15,132.6,289.0,131.0,56.1,305.0,173.0,93.0,227.0,124.0,28.4,301.0,144.0,,,,23,,Jack,Hinshelwood,Hinshelwood,,,655,1,2,1,13,0,0,0,0,0,0,7,65,,,,0.0,0.14,1.79,0.96,8.93,9,23,33
164,u,0.0,0.0,5.5,141,89.0,0,0.0,0,0.0,0.3,296,98.0,12,0,6.0,3.0,1.0,2,36,0.0,783.0,349.0,0.0,2.2,0.0,130744,0,198633,69,0.0,0.0,1.21,0.17,1.38,2.12,0.62,0.09,0.71,1.08,60.8,374.0,164.0,66.6,277.0,162.0,63.0,273.0,146.0,19.0,351.0,167.0,,,,23,,Matt,O'Riley,O'Riley,has joined Marseille on loan for the rest of the season.,,177,1,0,1,2,0,0,0,0,0,0,2,9,,,,0.0,0.51,1.02,1.02,4.58,4,3,2
165,u,0.0,0.0,5.4,179,112.0,0,0.0,-1,1.0,0.0,712,302.0,0,0,0.0,788.0,349.0,0,0,0.0,778.0,345.0,0.0,0.0,0.0,247,0,2221,1,0.0,0.0,0.0,0.0,0.0,0.0,0.0,0.0,0.0,0.0,0.0,788.0,349.0,0.0,787.0,349.0,0.0,783.0,348.0,0.0,788.0,349.0,,,,23,,Abdallah,Sima,Sima,has joined Lens permanently.,,0,0,0,0,0,0,0,0,0,0,0,0,0,,,,0.0,0.0,0.0,0.0,0.0,0,0,0
166,a,100.0,100.0,4.8,369,231.0,0,0.0,-2,2.0,0.6,237,81.0,77,11,3.9,79.0,33.0,6,325,6.4,7.0,3.0,1.3,16.0,0.0,115839,24349,71297,2376,6.4,6.4,2.54,0.95,3.49,23.37,0.14,0.05,0.19,1.31,288.2,153.0,58.0,200.9,126.0,90.0,204.0,96.0,59.0,69.4,116.0,64.0,4.0,5.0,,23,,Yasin,Ayari,Ayari,,,1609,3,2,5,20,0,0,0,0,0,0,17,191,,,,0.0,0.28,1.12,0.95,10.68,41,45,105
167,a,100.0,100.0,4.5,454,275.0,0,0.0,-5,5.0,1.3,161,56.0,30,4,1.7,363.0,160.0,0,120,1.0,287.0,127.0,0.2,6.7,0.0,155540,2030,527464,919,1.0,1.0,0.36,0.24,0.6,13.96,0.03,0.02,0.05,1.26,76.6,350.0,156.0,74.6,263.0,158.0,23.0,348.0,181.0,17.4,357.0,168.0,,,,23,,Carlos,Baleba,Baleba,,,998,0,0,4,14,0,0,0,4,0,0,15,119,,,,0.0,0.36,1.26,1.35,10.73,22,39,58
169,a,100.0,100.0,4.9,337,208.0,0,0.0,-1,1.0,0.2,364,122.0,56,2,2.7,228.0,100.0,5,238,2.2,192.0,81.0,0.4,11.4,0.0,74307,530,61399,1036,2.2,2.2,4.45,1.18,5.63,21.84,0.28,0.08,0.36,1.39,285.6,156.0,60.0,243.2,94.0,71.0,301.0,53.0,32.0,83.0,80.0,48.0,,3.0,,23,,Diego,Gómez Amarilla,Gomez,,,1413,3,0,4,22,0,0,0,5,0,0,17,145,,,,0.0,0.25,1.4,1.08,9.24,51,30,64
170,a,100.0,100.0,4.9,284,176.0,0,0.0,-1,1.0,0.1,467,159.0,21,1,1.6,379.0,168.0,0,86,0.8,310.0,140.0,0.2,4.3,0.0,17053,153,22191,141,0.8,0.8,0.85,0.52,1.37,6.17,0.25,0.15,0.4,1.81,88.8,334.0,147.0,91.6,233.0,143.0,23.0,349.0,182.0,20.2,344.0,165.0,5.0,,1.0,23,,James,Milner,Milner,,,306,1,1,0,10,0,0,0,2,0,0,2,33,,,,0.0,0.0,2.94,0.59,9.71,5,9,19
171,u,0.0,0.0,4.9,326,201.0,0,0.0,-1,1.0,0.0,686,289.0,0,0,0.0,757.0,327.0,0,0,0.0,721.0,305.0,0.0,0.0,0.0,197,1,2935,4,0.0,0.0,0.0,0.0,0.0,0.0,0.0,0.0,0.0,0.0,0.0,757.0,327.0,0.0,753.0,327.0,0.0,744.0,324.0,0.0,756.0,326.0,,,,23,,Jeremy,Sarmiento Morante,Sarmiento,has joined Middlesbrough on loan for the rest of the season.,,0,0,0,0,0,0,0,0,0,0,0,0,0,,,,0.0,0.0,0.0,0.0,0.0,0,0,0
173,i,0.0,0.0,4.9,331,205.0,0,0.0,-1,1.0,0.2,407,137.0,58,0,3.6,113.0,52.0,3,250,0.0,724.0,307.0,0.0,11.8,0.0,79389,5,73328,911,0.0,0.0,1.2,1.47,2.67,16.4,0.09,0.11,0.2,1.25,303.4,138.0,48.0,229.5,101.0,75.0,131.0,170.0,99.0,66.5,123.0,69.0,,,,23,,Mats,Wieffer,Wieffer,Toe Injury - Unknown return date,,1179,0,4,3,17,0,0,0,4,0,0,13,184,,,,0.0,0.23,1.3,0.99,14.05,47,70,67
174,u,0.0,0.0,5.0,279,172.0,0,0.0,0,0.0,0.0,754,326.0,0,0,0.0,776.0,341.0,0,0,0.0,749.0,326.0,0.0,0.0,0.0,0,0,1261,1,0.0,0.0,0.0,0.0,0.0,0.0,0.0,0.0,0.0,0.0,0.0,776.0,341.0,0.0,774.0,341.0,0.0,767.0,338.0,0.0,775.0,340.0,,,,23,,Malick,Yalcouyé,Yalcouye,Has joined Swansea City on loan for the rest of the season.,,0,0,0,0,0,0,0,0,0,0,0,0,0,,,,0.0,0.0,0.0,0.0,0.0,0,0,0
175,a,,,4.4,550,329.0,0,0.0,-1,1.0,0.1,509,181.0,1,0,1.0,450.0,201.0,0,3,0.0,608.0,222.0,0.0,0.2,0.0,10767,54,13574,108,0.0,0.0,0.0,0.0,0.0,0.0,0.0,0.0,0.0,0.0,0.0,658.0,252.0,0.0,654.0,256.0,0.0,629.0,245.0,0.0,659.0,253.0,,,,23,,Joe,Knight,Knight,,,1,0,0,0,0,0,0,0,0,0,0,0,0,,,,0.0,0.0,0.0,0.0,0.0,0,0,0
176,u,0.0,0.0,4.5,458,279.0,0,0.0,0,0.0,0.0,673,279.0,0,0,0.0,703.0,288.0,0,0,0.0,653.0,256.0,0.0,0.0,0.0,1435,0,4542,7,0.0,0.0,0.0,0.0,0.0,0.0,0.0,0.0,0.0,0.0,0.0,699.0,284.0,0.0,696.0,286.0,0.0,675.0,277.0,0.0,699.0,284.0,,,,23,,Adrian,Mazilu,Mazilu,has joined Dinamo Bucharest permanently.,,0,0,0,0,0,0,0,0,0,0,0,0,0,,,,0.0,0.0,0.0,0.0,0.0,0,0,0
179,u,0.0,0.0,5.5,151,37.0,0,0.0,0,0.0,0.0,735,87.0,0,0,0.0,793.0,86.0,0,0,0.0,786.0,82.0,0.0,0.0,0.0,0,0,1552,0,0.0,0.0,0.0,0.0,0.0,0.0,0.0,0.0,0.0,0.0,0.0,793.0,86.0,0.0,792.0,86.0,0.0,789.0,86.0,0.0,793.0,86.0,,,,23,,Evan,Ferguson,Ferguson,Has joined AS Roma on loan for the rest of the season,,0,0,0,0,0,0,0,0,0,0,0,0,0,,,,0.0,0.0,0.0,0.0,0.0,0,0,0
180,i,0.0,0.0,5.2,222,50.0,0,0.0,-3,3.0,0.1,512,71.0,16,0,1.8,354.0,36.0,0,55,0.0,760.0,76.0,0.0,3.1,0.0,12992,21,22682,60,0.0,0.0,0.44,0.11,0.55,2.59,0.3,0.08,0.38,1.77,66.6,367.0,37.0,65.7,280.0,29.0,44.0,305.0,50.0,17.7,356.0,43.0,,,,23,,Stefanos,Tzimas,Tzimas,Knee injury - Expected back 01 Jun,,132,1,1,0,2,0,0,0,0,0,0,1,15,,,,0.0,0.0,1.36,0.68,10.23,3,2,10
225,a,100.0,100.0,5.7,118,11.0,0,0.0,2,-2.0,11.0,41,14.0,96,6,4.4,41.0,18.0,9,398,3.2,117.0,44.0,0.6,16.8,0.0,1923421,44463,1330596,15114,3.2,3.2,0.86,2.29,3.15,24.16,0.05,0.14,0.19,1.43,404.6,71.0,32.0,394.0,34.0,2.0,87.0,235.0,64.0,88.7,66.0,12.0,2.0,2.0,,23,,Reece,James,James,,,1525,2,5,7,16,0,0,0,4,0,0,16,144,,,,0.0,0.41,0.94,0.94,6.2,40,65,80
226,a,100.0,100.0,5.6,128,14.0,0,0.0,6,-6.0,20.9,17,6.0,114,4,5.2,12.0,5.0,7,420,4.0,60.0,24.0,0.7,20.4,0.0,4053167,142180,1769352,24247,4.0,4.0,1.14,0.68,1.82,28.36,0.05,0.03,0.08,1.33,546.8,18.0,7.0,83.0,251.0,75.0,143.0,151.0,29.0,77.2,91.0,23.0,,,,23,,Trevoh,Chalobah,Chalobah,,,1920,3,1,9,24,0,0,0,3,1,0,22,223,,,,0.0,0.42,1.12,1.03,8.95,30,161,85
227,i,0.0,0.0,4.7,384,66.0,0,0.0,-3,3.0,0.1,464,172.0,0,0,0.0,740.0,257.0,0,0,0.0,696.0,252.0,0.0,0.0,0.0,1060,20,30351,28,0.0,0.0,0.0,0.0,0.0,0.0,0.0,0.0,0.0,0.0,0.0,740.0,257.0,0.0,735.0,257.0,0.0,721.0,256.0,0.0,739.0,257.0,,,,23,,Levi,Samuels Colwill,Colwill,Anterior cruciate ligament - Unknown return date,,0,0,0,0,0,0,0,0,0,0,0,0,0,,,,0.0,0.0,0.0,0.0,0.0,0,0,0
228,a,100.0,100.0,4.9,333,55.0,0,0.0,-1,1.0,2.0,133,52.0,74,1,3.7,100.0,35.0,7,286,1.2,272.0,101.0,0.2,15.1,0.0,411888,3628,401223,8498,1.2,1.2,1.23,0.83,2.06,22.24,0.09,0.06,0.15,1.62,281.2,157.0,65.0,203.5,120.0,30.0,118.0,191.0,43.0,60.2,155.0,49.0,,,,23,,Malo,Gusto,Gusto,,,1232,2,2,6,15,0,0,0,1,1,0,13,106,,,,0.0,0.44,1.1,0.95,5.55,31,45,77
229,a,100.0,100.0,4.4,526,112.0,0,0.0,-1,1.0,0.0,622,221.0,7,4,1.0,446.0,165.0,0,42,1.2,266.0,100.0,0.3,1.6,0.0,5150,1192,4814,200,1.2,1.2,0.0,0.05,0.05,6.9,0.0,0.01,0.01,1.46,80.4,344.0,132.0,7.1,419.0,153.0,2.0,426.0,161.0,9.1,404.0,146.0,,,,23,,Benoît,Badiashile Mukinayi,B.Badiashile,,,425,0,0,0,8,0,0,0,2,0,0,5,44,,,,0.0,0.0,1.69,1.06,8.68,6,35,15
233,a,100.0,100.0,3.8,799,258.0,0,0.0,-2,2.0,1.2,169,65.0,31,0,3.4,124.0,46.0,5,93,0.8,303.0,106.0,0.2,8.2,0.0,482983,1323,447897,3272,0.8,0.8,0.6,0.08,0.68,11.93,0.11,0.02,0.13,2.27,109.8,313.0,121.0,25.6,364.0,131.0,64.0,268.0,77.0,20.1,345.0,120.0,,,,23,,Josh,Acheampong,Acheampong,,,473,1,0,2,9,0,0,0,0,0,0,6,48,,,,0.0,0.38,1.71,1.14,6.09,7,25,19
239,a,100.0,100.0,6.0,87,56.0,0,0.0,-5,5.0,0.1,456,154.0,24,1,1.6,382.0,170.0,0,95,0.4,358.0,160.0,0.1,4.0,0.0,16831,130,40335,153,0.4,0.4,0.81,0.94,1.75,8.7,0.16,0.18,0.34,1.7,93.0,329.0,144.0,129.3,181.0,120.0,91.0,228.0,125.0,31.3,288.0,140.0,,,,23,,Jamie,Bynoe-Gittens,Gittens,,,461,0,2,1,6,0,0,0,0,0,0,4,29,,,,0.0,0.2,1.17,0.78,5.66,8,6,15
240,u,0.0,0.0,5.9,96,62.0,0,0.0,-1,1.0,0.1,504,178.0,0,0,0.0,795.0,354.0,0,0,0.0,792.0,354.0,0.0,0.0,0.0,2668,0,23631,15,0.0,0.0,0.0,0.0,0.0,0.0,0.0,0.0,0.0,0.0,0.0,795.0,354.0,0.0,795.0,354.0,0.0,795.0,354.0,0.0,795.0,354.0,,,,23,,Christopher,Nkunku,Nkunku,has joined AC Milan permanently.,,0,0,0,0,0,0,0,0,0,0,0,0,0,,,,0.0,0.0,0.0,0.0,0.0,0,0,0
241,a,100.0,100.0,5.7,122,77.0,0,0.0,2,-2.0,8.0,51,18.0,76,2,4.2,57.0,23.0,9,353,2.4,181.0,78.0,0.4,13.3,0.0,3141657,14488,3050103,13061,2.4,2.4,0.94,1.01,1.95,23.48,0.06,0.06,0.12,1.41,396.0,77.0,23.0,202.6,122.0,87.0,86.0,236.0,128.0,68.2,121.0,67.0,,,,23,,Moisés,Caicedo Corozo,Caicedo,,,1504,3,1,6,20,0,0,0,6,1,0,17,218,,,,0.0,0.36,1.2,1.02,13.05,52,65,101
244,i,0.0,0.0,4.9,338,209.0,0,0.0,-1,1.0,0.0,685,288.0,4,0,1.0,472.0,220.0,0,22,0.0,726.0,308.0,0.0,0.8,0.0,2516,2,4516,12,0.0,0.0,0.0,0.05,0.05,2.79,0.0,0.04,0.04,2.39,9.6,442.0,198.0,7.5,417.0,203.0,2.0,432.0,214.0,1.8,451.0,205.0,,,,23,,Roméo,Lavia,Lavia,Thigh injury - Unknown return date,,105,0,0,0,3,0,0,0,0,0,0,1,11,,,,0.0,0.0,2.57,0.86,9.43,2,5,4
248,u,0.0,0.0,4.5,491,303.0,0,0.0,0,0.0,0.0,760,330.0,0,0,0.0,726.0,304.0,0,0,0.0,678.0,274.0,0.0,0.0,0.0,0,0,945,0,0.0,0.0,0.0,0.0,0.0,0.0,0.0,0.0,0.0,0.0,0.0,726.0,304.0,0.0,721.0,304.0,0.0,703.0,298.0,0.0,725.0,303.0,,,,23,,Kendry,Páez Andrade,Paez,Has joined RC Strasbourg on loan for the rest of the season.,,0,0,0,0,0,0,0,0,0,0,0,0,0,,,,0.0,0.0,0.0,0.0,0.0,0,0,0
249,a,,,7.2,32,12.0,1,-1.0,-3,3.0,30.1,10,3.0,104,12,4.5,34.0,4.0,20,434,4.8,36.0,7.0,0.7,14.4,0.0,4943070,381640,7868184,17137,4.8,4.8,7.19,1.38,8.57,23.57,0.39,0.07,0.46,1.26,464.2,45.0,4.0,344.9,44.0,1.0,509.0,15.0,9.0,131.4,17.0,4.0,,,,23,,João Pedro,Junqueira de Jesus,João Pedro,,,1678,8,4,9,17,0,0,0,2,0,0,20,98,,,,0.0,0.48,0.91,1.07,5.26,16,30,52
250,a,100.0,100.0,6.2,76,25.0,0,0.0,-3,3.0,0.9,187,29.0,26,1,1.9,340.0,35.0,1,87,2.8,149.0,17.0,0.5,4.2,0.0,94956,1741,446227,2042,2.8,2.8,2.47,0.17,2.64,8.92,0.38,0.03,0.41,1.36,54.0,383.0,40.0,47.0,321.0,35.0,225.0,82.0,24.0,32.0,285.0,34.0,,,,23,,Liam,Delap,Delap,,,592,1,1,2,10,0,0,0,2,0,0,8,21,,,,0.0,0.3,1.52,1.22,3.19,1,7,13
251,u,0.0,0.0,6.5,55,19.0,0,0.0,0,0.0,0.1,519,73.0,0,0,0.0,801.0,89.0,0,0,0.0,798.0,86.0,0.0,0.0,0.0,4962,0,15249,9,0.0,0.0,0.0,0.0,0.0,0.0,0.0,0.0,0.0,0.0,0.0,801.0,89.0,0.0,801.0,89.0,0.0,801.0,89.0,0.0,801.0,89.0,,,,23,,Nicolas,Jackson,N.Jackson,has joined Bayern Munich on loan for the rest of the season.,,0,0,0,0,0,0,0,0,0,0,0,0,0,,,,0.0,0.0,0.0,0.0,0.0,0,0,0
252,a,100.0,100.0,4.2,633,86.0,0,0.0,-3,3.0,6.4,59,11.0,12,0,1.3,410.0,48.0,0,19,0.0,551.0,47.0,0.0,2.9,0.0,1137631,5740,2549523,20291,0.0,0.0,1.46,0.29,1.75,5.65,0.53,0.11,0.64,2.06,24.6,420.0,46.0,38.8,337.0,41.0,81.0,241.0,45.0,12.6,377.0,45.0,,,,23,,Marc,Guiu Paz,Marc Guiu,,,247,0,1,0,2,0,0,0,1,0,0,1,7,,,,0.0,0.0,0.73,0.36,2.55,0,4,3
453,a,,,6.4,61,40.0,0,0.0,-1,1.0,0.6,241,82.0,40,0,2.9,205.0,89.0,2,141,1.0,300.0,138.0,0.2,6.2,0.0,227064,1984,203554,3464,1.0,1.0,2.49,2.51,5.0,15.3,0.27,0.28,0.55,1.69,136.2,284.0,127.0,232.1,99.0,74.0,265.0,68.0,44.0,62.4,146.0,80.0,,,,23,,Alejandro,Garnacho Ferreyra,Garnacho,,,815,1,3,4,10,0,0,0,1,0,0,11,43,,,,0.0,0.44,1.1,1.21,4.75,7,6,30
672,a,100.0,100.0,4.6,398,71.0,0,0.0,-4,4.0,0.2,397,144.0,7,1,0.9,486.0,169.0,0,18,0.8,309.0,112.0,0.2,1.5,0.0,12315,126,36947,162,0.8,0.8,0.22,0.05,0.27,4.47,0.07,0.02,0.09,1.49,53.0,384.0,148.0,28.6,357.0,127.0,17.0,367.0,130.0,9.8,395.0,141.0,,,,23,,Jorrel,Hato,Hato,,,270,0,0,0,5,0,0,0,2,0,0,2,30,,,,0.0,0.0,1.67,0.67,8.33,7,18,9
789,a,,,4.0,691,61.0,0,0.0,0,0.0,0.0,769,87.0,0,0,0.0,589.0,79.0,0,0,0.0,512.0,73.0,0.0,0.0,0.0,227,23,101,13,0.0,0.0,0.0,0.0,0.0,0.0,0.0,0.0,0.0,0.0,0.0,580.0,79.0,0.0,573.0,68.0,0.0,538.0,53.0,0.0,580.0,79.0,,,,23,,Max,Merrick,Merrick,,,0,0,0,0,0,0,0,0,0,0,0,0,0,,,,0.0,0.0,0.0,0.0,0.0,0,0,0
803,a,,,4.0,685,58.0,0,0.0,0,0.0,0.0,805,92.0,0,0,0.0,585.0,76.0,0,0,0.0,508.0,70.0,0.0,0.0,0.0,14,14,4,4,1.4,1.4,0.0,0.0,0.0,0.0,0.0,0.0,0.0,0.0,0.0,576.0,76.0,0.0,569.0,65.0,0.0,534.0,50.0,0.0,576.0,76.0,,,,23,,Teddy,Sharman-Lowe,Sharman-Lowe,,,0,0,0,0,0,0,0,0,0,0,0,0,0,,,,0.0,0.0,0.0,0.0,0.0,0,0,0
253,a,,,5.0,245,8.0,0,0.0,0,0.0,7.5,54,8.0,82,1,3.6,114.0,11.0,2,362,3.0,128.0,12.0,0.6,16.4,0.0,838674,3407,795382,17459,3.0,3.0,0.0,0.08,0.08,31.91,0.0,0.0,0.0,1.39,514.6,32.0,9.0,10.0,410.0,11.0,0.0,753.0,85.0,52.4,186.0,8.0,,,,23,,Dean,Henderson,Henderson,,,2070,0,0,8,28,0,0,0,2,0,64,23,80,,,,2.78,0.35,1.22,1.0,0.0,0,32,178
254,a,100.0,100.0,4.0,655,45.0,0,0.0,0,0.0,0.3,315,43.0,0,0,0.0,560.0,64.0,0,0,0.0,482.0,58.0,0.0,0.0,0.0,12784,213,28767,221,0.0,0.0,0.0,0.0,0.0,0.0,0.0,0.0,0.0,0.0,0.0,551.0,64.0,0.0,543.0,52.0,0.0,507.0,37.0,0.0,551.0,64.0,,,,23,,Walter,Benítez,Benitez,,,0,0,0,0,0,0,0,0,0,0,0,0,0,,,,0.0,0.0,0.0,0.0,0.0,0,0,0
255,a,,,3.9,734,74.0,0,0.0,-1,1.0,0.1,471,73.0,0,0,0.0,526.0,42.0,0,0,0.0,448.0,36.0,0.0,0.0,0.0,5350,56,7954,74,0.0,0.0,0.0,0.0,0.0,0.0,0.0,0.0,0.0,0.0,0.0,517.0,42.0,0.0,508.0,29.0,0.0,471.0,14.0,0.0,517.0,42.0,,,,23,,Remi,Matthews,Matthews,,,0,0,0,0,0,0,0,0,0,0,0,0,0,,,,0.0,0.0,0.0,0.0,0.0,0,0,0
256,a,100.0,75.0,5.8,107,9.0,0,0.0,3,-3.0,6.0,66,22.0,90,1,6.0,4.0,2.0,7,294,0.2,408.0,149.0,0.0,15.5,0.0,3217059,27731,3601994,12694,0.2,0.2,1.78,2.01,3.79,19.01,0.12,0.14,0.26,1.28,346.8,100.0,44.0,132.7,179.0,46.0,240.0,73.0,4.0,71.7,110.0,35.0,,,,23,,Daniel,Muñoz Mejía,Muñoz,,,1335,3,3,7,14,0,0,0,4,0,0,15,147,,,,0.0,0.47,0.94,1.01,7.21,33,74,56
257,a,,,5.1,231,33.0,0,0.0,1,-1.0,5.8,69,24.0,100,1,4.3,50.0,22.0,4,376,3.0,131.0,48.0,0.6,19.6,0.0,1388138,11118,876104,29834,3.0,3.0,1.32,0.61,1.93,31.91,0.06,0.03,0.09,1.39,526.8,23.0,9.0,72.6,269.0,83.0,140.0,155.0,31.0,73.9,100.0,29.0,,,,23,,Maxence,Lacroix,Lacroix,,,2070,0,2,8,28,0,0,0,3,0,0,23,269,,,,0.0,0.35,1.22,1.0,10.52,44,198,66
258,a,,,5.0,254,39.0,0,0.0,0,0.0,2.1,127,48.0,85,1,3.7,102.0,36.0,5,303,2.4,175.0,63.0,0.5,17.0,0.0,400977,1557,332893,6467,2.4,2.4,0.86,1.32,2.18,31.91,0.04,0.06,0.1,1.41,415.0,66.0,29.0,285.0,74.0,15.0,142.0,153.0,30.0,84.3,76.0,18.0,,,,23,,Tyrick,Mitchell,Mitchell,,,2038,1,0,8,28,0,0,0,5,0,0,23,212,,,,0.0,0.35,1.24,1.02,7.24,65,99,113
259,a,100.0,100.0,4.8,358,60.0,0,0.0,-2,2.0,0.1,445,163.0,5,1,1.0,467.0,167.0,0,10,0.6,321.0,118.0,0.1,1.0,0.0,9058,107,16542,118,0.6,0.6,0.0,0.06,0.06,0.83,0.0,0.1,0.1,1.41,11.0,437.0,163.0,12.2,394.0,145.0,4.0,415.0,155.0,2.7,445.0,162.0,,,,23,,Borna,Sosa,Sosa,,,53,0,0,0,1,0,0,0,0,0,0,0,8,,,,0.0,0.0,1.7,0.0,11.89,3,4,1
270,a,100.0,100.0,4.7,376,235.0,0,0.0,-3,3.0,0.1,472,161.0,32,1,1.6,377.0,167.0,0,154,2.4,171.0,74.0,0.5,6.8,0.0,18161,201,21937,234,2.4,2.4,0.72,1.08,1.8,15.42,0.07,0.1,0.17,1.43,127.4,290.0,132.0,202.9,121.0,86.0,63.0,272.0,145.0,39.4,253.0,124.0,5.0,,,23,,Will,Hughes,Hughes,,,971,0,1,4,12,0,0,0,4,0,0,11,94,,,,0.0,0.37,1.11,1.02,8.71,17,35,42
271,i,0.0,0.0,5.0,249,152.0,0,0.0,0,0.0,0.1,521,186.0,45,0,3.2,156.0,64.0,0,199,0.0,735.0,314.0,0.0,9.0,0.0,42823,7,42103,132,0.0,0.0,0.9,1.54,2.44,14.31,0.07,0.12,0.19,1.1,141.0,277.0,123.0,164.6,152.0,104.0,110.0,198.0,108.0,41.6,236.0,116.0,2.0,,,23,,Daichi,Kamada,Kamada,Hamstring injury - Expected back 21 Feb,,1166,0,2,6,11,0,0,0,1,0,0,14,126,,,,0.0,0.46,0.85,1.08,9.73,39,23,64
272,a,100.0,100.0,4.9,289,178.0,0,0.0,-1,1.0,0.1,549,199.0,36,1,1.8,351.0,155.0,1,145,1.2,269.0,116.0,0.2,7.3,0.0,7956,98,11041,74,1.2,1.2,0.84,0.73,1.57,12.9,0.08,0.07,0.15,1.25,148.4,269.0,118.0,120.4,195.0,129.0,146.0,146.0,85.0,41.5,238.0,118.0,,,,23,,Jefferson,Lerma Solís,Lerma,,,931,0,2,4,11,0,0,0,5,0,0,9,110,,,,0.0,0.39,1.06,0.87,10.63,11,47,52
273,s,0.0,100.0,5.0,267,162.0,0,0.0,0,0.0,0.7,214,73.0,66,-1,3.1,171.0,72.0,4,330,1.8,225.0,97.0,0.4,13.2,0.0,151754,849,142380,7154,0.0,1.8,0.96,4.72,5.67,27.69,0.05,0.25,0.3,1.44,290.4,152.0,57.0,439.7,23.0,22.0,105.0,211.0,117.0,83.6,77.0,47.0,3.0,,,23,,Adam,Wharton,Wharton,Suspended until 08 Feb,,1726,0,3,6,27,0,0,0,3,1,0,21,206,,,,0.0,0.31,1.41,1.1,10.74,51,47,108
274,a,,,4.3,606,352.0,0,0.0,-2,2.0,0.1,558,204.0,0,0,0.0,639.0,243.0,0,0,0.0,578.0,205.0,0.0,0.0,0.0,5720,192,7535,123,0.0,0.0,0.0,0.0,0.0,0.0,0.0,0.0,0.0,0.0,0.0,630.0,234.0,0.0,627.0,239.0,0.0,599.0,226.0,0.0,631.0,235.0,,,,23,,Asher,Agbinone,Agbinone,,,0,0,0,0,0,0,0,0,0,0,0,0,0,,,,0.0,0.0,0.0,0.0,0.0,0,0,0
275,u,0.0,0.0,4.3,582,339.0,0,0.0,-2,2.0,0.0,602,231.0,0,0,0.0,627.0,233.0,0,0,0.0,565.0,195.0,0.0,0.0,0.0,5497,0,7188,93,0.0,0.0,0.0,0.0,0.0,0.0,0.0,0.0,0.0,0.0,0.0,618.0,224.0,0.0,614.0,229.0,0.0,585.0,215.0,0.0,619.0,225.0,,,,23,,Naouirou,Ahamada,Ahamada,has joined AJ Auxerre permanently.,,0,0,0,0,0,0,0,0,0,0,0,0,0,,,,0.0,0.0,0.0,0.0,0.0,0,0,0
276,a,100.0,100.0,4.3,586,341.0,0,0.0,-2,2.0,1.5,150,49.0,29,0,1.6,374.0,165.0,0,81,1.6,236.0,101.0,0.4,6.7,0.0,259450,3392,273155,6518,1.6,1.6,2.38,0.36,2.74,10.05,0.36,0.05,0.41,1.53,86.6,335.0,148.0,94.5,228.0,140.0,164.0,127.0,74.0,34.5,271.0,133.0,,2.0,,23,,Justin,Devenny,Devenny,,,593,1,0,1,10,0,0,0,0,0,0,5,48,,,,0.0,0.15,1.52,0.76,7.28,16,8,24
277,u,0.0,0.0,4.5,427,256.0,0,0.0,0,0.0,0.0,776,340.0,0,0,0.0,684.0,270.0,0,0,0.0,632.0,236.0,0.0,0.0,0.0,0,0,744,2,0.0,0.0,0.0,0.0,0.0,0.0,0.0,0.0,0.0,0.0,0.0,679.0,265.0,0.0,676.0,268.0,0.0,654.0,259.0,0.0,680.0,266.0,,,,23,,Malcolm,Ebiowei,Ebiowei,Has joined Blackpool permanently.,,0,0,0,0,0,0,0,0,0,0,0,0,0,,,,0.0,0.0,0.0,0.0,0.0,0,0,0
278,a,100.0,100.0,4.4,534,319.0,0,0.0,-1,1.0,0.0,637,258.0,0,0,0.0,654.0,251.0,0,0,0.0,597.0,214.0,0.0,0.0,0.0,4283,26,9308,17,0.0,0.0,0.0,0.0,0.0,0.0,0.0,0.0,0.0,0.0,0.0,646.0,243.0,0.0,643.0,248.0,0.0,617.0,236.0,0.0,647.0,244.0,,,,23,,Jesurun,Rak-Sakyi,J.Rak-Sakyi,,,0,0,0,0,0,0,0,0,0,0,0,0,0,,,,0.0,0.0,0.0,0.0,0.0,0,0,0
279,u,0.0,0.0,4.5,456,277.0,0,0.0,0,0.0,0.0,746,320.0,0,0,0.0,702.0,287.0,0,0,0.0,652.0,255.0,0.0,0.0,0.0,95,0,1634,0,0.0,0.0,0.0,0.0,0.0,0.0,0.0,0.0,0.0,0.0,0.0,698.0,283.0,0.0,695.0,285.0,0.0,674.0,276.0,0.0,698.0,283.0,,,,23,,Matheus,França de Oliveira,M.França,Has joined CR Vasco da Gama on loan for the rest of the season.,,0,0,0,0,0,0,0,0,0,0,0,0,0,,,,0.0,0.0,0.0,0.0,0.0,0,0,0
280,u,0.0,0.0,4.5,452,273.0,0,0.0,0,0.0,0.0,793,352.0,0,0,0.0,700.0,285.0,0,0,0.0,650.0,253.0,0.0,0.0,0.0,0,0,189,0,0.0,0.0,0.0,0.0,0.0,0.0,0.0,0.0,0.0,0.0,0.0,696.0,281.0,0.0,693.0,283.0,0.0,672.0,274.0,0.0,696.0,281.0,,,,23,,David,Ozoh,Ozoh,Has joined Derby County on loan for the rest of the season.,,0,0,0,0,0,0,0,0,0,0,0,0,0,,,,0.0,0.0,0.0,0.0,0.0,0,0,0
281,a,,,4.4,544,326.0,0,0.0,-1,1.0,0.0,587,220.0,1,0,1.0,449.0,200.0,0,2,0.2,376.0,171.0,0.0,0.2,0.0,4759,49,6190,69,0.2,0.2,0.0,0.0,0.0,0.65,0.0,0.0,0.0,19.5,0.0,652.0,249.0,0.1,469.0,227.0,0.0,623.0,242.0,0.0,653.0,250.0,,,,23,,Kaden,Rodney,Rodney,,,3,0,0,0,0,0,0,0,0,0,0,0,0,,,,0.0,0.0,0.0,0.0,0.0,0,0,0
285,u,0.0,0.0,5.0,247,52.0,0,0.0,0,0.0,0.2,360,58.0,1,0,1.0,474.0,56.0,0,6,0.0,734.0,74.0,0.0,0.2,0.0,9044,0,88994,60,0.0,0.0,0.0,0.0,0.0,0.27,0.0,0.0,0.0,12.15,2.0,469.0,54.0,0.0,761.0,83.0,0.0,754.0,83.0,0.2,484.0,59.0,,,,23,,Odsonne,Édouard,Édouard,has joined RC Lens permanently.,,2,0,0,0,0,0,0,0,0,0,0,0,1,,,,0.0,0.0,0.0,0.0,45.0,1,0,0
286,a,,,4.4,551,78.0,0,0.0,-1,1.0,0.3,309,51.0,0,0,0.0,665.0,70.0,0,0,0.0,609.0,59.0,0.0,0.0,0.0,45121,382,53098,455,0.0,0.0,0.0,0.0,0.0,0.0,0.0,0.0,0.0,0.0,0.0,659.0,70.0,0.0,655.0,69.0,0.0,630.0,69.0,0.0,660.0,70.0,,,,23,,Zach,Marsh,Marsh,,,0,0,0,0,0,0,0,0,0,0,0,0,0,,,,0.0,0.0,0.0,0.0,0.0,0,0,0
712,a,100.0,100.0,5.8,110,69.0,0,0.0,-2,2.0,0.2,347,117.0,58,1,2.8,220.0,97.0,3,234,3.4,102.0,46.0,0.6,10.0,0.0,119585,1224,94950,1691,3.4,3.4,3.58,4.52,8.1,20.82,0.22,0.28,0.5,1.28,247.2,182.0,76.0,478.3,19.0,18.0,301.0,54.0,33.0,102.4,43.0,32.0,1.0,1.0,,23,,Yéremy,Pino Santos,Yeremy,,,1462,2,1,6,19,0,0,0,3,0,0,18,118,,,,0.0,0.37,1.17,1.11,7.26,27,22,69
723,a,100.0,100.0,4.5,503,96.0,0,0.0,0,0.0,0.0,642,224.0,27,0,3.0,187.0,73.0,4,71,2.6,156.0,59.0,0.6,6.0,0.0,4246,58,2915,140,2.6,2.6,0.05,0.12,0.17,7.65,0.01,0.03,0.04,1.96,99.0,321.0,125.0,7.1,420.0,154.0,10.0,383.0,139.0,11.5,384.0,138.0,,,,23,,Jaydee,Canvot,Canvot,,,352,0,0,2,6,0,0,0,1,0,0,3,52,,,,0.0,0.51,1.53,0.77,13.3,16,36,13
732,a,,,5.5,154,39.0,0,0.0,0,0.0,0.0,578,76.0,14,1,1.3,420.0,49.0,0,36,0.6,327.0,39.0,0.1,2.5,0.0,11893,202,8632,172,0.6,0.6,0.36,0.01,0.37,4.05,0.28,0.01,0.29,3.2,10.8,438.0,49.0,5.5,425.0,52.0,65.0,267.0,48.0,7.8,411.0,50.0,,,,23,,Christantus,Uche,Uche,,,114,0,1,0,4,0,0,0,0,0,0,0,8,,,,0.0,0.0,3.16,0.0,6.32,1,1,6
762,a,,,4.5,506,313.0,0,0.0,0,0.0,0.0,764,332.0,2,0,1.0,464.0,214.0,0,6,0.2,389.0,179.0,0.0,0.4,0.0,471,12,217,21,0.2,0.2,0.0,0.0,0.0,0.73,0.0,0.0,0.0,9.39,1.4,473.0,219.0,1.0,449.0,217.0,0.0,714.0,307.0,0.3,481.0,222.0,,,,23,,Joél,Drakes-Thomas,Drakes-Thomas,,,7,0,0,0,1,0,0,0,0,0,0,0,3,,,,0.0,0.0,12.86,0.0,38.57,1,0,2
773,a,,,4.0,720,207.0,0,0.0,0,0.0,0.0,742,253.0,0,0,0.0,613.0,241.0,0,0,0.0,538.0,226.0,0.0,0.0,0.0,374,21,234,26,0.0,0.0,0.0,0.0,0.0,0.0,0.0,0.0,0.0,0.0,0.0,604.0,241.0,0.0,597.0,241.0,0.0,564.0,237.0,0.0,605.0,241.0,,,,23,,Dean,Benamar,Benamar,,,0,0,0,0,0,0,0,0,0,0,0,0,0,,,,0.0,0.0,0.0,0.0,0.0,0,0,0
780,a,,,4.5,499,70.0,0,0.0,0,0.0,0.0,721,85.0,0,0,0.0,733.0,79.0,0,0,0.0,685.0,68.0,0.0,0.0,0.0,876,115,297,62,0.0,0.0,0.0,0.0,0.0,0.0,0.0,0.0,0.0,0.0,0.0,733.0,79.0,0.0,728.0,78.0,0.0,710.0,78.0,0.0,732.0,79.0,,,,23,,Ben,Casey,Casey,,,0,0,0,0,0,0,0,0,0,0,0,0,0,,,,0.0,0.0,0.0,0.0,0.0,0,0,0
793,a,,,4.0,708,195.0,0,0.0,0,0.0,0.0,751,255.0,0,0,0.0,604.0,232.0,0,0,0.0,529.0,217.0,0.0,0.0,0.0,323,62,92,34,0.0,0.0,0.0,0.0,0.0,0.0,0.0,0.0,0.0,0.0,0.0,595.0,232.0,0.0,588.0,232.0,0.0,554.0,227.0,0.0,595.0,231.0,,,,23,,George,King,King,,,0,0,0,0,0,0,0,0,0,0,0,0,0,,,,0.0,0.0,0.0,0.0,0.0,0,0,0
798,a,,,4.0,686,178.0,0,0.0,0,0.0,0.0,784,261.0,0,0,0.0,586.0,219.0,0,0,0.0,509.0,202.0,0.0,0.0,0.0,70,19,12,8,0.0,0.0,0.0,0.0,0.0,0.0,0.0,0.0,0.0,0.0,0.0,577.0,219.0,0.0,570.0,219.0,0.0,535.0,213.0,0.0,577.0,218.0,,,,23,,Danny,Imray,Imray,,,0,0,0,0,0,0,0,0,0,0,0,0,0,,,,0.0,0.0,0.0,0.0,0.0,0,0,0
242,a,100.0,75.0,4.9,309,192.0,0,0.0,-1,1.0,2.1,124,42.0,76,1,4.8,20.0,9.0,10,295,0.2,397.0,185.0,0.0,15.5,0.0,1513256,6633,1790628,10080,0.2,0.2,1.59,2.8,4.39,17.72,0.11,0.19,0.3,1.22,293.6,148.0,55.0,323.9,51.0,43.0,189.0,109.0,64.0,80.6,83.0,51.0,2.0,,,23,,Kiernan,Dewsbury-Hall,Dewsbury-Hall,,,1302,4,3,6,16,0,0,0,5,0,0,15,113,,,,0.0,0.41,1.11,1.04,7.81,28,28,57
287,a,,,5.6,126,3.0,0,0.0,1,-1.0,14.0,26,4.0,103,3,4.5,33.0,1.0,11,394,5.4,22.0,1.0,1.0,18.4,0.0,1367770,62439,1041221,18122,5.4,5.4,0.0,0.13,0.13,33.39,0.0,0.01,0.01,1.45,562.2,15.0,4.0,0.1,473.0,16.0,0.0,790.0,90.0,56.2,171.0,5.0,,,,23,,Jordan,Pickford,Pickford,,,2070,0,0,9,26,0,1,0,0,0,65,23,97,,,,2.83,0.39,1.13,1.0,0.0,1,34,199
291,a,,,5.8,102,7.0,0,0.0,3,-3.0,13.9,27,8.0,112,4,4.9,18.0,9.0,6,401,5.4,23.0,9.0,0.9,19.3,0.0,2088058,43859,1167469,37449,5.4,5.4,1.15,1.07,2.22,33.39,0.05,0.05,0.1,1.45,608.4,10.0,5.0,172.5,146.0,36.0,172.0,122.0,21.0,95.6,57.0,9.0,,,,23,,James,Tarkowski,Tarkowski,,,2070,0,1,9,26,0,0,0,4,0,0,23,284,,,,0.0,0.39,1.13,1.0,11.22,34,224,56
292,a,100.0,100.0,4.9,311,51.0,0,0.0,-1,1.0,0.8,203,77.0,64,2,3.2,154.0,63.0,1,228,3.6,86.0,33.0,0.7,13.1,0.0,129505,1551,133173,3299,3.6,3.6,0.28,1.35,1.63,28.35,0.01,0.07,0.08,1.42,319.2,121.0,51.0,217.1,109.0,28.0,57.0,284.0,87.0,59.3,159.0,51.0,,,,23,,Vitalii,Mykolenko,Mykolenko,,,1795,0,0,7,25,0,0,0,4,0,0,20,162,,,,0.0,0.35,1.25,1.0,7.02,27,113,66
293,a,,,4.9,336,56.0,0,0.0,-1,1.0,0.8,201,76.0,80,4,3.5,122.0,45.0,2,271,4.6,41.0,16.0,0.9,16.3,0.0,130266,3267,102918,3477,4.6,4.6,0.6,0.55,1.15,32.57,0.03,0.03,0.06,1.51,362.2,97.0,42.0,173.4,145.0,35.0,94.0,224.0,59.0,63.3,142.0,46.0,,,,23,,Jake,O'Brien,O'Brien,,,1938,0,1,8,25,0,0,0,1,0,0,21,178,,,,0.0,0.37,1.16,0.98,6.97,33,117,74
294,a,100.0,100.0,4.2,618,142.0,0,0.0,-3,3.0,0.1,485,175.0,3,0,1.0,440.0,164.0,0,10,0.0,544.0,229.0,0.0,0.7,0.0,5186,83,16993,34,0.0,0.0,0.0,0.0,0.0,0.24,0.0,0.0,0.0,1.96,0.0,609.0,244.0,0.1,466.0,171.0,0.0,569.0,240.0,0.0,610.0,244.0,,,,23,,Séamus,Coleman,Coleman,,,11,0,0,0,0,0,0,0,0,0,0,1,0,,,,0.0,0.0,0.0,8.18,0.0,0,0,1
295,a,100.0,0.0,4.7,375,63.0,0,0.0,2,-2.0,4.1,85,28.0,96,0,5.1,15.0,6.0,8,276,1.0,288.0,105.0,0.2,20.4,0.0,1313514,8907,860588,21733,1.0,0.0,1.67,0.17,1.84,28.08,0.09,0.01,0.1,1.51,515.4,30.0,13.0,26.0,363.0,130.0,178.0,116.0,20.0,71.8,109.0,34.0,,,,23,,Michael,Keane,Keane,,,1676,3,0,6,25,0,0,0,0,1,0,19,224,,,,0.0,0.32,1.34,1.02,10.42,21,173,55
296,a,100.0,100.0,4.4,527,113.0,0,0.0,-1,1.0,0.0,603,216.0,20,2,4.0,65.0,28.0,0,65,3.8,64.0,25.0,0.9,4.5,0.0,4781,275,4543,186,3.8,3.8,0.03,0.04,0.07,3.55,0.01,0.02,0.03,1.35,61.6,371.0,143.0,6.1,423.0,155.0,17.0,366.0,129.0,8.4,409.0,148.0,,,,23,,Nathan,Patterson,Patterson,,,236,0,0,2,1,0,0,0,0,0,0,3,29,,,,0.0,0.76,0.38,1.14,11.06,9,20,13
298,a,,,3.8,784,243.0,0,0.0,-2,2.0,0.1,421,155.0,0,0,0.0,503.0,181.0,0,0,0.0,422.0,160.0,0.0,0.0,0.0,6653,43,13848,94,0.0,0.0,0.0,0.0,0.0,0.0,0.0,0.0,0.0,0.0,0.0,494.0,181.0,0.0,483.0,180.0,0.0,445.0,171.0,0.0,494.0,180.0,,,,23,,Reece,Welch,Welch,,,0,0,0,0,0,0,0,0,0,0,0,0,0,,,,0.0,0.0,0.0,0.0,0.0,0,0,0
300,a,,,5.5,144,91.0,0,0.0,-5,5.0,0.2,377,128.0,29,1,2.1,312.0,137.0,0,99,3.0,135.0,59.0,0.5,5.3,0.0,29962,439,55640,932,3.0,3.0,0.46,0.68,1.14,12.17,0.07,0.1,0.17,1.78,76.0,352.0,157.0,127.8,185.0,123.0,45.0,303.0,159.0,24.9,318.0,153.0,,,,23,,Dwight,McNeil,McNeil,,,615,0,2,3,4,0,0,0,1,0,0,7,53,,,,0.0,0.44,0.59,1.02,7.76,11,11,31
301,a,100.0,100.0,5.2,217,135.0,0,0.0,-3,3.0,0.1,491,173.0,25,0,1.7,365.0,161.0,0,104,0.0,758.0,334.0,0.0,4.8,0.0,16437,25,28198,192,0.0,0.0,1.04,0.43,1.47,13.0,0.14,0.06,0.2,1.78,79.4,346.0,153.0,144.0,168.0,114.0,156.0,135.0,79.0,38.0,257.0,125.0,,,,23,,Carlos,Alcaraz Durán,Alcaraz,,,656,0,1,3,8,0,0,0,3,0,0,6,60,,,,0.0,0.41,1.1,0.82,8.23,12,10,38
306,a,,,4.3,603,350.0,0,0.0,-2,2.0,0.1,511,183.0,0,0,0.0,637.0,241.0,0,0,0.0,575.0,203.0,0.0,0.0,0.0,9668,189,12358,132,0.0,0.0,0.0,0.0,0.0,0.0,0.0,0.0,0.0,0.0,0.0,628.0,232.0,0.0,625.0,237.0,0.0,597.0,224.0,0.0,629.0,233.0,,,,23,,Callum,Bates,Bates,,,0,0,0,0,0,0,0,0,0,0,0,0,0,,,,0.0,0.0,0.0,0.0,0.0,0,0,0
308,u,0.0,0.0,4.5,445,267.0,0,0.0,0,0.0,0.0,680,283.0,0,0,0.0,694.0,279.0,0,0,0.0,644.0,247.0,0.0,0.0,0.0,458,0,3712,3,0.0,0.0,0.0,0.0,0.0,0.0,0.0,0.0,0.0,0.0,0.0,690.0,275.0,0.0,687.0,277.0,0.0,666.0,268.0,0.0,690.0,275.0,,,,23,,Isaac,Heath,Heath,has joined Accrington on loan for the rest of the season.,,0,0,0,0,0,0,0,0,0,0,0,0,0,,,,0.0,0.0,0.0,0.0,0.0,0,0,0
309,u,0.0,0.0,4.5,441,265.0,0,0.0,0,0.0,0.0,801,359.0,0,0,0.0,692.0,277.0,0,0,0.0,642.0,245.0,0.0,0.0,0.0,0,0,108,1,0.0,0.0,0.0,0.0,0.0,0.0,0.0,0.0,0.0,0.0,0.0,688.0,273.0,0.0,685.0,275.0,0.0,664.0,266.0,0.0,688.0,273.0,,,,23,,Jenson,Metcalfe,Metcalfe,Has joined Bradford City permanently.,,0,0,0,0,0,0,0,0,0,0,0,0,0,,,,0.0,0.0,0.0,0.0,0.0,0,0,0
310,a,,,5.7,123,32.0,0,0.0,-3,3.0,0.9,190,31.0,59,9,2.6,251.0,25.0,5,184,6.2,11.0,2.0,1.1,10.4,0.0,163577,21446,136470,4691,6.2,6.2,3.8,0.19,3.99,19.84,0.27,0.01,0.28,1.41,211.4,211.0,17.0,119.8,196.0,18.0,339.0,43.0,18.0,65.6,129.0,16.0,,,,23,,Thierno,Barry,Barry,,,1269,5,0,7,17,0,0,0,2,0,0,15,44,,,,0.0,0.5,1.21,1.06,3.12,2,23,19
311,a,,,5.0,263,53.0,0,0.0,-5,5.0,2.4,115,18.0,38,1,1.7,364.0,40.0,1,88,1.8,224.0,25.0,0.4,7.6,0.0,424757,2402,1085645,3679,1.8,1.8,4.46,0.14,4.6,14.97,0.48,0.02,0.5,1.62,125.8,294.0,28.0,53.6,309.0,33.0,291.0,55.0,20.0,45.5,218.0,25.0,,,2.0,23,,Norberto Bercique,Gomes Betuncal,Beto,,,831,2,0,2,12,0,0,0,1,0,0,8,47,,,,0.0,0.22,1.3,0.87,5.09,9,23,15
707,a,,,5.3,200,124.0,0,0.0,-2,2.0,0.0,632,253.0,16,1,1.3,419.0,189.0,0,45,1.4,257.0,109.0,0.3,3.0,0.0,7406,31,6415,114,1.4,1.4,0.2,0.14,0.34,5.95,0.05,0.04,0.09,1.58,46.0,392.0,173.0,61.0,290.0,168.0,32.0,329.0,173.0,13.6,374.0,174.0,,,,23,,Tyler,Dibling,Dibling,,,338,0,0,2,2,0,0,0,2,0,0,4,40,,,,0.0,0.53,0.53,1.07,10.65,7,11,22
728,a,100.0,100.0,5.0,274,168.0,0,0.0,0,0.0,0.0,702,296.0,16,0,1.6,380.0,169.0,0,39,2.0,205.0,88.0,0.4,3.2,0.0,1284,68,1179,38,2.0,2.0,0.5,0.17,0.67,6.27,0.13,0.04,0.17,1.6,61.2,372.0,163.0,65.9,279.0,164.0,32.0,328.0,172.0,15.9,362.0,170.0,,,,23,,Merlin,Röhl,Röhl,,,353,0,0,2,4,0,0,0,0,0,0,2,43,,,,0.0,0.51,1.02,0.51,10.96,15,10,18
779,a,,,4.5,497,69.0,0,0.0,0,0.0,0.0,694,83.0,0,0,0.0,732.0,78.0,0,0,0.0,684.0,67.0,0.0,0.0,0.0,1370,204,480,92,0.0,0.0,0.0,0.0,0.0,0.0,0.0,0.0,0.0,0.0,0.0,732.0,78.0,0.0,727.0,77.0,0.0,709.0,77.0,0.0,731.0,78.0,,,,23,,Braiden,Graham,Graham,,,0,0,0,0,0,0,0,0,0,0,0,0,0,,,,0.0,0.0,0.0,0.0,0.0,0,0,0
314,a,,,4.9,286,11.0,0,0.0,-1,1.0,1.6,147,20.0,70,3,3.0,188.0,17.0,3,316,2.4,173.0,17.0,0.5,14.3,0.0,197478,854,209276,4203,2.4,2.4,0.0,0.0,0.0,31.97,0.0,0.0,0.0,1.39,516.6,27.0,8.0,0.0,741.0,87.0,0.0,730.0,81.0,51.5,192.0,9.0,,,,23,,Bernd,Leno,Leno,,,2070,0,0,5,32,0,0,0,3,0,60,23,107,,,,2.61,0.22,1.39,1.0,0.0,2,30,188
315,a,100.0,100.0,4.0,665,49.0,0,0.0,0,0.0,0.0,736,85.0,0,0,0.0,568.0,67.0,0,0,0.0,490.0,61.0,0.0,0.0,0.0,339,93,535,34,0.0,0.0,0.0,0.0,0.0,0.0,0.0,0.0,0.0,0.0,0.0,559.0,67.0,0.0,552.0,56.0,0.0,517.0,41.0,0.0,559.0,67.0,,,,23,,Steven,Benda,Benda,,,0,0,0,0,0,0,0,0,0,0,0,0,0,,,,0.0,0.0,0.0,0.0,0.0,0,0,0
318,a,100.0,100.0,4.4,524,110.0,0,0.0,-1,1.0,0.4,282,106.0,55,0,3.4,127.0,49.0,6,178,0.0,594.0,244.0,0.0,12.5,0.0,95462,816,115630,781,0.0,0.0,0.91,0.18,1.09,20.78,0.06,0.01,0.07,1.38,335.2,110.0,49.0,74.1,265.0,81.0,54.0,289.0,89.0,46.5,213.0,71.0,,,,23,,Calvin,Bassey,Bassey,,,1358,1,0,3,25,0,0,0,3,0,0,15,160,,,,0.0,0.2,1.66,0.99,7.95,31,89,66
319,a,,,4.3,571,127.0,0,0.0,-2,2.0,0.1,454,168.0,25,4,1.4,399.0,146.0,0,115,1.4,251.0,95.0,0.3,5.8,0.0,17109,147,22531,277,1.4,1.4,0.94,0.47,1.41,17.95,0.09,0.04,0.13,1.71,194.8,230.0,93.0,121.1,192.0,49.0,83.0,239.0,66.0,40.0,248.0,84.0,,,,23,,Timothy,Castagne,Castagne,,,944,0,1,0,19,0,0,0,3,0,0,10,98,,,,0.0,0.0,1.81,0.95,7.91,20,63,29
320,a,,,4.3,573,129.0,0,0.0,-2,2.0,0.1,520,187.0,10,0,1.2,423.0,155.0,0,29,0.8,307.0,110.0,0.2,2.3,0.0,6466,43,10632,99,0.8,0.8,0.02,0.03,0.05,8.18,0.0,0.01,0.01,1.79,72.4,359.0,136.0,4.3,427.0,157.0,8.0,389.0,145.0,8.5,408.0,147.0,,,,23,,Issa,Diop,Diop,,,412,0,0,0,9,0,0,0,1,0,0,4,42,,,,0.0,0.0,1.97,0.87,7.65,5,30,10
321,a,,,4.3,579,133.0,0,0.0,-2,2.0,0.1,554,200.0,34,4,3.4,126.0,48.0,1,133,2.6,153.0,57.0,0.6,7.9,0.0,5111,138,5476,121,2.6,2.6,0.05,0.08,0.13,10.85,0.01,0.01,0.02,1.3,195.2,229.0,92.0,24.6,367.0,132.0,10.0,380.0,137.0,23.1,326.0,110.0,,,,23,,Jorge,Cuenca Barreno,J.Cuenca,,,753,0,0,2,7,0,0,0,4,0,0,9,99,,,,0.0,0.24,0.84,1.08,11.12,13,80,34
322,d,75.0,75.0,4.5,407,75.0,0,0.0,0,0.0,0.3,308,115.0,65,0,4.1,59.0,26.0,5,251,0.2,379.0,140.0,0.0,14.4,0.0,154608,10,142476,2162,0.2,0.2,0.38,0.92,1.3,19.78,0.03,0.06,0.09,1.32,322.4,116.0,50.0,137.2,175.0,43.0,79.0,246.0,69.0,53.9,181.0,59.0,,,,23,,Kenny,Tete,Tete,Lack of match fitness - 75% chance of playing,,1346,1,0,5,18,0,0,0,2,0,0,16,149,,,,0.0,0.33,1.2,1.07,8.42,51,75,56
323,a,,,3.8,802,260.0,0,0.0,-2,2.0,0.1,416,154.0,0,0,0.0,516.0,193.0,0,0,0.0,437.0,174.0,0.0,0.0,0.0,8387,61,15807,159,0.0,0.0,0.0,0.0,0.0,0.0,0.0,0.0,0.0,0.0,0.0,507.0,193.0,0.0,497.0,193.0,0.0,460.0,185.0,0.0,507.0,192.0,,,,23,,Samuel,Amissah,Amissah,,,0,0,0,0,0,0,0,0,0,0,0,0,0,,,,0.0,0.0,0.0,0.0,0.0,0,0,0
324,a,100.0,100.0,6.3,64,43.0,0,0.0,-2,2.0,0.7,209,71.0,58,2,3.4,136.0,60.0,5,273,0.4,361.0,163.0,0.1,9.2,0.0,282920,1190,388757,911,0.4,0.4,0.79,2.1,2.89,21.95,0.05,0.13,0.18,1.4,272.2,165.0,64.0,376.3,40.0,38.0,150.0,141.0,82.0,80.0,84.0,52.0,5.0,,,23,,Alex,Iwobi,Iwobi,,,1416,2,2,3,25,0,0,0,2,0,0,17,105,,,,0.0,0.19,1.59,1.08,6.67,18,20,67
325,a,100.0,75.0,5.6,130,80.0,0,0.0,-4,4.0,0.6,224,77.0,54,2,2.3,287.0,124.0,1,232,2.6,159.0,66.0,0.5,9.6,0.0,150957,810,189951,3297,2.6,2.0,2.98,0.67,3.65,17.88,0.26,0.06,0.32,1.54,207.6,218.0,91.0,213.9,113.0,80.0,226.0,81.0,52.0,64.8,134.0,73.0,,,,23,,Emile,Smith Rowe,Smith Rowe,,,1046,3,1,3,14,0,0,0,1,0,0,11,85,,,,0.0,0.26,1.2,0.95,7.31,14,27,44
329,a,100.0,100.0,6.0,83,55.0,0,0.0,5,-5.0,24.0,14,4.0,114,10,5.2,13.0,6.0,16,432,5.8,13.0,6.0,1.0,19.0,0.0,3916791,155077,963984,46023,5.8,5.8,3.9,2.84,6.74,23.04,0.21,0.15,0.36,1.24,491.8,37.0,10.0,389.5,35.0,33.0,415.0,27.0,14.0,129.4,20.0,16.0,3.0,3.0,3.0,23,,Harry,Wilson,Wilson,,,1674,8,6,6,21,0,0,0,6,0,0,20,115,,,,0.0,0.32,1.13,1.08,6.18,19,42,54
330,a,,,4.9,302,187.0,0,0.0,-1,1.0,0.1,508,180.0,57,1,2.5,261.0,110.0,3,342,3.2,113.0,50.0,0.7,11.6,0.0,9692,168,10563,237,3.2,3.2,0.64,0.89,1.53,29.46,0.03,0.04,0.07,1.39,319.6,120.0,42.0,247.6,92.0,69.0,46.0,299.0,156.0,61.5,149.0,82.0,,,,23,,Sander,Berge,Berge,,,1901,0,2,5,30,1,0,0,4,0,0,22,187,,,,0.0,0.24,1.42,1.04,8.85,37,64,86
331,a,100.0,100.0,4.8,347,217.0,0,0.0,-2,2.0,0.0,627,248.0,23,1,1.5,393.0,174.0,1,96,2.4,172.0,75.0,0.5,4.8,0.0,2365,41,4086,73,2.4,2.4,0.85,0.27,1.12,7.98,0.17,0.05,0.22,1.62,76.8,349.0,155.0,82.1,253.0,152.0,48.0,295.0,153.0,20.8,339.0,163.0,,,,23,,Tom,Cairney,Cairney,,,442,1,0,0,8,0,0,0,2,0,0,3,34,,,,0.0,0.0,1.63,0.61,6.92,3,7,24
332,i,0.0,0.0,4.9,306,190.0,0,0.0,-1,1.0,0.1,543,195.0,50,0,2.6,244.0,103.0,3,225,2.2,191.0,80.0,0.4,10.2,0.0,14528,3,18091,156,0.0,0.0,1.74,1.35,3.09,18.45,0.13,0.1,0.23,1.37,232.0,191.0,81.0,338.7,48.0,41.0,119.0,188.0,107.0,68.9,118.0,65.0,1.0,,,23,,Saša,Lukić,Lukić,Hamstring injury - Expected back 22 Feb,,1208,1,3,4,17,0,0,0,6,0,0,15,127,,,,0.0,0.3,1.27,1.12,9.46,35,43,49
333,u,0.0,0.0,4.5,468,286.0,0,0.0,0,0.0,0.0,656,270.0,0,0,0.0,709.0,292.0,0,0,0.0,660.0,261.0,0.0,0.0,0.0,898,0,6540,5,0.0,0.0,0.0,0.0,0.0,0.0,0.0,0.0,0.0,0.0,0.0,707.0,290.0,0.0,703.0,291.0,0.0,684.0,284.0,0.0,707.0,290.0,,,,23,,Martial,Godo,Godo,has joined Strasbourg permanently.,,0,0,0,0,0,0,0,0,0,0,0,0,0,,,,0.0,0.0,0.0,0.0,0.0,0,0,0
334,u,0.0,0.0,4.5,449,270.0,0,0.0,0,0.0,0.0,788,347.0,0,0,0.0,697.0,282.0,0,0,0.0,647.0,250.0,0.0,0.0,0.0,0,0,305,0,0.0,0.0,0.0,0.0,0.0,0.0,0.0,0.0,0.0,0.0,0.0,693.0,278.0,0.0,690.0,280.0,0.0,669.0,271.0,0.0,693.0,278.0,,,,23,,Luke,Harris,Harris,Has joined Oxford United on loan for the rest of the season.,,0,0,0,0,0,0,0,0,0,0,0,0,0,,,,0.0,0.0,0.0,0.0,0.0,0,0,0
335,a,100.0,100.0,4.4,552,330.0,0,0.0,-1,1.0,1.8,139,47.0,36,4,1.8,347.0,152.0,0,124,1.0,286.0,126.0,0.2,8.2,0.0,915025,2117,814056,6116,1.0,1.0,1.17,0.42,1.59,12.9,0.12,0.04,0.16,1.32,104.4,317.0,140.0,105.6,213.0,135.0,172.0,120.0,70.0,37.4,261.0,127.0,,,,23,,Josh,King,King,,,878,0,2,3,15,0,0,0,3,0,0,11,71,,,,0.0,0.31,1.54,1.13,7.28,18,15,38
288,a,,,4.3,576,28.0,0,0.0,-2,2.0,0.1,453,70.0,0,0,0.0,626.0,86.0,0,0,0.0,564.0,82.0,0.0,0.0,0.0,4011,67,11229,79,0.0,0.0,0.0,0.0,0.0,0.0,0.0,0.0,0.0,0.0,0.0,617.0,86.0,0.0,613.0,78.0,0.0,584.0,65.0,0.0,618.0,86.0,,,,23,,Mark,Travers,Travers,,,0,0,0,0,0,0,0,0,0,0,0,0,0,,,,0.0,0.0,0.0,0.0,0.0,0,0,0
336,a,,,4.3,570,337.0,0,0.0,-2,2.0,0.3,310,103.0,11,0,2.8,209.0,92.0,2,34,2.0,201.0,87.0,0.5,2.6,0.0,59563,1325,56722,1101,2.0,2.0,0.04,0.24,0.28,0.41,0.26,1.54,1.8,2.64,35.6,405.0,179.0,8.4,416.0,202.0,7.0,399.0,195.0,5.1,426.0,192.0,,,,23,,Harrison,Reed,Reed,,,14,1,0,0,1,0,0,0,0,0,0,0,1,,,,0.0,0.0,6.43,0.0,6.43,0,0,1
337,a,100.0,100.0,6.2,72,24.0,0,0.0,-3,3.0,2.1,125,20.0,71,2,3.2,163.0,14.0,5,262,3.2,120.0,12.0,0.5,11.5,0.0,502662,5092,506570,18642,3.2,3.2,6.33,0.69,7.02,22.38,0.38,0.04,0.42,1.36,296.6,146.0,12.0,240.3,96.0,3.0,494.0,18.0,10.0,102.7,41.0,9.0,,1.0,1.0,23,,Raúl,Jiménez Rodríguez,Raúl,,,1485,5,4,5,18,0,0,0,4,0,0,18,86,,,,0.0,0.3,1.09,1.09,5.21,18,30,38
727,a,100.0,100.0,5.3,191,119.0,0,0.0,-2,2.0,0.1,480,167.0,41,6,4.1,61.0,26.0,1,167,1.2,274.0,119.0,0.2,7.7,0.0,92724,2124,84351,411,1.2,1.2,1.26,2.17,3.43,6.35,0.27,0.46,0.73,1.35,205.6,219.0,92.0,151.6,162.0,109.0,147.0,144.0,83.0,50.5,196.0,104.0,,,,23,,Samuel,Chukwueze,Chukwueze,,,424,3,4,0,10,0,0,0,0,0,0,3,33,,,,0.0,0.0,2.12,0.64,7.0,2,7,24
731,a,100.0,100.0,5.8,112,71.0,0,0.0,-2,2.0,0.1,546,197.0,34,1,1.8,359.0,158.0,0,129,1.8,228.0,99.0,0.3,5.9,0.0,31240,105,27065,289,1.8,1.8,0.94,1.27,2.21,11.98,0.11,0.14,0.25,1.37,156.6,262.0,113.0,202.5,123.0,88.0,188.0,110.0,65.0,54.5,178.0,95.0,4.0,,,23,,Kevin,Santos Lopes de Macedo,Kevin,,,789,0,2,4,12,0,0,0,1,0,0,7,64,,,,0.0,0.46,1.37,0.8,7.3,17,14,33
737,a,,,4.5,500,71.0,0,0.0,0,0.0,0.1,497,69.0,4,0,0.8,489.0,59.0,0,11,0.2,388.0,43.0,0.0,0.9,0.0,16737,184,13023,218,0.2,0.2,0.0,0.07,0.07,0.75,0.0,0.21,0.21,2.25,1.2,475.0,56.0,11.4,397.0,51.0,8.0,392.0,53.0,2.1,449.0,53.0,,,,23,,Jonah,Kusi-Asare,Kusi-Asare,,,30,0,0,0,2,0,0,0,1,0,0,0,2,,,,0.0,0.0,6.0,0.0,6.0,0,0,2
770,a,,,4.5,495,307.0,0,0.0,0,0.0,0.0,772,337.0,0,0,0.0,730.0,308.0,0,0,0.0,682.0,278.0,0.0,0.0,0.0,382,21,165,23,0.0,0.0,0.0,0.0,0.0,0.0,0.0,0.0,0.0,0.0,0.0,730.0,308.0,0.0,725.0,308.0,0.0,707.0,302.0,0.0,729.0,307.0,,,,23,,Seth,Ridgeon,Ridgeon,,,0,0,0,0,0,0,0,0,0,0,0,0,0,,,,0.0,0.0,0.0,0.0,0.0,0,0,0
786,a,,,4.0,687,59.0,0,0.0,0,0.0,0.0,765,86.0,0,0,0.0,587.0,77.0,0,0,0.0,510.0,71.0,0.0,0.0,0.0,245,26,78,16,0.0,0.0,0.0,0.0,0.0,0.0,0.0,0.0,0.0,0.0,0.0,578.0,77.0,0.0,571.0,66.0,0.0,536.0,51.0,0.0,578.0,77.0,,,,23,,Alfie,McNally,McNally,,,0,0,0,0,0,0,0,0,0,0,0,0,0,,,,0.0,0.0,0.0,0.0,0.0,0,0,0
168,a,100.0,100.0,4.6,397,246.0,0,0.0,-4,4.0,0.1,483,170.0,1,0,0.5,493.0,232.0,0,4,0.0,691.0,285.0,0.0,0.2,0.0,13244,267,26573,203,-1.0,0.0,0.04,0.1,0.14,0.55,0.07,0.18,0.25,0.99,6.0,450.0,204.0,25.4,365.0,188.0,13.0,373.0,188.0,4.5,434.0,196.0,,,,23,,Facundo,Buonanotte,Buonanotte,,,50,0,0,0,1,0,0,0,1,0,0,1,5,,,,0.0,0.0,1.8,1.8,9.0,1,1,3
339,a,,,4.2,628,35.0,0,0.0,-3,3.0,0.3,295,39.0,0,0,0.0,619.0,85.0,0,0,0.0,547.0,79.0,0.0,0.0,0.0,11696,91,60999,229,-1.0,0.0,0.0,0.0,0.0,0.0,0.0,0.0,0.0,0.0,0.0,611.0,85.0,0.0,604.0,75.0,0.0,573.0,61.0,0.0,612.0,85.0,,,,23,,Illan,Meslier,Meslier,,,0,0,0,0,0,0,0,0,0,0,0,0,0,,,,0.0,0.0,0.0,0.0,0.0,0,0,0
340,a,,,3.9,730,71.0,0,0.0,-1,1.0,0.2,405,62.0,0,0,0.0,523.0,39.0,0,0,0.0,444.0,33.0,0.0,0.0,0.0,7374,64,13668,125,-1.0,0.0,0.0,0.0,0.0,0.0,0.0,0.0,0.0,0.0,0.0,514.0,39.0,0.0,505.0,26.0,0.0,468.0,11.0,0.0,514.0,39.0,,,,23,,Alex,Cairns,Cairns,,,0,0,0,0,0,0,0,0,0,0,0,0,0,,,,0.0,0.0,0.0,0.0,0.0,0,0,0
341,a,,,3.9,725,66.0,0,0.0,-1,1.0,2.1,128,17.0,18,2,2.6,234.0,20.0,0,88,1.6,233.0,20.0,0.4,4.6,0.0,157752,4648,244258,2418,0.6,1.6,0.0,0.01,0.01,5.42,0.0,0.0,0.0,0.77,135.2,286.0,23.0,0.0,500.0,21.0,0.0,463.0,6.0,13.6,373.0,23.0,,,,23,,Karl,Darlow,Darlow,,,630,0,0,1,9,0,0,0,0,0,16,7,59,,,,2.29,0.14,1.29,1.0,0.0,0,9,67
342,a,100.0,100.0,4.4,520,106.0,0,0.0,-1,1.0,0.2,403,147.0,53,2,2.5,257.0,101.0,0,145,1.8,215.0,79.0,0.4,12.0,0.0,26936,227,34430,313,0.8,1.8,1.15,1.06,2.21,23.65,0.06,0.05,0.11,1.22,224.8,198.0,79.0,165.9,150.0,38.0,122.0,182.0,38.0,51.4,193.0,61.0,,,,23,,Jayden,Bogle,Bogle,,,1750,0,2,4,31,0,0,0,4,0,0,20,150,,,,0.0,0.21,1.59,1.03,5.45,40,66,95
343,a,100.0,100.0,4.3,574,130.0,0,0.0,-2,2.0,0.4,263,99.0,68,4,3.2,146.0,59.0,3,237,5.6,15.0,7.0,1.3,15.8,0.0,70586,3286,66247,1816,4.6,5.6,2.25,0.47,2.72,26.67,0.11,0.02,0.13,1.33,438.2,54.0,26.0,105.9,212.0,55.0,182.0,113.0,18.0,72.6,103.0,31.0,,,3.0,23,,Pascal,Struijk,Struijk,,,1808,0,1,4,32,0,0,0,3,0,0,20,203,,,,0.0,0.2,1.59,1.0,9.16,23,161,81
344,i,0.0,0.0,3.9,742,215.0,0,0.0,-1,1.0,0.5,254,96.0,43,0,3.6,108.0,40.0,2,150,2.8,139.0,51.0,0.7,11.0,0.0,98199,46,63003,4810,0.0,0.0,0.48,0.5,0.98,16.9,0.04,0.05,0.09,1.55,268.4,169.0,70.0,37.7,339.0,117.0,129.0,173.0,36.0,43.5,225.0,77.0,,,,23,,Jaka,Bijol,Bijol,Hamstring injury - Expected back 10 Feb,,982,1,2,1,18,0,0,0,1,0,0,11,111,,,,0.0,0.09,1.65,1.01,9.16,14,86,38
345,a,100.0,100.0,3.8,782,241.0,0,0.0,-2,2.0,0.1,435,160.0,16,4,2.3,278.0,108.0,0,48,2.8,138.0,50.0,0.7,4.2,0.0,15400,950,12613,346,1.8,2.8,0.0,0.01,0.01,4.24,0.0,0.0,0.0,1.53,60.4,375.0,145.0,5.1,426.0,156.0,6.0,404.0,151.0,7.1,415.0,151.0,,,,23,,Sebastiaan,Bornauw,Bornauw,,,249,0,0,1,3,0,0,0,0,0,0,3,32,,,,0.0,0.36,1.08,1.08,11.57,5,27,6
347,i,0.0,75.0,3.8,778,237.0,0,0.0,-2,2.0,4.0,88,30.0,55,0,2.5,252.0,98.0,8,220,3.2,105.0,38.0,0.8,14.5,0.0,852884,4072,701111,23983,0.0,2.4,0.98,1.89,2.86,27.22,0.05,0.09,0.14,1.34,339.6,108.0,48.0,303.2,61.0,11.0,120.0,186.0,40.0,76.4,94.0,25.0,,,,23,,Gabriel,Gudmundsson,Gudmundsson,Muscle injury - Expected back 10 Feb,,1830,0,0,4,33,1,0,0,2,0,0,21,166,,,,0.0,0.2,1.62,1.03,6.44,48,83,85
348,a,100.0,100.0,3.9,737,212.0,0,0.0,-1,1.0,3.4,96,36.0,68,4,3.2,144.0,58.0,5,223,2.2,185.0,68.0,0.6,17.4,0.0,983251,10009,837232,9979,1.2,2.2,0.93,0.16,1.09,27.83,0.05,0.01,0.06,1.37,444.4,52.0,24.0,60.8,292.0,95.0,156.0,134.0,23.0,66.2,126.0,40.0,,,,23,,Joe,Rodon,Rodon,,,1830,2,0,3,36,0,0,0,1,0,0,21,191,,,,0.0,0.15,1.77,1.03,8.02,22,141,55
349,u,0.0,0.0,4.0,680,174.0,0,0.0,0,0.0,0.1,534,195.0,0,0,0.0,581.0,216.0,0,0,0.0,503.0,198.0,0.0,0.0,0.0,788,0,15702,20,0.0,0.0,0.0,0.0,0.0,0.0,0.0,0.0,0.0,0.0,0.0,572.0,216.0,0.0,565.0,216.0,0.0,530.0,210.0,0.0,572.0,215.0,,,,23,,Isaac,Schmidt,Schmidt,has joined Werder Bremen on loan for the rest of the season.,,0,0,0,0,0,0,0,0,0,0,0,0,0,,,,0.0,0.0,0.0,0.0,0.0,0,0,0
350,a,,,5.4,169,105.0,0,0.0,-1,1.0,0.8,196,66.0,91,4,4.1,62.0,27.0,5,322,6.2,10.0,5.0,1.1,16.9,0.0,155336,7379,61580,7507,5.2,6.2,3.15,2.77,5.92,19.98,0.2,0.18,0.38,1.27,364.2,93.0,29.0,318.3,56.0,46.0,353.0,39.0,23.0,103.5,39.0,29.0,,,,23,,Brenden,Aaronson,Aaronson,,,1416,4,6,5,20,0,0,0,1,0,0,16,136,,,,0.0,0.32,1.27,1.02,8.64,36,21,79
351,a,100.0,100.0,5.2,216,134.0,0,0.0,-3,3.0,0.1,493,175.0,20,0,1.5,395.0,176.0,0,86,0.6,325.0,148.0,0.1,3.8,0.0,8509,96,39191,110,-0.4,0.6,0.25,0.53,0.78,7.87,0.07,0.14,0.21,2.1,59.0,378.0,166.0,85.2,244.0,149.0,29.0,335.0,175.0,17.4,358.0,169.0,,,,23,,Wilfried,Gnonto,Gnonto,,,337,0,2,1,10,0,0,0,2,0,0,4,37,,,,0.0,0.27,2.67,1.07,9.88,14,9,14
352,u,0.0,0.0,5.1,228,141.0,0,0.0,-4,4.0,0.1,569,211.0,12,0,1.1,430.0,194.0,0,51,0.0,753.0,329.0,0.0,2.4,0.0,6000,0,17865,186,0.0,0.0,0.28,0.23,0.51,3.82,0.1,0.08,0.18,1.31,30.0,411.0,182.0,49.4,317.0,177.0,35.0,323.0,169.0,11.5,386.0,178.0,4.0,,,23,,Jack,Harrison,Harrison,has joined ACF Fiorentina on loan for the rest of the season.,,262,0,0,0,5,0,0,0,0,0,0,1,24,,,,0.0,0.0,1.72,0.34,8.24,5,6,13
353,d,50.0,25.0,5.2,206,129.0,0,0.0,-3,3.0,0.1,476,164.0,13,0,1.3,418.0,188.0,0,50,0.0,757.0,333.0,0.0,2.5,0.0,7283,16,52083,47,-0.5,0.0,0.71,0.56,1.27,8.79,0.18,0.14,0.32,2.27,36.0,404.0,178.0,95.0,227.0,139.0,87.0,234.0,127.0,21.9,334.0,162.0,,,,23,,Daniel,James,James,Lack of match fitness - 50% chance of playing,,348,0,0,1,12,0,0,0,0,0,0,4,18,,,,0.0,0.26,3.1,1.03,4.66,4,2,12
354,a,100.0,100.0,4.9,297,184.0,0,0.0,-1,1.0,0.1,410,139.0,72,4,3.6,112.0,51.0,5,334,3.6,84.0,37.0,0.7,14.7,0.0,30085,672,23904,670,2.6,3.6,1.6,1.28,2.88,25.72,0.08,0.07,0.15,1.31,363.4,95.0,30.0,206.1,118.0,84.0,80.0,244.0,132.0,65.2,131.0,71.0,,,,23,,Ethan,Ampadu,Ampadu,,,1769,1,1,4,31,0,0,0,7,0,0,20,242,,,,0.0,0.2,1.58,1.02,12.31,48,85,109
355,u,0.0,0.0,4.9,317,196.0,0,0.0,-1,1.0,0.0,628,249.0,0,0,0.0,752.0,322.0,0,0,0.0,715.0,300.0,0.0,0.0,0.0,1234,0,10053,10,0.0,0.0,0.0,0.0,0.0,0.0,0.0,0.0,0.0,0.0,0.0,752.0,322.0,0.0,748.0,322.0,0.0,739.0,319.0,0.0,751.0,321.0,,,,23,,Sam,Greenwood,Greenwood,has joined Pogon Szczecin permanently.,,0,0,0,0,0,0,0,0,0,0,0,0,0,,,,0.0,0.0,0.0,0.0,0.0,0,0,0
356,a,,,4.7,386,241.0,0,0.0,-3,3.0,0.1,564,208.0,33,2,2.4,269.0,113.0,0,157,3.4,95.0,42.0,0.7,7.0,0.0,5773,133,6328,185,2.4,3.4,0.09,0.32,0.41,16.13,0.01,0.04,0.05,1.83,101.0,319.0,141.0,85.2,243.0,148.0,8.0,393.0,193.0,19.2,350.0,166.0,,,,23,,Ilia,Gruev,Gruev,,,795,0,2,4,16,0,0,0,2,0,0,9,74,,,,0.0,0.45,1.81,1.02,8.38,16,17,41
357,u,0.0,0.0,4.9,321,198.0,0,0.0,-1,1.0,0.0,692,293.0,0,0,0.0,754.0,324.0,0,0,0.0,718.0,302.0,0.0,0.0,0.0,203,0,4302,6,0.0,0.0,0.0,0.0,0.0,0.0,0.0,0.0,0.0,0.0,0.0,754.0,324.0,0.0,750.0,324.0,0.0,741.0,321.0,0.0,753.0,323.0,,,,23,,Largie,Ramazani,Ramazani,has joined Valencia on loan for the rest of the season.,,0,0,0,0,0,0,0,0,0,0,0,0,0,,,,0.0,0.0,0.0,0.0,0.0,0,0,0
358,a,100.0,100.0,4.8,363,226.0,0,0.0,-2,2.0,0.2,341,114.0,43,1,2.1,308.0,135.0,2,166,1.0,289.0,128.0,0.2,9.0,0.0,50022,234,52346,1161,0.0,1.0,0.83,0.61,1.44,13.29,0.1,0.07,0.17,1.62,140.0,280.0,124.0,127.1,187.0,125.0,78.0,248.0,133.0,34.5,272.0,134.0,,,,23,,Tanaka,Ao,Tanaka,,,737,2,0,2,16,0,0,0,1,0,0,7,83,,,,0.0,0.24,1.95,0.85,10.14,17,20,46
359,u,0.0,0.0,4.5,455,276.0,0,0.0,0,0.0,0.0,766,333.0,0,0,0.0,701.0,286.0,0,0,0.0,651.0,254.0,0.0,0.0,0.0,0,0,960,0,0.0,0.0,0.0,0.0,0.0,0.0,0.0,0.0,0.0,0.0,0.0,697.0,282.0,0.0,694.0,284.0,0.0,673.0,275.0,0.0,697.0,282.0,,,,23,,Charlie,Crew,Crew,Has joined Doncaster Rovers on loan for the rest of the season.,,0,0,0,0,0,0,0,0,0,0,0,0,0,,,,0.0,0.0,0.0,0.0,0.0,0,0,0
360,u,0.0,0.0,4.5,433,260.0,0,0.0,0,0.0,0.0,734,314.0,0,0,0.0,689.0,274.0,0,0,0.0,637.0,240.0,0.0,0.0,0.0,0,0,2866,2,0.0,0.0,0.0,0.0,0.0,0.0,0.0,0.0,0.0,0.0,0.0,684.0,269.0,0.0,682.0,272.0,0.0,660.0,263.0,0.0,685.0,270.0,,,,23,,Joe,Gelhardt,Gelhardt,Has joined Hull City on loan for the rest of the season.,,0,0,0,0,0,0,0,0,0,0,0,0,0,,,,0.0,0.0,0.0,0.0,0.0,0,0,0
362,a,100.0,100.0,4.9,316,56.0,0,0.0,-6,6.0,0.3,290,46.0,11,0,1.1,428.0,51.0,0,22,0.2,400.0,44.0,0.0,2.2,0.0,36148,224,216243,343,-0.8,0.2,0.65,0.08,0.73,4.77,0.29,0.04,0.33,2.14,6.0,452.0,52.0,20.7,375.0,48.0,90.0,229.0,44.0,11.2,391.0,48.0,,,2.0,23,,Joël,Piroe,Piroe,,,201,0,0,1,6,0,0,0,0,0,0,2,9,,,,0.0,0.45,2.69,0.9,4.03,0,1,8
326,a,,,5.1,225,139.0,0,0.0,-4,4.0,0.1,418,141.0,17,0,1.1,429.0,193.0,0,58,0.6,324.0,147.0,0.1,3.3,0.0,11659,237,33447,201,0.6,0.6,0.19,0.55,0.74,4.89,0.07,0.19,0.26,1.69,20.2,429.0,191.0,61.8,286.0,165.0,57.0,285.0,150.0,13.5,375.0,175.0,,,,23,,Adama,Traoré Diarra,Adama,,,261,0,0,0,7,0,0,0,0,0,0,1,14,,,,0.0,0.0,2.41,0.34,4.83,1,1,12
327,u,0.0,0.0,5.3,186,114.0,0,0.0,-2,2.0,0.1,550,200.0,0,0,0.0,781.0,344.0,0,0,0.0,762.0,336.0,0.0,0.0,0.0,2438,0,35497,10,0.0,0.0,0.0,0.0,0.0,0.0,0.0,0.0,0.0,0.0,0.0,781.0,344.0,0.0,780.0,344.0,0.0,775.0,343.0,0.0,781.0,344.0,,,,23,,Andreas,Hoelgebaum Pereira,Andreas,has joined Palmeiras permanently.,,0,0,0,0,0,0,0,0,0,0,0,0,0,,,,0.0,0.0,0.0,0.0,0.0,0,0,0
328,a,100.0,100.0,5.4,162,101.0,0,0.0,-1,1.0,0.2,398,135.0,61,1,3.8,90.0,40.0,5,213,1.0,295.0,134.0,0.2,11.3,0.0,141476,196,134191,479,1.0,1.0,0.92,1.29,2.21,17.36,0.07,0.1,0.17,1.28,266.8,172.0,68.0,123.2,191.0,127.0,137.0,159.0,92.0,52.4,187.0,98.0,,,,23,,Ryan,Sessegnon,Sessegnon,,,1218,2,2,4,21,0,0,0,0,0,0,14,140,,,,0.0,0.3,1.55,1.03,10.34,27,67,46
802,a,,,5.0,278,171.0,0,0.0,0,0.0,0.0,798,356.0,0,0,0.0,775.0,340.0,0,0,0.0,748.0,325.0,0.0,0.0,0.0,65,39,9,5,1.8,1.8,0.0,0.0,0.0,0.0,0.0,0.0,0.0,0.0,0.0,775.0,340.0,0.0,773.0,340.0,0.0,766.0,337.0,0.0,774.0,339.0,,,,23,,Keiber,Lamadrid,Lamadrid,,,0,0,0,0,0,0,0,0,0,0,0,0,0,,,,0.0,0.0,0.0,0.0,0.0,0,0,0
363,u,0.0,0.0,4.9,287,55.0,0,0.0,-1,1.0,0.3,294,49.0,0,0,0.0,746.0,81.0,0,0,0.0,707.0,70.0,0.0,0.0,0.0,16144,0,202018,102,0.0,0.0,0.0,0.0,0.0,0.0,0.0,0.0,0.0,0.0,0.0,746.0,81.0,0.0,742.0,80.0,0.0,731.0,80.0,0.0,745.0,81.0,,,,23,,Patrick,Bamford,Bamford,has departed the club as a free agent.,,0,0,0,0,0,0,0,0,0,0,0,0,0,,,,0.0,0.0,0.0,0.0,0.0,0,0,0
364,u,0.0,0.0,5.0,276,54.0,0,0.0,0,0.0,0.0,722,86.0,0,0,0.0,773.0,84.0,0,0,0.0,746.0,75.0,0.0,0.0,0.0,0,0,2409,0,0.0,0.0,0.0,0.0,0.0,0.0,0.0,0.0,0.0,0.0,0.0,773.0,84.0,0.0,771.0,84.0,0.0,764.0,84.0,0.0,772.0,84.0,,,,23,,Mateo,Joseph Fernández-Regatillo,Mateo Joseph,Has joined RCD Mallorca on loan for the rest of the season.,,0,0,0,0,0,0,0,0,0,0,0,0,0,,,,0.0,0.0,0.0,0.0,0.0,0,0,0
365,a,100.0,100.0,5.0,246,51.0,0,0.0,0,0.0,0.6,244,39.0,49,0,2.6,246.0,24.0,6,181,2.2,193.0,23.0,0.4,9.8,0.0,186105,1420,197426,1351,1.2,2.2,4.89,0.35,5.24,12.4,0.73,0.05,0.78,1.85,196.2,228.0,21.0,44.9,326.0,37.0,283.0,62.0,21.0,52.5,185.0,21.0,,,1.0,23,,Lukas,Nmecha,Nmecha,,,602,5,0,2,14,0,0,1,0,0,0,6,32,,,,0.0,0.3,2.09,0.9,4.78,5,11,16
493,a,100.0,100.0,4.8,351,221.0,0,0.0,-2,2.0,0.2,344,116.0,41,1,3.2,153.0,63.0,4,224,0.2,391.0,180.0,0.0,8.5,0.0,175632,117,178050,298,-0.8,0.2,0.8,1.29,2.09,11.28,0.08,0.13,0.21,1.15,228.2,192.0,82.0,341.1,46.0,40.0,58.0,280.0,148.0,62.7,145.0,79.0,1.0,2.0,,23,,Sean,Longstaff,Longstaff,,,882,1,2,1,15,0,0,0,1,0,0,10,94,,,,0.0,0.1,1.53,1.02,9.59,35,23,36
660,a,100.0,75.0,4.9,330,204.0,0,0.0,-1,1.0,2.6,112,35.0,95,8,4.8,21.0,10.0,8,377,3.8,68.0,27.0,0.8,19.4,0.0,926467,3468,651994,20429,2.8,2.8,2.13,3.22,5.35,23.49,0.12,0.18,0.3,1.31,437.4,56.0,15.0,632.0,5.0,5.0,230.0,78.0,49.0,130.1,18.0,14.0,3.0,1.0,,23,,Anton,Stach,Stach,,,1613,3,6,3,29,0,0,0,3,0,0,19,179,,,,0.0,0.17,1.62,1.06,9.99,41,55,83
665,a,100.0,100.0,4.5,411,22.0,0,0.0,0,0.0,0.3,331,44.0,43,0,2.7,227.0,19.0,3,153,2.6,154.0,16.0,0.6,9.6,0.0,37590,415,54227,667,1.6,2.6,0.0,0.0,0.0,26.68,0.0,0.0,0.0,1.67,322.4,117.0,17.0,0.0,666.0,83.0,0.0,642.0,71.0,32.2,284.0,18.0,,,,23,,Lucas Estella,Perri,Perri,,,1440,0,0,3,29,0,0,0,2,0,38,16,39,,,,2.38,0.19,1.81,1.0,0.0,0,16,100
691,a,100.0,100.0,6.0,84,27.0,0,0.0,5,-5.0,13.5,30,6.0,93,2,4.4,42.0,5.0,15,299,3.0,137.0,15.0,0.5,15.5,0.0,2487433,38352,799908,90777,2.0,3.0,8.7,0.91,9.6,17.31,0.53,0.06,0.59,1.05,367.2,90.0,8.0,191.8,133.0,8.0,614.0,6.0,5.0,116.6,33.0,7.0,,,,23,,Dominic,Calvert-Lewin,Calvert-Lewin,,,1489,9,2,4,21,0,0,0,1,0,0,16,48,,,,0.0,0.24,1.27,0.97,2.9,9,13,26
698,a,100.0,100.0,5.5,145,92.0,0,0.0,0,0.0,0.1,462,157.0,53,1,2.6,249.0,106.0,3,177,1.6,245.0,106.0,0.3,9.6,0.0,57880,239,49770,509,0.6,1.6,2.82,0.9,3.72,16.8,0.23,0.07,0.3,1.37,180.8,243.0,103.0,193.8,132.0,94.0,274.0,64.0,40.0,64.9,133.0,72.0,,,,23,,Noah,Okafor,Okafor,,,1105,2,2,3,21,0,0,0,2,0,0,14,78,,,,0.0,0.24,1.71,1.14,6.35,17,20,41
706,a,,,3.9,739,213.0,0,0.0,-1,1.0,0.3,300,111.0,36,9,2.6,235.0,91.0,4,104,5.6,14.0,6.0,1.4,9.2,0.0,52335,6294,27671,1084,4.6,5.6,0.74,0.18,0.92,12.08,0.11,0.03,0.14,1.79,147.4,270.0,107.0,49.2,318.0,106.0,85.0,237.0,65.0,28.3,302.0,103.0,,,,23,,James,Justin,Justin,,,609,1,0,2,10,0,0,0,1,0,0,6,65,,,,0.0,0.3,1.48,0.89,8.57,14,44,29
741,u,0.0,0.0,4.5,485,68.0,0,0.0,0,0.0,0.1,463,65.0,0,0,0.0,723.0,77.0,0,0,0.0,674.0,66.0,0.0,0.0,0.0,27606,0,21411,456,0.0,0.0,0.0,0.0,0.0,0.0,0.0,0.0,0.0,0.0,0.0,722.0,77.0,0.0,717.0,76.0,0.0,699.0,76.0,0.0,721.0,77.0,,,,23,,Harry,Gray,Gray,has joined Rotherham United on loan for the rest of the season.,,0,0,0,0,0,0,0,0,0,0,0,0,0,,,,0.0,0.0,0.0,0.0,0.0,0,0,0
787,a,,,4.4,549,328.0,-1,1.0,-1,1.0,0.0,774,339.0,0,0,0.0,664.0,258.0,0,0,0.0,607.0,221.0,0.0,0.0,0.0,405,85,148,22,-1.0,0.0,0.0,0.0,0.0,0.0,0.0,0.0,0.0,0.0,0.0,657.0,251.0,0.0,653.0,255.0,0.0,628.0,244.0,0.0,658.0,252.0,,,,23,,Sam,Chambers,Chambers,,,0,0,0,0,0,0,0,0,0,0,0,0,0,,,,0.0,0.0,0.0,0.0,0.0,0,0,0
366,a,100.0,100.0,5.4,157,4.0,0,0.0,-1,1.0,6.0,64,10.0,65,1,3.6,117.0,12.0,6,261,4.0,58.0,4.0,0.7,12.0,0.0,528816,2923,1226941,12609,4.5,4.5,0.0,0.02,0.02,19.45,0.0,0.0,0.0,1.08,307.4,132.0,20.0,0.1,472.0,15.0,0.0,776.0,89.0,30.7,291.0,20.0,,,,23,,Alisson,Becker,A.Becker,,,1620,0,0,6,22,0,0,0,0,0,36,18,63,,,,2.0,0.33,1.22,1.0,0.0,0,26,155
375,i,0.0,0.0,5.0,266,43.0,0,0.0,0,0.0,0.2,387,141.0,42,0,2.8,215.0,84.0,2,157,4.0,55.0,22.0,0.8,8.4,0.0,62509,31,68460,940,0.0,0.0,0.18,0.84,1.02,10.77,0.02,0.08,0.1,1.04,157.4,261.0,104.0,105.2,214.0,56.0,62.0,274.0,80.0,32.3,283.0,94.0,,,,23,,Conor,Bradley,Bradley,Knee injury - Expected back 01 Jun,,928,0,2,4,13,0,0,0,5,0,0,12,82,,,,0.0,0.39,1.26,1.16,6.3,19,46,43
376,d,75.0,100.0,4.9,295,47.0,0,0.0,-1,1.0,0.1,409,149.0,25,0,2.3,281.0,110.0,2,70,0.4,350.0,129.0,0.1,5.1,0.0,22181,68,27210,386,0.7,0.9,0.18,0.54,0.72,3.77,0.06,0.17,0.23,1.22,74.8,354.0,134.0,56.9,303.0,100.0,22.0,354.0,121.0,15.3,365.0,129.0,,,,23,,Joe,Gomez,Gomez,Knock - 75% chance of playing,,279,0,2,2,7,0,0,0,2,0,0,4,22,,,,0.0,0.65,2.26,1.29,6.77,2,19,9
377,u,0.0,0.0,4.8,356,59.0,0,0.0,-2,2.0,0.0,582,211.0,0,0,0.0,743.0,258.0,0,0,0.0,700.0,253.0,0.0,0.0,0.0,1669,0,12188,11,0.0,0.0,0.0,0.0,0.0,0.0,0.0,0.0,0.0,0.0,0.0,743.0,258.0,0.0,738.0,258.0,0.0,725.0,257.0,0.0,742.0,258.0,,,,23,,Konstantinos,Tsimikas,Tsimikas,has joined AS Roma on loan for the rest of the season.,,0,0,0,0,0,0,0,0,0,0,0,0,0,,,,0.0,0.0,0.0,0.0,0.0,0,0,0
379,a,,,3.7,804,262.0,-1,1.0,-3,3.0,0.3,338,125.0,0,0,0.0,496.0,175.0,0,0,0.0,411.0,150.0,0.0,0.0,0.0,28308,3845,27958,699,0.5,0.5,0.0,0.0,0.0,0.0,0.0,0.0,0.0,0.0,0.0,486.0,174.0,0.0,474.0,172.0,0.0,436.0,163.0,0.0,486.0,173.0,,,,23,,Rhys,Williams,R.Williams,,,0,0,0,0,0,0,0,0,0,0,0,0,0,,,,0.0,0.0,0.0,0.0,0.0,0,0,0
380,a,,,3.8,785,244.0,0,0.0,-2,2.0,0.2,349,127.0,0,0,0.0,504.0,182.0,0,0,0.0,423.0,161.0,0.0,0.0,0.0,26515,80,29468,225,0.5,0.5,0.0,0.0,0.0,0.0,0.0,0.0,0.0,0.0,0.0,495.0,182.0,0.0,484.0,181.0,0.0,446.0,172.0,0.0,495.0,181.0,,,,23,,Calvin,Ramsay,Ramsay,,,0,0,0,0,0,0,0,0,0,0,0,0,0,,,,0.0,0.0,0.0,0.0,0.0,0,0,0
381,a,100.0,100.0,14.0,2,1.0,0,0.0,-5,5.0,14.3,24,11.0,69,5,4.6,31.0,15.0,5,218,1.0,302.0,139.0,0.1,4.9,0.0,1296881,9052,5834106,5879,1.5,1.5,5.0,2.94,7.94,18.91,0.35,0.21,0.56,1.34,308.4,129.0,44.0,485.7,17.0,16.0,501.0,17.0,8.0,129.5,19.0,15.0,,4.0,1.0,23,,Mohamed,Salah,M.Salah,,,1273,4,4,4,24,0,0,0,1,0,0,13,51,,,,0.0,0.28,1.7,0.92,3.61,3,7,41
382,a,100.0,100.0,8.3,14,9.0,0,0.0,-2,2.0,12.9,32,12.0,83,2,3.8,96.0,46.0,14,345,5.6,20.0,8.0,0.7,10.0,0.0,1679999,31619,3759412,88174,6.1,6.1,4.64,3.52,8.15,19.87,0.26,0.2,0.46,1.13,324.4,115.0,40.0,604.3,7.0,7.0,446.0,23.0,11.0,137.5,13.0,11.0,4.0,,,23,,Florian,Wirtz,Wirtz,,,1584,3,2,7,20,0,0,0,1,0,0,18,112,,,,0.0,0.4,1.14,1.02,6.36,24,14,74
383,u,0.0,0.0,8.0,15,10.0,0,0.0,0,0.0,0.0,596,228.0,0,0,0.0,804.0,360.0,0,0,0.0,803.0,360.0,0.0,0.0,0.0,0,0,7300,8,0.0,0.0,0.0,0.0,0.0,0.0,0.0,0.0,0.0,0.0,0.0,804.0,360.0,0.0,804.0,360.0,0.0,804.0,360.0,0.0,804.0,360.0,,,,23,,Luis,Díaz Marulanda,Luis Díaz,Has joined Bayern Munch permanently.,,0,0,0,0,0,0,0,0,0,0,0,0,0,,,,0.0,0.0,0.0,0.0,0.0,0,0,0
384,a,100.0,100.0,7.3,28,19.0,0,0.0,-2,2.0,5.7,71,24.0,80,2,3.8,95.0,45.0,5,294,2.8,152.0,64.0,0.4,11.0,0.0,3270807,3575,3645818,18214,3.3,3.3,5.09,3.41,8.5,16.31,0.31,0.21,0.52,0.98,325.0,114.0,39.0,433.0,25.0,24.0,504.0,16.0,7.0,126.1,22.0,18.0,3.0,,2.0,23,,Cody,Gakpo,Gakpo,,,1494,5,3,5,23,0,0,0,1,0,0,17,77,,,,0.0,0.3,1.39,1.02,4.64,11,21,45
385,d,50.0,50.0,6.3,67,45.0,0,0.0,-2,2.0,0.3,322,108.0,28,0,1.8,361.0,159.0,0,107,0.6,328.0,150.0,0.1,4.4,0.0,54858,12,66258,834,0.6,0.6,1.17,0.49,1.66,4.39,0.46,0.19,0.65,1.72,111.0,312.0,138.0,33.0,348.0,183.0,106.0,209.0,115.0,24.9,319.0,154.0,,,,23,,Federico,Chiesa,Chiesa,Knock - 50% chance of playing,,230,2,1,0,6,0,0,0,2,0,0,1,25,,,,0.0,0.0,2.35,0.39,9.78,8,11,6
386,a,100.0,100.0,6.2,74,48.0,0,0.0,-3,3.0,1.2,171,59.0,46,1,2.1,313.0,138.0,0,234,1.4,262.0,113.0,0.2,7.4,0.0,159408,760,260585,2807,1.9,1.9,2.05,1.07,3.12,17.3,0.13,0.07,0.2,1.07,220.2,202.0,86.0,283.4,76.0,58.0,178.0,117.0,68.0,68.2,122.0,68.0,,,3.0,23,,Alexis,Mac Allister,Mac Allister,,,1456,0,2,5,21,0,0,0,3,0,0,18,122,,,,0.0,0.31,1.3,1.11,7.54,24,37,61
387,a,100.0,100.0,6.6,49,31.0,0,0.0,1,-1.0,5.8,70,23.0,84,13,3.8,93.0,43.0,11,435,4.2,50.0,22.0,0.6,12.7,0.0,1511216,105863,1164754,11751,4.7,4.7,3.4,3.41,6.81,25.26,0.16,0.16,0.32,1.15,467.0,44.0,11.0,719.3,2.0,2.0,251.0,70.0,45.0,143.6,11.0,9.0,2.0,2.0,,23,,Dominik,Szoboszlai,Szoboszlai,,,1972,3,2,7,31,0,0,1,5,0,0,22,195,,,,0.0,0.32,1.41,1.0,8.9,30,54,111
388,a,100.0,100.0,5.4,166,103.0,0,0.0,-1,1.0,0.1,427,144.0,40,1,2.0,324.0,144.0,1,247,2.2,194.0,82.0,0.4,7.4,0.0,26844,256,28942,777,2.7,2.7,1.05,2.16,3.21,16.65,0.09,0.18,0.27,1.39,209.6,214.0,89.0,291.0,70.0,56.0,106.0,208.0,114.0,60.5,154.0,86.0,,,,23,,Curtis,Jones,C.Jones,,,1081,0,2,2,20,0,0,0,1,0,0,10,117,,,,0.0,0.17,1.67,0.83,9.74,20,20,77
390,a,100.0,100.0,5.7,120,76.0,0,0.0,2,-2.0,5.6,72,25.0,97,1,4.6,29.0,14.0,13,444,2.6,162.0,69.0,0.5,17.0,0.0,1822544,7875,1234550,50899,3.1,3.1,1.22,1.49,2.71,21.36,0.06,0.07,0.13,1.04,463.6,46.0,12.0,319.7,54.0,45.0,125.0,177.0,103.0,90.8,61.0,41.0,,,,23,,Ryan,Gravenberch,Gravenberch,,,1848,4,3,7,26,0,0,0,4,0,0,21,191,,,,0.0,0.34,1.27,1.02,9.3,35,66,90
393,i,0.0,0.0,4.3,598,346.0,0,0.0,-2,2.0,0.0,625,246.0,0,0,0.0,634.0,238.0,0,0,0.0,572.0,200.0,0.0,0.0,0.0,6575,20,9760,30,0.0,0.0,0.0,0.0,0.0,0.0,0.0,0.0,0.0,0.0,0.0,625.0,229.0,0.0,622.0,234.0,0.0,594.0,221.0,0.0,626.0,230.0,,,,23,,Stefan,Bajčetić Maquieira,Bajcetic,Hamstring injury - Unknown return date,,0,0,0,0,0,0,0,0,0,0,0,0,0,,,,0.0,0.0,0.0,0.0,0.0,0,0,0
394,u,0.0,0.0,4.4,537,321.0,0,0.0,-1,1.0,0.0,666,274.0,0,0,0.0,655.0,252.0,0,0,0.0,598.0,215.0,0.0,0.0,0.0,1737,0,4062,12,0.0,0.0,0.0,0.0,0.0,0.0,0.0,0.0,0.0,0.0,0.0,647.0,244.0,0.0,644.0,249.0,0.0,618.0,237.0,0.0,648.0,245.0,,,,23,,James,McConnell,McConnell,has joined Ajax on loan for the rest of the season.,,0,0,0,0,0,0,0,0,0,0,0,0,0,,,,0.0,0.0,0.0,0.0,0.0,0,0,0
395,u,0.0,0.0,4.5,424,254.0,0,0.0,0,0.0,0.0,781,345.0,0,0,0.0,682.0,268.0,0,0,0.0,630.0,234.0,0.0,0.0,0.0,0,0,355,0,0.0,0.0,0.0,0.0,0.0,0.0,0.0,0.0,0.0,0.0,0.0,677.0,263.0,0.0,674.0,266.0,0.0,652.0,257.0,0.0,678.0,264.0,,,,23,,Tyler,Morton,Morton,Has joined Lyon permanently.,,0,0,0,0,0,0,0,0,0,0,0,0,0,,,,0.0,0.0,0.0,0.0,0.0,0,0,0
396,a,,,4.3,607,353.0,0,0.0,-2,2.0,0.3,297,99.0,2,0,1.0,445.0,197.0,0,5,0.0,579.0,206.0,0.0,0.5,0.0,95937,86,78417,675,0.5,0.5,0.0,0.0,0.0,0.0,0.0,0.0,0.0,0.0,2.2,467.0,216.0,10.3,401.0,199.0,0.0,600.0,227.0,1.3,462.0,214.0,,,,23,,Trey,Nyoni,Nyoni,,,2,0,0,0,0,0,0,0,0,0,0,0,0,,,,0.0,0.0,0.0,0.0,0.0,0,0,0
397,u,0.0,0.0,6.5,52,18.0,0,0.0,0,0.0,0.1,537,75.0,0,0,0.0,800.0,88.0,0,0,0.0,797.0,85.0,0.0,0.0,0.0,0,0,15893,13,0.0,0.0,0.0,0.0,0.0,0.0,0.0,0.0,0.0,0.0,0.0,800.0,88.0,0.0,800.0,88.0,0.0,800.0,88.0,0.0,800.0,88.0,,,,23,,Darwin,Núñez Ribeiro,Darwin,Has joined Al-Hilal permanently.,,0,0,0,0,0,0,0,0,0,0,0,0,0,,,,0.0,0.0,0.0,0.0,0.0,0,0,0
398,i,0.0,0.0,4.3,594,82.0,0,0.0,-2,2.0,0.1,465,66.0,0,0,0.0,632.0,63.0,0,0,0.0,570.0,51.0,0.0,0.0,0.0,8585,35,19064,60,0.0,0.0,0.0,0.0,0.0,0.0,0.0,0.0,0.0,0.0,0.0,623.0,63.0,0.0,619.0,62.0,0.0,591.0,62.0,0.0,624.0,63.0,,,,23,,Jayden,Danns,Danns,Hamstring injury - Unknown return date,,0,0,0,0,0,0,0,0,0,0,0,0,0,,,,0.0,0.0,0.0,0.0,0.0,0,0,0
499,i,0.0,0.0,10.3,4,2.0,0,0.0,-2,2.0,3.6,92,16.0,29,0,2.9,208.0,20.0,2,96,0.0,805.0,89.0,0.0,2.8,0.0,1796723,83,2401130,2110,0.0,0.0,2.04,0.07,2.11,5.1,0.37,0.01,0.38,0.92,97.6,324.0,31.0,36.5,341.0,42.0,143.0,152.0,35.0,26.9,308.0,36.0,,,,23,,Alexander,Isak,Isak,Ankle injury - Unknown return date,,501,2,1,1,7,0,0,0,0,0,0,6,23,,,,0.0,0.18,1.26,1.08,4.13,6,6,11
661,a,100.0,100.0,8.8,8,4.0,-1,1.0,3,-3.0,25.0,13,4.0,87,1,4.3,52.0,6.0,16,306,1.0,301.0,37.0,0.1,9.9,0.0,6770007,29134,5932044,226404,1.5,1.5,6.45,1.69,8.14,18.37,0.46,0.12,0.58,1.32,367.2,91.0,9.0,207.0,117.0,5.0,514.0,13.0,7.0,107.8,35.0,8.0,,,,23,,Hugo,Ekitiké,Ekitiké,,,1249,8,2,5,17,0,0,0,0,0,0,14,56,,,,0.0,0.36,1.22,1.01,4.04,7,23,26
686,a,,,4.3,612,357.0,0,0.0,-2,2.0,0.7,215,74.0,13,1,1.6,375.0,166.0,0,56,0.6,320.0,144.0,0.1,3.0,0.0,216087,2277,155477,2991,1.1,1.1,0.37,0.35,0.72,2.78,0.44,0.41,0.85,3.29,50.8,387.0,169.0,59.7,297.0,170.0,41.0,310.0,161.0,15.3,364.0,171.0,,,,23,,Rio,Ngumoha,Ngumoha,,,76,1,0,0,3,0,0,0,0,0,0,0,3,,,,0.0,0.0,3.55,0.0,3.55,1,0,2
692,i,0.0,0.0,4.9,346,57.0,0,0.0,-1,1.0,0.0,699,241.0,0,0,0.0,764.0,259.0,0,0,0.0,731.0,255.0,0.0,0.0,0.0,1770,11,2425,7,0.0,0.0,0.0,0.0,0.0,0.0,0.0,0.0,0.0,0.0,0.0,764.0,259.0,0.0,760.0,259.0,0.0,751.0,258.0,0.0,763.0,259.0,,,,23,,Giovanni,Leoni,Leoni,Knee injury - Expected back 01 Sep,,0,0,0,0,0,0,0,0,0,0,0,0,0,,,,0.0,0.0,0.0,0.0,0.0,0,0,0
760,a,,,4.0,693,182.0,0,0.0,0,0.0,0.0,710,244.0,0,0,0.0,591.0,221.0,0,0,0.0,514.0,204.0,0.0,0.0,0.0,685,35,479,41,0.5,0.5,0.0,0.0,0.0,0.0,0.0,0.0,0.0,0.0,0.0,582.0,221.0,0.0,575.0,221.0,0.0,540.0,215.0,0.0,582.0,220.0,,,,23,,Wellity,Lucky,Lucky,,,0,0,0,0,0,0,0,0,0,0,0,0,0,,,,0.0,0.0,0.0,0.0,0.0,0,0,0
82,a,100.0,100.0,7.8,18,13.0,1,-1.0,8,-8.0,48.1,2,1.0,130,8,5.9,6.0,3.0,14,429,4.4,45.0,18.0,0.6,16.7,0.0,10179618,232709,5622288,40762,4.9,4.9,7.04,2.0,9.04,33.55,0.32,0.09,0.41,1.52,601.0,12.0,3.0,382.6,38.0,36.0,660.0,5.0,1.0,164.5,4.0,2.0,,,,23,,Antoine,Semenyo,Semenyo,,,1980,11,5,6,40,0,0,1,6,0,0,22,169,,,,0.0,0.27,1.82,1.0,7.68,30,33,106
182,a,,,4.5,422,23.0,0,0.0,-5,5.0,0.9,189,24.0,11,0,3.7,98.0,9.0,0,62,0.0,628.0,87.0,0.0,2.4,0.0,99085,57,268900,678,0.5,0.5,0.0,0.0,0.0,3.97,0.0,0.0,0.0,1.32,100.2,320.0,25.0,0.0,672.0,84.0,0.0,650.0,72.0,10.1,394.0,26.0,,,,23,,James,Trafford,Trafford,,,270,0,0,1,4,0,0,0,0,0,11,3,41,,,,3.67,0.33,1.33,1.0,0.0,2,6,33
400,a,,,4.7,374,16.0,0,0.0,-3,3.0,0.2,400,60.0,0,0,0.0,739.0,90.0,0,0,0.0,692.0,88.0,0.0,0.0,0.0,3127,28,19403,105,0.5,0.5,0.0,0.0,0.0,0.0,0.0,0.0,0.0,0.0,0.0,739.0,90.0,0.0,734.0,86.0,0.0,719.0,77.0,0.0,738.0,90.0,,,,23,,Stefan,Ortega Moreno,Ortega Moreno,,,0,0,0,0,0,0,0,0,0,0,0,0,0,,,,0.0,0.0,0.0,0.0,0.0,0,0,0
401,a,100.0,100.0,3.8,774,91.0,0,0.0,-2,2.0,0.2,372,54.0,0,0,0.0,499.0,31.0,0,0,0.0,415.0,25.0,0.0,0.0,0.0,16665,3303,17379,1231,0.5,0.5,0.0,0.0,0.0,0.0,0.0,0.0,0.0,0.0,0.0,490.0,31.0,0.0,478.0,17.0,0.0,440.0,2.0,0.0,490.0,31.0,,,,23,,Marcus,Bettinelli,Bettinelli,,,0,0,0,0,0,0,0,0,0,0,0,0,0,,,,0.0,0.0,0.0,0.0,0.0,0,0,0
402,a,100.0,100.0,5.7,121,12.0,0,0.0,-3,3.0,3.8,91,33.0,13,0,2.2,301.0,114.0,1,42,0.2,407.0,148.0,0.0,2.3,0.0,515428,580,2385716,2008,0.7,0.7,0.04,0.51,0.55,3.12,0.02,0.21,0.23,1.31,46.6,391.0,149.0,39.3,336.0,115.0,11.0,379.0,136.0,9.7,398.0,143.0,,,,23,,Rayan,Aït-Nouri,Aït-Nouri,,,214,0,0,1,2,0,0,0,1,0,0,3,31,,,,0.0,0.42,0.84,1.26,9.67,9,14,8
403,i,0.0,0.0,5.9,101,6.0,-1,1.0,-1,1.0,4.0,86,29.0,77,0,4.8,25.0,13.0,5,291,0.4,357.0,132.0,0.1,13.1,0.0,1373724,57,2094355,24954,0.0,0.0,2.19,0.64,2.83,15.29,0.15,0.04,0.19,1.06,354.6,98.0,43.0,104.7,217.0,58.0,193.0,106.0,16.0,65.3,130.0,42.0,,,,23,,Joško,Gvardiol,Gvardiol,Leg injury - Unknown return date,,1301,2,2,6,13,0,0,0,2,0,0,15,115,,,,0.0,0.42,0.9,1.04,6.85,17,82,48
412,u,0.0,0.0,5.0,281,44.0,0,0.0,0,0.0,0.0,757,258.0,0,0,0.0,777.0,261.0,0,0,0.0,750.0,258.0,0.0,0.0,0.0,0,0,847,3,0.0,0.0,0.0,0.0,0.0,0.0,0.0,0.0,0.0,0.0,0.0,777.0,261.0,0.0,775.0,261.0,0.0,769.0,260.0,0.0,777.0,261.0,,,,23,,Vitor,de Oliveira Nunes dos Reis,Vitor Reis,Has joined Girona on loan for the rest of the season.,,0,0,0,0,0,0,0,0,0,0,0,0,0,,,,0.0,0.0,0.0,0.0,0.0,0,0,0
413,a,100.0,100.0,8.3,12,7.0,0,0.0,-2,2.0,2.4,116,38.0,26,10,2.4,277.0,118.0,4,83,2.0,211.0,93.0,0.2,3.1,0.0,218441,8887,1236063,1818,2.5,2.5,1.5,0.54,2.04,2.66,0.49,0.18,0.67,0.86,79.8,345.0,152.0,57.9,301.0,171.0,124.0,179.0,105.0,26.0,314.0,151.0,,1.0,2.0,23,,Omar,Marmoush,Marmoush,,,277,1,1,1,3,0,0,0,0,0,0,3,20,,,,0.0,0.32,0.97,0.97,6.5,6,4,10
414,a,100.0,100.0,8.5,11,6.0,-1,1.0,5,-5.0,19.4,18,6.0,102,1,4.9,19.0,8.0,10,440,1.8,229.0,100.0,0.2,12.0,0.0,6142844,2698,4036328,571514,2.3,2.3,4.95,3.52,8.47,19.98,0.27,0.19,0.46,1.1,450.2,51.0,13.0,686.8,3.0,3.0,366.0,35.0,20.0,150.0,9.0,7.0,1.0,3.0,,23,,Phil,Foden,Foden,,,1641,7,2,9,14,0,0,0,3,0,0,19,119,,,,0.0,0.49,0.77,1.04,6.53,24,20,75
415,i,0.0,0.0,6.9,43,25.0,0,0.0,-1,1.0,0.4,267,92.0,26,0,1.7,371.0,164.0,0,87,0.2,410.0,192.0,0.0,3.8,0.0,33131,20,111833,399,0.0,0.0,1.28,1.18,2.46,6.39,0.22,0.2,0.42,1.08,75.0,353.0,158.0,138.1,173.0,117.0,218.0,89.0,55.0,43.1,231.0,114.0,,,,23,,Sávio,Moreira de Oliveira,Savinho,Thigh injury - Expected back 21 Feb,,531,0,2,2,5,0,0,0,1,0,0,5,44,,,,0.0,0.34,0.85,0.85,7.46,5,9,30
416,a,,,6.2,73,47.0,0,0.0,-3,3.0,0.5,250,84.0,54,6,2.3,288.0,125.0,0,265,2.8,148.0,61.0,0.5,8.7,0.0,71522,604,117635,942,3.3,3.3,0.69,1.83,2.52,21.41,0.04,0.1,0.14,1.16,226.2,196.0,84.0,368.2,42.0,39.0,105.0,212.0,118.0,69.8,115.0,63.0,5.0,,,23,,Bernardo,Mota Veiga de Carvalho e Silva,Bernardo,,,1662,0,3,8,17,0,0,0,5,0,0,19,144,,,,0.0,0.43,0.92,1.03,7.8,23,38,83
417,a,100.0,100.0,6.6,50,32.0,-1,1.0,1,-1.0,11.8,37,13.0,80,3,4.4,44.0,19.0,11,343,2.8,150.0,62.0,0.4,12.1,0.0,2515964,10896,2022568,183687,3.3,3.3,1.86,5.63,7.49,12.89,0.18,0.53,0.71,1.22,346.8,101.0,33.0,538.1,13.0,13.0,290.0,57.0,35.0,117.7,32.0,26.0,2.0,4.0,,23,,Rayan,Cherki,Cherki,,,951,2,8,5,9,0,0,0,1,0,0,11,91,,,,0.0,0.47,0.85,1.04,8.61,17,13,61
418,a,100.0,100.0,6.4,58,37.0,0,0.0,-1,1.0,3.0,107,33.0,72,1,3.6,120.0,55.0,9,305,2.6,166.0,72.0,0.4,11.2,0.0,2118549,2586,2000991,13850,3.1,3.1,1.81,4.25,6.06,15.61,0.14,0.32,0.46,1.19,302.0,141.0,51.0,557.2,11.0,11.0,380.0,31.0,17.0,123.8,24.0,19.0,,,3.0,23,,Jérémy,Doku,Doku,,,1179,1,7,5,13,0,0,0,0,0,0,13,79,,,,0.0,0.38,0.99,0.99,6.03,15,10,54
420,u,0.0,0.0,6.3,63,42.0,0,0.0,-2,2.0,0.1,542,194.0,0,0,0.0,797.0,356.0,0,0,0.0,794.0,356.0,0.0,0.0,0.0,1928,0,19775,7,0.0,0.0,0.0,0.0,0.0,0.0,0.0,0.0,0.0,0.0,0.0,797.0,356.0,0.0,797.0,356.0,0.0,797.0,356.0,0.0,797.0,356.0,,,,23,,İlkay,Gündoğan,Gündoğan,has joined Galatasaray permanently.,,0,0,0,0,0,0,0,0,0,0,0,0,0,,,,0.0,0.0,0.0,0.0,0.0,0,0,0
423,d,50.0,25.0,5.9,98,64.0,0,0.0,-1,1.0,0.1,466,158.0,55,0,2.9,203.0,87.0,1,287,1.0,297.0,136.0,0.2,9.3,0.0,26672,8,29372,373,0.8,0.4,0.56,0.91,1.47,15.72,0.04,0.06,0.1,1.06,269.0,167.0,65.0,183.5,136.0,97.0,64.0,271.0,144.0,51.6,191.0,102.0,,,,23,,Nico,González Iglesias,N.Gonzalez,Knock - 50% chance of playing,,1331,1,0,7,13,0,0,0,4,0,0,15,172,,,,0.0,0.47,0.88,1.01,11.63,33,63,76
424,i,0.0,0.0,5.1,236,145.0,0,0.0,-4,4.0,0.2,380,130.0,18,0,2.0,322.0,142.0,0,82,0.0,756.0,332.0,0.0,3.5,0.0,81628,25,95138,134,0.0,0.0,0.4,1.15,1.55,5.1,0.08,0.22,0.3,0.99,69.8,361.0,160.0,154.3,158.0,107.0,87.0,233.0,126.0,31.2,289.0,141.0,,,,23,,Oscar,Bobb,Bobb,Hamstring injury - Unknown return date,,464,0,1,2,5,0,0,0,1,0,0,5,29,,,,0.0,0.39,0.97,0.97,5.62,8,3,18
425,u,0.0,0.0,5.4,181,113.0,0,0.0,-1,1.0,0.0,723,308.0,0,0,0.0,789.0,350.0,0,0,0.0,780.0,346.0,0.0,0.0,0.0,194,0,3221,0,0.0,0.0,0.0,0.0,0.0,0.0,0.0,0.0,0.0,0.0,0.0,789.0,350.0,0.0,788.0,350.0,0.0,784.0,349.0,0.0,789.0,350.0,,,,23,,Claudio,Echeverri,Echeverri,has joined Girona on loan for the rest of the season.,,0,0,0,0,0,0,0,0,0,0,0,0,0,,,,0.0,0.0,0.0,0.0,0.0,0,0,0
427,a,,,5.2,211,132.0,0,0.0,-3,3.0,11.4,39,15.0,82,3,3.7,103.0,50.0,6,312,3.4,98.0,44.0,0.7,15.8,0.0,3507041,4911,4678536,41594,3.9,3.9,3.65,1.8,5.45,16.1,0.23,0.12,0.35,1.03,320.2,119.0,41.0,301.2,62.0,50.0,377.0,33.0,19.0,99.1,51.0,35.0,3.0,,,23,,Tijjani,Reijnders,Reijnders,,,1402,5,2,7,15,0,0,0,2,0,0,17,83,,,,0.0,0.45,0.96,1.09,5.33,8,26,49
428,u,0.0,0.0,5.0,277,170.0,0,0.0,0,0.0,0.0,708,301.0,0,0,0.0,774.0,339.0,0,0,0.0,747.0,324.0,0.0,0.0,0.0,73,0,2462,1,0.0,0.0,0.0,0.0,0.0,0.0,0.0,0.0,0.0,0.0,0.0,774.0,339.0,0.0,772.0,339.0,0.0,765.0,336.0,0.0,773.0,338.0,,,,23,,Sverre,Nypan,Nypan,Has joined Middlesbrough on loan for the rest of the season.,,0,0,0,0,0,0,0,0,0,0,0,0,0,,,,0.0,0.0,0.0,0.0,0.0,0,0,0
429,a,,,4.8,349,219.0,0,0.0,-2,2.0,0.1,535,190.0,0,0,0.0,742.0,316.0,0,0,0.0,699.0,290.0,0.0,0.0,0.0,3988,21,7899,76,0.5,0.5,0.0,0.0,0.0,0.0,0.0,0.0,0.0,0.0,0.0,742.0,316.0,0.0,737.0,316.0,0.0,723.0,311.0,0.0,741.0,315.0,,,,23,,Kalvin,Phillips,Phillips,,,0,0,0,0,0,0,0,0,0,0,0,0,0,,,,0.0,0.0,0.0,0.0,0.0,0,0,0
430,a,100.0,100.0,15.1,1,1.0,0,0.0,11,-11.0,72.7,1,1.0,166,1,7.2,1.0,1.0,31,676,2.6,168.0,20.0,0.2,11.0,0.0,6651479,8300,1168102,143489,3.1,3.1,18.6,1.26,19.86,25.22,0.87,0.06,0.93,1.18,828.6,1.0,1.0,154.3,159.0,13.0,1033.0,1.0,1.0,201.7,1.0,1.0,,,1.0,23,,Erling,Haaland,Haaland,,,1918,20,4,10,20,0,0,1,0,0,0,22,72,,,,0.0,0.47,0.94,1.03,3.38,11,34,27
736,a,,,5.7,115,2.0,0,0.0,2,-2.0,9.5,46,7.0,79,8,4.0,70.0,6.0,2,343,4.0,61.0,5.0,0.7,13.9,0.0,1893352,13539,1046963,39363,4.5,4.5,0.0,0.0,0.0,22.15,0.0,0.0,0.0,1.11,387.8,80.0,15.0,0.0,793.0,92.0,0.0,791.0,91.0,38.9,255.0,15.0,,,,23,,Gianluigi,Donnarumma,Donnarumma,,,1800,0,0,9,17,0,1,0,5,0,44,20,55,,,,2.2,0.45,0.85,1.0,0.0,0,27,132
739,a,,,4.4,556,333.0,0,0.0,-1,1.0,0.0,662,272.0,2,0,1.0,451.0,202.0,0,5,0.2,377.0,172.0,0.0,0.5,0.0,3372,38,2758,75,0.7,0.7,0.0,0.21,0.21,0.34,0.0,0.76,0.76,1.22,4.2,457.0,209.0,28.3,358.0,186.0,4.0,411.0,203.0,3.7,437.0,198.0,,,,23,,Divine,Mukasa,Mukasa,,,25,0,0,0,0,0,0,0,0,0,0,0,1,,,,0.0,0.0,0.0,0.0,3.6,0,0,1
740,a,,,3.9,764,225.0,0,0.0,-1,1.0,0.0,605,217.0,0,0,0.0,548.0,200.0,0,0,0.0,470.0,182.0,0.0,0.0,0.0,3085,24,3296,57,0.5,0.5,0.0,0.0,0.0,0.0,0.0,0.0,0.0,0.0,0.0,539.0,200.0,0.0,530.0,200.0,0.0,493.0,192.0,0.0,539.0,199.0,,,,23,,Stephen,Mfuni,Mfuni,,,0,0,0,0,0,0,0,0,0,0,0,0,0,,,,0.0,0.0,0.0,0.0,0.0,0,0,0
742,a,,,4.5,494,306.0,0,0.0,0,0.0,0.0,719,306.0,0,0,0.0,729.0,307.0,0,0,0.0,681.0,277.0,0.0,0.0,0.0,1315,17,1086,26,0.5,0.5,0.0,0.0,0.0,0.0,0.0,0.0,0.0,0.0,0.0,729.0,307.0,0.0,724.0,307.0,0.0,706.0,301.0,0.0,728.0,306.0,,,,23,,Ryan,McAidoo,McAidoo,,,0,0,0,0,0,0,0,0,0,0,0,0,0,,,,0.0,0.0,0.0,0.0,0.0,0,0,0
763,a,,,4.5,450,271.0,0,0.0,0,0.0,0.0,778,342.0,0,0,0.0,698.0,283.0,0,0,0.0,648.0,251.0,0.0,0.0,0.0,268,11,167,15,0.5,0.5,0.0,0.0,0.0,0.0,0.0,0.0,0.0,0.0,0.0,694.0,279.0,0.0,691.0,281.0,0.0,670.0,272.0,0.0,694.0,279.0,,,,23,,Charlie,Gray,Gray,,,0,0,0,0,0,0,0,0,0,0,0,0,0,,,,0.0,0.0,0.0,0.0,0.0,0,0,0
764,a,,,4.5,477,292.0,0,0.0,0,0.0,0.0,786,346.0,0,0,0.0,715.0,295.0,0,0,0.0,666.0,264.0,0.0,0.0,0.0,128,2,88,5,0.5,0.5,0.0,0.0,0.0,0.0,0.0,0.0,0.0,0.0,0.0,714.0,294.0,0.0,709.0,294.0,0.0,691.0,288.0,0.0,713.0,293.0,,,,23,,Reigan,Heskey,Heskey,,,0,0,0,0,0,0,0,0,0,0,0,0,0,,,,0.0,0.0,0.0,0.0,0.0,0,0,0
794,a,,,4.4,538,117.0,-1,1.0,-1,1.0,0.0,678,235.0,5,0,2.5,259.0,103.0,0,27,1.7,230.0,85.0,0.4,1.1,0.0,4768,43,2864,626,2.2,2.2,0.26,0.06,0.32,1.54,0.17,0.04,0.21,1.03,34.0,407.0,154.0,14.8,386.0,141.0,26.0,339.0,111.0,7.5,413.0,150.0,,,,23,,Max,Alleyne,Alleyne,,,135,0,0,0,1,0,0,0,0,0,0,2,11,,,,0.0,0.0,0.67,1.33,7.33,3,8,4
119,a,100.0,100.0,8.3,13,8.0,1,-1.0,3,-3.0,15.1,23,10.0,93,10,5.2,14.0,7.0,14,344,3.8,78.0,34.0,0.5,11.2,0.0,5506110,472615,5437057,9746,3.8,2.8,6.3,3.42,9.72,21.84,0.37,0.2,0.57,1.27,438.2,55.0,14.0,499.0,16.0,15.0,605.0,8.0,3.0,154.2,7.0,5.0,2.0,2.0,,23,,Bryan,Mbeumo,Mbeumo,,,1543,8,1,3,26,0,0,0,3,0,0,18,82,,,,0.0,0.17,1.52,1.05,4.78,14,10,58
431,a,,,4.7,383,17.0,0,0.0,-3,3.0,0.3,303,40.0,11,0,1.8,349.0,28.0,0,49,0.0,695.0,89.0,0.0,2.3,0.0,35065,179,59948,235,0.0,-1.0,0.0,0.05,0.05,9.24,0.0,0.01,0.01,1.54,118.4,300.0,24.0,10.0,408.0,9.0,0.0,720.0,78.0,12.8,376.0,24.0,,,,23,,Altay,Bayındır,Bayindir,,,540,0,0,0,11,0,0,0,0,0,13,6,46,,,,2.17,0.0,1.83,1.0,0.0,0,7,39
432,u,0.0,0.0,4.9,299,12.0,0,0.0,-1,1.0,0.1,415,63.0,0,0,0.0,750.0,91.0,0,0,0.0,712.0,91.0,0.0,0.0,0.0,5156,0,26300,35,0.0,0.0,0.0,0.0,0.0,0.0,0.0,0.0,0.0,0.0,0.0,750.0,91.0,0.0,746.0,88.0,0.0,736.0,82.0,0.0,749.0,91.0,,,,23,,André,Onana,Onana,has joined Trabzonspor on loan for the rest of the season.,,0,0,0,0,0,0,0,0,0,0,0,0,0,,,,0.0,0.0,0.0,0.0,0.0,0,0,0
433,u,0.0,0.0,4.0,705,63.0,0,0.0,0,0.0,0.0,787,91.0,0,0,0.0,601.0,81.0,0,0,0.0,526.0,75.0,0.0,0.0,0.0,0,0,243,0,0.0,0.0,0.0,0.0,0.0,0.0,0.0,0.0,0.0,0.0,0.0,592.0,81.0,0.0,585.0,70.0,0.0,551.0,55.0,0.0,592.0,81.0,,,,23,,Elyh,Harrison,Harrison,On loan to Shrewsbury Town,,0,0,0,0,0,0,0,0,0,0,0,0,0,,,,0.0,0.0,0.0,0.0,0.0,0,0,0
434,a,,,3.9,723,64.0,0,0.0,-1,1.0,0.3,335,46.0,0,0,0.0,517.0,33.0,0,0,0.0,438.0,27.0,0.0,0.0,0.0,14785,68,22030,412,0.0,-1.0,0.0,0.0,0.0,0.0,0.0,0.0,0.0,0.0,0.0,508.0,33.0,0.0,498.0,19.0,0.0,461.0,4.0,0.0,508.0,33.0,,,,23,,Tom,Heaton,Heaton,,,0,0,0,0,0,0,0,0,0,0,0,0,0,,,,0.0,0.0,0.0,0.0,0.0,0,0,0
435,a,,,3.9,746,79.0,0,0.0,-1,1.0,0.1,469,71.0,0,0,0.0,533.0,47.0,0,0,0.0,455.0,41.0,0.0,0.0,0.0,5025,40,7894,122,0.0,-1.0,0.0,0.0,0.0,0.0,0.0,0.0,0.0,0.0,0.0,524.0,47.0,0.0,515.0,34.0,0.0,478.0,19.0,0.0,524.0,47.0,,,,23,,Dermot,Mee,Mee,,,0,0,0,0,0,0,0,0,0,0,0,0,0,,,,0.0,0.0,0.0,0.0,0.0,0,0,0
436,i,0.0,0.0,4.9,304,49.0,0,0.0,-1,1.0,1.9,134,53.0,43,0,3.3,142.0,57.0,5,169,0.0,713.0,254.0,0.0,8.8,0.0,419212,56,534082,2446,0.0,0.0,1.38,0.83,2.21,18.73,0.11,0.06,0.17,1.44,276.6,162.0,67.0,60.2,296.0,98.0,122.0,183.0,39.0,45.7,217.0,74.0,,,,23,,Matthijs,de Ligt,De Ligt,Back injury - Expected back 10 Feb,,1170,1,0,1,20,0,0,0,0,0,0,13,139,,,,0.0,0.08,1.54,1.0,8.23,19,88,40
746,a,,,4.5,483,297.0,0,0.0,0,0.0,0.0,733,313.0,0,0,0.0,721.0,300.0,0,0,0.0,672.0,269.0,0.0,0.0,0.0,849,15,620,16,0.5,0.5,0.0,0.0,0.0,0.0,0.0,0.0,0.0,0.0,0.0,720.0,299.0,0.0,715.0,299.0,0.0,697.0,293.0,0.0,719.0,298.0,,,,23,,Kieran,Morrison,Morrison,,,0,0,0,0,0,0,0,0,0,0,0,0,0,,,,0.0,0.0,0.0,0.0,0.0,0,0,0
437,a,100.0,100.0,4.8,360,62.0,0,0.0,-2,2.0,0.6,229,86.0,29,-1,2.6,243.0,97.0,2,112,2.8,144.0,55.0,0.6,6.0,0.0,99770,8242,50429,4663,2.8,1.8,0.06,0.22,0.28,5.8,0.01,0.03,0.04,0.82,154.6,266.0,106.0,57.8,302.0,99.0,10.0,384.0,140.0,22.4,332.0,113.0,,,,23,,Lisandro,Martínez,Martinez,,,634,0,0,2,8,1,0,0,0,0,0,6,55,,,,0.0,0.28,1.14,0.85,7.81,7,48,32
443,a,,,4.5,404,74.0,0,0.0,0,0.0,0.6,235,88.0,53,1,2.3,279.0,109.0,0,236,2.2,188.0,70.0,0.5,11.8,0.0,129387,3298,100014,2453,2.2,1.2,0.08,1.23,1.31,26.57,0.0,0.06,0.06,1.2,342.2,104.0,46.0,218.4,107.0,27.0,35.0,321.0,103.0,59.6,157.0,50.0,,,,23,,Luke,Shaw,Shaw,,,1998,0,1,4,31,0,0,0,4,0,0,23,160,,,,0.0,0.18,1.4,1.04,5.81,48,81,65
444,a,,,4.2,638,154.0,0,0.0,-3,3.0,1.3,167,63.0,35,0,1.7,362.0,136.0,1,105,0.8,306.0,109.0,0.2,8.3,0.0,200625,465,291203,2669,0.8,-0.2,0.68,0.24,0.92,17.22,0.05,0.02,0.07,1.37,194.6,231.0,94.0,61.3,288.0,93.0,73.0,254.0,71.0,32.8,279.0,92.0,,,,23,,Leny,Yoro,Yoro,,,1133,0,1,1,24,0,0,0,0,0,0,12,116,,,,0.0,0.08,1.91,0.95,7.47,22,72,49
445,u,0.0,0.0,4.0,703,191.0,0,0.0,0,0.0,0.1,527,192.0,0,0,0.0,599.0,228.0,0,0,0.0,524.0,213.0,0.0,0.0,0.0,1160,0,14275,36,0.0,0.0,0.0,0.0,0.0,0.0,0.0,0.0,0.0,0.0,0.0,590.0,228.0,0.0,583.0,228.0,0.0,549.0,223.0,0.0,590.0,227.0,,,,23,,Harry,Amass,Amass,has joined Norwich City on loan for the rest of the season.,,0,0,0,0,0,0,0,0,0,0,0,0,0,,,,0.0,0.0,0.0,0.0,0.0,0,0,0
446,a,,,3.8,794,253.0,0,0.0,-2,2.0,0.1,424,157.0,1,0,1.0,433.0,158.0,0,4,0.0,431.0,169.0,0.0,0.3,0.0,10062,63,13647,160,0.0,-1.0,0.0,0.0,0.0,0.3,0.0,0.0,0.0,13.5,4.0,458.0,167.0,0.0,492.0,189.0,0.0,454.0,180.0,0.4,472.0,168.0,,,,23,,Tyler,Fredricson,Fredricson,,,2,0,0,0,0,0,0,0,0,0,0,0,2,,,,0.0,0.0,0.0,0.0,90.0,0,2,0
447,a,100.0,100.0,3.8,803,261.0,-1,1.0,-2,2.0,2.3,119,46.0,26,0,2.4,266.0,104.0,0,107,1.4,250.0,94.0,0.4,6.8,0.0,373405,1244,266034,18216,1.4,0.4,0.34,0.17,0.51,7.95,0.05,0.02,0.07,1.12,175.6,245.0,100.0,27.2,360.0,128.0,26.0,337.0,110.0,22.9,328.0,111.0,,,,23,,Ayden,Heaven,Heaven,,,636,0,1,1,12,1,0,0,1,0,0,8,72,,,,0.0,0.14,1.7,1.13,10.05,16,55,29
448,a,,,3.8,776,235.0,0,0.0,-2,2.0,0.4,269,100.0,1,0,1.0,432.0,157.0,0,3,0.0,417.0,155.0,0.0,0.3,0.0,52122,240,52898,786,0.0,-1.0,0.0,0.0,0.0,0.3,0.0,0.0,0.0,13.5,3.0,462.0,168.0,0.0,479.0,176.0,0.0,441.0,167.0,0.3,477.0,170.0,,,,23,,Tyrell,Malacia,Malacia,,,2,0,0,0,0,0,0,0,0,0,0,0,2,,,,0.0,0.0,0.0,0.0,90.0,1,1,0
449,a,100.0,100.0,9.5,6,4.0,2,-2.0,5,-5.0,23.7,15,5.0,121,5,6.0,5.0,2.0,21,533,4.4,46.0,19.0,0.5,12.7,0.0,5436428,572136,5230835,8331,4.4,3.4,7.44,5.65,13.09,24.42,0.39,0.3,0.69,1.28,687.2,5.0,1.0,932.6,1.0,1.0,344.0,41.0,24.0,196.7,2.0,1.0,1.0,1.0,1.0,23,,Bruno,Borges Fernandes,B.Fernandes,,,1715,5,10,2,30,0,0,2,2,0,0,20,197,,,,0.0,0.1,1.57,1.05,10.34,36,51,110
450,a,100.0,100.0,8.0,16,11.0,0,0.0,0,0.0,7.7,52,19.0,79,9,4.0,75.0,32.0,9,327,5.2,25.0,10.0,0.6,9.9,0.0,2645924,46848,2701784,48271,5.2,4.2,4.91,2.16,7.07,20.07,0.31,0.14,0.45,1.28,388.6,79.0,25.0,322.2,52.0,44.0,474.0,20.0,9.0,118.6,30.0,24.0,,,,23,,Matheus,Santos Carneiro da Cunha,Cunha,,,1412,5,2,3,22,0,0,0,1,0,0,16,120,,,,0.0,0.19,1.4,1.02,7.65,21,25,74
451,u,0.0,0.0,7.0,38,23.0,0,0.0,0,0.0,0.0,684,287.0,0,0,0.0,803.0,359.0,0,0,0.0,800.0,359.0,0.0,0.0,0.0,0,0,2095,3,0.0,0.0,0.0,0.0,0.0,0.0,0.0,0.0,0.0,0.0,0.0,803.0,359.0,0.0,803.0,359.0,0.0,803.0,359.0,0.0,803.0,359.0,,,,23,,Marcus,Rashford,Rashford,Has joined Barcelona on loan for the rest of the season,,0,0,0,0,0,0,0,0,0,0,0,0,0,,,,0.0,0.0,0.0,0.0,0.0,0,0,0
452,a,100.0,100.0,6.2,78,51.0,0,0.0,-3,3.0,1.4,157,54.0,61,2,3.6,118.0,54.0,6,293,1.0,298.0,137.0,0.2,9.8,0.0,307697,20495,483256,5015,1.0,0.0,3.81,2.81,6.62,17.09,0.25,0.18,0.43,1.11,295.8,147.0,54.0,396.1,32.0,31.0,332.0,45.0,27.0,102.5,42.0,31.0,,,,23,,Amad,Diallo,Amad,,,1380,2,4,3,20,0,0,0,1,0,0,16,120,,,,0.0,0.2,1.3,1.04,7.83,24,30,66
454,u,0.0,0.0,5.9,99,65.0,0,0.0,-1,1.0,0.1,553,202.0,0,0,0.0,796.0,355.0,0,0,0.0,793.0,355.0,0.0,0.0,0.0,1511,0,10646,9,0.0,0.0,0.0,0.0,0.0,0.0,0.0,0.0,0.0,0.0,0.0,796.0,355.0,0.0,796.0,355.0,0.0,796.0,355.0,0.0,796.0,355.0,,,,23,,Antony,dos Santos,Antony,has joined Real Betis permanently.,,0,0,0,0,0,0,0,0,0,0,0,0,0,,,,0.0,0.0,0.0,0.0,0.0,0,0,0
455,a,100.0,100.0,5.9,95,61.0,0,0.0,-1,1.0,0.4,276,93.0,46,0,2.7,232.0,102.0,3,164,0.4,356.0,159.0,0.1,7.8,0.0,182568,563,185201,2310,0.4,-0.6,1.54,1.4,2.94,10.3,0.17,0.16,0.33,1.14,162.4,258.0,112.0,198.5,127.0,91.0,158.0,133.0,78.0,51.9,188.0,99.0,3.0,,,23,,Mason,Mount,Mount,,,812,3,0,3,14,0,0,0,0,0,0,10,62,,,,0.0,0.33,1.55,1.11,6.87,14,7,41
457,a,100.0,100.0,5.5,135,83.0,0,0.0,0,0.0,1.3,166,58.0,92,2,4.4,40.0,17.0,11,347,4.4,44.0,17.0,0.8,16.7,0.0,390568,9095,281998,8731,4.4,3.4,3.69,1.84,5.53,16.45,0.23,0.11,0.34,1.0,426.6,59.0,17.0,290.6,71.0,57.0,287.0,58.0,36.0,100.6,48.0,34.0,,,,23,,Carlos Henrique,Casimiro,Casemiro,,,1474,4,3,5,19,0,0,0,5,1,0,20,195,,,,0.0,0.31,1.16,1.22,11.91,48,67,80
458,a,100.0,100.0,4.6,396,245.0,0,0.0,-4,4.0,0.5,246,83.0,20,5,1.4,402.0,179.0,0,83,1.8,221.0,95.0,0.4,4.3,0.0,69865,8283,100992,1371,1.8,0.8,0.14,0.29,0.43,5.9,0.03,0.06,0.09,1.3,91.0,332.0,146.0,121.0,194.0,128.0,29.0,334.0,174.0,24.1,321.0,155.0,,,,23,,Kobbie,Mainoo,Mainoo,,,408,0,1,1,9,0,0,0,0,0,0,2,43,,,,0.0,0.22,1.99,0.44,9.49,9,14,20
459,a,,,4.7,381,238.0,0,0.0,-3,3.0,0.2,396,134.0,29,0,1.8,348.0,153.0,0,147,1.8,222.0,96.0,0.4,6.2,0.0,27709,324,33714,735,1.8,0.8,0.31,0.15,0.46,13.45,0.04,0.02,0.06,1.66,116.6,301.0,134.0,60.7,293.0,169.0,32.0,326.0,171.0,20.7,341.0,164.0,,,,23,,Manuel,Ugarte Ribeiro,Ugarte,,,730,0,0,1,18,0,0,0,1,0,0,7,115,,,,0.0,0.12,2.22,0.86,14.18,39,30,46
461,a,,,4.3,604,351.0,0,0.0,-2,2.0,0.0,609,234.0,0,0,0.0,638.0,242.0,0,0,0.0,576.0,204.0,0.0,0.0,0.0,2665,36,4443,43,0.0,-1.0,0.0,0.0,0.0,0.0,0.0,0.0,0.0,0.0,0.0,629.0,233.0,0.0,626.0,238.0,0.0,598.0,225.0,0.0,630.0,234.0,,,,23,,Jayce,Fitzgerald,Fitzgerald,,,0,0,0,0,0,0,0,0,0,0,0,0,0,,,,0.0,0.0,0.0,0.0,0.0,0,0,0
462,a,,,4.3,601,348.0,0,0.0,-2,2.0,0.1,496,176.0,3,0,1.0,443.0,196.0,0,10,0.2,373.0,168.0,0.0,0.7,0.0,12613,97,10501,317,0.2,-0.8,0.03,0.02,0.05,1.86,0.03,0.02,0.05,1.56,18.6,432.0,193.0,24.4,368.0,189.0,5.0,408.0,201.0,4.8,430.0,193.0,,,,23,,Jack,Fletcher,J.Fletcher,,,107,0,0,0,0,0,0,0,0,0,0,0,11,,,,0.0,0.0,0.0,0.0,9.25,5,2,4
463,a,,,4.3,613,358.0,0,0.0,-2,2.0,0.1,486,171.0,0,0,0.0,644.0,247.0,0,0,0.0,584.0,210.0,0.0,0.0,0.0,8753,70,11943,126,0.0,-1.0,0.0,0.0,0.0,0.0,0.0,0.0,0.0,0.0,0.0,635.0,238.0,0.0,632.0,243.0,0.0,605.0,231.0,0.0,636.0,239.0,,,,23,,Sékou,Koné,Kone,,,0,0,0,0,0,0,0,0,0,0,0,0,0,,,,0.0,0.0,0.0,0.0,0.0,0,0,0
464,u,0.0,0.0,4.5,464,283.0,0,0.0,0,0.0,0.0,676,281.0,0,0,0.0,706.0,290.0,0,0,0.0,657.0,259.0,0.0,0.0,0.0,723,0,2811,1,0.0,0.0,0.0,0.0,0.0,0.0,0.0,0.0,0.0,0.0,0.0,704.0,288.0,0.0,700.0,289.0,0.0,680.0,281.0,0.0,704.0,288.0,,,,23,,Jack,Moorhouse,Moorhouse,has joined Leyton Orient on loan for the rest of the season.,,0,0,0,0,0,0,0,0,0,0,0,0,0,,,,0.0,0.0,0.0,0.0,0.0,0,0,0
465,u,0.0,0.0,6.3,70,22.0,0,0.0,-2,2.0,0.3,336,55.0,0,0,0.0,798.0,87.0,0,0,0.0,795.0,84.0,0.0,0.0,0.0,5437,0,56352,33,0.0,0.0,0.0,0.0,0.0,0.0,0.0,0.0,0.0,0.0,0.0,798.0,87.0,0.0,798.0,87.0,0.0,798.0,87.0,0.0,798.0,87.0,,,,23,,Rasmus,Højlund,Højlund,has joined Napoli on loan for the rest of the season.,,0,0,0,0,0,0,0,0,0,0,0,0,0,,,,0.0,0.0,0.0,0.0,0.0,0,0,0
681,a,100.0,100.0,7.2,33,13.0,0,0.0,-3,3.0,3.3,97,17.0,56,1,3.1,181.0,19.0,8,171,3.6,91.0,9.0,0.5,7.8,0.0,654261,6084,1310712,12653,3.6,2.6,4.95,0.2,5.15,15.72,0.43,0.02,0.45,1.35,227.4,194.0,14.0,125.2,189.0,16.0,486.0,19.0,11.0,83.1,79.0,14.0,,,,23,,Benjamin,Sesko,Šeško,,,1047,4,2,1,21,0,0,0,1,0,0,11,44,,,,0.0,0.09,1.81,0.95,3.78,5,17,22
733,a,,,5.0,259,9.0,0,0.0,0,0.0,1.8,140,18.0,49,2,2.9,199.0,18.0,4,187,2.8,146.0,15.0,0.6,9.8,0.0,396278,11957,238678,6886,2.8,1.8,0.0,0.0,0.0,19.25,0.0,0.0,0.0,1.13,320.6,118.0,18.0,0.0,765.0,89.0,2.0,433.0,1.0,32.3,282.0,17.0,,,,23,,Senne,Lammens,Lammens,,,1530,0,0,3,23,0,0,0,0,0,37,17,43,,,,2.18,0.18,1.35,1.0,0.0,1,13,118
755,a,100.0,100.0,4.5,474,290.0,0,0.0,0,0.0,0.0,701,295.0,2,0,1.0,460.0,210.0,0,8,0.2,386.0,177.0,0.0,0.4,0.0,2675,89,1485,182,0.2,-0.8,0.07,0.0,0.07,0.11,0.52,0.0,0.52,0.82,4.0,459.0,210.0,1.5,444.0,215.0,11.0,377.0,190.0,1.5,457.0,209.0,,,,23,,Shea,Lacey,Lacey,,,12,0,0,0,0,0,0,0,0,0,0,0,1,,,,0.0,0.0,0.0,0.0,7.5,1,0,0
769,a,,,4.5,473,289.0,0,0.0,0,0.0,0.0,777,341.0,1,0,1.0,459.0,209.0,0,3,0.2,385.0,176.0,0.0,0.2,0.0,257,16,147,17,0.2,-0.8,0.0,0.01,0.01,0.05,0.0,0.06,0.06,0.3,2.2,468.0,217.0,11.7,395.0,196.0,0.0,689.0,287.0,1.4,459.0,211.0,,,,23,,Bendito,Mantato,Bendito Mantato,,,15,0,0,0,0,0,0,0,0,0,0,0,0,,,,0.0,0.0,0.0,0.0,0.0,0,0,0
771,a,,,4.5,451,272.0,0,0.0,0,0.0,0.0,755,327.0,0,0,0.0,699.0,284.0,0,0,0.0,649.0,252.0,0.0,0.0,0.0,949,27,531,58,0.0,-1.0,0.0,0.0,0.0,0.0,0.0,0.0,0.0,0.0,0.0,695.0,280.0,0.0,692.0,282.0,0.0,671.0,273.0,0.0,695.0,280.0,,,,23,,Tyler,Fletcher,Fletcher,,,0,0,0,0,0,0,0,0,0,0,0,0,0,,,,0.0,0.0,0.0,0.0,0.0,0,0,0
788,a,,,4.0,702,190.0,0,0.0,0,0.0,0.0,761,259.0,0,0,0.0,598.0,227.0,0,0,0.0,523.0,212.0,0.0,0.0,0.0,194,28,108,16,0.0,-1.0,0.0,0.0,0.0,0.0,0.0,0.0,0.0,0.0,0.0,589.0,227.0,0.0,582.0,227.0,0.0,548.0,222.0,0.0,589.0,226.0,,,,23,,Godwill,Kukonki,Kukonki,,,0,0,0,0,0,0,0,0,0,0,0,0,0,,,,0.0,0.0,0.0,0.0,0.0,0,0,0
479,i,0.0,0.0,4.3,567,124.0,0,0.0,-2,2.0,0.0,615,220.0,0,0,0.0,625.0,246.0,0,-8,0.0,562.0,238.0,0.0,0.0,0.0,1438,8,4966,15,0.0,0.0,0.0,0.0,0.0,0.25,0.0,0.0,0.0,0.5,1.4,472.0,170.0,1.2,446.0,163.0,0.0,583.0,244.0,0.3,478.0,171.0,,,,23,,Emil,Krafth,Krafth,Knee injury - Unknown return date,,45,0,0,0,2,0,0,0,0,0,0,1,1,,,,0.0,0.0,4.0,2.0,2.0,0,1,0
480,d,25.0,25.0,4.3,565,122.0,0,0.0,-2,2.0,0.1,576,209.0,1,0,0.5,492.0,172.0,0,0,0.0,561.0,237.0,0.0,0.2,0.0,2745,3,8711,42,-0.1,0.0,0.04,0.0,0.04,0.55,0.19,0.0,0.19,2.61,10.2,440.0,165.0,0.0,612.0,246.0,7.0,398.0,150.0,1.7,452.0,164.0,,,,23,,Jamaal,Lascelles,Lascelles,Lack of match fitness - 25% chance of playing,,19,0,0,0,2,0,0,0,0,0,0,0,5,,,,0.0,0.0,9.47,0.0,23.68,0,5,0
481,a,,,3.8,793,252.0,0,0.0,-2,2.0,0.7,216,81.0,0,0,0.0,511.0,189.0,0,0,0.0,430.0,168.0,0.0,0.0,0.0,70707,552,93333,1038,-0.5,0.0,0.0,0.0,0.0,0.0,0.0,0.0,0.0,0.0,0.0,502.0,189.0,0.0,491.0,188.0,0.0,453.0,179.0,0.0,502.0,188.0,,,,23,,Alex,Murphy,A.Murphy,,,0,0,0,0,0,0,0,0,0,0,0,0,0,,,,0.0,0.0,0.0,0.0,0.0,0,0,0
482,u,0.0,0.0,3.9,743,216.0,0,0.0,-1,1.0,0.1,441,162.0,0,0,0.0,531.0,195.0,0,0,0.0,453.0,177.0,0.0,0.0,0.0,8541,0,16036,127,0.0,0.0,0.0,0.0,0.0,0.0,0.0,0.0,0.0,0.0,0.0,522.0,195.0,0.0,513.0,195.0,0.0,476.0,187.0,0.0,522.0,194.0,,,,23,,Harrison,Ashby,Ashby,has joined Bradford City on loan for the rest of the season.,,0,0,0,0,0,0,0,0,0,0,0,0,0,,,,0.0,0.0,0.0,0.0,0.0,0,0,0
483,a,,,3.8,800,259.0,0,0.0,-2,2.0,0.4,275,102.0,0,0,0.0,514.0,192.0,0,0,0.0,435.0,173.0,0.0,0.0,0.0,62408,154,43526,797,-0.5,0.0,0.0,0.0,0.0,0.0,0.0,0.0,0.0,0.0,0.0,505.0,192.0,0.0,495.0,192.0,0.0,458.0,184.0,0.0,505.0,191.0,,,,23,,Miodrag,Pivaš,Pivas,,,0,0,0,0,0,0,0,0,0,0,0,0,0,,,,0.0,0.0,0.0,0.0,0.0,0,0,0
484,u,0.0,0.0,4.0,658,163.0,0,0.0,0,0.0,0.1,413,152.0,0,0,0.0,562.0,207.0,0,0,0.0,484.0,189.0,0.0,0.0,0.0,3759,0,44694,54,0.0,0.0,0.0,0.0,0.0,0.0,0.0,0.0,0.0,0.0,0.0,553.0,207.0,0.0,545.0,207.0,0.0,510.0,201.0,0.0,553.0,206.0,,,,23,,Matt,Targett,Targett,has joined Middlesbrough on loan for the rest of the season.,,0,0,0,0,0,0,0,0,0,0,0,0,0,,,,0.0,0.0,0.0,0.0,0.0,0,0,0
485,a,100.0,100.0,7.3,27,18.0,-1,1.0,-2,2.0,4.3,82,28.0,55,2,3.1,182.0,77.0,4,194,2.6,167.0,73.0,0.4,7.5,0.0,1412761,3662,1129773,81123,2.1,2.6,4.82,2.99,7.81,12.32,0.38,0.24,0.62,0.98,200.2,223.0,95.0,313.9,58.0,47.0,284.0,61.0,39.0,79.4,88.0,53.0,,,2.0,23,,Anthony,Gordon,Gordon,,,1127,2,3,6,18,0,0,0,2,1,0,16,59,,,,0.0,0.48,1.44,1.28,4.71,12,11,36
488,d,75.0,75.0,7.2,31,20.0,-1,1.0,7,-7.0,18.7,19,7.0,120,0,5.7,7.0,4.0,18,526,6.8,5.0,2.0,0.9,16.7,0.0,3866813,13767,1776976,372401,4.7,5.1,4.03,2.95,6.98,22.8,0.2,0.14,0.34,1.12,606.4,11.0,2.0,542.4,12.0,12.0,342.0,42.0,25.0,149.1,10.0,8.0,,,,23,,Bruno,Guimarães Rodriguez Moura,Bruno G.,Ankle injury - 75% chance of playing,,1839,8,5,6,27,0,0,0,4,0,0,20,178,,,,0.0,0.29,1.32,0.98,8.71,45,39,94
489,d,25.0,25.0,5.9,91,58.0,0,0.0,-6,6.0,0.6,227,78.0,51,0,2.8,221.0,98.0,2,209,1.0,296.0,135.0,0.2,8.6,0.0,154356,14,337653,2379,0.1,0.2,2.75,2.32,5.07,11.71,0.25,0.21,0.46,1.05,209.2,215.0,90.0,299.6,63.0,51.0,266.0,67.0,43.0,77.3,90.0,54.0,,,,23,,Jacob,Murphy,J.Murphy,Hamstring injury - 25% chance of playing,,1005,2,1,6,9,0,0,0,0,0,0,12,43,,,,0.0,0.54,0.81,1.07,3.85,7,10,26
490,d,75.0,100.0,5.9,94,60.0,0,0.0,-1,1.0,0.4,266,91.0,56,0,2.9,202.0,86.0,2,239,4.8,34.0,14.0,0.8,9.5,0.0,70623,1075,84197,3775,3.2,4.8,1.75,0.97,2.72,17.25,0.12,0.06,0.18,1.14,254.6,179.0,74.0,209.3,115.0,82.0,269.0,66.0,42.0,73.4,101.0,57.0,,,,23,,Joelinton Cássio,Apolinário de Lira,Joelinton,Groin Injury - 75% chance of playing,,1364,2,0,5,18,0,0,0,6,0,0,17,171,,,,0.0,0.33,1.19,1.12,11.28,30,55,86
491,a,100.0,100.0,5.3,195,121.0,0,0.0,-2,2.0,1.0,182,62.0,56,4,2.4,273.0,116.0,1,303,2.4,178.0,77.0,0.5,10.6,0.0,176856,1708,289441,1864,1.9,2.4,1.31,1.56,2.87,17.99,0.07,0.09,0.16,1.03,262.8,175.0,71.0,305.7,59.0,48.0,141.0,154.0,89.0,71.2,111.0,61.0,1.0,1.0,,23,,Sandro,Tonali,Tonali,,,1576,0,1,7,18,0,0,0,3,0,0,20,171,,,,0.0,0.4,1.03,1.14,9.77,24,48,99
492,u,0.0,0.0,4.9,345,216.0,0,0.0,-1,1.0,0.0,664,273.0,0,0,0.0,763.0,331.0,0,0,0.0,730.0,312.0,0.0,0.0,0.0,655,0,3545,5,0.0,0.0,0.0,0.0,0.0,0.0,0.0,0.0,0.0,0.0,0.0,763.0,331.0,0.0,759.0,331.0,0.0,750.0,328.0,0.0,762.0,330.0,,,,23,,Antoñito,Cordero Campillo,Antoñito C.,has joined Cadiz on loan for the rest of the season.,,0,0,0,0,0,0,0,0,0,0,0,0,0,,,,0.0,0.0,0.0,0.0,0.0,0,0,0
498,u,0.0,0.0,4.5,432,259.0,0,0.0,0,0.0,0.0,749,323.0,0,0,0.0,688.0,273.0,0,0,0.0,636.0,239.0,0.0,0.0,0.0,117,0,1202,15,0.0,0.0,0.0,0.0,0.0,0.0,0.0,0.0,0.0,0.0,0.0,683.0,268.0,0.0,681.0,271.0,0.0,659.0,262.0,0.0,684.0,269.0,,,,23,,Joe,White,White,has joined Bradford City on loan for the rest of the season.,,0,0,0,0,0,0,0,0,0,0,0,0,0,,,,0.0,0.0,0.0,0.0,0.0,0,0,0
500,a,100.0,50.0,5.4,180,43.0,0,0.0,-1,1.0,0.2,373,59.0,18,0,1.8,356.0,38.0,0,60,0.0,779.0,80.0,0.0,3.3,0.0,68886,94,85408,92,-0.5,0.0,0.64,0.03,0.67,3.27,0.27,0.01,0.28,1.38,41.2,398.0,43.0,14.2,389.0,50.0,68.0,264.0,46.0,12.1,380.0,46.0,,,,23,,William,Osula,Osula,,,213,1,1,1,4,0,0,0,0,0,0,1,8,,,,0.0,0.42,1.69,0.42,3.38,1,1,6
501,a,,,4.3,610,84.0,0,0.0,-2,2.0,0.2,350,56.0,0,0,0.0,642.0,64.0,0,0,0.0,582.0,53.0,0.0,0.0,0.0,20909,283,32343,294,-0.5,0.0,0.0,0.0,0.0,0.0,0.0,0.0,0.0,0.0,0.0,633.0,64.0,0.0,630.0,63.0,0.0,603.0,63.0,0.0,634.0,64.0,,,,23,,Sean,Neave,Neave,,,0,0,0,0,0,0,0,0,0,0,0,0,0,,,,0.0,0.0,0.0,0.0,0.0,0,0,0
674,a,,,4.8,362,15.0,0,0.0,-2,2.0,0.7,212,28.0,11,0,1.6,378.0,29.0,0,45,0.0,702.0,90.0,0.0,2.3,0.0,106659,294,141317,1404,-0.5,0.0,0.0,0.0,0.0,7.96,0.0,0.0,0.0,1.3,97.4,325.0,26.0,10.0,409.0,10.0,0.0,728.0,80.0,10.8,393.0,25.0,,,,23,,Aaron,Ramsdale,Ramsdale,,,553,0,0,0,10,0,0,0,0,0,10,6,0,,,,1.63,0.0,1.63,0.98,0.0,0,5,49
684,a,,,5.1,235,35.0,0,0.0,1,-1.0,5.9,67,23.0,85,1,4.2,55.0,25.0,10,288,6.0,12.0,5.0,1.2,16.7,0.0,1113810,10460,393730,60973,5.5,6.0,1.91,0.46,2.37,23.25,0.1,0.02,0.12,1.26,522.4,25.0,10.0,62.0,285.0,92.0,198.0,100.0,14.0,78.0,89.0,22.0,,,,23,,Malick,Thiaw,Thiaw,,,1667,3,0,4,26,0,0,0,3,0,0,19,203,,,,0.0,0.22,1.4,1.03,9.45,23,152,77
689,a,,,4.3,614,359.0,0,0.0,-2,2.0,0.3,306,102.0,0,0,0.0,645.0,248.0,0,0,0.0,585.0,211.0,0.0,0.0,0.0,47321,2823,34954,1318,-0.5,0.0,0.0,0.0,0.0,0.0,0.0,0.0,0.0,0.0,0.0,636.0,239.0,0.0,633.0,244.0,0.0,606.0,232.0,0.0,637.0,240.0,,,,23,,Seung-Soo,Park,Seung soo,,,0,0,0,0,0,0,0,0,0,0,0,0,0,,,,0.0,0.0,0.0,0.0,0.0,0,0,0
714,a,,,7.1,37,15.0,-1,1.0,1,-1.0,12.5,34,7.0,81,1,4.0,73.0,7.0,10,285,2.0,210.0,24.0,0.3,11.4,0.0,5372975,5351,3947469,146566,1.5,2.0,6.19,0.75,6.94,17.27,0.41,0.05,0.46,1.15,341.6,107.0,10.0,164.9,151.0,10.0,372.0,34.0,15.0,86.8,70.0,12.0,,,3.0,23,,Nick,Woltemade,Woltemade,,,1352,7,3,6,19,1,0,0,0,0,0,17,67,,,,0.0,0.4,1.26,1.13,4.46,15,22,30
753,a,,,4.0,647,39.0,0,0.0,0,0.0,0.0,700,81.0,0,0,0.0,554.0,59.0,0,0,0.0,476.0,53.0,0.0,0.0,0.0,1190,28,657,31,-0.5,0.0,0.0,0.0,0.0,0.0,0.0,0.0,0.0,0.0,0.0,545.0,59.0,0.0,536.0,46.0,0.0,500.0,31.0,0.0,545.0,59.0,,,,23,,John,Ruddy,Ruddy,,,0,0,0,0,0,0,0,0,0,0,0,0,0,,,,0.0,0.0,0.0,0.0,0.0,0,0,0
765,a,,,4.0,698,186.0,0,0.0,0,0.0,0.0,674,234.0,0,0,0.0,595.0,224.0,0,0,0.0,519.0,208.0,0.0,0.0,0.0,2352,84,1152,103,-0.5,0.0,0.0,0.0,0.0,0.0,0.0,0.0,0.0,0.0,0.0,586.0,224.0,0.0,579.0,224.0,0.0,545.0,219.0,0.0,586.0,223.0,,,,23,,Leo,Shahar,Shahar,,,0,0,0,0,0,0,0,0,0,0,0,0,0,,,,0.0,0.0,0.0,0.0,0.0,0,0,0
772,a,,,4.5,505,312.0,0,0.0,0,0.0,0.0,780,344.0,0,0,0.0,736.0,312.0,0,0,0.0,688.0,282.0,0.0,0.0,0.0,199,16,104,7,-0.5,0.0,0.0,0.0,0.0,0.0,0.0,0.0,0.0,0.0,0.0,736.0,312.0,0.0,731.0,312.0,0.0,713.0,306.0,0.0,735.0,311.0,,,,23,,Sam,Alabi,Alabi,,,0,0,0,0,0,0,0,0,0,0,0,0,0,,,,0.0,0.0,0.0,0.0,0.0,0,0,0
12,a,100.0,100.0,4.9,301,48.0,0,0.0,-1,1.0,0.2,354,129.0,7,0,1.4,404.0,149.0,0,56,0.2,396.0,145.0,0.0,1.4,0.0,26061,299,50458,200,0.2,0.2,0.07,0.36,0.43,5.02,0.02,0.09,0.11,1.28,80.8,343.0,131.0,83.4,249.0,73.0,22.0,355.0,122.0,18.6,353.0,123.0,,,,23,,Oleksandr,Zinchenko,Zinchenko,,,352,0,0,0,6,0,0,0,0,0,0,4,36,,,,0.0,0.0,1.53,1.02,6.14,10,14,17
426,a,,,5.0,256,157.0,0,0.0,-5,5.0,0.1,488,172.0,6,0,0.9,487.0,230.0,0,24,0.0,738.0,317.0,0.0,1.2,0.0,12166,133,25524,115,0.0,0.0,0.02,0.17,0.19,3.56,0.01,0.09,0.1,1.9,16.2,434.0,195.0,44.9,327.0,179.0,8.0,394.0,194.0,7.0,417.0,188.0,,,,23,,James,McAtee,McAtee,,,169,0,0,0,7,0,0,0,1,0,0,1,11,,,,0.0,0.0,3.73,0.53,5.86,4,1,6
502,a,100.0,100.0,4.6,390,18.0,0,0.0,-4,4.0,5.5,73,12.0,60,6,3.2,150.0,15.0,3,240,4.0,52.0,3.0,0.9,13.0,0.0,376926,8647,1908103,3761,4.0,4.0,0.0,0.06,0.06,26.6,0.0,0.0,0.0,1.47,416.2,65.0,13.0,10.0,407.0,8.0,0.0,717.0,75.0,42.6,233.0,13.0,,,,23,,Matz,Sels,Sels,,,1632,0,0,4,26,0,0,0,1,0,54,18,75,,,,2.98,0.22,1.43,0.99,0.0,1,21,124
503,u,0.0,0.0,4.0,676,55.0,0,0.0,0,0.0,0.1,533,76.0,0,0,0.0,577.0,73.0,0,0,0.0,499.0,67.0,0.0,0.0,0.0,448,0,15384,28,0.0,0.0,0.0,0.0,0.0,0.0,0.0,0.0,0.0,0.0,0.0,568.0,73.0,0.0,561.0,62.0,0.0,526.0,47.0,0.0,568.0,73.0,,,,23,,Carlos Miguel,dos Santos Pereira,C.Miguel,Has joined Palmeiras permanently.,,0,0,0,0,0,0,0,0,0,0,0,0,0,,,,0.0,0.0,0.0,0.0,0.0,0,0,0
504,u,0.0,0.0,4.0,662,47.0,0,0.0,0,0.0,0.1,502,75.0,0,0,0.0,565.0,65.0,0,0,0.0,487.0,59.0,0.0,0.0,0.0,0,0,15412,36,0.0,0.0,0.0,0.0,0.0,0.0,0.0,0.0,0.0,0.0,0.0,556.0,65.0,0.0,549.0,54.0,0.0,514.0,39.0,0.0,556.0,65.0,,,,23,,Matt,Turner,Turner,Has joined Lyon permanently.,,0,0,0,0,0,0,0,0,0,0,0,0,0,,,,0.0,0.0,0.0,0.0,0.0,0,0,0
505,a,,,5.1,229,32.0,0,0.0,-4,4.0,3.2,102,40.0,66,8,2.9,200.0,79.0,1,230,4.0,56.0,23.0,0.8,12.9,0.0,303328,4935,1014260,2260,4.0,4.0,0.72,0.41,1.13,32.73,0.03,0.02,0.05,1.42,424.2,61.0,28.0,36.0,342.0,119.0,88.0,231.0,62.0,55.1,174.0,55.0,,,,23,,Nikola,Milenković,Milenković,,,2070,0,0,5,34,1,0,0,4,0,0,23,218,,,,0.0,0.22,1.48,1.0,8.22,16,173,69
506,a,100.0,75.0,5.2,221,30.0,0,0.0,-3,3.0,1.9,135,54.0,62,8,3.6,115.0,43.0,3,227,4.4,43.0,17.0,0.8,11.9,0.0,199605,5141,731458,3572,4.4,3.3,0.48,0.42,0.9,22.7,0.03,0.03,0.06,1.4,401.4,74.0,34.0,77.2,260.0,78.0,67.0,266.0,76.0,54.7,176.0,56.0,,3.0,,23,,Murillo,Costa dos Santos,Murillo,,,1459,1,0,4,22,1,0,0,3,0,0,17,195,,,,0.0,0.25,1.36,1.05,10.05,26,137,68
507,a,100.0,100.0,4.7,377,64.0,0,0.0,-3,3.0,2.0,131,50.0,25,11,3.6,111.0,42.0,2,86,3.8,65.0,26.0,0.8,5.3,0.0,245737,7919,1588609,1012,3.8,3.8,0.08,0.43,0.51,11.08,0.01,0.06,0.07,1.64,116.0,302.0,115.0,69.3,274.0,85.0,41.0,311.0,100.0,22.7,330.0,112.0,,,,23,,Ola,Aina,Aina,,,608,0,1,2,8,0,0,0,2,0,0,7,71,,,,0.0,0.3,1.18,1.04,7.55,10,41,37
508,a,,,4.7,380,65.0,0,0.0,-3,3.0,3.2,101,39.0,73,8,3.2,152.0,62.0,7,344,4.0,54.0,21.0,0.9,15.5,0.0,360823,5653,1091014,3239,4.0,4.0,1.35,2.19,3.54,32.73,0.06,0.1,0.16,1.42,514.6,31.0,14.0,343.2,45.0,5.0,216.0,90.0,9.0,107.6,36.0,2.0,4.0,,,23,,Neco,Williams,N.Williams,,,2070,1,1,5,34,0,0,0,4,0,0,23,200,,,,0.0,0.22,1.48,1.0,6.96,69,91,104
509,u,0.0,0.0,4.5,428,86.0,0,0.0,0,0.0,0.0,665,231.0,0,0,0.0,685.0,254.0,0,0,0.0,633.0,249.0,0.0,0.0,0.0,427,0,4378,7,0.0,0.0,0.0,0.0,0.0,0.0,0.0,0.0,0.0,0.0,0.0,680.0,254.0,0.0,677.0,254.0,0.0,655.0,253.0,0.0,681.0,254.0,,,,23,,David,Mota Veiga Teixeira do Carmo,David Carmo,has joined Real Oviedo on loan for the rest of the season.,,0,0,0,0,0,0,0,0,0,0,0,0,0,,,,0.0,0.0,0.0,0.0,0.0,0,0,0
510,a,,,4.2,639,155.0,0,0.0,-3,3.0,0.1,545,198.0,3,0,3.0,185.0,72.0,0,9,0.0,556.0,235.0,0.0,0.7,0.0,2897,44,7831,54,0.0,0.0,0.0,0.0,0.0,3.28,0.0,0.0,0.0,3.28,26.0,416.0,157.0,0.4,457.0,168.0,0.0,578.0,242.0,2.6,446.0,163.0,,,,23,,Jair,Paula da Cunha Filho,Jair Cunha,,,90,0,0,0,2,0,0,0,0,0,0,1,12,,,,0.0,0.0,2.0,1.0,11.0,2,9,1
511,a,,,4.3,584,136.0,0,0.0,-2,2.0,0.1,505,182.0,22,1,2.0,317.0,122.0,1,89,0.4,336.0,123.0,0.1,5.1,0.0,7822,49,12186,83,0.4,0.4,0.03,0.06,0.09,10.83,0.0,0.01,0.01,1.37,169.2,252.0,102.0,9.1,412.0,150.0,5.0,407.0,152.0,18.3,354.0,124.0,,,,23,,Felipe,Rodrigues da Silva,Morato,,,712,0,0,1,14,0,0,0,4,0,0,8,94,,,,0.0,0.13,1.77,1.01,9.1,19,53,31
512,u,0.0,0.0,4.5,413,79.0,0,0.0,0,0.0,0.0,669,232.0,0,0,0.0,677.0,252.0,0,0,0.0,622.0,246.0,0.0,0.0,0.0,345,0,4094,9,0.0,0.0,0.0,0.0,0.0,0.0,0.0,0.0,0.0,0.0,0.0,672.0,252.0,0.0,668.0,252.0,0.0,644.0,250.0,0.0,673.0,252.0,,,,23,,Omar,Richards,O.Richards,has joined Rio Ave on loan for the rest of the season.,,0,0,0,0,0,0,0,0,0,0,0,0,0,,,,0.0,0.0,0.0,0.0,0.0,0,0,0
513,a,,,3.8,796,255.0,0,0.0,-2,2.0,0.3,337,124.0,1,0,1.0,434.0,159.0,0,5,0.0,433.0,171.0,0.0,0.3,0.0,25430,213,25457,439,0.0,0.0,0.0,0.0,0.0,0.63,0.0,0.0,0.0,1.26,15.6,435.0,162.0,0.6,454.0,167.0,0.0,456.0,182.0,1.6,455.0,165.0,,,,23,,Zach,Abbott,Abbott,,,45,0,0,0,1,0,0,0,0,0,0,0,7,,,,0.0,0.0,2.0,0.0,14.0,1,6,1
515,a,100.0,100.0,7.3,25,16.0,0,0.0,-2,2.0,3.1,105,31.0,90,6,3.9,86.0,39.0,7,354,5.6,18.0,7.0,0.8,12.3,0.0,714352,17900,979414,5561,5.6,5.6,5.81,1.77,7.58,31.64,0.27,0.08,0.35,1.45,363.0,96.0,31.0,412.3,28.0,27.0,416.0,26.0,13.0,118.9,29.0,23.0,,2.0,2.0,23,,Morgan,Gibbs-White,Gibbs-White,,,1962,5,2,5,31,0,0,0,0,0,0,22,112,,,,0.0,0.23,1.42,1.01,5.14,12,35,65
516,a,100.0,100.0,5.7,116,73.0,0,0.0,-3,3.0,0.8,205,69.0,59,3,2.8,219.0,96.0,6,237,2.0,208.0,91.0,0.4,10.4,0.0,252573,1636,312505,2190,2.0,2.0,1.84,1.62,3.46,21.05,0.13,0.11,0.24,1.46,245.2,183.0,77.0,380.9,39.0,37.0,206.0,95.0,58.0,83.0,81.0,49.0,,,,23,,Callum,Hudson-Odoi,Hudson-Odoi,,,1294,3,1,3,19,0,0,0,0,0,0,13,76,,,,0.0,0.21,1.32,0.9,5.29,12,17,47
517,a,,,5.3,190,118.0,0,0.0,-2,2.0,4.6,78,26.0,97,5,4.2,56.0,22.0,4,450,5.0,27.0,11.0,0.9,18.3,0.0,951395,27602,1098965,13467,5.0,5.0,1.82,2.06,3.88,32.73,0.08,0.09,0.17,1.42,499.8,34.0,8.0,567.7,8.0,8.0,150.0,140.0,81.0,122.1,25.0,20.0,2.0,,4.0,23,,Elliot,Anderson,Anderson,,,2070,1,3,5,34,0,0,0,4,0,0,23,316,,,,0.0,0.22,1.48,1.0,13.74,60,62,194
518,u,0.0,0.0,5.4,177,110.0,0,0.0,-1,1.0,0.0,612,237.0,1,0,1.0,481.0,227.0,0,6,0.0,777.0,344.0,0.0,0.2,0.0,1029,0,9066,15,0.0,0.0,0.0,0.0,0.0,0.0,0.0,0.0,0.0,0.0,5.0,454.0,206.0,0.5,456.0,221.0,4.0,419.0,208.0,1.0,463.0,215.0,,,,23,,João Pedro,Ferreira da Silva,Jota,has joined Besiktas on loan for the rest of the season.,,11,0,0,0,0,0,0,0,0,0,0,0,3,,,,0.0,0.0,0.0,0.0,24.55,2,1,0
519,a,100.0,100.0,5.0,255,156.0,0,0.0,0,0.0,0.0,647,263.0,31,3,2.2,298.0,129.0,3,117,4.2,48.0,20.0,0.8,6.2,0.0,2996,370,1889,99,4.2,4.2,0.9,0.38,1.28,11.08,0.11,0.05,0.16,1.4,143.4,275.0,121.0,137.3,174.0,118.0,82.0,240.0,130.0,36.4,264.0,129.0,3.0,,,23,,Nicolás,Domínguez,Dominguez,,,712,1,0,3,11,0,0,0,2,0,0,10,74,,,,0.0,0.38,1.39,1.26,9.35,28,16,30
520,u,0.0,0.0,5.0,253,155.0,0,0.0,0,0.0,0.0,799,357.0,0,0,0.0,766.0,333.0,0,0,0.0,737.0,316.0,0.0,0.0,0.0,0,0,116,0,0.0,0.0,0.0,0.0,0.0,0.0,0.0,0.0,0.0,0.0,0.0,766.0,333.0,0.0,763.0,333.0,0.0,756.0,330.0,0.0,765.0,332.0,,,,23,,Lewis,O'Brien,O'Brien,Has joined Wrexham permanently.,,0,0,0,0,0,0,0,0,0,0,0,0,0,,,,0.0,0.0,0.0,0.0,0.0,0,0,0
521,a,100.0,100.0,4.9,305,189.0,0,0.0,-1,1.0,0.1,560,205.0,55,5,3.7,99.0,48.0,2,213,1.6,240.0,103.0,0.3,11.2,0.0,7918,291,10812,75,1.6,1.6,0.9,1.12,2.02,16.71,0.08,0.1,0.18,1.44,267.8,170.0,67.0,82.7,252.0,151.0,81.0,243.0,131.0,43.2,230.0,113.0,,,,23,,Ibrahim,Sangaré,Sangaré,,,1044,2,2,5,13,0,0,0,2,0,0,13,130,,,,0.0,0.43,1.12,1.12,11.21,30,53,47
522,a,100.0,100.0,4.7,379,237.0,0,0.0,-3,3.0,0.1,544,196.0,15,0,1.4,403.0,180.0,0,67,0.0,693.0,286.0,0.0,3.2,0.0,9188,47,18613,31,0.0,0.0,0.07,0.17,0.24,3.48,0.02,0.05,0.07,1.05,64.2,368.0,162.0,27.0,362.0,187.0,25.0,342.0,178.0,11.5,385.0,177.0,,,,23,,Ryan,Yates,Yates,,,299,0,1,0,5,0,0,0,1,0,0,1,33,,,,0.0,0.0,1.51,0.3,9.93,7,15,11
523,a,100.0,100.0,4.5,467,285.0,0,0.0,0,0.0,0.1,574,213.0,0,0,0.0,708.0,291.0,0,0,0.0,659.0,260.0,0.0,0.0,0.0,1962,29,16426,20,0.0,0.0,0.0,0.0,0.0,0.0,0.0,0.0,0.0,0.0,0.0,706.0,289.0,0.0,702.0,290.0,0.0,683.0,283.0,0.0,706.0,289.0,,,,23,,Eric,da Silva Moreira,Da Silva Moreira,,,0,0,0,0,0,0,0,0,0,0,0,0,0,,,,0.0,0.0,0.0,0.0,0.0,0,0,0
524,u,0.0,0.0,4.5,444,266.0,0,0.0,0,0.0,0.0,677,282.0,0,0,0.0,693.0,278.0,0,0,0.0,643.0,246.0,0.0,0.0,0.0,245,0,5675,10,0.0,0.0,0.0,0.0,0.0,0.0,0.0,0.0,0.0,0.0,0.0,689.0,274.0,0.0,686.0,276.0,0.0,665.0,267.0,0.0,689.0,274.0,,,,23,,Marko,Stamenić,Stamenic,Has joined Swansea City permanently.,,0,0,0,0,0,0,0,0,0,0,0,0,0,,,,0.0,0.0,0.0,0.0,0.0,0,0,0
525,i,0.0,0.0,7.2,29,10.0,0,0.0,-3,3.0,4.7,77,14.0,25,0,3.1,180.0,18.0,3,85,0.0,801.0,87.0,0.0,3.5,0.0,2133271,43,3375064,2035,0.0,0.0,2.81,0.11,2.92,7.84,0.47,0.02,0.49,1.31,77.6,348.0,34.0,49.6,316.0,34.0,179.0,115.0,29.0,29.8,293.0,35.0,,,1.0,23,,Chris,Wood,Wood,Knee injury - Unknown return date,,538,2,0,1,8,0,0,0,0,0,0,7,14,,,,0.0,0.17,1.34,1.17,2.34,1,6,7
526,a,100.0,75.0,5.8,109,31.0,0,0.0,-2,2.0,1.0,180,27.0,55,9,2.5,265.0,27.0,6,174,3.4,101.0,10.0,0.6,9.5,0.0,312028,11391,299136,4647,3.4,2.5,3.56,0.84,4.4,21.43,0.25,0.06,0.31,1.5,160.0,260.0,24.0,111.7,205.0,22.0,383.0,29.0,14.0,63.1,143.0,18.0,,,3.0,23,,Igor Jesus,Maciel da Cruz,Igor Jesus,,,1285,2,2,5,23,0,0,0,0,0,0,15,66,,,,0.0,0.35,1.61,1.05,4.62,16,19,31
527,a,100.0,100.0,5.2,208,46.0,0,0.0,-3,3.0,0.3,318,53.0,13,6,1.6,381.0,43.0,1,59,1.4,256.0,31.0,0.3,2.5,0.0,31543,1067,88719,267,1.4,1.4,0.85,0.39,1.24,3.39,0.38,0.17,0.55,1.5,52.4,385.0,41.0,41.8,332.0,40.0,101.0,216.0,43.0,19.6,348.0,41.0,,,,23,,Taiwo,Awoniyi,Awoniyi,,,204,1,0,0,2,0,0,0,0,0,0,1,12,,,,0.0,0.0,0.88,0.44,5.29,1,4,7
669,a,100.0,100.0,5.5,148,94.0,0,0.0,-5,5.0,0.7,213,72.0,42,0,2.6,250.0,107.0,4,144,0.2,406.0,191.0,0.0,7.6,0.0,543092,187,569825,421,0.2,0.2,0.78,1.22,2.0,14.08,0.07,0.11,0.18,1.25,144.6,274.0,120.0,153.0,161.0,108.0,136.0,161.0,93.0,43.5,227.0,112.0,,,,23,,Dan,Ndoye,Ndoye,,,1011,1,2,2,16,0,0,0,1,0,0,14,82,,,,0.0,0.18,1.42,1.25,7.3,18,20,44
675,a,100.0,100.0,4.0,652,43.0,0,0.0,0,0.0,1.2,173,22.0,0,0,0.0,558.0,62.0,0,0,0.0,480.0,56.0,0.0,0.0,0.0,28446,91,96098,404,0.0,0.0,0.0,0.0,0.0,0.0,0.0,0.0,0.0,0.0,0.0,549.0,62.0,0.0,541.0,50.0,0.0,505.0,35.0,0.0,549.0,62.0,,,,23,,Angus,Gunn,Gunn,,,0,0,0,0,0,0,0,0,0,0,0,0,0,,,,0.0,0.0,0.0,0.0,0.0,0,0,0
693,a,,,5.4,176,109.0,0,0.0,-1,1.0,0.1,461,156.0,49,1,2.7,230.0,101.0,3,192,1.4,258.0,110.0,0.3,9.1,0.0,30808,160,21494,834,1.4,1.4,1.58,2.46,4.04,14.67,0.16,0.24,0.4,1.46,189.6,238.0,100.0,295.5,67.0,53.0,218.0,87.0,54.0,70.0,114.0,62.0,,,,23,,Omari,Hutchinson,Hutchinson,,,907,1,4,2,15,0,0,0,0,0,0,8,76,,,,0.0,0.2,1.49,0.79,7.54,14,9,53
696,u,0.0,0.0,6.0,88,28.0,0,0.0,0,0.0,0.1,433,62.0,9,0,1.0,484.0,57.0,0,24,0.2,409.0,45.0,0.0,1.5,0.0,15291,0,17484,192,0.0,0.0,0.44,0.02,0.46,1.57,0.44,0.02,0.46,1.59,6.8,449.0,51.0,17.7,382.0,49.0,39.0,313.0,51.0,6.3,421.0,51.0,,,,23,,Arnaud,Kalimuendo,Kalimuendo,has joined Eintracht Frankfurt on loan for the rest of the season.,,89,0,0,0,3,0,0,0,0,0,0,0,6,,,,0.0,0.0,3.03,0.0,6.07,1,1,4
699,a,100.0,100.0,4.9,314,194.0,0,0.0,-1,1.0,0.0,583,217.0,11,0,1.4,405.0,181.0,0,64,0.2,399.0,186.0,0.0,2.2,0.0,15433,235,15044,135,0.2,0.2,0.14,0.64,0.78,4.45,0.04,0.18,0.22,1.28,46.6,390.0,172.0,77.4,259.0,156.0,25.0,343.0,179.0,14.9,368.0,172.0,1.0,,,23,,Douglas Luiz,Soares de Paulo,Douglas Luiz,,,314,0,1,0,7,0,0,0,2,0,0,5,39,,,,0.0,0.0,2.01,1.43,11.18,9,10,20
734,a,100.0,100.0,5.9,100,66.0,0,0.0,-1,1.0,0.0,675,280.0,12,0,1.5,397.0,177.0,0,53,1.2,278.0,122.0,0.2,2.0,0.0,3867,65,3522,62,1.2,1.2,0.39,0.68,1.07,5.51,0.12,0.2,0.32,1.64,49.8,389.0,171.0,108.8,208.0,133.0,71.0,258.0,139.0,23.0,327.0,159.0,,,,23,,Dilane,Bakwa,Bakwa,,,302,0,1,0,7,0,0,0,1,0,0,3,23,,,,0.0,0.0,2.09,0.89,6.85,1,3,19
805,a,,,5.5,149,36.0,0,0.0,0,0.0,0.0,782,89.0,0,0,0.0,791.0,85.0,0,0,0.0,784.0,81.0,0.0,0.0,0.0,263,263,17,17,1.9,1.9,0.0,0.0,0.0,0.0,0.0,0.0,0.0,0.0,0.0,791.0,85.0,0.0,790.0,85.0,0.0,787.0,85.0,0.0,791.0,85.0,,,,23,,Lorenzo,Lucca,Lucca,,,0,0,0,0,0,0,0,0,0,0,0,0,0,,,,0.0,0.0,0.0,0.0,0.0,0,0,0
530,u,0.0,0.0,3.9,755,84.0,0,0.0,-1,1.0,0.1,434,66.0,0,0,0.0,539.0,52.0,0,0,0.0,461.0,46.0,0.0,0.0,0.0,7473,0,11674,249,0.0,0.0,0.0,0.0,0.0,0.0,0.0,0.0,0.0,0.0,0.0,530.0,52.0,0.0,521.0,39.0,0.0,484.0,24.0,0.0,530.0,52.0,,,,23,,Blondy,Nna Noukeu,Nna Noukeu,has joined US Boulogne CO permanently.,,0,0,0,0,0,0,0,0,0,0,0,0,0,,,,0.0,0.0,0.0,0.0,0.0,0,0,0
531,a,100.0,100.0,4.6,393,68.0,0,0.0,1,-1.0,3.1,103,41.0,83,2,4.4,36.0,16.0,7,246,1.6,237.0,90.0,0.3,18.0,0.0,1036733,4724,903125,8805,1.6,1.6,2.0,0.49,2.49,21.0,0.13,0.03,0.16,1.35,458.4,48.0,21.0,98.6,224.0,63.0,313.0,48.0,2.0,87.0,69.0,14.0,,,,23,,Daniel,Ballard,Ballard,,,1401,2,1,4,19,0,0,0,3,0,0,15,182,,,,0.0,0.26,1.22,0.96,10.92,24,146,34
532,a,,,4.5,437,88.0,0,0.0,0,0.0,0.3,289,110.0,66,0,2.9,196.0,77.0,4,234,1.8,219.0,83.0,0.4,14.7,0.0,71674,156,61672,1249,1.8,1.8,1.14,0.92,2.06,30.82,0.05,0.04,0.09,1.48,306.8,134.0,58.0,234.6,97.0,22.0,150.0,139.0,25.0,68.2,120.0,38.0,2.0,,,23,,Trai,Hume,Hume,,,1876,0,1,6,24,0,0,0,6,0,0,21,159,,,,0.0,0.29,1.15,1.01,6.33,44,88,64
533,i,0.0,0.0,4.0,659,164.0,0,0.0,0,0.0,0.0,762,260.0,0,0,0.0,563.0,208.0,0,0,0.0,485.0,190.0,0.0,0.0,0.0,601,16,789,11,0.0,0.0,0.0,0.0,0.0,0.0,0.0,0.0,0.0,0.0,0.0,554.0,208.0,0.0,546.0,208.0,0.0,511.0,202.0,0.0,554.0,207.0,,,,23,,Aji,Alese,Alese,Shoulder injury - Unknown return date,,0,0,0,0,0,0,0,0,0,0,0,0,0,,,,0.0,0.0,0.0,0.0,0.0,0,0,0
534,u,0.0,0.0,3.8,777,236.0,0,0.0,-2,2.0,0.4,279,104.0,0,0,0.0,500.0,178.0,0,0,0.0,418.0,156.0,0.0,0.0,0.0,39413,0,58473,1189,0.0,0.0,0.0,0.0,0.0,0.0,0.0,0.0,0.0,0.0,0.0,491.0,178.0,0.0,480.0,177.0,0.0,442.0,168.0,0.0,491.0,177.0,,,,23,,Joe,Anderson,Anderson,has joined Barrow FC permanently.,,0,0,0,0,0,0,0,0,0,0,0,0,0,,,,0.0,0.0,0.0,0.0,0.0,0,0,0
535,a,100.0,100.0,4.0,669,169.0,0,0.0,0,0.0,0.1,571,207.0,13,1,2.2,291.0,111.0,0,44,2.2,186.0,69.0,0.6,3.2,0.0,6054,309,4165,213,2.2,2.2,0.0,0.02,0.02,6.04,0.0,0.01,0.01,1.84,58.2,380.0,147.0,8.7,415.0,152.0,2.0,421.0,158.0,6.8,418.0,152.0,,,,23,,Dennis,Cirkin,Cirkin,,,296,0,0,1,2,0,0,0,1,0,0,3,26,,,,0.0,0.3,0.61,0.91,7.91,8,18,7
536,a,100.0,100.0,4.0,677,172.0,0,0.0,0,0.0,0.0,689,237.0,0,0,0.0,578.0,214.0,0,0,0.0,500.0,196.0,0.0,0.0,0.0,1136,56,1003,42,0.0,0.0,0.0,0.0,0.0,0.0,0.0,0.0,0.0,0.0,0.0,569.0,214.0,0.0,562.0,214.0,0.0,527.0,208.0,0.0,569.0,213.0,,,,23,,Leo Fuhr,Hjelde,Hjelde,,,0,0,0,0,0,0,0,0,0,0,0,0,0,,,,0.0,0.0,0.0,0.0,0.0,0,0,0
539,a,100.0,100.0,4.0,657,162.0,0,0.0,0,0.0,0.1,557,201.0,1,1,0.2,495.0,174.0,0,4,0.4,331.0,120.0,0.1,0.2,0.0,6056,75,6485,108,0.4,0.4,0.0,0.0,0.0,0.86,0.0,0.0,0.0,4.3,5.4,453.0,166.0,1.0,448.0,165.0,0.0,509.0,200.0,0.6,468.0,166.0,,,,23,,Luke,O'Nien,O'Nien,,,18,0,0,0,0,0,0,0,0,1,0,0,2,,,,0.0,0.0,0.0,0.0,10.0,2,0,1
540,u,0.0,0.0,3.9,748,219.0,0,0.0,-1,1.0,0.3,305,113.0,0,0,0.0,534.0,196.0,0,0,0.0,456.0,178.0,0.0,0.0,0.0,47547,0,44169,580,0.0,0.0,0.0,0.0,0.0,0.0,0.0,0.0,0.0,0.0,0.0,525.0,196.0,0.0,516.0,196.0,0.0,479.0,188.0,0.0,525.0,195.0,,,,23,,Timothée,Pembélé,Pembele,has joined Le Havre AC on loan for the rest of the season.,,0,0,0,0,0,0,0,0,0,0,0,0,0,,,,0.0,0.0,0.0,0.0,0.0,0,0,0
541,a,100.0,100.0,3.8,780,239.0,0,0.0,-2,2.0,2.8,110,45.0,38,-1,2.7,223.0,85.0,3,132,0.2,365.0,133.0,0.1,10.0,0.0,514386,10283,967420,5325,0.2,0.2,0.1,0.16,0.26,15.91,0.01,0.01,0.02,1.24,208.4,217.0,88.0,50.2,312.0,104.0,25.0,340.0,112.0,28.5,297.0,99.0,,,,23,,Reinildo,Mandava,Reinildo,,,1157,0,1,3,16,0,0,0,5,1,0,14,121,,,,0.0,0.23,1.24,1.09,7.93,27,75,53
546,a,100.0,0.0,4.9,344,215.0,0,0.0,-1,1.0,0.0,687,290.0,0,0,0.0,762.0,330.0,0,0,0.0,729.0,311.0,0.0,0.0,0.0,298,3,3375,2,0.0,0.0,0.0,0.0,0.0,0.0,0.0,0.0,0.0,0.0,0.0,762.0,330.0,0.0,758.0,330.0,0.0,749.0,327.0,0.0,761.0,329.0,,,,23,,Milan,Aleksić,Aleksić,,,0,0,0,0,0,0,0,0,0,0,0,0,0,,,,0.0,0.0,0.0,0.0,0.0,0,0,0
547,a,100.0,100.0,4.9,334,207.0,0,0.0,-1,1.0,1.4,159,55.0,81,2,3.7,101.0,49.0,7,326,3.8,69.0,28.0,0.8,16.5,0.0,285138,10516,155116,8571,3.8,3.8,3.71,2.43,6.14,28.56,0.19,0.12,0.31,1.46,404.2,72.0,21.0,483.6,18.0,17.0,165.0,125.0,73.0,105.4,37.0,27.0,3.0,2.0,2.0,23,,Enzo,Le Fée,E.Le Fée,,,1755,3,4,6,23,0,0,1,5,0,0,20,173,,,,0.0,0.31,1.18,1.03,8.87,49,43,81
548,a,100.0,100.0,4.9,328,202.0,0,0.0,-1,1.0,0.0,727,310.0,10,1,1.0,471.0,219.0,0,37,1.2,271.0,117.0,0.2,2.0,0.0,935,29,1262,29,1.2,1.2,0.45,0.26,0.71,5.74,0.13,0.08,0.21,1.71,24.6,421.0,187.0,29.3,356.0,185.0,46.0,300.0,157.0,9.7,397.0,181.0,,3.0,,23,,Romaine,Mundle,Mundle,,,302,0,0,0,6,0,0,0,1,0,0,2,23,,,,0.0,0.0,1.79,0.6,6.85,4,4,15
549,u,0.0,,4.8,361,225.0,0,0.0,-2,2.0,0.0,629,250.0,3,0,1.0,468.0,217.0,0,10,0.2,393.0,182.0,0.0,0.6,0.0,1972,20,4229,33,0.0,0.2,0.0,0.0,0.0,0.64,0.0,0.0,0.0,4.43,3.0,464.0,214.0,1.4,445.0,216.0,0.0,727.0,313.0,0.4,476.0,219.0,,,,23,,Dan,Neil,Neil,has joined Ipswich Town on loan for the rest of the season.,,13,0,0,0,0,0,0,0,0,0,0,0,2,,,,0.0,0.0,0.0,0.0,13.85,0,2,0
550,a,,,4.8,357,224.0,0,0.0,-2,2.0,0.0,655,269.0,0,0,0.0,744.0,317.0,0,0,0.0,701.0,291.0,0.0,0.0,0.0,875,6,2551,19,0.0,0.0,0.0,0.0,0.0,0.0,0.0,0.0,0.0,0.0,0.0,744.0,317.0,0.0,739.0,317.0,0.0,726.0,312.0,0.0,743.0,316.0,,,,23,,Ian,Poveda-Ocampo,Poveda,,,0,0,0,0,0,0,0,0,0,0,0,0,0,,,,0.0,0.0,0.0,0.0,0.0,0,0,0
554,a,,,4.3,583,340.0,0,0.0,-2,2.0,0.4,283,95.0,0,0,0.0,628.0,234.0,0,0,0.0,566.0,196.0,0.0,0.0,0.0,78038,183,71440,898,0.0,0.0,0.0,0.0,0.0,0.0,0.0,0.0,0.0,0.0,0.0,619.0,225.0,0.0,615.0,230.0,0.0,586.0,216.0,0.0,620.0,226.0,,,,23,,Abdoullah,Ba,Ba,,,0,0,0,0,0,0,0,0,0,0,0,0,0,,,,0.0,0.0,0.0,0.0,0.0,0,0,0
555,u,0.0,0.0,4.5,408,249.0,0,0.0,0,0.0,0.0,636,257.0,0,0,0.0,675.0,264.0,0,0,0.0,620.0,229.0,0.0,0.0,0.0,1291,0,9747,7,0.0,0.0,0.0,0.0,0.0,0.0,0.0,0.0,0.0,0.0,0.0,670.0,259.0,0.0,665.0,262.0,0.0,641.0,252.0,0.0,671.0,260.0,,,,23,,Alan,Browne,Browne,has joined Middlesbrough on loan for the rest of the season.,,0,0,0,0,0,0,0,0,0,0,0,0,0,,,,0.0,0.0,0.0,0.0,0.0,0,0,0
556,u,0.0,0.0,4.5,430,257.0,0,0.0,0,0.0,0.0,752,325.0,0,0,0.0,686.0,271.0,0,0,0.0,634.0,237.0,0.0,0.0,0.0,0,0,1789,4,0.0,0.0,0.0,0.0,0.0,0.0,0.0,0.0,0.0,0.0,0.0,681.0,266.0,0.0,679.0,269.0,0.0,657.0,260.0,0.0,682.0,267.0,,,,23,,Pierre,Ekwah Elimby,Ekwah,Has joined AS Saint-Etienne permanently.,,0,0,0,0,0,0,0,0,0,0,0,0,0,,,,0.0,0.0,0.0,0.0,0.0,0,0,0
558,u,0.0,0.0,4.3,590,343.0,0,0.0,-2,2.0,0.2,369,125.0,0,0,0.0,630.0,236.0,0,0,0.0,568.0,198.0,0.0,0.0,0.0,30710,0,41387,686,0.0,0.0,0.0,0.0,0.0,0.0,0.0,0.0,0.0,0.0,0.0,621.0,227.0,0.0,617.0,232.0,0.0,588.0,218.0,0.0,622.0,228.0,,,,23,,Jay,Matete,Matete,has joined MK Dons permanently.,,0,0,0,0,0,0,0,0,0,0,0,0,0,,,,0.0,0.0,0.0,0.0,0.0,0,0,0
559,u,0.0,0.0,4.4,539,322.0,0,0.0,-1,1.0,0.0,634,255.0,0,0,0.0,656.0,253.0,0,0,0.0,599.0,216.0,0.0,0.0,0.0,2951,0,8523,11,0.0,0.0,0.0,0.0,0.0,0.0,0.0,0.0,0.0,0.0,0.0,648.0,245.0,0.0,645.0,250.0,0.0,619.0,238.0,0.0,649.0,246.0,,,,23,,Nectarios,Triantis,Triantis,has joined Minnesota United permanently.,,0,0,0,0,0,0,0,0,0,0,0,0,0,,,,0.0,0.0,0.0,0.0,0.0,0,0,0
560,a,100.0,100.0,5.2,212,47.0,0,0.0,-3,3.0,1.6,148,23.0,51,1,2.5,264.0,26.0,7,169,0.4,353.0,42.0,0.1,9.8,0.0,944003,2567,820768,5327,0.4,0.4,3.5,0.06,3.56,15.74,0.32,0.01,0.33,1.44,161.4,259.0,23.0,22.2,372.0,46.0,351.0,40.0,17.0,53.3,183.0,20.0,,,,23,,Wilson,Isidor,Isidor,,,985,4,0,4,13,0,0,0,1,0,0,11,39,,,,0.0,0.37,1.19,1.01,3.56,8,14,17
561,a,,,5.2,219,49.0,0,0.0,-3,3.0,0.5,249,40.0,26,2,1.9,337.0,33.0,2,86,1.6,244.0,27.0,0.3,5.0,0.0,263041,306,300346,459,1.6,1.6,1.05,0.14,1.19,10.33,0.17,0.02,0.19,1.63,73.4,357.0,35.0,42.0,330.0,38.0,131.0,171.0,37.0,24.3,320.0,37.0,,,3.0,23,,Eliezer,Mayenda Dossou,Mayenda,,,572,1,0,3,7,0,0,0,0,0,0,6,20,,,,0.0,0.47,1.1,0.94,3.15,3,6,11
562,a,,,4.2,641,89.0,0,0.0,-3,3.0,0.4,272,43.0,0,0,0.0,623.0,62.0,0,0,0.0,558.0,50.0,0.0,0.0,0.0,47926,1644,77628,797,0.0,0.0,0.0,0.0,0.0,0.0,0.0,0.0,0.0,0.0,0.0,615.0,62.0,0.0,610.0,61.0,0.0,580.0,61.0,0.0,616.0,62.0,,,,23,,Ahmed,Abdullahi,Abdullahi,,,0,0,0,0,0,0,0,0,0,0,0,0,0,,,,0.0,0.0,0.0,0.0,0.0,0,0,0
563,u,0.0,0.0,4.4,547,77.0,0,0.0,-1,1.0,0.1,494,68.0,0,0,0.0,662.0,69.0,0,0,0.0,605.0,58.0,0.0,0.0,0.0,5979,0,20131,21,0.0,0.0,0.0,0.0,0.0,0.0,0.0,0.0,0.0,0.0,0.0,655.0,69.0,0.0,651.0,68.0,0.0,626.0,68.0,0.0,656.0,69.0,,,,23,,Luís Hemir,Silva Semedo,Luís Hemir,has joined Moreirense on loan for the rest of the season.,,0,0,0,0,0,0,0,0,0,0,0,0,0,,,,0.0,0.0,0.0,0.0,0.0,0,0,0
564,u,0.0,0.0,4.4,530,74.0,0,0.0,-1,1.0,0.1,498,70.0,0,0,0.0,652.0,66.0,0,0,0.0,595.0,55.0,0.0,0.0,0.0,3530,0,19970,30,0.0,0.0,0.0,0.0,0.0,0.0,0.0,0.0,0.0,0.0,0.0,643.0,66.0,0.0,640.0,65.0,0.0,614.0,65.0,0.0,644.0,66.0,,,,23,,Nazarii,Rusyn,Rusyn,has joined Arka on loan for the rest of the season.,,0,0,0,0,0,0,0,0,0,0,0,0,0,,,,0.0,0.0,0.0,0.0,0.0,0,0,0
668,d,25.0,,5.2,205,128.0,0,0.0,2,-2.0,6.2,62,22.0,90,0,4.1,60.0,25.0,5,426,2.6,158.0,65.0,0.5,17.3,0.0,1345724,1567,952926,100727,0.7,2.6,0.59,2.19,2.78,31.25,0.03,0.1,0.13,1.43,521.2,26.0,7.0,420.4,26.0,25.0,77.0,251.0,136.0,101.8,46.0,33.0,1.0,1.0,,23,,Granit,Xhaka,Xhaka,Ankle injury - 25% chance of playing,,1962,1,5,7,23,0,0,0,4,0,0,22,237,,,,0.0,0.32,1.06,1.01,10.87,35,101,101
670,a,,,5.0,268,10.0,0,0.0,5,-5.0,13.0,31,5.0,98,1,4.3,48.0,3.0,9,425,3.0,129.0,13.0,0.6,19.6,0.0,2047567,15805,589355,37780,3.0,3.0,0.0,0.05,0.05,33.33,0.0,0.0,0.0,1.45,624.8,9.0,2.0,40.0,335.0,2.0,0.0,762.0,86.0,66.4,124.0,2.0,,,,23,,Robin,Roefs,Roefs,,,2070,0,0,7,26,0,1,0,2,0,76,23,110,,,,3.3,0.3,1.13,1.0,0.0,0,23,233
678,i,0.0,0.0,3.9,731,210.0,0,0.0,-1,1.0,0.5,248,94.0,1,0,0.3,494.0,173.0,0,4,0.0,445.0,175.0,0.0,0.3,0.0,52348,10,78316,561,0.0,0.0,0.07,0.08,0.15,2.09,0.05,0.06,0.11,1.5,21.8,423.0,159.0,20.1,377.0,136.0,7.0,396.0,149.0,4.9,428.0,155.0,,,,23,,Arthur,Masuaku,Masuaku,Ankle injury - Expected back 22 Feb,,125,0,0,0,2,0,0,0,1,0,0,2,13,,,,0.0,0.0,1.44,1.44,7.2,4,6,3
683,a,100.0,100.0,4.1,645,157.0,0,0.0,1,-1.0,6.5,58,19.0,79,1,4.2,53.0,23.0,5,257,2.4,169.0,60.0,0.6,19.3,0.0,1418591,16897,760365,27353,2.4,2.4,1.23,0.74,1.96,26.73,0.07,0.04,0.11,1.46,471.0,43.0,19.0,83.6,248.0,72.0,195.0,103.0,15.0,75.3,98.0,28.0,,,,23,,Omar,Alderete,Alderete,,,1649,1,1,6,21,0,0,0,4,0,0,18,203,,,,0.0,0.33,1.15,0.98,9.77,19,160,57
694,a,,,4.5,410,77.0,0,0.0,5,-5.0,12.6,33,10.0,102,4,4.9,17.0,8.0,8,344,5.6,16.0,8.0,1.2,22.7,0.0,2050936,64286,524593,24200,5.6,5.6,0.6,1.68,2.28,31.64,0.03,0.08,0.11,1.51,516.4,28.0,11.0,221.4,106.0,26.0,111.0,196.0,48.0,84.9,74.0,16.0,,,,23,,Nordi,Mukiele,Mukiele,,,1882,1,4,6,24,1,0,0,4,0,0,21,235,,,,0.0,0.29,1.15,1.0,9.9,50,157,86
724,a,,,4.5,419,83.0,0,0.0,0,0.0,0.0,586,212.0,32,0,1.9,334.0,129.0,0,145,1.8,218.0,82.0,0.4,7.1,0.0,7786,68,4947,257,1.8,1.8,0.37,0.42,0.79,20.56,0.03,0.04,0.07,1.91,156.2,263.0,105.0,63.6,283.0,90.0,34.0,324.0,104.0,25.4,315.0,108.0,,,,23,,Lutsharel,Geertruida,Geertruida,,,970,0,0,2,14,0,0,0,0,0,0,10,80,,,,0.0,0.19,1.3,0.93,5.94,20,44,43
730,a,100.0,100.0,5.5,146,35.0,0,0.0,0,0.0,1.2,170,26.0,56,7,3.1,174.0,15.0,8,212,5.6,17.0,3.0,1.0,10.2,0.0,209578,42227,64326,5830,5.6,5.6,2.24,0.2,2.44,16.24,0.23,0.02,0.25,1.68,215.0,207.0,16.0,59.6,298.0,30.0,218.0,88.0,26.0,48.4,204.0,22.0,,,,23,,Brian,Brobbey,Brobbey,,,871,5,1,3,12,0,0,0,1,0,0,9,37,,,,0.0,0.31,1.24,0.93,3.82,5,8,24
735,i,0.0,0.0,5.5,136,84.0,0,0.0,0,0.0,0.0,631,252.0,28,0,2.8,218.0,95.0,1,114,0.0,781.0,347.0,0.0,5.1,0.0,13410,6,12457,94,0.0,0.0,0.48,0.25,0.73,8.99,0.07,0.04,0.11,1.33,115.6,303.0,135.0,108.1,209.0,134.0,135.0,164.0,95.0,35.9,265.0,130.0,,,,23,,Bertrand,Traoré,Traoré,Knee injury - Expected back 11 Feb,,607,1,1,3,9,0,0,0,1,0,0,9,40,,,,0.0,0.44,1.33,1.33,5.93,11,11,18
775,u,0.0,0.0,4.5,486,299.0,0,0.0,0,0.0,0.0,796,354.0,0,0,0.0,724.0,302.0,0,0,0.0,675.0,271.0,0.0,0.0,0.0,160,0,109,10,0.0,0.0,0.0,0.0,0.0,0.0,0.0,0.0,0.0,0.0,0.0,723.0,301.0,0.0,718.0,301.0,0.0,700.0,295.0,0.0,722.0,300.0,,,,23,,Tymur,Tutierov,Tutierov,has joined Exeter City on loan for the rest of the season.,,0,0,0,0,0,0,0,0,0,0,0,0,0,,,,0.0,0.0,0.0,0.0,0.0,0,0,0
800,i,0.0,0.0,5.0,283,175.0,0,0.0,0,0.0,0.0,804,361.0,0,0,0.0,779.0,343.0,0,0,0.0,752.0,328.0,0.0,0.0,0.0,44,7,14,8,0.0,0.0,0.0,0.0,0.0,0.0,0.0,0.0,0.0,0.0,0.0,779.0,343.0,0.0,777.0,343.0,0.0,771.0,341.0,0.0,779.0,343.0,,,,23,,Djiamgone Jocelin Ta,Bi,Jocelin.T,Lack of match fitness - Expected back 22 Feb,,0,0,0,0,0,0,0,0,0,0,0,0,0,,,,0.0,0.0,0.0,0.0,0.0,0,0,0
565,a,,,4.8,352,14.0,0,0.0,-2,2.0,6.6,57,9.0,77,1,3.3,140.0,13.0,6,352,2.0,204.0,19.0,0.4,16.0,0.0,1332076,1107,1267973,20441,1.5,2.0,0.0,0.02,0.02,30.7,0.0,0.0,0.0,1.33,511.6,33.0,10.0,0.1,470.0,14.0,0.0,724.0,79.0,51.3,194.0,10.0,,,,23,,Guglielmo,Vicario,Vicario,,,2070,0,0,7,31,0,0,0,1,0,59,23,97,,,,2.57,0.3,1.35,1.0,0.0,0,28,189
566,a,,,3.9,738,76.0,0,0.0,-1,1.0,0.3,312,42.0,0,0,0.0,528.0,44.0,0,0,0.0,450.0,38.0,0.0,0.0,0.0,20063,76,22559,229,-0.5,0.0,0.0,0.0,0.0,0.0,0.0,0.0,0.0,0.0,0.0,519.0,44.0,0.0,510.0,31.0,0.0,473.0,16.0,0.0,519.0,44.0,,,,23,,Brandon,Austin,Austin,,,0,0,0,0,0,0,0,0,0,0,0,0,0,,,,0.0,0.0,0.0,0.0,0.0,0,0,0
567,a,,,3.9,754,83.0,0,0.0,-1,1.0,1.7,144,19.0,0,0,0.0,538.0,51.0,0,0,0.0,460.0,45.0,0.0,0.0,0.0,122847,269,163821,1604,-0.5,0.0,0.0,0.0,0.0,0.0,0.0,0.0,0.0,0.0,0.0,529.0,51.0,0.0,520.0,38.0,0.0,483.0,23.0,0.0,529.0,51.0,,,,23,,Antonín,Kinský,Kinsky,,,0,0,0,0,0,0,0,0,0,0,0,0,0,,,,0.0,0.0,0.0,0.0,0.0,0,0,0
568,a,,,5.2,214,29.0,0,0.0,-3,3.0,12.5,35,11.0,79,1,3.4,134.0,54.0,4,344,3.8,72.0,28.0,0.7,15.2,0.0,1464624,4843,2605309,35532,3.3,3.8,0.48,2.81,3.29,25.39,0.02,0.14,0.16,1.26,414.6,68.0,30.0,517.6,15.0,1.0,89.0,230.0,61.0,102.3,44.0,3.0,3.0,2.0,,23,,Pedro,Porro Sauceda,Pedro Porro,,,1820,0,3,7,24,0,0,0,5,0,0,21,171,,,,0.0,0.35,1.19,1.04,6.73,43,93,94
569,a,100.0,100.0,5.0,251,38.0,0,0.0,0,0.0,4.2,83,27.0,92,11,4.8,22.0,10.0,10,308,6.6,6.0,3.0,1.3,18.4,0.0,951313,19642,997724,7864,6.1,6.6,1.33,1.18,2.51,24.48,0.07,0.06,0.13,1.35,538.2,20.0,8.0,110.1,206.0,52.0,202.0,98.0,12.0,85.1,73.0,15.0,,,,23,,Cristian,Romero,Romero,,,1637,4,1,5,25,0,0,0,8,1,0,18,204,,,,0.0,0.27,1.37,0.99,9.73,52,125,77
574,a,100.0,100.0,4.3,585,137.0,0,0.0,-2,2.0,0.3,307,114.0,14,1,1.3,412.0,152.0,0,56,0.2,371.0,139.0,0.0,3.3,0.0,47525,199,109048,167,-0.3,0.2,0.1,0.37,0.47,11.16,0.01,0.05,0.06,1.55,121.8,297.0,114.0,101.0,221.0,62.0,61.0,275.0,81.0,28.4,300.0,102.0,,,,23,,Destiny,Udogie,Udogie,,,650,0,1,0,14,0,0,0,1,0,0,6,52,,,,0.0,0.0,1.94,0.83,4.29,13,18,40
575,a,,,4.6,395,70.0,0,0.0,1,-1.0,27.7,12,4.0,96,7,4.4,37.0,17.0,10,347,4.0,53.0,20.0,0.9,20.9,0.0,3365915,29856,3175911,67734,3.5,4.0,2.48,0.33,2.81,28.66,0.11,0.02,0.13,1.31,498.4,35.0,15.0,75.9,262.0,79.0,191.0,108.0,17.0,76.5,93.0,24.0,,,,23,,Micky,van de Ven,Van de Ven,,,1969,4,1,7,29,0,0,0,6,0,0,22,178,,,,0.0,0.32,1.33,1.01,6.49,25,117,78
576,u,0.0,0.0,4.0,695,184.0,0,0.0,0,0.0,0.0,711,245.0,0,0,0.0,592.0,222.0,0,0,0.0,516.0,206.0,0.0,0.0,0.0,0,0,1972,6,0.0,0.0,0.0,0.0,0.0,0.0,0.0,0.0,0.0,0.0,0.0,583.0,222.0,0.0,576.0,222.0,0.0,542.0,217.0,0.0,583.0,221.0,,,,23,,Ashley,Phillips,Phillips,Has joined Stoke City on loan for the rest of the season.,,0,0,0,0,0,0,0,0,0,0,0,0,0,,,,0.0,0.0,0.0,0.0,0.0,0,0,0
577,u,0.0,0.0,4.0,697,185.0,0,0.0,0,0.0,0.0,588,213.0,0,0,0.0,594.0,223.0,0,0,0.0,518.0,207.0,0.0,0.0,0.0,1005,0,8838,29,0.0,0.0,0.0,0.0,0.0,0.0,0.0,0.0,0.0,0.0,0.0,585.0,223.0,0.0,578.0,223.0,0.0,544.0,218.0,0.0,585.0,222.0,,,,23,,Takai,Kōta,Takai,has joined Borussia Mönchengladbach on loan for the rest of the season.,,0,0,0,0,0,0,0,0,0,0,0,0,0,,,,0.0,0.0,0.0,0.0,0.0,0,0,0
579,u,0.0,0.0,8.5,10,5.0,0,0.0,0,0.0,0.1,439,150.0,0,0,0.0,805.0,361.0,0,0,0.0,804.0,361.0,0.0,0.0,0.0,0,0,25403,24,0.0,0.0,0.0,0.0,0.0,0.0,0.0,0.0,0.0,0.0,0.0,805.0,361.0,0.0,805.0,361.0,0.0,805.0,361.0,0.0,805.0,361.0,,,,23,,Son,Heung-min,Son,Has joined Los Angeles FC permanently.,,0,0,0,0,0,0,0,0,0,0,0,0,0,,,,0.0,0.0,0.0,0.0,0.0,0,0,0
581,i,0.0,0.0,6.8,45,27.0,0,0.0,-2,2.0,0.1,440,151.0,0,0,0.0,802.0,358.0,0,0,0.0,799.0,358.0,0.0,0.0,0.0,1525,23,23464,37,0.0,0.0,0.0,0.0,0.0,0.0,0.0,0.0,0.0,0.0,0.0,802.0,358.0,0.0,802.0,358.0,0.0,802.0,358.0,0.0,802.0,358.0,,,,23,,James,Maddison,Maddison,Anterior cruciate ligament - Unknown return date,,0,0,0,0,0,0,0,0,0,0,0,0,0,,,,0.0,0.0,0.0,0.0,0.0,0,0,0
582,i,0.0,0.0,6.4,60,39.0,0,0.0,-1,1.0,10.5,42,16.0,75,0,3.9,85.0,38.0,7,257,0.8,315.0,143.0,0.1,11.7,0.0,3262949,40,5083127,25816,0.0,0.0,1.92,2.41,4.33,22.74,0.11,0.14,0.25,1.33,333.4,111.0,37.0,413.8,27.0,26.0,302.0,52.0,31.0,104.7,38.0,28.0,2.0,1.0,,23,,Mohammed,Kudus,Kudus,Thigh injury - Expected back 11 Apr,,1535,2,6,7,20,0,0,0,3,0,0,19,133,,,,0.0,0.41,1.17,1.11,7.8,29,9,95
583,i,0.0,0.0,6.4,59,38.0,0,0.0,-1,1.0,0.0,703,297.0,0,0,0.0,799.0,357.0,0,0,0.0,796.0,357.0,0.0,0.0,0.0,856,16,1948,15,0.0,0.0,0.0,0.0,0.0,0.0,0.0,0.0,0.0,0.0,0.0,799.0,357.0,0.0,799.0,357.0,0.0,799.0,357.0,0.0,799.0,357.0,,,,23,,Dejan,Kulusevski,Kulusevski,Knee injury - Unknown return date,,0,0,0,0,0,0,0,0,0,0,0,0,0,,,,0.0,0.0,0.0,0.0,0.0,0,0,0
584,a,,,6.2,79,52.0,0,0.0,-3,3.0,0.2,366,123.0,45,1,2.8,222.0,99.0,5,145,3.2,121.0,54.0,0.5,7.3,0.0,38001,197,34491,2936,2.7,3.2,1.1,0.53,1.62,6.58,0.19,0.09,0.28,1.11,141.8,276.0,122.0,104.9,215.0,136.0,160.0,132.0,77.0,40.9,241.0,119.0,4.0,,4.0,23,,Mathys,Tel,Tel,,,534,3,1,1,9,0,0,0,0,0,0,6,45,,,,0.0,0.17,1.52,1.01,7.58,10,5,30
585,i,0.0,0.0,5.3,189,117.0,0,0.0,-2,2.0,0.2,375,126.0,64,0,3.2,159.0,66.0,3,269,2.0,206.0,89.0,0.4,12.1,0.0,56805,7,62973,776,0.0,0.0,0.45,0.68,1.13,20.56,0.03,0.04,0.07,1.32,268.6,168.0,66.0,159.7,154.0,106.0,85.0,238.0,129.0,51.6,190.0,101.0,,,,23,,Rodrigo,Bentancur,Bentancur,Hamstring injury - Unknown return date,,1407,1,1,5,21,0,0,0,5,0,0,17,207,,,,0.0,0.32,1.34,1.09,13.24,37,69,101
586,i,0.0,0.0,5.2,220,137.0,0,0.0,-3,3.0,0.2,376,127.0,39,0,2.3,283.0,121.0,0,139,0.6,326.0,149.0,0.1,7.5,0.0,102265,7,109073,490,0.0,0.0,0.96,0.39,1.35,10.21,0.11,0.04,0.15,1.15,137.4,282.0,125.0,81.4,255.0,154.0,133.0,167.0,97.0,35.3,267.0,131.0,,,,23,,Lucas,Bergvall,Bergvall,Ankle injury - Unknown return date,,799,1,2,3,13,0,0,0,2,0,0,10,68,,,,0.0,0.34,1.46,1.13,7.66,20,14,34
587,a,100.0,100.0,5.2,209,130.0,0,0.0,-3,3.0,0.0,600,230.0,5,4,2.5,263.0,112.0,0,40,1.0,293.0,132.0,0.2,1.0,0.0,1750,162,13832,49,0.5,1.0,0.28,0.07,0.35,2.69,0.21,0.05,0.26,1.98,34.2,406.0,180.0,8.9,414.0,201.0,21.0,357.0,184.0,6.4,420.0,189.0,,,,23,,Yves,Bissouma,Bissouma,,,122,0,0,0,3,0,0,0,0,0,0,1,23,,,,0.0,0.0,2.21,0.74,16.97,6,9,8
588,a,100.0,100.0,5.3,204,127.0,0,0.0,-2,2.0,0.1,482,169.0,43,8,2.0,323.0,143.0,6,164,3.4,99.0,45.0,0.6,8.1,0.0,13363,1021,8583,631,2.9,3.4,1.56,1.15,2.71,11.4,0.16,0.12,0.28,1.16,149.4,268.0,117.0,249.8,91.0,68.0,210.0,92.0,56.0,60.9,152.0,84.0,,,,23,,Wilson,Odobert,Odobert,,,885,0,2,2,13,0,0,0,0,0,0,8,69,,,,0.0,0.2,1.32,0.81,7.02,10,13,46
589,u,0.0,0.0,5.4,168,104.0,0,0.0,-1,1.0,0.0,741,317.0,0,0,0.0,784.0,346.0,0,0,0.0,773.0,341.0,0.0,0.0,0.0,115,0,1466,2,0.0,0.0,0.0,0.0,0.0,0.0,0.0,0.0,0.0,0.0,0.0,784.0,346.0,0.0,783.0,346.0,0.0,779.0,345.0,0.0,784.0,346.0,,,,23,,Manor,Solomon,Solomon,has joined Fiorentina on loan for the rest of the season.,,0,0,0,0,0,0,0,0,0,0,0,0,0,,,,0.0,0.0,0.0,0.0,0.0,0,0,0
591,a,100.0,100.0,4.8,370,232.0,0,0.0,-2,2.0,0.1,428,145.0,28,1,2.2,297.0,128.0,3,103,1.6,238.0,102.0,0.3,5.8,0.0,14986,183,20144,439,1.1,1.6,0.68,0.13,0.81,8.09,0.09,0.02,0.11,1.11,98.6,322.0,142.0,56.6,304.0,172.0,78.0,249.0,134.0,23.3,325.0,158.0,,,,23,,Archie,Gray,Gray,,,657,1,0,5,8,0,0,0,4,0,0,9,68,,,,0.0,0.68,1.1,1.23,9.32,6,31,31
592,u,0.0,0.0,5.0,270,164.0,0,0.0,0,0.0,0.0,767,334.0,0,0,0.0,772.0,338.0,0,0,0.0,745.0,323.0,0.0,0.0,0.0,0,0,678,1,0.0,0.0,0.0,0.0,0.0,0.0,0.0,0.0,0.0,0.0,0.0,772.0,338.0,0.0,770.0,338.0,0.0,763.0,335.0,0.0,771.0,337.0,,,,23,,Mikey,Moore,Moore,Has joined Rangers on loan for the rest of the season.,,0,0,0,0,0,0,0,0,0,0,0,0,0,,,,0.0,0.0,0.0,0.0,0.0,0,0,0
593,a,100.0,100.0,4.5,436,262.0,0,0.0,-5,5.0,0.8,202,68.0,42,0,3.0,186.0,79.0,0,161,0.0,639.0,242.0,0.0,9.3,0.0,329036,917,555182,826,-0.5,0.0,1.04,0.45,1.49,12.7,0.13,0.06,0.19,1.63,154.6,265.0,115.0,84.7,246.0,150.0,94.0,222.0,122.0,33.4,277.0,137.0,,,,23,,Pape Matar,Sarr,P.M.Sarr,,,703,2,2,3,7,0,0,0,0,0,0,7,82,,,,0.0,0.38,0.9,0.9,10.5,12,29,41
594,u,0.0,0.0,4.5,496,308.0,0,0.0,0,0.0,0.0,713,303.0,0,0,0.0,731.0,309.0,0,0,0.0,683.0,279.0,0.0,0.0,0.0,0,0,2807,2,0.0,0.0,0.0,0.0,0.0,0.0,0.0,0.0,0.0,0.0,0.0,731.0,309.0,0.0,726.0,309.0,0.0,708.0,303.0,0.0,730.0,308.0,,,,23,,Yang,Min-hyeok,Min-hyeok,has joined Coventry City on loan for the rest of the season.,,0,0,0,0,0,0,0,0,0,0,0,0,0,,,,0.0,0.0,0.0,0.0,0.0,0,0,0
595,a,,,4.3,593,345.0,0,0.0,-2,2.0,0.2,367,124.0,0,0,0.0,631.0,237.0,0,0,0.0,569.0,199.0,0.0,0.0,0.0,21214,141,27610,255,-0.5,0.0,0.0,0.0,0.0,0.0,0.0,0.0,0.0,0.0,0.0,622.0,228.0,0.0,618.0,233.0,0.0,590.0,220.0,0.0,623.0,229.0,,,,23,,Callum,Olusesi,Olusesi,,,0,0,0,0,0,0,0,0,0,0,0,0,0,,,,0.0,0.0,0.0,0.0,0.0,0,0,0
596,a,100.0,100.0,7.2,30,11.0,0,0.0,-3,3.0,1.0,184,28.0,5,2,1.2,427.0,50.0,0,24,0.6,329.0,40.0,0.1,0.7,0.0,53201,1885,452563,2505,0.1,0.6,0.68,0.02,0.7,2.8,0.41,0.01,0.42,1.69,22.4,422.0,47.0,25.2,366.0,45.0,68.0,265.0,47.0,11.5,388.0,47.0,,,2.0,23,,Dominic,Solanke-Mitchell,Solanke,,,149,0,0,0,3,0,0,0,0,0,0,1,10,,,,0.0,0.0,1.81,0.6,6.04,6,2,2
597,i,0.0,0.0,6.3,65,21.0,-1,1.0,-2,2.0,6.0,65,12.0,75,0,3.6,119.0,10.0,9,336,1.0,299.0,36.0,0.2,11.9,0.0,2945558,98,2957219,26430,0.0,0.0,4.8,1.22,6.02,17.99,0.34,0.09,0.43,1.27,381.8,83.0,6.0,159.3,155.0,11.0,464.0,21.0,12.0,100.4,49.0,10.0,,,3.0,23,,Richarlison,de Andrade,Richarlison,Hamstring injury - Expected back 01 Mar,,1276,7,3,5,19,0,0,0,4,0,0,13,98,,,,0.0,0.35,1.34,0.92,6.91,15,46,37
598,u,0.0,0.0,4.5,462,64.0,0,0.0,0,0.0,0.0,660,82.0,0,0,0.0,705.0,73.0,0,0,0.0,655.0,62.0,0.0,0.0,0.0,0,0,5071,8,0.0,0.0,0.0,0.0,0.0,0.0,0.0,0.0,0.0,0.0,0.0,702.0,73.0,0.0,698.0,72.0,0.0,678.0,72.0,0.0,702.0,73.0,,,,23,,Will,Lankshear,Lankshear,Has joined Oxford United on loan for the rest of the season.,,0,0,0,0,0,0,0,0,0,0,0,0,0,,,,0.0,0.0,0.0,0.0,0.0,0,0,0
528,a,,,4.2,626,34.0,0,0.0,-3,3.0,0.2,384,56.0,0,0,0.0,618.0,84.0,0,0,0.0,546.0,78.0,0.0,0.0,0.0,10375,99,31310,159,0.0,0.0,0.0,0.0,0.0,0.0,0.0,0.0,0.0,0.0,0.0,610.0,84.0,0.0,603.0,74.0,0.0,572.0,60.0,0.0,611.0,84.0,,,,23,,Anthony,Patterson,Patterson,,,0,0,0,0,0,0,0,0,0,0,0,0,0,,,,0.0,0.0,0.0,0.0,0.0,0,0,0
673,d,75.0,75.0,5.5,137,85.0,0,0.0,0,0.0,0.9,192,64.0,78,0,3.9,81.0,35.0,11,323,2.2,195.0,83.0,0.4,14.2,0.0,360660,58,339357,5532,1.3,1.7,1.0,0.47,1.47,19.28,0.07,0.03,0.1,1.34,385.8,82.0,26.0,85.3,242.0,147.0,138.0,157.0,90.0,61.1,150.0,83.0,,,,23,,João Maria,Lobo Alves Palhares Costa Palhinha Gonçalves,J.Palhinha,Knock - 75% chance of playing,,1299,3,3,4,20,0,0,0,5,0,0,14,174,,,,0.0,0.28,1.39,0.97,12.06,74,48,52
751,u,0.0,,4.5,480,295.0,0,0.0,0,0.0,0.0,748,322.0,0,0,0.0,718.0,298.0,0,0,0.0,669.0,267.0,0.0,0.0,0.0,675,10,466,24,0.0,0.0,0.0,0.0,0.0,0.0,0.0,0.0,0.0,0.0,0.0,717.0,297.0,0.0,712.0,297.0,0.0,694.0,291.0,0.0,716.0,296.0,,,,23,,Yusuf,Akhamrich,Akhamrich,has joined Bristol Rovers on loan for the rest of the season.,,0,0,0,0,0,0,0,0,0,0,0,0,0,,,,0.0,0.0,0.0,0.0,0.0,0,0,0
790,a,,,4.5,493,305.0,0,0.0,0,0.0,0.0,779,343.0,0,0,0.0,728.0,306.0,0,0,0.0,680.0,276.0,0.0,0.0,0.0,224,42,74,25,-0.5,0.0,0.0,0.0,0.0,0.0,0.0,0.0,0.0,0.0,0.0,728.0,306.0,0.0,723.0,306.0,0.0,705.0,300.0,0.0,727.0,305.0,,,,23,,Lucá,Williams-Barnett,Williams-Barnett,,,0,0,0,0,0,0,0,0,0,0,0,0,0,,,,0.0,0.0,0.0,0.0,0.0,0,0,0
796,a,,,5.5,142,90.0,0,0.0,0,0.0,0.1,408,138.0,4,2,2.0,326.0,146.0,0,32,2.0,207.0,90.0,0.4,0.7,0.0,22870,1157,3852,1913,1.5,2.0,0.31,0.24,0.55,4.1,0.16,0.12,0.28,2.12,25.2,419.0,186.0,31.1,351.0,184.0,58.0,281.0,149.0,11.4,389.0,179.0,,,,23,,Conor,Gallagher,Gallagher,,,174,0,0,0,4,0,0,0,0,0,0,2,18,,,,0.0,0.0,2.07,1.03,9.31,3,3,12
804,a,,,4.0,715,202.0,0,0.0,0,0.0,0.0,795,262.0,0,0,0.0,609.0,237.0,0,0,0.0,534.0,222.0,0.0,0.0,0.0,100,100,16,16,0.9,1.4,0.0,0.0,0.0,0.0,0.0,0.0,0.0,0.0,0.0,600.0,237.0,0.0,593.0,237.0,0.0,559.0,232.0,0.0,600.0,236.0,,,,23,,João Victor,de Souza Menezes,Souza,,,0,0,0,0,0,0,0,0,0,0,0,0,0,,,,0.0,0.0,0.0,0.0,0.0,0,0,0
149,a,100.0,100.0,4.5,416,81.0,0,0.0,0,0.0,0.1,517,186.0,6,0,1.5,390.0,145.0,0,10,0.0,624.0,247.0,0.0,1.3,0.0,8000,110,9207,126,0.0,0.0,0.0,0.0,0.0,4.66,0.0,0.0,0.0,4.07,25.8,418.0,158.0,10.6,399.0,147.0,0.0,646.0,251.0,3.6,439.0,160.0,,,,23,,Igor Julio,dos Santos de Paulo,Igor,,,103,0,0,0,3,0,0,0,0,0,0,1,13,,,,0.0,0.0,2.62,0.87,11.36,0,13,3
601,u,0.0,0.0,4.0,650,42.0,0,0.0,0,0.0,0.2,348,50.0,0,0,0.0,556.0,61.0,0,0,0.0,478.0,55.0,0.0,0.0,0.0,3874,0,41513,128,0.0,0.0,0.0,0.0,0.0,0.0,0.0,0.0,0.0,0.0,0.0,547.0,61.0,0.0,539.0,49.0,0.0,503.0,34.0,0.0,547.0,61.0,,,,23,,Wes,Foderingham,Foderingham,has joined Aris Limassol permanently.,,0,0,0,0,0,0,0,0,0,0,0,0,0,,,,0.0,0.0,0.0,0.0,0.0,0,0,0
602,u,0.0,0.0,3.9,753,82.0,0,0.0,-1,1.0,0.2,353,51.0,0,0,0.0,537.0,50.0,0,0,0.0,459.0,44.0,0.0,0.0,0.0,11331,0,17236,399,0.0,0.0,0.0,0.0,0.0,0.0,0.0,0.0,0.0,0.0,0.0,528.0,50.0,0.0,519.0,37.0,0.0,482.0,22.0,0.0,528.0,50.0,,,,23,,Krisztián,Hegyi,Hegyi,has joined MTK Budapest on loan for the rest of the season.,,0,0,0,0,0,0,0,0,0,0,0,0,0,,,,0.0,0.0,0.0,0.0,0.0,0,0,0
603,a,100.0,100.0,4.0,713,200.0,0,0.0,-5,5.0,1.3,163,61.0,45,1,2.6,237.0,93.0,1,120,0.2,367.0,135.0,0.0,11.2,0.0,224016,2718,867589,1763,0.2,0.2,0.39,0.82,1.21,24.12,0.02,0.05,0.07,1.54,279.8,159.0,66.0,158.4,157.0,39.0,64.0,270.0,79.0,50.3,197.0,62.0,,,,23,,El Hadji Malick,Diouf,Diouf,,,1407,0,4,2,30,0,0,0,3,0,0,15,150,,,,0.0,0.13,1.92,0.96,7.36,21,94,54
604,u,0.0,0.0,4.4,513,100.0,0,0.0,-1,1.0,0.1,573,208.0,0,0,0.0,647.0,247.0,0,0,0.0,588.0,239.0,0.0,0.0,0.0,1719,0,20652,13,0.0,0.0,0.0,0.0,0.0,0.0,0.0,0.0,0.0,0.0,0.0,638.0,247.0,0.0,635.0,247.0,0.0,609.0,245.0,0.0,639.0,247.0,,,,23,,Emerson,Palmieri dos Santos,Emerson,has joined Marseille permanently.,,0,0,0,0,0,0,0,0,0,0,0,0,0,,,,0.0,0.0,0.0,0.0,0.0,0,0,0
605,a,,,4.2,624,146.0,0,0.0,-3,3.0,0.2,399,145.0,36,1,1.8,342.0,131.0,0,83,0.6,318.0,116.0,0.1,8.6,0.0,28723,99,46325,430,0.6,0.6,0.56,0.25,0.81,31.5,0.03,0.01,0.04,1.85,380.8,84.0,37.0,55.6,306.0,101.0,60.0,276.0,82.0,49.7,201.0,64.0,,,,23,,Maximilian,Kilman,Kilman,,,1535,0,0,1,35,0,0,0,4,0,0,17,186,,,,0.0,0.06,2.05,1.0,9.09,16,139,42
606,a,100.0,100.0,4.4,525,111.0,0,0.0,-1,1.0,0.1,516,185.0,40,2,2.5,258.0,102.0,0,119,2.0,203.0,75.0,0.5,9.1,0.0,12773,133,13067,267,2.0,2.0,1.01,0.32,1.33,20.68,0.07,0.02,0.09,1.46,313.8,126.0,55.0,11.5,396.0,146.0,135.0,163.0,33.0,46.0,216.0,73.0,,,,23,,Konstantinos,Mavropanos,Mavropanos,,,1271,0,0,1,24,1,0,0,2,0,0,13,171,,,,0.0,0.07,1.7,0.92,10.69,17,134,55
607,u,0.0,0.0,4.4,518,105.0,0,0.0,-1,1.0,0.0,597,214.0,3,0,1.5,389.0,144.0,0,-1,0.0,591.0,242.0,0.0,0.7,0.0,1288,0,12247,6,0.0,0.0,0.1,0.03,0.13,3.42,0.05,0.02,0.07,1.71,39.0,400.0,153.0,3.9,432.0,158.0,8.0,390.0,146.0,5.1,427.0,154.0,,,,23,,Nayef,Aguerd,N.Aguerd,has joined Marseille permanently.,,180,0,0,0,8,0,0,0,0,0,0,2,23,,,,0.0,0.0,4.0,1.0,7.5,1,14,8
623,a,100.0,100.0,4.4,536,320.0,0,0.0,-1,1.0,0.7,207,70.0,30,1,1.8,346.0,151.0,0,192,1.0,285.0,125.0,0.2,6.8,0.0,136844,439,135144,3023,1.0,1.0,0.21,1.04,1.25,19.48,0.02,0.1,0.12,1.79,164.2,255.0,109.0,125.6,188.0,126.0,37.0,314.0,163.0,32.7,281.0,139.0,1.0,,,23,,Freddie,Potts,Potts,,,982,0,1,0,23,0,0,0,1,0,0,10,99,,,,0.0,0.0,2.11,0.92,9.07,25,38,36
624,a,,,7.6,20,6.0,0,0.0,-4,4.0,8.3,48,10.0,105,12,4.6,30.0,3.0,19,409,5.6,19.0,4.0,0.7,13.8,0.0,1896128,69108,2709275,28825,5.6,5.6,5.44,1.78,7.22,38.04,0.24,0.08,0.32,1.65,474.0,42.0,3.0,289.8,72.0,2.0,598.0,9.0,6.0,136.0,14.0,3.0,,1.0,2.0,23,,Jarrod,Bowen,Bowen,,,2070,7,3,1,45,0,0,0,3,0,0,23,153,,,,0.0,0.04,1.96,1.0,6.65,29,34,90
625,u,0.0,0.0,5.6,124,33.0,0,0.0,-4,4.0,0.6,236,37.0,12,0,1.5,396.0,45.0,0,28,0.0,787.0,83.0,0.0,2.1,0.0,47611,0,390386,333,0.0,0.0,0.93,0.21,1.14,8.59,0.21,0.05,0.26,1.9,26.0,417.0,45.0,85.1,245.0,25.0,130.0,172.0,38.0,23.8,324.0,38.0,,,,23,,Niclas,Füllkrug,Füllkrug,has joined AC Milan on loan for the rest of the season.,,407,0,0,1,11,0,0,0,0,0,0,5,19,,,,0.0,0.22,2.43,1.11,4.2,2,7,10
626,u,0.0,0.0,4.3,605,83.0,0,0.0,-2,2.0,0.6,242,38.0,2,0,1.0,444.0,54.0,0,0,0.0,577.0,52.0,0.0,0.5,0.0,63604,0,100487,802,0.0,0.0,0.13,0.0,0.13,1.55,0.2,0.0,0.2,2.41,1.2,474.0,55.0,0.1,467.0,58.0,7.0,400.0,55.0,0.8,465.0,55.0,,,,23,,Callum,Marshall,Marshall,has joined VfL Bochum 1848 on loan for the rest of the season.,,58,0,0,0,2,0,0,0,0,0,0,0,3,,,,0.0,0.0,3.1,0.0,4.66,0,2,1
659,a,,,4.2,622,144.0,0,0.0,-3,3.0,0.3,332,122.0,30,0,1.9,329.0,124.0,0,117,0.8,305.0,108.0,0.2,7.1,0.0,28734,144,48559,554,0.8,0.8,1.13,0.26,1.39,20.95,0.11,0.02,0.13,1.98,202.2,220.0,89.0,87.9,238.0,68.0,98.0,218.0,56.0,38.9,254.0,88.0,,,,23,,Kyle,Walker-Peters,Walker-Peters,,,952,1,0,1,21,0,0,0,2,0,0,10,94,,,,0.0,0.09,1.99,0.95,6.71,34,37,40
671,a,,,5.8,103,29.0,0,0.0,-2,2.0,0.7,222,35.0,59,1,3.1,176.0,16.0,7,222,2.8,147.0,16.0,0.5,10.2,0.0,194788,1939,189442,3220,2.8,2.8,4.45,0.15,4.6,15.04,0.49,0.02,0.51,1.64,211.2,212.0,18.0,70.5,273.0,28.0,312.0,49.0,19.0,58.5,161.0,19.0,,,,23,,Callum,Wilson,Wilson,,,824,5,2,1,16,0,0,0,0,0,0,8,27,,,,0.0,0.11,1.75,0.87,2.95,2,6,19
708,a,100.0,100.0,5.5,153,96.0,0,0.0,0,0.0,0.2,358,119.0,80,8,3.8,91.0,41.0,6,389,4.8,32.0,13.0,0.9,14.5,0.0,52875,5051,30611,1235,4.8,4.8,1.05,1.42,2.47,27.19,0.06,0.08,0.14,1.46,420.2,64.0,20.0,387.1,36.0,34.0,78.0,250.0,135.0,88.7,65.0,43.0,4.0,,,23,,Mateus Gonçalo,Espanha Fernandes,M.Fernandes,,,1673,3,2,2,30,0,0,0,3,0,0,20,208,,,,0.0,0.11,1.61,1.08,11.19,58,52,98
718,a,,,5.0,275,169.0,0,0.0,0,0.0,0.0,639,260.0,33,0,2.4,271.0,115.0,2,157,0.6,323.0,146.0,0.1,6.6,0.0,5019,27,3718,136,0.6,0.6,0.31,0.28,0.59,14.82,0.04,0.03,0.07,1.82,149.6,267.0,116.0,66.4,278.0,163.0,37.0,315.0,164.0,25.3,316.0,152.0,,,,23,,Soungoutou,Magassa,S.Magassa,,,732,1,0,1,18,0,0,0,2,0,0,9,101,,,,0.0,0.12,2.21,1.11,12.42,33,25,43
557,a,,,4.3,602,349.0,0,0.0,-2,2.0,0.1,540,193.0,0,0,0.0,636.0,240.0,0,0,0.0,574.0,202.0,0.0,0.0,0.0,6736,91,9059,110,0.0,0.0,0.0,0.0,0.0,0.0,0.0,0.0,0.0,0.0,0.0,627.0,231.0,0.0,624.0,236.0,0.0,596.0,223.0,0.0,628.0,232.0,,,,23,,Harrison,Jones,H.Jones,,,0,0,0,0,0,0,0,0,0,0,0,0,0,,,,0.0,0.0,0.0,0.0,0.0,0,0,0
738,d,25.0,25.0,4.5,400,20.0,0,0.0,0,0.0,0.0,623,79.0,0,0,0.0,671.0,88.0,0,0,0.0,616.0,85.0,0.0,0.0,0.0,5558,23,5021,69,0.0,0.0,0.0,0.0,0.0,0.0,0.0,0.0,0.0,0.0,0.0,666.0,88.0,0.0,661.0,81.0,0.0,637.0,69.0,0.0,667.0,88.0,,,,23,,Lukasz,Fabianski,Fabianski,Back injury - 25% chance of playing,,0,0,0,0,0,0,0,0,0,0,0,0,0,,,,0.0,0.0,0.0,0.0,0.0,0,0,0
747,a,,,4.0,710,197.0,0,0.0,0,0.0,0.0,648,226.0,5,0,1.0,437.0,162.0,0,15,0.6,317.0,115.0,0.2,1.2,0.0,1982,46,1421,75,0.6,0.6,0.12,0.44,0.56,2.8,0.1,0.35,0.45,2.25,21.2,425.0,161.0,33.8,344.0,120.0,9.0,385.0,141.0,6.4,419.0,153.0,,,,23,,Ezra,Mayers,Mayers,,,112,0,0,0,3,0,0,0,0,0,0,0,5,,,,0.0,0.0,2.41,0.0,4.02,0,5,6
752,a,,,4.0,721,208.0,0,0.0,0,0.0,0.0,663,230.0,0,0,0.0,614.0,242.0,0,0,0.0,539.0,227.0,0.0,0.0,0.0,1318,51,1160,59,0.0,0.0,0.0,0.0,0.0,0.0,0.0,0.0,0.0,0.0,0.0,605.0,242.0,0.0,598.0,242.0,0.0,565.0,238.0,0.0,606.0,242.0,,,,23,,Airidas,Golambeckis,Golambeckis,,,0,0,0,0,0,0,0,0,0,0,0,0,0,,,,0.0,0.0,0.0,0.0,0.0,0,0,0
758,a,,,4.5,498,309.0,0,0.0,0,0.0,0.0,732,312.0,3,0,1.0,463.0,213.0,0,11,0.2,387.0,178.0,0.0,0.7,0.0,1294,35,720,40,0.2,0.2,0.03,0.02,0.05,0.54,0.17,0.11,0.28,3.04,4.4,456.0,208.0,10.9,398.0,197.0,4.0,414.0,205.0,1.7,453.0,206.0,,,,23,,Mohamadou,Kanté,Mohamadou Kanté,,,16,0,0,0,0,0,0,0,0,0,0,0,4,,,,0.0,0.0,0.0,0.0,22.5,1,0,3
785,a,,,5.5,152,38.0,0,0.0,0,0.0,0.0,696,84.0,5,2,1.7,369.0,41.0,0,5,1.2,276.0,34.0,0.2,0.9,0.0,2797,191,1246,195,1.2,1.2,0.34,0.03,0.37,2.71,0.18,0.02,0.2,1.4,8.0,447.0,50.0,28.0,359.0,44.0,21.0,358.0,52.0,5.7,424.0,52.0,,,,23,,Pablo Felipe,Pereira de Jesus,Pablo,,,174,0,0,0,3,0,0,0,0,0,0,2,13,,,,0.0,0.0,1.55,1.03,6.72,6,2,5
791,a,,,5.5,143,34.0,0,0.0,0,0.0,0.0,601,78.0,7,4,2.3,285.0,30.0,0,11,2.3,183.0,22.0,0.4,1.3,0.0,6268,719,1166,412,2.3,2.3,1.35,0.04,1.39,3.35,0.48,0.01,0.49,1.19,20.0,430.0,48.0,45.1,324.0,36.0,102.0,214.0,42.0,15.7,363.0,44.0,,,,23,,Valentín,Castellanos,Taty,,,254,0,1,0,4,0,0,0,2,0,0,3,13,,,,0.0,0.0,1.42,1.06,4.61,2,4,7
628,a,,,4.2,621,33.0,0,0.0,-3,3.0,1.0,181,23.0,27,1,2.5,254.0,23.0,2,110,3.8,63.0,6.0,0.9,6.4,0.0,53914,3895,159972,1427,3.8,3.3,0.0,0.03,0.03,12.77,0.0,0.0,0.0,1.16,185.2,240.0,21.0,10.0,403.0,5.0,0.0,571.0,59.0,19.7,346.0,21.0,,,,23,,José,Malheiro de Sá,José Sá,,,990,0,0,2,19,0,0,0,1,0,21,11,40,,,,1.91,0.18,1.73,1.0,0.0,0,20,91
629,a,100.0,100.0,3.9,727,68.0,0,0.0,-1,1.0,0.5,257,33.0,0,0,0.0,520.0,36.0,0,0,0.0,441.0,30.0,0.0,0.0,0.0,14846,389,48374,277,0.0,-0.5,0.0,0.0,0.0,0.0,0.0,0.0,0.0,0.0,0.0,511.0,36.0,0.0,502.0,23.0,0.0,465.0,8.0,0.0,511.0,36.0,,,,23,,Daniel,Bentley,Bentley,,,0,0,0,0,0,0,0,0,0,0,0,0,0,,,,0.0,0.0,0.0,0.0,0.0,0,0,0
631,a,100.0,100.0,4.2,635,152.0,0,0.0,-3,3.0,0.1,438,161.0,20,0,1.5,387.0,143.0,0,75,0.0,553.0,233.0,0.0,4.8,0.0,24197,31,62083,83,0.0,-0.5,0.5,0.35,0.85,16.9,0.04,0.03,0.07,1.51,286.4,155.0,64.0,65.2,281.0,88.0,69.0,259.0,75.0,42.1,234.0,80.0,,5.0,,23,,Emmanuel,Agbadou,Agbadou,,,1010,0,0,0,27,0,0,0,1,1,0,11,146,,,,0.0,0.0,2.41,0.98,10.25,28,87,61
632,a,100.0,100.0,4.4,511,99.0,0,0.0,-1,1.0,0.1,490,177.0,11,0,1.4,401.0,148.0,0,53,0.4,341.0,126.0,0.1,2.5,0.0,5645,30,19496,83,0.4,-0.1,0.09,0.19,0.28,9.23,0.01,0.03,0.04,1.39,104.4,316.0,123.0,50.1,313.0,105.0,18.0,363.0,127.0,17.3,359.0,126.0,,,,23,,Matt,Doherty,Doherty,,,599,0,0,1,11,0,0,0,4,0,0,8,58,,,,0.0,0.15,1.65,1.2,7.06,13,34,23
633,a,100.0,100.0,4.3,588,138.0,0,0.0,-2,2.0,0.1,446,164.0,50,1,2.5,256.0,100.0,4,196,5.0,26.0,10.0,1.2,11.6,0.0,22574,1277,20632,465,5.0,4.5,0.42,1.71,2.13,18.63,0.03,0.12,0.15,1.25,309.2,127.0,56.0,375.3,41.0,3.0,110.0,197.0,49.0,79.7,86.0,20.0,2.0,,,23,,Hugo,Bueno López,H.Bueno,,,1338,0,2,3,23,0,0,0,1,0,0,14,131,,,,0.0,0.2,1.55,0.94,6.66,35,64,66
634,a,100.0,100.0,4.3,595,140.0,0,0.0,-2,2.0,0.1,538,196.0,26,0,1.9,331.0,126.0,1,110,4.2,47.0,18.0,1.0,6.0,0.0,5051,584,7003,191,4.2,3.7,1.12,0.26,1.38,15.07,0.1,0.02,0.12,1.3,214.4,208.0,85.0,87.4,241.0,71.0,147.0,143.0,27.0,44.8,219.0,75.0,,,,23,,Yerson,Mosquera Valdelamar,Mosquera,,,1046,0,0,2,20,2,0,0,8,0,0,12,119,,,,0.0,0.17,1.72,1.03,9.21,32,75,51
637,i,0.0,0.0,4.2,634,151.0,0,0.0,-3,3.0,0.1,501,180.0,20,0,1.5,386.0,142.0,0,74,0.0,552.0,232.0,0.0,4.8,0.0,6812,20,18840,79,0.0,0.0,0.04,0.21,0.25,17.96,0.0,0.02,0.02,1.7,212.2,209.0,86.0,77.4,258.0,77.0,29.0,333.0,109.0,31.9,286.0,95.0,,,,23,,Toti,Gomes,Toti,Hamstring injury - Unknown return date,,949,0,0,0,25,0,0,0,1,1,0,12,106,,,,0.0,0.0,2.37,1.14,7.97,14,70,37
774,a,,,4.0,663,166.0,0,0.0,0,0.0,0.0,729,250.0,0,0,0.0,566.0,210.0,0,0,0.0,488.0,192.0,0.0,0.0,0.0,594,49,203,37,0.0,0.0,0.0,0.0,0.0,0.0,0.0,0.0,0.0,0.0,0.0,557.0,210.0,0.0,550.0,210.0,0.0,515.0,204.0,0.0,557.0,209.0,,,,23,,Jenson,Jones,Jenson Jones,,,0,0,0,0,0,0,0,0,0,0,0,0,0,,,,0.0,0.0,0.0,0.0,0.0,0,0,0
638,u,0.0,0.0,3.8,783,242.0,0,0.0,-2,2.0,1.1,175,67.0,10,0,1.2,422.0,154.0,0,38,0.0,421.0,159.0,0.0,2.6,0.0,121813,0,238489,4024,0.0,0.0,0.02,0.36,0.38,9.36,0.0,0.08,0.08,1.99,101.4,318.0,124.0,87.8,239.0,69.0,13.0,372.0,133.0,20.3,342.0,118.0,,,,23,,Ki-Jana,Hoever,Hoever,has joined Sheffield United on loan for the rest of the season.,,423,0,0,0,13,0,0,0,0,0,0,6,46,,,,0.0,0.0,2.77,1.28,8.51,13,27,16
639,u,0.0,0.0,4.0,699,187.0,0,0.0,0,0.0,0.0,743,254.0,0,0,0.0,596.0,225.0,0,0,0.0,520.0,209.0,0.0,0.0,0.0,0,0,854,3,0.0,0.0,0.0,0.0,0.0,0.0,0.0,0.0,0.0,0.0,0.0,587.0,225.0,0.0,580.0,225.0,0.0,546.0,220.0,0.0,587.0,224.0,,,,23,,Bastien,Meupiyou Menadjou,Meupiyou,On loan to FC Alverca,,0,0,0,0,0,0,0,0,0,0,0,0,0,,,,0.0,0.0,0.0,0.0,0.0,0,0,0
640,a,100.0,100.0,4.0,719,206.0,0,0.0,0,0.0,0.4,277,103.0,1,0,1.0,438.0,163.0,0,3,0.2,368.0,136.0,0.0,0.2,0.0,8485,76,87317,204,0.2,-0.3,0.0,0.0,0.0,0.0,0.0,0.0,0.0,0.0,0.2,481.0,172.0,0.1,465.0,170.0,0.0,563.0,236.0,0.0,604.0,240.0,,,,23,,Pedro,Cardoso de Lima,Pedro Lima,,,1,0,0,0,0,0,0,0,0,0,0,0,0,,,,0.0,0.0,0.0,0.0,0.0,0,0,0
641,u,0.0,0.0,3.9,759,223.0,0,0.0,-1,1.0,1.1,177,69.0,0,0,0.0,543.0,198.0,0,0,0.0,465.0,180.0,0.0,0.0,0.0,85684,0,136120,1674,0.0,0.0,0.0,0.0,0.0,0.0,0.0,0.0,0.0,0.0,0.0,534.0,198.0,0.0,525.0,198.0,0.0,488.0,190.0,0.0,534.0,197.0,,,,23,,Alfie,Pond,Pond,has joined Crewe Alexandra on loan for the rest of the season.,,0,0,0,0,0,0,0,0,0,0,0,0,0,,,,0.0,0.0,0.0,0.0,0.0,0,0,0
648,u,0.0,0.0,5.3,196,122.0,0,0.0,-2,2.0,0.0,613,238.0,38,0,2.9,201.0,85.0,1,131,0.0,765.0,337.0,0.0,7.2,0.0,19177,0,22772,47,0.0,0.0,1.64,0.38,2.02,13.36,0.17,0.04,0.21,1.38,163.6,256.0,110.0,61.8,287.0,166.0,196.0,102.0,61.0,42.1,235.0,115.0,,,,23,,Marshall,Munetsi,Munetsi,has joined Paris FC on loan for the rest of the season.,,872,1,2,0,19,0,0,0,2,0,0,9,80,,,,0.0,0.0,1.96,0.93,8.26,21,39,20
650,d,75.0,75.0,4.3,591,344.0,0,0.0,-2,2.0,0.2,355,118.0,2,0,1.0,442.0,195.0,0,4,0.2,372.0,167.0,0.0,0.5,0.0,30411,62,45365,356,0.2,-0.2,0.0,0.0,0.0,0.5,0.0,0.0,0.0,1.8,3.2,461.0,212.0,0.3,461.0,224.0,0.0,589.0,219.0,0.4,473.0,217.0,,,,23,,Tawanda,Chirewa,Chirewa,Illness - 75% chance of playing,,25,0,0,0,0,0,0,0,0,0,0,0,4,,,,0.0,0.0,0.0,0.0,14.4,2,1,1
767,a,,,4.5,487,300.0,0,0.0,0,0.0,0.0,758,328.0,0,0,0.0,725.0,303.0,0,0,0.0,676.0,272.0,0.0,0.0,0.0,700,21,368,27,0.0,-0.5,0.0,0.0,0.0,0.0,0.0,0.0,0.0,0.0,0.0,724.0,302.0,0.0,719.0,302.0,0.0,701.0,296.0,0.0,723.0,301.0,,,,23,,Luke,Rawlings,Rawlings,,,0,0,0,0,0,0,0,0,0,0,0,0,0,,,,0.0,0.0,0.0,0.0,0.0,0,0,0
578,u,0.0,0.0,3.9,769,229.0,0,0.0,-1,1.0,0.3,301,112.0,0,0,0.0,552.0,203.0,0,0,0.0,474.0,185.0,0.0,0.0,0.0,7334,0,90782,137,0.0,0.0,0.0,0.0,0.0,0.0,0.0,0.0,0.0,0.0,0.0,543.0,203.0,0.0,534.0,203.0,0.0,498.0,196.0,0.0,543.0,202.0,,,,23,,Luka,Vušković,Vuskovic,has joined Hamburger SV on loan for the rest of the season.,,0,0,0,0,0,0,0,0,0,0,0,0,0,,,,0.0,0.0,0.0,0.0,0.0,0,0,0
745,a,,,4.0,718,205.0,0,0.0,0,0.0,0.0,640,222.0,0,0,0.0,612.0,240.0,0,0,0.0,537.0,225.0,0.0,0.0,0.0,1528,42,1432,53,-0.5,0.0,0.0,0.0,0.0,0.0,0.0,0.0,0.0,0.0,0.0,603.0,240.0,0.0,596.0,240.0,0.0,562.0,235.0,0.0,603.0,239.0,,,,23,,Jun'ai,Byfield,Byfield,,,0,0,0,0,0,0,0,0,0,0,0,0,0,,,,0.0,0.0,0.0,0.0,0.0,0,0,0
635,a,100.0,100.0,4.4,535,116.0,0,0.0,-1,1.0,0.1,566,205.0,15,1,1.9,332.0,127.0,0,27,0.4,342.0,127.0,0.1,3.4,0.0,8820,38,14322,28,0.4,-0.1,0.95,0.23,1.18,4.78,0.22,0.05,0.27,1.13,60.8,373.0,144.0,41.3,333.0,113.0,107.0,206.0,53.0,21.1,337.0,115.0,,,,23,,Rodrigo,Martins Gomes,R.Gomes,,,381,1,0,0,9,0,0,0,0,0,0,4,32,,,,0.0,0.0,2.13,0.94,4.25,7,11,17
636,a,100.0,100.0,4.4,522,108.0,0,0.0,-1,1.0,0.1,506,183.0,50,1,3.6,109.0,41.0,2,156,3.0,125.0,47.0,0.7,11.4,0.0,17434,344,17159,183,3.0,2.5,1.55,0.5,2.05,16.95,0.12,0.04,0.16,1.27,307.2,133.0,57.0,60.9,291.0,94.0,113.0,194.0,46.0,48.0,206.0,67.0,,,,23,,Santiago,Ignacio Bueno,S.Bueno,,,1204,2,1,2,23,0,0,0,2,0,0,13,124,,,,0.0,0.15,1.72,0.97,8.07,32,76,28
87,a,100.0,100.0,4.9,291,180.0,0,0.0,-1,1.0,0.1,567,209.0,20,1,1.5,394.0,175.0,0,78,0.4,349.0,156.0,0.1,4.1,0.0,7743,220,14690,51,0.4,-0.1,1.1,0.27,1.37,6.87,0.3,0.07,0.37,1.89,93.8,327.0,143.0,90.4,236.0,145.0,97.0,220.0,121.0,28.3,303.0,145.0,,,,23,,Ryan,Christie,Christie,,,328,1,1,0,9,0,0,0,1,0,0,1,37,,,,0.0,0.0,2.47,0.27,10.15,8,11,18
92,a,100.0,100.0,4.5,425,255.0,0,0.0,0,0.0,0.1,536,191.0,0,0,0.0,683.0,269.0,0,0,0.0,631.0,235.0,0.0,0.0,0.0,4073,86,19092,41,0.0,-0.5,0.0,0.0,0.0,0.0,0.0,0.0,0.0,0.0,0.0,678.0,264.0,0.0,675.0,267.0,0.0,653.0,258.0,0.0,679.0,265.0,,,,23,,Romain,Faivre,Faivre,,,0,0,0,0,0,0,0,0,0,0,0,0,0,,,,0.0,0.0,0.0,0.0,0.0,0,0,0
299,a,100.0,100.0,6.2,75,49.0,0,0.0,-3,3.0,4.0,87,29.0,75,2,4.4,43.0,18.0,3,306,0.4,359.0,161.0,0.1,12.1,0.0,1588461,21550,2399156,10123,0.4,0.4,3.34,3.04,6.38,20.5,0.21,0.19,0.4,1.29,351.6,99.0,32.0,260.2,85.0,63.0,307.0,51.0,30.0,92.0,60.0,40.0,,,1.0,23,,Iliman,Ndiaye,Ndiaye,,,1433,4,2,6,20,0,0,0,2,0,0,17,154,,,,0.0,0.38,1.26,1.07,9.67,37,18,99
750,a,,,4.0,683,176.0,0,0.0,0,0.0,0.0,658,229.0,0,0,0.0,583.0,217.0,0,0,0.0,506.0,200.0,0.0,0.0,0.0,1216,44,1017,43,-0.5,0.0,0.0,0.0,0.0,0.0,0.0,0.0,0.0,0.0,0.0,574.0,217.0,0.0,567.0,217.0,0.0,532.0,211.0,0.0,574.0,216.0,,,,23,,James,Rowswell,Rowswell,,,0,0,0,0,0,0,0,0,0,0,0,0,0,,,,0.0,0.0,0.0,0.0,0.0,0,0,0
646,a,100.0,100.0,5.3,197,123.0,0,0.0,-2,2.0,0.1,481,168.0,57,3,2.6,248.0,105.0,1,296,3.0,134.0,58.0,0.6,10.8,0.0,14031,444,19340,221,3.0,2.5,0.77,1.12,1.89,25.0,0.04,0.06,0.1,1.28,280.0,158.0,61.0,250.4,90.0,67.0,108.0,205.0,112.0,64.3,137.0,75.0,,,,23,,João Victor,Gomes da Silva,Gomes,,,1754,0,0,2,34,0,0,0,7,0,0,20,243,,,,0.0,0.1,1.74,1.03,12.47,61,62,120
647,u,0.0,0.0,5.5,138,86.0,0,0.0,0,0.0,0.0,770,335.0,0,0,0.0,790.0,351.0,0,0,0.0,782.0,348.0,0.0,0.0,0.0,0,0,793,1,0.0,0.0,0.0,0.0,0.0,0.0,0.0,0.0,0.0,0.0,0.0,790.0,351.0,0.0,789.0,351.0,0.0,786.0,350.0,0.0,790.0,351.0,,,,23,,Gonçalo Manuel,Ganchinho Guedes,Guedes,Has joined Real Sociedad permanently.,,0,0,0,0,0,0,0,0,0,0,0,0,0,,,,0.0,0.0,0.0,0.0,0.0,0,0,0
8,a,100.0,100.0,6.3,69,2.0,0,0.0,8,-8.0,28.2,11,3.0,110,1,5.0,16.0,7.0,7,389,4.8,35.0,14.0,0.8,17.5,0.0,5745950,60649,2924258,58064,5.8,5.8,4.16,0.88,5.04,12.27,0.21,0.04,0.25,0.61,380.8,85.0,38.0,281.7,77.0,17.0,323.0,47.0,1.0,98.9,52.0,7.0,,,,23,,Jurriën,Timber,J.Timber,,,1819,2,4,10,15,0,0,0,3,0,0,20,138,,,,0.0,0.49,0.74,0.99,5.34,48,60,68
81,i,0.0,0.0,7.0,39,24.0,0,0.0,0,0.0,0.7,221,75.0,40,0,2.2,302.0,132.0,3,147,2.2,199.0,86.0,0.3,5.7,0.0,189845,54,243477,1608,0.0,0.0,2.24,1.54,3.78,16.78,0.22,0.15,0.37,1.65,146.6,272.0,119.0,304.1,60.0,49.0,128.0,175.0,101.0,57.8,167.0,92.0,4.0,2.0,1.0,23,,Justin,Kluivert,Kluivert,Knee injury - Expected back 09 May,,914,2,0,4,18,0,0,0,4,0,0,10,62,,,,0.0,0.39,1.77,0.98,6.11,10,8,44
84,i,0.0,0.0,5.4,163,102.0,-1,1.0,-1,1.0,1.9,138,46.0,94,0,4.3,51.0,21.0,8,341,3.6,88.0,39.0,0.7,17.4,0.0,838554,338,690411,34232,0.0,0.0,5.12,2.43,7.55,27.43,0.26,0.12,0.38,1.4,421.0,63.0,19.0,439.9,22.0,21.0,330.0,46.0,28.0,119.3,28.0,22.0,2.0,1.0,4.0,23,,Marcus,Tavernier,Tavernier,Hamstring injury - Unknown return date,,1762,5,3,7,36,0,0,0,3,0,0,20,164,,,,0.0,0.36,1.84,1.02,8.38,27,44,93
88,a,100.0,100.0,4.9,290,179.0,0,0.0,-1,1.0,0.0,604,232.0,30,4,2.3,280.0,119.0,0,144,3.0,127.0,56.0,0.6,6.1,0.0,7367,668,5776,173,3.0,2.5,0.07,0.3,0.37,10.86,0.01,0.04,0.05,1.44,171.2,250.0,106.0,145.9,165.0,111.0,12.0,376.0,189.0,33.2,278.0,138.0,,,,23,,Lewis,Cook,Cook,,,680,0,1,0,17,0,0,0,1,1,0,6,118,,,,0.0,0.0,2.25,0.79,15.62,21,47,50
89,u,0.0,0.0,4.9,293,182.0,0,0.0,-1,1.0,0.0,661,271.0,0,0,0.0,748.0,319.0,0,0,0.0,709.0,296.0,0.0,0.0,0.0,598,0,6594,3,0.0,0.0,0.0,0.0,0.0,0.0,0.0,0.0,0.0,0.0,0.0,748.0,319.0,0.0,744.0,319.0,0.0,734.0,316.0,0.0,747.0,318.0,,,,23,,Philip,Billing,Philip,Has joined Midtjylland permanently.,,0,0,0,0,0,0,0,0,0,0,0,0,0,,,,0.0,0.0,0.0,0.0,0.0,0,0,0
105,a,,,3.9,758,86.0,0,0.0,-1,1.0,0.6,226,29.0,0,0,0.0,542.0,54.0,0,0,0.0,464.0,48.0,0.0,0.0,0.0,36428,77,67772,543,0.0,0.0,0.0,0.0,0.0,0.0,0.0,0.0,0.0,0.0,0.0,533.0,54.0,0.0,524.0,41.0,0.0,487.0,26.0,0.0,533.0,54.0,,,,23,,Hákon Rafn,Valdimarsson,Valdimarsson,,,0,0,0,0,0,0,0,0,0,0,0,0,0,,,,0.0,0.0,0.0,0.0,0.0,0,0,0
122,i,0.0,0.0,5.2,218,136.0,0,0.0,-3,3.0,0.0,645,262.0,1,0,1.0,478.0,225.0,0,5,0.0,759.0,335.0,0.0,0.2,0.0,1969,12,6842,14,0.0,0.0,0.0,0.01,0.01,1.49,0.0,0.02,0.02,2.98,4.0,460.0,211.0,1.8,440.0,212.0,0.0,773.0,342.0,0.6,470.0,216.0,,,,23,,Antoni,Milambo,Milambo,Knee injury - Expected back 01 Jun,,45,0,0,0,3,0,0,0,0,0,0,1,4,,,,0.0,0.0,6.0,2.0,8.0,2,0,2
140,a,,,3.9,736,75.0,0,0.0,-1,1.0,0.3,304,41.0,0,0,0.0,527.0,43.0,0,0,0.0,449.0,37.0,0.0,0.0,0.0,16746,99,26066,205,0.0,0.0,0.0,0.0,0.0,0.0,0.0,0.0,0.0,0.0,0.0,518.0,43.0,0.0,509.0,30.0,0.0,472.0,15.0,0.0,518.0,43.0,,,,23,,Tom,McGill,McGill,,,0,0,0,0,0,0,0,0,0,0,0,0,0,,,,0.0,0.0,0.0,0.0,0.0,0,0,0
21,a,100.0,100.0,7.4,22,15.0,0,0.0,9,-9.0,31.5,8,2.0,126,1,5.7,8.0,5.0,18,533,4.8,37.0,15.0,0.6,17.0,0.0,5745856,126868,2883877,72895,5.8,5.8,2.89,4.69,7.58,13.01,0.14,0.23,0.37,0.62,593.8,13.0,4.0,686.0,4.0,4.0,241.0,72.0,46.0,152.2,8.0,6.0,1.0,1.0,,23,,Declan,Rice,Rice,,,1875,4,7,10,16,0,0,0,2,0,0,21,226,,,,0.0,0.48,0.77,1.01,10.85,39,80,107
22,a,,,5.5,139,87.0,0,0.0,-5,5.0,1.4,155,53.0,66,7,3.1,173.0,74.0,5,238,2.2,196.0,84.0,0.4,12.0,0.0,828985,3706,752346,6291,3.2,3.2,2.99,1.45,4.44,6.59,0.27,0.13,0.4,0.6,304.4,136.0,46.0,187.0,135.0,96.0,237.0,75.0,48.0,72.6,104.0,58.0,,,,23,,Mikel,Merino Zazón,Merino,,,996,4,3,4,9,0,0,0,1,0,0,10,111,,,,0.0,0.36,0.81,0.9,10.03,26,30,55
23,u,0.0,0.0,5.4,170,106.0,0,0.0,-1,1.0,0.0,668,276.0,0,0,0.0,785.0,347.0,0,0,0.0,774.0,342.0,0.0,0.0,0.0,933,0,4397,5,0.0,0.0,0.0,0.0,0.0,0.0,0.0,0.0,0.0,0.0,0.0,785.0,347.0,0.0,784.0,347.0,0.0,780.0,346.0,0.0,785.0,347.0,,,,23,,Fábio,Ferreira Vieira,Fábio Vieira,has joined Hamburger on loan for the rest of the season.,,0,0,0,0,0,0,0,0,0,0,0,0,0,,,,0.0,0.0,0.0,0.0,0.0,0,0,0
234,a,100.0,0.0,4.0,717,204.0,0,0.0,0,0.0,0.1,565,204.0,0,0,0.0,611.0,239.0,0,0,0.0,536.0,224.0,0.0,0.0,0.0,1040,10,9920,19,0.0,0.0,0.0,0.0,0.0,0.0,0.0,0.0,0.0,0.0,0.0,602.0,239.0,0.0,595.0,239.0,0.0,561.0,234.0,0.0,602.0,238.0,,,,23,,Aarón,Anselmino,Anselmino,,,0,0,0,0,0,0,0,0,0,0,0,0,0,,,,0.0,0.0,0.0,0.0,0.0,0,0,0
238,a,100.0,100.0,6.4,62,41.0,0,0.0,-1,1.0,2.3,118,39.0,52,13,2.9,206.0,90.0,4,163,3.8,75.0,31.0,0.6,8.1,0.0,741476,59981,719649,4171,3.8,3.8,2.76,2.1,4.86,8.12,0.37,0.28,0.65,1.08,172.4,247.0,104.0,202.2,124.0,89.0,274.0,65.0,41.0,64.7,135.0,74.0,4.0,,3.0,23,,Estêvão,Almeida de Oliveira Gonçalves,Estêvão,,,675,2,5,3,8,0,0,0,3,0,0,9,44,,,,0.0,0.4,1.07,1.2,5.87,9,5,30
37,a,100.0,100.0,4.5,403,73.0,0,0.0,0,0.0,1.6,149,58.0,68,3,3.1,166.0,69.0,4,268,2.8,141.0,53.0,0.6,15.1,0.0,281823,2052,319427,3274,2.8,2.8,0.54,2.19,2.73,18.54,0.04,0.16,0.2,1.36,260.6,176.0,72.0,296.5,66.0,13.0,108.0,202.0,51.0,66.3,125.0,39.0,2.0,2.0,,23,,Lucas,Digne,Digne,,,1224,0,4,6,12,0,0,0,3,0,0,14,91,,,,0.0,0.44,0.88,1.03,4.93,21,46,43
38,a,100.0,100.0,4.4,517,104.0,0,0.0,-1,1.0,7.4,55,17.0,70,6,3.2,147.0,60.0,3,352,3.4,94.0,36.0,0.8,15.9,0.0,516881,13571,1888108,9116,3.4,3.4,0.38,0.41,0.79,32.01,0.02,0.02,0.04,1.47,396.6,76.0,35.0,73.8,268.0,82.0,79.0,245.0,68.0,55.3,173.0,54.0,,,,23,,Ezri,Konsa Ngoyo,Konsa,,,1955,0,0,7,24,0,0,0,0,1,0,22,157,,,,0.0,0.32,1.1,1.01,5.98,14,116,67
39,a,,,4.2,629,149.0,0,0.0,-3,3.0,0.5,251,95.0,25,5,1.5,385.0,141.0,0,138,2.0,200.0,73.0,0.5,6.0,0.0,52674,1878,92432,878,2.0,2.0,0.68,1.24,1.92,15.13,0.07,0.13,0.2,1.6,164.2,254.0,103.0,181.9,137.0,32.0,118.0,189.0,41.0,46.7,212.0,70.0,5.0,,,23,,Ian,Maatsen,Maatsen,,,850,0,0,1,13,0,0,0,2,0,0,9,79,,,,0.0,0.11,1.38,0.95,7.09,24,43,54
40,a,100.0,100.0,4.3,569,126.0,0,0.0,-2,2.0,0.5,245,92.0,25,1,3.1,165.0,68.0,1,91,0.2,370.0,138.0,0.0,5.8,0.0,124094,362,188561,224,0.2,0.2,0.33,0.09,0.42,8.91,0.06,0.02,0.08,1.57,127.2,291.0,110.0,44.6,328.0,111.0,25.0,341.0,113.0,19.7,347.0,121.0,,,,23,,Tyrone,Mings,Mings,,,512,0,0,2,6,0,0,0,0,0,0,6,60,,,,0.0,0.35,1.05,1.05,7.73,2,42,16
61,u,0.0,0.0,4.5,405,247.0,0,0.0,0,0.0,0.1,518,185.0,0,0,0.0,673.0,262.0,0,0,0.0,618.0,227.0,0.0,0.0,0.0,2169,0,33405,25,0.0,0.0,0.0,0.0,0.0,0.0,0.0,0.0,0.0,0.0,0.0,668.0,257.0,0.0,663.0,260.0,0.0,639.0,250.0,0.0,669.0,258.0,,,,23,,Leander,Dendoncker,Dendoncker,Has joined Real Oviedo permanently.,,0,0,0,0,0,0,0,0,0,0,0,0,0,,,,0.0,0.0,0.0,0.0,0.0,0,0,0
62,a,,,4.5,465,284.0,0,0.0,0,0.0,0.1,530,189.0,1,0,1.0,458.0,208.0,0,3,0.2,384.0,175.0,0.0,0.2,0.0,8235,125,9115,134,0.2,0.2,0.0,0.0,0.0,0.61,0.0,0.0,0.0,6.86,0.2,484.0,222.0,0.3,464.0,226.0,0.0,681.0,282.0,0.1,485.0,224.0,,,,23,,Jamaldeen,Jimoh-Aloba,Jimoh-Aloba,,,8,0,0,0,0,0,0,0,0,0,0,0,1,,,,0.0,0.0,0.0,0.0,11.25,0,0,1
63,a,,,4.3,600,347.0,0,0.0,-2,2.0,0.6,228,79.0,0,0,0.0,635.0,239.0,0,0,0.0,573.0,201.0,0.0,0.0,0.0,95804,1236,110321,1515,0.0,0.0,0.0,0.0,0.0,0.0,0.0,0.0,0.0,0.0,0.0,626.0,230.0,0.0,623.0,235.0,0.0,595.0,222.0,0.0,627.0,231.0,,,,23,,Kadan,Young,Young,,,0,0,0,0,0,0,0,0,0,0,0,0,0,,,,0.0,0.0,0.0,0.0,0.0,0,0,0
64,a,100.0,100.0,8.8,7,3.0,0,0.0,-2,2.0,13.5,29,5.0,91,8,4.0,76.0,8.0,11,336,4.8,38.0,8.0,0.5,10.3,0.0,2044191,99634,3397336,34533,4.8,4.8,9.4,0.91,10.31,27.78,0.49,0.05,0.54,1.44,376.0,87.0,7.0,194.3,129.0,7.0,687.0,3.0,3.0,125.6,23.0,5.0,,,3.0,23,,Ollie,Watkins,Watkins,,,1741,8,2,7,22,0,0,0,1,0,0,20,63,,,,0.0,0.36,1.14,1.03,3.26,15,14,34
580,a,,,6.5,51,33.0,0,0.0,-5,5.0,2.5,114,37.0,41,2,2.0,327.0,147.0,2,137,1.4,263.0,114.0,0.2,6.3,0.0,1129660,1379,1288241,3626,1.4,1.4,1.57,0.42,1.99,16.59,0.15,0.04,0.19,1.61,155.4,264.0,114.0,127.2,186.0,124.0,162.0,128.0,75.0,44.3,223.0,111.0,,,,23,,Brennan,Johnson,Johnson,,,928,2,0,4,11,0,0,0,4,0,0,10,64,,,,0.0,0.39,1.07,0.97,6.21,16,20,28
690,d,25.0,25.0,4.4,555,332.0,0,0.0,-1,1.0,0.3,327,111.0,0,0,0.0,668.0,260.0,0,0,0.0,612.0,224.0,0.0,0.0,0.0,57924,6,54040,265,0.0,0.0,0.0,0.0,0.0,0.0,0.0,0.0,0.0,0.0,0.0,662.0,254.0,0.0,658.0,258.0,0.0,633.0,247.0,0.0,663.0,255.0,,,,23,,Rio,Cardines,Cardines,Groin Injury - 25% chance of playing,,0,0,0,0,0,0,0,0,0,0,0,0,0,,,,0.0,0.0,0.0,0.0,0.0,0,0,0
189,u,0.0,0.0,4.0,670,170.0,0,0.0,0,0.0,0.0,704,242.0,0,0,0.0,572.0,213.0,0,0,0.0,494.0,195.0,0.0,0.0,0.0,0,0,2335,4,0.0,0.0,0.0,0.0,0.0,0.0,0.0,0.0,0.0,0.0,0.0,563.0,213.0,0.0,556.0,213.0,0.0,521.0,207.0,0.0,563.0,212.0,,,,23,,Owen,Dodgson,Dodgson,Has joined Stockport County on loan for the rest of the season.,,0,0,0,0,0,0,0,0,0,0,0,0,0,,,,0.0,0.0,0.0,0.0,0.0,0,0,0
190,a,,,3.9,751,221.0,0,0.0,-1,1.0,0.9,194,74.0,44,0,2.9,194.0,75.0,2,121,1.0,283.0,103.0,0.3,11.3,0.0,245217,159,189160,2182,1.0,1.0,0.21,0.24,0.45,22.73,0.02,0.02,0.04,1.74,273.8,164.0,68.0,43.1,329.0,112.0,78.0,247.0,70.0,39.5,252.0,87.0,,,,23,,Hjalmar,Ekdal,Ekdal,,,1179,0,0,2,24,0,0,0,0,0,0,13,146,,,,0.0,0.15,1.83,0.99,10.08,19,113,31
191,a,100.0,100.0,3.9,750,220.0,0,0.0,-1,1.0,8.2,50,16.0,50,3,2.5,253.0,99.0,0,164,1.6,234.0,88.0,0.4,12.8,0.0,705342,4849,1833879,14194,1.6,1.6,0.41,0.46,0.87,41.4,0.02,0.02,0.04,2.19,408.2,70.0,31.0,68.4,275.0,86.0,64.0,269.0,78.0,54.3,180.0,58.0,,,,23,,Maxime,Estève,Estève,,,1699,0,0,2,40,2,0,0,0,0,0,20,215,,,,0.0,0.11,2.12,1.06,10.01,23,166,60
192,a,,,4.0,681,175.0,0,0.0,0,0.0,0.7,206,78.0,46,0,3.1,164.0,67.0,0,170,0.0,504.0,199.0,0.0,11.5,0.0,180102,363,159104,2741,0.0,0.0,0.19,1.51,1.7,30.28,0.01,0.1,0.11,2.04,305.4,135.0,59.0,228.9,102.0,23.0,57.0,283.0,86.0,59.2,160.0,52.0,1.0,,,23,,Quilindschy,Hartman,Hartman,,,1337,0,5,2,28,0,0,0,1,0,0,15,124,,,,0.0,0.13,1.88,1.01,7.0,31,73,49
289,u,0.0,0.0,3.9,744,78.0,0,0.0,-1,1.0,0.1,470,72.0,0,0,0.0,532.0,46.0,0,0,0.0,454.0,40.0,0.0,0.0,0.0,4633,0,8922,157,0.0,0.0,0.0,0.0,0.0,0.0,0.0,0.0,0.0,0.0,0.0,523.0,46.0,0.0,514.0,33.0,0.0,477.0,18.0,0.0,523.0,46.0,,,,23,,Harry,Tyrer,Tyrer,has joined Cardiff City permanently.,,0,0,0,0,0,0,0,0,0,0,0,0,0,,,,0.0,0.0,0.0,0.0,0.0,0,0,0
290,a,100.0,75.0,5.3,198,25.0,0,0.0,-2,2.0,0.1,414,153.0,1,1,1.0,479.0,168.0,0,8,0.2,404.0,147.0,0.0,0.2,0.0,2971,684,68564,154,0.2,0.2,0.0,0.02,0.02,0.17,0.0,0.04,0.04,0.34,10.6,439.0,164.0,13.3,393.0,144.0,4.0,418.0,156.0,2.8,444.0,161.0,,,,23,,Jarrad,Branthwaite,Branthwaite,,,45,0,0,0,0,0,0,0,0,0,0,0,1,,,,0.0,0.0,0.0,0.0,2.0,0,1,5
297,a,,,3.8,786,245.0,0,0.0,-2,2.0,0.2,383,138.0,0,0,0.0,505.0,183.0,0,0,0.0,424.0,162.0,0.0,0.0,0.0,9063,74,19249,133,0.0,0.0,0.0,0.0,0.0,0.0,0.0,0.0,0.0,0.0,0.0,496.0,183.0,0.0,485.0,182.0,0.0,447.0,173.0,0.0,496.0,182.0,,,,23,,Roman,Dixon,Dixon,,,0,0,0,0,0,0,0,0,0,0,0,0,0,,,,0.0,0.0,0.0,0.0,0.0,0,0,0
209,a,,,4.8,350,220.0,0,0.0,-2,2.0,0.0,595,227.0,42,0,2.1,307.0,134.0,1,173,3.2,110.0,48.0,0.7,8.8,0.0,5265,80,5085,158,3.2,3.2,0.43,0.24,0.67,25.22,0.04,0.02,0.06,2.1,216.4,204.0,87.0,81.6,254.0,153.0,68.0,261.0,141.0,36.7,262.0,128.0,,,,23,,Josh,Laurent,Laurent,,,1079,1,0,1,27,0,0,0,4,0,0,11,124,,,,0.0,0.08,2.25,0.92,10.34,29,59,36
210,a,,,4.9,332,206.0,0,0.0,-1,1.0,0.0,621,244.0,33,0,1.9,336.0,148.0,0,111,0.8,311.0,141.0,0.2,6.7,0.0,4604,10,5552,44,0.8,0.8,0.86,0.38,1.24,14.16,0.1,0.05,0.15,1.69,85.6,336.0,149.0,76.7,261.0,157.0,101.0,215.0,119.0,26.3,312.0,150.0,,2.0,,23,,Loum,Tchaouna,Tchaouna,,,753,1,1,2,11,0,0,0,1,0,0,9,45,,,,0.0,0.24,1.31,1.08,5.38,13,11,21
304,i,0.0,0.0,4.8,366,229.0,0,0.0,-2,2.0,0.0,610,235.0,49,0,2.9,197.0,84.0,1,156,3.2,112.0,49.0,0.7,10.2,0.0,4969,6,5619,232,0.0,0.0,0.35,0.58,0.93,15.01,0.03,0.06,0.09,1.46,162.8,257.0,111.0,79.4,256.0,155.0,46.0,298.0,155.0,28.7,296.0,143.0,,,,23,,Tim,Iroegbunam,Iroegbunam,Knock - Unknown return date,,923,0,3,7,9,0,0,0,7,0,0,11,124,,,,0.0,0.68,0.88,1.07,12.09,43,27,54
305,a,100.0,100.0,4.5,490,302.0,0,0.0,0,0.0,0.1,548,198.0,10,1,2.0,318.0,139.0,0,29,1.8,220.0,94.0,0.4,2.2,0.0,5872,258,15187,163,1.8,1.8,0.0,0.12,0.12,3.47,0.0,0.05,0.05,1.33,29.0,412.0,183.0,33.3,347.0,182.0,10.0,382.0,192.0,7.3,414.0,186.0,,,,23,,Harrison,Armstrong,Armstrong,,,235,0,0,1,3,0,0,0,0,0,0,3,23,,,,0.0,0.38,1.15,1.15,8.81,4,10,9
215,d,75.0,75.0,5.3,194,45.0,0,0.0,-2,2.0,0.3,325,54.0,42,0,2.8,217.0,21.0,3,157,0.0,764.0,78.0,0.0,7.9,0.0,142197,75,136003,1353,0.0,0.0,3.15,0.16,3.31,13.86,0.43,0.02,0.45,1.89,209.0,216.0,19.0,58.6,300.0,32.0,207.0,93.0,27.0,46.8,211.0,24.0,,,1.0,23,,Zian,Flemming,Flemming,Lack of match fitness - 75% chance of playing,,660,5,0,2,10,0,0,0,3,0,0,8,31,,,,0.0,0.27,1.36,1.09,4.23,6,15,10
216,i,0.0,0.0,4.8,367,61.0,0,0.0,-2,2.0,0.0,659,81.0,0,0,0.0,745.0,80.0,0,0,0.0,704.0,69.0,0.0,0.0,0.0,1756,25,5972,21,0.0,0.0,0.0,0.0,0.0,0.0,0.0,0.0,0.0,0.0,0.0,745.0,80.0,0.0,740.0,79.0,0.0,729.0,79.0,0.0,744.0,80.0,,,,23,,Zeki,Amdouni,Amdouni,Knee injury - Expected back 25 Apr,,0,0,0,0,0,0,0,0,0,0,0,0,0,,,,0.0,0.0,0.0,0.0,0.0,0,0,0
30,a,100.0,100.0,7.3,24,9.0,0,0.0,-2,2.0,0.3,292,48.0,1,0,1.0,485.0,58.0,0,4,0.0,802.0,88.0,0.0,0.1,0.0,14294,436,113635,424,1.0,1.0,0.0,0.01,0.01,0.82,0.0,0.03,0.03,2.46,2.8,465.0,53.0,0.8,453.0,56.0,2.0,435.0,58.0,0.6,471.0,58.0,,,,23,,Kai,Havertz,Havertz,,,30,0,0,0,0,0,0,0,0,0,0,0,3,,,,0.0,0.0,0.0,0.0,9.0,0,1,2
31,a,100.0,100.0,6.4,57,20.0,0,0.0,-1,1.0,0.4,262,42.0,11,1,1.4,407.0,47.0,0,42,1.6,248.0,29.0,0.2,1.7,0.0,78732,12298,40346,3052,2.6,2.6,1.0,0.15,1.15,3.19,0.44,0.07,0.51,1.39,60.0,377.0,39.0,21.9,373.0,47.0,139.0,156.0,36.0,21.9,335.0,40.0,,,,23,,Gabriel,Fernando de Jesus,G.Jesus,,,206,1,0,0,5,0,0,0,1,0,0,1,21,,,,0.0,0.0,2.18,0.44,9.17,4,4,13
266,a,,,7.3,26,17.0,0,0.0,-2,2.0,8.3,49,17.0,68,0,3.8,94.0,44.0,6,262,0.4,364.0,166.0,0.1,9.3,0.0,3227810,2047,3586023,21944,1.4,1.4,2.54,1.67,4.21,6.4,0.22,0.14,0.36,0.55,256.8,178.0,73.0,176.9,141.0,99.0,287.0,59.0,37.0,72.0,107.0,60.0,,,,23,,Eberechi,Eze,Eze,,,1046,4,3,6,7,0,0,0,1,0,0,12,68,,,,0.0,0.52,0.6,1.03,5.85,12,14,42
316,a,100.0,100.0,4.9,294,46.0,0,0.0,-1,1.0,0.8,197,75.0,32,1,2.9,198.0,78.0,4,134,1.6,239.0,91.0,0.3,6.5,0.0,133316,1052,149565,4210,1.6,1.6,0.22,1.09,1.31,12.2,0.03,0.13,0.16,1.5,178.8,244.0,99.0,194.2,130.0,31.0,32.0,327.0,105.0,40.5,243.0,81.0,,,,23,,Antonee,Robinson,Robinson,,,731,0,0,2,8,0,0,0,0,0,0,8,66,,,,0.0,0.25,0.98,0.98,8.0,25,40,44
317,a,100.0,100.0,4.6,391,67.0,0,0.0,1,-1.0,5.3,74,25.0,86,8,3.9,78.0,31.0,5,305,3.6,83.0,32.0,0.8,18.7,0.0,1123852,9461,798821,22547,3.6,3.6,0.73,1.42,2.15,28.51,0.03,0.07,0.1,1.33,562.0,16.0,6.0,87.7,240.0,70.0,81.0,242.0,67.0,73.2,102.0,30.0,,,,23,,Joachim,Andersen,Andersen,,,1931,0,1,5,29,0,0,0,4,0,0,22,270,,,,0.0,0.23,1.35,1.03,10.86,29,204,83
158,a,100.0,100.0,5.6,131,81.0,0,0.0,-4,4.0,0.5,255,87.0,62,1,3.0,191.0,82.0,2,211,2.6,160.0,67.0,0.5,11.1,0.0,125738,696,228836,2857,2.6,2.6,1.91,2.03,3.94,18.16,0.13,0.13,0.26,1.2,239.2,188.0,79.0,251.3,89.0,66.0,334.0,44.0,26.0,82.4,82.0,50.0,,,,23,,Georginio,Rutter,Georginio,,,1362,2,4,6,15,1,0,0,2,0,0,16,94,,,,0.0,0.4,0.99,1.06,6.21,20,30,44
159,d,25.0,25.0,5.8,104,67.0,0,0.0,-2,2.0,0.0,738,316.0,0,0,0.0,794.0,353.0,0,0,0.0,790.0,352.0,0.0,0.0,0.0,651,8,2460,6,0.0,0.0,0.0,0.0,0.0,0.0,0.0,0.0,0.0,0.0,0.0,794.0,353.0,0.0,794.0,353.0,0.0,792.0,352.0,0.0,794.0,353.0,,,,23,,Solly,March,March,Lack of match fitness - 25% chance of playing,,0,0,0,0,0,0,0,0,0,0,0,0,0,,,,0.0,0.0,0.0,0.0,0.0,0,0,0
160,a,100.0,100.0,5.8,113,72.0,0,0.0,-2,2.0,2.7,111,34.0,81,1,3.9,83.0,37.0,6,303,1.2,277.0,121.0,0.2,14.0,0.0,1900899,3823,1738884,17087,1.2,1.2,2.86,2.78,5.64,23.62,0.16,0.16,0.32,1.35,304.2,137.0,47.0,437.6,24.0,23.0,450.0,22.0,10.0,119.5,26.0,21.0,1.0,,,23,,Yankuba,Minteh,Minteh,,,1576,1,8,6,24,0,0,0,0,0,0,18,117,,,,0.0,0.34,1.37,1.03,6.68,33,20,64
172,a,100.0,100.0,4.8,371,233.0,0,0.0,-2,2.0,0.0,626,247.0,5,0,0.8,490.0,231.0,0,15,0.2,394.0,183.0,0.0,1.0,0.0,2339,30,3636,47,0.2,0.2,0.04,0.03,0.07,1.72,0.06,0.05,0.11,2.72,6.0,451.0,205.0,2.4,438.0,210.0,7.0,401.0,196.0,1.6,456.0,208.0,,,,23,,Tom,Watson,Watson,,,57,0,0,0,2,0,0,0,1,0,0,0,5,,,,0.0,0.0,3.16,0.0,7.89,1,0,4
260,a,100.0,100.0,5.2,207,28.0,0,0.0,7,-7.0,37.5,3,1.0,111,6,5.3,10.0,3.0,8,403,3.2,116.0,43.0,0.6,21.3,0.0,5418843,76976,2412769,73497,3.7,3.7,2.01,1.7,3.71,28.23,0.1,0.08,0.18,1.34,515.8,29.0,12.0,153.5,160.0,40.0,233.0,77.0,6.0,90.3,63.0,11.0,,,,23,,Marc,Guéhi,Guéhi,,,1890,2,4,8,23,0,0,0,4,0,0,21,204,,,,0.0,0.38,1.1,1.0,8.05,30,139,93
399,u,0.0,0.0,5.3,184,5.0,0,0.0,-2,2.0,0.8,198,25.0,0,0,0.0,780.0,92.0,0,0,0.0,761.0,92.0,0.0,0.0,0.0,15200,0,271677,183,0.0,0.0,0.0,0.0,0.0,0.0,0.0,0.0,0.0,0.0,0.0,780.0,92.0,0.0,779.0,91.0,0.0,774.0,88.0,0.0,780.0,92.0,,,,23,,Ederson,Santana de Moraes,Ederson M.,has joined Fenerbache permanently.,,0,0,0,0,0,0,0,0,0,0,0,0,0,,,,0.0,0.0,0.0,0.0,0.0,0,0,0
181,a,,,4.8,373,62.0,0,0.0,-2,2.0,0.4,288,45.0,26,0,2.0,320.0,32.0,3,109,2.6,157.0,18.0,0.5,5.4,0.0,47826,904,66420,803,2.6,2.6,1.37,0.21,1.58,2.68,0.68,0.1,0.78,1.33,115.0,305.0,30.0,71.1,272.0,27.0,161.0,129.0,32.0,34.6,270.0,32.0,,,,23,,Charalampos,Kostoulas,Kostoulas,,,182,2,1,1,4,0,0,0,2,0,0,1,26,,,,0.0,0.49,1.98,0.49,12.86,8,1,17
744,a,,,4.5,463,282.0,0,0.0,0,0.0,0.0,706,299.0,1,0,1.0,457.0,207.0,0,3,0.0,656.0,258.0,0.0,0.2,0.0,2349,22,1604,35,0.0,0.0,0.0,0.0,0.0,0.0,0.0,0.0,0.0,0.0,0.0,703.0,287.0,0.0,699.0,288.0,0.0,679.0,280.0,0.0,703.0,287.0,,,,23,,Nehemiah,Oriola,Oriola,,,1,0,0,0,0,0,0,0,0,0,0,0,0,,,,0.0,0.0,0.0,0.0,0.0,0,0,0
761,a,,,4.0,711,198.0,0,0.0,0,0.0,0.0,728,249.0,0,0,0.0,606.0,234.0,0,0,0.0,531.0,219.0,0.0,0.0,0.0,564,18,364,33,0.0,0.0,0.0,0.0,0.0,0.0,0.0,0.0,0.0,0.0,0.0,597.0,234.0,0.0,590.0,234.0,0.0,556.0,229.0,0.0,597.0,233.0,,,,23,,Freddie,Simmonds,Simmonds,,,0,0,0,0,0,0,0,0,0,0,0,0,0,,,,0.0,0.0,0.0,0.0,0.0,0,0,0
783,a,,,5.5,134,82.0,0,0.0,0,0.0,0.0,611,236.0,7,2,1.8,357.0,157.0,1,51,1.8,227.0,98.0,0.3,1.3,0.0,6073,538,1359,364,1.8,1.8,0.24,0.75,0.99,4.94,0.08,0.24,0.32,1.55,50.0,388.0,170.0,143.1,169.0,115.0,37.0,317.0,166.0,22.8,329.0,160.0,,,,23,,Pascal,Groß,Groß,,,286,0,0,0,3,0,0,0,1,0,0,3,23,,,,0.0,0.0,0.94,0.94,7.24,3,9,11
404,u,0.0,0.0,5.4,167,19.0,0,0.0,-1,1.0,0.3,333,123.0,0,0,0.0,783.0,262.0,0,0,0.0,772.0,261.0,0.0,0.0,0.0,9281,0,85066,63,0.0,0.0,0.0,0.0,0.0,0.0,0.0,0.0,0.0,0.0,0.0,783.0,262.0,0.0,782.0,262.0,0.0,778.0,261.0,0.0,783.0,262.0,,,,23,,Manuel,Akanji,Akanji,has joined Inter Milan on loan for the rest of the season.,,0,0,0,0,0,0,0,0,0,0,0,0,0,,,,0.0,0.0,0.0,0.0,0.0,0,0,0
405,a,,,5.3,185,24.0,0,0.0,-2,2.0,0.6,225,85.0,25,0,2.1,311.0,118.0,1,106,2.4,177.0,64.0,0.5,4.7,0.0,42066,440,78259,1846,2.9,2.9,0.28,0.44,0.72,7.84,0.05,0.08,0.13,1.46,93.6,328.0,127.0,83.1,250.0,74.0,25.0,344.0,114.0,20.3,343.0,119.0,,,,23,,Nathan,Aké,Aké,,,484,0,0,2,7,0,0,0,1,0,0,4,38,,,,0.0,0.37,1.3,0.74,6.51,9,26,12
406,a,100.0,100.0,5.4,182,22.0,0,0.0,-1,1.0,0.4,280,105.0,24,6,2.7,231.0,90.0,0,117,2.4,179.0,65.0,0.4,4.4,0.0,44857,1111,61559,1347,2.9,2.9,0.0,0.09,0.09,8.59,0.0,0.01,0.01,1.38,112.2,308.0,118.0,30.4,352.0,123.0,0.0,785.0,263.0,14.3,369.0,132.0,,,,23,,Abdukodir,Khusanov,Khusanov,,,559,0,0,2,5,0,0,0,1,0,0,6,62,,,,0.0,0.32,0.81,0.97,8.53,15,38,23
230,a,100.0,100.0,4.4,531,115.0,0,0.0,-1,1.0,0.4,273,101.0,42,1,3.5,121.0,44.0,3,183,0.8,308.0,111.0,0.2,9.5,0.0,87715,693,75219,2816,0.8,0.8,0.25,0.07,0.32,13.31,0.03,0.01,0.04,1.49,247.6,181.0,73.0,15.3,385.0,140.0,22.0,353.0,120.0,28.5,298.0,100.0,,,,23,,Wesley,Fofana,Fofana,,,806,0,0,4,9,0,0,0,2,0,0,9,123,,,,0.0,0.45,1.0,1.0,12.84,13,102,44
231,u,0.0,0.0,4.5,470,94.0,0,0.0,0,0.0,0.0,739,251.0,0,0,0.0,711.0,256.0,0,0,0.0,662.0,251.0,0.0,0.0,0.0,0,0,1940,3,0.0,0.0,0.0,0.0,0.0,0.0,0.0,0.0,0.0,0.0,0.0,709.0,256.0,0.0,705.0,256.0,0.0,686.0,255.0,0.0,709.0,256.0,,,,23,,Mamadou,Sarr,M.Sarr,Has joined RC Strasbourg on loan for the rest of the season.,,0,0,0,0,0,0,0,0,0,0,0,0,0,,,,0.0,0.0,0.0,0.0,0.0,0,0,0
232,i,0.0,0.0,4.0,653,160.0,0,0.0,-5,5.0,0.3,328,120.0,30,0,2.7,224.0,86.0,2,115,0.6,316.0,114.0,0.2,7.5,0.0,104943,21,217187,992,0.0,0.0,0.11,0.4,0.5,10.99,0.01,0.05,0.06,1.4,216.2,205.0,83.0,32.0,350.0,122.0,19.0,360.0,124.0,26.8,309.0,105.0,,,,23,,Tosin,Adarabioyo,Tosin,Hamstring injury - Unknown return date,,704,0,0,2,11,0,0,0,2,0,0,7,101,,,,0.0,0.26,1.41,0.89,11.12,13,74,18
407,a,100.0,75.0,5.4,172,21.0,-1,1.0,-1,1.0,3.3,98,37.0,105,11,5.2,11.0,4.0,14,427,5.0,28.0,11.0,0.9,19.4,0.0,767431,21073,434213,19988,5.5,4.1,0.25,1.32,1.57,19.42,0.01,0.07,0.08,1.05,443.0,53.0,25.0,257.4,86.0,21.0,54.0,290.0,90.0,75.7,95.0,26.0,,,4.0,23,,Matheus,Nunes,Matheus N.,,,1665,1,5,8,16,0,0,0,4,0,0,18,172,,,,0.0,0.43,0.86,0.97,7.24,42,92,103
408,i,0.0,0.0,5.6,127,13.0,0,0.0,1,-1.0,3.6,93,34.0,95,0,4.8,23.0,11.0,3,380,2.2,197.0,72.0,0.4,17.0,0.0,911056,44,997281,21755,0.0,0.0,0.5,0.48,0.98,19.73,0.03,0.03,0.06,1.04,458.0,49.0,22.0,91.8,232.0,66.0,94.0,225.0,60.0,64.5,136.0,43.0,,,,23,,Rúben,dos Santos Gato Alves Dias,Rúben,Hamstring injury - Expected back 11 Feb,,1705,2,0,10,16,0,0,0,2,0,0,19,156,,,,0.0,0.53,0.84,1.0,6.97,7,125,59
409,i,0.0,0.0,5.4,156,17.0,0,0.0,-1,1.0,0.6,240,91.0,12,0,1.7,368.0,138.0,0,45,0.0,768.0,260.0,0.0,2.2,0.0,50202,24,107935,366,0.0,0.0,0.0,0.06,0.06,5.05,0.0,0.02,0.02,1.29,76.6,351.0,133.0,19.6,379.0,137.0,2.0,434.0,162.0,9.8,396.0,142.0,,,,23,,John,Stones,Stones,Thigh injury - Unknown return date,,351,0,0,1,8,0,0,0,0,0,0,4,34,,,,0.0,0.26,2.05,1.03,4.87,0,19,17
410,a,100.0,100.0,4.6,394,69.0,0,0.0,-4,4.0,1.3,168,64.0,19,0,1.9,335.0,130.0,2,75,0.2,390.0,144.0,0.0,4.1,0.0,365100,232,452009,1650,0.7,0.7,0.11,1.31,1.42,5.04,0.03,0.38,0.41,1.46,67.4,366.0,141.0,97.3,225.0,64.0,43.0,306.0,97.0,20.7,340.0,117.0,,,,23,,Rico,Lewis,Lewis,,,311,0,1,1,5,0,0,0,1,0,0,3,23,,,,0.0,0.29,1.45,0.87,5.5,5,14,10
411,a,100.0,100.0,5.0,260,41.0,-1,1.0,0,0.0,6.3,60,20.0,84,6,3.8,89.0,34.0,2,326,1.8,223.0,84.0,0.4,16.8,0.0,1891915,3131,1142679,76536,2.3,2.3,2.11,1.49,3.6,21.26,0.12,0.08,0.2,1.19,364.8,92.0,40.0,276.4,79.0,19.0,203.0,97.0,11.0,84.5,75.0,17.0,,,,23,,Nico,O'Reilly,O'Reilly,,,1611,1,3,9,15,0,0,0,4,0,0,17,144,,,,0.0,0.5,0.84,0.95,6.82,49,73,68
261,a,100.0,100.0,4.4,528,114.0,0,0.0,-1,1.0,1.9,137,55.0,84,7,4.4,35.0,15.0,1,305,1.8,216.0,80.0,0.4,19.1,0.0,769395,9986,718395,6968,1.8,1.8,0.82,1.19,2.01,25.34,0.04,0.06,0.1,1.34,461.8,47.0,20.0,74.3,264.0,80.0,99.0,217.0,55.0,63.8,140.0,44.0,,,,23,,Chris,Richards,Richards,,,1702,1,0,7,24,0,0,0,1,0,0,19,214,,,,0.0,0.37,1.27,1.0,10.68,42,160,36
262,a,100.0,100.0,4.0,689,180.0,0,0.0,0,0.0,0.0,671,233.0,4,4,4.0,64.0,27.0,0,15,0.8,304.0,107.0,0.2,1.0,0.0,1779,216,2099,46,0.8,0.8,0.09,0.0,0.09,0.0,0.58,0.0,0.58,0.0,21.8,424.0,160.0,10.2,402.0,148.0,8.0,387.0,143.0,4.0,436.0,158.0,,,,23,,Chadi,Riad Dnanou,Chadi Riad,,,14,0,1,0,0,0,0,0,0,0,0,0,0,,,,0.0,0.0,0.0,0.0,0.0,0,0,1
263,a,100.0,100.0,3.8,771,231.0,0,0.0,-2,2.0,0.6,230,87.0,14,0,2.0,314.0,119.0,2,50,1.6,231.0,86.0,0.4,3.7,0.0,84747,663,88494,2122,1.6,1.6,0.43,0.56,0.99,5.77,0.09,0.12,0.21,1.24,74.4,355.0,135.0,46.3,322.0,108.0,31.0,331.0,107.0,15.1,367.0,131.0,,,,23,,Nathaniel,Clyne,Clyne,,,418,0,1,0,8,0,0,0,0,0,0,6,34,,,,0.0,0.0,1.72,1.29,7.32,12,22,15
264,u,0.0,0.0,4.0,656,161.0,0,0.0,0,0.0,0.0,679,236.0,0,0,0.0,561.0,206.0,0,0,0.0,483.0,188.0,0.0,0.0,0.0,0,0,3872,7,0.0,0.0,0.0,0.0,0.0,0.0,0.0,0.0,0.0,0.0,0.0,552.0,206.0,0.0,544.0,206.0,0.0,508.0,199.0,0.0,552.0,205.0,,,,23,,Rob,Holding,Holding,Has joined Colorado Rapids permanently.,,0,0,0,0,0,0,0,0,0,0,0,0,0,,,,0.0,0.0,0.0,0.0,0.0,0,0,0
265,i,0.0,0.0,4.0,707,194.0,0,0.0,0,0.0,0.0,709,243.0,0,0,0.0,603.0,231.0,0,0,0.0,528.0,216.0,0.0,0.0,0.0,568,10,2160,8,0.0,0.0,0.0,0.0,0.0,0.0,0.0,0.0,0.0,0.0,0.0,594.0,231.0,0.0,587.0,231.0,0.0,553.0,226.0,0.0,594.0,230.0,,,,23,,Caleb,Kporha,Kporha,Back injury - Unknown return date,,0,0,0,0,0,0,0,0,0,0,0,0,0,,,,0.0,0.0,0.0,0.0,0.0,0,0,0
267,a,100.0,100.0,6.3,68,46.0,0,0.0,-2,2.0,2.0,129,44.0,54,2,4.2,58.0,24.0,6,170,0.4,362.0,164.0,0.1,8.6,0.0,2234633,5307,2601830,2110,0.4,0.4,4.47,0.58,5.04,16.52,0.37,0.05,0.42,1.35,212.0,210.0,88.0,178.6,139.0,98.0,239.0,74.0,47.0,63.1,144.0,78.0,,,,23,,Ismaïla,Sarr,Sarr,,,1099,3,1,6,12,0,0,0,1,0,0,13,78,,,,0.0,0.49,0.98,1.06,6.39,11,27,40
268,i,0.0,0.0,4.9,324,200.0,0,0.0,-1,1.0,0.0,773,338.0,0,0,0.0,756.0,326.0,0,0,0.0,720.0,304.0,0.0,0.0,0.0,378,3,614,2,0.0,0.0,0.0,0.0,0.0,0.0,0.0,0.0,0.0,0.0,0.0,756.0,326.0,0.0,752.0,326.0,0.0,743.0,323.0,0.0,755.0,325.0,,,,23,,Cheick,Doucouré,Doucouré,Knee injury - Unknown return date,,0,0,0,0,0,0,0,0,0,0,0,0,0,,,,0.0,0.0,0.0,0.0,0.0,0,0,0
269,u,0.0,0.0,4.7,389,244.0,0,0.0,-3,3.0,0.1,436,148.0,4,0,1.0,465.0,215.0,0,12,0.4,347.0,154.0,0.1,0.9,0.0,11622,0,27726,194,0.0,0.0,0.0,0.04,0.04,1.74,0.0,0.09,0.09,3.92,6.8,448.0,203.0,2.7,435.0,209.0,6.0,405.0,199.0,1.5,458.0,210.0,,,,23,,Romain,Esse,Esse,has joined Coventry City on loan for the rest of the season.,,40,0,0,0,0,0,0,0,0,0,0,0,5,,,,0.0,0.0,0.0,0.0,11.25,3,0,2
460,a,100.0,100.0,4.5,439,263.0,0,0.0,0,0.0,0.0,650,265.0,0,0,0.0,691.0,276.0,0,0,0.0,640.0,243.0,0.0,0.0,0.0,472,21,9476,14,0.0,-1.0,0.0,0.0,0.0,0.0,0.0,0.0,0.0,0.0,0.0,686.0,271.0,0.0,684.0,274.0,0.0,663.0,265.0,0.0,687.0,272.0,,,,23,,Toby,Collyer,Collyer,,,0,0,0,0,0,0,0,0,0,0,0,0,0,,,,0.0,0.0,0.0,0.0,0.0,0,0,0
302,a,100.0,100.0,5.4,155,97.0,0,0.0,-1,1.0,0.1,500,177.0,50,6,3.6,116.0,53.0,4,236,1.2,275.0,120.0,0.2,9.3,0.0,19869,511,26342,120,1.2,1.2,1.17,0.78,1.95,17.33,0.09,0.06,0.15,1.37,227.6,193.0,83.0,146.3,164.0,110.0,125.0,176.0,102.0,49.9,200.0,106.0,,,,23,,Idrissa Gana,Gueye,Gana,,,1141,2,1,3,14,0,0,0,0,1,0,14,123,,,,0.0,0.24,1.1,1.1,9.7,31,29,63
303,a,,,5.2,210,131.0,0,0.0,2,-2.0,4.6,79,27.0,101,2,4.4,39.0,16.0,10,509,6.4,8.0,4.0,1.2,19.4,0.0,844522,39502,288860,28341,6.4,6.4,1.65,3.14,4.79,33.33,0.07,0.14,0.21,1.45,529.2,21.0,6.0,469.5,20.0,19.0,177.0,118.0,69.0,117.7,31.0,25.0,3.0,3.0,,23,,James,Garner,Garner,,,2063,2,3,9,26,0,0,0,5,0,0,23,279,,,,0.0,0.39,1.13,1.0,12.17,67,94,118
135,a,100.0,100.0,7.3,23,8.0,0,0.0,-2,2.0,0.9,188,30.0,15,2,1.7,372.0,42.0,0,51,2.4,182.0,21.0,0.3,2.1,0.0,221561,4543,389773,8755,1.9,2.4,1.56,0.4,1.96,4.29,0.43,0.11,0.54,1.19,43.6,394.0,42.0,33.0,349.0,43.0,122.0,185.0,40.0,19.4,349.0,42.0,,,,23,,Yoane,Wissa,Wissa,,,325,1,0,1,4,0,0,0,1,0,0,3,14,,,,0.0,0.28,1.11,0.83,3.88,2,1,11
469,a,100.0,100.0,5.1,223,6.0,0,0.0,1,-1.0,5.0,75,13.0,74,3,4.4,38.0,2.0,3,311,3.8,71.0,7.0,0.7,14.5,0.0,1472378,2504,1448462,9783,3.3,3.8,0.0,0.0,0.0,17.61,0.0,0.0,0.0,1.05,414.6,67.0,14.0,0.0,778.0,90.0,0.0,772.0,87.0,41.5,239.0,14.0,,,,23,,Nick,Pope,Pope,,,1516,0,1,7,19,0,0,0,1,0,53,17,121,,,,3.15,0.42,1.13,1.01,0.0,1,27,152
471,a,,,3.9,728,69.0,0,0.0,-1,1.0,0.1,425,65.0,0,0,0.0,521.0,37.0,0,0,0.0,442.0,31.0,0.0,0.0,0.0,6114,39,9748,69,-0.5,0.0,0.0,0.0,0.0,0.0,0.0,0.0,0.0,0.0,0.0,512.0,37.0,0.0,503.0,24.0,0.0,466.0,9.0,0.0,512.0,37.0,,,,23,,Mark,Gillespie,Gillespie,,,0,0,0,0,0,0,0,0,0,0,0,0,0,,,,0.0,0.0,0.0,0.0,0.0,0,0,0
472,u,0.0,0.0,4.0,654,44.0,0,0.0,0,0.0,0.0,695,80.0,0,0,0.0,559.0,63.0,0,0,0.0,481.0,57.0,0.0,0.0,0.0,0,0,2419,4,0.0,0.0,0.0,0.0,0.0,0.0,0.0,0.0,0.0,0.0,0.0,550.0,63.0,0.0,542.0,51.0,0.0,506.0,36.0,0.0,550.0,63.0,,,,23,,Odysseas,Vlachodimos,Odysseas,Has joined Sevilla on loan for the rest of the season.,,0,0,0,0,0,0,0,0,0,0,0,0,0,,,,0.0,0.0,0.0,0.0,0.0,0,0,0
312,u,0.0,0.0,4.9,335,60.0,0,0.0,-1,1.0,0.1,532,74.0,0,0,0.0,760.0,83.0,0,0,0.0,725.0,73.0,0.0,0.0,0.0,2418,0,14432,11,0.0,0.0,0.0,0.0,0.0,0.0,0.0,0.0,0.0,0.0,0.0,760.0,83.0,0.0,756.0,82.0,0.0,747.0,82.0,0.0,759.0,83.0,,,,23,,Youssef,Ramalho Chermiti,Y.Chermiti,has joined Rangers permanently.,,0,0,0,0,0,0,0,0,0,0,0,0,0,,,,0.0,0.0,0.0,0.0,0.0,0,0,0
313,a,100.0,100.0,4.4,546,76.0,0,0.0,-1,1.0,0.1,442,63.0,0,0,0.0,661.0,68.0,0,0,0.0,604.0,57.0,0.0,0.0,0.0,8431,187,25408,71,0.0,0.0,0.0,0.0,0.0,0.0,0.0,0.0,0.0,0.0,0.0,654.0,68.0,0.0,650.0,67.0,0.0,625.0,67.0,0.0,655.0,68.0,,,,23,,Martin,Sherif,Sherif,,,0,0,0,0,0,0,0,0,0,0,0,0,0,,,,0.0,0.0,0.0,0.0,0.0,0,0,0
419,i,0.0,0.0,6.4,56,36.0,0,0.0,-1,1.0,7.6,53,20.0,79,0,4.0,72.0,30.0,12,356,2.6,165.0,71.0,0.4,12.3,0.0,3789877,90,3543165,71164,0.0,0.0,2.05,3.37,5.41,25.81,0.11,0.19,0.3,1.43,374.2,89.0,28.0,520.5,14.0,14.0,397.0,28.0,15.0,129.2,21.0,17.0,,,,23,,Jack,Grealish,Grealish,Foot injury - Unknown return date,,1627,2,6,7,23,0,0,0,3,1,0,18,135,,,,0.0,0.39,1.27,1.0,7.47,20,27,88
630,a,,,3.9,732,72.0,0,0.0,-1,1.0,1.3,165,21.0,0,0,0.0,524.0,40.0,0,0,0.0,446.0,34.0,0.0,0.0,0.0,67154,312,90911,1098,0.0,0.0,0.0,0.0,0.0,0.0,0.0,0.0,0.0,0.0,0.0,515.0,40.0,0.0,506.0,27.0,0.0,469.0,12.0,0.0,515.0,40.0,,,,23,,Tom,King,King,,,0,0,0,0,0,0,0,0,0,0,0,0,0,,,,0.0,0.0,0.0,0.0,0.0,0,0,0
473,a,100.0,100.0,5.3,199,26.0,0,0.0,-2,2.0,3.1,104,42.0,52,1,3.2,160.0,66.0,4,231,4.8,31.0,12.0,0.9,9.8,0.0,523375,8679,372142,24270,4.3,4.8,0.58,1.7,2.28,15.69,0.05,0.14,0.19,1.26,299.4,144.0,61.0,214.0,112.0,29.0,96.0,221.0,57.0,60.9,151.0,48.0,4.0,,,23,,Lewis,Hall,Hall,,,1120,0,2,3,18,0,0,0,1,0,0,12,106,,,,0.0,0.24,1.45,0.96,7.88,31,67,67
474,i,0.0,0.0,5.3,183,23.0,0,0.0,-2,2.0,1.4,158,60.0,51,0,3.2,158.0,65.0,0,186,3.0,133.0,49.0,0.6,9.6,0.0,296517,33,462570,7444,0.0,0.0,0.97,0.6,1.57,13.85,0.08,0.05,0.13,1.14,291.2,151.0,63.0,63.6,284.0,91.0,108.0,204.0,52.0,46.4,214.0,72.0,,3.0,4.0,23,,Fabian,Schär,Schär,Ankle injury - Expected back 18 Apr,,1089,0,0,4,13,0,0,0,1,0,0,11,133,,,,0.0,0.33,1.07,0.91,9.5,14,101,42
338,i,0.0,0.0,5.3,193,44.0,0,0.0,-2,2.0,0.7,218,34.0,17,0,2.4,272.0,28.0,3,47,0.0,763.0,77.0,0.0,3.2,0.0,255363,37,433618,342,0.0,0.0,0.94,0.01,0.95,5.66,0.24,0.0,0.24,1.46,61.8,370.0,38.0,42.0,331.0,39.0,122.0,184.0,39.0,22.2,333.0,39.0,,,,23,,Rodrigo,Muniz Carvalho,Muniz,Hamstring injury - Expected back 07 Feb,,348,1,1,1,4,1,0,0,1,0,0,4,19,,,,0.0,0.26,1.03,1.03,4.91,3,9,7
664,a,,,3.9,729,70.0,0,0.0,-1,1.0,0.7,210,27.0,0,0,0.0,522.0,38.0,0,0,0.0,443.0,32.0,0.0,0.0,0.0,38401,329,48106,715,0.0,0.0,0.0,0.0,0.0,0.0,0.0,0.0,0.0,0.0,0.0,513.0,38.0,0.0,504.0,25.0,0.0,467.0,10.0,0.0,513.0,38.0,,,,23,,Benjamin,Lecomte,Lecomte,,,0,0,0,0,0,0,0,0,0,0,0,0,0,,,,0.0,0.0,0.0,0.0,0.0,0,0,0
346,a,,,3.8,773,233.0,0,0.0,-2,2.0,0.2,370,134.0,1,0,1.0,431.0,156.0,0,-2,0.0,414.0,153.0,0.0,0.3,0.0,22076,128,31553,190,-1.0,0.0,0.0,0.0,0.0,0.79,0.0,0.0,0.0,10.16,0.0,489.0,177.0,0.0,477.0,175.0,0.0,439.0,166.0,0.0,489.0,176.0,,,,23,,Sam,Byram,Byram,,,7,0,0,0,1,0,0,0,0,0,0,0,0,,,,0.0,0.0,12.86,0.0,0.0,0,0,0
494,a,100.0,100.0,5.0,248,151.0,0,0.0,0,0.0,0.1,513,184.0,15,1,1.2,424.0,190.0,0,57,0.6,322.0,145.0,0.1,3.0,0.0,9876,188,10278,160,0.1,0.6,0.6,0.11,0.71,3.88,0.23,0.04,0.27,1.46,36.0,403.0,177.0,49.9,315.0,176.0,27.0,336.0,176.0,11.1,392.0,180.0,,,,23,,Joe,Willock,Willock,,,239,0,0,2,3,0,0,0,1,0,0,2,26,,,,0.0,0.75,1.13,0.75,9.79,10,4,12
495,u,0.0,0.0,4.5,406,248.0,0,0.0,0,0.0,0.0,747,321.0,0,0,0.0,674.0,263.0,0,0,0.0,619.0,228.0,0.0,0.0,0.0,0,0,1593,2,0.0,0.0,0.0,0.0,0.0,0.0,0.0,0.0,0.0,0.0,0.0,669.0,258.0,0.0,664.0,261.0,0.0,640.0,251.0,0.0,670.0,259.0,,,,23,,Isaac,Hayden,Hayden,Has departed the club as a free agent.,,0,0,0,0,0,0,0,0,0,0,0,0,0,,,,0.0,0.0,0.0,0.0,0.0,0,0,0
392,a,100.0,100.0,4.9,292,181.0,0,0.0,-1,1.0,0.1,492,174.0,8,1,1.3,415.0,185.0,0,32,0.2,395.0,184.0,0.0,1.6,0.0,6837,96,14421,54,0.7,0.7,0.0,0.04,0.04,3.69,0.0,0.04,0.04,3.35,41.4,397.0,174.0,16.0,384.0,192.0,0.0,733.0,315.0,5.7,423.0,190.0,,,,23,,Endo,Wataru,Endo,,,99,0,1,0,5,0,0,0,1,0,0,0,12,,,,0.0,0.0,4.55,0.0,10.91,5,7,0
537,u,0.0,0.0,4.0,679,173.0,0,0.0,0,0.0,0.1,526,191.0,0,0,0.0,580.0,215.0,0,0,0.0,502.0,197.0,0.0,0.0,0.0,1038,0,15927,18,0.0,0.0,0.0,0.0,0.0,0.0,0.0,0.0,0.0,0.0,0.0,571.0,215.0,0.0,564.0,215.0,0.0,529.0,209.0,0.0,571.0,214.0,,,,23,,Niall,Huggins,Huggins,has joined Wycombe Wanderers on loan for the rest of the season.,,0,0,0,0,0,0,0,0,0,0,0,0,0,,,,0.0,0.0,0.0,0.0,0.0,0,0,0
538,u,0.0,0.0,3.8,789,248.0,0,0.0,-2,2.0,0.2,352,128.0,0,0,0.0,508.0,186.0,0,0,0.0,427.0,165.0,0.0,0.0,0.0,23261,0,29667,614,0.0,0.0,0.0,0.0,0.0,0.0,0.0,0.0,0.0,0.0,0.0,499.0,186.0,0.0,488.0,185.0,0.0,450.0,176.0,0.0,499.0,185.0,,,,23,,Zak,Johnson,Johnson,has joined York City on loan for the rest of the season.,,0,0,0,0,0,0,0,0,0,0,0,0,0,,,,0.0,0.0,0.0,0.0,0.0,0,0,0
421,a,100.0,100.0,6.3,66,44.0,0,0.0,-2,2.0,0.4,260,88.0,25,3,2.3,289.0,126.0,1,142,2.6,164.0,70.0,0.4,4.0,0.0,52039,550,94551,996,3.1,3.1,0.14,0.84,0.98,9.39,0.02,0.12,0.14,1.34,137.4,283.0,126.0,169.7,148.0,102.0,33.0,325.0,170.0,34.0,275.0,135.0,,,,23,,Rodrigo 'Rodri',Hernandez Cascante,Rodrigo,,,633,0,0,2,6,0,0,0,1,0,0,7,90,,,,0.0,0.28,0.85,1.0,12.8,20,23,47
422,i,0.0,0.0,5.9,89,57.0,0,0.0,-1,1.0,0.0,672,278.0,1,0,1.0,483.0,229.0,0,3,0.0,791.0,353.0,0.0,0.2,0.0,2385,8,3279,16,0.0,0.0,0.0,0.0,0.0,0.0,0.0,0.0,0.0,0.0,2.6,466.0,215.0,0.8,452.0,219.0,0.0,793.0,353.0,0.3,482.0,223.0,,,,23,,Mateo,Kovačić,Kovačić,Ankle injury - Unknown return date,,4,0,0,0,0,0,0,0,0,0,0,0,0,,,,0.0,0.0,0.0,0.0,0.0,0,0,0
570,a,,,4.2,620,143.0,0,0.0,-3,3.0,0.1,422,156.0,27,1,2.1,303.0,115.0,1,111,0.2,369.0,137.0,0.0,6.4,0.0,16525,114,28249,184,-0.3,0.2,0.03,0.18,0.21,10.71,0.0,0.02,0.02,1.46,194.2,232.0,95.0,9.1,411.0,149.0,8.0,388.0,144.0,21.2,336.0,114.0,,,,23,,Kevin,Danso,Danso,,,658,0,0,2,12,0,0,0,4,0,0,8,100,,,,0.0,0.27,1.64,1.09,12.72,13,80,28
571,i,0.0,0.0,4.3,568,125.0,0,0.0,-2,2.0,0.1,522,188.0,10,0,3.3,139.0,56.0,1,29,1.8,213.0,77.0,0.4,2.3,0.0,4313,13,11193,167,0.0,0.0,0.49,0.07,0.56,1.11,0.32,0.05,0.37,0.73,67.4,365.0,140.0,22.2,371.0,134.0,52.0,293.0,92.0,14.2,370.0,133.0,,,,23,,Ben,Davies,Davies,Ankle injury - Unknown return date,,136,1,0,0,3,0,0,0,1,0,0,2,14,,,,0.0,0.0,1.99,1.32,9.26,5,9,5
572,a,100.0,100.0,4.5,442,89.0,0,0.0,0,0.0,0.0,716,246.0,2,1,1.0,455.0,166.0,0,5,0.2,381.0,142.0,0.0,0.4,0.0,1055,34,1018,32,-0.3,0.2,0.06,0.0,0.06,0.09,0.9,0.0,0.9,1.35,0.2,483.0,173.0,0.3,463.0,169.0,4.0,413.0,154.0,0.4,475.0,169.0,,,,23,,Radu,Drăgușin,Dragusin,,,6,0,0,0,0,0,0,0,0,0,0,0,1,,,,0.0,0.0,0.0,0.0,15.0,0,1,1
573,a,,,4.3,577,131.0,0,0.0,-2,2.0,1.1,176,68.0,55,1,2.8,210.0,80.0,1,224,2.0,202.0,74.0,0.5,12.8,0.0,292393,593,329579,3445,1.5,2.0,0.82,1.37,2.19,23.6,0.05,0.08,0.13,1.41,216.2,206.0,84.0,171.0,147.0,37.0,147.0,142.0,26.0,53.3,182.0,60.0,,,,23,,Djed,Spence,Spence,,,1506,0,0,7,21,0,0,0,3,0,0,17,102,,,,0.0,0.42,1.25,1.02,4.66,27,51,87
590,u,0.0,0.0,4.9,323,199.0,0,0.0,-1,1.0,0.0,649,264.0,0,0,0.0,755.0,325.0,0,0,0.0,719.0,303.0,0.0,0.0,0.0,675,0,4444,5,0.0,0.0,0.0,0.0,0.0,0.0,0.0,0.0,0.0,0.0,0.0,755.0,325.0,0.0,751.0,325.0,0.0,742.0,322.0,0.0,754.0,324.0,,,,23,,Bryan,Gil Salvatierra,Bryan,has joined Girona permanently.,,0,0,0,0,0,0,0,0,0,0,0,0,0,,,,0.0,0.0,0.0,0.0,0.0,0,0,0
600,a,,,4.3,563,27.0,0,0.0,-2,2.0,2.2,122,16.0,49,2,2.6,239.0,21.0,2,215,2.2,187.0,18.0,0.5,11.4,0.0,154206,2503,403299,3206,2.2,2.2,0.0,0.0,0.0,32.6,0.0,0.0,0.0,1.72,551.6,17.0,5.0,10.0,404.0,6.0,0.0,582.0,64.0,56.0,172.0,6.0,,,,23,,Alphonse,Areola,Areola,,,1710,0,1,0,34,0,0,0,0,0,74,19,55,,,,3.89,0.0,1.79,1.0,0.0,0,26,134
466,d,50.0,25.0,5.8,108,30.0,0,0.0,-2,2.0,0.4,259,41.0,33,0,2.4,276.0,29.0,6,116,2.6,163.0,19.0,0.4,5.7,0.0,104006,80,120213,2500,1.3,0.4,1.77,0.29,2.06,6.41,0.33,0.05,0.38,1.2,141.0,278.0,26.0,129.2,182.0,15.0,166.0,124.0,31.0,43.3,229.0,27.0,,,,23,,Joshua,Zirkzee,Zirkzee,Knock - 50% chance of playing,,481,2,1,1,7,0,0,0,1,0,0,4,34,,,,0.0,0.19,1.31,0.75,6.36,7,11,16
467,a,,,4.2,640,88.0,0,0.0,-3,3.0,1.7,141,21.0,0,0,0.0,622.0,61.0,0,0,0.0,557.0,49.0,0.0,0.0,0.0,258101,1263,329500,5520,0.0,-1.0,0.0,0.0,0.0,0.0,0.0,0.0,0.0,0.0,0.0,614.0,61.0,0.0,609.0,60.0,0.0,579.0,60.0,0.0,615.0,61.0,,,,23,,Chido,Obi,Obi,,,0,0,0,0,0,0,0,0,0,0,0,0,0,,,,0.0,0.0,0.0,0.0,0.0,0,0,0
468,a,100.0,100.0,4.5,471,65.0,0,0.0,0,0.0,0.1,489,67.0,0,0,0.0,712.0,74.0,0,0,0.0,663.0,63.0,0.0,0.0,0.0,4226,179,14181,71,0.0,-1.0,0.0,0.0,0.0,0.0,0.0,0.0,0.0,0.0,0.0,710.0,74.0,0.0,706.0,73.0,0.0,687.0,73.0,0.0,710.0,74.0,,,,23,,Ethan,Wheatley,Wheatley,,,0,0,0,0,0,0,0,0,0,0,0,0,0,,,,0.0,0.0,0.0,0.0,0.0,0,0,0
611,u,0.0,0.0,4.0,692,181.0,0,0.0,0,0.0,0.1,531,194.0,0,0,0.0,590.0,220.0,0,0,0.0,513.0,203.0,0.0,0.0,0.0,0,0,12917,44,0.0,0.0,0.0,0.0,0.0,0.0,0.0,0.0,0.0,0.0,0.0,581.0,220.0,0.0,574.0,220.0,0.0,539.0,214.0,0.0,581.0,219.0,,,,23,,Kaelan,Casey,Casey,has joined Leyton Orient on loan for the rest of the season.,,0,0,0,0,0,0,0,0,0,0,0,0,0,,,,0.0,0.0,0.0,0.0,0.0,0,0,0
612,i,0.0,0.0,5.9,97,63.0,0,0.0,-1,1.0,1.4,154,52.0,69,0,3.8,92.0,42.0,8,291,3.0,136.0,60.0,0.5,11.7,0.0,897058,35,930262,13652,0.0,0.0,2.85,2.0,4.85,24.22,0.17,0.12,0.29,1.44,374.6,88.0,27.0,397.2,31.0,30.0,186.0,112.0,67.0,95.7,56.0,37.0,3.0,2.0,1.0,23,,Lucas,Tolentino Coelho de Lima,L.Paquetá,Back injury - Unknown return date,,1513,4,2,3,33,0,0,0,5,1,0,18,146,,,,0.0,0.18,1.96,1.07,8.68,40,30,76
613,a,100.0,100.0,5.7,117,74.0,0,0.0,-3,3.0,0.2,342,115.0,47,2,2.4,275.0,117.0,4,192,2.6,161.0,68.0,0.5,8.2,0.0,28536,240,102315,430,2.6,2.6,2.72,0.33,3.05,18.7,0.27,0.03,0.3,1.88,242.8,187.0,78.0,92.1,231.0,142.0,229.0,79.0,50.0,56.4,169.0,93.0,,,,23,,Tomáš,Souček,Souček,,,896,2,2,1,24,0,0,0,1,1,0,9,105,,,,0.0,0.1,2.41,0.9,10.55,18,60,27
649,u,0.0,0.0,5.0,261,159.0,0,0.0,0,0.0,0.0,797,355.0,0,0,0.0,768.0,335.0,0,0,0.0,740.0,319.0,0.0,0.0,0.0,0,0,161,0,0.0,0.0,0.0,0.0,0.0,0.0,0.0,0.0,0.0,0.0,0.0,768.0,335.0,0.0,766.0,335.0,0.0,758.0,332.0,0.0,767.0,334.0,,,,23,,Boubacar,Traoré,B.Traore,Has joined FC Metz on loan for the rest of the season.,,0,0,0,0,0,0,0,0,0,0,0,0,0,,,,0.0,0.0,0.0,0.0,0.0,0,0,0
651,a,,,4.3,609,355.0,0,0.0,-2,2.0,0.4,287,96.0,0,0,0.0,641.0,245.0,0,0,0.0,581.0,208.0,0.0,0.0,0.0,51415,187,60325,608,0.0,-0.5,0.0,0.0,0.0,0.0,0.0,0.0,0.0,0.0,0.0,632.0,236.0,0.0,629.0,241.0,0.0,602.0,229.0,0.0,633.0,237.0,,,,23,,Tom,Edozie,Edozie,,,0,0,0,0,0,0,0,0,0,0,0,0,0,,,,0.0,0.0,0.0,0.0,0.0,0,0,0
652,a,,,4.3,608,354.0,0,0.0,-2,2.0,1.3,162,57.0,0,0,0.0,640.0,244.0,0,0,0.0,580.0,207.0,0.0,0.0,0.0,181376,806,223167,2309,0.0,-0.5,0.0,0.0,0.0,0.0,0.0,0.0,0.0,0.0,0.0,631.0,235.0,0.0,628.0,240.0,0.0,601.0,228.0,0.0,632.0,236.0,,,,23,,Enso,González Medina,Gonzalez,,,0,0,0,0,0,0,0,0,0,0,0,0,0,,,,0.0,0.0,0.0,0.0,0.0,0,0,0
653,u,0.0,0.0,4.5,418,251.0,0,0.0,0,0.0,0.0,651,266.0,0,0,0.0,680.0,266.0,0,0,0.0,626.0,231.0,0.0,0.0,0.0,0,0,5650,19,0.0,0.0,0.0,0.0,0.0,0.0,0.0,0.0,0.0,0.0,0.0,675.0,261.0,0.0,671.0,264.0,0.0,648.0,254.0,0.0,676.0,262.0,,,,23,,Joe,Hodge,Hodge,Signed by CD Tondela,,0,0,0,0,0,0,0,0,0,0,0,0,0,,,,0.0,0.0,0.0,0.0,0.0,0,0,0
654,a,100.0,100.0,6.1,81,26.0,0,0.0,-4,4.0,0.9,193,32.0,38,1,1.8,360.0,39.0,0,90,1.4,261.0,32.0,0.2,6.2,0.0,190971,666,611679,782,1.4,0.9,2.86,0.44,3.3,21.12,0.19,0.03,0.22,1.38,126.2,292.0,27.0,113.0,202.0,21.0,249.0,71.0,23.0,48.2,205.0,23.0,,,2.0,23,,Jørgen,Strand Larsen,Strand Larsen,,,1379,1,1,3,25,0,0,1,2,0,0,14,52,,,,0.0,0.2,1.63,0.91,3.39,6,31,15
720,a,,,5.4,174,42.0,0,0.0,-1,1.0,0.1,515,72.0,35,1,1.8,355.0,37.0,2,104,1.8,226.0,26.0,0.3,6.5,0.0,27260,279,20799,425,1.8,1.3,1.61,0.26,1.87,9.12,0.19,0.03,0.22,1.1,83.4,339.0,33.0,114.3,201.0,20.0,223.0,84.0,25.0,41.3,240.0,28.0,,2.0,,23,,Tolu,Arokodare,Tolu,,,748,1,1,2,17,0,0,0,1,0,0,8,46,,,,0.0,0.24,2.05,0.96,5.53,4,23,19
749,a,,,4.5,501,72.0,0,0.0,0,0.0,1.4,156,24.0,38,2,3.2,149.0,12.0,6,141,5.4,21.0,5.0,1.2,8.4,0.0,227368,42168,53577,10594,5.4,4.9,0.73,0.75,1.48,8.32,0.1,0.11,0.21,1.2,147.0,271.0,25.0,121.0,193.0,17.0,120.0,187.0,41.0,38.7,256.0,29.0,,,,23,,Mateus,Mané,Mané,,,626,2,2,2,10,0,0,0,0,0,0,6,40,,,,0.0,0.29,1.44,0.86,5.75,10,10,20
766,a,,,4.0,709,196.0,0,0.0,0,0.0,0.0,691,238.0,0,0,0.0,605.0,233.0,0,0,0.0,530.0,218.0,0.0,0.0,0.0,1354,135,542,97,0.0,-0.5,0.0,0.0,0.0,0.0,0.0,0.0,0.0,0.0,0.0,596.0,233.0,0.0,589.0,233.0,0.0,555.0,228.0,0.0,596.0,232.0,,,,23,,Saheed,Olagunju,Olagunju,,,0,0,0,0,0,0,0,0,0,0,0,0,0,,,,0.0,0.0,0.0,0.0,0.0,0,0,0
777,a,,,4.5,448,269.0,0,0.0,0,0.0,0.0,771,336.0,0,0,0.0,696.0,281.0,0,0,0.0,646.0,249.0,0.0,0.0,0.0,355,40,110,22,0.0,-0.5,0.0,0.0,0.0,0.0,0.0,0.0,0.0,0.0,0.0,692.0,277.0,0.0,689.0,279.0,0.0,668.0,270.0,0.0,692.0,277.0,,,,23,,Temple,Ojinnaka,Ojinnaka,,,0,0,0,0,0,0,0,0,0,0,0,0,0,,,,0.0,0.0,0.0,0.0,0.0,0,0,0
778,a,,,4.5,479,294.0,0,0.0,0,0.0,0.0,745,319.0,0,0,0.0,717.0,297.0,0,0,0.0,668.0,266.0,0.0,0.0,0.0,801,99,259,32,0.0,-0.5,0.0,0.0,0.0,0.0,0.0,0.0,0.0,0.0,0.0,716.0,296.0,0.0,711.0,296.0,0.0,693.0,290.0,0.0,715.0,295.0,,,,23,,Ethan,Sutherland,Sutherland,,,0,0,0,0,0,0,0,0,0,0,0,0,0,,,,0.0,0.0,0.0,0.0,0.0,0,0,0
196,u,0.0,0.0,4.0,668,168.0,0,0.0,0,0.0,0.0,607,219.0,0,0,0.0,571.0,212.0,0,0,0.0,493.0,194.0,0.0,0.0,0.0,202,0,9557,14,0.0,0.0,0.0,0.0,0.0,0.0,0.0,0.0,0.0,0.0,0.0,562.0,212.0,0.0,555.0,212.0,0.0,520.0,206.0,0.0,562.0,211.0,,,,23,,Shurandy,Sambo,Sambo,Has joined Sparta Rotterdam on loan for the rest of the season.,,0,0,0,0,0,0,0,0,0,0,0,0,0,,,,0.0,0.0,0.0,0.0,0.0,0,0,0
197,a,,,3.8,791,250.0,0,0.0,-2,2.0,0.3,329,121.0,13,0,1.9,328.0,123.0,0,20,0.4,330.0,119.0,0.1,3.4,0.0,34432,78,23889,709,0.4,0.4,0.55,0.08,0.63,3.79,0.3,0.04,0.34,2.08,44.8,393.0,150.0,18.1,380.0,138.0,30.0,332.0,108.0,9.2,402.0,145.0,,,,23,,Oliver,Sonne,Sonne,,,164,1,0,0,4,0,0,0,0,0,0,1,10,,,,0.0,0.0,2.2,0.55,3.84,2,5,4
198,a,100.0,100.0,3.9,735,211.0,0,0.0,-1,1.0,1.0,183,71.0,29,7,2.9,193.0,74.0,0,84,2.2,184.0,67.0,0.6,7.4,0.0,133256,1059,280384,693,2.2,2.2,0.61,0.11,0.72,24.2,0.06,0.01,0.07,2.46,221.0,200.0,81.0,8.9,413.0,151.0,52.0,292.0,91.0,28.4,299.0,101.0,,,,23,,Axel,Tuanzebe,Tuanzebe,,,886,1,0,1,20,0,0,0,1,0,0,10,101,,,,0.0,0.1,2.03,1.02,9.35,11,81,27
551,a,,,4.7,387,242.0,0,0.0,-3,3.0,0.0,584,218.0,15,0,1.5,392.0,173.0,0,48,0.4,346.0,153.0,0.1,3.2,0.0,5373,36,8443,94,0.4,0.4,0.32,0.35,0.67,5.12,0.08,0.08,0.16,1.23,20.2,428.0,190.0,48.4,319.0,178.0,21.0,356.0,183.0,8.9,405.0,183.0,,,,23,,Chris,Rigg,Rigg,,,375,0,0,2,2,0,0,0,0,0,0,6,27,,,,0.0,0.48,0.48,1.44,6.48,6,7,14
552,a,100.0,100.0,4.9,342,213.0,0,0.0,-1,1.0,0.1,568,210.0,45,3,2.5,262.0,111.0,0,232,1.6,241.0,104.0,0.3,9.2,0.0,9000,221,10559,106,1.6,1.6,0.3,0.78,1.08,22.22,0.02,0.04,0.06,1.25,191.8,235.0,98.0,166.9,149.0,103.0,46.0,301.0,158.0,40.6,242.0,120.0,,,,23,,Noah,Sadiki,Sadiki,,,1594,0,1,5,21,0,0,0,5,0,0,18,142,,,,0.0,0.28,1.19,1.02,8.02,27,57,58
553,a,100.0,100.0,4.9,340,211.0,0,0.0,-1,1.0,0.1,417,140.0,52,1,3.1,170.0,71.0,5,150,0.2,401.0,187.0,0.0,10.6,0.0,56161,137,67957,131,0.2,0.2,1.2,0.52,1.71,13.77,0.12,0.05,0.17,1.34,133.2,288.0,130.0,144.6,167.0,113.0,124.0,178.0,104.0,39.7,251.0,123.0,,,,23,,Chemsdine,Talbi,Talbi,,,926,2,2,5,8,0,0,0,0,0,0,9,55,,,,0.0,0.49,0.78,0.87,5.35,7,12,36
199,d,75.0,75.0,3.8,775,234.0,0,0.0,-2,2.0,0.1,412,151.0,7,0,1.2,421.0,153.0,0,19,0.0,416.0,154.0,0.0,1.8,0.0,17719,21,21440,184,0.0,0.0,0.0,0.02,0.02,3.95,0.0,0.01,0.01,2.31,42.4,395.0,151.0,0.8,450.0,166.0,2.0,420.0,157.0,4.6,432.0,157.0,,,,23,,Joe,Worrall,Worrall,Lack of match fitness - 75% chance of playing,,154,0,0,0,3,0,0,0,0,0,0,1,24,,,,0.0,0.0,1.75,0.58,13.44,2,21,4
200,a,100.0,100.0,5.1,232,143.0,0,0.0,-4,4.0,1.9,136,45.0,73,2,3.3,143.0,62.0,5,286,2.4,176.0,76.0,0.5,14.3,0.0,1196828,2039,1054926,4221,2.4,2.4,2.86,1.51,4.37,32.45,0.18,0.09,0.27,2.04,342.6,103.0,34.0,271.8,81.0,59.0,308.0,50.0,29.0,92.2,59.0,39.0,2.0,,,23,,Jaidon,Anthony,Anthony,,,1431,5,2,3,29,0,0,0,3,0,0,17,134,,,,0.0,0.19,1.82,1.07,8.43,26,29,79
201,u,0.0,0.0,5.4,161,100.0,0,0.0,-1,1.0,0.0,690,292.0,0,0,0.0,782.0,345.0,0,0,0.0,770.0,340.0,0.0,0.0,0.0,1070,0,3120,3,0.0,0.0,0.0,0.0,0.0,0.0,0.0,0.0,0.0,0.0,0.0,782.0,345.0,0.0,781.0,345.0,0.0,777.0,344.0,0.0,782.0,345.0,,,,23,,Manuel,Benson Hedilazio,Benson,has joined Swansea City on loan for the rest of the season.,,0,0,0,0,0,0,0,0,0,0,0,0,0,,,,0.0,0.0,0.0,0.0,0.0,0,0,0
203,a,,,4.7,388,243.0,0,0.0,-3,3.0,0.0,590,222.0,0,0,0.0,741.0,315.0,0,0,0.0,697.0,288.0,0.0,0.0,0.0,3421,49,6536,82,0.0,0.0,0.0,0.0,0.0,0.0,0.0,0.0,0.0,0.0,0.0,741.0,315.0,0.0,736.0,315.0,0.0,722.0,310.0,0.0,740.0,314.0,,,,23,,Enock,Agyei,Boateng,,,0,0,0,0,0,0,0,0,0,0,0,0,0,,,,0.0,0.0,0.0,0.0,0.0,0,0,0
76,a,,,3.8,790,249.0,0,0.0,-2,2.0,0.2,391,142.0,0,0,0.0,509.0,187.0,0,0,0.0,428.0,166.0,0.0,0.0,0.0,11818,233,17107,222,0.0,-0.5,0.0,0.0,0.0,0.0,0.0,0.0,0.0,0.0,0.0,500.0,187.0,0.0,489.0,186.0,0.0,451.0,177.0,0.0,500.0,186.0,,,,23,,Owen,Bevan,Bevan,,,0,0,0,0,0,0,0,0,0,0,0,0,0,,,,0.0,0.0,0.0,0.0,0.0,0,0,0
688,a,,,3.9,752,81.0,0,0.0,-1,1.0,0.6,233,31.0,0,0,0.0,536.0,49.0,0,0,0.0,458.0,43.0,0.0,0.0,0.0,58145,224,40169,621,0.0,0.0,0.0,0.0,0.0,0.0,0.0,0.0,0.0,0.0,0.0,527.0,49.0,0.0,518.0,36.0,0.0,481.0,21.0,0.0,527.0,49.0,,,,23,,James,Wright,Wright,,,0,0,0,0,0,0,0,0,0,0,0,0,0,,,,0.0,0.0,0.0,0.0,0.0,0,0,0
701,u,0.0,0.0,4.0,700,188.0,0,0.0,0,0.0,0.1,523,189.0,0,0,0.0,597.0,226.0,0,0,0.0,521.0,210.0,0.0,0.0,0.0,8943,0,10504,36,0.0,0.0,0.0,0.0,0.0,0.0,0.0,0.0,0.0,0.0,0.0,588.0,226.0,0.0,581.0,226.0,0.0,547.0,221.0,0.0,588.0,225.0,,,,23,,Triston,Rowe,Rowe,has joined Annecy on loan for the rest of the season.,,0,0,0,0,0,0,0,0,0,0,0,0,0,,,,0.0,0.0,0.0,0.0,0.0,0,0,0
702,a,,,4.4,561,335.0,0,0.0,-1,1.0,0.1,529,188.0,1,0,1.0,453.0,204.0,0,3,0.0,614.0,225.0,0.0,0.2,0.0,9168,27,8331,68,0.0,0.0,0.0,0.0,0.0,0.9,0.0,0.0,0.0,5.06,0.0,664.0,255.0,0.3,462.0,225.0,0.0,635.0,248.0,0.0,665.0,256.0,,,,23,,Bradley,Burrowes,Burrowes,,,16,0,0,0,1,0,0,0,0,0,0,0,1,,,,0.0,0.0,5.62,0.0,5.62,0,0,1
703,a,,,3.9,763,89.0,0,0.0,-1,1.0,0.6,232,30.0,0,0,0.0,547.0,57.0,0,0,0.0,469.0,51.0,0.0,0.0,0.0,81551,653,33320,1291,0.0,0.0,0.0,0.0,0.0,0.0,0.0,0.0,0.0,0.0,0.0,538.0,57.0,0.0,529.0,44.0,0.0,492.0,29.0,0.0,538.0,57.0,,,,23,,Sam,Proctor,Proctor,,,0,0,0,0,0,0,0,0,0,0,0,0,0,,,,0.0,0.0,0.0,0.0,0.0,0,0,0
114,a,100.0,100.0,3.9,770,230.0,0,0.0,-1,1.0,0.2,361,132.0,0,0,0.0,553.0,204.0,0,0,0.0,475.0,186.0,0.0,0.0,0.0,12320,74,27487,168,0.0,0.0,0.0,0.0,0.0,0.0,0.0,0.0,0.0,0.0,0.0,544.0,204.0,0.0,535.0,204.0,0.0,499.0,197.0,0.0,544.0,203.0,,,,23,,Benjamin,Arthur,Arthur,,,0,0,0,0,0,0,0,0,0,0,0,0,0,,,,0.0,0.0,0.0,0.0,0.0,0,0,0
115,u,0.0,0.0,4.0,712,199.0,0,0.0,0,0.0,0.1,514,184.0,0,0,0.0,607.0,235.0,0,0,0.0,532.0,220.0,0.0,0.0,0.0,2020,0,14111,35,0.0,0.0,0.0,0.0,0.0,0.0,0.0,0.0,0.0,0.0,0.0,598.0,235.0,0.0,591.0,235.0,0.0,557.0,230.0,0.0,598.0,234.0,,,,23,,Benjamin,Fredrick,Fredrick,has joined Dender on loan for the rest of the season.,,0,0,0,0,0,0,0,0,0,0,0,0,0,,,,0.0,0.0,0.0,0.0,0.0,0,0,0
123,i,0.0,0.0,4.7,382,239.0,0,0.0,-3,3.0,0.1,452,153.0,13,0,2.2,296.0,127.0,1,42,0.0,694.0,287.0,0.0,2.8,0.0,27141,16,50753,100,0.0,0.0,0.7,0.03,0.73,2.08,0.63,0.03,0.66,1.87,39.0,401.0,176.0,6.5,422.0,206.0,36.0,319.0,167.0,8.1,410.0,185.0,4.0,,4.0,23,,Fábio,Freitas Gouveia Carvalho,Carvalho,Knee injury - Expected back 01 Jun,,100,1,0,0,4,0,0,0,0,0,0,1,8,,,,0.0,0.0,3.6,0.9,7.2,3,0,5
151,a,100.0,100.0,4.5,434,87.0,0,0.0,0,0.0,4.3,80,26.0,85,1,3.9,77.0,30.0,6,325,3.2,109.0,41.0,0.7,18.9,0.0,842481,11561,446962,19514,3.2,3.2,2.05,0.7,2.74,31.63,0.09,0.03,0.12,1.44,656.2,6.0,2.0,132.1,180.0,47.0,224.0,83.0,7.0,101.5,47.0,5.0,,,,23,,Jan Paul,van Hecke,Van Hecke,,,1980,3,2,4,31,1,0,0,6,0,0,22,213,,,,0.0,0.18,1.41,1.0,8.32,32,151,69
642,a,100.0,100.0,5.6,129,79.0,0,0.0,-4,4.0,0.1,423,142.0,41,2,2.3,286.0,123.0,0,107,3.8,73.0,30.0,0.7,7.3,0.0,39410,1078,45701,579,3.8,3.3,2.07,0.9,2.97,14.41,0.18,0.08,0.26,1.26,120.6,298.0,133.0,128.0,184.0,122.0,138.0,158.0,91.0,38.0,258.0,126.0,,,3.0,23,,Hwang,Hee-chan,Hee Chan,,,1033,2,1,2,18,0,0,0,3,0,0,13,60,,,,0.0,0.17,1.57,1.13,5.23,8,19,33
643,a,100.0,100.0,5.3,202,125.0,0,0.0,-2,2.0,0.1,524,187.0,50,1,2.3,284.0,122.0,1,267,1.0,294.0,133.0,0.2,9.4,0.0,11272,89,15359,97,1.0,0.5,0.17,0.66,0.83,26.83,0.01,0.04,0.05,1.51,235.0,190.0,80.0,193.9,131.0,93.0,15.0,370.0,187.0,44.4,221.0,110.0,,,,23,,André,Trindade da Costa Neto,André,,,1603,0,0,1,32,0,0,0,7,0,0,17,221,,,,0.0,0.06,1.8,0.95,12.41,46,58,117
152,a,100.0,100.0,4.3,566,123.0,0,0.0,-2,2.0,0.2,406,148.0,29,0,2.4,267.0,105.0,1,113,3.6,80.0,30.0,0.8,6.7,0.0,20339,381,32198,512,3.6,3.6,0.99,0.1,1.09,11.8,0.13,0.01,0.14,1.58,189.0,239.0,98.0,68.2,276.0,87.0,59.0,278.0,84.0,31.7,287.0,96.0,,,,23,,Joël,Veltman,Veltman,,,673,1,0,1,10,0,0,0,3,0,0,7,87,,,,0.0,0.13,1.34,0.94,10.03,27,48,28
153,i,0.0,0.0,4.4,514,101.0,0,0.0,-1,1.0,0.0,740,252.0,0,0,0.0,648.0,248.0,0,0,0.0,589.0,240.0,0.0,0.0,0.0,773,15,1559,7,0.0,0.0,0.0,0.0,0.0,0.0,0.0,0.0,0.0,0.0,0.0,639.0,248.0,0.0,636.0,248.0,0.0,610.0,246.0,0.0,640.0,248.0,,,,23,,Adam,Webster,Webster,Knee injury - Unknown return date,,0,0,0,0,0,0,0,0,0,0,0,0,0,,,,0.0,0.0,0.0,0.0,0.0,0,0,0
644,d,50.0,0.0,5.1,230,142.0,0,0.0,-4,4.0,0.0,616,239.0,25,0,1.8,353.0,156.0,0,114,0.0,754.0,330.0,0.0,4.9,0.0,3494,12,10328,25,0.0,0.0,0.73,0.58,1.31,11.84,0.1,0.08,0.18,1.56,111.2,311.0,137.0,91.3,234.0,144.0,93.0,226.0,123.0,29.4,295.0,142.0,3.0,4.0,,23,,Jean-Ricner,Bellegarde,Bellegarde,Hamstring injury - 50% chance of playing,,685,1,0,1,20,0,0,0,1,0,0,9,59,,,,0.0,0.13,2.63,1.18,7.75,18,20,21
645,u,0.0,100.0,5.1,239,147.0,0,0.0,-4,4.0,0.0,638,259.0,12,0,1.3,417.0,187.0,0,38,0.2,403.0,189.0,0.0,2.4,0.0,1383,19,4583,40,0.0,-0.3,0.16,0.61,0.77,3.98,0.06,0.24,0.3,1.57,29.0,413.0,184.0,61.0,289.0,167.0,37.0,316.0,165.0,12.4,378.0,176.0,,,,23,,Fer,López González,Fer López,has joined Celta Vigo on loan for the rest of the season.,,228,0,1,0,9,0,0,0,1,0,0,2,12,,,,0.0,0.0,3.55,0.79,4.74,1,1,10
795,a,,,4.5,484,298.0,0,0.0,0,0.0,0.0,792,351.0,0,0,0.0,722.0,301.0,0,0,0.0,673.0,270.0,0.0,0.0,0.0,108,18,29,12,0.0,0.0,0.0,0.0,0.0,0.0,0.0,0.0,0.0,0.0,0.0,721.0,300.0,0.0,716.0,300.0,0.0,698.0,294.0,0.0,720.0,299.0,,,,23,,Harry,Howell,Howell,,,0,0,0,0,0,0,0,0,0,0,0,0,0,,,,0.0,0.0,0.0,0.0,0.0,0,0,0
220,a,100.0,100.0,4.9,308,13.0,0,0.0,-1,1.0,14.3,25,3.0,88,3,4.0,67.0,4.0,7,378,3.6,85.0,8.0,0.7,18.0,0.0,1381941,76394,2480766,18167,3.6,3.6,0.0,0.02,0.02,30.12,0.0,0.0,0.0,1.43,526.2,24.0,7.0,50.0,314.0,1.0,0.0,738.0,83.0,57.3,168.0,4.0,,,,23,,Robert,Lynch Sánchez,Sánchez,,,1894,0,1,9,24,0,0,0,2,1,59,22,89,,,,2.8,0.43,1.14,1.05,0.0,0,19,187
221,d,50.0,0.0,4.3,596,29.0,0,0.0,-2,2.0,0.2,388,57.0,3,0,1.5,388.0,30.0,0,18,0.4,339.0,24.0,0.1,0.7,0.0,14641,35,25108,397,0.2,0.0,0.0,0.0,0.0,2.78,0.0,0.0,0.0,1.44,28.2,415.0,30.0,0.0,620.0,79.0,0.0,592.0,66.0,2.8,443.0,30.0,,,,23,,Filip,Jörgensen,Jörgensen,Knock - 50% chance of playing,,174,0,0,0,3,0,0,0,0,0,3,1,7,,,,1.55,0.0,1.55,0.52,0.0,0,2,14
222,u,0.0,0.0,4.0,696,62.0,0,0.0,0,0.0,0.0,775,88.0,0,0,0.0,593.0,80.0,0,0,0.0,517.0,74.0,0.0,0.0,0.0,0,0,336,2,0.0,0.0,0.0,0.0,0.0,0.0,0.0,0.0,0.0,0.0,0.0,584.0,80.0,0.0,577.0,69.0,0.0,543.0,54.0,0.0,584.0,80.0,,,,23,,Mike,Penders,Penders,Has joined RC Strasbourg on loan for the rest of the season.,,0,0,0,0,0,0,0,0,0,0,0,0,0,,,,0.0,0.0,0.0,0.0,0.0,0,0,0
223,a,,,3.9,749,80.0,0,0.0,-1,1.0,0.1,447,68.0,0,0,0.0,535.0,48.0,0,0,0.0,457.0,42.0,0.0,0.0,0.0,9639,52,11462,131,0.0,0.0,0.0,0.0,0.0,0.0,0.0,0.0,0.0,0.0,0.0,526.0,48.0,0.0,517.0,35.0,0.0,480.0,20.0,0.0,526.0,48.0,,,,23,,Gabriel,Słonina,Slonina,,,0,0,0,0,0,0,0,0,0,0,0,0,0,,,,0.0,0.0,0.0,0.0,0.0,0,0,0
224,a,100.0,100.0,6.0,85,3.0,0,0.0,0,0.0,16.1,22,7.0,78,4,3.7,105.0,38.0,5,354,1.2,279.0,102.0,0.2,13.0,0.0,2459907,23227,3125381,14495,1.2,1.2,0.72,2.27,2.99,25.95,0.04,0.12,0.16,1.37,344.4,102.0,45.0,319.7,55.0,9.0,134.0,165.0,34.0,79.7,87.0,21.0,,,,23,,Marc,Cucurella Saseta,Cucurella,,,1705,0,2,9,20,0,0,0,4,1,0,20,163,,,,0.0,0.48,1.06,1.06,6.65,39,87,79
235,d,75.0,75.0,10.4,3,2.0,0,0.0,-1,1.0,11.6,38,14.0,45,0,3.8,97.0,47.0,1,161,3.8,79.0,35.0,0.4,4.3,0.0,1519966,12912,6837635,77691,2.8,2.8,3.54,0.38,3.92,14.63,0.42,0.05,0.47,1.75,197.6,226.0,96.0,117.5,199.0,130.0,219.0,86.0,53.0,53.3,184.0,97.0,,1.0,1.0,23,,Cole,Palmer,Palmer,Muscle injury - 75% chance of playing,,753,4,1,2,10,0,0,0,2,0,0,10,63,,,,0.0,0.24,1.2,1.2,7.53,11,13,39
236,a,100.0,100.0,7.1,36,22.0,0,0.0,1,-1.0,6.3,61,21.0,94,3,4.1,63.0,28.0,6,396,2.8,151.0,63.0,0.4,13.2,0.0,1843841,20237,1621419,30269,2.8,2.8,3.59,4.25,7.84,23.78,0.18,0.21,0.39,1.19,392.8,78.0,24.0,558.0,10.0,10.0,382.0,30.0,16.0,133.5,15.0,12.0,1.0,4.0,,23,,Pedro,Lomba Neto,Neto,,,1802,5,4,10,15,0,0,0,2,0,0,21,88,,,,0.0,0.5,0.75,1.05,4.4,14,15,59
237,a,100.0,100.0,6.7,48,30.0,1,-1.0,2,-2.0,16.2,21,9.0,106,8,4.8,26.0,11.0,12,432,7.0,2.0,1.0,1.0,15.8,0.0,4064297,310225,2735234,17650,7.0,7.0,8.73,3.95,12.68,27.66,0.42,0.19,0.61,1.33,538.6,19.0,5.0,558.9,9.0,9.0,528.0,11.0,5.0,162.7,5.0,3.0,3.0,3.0,2.0,23,,Enzo,Fernández,Enzo,,,1874,7,3,8,22,0,0,0,5,0,0,21,158,,,,0.0,0.38,1.06,1.01,7.59,41,33,84
1,a,,,5.9,92,1.0,0,0.0,4,-4.0,33.2,6,1.0,93,1,4.0,71.0,7.0,4,368,3.2,118.0,11.0,0.5,15.8,0.0,3462625,38654,1944508,45731,4.2,4.2,0.0,0.05,0.05,16.48,0.0,0.0,0.0,0.72,331.2,112.0,16.0,20.3,376.0,3.0,0.0,794.0,92.0,35.2,268.0,16.0,,,,23,,David,Raya Martín,Raya,,,2070,0,0,11,17,0,0,0,1,0,32,23,94,,,,1.39,0.48,0.74,1.0,0.0,1,19,185
2,a,,,4.1,644,38.0,0,0.0,-4,4.0,0.4,270,36.0,0,0,0.0,616.0,82.0,0,0,0.0,541.0,76.0,0.0,0.0,0.0,13038,172,73323,293,1.0,1.0,0.0,0.0,0.0,0.0,0.0,0.0,0.0,0.0,0.0,607.0,82.0,0.0,600.0,71.0,0.0,567.0,56.0,0.0,608.0,82.0,,,,23,,Kepa,Arrizabalaga Revuelta,Arrizabalaga,,,0,0,0,0,0,0,0,0,0,0,0,0,0,,,,0.0,0.0,0.0,0.0,0.0,0,0,0
3,u,0.0,0.0,4.0,673,53.0,0,0.0,0,0.0,0.2,359,52.0,0,0,0.0,575.0,71.0,0,0,0.0,497.0,65.0,0.0,0.0,0.0,5545,0,47046,97,0.0,0.0,0.0,0.0,0.0,0.0,0.0,0.0,0.0,0.0,0.0,566.0,71.0,0.0,559.0,60.0,0.0,524.0,45.0,0.0,566.0,71.0,,,,23,,Karl,Hein,Hein,Has joined Werder Bremen on loan for the rest of the season.,,0,0,0,0,0,0,0,0,0,0,0,0,0,,,,0.0,0.0,0.0,0.0,0.0,0,0,0
759,a,,,4.0,714,201.0,0,0.0,0,0.0,0.0,698,240.0,0,0,0.0,608.0,236.0,0,0,0.0,533.0,221.0,0.0,0.0,0.0,914,28,688,35,1.0,1.0,0.0,0.0,0.0,0.0,0.0,0.0,0.0,0.0,0.0,599.0,236.0,0.0,592.0,236.0,0.0,558.0,231.0,0.0,599.0,235.0,,,,23,,Marli,Salmon,Salmon,,,0,0,0,0,0,0,0,0,0,0,0,0,0,,,,0.0,0.0,0.0,0.0,0.0,0,0,0
32,a,100.0,75.0,5.0,242,7.0,0,0.0,0,0.0,3.2,100,15.0,76,10,4.0,68.0,5.0,6,329,3.4,96.0,9.0,0.7,15.2,0.0,659129,14121,512245,7355,3.4,2.5,0.0,0.04,0.04,25.01,0.0,0.0,0.0,1.35,424.8,60.0,12.0,3.0,434.0,12.0,0.0,752.0,84.0,42.8,232.0,12.0,,,,23,,Emiliano,Martínez Romero,Martinez,,,1665,0,0,5,17,0,1,0,1,0,55,19,78,,,,2.97,0.27,0.92,1.03,0.0,0,15,156
49,a,100.0,100.0,5.5,140,88.0,0,0.0,0,0.0,0.1,510,182.0,1,1,1.0,482.0,228.0,0,4,0.2,405.0,190.0,0.0,0.2,0.0,2746,393,48356,71,0.2,0.2,0.02,0.03,0.05,0.25,0.06,0.09,0.15,0.73,5.0,455.0,207.0,1.9,439.0,211.0,7.0,403.0,198.0,1.4,461.0,213.0,,,,23,,Leon,Bailey,Bailey,,,31,0,0,0,0,0,0,0,0,0,0,0,7,,,,0.0,0.0,0.0,0.0,20.32,2,0,5
50,a,100.0,100.0,5.3,188,116.0,0,0.0,-2,2.0,0.4,265,90.0,71,11,3.4,135.0,59.0,8,236,3.6,87.0,38.0,0.7,13.4,0.0,171793,10166,146586,1513,3.6,3.6,2.16,1.18,3.34,15.58,0.21,0.11,0.32,1.5,300.8,143.0,52.0,227.6,103.0,76.0,226.0,80.0,51.0,75.5,97.0,55.0,,6.0,2.0,23,,Emiliano,Buendía Stati,Buendía,,,936,5,2,3,9,0,0,0,2,0,0,11,111,,,,0.0,0.29,0.87,1.06,10.67,29,19,63
53,u,0.0,0.0,5.1,227,140.0,0,0.0,-4,4.0,0.5,253,86.0,55,0,2.6,247.0,104.0,3,161,1.2,273.0,118.0,0.2,10.8,0.0,172896,0,327705,2876,0.0,0.0,4.03,0.35,4.38,10.59,0.57,0.05,0.62,1.49,183.4,242.0,102.0,99.7,223.0,137.0,290.0,56.0,34.0,56.3,170.0,94.0,,,1.0,23,,Donyell,Malen,Malen,has joined Roma on loan for the rest of the season.,,640,4,2,1,10,0,0,0,0,0,0,5,16,,,,0.0,0.14,1.41,0.7,2.25,4,2,10
54,i,0.0,0.0,5.4,158,98.0,0,0.0,-1,1.0,0.8,199,67.0,71,0,3.2,161.0,67.0,4,289,4.0,59.0,24.0,0.7,13.1,0.0,207866,78,199473,16123,0.0,0.0,2.52,1.96,4.48,26.58,0.14,0.11,0.25,1.5,308.2,130.0,45.0,385.2,37.0,35.0,193.0,105.0,63.0,88.8,64.0,42.0,4.0,,,23,,John,McGinn,McGinn,Knee injury - Unknown return date,,1591,3,2,7,21,0,0,0,3,0,0,21,126,,,,0.0,0.4,1.19,1.19,7.13,27,29,70
367,a,,,4.2,630,36.0,0,0.0,-3,3.0,0.6,243,32.0,19,0,3.8,87.0,8.0,0,70,0.0,548.0,80.0,0.0,4.5,0.0,150054,234,160651,999,0.5,0.5,0.0,0.0,0.0,7.1,0.0,0.0,0.0,1.42,140.0,279.0,22.0,0.0,605.0,76.0,0.0,574.0,62.0,13.9,372.0,22.0,,,,23,,Giorgi,Mamardashvili,Mamardashvili,,,450,0,0,1,10,0,1,0,0,0,17,5,45,,,,3.4,0.2,2.0,1.0,0.0,0,7,43
368,a,,,3.8,801,92.0,0,0.0,-2,2.0,0.5,258,34.0,0,0,0.0,515.0,32.0,0,0,0.0,436.0,26.0,0.0,0.0,0.0,70881,6520,32492,1508,0.5,0.5,0.0,0.0,0.0,0.0,0.0,0.0,0.0,0.0,0.0,506.0,32.0,0.0,496.0,18.0,0.0,459.0,3.0,0.0,506.0,32.0,,,,23,,Ármin,Pécsi,Pécsi,,,0,0,0,0,0,0,0,0,0,0,0,0,0,,,,0.0,0.0,0.0,0.0,0.0,0,0,0
369,a,,,3.9,733,73.0,0,0.0,-1,1.0,0.2,381,55.0,0,0,0.0,525.0,41.0,0,0,0.0,447.0,35.0,0.0,0.0,0.0,21737,59,15683,212,0.5,0.5,0.0,0.0,0.0,0.0,0.0,0.0,0.0,0.0,0.0,516.0,41.0,0.0,507.0,28.0,0.0,470.0,13.0,0.0,516.0,41.0,,,,23,,Freddie,Woodman,Woodman,,,0,0,0,0,0,0,0,0,0,0,0,0,0,,,,0.0,0.0,0.0,0.0,0.0,0,0,0
370,a,100.0,100.0,5.8,106,8.0,0,0.0,-2,2.0,6.6,56,18.0,34,0,3.1,177.0,70.0,0,136,3.6,90.0,34.0,0.6,5.9,0.0,585923,6522,3092539,31374,4.1,4.1,0.39,1.02,1.41,5.96,0.07,0.17,0.24,1.0,83.2,340.0,130.0,140.8,171.0,42.0,103.0,213.0,54.0,32.8,280.0,93.0,,,,23,,Jeremie,Frimpong,Frimpong,,,538,0,4,2,7,0,0,0,0,0,0,6,20,,,,0.0,0.33,1.17,1.0,2.68,4,12,31
55,d,50.0,0.0,4.8,348,218.0,0,0.0,-2,2.0,0.0,620,243.0,15,0,2.1,306.0,133.0,0,56,0.0,698.0,289.0,0.0,3.1,0.0,4407,12,11751,27,0.0,0.0,0.43,0.16,0.59,1.41,0.34,0.13,0.47,1.11,51.8,386.0,168.0,33.7,345.0,181.0,55.0,288.0,152.0,14.0,371.0,173.0,,,,23,,Ross,Barkley,Barkley,Knee injury - 50% chance of playing,,114,1,1,0,0,0,0,0,0,0,0,0,15,,,,0.0,0.0,0.0,0.0,11.84,3,2,10
56,u,0.0,0.0,5.0,265,161.0,0,0.0,0,0.0,0.0,803,360.0,0,0,0.0,771.0,337.0,0,0,0.0,743.0,321.0,0.0,0.0,0.0,0,0,34,0,0.0,0.0,0.0,0.0,0.0,0.0,0.0,0.0,0.0,0.0,0.0,771.0,337.0,0.0,769.0,337.0,0.0,761.0,334.0,0.0,770.0,336.0,,,,23,,Enzo,Barrenechea,Barrenechea,Season-long loan to Benfica,,0,0,0,0,0,0,0,0,0,0,0,0,0,,,,0.0,0.0,0.0,0.0,0.0,0,0,0
371,a,,,5.6,133,16.0,0,0.0,-4,4.0,2.9,109,44.0,53,0,2.4,274.0,107.0,4,241,2.4,180.0,66.0,0.4,9.5,0.0,301403,1328,767584,5557,2.9,2.9,0.95,0.58,1.53,19.29,0.06,0.03,0.09,1.13,314.6,125.0,54.0,330.0,50.0,7.0,110.0,199.0,50.0,75.6,96.0,27.0,,,,23,,Milos,Kerkez,Kerkez,,,1535,1,0,4,24,0,0,0,4,0,0,19,132,,,,0.0,0.23,1.41,1.11,6.21,34,72,58
372,a,,,5.7,114,10.0,0,0.0,-3,3.0,1.0,185,72.0,25,1,1.8,358.0,135.0,2,112,1.6,246.0,93.0,0.3,4.4,0.0,51619,348,127152,812,2.1,2.1,0.21,0.78,0.98,7.47,0.04,0.13,0.17,1.25,115.6,304.0,116.0,180.3,138.0,33.0,57.0,286.0,88.0,35.4,266.0,90.0,,,,23,,Andrew,Robertson,Robertson,,,538,0,0,2,8,0,0,0,0,0,0,4,40,,,,0.0,0.33,1.34,0.67,5.02,10,20,21
373,a,,,5.9,90,5.0,0,0.0,-1,1.0,22.0,16,5.0,90,9,3.9,84.0,32.0,4,343,4.8,33.0,13.0,0.8,15.3,0.0,2646966,14565,3145262,38242,5.3,5.3,1.05,0.72,1.77,26.55,0.05,0.03,0.08,1.15,656.0,7.0,3.0,135.0,177.0,45.0,212.0,91.0,10.0,100.2,50.0,6.0,,,,23,,Virgil,van Dijk,Virgil,,,2070,1,0,7,32,0,0,0,3,0,0,23,242,,,,0.0,0.3,1.39,1.0,9.43,16,201,51
374,d,75.0,25.0,5.4,164,18.0,0,0.0,-1,1.0,3.0,108,43.0,81,0,3.7,104.0,37.0,6,315,3.4,100.0,37.0,0.6,15.0,0.0,551330,202,618885,25210,2.9,1.0,0.81,0.81,1.62,21.63,0.04,0.04,0.08,1.04,478.2,38.0,16.0,107.5,211.0,54.0,73.0,256.0,73.0,66.1,127.0,41.0,,,,23,,Ibrahima,Konaté,Konaté,Personal Reasons - 75% chance of playing,,1876,0,0,7,26,0,0,0,5,0,0,22,212,,,,0.0,0.34,1.25,1.06,8.97,31,156,61
378,a,100.0,100.0,3.7,805,263.0,0,0.0,-3,3.0,1.0,178,70.0,0,0,0.0,497.0,176.0,0,0,0.0,412.0,151.0,0.0,0.0,0.0,176831,8829,71729,5672,0.5,0.5,0.0,0.0,0.0,0.0,0.0,0.0,0.0,0.0,0.0,487.0,175.0,0.0,475.0,173.0,0.0,437.0,164.0,0.0,487.0,174.0,,,,23,,Amara,Nallo,Nallo,,,0,0,0,0,0,0,0,0,0,0,0,0,0,,,,0.0,0.0,0.0,0.0,0.0,0,0,0
768,a,,,4.0,722,209.0,0,0.0,0,0.0,0.0,725,248.0,0,0,0.0,615.0,243.0,0,0,0.0,540.0,228.0,0.0,0.0,0.0,371,27,255,27,0.0,0.0,0.0,0.0,0.0,0.0,0.0,0.0,0.0,0.0,0.0,606.0,243.0,0.0,599.0,243.0,0.0,566.0,239.0,0.0,607.0,243.0,,,,23,,Leon,Routh,Leon Routh,,,0,0,0,0,0,0,0,0,0,0,0,0,0,,,,0.0,0.0,0.0,0.0,0.0,0,0,0
781,a,,,4.0,716,203.0,0,0.0,0,0.0,0.0,753,256.0,0,0,0.0,610.0,238.0,0,0,0.0,535.0,223.0,0.0,0.0,0.0,237,27,96,26,0.0,0.0,0.0,0.0,0.0,0.0,0.0,0.0,0.0,0.0,0.0,601.0,238.0,0.0,594.0,238.0,0.0,560.0,233.0,0.0,601.0,237.0,,,,23,,TJ,Carroll,Carroll,,,0,0,0,0,0,0,0,0,0,0,0,0,0,,,,0.0,0.0,0.0,0.0,0.0,0,0,0
792,d,25.0,25.0,5.0,282,174.0,0,0.0,0,0.0,0.0,794,353.0,0,0,0.0,778.0,342.0,0,0,0.0,751.0,327.0,0.0,0.0,0.0,107,3,74,14,0.0,0.0,0.0,0.0,0.0,0.0,0.0,0.0,0.0,0.0,0.0,778.0,342.0,0.0,776.0,342.0,0.0,770.0,340.0,0.0,778.0,342.0,,,,23,,Alysson Edward Franco,da Rocha dos Santos,Alysson,Knock - 25% chance of playing,,0,0,0,0,0,0,0,0,0,0,0,0,0,,,,0.0,0.0,0.0,0.0,0.0,0,0,0
183,a,,,4.3,597,30.0,0,0.0,-2,2.0,0.1,448,69.0,0,0,0.0,633.0,87.0,0,0,0.0,571.0,83.0,0.0,0.0,0.0,6359,103,15888,140,0.0,0.0,0.0,0.0,0.0,0.0,0.0,0.0,0.0,0.0,0.0,624.0,87.0,0.0,621.0,80.0,0.0,593.0,67.0,0.0,625.0,87.0,,,,23,,Max,Weiß,Weiss,,,0,0,0,0,0,0,0,0,0,0,0,0,0,,,,0.0,0.0,0.0,0.0,0.0,0,0,0
184,u,0.0,0.0,4.0,678,56.0,0,0.0,0,0.0,0.2,393,58.0,0,0,0.0,579.0,74.0,0,0,0.0,501.0,68.0,0.0,0.0,0.0,4943,0,33060,88,0.0,0.0,0.0,0.0,0.0,0.0,0.0,0.0,0.0,0.0,0.0,570.0,74.0,0.0,563.0,63.0,0.0,528.0,48.0,0.0,570.0,74.0,,,,23,,Etienne,Green,Green,has joined FC Fredericia permanently.,,0,0,0,0,0,0,0,0,0,0,0,0,0,,,,0.0,0.0,0.0,0.0,0.0,0,0,0
185,a,,,3.9,724,65.0,0,0.0,-1,1.0,0.2,394,59.0,0,0,0.0,518.0,34.0,0,0,0.0,439.0,28.0,0.0,0.0,0.0,13770,69,18340,214,0.0,0.0,0.0,0.0,0.0,0.0,0.0,0.0,0.0,0.0,0.0,509.0,34.0,0.0,499.0,20.0,0.0,462.0,5.0,0.0,509.0,34.0,,,,23,,Václav,Hladký,Hladký,,,0,0,0,0,0,0,0,0,0,0,0,0,0,,,,0.0,0.0,0.0,0.0,0.0,0,0,0
186,i,0.0,0.0,4.4,516,103.0,0,0.0,-1,1.0,0.0,643,225.0,0,0,0.0,649.0,249.0,0,0,0.0,590.0,241.0,0.0,0.0,0.0,1359,19,8889,25,0.0,0.0,0.0,0.0,0.0,0.0,0.0,0.0,0.0,0.0,0.0,640.0,249.0,0.0,637.0,249.0,0.0,611.0,247.0,0.0,641.0,249.0,,,,23,,Connor,Roberts,Roberts,Achilles injury - Unknown return date,,0,0,0,0,0,0,0,0,0,0,0,0,0,,,,0.0,0.0,0.0,0.0,0.0,0,0,0
282,u,0.0,0.0,4.5,469,287.0,0,0.0,0,0.0,0.0,683,286.0,0,0,0.0,710.0,293.0,0,0,0.0,661.0,262.0,0.0,0.0,0.0,860,0,3024,3,0.0,0.0,0.0,0.0,0.0,0.0,0.0,0.0,0.0,0.0,0.0,708.0,291.0,0.0,704.0,292.0,0.0,685.0,285.0,0.0,708.0,291.0,,,,23,,Franco,Umeh-Chibueze,Umeh,has joined Portsmouth permanently.,,0,0,0,0,0,0,0,0,0,0,0,0,0,,,,0.0,0.0,0.0,0.0,0.0,0,0,0
283,a,100.0,100.0,7.5,21,7.0,0,0.0,0,0.0,9.9,44,8.0,84,2,3.7,107.0,9.0,9,281,3.4,104.0,11.0,0.5,11.2,0.0,4715369,12894,4695683,39206,3.4,3.4,11.88,1.26,13.14,26.67,0.56,0.06,0.62,1.26,411.8,69.0,5.0,119.7,197.0,19.0,664.0,4.0,4.0,119.4,27.0,6.0,,,2.0,23,,Jean-Philippe,Mateta,Mateta,,,1904,8,0,8,23,0,0,0,2,0,0,23,110,,,,0.0,0.38,1.09,1.09,5.2,8,51,51
284,i,0.0,0.0,5.4,165,41.0,0,0.0,-1,1.0,0.3,291,47.0,23,0,1.9,338.0,34.0,3,100,0.0,771.0,79.0,0.0,4.3,0.0,124027,40,138505,1276,0.0,0.0,1.77,0.46,2.23,9.49,0.38,0.1,0.48,2.06,120.0,299.0,29.0,84.6,247.0,26.0,173.0,119.0,30.0,37.8,259.0,30.0,,,,23,,Eddie,Nketiah,Nketiah,Hamstring injury - Unknown return date,,414,2,0,0,12,0,0,0,2,0,0,2,38,,,,0.0,0.0,2.61,0.43,8.26,8,13,17
717,a,100.0,100.0,6.5,54,35.0,0,0.0,-5,5.0,1.2,172,60.0,50,4,2.9,207.0,91.0,3,194,2.2,198.0,85.0,0.3,7.7,0.0,773793,1591,689860,6847,1.7,2.2,1.6,2.28,3.88,17.79,0.13,0.19,0.32,1.46,192.2,234.0,97.0,264.0,84.0,62.0,144.0,150.0,88.0,60.1,156.0,87.0,5.0,,,23,,Xavi,Simons,Xavi,,,1100,1,3,3,21,0,0,0,2,1,0,12,99,,,,0.0,0.25,1.72,0.98,8.1,24,14,61
726,a,100.0,100.0,6.9,42,17.0,0,0.0,-1,1.0,0.4,274,44.0,24,0,1.6,384.0,44.0,0,63,1.2,282.0,35.0,0.2,3.5,0.0,113960,565,98500,3301,0.7,1.2,1.29,0.92,2.21,14.13,0.13,0.09,0.22,1.38,73.4,358.0,36.0,159.1,156.0,12.0,151.0,138.0,34.0,37.7,260.0,31.0,,,,23,,Randal,Kolo Muani,Kolo Muani,,,922,0,0,3,16,0,0,0,2,0,0,11,57,,,,0.0,0.29,1.56,1.07,5.56,14,11,32
667,a,100.0,100.0,4.2,632,150.0,0,0.0,-3,3.0,0.1,562,203.0,0,0,0.0,620.0,244.0,0,0,0.0,550.0,231.0,0.0,0.0,0.0,2361,29,11991,28,0.0,0.0,0.0,0.0,0.0,0.0,0.0,0.0,0.0,0.0,0.0,612.0,245.0,0.0,607.0,244.0,0.0,576.0,241.0,0.0,613.0,245.0,,,,23,,Adam,Aznou,Aznou,,,0,0,0,0,0,0,0,0,0,0,0,0,0,,,,0.0,0.0,0.0,0.0,0.0,0,0,0
704,u,0.0,0.0,4.5,431,258.0,0,0.0,0,0.0,0.1,575,214.0,0,0,0.0,687.0,272.0,0,0,0.0,635.0,238.0,0.0,0.0,0.0,8420,0,10045,23,0.0,0.0,0.0,0.0,0.0,0.0,0.0,0.0,0.0,0.0,0.0,682.0,267.0,0.0,680.0,270.0,0.0,658.0,261.0,0.0,683.0,268.0,,,,23,,Tyler,Onyango,Onyango,has joined Stockport County on loan for the rest of the season.,,0,0,0,0,0,0,0,0,0,0,0,0,0,,,,0.0,0.0,0.0,0.0,0.0,0,0,0
705,a,,,3.9,756,222.0,0,0.0,-1,1.0,0.2,395,143.0,0,0,0.0,540.0,197.0,0,0,0.0,462.0,179.0,0.0,0.0,0.0,18289,70,15165,128,0.0,0.0,0.0,0.0,0.0,0.0,0.0,0.0,0.0,0.0,0.0,531.0,197.0,0.0,522.0,197.0,0.0,485.0,189.0,0.0,531.0,196.0,,,,23,,Elijah,Campbell,Campbell,,,0,0,0,0,0,0,0,0,0,0,0,0,0,,,,0.0,0.0,0.0,0.0,0.0,0,0,0
619,u,0.0,0.0,4.9,341,212.0,0,0.0,-1,1.0,0.0,667,275.0,5,0,1.0,473.0,221.0,0,11,0.0,727.0,309.0,0.0,1.0,0.0,868,0,3288,16,0.0,0.0,0.07,0.03,0.1,1.82,0.05,0.02,0.07,1.35,9.2,443.0,199.0,14.5,387.0,193.0,4.0,417.0,207.0,2.5,447.0,202.0,,,,23,,Luis Guilherme,Lira dos Santos,L.Guilherme,has joined Sporting CP permanently.,,121,0,0,0,2,0,0,0,0,0,0,1,11,,,,0.0,0.0,1.49,0.74,8.18,1,2,8
620,u,0.0,0.0,4.5,440,264.0,0,0.0,0,0.0,0.0,591,223.0,1,0,1.0,454.0,205.0,0,3,0.0,641.0,244.0,0.0,0.2,0.0,3770,0,9080,54,0.0,0.0,0.0,0.01,0.01,0.73,0.0,0.11,0.11,8.21,0.0,687.0,272.0,1.5,443.0,214.0,2.0,428.0,211.0,0.4,474.0,218.0,,,,23,,George,Earthy,Earthy,has joined Bristol City on loan for the rest of the season.,,8,0,0,0,1,0,0,0,0,0,0,0,0,,,,0.0,0.0,11.25,0.0,0.0,0,0,0
621,u,0.0,0.0,4.3,575,338.0,0,0.0,-2,2.0,0.3,339,113.0,9,0,1.3,411.0,182.0,0,49,0.0,563.0,194.0,0.0,2.1,0.0,43311,0,50308,920,0.0,0.0,0.0,0.17,0.17,4.03,0.0,0.1,0.1,2.32,31.6,409.0,181.0,52.3,310.0,175.0,2.0,424.0,209.0,8.6,406.0,184.0,3.0,,,23,,Andy,Irving,Irving,has joined Sparta Prague permanently.,,156,0,0,0,4,0,0,0,0,0,0,2,22,,,,0.0,0.0,2.31,1.15,12.69,6,2,14
622,u,0.0,0.0,4.4,541,324.0,0,0.0,-1,1.0,0.1,563,207.0,0,0,0.0,658.0,255.0,0,0,0.0,601.0,218.0,0.0,0.0,0.0,1052,0,11769,18,0.0,0.0,0.0,0.0,0.0,0.0,0.0,0.0,0.0,0.0,0.0,650.0,247.0,0.0,647.0,252.0,0.0,621.0,240.0,0.0,651.0,248.0,,,,23,,Lewis,Orford,Orford,has joined Stevenage on loan for the rest of the season.,,0,0,0,0,0,0,0,0,0,0,0,0,0,,,,0.0,0.0,0.0,0.0,0.0,0,0,0
679,a,,,4.2,631,37.0,0,0.0,-3,3.0,0.2,365,53.0,9,0,2.2,294.0,26.0,0,27,0.0,549.0,81.0,0.0,2.1,0.0,15026,95,35900,144,0.0,0.0,0.0,0.01,0.01,5.44,0.0,0.0,0.0,1.36,84.8,337.0,28.0,0.0,606.0,77.0,0.0,575.0,63.0,8.5,407.0,28.0,,,,23,,Mads,Hermansen,Hermansen,,,360,0,0,1,11,0,0,0,0,0,9,4,34,,,,2.25,0.25,2.75,1.0,0.0,0,7,27
74,a,,,4.5,443,90.0,0,0.0,0,0.0,1.7,143,56.0,74,3,3.2,148.0,61.0,7,272,2.4,170.0,61.0,0.5,16.4,0.0,484572,3884,374588,5005,2.4,1.9,0.33,1.2,1.53,31.04,0.01,0.05,0.06,1.38,476.8,40.0,17.0,320.5,53.0,8.0,87.0,232.0,63.0,88.4,67.0,13.0,,,,23,,Adrien,Truffert,Truffert,,,2028,0,1,5,40,0,0,0,3,0,0,23,238,,,,0.0,0.22,1.78,1.02,8.34,66,122,110
75,d,25.0,25.0,3.8,792,251.0,0,0.0,-2,2.0,0.2,371,135.0,0,0,0.0,510.0,188.0,0,0,0.0,429.0,167.0,0.0,0.0,0.0,13760,47,31102,170,0.0,-0.1,0.0,0.0,0.0,0.0,0.0,0.0,0.0,0.0,0.0,501.0,188.0,0.0,490.0,187.0,0.0,452.0,178.0,0.0,501.0,187.0,,,,23,,Matai,Akinmboni,Akinmboni,Muscle injury - 25% chance of playing,,0,0,0,0,0,0,0,0,0,0,0,0,0,,,,0.0,0.0,0.0,0.0,0.0,0,0,0
77,a,,,3.9,747,218.0,0,0.0,-1,1.0,0.7,208,79.0,36,6,2.6,236.0,92.0,0,106,3.4,93.0,35.0,0.9,9.2,0.0,115344,13052,119278,2079,3.4,2.9,0.23,0.48,0.7,10.04,0.03,0.06,0.09,1.2,193.2,233.0,96.0,44.9,325.0,110.0,57.0,282.0,85.0,29.6,294.0,98.0,,,,23,,James,Hill,Hill,,,752,0,1,2,13,0,0,0,1,0,0,7,98,,,,0.0,0.24,1.56,0.84,10.65,16,73,19
78,u,0.0,0.0,3.8,781,240.0,0,0.0,-2,2.0,0.6,239,90.0,0,0,0.0,502.0,180.0,0,0,0.0,420.0,158.0,0.0,0.0,0.0,47440,0,125301,1123,0.0,0.0,0.0,0.0,0.0,0.0,0.0,0.0,0.0,0.0,0.0,493.0,180.0,0.0,482.0,179.0,0.0,444.0,170.0,0.0,493.0,179.0,,,,23,,Julián,Araujo Zúñiga,J.Araujo,has joined Celtic on loan for the rest of the season.,,0,0,0,0,0,0,0,0,0,0,0,0,0,,,,0.0,0.0,0.0,0.0,0.0,0,0,0
79,u,0.0,0.0,4.0,661,165.0,0,0.0,0,0.0,0.1,528,193.0,0,0,0.0,564.0,209.0,0,0,0.0,486.0,191.0,0.0,0.0,0.0,1400,0,16522,20,0.0,0.0,0.0,0.0,0.0,0.0,0.0,0.0,0.0,0.0,0.0,555.0,209.0,0.0,548.0,209.0,0.0,513.0,203.0,0.0,555.0,208.0,,,,23,,Chris,Mepham,Mepham,has joined West Bromwich Albion permanently.,,0,0,0,0,0,0,0,0,0,0,0,0,0,,,,0.0,0.0,0.0,0.0,0.0,0,0,0
177,u,0.0,0.0,4.5,447,268.0,0,0.0,0,0.0,0.0,681,284.0,0,0,0.0,695.0,280.0,0,0,0.0,645.0,248.0,0.0,0.0,0.0,490,0,5061,6,0.0,0.0,0.0,0.0,0.0,0.0,0.0,0.0,0.0,0.0,0.0,691.0,276.0,0.0,688.0,278.0,0.0,667.0,269.0,0.0,691.0,276.0,,,,23,,Andrew,Moran,Moran,Has joined Los Angeles FC on loan for the rest of the season.,,0,0,0,0,0,0,0,0,0,0,0,0,0,,,,0.0,0.0,0.0,0.0,0.0,0,0,0
178,a,100.0,100.0,6.2,71,23.0,0,0.0,-3,3.0,4.1,84,15.0,68,2,3.1,179.0,17.0,8,261,1.6,247.0,28.0,0.3,11.0,0.0,1917899,16218,1987647,14372,1.6,1.6,7.76,0.7,8.46,19.81,0.55,0.05,0.6,1.4,308.8,128.0,11.0,174.3,144.0,9.0,354.0,38.0,16.0,83.1,78.0,13.0,,2.0,2.0,23,,Danny,Welbeck,Welbeck,,,1276,8,0,3,20,0,0,2,4,0,0,14,57,,,,0.0,0.21,1.41,0.99,4.02,12,18,27
245,s,0.0,0.0,4.9,329,203.0,0,0.0,-1,1.0,0.0,731,311.0,0,0,0.0,759.0,328.0,0,0,0.0,723.0,306.0,0.0,0.0,0.0,881,16,1206,14,0.0,0.0,0.0,0.0,0.0,0.0,0.0,0.0,0.0,0.0,0.0,759.0,328.0,0.0,755.0,328.0,0.0,746.0,325.0,0.0,758.0,327.0,,,,23,,Mykhailo,Mudryk,Mudryk,Suspended - unknown return date,,0,0,0,0,0,0,0,0,0,0,0,0,0,,,,0.0,0.0,0.0,0.0,0.0,0,0,0
246,a,100.0,100.0,4.5,453,274.0,0,0.0,0,0.0,0.3,321,107.0,22,3,1.3,413.0,183.0,0,104,1.4,253.0,107.0,0.3,4.9,0.0,66369,589,74736,733,1.4,1.4,1.7,0.51,2.21,10.08,0.24,0.07,0.31,1.43,112.4,307.0,136.0,94.1,229.0,141.0,59.0,279.0,147.0,26.5,310.0,149.0,,,,23,,Andrey,Nascimento dos Santos,Andrey Santos,,,634,0,0,1,6,0,0,0,4,0,0,6,84,,,,0.0,0.14,0.85,0.85,11.92,20,32,32
247,i,0.0,0.0,4.3,589,342.0,0,0.0,-2,2.0,0.1,572,212.0,0,0,0.0,629.0,235.0,0,0,0.0,567.0,197.0,0.0,0.0,0.0,11053,33,13063,136,0.0,0.0,0.0,0.0,0.0,0.0,0.0,0.0,0.0,0.0,0.0,620.0,226.0,0.0,616.0,231.0,0.0,587.0,217.0,0.0,621.0,227.0,,,,23,,Dário,Luís Essugo,D.Essugo,Knock - Expected back 21 Feb,,0,0,0,0,0,0,0,0,0,0,0,0,0,,,,0.0,0.0,0.0,0.0,0.0,0,0,0
307,a,,,4.4,540,323.0,0,0.0,-1,1.0,0.0,598,229.0,0,0,0.0,657.0,254.0,0,0,0.0,600.0,217.0,0.0,0.0,0.0,4068,40,5765,60,0.0,0.0,0.0,0.0,0.0,0.0,0.0,0.0,0.0,0.0,0.0,649.0,246.0,0.0,646.0,251.0,0.0,620.0,239.0,0.0,650.0,247.0,,,,23,,Coby,Ebere,Ebere,,,0,0,0,0,0,0,0,0,0,0,0,0,0,,,,0.0,0.0,0.0,0.0,0.0,0,0,0
486,a,100.0,100.0,6.5,53,34.0,0,0.0,-5,5.0,2.6,113,36.0,29,1,1.5,398.0,178.0,0,99,0.4,363.0,165.0,0.1,4.5,0.0,545129,647,1170086,1180,-0.1,0.4,1.2,0.52,1.72,9.57,0.15,0.06,0.21,1.19,81.6,341.0,150.0,145.7,166.0,112.0,109.0,201.0,110.0,33.6,276.0,136.0,,,,23,,Anthony,Elanga,Elanga,,,725,0,1,2,15,0,0,0,0,0,0,7,26,,,,0.0,0.25,1.86,0.87,3.23,6,5,15
487,a,,,6.1,80,53.0,0,0.0,-4,4.0,1.6,146,48.0,70,2,3.2,162.0,68.0,8,233,4.6,42.0,16.0,0.8,11.5,0.0,671299,6459,541962,12706,4.1,4.6,4.88,1.89,6.77,12.78,0.39,0.15,0.54,1.03,277.8,160.0,62.0,256.9,87.0,64.0,441.0,24.0,12.0,97.4,54.0,36.0,,,,23,,Harvey,Barnes,Barnes,,,1122,5,0,4,14,0,0,0,0,0,0,11,61,,,,0.0,0.32,1.12,0.88,4.89,7,13,41
496,u,0.0,0.0,4.4,548,327.0,0,0.0,-1,1.0,0.0,624,245.0,0,0,0.0,663.0,257.0,0,0,0.0,606.0,220.0,0.0,0.0,0.0,2219,0,7316,10,0.0,0.0,0.0,0.0,0.0,0.0,0.0,0.0,0.0,0.0,0.0,656.0,250.0,0.0,652.0,254.0,0.0,627.0,243.0,0.0,657.0,251.0,,,,23,,Garang,Kuol,Kuol,has joined Sparta Prague permanently.,,0,0,0,0,0,0,0,0,0,0,0,0,0,,,,0.0,0.0,0.0,0.0,0.0,0,0,0
497,a,100.0,100.0,4.5,457,278.0,0,0.0,0,0.0,3.5,94,30.0,58,2,3.1,168.0,69.0,4,271,3.6,82.0,36.0,0.8,12.9,0.0,611156,7488,464778,16818,3.1,3.6,1.36,2.0,3.36,13.65,0.11,0.16,0.27,1.08,275.0,163.0,63.0,214.3,111.0,79.0,132.0,168.0,98.0,62.1,147.0,81.0,,,,23,,Lewis,Miley,L.Miley,,,1133,1,3,2,16,0,0,0,0,0,0,11,123,,,,0.0,0.16,1.27,0.87,9.77,24,42,57
514,a,100.0,100.0,3.8,772,232.0,0,0.0,-2,2.0,0.4,285,108.0,0,0,0.0,498.0,177.0,0,0,0.0,413.0,152.0,0.0,0.0,0.0,36763,708,58994,387,0.0,0.0,0.0,0.0,0.0,0.0,0.0,0.0,0.0,0.0,0.0,488.0,176.0,0.0,476.0,174.0,0.0,438.0,165.0,0.0,488.0,175.0,,,,23,,Willy,Boly,Boly,,,0,0,0,0,0,0,0,0,0,0,0,0,0,,,,0.0,0.0,0.0,0.0,0.0,0,0,0
715,i,0.0,0.0,4.0,660,46.0,0,0.0,0,0.0,0.4,271,37.0,11,0,2.2,290.0,24.0,0,32,0.4,332.0,22.0,0.1,2.8,0.0,65506,53,38702,1126,0.0,0.0,0.0,0.0,0.0,6.13,0.0,0.0,0.0,1.26,56.4,382.0,29.0,0.0,547.0,53.0,0.0,512.0,38.0,5.7,422.0,29.0,,,,23,,John Victor,Maciel Furtado,John,Knee injury - Unknown return date,,437,0,0,1,8,0,0,0,1,0,6,5,0,,,,1.24,0.21,1.65,1.03,0.0,0,4,26
716,a,,,4.5,446,91.0,0,0.0,0,0.0,0.1,455,169.0,39,0,2.8,212.0,82.0,0,131,0.2,382.0,143.0,0.0,8.7,0.0,46576,54,36691,715,0.2,0.2,1.34,0.45,1.79,15.04,0.12,0.04,0.16,1.32,216.6,203.0,82.0,123.2,190.0,48.0,94.0,223.0,58.0,43.5,226.0,78.0,,,,23,,Nicolò,Savona,Savona,,,1025,2,0,3,18,0,0,0,2,0,0,11,69,,,,0.0,0.26,1.58,0.97,5.0,20,37,27
729,a,100.0,0.0,4.5,466,93.0,0,0.0,0,0.0,0.0,802,263.0,0,0,0.0,707.0,255.0,0,0,0.0,658.0,250.0,0.0,0.0,0.0,30,5,42,1,0.0,0.0,0.0,0.0,0.0,0.0,0.0,0.0,0.0,0.0,0.0,705.0,255.0,0.0,701.0,255.0,0.0,682.0,254.0,0.0,705.0,255.0,,,,23,,Luis Eduardo,Soares da Silva,Cuiabano,,,0,0,0,0,0,0,0,0,0,0,0,0,0,,,,0.0,0.0,0.0,0.0,0.0,0,0,0
529,a,,,3.9,726,67.0,0,0.0,-1,1.0,0.4,278,38.0,0,0,0.0,519.0,35.0,0,0,0.0,440.0,29.0,0.0,0.0,0.0,16786,115,31350,273,0.0,0.0,0.0,0.0,0.0,0.0,0.0,0.0,0.0,0.0,0.0,510.0,35.0,0.0,501.0,22.0,0.0,464.0,7.0,0.0,510.0,35.0,,,,23,,Simon,Moore,Moore,,,0,0,0,0,0,0,0,0,0,0,0,0,0,,,,0.0,0.0,0.0,0.0,0.0,0,0,0
655,u,0.0,0.0,4.9,327,59.0,0,0.0,-1,1.0,0.2,390,60.0,0,0,0.0,758.0,82.0,0,0,0.0,722.0,72.0,0.0,0.0,0.0,7178,0,54975,46,0.0,0.0,0.0,0.0,0.0,0.0,0.0,0.0,0.0,0.0,0.0,758.0,82.0,0.0,754.0,81.0,0.0,745.0,81.0,0.0,757.0,82.0,,,,23,,Fábio,Soares Silva,Fábio Silva,has joined Borussia Dortmund permanently.,,0,0,0,0,0,0,0,0,0,0,0,0,0,,,,0.0,0.0,0.0,0.0,0.0,0,0,0
656,u,0.0,0.0,4.9,320,57.0,0,0.0,-1,1.0,0.0,579,77.0,1,0,1.0,470.0,55.0,0,1,0.0,717.0,71.0,0.0,0.2,0.0,1691,0,10050,16,0.0,0.0,0.0,0.01,0.01,0.1,0.0,0.06,0.06,0.64,1.0,478.0,58.0,4.3,428.0,53.0,2.0,431.0,57.0,0.7,467.0,57.0,,,,23,,Saša,Kalajdžić,Kalajdžić,has joined LASK on loan for the rest of the season.,,14,0,0,0,0,0,0,0,0,0,0,0,2,,,,0.0,0.0,0.0,0.0,12.86,0,1,1
657,i,0.0,0.0,4.4,554,79.0,0,0.0,-1,1.0,0.0,646,80.0,0,0,0.0,667.0,71.0,0,0,0.0,611.0,60.0,0.0,0.0,0.0,4360,32,6737,37,0.0,0.0,0.0,0.0,0.0,0.0,0.0,0.0,0.0,0.0,0.0,661.0,71.0,0.0,657.0,70.0,0.0,632.0,70.0,0.0,662.0,71.0,,,,23,,Leon,Chiwome,Chiwome,Knee injury - Unknown return date,,0,0,0,0,0,0,0,0,0,0,0,0,0,,,,0.0,0.0,0.0,0.0,0.0,0,0,0
658,a,,,4.2,636,87.0,0,0.0,-3,3.0,1.7,142,22.0,0,0,0.0,621.0,60.0,0,0,0.0,554.0,48.0,0.0,0.0,0.0,213111,6688,319999,2799,0.0,-0.5,0.0,0.0,0.0,0.0,0.0,0.0,0.0,0.0,0.0,613.0,60.0,0.0,608.0,59.0,0.0,577.0,59.0,0.0,614.0,60.0,,,,23,,Nathan,Fraser,Fraser,,,0,0,0,0,0,0,0,0,0,0,0,0,0,,,,0.0,0.0,0.0,0.0,0.0,0,0,0
663,a,,,4.9,315,195.0,0,0.0,-6,6.0,0.2,404,136.0,44,1,2.0,321.0,141.0,2,172,3.2,114.0,51.0,0.7,9.0,0.0,19049,137,78103,244,3.2,2.7,3.38,0.61,3.99,15.15,0.27,0.05,0.32,1.23,170.0,251.0,107.0,203.7,119.0,85.0,146.0,147.0,86.0,51.8,189.0,100.0,1.0,1.0,,23,,Jhon,Arias,J.Arias,,,1107,1,0,2,20,0,0,0,1,0,0,14,123,,,,0.0,0.16,1.63,1.14,10.0,42,24,57
682,a,,,4.3,592,139.0,0,0.0,-2,2.0,0.1,541,197.0,20,0,1.4,400.0,147.0,0,42,0.4,338.0,124.0,0.1,4.7,0.0,4161,13,8744,59,0.4,-0.1,0.13,0.97,1.1,13.31,0.02,0.12,0.14,1.7,113.4,306.0,117.0,101.8,219.0,60.0,44.0,304.0,96.0,26.1,313.0,107.0,,,,23,,David,Møller Wolfe,Møller Wolfe,,,703,0,2,0,18,0,0,0,1,0,0,8,37,,,,0.0,0.0,2.3,1.02,4.1,5,27,17
695,a,,,4.4,542,118.0,0,0.0,-1,1.0,0.0,641,223.0,36,0,1.6,376.0,140.0,0,96,2.8,140.0,52.0,0.6,8.2,0.0,5378,47,4958,69,2.8,2.3,0.26,0.97,1.23,16.44,0.02,0.07,0.09,1.2,210.2,213.0,87.0,223.3,104.0,24.0,36.0,318.0,101.0,47.0,210.0,69.0,,,,23,,Jackson,Tchatchoua,Tchatchoua,,,1236,0,0,2,25,0,0,0,2,0,0,12,101,,,,0.0,0.15,1.82,0.87,5.53,22,54,44
709,a,100.0,100.0,4.5,421,84.0,0,0.0,0,0.0,0.1,525,190.0,46,1,2.6,241.0,96.0,0,163,4.6,39.0,15.0,1.0,10.2,0.0,19221,472,13954,279,4.6,4.1,1.97,1.27,3.24,23.59,0.11,0.07,0.18,1.35,379.2,86.0,39.0,112.4,203.0,51.0,198.0,99.0,13.0,69.1,117.0,37.0,,,,23,,Ladislav,Krejcí,Krejčí,,,1570,2,1,2,32,1,0,0,2,0,0,18,144,,,,0.0,0.11,1.83,1.03,6.94,18,103,48
687,a,,,4.3,611,356.0,-1,1.0,-2,2.0,0.1,437,149.0,0,0,0.0,643.0,246.0,0,0,0.0,583.0,209.0,0.0,0.0,0.0,13668,495,15271,164,0.0,-0.5,0.0,0.0,0.0,0.0,0.0,0.0,0.0,0.0,0.0,634.0,237.0,0.0,631.0,242.0,0.0,604.0,230.0,0.0,635.0,238.0,,,,23,,Remy,Rees-Dottin,Rees-Dottin,,,0,0,0,0,0,0,0,0,0,0,0,0,0,,,,0.0,0.0,0.0,0.0,0.0,0,0,0
756,a,,,4.5,507,314.0,0,0.0,0,0.0,0.0,737,315.0,0,0,0.0,737.0,313.0,0,0,0.0,689.0,283.0,0.0,0.0,0.0,1259,16,774,33,0.0,-0.5,0.0,0.0,0.0,0.0,0.0,0.0,0.0,0.0,0.0,737.0,313.0,0.0,732.0,313.0,0.0,715.0,308.0,0.0,736.0,312.0,,,,23,,Malcom,DaCosta,DaCosta,,,0,0,0,0,0,0,0,0,0,0,0,0,0,,,,0.0,0.0,0.0,0.0,0.0,0,0,0
131,u,0.0,0.0,4.3,615,360.0,0,0.0,-2,2.0,0.2,382,131.0,0,0,0.0,646.0,249.0,0,0,0.0,586.0,212.0,0.0,0.0,0.0,38108,0,40611,662,0.0,0.0,0.0,0.0,0.0,0.0,0.0,0.0,0.0,0.0,0.0,637.0,240.0,0.0,634.0,245.0,0.0,607.0,233.0,0.0,638.0,241.0,,,,23,,Yunus Emre,Konak,Konak,has joined Oxford United on loan for the rest of the season.,,0,0,0,0,0,0,0,0,0,0,0,0,0,,,,0.0,0.0,0.0,0.0,0.0,0,0,0
132,u,0.0,100.0,4.5,415,250.0,0,0.0,0,0.0,0.0,644,261.0,0,0,0.0,678.0,265.0,0,0,0.0,623.0,230.0,0.0,0.0,0.0,4038,53,4528,104,0.0,0.0,0.0,0.0,0.0,0.0,0.0,0.0,0.0,0.0,0.0,673.0,260.0,0.0,669.0,263.0,0.0,645.0,253.0,0.0,674.0,261.0,,,,23,,Paris,Maghoma,Maghoma,has joined Norwich City permanently.,,0,0,0,0,0,0,0,0,0,0,0,0,0,,,,0.0,0.0,0.0,0.0,0.0,0,0,0
139,a,,,4.5,438,25.0,0,0.0,0,0.0,5.9,68,11.0,71,1,3.1,167.0,16.0,4,369,2.8,142.0,14.0,0.6,15.8,0.0,614733,9401,725972,13894,2.8,2.8,0.0,0.01,0.01,33.01,0.0,0.0,0.0,1.44,569.4,14.0,3.0,10.0,406.0,7.0,0.0,662.0,74.0,57.9,163.0,3.0,,,,23,,Bart,Verbruggen,Verbruggen,,,2070,0,0,5,31,1,1,0,3,0,64,23,102,,,,2.78,0.22,1.35,1.0,0.0,1,20,209
141,u,0.0,0.0,4.0,675,54.0,0,0.0,0,0.0,0.0,783,89.0,0,0,0.0,576.0,72.0,0,0,0.0,498.0,66.0,0.0,0.0,0.0,0,0,241,0,0.0,0.0,0.0,0.0,0.0,0.0,0.0,0.0,0.0,0.0,0.0,567.0,72.0,0.0,560.0,61.0,0.0,525.0,46.0,0.0,567.0,72.0,,,,23,,Carl,Rushworth,Rushworth,Has joined Coventry City on loan for the rest of the season.,,0,0,0,0,0,0,0,0,0,0,0,0,0,,,,0.0,0.0,0.0,0.0,0.0,0,0,0
243,a,,,4.8,372,234.0,0,0.0,-2,2.0,0.1,555,203.0,4,0,1.0,469.0,218.0,0,2,0.0,706.0,294.0,0.0,0.8,0.0,6222,39,8783,69,0.0,0.0,0.32,0.08,0.4,1.65,0.2,0.05,0.25,1.05,8.2,446.0,202.0,7.0,421.0,205.0,56.0,287.0,151.0,7.1,416.0,187.0,,,,23,,Tyrique,George,George,,,142,0,0,1,2,0,0,0,2,0,0,0,3,,,,0.0,0.63,1.27,0.0,1.9,2,0,1
743,a,,,4.5,492,304.0,0,0.0,0,0.0,0.0,718,305.0,0,0,0.0,727.0,305.0,0,0,0.0,679.0,275.0,0.0,0.0,0.0,1272,20,1118,36,0.0,0.0,0.0,0.0,0.0,0.0,0.0,0.0,0.0,0.0,0.0,727.0,305.0,0.0,722.0,305.0,0.0,704.0,299.0,0.0,726.0,304.0,,,,23,,Landon,Emenalo,Emenalo,,,0,0,0,0,0,0,0,0,0,0,0,0,0,,,,0.0,0.0,0.0,0.0,0.0,0,0,0
188,u,0.0,0.0,3.8,779,238.0,0,0.0,-2,2.0,0.2,345,126.0,0,0,0.0,501.0,179.0,0,0,0.0,419.0,157.0,0.0,0.0,0.0,26052,0,37733,562,0.0,0.0,0.0,0.0,0.0,0.0,0.0,0.0,0.0,0.0,0.0,492.0,179.0,0.0,481.0,178.0,0.0,443.0,169.0,0.0,492.0,178.0,,,,23,,Hannes,Delcroix,Delcroix,has joined Lugano permanently.,,0,0,0,0,0,0,0,0,0,0,0,0,0,,,,0.0,0.0,0.0,0.0,0.0,0,0,0
438,a,100.0,100.0,4.9,313,52.0,0,0.0,-1,1.0,0.2,378,137.0,18,1,1.8,352.0,134.0,2,96,0.2,398.0,146.0,0.0,3.7,0.0,27417,1013,49952,290,0.2,-0.8,0.02,0.23,0.24,3.93,0.0,0.05,0.05,0.8,106.6,314.0,122.0,51.1,311.0,103.0,14.0,371.0,132.0,17.1,360.0,127.0,,,,23,,Noussair,Mazraoui,Mazraoui,,,441,0,0,1,5,0,0,0,1,0,0,6,54,,,,0.0,0.2,1.02,1.22,8.57,13,29,23
439,a,,,4.2,643,156.0,0,0.0,-3,3.0,0.1,559,202.0,0,0,0.0,624.0,245.0,0,0,0.0,560.0,236.0,0.0,0.0,0.0,3016,21,8146,60,0.0,-1.0,0.0,0.0,0.0,0.0,0.0,0.0,0.0,0.0,0.0,616.0,246.0,0.0,611.0,245.0,0.0,581.0,243.0,0.0,617.0,246.0,,,,23,,Diego,León Blanco,D.Leon,,,0,0,0,0,0,0,0,0,0,0,0,0,0,,,,0.0,0.0,0.0,0.0,0.0,0,0,0
440,a,100.0,100.0,4.5,414,80.0,0,0.0,0,0.0,3.4,95,35.0,71,1,3.4,129.0,51.0,5,228,2.2,189.0,71.0,0.5,15.8,0.0,693621,10664,508307,23648,2.2,1.2,1.23,1.53,2.76,22.55,0.07,0.09,0.16,1.28,317.2,123.0,53.0,278.8,78.0,18.0,113.0,195.0,47.0,70.9,113.0,36.0,,,,23,,Diogo,Dalot Teixeira,Dalot,,,1584,1,5,4,28,0,0,0,3,0,0,18,127,,,,0.0,0.23,1.59,1.02,6.02,29,77,75
441,d,75.0,,4.4,558,119.0,1,-1.0,-1,1.0,9.8,45,15.0,74,8,3.4,128.0,50.0,8,261,6.2,9.0,4.0,1.4,16.8,0.0,1749039,251931,1247560,98807,4.7,5.2,1.86,1.42,3.28,18.78,0.13,0.1,0.23,1.27,402.4,73.0,33.0,354.1,43.0,4.0,262.0,69.0,3.0,101.9,45.0,4.0,,,,23,,Patrick,Dorgu,Dorgu,Muscle injury - 75% chance of playing,,1329,3,3,3,20,0,0,0,5,0,0,14,117,,,,0.0,0.2,1.35,0.95,6.43,47,48,72
442,a,100.0,100.0,4.3,564,121.0,0,0.0,-2,2.0,0.7,220,84.0,42,3,4.2,54.0,24.0,3,112,1.8,212.0,76.0,0.4,9.8,0.0,101466,19040,125974,1951,1.8,0.8,0.47,0.02,0.49,8.34,0.08,0.0,0.08,1.44,124.0,295.0,112.0,17.1,383.0,139.0,47.0,296.0,94.0,18.9,352.0,122.0,,,,23,,Harry,Maguire,Maguire,,,521,1,1,3,6,0,0,0,0,0,0,6,52,,,,0.0,0.52,1.04,1.04,7.08,3,38,20
52,a,100.0,100.0,5.3,192,120.0,0,0.0,-2,2.0,0.2,362,120.0,15,1,1.2,425.0,191.0,0,89,0.8,313.0,142.0,0.2,2.8,0.0,22975,201,72554,248,0.3,0.8,0.4,0.65,1.05,9.66,0.07,0.11,0.18,1.59,68.8,362.0,161.0,142.4,170.0,116.0,68.0,263.0,143.0,28.0,304.0,146.0,,,,23,,Jacob,Ramsey,J.Ramsey,,,547,0,0,0,12,0,0,0,2,0,0,4,68,,,,0.0,0.0,1.97,0.66,11.19,14,9,45
475,a,100.0,100.0,4.9,310,50.0,0,0.0,-1,1.0,0.4,286,109.0,44,3,3.4,132.0,53.0,4,178,2.4,174.0,62.0,0.5,9.0,0.0,69090,505,95556,396,1.9,2.4,0.3,0.27,0.57,10.93,0.03,0.03,0.06,1.12,244.6,184.0,74.0,47.6,320.0,107.0,73.0,255.0,72.0,36.5,263.0,89.0,,,,23,,Sven,Botman,Botman,,,880,0,1,4,13,1,0,0,1,0,0,10,116,,,,0.0,0.41,1.33,1.02,8.9,8,79,53
476,a,100.0,75.0,5.0,241,37.0,0,0.0,0,0.0,3.2,99,38.0,67,0,4.5,32.0,14.0,5,196,0.0,732.0,256.0,0.0,13.4,0.0,1463606,842,1632648,3860,-0.5,0.0,0.12,0.3,0.42,12.38,0.01,0.02,0.03,0.89,270.2,166.0,69.0,72.4,270.0,84.0,60.0,277.0,83.0,40.3,245.0,83.0,,,,23,,Dan,Burn,Burn,,,1255,0,3,6,17,0,0,0,3,1,0,15,157,,,,0.0,0.43,1.22,1.08,8.68,19,102,46
477,i,0.0,0.0,4.9,325,54.0,0,0.0,-1,1.0,2.0,130,49.0,49,0,3.8,88.0,33.0,3,218,0.4,351.0,130.0,0.1,10.0,0.0,1089433,23,1356594,4025,0.0,0.0,0.12,0.57,0.69,11.0,0.01,0.05,0.06,0.94,190.8,237.0,97.0,178.1,140.0,34.0,36.0,320.0,102.0,40.5,244.0,82.0,,,,23,,Tino,Livramento,Livramento,Hamstring injury - Unknown return date,,1048,0,1,5,10,0,0,0,1,0,0,11,86,,,,0.0,0.43,0.86,0.94,4.98,19,39,68
478,a,100.0,100.0,4.9,285,45.0,0,0.0,-1,1.0,1.3,164,62.0,37,1,3.4,131.0,52.0,2,157,1.4,254.0,97.0,0.3,7.6,0.0,231768,766,364637,631,0.9,1.4,0.05,1.45,1.5,8.96,0.01,0.15,0.16,0.92,145.2,273.0,108.0,285.4,73.0,14.0,5.0,409.0,153.0,43.4,228.0,79.0,2.0,2.0,,23,,Kieran,Trippier,Trippier,,,879,0,0,5,12,0,0,0,1,0,0,10,67,,,,0.0,0.51,1.23,1.02,3.89,12,26,44
542,u,0.0,0.0,4.0,694,183.0,0,0.0,0,0.0,0.1,487,176.0,2,0,1.0,435.0,160.0,0,11,0.0,515.0,205.0,0.0,0.5,0.0,3016,0,24883,31,0.0,0.0,0.0,0.01,0.01,1.33,0.0,0.01,0.01,0.9,33.6,408.0,155.0,2.4,437.0,161.0,0.0,541.0,216.0,3.6,438.0,159.0,,,,23,,Jenson,Seelt,Seelt,has joined Wolfsburg on loan for the rest of the season.,,133,0,0,0,2,0,0,0,0,0,0,1,18,,,,0.0,0.0,1.35,0.68,8.12,4,8,6
543,a,,,4.9,339,210.0,0,0.0,-6,6.0,0.4,264,89.0,34,0,2.4,270.0,114.0,3,81,1.0,290.0,129.0,0.2,6.9,0.0,90208,249,220702,798,1.0,1.0,0.35,0.62,0.97,11.3,0.05,0.09,0.14,1.57,81.4,342.0,151.0,116.8,200.0,131.0,75.0,253.0,138.0,27.0,307.0,148.0,,,,23,,Simon,Adingra,Adingra,,,649,1,1,4,8,0,0,0,2,0,0,9,45,,,,0.0,0.55,1.11,1.25,6.24,11,13,21
544,a,100.0,100.0,5.3,203,126.0,0,0.0,-2,2.0,0.0,608,233.0,13,0,2.2,299.0,130.0,0,26,0.0,767.0,338.0,0.0,2.5,0.0,6982,187,16271,80,0.0,0.0,0.54,0.09,0.63,4.69,0.12,0.02,0.14,1.01,19.6,431.0,192.0,34.9,343.0,180.0,47.0,297.0,154.0,9.5,399.0,182.0,,,1.0,23,,Habib,Diarra,Diarra,,,416,0,1,2,2,0,0,0,2,0,0,4,26,,,,0.0,0.43,0.43,0.87,5.62,4,9,13
545,u,0.0,0.0,5.4,159,99.0,0,0.0,-1,1.0,0.0,707,300.0,1,0,1.0,480.0,226.0,0,4,0.0,769.0,339.0,0.0,0.2,0.0,462,0,4064,2,0.0,0.0,0.03,0.02,0.05,0.66,0.1,0.07,0.17,2.2,1.8,471.0,218.0,7.3,418.0,204.0,5.0,410.0,202.0,1.4,460.0,212.0,,,,23,,Patrick,Roberts,Roberts,has joined Birmingham City on loan for the rest of the season.,,27,0,0,0,1,0,0,0,0,0,0,0,1,,,,0.0,0.0,3.33,0.0,3.33,0,0,1
599,a,,,4.3,587,81.0,0,0.0,-2,2.0,0.6,234,36.0,2,1,1.0,441.0,53.0,0,5,0.4,337.0,41.0,0.1,0.5,0.0,58556,881,100893,665,-0.1,0.4,0.0,0.01,0.01,0.03,0.0,0.13,0.13,0.39,1.0,477.0,57.0,4.1,429.0,54.0,2.0,425.0,56.0,0.7,466.0,56.0,,,,23,,Dane,Scarlett,Scarlett,,,7,0,0,0,0,0,0,0,0,0,0,0,1,,,,0.0,0.0,0.0,0.0,12.86,0,0,1
5,a,100.0,100.0,6.9,41,1.0,0,0.0,9,-9.0,37.4,5,2.0,121,1,7.1,2.0,1.0,18,391,7.8,1.0,1.0,1.1,17.5,0.0,7151208,114735,4961322,12302,8.8,8.8,1.7,0.78,2.48,10.0,0.11,0.05,0.16,0.62,476.6,41.0,18.0,78.8,257.0,76.0,165.0,126.0,22.0,71.9,108.0,33.0,,,,23,,Gabriel,dos Santos Magalhães,Gabriel,,,1445,3,2,10,10,0,0,0,1,0,0,16,151,,,,0.0,0.62,0.62,1.0,8.47,16,120,24
6,a,100.0,100.0,6.0,86,4.0,0,0.0,0,0.0,12.3,36,12.0,70,1,3.7,106.0,39.0,4,321,3.8,74.0,29.0,0.6,11.7,0.0,1480816,23815,1939796,13332,4.8,4.8,0.38,0.55,0.93,11.66,0.02,0.03,0.05,0.68,301.2,142.0,60.0,109.8,207.0,53.0,32.0,330.0,106.0,44.3,222.0,76.0,,,,23,,William,Saliba,Saliba,,,1534,0,0,8,12,0,0,0,0,0,0,18,133,,,,0.0,0.47,0.7,1.06,5.98,20,82,71
608,a,100.0,100.0,4.3,599,141.0,0,0.0,-2,2.0,0.0,606,218.0,19,5,2.1,304.0,116.0,0,79,3.0,124.0,46.0,0.7,4.4,0.0,4202,160,5573,123,3.0,3.0,0.18,0.31,0.49,12.13,0.03,0.04,0.07,1.75,126.0,293.0,111.0,60.6,294.0,96.0,22.0,351.0,118.0,20.9,338.0,116.0,,,,23,,Ollie,Scarles,Scarles,,,624,0,1,0,14,0,0,0,0,0,0,9,66,,,,0.0,0.0,2.02,1.3,9.38,27,38,33
609,a,100.0,100.0,4.3,580,134.0,0,0.0,-2,2.0,0.1,459,170.0,31,2,1.8,343.0,132.0,0,126,1.8,214.0,78.0,0.4,7.2,0.0,10782,117,16813,224,1.8,1.8,0.05,0.29,0.34,26.04,0.0,0.02,0.02,1.64,318.2,122.0,52.0,63.9,282.0,89.0,15.0,369.0,131.0,39.8,249.0,85.0,,,,23,,Jean-Clair,Todibo,Todibo,,,1431,0,1,0,30,0,0,0,4,0,0,17,141,,,,0.0,0.0,1.89,1.07,7.99,31,96,72
610,a,100.0,100.0,4.1,646,158.0,0,0.0,-4,4.0,3.9,89,31.0,31,2,2.2,292.0,112.0,0,86,1.2,264.0,98.0,0.3,7.6,0.0,130983,2779,2257913,2120,1.2,1.2,0.0,0.65,0.65,21.43,0.0,0.05,0.05,1.62,243.6,186.0,76.0,221.4,105.0,25.0,18.0,361.0,125.0,48.5,203.0,66.0,,,,23,,Aaron,Wan-Bissaka,Wan-Bissaka,,,1191,0,1,0,27,0,0,0,2,0,0,13,119,,,,0.0,0.0,2.04,0.98,7.93,18,87,35
614,a,,,5.6,125,78.0,0,0.0,-4,4.0,0.2,389,132.0,11,0,2.2,300.0,131.0,0,82,0.0,788.0,351.0,0.0,2.0,0.0,15376,203,45154,218,0.0,0.0,0.13,0.91,1.04,7.27,0.03,0.2,0.23,1.58,56.6,381.0,167.0,176.3,142.0,100.0,6.0,406.0,200.0,23.9,323.0,157.0,,3.0,3.0,23,,James,Ward-Prowse,Ward-Prowse,,,414,0,0,1,11,0,0,0,0,0,0,5,22,,,,0.0,0.22,2.39,1.09,4.78,4,9,9
13,a,,,3.8,798,257.0,0,0.0,-2,2.0,0.4,261,98.0,0,0,0.0,513.0,191.0,0,0,0.0,434.0,172.0,0.0,0.0,0.0,50194,234,73050,592,1.0,1.0,0.0,0.0,0.0,0.0,0.0,0.0,0.0,0.0,0.0,504.0,191.0,0.0,494.0,191.0,0.0,457.0,183.0,0.0,504.0,190.0,,,,23,,Brayden,Clarke,Clarke,,,0,0,0,0,0,0,0,0,0,0,0,0,0,,,,0.0,0.0,0.0,0.0,0.0,0,0,0
776,a,,,4.5,502,310.0,0,0.0,0,0.0,0.0,790,349.0,0,0,0.0,734.0,310.0,0,0,0.0,686.0,280.0,0.0,0.0,0.0,161,16,83,11,0.0,0.0,0.0,0.0,0.0,0.0,0.0,0.0,0.0,0.0,0.0,734.0,310.0,0.0,729.0,310.0,0.0,711.0,304.0,0.0,733.0,309.0,,,,23,,Oliver,Pimlott,Pimlott,,,0,0,0,0,0,0,0,0,0,0,0,0,0,,,,0.0,0.0,0.0,0.0,0.0,0,0,0
361,u,0.0,0.0,4.5,435,261.0,0,0.0,0,0.0,0.0,654,268.0,0,0,0.0,690.0,275.0,0,0,0.0,638.0,241.0,0.0,0.0,0.0,1165,0,8315,6,0.0,0.0,0.0,0.0,0.0,0.0,0.0,0.0,0.0,0.0,0.0,685.0,270.0,0.0,683.0,273.0,0.0,661.0,264.0,0.0,686.0,271.0,,,,23,,Darko,Gyabi,Gyabi,has joined Hull City permanently.,,0,0,0,0,0,0,0,0,0,0,0,0,0,,,,0.0,0.0,0.0,0.0,0.0,0,0,0
627,a,,,4.4,512,26.0,0,0.0,-1,1.0,0.1,420,64.0,21,0,1.8,345.0,27.0,0,117,0.0,587.0,84.0,0.0,4.8,0.0,18237,159,22210,208,0.0,-0.5,0.0,0.02,0.02,18.59,0.0,0.0,0.0,1.55,308.0,131.0,19.0,0.1,468.0,13.0,0.0,608.0,68.0,30.8,290.0,19.0,,,,23,,Sam,Johnstone,Johnstone,,,1080,0,0,0,24,1,0,0,0,0,39,12,71,,,,3.25,0.0,2.0,1.0,0.0,2,24,107
615,a,100.0,100.0,5.5,147,93.0,0,0.0,0,0.0,0.3,316,104.0,56,8,3.1,175.0,75.0,4,200,5.0,29.0,12.0,0.9,10.2,0.0,63478,12475,32469,1957,5.0,5.0,2.33,0.98,3.31,20.44,0.16,0.07,0.23,1.4,202.0,221.0,93.0,232.9,98.0,73.0,286.0,60.0,38.0,72.1,106.0,59.0,2.0,,,23,,Crysencio,Summerville,Summerville,,,1317,2,3,1,26,0,0,0,3,0,0,16,109,,,,0.0,0.07,1.78,1.09,7.45,22,29,58
616,u,0.0,0.0,4.9,307,191.0,0,0.0,-1,1.0,0.0,585,219.0,0,0,0.0,751.0,321.0,0,0,0.0,714.0,299.0,0.0,0.0,0.0,1147,0,16018,13,0.0,0.0,0.0,0.0,0.0,0.0,0.0,0.0,0.0,0.0,0.0,751.0,321.0,0.0,747.0,321.0,0.0,737.0,318.0,0.0,750.0,320.0,,,,23,,Edson,Álvarez Velázquez,Álvarez,Has joined Fenerbahçe on loan for the rest of the season.,,0,0,0,0,0,0,0,0,0,0,0,0,0,,,,0.0,0.0,0.0,0.0,0.0,0,0,0
617,u,0.0,0.0,4.9,288,177.0,0,0.0,-1,1.0,0.0,688,291.0,0,0,0.0,747.0,318.0,0,0,0.0,708.0,295.0,0.0,0.0,0.0,246,0,3197,7,0.0,0.0,0.0,0.0,0.0,0.0,0.0,0.0,0.0,0.0,0.0,747.0,318.0,0.0,743.0,318.0,0.0,732.0,314.0,0.0,746.0,317.0,,,,23,,Maxwel,Cornet,Cornet,has joined Genoa on loan for the rest of the season.,,0,0,0,0,0,0,0,0,0,0,0,0,0,,,,0.0,0.0,0.0,0.0,0.0,0,0,0
618,u,0.0,,4.8,353,222.0,0,0.0,-2,2.0,0.0,589,221.0,8,0,1.3,414.0,184.0,0,30,0.2,392.0,181.0,0.0,1.7,0.0,2295,33,5558,55,0.0,0.2,0.03,0.04,0.07,2.59,0.02,0.02,0.04,1.33,9.8,441.0,197.0,6.0,424.0,207.0,2.0,430.0,213.0,1.7,454.0,207.0,,,,23,,Guido,Rodríguez,G.Rodriguez,has joined Valencia on loan for the rest of the season.,,175,0,0,1,2,0,0,0,1,0,0,2,15,,,,0.0,0.51,1.03,1.03,7.71,1,4,10
