id,status,chance_of_playing_next_round,chance_of_playing_this_round,now_cost,now_cost_rank,now_cost_rank_type,cost_change_event,cost_change_event_fall,cost_change_start,cost_change_start_fall,selected_by_percent,selected_rank,selected_rank_type,total_points,event_points,points_per_game,points_per_game_rank,points_per_game_rank_type,bonus,bps,form,form_rank,form_rank_type,value_form,value_season,dreamteam_count,transfers_in,transfers_in_event,transfers_out,transfers_out_event,ep_next,ep_this,expected_goals,expected_assists,expected_goal_involvements,expected_goals_conceded,expected_goals_per_90,expected_assists_per_90,expected_goal_involvements_per_90,expected_goals_conceded_per_90,influence,influence_rank,influence_rank_type,creativity,creativity_rank,creativity_rank_type,threat,threat_rank,threat_rank_type,ict_index,ict_index_rank,ict_index_rank_type,corners_and_indirect_freekicks_order,direct_freekicks_order,penalties_order,gw,set_piece_threat,first_name,second_name,web_name,news,news_added,minutes,goals_scored,assists,clean_sheets,goals_conceded,own_goals,penalties_saved,penalties_missed,yellow_cards,red_cards,saves,starts,defensive_contribution,corners_and_indirect_freekicks_text,direct_freekicks_text,penalties_text,saves_per_90,clean_sheets_per_90,goals_conceded_per_90,starts_per_90,defensive_contribution_per_90,tackles,clearances_blocks_interceptions,recoveries
1,a,,,5.9,93,1.0,0,0.0,4,-4.0,33.2,7,1.0,99,6,4.1,61.0,4.0,4,392,4.0,50.0,2.0,0.7,16.8,0.0,3524469,8722,2012322,2712,5.0,5.0,0.0,0.05,0.05,16.63,0.0,0.0,0.0,0.69,340.8,112.0,16.0,20.3,378.0,3.0,0.0,797.0,93.0,36.2,266.0,16.0,,,,24,,David,Raya Martín,Raya,,,2160,0,0,12,17,0,0,0,1,0,33,24,94,,,,1.38,0.5,0.71,1.0,0.0,1,19,196
2,a,,,4.1,647,38.0,0,0.0,-4,4.0,0.4,273,36.0,0,0,0.0,618.0,83.0,0,0,0.0,540.0,77.0,0.0,0.0,0.0,13267,38,73685,59,1.0,1.0,0.0,0.0,0.0,0.0,0.0,0.0,0.0,0.0,0.0,609.0,83.0,0.0,602.0,72.0,0.0,570.0,57.0,0.0,611.0,83.0,,,,24,,Kepa,Arrizabalaga Revuelta,Arrizabalaga,,,0,0,0,0,0,0,0,0,0,0,0,0,0,,,,0.0,0.0,0.0,0.0,0.0,0,0,0
3,u,0.0,0.0,4.0,677,54.0,0,0.0,0,0.0,0.2,360,53.0,0,0,0.0,577.0,72.0,0,0,0.0,496.0,66.0,0.0,0.0,0.0,5545,0,47158,20,0.0,0.0,0.0,0.0,0.0,0.0,0.0,0.0,0.0,0.0,0.0,568.0,72.0,0.0,561.0,61.0,0.0,528.0,46.0,0.0,570.0,72.0,,,,24,,Karl,Hein,Hein,Has joined Werder Bremen on loan for the rest of the season.,,0,0,0,0,0,0,0,0,0,0,0,0,0,,,,0.0,0.0,0.0,0.0,0.0,0,0,0
4,a,,,3.9,766,89.0,0,0.0,-1,1.0,0.2,344,49.0,0,0,0.0,548.0,56.0,0,0,0.0,467.0,50.0,0.0,0.0,0.0,32362,25,29746,86,1.0,1.0,0.0,0.0,0.0,0.0,0.0,0.0,0.0,0.0,0.0,539.0,56.0,0.0,530.0,43.0,0.0,495.0,28.0,0.0,541.0,56.0,,,,24,,Tommy,Setford,Setford,,,0,0,0,0,0,0,0,0,0,0,0,0,0,,,,0.0,0.0,0.0,0.0,0.0,0,0,0
5,a,100.0,100.0,7.0,41,1.0,0,0.0,10,-10.0,39.0,3,1.0,129,8,7.2,1.0,1.0,18,421,6.4,6.0,1.0,0.9,18.4,0.0,7370368,20640,4976894,907,7.4,7.4,1.72,0.83,2.55,10.15,0.1,0.05,0.15,0.6,510.2,38.0,16.0,79.6,258.0,76.0,184.0,119.0,21.0,77.2,99.0,28.0,,,,24,,Gabriel,dos Santos Magalhães,Gabriel,,,1535,3,2,11,10,0,0,0,1,0,0,17,164,,,,0.0,0.64,0.59,1.0,8.74,18,131,26
6,a,100.0,100.0,6.0,87,4.0,0,0.0,0,0.0,12.4,33,11.0,76,6,3.8,98.0,36.0,4,342,4.6,27.0,7.0,0.8,12.7,0.0,1521811,7155,1972681,1224,5.6,5.6,0.38,0.57,0.95,11.81,0.02,0.03,0.05,0.65,311.4,138.0,61.0,112.9,205.0,51.0,32.0,331.0,106.0,45.6,226.0,78.0,,,,24,,William,Saliba,Saliba,,,1624,0,0,9,12,0,0,0,0,0,0,19,136,,,,0.0,0.5,0.67,1.05,5.82,20,85,73
7,a,100.0,100.0,5.6,133,14.0,0,0.0,1,-1.0,6.1,61,20.0,78,1,4.6,32.0,13.0,4,289,0.2,404.0,147.0,0.0,13.9,0.0,2547021,1108,2363441,1110,1.2,1.2,2.74,0.37,3.11,7.12,0.19,0.03,0.22,0.5,222.2,204.0,80.0,105.4,217.0,57.0,226.0,86.0,8.0,55.3,176.0,56.0,,,,24,,Riccardo,Calafiori,Calafiori,,,1271,1,2,9,7,0,0,0,5,0,0,16,125,,,,0.0,0.64,0.5,1.13,6.09,28,58,58
8,a,100.0,100.0,6.3,69,2.0,0,0.0,8,-8.0,28.0,12,3.0,115,5,5.0,15.0,6.0,7,409,4.0,51.0,19.0,0.6,18.3,0.0,5847460,13674,3055157,4712,5.0,5.0,4.3,1.09,5.39,12.42,0.2,0.05,0.25,0.59,387.4,85.0,39.0,298.2,68.0,15.0,332.0,46.0,1.0,102.1,47.0,6.0,,,,24,,Jurriën,Timber,J.Timber,,,1909,2,4,11,15,0,0,0,4,0,0,21,141,,,,0.0,0.52,0.71,0.99,5.23,50,61,73
9,u,0.0,0.0,5.4,173,20.0,0,0.0,-1,1.0,0.0,583,211.0,0,0,0.0,789.0,263.0,0,0,0.0,779.0,263.0,0.0,0.0,0.0,1119,0,10847,2,0.0,0.0,0.0,0.0,0.0,0.0,0.0,0.0,0.0,0.0,0.0,789.0,263.0,0.0,788.0,263.0,0.0,784.0,262.0,0.0,789.0,263.0,,,,24,,Jakub,Kiwior,Kiwior,has joined Porto on loan for the rest of the season.,,0,0,0,0,0,0,0,0,0,0,0,0,0,,,,0.0,0.0,0.0,0.0,0.0,0,0,0
10,a,,,5.1,238,36.0,0,0.0,-4,4.0,1.5,154,59.0,12,0,0.9,489.0,170.0,0,36,0.2,397.0,146.0,0.0,2.4,0.0,130579,146,454437,399,1.2,1.2,0.05,0.06,0.11,5.26,0.01,0.02,0.03,1.52,31.2,411.0,156.0,45.5,325.0,110.0,18.0,366.0,129.0,9.4,402.0,145.0,,,,24,,Myles,Lewis-Skelly,Lewis-Skelly,,,311,0,0,0,5,0,0,0,3,0,0,1,21,,,,0.0,0.0,1.45,0.29,4.05,4,10,14
11,a,100.0,100.0,5.1,227,31.0,0,0.0,-4,4.0,0.6,239,89.0,30,0,4.3,44.0,19.0,3,112,1.4,238.0,91.0,0.3,5.9,0.0,341554,208,385955,615,2.4,2.4,0.43,0.49,0.92,6.13,0.09,0.11,0.2,1.35,111.4,311.0,120.0,92.7,233.0,65.0,46.0,303.0,95.0,25.0,319.0,109.0,,,,24,,Benjamin,White,White,,,409,0,1,3,4,0,0,0,0,0,0,5,40,,,,0.0,0.66,0.88,1.1,7.92,13,23,18
13,a,,,3.8,801,256.0,0,0.0,-2,2.0,0.4,263,99.0,0,0,0.0,514.0,191.0,0,0,0.0,432.0,172.0,0.0,0.0,0.0,50505,45,73834,111,1.0,1.0,0.0,0.0,0.0,0.0,0.0,0.0,0.0,0.0,0.0,505.0,191.0,0.0,495.0,191.0,0.0,460.0,184.0,0.0,507.0,191.0,,,,24,,Brayden,Clarke,Clarke,,,0,0,0,0,0,0,0,0,0,0,0,0,0,,,,0.0,0.0,0.0,0.0,0.0,0,0,0
14,u,0.0,0.0,3.9,771,227.0,0,0.0,-1,1.0,0.1,476,172.0,0,0,0.0,553.0,203.0,0,0,0.0,472.0,185.0,0.0,0.0,0.0,10218,0,22335,3,0.0,0.0,0.0,0.0,0.0,0.0,0.0,0.0,0.0,0.0,0.0,544.0,203.0,0.0,535.0,203.0,0.0,500.0,196.0,0.0,546.0,203.0,,,,24,,Maldini,Kacurri,Kacurri,has joined Morecambe on loan for the rest of the season.,,0,0,0,0,0,0,0,0,0,0,0,0,0,,,,0.0,0.0,0.0,0.0,0.0,0,0,0
15,a,,,3.8,790,245.0,0,0.0,-2,2.0,0.2,386,141.0,0,0,0.0,508.0,185.0,0,0,0.0,424.0,164.0,0.0,0.0,0.0,17100,19,24838,29,1.0,1.0,0.0,0.0,0.0,0.0,0.0,0.0,0.0,0.0,0.0,499.0,185.0,0.0,487.0,183.0,0.0,451.0,175.0,0.0,501.0,185.0,,,,24,,Josh,Nichols,Nichols,,,0,0,0,0,0,0,0,0,0,0,0,0,0,,,,0.0,0.0,0.0,0.0,0.0,0,0,0
16,d,75.0,100.0,10.0,5,3.0,0,0.0,0,0.0,14.8,23,9.0,101,0,4.8,27.0,11.0,10,394,2.0,181.0,79.0,0.2,10.1,0.0,3967088,593,4043550,54030,2.2,3.0,5.58,5.11,10.69,9.95,0.33,0.3,0.63,0.58,421.2,66.0,20.0,628.1,7.0,7.0,564.0,11.0,4.0,161.4,6.0,4.0,2.0,,1.0,24,,Bukayo,Saka,Saka,Muscle injury - 75% chance of playing,,1543,4,7,8,12,0,0,0,1,0,0,17,118,,,,0.0,0.47,0.7,0.99,6.88,26,11,81
17,a,100.0,100.0,7.8,17,12.0,0,0.0,-2,2.0,2.2,121,41.0,57,4,3.2,166.0,72.0,5,233,3.8,60.0,26.0,0.5,7.3,0.0,369816,690,551073,2186,4.8,4.8,0.97,2.83,3.8,11.38,0.09,0.25,0.34,1.01,241.0,191.0,81.0,420.3,27.0,26.0,134.0,168.0,96.0,79.4,93.0,54.0,4.0,,3.0,24,,Martin,Ødegaard,Ødegaard,,,1012,1,5,4,10,0,0,0,0,0,0,13,76,,,,0.0,0.36,0.89,1.16,6.76,16,13,47
18,a,100.0,100.0,6.8,46,28.0,0,0.0,-2,2.0,0.7,222,75.0,33,11,2.2,304.0,134.0,2,119,3.2,95.0,42.0,0.5,4.9,0.0,214490,1745,284021,142,4.2,4.2,0.6,1.88,2.48,7.5,0.08,0.27,0.35,1.06,97.6,328.0,145.0,225.7,106.0,77.0,203.0,102.0,63.0,52.6,188.0,98.0,3.0,,,24,,Noni,Madueke,Madueke,,,636,0,2,4,6,0,0,0,0,0,0,8,33,,,,0.0,0.57,0.85,1.13,4.67,7,11,15
19,a,100.0,100.0,6.8,47,29.0,0,0.0,-2,2.0,0.9,197,66.0,33,4,1.8,362.0,161.0,1,108,2.0,178.0,77.0,0.3,4.9,0.0,143416,397,224865,201,3.0,3.0,2.68,0.52,3.2,5.59,0.42,0.08,0.5,0.88,100.8,322.0,143.0,85.6,245.0,149.0,224.0,87.0,54.0,40.5,249.0,122.0,,,,24,,Gabriel,Martinelli Silva,Martinelli,,,574,1,2,2,3,0,0,0,2,0,0,7,38,,,,0.0,0.31,0.47,1.1,5.96,7,7,24
20,a,100.0,100.0,6.8,44,26.0,0,0.0,-2,2.0,1.4,158,54.0,86,3,4.3,49.0,21.0,9,300,1.8,203.0,90.0,0.3,12.6,0.0,464544,845,349028,2120,2.8,2.8,4.26,2.21,6.47,8.94,0.29,0.15,0.44,0.61,348.0,102.0,34.0,352.9,45.0,40.0,359.0,38.0,22.0,106.2,37.0,27.0,,,4.0,24,,Leandro,Trossard,Trossard,,,1327,5,4,7,11,0,0,0,1,0,0,14,84,,,,0.0,0.47,0.75,0.95,5.7,16,18,50
21,a,100.0,100.0,7.5,21,15.0,1,-1.0,10,-10.0,32.2,9,2.0,129,3,5.6,8.0,5.0,18,553,5.4,16.0,8.0,0.7,17.2,0.0,5935869,17317,2993824,16407,6.4,6.4,2.89,5.09,7.98,13.16,0.13,0.23,0.36,0.6,613.0,11.0,2.0,730.4,3.0,3.0,245.0,74.0,46.0,159.0,7.0,5.0,1.0,1.0,,24,,Declan,Rice,Rice,,,1965,4,7,11,16,0,0,0,2,0,0,22,235,,,,0.0,0.5,0.73,1.01,10.76,41,84,110
22,a,,,5.5,141,87.0,0,0.0,-5,5.0,1.4,157,53.0,66,0,3.1,176.0,77.0,5,238,1.8,199.0,87.0,0.3,12.0,0.0,834566,482,762637,1829,2.8,2.8,2.99,1.45,4.44,6.59,0.27,0.13,0.4,0.6,304.4,144.0,49.0,187.0,136.0,96.0,237.0,78.0,49.0,72.6,111.0,61.0,,,,24,,Mikel,Merino Zazón,Merino,,,996,4,3,4,9,0,0,0,1,0,0,10,111,,,,0.0,0.36,0.81,0.9,10.03,26,30,55
23,u,0.0,0.0,5.4,172,107.0,0,0.0,-1,1.0,0.0,671,277.0,0,0,0.0,788.0,349.0,0,0,0.0,778.0,343.0,0.0,0.0,0.0,933,0,4398,0,0.0,0.0,0.0,0.0,0.0,0.0,0.0,0.0,0.0,0.0,0.0,788.0,349.0,0.0,787.0,349.0,0.0,783.0,348.0,0.0,788.0,349.0,,,,24,,Fábio,Ferreira Vieira,Fábio Vieira,has joined Hamburger on loan for the rest of the season.,,0,0,0,0,0,0,0,0,0,0,0,0,0,,,,0.0,0.0,0.0,0.0,0.0,0,0,0
24,a,100.0,100.0,5.1,225,138.0,0,0.0,-4,4.0,0.1,431,144.0,3,0,1.0,478.0,224.0,0,11,0.0,757.0,330.0,0.0,0.6,0.0,6743,30,60099,20,1.0,1.0,0.05,0.0,0.05,2.16,0.15,0.0,0.15,6.27,14.6,439.0,197.0,0.4,462.0,225.0,7.0,403.0,197.0,2.3,450.0,204.0,,,,24,,Christian,Nørgaard,Nørgaard,,,31,0,0,0,1,0,0,0,0,0,0,0,8,,,,0.0,0.0,2.9,0.0,23.23,0,5,3
25,u,0.0,0.0,5.0,270,163.0,0,0.0,-5,5.0,0.1,436,147.0,8,0,1.3,419.0,188.0,0,20,0.0,748.0,323.0,0.0,1.6,0.0,13149,0,35997,57,0.0,0.0,0.23,0.08,0.31,0.73,0.13,0.04,0.17,0.4,8.6,447.0,201.0,22.5,371.0,190.0,24.0,348.0,181.0,5.4,425.0,191.0,,,,24,,Ethan,Nwaneri,Nwaneri,has joined Marseille on loan for the rest of the season.,,165,0,0,1,0,0,0,0,0,0,0,0,13,,,,0.0,0.55,0.0,0.0,7.09,2,1,10
26,a,100.0,100.0,5.2,216,133.0,0,0.0,-3,3.0,2.2,119,40.0,92,11,3.8,93.0,42.0,8,416,4.6,25.0,13.0,0.9,17.7,0.0,756413,3893,789097,425,5.6,5.6,2.53,1.48,4.01,15.46,0.11,0.07,0.18,0.7,443.0,56.0,15.0,297.1,71.0,54.0,221.0,88.0,55.0,96.3,57.0,37.0,,,,24,,Martín,Zubimendi Ibáñez,Zubimendi,,,1995,4,1,12,15,0,0,0,4,0,0,23,205,,,,0.0,0.54,0.68,1.04,9.25,42,83,80
28,u,0.0,0.0,4.5,480,293.0,0,0.0,0,0.0,0.1,474,163.0,0,0,0.0,718.0,297.0,0,0,0.0,670.0,265.0,0.0,0.0,0.0,6731,0,30031,6,0.0,0.0,0.0,0.0,0.0,0.0,0.0,0.0,0.0,0.0,0.0,717.0,296.0,0.0,712.0,296.0,0.0,695.0,291.0,0.0,717.0,296.0,,,,24,,Ismeal,Kabia,Kabia,has joined Shrewsbury Town on loan for the rest of the season.,,0,0,0,0,0,0,0,0,0,0,0,0,0,,,,0.0,0.0,0.0,0.0,0.0,0,0,0
29,u,0.0,0.0,4.5,426,254.0,0,0.0,0,0.0,0.1,581,216.0,0,0,0.0,684.0,269.0,0,0,0.0,631.0,232.0,0.0,0.0,0.0,2952,0,13977,4,0.0,0.0,0.0,0.0,0.0,0.0,0.0,0.0,0.0,0.0,0.0,679.0,264.0,0.0,676.0,267.0,0.0,655.0,259.0,0.0,681.0,266.0,,,,24,,Albert,Sambi Lokonga,Sambi,has joined Hamburger permanently.,,0,0,0,0,0,0,0,0,0,0,0,0,0,,,,0.0,0.0,0.0,0.0,0.0,0,0,0
30,a,100.0,100.0,7.3,25,10.0,0,0.0,-2,2.0,0.4,267,43.0,3,2,1.5,401.0,47.0,0,15,0.4,362.0,43.0,0.1,0.4,0.0,26689,897,115171,264,1.4,1.4,0.0,0.02,0.02,0.94,0.0,0.02,0.02,0.94,10.4,442.0,51.0,11.5,398.0,51.0,4.0,422.0,56.0,2.6,448.0,53.0,,,,24,,Kai,Havertz,Havertz,,,90,0,0,1,0,0,0,0,0,0,0,1,7,,,,0.0,1.0,0.0,1.0,7.0,1,3,3
31,a,100.0,100.0,6.4,56,20.0,0,0.0,-1,1.0,0.5,254,41.0,16,5,1.8,361.0,41.0,0,68,1.8,201.0,25.0,0.3,2.5,0.0,93133,2972,46221,769,2.8,2.8,1.74,0.15,1.89,3.22,0.71,0.06,0.77,1.32,98.4,327.0,31.0,22.2,374.0,47.0,184.0,118.0,29.0,30.3,296.0,35.0,,,,24,,Gabriel,Fernando de Jesus,G.Jesus,,,220,2,0,0,5,0,0,0,1,0,0,1,21,,,,0.0,0.0,2.05,0.41,8.59,4,4,13
266,a,,,7.2,32,20.0,-1,1.0,-3,3.0,8.1,49,17.0,69,1,3.6,117.0,55.0,6,266,0.6,325.0,147.0,0.1,9.6,0.0,3230419,315,3614892,4145,1.6,1.6,2.54,1.67,4.21,6.43,0.22,0.14,0.36,0.55,258.4,180.0,73.0,177.0,144.0,99.0,287.0,63.0,39.0,72.2,113.0,62.0,,,,24,,Eberechi,Eze,Eze,,,1055,4,3,6,7,0,0,0,1,0,0,12,69,,,,0.0,0.51,0.6,1.02,5.89,12,14,43
662,a,100.0,100.0,5.3,203,27.0,0,0.0,-2,2.0,0.1,430,161.0,17,0,1.7,369.0,137.0,1,85,0.0,770.0,260.0,0.0,3.2,0.0,43006,52,50514,31,1.0,1.0,0.0,0.43,0.43,2.68,0.0,0.09,0.09,0.56,84.0,345.0,130.0,23.2,370.0,134.0,8.0,396.0,149.0,11.5,391.0,141.0,,,,24,,Cristhian,Mosquera,Mosquera,,,429,0,0,1,4,0,0,0,1,0,0,4,48,,,,0.0,0.21,0.84,0.84,7.34,11,24,17
666,a,100.0,100.0,8.7,9,5.0,0,0.0,-3,3.0,9.4,44,8.0,64,8,2.9,212.0,20.0,6,217,2.8,129.0,18.0,0.3,7.4,0.0,2673094,5261,4574840,1199,3.8,3.8,6.96,0.91,7.87,9.81,0.43,0.06,0.49,0.61,236.0,197.0,15.0,151.7,164.0,15.0,484.0,20.0,12.0,86.4,75.0,14.0,,,2.0,24,,Viktor,Gyökeres,Gyökeres,,,1452,6,0,10,7,0,0,0,3,0,0,18,54,,,,0.0,0.62,0.43,1.12,3.35,5,16,33
700,i,0.0,0.0,4.2,645,363.0,0,0.0,-3,3.0,0.4,283,93.0,5,0,2.5,252.0,110.0,0,13,0.0,556.0,189.0,0.0,1.2,0.0,143978,639,118530,274,0.0,0.0,0.14,0.02,0.16,0.12,0.47,0.07,0.54,0.4,1.0,479.0,222.0,0.8,453.0,219.0,26.0,338.0,177.0,2.8,444.0,202.0,,,,24,,Max,Dowman,Dowman,Ankle injury - Unknown return date,,27,0,1,0,0,0,0,0,0,0,0,0,3,,,,0.0,0.0,0.0,0.0,10.0,2,0,1
711,a,,,4.4,564,338.0,0,0.0,-1,1.0,0.0,697,295.0,0,0,0.0,673.0,263.0,0,0,0.0,616.0,225.0,0.0,0.0,0.0,1697,3,1588,6,1.0,1.0,0.0,0.0,0.0,0.0,0.0,0.0,0.0,0.0,0.0,668.0,258.0,0.0,663.0,261.0,0.0,640.0,252.0,0.0,670.0,260.0,,,,24,,Andre,Harriman-Annous,Harriman-Annous,,,0,0,0,0,0,0,0,0,0,0,0,0,0,,,,0.0,0.0,0.0,0.0,0.0,0,0,0
725,a,100.0,100.0,5.1,235,34.0,0,0.0,-4,4.0,0.6,224,86.0,41,6,2.9,204.0,82.0,2,166,1.6,218.0,83.0,0.3,8.0,0.0,462196,673,390194,230,2.6,2.6,0.0,0.76,0.76,10.01,0.0,0.07,0.07,0.88,209.6,220.0,89.0,62.6,286.0,93.0,24.0,349.0,117.0,29.5,300.0,100.0,,,,24,,Piero,Hincapié,Hincapie,,,1020,0,0,3,11,0,0,0,2,0,0,12,91,,,,0.0,0.26,0.97,1.06,8.03,22,69,39
759,a,,,4.0,718,201.0,0,0.0,0,0.0,0.0,696,239.0,0,0,0.0,610.0,236.0,0,0,0.0,532.0,221.0,0.0,0.0,0.0,968,10,736,14,1.0,1.0,0.0,0.0,0.0,0.0,0.0,0.0,0.0,0.0,0.0,601.0,236.0,0.0,594.0,236.0,0.0,562.0,232.0,0.0,603.0,236.0,,,,24,,Marli,Salmon,Salmon,,,0,0,0,0,0,0,0,0,0,0,0,0,0,,,,0.0,0.0,0.0,0.0,0.0,0,0,0
32,a,100.0,100.0,5.0,243,7.0,0,0.0,0,0.0,3.3,98,15.0,76,0,4.0,65.0,5.0,6,329,3.2,84.0,9.0,0.6,15.2,0.0,687145,2036,521581,574,3.2,3.2,0.0,0.04,0.04,25.01,0.0,0.0,0.0,1.35,424.8,64.0,13.0,3.0,436.0,12.0,0.0,756.0,85.0,42.8,237.0,12.0,,,,24,,Emiliano,Martínez Romero,Martinez,,,1665,0,0,5,17,0,1,0,1,0,55,19,78,,,,2.97,0.27,0.92,1.03,0.0,0,15,156
33,a,,,4.2,622,32.0,0,0.0,-3,3.0,0.4,271,35.0,11,0,2.2,293.0,24.0,0,51,0.4,332.0,22.0,0.1,2.6,0.0,82787,17,111584,45,0.4,0.4,0.0,0.0,0.0,8.53,0.0,0.0,0.0,1.9,92.8,336.0,27.0,0.0,604.0,74.0,0.0,573.0,59.0,9.3,403.0,27.0,,,,24,,Marco,Bizot,M.Bizot,,,405,0,0,1,8,0,0,0,2,0,13,4,23,,,,2.89,0.22,1.78,0.89,0.0,0,6,41
39,a,,,4.2,632,149.0,0,0.0,-3,3.0,0.5,246,93.0,25,0,1.5,389.0,142.0,0,138,2.0,170.0,60.0,0.5,6.0,0.0,56856,350,93779,118,2.0,2.0,0.68,1.24,1.92,15.13,0.07,0.13,0.2,1.6,164.2,255.0,104.0,181.9,139.0,33.0,118.0,194.0,44.0,46.7,219.0,72.0,5.0,,,24,,Ian,Maatsen,Maatsen,,,850,0,0,1,13,0,0,0,2,0,0,9,79,,,,0.0,0.11,1.38,0.95,7.09,24,43,54
40,a,100.0,100.0,4.3,571,125.0,0,0.0,-2,2.0,0.6,244,92.0,25,0,3.1,168.0,68.0,1,91,0.2,369.0,138.0,0.0,5.8,0.0,125331,157,188826,34,0.2,0.2,0.33,0.09,0.42,8.91,0.06,0.02,0.08,1.57,127.2,294.0,111.0,44.6,329.0,112.0,25.0,341.0,113.0,19.7,349.0,121.0,,,,24,,Tyrone,Mings,Mings,,,512,0,0,2,6,0,0,0,0,0,0,6,60,,,,0.0,0.35,1.05,1.05,7.73,2,42,16
46,u,0.0,0.0,4.0,708,192.0,0,0.0,0,0.0,0.1,453,167.0,0,0,0.0,602.0,229.0,0,0,0.0,524.0,214.0,0.0,0.0,0.0,4656,0,20670,7,0.0,0.0,0.0,0.0,0.0,0.0,0.0,0.0,0.0,0.0,0.0,593.0,229.0,0.0,586.0,229.0,0.0,554.0,225.0,0.0,595.0,229.0,,,,24,,Yasin,Özcan,Yasin,has joined Anderlecht on loan for the rest of the season.,,0,0,0,0,0,0,0,0,0,0,0,0,0,,,,0.0,0.0,0.0,0.0,0.0,0,0,0
47,a,100.0,100.0,7.7,19,14.0,0,0.0,7,-7.0,31.6,10,3.0,111,0,4.8,25.0,10.0,10,376,3.6,68.0,29.0,0.5,14.4,0.0,5246668,8663,2360808,10432,3.6,3.6,4.33,2.46,6.79,32.84,0.19,0.11,0.3,1.44,496.4,42.0,10.0,411.7,31.0,30.0,514.0,17.0,8.0,142.1,14.0,11.0,,,,24,,Morgan,Rogers,Rogers,,,2047,7,5,7,25,0,0,0,4,0,0,23,139,,,,0.0,0.31,1.1,1.01,6.11,25,30,84
48,i,0.0,0.0,5.9,94,59.0,0,0.0,-1,1.0,0.9,195,65.0,52,0,3.1,179.0,78.0,3,289,3.0,108.0,46.0,0.5,8.8,0.0,157975,4,317261,3005,0.0,0.0,0.97,2.53,3.5,23.03,0.07,0.18,0.25,1.6,317.2,132.0,45.0,401.3,33.0,31.0,147.0,151.0,86.0,86.6,74.0,46.0,3.0,,,24,,Youri,Tielemans,Tielemans,Ankle injury - Expected back 11 Apr,,1295,0,4,4,17,0,0,0,0,0,0,15,138,,,,0.0,0.28,1.18,1.04,9.59,38,33,67
49,a,100.0,100.0,5.5,142,88.0,0,0.0,0,0.0,0.1,503,178.0,1,0,1.0,484.0,229.0,0,4,0.2,402.0,186.0,0.0,0.2,0.0,3211,66,48430,8,0.2,0.2,0.02,0.03,0.05,0.25,0.06,0.09,0.15,0.73,5.0,457.0,208.0,1.9,441.0,212.0,7.0,404.0,198.0,1.4,463.0,214.0,,,,24,,Leon,Bailey,Bailey,,,31,0,0,0,0,0,0,0,0,0,0,0,7,,,,0.0,0.0,0.0,0.0,20.32,2,0,5
50,a,100.0,100.0,5.3,190,117.0,0,0.0,-2,2.0,0.5,249,84.0,71,0,3.4,138.0,62.0,8,236,3.2,88.0,39.0,0.6,13.4,0.0,189695,949,149541,225,3.2,3.2,2.16,1.18,3.34,15.58,0.21,0.11,0.32,1.5,300.8,149.0,54.0,227.6,105.0,76.0,226.0,84.0,52.0,75.5,103.0,57.0,,6.0,2.0,24,,Emiliano,Buendía Stati,Buendía,,,936,5,2,3,9,0,0,0,2,0,0,11,111,,,,0.0,0.29,0.87,1.06,10.67,29,19,63
51,u,0.0,0.0,5.5,150,94.0,0,0.0,0,0.0,0.0,673,278.0,0,0,0.0,795.0,354.0,0,0,0.0,788.0,351.0,0.0,0.0,0.0,1383,0,3757,1,0.0,0.0,0.0,0.0,0.0,0.0,0.0,0.0,0.0,0.0,0.0,795.0,354.0,0.0,794.0,354.0,0.0,791.0,353.0,0.0,795.0,354.0,,,,24,,Samuel,Iling-Junior,Iling Jr,has joined West Bromwich Albion on loan for the rest of the season,,0,0,0,0,0,0,0,0,0,0,0,0,0,,,,0.0,0.0,0.0,0.0,0.0,0,0,0
53,u,0.0,0.0,5.1,228,140.0,0,0.0,-4,4.0,0.5,259,87.0,55,0,2.6,246.0,106.0,3,161,0.4,349.0,155.0,0.1,10.8,0.0,172896,0,331004,375,0.0,0.0,4.03,0.35,4.38,10.59,0.57,0.05,0.62,1.49,183.4,244.0,104.0,99.7,226.0,140.0,290.0,60.0,36.0,56.3,173.0,94.0,,,,24,,Donyell,Malen,Malen,has joined Roma on loan for the rest of the season.,,640,4,2,1,10,0,0,0,0,0,0,5,16,,,,0.0,0.14,1.41,0.7,2.25,4,2,10
54,i,0.0,0.0,5.4,159,98.0,0,0.0,-1,1.0,0.7,215,74.0,71,0,3.2,163.0,70.0,4,289,3.8,56.0,23.0,0.7,13.1,0.0,207940,16,215243,1860,0.0,0.0,2.52,1.96,4.48,26.58,0.14,0.11,0.25,1.5,308.2,139.0,47.0,385.2,38.0,35.0,193.0,109.0,65.0,88.8,70.0,44.0,4.0,,,24,,John,McGinn,McGinn,Knee injury - Expected back 21 Mar,,1591,3,2,7,21,0,0,0,3,0,0,21,126,,,,0.0,0.4,1.19,1.19,7.13,27,29,70
55,d,75.0,75.0,4.8,349,218.0,0,0.0,-2,2.0,0.0,623,244.0,15,0,2.1,309.0,136.0,0,56,0.0,703.0,291.0,0.0,3.1,0.0,4419,1,11790,8,0.0,0.0,0.43,0.16,0.59,1.41,0.34,0.13,0.47,1.11,51.8,387.0,169.0,33.7,348.0,182.0,55.0,289.0,153.0,14.0,372.0,173.0,,,,24,,Ross,Barkley,Barkley,Lack of match fitness - 75% chance of playing,,114,1,1,0,0,0,0,0,0,0,0,0,15,,,,0.0,0.0,0.0,0.0,11.84,3,2,10
56,u,0.0,0.0,5.0,266,161.0,0,0.0,0,0.0,0.0,808,362.0,0,0,0.0,774.0,339.0,0,0,0.0,747.0,322.0,0.0,0.0,0.0,0,0,34,0,0.0,0.0,0.0,0.0,0.0,0.0,0.0,0.0,0.0,0.0,0.0,774.0,339.0,0.0,772.0,339.0,0.0,765.0,337.0,0.0,774.0,339.0,,,,24,,Enzo,Barrenechea,Barrenechea,Season-long loan to Benfica,,0,0,0,0,0,0,0,0,0,0,0,0,0,,,,0.0,0.0,0.0,0.0,0.0,0,0,0
57,u,0.0,0.0,5.0,259,158.0,0,0.0,0,0.0,0.0,655,268.0,0,0,0.0,770.0,336.0,0,0,0.0,743.0,319.0,0.0,0.0,0.0,889,0,5409,3,0.0,0.0,0.0,0.0,0.0,0.0,0.0,0.0,0.0,0.0,0.0,770.0,336.0,0.0,767.0,336.0,0.0,761.0,334.0,0.0,770.0,336.0,,,,24,,Lewis,Dobbin,Dobbin,Has joined Preston North End on loan for the rest of the season.,,0,0,0,0,0,0,0,0,0,0,0,0,0,,,,0.0,0.0,0.0,0.0,0.0,0,0,0
58,i,0.0,0.0,4.9,314,194.0,0,0.0,-1,1.0,0.3,332,112.0,61,0,3.4,136.0,61.0,7,282,1.4,236.0,99.0,0.3,12.4,0.0,111223,6,109114,416,0.0,0.0,0.53,0.84,1.36,20.8,0.03,0.05,0.08,1.33,325.0,120.0,42.0,241.3,99.0,74.0,75.0,254.0,137.0,64.2,145.0,80.0,,,,24,,Boubacar,Kamara,Kamara,Knee injury - Expected back 01 Jun,,1410,1,3,5,15,0,0,0,5,0,0,17,149,,,,0.0,0.32,0.96,1.09,9.51,38,46,65
59,a,100.0,100.0,4.8,365,227.0,0,0.0,-2,2.0,0.6,227,78.0,51,0,3.4,134.0,60.0,3,228,1.0,268.0,115.0,0.2,10.6,0.0,138837,318,262544,152,1.0,1.0,0.43,0.22,0.65,16.14,0.04,0.02,0.06,1.49,258.8,179.0,72.0,73.9,270.0,161.0,69.0,260.0,140.0,40.2,251.0,124.0,,,,24,,Amadou,Onana,Onana,,,974,2,0,4,11,0,0,0,2,0,0,12,130,,,,0.0,0.37,1.02,1.11,12.01,30,59,41
61,u,0.0,0.0,4.5,408,248.0,0,0.0,0,0.0,0.1,520,185.0,0,0,0.0,676.0,264.0,0,0,0.0,619.0,226.0,0.0,0.0,0.0,2169,0,33441,4,0.0,0.0,0.0,0.0,0.0,0.0,0.0,0.0,0.0,0.0,0.0,671.0,259.0,0.0,666.0,262.0,0.0,643.0,253.0,0.0,673.0,261.0,,,,24,,Leander,Dendoncker,Dendoncker,Has joined Real Oviedo permanently.,,0,0,0,0,0,0,0,0,0,0,0,0,0,,,,0.0,0.0,0.0,0.0,0.0,0,0,0
62,a,,,4.5,467,284.0,0,0.0,0,0.0,0.1,531,189.0,1,0,1.0,460.0,209.0,0,3,0.0,659.0,258.0,0.0,0.2,0.0,8482,44,9251,21,0.0,0.0,0.0,0.0,0.0,0.61,0.0,0.0,0.0,6.86,0.2,487.0,224.0,0.3,467.0,228.0,0.0,684.0,284.0,0.1,489.0,226.0,,,,24,,Jamaldeen,Jimoh-Aloba,Jimoh-Aloba,,,8,0,0,0,0,0,0,0,0,0,0,0,1,,,,0.0,0.0,0.0,0.0,11.25,0,0,1
63,a,,,4.3,603,349.0,0,0.0,-2,2.0,0.6,226,77.0,0,0,0.0,637.0,240.0,0,0,0.0,570.0,197.0,0.0,0.0,0.0,98143,378,112344,191,0.0,0.0,0.0,0.0,0.0,0.0,0.0,0.0,0.0,0.0,0.0,628.0,231.0,0.0,625.0,236.0,0.0,598.0,224.0,0.0,630.0,233.0,,,,24,,Kadan,Young,Young,,,0,0,0,0,0,0,0,0,0,0,0,0,0,,,,0.0,0.0,0.0,0.0,0.0,0,0,0
64,d,75.0,75.0,8.8,7,3.0,0,0.0,-2,2.0,11.7,35,6.0,91,0,4.0,76.0,7.0,11,336,3.8,62.0,9.0,0.4,10.3,0.0,2074295,855,3651010,28764,2.8,2.8,9.4,0.91,10.31,27.78,0.49,0.05,0.54,1.44,376.0,91.0,8.0,194.3,134.0,8.0,687.0,3.0,3.0,125.6,23.0,5.0,,,3.0,24,,Ollie,Watkins,Watkins,Hamstring injury - 75% chance of playing,,1741,8,2,7,22,0,0,0,1,0,0,20,63,,,,0.0,0.36,1.14,1.03,3.26,15,14,34
65,u,0.0,0.0,4.5,477,68.0,0,0.0,0,0.0,0.3,318,53.0,0,0,0.0,716.0,75.0,0,0,0.0,668.0,65.0,0.0,0.0,0.0,17574,0,84278,20,0.0,0.0,0.0,0.0,0.0,0.0,0.0,0.0,0.0,0.0,0.0,714.0,75.0,0.0,710.0,74.0,0.0,693.0,74.0,0.0,715.0,75.0,,,,24,,Zépiqueno,Redmond,Redmond,has joined Huddersfield Town on loan for the rest of the season.,,0,0,0,0,0,0,0,0,0,0,0,0,0,,,,0.0,0.0,0.0,0.0,0.0,0,0,0
389,a,100.0,100.0,5.1,234,144.0,0,0.0,-4,4.0,0.2,390,133.0,4,0,1.0,479.0,225.0,0,13,0.0,759.0,332.0,0.0,0.8,0.0,92867,89,101176,44,0.0,0.0,0.19,0.06,0.25,1.74,0.18,0.06,0.24,1.61,8.6,448.0,202.0,17.8,383.0,192.0,18.0,365.0,185.0,4.4,436.0,198.0,,,,24,,Harvey,Elliott,Elliott,,,97,0,0,0,2,0,0,0,0,0,0,1,5,,,,0.0,0.0,1.86,0.93,4.64,0,2,3
456,a,100.0,100.0,5.8,106,68.0,0,0.0,-2,2.0,0.2,363,120.0,15,0,1.2,427.0,192.0,0,49,1.0,279.0,125.0,0.2,2.6,0.0,40423,156,43652,76,1.0,1.0,0.38,0.6,0.98,6.03,0.1,0.15,0.25,1.51,41.0,399.0,175.0,88.0,238.0,146.0,109.0,204.0,110.0,24.0,324.0,157.0,,,,24,,Jadon,Sancho,Sancho,,,360,0,0,1,2,0,0,0,0,0,0,3,21,,,,0.0,0.25,0.5,0.75,5.25,2,8,11
677,a,100.0,100.0,6.2,77,50.0,0,0.0,-3,3.0,0.0,619,240.0,25,0,1.9,346.0,153.0,0,82,0.4,357.0,160.0,0.1,4.0,0.0,6978,49,12088,9,0.4,0.4,1.19,0.41,1.6,8.82,0.18,0.06,0.24,1.36,92.8,337.0,148.0,55.0,307.0,174.0,136.0,165.0,94.0,28.0,308.0,148.0,,,,24,,Evann,Guessand,Guessand,,,583,0,2,1,10,0,0,0,0,0,0,6,55,,,,0.0,0.15,1.54,0.93,8.49,18,10,27
688,a,,,3.9,756,82.0,0,0.0,-1,1.0,0.6,234,30.0,0,0,0.0,538.0,49.0,0,0,0.0,457.0,43.0,0.0,0.0,0.0,58442,57,40852,99,0.0,0.0,0.0,0.0,0.0,0.0,0.0,0.0,0.0,0.0,0.0,529.0,49.0,0.0,520.0,36.0,0.0,485.0,21.0,0.0,531.0,49.0,,,,24,,James,Wright,Wright,,,0,0,0,0,0,0,0,0,0,0,0,0,0,,,,0.0,0.0,0.0,0.0,0.0,0,0,0
699,a,100.0,100.0,4.9,316,195.0,0,0.0,-1,1.0,0.1,549,199.0,11,0,1.4,408.0,182.0,0,64,0.2,392.0,180.0,0.0,2.2,0.0,17315,143,15516,25,0.2,0.2,0.14,0.64,0.78,4.45,0.04,0.18,0.22,1.28,46.6,390.0,172.0,77.4,261.0,158.0,25.0,344.0,180.0,14.9,369.0,172.0,,,,24,,Douglas Luiz,Soares de Paulo,Douglas Luiz,,,314,0,1,0,7,0,0,0,2,0,0,5,39,,,,0.0,0.0,2.01,1.43,11.18,9,10,20
701,u,0.0,0.0,4.0,704,188.0,0,0.0,0,0.0,0.1,523,188.0,0,0,0.0,599.0,226.0,0,0,0.0,520.0,210.0,0.0,0.0,0.0,8943,0,10528,5,0.0,0.0,0.0,0.0,0.0,0.0,0.0,0.0,0.0,0.0,0.0,590.0,226.0,0.0,583.0,226.0,0.0,551.0,222.0,0.0,592.0,226.0,,,,24,,Triston,Rowe,Rowe,has joined Annecy on loan for the rest of the season.,,0,0,0,0,0,0,0,0,0,0,0,0,0,,,,0.0,0.0,0.0,0.0,0.0,0,0,0
702,a,,,4.4,563,337.0,0,0.0,-1,1.0,0.1,530,188.0,1,0,1.0,455.0,205.0,0,3,0.0,615.0,224.0,0.0,0.2,0.0,9202,7,8413,20,0.0,0.0,0.0,0.0,0.0,0.9,0.0,0.0,0.0,5.06,0.0,667.0,257.0,0.3,465.0,227.0,0.0,639.0,251.0,0.0,669.0,259.0,,,,24,,Bradley,Burrowes,Burrowes,,,16,0,0,0,1,0,0,0,0,0,0,0,1,,,,0.0,0.0,5.62,0.0,5.62,0,0,1
703,a,,,3.9,767,90.0,0,0.0,-1,1.0,0.6,236,31.0,0,0,0.0,549.0,57.0,0,0,0.0,468.0,51.0,0.0,0.0,0.0,82303,161,34639,169,0.0,0.0,0.0,0.0,0.0,0.0,0.0,0.0,0.0,0.0,0.0,540.0,57.0,0.0,531.0,44.0,0.0,496.0,29.0,0.0,542.0,57.0,,,,24,,Sam,Proctor,Proctor,,,0,0,0,0,0,0,0,0,0,0,0,0,0,,,,0.0,0.0,0.0,0.0,0.0,0,0,0
710,a,,,3.9,764,224.0,0,0.0,-1,1.0,0.2,369,134.0,0,0,0.0,546.0,200.0,0,0,0.0,465.0,182.0,0.0,0.0,0.0,32387,15,21226,24,0.0,0.0,0.0,0.0,0.0,0.0,0.0,0.0,0.0,0.0,0.0,537.0,200.0,0.0,528.0,200.0,0.0,493.0,193.0,0.0,539.0,200.0,,,,24,,Travis,Patterson,Patterson,,,0,0,0,0,0,0,0,0,0,0,0,0,0,,,,0.0,0.0,0.0,0.0,0.0,0,0,0
719,a,100.0,100.0,4.5,412,76.0,0,0.0,0,0.0,0.1,459,168.0,21,0,1.9,336.0,128.0,0,91,1.8,189.0,69.0,0.4,4.7,0.0,18374,76,10062,42,1.8,1.8,0.03,0.07,0.1,10.75,0.0,0.01,0.01,1.71,123.8,297.0,113.0,27.2,362.0,130.0,8.0,391.0,147.0,16.0,363.0,128.0,,,,24,,Victor,Lindelöf,Lindelöf,,,566,0,1,1,9,0,0,0,0,0,0,6,36,,,,0.0,0.16,1.43,0.95,5.72,4,32,13
754,a,,,4.5,478,291.0,0,0.0,0,0.0,0.0,754,324.0,2,0,1.0,463.0,212.0,0,5,0.2,381.0,172.0,0.0,0.4,0.0,712,5,442,5,0.2,0.2,0.04,0.01,0.05,0.61,0.14,0.04,0.18,2.2,0.0,715.0,294.0,1.7,443.0,214.0,2.0,433.0,214.0,0.3,482.0,223.0,,,,24,,George,Hemmings,George Hemmings,,,25,0,0,0,0,0,0,0,0,0,0,0,1,,,,0.0,0.0,0.0,0.0,3.6,0,0,1
757,a,,,4.0,694,61.0,0,0.0,0,0.0,0.0,716,83.0,0,0,0.0,590.0,79.0,0,0,0.0,510.0,73.0,0.0,0.0,0.0,1008,5,610,6,0.0,0.0,0.0,0.0,0.0,0.0,0.0,0.0,0.0,0.0,0.0,581.0,79.0,0.0,574.0,68.0,0.0,541.0,53.0,0.0,583.0,79.0,,,,24,,Ronnie,Hollingshead,Hollingshead,,,0,0,0,0,0,0,0,0,0,0,0,0,0,,,,0.0,0.0,0.0,0.0,0.0,0,0,0
768,a,,,4.0,726,209.0,0,0.0,0,0.0,0.0,727,248.0,0,0,0.0,617.0,243.0,0,0,0.0,539.0,228.0,0.0,0.0,0.0,406,6,281,7,0.0,0.0,0.0,0.0,0.0,0.0,0.0,0.0,0.0,0.0,0.0,608.0,243.0,0.0,601.0,243.0,0.0,569.0,239.0,0.0,610.0,243.0,,,,24,,Leon,Routh,Leon Routh,,,0,0,0,0,0,0,0,0,0,0,0,0,0,,,,0.0,0.0,0.0,0.0,0.0,0,0,0
781,a,,,4.0,720,203.0,0,0.0,0,0.0,0.0,752,256.0,0,0,0.0,612.0,238.0,0,0,0.0,534.0,223.0,0.0,0.0,0.0,287,14,124,9,0.0,0.0,0.0,0.0,0.0,0.0,0.0,0.0,0.0,0.0,0.0,603.0,238.0,0.0,596.0,238.0,0.0,564.0,234.0,0.0,605.0,238.0,,,,24,,TJ,Carroll,Carroll,,,0,0,0,0,0,0,0,0,0,0,0,0,0,,,,0.0,0.0,0.0,0.0,0.0,0,0,0
792,i,0.0,0.0,5.0,283,174.0,0,0.0,0,0.0,0.0,801,357.0,0,0,0.0,781.0,344.0,0,0,0.0,755.0,328.0,0.0,0.0,0.0,113,1,87,3,0.0,0.0,0.0,0.0,0.0,0.0,0.0,0.0,0.0,0.0,0.0,781.0,344.0,0.0,779.0,344.0,0.0,773.0,342.0,0.0,781.0,344.0,,,,24,,Alysson Edward Franco,da Rocha dos Santos,Alysson,Knock - Unknown return date,,0,0,0,0,0,0,0,0,0,0,0,0,0,,,,0.0,0.0,0.0,0.0,0.0,0,0,0
808,a,,,6.0,84,27.0,0,0.0,0,0.0,0.1,435,62.0,0,0,0.0,800.0,87.0,0,0,0.0,796.0,84.0,0.0,0.0,0.0,17785,1068,1798,106,2.1,2.1,0.0,0.0,0.0,0.0,0.0,0.0,0.0,0.0,0.0,800.0,87.0,0.0,800.0,87.0,0.0,800.0,87.0,0.0,800.0,87.0,,,,24,,Tammy,Abraham,Abraham,,,0,0,0,0,0,0,0,0,0,0,0,0,0,,,,0.0,0.0,0.0,0.0,0.0,0,0,0
183,a,,,4.3,600,30.0,0,0.0,-2,2.0,0.1,449,68.0,0,0,0.0,635.0,88.0,0,0,0.0,568.0,84.0,0.0,0.0,0.0,6473,20,16097,17,0.0,0.0,0.0,0.0,0.0,0.0,0.0,0.0,0.0,0.0,0.0,626.0,88.0,0.0,623.0,81.0,0.0,596.0,68.0,0.0,628.0,88.0,,,,24,,Max,Weiß,Weiss,,,0,0,0,0,0,0,0,0,0,0,0,0,0,,,,0.0,0.0,0.0,0.0,0.0,0,0,0
184,u,0.0,0.0,4.0,682,57.0,0,0.0,0,0.0,0.2,393,58.0,0,0,0.0,581.0,75.0,0,0,0.0,500.0,69.0,0.0,0.0,0.0,4943,0,33194,16,0.0,0.0,0.0,0.0,0.0,0.0,0.0,0.0,0.0,0.0,0.0,572.0,75.0,0.0,565.0,64.0,0.0,532.0,49.0,0.0,574.0,75.0,,,,24,,Etienne,Green,Green,has joined FC Fredericia permanently.,,0,0,0,0,0,0,0,0,0,0,0,0,0,,,,0.0,0.0,0.0,0.0,0.0,0,0,0
185,a,,,3.9,728,66.0,0,0.0,-1,1.0,0.2,397,59.0,0,0,0.0,520.0,34.0,0,0,0.0,438.0,28.0,0.0,0.0,0.0,13923,11,18869,26,0.0,0.0,0.0,0.0,0.0,0.0,0.0,0.0,0.0,0.0,0.0,511.0,34.0,0.0,501.0,20.0,0.0,466.0,5.0,0.0,513.0,34.0,,,,24,,Václav,Hladký,Hladký,,,0,0,0,0,0,0,0,0,0,0,0,0,0,,,,0.0,0.0,0.0,0.0,0.0,0,0,0
186,i,0.0,0.0,4.4,518,103.0,0,0.0,-1,1.0,0.0,645,225.0,0,0,0.0,651.0,249.0,0,0,0.0,589.0,241.0,0.0,0.0,0.0,1375,1,8943,7,0.0,0.0,0.0,0.0,0.0,0.0,0.0,0.0,0.0,0.0,0.0,642.0,249.0,0.0,639.0,249.0,0.0,614.0,247.0,0.0,644.0,249.0,,,,24,,Connor,Roberts,Roberts,Achilles injury - Unknown return date,,0,0,0,0,0,0,0,0,0,0,0,0,0,,,,0.0,0.0,0.0,0.0,0.0,0,0,0
187,a,100.0,100.0,4.4,512,98.0,0,0.0,-1,1.0,1.1,176,67.0,49,0,2.2,295.0,113.0,3,147,1.4,233.0,89.0,0.3,11.1,0.0,138373,264,247194,168,1.4,1.4,0.12,0.89,1.01,44.86,0.01,0.04,0.05,2.05,342.0,110.0,48.0,135.1,181.0,45.0,22.0,355.0,122.0,50.1,205.0,66.0,,,,24,,Kyle,Walker,Walker,,,1966,0,2,3,41,0,0,0,7,0,0,22,194,,,,0.0,0.14,1.88,1.01,6.45,34,107,102
188,u,0.0,0.0,3.8,782,237.0,0,0.0,-2,2.0,0.2,350,127.0,0,0,0.0,503.0,180.0,0,0,0.0,418.0,158.0,0.0,0.0,0.0,26052,0,38514,92,0.0,0.0,0.0,0.0,0.0,0.0,0.0,0.0,0.0,0.0,0.0,494.0,180.0,0.0,482.0,178.0,0.0,446.0,170.0,0.0,496.0,180.0,,,,24,,Hannes,Delcroix,Delcroix,has joined Lugano permanently.,,0,0,0,0,0,0,0,0,0,0,0,0,0,,,,0.0,0.0,0.0,0.0,0.0,0,0,0
189,u,0.0,0.0,4.0,674,170.0,0,0.0,0,0.0,0.0,706,242.0,0,0,0.0,574.0,213.0,0,0,0.0,493.0,195.0,0.0,0.0,0.0,0,0,2345,2,0.0,0.0,0.0,0.0,0.0,0.0,0.0,0.0,0.0,0.0,0.0,565.0,213.0,0.0,558.0,213.0,0.0,525.0,208.0,0.0,567.0,213.0,,,,24,,Owen,Dodgson,Dodgson,Has joined Stockport County on loan for the rest of the season.,,0,0,0,0,0,0,0,0,0,0,0,0,0,,,,0.0,0.0,0.0,0.0,0.0,0,0,0
190,a,,,3.9,755,221.0,0,0.0,-1,1.0,0.9,199,76.0,44,0,2.9,196.0,76.0,2,121,0.4,327.0,120.0,0.1,11.3,0.0,245517,28,191919,195,0.4,0.4,0.21,0.24,0.45,22.73,0.02,0.02,0.04,1.74,273.8,167.0,71.0,43.1,330.0,113.0,78.0,249.0,71.0,39.5,255.0,87.0,,,,24,,Hjalmar,Ekdal,Ekdal,,,1179,0,0,2,24,0,0,0,0,0,0,13,146,,,,0.0,0.15,1.83,0.99,10.08,19,113,31
191,a,100.0,100.0,3.9,754,220.0,0,0.0,-1,1.0,8.1,48,15.0,50,0,2.5,250.0,97.0,0,164,1.6,205.0,73.0,0.4,12.8,0.0,717715,860,1853344,852,1.6,1.6,0.41,0.46,0.87,41.4,0.02,0.02,0.04,2.19,408.2,73.0,31.0,68.4,278.0,89.0,64.0,272.0,80.0,54.3,183.0,60.0,,,,24,,Maxime,Estève,Estève,,,1699,0,0,2,40,2,0,0,0,0,0,20,215,,,,0.0,0.11,2.12,1.06,10.01,23,166,60
192,a,,,4.0,685,175.0,0,0.0,0,0.0,0.7,211,81.0,46,0,3.1,167.0,67.0,0,170,0.0,503.0,199.0,0.0,11.5,0.0,180927,92,163324,252,0.0,0.0,0.19,1.51,1.7,30.28,0.01,0.1,0.11,2.04,305.4,143.0,63.0,228.9,104.0,25.0,57.0,284.0,86.0,59.2,162.0,52.0,1.0,,,24,,Quilindschy,Hartman,Hartman,,,1337,0,5,2,28,0,0,0,1,0,0,15,124,,,,0.0,0.13,1.88,1.01,7.0,31,73,49
193,a,100.0,100.0,3.9,749,217.0,0,0.0,-1,1.0,0.1,433,162.0,23,0,3.3,141.0,54.0,1,99,2.6,132.0,43.0,0.7,5.9,0.0,14656,93,10425,59,2.6,2.6,0.16,0.1,0.26,12.03,0.03,0.02,0.05,2.05,137.4,284.0,109.0,21.3,377.0,136.0,24.0,346.0,115.0,18.2,357.0,125.0,,,,24,,Bashir,Humphreys,Humphreys,,,527,0,1,1,10,0,0,0,2,0,0,5,54,,,,0.0,0.17,1.71,0.85,9.22,11,43,18
194,i,0.0,0.0,3.9,745,214.0,0,0.0,-1,1.0,0.1,551,199.0,0,0,0.0,532.0,195.0,0,0,0.0,451.0,177.0,0.0,0.0,0.0,1586,3,15073,5,0.0,0.0,0.0,0.0,0.0,0.0,0.0,0.0,0.0,0.0,0.0,523.0,195.0,0.0,514.0,195.0,0.0,479.0,188.0,0.0,525.0,195.0,,,,24,,Jordan,Beyer,Jordan,Hamstring injury - Unknown return date,,0,0,0,0,0,0,0,0,0,0,0,0,0,,,,0.0,0.0,0.0,0.0,0.0,0,0,0
195,a,100.0,100.0,3.8,800,255.0,0,0.0,-2,2.0,0.3,322,120.0,14,0,1.6,374.0,139.0,0,55,1.4,228.0,85.0,0.4,3.7,0.0,39936,205,30350,68,1.4,1.4,0.3,0.72,1.02,15.27,0.04,0.1,0.14,2.02,111.6,310.0,119.0,101.1,224.0,61.0,51.0,295.0,93.0,26.3,314.0,107.0,,,,24,,Lucas,Pires Silva,Lucas Pires,,,681,0,0,1,14,0,0,0,0,1,0,8,49,,,,0.0,0.13,1.85,1.06,6.48,16,33,39
196,u,0.0,0.0,4.0,672,168.0,0,0.0,0,0.0,0.0,613,220.0,0,0,0.0,573.0,212.0,0,0,0.0,492.0,194.0,0.0,0.0,0.0,202,0,9576,5,0.0,0.0,0.0,0.0,0.0,0.0,0.0,0.0,0.0,0.0,0.0,564.0,212.0,0.0,557.0,212.0,0.0,524.0,207.0,0.0,566.0,212.0,,,,24,,Shurandy,Sambo,Sambo,Has joined Sparta Rotterdam on loan for the rest of the season.,,0,0,0,0,0,0,0,0,0,0,0,0,0,,,,0.0,0.0,0.0,0.0,0.0,0,0,0
197,a,,,3.8,794,249.0,0,0.0,-2,2.0,0.3,331,122.0,13,0,1.9,331.0,123.0,0,20,0.4,326.0,119.0,0.1,3.4,0.0,34589,12,24881,69,0.4,0.4,0.55,0.08,0.63,3.79,0.3,0.04,0.34,2.08,44.8,393.0,150.0,18.1,382.0,139.0,30.0,334.0,108.0,9.2,404.0,146.0,,,,24,,Oliver,Sonne,Sonne,,,164,1,0,0,4,0,0,0,0,0,0,1,10,,,,0.0,0.0,2.2,0.55,3.84,2,5,4
198,a,100.0,100.0,3.9,739,211.0,0,0.0,-1,1.0,1.0,184,73.0,29,0,2.9,194.0,74.0,0,84,2.2,156.0,56.0,0.6,7.4,0.0,135122,83,281586,71,2.2,2.2,0.61,0.11,0.72,24.2,0.06,0.01,0.07,2.46,221.0,205.0,81.0,8.9,415.0,151.0,52.0,293.0,91.0,28.4,304.0,103.0,,,,24,,Axel,Tuanzebe,Tuanzebe,,,886,1,0,1,20,0,0,0,1,0,0,10,101,,,,0.0,0.1,2.03,1.02,9.35,11,81,27
199,a,100.0,100.0,3.8,778,233.0,0,0.0,-2,2.0,0.1,414,153.0,7,0,1.2,424.0,153.0,0,19,0.0,415.0,155.0,0.0,1.8,0.0,17885,19,21677,13,0.0,0.0,0.0,0.02,0.02,3.95,0.0,0.01,0.01,2.31,42.4,395.0,151.0,0.8,452.0,166.0,2.0,423.0,157.0,4.6,434.0,157.0,,,,24,,Joe,Worrall,Worrall,,,154,0,0,0,3,0,0,0,0,0,0,1,24,,,,0.0,0.0,1.75,0.58,13.44,2,21,4
200,a,100.0,100.0,5.0,258,157.0,0,0.0,-5,5.0,1.9,139,45.0,73,0,3.3,147.0,65.0,5,286,2.4,147.0,62.0,0.5,14.6,0.0,1199588,268,1062279,547,2.4,2.4,2.86,1.51,4.37,32.45,0.18,0.09,0.27,2.04,342.6,107.0,36.0,271.8,82.0,60.0,308.0,53.0,31.0,92.2,63.0,43.0,2.0,,,24,,Jaidon,Anthony,Anthony,,,1431,5,2,3,29,0,0,0,3,0,0,17,134,,,,0.0,0.19,1.82,1.07,8.43,26,29,79
201,u,0.0,0.0,5.4,162,100.0,0,0.0,-1,1.0,0.0,693,293.0,0,0,0.0,785.0,347.0,0,0,0.0,774.0,341.0,0.0,0.0,0.0,1070,0,3120,0,0.0,0.0,0.0,0.0,0.0,0.0,0.0,0.0,0.0,0.0,0.0,785.0,347.0,0.0,784.0,347.0,0.0,780.0,346.0,0.0,785.0,347.0,,,,24,,Manuel,Benson Hedilazio,Benson,has joined Maccabi Haifa permanently.,,0,0,0,0,0,0,0,0,0,0,0,0,0,,,,0.0,0.0,0.0,0.0,0.0,0,0,0
202,a,100.0,100.0,5.3,189,116.0,0,0.0,-2,2.0,0.0,620,241.0,31,0,1.7,368.0,163.0,0,94,0.2,400.0,185.0,0.0,5.8,0.0,5474,3,8036,4,0.2,0.2,1.18,1.05,2.23,20.04,0.12,0.11,0.23,2.11,104.6,316.0,140.0,175.9,146.0,101.0,123.0,185.0,106.0,40.3,250.0,123.0,3.0,1.0,3.0,24,,Jacob,Bruun Larsen,Bruun Larsen,,,853,0,1,3,23,0,0,0,0,0,0,9,54,,,,0.0,0.32,2.43,0.95,5.7,11,16,27
203,a,,,4.7,391,244.0,0,0.0,-3,3.0,0.0,593,223.0,0,0,0.0,745.0,318.0,0,0,0.0,702.0,290.0,0.0,0.0,0.0,3512,18,6624,10,0.0,0.0,0.0,0.0,0.0,0.0,0.0,0.0,0.0,0.0,0.0,745.0,318.0,0.0,740.0,318.0,0.0,727.0,314.0,0.0,745.0,318.0,,,,24,,Enock,Agyei,Boateng,,,0,0,0,0,0,0,0,0,0,0,0,0,0,,,,0.0,0.0,0.0,0.0,0.0,0,0,0
204,u,0.0,0.0,4.9,321,198.0,0,0.0,-1,1.0,0.0,707,299.0,0,0,0.0,756.0,325.0,0,0,0.0,722.0,303.0,0.0,0.0,0.0,160,0,2069,1,0.0,0.0,0.0,0.0,0.0,0.0,0.0,0.0,0.0,0.0,0.0,756.0,325.0,0.0,752.0,325.0,0.0,744.0,323.0,0.0,756.0,325.0,,,,24,,Darko,Churlinov,Churlinov,has joined Kocaelispor  permanently.,,0,0,0,0,0,0,0,0,0,0,0,0,0,,,,0.0,0.0,0.0,0.0,0.0,0,0,0
205,i,0.0,0.0,4.9,297,183.0,0,0.0,-1,1.0,0.9,191,63.0,70,0,3.9,79.0,36.0,8,321,0.0,714.0,298.0,0.0,14.3,0.0,567993,2,524676,472,0.0,0.0,0.94,1.36,2.3,32.5,0.06,0.08,0.14,1.93,342.0,111.0,38.0,218.1,111.0,79.0,98.0,222.0,122.0,66.0,137.0,74.0,,,,24,,Josh,Cullen,Cullen,Knee injury - Expected back 30 Sep,,1513,2,2,3,29,1,0,0,2,0,0,18,173,,,,0.0,0.18,1.73,1.07,10.29,32,68,73
206,a,,,4.7,380,237.0,0,0.0,-3,3.0,0.1,458,156.0,32,0,2.5,258.0,111.0,2,121,3.4,74.0,30.0,0.7,6.8,0.0,17627,197,16980,56,3.4,3.4,0.81,1.49,2.3,12.15,0.13,0.23,0.36,1.92,136.0,287.0,128.0,208.8,122.0,87.0,129.0,178.0,101.0,47.2,215.0,109.0,,3.0,,24,,Marcus,Edwards,Edwards,,,571,1,2,1,8,0,0,0,0,0,0,5,35,,,,0.0,0.16,1.26,0.79,5.52,6,4,25
207,a,100.0,100.0,4.7,387,241.0,0,0.0,-3,3.0,0.1,475,164.0,24,0,1.5,394.0,174.0,0,94,0.4,339.0,149.0,0.1,5.1,0.0,13598,28,23098,21,0.4,0.4,0.29,0.77,1.06,13.27,0.06,0.15,0.21,2.61,60.4,379.0,166.0,128.5,187.0,123.0,35.0,323.0,169.0,22.4,333.0,161.0,,4.0,,24,,Hannibal,Mejbri,Hannibal,,,458,0,2,1,12,0,0,0,4,0,0,5,39,,,,0.0,0.2,2.36,0.98,7.66,10,5,24
208,u,0.0,0.0,5.0,265,160.0,0,0.0,0,0.0,0.0,721,306.0,0,0,0.0,773.0,338.0,0,0,0.0,746.0,321.0,0.0,0.0,0.0,68,0,3012,1,0.0,0.0,0.0,0.0,0.0,0.0,0.0,0.0,0.0,0.0,0.0,773.0,338.0,0.0,771.0,338.0,0.0,764.0,336.0,0.0,773.0,338.0,,,,24,,Luca,Koleosho,Koleosho,has joined Paris FC on loan for the rest of the season.,,0,0,0,0,0,0,0,0,0,0,0,0,0,,,,0.0,0.0,0.0,0.0,0.0,0,0,0
209,a,,,4.8,350,219.0,0,0.0,-2,2.0,0.0,600,230.0,42,0,2.1,310.0,137.0,1,173,1.2,253.0,109.0,0.3,8.8,0.0,5332,6,5401,12,1.2,1.2,0.43,0.24,0.67,25.22,0.04,0.02,0.06,2.1,216.4,208.0,89.0,81.6,255.0,154.0,68.0,261.0,141.0,36.7,263.0,129.0,,,,24,,Josh,Laurent,Laurent,,,1079,1,0,1,27,0,0,0,4,0,0,11,124,,,,0.0,0.08,2.25,0.92,10.34,29,59,36
210,a,,,4.9,333,206.0,0,0.0,-1,1.0,0.0,624,245.0,33,0,1.9,340.0,151.0,0,111,0.4,347.0,153.0,0.1,6.7,0.0,4626,5,5635,4,0.4,0.4,0.86,0.38,1.24,14.16,0.1,0.05,0.15,1.69,85.6,343.0,153.0,76.7,263.0,159.0,101.0,216.0,119.0,26.3,315.0,151.0,,2.0,,24,,Loum,Tchaouna,Tchaouna,,,753,1,1,2,11,0,0,0,1,0,0,9,45,,,,0.0,0.24,1.31,1.08,5.38,13,11,21
211,u,0.0,0.0,4.4,534,318.0,0,0.0,-1,1.0,1.5,153,50.0,0,0,0.0,655.0,251.0,0,0,0.0,596.0,211.0,0.0,0.0,0.0,62789,0,926072,119,0.0,0.0,0.0,0.0,0.0,0.0,0.0,0.0,0.0,0.0,0.0,646.0,242.0,0.0,643.0,247.0,0.0,618.0,236.0,0.0,648.0,244.0,,,,24,,Aaron,Ramsey,A.Ramsey,has joined Leicester City on loan for the rest of the season.,,0,0,0,0,0,0,0,0,0,0,0,0,0,,,,0.0,0.0,0.0,0.0,0.0,0,0,0
212,u,0.0,0.0,4.5,474,288.0,0,0.0,0,0.0,0.0,748,320.0,0,0,0.0,715.0,295.0,0,0,0.0,666.0,262.0,0.0,0.0,0.0,0,0,2737,1,0.0,0.0,0.0,0.0,0.0,0.0,0.0,0.0,0.0,0.0,0.0,713.0,293.0,0.0,709.0,294.0,0.0,691.0,288.0,0.0,714.0,294.0,,,,24,,Oluwaseun,Adewumi,Adewumi,Has joined Cercle Brugge on loan for the rest of the season.,,0,0,0,0,0,0,0,0,0,0,0,0,0,,,,0.0,0.0,0.0,0.0,0.0,0,0,0
213,u,0.0,0.0,4.5,462,281.0,0,0.0,0,0.0,0.0,597,227.0,1,0,1.0,458.0,207.0,0,2,0.2,379.0,170.0,0.0,0.2,0.0,7482,0,8379,31,0.0,0.0,0.0,0.0,0.0,0.05,0.0,0.0,0.0,0.5,0.0,703.0,287.0,0.5,456.0,221.0,0.0,680.0,281.0,0.0,704.0,288.0,,,,24,,Jaydon,Banel,Banel,has joined Derby County on loan for the rest of the season.,,9,0,0,0,0,0,0,0,0,0,0,0,0,,,,0.0,0.0,0.0,0.0,0.0,0,0,0
214,i,0.0,0.0,4.4,531,317.0,0,0.0,-1,1.0,0.1,546,197.0,4,0,1.0,449.0,199.0,0,10,0.0,594.0,210.0,0.0,0.9,0.0,11663,0,15053,23,0.0,0.0,0.0,0.0,0.0,0.46,0.0,0.0,0.0,2.18,0.6,483.0,223.0,0.4,460.0,223.0,2.0,431.0,212.0,0.3,481.0,222.0,,,,24,,Mike,Trésor Ndayishimiye,Trésor,Ankle injury - Unknown return date,,19,0,0,0,1,0,0,0,0,0,0,0,2,,,,0.0,0.0,4.74,0.0,9.47,0,0,2
215,a,100.0,100.0,5.3,196,46.0,0,0.0,-2,2.0,0.3,327,54.0,42,0,2.8,222.0,22.0,3,157,0.0,768.0,79.0,0.0,7.9,0.0,142801,102,137781,138,0.0,0.0,3.15,0.16,3.31,13.86,0.43,0.02,0.45,1.89,209.0,221.0,20.0,58.6,300.0,32.0,207.0,98.0,27.0,46.8,218.0,26.0,,,1.0,24,,Zian,Flemming,Flemming,,,660,5,0,2,10,0,0,0,3,0,0,8,31,,,,0.0,0.27,1.36,1.09,4.23,6,15,10
216,i,0.0,0.0,4.8,368,62.0,0,0.0,-2,2.0,0.0,664,83.0,0,0,0.0,748.0,80.0,0,0,0.0,708.0,70.0,0.0,0.0,0.0,1782,5,6033,6,0.0,0.0,0.0,0.0,0.0,0.0,0.0,0.0,0.0,0.0,0.0,748.0,80.0,0.0,743.0,79.0,0.0,733.0,79.0,0.0,748.0,80.0,,,,24,,Zeki,Amdouni,Amdouni,Knee injury - Expected back 25 Apr,,0,0,0,0,0,0,0,0,0,0,0,0,0,,,,0.0,0.0,0.0,0.0,0.0,0,0,0
217,a,100.0,100.0,4.9,324,59.0,0,0.0,-1,1.0,0.8,203,33.0,42,0,2.6,244.0,23.0,4,159,1.2,255.0,32.0,0.2,8.6,0.0,438839,252,428648,182,1.2,1.2,2.25,0.25,2.5,20.13,0.22,0.02,0.24,1.98,171.8,251.0,22.0,107.7,213.0,24.0,161.0,134.0,34.0,43.6,229.0,28.0,,,,24,,Lyle,Foster,Foster,,,917,3,1,3,20,0,0,0,3,0,0,11,54,,,,0.0,0.29,1.96,1.08,5.3,10,18,26
218,a,,,4.2,619,86.0,0,0.0,-3,3.0,1.4,159,26.0,1,0,1.0,442.0,53.0,0,3,-0.2,809.0,90.0,0.0,0.2,0.0,186149,489,305534,582,-0.2,-0.2,0.11,0.0,0.11,0.41,1.1,0.0,1.1,4.1,0.2,485.0,59.0,0.3,463.0,57.0,7.0,398.0,54.0,0.8,466.0,55.0,,,2.0,24,,Ashley,Barnes,Barnes,,,9,0,0,0,1,0,0,0,1,0,0,0,1,,,,0.0,0.0,10.0,0.0,10.0,0,0,1
219,u,0.0,0.0,4.4,521,74.0,0,0.0,-1,1.0,0.1,457,65.0,0,0,0.0,652.0,65.0,0,0,0.0,591.0,55.0,0.0,0.0,0.0,4151,0,40241,7,0.0,0.0,0.0,0.0,0.0,0.0,0.0,0.0,0.0,0.0,0.0,643.0,65.0,0.0,640.0,64.0,0.0,615.0,64.0,0.0,645.0,65.0,,,,24,,Michael,Obafemi,Obafemi,has joined Blackpool on loan for the rest of the season.,,0,0,0,0,0,0,0,0,0,0,0,0,0,,,,0.0,0.0,0.0,0.0,0.0,0,0,0
470,a,100.0,100.0,4.0,652,41.0,0,0.0,0,0.0,32.9,8,2.0,73,0,3.2,150.0,14.0,7,327,2.8,112.0,12.0,0.7,18.2,0.0,1566754,2721,1241692,1801,2.8,2.8,0.0,0.03,0.03,47.43,0.0,0.0,0.0,2.06,709.4,3.0,1.0,0.0,539.0,48.0,0.0,505.0,33.0,71.1,117.0,1.0,,,,24,,Martin,Dúbravka,Dúbravka,,,2070,0,0,3,44,0,0,0,0,0,94,23,96,,,,4.09,0.13,1.91,1.0,0.0,0,47,187
614,a,,,5.6,125,77.0,0,0.0,-4,4.0,0.2,385,130.0,11,0,2.2,302.0,133.0,0,82,0.0,791.0,352.0,0.0,2.0,0.0,16080,75,45457,31,0.0,0.0,0.13,0.91,1.04,7.27,0.03,0.2,0.23,1.58,56.6,383.0,168.0,176.3,145.0,100.0,6.0,407.0,200.0,23.9,325.0,158.0,,,,24,,James,Ward-Prowse,Ward-Prowse,,,414,0,0,1,11,0,0,0,0,0,0,5,22,,,,0.0,0.22,2.39,1.09,4.78,4,9,9
676,a,100.0,100.0,5.0,273,166.0,0,0.0,0,0.0,0.1,448,153.0,67,0,3.0,189.0,82.0,5,243,2.2,164.0,72.0,0.4,13.4,0.0,37511,42,32420,45,2.2,2.2,2.08,0.22,2.3,34.62,0.13,0.01,0.14,2.14,302.6,147.0,52.0,111.7,207.0,133.0,166.0,128.0,74.0,57.8,169.0,92.0,,,,24,,Lesley,Ugochukwu,Ugochukwu,,,1456,3,1,3,30,0,0,0,0,1,0,17,149,,,,0.0,0.19,1.85,1.05,9.21,37,43,69
680,a,100.0,100.0,5.2,214,49.0,0,0.0,-3,3.0,0.2,357,57.0,36,0,2.1,313.0,31.0,2,101,1.6,220.0,26.0,0.3,6.9,0.0,45328,72,48768,187,1.6,1.6,2.03,0.12,2.15,20.05,0.24,0.01,0.25,2.35,96.2,332.0,33.0,59.3,299.0,31.0,192.0,111.0,28.0,34.4,277.0,34.0,,,,24,,Armando,Broja,Broja,,,767,1,1,1,24,0,0,0,0,0,0,8,41,,,,0.0,0.12,2.82,0.94,4.81,6,11,24
722,a,,,5.0,250,152.0,0,0.0,0,0.0,0.0,603,231.0,61,0,3.2,159.0,68.0,0,255,3.2,85.0,36.0,0.6,12.2,0.0,13294,27,11016,16,3.2,3.2,0.55,0.35,0.9,34.19,0.03,0.02,0.05,2.09,303.0,146.0,51.0,160.4,154.0,105.0,42.0,310.0,161.0,50.8,203.0,105.0,,,,24,,Florentino Ibrain,Morris Luís,Florentino,,,1470,0,2,2,31,0,0,0,3,0,0,17,220,,,,0.0,0.12,1.9,1.04,13.47,70,72,78
776,a,,,4.5,503,310.0,0,0.0,0,0.0,0.0,795,351.0,0,0,0.0,736.0,311.0,0,0,0.0,690.0,281.0,0.0,0.0,0.0,177,3,102,3,0.0,0.0,0.0,0.0,0.0,0.0,0.0,0.0,0.0,0.0,0.0,736.0,311.0,0.0,731.0,311.0,0.0,714.0,306.0,0.0,736.0,311.0,,,,24,,Oliver,Pimlott,Pimlott,,,0,0,0,0,0,0,0,0,0,0,0,0,0,,,,0.0,0.0,0.0,0.0,0.0,0,0,0
784,a,,,4.5,510,316.0,0,0.0,0,0.0,0.0,797,353.0,0,0,0.0,741.0,316.0,0,0,0.0,695.0,286.0,0.0,0.0,0.0,216,2,139,2,0.0,0.0,0.0,0.0,0.0,0.0,0.0,0.0,0.0,0.0,0.0,741.0,316.0,0.0,736.0,316.0,0.0,720.0,312.0,0.0,741.0,316.0,,,,24,,George,Brierley,Brierley,,,0,0,0,0,0,0,0,0,0,0,0,0,0,,,,0.0,0.0,0.0,0.0,0.0,0,0,0
66,u,0.0,0.0,4.5,404,21.0,0,0.0,0,0.0,0.1,555,77.0,0,0,0.0,675.0,90.0,0,0,0.0,618.0,87.0,0.0,0.0,0.0,0,0,16344,6,0.0,0.0,0.0,0.0,0.0,0.0,0.0,0.0,0.0,0.0,0.0,670.0,90.0,0.0,665.0,83.0,0.0,642.0,71.0,0.0,672.0,90.0,,,,24,,Norberto,Murara Neto,Neto,Has joined Botafogo permanently.,,0,0,0,0,0,0,0,0,0,0,0,0,0,,,,0.0,0.0,0.0,0.0,0.0,0,0,0
67,a,,,4.5,432,24.0,0,0.0,0,0.0,4.3,82,14.0,70,10,2.9,199.0,18.0,3,280,3.0,99.0,11.0,0.7,15.6,0.0,806198,777,683403,703,3.0,3.0,0.0,0.0,0.0,34.78,0.0,0.0,0.0,1.45,516.8,30.0,8.0,0.0,681.0,86.0,0.0,660.0,74.0,51.9,194.0,9.0,,,,24,,Đorđe,Petrović,Petrović,,,2160,0,0,6,43,1,0,0,2,0,72,24,98,,,,3.0,0.25,1.79,1.0,0.0,0,46,190
68,i,0.0,0.0,4.0,671,51.0,0,0.0,0,0.0,0.8,204,26.0,0,0,0.0,572.0,69.0,0,0,0.0,491.0,63.0,0.0,0.0,0.0,47197,6,79618,177,0.0,0.0,0.0,0.0,0.0,0.0,0.0,0.0,0.0,0.0,0.0,563.0,69.0,0.0,556.0,58.0,0.0,523.0,43.0,0.0,565.0,69.0,,,,24,,Will,Dennis,Dennis,Ankle injury - Unknown return date,,0,0,0,0,0,0,0,0,0,0,0,0,0,,,,0.0,0.0,0.0,0.0,0.0,0,0,0
69,a,,,3.9,769,91.0,0,0.0,-1,1.0,0.2,341,48.0,0,0,0.0,551.0,58.0,0,0,0.0,470.0,52.0,0.0,0.0,0.0,17688,74,16407,46,0.0,0.0,0.0,0.0,0.0,0.0,0.0,0.0,0.0,0.0,0.0,542.0,58.0,0.0,533.0,45.0,0.0,498.0,30.0,0.0,544.0,58.0,,,,24,,Callan,McKenna,McKenna,,,0,0,0,0,0,0,0,0,0,0,0,0,0,,,,0.0,0.0,0.0,0.0,0.0,0,0,0
70,u,0.0,0.0,4.0,686,58.0,0,0.0,0,0.0,0.1,559,78.0,0,0,0.0,584.0,76.0,0,0,0.0,504.0,70.0,0.0,0.0,0.0,1107,0,10211,3,0.0,0.0,0.0,0.0,0.0,0.0,0.0,0.0,0.0,0.0,0.0,575.0,76.0,0.0,568.0,65.0,0.0,535.0,50.0,0.0,577.0,76.0,,,,24,,Alex,Paulsen,Paulsen,Has joined Lechia Gdansk on loan for the rest of the season.,,0,0,0,0,0,0,0,0,0,0,0,0,0,,,,0.0,0.0,0.0,0.0,0.0,0,0,0
71,u,0.0,0.0,5.0,263,42.0,0,0.0,0,0.0,0.0,660,229.0,0,0,0.0,772.0,260.0,0,0,0.0,745.0,258.0,0.0,0.0,0.0,0,0,8173,0,0.0,0.0,0.0,0.0,0.0,0.0,0.0,0.0,0.0,0.0,0.0,772.0,260.0,0.0,770.0,260.0,0.0,763.0,259.0,0.0,772.0,260.0,,,,24,,Illia,Zabarnyi,Zabarnyi,Has joined Paris Saint-Germain permanently.,,0,0,0,0,0,0,0,0,0,0,0,0,0,,,,0.0,0.0,0.0,0.0,0.0,0,0,0
72,a,100.0,100.0,4.8,359,61.0,0,0.0,3,-3.0,14.5,25,8.0,102,8,4.4,37.0,17.0,6,322,4.2,39.0,14.0,0.9,21.2,0.0,4337523,13183,2831635,1656,4.2,4.2,0.94,3.71,4.65,32.83,0.04,0.16,0.2,1.46,756.4,2.0,1.0,276.0,80.0,20.0,122.0,189.0,41.0,115.5,35.0,1.0,,,,24,,Marcos,Senesi Barón,Senesi,,,2028,0,4,6,42,0,0,0,7,0,0,23,335,,,,0.0,0.27,1.86,1.02,12.96,42,250,95
73,a,100.0,100.0,4.4,511,97.0,0,0.0,-1,1.0,0.2,379,138.0,27,6,2.1,308.0,117.0,0,75,1.4,232.0,88.0,0.3,6.1,0.0,23679,85,39408,25,1.4,1.4,0.0,0.11,0.11,12.42,0.0,0.01,0.01,1.55,82.6,349.0,132.0,32.2,352.0,123.0,18.0,363.0,127.0,13.3,376.0,134.0,,,,24,,Adam,Smith,Smith,,,721,0,1,3,15,0,0,0,2,0,0,10,44,,,,0.0,0.37,1.87,1.25,5.12,7,34,18
74,a,,,4.5,446,90.0,0,0.0,0,0.0,1.7,142,56.0,80,6,3.3,143.0,56.0,7,299,3.0,100.0,34.0,0.7,17.8,0.0,495519,885,381417,392,3.0,3.0,0.33,1.21,1.54,32.48,0.01,0.05,0.06,1.38,494.6,43.0,18.0,324.3,55.0,10.0,87.0,236.0,65.0,90.6,65.0,11.0,,,,24,,Adrien,Truffert,Truffert,,,2118,0,1,6,40,0,0,0,3,0,0,24,247,,,,0.0,0.25,1.7,1.02,8.37,69,128,115
75,d,25.0,25.0,3.8,795,250.0,0,0.0,-2,2.0,0.2,372,137.0,0,0,0.0,512.0,189.0,0,0,0.0,428.0,168.0,0.0,0.0,0.0,13818,10,31341,26,0.0,0.0,0.0,0.0,0.0,0.0,0.0,0.0,0.0,0.0,0.0,503.0,189.0,0.0,491.0,187.0,0.0,455.0,179.0,0.0,505.0,189.0,,,,24,,Matai,Akinmboni,Akinmboni,Muscle injury - 25% chance of playing,,0,0,0,0,0,0,0,0,0,0,0,0,0,,,,0.0,0.0,0.0,0.0,0.0,0,0,0
76,a,,,3.8,793,248.0,0,0.0,-2,2.0,0.2,391,142.0,0,0,0.0,511.0,188.0,0,0,0.0,427.0,167.0,0.0,0.0,0.0,12226,54,17369,41,0.0,0.0,0.0,0.0,0.0,0.0,0.0,0.0,0.0,0.0,0.0,502.0,188.0,0.0,490.0,186.0,0.0,454.0,178.0,0.0,504.0,188.0,,,,24,,Owen,Bevan,Bevan,,,0,0,0,0,0,0,0,0,0,0,0,0,0,,,,0.0,0.0,0.0,0.0,0.0,0,0,0
77,a,,,3.9,751,218.0,0,0.0,-1,1.0,1.1,177,68.0,43,7,2.9,195.0,75.0,0,129,4.2,38.0,13.0,1.1,11.0,0.0,173022,3124,127399,139,4.2,4.2,0.23,0.48,0.7,11.48,0.02,0.05,0.07,1.23,213.0,212.0,86.0,45.4,326.0,111.0,57.0,283.0,85.0,31.6,290.0,98.0,,,,24,,James,Hill,Hill,,,842,0,1,3,13,0,0,0,2,0,0,8,108,,,,0.0,0.32,1.39,0.86,10.58,17,82,22
78,u,0.0,0.0,3.8,784,239.0,0,0.0,-2,2.0,0.6,240,90.0,0,0,0.0,504.0,181.0,0,0,0.0,419.0,159.0,0.0,0.0,0.0,47440,0,126685,165,0.0,0.0,0.0,0.0,0.0,0.0,0.0,0.0,0.0,0.0,0.0,495.0,181.0,0.0,483.0,179.0,0.0,447.0,171.0,0.0,497.0,181.0,,,,24,,Julián,Araujo Zúñiga,J.Araujo,has joined Celtic on loan for the rest of the season.,,0,0,0,0,0,0,0,0,0,0,0,0,0,,,,0.0,0.0,0.0,0.0,0.0,0,0,0
79,u,0.0,0.0,4.0,664,165.0,0,0.0,0,0.0,0.1,529,193.0,0,0,0.0,565.0,209.0,0,0,0.0,484.0,191.0,0.0,0.0,0.0,1400,0,16543,3,0.0,0.0,0.0,0.0,0.0,0.0,0.0,0.0,0.0,0.0,0.0,556.0,209.0,0.0,549.0,209.0,0.0,516.0,204.0,0.0,558.0,209.0,,,,24,,Chris,Mepham,Mepham,has joined West Bromwich Albion permanently.,,0,0,0,0,0,0,0,0,0,0,0,0,0,,,,0.0,0.0,0.0,0.0,0.0,0,0,0
80,i,0.0,0.0,4.0,705,189.0,0,0.0,0,0.0,0.2,358,130.0,3,0,1.0,439.0,162.0,0,2,0.0,521.0,211.0,0.0,0.8,0.0,17191,5,30386,116,0.0,0.0,0.0,0.0,0.0,1.62,0.0,0.0,0.0,4.29,1.8,472.0,170.0,2.5,438.0,160.0,2.0,425.0,159.0,0.6,471.0,167.0,,,,24,,Julio,Soler Barreto,Soler,Knock - Unknown return date,,34,0,0,0,2,0,0,0,0,0,0,0,1,,,,0.0,0.0,5.29,0.0,2.65,1,0,4
81,i,0.0,0.0,7.0,40,24.0,0,0.0,0,0.0,0.7,223,76.0,40,0,2.2,305.0,135.0,3,147,0.4,361.0,164.0,0.1,5.7,0.0,189912,10,245182,273,0.0,0.0,2.24,1.54,3.78,16.78,0.22,0.15,0.37,1.65,146.6,275.0,119.0,304.1,65.0,49.0,128.0,180.0,103.0,57.8,170.0,93.0,4.0,2.0,1.0,24,,Justin,Kluivert,Kluivert,Knee injury - Expected back 09 May,,914,2,0,4,18,0,0,0,4,0,0,10,62,,,,0.0,0.39,1.77,0.98,6.11,10,8,44
84,i,0.0,0.0,5.4,164,102.0,0,0.0,-1,1.0,1.5,152,49.0,94,0,4.3,46.0,19.0,8,341,3.0,105.0,44.0,0.6,17.4,0.0,838863,32,736905,3453,0.0,0.0,5.12,2.43,7.55,27.43,0.26,0.12,0.38,1.4,421.0,67.0,21.0,439.9,24.0,23.0,330.0,47.0,28.0,119.3,30.0,23.0,2.0,1.0,4.0,24,,Marcus,Tavernier,Tavernier,Hamstring injury - Unknown return date,,1762,5,3,7,36,0,0,0,3,0,0,20,164,,,,0.0,0.36,1.84,1.02,8.38,27,44,93
85,i,0.0,0.0,4.9,300,186.0,0,0.0,-1,1.0,0.3,329,111.0,50,0,3.3,145.0,64.0,3,245,0.0,716.0,300.0,0.0,10.2,0.0,76815,1,91251,71,0.0,0.0,0.56,0.32,0.88,17.78,0.04,0.02,0.06,1.34,266.2,175.0,69.0,74.0,269.0,160.0,105.0,212.0,116.0,44.7,227.0,111.0,,,,24,,Tyler,Adams,Adams,Knee injury - Expected back 21 Feb,,1196,2,1,4,23,0,0,0,5,0,0,15,146,,,,0.0,0.3,1.73,1.13,10.99,35,50,61
86,d,50.0,25.0,5.0,244,149.0,0,0.0,0,0.0,0.2,387,131.0,43,0,2.3,283.0,121.0,4,169,1.2,257.0,110.0,0.2,8.6,0.0,70109,3,75597,104,0.6,0.3,4.41,2.79,7.2,13.34,0.43,0.27,0.7,1.29,191.6,239.0,100.0,297.7,69.0,52.0,379.0,33.0,18.0,85.4,76.0,47.0,5.0,3.0,,24,,David,Brooks,Brooks,Ankle injury - 50% chance of playing,,932,1,2,4,17,0,0,0,6,0,0,11,72,,,,0.0,0.39,1.64,1.06,6.95,15,14,43
87,a,100.0,100.0,4.9,292,180.0,0,0.0,-1,1.0,0.1,565,207.0,21,1,1.5,397.0,177.0,0,88,0.6,315.0,139.0,0.1,4.3,0.0,8095,35,14770,9,0.6,0.6,1.1,0.34,1.44,7.69,0.28,0.09,0.37,1.98,102.2,320.0,142.0,104.7,220.0,138.0,99.0,219.0,120.0,30.8,295.0,143.0,,,,24,,Ryan,Christie,Christie,,,350,1,1,0,9,0,0,0,1,0,0,1,43,,,,0.0,0.0,2.31,0.26,11.06,10,12,21
88,a,100.0,100.0,4.9,291,179.0,0,0.0,-1,1.0,0.0,586,218.0,33,3,2.4,269.0,115.0,0,163,3.6,65.0,28.0,0.7,6.7,0.0,8579,99,6040,33,3.6,3.6,0.07,0.32,0.39,12.3,0.01,0.04,0.05,1.44,188.6,242.0,102.0,148.7,169.0,113.0,12.0,376.0,189.0,35.2,273.0,134.0,,,,24,,Lewis,Cook,Cook,,,770,0,1,1,17,0,0,0,1,1,0,7,128,,,,0.0,0.12,1.99,0.82,14.96,23,52,53
89,u,0.0,0.0,4.9,294,182.0,0,0.0,-1,1.0,0.0,665,272.0,0,0,0.0,751.0,321.0,0,0,0.0,713.0,297.0,0.0,0.0,0.0,598,0,6599,0,0.0,0.0,0.0,0.0,0.0,0.0,0.0,0.0,0.0,0.0,0.0,751.0,321.0,0.0,747.0,321.0,0.0,738.0,319.0,0.0,751.0,321.0,,,,24,,Philip,Billing,Philip,Has joined Midtjylland permanently.,,0,0,0,0,0,0,0,0,0,0,0,0,0,,,,0.0,0.0,0.0,0.0,0.0,0,0,0
90,a,100.0,100.0,5.0,272,165.0,0,0.0,0,0.0,0.4,291,97.0,84,13,3.5,124.0,58.0,6,358,5.6,10.0,6.0,1.1,16.8,0.0,86489,2167,62006,143,5.6,5.6,2.29,1.2,3.49,27.15,0.12,0.06,0.18,1.46,335.6,116.0,39.0,224.1,107.0,78.0,185.0,116.0,68.0,74.0,105.0,58.0,1.0,,,24,,Alex,Scott,Scott,,,1678,2,2,6,31,0,0,0,2,0,0,21,218,,,,0.0,0.32,1.66,1.13,11.69,33,81,104
91,u,0.0,0.0,5.0,252,153.0,0,0.0,0,0.0,0.0,724,308.0,0,0,0.0,768.0,334.0,0,0,0.0,740.0,316.0,0.0,0.0,0.0,396,0,3876,1,0.0,0.0,0.0,0.0,0.0,0.0,0.0,0.0,0.0,0.0,0.0,768.0,334.0,0.0,765.0,334.0,0.0,759.0,332.0,0.0,768.0,334.0,,,,24,,Luis,Sinisterra Lucumí,Sinisterra,Has joined Cruzeiro on loan for the rest of the season.,,0,0,0,0,0,0,0,0,0,0,0,0,0,,,,0.0,0.0,0.0,0.0,0.0,0,0,0
92,a,100.0,100.0,4.5,428,256.0,0,0.0,0,0.0,0.1,538,191.0,0,0,0.0,686.0,271.0,0,0,0.0,633.0,234.0,0.0,0.0,0.0,4203,21,19155,6,0.0,0.0,0.0,0.0,0.0,0.0,0.0,0.0,0.0,0.0,0.0,681.0,266.0,0.0,678.0,269.0,0.0,657.0,261.0,0.0,683.0,268.0,,,,24,,Romain,Faivre,Faivre,,,0,0,0,0,0,0,0,0,0,0,0,0,0,,,,0.0,0.0,0.0,0.0,0.0,0,0,0
93,u,0.0,0.0,4.5,423,253.0,0,0.0,0,0.0,0.3,325,109.0,4,0,4.0,64.0,28.0,0,12,0.0,629.0,231.0,0.0,0.9,0.0,114900,0,164621,18,0.0,0.0,0.0,0.0,0.0,0.4,0.0,0.0,0.0,2.25,21.2,428.0,189.0,10.0,407.0,201.0,0.0,653.0,258.0,3.1,443.0,201.0,,,,24,,Hamed,Traorè,H.Traorè,has joined Marseille on loan for the rest of the season.,,16,0,1,0,2,0,0,0,0,0,0,0,4,,,,0.0,0.0,11.25,0.0,22.5,1,1,2
94,u,0.0,0.0,4.5,461,280.0,0,0.0,0,0.0,0.0,634,254.0,0,0,0.0,706.0,290.0,0,0,0.0,655.0,255.0,0.0,0.0,0.0,3895,0,8132,1,0.0,0.0,0.0,0.0,0.0,0.0,0.0,0.0,0.0,0.0,0.0,702.0,286.0,0.0,699.0,288.0,0.0,679.0,280.0,0.0,703.0,287.0,,,,24,,Dominic,Sadi,Sadi,has joined Novi Pazar on loan for the rest of the season.,,0,0,0,0,0,0,0,0,0,0,0,0,0,,,,0.0,0.0,0.0,0.0,0.0,0,0,0
95,u,0.0,0.0,4.4,545,327.0,0,0.0,-1,1.0,0.1,568,209.0,0,0,0.0,662.0,258.0,0,0,0.0,603.0,218.0,0.0,0.0,0.0,15405,0,21322,10,0.0,0.0,0.0,0.0,0.0,0.0,0.0,0.0,0.0,0.0,0.0,654.0,250.0,0.0,651.0,255.0,0.0,626.0,244.0,0.0,656.0,252.0,,,,24,,Zain,Silcott-Duberry,Silcott-Duberry,has joined Olympiakos permanently.,,0,0,0,0,0,0,0,0,0,0,0,0,0,,,,0.0,0.0,0.0,0.0,0.0,0,0,0
96,u,0.0,0.0,4.5,490,301.0,0,0.0,0,0.0,0.0,632,252.0,1,0,1.0,464.0,213.0,0,3,0.0,680.0,273.0,0.0,0.2,0.0,2964,0,9921,0,0.0,0.0,0.0,0.0,0.0,0.31,0.0,0.0,0.0,4.65,0.0,727.0,304.0,0.0,722.0,304.0,0.0,705.0,299.0,0.0,727.0,304.0,,,,24,,Ben,Winterburn,Winterburn,has joined Barnet on loan for the rest of the season.,,6,0,0,0,2,0,0,0,0,0,0,0,0,,,,0.0,0.0,30.0,0.0,0.0,0,0,0
97,a,100.0,100.0,7.1,35,14.0,0,0.0,1,-1.0,3.7,91,16.0,74,2,3.4,140.0,12.0,5,264,5.0,21.0,7.0,0.7,10.4,0.0,1021479,2824,830655,7458,5.0,5.0,6.66,0.8,7.46,22.46,0.36,0.04,0.4,1.21,236.6,196.0,14.0,242.5,98.0,3.0,520.0,16.0,9.0,99.6,52.0,11.0,,,,24,,Francisco Evanilson,de Lima Barbosa,Evanilson,,,1670,5,3,6,31,0,0,0,1,0,0,19,73,,,,0.0,0.32,1.67,1.02,3.93,7,21,45
98,a,100.0,100.0,5.4,161,41.0,0,0.0,-1,1.0,0.0,610,80.0,15,1,1.4,409.0,48.0,1,44,0.8,299.0,37.0,0.1,2.8,0.0,11221,48,9213,46,0.8,0.8,0.96,0.05,1.01,2.15,0.74,0.04,0.78,1.65,39.0,402.0,44.0,4.4,429.0,54.0,55.0,290.0,49.0,9.5,401.0,49.0,,,,24,,Enes,Ünal,Enes Ünal,,,117,1,0,0,2,0,0,0,1,0,0,0,6,,,,0.0,0.0,1.54,0.0,4.62,0,3,3
99,u,0.0,0.0,4.4,559,81.0,0,0.0,-1,1.0,0.1,424,61.0,0,0,0.0,672.0,72.0,0,0,0.0,614.0,62.0,0.0,0.0,0.0,22144,0,43905,10,0.0,0.0,0.0,0.0,0.0,0.0,0.0,0.0,0.0,0.0,0.0,666.0,72.0,0.0,662.0,71.0,0.0,638.0,71.0,0.0,668.0,72.0,,,,24,,Daniel,Adu-Adjei,Adu-Adjei,has joined HNK Rijeka permanently.,,0,0,0,0,0,0,0,0,0,0,0,0,0,,,,0.0,0.0,0.0,0.0,0.0,0,0,0
100,a,,,4.7,390,64.0,1,-1.0,2,-2.0,5.7,68,13.0,64,7,3.4,133.0,11.0,7,298,4.4,33.0,8.0,0.9,13.6,0.0,1423146,14377,872727,2040,4.4,4.4,3.73,0.41,4.14,11.93,0.43,0.05,0.48,1.39,312.6,135.0,12.0,117.9,202.0,21.0,294.0,58.0,21.0,72.5,112.0,16.0,,,,24,,Junior,Kroupi,Kroupi.Jr,,,772,8,0,4,16,0,0,0,3,0,0,10,56,,,,0.0,0.47,1.87,1.17,6.53,6,22,28
391,i,0.0,0.0,4.8,369,230.0,0,0.0,-2,2.0,0.0,631,251.0,7,0,1.8,353.0,158.0,0,22,0.0,709.0,294.0,0.0,1.5,0.0,4577,1,7968,9,0.0,0.0,0.09,0.09,0.18,2.66,0.15,0.15,0.3,4.52,21.2,429.0,190.0,14.0,392.0,195.0,11.0,378.0,191.0,4.7,433.0,196.0,,,,24,,Ben,Gannon-Doak,Gannon-Doak,Hamstring injury - Unknown return date,,53,0,1,0,1,0,0,0,0,0,0,0,3,,,,0.0,0.0,1.7,0.0,5.09,2,1,0
685,a,100.0,100.0,4.2,630,148.0,0,0.0,-3,3.0,0.3,314,117.0,46,1,2.6,240.0,94.0,2,164,0.6,308.0,114.0,0.1,11.0,0.0,96071,60,91070,102,0.6,0.6,0.02,0.19,0.21,22.47,0.0,0.01,0.01,1.59,267.0,173.0,73.0,54.3,308.0,102.0,22.0,352.0,119.0,34.4,276.0,91.0,,,,24,,Bafodé,Diakité,Diakité,,,1275,0,0,4,27,0,0,0,1,0,0,15,147,,,,0.0,0.28,1.91,1.06,8.26,20,97,48
687,a,,,4.3,614,358.0,0,0.0,-2,2.0,0.1,434,146.0,0,0,0.0,645.0,247.0,0,0,0.0,581.0,206.0,0.0,0.0,0.0,14636,184,15497,40,0.0,0.0,0.0,0.0,0.0,0.0,0.0,0.0,0.0,0.0,0.0,636.0,238.0,0.0,633.0,243.0,0.0,607.0,232.0,0.0,638.0,240.0,,,,24,,Remy,Rees-Dottin,Rees-Dottin,,,0,0,0,0,0,0,0,0,0,0,0,0,0,,,,0.0,0.0,0.0,0.0,0.0,0,0,0
697,a,,,5.4,177,109.0,0,0.0,-1,1.0,0.2,365,122.0,43,5,2.1,315.0,140.0,1,151,4.4,34.0,16.0,0.8,8.0,0.0,31572,892,10472,208,4.4,4.4,1.68,0.57,2.25,10.34,0.23,0.08,0.31,1.4,191.8,238.0,99.0,135.7,180.0,120.0,178.0,124.0,71.0,49.9,209.0,108.0,,6.0,,24,,Amine,Adli,Adli,,,664,2,2,2,12,0,0,0,2,0,0,6,84,,,,0.0,0.27,1.63,0.81,11.39,25,21,38
713,a,,,4.5,463,92.0,0,0.0,0,0.0,0.2,367,133.0,45,5,2.2,296.0,114.0,0,154,3.0,101.0,35.0,0.7,10.0,0.0,35079,553,13129,98,3.0,3.0,0.93,0.78,1.71,25.48,0.06,0.05,0.11,1.62,244.2,189.0,77.0,120.7,198.0,50.0,153.0,140.0,26.0,51.8,196.0,64.0,,,,24,,Álex,Jiménez Sánchez,A.Jimenez,,,1412,1,2,3,30,0,0,0,6,0,0,16,98,,,,0.0,0.19,1.91,1.02,5.29,35,48,72
721,a,100.0,100.0,4.4,562,119.0,0,0.0,-1,1.0,0.0,653,227.0,19,0,2.7,230.0,91.0,0,63,0.4,338.0,127.0,0.1,4.3,0.0,5963,9,5575,8,0.4,0.4,0.15,0.19,0.34,4.42,0.04,0.05,0.09,1.08,98.4,326.0,127.0,13.9,393.0,144.0,10.0,381.0,138.0,12.2,381.0,135.0,,,,24,,Veljko,Milosavljevic,Milosavljević,,,367,0,0,1,6,0,0,0,0,0,0,4,42,,,,0.0,0.25,1.47,0.98,9.56,5,34,13
756,a,,,4.5,508,314.0,0,0.0,0,0.0,0.0,739,316.0,0,0,0.0,739.0,314.0,0,0,0.0,693.0,284.0,0.0,0.0,0.0,1303,2,810,3,0.0,0.0,0.0,0.0,0.0,0.0,0.0,0.0,0.0,0.0,0.0,739.0,314.0,0.0,734.0,314.0,0.0,718.0,310.0,0.0,739.0,314.0,,,,24,,Malcom,DaCosta,DaCosta,,,0,0,0,0,0,0,0,0,0,0,0,0,0,,,,0.0,0.0,0.0,0.0,0.0,0,0,0
782,a,,,4.0,651,40.0,0,0.0,0,0.0,0.0,709,82.0,0,0,0.0,556.0,60.0,0,0,0.0,475.0,54.0,0.0,0.0,0.0,1360,29,312,12,0.0,0.0,0.0,0.0,0.0,0.0,0.0,0.0,0.0,0.0,0.0,547.0,60.0,0.0,538.0,47.0,0.0,504.0,32.0,0.0,549.0,60.0,,,,24,,Fraser,Forster,Forster,,,0,0,0,0,0,0,0,0,0,0,0,0,0,,,,0.0,0.0,0.0,0.0,0.0,0,0,0
799,a,,,4.5,505,311.0,0,0.0,0,0.0,0.0,798,354.0,0,0,0.0,737.0,312.0,0,0,0.0,691.0,282.0,0.0,0.0,0.0,136,4,26,1,0.0,0.0,0.0,0.0,0.0,0.0,0.0,0.0,0.0,0.0,0.0,737.0,312.0,0.0,732.0,312.0,0.0,715.0,307.0,0.0,737.0,312.0,,,,24,,Charlie,Stevens,Stevens,,,0,0,0,0,0,0,0,0,0,0,0,0,0,,,,0.0,0.0,0.0,0.0,0.0,0,0,0
801,a,,,5.0,281,173.0,0,0.0,0,0.0,0.0,758,328.0,2,1,1.0,477.0,223.0,0,7,1.0,273.0,120.0,0.2,0.4,0.0,614,8,86,9,1.0,1.0,0.06,0.0,0.06,0.4,0.6,0.0,0.6,4.0,1.2,478.0,221.0,0.4,461.0,224.0,4.0,419.0,208.0,0.5,473.0,218.0,,,,24,,Alex,Tóth,Tóth.A,,,9,0,0,0,0,0,0,0,0,0,0,0,5,,,,0.0,0.0,0.0,0.0,50.0,1,1,3
806,a,,,4.0,669,50.0,0,0.0,0,0.0,0.0,791,92.0,0,0,0.0,570.0,68.0,0,0,0.0,489.0,62.0,0.0,0.0,0.0,180,10,25,0,1.4,1.4,0.0,0.0,0.0,0.0,0.0,0.0,0.0,0.0,0.0,561.0,68.0,0.0,554.0,57.0,0.0,521.0,42.0,0.0,563.0,68.0,,,,24,,Christos,Mandas,Mandas,,,0,0,0,0,0,0,0,0,0,0,0,0,0,,,,0.0,0.0,0.0,0.0,0.0,0,0,0
807,a,,,5.5,152,95.0,0,0.0,0,0.0,0.0,654,267.0,4,4,4.0,70.0,30.0,0,17,4.0,48.0,22.0,0.7,0.7,0.0,3523,738,333,27,2.1,2.1,0.0,0.59,0.59,0.82,0.0,2.41,2.41,3.35,23.0,423.0,188.0,21.5,376.0,191.0,4.0,421.0,210.0,4.9,429.0,193.0,,,,24,,Rayan Vitor,Simplício Rocha,Rayan,,,22,0,1,0,0,0,0,0,0,0,0,0,2,,,,0.0,0.0,0.0,0.0,8.18,0,1,1
27,a,100.0,100.0,4.8,355,222.0,0,0.0,-2,2.0,0.1,478,166.0,6,0,1.0,468.0,217.0,0,19,0.2,388.0,177.0,0.0,1.2,0.0,9930,15,17363,16,0.2,0.2,0.61,0.07,0.68,1.21,1.1,0.13,1.23,2.18,16.4,435.0,195.0,4.0,433.0,209.0,16.0,370.0,187.0,3.4,442.0,200.0,,,,24,,Reiss,Nelson,Nelson,,,50,0,0,0,1,0,0,0,0,0,0,0,17,,,,0.0,0.0,1.8,0.0,30.6,2,3,12
83,a,100.0,100.0,5.8,112,70.0,0,0.0,-2,2.0,0.3,305,104.0,66,0,3.9,82.0,38.0,6,179,0.4,353.0,156.0,0.1,11.4,0.0,453702,111,446095,125,0.4,0.4,4.5,1.07,5.57,14.83,0.36,0.09,0.45,1.18,200.6,229.0,96.0,134.8,182.0,121.0,354.0,39.0,23.0,68.4,127.0,70.0,2.0,,,24,,Dango,Ouattara,O.Dango,,,1127,3,4,3,16,0,0,0,3,0,0,12,108,,,,0.0,0.24,1.28,0.96,8.62,13,45,50
101,a,100.0,100.0,4.6,395,19.0,0,0.0,1,-1.0,10.0,43,6.0,83,0,3.6,108.0,10.0,3,317,3.4,73.0,6.0,0.7,18.0,0.0,900266,1706,892736,2230,3.4,3.4,0.0,0.04,0.04,31.09,0.0,0.0,0.0,1.35,528.0,26.0,7.0,20.0,380.0,4.0,0.0,722.0,77.0,54.9,179.0,7.0,,,,24,,Caoimhín,Kelleher,Kelleher,,,2070,0,0,5,32,0,3,0,1,0,61,23,95,,,,2.65,0.22,1.39,1.0,0.0,1,28,177
102,a,,,3.9,744,78.0,0,0.0,-1,1.0,0.3,334,45.0,0,0,0.0,531.0,45.0,0,0,0.0,450.0,39.0,0.0,0.0,0.0,14782,21,22491,24,0.0,0.0,0.0,0.0,0.0,0.0,0.0,0.0,0.0,0.0,0.0,522.0,45.0,0.0,513.0,32.0,0.0,478.0,17.0,0.0,524.0,45.0,,,,24,,Ellery,Balcombe,Balcombe,,,0,0,0,0,0,0,0,0,0,0,0,0,0,,,,0.0,0.0,0.0,0.0,0.0,0,0,0
103,u,0.0,0.0,3.9,761,86.0,0,0.0,-1,1.0,0.2,406,61.0,0,0,0.0,543.0,53.0,0,0,0.0,462.0,47.0,0.0,0.0,0.0,11791,0,12801,48,0.0,0.0,0.0,0.0,0.0,0.0,0.0,0.0,0.0,0.0,0.0,534.0,53.0,0.0,525.0,40.0,0.0,490.0,25.0,0.0,536.0,53.0,,,,24,,Matthew,Cox,Cox,has joined Shrewsbury Town on loan for the rest of the season.,,0,0,0,0,0,0,0,0,0,0,0,0,0,,,,0.0,0.0,0.0,0.0,0.0,0,0,0
104,a,,,3.9,765,88.0,0,0.0,-1,1.0,0.1,447,67.0,0,0,0.0,547.0,55.0,0,0,0.0,466.0,49.0,0.0,0.0,0.0,12538,7,9250,23,0.0,0.0,0.0,0.0,0.0,0.0,0.0,0.0,0.0,0.0,0.0,538.0,55.0,0.0,529.0,42.0,0.0,494.0,27.0,0.0,540.0,55.0,,,,24,,Julian,Eyestone,Eyestone,,,0,0,0,0,0,0,0,0,0,0,0,0,0,,,,0.0,0.0,0.0,0.0,0.0,0,0,0
105,a,,,3.9,762,87.0,0,0.0,-1,1.0,0.6,229,29.0,0,0,0.0,544.0,54.0,0,0,0.0,463.0,48.0,0.0,0.0,0.0,36540,19,68548,59,0.0,0.0,0.0,0.0,0.0,0.0,0.0,0.0,0.0,0.0,0.0,535.0,54.0,0.0,526.0,41.0,0.0,491.0,26.0,0.0,537.0,54.0,,,,24,,Hákon Rafn,Valdimarsson,Valdimarsson,,,0,0,0,0,0,0,0,0,0,0,0,0,0,,,,0.0,0.0,0.0,0.0,0.0,0,0,0
106,a,,,5.0,257,40.0,0,0.0,0,0.0,3.8,88,31.0,91,0,4.0,66.0,27.0,7,311,5.0,19.0,4.0,1.0,18.2,0.0,589275,1904,309123,2572,5.0,5.0,1.42,0.88,2.3,30.02,0.06,0.04,0.1,1.35,636.2,8.0,4.0,103.9,222.0,60.0,235.0,79.0,5.0,97.7,56.0,9.0,,,,24,,Nathan,Collins,Collins,,,1996,1,2,5,31,1,0,0,4,0,0,22,262,,,,0.0,0.23,1.4,0.99,10.37,23,207,92
107,a,,,4.9,320,53.0,0,0.0,-1,1.0,2.0,132,52.0,67,0,3.2,157.0,64.0,3,180,1.6,213.0,80.0,0.3,13.7,0.0,403784,208,212426,1755,1.6,1.6,1.32,0.95,2.27,16.19,0.13,0.09,0.22,1.58,172.8,249.0,101.0,150.7,167.0,41.0,152.0,141.0,27.0,47.6,214.0,70.0,,,,24,,Keane,Lewis-Potter,Lewis-Potter,,,921,2,1,6,15,0,0,0,1,0,0,10,53,,,,0.0,0.59,1.47,0.98,3.32,12,22,37
108,d,75.0,75.0,4.4,517,102.0,0,0.0,-1,1.0,0.2,383,140.0,48,0,2.8,216.0,84.0,1,138,2.2,159.0,58.0,0.5,10.9,0.0,23414,11,26924,135,1.7,1.7,0.64,0.57,1.21,16.9,0.05,0.05,0.1,1.39,244.4,188.0,76.0,30.0,357.0,127.0,122.0,188.0,40.0,39.8,253.0,86.0,,,,24,,Kristoffer,Ajer,Ajer,Ankle injury - 75% chance of playing,,1097,0,2,3,18,0,0,0,1,0,0,13,126,,,,0.0,0.25,1.48,1.07,9.76,24,95,32
109,a,,,4.3,574,127.0,0,0.0,-2,2.0,0.2,403,148.0,37,0,1.9,333.0,125.0,0,99,2.0,171.0,61.0,0.5,8.6,0.0,16545,54,18489,52,2.0,2.0,0.17,0.41,0.58,17.15,0.02,0.04,0.06,1.8,90.0,339.0,129.0,38.6,340.0,117.0,24.0,347.0,116.0,15.2,367.0,130.0,,,,24,,Rico,Henry,Henry,,,859,0,1,3,14,0,0,0,2,0,0,8,57,,,,0.0,0.31,1.47,0.84,4.92,12,35,51
110,a,,,4.5,491,95.0,0,0.0,0,0.0,0.7,221,85.0,65,0,2.8,218.0,86.0,6,314,1.6,209.0,77.0,0.4,14.4,0.0,160782,153,109535,292,1.6,1.6,0.19,2.21,2.4,30.38,0.01,0.1,0.11,1.37,386.6,87.0,40.0,339.9,49.0,7.0,71.0,258.0,75.0,79.9,92.0,24.0,,,,24,,Michael,Kayode,Kayode,,,1998,0,1,5,31,0,0,0,5,0,0,23,188,,,,0.0,0.23,1.4,1.04,6.44,45,98,103
111,a,100.0,100.0,4.2,628,147.0,0,0.0,-3,3.0,0.1,452,166.0,4,0,1.3,411.0,151.0,0,21,0.0,543.0,230.0,0.0,1.0,0.0,11075,34,25351,19,0.0,0.0,0.0,0.06,0.06,3.18,0.0,0.02,0.02,1.26,62.8,374.0,145.0,1.1,449.0,164.0,12.0,375.0,135.0,7.6,414.0,149.0,,,,24,,Ethan,Pinnock,Pinnock,,,228,0,0,0,5,1,0,0,1,0,0,3,33,,,,0.0,0.0,1.97,1.18,11.45,4,25,9
112,u,0.0,0.0,4.5,420,82.0,0,0.0,0,0.0,0.0,695,238.0,0,0,0.0,682.0,253.0,0,0,0.0,627.0,249.0,0.0,0.0,0.0,211,0,3907,1,0.0,0.0,0.0,0.0,0.0,0.0,0.0,0.0,0.0,0.0,0.0,677.0,253.0,0.0,673.0,253.0,0.0,651.0,252.0,0.0,679.0,253.0,,,,24,,Mads,Roerslev Rasmussen,Roerslev,Has joined Southampton permanently.,,0,0,0,0,0,0,0,0,0,0,0,0,0,,,,0.0,0.0,0.0,0.0,0.0,0,0,0
113,a,100.0,100.0,4.5,429,85.0,0,0.0,0,0.0,0.7,219,83.0,53,0,2.9,198.0,78.0,0,201,0.2,376.0,140.0,0.0,11.8,0.0,206601,56,185245,226,0.2,0.2,1.92,0.21,2.13,22.9,0.11,0.01,0.12,1.3,363.8,98.0,43.0,33.4,349.0,122.0,180.0,120.0,22.0,57.8,167.0,53.0,,,,24,,Sepp,van den Berg,Van den Berg,,,1583,0,0,3,26,0,0,0,1,0,0,17,192,,,,0.0,0.17,1.48,0.97,9.21,12,150,63
115,u,0.0,0.0,4.0,716,199.0,0,0.0,0,0.0,0.1,517,185.0,0,0,0.0,609.0,235.0,0,0,0.0,531.0,220.0,0.0,0.0,0.0,2020,0,14152,4,0.0,0.0,0.0,0.0,0.0,0.0,0.0,0.0,0.0,0.0,0.0,600.0,235.0,0.0,593.0,235.0,0.0,561.0,231.0,0.0,602.0,235.0,,,,24,,Benjamin,Fredrick,Fredrick,has joined Dender on loan for the rest of the season.,,0,0,0,0,0,0,0,0,0,0,0,0,0,,,,0.0,0.0,0.0,0.0,0.0,0,0,0
116,a,100.0,100.0,4.0,678,171.0,0,0.0,0,0.0,0.5,260,98.0,30,0,2.0,319.0,120.0,0,82,1.0,264.0,98.0,0.2,7.5,0.0,63243,99,64326,144,1.0,1.0,0.4,0.17,0.57,5.31,0.07,0.03,0.1,0.89,58.8,381.0,147.0,14.2,390.0,143.0,42.0,308.0,98.0,11.3,394.0,142.0,,,,24,,Aaron,Hickey,Hickey,,,537,0,0,2,7,0,0,0,1,0,0,6,39,,,,0.0,0.34,1.17,1.01,5.36,9,23,30
117,u,0.0,0.0,3.9,770,226.0,0,0.0,-1,1.0,0.1,505,182.0,0,0,0.0,552.0,202.0,0,0,0.0,471.0,184.0,0.0,0.0,0.0,4108,0,15362,4,0.0,0.0,0.0,0.0,0.0,0.0,0.0,0.0,0.0,0.0,0.0,543.0,202.0,0.0,534.0,202.0,0.0,499.0,195.0,0.0,545.0,202.0,,,,24,,Kim,Ji-soo,Ji-soo,has joined Kaiserslautern on loan for the rest of the season.,,0,0,0,0,0,0,0,0,0,0,0,0,0,,,,0.0,0.0,0.0,0.0,0.0,0,0,0
118,u,0.0,0.0,4.0,688,177.0,0,0.0,0,0.0,0.0,605,216.0,0,0,0.0,586.0,218.0,0,0,0.0,506.0,201.0,0.0,0.0,0.0,279,0,10896,1,0.0,0.0,0.0,0.0,0.0,0.0,0.0,0.0,0.0,0.0,0.0,577.0,218.0,0.0,570.0,218.0,0.0,537.0,213.0,0.0,579.0,218.0,,,,24,,Jayden,Meghoma,Meghoma,Has joined Rangers on loan for the rest of the season.,,0,0,0,0,0,0,0,0,0,0,0,0,0,,,,0.0,0.0,0.0,0.0,0.0,0,0,0
120,a,100.0,100.0,7.1,38,22.0,0,0.0,1,-1.0,2.6,114,36.0,88,0,4.0,74.0,33.0,5,301,3.0,111.0,49.0,0.4,12.4,0.0,739524,574,469513,4309,3.0,3.0,8.45,1.71,10.16,24.69,0.42,0.08,0.5,1.22,432.0,61.0,18.0,293.8,74.0,56.0,607.0,8.0,2.0,133.4,19.0,15.0,,,3.0,24,,Kevin,Schade,Schade,,,1816,6,4,7,22,0,0,1,6,0,0,21,138,,,,0.0,0.35,1.09,1.04,6.84,30,43,65
121,d,75.0,75.0,5.7,119,74.0,0,0.0,-3,3.0,0.5,257,86.0,61,0,3.0,191.0,84.0,3,264,2.0,176.0,76.0,0.4,10.7,0.0,97881,7,163552,370,1.5,1.5,1.13,3.63,4.76,19.46,0.08,0.26,0.34,1.38,298.4,152.0,56.0,454.8,22.0,21.0,172.0,127.0,73.0,92.6,62.0,42.0,1.0,3.0,,24,,Mikkel,Damsgaard,Damsgaard,Knee injury - 75% chance of playing,,1272,1,3,2,22,0,0,0,0,0,0,15,142,,,,0.0,0.14,1.56,1.06,10.05,35,27,80
122,i,0.0,0.0,5.2,219,136.0,0,0.0,-3,3.0,0.0,646,262.0,1,0,1.0,480.0,226.0,0,5,0.0,763.0,336.0,0.0,0.2,0.0,1984,3,6857,2,0.0,0.0,0.0,0.01,0.01,1.49,0.0,0.02,0.02,2.98,4.0,462.0,212.0,1.8,442.0,213.0,0.0,776.0,344.0,0.6,472.0,217.0,,,,24,,Antoni,Milambo,Milambo,Knee injury - Expected back 01 Jun,,45,0,0,0,3,0,0,0,0,0,0,1,4,,,,0.0,0.0,6.0,2.0,8.0,2,0,2
123,i,0.0,0.0,4.7,384,240.0,0,0.0,-3,3.0,0.1,456,155.0,13,0,2.2,297.0,129.0,1,42,0.0,699.0,289.0,0.0,2.8,0.0,27149,2,50855,27,0.0,0.0,0.7,0.03,0.73,2.08,0.63,0.03,0.66,1.87,39.0,401.0,176.0,6.5,424.0,207.0,36.0,320.0,168.0,8.1,411.0,186.0,4.0,,4.0,24,,Fábio,Freitas Gouveia Carvalho,Carvalho,Knee injury - Expected back 01 Jun,,100,1,0,0,4,0,0,0,0,0,0,1,8,,,,0.0,0.0,3.6,0.9,7.2,3,0,5
124,a,100.0,100.0,5.0,241,148.0,0,0.0,0,0.0,0.4,286,95.0,59,0,2.8,219.0,93.0,5,257,0.6,318.0,142.0,0.1,11.8,0.0,94908,114,93572,142,0.6,0.6,0.33,2.02,2.35,18.52,0.02,0.13,0.15,1.23,266.2,176.0,70.0,271.3,83.0,61.0,41.0,313.0,163.0,57.8,168.0,91.0,,,,24,,Jordan,Henderson,Henderson,,,1358,1,3,4,21,0,0,0,4,0,0,15,125,,,,0.0,0.27,1.39,0.99,8.28,19,38,68
125,a,100.0,100.0,4.9,302,187.0,0,0.0,-1,1.0,0.3,310,105.0,55,0,3.1,173.0,74.0,3,232,4.2,40.0,18.0,0.9,11.2,0.0,55303,143,19330,386,4.2,4.2,0.57,1.77,2.34,14.0,0.05,0.17,0.22,1.34,249.6,182.0,75.0,268.2,84.0,62.0,68.0,262.0,142.0,58.3,164.0,89.0,5.0,,,24,,Vitaly,Janelt,Janelt,,,938,0,4,4,11,0,0,0,4,0,0,9,127,,,,0.0,0.38,1.06,0.86,12.19,21,48,58
126,a,,,4.9,305,189.0,0,0.0,-1,1.0,0.1,511,181.0,45,0,2.1,312.0,139.0,0,211,2.0,174.0,75.0,0.4,9.2,0.0,13124,33,15838,29,2.0,2.0,1.28,2.79,4.07,14.28,0.12,0.27,0.39,1.36,183.8,243.0,103.0,254.6,91.0,68.0,107.0,209.0,113.0,54.4,182.0,97.0,3.0,,5.0,24,,Mathias,Jensen,Jensen,,,944,2,0,4,13,0,0,0,1,0,0,11,86,,,,0.0,0.38,1.24,1.05,8.2,19,21,46
127,u,0.0,0.0,4.9,344,214.0,0,0.0,-1,1.0,0.0,691,291.0,0,0,0.0,764.0,331.0,0,0,0.0,734.0,312.0,0.0,0.0,0.0,1544,0,2044,7,0.0,0.0,0.0,0.0,0.0,0.0,0.0,0.0,0.0,0.0,0.0,764.0,331.0,0.0,760.0,331.0,0.0,752.0,329.0,0.0,764.0,331.0,,,,24,,Gustavo,Nunes Fernandes Gomes,Nunes,has joined Swansea City on loan for the rest of the season.,,0,0,0,0,0,0,0,0,0,0,0,0,0,,,,0.0,0.0,0.0,0.0,0.0,0,0,0
128,a,100.0,100.0,4.8,364,226.0,0,0.0,-2,2.0,0.0,596,226.0,12,0,2.0,323.0,143.0,0,41,0.0,707.0,293.0,0.0,2.5,0.0,5368,8,8518,7,0.0,0.0,0.0,0.36,0.36,2.02,0.0,0.37,0.37,2.07,28.4,414.0,185.0,13.6,394.0,196.0,4.0,417.0,206.0,4.6,435.0,197.0,,,,24,,Frank,Onyeka,Onyeka,,,88,0,2,0,2,0,0,0,0,0,0,0,10,,,,0.0,0.0,2.05,0.0,10.23,2,3,5
129,a,100.0,100.0,5.0,274,167.0,0,0.0,0,0.0,0.1,445,152.0,70,0,3.0,190.0,83.0,0,300,3.2,86.0,37.0,0.6,14.0,0.0,22128,68,16642,63,3.2,3.2,1.19,1.08,2.27,26.47,0.06,0.06,0.12,1.37,291.8,157.0,59.0,195.3,130.0,94.0,108.0,207.0,112.0,59.5,160.0,88.0,,,,24,,Yehor,Yarmoliuk,Yarmoliuk,,,1734,1,2,5,28,0,0,0,5,0,0,21,219,,,,0.0,0.26,1.45,1.09,11.37,47,47,125
130,a,,,4.4,561,336.0,0,0.0,-1,1.0,0.1,480,167.0,1,0,1.0,454.0,204.0,0,4,0.2,375.0,169.0,0.0,0.2,0.0,13228,22,17098,19,0.2,0.2,0.05,0.01,0.06,0.0,4.5,0.9,5.4,0.0,3.0,465.0,214.0,10.5,402.0,199.0,4.0,413.0,204.0,1.8,452.0,205.0,,,,24,,Romelle,Donovan,Donovan,,,1,0,0,0,0,0,0,0,0,0,0,0,1,,,,0.0,0.0,0.0,0.0,90.0,0,0,1
131,u,0.0,0.0,4.3,618,362.0,0,0.0,-2,2.0,0.2,388,132.0,0,0,0.0,648.0,250.0,0,0,0.0,584.0,209.0,0.0,0.0,0.0,38108,0,41479,96,0.0,0.0,0.0,0.0,0.0,0.0,0.0,0.0,0.0,0.0,0.0,639.0,241.0,0.0,636.0,246.0,0.0,610.0,235.0,0.0,641.0,243.0,,,,24,,Yunus Emre,Konak,Konak,has joined Oxford United on loan for the rest of the season.,,0,0,0,0,0,0,0,0,0,0,0,0,0,,,,0.0,0.0,0.0,0.0,0.0,0,0,0
132,u,0.0,0.0,4.5,418,251.0,0,0.0,0,0.0,0.0,651,265.0,0,0,0.0,681.0,267.0,0,0,0.0,625.0,229.0,0.0,0.0,0.0,4038,0,4801,39,0.0,0.0,0.0,0.0,0.0,0.0,0.0,0.0,0.0,0.0,0.0,676.0,262.0,0.0,672.0,265.0,0.0,649.0,256.0,0.0,678.0,264.0,,,,24,,Paris,Maghoma,Maghoma,has joined Norwich City permanently.,,0,0,0,0,0,0,0,0,0,0,0,0,0,,,,0.0,0.0,0.0,0.0,0.0,0,0,0
133,u,0.0,0.0,4.4,535,319.0,0,0.0,-1,1.0,0.0,621,242.0,1,0,1.0,450.0,200.0,0,2,0.2,372.0,166.0,0.0,0.2,0.0,3881,0,6037,11,0.0,0.0,0.0,0.0,0.0,0.0,0.0,0.0,0.0,0.0,0.0,647.0,243.0,0.0,644.0,248.0,0.0,619.0,237.0,0.0,649.0,245.0,,,,24,,Myles,Peart-Harris,Peart-Harris,has joined Oxford United permanently.,,1,0,0,0,0,0,0,0,0,0,0,0,0,,,,0.0,0.0,0.0,0.0,0.0,0,0,0
134,u,0.0,0.0,4.5,483,296.0,0,0.0,0,0.0,0.0,768,333.0,0,0,0.0,721.0,300.0,0,0,0.0,673.0,268.0,0.0,0.0,0.0,0,0,939,0,0.0,0.0,0.0,0.0,0.0,0.0,0.0,0.0,0.0,0.0,0.0,720.0,299.0,0.0,715.0,299.0,0.0,698.0,294.0,0.0,720.0,299.0,,,,24,,Ryan,Trevitt,Trevitt,Has joined Wigan on loan for the rest of the season,,0,0,0,0,0,0,0,0,0,0,0,0,0,,,,0.0,0.0,0.0,0.0,0.0,0,0,0
136,a,100.0,100.0,7.1,37,16.0,-1,1.0,11,-11.0,35.6,6,3.0,124,0,5.4,9.0,2.0,18,512,6.6,4.0,1.0,0.9,17.5,0.0,7654481,10568,3354065,41787,6.6,6.6,13.19,0.86,14.05,29.81,0.61,0.04,0.65,1.39,690.8,4.0,2.0,201.6,128.0,6.0,786.0,2.0,2.0,167.8,4.0,2.0,,,2.0,24,,Igor Thiago,Nascimento Rodrigues,Thiago,,,1932,16,1,5,30,0,0,1,4,0,0,22,114,,,,0.0,0.23,1.4,1.02,5.31,19,46,49
137,u,0.0,0.0,4.4,547,76.0,0,0.0,-1,1.0,0.3,306,50.0,0,0,0.0,663.0,67.0,0,0,0.0,604.0,57.0,0.0,0.0,0.0,52422,0,78718,109,0.0,0.0,0.0,0.0,0.0,0.0,0.0,0.0,0.0,0.0,0.0,656.0,67.0,0.0,652.0,66.0,0.0,628.0,66.0,0.0,658.0,67.0,,,,24,,Iwan,Morgan,Morgan,has joined Shrewsbury on loan for the rest of the season.,,0,0,0,0,0,0,0,0,0,0,0,0,0,,,,0.0,0.0,0.0,0.0,0.0,0,0,0
748,i,0.0,0.0,4.9,298,184.0,0,0.0,-1,1.0,0.0,794,350.0,0,0,0.0,752.0,322.0,0,0,0.0,715.0,299.0,0.0,0.0,0.0,154,0,189,0,0.0,0.0,0.0,0.0,0.0,0.0,0.0,0.0,0.0,0.0,0.0,752.0,322.0,0.0,748.0,322.0,0.0,739.0,320.0,0.0,752.0,322.0,,,,24,,Josh,Dasilva,Dasilva,Knee injury - Unknown return date,,0,0,0,0,0,0,0,0,0,0,0,0,0,,,,0.0,0.0,0.0,0.0,0.0,0,0,0
797,a,,,4.5,484,69.0,0,0.0,0,0.0,0.0,761,90.0,0,0,0.0,722.0,76.0,0,0,0.0,674.0,66.0,0.0,0.0,0.0,428,21,102,12,0.0,0.0,0.0,0.0,0.0,0.0,0.0,0.0,0.0,0.0,0.0,721.0,76.0,0.0,716.0,75.0,0.0,699.0,75.0,0.0,721.0,76.0,,,,24,,Kaye,Furo,Furo,,,0,0,0,0,0,0,0,0,0,0,0,0,0,,,,0.0,0.0,0.0,0.0,0.0,0,0,0
138,a,,,4.2,620,31.0,0,0.0,-3,3.0,0.2,340,47.0,0,0,0.0,619.0,84.0,0,0,0.0,541.0,78.0,0.0,0.0,0.0,9329,20,37882,32,0.0,0.0,0.0,0.0,0.0,0.0,0.0,0.0,0.0,0.0,0.0,610.0,84.0,0.0,603.0,73.0,0.0,571.0,58.0,0.0,612.0,84.0,,,,24,,Jason,Steele,Steele,,,0,0,0,0,0,0,0,0,0,0,0,0,0,,,,0.0,0.0,0.0,0.0,0.0,0,0,0
139,a,,,4.5,441,25.0,0,0.0,0,0.0,5.9,64,11.0,74,3,3.1,170.0,16.0,4,384,3.2,81.0,8.0,0.7,16.4,0.0,641645,863,748707,1087,3.2,3.2,0.0,0.04,0.04,34.21,0.0,0.0,0.0,1.43,598.4,14.0,3.0,10.0,408.0,7.0,0.0,666.0,75.0,60.8,156.0,3.0,,,,24,,Bart,Verbruggen,Verbruggen,,,2160,0,0,5,32,1,1,0,3,0,67,24,102,,,,2.79,0.21,1.33,1.0,0.0,1,20,216
143,a,,,4.2,626,145.0,0,0.0,-3,3.0,0.1,501,180.0,15,0,3.0,183.0,71.0,2,61,1.2,247.0,92.0,0.3,3.6,0.0,5338,22,11940,23,1.2,1.2,0.05,0.19,0.24,3.49,0.02,0.07,0.09,1.37,68.2,366.0,139.0,37.1,342.0,119.0,12.0,374.0,134.0,11.8,385.0,138.0,,,,24,,Olivier,Boscagli,Boscagli,,,230,0,1,1,2,0,0,0,1,0,0,3,19,,,,0.0,0.39,0.78,1.17,7.43,4,15,15
144,u,0.0,0.0,4.2,640,153.0,0,0.0,-3,3.0,0.1,575,208.0,10,0,2.0,320.0,121.0,0,32,0.0,552.0,233.0,0.0,2.4,0.0,2735,0,7520,41,0.0,0.0,0.0,0.01,0.01,4.52,0.0,0.0,0.0,2.11,42.4,396.0,152.0,3.7,435.0,159.0,2.0,427.0,161.0,4.8,430.0,156.0,,,,24,,Diego,Coppola,Coppola,has joined Paris FC on loan for the rest of the season.,,193,0,0,1,3,0,0,0,2,0,0,2,19,,,,0.0,0.47,1.4,0.93,8.39,2,16,6
145,a,100.0,100.0,4.3,583,134.0,0,0.0,-2,2.0,1.9,136,55.0,58,8,2.9,197.0,77.0,8,214,2.2,158.0,57.0,0.5,13.5,0.0,245583,406,682009,283,2.2,2.2,1.34,2.16,3.5,19.19,0.12,0.19,0.31,1.65,203.0,227.0,91.0,314.4,61.0,13.0,120.0,192.0,43.0,63.8,146.0,47.0,3.0,6.0,,24,,Maxim,De Cuyper,De Cuyper,,,1046,2,0,4,17,0,0,0,2,0,0,13,70,,,,0.0,0.34,1.46,1.12,3.96,16,30,48
146,a,100.0,100.0,4.5,405,72.0,0,0.0,0,0.0,1.0,190,75.0,57,4,2.5,257.0,102.0,0,285,3.6,63.0,24.0,0.8,12.7,0.0,137227,419,181452,157,3.6,3.6,0.91,0.43,1.34,31.97,0.04,0.02,0.06,1.42,456.2,52.0,25.0,92.1,234.0,66.0,115.0,196.0,46.0,66.6,130.0,42.0,,1.0,,24,,Lewis,Dunk,Dunk,,,2025,0,1,4,31,0,0,0,8,0,0,22,213,,,,0.0,0.18,1.38,0.98,7.6,25,146,98
147,u,0.0,0.0,4.5,415,78.0,0,0.0,0,0.0,0.0,729,250.0,0,0,0.0,679.0,251.0,0,0,0.0,623.0,246.0,0.0,0.0,0.0,0,0,1968,0,0.0,0.0,0.0,0.0,0.0,0.0,0.0,0.0,0.0,0.0,0.0,674.0,251.0,0.0,670.0,251.0,0.0,647.0,249.0,0.0,676.0,251.0,,,,24,,Pervis,Estupiñán Tenorio,Estupiñan,Has joined AC Milan permanently,,0,0,0,0,0,0,0,0,0,0,0,0,0,,,,0.0,0.0,0.0,0.0,0.0,0,0,0
148,a,,,4.4,523,107.0,0,0.0,-1,1.0,0.4,275,102.0,61,2,2.7,229.0,90.0,4,291,3.2,80.0,30.0,0.7,13.9,0.0,70736,247,51267,180,3.2,3.2,1.35,2.18,3.53,29.76,0.06,0.1,0.16,1.43,314.8,133.0,59.0,315.5,60.0,12.0,146.0,152.0,30.0,77.9,96.0,26.0,2.0,,,24,,Ferdi,Kadıoğlu,F.Kadıoğlu,,,1870,0,1,5,27,0,0,0,4,0,0,20,133,,,,0.0,0.24,1.3,0.96,4.96,41,62,83
149,a,100.0,100.0,4.5,419,81.0,0,0.0,0,0.0,0.1,518,186.0,6,0,1.5,393.0,145.0,0,10,0.0,626.0,248.0,0.0,1.3,0.0,8158,15,9365,25,0.0,0.0,0.0,0.0,0.0,4.66,0.0,0.0,0.0,4.07,25.8,419.0,158.0,10.6,401.0,147.0,0.0,650.0,251.0,3.6,441.0,161.0,,,,24,,Igor Julio,dos Santos de Paulo,Igor,,,103,0,0,0,3,0,0,0,0,0,0,1,13,,,,0.0,0.0,2.62,0.87,11.36,0,13,3
150,u,0.0,0.0,4.4,525,109.0,0,0.0,-1,1.0,0.1,498,179.0,0,0,0.0,653.0,250.0,0,0,0.0,592.0,243.0,0.0,0.0,0.0,2778,0,38396,1,0.0,0.0,0.0,0.0,0.0,0.0,0.0,0.0,0.0,0.0,0.0,644.0,250.0,0.0,641.0,250.0,0.0,616.0,248.0,0.0,646.0,250.0,,,,24,,Tariq,Lamptey,Lamptey,has joined Fiorentina permanently.,,0,0,0,0,0,0,0,0,0,0,0,0,0,,,,0.0,0.0,0.0,0.0,0.0,0,0,0
151,a,100.0,100.0,4.5,437,87.0,0,0.0,0,0.0,4.4,81,27.0,87,2,3.8,90.0,33.0,6,334,3.6,64.0,25.0,0.8,19.3,0.0,876442,2147,471729,1494,3.6,3.6,2.05,0.9,2.94,32.83,0.09,0.04,0.13,1.43,673.2,7.0,3.0,134.6,183.0,46.0,226.0,83.0,7.0,103.7,41.0,3.0,,,,24,,Jan Paul,van Hecke,Van Hecke,,,2070,3,2,4,32,1,0,0,6,0,0,23,222,,,,0.0,0.17,1.39,1.0,8.35,32,160,72
152,a,100.0,100.0,4.3,568,122.0,0,0.0,-2,2.0,0.1,411,150.0,30,1,2.3,279.0,109.0,1,113,1.8,184.0,65.0,0.4,7.0,0.0,20963,32,32976,79,1.8,1.8,0.99,0.1,1.09,12.58,0.13,0.01,0.14,1.63,195.8,231.0,93.0,68.5,277.0,88.0,59.0,280.0,84.0,32.4,284.0,95.0,,,,24,,Joël,Veltman,Veltman,,,693,1,0,1,11,0,0,0,3,0,0,7,90,,,,0.0,0.13,1.43,0.91,10.13,27,51,29
153,i,0.0,0.0,4.4,516,101.0,0,0.0,-1,1.0,0.0,742,252.0,0,0,0.0,650.0,248.0,0,0,0.0,588.0,240.0,0.0,0.0,0.0,804,2,1583,8,0.0,0.0,0.0,0.0,0.0,0.0,0.0,0.0,0.0,0.0,0.0,641.0,248.0,0.0,638.0,248.0,0.0,613.0,246.0,0.0,643.0,248.0,,,,24,,Adam,Webster,Webster,Knee injury - Unknown return date,,0,0,0,0,0,0,0,0,0,0,0,0,0,,,,0.0,0.0,0.0,0.0,0.0,0,0,0
154,u,0.0,0.0,4.0,670,167.0,0,0.0,0,0.0,0.0,760,257.0,0,0,0.0,571.0,211.0,0,0,0.0,490.0,193.0,0.0,0.0,0.0,0,0,772,1,0.0,0.0,0.0,0.0,0.0,0.0,0.0,0.0,0.0,0.0,0.0,562.0,211.0,0.0,555.0,211.0,0.0,522.0,206.0,0.0,564.0,211.0,,,,24,,Eiran,Cashin,Cashin,has joined Blackburn Rovers on loan for the rest of the season.,,0,0,0,0,0,0,0,0,0,0,0,0,0,,,,0.0,0.0,0.0,0.0,0.0,0,0,0
155,u,0.0,0.0,4.0,710,193.0,0,0.0,0,0.0,0.1,486,176.0,0,0,0.0,604.0,230.0,0,0,0.0,526.0,215.0,0.0,0.0,0.0,3175,0,16401,3,0.0,0.0,0.0,0.0,0.0,0.0,0.0,0.0,0.0,0.0,0.0,595.0,230.0,0.0,588.0,230.0,0.0,556.0,226.0,0.0,597.0,230.0,,,,24,,Jacob,Slater,Slater,has joined Harrogate Town on loan until January.,,0,0,0,0,0,0,0,0,0,0,0,0,0,,,,0.0,0.0,0.0,0.0,0.0,0,0,0
156,a,,,3.8,798,253.0,0,0.0,-2,2.0,0.1,413,152.0,0,0,0.0,513.0,190.0,0,0,0.0,430.0,170.0,0.0,0.0,0.0,10002,32,15643,21,0.0,0.0,0.0,0.0,0.0,0.0,0.0,0.0,0.0,0.0,0.0,504.0,190.0,0.0,494.0,190.0,0.0,458.0,182.0,0.0,506.0,190.0,,,,24,,Charlie,Tasker,Tasker,,,0,0,0,0,0,0,0,0,0,0,0,0,0,,,,0.0,0.0,0.0,0.0,0.0,0,0,0
157,a,100.0,100.0,6.1,83,55.0,0,0.0,-4,4.0,2.1,126,43.0,40,2,2.9,209.0,89.0,2,144,3.4,75.0,31.0,0.6,6.6,0.0,259028,608,805122,689,3.4,3.4,2.01,1.71,3.72,14.87,0.18,0.15,0.33,1.32,181.0,246.0,106.0,272.8,81.0,59.0,212.0,95.0,59.0,66.2,135.0,73.0,,,,24,,Mitoma,Kaoru,Mitoma,,,1013,2,1,2,13,0,0,0,2,0,0,11,55,,,,0.0,0.18,1.15,0.98,4.89,8,12,35
158,a,100.0,100.0,5.6,132,81.0,0,0.0,-4,4.0,0.4,265,90.0,63,1,2.9,206.0,86.0,2,213,2.6,138.0,61.0,0.5,11.2,0.0,127289,90,234688,364,2.6,2.6,2.01,2.06,4.07,18.24,0.13,0.13,0.26,1.16,243.4,190.0,80.0,265.4,86.0,64.0,342.0,42.0,25.0,85.0,78.0,48.0,,,,24,,Georginio,Rutter,Georginio,,,1421,2,4,6,15,1,0,0,2,0,0,17,98,,,,0.0,0.38,0.95,1.08,6.21,21,32,45
159,i,0.0,0.0,5.8,105,67.0,0,0.0,-2,2.0,0.0,741,317.0,0,0,0.0,797.0,355.0,0,0,0.0,792.0,353.0,0.0,0.0,0.0,675,5,2484,3,0.0,0.0,0.0,0.0,0.0,0.0,0.0,0.0,0.0,0.0,0.0,797.0,355.0,0.0,797.0,355.0,0.0,795.0,354.0,0.0,797.0,355.0,,,,24,,Solly,March,March,Lack of match fitness - Unknown return date,,0,0,0,0,0,0,0,0,0,0,0,0,0,,,,0.0,0.0,0.0,0.0,0.0,0,0,0
160,a,100.0,100.0,5.7,123,76.0,0,0.0,-3,3.0,2.5,115,37.0,82,1,3.7,105.0,51.0,6,310,0.6,321.0,145.0,0.1,14.4,0.0,1908718,532,1770399,2343,0.6,0.6,2.91,2.78,5.69,24.74,0.16,0.16,0.32,1.39,308.2,140.0,48.0,448.0,23.0,22.0,457.0,24.0,11.0,121.6,28.0,22.0,1.0,,,24,,Yankuba,Minteh,Minteh,,,1606,1,8,6,25,0,0,0,0,0,0,18,122,,,,0.0,0.34,1.4,1.01,6.84,34,21,67
161,u,0.0,0.0,5.4,175,108.0,0,0.0,-1,1.0,0.0,730,310.0,0,0,0.0,790.0,350.0,0,0,0.0,780.0,344.0,0.0,0.0,0.0,105,0,2939,0,0.0,0.0,0.0,0.0,0.0,0.0,0.0,0.0,0.0,0.0,0.0,790.0,350.0,0.0,789.0,350.0,0.0,785.0,349.0,0.0,790.0,350.0,,,,24,,Julio,Enciso Espínola,Enciso,has joined Strasbourg permanently.,,0,0,0,0,0,0,0,0,0,0,0,0,0,,,,0.0,0.0,0.0,0.0,0.0,0,0,0
162,a,100.0,100.0,5.4,180,112.0,0,0.0,-1,1.0,0.1,552,201.0,35,0,1.9,345.0,152.0,2,114,1.2,261.0,112.0,0.2,6.5,0.0,16742,32,18050,25,1.2,1.2,1.86,0.88,2.74,13.82,0.24,0.11,0.35,1.76,134.4,288.0,129.0,217.1,114.0,80.0,152.0,142.0,81.0,50.0,207.0,107.0,,,,24,,Brajan,Gruda,Gruda,,,708,1,1,2,11,0,0,0,2,0,0,8,58,,,,0.0,0.25,1.4,1.02,7.37,14,4,40
163,a,100.0,100.0,5.1,239,146.0,0,0.0,-4,4.0,0.0,584,217.0,36,0,2.8,221.0,94.0,2,141,1.4,239.0,101.0,0.3,7.1,0.0,8409,30,15847,39,1.4,1.4,0.7,0.34,1.04,15.67,0.1,0.05,0.15,2.15,132.6,290.0,131.0,56.1,305.0,173.0,93.0,229.0,125.0,28.4,306.0,146.0,,,,24,,Jack,Hinshelwood,Hinshelwood,,,655,1,2,1,13,0,0,0,0,0,0,7,65,,,,0.0,0.14,1.79,0.96,8.93,9,23,33
164,u,0.0,0.0,5.5,143,89.0,0,0.0,0,0.0,0.3,298,99.0,12,0,6.0,3.0,1.0,2,36,0.0,786.0,350.0,0.0,2.2,0.0,130744,0,198715,20,0.0,0.0,1.21,0.17,1.38,2.12,0.62,0.09,0.71,1.08,60.8,377.0,165.0,66.6,279.0,162.0,63.0,275.0,147.0,19.0,352.0,167.0,,,,24,,Matt,O'Riley,O'Riley,has joined Marseille on loan for the rest of the season.,,177,1,0,1,2,0,0,0,0,0,0,2,9,,,,0.0,0.51,1.02,1.02,4.58,4,3,2
165,u,0.0,0.0,5.4,181,113.0,0,0.0,-1,1.0,0.0,718,303.0,0,0,0.0,791.0,351.0,0,0,0.0,782.0,346.0,0.0,0.0,0.0,247,0,2223,2,0.0,0.0,0.0,0.0,0.0,0.0,0.0,0.0,0.0,0.0,0.0,791.0,351.0,0.0,790.0,351.0,0.0,786.0,350.0,0.0,791.0,351.0,,,,24,,Abdallah,Sima,Sima,has joined Lens permanently.,,0,0,0,0,0,0,0,0,0,0,0,0,0,,,,0.0,0.0,0.0,0.0,0.0,0,0,0
166,a,100.0,100.0,4.8,370,231.0,0,0.0,-2,2.0,1.0,186,62.0,82,5,3.9,78.0,35.0,6,351,6.6,3.0,3.0,1.4,17.1,0.0,175447,5224,77155,360,6.6,6.6,2.54,1.07,3.61,24.57,0.13,0.06,0.19,1.3,311.6,137.0,46.0,214.4,115.0,81.0,206.0,99.0,61.0,73.3,109.0,60.0,4.0,5.0,,24,,Yasin,Ayari,Ayari,,,1699,3,3,5,21,0,0,0,0,0,0,18,200,,,,0.0,0.26,1.11,0.95,10.59,43,46,111
167,a,100.0,100.0,4.5,456,275.0,0,0.0,-5,5.0,1.3,161,55.0,34,4,1.8,350.0,156.0,0,130,1.8,191.0,82.0,0.4,7.6,0.0,159605,575,528974,146,1.8,1.8,0.36,0.26,0.62,15.16,0.03,0.02,0.05,1.25,83.4,346.0,154.0,77.4,260.0,157.0,25.0,342.0,178.0,18.6,354.0,168.0,,,,24,,Carlos,Baleba,Baleba,,,1088,0,0,4,15,0,0,0,4,0,0,16,133,,,,0.0,0.33,1.24,1.32,11.0,25,42,66
169,d,75.0,75.0,4.9,338,208.0,0,0.0,-1,1.0,0.2,377,127.0,56,0,2.7,233.0,100.0,5,238,1.8,193.0,84.0,0.4,11.4,0.0,74664,7,64320,222,1.4,1.4,4.45,1.18,5.63,21.84,0.28,0.08,0.36,1.39,285.6,162.0,61.0,243.2,97.0,73.0,301.0,56.0,34.0,83.0,86.0,51.0,,3.0,,24,,Diego,Gómez Amarilla,Gomez,Knock - 75% chance of playing,,1413,3,0,4,22,0,0,0,5,0,0,17,145,,,,0.0,0.25,1.4,1.08,9.24,51,30,64
170,a,100.0,100.0,4.9,285,176.0,0,0.0,-1,1.0,0.1,463,157.0,22,1,1.6,381.0,169.0,0,89,0.8,293.0,130.0,0.2,4.5,0.0,17267,40,22324,29,0.8,0.8,0.85,0.52,1.37,6.79,0.25,0.15,0.4,1.99,88.8,341.0,151.0,91.6,236.0,145.0,23.0,350.0,182.0,20.2,346.0,165.0,5.0,,1.0,24,,James,Milner,Milner,,,307,1,1,0,11,0,0,0,2,0,0,2,33,,,,0.0,0.0,3.22,0.59,9.67,5,9,19
171,u,0.0,0.0,4.9,328,202.0,0,0.0,-1,1.0,0.0,690,290.0,0,0,0.0,760.0,329.0,0,0,0.0,727.0,307.0,0.0,0.0,0.0,197,0,2937,1,0.0,0.0,0.0,0.0,0.0,0.0,0.0,0.0,0.0,0.0,0.0,760.0,329.0,0.0,756.0,329.0,0.0,748.0,327.0,0.0,760.0,329.0,,,,24,,Jeremy,Sarmiento Morante,Sarmiento,has joined Middlesbrough on loan for the rest of the season.,,0,0,0,0,0,0,0,0,0,0,0,0,0,,,,0.0,0.0,0.0,0.0,0.0,0,0,0
174,u,0.0,0.0,5.0,280,172.0,0,0.0,0,0.0,0.0,759,329.0,0,0,0.0,779.0,343.0,0,0,0.0,753.0,327.0,0.0,0.0,0.0,0,0,1262,0,0.0,0.0,0.0,0.0,0.0,0.0,0.0,0.0,0.0,0.0,0.0,779.0,343.0,0.0,777.0,343.0,0.0,771.0,341.0,0.0,779.0,343.0,,,,24,,Malick,Yalcouyé,Yalcouye,Has joined Swansea City on loan for the rest of the season.,,0,0,0,0,0,0,0,0,0,0,0,0,0,,,,0.0,0.0,0.0,0.0,0.0,0,0,0
175,a,,,4.4,552,331.0,0,0.0,-1,1.0,0.1,512,182.0,1,0,1.0,452.0,202.0,0,3,0.0,609.0,221.0,0.0,0.2,0.0,10897,17,13721,22,0.0,0.0,0.0,0.0,0.0,0.0,0.0,0.0,0.0,0.0,0.0,661.0,254.0,0.0,657.0,258.0,0.0,633.0,248.0,0.0,663.0,256.0,,,,24,,Joe,Knight,Knight,,,1,0,0,0,0,0,0,0,0,0,0,0,0,,,,0.0,0.0,0.0,0.0,0.0,0,0,0
176,u,0.0,0.0,4.5,460,279.0,0,0.0,0,0.0,0.0,676,280.0,0,0,0.0,705.0,289.0,0,0,0.0,654.0,254.0,0.0,0.0,0.0,1435,0,4550,2,0.0,0.0,0.0,0.0,0.0,0.0,0.0,0.0,0.0,0.0,0.0,701.0,285.0,0.0,698.0,287.0,0.0,678.0,279.0,0.0,702.0,286.0,,,,24,,Adrian,Mazilu,Mazilu,has joined Dinamo Bucharest permanently.,,0,0,0,0,0,0,0,0,0,0,0,0,0,,,,0.0,0.0,0.0,0.0,0.0,0,0,0
177,u,0.0,0.0,4.5,450,269.0,0,0.0,0,0.0,0.0,685,285.0,0,0,0.0,698.0,282.0,0,0,0.0,647.0,247.0,0.0,0.0,0.0,490,0,5065,1,0.0,0.0,0.0,0.0,0.0,0.0,0.0,0.0,0.0,0.0,0.0,694.0,278.0,0.0,691.0,280.0,0.0,671.0,272.0,0.0,695.0,279.0,,,,24,,Andrew,Moran,Moran,Has joined Los Angeles FC on loan for the rest of the season.,,0,0,0,0,0,0,0,0,0,0,0,0,0,,,,0.0,0.0,0.0,0.0,0.0,0,0,0
178,a,100.0,100.0,6.2,71,23.0,0,0.0,-3,3.0,4.1,83,15.0,70,2,3.0,193.0,19.0,8,266,1.4,242.0,30.0,0.2,11.3,0.0,1948576,1343,2013873,3444,1.4,1.4,8.31,0.74,9.05,20.23,0.56,0.05,0.61,1.35,313.4,134.0,11.0,185.4,137.0,9.0,401.0,28.0,14.0,89.4,69.0,12.0,,2.0,2.0,24,,Danny,Welbeck,Welbeck,,,1345,8,0,4,20,0,0,2,4,0,0,15,62,,,,0.0,0.27,1.34,1.0,4.15,13,19,30
179,u,0.0,0.0,5.5,151,38.0,0,0.0,0,0.0,0.0,738,88.0,0,0,0.0,796.0,86.0,0,0,0.0,789.0,82.0,0.0,0.0,0.0,0,0,1553,0,0.0,0.0,0.0,0.0,0.0,0.0,0.0,0.0,0.0,0.0,0.0,796.0,86.0,0.0,795.0,86.0,0.0,792.0,86.0,0.0,796.0,86.0,,,,24,,Evan,Ferguson,Ferguson,Has joined AS Roma on loan for the rest of the season,,0,0,0,0,0,0,0,0,0,0,0,0,0,,,,0.0,0.0,0.0,0.0,0.0,0,0,0
180,i,0.0,0.0,5.2,223,51.0,0,0.0,-3,3.0,0.1,516,73.0,16,0,1.8,356.0,38.0,0,55,0.0,764.0,77.0,0.0,3.1,0.0,13030,2,22764,13,0.0,0.0,0.44,0.11,0.55,2.59,0.3,0.08,0.38,1.77,66.6,370.0,38.0,65.7,282.0,29.0,44.0,306.0,50.0,17.7,359.0,44.0,,,,24,,Stefanos,Tzimas,Tzimas,Knee injury - Expected back 01 Jun,,132,1,1,0,2,0,0,0,0,0,0,1,15,,,,0.0,0.0,1.36,0.68,10.23,3,2,10
181,a,,,4.8,374,63.0,0,0.0,-2,2.0,0.4,288,45.0,27,1,1.9,339.0,33.0,3,110,2.8,116.0,16.0,0.6,5.6,0.0,49300,138,67750,153,2.8,2.8,1.37,0.22,1.59,3.46,0.61,0.1,0.71,1.54,118.4,301.0,30.0,71.6,275.0,28.0,163.0,132.0,33.0,35.2,272.0,33.0,,,,24,,Charalampos,Kostoulas,Kostoulas,,,202,2,1,1,5,0,0,0,2,0,0,1,29,,,,0.0,0.45,2.23,0.45,12.92,9,2,18
744,a,,,4.5,465,282.0,0,0.0,0,0.0,0.0,708,300.0,1,0,1.0,459.0,208.0,0,3,0.0,657.0,256.0,0.0,0.2,0.0,2401,5,1674,6,0.0,0.0,0.0,0.0,0.0,0.0,0.0,0.0,0.0,0.0,0.0,705.0,288.0,0.0,701.0,289.0,0.0,682.0,282.0,0.0,706.0,289.0,,,,24,,Nehemiah,Oriola,Oriola,,,1,0,0,0,0,0,0,0,0,0,0,0,0,,,,0.0,0.0,0.0,0.0,0.0,0,0,0
761,a,,,4.0,715,198.0,0,0.0,0,0.0,0.0,728,249.0,0,0,0.0,608.0,234.0,0,0,0.0,530.0,219.0,0.0,0.0,0.0,629,6,415,5,0.0,0.0,0.0,0.0,0.0,0.0,0.0,0.0,0.0,0.0,0.0,599.0,234.0,0.0,592.0,234.0,0.0,560.0,230.0,0.0,601.0,234.0,,,,24,,Freddie,Simmonds,Simmonds,,,0,0,0,0,0,0,0,0,0,0,0,0,0,,,,0.0,0.0,0.0,0.0,0.0,0,0,0
783,a,,,5.5,135,82.0,0,0.0,0,0.0,0.0,587,219.0,19,12,3.8,95.0,44.0,4,85,3.8,57.0,24.0,0.7,3.5,0.0,8078,684,2288,40,3.8,3.8,0.46,0.81,1.27,5.51,0.11,0.19,0.3,1.32,96.6,331.0,146.0,146.6,170.0,114.0,61.0,278.0,148.0,30.2,297.0,144.0,,,,24,,Pascal,Groß,Groß,,,376,1,0,1,3,0,0,0,2,0,0,4,38,,,,0.0,0.24,0.72,0.96,9.1,6,14,18
795,a,,,4.5,486,298.0,0,0.0,0,0.0,0.0,796,352.0,0,0,0.0,724.0,302.0,0,0,0.0,676.0,270.0,0.0,0.0,0.0,137,7,45,7,0.0,0.0,0.0,0.0,0.0,0.0,0.0,0.0,0.0,0.0,0.0,723.0,301.0,0.0,718.0,301.0,0.0,701.0,296.0,0.0,723.0,301.0,,,,24,,Harry,Howell,Howell,,,0,0,0,0,0,0,0,0,0,0,0,0,0,,,,0.0,0.0,0.0,0.0,0.0,0,0,0
226,a,100.0,100.0,5.7,115,11.0,0,0.0,7,-7.0,22.8,16,5.0,117,3,5.1,14.0,5.0,7,430,4.4,35.0,11.0,0.8,20.5,0.0,4341894,17820,1813139,6022,4.4,4.4,1.14,0.7,1.84,29.48,0.05,0.03,0.08,1.32,574.6,17.0,6.0,87.3,242.0,72.0,145.0,155.0,31.0,80.6,89.0,22.0,,,,24,,Trevoh,Chalobah,Chalobah,,,2010,3,1,9,26,0,0,0,3,1,0,23,235,,,,0.0,0.4,1.16,1.03,9.09,30,173,88
227,i,0.0,0.0,4.7,386,66.0,0,0.0,-3,3.0,0.1,462,171.0,0,0,0.0,744.0,257.0,0,0,0.0,701.0,253.0,0.0,0.0,0.0,1090,5,30409,12,0.0,0.0,0.0,0.0,0.0,0.0,0.0,0.0,0.0,0.0,0.0,744.0,257.0,0.0,739.0,257.0,0.0,726.0,256.0,0.0,744.0,257.0,,,,24,,Levi,Samuels Colwill,Colwill,Anterior cruciate ligament - Unknown return date,,0,0,0,0,0,0,0,0,0,0,0,0,0,,,,0.0,0.0,0.0,0.0,0.0,0,0,0
228,a,100.0,100.0,4.9,334,55.0,0,0.0,-1,1.0,2.0,133,53.0,75,1,3.6,111.0,40.0,7,291,1.2,256.0,96.0,0.2,15.3,0.0,421041,1186,411557,1261,1.2,1.2,1.23,0.86,2.09,23.16,0.08,0.06,0.14,1.59,287.6,161.0,68.0,218.0,112.0,29.0,124.0,181.0,38.0,62.9,150.0,49.0,,,,24,,Malo,Gusto,Gusto,,,1312,2,2,6,17,0,0,0,1,1,0,14,107,,,,0.0,0.41,1.17,0.96,5.28,31,46,82
229,a,100.0,100.0,4.4,528,112.0,0,0.0,-1,1.0,0.1,578,209.0,7,0,0.9,487.0,169.0,0,48,1.2,250.0,94.0,0.3,1.6,0.0,7828,143,5356,87,1.2,1.2,0.0,0.06,0.06,7.41,0.0,0.01,0.01,1.42,104.0,319.0,124.0,7.9,419.0,153.0,2.0,430.0,162.0,11.5,386.0,139.0,,,,24,,Benoît,Badiashile Mukinayi,B.Badiashile,,,470,0,0,0,10,0,0,0,2,0,0,6,52,,,,0.0,0.0,1.91,1.15,9.38,7,42,16
230,a,100.0,100.0,4.4,533,115.0,0,0.0,-1,1.0,0.4,277,104.0,46,4,3.5,121.0,44.0,3,206,1.0,265.0,99.0,0.2,10.5,0.0,90063,550,78892,265,1.0,1.0,0.25,0.48,0.73,13.92,0.03,0.05,0.08,1.47,277.6,164.0,69.0,31.1,354.0,125.0,22.0,356.0,123.0,33.1,280.0,92.0,,,,24,,Wesley,Fofana,Fofana,,,851,0,1,4,9,0,0,0,2,0,0,9,125,,,,0.0,0.42,0.95,0.95,12.37,13,104,45
231,u,0.0,0.0,4.5,472,94.0,0,0.0,0,0.0,0.0,743,253.0,0,0,0.0,713.0,256.0,0,0,0.0,664.0,252.0,0.0,0.0,0.0,0,0,1942,0,0.0,0.0,0.0,0.0,0.0,0.0,0.0,0.0,0.0,0.0,0.0,711.0,256.0,0.0,707.0,256.0,0.0,689.0,255.0,0.0,712.0,256.0,,,,24,,Mamadou,Sarr,M.Sarr,Has joined RC Strasbourg on loan for the rest of the season.,,0,0,0,0,0,0,0,0,0,0,0,0,0,,,,0.0,0.0,0.0,0.0,0.0,0,0,0
232,i,0.0,0.0,4.0,656,160.0,0,0.0,-5,5.0,0.3,330,121.0,30,0,2.7,228.0,89.0,2,115,0.6,303.0,109.0,0.2,7.5,0.0,104962,5,218356,140,0.0,0.0,0.11,0.4,0.5,10.99,0.01,0.05,0.06,1.4,216.2,209.0,84.0,32.0,353.0,124.0,19.0,362.0,126.0,26.8,311.0,105.0,,,,24,,Tosin,Adarabioyo,Tosin,Hamstring injury - Unknown return date,,704,0,0,2,11,0,0,0,2,0,0,7,101,,,,0.0,0.26,1.41,0.89,11.12,13,74,18
233,a,100.0,100.0,3.8,802,257.0,0,0.0,-2,2.0,1.2,172,65.0,31,0,3.4,127.0,46.0,5,93,0.8,285.0,101.0,0.2,8.2,0.0,485580,242,453081,516,0.8,0.8,0.6,0.08,0.68,11.93,0.11,0.02,0.13,2.27,109.8,313.0,121.0,25.6,366.0,132.0,64.0,271.0,79.0,20.1,347.0,120.0,,,,24,,Josh,Acheampong,Acheampong,,,473,1,0,2,9,0,0,0,0,0,0,6,48,,,,0.0,0.38,1.71,1.14,6.09,7,25,19
235,a,100.0,100.0,10.4,3,2.0,0,0.0,-1,1.0,11.9,34,13.0,47,2,3.6,118.0,56.0,1,170,2.8,130.0,59.0,0.3,4.5,0.0,1597265,6501,6877301,5374,2.8,2.8,4.19,0.43,4.62,15.75,0.45,0.05,0.5,1.68,205.0,226.0,95.0,123.8,193.0,128.0,235.0,80.0,50.0,56.3,174.0,95.0,,1.0,1.0,24,,Cole,Palmer,Palmer,,,843,4,1,2,12,0,0,0,2,0,0,11,68,,,,0.0,0.21,1.28,1.17,7.26,12,14,42
236,a,100.0,100.0,7.1,34,21.0,0,0.0,1,-1.0,6.1,62,22.0,96,2,4.0,73.0,32.0,6,413,3.0,110.0,48.0,0.4,13.5,0.0,1867529,1767,1669644,7983,3.0,3.0,3.59,4.77,8.36,24.71,0.17,0.23,0.4,1.19,408.6,72.0,22.0,608.1,8.0,8.0,388.0,30.0,16.0,140.7,16.0,12.0,1.0,4.0,,24,,Pedro,Lomba Neto,Neto,,,1866,5,4,10,16,0,0,0,2,0,0,21,89,,,,0.0,0.48,0.77,1.01,4.29,14,15,60
237,a,100.0,100.0,6.8,48,30.0,1,-1.0,3,-3.0,19.6,18,6.0,114,8,5.0,16.0,8.0,14,466,6.8,2.0,2.0,1.0,16.8,0.0,4548338,49256,2771779,2334,6.8,6.8,9.05,4.01,13.06,28.78,0.41,0.18,0.59,1.32,583.4,15.0,5.0,568.5,9.0,9.0,554.0,12.0,5.0,170.7,3.0,2.0,3.0,3.0,2.0,24,,Enzo,Fernández,Enzo,,,1964,8,3,8,24,0,0,0,6,0,0,22,165,,,,0.0,0.37,1.1,1.01,7.56,42,36,87
238,a,100.0,100.0,6.4,61,40.0,0,0.0,-1,1.0,2.7,111,33.0,52,0,2.9,210.0,90.0,4,163,2.8,127.0,57.0,0.4,8.1,0.0,797574,2604,732120,3880,2.8,2.8,2.76,2.1,4.86,8.12,0.37,0.28,0.65,1.08,172.4,250.0,107.0,202.2,127.0,92.0,274.0,66.0,41.0,64.7,142.0,78.0,4.0,,3.0,24,,Estêvão,Almeida de Oliveira Gonçalves,Estêvão,,,675,2,5,3,8,0,0,0,3,0,0,9,44,,,,0.0,0.4,1.07,1.2,5.87,9,5,30
239,d,75.0,100.0,6.0,88,56.0,0,0.0,-5,5.0,0.1,455,154.0,25,1,1.6,385.0,172.0,0,99,0.4,356.0,159.0,0.1,4.2,0.0,17031,38,40506,52,0.3,0.4,0.81,0.94,1.75,8.89,0.15,0.17,0.32,1.65,93.0,335.0,147.0,130.4,185.0,122.0,91.0,230.0,126.0,31.3,291.0,140.0,,,,24,,Jamie,Bynoe-Gittens,Gittens,Muscle injury - 75% chance of playing,,486,0,2,1,7,0,0,0,0,0,0,5,29,,,,0.0,0.19,1.3,0.93,5.37,8,6,15
240,u,0.0,0.0,5.9,97,62.0,0,0.0,-1,1.0,0.1,506,179.0,0,0,0.0,798.0,356.0,0,0,0.0,794.0,355.0,0.0,0.0,0.0,2668,0,23644,5,0.0,0.0,0.0,0.0,0.0,0.0,0.0,0.0,0.0,0.0,0.0,798.0,356.0,0.0,798.0,356.0,0.0,798.0,356.0,0.0,798.0,356.0,,,,24,,Christopher,Nkunku,Nkunku,has joined AC Milan permanently.,,0,0,0,0,0,0,0,0,0,0,0,0,0,,,,0.0,0.0,0.0,0.0,0.0,0,0,0
241,a,100.0,100.0,5.7,121,75.0,0,0.0,2,-2.0,8.0,50,18.0,79,3,4.2,56.0,23.0,9,367,2.8,125.0,56.0,0.5,13.9,0.0,3161052,2532,3067534,2638,2.8,2.8,1.0,1.09,2.09,24.6,0.06,0.06,0.12,1.39,406.4,75.0,23.0,209.0,121.0,86.0,99.0,220.0,121.0,71.2,116.0,64.0,,,,24,,Moisés,Caicedo Corozo,Caicedo,,,1594,3,1,6,22,0,0,0,7,1,0,18,234,,,,0.0,0.34,1.24,1.02,13.21,54,70,110
243,a,,,4.8,373,234.0,0,0.0,-2,2.0,0.1,557,205.0,4,0,1.0,471.0,219.0,0,2,0.0,710.0,295.0,0.0,0.8,0.0,6281,17,8864,19,0.0,0.0,0.32,0.08,0.4,1.65,0.2,0.05,0.25,1.05,8.2,449.0,203.0,7.0,423.0,206.0,56.0,288.0,152.0,7.1,417.0,187.0,,,,24,,Tyrique,George,George,,,142,0,0,1,2,0,0,0,2,0,0,0,3,,,,0.0,0.63,1.27,0.0,1.9,2,0,1
244,i,0.0,0.0,4.9,339,209.0,0,0.0,-1,1.0,0.0,689,289.0,4,0,1.0,474.0,221.0,0,22,0.0,732.0,310.0,0.0,0.8,0.0,2524,1,4525,3,0.0,0.0,0.0,0.05,0.05,2.79,0.0,0.04,0.04,2.39,9.6,445.0,199.0,7.5,420.0,204.0,2.0,436.0,216.0,1.8,453.0,206.0,,,,24,,Roméo,Lavia,Lavia,Thigh injury - Unknown return date,,105,0,0,0,3,0,0,0,0,0,0,1,11,,,,0.0,0.0,2.57,0.86,9.43,2,5,4
245,s,0.0,0.0,4.9,331,204.0,0,0.0,-1,1.0,0.0,733,312.0,0,0,0.0,762.0,330.0,0,0,0.0,729.0,308.0,0.0,0.0,0.0,899,5,1220,2,0.0,0.0,0.0,0.0,0.0,0.0,0.0,0.0,0.0,0.0,0.0,762.0,330.0,0.0,758.0,330.0,0.0,750.0,328.0,0.0,762.0,330.0,,,,24,,Mykhailo,Mudryk,Mudryk,Suspended - unknown return date,,0,0,0,0,0,0,0,0,0,0,0,0,0,,,,0.0,0.0,0.0,0.0,0.0,0,0,0
246,a,100.0,100.0,4.5,455,274.0,0,0.0,0,0.0,0.3,321,106.0,22,0,1.3,415.0,184.0,0,104,1.2,251.0,107.0,0.3,4.9,0.0,67307,74,75932,171,1.2,1.2,1.7,0.51,2.21,10.08,0.24,0.07,0.31,1.43,112.4,308.0,137.0,94.1,231.0,143.0,59.0,281.0,149.0,26.5,313.0,150.0,,,,24,,Andrey,Nascimento dos Santos,Andrey Santos,,,634,0,0,1,6,0,0,0,4,0,0,6,84,,,,0.0,0.14,0.85,0.85,11.92,20,32,32
247,i,0.0,0.0,4.3,591,344.0,0,0.0,-2,2.0,0.1,576,214.0,0,0,0.0,631.0,236.0,0,0,0.0,564.0,193.0,0.0,0.0,0.0,11082,3,13235,17,0.0,0.0,0.0,0.0,0.0,0.0,0.0,0.0,0.0,0.0,0.0,622.0,227.0,0.0,618.0,232.0,0.0,590.0,219.0,0.0,624.0,229.0,,,,24,,Dário,Luís Essugo,D.Essugo,Knock - Expected back 21 Feb,,0,0,0,0,0,0,0,0,0,0,0,0,0,,,,0.0,0.0,0.0,0.0,0.0,0,0,0
248,u,0.0,0.0,4.5,493,303.0,0,0.0,0,0.0,0.0,765,331.0,0,0,0.0,728.0,305.0,0,0,0.0,681.0,274.0,0.0,0.0,0.0,0,0,945,0,0.0,0.0,0.0,0.0,0.0,0.0,0.0,0.0,0.0,0.0,0.0,728.0,305.0,0.0,723.0,305.0,0.0,706.0,300.0,0.0,728.0,305.0,,,,24,,Kendry,Páez Andrade,Paez,Has joined RC Strasbourg on loan for the rest of the season.,,0,0,0,0,0,0,0,0,0,0,0,0,0,,,,0.0,0.0,0.0,0.0,0.0,0,0,0
249,a,,,7.4,23,8.0,1,-1.0,-1,1.0,36.5,5,2.0,114,10,4.8,24.0,3.0,23,472,6.6,5.0,2.0,0.9,15.4,0.0,5814068,87097,7902888,3498,6.6,6.6,7.69,1.5,9.19,24.18,0.4,0.08,0.48,1.26,515.8,34.0,4.0,358.3,43.0,1.0,548.0,13.0,8.0,141.8,15.0,4.0,,,,24,,João Pedro,Junqueira de Jesus,João Pedro,,,1723,9,5,9,17,0,0,0,3,0,0,20,101,,,,0.0,0.47,0.89,1.04,5.28,17,31,53
250,a,100.0,100.0,6.2,76,25.0,0,0.0,-3,3.0,1.0,189,30.0,31,5,2.1,317.0,32.0,1,96,3.4,76.0,10.0,0.5,5.0,0.0,98823,438,448969,350,3.4,3.4,3.37,0.18,3.55,10.04,0.44,0.02,0.46,1.32,54.4,385.0,40.0,50.1,316.0,34.0,262.0,71.0,24.0,36.1,267.0,32.0,,,,24,,Liam,Delap,Delap,,,682,1,2,2,12,0,0,0,2,0,0,9,23,,,,0.0,0.26,1.58,1.19,3.04,2,7,14
251,u,0.0,0.0,6.5,55,19.0,0,0.0,0,0.0,0.1,519,74.0,0,0,0.0,805.0,90.0,0,0,0.0,801.0,87.0,0.0,0.0,0.0,4962,0,15261,4,0.0,0.0,0.0,0.0,0.0,0.0,0.0,0.0,0.0,0.0,0.0,805.0,90.0,0.0,805.0,90.0,0.0,805.0,90.0,0.0,805.0,90.0,,,,24,,Nicolas,Jackson,N.Jackson,has joined Bayern Munich on loan for the rest of the season.,,0,0,0,0,0,0,0,0,0,0,0,0,0,,,,0.0,0.0,0.0,0.0,0.0,0,0,0
252,a,100.0,100.0,4.2,636,87.0,0,0.0,-3,3.0,6.2,59,11.0,12,0,1.3,412.0,49.0,0,19,0.0,549.0,48.0,0.0,2.9,0.0,1147651,860,2582415,3518,0.0,0.0,1.46,0.29,1.75,5.65,0.53,0.11,0.64,2.06,24.6,421.0,47.0,38.8,339.0,42.0,81.0,243.0,45.0,12.6,378.0,45.0,,,,24,,Marc,Guiu Paz,Marc Guiu,,,247,0,1,0,2,0,0,0,1,0,0,1,7,,,,0.0,0.0,0.73,0.36,2.55,0,4,3
453,a,,,6.4,60,39.0,0,0.0,-1,1.0,0.5,245,83.0,41,1,2.7,238.0,104.0,2,148,0.4,360.0,163.0,0.1,6.4,0.0,229773,329,209082,697,0.4,0.4,2.49,2.55,5.04,15.81,0.26,0.27,0.53,1.65,139.4,283.0,125.0,245.9,95.0,71.0,273.0,67.0,42.0,64.9,140.0,76.0,,,,24,,Alejandro,Garnacho Ferreyra,Garnacho,,,860,1,3,4,12,0,0,0,1,0,0,12,48,,,,0.0,0.42,1.26,1.26,5.02,8,6,34
672,a,100.0,100.0,4.6,401,71.0,0,0.0,-4,4.0,0.2,398,146.0,7,0,0.8,491.0,171.0,0,22,0.8,291.0,107.0,0.2,1.5,0.0,12674,68,37153,29,0.8,0.8,0.22,0.06,0.28,4.98,0.06,0.02,0.08,1.42,64.8,371.0,143.0,40.4,335.0,115.0,17.0,369.0,131.0,12.2,382.0,136.0,,,,24,,Jorrel,Hato,Hato,,,315,0,0,0,7,0,0,0,2,0,0,3,35,,,,0.0,0.0,2.0,0.86,8.57,10,20,11
789,a,,,4.0,695,62.0,0,0.0,0,0.0,0.0,771,87.0,0,0,0.0,591.0,80.0,0,0,0.0,511.0,74.0,0.0,0.0,0.0,244,1,124,3,0.0,0.0,0.0,0.0,0.0,0.0,0.0,0.0,0.0,0.0,0.0,582.0,80.0,0.0,575.0,69.0,0.0,542.0,54.0,0.0,584.0,80.0,,,,24,,Max,Merrick,Merrick,,,0,0,0,0,0,0,0,0,0,0,0,0,0,,,,0.0,0.0,0.0,0.0,0.0,0,0,0
803,a,,,4.0,689,59.0,0,0.0,0,0.0,0.0,805,93.0,0,0,0.0,587.0,77.0,0,0,0.0,507.0,71.0,0.0,0.0,0.0,33,2,8,3,0.0,0.0,0.0,0.0,0.0,0.0,0.0,0.0,0.0,0.0,0.0,578.0,77.0,0.0,571.0,66.0,0.0,538.0,51.0,0.0,580.0,77.0,,,,24,,Teddy,Sharman-Lowe,Sharman-Lowe,,,0,0,0,0,0,0,0,0,0,0,0,0,0,,,,0.0,0.0,0.0,0.0,0.0,0,0,0
253,a,,,5.0,245,8.0,0,0.0,0,0.0,7.4,54,8.0,82,0,3.6,112.0,11.0,2,362,2.4,146.0,14.0,0.5,16.4,0.0,843223,847,818242,1798,2.4,2.4,0.0,0.08,0.08,31.91,0.0,0.0,0.0,1.39,514.6,36.0,10.0,10.0,412.0,11.0,0.0,757.0,86.0,52.4,190.0,8.0,,,,24,,Dean,Henderson,Henderson,,,2070,0,0,8,28,0,0,0,2,0,64,23,80,,,,2.78,0.35,1.22,1.0,0.0,0,32,178
254,a,100.0,100.0,4.0,658,45.0,0,0.0,0,0.0,0.3,316,43.0,0,0,0.0,561.0,64.0,0,0,0.0,480.0,58.0,0.0,0.0,0.0,13042,52,29028,32,0.0,0.0,0.0,0.0,0.0,0.0,0.0,0.0,0.0,0.0,0.0,552.0,64.0,0.0,544.0,52.0,0.0,510.0,37.0,0.0,554.0,64.0,,,,24,,Walter,Benítez,Benitez,,,0,0,0,0,0,0,0,0,0,0,0,0,0,,,,0.0,0.0,0.0,0.0,0.0,0,0,0
255,a,,,3.9,738,75.0,0,0.0,-1,1.0,0.1,466,71.0,0,0,0.0,528.0,42.0,0,0,0.0,447.0,36.0,0.0,0.0,0.0,5426,7,8049,11,0.0,0.0,0.0,0.0,0.0,0.0,0.0,0.0,0.0,0.0,0.0,519.0,42.0,0.0,510.0,29.0,0.0,475.0,14.0,0.0,521.0,42.0,,,,24,,Remi,Matthews,Matthews,,,0,0,0,0,0,0,0,0,0,0,0,0,0,,,,0.0,0.0,0.0,0.0,0.0,0,0,0
256,a,100.0,100.0,5.8,108,9.0,0,0.0,3,-3.0,6.4,57,19.0,90,0,6.0,4.0,2.0,7,294,0.2,406.0,149.0,0.0,15.5,0.0,3290706,5111,3619996,990,0.2,0.2,1.78,2.01,3.79,19.01,0.12,0.14,0.26,1.28,346.8,104.0,45.0,132.7,184.0,47.0,240.0,75.0,4.0,71.7,115.0,36.0,,,,24,,Daniel,Muñoz Mejía,Muñoz,,,1335,3,3,7,14,0,0,0,4,0,0,15,147,,,,0.0,0.47,0.94,1.01,7.21,33,74,56
257,a,,,5.1,233,33.0,0,0.0,1,-1.0,5.7,66,21.0,100,0,4.3,45.0,20.0,4,376,2.6,136.0,46.0,0.5,19.6,0.0,1408803,3177,905741,2754,2.6,2.6,1.32,0.61,1.93,31.91,0.06,0.03,0.09,1.39,526.8,27.0,12.0,72.6,273.0,86.0,140.0,160.0,33.0,73.9,107.0,34.0,,,,24,,Maxence,Lacroix,Lacroix,,,2070,0,2,8,28,0,0,0,3,0,0,23,269,,,,0.0,0.35,1.22,1.0,10.52,44,198,66
258,a,,,5.0,254,39.0,0,0.0,0,0.0,2.0,129,49.0,85,0,3.7,103.0,37.0,5,303,1.6,215.0,81.0,0.3,17.0,0.0,404029,444,340520,598,1.6,1.6,0.86,1.32,2.18,31.91,0.04,0.06,0.1,1.41,415.0,69.0,29.0,285.0,77.0,17.0,142.0,159.0,32.0,84.3,81.0,19.0,,,,24,,Tyrick,Mitchell,Mitchell,,,2038,1,0,8,28,0,0,0,5,0,0,23,212,,,,0.0,0.35,1.24,1.02,7.24,65,99,113
259,d,50.0,0.0,4.8,358,60.0,0,0.0,-2,2.0,0.1,451,165.0,5,0,1.0,469.0,167.0,0,10,0.4,342.0,128.0,0.1,1.0,0.0,9134,1,16881,80,0.2,0.0,0.0,0.06,0.06,0.83,0.0,0.1,0.1,1.41,11.0,440.0,164.0,12.2,395.0,145.0,4.0,416.0,156.0,2.7,446.0,162.0,,,,24,,Borna,Sosa,Sosa,Muscle injury - 50% chance of playing,,53,0,0,0,1,0,0,0,0,0,0,0,8,,,,0.0,0.0,1.7,0.0,11.89,3,4,1
261,a,100.0,100.0,4.4,530,114.0,0,0.0,-1,1.0,2.0,130,50.0,84,0,4.4,34.0,14.0,1,305,1.8,187.0,67.0,0.4,19.1,0.0,797184,1840,730277,338,1.8,1.8,0.82,1.19,2.01,25.34,0.04,0.06,0.1,1.34,461.8,49.0,22.0,74.3,267.0,82.0,99.0,218.0,56.0,63.8,147.0,48.0,,,,24,,Chris,Richards,Richards,,,1702,1,0,7,24,0,0,0,1,0,0,19,214,,,,0.0,0.37,1.27,1.0,10.68,42,160,36
262,a,100.0,100.0,4.0,693,180.0,0,0.0,0,0.0,0.0,661,230.0,4,0,4.0,63.0,26.0,0,15,0.8,286.0,102.0,0.2,1.0,0.0,2229,42,2182,8,0.8,0.8,0.09,0.0,0.09,0.0,0.58,0.0,0.58,0.0,21.8,426.0,160.0,10.2,404.0,148.0,8.0,387.0,143.0,4.0,438.0,159.0,,,,24,,Chadi,Riad Dnanou,Chadi Riad,,,14,0,1,0,0,0,0,0,0,0,0,0,0,,,,0.0,0.0,0.0,0.0,0.0,0,0,1
263,a,100.0,100.0,3.8,774,230.0,0,0.0,-2,2.0,0.6,237,88.0,14,0,2.0,318.0,119.0,2,50,0.2,363.0,133.0,0.1,3.7,0.0,85957,80,91118,138,0.2,0.2,0.43,0.56,0.99,5.77,0.09,0.12,0.21,1.24,74.4,359.0,136.0,46.3,323.0,109.0,31.0,332.0,107.0,15.1,368.0,131.0,,,,24,,Nathaniel,Clyne,Clyne,,,418,0,1,0,8,0,0,0,0,0,0,6,34,,,,0.0,0.0,1.72,1.29,7.32,12,22,15
264,u,0.0,0.0,4.0,659,161.0,0,0.0,0,0.0,0.0,682,236.0,0,0,0.0,562.0,206.0,0,0,0.0,481.0,188.0,0.0,0.0,0.0,0,0,3879,2,0.0,0.0,0.0,0.0,0.0,0.0,0.0,0.0,0.0,0.0,0.0,553.0,206.0,0.0,545.0,206.0,0.0,511.0,200.0,0.0,555.0,206.0,,,,24,,Rob,Holding,Holding,Has joined Colorado Rapids permanently.,,0,0,0,0,0,0,0,0,0,0,0,0,0,,,,0.0,0.0,0.0,0.0,0.0,0,0,0
265,i,0.0,0.0,4.0,711,194.0,0,0.0,0,0.0,0.0,713,244.0,0,0,0.0,605.0,231.0,0,0,0.0,527.0,216.0,0.0,0.0,0.0,592,2,2175,2,0.0,0.0,0.0,0.0,0.0,0.0,0.0,0.0,0.0,0.0,0.0,596.0,231.0,0.0,589.0,231.0,0.0,557.0,227.0,0.0,598.0,231.0,,,,24,,Caleb,Kporha,Kporha,Back injury - Unknown return date,,0,0,0,0,0,0,0,0,0,0,0,0,0,,,,0.0,0.0,0.0,0.0,0.0,0,0,0
267,a,100.0,100.0,6.3,68,46.0,0,0.0,-2,2.0,2.1,127,44.0,54,0,4.2,57.0,24.0,6,170,0.4,359.0,162.0,0.1,8.6,0.0,2243378,942,2605341,288,0.4,0.4,4.47,0.58,5.04,16.52,0.37,0.05,0.42,1.35,212.0,216.0,91.0,178.6,142.0,98.0,239.0,77.0,48.0,63.1,149.0,81.0,,,,24,,Ismaïla,Sarr,Sarr,,,1099,3,1,6,12,0,0,0,1,0,0,13,78,,,,0.0,0.49,0.98,1.06,6.39,11,27,40
268,i,0.0,0.0,4.9,326,201.0,0,0.0,-1,1.0,0.0,778,340.0,0,0,0.0,759.0,328.0,0,0,0.0,726.0,306.0,0.0,0.0,0.0,386,0,618,0,0.0,0.0,0.0,0.0,0.0,0.0,0.0,0.0,0.0,0.0,0.0,759.0,328.0,0.0,755.0,328.0,0.0,747.0,326.0,0.0,759.0,328.0,,,,24,,Cheick,Doucouré,Doucouré,Knee injury - Unknown return date,,0,0,0,0,0,0,0,0,0,0,0,0,0,,,,0.0,0.0,0.0,0.0,0.0,0,0,0
269,u,0.0,0.0,4.7,392,245.0,0,0.0,-3,3.0,0.1,442,149.0,4,0,1.0,467.0,216.0,0,12,0.2,386.0,175.0,0.0,0.9,0.0,11622,0,27943,37,0.0,0.0,0.0,0.04,0.04,1.74,0.0,0.09,0.09,3.92,6.8,451.0,204.0,2.7,437.0,210.0,6.0,406.0,199.0,1.5,460.0,211.0,,,,24,,Romain,Esse,Esse,has joined Coventry City on loan for the rest of the season.,,40,0,0,0,0,0,0,0,0,0,0,0,5,,,,0.0,0.0,0.0,0.0,11.25,3,0,2
270,a,100.0,100.0,4.7,377,235.0,0,0.0,-3,3.0,0.1,470,160.0,32,0,1.6,379.0,168.0,0,154,2.2,161.0,70.0,0.5,6.8,0.0,18528,48,22256,24,2.2,2.2,0.72,1.08,1.8,15.42,0.07,0.1,0.17,1.43,127.4,293.0,133.0,202.9,125.0,90.0,63.0,274.0,146.0,39.4,256.0,126.0,5.0,,,24,,Will,Hughes,Hughes,,,971,0,1,4,12,0,0,0,4,0,0,11,94,,,,0.0,0.37,1.11,1.02,8.71,17,35,42
271,d,50.0,0.0,5.0,249,151.0,0,0.0,0,0.0,0.1,524,187.0,45,0,3.2,158.0,67.0,0,199,0.0,739.0,315.0,0.0,9.0,0.0,42831,0,42240,18,0.0,0.0,0.9,1.54,2.44,14.31,0.07,0.12,0.19,1.1,141.0,279.0,123.0,164.6,153.0,104.0,110.0,201.0,109.0,41.6,243.0,118.0,2.0,,,24,,Daichi,Kamada,Kamada,Hamstring injury - 50% chance of playing,,1166,0,2,6,11,0,0,0,1,0,0,14,126,,,,0.0,0.46,0.85,1.08,9.73,39,23,64
272,a,100.0,100.0,4.9,290,178.0,0,0.0,-1,1.0,0.1,545,196.0,36,0,1.8,354.0,159.0,1,145,0.8,294.0,131.0,0.2,7.3,0.0,8188,14,11150,9,0.8,0.8,0.84,0.73,1.57,12.9,0.08,0.07,0.15,1.25,148.4,274.0,118.0,120.4,199.0,131.0,146.0,153.0,87.0,41.5,244.0,119.0,,,,24,,Jefferson,Lerma Solís,Lerma,,,931,0,2,4,11,0,0,0,5,0,0,9,110,,,,0.0,0.39,1.06,0.87,10.63,11,47,52
273,a,100.0,0.0,5.0,268,162.0,0,0.0,0,0.0,0.6,232,81.0,66,0,3.1,175.0,76.0,4,330,1.4,237.0,100.0,0.3,13.2,0.0,151945,127,154497,798,1.4,0.0,0.96,4.72,5.67,27.69,0.05,0.25,0.3,1.44,290.4,160.0,60.0,439.7,25.0,24.0,105.0,213.0,117.0,83.6,84.0,50.0,3.0,,,24,,Adam,Wharton,Wharton,,,1726,0,3,6,27,0,0,0,3,1,0,21,206,,,,0.0,0.31,1.41,1.1,10.74,51,47,108
274,a,,,4.3,609,354.0,0,0.0,-2,2.0,0.1,560,206.0,0,0,0.0,641.0,244.0,0,0,0.0,576.0,202.0,0.0,0.0,0.0,6046,49,7677,14,0.0,0.0,0.0,0.0,0.0,0.0,0.0,0.0,0.0,0.0,0.0,632.0,235.0,0.0,629.0,240.0,0.0,602.0,228.0,0.0,634.0,237.0,,,,24,,Asher,Agbinone,Agbinone,,,0,0,0,0,0,0,0,0,0,0,0,0,0,,,,0.0,0.0,0.0,0.0,0.0,0,0,0
275,u,0.0,0.0,4.3,584,341.0,0,0.0,-2,2.0,0.0,611,234.0,0,0,0.0,629.0,234.0,0,0,0.0,562.0,191.0,0.0,0.0,0.0,5497,0,7311,16,0.0,0.0,0.0,0.0,0.0,0.0,0.0,0.0,0.0,0.0,0.0,620.0,225.0,0.0,616.0,230.0,0.0,588.0,217.0,0.0,622.0,227.0,,,,24,,Naouirou,Ahamada,Ahamada,has joined AJ Auxerre permanently.,,0,0,0,0,0,0,0,0,0,0,0,0,0,,,,0.0,0.0,0.0,0.0,0.0,0,0,0
276,i,0.0,0.0,4.3,588,343.0,0,0.0,-2,2.0,1.4,155,51.0,29,0,1.6,376.0,166.0,0,81,1.2,248.0,106.0,0.3,6.7,0.0,261651,90,289260,1772,0.0,0.0,2.38,0.36,2.74,10.05,0.36,0.05,0.41,1.53,86.6,342.0,152.0,94.5,230.0,142.0,164.0,131.0,76.0,34.5,274.0,135.0,,2.0,,24,,Justin,Devenny,Devenny,Ankle injury - Expected back 22 Feb,,593,1,0,1,10,0,0,0,0,0,0,5,48,,,,0.0,0.15,1.52,0.76,7.28,16,8,24
277,u,0.0,0.0,4.5,430,257.0,0,0.0,0,0.0,0.0,780,341.0,0,0,0.0,687.0,272.0,0,0,0.0,634.0,235.0,0.0,0.0,0.0,0,0,744,0,0.0,0.0,0.0,0.0,0.0,0.0,0.0,0.0,0.0,0.0,0.0,682.0,267.0,0.0,679.0,270.0,0.0,658.0,262.0,0.0,684.0,269.0,,,,24,,Malcolm,Ebiowei,Ebiowei,Has joined Blackpool permanently.,,0,0,0,0,0,0,0,0,0,0,0,0,0,,,,0.0,0.0,0.0,0.0,0.0,0,0,0
278,a,100.0,100.0,4.4,536,320.0,0,0.0,-1,1.0,0.0,641,259.0,0,0,0.0,656.0,252.0,0,0,0.0,597.0,212.0,0.0,0.0,0.0,4325,5,9332,5,0.0,0.0,0.0,0.0,0.0,0.0,0.0,0.0,0.0,0.0,0.0,648.0,244.0,0.0,645.0,249.0,0.0,620.0,238.0,0.0,650.0,246.0,,,,24,,Jesurun,Rak-Sakyi,J.Rak-Sakyi,,,0,0,0,0,0,0,0,0,0,0,0,0,0,,,,0.0,0.0,0.0,0.0,0.0,0,0,0
279,u,0.0,0.0,4.5,458,277.0,0,0.0,0,0.0,0.0,749,321.0,0,0,0.0,704.0,288.0,0,0,0.0,653.0,253.0,0.0,0.0,0.0,95,0,1637,1,0.0,0.0,0.0,0.0,0.0,0.0,0.0,0.0,0.0,0.0,0.0,700.0,284.0,0.0,697.0,286.0,0.0,677.0,278.0,0.0,701.0,285.0,,,,24,,Matheus,França de Oliveira,M.França,Has joined CR Vasco da Gama on loan for the rest of the season.,,0,0,0,0,0,0,0,0,0,0,0,0,0,,,,0.0,0.0,0.0,0.0,0.0,0,0,0
280,u,0.0,0.0,4.5,454,273.0,0,0.0,0,0.0,0.0,799,355.0,0,0,0.0,702.0,286.0,0,0,0.0,651.0,251.0,0.0,0.0,0.0,0,0,189,0,0.0,0.0,0.0,0.0,0.0,0.0,0.0,0.0,0.0,0.0,0.0,698.0,282.0,0.0,695.0,284.0,0.0,675.0,276.0,0.0,699.0,283.0,,,,24,,David,Ozoh,Ozoh,Has joined Derby County on loan for the rest of the season.,,0,0,0,0,0,0,0,0,0,0,0,0,0,,,,0.0,0.0,0.0,0.0,0.0,0,0,0
281,a,,,4.4,546,328.0,0,0.0,-1,1.0,0.0,590,222.0,1,0,1.0,451.0,201.0,0,2,0.2,373.0,167.0,0.0,0.2,0.0,4831,11,6266,9,0.2,0.2,0.0,0.0,0.0,0.65,0.0,0.0,0.0,19.5,0.0,655.0,251.0,0.1,471.0,229.0,0.0,627.0,245.0,0.0,657.0,253.0,,,,24,,Kaden,Rodney,Rodney,,,3,0,0,0,0,0,0,0,0,0,0,0,0,,,,0.0,0.0,0.0,0.0,0.0,0,0,0
282,u,0.0,0.0,4.5,471,287.0,0,0.0,0,0.0,0.0,686,286.0,0,0,0.0,712.0,294.0,0,0,0.0,663.0,261.0,0.0,0.0,0.0,860,0,3032,2,0.0,0.0,0.0,0.0,0.0,0.0,0.0,0.0,0.0,0.0,0.0,710.0,292.0,0.0,706.0,293.0,0.0,688.0,287.0,0.0,711.0,293.0,,,,24,,Franco,Umeh-Chibueze,Umeh,has joined Portsmouth permanently.,,0,0,0,0,0,0,0,0,0,0,0,0,0,,,,0.0,0.0,0.0,0.0,0.0,0,0,0
283,a,100.0,0.0,7.5,22,7.0,0,0.0,0,0.0,8.8,46,9.0,84,0,3.7,106.0,9.0,9,281,1.6,226.0,28.0,0.2,11.2,0.0,4721561,540,4835849,17841,1.6,0.0,11.88,1.26,13.14,26.67,0.56,0.06,0.62,1.26,411.8,71.0,6.0,119.7,200.0,19.0,664.0,4.0,4.0,119.4,29.0,7.0,,,2.0,24,,Jean-Philippe,Mateta,Mateta,,,1904,8,0,8,23,0,0,0,2,0,0,23,110,,,,0.0,0.38,1.09,1.09,5.2,8,51,51
284,i,0.0,0.0,5.4,166,42.0,0,0.0,-1,1.0,0.3,300,49.0,23,0,1.9,343.0,36.0,3,100,0.0,775.0,80.0,0.0,4.3,0.0,124087,14,140148,220,0.0,0.0,1.77,0.46,2.23,9.49,0.38,0.1,0.48,2.06,120.0,299.0,29.0,84.6,249.0,26.0,173.0,125.0,31.0,37.8,260.0,30.0,,,,24,,Eddie,Nketiah,Nketiah,Hamstring injury - Unknown return date,,414,2,0,0,12,0,0,0,2,0,0,2,38,,,,0.0,0.0,2.61,0.43,8.26,8,13,17
285,u,0.0,0.0,5.0,247,53.0,0,0.0,0,0.0,0.2,361,58.0,1,0,1.0,476.0,57.0,0,6,0.0,738.0,75.0,0.0,0.2,0.0,9044,0,89047,8,0.0,0.0,0.0,0.0,0.0,0.27,0.0,0.0,0.0,12.15,2.0,471.0,54.0,0.0,764.0,83.0,0.0,758.0,83.0,0.2,488.0,59.0,,,,24,,Odsonne,Édouard,Édouard,has joined RC Lens permanently.,,2,0,0,0,0,0,0,0,0,0,0,0,1,,,,0.0,0.0,0.0,0.0,45.0,1,0,0
286,a,,,4.4,553,79.0,0,0.0,-1,1.0,0.3,313,51.0,0,0,0.0,668.0,70.0,0,0,0.0,610.0,60.0,0.0,0.0,0.0,45692,73,53631,91,0.0,0.0,0.0,0.0,0.0,0.0,0.0,0.0,0.0,0.0,0.0,662.0,70.0,0.0,658.0,69.0,0.0,634.0,69.0,0.0,664.0,70.0,,,,24,,Zach,Marsh,Marsh,,,0,0,0,0,0,0,0,0,0,0,0,0,0,,,,0.0,0.0,0.0,0.0,0.0,0,0,0
580,a,,,6.5,51,33.0,0,0.0,-5,5.0,2.5,116,38.0,41,0,2.0,330.0,150.0,2,137,1.4,244.0,104.0,0.2,6.3,0.0,1132284,353,1292643,506,1.4,1.4,1.57,0.42,1.99,16.59,0.15,0.04,0.19,1.61,155.4,268.0,114.0,127.2,189.0,125.0,162.0,133.0,77.0,44.3,228.0,112.0,,,,24,,Brennan,Johnson,Johnson,,,928,2,0,4,11,0,0,0,4,0,0,10,64,,,,0.0,0.39,1.07,0.97,6.21,16,20,28
690,d,25.0,25.0,4.4,557,334.0,0,0.0,-1,1.0,0.3,326,110.0,0,0,0.0,671.0,262.0,0,0,0.0,613.0,223.0,0.0,0.0,0.0,57929,1,54320,56,0.0,0.0,0.0,0.0,0.0,0.0,0.0,0.0,0.0,0.0,0.0,665.0,256.0,0.0,661.0,260.0,0.0,637.0,250.0,0.0,667.0,258.0,,,,24,,Rio,Cardines,Cardines,Groin Injury - 25% chance of playing,,0,0,0,0,0,0,0,0,0,0,0,0,0,,,,0.0,0.0,0.0,0.0,0.0,0,0,0
712,a,100.0,100.0,5.8,111,69.0,0,0.0,-2,2.0,0.2,349,117.0,58,0,2.8,225.0,97.0,3,234,3.0,107.0,45.0,0.5,10.0,0.0,121596,283,97345,194,3.0,3.0,3.58,4.52,8.1,20.82,0.22,0.28,0.5,1.28,247.2,184.0,77.0,478.3,20.0,19.0,301.0,57.0,35.0,102.4,45.0,32.0,1.0,1.0,,24,,Yéremy,Pino Santos,Yeremy,,,1462,2,1,6,19,0,0,0,3,0,0,18,118,,,,0.0,0.37,1.17,1.11,7.26,27,22,69
723,a,100.0,100.0,4.5,504,96.0,0,0.0,0,0.0,0.0,642,224.0,27,0,3.0,186.0,73.0,4,71,2.4,143.0,51.0,0.5,6.0,0.0,4349,17,3062,8,2.4,2.4,0.05,0.12,0.17,7.65,0.01,0.03,0.04,1.96,99.0,324.0,126.0,7.1,422.0,154.0,10.0,383.0,139.0,11.5,387.0,140.0,,,,24,,Jaydee,Canvot,Canvot,,,352,0,0,2,6,0,0,0,1,0,0,3,52,,,,0.0,0.51,1.53,0.77,13.3,16,36,13
732,a,,,5.5,155,40.0,0,0.0,0,0.0,0.1,577,77.0,14,0,1.3,423.0,50.0,0,36,0.4,351.0,42.0,0.1,2.5,0.0,12335,64,8865,34,0.4,0.4,0.36,0.01,0.37,4.05,0.28,0.01,0.29,3.2,10.8,441.0,50.0,5.5,427.0,53.0,65.0,270.0,48.0,7.8,412.0,50.0,,,,24,,Christantus,Uche,Uche,,,114,0,1,0,4,0,0,0,0,0,0,0,8,,,,0.0,0.0,3.16,0.0,6.32,1,1,6
762,a,,,4.5,507,313.0,0,0.0,0,0.0,0.0,770,334.0,2,0,1.0,466.0,215.0,0,6,0.2,383.0,173.0,0.0,0.4,0.0,493,6,242,2,0.2,0.2,0.0,0.0,0.0,0.73,0.0,0.0,0.0,9.39,1.4,475.0,220.0,1.0,451.0,218.0,0.0,717.0,309.0,0.3,483.0,224.0,,,,24,,Joél,Drakes-Thomas,Drakes-Thomas,,,7,0,0,0,1,0,0,0,0,0,0,0,3,,,,0.0,0.0,12.86,0.0,38.57,1,0,2
773,a,,,4.0,724,207.0,0,0.0,0,0.0,0.0,740,251.0,0,0,0.0,615.0,241.0,0,0,0.0,537.0,226.0,0.0,0.0,0.0,421,7,259,3,0.0,0.0,0.0,0.0,0.0,0.0,0.0,0.0,0.0,0.0,0.0,606.0,241.0,0.0,599.0,241.0,0.0,567.0,237.0,0.0,608.0,241.0,,,,24,,Dean,Benamar,Benamar,,,0,0,0,0,0,0,0,0,0,0,0,0,0,,,,0.0,0.0,0.0,0.0,0.0,0,0,0
780,a,,,4.5,501,72.0,0,0.0,0,0.0,0.0,712,86.0,0,0,0.0,735.0,79.0,0,0,0.0,689.0,69.0,0.0,0.0,0.0,1080,34,360,10,0.0,0.0,0.0,0.0,0.0,0.0,0.0,0.0,0.0,0.0,0.0,735.0,79.0,0.0,730.0,78.0,0.0,713.0,78.0,0.0,735.0,79.0,,,,24,,Ben,Casey,Casey,,,0,0,0,0,0,0,0,0,0,0,0,0,0,,,,0.0,0.0,0.0,0.0,0.0,0,0,0
793,a,,,4.0,712,195.0,0,0.0,0,0.0,0.0,747,255.0,0,0,0.0,606.0,232.0,0,0,0.0,528.0,217.0,0.0,0.0,0.0,428,22,128,7,0.0,0.0,0.0,0.0,0.0,0.0,0.0,0.0,0.0,0.0,0.0,597.0,232.0,0.0,590.0,232.0,0.0,558.0,228.0,0.0,599.0,232.0,,,,24,,George,King,King,,,0,0,0,0,0,0,0,0,0,0,0,0,0,,,,0.0,0.0,0.0,0.0,0.0,0,0,0
798,a,,,4.0,690,178.0,0,0.0,0,0.0,0.0,783,262.0,0,0,0.0,588.0,219.0,0,0,0.0,508.0,202.0,0.0,0.0,0.0,110,6,20,1,0.0,0.0,0.0,0.0,0.0,0.0,0.0,0.0,0.0,0.0,0.0,579.0,219.0,0.0,572.0,219.0,0.0,539.0,214.0,0.0,581.0,219.0,,,,24,,Danny,Imray,Imray,,,0,0,0,0,0,0,0,0,0,0,0,0,0,,,,0.0,0.0,0.0,0.0,0.0,0,0,0
242,a,100.0,100.0,4.9,311,193.0,0,0.0,-1,1.0,2.2,122,42.0,78,2,4.6,30.0,13.0,10,304,0.6,316.0,140.0,0.1,15.9,0.0,1537089,1489,1803840,748,0.6,0.6,1.99,2.81,4.8,18.98,0.13,0.18,0.31,1.24,299.6,151.0,55.0,326.5,54.0,44.0,214.0,94.0,58.0,84.0,82.0,49.0,2.0,,,24,,Kiernan,Dewsbury-Hall,Dewsbury-Hall,,,1380,4,3,6,17,0,0,0,5,0,0,16,115,,,,0.0,0.39,1.11,1.04,7.5,29,28,58
287,a,,,5.6,126,2.0,0,0.0,1,-1.0,14.2,28,4.0,105,2,4.4,40.0,1.0,11,404,3.8,58.0,3.0,0.7,18.8,0.0,1427794,5189,1078195,3966,3.8,3.8,0.0,0.13,0.13,34.68,0.0,0.01,0.01,1.44,577.0,16.0,4.0,0.1,474.0,16.0,0.0,793.0,91.0,57.7,171.0,6.0,,,,24,,Jordan,Pickford,Pickford,,,2160,0,0,9,27,0,1,0,0,0,66,24,97,,,,2.75,0.38,1.12,1.0,0.0,1,34,206
288,a,,,4.3,578,28.0,0,0.0,-2,2.0,0.1,454,70.0,0,0,0.0,628.0,87.0,0,0,0.0,561.0,83.0,0.0,0.0,0.0,4096,7,11349,20,0.0,0.0,0.0,0.0,0.0,0.0,0.0,0.0,0.0,0.0,0.0,619.0,87.0,0.0,615.0,79.0,0.0,587.0,66.0,0.0,621.0,87.0,,,,24,,Mark,Travers,Travers,,,0,0,0,0,0,0,0,0,0,0,0,0,0,,,,0.0,0.0,0.0,0.0,0.0,0,0,0
289,u,0.0,0.0,3.9,748,79.0,0,0.0,-1,1.0,0.1,472,73.0,0,0,0.0,534.0,46.0,0,0,0.0,453.0,40.0,0.0,0.0,0.0,4633,0,9176,36,0.0,0.0,0.0,0.0,0.0,0.0,0.0,0.0,0.0,0.0,0.0,525.0,46.0,0.0,516.0,33.0,0.0,481.0,18.0,0.0,527.0,46.0,,,,24,,Harry,Tyrer,Tyrer,has joined Cardiff City permanently.,,0,0,0,0,0,0,0,0,0,0,0,0,0,,,,0.0,0.0,0.0,0.0,0.0,0,0,0
290,a,100.0,100.0,5.3,200,25.0,0,0.0,-2,2.0,0.2,396,145.0,2,1,1.0,481.0,168.0,0,11,0.4,350.0,131.0,0.1,0.4,0.0,5896,377,68965,42,0.4,0.4,0.02,0.03,0.05,1.46,0.01,0.02,0.03,0.99,18.6,434.0,162.0,15.4,387.0,141.0,8.0,395.0,148.0,4.2,437.0,158.0,,,,24,,Jarrad,Branthwaite,Branthwaite,,,133,0,0,0,1,0,0,0,1,0,0,1,6,,,,0.0,0.0,0.68,0.68,4.06,1,5,10
291,a,,,5.8,103,7.0,0,0.0,3,-3.0,14.2,27,9.0,114,2,4.8,22.0,11.0,6,413,4.0,49.0,18.0,0.7,19.7,0.0,2180430,5519,1226136,7280,4.0,4.0,1.24,1.15,2.39,34.68,0.05,0.05,0.1,1.44,625.8,9.0,5.0,173.4,147.0,37.0,190.0,113.0,20.0,99.2,53.0,8.0,,,,24,,James,Tarkowski,Tarkowski,,,2160,0,1,9,27,0,0,0,4,0,0,24,291,,,,0.0,0.38,1.12,1.0,11.04,36,229,57
292,d,75.0,100.0,4.9,313,51.0,0,0.0,-1,1.0,0.8,206,79.0,64,0,3.2,156.0,63.0,1,228,2.0,175.0,63.0,0.4,13.1,0.0,132719,77,139380,1417,1.5,2.0,0.28,1.35,1.63,28.35,0.01,0.07,0.08,1.42,319.2,129.0,57.0,217.1,113.0,30.0,57.0,285.0,87.0,59.3,161.0,51.0,,,,24,,Vitalii,Mykolenko,Mykolenko,Knock - 75% chance of playing,,1795,0,0,7,25,0,0,0,4,0,0,20,162,,,,0.0,0.35,1.25,1.0,7.02,27,113,66
293,a,,,4.9,337,56.0,0,0.0,-1,1.0,0.8,201,77.0,85,5,3.5,123.0,45.0,2,290,4.0,45.0,17.0,0.8,17.3,0.0,137386,649,108392,284,4.0,4.0,0.68,0.61,1.29,33.86,0.03,0.03,0.06,1.5,388.2,83.0,38.0,194.7,132.0,31.0,113.0,198.0,48.0,69.9,121.0,38.0,,,,24,,Jake,O'Brien,O'Brien,,,2028,0,2,8,26,0,0,0,1,0,0,22,182,,,,0.0,0.36,1.15,0.98,6.83,34,120,78
294,a,100.0,100.0,4.2,621,142.0,0,0.0,-3,3.0,0.1,485,175.0,3,0,1.0,443.0,165.0,0,10,0.0,542.0,229.0,0.0,0.7,0.0,5338,23,17057,12,0.0,0.0,0.0,0.0,0.0,0.24,0.0,0.0,0.0,1.96,0.0,611.0,244.0,0.1,468.0,171.0,0.0,572.0,240.0,0.0,613.0,244.0,,,,24,,Séamus,Coleman,Coleman,,,11,0,0,0,0,0,0,0,0,0,0,1,0,,,,0.0,0.0,0.0,8.18,0.0,0,0,1
295,a,100.0,100.0,4.7,376,63.0,0,0.0,2,-2.0,4.0,85,28.0,98,2,4.9,18.0,8.0,8,291,1.4,234.0,90.0,0.3,20.9,0.0,1332831,1761,890153,1813,1.4,1.4,1.74,0.17,1.91,29.37,0.09,0.01,0.1,1.5,536.4,23.0,9.0,26.7,364.0,131.0,201.0,105.0,15.0,76.3,101.0,30.0,,,,24,,Michael,Keane,Keane,,,1766,3,0,6,26,0,0,0,0,1,0,20,233,,,,0.0,0.31,1.33,1.02,10.35,23,180,58
296,a,100.0,100.0,4.4,529,113.0,0,0.0,-1,1.0,0.0,606,217.0,21,1,3.5,120.0,43.0,0,68,2.4,142.0,50.0,0.5,4.8,0.0,5237,25,4931,49,2.4,2.4,0.03,0.04,0.07,3.55,0.01,0.02,0.03,1.35,63.6,373.0,144.0,6.2,425.0,155.0,17.0,367.0,130.0,8.6,407.0,147.0,,,,24,,Nathan,Patterson,Patterson,,,237,0,0,2,1,0,0,0,0,0,0,3,30,,,,0.0,0.76,0.38,1.14,11.39,10,20,14
297,a,,,3.8,789,244.0,0,0.0,-2,2.0,0.2,380,139.0,0,0,0.0,507.0,184.0,0,0,0.0,423.0,163.0,0.0,0.0,0.0,9163,13,19410,21,0.0,0.0,0.0,0.0,0.0,0.0,0.0,0.0,0.0,0.0,0.0,498.0,184.0,0.0,486.0,182.0,0.0,450.0,174.0,0.0,500.0,184.0,,,,24,,Roman,Dixon,Dixon,,,0,0,0,0,0,0,0,0,0,0,0,0,0,,,,0.0,0.0,0.0,0.0,0.0,0,0,0
298,a,,,3.8,787,242.0,0,0.0,-2,2.0,0.1,422,158.0,0,0,0.0,505.0,182.0,0,0,0.0,421.0,161.0,0.0,0.0,0.0,6751,11,13977,16,0.0,0.0,0.0,0.0,0.0,0.0,0.0,0.0,0.0,0.0,0.0,496.0,182.0,0.0,484.0,180.0,0.0,448.0,172.0,0.0,498.0,182.0,,,,24,,Reece,Welch,Welch,,,0,0,0,0,0,0,0,0,0,0,0,0,0,,,,0.0,0.0,0.0,0.0,0.0,0,0,0
299,a,100.0,100.0,6.2,75,49.0,0,0.0,-3,3.0,4.1,84,28.0,77,2,4.3,48.0,20.0,3,316,0.8,301.0,136.0,0.1,12.4,0.0,1619706,1690,2421231,1558,0.8,0.8,3.34,3.05,6.39,21.79,0.2,0.18,0.38,1.29,363.4,99.0,32.0,264.0,87.0,65.0,315.0,50.0,30.0,94.4,61.0,41.0,,,1.0,24,,Iliman,Ndiaye,Ndiaye,,,1523,4,2,6,21,0,0,0,2,0,0,18,165,,,,0.0,0.35,1.24,1.06,9.75,42,19,104
300,a,,,5.5,145,90.0,0,0.0,-5,5.0,0.2,384,129.0,29,0,2.1,316.0,141.0,0,99,1.8,200.0,88.0,0.3,5.3,0.0,30532,36,57526,206,1.8,1.8,0.46,0.68,1.14,12.17,0.07,0.1,0.17,1.78,76.0,356.0,159.0,127.8,188.0,124.0,45.0,304.0,160.0,24.9,321.0,155.0,,,,24,,Dwight,McNeil,McNeil,,,615,0,2,3,4,0,0,0,1,0,0,7,53,,,,0.0,0.44,0.59,1.02,7.76,11,11,31
301,a,100.0,100.0,5.2,218,135.0,0,0.0,-3,3.0,0.1,497,175.0,26,1,1.6,384.0,171.0,0,111,0.2,399.0,184.0,0.0,5.0,0.0,16545,18,28503,7,0.2,0.2,1.04,0.44,1.48,13.03,0.14,0.06,0.2,1.76,83.0,348.0,155.0,144.5,172.0,116.0,156.0,138.0,80.0,38.4,259.0,127.0,,,,24,,Carlos,Alcaraz Durán,Alcaraz,,,667,0,1,3,8,0,0,0,3,0,0,6,64,,,,0.0,0.4,1.08,0.81,8.64,13,10,41
302,a,100.0,100.0,5.4,156,97.0,0,0.0,-1,1.0,0.1,490,172.0,52,2,3.5,125.0,59.0,4,244,1.6,222.0,95.0,0.3,9.6,0.0,20841,67,26554,28,1.6,1.6,1.17,0.8,1.97,18.59,0.09,0.06,0.15,1.37,231.0,199.0,86.0,150.6,168.0,112.0,129.0,179.0,102.0,51.1,201.0,104.0,,,,24,,Idrissa Gana,Gueye,Gana,,,1220,2,1,3,15,0,0,0,0,1,0,15,125,,,,0.0,0.22,1.11,1.11,9.22,31,30,64
303,a,,,5.2,212,132.0,0,0.0,2,-2.0,4.6,79,27.0,105,4,4.4,38.0,16.0,10,523,4.0,47.0,21.0,0.8,20.2,0.0,889616,4710,340289,3859,4.0,4.0,1.65,3.21,4.86,34.62,0.07,0.13,0.2,1.45,549.4,21.0,6.0,487.1,18.0,17.0,179.0,121.0,70.0,121.7,27.0,21.0,3.0,3.0,,24,,James,Garner,Garner,,,2153,2,3,9,27,0,0,0,5,0,0,24,297,,,,0.0,0.38,1.13,1.0,12.42,73,98,126
304,a,100.0,25.0,4.8,367,229.0,0,0.0,-2,2.0,0.0,616,238.0,49,0,2.7,232.0,99.0,1,155,2.2,162.0,71.0,0.5,10.2,0.0,4985,6,5870,16,2.2,0.6,0.35,0.58,0.93,15.04,0.03,0.06,0.09,1.45,162.8,259.0,111.0,79.6,257.0,156.0,46.0,299.0,156.0,28.7,302.0,145.0,,,,24,,Tim,Iroegbunam,Iroegbunam,,,933,0,3,7,9,0,0,0,8,0,0,11,126,,,,0.0,0.68,0.87,1.06,12.15,43,28,55
305,a,100.0,100.0,4.5,492,302.0,0,0.0,0,0.0,0.1,539,192.0,12,2,2.0,322.0,142.0,0,40,2.2,160.0,69.0,0.5,2.7,0.0,6500,108,15426,17,2.2,2.2,0.0,0.13,0.13,4.73,0.0,0.04,0.04,1.36,37.8,403.0,177.0,35.5,345.0,180.0,10.0,382.0,192.0,8.4,410.0,185.0,,,,24,,Harrison,Armstrong,Armstrong,,,314,0,0,1,4,0,0,0,0,0,0,4,33,,,,0.0,0.29,1.15,1.15,9.46,7,12,14
306,a,,,4.3,606,352.0,0,0.0,-2,2.0,0.1,513,183.0,0,0,0.0,639.0,242.0,0,0,0.0,573.0,200.0,0.0,0.0,0.0,9961,39,12579,28,0.0,0.0,0.0,0.0,0.0,0.0,0.0,0.0,0.0,0.0,0.0,630.0,233.0,0.0,627.0,238.0,0.0,600.0,226.0,0.0,632.0,235.0,,,,24,,Callum,Bates,Bates,,,0,0,0,0,0,0,0,0,0,0,0,0,0,,,,0.0,0.0,0.0,0.0,0.0,0,0,0
307,a,,,4.4,541,324.0,0,0.0,-1,1.0,0.0,604,232.0,0,0,0.0,659.0,255.0,0,0,0.0,600.0,215.0,0.0,0.0,0.0,4137,6,5839,13,0.0,0.0,0.0,0.0,0.0,0.0,0.0,0.0,0.0,0.0,0.0,651.0,247.0,0.0,648.0,252.0,0.0,623.0,241.0,0.0,653.0,249.0,,,,24,,Coby,Ebere,Ebere,,,0,0,0,0,0,0,0,0,0,0,0,0,0,,,,0.0,0.0,0.0,0.0,0.0,0,0,0
308,u,0.0,0.0,4.5,448,268.0,0,0.0,0,0.0,0.0,683,284.0,0,0,0.0,697.0,281.0,0,0,0.0,646.0,246.0,0.0,0.0,0.0,458,0,3719,0,0.0,0.0,0.0,0.0,0.0,0.0,0.0,0.0,0.0,0.0,0.0,693.0,277.0,0.0,690.0,279.0,0.0,670.0,271.0,0.0,694.0,278.0,,,,24,,Isaac,Heath,Heath,has joined Accrington on loan for the rest of the season.,,0,0,0,0,0,0,0,0,0,0,0,0,0,,,,0.0,0.0,0.0,0.0,0.0,0,0,0
309,u,0.0,0.0,4.5,444,266.0,0,0.0,0,0.0,0.0,806,360.0,0,0,0.0,695.0,279.0,0,0,0.0,644.0,244.0,0.0,0.0,0.0,0,0,110,1,0.0,0.0,0.0,0.0,0.0,0.0,0.0,0.0,0.0,0.0,0.0,691.0,275.0,0.0,688.0,277.0,0.0,668.0,269.0,0.0,692.0,276.0,,,,24,,Jenson,Metcalfe,Metcalfe,Has joined Bradford City permanently.,,0,0,0,0,0,0,0,0,0,0,0,0,0,,,,0.0,0.0,0.0,0.0,0.0,0,0,0
310,a,,,5.7,122,33.0,0,0.0,-3,3.0,1.3,165,28.0,61,2,2.5,264.0,26.0,5,193,5.4,14.0,6.0,0.9,10.7,0.0,225240,2592,149859,1903,5.4,5.4,3.8,0.35,4.15,21.13,0.25,0.02,0.27,1.4,212.8,213.0,18.0,143.2,174.0,16.0,341.0,44.0,18.0,68.3,128.0,17.0,,,,24,,Thierno,Barry,Barry,,,1357,5,0,7,18,0,0,0,2,0,0,16,46,,,,0.0,0.46,1.19,1.06,3.05,2,23,21
311,a,,,5.0,264,54.0,0,0.0,-5,5.0,2.4,118,19.0,45,7,1.9,341.0,34.0,3,115,3.0,104.0,14.0,0.6,9.0,0.0,429144,894,1091094,673,3.0,3.0,5.05,0.14,5.19,14.97,0.55,0.02,0.57,1.62,158.8,264.0,26.0,53.6,309.0,33.0,326.0,48.0,19.0,52.3,192.0,22.0,,,2.0,24,,Norberto Bercique,Gomes Betuncal,Beto,,,832,3,0,2,12,0,0,0,1,0,0,8,49,,,,0.0,0.22,1.3,0.87,5.3,9,24,16
312,u,0.0,0.0,4.9,336,61.0,0,0.0,-1,1.0,0.1,534,75.0,0,0,0.0,763.0,83.0,0,0,0.0,731.0,74.0,0.0,0.0,0.0,2418,0,14445,3,0.0,0.0,0.0,0.0,0.0,0.0,0.0,0.0,0.0,0.0,0.0,763.0,83.0,0.0,759.0,82.0,0.0,751.0,82.0,0.0,763.0,83.0,,,,24,,Youssef,Ramalho Chermiti,Y.Chermiti,has joined Rangers permanently.,,0,0,0,0,0,0,0,0,0,0,0,0,0,,,,0.0,0.0,0.0,0.0,0.0,0,0,0
313,a,100.0,100.0,4.4,548,77.0,0,0.0,-1,1.0,0.1,441,64.0,0,0,0.0,664.0,68.0,0,0,0.0,605.0,58.0,0.0,0.0,0.0,8750,43,25515,21,0.0,0.0,0.0,0.0,0.0,0.0,0.0,0.0,0.0,0.0,0.0,657.0,68.0,0.0,653.0,67.0,0.0,629.0,67.0,0.0,659.0,68.0,,,,24,,Martin,Sherif,Sherif,,,0,0,0,0,0,0,0,0,0,0,0,0,0,,,,0.0,0.0,0.0,0.0,0.0,0,0,0
419,i,0.0,0.0,6.3,63,42.0,-1,1.0,-2,2.0,7.0,55,20.0,79,0,4.0,72.0,31.0,12,356,2.4,153.0,66.0,0.4,12.5,0.0,3789962,24,3625375,9747,0.0,0.0,2.05,3.37,5.41,25.81,0.11,0.19,0.3,1.43,374.2,93.0,29.0,520.5,15.0,15.0,397.0,29.0,15.0,129.2,22.0,18.0,,,,24,,Jack,Grealish,Grealish,Foot injury - Expected back 01 Jun,,1627,2,6,7,23,0,0,0,3,1,0,18,135,,,,0.0,0.39,1.27,1.0,7.47,20,27,88
667,a,100.0,100.0,4.2,635,150.0,0,0.0,-3,3.0,0.1,567,205.0,0,0,0.0,622.0,244.0,0,0,0.0,548.0,231.0,0.0,0.0,0.0,2405,4,12039,9,0.0,0.0,0.0,0.0,0.0,0.0,0.0,0.0,0.0,0.0,0.0,614.0,245.0,0.0,609.0,244.0,0.0,579.0,241.0,0.0,616.0,245.0,,,,24,,Adam,Aznou,Aznou,,,0,0,0,0,0,0,0,0,0,0,0,0,0,,,,0.0,0.0,0.0,0.0,0.0,0,0,0
704,u,0.0,0.0,4.5,434,259.0,0,0.0,0,0.0,0.1,579,215.0,0,0,0.0,690.0,274.0,0,0,0.0,637.0,237.0,0.0,0.0,0.0,8420,0,10073,8,0.0,0.0,0.0,0.0,0.0,0.0,0.0,0.0,0.0,0.0,0.0,685.0,269.0,0.0,683.0,272.0,0.0,662.0,264.0,0.0,687.0,271.0,,,,24,,Tyler,Onyango,Onyango,has joined Stockport County on loan for the rest of the season.,,0,0,0,0,0,0,0,0,0,0,0,0,0,,,,0.0,0.0,0.0,0.0,0.0,0,0,0
705,a,,,3.9,760,222.0,0,0.0,-1,1.0,0.2,394,143.0,0,0,0.0,542.0,198.0,0,0,0.0,461.0,180.0,0.0,0.0,0.0,18445,21,15314,23,0.0,0.0,0.0,0.0,0.0,0.0,0.0,0.0,0.0,0.0,0.0,533.0,198.0,0.0,524.0,198.0,0.0,489.0,191.0,0.0,535.0,198.0,,,,24,,Elijah,Campbell,Campbell,,,0,0,0,0,0,0,0,0,0,0,0,0,0,,,,0.0,0.0,0.0,0.0,0.0,0,0,0
707,a,,,5.3,202,125.0,0,0.0,-2,2.0,0.0,639,258.0,17,1,1.3,422.0,191.0,0,46,0.6,320.0,144.0,0.1,3.2,0.0,7462,3,6598,24,0.6,0.6,0.2,0.14,0.34,5.98,0.05,0.04,0.09,1.55,46.0,392.0,173.0,61.0,293.0,168.0,32.0,330.0,174.0,13.6,375.0,175.0,,,,24,,Tyler,Dibling,Dibling,,,348,0,0,2,2,0,0,0,2,0,0,4,40,,,,0.0,0.52,0.52,1.03,10.34,7,11,22
728,a,100.0,100.0,5.0,275,168.0,0,0.0,0,0.0,0.0,704,297.0,16,0,1.6,382.0,170.0,0,39,1.0,272.0,119.0,0.2,3.2,0.0,1337,8,1257,16,1.0,1.0,0.5,0.17,0.67,6.27,0.13,0.04,0.17,1.6,61.2,376.0,164.0,65.9,281.0,164.0,32.0,329.0,173.0,15.9,364.0,170.0,,,,24,,Merlin,Röhl,Röhl,,,353,0,0,2,4,0,0,0,0,0,0,2,43,,,,0.0,0.51,1.02,0.51,10.96,15,10,18
779,a,,,4.5,499,71.0,0,0.0,0,0.0,0.0,680,84.0,0,0,0.0,734.0,78.0,0,0,0.0,687.0,68.0,0.0,0.0,0.0,1659,50,615,16,0.0,0.0,0.0,0.0,0.0,0.0,0.0,0.0,0.0,0.0,0.0,734.0,78.0,0.0,729.0,77.0,0.0,712.0,77.0,0.0,734.0,78.0,,,,24,,Braiden,Graham,Graham,,,0,0,0,0,0,0,0,0,0,0,0,0,0,,,,0.0,0.0,0.0,0.0,0.0,0,0,0
314,a,,,4.9,287,11.0,0,0.0,-1,1.0,1.6,149,20.0,70,0,3.0,188.0,17.0,3,316,2.0,173.0,17.0,0.4,14.3,0.0,198517,220,218542,291,2.0,2.0,0.0,0.0,0.0,31.97,0.0,0.0,0.0,1.39,516.6,31.0,9.0,0.0,744.0,88.0,0.0,734.0,82.0,51.5,199.0,10.0,,,,24,,Bernd,Leno,Leno,,,2070,0,0,5,32,0,0,0,3,0,60,23,107,,,,2.61,0.22,1.39,1.0,0.0,2,30,188
315,a,100.0,100.0,4.0,668,49.0,0,0.0,0,0.0,0.0,734,85.0,0,0,0.0,569.0,67.0,0,0,0.0,488.0,61.0,0.0,0.0,0.0,468,26,575,6,0.0,0.0,0.0,0.0,0.0,0.0,0.0,0.0,0.0,0.0,0.0,560.0,67.0,0.0,553.0,56.0,0.0,520.0,41.0,0.0,562.0,67.0,,,,24,,Steven,Benda,Benda,,,0,0,0,0,0,0,0,0,0,0,0,0,0,,,,0.0,0.0,0.0,0.0,0.0,0,0,0
316,a,100.0,100.0,4.9,295,46.0,0,0.0,-1,1.0,0.8,205,78.0,32,0,2.9,201.0,80.0,4,134,1.2,254.0,95.0,0.2,6.5,0.0,135290,418,156215,259,1.2,1.2,0.22,1.09,1.31,12.2,0.03,0.13,0.16,1.5,178.8,247.0,99.0,194.2,135.0,32.0,32.0,328.0,105.0,40.5,247.0,83.0,,,,24,,Antonee,Robinson,Robinson,,,731,0,0,2,8,0,0,0,0,0,0,8,66,,,,0.0,0.25,0.98,0.98,8.0,25,40,44
317,a,100.0,100.0,4.6,394,67.0,0,0.0,1,-1.0,5.1,74,25.0,86,0,3.9,77.0,30.0,5,305,3.0,102.0,36.0,0.7,18.7,0.0,1144856,1403,838236,875,3.0,3.0,0.73,1.42,2.15,28.51,0.03,0.07,0.1,1.33,562.0,19.0,7.0,87.7,241.0,71.0,81.0,244.0,68.0,73.2,110.0,35.0,,,,24,,Joachim,Andersen,Andersen,,,1931,0,1,5,29,0,0,0,4,0,0,22,270,,,,0.0,0.23,1.35,1.03,10.86,29,204,83
318,a,100.0,100.0,4.4,526,110.0,0,0.0,-1,1.0,0.4,280,106.0,55,0,3.4,130.0,49.0,6,178,0.0,593.0,244.0,0.0,12.5,0.0,97020,241,117111,70,0.0,0.0,0.91,0.18,1.09,20.78,0.06,0.01,0.07,1.38,335.2,117.0,52.0,74.1,268.0,83.0,54.0,291.0,89.0,46.5,220.0,73.0,,,,24,,Calvin,Bassey,Bassey,,,1358,1,0,3,25,0,0,0,3,0,0,15,160,,,,0.0,0.2,1.66,0.99,7.95,31,89,66
319,a,,,4.3,573,126.0,0,0.0,-2,2.0,0.1,460,169.0,25,0,1.4,402.0,146.0,0,115,1.4,231.0,87.0,0.3,5.8,0.0,17407,38,23273,19,1.4,1.4,0.94,0.47,1.41,17.95,0.09,0.04,0.13,1.71,194.8,233.0,95.0,121.1,196.0,49.0,83.0,241.0,67.0,40.0,252.0,85.0,,,,24,,Timothy,Castagne,Castagne,,,944,0,1,0,19,0,0,0,3,0,0,10,98,,,,0.0,0.0,1.81,0.95,7.91,20,63,29
320,a,,,4.3,575,128.0,0,0.0,-2,2.0,0.1,521,187.0,10,0,1.2,426.0,155.0,0,29,0.8,288.0,104.0,0.2,2.3,0.0,6551,14,10765,5,0.8,0.8,0.02,0.03,0.05,8.18,0.0,0.01,0.01,1.79,72.4,362.0,137.0,4.3,430.0,157.0,8.0,389.0,145.0,8.5,409.0,148.0,,,,24,,Issa,Diop,Diop,,,412,0,0,0,9,0,0,0,1,0,0,4,42,,,,0.0,0.0,1.97,0.87,7.65,5,30,10
321,a,,,4.3,581,132.0,0,0.0,-2,2.0,0.1,561,201.0,34,0,3.4,129.0,48.0,1,133,2.0,172.0,62.0,0.5,7.9,0.0,5287,26,5909,11,2.0,2.0,0.05,0.08,0.13,10.85,0.01,0.01,0.02,1.3,195.2,232.0,94.0,24.6,368.0,133.0,10.0,380.0,137.0,23.1,328.0,110.0,,,,24,,Jorge,Cuenca Barreno,J.Cuenca,,,753,0,0,2,7,0,0,0,4,0,0,9,99,,,,0.0,0.24,0.84,1.08,11.12,13,80,34
322,d,75.0,75.0,4.5,410,75.0,0,0.0,0,0.0,0.3,320,119.0,65,0,4.1,58.0,25.0,5,251,0.0,621.0,245.0,0.0,14.4,0.0,154632,4,145564,163,0.0,0.0,0.38,0.92,1.3,19.78,0.03,0.06,0.09,1.32,322.4,122.0,54.0,137.2,178.0,43.0,79.0,248.0,70.0,53.9,184.0,61.0,,,,24,,Kenny,Tete,Tete,Lack of match fitness - 75% chance of playing,,1346,1,0,5,18,0,0,0,2,0,0,16,149,,,,0.0,0.33,1.2,1.07,8.42,51,75,56
323,a,,,3.8,805,259.0,0,0.0,-2,2.0,0.1,419,156.0,0,0,0.0,517.0,193.0,0,0,0.0,435.0,174.0,0.0,0.0,0.0,8485,13,16041,23,0.0,0.0,0.0,0.0,0.0,0.0,0.0,0.0,0.0,0.0,0.0,508.0,193.0,0.0,498.0,193.0,0.0,463.0,186.0,0.0,510.0,193.0,,,,24,,Samuel,Amissah,Amissah,,,0,0,0,0,0,0,0,0,0,0,0,0,0,,,,0.0,0.0,0.0,0.0,0.0,0,0,0
324,a,100.0,100.0,6.3,64,43.0,0,0.0,-2,2.0,0.7,209,70.0,58,0,3.4,139.0,63.0,5,273,0.4,358.0,161.0,0.1,9.2,0.0,284627,314,390502,102,0.4,0.4,0.79,2.1,2.89,21.95,0.05,0.13,0.18,1.4,272.2,168.0,64.0,376.3,41.0,38.0,150.0,147.0,83.0,80.0,91.0,53.0,5.0,,,24,,Alex,Iwobi,Iwobi,,,1416,2,2,3,25,0,0,0,2,0,0,17,105,,,,0.0,0.19,1.59,1.08,6.67,18,20,67
325,a,100.0,100.0,5.6,129,79.0,0,0.0,-4,4.0,0.6,233,82.0,54,0,2.3,287.0,125.0,1,232,2.4,150.0,64.0,0.4,9.6,0.0,152308,209,194366,315,2.4,2.4,2.98,0.67,3.65,17.88,0.26,0.06,0.32,1.54,207.6,223.0,93.0,213.9,117.0,83.0,226.0,85.0,53.0,64.8,141.0,77.0,,,,24,,Emile,Smith Rowe,Smith Rowe,,,1046,3,1,3,14,0,0,0,1,0,0,11,85,,,,0.0,0.26,1.2,0.95,7.31,14,27,44
327,u,0.0,0.0,5.3,188,115.0,0,0.0,-2,2.0,0.1,550,200.0,0,0,0.0,784.0,346.0,0,0,0.0,766.0,337.0,0.0,0.0,0.0,2438,0,35505,1,0.0,0.0,0.0,0.0,0.0,0.0,0.0,0.0,0.0,0.0,0.0,784.0,346.0,0.0,783.0,346.0,0.0,778.0,345.0,0.0,784.0,346.0,,,,24,,Andreas,Hoelgebaum Pereira,Andreas,has joined Palmeiras permanently.,,0,0,0,0,0,0,0,0,0,0,0,0,0,,,,0.0,0.0,0.0,0.0,0.0,0,0,0
328,a,100.0,100.0,5.4,163,101.0,0,0.0,-1,1.0,0.2,408,138.0,61,0,3.8,94.0,43.0,5,213,1.0,276.0,123.0,0.2,11.3,0.0,141727,43,135709,52,1.0,1.0,0.92,1.29,2.21,17.36,0.07,0.1,0.17,1.28,266.8,174.0,68.0,123.2,195.0,129.0,137.0,163.0,92.0,52.4,191.0,99.0,,,,24,,Ryan,Sessegnon,Sessegnon,,,1218,2,2,4,21,0,0,0,0,0,0,14,140,,,,0.0,0.3,1.55,1.03,10.34,27,67,46
329,a,100.0,100.0,6.1,80,53.0,0,0.0,6,-6.0,24.4,14,5.0,114,0,5.2,12.0,6.0,16,432,5.4,15.0,7.0,0.9,18.7,0.0,4064162,18169,1065896,4741,5.4,5.4,3.9,2.84,6.74,23.04,0.21,0.15,0.36,1.24,491.8,44.0,11.0,389.5,37.0,34.0,415.0,27.0,14.0,129.4,21.0,17.0,3.0,3.0,3.0,24,,Harry,Wilson,Wilson,,,1674,8,6,6,21,0,0,0,6,0,0,20,115,,,,0.0,0.32,1.13,1.08,6.18,19,42,54
330,a,,,4.9,304,188.0,0,0.0,-1,1.0,0.1,514,184.0,57,0,2.5,259.0,112.0,3,342,2.8,117.0,51.0,0.6,11.6,0.0,9887,23,11094,21,2.8,2.8,0.64,0.89,1.53,29.46,0.03,0.04,0.07,1.39,319.6,127.0,44.0,247.6,94.0,70.0,46.0,300.0,157.0,61.5,152.0,83.0,,,,24,,Sander,Berge,Berge,,,1901,0,2,5,30,1,0,0,4,0,0,22,187,,,,0.0,0.24,1.42,1.04,8.85,37,64,86
331,a,100.0,100.0,4.8,348,217.0,0,0.0,-2,2.0,0.0,630,250.0,23,0,1.5,396.0,176.0,1,96,1.2,252.0,108.0,0.3,4.8,0.0,2422,9,4174,8,1.2,1.2,0.85,0.27,1.12,7.98,0.17,0.05,0.22,1.62,76.8,354.0,158.0,82.1,254.0,153.0,48.0,296.0,154.0,20.8,341.0,163.0,,,,24,,Tom,Cairney,Cairney,,,442,1,0,0,8,0,0,0,2,0,0,3,34,,,,0.0,0.0,1.63,0.61,6.92,3,7,24
332,i,0.0,0.0,4.9,308,191.0,0,0.0,-1,1.0,0.1,548,198.0,50,0,2.6,243.0,105.0,3,225,1.0,270.0,117.0,0.2,10.2,0.0,14534,0,18367,28,0.0,0.0,1.74,1.35,3.09,18.45,0.13,0.1,0.23,1.37,232.0,198.0,85.0,338.7,51.0,42.0,119.0,193.0,108.0,68.9,125.0,68.0,1.0,,,24,,Saša,Lukić,Lukić,Hamstring injury - Expected back 22 Feb,,1208,1,3,4,17,0,0,0,6,0,0,15,127,,,,0.0,0.3,1.27,1.12,9.46,35,43,49
333,u,0.0,0.0,4.5,470,286.0,0,0.0,0,0.0,0.0,658,271.0,0,0,0.0,711.0,293.0,0,0,0.0,662.0,260.0,0.0,0.0,0.0,898,0,6548,0,0.0,0.0,0.0,0.0,0.0,0.0,0.0,0.0,0.0,0.0,0.0,709.0,291.0,0.0,705.0,292.0,0.0,687.0,286.0,0.0,710.0,292.0,,,,24,,Martial,Godo,Godo,has joined Strasbourg permanently.,,0,0,0,0,0,0,0,0,0,0,0,0,0,,,,0.0,0.0,0.0,0.0,0.0,0,0,0
334,u,0.0,0.0,4.5,452,271.0,0,0.0,0,0.0,0.0,793,349.0,0,0,0.0,700.0,284.0,0,0,0.0,649.0,249.0,0.0,0.0,0.0,0,0,305,0,0.0,0.0,0.0,0.0,0.0,0.0,0.0,0.0,0.0,0.0,0.0,696.0,280.0,0.0,693.0,282.0,0.0,673.0,274.0,0.0,697.0,281.0,,,,24,,Luke,Harris,Harris,Has joined Oxford United on loan for the rest of the season.,,0,0,0,0,0,0,0,0,0,0,0,0,0,,,,0.0,0.0,0.0,0.0,0.0,0,0,0
335,a,100.0,100.0,4.4,554,332.0,0,0.0,-1,1.0,1.8,140,46.0,36,0,1.8,349.0,155.0,0,124,1.0,266.0,114.0,0.2,8.2,0.0,920006,567,824187,531,1.0,1.0,1.17,0.42,1.59,12.9,0.12,0.04,0.16,1.32,104.4,318.0,141.0,105.6,216.0,136.0,172.0,126.0,72.0,37.4,262.0,128.0,,,,24,,Josh,King,King,,,878,0,2,3,15,0,0,0,3,0,0,11,71,,,,0.0,0.31,1.54,1.13,7.28,18,15,38
336,a,,,4.3,572,339.0,0,0.0,-2,2.0,0.3,303,103.0,11,0,2.8,214.0,92.0,2,34,1.8,186.0,81.0,0.4,2.6,0.0,63735,619,58428,135,1.8,1.8,0.04,0.24,0.28,0.41,0.26,1.54,1.8,2.64,35.6,406.0,180.0,8.4,418.0,203.0,7.0,400.0,195.0,5.1,426.0,192.0,,,,24,,Harrison,Reed,Reed,,,14,1,0,0,1,0,0,0,0,0,0,0,1,,,,0.0,0.0,6.43,0.0,6.43,0,0,1
337,a,100.0,100.0,6.2,72,24.0,0,0.0,-3,3.0,1.9,138,21.0,71,0,3.2,164.0,13.0,5,262,2.8,126.0,17.0,0.5,11.5,0.0,508256,731,541908,1935,2.8,2.8,6.33,0.69,7.02,22.38,0.38,0.04,0.42,1.36,296.6,153.0,13.0,240.3,100.0,4.0,494.0,18.0,10.0,102.7,43.0,9.0,,1.0,1.0,24,,Raúl,Jiménez Rodríguez,Raúl,,,1485,5,4,5,18,0,0,0,4,0,0,18,86,,,,0.0,0.3,1.09,1.09,5.21,18,30,38
338,d,50.0,25.0,5.3,195,45.0,0,0.0,-2,2.0,0.7,218,34.0,17,0,2.4,272.0,28.0,3,47,0.0,767.0,78.0,0.0,3.2,0.0,255406,9,434023,64,0.0,0.0,0.94,0.01,0.95,5.66,0.24,0.0,0.24,1.46,61.8,375.0,39.0,42.0,332.0,39.0,122.0,191.0,42.0,22.2,335.0,40.0,,,,24,,Rodrigo,Muniz Carvalho,Muniz,Hamstring injury - 50% chance of playing,,348,1,1,1,4,1,0,0,1,0,0,4,19,,,,0.0,0.26,1.03,1.03,4.91,3,9,7
424,i,0.0,0.0,5.1,237,145.0,0,0.0,-4,4.0,0.2,375,125.0,18,0,2.0,325.0,145.0,0,82,0.0,760.0,333.0,0.0,3.5,0.0,82357,103,95336,25,0.0,0.0,0.4,1.15,1.55,5.1,0.08,0.22,0.3,0.99,69.8,364.0,161.0,154.3,160.0,108.0,87.0,237.0,128.0,31.2,292.0,141.0,,,,24,,Oscar,Bobb,Bobb,Hamstring injury - Unknown return date,,464,0,1,2,5,0,0,0,1,0,0,5,29,,,,0.0,0.39,0.97,0.97,5.62,8,3,18
664,a,,,3.9,733,71.0,0,0.0,-1,1.0,0.7,210,27.0,0,0,0.0,524.0,38.0,0,0,0.0,442.0,32.0,0.0,0.0,0.0,38809,47,48917,96,0.0,0.0,0.0,0.0,0.0,0.0,0.0,0.0,0.0,0.0,0.0,515.0,38.0,0.0,506.0,25.0,0.0,471.0,10.0,0.0,517.0,38.0,,,,24,,Benjamin,Lecomte,Lecomte,,,0,0,0,0,0,0,0,0,0,0,0,0,0,,,,0.0,0.0,0.0,0.0,0.0,0,0,0
727,d,75.0,75.0,5.3,193,120.0,0,0.0,-2,2.0,0.1,483,169.0,41,0,4.1,60.0,26.0,1,167,1.2,260.0,111.0,0.2,7.7,0.0,93596,47,85430,127,0.9,0.9,1.26,2.17,3.43,6.35,0.27,0.46,0.73,1.35,205.6,225.0,94.0,151.6,165.0,110.0,147.0,150.0,85.0,50.5,204.0,106.0,,,,24,,Samuel,Chukwueze,Chukwueze,Personal Reasons - 75% chance of playing,,424,3,4,0,10,0,0,0,0,0,0,3,33,,,,0.0,0.0,2.12,0.64,7.0,2,7,24
731,a,100.0,100.0,5.8,113,71.0,0,0.0,-2,2.0,0.1,553,202.0,34,0,1.8,359.0,160.0,0,129,1.4,241.0,102.0,0.2,5.9,0.0,31433,41,27459,28,1.4,1.4,0.94,1.27,2.21,11.98,0.11,0.14,0.25,1.37,156.6,266.0,113.0,202.5,126.0,91.0,188.0,114.0,66.0,54.5,181.0,96.0,4.0,,,24,,Kevin,Santos Lopes de Macedo,Kevin,,,789,0,2,4,12,0,0,0,1,0,0,7,64,,,,0.0,0.46,1.37,0.8,7.3,17,14,33
737,a,,,4.5,502,73.0,0,0.0,0,0.0,0.1,494,69.0,4,0,0.8,490.0,59.0,0,11,0.2,382.0,44.0,0.0,0.9,0.0,17179,75,13326,30,0.2,0.2,0.0,0.07,0.07,0.75,0.0,0.21,0.21,2.25,1.2,477.0,56.0,11.4,399.0,52.0,8.0,392.0,53.0,2.1,451.0,54.0,,,,24,,Jonah,Kusi-Asare,Kusi-Asare,,,30,0,0,0,2,0,0,0,1,0,0,0,2,,,,0.0,0.0,6.0,0.0,6.0,0,0,2
770,a,,,4.5,497,307.0,0,0.0,0,0.0,0.0,775,337.0,0,0,0.0,732.0,309.0,0,0,0.0,685.0,278.0,0.0,0.0,0.0,416,4,196,1,0.0,0.0,0.0,0.0,0.0,0.0,0.0,0.0,0.0,0.0,0.0,732.0,309.0,0.0,727.0,309.0,0.0,710.0,304.0,0.0,732.0,309.0,,,,24,,Seth,Ridgeon,Ridgeon,,,0,0,0,0,0,0,0,0,0,0,0,0,0,,,,0.0,0.0,0.0,0.0,0.0,0,0,0
786,a,,,4.0,691,60.0,0,0.0,0,0.0,0.0,769,86.0,0,0,0.0,589.0,78.0,0,0,0.0,509.0,72.0,0.0,0.0,0.0,275,5,119,2,0.0,0.0,0.0,0.0,0.0,0.0,0.0,0.0,0.0,0.0,0.0,580.0,78.0,0.0,573.0,67.0,0.0,540.0,52.0,0.0,582.0,78.0,,,,24,,Alfie,McNally,McNally,,,0,0,0,0,0,0,0,0,0,0,0,0,0,,,,0.0,0.0,0.0,0.0,0.0,0,0,0
168,a,100.0,100.0,4.6,400,247.0,0,0.0,-4,4.0,0.1,482,168.0,2,1,0.7,493.0,233.0,0,5,0.2,385.0,174.0,0.0,0.4,0.0,13693,61,26929,51,0.2,-0.8,0.04,0.1,0.14,1.86,0.05,0.13,0.18,2.43,6.0,453.0,205.0,25.7,365.0,188.0,17.0,368.0,186.0,4.8,432.0,195.0,,,,24,,Facundo,Buonanotte,Buonanotte,,,69,0,0,0,2,0,0,0,1,0,0,1,5,,,,0.0,0.0,2.61,1.3,6.52,1,1,3
339,a,,,4.2,631,35.0,0,0.0,-3,3.0,0.3,297,39.0,0,0,0.0,621.0,86.0,0,0,0.0,545.0,80.0,0.0,0.0,0.0,11832,21,61282,26,0.0,-1.0,0.0,0.0,0.0,0.0,0.0,0.0,0.0,0.0,0.0,613.0,86.0,0.0,606.0,76.0,0.0,576.0,62.0,0.0,615.0,86.0,,,,24,,Illan,Meslier,Meslier,,,0,0,0,0,0,0,0,0,0,0,0,0,0,,,,0.0,0.0,0.0,0.0,0.0,0,0,0
340,a,,,3.9,734,72.0,0,0.0,-1,1.0,0.2,409,62.0,0,0,0.0,525.0,39.0,0,0,0.0,443.0,33.0,0.0,0.0,0.0,7532,11,13833,15,0.0,-1.0,0.0,0.0,0.0,0.0,0.0,0.0,0.0,0.0,0.0,516.0,39.0,0.0,507.0,26.0,0.0,472.0,11.0,0.0,518.0,39.0,,,,24,,Alex,Cairns,Cairns,,,0,0,0,0,0,0,0,0,0,0,0,0,0,,,,0.0,0.0,0.0,0.0,0.0,0,0,0
341,a,,,3.9,729,67.0,0,0.0,-1,1.0,2.1,125,17.0,17,-1,2.1,306.0,26.0,0,86,1.4,229.0,19.0,0.4,4.4,0.0,168714,783,248957,291,1.4,0.4,0.0,0.02,0.02,7.61,0.0,0.0,0.0,0.95,160.6,262.0,22.0,0.0,502.0,21.0,0.0,467.0,6.0,16.1,362.0,22.0,,,,24,,Karl,Darlow,Darlow,,,720,0,0,1,13,1,0,0,0,0,20,8,59,,,,2.5,0.12,1.62,1.0,0.0,0,10,78
342,a,100.0,100.0,4.4,522,106.0,0,0.0,-1,1.0,0.2,402,147.0,53,0,2.4,268.0,106.0,0,139,1.6,208.0,76.0,0.4,12.0,0.0,27647,55,34870,53,1.6,0.6,1.15,1.08,2.23,25.84,0.06,0.05,0.11,1.26,239.6,193.0,78.0,179.1,141.0,35.0,132.0,170.0,35.0,55.2,177.0,57.0,,,,24,,Jayden,Bogle,Bogle,,,1840,0,2,4,35,0,0,0,4,0,0,21,158,,,,0.0,0.2,1.71,1.03,5.58,42,72,98
343,a,100.0,100.0,4.3,576,129.0,0,0.0,-2,2.0,0.5,255,96.0,70,2,3.2,151.0,59.0,3,249,4.4,31.0,9.0,1.0,16.3,0.0,82387,1627,69312,202,4.4,3.4,2.35,0.47,2.82,28.86,0.11,0.02,0.13,1.37,473.4,46.0,19.0,106.7,214.0,55.0,201.0,104.0,14.0,78.1,95.0,25.0,,,3.0,24,,Pascal,Struijk,Struijk,,,1898,0,1,4,36,0,0,0,3,0,0,21,219,,,,0.0,0.19,1.71,1.0,9.48,25,175,83
344,i,0.0,0.0,3.9,746,215.0,0,0.0,-1,1.0,0.4,264,100.0,43,0,3.6,107.0,38.0,2,150,1.4,230.0,86.0,0.4,11.0,0.0,98319,6,69221,552,0.0,0.0,0.48,0.5,0.98,16.9,0.04,0.05,0.09,1.55,268.4,171.0,72.0,37.7,341.0,118.0,129.0,177.0,37.0,43.5,230.0,79.0,,,,24,,Jaka,Bijol,Bijol,Hamstring injury - Expected back 10 Feb,,982,1,2,1,18,0,0,0,1,0,0,11,111,,,,0.0,0.09,1.65,1.01,9.16,14,86,38
345,a,100.0,100.0,3.8,785,240.0,0,0.0,-2,2.0,0.1,420,157.0,16,0,2.3,277.0,108.0,0,48,1.6,204.0,72.0,0.4,4.2,0.0,18577,158,13371,61,1.6,0.6,0.0,0.01,0.01,4.24,0.0,0.0,0.0,1.53,60.4,378.0,146.0,5.1,428.0,156.0,6.0,405.0,152.0,7.1,416.0,151.0,,,,24,,Sebastiaan,Bornauw,Bornauw,,,249,0,0,1,3,0,0,0,0,0,0,3,32,,,,0.0,0.36,1.08,1.08,11.57,5,27,6
346,a,,,3.8,776,232.0,0,0.0,-2,2.0,0.2,370,135.0,1,0,1.0,433.0,156.0,0,-2,0.0,413.0,154.0,0.0,0.3,0.0,22384,23,31887,27,0.0,-1.0,0.0,0.0,0.0,0.79,0.0,0.0,0.0,10.16,0.0,491.0,178.0,0.0,478.0,175.0,0.0,442.0,167.0,0.0,493.0,178.0,,,,24,,Sam,Byram,Byram,,,7,0,0,0,1,0,0,0,0,0,0,0,0,,,,0.0,0.0,12.86,0.0,0.0,0,0,0
347,a,100.0,25.0,3.8,781,236.0,0,0.0,-2,2.0,3.7,90,33.0,54,-1,2.3,276.0,107.0,8,213,1.4,227.0,84.0,0.4,14.2,0.0,856222,909,738549,1851,1.4,0.1,0.98,1.89,2.86,29.41,0.05,0.09,0.14,1.38,346.6,106.0,46.0,304.5,64.0,14.0,122.0,187.0,39.0,77.4,98.0,27.0,,,,24,,Gabriel,Gudmundsson,Gudmundsson,,,1920,0,0,4,37,1,0,0,3,0,0,22,170,,,,0.0,0.19,1.73,1.03,6.33,50,85,87
348,a,100.0,100.0,3.9,741,212.0,0,0.0,-1,1.0,3.5,94,35.0,70,2,3.2,149.0,58.0,5,225,2.6,131.0,42.0,0.7,17.9,0.0,1011252,2292,851688,528,2.6,1.6,0.93,0.17,1.1,30.02,0.04,0.01,0.05,1.41,473.0,47.0,20.0,61.9,288.0,94.0,156.0,137.0,24.0,69.2,123.0,39.0,,,,24,,Joe,Rodon,Rodon,,,1920,2,0,3,40,0,0,0,1,0,0,22,205,,,,0.0,0.14,1.88,1.03,8.3,24,153,56
349,u,0.0,0.0,4.0,684,174.0,0,0.0,0,0.0,0.1,536,196.0,0,0,0.0,583.0,216.0,0,0,0.0,502.0,198.0,0.0,0.0,0.0,788,0,15743,7,0.0,0.0,0.0,0.0,0.0,0.0,0.0,0.0,0.0,0.0,0.0,574.0,216.0,0.0,567.0,216.0,0.0,534.0,211.0,0.0,576.0,216.0,,,,24,,Isaac,Schmidt,Schmidt,has joined Werder Bremen on loan for the rest of the season.,,0,0,0,0,0,0,0,0,0,0,0,0,0,,,,0.0,0.0,0.0,0.0,0.0,0,0,0
350,a,,,5.4,171,106.0,0,0.0,-1,1.0,0.9,198,67.0,93,2,4.0,69.0,29.0,5,323,6.0,8.0,5.0,1.1,17.2,0.0,167848,1533,73621,1267,6.0,5.0,3.15,2.78,5.93,20.86,0.19,0.17,0.36,1.26,364.2,97.0,31.0,321.1,58.0,47.0,359.0,37.0,21.0,104.3,40.0,30.0,,,,24,,Brenden,Aaronson,Aaronson,,,1486,4,6,5,23,0,0,0,1,0,0,17,139,,,,0.0,0.3,1.39,1.03,8.42,36,21,82
351,a,100.0,100.0,5.2,217,134.0,0,0.0,-3,3.0,0.1,495,174.0,21,1,1.5,398.0,178.0,0,89,0.8,296.0,133.0,0.2,4.0,0.0,8630,16,39340,30,0.8,-0.2,0.25,0.54,0.79,8.4,0.07,0.14,0.21,2.18,59.0,380.0,167.0,86.0,244.0,148.0,31.0,333.0,175.0,17.7,358.0,169.0,,,,24,,Wilfried,Gnonto,Gnonto,,,346,0,2,1,11,0,0,0,2,0,0,4,37,,,,0.0,0.26,2.86,1.04,9.62,14,9,14
352,u,0.0,0.0,5.1,229,141.0,0,0.0,-4,4.0,0.1,574,213.0,12,0,1.1,431.0,194.0,0,51,0.0,758.0,331.0,0.0,2.4,0.0,6000,0,18056,25,0.0,0.0,0.28,0.23,0.51,3.82,0.1,0.08,0.18,1.31,30.0,412.0,183.0,49.4,319.0,177.0,35.0,324.0,170.0,11.5,390.0,179.0,4.0,,,24,,Jack,Harrison,Harrison,has joined ACF Fiorentina on loan for the rest of the season.,,262,0,0,0,5,0,0,0,0,0,0,1,24,,,,0.0,0.0,1.72,0.34,8.24,5,6,13
353,d,75.0,75.0,5.2,208,130.0,0,0.0,-3,3.0,0.1,477,165.0,13,0,1.3,421.0,190.0,0,50,0.0,762.0,335.0,0.0,2.5,0.0,7315,2,52156,7,0.0,-0.8,0.71,0.56,1.27,8.79,0.18,0.14,0.32,2.27,36.0,405.0,179.0,95.0,229.0,141.0,87.0,238.0,129.0,21.9,336.0,162.0,,,,24,,Daniel,James,James,Lack of match fitness - 75% chance of playing,,348,0,0,1,12,0,0,0,0,0,0,4,18,,,,0.0,0.26,3.1,1.03,4.66,4,2,12
354,a,100.0,100.0,4.9,299,185.0,0,0.0,-1,1.0,0.2,410,139.0,74,2,3.5,122.0,57.0,5,348,3.2,83.0,35.0,0.7,15.1,0.0,31190,128,24883,114,3.2,2.2,1.62,1.3,2.92,27.91,0.08,0.06,0.14,1.35,369.4,94.0,30.0,209.9,119.0,84.0,81.0,245.0,132.0,66.3,134.0,72.0,,,,24,,Ethan,Ampadu,Ampadu,,,1859,1,1,4,35,0,0,0,7,0,0,21,250,,,,0.0,0.19,1.69,1.02,12.1,49,88,113
355,u,0.0,0.0,4.9,319,197.0,0,0.0,-1,1.0,0.0,629,249.0,0,0,0.0,755.0,324.0,0,0,0.0,721.0,302.0,0.0,0.0,0.0,1234,0,10062,2,0.0,0.0,0.0,0.0,0.0,0.0,0.0,0.0,0.0,0.0,0.0,755.0,324.0,0.0,751.0,324.0,0.0,743.0,322.0,0.0,755.0,324.0,,,,24,,Sam,Greenwood,Greenwood,has joined Pogon Szczecin permanently.,,0,0,0,0,0,0,0,0,0,0,0,0,0,,,,0.0,0.0,0.0,0.0,0.0,0,0,0
356,a,,,4.7,388,242.0,0,0.0,-3,3.0,0.1,566,208.0,34,1,2.3,281.0,120.0,0,161,3.0,103.0,43.0,0.6,7.2,0.0,6143,64,6595,28,3.0,2.0,0.09,0.32,0.41,16.31,0.01,0.03,0.04,1.75,105.6,315.0,139.0,86.7,243.0,147.0,8.0,393.0,193.0,19.8,348.0,166.0,,,,24,,Ilia,Gruev,Gruev,,,840,0,2,4,18,0,0,0,2,0,0,10,78,,,,0.0,0.43,1.93,1.07,8.36,16,20,42
357,u,0.0,0.0,4.9,323,199.0,0,0.0,-1,1.0,0.0,694,294.0,0,0,0.0,757.0,326.0,0,0,0.0,724.0,304.0,0.0,0.0,0.0,203,0,4305,0,0.0,0.0,0.0,0.0,0.0,0.0,0.0,0.0,0.0,0.0,0.0,757.0,326.0,0.0,753.0,326.0,0.0,745.0,324.0,0.0,757.0,326.0,,,,24,,Largie,Ramazani,Ramazani,has joined Valencia on loan for the rest of the season.,,0,0,0,0,0,0,0,0,0,0,0,0,0,,,,0.0,0.0,0.0,0.0,0.0,0,0,0
358,a,100.0,100.0,4.8,363,225.0,0,0.0,-2,2.0,0.2,351,118.0,43,0,2.1,311.0,138.0,2,166,0.8,292.0,129.0,0.2,9.0,0.0,50350,43,53972,222,0.8,-0.2,0.83,0.61,1.44,13.29,0.1,0.07,0.17,1.62,140.0,282.0,124.0,127.1,190.0,126.0,78.0,250.0,134.0,34.5,275.0,136.0,,,,24,,Tanaka,Ao,Tanaka,,,737,2,0,2,16,0,0,0,1,0,0,7,83,,,,0.0,0.24,1.95,0.85,10.14,17,20,46
359,u,0.0,0.0,4.5,457,276.0,0,0.0,0,0.0,0.0,772,335.0,0,0,0.0,703.0,287.0,0,0,0.0,652.0,252.0,0.0,0.0,0.0,0,0,962,1,0.0,0.0,0.0,0.0,0.0,0.0,0.0,0.0,0.0,0.0,0.0,699.0,283.0,0.0,696.0,285.0,0.0,676.0,277.0,0.0,700.0,284.0,,,,24,,Charlie,Crew,Crew,Has joined Doncaster Rovers on loan for the rest of the season.,,0,0,0,0,0,0,0,0,0,0,0,0,0,,,,0.0,0.0,0.0,0.0,0.0,0,0,0
360,u,0.0,0.0,4.5,436,261.0,0,0.0,0,0.0,0.0,737,315.0,0,0,0.0,692.0,276.0,0,0,0.0,639.0,239.0,0.0,0.0,0.0,0,0,2872,2,0.0,0.0,0.0,0.0,0.0,0.0,0.0,0.0,0.0,0.0,0.0,687.0,271.0,0.0,685.0,274.0,0.0,664.0,266.0,0.0,689.0,273.0,,,,24,,Joe,Gelhardt,Gelhardt,Has joined Hull City on loan for the rest of the season.,,0,0,0,0,0,0,0,0,0,0,0,0,0,,,,0.0,0.0,0.0,0.0,0.0,0,0,0
361,u,0.0,0.0,4.5,438,262.0,0,0.0,0,0.0,0.0,656,269.0,0,0,0.0,693.0,277.0,0,0,0.0,640.0,240.0,0.0,0.0,0.0,1165,0,8324,1,0.0,0.0,0.0,0.0,0.0,0.0,0.0,0.0,0.0,0.0,0.0,688.0,272.0,0.0,686.0,275.0,0.0,665.0,267.0,0.0,690.0,274.0,,,,24,,Darko,Gyabi,Gyabi,has joined Hull City permanently.,,0,0,0,0,0,0,0,0,0,0,0,0,0,,,,0.0,0.0,0.0,0.0,0.0,0,0,0
362,a,100.0,100.0,4.9,318,57.0,0,0.0,-6,6.0,0.3,293,47.0,12,1,1.1,429.0,52.0,0,27,0.4,345.0,41.0,0.1,2.4,0.0,36649,58,216700,67,0.4,-0.6,0.65,0.08,0.73,5.3,0.28,0.03,0.31,2.32,8.0,450.0,52.0,22.0,375.0,48.0,90.0,231.0,44.0,11.5,389.0,47.0,,,2.0,24,,Joël,Piroe,Piroe,,,206,0,0,1,7,0,0,0,0,0,0,2,10,,,,0.0,0.44,3.06,0.87,4.37,1,1,8
363,u,0.0,0.0,4.9,288,56.0,0,0.0,-1,1.0,0.3,296,48.0,0,0,0.0,749.0,81.0,0,0,0.0,711.0,71.0,0.0,0.0,0.0,16144,0,202155,32,0.0,0.0,0.0,0.0,0.0,0.0,0.0,0.0,0.0,0.0,0.0,749.0,81.0,0.0,745.0,80.0,0.0,735.0,80.0,0.0,749.0,81.0,,,,24,,Patrick,Bamford,Bamford,has departed the club as a free agent.,,0,0,0,0,0,0,0,0,0,0,0,0,0,,,,0.0,0.0,0.0,0.0,0.0,0,0,0
364,u,0.0,0.0,5.0,277,55.0,0,0.0,0,0.0,0.0,725,87.0,0,0,0.0,776.0,84.0,0,0,0.0,750.0,76.0,0.0,0.0,0.0,0,0,2411,1,0.0,0.0,0.0,0.0,0.0,0.0,0.0,0.0,0.0,0.0,0.0,776.0,84.0,0.0,774.0,84.0,0.0,768.0,84.0,0.0,776.0,84.0,,,,24,,Mateo,Joseph Fernández-Regatillo,Mateo Joseph,Has joined RCD Mallorca on loan for the rest of the season.,,0,0,0,0,0,0,0,0,0,0,0,0,0,,,,0.0,0.0,0.0,0.0,0.0,0,0,0
365,d,50.0,0.0,5.0,246,52.0,0,0.0,0,0.0,0.5,247,39.0,49,0,2.6,245.0,24.0,6,181,1.8,194.0,23.0,0.4,9.8,0.0,186499,14,200905,618,0.9,0.0,4.89,0.35,5.24,12.4,0.73,0.05,0.78,1.85,196.2,230.0,21.0,44.9,327.0,37.0,283.0,64.0,23.0,52.5,189.0,21.0,,,1.0,24,,Lukas,Nmecha,Nmecha,Hamstring injury - 50% chance of playing,,602,5,0,2,14,0,0,1,0,0,0,6,32,,,,0.0,0.3,2.09,0.9,4.78,5,11,16
493,a,100.0,100.0,4.8,351,220.0,0,0.0,-2,2.0,0.2,343,115.0,42,1,3.0,187.0,81.0,4,228,0.4,341.0,151.0,0.1,8.8,0.0,175794,20,178492,42,0.4,-0.6,0.83,1.29,2.12,13.29,0.08,0.13,0.21,1.29,237.0,195.0,84.0,342.8,48.0,41.0,65.0,269.0,144.0,64.5,143.0,79.0,1.0,2.0,,24,,Sean,Longstaff,Longstaff,,,927,1,2,1,17,0,0,0,1,0,0,10,100,,,,0.0,0.1,1.65,0.97,9.71,37,25,38
660,a,100.0,100.0,4.8,366,228.0,0,0.0,-2,2.0,2.6,113,35.0,97,2,4.6,29.0,12.0,8,394,3.2,82.0,34.0,0.7,20.2,0.0,943685,2146,674778,1452,3.2,2.2,2.13,3.29,5.42,25.15,0.11,0.17,0.28,1.34,455.2,53.0,13.0,650.0,5.0,5.0,234.0,81.0,51.0,134.1,18.0,14.0,3.0,1.0,,24,,Anton,Stach,Stach,,,1693,3,6,3,32,0,0,0,3,0,0,20,190,,,,0.0,0.16,1.7,1.06,10.1,45,57,88
665,a,100.0,100.0,4.5,414,22.0,0,0.0,0,0.0,0.3,328,44.0,43,0,2.7,231.0,20.0,3,153,0.6,312.0,21.0,0.1,9.6,0.0,38813,41,55336,133,0.6,-0.4,0.0,0.0,0.0,26.68,0.0,0.0,0.0,1.67,322.4,123.0,17.0,0.0,669.0,84.0,0.0,646.0,72.0,32.2,287.0,18.0,,,,24,,Lucas Estella,Perri,Perri,,,1440,0,0,3,29,0,0,0,2,0,38,16,39,,,,2.38,0.19,1.81,1.0,0.0,0,16,100
691,a,100.0,100.0,6.0,85,28.0,0,0.0,5,-5.0,12.4,32,5.0,95,2,4.3,47.0,6.0,15,303,3.2,94.0,11.0,0.5,15.8,0.0,2534064,5270,991520,28118,3.2,2.2,8.7,0.91,9.6,18.97,0.5,0.05,0.55,1.09,367.2,95.0,9.0,194.7,133.0,7.0,614.0,7.0,6.0,116.7,34.0,8.0,,,,24,,Dominic,Calvert-Lewin,Calvert-Lewin,,,1573,9,2,4,24,0,0,0,1,0,0,17,49,,,,0.0,0.23,1.37,0.97,2.8,9,14,26
698,a,100.0,100.0,5.5,146,91.0,0,0.0,0,0.0,0.1,467,159.0,54,1,2.6,248.0,108.0,3,179,1.6,223.0,96.0,0.3,9.8,0.0,58246,49,50641,81,1.6,0.6,2.82,0.91,3.73,18.81,0.22,0.07,0.29,1.47,181.6,245.0,105.0,195.0,131.0,95.0,274.0,65.0,40.0,65.1,139.0,75.0,,,,24,,Noah,Okafor,Okafor,,,1150,2,2,3,23,0,0,0,2,0,0,14,80,,,,0.0,0.23,1.8,1.1,6.26,17,20,43
706,a,,,3.9,743,213.0,0,0.0,-1,1.0,0.5,256,97.0,36,0,2.4,267.0,105.0,4,100,4.4,30.0,8.0,1.1,9.2,0.0,77600,1609,31518,214,4.4,3.4,0.74,0.18,0.92,12.26,0.1,0.02,0.12,1.69,152.6,271.0,108.0,51.0,313.0,104.0,85.0,239.0,66.0,29.0,301.0,101.0,,,,24,,James,Justin,Justin,,,654,1,0,2,12,0,0,0,1,0,0,7,68,,,,0.0,0.28,1.65,0.96,8.39,14,47,29
41,a,100.0,100.0,4.3,580,131.0,0,0.0,-2,2.0,0.3,311,115.0,47,0,3.4,128.0,47.0,2,201,1.6,206.0,74.0,0.4,10.9,0.0,65573,173,90175,57,1.6,1.6,0.43,0.27,0.7,16.74,0.03,0.02,0.05,1.35,226.2,202.0,79.0,29.8,358.0,128.0,42.0,309.0,99.0,30.0,298.0,99.0,,,,24,,Pau,Torres,Pau,,,1116,0,1,4,12,1,0,0,0,0,0,12,111,,,,0.0,0.32,0.97,0.97,6.77,17,67,60
42,i,0.0,0.0,3.9,772,228.0,0,0.0,-1,1.0,0.2,359,131.0,1,0,0.5,494.0,172.0,0,-3,0.2,366.0,136.0,0.1,0.3,0.0,27341,1,38312,127,0.0,0.0,0.0,0.01,0.01,1.52,0.0,0.03,0.03,4.56,0.6,482.0,172.0,1.5,444.0,162.0,0.0,501.0,197.0,0.2,486.0,173.0,,,,24,,Andrés,García,A.García,Hamstring injury - Expected back 21 Feb,,30,0,0,0,2,0,0,0,0,0,0,0,0,,,,0.0,0.0,6.0,0.0,0.0,0,0,2
43,u,0.0,0.0,4.0,654,159.0,0,0.0,0,0.0,1.7,145,57.0,0,0,0.0,558.0,205.0,0,0,0.0,477.0,187.0,0.0,0.0,0.0,44476,0,881337,151,0.0,0.0,0.0,0.0,0.0,0.0,0.0,0.0,0.0,0.0,0.0,549.0,205.0,0.0,541.0,205.0,0.0,507.0,199.0,0.0,551.0,205.0,,,,24,,Álex,Moreno Lopera,Alex Moreno,Has joined Girona permanently.,,0,0,0,0,0,0,0,0,0,0,0,0,0,,,,0.0,0.0,0.0,0.0,0.0,0,0,0
44,a,100.0,100.0,4.0,692,179.0,0,0.0,0,0.0,0.5,248,94.0,23,0,1.3,410.0,150.0,3,74,0.6,305.0,111.0,0.2,5.8,0.0,97683,152,83337,108,0.6,0.6,0.0,0.14,0.14,8.34,0.0,0.02,0.02,1.44,69.8,363.0,138.0,40.8,334.0,114.0,8.0,386.0,142.0,11.8,384.0,137.0,,,,24,,Lamare,Bogarde,Bogarde,,,520,0,0,1,7,0,0,0,5,0,0,5,38,,,,0.0,0.17,1.21,0.87,5.02,12,17,17
45,a,,,3.8,791,246.0,0,0.0,-2,2.0,0.3,319,118.0,0,0,0.0,509.0,186.0,0,0,0.0,425.0,165.0,0.0,0.0,0.0,20485,183,32581,40,0.0,0.0,0.0,0.0,0.0,0.0,0.0,0.0,0.0,0.0,0.0,500.0,186.0,0.0,488.0,184.0,0.0,452.0,176.0,0.0,502.0,186.0,,,,24,,Lino,da Cruz Sousa,Sousa,,,0,0,0,0,0,0,0,0,0,0,0,0,0,,,,0.0,0.0,0.0,0.0,0.0,0,0,0
741,u,0.0,0.0,4.5,487,70.0,0,0.0,0,0.0,0.1,469,67.0,0,0,0.0,725.0,77.0,0,0,0.0,677.0,67.0,0.0,0.0,0.0,27606,0,21946,96,0.0,0.0,0.0,0.0,0.0,0.0,0.0,0.0,0.0,0.0,0.0,724.0,77.0,0.0,719.0,76.0,0.0,702.0,76.0,0.0,724.0,77.0,,,,24,,Harry,Gray,Gray,has joined Rotherham United on loan for the rest of the season.,,0,0,0,0,0,0,0,0,0,0,0,0,0,,,,0.0,0.0,0.0,0.0,0.0,0,0,0
787,a,,,4.4,551,330.0,0,0.0,-1,1.0,0.0,766,332.0,0,0,0.0,667.0,260.0,0,0,0.0,608.0,220.0,0.0,0.0,0.0,599,20,196,7,0.0,-1.0,0.0,0.0,0.0,0.0,0.0,0.0,0.0,0.0,0.0,660.0,253.0,0.0,656.0,257.0,0.0,632.0,247.0,0.0,662.0,255.0,,,,24,,Sam,Chambers,Chambers,,,0,0,0,0,0,0,0,0,0,0,0,0,0,,,,0.0,0.0,0.0,0.0,0.0,0,0,0
366,a,100.0,100.0,5.4,158,4.0,0,0.0,-1,1.0,5.9,63,10.0,67,2,3.5,126.0,12.0,6,272,3.2,89.0,10.0,0.6,12.4,0.0,532088,504,1242849,1768,3.2,3.7,0.0,0.03,0.03,19.78,0.0,0.0,0.0,1.04,318.8,130.0,19.0,0.1,473.0,15.0,0.0,779.0,90.0,31.8,289.0,19.0,,,,24,,Alisson,Becker,A.Becker,,,1710,0,0,6,23,0,0,0,0,0,37,19,63,,,,1.95,0.32,1.21,1.0,0.0,0,28,164
367,a,,,4.2,633,36.0,0,0.0,-3,3.0,0.6,243,32.0,19,0,3.8,89.0,8.0,0,70,0.0,546.0,81.0,0.0,4.5,0.0,150278,39,161713,156,0.0,0.5,0.0,0.0,0.0,7.1,0.0,0.0,0.0,1.42,140.0,281.0,23.0,0.0,607.0,77.0,0.0,577.0,63.0,13.9,373.0,23.0,,,,24,,Giorgi,Mamardashvili,Mamardashvili,,,450,0,0,1,10,0,1,0,0,0,17,5,45,,,,3.4,0.2,2.0,1.0,0.0,0,7,43
368,a,,,3.8,804,93.0,0,0.0,-2,2.0,0.5,253,33.0,0,0,0.0,516.0,32.0,0,0,0.0,434.0,26.0,0.0,0.0,0.0,79978,923,34813,202,0.0,0.5,0.0,0.0,0.0,0.0,0.0,0.0,0.0,0.0,0.0,507.0,32.0,0.0,497.0,18.0,0.0,462.0,3.0,0.0,509.0,32.0,,,,24,,Ármin,Pécsi,Pécsi,,,0,0,0,0,0,0,0,0,0,0,0,0,0,,,,0.0,0.0,0.0,0.0,0.0,0,0,0
369,a,,,3.9,737,74.0,0,0.0,-1,1.0,0.2,382,56.0,0,0,0.0,527.0,41.0,0,0,0.0,446.0,35.0,0.0,0.0,0.0,21822,11,15934,43,0.0,0.5,0.0,0.0,0.0,0.0,0.0,0.0,0.0,0.0,0.0,518.0,41.0,0.0,509.0,28.0,0.0,474.0,13.0,0.0,520.0,41.0,,,,24,,Freddie,Woodman,Woodman,,,0,0,0,0,0,0,0,0,0,0,0,0,0,,,,0.0,0.0,0.0,0.0,0.0,0,0,0
370,i,0.0,0.0,5.8,107,8.0,0,0.0,-2,2.0,5.6,69,22.0,34,0,3.1,178.0,70.0,0,136,2.4,152.0,55.0,0.4,5.9,0.0,587080,35,3230404,12313,0.0,0.0,0.39,1.02,1.41,5.96,0.07,0.17,0.24,1.0,83.2,347.0,131.0,140.8,175.0,42.0,103.0,215.0,55.0,32.8,282.0,94.0,,,,24,,Jeremie,Frimpong,Frimpong,Groin Injury - Unknown return date,,538,0,4,2,7,0,0,0,0,0,0,6,20,,,,0.0,0.33,1.17,1.0,2.68,4,12,31
371,a,,,5.6,134,15.0,0,0.0,-4,4.0,2.9,107,43.0,58,5,2.5,263.0,103.0,4,260,3.2,91.0,31.0,0.6,10.4,0.0,304541,657,773960,555,3.2,3.7,0.95,0.59,1.54,19.62,0.05,0.03,0.08,1.09,338.2,114.0,50.0,352.3,46.0,5.0,110.0,202.0,51.0,80.2,90.0,23.0,,,,24,,Milos,Kerkez,Kerkez,,,1625,1,1,4,25,0,0,0,4,0,0,20,134,,,,0.0,0.22,1.38,1.11,5.98,34,74,63
372,a,,,5.7,114,10.0,0,0.0,-3,3.0,1.0,188,74.0,25,0,1.8,358.0,132.0,2,112,0.4,352.0,132.0,0.1,4.4,0.0,52358,118,128107,205,0.4,0.9,0.21,0.78,0.98,7.47,0.04,0.13,0.17,1.25,115.6,306.0,116.0,180.3,140.0,34.0,57.0,287.0,88.0,35.4,269.0,90.0,,,,24,,Andrew,Robertson,Robertson,,,538,0,0,2,8,0,0,0,0,0,0,4,40,,,,0.0,0.33,1.34,0.67,5.02,10,20,21
373,a,,,5.9,91,5.0,0,0.0,-1,1.0,21.9,17,6.0,94,4,3.9,83.0,31.0,4,353,4.4,36.0,12.0,0.7,15.9,0.0,2681462,3255,3201614,5005,4.4,4.9,1.1,0.73,1.83,26.88,0.05,0.03,0.08,1.12,678.0,6.0,2.0,136.6,179.0,44.0,215.0,93.0,10.0,102.9,42.0,4.0,,,,24,,Virgil,van Dijk,Virgil,,,2160,1,0,7,33,0,0,0,3,0,0,24,255,,,,0.0,0.29,1.38,1.0,9.58,16,214,52
374,a,100.0,100.0,5.4,165,18.0,0,0.0,-1,1.0,2.9,109,45.0,92,11,4.0,68.0,29.0,7,344,4.2,43.0,16.0,0.8,17.0,0.0,555088,1449,636436,936,4.2,4.7,1.05,0.81,1.86,21.96,0.05,0.04,0.09,1.01,534.0,24.0,10.0,108.2,211.0,54.0,95.0,225.0,59.0,74.0,106.0,33.0,,,,24,,Ibrahima,Konaté,Konaté,,,1966,1,0,7,27,0,0,0,5,0,0,23,225,,,,0.0,0.32,1.24,1.05,9.16,33,167,65
375,i,0.0,0.0,5.0,267,43.0,0,0.0,0,0.0,0.2,395,144.0,42,0,2.8,220.0,87.0,2,157,2.8,119.0,39.0,0.6,8.4,0.0,62534,8,69382,157,0.0,0.0,0.18,0.84,1.02,10.77,0.02,0.08,0.1,1.04,157.4,265.0,105.0,105.2,218.0,58.0,62.0,276.0,81.0,32.3,286.0,96.0,,,,24,,Conor,Bradley,Bradley,Knee injury - Expected back 01 Jun,,928,0,2,4,13,0,0,0,5,0,0,12,82,,,,0.0,0.39,1.26,1.16,6.3,19,46,43
376,d,50.0,0.0,4.9,296,47.0,0,0.0,-1,1.0,0.1,418,155.0,25,0,2.3,282.0,111.0,2,70,0.4,344.0,129.0,0.1,5.1,0.0,22196,2,27935,87,0.2,0.0,0.18,0.54,0.72,3.77,0.06,0.17,0.23,1.22,74.8,358.0,135.0,56.9,303.0,100.0,22.0,357.0,124.0,15.3,366.0,129.0,,,,24,,Joe,Gomez,Gomez,Knock - 50% chance of playing,,279,0,2,2,7,0,0,0,2,0,0,4,22,,,,0.0,0.65,2.26,1.29,6.77,2,19,9
377,u,0.0,0.0,4.8,356,59.0,0,0.0,-2,2.0,0.0,585,212.0,0,0,0.0,746.0,258.0,0,0,0.0,704.0,254.0,0.0,0.0,0.0,1669,0,12197,2,0.0,0.0,0.0,0.0,0.0,0.0,0.0,0.0,0.0,0.0,0.0,746.0,258.0,0.0,741.0,258.0,0.0,729.0,257.0,0.0,746.0,258.0,,,,24,,Konstantinos,Tsimikas,Tsimikas,has joined AS Roma on loan for the rest of the season.,,0,0,0,0,0,0,0,0,0,0,0,0,0,,,,0.0,0.0,0.0,0.0,0.0,0,0,0
378,a,100.0,100.0,3.7,809,263.0,0,0.0,-3,3.0,1.1,180,70.0,0,0,0.0,499.0,177.0,0,0,0.0,411.0,152.0,0.0,0.0,0.0,189710,1242,77976,765,0.0,0.5,0.0,0.0,0.0,0.0,0.0,0.0,0.0,0.0,0.0,489.0,176.0,0.0,476.0,173.0,0.0,440.0,165.0,0.0,491.0,176.0,,,,24,,Amara,Nallo,Nallo,,,0,0,0,0,0,0,0,0,0,0,0,0,0,,,,0.0,0.0,0.0,0.0,0.0,0,0,0
379,a,,,3.7,808,262.0,0,0.0,-3,3.0,0.3,294,111.0,0,0,0.0,498.0,176.0,0,0,0.0,410.0,151.0,0.0,0.0,0.0,42179,1603,29932,189,0.0,0.5,0.0,0.0,0.0,0.0,0.0,0.0,0.0,0.0,0.0,488.0,175.0,0.0,475.0,172.0,0.0,439.0,164.0,0.0,490.0,175.0,,,,24,,Rhys,Williams,R.Williams,,,0,0,0,0,0,0,0,0,0,0,0,0,0,,,,0.0,0.0,0.0,0.0,0.0,0,0,0
380,a,,,3.8,788,243.0,0,0.0,-2,2.0,0.2,347,126.0,0,0,0.0,506.0,183.0,0,0,0.0,422.0,162.0,0.0,0.0,0.0,26704,26,29800,46,0.0,0.5,0.0,0.0,0.0,0.0,0.0,0.0,0.0,0.0,0.0,497.0,183.0,0.0,485.0,181.0,0.0,449.0,173.0,0.0,499.0,183.0,,,,24,,Calvin,Ramsay,Ramsay,,,0,0,0,0,0,0,0,0,0,0,0,0,0,,,,0.0,0.0,0.0,0.0,0.0,0,0,0
381,a,100.0,100.0,14.0,2,1.0,0,0.0,-5,5.0,14.3,26,11.0,74,5,4.6,33.0,15.0,5,234,2.0,182.0,80.0,0.1,5.3,0.0,1311523,1518,5841318,1348,2.0,2.5,5.2,3.11,8.31,19.24,0.35,0.21,0.56,1.28,329.0,119.0,41.0,526.8,14.0,14.0,524.0,15.0,7.0,138.0,17.0,13.0,,4.0,1.0,24,,Mohamed,Salah,M.Salah,,,1356,4,5,4,25,0,0,0,1,0,0,14,52,,,,0.0,0.27,1.66,0.93,3.45,3,7,42
382,a,100.0,100.0,8.3,14,9.0,0,0.0,-2,2.0,12.6,31,12.0,95,12,4.1,62.0,27.0,16,391,7.4,1.0,1.0,0.9,11.4,0.0,1740554,28118,3860510,3995,7.4,7.9,4.82,3.9,8.71,20.2,0.26,0.21,0.47,1.09,386.8,86.0,26.0,634.2,6.0,6.0,475.0,21.0,9.0,149.6,11.0,9.0,4.0,,,24,,Florian,Wirtz,Wirtz,,,1670,4,3,7,21,0,0,0,1,0,0,19,121,,,,0.0,0.38,1.13,1.02,6.52,25,18,78
383,u,0.0,0.0,8.0,15,10.0,0,0.0,0,0.0,0.0,598,228.0,0,0,0.0,808.0,362.0,0,0,0.0,806.0,362.0,0.0,0.0,0.0,0,0,7303,0,0.0,0.0,0.0,0.0,0.0,0.0,0.0,0.0,0.0,0.0,0.0,808.0,362.0,0.0,808.0,362.0,0.0,808.0,362.0,0.0,808.0,362.0,,,,24,,Luis,Díaz Marulanda,Luis Díaz,Has joined Bayern Munch permanently.,,0,0,0,0,0,0,0,0,0,0,0,0,0,,,,0.0,0.0,0.0,0.0,0.0,0,0,0
384,a,100.0,100.0,7.3,28,18.0,0,0.0,-2,2.0,5.5,70,23.0,84,4,3.8,99.0,47.0,5,309,3.4,77.0,32.0,0.5,11.5,0.0,3275732,592,3671716,2042,3.4,3.9,5.13,3.49,8.62,16.64,0.29,0.2,0.49,0.95,342.2,109.0,37.0,458.7,21.0,20.0,527.0,14.0,6.0,132.7,20.0,16.0,3.0,,3.0,24,,Cody,Gakpo,Gakpo,,,1584,5,3,5,24,0,0,0,1,0,0,18,89,,,,0.0,0.28,1.36,1.02,5.06,13,24,52
385,a,100.0,100.0,6.3,67,45.0,0,0.0,-2,2.0,0.3,324,108.0,29,1,1.7,372.0,164.0,0,110,0.6,323.0,146.0,0.1,4.6,0.0,55045,55,66781,64,0.6,1.1,1.17,0.49,1.66,4.39,0.45,0.19,0.64,1.67,111.2,312.0,138.0,33.3,350.0,183.0,106.0,211.0,115.0,25.0,320.0,154.0,,,,24,,Federico,Chiesa,Chiesa,,,236,2,1,0,6,0,0,0,2,0,0,1,25,,,,0.0,0.0,2.29,0.38,9.53,8,11,6
386,a,100.0,100.0,6.2,74,48.0,0,0.0,-3,3.0,1.2,173,59.0,47,1,2.0,329.0,149.0,0,243,1.4,243.0,103.0,0.2,7.6,0.0,161645,378,263906,382,1.4,1.9,2.11,1.1,3.21,17.63,0.12,0.06,0.18,1.03,226.6,201.0,87.0,297.5,70.0,53.0,184.0,117.0,69.0,70.9,119.0,65.0,,,4.0,24,,Alexis,Mac Allister,Mac Allister,,,1546,0,2,5,22,0,0,0,4,0,0,19,128,,,,0.0,0.29,1.28,1.11,7.45,26,39,63
387,a,100.0,100.0,6.7,49,31.0,0,0.0,2,-2.0,6.1,60,21.0,89,5,3.9,86.0,40.0,12,464,4.6,29.0,15.0,0.7,13.3,0.0,1589449,6359,1192844,3850,4.6,5.1,3.47,3.6,7.07,25.59,0.15,0.16,0.31,1.12,498.8,40.0,9.0,760.9,2.0,2.0,258.0,73.0,45.0,151.6,9.0,7.0,2.0,2.0,,24,,Dominik,Szoboszlai,Szoboszlai,,,2062,3,2,7,32,0,0,1,5,0,0,23,208,,,,0.0,0.31,1.4,1.0,9.08,34,58,116
388,a,100.0,100.0,5.4,167,103.0,0,0.0,-1,1.0,0.1,437,148.0,41,1,2.0,327.0,147.0,1,253,1.8,196.0,85.0,0.3,7.6,0.0,27064,45,30195,154,1.8,2.3,1.05,2.16,3.21,16.65,0.09,0.18,0.27,1.38,212.6,214.0,90.0,291.9,75.0,57.0,106.0,210.0,114.0,60.9,155.0,86.0,,,,24,,Curtis,Jones,C.Jones,,,1087,0,2,2,20,0,0,0,1,0,0,10,119,,,,0.0,0.17,1.66,0.83,9.85,21,20,78
390,a,100.0,100.0,5.6,131,80.0,0,0.0,1,-1.0,5.2,73,24.0,101,4,4.6,31.0,14.0,13,462,2.4,151.0,65.0,0.4,18.0,0.0,1833509,1864,1302882,5890,2.4,2.9,1.28,1.65,2.93,21.69,0.06,0.08,0.14,1.01,481.8,45.0,12.0,337.0,52.0,43.0,130.0,176.0,100.0,94.9,59.0,39.0,,,,24,,Ryan,Gravenberch,Gravenberch,,,1938,4,3,7,27,0,0,0,4,0,0,22,206,,,,0.0,0.33,1.25,1.02,9.57,39,71,96
392,a,100.0,100.0,4.9,293,181.0,0,0.0,-1,1.0,0.1,493,173.0,9,1,1.3,417.0,186.0,0,35,0.4,343.0,152.0,0.1,1.8,0.0,6969,20,14480,13,0.4,0.9,0.0,0.04,0.04,3.69,0.0,0.04,0.04,3.26,41.8,397.0,174.0,16.3,386.0,193.0,0.0,737.0,318.0,5.8,423.0,190.0,,,,24,,Endo,Wataru,Endo,,,102,0,1,0,5,0,0,0,1,0,0,0,12,,,,0.0,0.0,4.41,0.0,10.59,5,7,0
393,i,0.0,0.0,4.3,601,348.0,0,0.0,-2,2.0,0.0,628,248.0,0,0,0.0,636.0,239.0,0,0,0.0,569.0,196.0,0.0,0.0,0.0,6598,2,9828,8,0.0,0.0,0.0,0.0,0.0,0.0,0.0,0.0,0.0,0.0,0.0,627.0,230.0,0.0,624.0,235.0,0.0,597.0,223.0,0.0,629.0,232.0,,,,24,,Stefan,Bajčetić Maquieira,Bajcetic,Hamstring injury - Unknown return date,,0,0,0,0,0,0,0,0,0,0,0,0,0,,,,0.0,0.0,0.0,0.0,0.0,0,0,0
394,u,0.0,0.0,4.4,539,322.0,0,0.0,-1,1.0,0.0,669,275.0,0,0,0.0,657.0,253.0,0,0,0.0,598.0,213.0,0.0,0.0,0.0,1737,0,4068,1,0.0,0.0,0.0,0.0,0.0,0.0,0.0,0.0,0.0,0.0,0.0,649.0,245.0,0.0,646.0,250.0,0.0,621.0,239.0,0.0,651.0,247.0,,,,24,,James,McConnell,McConnell,has joined Ajax on loan for the rest of the season.,,0,0,0,0,0,0,0,0,0,0,0,0,0,,,,0.0,0.0,0.0,0.0,0.0,0,0,0
395,u,0.0,0.0,4.5,427,255.0,0,0.0,0,0.0,0.0,786,346.0,0,0,0.0,685.0,270.0,0,0,0.0,632.0,233.0,0.0,0.0,0.0,0,0,357,0,0.0,0.0,0.0,0.0,0.0,0.0,0.0,0.0,0.0,0.0,0.0,680.0,265.0,0.0,677.0,268.0,0.0,656.0,260.0,0.0,682.0,267.0,,,,24,,Tyler,Morton,Morton,Has joined Lyon permanently.,,0,0,0,0,0,0,0,0,0,0,0,0,0,,,,0.0,0.0,0.0,0.0,0.0,0,0,0
396,a,,,4.3,610,355.0,0,0.0,-2,2.0,0.3,302,102.0,2,0,1.0,448.0,198.0,0,5,0.0,577.0,203.0,0.0,0.5,0.0,96109,29,79268,113,0.0,0.5,0.0,0.0,0.0,0.0,0.0,0.0,0.0,0.0,2.2,468.0,217.0,10.3,403.0,200.0,0.0,603.0,229.0,1.3,464.0,215.0,,,,24,,Trey,Nyoni,Nyoni,,,2,0,0,0,0,0,0,0,0,0,0,0,0,,,,0.0,0.0,0.0,0.0,0.0,0,0,0
397,u,0.0,0.0,6.5,52,18.0,0,0.0,0,0.0,0.1,540,76.0,0,0,0.0,804.0,89.0,0,0,0.0,800.0,86.0,0.0,0.0,0.0,0,0,15899,2,0.0,0.0,0.0,0.0,0.0,0.0,0.0,0.0,0.0,0.0,0.0,804.0,89.0,0.0,804.0,89.0,0.0,804.0,89.0,0.0,804.0,89.0,,,,24,,Darwin,Núñez Ribeiro,Darwin,Has joined Al-Hilal permanently.,,0,0,0,0,0,0,0,0,0,0,0,0,0,,,,0.0,0.0,0.0,0.0,0.0,0,0,0
398,i,0.0,0.0,4.3,597,83.0,0,0.0,-2,2.0,0.1,464,66.0,0,0,0.0,634.0,63.0,0,0,0.0,567.0,52.0,0.0,0.0,0.0,8644,4,19140,10,0.0,0.0,0.0,0.0,0.0,0.0,0.0,0.0,0.0,0.0,0.0,625.0,63.0,0.0,621.0,62.0,0.0,594.0,62.0,0.0,627.0,63.0,,,,24,,Jayden,Danns,Danns,Hamstring injury - Unknown return date,,0,0,0,0,0,0,0,0,0,0,0,0,0,,,,0.0,0.0,0.0,0.0,0.0,0,0,0
499,i,0.0,0.0,10.3,4,2.0,0,0.0,-2,2.0,3.6,92,17.0,29,0,2.9,213.0,21.0,2,96,0.0,808.0,89.0,0.0,2.8,0.0,1796806,25,2403389,589,0.0,0.0,2.04,0.07,2.11,5.1,0.37,0.01,0.38,0.92,97.6,329.0,32.0,36.5,343.0,43.0,143.0,158.0,37.0,26.9,310.0,37.0,,,,24,,Alexander,Isak,Isak,Ankle injury - Unknown return date,,501,2,1,1,7,0,0,0,0,0,0,6,23,,,,0.0,0.18,1.26,1.08,4.13,6,6,11
661,a,100.0,100.0,8.8,8,4.0,0,0.0,3,-3.0,23.8,15,4.0,100,13,4.8,26.0,4.0,19,361,3.2,97.0,13.0,0.4,11.4,0.0,6886816,46957,6210019,10820,3.2,3.7,7.51,1.72,9.23,18.7,0.51,0.12,0.63,1.26,436.6,60.0,5.0,212.8,118.0,5.0,586.0,10.0,7.0,122.5,25.0,6.0,,,,24,,Hugo,Ekitiké,Ekitiké,,,1332,10,2,5,18,0,0,0,0,0,0,15,59,,,,0.0,0.34,1.22,1.01,3.99,8,24,27
686,a,,,4.3,615,359.0,0,0.0,-2,2.0,0.7,212,71.0,13,0,1.6,377.0,167.0,0,56,0.4,337.0,148.0,0.1,3.0,0.0,220427,601,159326,588,0.4,0.9,0.37,0.35,0.72,2.78,0.44,0.41,0.85,3.29,50.8,388.0,170.0,59.7,297.0,170.0,41.0,311.0,162.0,15.3,365.0,171.0,,,,24,,Rio,Ngumoha,Ngumoha,,,76,1,0,0,3,0,0,0,0,0,0,0,3,,,,0.0,0.0,3.55,0.0,3.55,1,0,2
692,i,0.0,0.0,4.9,347,57.0,0,0.0,-1,1.0,0.0,701,241.0,0,0,0.0,767.0,259.0,0,0,0.0,737.0,257.0,0.0,0.0,0.0,1793,2,2441,2,0.0,0.0,0.0,0.0,0.0,0.0,0.0,0.0,0.0,0.0,0.0,767.0,259.0,0.0,763.0,259.0,0.0,755.0,258.0,0.0,767.0,259.0,,,,24,,Giovanni,Leoni,Leoni,Knee injury - Expected back 01 Sep,,0,0,0,0,0,0,0,0,0,0,0,0,0,,,,0.0,0.0,0.0,0.0,0.0,0,0,0
746,a,,,4.5,485,297.0,0,0.0,0,0.0,0.0,736,314.0,0,0,0.0,723.0,301.0,0,0,0.0,675.0,269.0,0.0,0.0,0.0,869,3,648,6,0.0,0.5,0.0,0.0,0.0,0.0,0.0,0.0,0.0,0.0,0.0,722.0,300.0,0.0,717.0,300.0,0.0,700.0,295.0,0.0,722.0,300.0,,,,24,,Kieran,Morrison,Morrison,,,0,0,0,0,0,0,0,0,0,0,0,0,0,,,,0.0,0.0,0.0,0.0,0.0,0,0,0
760,a,,,4.0,697,182.0,0,0.0,0,0.0,0.0,711,243.0,0,0,0.0,593.0,221.0,0,0,0.0,513.0,204.0,0.0,0.0,0.0,738,8,524,12,0.0,0.5,0.0,0.0,0.0,0.0,0.0,0.0,0.0,0.0,0.0,584.0,221.0,0.0,577.0,221.0,0.0,544.0,216.0,0.0,586.0,221.0,,,,24,,Wellity,Lucky,Lucky,,,0,0,0,0,0,0,0,0,0,0,0,0,0,,,,0.0,0.0,0.0,0.0,0.0,0,0,0
82,a,100.0,100.0,7.8,18,13.0,0,0.0,8,-8.0,48.6,2,1.0,130,0,5.9,6.0,3.0,14,429,3.4,78.0,33.0,0.4,16.7,0.0,10353898,11290,5730219,9336,3.4,3.9,7.04,2.0,9.04,33.55,0.32,0.09,0.41,1.52,601.0,13.0,4.0,382.6,39.0,36.0,660.0,5.0,1.0,164.5,5.0,3.0,,,,24,,Antoine,Semenyo,Semenyo,,,1980,11,5,6,40,0,0,1,6,0,0,22,169,,,,0.0,0.27,1.82,1.0,7.68,30,33,106
182,a,,,4.5,425,23.0,0,0.0,-5,5.0,0.9,192,24.0,11,0,3.7,100.0,9.0,0,62,0.0,630.0,88.0,0.0,2.4,0.0,99157,15,269564,115,0.0,0.5,0.0,0.0,0.0,3.97,0.0,0.0,0.0,1.32,100.2,323.0,25.0,0.0,675.0,85.0,0.0,654.0,73.0,10.1,396.0,26.0,,,,24,,James,Trafford,Trafford,,,270,0,0,1,4,0,0,0,0,0,11,3,41,,,,3.67,0.33,1.33,1.0,0.0,2,6,33
260,a,100.0,100.0,5.2,209,28.0,0,0.0,7,-7.0,37.4,4,2.0,111,0,5.3,10.0,3.0,8,403,2.8,120.0,40.0,0.5,21.3,0.0,5510148,7022,2524572,11289,2.8,3.3,2.01,1.7,3.71,28.23,0.1,0.08,0.18,1.34,515.8,33.0,14.0,153.5,162.0,40.0,233.0,82.0,6.0,90.3,67.0,13.0,,,,24,,Marc,Guéhi,Guéhi,,,1890,2,4,8,23,0,0,0,4,0,0,21,204,,,,0.0,0.38,1.1,1.0,8.05,30,139,93
399,u,0.0,0.0,5.3,186,5.0,0,0.0,-2,2.0,0.8,200,25.0,0,0,0.0,783.0,93.0,0,0,0.0,765.0,93.0,0.0,0.0,0.0,15200,0,271876,37,0.0,0.0,0.0,0.0,0.0,0.0,0.0,0.0,0.0,0.0,0.0,783.0,93.0,0.0,782.0,92.0,0.0,777.0,89.0,0.0,783.0,93.0,,,,24,,Ederson,Santana de Moraes,Ederson M.,has joined Fenerbache permanently.,,0,0,0,0,0,0,0,0,0,0,0,0,0,,,,0.0,0.0,0.0,0.0,0.0,0,0,0
401,a,100.0,100.0,3.8,777,92.0,0,0.0,-2,2.0,0.2,355,52.0,0,0,0.0,501.0,31.0,0,0,0.0,414.0,25.0,0.0,0.0,0.0,22767,691,19039,156,0.0,0.5,0.0,0.0,0.0,0.0,0.0,0.0,0.0,0.0,0.0,492.0,31.0,0.0,479.0,17.0,0.0,443.0,2.0,0.0,494.0,31.0,,,,24,,Marcus,Bettinelli,Bettinelli,,,0,0,0,0,0,0,0,0,0,0,0,0,0,,,,0.0,0.0,0.0,0.0,0.0,0,0,0
402,a,100.0,100.0,5.7,120,13.0,0,0.0,-3,3.0,3.8,89,32.0,13,0,2.2,303.0,115.0,1,42,0.2,405.0,148.0,0.0,2.3,0.0,517046,211,2387983,232,0.2,0.7,0.04,0.51,0.55,3.12,0.02,0.21,0.23,1.31,46.6,391.0,149.0,39.3,338.0,116.0,11.0,379.0,136.0,9.7,399.0,144.0,,,,24,,Rayan,Aït-Nouri,Aït-Nouri,,,214,0,0,1,2,0,0,0,1,0,0,3,31,,,,0.0,0.42,0.84,1.26,9.67,9,14,8
403,i,0.0,0.0,5.9,102,6.0,0,0.0,-1,1.0,3.8,87,30.0,77,0,4.8,23.0,12.0,5,291,0.2,407.0,150.0,0.0,13.1,0.0,1373802,15,2120503,3359,0.0,0.0,2.19,0.64,2.83,15.29,0.15,0.04,0.19,1.06,354.6,101.0,44.0,104.7,221.0,59.0,193.0,110.0,18.0,65.3,138.0,45.0,,,,24,,Joško,Gvardiol,Gvardiol,Leg injury - Unknown return date,,1301,2,2,6,13,0,0,0,2,0,0,15,115,,,,0.0,0.42,0.9,1.04,6.85,17,82,48
404,u,0.0,0.0,5.4,168,19.0,0,0.0,-1,1.0,0.3,333,123.0,0,0,0.0,786.0,262.0,0,0,0.0,776.0,262.0,0.0,0.0,0.0,9281,0,85128,16,0.0,0.0,0.0,0.0,0.0,0.0,0.0,0.0,0.0,0.0,0.0,786.0,262.0,0.0,785.0,262.0,0.0,781.0,261.0,0.0,786.0,262.0,,,,24,,Manuel,Akanji,Akanji,has joined Inter Milan on loan for the rest of the season.,,0,0,0,0,0,0,0,0,0,0,0,0,0,,,,0.0,0.0,0.0,0.0,0.0,0,0,0
405,a,,,5.3,187,24.0,0,0.0,-2,2.0,0.6,230,87.0,25,0,2.1,314.0,118.0,1,106,0.8,297.0,108.0,0.2,4.7,0.0,42758,106,80224,156,0.8,1.3,0.28,0.44,0.72,7.84,0.05,0.08,0.13,1.46,93.6,334.0,128.0,83.1,252.0,75.0,25.0,345.0,114.0,20.3,345.0,119.0,,,,24,,Nathan,Aké,Aké,,,484,0,0,2,7,0,0,0,1,0,0,4,38,,,,0.0,0.37,1.3,0.74,6.51,9,26,12
406,a,100.0,100.0,5.4,184,22.0,0,0.0,-1,1.0,0.4,282,108.0,24,0,2.7,235.0,92.0,0,117,2.4,149.0,54.0,0.4,4.4,0.0,46473,193,63793,161,2.4,2.9,0.0,0.09,0.09,8.59,0.0,0.01,0.01,1.38,112.2,309.0,118.0,30.4,356.0,126.0,0.0,788.0,263.0,14.3,370.0,132.0,,,,24,,Abdukodir,Khusanov,Khusanov,,,559,0,0,2,5,0,0,0,1,0,0,6,62,,,,0.0,0.32,0.81,0.97,8.53,15,38,23
407,a,100.0,100.0,5.4,174,21.0,0,0.0,-1,1.0,3.3,99,37.0,105,0,5.2,11.0,4.0,14,427,2.8,123.0,41.0,0.5,19.4,0.0,798763,1972,458414,2333,2.8,3.3,0.25,1.32,1.57,19.42,0.01,0.07,0.08,1.05,443.0,57.0,27.0,257.4,90.0,21.0,54.0,292.0,90.0,75.7,102.0,31.0,,,4.0,24,,Matheus,Nunes,Matheus N.,,,1665,1,5,8,16,0,0,0,4,0,0,18,172,,,,0.0,0.43,0.86,0.97,7.24,42,92,103
408,d,50.0,0.0,5.5,139,16.0,0,0.0,0,0.0,3.4,96,36.0,95,0,4.8,21.0,10.0,3,380,1.0,278.0,100.0,0.2,17.3,0.0,911143,22,1018234,2353,0.5,0.0,0.5,0.48,0.98,19.73,0.03,0.03,0.06,1.04,458.0,51.0,24.0,91.8,235.0,67.0,94.0,228.0,61.0,64.5,144.0,46.0,,,,24,,Rúben,dos Santos Gato Alves Dias,Rúben,Hamstring injury - 50% chance of playing,,1705,2,0,10,16,0,0,0,2,0,0,19,156,,,,0.0,0.53,0.84,1.0,6.97,7,125,59
409,i,0.0,0.0,5.4,157,17.0,0,0.0,-1,1.0,0.6,241,91.0,12,0,1.7,370.0,138.0,0,45,0.0,772.0,261.0,0.0,2.2,0.0,50209,3,108295,71,0.0,0.0,0.0,0.06,0.06,5.05,0.0,0.02,0.02,1.29,76.6,355.0,134.0,19.6,381.0,138.0,2.0,438.0,163.0,9.8,397.0,143.0,,,,24,,John,Stones,Stones,Thigh injury - Unknown return date,,351,0,0,1,8,0,0,0,0,0,0,4,34,,,,0.0,0.26,2.05,1.03,4.87,0,19,17
410,a,100.0,100.0,4.6,397,69.0,0,0.0,-4,4.0,1.2,171,64.0,19,0,1.9,338.0,130.0,2,75,0.2,384.0,143.0,0.0,4.1,0.0,365576,76,453808,206,0.2,0.7,0.11,1.31,1.42,5.04,0.03,0.38,0.41,1.46,67.4,369.0,142.0,97.3,228.0,64.0,43.0,307.0,97.0,20.7,342.0,117.0,,,,24,,Rico,Lewis,Lewis,,,311,0,1,1,5,0,0,0,1,0,0,3,23,,,,0.0,0.29,1.45,0.87,5.5,5,14,10
411,a,100.0,100.0,5.0,261,41.0,0,0.0,0,0.0,5.5,71,23.0,84,0,3.8,92.0,35.0,2,326,1.6,216.0,82.0,0.3,16.8,0.0,1898322,588,1250894,5121,1.6,2.1,2.11,1.49,3.6,21.26,0.12,0.08,0.2,1.19,364.8,96.0,42.0,276.4,79.0,19.0,203.0,101.0,12.0,84.5,80.0,18.0,,,,24,,Nico,O'Reilly,O'Reilly,,,1611,1,3,9,15,0,0,0,4,0,0,17,144,,,,0.0,0.5,0.84,0.95,6.82,49,73,68
412,u,0.0,0.0,5.0,282,44.0,0,0.0,0,0.0,0.0,764,259.0,0,0,0.0,780.0,261.0,0,0,0.0,754.0,259.0,0.0,0.0,0.0,0,0,849,0,0.0,0.0,0.0,0.0,0.0,0.0,0.0,0.0,0.0,0.0,0.0,780.0,261.0,0.0,778.0,261.0,0.0,772.0,260.0,0.0,780.0,261.0,,,,24,,Vitor,de Oliveira Nunes dos Reis,Vitor Reis,Has joined Girona on loan for the rest of the season.,,0,0,0,0,0,0,0,0,0,0,0,0,0,,,,0.0,0.0,0.0,0.0,0.0,0,0,0
413,a,100.0,100.0,8.3,13,8.0,0,0.0,-2,2.0,2.4,117,39.0,26,0,2.4,275.0,119.0,4,83,2.0,180.0,78.0,0.2,3.1,0.0,222475,345,1238751,332,2.0,2.5,1.5,0.54,2.04,2.66,0.49,0.18,0.67,0.86,79.8,352.0,157.0,57.9,301.0,171.0,124.0,184.0,105.0,26.0,316.0,152.0,,1.0,2.0,24,,Omar,Marmoush,Marmoush,,,277,1,1,1,3,0,0,0,0,0,0,3,20,,,,0.0,0.32,0.97,0.97,6.5,6,4,10
414,a,100.0,100.0,8.3,12,7.0,-1,1.0,3,-3.0,14.7,24,10.0,102,0,4.9,19.0,9.0,10,440,1.2,262.0,113.0,0.1,12.3,0.0,6145389,395,4654187,28069,1.2,1.7,4.95,3.52,8.47,19.98,0.27,0.19,0.46,1.1,450.2,55.0,14.0,686.8,4.0,4.0,366.0,36.0,20.0,150.0,10.0,8.0,1.0,3.0,,24,,Phil,Foden,Foden,,,1641,7,2,9,14,0,0,0,3,0,0,19,119,,,,0.0,0.49,0.77,1.04,6.53,24,20,75
415,i,0.0,0.0,6.9,43,25.0,0,0.0,-1,1.0,0.4,270,92.0,26,0,1.7,373.0,165.0,0,87,0.0,803.0,360.0,0.0,3.8,0.0,33148,4,112167,54,0.0,0.0,1.28,1.18,2.46,6.39,0.22,0.2,0.42,1.08,75.0,357.0,160.0,138.1,176.0,118.0,218.0,91.0,57.0,43.1,235.0,115.0,,,,24,,Sávio,Moreira de Oliveira,Savinho,Thigh injury - Expected back 21 Feb,,531,0,2,2,5,0,0,0,1,0,0,5,44,,,,0.0,0.34,0.85,0.85,7.46,5,9,30
416,a,,,6.2,73,47.0,0,0.0,-3,3.0,0.5,252,85.0,54,0,2.3,289.0,127.0,0,265,2.2,167.0,73.0,0.4,8.7,0.0,72366,96,119052,138,2.2,2.7,0.69,1.83,2.52,21.41,0.04,0.1,0.14,1.16,226.2,203.0,88.0,368.2,42.0,39.0,105.0,214.0,118.0,69.8,122.0,67.0,5.0,,,24,,Bernardo,Mota Veiga de Carvalho e Silva,Bernardo,,,1662,0,3,8,17,0,0,0,5,0,0,19,144,,,,0.0,0.43,0.92,1.03,7.8,23,38,83
417,a,100.0,100.0,6.6,50,32.0,0,0.0,1,-1.0,10.4,41,15.0,80,0,4.4,41.0,18.0,11,343,1.8,202.0,89.0,0.3,12.1,0.0,2534544,2152,2224452,13698,1.8,2.3,1.86,5.63,7.49,12.89,0.18,0.53,0.71,1.22,346.8,105.0,35.0,538.1,13.0,13.0,290.0,61.0,37.0,117.7,33.0,26.0,2.0,4.0,,24,,Rayan,Cherki,Cherki,,,951,2,8,5,9,0,0,0,1,0,0,11,91,,,,0.0,0.47,0.85,1.04,8.61,17,13,61
418,i,0.0,0.0,6.4,57,36.0,0,0.0,-1,1.0,2.7,110,32.0,72,0,3.6,116.0,54.0,9,305,2.4,155.0,68.0,0.4,11.2,0.0,2119171,30,2032572,3665,0.0,0.0,1.81,4.25,6.06,15.61,0.14,0.32,0.46,1.19,302.0,148.0,53.0,557.2,11.0,11.0,380.0,32.0,17.0,123.8,24.0,19.0,,,3.0,24,,Jérémy,Doku,Doku,Calf injury - Expected back 11 Feb,,1179,1,7,5,13,0,0,0,0,0,0,13,79,,,,0.0,0.38,0.99,0.99,6.03,15,10,54
420,u,0.0,0.0,6.3,62,41.0,0,0.0,-2,2.0,0.1,543,194.0,0,0,0.0,801.0,358.0,0,0,0.0,797.0,357.0,0.0,0.0,0.0,1928,0,19788,5,0.0,0.0,0.0,0.0,0.0,0.0,0.0,0.0,0.0,0.0,0.0,801.0,358.0,0.0,801.0,358.0,0.0,801.0,358.0,0.0,801.0,358.0,,,,24,,İlkay,Gündoğan,Gündoğan,has joined Galatasaray permanently.,,0,0,0,0,0,0,0,0,0,0,0,0,0,,,,0.0,0.0,0.0,0.0,0.0,0,0,0
421,a,100.0,100.0,6.3,66,44.0,0,0.0,-2,2.0,0.4,262,89.0,25,0,2.3,290.0,128.0,1,142,2.4,154.0,67.0,0.4,4.0,0.0,52730,119,95676,119,2.4,2.9,0.14,0.84,0.98,9.39,0.02,0.12,0.14,1.34,137.4,286.0,127.0,169.7,150.0,102.0,33.0,326.0,171.0,34.0,278.0,137.0,,,,24,,Rodrigo 'Rodri',Hernandez Cascante,Rodrigo,,,633,0,0,2,6,0,0,0,1,0,0,7,90,,,,0.0,0.28,0.85,1.0,12.8,20,23,47
422,i,0.0,0.0,5.9,90,57.0,0,0.0,-1,1.0,0.0,674,279.0,1,0,1.0,485.0,230.0,0,3,0.0,793.0,354.0,0.0,0.2,0.0,2391,4,3299,9,0.0,0.0,0.0,0.0,0.0,0.0,0.0,0.0,0.0,0.0,2.6,467.0,216.0,0.8,454.0,220.0,0.0,796.0,355.0,0.3,484.0,225.0,,,,24,,Mateo,Kovačić,Kovačić,Ankle injury - Unknown return date,,4,0,0,0,0,0,0,0,0,0,0,0,0,,,,0.0,0.0,0.0,0.0,0.0,0,0,0
423,a,100.0,100.0,5.9,99,64.0,0,0.0,-1,1.0,0.1,465,158.0,55,0,2.9,208.0,88.0,1,287,0.8,300.0,135.0,0.1,9.3,0.0,26792,28,29601,40,0.8,1.3,0.56,0.91,1.47,15.72,0.04,0.06,0.1,1.06,269.0,169.0,65.0,183.5,138.0,97.0,64.0,273.0,145.0,51.6,198.0,103.0,,,,24,,Nico,González Iglesias,N.Gonzalez,,,1331,1,0,7,13,0,0,0,4,0,0,15,172,,,,0.0,0.47,0.88,1.01,11.63,33,63,76
425,u,0.0,0.0,5.4,183,114.0,0,0.0,-1,1.0,0.0,726,309.0,0,0,0.0,792.0,352.0,0,0,0.0,783.0,347.0,0.0,0.0,0.0,194,0,3222,0,0.0,0.0,0.0,0.0,0.0,0.0,0.0,0.0,0.0,0.0,0.0,792.0,352.0,0.0,791.0,352.0,0.0,787.0,351.0,0.0,792.0,352.0,,,,24,,Claudio,Echeverri,Echeverri,has joined Girona on loan for the rest of the season.,,0,0,0,0,0,0,0,0,0,0,0,0,0,,,,0.0,0.0,0.0,0.0,0.0,0,0,0
427,a,,,5.1,232,143.0,0,0.0,-4,4.0,11.0,39,14.0,82,0,3.7,104.0,50.0,6,312,3.2,87.0,38.0,0.6,16.1,0.0,3516019,1083,4733192,4794,3.2,3.7,3.65,1.8,5.45,16.1,0.23,0.12,0.35,1.03,320.2,126.0,43.0,301.2,66.0,50.0,377.0,34.0,19.0,99.1,54.0,35.0,3.0,,,24,,Tijjani,Reijnders,Reijnders,,,1402,5,2,7,15,0,0,0,2,0,0,17,83,,,,0.0,0.45,0.96,1.09,5.33,8,26,49
428,u,0.0,0.0,5.0,278,170.0,0,0.0,0,0.0,0.0,715,302.0,0,0,0.0,777.0,341.0,0,0,0.0,751.0,325.0,0.0,0.0,0.0,73,0,2466,1,0.0,0.0,0.0,0.0,0.0,0.0,0.0,0.0,0.0,0.0,0.0,777.0,341.0,0.0,775.0,341.0,0.0,769.0,339.0,0.0,777.0,341.0,,,,24,,Sverre,Nypan,Nypan,Has joined Middlesbrough on loan for the rest of the season.,,0,0,0,0,0,0,0,0,0,0,0,0,0,,,,0.0,0.0,0.0,0.0,0.0,0,0,0
429,a,,,4.7,378,236.0,0,0.0,-3,3.0,0.1,537,190.0,0,0,0.0,743.0,317.0,0,0,0.0,697.0,287.0,0.0,0.0,0.0,4022,11,7950,17,0.0,0.5,0.0,0.0,0.0,0.0,0.0,0.0,0.0,0.0,0.0,743.0,317.0,0.0,738.0,317.0,0.0,724.0,313.0,0.0,743.0,317.0,,,,24,,Kalvin,Phillips,Phillips,,,0,0,0,0,0,0,0,0,0,0,0,0,0,,,,0.0,0.0,0.0,0.0,0.0,0,0,0
430,a,100.0,100.0,15.0,1,1.0,0,0.0,10,-10.0,71.7,1,1.0,166,0,7.2,2.0,1.0,31,676,2.2,169.0,20.0,0.1,11.1,0.0,6668791,1632,1323705,14507,2.2,2.7,18.6,1.26,19.86,25.22,0.87,0.06,0.93,1.18,828.6,1.0,1.0,154.3,161.0,14.0,1033.0,1.0,1.0,201.7,1.0,1.0,,,1.0,24,,Erling,Haaland,Haaland,,,1918,20,4,10,20,0,0,1,0,0,0,22,72,,,,0.0,0.47,0.94,1.03,3.38,11,34,27
736,a,,,5.6,128,3.0,0,0.0,1,-1.0,9.2,45,7.0,79,0,4.0,71.0,6.0,2,343,2.6,137.0,13.0,0.5,14.1,0.0,1904003,1206,1096540,4664,2.6,3.1,0.0,0.0,0.0,22.15,0.0,0.0,0.0,1.11,387.8,84.0,15.0,0.0,796.0,93.0,0.0,794.0,92.0,38.9,258.0,15.0,,,,24,,Gianluigi,Donnarumma,Donnarumma,,,1800,0,0,9,17,0,1,0,5,0,44,20,55,,,,2.2,0.45,0.85,1.0,0.0,0,27,132
739,a,,,4.4,558,335.0,0,0.0,-1,1.0,0.0,666,273.0,2,0,1.0,453.0,203.0,0,5,0.2,374.0,168.0,0.0,0.5,0.0,3442,13,2824,4,0.2,0.7,0.0,0.21,0.21,0.34,0.0,0.76,0.76,1.22,4.2,459.0,210.0,28.3,360.0,186.0,4.0,412.0,203.0,3.7,439.0,199.0,,,,24,,Divine,Mukasa,Mukasa,,,25,0,0,0,0,0,0,0,0,0,0,0,1,,,,0.0,0.0,0.0,0.0,3.6,0,0,1
740,a,,,3.9,768,225.0,0,0.0,-1,1.0,0.0,608,218.0,0,0,0.0,550.0,201.0,0,0,0.0,469.0,183.0,0.0,0.0,0.0,3130,7,3365,8,0.0,0.5,0.0,0.0,0.0,0.0,0.0,0.0,0.0,0.0,0.0,541.0,201.0,0.0,532.0,201.0,0.0,497.0,194.0,0.0,543.0,201.0,,,,24,,Stephen,Mfuni,Mfuni,,,0,0,0,0,0,0,0,0,0,0,0,0,0,,,,0.0,0.0,0.0,0.0,0.0,0,0,0
742,a,,,4.5,496,306.0,0,0.0,0,0.0,0.0,722,307.0,0,0,0.0,731.0,308.0,0,0,0.0,684.0,277.0,0.0,0.0,0.0,1334,5,1111,4,0.0,0.5,0.0,0.0,0.0,0.0,0.0,0.0,0.0,0.0,0.0,731.0,308.0,0.0,726.0,308.0,0.0,709.0,303.0,0.0,731.0,308.0,,,,24,,Ryan,McAidoo,McAidoo,,,0,0,0,0,0,0,0,0,0,0,0,0,0,,,,0.0,0.0,0.0,0.0,0.0,0,0,0
763,a,,,4.5,453,272.0,0,0.0,0,0.0,0.0,782,343.0,0,0,0.0,701.0,285.0,0,0,0.0,650.0,250.0,0.0,0.0,0.0,286,3,178,3,0.0,0.5,0.0,0.0,0.0,0.0,0.0,0.0,0.0,0.0,0.0,697.0,281.0,0.0,694.0,283.0,0.0,674.0,275.0,0.0,698.0,282.0,,,,24,,Charlie,Gray,Gray,,,0,0,0,0,0,0,0,0,0,0,0,0,0,,,,0.0,0.0,0.0,0.0,0.0,0,0,0
764,a,,,4.5,479,292.0,0,0.0,0,0.0,0.0,788,347.0,0,0,0.0,717.0,296.0,0,0,0.0,669.0,264.0,0.0,0.0,0.0,139,4,94,2,0.0,0.5,0.0,0.0,0.0,0.0,0.0,0.0,0.0,0.0,0.0,716.0,295.0,0.0,711.0,295.0,0.0,694.0,290.0,0.0,716.0,295.0,,,,24,,Reigan,Heskey,Heskey,,,0,0,0,0,0,0,0,0,0,0,0,0,0,,,,0.0,0.0,0.0,0.0,0.0,0,0,0
794,a,,,4.3,593,138.0,0,0.0,-2,2.0,0.0,698,240.0,5,0,2.5,255.0,100.0,0,27,1.2,249.0,93.0,0.3,1.2,0.0,4845,8,3356,37,1.2,1.7,0.26,0.06,0.32,1.54,0.17,0.04,0.21,1.03,34.0,408.0,154.0,14.8,388.0,142.0,26.0,339.0,111.0,7.5,415.0,150.0,,,,24,,Max,Alleyne,Alleyne,,,135,0,0,0,1,0,0,0,0,0,0,2,11,,,,0.0,0.0,0.67,1.33,7.33,3,8,4
119,a,100.0,100.0,8.4,11,6.0,0,0.0,4,-4.0,19.2,19,7.0,93,0,5.2,13.0,7.0,14,344,3.8,61.0,27.0,0.5,11.1,0.0,6073618,27479,5459777,1878,3.8,3.8,6.3,3.42,9.72,21.84,0.37,0.2,0.57,1.27,438.2,58.0,16.0,499.0,17.0,16.0,605.0,9.0,3.0,154.2,8.0,6.0,2.0,2.0,,24,,Bryan,Mbeumo,Mbeumo,,,1543,8,1,3,26,0,0,0,3,0,0,18,82,,,,0.0,0.17,1.52,1.05,4.78,14,10,58
431,a,,,4.7,385,17.0,0,0.0,-3,3.0,0.3,307,40.0,11,0,1.8,352.0,28.0,0,49,0.0,700.0,90.0,0.0,2.3,0.0,35363,37,60235,33,0.0,0.0,0.0,0.05,0.05,9.24,0.0,0.01,0.01,1.54,118.4,300.0,24.0,10.0,410.0,9.0,0.0,725.0,79.0,12.8,377.0,24.0,,,,24,,Altay,Bayındır,Bayindir,,,540,0,0,0,11,0,0,0,0,0,13,6,46,,,,2.17,0.0,1.83,1.0,0.0,0,7,39
432,u,0.0,0.0,4.9,301,12.0,0,0.0,-1,1.0,0.1,417,63.0,0,0,0.0,753.0,92.0,0,0,0.0,717.0,92.0,0.0,0.0,0.0,5156,0,26324,5,0.0,0.0,0.0,0.0,0.0,0.0,0.0,0.0,0.0,0.0,0.0,753.0,92.0,0.0,749.0,89.0,0.0,740.0,83.0,0.0,753.0,92.0,,,,24,,André,Onana,Onana,has joined Trabzonspor on loan for the rest of the season.,,0,0,0,0,0,0,0,0,0,0,0,0,0,,,,0.0,0.0,0.0,0.0,0.0,0,0,0
433,u,0.0,0.0,4.0,709,64.0,0,0.0,0,0.0,0.0,790,91.0,0,0,0.0,603.0,82.0,0,0,0.0,525.0,76.0,0.0,0.0,0.0,0,0,245,0,0.0,0.0,0.0,0.0,0.0,0.0,0.0,0.0,0.0,0.0,0.0,594.0,82.0,0.0,587.0,71.0,0.0,555.0,56.0,0.0,596.0,82.0,,,,24,,Elyh,Harrison,Harrison,On loan to Shrewsbury Town,,0,0,0,0,0,0,0,0,0,0,0,0,0,,,,0.0,0.0,0.0,0.0,0.0,0,0,0
434,a,,,3.9,727,65.0,0,0.0,-1,1.0,0.3,336,46.0,0,0,0.0,519.0,33.0,0,0,0.0,437.0,27.0,0.0,0.0,0.0,14892,21,22433,41,0.0,0.0,0.0,0.0,0.0,0.0,0.0,0.0,0.0,0.0,0.0,510.0,33.0,0.0,500.0,19.0,0.0,465.0,4.0,0.0,512.0,33.0,,,,24,,Tom,Heaton,Heaton,,,0,0,0,0,0,0,0,0,0,0,0,0,0,,,,0.0,0.0,0.0,0.0,0.0,0,0,0
435,a,,,3.9,750,80.0,0,0.0,-1,1.0,0.1,468,72.0,0,0,0.0,535.0,47.0,0,0,0.0,454.0,41.0,0.0,0.0,0.0,5071,6,8027,17,0.0,0.0,0.0,0.0,0.0,0.0,0.0,0.0,0.0,0.0,0.0,526.0,47.0,0.0,517.0,34.0,0.0,482.0,19.0,0.0,528.0,47.0,,,,24,,Dermot,Mee,Mee,,,0,0,0,0,0,0,0,0,0,0,0,0,0,,,,0.0,0.0,0.0,0.0,0.0,0,0,0
436,i,0.0,0.0,4.9,306,49.0,0,0.0,-1,1.0,1.9,135,54.0,43,0,3.3,146.0,57.0,5,169,0.0,719.0,256.0,0.0,8.8,0.0,419252,11,536091,316,0.0,0.0,1.38,0.83,2.21,18.73,0.11,0.06,0.17,1.44,276.6,165.0,70.0,60.2,296.0,98.0,122.0,190.0,42.0,45.7,224.0,77.0,,,,24,,Matthijs,de Ligt,De Ligt,Back injury - Expected back 10 Feb,,1170,1,0,1,20,0,0,0,0,0,0,13,139,,,,0.0,0.08,1.54,1.0,8.23,19,88,40
437,a,100.0,100.0,4.8,360,62.0,0,0.0,-2,2.0,0.7,208,80.0,29,0,2.6,242.0,96.0,2,112,2.4,144.0,52.0,0.5,6.0,0.0,116026,1362,54176,304,2.4,2.4,0.06,0.22,0.28,5.8,0.01,0.03,0.04,0.82,154.6,270.0,107.0,57.8,302.0,99.0,10.0,384.0,140.0,22.4,334.0,114.0,,,,24,,Lisandro,Martínez,Martinez,,,634,0,0,2,8,1,0,0,0,0,0,6,55,,,,0.0,0.28,1.14,0.85,7.81,7,48,32
438,a,100.0,100.0,4.9,315,52.0,0,0.0,-1,1.0,0.2,371,136.0,18,0,1.8,355.0,131.0,2,96,0.2,391.0,144.0,0.0,3.7,0.0,29217,181,50287,50,0.2,0.2,0.02,0.23,0.24,3.93,0.0,0.05,0.05,0.8,106.6,314.0,122.0,51.1,312.0,103.0,14.0,372.0,132.0,17.1,361.0,127.0,,,,24,,Noussair,Mazraoui,Mazraoui,,,441,0,0,1,5,0,0,0,1,0,0,6,54,,,,0.0,0.2,1.02,1.22,8.57,13,29,23
439,a,,,4.2,646,156.0,0,0.0,-3,3.0,0.1,563,203.0,0,0,0.0,626.0,245.0,0,0,0.0,557.0,235.0,0.0,0.0,0.0,3049,3,8193,6,0.0,0.0,0.0,0.0,0.0,0.0,0.0,0.0,0.0,0.0,0.0,618.0,246.0,0.0,613.0,245.0,0.0,584.0,243.0,0.0,620.0,246.0,,,,24,,Diego,León Blanco,D.Leon,,,0,0,0,0,0,0,0,0,0,0,0,0,0,,,,0.0,0.0,0.0,0.0,0.0,0,0,0
440,a,100.0,100.0,4.5,417,80.0,0,0.0,0,0.0,3.6,93,34.0,71,0,3.4,132.0,51.0,5,228,1.8,190.0,70.0,0.4,15.8,0.0,734508,2455,529595,1211,1.8,1.8,1.23,1.53,2.76,22.55,0.07,0.09,0.16,1.28,317.2,131.0,58.0,278.8,78.0,18.0,113.0,197.0,47.0,70.9,118.0,37.0,,,,24,,Diogo,Dalot Teixeira,Dalot,,,1584,1,5,4,28,0,0,0,3,0,0,18,127,,,,0.0,0.23,1.59,1.02,6.02,29,77,75
441,i,0.0,0.0,4.4,560,118.0,0,0.0,-1,1.0,7.7,52,16.0,74,0,3.4,131.0,50.0,8,261,5.8,9.0,2.0,1.3,16.8,0.0,1763684,845,1533784,34472,0.0,0.0,1.86,1.42,3.28,18.78,0.13,0.1,0.23,1.27,402.4,77.0,33.0,354.1,44.0,4.0,262.0,70.0,3.0,101.9,48.0,7.0,,,,24,,Patrick,Dorgu,Dorgu,Hamstring injury - Unknown return date,,1329,3,3,3,20,0,0,0,5,0,0,14,117,,,,0.0,0.2,1.35,0.95,6.43,47,48,72
442,a,100.0,100.0,4.3,566,120.0,0,0.0,-2,2.0,1.2,174,66.0,42,0,4.2,51.0,22.0,3,112,1.8,183.0,64.0,0.4,9.8,0.0,172582,2812,133558,203,1.8,1.8,0.47,0.02,0.49,8.34,0.08,0.0,0.08,1.44,124.0,296.0,112.0,17.1,385.0,140.0,47.0,297.0,94.0,18.9,353.0,122.0,,,,24,,Harry,Maguire,Maguire,,,521,1,1,3,6,0,0,0,0,0,0,6,52,,,,0.0,0.52,1.04,1.04,7.08,3,38,20
443,a,,,4.5,407,74.0,0,0.0,0,0.0,0.7,220,84.0,53,0,2.3,280.0,110.0,0,236,1.8,188.0,68.0,0.4,11.8,0.0,140493,789,102704,175,1.8,1.8,0.08,1.23,1.31,26.57,0.0,0.06,0.06,1.2,342.2,108.0,47.0,218.4,110.0,28.0,35.0,322.0,103.0,59.6,159.0,50.0,,,,24,,Luke,Shaw,Shaw,,,1998,0,1,4,31,0,0,0,4,0,0,23,160,,,,0.0,0.18,1.4,1.04,5.81,48,81,65
444,a,,,4.2,641,154.0,0,0.0,-3,3.0,1.3,170,63.0,35,0,1.7,364.0,134.0,1,105,0.6,310.0,116.0,0.1,8.3,0.0,201648,198,293643,247,0.6,0.6,0.68,0.24,0.92,17.22,0.05,0.02,0.07,1.37,194.6,234.0,96.0,61.3,290.0,95.0,73.0,256.0,73.0,32.8,281.0,93.0,,,,24,,Leny,Yoro,Yoro,,,1133,0,1,1,24,0,0,0,0,0,0,12,116,,,,0.0,0.08,1.91,0.95,7.47,22,72,49
445,u,0.0,0.0,4.0,707,191.0,0,0.0,0,0.0,0.1,528,192.0,0,0,0.0,601.0,228.0,0,0,0.0,523.0,213.0,0.0,0.0,0.0,1160,0,14299,5,0.0,0.0,0.0,0.0,0.0,0.0,0.0,0.0,0.0,0.0,0.0,592.0,228.0,0.0,585.0,228.0,0.0,553.0,224.0,0.0,594.0,228.0,,,,24,,Harry,Amass,Amass,has joined Norwich City on loan for the rest of the season.,,0,0,0,0,0,0,0,0,0,0,0,0,0,,,,0.0,0.0,0.0,0.0,0.0,0,0,0
446,a,,,3.8,797,252.0,0,0.0,-2,2.0,0.1,427,160.0,1,0,1.0,436.0,159.0,0,4,0.0,429.0,169.0,0.0,0.3,0.0,10126,12,13830,22,0.0,0.0,0.0,0.0,0.0,0.3,0.0,0.0,0.0,13.5,4.0,460.0,167.0,0.0,493.0,189.0,0.0,457.0,181.0,0.4,474.0,168.0,,,,24,,Tyler,Fredricson,Fredricson,,,2,0,0,0,0,0,0,0,0,0,0,0,2,,,,0.0,0.0,0.0,0.0,90.0,0,2,0
447,a,100.0,100.0,3.8,806,260.0,0,0.0,-2,2.0,2.2,120,46.0,26,0,2.4,266.0,104.0,0,107,1.0,263.0,97.0,0.3,6.8,0.0,377867,453,283273,1186,1.0,1.0,0.34,0.17,0.51,7.95,0.05,0.02,0.07,1.12,175.6,248.0,100.0,27.2,361.0,129.0,26.0,337.0,110.0,22.9,330.0,111.0,,,,24,,Ayden,Heaven,Heaven,,,636,0,1,1,12,1,0,0,1,0,0,8,72,,,,0.0,0.14,1.7,1.13,10.05,16,55,29
448,a,,,3.8,779,234.0,0,0.0,-2,2.0,0.4,272,101.0,1,0,1.0,434.0,157.0,0,3,0.0,416.0,156.0,0.0,0.3,0.0,52402,39,53731,105,0.0,0.0,0.0,0.0,0.0,0.3,0.0,0.0,0.0,13.5,3.0,464.0,168.0,0.0,480.0,176.0,0.0,444.0,168.0,0.3,479.0,170.0,,,,24,,Tyrell,Malacia,Malacia,,,2,0,0,0,0,0,0,0,0,0,0,0,2,,,,0.0,0.0,0.0,0.0,90.0,1,1,0
449,a,100.0,100.0,9.6,6,4.0,1,-1.0,6,-6.0,28.6,11,4.0,121,0,6.0,5.0,2.0,21,533,4.4,37.0,17.0,0.5,12.6,0.0,6102478,38669,5243195,2020,4.4,4.4,7.44,5.65,13.09,24.42,0.39,0.3,0.69,1.28,687.2,5.0,1.0,932.6,1.0,1.0,344.0,41.0,24.0,196.7,2.0,1.0,1.0,1.0,1.0,24,,Bruno,Borges Fernandes,B.Fernandes,,,1715,5,10,2,30,0,0,2,2,0,0,20,197,,,,0.0,0.1,1.57,1.05,10.34,36,51,110
450,a,100.0,100.0,8.0,16,11.0,0,0.0,0,0.0,7.9,51,19.0,79,0,4.0,75.0,34.0,9,327,4.8,24.0,12.0,0.6,9.9,0.0,2719406,5574,2758232,2394,4.8,4.8,4.91,2.16,7.07,20.07,0.31,0.14,0.45,1.28,388.6,82.0,25.0,322.2,56.0,45.0,474.0,22.0,10.0,118.6,32.0,25.0,,,,24,,Matheus,Santos Carneiro da Cunha,Cunha,,,1412,5,2,3,22,0,0,0,1,0,0,16,120,,,,0.0,0.19,1.4,1.02,7.65,21,25,74
451,u,0.0,0.0,7.0,39,23.0,0,0.0,0,0.0,0.0,688,288.0,0,0,0.0,807.0,361.0,0,0,0.0,804.0,361.0,0.0,0.0,0.0,0,0,2098,0,0.0,0.0,0.0,0.0,0.0,0.0,0.0,0.0,0.0,0.0,0.0,807.0,361.0,0.0,807.0,361.0,0.0,807.0,361.0,0.0,807.0,361.0,,,,24,,Marcus,Rashford,Rashford,Has joined Barcelona on loan for the rest of the season,,0,0,0,0,0,0,0,0,0,0,0,0,0,,,,0.0,0.0,0.0,0.0,0.0,0,0,0
452,a,100.0,100.0,6.2,78,51.0,0,0.0,-3,3.0,1.6,146,47.0,61,0,3.6,114.0,53.0,6,293,1.0,283.0,128.0,0.2,9.8,0.0,342237,2208,490520,649,1.0,1.0,3.81,2.81,6.62,17.09,0.25,0.18,0.43,1.11,295.8,154.0,57.0,396.1,36.0,33.0,332.0,45.0,27.0,102.5,44.0,31.0,,,,24,,Amad,Diallo,Amad,,,1380,2,4,3,20,0,0,0,1,0,0,16,120,,,,0.0,0.2,1.3,1.04,7.83,24,30,66
454,u,0.0,0.0,5.9,100,65.0,0,0.0,-1,1.0,0.1,556,204.0,0,0,0.0,799.0,357.0,0,0,0.0,795.0,356.0,0.0,0.0,0.0,1511,0,10652,1,0.0,0.0,0.0,0.0,0.0,0.0,0.0,0.0,0.0,0.0,0.0,799.0,357.0,0.0,799.0,357.0,0.0,799.0,357.0,0.0,799.0,357.0,,,,24,,Antony,dos Santos,Antony,has joined Real Betis permanently.,,0,0,0,0,0,0,0,0,0,0,0,0,0,,,,0.0,0.0,0.0,0.0,0.0,0,0,0
455,a,100.0,100.0,5.9,96,61.0,0,0.0,-1,1.0,0.4,284,94.0,46,0,2.7,237.0,103.0,3,164,0.4,354.0,157.0,0.1,7.8,0.0,183389,136,187906,218,0.4,0.4,1.54,1.4,2.94,10.3,0.17,0.16,0.33,1.14,162.4,260.0,112.0,198.5,129.0,93.0,158.0,136.0,79.0,51.9,195.0,101.0,3.0,,,24,,Mason,Mount,Mount,,,812,3,0,3,14,0,0,0,0,0,0,10,62,,,,0.0,0.33,1.55,1.11,6.87,14,7,41
457,a,100.0,100.0,5.5,136,83.0,0,0.0,0,0.0,1.3,164,56.0,92,0,4.4,39.0,17.0,11,347,3.2,90.0,40.0,0.6,16.7,0.0,403946,1108,292474,894,3.2,3.2,3.69,1.84,5.53,16.45,0.23,0.11,0.34,1.0,426.6,63.0,19.0,290.6,76.0,58.0,287.0,62.0,38.0,100.6,50.0,34.0,,,,24,,Carlos Henrique,Casimiro,Casemiro,,,1474,4,3,5,19,0,0,0,5,1,0,20,195,,,,0.0,0.31,1.16,1.22,11.91,48,67,80
458,a,100.0,100.0,4.6,399,246.0,0,0.0,-4,4.0,0.6,228,79.0,20,0,1.4,405.0,180.0,0,83,1.8,192.0,83.0,0.4,4.3,0.0,83847,1194,103101,218,1.8,1.8,0.14,0.29,0.43,5.9,0.03,0.06,0.09,1.3,91.0,338.0,149.0,121.0,197.0,130.0,29.0,336.0,176.0,24.1,323.0,156.0,,,,24,,Kobbie,Mainoo,Mainoo,,,408,0,1,1,9,0,0,0,0,0,0,2,43,,,,0.0,0.22,1.99,0.44,9.49,9,14,20
459,a,,,4.7,383,239.0,0,0.0,-3,3.0,0.2,401,136.0,29,0,1.8,351.0,157.0,0,147,1.4,235.0,98.0,0.3,6.2,0.0,28023,51,34568,82,1.4,1.4,0.31,0.15,0.46,13.45,0.04,0.02,0.06,1.66,116.6,302.0,134.0,60.7,294.0,169.0,32.0,327.0,172.0,20.7,343.0,164.0,,,,24,,Manuel,Ugarte Ribeiro,Ugarte,,,730,0,0,1,18,0,0,0,1,0,0,7,115,,,,0.0,0.12,2.22,0.86,14.18,39,30,46
460,a,100.0,100.0,4.5,442,264.0,0,0.0,0,0.0,0.0,650,264.0,0,0,0.0,694.0,278.0,0,0,0.0,642.0,242.0,0.0,0.0,0.0,498,0,9495,2,0.0,0.0,0.0,0.0,0.0,0.0,0.0,0.0,0.0,0.0,0.0,689.0,273.0,0.0,687.0,276.0,0.0,667.0,268.0,0.0,691.0,275.0,,,,24,,Toby,Collyer,Collyer,,,0,0,0,0,0,0,0,0,0,0,0,0,0,,,,0.0,0.0,0.0,0.0,0.0,0,0,0
461,a,,,4.3,607,353.0,0,0.0,-2,2.0,0.0,612,235.0,0,0,0.0,640.0,243.0,0,0,0.0,574.0,201.0,0.0,0.0,0.0,2719,8,4482,5,0.0,0.0,0.0,0.0,0.0,0.0,0.0,0.0,0.0,0.0,0.0,631.0,234.0,0.0,628.0,239.0,0.0,601.0,227.0,0.0,633.0,236.0,,,,24,,Jayce,Fitzgerald,Fitzgerald,,,0,0,0,0,0,0,0,0,0,0,0,0,0,,,,0.0,0.0,0.0,0.0,0.0,0,0,0
462,a,,,4.3,604,350.0,0,0.0,-2,2.0,0.1,502,177.0,3,0,1.0,446.0,197.0,0,10,0.0,571.0,198.0,0.0,0.7,0.0,12823,31,10977,34,0.0,0.0,0.03,0.02,0.05,1.86,0.03,0.02,0.05,1.56,18.6,433.0,194.0,24.4,369.0,189.0,5.0,409.0,201.0,4.8,431.0,194.0,,,,24,,Jack,Fletcher,J.Fletcher,,,107,0,0,0,0,0,0,0,0,0,0,0,11,,,,0.0,0.0,0.0,0.0,9.25,5,2,4
463,a,,,4.3,616,360.0,0,0.0,-2,2.0,0.1,487,170.0,0,0,0.0,646.0,248.0,0,0,0.0,582.0,207.0,0.0,0.0,0.0,8859,24,12083,14,0.0,0.0,0.0,0.0,0.0,0.0,0.0,0.0,0.0,0.0,0.0,637.0,239.0,0.0,634.0,244.0,0.0,608.0,233.0,0.0,639.0,241.0,,,,24,,Sékou,Koné,Kone,,,0,0,0,0,0,0,0,0,0,0,0,0,0,,,,0.0,0.0,0.0,0.0,0.0,0,0,0
464,u,0.0,0.0,4.5,466,283.0,0,0.0,0,0.0,0.0,678,282.0,0,0,0.0,708.0,291.0,0,0,0.0,658.0,257.0,0.0,0.0,0.0,723,0,2817,1,0.0,0.0,0.0,0.0,0.0,0.0,0.0,0.0,0.0,0.0,0.0,706.0,289.0,0.0,702.0,290.0,0.0,683.0,283.0,0.0,707.0,290.0,,,,24,,Jack,Moorhouse,Moorhouse,has joined Leyton Orient on loan for the rest of the season.,,0,0,0,0,0,0,0,0,0,0,0,0,0,,,,0.0,0.0,0.0,0.0,0.0,0,0,0
465,u,0.0,0.0,6.3,70,22.0,0,0.0,-2,2.0,0.3,335,55.0,0,0,0.0,802.0,88.0,0,0,0.0,798.0,85.0,0.0,0.0,0.0,5437,0,56395,14,0.0,0.0,0.0,0.0,0.0,0.0,0.0,0.0,0.0,0.0,0.0,802.0,88.0,0.0,802.0,88.0,0.0,802.0,88.0,0.0,802.0,88.0,,,,24,,Rasmus,Højlund,Højlund,has joined Napoli on loan for the rest of the season.,,0,0,0,0,0,0,0,0,0,0,0,0,0,,,,0.0,0.0,0.0,0.0,0.0,0,0,0
466,d,75.0,75.0,5.8,109,31.0,0,0.0,-2,2.0,0.4,266,42.0,33,0,2.4,274.0,29.0,6,116,1.0,280.0,35.0,0.2,5.7,0.0,104143,24,122518,293,0.8,0.8,1.77,0.29,2.06,6.41,0.33,0.05,0.38,1.2,141.0,280.0,27.0,129.2,186.0,17.0,166.0,129.0,32.0,43.3,233.0,29.0,,,,24,,Joshua,Zirkzee,Zirkzee,Knock - 75% chance of playing,,481,2,1,1,7,0,0,0,1,0,0,4,34,,,,0.0,0.19,1.31,0.75,6.36,7,11,16
467,a,,,4.2,643,89.0,0,0.0,-3,3.0,1.7,143,23.0,0,0,0.0,624.0,61.0,0,0,0.0,554.0,50.0,0.0,0.0,0.0,260346,271,335296,860,0.0,0.0,0.0,0.0,0.0,0.0,0.0,0.0,0.0,0.0,0.0,616.0,61.0,0.0,611.0,60.0,0.0,582.0,60.0,0.0,618.0,61.0,,,,24,,Chido,Obi,Obi,,,0,0,0,0,0,0,0,0,0,0,0,0,0,,,,0.0,0.0,0.0,0.0,0.0,0,0,0
468,a,100.0,100.0,4.5,473,67.0,0,0.0,0,0.0,0.1,491,68.0,0,0,0.0,714.0,74.0,0,0,0.0,665.0,64.0,0.0,0.0,0.0,4423,37,14245,16,0.0,0.0,0.0,0.0,0.0,0.0,0.0,0.0,0.0,0.0,0.0,712.0,74.0,0.0,708.0,73.0,0.0,690.0,73.0,0.0,713.0,74.0,,,,24,,Ethan,Wheatley,Wheatley,,,0,0,0,0,0,0,0,0,0,0,0,0,0,,,,0.0,0.0,0.0,0.0,0.0,0,0,0
681,a,100.0,100.0,7.2,33,13.0,0,0.0,-3,3.0,3.3,100,18.0,56,0,3.1,182.0,17.0,8,171,3.2,96.0,12.0,0.4,7.8,0.0,664004,669,1323663,1246,3.2,3.2,4.95,0.2,5.15,15.72,0.43,0.02,0.45,1.35,227.4,200.0,16.0,125.2,192.0,18.0,486.0,19.0,11.0,83.1,85.0,15.0,,,,24,,Benjamin,Sesko,Šeško,,,1047,4,2,1,21,0,0,0,1,0,0,11,44,,,,0.0,0.09,1.81,0.95,3.78,5,17,22
733,a,,,5.0,260,9.0,0,0.0,0,0.0,1.9,137,18.0,49,0,2.9,202.0,19.0,4,187,2.2,163.0,16.0,0.4,9.8,0.0,411514,1099,246240,599,2.2,2.2,0.0,0.0,0.0,19.25,0.0,0.0,0.0,1.13,320.6,124.0,18.0,0.0,768.0,90.0,2.0,437.0,1.0,32.3,285.0,17.0,,,,24,,Senne,Lammens,Lammens,,,1530,0,0,3,23,0,0,0,0,0,37,17,43,,,,2.18,0.18,1.35,1.0,0.0,1,13,118
755,a,100.0,100.0,4.5,476,290.0,0,0.0,0,0.0,0.0,703,296.0,2,0,1.0,462.0,211.0,0,8,0.2,380.0,171.0,0.0,0.4,0.0,2800,13,1638,14,0.2,0.2,0.07,0.0,0.07,0.11,0.52,0.0,0.52,0.82,4.0,461.0,211.0,1.5,446.0,216.0,11.0,377.0,190.0,1.5,459.0,210.0,,,,24,,Shea,Lacey,Lacey,,,12,0,0,0,0,0,0,0,0,0,0,0,1,,,,0.0,0.0,0.0,0.0,7.5,1,0,0
769,a,,,4.5,475,289.0,0,0.0,0,0.0,0.0,781,342.0,1,0,1.0,461.0,210.0,0,3,0.0,667.0,263.0,0.0,0.2,0.0,271,2,164,3,0.0,0.0,0.0,0.01,0.01,0.05,0.0,0.06,0.06,0.3,2.2,469.0,218.0,11.7,397.0,197.0,0.0,692.0,289.0,1.4,461.0,212.0,,,,24,,Bendito,Mantato,Bendito Mantato,,,15,0,0,0,0,0,0,0,0,0,0,0,0,,,,0.0,0.0,0.0,0.0,0.0,0,0,0
771,a,,,4.4,543,326.0,0,0.0,-1,1.0,0.0,757,327.0,0,0,0.0,661.0,257.0,0,0,0.0,602.0,217.0,0.0,0.0,0.0,1019,14,592,11,0.0,0.0,0.0,0.0,0.0,0.0,0.0,0.0,0.0,0.0,0.0,653.0,249.0,0.0,650.0,254.0,0.0,625.0,243.0,0.0,655.0,251.0,,,,24,,Tyler,Fletcher,Fletcher,,,0,0,0,0,0,0,0,0,0,0,0,0,0,,,,0.0,0.0,0.0,0.0,0.0,0,0,0
788,a,,,4.0,706,190.0,0,0.0,0,0.0,0.0,762,258.0,0,0,0.0,600.0,227.0,0,0,0.0,522.0,212.0,0.0,0.0,0.0,220,3,125,1,0.0,0.0,0.0,0.0,0.0,0.0,0.0,0.0,0.0,0.0,0.0,591.0,227.0,0.0,584.0,227.0,0.0,552.0,223.0,0.0,593.0,227.0,,,,24,,Godwill,Kukonki,Kukonki,,,0,0,0,0,0,0,0,0,0,0,0,0,0,,,,0.0,0.0,0.0,0.0,0.0,0,0,0
52,a,100.0,100.0,5.3,194,121.0,0,0.0,-2,2.0,0.2,364,121.0,16,1,1.1,432.0,195.0,0,93,0.8,298.0,134.0,0.2,3.0,0.0,23283,69,72850,45,0.8,0.3,0.4,0.66,1.06,11.61,0.06,0.09,0.15,1.64,69.0,365.0,162.0,144.0,173.0,117.0,68.0,263.0,143.0,28.2,307.0,147.0,,,,24,,Jacob,Ramsey,J.Ramsey,,,637,0,0,0,16,0,0,0,3,0,0,5,70,,,,0.0,0.0,2.26,0.71,9.89,14,9,47
135,a,100.0,100.0,7.3,24,9.0,0,0.0,-2,2.0,0.9,196,32.0,16,1,1.6,388.0,45.0,0,53,1.4,245.0,31.0,0.2,2.2,0.0,226245,654,405827,1743,1.4,0.9,1.56,0.4,1.96,4.58,0.41,0.11,0.52,1.21,44.6,394.0,42.0,33.3,351.0,44.0,124.0,183.0,41.0,19.7,350.0,42.0,,,,24,,Yoane,Wissa,Wissa,,,342,1,0,1,5,0,0,0,1,0,0,3,16,,,,0.0,0.26,1.32,0.79,4.21,2,2,12
469,a,100.0,100.0,5.1,224,6.0,0,0.0,1,-1.0,4.9,76,13.0,75,1,4.2,53.0,3.0,3,310,3.6,67.0,5.0,0.7,14.7,0.0,1475395,712,1464141,943,3.6,3.1,0.0,0.0,0.0,19.56,0.0,0.0,0.0,1.1,427.6,62.0,12.0,0.0,781.0,91.0,0.0,775.0,88.0,42.8,238.0,13.0,,,,24,,Nick,Pope,Pope,,,1606,0,1,7,23,0,0,0,1,0,56,18,121,,,,3.14,0.39,1.29,1.01,0.0,1,27,167
471,a,,,3.9,732,70.0,0,0.0,-1,1.0,0.1,428,65.0,0,0,0.0,523.0,37.0,0,0,0.0,441.0,31.0,0.0,0.0,0.0,6164,2,9860,10,0.0,-0.5,0.0,0.0,0.0,0.0,0.0,0.0,0.0,0.0,0.0,514.0,37.0,0.0,505.0,24.0,0.0,470.0,9.0,0.0,516.0,37.0,,,,24,,Mark,Gillespie,Gillespie,,,0,0,0,0,0,0,0,0,0,0,0,0,0,,,,0.0,0.0,0.0,0.0,0.0,0,0,0
472,u,0.0,0.0,4.0,657,44.0,0,0.0,0,0.0,0.0,700,81.0,0,0,0.0,560.0,63.0,0,0,0.0,479.0,57.0,0.0,0.0,0.0,0,0,2426,2,0.0,0.0,0.0,0.0,0.0,0.0,0.0,0.0,0.0,0.0,0.0,551.0,63.0,0.0,543.0,51.0,0.0,509.0,36.0,0.0,553.0,63.0,,,,24,,Odysseas,Vlachodimos,Odysseas,Has joined Sevilla on loan for the rest of the season.,,0,0,0,0,0,0,0,0,0,0,0,0,0,,,,0.0,0.0,0.0,0.0,0.0,0,0,0
473,a,100.0,100.0,5.3,201,26.0,0,0.0,-2,2.0,2.9,106,42.0,55,3,3.2,162.0,66.0,4,229,4.6,26.0,6.0,0.9,10.4,0.0,536585,2723,406841,1384,4.6,4.1,0.58,1.78,2.36,17.35,0.04,0.13,0.17,1.29,323.6,121.0,53.0,239.5,101.0,23.0,98.0,223.0,58.0,66.1,136.0,44.0,4.0,,,24,,Lewis,Hall,Hall,,,1208,0,2,3,21,0,0,0,1,0,0,13,116,,,,0.0,0.22,1.56,0.97,8.05,34,74,71
474,i,0.0,0.0,5.3,185,23.0,0,0.0,-2,2.0,1.3,160,60.0,51,0,3.2,160.0,65.0,0,186,2.2,165.0,59.0,0.4,9.6,0.0,296561,10,471084,1114,0.0,0.0,0.97,0.6,1.57,13.85,0.08,0.05,0.13,1.14,291.2,158.0,66.0,63.6,285.0,92.0,108.0,208.0,54.0,46.4,221.0,74.0,,3.0,4.0,24,,Fabian,Schär,Schär,Ankle injury - Expected back 18 Apr,,1089,0,0,4,13,0,0,0,1,0,0,11,133,,,,0.0,0.33,1.07,0.91,9.5,14,101,42
475,a,100.0,100.0,4.9,312,50.0,0,0.0,-1,1.0,0.4,285,109.0,44,0,3.4,135.0,52.0,4,178,2.4,145.0,53.0,0.5,9.0,0.0,69862,130,96145,68,2.4,1.9,0.3,0.27,0.57,10.93,0.03,0.03,0.06,1.12,244.6,187.0,75.0,47.6,322.0,108.0,73.0,257.0,74.0,36.5,264.0,89.0,,,,24,,Sven,Botman,Botman,,,880,0,1,4,13,1,0,0,1,0,0,10,116,,,,0.0,0.41,1.33,1.02,8.9,8,79,53
476,a,100.0,100.0,5.0,242,37.0,0,0.0,0,0.0,3.2,103,39.0,68,1,4.2,52.0,23.0,5,189,0.2,394.0,145.0,0.0,13.6,0.0,1468534,1005,1635852,293,0.2,-0.3,0.12,0.3,0.42,14.33,0.01,0.02,0.03,0.96,291.0,159.0,67.0,72.7,272.0,85.0,66.0,268.0,78.0,43.0,236.0,81.0,,,,24,,Dan,Burn,Burn,,,1345,0,3,6,21,0,0,0,4,1,0,16,170,,,,0.0,0.4,1.41,1.07,8.97,20,114,48
477,i,0.0,0.0,4.9,327,54.0,0,0.0,-1,1.0,2.0,131,51.0,49,0,3.8,91.0,34.0,3,218,0.4,346.0,130.0,0.1,10.0,0.0,1089454,4,1361457,611,0.0,0.0,0.12,0.57,0.69,11.0,0.01,0.05,0.06,0.94,190.8,240.0,98.0,178.1,143.0,36.0,36.0,321.0,102.0,40.5,248.0,84.0,,,,24,,Tino,Livramento,Livramento,Hamstring injury - Expected back 14 Mar,,1048,0,1,5,10,0,0,0,1,0,0,11,86,,,,0.0,0.43,0.86,0.94,4.98,19,39,68
478,a,100.0,100.0,4.9,286,45.0,0,0.0,-1,1.0,1.3,166,62.0,38,1,3.2,155.0,62.0,2,158,1.6,211.0,79.0,0.3,7.8,0.0,233148,291,365518,104,1.6,1.1,0.05,1.56,1.61,10.62,0.0,0.15,0.15,0.99,165.4,254.0,103.0,329.4,53.0,9.0,5.0,410.0,154.0,49.8,210.0,68.0,2.0,2.0,,24,,Kieran,Trippier,Trippier,,,962,0,0,5,15,0,0,0,1,0,0,11,74,,,,0.0,0.47,1.4,1.03,4.21,14,31,48
479,i,0.0,0.0,4.3,569,123.0,0,0.0,-2,2.0,0.0,617,221.0,0,0,0.0,627.0,246.0,0,-8,0.0,559.0,237.0,0.0,0.0,0.0,1453,2,4991,2,0.0,0.0,0.0,0.0,0.0,0.25,0.0,0.0,0.0,0.5,1.4,474.0,171.0,1.2,448.0,163.0,0.0,586.0,244.0,0.3,480.0,171.0,,,,24,,Emil,Krafth,Krafth,Knee injury - Unknown return date,,45,0,0,0,2,0,0,0,0,0,0,1,1,,,,0.0,0.0,4.0,2.0,2.0,0,1,0
480,d,25.0,25.0,4.3,567,121.0,0,0.0,-2,2.0,0.1,580,210.0,1,0,0.5,495.0,173.0,0,0,0.0,558.0,236.0,0.0,0.2,0.0,2752,3,8756,8,0.0,-0.1,0.04,0.0,0.04,0.55,0.19,0.0,0.19,2.61,10.2,443.0,165.0,0.0,614.0,246.0,7.0,399.0,151.0,1.7,454.0,164.0,,,,24,,Jamaal,Lascelles,Lascelles,Lack of match fitness - 25% chance of playing,,19,0,0,0,2,0,0,0,0,0,0,0,5,,,,0.0,0.0,9.47,0.0,23.68,0,5,0
481,a,,,3.8,796,251.0,0,0.0,-2,2.0,0.7,217,82.0,1,1,1.0,435.0,158.0,0,-1,0.2,365.0,135.0,0.1,0.3,0.0,71674,154,94532,152,0.2,-0.3,0.0,0.0,0.0,0.29,0.0,0.0,0.0,26.1,2.0,470.0,169.0,0.0,492.0,188.0,0.0,456.0,180.0,0.2,485.0,172.0,,,,24,,Alex,Murphy,A.Murphy,,,1,0,0,0,1,0,0,0,0,0,0,0,1,,,,0.0,0.0,90.0,0.0,90.0,0,1,0
488,a,100.0,100.0,7.2,31,19.0,0,0.0,7,-7.0,16.8,20,8.0,120,0,5.7,7.0,4.0,18,526,4.8,23.0,11.0,0.7,16.7,0.0,3903447,7442,2069564,24908,4.8,4.3,4.03,2.95,6.98,22.8,0.2,0.14,0.34,1.12,606.4,12.0,3.0,542.4,12.0,12.0,342.0,43.0,26.0,149.1,12.0,10.0,,,,24,,Bruno,Guimarães Rodriguez Moura,Bruno G.,,,1839,8,5,6,27,0,0,0,4,0,0,20,178,,,,0.0,0.29,1.32,0.98,8.71,45,39,94
489,a,100.0,100.0,5.9,92,58.0,0,0.0,-6,6.0,0.6,231,80.0,52,1,2.7,236.0,102.0,2,212,1.0,281.0,126.0,0.2,8.8,0.0,154983,128,339227,117,1.0,0.5,2.75,2.33,5.08,12.0,0.24,0.21,0.45,1.06,210.8,218.0,92.0,299.8,67.0,51.0,266.0,69.0,44.0,77.5,97.0,56.0,,,,24,,Jacob,Murphy,J.Murphy,,,1022,2,1,6,10,0,0,0,0,0,0,12,45,,,,0.0,0.53,0.88,1.06,3.96,7,11,27
490,i,0.0,0.0,5.9,95,60.0,0,0.0,-1,1.0,0.3,299,100.0,56,0,2.9,207.0,87.0,2,239,3.2,93.0,41.0,0.5,9.5,0.0,70661,12,92833,942,0.0,0.0,1.75,0.97,2.72,17.25,0.12,0.06,0.18,1.14,254.6,181.0,74.0,209.3,120.0,85.0,269.0,68.0,43.0,73.4,108.0,59.0,,,,24,,Joelinton Cássio,Apolinário de Lira,Joelinton,Groin Injury - Unknown return date,,1364,2,0,5,18,0,0,0,6,0,0,17,171,,,,0.0,0.33,1.19,1.12,11.28,30,55,86
491,a,100.0,100.0,5.3,197,122.0,0,0.0,-2,2.0,1.0,185,61.0,58,2,2.4,273.0,118.0,1,314,2.4,148.0,63.0,0.5,10.9,0.0,179009,414,292147,285,2.4,1.9,1.34,1.57,2.91,19.94,0.07,0.08,0.15,1.08,265.2,177.0,71.0,308.0,63.0,48.0,144.0,156.0,89.0,72.0,114.0,63.0,1.0,1.0,,24,,Sandro,Tonali,Tonali,,,1666,0,1,7,22,0,0,0,3,0,0,21,177,,,,0.0,0.38,1.19,1.13,9.56,24,49,104
492,u,0.0,0.0,4.9,346,216.0,0,0.0,-1,1.0,0.0,667,274.0,0,0,0.0,766.0,333.0,0,0,0.0,736.0,314.0,0.0,0.0,0.0,655,0,3550,1,0.0,0.0,0.0,0.0,0.0,0.0,0.0,0.0,0.0,0.0,0.0,766.0,333.0,0.0,762.0,333.0,0.0,754.0,331.0,0.0,766.0,333.0,,,,24,,Antoñito,Cordero Campillo,Antoñito C.,has joined Cadiz on loan for the rest of the season.,,0,0,0,0,0,0,0,0,0,0,0,0,0,,,,0.0,0.0,0.0,0.0,0.0,0,0,0
494,a,100.0,100.0,5.0,248,150.0,0,0.0,0,0.0,0.1,510,180.0,17,2,1.3,418.0,187.0,0,64,0.8,295.0,132.0,0.2,3.4,0.0,10366,74,10468,26,0.8,0.3,0.6,0.17,0.77,5.54,0.17,0.05,0.22,1.6,37.4,404.0,178.0,51.6,311.0,176.0,37.0,316.0,165.0,12.4,379.0,176.0,,,,24,,Joe,Willock,Willock,,,311,0,0,2,6,0,0,0,1,0,0,3,31,,,,0.0,0.58,1.74,0.87,8.97,10,4,17
498,u,0.0,0.0,4.5,435,260.0,0,0.0,0,0.0,0.0,753,323.0,0,0,0.0,691.0,275.0,0,0,0.0,638.0,238.0,0.0,0.0,0.0,117,0,1208,1,0.0,0.0,0.0,0.0,0.0,0.0,0.0,0.0,0.0,0.0,0.0,686.0,270.0,0.0,684.0,273.0,0.0,663.0,265.0,0.0,688.0,272.0,,,,24,,Joe,White,White,has joined Bradford City on loan for the rest of the season.,,0,0,0,0,0,0,0,0,0,0,0,0,0,,,,0.0,0.0,0.0,0.0,0.0,0,0,0
500,a,100.0,100.0,5.4,182,44.0,0,0.0,-1,1.0,0.2,373,59.0,19,1,1.7,371.0,42.0,0,63,0.2,401.0,46.0,0.0,3.5,0.0,69101,34,85498,18,0.2,-0.3,0.64,0.03,0.67,3.56,0.26,0.01,0.27,1.46,41.2,398.0,43.0,14.2,391.0,50.0,68.0,264.0,46.0,12.1,383.0,46.0,,,,24,,William,Osula,Osula,,,219,1,1,1,5,0,0,0,0,0,0,1,8,,,,0.0,0.41,2.05,0.41,3.29,1,1,6
501,a,,,4.3,613,85.0,0,0.0,-2,2.0,0.2,346,56.0,0,0,0.0,644.0,64.0,0,0,0.0,580.0,54.0,0.0,0.0,0.0,21285,66,32640,48,0.0,-0.5,0.0,0.0,0.0,0.0,0.0,0.0,0.0,0.0,0.0,635.0,64.0,0.0,632.0,63.0,0.0,606.0,63.0,0.0,637.0,64.0,,,,24,,Sean,Neave,Neave,,,0,0,0,0,0,0,0,0,0,0,0,0,0,,,,0.0,0.0,0.0,0.0,0.0,0,0,0
674,a,,,4.8,362,15.0,0,0.0,-2,2.0,0.7,216,28.0,11,0,1.6,380.0,29.0,0,45,0.0,706.0,91.0,0.0,2.3,0.0,106932,62,143764,173,0.0,-0.5,0.0,0.0,0.0,7.96,0.0,0.0,0.0,1.3,97.4,330.0,26.0,10.0,411.0,10.0,0.0,732.0,81.0,10.8,395.0,25.0,,,,24,,Aaron,Ramsdale,Ramsdale,,,553,0,0,0,10,0,0,0,0,0,10,6,0,,,,1.63,0.0,1.63,0.98,0.0,0,5,49
684,a,,,5.1,236,35.0,0,0.0,1,-1.0,5.5,72,24.0,85,0,4.0,67.0,28.0,10,285,5.2,17.0,3.0,1.0,16.7,0.0,1131660,4177,472154,4123,5.2,4.7,1.97,0.47,2.44,25.2,0.1,0.02,0.12,1.29,529.2,25.0,11.0,75.3,266.0,81.0,208.0,97.0,11.0,81.0,88.0,21.0,,,,24,,Malick,Thiaw,Thiaw,,,1757,3,0,4,30,0,0,0,3,0,0,20,208,,,,0.0,0.2,1.54,1.02,9.22,26,154,79
689,a,,,4.3,617,361.0,0,0.0,-2,2.0,0.3,301,101.0,0,0,0.0,647.0,249.0,0,0,0.0,583.0,208.0,0.0,0.0,0.0,51500,797,36475,192,0.0,-0.5,0.0,0.0,0.0,0.0,0.0,0.0,0.0,0.0,0.0,638.0,240.0,0.0,635.0,245.0,0.0,609.0,234.0,0.0,640.0,242.0,,,,24,,Seung-Soo,Park,Seung soo,,,0,0,0,0,0,0,0,0,0,0,0,0,0,,,,0.0,0.0,0.0,0.0,0.0,0,0,0
714,a,,,7.1,36,15.0,0,0.0,1,-1.0,10.9,40,7.0,82,1,3.9,87.0,8.0,10,287,2.0,179.0,22.0,0.3,11.5,0.0,5381088,1375,4167659,26421,2.0,1.5,6.19,0.75,6.94,17.56,0.41,0.05,0.46,1.15,347.0,103.0,10.0,165.4,152.0,10.0,376.0,35.0,16.0,87.8,72.0,13.0,,,3.0,24,,Nick,Woltemade,Woltemade,,,1369,7,3,6,20,1,0,0,0,0,0,17,69,,,,0.0,0.39,1.31,1.12,4.54,15,23,31
765,a,,,4.0,702,186.0,0,0.0,0,0.0,0.0,675,234.0,0,0,0.0,597.0,224.0,0,0,0.0,518.0,208.0,0.0,0.0,0.0,2535,23,1287,17,0.0,-0.5,0.0,0.0,0.0,0.0,0.0,0.0,0.0,0.0,0.0,588.0,224.0,0.0,581.0,224.0,0.0,549.0,220.0,0.0,590.0,224.0,,,,24,,Leo,Shahar,Shahar,,,0,0,0,0,0,0,0,0,0,0,0,0,0,,,,0.0,0.0,0.0,0.0,0.0,0,0,0
772,a,,,4.5,506,312.0,0,0.0,0,0.0,0.0,785,345.0,0,0,0.0,738.0,313.0,0,0,0.0,692.0,283.0,0.0,0.0,0.0,223,6,111,0,0.0,-0.5,0.0,0.0,0.0,0.0,0.0,0.0,0.0,0.0,0.0,738.0,313.0,0.0,733.0,313.0,0.0,716.0,308.0,0.0,738.0,313.0,,,,24,,Sam,Alabi,Alabi,,,0,0,0,0,0,0,0,0,0,0,0,0,0,,,,0.0,0.0,0.0,0.0,0.0,0,0,0
12,a,100.0,100.0,4.9,303,48.0,0,0.0,-1,1.0,0.2,352,128.0,7,0,1.4,407.0,149.0,0,56,0.0,718.0,255.0,0.0,1.4,0.0,26520,79,50646,34,0.0,0.0,0.07,0.36,0.43,5.02,0.02,0.09,0.11,1.28,80.8,351.0,133.0,83.4,251.0,74.0,22.0,358.0,125.0,18.6,355.0,123.0,,,,24,,Oleksandr,Zinchenko,Zinchenko,,,352,0,0,0,6,0,0,0,0,0,0,4,36,,,,0.0,0.0,1.53,1.02,6.14,10,14,17
426,a,,,5.0,256,156.0,0,0.0,-5,5.0,0.1,488,171.0,6,0,0.9,488.0,231.0,0,24,0.0,742.0,318.0,0.0,1.2,0.0,12423,42,25669,21,0.0,0.0,0.02,0.17,0.19,3.56,0.01,0.09,0.1,1.9,16.2,436.0,196.0,44.9,328.0,179.0,8.0,394.0,194.0,7.0,418.0,188.0,,,,24,,James,McAtee,McAtee,,,169,0,0,0,7,0,0,0,1,0,0,1,11,,,,0.0,0.0,3.73,0.53,5.86,4,1,6
502,a,100.0,100.0,4.6,393,18.0,0,0.0,-4,4.0,5.7,67,12.0,60,0,3.2,153.0,15.0,3,240,4.0,44.0,1.0,0.9,13.0,0.0,401908,1565,1916787,477,4.0,4.0,0.0,0.06,0.06,26.6,0.0,0.0,0.0,1.47,416.2,68.0,14.0,10.0,409.0,8.0,0.0,721.0,76.0,42.6,239.0,14.0,,,,24,,Matz,Sels,Sels,,,1632,0,0,4,26,0,0,0,1,0,54,18,75,,,,2.98,0.22,1.43,0.99,0.0,1,21,124
503,u,0.0,0.0,4.0,680,56.0,0,0.0,0,0.0,0.1,535,76.0,0,0,0.0,579.0,74.0,0,0,0.0,498.0,68.0,0.0,0.0,0.0,448,0,15432,8,0.0,0.0,0.0,0.0,0.0,0.0,0.0,0.0,0.0,0.0,0.0,570.0,74.0,0.0,563.0,63.0,0.0,530.0,48.0,0.0,572.0,74.0,,,,24,,Carlos Miguel,dos Santos Pereira,C.Miguel,Has joined Palmeiras permanently.,,0,0,0,0,0,0,0,0,0,0,0,0,0,,,,0.0,0.0,0.0,0.0,0.0,0,0,0
504,u,0.0,0.0,4.0,665,47.0,0,0.0,0,0.0,0.1,507,75.0,0,0,0.0,566.0,65.0,0,0,0.0,485.0,59.0,0.0,0.0,0.0,0,0,15449,5,0.0,0.0,0.0,0.0,0.0,0.0,0.0,0.0,0.0,0.0,0.0,557.0,65.0,0.0,550.0,54.0,0.0,517.0,39.0,0.0,559.0,65.0,,,,24,,Matt,Turner,Turner,Has joined Lyon permanently.,,0,0,0,0,0,0,0,0,0,0,0,0,0,,,,0.0,0.0,0.0,0.0,0.0,0,0,0
505,a,,,5.1,230,32.0,0,0.0,-4,4.0,3.2,104,40.0,66,0,2.9,203.0,81.0,1,230,3.8,55.0,23.0,0.7,12.9,0.0,313755,635,1017879,387,3.8,3.8,0.72,0.41,1.13,32.73,0.03,0.02,0.05,1.42,424.2,65.0,28.0,36.0,344.0,120.0,88.0,235.0,64.0,55.1,178.0,58.0,,,,24,,Nikola,Milenković,Milenković,,,2070,0,0,5,34,1,0,0,4,0,0,23,218,,,,0.0,0.22,1.48,1.0,8.22,16,173,69
506,a,100.0,100.0,5.2,222,30.0,0,0.0,-3,3.0,2.1,128,48.0,62,0,3.6,113.0,41.0,3,227,4.2,41.0,15.0,0.8,11.9,0.0,222896,2006,734363,260,4.2,4.2,0.48,0.42,0.9,22.7,0.03,0.03,0.06,1.4,401.4,78.0,34.0,77.2,262.0,78.0,67.0,266.0,76.0,54.7,180.0,59.0,,3.0,,24,,Murillo,Costa dos Santos,Murillo,,,1459,1,0,4,22,1,0,0,3,0,0,17,195,,,,0.0,0.25,1.36,1.05,10.05,26,137,68
507,a,100.0,100.0,4.7,379,64.0,0,0.0,-3,3.0,2.1,124,47.0,25,0,3.6,109.0,39.0,2,86,3.8,52.0,20.0,0.8,5.3,0.0,266718,966,1591429,144,3.8,3.8,0.08,0.43,0.51,11.08,0.01,0.06,0.07,1.64,116.0,303.0,115.0,69.3,276.0,87.0,41.0,312.0,100.0,22.7,331.0,112.0,,,,24,,Ola,Aina,Aina,,,608,0,1,2,8,0,0,0,2,0,0,7,71,,,,0.0,0.3,1.18,1.04,7.55,10,41,37
508,a,,,4.7,382,65.0,0,0.0,-3,3.0,3.2,102,38.0,73,0,3.2,154.0,61.0,7,344,3.8,53.0,21.0,0.8,15.5,0.0,377411,977,1096932,362,3.8,3.8,1.35,2.19,3.54,32.73,0.06,0.1,0.16,1.42,514.6,35.0,15.0,343.2,47.0,6.0,216.0,92.0,9.0,107.6,36.0,2.0,4.0,,,24,,Neco,Williams,N.Williams,,,2070,1,1,5,34,0,0,0,4,0,0,23,200,,,,0.0,0.22,1.48,1.0,6.96,69,91,104
509,u,0.0,0.0,4.5,431,86.0,0,0.0,0,0.0,0.0,668,232.0,0,0,0.0,688.0,254.0,0,0,0.0,635.0,250.0,0.0,0.0,0.0,427,0,4383,1,0.0,0.0,0.0,0.0,0.0,0.0,0.0,0.0,0.0,0.0,0.0,683.0,254.0,0.0,680.0,254.0,0.0,659.0,253.0,0.0,685.0,254.0,,,,24,,David,Mota Veiga Teixeira do Carmo,David Carmo,has joined Real Oviedo on loan for the rest of the season.,,0,0,0,0,0,0,0,0,0,0,0,0,0,,,,0.0,0.0,0.0,0.0,0.0,0,0,0
510,a,,,4.2,642,155.0,0,0.0,-3,3.0,0.1,547,198.0,3,0,3.0,184.0,72.0,0,9,0.0,553.0,234.0,0.0,0.7,0.0,2951,6,7891,8,0.0,0.0,0.0,0.0,0.0,3.28,0.0,0.0,0.0,3.28,26.0,417.0,157.0,0.4,459.0,169.0,0.0,581.0,242.0,2.6,447.0,163.0,,,,24,,Jair,Paula da Cunha Filho,Jair Cunha,,,90,0,0,0,2,0,0,0,0,0,0,1,12,,,,0.0,0.0,2.0,1.0,11.0,2,9,1
515,a,100.0,100.0,7.3,26,16.0,0,0.0,-2,2.0,3.3,101,31.0,90,0,3.9,88.0,41.0,7,354,5.2,18.0,9.0,0.7,12.3,0.0,748782,2336,988761,901,5.2,5.2,5.81,1.77,7.58,31.64,0.27,0.08,0.35,1.45,363.0,100.0,33.0,412.3,30.0,29.0,416.0,26.0,13.0,118.9,31.0,24.0,,2.0,2.0,24,,Morgan,Gibbs-White,Gibbs-White,,,1962,5,2,5,31,0,0,0,0,0,0,22,112,,,,0.0,0.23,1.42,1.01,5.14,12,35,65
516,a,100.0,100.0,5.7,116,72.0,0,0.0,-3,3.0,0.8,207,69.0,59,0,2.8,224.0,96.0,6,237,1.6,224.0,97.0,0.3,10.4,0.0,255736,223,315624,308,1.6,1.6,1.84,1.62,3.46,21.05,0.13,0.11,0.24,1.46,245.2,186.0,79.0,380.9,40.0,37.0,206.0,100.0,62.0,83.0,87.0,52.0,,,,24,,Callum,Hudson-Odoi,Hudson-Odoi,,,1294,3,1,3,19,0,0,0,0,0,0,13,76,,,,0.0,0.21,1.32,0.9,5.29,12,17,47
517,a,,,5.3,192,119.0,0,0.0,-2,2.0,4.9,77,26.0,97,0,4.2,54.0,22.0,4,450,4.2,42.0,19.0,0.8,18.3,0.0,1006413,3433,1121991,1295,4.2,4.2,1.82,2.06,3.88,32.73,0.08,0.09,0.17,1.42,499.8,39.0,8.0,567.7,10.0,10.0,150.0,146.0,82.0,122.1,26.0,20.0,2.0,,4.0,24,,Elliot,Anderson,Anderson,,,2070,1,3,5,34,0,0,0,4,0,0,23,316,,,,0.0,0.22,1.48,1.0,13.74,60,62,194
518,u,0.0,0.0,5.4,179,111.0,0,0.0,-1,1.0,0.0,614,236.0,1,0,1.0,483.0,228.0,0,6,0.0,781.0,345.0,0.0,0.2,0.0,1029,0,9072,1,0.0,0.0,0.0,0.0,0.0,0.0,0.0,0.0,0.0,0.0,5.0,456.0,207.0,0.5,457.0,222.0,4.0,420.0,209.0,1.0,465.0,216.0,,,,24,,João Pedro,Ferreira da Silva,Jota,has joined Besiktas on loan for the rest of the season.,,11,0,0,0,0,0,0,0,0,0,0,0,3,,,,0.0,0.0,0.0,0.0,24.55,2,1,0
519,a,100.0,100.0,5.0,255,155.0,0,0.0,0,0.0,0.0,622,243.0,31,0,2.2,299.0,131.0,3,117,4.0,46.0,20.0,0.8,6.2,0.0,4011,90,2061,22,4.0,4.0,0.9,0.38,1.28,11.08,0.11,0.05,0.16,1.4,143.4,277.0,121.0,137.3,177.0,119.0,82.0,242.0,131.0,36.4,265.0,130.0,3.0,,,24,,Nicolás,Domínguez,Dominguez,,,712,1,0,3,11,0,0,0,2,0,0,10,74,,,,0.0,0.38,1.39,1.26,9.35,28,16,30
520,u,0.0,0.0,5.0,253,154.0,0,0.0,0,0.0,0.0,804,359.0,0,0,0.0,769.0,335.0,0,0,0.0,741.0,317.0,0.0,0.0,0.0,0,0,116,0,0.0,0.0,0.0,0.0,0.0,0.0,0.0,0.0,0.0,0.0,0.0,769.0,335.0,0.0,766.0,335.0,0.0,760.0,333.0,0.0,769.0,335.0,,,,24,,Lewis,O'Brien,O'Brien,Has joined Wrexham permanently.,,0,0,0,0,0,0,0,0,0,0,0,0,0,,,,0.0,0.0,0.0,0.0,0.0,0,0,0
521,a,100.0,100.0,4.9,307,190.0,0,0.0,-1,1.0,0.1,554,203.0,55,0,3.7,101.0,48.0,2,213,1.6,212.0,91.0,0.3,11.2,0.0,8505,35,10963,14,1.6,1.6,0.9,1.12,2.02,16.71,0.08,0.1,0.18,1.44,267.8,172.0,67.0,82.7,253.0,152.0,81.0,246.0,133.0,43.2,234.0,114.0,,,,24,,Ibrahim,Sangaré,Sangaré,,,1044,2,2,5,13,0,0,0,2,0,0,13,130,,,,0.0,0.43,1.12,1.12,11.21,30,53,47
522,a,100.0,100.0,4.7,381,238.0,0,0.0,-3,3.0,0.1,544,195.0,15,0,1.4,406.0,181.0,0,67,0.0,698.0,288.0,0.0,3.2,0.0,9274,10,18670,8,0.0,0.0,0.07,0.17,0.24,3.48,0.02,0.05,0.07,1.05,64.2,372.0,163.0,27.0,363.0,187.0,25.0,343.0,179.0,11.5,388.0,178.0,,,,24,,Ryan,Yates,Yates,,,299,0,1,0,5,0,0,0,1,0,0,1,33,,,,0.0,0.0,1.51,0.3,9.93,7,15,11
523,a,100.0,100.0,4.5,469,285.0,0,0.0,0,0.0,0.1,572,212.0,0,0,0.0,710.0,292.0,0,0,0.0,661.0,259.0,0.0,0.0,0.0,2007,8,16448,3,0.0,0.0,0.0,0.0,0.0,0.0,0.0,0.0,0.0,0.0,0.0,708.0,290.0,0.0,704.0,291.0,0.0,686.0,285.0,0.0,709.0,291.0,,,,24,,Eric,da Silva Moreira,Da Silva Moreira,,,0,0,0,0,0,0,0,0,0,0,0,0,0,,,,0.0,0.0,0.0,0.0,0.0,0,0,0
524,u,0.0,0.0,4.5,447,267.0,0,0.0,0,0.0,0.0,679,283.0,0,0,0.0,696.0,280.0,0,0,0.0,645.0,245.0,0.0,0.0,0.0,245,0,5680,1,0.0,0.0,0.0,0.0,0.0,0.0,0.0,0.0,0.0,0.0,0.0,692.0,276.0,0.0,689.0,278.0,0.0,669.0,270.0,0.0,693.0,277.0,,,,24,,Marko,Stamenić,Stamenic,Has joined Swansea City permanently.,,0,0,0,0,0,0,0,0,0,0,0,0,0,,,,0.0,0.0,0.0,0.0,0.0,0,0,0
525,i,0.0,0.0,7.2,29,11.0,0,0.0,-3,3.0,4.7,78,14.0,25,0,3.1,181.0,16.0,3,85,0.0,805.0,88.0,0.0,3.5,0.0,2133321,11,3377085,413,0.0,0.0,2.81,0.11,2.92,7.84,0.47,0.02,0.49,1.31,77.6,353.0,35.0,49.6,318.0,35.0,179.0,123.0,30.0,29.8,299.0,36.0,,,1.0,24,,Chris,Wood,Wood,Knee injury - Unknown return date,,538,2,0,1,8,0,0,0,0,0,0,7,14,,,,0.0,0.17,1.34,1.17,2.34,1,6,7
526,a,100.0,100.0,5.8,110,32.0,0,0.0,-2,2.0,1.3,162,27.0,55,0,2.5,265.0,27.0,6,174,3.0,106.0,15.0,0.5,9.5,0.0,359910,2205,306587,666,3.0,3.0,3.56,0.84,4.4,21.43,0.25,0.06,0.31,1.5,160.0,263.0,25.0,111.7,208.0,23.0,383.0,31.0,15.0,63.1,148.0,18.0,,,3.0,24,,Igor Jesus,Maciel da Cruz,Igor Jesus,,,1285,2,2,5,23,0,0,0,0,0,0,15,66,,,,0.0,0.35,1.61,1.05,4.62,16,19,31
527,a,100.0,100.0,5.2,210,47.0,0,0.0,-3,3.0,0.3,317,52.0,13,0,1.6,383.0,43.0,1,59,1.2,258.0,33.0,0.2,2.5,0.0,32945,103,89083,53,1.2,1.2,0.85,0.39,1.24,3.39,0.38,0.17,0.55,1.5,52.4,386.0,41.0,41.8,333.0,40.0,101.0,217.0,43.0,19.6,351.0,43.0,,,,24,,Taiwo,Awoniyi,Awoniyi,,,204,1,0,0,2,0,0,0,0,0,0,1,12,,,,0.0,0.0,0.88,0.44,5.29,1,4,7
669,a,100.0,100.0,5.5,148,93.0,0,0.0,-5,5.0,0.7,213,72.0,42,0,2.6,249.0,109.0,4,144,0.2,403.0,187.0,0.0,7.6,0.0,543349,28,570369,55,0.2,0.2,0.78,1.22,2.0,14.08,0.07,0.11,0.18,1.25,144.6,276.0,120.0,153.0,163.0,109.0,136.0,164.0,93.0,43.5,232.0,113.0,,,,24,,Dan,Ndoye,Ndoye,,,1011,1,2,2,16,0,0,0,1,0,0,14,82,,,,0.0,0.18,1.42,1.25,7.3,18,20,44
675,a,100.0,100.0,4.0,655,43.0,0,0.0,0,0.0,1.2,175,22.0,0,0,0.0,559.0,62.0,0,0,0.0,478.0,56.0,0.0,0.0,0.0,28565,9,96681,52,0.0,0.0,0.0,0.0,0.0,0.0,0.0,0.0,0.0,0.0,0.0,550.0,62.0,0.0,542.0,50.0,0.0,508.0,35.0,0.0,552.0,62.0,,,,24,,Angus,Gunn,Gunn,,,0,0,0,0,0,0,0,0,0,0,0,0,0,,,,0.0,0.0,0.0,0.0,0.0,0,0,0
693,a,,,5.4,178,110.0,0,0.0,-1,1.0,0.1,473,162.0,49,0,2.7,234.0,101.0,3,192,1.0,277.0,124.0,0.2,9.1,0.0,31033,31,22919,101,1.0,1.0,1.58,2.46,4.04,14.67,0.16,0.24,0.4,1.46,189.6,241.0,101.0,295.5,73.0,55.0,218.0,89.0,56.0,70.0,120.0,66.0,,,,24,,Omari,Hutchinson,Hutchinson,,,907,1,4,2,15,0,0,0,0,0,0,8,76,,,,0.0,0.2,1.49,0.79,7.54,14,9,53
696,u,0.0,0.0,6.0,89,29.0,0,0.0,0,0.0,0.1,438,63.0,9,0,1.0,486.0,58.0,0,24,0.2,408.0,47.0,0.0,1.5,0.0,15291,0,17650,32,0.0,0.0,0.44,0.02,0.46,1.57,0.44,0.02,0.46,1.59,6.8,452.0,53.0,17.7,384.0,49.0,39.0,314.0,51.0,6.3,422.0,52.0,,,,24,,Arnaud,Kalimuendo,Kalimuendo,has joined Eintracht Frankfurt on loan for the rest of the season.,,89,0,0,0,3,0,0,0,0,0,0,0,6,,,,0.0,0.0,3.03,0.0,6.07,1,1,4
528,a,,,4.2,629,34.0,0,0.0,-3,3.0,0.2,381,55.0,0,0,0.0,620.0,85.0,0,0,0.0,544.0,79.0,0.0,0.0,0.0,10523,15,31528,26,-1.0,0.0,0.0,0.0,0.0,0.0,0.0,0.0,0.0,0.0,0.0,612.0,85.0,0.0,605.0,75.0,0.0,575.0,61.0,0.0,614.0,85.0,,,,24,,Anthony,Patterson,Patterson,,,0,0,0,0,0,0,0,0,0,0,0,0,0,,,,0.0,0.0,0.0,0.0,0.0,0,0,0
529,a,,,3.9,730,68.0,0,0.0,-1,1.0,0.4,279,38.0,0,0,0.0,521.0,35.0,0,0,0.0,439.0,29.0,0.0,0.0,0.0,16937,13,31733,30,-1.0,0.0,0.0,0.0,0.0,0.0,0.0,0.0,0.0,0.0,0.0,512.0,35.0,0.0,503.0,22.0,0.0,468.0,7.0,0.0,514.0,35.0,,,,24,,Simon,Moore,Moore,,,0,0,0,0,0,0,0,0,0,0,0,0,0,,,,0.0,0.0,0.0,0.0,0.0,0,0,0
530,u,0.0,0.0,3.9,759,85.0,0,0.0,-1,1.0,0.1,439,66.0,0,0,0.0,541.0,52.0,0,0,0.0,460.0,46.0,0.0,0.0,0.0,7473,0,11954,22,0.0,0.0,0.0,0.0,0.0,0.0,0.0,0.0,0.0,0.0,0.0,532.0,52.0,0.0,523.0,39.0,0.0,488.0,24.0,0.0,534.0,52.0,,,,24,,Blondy,Nna Noukeu,Nna Noukeu,has joined US Boulogne CO permanently.,,0,0,0,0,0,0,0,0,0,0,0,0,0,,,,0.0,0.0,0.0,0.0,0.0,0,0,0
534,u,0.0,0.0,3.8,780,235.0,0,0.0,-2,2.0,0.4,287,110.0,0,0,0.0,502.0,179.0,0,0,0.0,417.0,157.0,0.0,0.0,0.0,39413,0,59800,172,0.0,0.0,0.0,0.0,0.0,0.0,0.0,0.0,0.0,0.0,0.0,493.0,179.0,0.0,481.0,177.0,0.0,445.0,169.0,0.0,495.0,179.0,,,,24,,Joe,Anderson,Anderson,has joined Barrow FC permanently.,,0,0,0,0,0,0,0,0,0,0,0,0,0,,,,0.0,0.0,0.0,0.0,0.0,0,0,0
535,a,100.0,100.0,4.0,673,169.0,0,0.0,0,0.0,0.1,562,202.0,13,0,2.2,292.0,112.0,0,44,0.6,304.0,110.0,0.2,3.2,0.0,6672,37,4415,26,-0.4,0.6,0.0,0.02,0.02,6.04,0.0,0.01,0.01,1.84,58.2,382.0,148.0,8.7,417.0,152.0,2.0,424.0,158.0,6.8,419.0,152.0,,,,24,,Dennis,Cirkin,Cirkin,,,296,0,0,1,2,0,0,0,1,0,0,3,26,,,,0.0,0.3,0.61,0.91,7.91,8,18,7
536,a,100.0,100.0,4.0,681,172.0,0,0.0,0,0.0,0.0,684,237.0,0,0,0.0,580.0,214.0,0,0,0.0,499.0,196.0,0.0,0.0,0.0,1215,10,1050,4,-1.0,0.0,0.0,0.0,0.0,0.0,0.0,0.0,0.0,0.0,0.0,571.0,214.0,0.0,564.0,214.0,0.0,531.0,209.0,0.0,573.0,214.0,,,,24,,Leo Fuhr,Hjelde,Hjelde,,,0,0,0,0,0,0,0,0,0,0,0,0,0,,,,0.0,0.0,0.0,0.0,0.0,0,0,0
537,u,0.0,0.0,4.0,683,173.0,0,0.0,0,0.0,0.1,527,191.0,0,0,0.0,582.0,215.0,0,0,0.0,501.0,197.0,0.0,0.0,0.0,1038,0,15961,7,0.0,0.0,0.0,0.0,0.0,0.0,0.0,0.0,0.0,0.0,0.0,573.0,215.0,0.0,566.0,215.0,0.0,533.0,210.0,0.0,575.0,215.0,,,,24,,Niall,Huggins,Huggins,has joined Wycombe Wanderers on loan for the rest of the season.,,0,0,0,0,0,0,0,0,0,0,0,0,0,,,,0.0,0.0,0.0,0.0,0.0,0,0,0
538,u,0.0,0.0,3.8,792,247.0,0,0.0,-2,2.0,0.2,353,129.0,0,0,0.0,510.0,187.0,0,0,0.0,426.0,166.0,0.0,0.0,0.0,23261,0,30326,90,0.0,0.0,0.0,0.0,0.0,0.0,0.0,0.0,0.0,0.0,0.0,501.0,187.0,0.0,489.0,185.0,0.0,453.0,177.0,0.0,503.0,187.0,,,,24,,Zak,Johnson,Johnson,has joined York City on loan for the rest of the season.,,0,0,0,0,0,0,0,0,0,0,0,0,0,,,,0.0,0.0,0.0,0.0,0.0,0,0,0
539,a,100.0,100.0,4.0,660,162.0,0,0.0,0,0.0,0.1,558,200.0,1,0,0.2,497.0,175.0,0,4,0.4,328.0,121.0,0.1,0.2,0.0,6196,17,6606,10,-0.6,0.4,0.0,0.0,0.0,0.86,0.0,0.0,0.0,4.3,5.4,455.0,166.0,1.0,450.0,165.0,0.0,512.0,201.0,0.6,470.0,166.0,,,,24,,Luke,O'Nien,O'Nien,,,18,0,0,0,0,0,0,0,0,1,0,0,2,,,,0.0,0.0,0.0,0.0,10.0,2,0,1
540,u,0.0,0.0,3.9,752,219.0,0,0.0,-1,1.0,0.3,312,116.0,0,0,0.0,536.0,197.0,0,0,0.0,455.0,179.0,0.0,0.0,0.0,47547,0,44793,104,0.0,0.0,0.0,0.0,0.0,0.0,0.0,0.0,0.0,0.0,0.0,527.0,197.0,0.0,518.0,197.0,0.0,483.0,190.0,0.0,529.0,197.0,,,,24,,Timothée,Pembélé,Pembele,has joined Le Havre AC on loan for the rest of the season.,,0,0,0,0,0,0,0,0,0,0,0,0,0,,,,0.0,0.0,0.0,0.0,0.0,0,0,0
541,a,100.0,100.0,3.8,783,238.0,0,0.0,-2,2.0,2.9,108,44.0,38,0,2.7,227.0,88.0,3,132,0.2,364.0,134.0,0.1,10.0,0.0,533580,1485,974954,534,-0.8,0.2,0.1,0.16,0.26,15.91,0.01,0.01,0.02,1.24,208.4,222.0,90.0,50.2,314.0,105.0,25.0,340.0,112.0,28.5,303.0,102.0,,,,24,,Reinildo,Mandava,Reinildo,,,1157,0,1,3,16,0,0,0,5,1,0,14,121,,,,0.0,0.23,1.24,1.09,7.93,27,75,53
542,u,0.0,0.0,4.0,698,183.0,0,0.0,0,0.0,0.1,489,177.0,2,0,1.0,438.0,161.0,0,11,0.0,514.0,205.0,0.0,0.5,0.0,3016,0,24931,5,0.0,0.0,0.0,0.01,0.01,1.33,0.0,0.01,0.01,0.9,33.6,409.0,155.0,2.4,439.0,161.0,0.0,545.0,217.0,3.6,440.0,160.0,,,,24,,Jenson,Seelt,Seelt,has joined Wolfsburg on loan for the rest of the season.,,133,0,0,0,2,0,0,0,0,0,0,1,18,,,,0.0,0.0,1.35,0.68,8.12,4,8,6
548,a,100.0,100.0,4.9,330,203.0,0,0.0,-1,1.0,0.0,731,311.0,10,0,1.0,473.0,220.0,0,37,1.0,271.0,118.0,0.2,2.0,0.0,970,0,1313,2,0.0,1.0,0.45,0.26,0.71,5.74,0.13,0.08,0.21,1.71,24.6,422.0,187.0,29.3,359.0,185.0,46.0,301.0,158.0,9.7,398.0,181.0,,3.0,,24,,Romaine,Mundle,Mundle,,,302,0,0,0,6,0,0,0,1,0,0,2,23,,,,0.0,0.0,1.79,0.6,6.85,4,4,15
549,u,0.0,0.0,4.8,361,224.0,0,0.0,-2,2.0,0.0,635,255.0,3,0,1.0,470.0,218.0,0,10,0.2,389.0,178.0,0.0,0.6,0.0,1972,0,4333,14,0.0,0.0,0.0,0.0,0.0,0.64,0.0,0.0,0.0,4.43,3.0,466.0,215.0,1.4,447.0,217.0,0.0,731.0,316.0,0.4,478.0,221.0,,,,24,,Dan,Neil,Neil,has joined Ipswich Town on loan for the rest of the season.,,13,0,0,0,0,0,0,0,0,0,0,0,2,,,,0.0,0.0,0.0,0.0,13.85,0,2,0
550,a,,,4.8,357,223.0,0,0.0,-2,2.0,0.0,657,270.0,0,0,0.0,747.0,319.0,0,0,0.0,705.0,292.0,0.0,0.0,0.0,899,1,2567,0,-1.0,0.0,0.0,0.0,0.0,0.0,0.0,0.0,0.0,0.0,0.0,747.0,319.0,0.0,742.0,319.0,0.0,730.0,315.0,0.0,747.0,319.0,,,,24,,Ian,Poveda-Ocampo,Poveda,,,0,0,0,0,0,0,0,0,0,0,0,0,0,,,,0.0,0.0,0.0,0.0,0.0,0,0,0
551,a,,,4.7,389,243.0,0,0.0,-3,3.0,0.0,588,220.0,15,0,1.5,395.0,175.0,0,48,0.4,340.0,150.0,0.1,3.2,0.0,5421,8,8532,10,-0.6,0.4,0.32,0.35,0.67,5.12,0.08,0.08,0.16,1.23,20.2,431.0,192.0,48.4,320.0,178.0,21.0,359.0,183.0,8.9,405.0,183.0,,,,24,,Chris,Rigg,Rigg,,,375,0,0,2,2,0,0,0,0,0,0,6,27,,,,0.0,0.48,0.48,1.44,6.48,6,7,14
552,a,100.0,100.0,4.9,343,213.0,0,0.0,-1,1.0,0.1,571,211.0,45,0,2.5,260.0,113.0,0,232,1.6,214.0,92.0,0.3,9.2,0.0,9274,19,10810,14,0.6,1.6,0.3,0.78,1.08,22.22,0.02,0.04,0.06,1.25,191.8,237.0,98.0,166.9,151.0,103.0,46.0,302.0,159.0,40.6,246.0,121.0,,,,24,,Noah,Sadiki,Sadiki,,,1594,0,1,5,21,0,0,0,5,0,0,18,142,,,,0.0,0.28,1.19,1.02,8.02,27,57,58
553,a,100.0,100.0,4.9,341,211.0,0,0.0,-1,1.0,0.1,421,141.0,52,0,3.1,174.0,75.0,5,150,0.2,393.0,181.0,0.0,10.6,0.0,56416,22,68215,18,-0.8,0.2,1.2,0.52,1.71,13.77,0.12,0.05,0.17,1.34,133.2,289.0,130.0,144.6,171.0,115.0,124.0,182.0,104.0,39.7,254.0,125.0,,,,24,,Chemsdine,Talbi,Talbi,,,926,2,2,5,8,0,0,0,0,0,0,9,55,,,,0.0,0.49,0.78,0.87,5.35,7,12,36
554,a,,,4.3,585,342.0,0,0.0,-2,2.0,0.4,290,96.0,0,0,0.0,630.0,235.0,0,0,0.0,563.0,192.0,0.0,0.0,0.0,78416,60,72950,117,-1.0,0.0,0.0,0.0,0.0,0.0,0.0,0.0,0.0,0.0,0.0,621.0,226.0,0.0,617.0,231.0,0.0,589.0,218.0,0.0,623.0,228.0,,,,24,,Abdoullah,Ba,Ba,,,0,0,0,0,0,0,0,0,0,0,0,0,0,,,,0.0,0.0,0.0,0.0,0.0,0,0,0
555,u,0.0,0.0,4.5,411,250.0,0,0.0,0,0.0,0.0,638,257.0,0,0,0.0,678.0,266.0,0,0,0.0,622.0,228.0,0.0,0.0,0.0,1291,0,9758,1,0.0,0.0,0.0,0.0,0.0,0.0,0.0,0.0,0.0,0.0,0.0,673.0,261.0,0.0,668.0,264.0,0.0,645.0,255.0,0.0,675.0,263.0,,,,24,,Alan,Browne,Browne,has joined Middlesbrough on loan for the rest of the season.,,0,0,0,0,0,0,0,0,0,0,0,0,0,,,,0.0,0.0,0.0,0.0,0.0,0,0,0
556,u,0.0,0.0,4.5,433,258.0,0,0.0,0,0.0,0.0,756,326.0,0,0,0.0,689.0,273.0,0,0,0.0,636.0,236.0,0.0,0.0,0.0,0,0,1790,0,0.0,0.0,0.0,0.0,0.0,0.0,0.0,0.0,0.0,0.0,0.0,684.0,268.0,0.0,682.0,271.0,0.0,661.0,263.0,0.0,686.0,270.0,,,,24,,Pierre,Ekwah Elimby,Ekwah,Has joined AS Saint-Etienne permanently.,,0,0,0,0,0,0,0,0,0,0,0,0,0,,,,0.0,0.0,0.0,0.0,0.0,0,0,0
557,a,,,4.3,605,351.0,0,0.0,-2,2.0,0.1,541,193.0,0,0,0.0,638.0,241.0,0,0,0.0,572.0,199.0,0.0,0.0,0.0,6911,16,9207,16,-1.0,0.0,0.0,0.0,0.0,0.0,0.0,0.0,0.0,0.0,0.0,629.0,232.0,0.0,626.0,237.0,0.0,599.0,225.0,0.0,631.0,234.0,,,,24,,Harrison,Jones,H.Jones,,,0,0,0,0,0,0,0,0,0,0,0,0,0,,,,0.0,0.0,0.0,0.0,0.0,0,0,0
558,u,0.0,0.0,4.3,592,345.0,0,0.0,-2,2.0,0.2,374,124.0,0,0,0.0,632.0,237.0,0,0,0.0,565.0,194.0,0.0,0.0,0.0,30710,0,42232,118,0.0,0.0,0.0,0.0,0.0,0.0,0.0,0.0,0.0,0.0,0.0,623.0,228.0,0.0,619.0,233.0,0.0,591.0,220.0,0.0,625.0,230.0,,,,24,,Jay,Matete,Matete,has joined MK Dons permanently.,,0,0,0,0,0,0,0,0,0,0,0,0,0,,,,0.0,0.0,0.0,0.0,0.0,0,0,0
559,u,0.0,0.0,4.4,540,323.0,0,0.0,-1,1.0,0.0,636,256.0,0,0,0.0,658.0,254.0,0,0,0.0,599.0,214.0,0.0,0.0,0.0,2951,0,8555,5,0.0,0.0,0.0,0.0,0.0,0.0,0.0,0.0,0.0,0.0,0.0,650.0,246.0,0.0,647.0,251.0,0.0,622.0,240.0,0.0,652.0,248.0,,,,24,,Nectarios,Triantis,Triantis,has joined Minnesota United permanently.,,0,0,0,0,0,0,0,0,0,0,0,0,0,,,,0.0,0.0,0.0,0.0,0.0,0,0,0
560,a,100.0,100.0,5.2,213,48.0,0,0.0,-3,3.0,1.6,150,25.0,51,0,2.5,262.0,25.0,7,169,0.2,398.0,45.0,0.0,9.8,0.0,948325,278,829289,1005,-0.8,0.2,3.5,0.06,3.56,15.74,0.32,0.01,0.33,1.44,161.4,261.0,24.0,22.2,373.0,46.0,351.0,40.0,17.0,53.3,187.0,20.0,,,,24,,Wilson,Isidor,Isidor,,,985,4,0,4,13,0,0,0,1,0,0,11,39,,,,0.0,0.37,1.19,1.01,3.56,8,14,17
561,a,,,5.2,220,50.0,0,0.0,-3,3.0,0.5,250,40.0,26,0,1.9,342.0,35.0,2,86,1.2,259.0,34.0,0.2,5.0,0.0,263489,43,300973,100,0.2,1.2,1.05,0.14,1.19,10.33,0.17,0.02,0.19,1.63,73.4,360.0,36.0,42.0,331.0,38.0,131.0,174.0,39.0,24.3,322.0,38.0,,,3.0,24,,Eliezer,Mayenda Dossou,Mayenda,,,572,1,0,3,7,0,0,0,0,0,0,6,20,,,,0.0,0.47,1.1,0.94,3.15,3,6,11
562,a,,,4.2,644,90.0,0,0.0,-3,3.0,0.4,269,44.0,0,0,0.0,625.0,62.0,0,0,0.0,555.0,51.0,0.0,0.0,0.0,50799,259,78861,161,-1.0,0.0,0.0,0.0,0.0,0.0,0.0,0.0,0.0,0.0,0.0,617.0,62.0,0.0,612.0,61.0,0.0,583.0,61.0,0.0,619.0,62.0,,,,24,,Ahmed,Abdullahi,Abdullahi,,,0,0,0,0,0,0,0,0,0,0,0,0,0,,,,0.0,0.0,0.0,0.0,0.0,0,0,0
563,u,0.0,0.0,4.4,549,78.0,0,0.0,-1,1.0,0.1,496,70.0,0,0,0.0,665.0,69.0,0,0,0.0,606.0,59.0,0.0,0.0,0.0,5979,0,20164,4,0.0,0.0,0.0,0.0,0.0,0.0,0.0,0.0,0.0,0.0,0.0,658.0,69.0,0.0,654.0,68.0,0.0,630.0,68.0,0.0,660.0,69.0,,,,24,,Luís Hemir,Silva Semedo,Luís Hemir,has joined Moreirense on loan for the rest of the season.,,0,0,0,0,0,0,0,0,0,0,0,0,0,,,,0.0,0.0,0.0,0.0,0.0,0,0,0
564,u,0.0,0.0,4.4,532,75.0,0,0.0,-1,1.0,0.1,500,71.0,0,0,0.0,654.0,66.0,0,0,0.0,595.0,56.0,0.0,0.0,0.0,3530,0,19992,7,0.0,0.0,0.0,0.0,0.0,0.0,0.0,0.0,0.0,0.0,0.0,645.0,66.0,0.0,642.0,65.0,0.0,617.0,65.0,0.0,647.0,66.0,,,,24,,Nazarii,Rusyn,Rusyn,has joined Arka on loan for the rest of the season.,,0,0,0,0,0,0,0,0,0,0,0,0,0,,,,0.0,0.0,0.0,0.0,0.0,0,0,0
668,i,0.0,0.0,5.2,207,129.0,0,0.0,2,-2.0,5.0,75,25.0,90,0,4.1,59.0,25.0,5,426,1.6,219.0,93.0,0.3,17.3,0.0,1345955,38,1112753,14575,0.0,0.0,0.59,2.19,2.78,31.25,0.03,0.1,0.13,1.43,521.2,29.0,7.0,420.4,26.0,25.0,77.0,252.0,136.0,101.8,49.0,33.0,1.0,1.0,,24,,Granit,Xhaka,Xhaka,Ankle injury - Expected back 22 Feb,,1962,1,5,7,23,0,0,0,4,0,0,22,237,,,,0.0,0.32,1.06,1.01,10.87,35,101,101
670,a,,,5.0,269,10.0,0,0.0,5,-5.0,12.9,30,5.0,98,0,4.3,43.0,2.0,9,425,1.6,217.0,18.0,0.3,19.6,0.0,2076385,874,633901,6730,0.6,1.6,0.0,0.05,0.05,33.33,0.0,0.0,0.0,1.45,624.8,10.0,2.0,40.0,337.0,2.0,0.0,766.0,87.0,66.4,132.0,2.0,,,,24,,Robin,Roefs,Roefs,,,2070,0,0,7,26,0,1,0,2,0,76,23,110,,,,3.3,0.3,1.13,1.0,0.0,0,23,233
678,u,0.0,0.0,3.9,735,210.0,0,0.0,-1,1.0,0.5,251,95.0,1,0,0.3,496.0,174.0,0,4,0.0,444.0,176.0,0.0,0.3,0.0,52353,0,79078,102,0.0,0.0,0.07,0.08,0.15,2.09,0.05,0.06,0.11,1.5,21.8,425.0,159.0,20.1,379.0,137.0,7.0,397.0,150.0,4.9,428.0,155.0,,,,24,,Arthur,Masuaku,Masuaku,has joined RC Lens on loan for the rest of the season.,,125,0,0,0,2,0,0,0,1,0,0,2,13,,,,0.0,0.0,1.44,1.44,7.2,4,6,3
683,a,100.0,100.0,4.1,648,157.0,0,0.0,1,-1.0,6.6,56,18.0,79,0,4.2,50.0,21.0,5,257,0.8,287.0,103.0,0.2,19.3,0.0,1460273,1707,791537,2443,-0.2,0.8,1.23,0.74,1.96,26.73,0.07,0.04,0.11,1.46,471.0,48.0,21.0,83.6,250.0,73.0,195.0,108.0,17.0,75.3,104.0,32.0,,,,24,,Omar,Alderete,Alderete,,,1649,1,1,6,21,0,0,0,4,0,0,18,203,,,,0.0,0.33,1.15,0.98,9.77,19,160,57
694,a,,,4.5,413,77.0,0,0.0,5,-5.0,13.4,29,10.0,102,0,4.9,17.0,7.0,8,344,3.4,72.0,29.0,0.8,22.7,0.0,2194060,5824,562867,4508,2.4,3.4,0.6,1.68,2.28,31.64,0.03,0.08,0.11,1.51,516.4,32.0,13.0,221.4,109.0,27.0,111.0,199.0,49.0,84.9,79.0,17.0,,,,24,,Nordi,Mukiele,Mukiele,,,1882,1,4,6,24,1,0,0,4,0,0,21,235,,,,0.0,0.29,1.15,1.0,9.9,50,157,86
724,a,,,4.5,422,83.0,0,0.0,0,0.0,0.0,591,213.0,32,0,1.9,337.0,129.0,0,145,0.6,313.0,117.0,0.1,7.1,0.0,7897,11,5158,20,-0.4,0.6,0.37,0.42,0.79,20.56,0.03,0.04,0.07,1.91,156.2,267.0,106.0,63.6,284.0,91.0,34.0,325.0,104.0,25.4,317.0,108.0,,,,24,,Lutsharel,Geertruida,Geertruida,,,970,0,0,2,14,0,0,0,0,0,0,10,80,,,,0.0,0.19,1.3,0.93,5.94,20,44,43
730,a,100.0,100.0,5.6,130,35.0,0,0.0,1,-1.0,1.6,147,24.0,56,0,3.1,177.0,15.0,8,212,5.4,13.0,5.0,1.0,10.0,0.0,279527,1417,80567,3409,4.4,5.4,2.24,0.2,2.44,16.24,0.23,0.02,0.25,1.68,215.0,211.0,17.0,59.6,298.0,30.0,218.0,90.0,26.0,48.4,213.0,25.0,,,,24,,Brian,Brobbey,Brobbey,,,871,5,1,3,12,0,0,0,1,0,0,9,37,,,,0.0,0.31,1.24,0.93,3.82,5,8,24
735,i,0.0,0.0,5.5,137,84.0,0,0.0,0,0.0,0.0,633,253.0,28,0,2.8,223.0,95.0,1,114,0.0,784.0,348.0,0.0,5.1,0.0,13419,1,12536,11,0.0,0.0,0.48,0.25,0.73,8.99,0.07,0.04,0.11,1.33,115.6,305.0,136.0,108.1,212.0,135.0,135.0,167.0,95.0,35.9,268.0,131.0,,,,24,,Bertrand,Traoré,Traoré,Knee injury - Expected back 22 Feb,,607,1,1,3,9,0,0,0,1,0,0,9,40,,,,0.0,0.44,1.33,1.33,5.93,11,11,18
774,a,,,4.0,666,166.0,0,0.0,0,0.0,0.0,723,247.0,0,0,0.0,567.0,210.0,0,0,0.0,486.0,192.0,0.0,0.0,0.0,722,17,260,3,-1.0,0.0,0.0,0.0,0.0,0.0,0.0,0.0,0.0,0.0,0.0,558.0,210.0,0.0,551.0,210.0,0.0,518.0,205.0,0.0,560.0,210.0,,,,24,,Jenson,Jones,Jenson Jones,,,0,0,0,0,0,0,0,0,0,0,0,0,0,,,,0.0,0.0,0.0,0.0,0.0,0,0,0
775,u,0.0,0.0,4.5,488,299.0,0,0.0,0,0.0,0.0,803,358.0,0,0,0.0,726.0,303.0,0,0,0.0,678.0,271.0,0.0,0.0,0.0,160,0,116,1,0.0,0.0,0.0,0.0,0.0,0.0,0.0,0.0,0.0,0.0,0.0,725.0,302.0,0.0,720.0,302.0,0.0,703.0,297.0,0.0,725.0,302.0,,,,24,,Tymur,Tutierov,Tutierov,has joined Exeter City on loan for the rest of the season.,,0,0,0,0,0,0,0,0,0,0,0,0,0,,,,0.0,0.0,0.0,0.0,0.0,0,0,0
800,i,0.0,0.0,5.0,284,175.0,0,0.0,0,0.0,0.0,807,361.0,0,0,0.0,782.0,345.0,0,0,0.0,756.0,329.0,0.0,0.0,0.0,58,1,20,0,0.0,0.0,0.0,0.0,0.0,0.0,0.0,0.0,0.0,0.0,0.0,782.0,345.0,0.0,780.0,345.0,0.0,774.0,343.0,0.0,782.0,345.0,,,,24,,Djiamgone Jocelin Ta,Bi,Jocelin.T,Lack of match fitness - Expected back 22 Feb,,0,0,0,0,0,0,0,0,0,0,0,0,0,,,,0.0,0.0,0.0,0.0,0.0,0,0,0
565,a,,,4.8,352,14.0,0,0.0,-2,2.0,6.4,58,9.0,77,0,3.3,144.0,13.0,6,352,1.0,267.0,20.0,0.2,16.0,0.0,1333543,212,1295783,2052,1.0,0.5,0.0,0.02,0.02,30.7,0.0,0.0,0.0,1.33,511.6,37.0,11.0,0.1,472.0,14.0,0.0,728.0,80.0,51.3,200.0,11.0,,,,24,,Guglielmo,Vicario,Vicario,,,2070,0,0,7,31,0,0,0,1,0,59,23,97,,,,2.57,0.3,1.35,1.0,0.0,0,28,189
566,a,,,3.9,742,77.0,0,0.0,-1,1.0,0.3,315,42.0,0,0,0.0,530.0,44.0,0,0,0.0,449.0,38.0,0.0,0.0,0.0,20151,12,22814,21,0.0,-0.5,0.0,0.0,0.0,0.0,0.0,0.0,0.0,0.0,0.0,521.0,44.0,0.0,512.0,31.0,0.0,477.0,16.0,0.0,523.0,44.0,,,,24,,Brandon,Austin,Austin,,,0,0,0,0,0,0,0,0,0,0,0,0,0,,,,0.0,0.0,0.0,0.0,0.0,0,0,0
567,a,,,3.9,758,84.0,0,0.0,-1,1.0,1.7,144,19.0,0,0,0.0,540.0,51.0,0,0,0.0,459.0,45.0,0.0,0.0,0.0,123302,59,165710,166,0.0,-0.5,0.0,0.0,0.0,0.0,0.0,0.0,0.0,0.0,0.0,531.0,51.0,0.0,522.0,38.0,0.0,487.0,23.0,0.0,533.0,51.0,,,,24,,Antonín,Kinský,Kinsky,,,0,0,0,0,0,0,0,0,0,0,0,0,0,,,,0.0,0.0,0.0,0.0,0.0,0,0,0
568,i,0.0,0.0,5.2,215,29.0,0,0.0,-3,3.0,11.2,38,14.0,79,0,3.4,137.0,53.0,4,344,1.8,195.0,71.0,0.3,15.2,0.0,1464804,23,2762339,17673,0.0,0.0,0.48,2.81,3.29,25.39,0.02,0.14,0.16,1.26,414.6,70.0,30.0,517.6,16.0,1.0,89.0,233.0,62.0,102.3,46.0,5.0,3.0,2.0,,24,,Pedro,Porro Sauceda,Pedro Porro,Hamstring injury - Expected back 22 Feb,,1820,0,3,7,24,0,0,0,5,0,0,21,171,,,,0.0,0.35,1.19,1.04,6.73,43,93,94
569,a,100.0,100.0,5.0,251,38.0,0,0.0,0,0.0,4.4,80,26.0,92,0,4.8,20.0,9.0,10,308,4.8,22.0,5.0,1.0,18.4,0.0,995549,5701,1013768,850,4.8,4.3,1.33,1.18,2.51,24.48,0.07,0.06,0.13,1.35,538.2,22.0,8.0,110.1,209.0,53.0,202.0,103.0,13.0,85.1,77.0,16.0,,,,24,,Cristian,Romero,Romero,,,1637,4,1,5,25,0,0,0,8,1,0,18,204,,,,0.0,0.27,1.37,0.99,9.73,52,125,77
570,a,,,4.2,623,143.0,0,0.0,-3,3.0,0.1,426,159.0,27,0,2.1,307.0,116.0,1,111,0.2,368.0,137.0,0.0,6.4,0.0,16765,31,28504,25,0.2,-0.3,0.03,0.18,0.21,10.71,0.0,0.02,0.02,1.46,194.2,235.0,97.0,9.1,413.0,149.0,8.0,388.0,144.0,21.2,339.0,115.0,,,,24,,Kevin,Danso,Danso,,,658,0,0,2,12,0,0,0,4,0,0,8,100,,,,0.0,0.27,1.64,1.09,12.72,13,80,28
571,i,0.0,0.0,4.3,570,124.0,0,0.0,-2,2.0,0.1,525,189.0,10,0,3.3,142.0,55.0,1,29,1.8,185.0,66.0,0.4,2.3,0.0,4340,3,11352,24,0.0,0.0,0.49,0.07,0.56,1.11,0.32,0.05,0.37,0.73,67.4,368.0,141.0,22.2,372.0,135.0,52.0,294.0,92.0,14.2,371.0,133.0,,,,24,,Ben,Davies,Davies,Ankle injury - Unknown return date,,136,1,0,0,3,0,0,0,1,0,0,2,14,,,,0.0,0.0,1.99,1.32,9.26,5,9,5
572,a,100.0,100.0,4.5,445,89.0,0,0.0,0,0.0,0.0,714,245.0,2,0,1.0,457.0,166.0,0,5,0.2,377.0,141.0,0.0,0.4,0.0,1117,12,1057,5,0.2,-0.3,0.06,0.0,0.06,0.09,0.9,0.0,0.9,1.35,0.2,486.0,174.0,0.3,466.0,170.0,4.0,414.0,155.0,0.4,477.0,169.0,,,,24,,Radu,Drăgușin,Dragusin,,,6,0,0,0,0,0,0,0,0,0,0,0,1,,,,0.0,0.0,0.0,0.0,15.0,0,1,1
573,a,,,4.3,579,130.0,0,0.0,-2,2.0,1.1,181,71.0,55,0,2.8,215.0,83.0,1,224,0.8,289.0,105.0,0.2,12.8,0.0,294176,181,333911,279,0.8,0.3,0.82,1.37,2.19,23.6,0.05,0.08,0.13,1.41,216.2,210.0,85.0,171.0,149.0,39.0,147.0,149.0,29.0,53.3,186.0,63.0,,,,24,,Djed,Spence,Spence,,,1506,0,0,7,21,0,0,0,3,0,0,17,102,,,,0.0,0.42,1.25,1.02,4.66,27,51,87
574,a,100.0,100.0,4.3,587,136.0,0,0.0,-2,2.0,0.3,309,114.0,14,0,1.3,414.0,152.0,0,56,0.2,370.0,139.0,0.0,3.3,0.0,48124,76,109301,24,0.2,-0.3,0.1,0.37,0.47,11.16,0.01,0.05,0.06,1.55,121.8,298.0,114.0,101.0,225.0,62.0,61.0,277.0,82.0,28.4,305.0,104.0,,,,24,,Destiny,Udogie,Udogie,,,650,0,1,0,14,0,0,0,1,0,0,6,52,,,,0.0,0.0,1.94,0.83,4.29,13,18,40
575,d,75.0,75.0,4.6,398,70.0,0,0.0,1,-1.0,26.1,13,4.0,96,0,4.4,36.0,16.0,10,347,2.8,115.0,38.0,0.6,20.9,0.0,3375463,1411,3387134,17784,2.1,1.7,2.48,0.33,2.81,28.66,0.11,0.02,0.13,1.31,498.4,41.0,17.0,75.9,265.0,80.0,191.0,112.0,19.0,76.5,100.0,29.0,,,,24,,Micky,van de Ven,Van de Ven,Knock - 75% chance of playing,,1969,4,1,7,29,0,0,0,6,0,0,22,178,,,,0.0,0.32,1.33,1.01,6.49,25,117,78
576,u,0.0,0.0,4.0,699,184.0,0,0.0,0,0.0,0.0,717,246.0,0,0,0.0,594.0,222.0,0,0,0.0,515.0,206.0,0.0,0.0,0.0,0,0,1973,0,0.0,0.0,0.0,0.0,0.0,0.0,0.0,0.0,0.0,0.0,0.0,585.0,222.0,0.0,578.0,222.0,0.0,546.0,218.0,0.0,587.0,222.0,,,,24,,Ashley,Phillips,Phillips,Has joined Stoke City on loan for the rest of the season.,,0,0,0,0,0,0,0,0,0,0,0,0,0,,,,0.0,0.0,0.0,0.0,0.0,0,0,0
577,u,0.0,0.0,4.0,701,185.0,0,0.0,0,0.0,0.0,592,214.0,0,0,0.0,596.0,223.0,0,0,0.0,517.0,207.0,0.0,0.0,0.0,1005,0,8867,4,0.0,0.0,0.0,0.0,0.0,0.0,0.0,0.0,0.0,0.0,0.0,587.0,223.0,0.0,580.0,223.0,0.0,548.0,219.0,0.0,589.0,223.0,,,,24,,Takai,Kōta,Takai,has joined Borussia Mönchengladbach on loan for the rest of the season.,,0,0,0,0,0,0,0,0,0,0,0,0,0,,,,0.0,0.0,0.0,0.0,0.0,0,0,0
578,u,0.0,0.0,3.9,773,229.0,0,0.0,-1,1.0,0.3,304,113.0,0,0,0.0,554.0,204.0,0,0,0.0,473.0,186.0,0.0,0.0,0.0,7334,0,90946,21,0.0,0.0,0.0,0.0,0.0,0.0,0.0,0.0,0.0,0.0,0.0,545.0,204.0,0.0,536.0,204.0,0.0,502.0,198.0,0.0,547.0,204.0,,,,24,,Luka,Vušković,Vuskovic,has joined Hamburger SV on loan for the rest of the season.,,0,0,0,0,0,0,0,0,0,0,0,0,0,,,,0.0,0.0,0.0,0.0,0.0,0,0,0
579,u,0.0,0.0,8.5,10,5.0,0,0.0,0,0.0,0.1,444,151.0,0,0,0.0,809.0,363.0,0,0,0.0,807.0,363.0,0.0,0.0,0.0,0,0,25425,7,0.0,0.0,0.0,0.0,0.0,0.0,0.0,0.0,0.0,0.0,0.0,809.0,363.0,0.0,809.0,363.0,0.0,809.0,363.0,0.0,809.0,363.0,,,,24,,Son,Heung-min,Son,Has joined Los Angeles FC permanently.,,0,0,0,0,0,0,0,0,0,0,0,0,0,,,,0.0,0.0,0.0,0.0,0.0,0,0,0
581,i,0.0,0.0,6.8,45,27.0,0,0.0,-2,2.0,0.1,443,150.0,0,0,0.0,806.0,360.0,0,0,0.0,802.0,359.0,0.0,0.0,0.0,1562,13,23504,5,0.0,0.0,0.0,0.0,0.0,0.0,0.0,0.0,0.0,0.0,0.0,806.0,360.0,0.0,806.0,360.0,0.0,806.0,360.0,0.0,806.0,360.0,,,,24,,James,Maddison,Maddison,Anterior cruciate ligament - Unknown return date,,0,0,0,0,0,0,0,0,0,0,0,0,0,,,,0.0,0.0,0.0,0.0,0.0,0,0,0
582,i,0.0,0.0,6.4,59,38.0,0,0.0,-1,1.0,10.2,42,16.0,75,0,3.9,85.0,39.0,7,257,0.2,409.0,188.0,0.0,11.7,0.0,3262982,10,5111185,4490,0.0,0.0,1.92,2.41,4.33,22.74,0.11,0.14,0.25,1.33,333.4,118.0,40.0,413.8,29.0,28.0,302.0,55.0,33.0,104.7,39.0,29.0,2.0,1.0,,24,,Mohammed,Kudus,Kudus,Thigh injury - Expected back 11 Apr,,1535,2,6,7,20,0,0,0,3,0,0,19,133,,,,0.0,0.41,1.17,1.11,7.8,29,9,95
583,i,0.0,0.0,6.4,58,37.0,0,0.0,-1,1.0,0.0,705,298.0,0,0,0.0,803.0,359.0,0,0,0.0,799.0,358.0,0.0,0.0,0.0,873,4,1966,2,0.0,0.0,0.0,0.0,0.0,0.0,0.0,0.0,0.0,0.0,0.0,803.0,359.0,0.0,803.0,359.0,0.0,803.0,359.0,0.0,803.0,359.0,,,,24,,Dejan,Kulusevski,Kulusevski,Knee injury - Unknown return date,,0,0,0,0,0,0,0,0,0,0,0,0,0,,,,0.0,0.0,0.0,0.0,0.0,0,0,0
584,a,,,6.2,79,52.0,0,0.0,-3,3.0,0.2,400,135.0,45,0,2.8,226.0,98.0,5,145,3.0,109.0,47.0,0.5,7.3,0.0,38296,73,39888,174,3.0,2.5,1.1,0.53,1.62,6.58,0.19,0.09,0.28,1.11,141.8,278.0,122.0,104.9,219.0,137.0,160.0,135.0,78.0,40.9,245.0,120.0,4.0,,4.0,24,,Mathys,Tel,Tel,,,534,3,1,1,9,0,0,0,0,0,0,6,45,,,,0.0,0.17,1.52,1.01,7.58,10,5,30
585,i,0.0,0.0,5.3,191,118.0,0,0.0,-2,2.0,0.2,378,128.0,64,0,3.2,161.0,69.0,3,269,1.0,275.0,122.0,0.2,12.1,0.0,56807,0,63893,109,0.0,0.0,0.45,0.68,1.13,20.56,0.03,0.04,0.07,1.32,268.6,170.0,66.0,159.7,155.0,106.0,85.0,240.0,130.0,51.6,197.0,102.0,,,,24,,Rodrigo,Bentancur,Bentancur,Hamstring injury - Unknown return date,,1407,1,1,5,21,0,0,0,5,0,0,17,207,,,,0.0,0.32,1.34,1.09,13.24,37,69,101
586,i,0.0,0.0,5.2,221,137.0,0,0.0,-3,3.0,0.2,376,126.0,39,0,2.3,284.0,122.0,0,139,0.6,319.0,143.0,0.1,7.5,0.0,102269,2,109591,78,0.0,0.0,0.96,0.39,1.35,10.21,0.11,0.04,0.15,1.15,137.4,285.0,126.0,81.4,256.0,155.0,133.0,169.0,97.0,35.3,270.0,132.0,,,,24,,Lucas,Bergvall,Bergvall,Ankle injury - Unknown return date,,799,1,2,3,13,0,0,0,2,0,0,10,68,,,,0.0,0.34,1.46,1.13,7.66,20,14,34
587,a,100.0,100.0,5.2,211,131.0,0,0.0,-3,3.0,0.0,599,229.0,5,0,2.5,261.0,114.0,0,40,1.0,274.0,121.0,0.2,1.0,0.0,1934,33,13905,8,1.0,0.5,0.28,0.07,0.35,2.69,0.21,0.05,0.26,1.98,34.2,407.0,181.0,8.9,416.0,202.0,21.0,360.0,184.0,6.4,421.0,189.0,,,,24,,Yves,Bissouma,Bissouma,,,122,0,0,0,3,0,0,0,0,0,0,1,23,,,,0.0,0.0,2.21,0.74,16.97,6,9,8
588,a,100.0,100.0,5.3,206,128.0,0,0.0,-2,2.0,0.1,499,176.0,43,0,2.0,326.0,146.0,6,164,2.8,122.0,54.0,0.5,8.1,0.0,14640,126,11137,58,2.8,2.3,1.56,1.15,2.71,11.4,0.16,0.12,0.28,1.16,149.4,273.0,117.0,249.8,92.0,69.0,210.0,96.0,60.0,60.9,154.0,85.0,,,,24,,Wilson,Odobert,Odobert,,,885,0,2,2,13,0,0,0,0,0,0,8,69,,,,0.0,0.2,1.32,0.81,7.02,10,13,46
589,u,0.0,0.0,5.4,170,105.0,0,0.0,-1,1.0,0.0,744,318.0,0,0,0.0,787.0,348.0,0,0,0.0,777.0,342.0,0.0,0.0,0.0,115,0,1469,1,0.0,0.0,0.0,0.0,0.0,0.0,0.0,0.0,0.0,0.0,0.0,787.0,348.0,0.0,786.0,348.0,0.0,782.0,347.0,0.0,787.0,348.0,,,,24,,Manor,Solomon,Solomon,has joined Fiorentina on loan for the rest of the season.,,0,0,0,0,0,0,0,0,0,0,0,0,0,,,,0.0,0.0,0.0,0.0,0.0,0,0,0
590,u,0.0,0.0,4.9,325,200.0,0,0.0,-1,1.0,0.0,649,263.0,0,0,0.0,758.0,327.0,0,0,0.0,725.0,305.0,0.0,0.0,0.0,675,0,4448,1,0.0,0.0,0.0,0.0,0.0,0.0,0.0,0.0,0.0,0.0,0.0,758.0,327.0,0.0,754.0,327.0,0.0,746.0,325.0,0.0,758.0,327.0,,,,24,,Bryan,Gil Salvatierra,Bryan,has joined Girona permanently.,,0,0,0,0,0,0,0,0,0,0,0,0,0,,,,0.0,0.0,0.0,0.0,0.0,0,0,0
591,a,100.0,100.0,4.8,371,232.0,0,0.0,-2,2.0,0.1,432,145.0,28,0,2.2,298.0,130.0,3,103,1.0,269.0,116.0,0.2,5.8,0.0,15130,32,20761,50,1.0,0.5,0.68,0.13,0.81,8.09,0.09,0.02,0.11,1.11,98.6,325.0,144.0,56.6,304.0,172.0,78.0,251.0,135.0,23.3,327.0,159.0,,,,24,,Archie,Gray,Gray,,,657,1,0,5,8,0,0,0,4,0,0,9,68,,,,0.0,0.68,1.1,1.23,9.32,6,31,31
592,u,0.0,0.0,5.0,271,164.0,0,0.0,0,0.0,0.0,773,336.0,0,0,0.0,775.0,340.0,0,0,0.0,749.0,324.0,0.0,0.0,0.0,0,0,679,0,0.0,0.0,0.0,0.0,0.0,0.0,0.0,0.0,0.0,0.0,0.0,775.0,340.0,0.0,773.0,340.0,0.0,767.0,338.0,0.0,775.0,340.0,,,,24,,Mikey,Moore,Moore,Has joined Rangers on loan for the rest of the season.,,0,0,0,0,0,0,0,0,0,0,0,0,0,,,,0.0,0.0,0.0,0.0,0.0,0,0,0
593,a,100.0,100.0,4.5,439,263.0,0,0.0,-5,5.0,0.8,202,68.0,42,0,3.0,185.0,80.0,0,161,0.0,641.0,241.0,0.0,9.3,0.0,330785,272,556427,116,0.0,-0.5,1.04,0.45,1.49,12.7,0.13,0.06,0.19,1.63,154.6,269.0,115.0,84.7,248.0,151.0,94.0,226.0,124.0,33.4,279.0,138.0,,,,24,,Pape Matar,Sarr,P.M.Sarr,,,703,2,2,3,7,0,0,0,0,0,0,7,82,,,,0.0,0.38,0.9,0.9,10.5,12,29,41
594,u,0.0,0.0,4.5,498,308.0,0,0.0,0,0.0,0.0,719,304.0,0,0,0.0,733.0,310.0,0,0,0.0,686.0,279.0,0.0,0.0,0.0,0,0,2810,0,0.0,0.0,0.0,0.0,0.0,0.0,0.0,0.0,0.0,0.0,0.0,733.0,310.0,0.0,728.0,310.0,0.0,711.0,305.0,0.0,733.0,310.0,,,,24,,Yang,Min-hyeok,Min-hyeok,has joined Coventry City on loan for the rest of the season.,,0,0,0,0,0,0,0,0,0,0,0,0,0,,,,0.0,0.0,0.0,0.0,0.0,0,0,0
595,a,,,4.3,596,347.0,0,0.0,-2,2.0,0.2,368,123.0,0,0,0.0,633.0,238.0,0,0,0.0,566.0,195.0,0.0,0.0,0.0,21475,46,27907,35,0.0,-0.5,0.0,0.0,0.0,0.0,0.0,0.0,0.0,0.0,0.0,624.0,229.0,0.0,620.0,234.0,0.0,593.0,222.0,0.0,626.0,231.0,,,,24,,Callum,Olusesi,Olusesi,,,0,0,0,0,0,0,0,0,0,0,0,0,0,,,,0.0,0.0,0.0,0.0,0.0,0,0,0
596,a,100.0,100.0,7.2,30,12.0,0,0.0,-3,3.0,1.0,187,29.0,5,0,1.2,428.0,51.0,0,24,0.6,324.0,39.0,0.1,0.7,0.0,57684,431,459202,215,0.6,0.1,0.68,0.02,0.7,2.8,0.41,0.01,0.42,1.69,22.4,424.0,48.0,25.2,367.0,45.0,68.0,265.0,47.0,11.5,392.0,48.0,,,2.0,24,,Dominic,Solanke-Mitchell,Solanke,,,149,0,0,0,3,0,0,0,0,0,0,1,10,,,,0.0,0.0,1.81,0.6,6.04,6,2,2
597,i,0.0,0.0,6.3,65,21.0,0,0.0,-2,2.0,5.8,65,12.0,75,0,3.6,115.0,10.0,9,336,0.6,322.0,38.0,0.1,11.9,0.0,2945642,20,2983002,3690,0.0,0.0,4.8,1.22,6.02,17.99,0.34,0.09,0.43,1.27,381.8,89.0,7.0,159.3,156.0,11.0,464.0,23.0,13.0,100.4,51.0,10.0,,,3.0,24,,Richarlison,de Andrade,Richarlison,Hamstring injury - Expected back 01 Mar,,1276,7,3,5,19,0,0,0,4,0,0,13,98,,,,0.0,0.35,1.34,0.92,6.91,15,46,37
598,u,0.0,0.0,4.5,464,66.0,0,0.0,0,0.0,0.0,663,82.0,0,0,0.0,707.0,73.0,0,0,0.0,656.0,63.0,0.0,0.0,0.0,0,0,5073,0,0.0,0.0,0.0,0.0,0.0,0.0,0.0,0.0,0.0,0.0,0.0,704.0,73.0,0.0,700.0,72.0,0.0,681.0,72.0,0.0,705.0,73.0,,,,24,,Will,Lankshear,Lankshear,Has joined Oxford United on loan for the rest of the season.,,0,0,0,0,0,0,0,0,0,0,0,0,0,,,,0.0,0.0,0.0,0.0,0.0,0,0,0
599,a,,,4.3,589,82.0,0,0.0,-2,2.0,0.6,235,36.0,2,0,1.0,444.0,54.0,0,5,0.4,334.0,40.0,0.1,0.5,0.0,60288,184,101835,147,0.4,-0.1,0.0,0.01,0.01,0.03,0.0,0.13,0.13,0.39,1.0,480.0,57.0,4.1,432.0,56.0,2.0,429.0,57.0,0.7,468.0,57.0,,,,24,,Dane,Scarlett,Scarlett,,,7,0,0,0,0,0,0,0,0,0,0,0,1,,,,0.0,0.0,0.0,0.0,12.86,0,0,1
673,a,100.0,100.0,5.5,138,85.0,0,0.0,0,0.0,0.9,194,64.0,78,0,3.9,81.0,37.0,11,323,1.8,198.0,86.0,0.3,14.2,0.0,361397,117,343503,312,1.8,1.3,1.0,0.47,1.47,19.28,0.07,0.03,0.1,1.34,385.8,88.0,27.0,85.3,246.0,150.0,138.0,162.0,91.0,61.1,153.0,84.0,,,,24,,João Maria,Lobo Alves Palhares Costa Palhinha Gonçalves,J.Palhinha,,,1299,3,3,4,20,0,0,0,5,0,0,14,174,,,,0.0,0.28,1.39,0.97,12.06,74,48,52
717,a,100.0,100.0,6.5,54,35.0,0,0.0,-5,5.0,1.1,178,60.0,50,0,2.9,211.0,91.0,3,194,2.2,168.0,74.0,0.3,7.7,0.0,776240,479,701509,521,2.2,1.7,1.6,2.28,3.88,17.79,0.13,0.19,0.32,1.46,192.2,236.0,97.0,264.0,88.0,66.0,144.0,157.0,90.0,60.1,158.0,87.0,5.0,,,24,,Xavi,Simons,Xavi,,,1100,1,3,3,21,0,0,0,2,1,0,12,99,,,,0.0,0.25,1.72,0.98,8.1,24,14,61
726,a,100.0,100.0,6.9,42,17.0,0,0.0,-1,1.0,0.4,289,46.0,24,0,1.6,387.0,44.0,0,63,1.0,284.0,36.0,0.1,3.5,0.0,115029,216,103350,256,1.0,0.5,1.29,0.92,2.21,14.13,0.13,0.09,0.22,1.38,73.4,361.0,37.0,159.1,157.0,12.0,151.0,144.0,36.0,37.7,261.0,31.0,,,,24,,Randal,Kolo Muani,Kolo Muani,,,922,0,0,3,16,0,0,0,2,0,0,11,57,,,,0.0,0.29,1.56,1.07,5.56,14,11,32
745,a,,,4.0,722,205.0,0,0.0,0,0.0,0.0,640,223.0,0,0,0.0,614.0,240.0,0,0,0.0,536.0,225.0,0.0,0.0,0.0,1578,10,1486,7,0.0,-0.5,0.0,0.0,0.0,0.0,0.0,0.0,0.0,0.0,0.0,605.0,240.0,0.0,598.0,240.0,0.0,566.0,236.0,0.0,607.0,240.0,,,,24,,Jun'ai,Byfield,Byfield,,,0,0,0,0,0,0,0,0,0,0,0,0,0,,,,0.0,0.0,0.0,0.0,0.0,0,0,0
750,a,,,4.0,687,176.0,0,0.0,0,0.0,0.0,659,228.0,0,0,0.0,585.0,217.0,0,0,0.0,505.0,200.0,0.0,0.0,0.0,1280,6,1083,9,0.0,-0.5,0.0,0.0,0.0,0.0,0.0,0.0,0.0,0.0,0.0,576.0,217.0,0.0,569.0,217.0,0.0,536.0,212.0,0.0,578.0,217.0,,,,24,,James,Rowswell,Rowswell,,,0,0,0,0,0,0,0,0,0,0,0,0,0,,,,0.0,0.0,0.0,0.0,0.0,0,0,0
751,u,0.0,0.0,4.5,482,295.0,0,0.0,0,0.0,0.0,755,325.0,0,0,0.0,720.0,299.0,0,0,0.0,672.0,267.0,0.0,0.0,0.0,675,0,517,5,0.0,0.0,0.0,0.0,0.0,0.0,0.0,0.0,0.0,0.0,0.0,719.0,298.0,0.0,714.0,298.0,0.0,697.0,293.0,0.0,719.0,298.0,,,,24,,Yusuf,Akhamrich,Akhamrich,has joined Bristol Rovers on loan for the rest of the season.,,0,0,0,0,0,0,0,0,0,0,0,0,0,,,,0.0,0.0,0.0,0.0,0.0,0,0,0
790,a,,,4.5,495,305.0,0,0.0,0,0.0,0.0,784,344.0,0,0,0.0,730.0,307.0,0,0,0.0,683.0,276.0,0.0,0.0,0.0,266,12,100,0,0.0,-0.5,0.0,0.0,0.0,0.0,0.0,0.0,0.0,0.0,0.0,730.0,307.0,0.0,725.0,307.0,0.0,708.0,302.0,0.0,730.0,307.0,,,,24,,Lucá,Williams-Barnett,Williams-Barnett,,,0,0,0,0,0,0,0,0,0,0,0,0,0,,,,0.0,0.0,0.0,0.0,0.0,0,0,0
796,a,,,5.4,169,104.0,-1,1.0,-1,1.0,0.1,429,143.0,4,0,2.0,328.0,148.0,0,32,1.3,246.0,105.0,0.2,0.7,0.0,24058,172,7532,178,1.3,0.8,0.31,0.24,0.55,4.1,0.16,0.12,0.28,2.12,25.2,420.0,186.0,31.1,355.0,184.0,58.0,282.0,150.0,11.4,393.0,180.0,,,,24,,Conor,Gallagher,Gallagher,,,174,0,0,0,4,0,0,0,0,0,0,2,18,,,,0.0,0.0,2.07,1.03,9.31,3,3,12
804,a,,,4.0,719,202.0,0,0.0,0,0.0,0.0,774,261.0,0,0,0.0,611.0,237.0,0,0,0.0,533.0,222.0,0.0,0.0,0.0,326,44,45,6,1.4,0.9,0.0,0.0,0.0,0.0,0.0,0.0,0.0,0.0,0.0,602.0,237.0,0.0,595.0,237.0,0.0,563.0,233.0,0.0,604.0,237.0,,,,24,,João Victor,de Souza Menezes,Souza,,,0,0,0,0,0,0,0,0,0,0,0,0,0,,,,0.0,0.0,0.0,0.0,0.0,0,0,0
326,a,,,5.1,226,139.0,0,0.0,-4,4.0,0.1,415,140.0,17,0,1.1,430.0,193.0,0,57,0.4,348.0,154.0,0.1,3.3,0.0,12567,125,33717,46,0.4,0.4,0.19,0.55,0.74,5.69,0.06,0.18,0.24,1.9,20.4,430.0,191.0,62.1,287.0,165.0,57.0,286.0,151.0,13.6,374.0,174.0,,,,24,,Adama,Traoré Diarra,Adama,,,270,0,0,0,8,0,0,0,1,0,0,1,14,,,,0.0,0.0,2.67,0.33,4.67,1,1,12
600,a,,,4.3,565,27.0,0,0.0,-2,2.0,2.2,123,16.0,51,2,2.5,253.0,21.0,2,220,2.2,157.0,15.0,0.5,11.9,0.0,158759,586,409285,334,2.2,2.2,0.0,0.0,0.0,35.15,0.0,0.0,0.0,1.76,571.0,18.0,5.0,10.0,406.0,6.0,0.0,585.0,65.0,57.9,165.0,5.0,,,,24,,Alphonse,Areola,Areola,,,1800,0,1,0,37,0,0,0,0,0,77,20,55,,,,3.85,0.0,1.85,1.0,0.0,0,30,142
601,u,0.0,0.0,4.0,653,42.0,0,0.0,0,0.0,0.2,348,50.0,0,0,0.0,557.0,61.0,0,0,0.0,476.0,55.0,0.0,0.0,0.0,3874,0,41670,21,0.0,0.0,0.0,0.0,0.0,0.0,0.0,0.0,0.0,0.0,0.0,548.0,61.0,0.0,540.0,49.0,0.0,506.0,34.0,0.0,550.0,61.0,,,,24,,Wes,Foderingham,Foderingham,has joined Aris Limassol permanently.,,0,0,0,0,0,0,0,0,0,0,0,0,0,,,,0.0,0.0,0.0,0.0,0.0,0,0,0
602,u,0.0,0.0,3.9,757,83.0,0,0.0,-1,1.0,0.2,354,51.0,0,0,0.0,539.0,50.0,0,0,0.0,458.0,44.0,0.0,0.0,0.0,11331,0,17691,58,0.0,0.0,0.0,0.0,0.0,0.0,0.0,0.0,0.0,0.0,0.0,530.0,50.0,0.0,521.0,37.0,0.0,486.0,22.0,0.0,532.0,50.0,,,,24,,Krisztián,Hegyi,Hegyi,has joined MTK Budapest on loan for the rest of the season.,,0,0,0,0,0,0,0,0,0,0,0,0,0,,,,0.0,0.0,0.0,0.0,0.0,0,0,0
603,a,100.0,100.0,4.0,717,200.0,0,0.0,-5,5.0,1.3,163,61.0,46,1,2.6,239.0,93.0,1,122,0.4,330.0,123.0,0.1,11.5,0.0,229694,759,870883,159,0.4,0.4,0.39,0.87,1.26,25.87,0.02,0.05,0.07,1.57,295.6,155.0,65.0,173.3,148.0,38.0,66.0,267.0,77.0,53.6,185.0,62.0,,,,24,,El Hadji Malick,Diouf,Diouf,,,1487,0,4,2,32,0,0,0,3,0,0,16,157,,,,0.0,0.12,1.94,0.97,7.38,23,99,58
604,u,0.0,0.0,4.4,515,100.0,0,0.0,-1,1.0,0.1,573,207.0,0,0,0.0,649.0,247.0,0,0,0.0,587.0,239.0,0.0,0.0,0.0,1719,0,20677,4,0.0,0.0,0.0,0.0,0.0,0.0,0.0,0.0,0.0,0.0,0.0,640.0,247.0,0.0,637.0,247.0,0.0,612.0,245.0,0.0,642.0,247.0,,,,24,,Emerson,Palmieri dos Santos,Emerson,has joined Marseille permanently.,,0,0,0,0,0,0,0,0,0,0,0,0,0,,,,0.0,0.0,0.0,0.0,0.0,0,0,0
605,a,,,4.2,627,146.0,0,0.0,-3,3.0,0.2,405,149.0,36,0,1.7,363.0,133.0,0,80,0.6,307.0,113.0,0.1,8.6,0.0,29014,28,47097,45,0.6,0.6,0.56,0.25,0.81,33.13,0.03,0.01,0.04,1.91,391.4,80.0,36.0,55.8,306.0,101.0,60.0,279.0,83.0,50.8,202.0,65.0,,,,24,,Maximilian,Kilman,Kilman,,,1558,0,0,1,37,0,0,0,4,0,0,17,190,,,,0.0,0.06,2.14,0.98,9.18,16,143,43
606,a,100.0,100.0,4.4,527,111.0,0,0.0,-1,1.0,0.1,526,190.0,43,3,2.5,256.0,101.0,0,121,2.4,141.0,49.0,0.5,9.8,0.0,13433,82,14303,25,2.4,2.4,1.01,0.32,1.33,23.23,0.07,0.02,0.09,1.54,338.2,113.0,49.0,11.9,396.0,146.0,135.0,166.0,34.0,48.5,212.0,69.0,,,,24,,Konstantinos,Mavropanos,Mavropanos,,,1361,0,0,1,27,1,0,0,2,0,0,14,183,,,,0.0,0.07,1.79,0.93,10.78,18,145,55
607,u,0.0,0.0,4.4,520,105.0,0,0.0,-1,1.0,0.0,601,215.0,3,0,1.5,392.0,144.0,0,-1,0.0,590.0,242.0,0.0,0.7,0.0,1288,0,12258,2,0.0,0.0,0.1,0.03,0.13,3.42,0.05,0.02,0.07,1.71,39.0,400.0,153.0,3.9,434.0,158.0,8.0,390.0,146.0,5.1,427.0,154.0,,,,24,,Nayef,Aguerd,N.Aguerd,has joined Marseille permanently.,,180,0,0,0,8,0,0,0,0,0,0,2,23,,,,0.0,0.0,4.0,1.0,7.5,1,14,8
608,a,100.0,100.0,4.3,602,141.0,0,0.0,-2,2.0,0.0,609,219.0,19,0,1.9,334.0,126.0,0,76,2.4,140.0,48.0,0.6,4.4,0.0,4501,22,5837,17,2.4,2.4,0.18,0.31,0.49,12.93,0.03,0.04,0.07,1.84,128.2,292.0,110.0,60.6,295.0,97.0,22.0,354.0,121.0,21.1,340.0,116.0,,,,24,,Ollie,Scarles,Scarles,,,633,0,1,0,15,0,0,0,1,0,0,9,68,,,,0.0,0.0,2.13,1.28,9.53,28,39,33
609,s,0.0,100.0,4.3,582,133.0,0,0.0,-2,2.0,0.1,461,170.0,31,0,1.7,365.0,135.0,0,113,1.6,207.0,75.0,0.4,7.2,0.0,11158,30,17560,74,0.0,1.6,0.25,0.29,0.54,28.59,0.01,0.02,0.03,1.69,335.6,115.0,51.0,64.5,283.0,90.0,22.0,353.0,120.0,42.3,240.0,82.0,,,,24,,Jean-Clair,Todibo,Todibo,Suspended until 21 Feb,,1521,0,1,0,33,0,0,0,4,1,0,18,152,,,,0.0,0.0,1.95,1.07,8.17,33,105,76
610,a,100.0,100.0,4.1,649,158.0,0,0.0,-4,4.0,4.0,86,29.0,38,7,2.5,251.0,98.0,0,111,2.6,133.0,44.0,0.6,9.3,0.0,140360,4220,2261986,224,2.6,2.6,0.0,0.72,0.72,23.98,0.0,0.05,0.05,1.68,300.2,150.0,64.0,247.6,93.0,22.0,22.0,351.0,118.0,57.2,172.0,54.0,,,,24,,Aaron,Wan-Bissaka,Wan-Bissaka,,,1281,0,3,0,30,0,0,0,2,0,0,14,128,,,,0.0,0.0,2.11,0.98,8.01,20,94,38
611,u,0.0,0.0,4.0,696,181.0,0,0.0,0,0.0,0.1,533,195.0,0,0,0.0,592.0,220.0,0,0,0.0,512.0,203.0,0.0,0.0,0.0,0,0,12967,4,0.0,0.0,0.0,0.0,0.0,0.0,0.0,0.0,0.0,0.0,0.0,583.0,220.0,0.0,576.0,220.0,0.0,543.0,215.0,0.0,585.0,220.0,,,,24,,Kaelan,Casey,Casey,has joined Leyton Orient on loan for the rest of the season.,,0,0,0,0,0,0,0,0,0,0,0,0,0,,,,0.0,0.0,0.0,0.0,0.0,0,0,0
612,i,0.0,0.0,5.9,98,63.0,0,0.0,-1,1.0,1.3,167,57.0,69,0,3.8,97.0,46.0,8,291,0.4,355.0,158.0,0.1,11.7,0.0,897160,5,947219,1599,0.0,0.0,2.85,2.0,4.85,24.22,0.17,0.12,0.29,1.44,374.6,92.0,28.0,397.2,35.0,32.0,186.0,115.0,67.0,95.7,58.0,38.0,3.0,2.0,1.0,24,,Lucas,Tolentino Coelho de Lima,L.Paquetá,Back injury - Unknown return date,,1513,4,2,3,33,0,0,0,5,1,0,18,146,,,,0.0,0.18,1.96,1.07,8.68,40,30,76
613,a,100.0,100.0,5.7,117,73.0,0,0.0,-3,3.0,0.2,342,114.0,49,2,2.3,288.0,126.0,4,196,2.8,124.0,55.0,0.5,8.6,0.0,29159,76,103299,58,2.8,2.8,2.72,0.34,3.06,21.25,0.25,0.03,0.28,1.94,246.4,185.0,78.0,93.2,232.0,144.0,239.0,76.0,47.0,57.9,166.0,90.0,,,,24,,Tomáš,Souček,Souček,,,986,2,2,1,27,0,0,0,1,1,0,10,113,,,,0.0,0.09,2.46,0.91,10.31,19,62,32
615,a,100.0,100.0,5.5,147,92.0,0,0.0,0,0.0,0.4,261,88.0,63,7,3.3,148.0,66.0,4,232,6.2,7.0,4.0,1.1,11.5,0.0,87225,11332,37057,250,6.2,6.2,2.65,0.99,3.64,22.99,0.17,0.06,0.23,1.47,240.8,192.0,82.0,243.7,96.0,72.0,305.0,54.0,32.0,79.0,94.0,55.0,2.0,,,24,,Crysencio,Summerville,Summerville,,,1407,3,3,1,29,0,0,0,3,0,0,17,115,,,,0.0,0.06,1.86,1.09,7.36,23,29,63
616,u,0.0,0.0,4.9,309,192.0,0,0.0,-1,1.0,0.0,589,221.0,0,0,0.0,754.0,323.0,0,0,0.0,720.0,301.0,0.0,0.0,0.0,1147,0,16029,3,0.0,0.0,0.0,0.0,0.0,0.0,0.0,0.0,0.0,0.0,0.0,754.0,323.0,0.0,750.0,323.0,0.0,741.0,321.0,0.0,754.0,323.0,,,,24,,Edson,Álvarez Velázquez,Álvarez,Has joined Fenerbahçe on loan for the rest of the season.,,0,0,0,0,0,0,0,0,0,0,0,0,0,,,,0.0,0.0,0.0,0.0,0.0,0,0,0
617,u,0.0,0.0,4.9,289,177.0,0,0.0,-1,1.0,0.0,692,292.0,0,0,0.0,750.0,320.0,0,0,0.0,712.0,296.0,0.0,0.0,0.0,246,0,3201,1,0.0,0.0,0.0,0.0,0.0,0.0,0.0,0.0,0.0,0.0,0.0,750.0,320.0,0.0,746.0,320.0,0.0,736.0,317.0,0.0,750.0,320.0,,,,24,,Maxwel,Cornet,Cornet,has joined Genoa on loan for the rest of the season.,,0,0,0,0,0,0,0,0,0,0,0,0,0,,,,0.0,0.0,0.0,0.0,0.0,0,0,0
618,u,0.0,0.0,4.8,353,221.0,0,0.0,-2,2.0,0.0,594,224.0,8,0,1.3,416.0,185.0,0,30,0.2,387.0,176.0,0.0,1.7,0.0,2295,0,5699,20,0.0,0.0,0.03,0.04,0.07,2.59,0.02,0.02,0.04,1.33,9.8,444.0,198.0,6.0,426.0,208.0,2.0,434.0,215.0,1.7,456.0,208.0,,,,24,,Guido,Rodríguez,G.Rodriguez,has joined Valencia on loan for the rest of the season.,,175,0,0,1,2,0,0,0,1,0,0,2,15,,,,0.0,0.51,1.03,1.03,7.71,1,4,10
619,u,0.0,0.0,4.9,342,212.0,0,0.0,-1,1.0,0.0,670,276.0,5,0,1.0,475.0,222.0,0,11,0.0,733.0,311.0,0.0,1.0,0.0,868,0,3307,6,0.0,0.0,0.07,0.03,0.1,1.82,0.05,0.02,0.07,1.35,9.2,446.0,200.0,14.5,389.0,194.0,4.0,418.0,207.0,2.5,449.0,203.0,,,,24,,Luis Guilherme,Lira dos Santos,L.Guilherme,has joined Sporting CP permanently.,,121,0,0,0,2,0,0,0,0,0,0,1,11,,,,0.0,0.0,1.49,0.74,8.18,1,2,8
620,u,0.0,0.0,4.5,443,265.0,0,0.0,0,0.0,0.0,595,225.0,1,0,1.0,456.0,206.0,0,3,0.0,643.0,243.0,0.0,0.2,0.0,3770,0,9164,16,0.0,0.0,0.0,0.01,0.01,0.73,0.0,0.11,0.11,8.21,0.0,690.0,274.0,1.5,445.0,215.0,2.0,432.0,213.0,0.4,476.0,220.0,,,,24,,George,Earthy,Earthy,has joined Bristol City on loan for the rest of the season.,,8,0,0,0,1,0,0,0,0,0,0,0,0,,,,0.0,0.0,11.25,0.0,0.0,0,0,0
621,u,0.0,0.0,4.3,577,340.0,0,0.0,-2,2.0,0.2,339,113.0,9,0,1.3,413.0,183.0,0,49,0.0,560.0,190.0,0.0,2.1,0.0,43311,0,51369,127,0.0,0.0,0.0,0.17,0.17,4.03,0.0,0.1,0.1,2.32,31.6,410.0,182.0,52.3,310.0,175.0,2.0,428.0,211.0,8.6,406.0,184.0,3.0,,,24,,Andy,Irving,Irving,has joined Sparta Prague permanently.,,156,0,0,0,4,0,0,0,0,0,0,2,22,,,,0.0,0.0,2.31,1.15,12.69,6,2,14
622,u,0.0,0.0,4.4,542,325.0,0,0.0,-1,1.0,0.1,570,210.0,0,0,0.0,660.0,256.0,0,0,0.0,601.0,216.0,0.0,0.0,0.0,1052,0,11803,5,0.0,0.0,0.0,0.0,0.0,0.0,0.0,0.0,0.0,0.0,0.0,652.0,248.0,0.0,649.0,253.0,0.0,624.0,242.0,0.0,654.0,250.0,,,,24,,Lewis,Orford,Orford,has joined Stevenage on loan for the rest of the season.,,0,0,0,0,0,0,0,0,0,0,0,0,0,,,,0.0,0.0,0.0,0.0,0.0,0,0,0
623,a,100.0,100.0,4.4,538,321.0,0,0.0,-1,1.0,0.7,214,73.0,30,0,1.8,348.0,154.0,0,192,0.6,311.0,138.0,0.1,6.8,0.0,137737,106,139366,335,0.6,0.6,0.21,1.04,1.25,19.48,0.02,0.1,0.12,1.79,164.2,256.0,109.0,125.6,191.0,127.0,37.0,315.0,164.0,32.7,283.0,139.0,1.0,,,24,,Freddie,Potts,Potts,,,982,0,1,0,23,0,0,0,1,0,0,10,99,,,,0.0,0.0,2.11,0.92,9.07,25,38,36
624,a,,,7.6,20,6.0,0,0.0,-4,4.0,8.4,47,10.0,112,7,4.7,28.0,5.0,20,442,5.6,11.0,3.0,0.7,14.7,0.0,1967847,19432,2773479,2764,5.6,5.6,5.7,1.83,7.53,39.79,0.24,0.08,0.32,1.67,526.4,28.0,3.0,313.2,62.0,2.0,628.0,6.0,5.0,146.6,13.0,3.0,,1.0,2.0,24,,Jarrod,Bowen,Bowen,,,2150,8,3,1,47,0,0,0,3,0,0,24,160,,,,0.0,0.04,1.97,1.0,6.7,29,37,94
625,u,0.0,0.0,5.6,124,34.0,0,0.0,-4,4.0,0.6,238,37.0,12,0,1.5,399.0,46.0,0,28,0.0,790.0,83.0,0.0,2.1,0.0,47611,0,390704,73,0.0,0.0,0.93,0.21,1.14,8.59,0.21,0.05,0.26,1.9,26.0,418.0,46.0,85.1,247.0,25.0,130.0,175.0,40.0,23.8,326.0,39.0,,,,24,,Niclas,Füllkrug,Füllkrug,has joined AC Milan on loan for the rest of the season.,,407,0,0,1,11,0,0,0,0,0,0,5,19,,,,0.0,0.22,2.43,1.11,4.2,2,7,10
626,u,0.0,0.0,4.3,608,84.0,0,0.0,-2,2.0,0.6,242,38.0,2,0,1.0,447.0,55.0,0,0,0.0,575.0,53.0,0.0,0.5,0.0,63604,0,101391,164,0.0,0.0,0.13,0.0,0.13,1.55,0.2,0.0,0.2,2.41,1.2,476.0,55.0,0.1,469.0,58.0,7.0,401.0,55.0,0.8,467.0,56.0,,,,24,,Callum,Marshall,Marshall,has joined VfL Bochum 1848 on loan for the rest of the season.,,58,0,0,0,2,0,0,0,0,0,0,0,3,,,,0.0,0.0,3.1,0.0,4.66,0,2,1
659,a,,,4.2,625,144.0,0,0.0,-3,3.0,0.3,337,124.0,30,0,1.9,332.0,124.0,0,117,0.6,306.0,112.0,0.1,7.1,0.0,29000,58,49403,67,0.6,0.6,1.13,0.26,1.39,20.95,0.11,0.02,0.13,1.98,202.2,228.0,92.0,87.9,239.0,69.0,98.0,221.0,57.0,38.9,257.0,88.0,,,,24,,Kyle,Walker-Peters,Walker-Peters,,,952,1,0,1,21,0,0,0,2,0,0,10,94,,,,0.0,0.09,1.99,0.95,6.71,34,37,40
671,a,,,5.8,104,30.0,0,0.0,-2,2.0,0.6,225,35.0,60,1,3.0,192.0,18.0,7,224,2.0,177.0,21.0,0.3,10.3,0.0,196689,261,194702,596,2.0,2.0,4.45,0.15,4.6,15.88,0.48,0.02,0.5,1.71,211.2,217.0,19.0,72.3,274.0,27.0,314.0,51.0,20.0,58.9,163.0,19.0,,,,24,,Callum,Wilson,Wilson,,,838,5,2,1,17,0,0,0,0,0,0,8,27,,,,0.0,0.11,1.83,0.86,2.9,2,6,19
679,a,,,4.2,634,37.0,0,0.0,-3,3.0,0.2,366,54.0,9,0,2.2,294.0,25.0,0,27,0.0,547.0,82.0,0.0,2.1,0.0,15133,20,36085,20,0.0,0.0,0.0,0.01,0.01,5.44,0.0,0.0,0.0,1.36,84.8,344.0,28.0,0.0,608.0,78.0,0.0,578.0,64.0,8.5,408.0,28.0,,,,24,,Mads,Hermansen,Hermansen,,,360,0,0,1,11,0,0,0,0,0,9,4,34,,,,2.25,0.25,2.75,1.0,0.0,0,7,27
708,a,100.0,100.0,5.5,154,96.0,0,0.0,0,0.0,0.2,345,116.0,84,4,3.8,96.0,45.0,6,410,5.0,20.0,10.0,0.9,15.3,0.0,59085,875,33796,163,5.0,5.0,1.14,1.49,2.63,29.74,0.06,0.08,0.14,1.52,438.0,59.0,17.0,414.3,28.0,27.0,90.0,232.0,127.0,94.4,60.0,40.0,4.0,,,24,,Mateus Gonçalo,Espanha Fernandes,M.Fernandes,,,1763,3,2,2,33,0,0,0,3,0,0,21,222,,,,0.0,0.1,1.68,1.07,11.33,59,58,105
718,a,,,5.0,276,169.0,0,0.0,0,0.0,0.0,644,261.0,33,0,2.4,271.0,117.0,2,157,0.2,395.0,182.0,0.0,6.6,0.0,5063,1,3948,20,0.2,0.2,0.31,0.28,0.59,14.82,0.04,0.03,0.07,1.82,149.6,272.0,116.0,66.4,280.0,163.0,37.0,317.0,166.0,25.3,318.0,153.0,,,,24,,Soungoutou,Magassa,S.Magassa,,,732,1,0,1,18,0,0,0,2,0,0,9,101,,,,0.0,0.12,2.21,1.11,12.42,33,25,43
738,d,25.0,25.0,4.5,403,20.0,0,0.0,0,0.0,0.0,625,79.0,0,0,0.0,674.0,89.0,0,0,0.0,617.0,86.0,0.0,0.0,0.0,5635,3,5140,17,0.0,0.0,0.0,0.0,0.0,0.0,0.0,0.0,0.0,0.0,0.0,669.0,89.0,0.0,664.0,82.0,0.0,641.0,70.0,0.0,671.0,89.0,,,,24,,Lukasz,Fabianski,Fabianski,Back injury - 25% chance of playing,,0,0,0,0,0,0,0,0,0,0,0,0,0,,,,0.0,0.0,0.0,0.0,0.0,0,0,0
747,a,,,4.0,714,197.0,0,0.0,0,0.0,0.0,647,226.0,5,0,1.0,440.0,163.0,0,15,0.4,329.0,122.0,0.1,1.2,0.0,2084,13,1493,9,0.4,0.4,0.12,0.44,0.56,2.8,0.1,0.35,0.45,2.25,21.2,427.0,161.0,33.8,347.0,121.0,9.0,385.0,141.0,6.4,420.0,153.0,,,,24,,Ezra,Mayers,Mayers,,,112,0,0,0,3,0,0,0,0,0,0,0,5,,,,0.0,0.0,2.41,0.0,4.02,0,5,6
752,a,,,4.0,725,208.0,0,0.0,0,0.0,0.0,662,231.0,0,0,0.0,616.0,242.0,0,0,0.0,538.0,227.0,0.0,0.0,0.0,1465,10,1237,8,0.0,0.0,0.0,0.0,0.0,0.0,0.0,0.0,0.0,0.0,0.0,607.0,242.0,0.0,600.0,242.0,0.0,568.0,238.0,0.0,609.0,242.0,,,,24,,Airidas,Golambeckis,Golambeckis,,,0,0,0,0,0,0,0,0,0,0,0,0,0,,,,0.0,0.0,0.0,0.0,0.0,0,0,0
758,a,,,4.5,500,309.0,0,0.0,0,0.0,0.0,735,313.0,3,0,1.0,465.0,214.0,0,11,0.0,688.0,280.0,0.0,0.7,0.0,1350,6,789,9,0.0,0.0,0.03,0.02,0.05,0.54,0.17,0.11,0.28,3.04,4.4,458.0,209.0,10.9,400.0,198.0,4.0,415.0,205.0,1.7,455.0,207.0,,,,24,,Mohamadou,Kanté,Mohamadou Kanté,,,16,0,0,0,0,0,0,0,0,0,0,0,4,,,,0.0,0.0,0.0,0.0,22.5,1,0,3
785,a,,,5.5,153,39.0,0,0.0,0,0.0,0.0,702,85.0,7,2,1.8,357.0,39.0,0,14,1.4,240.0,29.0,0.3,1.3,0.0,3083,56,1602,18,1.4,1.4,0.34,0.07,0.41,3.62,0.13,0.03,0.16,1.36,15.6,438.0,49.0,40.3,336.0,41.0,21.0,361.0,52.0,7.7,413.0,51.0,,,,24,,Pablo Felipe,Pereira de Jesus,Pablo,,,240,0,0,0,4,0,0,0,0,0,0,3,23,,,,0.0,0.0,1.5,1.12,8.62,8,5,10
791,a,,,5.5,144,36.0,0,0.0,0,0.0,0.0,602,79.0,9,2,2.2,301.0,30.0,0,24,2.2,166.0,19.0,0.4,1.6,0.0,7643,170,2448,78,2.2,2.2,1.59,0.05,1.64,5.06,0.43,0.01,0.44,1.38,26.8,416.0,45.0,46.3,324.0,36.0,152.0,143.0,35.0,21.5,338.0,41.0,,,,24,,Valentín,Castellanos,Taty,,,329,0,1,0,6,0,0,0,2,0,0,4,18,,,,0.0,0.0,1.64,1.09,4.92,2,6,10
802,a,,,5.0,279,171.0,0,0.0,0,0.0,0.0,792,348.0,0,0,0.0,778.0,342.0,0,0,0.0,752.0,326.0,0.0,0.0,0.0,142,5,27,3,0.0,0.0,0.0,0.0,0.0,0.0,0.0,0.0,0.0,0.0,0.0,778.0,342.0,0.0,776.0,342.0,0.0,770.0,340.0,0.0,778.0,342.0,,,,24,,Keiber,Lamadrid,Lamadrid,,,0,0,0,0,0,0,0,0,0,0,0,0,0,,,,0.0,0.0,0.0,0.0,0.0,0,0,0
627,a,,,4.4,514,26.0,0,0.0,-1,1.0,0.1,423,64.0,21,0,1.8,347.0,27.0,0,117,0.0,586.0,85.0,0.0,4.8,0.0,18462,23,22508,38,0.0,0.0,0.0,0.02,0.02,18.59,0.0,0.0,0.0,1.55,308.0,141.0,20.0,0.1,470.0,13.0,0.0,611.0,69.0,30.8,294.0,20.0,,,,24,,Sam,Johnstone,Johnstone,,,1080,0,0,0,24,1,0,0,0,0,39,12,71,,,,3.25,0.0,2.0,1.0,0.0,2,24,107
628,a,,,4.2,624,33.0,0,0.0,-3,3.0,1.1,182,23.0,28,1,2.3,278.0,22.0,2,120,3.2,79.0,7.0,0.8,6.7,0.0,65358,292,164086,205,3.2,3.2,0.0,0.03,0.03,14.13,0.0,0.0,0.0,1.18,206.6,224.0,21.0,10.0,405.0,5.0,0.0,574.0,60.0,21.8,337.0,21.0,,,,24,,José,Malheiro de Sá,José Sá,,,1080,0,0,2,21,0,0,0,1,0,23,12,40,,,,1.92,0.17,1.75,1.0,0.0,0,21,103
629,a,100.0,100.0,3.9,731,69.0,0,0.0,-1,1.0,0.5,258,34.0,0,0,0.0,522.0,36.0,0,0,0.0,440.0,30.0,0.0,0.0,0.0,15577,63,48780,29,0.0,0.0,0.0,0.0,0.0,0.0,0.0,0.0,0.0,0.0,0.0,513.0,36.0,0.0,504.0,23.0,0.0,469.0,8.0,0.0,515.0,36.0,,,,24,,Daniel,Bentley,Bentley,,,0,0,0,0,0,0,0,0,0,0,0,0,0,,,,0.0,0.0,0.0,0.0,0.0,0,0,0
631,a,100.0,100.0,4.2,638,152.0,0,0.0,-3,3.0,0.1,440,163.0,23,3,1.6,375.0,140.0,0,86,0.6,309.0,115.0,0.1,5.5,0.0,24273,9,62197,15,0.6,0.6,0.57,0.4,0.97,18.26,0.05,0.03,0.08,1.49,311.8,136.0,60.0,76.0,264.0,79.0,75.0,253.0,72.0,46.3,222.0,75.0,,5.0,,24,,Emmanuel,Agbadou,Agbadou,,,1100,0,0,0,29,0,0,0,1,1,0,12,156,,,,0.0,0.0,2.37,0.98,10.23,32,93,65
632,a,100.0,100.0,4.4,513,99.0,0,0.0,-1,1.0,0.1,492,178.0,11,0,1.4,404.0,148.0,0,53,0.0,585.0,238.0,0.0,2.5,0.0,5783,10,19621,11,0.0,0.0,0.09,0.19,0.28,9.23,0.01,0.03,0.04,1.39,104.4,317.0,123.0,50.1,315.0,106.0,18.0,364.0,128.0,17.3,360.0,126.0,,,,24,,Matt,Doherty,Doherty,,,599,0,0,1,11,0,0,0,4,0,0,8,58,,,,0.0,0.15,1.65,1.2,7.06,13,34,23
633,a,100.0,100.0,4.3,590,137.0,0,0.0,-2,2.0,0.1,412,151.0,52,2,2.5,254.0,99.0,4,208,4.4,32.0,10.0,1.0,12.1,0.0,28474,209,22087,77,4.4,4.4,0.42,1.95,2.37,19.19,0.03,0.12,0.15,1.21,319.2,128.0,56.0,405.6,32.0,2.0,110.0,200.0,50.0,83.7,83.0,20.0,2.0,,,24,,Hugo,Bueno López,H.Bueno,,,1426,0,2,3,24,0,0,0,1,0,0,15,135,,,,0.0,0.19,1.51,0.95,6.5,37,66,70
634,a,100.0,100.0,4.3,598,140.0,0,0.0,-2,2.0,0.1,504,181.0,26,0,1.7,366.0,136.0,1,106,3.4,69.0,26.0,0.8,6.0,0.0,8182,54,7709,55,3.4,3.4,1.23,0.26,1.49,16.43,0.1,0.02,0.12,1.3,218.2,206.0,82.0,89.0,237.0,68.0,155.0,139.0,25.0,46.1,223.0,76.0,,,,24,,Yerson,Mosquera Valdelamar,Mosquera,,,1136,0,0,2,22,2,0,0,9,0,0,13,122,,,,0.0,0.16,1.74,1.03,8.71,33,77,60
635,a,100.0,100.0,4.4,537,116.0,0,0.0,-1,1.0,0.1,569,206.0,17,2,1.9,335.0,127.0,0,32,0.8,290.0,106.0,0.2,3.9,0.0,8959,8,14369,5,0.8,0.8,0.95,0.27,1.22,5.23,0.19,0.05,0.24,1.04,67.6,367.0,140.0,47.6,321.0,107.0,109.0,203.0,52.0,22.6,332.0,113.0,,,,24,,Rodrigo,Martins Gomes,R.Gomes,,,451,1,0,0,10,0,0,0,0,0,0,5,35,,,,0.0,0.0,2.0,1.0,4.19,9,12,18
636,a,100.0,100.0,4.4,524,108.0,0,0.0,-1,1.0,0.1,484,174.0,52,2,3.5,119.0,42.0,2,165,3.4,71.0,28.0,0.8,11.8,0.0,19612,35,17796,43,3.4,3.4,1.61,0.5,2.11,17.51,0.11,0.03,0.14,1.22,320.4,125.0,55.0,61.2,291.0,96.0,118.0,195.0,45.0,49.9,208.0,67.0,,,,24,,Santiago,Ignacio Bueno,S.Bueno,,,1292,2,1,2,24,0,0,0,2,0,0,14,129,,,,0.0,0.14,1.67,0.98,7.87,34,79,30
637,i,0.0,0.0,4.2,637,151.0,0,0.0,-3,3.0,0.1,508,183.0,20,0,1.5,390.0,143.0,0,74,0.0,550.0,232.0,0.0,4.8,0.0,6847,1,18992,9,0.0,0.0,0.04,0.21,0.25,17.96,0.0,0.02,0.02,1.7,212.2,215.0,87.0,77.4,259.0,77.0,29.0,335.0,109.0,31.9,288.0,97.0,,,,24,,Toti,Gomes,Toti,Hamstring injury - Unknown return date,,949,0,0,0,25,0,0,0,1,1,0,12,106,,,,0.0,0.0,2.37,1.14,7.97,14,70,37
638,u,0.0,0.0,3.8,786,241.0,0,0.0,-2,2.0,1.1,179,69.0,10,0,1.2,425.0,154.0,0,38,0.0,420.0,160.0,0.0,2.6,0.0,121813,0,243013,568,0.0,0.0,0.02,0.36,0.38,9.36,0.0,0.08,0.08,1.99,101.4,321.0,125.0,87.8,240.0,70.0,13.0,373.0,133.0,20.3,344.0,118.0,,,,24,,Ki-Jana,Hoever,Hoever,has joined Sheffield United on loan for the rest of the season.,,423,0,0,0,13,0,0,0,0,0,0,6,46,,,,0.0,0.0,2.77,1.28,8.51,13,27,16
639,u,0.0,0.0,4.0,703,187.0,0,0.0,0,0.0,0.0,746,254.0,0,0,0.0,598.0,225.0,0,0,0.0,519.0,209.0,0.0,0.0,0.0,0,0,858,1,0.0,0.0,0.0,0.0,0.0,0.0,0.0,0.0,0.0,0.0,0.0,589.0,225.0,0.0,582.0,225.0,0.0,550.0,221.0,0.0,591.0,225.0,,,,24,,Bastien,Meupiyou Menadjou,Meupiyou,On loan to FC Alverca,,0,0,0,0,0,0,0,0,0,0,0,0,0,,,,0.0,0.0,0.0,0.0,0.0,0,0,0
640,a,100.0,100.0,4.0,723,206.0,0,0.0,0,0.0,0.4,278,105.0,2,1,1.0,441.0,164.0,0,2,0.4,331.0,124.0,0.1,0.5,0.0,8687,20,87588,30,0.4,0.4,0.0,0.0,0.0,0.79,0.0,0.0,0.0,35.55,0.2,484.0,173.0,0.4,458.0,168.0,2.0,426.0,160.0,0.2,487.0,174.0,,,,24,,Pedro,Cardoso de Lima,Pedro Lima,,,2,0,0,0,1,0,0,0,0,0,0,0,0,,,,0.0,0.0,45.0,0.0,0.0,0,0,0
641,u,0.0,0.0,3.9,763,223.0,0,0.0,-1,1.0,1.0,183,72.0,0,0,0.0,545.0,199.0,0,0,0.0,464.0,181.0,0.0,0.0,0.0,85684,0,138027,287,0.0,0.0,0.0,0.0,0.0,0.0,0.0,0.0,0.0,0.0,0.0,536.0,199.0,0.0,527.0,199.0,0.0,492.0,192.0,0.0,538.0,199.0,,,,24,,Alfie,Pond,Pond,has joined Crewe Alexandra on loan for the rest of the season.,,0,0,0,0,0,0,0,0,0,0,0,0,0,,,,0.0,0.0,0.0,0.0,0.0,0,0,0
642,a,100.0,100.0,5.6,127,78.0,0,0.0,-4,4.0,0.2,399,134.0,43,2,2.3,286.0,124.0,0,120,3.8,59.0,25.0,0.7,7.7,0.0,44163,93,47015,139,3.8,3.8,2.17,0.92,3.09,14.86,0.18,0.08,0.26,1.21,129.8,291.0,132.0,151.4,166.0,111.0,145.0,154.0,88.0,42.0,242.0,117.0,,,3.0,24,,Hwang,Hee-chan,Hee Chan,,,1102,2,1,2,19,0,0,0,3,0,0,14,63,,,,0.0,0.16,1.55,1.14,5.15,8,19,36
643,a,100.0,100.0,5.3,204,126.0,0,0.0,-2,2.0,0.1,522,186.0,53,3,2.3,285.0,123.0,1,281,1.6,221.0,94.0,0.3,10.0,0.0,11652,10,15720,18,1.6,1.6,0.19,0.67,0.86,27.34,0.01,0.04,0.05,1.46,247.4,183.0,76.0,208.7,123.0,88.0,16.0,371.0,188.0,47.2,216.0,110.0,,,,24,,André,Trindade da Costa Neto,André,,,1682,0,0,1,33,0,0,0,8,0,0,18,235,,,,0.0,0.05,1.77,0.96,12.57,50,61,124
644,a,100.0,100.0,5.1,231,142.0,0,0.0,-4,4.0,0.0,618,239.0,26,1,1.7,367.0,162.0,0,121,0.2,396.0,183.0,0.0,5.1,0.0,3615,7,10391,5,0.2,0.2,0.76,0.59,1.35,12.75,0.1,0.08,0.18,1.63,115.8,304.0,135.0,102.0,223.0,139.0,95.0,224.0,123.0,31.1,293.0,142.0,3.0,4.0,,24,,Jean-Ricner,Bellegarde,Bellegarde,,,704,1,0,1,21,0,0,0,1,0,0,9,61,,,,0.0,0.13,2.68,1.15,7.8,19,20,22
645,u,0.0,0.0,5.1,240,147.0,0,0.0,-4,4.0,0.0,643,260.0,12,0,1.3,420.0,189.0,0,38,0.0,761.0,334.0,0.0,2.4,0.0,1383,0,4691,15,0.0,0.0,0.16,0.61,0.77,3.98,0.06,0.24,0.3,1.57,29.0,413.0,184.0,61.0,292.0,167.0,37.0,318.0,167.0,12.4,380.0,177.0,,,,24,,Fer,López González,Fer López,has joined Celta Vigo on loan for the rest of the season.,,228,0,1,0,9,0,0,0,1,0,0,2,12,,,,0.0,0.0,3.55,0.79,4.74,1,1,10
646,a,100.0,100.0,5.3,199,124.0,0,0.0,-2,2.0,0.1,471,161.0,60,3,2.6,247.0,107.0,1,311,2.8,121.0,53.0,0.5,11.3,0.0,15630,34,20143,33,2.8,2.8,0.83,1.21,2.04,26.36,0.04,0.06,0.1,1.29,295.0,156.0,58.0,266.6,85.0,63.0,123.0,186.0,107.0,68.9,126.0,69.0,,,,24,,João Victor,Gomes da Silva,Gomes,,,1844,0,0,2,36,0,0,0,8,0,0,21,256,,,,0.0,0.1,1.76,1.02,12.49,65,65,126
647,u,0.0,0.0,5.5,140,86.0,0,0.0,0,0.0,0.0,776,338.0,0,0,0.0,793.0,353.0,0,0,0.0,785.0,349.0,0.0,0.0,0.0,0,0,796,0,0.0,0.0,0.0,0.0,0.0,0.0,0.0,0.0,0.0,0.0,0.0,793.0,353.0,0.0,792.0,353.0,0.0,789.0,352.0,0.0,793.0,353.0,,,,24,,Gonçalo Manuel,Ganchinho Guedes,Guedes,Has joined Real Sociedad permanently.,,0,0,0,0,0,0,0,0,0,0,0,0,0,,,,0.0,0.0,0.0,0.0,0.0,0,0,0
648,u,0.0,0.0,5.3,198,123.0,0,0.0,-2,2.0,0.0,615,237.0,38,0,2.9,205.0,85.0,1,131,0.0,769.0,338.0,0.0,7.2,0.0,19177,0,22843,11,0.0,0.0,1.64,0.38,2.02,13.36,0.17,0.04,0.21,1.38,163.6,257.0,110.0,61.8,289.0,166.0,196.0,107.0,64.0,42.1,241.0,116.0,,,,24,,Marshall,Munetsi,Munetsi,has joined Paris FC on loan for the rest of the season.,,872,1,2,0,19,0,0,0,2,0,0,9,80,,,,0.0,0.0,1.96,0.93,8.26,21,39,20
649,u,0.0,0.0,5.0,262,159.0,0,0.0,0,0.0,0.0,800,356.0,0,0,0.0,771.0,337.0,0,0,0.0,744.0,320.0,0.0,0.0,0.0,0,0,161,0,0.0,0.0,0.0,0.0,0.0,0.0,0.0,0.0,0.0,0.0,0.0,771.0,337.0,0.0,769.0,337.0,0.0,762.0,335.0,0.0,771.0,337.0,,,,24,,Boubacar,Traoré,B.Traore,Has joined FC Metz on loan for the rest of the season.,,0,0,0,0,0,0,0,0,0,0,0,0,0,,,,0.0,0.0,0.0,0.0,0.0,0,0,0
663,a,,,4.9,317,196.0,0,0.0,-6,6.0,0.2,407,137.0,45,1,2.0,324.0,144.0,2,175,2.6,135.0,60.0,0.5,9.2,0.0,19643,12,78649,42,2.6,2.6,3.38,0.62,4.0,16.0,0.27,0.05,0.32,1.29,171.0,252.0,108.0,204.0,124.0,89.0,148.0,148.0,84.0,52.1,193.0,100.0,1.0,1.0,,24,,Jhon,Arias,J.Arias,,,1117,1,0,2,21,0,0,0,1,0,0,14,126,,,,0.0,0.16,1.69,1.13,10.15,43,24,59
682,a,,,4.3,595,139.0,0,0.0,-2,2.0,0.1,542,197.0,21,1,1.4,403.0,147.0,0,42,0.4,335.0,126.0,0.1,4.9,0.0,4205,5,8827,4,0.4,0.4,0.13,1.0,1.13,14.1,0.02,0.13,0.15,1.8,115.4,307.0,117.0,106.1,215.0,56.0,44.0,305.0,96.0,26.7,312.0,106.0,,,,24,,David,Møller Wolfe,Møller Wolfe,,,704,0,2,0,19,0,0,0,1,0,0,8,37,,,,0.0,0.0,2.43,1.02,4.09,5,27,17
695,a,,,4.4,544,117.0,0,0.0,-1,1.0,0.0,637,222.0,36,0,1.6,378.0,141.0,0,96,2.6,134.0,45.0,0.6,8.2,0.0,5631,4,5123,13,2.6,2.6,0.26,0.97,1.23,16.44,0.02,0.07,0.09,1.2,210.2,219.0,88.0,223.3,108.0,26.0,36.0,319.0,101.0,47.0,217.0,71.0,,,,24,,Jackson,Tchatchoua,Tchatchoua,,,1236,0,0,2,25,0,0,0,2,0,0,12,101,,,,0.0,0.15,1.82,0.87,5.53,22,54,44
709,d,75.0,75.0,4.5,424,84.0,0,0.0,0,0.0,0.1,532,194.0,46,0,2.6,241.0,95.0,0,163,3.0,98.0,33.0,0.7,10.2,0.0,20111,9,15320,100,2.2,2.2,1.97,1.27,3.24,23.59,0.11,0.07,0.18,1.35,379.2,90.0,41.0,112.4,206.0,52.0,198.0,106.0,16.0,69.1,124.0,40.0,,,,24,,Ladislav,Krejcí,Krejčí,Illness - 75% chance of playing,,1570,2,1,2,32,1,0,0,2,0,0,18,144,,,,0.0,0.11,1.83,1.03,6.94,18,103,48
720,a,,,5.4,176,43.0,0,0.0,-1,1.0,0.1,515,72.0,37,2,1.9,344.0,37.0,2,111,1.8,197.0,24.0,0.3,6.9,0.0,28001,47,21532,70,1.8,1.8,2.19,0.3,2.49,10.48,0.24,0.03,0.27,1.13,95.4,333.0,34.0,118.9,201.0,20.0,293.0,59.0,22.0,50.0,206.0,23.0,,2.0,,24,,Tolu,Arokodare,Tolu,,,838,1,1,2,19,0,0,0,1,0,0,9,49,,,,0.0,0.21,2.04,0.97,5.26,5,24,20
749,a,,,4.6,402,65.0,0,0.0,1,-1.0,1.9,134,20.0,40,2,3.1,172.0,14.0,6,158,5.4,12.0,4.0,1.2,8.7,0.0,315871,1921,75256,2484,5.4,5.4,0.89,1.2,2.09,9.68,0.11,0.15,0.26,1.22,163.0,258.0,23.0,155.4,158.0,13.0,139.0,161.0,38.0,45.6,225.0,27.0,,,,24,,Mateus,Mané,Mané,,,716,2,2,2,12,0,0,0,0,0,0,7,47,,,,0.0,0.25,1.51,0.88,5.91,11,11,25
766,a,,,4.0,713,196.0,0,0.0,0,0.0,0.0,681,235.0,0,0,0.0,607.0,233.0,0,0,0.0,529.0,218.0,0.0,0.0,0.0,1638,24,685,6,0.0,0.0,0.0,0.0,0.0,0.0,0.0,0.0,0.0,0.0,0.0,598.0,233.0,0.0,591.0,233.0,0.0,559.0,229.0,0.0,600.0,233.0,,,,24,,Saheed,Olagunju,Olagunju,,,0,0,0,0,0,0,0,0,0,0,0,0,0,,,,0.0,0.0,0.0,0.0,0.0,0,0,0
767,a,,,4.5,489,300.0,0,0.0,0,0.0,0.0,763,330.0,0,0,0.0,727.0,304.0,0,0,0.0,679.0,272.0,0.0,0.0,0.0,741,5,399,4,0.0,0.0,0.0,0.0,0.0,0.0,0.0,0.0,0.0,0.0,0.0,726.0,303.0,0.0,721.0,303.0,0.0,704.0,298.0,0.0,726.0,303.0,,,,24,,Luke,Rawlings,Rawlings,,,0,0,0,0,0,0,0,0,0,0,0,0,0,,,,0.0,0.0,0.0,0.0,0.0,0,0,0
777,a,,,4.5,451,270.0,0,0.0,0,0.0,0.0,777,339.0,0,0,0.0,699.0,283.0,0,0,0.0,648.0,248.0,0.0,0.0,0.0,393,3,170,5,0.0,0.0,0.0,0.0,0.0,0.0,0.0,0.0,0.0,0.0,0.0,695.0,279.0,0.0,692.0,281.0,0.0,672.0,273.0,0.0,696.0,280.0,,,,24,,Temple,Ojinnaka,Ojinnaka,,,0,0,0,0,0,0,0,0,0,0,0,0,0,,,,0.0,0.0,0.0,0.0,0.0,0,0,0
778,a,,,4.5,481,294.0,0,0.0,0,0.0,0.0,745,319.0,0,0,0.0,719.0,298.0,0,0,0.0,671.0,266.0,0.0,0.0,0.0,933,6,349,6,0.0,0.0,0.0,0.0,0.0,0.0,0.0,0.0,0.0,0.0,0.0,718.0,297.0,0.0,713.0,297.0,0.0,696.0,292.0,0.0,718.0,297.0,,,,24,,Ethan,Sutherland,Sutherland,,,0,0,0,0,0,0,0,0,0,0,0,0,0,,,,0.0,0.0,0.0,0.0,0.0,0,0,0
809,a,,,4.5,509,315.0,0,0.0,0,0.0,0.0,809,363.0,0,0,0.0,740.0,315.0,0,0,0.0,694.0,285.0,0.0,0.0,0.0,1,1,0,0,1.3,1.3,0.0,0.0,0.0,0.0,0.0,0.0,0.0,0.0,0.0,740.0,315.0,0.0,735.0,315.0,0.0,719.0,311.0,0.0,740.0,315.0,,,,24,,Jerome,Abbey,Abbey,,,0,0,0,0,0,0,0,0,0,0,0,0,0,,,,0.0,0.0,0.0,0.0,0.0,0,0,0
140,a,,,3.9,740,76.0,0,0.0,-1,1.0,0.3,308,41.0,0,0,0.0,529.0,43.0,0,0,0.0,448.0,37.0,0.0,0.0,0.0,16914,13,26390,28,0.0,0.0,0.0,0.0,0.0,0.0,0.0,0.0,0.0,0.0,0.0,520.0,43.0,0.0,511.0,30.0,0.0,476.0,15.0,0.0,522.0,43.0,,,,24,,Tom,McGill,McGill,,,0,0,0,0,0,0,0,0,0,0,0,0,0,,,,0.0,0.0,0.0,0.0,0.0,0,0,0
141,u,0.0,0.0,4.0,679,55.0,0,0.0,0,0.0,0.0,787,89.0,0,0,0.0,578.0,73.0,0,0,0.0,497.0,67.0,0.0,0.0,0.0,0,0,242,0,0.0,0.0,0.0,0.0,0.0,0.0,0.0,0.0,0.0,0.0,0.0,569.0,73.0,0.0,562.0,62.0,0.0,529.0,47.0,0.0,571.0,73.0,,,,24,,Carl,Rushworth,Rushworth,Has joined Coventry City on loan for the rest of the season.,,0,0,0,0,0,0,0,0,0,0,0,0,0,,,,0.0,0.0,0.0,0.0,0.0,0,0,0
142,u,0.0,0.0,4.0,667,48.0,0,0.0,0,0.0,0.0,789,90.0,0,0,0.0,568.0,66.0,0,0,0.0,487.0,60.0,0.0,0.0,0.0,0,0,197,0,0.0,0.0,0.0,0.0,0.0,0.0,0.0,0.0,0.0,0.0,0.0,559.0,66.0,0.0,552.0,55.0,0.0,519.0,40.0,0.0,561.0,66.0,,,,24,,Kjell,Scherpen,Scherpen,Has joined Union SG permanently,,0,0,0,0,0,0,0,0,0,0,0,0,0,,,,0.0,0.0,0.0,0.0,0.0,0,0,0
511,a,,,4.3,586,135.0,0,0.0,-2,2.0,0.1,509,184.0,22,0,2.0,321.0,122.0,1,89,0.4,333.0,125.0,0.1,5.1,0.0,7897,7,12296,11,0.4,0.4,0.03,0.06,0.09,10.83,0.0,0.01,0.01,1.37,169.2,253.0,102.0,9.1,414.0,150.0,5.0,408.0,153.0,18.3,356.0,124.0,,,,24,,Felipe,Rodrigues da Silva,Morato,,,712,0,0,1,14,0,0,0,4,0,0,8,94,,,,0.0,0.13,1.77,1.01,9.1,19,53,31
512,u,0.0,0.0,4.5,416,79.0,0,0.0,0,0.0,0.0,672,233.0,0,0,0.0,680.0,252.0,0,0,0.0,624.0,247.0,0.0,0.0,0.0,345,0,4100,3,0.0,0.0,0.0,0.0,0.0,0.0,0.0,0.0,0.0,0.0,0.0,675.0,252.0,0.0,671.0,252.0,0.0,648.0,250.0,0.0,677.0,252.0,,,,24,,Omar,Richards,O.Richards,has joined Rio Ave on loan for the rest of the season.,,0,0,0,0,0,0,0,0,0,0,0,0,0,,,,0.0,0.0,0.0,0.0,0.0,0,0,0
513,a,,,3.8,799,254.0,0,0.0,-2,2.0,0.3,338,125.0,1,0,1.0,437.0,160.0,0,5,0.0,431.0,171.0,0.0,0.3,0.0,25749,38,26007,73,0.0,0.0,0.0,0.0,0.0,0.63,0.0,0.0,0.0,1.26,15.6,437.0,163.0,0.6,455.0,167.0,0.0,459.0,183.0,1.6,457.0,165.0,,,,24,,Zach,Abbott,Abbott,,,45,0,0,0,1,0,0,0,0,0,0,0,7,,,,0.0,0.0,2.0,0.0,14.0,1,6,1
514,a,100.0,100.0,3.8,775,231.0,0,0.0,-2,2.0,0.4,281,107.0,0,0,0.0,500.0,178.0,0,0,0.0,412.0,153.0,0.0,0.0,0.0,37991,179,59630,67,0.0,0.0,0.0,0.0,0.0,0.0,0.0,0.0,0.0,0.0,0.0,490.0,177.0,0.0,477.0,174.0,0.0,441.0,166.0,0.0,492.0,177.0,,,,24,,Willy,Boly,Boly,,,0,0,0,0,0,0,0,0,0,0,0,0,0,,,,0.0,0.0,0.0,0.0,0.0,0,0,0
172,a,100.0,100.0,4.8,372,233.0,0,0.0,-2,2.0,0.0,627,247.0,5,0,0.8,492.0,232.0,0,15,0.2,390.0,179.0,0.0,1.0,0.0,2380,5,3696,5,0.2,0.2,0.04,0.03,0.07,1.72,0.06,0.05,0.11,2.72,6.0,454.0,206.0,2.4,440.0,211.0,7.0,402.0,196.0,1.6,458.0,209.0,,,,24,,Tom,Watson,Watson,,,57,0,0,0,2,0,0,0,1,0,0,0,5,,,,0.0,0.0,3.16,0.0,7.89,1,0,4
173,i,0.0,0.0,4.9,332,205.0,0,0.0,-1,1.0,0.1,425,142.0,58,0,3.6,110.0,52.0,3,250,0.0,730.0,309.0,0.0,11.8,0.0,79419,0,74787,124,0.0,0.0,1.2,1.47,2.67,16.4,0.09,0.11,0.2,1.25,303.4,145.0,50.0,229.5,103.0,75.0,131.0,173.0,99.0,66.5,131.0,71.0,,,,24,,Mats,Wieffer,Wieffer,Toe Injury - Unknown return date,,1179,0,4,3,17,0,0,0,4,0,0,13,184,,,,0.0,0.23,1.3,0.99,14.05,47,70,67
715,i,0.0,0.0,4.0,663,46.0,0,0.0,0,0.0,0.4,274,37.0,11,0,2.2,291.0,23.0,0,32,0.2,367.0,24.0,0.0,2.8,0.0,65558,10,40144,171,0.0,0.0,0.0,0.0,0.0,6.13,0.0,0.0,0.0,1.26,56.4,384.0,29.0,0.0,548.0,53.0,0.0,515.0,38.0,5.7,424.0,29.0,,,,24,,John Victor,Maciel Furtado,John,Knee injury - Expected back 01 Jun,,437,0,0,1,8,0,0,0,1,0,6,5,0,,,,1.24,0.21,1.65,1.03,0.0,0,4,26
716,i,0.0,0.0,4.5,449,91.0,0,0.0,0,0.0,0.1,479,173.0,39,0,2.8,217.0,85.0,0,131,0.2,378.0,142.0,0.0,8.7,0.0,46606,0,38796,228,0.0,0.0,1.34,0.45,1.79,15.04,0.12,0.04,0.16,1.32,216.6,207.0,83.0,123.2,194.0,48.0,94.0,227.0,60.0,43.5,231.0,80.0,,,,24,,Nicolò,Savona,Savona,Knee injury - Unknown return date,,1025,2,0,3,18,0,0,0,2,0,0,11,69,,,,0.0,0.26,1.58,0.97,5.0,20,37,27
729,a,100.0,100.0,4.5,468,93.0,0,0.0,0,0.0,0.0,802,263.0,0,0,0.0,709.0,255.0,0,0,0.0,660.0,251.0,0.0,0.0,0.0,53,4,43,0,0.0,0.0,0.0,0.0,0.0,0.0,0.0,0.0,0.0,0.0,0.0,707.0,255.0,0.0,703.0,255.0,0.0,685.0,254.0,0.0,708.0,255.0,,,,24,,Luis Eduardo,Soares da Silva,Cuiabano,,,0,0,0,0,0,0,0,0,0,0,0,0,0,,,,0.0,0.0,0.0,0.0,0.0,0,0,0
734,a,100.0,100.0,5.9,101,66.0,0,0.0,-1,1.0,0.0,677,281.0,12,0,1.5,400.0,179.0,0,53,1.0,282.0,127.0,0.2,2.0,0.0,3954,11,3577,8,1.0,1.0,0.39,0.68,1.07,5.51,0.12,0.2,0.32,1.64,49.8,389.0,171.0,108.8,210.0,134.0,71.0,259.0,139.0,23.0,329.0,160.0,,,,24,,Dilane,Bakwa,Bakwa,,,302,0,1,0,7,0,0,0,1,0,0,3,23,,,,0.0,0.0,2.09,0.89,6.85,1,3,19
805,a,,,5.5,149,37.0,0,0.0,0,0.0,0.0,751,89.0,0,0,0.0,794.0,85.0,0,0,0.0,787.0,81.0,0.0,0.0,0.0,833,57,117,10,1.9,1.9,0.0,0.0,0.0,0.0,0.0,0.0,0.0,0.0,0.0,794.0,85.0,0.0,793.0,85.0,0.0,790.0,85.0,0.0,794.0,85.0,,,,24,,Lorenzo,Lucca,Lucca,,,0,0,0,0,0,0,0,0,0,0,0,0,0,,,,0.0,0.0,0.0,0.0,0.0,0,0,0
531,a,100.0,100.0,4.6,396,68.0,0,0.0,1,-1.0,3.1,105,41.0,83,0,4.4,35.0,15.0,7,246,1.6,210.0,78.0,0.3,18.0,0.0,1049377,462,915204,1300,0.6,1.6,2.0,0.49,2.49,21.0,0.13,0.03,0.16,1.35,458.4,50.0,23.0,98.6,227.0,63.0,313.0,52.0,2.0,87.0,73.0,15.0,,,,24,,Daniel,Ballard,Ballard,,,1401,2,1,4,19,0,0,0,3,0,0,15,182,,,,0.0,0.26,1.22,0.96,10.92,24,146,34
532,a,,,4.5,440,88.0,0,0.0,0,0.0,0.3,295,112.0,66,0,2.9,200.0,79.0,4,234,0.6,314.0,118.0,0.1,14.7,0.0,72124,26,63425,121,-0.4,0.6,1.14,0.92,2.06,30.82,0.05,0.04,0.09,1.48,306.8,142.0,62.0,234.6,102.0,24.0,150.0,145.0,28.0,68.2,129.0,41.0,2.0,,,24,,Trai,Hume,Hume,,,1876,0,1,6,24,0,0,0,6,0,0,21,159,,,,0.0,0.29,1.15,1.01,6.33,44,88,64
533,u,0.0,0.0,4.0,662,164.0,0,0.0,0,0.0,0.0,767,260.0,0,0,0.0,564.0,208.0,0,0,0.0,483.0,190.0,0.0,0.0,0.0,611,0,814,3,0.0,0.0,0.0,0.0,0.0,0.0,0.0,0.0,0.0,0.0,0.0,555.0,208.0,0.0,547.0,208.0,0.0,514.0,203.0,0.0,557.0,208.0,,,,24,,Aji,Alese,Alese,has joined Portsmouth on loan for the rest of the season.,,0,0,0,0,0,0,0,0,0,0,0,0,0,,,,0.0,0.0,0.0,0.0,0.0,0,0,0
543,a,,,4.9,340,210.0,0,0.0,-6,6.0,0.4,268,91.0,34,0,2.4,270.0,116.0,3,81,0.6,317.0,141.0,0.1,6.9,0.0,90585,34,221865,97,-0.4,0.6,0.35,0.62,0.97,11.3,0.05,0.09,0.14,1.57,81.4,350.0,156.0,116.8,203.0,132.0,75.0,255.0,138.0,27.0,309.0,149.0,,,,24,,Simon,Adingra,Adingra,,,649,1,1,4,8,0,0,0,2,0,0,9,45,,,,0.0,0.55,1.11,1.25,6.24,11,13,21
544,a,100.0,100.0,5.3,205,127.0,0,0.0,-2,2.0,0.0,607,233.0,13,0,2.2,300.0,132.0,0,26,0.0,771.0,339.0,0.0,2.5,0.0,7228,12,16385,16,-1.0,0.0,0.54,0.09,0.63,4.69,0.12,0.02,0.14,1.01,19.6,432.0,193.0,34.9,346.0,181.0,47.0,298.0,155.0,9.5,400.0,182.0,,,1.0,24,,Habib,Diarra,Diarra,,,416,0,1,2,2,0,0,0,2,0,0,4,26,,,,0.0,0.43,0.43,0.87,5.62,4,9,13
545,u,0.0,0.0,5.4,160,99.0,0,0.0,-1,1.0,0.0,710,301.0,1,0,1.0,482.0,227.0,0,4,0.0,773.0,340.0,0.0,0.2,0.0,462,0,4067,1,0.0,0.0,0.03,0.02,0.05,0.66,0.1,0.07,0.17,2.2,1.8,473.0,219.0,7.3,421.0,205.0,5.0,411.0,202.0,1.4,462.0,213.0,,,,24,,Patrick,Roberts,Roberts,has joined Birmingham City on loan for the rest of the season.,,27,0,0,0,1,0,0,0,0,0,0,0,1,,,,0.0,0.0,3.33,0.0,3.33,0,0,1
546,a,100.0,100.0,4.9,345,215.0,0,0.0,-1,1.0,0.0,687,287.0,0,0,0.0,765.0,332.0,0,0,0.0,735.0,313.0,0.0,0.0,0.0,314,3,3379,1,-1.0,0.0,0.0,0.0,0.0,0.0,0.0,0.0,0.0,0.0,0.0,765.0,332.0,0.0,761.0,332.0,0.0,753.0,330.0,0.0,765.0,332.0,,,,24,,Milan,Aleksić,Aleksić,,,0,0,0,0,0,0,0,0,0,0,0,0,0,,,,0.0,0.0,0.0,0.0,0.0,0,0,0
547,a,100.0,100.0,4.9,335,207.0,0,0.0,-1,1.0,1.4,156,52.0,81,0,3.7,102.0,49.0,7,326,2.8,118.0,52.0,0.6,16.5,0.0,302777,441,171725,1472,1.8,2.8,3.71,2.43,6.14,28.56,0.19,0.12,0.31,1.46,404.2,76.0,24.0,483.6,19.0,18.0,165.0,130.0,75.0,105.4,38.0,28.0,3.0,2.0,2.0,24,,Enzo,Le Fée,E.Le Fée,,,1755,3,4,6,23,0,0,1,5,0,0,20,173,,,,0.0,0.31,1.18,1.03,8.87,49,43,81
34,u,0.0,0.0,4.0,676,53.0,0,0.0,0,0.0,0.1,481,74.0,0,0,0.0,576.0,71.0,0,0,0.0,495.0,65.0,0.0,0.0,0.0,0,0,16934,4,0.0,0.0,0.0,0.0,0.0,0.0,0.0,0.0,0.0,0.0,0.0,567.0,71.0,0.0,560.0,60.0,0.0,527.0,45.0,0.0,569.0,71.0,,,,24,,Joe,Gauci,Gauci,Has joined Port Vale on loan for the rest of the season.,,0,0,0,0,0,0,0,0,0,0,0,0,0,,,,0.0,0.0,0.0,0.0,0.0,0,0,0
35,u,0.0,0.0,4.0,675,52.0,0,0.0,0,0.0,0.0,732,84.0,0,0,0.0,575.0,70.0,0,0,0.0,494.0,64.0,0.0,0.0,0.0,0,0,1236,1,0.0,0.0,0.0,0.0,0.0,0.0,0.0,0.0,0.0,0.0,0.0,566.0,70.0,0.0,559.0,59.0,0.0,526.0,44.0,0.0,568.0,70.0,,,,24,,Filip,Marschall,Marschall,Has joined Stevenage permanently.,,0,0,0,0,0,0,0,0,0,0,0,0,0,,,,0.0,0.0,0.0,0.0,0.0,0,0,0
36,a,100.0,100.0,4.8,354,58.0,0,0.0,3,-3.0,11.7,36,12.0,95,0,4.3,42.0,18.0,6,346,3.8,54.0,22.0,0.8,19.8,0.0,2580753,6420,1489789,2184,3.8,3.8,0.75,1.92,2.67,29.43,0.03,0.09,0.12,1.36,452.8,54.0,26.0,317.8,59.0,11.0,132.0,172.0,36.0,90.3,66.0,12.0,1.0,,,24,,Matty,Cash,Cash,,,1951,3,2,7,20,0,0,0,5,0,0,22,146,,,,0.0,0.32,0.92,1.01,5.67,36,87,55
37,a,100.0,100.0,4.5,406,73.0,0,0.0,0,0.0,1.6,148,58.0,68,0,3.1,169.0,69.0,4,268,2.8,113.0,37.0,0.6,15.1,0.0,287416,628,323655,318,2.8,2.8,0.54,2.19,2.73,18.54,0.04,0.16,0.2,1.36,260.6,178.0,74.0,296.5,72.0,16.0,108.0,206.0,53.0,66.3,133.0,43.0,2.0,2.0,,24,,Lucas,Digne,Digne,,,1224,0,4,6,12,0,0,0,3,0,0,14,91,,,,0.0,0.44,0.88,1.03,4.93,21,46,43
38,a,100.0,100.0,4.4,519,104.0,0,0.0,-1,1.0,7.5,53,17.0,70,0,3.2,152.0,60.0,3,352,3.4,70.0,27.0,0.8,15.9,0.0,549166,2770,1901564,887,3.4,3.4,0.38,0.41,0.79,32.01,0.02,0.02,0.04,1.47,396.6,79.0,35.0,73.8,271.0,84.0,79.0,247.0,69.0,55.3,175.0,55.0,,,,24,,Ezri,Konsa Ngoyo,Konsa,,,1955,0,0,7,24,0,0,0,0,1,0,22,157,,,,0.0,0.32,1.1,1.01,5.98,14,116,67
60,a,,,4.4,555,333.0,0,0.0,-1,1.0,0.3,323,107.0,0,0,0.0,669.0,261.0,0,0,0.0,611.0,222.0,0.0,0.0,0.0,37971,40,47521,40,0.0,0.0,0.0,0.0,0.0,0.0,0.0,0.0,0.0,0.0,0.0,663.0,255.0,0.0,659.0,259.0,0.0,635.0,249.0,0.0,665.0,257.0,,,,24,,Ben,Broggio,Broggio,,,0,0,0,0,0,0,0,0,0,0,0,0,0,,,,0.0,0.0,0.0,0.0,0.0,0,0,0
114,a,100.0,100.0,3.8,807,261.0,0,0.0,-2,2.0,0.2,362,132.0,0,0,0.0,518.0,194.0,0,0,0.0,436.0,175.0,0.0,0.0,0.0,12572,36,27706,18,0.0,0.0,0.0,0.0,0.0,0.0,0.0,0.0,0.0,0.0,0.0,509.0,194.0,0.0,499.0,194.0,0.0,464.0,187.0,0.0,511.0,194.0,,,,24,,Benjamin,Arthur,Arthur,,,0,0,0,0,0,0,0,0,0,0,0,0,0,,,,0.0,0.0,0.0,0.0,0.0,0,0,0
220,a,100.0,100.0,4.9,310,13.0,0,0.0,-1,1.0,14.8,22,3.0,90,2,3.9,80.0,7.0,7,395,3.6,66.0,4.0,0.7,18.4,0.0,1494723,6490,2520960,3774,3.6,3.6,0.0,0.03,0.03,31.24,0.0,0.0,0.0,1.42,560.0,20.0,6.0,50.0,317.0,1.0,0.0,742.0,84.0,60.7,157.0,4.0,,,,24,,Robert,Lynch Sánchez,Sánchez,,,1984,0,1,9,26,0,0,0,2,1,63,23,89,,,,2.86,0.41,1.18,1.04,0.0,0,19,199
221,a,100.0,100.0,4.3,599,29.0,0,0.0,-2,2.0,0.2,389,57.0,3,0,1.5,391.0,30.0,0,18,0.4,336.0,23.0,0.1,0.7,0.0,14770,30,25434,42,0.4,0.4,0.0,0.0,0.0,2.78,0.0,0.0,0.0,1.44,28.2,415.0,30.0,0.0,622.0,80.0,0.0,595.0,67.0,2.8,445.0,30.0,,,,24,,Filip,Jörgensen,Jörgensen,,,174,0,0,0,3,0,0,0,0,0,3,1,7,,,,1.55,0.0,1.55,0.52,0.0,0,2,14
222,u,0.0,0.0,4.0,700,63.0,0,0.0,0,0.0,0.0,779,88.0,0,0,0.0,595.0,81.0,0,0,0.0,516.0,75.0,0.0,0.0,0.0,0,0,336,0,0.0,0.0,0.0,0.0,0.0,0.0,0.0,0.0,0.0,0.0,0.0,586.0,81.0,0.0,579.0,70.0,0.0,547.0,55.0,0.0,588.0,81.0,,,,24,,Mike,Penders,Penders,Has joined RC Strasbourg on loan for the rest of the season.,,0,0,0,0,0,0,0,0,0,0,0,0,0,,,,0.0,0.0,0.0,0.0,0.0,0,0,0
223,a,,,3.9,753,81.0,0,0.0,-1,1.0,0.1,450,69.0,0,0,0.0,537.0,48.0,0,0,0.0,456.0,42.0,0.0,0.0,0.0,9692,7,11687,34,0.0,0.0,0.0,0.0,0.0,0.0,0.0,0.0,0.0,0.0,0.0,528.0,48.0,0.0,519.0,35.0,0.0,484.0,20.0,0.0,530.0,48.0,,,,24,,Gabriel,Słonina,Slonina,,,0,0,0,0,0,0,0,0,0,0,0,0,0,,,,0.0,0.0,0.0,0.0,0.0,0,0,0
224,a,100.0,100.0,6.0,86,3.0,0,0.0,0,0.0,16.3,21,7.0,85,7,3.9,84.0,32.0,5,381,2.6,139.0,47.0,0.4,14.2,0.0,2511453,9788,3146865,1950,2.6,2.6,1.08,2.37,3.45,26.56,0.06,0.12,0.18,1.37,389.2,81.0,37.0,339.4,50.0,8.0,179.0,122.0,23.0,90.7,64.0,10.0,,,,24,,Marc,Cucurella Saseta,Cucurella,,,1750,1,2,9,20,0,0,0,4,1,0,20,167,,,,0.0,0.46,1.03,1.03,6.69,42,88,81
225,a,100.0,100.0,5.7,118,12.0,0,0.0,2,-2.0,11.4,37,13.0,97,1,4.2,55.0,24.0,9,402,3.2,92.0,32.0,0.6,17.0,0.0,2018666,4522,1361588,8248,3.2,3.2,0.86,2.3,3.16,24.36,0.05,0.13,0.18,1.43,406.8,74.0,32.0,399.5,34.0,3.0,89.0,234.0,63.0,89.7,68.0,14.0,2.0,2.0,,24,,Reece,James,James,,,1534,2,5,7,16,0,0,0,4,0,0,16,144,,,,0.0,0.41,0.94,0.94,6.16,40,65,81
234,a,100.0,100.0,4.0,721,204.0,0,0.0,0,0.0,0.1,564,204.0,0,0,0.0,613.0,239.0,0,0,0.0,535.0,224.0,0.0,0.0,0.0,1208,29,9947,3,0.0,0.0,0.0,0.0,0.0,0.0,0.0,0.0,0.0,0.0,0.0,604.0,239.0,0.0,597.0,239.0,0.0,565.0,235.0,0.0,606.0,239.0,,,,24,,Aarón,Anselmino,Anselmino,,,0,0,0,0,0,0,0,0,0,0,0,0,0,,,,0.0,0.0,0.0,0.0,0.0,0,0,0
743,a,,,4.5,494,304.0,0,0.0,0,0.0,0.0,720,305.0,0,0,0.0,729.0,306.0,0,0,0.0,682.0,275.0,0.0,0.0,0.0,1295,2,1136,2,0.0,0.0,0.0,0.0,0.0,0.0,0.0,0.0,0.0,0.0,0.0,729.0,306.0,0.0,724.0,306.0,0.0,707.0,301.0,0.0,729.0,306.0,,,,24,,Landon,Emenalo,Emenalo,,,0,0,0,0,0,0,0,0,0,0,0,0,0,,,,0.0,0.0,0.0,0.0,0.0,0,0,0
630,a,,,3.9,736,73.0,0,0.0,-1,1.0,1.3,169,21.0,0,0,0.0,526.0,40.0,0,0,0.0,445.0,34.0,0.0,0.0,0.0,67641,71,92160,159,0.0,0.0,0.0,0.0,0.0,0.0,0.0,0.0,0.0,0.0,0.0,517.0,40.0,0.0,508.0,27.0,0.0,473.0,12.0,0.0,519.0,40.0,,,,24,,Tom,King,King,,,0,0,0,0,0,0,0,0,0,0,0,0,0,,,,0.0,0.0,0.0,0.0,0.0,0,0,0
400,a,,,4.7,375,16.0,0,0.0,-3,3.0,0.2,404,60.0,0,0,0.0,742.0,91.0,0,0,0.0,696.0,89.0,0.0,0.0,0.0,3228,21,19530,25,0.0,0.5,0.0,0.0,0.0,0.0,0.0,0.0,0.0,0.0,0.0,742.0,91.0,0.0,737.0,87.0,0.0,723.0,78.0,0.0,742.0,91.0,,,,24,,Stefan,Ortega Moreno,Ortega Moreno,,,0,0,0,0,0,0,0,0,0,0,0,0,0,,,,0.0,0.0,0.0,0.0,0.0,0,0,0
482,u,0.0,0.0,3.9,747,216.0,0,0.0,-1,1.0,0.1,446,164.0,0,0,0.0,533.0,196.0,0,0,0.0,452.0,178.0,0.0,0.0,0.0,8541,0,16218,26,0.0,0.0,0.0,0.0,0.0,0.0,0.0,0.0,0.0,0.0,0.0,524.0,196.0,0.0,515.0,196.0,0.0,480.0,189.0,0.0,526.0,196.0,,,,24,,Harrison,Ashby,Ashby,has joined Bradford City on loan for the rest of the season.,,0,0,0,0,0,0,0,0,0,0,0,0,0,,,,0.0,0.0,0.0,0.0,0.0,0,0,0
483,a,,,3.8,803,258.0,0,0.0,-2,2.0,0.4,276,103.0,0,0,0.0,515.0,192.0,0,0,0.0,433.0,173.0,0.0,0.0,0.0,62672,31,44293,91,0.0,-0.5,0.0,0.0,0.0,0.0,0.0,0.0,0.0,0.0,0.0,506.0,192.0,0.0,496.0,192.0,0.0,461.0,185.0,0.0,508.0,192.0,,,,24,,Miodrag,Pivaš,Pivas,,,0,0,0,0,0,0,0,0,0,0,0,0,0,,,,0.0,0.0,0.0,0.0,0.0,0,0,0
484,u,0.0,0.0,4.0,661,163.0,0,0.0,0,0.0,0.1,416,154.0,0,0,0.0,563.0,207.0,0,0,0.0,482.0,189.0,0.0,0.0,0.0,3759,0,44777,13,0.0,0.0,0.0,0.0,0.0,0.0,0.0,0.0,0.0,0.0,0.0,554.0,207.0,0.0,546.0,207.0,0.0,513.0,202.0,0.0,556.0,207.0,,,,24,,Matt,Targett,Targett,has joined Middlesbrough on loan for the rest of the season.,,0,0,0,0,0,0,0,0,0,0,0,0,0,,,,0.0,0.0,0.0,0.0,0.0,0,0,0
485,a,100.0,100.0,7.3,27,17.0,0,0.0,-2,2.0,3.5,95,29.0,61,6,3.2,165.0,71.0,4,219,2.8,128.0,58.0,0.4,8.4,0.0,1417503,1859,1241522,2706,2.8,2.3,5.03,3.02,8.05,14.27,0.37,0.22,0.59,1.06,239.0,194.0,83.0,321.2,57.0,46.0,323.0,49.0,29.0,87.9,71.0,45.0,,,2.0,24,,Anthony,Gordon,Gordon,,,1217,3,3,6,22,0,0,0,3,1,0,17,62,,,,0.0,0.44,1.63,1.26,4.59,13,11,38
486,a,100.0,100.0,6.5,53,34.0,0,0.0,-5,5.0,2.6,112,34.0,31,2,1.6,386.0,173.0,0,110,0.8,302.0,137.0,0.1,4.8,0.0,545854,180,1171619,210,0.8,0.3,1.2,0.54,1.74,11.23,0.14,0.06,0.2,1.27,89.2,340.0,150.0,155.0,159.0,107.0,109.0,205.0,111.0,35.3,271.0,133.0,,,,24,,Anthony,Elanga,Elanga,,,797,0,1,2,18,0,0,0,0,0,0,8,31,,,,0.0,0.23,2.03,0.9,3.5,9,5,17
487,a,,,6.1,81,54.0,0,0.0,-4,4.0,1.5,151,48.0,72,2,3.1,180.0,79.0,8,237,4.6,28.0,14.0,0.8,11.8,0.0,678873,1491,564594,1381,4.6,4.1,4.91,1.9,6.81,14.44,0.37,0.14,0.51,1.09,277.8,163.0,62.0,258.8,89.0,67.0,448.0,25.0,12.0,98.3,55.0,36.0,,,,24,,Harvey,Barnes,Barnes,,,1194,5,0,4,17,0,0,0,0,0,0,12,63,,,,0.0,0.3,1.28,0.9,4.75,8,13,42
495,u,0.0,0.0,4.5,409,249.0,0,0.0,0,0.0,0.0,750,322.0,0,0,0.0,677.0,265.0,0,0,0.0,620.0,227.0,0.0,0.0,0.0,0,0,1594,0,0.0,0.0,0.0,0.0,0.0,0.0,0.0,0.0,0.0,0.0,0.0,672.0,260.0,0.0,667.0,263.0,0.0,644.0,254.0,0.0,674.0,262.0,,,,24,,Isaac,Hayden,Hayden,Has departed the club as a free agent.,,0,0,0,0,0,0,0,0,0,0,0,0,0,,,,0.0,0.0,0.0,0.0,0.0,0,0,0
496,u,0.0,0.0,4.4,550,329.0,0,0.0,-1,1.0,0.0,626,246.0,0,0,0.0,666.0,259.0,0,0,0.0,607.0,219.0,0.0,0.0,0.0,2219,0,7322,0,0.0,0.0,0.0,0.0,0.0,0.0,0.0,0.0,0.0,0.0,0.0,659.0,252.0,0.0,655.0,256.0,0.0,631.0,246.0,0.0,661.0,254.0,,,,24,,Garang,Kuol,Kuol,has joined Sparta Prague permanently.,,0,0,0,0,0,0,0,0,0,0,0,0,0,,,,0.0,0.0,0.0,0.0,0.0,0,0,0
497,a,100.0,100.0,4.5,459,278.0,0,0.0,0,0.0,3.4,97,30.0,58,0,3.1,171.0,73.0,4,271,2.8,114.0,50.0,0.6,12.9,0.0,625019,1294,491092,1910,2.8,2.3,1.36,2.0,3.36,13.65,0.11,0.16,0.27,1.08,275.0,166.0,63.0,214.3,116.0,82.0,132.0,171.0,98.0,62.1,151.0,82.0,,,,24,,Lewis,Miley,L.Miley,,,1133,1,3,2,16,0,0,0,0,0,0,11,123,,,,0.0,0.16,1.27,0.87,9.77,24,42,57
654,a,100.0,100.0,6.1,82,26.0,0,0.0,-4,4.0,0.9,193,31.0,39,1,1.8,360.0,40.0,0,89,1.6,225.0,27.0,0.3,6.4,0.0,194555,247,613873,206,1.6,1.6,3.13,0.44,3.57,22.03,0.2,0.03,0.23,1.42,126.2,295.0,28.0,113.0,204.0,22.0,260.0,72.0,25.0,49.1,211.0,24.0,,,2.0,24,,Jørgen,Strand Larsen,Strand Larsen,,,1399,1,1,3,26,0,0,1,2,0,0,14,54,,,,0.0,0.19,1.67,0.9,3.47,6,31,17
655,u,0.0,0.0,4.9,329,60.0,0,0.0,-1,1.0,0.2,392,60.0,0,0,0.0,761.0,82.0,0,0,0.0,728.0,73.0,0.0,0.0,0.0,7178,0,55024,10,0.0,0.0,0.0,0.0,0.0,0.0,0.0,0.0,0.0,0.0,0.0,761.0,82.0,0.0,757.0,81.0,0.0,749.0,81.0,0.0,761.0,82.0,,,,24,,Fábio,Soares Silva,Fábio Silva,has joined Borussia Dortmund permanently.,,0,0,0,0,0,0,0,0,0,0,0,0,0,,,,0.0,0.0,0.0,0.0,0.0,0,0,0
656,u,0.0,0.0,4.9,322,58.0,0,0.0,-1,1.0,0.0,582,78.0,1,0,1.0,472.0,56.0,0,1,0.0,723.0,72.0,0.0,0.2,0.0,1691,0,10063,3,0.0,0.0,0.0,0.01,0.01,0.1,0.0,0.06,0.06,0.64,1.0,481.0,58.0,4.3,431.0,55.0,2.0,435.0,58.0,0.7,469.0,58.0,,,,24,,Saša,Kalajdžić,Kalajdžić,has joined LASK on loan for the rest of the season.,,14,0,0,0,0,0,0,0,0,0,0,0,2,,,,0.0,0.0,0.0,0.0,12.86,0,1,1
657,i,0.0,0.0,4.4,556,80.0,0,0.0,-1,1.0,0.0,648,81.0,0,0,0.0,670.0,71.0,0,0,0.0,612.0,61.0,0.0,0.0,0.0,4455,7,6841,10,0.0,0.0,0.0,0.0,0.0,0.0,0.0,0.0,0.0,0.0,0.0,664.0,71.0,0.0,660.0,70.0,0.0,636.0,70.0,0.0,666.0,71.0,,,,24,,Leon,Chiwome,Chiwome,Knee injury - Unknown return date,,0,0,0,0,0,0,0,0,0,0,0,0,0,,,,0.0,0.0,0.0,0.0,0.0,0,0,0
753,a,,,4.0,650,39.0,0,0.0,0,0.0,0.0,699,80.0,0,0,0.0,555.0,59.0,0,0,0.0,474.0,53.0,0.0,0.0,0.0,1234,7,694,5,0.0,-0.5,0.0,0.0,0.0,0.0,0.0,0.0,0.0,0.0,0.0,546.0,59.0,0.0,537.0,46.0,0.0,503.0,31.0,0.0,548.0,59.0,,,,24,,John,Ruddy,Ruddy,,,0,0,0,0,0,0,0,0,0,0,0,0,0,,,,0.0,0.0,0.0,0.0,0.0,0,0,0
650,a,100.0,100.0,4.3,594,346.0,0,0.0,-2,2.0,0.2,356,119.0,2,0,1.0,445.0,196.0,0,4,0.2,371.0,165.0,0.0,0.5,0.0,30735,45,45781,41,0.2,0.2,0.0,0.0,0.0,0.5,0.0,0.0,0.0,1.8,3.2,463.0,213.0,0.3,464.0,226.0,0.0,592.0,221.0,0.4,475.0,219.0,,,,24,,Tawanda,Chirewa,Chirewa,,,25,0,0,0,0,0,0,0,0,0,0,0,4,,,,0.0,0.0,0.0,0.0,14.4,2,1,1
651,a,,,4.3,612,357.0,0,0.0,-2,2.0,0.4,292,98.0,0,0,0.0,643.0,246.0,0,0,0.0,579.0,205.0,0.0,0.0,0.0,51815,47,61094,78,0.0,0.0,0.0,0.0,0.0,0.0,0.0,0.0,0.0,0.0,0.0,634.0,237.0,0.0,631.0,242.0,0.0,605.0,231.0,0.0,636.0,239.0,,,,24,,Tom,Edozie,Edozie,,,0,0,0,0,0,0,0,0,0,0,0,0,0,,,,0.0,0.0,0.0,0.0,0.0,0,0,0
652,a,,,4.3,611,356.0,0,0.0,-2,2.0,1.3,168,58.0,0,0,0.0,642.0,245.0,0,0,0.0,578.0,204.0,0.0,0.0,0.0,183045,259,226043,314,0.0,0.0,0.0,0.0,0.0,0.0,0.0,0.0,0.0,0.0,0.0,633.0,236.0,0.0,630.0,241.0,0.0,604.0,230.0,0.0,635.0,238.0,,,,24,,Enso,González Medina,Gonzalez,,,0,0,0,0,0,0,0,0,0,0,0,0,0,,,,0.0,0.0,0.0,0.0,0.0,0,0,0
653,u,0.0,0.0,4.5,421,252.0,0,0.0,0,0.0,0.0,652,266.0,0,0,0.0,683.0,268.0,0,0,0.0,628.0,230.0,0.0,0.0,0.0,0,0,5661,3,0.0,0.0,0.0,0.0,0.0,0.0,0.0,0.0,0.0,0.0,0.0,678.0,263.0,0.0,674.0,266.0,0.0,652.0,257.0,0.0,680.0,265.0,,,,24,,Joe,Hodge,Hodge,Signed by CD Tondela,,0,0,0,0,0,0,0,0,0,0,0,0,0,,,,0.0,0.0,0.0,0.0,0.0,0,0,0
658,a,,,4.2,639,88.0,0,0.0,-3,3.0,1.8,141,22.0,0,0,0.0,623.0,60.0,0,0,0.0,551.0,49.0,0.0,0.0,0.0,224325,1029,324275,614,0.0,0.0,0.0,0.0,0.0,0.0,0.0,0.0,0.0,0.0,0.0,615.0,60.0,0.0,610.0,59.0,0.0,580.0,59.0,0.0,617.0,60.0,,,,24,,Nathan,Fraser,Fraser,,,0,0,0,0,0,0,0,0,0,0,0,0,0,,,,0.0,0.0,0.0,0.0,0.0,0,0,0
