id,first_name,second_name,web_name,status,news,news_added,now_cost,now_cost_rank,now_cost_rank_type,selected_by_percent,selected_rank,selected_rank_type,form,form_rank,form_rank_type,event_points,cost_change_event,cost_change_event_fall,cost_change_start,cost_change_start_fall,transfers_in_event,transfers_out_event,value_form,value_season,ep_next,ep_this,points_per_game,points_per_game_rank,points_per_game_rank_type,chance_of_playing_next_round,chance_of_playing_this_round,influence_rank,influence_rank_type,creativity_rank,creativity_rank_type,threat_rank,threat_rank_type,ict_index_rank,ict_index_rank_type,corners_and_indirect_freekicks_order,direct_freekicks_order,penalties_order,set_piece_threat,corners_and_indirect_freekicks_text,direct_freekicks_text,penalties_text,expected_goals_per_90,expected_assists_per_90,expected_goal_involvements_per_90,expected_goals_conceded_per_90,saves_per_90,clean_sheets_per_90,goals_conceded_per_90,starts_per_90,defensive_contribution_per_90,gw,total_points,minutes,goals_scored,assists,clean_sheets,goals_conceded,own_goals,penalties_saved,penalties_missed,yellow_cards,red_cards,saves,starts,bonus,bps,transfers_in,transfers_out,dreamteam_count,expected_goals,expected_assists,expected_goal_involvements,expected_goals_conceded,influence,creativity,threat,ict_index,tackles,clearances_blocks_interceptions,recoveries,defensive_contribution
2,Kepa,Arrizabalaga Revuelta,Arrizabalaga,a,,,4.1,649,38.0,0.4,274,36.0,0.0,545.0,77.0,0,0,0.0,-4,4.0,113,195,0.0,0.0,1.0,1.0,0.0,619.0,83.0,,,610.0,83.0,603.0,72.0,571.0,57.0,612.0,83.0,,,,,,,,0.0,0.0,0.0,0.0,0.0,0.0,0.0,0.0,0.0,24,0.0,0.0,0.0,0.0,0.0,0.0,0.0,0.0,0.0,0.0,0.0,0.0,0.0,0.0,0.0,116.0,199.0,0.0,0.0,0.0,0.0,0.0,0.0,0.0,0.0,0.0,0.0,0.0,0.0,0.0
40,Tyrone,Mings,Mings,a,,,4.3,573,125.0,0.6,244,92.0,0.2,381.0,145.0,0,0,0.0,-2,2.0,450,170,0.0,5.8,0.2,0.2,3.1,166.0,65.0,100.0,100.0,297.0,113.0,330.0,113.0,346.0,114.0,351.0,122.0,,,,,,,,0.06,0.02,0.08,1.57,0.0,0.35,1.05,1.05,7.73,24,0.0,0.0,0.0,0.0,0.0,0.0,0.0,0.0,0.0,0.0,0.0,0.0,0.0,0.0,0.0,484.0,179.0,0.0,0.0,0.0,0.0,0.0,0.0,0.0,0.0,0.0,0.0,0.0,0.0,0.0
193,Bashir,Humphreys,Humphreys,a,,,3.9,751,217.0,0.1,434,162.0,2.6,143.0,46.0,0,0,0.0,-1,1.0,282,162,0.7,5.9,2.6,2.6,3.3,135.0,49.0,100.0,100.0,286.0,110.0,379.0,136.0,349.0,116.0,358.0,125.0,,,,,,,,0.03,0.02,0.05,2.05,0.0,0.17,1.71,0.85,9.22,24,0.0,0.0,0.0,0.0,0.0,0.0,0.0,0.0,0.0,0.0,0.0,0.0,0.0,0.0,0.0,306.0,209.0,0.0,0.0,0.0,0.0,0.0,0.0,0.0,0.0,0.0,0.0,0.0,0.0,0.0
664,Benjamin,Lecomte,Lecomte,a,,,3.9,735,71.0,0.7,210,27.0,0.0,449.0,33.0,0,0,0.0,-1,1.0,203,321,0.0,0.0,0.0,0.0,0.0,527.0,39.0,,,517.0,39.0,507.0,25.0,472.0,10.0,519.0,39.0,,,,,,,,0.0,0.0,0.0,0.0,0.0,0.0,0.0,0.0,0.0,24,0.0,0.0,0.0,0.0,0.0,0.0,0.0,0.0,0.0,0.0,0.0,0.0,0.0,0.0,0.0,217.0,348.0,0.0,0.0,0.0,0.0,0.0,0.0,0.0,0.0,0.0,0.0,0.0,0.0,0.0
339,Illan,Meslier,Meslier,a,,,4.2,633,35.0,0.3,298,39.0,0.0,550.0,80.0,0,0,0.0,-3,3.0,71,129,0.0,0.0,0.0,-1.0,0.0,622.0,86.0,,,614.0,86.0,607.0,76.0,577.0,62.0,616.0,86.0,,,,,,,,0.0,0.0,0.0,0.0,0.0,0.0,0.0,0.0,0.0,24,0.0,0.0,0.0,0.0,0.0,0.0,0.0,0.0,0.0,0.0,0.0,0.0,0.0,0.0,0.0,73.0,139.0,0.0,0.0,0.0,0.0,0.0,0.0,0.0,0.0,0.0,0.0,0.0,0.0,0.0
41,Pau,Torres,Pau,a,,,4.3,582,131.0,0.3,309,115.0,2.0,185.0,65.0,2,0,0.0,-2,2.0,557,205,0.5,11.4,2.0,2.0,3.3,137.0,51.0,100.0,100.0,202.0,79.0,349.0,122.0,297.0,95.0,285.0,95.0,,,,,,,,0.04,0.02,0.06,1.28,0.0,0.3,0.97,0.97,6.49,24,2.0,90.0,0.0,0.0,0.0,1.0,0.0,0.0,0.0,0.0,0.0,0.0,1.0,0.0,15.0,632.0,230.0,0.0,0.15999999999999998,0.06,0.22000000000000008,0.43000000000000327,9.600000000000023,6.4999999999999964,9.0,2.5,0.0,3.0,3.0,3.0
42,Andrés,García,A.García,i,Hamstring injury - Expected back 21 Feb,,3.9,774,228.0,0.2,359,131.0,0.2,376.0,142.0,0,0,0.0,-1,1.0,7,314,0.1,0.3,0.0,0.0,0.5,497.0,173.0,0.0,0.0,485.0,173.0,445.0,162.0,502.0,197.0,487.0,173.0,,,,,,,,0.0,0.03,0.03,4.56,0.0,0.0,6.0,0.0,0.0,24,0.0,0.0,0.0,0.0,0.0,0.0,0.0,0.0,0.0,0.0,0.0,0.0,0.0,0.0,0.0,7.0,335.0,0.0,0.0,0.0,0.0,0.0,0.0,0.0,0.0,0.0,0.0,0.0,0.0,0.0
43,Álex,Moreno Lopera,Alex Moreno,u,Has joined Girona permanently.,,4.0,656,159.0,1.7,145,57.0,0.0,484.0,189.0,0,0,0.0,0,0.0,0,466,0.0,0.0,0.0,0.0,0.0,561.0,206.0,0.0,0.0,551.0,205.0,542.0,205.0,508.0,199.0,553.0,205.0,,,,,,,,0.0,0.0,0.0,0.0,0.0,0.0,0.0,0.0,0.0,24,0.0,0.0,0.0,0.0,0.0,0.0,0.0,0.0,0.0,0.0,0.0,0.0,0.0,0.0,0.0,0.0,517.0,0.0,0.0,0.0,0.0,0.0,0.0,0.0,0.0,0.0,0.0,0.0,0.0,0.0
429,Kalvin,Phillips,Phillips,a,,,4.7,378,236.0,0.1,539,192.0,0.0,702.0,291.0,0,0,0.0,-3,3.0,29,37,0.0,0.0,0.0,0.5,0.0,746.0,319.0,,,746.0,319.0,741.0,319.0,727.0,315.0,746.0,319.0,,,,,,,,0.0,0.0,0.0,0.0,0.0,0.0,0.0,0.0,0.0,24,0.0,0.0,0.0,0.0,0.0,0.0,0.0,0.0,0.0,0.0,0.0,0.0,0.0,0.0,0.0,31.0,38.0,0.0,0.0,0.0,0.0,0.0,0.0,0.0,0.0,0.0,0.0,0.0,0.0,0.0
463,Sékou,Koné,Kone,a,,,4.3,618,362.0,0.1,487,170.0,0.0,587.0,210.0,0,0,0.0,-2,2.0,74,57,0.0,0.0,0.0,0.0,0.0,647.0,248.0,,,638.0,239.0,635.0,244.0,609.0,233.0,640.0,241.0,,,,,,,,0.0,0.0,0.0,0.0,0.0,0.0,0.0,0.0,0.0,24,0.0,0.0,0.0,0.0,0.0,0.0,0.0,0.0,0.0,0.0,0.0,0.0,0.0,0.0,0.0,75.0,58.0,0.0,0.0,0.0,0.0,0.0,0.0,0.0,0.0,0.0,0.0,0.0,0.0,0.0
467,Chido,Obi,Obi,a,,,4.2,645,89.0,1.7,143,23.0,0.0,559.0,51.0,0,0,0.0,-3,3.0,847,2584,0.0,0.0,0.0,0.0,0.0,625.0,62.0,,,617.0,62.0,612.0,61.0,583.0,61.0,619.0,62.0,,,,,,,,0.0,0.0,0.0,0.0,0.0,0.0,0.0,0.0,0.0,24,0.0,0.0,0.0,0.0,0.0,0.0,0.0,0.0,0.0,0.0,0.0,0.0,0.0,0.0,0.0,936.0,2803.0,0.0,0.0,0.0,0.0,0.0,0.0,0.0,0.0,0.0,0.0,0.0,0.0,0.0
479,Emil,Krafth,Krafth,i,Knee injury - Unknown return date,,4.3,571,123.0,0.0,618,221.0,0.0,564.0,238.0,0,0,0.0,-2,2.0,5,14,0.0,0.0,0.0,0.0,0.0,628.0,246.0,0.0,0.0,475.0,171.0,449.0,163.0,587.0,244.0,481.0,171.0,,,,,,,,0.0,0.0,0.0,0.5,0.0,0.0,4.0,2.0,2.0,24,0.0,0.0,0.0,0.0,0.0,0.0,0.0,0.0,0.0,0.0,0.0,0.0,0.0,0.0,0.0,5.0,16.0,0.0,0.0,0.0,0.0,0.0,0.0,0.0,0.0,0.0,0.0,0.0,0.0,0.0
528,Anthony,Patterson,Patterson,a,,,4.2,631,34.0,0.2,380,55.0,0.0,549.0,79.0,0,0,0.0,-3,3.0,41,78,0.0,0.0,-1.0,0.0,0.0,621.0,85.0,,,613.0,85.0,606.0,75.0,576.0,61.0,615.0,85.0,,,,,,,,0.0,0.0,0.0,0.0,0.0,0.0,0.0,0.0,0.0,24,0.0,0.0,0.0,0.0,0.0,0.0,0.0,0.0,0.0,0.0,0.0,0.0,0.0,0.0,0.0,45.0,82.0,0.0,0.0,0.0,0.0,0.0,0.0,0.0,0.0,0.0,0.0,0.0,0.0,0.0
564,Nazarii,Rusyn,Rusyn,u,has joined Arka on loan for the rest of the season.,,4.4,534,75.0,0.1,500,71.0,0.0,599.0,57.0,0,0,0.0,-1,1.0,0,18,0.0,0.0,0.0,0.0,0.0,655.0,67.0,0.0,0.0,646.0,67.0,643.0,66.0,618.0,66.0,648.0,67.0,,,,,,,,0.0,0.0,0.0,0.0,0.0,0.0,0.0,0.0,0.0,24,0.0,0.0,0.0,0.0,0.0,0.0,0.0,0.0,0.0,0.0,0.0,0.0,0.0,0.0,0.0,0.0,18.0,0.0,0.0,0.0,0.0,0.0,0.0,0.0,0.0,0.0,0.0,0.0,0.0,0.0
599,Dane,Scarlett,Scarlett,a,,,4.3,591,82.0,0.6,232,36.0,0.4,344.0,42.0,0,0,0.0,-2,2.0,599,457,0.1,0.5,0.4,-0.1,1.0,447.0,55.0,,,483.0,58.0,434.0,57.0,429.0,58.0,469.0,58.0,,,,,,,,0.0,0.13,0.13,0.39,0.0,0.0,0.0,0.0,12.86,24,0.0,0.0,0.0,0.0,0.0,0.0,0.0,0.0,0.0,0.0,0.0,0.0,0.0,0.0,0.0,691.0,485.0,0.0,0.0,0.0,0.0,0.0,0.0,0.0,0.0,0.0,0.0,0.0,0.0,0.0
778,Ethan,Sutherland,Sutherland,a,,,4.5,483,296.0,0.0,746,319.0,0.0,676.0,270.0,0,0,0.0,0,0.0,13,21,0.0,0.0,0.0,0.0,0.0,722.0,300.0,,,721.0,299.0,716.0,299.0,699.0,294.0,721.0,299.0,,,,,,,,0.0,0.0,0.0,0.0,0.0,0.0,0.0,0.0,0.0,24,0.0,0.0,0.0,0.0,0.0,0.0,0.0,0.0,0.0,0.0,0.0,0.0,0.0,0.0,0.0,19.0,23.0,0.0,0.0,0.0,0.0,0.0,0.0,0.0,0.0,0.0,0.0,0.0,0.0,0.0
809,Jerome,Abbey,Abbey,a,,,4.5,511,317.0,0.0,807,361.0,0.0,699.0,289.0,0,0,0.0,0,0.0,55,4,0.0,0.0,1.3,1.3,0.0,743.0,317.0,,,743.0,317.0,738.0,317.0,722.0,313.0,743.0,317.0,,,,,,,,0.0,0.0,0.0,0.0,0.0,0.0,0.0,0.0,0.0,24,0.0,0.0,0.0,0.0,0.0,0.0,0.0,0.0,0.0,0.0,0.0,0.0,0.0,0.0,0.0,55.0,4.0,0.0,0.0,0.0,0.0,0.0,0.0,0.0,0.0,0.0,0.0,0.0,0.0,0.0
63,Kadan,Young,Young,a,,,4.3,605,351.0,0.6,226,78.0,0.0,575.0,200.0,0,0,0.0,-2,2.0,1237,681,0.0,0.0,0.0,0.0,0.0,638.0,240.0,,,629.0,231.0,626.0,236.0,599.0,224.0,631.0,233.0,,,,,,,,0.0,0.0,0.0,0.0,0.0,0.0,0.0,0.0,0.0,24,0.0,0.0,0.0,0.0,0.0,0.0,0.0,0.0,0.0,0.0,0.0,0.0,0.0,0.0,0.0,1358.0,753.0,0.0,0.0,0.0,0.0,0.0,0.0,0.0,0.0,0.0,0.0,0.0,0.0,0.0
202,Jacob,Bruun Larsen,Bruun Larsen,a,,,5.3,188,116.0,0.0,621,242.0,0.2,411.0,190.0,0,0,0.0,-2,2.0,22,20,0.0,5.8,0.2,0.2,1.7,369.0,163.0,100.0,100.0,318.0,142.0,148.0,102.0,188.0,108.0,253.0,124.0,3.0,1.0,3.0,,,,,0.12,0.11,0.23,2.11,0.0,0.32,2.43,0.95,5.7,24,0.0,0.0,0.0,0.0,0.0,0.0,0.0,0.0,0.0,0.0,0.0,0.0,0.0,0.0,0.0,24.0,24.0,0.0,0.0,0.0,0.0,0.0,0.0,0.0,0.0,0.0,0.0,0.0,0.0,0.0
203,Enock,Agyei,Boateng,a,,,4.7,391,244.0,0.0,593,223.0,0.0,706.0,293.0,0,0,0.0,-3,3.0,49,37,0.0,0.0,0.0,0.0,0.0,748.0,320.0,,,748.0,320.0,743.0,320.0,730.0,316.0,748.0,320.0,,,,,,,,0.0,0.0,0.0,0.0,0.0,0.0,0.0,0.0,0.0,24,0.0,0.0,0.0,0.0,0.0,0.0,0.0,0.0,0.0,0.0,0.0,0.0,0.0,0.0,0.0,49.0,38.0,0.0,0.0,0.0,0.0,0.0,0.0,0.0,0.0,0.0,0.0,0.0,0.0,0.0
204,Darko,Churlinov,Churlinov,u,has joined Kocaelispor  permanently.,,4.9,321,198.0,0.0,708,299.0,0.0,726.0,306.0,0,0,0.0,-1,1.0,0,1,0.0,0.0,0.0,0.0,0.0,759.0,327.0,0.0,0.0,759.0,327.0,755.0,327.0,747.0,325.0,759.0,327.0,,,,,,,,0.0,0.0,0.0,0.0,0.0,0.0,0.0,0.0,0.0,24,0.0,0.0,0.0,0.0,0.0,0.0,0.0,0.0,0.0,0.0,0.0,0.0,0.0,0.0,0.0,0.0,1.0,0.0,0.0,0.0,0.0,0.0,0.0,0.0,0.0,0.0,0.0,0.0,0.0,0.0
76,Owen,Bevan,Bevan,a,,,3.8,795,248.0,0.2,388,142.0,0.0,434.0,169.0,0,0,0.0,-2,2.0,162,117,0.0,0.0,0.0,0.0,0.0,514.0,189.0,,,504.0,188.0,491.0,186.0,455.0,178.0,506.0,188.0,,,,,,,,0.0,0.0,0.0,0.0,0.0,0.0,0.0,0.0,0.0,24,0.0,0.0,0.0,0.0,0.0,0.0,0.0,0.0,0.0,0.0,0.0,0.0,0.0,0.0,0.0,173.0,120.0,0.0,0.0,0.0,0.0,0.0,0.0,0.0,0.0,0.0,0.0,0.0,0.0,0.0
255,Remi,Matthews,Matthews,a,,,3.9,740,75.0,0.1,466,71.0,0.0,454.0,37.0,0,0,0.0,-1,1.0,27,36,0.0,0.0,0.0,0.0,0.0,531.0,43.0,,,521.0,43.0,511.0,29.0,476.0,14.0,523.0,43.0,,,,,,,,0.0,0.0,0.0,0.0,0.0,0.0,0.0,0.0,0.0,24,0.0,0.0,0.0,0.0,0.0,0.0,0.0,0.0,0.0,0.0,0.0,0.0,0.0,0.0,0.0,29.0,40.0,0.0,0.0,0.0,0.0,0.0,0.0,0.0,0.0,0.0,0.0,0.0,0.0,0.0
256,Daniel,Muñoz Mejía,Muñoz,a,,,5.8,108,9.0,6.5,57,19.0,0.6,332.0,122.0,2,0,0.0,3,-3.0,13943,3705,0.1,15.9,0.6,0.6,5.8,6.0,2.0,100.0,100.0,99.0,44.0,139.0,34.0,76.0,4.0,94.0,25.0,,,,,,,,0.12,0.14,0.26,1.23,0.0,0.44,0.95,1.01,7.01,24,2.0,90.0,0.0,0.0,0.0,1.0,0.0,0.0,0.0,0.0,0.0,0.0,1.0,0.0,14.0,16984.0,4445.0,0.0,0.050000000000000044,0.26000000000000023,0.3099999999999996,0.48999999999999844,20.399999999999977,53.30000000000001,9.0,8.299999999999997,2.0,2.0,4.0,4.0
257,Maxence,Lacroix,Lacroix,a,,,5.1,233,33.0,5.7,67,21.0,3.0,117.0,40.0,2,0,0.0,1,-1.0,9566,10185,0.6,20.0,3.0,3.0,4.2,54.0,22.0,,,24.0,8.0,266.0,81.0,157.0,33.0,106.0,34.0,,,,,,,,0.06,0.03,0.09,1.35,0.0,0.33,1.21,1.0,10.42,24,2.0,90.0,0.0,0.0,0.0,1.0,0.0,0.0,0.0,0.0,0.0,0.0,1.0,0.0,4.0,10212.0,11117.0,0.0,0.050000000000000044,0.040000000000000036,0.09000000000000008,0.48999999999999844,16.200000000000045,3.9000000000000057,6.0,2.5999999999999943,1.0,7.0,1.0,8.0
317,Joachim,Andersen,Andersen,a,,,4.6,394,67.0,5.1,74,25.0,3.0,114.0,39.0,0,0,0.0,1,-1.0,4284,3833,0.7,18.7,3.0,3.0,3.7,98.0,34.0,100.0,100.0,17.0,6.0,230.0,64.0,195.0,45.0,95.0,26.0,,,,,,,,0.05,0.07,0.12,1.35,0.0,0.22,1.43,1.02,10.47,24,0.0,90.0,0.0,0.0,0.0,3.0,0.0,0.0,0.0,1.0,0.0,0.0,1.0,0.0,302.0,5293.0,6002.0,0.0,0.44999999999999996,0.09000000000000008,0.54,1.7399999999999984,13.799999999999955,10.5,39.0,6.299999999999997,0.0,2.0,2.0,2.0
323,Samuel,Amissah,Amissah,a,,,3.8,807,259.0,0.1,421,157.0,0.0,442.0,176.0,0,0,0.0,-2,2.0,43,64,0.0,0.0,0.0,0.0,0.0,520.0,194.0,,,510.0,193.0,499.0,193.0,464.0,186.0,512.0,193.0,,,,,,,,0.0,0.0,0.0,0.0,0.0,0.0,0.0,0.0,0.0,24,0.0,0.0,0.0,0.0,0.0,0.0,0.0,0.0,0.0,0.0,0.0,0.0,0.0,0.0,0.0,45.0,66.0,0.0,0.0,0.0,0.0,0.0,0.0,0.0,0.0,0.0,0.0,0.0,0.0,0.0
172,Tom,Watson,Watson,a,,,4.8,372,233.0,0.0,627,247.0,0.2,402.0,184.0,0,0,0.0,-2,2.0,16,26,0.0,1.0,0.2,0.2,0.8,495.0,232.0,100.0,100.0,456.0,207.0,442.0,212.0,405.0,197.0,460.0,210.0,,,,,,,,0.06,0.05,0.11,2.72,0.0,0.0,3.16,0.0,7.89,24,0.0,0.0,0.0,0.0,0.0,0.0,0.0,0.0,0.0,0.0,0.0,0.0,0.0,0.0,0.0,17.0,26.0,0.0,0.0,0.0,0.0,0.0,0.0,0.0,0.0,0.0,0.0,0.0,0.0,0.0
173,Mats,Wieffer,Wieffer,i,Toe Injury - Unknown return date,,4.9,332,205.0,0.1,427,142.0,0.0,734.0,312.0,0,0,0.0,-1,1.0,2,297,0.0,11.8,0.0,0.0,3.6,106.0,51.0,0.0,0.0,148.0,52.0,104.0,76.0,175.0,99.0,133.0,72.0,,,,,,,,0.09,0.11,0.2,1.25,0.0,0.23,1.3,0.99,14.05,24,0.0,0.0,0.0,0.0,0.0,0.0,0.0,0.0,0.0,0.0,0.0,0.0,0.0,0.0,0.0,2.0,377.0,0.0,0.0,0.0,0.0,0.0,0.0,0.0,0.0,0.0,0.0,0.0,0.0,0.0
557,Harrison,Jones,H.Jones,a,,,4.3,607,353.0,0.1,540,193.0,0.0,577.0,202.0,0,0,0.0,-2,2.0,51,39,0.0,0.0,-1.0,0.0,0.0,639.0,241.0,,,630.0,232.0,627.0,237.0,600.0,225.0,632.0,234.0,,,,,,,,0.0,0.0,0.0,0.0,0.0,0.0,0.0,0.0,0.0,24,0.0,0.0,0.0,0.0,0.0,0.0,0.0,0.0,0.0,0.0,0.0,0.0,0.0,0.0,0.0,56.0,43.0,0.0,0.0,0.0,0.0,0.0,0.0,0.0,0.0,0.0,0.0,0.0,0.0,0.0
595,Callum,Olusesi,Olusesi,a,,,4.3,598,349.0,0.2,368,123.0,0.0,571.0,198.0,0,0,0.0,-2,2.0,171,119,0.0,0.0,0.0,-0.5,0.0,634.0,238.0,,,625.0,229.0,621.0,234.0,594.0,222.0,627.0,231.0,,,,,,,,0.0,0.0,0.0,0.0,0.0,0.0,0.0,0.0,0.0,24,0.0,0.0,0.0,0.0,0.0,0.0,0.0,0.0,0.0,0.0,0.0,0.0,0.0,0.0,0.0,178.0,127.0,0.0,0.0,0.0,0.0,0.0,0.0,0.0,0.0,0.0,0.0,0.0,0.0,0.0
767,Luke,Rawlings,Rawlings,a,,,4.5,491,302.0,0.0,764,330.0,0.0,684.0,276.0,0,0,0.0,0,0.0,13,15,0.0,0.0,0.0,0.0,0.0,730.0,306.0,,,729.0,305.0,724.0,305.0,707.0,300.0,729.0,305.0,,,,,,,,0.0,0.0,0.0,0.0,0.0,0.0,0.0,0.0,0.0,24,0.0,0.0,0.0,0.0,0.0,0.0,0.0,0.0,0.0,0.0,0.0,0.0,0.0,0.0,0.0,15.0,16.0,0.0,0.0,0.0,0.0,0.0,0.0,0.0,0.0,0.0,0.0,0.0,0.0,0.0
777,Temple,Ojinnaka,Ojinnaka,a,,,4.5,451,270.0,0.0,777,339.0,0.0,651.0,250.0,0,0,0.0,0,0.0,5,11,0.0,0.0,0.0,0.0,0.0,700.0,283.0,,,696.0,279.0,693.0,281.0,673.0,273.0,697.0,280.0,,,,,,,,0.0,0.0,0.0,0.0,0.0,0.0,0.0,0.0,0.0,24,0.0,0.0,0.0,0.0,0.0,0.0,0.0,0.0,0.0,0.0,0.0,0.0,0.0,0.0,0.0,7.0,12.0,0.0,0.0,0.0,0.0,0.0,0.0,0.0,0.0,0.0,0.0,0.0,0.0,0.0
116,Aaron,Hickey,Hickey,a,,,4.0,680,171.0,0.5,261,98.0,1.2,262.0,94.0,1,0,0.0,0,0.0,377,483,0.3,7.8,1.2,1.2,1.9,335.0,123.0,100.0,100.0,361.0,137.0,392.0,144.0,311.0,100.0,379.0,135.0,,,,,,,,0.07,0.03,0.1,0.97,0.0,0.33,1.16,0.99,6.13,24,1.0,6.0,0.0,0.0,0.0,0.0,0.0,0.0,0.0,0.0,0.0,0.0,0.0,0.0,6.0,414.0,551.0,0.0,0.0,0.0,0.0,0.5300000000000002,15.200000000000003,0.0,0.0,1.5,1.0,4.0,1.0,5.0
165,Abdallah,Sima,Sima,u,has joined Lens permanently.,,5.4,181,113.0,0.0,718,303.0,0.0,785.0,348.0,0,0,0.0,-1,1.0,0,2,0.0,0.0,0.0,0.0,0.0,794.0,353.0,0.0,0.0,794.0,353.0,793.0,353.0,789.0,352.0,794.0,353.0,,,,,,,,0.0,0.0,0.0,0.0,0.0,0.0,0.0,0.0,0.0,24,0.0,0.0,0.0,0.0,0.0,0.0,0.0,0.0,0.0,0.0,0.0,0.0,0.0,0.0,0.0,0.0,2.0,0.0,0.0,0.0,0.0,0.0,0.0,0.0,0.0,0.0,0.0,0.0,0.0,0.0
396,Trey,Nyoni,Nyoni,a,,,4.3,612,357.0,0.3,302,102.0,0.0,582.0,206.0,0,0,0.0,-2,2.0,68,355,0.0,0.5,0.0,0.5,1.0,451.0,198.0,,,470.0,217.0,407.0,202.0,604.0,229.0,465.0,215.0,,,,,,,,0.0,0.0,0.0,0.0,0.0,0.0,0.0,0.0,0.0,24,0.0,0.0,0.0,0.0,0.0,0.0,0.0,0.0,0.0,0.0,0.0,0.0,0.0,0.0,0.0,76.0,391.0,0.0,0.0,0.0,0.0,0.0,0.0,0.0,0.0,0.0,0.0,0.0,0.0,0.0
715,John Victor,Maciel Furtado,John,i,Knee injury - Expected back 01 Jun,,4.0,665,46.0,0.4,279,37.0,0.2,378.0,25.0,0,0,0.0,0,0.0,21,491,0.0,2.8,0.0,0.0,2.2,292.0,24.0,0.0,0.0,385.0,29.0,549.0,53.0,516.0,38.0,426.0,29.0,,,,,,,,0.0,0.0,0.0,1.26,1.24,0.21,1.65,1.03,0.0,24,0.0,0.0,0.0,0.0,0.0,0.0,0.0,0.0,0.0,0.0,0.0,0.0,0.0,0.0,0.0,24.0,545.0,0.0,0.0,0.0,0.0,0.0,0.0,0.0,0.0,0.0,0.0,0.0,0.0,0.0
716,Nicolò,Savona,Savona,i,Knee injury - Unknown return date,,4.5,449,91.0,0.1,482,173.0,0.2,389.0,147.0,0,0,0.0,0,0.0,0,630,0.0,8.7,0.0,0.0,2.8,216.0,84.0,0.0,0.0,209.0,83.0,199.0,49.0,228.0,61.0,236.0,81.0,,,,,,,,0.12,0.04,0.16,1.32,0.0,0.26,1.58,0.97,5.0,24,0.0,0.0,0.0,0.0,0.0,0.0,0.0,0.0,0.0,0.0,0.0,0.0,0.0,0.0,0.0,0.0,732.0,0.0,0.0,0.0,0.0,0.0,0.0,0.0,0.0,0.0,0.0,0.0,0.0,0.0
729,Luis Eduardo,Soares da Silva,Cuiabano,a,,,4.5,470,93.0,0.0,800,263.0,0.0,665.0,251.0,0,0,0.0,0,0.0,16,0,0.0,0.0,0.0,0.0,0.0,712.0,255.0,100.0,100.0,710.0,255.0,706.0,255.0,688.0,254.0,711.0,255.0,,,,,,,,0.0,0.0,0.0,0.0,0.0,0.0,0.0,0.0,0.0,24,0.0,0.0,0.0,0.0,0.0,0.0,0.0,0.0,0.0,0.0,0.0,0.0,0.0,0.0,0.0,16.0,0.0,0.0,0.0,0.0,0.0,0.0,0.0,0.0,0.0,0.0,0.0,0.0,0.0,0.0
649,Boubacar,Traoré,B.Traore,u,Has joined FC Metz on loan for the rest of the season.,,5.0,262,159.0,0.0,801,356.0,0.0,748.0,323.0,0,0,0.0,0,0.0,0,0,0.0,0.0,0.0,0.0,0.0,774.0,339.0,0.0,0.0,774.0,339.0,772.0,339.0,765.0,337.0,774.0,339.0,,,,,,,,0.0,0.0,0.0,0.0,0.0,0.0,0.0,0.0,0.0,24,0.0,0.0,0.0,0.0,0.0,0.0,0.0,0.0,0.0,0.0,0.0,0.0,0.0,0.0,0.0,0.0,0.0,0.0,0.0,0.0,0.0,0.0,0.0,0.0,0.0,0.0,0.0,0.0,0.0,0.0
663,Jhon,Arias,J.Arias,a,,,4.9,317,196.0,0.2,407,137.0,2.6,151.0,68.0,1,0,0.0,-6,6.0,32,107,0.5,9.2,2.6,2.6,2.0,325.0,145.0,,,257.0,110.0,127.0,90.0,152.0,87.0,197.0,101.0,1.0,1.0,,,,,,0.27,0.05,0.32,1.29,0.0,0.16,1.69,1.13,10.07,24,1.0,10.0,0.0,0.0,0.0,1.0,0.0,0.0,0.0,0.0,0.0,0.0,0.0,0.0,3.0,51.0,125.0,0.0,0.0,0.010000000000000009,0.009999999999999787,0.8499999999999996,1.0,0.30000000000001137,2.0,0.30000000000000426,1.0,0.0,1.0,2.0
682,David,Møller Wolfe,Møller Wolfe,a,,,4.3,597,139.0,0.1,543,197.0,0.4,345.0,130.0,1,0,0.0,-2,2.0,14,27,0.1,4.9,0.4,0.4,1.4,406.0,147.0,,,310.0,118.0,217.0,56.0,308.0,98.0,315.0,107.0,,,,,,,,0.02,0.13,0.15,1.8,0.0,0.0,2.43,1.02,4.09,24,1.0,1.0,0.0,0.0,0.0,1.0,0.0,0.0,0.0,0.0,0.0,0.0,0.0,0.0,0.0,19.0,28.0,0.0,0.0,0.020000000000000018,0.020000000000000018,0.7899999999999991,2.0,4.299999999999997,0.0,0.5999999999999979,0.0,0.0,0.0,0.0
355,Sam,Greenwood,Greenwood,u,has joined Pogon Szczecin permanently.,,4.9,319,197.0,0.0,628,248.0,0.0,725.0,305.0,0,0,0.0,-1,1.0,0,5,0.0,0.0,0.0,0.0,0.0,758.0,326.0,0.0,0.0,758.0,326.0,754.0,326.0,746.0,324.0,758.0,326.0,,,,,,,,0.0,0.0,0.0,0.0,0.0,0.0,0.0,0.0,0.0,24,0.0,0.0,0.0,0.0,0.0,0.0,0.0,0.0,0.0,0.0,0.0,0.0,0.0,0.0,0.0,0.0,6.0,0.0,0.0,0.0,0.0,0.0,0.0,0.0,0.0,0.0,0.0,0.0,0.0,0.0
430,Erling,Haaland,Haaland,a,,,15.0,1,1.0,71.3,1,1.0,3.2,109.0,16.0,5,0,0.0,10,-10.0,4365,57609,0.2,11.4,3.2,3.7,7.1,2.0,1.0,100.0,100.0,1.0,1.0,149.0,10.0,1.0,1.0,2.0,1.0,,,1.0,,,,,0.85,0.06,0.91,1.17,0.0,0.45,0.99,1.03,3.36,24,5.0,90.0,0.0,1.0,0.0,2.0,0.0,0.0,0.0,0.0,0.0,0.0,1.0,0.0,20.0,4991.0,63013.0,0.0,0.28999999999999915,0.07000000000000006,0.35999999999999943,0.9700000000000024,18.199999999999932,20.599999999999994,4.0,4.300000000000011,1.0,1.0,1.0,3.0
736,Gianluigi,Donnarumma,Donnarumma,a,,,5.6,127,3.0,9.1,45,7.0,3.0,122.0,12.0,2,0,0.0,1,-1.0,3630,16588,0.5,14.5,3.0,3.5,3.9,80.0,8.0,,,84.0,15.0,799.0,93.0,797.0,92.0,257.0,15.0,,,,,,,,0.0,0.0,0.0,1.1,2.29,0.43,0.9,1.0,0.0,24,2.0,90.0,0.0,0.0,0.0,2.0,0.0,0.0,0.0,0.0,0.0,4.0,1.0,0.0,10.0,3913.0,18281.0,0.0,0.0,0.0,0.0,0.9700000000000024,6.199999999999989,0.0,0.0,0.6000000000000014,0.0,0.0,8.0,0.0
739,Divine,Mukasa,Mukasa,a,,,4.4,560,337.0,0.0,666,273.0,0.2,386.0,171.0,0,0,0.0,-1,1.0,25,26,0.0,0.5,0.2,0.7,1.0,456.0,203.0,,,460.0,210.0,365.0,189.0,413.0,203.0,441.0,200.0,,,,,,,,0.0,0.76,0.76,1.22,0.0,0.0,0.0,0.0,3.6,24,0.0,0.0,0.0,0.0,0.0,0.0,0.0,0.0,0.0,0.0,0.0,0.0,0.0,0.0,0.0,28.0,28.0,0.0,0.0,0.0,0.0,0.0,0.0,0.0,0.0,0.0,0.0,0.0,0.0,0.0
531,Daniel,Ballard,Ballard,a,,,4.6,396,68.0,3.1,105,41.0,1.6,227.0,83.0,0,0,0.0,1,-1.0,1496,3778,0.3,18.0,0.6,1.6,4.4,36.0,14.0,100.0,100.0,52.0,24.0,229.0,63.0,54.0,2.0,75.0,16.0,,,,,,,,0.13,0.03,0.16,1.35,0.0,0.26,1.22,0.96,10.92,24,0.0,0.0,0.0,0.0,0.0,0.0,0.0,0.0,0.0,0.0,0.0,0.0,0.0,0.0,0.0,2011.0,4157.0,0.0,0.0,0.0,0.0,0.0,0.0,0.0,0.0,0.0,0.0,0.0,0.0,0.0
532,Trai,Hume,Hume,a,,,4.5,440,88.0,0.3,296,112.0,0.6,322.0,120.0,0,0,0.0,0,0.0,72,377,0.1,14.7,-0.4,0.6,2.9,202.0,78.0,,,145.0,62.0,103.0,24.0,151.0,29.0,129.0,41.0,2.0,,,,,,,0.05,0.04,0.09,1.48,0.0,0.29,1.15,1.01,6.33,24,0.0,0.0,0.0,0.0,0.0,0.0,0.0,0.0,0.0,0.0,0.0,0.0,0.0,0.0,0.0,88.0,431.0,0.0,0.0,0.0,0.0,0.0,0.0,0.0,0.0,0.0,0.0,0.0,0.0,0.0
533,Aji,Alese,Alese,u,has joined Portsmouth on loan for the rest of the season.,,4.0,664,164.0,0.0,770,261.0,0.0,489.0,192.0,0,0,0.0,0,0.0,0,6,0.0,0.0,0.0,0.0,0.0,566.0,209.0,0.0,0.0,556.0,208.0,548.0,208.0,515.0,203.0,558.0,208.0,,,,,,,,0.0,0.0,0.0,0.0,0.0,0.0,0.0,0.0,0.0,24,0.0,0.0,0.0,0.0,0.0,0.0,0.0,0.0,0.0,0.0,0.0,0.0,0.0,0.0,0.0,0.0,6.0,0.0,0.0,0.0,0.0,0.0,0.0,0.0,0.0,0.0,0.0,0.0,0.0,0.0
740,Stephen,Mfuni,Mfuni,a,,,3.9,770,225.0,0.0,609,218.0,0.0,476.0,185.0,0,0,0.0,-1,1.0,23,33,0.0,0.0,0.0,0.5,0.0,553.0,202.0,,,543.0,201.0,533.0,201.0,498.0,194.0,545.0,201.0,,,,,,,,0.0,0.0,0.0,0.0,0.0,0.0,0.0,0.0,0.0,24,0.0,0.0,0.0,0.0,0.0,0.0,0.0,0.0,0.0,0.0,0.0,0.0,0.0,0.0,0.0,24.0,34.0,0.0,0.0,0.0,0.0,0.0,0.0,0.0,0.0,0.0,0.0,0.0,0.0,0.0
640,Pedro,Cardoso de Lima,Pedro Lima,a,,,4.0,725,206.0,0.4,281,106.0,0.4,341.0,128.0,1,0,0.0,0,0.0,58,87,0.1,0.5,0.4,0.4,1.0,444.0,165.0,100.0,100.0,487.0,174.0,460.0,169.0,426.0,160.0,488.0,174.0,,,,,,,,0.0,0.0,0.0,35.55,0.0,0.0,45.0,0.0,0.0,24,1.0,1.0,0.0,0.0,0.0,1.0,0.0,0.0,0.0,0.0,0.0,0.0,0.0,0.0,2.0,63.0,90.0,0.0,0.0,0.0,0.0,0.79,0.0,0.30000000000000004,2.0,0.2,0.0,0.0,0.0,0.0
641,Alfie,Pond,Pond,u,has joined Crewe Alexandra on loan for the rest of the season.,,3.9,765,223.0,1.0,185,72.0,0.0,471.0,183.0,0,0,0.0,-1,1.0,0,850,0.0,0.0,0.0,0.0,0.0,548.0,200.0,0.0,0.0,538.0,199.0,528.0,199.0,493.0,192.0,540.0,199.0,,,,,,,,0.0,0.0,0.0,0.0,0.0,0.0,0.0,0.0,0.0,24,0.0,0.0,0.0,0.0,0.0,0.0,0.0,0.0,0.0,0.0,0.0,0.0,0.0,0.0,0.0,0.0,911.0,0.0,0.0,0.0,0.0,0.0,0.0,0.0,0.0,0.0,0.0,0.0,0.0,0.0
642,Hwang,Hee-chan,Hee Chan,a,,,5.6,126,77.0,0.2,400,134.0,3.8,66.0,29.0,2,0,0.0,-4,4.0,222,455,0.7,7.7,3.8,3.8,2.3,288.0,125.0,100.0,100.0,296.0,134.0,167.0,111.0,159.0,89.0,247.0,119.0,,,3.0,,,,,0.17,0.08,0.25,1.21,0.0,0.16,1.55,1.14,5.15,24,2.0,69.0,0.0,0.0,0.0,1.0,0.0,0.0,0.0,0.0,0.0,0.0,1.0,0.0,13.0,379.0,501.0,0.0,0.03000000000000025,0.020000000000000018,0.04999999999999982,0.4499999999999993,9.200000000000017,23.30000000000001,7.0,4.0,0.0,0.0,3.0,3.0
643,André,Trindade da Costa Neto,André,a,,,5.3,203,126.0,0.1,522,186.0,1.6,236.0,104.0,3,0,0.0,-2,2.0,22,49,0.3,10.0,1.6,1.6,2.3,287.0,124.0,100.0,100.0,187.0,78.0,125.0,89.0,373.0,189.0,220.0,112.0,,,,,,,,0.01,0.04,0.05,1.46,0.0,0.05,1.77,0.96,12.57,24,3.0,79.0,0.0,0.0,0.0,1.0,0.0,0.0,0.0,1.0,0.0,0.0,1.0,0.0,14.0,38.0,59.0,0.0,0.01999999999999999,0.010000000000000009,0.030000000000000027,0.5100000000000016,12.599999999999994,13.799999999999983,1.0,2.700000000000003,4.0,3.0,7.0,14.0
644,Jean-Ricner,Bellegarde,Bellegarde,a,,,5.1,231,142.0,0.0,616,238.0,0.2,406.0,187.0,1,0,0.0,-4,4.0,27,14,0.0,5.1,0.2,0.2,1.7,368.0,162.0,100.0,100.0,307.0,137.0,226.0,141.0,225.0,123.0,294.0,142.0,3.0,4.0,,,,,,0.1,0.08,0.18,1.63,0.0,0.13,2.68,1.15,7.8,24,1.0,19.0,0.0,0.0,0.0,1.0,0.0,0.0,0.0,0.0,0.0,0.0,0.0,0.0,10.0,33.0,18.0,0.0,0.020000000000000018,0.010000000000000009,0.030000000000000027,0.9100000000000001,4.3999999999999915,10.400000000000006,2.0,1.7000000000000028,1.0,0.0,1.0,2.0
645,Fer,López González,Fer López,u,has joined Celta Vigo on loan for the rest of the season.,,5.1,240,147.0,0.0,644,261.0,0.0,764.0,336.0,0,0,0.0,-4,4.0,0,33,0.0,2.4,0.0,0.0,1.3,421.0,189.0,0.0,0.0,415.0,185.0,294.0,168.0,320.0,168.0,384.0,179.0,,,,,,,,0.06,0.24,0.3,1.57,0.0,0.0,3.55,0.79,4.74,24,0.0,0.0,0.0,0.0,0.0,0.0,0.0,0.0,0.0,0.0,0.0,0.0,0.0,0.0,0.0,0.0,34.0,0.0,0.0,0.0,0.0,0.0,0.0,0.0,0.0,0.0,0.0,0.0,0.0,0.0
646,João Victor,Gomes da Silva,Gomes,a,,,5.3,198,124.0,0.1,470,161.0,2.8,135.0,58.0,3,0,0.0,-2,2.0,72,121,0.5,11.3,2.8,2.8,2.6,246.0,108.0,100.0,100.0,157.0,59.0,87.0,64.0,184.0,105.0,127.0,70.0,,,,,,,,0.04,0.06,0.1,1.29,0.0,0.1,1.76,1.02,12.49,24,3.0,90.0,0.0,0.0,0.0,2.0,0.0,0.0,0.0,1.0,0.0,0.0,1.0,0.0,15.0,117.0,161.0,0.0,0.05999999999999994,0.08999999999999986,0.15000000000000013,1.3599999999999994,15.0,16.200000000000017,17.0,4.799999999999997,4.0,3.0,6.0,13.0
1,David,Raya Martín,Raya,a,,,5.9,93,1.0,33.3,7,1.0,4.0,58.0,3.0,6,0,0.0,4,-4.0,26515,9045,0.7,16.8,5.0,5.0,4.1,61.0,4.0,,,115.0,17.0,380.0,3.0,800.0,93.0,267.0,16.0,,,,,,,,0.0,0.0,0.0,0.69,1.38,0.5,0.71,1.0,0.0,24,6.0,90.0,0.0,0.0,1.0,0.0,0.0,0.0,0.0,0.0,0.0,1.0,1.0,0.0,24.0,28531.0,11986.0,0.0,0.0,0.0,0.0,0.14999999999999858,9.600000000000023,0.0,0.0,1.0,0.0,0.0,11.0,0.0
3,Karl,Hein,Hein,u,Has joined Werder Bremen on loan for the rest of the season.,,4.0,679,54.0,0.2,360,53.0,0.0,502.0,66.0,0,0,0.0,0,0.0,0,76,0.0,0.0,0.0,0.0,0.0,579.0,72.0,0.0,0.0,569.0,72.0,562.0,61.0,529.0,46.0,571.0,72.0,,,,,,,,0.0,0.0,0.0,0.0,0.0,0.0,0.0,0.0,0.0,24,0.0,0.0,0.0,0.0,0.0,0.0,0.0,0.0,0.0,0.0,0.0,0.0,0.0,0.0,0.0,0.0,79.0,0.0,0.0,0.0,0.0,0.0,0.0,0.0,0.0,0.0,0.0,0.0,0.0,0.0
4,Tommy,Setford,Setford,a,,,3.9,768,89.0,0.2,347,50.0,0.0,474.0,51.0,0,0,0.0,-1,1.0,91,240,0.0,0.0,1.0,1.0,0.0,551.0,57.0,,,541.0,57.0,531.0,43.0,496.0,28.0,543.0,57.0,,,,,,,,0.0,0.0,0.0,0.0,0.0,0.0,0.0,0.0,0.0,24,0.0,0.0,0.0,0.0,0.0,0.0,0.0,0.0,0.0,0.0,0.0,0.0,0.0,0.0,0.0,102.0,246.0,0.0,0.0,0.0,0.0,0.0,0.0,0.0,0.0,0.0,0.0,0.0,0.0,0.0
5,Gabriel,dos Santos Magalhães,Gabriel,a,,,7.0,41,1.0,39.3,3,1.0,6.4,8.0,1.0,8,0,0.0,10,-10.0,61395,2910,0.9,18.4,7.4,7.4,7.2,1.0,1.0,100.0,100.0,40.0,16.0,262.0,79.0,120.0,22.0,103.0,31.0,,,,,,,,0.1,0.05,0.15,0.6,0.0,0.64,0.59,1.0,8.74,24,8.0,90.0,0.0,0.0,1.0,0.0,0.0,0.0,0.0,0.0,0.0,0.0,1.0,0.0,30.0,68541.0,3461.0,0.0,0.020000000000000018,0.04999999999999993,0.06999999999999984,0.15000000000000036,33.599999999999966,0.7999999999999972,19.0,5.299999999999997,2.0,11.0,2.0,13.0
6,William,Saliba,Saliba,a,,,6.0,87,4.0,12.5,32,11.0,4.6,33.0,8.0,6,0,0.0,0,0.0,21972,3904,0.8,12.7,5.6,5.6,3.8,95.0,33.0,100.0,100.0,140.0,61.0,208.0,51.0,334.0,106.0,228.0,78.0,,,,,,,,0.02,0.03,0.05,0.65,0.0,0.5,0.67,1.05,5.82,24,6.0,90.0,0.0,0.0,1.0,0.0,0.0,0.0,0.0,0.0,0.0,0.0,1.0,0.0,21.0,23904.0,4480.0,0.0,0.0,0.019999999999999907,0.019999999999999907,0.15000000000000036,10.199999999999989,3.1000000000000085,0.0,1.3000000000000043,0.0,3.0,2.0,3.0
7,Riccardo,Calafiori,Calafiori,a,,,5.6,133,14.0,6.1,61,20.0,0.2,413.0,151.0,1,0,0.0,1,-1.0,3012,3059,0.0,13.9,1.2,1.2,4.6,33.0,13.0,100.0,100.0,206.0,80.0,219.0,57.0,86.0,8.0,185.0,60.0,,,,,,,,0.19,0.03,0.22,0.5,0.0,0.64,0.5,1.13,6.09,24,1.0,15.0,0.0,0.0,0.0,0.0,0.0,0.0,0.0,0.0,0.0,0.0,0.0,0.0,2.0,3565.0,3393.0,0.0,0.25,0.010000000000000009,0.2599999999999998,0.03000000000000025,0.19999999999998863,0.6000000000000085,7.0,0.7999999999999972,0.0,1.0,1.0,1.0
8,Jurriën,Timber,J.Timber,a,,,6.3,69,2.0,28.1,12,3.0,4.0,60.0,22.0,5,0,0.0,8,-8.0,41409,14502,0.6,18.3,5.0,5.0,5.0,14.0,6.0,100.0,100.0,86.0,38.0,72.0,17.0,46.0,1.0,48.0,6.0,,,,,,,,0.2,0.05,0.25,0.59,0.0,0.52,0.71,0.99,5.23,24,5.0,90.0,0.0,0.0,1.0,0.0,0.0,0.0,0.0,1.0,0.0,0.0,1.0,0.0,20.0,46794.0,17187.0,0.0,0.13999999999999968,0.21000000000000008,0.34999999999999964,0.15000000000000036,8.599999999999966,16.5,9.0,3.3999999999999915,2.0,1.0,5.0,3.0
9,Jakub,Kiwior,Kiwior,u,has joined Porto on loan for the rest of the season.,,5.4,173,20.0,0.0,585,211.0,0.0,782.0,263.0,0,0,0.0,-1,1.0,0,8,0.0,0.0,0.0,0.0,0.0,792.0,263.0,0.0,0.0,792.0,263.0,791.0,263.0,787.0,262.0,792.0,263.0,,,,,,,,0.0,0.0,0.0,0.0,0.0,0.0,0.0,0.0,0.0,24,0.0,0.0,0.0,0.0,0.0,0.0,0.0,0.0,0.0,0.0,0.0,0.0,0.0,0.0,0.0,0.0,8.0,0.0,0.0,0.0,0.0,0.0,0.0,0.0,0.0,0.0,0.0,0.0,0.0,0.0
10,Myles,Lewis-Skelly,Lewis-Skelly,a,,,5.1,238,36.0,1.5,154,59.0,0.2,408.0,150.0,0,0,0.0,-4,4.0,413,1071,0.0,2.4,1.2,1.2,0.9,492.0,171.0,,,411.0,156.0,326.0,111.0,369.0,129.0,402.0,145.0,,,,,,,,0.01,0.02,0.03,1.52,0.0,0.0,1.45,0.29,4.05,24,0.0,0.0,0.0,0.0,0.0,0.0,0.0,0.0,0.0,0.0,0.0,0.0,0.0,0.0,0.0,429.0,1156.0,0.0,0.0,0.0,0.0,0.0,0.0,0.0,0.0,0.0,0.0,0.0,0.0,0.0
11,Benjamin,White,White,a,,,5.1,227,31.0,0.6,239,89.0,1.4,252.0,93.0,0,0,0.0,-4,4.0,574,1418,0.3,5.9,2.4,2.4,4.3,43.0,17.0,100.0,100.0,314.0,121.0,236.0,66.0,305.0,96.0,323.0,110.0,,,,,,,,0.09,0.11,0.2,1.35,0.0,0.66,0.88,1.1,7.92,24,0.0,0.0,0.0,0.0,0.0,0.0,0.0,0.0,0.0,0.0,0.0,0.0,0.0,0.0,0.0,663.0,1557.0,0.0,0.0,0.0,0.0,0.0,0.0,0.0,0.0,0.0,0.0,0.0,0.0,0.0
13,Brayden,Clarke,Clarke,a,,,3.8,803,256.0,0.4,263,99.0,0.0,439.0,174.0,0,0,0.0,-2,2.0,173,336,0.0,0.0,1.0,1.0,0.0,517.0,192.0,,,507.0,191.0,496.0,191.0,461.0,184.0,509.0,191.0,,,,,,,,0.0,0.0,0.0,0.0,0.0,0.0,0.0,0.0,0.0,24,0.0,0.0,0.0,0.0,0.0,0.0,0.0,0.0,0.0,0.0,0.0,0.0,0.0,0.0,0.0,191.0,372.0,0.0,0.0,0.0,0.0,0.0,0.0,0.0,0.0,0.0,0.0,0.0,0.0,0.0
14,Maldini,Kacurri,Kacurri,u,has joined Morecambe on loan for the rest of the season.,,3.9,773,227.0,0.1,476,172.0,0.0,479.0,187.0,0,0,0.0,-1,1.0,0,23,0.0,0.0,0.0,0.0,0.0,556.0,204.0,0.0,0.0,546.0,203.0,536.0,203.0,501.0,196.0,548.0,203.0,,,,,,,,0.0,0.0,0.0,0.0,0.0,0.0,0.0,0.0,0.0,24,0.0,0.0,0.0,0.0,0.0,0.0,0.0,0.0,0.0,0.0,0.0,0.0,0.0,0.0,0.0,0.0,24.0,0.0,0.0,0.0,0.0,0.0,0.0,0.0,0.0,0.0,0.0,0.0,0.0,0.0
15,Josh,Nichols,Nichols,a,,,3.8,792,245.0,0.2,386,141.0,0.0,431.0,166.0,0,0,0.0,-2,2.0,48,103,0.0,0.0,1.0,1.0,0.0,511.0,186.0,,,501.0,185.0,488.0,183.0,452.0,175.0,503.0,185.0,,,,,,,,0.0,0.0,0.0,0.0,0.0,0.0,0.0,0.0,0.0,24,0.0,0.0,0.0,0.0,0.0,0.0,0.0,0.0,0.0,0.0,0.0,0.0,0.0,0.0,0.0,52.0,112.0,0.0,0.0,0.0,0.0,0.0,0.0,0.0,0.0,0.0,0.0,0.0,0.0,0.0
16,Bukayo,Saka,Saka,d,Muscle injury - 75% chance of playing,,10.0,5,3.0,14.1,27,10.0,2.0,197.0,87.0,0,0,0.0,0,0.0,980,140289,0.2,10.1,2.2,3.0,4.8,25.0,10.0,75.0,100.0,68.0,21.0,7.0,7.0,11.0,4.0,6.0,4.0,2.0,,1.0,,,,,0.33,0.3,0.63,0.58,0.0,0.47,0.7,0.99,6.88,24,0.0,0.0,0.0,0.0,0.0,0.0,0.0,0.0,0.0,0.0,0.0,0.0,0.0,0.0,0.0,2377.0,150270.0,0.0,0.0,0.0,0.0,0.0,0.0,0.0,0.0,0.0,0.0,0.0,0.0,0.0
17,Martin,Ødegaard,Ødegaard,a,,,7.8,17,12.0,2.2,121,42.0,3.8,68.0,31.0,4,0,0.0,-2,2.0,2073,5353,0.5,7.3,4.8,4.8,3.2,164.0,72.0,100.0,100.0,194.0,83.0,29.0,28.0,171.0,96.0,96.0,55.0,4.0,,3.0,,,,,0.09,0.25,0.34,1.01,0.0,0.36,0.89,1.16,6.76,24,4.0,29.0,0.0,1.0,0.0,0.0,0.0,0.0,0.0,0.0,0.0,0.0,0.0,0.0,16.0,2222.0,5858.0,0.0,0.0,0.2200000000000002,0.21999999999999975,0.030000000000001137,20.0,26.19999999999999,0.0,4.6000000000000085,0.0,0.0,1.0,1.0
18,Noni,Madueke,Madueke,a,,,6.8,46,28.0,0.7,218,74.0,3.8,67.0,30.0,14,0,0.0,-2,2.0,5703,448,0.6,5.3,4.8,4.8,2.4,278.0,120.0,100.0,100.0,291.0,131.0,107.0,77.0,97.0,61.0,178.0,95.0,3.0,,,,,,,0.09,0.27,0.36,1.06,0.0,0.57,0.85,1.13,4.67,24,14.0,60.0,1.0,1.0,1.0,0.0,0.0,0.0,0.0,0.0,0.0,0.0,1.0,3.0,43.0,5714.0,474.0,0.0,0.010000000000000009,0.2699999999999998,0.28000000000000025,0.1200000000000001,59.39999999999999,34.70000000000002,13.0,10.699999999999996,0.0,2.0,0.0,2.0
19,Gabriel,Martinelli Silva,Martinelli,a,,,6.8,47,29.0,0.9,194,64.0,2.0,195.0,86.0,4,0,0.0,-2,2.0,1059,594,0.3,4.9,3.0,3.0,1.8,363.0,161.0,100.0,100.0,324.0,146.0,249.0,151.0,87.0,54.0,251.0,123.0,,,,,,,,0.42,0.08,0.5,0.88,0.0,0.31,0.47,1.1,5.96,24,4.0,29.0,0.0,1.0,0.0,0.0,0.0,0.0,0.0,0.0,0.0,0.0,0.0,0.0,19.0,1120.0,653.0,0.0,0.11000000000000032,0.29000000000000004,0.40000000000000036,0.03000000000000025,23.200000000000003,14.199999999999989,17.0,5.399999999999999,0.0,1.0,3.0,4.0
20,Leandro,Trossard,Trossard,a,,,6.8,44,26.0,1.4,158,54.0,1.8,221.0,99.0,3,0,0.0,-2,2.0,2660,5784,0.3,12.6,2.8,2.8,4.3,48.0,23.0,100.0,100.0,105.0,35.0,47.0,40.0,40.0,24.0,41.0,30.0,,,4.0,,,,,0.29,0.15,0.44,0.61,0.0,0.47,0.75,0.95,5.7,24,3.0,80.0,0.0,0.0,1.0,0.0,0.0,0.0,0.0,0.0,0.0,0.0,1.0,0.0,13.0,3188.0,6541.0,0.0,0.019999999999999574,0.1499999999999999,0.16999999999999993,0.11999999999999922,11.0,15.5,4.0,3.1000000000000085,2.0,4.0,2.0,8.0
21,Declan,Rice,Rice,a,,,7.5,21,15.0,32.1,9,2.0,5.4,22.0,13.0,3,1,-1.0,10,-10.0,44581,50749,0.7,17.2,6.4,6.4,5.6,8.0,5.0,100.0,100.0,12.0,3.0,3.0,3.0,77.0,48.0,8.0,6.0,1.0,1.0,,,,,,0.13,0.23,0.36,0.6,0.0,0.5,0.73,1.01,10.76,24,3.0,90.0,0.0,0.0,1.0,0.0,0.0,0.0,0.0,0.0,0.0,0.0,1.0,0.0,20.0,52802.0,54480.0,0.0,0.0,0.39999999999999947,0.40000000000000036,0.15000000000000036,19.0,44.39999999999998,4.0,6.700000000000017,2.0,4.0,3.0,9.0
22,Mikel,Merino Zazón,Merino,a,,,5.5,141,87.0,1.4,159,55.0,1.8,215.0,94.0,0,0,0.0,-5,5.0,1418,5860,0.3,12.0,2.8,2.8,3.1,177.0,77.0,,,147.0,51.0,138.0,97.0,79.0,49.0,115.0,63.0,,,,,,,,0.27,0.13,0.4,0.6,0.0,0.36,0.81,0.9,10.03,24,0.0,0.0,0.0,0.0,0.0,0.0,0.0,0.0,0.0,0.0,0.0,0.0,0.0,0.0,0.0,1635.0,6262.0,0.0,0.0,0.0,0.0,0.0,0.0,0.0,0.0,0.0,0.0,0.0,0.0,0.0
23,Fábio,Ferreira Vieira,Fábio Vieira,u,has joined Hamburger on loan for the rest of the season.,,5.4,172,107.0,0.0,671,277.0,0.0,781.0,345.0,0,0,0.0,-1,1.0,0,1,0.0,0.0,0.0,0.0,0.0,791.0,351.0,0.0,0.0,791.0,351.0,790.0,351.0,786.0,350.0,791.0,351.0,,,,,,,,0.0,0.0,0.0,0.0,0.0,0.0,0.0,0.0,0.0,24,0.0,0.0,0.0,0.0,0.0,0.0,0.0,0.0,0.0,0.0,0.0,0.0,0.0,0.0,0.0,0.0,1.0,0.0,0.0,0.0,0.0,0.0,0.0,0.0,0.0,0.0,0.0,0.0,0.0,0.0
24,Christian,Nørgaard,Nørgaard,a,,,5.1,225,138.0,0.1,432,144.0,0.0,761.0,333.0,0,0,0.0,-4,4.0,79,76,0.0,0.6,1.0,1.0,1.0,481.0,224.0,100.0,100.0,439.0,197.0,464.0,225.0,406.0,198.0,452.0,205.0,,,,,,,,0.15,0.0,0.15,6.27,0.0,0.0,2.9,0.0,23.23,24,0.0,0.0,0.0,0.0,0.0,0.0,0.0,0.0,0.0,0.0,0.0,0.0,0.0,0.0,0.0,82.0,77.0,0.0,0.0,0.0,0.0,0.0,0.0,0.0,0.0,0.0,0.0,0.0,0.0,0.0
25,Ethan,Nwaneri,Nwaneri,u,has joined Marseille on loan for the rest of the season.,,5.0,270,163.0,0.1,436,147.0,0.0,752.0,326.0,0,0,0.0,-5,5.0,0,136,0.0,1.6,0.0,0.0,1.3,420.0,188.0,0.0,0.0,449.0,203.0,374.0,193.0,351.0,182.0,428.0,193.0,,,,,,,,0.13,0.04,0.17,0.4,0.0,0.55,0.0,0.0,7.09,24,0.0,0.0,0.0,0.0,0.0,0.0,0.0,0.0,0.0,0.0,0.0,0.0,0.0,0.0,0.0,0.0,142.0,0.0,0.0,0.0,0.0,0.0,0.0,0.0,0.0,0.0,0.0,0.0,0.0,0.0
26,Martín,Zubimendi Ibáñez,Zubimendi,a,,,5.2,215,132.0,2.3,119,40.0,4.4,41.0,20.0,10,0,0.0,-3,3.0,11428,1340,0.8,17.5,5.4,5.4,3.8,90.0,41.0,100.0,100.0,60.0,17.0,75.0,56.0,88.0,55.0,58.0,37.0,,,,,,,,0.11,0.07,0.18,0.7,0.0,0.54,0.68,1.04,9.25,24,10.0,90.0,1.0,0.0,1.0,0.0,0.0,0.0,0.0,0.0,0.0,0.0,1.0,2.0,35.0,11671.0,1599.0,0.0,0.34999999999999964,0.010000000000000009,0.3599999999999999,0.15000000000000036,45.39999999999998,2.6000000000000227,35.0,8.299999999999997,2.0,3.0,6.0,11.0
28,Ismeal,Kabia,Kabia,u,has joined Shrewsbury Town on loan for the rest of the season.,,4.5,482,295.0,0.1,473,162.0,0.0,675.0,269.0,0,0,0.0,0,0.0,0,14,0.0,0.0,0.0,0.0,0.0,721.0,299.0,0.0,0.0,720.0,298.0,715.0,298.0,698.0,293.0,720.0,298.0,,,,,,,,0.0,0.0,0.0,0.0,0.0,0.0,0.0,0.0,0.0,24,0.0,0.0,0.0,0.0,0.0,0.0,0.0,0.0,0.0,0.0,0.0,0.0,0.0,0.0,0.0,0.0,17.0,0.0,0.0,0.0,0.0,0.0,0.0,0.0,0.0,0.0,0.0,0.0,0.0,0.0
29,Albert,Sambi Lokonga,Sambi,u,has joined Hamburger permanently.,,4.5,426,254.0,0.1,581,217.0,0.0,635.0,235.0,0,0,0.0,0,0.0,0,10,0.0,0.0,0.0,0.0,0.0,685.0,269.0,0.0,0.0,680.0,264.0,677.0,267.0,656.0,259.0,682.0,266.0,,,,,,,,0.0,0.0,0.0,0.0,0.0,0.0,0.0,0.0,0.0,24,0.0,0.0,0.0,0.0,0.0,0.0,0.0,0.0,0.0,0.0,0.0,0.0,0.0,0.0,0.0,0.0,10.0,0.0,0.0,0.0,0.0,0.0,0.0,0.0,0.0,0.0,0.0,0.0,0.0,0.0
30,Kai,Havertz,Havertz,a,,,7.3,25,10.0,0.4,264,42.0,0.4,372.0,44.0,2,0,0.0,-2,2.0,1890,657,0.1,0.4,1.4,1.4,1.5,404.0,49.0,100.0,100.0,443.0,51.0,401.0,52.0,422.0,57.0,449.0,54.0,,,,,,,,0.0,0.02,0.02,0.94,0.0,1.0,0.0,1.0,7.0,24,2.0,60.0,0.0,0.0,1.0,0.0,0.0,0.0,0.0,0.0,0.0,0.0,1.0,0.0,11.0,2337.0,726.0,0.0,0.0,0.01,0.01,0.12,7.8,10.7,2.0,2.1,1.0,2.0,1.0,4.0
31,Gabriel,Fernando de Jesus,G.Jesus,a,,,6.4,56,20.0,0.5,248,39.0,1.8,219.0,27.0,5,0,0.0,-1,1.0,7296,1877,0.3,2.5,2.8,2.8,1.8,362.0,43.0,100.0,100.0,329.0,31.0,377.0,47.0,119.0,29.0,298.0,35.0,,,,,,,,0.71,0.06,0.77,1.32,0.0,0.0,2.05,0.41,8.59,24,5.0,14.0,1.0,0.0,0.0,0.0,0.0,0.0,0.0,0.0,0.0,0.0,0.0,0.0,26.0,7728.0,2081.0,0.0,0.74,0.0,0.74,0.03000000000000025,38.400000000000006,0.3000000000000007,45.0,8.400000000000002,0.0,0.0,0.0,0.0
266,Eberechi,Eze,Eze,a,,,7.2,32,20.0,8.0,50,18.0,0.6,335.0,151.0,1,-1,1.0,-3,3.0,1122,11294,0.1,9.6,1.6,1.6,3.6,113.0,54.0,,,183.0,75.0,146.0,100.0,63.0,39.0,117.0,64.0,,,,,,,,0.22,0.14,0.36,0.55,0.0,0.51,0.6,1.02,5.89,24,1.0,9.0,0.0,0.0,0.0,0.0,0.0,0.0,0.0,0.0,0.0,0.0,0.0,0.0,4.0,1237.0,12332.0,0.0,0.0,0.0,0.0,0.02999999999999936,1.599999999999966,0.09999999999999432,0.0,0.20000000000000284,0.0,0.0,1.0,1.0
662,Cristhian,Mosquera,Mosquera,a,,,5.3,202,26.0,0.1,431,161.0,0.0,773.0,260.0,0,0,0.0,-2,2.0,130,102,0.0,3.2,1.0,1.0,1.7,370.0,136.0,100.0,100.0,345.0,130.0,372.0,134.0,398.0,149.0,393.0,141.0,,,,,,,,0.0,0.09,0.09,0.56,0.0,0.21,0.84,0.84,7.34,24,0.0,0.0,0.0,0.0,0.0,0.0,0.0,0.0,0.0,0.0,0.0,0.0,0.0,0.0,0.0,136.0,107.0,0.0,0.0,0.0,0.0,0.0,0.0,0.0,0.0,0.0,0.0,0.0,0.0,0.0
666,Viktor,Gyökeres,Gyökeres,a,,,8.7,9,5.0,9.4,44,8.0,2.6,158.0,20.0,7,0,0.0,-3,3.0,14291,3407,0.3,7.2,3.6,3.6,2.9,211.0,21.0,100.0,100.0,201.0,16.0,166.0,15.0,21.0,12.0,77.0,15.0,,,2.0,,,,,0.43,0.06,0.49,0.61,0.0,0.62,0.43,1.12,3.35,24,7.0,75.0,1.0,0.0,1.0,0.0,0.0,0.0,0.0,0.0,0.0,0.0,1.0,1.0,32.0,15287.0,3847.0,0.0,0.5599999999999996,0.010000000000000009,0.5700000000000003,0.120000000000001,36.19999999999999,12.399999999999977,44.0,9.300000000000011,1.0,2.0,2.0,5.0
700,Max,Dowman,Dowman,i,Ankle injury - Unknown return date,,4.2,647,365.0,0.4,280,94.0,0.0,561.0,192.0,0,0,0.0,-3,3.0,2196,891,0.0,1.2,0.0,0.0,2.5,251.0,110.0,0.0,0.0,482.0,222.0,454.0,219.0,342.0,179.0,446.0,203.0,,,,,,,,0.47,0.07,0.54,0.4,0.0,0.0,0.0,0.0,10.0,24,0.0,0.0,0.0,0.0,0.0,0.0,0.0,0.0,0.0,0.0,0.0,0.0,0.0,0.0,0.0,2397.0,972.0,0.0,0.0,0.0,0.0,0.0,0.0,0.0,0.0,0.0,0.0,0.0,0.0,0.0
711,Andre,Harriman-Annous,Harriman-Annous,a,,,4.4,566,340.0,0.0,698,295.0,0.0,620.0,228.0,0,0,0.0,-1,1.0,7,15,0.0,0.0,1.0,1.0,0.0,674.0,263.0,,,669.0,258.0,664.0,261.0,641.0,252.0,671.0,260.0,,,,,,,,0.0,0.0,0.0,0.0,0.0,0.0,0.0,0.0,0.0,24,0.0,0.0,0.0,0.0,0.0,0.0,0.0,0.0,0.0,0.0,0.0,0.0,0.0,0.0,0.0,7.0,15.0,0.0,0.0,0.0,0.0,0.0,0.0,0.0,0.0,0.0,0.0,0.0,0.0,0.0
725,Piero,Hincapié,Hincapie,a,,,5.1,235,34.0,0.6,225,86.0,1.6,233.0,85.0,6,0,0.0,-4,4.0,1873,749,0.3,8.0,2.6,2.6,2.9,205.0,81.0,100.0,100.0,224.0,90.0,286.0,93.0,352.0,118.0,301.0,100.0,,,,,,,,0.0,0.07,0.07,0.88,0.0,0.26,0.97,1.06,8.03,24,6.0,74.0,0.0,0.0,1.0,0.0,0.0,0.0,0.0,0.0,0.0,0.0,1.0,0.0,21.0,1997.0,1316.0,0.0,0.0,0.010000000000000009,0.010000000000000009,0.11999999999999922,13.199999999999989,2.1000000000000014,4.0,1.8999999999999986,2.0,4.0,2.0,6.0
759,Marli,Salmon,Salmon,a,,,4.0,720,201.0,0.0,696,238.0,0.0,538.0,223.0,0,0,0.0,0,0.0,26,31,0.0,0.0,1.0,1.0,0.0,612.0,237.0,,,602.0,236.0,595.0,236.0,563.0,232.0,604.0,236.0,,,,,,,,0.0,0.0,0.0,0.0,0.0,0.0,0.0,0.0,0.0,24,0.0,0.0,0.0,0.0,0.0,0.0,0.0,0.0,0.0,0.0,0.0,0.0,0.0,0.0,0.0,29.0,32.0,0.0,0.0,0.0,0.0,0.0,0.0,0.0,0.0,0.0,0.0,0.0,0.0,0.0
32,Emiliano,Martínez Romero,Martinez,a,,,5.0,243,7.0,3.3,99,15.0,3.6,75.0,6.0,2,0,0.0,0,0.0,6166,2701,0.7,15.6,3.6,3.6,3.9,77.0,7.0,100.0,100.0,64.0,12.0,438.0,12.0,759.0,85.0,237.0,12.0,,,,,,,,0.0,0.0,0.0,1.3,2.82,0.26,0.92,1.03,0.0,24,2.0,90.0,0.0,0.0,0.0,1.0,0.0,0.0,0.0,0.0,0.0,0.0,1.0,0.0,6.0,7087.0,3036.0,0.0,0.0,0.0,0.0,0.4299999999999997,6.599999999999966,0.10000000000000009,0.0,0.7000000000000028,0.0,4.0,8.0,0.0
33,Marco,Bizot,M.Bizot,a,,,4.2,624,32.0,0.4,272,35.0,0.4,342.0,22.0,0,0,0.0,-3,3.0,59,174,0.1,2.6,0.4,0.4,2.2,294.0,25.0,,,337.0,27.0,605.0,74.0,574.0,59.0,403.0,27.0,,,,,,,,0.0,0.0,0.0,1.9,2.89,0.22,1.78,0.89,0.0,24,0.0,0.0,0.0,0.0,0.0,0.0,0.0,0.0,0.0,0.0,0.0,0.0,0.0,0.0,0.0,61.0,187.0,0.0,0.0,0.0,0.0,0.0,0.0,0.0,0.0,0.0,0.0,0.0,0.0,0.0
37,Lucas,Digne,Digne,a,,,4.5,406,73.0,1.6,148,58.0,2.8,128.0,42.0,0,0,0.0,0,0.0,1581,1875,0.6,15.1,2.8,2.8,3.1,169.0,68.0,100.0,100.0,180.0,75.0,76.0,18.0,209.0,54.0,136.0,44.0,2.0,2.0,,,,,,0.04,0.16,0.2,1.36,0.0,0.44,0.88,1.03,4.93,24,0.0,0.0,0.0,0.0,0.0,0.0,0.0,0.0,0.0,0.0,0.0,0.0,0.0,0.0,0.0,1768.0,2020.0,0.0,0.0,0.0,0.0,0.0,0.0,0.0,0.0,0.0,0.0,0.0,0.0,0.0
38,Ezri,Konsa Ngoyo,Konsa,a,,,4.4,521,104.0,7.5,52,16.0,3.8,62.0,23.0,2,0,0.0,-1,1.0,7885,3774,0.9,16.4,3.8,3.8,3.1,168.0,67.0,100.0,100.0,74.0,32.0,257.0,77.0,244.0,70.0,169.0,54.0,,,,,,,,0.03,0.02,0.05,1.43,0.0,0.31,1.1,1.01,5.9,24,2.0,90.0,0.0,0.0,0.0,1.0,0.0,0.0,0.0,0.0,0.0,0.0,1.0,0.0,11.0,9094.0,4276.0,0.0,0.30999999999999994,0.08000000000000002,0.3899999999999999,0.4299999999999997,14.199999999999989,9.299999999999997,4.0,2.8000000000000043,2.0,2.0,3.0,4.0
39,Ian,Maatsen,Maatsen,a,,,4.2,634,149.0,0.5,247,93.0,2.4,159.0,52.0,2,0,0.0,-3,3.0,1150,449,0.6,6.4,2.4,2.4,1.5,392.0,142.0,,,237.0,98.0,106.0,26.0,158.0,34.0,179.0,58.0,5.0,,,,,,,0.08,0.16,0.24,1.49,0.0,0.1,1.34,0.96,7.18,24,2.0,90.0,0.0,0.0,0.0,1.0,0.0,0.0,0.0,0.0,0.0,0.0,1.0,0.0,22.0,1330.0,500.0,0.0,0.16999999999999993,0.3899999999999999,0.56,0.4299999999999997,28.80000000000001,44.69999999999999,27.0,10.099999999999994,6.0,2.0,6.0,8.0
44,Lamare,Bogarde,Bogarde,a,,,4.0,694,179.0,0.5,249,94.0,0.8,293.0,104.0,1,0,0.0,0,0.0,526,375,0.2,6.0,0.8,0.8,1.3,411.0,150.0,100.0,100.0,364.0,139.0,333.0,116.0,388.0,142.0,385.0,136.0,,,,,,,,0.0,0.02,0.02,1.38,0.0,0.16,1.27,0.96,4.94,24,1.0,45.0,0.0,0.0,0.0,1.0,0.0,0.0,0.0,0.0,0.0,0.0,1.0,0.0,0.0,573.0,404.0,0.0,0.0,0.0,0.0,0.3100000000000005,2.4000000000000057,1.3000000000000043,0.0,0.3999999999999986,1.0,1.0,2.0,2.0
45,Lino,da Cruz Sousa,Sousa,a,,,3.8,793,246.0,0.3,319,118.0,0.0,432.0,167.0,0,0,0.0,-2,2.0,574,154,0.0,0.0,0.0,0.0,0.0,512.0,187.0,,,502.0,186.0,489.0,184.0,453.0,176.0,504.0,186.0,,,,,,,,0.0,0.0,0.0,0.0,0.0,0.0,0.0,0.0,0.0,24,0.0,0.0,0.0,0.0,0.0,0.0,0.0,0.0,0.0,0.0,0.0,0.0,0.0,0.0,0.0,623.0,163.0,0.0,0.0,0.0,0.0,0.0,0.0,0.0,0.0,0.0,0.0,0.0,0.0,0.0
46,Yasin,Özcan,Yasin,u,has joined Anderlecht on loan for the rest of the season.,,4.0,710,192.0,0.1,454,167.0,0.0,530.0,216.0,0,0,0.0,0,0.0,0,17,0.0,0.0,0.0,0.0,0.0,604.0,230.0,0.0,0.0,594.0,229.0,587.0,229.0,555.0,225.0,596.0,229.0,,,,,,,,0.0,0.0,0.0,0.0,0.0,0.0,0.0,0.0,0.0,24,0.0,0.0,0.0,0.0,0.0,0.0,0.0,0.0,0.0,0.0,0.0,0.0,0.0,0.0,0.0,0.0,19.0,0.0,0.0,0.0,0.0,0.0,0.0,0.0,0.0,0.0,0.0,0.0,0.0,0.0
47,Morgan,Rogers,Rogers,a,,,7.7,19,14.0,31.2,10,3.0,4.0,61.0,26.0,2,0,0.0,7,-7.0,21051,68258,0.5,14.7,4.0,4.0,4.7,27.0,11.0,100.0,100.0,39.0,9.0,25.0,24.0,12.0,5.0,10.0,8.0,,,,,,,,0.19,0.12,0.31,1.4,0.0,0.29,1.09,1.01,6.06,24,2.0,90.0,0.0,0.0,0.0,1.0,0.0,0.0,0.0,0.0,0.0,0.0,1.0,0.0,17.0,28058.0,72225.0,0.0,0.20000000000000018,0.33000000000000007,0.5300000000000002,0.4299999999999997,14.400000000000034,31.5,47.0,9.300000000000011,1.0,2.0,2.0,5.0
48,Youri,Tielemans,Tielemans,i,Ankle injury - Expected back 11 Apr,,5.9,94,59.0,0.8,200,67.0,3.0,123.0,53.0,0,0,0.0,-1,1.0,17,7106,0.5,8.8,0.0,0.0,3.1,180.0,78.0,0.0,0.0,133.0,45.0,36.0,34.0,155.0,88.0,76.0,46.0,3.0,,,,,,,0.07,0.18,0.25,1.6,0.0,0.28,1.18,1.04,9.59,24,0.0,0.0,0.0,0.0,0.0,0.0,0.0,0.0,0.0,0.0,0.0,0.0,0.0,0.0,0.0,18.0,7685.0,0.0,0.0,0.0,0.0,0.0,0.0,0.0,0.0,0.0,0.0,0.0,0.0,0.0
49,Leon,Bailey,Bailey,a,,,5.5,142,88.0,0.1,501,177.0,0.4,363.0,160.0,1,0,0.0,0,0.0,188,50,0.1,0.4,0.4,0.4,1.0,487.0,229.0,100.0,100.0,448.0,202.0,341.0,180.0,354.0,184.0,417.0,188.0,,,,,,,,0.18,0.33,0.51,0.44,0.0,0.0,0.0,0.0,11.84,24,1.0,45.0,0.0,0.0,0.0,0.0,0.0,0.0,0.0,0.0,0.0,0.0,0.0,0.0,3.0,209.0,55.0,0.0,0.13,0.25,0.38,0.12,3.8000000000000007,37.9,16.0,5.800000000000001,0.0,0.0,3.0,3.0
50,Emiliano,Buendía Stati,Buendía,a,,,5.3,189,117.0,0.5,251,85.0,3.6,77.0,33.0,2,0,0.0,-2,2.0,2574,1165,0.7,13.8,3.6,3.6,3.3,144.0,64.0,100.0,100.0,137.0,47.0,93.0,70.0,65.0,40.0,84.0,50.0,,6.0,2.0,,,,,0.22,0.12,0.34,1.4,0.0,0.26,0.88,1.05,10.61,24,2.0,90.0,0.0,0.0,0.0,1.0,0.0,0.0,0.0,0.0,0.0,0.0,1.0,0.0,12.0,3261.0,1295.0,0.0,0.31999999999999984,0.14000000000000012,0.45999999999999996,0.4300000000000015,12.199999999999989,27.80000000000001,54.0,9.400000000000006,3.0,2.0,5.0,10.0
51,Samuel,Iling-Junior,Iling Jr,u,has joined West Bromwich Albion on loan for the rest of the season,,5.5,150,94.0,0.0,674,278.0,0.0,791.0,353.0,0,0,0.0,0,0.0,0,3,0.0,0.0,0.0,0.0,0.0,798.0,356.0,0.0,0.0,798.0,356.0,797.0,356.0,794.0,355.0,798.0,356.0,,,,,,,,0.0,0.0,0.0,0.0,0.0,0.0,0.0,0.0,0.0,24,0.0,0.0,0.0,0.0,0.0,0.0,0.0,0.0,0.0,0.0,0.0,0.0,0.0,0.0,0.0,0.0,3.0,0.0,0.0,0.0,0.0,0.0,0.0,0.0,0.0,0.0,0.0,0.0,0.0,0.0
53,Donyell,Malen,Malen,u,has joined Roma on loan for the rest of the season.,,5.1,228,140.0,0.5,260,88.0,0.4,361.0,159.0,0,0,0.0,-4,4.0,0,1029,0.1,10.8,0.0,0.0,2.6,245.0,107.0,0.0,0.0,247.0,105.0,228.0,142.0,62.0,38.0,182.0,98.0,,,,,,,,0.57,0.05,0.62,1.49,0.0,0.14,1.41,0.7,2.25,24,0.0,0.0,0.0,0.0,0.0,0.0,0.0,0.0,0.0,0.0,0.0,0.0,0.0,0.0,0.0,0.0,1152.0,0.0,0.0,0.0,0.0,0.0,0.0,0.0,0.0,0.0,0.0,0.0,0.0,0.0
54,John,McGinn,McGinn,i,Knee injury - Expected back 21 Mar,,5.4,159,98.0,0.7,221,75.0,3.8,63.0,27.0,0,0,0.0,-1,1.0,33,4775,0.7,13.1,0.0,0.0,3.2,162.0,70.0,0.0,0.0,142.0,49.0,39.0,36.0,110.0,66.0,71.0,44.0,4.0,,,,,,,0.14,0.11,0.25,1.5,0.0,0.4,1.19,1.19,7.13,24,0.0,0.0,0.0,0.0,0.0,0.0,0.0,0.0,0.0,0.0,0.0,0.0,0.0,0.0,0.0,34.0,5241.0,0.0,0.0,0.0,0.0,0.0,0.0,0.0,0.0,0.0,0.0,0.0,0.0,0.0
55,Ross,Barkley,Barkley,a,,,4.8,349,218.0,0.0,623,244.0,0.0,707.0,294.0,0,0,0.0,-2,2.0,9,13,0.0,3.1,0.0,0.0,2.1,309.0,135.0,100.0,75.0,388.0,170.0,355.0,185.0,291.0,153.0,372.0,173.0,,,,,,,,0.34,0.13,0.47,1.11,0.0,0.0,0.0,0.0,11.84,24,0.0,0.0,0.0,0.0,0.0,0.0,0.0,0.0,0.0,0.0,0.0,0.0,0.0,0.0,0.0,10.0,14.0,0.0,0.0,0.0,0.0,0.0,0.0,0.0,0.0,0.0,0.0,0.0,0.0,0.0
56,Enzo,Barrenechea,Barrenechea,u,Season-long loan to Benfica,,5.0,266,161.0,0.0,809,363.0,0.0,751.0,325.0,0,0,0.0,0,0.0,0,0,0.0,0.0,0.0,0.0,0.0,777.0,341.0,0.0,0.0,777.0,341.0,775.0,341.0,768.0,339.0,777.0,341.0,,,,,,,,0.0,0.0,0.0,0.0,0.0,0.0,0.0,0.0,0.0,24,0.0,0.0,0.0,0.0,0.0,0.0,0.0,0.0,0.0,0.0,0.0,0.0,0.0,0.0,0.0,0.0,0.0,0.0,0.0,0.0,0.0,0.0,0.0,0.0,0.0,0.0,0.0,0.0,0.0,0.0
57,Lewis,Dobbin,Dobbin,u,Has joined Preston North End on loan for the rest of the season.,,5.0,259,158.0,0.0,655,268.0,0.0,747.0,322.0,0,0,0.0,0,0.0,0,4,0.0,0.0,0.0,0.0,0.0,773.0,338.0,0.0,0.0,773.0,338.0,770.0,338.0,764.0,336.0,773.0,338.0,,,,,,,,0.0,0.0,0.0,0.0,0.0,0.0,0.0,0.0,0.0,24,0.0,0.0,0.0,0.0,0.0,0.0,0.0,0.0,0.0,0.0,0.0,0.0,0.0,0.0,0.0,0.0,4.0,0.0,0.0,0.0,0.0,0.0,0.0,0.0,0.0,0.0,0.0,0.0,0.0,0.0
58,Boubacar,Kamara,Kamara,i,Knee injury - Expected back 01 Jun,,4.9,314,194.0,0.3,338,112.0,1.4,250.0,109.0,0,0,0.0,-1,1.0,13,1166,0.3,12.4,0.0,0.0,3.4,131.0,61.0,0.0,0.0,124.0,43.0,101.0,75.0,256.0,138.0,149.0,82.0,,,,,,,,0.03,0.05,0.08,1.33,0.0,0.32,0.96,1.09,9.51,24,0.0,0.0,0.0,0.0,0.0,0.0,0.0,0.0,0.0,0.0,0.0,0.0,0.0,0.0,0.0,16.0,1309.0,0.0,0.0,0.0,0.0,0.0,0.0,0.0,0.0,0.0,0.0,0.0,0.0,0.0
59,Amadou,Onana,Onana,a,,,4.8,365,227.0,0.6,228,79.0,1.0,281.0,123.0,0,0,0.0,-2,2.0,841,522,0.2,10.6,1.0,1.0,3.4,129.0,60.0,100.0,100.0,181.0,73.0,272.0,161.0,263.0,141.0,254.0,125.0,,,,,,,,0.04,0.02,0.06,1.49,0.0,0.37,1.02,1.11,12.01,24,0.0,0.0,0.0,0.0,0.0,0.0,0.0,0.0,0.0,0.0,0.0,0.0,0.0,0.0,0.0,929.0,565.0,0.0,0.0,0.0,0.0,0.0,0.0,0.0,0.0,0.0,0.0,0.0,0.0,0.0
61,Leander,Dendoncker,Dendoncker,u,Has joined Real Oviedo permanently.,,4.5,408,248.0,0.1,520,185.0,0.0,623.0,229.0,0,0,0.0,0,0.0,0,19,0.0,0.0,0.0,0.0,0.0,677.0,264.0,0.0,0.0,672.0,259.0,667.0,262.0,644.0,253.0,674.0,261.0,,,,,,,,0.0,0.0,0.0,0.0,0.0,0.0,0.0,0.0,0.0,24,0.0,0.0,0.0,0.0,0.0,0.0,0.0,0.0,0.0,0.0,0.0,0.0,0.0,0.0,0.0,0.0,21.0,0.0,0.0,0.0,0.0,0.0,0.0,0.0,0.0,0.0,0.0,0.0,0.0,0.0
62,Jamaldeen,Jimoh-Aloba,Jimoh-Aloba,a,,,4.5,469,286.0,0.1,531,189.0,0.0,664.0,262.0,0,0,0.0,0,0.0,116,62,0.0,0.2,0.0,0.0,1.0,463.0,209.0,,,489.0,224.0,468.0,228.0,687.0,286.0,491.0,226.0,,,,,,,,0.0,0.0,0.0,6.86,0.0,0.0,0.0,0.0,11.25,24,0.0,0.0,0.0,0.0,0.0,0.0,0.0,0.0,0.0,0.0,0.0,0.0,0.0,0.0,0.0,126.0,66.0,0.0,0.0,0.0,0.0,0.0,0.0,0.0,0.0,0.0,0.0,0.0,0.0,0.0
64,Ollie,Watkins,Watkins,d,Hamstring injury - 75% chance of playing,,8.7,8,4.0,11.1,37,6.0,3.8,69.0,11.0,0,-1,1.0,-3,3.0,1652,107230,0.4,10.5,2.8,2.8,4.0,73.0,7.0,75.0,75.0,94.0,8.0,136.0,8.0,4.0,3.0,26.0,5.0,,,3.0,,,,,0.49,0.05,0.54,1.44,0.0,0.36,1.14,1.03,3.26,24,0.0,0.0,0.0,0.0,0.0,0.0,0.0,0.0,0.0,0.0,0.0,0.0,0.0,0.0,0.0,2173.0,115840.0,0.0,0.0,0.0,0.0,0.0,0.0,0.0,0.0,0.0,0.0,0.0,0.0,0.0
65,Zépiqueno,Redmond,Redmond,u,has joined Huddersfield Town on loan for the rest of the season.,,4.5,479,68.0,0.3,318,53.0,0.0,673.0,66.0,0,0,0.0,0,0.0,0,72,0.0,0.0,0.0,0.0,0.0,719.0,76.0,0.0,0.0,717.0,76.0,713.0,75.0,696.0,75.0,718.0,76.0,,,,,,,,0.0,0.0,0.0,0.0,0.0,0.0,0.0,0.0,0.0,24,0.0,0.0,0.0,0.0,0.0,0.0,0.0,0.0,0.0,0.0,0.0,0.0,0.0,0.0,0.0,0.0,74.0,0.0,0.0,0.0,0.0,0.0,0.0,0.0,0.0,0.0,0.0,0.0,0.0,0.0
389,Harvey,Elliott,Elliott,a,,,5.1,234,144.0,0.2,389,132.0,0.2,407.0,188.0,1,0,0.0,-4,4.0,191,122,0.0,1.0,0.2,0.2,1.0,482.0,225.0,100.0,100.0,440.0,198.0,360.0,187.0,336.0,177.0,416.0,187.0,,,,,,,,0.25,0.07,0.32,1.42,0.0,0.0,1.64,0.82,4.91,24,1.0,13.0,0.0,0.0,0.0,0.0,0.0,0.0,0.0,0.0,0.0,0.0,0.0,0.0,4.0,200.0,127.0,0.0,0.10999999999999999,0.020000000000000004,0.13,0.0,3.200000000000001,13.899999999999999,13.0,3.0,0.0,0.0,1.0,1.0
456,Jadon,Sancho,Sancho,a,,,5.8,106,68.0,0.2,363,120.0,1.4,255.0,112.0,2,0,0.0,-2,2.0,470,227,0.2,2.9,1.4,1.4,1.3,424.0,192.0,100.0,100.0,390.0,172.0,200.0,133.0,179.0,101.0,297.0,144.0,,,,,,,,0.08,0.16,0.24,1.33,0.0,0.21,0.62,0.83,4.75,24,2.0,76.0,0.0,0.0,0.0,1.0,0.0,0.0,0.0,0.0,0.0,0.0,1.0,0.0,12.0,497.0,235.0,0.0,0.010000000000000009,0.19000000000000006,0.19999999999999996,0.4299999999999997,9.600000000000001,33.099999999999994,21.0,6.399999999999999,0.0,1.0,1.0,2.0
677,Evann,Guessand,Guessand,a,,,6.2,77,50.0,0.0,619,240.0,0.4,369.0,165.0,0,0,0.0,-3,3.0,103,49,0.1,4.0,0.4,0.4,1.9,350.0,155.0,100.0,100.0,338.0,149.0,307.0,174.0,167.0,94.0,310.0,150.0,,,,,,,,0.18,0.06,0.24,1.36,0.0,0.15,1.54,0.93,8.49,24,0.0,0.0,0.0,0.0,0.0,0.0,0.0,0.0,0.0,0.0,0.0,0.0,0.0,0.0,0.0,109.0,49.0,0.0,0.0,0.0,0.0,0.0,0.0,0.0,0.0,0.0,0.0,0.0,0.0,0.0
688,James,Wright,Wright,a,,,3.9,758,82.0,0.6,234,31.0,0.0,464.0,44.0,0,0,0.0,-1,1.0,184,268,0.0,0.0,0.0,0.0,0.0,541.0,50.0,,,531.0,50.0,521.0,36.0,486.0,21.0,533.0,50.0,,,,,,,,0.0,0.0,0.0,0.0,0.0,0.0,0.0,0.0,0.0,24,0.0,0.0,0.0,0.0,0.0,0.0,0.0,0.0,0.0,0.0,0.0,0.0,0.0,0.0,0.0,192.0,288.0,0.0,0.0,0.0,0.0,0.0,0.0,0.0,0.0,0.0,0.0,0.0,0.0,0.0
699,Douglas Luiz,Soares de Paulo,Douglas Luiz,a,,,4.9,316,195.0,0.1,542,194.0,0.6,325.0,145.0,2,0,0.0,-1,1.0,515,89,0.1,2.7,0.6,0.6,1.4,409.0,181.0,100.0,100.0,373.0,164.0,176.0,119.0,299.0,155.0,320.0,155.0,,,,,,,,0.05,0.19,0.24,1.09,0.0,0.0,1.78,1.34,10.47,24,2.0,90.0,0.0,0.0,0.0,1.0,0.0,0.0,0.0,0.0,0.0,0.0,1.0,0.0,24.0,606.0,102.0,0.0,0.07999999999999999,0.19999999999999996,0.28,0.4299999999999997,19.199999999999996,65.5,24.0,10.9,2.0,1.0,5.0,8.0
701,Triston,Rowe,Rowe,u,has joined Annecy on loan for the rest of the season.,,4.0,706,188.0,0.1,524,189.0,0.0,526.0,212.0,0,0,0.0,0,0.0,0,14,0.0,0.0,0.0,0.0,0.0,601.0,227.0,0.0,0.0,591.0,226.0,584.0,226.0,552.0,222.0,593.0,226.0,,,,,,,,0.0,0.0,0.0,0.0,0.0,0.0,0.0,0.0,0.0,24,0.0,0.0,0.0,0.0,0.0,0.0,0.0,0.0,0.0,0.0,0.0,0.0,0.0,0.0,0.0,0.0,16.0,0.0,0.0,0.0,0.0,0.0,0.0,0.0,0.0,0.0,0.0,0.0,0.0,0.0
702,Bradley,Burrowes,Burrowes,a,,,4.4,565,339.0,0.1,530,188.0,0.0,619.0,227.0,0,0,0.0,-1,1.0,31,44,0.0,0.2,0.0,0.0,1.0,458.0,205.0,,,668.0,257.0,467.0,227.0,640.0,251.0,670.0,259.0,,,,,,,,0.0,0.0,0.0,5.06,0.0,0.0,5.62,0.0,5.62,24,0.0,0.0,0.0,0.0,0.0,0.0,0.0,0.0,0.0,0.0,0.0,0.0,0.0,0.0,0.0,32.0,44.0,0.0,0.0,0.0,0.0,0.0,0.0,0.0,0.0,0.0,0.0,0.0,0.0,0.0
703,Sam,Proctor,Proctor,a,,,3.9,769,90.0,0.6,233,30.0,0.0,475.0,52.0,0,0,0.0,-1,1.0,556,575,0.0,0.0,0.0,0.0,0.0,552.0,58.0,,,542.0,58.0,532.0,44.0,497.0,29.0,544.0,58.0,,,,,,,,0.0,0.0,0.0,0.0,0.0,0.0,0.0,0.0,0.0,24,0.0,0.0,0.0,0.0,0.0,0.0,0.0,0.0,0.0,0.0,0.0,0.0,0.0,0.0,0.0,576.0,621.0,0.0,0.0,0.0,0.0,0.0,0.0,0.0,0.0,0.0,0.0,0.0,0.0,0.0
710,Travis,Patterson,Patterson,a,,,3.9,766,224.0,0.2,370,135.0,0.0,472.0,184.0,0,0,0.0,-1,1.0,40,111,0.0,0.0,0.0,0.0,0.0,549.0,201.0,,,539.0,200.0,529.0,200.0,494.0,193.0,541.0,200.0,,,,,,,,0.0,0.0,0.0,0.0,0.0,0.0,0.0,0.0,0.0,24,0.0,0.0,0.0,0.0,0.0,0.0,0.0,0.0,0.0,0.0,0.0,0.0,0.0,0.0,0.0,42.0,115.0,0.0,0.0,0.0,0.0,0.0,0.0,0.0,0.0,0.0,0.0,0.0,0.0,0.0
719,Victor,Lindelöf,Lindelöf,a,,,4.5,412,76.0,0.1,459,168.0,1.8,204.0,73.0,0,0,0.0,0,0.0,257,291,0.4,4.7,1.8,1.8,1.9,340.0,128.0,100.0,100.0,300.0,115.0,367.0,131.0,393.0,147.0,364.0,128.0,,,,,,,,0.0,0.01,0.01,1.71,0.0,0.16,1.43,0.95,5.72,24,0.0,0.0,0.0,0.0,0.0,0.0,0.0,0.0,0.0,0.0,0.0,0.0,0.0,0.0,0.0,275.0,303.0,0.0,0.0,0.0,0.0,0.0,0.0,0.0,0.0,0.0,0.0,0.0,0.0,0.0
754,George,Hemmings,George Hemmings,a,,,4.5,480,293.0,0.0,753,323.0,0.2,392.0,176.0,0,0,0.0,0,0.0,20,14,0.0,0.4,0.2,0.2,1.0,466.0,212.0,,,718.0,296.0,444.0,214.0,433.0,213.0,483.0,223.0,,,,,,,,0.14,0.04,0.18,2.2,0.0,0.0,0.0,0.0,3.6,24,0.0,0.0,0.0,0.0,0.0,0.0,0.0,0.0,0.0,0.0,0.0,0.0,0.0,0.0,0.0,22.0,14.0,0.0,0.0,0.0,0.0,0.0,0.0,0.0,0.0,0.0,0.0,0.0,0.0,0.0
757,Ronnie,Hollingshead,Hollingshead,a,,,4.0,696,61.0,0.0,714,83.0,0.0,516.0,73.0,0,0,0.0,0,0.0,16,17,0.0,0.0,0.0,0.0,0.0,592.0,79.0,,,582.0,79.0,575.0,68.0,542.0,53.0,584.0,79.0,,,,,,,,0.0,0.0,0.0,0.0,0.0,0.0,0.0,0.0,0.0,24,0.0,0.0,0.0,0.0,0.0,0.0,0.0,0.0,0.0,0.0,0.0,0.0,0.0,0.0,0.0,16.0,18.0,0.0,0.0,0.0,0.0,0.0,0.0,0.0,0.0,0.0,0.0,0.0,0.0,0.0
768,Leon,Routh,Leon Routh,a,,,4.0,728,209.0,0.0,725,248.0,0.0,544.0,229.0,0,0,0.0,0,0.0,18,18,0.0,0.0,0.0,0.0,0.0,618.0,243.0,,,609.0,243.0,602.0,243.0,570.0,239.0,611.0,243.0,,,,,,,,0.0,0.0,0.0,0.0,0.0,0.0,0.0,0.0,0.0,24,0.0,0.0,0.0,0.0,0.0,0.0,0.0,0.0,0.0,0.0,0.0,0.0,0.0,0.0,0.0,19.0,18.0,0.0,0.0,0.0,0.0,0.0,0.0,0.0,0.0,0.0,0.0,0.0,0.0,0.0
781,TJ,Carroll,Carroll,a,,,4.0,722,203.0,0.0,750,256.0,0.0,540.0,225.0,0,0,0.0,0,0.0,32,16,0.0,0.0,0.0,0.0,0.0,614.0,239.0,,,604.0,238.0,597.0,238.0,565.0,234.0,606.0,238.0,,,,,,,,0.0,0.0,0.0,0.0,0.0,0.0,0.0,0.0,0.0,24,0.0,0.0,0.0,0.0,0.0,0.0,0.0,0.0,0.0,0.0,0.0,0.0,0.0,0.0,0.0,35.0,16.0,0.0,0.0,0.0,0.0,0.0,0.0,0.0,0.0,0.0,0.0,0.0,0.0,0.0
792,Alysson Edward Franco,da Rocha dos Santos,Alysson,i,Knock - Unknown return date,,5.0,283,174.0,0.0,802,357.0,0.0,759.0,331.0,0,0,0.0,0,0.0,2,3,0.0,0.0,0.0,0.0,0.0,784.0,346.0,0.0,0.0,784.0,346.0,782.0,346.0,776.0,344.0,784.0,346.0,,,,,,,,0.0,0.0,0.0,0.0,0.0,0.0,0.0,0.0,0.0,24,0.0,0.0,0.0,0.0,0.0,0.0,0.0,0.0,0.0,0.0,0.0,0.0,0.0,0.0,0.0,2.0,3.0,0.0,0.0,0.0,0.0,0.0,0.0,0.0,0.0,0.0,0.0,0.0,0.0,0.0
808,Tammy,Abraham,Abraham,a,,,6.0,84,27.0,0.2,399,61.0,2.0,194.0,23.0,2,0,0.0,0,0.0,5977,501,0.3,0.3,2.1,2.1,2.0,331.0,34.0,,,452.0,53.0,398.0,51.0,321.0,52.0,427.0,53.0,,,,,,,,0.42,0.08,0.5,0.43,0.0,0.0,1.0,1.0,3.0,24,2.0,90.0,0.0,0.0,0.0,1.0,0.0,0.0,0.0,0.0,0.0,0.0,1.0,0.0,6.0,6569.0,574.0,0.0,0.42,0.08,0.5,0.43,7.0,12.0,37.0,5.6,0.0,1.0,2.0,3.0
183,Max,Weiß,Weiss,a,,,4.3,602,30.0,0.1,449,68.0,0.0,573.0,84.0,0,0,0.0,-2,2.0,68,57,0.0,0.0,0.0,0.0,0.0,636.0,88.0,,,627.0,88.0,624.0,81.0,597.0,68.0,629.0,88.0,,,,,,,,0.0,0.0,0.0,0.0,0.0,0.0,0.0,0.0,0.0,24,0.0,0.0,0.0,0.0,0.0,0.0,0.0,0.0,0.0,0.0,0.0,0.0,0.0,0.0,0.0,70.0,61.0,0.0,0.0,0.0,0.0,0.0,0.0,0.0,0.0,0.0,0.0,0.0,0.0,0.0
184,Etienne,Green,Green,u,has joined FC Fredericia permanently.,,4.0,684,57.0,0.2,395,58.0,0.0,506.0,69.0,0,0,0.0,0,0.0,0,48,0.0,0.0,0.0,0.0,0.0,583.0,75.0,0.0,0.0,573.0,75.0,566.0,64.0,533.0,49.0,575.0,75.0,,,,,,,,0.0,0.0,0.0,0.0,0.0,0.0,0.0,0.0,0.0,24,0.0,0.0,0.0,0.0,0.0,0.0,0.0,0.0,0.0,0.0,0.0,0.0,0.0,0.0,0.0,0.0,55.0,0.0,0.0,0.0,0.0,0.0,0.0,0.0,0.0,0.0,0.0,0.0,0.0,0.0
185,Václav,Hladký,Hladký,a,,,3.9,730,66.0,0.2,397,59.0,0.0,445.0,29.0,0,0,0.0,-1,1.0,47,77,0.0,0.0,0.0,0.0,0.0,523.0,35.0,,,513.0,35.0,502.0,20.0,467.0,5.0,515.0,35.0,,,,,,,,0.0,0.0,0.0,0.0,0.0,0.0,0.0,0.0,0.0,24,0.0,0.0,0.0,0.0,0.0,0.0,0.0,0.0,0.0,0.0,0.0,0.0,0.0,0.0,0.0,52.0,97.0,0.0,0.0,0.0,0.0,0.0,0.0,0.0,0.0,0.0,0.0,0.0,0.0,0.0
186,Connor,Roberts,Roberts,i,Achilles injury - Unknown return date,,4.4,520,103.0,0.0,647,226.0,0.0,594.0,242.0,0,0,0.0,-1,1.0,4,15,0.0,0.0,0.0,0.0,0.0,652.0,249.0,0.0,0.0,643.0,249.0,640.0,249.0,615.0,247.0,645.0,249.0,,,,,,,,0.0,0.0,0.0,0.0,0.0,0.0,0.0,0.0,0.0,24,0.0,0.0,0.0,0.0,0.0,0.0,0.0,0.0,0.0,0.0,0.0,0.0,0.0,0.0,0.0,4.0,16.0,0.0,0.0,0.0,0.0,0.0,0.0,0.0,0.0,0.0,0.0,0.0,0.0,0.0
187,Kyle,Walker,Walker,a,,,4.4,514,98.0,1.1,177,68.0,1.4,245.0,90.0,0,0,0.0,-1,1.0,819,489,0.3,11.1,1.4,1.4,2.2,296.0,112.0,100.0,100.0,111.0,49.0,188.0,46.0,358.0,122.0,207.0,68.0,,,,,,,,0.01,0.04,0.05,2.05,0.0,0.14,1.88,1.01,6.45,24,0.0,0.0,0.0,0.0,0.0,0.0,0.0,0.0,0.0,0.0,0.0,0.0,0.0,0.0,0.0,868.0,571.0,0.0,0.0,0.0,0.0,0.0,0.0,0.0,0.0,0.0,0.0,0.0,0.0,0.0
188,Hannes,Delcroix,Delcroix,u,has joined Lugano permanently.,,3.8,784,237.0,0.2,351,127.0,0.0,425.0,160.0,0,0,0.0,-2,2.0,0,261,0.0,0.0,0.0,0.0,0.0,506.0,181.0,0.0,0.0,496.0,180.0,483.0,178.0,447.0,170.0,498.0,180.0,,,,,,,,0.0,0.0,0.0,0.0,0.0,0.0,0.0,0.0,0.0,24,0.0,0.0,0.0,0.0,0.0,0.0,0.0,0.0,0.0,0.0,0.0,0.0,0.0,0.0,0.0,0.0,301.0,0.0,0.0,0.0,0.0,0.0,0.0,0.0,0.0,0.0,0.0,0.0,0.0,0.0
189,Owen,Dodgson,Dodgson,u,Has joined Stockport County on loan for the rest of the season.,,4.0,676,170.0,0.0,707,242.0,0.0,499.0,197.0,0,0,0.0,0,0.0,0,3,0.0,0.0,0.0,0.0,0.0,576.0,214.0,0.0,0.0,566.0,213.0,559.0,213.0,526.0,208.0,568.0,213.0,,,,,,,,0.0,0.0,0.0,0.0,0.0,0.0,0.0,0.0,0.0,24,0.0,0.0,0.0,0.0,0.0,0.0,0.0,0.0,0.0,0.0,0.0,0.0,0.0,0.0,0.0,0.0,3.0,0.0,0.0,0.0,0.0,0.0,0.0,0.0,0.0,0.0,0.0,0.0,0.0,0.0
190,Hjalmar,Ekdal,Ekdal,a,,,3.9,757,221.0,0.8,197,76.0,0.4,337.0,124.0,0,0,0.0,-1,1.0,90,570,0.1,11.3,0.4,0.4,2.9,199.0,77.0,,,171.0,72.0,332.0,115.0,250.0,72.0,256.0,87.0,,,,,,,,0.02,0.02,0.04,1.74,0.0,0.15,1.83,0.99,10.08,24,0.0,0.0,0.0,0.0,0.0,0.0,0.0,0.0,0.0,0.0,0.0,0.0,0.0,0.0,0.0,102.0,665.0,0.0,0.0,0.0,0.0,0.0,0.0,0.0,0.0,0.0,0.0,0.0,0.0,0.0
191,Maxime,Estève,Estève,a,,,3.9,756,220.0,8.1,49,15.0,1.6,223.0,79.0,0,0,0.0,-1,1.0,2658,2957,0.4,12.8,1.6,1.6,2.5,248.0,94.0,100.0,100.0,76.0,33.0,278.0,89.0,273.0,80.0,187.0,61.0,,,,,,,,0.02,0.02,0.04,2.19,0.0,0.11,2.12,1.06,10.01,24,0.0,0.0,0.0,0.0,0.0,0.0,0.0,0.0,0.0,0.0,0.0,0.0,0.0,0.0,0.0,3163.0,3813.0,0.0,0.0,0.0,0.0,0.0,0.0,0.0,0.0,0.0,0.0,0.0,0.0,0.0
192,Quilindschy,Hartman,Hartman,a,,,4.0,687,175.0,0.7,211,81.0,0.0,509.0,201.0,0,0,0.0,0,0.0,271,704,0.0,11.5,0.0,0.0,3.1,165.0,64.0,,,146.0,63.0,105.0,25.0,285.0,87.0,164.0,53.0,1.0,,,,,,,0.01,0.1,0.11,2.04,0.0,0.13,1.88,1.01,7.0,24,0.0,0.0,0.0,0.0,0.0,0.0,0.0,0.0,0.0,0.0,0.0,0.0,0.0,0.0,0.0,300.0,864.0,0.0,0.0,0.0,0.0,0.0,0.0,0.0,0.0,0.0,0.0,0.0,0.0,0.0
194,Jordan,Beyer,Jordan,i,Hamstring injury - Unknown return date,,3.9,747,214.0,0.1,551,199.0,0.0,458.0,179.0,0,0,0.0,-1,1.0,9,15,0.0,0.0,0.0,0.0,0.0,535.0,196.0,0.0,0.0,525.0,195.0,515.0,195.0,480.0,188.0,527.0,195.0,,,,,,,,0.0,0.0,0.0,0.0,0.0,0.0,0.0,0.0,0.0,24,0.0,0.0,0.0,0.0,0.0,0.0,0.0,0.0,0.0,0.0,0.0,0.0,0.0,0.0,0.0,10.0,17.0,0.0,0.0,0.0,0.0,0.0,0.0,0.0,0.0,0.0,0.0,0.0,0.0,0.0
195,Lucas,Pires Silva,Lucas Pires,a,,,3.8,802,255.0,0.3,320,119.0,1.4,242.0,87.0,0,0,0.0,-2,2.0,768,201,0.4,3.7,1.4,1.4,1.6,375.0,138.0,100.0,100.0,313.0,120.0,227.0,62.0,296.0,94.0,317.0,108.0,,,,,,,,0.04,0.1,0.14,2.02,0.0,0.13,1.85,1.06,6.48,24,0.0,0.0,0.0,0.0,0.0,0.0,0.0,0.0,0.0,0.0,0.0,0.0,0.0,0.0,0.0,874.0,246.0,0.0,0.0,0.0,0.0,0.0,0.0,0.0,0.0,0.0,0.0,0.0,0.0,0.0
196,Shurandy,Sambo,Sambo,u,Has joined Sparta Rotterdam on loan for the rest of the season.,,4.0,674,168.0,0.0,613,220.0,0.0,498.0,196.0,0,0,0.0,0,0.0,0,8,0.0,0.0,0.0,0.0,0.0,575.0,213.0,0.0,0.0,565.0,212.0,558.0,212.0,525.0,207.0,567.0,212.0,,,,,,,,0.0,0.0,0.0,0.0,0.0,0.0,0.0,0.0,0.0,24,0.0,0.0,0.0,0.0,0.0,0.0,0.0,0.0,0.0,0.0,0.0,0.0,0.0,0.0,0.0,0.0,9.0,0.0,0.0,0.0,0.0,0.0,0.0,0.0,0.0,0.0,0.0,0.0,0.0,0.0
197,Oliver,Sonne,Sonne,a,,,3.8,796,249.0,0.3,330,121.0,0.4,336.0,123.0,0,0,0.0,-2,2.0,40,217,0.1,3.4,0.4,0.4,1.9,334.0,122.0,,,394.0,150.0,384.0,139.0,338.0,108.0,404.0,146.0,,,,,,,,0.3,0.04,0.34,2.08,0.0,0.0,2.2,0.55,3.84,24,0.0,0.0,0.0,0.0,0.0,0.0,0.0,0.0,0.0,0.0,0.0,0.0,0.0,0.0,0.0,52.0,262.0,0.0,0.0,0.0,0.0,0.0,0.0,0.0,0.0,0.0,0.0,0.0,0.0,0.0
198,Axel,Tuanzebe,Tuanzebe,a,,,3.9,741,211.0,1.0,186,73.0,2.2,174.0,60.0,0,0,0.0,-1,1.0,320,254,0.6,7.4,2.2,2.2,2.9,197.0,75.0,100.0,100.0,207.0,81.0,418.0,151.0,294.0,92.0,307.0,104.0,,,,,,,,0.06,0.01,0.07,2.46,0.0,0.1,2.03,1.02,9.35,24,0.0,0.0,0.0,0.0,0.0,0.0,0.0,0.0,0.0,0.0,0.0,0.0,0.0,0.0,0.0,393.0,305.0,0.0,0.0,0.0,0.0,0.0,0.0,0.0,0.0,0.0,0.0,0.0,0.0,0.0
199,Joe,Worrall,Worrall,a,,,3.8,780,233.0,0.1,416,153.0,0.0,422.0,157.0,0,0,0.0,-2,2.0,63,48,0.0,1.8,0.0,0.0,1.2,425.0,152.0,100.0,100.0,396.0,151.0,453.0,166.0,423.0,157.0,438.0,158.0,,,,,,,,0.0,0.01,0.01,2.31,0.0,0.0,1.75,0.58,13.44,24,0.0,0.0,0.0,0.0,0.0,0.0,0.0,0.0,0.0,0.0,0.0,0.0,0.0,0.0,0.0,68.0,53.0,0.0,0.0,0.0,0.0,0.0,0.0,0.0,0.0,0.0,0.0,0.0,0.0,0.0
200,Jaidon,Anthony,Anthony,a,,,5.0,258,157.0,1.9,139,45.0,2.4,167.0,74.0,0,0,0.0,-5,5.0,794,1673,0.5,14.6,2.4,2.4,3.3,143.0,63.0,100.0,100.0,110.0,36.0,83.0,61.0,55.0,33.0,64.0,43.0,2.0,,,,,,,0.18,0.09,0.27,2.04,0.0,0.19,1.82,1.07,8.43,24,0.0,0.0,0.0,0.0,0.0,0.0,0.0,0.0,0.0,0.0,0.0,0.0,0.0,0.0,0.0,912.0,1926.0,0.0,0.0,0.0,0.0,0.0,0.0,0.0,0.0,0.0,0.0,0.0,0.0,0.0
201,Manuel,Benson Hedilazio,Benson,u,has joined Maccabi Haifa permanently.,,5.4,162,100.0,0.0,692,292.0,0.0,777.0,343.0,0,0,0.0,-1,1.0,0,2,0.0,0.0,0.0,0.0,0.0,788.0,349.0,0.0,0.0,788.0,349.0,787.0,349.0,783.0,348.0,788.0,349.0,,,,,,,,0.0,0.0,0.0,0.0,0.0,0.0,0.0,0.0,0.0,24,0.0,0.0,0.0,0.0,0.0,0.0,0.0,0.0,0.0,0.0,0.0,0.0,0.0,0.0,0.0,0.0,2.0,0.0,0.0,0.0,0.0,0.0,0.0,0.0,0.0,0.0,0.0,0.0,0.0,0.0
205,Josh,Cullen,Cullen,i,Knee injury - Expected back 30 Sep,,4.9,297,183.0,0.9,191,63.0,0.0,718.0,301.0,0,0,0.0,-1,1.0,7,1458,0.0,14.3,0.0,0.0,3.9,75.0,36.0,0.0,0.0,113.0,37.0,113.0,80.0,223.0,122.0,140.0,76.0,,,,,,,,0.06,0.08,0.14,1.93,0.0,0.18,1.73,1.07,10.29,24,0.0,0.0,0.0,0.0,0.0,0.0,0.0,0.0,0.0,0.0,0.0,0.0,0.0,0.0,0.0,7.0,1639.0,0.0,0.0,0.0,0.0,0.0,0.0,0.0,0.0,0.0,0.0,0.0,0.0,0.0
206,Marcus,Edwards,Edwards,a,,,4.7,380,237.0,0.1,451,154.0,3.4,81.0,34.0,0,0,0.0,-3,3.0,615,183,0.7,6.8,3.4,3.4,2.5,257.0,111.0,,,288.0,128.0,124.0,88.0,181.0,102.0,219.0,111.0,,3.0,,,,,,0.13,0.23,0.36,1.92,0.0,0.16,1.26,0.79,5.52,24,0.0,0.0,0.0,0.0,0.0,0.0,0.0,0.0,0.0,0.0,0.0,0.0,0.0,0.0,0.0,694.0,243.0,0.0,0.0,0.0,0.0,0.0,0.0,0.0,0.0,0.0,0.0,0.0,0.0,0.0
207,Hannibal,Mejbri,Hannibal,a,,,4.7,387,241.0,0.1,474,163.0,0.4,350.0,153.0,0,0,0.0,-3,3.0,89,56,0.1,5.1,0.4,0.4,1.5,397.0,175.0,100.0,100.0,381.0,167.0,193.0,128.0,325.0,170.0,336.0,162.0,,4.0,,,,,,0.06,0.15,0.21,2.61,0.0,0.2,2.36,0.98,7.66,24,0.0,0.0,0.0,0.0,0.0,0.0,0.0,0.0,0.0,0.0,0.0,0.0,0.0,0.0,0.0,99.0,60.0,0.0,0.0,0.0,0.0,0.0,0.0,0.0,0.0,0.0,0.0,0.0,0.0,0.0
208,Luca,Koleosho,Koleosho,u,has joined Paris FC on loan for the rest of the season.,,5.0,265,160.0,0.0,721,306.0,0.0,750.0,324.0,0,0,0.0,0,0.0,0,1,0.0,0.0,0.0,0.0,0.0,776.0,340.0,0.0,0.0,776.0,340.0,774.0,340.0,767.0,338.0,776.0,340.0,,,,,,,,0.0,0.0,0.0,0.0,0.0,0.0,0.0,0.0,0.0,24,0.0,0.0,0.0,0.0,0.0,0.0,0.0,0.0,0.0,0.0,0.0,0.0,0.0,0.0,0.0,0.0,1.0,0.0,0.0,0.0,0.0,0.0,0.0,0.0,0.0,0.0,0.0,0.0,0.0,0.0
209,Josh,Laurent,Laurent,a,,,4.8,350,219.0,0.0,603,232.0,1.2,268.0,118.0,0,0,0.0,-2,2.0,24,48,0.3,8.8,1.2,1.2,2.1,310.0,136.0,,,210.0,91.0,259.0,155.0,264.0,142.0,265.0,131.0,,,,,,,,0.04,0.02,0.06,2.1,0.0,0.08,2.25,0.92,10.34,24,0.0,0.0,0.0,0.0,0.0,0.0,0.0,0.0,0.0,0.0,0.0,0.0,0.0,0.0,0.0,26.0,54.0,0.0,0.0,0.0,0.0,0.0,0.0,0.0,0.0,0.0,0.0,0.0,0.0,0.0
210,Loum,Tchaouna,Tchaouna,a,,,4.9,333,206.0,0.0,624,245.0,0.4,359.0,157.0,0,0,0.0,-1,1.0,14,13,0.1,6.7,0.4,0.4,1.9,344.0,153.0,,,343.0,153.0,265.0,159.0,217.0,119.0,318.0,153.0,,2.0,,,,,,0.1,0.05,0.15,1.69,0.0,0.24,1.31,1.08,5.38,24,0.0,0.0,0.0,0.0,0.0,0.0,0.0,0.0,0.0,0.0,0.0,0.0,0.0,0.0,0.0,14.0,16.0,0.0,0.0,0.0,0.0,0.0,0.0,0.0,0.0,0.0,0.0,0.0,0.0,0.0
211,Aaron,Ramsey,A.Ramsey,u,has joined Leicester City on loan for the rest of the season.,,4.4,536,320.0,1.5,152,49.0,0.0,600.0,214.0,0,0,0.0,-1,1.0,0,364,0.0,0.0,0.0,0.0,0.0,656.0,251.0,0.0,0.0,647.0,242.0,644.0,247.0,619.0,236.0,649.0,244.0,,,,,,,,0.0,0.0,0.0,0.0,0.0,0.0,0.0,0.0,0.0,24,0.0,0.0,0.0,0.0,0.0,0.0,0.0,0.0,0.0,0.0,0.0,0.0,0.0,0.0,0.0,0.0,409.0,0.0,0.0,0.0,0.0,0.0,0.0,0.0,0.0,0.0,0.0,0.0,0.0,0.0
212,Oluwaseun,Adewumi,Adewumi,u,Has joined Cercle Brugge on loan for the rest of the season.,,4.5,476,290.0,0.0,749,320.0,0.0,671.0,266.0,0,0,0.0,0,0.0,0,3,0.0,0.0,0.0,0.0,0.0,718.0,297.0,0.0,0.0,716.0,295.0,712.0,296.0,694.0,290.0,717.0,296.0,,,,,,,,0.0,0.0,0.0,0.0,0.0,0.0,0.0,0.0,0.0,24,0.0,0.0,0.0,0.0,0.0,0.0,0.0,0.0,0.0,0.0,0.0,0.0,0.0,0.0,0.0,0.0,3.0,0.0,0.0,0.0,0.0,0.0,0.0,0.0,0.0,0.0,0.0,0.0,0.0,0.0
213,Jaydon,Banel,Banel,u,has joined Derby County on loan for the rest of the season.,,4.5,463,282.0,0.0,600,229.0,0.2,390.0,174.0,0,0,0.0,0,0.0,0,87,0.0,0.2,0.0,0.0,1.0,461.0,207.0,0.0,0.0,705.0,288.0,458.0,221.0,682.0,282.0,706.0,289.0,,,,,,,,0.0,0.0,0.0,0.5,0.0,0.0,0.0,0.0,0.0,24,0.0,0.0,0.0,0.0,0.0,0.0,0.0,0.0,0.0,0.0,0.0,0.0,0.0,0.0,0.0,0.0,89.0,0.0,0.0,0.0,0.0,0.0,0.0,0.0,0.0,0.0,0.0,0.0,0.0,0.0
214,Mike,Trésor Ndayishimiye,Trésor,i,Ankle injury - Unknown return date,,4.4,533,319.0,0.1,549,199.0,0.0,598.0,213.0,0,0,0.0,-1,1.0,3,63,0.0,0.9,0.0,0.0,1.0,452.0,199.0,0.0,0.0,486.0,223.0,462.0,223.0,431.0,211.0,482.0,222.0,,,,,,,,0.0,0.0,0.0,2.18,0.0,0.0,4.74,0.0,9.47,24,0.0,0.0,0.0,0.0,0.0,0.0,0.0,0.0,0.0,0.0,0.0,0.0,0.0,0.0,0.0,3.0,72.0,0.0,0.0,0.0,0.0,0.0,0.0,0.0,0.0,0.0,0.0,0.0,0.0,0.0
215,Zian,Flemming,Flemming,a,,,5.3,195,46.0,0.3,327,54.0,0.0,771.0,80.0,0,0,0.0,-2,2.0,328,438,0.0,7.9,0.0,0.0,2.8,221.0,23.0,100.0,100.0,225.0,20.0,301.0,32.0,99.0,27.0,222.0,26.0,,,1.0,,,,,0.43,0.02,0.45,1.89,0.0,0.27,1.36,1.09,4.23,24,0.0,0.0,0.0,0.0,0.0,0.0,0.0,0.0,0.0,0.0,0.0,0.0,0.0,0.0,0.0,346.0,520.0,0.0,0.0,0.0,0.0,0.0,0.0,0.0,0.0,0.0,0.0,0.0,0.0,0.0
216,Zeki,Amdouni,Amdouni,i,Knee injury - Expected back 25 Apr,,4.8,368,62.0,0.0,664,83.0,0.0,712.0,71.0,0,0,0.0,-2,2.0,7,11,0.0,0.0,0.0,0.0,0.0,751.0,81.0,0.0,0.0,751.0,81.0,746.0,80.0,736.0,80.0,751.0,81.0,,,,,,,,0.0,0.0,0.0,0.0,0.0,0.0,0.0,0.0,0.0,24,0.0,0.0,0.0,0.0,0.0,0.0,0.0,0.0,0.0,0.0,0.0,0.0,0.0,0.0,0.0,7.0,11.0,0.0,0.0,0.0,0.0,0.0,0.0,0.0,0.0,0.0,0.0,0.0,0.0,0.0
217,Lyle,Foster,Foster,a,,,4.9,324,59.0,0.8,203,33.0,1.2,270.0,35.0,0,0,0.0,-1,1.0,728,568,0.2,8.6,1.2,1.2,2.6,243.0,24.0,100.0,100.0,255.0,22.0,215.0,24.0,136.0,34.0,234.0,28.0,,,,,,,,0.22,0.02,0.24,1.98,0.0,0.29,1.96,1.08,5.3,24,0.0,0.0,0.0,0.0,0.0,0.0,0.0,0.0,0.0,0.0,0.0,0.0,0.0,0.0,0.0,832.0,634.0,0.0,0.0,0.0,0.0,0.0,0.0,0.0,0.0,0.0,0.0,0.0,0.0,0.0
218,Ashley,Barnes,Barnes,a,,,4.2,621,86.0,1.4,160,26.0,-0.2,811.0,90.0,0,0,0.0,-3,3.0,1706,1602,0.0,0.2,-0.2,-0.2,1.0,445.0,54.0,,,488.0,60.0,465.0,58.0,400.0,55.0,467.0,56.0,,,2.0,,,,,1.1,0.0,1.1,4.1,0.0,0.0,10.0,0.0,10.0,24,0.0,0.0,0.0,0.0,0.0,0.0,0.0,0.0,0.0,0.0,0.0,0.0,0.0,0.0,0.0,2317.0,1785.0,0.0,0.0,0.0,0.0,0.0,0.0,0.0,0.0,0.0,0.0,0.0,0.0,0.0
219,Michael,Obafemi,Obafemi,u,has joined Blackpool on loan for the rest of the season.,,4.4,523,74.0,0.1,458,65.0,0.0,596.0,56.0,0,0,0.0,-1,1.0,0,37,0.0,0.0,0.0,0.0,0.0,653.0,66.0,0.0,0.0,644.0,66.0,641.0,65.0,616.0,65.0,646.0,66.0,,,,,,,,0.0,0.0,0.0,0.0,0.0,0.0,0.0,0.0,0.0,24,0.0,0.0,0.0,0.0,0.0,0.0,0.0,0.0,0.0,0.0,0.0,0.0,0.0,0.0,0.0,0.0,40.0,0.0,0.0,0.0,0.0,0.0,0.0,0.0,0.0,0.0,0.0,0.0,0.0,0.0
470,Martin,Dúbravka,Dúbravka,a,,,4.0,654,41.0,32.9,8,2.0,2.8,127.0,13.0,0,0,0.0,0,0.0,8449,6390,0.7,18.2,2.8,2.8,3.2,150.0,13.0,100.0,100.0,4.0,1.0,540.0,48.0,506.0,33.0,120.0,1.0,,,,,,,,0.0,0.0,0.0,2.06,4.09,0.13,1.91,1.0,0.0,24,0.0,0.0,0.0,0.0,0.0,0.0,0.0,0.0,0.0,0.0,0.0,0.0,0.0,0.0,0.0,9963.0,7943.0,0.0,0.0,0.0,0.0,0.0,0.0,0.0,0.0,0.0,0.0,0.0,0.0,0.0
614,James,Ward-Prowse,Ward-Prowse,a,,,5.6,124,76.0,0.2,384,129.0,0.0,794.0,354.0,0,0,0.0,-4,4.0,196,105,0.0,2.0,0.0,0.0,2.2,303.0,132.0,,,384.0,169.0,147.0,101.0,409.0,200.0,330.0,159.0,,,,,,,,0.03,0.2,0.23,1.58,0.0,0.22,2.39,1.09,4.78,24,0.0,0.0,0.0,0.0,0.0,0.0,0.0,0.0,0.0,0.0,0.0,0.0,0.0,0.0,0.0,218.0,113.0,0.0,0.0,0.0,0.0,0.0,0.0,0.0,0.0,0.0,0.0,0.0,0.0,0.0
676,Lesley,Ugochukwu,Ugochukwu,a,,,5.0,273,166.0,0.1,447,153.0,2.2,181.0,81.0,0,0,0.0,0,0.0,154,149,0.4,13.4,2.2,2.2,3.0,191.0,82.0,100.0,100.0,150.0,54.0,210.0,135.0,129.0,75.0,171.0,92.0,,,,,,,,0.13,0.01,0.14,2.14,0.0,0.19,1.85,1.05,9.21,24,0.0,0.0,0.0,0.0,0.0,0.0,0.0,0.0,0.0,0.0,0.0,0.0,0.0,0.0,0.0,170.0,222.0,0.0,0.0,0.0,0.0,0.0,0.0,0.0,0.0,0.0,0.0,0.0,0.0,0.0
680,Armando,Broja,Broja,a,,,5.2,213,49.0,0.2,357,57.0,1.6,234.0,28.0,0,0,0.0,-3,3.0,256,505,0.3,6.9,1.6,1.6,2.1,315.0,32.0,100.0,100.0,333.0,33.0,300.0,31.0,112.0,28.0,279.0,34.0,,,,,,,,0.24,0.01,0.25,2.35,0.0,0.12,2.82,0.94,4.81,24,0.0,0.0,0.0,0.0,0.0,0.0,0.0,0.0,0.0,0.0,0.0,0.0,0.0,0.0,0.0,284.0,591.0,0.0,0.0,0.0,0.0,0.0,0.0,0.0,0.0,0.0,0.0,0.0,0.0,0.0
722,Florentino Ibrain,Morris Luís,Florentino,a,,,5.0,250,152.0,0.0,601,230.0,3.2,99.0,44.0,0,0,0.0,0,0.0,90,46,0.6,12.2,3.2,3.2,3.2,158.0,68.0,,,149.0,53.0,157.0,106.0,312.0,162.0,205.0,106.0,,,,,,,,0.03,0.02,0.05,2.09,0.0,0.12,1.9,1.04,13.47,24,0.0,0.0,0.0,0.0,0.0,0.0,0.0,0.0,0.0,0.0,0.0,0.0,0.0,0.0,0.0,98.0,63.0,0.0,0.0,0.0,0.0,0.0,0.0,0.0,0.0,0.0,0.0,0.0,0.0,0.0
776,Oliver,Pimlott,Pimlott,a,,,4.5,505,312.0,0.0,795,351.0,0.0,695.0,285.0,0,0,0.0,0,0.0,11,7,0.0,0.0,0.0,0.0,0.0,739.0,313.0,,,739.0,313.0,734.0,313.0,717.0,308.0,739.0,313.0,,,,,,,,0.0,0.0,0.0,0.0,0.0,0.0,0.0,0.0,0.0,24,0.0,0.0,0.0,0.0,0.0,0.0,0.0,0.0,0.0,0.0,0.0,0.0,0.0,0.0,0.0,11.0,7.0,0.0,0.0,0.0,0.0,0.0,0.0,0.0,0.0,0.0,0.0,0.0,0.0,0.0
784,George,Brierley,Brierley,a,,,4.5,512,318.0,0.0,796,352.0,0.0,700.0,290.0,0,0,0.0,0,0.0,12,9,0.0,0.0,0.0,0.0,0.0,744.0,318.0,,,744.0,318.0,739.0,318.0,723.0,314.0,744.0,318.0,,,,,,,,0.0,0.0,0.0,0.0,0.0,0.0,0.0,0.0,0.0,24,0.0,0.0,0.0,0.0,0.0,0.0,0.0,0.0,0.0,0.0,0.0,0.0,0.0,0.0,0.0,13.0,10.0,0.0,0.0,0.0,0.0,0.0,0.0,0.0,0.0,0.0,0.0,0.0,0.0,0.0
66,Norberto,Murara Neto,Neto,u,Has joined Botafogo permanently.,,4.5,404,21.0,0.1,555,77.0,0.0,622.0,87.0,0,0,0.0,0,0.0,0,18,0.0,0.0,0.0,0.0,0.0,676.0,90.0,0.0,0.0,671.0,90.0,666.0,83.0,643.0,71.0,673.0,90.0,,,,,,,,0.0,0.0,0.0,0.0,0.0,0.0,0.0,0.0,0.0,24,0.0,0.0,0.0,0.0,0.0,0.0,0.0,0.0,0.0,0.0,0.0,0.0,0.0,0.0,0.0,0.0,18.0,0.0,0.0,0.0,0.0,0.0,0.0,0.0,0.0,0.0,0.0,0.0,0.0,0.0
67,Đorđe,Petrović,Petrović,a,,,4.5,432,24.0,4.3,82,14.0,3.0,111.0,11.0,10,0,0.0,0,0.0,3895,2190,0.7,15.6,3.0,3.0,2.9,200.0,18.0,,,34.0,10.0,682.0,86.0,661.0,74.0,195.0,10.0,,,,,,,,0.0,0.0,0.0,1.45,3.0,0.25,1.79,1.0,0.0,24,10.0,90.0,0.0,0.0,1.0,0.0,0.0,0.0,0.0,0.0,0.0,7.0,1.0,2.0,36.0,4315.0,2791.0,0.0,0.0,0.0,0.0,1.3799999999999955,42.799999999999955,0.0,0.0,4.299999999999997,0.0,1.0,8.0,0.0
68,Will,Dennis,Dennis,i,Ankle injury - Unknown return date,,4.0,673,51.0,0.8,205,26.0,0.0,497.0,63.0,0,0,0.0,0,0.0,16,566,0.0,0.0,0.0,0.0,0.0,574.0,69.0,0.0,0.0,564.0,69.0,557.0,58.0,524.0,43.0,566.0,69.0,,,,,,,,0.0,0.0,0.0,0.0,0.0,0.0,0.0,0.0,0.0,24,0.0,0.0,0.0,0.0,0.0,0.0,0.0,0.0,0.0,0.0,0.0,0.0,0.0,0.0,0.0,16.0,603.0,0.0,0.0,0.0,0.0,0.0,0.0,0.0,0.0,0.0,0.0,0.0,0.0,0.0
69,Callan,McKenna,McKenna,a,,,3.9,771,91.0,0.2,343,49.0,0.0,477.0,53.0,0,0,0.0,-1,1.0,220,134,0.0,0.0,0.0,0.0,0.0,554.0,59.0,,,544.0,59.0,534.0,45.0,499.0,30.0,546.0,59.0,,,,,,,,0.0,0.0,0.0,0.0,0.0,0.0,0.0,0.0,0.0,24,0.0,0.0,0.0,0.0,0.0,0.0,0.0,0.0,0.0,0.0,0.0,0.0,0.0,0.0,0.0,237.0,146.0,0.0,0.0,0.0,0.0,0.0,0.0,0.0,0.0,0.0,0.0,0.0,0.0,0.0
70,Alex,Paulsen,Paulsen,u,Has joined Lechia Gdansk on loan for the rest of the season.,,4.0,688,58.0,0.1,562,78.0,0.0,510.0,70.0,0,0,0.0,0,0.0,0,15,0.0,0.0,0.0,0.0,0.0,586.0,76.0,0.0,0.0,576.0,76.0,569.0,65.0,536.0,50.0,578.0,76.0,,,,,,,,0.0,0.0,0.0,0.0,0.0,0.0,0.0,0.0,0.0,24,0.0,0.0,0.0,0.0,0.0,0.0,0.0,0.0,0.0,0.0,0.0,0.0,0.0,0.0,0.0,0.0,17.0,0.0,0.0,0.0,0.0,0.0,0.0,0.0,0.0,0.0,0.0,0.0,0.0,0.0
71,Illia,Zabarnyi,Zabarnyi,u,Has joined Paris Saint-Germain permanently.,,5.0,263,42.0,0.0,661,230.0,0.0,749.0,258.0,0,0,0.0,0,0.0,0,1,0.0,0.0,0.0,0.0,0.0,775.0,260.0,0.0,0.0,775.0,260.0,773.0,260.0,766.0,259.0,775.0,260.0,,,,,,,,0.0,0.0,0.0,0.0,0.0,0.0,0.0,0.0,0.0,24,0.0,0.0,0.0,0.0,0.0,0.0,0.0,0.0,0.0,0.0,0.0,0.0,0.0,0.0,0.0,0.0,1.0,0.0,0.0,0.0,0.0,0.0,0.0,0.0,0.0,0.0,0.0,0.0,0.0,0.0
72,Marcos,Senesi Barón,Senesi,a,,,4.8,359,61.0,14.7,23,8.0,4.2,50.0,18.0,8,0,0.0,3,-3.0,48061,5162,0.9,21.2,4.2,4.2,4.4,38.0,16.0,100.0,100.0,2.0,1.0,80.0,20.0,190.0,41.0,35.0,1.0,,,,,,,,0.04,0.16,0.2,1.45,0.0,0.27,1.86,1.02,12.96,24,8.0,90.0,0.0,0.0,1.0,0.0,0.0,0.0,0.0,0.0,0.0,0.0,1.0,0.0,25.0,53422.0,6831.0,0.0,0.05999999999999994,0.020000000000000018,0.08000000000000007,1.3800000000000026,22.200000000000045,1.3000000000000114,7.0,3.1000000000000085,1.0,10.0,3.0,11.0
73,Adam,Smith,Smith,a,,,4.4,513,97.0,0.2,377,138.0,1.4,244.0,89.0,6,0,0.0,-1,1.0,277,83,0.3,6.1,1.4,1.4,2.1,308.0,117.0,100.0,100.0,349.0,132.0,358.0,125.0,367.0,127.0,376.0,134.0,,,,,,,,0.0,0.01,0.01,1.54,0.0,0.37,1.87,1.25,5.12,24,6.0,90.0,0.0,0.0,1.0,0.0,0.0,0.0,0.0,0.0,0.0,0.0,1.0,0.0,28.0,297.0,90.0,0.0,0.0,0.0,0.0,1.1999999999999993,14.799999999999997,2.9999999999999964,0.0,1.8000000000000007,3.0,4.0,3.0,7.0
74,Adrien,Truffert,Truffert,a,,,4.5,446,90.0,1.7,142,56.0,3.0,112.0,37.0,6,0,0.0,0,0.0,3159,1289,0.7,17.8,3.0,3.0,3.3,140.0,54.0,,,44.0,18.0,57.0,11.0,239.0,68.0,67.0,13.0,,,,,,,,0.01,0.05,0.06,1.38,0.0,0.25,1.7,1.02,8.37,24,6.0,90.0,0.0,0.0,1.0,0.0,0.0,0.0,0.0,0.0,0.0,0.0,1.0,0.0,27.0,3598.0,1581.0,0.0,0.0,0.010000000000000009,0.010000000000000009,1.3800000000000026,18.0,3.8000000000000114,0.0,2.1999999999999886,3.0,6.0,5.0,9.0
75,Matai,Akinmboni,Akinmboni,d,Muscle injury - 25% chance of playing,,3.8,797,250.0,0.2,373,137.0,0.0,435.0,170.0,0,0,0.0,-2,2.0,25,65,0.0,0.0,0.0,0.0,0.0,515.0,190.0,25.0,25.0,505.0,189.0,492.0,187.0,456.0,179.0,507.0,189.0,,,,,,,,0.0,0.0,0.0,0.0,0.0,0.0,0.0,0.0,0.0,24,0.0,0.0,0.0,0.0,0.0,0.0,0.0,0.0,0.0,0.0,0.0,0.0,0.0,0.0,0.0,29.0,76.0,0.0,0.0,0.0,0.0,0.0,0.0,0.0,0.0,0.0,0.0,0.0,0.0,0.0
77,James,Hill,Hill,a,,,3.9,753,218.0,1.2,175,67.0,4.2,46.0,15.0,7,0,0.0,-1,1.0,10129,561,1.1,11.0,4.2,4.2,2.9,198.0,76.0,,,216.0,87.0,327.0,112.0,284.0,86.0,291.0,99.0,,,,,,,,0.02,0.05,0.07,1.22,0.0,0.32,1.39,0.86,10.58,24,7.0,90.0,0.0,0.0,1.0,0.0,0.0,0.0,0.0,1.0,0.0,0.0,1.0,0.0,23.0,13504.0,1025.0,0.0,0.0,0.0,0.0,1.3800000000000008,20.200000000000017,0.5,0.0,2.099999999999998,1.0,9.0,3.0,10.0
78,Julián,Araujo Zúñiga,J.Araujo,u,has joined Celtic on loan for the rest of the season.,,3.8,786,239.0,0.6,241,90.0,0.0,426.0,161.0,0,0,0.0,-2,2.0,0,512,0.0,0.0,0.0,0.0,0.0,507.0,182.0,0.0,0.0,497.0,181.0,484.0,179.0,448.0,171.0,499.0,181.0,,,,,,,,0.0,0.0,0.0,0.0,0.0,0.0,0.0,0.0,0.0,24,0.0,0.0,0.0,0.0,0.0,0.0,0.0,0.0,0.0,0.0,0.0,0.0,0.0,0.0,0.0,0.0,555.0,0.0,0.0,0.0,0.0,0.0,0.0,0.0,0.0,0.0,0.0,0.0,0.0,0.0
79,Chris,Mepham,Mepham,u,has joined West Bromwich Albion permanently.,,4.0,666,165.0,0.1,529,193.0,0.0,490.0,193.0,0,0,0.0,0,0.0,0,11,0.0,0.0,0.0,0.0,0.0,567.0,210.0,0.0,0.0,557.0,209.0,550.0,209.0,517.0,204.0,559.0,209.0,,,,,,,,0.0,0.0,0.0,0.0,0.0,0.0,0.0,0.0,0.0,24,0.0,0.0,0.0,0.0,0.0,0.0,0.0,0.0,0.0,0.0,0.0,0.0,0.0,0.0,0.0,0.0,11.0,0.0,0.0,0.0,0.0,0.0,0.0,0.0,0.0,0.0,0.0,0.0,0.0,0.0
80,Julio,Soler Barreto,Soler,i,Hamstring injury - Expected back 01 Jun,,4.0,707,189.0,0.2,358,130.0,0.0,527.0,213.0,0,0,0.0,0,0.0,13,332,0.0,0.8,0.0,0.0,1.0,441.0,162.0,0.0,0.0,473.0,170.0,440.0,160.0,425.0,159.0,472.0,167.0,,,,,,,,0.0,0.0,0.0,4.29,0.0,0.0,5.29,0.0,2.65,24,0.0,0.0,0.0,0.0,0.0,0.0,0.0,0.0,0.0,0.0,0.0,0.0,0.0,0.0,0.0,14.0,359.0,0.0,0.0,0.0,0.0,0.0,0.0,0.0,0.0,0.0,0.0,0.0,0.0,0.0
81,Justin,Kluivert,Kluivert,i,Knee injury - Expected back 09 May,,7.0,40,24.0,0.6,223,76.0,0.4,371.0,167.0,0,0,0.0,0,0.0,22,769,0.1,5.7,0.0,0.0,2.2,304.0,133.0,0.0,0.0,278.0,122.0,68.0,51.0,183.0,104.0,173.0,93.0,4.0,2.0,1.0,,,,,0.22,0.15,0.37,1.65,0.0,0.39,1.77,0.98,6.11,24,0.0,0.0,0.0,0.0,0.0,0.0,0.0,0.0,0.0,0.0,0.0,0.0,0.0,0.0,0.0,23.0,811.0,0.0,0.0,0.0,0.0,0.0,0.0,0.0,0.0,0.0,0.0,0.0,0.0,0.0
84,Marcus,Tavernier,Tavernier,i,Hamstring injury - Expected back 21 Feb,,5.4,164,102.0,1.5,153,50.0,3.0,119.0,51.0,0,0,0.0,-1,1.0,66,9209,0.6,17.4,0.0,0.0,4.3,45.0,21.0,0.0,0.0,70.0,22.0,26.0,25.0,47.0,28.0,33.0,26.0,2.0,1.0,4.0,,,,,0.26,0.12,0.38,1.4,0.0,0.36,1.84,1.02,8.38,24,0.0,0.0,0.0,0.0,0.0,0.0,0.0,0.0,0.0,0.0,0.0,0.0,0.0,0.0,0.0,79.0,11743.0,0.0,0.0,0.0,0.0,0.0,0.0,0.0,0.0,0.0,0.0,0.0,0.0,0.0
85,Tyler,Adams,Adams,i,Knee injury - Expected back 21 Feb,,4.9,300,186.0,0.3,329,111.0,0.0,720.0,303.0,0,0,0.0,-1,1.0,10,194,0.0,10.2,0.0,0.0,3.3,141.0,62.0,0.0,0.0,178.0,71.0,271.0,160.0,214.0,117.0,229.0,113.0,,,,,,,,0.04,0.02,0.06,1.34,0.0,0.3,1.73,1.13,10.99,24,0.0,0.0,0.0,0.0,0.0,0.0,0.0,0.0,0.0,0.0,0.0,0.0,0.0,0.0,0.0,12.0,203.0,0.0,0.0,0.0,0.0,0.0,0.0,0.0,0.0,0.0,0.0,0.0,0.0,0.0
86,David,Brooks,Brooks,d,Ankle injury - 50% chance of playing,,5.0,244,149.0,0.2,387,131.0,1.2,272.0,119.0,0,0,0.0,0,0.0,14,300,0.2,8.6,0.6,0.3,2.3,285.0,122.0,50.0,25.0,241.0,100.0,73.0,54.0,33.0,18.0,81.0,48.0,5.0,3.0,,,,,,0.43,0.27,0.7,1.29,0.0,0.39,1.64,1.06,6.95,24,0.0,0.0,0.0,0.0,0.0,0.0,0.0,0.0,0.0,0.0,0.0,0.0,0.0,0.0,0.0,15.0,327.0,0.0,0.0,0.0,0.0,0.0,0.0,0.0,0.0,0.0,0.0,0.0,0.0,0.0
87,Ryan,Christie,Christie,a,,,4.9,292,180.0,0.1,564,208.0,0.6,323.0,143.0,1,0,0.0,-1,1.0,97,32,0.1,4.3,0.6,0.6,1.5,400.0,178.0,100.0,100.0,322.0,144.0,222.0,140.0,220.0,120.0,296.0,143.0,,,,,,,,0.28,0.09,0.37,1.97,0.0,0.0,2.31,0.26,11.06,24,1.0,22.0,0.0,0.0,0.0,0.0,0.0,0.0,0.0,0.0,0.0,0.0,0.0,0.0,10.0,103.0,37.0,0.0,0.0,0.07,0.06999999999999984,0.7999999999999998,8.400000000000006,14.299999999999997,2.0,2.5,2.0,1.0,3.0,6.0
88,Lewis,Cook,Cook,a,,,4.9,291,179.0,0.0,583,218.0,3.6,73.0,32.0,3,0,0.0,-1,1.0,321,107,0.7,6.7,3.6,3.6,2.4,271.0,116.0,100.0,100.0,246.0,104.0,170.0,113.0,379.0,190.0,274.0,135.0,,,,,,,,0.01,0.04,0.05,1.43,0.0,0.12,1.99,0.82,14.84,24,3.0,90.0,0.0,0.0,1.0,0.0,0.0,0.0,0.0,0.0,0.0,0.0,1.0,0.0,17.0,372.0,119.0,0.0,0.0,0.020000000000000018,0.020000000000000018,1.3800000000000008,16.400000000000006,2.799999999999983,0.0,1.8999999999999986,2.0,4.0,3.0,9.0
89,Philip,Billing,Philip,u,Has joined Midtjylland permanently.,,4.9,294,182.0,0.0,665,272.0,0.0,717.0,300.0,0,0,0.0,-1,1.0,0,1,0.0,0.0,0.0,0.0,0.0,754.0,323.0,0.0,0.0,754.0,323.0,750.0,323.0,741.0,321.0,754.0,323.0,,,,,,,,0.0,0.0,0.0,0.0,0.0,0.0,0.0,0.0,0.0,24,0.0,0.0,0.0,0.0,0.0,0.0,0.0,0.0,0.0,0.0,0.0,0.0,0.0,0.0,0.0,0.0,1.0,0.0,0.0,0.0,0.0,0.0,0.0,0.0,0.0,0.0,0.0,0.0,0.0,0.0
90,Alex,Scott,Scott,a,,,5.0,272,165.0,0.4,269,92.0,5.6,16.0,11.0,13,0,0.0,0,0.0,10206,683,1.1,16.8,5.6,5.6,3.5,121.0,57.0,100.0,100.0,120.0,40.0,108.0,78.0,116.0,68.0,111.0,60.0,1.0,,,,,,,0.12,0.06,0.18,1.45,0.0,0.32,1.66,1.13,11.69,24,13.0,90.0,1.0,0.0,1.0,0.0,0.0,0.0,0.0,0.0,0.0,0.0,1.0,3.0,37.0,10532.0,736.0,0.0,0.8200000000000001,0.010000000000000009,0.8300000000000001,1.379999999999999,47.80000000000001,12.299999999999983,41.0,10.100000000000001,2.0,5.0,9.0,16.0
91,Luis,Sinisterra Lucumí,Sinisterra,u,Has joined Cruzeiro on loan for the rest of the season.,,5.0,252,153.0,0.0,724,308.0,0.0,744.0,319.0,0,0,0.0,0,0.0,0,1,0.0,0.0,0.0,0.0,0.0,771.0,336.0,0.0,0.0,771.0,336.0,768.0,336.0,762.0,334.0,771.0,336.0,,,,,,,,0.0,0.0,0.0,0.0,0.0,0.0,0.0,0.0,0.0,24,0.0,0.0,0.0,0.0,0.0,0.0,0.0,0.0,0.0,0.0,0.0,0.0,0.0,0.0,0.0,0.0,1.0,0.0,0.0,0.0,0.0,0.0,0.0,0.0,0.0,0.0,0.0,0.0,0.0,0.0
92,Romain,Faivre,Faivre,a,,,4.5,428,256.0,0.1,538,191.0,0.0,637.0,237.0,0,0,0.0,0,0.0,67,31,0.0,0.0,0.0,0.0,0.0,687.0,271.0,100.0,100.0,682.0,266.0,679.0,269.0,658.0,261.0,684.0,268.0,,,,,,,,0.0,0.0,0.0,0.0,0.0,0.0,0.0,0.0,0.0,24,0.0,0.0,0.0,0.0,0.0,0.0,0.0,0.0,0.0,0.0,0.0,0.0,0.0,0.0,0.0,73.0,33.0,0.0,0.0,0.0,0.0,0.0,0.0,0.0,0.0,0.0,0.0,0.0,0.0,0.0
93,Hamed,Traorè,H.Traorè,u,has joined Marseille on loan for the rest of the season.,,4.5,423,253.0,0.3,325,109.0,0.0,633.0,234.0,0,0,0.0,0,0.0,0,58,0.0,0.9,0.0,0.0,4.0,65.0,30.0,0.0,0.0,428.0,189.0,410.0,203.0,654.0,258.0,445.0,202.0,,,,,,,,0.0,0.0,0.0,2.25,0.0,0.0,11.25,0.0,22.5,24,0.0,0.0,0.0,0.0,0.0,0.0,0.0,0.0,0.0,0.0,0.0,0.0,0.0,0.0,0.0,0.0,63.0,0.0,0.0,0.0,0.0,0.0,0.0,0.0,0.0,0.0,0.0,0.0,0.0,0.0
94,Dominic,Sadi,Sadi,u,has joined Novi Pazar on loan for the rest of the season.,,4.5,462,281.0,0.0,635,255.0,0.0,659.0,258.0,0,0,0.0,0,0.0,0,4,0.0,0.0,0.0,0.0,0.0,708.0,291.0,0.0,0.0,704.0,287.0,701.0,289.0,681.0,281.0,705.0,288.0,,,,,,,,0.0,0.0,0.0,0.0,0.0,0.0,0.0,0.0,0.0,24,0.0,0.0,0.0,0.0,0.0,0.0,0.0,0.0,0.0,0.0,0.0,0.0,0.0,0.0,0.0,0.0,4.0,0.0,0.0,0.0,0.0,0.0,0.0,0.0,0.0,0.0,0.0,0.0,0.0,0.0
95,Zain,Silcott-Duberry,Silcott-Duberry,u,has joined Olympiakos permanently.,,4.4,547,329.0,0.1,570,210.0,0.0,607.0,221.0,0,0,0.0,-1,1.0,0,23,0.0,0.0,0.0,0.0,0.0,663.0,258.0,0.0,0.0,655.0,250.0,652.0,255.0,627.0,244.0,657.0,252.0,,,,,,,,0.0,0.0,0.0,0.0,0.0,0.0,0.0,0.0,0.0,24,0.0,0.0,0.0,0.0,0.0,0.0,0.0,0.0,0.0,0.0,0.0,0.0,0.0,0.0,0.0,0.0,24.0,0.0,0.0,0.0,0.0,0.0,0.0,0.0,0.0,0.0,0.0,0.0,0.0,0.0
96,Ben,Winterburn,Winterburn,u,has joined Barnet on loan for the rest of the season.,,4.5,492,303.0,0.0,633,253.0,0.0,685.0,277.0,0,0,0.0,0,0.0,0,7,0.0,0.2,0.0,0.0,1.0,467.0,213.0,0.0,0.0,730.0,306.0,725.0,306.0,708.0,301.0,730.0,306.0,,,,,,,,0.0,0.0,0.0,4.65,0.0,0.0,30.0,0.0,0.0,24,0.0,0.0,0.0,0.0,0.0,0.0,0.0,0.0,0.0,0.0,0.0,0.0,0.0,0.0,0.0,0.0,7.0,0.0,0.0,0.0,0.0,0.0,0.0,0.0,0.0,0.0,0.0,0.0,0.0,0.0
97,Francisco Evanilson,de Lima Barbosa,Evanilson,a,,,7.1,35,14.0,3.6,93,17.0,5.0,27.0,7.0,2,0,0.0,1,-1.0,6353,17945,0.7,10.4,5.0,5.0,3.4,133.0,12.0,100.0,100.0,199.0,15.0,99.0,3.0,18.0,10.0,53.0,11.0,,,,,,,,0.36,0.04,0.4,1.21,0.0,0.32,1.67,1.02,3.93,24,2.0,84.0,0.0,0.0,1.0,0.0,0.0,0.0,0.0,0.0,0.0,0.0,1.0,0.0,7.0,16055.0,18950.0,0.0,0.0,0.010000000000000009,0.009999999999999787,1.129999999999999,10.400000000000006,10.400000000000006,8.0,2.8999999999999915,1.0,3.0,1.0,5.0
98,Enes,Ünal,Enes Ünal,a,,,5.4,161,41.0,0.0,608,80.0,0.8,307.0,39.0,1,0,0.0,-1,1.0,163,111,0.1,2.8,0.8,0.8,1.4,410.0,50.0,100.0,100.0,402.0,44.0,431.0,55.0,292.0,49.0,401.0,49.0,,,,,,,,0.74,0.04,0.78,1.65,0.0,0.0,1.54,0.0,4.62,24,1.0,5.0,0.0,0.0,0.0,0.0,0.0,0.0,0.0,0.0,0.0,0.0,0.0,0.0,1.0,176.0,116.0,0.0,0.0,0.0,0.0,0.2500000000000002,1.0,0.3000000000000007,2.0,0.3000000000000007,0.0,1.0,0.0,1.0
99,Daniel,Adu-Adjei,Adu-Adjei,u,has joined HNK Rijeka permanently.,,4.4,561,81.0,0.1,425,62.0,0.0,618.0,63.0,0,0,0.0,-1,1.0,0,41,0.0,0.0,0.0,0.0,0.0,673.0,73.0,0.0,0.0,667.0,73.0,663.0,72.0,639.0,72.0,669.0,73.0,,,,,,,,0.0,0.0,0.0,0.0,0.0,0.0,0.0,0.0,0.0,24,0.0,0.0,0.0,0.0,0.0,0.0,0.0,0.0,0.0,0.0,0.0,0.0,0.0,0.0,0.0,0.0,44.0,0.0,0.0,0.0,0.0,0.0,0.0,0.0,0.0,0.0,0.0,0.0,0.0,0.0
100,Junior,Kroupi,Kroupi.Jr,a,,,4.7,390,64.0,5.8,65,12.0,4.4,39.0,8.0,7,1,-1.0,2,-2.0,37189,5772,0.9,13.6,4.4,4.4,3.4,128.0,11.0,,,138.0,13.0,204.0,21.0,60.0,21.0,116.0,16.0,,,,,,,,0.43,0.05,0.48,1.39,0.0,0.47,1.87,1.17,6.53,24,7.0,67.0,1.0,0.0,1.0,0.0,0.0,0.0,0.0,0.0,0.0,0.0,1.0,1.0,35.0,43421.0,7184.0,0.0,0.08999999999999986,0.17999999999999997,0.2699999999999996,0.5800000000000001,35.60000000000002,18.10000000000001,20.0,7.400000000000006,1.0,0.0,4.0,5.0
391,Ben,Gannon-Doak,Gannon-Doak,i,Hamstring injury - Unknown return date,,4.8,369,230.0,0.0,632,252.0,0.0,713.0,297.0,0,0,0.0,-2,2.0,3,15,0.0,1.5,0.0,0.0,1.8,357.0,160.0,0.0,0.0,429.0,190.0,394.0,196.0,382.0,192.0,437.0,198.0,,,,,,,,0.15,0.15,0.3,4.52,0.0,0.0,1.7,0.0,5.09,24,0.0,0.0,0.0,0.0,0.0,0.0,0.0,0.0,0.0,0.0,0.0,0.0,0.0,0.0,0.0,4.0,15.0,0.0,0.0,0.0,0.0,0.0,0.0,0.0,0.0,0.0,0.0,0.0,0.0,0.0
685,Bafodé,Diakité,Diakité,a,,,4.2,632,148.0,0.3,314,117.0,0.6,316.0,116.0,1,0,0.0,-3,3.0,179,299,0.1,11.0,0.6,0.6,2.6,240.0,92.0,100.0,100.0,177.0,74.0,308.0,102.0,355.0,119.0,278.0,91.0,,,,,,,,0.0,0.01,0.01,1.59,0.0,0.28,1.91,1.06,8.26,24,1.0,1.0,0.0,0.0,0.0,0.0,0.0,0.0,0.0,0.0,0.0,0.0,0.0,0.0,3.0,211.0,330.0,0.0,0.0,0.0,0.0,0.17999999999999972,0.0,0.0,0.0,0.0,0.0,0.0,0.0,0.0
687,Remy,Rees-Dottin,Rees-Dottin,a,,,4.3,616,360.0,0.1,433,145.0,0.0,586.0,209.0,0,0,0.0,-2,2.0,542,155,0.0,0.0,0.0,0.0,0.0,646.0,247.0,,,637.0,238.0,634.0,243.0,608.0,232.0,639.0,240.0,,,,,,,,0.0,0.0,0.0,0.0,0.0,0.0,0.0,0.0,0.0,24,0.0,0.0,0.0,0.0,0.0,0.0,0.0,0.0,0.0,0.0,0.0,0.0,0.0,0.0,0.0,580.0,165.0,0.0,0.0,0.0,0.0,0.0,0.0,0.0,0.0,0.0,0.0,0.0,0.0,0.0
697,Amine,Adli,Adli,a,,,5.4,177,109.0,0.2,364,121.0,4.4,42.0,21.0,5,0,0.0,-1,1.0,1931,650,0.8,8.0,4.4,4.4,2.1,317.0,141.0,,,240.0,99.0,187.0,126.0,125.0,72.0,211.0,108.0,,6.0,,,,,,0.23,0.08,0.31,1.4,0.0,0.27,1.63,0.81,11.39,24,5.0,67.0,0.0,1.0,1.0,0.0,0.0,0.0,0.0,1.0,0.0,0.0,1.0,0.0,13.0,2574.0,735.0,0.0,0.30000000000000004,0.07999999999999996,0.3799999999999999,0.5800000000000001,25.400000000000006,39.39999999999999,18.0,8.299999999999997,1.0,2.0,3.0,6.0
713,Álex,Jiménez Sánchez,A.Jimenez,a,,,4.5,464,92.0,0.2,366,133.0,3.0,113.0,38.0,5,0,0.0,0,0.0,1418,275,0.7,10.0,3.0,3.0,2.2,298.0,114.0,,,192.0,77.0,201.0,50.0,147.0,27.0,200.0,65.0,,,,,,,,0.06,0.05,0.11,1.62,0.0,0.19,1.91,1.02,5.29,24,5.0,85.0,0.0,0.0,1.0,0.0,0.0,0.0,0.0,1.0,0.0,0.0,1.0,0.0,21.0,2061.0,396.0,0.0,0.030000000000000027,0.030000000000000027,0.06000000000000005,1.129999999999999,7.399999999999977,1.3999999999999915,17.0,2.5999999999999943,2.0,0.0,7.0,2.0
721,Veljko,Milosavljevic,Milosavljević,a,,,4.4,564,119.0,0.0,654,227.0,0.4,348.0,131.0,0,0,0.0,-1,1.0,18,19,0.1,4.3,0.4,0.4,2.7,227.0,90.0,100.0,100.0,328.0,127.0,395.0,145.0,383.0,138.0,386.0,137.0,,,,,,,,0.04,0.05,0.09,1.08,0.0,0.25,1.47,0.98,9.56,24,0.0,0.0,0.0,0.0,0.0,0.0,0.0,0.0,0.0,0.0,0.0,0.0,0.0,0.0,0.0,20.0,25.0,0.0,0.0,0.0,0.0,0.0,0.0,0.0,0.0,0.0,0.0,0.0,0.0,0.0
756,Malcom,DaCosta,DaCosta,a,,,4.5,510,316.0,0.0,739,316.0,0.0,698.0,288.0,0,0,0.0,0,0.0,17,15,0.0,0.0,0.0,0.0,0.0,742.0,316.0,,,742.0,316.0,737.0,316.0,721.0,312.0,742.0,316.0,,,,,,,,0.0,0.0,0.0,0.0,0.0,0.0,0.0,0.0,0.0,24,0.0,0.0,0.0,0.0,0.0,0.0,0.0,0.0,0.0,0.0,0.0,0.0,0.0,0.0,0.0,20.0,15.0,0.0,0.0,0.0,0.0,0.0,0.0,0.0,0.0,0.0,0.0,0.0,0.0,0.0
782,Fraser,Forster,Forster,a,,,4.0,653,40.0,0.0,705,82.0,0.0,482.0,55.0,0,0,0.0,0,0.0,86,37,0.0,0.0,0.0,0.0,0.0,559.0,61.0,,,549.0,61.0,539.0,47.0,505.0,32.0,551.0,61.0,,,,,,,,0.0,0.0,0.0,0.0,0.0,0.0,0.0,0.0,0.0,24,0.0,0.0,0.0,0.0,0.0,0.0,0.0,0.0,0.0,0.0,0.0,0.0,0.0,0.0,0.0,89.0,39.0,0.0,0.0,0.0,0.0,0.0,0.0,0.0,0.0,0.0,0.0,0.0,0.0,0.0
799,Charlie,Stevens,Stevens,a,,,4.5,507,313.0,0.0,798,354.0,0.0,696.0,286.0,0,0,0.0,0,0.0,21,6,0.0,0.0,0.0,0.0,0.0,740.0,314.0,,,740.0,314.0,735.0,314.0,718.0,309.0,740.0,314.0,,,,,,,,0.0,0.0,0.0,0.0,0.0,0.0,0.0,0.0,0.0,24,0.0,0.0,0.0,0.0,0.0,0.0,0.0,0.0,0.0,0.0,0.0,0.0,0.0,0.0,0.0,22.0,6.0,0.0,0.0,0.0,0.0,0.0,0.0,0.0,0.0,0.0,0.0,0.0,0.0,0.0
801,Alex,Tóth,Tóth.A,a,,,5.0,281,173.0,0.0,759,328.0,1.0,285.0,127.0,1,0,0.0,0,0.0,18,30,0.2,0.4,1.0,1.0,1.0,480.0,223.0,,,481.0,221.0,463.0,224.0,420.0,208.0,475.0,218.0,,,,,,,,0.6,0.0,0.6,3.9,0.0,0.0,0.0,0.0,50.0,24,1.0,4.0,0.0,0.0,0.0,0.0,0.0,0.0,0.0,0.0,0.0,0.0,0.0,0.0,4.0,20.0,30.0,0.0,0.06,0.0,0.06,0.25,1.0,0.30000000000000004,4.0,0.5,1.0,1.0,3.0,5.0
806,Christos,Mandas,Mandas,a,,,4.0,671,50.0,0.0,790,91.0,0.0,495.0,62.0,0,0,0.0,0,0.0,34,3,0.0,0.0,1.4,1.4,0.0,572.0,68.0,,,562.0,68.0,555.0,57.0,522.0,42.0,564.0,68.0,,,,,,,,0.0,0.0,0.0,0.0,0.0,0.0,0.0,0.0,0.0,24,0.0,0.0,0.0,0.0,0.0,0.0,0.0,0.0,0.0,0.0,0.0,0.0,0.0,0.0,0.0,39.0,6.0,0.0,0.0,0.0,0.0,0.0,0.0,0.0,0.0,0.0,0.0,0.0,0.0,0.0
807,Rayan Vitor,Simplício Rocha,Rayan,a,,,5.5,152,95.0,0.0,631,251.0,4.0,56.0,25.0,4,0,0.0,0,0.0,1540,99,0.7,0.7,2.1,2.1,4.0,70.0,33.0,,,425.0,188.0,373.0,192.0,439.0,216.0,436.0,197.0,,,,,,,,0.0,2.45,2.45,3.27,0.0,0.0,0.0,0.0,8.18,24,4.0,22.0,0.0,1.0,0.0,0.0,0.0,0.0,0.0,0.0,0.0,0.0,0.0,0.0,17.0,1622.0,113.0,0.0,0.0,0.6,0.6,0.8,23.0,22.8,2.0,4.8,0.0,1.0,1.0,2.0
27,Reiss,Nelson,Nelson,a,,,4.8,355,222.0,0.1,478,166.0,0.2,400.0,182.0,0,0,0.0,-2,2.0,45,57,0.0,1.2,0.2,0.2,1.0,471.0,217.0,100.0,100.0,435.0,195.0,435.0,210.0,372.0,188.0,444.0,201.0,,,,,,,,1.1,0.13,1.23,2.18,0.0,0.0,1.8,0.0,30.6,24,0.0,0.0,0.0,0.0,0.0,0.0,0.0,0.0,0.0,0.0,0.0,0.0,0.0,0.0,0.0,47.0,58.0,0.0,0.0,0.0,0.0,0.0,0.0,0.0,0.0,0.0,0.0,0.0,0.0,0.0
83,Dango,Ouattara,O.Dango,a,,,5.8,112,70.0,0.3,303,103.0,2.0,193.0,85.0,8,0,0.0,-2,2.0,951,289,0.3,12.8,2.0,2.0,4.1,60.0,27.0,100.0,100.0,200.0,87.0,179.0,120.0,36.0,20.0,109.0,58.0,2.0,,,,,,,0.35,0.08,0.43,1.21,0.0,0.23,1.21,0.99,8.2,24,8.0,59.0,1.0,0.0,0.0,0.0,0.0,0.0,0.0,0.0,0.0,0.0,1.0,2.0,25.0,981.0,395.0,0.0,0.11000000000000032,0.030000000000000027,0.13999999999999968,1.1500000000000004,35.400000000000006,4.799999999999983,19.0,5.8999999999999915,0.0,0.0,0.0,0.0
101,Caoimhín,Kelleher,Kelleher,a,,,4.6,395,19.0,10.0,43,6.0,5.4,18.0,1.0,10,0,0.0,1,-1.0,10506,5541,1.2,20.2,5.4,5.4,3.9,74.0,5.0,100.0,100.0,20.0,6.0,382.0,4.0,725.0,77.0,166.0,5.0,,,,,,,,0.0,0.0,0.0,1.38,2.75,0.25,1.33,1.0,0.0,24,10.0,90.0,0.0,0.0,1.0,0.0,0.0,0.0,0.0,0.0,0.0,5.0,1.0,3.0,37.0,11056.0,6800.0,0.0,0.0,0.0,0.0,2.129999999999999,40.0,0.0,0.0,4.0,0.0,2.0,9.0,0.0
102,Ellery,Balcombe,Balcombe,a,,,3.9,746,78.0,0.3,332,45.0,0.0,457.0,40.0,0,0,0.0,-1,1.0,84,82,0.0,0.0,0.0,0.0,0.0,534.0,46.0,,,524.0,46.0,514.0,32.0,479.0,17.0,526.0,46.0,,,,,,,,0.0,0.0,0.0,0.0,0.0,0.0,0.0,0.0,0.0,24,0.0,0.0,0.0,0.0,0.0,0.0,0.0,0.0,0.0,0.0,0.0,0.0,0.0,0.0,0.0,96.0,89.0,0.0,0.0,0.0,0.0,0.0,0.0,0.0,0.0,0.0,0.0,0.0,0.0,0.0
103,Matthew,Cox,Cox,u,has joined Shrewsbury Town on loan for the rest of the season.,,3.9,763,86.0,0.2,408,61.0,0.0,469.0,48.0,0,0,0.0,-1,1.0,0,170,0.0,0.0,0.0,0.0,0.0,546.0,54.0,0.0,0.0,536.0,54.0,526.0,40.0,491.0,25.0,538.0,54.0,,,,,,,,0.0,0.0,0.0,0.0,0.0,0.0,0.0,0.0,0.0,24,0.0,0.0,0.0,0.0,0.0,0.0,0.0,0.0,0.0,0.0,0.0,0.0,0.0,0.0,0.0,0.0,192.0,0.0,0.0,0.0,0.0,0.0,0.0,0.0,0.0,0.0,0.0,0.0,0.0,0.0
104,Julian,Eyestone,Eyestone,a,,,3.9,767,88.0,0.1,448,67.0,0.0,473.0,50.0,0,0,0.0,-1,1.0,31,94,0.0,0.0,0.0,0.0,0.0,550.0,56.0,,,540.0,56.0,530.0,42.0,495.0,27.0,542.0,56.0,,,,,,,,0.0,0.0,0.0,0.0,0.0,0.0,0.0,0.0,0.0,24,0.0,0.0,0.0,0.0,0.0,0.0,0.0,0.0,0.0,0.0,0.0,0.0,0.0,0.0,0.0,32.0,100.0,0.0,0.0,0.0,0.0,0.0,0.0,0.0,0.0,0.0,0.0,0.0,0.0,0.0
105,Hákon Rafn,Valdimarsson,Valdimarsson,a,,,3.9,764,87.0,0.6,229,29.0,0.0,470.0,49.0,0,0,0.0,-1,1.0,59,212,0.0,0.0,0.0,0.0,0.0,547.0,55.0,,,537.0,55.0,527.0,41.0,492.0,26.0,539.0,55.0,,,,,,,,0.0,0.0,0.0,0.0,0.0,0.0,0.0,0.0,0.0,24,0.0,0.0,0.0,0.0,0.0,0.0,0.0,0.0,0.0,0.0,0.0,0.0,0.0,0.0,0.0,64.0,234.0,0.0,0.0,0.0,0.0,0.0,0.0,0.0,0.0,0.0,0.0,0.0,0.0,0.0
106,Nathan,Collins,Collins,a,,,5.0,257,40.0,3.8,87,30.0,5.2,23.0,3.0,1,0,0.0,0,0.0,5585,10335,1.0,18.4,5.2,5.2,3.8,89.0,32.0,,,8.0,4.0,224.0,60.0,78.0,5.0,56.0,10.0,,,,,,,,0.07,0.04,0.11,1.38,0.0,0.22,1.38,0.98,10.35,24,1.0,31.0,0.0,0.0,0.0,0.0,0.0,0.0,0.0,0.0,0.0,0.0,0.0,0.0,4.0,6179.0,11554.0,0.0,0.050000000000000044,0.0,0.050000000000000266,0.9800000000000004,5.0,0.0,7.0,1.2000000000000028,0.0,3.0,0.0,3.0
107,Keane,Lewis-Potter,Lewis-Potter,a,,,4.9,320,53.0,1.9,134,53.0,1.8,207.0,75.0,1,0,0.0,-1,1.0,612,6420,0.4,13.9,1.8,1.8,3.1,174.0,69.0,,,250.0,101.0,168.0,42.0,148.0,28.0,216.0,71.0,,,,,,,,0.13,0.09,0.22,1.62,0.0,0.58,1.44,0.96,3.47,24,1.0,14.0,0.0,0.0,0.0,0.0,0.0,0.0,0.0,0.0,0.0,0.0,0.0,0.0,4.0,661.0,7356.0,0.0,0.0,0.0,0.0,0.6099999999999994,7.199999999999989,0.20000000000001705,0.0,0.6999999999999957,1.0,1.0,0.0,2.0
108,Kristoffer,Ajer,Ajer,a,,,4.4,519,102.0,0.2,383,140.0,3.6,70.0,24.0,7,0,0.0,-1,1.0,80,314,0.8,12.5,3.6,2.7,3.1,167.0,66.0,100.0,75.0,169.0,71.0,363.0,129.0,174.0,38.0,232.0,79.0,,,,,,,,0.05,0.04,0.09,1.44,0.0,0.3,1.36,1.06,9.93,24,7.0,90.0,0.0,0.0,1.0,0.0,0.0,0.0,0.0,1.0,0.0,0.0,1.0,0.0,20.0,80.0,371.0,0.0,0.06999999999999995,0.020000000000000018,0.09000000000000008,2.1300000000000026,31.400000000000006,0.8999999999999986,9.0,4.100000000000001,1.0,11.0,2.0,12.0
109,Rico,Henry,Henry,a,,,4.3,576,127.0,0.2,401,147.0,3.2,93.0,32.0,6,0,0.0,-2,2.0,292,136,0.7,10.0,3.2,3.2,2.1,307.0,116.0,,,339.0,129.0,342.0,119.0,340.0,110.0,366.0,129.0,,,,,,,,0.02,0.04,0.06,1.79,0.0,0.38,1.34,0.86,4.87,24,6.0,83.0,0.0,0.0,1.0,0.0,0.0,0.0,0.0,0.0,0.0,0.0,1.0,0.0,18.0,312.0,148.0,0.0,0.009999999999999981,0.010000000000000009,0.020000000000000018,1.6000000000000014,0.0,0.7999999999999972,3.0,0.40000000000000036,0.0,4.0,5.0,4.0
110,Michael,Kayode,Kayode,a,,,4.5,493,95.0,0.7,222,85.0,2.6,146.0,49.0,5,0,0.0,0,0.0,679,811,0.6,15.6,2.6,2.6,2.9,203.0,79.0,,,82.0,36.0,46.0,6.0,261.0,76.0,90.0,21.0,,,,,,,,0.01,0.1,0.11,1.4,0.0,0.26,1.34,1.03,6.42,24,5.0,90.0,0.0,0.0,1.0,0.0,0.0,0.0,0.0,1.0,0.0,0.0,1.0,0.0,19.0,708.0,1031.0,0.0,0.0,0.04999999999999982,0.050000000000000266,2.129999999999999,11.199999999999989,13.800000000000011,0.0,2.5,3.0,3.0,7.0,6.0
111,Ethan,Pinnock,Pinnock,a,,,4.2,630,147.0,0.1,453,166.0,0.0,548.0,231.0,0,0,0.0,-3,3.0,86,89,0.0,1.0,0.0,0.0,1.3,412.0,151.0,100.0,100.0,376.0,146.0,450.0,164.0,378.0,136.0,414.0,149.0,,,,,,,,0.0,0.02,0.02,1.26,0.0,0.0,1.97,1.18,11.45,24,0.0,0.0,0.0,0.0,0.0,0.0,0.0,0.0,0.0,0.0,0.0,0.0,0.0,0.0,0.0,88.0,93.0,0.0,0.0,0.0,0.0,0.0,0.0,0.0,0.0,0.0,0.0,0.0,0.0,0.0
112,Mads,Roerslev Rasmussen,Roerslev,u,Has joined Southampton permanently.,,4.5,420,82.0,0.0,697,239.0,0.0,631.0,249.0,0,0,0.0,0,0.0,0,1,0.0,0.0,0.0,0.0,0.0,683.0,253.0,0.0,0.0,678.0,253.0,674.0,253.0,652.0,252.0,680.0,253.0,,,,,,,,0.0,0.0,0.0,0.0,0.0,0.0,0.0,0.0,0.0,24,0.0,0.0,0.0,0.0,0.0,0.0,0.0,0.0,0.0,0.0,0.0,0.0,0.0,0.0,0.0,0.0,1.0,0.0,0.0,0.0,0.0,0.0,0.0,0.0,0.0,0.0,0.0,0.0,0.0,0.0
113,Sepp,van den Berg,Van den Berg,a,,,4.5,429,85.0,0.7,219,83.0,1.8,205.0,74.0,8,0,0.0,0,0.0,459,546,0.4,13.6,1.8,1.8,3.2,153.0,59.0,100.0,100.0,90.0,41.0,331.0,114.0,117.0,21.0,155.0,50.0,,,,,,,,0.1,0.01,0.11,1.35,0.0,0.22,1.4,0.97,9.04,24,8.0,90.0,0.0,0.0,1.0,0.0,0.0,0.0,0.0,0.0,0.0,0.0,1.0,2.0,25.0,476.0,1043.0,0.0,0.0,0.0,0.0,2.1300000000000026,19.19999999999999,10.200000000000003,4.0,3.3000000000000043,0.0,6.0,2.0,6.0
115,Benjamin,Fredrick,Fredrick,u,has joined Dender on loan for the rest of the season.,,4.0,718,199.0,0.1,516,185.0,0.0,537.0,222.0,0,0,0.0,0,0.0,0,8,0.0,0.0,0.0,0.0,0.0,611.0,236.0,0.0,0.0,601.0,235.0,594.0,235.0,562.0,231.0,603.0,235.0,,,,,,,,0.0,0.0,0.0,0.0,0.0,0.0,0.0,0.0,0.0,24,0.0,0.0,0.0,0.0,0.0,0.0,0.0,0.0,0.0,0.0,0.0,0.0,0.0,0.0,0.0,0.0,8.0,0.0,0.0,0.0,0.0,0.0,0.0,0.0,0.0,0.0,0.0,0.0,0.0,0.0
117,Kim,Ji-soo,Ji-soo,u,has joined Kaiserslautern on loan for the rest of the season.,,3.9,772,226.0,0.1,505,182.0,0.0,478.0,186.0,0,0,0.0,-1,1.0,0,16,0.0,0.0,0.0,0.0,0.0,555.0,203.0,0.0,0.0,545.0,202.0,535.0,202.0,500.0,195.0,547.0,202.0,,,,,,,,0.0,0.0,0.0,0.0,0.0,0.0,0.0,0.0,0.0,24,0.0,0.0,0.0,0.0,0.0,0.0,0.0,0.0,0.0,0.0,0.0,0.0,0.0,0.0,0.0,0.0,18.0,0.0,0.0,0.0,0.0,0.0,0.0,0.0,0.0,0.0,0.0,0.0,0.0,0.0
118,Jayden,Meghoma,Meghoma,u,Has joined Rangers on loan for the rest of the season.,,4.0,690,177.0,0.0,605,216.0,0.0,512.0,203.0,0,0,0.0,0,0.0,0,7,0.0,0.0,0.0,0.0,0.0,588.0,219.0,0.0,0.0,578.0,218.0,571.0,218.0,538.0,213.0,580.0,218.0,,,,,,,,0.0,0.0,0.0,0.0,0.0,0.0,0.0,0.0,0.0,24,0.0,0.0,0.0,0.0,0.0,0.0,0.0,0.0,0.0,0.0,0.0,0.0,0.0,0.0,0.0,0.0,8.0,0.0,0.0,0.0,0.0,0.0,0.0,0.0,0.0,0.0,0.0,0.0,0.0,0.0
120,Kevin,Schade,Schade,s,Suspended until 21 Feb,,7.1,38,22.0,2.4,118,39.0,2.6,157.0,72.0,-2,0,0.0,1,-1.0,1264,28271,0.4,12.1,0.0,2.6,3.7,102.0,49.0,0.0,100.0,63.0,19.0,66.0,50.0,9.0,3.0,18.0,14.0,,,3.0,,,,,0.42,0.08,0.5,1.23,0.0,0.34,1.07,1.07,6.88,24,86.0,41.0,0.0,0.0,0.0,0.0,0.0,0.0,0.0,0.0,1.0,0.0,1.0,0.0,292.0,1411.0,30959.0,0.0,0.16000000000000014,0.010000000000000009,0.16999999999999993,0.5999999999999979,0.0,10.899999999999977,6.0,1.1999999999999886,0.0,1.0,3.0,4.0
121,Mikkel,Damsgaard,Damsgaard,a,,,5.6,129,79.0,0.5,258,87.0,2.0,191.0,84.0,0,-1,1.0,-4,4.0,29,1115,0.4,10.9,2.0,1.5,3.0,194.0,85.0,100.0,75.0,154.0,57.0,22.0,21.0,128.0,74.0,63.0,42.0,1.0,3.0,,,,,,0.08,0.26,0.34,1.38,0.0,0.14,1.56,1.06,10.05,24,0.0,0.0,0.0,0.0,0.0,0.0,0.0,0.0,0.0,0.0,0.0,0.0,0.0,0.0,0.0,31.0,1250.0,0.0,0.0,0.0,0.0,0.0,0.0,0.0,0.0,0.0,0.0,0.0,0.0,0.0
122,Antoni,Milambo,Milambo,i,Knee injury - Expected back 01 Jun,,5.2,218,135.0,0.0,648,263.0,0.0,766.0,338.0,0,0,0.0,-3,3.0,5,4,0.0,0.2,0.0,0.0,1.0,483.0,226.0,0.0,0.0,463.0,212.0,443.0,213.0,779.0,346.0,473.0,217.0,,,,,,,,0.0,0.02,0.02,2.98,0.0,0.0,6.0,2.0,8.0,24,0.0,0.0,0.0,0.0,0.0,0.0,0.0,0.0,0.0,0.0,0.0,0.0,0.0,0.0,0.0,6.0,4.0,0.0,0.0,0.0,0.0,0.0,0.0,0.0,0.0,0.0,0.0,0.0,0.0,0.0
123,Fábio,Freitas Gouveia Carvalho,Carvalho,i,Knee injury - Expected back 01 Jun,,4.7,384,240.0,0.1,456,155.0,0.0,703.0,292.0,0,0,0.0,-3,3.0,6,65,0.0,2.8,0.0,0.0,2.2,299.0,129.0,0.0,0.0,401.0,176.0,427.0,208.0,323.0,169.0,411.0,186.0,4.0,,4.0,,,,,0.63,0.03,0.66,1.87,0.0,0.0,3.6,0.9,7.2,24,0.0,0.0,0.0,0.0,0.0,0.0,0.0,0.0,0.0,0.0,0.0,0.0,0.0,0.0,0.0,6.0,71.0,0.0,0.0,0.0,0.0,0.0,0.0,0.0,0.0,0.0,0.0,0.0,0.0,0.0
124,Jordan,Henderson,Henderson,a,,,5.0,241,148.0,0.4,287,95.0,0.8,302.0,134.0,1,0,0.0,0,0.0,329,471,0.2,12.0,0.8,0.8,2.7,231.0,98.0,100.0,100.0,172.0,67.0,81.0,59.0,314.0,164.0,168.0,91.0,,,,,,,,0.02,0.13,0.15,1.25,0.0,0.25,1.33,1.02,8.39,24,1.0,58.0,0.0,0.0,0.0,0.0,0.0,0.0,0.0,0.0,0.0,0.0,1.0,0.0,6.0,355.0,519.0,0.0,0.0,0.0,0.0,1.1500000000000021,6.600000000000023,2.3999999999999773,0.0,0.9000000000000057,1.0,3.0,3.0,7.0
125,Vitaly,Janelt,Janelt,a,,,4.9,302,187.0,0.3,311,105.0,5.0,25.0,14.0,4,0,0.0,-1,1.0,563,1061,1.0,12.0,5.0,5.0,3.1,173.0,74.0,100.0,100.0,173.0,68.0,84.0,62.0,265.0,143.0,160.0,88.0,5.0,,,,,,,0.05,0.16,0.21,1.41,0.0,0.44,0.96,0.88,12.43,24,4.0,90.0,0.0,0.0,1.0,0.0,0.0,0.0,0.0,1.0,0.0,0.0,1.0,0.0,14.0,608.0,1254.0,0.0,0.0,0.020000000000000018,0.020000000000000018,2.129999999999999,21.799999999999983,1.400000000000034,0.0,2.3000000000000043,0.0,11.0,4.0,15.0
126,Mathias,Jensen,Jensen,a,,,4.9,305,189.0,0.1,511,181.0,2.6,150.0,67.0,3,0,0.0,-1,1.0,90,80,0.5,9.8,2.6,2.6,2.2,300.0,130.0,,,245.0,103.0,92.0,69.0,202.0,110.0,183.0,99.0,3.0,,5.0,,,,,0.12,0.25,0.37,1.39,0.0,0.44,1.15,1.06,8.21,24,3.0,75.0,0.0,0.0,1.0,0.0,0.0,0.0,0.0,0.0,0.0,0.0,1.0,0.0,7.0,96.0,87.0,0.0,0.030000000000000027,0.0,0.02999999999999936,1.5099999999999998,5.399999999999977,2.299999999999983,4.0,1.2000000000000028,0.0,3.0,4.0,7.0
127,Gustavo,Nunes Fernandes Gomes,Nunes,u,has joined Swansea City on loan for the rest of the season.,,4.9,344,214.0,0.0,693,293.0,0.0,738.0,315.0,0,0,0.0,-1,1.0,0,32,0.0,0.0,0.0,0.0,0.0,767.0,333.0,0.0,0.0,767.0,333.0,763.0,333.0,755.0,331.0,767.0,333.0,,,,,,,,0.0,0.0,0.0,0.0,0.0,0.0,0.0,0.0,0.0,24,0.0,0.0,0.0,0.0,0.0,0.0,0.0,0.0,0.0,0.0,0.0,0.0,0.0,0.0,0.0,0.0,34.0,0.0,0.0,0.0,0.0,0.0,0.0,0.0,0.0,0.0,0.0,0.0,0.0,0.0
128,Frank,Onyeka,Onyeka,a,,,4.8,364,226.0,0.0,595,225.0,0.0,711.0,296.0,0,0,0.0,-2,2.0,27,35,0.0,2.5,0.0,0.0,2.0,324.0,144.0,100.0,100.0,416.0,186.0,396.0,197.0,418.0,206.0,439.0,199.0,,,,,,,,0.0,0.37,0.37,2.07,0.0,0.0,2.05,0.0,10.23,24,0.0,0.0,0.0,0.0,0.0,0.0,0.0,0.0,0.0,0.0,0.0,0.0,0.0,0.0,0.0,30.0,35.0,0.0,0.0,0.0,0.0,0.0,0.0,0.0,0.0,0.0,0.0,0.0,0.0,0.0
129,Yehor,Yarmoliuk,Yarmoliuk,a,,,5.0,274,167.0,0.1,445,152.0,3.4,83.0,35.0,1,0,0.0,0,0.0,178,255,0.7,14.2,3.4,3.4,3.0,192.0,83.0,100.0,100.0,156.0,58.0,132.0,94.0,210.0,114.0,162.0,89.0,,,,,,,,0.06,0.06,0.12,1.4,0.0,0.26,1.43,1.07,11.38,24,1.0,30.0,0.0,0.0,0.0,0.0,0.0,0.0,0.0,0.0,0.0,0.0,0.0,0.0,2.0,205.0,278.0,0.0,0.0,0.0,0.0,0.9800000000000004,3.3999999999999773,0.29999999999998295,0.0,0.3999999999999986,0.0,2.0,2.0,4.0
130,Romelle,Donovan,Donovan,a,,,4.4,563,338.0,0.1,479,167.0,0.2,387.0,172.0,0,0,0.0,-1,1.0,67,86,0.0,0.2,0.2,0.2,1.0,457.0,204.0,,,466.0,214.0,405.0,200.0,414.0,204.0,454.0,206.0,,,,,,,,4.5,0.9,5.4,0.0,0.0,0.0,0.0,0.0,90.0,24,0.0,0.0,0.0,0.0,0.0,0.0,0.0,0.0,0.0,0.0,0.0,0.0,0.0,0.0,0.0,69.0,93.0,0.0,0.0,0.0,0.0,0.0,0.0,0.0,0.0,0.0,0.0,0.0,0.0,0.0
131,Yunus Emre,Konak,Konak,u,has joined Oxford United on loan for the rest of the season.,,4.3,620,364.0,0.2,392,133.0,0.0,589.0,212.0,0,0,0.0,-2,2.0,0,280,0.0,0.0,0.0,0.0,0.0,649.0,250.0,0.0,0.0,640.0,241.0,637.0,246.0,611.0,235.0,642.0,243.0,,,,,,,,0.0,0.0,0.0,0.0,0.0,0.0,0.0,0.0,0.0,24,0.0,0.0,0.0,0.0,0.0,0.0,0.0,0.0,0.0,0.0,0.0,0.0,0.0,0.0,0.0,0.0,316.0,0.0,0.0,0.0,0.0,0.0,0.0,0.0,0.0,0.0,0.0,0.0,0.0,0.0
132,Paris,Maghoma,Maghoma,u,has joined Norwich City permanently.,,4.5,418,251.0,0.0,653,267.0,0.0,629.0,232.0,0,0,0.0,0,0.0,0,103,0.0,0.0,0.0,0.0,0.0,682.0,267.0,0.0,0.0,677.0,262.0,673.0,265.0,650.0,256.0,679.0,264.0,,,,,,,,0.0,0.0,0.0,0.0,0.0,0.0,0.0,0.0,0.0,24,0.0,0.0,0.0,0.0,0.0,0.0,0.0,0.0,0.0,0.0,0.0,0.0,0.0,0.0,0.0,0.0,110.0,0.0,0.0,0.0,0.0,0.0,0.0,0.0,0.0,0.0,0.0,0.0,0.0,0.0
133,Myles,Peart-Harris,Peart-Harris,u,has joined Oxford United permanently.,,4.4,537,321.0,0.0,622,243.0,0.2,384.0,169.0,0,0,0.0,-1,1.0,0,45,0.0,0.2,0.0,0.0,1.0,453.0,200.0,0.0,0.0,648.0,243.0,645.0,248.0,620.0,237.0,650.0,245.0,,,,,,,,0.0,0.0,0.0,0.0,0.0,0.0,0.0,0.0,0.0,24,0.0,0.0,0.0,0.0,0.0,0.0,0.0,0.0,0.0,0.0,0.0,0.0,0.0,0.0,0.0,0.0,47.0,0.0,0.0,0.0,0.0,0.0,0.0,0.0,0.0,0.0,0.0,0.0,0.0,0.0
134,Ryan,Trevitt,Trevitt,u,Has joined Wigan on loan for the rest of the season,,4.5,485,298.0,0.0,769,333.0,0.0,678.0,272.0,0,0,0.0,0,0.0,0,0,0.0,0.0,0.0,0.0,0.0,724.0,302.0,0.0,0.0,723.0,301.0,718.0,301.0,701.0,296.0,723.0,301.0,,,,,,,,0.0,0.0,0.0,0.0,0.0,0.0,0.0,0.0,0.0,24,0.0,0.0,0.0,0.0,0.0,0.0,0.0,0.0,0.0,0.0,0.0,0.0,0.0,0.0,0.0,0.0,0.0,0.0,0.0,0.0,0.0,0.0,0.0,0.0,0.0,0.0,0.0,0.0,0.0,0.0
136,Igor Thiago,Nascimento Rodrigues,Thiago,a,,,7.1,37,16.0,34.9,6,3.0,7.0,2.0,1.0,2,-1,1.0,11,-11.0,26494,141400,1.0,17.7,7.0,7.0,5.2,10.0,2.0,100.0,100.0,5.0,2.0,129.0,6.0,2.0,2.0,5.0,2.0,,,2.0,,,,,0.59,0.04,0.63,1.42,0.0,0.27,1.34,1.02,5.47,24,2.0,90.0,0.0,0.0,1.0,0.0,0.0,0.0,0.0,0.0,0.0,0.0,1.0,0.0,511.0,30306.0,154152.0,0.0,0.0,0.0,0.0,2.1300000000000026,6.400000000000091,1.4000000000000057,0.0,0.799999999999983,0.0,3.0,6.0,9.0
137,Iwan,Morgan,Morgan,u,has joined Shrewsbury on loan for the rest of the season.,,4.4,549,76.0,0.3,306,50.0,0.0,608.0,58.0,0,0,0.0,-1,1.0,0,265,0.0,0.0,0.0,0.0,0.0,664.0,68.0,0.0,0.0,657.0,68.0,653.0,67.0,629.0,67.0,659.0,68.0,,,,,,,,0.0,0.0,0.0,0.0,0.0,0.0,0.0,0.0,0.0,24,0.0,0.0,0.0,0.0,0.0,0.0,0.0,0.0,0.0,0.0,0.0,0.0,0.0,0.0,0.0,0.0,280.0,0.0,0.0,0.0,0.0,0.0,0.0,0.0,0.0,0.0,0.0,0.0,0.0,0.0
748,Josh,Dasilva,Dasilva,i,Knee injury - Unknown return date,,4.9,298,184.0,0.0,797,353.0,0.0,719.0,302.0,0,0,0.0,-1,1.0,2,2,0.0,0.0,0.0,0.0,0.0,755.0,324.0,0.0,0.0,755.0,324.0,751.0,324.0,742.0,322.0,755.0,324.0,,,,,,,,0.0,0.0,0.0,0.0,0.0,0.0,0.0,0.0,0.0,24,0.0,0.0,0.0,0.0,0.0,0.0,0.0,0.0,0.0,0.0,0.0,0.0,0.0,0.0,0.0,2.0,2.0,0.0,0.0,0.0,0.0,0.0,0.0,0.0,0.0,0.0,0.0,0.0,0.0,0.0
797,Kaye,Furo,Furo,a,,,4.5,486,69.0,0.0,756,90.0,0.0,679.0,67.0,0,0,0.0,0,0.0,61,27,0.0,0.0,0.0,0.0,0.0,725.0,77.0,,,724.0,77.0,719.0,76.0,702.0,76.0,724.0,77.0,,,,,,,,0.0,0.0,0.0,0.0,0.0,0.0,0.0,0.0,0.0,24,0.0,0.0,0.0,0.0,0.0,0.0,0.0,0.0,0.0,0.0,0.0,0.0,0.0,0.0,0.0,70.0,29.0,0.0,0.0,0.0,0.0,0.0,0.0,0.0,0.0,0.0,0.0,0.0,0.0,0.0
810,Luka,Bentt,Bentt,a,,,4.5,467,284.0,0.0,810,364.0,0.0,662.0,260.0,0,0,0.0,0,0.0,6,0,0.0,0.0,1.3,1.3,0.0,710.0,292.0,,,708.0,290.0,704.0,291.0,685.0,284.0,709.0,291.0,,,,,,,,0.0,0.0,0.0,0.0,0.0,0.0,0.0,0.0,0.0,24,0.0,0.0,0.0,0.0,0.0,0.0,0.0,0.0,0.0,0.0,0.0,0.0,0.0,0.0,0.0,6.0,0.0,0.0,0.0,0.0,0.0,0.0,0.0,0.0,0.0,0.0,0.0,0.0,0.0,0.0
138,Jason,Steele,Steele,a,,,4.2,622,31.0,0.2,340,47.0,0.0,546.0,78.0,0,0,0.0,-3,3.0,47,108,0.0,0.0,0.0,0.0,0.0,620.0,84.0,,,611.0,84.0,604.0,73.0,572.0,58.0,613.0,84.0,,,,,,,,0.0,0.0,0.0,0.0,0.0,0.0,0.0,0.0,0.0,24,0.0,0.0,0.0,0.0,0.0,0.0,0.0,0.0,0.0,0.0,0.0,0.0,0.0,0.0,0.0,56.0,115.0,0.0,0.0,0.0,0.0,0.0,0.0,0.0,0.0,0.0,0.0,0.0,0.0,0.0
139,Bart,Verbruggen,Verbruggen,a,,,4.5,441,25.0,5.9,64,11.0,3.2,95.0,9.0,3,0,0.0,0,0.0,2607,3607,0.7,16.4,3.2,3.2,3.1,170.0,15.0,,,14.0,3.0,411.0,7.0,667.0,75.0,159.0,3.0,,,,,,,,0.0,0.0,0.0,1.43,2.79,0.21,1.33,1.0,0.0,24,3.0,90.0,0.0,0.0,0.0,1.0,0.0,0.0,0.0,0.0,0.0,3.0,1.0,0.0,15.0,3873.0,4673.0,0.0,0.0,0.03,0.03,1.2000000000000028,29.0,0.0,0.0,2.8999999999999986,0.0,0.0,7.0,0.0
140,Tom,McGill,McGill,a,,,3.9,742,76.0,0.3,310,41.0,0.0,455.0,38.0,0,0,0.0,-1,1.0,60,120,0.0,0.0,0.0,0.0,0.0,532.0,44.0,,,522.0,44.0,512.0,30.0,477.0,15.0,524.0,44.0,,,,,,,,0.0,0.0,0.0,0.0,0.0,0.0,0.0,0.0,0.0,24,0.0,0.0,0.0,0.0,0.0,0.0,0.0,0.0,0.0,0.0,0.0,0.0,0.0,0.0,0.0,64.0,133.0,0.0,0.0,0.0,0.0,0.0,0.0,0.0,0.0,0.0,0.0,0.0,0.0,0.0
141,Carl,Rushworth,Rushworth,u,Has joined Coventry City on loan for the rest of the season.,,4.0,681,55.0,0.0,788,89.0,0.0,503.0,67.0,0,0,0.0,0,0.0,0,1,0.0,0.0,0.0,0.0,0.0,580.0,73.0,0.0,0.0,570.0,73.0,563.0,62.0,530.0,47.0,572.0,73.0,,,,,,,,0.0,0.0,0.0,0.0,0.0,0.0,0.0,0.0,0.0,24,0.0,0.0,0.0,0.0,0.0,0.0,0.0,0.0,0.0,0.0,0.0,0.0,0.0,0.0,0.0,0.0,1.0,0.0,0.0,0.0,0.0,0.0,0.0,0.0,0.0,0.0,0.0,0.0,0.0,0.0
142,Kjell,Scherpen,Scherpen,u,Has joined Union SG permanently,,4.0,669,48.0,0.0,789,90.0,0.0,493.0,60.0,0,0,0.0,0,0.0,0,0,0.0,0.0,0.0,0.0,0.0,570.0,66.0,0.0,0.0,560.0,66.0,553.0,55.0,520.0,40.0,562.0,66.0,,,,,,,,0.0,0.0,0.0,0.0,0.0,0.0,0.0,0.0,0.0,24,0.0,0.0,0.0,0.0,0.0,0.0,0.0,0.0,0.0,0.0,0.0,0.0,0.0,0.0,0.0,0.0,0.0,0.0,0.0,0.0,0.0,0.0,0.0,0.0,0.0,0.0,0.0,0.0,0.0,0.0
143,Olivier,Boscagli,Boscagli,a,,,4.2,628,145.0,0.1,502,180.0,1.2,263.0,95.0,0,0,0.0,-3,3.0,50,64,0.3,3.6,1.2,1.2,3.0,184.0,71.0,,,368.0,140.0,346.0,121.0,377.0,135.0,389.0,139.0,,,,,,,,0.02,0.07,0.09,1.37,0.0,0.39,0.78,1.17,7.43,24,0.0,0.0,0.0,0.0,0.0,0.0,0.0,0.0,0.0,0.0,0.0,0.0,0.0,0.0,0.0,59.0,73.0,0.0,0.0,0.0,0.0,0.0,0.0,0.0,0.0,0.0,0.0,0.0,0.0,0.0
144,Diego,Coppola,Coppola,u,has joined Paris FC on loan for the rest of the season.,,4.2,642,153.0,0.1,579,209.0,0.0,557.0,234.0,0,0,0.0,-3,3.0,0,127,0.0,2.4,0.0,0.0,2.0,322.0,121.0,0.0,0.0,397.0,152.0,437.0,159.0,427.0,161.0,434.0,157.0,,,,,,,,0.0,0.0,0.0,2.11,0.0,0.47,1.4,0.93,8.39,24,0.0,0.0,0.0,0.0,0.0,0.0,0.0,0.0,0.0,0.0,0.0,0.0,0.0,0.0,0.0,0.0,134.0,0.0,0.0,0.0,0.0,0.0,0.0,0.0,0.0,0.0,0.0,0.0,0.0,0.0
145,Maxim,De Cuyper,De Cuyper,a,,,4.3,585,134.0,1.9,135,54.0,1.8,203.0,72.0,6,0,0.0,-2,2.0,1513,866,0.4,13.0,1.8,1.8,2.8,215.0,83.0,100.0,100.0,230.0,93.0,62.0,13.0,194.0,44.0,150.0,48.0,3.0,6.0,,,,,,0.12,0.18,0.3,1.65,0.0,0.34,1.46,1.12,3.96,24,6.0,69.0,0.0,0.0,1.0,0.0,0.0,0.0,0.0,0.0,0.0,0.0,1.0,0.0,25.0,1580.0,1201.0,0.0,0.0,0.16000000000000014,0.16000000000000014,0.4200000000000017,3.5999999999999943,15.399999999999977,2.0,2.0999999999999943,0.0,2.0,2.0,2.0
146,Lewis,Dunk,Dunk,a,,,4.5,405,72.0,1.0,189,75.0,3.6,71.0,25.0,4,0,0.0,0,0.0,1543,503,0.8,12.7,3.6,3.6,2.5,256.0,100.0,100.0,100.0,54.0,26.0,237.0,67.0,199.0,48.0,132.0,43.0,,1.0,,,,,,0.04,0.02,0.06,1.42,0.0,0.18,1.38,0.98,7.6,24,4.0,90.0,0.0,0.0,0.0,1.0,0.0,0.0,0.0,0.0,0.0,0.0,1.0,0.0,15.0,1683.0,579.0,0.0,0.0,0.0,0.0,1.1999999999999993,25.80000000000001,1.5,0.0,2.700000000000003,2.0,9.0,5.0,11.0
147,Pervis,Estupiñán Tenorio,Estupiñan,u,Has joined AC Milan permanently,,4.5,415,78.0,0.0,729,250.0,0.0,627.0,246.0,0,0,0.0,0,0.0,0,0,0.0,0.0,0.0,0.0,0.0,680.0,251.0,0.0,0.0,675.0,251.0,671.0,251.0,648.0,249.0,677.0,251.0,,,,,,,,0.0,0.0,0.0,0.0,0.0,0.0,0.0,0.0,0.0,24,0.0,0.0,0.0,0.0,0.0,0.0,0.0,0.0,0.0,0.0,0.0,0.0,0.0,0.0,0.0,0.0,0.0,0.0,0.0,0.0,0.0,0.0,0.0,0.0,0.0,0.0,0.0,0.0,0.0,0.0
148,Ferdi,Kadıoğlu,F.Kadıoğlu,a,,,4.4,525,107.0,0.4,277,104.0,3.2,94.0,33.0,2,0,0.0,-1,1.0,675,570,0.7,13.9,3.2,3.2,2.7,226.0,89.0,,,134.0,59.0,61.0,12.0,156.0,32.0,99.0,28.0,2.0,,,,,,,0.06,0.11,0.17,1.43,0.0,0.24,1.3,0.96,5.01,24,2.0,90.0,0.0,0.0,0.0,1.0,0.0,0.0,0.0,0.0,0.0,0.0,1.0,0.0,11.0,885.0,660.0,0.0,0.0,0.10000000000000009,0.10000000000000009,1.2000000000000028,23.600000000000023,30.69999999999999,2.0,5.599999999999994,5.0,2.0,2.0,7.0
149,Igor Julio,dos Santos de Paulo,Igor,a,,,4.5,419,81.0,0.1,518,186.0,0.0,630.0,248.0,0,0,0.0,0,0.0,60,65,0.0,1.3,0.0,0.0,1.5,396.0,145.0,100.0,100.0,421.0,159.0,404.0,148.0,651.0,251.0,443.0,161.0,,,,,,,,0.0,0.0,0.0,4.07,0.0,0.0,2.62,0.87,11.36,24,0.0,0.0,0.0,0.0,0.0,0.0,0.0,0.0,0.0,0.0,0.0,0.0,0.0,0.0,0.0,64.0,70.0,0.0,0.0,0.0,0.0,0.0,0.0,0.0,0.0,0.0,0.0,0.0,0.0,0.0
150,Tariq,Lamptey,Lamptey,u,has joined Fiorentina permanently.,,4.4,527,109.0,0.1,499,179.0,0.0,597.0,244.0,0,0,0.0,-1,1.0,0,15,0.0,0.0,0.0,0.0,0.0,654.0,250.0,0.0,0.0,645.0,250.0,642.0,250.0,617.0,248.0,647.0,250.0,,,,,,,,0.0,0.0,0.0,0.0,0.0,0.0,0.0,0.0,0.0,24,0.0,0.0,0.0,0.0,0.0,0.0,0.0,0.0,0.0,0.0,0.0,0.0,0.0,0.0,0.0,0.0,17.0,0.0,0.0,0.0,0.0,0.0,0.0,0.0,0.0,0.0,0.0,0.0,0.0,0.0
151,Jan Paul,van Hecke,Van Hecke,a,,,4.5,437,87.0,4.4,81,27.0,3.6,72.0,26.0,2,0,0.0,0,0.0,6626,5168,0.8,19.3,3.6,3.6,3.8,87.0,30.0,100.0,100.0,7.0,3.0,189.0,47.0,85.0,7.0,45.0,3.0,,,,,,,,0.09,0.04,0.13,1.43,0.0,0.17,1.39,1.0,8.35,24,2.0,90.0,0.0,0.0,0.0,1.0,0.0,0.0,0.0,0.0,0.0,0.0,1.0,0.0,9.0,7927.0,6178.0,0.0,0.0,0.20000000000000007,0.19999999999999973,1.1999999999999993,17.399999999999977,2.5999999999999943,2.0,2.200000000000003,0.0,9.0,3.0,9.0
152,Joël,Veltman,Veltman,a,,,4.3,570,122.0,0.1,413,151.0,1.8,200.0,70.0,1,0,0.0,-2,2.0,103,200,0.4,7.0,1.8,1.8,2.3,282.0,109.0,100.0,100.0,234.0,95.0,277.0,88.0,282.0,85.0,286.0,96.0,,,,,,,,0.13,0.01,0.14,1.63,0.0,0.13,1.43,0.91,10.13,24,1.0,20.0,0.0,0.0,0.0,1.0,0.0,0.0,0.0,0.0,0.0,0.0,0.0,0.0,0.0,120.0,219.0,0.0,0.0,0.0,0.0,0.7799999999999994,6.800000000000011,0.5,0.0,0.6999999999999993,0.0,3.0,1.0,3.0
153,Adam,Webster,Webster,i,Knee injury - Unknown return date,,4.4,518,101.0,0.0,743,253.0,0.0,593.0,241.0,0,0,0.0,-1,1.0,2,11,0.0,0.0,0.0,0.0,0.0,651.0,248.0,0.0,0.0,642.0,248.0,639.0,248.0,614.0,246.0,644.0,248.0,,,,,,,,0.0,0.0,0.0,0.0,0.0,0.0,0.0,0.0,0.0,24,0.0,0.0,0.0,0.0,0.0,0.0,0.0,0.0,0.0,0.0,0.0,0.0,0.0,0.0,0.0,4.0,12.0,0.0,0.0,0.0,0.0,0.0,0.0,0.0,0.0,0.0,0.0,0.0,0.0,0.0
154,Eiran,Cashin,Cashin,u,has joined Blackburn Rovers on loan for the rest of the season.,,4.0,672,167.0,0.0,762,258.0,0.0,496.0,195.0,0,0,0.0,0,0.0,0,1,0.0,0.0,0.0,0.0,0.0,573.0,212.0,0.0,0.0,563.0,211.0,556.0,211.0,523.0,206.0,565.0,211.0,,,,,,,,0.0,0.0,0.0,0.0,0.0,0.0,0.0,0.0,0.0,24,0.0,0.0,0.0,0.0,0.0,0.0,0.0,0.0,0.0,0.0,0.0,0.0,0.0,0.0,0.0,0.0,1.0,0.0,0.0,0.0,0.0,0.0,0.0,0.0,0.0,0.0,0.0,0.0,0.0,0.0
155,Jacob,Slater,Slater,u,has joined Harrogate Town on loan until January.,,4.0,712,193.0,0.1,486,176.0,0.0,532.0,217.0,0,0,0.0,0,0.0,0,13,0.0,0.0,0.0,0.0,0.0,606.0,231.0,0.0,0.0,596.0,230.0,589.0,230.0,557.0,226.0,598.0,230.0,,,,,,,,0.0,0.0,0.0,0.0,0.0,0.0,0.0,0.0,0.0,24,0.0,0.0,0.0,0.0,0.0,0.0,0.0,0.0,0.0,0.0,0.0,0.0,0.0,0.0,0.0,0.0,14.0,0.0,0.0,0.0,0.0,0.0,0.0,0.0,0.0,0.0,0.0,0.0,0.0,0.0
156,Charlie,Tasker,Tasker,a,,,3.8,800,253.0,0.1,414,152.0,0.0,437.0,172.0,0,0,0.0,-2,2.0,85,83,0.0,0.0,0.0,0.0,0.0,516.0,191.0,,,506.0,190.0,495.0,190.0,459.0,182.0,508.0,190.0,,,,,,,,0.0,0.0,0.0,0.0,0.0,0.0,0.0,0.0,0.0,24,0.0,0.0,0.0,0.0,0.0,0.0,0.0,0.0,0.0,0.0,0.0,0.0,0.0,0.0,0.0,91.0,92.0,0.0,0.0,0.0,0.0,0.0,0.0,0.0,0.0,0.0,0.0,0.0,0.0,0.0
157,Mitoma,Kaoru,Mitoma,a,,,6.1,83,55.0,2.1,128,44.0,3.4,87.0,37.0,2,0,0.0,-4,4.0,1659,2075,0.6,6.6,3.4,3.4,2.9,209.0,90.0,100.0,100.0,249.0,107.0,82.0,60.0,95.0,59.0,137.0,74.0,,,,,,,,0.19,0.15,0.34,1.32,0.0,0.18,1.15,0.98,4.89,24,2.0,90.0,0.0,0.0,0.0,1.0,0.0,0.0,0.0,0.0,0.0,0.0,1.0,0.0,8.0,2116.0,2394.0,0.0,0.49,0.20999999999999996,0.6999999999999997,1.1999999999999993,9.0,28.80000000000001,17.0,5.5,1.0,0.0,7.0,8.0
158,Georginio,Rutter,Georginio,a,,,5.6,132,81.0,0.4,265,90.0,2.6,154.0,70.0,1,0,0.0,-4,4.0,219,958,0.5,11.2,2.6,2.6,2.9,207.0,88.0,100.0,100.0,193.0,82.0,88.0,65.0,43.0,26.0,82.0,49.0,,,,,,,,0.13,0.13,0.26,1.16,0.0,0.38,0.95,1.08,6.21,24,1.0,59.0,0.0,0.0,0.0,0.0,0.0,0.0,0.0,0.0,0.0,0.0,1.0,0.0,2.0,274.0,1226.0,0.0,0.1100000000000001,0.03000000000000025,0.14000000000000012,0.0799999999999983,4.0,14.099999999999966,8.0,2.5999999999999943,1.0,2.0,1.0,4.0
159,Solly,March,March,i,Lack of match fitness - Unknown return date,,5.8,105,67.0,0.0,741,317.0,0.0,795.0,355.0,0,0,0.0,-2,2.0,9,8,0.0,0.0,0.0,0.0,0.0,800.0,357.0,0.0,0.0,800.0,357.0,800.0,357.0,798.0,356.0,800.0,357.0,,,,,,,,0.0,0.0,0.0,0.0,0.0,0.0,0.0,0.0,0.0,24,0.0,0.0,0.0,0.0,0.0,0.0,0.0,0.0,0.0,0.0,0.0,0.0,0.0,0.0,0.0,10.0,12.0,0.0,0.0,0.0,0.0,0.0,0.0,0.0,0.0,0.0,0.0,0.0,0.0,0.0
160,Yankuba,Minteh,Minteh,a,,,5.7,122,75.0,2.5,114,36.0,0.6,331.0,149.0,1,0,0.0,-3,3.0,1404,6367,0.1,14.4,0.6,0.6,3.7,101.0,48.0,100.0,100.0,143.0,50.0,24.0,23.0,24.0,11.0,31.0,25.0,1.0,,,,,,,0.16,0.16,0.32,1.39,0.0,0.34,1.4,1.01,6.84,24,1.0,30.0,0.0,0.0,0.0,1.0,0.0,0.0,0.0,0.0,0.0,0.0,0.0,0.0,7.0,1742.0,7985.0,0.0,0.050000000000000266,0.0,0.05000000000000071,1.1199999999999974,4.0,10.399999999999977,7.0,2.0999999999999943,1.0,1.0,3.0,5.0
161,Julio,Enciso Espínola,Enciso,u,has joined Strasbourg permanently.,,5.4,175,108.0,0.0,730,310.0,0.0,783.0,346.0,0,0,0.0,-1,1.0,0,1,0.0,0.0,0.0,0.0,0.0,793.0,352.0,0.0,0.0,793.0,352.0,792.0,352.0,788.0,351.0,793.0,352.0,,,,,,,,0.0,0.0,0.0,0.0,0.0,0.0,0.0,0.0,0.0,24,0.0,0.0,0.0,0.0,0.0,0.0,0.0,0.0,0.0,0.0,0.0,0.0,0.0,0.0,0.0,0.0,1.0,0.0,0.0,0.0,0.0,0.0,0.0,0.0,0.0,0.0,0.0,0.0,0.0,0.0
162,Brajan,Gruda,Gruda,a,,,5.4,180,112.0,0.1,554,203.0,1.2,276.0,121.0,0,0,0.0,-1,1.0,76,86,0.2,6.5,1.2,1.2,1.9,349.0,154.0,100.0,100.0,290.0,130.0,117.0,82.0,149.0,86.0,209.0,107.0,,,,,,,,0.24,0.11,0.35,1.76,0.0,0.25,1.4,1.02,7.37,24,0.0,0.0,0.0,0.0,0.0,0.0,0.0,0.0,0.0,0.0,0.0,0.0,0.0,0.0,0.0,85.0,94.0,0.0,0.0,0.0,0.0,0.0,0.0,0.0,0.0,0.0,0.0,0.0,0.0,0.0
163,Jack,Hinshelwood,Hinshelwood,a,,,5.1,239,146.0,0.0,587,219.0,1.4,253.0,111.0,0,0,0.0,-4,4.0,72,111,0.3,7.1,1.4,1.4,2.8,220.0,93.0,100.0,100.0,293.0,133.0,305.0,173.0,230.0,125.0,308.0,148.0,,,,,,,,0.1,0.05,0.15,2.15,0.0,0.14,1.79,0.96,8.93,24,0.0,0.0,0.0,0.0,0.0,0.0,0.0,0.0,0.0,0.0,0.0,0.0,0.0,0.0,0.0,81.0,131.0,0.0,0.0,0.0,0.0,0.0,0.0,0.0,0.0,0.0,0.0,0.0,0.0,0.0
164,Matt,O'Riley,O'Riley,u,has joined Marseille on loan for the rest of the season.,,5.5,143,89.0,0.3,299,100.0,0.0,789.0,352.0,0,0,0.0,0,0.0,0,60,0.0,2.2,0.0,0.0,6.0,4.0,2.0,0.0,0.0,379.0,166.0,279.0,162.0,277.0,147.0,355.0,168.0,,,,,,,,0.62,0.09,0.71,1.08,0.0,0.51,1.02,1.02,4.58,24,0.0,0.0,0.0,0.0,0.0,0.0,0.0,0.0,0.0,0.0,0.0,0.0,0.0,0.0,0.0,0.0,63.0,0.0,0.0,0.0,0.0,0.0,0.0,0.0,0.0,0.0,0.0,0.0,0.0,0.0
166,Yasin,Ayari,Ayari,a,,,4.8,370,231.0,1.1,183,61.0,6.8,4.0,3.0,6,0,0.0,-2,2.0,13922,1430,1.4,17.3,6.8,6.8,4.0,66.0,31.0,100.0,100.0,141.0,48.0,118.0,83.0,100.0,62.0,114.0,62.0,4.0,5.0,,,,,,0.13,0.06,0.19,1.3,0.0,0.26,1.11,0.95,10.59,24,6.0,90.0,0.0,1.0,0.0,1.0,0.0,0.0,0.0,0.0,0.0,0.0,1.0,1.0,26.0,16538.0,1702.0,0.0,0.0,0.1200000000000001,0.11999999999999966,1.1999999999999993,23.0,13.5,2.0,3.8999999999999915,2.0,1.0,6.0,9.0
167,Carlos,Baleba,Baleba,a,,,4.5,456,275.0,1.4,161,56.0,1.8,206.0,90.0,4,0,0.0,-5,5.0,1931,507,0.4,7.6,1.8,1.8,1.8,354.0,158.0,100.0,100.0,346.0,154.0,264.0,158.0,347.0,181.0,356.0,169.0,,,,,,,,0.03,0.02,0.05,1.25,0.0,0.33,1.24,1.32,11.0,24,4.0,90.0,0.0,0.0,0.0,1.0,0.0,0.0,0.0,0.0,0.0,0.0,1.0,0.0,10.0,2085.0,568.0,0.0,0.0,0.020000000000000018,0.020000000000000018,1.1999999999999993,7.0,2.6000000000000085,2.0,1.2000000000000028,3.0,3.0,8.0,14.0
169,Diego,Gómez Amarilla,Gomez,d,Knock - 75% chance of playing,,4.9,338,208.0,0.2,382,128.0,1.8,208.0,91.0,0,0,0.0,-1,1.0,16,631,0.4,11.4,1.4,1.4,2.7,230.0,97.0,75.0,75.0,164.0,63.0,98.0,74.0,59.0,37.0,89.0,54.0,,3.0,,,,,,0.28,0.08,0.36,1.39,0.0,0.25,1.4,1.08,9.24,24,0.0,0.0,0.0,0.0,0.0,0.0,0.0,0.0,0.0,0.0,0.0,0.0,0.0,0.0,0.0,20.0,762.0,0.0,0.0,0.0,0.0,0.0,0.0,0.0,0.0,0.0,0.0,0.0,0.0,0.0
170,James,Milner,Milner,a,,,4.9,285,176.0,0.1,463,157.0,0.8,301.0,133.0,1,0,0.0,-1,1.0,115,70,0.2,4.5,0.8,0.8,1.6,384.0,170.0,100.0,100.0,341.0,151.0,239.0,147.0,353.0,183.0,348.0,166.0,5.0,,1.0,,,,,0.25,0.15,0.4,1.99,0.0,0.0,3.22,0.59,9.67,24,1.0,1.0,0.0,0.0,0.0,1.0,0.0,0.0,0.0,0.0,0.0,0.0,0.0,0.0,3.0,122.0,74.0,0.0,0.0,0.0,0.0,0.6200000000000001,0.0,0.0,0.0,0.0,0.0,0.0,0.0,0.0
171,Jeremy,Sarmiento Morante,Sarmiento,u,has joined Middlesbrough on loan for the rest of the season.,,4.9,328,202.0,0.0,690,290.0,0.0,731.0,310.0,0,0,0.0,-1,1.0,0,3,0.0,0.0,0.0,0.0,0.0,763.0,331.0,0.0,0.0,763.0,331.0,759.0,331.0,751.0,329.0,763.0,331.0,,,,,,,,0.0,0.0,0.0,0.0,0.0,0.0,0.0,0.0,0.0,24,0.0,0.0,0.0,0.0,0.0,0.0,0.0,0.0,0.0,0.0,0.0,0.0,0.0,0.0,0.0,0.0,3.0,0.0,0.0,0.0,0.0,0.0,0.0,0.0,0.0,0.0,0.0,0.0,0.0,0.0
174,Malick,Yalcouyé,Yalcouye,u,Has joined Swansea City on loan for the rest of the season.,,5.0,280,172.0,0.0,760,329.0,0.0,757.0,330.0,0,0,0.0,0,0.0,0,0,0.0,0.0,0.0,0.0,0.0,782.0,345.0,0.0,0.0,782.0,345.0,780.0,345.0,774.0,343.0,782.0,345.0,,,,,,,,0.0,0.0,0.0,0.0,0.0,0.0,0.0,0.0,0.0,24,0.0,0.0,0.0,0.0,0.0,0.0,0.0,0.0,0.0,0.0,0.0,0.0,0.0,0.0,0.0,0.0,0.0,0.0,0.0,0.0,0.0,0.0,0.0,0.0,0.0,0.0,0.0,0.0,0.0,0.0
175,Joe,Knight,Knight,a,,,4.4,554,333.0,0.1,512,182.0,0.0,613.0,224.0,0,0,0.0,-1,1.0,50,51,0.0,0.2,0.0,0.0,1.0,455.0,202.0,,,662.0,254.0,658.0,258.0,634.0,248.0,664.0,256.0,,,,,,,,0.0,0.0,0.0,0.0,0.0,0.0,0.0,0.0,0.0,24,0.0,0.0,0.0,0.0,0.0,0.0,0.0,0.0,0.0,0.0,0.0,0.0,0.0,0.0,0.0,57.0,57.0,0.0,0.0,0.0,0.0,0.0,0.0,0.0,0.0,0.0,0.0,0.0,0.0,0.0
176,Adrian,Mazilu,Mazilu,u,has joined Dinamo Bucharest permanently.,,4.5,461,280.0,0.0,676,280.0,0.0,658.0,257.0,0,0,0.0,0,0.0,0,5,0.0,0.0,0.0,0.0,0.0,707.0,290.0,0.0,0.0,703.0,286.0,700.0,288.0,680.0,280.0,704.0,287.0,,,,,,,,0.0,0.0,0.0,0.0,0.0,0.0,0.0,0.0,0.0,24,0.0,0.0,0.0,0.0,0.0,0.0,0.0,0.0,0.0,0.0,0.0,0.0,0.0,0.0,0.0,0.0,5.0,0.0,0.0,0.0,0.0,0.0,0.0,0.0,0.0,0.0,0.0,0.0,0.0,0.0
177,Andrew,Moran,Moran,u,Has joined Los Angeles FC on loan for the rest of the season.,,4.5,450,269.0,0.0,685,285.0,0.0,650.0,249.0,0,0,0.0,0,0.0,0,3,0.0,0.0,0.0,0.0,0.0,699.0,282.0,0.0,0.0,695.0,278.0,692.0,280.0,672.0,272.0,696.0,279.0,,,,,,,,0.0,0.0,0.0,0.0,0.0,0.0,0.0,0.0,0.0,24,0.0,0.0,0.0,0.0,0.0,0.0,0.0,0.0,0.0,0.0,0.0,0.0,0.0,0.0,0.0,0.0,3.0,0.0,0.0,0.0,0.0,0.0,0.0,0.0,0.0,0.0,0.0,0.0,0.0,0.0
178,Danny,Welbeck,Welbeck,a,,,6.2,71,23.0,4.1,83,15.0,1.4,256.0,32.0,2,0,0.0,-3,3.0,3620,9899,0.2,11.3,1.4,1.4,3.0,196.0,20.0,100.0,100.0,136.0,12.0,140.0,9.0,28.0,14.0,69.0,12.0,,2.0,2.0,,,,,0.56,0.05,0.61,1.35,0.0,0.27,1.34,1.0,4.15,24,2.0,69.0,0.0,0.0,1.0,0.0,0.0,0.0,0.0,0.0,0.0,0.0,1.0,0.0,5.0,4948.0,10788.0,0.0,0.5500000000000007,0.040000000000000036,0.5899999999999999,0.4200000000000017,4.599999999999966,11.099999999999994,47.0,6.300000000000011,1.0,1.0,3.0,5.0
179,Evan,Ferguson,Ferguson,u,Has joined AS Roma on loan for the rest of the season,,5.5,151,38.0,0.0,740,88.0,0.0,792.0,83.0,0,0,0.0,0,0.0,0,0,0.0,0.0,0.0,0.0,0.0,799.0,87.0,0.0,0.0,799.0,87.0,798.0,87.0,795.0,87.0,799.0,87.0,,,,,,,,0.0,0.0,0.0,0.0,0.0,0.0,0.0,0.0,0.0,24,0.0,0.0,0.0,0.0,0.0,0.0,0.0,0.0,0.0,0.0,0.0,0.0,0.0,0.0,0.0,0.0,0.0,0.0,0.0,0.0,0.0,0.0,0.0,0.0,0.0,0.0,0.0,0.0,0.0,0.0
180,Stefanos,Tzimas,Tzimas,i,Knee injury - Expected back 01 Jun,,5.2,222,51.0,0.1,515,72.0,0.0,767.0,78.0,0,0,0.0,-3,3.0,6,24,0.0,3.1,0.0,0.0,1.8,358.0,40.0,0.0,0.0,372.0,38.0,282.0,29.0,309.0,50.0,361.0,44.0,,,,,,,,0.3,0.08,0.38,1.77,0.0,0.0,1.36,0.68,10.23,24,0.0,0.0,0.0,0.0,0.0,0.0,0.0,0.0,0.0,0.0,0.0,0.0,0.0,0.0,0.0,10.0,28.0,0.0,0.0,0.0,0.0,0.0,0.0,0.0,0.0,0.0,0.0,0.0,0.0,0.0
181,Charalampos,Kostoulas,Kostoulas,a,,,4.8,374,63.0,0.4,289,45.0,2.8,131.0,19.0,1,0,0.0,-2,2.0,395,470,0.6,5.6,2.8,2.8,1.9,343.0,35.0,,,304.0,30.0,274.0,27.0,134.0,33.0,273.0,33.0,,,,,,,,0.61,0.09,0.7,1.54,0.0,0.45,2.23,0.45,12.92,24,1.0,20.0,0.0,0.0,0.0,1.0,0.0,0.0,0.0,0.0,0.0,0.0,0.0,0.0,1.0,439.0,513.0,0.0,0.0,0.0,0.0,0.7799999999999998,3.4000000000000057,0.5,2.0,0.6000000000000014,1.0,1.0,1.0,3.0
744,Nehemiah,Oriola,Oriola,a,,,4.5,466,283.0,0.0,709,300.0,0.0,661.0,259.0,0,0,0.0,0,0.0,16,29,0.0,0.2,0.0,0.0,1.0,462.0,208.0,,,707.0,289.0,703.0,290.0,684.0,283.0,708.0,290.0,,,,,,,,0.0,0.0,0.0,0.0,0.0,0.0,0.0,0.0,0.0,24,0.0,0.0,0.0,0.0,0.0,0.0,0.0,0.0,0.0,0.0,0.0,0.0,0.0,0.0,0.0,19.0,30.0,0.0,0.0,0.0,0.0,0.0,0.0,0.0,0.0,0.0,0.0,0.0,0.0,0.0
761,Freddie,Simmonds,Simmonds,a,,,4.0,717,198.0,0.0,726,249.0,0.0,536.0,221.0,0,0,0.0,0,0.0,17,14,0.0,0.0,0.0,0.0,0.0,610.0,235.0,,,600.0,234.0,593.0,234.0,561.0,230.0,602.0,234.0,,,,,,,,0.0,0.0,0.0,0.0,0.0,0.0,0.0,0.0,0.0,24,0.0,0.0,0.0,0.0,0.0,0.0,0.0,0.0,0.0,0.0,0.0,0.0,0.0,0.0,0.0,19.0,15.0,0.0,0.0,0.0,0.0,0.0,0.0,0.0,0.0,0.0,0.0,0.0,0.0,0.0
783,Pascal,Groß,Groß,a,,,5.5,135,82.0,0.1,561,207.0,3.8,64.0,28.0,12,0,0.0,0,0.0,1858,152,0.7,3.5,3.8,3.8,3.8,92.0,43.0,,,332.0,147.0,172.0,115.0,279.0,148.0,299.0,145.0,,,,,,,,0.12,0.19,0.31,1.32,0.0,0.24,0.72,0.96,9.1,24,12.0,90.0,1.0,0.0,1.0,0.0,0.0,0.0,0.0,1.0,0.0,0.0,1.0,3.0,34.0,1924.0,182.0,0.0,0.25,0.050000000000000044,0.30000000000000004,0.5699999999999994,46.599999999999994,3.3000000000000114,24.0,7.399999999999999,3.0,5.0,7.0,15.0
795,Harry,Howell,Howell,a,,,4.5,488,300.0,0.0,793,349.0,0.0,681.0,274.0,0,0,0.0,0,0.0,13,12,0.0,0.0,0.0,0.0,0.0,727.0,304.0,,,726.0,303.0,721.0,303.0,704.0,298.0,726.0,303.0,,,,,,,,0.0,0.0,0.0,0.0,0.0,0.0,0.0,0.0,0.0,24,0.0,0.0,0.0,0.0,0.0,0.0,0.0,0.0,0.0,0.0,0.0,0.0,0.0,0.0,0.0,14.0,12.0,0.0,0.0,0.0,0.0,0.0,0.0,0.0,0.0,0.0,0.0,0.0,0.0,0.0
226,Trevoh,Chalobah,Chalobah,a,,,5.7,115,11.0,23.0,16,5.0,4.4,43.0,13.0,3,0,0.0,7,-7.0,51671,16940,0.8,20.5,4.4,4.4,5.1,11.0,4.0,100.0,100.0,18.0,7.0,245.0,74.0,160.0,35.0,92.0,23.0,,,,,,,,0.05,0.03,0.08,1.32,0.0,0.4,1.16,1.03,9.09,24,3.0,90.0,0.0,0.0,0.0,2.0,0.0,0.0,0.0,0.0,0.0,0.0,1.0,0.0,9.0,64497.0,18690.0,0.0,0.0,0.019999999999999907,0.020000000000000018,1.120000000000001,24.600000000000023,4.299999999999997,2.0,3.0999999999999943,0.0,12.0,3.0,12.0
227,Levi,Samuels Colwill,Colwill,i,Anterior cruciate ligament - Unknown return date,,4.7,386,66.0,0.1,462,171.0,0.0,705.0,253.0,0,0,0.0,-3,3.0,14,27,0.0,0.0,0.0,0.0,0.0,747.0,257.0,0.0,0.0,747.0,257.0,742.0,257.0,729.0,256.0,747.0,257.0,,,,,,,,0.0,0.0,0.0,0.0,0.0,0.0,0.0,0.0,0.0,24,0.0,0.0,0.0,0.0,0.0,0.0,0.0,0.0,0.0,0.0,0.0,0.0,0.0,0.0,0.0,15.0,28.0,0.0,0.0,0.0,0.0,0.0,0.0,0.0,0.0,0.0,0.0,0.0,0.0,0.0
228,Malo,Gusto,Gusto,a,,,4.9,334,55.0,1.9,133,52.0,1.2,271.0,98.0,1,0,0.0,-1,1.0,3403,3712,0.2,15.3,1.2,1.2,3.6,107.0,37.0,100.0,100.0,162.0,68.0,115.0,30.0,192.0,43.0,151.0,49.0,,,,,,,,0.08,0.06,0.14,1.59,0.0,0.41,1.17,0.96,5.28,24,1.0,80.0,0.0,0.0,0.0,2.0,0.0,0.0,0.0,0.0,0.0,0.0,1.0,0.0,5.0,3801.0,4080.0,0.0,0.0,0.030000000000000027,0.029999999999999805,0.9200000000000017,6.400000000000034,14.300000000000011,4.0,2.5,0.0,1.0,5.0,1.0
229,Benoît,Badiashile Mukinayi,B.Badiashile,a,,,4.4,530,112.0,0.1,576,208.0,1.2,266.0,97.0,0,0,0.0,-1,1.0,268,194,0.3,1.6,1.2,1.2,0.9,490.0,170.0,100.0,100.0,321.0,124.0,421.0,153.0,430.0,162.0,394.0,142.0,,,,,,,,0.0,0.01,0.01,1.42,0.0,0.0,1.91,1.15,9.19,24,0.0,45.0,0.0,0.0,0.0,2.0,0.0,0.0,0.0,0.0,0.0,0.0,1.0,0.0,6.0,468.0,225.0,0.0,0.0,0.009999999999999995,0.009999999999999995,0.5099999999999998,22.39999999999999,0.8000000000000007,0.0,2.3000000000000007,1.0,6.0,1.0,7.0
230,Wesley,Fofana,Fofana,a,,,4.4,535,115.0,0.4,275,102.0,1.0,279.0,101.0,4,0,0.0,-1,1.0,2024,692,0.2,10.5,1.0,1.0,3.5,117.0,42.0,100.0,100.0,165.0,69.0,362.0,128.0,359.0,123.0,281.0,92.0,,,,,,,,0.03,0.05,0.08,1.47,0.0,0.42,0.95,0.95,12.37,24,4.0,45.0,0.0,1.0,0.0,0.0,0.0,0.0,0.0,0.0,0.0,0.0,0.0,0.0,23.0,2139.0,880.0,0.0,0.0,0.44,0.44,0.6099999999999994,30.400000000000006,15.8,0.0,4.600000000000001,0.0,2.0,1.0,2.0
231,Mamadou,Sarr,M.Sarr,u,Has joined RC Strasbourg on loan for the rest of the season.,,4.5,474,94.0,0.0,744,254.0,0.0,669.0,252.0,0,0,0.0,0,0.0,0,1,0.0,0.0,0.0,0.0,0.0,716.0,256.0,0.0,0.0,714.0,256.0,710.0,256.0,692.0,255.0,715.0,256.0,,,,,,,,0.0,0.0,0.0,0.0,0.0,0.0,0.0,0.0,0.0,24,0.0,0.0,0.0,0.0,0.0,0.0,0.0,0.0,0.0,0.0,0.0,0.0,0.0,0.0,0.0,0.0,1.0,0.0,0.0,0.0,0.0,0.0,0.0,0.0,0.0,0.0,0.0,0.0,0.0,0.0
232,Tosin,Adarabioyo,Tosin,i,Hamstring injury - Unknown return date,,4.0,658,160.0,0.3,333,123.0,0.6,312.0,112.0,0,0,0.0,-5,5.0,17,372,0.2,7.5,0.0,0.0,2.7,225.0,88.0,0.0,0.0,212.0,84.0,359.0,126.0,365.0,126.0,314.0,106.0,,,,,,,,0.01,0.05,0.06,1.4,0.0,0.26,1.41,0.89,11.12,24,0.0,0.0,0.0,0.0,0.0,0.0,0.0,0.0,0.0,0.0,0.0,0.0,0.0,0.0,0.0,17.0,419.0,0.0,0.0,0.0,0.0,0.0,0.0,0.0,0.0,0.0,0.0,0.0,0.0,0.0
233,Josh,Acheampong,Acheampong,a,,,3.8,804,257.0,1.2,173,65.0,0.8,292.0,103.0,0,0,0.0,-2,2.0,719,1576,0.2,8.2,0.8,0.8,3.4,125.0,44.0,100.0,100.0,316.0,122.0,370.0,133.0,272.0,79.0,349.0,121.0,,,,,,,,0.11,0.02,0.13,2.27,0.0,0.38,1.71,1.14,6.09,24,0.0,0.0,0.0,0.0,0.0,0.0,0.0,0.0,0.0,0.0,0.0,0.0,0.0,0.0,0.0,837.0,1787.0,0.0,0.0,0.0,0.0,0.0,0.0,0.0,0.0,0.0,0.0,0.0,0.0,0.0
235,Cole,Palmer,Palmer,a,,,10.4,3,2.0,11.9,34,13.0,2.8,141.0,64.0,2,0,0.0,-1,1.0,15615,15168,0.3,4.5,2.8,2.8,3.6,114.0,55.0,100.0,100.0,229.0,96.0,198.0,132.0,81.0,51.0,181.0,97.0,,1.0,1.0,,,,,0.45,0.05,0.5,1.68,0.0,0.21,1.28,1.17,7.26,24,2.0,90.0,0.0,0.0,0.0,2.0,0.0,0.0,0.0,0.0,0.0,0.0,1.0,0.0,9.0,19497.0,16330.0,0.0,0.6500000000000004,0.04999999999999999,0.7000000000000002,1.1199999999999992,8.400000000000006,6.700000000000003,16.0,3.1000000000000014,1.0,1.0,3.0,5.0
236,Pedro,Lomba Neto,Neto,a,,,7.1,34,21.0,6.0,62,22.0,3.0,125.0,55.0,2,0,0.0,1,-1.0,5354,20136,0.4,13.5,3.0,3.0,4.0,72.0,35.0,100.0,100.0,75.0,23.0,8.0,8.0,31.0,16.0,16.0,12.0,1.0,4.0,,,,,,0.17,0.23,0.4,1.19,0.0,0.48,0.77,1.01,4.29,24,2.0,64.0,0.0,0.0,0.0,1.0,0.0,0.0,0.0,0.0,0.0,0.0,0.0,0.0,17.0,6474.0,21703.0,0.0,0.0,0.5199999999999996,0.5199999999999996,0.9299999999999997,15.800000000000011,50.0,8.0,7.400000000000006,0.0,0.0,1.0,1.0
237,Enzo,Fernández,Enzo,a,,,6.8,48,30.0,20.4,18,6.0,6.8,5.0,4.0,8,1,-1.0,3,-3.0,151260,6137,1.0,16.8,6.8,6.8,5.0,15.0,7.0,100.0,100.0,15.0,5.0,10.0,10.0,13.0,6.0,4.0,3.0,3.0,3.0,2.0,,,,,0.42,0.18,0.6,1.32,0.0,0.37,1.1,1.01,7.56,24,8.0,90.0,1.0,0.0,0.0,2.0,0.0,0.0,0.0,1.0,0.0,0.0,1.0,2.0,34.0,172645.0,7944.0,0.0,0.33000000000000007,0.05999999999999961,0.39000000000000057,1.120000000000001,44.799999999999955,9.5,26.0,8.0,1.0,3.0,3.0,7.0
238,Estêvão,Almeida de Oliveira Gonçalves,Estêvão,a,,,6.4,61,40.0,2.6,111,33.0,2.8,139.0,62.0,0,0,0.0,-1,1.0,6445,10260,0.4,8.1,2.8,2.8,2.9,210.0,91.0,100.0,100.0,254.0,108.0,130.0,92.0,67.0,42.0,145.0,80.0,4.0,,3.0,,,,,0.37,0.28,0.65,1.08,0.0,0.4,1.07,1.2,5.87,24,0.0,0.0,0.0,0.0,0.0,0.0,0.0,0.0,0.0,0.0,0.0,0.0,0.0,0.0,0.0,8808.0,10578.0,0.0,0.0,0.0,0.0,0.0,0.0,0.0,0.0,0.0,0.0,0.0,0.0,0.0
239,Jamie,Bynoe-Gittens,Gittens,d,Muscle injury - 75% chance of playing,,6.0,88,56.0,0.1,457,156.0,0.4,368.0,164.0,1,0,0.0,-5,5.0,49,149,0.1,4.2,0.3,0.4,1.6,388.0,173.0,75.0,100.0,336.0,148.0,190.0,127.0,231.0,126.0,292.0,140.0,,,,,,,,0.15,0.17,0.32,1.65,0.0,0.19,1.3,0.93,5.37,24,1.0,25.0,0.0,0.0,0.0,1.0,0.0,0.0,0.0,0.0,0.0,0.0,1.0,0.0,4.0,63.0,155.0,0.0,0.0,0.0,0.0,0.19000000000000128,0.0,1.0999999999999943,0.0,0.0,0.0,0.0,0.0,0.0
240,Christopher,Nkunku,Nkunku,u,has joined AC Milan permanently.,,5.9,97,62.0,0.1,506,179.0,0.0,797.0,357.0,0,0,0.0,-1,1.0,0,11,0.0,0.0,0.0,0.0,0.0,801.0,358.0,0.0,0.0,801.0,358.0,801.0,358.0,801.0,358.0,801.0,358.0,,,,,,,,0.0,0.0,0.0,0.0,0.0,0.0,0.0,0.0,0.0,24,0.0,0.0,0.0,0.0,0.0,0.0,0.0,0.0,0.0,0.0,0.0,0.0,0.0,0.0,0.0,0.0,11.0,0.0,0.0,0.0,0.0,0.0,0.0,0.0,0.0,0.0,0.0,0.0,0.0,0.0
241,Moisés,Caicedo Corozo,Caicedo,a,,,5.7,120,74.0,8.0,51,19.0,2.8,138.0,61.0,3,0,0.0,2,-2.0,7474,7921,0.5,13.9,2.8,2.8,4.2,56.0,24.0,100.0,100.0,78.0,24.0,123.0,87.0,221.0,121.0,119.0,66.0,,,,,,,,0.06,0.06,0.12,1.39,0.0,0.34,1.24,1.02,13.21,24,3.0,90.0,0.0,0.0,0.0,2.0,0.0,0.0,0.0,1.0,0.0,0.0,1.0,0.0,14.0,8253.0,8468.0,0.0,0.07000000000000006,0.09000000000000008,0.15999999999999992,1.120000000000001,10.199999999999989,6.5,13.0,3.0,2.0,5.0,9.0,16.0
243,Tyrique,George,George,a,,,4.8,373,234.0,0.1,556,204.0,0.0,714.0,298.0,0,0,0.0,-2,2.0,67,56,0.0,0.8,0.0,0.0,1.0,474.0,219.0,,,450.0,204.0,425.0,207.0,290.0,152.0,419.0,189.0,,,,,,,,0.2,0.05,0.25,1.05,0.0,0.63,1.27,0.0,1.9,24,0.0,0.0,0.0,0.0,0.0,0.0,0.0,0.0,0.0,0.0,0.0,0.0,0.0,0.0,0.0,68.0,59.0,0.0,0.0,0.0,0.0,0.0,0.0,0.0,0.0,0.0,0.0,0.0,0.0,0.0
244,Roméo,Lavia,Lavia,i,Thigh injury - Unknown return date,,4.9,339,209.0,0.0,689,289.0,0.0,736.0,313.0,0,0,0.0,-1,1.0,4,7,0.0,0.8,0.0,0.0,1.0,477.0,221.0,0.0,0.0,446.0,200.0,422.0,205.0,436.0,215.0,455.0,207.0,,,,,,,,0.0,0.04,0.04,2.39,0.0,0.0,2.57,0.86,9.43,24,0.0,0.0,0.0,0.0,0.0,0.0,0.0,0.0,0.0,0.0,0.0,0.0,0.0,0.0,0.0,4.0,7.0,0.0,0.0,0.0,0.0,0.0,0.0,0.0,0.0,0.0,0.0,0.0,0.0,0.0
245,Mykhailo,Mudryk,Mudryk,s,Suspended - unknown return date,,4.9,331,204.0,0.0,734,312.0,0.0,733.0,311.0,0,0,0.0,-1,1.0,9,4,0.0,0.0,0.0,0.0,0.0,765.0,332.0,0.0,0.0,765.0,332.0,761.0,332.0,753.0,330.0,765.0,332.0,,,,,,,,0.0,0.0,0.0,0.0,0.0,0.0,0.0,0.0,0.0,24,0.0,0.0,0.0,0.0,0.0,0.0,0.0,0.0,0.0,0.0,0.0,0.0,0.0,0.0,0.0,10.0,5.0,0.0,0.0,0.0,0.0,0.0,0.0,0.0,0.0,0.0,0.0,0.0,0.0,0.0
246,Andrey,Nascimento dos Santos,Andrey Santos,a,,,4.5,455,274.0,0.3,323,108.0,1.2,267.0,117.0,0,0,0.0,0,0.0,235,517,0.3,4.9,1.2,1.2,1.3,415.0,183.0,100.0,100.0,312.0,139.0,234.0,145.0,283.0,150.0,316.0,152.0,,,,,,,,0.24,0.07,0.31,1.43,0.0,0.14,0.85,0.85,11.92,24,0.0,0.0,0.0,0.0,0.0,0.0,0.0,0.0,0.0,0.0,0.0,0.0,0.0,0.0,0.0,282.0,553.0,0.0,0.0,0.0,0.0,0.0,0.0,0.0,0.0,0.0,0.0,0.0,0.0,0.0
247,Dário,Luís Essugo,D.Essugo,i,Knock - Expected back 21 Feb,,4.3,593,346.0,0.1,578,215.0,0.0,569.0,196.0,0,0,0.0,-2,2.0,11,42,0.0,0.0,0.0,0.0,0.0,632.0,236.0,0.0,0.0,623.0,227.0,619.0,232.0,591.0,219.0,625.0,229.0,,,,,,,,0.0,0.0,0.0,0.0,0.0,0.0,0.0,0.0,0.0,24,0.0,0.0,0.0,0.0,0.0,0.0,0.0,0.0,0.0,0.0,0.0,0.0,0.0,0.0,0.0,12.0,48.0,0.0,0.0,0.0,0.0,0.0,0.0,0.0,0.0,0.0,0.0,0.0,0.0,0.0
248,Kendry,Páez Andrade,Paez,u,Has joined RC Strasbourg on loan for the rest of the season.,,4.5,495,305.0,0.0,766,332.0,0.0,686.0,278.0,0,0,0.0,0,0.0,0,0,0.0,0.0,0.0,0.0,0.0,731.0,307.0,0.0,0.0,731.0,307.0,726.0,307.0,709.0,302.0,731.0,307.0,,,,,,,,0.0,0.0,0.0,0.0,0.0,0.0,0.0,0.0,0.0,24,0.0,0.0,0.0,0.0,0.0,0.0,0.0,0.0,0.0,0.0,0.0,0.0,0.0,0.0,0.0,0.0,0.0,0.0,0.0,0.0,0.0,0.0,0.0,0.0,0.0,0.0,0.0,0.0,0.0,0.0
249,João Pedro,Junqueira de Jesus,João Pedro,a,,,7.4,23,8.0,37.8,4,2.0,6.6,6.0,2.0,10,1,-1.0,-1,1.0,250754,6382,0.9,15.4,6.6,6.6,4.8,23.0,3.0,,,37.0,4.0,43.0,1.0,14.0,8.0,15.0,4.0,,,,,,,,0.4,0.08,0.48,1.26,0.0,0.47,0.89,1.04,5.28,24,10.0,45.0,1.0,1.0,0.0,0.0,0.0,0.0,0.0,1.0,0.0,0.0,0.0,3.0,38.0,281675.0,8504.0,0.0,0.5,0.1200000000000001,0.6199999999999992,0.6099999999999994,51.599999999999966,14.400000000000034,39.0,10.5,1.0,1.0,1.0,3.0
250,Liam,Delap,Delap,a,,,6.2,76,25.0,1.0,190,30.0,3.4,89.0,13.0,5,0,0.0,-3,3.0,1296,941,0.5,5.0,3.4,3.4,2.1,320.0,33.0,100.0,100.0,386.0,40.0,316.0,34.0,73.0,24.0,268.0,32.0,,,,,,,,0.44,0.02,0.46,1.32,0.0,0.26,1.58,1.19,3.04,24,5.0,90.0,0.0,1.0,0.0,2.0,0.0,0.0,0.0,0.0,0.0,0.0,1.0,0.0,9.0,1565.0,1033.0,0.0,0.8899999999999997,0.009999999999999981,0.8999999999999999,1.1199999999999992,0.3999999999999986,3.1000000000000014,37.0,4.100000000000001,1.0,0.0,1.0,2.0
251,Nicolas,Jackson,N.Jackson,u,has joined Bayern Munich on loan for the rest of the season.,,6.5,55,19.0,0.1,519,74.0,0.0,803.0,87.0,0,0,0.0,0,0.0,0,13,0.0,0.0,0.0,0.0,0.0,807.0,90.0,0.0,0.0,807.0,90.0,807.0,90.0,807.0,90.0,807.0,90.0,,,,,,,,0.0,0.0,0.0,0.0,0.0,0.0,0.0,0.0,0.0,24,0.0,0.0,0.0,0.0,0.0,0.0,0.0,0.0,0.0,0.0,0.0,0.0,0.0,0.0,0.0,0.0,13.0,0.0,0.0,0.0,0.0,0.0,0.0,0.0,0.0,0.0,0.0,0.0,0.0,0.0
252,Marc,Guiu Paz,Marc Guiu,a,,,4.2,638,87.0,6.2,59,11.0,0.0,554.0,49.0,0,0,0.0,-3,3.0,2842,9102,0.0,2.9,0.0,0.0,1.3,413.0,51.0,100.0,100.0,423.0,48.0,343.0,42.0,246.0,45.0,382.0,46.0,,,,,,,,0.53,0.11,0.64,2.06,0.0,0.0,0.73,0.36,2.55,24,0.0,0.0,0.0,0.0,0.0,0.0,0.0,0.0,0.0,0.0,0.0,0.0,0.0,0.0,0.0,3412.0,10772.0,0.0,0.0,0.0,0.0,0.0,0.0,0.0,0.0,0.0,0.0,0.0,0.0,0.0
453,Alejandro,Garnacho Ferreyra,Garnacho,a,,,6.4,60,39.0,0.5,246,84.0,0.4,370.0,166.0,1,0,0.0,-1,1.0,761,1804,0.1,6.4,0.4,0.4,2.7,238.0,105.0,,,285.0,126.0,96.0,72.0,68.0,43.0,144.0,79.0,,,,,,,,0.26,0.27,0.53,1.65,0.0,0.42,1.26,1.26,5.02,24,1.0,45.0,0.0,0.0,0.0,2.0,0.0,0.0,0.0,0.0,0.0,0.0,1.0,0.0,7.0,907.0,2000.0,0.0,0.0,0.040000000000000036,0.040000000000000036,0.5099999999999998,3.200000000000017,13.800000000000011,6.0,2.3000000000000043,1.0,0.0,4.0,5.0
672,Jorrel,Hato,Hato,a,,,4.6,401,71.0,0.2,396,145.0,0.8,299.0,110.0,0,0,0.0,-4,4.0,178,113,0.2,1.5,0.8,0.8,0.8,494.0,172.0,100.0,100.0,374.0,144.0,338.0,118.0,371.0,131.0,387.0,138.0,,,,,,,,0.06,0.02,0.08,1.42,0.0,0.0,2.0,0.86,8.57,24,0.0,45.0,0.0,0.0,0.0,2.0,0.0,0.0,0.0,0.0,0.0,0.0,1.0,0.0,4.0,197.0,118.0,0.0,0.0,0.009999999999999995,0.010000000000000009,0.5100000000000007,11.799999999999997,11.799999999999997,0.0,2.3999999999999986,3.0,2.0,2.0,5.0
789,Max,Merrick,Merrick,a,,,4.0,697,62.0,0.0,771,87.0,0.0,517.0,74.0,0,0,0.0,0,0.0,10,7,0.0,0.0,0.0,0.0,0.0,593.0,80.0,,,583.0,80.0,576.0,69.0,543.0,54.0,585.0,80.0,,,,,,,,0.0,0.0,0.0,0.0,0.0,0.0,0.0,0.0,0.0,24,0.0,0.0,0.0,0.0,0.0,0.0,0.0,0.0,0.0,0.0,0.0,0.0,0.0,0.0,0.0,10.0,7.0,0.0,0.0,0.0,0.0,0.0,0.0,0.0,0.0,0.0,0.0,0.0,0.0,0.0
803,Teddy,Sharman-Lowe,Sharman-Lowe,a,,,4.0,691,59.0,0.0,803,93.0,0.0,513.0,71.0,0,0,0.0,0,0.0,6,3,0.0,0.0,0.0,0.0,0.0,589.0,77.0,,,579.0,77.0,572.0,66.0,539.0,51.0,581.0,77.0,,,,,,,,0.0,0.0,0.0,0.0,0.0,0.0,0.0,0.0,0.0,24,0.0,0.0,0.0,0.0,0.0,0.0,0.0,0.0,0.0,0.0,0.0,0.0,0.0,0.0,0.0,7.0,3.0,0.0,0.0,0.0,0.0,0.0,0.0,0.0,0.0,0.0,0.0,0.0,0.0,0.0
253,Dean,Henderson,Henderson,a,,,5.0,245,8.0,7.4,53,8.0,2.8,133.0,14.0,2,0,0.0,0,0.0,2659,6859,0.6,16.8,2.8,2.8,3.5,120.0,11.0,,,35.0,11.0,415.0,11.0,760.0,86.0,193.0,9.0,,,,,,,,0.0,0.0,0.0,1.35,2.67,0.33,1.21,1.0,0.0,24,2.0,90.0,0.0,0.0,0.0,1.0,0.0,0.0,0.0,0.0,0.0,0.0,1.0,0.0,6.0,2786.0,7564.0,0.0,0.0,0.0,0.0,0.48999999999999844,3.6000000000000227,0.0,0.0,0.3999999999999986,0.0,2.0,10.0,0.0
254,Walter,Benítez,Benitez,a,,,4.0,660,45.0,0.3,316,43.0,0.0,486.0,58.0,0,0,0.0,0,0.0,161,109,0.0,0.0,0.0,0.0,0.0,563.0,64.0,100.0,100.0,553.0,64.0,545.0,52.0,511.0,37.0,555.0,64.0,,,,,,,,0.0,0.0,0.0,0.0,0.0,0.0,0.0,0.0,0.0,24,0.0,0.0,0.0,0.0,0.0,0.0,0.0,0.0,0.0,0.0,0.0,0.0,0.0,0.0,0.0,169.0,118.0,0.0,0.0,0.0,0.0,0.0,0.0,0.0,0.0,0.0,0.0,0.0,0.0,0.0
258,Tyrick,Mitchell,Mitchell,a,,,5.0,254,39.0,2.0,130,50.0,2.0,190.0,69.0,2,0,0.0,0,0.0,1360,2261,0.4,17.4,2.0,2.0,3.6,108.0,38.0,,,65.0,29.0,69.0,16.0,153.0,30.0,72.0,15.0,,,,,,,,0.04,0.06,0.1,1.37,0.0,0.34,1.23,1.02,7.11,24,2.0,90.0,0.0,0.0,0.0,1.0,0.0,0.0,0.0,0.0,0.0,0.0,1.0,0.0,10.0,1456.0,2488.0,0.0,0.0,0.040000000000000036,0.040000000000000036,0.48999999999999844,12.800000000000011,18.5,6.0,3.700000000000003,3.0,1.0,5.0,4.0
259,Borna,Sosa,Sosa,d,Muscle injury - 50% chance of playing,,4.8,358,60.0,0.1,452,165.0,0.4,353.0,133.0,0,0,0.0,-2,2.0,3,203,0.1,1.0,0.2,0.0,1.0,472.0,168.0,50.0,0.0,441.0,164.0,397.0,146.0,417.0,156.0,448.0,162.0,,,,,,,,0.0,0.1,0.1,1.41,0.0,0.0,1.7,0.0,11.89,24,0.0,0.0,0.0,0.0,0.0,0.0,0.0,0.0,0.0,0.0,0.0,0.0,0.0,0.0,0.0,4.0,209.0,0.0,0.0,0.0,0.0,0.0,0.0,0.0,0.0,0.0,0.0,0.0,0.0,0.0
261,Chris,Richards,Richards,a,,,4.4,532,114.0,2.0,129,49.0,2.0,186.0,66.0,1,0,0.0,-1,1.0,5152,1448,0.5,19.3,2.0,2.0,4.2,50.0,19.0,100.0,100.0,45.0,19.0,241.0,70.0,219.0,57.0,131.0,42.0,,,,,,,,0.04,0.06,0.1,1.3,0.0,0.35,1.26,1.0,10.5,24,1.0,90.0,0.0,0.0,0.0,1.0,0.0,0.0,0.0,1.0,0.0,0.0,1.0,0.0,6.0,6507.0,2138.0,0.0,0.0,0.030000000000000027,0.03000000000000025,0.48999999999999844,28.399999999999977,14.200000000000003,0.0,4.299999999999997,1.0,6.0,2.0,7.0
262,Chadi,Riad Dnanou,Chadi Riad,a,,,4.0,695,180.0,0.0,658,228.0,1.0,278.0,100.0,1,0,0.0,0,0.0,213,30,0.2,1.2,1.0,1.0,2.5,249.0,95.0,100.0,100.0,413.0,157.0,390.0,143.0,389.0,143.0,429.0,154.0,,,,,,,,0.11,0.02,0.13,0.29,0.0,0.0,1.22,1.22,3.65,24,1.0,60.0,0.0,0.0,0.0,1.0,0.0,0.0,0.0,1.0,0.0,0.0,1.0,0.0,7.0,233.0,36.0,0.0,0.0,0.02,0.020000000000000004,0.24,8.399999999999999,4.300000000000001,0.0,1.2999999999999998,0.0,3.0,4.0,3.0
263,Nathaniel,Clyne,Clyne,a,,,3.8,776,230.0,0.6,237,88.0,0.2,373.0,139.0,0,0,0.0,-2,2.0,256,522,0.1,3.7,0.2,0.2,2.0,321.0,120.0,100.0,100.0,360.0,136.0,324.0,109.0,335.0,107.0,369.0,131.0,,,,,,,,0.09,0.12,0.21,1.24,0.0,0.0,1.72,1.29,7.32,24,0.0,0.0,0.0,0.0,0.0,0.0,0.0,0.0,0.0,0.0,0.0,0.0,0.0,0.0,0.0,312.0,669.0,0.0,0.0,0.0,0.0,0.0,0.0,0.0,0.0,0.0,0.0,0.0,0.0,0.0
264,Rob,Holding,Holding,u,Has joined Colorado Rapids permanently.,,4.0,661,161.0,0.0,683,237.0,0.0,487.0,190.0,0,0,0.0,0,0.0,0,5,0.0,0.0,0.0,0.0,0.0,564.0,207.0,0.0,0.0,554.0,206.0,546.0,206.0,512.0,200.0,556.0,206.0,,,,,,,,0.0,0.0,0.0,0.0,0.0,0.0,0.0,0.0,0.0,24,0.0,0.0,0.0,0.0,0.0,0.0,0.0,0.0,0.0,0.0,0.0,0.0,0.0,0.0,0.0,0.0,5.0,0.0,0.0,0.0,0.0,0.0,0.0,0.0,0.0,0.0,0.0,0.0,0.0,0.0
265,Caleb,Kporha,Kporha,i,Back injury - Unknown return date,,4.0,713,194.0,0.0,715,245.0,0.0,533.0,218.0,0,0,0.0,0,0.0,7,6,0.0,0.0,0.0,0.0,0.0,607.0,232.0,0.0,0.0,597.0,231.0,590.0,231.0,558.0,227.0,599.0,231.0,,,,,,,,0.0,0.0,0.0,0.0,0.0,0.0,0.0,0.0,0.0,24,0.0,0.0,0.0,0.0,0.0,0.0,0.0,0.0,0.0,0.0,0.0,0.0,0.0,0.0,0.0,8.0,6.0,0.0,0.0,0.0,0.0,0.0,0.0,0.0,0.0,0.0,0.0,0.0,0.0,0.0
267,Ismaïla,Sarr,Sarr,a,,,6.3,68,46.0,2.1,125,43.0,1.8,218.0,97.0,7,0,0.0,-2,2.0,7150,884,0.3,9.7,1.8,1.8,4.4,41.0,19.0,100.0,100.0,190.0,81.0,142.0,99.0,71.0,46.0,124.0,69.0,,,,,,,,0.43,0.04,0.47,1.29,0.0,0.45,0.98,1.06,6.28,24,7.0,90.0,1.0,0.0,0.0,1.0,0.0,0.0,0.0,0.0,0.0,0.0,1.0,0.0,20.0,7611.0,1041.0,0.0,1.1800000000000006,0.010000000000000009,1.1900000000000004,0.490000000000002,33.0,3.200000000000017,26.0,6.199999999999996,0.0,2.0,3.0,5.0
268,Cheick,Doucouré,Doucouré,i,Knee injury - Unknown return date,,4.9,326,201.0,0.0,778,340.0,0.0,730.0,309.0,0,0,0.0,-1,1.0,0,0,0.0,0.0,0.0,0.0,0.0,762.0,330.0,0.0,0.0,762.0,330.0,758.0,330.0,750.0,328.0,762.0,330.0,,,,,,,,0.0,0.0,0.0,0.0,0.0,0.0,0.0,0.0,0.0,24,0.0,0.0,0.0,0.0,0.0,0.0,0.0,0.0,0.0,0.0,0.0,0.0,0.0,0.0,0.0,1.0,1.0,0.0,0.0,0.0,0.0,0.0,0.0,0.0,0.0,0.0,0.0,0.0,0.0,0.0
269,Romain,Esse,Esse,u,has joined Coventry City on loan for the rest of the season.,,4.7,392,245.0,0.1,444,151.0,0.2,398.0,180.0,0,0,0.0,-3,3.0,0,89,0.0,0.9,0.0,0.0,1.0,470.0,216.0,0.0,0.0,453.0,205.0,439.0,211.0,408.0,199.0,462.0,212.0,,,,,,,,0.0,0.09,0.09,3.92,0.0,0.0,0.0,0.0,11.25,24,0.0,0.0,0.0,0.0,0.0,0.0,0.0,0.0,0.0,0.0,0.0,0.0,0.0,0.0,0.0,0.0,96.0,0.0,0.0,0.0,0.0,0.0,0.0,0.0,0.0,0.0,0.0,0.0,0.0,0.0
270,Will,Hughes,Hughes,a,,,4.7,377,235.0,0.1,468,159.0,2.6,148.0,66.0,2,0,0.0,-3,3.0,167,105,0.6,7.2,2.6,2.6,1.6,382.0,169.0,100.0,100.0,289.0,129.0,110.0,79.0,253.0,136.0,233.0,116.0,5.0,,,,,,,0.09,0.11,0.2,1.35,0.0,0.34,1.1,1.02,8.57,24,2.0,90.0,0.0,0.0,0.0,1.0,0.0,0.0,0.0,0.0,0.0,0.0,1.0,0.0,14.0,176.0,115.0,0.0,0.3600000000000001,0.15999999999999992,0.5199999999999998,0.4900000000000002,7.799999999999983,20.400000000000006,14.0,4.200000000000003,2.0,1.0,4.0,7.0
271,Daichi,Kamada,Kamada,d,Hamstring injury - 50% chance of playing,,5.0,249,151.0,0.1,525,187.0,0.0,743.0,318.0,0,0,0.0,0,0.0,6,42,0.0,9.0,0.0,0.0,3.2,157.0,67.0,50.0,0.0,281.0,124.0,156.0,105.0,204.0,111.0,248.0,120.0,2.0,,,,,,,0.07,0.12,0.19,1.1,0.0,0.46,0.85,1.08,9.73,24,0.0,0.0,0.0,0.0,0.0,0.0,0.0,0.0,0.0,0.0,0.0,0.0,0.0,0.0,0.0,7.0,48.0,0.0,0.0,0.0,0.0,0.0,0.0,0.0,0.0,0.0,0.0,0.0,0.0,0.0
272,Jefferson,Lerma Solís,Lerma,a,,,4.9,290,178.0,0.1,546,197.0,2.4,165.0,73.0,8,0,0.0,-1,1.0,96,27,0.5,9.0,2.4,2.4,2.1,313.0,139.0,100.0,100.0,256.0,109.0,182.0,123.0,133.0,78.0,218.0,110.0,,,,,,,,0.09,0.07,0.16,1.18,0.0,0.35,1.06,0.88,10.93,24,8.0,90.0,0.0,1.0,0.0,1.0,0.0,0.0,0.0,0.0,0.0,0.0,1.0,1.0,26.0,101.0,31.0,0.0,0.13,0.07000000000000006,0.19999999999999996,0.4900000000000002,22.799999999999983,17.400000000000006,18.0,5.799999999999997,2.0,4.0,8.0,14.0
273,Adam,Wharton,Wharton,a,,,5.0,268,162.0,0.6,235,81.0,1.4,251.0,110.0,0,0,0.0,0,0.0,580,1702,0.3,13.2,1.4,0.0,3.1,176.0,76.0,100.0,0.0,160.0,60.0,27.0,26.0,215.0,118.0,87.0,52.0,3.0,,,,,,,0.05,0.25,0.3,1.44,0.0,0.31,1.41,1.1,10.74,24,0.0,0.0,0.0,0.0,0.0,0.0,0.0,0.0,0.0,0.0,0.0,0.0,0.0,0.0,0.0,583.0,2062.0,0.0,0.0,0.0,0.0,0.0,0.0,0.0,0.0,0.0,0.0,0.0,0.0,0.0
274,Asher,Agbinone,Agbinone,a,,,4.3,611,356.0,0.1,558,206.0,0.0,581.0,205.0,0,0,0.0,-2,2.0,136,46,0.0,0.0,0.0,0.0,0.0,642.0,244.0,,,633.0,235.0,630.0,240.0,603.0,228.0,635.0,237.0,,,,,,,,0.0,0.0,0.0,0.0,0.0,0.0,0.0,0.0,0.0,24,0.0,0.0,0.0,0.0,0.0,0.0,0.0,0.0,0.0,0.0,0.0,0.0,0.0,0.0,0.0,148.0,51.0,0.0,0.0,0.0,0.0,0.0,0.0,0.0,0.0,0.0,0.0,0.0,0.0,0.0
275,Naouirou,Ahamada,Ahamada,u,has joined AJ Auxerre permanently.,,4.3,586,343.0,0.0,612,235.0,0.0,567.0,194.0,0,0,0.0,-2,2.0,0,50,0.0,0.0,0.0,0.0,0.0,630.0,234.0,0.0,0.0,621.0,225.0,617.0,230.0,589.0,217.0,623.0,227.0,,,,,,,,0.0,0.0,0.0,0.0,0.0,0.0,0.0,0.0,0.0,24,0.0,0.0,0.0,0.0,0.0,0.0,0.0,0.0,0.0,0.0,0.0,0.0,0.0,0.0,0.0,0.0,55.0,0.0,0.0,0.0,0.0,0.0,0.0,0.0,0.0,0.0,0.0,0.0,0.0,0.0
276,Justin,Devenny,Devenny,i,Ankle injury - Expected back 22 Feb,,4.3,590,345.0,1.4,156,52.0,1.2,264.0,116.0,0,0,0.0,-2,2.0,305,4694,0.3,6.7,0.0,0.0,1.6,378.0,166.0,0.0,0.0,342.0,152.0,233.0,144.0,132.0,77.0,276.0,136.0,,2.0,,,,,,0.36,0.05,0.41,1.53,0.0,0.15,1.52,0.76,7.28,24,0.0,0.0,0.0,0.0,0.0,0.0,0.0,0.0,0.0,0.0,0.0,0.0,0.0,0.0,0.0,320.0,5592.0,0.0,0.0,0.0,0.0,0.0,0.0,0.0,0.0,0.0,0.0,0.0,0.0,0.0
277,Malcolm,Ebiowei,Ebiowei,u,Has joined Blackpool permanently.,,4.5,430,257.0,0.0,782,342.0,0.0,638.0,238.0,0,0,0.0,0,0.0,0,0,0.0,0.0,0.0,0.0,0.0,688.0,272.0,0.0,0.0,683.0,267.0,680.0,270.0,659.0,262.0,685.0,269.0,,,,,,,,0.0,0.0,0.0,0.0,0.0,0.0,0.0,0.0,0.0,24,0.0,0.0,0.0,0.0,0.0,0.0,0.0,0.0,0.0,0.0,0.0,0.0,0.0,0.0,0.0,0.0,0.0,0.0,0.0,0.0,0.0,0.0,0.0,0.0,0.0,0.0,0.0,0.0,0.0,0.0
278,Jesurun,Rak-Sakyi,J.Rak-Sakyi,a,,,4.4,538,322.0,0.0,642,260.0,0.0,601.0,215.0,0,0,0.0,-1,1.0,26,13,0.0,0.0,0.0,0.0,0.0,657.0,252.0,100.0,100.0,649.0,244.0,646.0,249.0,621.0,238.0,651.0,246.0,,,,,,,,0.0,0.0,0.0,0.0,0.0,0.0,0.0,0.0,0.0,24,0.0,0.0,0.0,0.0,0.0,0.0,0.0,0.0,0.0,0.0,0.0,0.0,0.0,0.0,0.0,31.0,15.0,0.0,0.0,0.0,0.0,0.0,0.0,0.0,0.0,0.0,0.0,0.0,0.0,0.0
279,Matheus,França de Oliveira,M.França,u,Has joined CR Vasco da Gama on loan for the rest of the season.,,4.5,459,278.0,0.0,751,321.0,0.0,657.0,256.0,0,0,0.0,0,0.0,0,1,0.0,0.0,0.0,0.0,0.0,706.0,289.0,0.0,0.0,702.0,285.0,699.0,287.0,679.0,279.0,703.0,286.0,,,,,,,,0.0,0.0,0.0,0.0,0.0,0.0,0.0,0.0,0.0,24,0.0,0.0,0.0,0.0,0.0,0.0,0.0,0.0,0.0,0.0,0.0,0.0,0.0,0.0,0.0,0.0,3.0,0.0,0.0,0.0,0.0,0.0,0.0,0.0,0.0,0.0,0.0,0.0,0.0,0.0
280,David,Ozoh,Ozoh,u,Has joined Derby County on loan for the rest of the season.,,4.5,454,273.0,0.0,799,355.0,0.0,654.0,253.0,0,0,0.0,0,0.0,0,0,0.0,0.0,0.0,0.0,0.0,703.0,286.0,0.0,0.0,699.0,282.0,696.0,284.0,676.0,276.0,700.0,283.0,,,,,,,,0.0,0.0,0.0,0.0,0.0,0.0,0.0,0.0,0.0,24,0.0,0.0,0.0,0.0,0.0,0.0,0.0,0.0,0.0,0.0,0.0,0.0,0.0,0.0,0.0,0.0,0.0,0.0,0.0,0.0,0.0,0.0,0.0,0.0,0.0,0.0,0.0,0.0,0.0,0.0
281,Kaden,Rodney,Rodney,a,,,4.4,548,330.0,0.0,591,222.0,0.2,385.0,170.0,0,0,0.0,-1,1.0,37,32,0.0,0.2,0.2,0.2,1.0,454.0,201.0,,,656.0,251.0,472.0,229.0,628.0,245.0,658.0,253.0,,,,,,,,0.0,0.0,0.0,19.5,0.0,0.0,0.0,0.0,0.0,24,0.0,0.0,0.0,0.0,0.0,0.0,0.0,0.0,0.0,0.0,0.0,0.0,0.0,0.0,0.0,37.0,36.0,0.0,0.0,0.0,0.0,0.0,0.0,0.0,0.0,0.0,0.0,0.0,0.0,0.0
282,Franco,Umeh-Chibueze,Umeh,u,has joined Portsmouth permanently.,,4.5,473,289.0,0.0,687,287.0,0.0,668.0,265.0,0,0,0.0,0,0.0,0,4,0.0,0.0,0.0,0.0,0.0,715.0,296.0,0.0,0.0,713.0,294.0,709.0,295.0,691.0,289.0,714.0,295.0,,,,,,,,0.0,0.0,0.0,0.0,0.0,0.0,0.0,0.0,0.0,24,0.0,0.0,0.0,0.0,0.0,0.0,0.0,0.0,0.0,0.0,0.0,0.0,0.0,0.0,0.0,0.0,5.0,0.0,0.0,0.0,0.0,0.0,0.0,0.0,0.0,0.0,0.0,0.0,0.0,0.0
283,Jean-Philippe,Mateta,Mateta,a,,,7.5,22,7.0,8.7,46,9.0,1.6,240.0,30.0,0,0,0.0,0,0.0,2461,39507,0.2,11.2,1.6,0.0,3.7,103.0,9.0,100.0,0.0,73.0,6.0,202.0,19.0,5.0,4.0,32.0,7.0,,,2.0,,,,,0.56,0.06,0.62,1.26,0.0,0.38,1.09,1.09,5.2,24,0.0,0.0,0.0,0.0,0.0,0.0,0.0,0.0,0.0,0.0,0.0,0.0,0.0,0.0,0.0,2467.0,44691.0,0.0,0.0,0.0,0.0,0.0,0.0,0.0,0.0,0.0,0.0,0.0,0.0,0.0
543,Simon,Adingra,Adingra,a,,,4.9,340,210.0,0.4,268,91.0,0.6,326.0,146.0,0,0,0.0,-6,6.0,92,300,0.1,6.9,-0.4,0.6,2.4,272.0,117.0,,,350.0,156.0,205.0,134.0,257.0,139.0,312.0,151.0,,,,,,,,0.05,0.09,0.14,1.57,0.0,0.55,1.11,1.25,6.24,24,0.0,0.0,0.0,0.0,0.0,0.0,0.0,0.0,0.0,0.0,0.0,0.0,0.0,0.0,0.0,110.0,334.0,0.0,0.0,0.0,0.0,0.0,0.0,0.0,0.0,0.0,0.0,0.0,0.0,0.0
284,Eddie,Nketiah,Nketiah,i,Hamstring injury - Unknown return date,,5.4,166,42.0,0.3,301,49.0,0.0,778.0,81.0,0,0,0.0,-1,1.0,35,559,0.0,4.3,0.0,0.0,1.9,347.0,38.0,0.0,0.0,302.0,29.0,253.0,26.0,126.0,31.0,261.0,31.0,,,,,,,,0.38,0.1,0.48,2.06,0.0,0.0,2.61,0.43,8.26,24,0.0,0.0,0.0,0.0,0.0,0.0,0.0,0.0,0.0,0.0,0.0,0.0,0.0,0.0,0.0,35.0,625.0,0.0,0.0,0.0,0.0,0.0,0.0,0.0,0.0,0.0,0.0,0.0,0.0,0.0
285,Odsonne,Édouard,Édouard,u,has joined RC Lens permanently.,,5.0,247,53.0,0.2,362,58.0,0.0,742.0,76.0,0,0,0.0,0,0.0,0,41,0.0,0.2,0.0,0.0,1.0,479.0,58.0,0.0,0.0,472.0,55.0,767.0,84.0,761.0,84.0,489.0,60.0,,,,,,,,0.0,0.0,0.0,12.15,0.0,0.0,0.0,0.0,45.0,24,0.0,0.0,0.0,0.0,0.0,0.0,0.0,0.0,0.0,0.0,0.0,0.0,0.0,0.0,0.0,0.0,41.0,0.0,0.0,0.0,0.0,0.0,0.0,0.0,0.0,0.0,0.0,0.0,0.0,0.0
286,Zach,Marsh,Marsh,a,,,4.4,555,79.0,0.3,312,51.0,0.0,614.0,61.0,0,0,0.0,-1,1.0,255,288,0.0,0.0,0.0,0.0,0.0,669.0,71.0,,,663.0,71.0,659.0,70.0,635.0,70.0,665.0,71.0,,,,,,,,0.0,0.0,0.0,0.0,0.0,0.0,0.0,0.0,0.0,24,0.0,0.0,0.0,0.0,0.0,0.0,0.0,0.0,0.0,0.0,0.0,0.0,0.0,0.0,0.0,275.0,303.0,0.0,0.0,0.0,0.0,0.0,0.0,0.0,0.0,0.0,0.0,0.0,0.0,0.0
580,Brennan,Johnson,Johnson,a,,,6.5,51,33.0,2.5,115,37.0,1.8,220.0,98.0,2,0,0.0,-5,5.0,901,1633,0.3,6.6,1.8,1.8,2.0,333.0,152.0,,,267.0,115.0,171.0,114.0,121.0,70.0,214.0,109.0,,,,,,,,0.15,0.05,0.2,1.51,0.0,0.35,1.06,0.97,6.01,24,2.0,90.0,0.0,0.0,0.0,1.0,0.0,0.0,0.0,0.0,0.0,0.0,1.0,0.0,7.0,1005.0,1769.0,0.0,0.1399999999999999,0.18,0.32000000000000006,0.48999999999999844,4.199999999999989,20.10000000000001,18.0,4.200000000000003,1.0,2.0,1.0,4.0
690,Rio,Cardines,Cardines,d,Groin Injury - 25% chance of playing,,4.4,559,336.0,0.3,326,110.0,0.0,617.0,226.0,0,0,0.0,-1,1.0,1,155,0.0,0.0,0.0,0.0,0.0,672.0,262.0,25.0,25.0,666.0,256.0,662.0,260.0,638.0,250.0,668.0,258.0,,,,,,,,0.0,0.0,0.0,0.0,0.0,0.0,0.0,0.0,0.0,24,0.0,0.0,0.0,0.0,0.0,0.0,0.0,0.0,0.0,0.0,0.0,0.0,0.0,0.0,0.0,1.0,170.0,0.0,0.0,0.0,0.0,0.0,0.0,0.0,0.0,0.0,0.0,0.0,0.0,0.0
712,Yéremy,Pino Santos,Yeremy,a,,,5.8,111,69.0,0.2,349,117.0,3.2,103.0,45.0,1,0,0.0,-2,2.0,812,673,0.6,10.2,3.2,3.2,2.7,234.0,101.0,100.0,100.0,182.0,74.0,17.0,17.0,57.0,35.0,39.0,29.0,1.0,1.0,,,,,,0.21,0.28,0.49,1.24,0.0,0.35,1.16,1.1,7.25,24,1.0,90.0,0.0,0.0,0.0,1.0,0.0,0.0,0.0,1.0,0.0,0.0,1.0,0.0,6.0,894.0,779.0,0.0,0.0,0.23000000000000043,0.23000000000000043,0.48999999999999844,11.199999999999989,39.80000000000001,2.0,5.299999999999997,2.0,1.0,4.0,7.0
723,Jaydee,Canvot,Canvot,a,,,4.5,506,96.0,0.0,643,224.0,2.4,163.0,56.0,0,0,0.0,0,0.0,52,51,0.5,6.0,2.4,2.4,3.0,186.0,73.0,100.0,100.0,327.0,126.0,424.0,154.0,385.0,139.0,390.0,140.0,,,,,,,,0.01,0.03,0.04,1.96,0.0,0.51,1.53,0.77,13.3,24,0.0,0.0,0.0,0.0,0.0,0.0,0.0,0.0,0.0,0.0,0.0,0.0,0.0,0.0,0.0,53.0,55.0,0.0,0.0,0.0,0.0,0.0,0.0,0.0,0.0,0.0,0.0,0.0,0.0,0.0
732,Christantus,Uche,Uche,a,,,5.5,155,40.0,0.1,575,77.0,0.6,329.0,40.0,1,0,0.0,0,0.0,154,101,0.1,2.7,0.6,0.6,1.2,429.0,52.0,,,442.0,50.0,426.0,54.0,270.0,48.0,412.0,50.0,,,,,,,,0.24,0.01,0.25,2.7,0.0,0.0,2.52,0.0,7.55,24,1.0,29.0,0.0,0.0,0.0,0.0,0.0,0.0,0.0,0.0,0.0,0.0,0.0,0.0,1.0,173.0,110.0,0.0,0.020000000000000018,0.0,0.020000000000000018,0.2400000000000002,0.0,1.4000000000000004,1.0,0.0,0.0,1.0,3.0,4.0
762,Joél,Drakes-Thomas,Drakes-Thomas,a,,,4.5,509,315.0,0.0,772,334.0,0.2,394.0,177.0,0,0,0.0,0,0.0,14,13,0.0,0.4,0.2,0.2,1.0,469.0,215.0,,,476.0,220.0,452.0,218.0,720.0,311.0,484.0,224.0,,,,,,,,0.0,0.0,0.0,9.39,0.0,0.0,12.86,0.0,38.57,24,0.0,0.0,0.0,0.0,0.0,0.0,0.0,0.0,0.0,0.0,0.0,0.0,0.0,0.0,0.0,16.0,13.0,0.0,0.0,0.0,0.0,0.0,0.0,0.0,0.0,0.0,0.0,0.0,0.0,0.0
773,Dean,Benamar,Benamar,a,,,4.0,726,207.0,0.0,738,251.0,0.0,542.0,227.0,0,0,0.0,0,0.0,13,10,0.0,0.0,0.0,0.0,0.0,616.0,241.0,,,607.0,241.0,600.0,241.0,568.0,237.0,609.0,241.0,,,,,,,,0.0,0.0,0.0,0.0,0.0,0.0,0.0,0.0,0.0,24,0.0,0.0,0.0,0.0,0.0,0.0,0.0,0.0,0.0,0.0,0.0,0.0,0.0,0.0,0.0,17.0,11.0,0.0,0.0,0.0,0.0,0.0,0.0,0.0,0.0,0.0,0.0,0.0,0.0,0.0
780,Ben,Casey,Casey,a,,,4.5,503,72.0,0.0,711,86.0,0.0,694.0,70.0,0,0,0.0,0,0.0,100,41,0.0,0.0,0.0,0.0,0.0,738.0,80.0,,,738.0,80.0,733.0,79.0,716.0,79.0,738.0,80.0,,,,,,,,0.0,0.0,0.0,0.0,0.0,0.0,0.0,0.0,0.0,24,0.0,0.0,0.0,0.0,0.0,0.0,0.0,0.0,0.0,0.0,0.0,0.0,0.0,0.0,0.0,110.0,43.0,0.0,0.0,0.0,0.0,0.0,0.0,0.0,0.0,0.0,0.0,0.0,0.0,0.0
793,George,King,King,a,,,4.0,714,195.0,0.0,742,252.0,0.0,534.0,219.0,0,0,0.0,0,0.0,52,21,0.0,0.0,0.0,0.0,0.0,608.0,233.0,,,598.0,232.0,591.0,232.0,559.0,228.0,600.0,232.0,,,,,,,,0.0,0.0,0.0,0.0,0.0,0.0,0.0,0.0,0.0,24,0.0,0.0,0.0,0.0,0.0,0.0,0.0,0.0,0.0,0.0,0.0,0.0,0.0,0.0,0.0,53.0,21.0,0.0,0.0,0.0,0.0,0.0,0.0,0.0,0.0,0.0,0.0,0.0,0.0,0.0
798,Danny,Imray,Imray,a,,,4.0,692,178.0,0.0,779,262.0,0.0,514.0,204.0,0,0,0.0,0,0.0,14,10,0.0,0.0,0.0,0.0,0.0,590.0,220.0,,,580.0,219.0,573.0,219.0,540.0,214.0,582.0,219.0,,,,,,,,0.0,0.0,0.0,0.0,0.0,0.0,0.0,0.0,0.0,24,0.0,0.0,0.0,0.0,0.0,0.0,0.0,0.0,0.0,0.0,0.0,0.0,0.0,0.0,0.0,14.0,10.0,0.0,0.0,0.0,0.0,0.0,0.0,0.0,0.0,0.0,0.0,0.0,0.0,0.0
242,Kiernan,Dewsbury-Hall,Dewsbury-Hall,a,,,4.9,311,193.0,2.2,120,41.0,0.6,324.0,144.0,2,0,0.0,-1,1.0,3757,2319,0.1,15.9,0.6,0.6,4.6,30.0,14.0,100.0,100.0,153.0,56.0,56.0,45.0,94.0,58.0,85.0,51.0,2.0,,,,,,,0.13,0.18,0.31,1.25,0.0,0.39,1.11,1.04,7.5,24,2.0,78.0,0.0,0.0,0.0,1.0,0.0,0.0,0.0,0.0,0.0,0.0,1.0,0.0,9.0,5135.0,2997.0,0.0,0.3999999999999999,0.010000000000000231,0.41000000000000014,1.4100000000000001,5.7999999999999545,2.8000000000000114,25.0,3.4000000000000057,1.0,0.0,1.0,2.0
287,Jordan,Pickford,Pickford,a,,,5.6,125,2.0,14.2,25,4.0,3.8,65.0,4.0,2,0,0.0,1,-1.0,16412,11880,0.7,18.8,3.8,3.8,4.4,40.0,1.0,,,16.0,4.0,475.0,16.0,796.0,91.0,172.0,7.0,,,,,,,,0.0,0.01,0.01,1.45,2.75,0.38,1.12,1.0,0.0,24,2.0,90.0,0.0,0.0,0.0,1.0,0.0,0.0,0.0,0.0,0.0,1.0,1.0,0.0,12.0,18160.0,13071.0,0.0,0.0,0.0,0.0,1.4399999999999977,15.599999999999909,0.0,0.0,1.5999999999999943,0.0,0.0,7.0,0.0
288,Mark,Travers,Travers,a,,,4.3,580,28.0,0.1,455,70.0,0.0,566.0,83.0,0,0,0.0,-2,2.0,26,46,0.0,0.0,0.0,0.0,0.0,629.0,87.0,,,620.0,87.0,616.0,79.0,588.0,66.0,622.0,87.0,,,,,,,,0.0,0.0,0.0,0.0,0.0,0.0,0.0,0.0,0.0,24,0.0,0.0,0.0,0.0,0.0,0.0,0.0,0.0,0.0,0.0,0.0,0.0,0.0,0.0,0.0,29.0,49.0,0.0,0.0,0.0,0.0,0.0,0.0,0.0,0.0,0.0,0.0,0.0,0.0,0.0
289,Harry,Tyrer,Tyrer,u,has joined Cardiff City permanently.,,3.9,750,79.0,0.1,472,73.0,0.0,460.0,41.0,0,0,0.0,-1,1.0,0,96,0.0,0.0,0.0,0.0,0.0,537.0,47.0,0.0,0.0,527.0,47.0,517.0,33.0,482.0,18.0,529.0,47.0,,,,,,,,0.0,0.0,0.0,0.0,0.0,0.0,0.0,0.0,0.0,24,0.0,0.0,0.0,0.0,0.0,0.0,0.0,0.0,0.0,0.0,0.0,0.0,0.0,0.0,0.0,0.0,109.0,0.0,0.0,0.0,0.0,0.0,0.0,0.0,0.0,0.0,0.0,0.0,0.0,0.0
290,Jarrad,Branthwaite,Branthwaite,a,,,5.3,199,24.0,0.2,391,143.0,0.4,362.0,137.0,1,0,0.0,-2,2.0,1037,136,0.1,0.4,0.4,0.4,1.0,484.0,169.0,100.0,100.0,434.0,162.0,388.0,141.0,397.0,148.0,440.0,159.0,,,,,,,,0.01,0.02,0.03,1.09,0.0,0.0,0.68,0.68,4.06,24,1.0,88.0,0.0,0.0,0.0,1.0,0.0,0.0,0.0,1.0,0.0,0.0,1.0,0.0,3.0,1119.0,141.0,0.0,0.02,0.009999999999999998,0.030000000000000002,1.4400000000000002,8.000000000000002,2.0999999999999996,4.0,1.4000000000000004,1.0,4.0,5.0,5.0
291,James,Tarkowski,Tarkowski,a,,,5.8,103,7.0,14.1,26,9.0,4.0,57.0,21.0,2,0,0.0,3,-3.0,14137,22428,0.7,19.7,4.0,4.0,4.8,21.0,10.0,,,10.0,5.0,150.0,38.0,114.0,20.0,54.0,9.0,,,,,,,,0.05,0.05,0.1,1.45,0.0,0.38,1.12,1.0,11.08,24,2.0,90.0,0.0,0.0,0.0,1.0,0.0,0.0,0.0,0.0,0.0,0.0,1.0,0.0,13.0,16768.0,24609.0,0.0,0.09000000000000008,0.20999999999999996,0.2999999999999998,1.4399999999999977,18.600000000000023,0.9000000000000057,18.0,3.8000000000000114,2.0,6.0,1.0,8.0
292,Vitalii,Mykolenko,Mykolenko,d,Knock - 75% chance of playing,,4.9,313,51.0,0.7,208,80.0,2.0,189.0,68.0,0,0,0.0,-1,1.0,96,4283,0.4,13.1,1.5,2.0,3.2,156.0,61.0,75.0,100.0,131.0,58.0,116.0,31.0,286.0,88.0,163.0,52.0,,,,,,,,0.01,0.07,0.08,1.42,0.0,0.35,1.25,1.0,7.02,24,0.0,0.0,0.0,0.0,0.0,0.0,0.0,0.0,0.0,0.0,0.0,0.0,0.0,0.0,0.0,218.0,4481.0,0.0,0.0,0.0,0.0,0.0,0.0,0.0,0.0,0.0,0.0,0.0,0.0,0.0
293,Jake,O'Brien,O'Brien,a,,,4.9,337,56.0,0.8,199,77.0,4.0,54.0,20.0,5,0,0.0,-1,1.0,2423,949,0.8,17.3,4.0,4.0,3.5,119.0,43.0,,,88.0,40.0,134.0,33.0,200.0,49.0,123.0,38.0,,,,,,,,0.03,0.03,0.06,1.51,0.0,0.36,1.15,0.98,6.83,24,5.0,90.0,0.0,1.0,0.0,1.0,0.0,0.0,0.0,0.0,0.0,0.0,1.0,0.0,19.0,2626.0,1189.0,0.0,0.08000000000000007,0.05999999999999994,0.14000000000000012,1.4399999999999977,25.80000000000001,21.400000000000006,19.0,6.6000000000000085,1.0,3.0,4.0,4.0
294,Séamus,Coleman,Coleman,a,,,4.2,623,142.0,0.1,485,175.0,0.0,547.0,230.0,0,0,0.0,-3,3.0,61,23,0.0,0.7,0.0,0.0,1.0,446.0,166.0,100.0,100.0,612.0,244.0,469.0,171.0,573.0,240.0,614.0,244.0,,,,,,,,0.0,0.0,0.0,1.96,0.0,0.0,0.0,8.18,0.0,24,0.0,0.0,0.0,0.0,0.0,0.0,0.0,0.0,0.0,0.0,0.0,0.0,0.0,0.0,0.0,65.0,23.0,0.0,0.0,0.0,0.0,0.0,0.0,0.0,0.0,0.0,0.0,0.0,0.0,0.0
295,Michael,Keane,Keane,a,,,4.7,376,63.0,4.0,86,29.0,1.4,246.0,91.0,2,0,0.0,2,-2.0,5092,5528,0.3,20.9,1.4,1.4,4.9,18.0,8.0,100.0,100.0,26.0,10.0,368.0,132.0,105.0,15.0,107.0,35.0,,,,,,,,0.09,0.01,0.1,1.5,0.0,0.31,1.33,1.02,10.35,24,2.0,90.0,0.0,0.0,0.0,1.0,0.0,0.0,0.0,0.0,0.0,0.0,1.0,0.0,15.0,5766.0,7162.0,0.0,0.07000000000000006,0.0,0.06999999999999984,1.4400000000000013,21.0,0.5,23.0,4.5,2.0,7.0,3.0,9.0
296,Nathan,Patterson,Patterson,a,,,4.4,531,113.0,0.0,606,217.0,2.4,162.0,55.0,1,0,0.0,-1,1.0,57,109,0.5,4.8,2.4,2.4,3.5,116.0,41.0,100.0,100.0,375.0,145.0,428.0,155.0,370.0,130.0,407.0,147.0,,,,,,,,0.01,0.02,0.03,1.35,0.0,0.76,0.38,1.14,11.39,24,1.0,1.0,0.0,0.0,0.0,0.0,0.0,0.0,0.0,0.0,0.0,0.0,0.0,0.0,3.0,70.0,118.0,0.0,0.0,0.0,0.0,0.0,2.0,0.3000000000000007,0.0,0.1999999999999993,1.0,0.0,1.0,1.0
297,Roman,Dixon,Dixon,a,,,3.8,791,244.0,0.2,379,139.0,0.0,430.0,165.0,0,0,0.0,-2,2.0,38,64,0.0,0.0,0.0,0.0,0.0,510.0,185.0,,,500.0,184.0,487.0,182.0,451.0,174.0,502.0,184.0,,,,,,,,0.0,0.0,0.0,0.0,0.0,0.0,0.0,0.0,0.0,24,0.0,0.0,0.0,0.0,0.0,0.0,0.0,0.0,0.0,0.0,0.0,0.0,0.0,0.0,0.0,42.0,68.0,0.0,0.0,0.0,0.0,0.0,0.0,0.0,0.0,0.0,0.0,0.0,0.0,0.0
298,Reece,Welch,Welch,a,,,3.8,789,242.0,0.1,423,158.0,0.0,428.0,163.0,0,0,0.0,-2,2.0,35,45,0.0,0.0,0.0,0.0,0.0,508.0,183.0,,,498.0,182.0,485.0,180.0,449.0,172.0,500.0,182.0,,,,,,,,0.0,0.0,0.0,0.0,0.0,0.0,0.0,0.0,0.0,24,0.0,0.0,0.0,0.0,0.0,0.0,0.0,0.0,0.0,0.0,0.0,0.0,0.0,0.0,0.0,39.0,48.0,0.0,0.0,0.0,0.0,0.0,0.0,0.0,0.0,0.0,0.0,0.0,0.0,0.0
299,Iliman,Ndiaye,Ndiaye,a,,,6.2,75,49.0,4.1,84,28.0,0.8,309.0,139.0,2,0,0.0,-3,3.0,4127,4633,0.1,12.4,0.8,0.8,4.3,47.0,22.0,100.0,100.0,102.0,34.0,89.0,66.0,52.0,32.0,62.0,41.0,,,1.0,,,,,0.2,0.18,0.38,1.3,0.0,0.35,1.24,1.06,9.75,24,2.0,90.0,0.0,0.0,0.0,1.0,0.0,0.0,0.0,0.0,0.0,0.0,1.0,0.0,9.0,5701.0,5618.0,0.0,0.0,0.009999999999999787,0.009999999999999787,1.4400000000000013,11.799999999999955,3.8000000000000114,8.0,2.4000000000000057,5.0,1.0,5.0,11.0
300,Dwight,McNeil,McNeil,a,,,5.5,145,90.0,0.2,385,130.0,1.8,216.0,95.0,0,0,0.0,-5,5.0,80,494,0.3,5.3,1.8,1.8,2.1,318.0,142.0,,,356.0,159.0,194.0,129.0,307.0,161.0,326.0,158.0,,,,,,,,0.07,0.1,0.17,1.78,0.0,0.44,0.59,1.02,7.76,24,0.0,0.0,0.0,0.0,0.0,0.0,0.0,0.0,0.0,0.0,0.0,0.0,0.0,0.0,0.0,98.0,573.0,0.0,0.0,0.0,0.0,0.0,0.0,0.0,0.0,0.0,0.0,0.0,0.0,0.0
301,Carlos,Alcaraz Durán,Alcaraz,a,,,5.2,217,134.0,0.1,497,175.0,0.2,410.0,189.0,1,0,0.0,-3,3.0,42,30,0.0,5.0,0.2,0.2,1.6,387.0,172.0,100.0,100.0,348.0,155.0,174.0,117.0,145.0,84.0,260.0,127.0,,,,,,,,0.14,0.06,0.2,1.76,0.0,0.4,1.08,0.81,8.64,24,1.0,11.0,0.0,0.0,0.0,0.0,0.0,0.0,0.0,0.0,0.0,0.0,0.0,0.0,7.0,44.0,62.0,0.0,0.0,0.010000000000000009,0.010000000000000009,0.02999999999999936,3.5999999999999943,0.5,0.0,0.3999999999999986,1.0,0.0,3.0,4.0
302,Idrissa Gana,Gueye,Gana,a,,,5.4,156,97.0,0.1,489,172.0,1.6,237.0,105.0,2,0,0.0,-1,1.0,175,84,0.3,9.6,1.6,1.6,3.5,122.0,58.0,100.0,100.0,204.0,89.0,169.0,112.0,182.0,103.0,203.0,105.0,,,,,,,,0.09,0.06,0.15,1.38,0.0,0.22,1.11,1.11,9.22,24,2.0,79.0,0.0,0.0,0.0,1.0,0.0,0.0,0.0,0.0,0.0,0.0,1.0,0.0,8.0,207.0,89.0,0.0,0.0,0.020000000000000018,0.020000000000000018,1.4100000000000001,3.4000000000000057,4.299999999999983,4.0,1.2000000000000028,0.0,1.0,1.0,2.0
303,James,Garner,Garner,a,,,5.2,211,131.0,4.6,79,27.0,4.0,55.0,24.0,4,0,0.0,2,-2.0,12975,11399,0.8,20.2,4.0,4.0,4.4,39.0,18.0,,,22.0,6.0,19.0,18.0,122.0,71.0,30.0,24.0,3.0,3.0,,,,,,0.07,0.13,0.2,1.45,0.0,0.38,1.13,1.0,12.46,24,4.0,90.0,0.0,0.0,0.0,1.0,0.0,0.0,0.0,0.0,0.0,0.0,1.0,0.0,14.0,14455.0,13466.0,0.0,0.0,0.06999999999999984,0.07000000000000028,1.4400000000000048,20.799999999999955,16.600000000000023,2.0,3.8999999999999915,6.0,5.0,8.0,19.0
304,Tim,Iroegbunam,Iroegbunam,a,,,4.8,367,229.0,0.0,615,237.0,2.2,180.0,80.0,0,0,0.0,-2,2.0,29,46,0.5,10.2,2.2,0.6,2.7,229.0,96.0,100.0,25.0,263.0,113.0,261.0,157.0,302.0,158.0,304.0,146.0,,,,,,,,0.03,0.06,0.09,1.45,0.0,0.68,0.87,1.06,12.15,24,0.0,10.0,0.0,0.0,0.0,0.0,0.0,0.0,0.0,1.0,0.0,0.0,0.0,0.0,155.0,29.0,53.0,0.0,0.0,0.0,0.0,0.02999999999999936,0.0,0.19999999999998863,0.0,0.0,0.0,1.0,1.0,2.0
305,Harrison,Armstrong,Armstrong,a,,,4.5,494,304.0,0.1,535,190.0,2.2,179.0,79.0,2,0,0.0,0,0.0,323,72,0.5,2.7,2.2,2.2,2.0,323.0,143.0,100.0,100.0,404.0,178.0,352.0,183.0,384.0,193.0,410.0,185.0,,,,,,,,0.0,0.04,0.04,1.4,0.0,0.29,1.15,1.15,9.46,24,2.0,79.0,0.0,0.0,0.0,1.0,0.0,0.0,0.0,0.0,0.0,0.0,1.0,0.0,11.0,354.0,78.0,0.0,0.0,0.010000000000000009,0.010000000000000009,1.4099999999999997,8.799999999999997,2.200000000000003,0.0,1.1000000000000005,3.0,2.0,5.0,10.0
306,Callum,Bates,Bates,a,,,4.3,608,354.0,0.1,513,183.0,0.0,578.0,203.0,0,0,0.0,-2,2.0,119,82,0.0,0.0,0.0,0.0,0.0,640.0,242.0,,,631.0,233.0,628.0,238.0,601.0,226.0,633.0,235.0,,,,,,,,0.0,0.0,0.0,0.0,0.0,0.0,0.0,0.0,0.0,24,0.0,0.0,0.0,0.0,0.0,0.0,0.0,0.0,0.0,0.0,0.0,0.0,0.0,0.0,0.0,137.0,87.0,0.0,0.0,0.0,0.0,0.0,0.0,0.0,0.0,0.0,0.0,0.0,0.0,0.0
307,Coby,Ebere,Ebere,a,,,4.4,543,326.0,0.0,602,231.0,0.0,604.0,218.0,0,0,0.0,-1,1.0,27,32,0.0,0.0,0.0,0.0,0.0,660.0,255.0,,,652.0,247.0,649.0,252.0,624.0,241.0,654.0,249.0,,,,,,,,0.0,0.0,0.0,0.0,0.0,0.0,0.0,0.0,0.0,24,0.0,0.0,0.0,0.0,0.0,0.0,0.0,0.0,0.0,0.0,0.0,0.0,0.0,0.0,0.0,31.0,33.0,0.0,0.0,0.0,0.0,0.0,0.0,0.0,0.0,0.0,0.0,0.0,0.0,0.0
308,Isaac,Heath,Heath,u,has joined Accrington on loan for the rest of the season.,,4.5,448,268.0,0.0,684,284.0,0.0,649.0,248.0,0,0,0.0,0,0.0,0,2,0.0,0.0,0.0,0.0,0.0,698.0,281.0,0.0,0.0,694.0,277.0,691.0,279.0,671.0,271.0,695.0,278.0,,,,,,,,0.0,0.0,0.0,0.0,0.0,0.0,0.0,0.0,0.0,24,0.0,0.0,0.0,0.0,0.0,0.0,0.0,0.0,0.0,0.0,0.0,0.0,0.0,0.0,0.0,0.0,2.0,0.0,0.0,0.0,0.0,0.0,0.0,0.0,0.0,0.0,0.0,0.0,0.0,0.0
309,Jenson,Metcalfe,Metcalfe,u,Has joined Bradford City permanently.,,4.5,444,266.0,0.0,806,360.0,0.0,647.0,246.0,0,0,0.0,0,0.0,0,1,0.0,0.0,0.0,0.0,0.0,696.0,279.0,0.0,0.0,692.0,275.0,689.0,277.0,669.0,269.0,693.0,276.0,,,,,,,,0.0,0.0,0.0,0.0,0.0,0.0,0.0,0.0,0.0,24,0.0,0.0,0.0,0.0,0.0,0.0,0.0,0.0,0.0,0.0,0.0,0.0,0.0,0.0,0.0,0.0,1.0,0.0,0.0,0.0,0.0,0.0,0.0,0.0,0.0,0.0,0.0,0.0,0.0,0.0
310,Thierno,Barry,Barry,a,,,5.7,121,33.0,1.3,165,28.0,5.4,21.0,6.0,2,0,0.0,-3,3.0,6352,5242,0.9,10.7,5.4,5.4,2.5,264.0,27.0,,,217.0,18.0,177.0,16.0,45.0,18.0,130.0,17.0,,,,,,,,0.25,0.02,0.27,1.41,0.0,0.46,1.19,1.06,3.05,24,2.0,88.0,0.0,0.0,0.0,1.0,0.0,0.0,0.0,0.0,0.0,0.0,1.0,0.0,9.0,8766.0,5746.0,0.0,0.0,0.15999999999999998,0.16000000000000014,1.4400000000000013,1.4000000000000057,22.299999999999997,2.0,2.6000000000000085,0.0,0.0,2.0,2.0
34,Joe,Gauci,Gauci,u,Has joined Port Vale on loan for the rest of the season.,,4.0,678,53.0,0.1,481,74.0,0.0,501.0,65.0,0,0,0.0,0,0.0,0,27,0.0,0.0,0.0,0.0,0.0,578.0,71.0,0.0,0.0,568.0,71.0,561.0,60.0,528.0,45.0,570.0,71.0,,,,,,,,0.0,0.0,0.0,0.0,0.0,0.0,0.0,0.0,0.0,24,0.0,0.0,0.0,0.0,0.0,0.0,0.0,0.0,0.0,0.0,0.0,0.0,0.0,0.0,0.0,0.0,27.0,0.0,0.0,0.0,0.0,0.0,0.0,0.0,0.0,0.0,0.0,0.0,0.0,0.0
35,Filip,Marschall,Marschall,u,Has joined Stevenage permanently.,,4.0,677,52.0,0.0,733,85.0,0.0,500.0,64.0,0,0,0.0,0,0.0,0,1,0.0,0.0,0.0,0.0,0.0,577.0,70.0,0.0,0.0,567.0,70.0,560.0,59.0,527.0,44.0,569.0,70.0,,,,,,,,0.0,0.0,0.0,0.0,0.0,0.0,0.0,0.0,0.0,24,0.0,0.0,0.0,0.0,0.0,0.0,0.0,0.0,0.0,0.0,0.0,0.0,0.0,0.0,0.0,0.0,1.0,0.0,0.0,0.0,0.0,0.0,0.0,0.0,0.0,0.0,0.0,0.0,0.0,0.0
36,Matty,Cash,Cash,a,,,4.8,354,58.0,11.7,35,12.0,4.2,49.0,17.0,2,0,0.0,3,-3.0,18686,10318,0.9,20.2,4.2,4.2,4.2,51.0,20.0,100.0,100.0,48.0,20.0,44.0,4.0,135.0,24.0,52.0,8.0,1.0,,,,,,,0.04,0.1,0.14,1.32,0.0,0.31,0.93,1.01,5.78,24,2.0,90.0,0.0,0.0,0.0,1.0,0.0,0.0,0.0,0.0,0.0,0.0,1.0,0.0,16.0,22428.0,11674.0,0.0,0.22999999999999998,0.33000000000000007,0.56,0.4299999999999997,24.19999999999999,40.80000000000001,30.0,9.5,4.0,4.0,7.0,8.0
311,Norberto Bercique,Gomes Betuncal,Beto,a,,,5.0,264,54.0,2.4,116,19.0,3.0,116.0,17.0,7,0,0.0,-5,5.0,3255,1727,0.6,9.0,3.0,3.0,1.9,345.0,36.0,,,268.0,26.0,309.0,33.0,48.0,19.0,198.0,22.0,,,2.0,,,,,0.55,0.02,0.57,1.62,0.0,0.22,1.3,0.87,5.3,24,7.0,1.0,1.0,0.0,0.0,0.0,0.0,0.0,0.0,0.0,0.0,0.0,0.0,2.0,27.0,3396.0,1901.0,0.0,0.5899999999999999,0.0,0.5900000000000007,0.0,33.000000000000014,0.0,33.0,6.600000000000001,0.0,1.0,1.0,2.0
312,Youssef,Ramalho Chermiti,Y.Chermiti,u,has joined Rangers permanently.,,4.9,336,61.0,0.1,534,75.0,0.0,735.0,75.0,0,0,0.0,-1,1.0,0,6,0.0,0.0,0.0,0.0,0.0,766.0,84.0,0.0,0.0,766.0,84.0,762.0,83.0,754.0,83.0,766.0,84.0,,,,,,,,0.0,0.0,0.0,0.0,0.0,0.0,0.0,0.0,0.0,24,0.0,0.0,0.0,0.0,0.0,0.0,0.0,0.0,0.0,0.0,0.0,0.0,0.0,0.0,0.0,0.0,7.0,0.0,0.0,0.0,0.0,0.0,0.0,0.0,0.0,0.0,0.0,0.0,0.0,0.0
313,Martin,Sherif,Sherif,a,,,4.4,550,77.0,0.1,439,64.0,0.0,609.0,59.0,0,0,0.0,-1,1.0,150,51,0.0,0.0,0.0,0.0,0.0,665.0,69.0,100.0,100.0,658.0,69.0,654.0,68.0,630.0,68.0,660.0,69.0,,,,,,,,0.0,0.0,0.0,0.0,0.0,0.0,0.0,0.0,0.0,24,0.0,0.0,0.0,0.0,0.0,0.0,0.0,0.0,0.0,0.0,0.0,0.0,0.0,0.0,0.0,161.0,54.0,0.0,0.0,0.0,0.0,0.0,0.0,0.0,0.0,0.0,0.0,0.0,0.0,0.0
419,Jack,Grealish,Grealish,i,Foot injury - Expected back 01 Jun,,6.3,63,42.0,6.9,55,20.0,2.4,172.0,77.0,0,-1,1.0,-2,2.0,42,24132,0.4,12.5,0.0,0.0,4.0,71.0,34.0,0.0,0.0,96.0,31.0,16.0,16.0,30.0,15.0,23.0,19.0,,,,,,,,0.11,0.19,0.3,1.43,0.0,0.39,1.27,1.0,7.47,24,0.0,0.0,0.0,0.0,0.0,0.0,0.0,0.0,0.0,0.0,0.0,0.0,0.0,0.0,0.0,43.0,27039.0,0.0,0.0,0.0,0.0,0.0,0.0,0.0,0.0,0.0,0.0,0.0,0.0,0.0
667,Adam,Aznou,Aznou,a,,,4.2,637,150.0,0.1,568,205.0,0.0,553.0,232.0,0,0,0.0,-3,3.0,21,28,0.0,0.0,0.0,0.0,0.0,623.0,244.0,100.0,100.0,615.0,245.0,610.0,244.0,580.0,241.0,617.0,245.0,,,,,,,,0.0,0.0,0.0,0.0,0.0,0.0,0.0,0.0,0.0,24,0.0,0.0,0.0,0.0,0.0,0.0,0.0,0.0,0.0,0.0,0.0,0.0,0.0,0.0,0.0,22.0,29.0,0.0,0.0,0.0,0.0,0.0,0.0,0.0,0.0,0.0,0.0,0.0,0.0,0.0
704,Tyler,Onyango,Onyango,u,has joined Stockport County on loan for the rest of the season.,,4.5,434,259.0,0.1,580,216.0,0.0,641.0,240.0,0,0,0.0,0,0.0,0,15,0.0,0.0,0.0,0.0,0.0,691.0,274.0,0.0,0.0,686.0,269.0,684.0,272.0,663.0,264.0,688.0,271.0,,,,,,,,0.0,0.0,0.0,0.0,0.0,0.0,0.0,0.0,0.0,24,0.0,0.0,0.0,0.0,0.0,0.0,0.0,0.0,0.0,0.0,0.0,0.0,0.0,0.0,0.0,0.0,16.0,0.0,0.0,0.0,0.0,0.0,0.0,0.0,0.0,0.0,0.0,0.0,0.0,0.0
705,Elijah,Campbell,Campbell,a,,,3.9,762,222.0,0.2,394,144.0,0.0,468.0,182.0,0,0,0.0,-1,1.0,57,71,0.0,0.0,0.0,0.0,0.0,545.0,199.0,,,535.0,198.0,525.0,198.0,490.0,191.0,537.0,198.0,,,,,,,,0.0,0.0,0.0,0.0,0.0,0.0,0.0,0.0,0.0,24,0.0,0.0,0.0,0.0,0.0,0.0,0.0,0.0,0.0,0.0,0.0,0.0,0.0,0.0,0.0,63.0,78.0,0.0,0.0,0.0,0.0,0.0,0.0,0.0,0.0,0.0,0.0,0.0,0.0,0.0
707,Tyler,Dibling,Dibling,a,,,5.3,201,125.0,0.0,641,259.0,0.6,328.0,148.0,1,0,0.0,-2,2.0,14,41,0.1,3.2,0.6,0.6,1.3,423.0,191.0,,,393.0,174.0,295.0,169.0,333.0,176.0,375.0,175.0,,,,,,,,0.05,0.04,0.09,1.55,0.0,0.52,0.52,1.03,10.34,24,1.0,10.0,0.0,0.0,0.0,0.0,0.0,0.0,0.0,0.0,0.0,0.0,0.0,0.0,1.0,16.0,58.0,0.0,0.0,0.0,0.0,0.03000000000000025,0.0,0.0,0.0,0.0,0.0,0.0,0.0,0.0
728,Merlin,Röhl,Röhl,a,,,5.0,275,168.0,0.0,703,296.0,1.0,284.0,126.0,0,0,0.0,0,0.0,22,31,0.2,3.2,1.0,1.0,1.6,385.0,171.0,100.0,100.0,378.0,165.0,281.0,164.0,332.0,175.0,365.0,171.0,,,,,,,,0.13,0.04,0.17,1.6,0.0,0.51,1.02,0.51,10.96,24,0.0,0.0,0.0,0.0,0.0,0.0,0.0,0.0,0.0,0.0,0.0,0.0,0.0,0.0,0.0,25.0,34.0,0.0,0.0,0.0,0.0,0.0,0.0,0.0,0.0,0.0,0.0,0.0,0.0,0.0
60,Ben,Broggio,Broggio,a,,,4.4,557,335.0,0.3,321,106.0,0.0,615.0,225.0,0,0,0.0,-1,1.0,124,157,0.0,0.0,0.0,0.0,0.0,670.0,261.0,,,664.0,255.0,660.0,259.0,636.0,249.0,666.0,257.0,,,,,,,,0.0,0.0,0.0,0.0,0.0,0.0,0.0,0.0,0.0,24,0.0,0.0,0.0,0.0,0.0,0.0,0.0,0.0,0.0,0.0,0.0,0.0,0.0,0.0,0.0,128.0,167.0,0.0,0.0,0.0,0.0,0.0,0.0,0.0,0.0,0.0,0.0,0.0,0.0,0.0
779,Braiden,Graham,Graham,a,,,4.5,501,71.0,0.0,678,84.0,0.0,692.0,69.0,0,0,0.0,0,0.0,156,63,0.0,0.0,0.0,0.0,0.0,737.0,79.0,,,737.0,79.0,732.0,78.0,715.0,78.0,737.0,79.0,,,,,,,,0.0,0.0,0.0,0.0,0.0,0.0,0.0,0.0,0.0,24,0.0,0.0,0.0,0.0,0.0,0.0,0.0,0.0,0.0,0.0,0.0,0.0,0.0,0.0,0.0,166.0,66.0,0.0,0.0,0.0,0.0,0.0,0.0,0.0,0.0,0.0,0.0,0.0,0.0,0.0
314,Bernd,Leno,Leno,a,,,4.9,287,11.0,1.6,149,20.0,2.4,164.0,16.0,2,0,0.0,-1,1.0,712,1019,0.5,14.7,2.4,2.4,3.0,190.0,17.0,,,23.0,8.0,747.0,88.0,737.0,82.0,186.0,8.0,,,,,,,,0.0,0.0,0.0,1.4,2.62,0.21,1.46,1.0,0.0,24,2.0,90.0,0.0,0.0,0.0,3.0,0.0,0.0,0.0,0.0,0.0,3.0,1.0,0.0,11.0,734.0,1381.0,0.0,0.0,0.0,0.0,1.740000000000002,32.799999999999955,0.0,0.0,3.299999999999997,1.0,1.0,7.0,0.0
315,Steven,Benda,Benda,a,,,4.0,670,49.0,0.0,732,84.0,0.0,494.0,61.0,0,0,0.0,0,0.0,63,21,0.0,0.0,0.0,0.0,0.0,571.0,67.0,100.0,100.0,561.0,67.0,554.0,56.0,521.0,41.0,563.0,67.0,,,,,,,,0.0,0.0,0.0,0.0,0.0,0.0,0.0,0.0,0.0,24,0.0,0.0,0.0,0.0,0.0,0.0,0.0,0.0,0.0,0.0,0.0,0.0,0.0,0.0,0.0,67.0,23.0,0.0,0.0,0.0,0.0,0.0,0.0,0.0,0.0,0.0,0.0,0.0,0.0,0.0
316,Antonee,Robinson,Robinson,a,,,4.9,295,46.0,0.8,204,78.0,1.4,249.0,92.0,1,0,0.0,-1,1.0,1331,1006,0.3,6.7,1.4,1.4,2.8,217.0,85.0,100.0,100.0,238.0,99.0,126.0,32.0,328.0,105.0,238.0,82.0,,,,,,,,0.02,0.12,0.14,1.49,0.0,0.22,1.12,1.01,7.64,24,1.0,70.0,0.0,0.0,0.0,2.0,0.0,0.0,0.0,0.0,0.0,0.0,1.0,0.0,8.0,1382.0,1238.0,0.0,0.0,0.020000000000000018,0.020000000000000018,1.040000000000001,13.599999999999994,13.0,2.0,2.8999999999999986,1.0,2.0,4.0,3.0
318,Calvin,Bassey,Bassey,a,,,4.4,528,110.0,0.4,282,107.0,0.2,383.0,146.0,1,0,0.0,-1,1.0,749,285,0.0,12.7,0.2,0.2,3.3,138.0,52.0,100.0,100.0,112.0,50.0,270.0,85.0,289.0,90.0,217.0,72.0,,,,,,,,0.06,0.01,0.07,1.38,0.0,0.2,1.72,0.99,8.06,24,1.0,4.0,0.0,0.0,0.0,1.0,0.0,0.0,0.0,0.0,0.0,0.0,0.0,0.0,3.0,791.0,329.0,0.0,0.0,0.0,0.0,0.16000000000000014,6.800000000000011,1.0,2.0,1.0,2.0,0.0,1.0,2.0
319,Timothy,Castagne,Castagne,a,,,4.3,575,126.0,0.1,460,169.0,1.6,224.0,80.0,1,0,0.0,-2,2.0,157,73,0.4,6.0,1.6,1.6,1.4,405.0,146.0,,,227.0,92.0,191.0,48.0,242.0,69.0,244.0,84.0,,,,,,,,0.08,0.04,0.12,1.71,0.0,0.0,1.91,0.96,7.92,24,1.0,90.0,0.0,0.0,0.0,3.0,0.0,0.0,0.0,0.0,0.0,0.0,1.0,0.0,4.0,165.0,92.0,0.0,0.0,0.020000000000000018,0.020000000000000018,1.740000000000002,12.0,8.300000000000011,2.0,2.200000000000003,2.0,6.0,3.0,8.0
320,Issa,Diop,Diop,a,,,4.3,577,128.0,0.1,521,187.0,0.8,296.0,107.0,0,0,0.0,-2,2.0,31,32,0.2,2.3,0.8,0.8,1.2,427.0,154.0,,,363.0,138.0,432.0,157.0,391.0,145.0,409.0,148.0,,,,,,,,0.0,0.01,0.01,1.79,0.0,0.0,1.97,0.87,7.65,24,0.0,0.0,0.0,0.0,0.0,0.0,0.0,0.0,0.0,0.0,0.0,0.0,0.0,0.0,0.0,33.0,34.0,0.0,0.0,0.0,0.0,0.0,0.0,0.0,0.0,0.0,0.0,0.0,0.0,0.0
321,Jorge,Cuenca Barreno,J.Cuenca,a,,,4.3,583,132.0,0.1,560,201.0,2.2,177.0,62.0,1,0,0.0,-2,2.0,195,41,0.5,8.1,2.2,2.2,3.2,152.0,58.0,,,214.0,86.0,325.0,110.0,374.0,132.0,311.0,105.0,,,,,,,,0.01,0.06,0.07,1.33,0.0,0.21,0.97,1.07,10.74,24,1.0,85.0,0.0,0.0,0.0,2.0,0.0,0.0,0.0,0.0,0.0,0.0,1.0,0.0,12.0,202.0,54.0,0.0,0.0,0.44,0.43999999999999995,1.58,20.0,21.299999999999997,4.0,4.5,2.0,5.0,2.0,7.0
322,Kenny,Tete,Tete,a,,,4.5,410,75.0,0.3,324,120.0,0.0,625.0,245.0,0,0,0.0,0,0.0,15,606,0.0,14.4,0.0,0.0,4.1,58.0,24.0,100.0,75.0,126.0,55.0,183.0,44.0,249.0,71.0,189.0,62.0,,,,,,,,0.03,0.06,0.09,1.32,0.0,0.33,1.2,1.07,8.42,24,0.0,0.0,0.0,0.0,0.0,0.0,0.0,0.0,0.0,0.0,0.0,0.0,0.0,0.0,0.0,15.0,735.0,0.0,0.0,0.0,0.0,0.0,0.0,0.0,0.0,0.0,0.0,0.0,0.0,0.0
324,Alex,Iwobi,Iwobi,a,,,6.3,64,43.0,0.7,209,70.0,0.8,310.0,140.0,2,0,0.0,-2,2.0,858,402,0.1,9.5,0.8,0.8,3.3,147.0,66.0,100.0,100.0,161.0,61.0,33.0,32.0,142.0,83.0,78.0,47.0,5.0,,,,,,,0.05,0.14,0.19,1.42,0.0,0.18,1.67,1.08,6.69,24,2.0,90.0,0.0,0.0,0.0,3.0,0.0,0.0,0.0,0.0,0.0,0.0,1.0,0.0,16.0,902.0,450.0,0.0,0.029999999999999916,0.27,0.2999999999999998,1.740000000000002,17.80000000000001,36.30000000000001,7.0,6.099999999999994,0.0,1.0,6.0,7.0
325,Emile,Smith Rowe,Smith Rowe,a,,,5.6,128,78.0,0.6,236,82.0,2.8,136.0,59.0,2,0,0.0,-4,4.0,671,1125,0.5,10.0,2.8,2.8,2.3,289.0,126.0,100.0,100.0,223.0,95.0,114.0,81.0,84.0,53.0,139.0,75.0,,,,,,,,0.24,0.06,0.3,1.53,0.0,0.24,1.29,0.97,7.42,24,2.0,70.0,0.0,0.0,0.0,2.0,0.0,0.0,0.0,0.0,0.0,0.0,1.0,0.0,14.0,711.0,1313.0,0.0,0.029999999999999805,0.039999999999999925,0.07000000000000028,1.0400000000000027,2.4000000000000057,4.199999999999989,6.0,1.2999999999999972,1.0,1.0,5.0,7.0
327,Andreas,Hoelgebaum Pereira,Andreas,u,has joined Palmeiras permanently.,,5.3,187,115.0,0.1,550,200.0,0.0,769.0,339.0,0,0,0.0,-2,2.0,0,4,0.0,0.0,0.0,0.0,0.0,787.0,348.0,0.0,0.0,787.0,348.0,786.0,348.0,781.0,347.0,787.0,348.0,,,,,,,,0.0,0.0,0.0,0.0,0.0,0.0,0.0,0.0,0.0,24,0.0,0.0,0.0,0.0,0.0,0.0,0.0,0.0,0.0,0.0,0.0,0.0,0.0,0.0,0.0,0.0,5.0,0.0,0.0,0.0,0.0,0.0,0.0,0.0,0.0,0.0,0.0,0.0,0.0,0.0
328,Ryan,Sessegnon,Sessegnon,a,,,5.4,163,101.0,0.2,409,138.0,1.8,212.0,92.0,4,0,0.0,-1,1.0,145,134,0.3,12.0,1.8,1.8,3.8,91.0,42.0,100.0,100.0,163.0,62.0,186.0,125.0,162.0,91.0,180.0,96.0,,,,,,,,0.07,0.09,0.16,1.31,0.0,0.29,1.6,1.02,10.33,24,4.0,19.0,0.0,1.0,0.0,1.0,0.0,0.0,0.0,0.0,0.0,0.0,0.0,0.0,10.0,146.0,188.0,0.0,0.0,0.010000000000000009,0.010000000000000231,0.6999999999999993,20.599999999999966,12.899999999999991,6.0,4.0,2.0,0.0,0.0,2.0
329,Harry,Wilson,Wilson,a,,,6.1,80,53.0,24.4,15,5.0,5.8,14.0,10.0,2,0,0.0,6,-6.0,50174,25115,1.0,19.0,5.8,5.8,5.0,13.0,6.0,100.0,100.0,41.0,10.0,34.0,33.0,27.0,14.0,20.0,16.0,3.0,3.0,3.0,,,,,0.2,0.15,0.35,1.26,0.0,0.31,1.22,1.07,6.02,24,2.0,90.0,0.0,0.0,0.0,3.0,0.0,0.0,0.0,0.0,0.0,0.0,1.0,0.0,11.0,55044.0,29775.0,0.0,0.07000000000000028,0.0900000000000003,0.16000000000000014,1.740000000000002,9.399999999999977,22.100000000000023,14.0,4.599999999999994,1.0,0.0,2.0,3.0
330,Sander,Berge,Berge,a,,,4.9,304,188.0,0.1,514,184.0,3.2,98.0,43.0,2,0,0.0,-1,1.0,135,76,0.7,12.0,3.2,3.2,2.5,259.0,112.0,,,118.0,39.0,90.0,67.0,298.0,154.0,141.0,77.0,,,,,,,,0.04,0.04,0.08,1.41,0.0,0.23,1.49,1.04,8.81,24,2.0,90.0,0.0,0.0,0.0,3.0,0.0,0.0,0.0,0.0,0.0,0.0,1.0,0.0,19.0,147.0,91.0,0.0,0.20999999999999996,0.030000000000000027,0.24,1.7399999999999984,18.19999999999999,15.299999999999983,5.0,3.9000000000000057,1.0,4.0,3.0,8.0
331,Tom,Cairney,Cairney,a,,,4.8,348,217.0,0.0,629,249.0,1.4,247.0,107.0,1,0,0.0,-2,2.0,26,33,0.3,5.0,1.4,1.4,1.5,399.0,177.0,100.0,100.0,353.0,158.0,250.0,152.0,300.0,156.0,344.0,165.0,,,,,,,,0.17,0.06,0.23,1.62,0.0,0.0,1.79,0.6,6.75,24,1.0,11.0,0.0,0.0,0.0,1.0,0.0,0.0,0.0,0.0,0.0,0.0,0.0,0.0,4.0,26.0,38.0,0.0,0.0,0.010000000000000009,0.009999999999999787,0.16000000000000014,1.2000000000000028,3.0,0.0,0.3999999999999986,0.0,0.0,0.0,0.0
332,Saša,Lukić,Lukić,i,Hamstring injury - Expected back 22 Feb,,4.9,308,191.0,0.1,552,201.0,1.0,282.0,124.0,0,0,0.0,-1,1.0,1,75,0.2,10.2,0.0,0.0,2.6,242.0,106.0,0.0,0.0,203.0,88.0,52.0,42.0,196.0,109.0,128.0,71.0,1.0,,,,,,,0.13,0.1,0.23,1.37,0.0,0.3,1.27,1.12,9.46,24,0.0,0.0,0.0,0.0,0.0,0.0,0.0,0.0,0.0,0.0,0.0,0.0,0.0,0.0,0.0,1.0,81.0,0.0,0.0,0.0,0.0,0.0,0.0,0.0,0.0,0.0,0.0,0.0,0.0,0.0
333,Martial,Godo,Godo,u,has joined Strasbourg permanently.,,4.5,472,288.0,0.0,660,271.0,0.0,667.0,264.0,0,0,0.0,0,0.0,0,1,0.0,0.0,0.0,0.0,0.0,714.0,295.0,0.0,0.0,712.0,293.0,708.0,294.0,690.0,288.0,713.0,294.0,,,,,,,,0.0,0.0,0.0,0.0,0.0,0.0,0.0,0.0,0.0,24,0.0,0.0,0.0,0.0,0.0,0.0,0.0,0.0,0.0,0.0,0.0,0.0,0.0,0.0,0.0,0.0,2.0,0.0,0.0,0.0,0.0,0.0,0.0,0.0,0.0,0.0,0.0,0.0,0.0,0.0
334,Luke,Harris,Harris,u,Has joined Oxford United on loan for the rest of the season.,,4.5,452,271.0,0.0,794,350.0,0.0,652.0,251.0,0,0,0.0,0,0.0,0,0,0.0,0.0,0.0,0.0,0.0,701.0,284.0,0.0,0.0,697.0,280.0,694.0,282.0,674.0,274.0,698.0,281.0,,,,,,,,0.0,0.0,0.0,0.0,0.0,0.0,0.0,0.0,0.0,24,0.0,0.0,0.0,0.0,0.0,0.0,0.0,0.0,0.0,0.0,0.0,0.0,0.0,0.0,0.0,0.0,0.0,0.0,0.0,0.0,0.0,0.0,0.0,0.0,0.0,0.0,0.0,0.0,0.0,0.0
335,Josh,King,King,a,,,4.4,556,334.0,1.8,140,46.0,1.0,280.0,122.0,0,0,0.0,-1,1.0,1758,1793,0.2,8.2,1.0,1.0,1.8,353.0,157.0,100.0,100.0,320.0,143.0,218.0,138.0,127.0,73.0,262.0,128.0,,,,,,,,0.12,0.04,0.16,1.32,0.0,0.31,1.54,1.13,7.28,24,0.0,0.0,0.0,0.0,0.0,0.0,0.0,0.0,0.0,0.0,0.0,0.0,0.0,0.0,0.0,1998.0,2328.0,0.0,0.0,0.0,0.0,0.0,0.0,0.0,0.0,0.0,0.0,0.0,0.0,0.0
336,Harrison,Reed,Reed,a,,,4.3,574,341.0,0.3,300,101.0,1.8,202.0,89.0,0,0,0.0,-2,2.0,1967,511,0.4,2.6,1.8,1.8,2.8,213.0,92.0,,,406.0,180.0,420.0,204.0,402.0,196.0,430.0,194.0,,,,,,,,0.26,1.54,1.8,2.64,0.0,0.0,6.43,0.0,6.43,24,0.0,0.0,0.0,0.0,0.0,0.0,0.0,0.0,0.0,0.0,0.0,0.0,0.0,0.0,0.0,2181.0,576.0,0.0,0.0,0.0,0.0,0.0,0.0,0.0,0.0,0.0,0.0,0.0,0.0,0.0
337,Raúl,Jiménez Rodríguez,Raúl,a,,,6.2,72,24.0,1.9,138,21.0,4.0,59.0,10.0,6,0,0.0,-3,3.0,4223,4578,0.6,12.4,4.0,4.0,3.3,146.0,14.0,100.0,100.0,119.0,11.0,100.0,4.0,15.0,9.0,37.0,9.0,,1.0,1.0,,,,,0.43,0.04,0.47,1.38,0.0,0.29,1.2,1.09,5.26,24,6.0,90.0,1.0,0.0,0.0,3.0,0.0,0.0,0.0,0.0,0.0,0.0,1.0,0.0,19.0,4414.0,6036.0,0.0,1.12,0.0,1.120000000000001,1.740000000000002,39.599999999999966,2.0,46.0,8.799999999999997,2.0,1.0,3.0,6.0
338,Rodrigo,Muniz Carvalho,Muniz,d,Hamstring injury - 50% chance of playing,,5.3,194,45.0,0.7,217,34.0,0.0,770.0,79.0,0,0,0.0,-2,2.0,38,194,0.0,3.2,0.0,0.0,2.4,274.0,29.0,50.0,25.0,377.0,39.0,335.0,39.0,193.0,42.0,337.0,40.0,,,,,,,,0.24,0.0,0.24,1.46,0.0,0.26,1.03,1.03,4.91,24,0.0,0.0,0.0,0.0,0.0,0.0,0.0,0.0,0.0,0.0,0.0,0.0,0.0,0.0,0.0,39.0,211.0,0.0,0.0,0.0,0.0,0.0,0.0,0.0,0.0,0.0,0.0,0.0,0.0,0.0
424,Oscar,Bobb,Bobb,i,Hamstring injury - Unknown return date,,5.1,237,145.0,0.2,375,125.0,0.0,763.0,335.0,0,0,0.0,-4,4.0,228,83,0.0,3.5,0.0,0.0,2.0,326.0,146.0,0.0,0.0,365.0,161.0,165.0,110.0,240.0,128.0,293.0,141.0,,,,,,,,0.08,0.22,0.3,0.99,0.0,0.39,0.97,0.97,5.62,24,0.0,0.0,0.0,0.0,0.0,0.0,0.0,0.0,0.0,0.0,0.0,0.0,0.0,0.0,0.0,247.0,87.0,0.0,0.0,0.0,0.0,0.0,0.0,0.0,0.0,0.0,0.0,0.0,0.0,0.0
727,Samuel,Chukwueze,Chukwueze,a,,,5.3,192,120.0,0.1,484,169.0,1.6,235.0,103.0,2,0,0.0,-2,2.0,250,388,0.3,8.1,1.6,1.2,3.9,78.0,37.0,100.0,75.0,211.0,92.0,153.0,103.0,146.0,85.0,188.0,100.0,,,,,,,,0.23,0.39,0.62,1.42,0.0,0.0,2.15,0.72,7.35,24,2.0,78.0,0.0,0.0,0.0,2.0,0.0,0.0,0.0,0.0,0.0,0.0,1.0,0.0,9.0,263.0,421.0,0.0,0.030000000000000027,0.03000000000000025,0.06000000000000005,1.58,10.800000000000011,18.5,8.0,3.700000000000003,2.0,1.0,5.0,8.0
731,Kevin,Santos Lopes de Macedo,Kevin,a,,,5.8,113,71.0,0.1,545,196.0,2.6,155.0,71.0,6,0,0.0,-2,2.0,387,112,0.4,6.9,2.6,2.6,2.0,330.0,150.0,100.0,100.0,242.0,101.0,128.0,91.0,107.0,64.0,165.0,90.0,4.0,,,,,,,0.11,0.15,0.26,1.41,0.0,0.45,1.45,0.78,7.35,24,6.0,19.0,1.0,0.0,0.0,1.0,0.0,0.0,0.0,0.0,0.0,0.0,0.0,0.0,20.0,390.0,124.0,0.0,0.040000000000000036,0.040000000000000036,0.08000000000000007,0.6999999999999993,34.80000000000001,1.3000000000000114,9.0,4.5,0.0,1.0,1.0,2.0
737,Jonah,Kusi-Asare,Kusi-Asare,a,,,4.5,504,73.0,0.1,492,69.0,0.2,393.0,45.0,0,0,0.0,0,0.0,264,143,0.0,0.9,0.2,0.2,0.8,493.0,60.0,,,480.0,57.0,402.0,53.0,394.0,54.0,453.0,55.0,,,,,,,,0.0,0.21,0.21,2.25,0.0,0.0,6.0,0.0,6.0,24,0.0,0.0,0.0,0.0,0.0,0.0,0.0,0.0,0.0,0.0,0.0,0.0,0.0,0.0,0.0,298.0,155.0,0.0,0.0,0.0,0.0,0.0,0.0,0.0,0.0,0.0,0.0,0.0,0.0,0.0
770,Seth,Ridgeon,Ridgeon,a,,,4.5,499,309.0,0.0,775,337.0,0.0,690.0,282.0,0,0,0.0,0,0.0,16,8,0.0,0.0,0.0,0.0,0.0,735.0,311.0,,,735.0,311.0,730.0,311.0,713.0,306.0,735.0,311.0,,,,,,,,0.0,0.0,0.0,0.0,0.0,0.0,0.0,0.0,0.0,24,0.0,0.0,0.0,0.0,0.0,0.0,0.0,0.0,0.0,0.0,0.0,0.0,0.0,0.0,0.0,17.0,9.0,0.0,0.0,0.0,0.0,0.0,0.0,0.0,0.0,0.0,0.0,0.0,0.0,0.0
786,Alfie,McNally,McNally,a,,,4.0,693,60.0,0.0,767,86.0,0.0,515.0,72.0,0,0,0.0,0,0.0,18,5,0.0,0.0,0.0,0.0,0.0,591.0,78.0,,,581.0,78.0,574.0,67.0,541.0,52.0,583.0,78.0,,,,,,,,0.0,0.0,0.0,0.0,0.0,0.0,0.0,0.0,0.0,24,0.0,0.0,0.0,0.0,0.0,0.0,0.0,0.0,0.0,0.0,0.0,0.0,0.0,0.0,0.0,18.0,5.0,0.0,0.0,0.0,0.0,0.0,0.0,0.0,0.0,0.0,0.0,0.0,0.0,0.0
168,Facundo,Buonanotte,Buonanotte,a,,,4.6,400,247.0,0.1,480,168.0,0.2,396.0,178.0,1,0,0.0,-4,4.0,194,143,0.0,0.4,0.2,-0.8,0.7,496.0,233.0,100.0,100.0,455.0,206.0,369.0,190.0,366.0,187.0,432.0,195.0,,,,,,,,0.05,0.13,0.18,2.43,0.0,0.0,2.61,1.3,6.52,24,1.0,19.0,0.0,0.0,0.0,1.0,0.0,0.0,0.0,0.0,0.0,0.0,0.0,0.0,1.0,215.0,152.0,0.0,0.0,0.0,0.0,1.31,0.0,0.3000000000000007,6.0,0.5,0.0,0.0,0.0,0.0
340,Alex,Cairns,Cairns,a,,,3.9,736,72.0,0.2,410,62.0,0.0,450.0,34.0,0,0,0.0,-1,1.0,33,49,0.0,0.0,0.0,-1.0,0.0,528.0,40.0,,,518.0,40.0,508.0,26.0,473.0,11.0,520.0,40.0,,,,,,,,0.0,0.0,0.0,0.0,0.0,0.0,0.0,0.0,0.0,24,0.0,0.0,0.0,0.0,0.0,0.0,0.0,0.0,0.0,0.0,0.0,0.0,0.0,0.0,0.0,39.0,54.0,0.0,0.0,0.0,0.0,0.0,0.0,0.0,0.0,0.0,0.0,0.0,0.0,0.0
341,Karl,Darlow,Darlow,a,,,3.9,731,67.0,2.1,126,17.0,1.8,199.0,18.0,1,0,0.0,-1,1.0,2618,909,0.5,4.9,1.8,0.8,2.4,268.0,22.0,,,259.0,22.0,503.0,21.0,468.0,6.0,363.0,22.0,,,,,,,,0.0,0.0,0.0,0.95,2.5,0.12,1.62,1.0,0.0,24,1.0,90.0,0.0,0.0,0.0,4.0,0.0,0.0,0.0,0.0,0.0,4.0,1.0,0.0,4.0,3178.0,1101.0,0.0,0.0,0.01,0.01,2.1900000000000004,31.600000000000023,0.0,0.0,3.200000000000001,0.0,1.0,11.0,0.0
342,Jayden,Bogle,Bogle,a,,,4.4,524,106.0,0.2,402,148.0,1.6,226.0,82.0,0,0,0.0,-1,1.0,158,132,0.4,12.0,1.6,0.6,2.4,270.0,105.0,100.0,100.0,195.0,78.0,144.0,36.0,170.0,37.0,184.0,59.0,,,,,,,,0.06,0.05,0.11,1.26,0.0,0.2,1.71,1.03,5.58,24,0.0,90.0,0.0,0.0,0.0,4.0,0.0,0.0,0.0,0.0,0.0,0.0,1.0,0.0,139.0,178.0,141.0,0.0,0.0,0.020000000000000018,0.020000000000000018,2.1900000000000013,15.799999999999983,13.099999999999994,12.0,4.100000000000001,2.0,6.0,3.0,8.0
343,Pascal,Struijk,Struijk,a,,,4.3,578,129.0,0.5,252,95.0,4.4,37.0,10.0,2,0,0.0,-2,2.0,4903,763,1.0,16.3,4.4,3.4,3.2,151.0,57.0,100.0,100.0,49.0,21.0,216.0,55.0,104.0,14.0,98.0,27.0,,,3.0,,,,,0.11,0.02,0.13,1.37,0.0,0.19,1.71,1.0,9.48,24,2.0,90.0,0.0,0.0,0.0,4.0,0.0,0.0,0.0,0.0,0.0,0.0,1.0,0.0,12.0,5284.0,869.0,0.0,0.10000000000000009,0.0,0.09999999999999964,2.1899999999999977,35.19999999999999,0.7999999999999972,19.0,5.5,2.0,14.0,2.0,16.0
344,Jaka,Bijol,Bijol,i,Hamstring injury - Expected back 10 Feb,,3.9,748,215.0,0.4,266,100.0,1.4,243.0,88.0,0,0,0.0,-1,1.0,16,1472,0.4,11.0,0.0,0.0,3.6,104.0,36.0,0.0,0.0,176.0,73.0,344.0,120.0,180.0,39.0,235.0,80.0,,,,,,,,0.04,0.05,0.09,1.55,0.0,0.09,1.65,1.01,9.16,24,0.0,0.0,0.0,0.0,0.0,0.0,0.0,0.0,0.0,0.0,0.0,0.0,0.0,0.0,0.0,23.0,1727.0,0.0,0.0,0.0,0.0,0.0,0.0,0.0,0.0,0.0,0.0,0.0,0.0,0.0
345,Sebastiaan,Bornauw,Bornauw,a,,,3.8,787,240.0,0.1,420,156.0,1.6,222.0,78.0,0,0,0.0,-2,2.0,476,180,0.4,4.2,1.6,0.6,2.3,280.0,108.0,100.0,100.0,380.0,147.0,430.0,156.0,407.0,153.0,418.0,151.0,,,,,,,,0.0,0.0,0.0,1.53,0.0,0.36,1.08,1.08,11.57,24,0.0,0.0,0.0,0.0,0.0,0.0,0.0,0.0,0.0,0.0,0.0,0.0,0.0,0.0,0.0,595.0,198.0,0.0,0.0,0.0,0.0,0.0,0.0,0.0,0.0,0.0,0.0,0.0,0.0,0.0
346,Sam,Byram,Byram,a,,,3.8,778,232.0,0.2,369,134.0,0.0,420.0,156.0,0,0,0.0,-2,2.0,70,87,0.0,0.3,0.0,-1.0,1.0,434.0,156.0,,,493.0,178.0,479.0,175.0,443.0,167.0,495.0,178.0,,,,,,,,0.0,0.0,0.0,10.16,0.0,0.0,12.86,0.0,0.0,24,0.0,0.0,0.0,0.0,0.0,0.0,0.0,0.0,0.0,0.0,0.0,0.0,0.0,0.0,0.0,85.0,97.0,0.0,0.0,0.0,0.0,0.0,0.0,0.0,0.0,0.0,0.0,0.0,0.0,0.0
347,Gabriel,Gudmundsson,Gudmundsson,a,,,3.8,783,236.0,3.8,89,32.0,1.4,241.0,86.0,-1,0,0.0,-2,2.0,4154,3739,0.4,14.2,1.4,0.1,2.3,279.0,107.0,100.0,25.0,108.0,47.0,67.0,15.0,189.0,40.0,102.0,30.0,,,,,,,,0.05,0.09,0.14,1.38,0.0,0.19,1.73,1.03,6.33,24,54.0,90.0,0.0,0.0,0.0,4.0,0.0,0.0,0.0,1.0,0.0,0.0,1.0,0.0,213.0,4323.0,5244.0,0.0,0.0,0.0,0.0,2.1900000000000013,7.0,1.3000000000000114,2.0,1.0,2.0,2.0,2.0,4.0
348,Joe,Rodon,Rodon,a,,,3.9,743,212.0,3.6,94,35.0,2.6,142.0,45.0,2,0,0.0,-1,1.0,7178,1886,0.7,17.9,2.6,1.6,3.2,149.0,56.0,100.0,100.0,50.0,22.0,289.0,95.0,144.0,26.0,125.0,39.0,,,,,,,,0.04,0.01,0.05,1.41,0.0,0.14,1.88,1.03,8.3,24,2.0,90.0,0.0,0.0,0.0,4.0,0.0,0.0,0.0,0.0,0.0,0.0,1.0,0.0,2.0,8342.0,2589.0,0.0,0.0,0.010000000000000009,0.010000000000000009,2.1900000000000013,28.400000000000034,1.1000000000000014,0.0,3.0,2.0,12.0,1.0,14.0
349,Isaac,Schmidt,Schmidt,u,has joined Werder Bremen on loan for the rest of the season.,,4.0,686,174.0,0.1,537,196.0,0.0,508.0,200.0,0,0,0.0,0,0.0,0,15,0.0,0.0,0.0,0.0,0.0,585.0,217.0,0.0,0.0,575.0,216.0,568.0,216.0,535.0,211.0,577.0,216.0,,,,,,,,0.0,0.0,0.0,0.0,0.0,0.0,0.0,0.0,0.0,24,0.0,0.0,0.0,0.0,0.0,0.0,0.0,0.0,0.0,0.0,0.0,0.0,0.0,0.0,0.0,0.0,16.0,0.0,0.0,0.0,0.0,0.0,0.0,0.0,0.0,0.0,0.0,0.0,0.0,0.0
350,Brenden,Aaronson,Aaronson,a,,,5.4,171,106.0,0.9,196,66.0,6.0,11.0,8.0,2,0,0.0,-1,1.0,3770,3729,1.1,17.2,6.0,5.0,4.0,69.0,32.0,,,101.0,33.0,58.0,46.0,39.0,23.0,44.0,33.0,,,,,,,,0.19,0.17,0.36,1.26,0.0,0.3,1.39,1.03,8.42,24,2.0,70.0,0.0,0.0,0.0,3.0,0.0,0.0,0.0,0.0,0.0,0.0,1.0,0.0,1.0,4161.0,4171.0,0.0,0.0,0.009999999999999787,0.009999999999999787,0.8900000000000006,0.0,2.8000000000000114,6.0,0.7999999999999972,0.0,0.0,3.0,3.0
351,Wilfried,Gnonto,Gnonto,a,,,5.2,216,133.0,0.1,495,174.0,0.8,304.0,136.0,1,0,0.0,-3,3.0,48,64,0.2,4.0,0.8,-0.2,1.5,401.0,179.0,100.0,100.0,382.0,168.0,248.0,150.0,337.0,178.0,360.0,170.0,,,,,,,,0.07,0.14,0.21,2.18,0.0,0.26,2.86,1.04,9.62,24,1.0,9.0,0.0,0.0,0.0,1.0,0.0,0.0,0.0,0.0,0.0,0.0,0.0,0.0,3.0,52.0,68.0,0.0,0.0,0.010000000000000009,0.010000000000000009,0.5300000000000002,0.0,0.7999999999999972,2.0,0.3000000000000007,0.0,0.0,0.0,0.0
352,Jack,Harrison,Harrison,u,has joined ACF Fiorentina on loan for the rest of the season.,,5.1,229,141.0,0.1,577,214.0,0.0,762.0,334.0,0,0,0.0,-4,4.0,0,67,0.0,2.4,0.0,0.0,1.1,432.0,194.0,0.0,0.0,414.0,184.0,319.0,177.0,326.0,171.0,392.0,180.0,4.0,,,,,,,0.1,0.08,0.18,1.31,0.0,0.0,1.72,0.34,8.24,24,0.0,0.0,0.0,0.0,0.0,0.0,0.0,0.0,0.0,0.0,0.0,0.0,0.0,0.0,0.0,0.0,72.0,0.0,0.0,0.0,0.0,0.0,0.0,0.0,0.0,0.0,0.0,0.0,0.0,0.0
353,Daniel,James,James,d,Lack of match fitness - 75% chance of playing,,5.2,207,129.0,0.1,477,165.0,0.0,765.0,337.0,0,0,0.0,-3,3.0,6,22,0.0,2.5,0.0,-0.8,1.3,422.0,190.0,75.0,75.0,405.0,179.0,232.0,143.0,241.0,129.0,338.0,163.0,,,,,,,,0.18,0.14,0.32,2.27,0.0,0.26,3.1,1.03,4.66,24,0.0,0.0,0.0,0.0,0.0,0.0,0.0,0.0,0.0,0.0,0.0,0.0,0.0,0.0,0.0,7.0,23.0,0.0,0.0,0.0,0.0,0.0,0.0,0.0,0.0,0.0,0.0,0.0,0.0,0.0
354,Ethan,Ampadu,Ampadu,a,,,4.9,299,185.0,0.2,412,139.0,3.2,97.0,42.0,2,0,0.0,-1,1.0,367,329,0.7,15.1,3.2,2.2,3.5,118.0,56.0,100.0,100.0,97.0,32.0,121.0,85.0,247.0,132.0,134.0,73.0,,,,,,,,0.08,0.06,0.14,1.35,0.0,0.19,1.69,1.02,12.1,24,2.0,90.0,0.0,0.0,0.0,4.0,0.0,0.0,0.0,0.0,0.0,0.0,1.0,0.0,14.0,405.0,352.0,0.0,0.020000000000000018,0.020000000000000018,0.040000000000000036,2.1900000000000013,6.0,4.800000000000011,1.0,1.2000000000000028,1.0,3.0,4.0,8.0
356,Ilia,Gruev,Gruev,a,,,4.7,388,242.0,0.1,567,209.0,3.0,115.0,49.0,1,0,0.0,-3,3.0,150,81,0.6,7.2,3.0,2.0,2.3,283.0,121.0,,,317.0,141.0,246.0,148.0,395.0,194.0,350.0,167.0,,,,,,,,0.01,0.03,0.04,1.75,0.0,0.43,1.93,1.07,8.36,24,1.0,45.0,0.0,0.0,0.0,2.0,0.0,0.0,0.0,0.0,0.0,0.0,1.0,0.0,4.0,163.0,88.0,0.0,0.0,0.0,0.0,0.17999999999999972,4.599999999999994,1.5,0.0,0.6000000000000014,0.0,3.0,1.0,4.0
357,Largie,Ramazani,Ramazani,u,has joined Valencia on loan for the rest of the season.,,4.9,323,199.0,0.0,694,294.0,0.0,728.0,307.0,0,0,0.0,-1,1.0,0,1,0.0,0.0,0.0,0.0,0.0,760.0,328.0,0.0,0.0,760.0,328.0,756.0,328.0,748.0,326.0,760.0,328.0,,,,,,,,0.0,0.0,0.0,0.0,0.0,0.0,0.0,0.0,0.0,24,0.0,0.0,0.0,0.0,0.0,0.0,0.0,0.0,0.0,0.0,0.0,0.0,0.0,0.0,0.0,0.0,2.0,0.0,0.0,0.0,0.0,0.0,0.0,0.0,0.0,0.0,0.0,0.0,0.0,0.0
358,Tanaka,Ao,Tanaka,a,,,4.8,363,225.0,0.2,353,118.0,0.8,300.0,132.0,0,0,0.0,-2,2.0,135,637,0.2,9.0,0.8,-0.2,2.1,311.0,137.0,100.0,100.0,284.0,125.0,195.0,130.0,251.0,134.0,277.0,137.0,,,,,,,,0.1,0.07,0.17,1.62,0.0,0.24,1.95,0.85,10.14,24,0.0,0.0,0.0,0.0,0.0,0.0,0.0,0.0,0.0,0.0,0.0,0.0,0.0,0.0,0.0,145.0,686.0,0.0,0.0,0.0,0.0,0.0,0.0,0.0,0.0,0.0,0.0,0.0,0.0,0.0
359,Charlie,Crew,Crew,u,Has joined Doncaster Rovers on loan for the rest of the season.,,4.5,457,276.0,0.0,773,335.0,0.0,655.0,254.0,0,0,0.0,0,0.0,0,1,0.0,0.0,0.0,0.0,0.0,704.0,287.0,0.0,0.0,700.0,283.0,697.0,285.0,677.0,277.0,701.0,284.0,,,,,,,,0.0,0.0,0.0,0.0,0.0,0.0,0.0,0.0,0.0,24,0.0,0.0,0.0,0.0,0.0,0.0,0.0,0.0,0.0,0.0,0.0,0.0,0.0,0.0,0.0,0.0,1.0,0.0,0.0,0.0,0.0,0.0,0.0,0.0,0.0,0.0,0.0,0.0,0.0,0.0
360,Joe,Gelhardt,Gelhardt,u,Has joined Hull City on loan for the rest of the season.,,4.5,436,261.0,0.0,737,315.0,0.0,643.0,242.0,0,0,0.0,0,0.0,0,4,0.0,0.0,0.0,0.0,0.0,693.0,276.0,0.0,0.0,688.0,271.0,686.0,274.0,665.0,266.0,690.0,273.0,,,,,,,,0.0,0.0,0.0,0.0,0.0,0.0,0.0,0.0,0.0,24,0.0,0.0,0.0,0.0,0.0,0.0,0.0,0.0,0.0,0.0,0.0,0.0,0.0,0.0,0.0,0.0,4.0,0.0,0.0,0.0,0.0,0.0,0.0,0.0,0.0,0.0,0.0,0.0,0.0,0.0
361,Darko,Gyabi,Gyabi,u,has joined Hull City permanently.,,4.5,438,262.0,0.0,656,269.0,0.0,644.0,243.0,0,0,0.0,0,0.0,0,3,0.0,0.0,0.0,0.0,0.0,694.0,277.0,0.0,0.0,689.0,272.0,687.0,275.0,666.0,267.0,691.0,274.0,,,,,,,,0.0,0.0,0.0,0.0,0.0,0.0,0.0,0.0,0.0,24,0.0,0.0,0.0,0.0,0.0,0.0,0.0,0.0,0.0,0.0,0.0,0.0,0.0,0.0,0.0,0.0,3.0,0.0,0.0,0.0,0.0,0.0,0.0,0.0,0.0,0.0,0.0,0.0,0.0,0.0
362,Joël,Piroe,Piroe,a,,,4.9,318,57.0,0.3,294,47.0,0.4,357.0,43.0,1,0,0.0,-6,6.0,161,178,0.1,2.4,0.4,-0.6,1.1,430.0,53.0,100.0,100.0,451.0,52.0,378.0,48.0,232.0,44.0,391.0,48.0,,,2.0,,,,,0.28,0.03,0.31,2.32,0.0,0.44,3.06,0.87,4.37,24,1.0,5.0,0.0,0.0,0.0,1.0,0.0,0.0,0.0,0.0,0.0,0.0,0.0,0.0,5.0,181.0,188.0,0.0,0.0,0.0,0.0,0.5300000000000002,2.0,1.3000000000000007,0.0,0.3000000000000007,1.0,0.0,0.0,1.0
363,Patrick,Bamford,Bamford,u,has departed the club as a free agent.,,4.9,288,56.0,0.3,297,48.0,0.0,715.0,72.0,0,0,0.0,-1,1.0,0,78,0.0,0.0,0.0,0.0,0.0,752.0,82.0,0.0,0.0,752.0,82.0,748.0,81.0,738.0,81.0,752.0,82.0,,,,,,,,0.0,0.0,0.0,0.0,0.0,0.0,0.0,0.0,0.0,24,0.0,0.0,0.0,0.0,0.0,0.0,0.0,0.0,0.0,0.0,0.0,0.0,0.0,0.0,0.0,0.0,83.0,0.0,0.0,0.0,0.0,0.0,0.0,0.0,0.0,0.0,0.0,0.0,0.0,0.0
364,Mateo,Joseph Fernández-Regatillo,Mateo Joseph,u,Has joined RCD Mallorca on loan for the rest of the season.,,5.0,277,55.0,0.0,727,87.0,0.0,754.0,77.0,0,0,0.0,0,0.0,0,1,0.0,0.0,0.0,0.0,0.0,779.0,85.0,0.0,0.0,779.0,85.0,777.0,85.0,771.0,85.0,779.0,85.0,,,,,,,,0.0,0.0,0.0,0.0,0.0,0.0,0.0,0.0,0.0,24,0.0,0.0,0.0,0.0,0.0,0.0,0.0,0.0,0.0,0.0,0.0,0.0,0.0,0.0,0.0,0.0,1.0,0.0,0.0,0.0,0.0,0.0,0.0,0.0,0.0,0.0,0.0,0.0,0.0,0.0
365,Lukas,Nmecha,Nmecha,d,Hamstring injury - 50% chance of playing,,5.0,246,52.0,0.5,253,40.0,1.8,209.0,25.0,0,0,0.0,0,0.0,40,1472,0.4,9.8,0.9,0.0,2.6,244.0,25.0,50.0,0.0,233.0,21.0,328.0,37.0,64.0,23.0,194.0,21.0,,,1.0,,,,,0.73,0.05,0.78,1.85,0.0,0.3,2.09,0.9,4.78,24,0.0,0.0,0.0,0.0,0.0,0.0,0.0,0.0,0.0,0.0,0.0,0.0,0.0,0.0,0.0,48.0,1563.0,0.0,0.0,0.0,0.0,0.0,0.0,0.0,0.0,0.0,0.0,0.0,0.0,0.0
493,Sean,Longstaff,Longstaff,a,,,4.8,351,220.0,0.2,345,116.0,0.4,352.0,155.0,1,0,0.0,-2,2.0,60,132,0.1,8.8,0.4,-0.6,3.0,189.0,81.0,100.0,100.0,198.0,86.0,50.0,41.0,271.0,145.0,147.0,81.0,1.0,2.0,,,,,,0.08,0.13,0.21,1.29,0.0,0.1,1.65,0.97,9.71,24,1.0,45.0,0.0,0.0,0.0,2.0,0.0,0.0,0.0,0.0,0.0,0.0,0.0,0.0,4.0,64.0,151.0,0.0,0.029999999999999916,0.0,0.03000000000000025,2.01,9.0,1.7999999999999545,7.0,1.7999999999999972,2.0,2.0,2.0,6.0
660,Anton,Stach,Stach,a,,,4.8,366,228.0,2.6,113,35.0,3.2,96.0,41.0,2,0,0.0,-2,2.0,6281,4504,0.7,20.2,3.2,2.2,4.6,29.0,13.0,100.0,100.0,55.0,14.0,5.0,5.0,82.0,52.0,19.0,15.0,3.0,1.0,,,,,,0.11,0.17,0.28,1.34,0.0,0.16,1.7,1.06,10.1,24,2.0,80.0,0.0,0.0,0.0,3.0,0.0,0.0,0.0,0.0,0.0,0.0,1.0,0.0,17.0,6967.0,5590.0,0.0,0.0,0.06999999999999984,0.07000000000000028,1.6700000000000017,17.80000000000001,17.0,4.0,3.9000000000000057,4.0,2.0,5.0,11.0
665,Lucas Estella,Perri,Perri,a,,,4.5,414,22.0,0.3,328,44.0,0.6,320.0,21.0,0,0,0.0,0,0.0,141,363,0.1,9.6,0.6,-0.4,2.7,228.0,20.0,100.0,100.0,127.0,18.0,670.0,84.0,647.0,72.0,288.0,18.0,,,,,,,,0.0,0.0,0.0,1.67,2.38,0.19,1.81,1.0,0.0,24,0.0,0.0,0.0,0.0,0.0,0.0,0.0,0.0,0.0,0.0,0.0,0.0,0.0,0.0,0.0,176.0,393.0,0.0,0.0,0.0,0.0,0.0,0.0,0.0,0.0,0.0,0.0,0.0,0.0,0.0
691,Dominic,Calvert-Lewin,Calvert-Lewin,a,,,6.0,85,28.0,12.1,33,5.0,3.2,105.0,14.0,2,0,0.0,5,-5.0,14858,70148,0.5,15.8,3.2,2.2,4.3,46.0,6.0,100.0,100.0,100.0,9.0,135.0,7.0,8.0,6.0,34.0,8.0,,,,,,,,0.5,0.05,0.55,1.09,0.0,0.23,1.37,0.97,2.8,24,2.0,84.0,0.0,0.0,0.0,3.0,0.0,0.0,0.0,0.0,0.0,0.0,1.0,0.0,4.0,16552.0,76422.0,0.0,0.0,0.0,0.0,1.6700000000000017,0.0,2.799999999999983,0.0,0.10000000000000853,0.0,1.0,0.0,1.0
698,Noah,Okafor,Okafor,a,,,5.5,146,91.0,0.1,469,160.0,1.6,238.0,106.0,1,0,0.0,0,0.0,123,232,0.3,9.8,1.6,0.6,2.6,247.0,109.0,100.0,100.0,248.0,106.0,133.0,95.0,66.0,41.0,143.0,78.0,,,,,,,,0.22,0.07,0.29,1.47,0.0,0.23,1.8,1.1,6.26,24,1.0,45.0,0.0,0.0,0.0,2.0,0.0,0.0,0.0,0.0,0.0,0.0,0.0,0.0,2.0,138.0,265.0,0.0,0.0,0.010000000000000009,0.009999999999999787,2.009999999999998,0.799999999999983,1.1999999999999886,0.0,0.19999999999998863,0.0,0.0,2.0,2.0
706,James,Justin,Justin,a,,,3.9,745,213.0,0.5,254,96.0,4.4,36.0,9.0,0,0,0.0,-1,1.0,5075,706,1.1,9.2,4.4,3.4,2.4,269.0,104.0,,,272.0,108.0,313.0,104.0,237.0,66.0,302.0,101.0,,,,,,,,0.1,0.02,0.12,1.69,0.0,0.28,1.65,0.96,8.39,24,0.0,45.0,0.0,0.0,0.0,2.0,0.0,0.0,0.0,0.0,0.0,0.0,1.0,0.0,100.0,6084.0,883.0,0.0,0.0,0.0,0.0,0.17999999999999972,5.199999999999989,1.7999999999999972,2.0,0.8999999999999986,0.0,3.0,0.0,3.0
741,Harry,Gray,Gray,u,has joined Rotherham United on loan for the rest of the season.,,4.5,489,70.0,0.1,471,67.0,0.0,682.0,68.0,0,0,0.0,0,0.0,0,268,0.0,0.0,0.0,0.0,0.0,728.0,78.0,0.0,0.0,727.0,78.0,722.0,77.0,705.0,77.0,727.0,78.0,,,,,,,,0.0,0.0,0.0,0.0,0.0,0.0,0.0,0.0,0.0,24,0.0,0.0,0.0,0.0,0.0,0.0,0.0,0.0,0.0,0.0,0.0,0.0,0.0,0.0,0.0,0.0,283.0,0.0,0.0,0.0,0.0,0.0,0.0,0.0,0.0,0.0,0.0,0.0,0.0,0.0
787,Sam,Chambers,Chambers,a,,,4.4,553,332.0,0.0,765,331.0,0.0,612.0,223.0,0,0,0.0,-1,1.0,55,16,0.0,0.0,0.0,-1.0,0.0,668.0,260.0,,,661.0,253.0,657.0,257.0,633.0,247.0,663.0,255.0,,,,,,,,0.0,0.0,0.0,0.0,0.0,0.0,0.0,0.0,0.0,24,0.0,0.0,0.0,0.0,0.0,0.0,0.0,0.0,0.0,0.0,0.0,0.0,0.0,0.0,0.0,59.0,17.0,0.0,0.0,0.0,0.0,0.0,0.0,0.0,0.0,0.0,0.0,0.0,0.0,0.0
366,Alisson,Becker,A.Becker,a,,,5.4,158,4.0,5.9,63,10.0,3.2,100.0,10.0,2,0,0.0,-1,1.0,1518,5316,0.6,12.4,3.2,3.7,3.5,123.0,12.0,100.0,100.0,132.0,19.0,474.0,15.0,782.0,90.0,290.0,19.0,,,,,,,,0.0,0.0,0.0,1.04,1.95,0.32,1.21,1.0,0.0,24,2.0,90.0,0.0,0.0,0.0,1.0,0.0,0.0,0.0,0.0,0.0,1.0,1.0,0.0,11.0,1598.0,5906.0,0.0,0.0,0.009999999999999998,0.009999999999999998,0.35999999999999943,11.200000000000045,0.0,0.0,1.1000000000000014,0.0,2.0,9.0,0.0
367,Giorgi,Mamardashvili,Mamardashvili,a,,,4.2,635,36.0,0.6,245,32.0,0.0,551.0,81.0,0,0,0.0,-3,3.0,133,503,0.0,4.5,0.0,0.5,3.8,86.0,9.0,,,283.0,23.0,608.0,77.0,578.0,63.0,373.0,23.0,,,,,,,,0.0,0.0,0.0,1.42,3.4,0.2,2.0,1.0,0.0,24,0.0,0.0,0.0,0.0,0.0,0.0,0.0,0.0,0.0,0.0,0.0,0.0,0.0,0.0,0.0,141.0,543.0,0.0,0.0,0.0,0.0,0.0,0.0,0.0,0.0,0.0,0.0,0.0,0.0,0.0
368,Ármin,Pécsi,Pécsi,a,,,3.8,806,93.0,0.5,250,33.0,0.0,441.0,27.0,0,0,0.0,-2,2.0,3203,739,0.0,0.0,0.0,0.5,0.0,519.0,33.0,,,509.0,33.0,498.0,18.0,463.0,3.0,511.0,33.0,,,,,,,,0.0,0.0,0.0,0.0,0.0,0.0,0.0,0.0,0.0,24,0.0,0.0,0.0,0.0,0.0,0.0,0.0,0.0,0.0,0.0,0.0,0.0,0.0,0.0,0.0,3505.0,821.0,0.0,0.0,0.0,0.0,0.0,0.0,0.0,0.0,0.0,0.0,0.0,0.0,0.0
369,Freddie,Woodman,Woodman,a,,,3.9,739,74.0,0.2,381,56.0,0.0,453.0,36.0,0,0,0.0,-1,1.0,30,124,0.0,0.0,0.0,0.5,0.0,530.0,42.0,,,520.0,42.0,510.0,28.0,475.0,13.0,522.0,42.0,,,,,,,,0.0,0.0,0.0,0.0,0.0,0.0,0.0,0.0,0.0,24,0.0,0.0,0.0,0.0,0.0,0.0,0.0,0.0,0.0,0.0,0.0,0.0,0.0,0.0,0.0,37.0,131.0,0.0,0.0,0.0,0.0,0.0,0.0,0.0,0.0,0.0,0.0,0.0,0.0,0.0
370,Jeremie,Frimpong,Frimpong,i,Groin Injury - Unknown return date,,5.8,107,8.0,5.4,71,23.0,2.4,171.0,59.0,0,0,0.0,-2,2.0,67,27117,0.4,5.9,0.0,0.0,3.1,179.0,70.0,0.0,0.0,347.0,131.0,178.0,43.0,216.0,56.0,283.0,94.0,,,,,,,,0.07,0.17,0.24,1.0,0.0,0.33,1.17,1.0,2.68,24,0.0,0.0,0.0,0.0,0.0,0.0,0.0,0.0,0.0,0.0,0.0,0.0,0.0,0.0,0.0,68.0,32049.0,0.0,0.0,0.0,0.0,0.0,0.0,0.0,0.0,0.0,0.0,0.0,0.0,0.0
371,Milos,Kerkez,Kerkez,a,,,5.6,134,15.0,2.9,107,43.0,3.2,101.0,34.0,5,0,0.0,-4,4.0,2035,1471,0.6,10.4,3.2,3.7,2.5,263.0,102.0,,,117.0,52.0,48.0,7.0,205.0,52.0,93.0,24.0,,,,,,,,0.05,0.03,0.08,1.09,0.0,0.22,1.38,1.11,5.98,24,5.0,90.0,0.0,1.0,0.0,1.0,0.0,0.0,0.0,0.0,0.0,0.0,1.0,0.0,19.0,2120.0,1676.0,0.0,0.0,0.010000000000000009,0.010000000000000009,0.35999999999999943,23.599999999999966,22.30000000000001,0.0,4.6000000000000085,0.0,2.0,5.0,2.0
372,Andrew,Robertson,Robertson,a,,,5.7,114,10.0,1.0,188,74.0,0.4,365.0,138.0,0,0,0.0,-3,3.0,239,595,0.1,4.4,0.4,0.9,1.8,360.0,131.0,,,309.0,117.0,143.0,35.0,288.0,89.0,270.0,90.0,,,,,,,,0.04,0.13,0.17,1.25,0.0,0.33,1.34,0.67,5.02,24,0.0,0.0,0.0,0.0,0.0,0.0,0.0,0.0,0.0,0.0,0.0,0.0,0.0,0.0,0.0,255.0,620.0,0.0,0.0,0.0,0.0,0.0,0.0,0.0,0.0,0.0,0.0,0.0,0.0,0.0
373,Virgil,van Dijk,Virgil,a,,,5.9,91,5.0,21.8,17,6.0,4.4,44.0,14.0,4,0,0.0,-1,1.0,10056,14574,0.7,15.9,4.4,4.9,3.9,81.0,28.0,,,6.0,2.0,184.0,45.0,93.0,10.0,46.0,4.0,,,,,,,,0.05,0.03,0.08,1.12,0.0,0.29,1.38,1.0,9.58,24,4.0,90.0,0.0,0.0,0.0,1.0,0.0,0.0,0.0,0.0,0.0,0.0,1.0,0.0,10.0,11051.0,17363.0,0.0,0.050000000000000044,0.010000000000000009,0.06000000000000005,0.35999999999999943,21.799999999999955,1.5999999999999943,3.0,2.5999999999999943,0.0,13.0,1.0,13.0
374,Ibrahima,Konaté,Konaté,a,,,5.4,165,18.0,2.9,109,45.0,4.2,52.0,19.0,11,0,0.0,-1,1.0,7080,2092,0.8,17.0,4.2,4.7,4.0,68.0,27.0,100.0,100.0,27.0,11.0,213.0,54.0,226.0,60.0,112.0,37.0,,,,,,,,0.05,0.04,0.09,1.01,0.0,0.32,1.24,1.05,9.16,24,11.0,90.0,1.0,0.0,0.0,1.0,0.0,0.0,0.0,0.0,0.0,0.0,1.0,1.0,29.0,7202.0,2659.0,0.0,0.21999999999999997,0.0,0.21999999999999997,0.35999999999999943,55.599999999999966,0.7000000000000028,22.0,7.800000000000011,2.0,11.0,4.0,13.0
375,Conor,Bradley,Bradley,i,Knee injury - Expected back 01 Jun,,5.0,267,43.0,0.2,398,146.0,2.8,134.0,44.0,0,0,0.0,0,0.0,13,410,0.6,8.4,0.0,0.0,2.8,219.0,86.0,0.0,0.0,269.0,106.0,220.0,58.0,278.0,83.0,287.0,97.0,,,,,,,,0.02,0.08,0.1,1.04,0.0,0.39,1.26,1.16,6.3,24,0.0,0.0,0.0,0.0,0.0,0.0,0.0,0.0,0.0,0.0,0.0,0.0,0.0,0.0,0.0,13.0,439.0,0.0,0.0,0.0,0.0,0.0,0.0,0.0,0.0,0.0,0.0,0.0,0.0,0.0
376,Joe,Gomez,Gomez,d,Knock - 50% chance of playing,,4.9,296,47.0,0.1,419,155.0,0.4,355.0,134.0,0,0,0.0,-1,1.0,7,201,0.1,5.1,0.2,0.0,2.3,284.0,110.0,50.0,0.0,359.0,135.0,304.0,100.0,360.0,124.0,368.0,130.0,,,,,,,,0.06,0.17,0.23,1.22,0.0,0.65,2.26,1.29,6.77,24,0.0,0.0,0.0,0.0,0.0,0.0,0.0,0.0,0.0,0.0,0.0,0.0,0.0,0.0,0.0,7.0,231.0,0.0,0.0,0.0,0.0,0.0,0.0,0.0,0.0,0.0,0.0,0.0,0.0,0.0
377,Konstantinos,Tsimikas,Tsimikas,u,has joined AS Roma on loan for the rest of the season.,,4.8,356,59.0,0.0,586,212.0,0.0,708.0,254.0,0,0,0.0,-2,2.0,0,5,0.0,0.0,0.0,0.0,0.0,749.0,258.0,0.0,0.0,749.0,258.0,744.0,258.0,732.0,257.0,749.0,258.0,,,,,,,,0.0,0.0,0.0,0.0,0.0,0.0,0.0,0.0,0.0,24,0.0,0.0,0.0,0.0,0.0,0.0,0.0,0.0,0.0,0.0,0.0,0.0,0.0,0.0,0.0,0.0,5.0,0.0,0.0,0.0,0.0,0.0,0.0,0.0,0.0,0.0,0.0,0.0,0.0,0.0
378,Amara,Nallo,Nallo,a,,,3.7,811,263.0,1.1,178,69.0,0.0,418.0,154.0,0,0,0.0,-3,3.0,4306,2345,0.0,0.0,0.0,0.5,0.0,502.0,178.0,100.0,100.0,491.0,176.0,477.0,173.0,441.0,165.0,493.0,176.0,,,,,,,,0.0,0.0,0.0,0.0,0.0,0.0,0.0,0.0,0.0,24,0.0,0.0,0.0,0.0,0.0,0.0,0.0,0.0,0.0,0.0,0.0,0.0,0.0,0.0,0.0,4862.0,2567.0,0.0,0.0,0.0,0.0,0.0,0.0,0.0,0.0,0.0,0.0,0.0,0.0,0.0
379,Rhys,Williams,R.Williams,a,,,3.7,810,262.0,0.4,276,103.0,0.0,417.0,153.0,0,0,0.0,-3,3.0,5415,779,0.0,0.0,0.0,0.5,0.0,501.0,177.0,,,490.0,175.0,476.0,172.0,440.0,164.0,492.0,175.0,,,,,,,,0.0,0.0,0.0,0.0,0.0,0.0,0.0,0.0,0.0,24,0.0,0.0,0.0,0.0,0.0,0.0,0.0,0.0,0.0,0.0,0.0,0.0,0.0,0.0,0.0,5922.0,850.0,0.0,0.0,0.0,0.0,0.0,0.0,0.0,0.0,0.0,0.0,0.0,0.0,0.0
380,Calvin,Ramsay,Ramsay,a,,,3.8,790,243.0,0.2,348,126.0,0.0,429.0,164.0,0,0,0.0,-2,2.0,58,135,0.0,0.0,0.0,0.5,0.0,509.0,184.0,,,499.0,183.0,486.0,181.0,450.0,173.0,501.0,183.0,,,,,,,,0.0,0.0,0.0,0.0,0.0,0.0,0.0,0.0,0.0,24,0.0,0.0,0.0,0.0,0.0,0.0,0.0,0.0,0.0,0.0,0.0,0.0,0.0,0.0,0.0,61.0,136.0,0.0,0.0,0.0,0.0,0.0,0.0,0.0,0.0,0.0,0.0,0.0,0.0,0.0
381,Mohamed,Salah,M.Salah,a,,,14.0,2,1.0,14.3,24,9.0,2.0,198.0,88.0,5,0,0.0,-5,5.0,3388,3728,0.1,5.3,2.0,2.5,4.6,35.0,17.0,100.0,100.0,123.0,42.0,15.0,15.0,17.0,8.0,17.0,13.0,,4.0,1.0,,,,,0.36,0.21,0.57,1.28,0.0,0.27,1.66,0.93,3.45,24,5.0,83.0,0.0,1.0,0.0,1.0,0.0,0.0,0.0,0.0,0.0,0.0,1.0,0.0,16.0,3910.0,3993.0,0.0,0.4299999999999997,0.16000000000000014,0.589999999999999,0.35999999999999943,20.600000000000023,41.099999999999966,23.0,8.5,0.0,0.0,1.0,1.0
382,Florian,Wirtz,Wirtz,a,,,8.3,14,9.0,13.1,30,12.0,7.4,1.0,1.0,12,0,0.0,-2,2.0,93524,7854,0.9,11.4,7.4,7.9,4.1,63.0,29.0,100.0,100.0,89.0,28.0,6.0,6.0,22.0,10.0,12.0,10.0,4.0,,,,,,,0.26,0.21,0.47,1.09,0.0,0.38,1.13,1.02,6.52,24,12.0,86.0,1.0,1.0,0.0,1.0,0.0,0.0,0.0,0.0,0.0,0.0,1.0,2.0,46.0,94724.0,12184.0,0.0,0.22000000000000064,0.4500000000000002,0.6699999999999999,0.35999999999999943,62.400000000000034,29.90000000000009,29.0,12.099999999999994,1.0,4.0,4.0,9.0
383,Luis,Díaz Marulanda,Luis Díaz,u,Has joined Bayern Munch permanently.,,8.0,15,10.0,0.0,599,228.0,0.0,808.0,364.0,0,0,0.0,0,0.0,0,3,0.0,0.0,0.0,0.0,0.0,810.0,364.0,0.0,0.0,810.0,364.0,810.0,364.0,810.0,364.0,810.0,364.0,,,,,,,,0.0,0.0,0.0,0.0,0.0,0.0,0.0,0.0,0.0,24,0.0,0.0,0.0,0.0,0.0,0.0,0.0,0.0,0.0,0.0,0.0,0.0,0.0,0.0,0.0,0.0,3.0,0.0,0.0,0.0,0.0,0.0,0.0,0.0,0.0,0.0,0.0,0.0,0.0,0.0
384,Cody,Gakpo,Gakpo,a,,,7.3,28,18.0,5.5,69,23.0,3.4,91.0,40.0,4,0,0.0,-2,2.0,1812,5908,0.5,11.5,3.4,3.9,3.8,96.0,46.0,100.0,100.0,114.0,38.0,21.0,20.0,16.0,7.0,21.0,17.0,3.0,,3.0,,,,,0.29,0.2,0.49,0.95,0.0,0.28,1.36,1.02,5.06,24,4.0,90.0,0.0,0.0,0.0,1.0,0.0,0.0,0.0,0.0,0.0,0.0,1.0,0.0,15.0,2006.0,7106.0,0.0,0.03000000000000025,0.08000000000000007,0.10999999999999943,0.360000000000003,17.0,25.69999999999999,23.0,6.599999999999994,2.0,3.0,7.0,12.0
385,Federico,Chiesa,Chiesa,a,,,6.3,67,45.0,0.3,322,107.0,0.6,334.0,150.0,1,0,0.0,-2,2.0,136,187,0.1,4.6,0.6,1.1,1.7,373.0,164.0,100.0,100.0,315.0,140.0,356.0,186.0,213.0,116.0,324.0,157.0,,,,,,,,0.45,0.19,0.64,1.67,0.0,0.0,2.29,0.38,9.53,24,1.0,6.0,0.0,0.0,0.0,0.0,0.0,0.0,0.0,0.0,0.0,0.0,0.0,0.0,3.0,144.0,211.0,0.0,0.0,0.0,0.0,0.0,0.20000000000000284,0.29999999999999716,0.0,0.10000000000000142,0.0,0.0,0.0,0.0
386,Alexis,Mac Allister,Mac Allister,a,,,6.2,74,48.0,1.2,172,59.0,1.4,257.0,113.0,1,0,0.0,-3,3.0,997,1244,0.2,7.6,1.4,1.9,2.0,332.0,151.0,100.0,100.0,205.0,90.0,74.0,55.0,118.0,69.0,121.0,67.0,,,4.0,,,,,0.12,0.06,0.18,1.03,0.0,0.29,1.28,1.11,7.45,24,1.0,90.0,0.0,0.0,0.0,1.0,0.0,0.0,0.0,1.0,0.0,0.0,1.0,0.0,9.0,1060.0,1355.0,0.0,0.040000000000000036,0.030000000000000027,0.06999999999999984,0.35999999999999943,6.400000000000006,14.100000000000023,6.0,2.700000000000003,2.0,2.0,2.0,6.0
387,Dominik,Szoboszlai,Szoboszlai,a,,,6.7,49,31.0,6.2,60,21.0,4.6,35.0,19.0,5,0,0.0,2,-2.0,18617,10495,0.7,13.3,4.6,5.1,3.9,84.0,40.0,100.0,100.0,42.0,11.0,2.0,2.0,75.0,47.0,9.0,7.0,2.0,2.0,,,,,,0.15,0.16,0.31,1.12,0.0,0.31,1.4,1.0,9.08,24,5.0,90.0,0.0,0.0,0.0,1.0,0.0,0.0,0.0,0.0,0.0,0.0,1.0,1.0,29.0,21074.0,12084.0,0.0,0.08000000000000007,0.1599999999999997,0.2400000000000002,0.35999999999999943,32.0,41.60000000000002,7.0,8.099999999999994,4.0,4.0,5.0,13.0
388,Curtis,Jones,C.Jones,a,,,5.4,167,103.0,0.1,438,148.0,1.8,213.0,93.0,1,0,0.0,-1,1.0,114,395,0.3,7.6,1.8,2.3,2.0,329.0,149.0,100.0,100.0,218.0,93.0,78.0,58.0,212.0,115.0,157.0,87.0,,,,,,,,0.09,0.18,0.27,1.38,0.0,0.17,1.66,0.83,9.85,24,1.0,6.0,0.0,0.0,0.0,0.0,0.0,0.0,0.0,0.0,0.0,0.0,0.0,0.0,6.0,123.0,434.0,0.0,0.0,0.0,0.0,0.0,3.0,0.8999999999999773,0.0,0.3999999999999986,1.0,0.0,1.0,2.0
390,Ryan,Gravenberch,Gravenberch,a,,,5.6,131,80.0,5.1,73,24.0,2.4,170.0,76.0,4,0,0.0,1,-1.0,5672,16155,0.4,18.0,2.4,2.9,4.6,32.0,15.0,100.0,100.0,47.0,13.0,53.0,43.0,178.0,100.0,60.0,39.0,,,,,,,,0.06,0.08,0.14,1.01,0.0,0.33,1.25,1.02,9.61,24,4.0,90.0,0.0,0.0,0.0,1.0,0.0,0.0,0.0,0.0,0.0,0.0,1.0,0.0,21.0,6029.0,18591.0,0.0,0.06000000000000005,0.15999999999999992,0.2200000000000002,0.35999999999999943,21.19999999999999,17.30000000000001,5.0,4.400000000000006,5.0,5.0,6.0,16.0
392,Endo,Wataru,Endo,a,,,4.9,293,181.0,0.1,494,173.0,0.4,354.0,156.0,1,0,0.0,-1,1.0,71,49,0.1,1.8,0.4,0.9,1.3,418.0,186.0,100.0,100.0,398.0,175.0,387.0,194.0,740.0,320.0,425.0,192.0,,,,,,,,0.0,0.04,0.04,3.26,0.0,0.0,4.41,0.0,10.59,24,1.0,3.0,0.0,0.0,0.0,0.0,0.0,0.0,0.0,0.0,0.0,0.0,0.0,0.0,3.0,73.0,53.0,0.0,0.0,0.0,0.0,0.0,0.3999999999999986,0.3000000000000007,0.0,0.09999999999999964,0.0,0.0,0.0,0.0
393,Stefan,Bajčetić Maquieira,Bajcetic,i,Hamstring injury - Unknown return date,,4.3,603,350.0,0.0,630,250.0,0.0,574.0,199.0,0,0,0.0,-2,2.0,6,24,0.0,0.0,0.0,0.0,0.0,637.0,239.0,0.0,0.0,628.0,230.0,625.0,235.0,598.0,223.0,630.0,232.0,,,,,,,,0.0,0.0,0.0,0.0,0.0,0.0,0.0,0.0,0.0,24,0.0,0.0,0.0,0.0,0.0,0.0,0.0,0.0,0.0,0.0,0.0,0.0,0.0,0.0,0.0,6.0,29.0,0.0,0.0,0.0,0.0,0.0,0.0,0.0,0.0,0.0,0.0,0.0,0.0,0.0
394,James,McConnell,McConnell,u,has joined Ajax on loan for the rest of the season.,,4.4,541,324.0,0.0,669,275.0,0.0,602.0,216.0,0,0,0.0,-1,1.0,0,5,0.0,0.0,0.0,0.0,0.0,658.0,253.0,0.0,0.0,650.0,245.0,647.0,250.0,622.0,239.0,652.0,247.0,,,,,,,,0.0,0.0,0.0,0.0,0.0,0.0,0.0,0.0,0.0,24,0.0,0.0,0.0,0.0,0.0,0.0,0.0,0.0,0.0,0.0,0.0,0.0,0.0,0.0,0.0,0.0,5.0,0.0,0.0,0.0,0.0,0.0,0.0,0.0,0.0,0.0,0.0,0.0,0.0,0.0
395,Tyler,Morton,Morton,u,Has joined Lyon permanently.,,4.5,427,255.0,0.0,786,346.0,0.0,636.0,236.0,0,0,0.0,0,0.0,0,0,0.0,0.0,0.0,0.0,0.0,686.0,270.0,0.0,0.0,681.0,265.0,678.0,268.0,657.0,260.0,683.0,267.0,,,,,,,,0.0,0.0,0.0,0.0,0.0,0.0,0.0,0.0,0.0,24,0.0,0.0,0.0,0.0,0.0,0.0,0.0,0.0,0.0,0.0,0.0,0.0,0.0,0.0,0.0,0.0,0.0,0.0,0.0,0.0,0.0,0.0,0.0,0.0,0.0,0.0,0.0,0.0,0.0,0.0
397,Darwin,Núñez Ribeiro,Darwin,u,Has joined Al-Hilal permanently.,,6.5,52,18.0,0.1,541,76.0,0.0,802.0,86.0,0,0,0.0,0,0.0,0,4,0.0,0.0,0.0,0.0,0.0,806.0,89.0,0.0,0.0,806.0,89.0,806.0,89.0,806.0,89.0,806.0,89.0,,,,,,,,0.0,0.0,0.0,0.0,0.0,0.0,0.0,0.0,0.0,24,0.0,0.0,0.0,0.0,0.0,0.0,0.0,0.0,0.0,0.0,0.0,0.0,0.0,0.0,0.0,0.0,4.0,0.0,0.0,0.0,0.0,0.0,0.0,0.0,0.0,0.0,0.0,0.0,0.0,0.0
398,Jayden,Danns,Danns,i,Hamstring injury - Unknown return date,,4.3,599,83.0,0.1,464,66.0,0.0,572.0,53.0,0,0,0.0,-2,2.0,16,30,0.0,0.0,0.0,0.0,0.0,635.0,64.0,0.0,0.0,626.0,64.0,622.0,63.0,595.0,63.0,628.0,64.0,,,,,,,,0.0,0.0,0.0,0.0,0.0,0.0,0.0,0.0,0.0,24,0.0,0.0,0.0,0.0,0.0,0.0,0.0,0.0,0.0,0.0,0.0,0.0,0.0,0.0,0.0,19.0,33.0,0.0,0.0,0.0,0.0,0.0,0.0,0.0,0.0,0.0,0.0,0.0,0.0,0.0
499,Alexander,Isak,Isak,i,Ankle injury - Unknown return date,,10.3,4,2.0,3.6,91,16.0,0.0,810.0,89.0,0,0,0.0,-2,2.0,42,1464,0.0,2.8,0.0,0.0,2.9,212.0,22.0,0.0,0.0,330.0,32.0,348.0,43.0,163.0,37.0,313.0,37.0,,,,,,,,0.37,0.01,0.38,0.92,0.0,0.18,1.26,1.08,4.13,24,0.0,0.0,0.0,0.0,0.0,0.0,0.0,0.0,0.0,0.0,0.0,0.0,0.0,0.0,0.0,43.0,1514.0,0.0,0.0,0.0,0.0,0.0,0.0,0.0,0.0,0.0,0.0,0.0,0.0,0.0
661,Hugo,Ekitiké,Ekitiké,a,,,8.8,7,3.0,24.6,14,4.0,3.2,108.0,15.0,13,0,0.0,3,-3.0,143773,16771,0.4,11.4,3.2,3.7,4.8,24.0,4.0,100.0,100.0,62.0,5.0,120.0,5.0,10.0,7.0,29.0,6.0,,,,,,,,0.51,0.12,0.63,1.27,0.0,0.34,1.22,1.01,3.99,24,13.0,83.0,2.0,0.0,0.0,1.0,0.0,0.0,0.0,0.0,0.0,0.0,1.0,3.0,56.0,146551.0,30208.0,0.0,1.1600000000000001,0.030000000000000027,1.1899999999999995,0.35999999999999943,69.40000000000003,5.800000000000011,72.0,14.700000000000003,1.0,1.0,1.0,3.0
686,Rio,Ngumoha,Ngumoha,a,,,4.3,617,361.0,0.7,212,71.0,0.4,347.0,152.0,0,0,0.0,-2,2.0,1868,1790,0.1,3.0,0.4,0.9,1.6,379.0,167.0,,,389.0,171.0,298.0,170.0,313.0,163.0,367.0,172.0,,,,,,,,0.44,0.41,0.85,3.29,0.0,0.0,3.55,0.0,3.55,24,0.0,0.0,0.0,0.0,0.0,0.0,0.0,0.0,0.0,0.0,0.0,0.0,0.0,0.0,0.0,2070.0,1912.0,0.0,0.0,0.0,0.0,0.0,0.0,0.0,0.0,0.0,0.0,0.0,0.0,0.0
692,Giovanni,Leoni,Leoni,i,Knee injury - Expected back 01 Sep,,4.9,347,57.0,0.0,701,240.0,0.0,741.0,257.0,0,0,0.0,-1,1.0,4,4,0.0,0.0,0.0,0.0,0.0,770.0,259.0,0.0,0.0,770.0,259.0,766.0,259.0,758.0,258.0,770.0,259.0,,,,,,,,0.0,0.0,0.0,0.0,0.0,0.0,0.0,0.0,0.0,24,0.0,0.0,0.0,0.0,0.0,0.0,0.0,0.0,0.0,0.0,0.0,0.0,0.0,0.0,0.0,5.0,4.0,0.0,0.0,0.0,0.0,0.0,0.0,0.0,0.0,0.0,0.0,0.0,0.0,0.0
746,Kieran,Morrison,Morrison,a,,,4.5,487,299.0,0.0,735,313.0,0.0,680.0,273.0,0,0,0.0,0,0.0,11,10,0.0,0.0,0.0,0.5,0.0,726.0,303.0,,,725.0,302.0,720.0,302.0,703.0,297.0,725.0,302.0,,,,,,,,0.0,0.0,0.0,0.0,0.0,0.0,0.0,0.0,0.0,24,0.0,0.0,0.0,0.0,0.0,0.0,0.0,0.0,0.0,0.0,0.0,0.0,0.0,0.0,0.0,12.0,10.0,0.0,0.0,0.0,0.0,0.0,0.0,0.0,0.0,0.0,0.0,0.0,0.0,0.0
760,Wellity,Lucky,Lucky,a,,,4.0,699,182.0,0.0,712,243.0,0.0,519.0,206.0,0,0,0.0,0,0.0,19,26,0.0,0.0,0.0,0.5,0.0,595.0,222.0,,,585.0,221.0,578.0,221.0,545.0,216.0,587.0,221.0,,,,,,,,0.0,0.0,0.0,0.0,0.0,0.0,0.0,0.0,0.0,24,0.0,0.0,0.0,0.0,0.0,0.0,0.0,0.0,0.0,0.0,0.0,0.0,0.0,0.0,0.0,19.0,26.0,0.0,0.0,0.0,0.0,0.0,0.0,0.0,0.0,0.0,0.0,0.0,0.0,0.0
82,Antoine,Semenyo,Semenyo,a,,,7.8,18,13.0,48.8,2,1.0,4.8,30.0,17.0,7,0,0.0,8,-8.0,59463,25325,0.6,17.6,4.8,5.3,6.0,5.0,3.0,100.0,100.0,9.0,2.0,40.0,37.0,3.0,1.0,3.0,2.0,,,,,,,,0.33,0.09,0.42,1.5,0.0,0.26,1.83,1.0,7.52,24,7.0,90.0,1.0,0.0,0.0,2.0,0.0,0.0,0.0,0.0,0.0,0.0,1.0,0.0,21.0,66047.0,30172.0,0.0,0.6600000000000001,0.020000000000000018,0.6800000000000015,0.970000000000006,37.0,2.3999999999999773,36.0,7.5,0.0,2.0,2.0,4.0
182,James,Trafford,Trafford,a,,,4.5,425,23.0,0.9,192,24.0,0.0,634.0,88.0,0,0,0.0,-5,5.0,39,344,0.0,2.4,0.0,0.5,3.7,97.0,10.0,,,326.0,25.0,676.0,85.0,655.0,73.0,397.0,26.0,,,,,,,,0.0,0.0,0.0,1.32,3.67,0.33,1.33,1.0,0.0,24,0.0,0.0,0.0,0.0,0.0,0.0,0.0,0.0,0.0,0.0,0.0,0.0,0.0,0.0,0.0,41.0,370.0,0.0,0.0,0.0,0.0,0.0,0.0,0.0,0.0,0.0,0.0,0.0,0.0,0.0
260,Marc,Guéhi,Guéhi,a,,,5.2,208,28.0,37.2,5,2.0,3.4,85.0,31.0,3,0,0.0,7,-7.0,20332,42027,0.7,21.9,3.4,3.9,5.2,9.0,3.0,100.0,100.0,30.0,13.0,163.0,41.0,83.0,6.0,65.0,11.0,,,,,,,,0.12,0.08,0.2,1.33,0.0,0.36,1.14,1.0,8.14,24,3.0,90.0,0.0,0.0,0.0,2.0,0.0,0.0,0.0,0.0,0.0,0.0,1.0,0.0,10.0,23264.0,46355.0,0.0,0.5500000000000003,0.06000000000000005,0.6100000000000003,0.9699999999999989,11.0,1.4000000000000057,0.0,1.2000000000000028,1.0,9.0,3.0,10.0
399,Ederson,Santana de Moraes,Ederson M.,u,has joined Fenerbache permanently.,,5.3,185,5.0,0.8,201,25.0,0.0,768.0,93.0,0,0,0.0,-2,2.0,0,106,0.0,0.0,0.0,0.0,0.0,786.0,93.0,0.0,0.0,786.0,93.0,785.0,92.0,780.0,89.0,786.0,93.0,,,,,,,,0.0,0.0,0.0,0.0,0.0,0.0,0.0,0.0,0.0,24,0.0,0.0,0.0,0.0,0.0,0.0,0.0,0.0,0.0,0.0,0.0,0.0,0.0,0.0,0.0,0.0,112.0,0.0,0.0,0.0,0.0,0.0,0.0,0.0,0.0,0.0,0.0,0.0,0.0,0.0
401,Marcus,Bettinelli,Bettinelli,a,,,3.8,779,92.0,0.2,342,48.0,0.0,421.0,26.0,0,0,0.0,-2,2.0,2489,552,0.0,0.0,0.0,0.5,0.0,504.0,32.0,100.0,100.0,494.0,32.0,480.0,17.0,444.0,2.0,496.0,32.0,,,,,,,,0.0,0.0,0.0,0.0,0.0,0.0,0.0,0.0,0.0,24,0.0,0.0,0.0,0.0,0.0,0.0,0.0,0.0,0.0,0.0,0.0,0.0,0.0,0.0,0.0,2696.0,605.0,0.0,0.0,0.0,0.0,0.0,0.0,0.0,0.0,0.0,0.0,0.0,0.0,0.0
402,Rayan,Aït-Nouri,Aït-Nouri,a,,,5.7,119,13.0,3.8,90,33.0,0.6,330.0,121.0,2,0,0.0,-3,3.0,646,714,0.1,2.6,0.6,1.1,2.1,319.0,119.0,100.0,100.0,392.0,149.0,337.0,117.0,380.0,137.0,396.0,143.0,,,,,,,,0.02,0.17,0.19,1.15,0.0,0.32,0.95,1.27,8.59,24,2.0,69.0,0.0,0.0,0.0,1.0,0.0,0.0,0.0,0.0,0.0,0.0,1.0,0.0,9.0,708.0,804.0,0.0,0.030000000000000006,0.010000000000000009,0.039999999999999925,0.5,2.6000000000000014,2.3000000000000043,1.0,0.6000000000000014,3.0,1.0,3.0,4.0
403,Joško,Gvardiol,Gvardiol,i,Leg injury - Unknown return date,,5.9,102,6.0,3.8,88,31.0,0.2,414.0,152.0,0,0,0.0,-1,1.0,39,8900,0.0,13.1,0.0,0.0,4.8,22.0,11.0,0.0,0.0,103.0,45.0,223.0,59.0,111.0,18.0,142.0,46.0,,,,,,,,0.15,0.04,0.19,1.06,0.0,0.42,0.9,1.04,6.85,24,0.0,0.0,0.0,0.0,0.0,0.0,0.0,0.0,0.0,0.0,0.0,0.0,0.0,0.0,0.0,39.0,10029.0,0.0,0.0,0.0,0.0,0.0,0.0,0.0,0.0,0.0,0.0,0.0,0.0,0.0
404,Manuel,Akanji,Akanji,u,has joined Inter Milan on loan for the rest of the season.,,5.4,168,19.0,0.3,331,122.0,0.0,779.0,262.0,0,0,0.0,-1,1.0,0,43,0.0,0.0,0.0,0.0,0.0,789.0,262.0,0.0,0.0,789.0,262.0,788.0,262.0,784.0,261.0,789.0,262.0,,,,,,,,0.0,0.0,0.0,0.0,0.0,0.0,0.0,0.0,0.0,24,0.0,0.0,0.0,0.0,0.0,0.0,0.0,0.0,0.0,0.0,0.0,0.0,0.0,0.0,0.0,0.0,45.0,0.0,0.0,0.0,0.0,0.0,0.0,0.0,0.0,0.0,0.0,0.0,0.0,0.0
405,Nathan,Aké,Aké,a,,,5.3,186,23.0,0.6,230,87.0,0.8,305.0,111.0,0,0,0.0,-2,2.0,274,539,0.2,4.7,0.8,1.3,2.1,316.0,118.0,,,335.0,128.0,258.0,78.0,348.0,115.0,347.0,120.0,,,,,,,,0.05,0.08,0.13,1.46,0.0,0.37,1.3,0.74,6.51,24,0.0,0.0,0.0,0.0,0.0,0.0,0.0,0.0,0.0,0.0,0.0,0.0,0.0,0.0,0.0,287.0,591.0,0.0,0.0,0.0,0.0,0.0,0.0,0.0,0.0,0.0,0.0,0.0,0.0,0.0
406,Abdukodir,Khusanov,Khusanov,a,,,5.4,184,22.0,0.4,285,109.0,2.4,169.0,58.0,0,0,0.0,-1,1.0,673,676,0.4,4.4,2.4,2.9,2.4,276.0,106.0,100.0,100.0,305.0,116.0,361.0,127.0,791.0,263.0,370.0,132.0,,,,,,,,0.0,0.01,0.01,1.33,0.0,0.28,0.97,0.97,8.6,24,0.0,90.0,0.0,0.0,0.0,2.0,0.0,0.0,0.0,1.0,0.0,0.0,1.0,0.0,9.0,714.0,736.0,0.0,0.0,0.010000000000000009,0.010000000000000009,0.9700000000000006,5.799999999999997,0.9000000000000021,0.0,0.6999999999999993,2.0,7.0,6.0,9.0
407,Matheus,Nunes,Matheus N.,a,,,5.4,174,21.0,3.3,101,37.0,3.0,121.0,41.0,1,0,0.0,-1,1.0,4866,8979,0.6,19.6,3.0,3.5,5.0,12.0,5.0,100.0,100.0,56.0,27.0,85.0,21.0,293.0,91.0,100.0,29.0,,,4.0,,,,,0.01,0.07,0.08,1.05,0.0,0.41,0.92,0.97,7.03,24,1.0,90.0,0.0,0.0,0.0,2.0,0.0,0.0,0.0,0.0,0.0,0.0,1.0,0.0,7.0,5812.0,9926.0,0.0,0.0,0.020000000000000018,0.020000000000000018,0.9699999999999989,9.199999999999989,11.400000000000034,0.0,2.0999999999999943,1.0,2.0,2.0,3.0
408,Rúben,dos Santos Gato Alves Dias,Rúben,d,Hamstring injury - 50% chance of playing,,5.5,139,16.0,3.4,97,36.0,1.0,288.0,102.0,0,0,0.0,0,0.0,62,6338,0.2,17.3,0.5,0.0,4.8,20.0,9.0,50.0,0.0,53.0,25.0,238.0,68.0,229.0,62.0,148.0,47.0,,,,,,,,0.03,0.03,0.06,1.04,0.0,0.53,0.84,1.0,6.97,24,0.0,0.0,0.0,0.0,0.0,0.0,0.0,0.0,0.0,0.0,0.0,0.0,0.0,0.0,0.0,63.0,7064.0,0.0,0.0,0.0,0.0,0.0,0.0,0.0,0.0,0.0,0.0,0.0,0.0,0.0
409,John,Stones,Stones,i,Thigh injury - Unknown return date,,5.4,157,17.0,0.6,242,91.0,0.0,775.0,261.0,0,0,0.0,-1,1.0,6,193,0.0,2.2,0.0,0.0,1.7,371.0,137.0,0.0,0.0,355.0,134.0,383.0,138.0,438.0,163.0,398.0,144.0,,,,,,,,0.0,0.02,0.02,1.29,0.0,0.26,2.05,1.03,4.87,24,0.0,0.0,0.0,0.0,0.0,0.0,0.0,0.0,0.0,0.0,0.0,0.0,0.0,0.0,0.0,6.0,202.0,0.0,0.0,0.0,0.0,0.0,0.0,0.0,0.0,0.0,0.0,0.0,0.0,0.0
410,Rico,Lewis,Lewis,a,,,4.6,397,69.0,1.2,171,64.0,0.2,395.0,148.0,0,0,0.0,-4,4.0,229,667,0.0,4.1,0.2,0.7,1.9,342.0,130.0,100.0,100.0,371.0,143.0,231.0,65.0,310.0,99.0,345.0,118.0,,,,,,,,0.03,0.38,0.41,1.46,0.0,0.29,1.45,0.87,5.5,24,0.0,0.0,0.0,0.0,0.0,0.0,0.0,0.0,0.0,0.0,0.0,0.0,0.0,0.0,0.0,247.0,726.0,0.0,0.0,0.0,0.0,0.0,0.0,0.0,0.0,0.0,0.0,0.0,0.0,0.0
411,Nico,O'Reilly,O'Reilly,a,,,5.0,261,41.0,5.4,72,24.0,1.8,210.0,76.0,1,0,0.0,0,0.0,1994,16300,0.4,17.0,1.8,2.3,3.7,100.0,35.0,100.0,100.0,98.0,43.0,79.0,19.0,103.0,13.0,80.0,18.0,,,,,,,,0.11,0.08,0.19,1.18,0.0,0.48,0.9,0.95,6.83,24,1.0,90.0,0.0,0.0,0.0,2.0,0.0,0.0,0.0,0.0,0.0,0.0,1.0,0.0,10.0,2188.0,22386.0,0.0,0.03000000000000025,0.040000000000000036,0.06999999999999984,0.9699999999999989,3.0,7.300000000000011,0.0,1.0,4.0,3.0,4.0,7.0
412,Vitor,de Oliveira Nunes dos Reis,Vitor Reis,u,Has joined Girona on loan for the rest of the season.,,5.0,282,44.0,0.0,763,259.0,0.0,758.0,259.0,0,0,0.0,0,0.0,0,0,0.0,0.0,0.0,0.0,0.0,783.0,261.0,0.0,0.0,783.0,261.0,781.0,261.0,775.0,260.0,783.0,261.0,,,,,,,,0.0,0.0,0.0,0.0,0.0,0.0,0.0,0.0,0.0,24,0.0,0.0,0.0,0.0,0.0,0.0,0.0,0.0,0.0,0.0,0.0,0.0,0.0,0.0,0.0,0.0,0.0,0.0,0.0,0.0,0.0,0.0,0.0,0.0,0.0,0.0,0.0,0.0,0.0,0.0
413,Omar,Marmoush,Marmoush,a,,,8.3,13,8.0,2.4,117,38.0,2.2,184.0,82.0,1,0,0.0,-2,2.0,884,1945,0.3,3.3,2.2,2.7,2.2,305.0,134.0,100.0,100.0,352.0,157.0,303.0,172.0,187.0,107.0,319.0,154.0,,1.0,2.0,,,,,0.49,0.17,0.66,0.86,0.0,0.32,0.97,0.97,6.47,24,1.0,1.0,0.0,0.0,0.0,0.0,0.0,0.0,0.0,0.0,0.0,0.0,0.0,0.0,4.0,1017.0,2089.0,0.0,0.0,0.0,0.0,0.0,0.0,0.0,0.0,0.0,0.0,0.0,0.0,0.0
414,Phil,Foden,Foden,a,,,8.3,12,7.0,14.1,28,11.0,1.4,261.0,115.0,1,-1,1.0,3,-3.0,1009,109431,0.2,12.4,1.4,1.9,4.7,28.0,12.0,100.0,100.0,57.0,15.0,4.0,4.0,37.0,21.0,11.0,9.0,1.0,3.0,,,,,,0.27,0.19,0.46,1.09,0.0,0.49,0.77,1.04,6.52,24,1.0,2.0,0.0,0.0,0.0,0.0,0.0,0.0,0.0,0.0,0.0,0.0,0.0,0.0,3.0,1078.0,136704.0,0.0,0.0,0.009999999999999787,0.009999999999999787,0.0,0.0,0.0,0.0,0.0,0.0,0.0,0.0,0.0
415,Sávio,Moreira de Oliveira,Savinho,i,Thigh injury - Expected back 21 Feb,,6.9,43,25.0,0.4,271,93.0,0.0,805.0,362.0,0,0,0.0,-1,1.0,11,166,0.0,3.8,0.0,0.0,1.7,374.0,165.0,0.0,0.0,358.0,160.0,181.0,122.0,92.0,57.0,242.0,117.0,,,,,,,,0.22,0.2,0.42,1.08,0.0,0.34,0.85,0.85,7.46,24,0.0,0.0,0.0,0.0,0.0,0.0,0.0,0.0,0.0,0.0,0.0,0.0,0.0,0.0,0.0,11.0,174.0,0.0,0.0,0.0,0.0,0.0,0.0,0.0,0.0,0.0,0.0,0.0,0.0,0.0
416,Bernardo,Mota Veiga de Carvalho e Silva,Bernardo,a,,,6.2,73,47.0,0.5,257,86.0,3.4,88.0,38.0,6,0,0.0,-3,3.0,440,400,0.5,9.7,3.4,3.9,2.5,266.0,115.0,,,186.0,77.0,42.0,39.0,207.0,112.0,110.0,59.0,5.0,,,,,,,0.04,0.11,0.15,1.15,0.0,0.41,0.98,1.03,7.77,24,6.0,87.0,0.0,1.0,0.0,2.0,0.0,0.0,0.0,0.0,0.0,0.0,1.0,1.0,33.0,466.0,441.0,0.0,0.0,0.2599999999999998,0.2599999999999998,0.9699999999999989,26.400000000000006,12.300000000000011,4.0,4.299999999999997,4.0,2.0,1.0,7.0
417,Rayan,Cherki,Cherki,d,Knock - 75% chance of playing,,6.6,50,32.0,10.3,41,15.0,3.2,107.0,48.0,7,0,0.0,1,-1.0,16131,32345,0.5,13.2,2.4,3.7,4.6,34.0,16.0,75.0,100.0,92.0,29.0,13.0,13.0,51.0,31.0,27.0,22.0,2.0,4.0,,,,,,0.18,0.51,0.69,1.18,0.0,0.44,0.88,1.06,8.3,24,7.0,68.0,1.0,0.0,0.0,1.0,0.0,0.0,0.0,0.0,0.0,0.0,1.0,0.0,31.0,16851.0,42147.0,0.0,0.1699999999999997,0.1299999999999999,0.2999999999999998,0.5,33.80000000000001,3.6000000000000227,30.0,6.700000000000003,0.0,1.0,2.0,3.0
418,Jérémy,Doku,Doku,i,Calf injury - Expected back 11 Feb,,6.4,57,36.0,2.7,110,32.0,2.4,173.0,78.0,0,0,0.0,-1,1.0,58,9380,0.4,11.2,0.0,0.0,3.6,112.0,53.0,0.0,0.0,151.0,55.0,11.0,11.0,32.0,17.0,28.0,23.0,,,3.0,,,,,0.14,0.32,0.46,1.19,0.0,0.38,0.99,0.99,6.03,24,0.0,0.0,0.0,0.0,0.0,0.0,0.0,0.0,0.0,0.0,0.0,0.0,0.0,0.0,0.0,60.0,10492.0,0.0,0.0,0.0,0.0,0.0,0.0,0.0,0.0,0.0,0.0,0.0,0.0,0.0
420,İlkay,Gündoğan,Gündoğan,u,has joined Galatasaray permanently.,,6.3,62,41.0,0.1,544,195.0,0.0,799.0,359.0,0,0,0.0,-2,2.0,0,9,0.0,0.0,0.0,0.0,0.0,803.0,360.0,0.0,0.0,803.0,360.0,803.0,360.0,803.0,360.0,803.0,360.0,,,,,,,,0.0,0.0,0.0,0.0,0.0,0.0,0.0,0.0,0.0,24,0.0,0.0,0.0,0.0,0.0,0.0,0.0,0.0,0.0,0.0,0.0,0.0,0.0,0.0,0.0,0.0,9.0,0.0,0.0,0.0,0.0,0.0,0.0,0.0,0.0,0.0,0.0,0.0,0.0,0.0
421,Rodrigo 'Rodri',Hernandez Cascante,Rodrigo,a,,,6.3,66,44.0,0.4,262,89.0,3.0,124.0,54.0,3,0,0.0,-2,2.0,410,338,0.5,4.4,3.0,3.5,2.3,291.0,128.0,100.0,100.0,273.0,117.0,137.0,96.0,330.0,173.0,264.0,130.0,,,,,,,,0.02,0.14,0.16,1.29,0.0,0.25,1.0,1.0,13.57,24,3.0,90.0,0.0,0.0,0.0,2.0,0.0,0.0,0.0,1.0,0.0,0.0,1.0,0.0,22.0,430.0,362.0,0.0,0.0,0.2600000000000001,0.26,0.9699999999999989,15.0,17.600000000000023,0.0,3.299999999999997,3.0,5.0,11.0,19.0
422,Mateo,Kovačić,Kovačić,i,Ankle injury - Unknown return date,,5.9,90,57.0,0.0,675,279.0,0.0,796.0,356.0,0,0,0.0,-1,1.0,6,14,0.0,0.2,0.0,0.0,1.0,488.0,230.0,0.0,0.0,468.0,216.0,455.0,220.0,799.0,357.0,485.0,225.0,,,,,,,,0.0,0.0,0.0,0.0,0.0,0.0,0.0,0.0,0.0,24,0.0,0.0,0.0,0.0,0.0,0.0,0.0,0.0,0.0,0.0,0.0,0.0,0.0,0.0,0.0,6.0,14.0,0.0,0.0,0.0,0.0,0.0,0.0,0.0,0.0,0.0,0.0,0.0,0.0,0.0
423,Nico,González Iglesias,N.Gonzalez,a,,,5.9,99,64.0,0.1,465,158.0,0.8,308.0,138.0,0,0,0.0,-1,1.0,69,119,0.1,9.3,0.8,1.3,2.8,223.0,95.0,100.0,100.0,174.0,69.0,141.0,98.0,275.0,146.0,202.0,104.0,,,,,,,,0.04,0.07,0.11,1.08,0.0,0.47,0.93,1.0,11.92,24,0.0,20.0,0.0,0.0,0.0,1.0,0.0,0.0,0.0,1.0,0.0,0.0,0.0,0.0,2.0,70.0,124.0,0.0,0.0,0.08999999999999997,0.09000000000000008,0.47000000000000064,0.0,0.0,0.0,0.0,3.0,1.0,3.0,7.0
425,Claudio,Echeverri,Echeverri,u,has joined Girona on loan for the rest of the season.,,5.4,183,114.0,0.0,728,309.0,0.0,786.0,349.0,0,0,0.0,-1,1.0,0,2,0.0,0.0,0.0,0.0,0.0,795.0,354.0,0.0,0.0,795.0,354.0,794.0,354.0,790.0,353.0,795.0,354.0,,,,,,,,0.0,0.0,0.0,0.0,0.0,0.0,0.0,0.0,0.0,24,0.0,0.0,0.0,0.0,0.0,0.0,0.0,0.0,0.0,0.0,0.0,0.0,0.0,0.0,0.0,0.0,2.0,0.0,0.0,0.0,0.0,0.0,0.0,0.0,0.0,0.0,0.0,0.0,0.0,0.0
427,Tijjani,Reijnders,Reijnders,a,,,5.1,232,143.0,10.9,39,14.0,3.4,84.0,36.0,1,0,0.0,-4,4.0,2759,17010,0.7,16.3,3.4,3.9,3.6,109.0,52.0,,,129.0,44.0,70.0,52.0,34.0,19.0,55.0,35.0,3.0,,,,,,,0.25,0.12,0.37,1.05,0.0,0.44,1.01,1.08,5.25,24,1.0,21.0,0.0,0.0,0.0,1.0,0.0,0.0,0.0,0.0,0.0,0.0,0.0,0.0,307.0,3132.0,19272.0,0.0,0.27,0.1499999999999999,0.41999999999999993,0.46999999999999886,0.0,0.0,0.0,0.0,0.0,0.0,0.0,0.0
114,Benjamin,Arthur,Arthur,a,,,3.8,809,261.0,0.2,361,132.0,0.0,443.0,177.0,0,0,0.0,-2,2.0,140,85,0.0,0.0,0.0,0.0,0.0,521.0,195.0,100.0,100.0,511.0,194.0,500.0,194.0,465.0,187.0,513.0,194.0,,,,,,,,0.0,0.0,0.0,0.0,0.0,0.0,0.0,0.0,0.0,24,0.0,0.0,0.0,0.0,0.0,0.0,0.0,0.0,0.0,0.0,0.0,0.0,0.0,0.0,0.0,159.0,91.0,0.0,0.0,0.0,0.0,0.0,0.0,0.0,0.0,0.0,0.0,0.0,0.0,0.0
428,Sverre,Nypan,Nypan,u,Has joined Middlesbrough on loan for the rest of the season.,,5.0,278,170.0,0.0,716,302.0,0.0,755.0,328.0,0,0,0.0,0,0.0,0,4,0.0,0.0,0.0,0.0,0.0,780.0,343.0,0.0,0.0,780.0,343.0,778.0,343.0,772.0,341.0,780.0,343.0,,,,,,,,0.0,0.0,0.0,0.0,0.0,0.0,0.0,0.0,0.0,24,0.0,0.0,0.0,0.0,0.0,0.0,0.0,0.0,0.0,0.0,0.0,0.0,0.0,0.0,0.0,0.0,4.0,0.0,0.0,0.0,0.0,0.0,0.0,0.0,0.0,0.0,0.0,0.0,0.0,0.0
742,Ryan,McAidoo,McAidoo,a,,,4.5,498,308.0,0.0,723,307.0,0.0,689.0,281.0,0,0,0.0,0,0.0,12,11,0.0,0.0,0.0,0.5,0.0,734.0,310.0,,,734.0,310.0,729.0,310.0,712.0,305.0,734.0,310.0,,,,,,,,0.0,0.0,0.0,0.0,0.0,0.0,0.0,0.0,0.0,24,0.0,0.0,0.0,0.0,0.0,0.0,0.0,0.0,0.0,0.0,0.0,0.0,0.0,0.0,0.0,12.0,12.0,0.0,0.0,0.0,0.0,0.0,0.0,0.0,0.0,0.0,0.0,0.0,0.0,0.0
763,Charlie,Gray,Gray,a,,,4.5,453,272.0,0.0,784,344.0,0.0,653.0,252.0,0,0,0.0,0,0.0,10,11,0.0,0.0,0.0,0.5,0.0,702.0,285.0,,,698.0,281.0,695.0,283.0,675.0,275.0,699.0,282.0,,,,,,,,0.0,0.0,0.0,0.0,0.0,0.0,0.0,0.0,0.0,24,0.0,0.0,0.0,0.0,0.0,0.0,0.0,0.0,0.0,0.0,0.0,0.0,0.0,0.0,0.0,11.0,11.0,0.0,0.0,0.0,0.0,0.0,0.0,0.0,0.0,0.0,0.0,0.0,0.0,0.0
764,Reigan,Heskey,Heskey,a,,,4.5,481,294.0,0.0,787,347.0,0.0,674.0,268.0,0,0,0.0,0,0.0,8,3,0.0,0.0,0.0,0.5,0.0,720.0,298.0,,,719.0,297.0,714.0,297.0,697.0,292.0,719.0,297.0,,,,,,,,0.0,0.0,0.0,0.0,0.0,0.0,0.0,0.0,0.0,24,0.0,0.0,0.0,0.0,0.0,0.0,0.0,0.0,0.0,0.0,0.0,0.0,0.0,0.0,0.0,8.0,3.0,0.0,0.0,0.0,0.0,0.0,0.0,0.0,0.0,0.0,0.0,0.0,0.0,0.0
794,Max,Alleyne,Alleyne,a,,,4.3,595,138.0,0.0,702,241.0,1.2,265.0,96.0,0,0,0.0,-2,2.0,24,99,0.3,1.2,1.2,1.7,2.5,254.0,98.0,,,408.0,154.0,389.0,142.0,343.0,112.0,415.0,150.0,,,,,,,,0.17,0.04,0.21,1.03,0.0,0.0,0.67,1.33,7.33,24,0.0,0.0,0.0,0.0,0.0,0.0,0.0,0.0,0.0,0.0,0.0,0.0,0.0,0.0,0.0,25.0,116.0,0.0,0.0,0.0,0.0,0.0,0.0,0.0,0.0,0.0,0.0,0.0,0.0,0.0
119,Bryan,Mbeumo,Mbeumo,a,,,8.4,11,6.0,19.4,19,7.0,4.2,53.0,23.0,2,0,0.0,4,-4.0,66138,19606,0.5,11.3,4.2,4.2,5.0,16.0,8.0,100.0,100.0,59.0,16.0,14.0,14.0,7.0,2.0,7.0,5.0,2.0,2.0,,,,,,0.36,0.2,0.56,1.31,0.0,0.17,1.54,1.05,4.63,24,2.0,90.0,0.0,0.0,0.0,2.0,0.0,0.0,0.0,0.0,0.0,0.0,1.0,0.0,5.0,89258.0,20688.0,0.0,0.2999999999999998,0.22999999999999998,0.5299999999999994,1.9699999999999989,6.199999999999989,33.700000000000045,25.0,6.5,0.0,0.0,2.0,2.0
431,Altay,Bayındır,Bayindir,a,,,4.7,385,17.0,0.3,307,40.0,0.0,704.0,90.0,0,0,0.0,-3,3.0,98,148,0.0,2.3,0.0,0.0,1.8,356.0,28.0,,,303.0,24.0,413.0,9.0,728.0,79.0,380.0,24.0,,,,,,,,0.0,0.01,0.01,1.54,2.17,0.0,1.83,1.0,0.0,24,0.0,0.0,0.0,0.0,0.0,0.0,0.0,0.0,0.0,0.0,0.0,0.0,0.0,0.0,0.0,105.0,160.0,0.0,0.0,0.0,0.0,0.0,0.0,0.0,0.0,0.0,0.0,0.0,0.0,0.0
432,André,Onana,Onana,u,has joined Trabzonspor on loan for the rest of the season.,,4.9,301,12.0,0.1,418,63.0,0.0,721.0,92.0,0,0,0.0,-1,1.0,0,15,0.0,0.0,0.0,0.0,0.0,756.0,92.0,0.0,0.0,756.0,92.0,752.0,89.0,743.0,83.0,756.0,92.0,,,,,,,,0.0,0.0,0.0,0.0,0.0,0.0,0.0,0.0,0.0,24,0.0,0.0,0.0,0.0,0.0,0.0,0.0,0.0,0.0,0.0,0.0,0.0,0.0,0.0,0.0,0.0,16.0,0.0,0.0,0.0,0.0,0.0,0.0,0.0,0.0,0.0,0.0,0.0,0.0,0.0
433,Elyh,Harrison,Harrison,u,On loan to Shrewsbury Town,,4.0,711,64.0,0.0,792,92.0,0.0,531.0,76.0,0,0,0.0,0,0.0,0,0,0.0,0.0,0.0,0.0,0.0,605.0,82.0,0.0,0.0,595.0,82.0,588.0,71.0,556.0,56.0,597.0,82.0,,,,,,,,0.0,0.0,0.0,0.0,0.0,0.0,0.0,0.0,0.0,24,0.0,0.0,0.0,0.0,0.0,0.0,0.0,0.0,0.0,0.0,0.0,0.0,0.0,0.0,0.0,0.0,0.0,0.0,0.0,0.0,0.0,0.0,0.0,0.0,0.0,0.0,0.0,0.0,0.0,0.0
434,Tom,Heaton,Heaton,a,,,3.9,729,65.0,0.3,335,46.0,0.0,444.0,28.0,0,0,0.0,-1,1.0,66,151,0.0,0.0,0.0,0.0,0.0,522.0,34.0,,,512.0,34.0,501.0,19.0,466.0,4.0,514.0,34.0,,,,,,,,0.0,0.0,0.0,0.0,0.0,0.0,0.0,0.0,0.0,24,0.0,0.0,0.0,0.0,0.0,0.0,0.0,0.0,0.0,0.0,0.0,0.0,0.0,0.0,0.0,71.0,160.0,0.0,0.0,0.0,0.0,0.0,0.0,0.0,0.0,0.0,0.0,0.0,0.0,0.0
435,Dermot,Mee,Mee,a,,,3.9,752,80.0,0.1,467,72.0,0.0,461.0,42.0,0,0,0.0,-1,1.0,25,44,0.0,0.0,0.0,0.0,0.0,538.0,48.0,,,528.0,48.0,518.0,34.0,483.0,19.0,530.0,48.0,,,,,,,,0.0,0.0,0.0,0.0,0.0,0.0,0.0,0.0,0.0,24,0.0,0.0,0.0,0.0,0.0,0.0,0.0,0.0,0.0,0.0,0.0,0.0,0.0,0.0,0.0,26.0,46.0,0.0,0.0,0.0,0.0,0.0,0.0,0.0,0.0,0.0,0.0,0.0,0.0,0.0
436,Matthijs,de Ligt,De Ligt,i,Back injury - Expected back 10 Feb,,4.9,306,49.0,1.9,136,55.0,0.0,723.0,256.0,0,0,0.0,-1,1.0,36,1109,0.0,8.8,0.0,0.0,3.3,142.0,55.0,0.0,0.0,167.0,70.0,297.0,99.0,191.0,42.0,227.0,77.0,,,,,,,,0.11,0.06,0.17,1.44,0.0,0.08,1.54,1.0,8.23,24,0.0,0.0,0.0,0.0,0.0,0.0,0.0,0.0,0.0,0.0,0.0,0.0,0.0,0.0,0.0,36.0,1155.0,0.0,0.0,0.0,0.0,0.0,0.0,0.0,0.0,0.0,0.0,0.0,0.0,0.0
437,Lisandro,Martínez,Martinez,a,,,4.8,360,62.0,0.7,207,79.0,2.6,149.0,50.0,1,0,0.0,-2,2.0,4565,1850,0.5,6.2,2.6,2.6,2.5,258.0,101.0,100.0,100.0,253.0,104.0,287.0,94.0,386.0,140.0,325.0,111.0,,,,,,,,0.01,0.05,0.06,0.97,0.0,0.25,1.24,0.87,7.71,24,1.0,90.0,0.0,0.0,0.0,2.0,0.0,0.0,0.0,0.0,0.0,0.0,1.0,0.0,8.0,5020.0,1952.0,0.0,0.0,0.18999999999999997,0.18999999999999995,1.9699999999999998,20.200000000000017,4.5,0.0,2.5,0.0,7.0,3.0,7.0
438,Noussair,Mazraoui,Mazraoui,a,,,4.9,315,52.0,0.2,371,136.0,0.4,356.0,135.0,1,0,0.0,-1,1.0,510,254,0.1,3.9,0.4,0.4,1.7,367.0,135.0,100.0,100.0,311.0,119.0,312.0,103.0,375.0,133.0,359.0,126.0,,,,,,,,0.0,0.05,0.05,0.8,0.0,0.2,1.21,1.21,9.51,24,1.0,4.0,0.0,0.0,0.0,1.0,0.0,0.0,0.0,0.0,0.0,0.0,0.0,0.0,1.0,577.0,258.0,0.0,0.0,0.0,0.0,0.040000000000000036,8.600000000000009,0.10000000000000142,0.0,0.8999999999999986,2.0,3.0,2.0,5.0
439,Diego,León Blanco,D.Leon,a,,,4.2,648,156.0,0.1,566,204.0,0.0,562.0,236.0,0,0,0.0,-3,3.0,16,27,0.0,0.0,0.0,0.0,0.0,627.0,245.0,,,619.0,246.0,614.0,245.0,585.0,243.0,621.0,246.0,,,,,,,,0.0,0.0,0.0,0.0,0.0,0.0,0.0,0.0,0.0,24,0.0,0.0,0.0,0.0,0.0,0.0,0.0,0.0,0.0,0.0,0.0,0.0,0.0,0.0,0.0,18.0,28.0,0.0,0.0,0.0,0.0,0.0,0.0,0.0,0.0,0.0,0.0,0.0,0.0,0.0
440,Diogo,Dalot Teixeira,Dalot,a,,,4.5,417,80.0,3.6,92,34.0,2.2,178.0,63.0,2,0,0.0,0,0.0,7016,4672,0.5,16.2,2.2,2.2,3.3,139.0,53.0,100.0,100.0,109.0,48.0,63.0,14.0,198.0,47.0,104.0,32.0,,,,,,,,0.07,0.1,0.17,1.32,0.0,0.22,1.56,1.02,6.09,24,2.0,85.0,0.0,0.0,0.0,1.0,0.0,0.0,0.0,0.0,0.0,0.0,1.0,0.0,20.0,8737.0,5535.0,0.0,0.040000000000000036,0.31000000000000005,0.3500000000000001,1.9299999999999997,26.0,30.099999999999966,5.0,6.099999999999994,3.0,4.0,5.0,7.0
441,Patrick,Dorgu,Dorgu,i,Hamstring injury - Unknown return date,,4.4,562,118.0,7.3,54,17.0,5.8,12.0,2.0,0,0,0.0,-1,1.0,2313,81270,1.3,16.8,0.0,0.0,3.4,126.0,45.0,0.0,0.0,81.0,35.0,45.0,5.0,72.0,3.0,49.0,7.0,,,,,,,,0.13,0.1,0.23,1.27,0.0,0.2,1.35,0.95,6.43,24,0.0,0.0,0.0,0.0,0.0,0.0,0.0,0.0,0.0,0.0,0.0,0.0,0.0,0.0,0.0,2433.0,92316.0,0.0,0.0,0.0,0.0,0.0,0.0,0.0,0.0,0.0,0.0,0.0,0.0,0.0
442,Harry,Maguire,Maguire,a,,,4.3,568,120.0,1.2,174,66.0,2.2,176.0,61.0,2,0,0.0,-2,2.0,8988,1184,0.5,10.2,2.2,2.2,4.0,64.0,25.0,100.0,100.0,279.0,109.0,386.0,140.0,238.0,67.0,327.0,112.0,,,,,,,,0.11,0.0,0.11,1.52,0.0,0.44,1.18,1.03,7.51,24,2.0,90.0,0.0,0.0,0.0,2.0,0.0,0.0,0.0,1.0,0.0,0.0,1.0,0.0,6.0,12268.0,1570.0,0.0,0.26,0.0,0.26,1.9700000000000006,18.400000000000006,0.5,40.0,5.900000000000002,4.0,6.0,1.0,10.0
443,Luke,Shaw,Shaw,a,,,4.5,407,74.0,0.7,220,84.0,2.0,187.0,67.0,1,0,0.0,0,0.0,2277,779,0.4,12.0,2.0,2.0,2.2,297.0,113.0,,,104.0,46.0,111.0,28.0,317.0,101.0,158.0,51.0,,,,,,,,0.0,0.05,0.05,1.23,0.0,0.17,1.42,1.03,5.73,24,1.0,90.0,0.0,0.0,0.0,2.0,0.0,0.0,0.0,0.0,0.0,0.0,1.0,0.0,234.0,2675.0,889.0,0.0,0.0,0.020000000000000018,0.020000000000000018,1.9699999999999989,6.600000000000023,3.299999999999983,2.0,1.1999999999999957,0.0,4.0,1.0,4.0
444,Leny,Yoro,Yoro,a,,,4.2,643,154.0,1.3,170,63.0,0.8,295.0,106.0,1,0,0.0,-3,3.0,504,1033,0.2,8.6,0.8,0.8,1.6,377.0,140.0,,,235.0,96.0,292.0,96.0,258.0,74.0,282.0,93.0,,,,,,,,0.05,0.02,0.07,1.37,0.0,0.08,1.9,0.95,7.54,24,1.0,1.0,0.0,0.0,0.0,0.0,0.0,0.0,0.0,0.0,0.0,0.0,0.0,0.0,3.0,529.0,1090.0,0.0,0.0,0.0,0.0,0.0,1.0,0.0,0.0,0.10000000000000142,0.0,1.0,0.0,1.0
445,Harry,Amass,Amass,u,has joined Norwich City on loan for the rest of the season.,,4.0,709,191.0,0.1,528,192.0,0.0,529.0,215.0,0,0,0.0,0,0.0,0,16,0.0,0.0,0.0,0.0,0.0,603.0,229.0,0.0,0.0,593.0,228.0,586.0,228.0,554.0,224.0,595.0,228.0,,,,,,,,0.0,0.0,0.0,0.0,0.0,0.0,0.0,0.0,0.0,24,0.0,0.0,0.0,0.0,0.0,0.0,0.0,0.0,0.0,0.0,0.0,0.0,0.0,0.0,0.0,0.0,19.0,0.0,0.0,0.0,0.0,0.0,0.0,0.0,0.0,0.0,0.0,0.0,0.0,0.0
446,Tyler,Fredricson,Fredricson,a,,,3.8,799,252.0,0.1,429,160.0,0.0,436.0,171.0,0,0,0.0,-2,2.0,38,82,0.0,0.3,0.0,0.0,1.0,437.0,159.0,,,461.0,167.0,494.0,189.0,458.0,181.0,476.0,169.0,,,,,,,,0.0,0.0,0.0,13.5,0.0,0.0,0.0,0.0,90.0,24,0.0,0.0,0.0,0.0,0.0,0.0,0.0,0.0,0.0,0.0,0.0,0.0,0.0,0.0,0.0,40.0,87.0,0.0,0.0,0.0,0.0,0.0,0.0,0.0,0.0,0.0,0.0,0.0,0.0,0.0
447,Ayden,Heaven,Heaven,a,,,3.8,808,260.0,2.2,122,46.0,1.0,277.0,99.0,0,0,0.0,-2,2.0,1288,4392,0.3,6.8,1.0,1.0,2.4,267.0,103.0,100.0,100.0,251.0,102.0,366.0,130.0,341.0,111.0,334.0,114.0,,,,,,,,0.05,0.02,0.07,1.12,0.0,0.14,1.7,1.13,10.05,24,0.0,0.0,0.0,0.0,0.0,0.0,0.0,0.0,0.0,0.0,0.0,0.0,0.0,0.0,0.0,1457.0,5104.0,0.0,0.0,0.0,0.0,0.0,0.0,0.0,0.0,0.0,0.0,0.0,0.0,0.0
448,Tyrell,Malacia,Malacia,a,,,3.8,781,234.0,0.4,273,101.0,0.0,423.0,158.0,0,0,0.0,-2,2.0,125,344,0.0,0.3,0.0,0.0,1.0,435.0,157.0,,,465.0,168.0,481.0,176.0,445.0,168.0,480.0,170.0,,,,,,,,0.0,0.0,0.0,13.5,0.0,0.0,0.0,0.0,90.0,24,0.0,0.0,0.0,0.0,0.0,0.0,0.0,0.0,0.0,0.0,0.0,0.0,0.0,0.0,0.0,133.0,369.0,0.0,0.0,0.0,0.0,0.0,0.0,0.0,0.0,0.0,0.0,0.0,0.0,0.0
449,Bruno,Borges Fernandes,B.Fernandes,a,,,9.6,6,4.0,29.6,11,4.0,6.4,9.0,6.0,10,1,-1.0,6,-6.0,162122,4634,0.7,13.6,6.4,6.4,6.2,3.0,1.0,100.0,100.0,3.0,1.0,1.0,1.0,42.0,25.0,1.0,1.0,1.0,1.0,1.0,,,,,0.37,0.3,0.67,1.32,0.0,0.1,1.6,1.05,10.17,24,10.0,90.0,0.0,2.0,0.0,2.0,0.0,0.0,0.0,0.0,0.0,0.0,1.0,2.0,38.0,193438.0,5026.0,0.0,0.0,0.27999999999999936,0.27999999999999936,1.9699999999999989,46.0,56.5,4.0,10.700000000000017,1.0,2.0,4.0,7.0
450,Matheus,Santos Carneiro da Cunha,Cunha,a,,,8.0,16,11.0,8.2,48,17.0,6.6,7.0,5.0,9,0,0.0,0,0.0,50979,6303,0.8,11.0,6.6,6.6,4.2,57.0,25.0,100.0,100.0,67.0,20.0,54.0,44.0,20.0,9.0,25.0,21.0,,,,,,,,0.31,0.14,0.45,1.27,0.0,0.24,1.33,1.03,7.52,24,9.0,73.0,1.0,0.0,1.0,0.0,0.0,0.0,0.0,0.0,0.0,0.0,1.0,1.0,27.0,53950.0,9555.0,0.0,0.17999999999999972,0.06999999999999984,0.25,0.870000000000001,35.599999999999966,13.300000000000011,27.0,7.6000000000000085,1.0,0.0,3.0,4.0
451,Marcus,Rashford,Rashford,u,Has joined Barcelona on loan for the rest of the season,,7.0,39,23.0,0.0,688,288.0,0.0,806.0,363.0,0,0,0.0,0,0.0,0,1,0.0,0.0,0.0,0.0,0.0,809.0,363.0,0.0,0.0,809.0,363.0,809.0,363.0,809.0,363.0,809.0,363.0,,,,,,,,0.0,0.0,0.0,0.0,0.0,0.0,0.0,0.0,0.0,24,0.0,0.0,0.0,0.0,0.0,0.0,0.0,0.0,0.0,0.0,0.0,0.0,0.0,0.0,0.0,0.0,1.0,0.0,0.0,0.0,0.0,0.0,0.0,0.0,0.0,0.0,0.0,0.0,0.0,0.0
452,Amad,Diallo,Amad,a,,,6.2,78,51.0,1.6,146,47.0,1.4,258.0,114.0,2,0,0.0,-3,3.0,6896,3492,0.2,10.2,1.4,1.4,3.5,124.0,59.0,100.0,100.0,135.0,46.0,31.0,30.0,38.0,22.0,38.0,28.0,,,,,,,,0.24,0.19,0.43,1.17,0.0,0.18,1.35,1.04,7.96,24,2.0,90.0,0.0,0.0,0.0,2.0,0.0,0.0,0.0,0.0,0.0,0.0,1.0,0.0,20.0,8455.0,3710.0,0.0,0.14000000000000012,0.2999999999999998,0.4399999999999995,1.9699999999999989,19.80000000000001,18.899999999999977,28.0,6.700000000000003,2.0,3.0,5.0,10.0
454,Antony,dos Santos,Antony,u,has joined Real Betis permanently.,,5.9,100,65.0,0.1,557,205.0,0.0,798.0,358.0,0,0,0.0,-1,1.0,0,6,0.0,0.0,0.0,0.0,0.0,802.0,359.0,0.0,0.0,802.0,359.0,802.0,359.0,802.0,359.0,802.0,359.0,,,,,,,,0.0,0.0,0.0,0.0,0.0,0.0,0.0,0.0,0.0,24,0.0,0.0,0.0,0.0,0.0,0.0,0.0,0.0,0.0,0.0,0.0,0.0,0.0,0.0,0.0,0.0,6.0,0.0,0.0,0.0,0.0,0.0,0.0,0.0,0.0,0.0,0.0,0.0,0.0,0.0
455,Mason,Mount,Mount,d,Knock - 75% chance of playing,,5.9,96,61.0,0.4,288,96.0,0.4,366.0,162.0,0,0,0.0,-1,1.0,322,922,0.1,7.8,0.3,0.4,2.7,236.0,103.0,75.0,100.0,264.0,114.0,131.0,93.0,140.0,82.0,199.0,102.0,3.0,,,,,,,0.17,0.16,0.33,1.14,0.0,0.33,1.55,1.11,6.87,24,0.0,0.0,0.0,0.0,0.0,0.0,0.0,0.0,0.0,0.0,0.0,0.0,0.0,0.0,0.0,347.0,1026.0,0.0,0.0,0.0,0.0,0.0,0.0,0.0,0.0,0.0,0.0,0.0,0.0,0.0
457,Carlos Henrique,Casimiro,Casemiro,a,,,5.5,136,83.0,1.4,155,51.0,5.8,13.0,9.0,13,0,0.0,0,0.0,14817,2083,1.1,19.1,5.8,5.8,4.8,19.0,9.0,100.0,100.0,46.0,12.0,65.0,49.0,50.0,30.0,36.0,27.0,,,,,,,,0.23,0.11,0.34,1.01,0.0,0.35,1.1,1.22,11.92,24,13.0,74.0,1.0,1.0,1.0,0.0,0.0,0.0,0.0,1.0,0.0,0.0,1.0,3.0,40.0,15226.0,2423.0,0.0,0.18999999999999995,0.1299999999999999,0.3199999999999994,0.870000000000001,62.799999999999955,16.0,33.0,11.200000000000003,3.0,4.0,3.0,10.0
458,Kobbie,Mainoo,Mainoo,a,,,4.6,399,246.0,0.6,224,77.0,2.6,147.0,65.0,4,0,0.0,-4,4.0,4241,876,0.6,5.2,2.6,2.6,1.6,381.0,168.0,100.0,100.0,306.0,136.0,185.0,124.0,329.0,172.0,305.0,147.0,,,,,,,,0.03,0.06,0.09,1.42,0.0,0.18,1.99,0.54,9.94,24,4.0,90.0,0.0,0.0,0.0,2.0,0.0,0.0,0.0,0.0,0.0,0.0,1.0,0.0,17.0,4726.0,941.0,0.0,0.03,0.020000000000000018,0.04999999999999999,1.9699999999999998,25.799999999999997,15.099999999999994,4.0,4.5,4.0,4.0,4.0,12.0
459,Manuel,Ugarte Ribeiro,Ugarte,a,,,4.7,383,239.0,0.2,405,136.0,1.6,228.0,100.0,1,0,0.0,-3,3.0,166,309,0.3,6.4,1.6,1.6,1.8,355.0,159.0,,,301.0,135.0,291.0,167.0,331.0,174.0,340.0,164.0,,,,,,,,0.04,0.02,0.06,1.76,0.0,0.12,2.42,0.85,14.38,24,1.0,15.0,0.0,0.0,0.0,2.0,0.0,0.0,0.0,0.0,0.0,0.0,0.0,0.0,5.0,175.0,340.0,0.0,0.0,0.0,0.0,1.1100000000000012,6.6000000000000085,0.8999999999999986,0.0,0.8000000000000007,2.0,2.0,0.0,4.0
460,Toby,Collyer,Collyer,a,,,4.5,442,264.0,0.0,651,265.0,0.0,645.0,244.0,0,0,0.0,0,0.0,6,13,0.0,0.0,0.0,0.0,0.0,695.0,278.0,100.0,100.0,690.0,273.0,688.0,276.0,668.0,268.0,692.0,275.0,,,,,,,,0.0,0.0,0.0,0.0,0.0,0.0,0.0,0.0,0.0,24,0.0,0.0,0.0,0.0,0.0,0.0,0.0,0.0,0.0,0.0,0.0,0.0,0.0,0.0,0.0,7.0,13.0,0.0,0.0,0.0,0.0,0.0,0.0,0.0,0.0,0.0,0.0,0.0,0.0,0.0
461,Jayce,Fitzgerald,Fitzgerald,a,,,4.3,609,355.0,0.0,611,234.0,0.0,579.0,204.0,0,0,0.0,-2,2.0,28,20,0.0,0.0,0.0,0.0,0.0,641.0,243.0,,,632.0,234.0,629.0,239.0,602.0,227.0,634.0,236.0,,,,,,,,0.0,0.0,0.0,0.0,0.0,0.0,0.0,0.0,0.0,24,0.0,0.0,0.0,0.0,0.0,0.0,0.0,0.0,0.0,0.0,0.0,0.0,0.0,0.0,0.0,30.0,22.0,0.0,0.0,0.0,0.0,0.0,0.0,0.0,0.0,0.0,0.0,0.0,0.0,0.0
462,Jack,Fletcher,J.Fletcher,a,,,4.3,606,352.0,0.1,504,178.0,0.0,576.0,201.0,0,0,0.0,-2,2.0,94,119,0.0,0.7,0.0,0.0,1.0,449.0,197.0,,,433.0,194.0,371.0,191.0,410.0,201.0,435.0,196.0,,,,,,,,0.03,0.02,0.05,1.56,0.0,0.0,0.0,0.0,9.25,24,0.0,0.0,0.0,0.0,0.0,0.0,0.0,0.0,0.0,0.0,0.0,0.0,0.0,0.0,0.0,103.0,136.0,0.0,0.0,0.0,0.0,0.0,0.0,0.0,0.0,0.0,0.0,0.0,0.0,0.0
464,Jack,Moorhouse,Moorhouse,u,has joined Leyton Orient on loan for the rest of the season.,,4.5,468,285.0,0.0,679,282.0,0.0,663.0,261.0,0,0,0.0,0,0.0,0,5,0.0,0.0,0.0,0.0,0.0,711.0,293.0,0.0,0.0,709.0,291.0,705.0,292.0,686.0,285.0,710.0,292.0,,,,,,,,0.0,0.0,0.0,0.0,0.0,0.0,0.0,0.0,0.0,24,0.0,0.0,0.0,0.0,0.0,0.0,0.0,0.0,0.0,0.0,0.0,0.0,0.0,0.0,0.0,0.0,5.0,0.0,0.0,0.0,0.0,0.0,0.0,0.0,0.0,0.0,0.0,0.0,0.0,0.0
465,Rasmus,Højlund,Højlund,u,has joined Napoli on loan for the rest of the season.,,6.3,70,22.0,0.3,334,55.0,0.0,800.0,85.0,0,0,0.0,-2,2.0,0,27,0.0,0.0,0.0,0.0,0.0,804.0,88.0,0.0,0.0,804.0,88.0,804.0,88.0,804.0,88.0,804.0,88.0,,,,,,,,0.0,0.0,0.0,0.0,0.0,0.0,0.0,0.0,0.0,24,0.0,0.0,0.0,0.0,0.0,0.0,0.0,0.0,0.0,0.0,0.0,0.0,0.0,0.0,0.0,0.0,27.0,0.0,0.0,0.0,0.0,0.0,0.0,0.0,0.0,0.0,0.0,0.0,0.0,0.0
466,Joshua,Zirkzee,Zirkzee,a,,,5.8,109,31.0,0.4,267,43.0,1.0,289.0,38.0,0,0,0.0,-2,2.0,88,845,0.2,5.7,1.0,0.8,2.4,277.0,30.0,100.0,75.0,282.0,27.0,192.0,17.0,130.0,32.0,239.0,29.0,,,,,,,,0.33,0.05,0.38,1.2,0.0,0.19,1.31,0.75,6.36,24,0.0,0.0,0.0,0.0,0.0,0.0,0.0,0.0,0.0,0.0,0.0,0.0,0.0,0.0,0.0,94.0,907.0,0.0,0.0,0.0,0.0,0.0,0.0,0.0,0.0,0.0,0.0,0.0,0.0,0.0
468,Ethan,Wheatley,Wheatley,a,,,4.5,475,67.0,0.1,490,68.0,0.0,670.0,65.0,0,0,0.0,0,0.0,116,51,0.0,0.0,0.0,0.0,0.0,717.0,75.0,100.0,100.0,715.0,75.0,711.0,74.0,693.0,74.0,716.0,75.0,,,,,,,,0.0,0.0,0.0,0.0,0.0,0.0,0.0,0.0,0.0,24,0.0,0.0,0.0,0.0,0.0,0.0,0.0,0.0,0.0,0.0,0.0,0.0,0.0,0.0,0.0,122.0,52.0,0.0,0.0,0.0,0.0,0.0,0.0,0.0,0.0,0.0,0.0,0.0,0.0,0.0
681,Benjamin,Sesko,Šeško,a,,,7.2,33,13.0,3.3,100,18.0,4.4,45.0,9.0,6,0,0.0,-3,3.0,5023,3725,0.6,8.6,4.4,4.4,3.3,148.0,15.0,100.0,100.0,184.0,14.0,196.0,18.0,19.0,11.0,70.0,13.0,,,,,,,,0.47,0.02,0.49,1.42,0.0,0.08,1.95,0.93,3.89,24,6.0,16.0,1.0,0.0,0.0,2.0,0.0,0.0,0.0,0.0,0.0,0.0,0.0,1.0,27.0,5394.0,4110.0,0.0,0.5999999999999996,0.0,0.5999999999999996,1.1099999999999977,29.200000000000017,1.2999999999999972,28.0,5.900000000000006,0.0,0.0,2.0,2.0
733,Senne,Lammens,Lammens,a,,,5.0,260,9.0,1.9,137,18.0,2.6,152.0,15.0,2,0,0.0,0,0.0,4128,2854,0.5,10.2,2.6,2.6,2.8,218.0,19.0,,,106.0,16.0,771.0,90.0,437.0,1.0,275.0,17.0,,,,,,,,0.0,0.0,0.0,1.18,2.28,0.17,1.39,1.0,0.0,24,2.0,90.0,0.0,0.0,0.0,2.0,0.0,0.0,0.0,0.0,0.0,4.0,1.0,0.0,11.0,4590.0,3104.0,0.0,0.0,0.0,0.0,1.9699999999999989,27.19999999999999,0.0,0.0,2.700000000000003,0.0,2.0,8.0,0.0
755,Shea,Lacey,Lacey,a,,,4.5,478,292.0,0.0,704,297.0,0.2,391.0,175.0,0,0,0.0,0,0.0,55,65,0.0,0.4,0.2,0.2,1.0,465.0,211.0,100.0,100.0,462.0,211.0,447.0,216.0,381.0,191.0,461.0,211.0,,,,,,,,0.52,0.0,0.52,0.82,0.0,0.0,0.0,0.0,7.5,24,0.0,0.0,0.0,0.0,0.0,0.0,0.0,0.0,0.0,0.0,0.0,0.0,0.0,0.0,0.0,65.0,74.0,0.0,0.0,0.0,0.0,0.0,0.0,0.0,0.0,0.0,0.0,0.0,0.0,0.0
769,Bendito,Mantato,Bendito Mantato,a,,,4.5,477,291.0,0.0,781,341.0,0.0,672.0,267.0,0,0,0.0,0,0.0,8,8,0.0,0.2,0.0,0.0,1.0,464.0,210.0,,,471.0,218.0,400.0,198.0,695.0,291.0,463.0,213.0,,,,,,,,0.0,0.06,0.06,0.3,0.0,0.0,0.0,0.0,0.0,24,0.0,0.0,0.0,0.0,0.0,0.0,0.0,0.0,0.0,0.0,0.0,0.0,0.0,0.0,0.0,8.0,8.0,0.0,0.0,0.0,0.0,0.0,0.0,0.0,0.0,0.0,0.0,0.0,0.0,0.0
771,Tyler,Fletcher,Fletcher,a,,,4.4,545,328.0,0.0,757,326.0,0.0,606.0,220.0,0,0,0.0,-1,1.0,46,34,0.0,0.0,0.0,0.0,0.0,662.0,257.0,,,654.0,249.0,651.0,254.0,626.0,243.0,656.0,251.0,,,,,,,,0.0,0.0,0.0,0.0,0.0,0.0,0.0,0.0,0.0,24,0.0,0.0,0.0,0.0,0.0,0.0,0.0,0.0,0.0,0.0,0.0,0.0,0.0,0.0,0.0,48.0,37.0,0.0,0.0,0.0,0.0,0.0,0.0,0.0,0.0,0.0,0.0,0.0,0.0,0.0
788,Godwill,Kukonki,Kukonki,a,,,4.0,708,190.0,0.0,761,257.0,0.0,528.0,214.0,0,0,0.0,0,0.0,7,10,0.0,0.0,0.0,0.0,0.0,602.0,228.0,,,592.0,227.0,585.0,227.0,553.0,223.0,594.0,227.0,,,,,,,,0.0,0.0,0.0,0.0,0.0,0.0,0.0,0.0,0.0,24,0.0,0.0,0.0,0.0,0.0,0.0,0.0,0.0,0.0,0.0,0.0,0.0,0.0,0.0,0.0,7.0,11.0,0.0,0.0,0.0,0.0,0.0,0.0,0.0,0.0,0.0,0.0,0.0,0.0,0.0
52,Jacob,Ramsey,J.Ramsey,a,,,5.3,193,121.0,0.2,365,122.0,0.8,306.0,137.0,1,0,0.0,-2,2.0,173,129,0.2,3.0,0.8,0.3,1.1,433.0,195.0,100.0,100.0,367.0,163.0,175.0,118.0,266.0,144.0,309.0,149.0,,,,,,,,0.06,0.09,0.15,1.69,0.0,0.0,2.26,0.71,9.89,24,1.0,90.0,0.0,0.0,0.0,4.0,0.0,0.0,0.0,1.0,0.0,0.0,1.0,0.0,4.0,182.0,135.0,0.0,0.0,0.010000000000000009,0.010000000000000009,2.2799999999999994,0.20000000000000284,1.5999999999999943,0.0,0.1999999999999993,0.0,0.0,2.0,2.0
135,Yoane,Wissa,Wissa,a,,,7.3,24,9.0,0.8,198,32.0,1.4,260.0,34.0,1,0,0.0,-2,2.0,1235,4644,0.2,2.2,1.4,0.9,1.6,391.0,47.0,100.0,100.0,395.0,42.0,357.0,45.0,186.0,41.0,352.0,42.0,,,,,,,,0.41,0.11,0.52,1.2,0.0,0.26,1.32,0.79,4.21,24,1.0,17.0,0.0,0.0,0.0,1.0,0.0,0.0,0.0,0.0,0.0,0.0,0.0,0.0,2.0,1399.0,5151.0,0.0,0.0,0.0,0.0,0.2699999999999996,1.0,0.29999999999999716,2.0,0.3000000000000007,0.0,1.0,1.0,2.0
469,Nick,Pope,Pope,a,,,5.1,224,6.0,4.9,76,13.0,3.6,76.0,7.0,1,0,0.0,1,-1.0,2047,3201,0.7,14.7,3.6,3.1,4.2,53.0,3.0,100.0,100.0,66.0,13.0,784.0,91.0,778.0,88.0,243.0,14.0,,,,,,,,0.0,0.0,0.0,1.11,3.14,0.39,1.29,1.01,0.0,24,1.0,90.0,0.0,0.0,0.0,4.0,0.0,0.0,0.0,0.0,0.0,3.0,1.0,0.0,310.0,2115.0,3907.0,0.0,0.0,0.0,0.0,2.280000000000001,13.0,0.0,0.0,1.2999999999999972,0.0,0.0,15.0,0.0
471,Mark,Gillespie,Gillespie,a,,,3.9,734,70.0,0.1,430,65.0,0.0,448.0,32.0,0,0,0.0,-1,1.0,15,40,0.0,0.0,0.0,-0.5,0.0,526.0,38.0,,,516.0,38.0,506.0,24.0,471.0,9.0,518.0,38.0,,,,,,,,0.0,0.0,0.0,0.0,0.0,0.0,0.0,0.0,0.0,24,0.0,0.0,0.0,0.0,0.0,0.0,0.0,0.0,0.0,0.0,0.0,0.0,0.0,0.0,0.0,16.0,41.0,0.0,0.0,0.0,0.0,0.0,0.0,0.0,0.0,0.0,0.0,0.0,0.0,0.0
472,Odysseas,Vlachodimos,Odysseas,u,Has joined Sevilla on loan for the rest of the season.,,4.0,659,44.0,0.0,700,81.0,0.0,485.0,57.0,0,0,0.0,0,0.0,0,3,0.0,0.0,0.0,0.0,0.0,562.0,63.0,0.0,0.0,552.0,63.0,544.0,51.0,510.0,36.0,554.0,63.0,,,,,,,,0.0,0.0,0.0,0.0,0.0,0.0,0.0,0.0,0.0,24,0.0,0.0,0.0,0.0,0.0,0.0,0.0,0.0,0.0,0.0,0.0,0.0,0.0,0.0,0.0,0.0,3.0,0.0,0.0,0.0,0.0,0.0,0.0,0.0,0.0,0.0,0.0,0.0,0.0,0.0
473,Lewis,Hall,Hall,a,,,5.3,200,25.0,3.0,106,42.0,4.6,32.0,7.0,3,0,0.0,-2,2.0,8663,4197,0.9,10.4,4.6,4.1,3.2,161.0,63.0,100.0,100.0,125.0,54.0,102.0,23.0,224.0,59.0,138.0,45.0,4.0,,,,,,,0.04,0.13,0.17,1.32,0.0,0.22,1.56,0.97,8.05,24,3.0,88.0,0.0,0.0,0.0,3.0,0.0,0.0,0.0,0.0,0.0,0.0,1.0,0.0,2.0,8989.0,6214.0,0.0,0.0,0.08000000000000007,0.08000000000000007,2.01,24.200000000000045,25.80000000000001,2.0,5.199999999999996,3.0,7.0,4.0,10.0
474,Fabian,Schär,Schär,i,Ankle injury - Expected back 18 Apr,,5.2,206,27.0,1.3,164,61.0,2.2,182.0,64.0,0,-1,1.0,-3,3.0,21,2960,0.4,9.8,0.0,0.0,3.2,159.0,62.0,0.0,0.0,159.0,67.0,285.0,92.0,211.0,55.0,225.0,76.0,,3.0,4.0,,,,,0.08,0.05,0.13,1.14,0.0,0.33,1.07,0.91,9.5,24,0.0,0.0,0.0,0.0,0.0,0.0,0.0,0.0,0.0,0.0,0.0,0.0,0.0,0.0,0.0,22.0,3276.0,0.0,0.0,0.0,0.0,0.0,0.0,0.0,0.0,0.0,0.0,0.0,0.0,0.0
475,Sven,Botman,Botman,a,,,4.9,312,50.0,0.4,286,110.0,2.4,166.0,57.0,0,0,0.0,-1,1.0,368,243,0.5,9.0,2.4,1.9,3.4,130.0,47.0,100.0,100.0,191.0,76.0,322.0,108.0,259.0,75.0,266.0,89.0,,,,,,,,0.03,0.03,0.06,1.12,0.0,0.41,1.33,1.02,8.9,24,0.0,0.0,0.0,0.0,0.0,0.0,0.0,0.0,0.0,0.0,0.0,0.0,0.0,0.0,0.0,391.0,260.0,0.0,0.0,0.0,0.0,0.0,0.0,0.0,0.0,0.0,0.0,0.0,0.0,0.0
476,Dan,Burn,Burn,a,,,5.0,242,37.0,3.2,102,38.0,0.2,404.0,149.0,1,0,0.0,0,0.0,2938,1046,0.0,13.6,0.2,-0.3,4.2,52.0,21.0,100.0,100.0,158.0,66.0,273.0,86.0,269.0,78.0,241.0,83.0,,,,,,,,0.01,0.02,0.03,0.98,0.0,0.4,1.41,1.07,9.03,24,1.0,90.0,0.0,0.0,0.0,4.0,0.0,0.0,0.0,1.0,0.0,0.0,1.0,0.0,189.0,3047.0,1174.0,0.0,0.0,0.0,0.0,2.2799999999999994,21.80000000000001,0.29999999999999716,6.0,2.8000000000000043,1.0,13.0,2.0,14.0
477,Tino,Livramento,Livramento,i,Hamstring injury - Expected back 14 Mar,,4.9,327,54.0,2.0,131,51.0,0.4,358.0,136.0,0,0,0.0,-1,1.0,13,1790,0.1,10.0,0.0,0.0,3.8,88.0,31.0,0.0,0.0,243.0,100.0,145.0,37.0,324.0,103.0,252.0,86.0,,,,,,,,0.01,0.05,0.06,0.94,0.0,0.43,0.86,0.94,4.98,24,0.0,0.0,0.0,0.0,0.0,0.0,0.0,0.0,0.0,0.0,0.0,0.0,0.0,0.0,0.0,15.0,1981.0,0.0,0.0,0.0,0.0,0.0,0.0,0.0,0.0,0.0,0.0,0.0,0.0,0.0
478,Kieran,Trippier,Trippier,a,,,4.9,286,45.0,1.3,166,62.0,1.6,229.0,84.0,1,0,0.0,-1,1.0,942,380,0.3,7.8,1.6,1.1,3.2,155.0,60.0,100.0,100.0,258.0,105.0,55.0,10.0,411.0,154.0,206.0,67.0,2.0,2.0,,,,,,0.0,0.15,0.15,1.03,0.0,0.47,1.4,1.03,4.3,24,1.0,83.0,0.0,0.0,0.0,3.0,0.0,0.0,0.0,0.0,0.0,0.0,1.0,0.0,3.0,973.0,407.0,0.0,0.0,0.1100000000000001,0.1100000000000001,2.01,22.200000000000017,48.200000000000045,0.0,7.0,2.0,6.0,4.0,8.0
480,Jamaal,Lascelles,Lascelles,d,Lack of match fitness - 25% chance of playing,,4.3,569,121.0,0.1,582,210.0,0.0,563.0,237.0,0,0,0.0,-2,2.0,3,25,0.0,0.2,0.0,-0.1,0.5,498.0,174.0,25.0,25.0,444.0,165.0,615.0,246.0,401.0,151.0,456.0,164.0,,,,,,,,0.19,0.0,0.19,2.61,0.0,0.0,9.47,0.0,23.68,24,0.0,0.0,0.0,0.0,0.0,0.0,0.0,0.0,0.0,0.0,0.0,0.0,0.0,0.0,0.0,3.0,25.0,0.0,0.0,0.0,0.0,0.0,0.0,0.0,0.0,0.0,0.0,0.0,0.0,0.0
481,Alex,Murphy,A.Murphy,a,,,3.8,798,251.0,0.7,215,82.0,0.2,375.0,141.0,1,0,0.0,-2,2.0,597,446,0.1,0.3,0.2,-0.3,1.0,436.0,158.0,,,469.0,169.0,493.0,188.0,457.0,180.0,486.0,172.0,,,,,,,,0.0,0.0,0.0,24.3,0.0,0.0,90.0,0.0,90.0,24,1.0,1.0,0.0,0.0,0.0,1.0,0.0,0.0,0.0,0.0,0.0,0.0,0.0,0.0,-1.0,622.0,470.0,0.0,0.0,0.0,0.0,0.27,2.2,0.0,0.0,0.2,0.0,1.0,0.0,1.0
488,Bruno,Guimarães Rodriguez Moura,Bruno G.,d,Ankle injury - 75% chance of playing,,7.2,31,19.0,15.9,21,8.0,4.8,29.0,16.0,0,0,0.0,7,-7.0,11199,133630,0.7,16.7,3.6,4.3,5.7,7.0,4.0,75.0,100.0,13.0,4.0,12.0,12.0,44.0,27.0,13.0,11.0,,,,,,,,0.2,0.14,0.34,1.12,0.0,0.29,1.32,0.98,8.71,24,0.0,0.0,0.0,0.0,0.0,0.0,0.0,0.0,0.0,0.0,0.0,0.0,0.0,0.0,0.0,12196.0,145581.0,0.0,0.0,0.0,0.0,0.0,0.0,0.0,0.0,0.0,0.0,0.0,0.0,0.0
489,Jacob,Murphy,J.Murphy,a,,,5.9,92,58.0,0.6,231,80.0,1.0,290.0,130.0,1,0,0.0,-6,6.0,361,376,0.2,8.8,1.0,0.5,2.7,235.0,102.0,100.0,100.0,221.0,94.0,71.0,53.0,70.0,45.0,101.0,57.0,,,,,,,,0.24,0.21,0.45,1.05,0.0,0.53,0.88,1.06,3.96,24,1.0,17.0,0.0,0.0,0.0,1.0,0.0,0.0,0.0,0.0,0.0,0.0,0.0,0.0,3.0,384.0,434.0,0.0,0.0,0.010000000000000231,0.009999999999999787,0.2699999999999996,1.6000000000000227,0.19999999999998863,0.0,0.20000000000000284,0.0,1.0,1.0,2.0
490,Joelinton Cássio,Apolinário de Lira,Joelinton,i,Groin Injury - Unknown return date,,5.9,95,60.0,0.3,304,104.0,3.2,104.0,46.0,0,0,0.0,-1,1.0,21,2314,0.5,9.5,0.0,0.0,2.9,208.0,89.0,0.0,0.0,185.0,76.0,122.0,86.0,69.0,44.0,113.0,61.0,,,,,,,,0.12,0.06,0.18,1.14,0.0,0.33,1.19,1.12,11.28,24,0.0,0.0,0.0,0.0,0.0,0.0,0.0,0.0,0.0,0.0,0.0,0.0,0.0,0.0,0.0,21.0,2531.0,0.0,0.0,0.0,0.0,0.0,0.0,0.0,0.0,0.0,0.0,0.0,0.0,0.0
491,Sandro,Tonali,Tonali,a,,,5.3,196,122.0,1.0,187,62.0,2.4,168.0,75.0,2,0,0.0,-2,2.0,1104,1007,0.5,10.9,2.4,1.9,2.4,275.0,119.0,100.0,100.0,179.0,72.0,64.0,48.0,161.0,90.0,118.0,65.0,1.0,1.0,,,,,,0.07,0.08,0.15,1.1,0.0,0.38,1.19,1.13,9.56,24,2.0,90.0,0.0,0.0,0.0,4.0,0.0,0.0,0.0,0.0,0.0,0.0,1.0,0.0,11.0,1163.0,1102.0,0.0,0.030000000000000027,0.010000000000000009,0.040000000000000036,2.280000000000001,2.3999999999999773,2.3000000000000114,3.0,0.7999999999999972,0.0,1.0,5.0,6.0
492,Antoñito,Cordero Campillo,Antoñito C.,u,has joined Cadiz on loan for the rest of the season.,,4.9,346,216.0,0.0,667,274.0,0.0,740.0,317.0,0,0,0.0,-1,1.0,0,1,0.0,0.0,0.0,0.0,0.0,769.0,335.0,0.0,0.0,769.0,335.0,765.0,335.0,757.0,333.0,769.0,335.0,,,,,,,,0.0,0.0,0.0,0.0,0.0,0.0,0.0,0.0,0.0,24,0.0,0.0,0.0,0.0,0.0,0.0,0.0,0.0,0.0,0.0,0.0,0.0,0.0,0.0,0.0,0.0,1.0,0.0,0.0,0.0,0.0,0.0,0.0,0.0,0.0,0.0,0.0,0.0,0.0,0.0
494,Joe,Willock,Willock,a,,,5.0,248,150.0,0.1,510,180.0,0.8,303.0,135.0,2,0,0.0,0,0.0,201,84,0.2,3.4,0.8,0.3,1.3,419.0,187.0,100.0,100.0,403.0,177.0,311.0,176.0,318.0,166.0,383.0,178.0,,,,,,,,0.17,0.05,0.22,1.7,0.0,0.58,1.74,0.87,9.26,24,2.0,72.0,0.0,0.0,0.0,3.0,0.0,0.0,0.0,0.0,0.0,0.0,1.0,0.0,7.0,217.0,86.0,0.0,0.0,0.06000000000000001,0.06000000000000005,2.01,2.3999999999999986,1.7000000000000028,10.0,1.4000000000000004,0.0,1.0,5.0,6.0
497,Lewis,Miley,L.Miley,a,,,4.5,460,279.0,3.4,96,30.0,2.8,129.0,56.0,0,0,0.0,0,0.0,4086,6278,0.6,12.9,2.8,2.3,3.1,171.0,73.0,100.0,100.0,170.0,66.0,119.0,84.0,173.0,98.0,153.0,84.0,,,,,,,,0.11,0.16,0.27,1.08,0.0,0.16,1.27,0.87,9.77,24,0.0,0.0,0.0,0.0,0.0,0.0,0.0,0.0,0.0,0.0,0.0,0.0,0.0,0.0,0.0,4660.0,7533.0,0.0,0.0,0.0,0.0,0.0,0.0,0.0,0.0,0.0,0.0,0.0,0.0,0.0
498,Joe,White,White,u,has joined Bradford City on loan for the rest of the season.,,4.5,435,260.0,0.0,754,324.0,0.0,642.0,241.0,0,0,0.0,0,0.0,0,2,0.0,0.0,0.0,0.0,0.0,692.0,275.0,0.0,0.0,687.0,270.0,685.0,273.0,664.0,265.0,689.0,272.0,,,,,,,,0.0,0.0,0.0,0.0,0.0,0.0,0.0,0.0,0.0,24,0.0,0.0,0.0,0.0,0.0,0.0,0.0,0.0,0.0,0.0,0.0,0.0,0.0,0.0,0.0,0.0,3.0,0.0,0.0,0.0,0.0,0.0,0.0,0.0,0.0,0.0,0.0,0.0,0.0,0.0
500,William,Osula,Osula,a,,,5.4,182,44.0,0.2,372,59.0,0.2,412.0,47.0,1,0,0.0,-1,1.0,108,46,0.0,3.5,0.2,-0.3,1.7,372.0,44.0,100.0,100.0,399.0,43.0,393.0,50.0,267.0,47.0,388.0,47.0,,,,,,,,0.26,0.01,0.27,1.45,0.0,0.41,2.05,0.41,3.29,24,1.0,6.0,0.0,0.0,0.0,1.0,0.0,0.0,0.0,0.0,0.0,0.0,0.0,0.0,3.0,114.0,47.0,0.0,0.0,0.0,0.0,0.27,0.0,0.0,0.0,0.0,0.0,0.0,0.0,0.0
501,Sean,Neave,Neave,a,,,4.3,615,85.0,0.2,346,56.0,0.0,585.0,55.0,0,0,0.0,-2,2.0,212,175,0.0,0.0,0.0,-0.5,0.0,645.0,65.0,,,636.0,65.0,633.0,64.0,607.0,64.0,638.0,65.0,,,,,,,,0.0,0.0,0.0,0.0,0.0,0.0,0.0,0.0,0.0,24,0.0,0.0,0.0,0.0,0.0,0.0,0.0,0.0,0.0,0.0,0.0,0.0,0.0,0.0,0.0,222.0,186.0,0.0,0.0,0.0,0.0,0.0,0.0,0.0,0.0,0.0,0.0,0.0,0.0,0.0
674,Aaron,Ramsdale,Ramsdale,a,,,4.8,362,15.0,0.7,216,28.0,0.0,710.0,91.0,0,0,0.0,-2,2.0,163,573,0.0,2.3,0.0,-0.5,1.6,383.0,29.0,,,331.0,26.0,414.0,10.0,735.0,81.0,395.0,25.0,,,,,,,,0.0,0.0,0.0,1.3,1.63,0.0,1.63,0.98,0.0,24,0.0,0.0,0.0,0.0,0.0,0.0,0.0,0.0,0.0,0.0,0.0,0.0,0.0,0.0,0.0,168.0,682.0,0.0,0.0,0.0,0.0,0.0,0.0,0.0,0.0,0.0,0.0,0.0,0.0,0.0
220,Robert,Lynch Sánchez,Sánchez,a,,,4.9,310,13.0,14.8,22,3.0,3.6,74.0,5.0,2,0,0.0,-1,1.0,18545,11398,0.7,18.4,3.6,3.6,3.9,76.0,6.0,100.0,100.0,21.0,7.0,317.0,1.0,745.0,84.0,161.0,4.0,,,,,,,,0.0,0.0,0.0,1.42,2.86,0.41,1.18,1.04,0.0,24,2.0,90.0,0.0,0.0,0.0,2.0,0.0,0.0,0.0,0.0,0.0,4.0,1.0,0.0,17.0,23772.0,12774.0,0.0,0.0,0.009999999999999998,0.009999999999999998,1.1199999999999974,33.39999999999998,0.0,0.0,3.3000000000000043,0.0,0.0,12.0,0.0
221,Filip,Jörgensen,Jörgensen,a,,,4.3,601,29.0,0.2,390,57.0,0.4,346.0,23.0,0,0,0.0,-2,2.0,82,111,0.1,0.7,0.4,0.4,1.5,394.0,30.0,100.0,100.0,417.0,30.0,623.0,80.0,596.0,67.0,447.0,30.0,,,,,,,,0.0,0.0,0.0,1.44,1.55,0.0,1.55,0.52,0.0,24,0.0,0.0,0.0,0.0,0.0,0.0,0.0,0.0,0.0,0.0,0.0,0.0,0.0,0.0,0.0,86.0,125.0,0.0,0.0,0.0,0.0,0.0,0.0,0.0,0.0,0.0,0.0,0.0,0.0,0.0
222,Mike,Penders,Penders,u,Has joined RC Strasbourg on loan for the rest of the season.,,4.0,702,63.0,0.0,780,88.0,0.0,522.0,75.0,0,0,0.0,0,0.0,0,1,0.0,0.0,0.0,0.0,0.0,597.0,81.0,0.0,0.0,587.0,81.0,580.0,70.0,548.0,55.0,589.0,81.0,,,,,,,,0.0,0.0,0.0,0.0,0.0,0.0,0.0,0.0,0.0,24,0.0,0.0,0.0,0.0,0.0,0.0,0.0,0.0,0.0,0.0,0.0,0.0,0.0,0.0,0.0,0.0,1.0,0.0,0.0,0.0,0.0,0.0,0.0,0.0,0.0,0.0,0.0,0.0,0.0,0.0
223,Gabriel,Słonina,Slonina,a,,,3.9,755,81.0,0.1,450,69.0,0.0,463.0,43.0,0,0,0.0,-1,1.0,26,99,0.0,0.0,0.0,0.0,0.0,540.0,49.0,,,530.0,49.0,520.0,35.0,485.0,20.0,532.0,49.0,,,,,,,,0.0,0.0,0.0,0.0,0.0,0.0,0.0,0.0,0.0,24,0.0,0.0,0.0,0.0,0.0,0.0,0.0,0.0,0.0,0.0,0.0,0.0,0.0,0.0,0.0,27.0,103.0,0.0,0.0,0.0,0.0,0.0,0.0,0.0,0.0,0.0,0.0,0.0,0.0,0.0
224,Marc,Cucurella Saseta,Cucurella,a,,,6.0,86,3.0,16.5,20,7.0,2.6,156.0,51.0,7,0,0.0,0,0.0,31040,4796,0.4,14.2,2.6,2.6,3.9,82.0,29.0,100.0,100.0,87.0,39.0,51.0,9.0,123.0,23.0,66.0,12.0,,,,,,,,0.08,0.12,0.2,1.37,0.0,0.46,1.03,1.03,6.69,24,7.0,45.0,1.0,0.0,0.0,0.0,0.0,0.0,0.0,0.0,0.0,0.0,0.0,0.0,27.0,32631.0,5484.0,0.0,0.81,0.10000000000000009,0.9099999999999997,0.6099999999999994,44.80000000000001,20.69999999999999,45.0,11.099999999999994,3.0,1.0,2.0,4.0
225,Reece,James,James,a,,,5.7,118,12.0,11.4,36,13.0,3.2,102.0,35.0,1,0,0.0,2,-2.0,11326,22507,0.6,17.0,3.2,3.2,4.2,55.0,23.0,100.0,100.0,77.0,34.0,37.0,3.0,235.0,64.0,68.0,14.0,2.0,2.0,,,,,,0.05,0.13,0.18,1.43,0.0,0.41,0.94,0.94,6.16,24,1.0,9.0,0.0,0.0,0.0,0.0,0.0,0.0,0.0,0.0,0.0,0.0,0.0,0.0,4.0,14639.0,23422.0,0.0,0.0,0.009999999999999787,0.010000000000000231,0.1999999999999993,2.1999999999999886,5.5,2.0,1.0,0.0,0.0,1.0,0.0
684,Malick,Thiaw,Thiaw,a,,,5.1,236,35.0,5.5,70,22.0,5.2,24.0,4.0,0,0,0.0,1,-1.0,12208,14468,1.0,16.7,5.2,4.7,4.0,67.0,26.0,,,28.0,12.0,269.0,84.0,98.0,11.0,91.0,22.0,,,,,,,,0.1,0.02,0.12,1.31,0.0,0.2,1.54,1.02,9.17,24,0.0,90.0,0.0,0.0,0.0,4.0,0.0,0.0,0.0,0.0,0.0,0.0,1.0,0.0,283.0,12608.0,18628.0,0.0,0.06000000000000005,0.009999999999999953,0.06999999999999984,2.280000000000001,4.800000000000068,13.299999999999997,10.0,2.799999999999997,2.0,2.0,2.0,4.0
689,Seung-Soo,Park,Seung soo,a,,,4.3,619,363.0,0.3,295,99.0,0.0,588.0,211.0,0,0,0.0,-2,2.0,2521,742,0.0,0.0,0.0,-0.5,0.0,648.0,249.0,,,639.0,240.0,636.0,245.0,610.0,234.0,641.0,242.0,,,,,,,,0.0,0.0,0.0,0.0,0.0,0.0,0.0,0.0,0.0,24,0.0,0.0,0.0,0.0,0.0,0.0,0.0,0.0,0.0,0.0,0.0,0.0,0.0,0.0,0.0,2680.0,771.0,0.0,0.0,0.0,0.0,0.0,0.0,0.0,0.0,0.0,0.0,0.0,0.0,0.0
714,Nick,Woltemade,Woltemade,a,,,7.1,36,15.0,10.6,40,7.0,2.0,196.0,24.0,1,0,0.0,1,-1.0,3264,70955,0.3,11.5,2.0,1.5,3.9,85.0,8.0,,,107.0,10.0,155.0,11.0,35.0,16.0,74.0,14.0,,,3.0,,,,,0.41,0.05,0.46,1.15,0.0,0.39,1.31,1.12,4.54,24,1.0,17.0,0.0,0.0,0.0,1.0,0.0,0.0,0.0,0.0,0.0,0.0,0.0,0.0,2.0,3538.0,78976.0,0.0,0.0,0.0,0.0,0.2699999999999996,5.399999999999977,0.5,4.0,1.0,0.0,1.0,1.0,2.0
765,Leo,Shahar,Shahar,a,,,4.0,704,186.0,0.0,672,233.0,0.0,524.0,210.0,0,0,0.0,0,0.0,79,51,0.0,0.0,0.0,-0.5,0.0,599.0,225.0,,,589.0,224.0,582.0,224.0,550.0,220.0,591.0,224.0,,,,,,,,0.0,0.0,0.0,0.0,0.0,0.0,0.0,0.0,0.0,24,0.0,0.0,0.0,0.0,0.0,0.0,0.0,0.0,0.0,0.0,0.0,0.0,0.0,0.0,0.0,84.0,53.0,0.0,0.0,0.0,0.0,0.0,0.0,0.0,0.0,0.0,0.0,0.0,0.0,0.0
772,Sam,Alabi,Alabi,a,,,4.5,508,314.0,0.0,785,345.0,0.0,697.0,287.0,0,0,0.0,0,0.0,13,6,0.0,0.0,0.0,-0.5,0.0,741.0,315.0,,,741.0,315.0,736.0,315.0,719.0,310.0,741.0,315.0,,,,,,,,0.0,0.0,0.0,0.0,0.0,0.0,0.0,0.0,0.0,24,0.0,0.0,0.0,0.0,0.0,0.0,0.0,0.0,0.0,0.0,0.0,0.0,0.0,0.0,0.0,16.0,6.0,0.0,0.0,0.0,0.0,0.0,0.0,0.0,0.0,0.0,0.0,0.0,0.0,0.0
12,Oleksandr,Zinchenko,Zinchenko,a,,,4.9,303,48.0,0.2,352,128.0,0.0,722.0,255.0,0,0,0.0,-1,1.0,229,148,0.0,1.4,0.0,0.0,1.4,408.0,149.0,100.0,100.0,351.0,133.0,256.0,76.0,361.0,125.0,357.0,124.0,,,,,,,,0.02,0.09,0.11,1.28,0.0,0.0,1.53,1.02,6.14,24,0.0,0.0,0.0,0.0,0.0,0.0,0.0,0.0,0.0,0.0,0.0,0.0,0.0,0.0,0.0,247.0,155.0,0.0,0.0,0.0,0.0,0.0,0.0,0.0,0.0,0.0,0.0,0.0,0.0,0.0
234,Aarón,Anselmino,Anselmino,a,,,4.0,723,204.0,0.1,565,203.0,0.0,541.0,226.0,0,0,0.0,0,0.0,65,19,0.0,0.0,0.0,0.0,0.0,615.0,240.0,100.0,100.0,605.0,239.0,598.0,239.0,566.0,235.0,607.0,239.0,,,,,,,,0.0,0.0,0.0,0.0,0.0,0.0,0.0,0.0,0.0,24,0.0,0.0,0.0,0.0,0.0,0.0,0.0,0.0,0.0,0.0,0.0,0.0,0.0,0.0,0.0,69.0,19.0,0.0,0.0,0.0,0.0,0.0,0.0,0.0,0.0,0.0,0.0,0.0,0.0,0.0
426,James,McAtee,McAtee,a,,,5.0,256,156.0,0.1,488,171.0,0.0,746.0,321.0,0,0,0.0,-5,5.0,93,72,0.0,1.2,0.0,0.0,0.9,491.0,231.0,,,436.0,196.0,329.0,179.0,396.0,195.0,420.0,190.0,,,,,,,,0.01,0.09,0.1,1.9,0.0,0.0,3.73,0.53,5.86,24,0.0,0.0,0.0,0.0,0.0,0.0,0.0,0.0,0.0,0.0,0.0,0.0,0.0,0.0,0.0,97.0,77.0,0.0,0.0,0.0,0.0,0.0,0.0,0.0,0.0,0.0,0.0,0.0,0.0,0.0
502,Matz,Sels,Sels,d,Groin Injury - 75% chance of playing,,4.6,393,18.0,5.7,68,12.0,4.2,47.0,2.0,1,0,0.0,-4,4.0,4072,2413,0.9,13.3,3.2,4.2,3.0,187.0,16.0,75.0,100.0,69.0,14.0,412.0,8.0,724.0,76.0,240.0,13.0,,,,,,,,0.0,0.0,0.0,1.52,2.95,0.21,1.45,1.02,0.0,24,1.0,45.0,0.0,0.0,0.0,1.0,0.0,0.0,0.0,0.0,0.0,1.0,1.0,0.0,1.0,5080.0,2852.0,0.0,0.0,0.0,0.0,1.6999999999999993,4.800000000000011,0.0,0.0,0.5,0.0,0.0,2.0,0.0
503,Carlos Miguel,dos Santos Pereira,C.Miguel,u,Has joined Palmeiras permanently.,,4.0,682,56.0,0.1,536,76.0,0.0,504.0,68.0,0,0,0.0,0,0.0,0,16,0.0,0.0,0.0,0.0,0.0,581.0,74.0,0.0,0.0,571.0,74.0,564.0,63.0,531.0,48.0,573.0,74.0,,,,,,,,0.0,0.0,0.0,0.0,0.0,0.0,0.0,0.0,0.0,24,0.0,0.0,0.0,0.0,0.0,0.0,0.0,0.0,0.0,0.0,0.0,0.0,0.0,0.0,0.0,0.0,16.0,0.0,0.0,0.0,0.0,0.0,0.0,0.0,0.0,0.0,0.0,0.0,0.0,0.0
504,Matt,Turner,Turner,u,Has joined Lyon permanently.,,4.0,667,47.0,0.1,507,75.0,0.0,491.0,59.0,0,0,0.0,0,0.0,0,18,0.0,0.0,0.0,0.0,0.0,568.0,65.0,0.0,0.0,558.0,65.0,551.0,54.0,518.0,39.0,560.0,65.0,,,,,,,,0.0,0.0,0.0,0.0,0.0,0.0,0.0,0.0,0.0,24,0.0,0.0,0.0,0.0,0.0,0.0,0.0,0.0,0.0,0.0,0.0,0.0,0.0,0.0,0.0,0.0,19.0,0.0,0.0,0.0,0.0,0.0,0.0,0.0,0.0,0.0,0.0,0.0,0.0,0.0
505,Nikola,Milenković,Milenković,a,,,5.1,230,32.0,3.2,104,40.0,4.4,40.0,12.0,3,0,0.0,-4,4.0,2344,1362,0.9,13.5,4.4,4.4,2.9,204.0,80.0,,,58.0,28.0,350.0,123.0,236.0,65.0,177.0,57.0,,,,,,,,0.03,0.02,0.05,1.44,0.0,0.21,1.46,1.0,8.42,24,3.0,90.0,0.0,0.0,0.0,1.0,0.0,0.0,0.0,1.0,0.0,0.0,1.0,0.0,7.0,2668.0,1477.0,0.0,0.0,0.0,0.0,1.9200000000000017,22.0,0.10000000000000142,0.0,2.1999999999999957,2.0,11.0,3.0,13.0
506,Murillo,Costa dos Santos,Murillo,a,,,5.2,221,30.0,2.1,127,48.0,4.6,31.0,6.0,2,0,0.0,-3,3.0,6048,1209,0.9,12.3,4.6,4.6,3.6,110.0,39.0,100.0,100.0,71.0,30.0,242.0,71.0,268.0,77.0,176.0,56.0,,3.0,,,,,,0.03,0.02,0.05,1.43,0.0,0.23,1.34,1.05,9.7,24,2.0,90.0,0.0,0.0,0.0,1.0,0.0,0.0,0.0,0.0,0.0,0.0,1.0,0.0,15.0,6823.0,1324.0,0.0,0.0,0.010000000000000009,0.010000000000000009,1.9200000000000017,17.400000000000034,11.0,0.0,2.799999999999997,1.0,3.0,8.0,4.0
507,Ola,Aina,Aina,a,,,4.7,379,64.0,2.1,124,47.0,4.2,48.0,16.0,2,0,0.0,-3,3.0,3420,559,0.9,5.7,4.2,4.2,3.4,127.0,46.0,100.0,100.0,295.0,112.0,276.0,87.0,306.0,97.0,328.0,113.0,,,,,,,,0.02,0.06,0.08,1.68,0.0,0.26,1.16,1.03,7.48,24,2.0,90.0,0.0,0.0,0.0,1.0,0.0,0.0,0.0,0.0,0.0,0.0,1.0,0.0,16.0,4285.0,669.0,0.0,0.05,0.020000000000000018,0.06999999999999995,1.92,15.199999999999989,1.2999999999999972,4.0,2.1000000000000014,1.0,6.0,8.0,7.0
508,Neco,Williams,N.Williams,s,Suspended until 11 Feb,,4.7,382,65.0,3.2,103,39.0,3.4,82.0,30.0,-2,0,0.0,-3,3.0,1922,4787,0.7,15.1,0.0,3.4,3.0,188.0,74.0,0.0,,38.0,15.0,49.0,8.0,89.0,9.0,40.0,2.0,4.0,,,,,,,0.06,0.09,0.15,1.43,0.0,0.21,1.49,1.02,6.9,24,71.0,44.0,0.0,0.0,0.0,1.0,0.0,0.0,0.0,0.0,1.0,0.0,1.0,0.0,330.0,2599.0,5021.0,0.0,0.0,0.0,0.0,0.8300000000000054,0.0,0.6000000000000227,2.0,0.0,0.0,2.0,1.0,2.0
509,David,Mota Veiga Teixeira do Carmo,David Carmo,u,has joined Real Oviedo on loan for the rest of the season.,,4.5,431,86.0,0.0,668,232.0,0.0,639.0,250.0,0,0,0.0,0,0.0,0,3,0.0,0.0,0.0,0.0,0.0,689.0,254.0,0.0,0.0,684.0,254.0,681.0,254.0,660.0,253.0,686.0,254.0,,,,,,,,0.0,0.0,0.0,0.0,0.0,0.0,0.0,0.0,0.0,24,0.0,0.0,0.0,0.0,0.0,0.0,0.0,0.0,0.0,0.0,0.0,0.0,0.0,0.0,0.0,0.0,3.0,0.0,0.0,0.0,0.0,0.0,0.0,0.0,0.0,0.0,0.0,0.0,0.0,0.0
510,Jair,Paula da Cunha Filho,Jair Cunha,a,,,4.2,644,155.0,0.1,548,198.0,0.0,558.0,235.0,0,0,0.0,-3,3.0,33,35,0.0,0.7,0.0,0.0,3.0,185.0,72.0,,,419.0,158.0,461.0,170.0,582.0,242.0,450.0,163.0,,,,,,,,0.0,0.0,0.0,3.28,0.0,0.0,2.0,1.0,11.0,24,0.0,0.0,0.0,0.0,0.0,0.0,0.0,0.0,0.0,0.0,0.0,0.0,0.0,0.0,0.0,35.0,35.0,0.0,0.0,0.0,0.0,0.0,0.0,0.0,0.0,0.0,0.0,0.0,0.0,0.0
511,Felipe,Rodrigues da Silva,Morato,a,,,4.3,588,135.0,0.1,508,183.0,0.6,318.0,118.0,1,0,0.0,-2,2.0,38,40,0.1,5.3,0.6,0.6,1.9,337.0,125.0,,,252.0,103.0,416.0,149.0,403.0,152.0,354.0,123.0,,,,,,,,0.0,0.01,0.01,1.32,0.0,0.12,1.66,0.95,9.15,24,1.0,45.0,0.0,0.0,0.0,0.0,0.0,0.0,0.0,0.0,0.0,0.0,0.0,0.0,7.0,40.0,42.0,0.0,0.0,0.0,0.0,0.3000000000000007,6.400000000000006,0.09999999999999964,2.0,0.8999999999999986,1.0,4.0,0.0,5.0
512,Omar,Richards,O.Richards,u,has joined Rio Ave on loan for the rest of the season.,,4.5,416,79.0,0.0,673,234.0,0.0,628.0,247.0,0,0,0.0,0,0.0,0,4,0.0,0.0,0.0,0.0,0.0,681.0,252.0,0.0,0.0,676.0,252.0,672.0,252.0,649.0,250.0,678.0,252.0,,,,,,,,0.0,0.0,0.0,0.0,0.0,0.0,0.0,0.0,0.0,24,0.0,0.0,0.0,0.0,0.0,0.0,0.0,0.0,0.0,0.0,0.0,0.0,0.0,0.0,0.0,0.0,4.0,0.0,0.0,0.0,0.0,0.0,0.0,0.0,0.0,0.0,0.0,0.0,0.0,0.0
513,Zach,Abbott,Abbott,a,,,3.8,801,254.0,0.3,337,125.0,0.0,438.0,173.0,0,0,0.0,-2,2.0,172,218,0.0,0.3,0.0,0.0,1.0,438.0,160.0,,,437.0,163.0,456.0,167.0,460.0,183.0,459.0,165.0,,,,,,,,0.0,0.0,0.0,1.26,0.0,0.0,2.0,0.0,14.0,24,0.0,0.0,0.0,0.0,0.0,0.0,0.0,0.0,0.0,0.0,0.0,0.0,0.0,0.0,0.0,177.0,232.0,0.0,0.0,0.0,0.0,0.0,0.0,0.0,0.0,0.0,0.0,0.0,0.0,0.0
514,Willy,Boly,Boly,a,,,3.8,777,231.0,0.4,283,108.0,0.0,419.0,155.0,0,0,0.0,-2,2.0,652,248,0.0,0.0,0.0,0.0,0.0,503.0,179.0,100.0,100.0,492.0,177.0,478.0,174.0,442.0,166.0,494.0,177.0,,,,,,,,0.0,0.0,0.0,0.0,0.0,0.0,0.0,0.0,0.0,24,0.0,0.0,0.0,0.0,0.0,0.0,0.0,0.0,0.0,0.0,0.0,0.0,0.0,0.0,0.0,688.0,267.0,0.0,0.0,0.0,0.0,0.0,0.0,0.0,0.0,0.0,0.0,0.0,0.0,0.0
743,Landon,Emenalo,Emenalo,a,,,4.5,496,306.0,0.0,720,305.0,0.0,687.0,279.0,0,0,0.0,0,0.0,7,8,0.0,0.0,0.0,0.0,0.0,732.0,308.0,,,732.0,308.0,727.0,308.0,710.0,303.0,732.0,308.0,,,,,,,,0.0,0.0,0.0,0.0,0.0,0.0,0.0,0.0,0.0,24,0.0,0.0,0.0,0.0,0.0,0.0,0.0,0.0,0.0,0.0,0.0,0.0,0.0,0.0,0.0,7.0,8.0,0.0,0.0,0.0,0.0,0.0,0.0,0.0,0.0,0.0,0.0,0.0,0.0,0.0
515,Morgan,Gibbs-White,Gibbs-White,a,,,7.3,26,16.0,3.4,98,31.0,7.0,3.0,2.0,9,0,0.0,-2,2.0,16341,2490,1.0,13.6,7.0,7.0,4.1,62.0,28.0,100.0,100.0,80.0,26.0,23.0,22.0,26.0,13.0,22.0,18.0,,2.0,2.0,,,,,0.26,0.08,0.34,1.47,0.0,0.22,1.4,1.01,5.04,24,9.0,90.0,1.0,0.0,0.0,1.0,0.0,0.0,0.0,0.0,0.0,0.0,1.0,2.0,28.0,17798.0,2820.0,0.0,0.20000000000000018,0.10000000000000009,0.2999999999999998,1.9200000000000017,40.60000000000002,36.30000000000001,29.0,10.599999999999994,1.0,0.0,2.0,3.0
516,Callum,Hudson-Odoi,Hudson-Odoi,a,,,5.7,116,72.0,0.8,206,69.0,1.8,217.0,96.0,1,0,0.0,-3,3.0,631,1209,0.3,10.5,1.8,1.8,2.7,233.0,100.0,100.0,100.0,189.0,80.0,41.0,38.0,101.0,63.0,88.0,53.0,,,,,,,,0.12,0.11,0.23,1.53,0.0,0.2,1.34,0.94,5.24,24,1.0,45.0,0.0,0.0,0.0,1.0,0.0,0.0,0.0,0.0,0.0,0.0,1.0,0.0,1.0,760.0,1307.0,0.0,0.0,0.009999999999999787,0.010000000000000231,1.6999999999999993,0.0,2.3000000000000114,0.0,0.09999999999999432,0.0,0.0,2.0,2.0
517,Elliot,Anderson,Anderson,a,,,5.3,191,119.0,4.9,75,25.0,5.6,17.0,12.0,7,0,0.0,-2,2.0,12541,4189,1.1,19.6,5.6,5.6,4.3,44.0,20.0,,,31.0,7.0,9.0,9.0,139.0,81.0,24.0,20.0,2.0,,4.0,,,,,0.08,0.09,0.17,1.44,0.0,0.21,1.46,1.0,13.88,24,7.0,90.0,0.0,0.0,0.0,1.0,0.0,0.0,0.0,0.0,0.0,0.0,1.0,3.0,30.0,15322.0,5198.0,0.0,0.07999999999999985,0.10000000000000009,0.17999999999999972,1.9200000000000017,24.999999999999943,30.09999999999991,9.0,6.400000000000006,4.0,3.0,10.0,17.0
518,João Pedro,Ferreira da Silva,Jota,u,has joined Besiktas on loan for the rest of the season.,,5.4,179,111.0,0.0,614,236.0,0.0,784.0,347.0,0,0,0.0,-1,1.0,0,4,0.0,0.2,0.0,0.0,1.0,486.0,228.0,0.0,0.0,458.0,208.0,459.0,222.0,421.0,209.0,466.0,216.0,,,,,,,,0.0,0.0,0.0,0.0,0.0,0.0,0.0,0.0,24.55,24,0.0,0.0,0.0,0.0,0.0,0.0,0.0,0.0,0.0,0.0,0.0,0.0,0.0,0.0,0.0,0.0,5.0,0.0,0.0,0.0,0.0,0.0,0.0,0.0,0.0,0.0,0.0,0.0,0.0,0.0
519,Nicolás,Domínguez,Dominguez,a,,,5.0,255,155.0,0.0,620,241.0,4.2,51.0,22.0,1,0,0.0,0,0.0,238,79,0.8,6.4,4.2,4.2,2.1,314.0,140.0,100.0,100.0,274.0,118.0,180.0,121.0,245.0,131.0,263.0,129.0,3.0,,,,,,,0.11,0.05,0.16,1.51,0.0,0.36,1.43,1.31,9.15,24,1.0,45.0,0.0,0.0,0.0,1.0,0.0,0.0,0.0,0.0,0.0,0.0,1.0,0.0,6.0,283.0,86.0,0.0,0.0,0.0,0.0,1.6199999999999992,7.0,2.1999999999999886,0.0,0.8999999999999986,3.0,0.0,0.0,3.0
520,Lewis,O'Brien,O'Brien,u,Has joined Wrexham permanently.,,5.0,253,154.0,0.0,805,359.0,0.0,745.0,320.0,0,0,0.0,0,0.0,0,1,0.0,0.0,0.0,0.0,0.0,772.0,337.0,0.0,0.0,772.0,337.0,769.0,337.0,763.0,335.0,772.0,337.0,,,,,,,,0.0,0.0,0.0,0.0,0.0,0.0,0.0,0.0,0.0,24,0.0,0.0,0.0,0.0,0.0,0.0,0.0,0.0,0.0,0.0,0.0,0.0,0.0,0.0,0.0,0.0,1.0,0.0,0.0,0.0,0.0,0.0,0.0,0.0,0.0,0.0,0.0,0.0,0.0,0.0
521,Ibrahim,Sangaré,Sangaré,a,,,4.9,307,190.0,0.1,553,202.0,2.0,188.0,83.0,2,0,0.0,-1,1.0,104,57,0.4,11.6,2.0,2.0,3.6,105.0,50.0,100.0,100.0,168.0,65.0,254.0,154.0,248.0,133.0,231.0,115.0,,,,,,,,0.07,0.09,0.16,1.48,0.0,0.4,1.11,1.11,10.87,24,2.0,90.0,0.0,0.0,0.0,1.0,0.0,0.0,0.0,0.0,0.0,0.0,1.0,0.0,10.0,119.0,59.0,0.0,0.0,0.009999999999999787,0.009999999999999787,1.9199999999999982,8.199999999999989,1.7999999999999972,0.0,1.0,1.0,3.0,3.0,7.0
522,Ryan,Yates,Yates,a,,,4.7,381,238.0,0.1,547,198.0,0.2,397.0,179.0,1,0,0.0,-3,3.0,36,22,0.0,3.4,0.2,0.2,1.3,416.0,184.0,100.0,100.0,366.0,162.0,345.0,181.0,344.0,180.0,378.0,176.0,,,,,,,,0.02,0.05,0.07,0.97,0.0,0.0,1.31,0.26,9.42,24,1.0,45.0,0.0,0.0,0.0,0.0,0.0,0.0,0.0,0.0,0.0,0.0,0.0,0.0,5.0,42.0,25.0,0.0,0.009999999999999995,0.009999999999999981,0.020000000000000018,0.2200000000000002,5.3999999999999915,10.5,1.0,1.6999999999999993,1.0,2.0,0.0,3.0
523,Eric,da Silva Moreira,Da Silva Moreira,a,,,4.5,471,287.0,0.1,573,213.0,0.0,666.0,263.0,0,0,0.0,0,0.0,18,5,0.0,0.0,0.0,0.0,0.0,713.0,294.0,100.0,100.0,711.0,292.0,707.0,293.0,689.0,287.0,712.0,293.0,,,,,,,,0.0,0.0,0.0,0.0,0.0,0.0,0.0,0.0,0.0,24,0.0,0.0,0.0,0.0,0.0,0.0,0.0,0.0,0.0,0.0,0.0,0.0,0.0,0.0,0.0,21.0,6.0,0.0,0.0,0.0,0.0,0.0,0.0,0.0,0.0,0.0,0.0,0.0,0.0,0.0
524,Marko,Stamenić,Stamenic,u,Has joined Swansea City permanently.,,4.5,447,267.0,0.0,680,283.0,0.0,648.0,247.0,0,0,0.0,0,0.0,0,1,0.0,0.0,0.0,0.0,0.0,697.0,280.0,0.0,0.0,693.0,276.0,690.0,278.0,670.0,270.0,694.0,277.0,,,,,,,,0.0,0.0,0.0,0.0,0.0,0.0,0.0,0.0,0.0,24,0.0,0.0,0.0,0.0,0.0,0.0,0.0,0.0,0.0,0.0,0.0,0.0,0.0,0.0,0.0,0.0,1.0,0.0,0.0,0.0,0.0,0.0,0.0,0.0,0.0,0.0,0.0,0.0,0.0,0.0
525,Chris,Wood,Wood,i,Knee injury - Unknown return date,,7.2,29,11.0,4.7,78,14.0,0.0,807.0,88.0,0,0,0.0,-3,3.0,24,1233,0.0,3.5,0.0,0.0,3.1,183.0,18.0,0.0,0.0,354.0,35.0,318.0,35.0,124.0,30.0,300.0,36.0,,,1.0,,,,,0.47,0.02,0.49,1.31,0.0,0.17,1.34,1.17,2.34,24,0.0,0.0,0.0,0.0,0.0,0.0,0.0,0.0,0.0,0.0,0.0,0.0,0.0,0.0,0.0,25.0,1288.0,0.0,0.0,0.0,0.0,0.0,0.0,0.0,0.0,0.0,0.0,0.0,0.0,0.0
526,Igor Jesus,Maciel da Cruz,Igor Jesus,a,,,5.8,110,32.0,1.3,162,27.0,3.4,86.0,12.0,2,0,0.0,-2,2.0,5407,2731,0.6,9.8,3.4,3.4,2.5,265.0,28.0,100.0,100.0,266.0,25.0,207.0,23.0,29.0,15.0,146.0,18.0,,,3.0,,,,,0.24,0.06,0.3,1.55,0.0,0.33,1.6,1.06,4.52,24,2.0,69.0,0.0,0.0,0.0,1.0,0.0,0.0,0.0,0.0,0.0,0.0,1.0,0.0,2.0,7241.0,3040.0,0.0,0.1200000000000001,0.0,0.11999999999999922,1.879999999999999,0.0,1.2999999999999972,14.0,1.499999999999993,0.0,1.0,1.0,2.0
527,Taiwo,Awoniyi,Awoniyi,a,,,5.2,209,47.0,0.3,317,52.0,1.2,273.0,36.0,0,0,0.0,-3,3.0,310,239,0.2,2.5,1.2,1.2,1.6,386.0,45.0,100.0,100.0,387.0,41.0,336.0,40.0,218.0,43.0,353.0,43.0,,,,,,,,0.38,0.17,0.55,1.5,0.0,0.0,0.88,0.44,5.29,24,0.0,0.0,0.0,0.0,0.0,0.0,0.0,0.0,0.0,0.0,0.0,0.0,0.0,0.0,0.0,372.0,247.0,0.0,0.0,0.0,0.0,0.0,0.0,0.0,0.0,0.0,0.0,0.0,0.0,0.0
669,Dan,Ndoye,Ndoye,a,,,5.5,148,93.0,0.7,213,72.0,0.4,364.0,161.0,1,0,0.0,-5,5.0,74,201,0.1,7.8,0.4,0.4,2.5,262.0,114.0,100.0,100.0,277.0,121.0,164.0,109.0,164.0,92.0,230.0,114.0,,,,,,,,0.07,0.11,0.18,1.23,0.0,0.17,1.4,1.22,7.51,24,1.0,20.0,0.0,0.0,0.0,0.0,0.0,0.0,0.0,0.0,0.0,0.0,0.0,0.0,2.0,84.0,221.0,0.0,0.020000000000000018,0.0,0.020000000000000018,0.03999999999999915,3.200000000000017,1.4000000000000057,6.0,1.1000000000000014,1.0,2.0,1.0,4.0
675,Angus,Gunn,Gunn,a,,,4.0,657,43.0,1.2,176,22.0,0.2,377.0,24.0,1,0,0.0,0,0.0,98,201,0.0,0.2,0.2,0.2,1.0,439.0,31.0,100.0,100.0,477.0,31.0,543.0,50.0,509.0,35.0,490.0,31.0,,,,,,,,0.0,0.0,0.0,0.44,0.0,0.0,0.0,0.0,0.0,24,1.0,45.0,0.0,0.0,0.0,0.0,0.0,0.0,0.0,0.0,0.0,0.0,0.0,0.0,4.0,102.0,215.0,0.0,0.0,0.0,0.0,0.22,1.2,0.0,0.0,0.1,0.0,1.0,4.0,0.0
693,Omari,Hutchinson,Hutchinson,a,,,5.4,178,110.0,0.1,475,164.0,1.0,287.0,129.0,0,0,0.0,-1,1.0,70,360,0.2,9.1,1.0,1.0,2.7,232.0,99.0,,,244.0,102.0,77.0,57.0,90.0,56.0,122.0,68.0,,,,,,,,0.16,0.24,0.4,1.46,0.0,0.2,1.49,0.79,7.54,24,0.0,0.0,0.0,0.0,0.0,0.0,0.0,0.0,0.0,0.0,0.0,0.0,0.0,0.0,0.0,76.0,431.0,0.0,0.0,0.0,0.0,0.0,0.0,0.0,0.0,0.0,0.0,0.0,0.0,0.0
696,Arnaud,Kalimuendo,Kalimuendo,u,has joined Eintracht Frankfurt on loan for the rest of the season.,,6.0,89,29.0,0.1,437,63.0,0.2,415.0,48.0,0,0,0.0,0,0.0,0,77,0.0,1.5,0.0,0.0,1.0,489.0,59.0,0.0,0.0,454.0,54.0,385.0,49.0,315.0,51.0,424.0,52.0,,,,,,,,0.44,0.02,0.46,1.59,0.0,0.0,3.03,0.0,6.07,24,0.0,0.0,0.0,0.0,0.0,0.0,0.0,0.0,0.0,0.0,0.0,0.0,0.0,0.0,0.0,0.0,80.0,0.0,0.0,0.0,0.0,0.0,0.0,0.0,0.0,0.0,0.0,0.0,0.0,0.0
734,Dilane,Bakwa,Bakwa,a,,,5.9,101,66.0,0.0,677,281.0,1.0,291.0,131.0,0,0,0.0,-1,1.0,39,27,0.2,2.0,1.0,1.0,1.5,403.0,180.0,100.0,100.0,391.0,173.0,212.0,136.0,262.0,140.0,333.0,161.0,,,,,,,,0.12,0.2,0.32,1.64,0.0,0.0,2.09,0.89,6.85,24,0.0,0.0,0.0,0.0,0.0,0.0,0.0,0.0,0.0,0.0,0.0,0.0,0.0,0.0,0.0,41.0,29.0,0.0,0.0,0.0,0.0,0.0,0.0,0.0,0.0,0.0,0.0,0.0,0.0,0.0
805,Lorenzo,Lucca,Lucca,a,,,5.5,149,37.0,0.0,747,89.0,0.0,790.0,82.0,0,0,0.0,0,0.0,142,41,0.0,0.0,1.9,1.9,0.0,797.0,86.0,,,797.0,86.0,796.0,86.0,793.0,86.0,797.0,86.0,,,,,,,,0.0,0.0,0.0,0.0,0.0,0.0,0.0,0.0,0.0,24,0.0,0.0,0.0,0.0,0.0,0.0,0.0,0.0,0.0,0.0,0.0,0.0,0.0,0.0,0.0,151.0,41.0,0.0,0.0,0.0,0.0,0.0,0.0,0.0,0.0,0.0,0.0,0.0,0.0,0.0
529,Simon,Moore,Moore,a,,,3.9,732,68.0,0.4,284,38.0,0.0,446.0,30.0,0,0,0.0,-1,1.0,70,106,0.0,0.0,-1.0,0.0,0.0,524.0,36.0,,,514.0,36.0,504.0,22.0,469.0,7.0,516.0,36.0,,,,,,,,0.0,0.0,0.0,0.0,0.0,0.0,0.0,0.0,0.0,24,0.0,0.0,0.0,0.0,0.0,0.0,0.0,0.0,0.0,0.0,0.0,0.0,0.0,0.0,0.0,75.0,116.0,0.0,0.0,0.0,0.0,0.0,0.0,0.0,0.0,0.0,0.0,0.0,0.0,0.0
530,Blondy,Nna Noukeu,Nna Noukeu,u,has joined US Boulogne CO permanently.,,3.9,761,85.0,0.1,441,66.0,0.0,467.0,47.0,0,0,0.0,-1,1.0,0,91,0.0,0.0,0.0,0.0,0.0,544.0,53.0,0.0,0.0,534.0,53.0,524.0,39.0,489.0,24.0,536.0,53.0,,,,,,,,0.0,0.0,0.0,0.0,0.0,0.0,0.0,0.0,0.0,24,0.0,0.0,0.0,0.0,0.0,0.0,0.0,0.0,0.0,0.0,0.0,0.0,0.0,0.0,0.0,0.0,97.0,0.0,0.0,0.0,0.0,0.0,0.0,0.0,0.0,0.0,0.0,0.0,0.0,0.0
534,Joe,Anderson,Anderson,u,has joined Barrow FC permanently.,,3.8,782,235.0,0.4,291,111.0,0.0,424.0,159.0,0,0,0.0,-2,2.0,0,485,0.0,0.0,0.0,0.0,0.0,505.0,180.0,0.0,0.0,495.0,179.0,482.0,177.0,446.0,169.0,497.0,179.0,,,,,,,,0.0,0.0,0.0,0.0,0.0,0.0,0.0,0.0,0.0,24,0.0,0.0,0.0,0.0,0.0,0.0,0.0,0.0,0.0,0.0,0.0,0.0,0.0,0.0,0.0,0.0,524.0,0.0,0.0,0.0,0.0,0.0,0.0,0.0,0.0,0.0,0.0,0.0,0.0,0.0
535,Dennis,Cirkin,Cirkin,a,,,4.0,675,169.0,0.1,563,202.0,0.6,313.0,113.0,0,0,0.0,0,0.0,85,70,0.2,3.2,-0.4,0.6,2.2,293.0,111.0,100.0,100.0,383.0,148.0,419.0,152.0,424.0,158.0,421.0,152.0,,,,,,,,0.0,0.01,0.01,1.84,0.0,0.3,0.61,0.91,7.91,24,0.0,0.0,0.0,0.0,0.0,0.0,0.0,0.0,0.0,0.0,0.0,0.0,0.0,0.0,0.0,107.0,78.0,0.0,0.0,0.0,0.0,0.0,0.0,0.0,0.0,0.0,0.0,0.0,0.0,0.0
536,Leo Fuhr,Hjelde,Hjelde,a,,,4.0,683,172.0,0.0,682,236.0,0.0,505.0,198.0,0,0,0.0,0,0.0,26,14,0.0,0.0,-1.0,0.0,0.0,582.0,215.0,100.0,100.0,572.0,214.0,565.0,214.0,532.0,209.0,574.0,214.0,,,,,,,,0.0,0.0,0.0,0.0,0.0,0.0,0.0,0.0,0.0,24,0.0,0.0,0.0,0.0,0.0,0.0,0.0,0.0,0.0,0.0,0.0,0.0,0.0,0.0,0.0,30.0,15.0,0.0,0.0,0.0,0.0,0.0,0.0,0.0,0.0,0.0,0.0,0.0,0.0,0.0
537,Niall,Huggins,Huggins,u,has joined Wycombe Wanderers on loan for the rest of the season.,,4.0,685,173.0,0.1,527,191.0,0.0,507.0,199.0,0,0,0.0,0,0.0,0,12,0.0,0.0,0.0,0.0,0.0,584.0,216.0,0.0,0.0,574.0,215.0,567.0,215.0,534.0,210.0,576.0,215.0,,,,,,,,0.0,0.0,0.0,0.0,0.0,0.0,0.0,0.0,0.0,24,0.0,0.0,0.0,0.0,0.0,0.0,0.0,0.0,0.0,0.0,0.0,0.0,0.0,0.0,0.0,0.0,12.0,0.0,0.0,0.0,0.0,0.0,0.0,0.0,0.0,0.0,0.0,0.0,0.0,0.0
538,Zak,Johnson,Johnson,u,has joined York City on loan for the rest of the season.,,3.8,794,247.0,0.2,354,129.0,0.0,433.0,168.0,0,0,0.0,-2,2.0,0,273,0.0,0.0,0.0,0.0,0.0,513.0,188.0,0.0,0.0,503.0,187.0,490.0,185.0,454.0,177.0,505.0,187.0,,,,,,,,0.0,0.0,0.0,0.0,0.0,0.0,0.0,0.0,0.0,24,0.0,0.0,0.0,0.0,0.0,0.0,0.0,0.0,0.0,0.0,0.0,0.0,0.0,0.0,0.0,0.0,289.0,0.0,0.0,0.0,0.0,0.0,0.0,0.0,0.0,0.0,0.0,0.0,0.0,0.0
539,Luke,O'Nien,O'Nien,a,,,4.0,662,162.0,0.1,559,200.0,0.4,338.0,125.0,0,0,0.0,0,0.0,61,48,0.1,0.2,-0.6,0.4,0.2,500.0,176.0,100.0,100.0,457.0,166.0,451.0,165.0,513.0,201.0,471.0,166.0,,,,,,,,0.0,0.0,0.0,4.3,0.0,0.0,0.0,0.0,10.0,24,0.0,0.0,0.0,0.0,0.0,0.0,0.0,0.0,0.0,0.0,0.0,0.0,0.0,0.0,0.0,64.0,50.0,0.0,0.0,0.0,0.0,0.0,0.0,0.0,0.0,0.0,0.0,0.0,0.0,0.0
540,Timothée,Pembélé,Pembele,u,has joined Le Havre AC on loan for the rest of the season.,,3.9,754,219.0,0.3,313,116.0,0.0,462.0,181.0,0,0,0.0,-1,1.0,0,271,0.0,0.0,0.0,0.0,0.0,539.0,198.0,0.0,0.0,529.0,197.0,519.0,197.0,484.0,190.0,531.0,197.0,,,,,,,,0.0,0.0,0.0,0.0,0.0,0.0,0.0,0.0,0.0,24,0.0,0.0,0.0,0.0,0.0,0.0,0.0,0.0,0.0,0.0,0.0,0.0,0.0,0.0,0.0,0.0,283.0,0.0,0.0,0.0,0.0,0.0,0.0,0.0,0.0,0.0,0.0,0.0,0.0,0.0
541,Reinildo,Mandava,Reinildo,a,,,3.8,785,238.0,2.9,108,44.0,0.2,374.0,140.0,0,0,0.0,-2,2.0,4841,1624,0.1,10.0,-0.8,0.2,2.7,224.0,87.0,100.0,100.0,226.0,91.0,314.0,105.0,345.0,113.0,306.0,103.0,,,,,,,,0.01,0.01,0.02,1.24,0.0,0.23,1.24,1.09,7.93,24,0.0,0.0,0.0,0.0,0.0,0.0,0.0,0.0,0.0,0.0,0.0,0.0,0.0,0.0,0.0,5710.0,1940.0,0.0,0.0,0.0,0.0,0.0,0.0,0.0,0.0,0.0,0.0,0.0,0.0,0.0
542,Jenson,Seelt,Seelt,u,has joined Wolfsburg on loan for the rest of the season.,,4.0,700,183.0,0.1,491,177.0,0.0,520.0,207.0,0,0,0.0,0,0.0,0,17,0.0,0.5,0.0,0.0,1.0,440.0,161.0,0.0,0.0,409.0,155.0,441.0,161.0,546.0,217.0,442.0,160.0,,,,,,,,0.0,0.01,0.01,0.9,0.0,0.0,1.35,0.68,8.12,24,0.0,0.0,0.0,0.0,0.0,0.0,0.0,0.0,0.0,0.0,0.0,0.0,0.0,0.0,0.0,0.0,19.0,0.0,0.0,0.0,0.0,0.0,0.0,0.0,0.0,0.0,0.0,0.0,0.0,0.0
544,Habib,Diarra,Diarra,a,,,5.3,204,127.0,0.0,607,233.0,0.0,774.0,341.0,0,0,0.0,-2,2.0,46,36,0.0,2.5,-1.0,0.0,2.2,301.0,131.0,100.0,100.0,432.0,193.0,353.0,184.0,301.0,157.0,400.0,182.0,,,1.0,,,,,0.12,0.02,0.14,1.01,0.0,0.43,0.43,0.87,5.62,24,0.0,0.0,0.0,0.0,0.0,0.0,0.0,0.0,0.0,0.0,0.0,0.0,0.0,0.0,0.0,51.0,38.0,0.0,0.0,0.0,0.0,0.0,0.0,0.0,0.0,0.0,0.0,0.0,0.0,0.0
545,Patrick,Roberts,Roberts,u,has joined Birmingham City on loan for the rest of the season.,,5.4,160,99.0,0.0,710,301.0,0.0,776.0,342.0,0,0,0.0,-1,1.0,0,1,0.0,0.2,0.0,0.0,1.0,485.0,227.0,0.0,0.0,474.0,219.0,423.0,206.0,412.0,202.0,464.0,214.0,,,,,,,,0.1,0.07,0.17,2.2,0.0,0.0,3.33,0.0,3.33,24,0.0,0.0,0.0,0.0,0.0,0.0,0.0,0.0,0.0,0.0,0.0,0.0,0.0,0.0,0.0,0.0,1.0,0.0,0.0,0.0,0.0,0.0,0.0,0.0,0.0,0.0,0.0,0.0,0.0,0.0
546,Milan,Aleksić,Aleksić,a,,,4.9,345,215.0,0.0,686,286.0,0.0,739.0,316.0,0,0,0.0,-1,1.0,15,4,0.0,0.0,-1.0,0.0,0.0,768.0,334.0,100.0,100.0,768.0,334.0,764.0,334.0,756.0,332.0,768.0,334.0,,,,,,,,0.0,0.0,0.0,0.0,0.0,0.0,0.0,0.0,0.0,24,0.0,0.0,0.0,0.0,0.0,0.0,0.0,0.0,0.0,0.0,0.0,0.0,0.0,0.0,0.0,15.0,4.0,0.0,0.0,0.0,0.0,0.0,0.0,0.0,0.0,0.0,0.0,0.0,0.0,0.0
547,Enzo,Le Fée,E.Le Fée,a,,,4.9,335,207.0,1.4,157,53.0,2.8,132.0,57.0,0,0,0.0,-1,1.0,1226,3823,0.6,16.5,1.8,2.8,3.7,99.0,47.0,100.0,100.0,79.0,25.0,20.0,19.0,131.0,76.0,42.0,31.0,3.0,2.0,2.0,,,,,0.19,0.12,0.31,1.46,0.0,0.31,1.18,1.03,8.87,24,0.0,0.0,0.0,0.0,0.0,0.0,0.0,0.0,0.0,0.0,0.0,0.0,0.0,0.0,0.0,2196.0,4471.0,0.0,0.0,0.0,0.0,0.0,0.0,0.0,0.0,0.0,0.0,0.0,0.0,0.0
548,Romaine,Mundle,Mundle,a,,,4.9,330,203.0,0.0,731,311.0,1.0,283.0,125.0,0,0,0.0,-1,1.0,6,7,0.2,2.0,0.0,1.0,1.0,476.0,220.0,100.0,100.0,424.0,187.0,364.0,188.0,303.0,159.0,399.0,181.0,,3.0,,,,,,0.13,0.08,0.21,1.71,0.0,0.0,1.79,0.6,6.85,24,0.0,0.0,0.0,0.0,0.0,0.0,0.0,0.0,0.0,0.0,0.0,0.0,0.0,0.0,0.0,7.0,9.0,0.0,0.0,0.0,0.0,0.0,0.0,0.0,0.0,0.0,0.0,0.0,0.0,0.0
549,Dan,Neil,Neil,u,has joined Ipswich Town on loan for the rest of the season.,,4.8,361,224.0,0.0,639,257.0,0.2,401.0,183.0,0,0,0.0,-2,2.0,0,38,0.0,0.6,0.0,0.0,1.0,473.0,218.0,0.0,0.0,467.0,215.0,448.0,217.0,734.0,318.0,479.0,221.0,,,,,,,,0.0,0.0,0.0,4.43,0.0,0.0,0.0,0.0,13.85,24,0.0,0.0,0.0,0.0,0.0,0.0,0.0,0.0,0.0,0.0,0.0,0.0,0.0,0.0,0.0,0.0,41.0,0.0,0.0,0.0,0.0,0.0,0.0,0.0,0.0,0.0,0.0,0.0,0.0,0.0
550,Ian,Poveda-Ocampo,Poveda,a,,,4.8,357,223.0,0.0,657,270.0,0.0,709.0,295.0,0,0,0.0,-2,2.0,5,4,0.0,0.0,-1.0,0.0,0.0,750.0,321.0,,,750.0,321.0,745.0,321.0,733.0,317.0,750.0,321.0,,,,,,,,0.0,0.0,0.0,0.0,0.0,0.0,0.0,0.0,0.0,24,0.0,0.0,0.0,0.0,0.0,0.0,0.0,0.0,0.0,0.0,0.0,0.0,0.0,0.0,0.0,5.0,4.0,0.0,0.0,0.0,0.0,0.0,0.0,0.0,0.0,0.0,0.0,0.0,0.0,0.0
551,Chris,Rigg,Rigg,a,,,4.7,389,243.0,0.0,589,220.0,0.4,351.0,154.0,0,0,0.0,-3,3.0,18,33,0.1,3.2,-0.6,0.4,1.5,398.0,176.0,,,431.0,192.0,320.0,178.0,362.0,185.0,405.0,183.0,,,,,,,,0.08,0.08,0.16,1.23,0.0,0.48,0.48,1.44,6.48,24,0.0,0.0,0.0,0.0,0.0,0.0,0.0,0.0,0.0,0.0,0.0,0.0,0.0,0.0,0.0,19.0,36.0,0.0,0.0,0.0,0.0,0.0,0.0,0.0,0.0,0.0,0.0,0.0,0.0,0.0
552,Noah,Sadiki,Sadiki,a,,,4.9,343,213.0,0.1,572,212.0,1.6,230.0,101.0,0,0,0.0,-1,1.0,53,43,0.3,9.2,0.6,1.6,2.5,260.0,113.0,100.0,100.0,239.0,98.0,154.0,104.0,304.0,160.0,250.0,122.0,,,,,,,,0.02,0.04,0.06,1.25,0.0,0.28,1.19,1.02,8.02,24,0.0,0.0,0.0,0.0,0.0,0.0,0.0,0.0,0.0,0.0,0.0,0.0,0.0,0.0,0.0,68.0,52.0,0.0,0.0,0.0,0.0,0.0,0.0,0.0,0.0,0.0,0.0,0.0,0.0,0.0
553,Chemsdine,Talbi,Talbi,a,,,4.9,341,211.0,0.1,422,141.0,0.2,403.0,185.0,0,0,0.0,-1,1.0,74,66,0.0,10.6,-0.8,0.2,3.1,175.0,75.0,100.0,100.0,292.0,132.0,173.0,116.0,185.0,106.0,255.0,126.0,,,,,,,,0.12,0.05,0.17,1.34,0.0,0.49,0.78,0.87,5.35,24,0.0,0.0,0.0,0.0,0.0,0.0,0.0,0.0,0.0,0.0,0.0,0.0,0.0,0.0,0.0,81.0,74.0,0.0,0.0,0.0,0.0,0.0,0.0,0.0,0.0,0.0,0.0,0.0,0.0,0.0
554,Abdoullah,Ba,Ba,a,,,4.3,587,344.0,0.4,292,97.0,0.0,568.0,195.0,0,0,0.0,-2,2.0,147,305,0.0,0.0,-1.0,0.0,0.0,631.0,235.0,,,622.0,226.0,618.0,231.0,590.0,218.0,624.0,228.0,,,,,,,,0.0,0.0,0.0,0.0,0.0,0.0,0.0,0.0,0.0,24,0.0,0.0,0.0,0.0,0.0,0.0,0.0,0.0,0.0,0.0,0.0,0.0,0.0,0.0,0.0,163.0,452.0,0.0,0.0,0.0,0.0,0.0,0.0,0.0,0.0,0.0,0.0,0.0,0.0,0.0
555,Alan,Browne,Browne,u,has joined Middlesbrough on loan for the rest of the season.,,4.5,411,250.0,0.0,640,258.0,0.0,626.0,231.0,0,0,0.0,0,0.0,0,9,0.0,0.0,0.0,0.0,0.0,679.0,266.0,0.0,0.0,674.0,261.0,669.0,264.0,646.0,255.0,676.0,263.0,,,,,,,,0.0,0.0,0.0,0.0,0.0,0.0,0.0,0.0,0.0,24,0.0,0.0,0.0,0.0,0.0,0.0,0.0,0.0,0.0,0.0,0.0,0.0,0.0,0.0,0.0,0.0,9.0,0.0,0.0,0.0,0.0,0.0,0.0,0.0,0.0,0.0,0.0,0.0,0.0,0.0
556,Pierre,Ekwah Elimby,Ekwah,u,Has joined AS Saint-Etienne permanently.,,4.5,433,258.0,0.0,758,327.0,0.0,640.0,239.0,0,0,0.0,0,0.0,0,1,0.0,0.0,0.0,0.0,0.0,690.0,273.0,0.0,0.0,685.0,268.0,683.0,271.0,662.0,263.0,687.0,270.0,,,,,,,,0.0,0.0,0.0,0.0,0.0,0.0,0.0,0.0,0.0,24,0.0,0.0,0.0,0.0,0.0,0.0,0.0,0.0,0.0,0.0,0.0,0.0,0.0,0.0,0.0,0.0,1.0,0.0,0.0,0.0,0.0,0.0,0.0,0.0,0.0,0.0,0.0,0.0,0.0,0.0
558,Jay,Matete,Matete,u,has joined MK Dons permanently.,,4.3,594,347.0,0.2,374,124.0,0.0,570.0,197.0,0,0,0.0,-2,2.0,0,305,0.0,0.0,0.0,0.0,0.0,633.0,237.0,0.0,0.0,624.0,228.0,620.0,233.0,592.0,220.0,626.0,230.0,,,,,,,,0.0,0.0,0.0,0.0,0.0,0.0,0.0,0.0,0.0,24,0.0,0.0,0.0,0.0,0.0,0.0,0.0,0.0,0.0,0.0,0.0,0.0,0.0,0.0,0.0,0.0,333.0,0.0,0.0,0.0,0.0,0.0,0.0,0.0,0.0,0.0,0.0,0.0,0.0,0.0
559,Nectarios,Triantis,Triantis,u,has joined Minnesota United permanently.,,4.4,542,325.0,0.0,636,256.0,0.0,603.0,217.0,0,0,0.0,-1,1.0,0,6,0.0,0.0,0.0,0.0,0.0,659.0,254.0,0.0,0.0,651.0,246.0,648.0,251.0,623.0,240.0,653.0,248.0,,,,,,,,0.0,0.0,0.0,0.0,0.0,0.0,0.0,0.0,0.0,24,0.0,0.0,0.0,0.0,0.0,0.0,0.0,0.0,0.0,0.0,0.0,0.0,0.0,0.0,0.0,0.0,7.0,0.0,0.0,0.0,0.0,0.0,0.0,0.0,0.0,0.0,0.0,0.0,0.0,0.0
560,Wilson,Isidor,Isidor,a,,,5.2,212,48.0,1.6,150,25.0,0.2,409.0,46.0,0,0,0.0,-3,3.0,818,2812,0.0,9.8,-0.8,0.2,2.5,261.0,26.0,100.0,100.0,265.0,24.0,376.0,46.0,41.0,17.0,192.0,20.0,,,,,,,,0.32,0.01,0.33,1.44,0.0,0.37,1.19,1.01,3.56,24,0.0,0.0,0.0,0.0,0.0,0.0,0.0,0.0,0.0,0.0,0.0,0.0,0.0,0.0,0.0,971.0,3107.0,0.0,0.0,0.0,0.0,0.0,0.0,0.0,0.0,0.0,0.0,0.0,0.0,0.0
561,Eliezer,Mayenda Dossou,Mayenda,a,,,5.2,219,50.0,0.5,255,41.0,1.2,275.0,37.0,0,0,0.0,-3,3.0,120,271,0.2,5.0,0.2,1.2,1.9,346.0,37.0,,,362.0,37.0,334.0,38.0,176.0,39.0,329.0,38.0,,,3.0,,,,,0.17,0.02,0.19,1.63,0.0,0.47,1.1,0.94,3.15,24,0.0,0.0,0.0,0.0,0.0,0.0,0.0,0.0,0.0,0.0,0.0,0.0,0.0,0.0,0.0,130.0,286.0,0.0,0.0,0.0,0.0,0.0,0.0,0.0,0.0,0.0,0.0,0.0,0.0,0.0
562,Ahmed,Abdullahi,Abdullahi,a,,,4.2,646,90.0,0.4,270,44.0,0.0,560.0,52.0,0,0,0.0,-3,3.0,915,470,0.0,0.0,-1.0,0.0,0.0,626.0,63.0,,,618.0,63.0,613.0,62.0,584.0,62.0,620.0,63.0,,,,,,,,0.0,0.0,0.0,0.0,0.0,0.0,0.0,0.0,0.0,24,0.0,0.0,0.0,0.0,0.0,0.0,0.0,0.0,0.0,0.0,0.0,0.0,0.0,0.0,0.0,1051.0,508.0,0.0,0.0,0.0,0.0,0.0,0.0,0.0,0.0,0.0,0.0,0.0,0.0,0.0
563,Luís Hemir,Silva Semedo,Luís Hemir,u,has joined Moreirense on loan for the rest of the season.,,4.4,551,78.0,0.1,496,70.0,0.0,610.0,60.0,0,0,0.0,-1,1.0,0,19,0.0,0.0,0.0,0.0,0.0,666.0,70.0,0.0,0.0,659.0,70.0,655.0,69.0,631.0,69.0,661.0,70.0,,,,,,,,0.0,0.0,0.0,0.0,0.0,0.0,0.0,0.0,0.0,24,0.0,0.0,0.0,0.0,0.0,0.0,0.0,0.0,0.0,0.0,0.0,0.0,0.0,0.0,0.0,0.0,19.0,0.0,0.0,0.0,0.0,0.0,0.0,0.0,0.0,0.0,0.0,0.0,0.0,0.0
668,Granit,Xhaka,Xhaka,i,Ankle injury - Expected back 22 Feb,,5.1,223,137.0,4.8,77,26.0,1.6,232.0,102.0,0,-1,1.0,1,-1.0,126,36973,0.3,17.6,0.0,0.0,4.1,59.0,26.0,0.0,0.0,32.0,8.0,28.0,27.0,254.0,137.0,50.0,34.0,1.0,1.0,,,,,,0.03,0.1,0.13,1.43,0.0,0.32,1.06,1.01,10.87,24,0.0,0.0,0.0,0.0,0.0,0.0,0.0,0.0,0.0,0.0,0.0,0.0,0.0,0.0,0.0,131.0,42507.0,0.0,0.0,0.0,0.0,0.0,0.0,0.0,0.0,0.0,0.0,0.0,0.0,0.0
670,Robin,Roefs,Roefs,a,,,5.0,269,10.0,12.8,31,5.0,1.6,231.0,19.0,0,0,0.0,5,-5.0,2784,19543,0.3,19.6,0.6,1.6,4.3,42.0,2.0,,,11.0,2.0,340.0,2.0,769.0,87.0,135.0,2.0,,,,,,,,0.0,0.0,0.0,1.45,3.3,0.3,1.13,1.0,0.0,24,0.0,0.0,0.0,0.0,0.0,0.0,0.0,0.0,0.0,0.0,0.0,0.0,0.0,0.0,0.0,3855.0,20900.0,0.0,0.0,0.0,0.0,0.0,0.0,0.0,0.0,0.0,0.0,0.0,0.0,0.0
678,Arthur,Masuaku,Masuaku,u,has joined RC Lens on loan for the rest of the season.,,3.9,737,210.0,0.5,256,97.0,0.0,451.0,178.0,0,0,0.0,-1,1.0,0,280,0.0,0.3,0.0,0.0,0.3,499.0,175.0,0.0,0.0,426.0,160.0,381.0,137.0,399.0,150.0,433.0,156.0,,,,,,,,0.05,0.06,0.11,1.5,0.0,0.0,1.44,1.44,7.2,24,0.0,0.0,0.0,0.0,0.0,0.0,0.0,0.0,0.0,0.0,0.0,0.0,0.0,0.0,0.0,0.0,304.0,0.0,0.0,0.0,0.0,0.0,0.0,0.0,0.0,0.0,0.0,0.0,0.0,0.0
683,Omar,Alderete,Alderete,a,,,4.1,650,157.0,6.6,56,18.0,0.8,294.0,105.0,0,0,0.0,1,-1.0,5036,7101,0.2,19.3,-0.2,0.8,4.2,49.0,18.0,100.0,100.0,51.0,23.0,255.0,75.0,109.0,17.0,108.0,36.0,,,,,,,,0.07,0.04,0.11,1.46,0.0,0.33,1.15,0.98,9.77,24,0.0,0.0,0.0,0.0,0.0,0.0,0.0,0.0,0.0,0.0,0.0,0.0,0.0,0.0,0.0,7145.0,8374.0,0.0,0.0,0.0,0.0,0.0,0.0,0.0,0.0,0.0,0.0,0.0,0.0,0.0
694,Nordi,Mukiele,Mukiele,a,,,4.5,413,77.0,13.4,29,10.0,3.4,80.0,29.0,0,0,0.0,5,-5.0,15785,12878,0.8,22.7,2.4,3.4,4.9,17.0,7.0,,,36.0,14.0,112.0,29.0,201.0,50.0,83.0,19.0,,,,,,,,0.03,0.08,0.11,1.51,0.0,0.29,1.15,1.0,9.9,24,0.0,0.0,0.0,0.0,0.0,0.0,0.0,0.0,0.0,0.0,0.0,0.0,0.0,0.0,0.0,21931.0,14345.0,0.0,0.0,0.0,0.0,0.0,0.0,0.0,0.0,0.0,0.0,0.0,0.0,0.0
724,Lutsharel,Geertruida,Geertruida,a,,,4.5,422,83.0,0.0,588,213.0,0.6,321.0,119.0,0,0,0.0,0,0.0,227,90,0.1,7.1,-0.4,0.6,1.9,341.0,129.0,,,270.0,107.0,284.0,91.0,327.0,104.0,321.0,109.0,,,,,,,,0.03,0.04,0.07,1.91,0.0,0.19,1.3,0.93,5.94,24,0.0,0.0,0.0,0.0,0.0,0.0,0.0,0.0,0.0,0.0,0.0,0.0,0.0,0.0,0.0,234.0,98.0,0.0,0.0,0.0,0.0,0.0,0.0,0.0,0.0,0.0,0.0,0.0,0.0,0.0
730,Brian,Brobbey,Brobbey,a,,,5.6,130,35.0,1.6,147,24.0,5.4,20.0,5.0,0,0,0.0,1,-1.0,4188,8225,1.0,10.0,4.4,5.4,3.1,178.0,17.0,100.0,100.0,215.0,17.0,299.0,30.0,91.0,26.0,215.0,25.0,,,,,,,,0.23,0.02,0.25,1.68,0.0,0.31,1.24,0.93,3.82,24,0.0,0.0,0.0,0.0,0.0,0.0,0.0,0.0,0.0,0.0,0.0,0.0,0.0,0.0,0.0,7348.0,8739.0,0.0,0.0,0.0,0.0,0.0,0.0,0.0,0.0,0.0,0.0,0.0,0.0,0.0
735,Bertrand,Traoré,Traoré,i,Knee injury - Expected back 22 Feb,,5.5,137,84.0,0.0,634,254.0,0.0,787.0,350.0,0,0,0.0,0,0.0,2,31,0.0,5.1,0.0,0.0,2.8,222.0,94.0,0.0,0.0,308.0,138.0,214.0,137.0,169.0,95.0,269.0,132.0,,,,,,,,0.07,0.04,0.11,1.33,0.0,0.44,1.33,1.33,5.93,24,0.0,0.0,0.0,0.0,0.0,0.0,0.0,0.0,0.0,0.0,0.0,0.0,0.0,0.0,0.0,2.0,33.0,0.0,0.0,0.0,0.0,0.0,0.0,0.0,0.0,0.0,0.0,0.0,0.0,0.0
774,Jenson,Jones,Jenson Jones,a,,,4.0,668,166.0,0.0,722,247.0,0.0,492.0,194.0,0,0,0.0,0,0.0,43,15,0.0,0.0,-1.0,0.0,0.0,569.0,211.0,,,559.0,210.0,552.0,210.0,519.0,205.0,561.0,210.0,,,,,,,,0.0,0.0,0.0,0.0,0.0,0.0,0.0,0.0,0.0,24,0.0,0.0,0.0,0.0,0.0,0.0,0.0,0.0,0.0,0.0,0.0,0.0,0.0,0.0,0.0,54.0,16.0,0.0,0.0,0.0,0.0,0.0,0.0,0.0,0.0,0.0,0.0,0.0,0.0,0.0
775,Tymur,Tutierov,Tutierov,u,has joined Exeter City on loan for the rest of the season.,,4.5,490,301.0,0.0,804,358.0,0.0,683.0,275.0,0,0,0.0,0,0.0,0,2,0.0,0.0,0.0,0.0,0.0,729.0,305.0,0.0,0.0,728.0,304.0,723.0,304.0,706.0,299.0,728.0,304.0,,,,,,,,0.0,0.0,0.0,0.0,0.0,0.0,0.0,0.0,0.0,24,0.0,0.0,0.0,0.0,0.0,0.0,0.0,0.0,0.0,0.0,0.0,0.0,0.0,0.0,0.0,0.0,3.0,0.0,0.0,0.0,0.0,0.0,0.0,0.0,0.0,0.0,0.0,0.0,0.0,0.0
800,Djiamgone Jocelin Ta,Bi,Jocelin.T,i,Lack of match fitness - Expected back 22 Feb,,5.0,284,175.0,0.0,808,362.0,0.0,760.0,332.0,0,0,0.0,0,0.0,1,1,0.0,0.0,0.0,0.0,0.0,785.0,347.0,0.0,0.0,785.0,347.0,783.0,347.0,777.0,345.0,785.0,347.0,,,,,,,,0.0,0.0,0.0,0.0,0.0,0.0,0.0,0.0,0.0,24,0.0,0.0,0.0,0.0,0.0,0.0,0.0,0.0,0.0,0.0,0.0,0.0,0.0,0.0,0.0,2.0,1.0,0.0,0.0,0.0,0.0,0.0,0.0,0.0,0.0,0.0,0.0,0.0,0.0,0.0
565,Guglielmo,Vicario,Vicario,a,,,4.8,352,14.0,6.3,58,9.0,1.2,269.0,20.0,1,0,0.0,-2,2.0,712,6764,0.3,16.2,1.2,0.7,3.2,154.0,14.0,,,33.0,9.0,473.0,14.0,731.0,80.0,196.0,11.0,,,,,,,,0.0,0.0,0.0,1.36,2.5,0.29,1.38,1.0,0.0,24,1.0,90.0,0.0,0.0,0.0,2.0,0.0,0.0,0.0,0.0,0.0,1.0,1.0,0.0,2.0,755.0,7713.0,0.0,0.0,0.0,0.0,1.9899999999999984,9.399999999999977,0.0,0.0,0.9000000000000057,0.0,0.0,4.0,0.0
566,Brandon,Austin,Austin,a,,,3.9,744,77.0,0.3,315,42.0,0.0,456.0,39.0,0,0,0.0,-1,1.0,42,84,0.0,0.0,0.0,-0.5,0.0,533.0,45.0,,,523.0,45.0,513.0,31.0,478.0,16.0,525.0,45.0,,,,,,,,0.0,0.0,0.0,0.0,0.0,0.0,0.0,0.0,0.0,24,0.0,0.0,0.0,0.0,0.0,0.0,0.0,0.0,0.0,0.0,0.0,0.0,0.0,0.0,0.0,43.0,86.0,0.0,0.0,0.0,0.0,0.0,0.0,0.0,0.0,0.0,0.0,0.0,0.0,0.0
567,Antonín,Kinský,Kinsky,a,,,3.9,760,84.0,1.7,144,19.0,0.0,466.0,46.0,0,0,0.0,-1,1.0,185,607,0.0,0.0,0.0,-0.5,0.0,543.0,52.0,,,533.0,52.0,523.0,38.0,488.0,23.0,535.0,52.0,,,,,,,,0.0,0.0,0.0,0.0,0.0,0.0,0.0,0.0,0.0,24,0.0,0.0,0.0,0.0,0.0,0.0,0.0,0.0,0.0,0.0,0.0,0.0,0.0,0.0,0.0,207.0,664.0,0.0,0.0,0.0,0.0,0.0,0.0,0.0,0.0,0.0,0.0,0.0,0.0,0.0
568,Pedro,Porro Sauceda,Pedro Porro,i,Hamstring injury - Expected back 22 Feb,,5.2,214,29.0,11.0,38,14.0,1.8,211.0,77.0,0,0,0.0,-3,3.0,52,45308,0.3,15.2,0.0,0.0,3.4,132.0,48.0,0.0,0.0,72.0,31.0,18.0,1.0,234.0,63.0,47.0,5.0,3.0,2.0,,,,,,0.02,0.14,0.16,1.26,0.0,0.35,1.19,1.04,6.73,24,0.0,0.0,0.0,0.0,0.0,0.0,0.0,0.0,0.0,0.0,0.0,0.0,0.0,0.0,0.0,58.0,50190.0,0.0,0.0,0.0,0.0,0.0,0.0,0.0,0.0,0.0,0.0,0.0,0.0,0.0
569,Cristian,Romero,Romero,d,Illness - 75% chance of playing,,5.0,251,38.0,4.4,80,26.0,4.8,28.0,5.0,0,0,0.0,0,0.0,13930,5077,1.0,18.4,3.6,4.3,4.6,31.0,12.0,75.0,100.0,25.0,9.0,211.0,53.0,102.0,12.0,79.0,17.0,,,,,,,,0.07,0.06,0.13,1.36,0.0,0.27,1.44,1.02,9.52,24,0.0,45.0,0.0,0.0,0.0,2.0,0.0,0.0,0.0,0.0,0.0,0.0,1.0,0.0,303.0,15037.0,5675.0,0.0,0.0,0.0,0.0,0.8900000000000006,2.7999999999999545,0.30000000000001137,2.0,0.5,0.0,1.0,1.0,1.0
570,Kevin,Danso,Danso,d,Toe Injury - 75% chance of playing,,4.2,625,143.0,0.1,426,159.0,0.2,380.0,144.0,0,0,0.0,-3,3.0,101,112,0.0,6.4,0.2,-0.3,2.1,306.0,115.0,75.0,,236.0,97.0,417.0,150.0,390.0,144.0,343.0,117.0,,,,,,,,0.0,0.02,0.02,1.46,0.0,0.27,1.64,1.09,12.72,24,0.0,0.0,0.0,0.0,0.0,0.0,0.0,0.0,0.0,0.0,0.0,0.0,0.0,0.0,0.0,108.0,118.0,0.0,0.0,0.0,0.0,0.0,0.0,0.0,0.0,0.0,0.0,0.0,0.0,0.0
571,Ben,Davies,Davies,i,Ankle injury - Unknown return date,,4.3,572,124.0,0.1,526,190.0,1.8,201.0,71.0,0,0,0.0,-2,2.0,6,54,0.4,2.3,0.0,0.0,3.3,136.0,50.0,0.0,0.0,370.0,142.0,375.0,135.0,295.0,93.0,371.0,133.0,,,,,,,,0.32,0.05,0.37,0.73,0.0,0.0,1.99,1.32,9.26,24,0.0,0.0,0.0,0.0,0.0,0.0,0.0,0.0,0.0,0.0,0.0,0.0,0.0,0.0,0.0,8.0,60.0,0.0,0.0,0.0,0.0,0.0,0.0,0.0,0.0,0.0,0.0,0.0,0.0,0.0
572,Radu,Drăgușin,Dragusin,a,,,4.5,445,89.0,0.0,713,244.0,0.4,349.0,132.0,1,0,0.0,0,0.0,73,13,0.1,0.7,0.4,-0.1,1.0,460.0,167.0,100.0,100.0,479.0,172.0,457.0,168.0,415.0,155.0,474.0,168.0,,,,,,,,0.06,0.0,0.06,1.95,0.0,0.0,1.88,0.94,5.62,24,1.0,90.0,0.0,0.0,0.0,2.0,0.0,0.0,0.0,0.0,0.0,0.0,1.0,0.0,1.0,74.0,13.0,0.0,0.0,0.0,0.0,1.99,1.0,0.2,0.0,0.09999999999999998,1.0,4.0,0.0,5.0
573,Djed,Spence,Spence,d,Calf injury - 75% chance of playing,,4.3,581,130.0,1.1,181,71.0,0.8,297.0,108.0,0,0,0.0,-2,2.0,465,1186,0.2,12.8,0.6,0.3,2.8,214.0,82.0,75.0,,213.0,85.0,152.0,40.0,154.0,31.0,191.0,64.0,,,,,,,,0.05,0.08,0.13,1.41,0.0,0.42,1.25,1.02,4.66,24,0.0,0.0,0.0,0.0,0.0,0.0,0.0,0.0,0.0,0.0,0.0,0.0,0.0,0.0,0.0,503.0,1338.0,0.0,0.0,0.0,0.0,0.0,0.0,0.0,0.0,0.0,0.0,0.0,0.0,0.0
574,Destiny,Udogie,Udogie,a,,,4.3,589,136.0,0.3,308,114.0,0.4,343.0,129.0,1,0,0.0,-2,2.0,363,98,0.1,3.5,0.4,-0.1,1.2,428.0,155.0,100.0,100.0,299.0,114.0,225.0,61.0,276.0,82.0,303.0,102.0,,,,,,,,0.02,0.05,0.07,1.6,0.0,0.0,1.95,0.85,4.38,24,1.0,90.0,0.0,0.0,0.0,2.0,0.0,0.0,0.0,0.0,0.0,0.0,1.0,0.0,7.0,392.0,106.0,0.0,0.06,0.020000000000000018,0.08000000000000007,1.9900000000000002,3.799999999999997,1.7000000000000028,2.0,0.8000000000000007,3.0,2.0,5.0,5.0
630,Tom,King,King,a,,,3.9,738,73.0,1.3,168,21.0,0.0,452.0,35.0,0,0,0.0,-1,1.0,216,528,0.0,0.0,0.0,0.0,0.0,529.0,41.0,,,519.0,41.0,509.0,27.0,474.0,12.0,521.0,41.0,,,,,,,,0.0,0.0,0.0,0.0,0.0,0.0,0.0,0.0,0.0,24,0.0,0.0,0.0,0.0,0.0,0.0,0.0,0.0,0.0,0.0,0.0,0.0,0.0,0.0,0.0,226.0,559.0,0.0,0.0,0.0,0.0,0.0,0.0,0.0,0.0,0.0,0.0,0.0,0.0,0.0
575,Micky,van de Ven,Van de Ven,d,Knock - 75% chance of playing,,4.6,398,70.0,25.7,13,4.0,2.8,130.0,43.0,0,0,0.0,1,-1.0,3420,63297,0.6,20.9,2.1,1.7,4.4,37.0,15.0,75.0,75.0,43.0,17.0,268.0,83.0,113.0,19.0,105.0,33.0,,,,,,,,0.11,0.02,0.13,1.31,0.0,0.32,1.33,1.01,6.49,24,0.0,0.0,0.0,0.0,0.0,0.0,0.0,0.0,0.0,0.0,0.0,0.0,0.0,0.0,0.0,3661.0,71492.0,0.0,0.0,0.0,0.0,0.0,0.0,0.0,0.0,0.0,0.0,0.0,0.0,0.0
576,Ashley,Phillips,Phillips,u,Has joined Stoke City on loan for the rest of the season.,,4.0,701,184.0,0.0,717,246.0,0.0,521.0,208.0,0,0,0.0,0,0.0,0,0,0.0,0.0,0.0,0.0,0.0,596.0,223.0,0.0,0.0,586.0,222.0,579.0,222.0,547.0,218.0,588.0,222.0,,,,,,,,0.0,0.0,0.0,0.0,0.0,0.0,0.0,0.0,0.0,24,0.0,0.0,0.0,0.0,0.0,0.0,0.0,0.0,0.0,0.0,0.0,0.0,0.0,0.0,0.0,0.0,0.0,0.0,0.0,0.0,0.0,0.0,0.0,0.0,0.0,0.0,0.0,0.0,0.0,0.0
577,Takai,Kōta,Takai,u,has joined Borussia Mönchengladbach on loan for the rest of the season.,,4.0,703,185.0,0.0,592,214.0,0.0,523.0,209.0,0,0,0.0,0,0.0,0,16,0.0,0.0,0.0,0.0,0.0,598.0,224.0,0.0,0.0,588.0,223.0,581.0,223.0,549.0,219.0,590.0,223.0,,,,,,,,0.0,0.0,0.0,0.0,0.0,0.0,0.0,0.0,0.0,24,0.0,0.0,0.0,0.0,0.0,0.0,0.0,0.0,0.0,0.0,0.0,0.0,0.0,0.0,0.0,0.0,17.0,0.0,0.0,0.0,0.0,0.0,0.0,0.0,0.0,0.0,0.0,0.0,0.0,0.0
578,Luka,Vušković,Vuskovic,u,has joined Hamburger SV on loan for the rest of the season.,,3.9,775,229.0,0.3,305,113.0,0.0,480.0,188.0,0,0,0.0,-1,1.0,0,66,0.0,0.0,0.0,0.0,0.0,557.0,205.0,0.0,0.0,547.0,204.0,537.0,204.0,503.0,198.0,549.0,204.0,,,,,,,,0.0,0.0,0.0,0.0,0.0,0.0,0.0,0.0,0.0,24,0.0,0.0,0.0,0.0,0.0,0.0,0.0,0.0,0.0,0.0,0.0,0.0,0.0,0.0,0.0,0.0,73.0,0.0,0.0,0.0,0.0,0.0,0.0,0.0,0.0,0.0,0.0,0.0,0.0,0.0
579,Son,Heung-min,Son,u,Has joined Los Angeles FC permanently.,,8.5,10,5.0,0.1,443,150.0,0.0,809.0,365.0,0,0,0.0,0,0.0,0,11,0.0,0.0,0.0,0.0,0.0,811.0,365.0,0.0,0.0,811.0,365.0,811.0,365.0,811.0,365.0,811.0,365.0,,,,,,,,0.0,0.0,0.0,0.0,0.0,0.0,0.0,0.0,0.0,24,0.0,0.0,0.0,0.0,0.0,0.0,0.0,0.0,0.0,0.0,0.0,0.0,0.0,0.0,0.0,0.0,11.0,0.0,0.0,0.0,0.0,0.0,0.0,0.0,0.0,0.0,0.0,0.0,0.0,0.0
581,James,Maddison,Maddison,i,Anterior cruciate ligament - Unknown return date,,6.8,45,27.0,0.1,442,149.0,0.0,804.0,361.0,0,0,0.0,-2,2.0,19,19,0.0,0.0,0.0,0.0,0.0,808.0,362.0,0.0,0.0,808.0,362.0,808.0,362.0,808.0,362.0,808.0,362.0,,,,,,,,0.0,0.0,0.0,0.0,0.0,0.0,0.0,0.0,0.0,24,0.0,0.0,0.0,0.0,0.0,0.0,0.0,0.0,0.0,0.0,0.0,0.0,0.0,0.0,0.0,20.0,20.0,0.0,0.0,0.0,0.0,0.0,0.0,0.0,0.0,0.0,0.0,0.0,0.0,0.0
582,Mohammed,Kudus,Kudus,i,Thigh injury - Expected back 11 Apr,,6.4,59,38.0,10.2,42,16.0,0.2,416.0,191.0,0,0,0.0,-1,1.0,29,12105,0.0,11.7,0.0,0.0,3.9,83.0,39.0,0.0,0.0,121.0,41.0,32.0,31.0,58.0,36.0,43.0,32.0,2.0,1.0,,,,,,0.11,0.14,0.25,1.33,0.0,0.41,1.17,1.11,7.8,24,0.0,0.0,0.0,0.0,0.0,0.0,0.0,0.0,0.0,0.0,0.0,0.0,0.0,0.0,0.0,32.0,13235.0,0.0,0.0,0.0,0.0,0.0,0.0,0.0,0.0,0.0,0.0,0.0,0.0,0.0
583,Dejan,Kulusevski,Kulusevski,i,Knee injury - Unknown return date,,6.4,58,37.0,0.0,706,298.0,0.0,801.0,360.0,0,0,0.0,-1,1.0,7,5,0.0,0.0,0.0,0.0,0.0,805.0,361.0,0.0,0.0,805.0,361.0,805.0,361.0,805.0,361.0,805.0,361.0,,,,,,,,0.0,0.0,0.0,0.0,0.0,0.0,0.0,0.0,0.0,24,0.0,0.0,0.0,0.0,0.0,0.0,0.0,0.0,0.0,0.0,0.0,0.0,0.0,0.0,0.0,7.0,5.0,0.0,0.0,0.0,0.0,0.0,0.0,0.0,0.0,0.0,0.0,0.0,0.0,0.0
584,Mathys,Tel,Tel,a,,,6.2,79,52.0,0.2,404,135.0,3.2,106.0,47.0,1,0,0.0,-3,3.0,189,567,0.5,7.4,3.2,2.7,2.7,237.0,104.0,,,280.0,123.0,221.0,139.0,137.0,79.0,249.0,121.0,4.0,,4.0,,,,,0.18,0.09,0.27,1.22,0.0,0.16,1.46,0.97,7.77,24,1.0,22.0,0.0,0.0,0.0,0.0,0.0,0.0,0.0,0.0,0.0,0.0,0.0,0.0,3.0,192.0,757.0,0.0,0.0,0.010000000000000009,0.009999999999999787,0.9399999999999995,0.0,0.0,0.0,0.0,0.0,0.0,3.0,3.0
585,Rodrigo,Bentancur,Bentancur,i,Hamstring injury - Unknown return date,,5.3,190,118.0,0.2,378,127.0,1.0,286.0,128.0,0,0,0.0,-2,2.0,1,299,0.2,12.1,0.0,0.0,3.2,160.0,69.0,0.0,0.0,175.0,70.0,158.0,107.0,243.0,130.0,201.0,103.0,,,,,,,,0.03,0.04,0.07,1.32,0.0,0.32,1.34,1.09,13.24,24,0.0,0.0,0.0,0.0,0.0,0.0,0.0,0.0,0.0,0.0,0.0,0.0,0.0,0.0,0.0,1.0,335.0,0.0,0.0,0.0,0.0,0.0,0.0,0.0,0.0,0.0,0.0,0.0,0.0,0.0
586,Lucas,Bergvall,Bergvall,i,Ankle injury - Unknown return date,,5.2,220,136.0,0.2,376,126.0,0.6,327.0,147.0,0,0,0.0,-3,3.0,4,224,0.1,7.5,0.0,0.0,2.3,286.0,123.0,0.0,0.0,287.0,127.0,260.0,156.0,172.0,97.0,271.0,133.0,,,,,,,,0.11,0.04,0.15,1.15,0.0,0.34,1.46,1.13,7.66,24,0.0,0.0,0.0,0.0,0.0,0.0,0.0,0.0,0.0,0.0,0.0,0.0,0.0,0.0,0.0,4.0,242.0,0.0,0.0,0.0,0.0,0.0,0.0,0.0,0.0,0.0,0.0,0.0,0.0,0.0
587,Yves,Bissouma,Bissouma,a,,,5.2,210,130.0,0.0,598,227.0,1.2,274.0,120.0,1,0,0.0,-3,3.0,104,19,0.2,1.2,1.2,0.7,2.0,327.0,147.0,100.0,100.0,407.0,181.0,406.0,201.0,363.0,186.0,422.0,191.0,,,,,,,,0.13,0.03,0.16,1.78,0.0,0.0,2.38,0.95,13.33,24,1.0,67.0,0.0,0.0,0.0,2.0,0.0,0.0,0.0,1.0,0.0,0.0,1.0,0.0,4.0,112.0,20.0,0.0,0.0,0.0,0.0,1.0500000000000003,0.0,1.5,0.0,0.09999999999999964,2.0,1.0,2.0,5.0
588,Wilson,Odobert,Odobert,a,,,5.3,205,128.0,0.1,498,176.0,3.0,118.0,50.0,1,0,0.0,-2,2.0,295,217,0.6,8.3,3.0,2.5,2.0,328.0,148.0,100.0,100.0,276.0,120.0,94.0,71.0,96.0,60.0,156.0,86.0,,,,,,,,0.19,0.12,0.31,1.22,0.0,0.2,1.29,0.79,7.14,24,1.0,22.0,0.0,0.0,0.0,0.0,0.0,0.0,0.0,0.0,0.0,0.0,0.0,0.0,4.0,354.0,300.0,0.0,0.3599999999999999,0.010000000000000009,0.3700000000000001,0.9399999999999995,0.0,0.0,0.0,0.0,0.0,0.0,3.0,3.0
589,Manor,Solomon,Solomon,u,has joined Fiorentina on loan for the rest of the season.,,5.4,170,105.0,0.0,745,318.0,0.0,780.0,344.0,0,0,0.0,-1,1.0,0,1,0.0,0.0,0.0,0.0,0.0,790.0,350.0,0.0,0.0,790.0,350.0,789.0,350.0,785.0,349.0,790.0,350.0,,,,,,,,0.0,0.0,0.0,0.0,0.0,0.0,0.0,0.0,0.0,24,0.0,0.0,0.0,0.0,0.0,0.0,0.0,0.0,0.0,0.0,0.0,0.0,0.0,0.0,0.0,0.0,1.0,0.0,0.0,0.0,0.0,0.0,0.0,0.0,0.0,0.0,0.0,0.0,0.0,0.0
590,Bryan,Gil Salvatierra,Bryan,u,has joined Girona permanently.,,4.9,325,200.0,0.0,650,264.0,0.0,729.0,308.0,0,0,0.0,-1,1.0,0,3,0.0,0.0,0.0,0.0,0.0,761.0,329.0,0.0,0.0,761.0,329.0,757.0,329.0,749.0,327.0,761.0,329.0,,,,,,,,0.0,0.0,0.0,0.0,0.0,0.0,0.0,0.0,0.0,24,0.0,0.0,0.0,0.0,0.0,0.0,0.0,0.0,0.0,0.0,0.0,0.0,0.0,0.0,0.0,0.0,3.0,0.0,0.0,0.0,0.0,0.0,0.0,0.0,0.0,0.0,0.0,0.0,0.0,0.0
591,Archie,Gray,Gray,a,,,4.8,371,232.0,0.1,435,146.0,1.4,248.0,108.0,2,0,0.0,-2,2.0,111,172,0.3,6.2,1.4,0.9,2.1,312.0,138.0,100.0,100.0,323.0,145.0,302.0,171.0,252.0,135.0,331.0,160.0,,,,,,,,0.08,0.02,0.1,1.21,0.0,0.6,1.2,1.2,8.8,24,2.0,90.0,0.0,0.0,0.0,2.0,0.0,0.0,0.0,0.0,0.0,0.0,1.0,0.0,7.0,117.0,191.0,0.0,0.0,0.010000000000000009,0.009999999999999898,1.9900000000000002,3.200000000000003,1.8999999999999986,0.0,0.5,2.0,3.0,0.0,5.0
592,Mikey,Moore,Moore,u,Has joined Rangers on loan for the rest of the season.,,5.0,271,164.0,0.0,774,336.0,0.0,753.0,327.0,0,0,0.0,0,0.0,0,0,0.0,0.0,0.0,0.0,0.0,778.0,342.0,0.0,0.0,778.0,342.0,776.0,342.0,770.0,340.0,778.0,342.0,,,,,,,,0.0,0.0,0.0,0.0,0.0,0.0,0.0,0.0,0.0,24,0.0,0.0,0.0,0.0,0.0,0.0,0.0,0.0,0.0,0.0,0.0,0.0,0.0,0.0,0.0,0.0,0.0,0.0,0.0,0.0,0.0,0.0,0.0,0.0,0.0,0.0,0.0,0.0,0.0,0.0
593,Pape Matar,Sarr,P.M.Sarr,a,,,4.5,439,263.0,0.8,202,68.0,0.2,388.0,173.0,1,0,0.0,-5,5.0,908,361,0.0,9.6,0.2,-0.3,2.9,201.0,86.0,100.0,100.0,271.0,116.0,252.0,153.0,227.0,124.0,280.0,138.0,,,,,,,,0.13,0.06,0.19,1.66,0.0,0.36,0.84,0.84,10.83,24,1.0,45.0,0.0,0.0,0.0,0.0,0.0,0.0,0.0,0.0,0.0,0.0,0.0,0.0,7.0,964.0,400.0,0.0,0.0,0.010000000000000009,0.010000000000000009,1.1000000000000014,0.0,0.0,0.0,0.0,4.0,4.0,0.0,8.0
594,Yang,Min-hyeok,Min-hyeok,u,has joined Coventry City on loan for the rest of the season.,,4.5,500,310.0,0.0,719,304.0,0.0,691.0,283.0,0,0,0.0,0,0.0,0,0,0.0,0.0,0.0,0.0,0.0,736.0,312.0,0.0,0.0,736.0,312.0,731.0,312.0,714.0,307.0,736.0,312.0,,,,,,,,0.0,0.0,0.0,0.0,0.0,0.0,0.0,0.0,0.0,24,0.0,0.0,0.0,0.0,0.0,0.0,0.0,0.0,0.0,0.0,0.0,0.0,0.0,0.0,0.0,0.0,0.0,0.0,0.0,0.0,0.0,0.0,0.0,0.0,0.0,0.0,0.0,0.0,0.0,0.0
596,Dominic,Solanke-Mitchell,Solanke,a,,,7.2,30,12.0,1.0,184,29.0,3.0,126.0,18.0,12,0,0.0,-3,3.0,8667,705,0.4,2.4,3.0,2.5,3.4,134.0,13.0,100.0,100.0,422.0,47.0,351.0,44.0,260.0,46.0,377.0,45.0,,,2.0,,,,,0.33,0.05,0.38,1.81,0.0,0.0,1.89,0.76,5.67,24,12.0,89.0,2.0,0.0,0.0,2.0,0.0,0.0,0.0,1.0,0.0,0.0,1.0,3.0,54.0,8799.0,899.0,0.0,0.17999999999999994,0.11,0.29000000000000004,1.9900000000000002,3.200000000000003,10.8,4.0,1.8000000000000007,1.0,2.0,2.0,5.0
597,Richarlison,de Andrade,Richarlison,i,Hamstring injury - Expected back 01 Mar,,6.3,65,21.0,5.8,66,13.0,0.6,333.0,41.0,0,0,0.0,-2,2.0,61,9860,0.1,11.9,0.0,0.0,3.6,111.0,10.0,0.0,0.0,91.0,7.0,160.0,13.0,23.0,13.0,51.0,10.0,,,3.0,,,,,0.34,0.09,0.43,1.27,0.0,0.35,1.34,0.92,6.91,24,0.0,0.0,0.0,0.0,0.0,0.0,0.0,0.0,0.0,0.0,0.0,0.0,0.0,0.0,0.0,63.0,10796.0,0.0,0.0,0.0,0.0,0.0,0.0,0.0,0.0,0.0,0.0,0.0,0.0,0.0
598,Will,Lankshear,Lankshear,u,Has joined Oxford United on loan for the rest of the season.,,4.5,465,66.0,0.0,663,82.0,0.0,660.0,64.0,0,0,0.0,0,0.0,0,5,0.0,0.0,0.0,0.0,0.0,709.0,74.0,0.0,0.0,706.0,74.0,702.0,73.0,683.0,73.0,707.0,74.0,,,,,,,,0.0,0.0,0.0,0.0,0.0,0.0,0.0,0.0,0.0,24,0.0,0.0,0.0,0.0,0.0,0.0,0.0,0.0,0.0,0.0,0.0,0.0,0.0,0.0,0.0,0.0,5.0,0.0,0.0,0.0,0.0,0.0,0.0,0.0,0.0,0.0,0.0,0.0,0.0,0.0
673,João Maria,Lobo Alves Palhares Costa Palhinha Gonçalves,J.Palhinha,a,,,5.5,138,85.0,0.9,195,65.0,2.6,153.0,69.0,4,0,0.0,0,0.0,449,932,0.5,14.9,2.6,2.1,3.9,79.0,38.0,100.0,100.0,83.0,27.0,247.0,149.0,166.0,93.0,154.0,85.0,,,,,,,,0.07,0.03,0.1,1.38,0.0,0.26,1.43,0.97,12.44,24,4.0,90.0,0.0,0.0,0.0,2.0,0.0,0.0,0.0,0.0,0.0,0.0,1.0,0.0,14.0,471.0,1065.0,0.0,0.08000000000000007,0.010000000000000009,0.09000000000000008,1.9899999999999984,8.599999999999966,0.7999999999999972,0.0,0.8999999999999986,6.0,7.0,5.0,18.0
717,Xavi,Simons,Xavi,a,,,6.5,54,35.0,1.1,179,60.0,3.4,90.0,39.0,6,0,0.0,-5,5.0,2235,1481,0.5,8.6,3.4,2.9,3.1,182.0,80.0,100.0,100.0,232.0,97.0,86.0,63.0,138.0,80.0,152.0,83.0,5.0,,,,,,,0.14,0.22,0.36,1.5,0.0,0.23,1.74,0.98,8.17,24,6.0,90.0,0.0,1.0,0.0,2.0,0.0,0.0,0.0,1.0,0.0,0.0,1.0,2.0,38.0,2301.0,1965.0,0.0,0.20999999999999996,0.6400000000000001,0.8500000000000005,1.990000000000002,6.200000000000017,2.6999999999999886,16.0,2.5,1.0,1.0,7.0,9.0
726,Randal,Kolo Muani,Kolo Muani,a,,,6.9,42,17.0,0.4,290,46.0,1.4,259.0,33.0,2,0,0.0,-1,1.0,534,728,0.2,3.8,1.4,0.9,1.6,390.0,46.0,100.0,100.0,357.0,36.0,159.0,12.0,143.0,35.0,259.0,30.0,,,,,,,,0.12,0.09,0.21,1.38,0.0,0.27,1.64,1.09,5.64,24,2.0,67.0,0.0,0.0,0.0,2.0,0.0,0.0,0.0,0.0,0.0,0.0,1.0,0.0,3.0,561.0,905.0,0.0,0.0,0.039999999999999925,0.040000000000000036,1.049999999999999,2.3999999999999915,0.5,6.0,0.8999999999999986,2.0,0.0,3.0,5.0
745,Jun'ai,Byfield,Byfield,a,,,4.0,724,205.0,0.0,637,222.0,0.2,379.0,143.0,1,0,0.0,0,0.0,30,29,0.0,0.2,0.2,-0.3,1.0,443.0,164.0,,,606.0,240.0,599.0,240.0,567.0,236.0,608.0,240.0,,,,,,,,0.0,0.0,0.0,0.0,0.0,0.0,0.0,0.0,0.0,24,1.0,1.0,0.0,0.0,0.0,0.0,0.0,0.0,0.0,0.0,0.0,0.0,0.0,0.0,3.0,31.0,32.0,0.0,0.0,0.0,0.0,0.0,0.0,0.0,0.0,0.0,0.0,0.0,0.0,0.0
750,James,Rowswell,Rowswell,a,,,4.0,689,176.0,0.0,659,229.0,0.0,511.0,202.0,0,0,0.0,0,0.0,27,24,0.0,0.0,0.0,-0.5,0.0,587.0,218.0,,,577.0,217.0,570.0,217.0,537.0,212.0,579.0,217.0,,,,,,,,0.0,0.0,0.0,0.0,0.0,0.0,0.0,0.0,0.0,24,0.0,0.0,0.0,0.0,0.0,0.0,0.0,0.0,0.0,0.0,0.0,0.0,0.0,0.0,0.0,30.0,25.0,0.0,0.0,0.0,0.0,0.0,0.0,0.0,0.0,0.0,0.0,0.0,0.0,0.0
751,Yusuf,Akhamrich,Akhamrich,u,has joined Bristol Rovers on loan for the rest of the season.,,4.5,484,297.0,0.0,755,325.0,0.0,677.0,271.0,0,0,0.0,0,0.0,0,13,0.0,0.0,0.0,0.0,0.0,723.0,301.0,0.0,0.0,722.0,300.0,717.0,300.0,700.0,295.0,722.0,300.0,,,,,,,,0.0,0.0,0.0,0.0,0.0,0.0,0.0,0.0,0.0,24,0.0,0.0,0.0,0.0,0.0,0.0,0.0,0.0,0.0,0.0,0.0,0.0,0.0,0.0,0.0,0.0,15.0,0.0,0.0,0.0,0.0,0.0,0.0,0.0,0.0,0.0,0.0,0.0,0.0,0.0
790,Lucá,Williams-Barnett,Williams-Barnett,a,,,4.5,497,307.0,0.0,783,343.0,0.0,688.0,280.0,0,0,0.0,0,0.0,36,15,0.0,0.0,0.0,-0.5,0.0,733.0,309.0,,,733.0,309.0,728.0,309.0,711.0,304.0,733.0,309.0,,,,,,,,0.0,0.0,0.0,0.0,0.0,0.0,0.0,0.0,0.0,24,0.0,0.0,0.0,0.0,0.0,0.0,0.0,0.0,0.0,0.0,0.0,0.0,0.0,0.0,0.0,37.0,15.0,0.0,0.0,0.0,0.0,0.0,0.0,0.0,0.0,0.0,0.0,0.0,0.0,0.0
796,Conor,Gallagher,Gallagher,a,,,5.4,169,104.0,0.1,428,143.0,3.0,120.0,52.0,5,-1,1.0,-1,1.0,974,491,0.6,1.7,3.0,2.5,3.0,193.0,84.0,,,412.0,183.0,347.0,182.0,281.0,149.0,381.0,177.0,,,,,,,,0.14,0.12,0.26,2.08,0.0,0.0,2.05,1.02,9.89,24,5.0,90.0,0.0,1.0,0.0,2.0,0.0,0.0,0.0,0.0,0.0,0.0,1.0,0.0,25.0,1016.0,620.0,0.0,0.09000000000000002,0.10999999999999999,0.19999999999999996,1.9900000000000002,6.0,6.0,2.0,1.4000000000000004,1.0,4.0,6.0,11.0
804,João Victor,de Souza Menezes,Souza,a,,,4.0,721,202.0,0.0,768,260.0,0.0,539.0,224.0,0,0,0.0,0,0.0,99,20,0.0,0.0,1.4,0.9,0.0,613.0,238.0,,,603.0,237.0,596.0,237.0,564.0,233.0,605.0,237.0,,,,,,,,0.0,0.0,0.0,0.0,0.0,0.0,0.0,0.0,0.0,24,0.0,0.0,0.0,0.0,0.0,0.0,0.0,0.0,0.0,0.0,0.0,0.0,0.0,0.0,0.0,105.0,21.0,0.0,0.0,0.0,0.0,0.0,0.0,0.0,0.0,0.0,0.0,0.0,0.0,0.0
811,Rio,Kyerematen,Kyerematen,a,,,4.5,458,277.0,0.0,811,365.0,0.0,656.0,255.0,0,0,0.0,0,0.0,1,0,0.0,0.0,1.3,0.8,0.0,705.0,288.0,,,701.0,284.0,698.0,286.0,678.0,278.0,702.0,285.0,,,,,,,,0.0,0.0,0.0,0.0,0.0,0.0,0.0,0.0,0.0,24,0.0,0.0,0.0,0.0,0.0,0.0,0.0,0.0,0.0,0.0,0.0,0.0,0.0,0.0,0.0,1.0,0.0,0.0,0.0,0.0,0.0,0.0,0.0,0.0,0.0,0.0,0.0,0.0,0.0,0.0
326,Adama,Traoré Diarra,Adama,a,,,5.1,226,139.0,0.1,415,140.0,0.4,360.0,158.0,0,0,0.0,-4,4.0,483,145,0.1,3.3,0.4,0.4,1.1,431.0,193.0,,,430.0,191.0,288.0,165.0,287.0,151.0,374.0,174.0,,,,,,,,0.06,0.18,0.24,1.9,0.0,0.0,2.67,0.33,4.67,24,0.0,9.0,0.0,0.0,0.0,1.0,0.0,0.0,0.0,1.0,0.0,0.0,0.0,0.0,57.0,499.0,154.0,0.0,0.0,0.0,0.0,0.8000000000000007,0.1999999999999993,0.30000000000000426,0.0,0.09999999999999964,0.0,0.0,0.0,0.0
600,Alphonse,Areola,Areola,a,,,4.3,567,27.0,2.2,123,16.0,2.2,175.0,17.0,2,0,0.0,-2,2.0,1999,1101,0.5,11.9,2.2,2.2,2.5,252.0,21.0,,,19.0,5.0,409.0,6.0,586.0,65.0,170.0,6.0,,,,,,,,0.0,0.0,0.0,1.76,3.85,0.0,1.85,1.0,0.0,24,2.0,90.0,0.0,0.0,0.0,3.0,0.0,0.0,0.0,0.0,0.0,3.0,1.0,0.0,5.0,2127.0,1329.0,0.0,0.0,0.0,0.0,2.6999999999999957,18.799999999999955,0.0,0.0,1.8999999999999986,0.0,4.0,8.0,0.0
601,Wes,Foderingham,Foderingham,u,has joined Aris Limassol permanently.,,4.0,655,42.0,0.2,350,51.0,0.0,483.0,56.0,0,0,0.0,0,0.0,0,78,0.0,0.0,0.0,0.0,0.0,560.0,62.0,0.0,0.0,550.0,62.0,541.0,49.0,507.0,34.0,552.0,62.0,,,,,,,,0.0,0.0,0.0,0.0,0.0,0.0,0.0,0.0,0.0,24,0.0,0.0,0.0,0.0,0.0,0.0,0.0,0.0,0.0,0.0,0.0,0.0,0.0,0.0,0.0,0.0,80.0,0.0,0.0,0.0,0.0,0.0,0.0,0.0,0.0,0.0,0.0,0.0,0.0,0.0
602,Krisztián,Hegyi,Hegyi,u,has joined MTK Budapest on loan for the rest of the season.,,3.9,759,83.0,0.2,355,52.0,0.0,465.0,45.0,0,0,0.0,-1,1.0,0,158,0.0,0.0,0.0,0.0,0.0,542.0,51.0,0.0,0.0,532.0,51.0,522.0,37.0,487.0,22.0,534.0,51.0,,,,,,,,0.0,0.0,0.0,0.0,0.0,0.0,0.0,0.0,0.0,24,0.0,0.0,0.0,0.0,0.0,0.0,0.0,0.0,0.0,0.0,0.0,0.0,0.0,0.0,0.0,0.0,169.0,0.0,0.0,0.0,0.0,0.0,0.0,0.0,0.0,0.0,0.0,0.0,0.0,0.0
603,El Hadji Malick,Diouf,Diouf,a,,,4.0,719,200.0,1.3,163,60.0,0.4,340.0,127.0,1,0,0.0,-5,5.0,2142,503,0.1,11.5,0.4,0.4,2.6,239.0,91.0,100.0,100.0,155.0,65.0,151.0,39.0,274.0,81.0,190.0,63.0,,,,,,,,0.02,0.05,0.07,1.57,0.0,0.12,1.94,0.97,7.38,24,1.0,80.0,0.0,0.0,0.0,2.0,0.0,0.0,0.0,0.0,0.0,0.0,1.0,0.0,3.0,2339.0,649.0,0.0,0.0,0.050000000000000044,0.050000000000000044,1.8999999999999986,16.80000000000001,14.900000000000006,0.0,3.200000000000003,2.0,5.0,4.0,7.0
604,Emerson,Palmieri dos Santos,Emerson,u,has joined Marseille permanently.,,4.4,517,100.0,0.1,574,207.0,0.0,592.0,240.0,0,0,0.0,-1,1.0,0,7,0.0,0.0,0.0,0.0,0.0,650.0,247.0,0.0,0.0,641.0,247.0,638.0,247.0,613.0,245.0,643.0,247.0,,,,,,,,0.0,0.0,0.0,0.0,0.0,0.0,0.0,0.0,0.0,24,0.0,0.0,0.0,0.0,0.0,0.0,0.0,0.0,0.0,0.0,0.0,0.0,0.0,0.0,0.0,0.0,7.0,0.0,0.0,0.0,0.0,0.0,0.0,0.0,0.0,0.0,0.0,0.0,0.0,0.0
605,Maximilian,Kilman,Kilman,a,,,4.2,629,146.0,0.2,406,149.0,0.6,315.0,115.0,0,0,0.0,-3,3.0,93,138,0.1,8.6,0.6,0.6,1.7,364.0,132.0,,,85.0,37.0,306.0,101.0,280.0,84.0,204.0,66.0,,,,,,,,0.03,0.01,0.04,1.92,0.0,0.06,2.14,0.98,9.24,24,0.0,24.0,0.0,0.0,0.0,2.0,0.0,0.0,0.0,0.0,0.0,0.0,0.0,0.0,80.0,111.0,166.0,0.0,0.0,0.0,0.0,1.7800000000000011,11.599999999999966,0.19999999999999574,0.0,1.1999999999999957,0.0,5.0,1.0,5.0
606,Konstantinos,Mavropanos,Mavropanos,a,,,4.4,529,111.0,0.1,523,188.0,2.4,161.0,54.0,3,0,0.0,-1,1.0,251,83,0.5,9.8,2.4,2.4,2.5,255.0,99.0,100.0,100.0,116.0,51.0,399.0,147.0,168.0,36.0,213.0,70.0,,,,,,,,0.07,0.02,0.09,1.55,0.0,0.07,1.79,0.93,10.78,24,3.0,90.0,0.0,0.0,0.0,3.0,0.0,0.0,0.0,0.0,0.0,0.0,1.0,0.0,2.0,268.0,112.0,0.0,0.0,0.0,0.0,2.6999999999999993,24.399999999999977,0.40000000000000036,0.0,2.5,1.0,11.0,0.0,12.0
607,Nayef,Aguerd,N.Aguerd,u,has joined Marseille permanently.,,4.4,522,105.0,0.0,604,215.0,0.0,595.0,243.0,0,0,0.0,-1,1.0,0,11,0.0,0.7,0.0,0.0,1.5,395.0,144.0,0.0,0.0,400.0,153.0,436.0,158.0,392.0,146.0,431.0,155.0,,,,,,,,0.05,0.02,0.07,1.71,0.0,0.0,4.0,1.0,7.5,24,0.0,0.0,0.0,0.0,0.0,0.0,0.0,0.0,0.0,0.0,0.0,0.0,0.0,0.0,0.0,0.0,12.0,0.0,0.0,0.0,0.0,0.0,0.0,0.0,0.0,0.0,0.0,0.0,0.0,0.0
608,Ollie,Scarles,Scarles,a,,,4.3,604,141.0,0.0,610,219.0,2.4,160.0,53.0,0,0,0.0,-2,2.0,51,41,0.6,4.4,2.4,2.4,1.9,338.0,126.0,100.0,100.0,294.0,111.0,296.0,98.0,357.0,121.0,342.0,116.0,,,,,,,,0.03,0.04,0.07,1.84,0.0,0.0,2.13,1.28,9.81,24,0.0,9.0,0.0,0.0,0.0,1.0,0.0,0.0,0.0,1.0,0.0,0.0,0.0,0.0,0.0,56.0,48.0,0.0,0.0,0.0,0.0,0.7999999999999989,5.199999999999989,0.0,0.0,0.5,2.0,2.0,0.0,4.0
609,Jean-Clair,Todibo,Todibo,s,Suspended until 21 Feb,,4.3,584,133.0,0.1,461,170.0,1.6,225.0,81.0,0,0,0.0,-2,2.0,32,239,0.4,7.2,0.0,1.6,1.7,365.0,133.0,0.0,100.0,122.0,53.0,283.0,90.0,356.0,120.0,246.0,85.0,,,,,,,,0.01,0.02,0.03,1.7,0.0,0.0,1.95,1.07,8.17,24,0.0,90.0,0.0,0.0,0.0,3.0,0.0,0.0,0.0,0.0,1.0,0.0,1.0,0.0,112.0,39.0,266.0,0.0,0.2,0.0,0.2,2.6999999999999993,14.800000000000011,0.6000000000000014,7.0,2.200000000000003,2.0,9.0,4.0,11.0
610,Aaron,Wan-Bissaka,Wan-Bissaka,a,,,4.1,651,158.0,4.0,85,28.0,2.6,144.0,47.0,7,0,0.0,-4,4.0,11411,793,0.6,9.3,2.6,2.6,2.5,250.0,96.0,100.0,100.0,152.0,64.0,95.0,22.0,350.0,117.0,175.0,55.0,,,,,,,,0.0,0.05,0.05,1.7,0.0,0.0,2.11,0.98,7.94,24,7.0,90.0,0.0,2.0,0.0,3.0,0.0,0.0,0.0,0.0,0.0,0.0,1.0,0.0,26.0,11623.0,918.0,0.0,0.0,0.06999999999999995,0.06999999999999995,2.6999999999999993,57.599999999999994,26.19999999999999,6.0,9.0,2.0,6.0,3.0,8.0
611,Kaelan,Casey,Casey,u,has joined Leyton Orient on loan for the rest of the season.,,4.0,698,181.0,0.1,533,195.0,0.0,518.0,205.0,0,0,0.0,0,0.0,0,17,0.0,0.0,0.0,0.0,0.0,594.0,221.0,0.0,0.0,584.0,220.0,577.0,220.0,544.0,215.0,586.0,220.0,,,,,,,,0.0,0.0,0.0,0.0,0.0,0.0,0.0,0.0,0.0,24,0.0,0.0,0.0,0.0,0.0,0.0,0.0,0.0,0.0,0.0,0.0,0.0,0.0,0.0,0.0,0.0,18.0,0.0,0.0,0.0,0.0,0.0,0.0,0.0,0.0,0.0,0.0,0.0,0.0,0.0
612,Lucas,Tolentino Coelho de Lima,L.Paquetá,i,Back injury - Unknown return date,,5.9,98,63.0,1.3,169,58.0,0.4,367.0,163.0,0,0,0.0,-1,1.0,13,3871,0.1,11.7,0.0,0.0,3.8,94.0,45.0,0.0,0.0,95.0,30.0,38.0,35.0,115.0,67.0,59.0,38.0,3.0,2.0,1.0,,,,,0.17,0.12,0.29,1.44,0.0,0.18,1.96,1.07,8.68,24,0.0,0.0,0.0,0.0,0.0,0.0,0.0,0.0,0.0,0.0,0.0,0.0,0.0,0.0,0.0,13.0,4729.0,0.0,0.0,0.0,0.0,0.0,0.0,0.0,0.0,0.0,0.0,0.0,0.0,0.0
613,Tomáš,Souček,Souček,a,,,5.7,117,73.0,0.2,344,115.0,2.8,137.0,60.0,2,0,0.0,-3,3.0,244,171,0.5,8.6,2.8,2.8,2.3,290.0,127.0,100.0,100.0,188.0,79.0,235.0,146.0,80.0,50.0,174.0,94.0,,,,,,,,0.25,0.03,0.28,1.95,0.0,0.09,2.46,0.91,10.31,24,2.0,90.0,0.0,0.0,0.0,3.0,0.0,0.0,0.0,0.0,0.0,0.0,1.0,0.0,4.0,266.0,205.0,0.0,0.0,0.010000000000000009,0.010000000000000231,2.6999999999999993,3.3999999999999773,1.1000000000000085,8.0,1.3000000000000043,1.0,2.0,5.0,8.0
615,Crysencio,Summerville,Summerville,a,,,5.5,147,92.0,0.6,240,83.0,6.2,10.0,7.0,7,0,0.0,0,0.0,26744,951,1.1,11.5,6.2,6.2,3.3,145.0,65.0,100.0,100.0,196.0,84.0,97.0,73.0,56.0,34.0,97.0,56.0,2.0,,,,,,,0.17,0.06,0.23,1.48,0.0,0.06,1.86,1.09,7.36,24,7.0,90.0,1.0,0.0,0.0,3.0,0.0,0.0,0.0,0.0,0.0,0.0,1.0,0.0,31.0,27236.0,1114.0,0.0,0.31999999999999984,0.020000000000000018,0.33999999999999986,2.6999999999999993,38.0,11.0,21.0,7.0,1.0,0.0,5.0,6.0
616,Edson,Álvarez Velázquez,Álvarez,u,Has joined Fenerbahçe on loan for the rest of the season.,,4.9,309,192.0,0.0,590,221.0,0.0,724.0,304.0,0,0,0.0,-1,1.0,0,8,0.0,0.0,0.0,0.0,0.0,757.0,325.0,0.0,0.0,757.0,325.0,753.0,325.0,744.0,323.0,757.0,325.0,,,,,,,,0.0,0.0,0.0,0.0,0.0,0.0,0.0,0.0,0.0,24,0.0,0.0,0.0,0.0,0.0,0.0,0.0,0.0,0.0,0.0,0.0,0.0,0.0,0.0,0.0,0.0,8.0,0.0,0.0,0.0,0.0,0.0,0.0,0.0,0.0,0.0,0.0,0.0,0.0,0.0
617,Maxwel,Cornet,Cornet,u,has joined Genoa on loan for the rest of the season.,,4.9,289,177.0,0.0,691,291.0,0.0,716.0,299.0,0,0,0.0,-1,1.0,0,1,0.0,0.0,0.0,0.0,0.0,753.0,322.0,0.0,0.0,753.0,322.0,749.0,322.0,739.0,319.0,753.0,322.0,,,,,,,,0.0,0.0,0.0,0.0,0.0,0.0,0.0,0.0,0.0,24,0.0,0.0,0.0,0.0,0.0,0.0,0.0,0.0,0.0,0.0,0.0,0.0,0.0,0.0,0.0,0.0,1.0,0.0,0.0,0.0,0.0,0.0,0.0,0.0,0.0,0.0,0.0,0.0,0.0,0.0
618,Guido,Rodríguez,G.Rodriguez,u,has joined Valencia on loan for the rest of the season.,,4.8,353,221.0,0.0,594,224.0,0.2,399.0,181.0,0,0,0.0,-2,2.0,0,61,0.0,1.7,0.0,0.0,1.3,417.0,185.0,0.0,0.0,445.0,199.0,429.0,209.0,434.0,214.0,458.0,209.0,,,,,,,,0.02,0.02,0.04,1.33,0.0,0.51,1.03,1.03,7.71,24,0.0,0.0,0.0,0.0,0.0,0.0,0.0,0.0,0.0,0.0,0.0,0.0,0.0,0.0,0.0,0.0,63.0,0.0,0.0,0.0,0.0,0.0,0.0,0.0,0.0,0.0,0.0,0.0,0.0,0.0
619,Luis Guilherme,Lira dos Santos,L.Guilherme,u,has joined Sporting CP permanently.,,4.9,342,212.0,0.0,670,276.0,0.0,737.0,314.0,0,0,0.0,-1,1.0,0,14,0.0,1.0,0.0,0.0,1.0,478.0,222.0,0.0,0.0,447.0,201.0,391.0,195.0,419.0,207.0,451.0,204.0,,,,,,,,0.05,0.02,0.07,1.35,0.0,0.0,1.49,0.74,8.18,24,0.0,0.0,0.0,0.0,0.0,0.0,0.0,0.0,0.0,0.0,0.0,0.0,0.0,0.0,0.0,0.0,14.0,0.0,0.0,0.0,0.0,0.0,0.0,0.0,0.0,0.0,0.0,0.0,0.0,0.0
620,George,Earthy,Earthy,u,has joined Bristol City on loan for the rest of the season.,,4.5,443,265.0,0.0,596,226.0,0.0,646.0,245.0,0,0,0.0,0,0.0,0,36,0.0,0.2,0.0,0.0,1.0,459.0,206.0,0.0,0.0,691.0,274.0,446.0,215.0,432.0,212.0,478.0,220.0,,,,,,,,0.0,0.11,0.11,8.21,0.0,0.0,11.25,0.0,0.0,24,0.0,0.0,0.0,0.0,0.0,0.0,0.0,0.0,0.0,0.0,0.0,0.0,0.0,0.0,0.0,0.0,37.0,0.0,0.0,0.0,0.0,0.0,0.0,0.0,0.0,0.0,0.0,0.0,0.0,0.0
621,Andy,Irving,Irving,u,has joined Sparta Prague permanently.,,4.3,579,342.0,0.2,341,114.0,0.0,565.0,193.0,0,0,0.0,-2,2.0,0,399,0.0,2.1,0.0,0.0,1.3,414.0,182.0,0.0,0.0,410.0,182.0,310.0,175.0,428.0,210.0,406.0,184.0,3.0,,,,,,,0.0,0.1,0.1,2.32,0.0,0.0,2.31,1.15,12.69,24,0.0,0.0,0.0,0.0,0.0,0.0,0.0,0.0,0.0,0.0,0.0,0.0,0.0,0.0,0.0,0.0,425.0,0.0,0.0,0.0,0.0,0.0,0.0,0.0,0.0,0.0,0.0,0.0,0.0,0.0
622,Lewis,Orford,Orford,u,has joined Stevenage on loan for the rest of the season.,,4.4,544,327.0,0.1,571,211.0,0.0,605.0,219.0,0,0,0.0,-1,1.0,0,10,0.0,0.0,0.0,0.0,0.0,661.0,256.0,0.0,0.0,653.0,248.0,650.0,253.0,625.0,242.0,655.0,250.0,,,,,,,,0.0,0.0,0.0,0.0,0.0,0.0,0.0,0.0,0.0,24,0.0,0.0,0.0,0.0,0.0,0.0,0.0,0.0,0.0,0.0,0.0,0.0,0.0,0.0,0.0,0.0,11.0,0.0,0.0,0.0,0.0,0.0,0.0,0.0,0.0,0.0,0.0,0.0,0.0,0.0
623,Freddie,Potts,Potts,a,,,4.4,540,323.0,0.7,214,73.0,0.6,319.0,142.0,0,0,0.0,-1,1.0,328,955,0.1,6.8,0.6,0.6,1.8,352.0,156.0,100.0,100.0,260.0,111.0,197.0,131.0,316.0,165.0,284.0,139.0,1.0,,,,,,,0.02,0.1,0.12,1.79,0.0,0.0,2.11,0.92,9.07,24,0.0,0.0,0.0,0.0,0.0,0.0,0.0,0.0,0.0,0.0,0.0,0.0,0.0,0.0,0.0,366.0,1181.0,0.0,0.0,0.0,0.0,0.0,0.0,0.0,0.0,0.0,0.0,0.0,0.0,0.0
624,Jarrod,Bowen,Bowen,a,,,7.6,20,6.0,8.6,47,10.0,5.8,15.0,3.0,8,0,0.0,-4,4.0,50980,7292,0.8,14.9,5.8,5.8,4.7,26.0,5.0,,,29.0,3.0,60.0,2.0,6.0,5.0,14.0,3.0,,1.0,2.0,,,,,0.24,0.08,0.32,1.67,0.0,0.04,1.97,1.0,6.7,24,8.0,80.0,1.0,0.0,0.0,2.0,0.0,0.0,0.0,0.0,0.0,0.0,1.0,2.0,34.0,52772.0,10432.0,0.0,0.2599999999999998,0.1499999999999999,0.41000000000000014,1.8999999999999986,53.200000000000045,26.399999999999977,34.0,11.400000000000006,0.0,3.0,4.0,7.0
625,Niclas,Füllkrug,Füllkrug,u,has joined AC Milan on loan for the rest of the season.,,5.6,123,34.0,0.6,238,37.0,0.0,793.0,84.0,0,0,0.0,-4,4.0,0,201,0.0,2.1,0.0,0.0,1.5,402.0,48.0,0.0,0.0,420.0,46.0,251.0,25.0,177.0,40.0,332.0,39.0,,,,,,,,0.21,0.05,0.26,1.9,0.0,0.22,2.43,1.11,4.2,24,0.0,0.0,0.0,0.0,0.0,0.0,0.0,0.0,0.0,0.0,0.0,0.0,0.0,0.0,0.0,0.0,212.0,0.0,0.0,0.0,0.0,0.0,0.0,0.0,0.0,0.0,0.0,0.0,0.0,0.0
626,Callum,Marshall,Marshall,u,has joined VfL Bochum 1848 on loan for the rest of the season.,,4.3,610,84.0,0.6,243,38.0,0.0,580.0,54.0,0,0,0.0,-2,2.0,0,434,0.0,0.5,0.0,0.0,1.0,450.0,56.0,0.0,0.0,478.0,56.0,470.0,59.0,404.0,56.0,468.0,57.0,,,,,,,,0.2,0.0,0.2,2.41,0.0,0.0,3.1,0.0,4.66,24,0.0,0.0,0.0,0.0,0.0,0.0,0.0,0.0,0.0,0.0,0.0,0.0,0.0,0.0,0.0,0.0,460.0,0.0,0.0,0.0,0.0,0.0,0.0,0.0,0.0,0.0,0.0,0.0,0.0,0.0
659,Kyle,Walker-Peters,Walker-Peters,a,,,4.2,627,144.0,0.3,336,124.0,0.6,314.0,114.0,0,0,0.0,-3,3.0,144,227,0.1,7.1,0.6,0.6,1.9,336.0,124.0,,,231.0,94.0,243.0,72.0,222.0,58.0,258.0,88.0,,,,,,,,0.11,0.02,0.13,1.98,0.0,0.09,1.99,0.95,6.71,24,0.0,0.0,0.0,0.0,0.0,0.0,0.0,0.0,0.0,0.0,0.0,0.0,0.0,0.0,0.0,151.0,254.0,0.0,0.0,0.0,0.0,0.0,0.0,0.0,0.0,0.0,0.0,0.0,0.0,0.0
671,Callum,Wilson,Wilson,a,,,5.8,104,30.0,0.6,227,35.0,2.0,192.0,22.0,1,0,0.0,-2,2.0,703,1619,0.3,10.3,2.0,2.0,3.0,195.0,19.0,,,220.0,19.0,275.0,28.0,53.0,20.0,167.0,19.0,,,,,,,,0.48,0.02,0.5,1.71,0.0,0.11,1.83,0.86,2.9,24,1.0,14.0,0.0,0.0,0.0,1.0,0.0,0.0,0.0,0.0,0.0,0.0,0.0,0.0,2.0,765.0,1786.0,0.0,0.0,0.0,0.0,0.8400000000000016,0.0,0.5,2.0,0.29999999999999716,0.0,0.0,0.0,0.0
679,Mads,Hermansen,Hermansen,a,,,4.2,636,37.0,0.2,367,54.0,0.0,552.0,82.0,0,0,0.0,-3,3.0,48,68,0.0,2.1,0.0,0.0,2.2,295.0,26.0,,,344.0,28.0,609.0,78.0,579.0,64.0,408.0,28.0,,,,,,,,0.0,0.0,0.0,1.36,2.25,0.25,2.75,1.0,0.0,24,0.0,0.0,0.0,0.0,0.0,0.0,0.0,0.0,0.0,0.0,0.0,0.0,0.0,0.0,0.0,52.0,78.0,0.0,0.0,0.0,0.0,0.0,0.0,0.0,0.0,0.0,0.0,0.0,0.0,0.0
708,Mateus Gonçalo,Espanha Fernandes,M.Fernandes,a,,,5.5,154,96.0,0.2,339,113.0,5.0,26.0,15.0,4,0,0.0,0,0.0,2380,527,0.9,15.3,5.0,5.0,3.8,93.0,44.0,100.0,100.0,61.0,18.0,30.0,29.0,233.0,127.0,61.0,40.0,4.0,,,,,,,0.06,0.08,0.14,1.53,0.0,0.1,1.68,1.07,11.33,24,4.0,90.0,0.0,0.0,0.0,3.0,0.0,0.0,0.0,0.0,0.0,0.0,1.0,0.0,21.0,2579.0,656.0,0.0,0.08999999999999986,0.16000000000000014,0.25,2.6999999999999993,17.80000000000001,30.099999999999966,12.0,6.0,1.0,6.0,7.0,14.0
718,Soungoutou,Magassa,S.Magassa,a,,,5.0,276,169.0,0.0,645,262.0,0.2,405.0,186.0,0,0,0.0,0,0.0,5,62,0.0,6.6,0.2,0.2,2.4,273.0,118.0,,,275.0,119.0,280.0,163.0,319.0,167.0,322.0,156.0,,,,,,,,0.04,0.03,0.07,1.82,0.0,0.12,2.21,1.11,12.42,24,0.0,0.0,0.0,0.0,0.0,0.0,0.0,0.0,0.0,0.0,0.0,0.0,0.0,0.0,0.0,8.0,71.0,0.0,0.0,0.0,0.0,0.0,0.0,0.0,0.0,0.0,0.0,0.0,0.0,0.0
738,Lukasz,Fabianski,Fabianski,d,Back injury - 25% chance of playing,,4.5,403,20.0,0.0,626,79.0,0.0,621.0,86.0,0,0,0.0,0,0.0,12,37,0.0,0.0,0.0,0.0,0.0,675.0,89.0,25.0,25.0,670.0,89.0,665.0,82.0,642.0,70.0,672.0,89.0,,,,,,,,0.0,0.0,0.0,0.0,0.0,0.0,0.0,0.0,0.0,24,0.0,0.0,0.0,0.0,0.0,0.0,0.0,0.0,0.0,0.0,0.0,0.0,0.0,0.0,0.0,16.0,40.0,0.0,0.0,0.0,0.0,0.0,0.0,0.0,0.0,0.0,0.0,0.0,0.0,0.0
747,Ezra,Mayers,Mayers,a,,,4.0,716,197.0,0.0,646,225.0,0.4,339.0,126.0,0,0,0.0,0,0.0,27,39,0.1,1.2,0.4,0.4,1.0,442.0,163.0,,,427.0,161.0,354.0,124.0,387.0,141.0,423.0,153.0,,,,,,,,0.1,0.35,0.45,2.25,0.0,0.0,2.41,0.0,4.02,24,0.0,0.0,0.0,0.0,0.0,0.0,0.0,0.0,0.0,0.0,0.0,0.0,0.0,0.0,0.0,30.0,42.0,0.0,0.0,0.0,0.0,0.0,0.0,0.0,0.0,0.0,0.0,0.0,0.0,0.0
752,Airidas,Golambeckis,Golambeckis,a,,,4.0,727,208.0,0.0,662,231.0,0.0,543.0,228.0,0,0,0.0,0,0.0,34,24,0.0,0.0,0.0,0.0,0.0,617.0,242.0,,,608.0,242.0,601.0,242.0,569.0,238.0,610.0,242.0,,,,,,,,0.0,0.0,0.0,0.0,0.0,0.0,0.0,0.0,0.0,24,0.0,0.0,0.0,0.0,0.0,0.0,0.0,0.0,0.0,0.0,0.0,0.0,0.0,0.0,0.0,40.0,27.0,0.0,0.0,0.0,0.0,0.0,0.0,0.0,0.0,0.0,0.0,0.0,0.0,0.0
758,Mohamadou,Kanté,Mohamadou Kanté,a,,,4.5,502,311.0,0.0,736,314.0,0.0,693.0,284.0,0,0,0.0,0,0.0,18,19,0.0,0.7,0.0,0.0,1.0,468.0,214.0,,,459.0,209.0,403.0,199.0,416.0,205.0,457.0,208.0,,,,,,,,0.17,0.11,0.28,3.04,0.0,0.0,0.0,0.0,22.5,24,0.0,0.0,0.0,0.0,0.0,0.0,0.0,0.0,0.0,0.0,0.0,0.0,0.0,0.0,0.0,19.0,21.0,0.0,0.0,0.0,0.0,0.0,0.0,0.0,0.0,0.0,0.0,0.0,0.0,0.0
785,Pablo Felipe,Pereira de Jesus,Pablo,a,,,5.5,153,39.0,0.0,695,85.0,1.4,254.0,31.0,2,0,0.0,0,0.0,184,70,0.3,1.3,1.4,1.4,1.8,359.0,41.0,,,438.0,49.0,339.0,41.0,364.0,53.0,413.0,51.0,,,,,,,,0.13,0.03,0.16,1.37,0.0,0.0,1.51,1.13,8.66,24,2.0,65.0,0.0,0.0,0.0,1.0,0.0,0.0,0.0,0.0,0.0,0.0,1.0,0.0,9.0,191.0,85.0,0.0,0.0,0.04000000000000001,0.03999999999999998,0.9199999999999999,7.6,12.299999999999997,0.0,2.0,2.0,3.0,5.0,10.0
791,Valentín,Castellanos,Taty,a,,,5.5,144,36.0,0.0,597,79.0,2.2,183.0,21.0,2,0,0.0,0,0.0,476,218,0.4,1.6,2.2,2.2,2.2,302.0,31.0,,,418.0,45.0,323.0,36.0,150.0,36.0,341.0,41.0,,,,,,,,0.43,0.01,0.44,1.43,0.0,0.0,1.64,1.09,4.92,24,2.0,75.0,0.0,0.0,0.0,2.0,0.0,0.0,0.0,0.0,0.0,0.0,1.0,0.0,13.0,521.0,255.0,0.0,0.24,0.010000000000000002,0.25,1.8599999999999999,6.800000000000001,1.6000000000000014,50.0,5.800000000000001,0.0,2.0,3.0,5.0
802,Keiber,Lamadrid,Lamadrid,a,,,5.0,279,171.0,0.0,791,348.0,0.0,756.0,329.0,0,0,0.0,0,0.0,19,16,0.0,0.0,0.0,0.0,0.0,781.0,344.0,,,781.0,344.0,779.0,344.0,773.0,342.0,781.0,344.0,,,,,,,,0.0,0.0,0.0,0.0,0.0,0.0,0.0,0.0,0.0,24,0.0,0.0,0.0,0.0,0.0,0.0,0.0,0.0,0.0,0.0,0.0,0.0,0.0,0.0,0.0,20.0,17.0,0.0,0.0,0.0,0.0,0.0,0.0,0.0,0.0,0.0,0.0,0.0,0.0,0.0
627,Sam,Johnstone,Johnstone,a,,,4.4,516,26.0,0.1,424,64.0,0.0,591.0,85.0,0,0,0.0,-1,1.0,78,114,0.0,4.8,0.0,0.0,1.8,351.0,27.0,,,144.0,20.0,471.0,13.0,612.0,69.0,295.0,20.0,,,,,,,,0.0,0.0,0.0,1.55,3.25,0.0,2.0,1.0,0.0,24,0.0,0.0,0.0,0.0,0.0,0.0,0.0,0.0,0.0,0.0,0.0,0.0,0.0,0.0,0.0,87.0,121.0,0.0,0.0,0.0,0.0,0.0,0.0,0.0,0.0,0.0,0.0,0.0,0.0,0.0
628,José,Malheiro de Sá,José Sá,a,,,4.2,626,33.0,1.1,182,23.0,3.2,92.0,8.0,1,0,0.0,-3,3.0,906,669,0.8,6.7,3.2,3.2,2.3,281.0,23.0,,,228.0,21.0,408.0,5.0,575.0,60.0,339.0,21.0,,,,,,,,0.0,0.0,0.0,1.18,1.92,0.17,1.75,1.0,0.0,24,1.0,90.0,0.0,0.0,0.0,2.0,0.0,0.0,0.0,0.0,0.0,2.0,1.0,0.0,10.0,1495.0,854.0,0.0,0.0,0.0,0.0,1.3600000000000012,21.0,0.0,0.0,2.1000000000000014,0.0,1.0,12.0,0.0
629,Daniel,Bentley,Bentley,a,,,3.9,733,69.0,0.5,259,34.0,0.0,447.0,31.0,0,0,0.0,-1,1.0,212,113,0.0,0.0,0.0,0.0,0.0,525.0,37.0,100.0,100.0,515.0,37.0,505.0,23.0,470.0,8.0,517.0,37.0,,,,,,,,0.0,0.0,0.0,0.0,0.0,0.0,0.0,0.0,0.0,24,0.0,0.0,0.0,0.0,0.0,0.0,0.0,0.0,0.0,0.0,0.0,0.0,0.0,0.0,0.0,246.0,131.0,0.0,0.0,0.0,0.0,0.0,0.0,0.0,0.0,0.0,0.0,0.0,0.0,0.0
631,Emmanuel,Agbadou,Agbadou,a,,,4.2,640,152.0,0.1,440,163.0,0.6,317.0,117.0,3,0,0.0,-3,3.0,30,37,0.1,5.5,0.6,0.6,1.6,376.0,139.0,100.0,100.0,139.0,60.0,267.0,82.0,255.0,73.0,223.0,74.0,,5.0,,,,,,0.05,0.03,0.08,1.49,0.0,0.0,2.37,0.98,10.23,24,3.0,90.0,0.0,0.0,0.0,2.0,0.0,0.0,0.0,0.0,0.0,0.0,1.0,0.0,11.0,35.0,44.0,0.0,0.06999999999999995,0.050000000000000044,0.12,1.360000000000003,25.80000000000001,10.799999999999997,6.0,4.299999999999997,4.0,6.0,4.0,10.0
632,Matt,Doherty,Doherty,a,,,4.4,515,99.0,0.1,493,178.0,0.0,590.0,239.0,0,0,0.0,-1,1.0,27,37,0.0,2.5,0.0,0.0,1.4,407.0,148.0,100.0,100.0,319.0,123.0,315.0,106.0,368.0,128.0,362.0,127.0,,,,,,,,0.01,0.03,0.04,1.39,0.0,0.15,1.65,1.2,7.06,24,0.0,0.0,0.0,0.0,0.0,0.0,0.0,0.0,0.0,0.0,0.0,0.0,0.0,0.0,0.0,37.0,41.0,0.0,0.0,0.0,0.0,0.0,0.0,0.0,0.0,0.0,0.0,0.0,0.0,0.0
633,Hugo,Bueno López,H.Bueno,a,,,4.3,592,137.0,0.2,411,150.0,4.4,38.0,11.0,2,0,0.0,-2,2.0,688,318,1.0,12.1,4.4,4.4,2.5,253.0,97.0,100.0,100.0,130.0,57.0,35.0,2.0,203.0,51.0,86.0,20.0,2.0,,,,,,,0.03,0.12,0.15,1.21,0.0,0.19,1.51,0.95,6.5,24,2.0,88.0,0.0,0.0,0.0,1.0,0.0,0.0,0.0,0.0,0.0,0.0,1.0,0.0,9.0,921.0,371.0,0.0,0.0,0.24,0.2400000000000002,0.5600000000000023,10.0,30.30000000000001,0.0,4.0,2.0,2.0,4.0,4.0
634,Yerson,Mosquera Valdelamar,Mosquera,a,,,4.3,600,140.0,0.1,503,181.0,3.4,78.0,27.0,0,0,0.0,-2,2.0,173,157,0.8,6.0,3.4,3.4,1.7,366.0,134.0,100.0,100.0,208.0,82.0,240.0,69.0,141.0,25.0,224.0,75.0,,,,,,,,0.1,0.02,0.12,1.3,0.0,0.16,1.74,1.03,8.71,24,0.0,90.0,0.0,0.0,0.0,2.0,0.0,0.0,0.0,1.0,0.0,0.0,1.0,0.0,109.0,313.0,182.0,0.0,0.10999999999999988,0.010000000000000009,0.1200000000000001,1.3599999999999994,4.0,1.5999999999999943,10.0,1.6000000000000014,1.0,2.0,9.0,3.0
635,Rodrigo,Martins Gomes,R.Gomes,a,,,4.4,539,116.0,0.1,569,206.0,0.8,298.0,109.0,2,0,0.0,-1,1.0,25,15,0.2,3.9,0.8,0.8,1.9,339.0,127.0,100.0,100.0,369.0,141.0,321.0,107.0,206.0,53.0,335.0,115.0,,,,,,,,0.19,0.05,0.24,1.04,0.0,0.0,2.0,1.0,4.19,24,2.0,70.0,0.0,0.0,0.0,1.0,0.0,0.0,0.0,0.0,0.0,0.0,1.0,0.0,5.0,31.0,17.0,0.0,0.0,0.03,0.030000000000000027,0.4500000000000002,6.799999999999997,6.300000000000004,2.0,1.5,2.0,1.0,1.0,3.0
636,Santiago,Ignacio Bueno,S.Bueno,a,,,4.4,526,108.0,0.1,483,174.0,3.4,79.0,28.0,2,0,0.0,-1,1.0,101,168,0.8,11.8,3.4,3.4,3.5,115.0,40.0,100.0,100.0,128.0,56.0,293.0,97.0,197.0,46.0,210.0,69.0,,,,,,,,0.11,0.03,0.14,1.22,0.0,0.14,1.67,0.98,7.87,24,2.0,88.0,0.0,0.0,0.0,1.0,0.0,0.0,0.0,0.0,0.0,0.0,1.0,0.0,9.0,194.0,192.0,0.0,0.06000000000000005,0.0,0.06000000000000005,0.5600000000000023,13.400000000000034,0.30000000000000426,5.0,1.8999999999999986,2.0,3.0,2.0,5.0
637,Toti,Gomes,Toti,i,Hamstring injury - Unknown return date,,4.2,639,151.0,0.1,509,184.0,0.0,555.0,233.0,0,0,0.0,-3,3.0,3,40,0.0,4.8,0.0,0.0,1.5,393.0,143.0,0.0,0.0,219.0,88.0,263.0,80.0,339.0,109.0,289.0,98.0,,,,,,,,0.0,0.02,0.02,1.7,0.0,0.0,2.37,1.14,7.97,24,0.0,0.0,0.0,0.0,0.0,0.0,0.0,0.0,0.0,0.0,0.0,0.0,0.0,0.0,0.0,3.0,47.0,0.0,0.0,0.0,0.0,0.0,0.0,0.0,0.0,0.0,0.0,0.0,0.0,0.0
638,Ki-Jana,Hoever,Hoever,u,has joined Sheffield United on loan for the rest of the season.,,3.8,788,241.0,1.1,180,70.0,0.0,427.0,162.0,0,0,0.0,-2,2.0,0,1628,0.0,2.6,0.0,0.0,1.2,426.0,153.0,0.0,0.0,325.0,125.0,244.0,73.0,376.0,134.0,346.0,119.0,,,,,,,,0.0,0.08,0.08,1.99,0.0,0.0,2.77,1.28,8.51,24,0.0,0.0,0.0,0.0,0.0,0.0,0.0,0.0,0.0,0.0,0.0,0.0,0.0,0.0,0.0,0.0,1771.0,0.0,0.0,0.0,0.0,0.0,0.0,0.0,0.0,0.0,0.0,0.0,0.0,0.0
639,Bastien,Meupiyou Menadjou,Meupiyou,u,On loan to FC Alverca,,4.0,705,187.0,0.0,748,255.0,0.0,525.0,211.0,0,0,0.0,0,0.0,0,3,0.0,0.0,0.0,0.0,0.0,600.0,226.0,0.0,0.0,590.0,225.0,583.0,225.0,551.0,221.0,592.0,225.0,,,,,,,,0.0,0.0,0.0,0.0,0.0,0.0,0.0,0.0,0.0,24,0.0,0.0,0.0,0.0,0.0,0.0,0.0,0.0,0.0,0.0,0.0,0.0,0.0,0.0,0.0,0.0,4.0,0.0,0.0,0.0,0.0,0.0,0.0,0.0,0.0,0.0,0.0,0.0,0.0,0.0
647,Gonçalo Manuel,Ganchinho Guedes,Guedes,u,Has joined Real Sociedad permanently.,,5.5,140,86.0,0.0,776,338.0,0.0,788.0,351.0,0,0,0.0,0,0.0,0,0,0.0,0.0,0.0,0.0,0.0,796.0,355.0,0.0,0.0,796.0,355.0,795.0,355.0,792.0,354.0,796.0,355.0,,,,,,,,0.0,0.0,0.0,0.0,0.0,0.0,0.0,0.0,0.0,24,0.0,0.0,0.0,0.0,0.0,0.0,0.0,0.0,0.0,0.0,0.0,0.0,0.0,0.0,0.0,0.0,1.0,0.0,0.0,0.0,0.0,0.0,0.0,0.0,0.0,0.0,0.0,0.0,0.0,0.0
648,Marshall,Munetsi,Munetsi,u,has joined Paris FC on loan for the rest of the season.,,5.3,197,123.0,0.0,617,239.0,0.0,772.0,340.0,0,0,0.0,-2,2.0,0,33,0.0,7.2,0.0,0.0,2.9,206.0,87.0,0.0,0.0,261.0,112.0,290.0,166.0,108.0,65.0,245.0,118.0,,,,,,,,0.17,0.04,0.21,1.38,0.0,0.0,1.96,0.93,8.26,24,0.0,0.0,0.0,0.0,0.0,0.0,0.0,0.0,0.0,0.0,0.0,0.0,0.0,0.0,0.0,0.0,36.0,0.0,0.0,0.0,0.0,0.0,0.0,0.0,0.0,0.0,0.0,0.0,0.0,0.0
656,Saša,Kalajdžić,Kalajdžić,u,has joined LASK on loan for the rest of the season.,,4.9,322,58.0,0.0,584,78.0,0.0,727.0,73.0,0,0,0.0,-1,1.0,0,3,0.0,0.2,0.0,0.0,1.0,475.0,57.0,0.0,0.0,484.0,59.0,433.0,56.0,435.0,59.0,470.0,59.0,,,,,,,,0.0,0.06,0.06,0.64,0.0,0.0,0.0,0.0,12.86,24,0.0,0.0,0.0,0.0,0.0,0.0,0.0,0.0,0.0,0.0,0.0,0.0,0.0,0.0,0.0,0.0,3.0,0.0,0.0,0.0,0.0,0.0,0.0,0.0,0.0,0.0,0.0,0.0,0.0,0.0
657,Leon,Chiwome,Chiwome,i,Knee injury - Unknown return date,,4.4,558,80.0,0.0,649,81.0,0.0,616.0,62.0,0,0,0.0,-1,1.0,12,23,0.0,0.0,0.0,0.0,0.0,671.0,72.0,0.0,0.0,665.0,72.0,661.0,71.0,637.0,71.0,667.0,72.0,,,,,,,,0.0,0.0,0.0,0.0,0.0,0.0,0.0,0.0,0.0,24,0.0,0.0,0.0,0.0,0.0,0.0,0.0,0.0,0.0,0.0,0.0,0.0,0.0,0.0,0.0,13.0,29.0,0.0,0.0,0.0,0.0,0.0,0.0,0.0,0.0,0.0,0.0,0.0,0.0,0.0
695,Jackson,Tchatchoua,Tchatchoua,a,,,4.4,546,117.0,0.0,638,223.0,2.6,145.0,48.0,0,0,0.0,-1,1.0,15,48,0.6,8.2,2.6,2.6,1.6,380.0,141.0,,,222.0,89.0,109.0,27.0,322.0,102.0,221.0,73.0,,,,,,,,0.02,0.07,0.09,1.2,0.0,0.15,1.82,0.87,5.53,24,0.0,0.0,0.0,0.0,0.0,0.0,0.0,0.0,0.0,0.0,0.0,0.0,0.0,0.0,0.0,33.0,54.0,0.0,0.0,0.0,0.0,0.0,0.0,0.0,0.0,0.0,0.0,0.0,0.0,0.0
709,Ladislav,Krejcí,Krejčí,d,Illness - 75% chance of playing,,4.5,424,84.0,0.1,532,194.0,3.0,110.0,36.0,0,0,0.0,0,0.0,25,285,0.7,10.2,2.2,2.2,2.6,241.0,93.0,75.0,75.0,93.0,42.0,209.0,52.0,106.0,16.0,126.0,40.0,,,,,,,,0.11,0.07,0.18,1.35,0.0,0.11,1.83,1.03,6.94,24,0.0,0.0,0.0,0.0,0.0,0.0,0.0,0.0,0.0,0.0,0.0,0.0,0.0,0.0,0.0,45.0,331.0,0.0,0.0,0.0,0.0,0.0,0.0,0.0,0.0,0.0,0.0,0.0,0.0,0.0
720,Tolu,Arokodare,Tolu,a,,,5.4,176,43.0,0.1,517,73.0,1.8,214.0,26.0,2,0,0.0,-1,1.0,120,196,0.3,6.9,1.8,1.8,1.9,348.0,39.0,,,334.0,34.0,203.0,20.0,61.0,22.0,208.0,23.0,,2.0,,,,,,0.24,0.03,0.27,1.13,0.0,0.21,2.04,0.97,5.26,24,2.0,90.0,0.0,0.0,0.0,2.0,0.0,0.0,0.0,0.0,0.0,0.0,1.0,0.0,4.0,148.0,222.0,0.0,0.6499999999999997,0.03999999999999998,0.69,1.3600000000000012,12.0,4.6000000000000085,70.0,8.700000000000003,1.0,1.0,1.0,3.0
749,Mateus,Mané,Mané,a,,,4.6,402,65.0,2.0,132,20.0,5.4,19.0,4.0,2,0,0.0,1,-1.0,5869,6323,1.2,8.7,5.4,5.4,3.1,172.0,16.0,,,262.0,23.0,161.0,14.0,165.0,38.0,226.0,27.0,,,,,,,,0.11,0.15,0.26,1.22,0.0,0.25,1.51,0.88,5.91,24,2.0,90.0,0.0,0.0,0.0,2.0,0.0,0.0,0.0,0.0,0.0,0.0,1.0,0.0,17.0,10933.0,7162.0,0.0,0.17000000000000004,0.44999999999999996,0.6200000000000001,1.3599999999999994,16.19999999999999,34.5,19.0,7.0,1.0,1.0,5.0,7.0
766,Saheed,Olagunju,Olagunju,a,,,4.0,715,196.0,0.0,681,235.0,0.0,535.0,220.0,0,0,0.0,0,0.0,73,39,0.0,0.0,0.0,0.0,0.0,609.0,234.0,,,599.0,233.0,592.0,233.0,560.0,229.0,601.0,233.0,,,,,,,,0.0,0.0,0.0,0.0,0.0,0.0,0.0,0.0,0.0,24,0.0,0.0,0.0,0.0,0.0,0.0,0.0,0.0,0.0,0.0,0.0,0.0,0.0,0.0,0.0,77.0,41.0,0.0,0.0,0.0,0.0,0.0,0.0,0.0,0.0,0.0,0.0,0.0,0.0,0.0
400,Stefan,Ortega Moreno,Ortega Moreno,a,,,4.7,375,16.0,0.2,403,60.0,0.0,701.0,89.0,0,0,0.0,-3,3.0,98,72,0.0,0.0,0.0,0.5,0.0,745.0,91.0,,,745.0,91.0,740.0,87.0,726.0,78.0,745.0,91.0,,,,,,,,0.0,0.0,0.0,0.0,0.0,0.0,0.0,0.0,0.0,24,0.0,0.0,0.0,0.0,0.0,0.0,0.0,0.0,0.0,0.0,0.0,0.0,0.0,0.0,0.0,107.0,81.0,0.0,0.0,0.0,0.0,0.0,0.0,0.0,0.0,0.0,0.0,0.0,0.0,0.0
482,Harrison,Ashby,Ashby,u,has joined Bradford City on loan for the rest of the season.,,3.9,749,216.0,0.1,446,164.0,0.0,459.0,180.0,0,0,0.0,-1,1.0,0,71,0.0,0.0,0.0,0.0,0.0,536.0,197.0,0.0,0.0,526.0,196.0,516.0,196.0,481.0,189.0,528.0,196.0,,,,,,,,0.0,0.0,0.0,0.0,0.0,0.0,0.0,0.0,0.0,24,0.0,0.0,0.0,0.0,0.0,0.0,0.0,0.0,0.0,0.0,0.0,0.0,0.0,0.0,0.0,0.0,79.0,0.0,0.0,0.0,0.0,0.0,0.0,0.0,0.0,0.0,0.0,0.0,0.0,0.0
483,Miodrag,Pivaš,Pivas,a,,,3.8,805,258.0,0.4,278,105.0,0.0,440.0,175.0,0,0,0.0,-2,2.0,129,318,0.0,0.0,0.0,-0.5,0.0,518.0,193.0,,,508.0,192.0,497.0,192.0,462.0,185.0,510.0,192.0,,,,,,,,0.0,0.0,0.0,0.0,0.0,0.0,0.0,0.0,0.0,24,0.0,0.0,0.0,0.0,0.0,0.0,0.0,0.0,0.0,0.0,0.0,0.0,0.0,0.0,0.0,140.0,332.0,0.0,0.0,0.0,0.0,0.0,0.0,0.0,0.0,0.0,0.0,0.0,0.0,0.0
484,Matt,Targett,Targett,u,has joined Middlesbrough on loan for the rest of the season.,,4.0,663,163.0,0.1,417,154.0,0.0,488.0,191.0,0,0,0.0,0,0.0,0,37,0.0,0.0,0.0,0.0,0.0,565.0,208.0,0.0,0.0,555.0,207.0,547.0,207.0,514.0,202.0,557.0,207.0,,,,,,,,0.0,0.0,0.0,0.0,0.0,0.0,0.0,0.0,0.0,24,0.0,0.0,0.0,0.0,0.0,0.0,0.0,0.0,0.0,0.0,0.0,0.0,0.0,0.0,0.0,0.0,41.0,0.0,0.0,0.0,0.0,0.0,0.0,0.0,0.0,0.0,0.0,0.0,0.0,0.0
485,Anthony,Gordon,Gordon,a,,,7.3,27,17.0,3.5,95,29.0,2.8,140.0,63.0,6,0,0.0,-2,2.0,6268,7003,0.4,8.4,2.8,2.3,3.2,163.0,71.0,100.0,100.0,197.0,85.0,59.0,47.0,49.0,29.0,73.0,45.0,,,2.0,,,,,0.37,0.22,0.59,1.08,0.0,0.44,1.63,1.26,4.59,24,6.0,90.0,1.0,0.0,0.0,4.0,0.0,0.0,0.0,1.0,0.0,0.0,1.0,0.0,25.0,6384.0,13994.0,0.0,0.22999999999999954,0.029999999999999805,0.2600000000000007,2.2799999999999994,38.80000000000001,7.0,39.0,8.5,1.0,0.0,2.0,3.0
486,Anthony,Elanga,Elanga,a,,,6.5,53,34.0,2.6,112,34.0,0.8,311.0,141.0,2,0,0.0,-5,5.0,566,639,0.1,4.8,0.8,0.3,1.6,389.0,174.0,100.0,100.0,340.0,150.0,162.0,108.0,208.0,113.0,272.0,134.0,,,,,,,,0.14,0.06,0.2,1.31,0.0,0.23,2.03,0.9,3.5,24,2.0,72.0,0.0,0.0,0.0,3.0,0.0,0.0,0.0,0.0,0.0,0.0,1.0,0.0,11.0,585.0,689.0,0.0,0.0,0.020000000000000018,0.020000000000000018,2.01,7.6000000000000085,9.300000000000011,0.0,1.6999999999999957,3.0,0.0,2.0,5.0
487,Harvey,Barnes,Barnes,a,,,6.1,81,54.0,1.5,151,48.0,4.6,34.0,18.0,2,0,0.0,-4,4.0,4047,4571,0.8,11.8,4.6,4.1,3.1,181.0,79.0,,,166.0,64.0,91.0,68.0,25.0,12.0,57.0,36.0,,,,,,,,0.37,0.14,0.51,1.11,0.0,0.3,1.28,0.9,4.75,24,2.0,72.0,0.0,0.0,0.0,3.0,0.0,0.0,0.0,0.0,0.0,0.0,1.0,0.0,3.0,4262.0,5560.0,0.0,0.040000000000000036,0.010000000000000009,0.05000000000000071,2.01,0.0,1.900000000000034,7.0,0.8999999999999915,1.0,0.0,1.0,2.0
495,Isaac,Hayden,Hayden,u,Has departed the club as a free agent.,,4.5,409,249.0,0.0,752,322.0,0.0,624.0,230.0,0,0,0.0,0,0.0,0,0,0.0,0.0,0.0,0.0,0.0,678.0,265.0,0.0,0.0,673.0,260.0,668.0,263.0,645.0,254.0,675.0,262.0,,,,,,,,0.0,0.0,0.0,0.0,0.0,0.0,0.0,0.0,0.0,24,0.0,0.0,0.0,0.0,0.0,0.0,0.0,0.0,0.0,0.0,0.0,0.0,0.0,0.0,0.0,0.0,0.0,0.0,0.0,0.0,0.0,0.0,0.0,0.0,0.0,0.0,0.0,0.0,0.0,0.0
496,Garang,Kuol,Kuol,u,has joined Sparta Prague permanently.,,4.4,552,331.0,0.0,625,246.0,0.0,611.0,222.0,0,0,0.0,-1,1.0,0,2,0.0,0.0,0.0,0.0,0.0,667.0,259.0,0.0,0.0,660.0,252.0,656.0,256.0,632.0,246.0,662.0,254.0,,,,,,,,0.0,0.0,0.0,0.0,0.0,0.0,0.0,0.0,0.0,24,0.0,0.0,0.0,0.0,0.0,0.0,0.0,0.0,0.0,0.0,0.0,0.0,0.0,0.0,0.0,0.0,2.0,0.0,0.0,0.0,0.0,0.0,0.0,0.0,0.0,0.0,0.0,0.0,0.0,0.0
654,Jørgen,Strand Larsen,Strand Larsen,a,,,6.1,82,26.0,0.9,193,31.0,1.6,239.0,29.0,1,0,0.0,-4,4.0,902,579,0.3,6.4,1.6,1.6,1.8,361.0,42.0,100.0,100.0,298.0,28.0,206.0,22.0,74.0,25.0,212.0,24.0,,,2.0,,,,,0.2,0.03,0.23,1.42,0.0,0.19,1.67,0.9,3.54,24,1.0,20.0,0.0,0.0,0.0,1.0,0.0,0.0,0.0,0.0,0.0,0.0,0.0,0.0,0.0,1014.0,654.0,0.0,0.18999999999999995,0.0,0.1900000000000004,0.9100000000000001,0.0,0.09999999999999432,11.0,0.8999999999999986,0.0,0.0,3.0,3.0
655,Fábio,Soares Silva,Fábio Silva,u,has joined Borussia Dortmund permanently.,,4.9,329,60.0,0.2,393,60.0,0.0,732.0,74.0,0,0,0.0,-1,1.0,0,28,0.0,0.0,0.0,0.0,0.0,764.0,83.0,0.0,0.0,764.0,83.0,760.0,82.0,752.0,82.0,764.0,83.0,,,,,,,,0.0,0.0,0.0,0.0,0.0,0.0,0.0,0.0,0.0,24,0.0,0.0,0.0,0.0,0.0,0.0,0.0,0.0,0.0,0.0,0.0,0.0,0.0,0.0,0.0,0.0,28.0,0.0,0.0,0.0,0.0,0.0,0.0,0.0,0.0,0.0,0.0,0.0,0.0,0.0
753,John,Ruddy,Ruddy,a,,,4.0,652,39.0,0.0,699,80.0,0.0,481.0,54.0,0,0,0.0,0,0.0,18,17,0.0,0.0,0.0,-0.5,0.0,558.0,60.0,,,548.0,60.0,538.0,46.0,504.0,31.0,550.0,60.0,,,,,,,,0.0,0.0,0.0,0.0,0.0,0.0,0.0,0.0,0.0,24,0.0,0.0,0.0,0.0,0.0,0.0,0.0,0.0,0.0,0.0,0.0,0.0,0.0,0.0,0.0,19.0,19.0,0.0,0.0,0.0,0.0,0.0,0.0,0.0,0.0,0.0,0.0,0.0,0.0,0.0
650,Tawanda,Chirewa,Chirewa,a,,,4.3,596,348.0,0.2,356,119.0,0.2,382.0,168.0,0,0,0.0,-2,2.0,162,136,0.0,0.5,0.2,0.2,1.0,448.0,196.0,100.0,100.0,464.0,213.0,466.0,226.0,593.0,221.0,477.0,219.0,,,,,,,,0.0,0.0,0.0,1.8,0.0,0.0,0.0,0.0,14.4,24,0.0,0.0,0.0,0.0,0.0,0.0,0.0,0.0,0.0,0.0,0.0,0.0,0.0,0.0,0.0,183.0,158.0,0.0,0.0,0.0,0.0,0.0,0.0,0.0,0.0,0.0,0.0,0.0,0.0,0.0
651,Tom,Edozie,Edozie,a,,,4.3,614,359.0,0.3,293,98.0,0.0,584.0,208.0,0,0,0.0,-2,2.0,145,271,0.0,0.0,0.0,0.0,0.0,644.0,246.0,,,635.0,237.0,632.0,242.0,606.0,231.0,637.0,239.0,,,,,,,,0.0,0.0,0.0,0.0,0.0,0.0,0.0,0.0,0.0,24,0.0,0.0,0.0,0.0,0.0,0.0,0.0,0.0,0.0,0.0,0.0,0.0,0.0,0.0,0.0,161.0,302.0,0.0,0.0,0.0,0.0,0.0,0.0,0.0,0.0,0.0,0.0,0.0,0.0,0.0
652,Enso,González Medina,Gonzalez,a,,,4.3,613,358.0,1.3,167,57.0,0.0,583.0,207.0,0,0,0.0,-2,2.0,823,1035,0.0,0.0,0.0,0.0,0.0,643.0,245.0,,,634.0,236.0,631.0,241.0,605.0,230.0,636.0,238.0,,,,,,,,0.0,0.0,0.0,0.0,0.0,0.0,0.0,0.0,0.0,24,0.0,0.0,0.0,0.0,0.0,0.0,0.0,0.0,0.0,0.0,0.0,0.0,0.0,0.0,0.0,897.0,1146.0,0.0,0.0,0.0,0.0,0.0,0.0,0.0,0.0,0.0,0.0,0.0,0.0,0.0
653,Joe,Hodge,Hodge,u,Signed by CD Tondela,,4.5,421,252.0,0.0,652,266.0,0.0,632.0,233.0,0,0,0.0,0,0.0,0,9,0.0,0.0,0.0,0.0,0.0,684.0,268.0,0.0,0.0,679.0,263.0,675.0,266.0,653.0,257.0,681.0,265.0,,,,,,,,0.0,0.0,0.0,0.0,0.0,0.0,0.0,0.0,0.0,24,0.0,0.0,0.0,0.0,0.0,0.0,0.0,0.0,0.0,0.0,0.0,0.0,0.0,0.0,0.0,0.0,9.0,0.0,0.0,0.0,0.0,0.0,0.0,0.0,0.0,0.0,0.0,0.0,0.0,0.0
658,Nathan,Fraser,Fraser,a,,,4.2,641,88.0,1.8,141,22.0,0.0,556.0,50.0,0,0,0.0,-3,3.0,3651,1787,0.0,0.0,0.0,0.0,0.0,624.0,61.0,,,616.0,61.0,611.0,60.0,581.0,60.0,618.0,61.0,,,,,,,,0.0,0.0,0.0,0.0,0.0,0.0,0.0,0.0,0.0,24,0.0,0.0,0.0,0.0,0.0,0.0,0.0,0.0,0.0,0.0,0.0,0.0,0.0,0.0,0.0,4174.0,1915.0,0.0,0.0,0.0,0.0,0.0,0.0,0.0,0.0,0.0,0.0,0.0,0.0,0.0
