id,first_name,second_name,web_name,status,news,news_added,now_cost,now_cost_rank,now_cost_rank_type,selected_by_percent,selected_rank,selected_rank_type,form,form_rank,form_rank_type,event_points,cost_change_event,cost_change_event_fall,cost_change_start,cost_change_start_fall,transfers_in_event,transfers_out_event,value_form,value_season,ep_next,ep_this,points_per_game,points_per_game_rank,points_per_game_rank_type,chance_of_playing_next_round,chance_of_playing_this_round,influence_rank,influence_rank_type,creativity_rank,creativity_rank_type,threat_rank,threat_rank_type,ict_index_rank,ict_index_rank_type,corners_and_indirect_freekicks_order,direct_freekicks_order,penalties_order,set_piece_threat,corners_and_indirect_freekicks_text,direct_freekicks_text,penalties_text,expected_goals_per_90,expected_assists_per_90,expected_goal_involvements_per_90,expected_goals_conceded_per_90,saves_per_90,clean_sheets_per_90,goals_conceded_per_90,starts_per_90,defensive_contribution_per_90,gw,total_points,minutes,goals_scored,assists,clean_sheets,goals_conceded,own_goals,penalties_saved,penalties_missed,yellow_cards,red_cards,saves,starts,bonus,bps,transfers_in,transfers_out,dreamteam_count,expected_goals,expected_assists,expected_goal_involvements,expected_goals_conceded,influence,creativity,threat,ict_index,tackles,clearances_blocks_interceptions,recoveries,defensive_contribution
33,Marco,Bizot,M.Bizot,a,,,4.2,618,32.0,0.4,268,36.0,0.4,329.0,24.0,0,0,0.0,-3,3.0,184,471,0.1,2.6,0.4,0.4,2.2,283.0,25.0,,,328.0,27.0,597.0,72.0,565.0,57.0,396.0,27.0,,,,,,,,0.0,0.0,0.0,1.9,2.89,0.22,1.78,0.89,0.0,22,0.0,0.0,0.0,0.0,0.0,0.0,0.0,0.0,0.0,0.0,0.0,0.0,0.0,0.0,0.0,375.0,594.0,0.0,0.0,0.0,0.0,0.0,0.0,0.0,0.0,0.0,0.0,0.0,0.0,0.0
104,Julian,Eyestone,Eyestone,a,,,3.9,757,86.0,0.1,440,67.0,0.0,455.0,50.0,0,0,0.0,-1,1.0,48,212,0.0,0.0,0.0,0.0,0.0,540.0,55.0,,,530.0,55.0,523.0,42.0,486.0,27.0,533.0,55.0,,,,,,,,0.0,0.0,0.0,0.0,0.0,0.0,0.0,0.0,0.0,22,0.0,0.0,0.0,0.0,0.0,0.0,0.0,0.0,0.0,0.0,0.0,0.0,0.0,0.0,0.0,73.0,259.0,0.0,0.0,0.0,0.0,0.0,0.0,0.0,0.0,0.0,0.0,0.0,0.0,0.0
744,Nehemiah,Oriola,Oriola,a,,,4.5,461,281.0,0.0,702,298.0,0.0,643.0,247.0,0,0,0.0,0,0.0,20,41,0.0,0.2,0.0,0.0,1.0,452.0,206.0,,,697.0,284.0,693.0,285.0,674.0,278.0,698.0,285.0,,,,,,,,0.0,0.0,0.0,0.0,0.0,0.0,0.0,0.0,0.0,22,0.0,0.0,0.0,0.0,0.0,0.0,0.0,0.0,0.0,0.0,0.0,0.0,0.0,0.0,0.0,33.0,54.0,0.0,0.0,0.0,0.0,0.0,0.0,0.0,0.0,0.0,0.0,0.0,0.0,0.0
125,Vitaly,Janelt,Janelt,a,,,4.9,298,185.0,0.3,302,102.0,5.6,14.0,6.0,1,0,0.0,-1,1.0,5742,1961,1.1,10.8,5.6,5.6,3.1,172.0,72.0,100.0,100.0,182.0,76.0,86.0,64.0,264.0,142.0,168.0,90.0,5.0,,,,,,,0.05,0.18,0.23,1.4,0.0,0.42,0.96,0.85,12.84,22,1.0,90.0,0.0,0.0,0.0,2.0,0.0,0.0,0.0,1.0,0.0,0.0,1.0,0.0,19.0,9878.0,2627.0,0.0,0.030000000000000027,0.20999999999999996,0.2400000000000002,1.5899999999999999,20.400000000000006,63.29999999999998,2.0,8.600000000000001,1.0,1.0,5.0,7.0
126,Mathias,Jensen,Jensen,a,,,4.9,301,187.0,0.1,500,175.0,2.0,204.0,86.0,2,0,0.0,-1,1.0,246,205,0.4,8.8,2.0,2.0,2.1,307.0,136.0,,,245.0,103.0,114.0,82.0,207.0,116.0,202.0,104.0,3.0,,5.0,,,,,0.13,0.22,0.35,1.42,0.0,0.42,1.16,1.05,8.22,22,2.0,90.0,0.0,0.0,0.0,2.0,0.0,0.0,0.0,0.0,0.0,0.0,1.0,0.0,17.0,320.0,335.0,0.0,0.4,0.31999999999999984,0.7200000000000002,1.5899999999999999,14.0,40.80000000000001,25.0,8.0,2.0,1.0,5.0,8.0
278,Jesurun,Rak-Sakyi,J.Rak-Sakyi,a,,,4.4,534,319.0,0.0,637,259.0,0.0,584.0,204.0,0,0,0.0,-1,1.0,44,9,0.0,0.0,0.0,0.0,0.0,648.0,248.0,100.0,100.0,639.0,240.0,637.0,245.0,612.0,234.0,642.0,242.0,,,,,,,,0.0,0.0,0.0,0.0,0.0,0.0,0.0,0.0,0.0,22,0.0,0.0,0.0,0.0,0.0,0.0,0.0,0.0,0.0,0.0,0.0,0.0,0.0,0.0,0.0,54.0,13.0,0.0,0.0,0.0,0.0,0.0,0.0,0.0,0.0,0.0,0.0,0.0,0.0,0.0
413,Omar,Marmoush,Marmoush,a,,,8.3,12,7.0,2.3,120,40.0,0.0,798.0,358.0,0,0,0.0,-2,2.0,1934,802,0.0,1.9,0.5,0.0,1.6,381.0,172.0,100.0,0.0,391.0,171.0,333.0,179.0,218.0,122.0,353.0,167.0,,1.0,2.0,,,,,0.55,0.2,0.75,1.09,0.0,0.0,1.32,0.88,7.06,22,0.0,0.0,0.0,0.0,0.0,0.0,0.0,0.0,0.0,0.0,0.0,0.0,0.0,0.0,0.0,1946.0,965.0,0.0,0.0,0.0,0.0,0.0,0.0,0.0,0.0,0.0,0.0,0.0,0.0,0.0
301,Carlos,Alcaraz Durán,Alcaraz,i,Knock - Unknown return date,,5.2,217,135.0,0.1,483,168.0,0.6,321.0,144.0,0,0,0.0,-3,3.0,4,271,0.1,4.8,0.0,0.0,1.7,361.0,158.0,0.0,0.0,341.0,151.0,162.0,110.0,130.0,76.0,245.0,118.0,,,,,,,,0.14,0.06,0.2,1.78,0.0,0.41,1.1,0.82,8.23,22,0.0,0.0,0.0,0.0,0.0,0.0,0.0,0.0,0.0,0.0,0.0,0.0,0.0,0.0,0.0,4.0,522.0,0.0,0.0,0.0,0.0,0.0,0.0,0.0,0.0,0.0,0.0,0.0,0.0,0.0
779,Braiden,Graham,Graham,a,,,4.5,496,68.0,0.0,707,84.0,0.0,672.0,69.0,0,0,0.0,0,0.0,234,81,0.0,0.0,0.0,0.0,0.0,727.0,78.0,,,727.0,78.0,722.0,77.0,705.0,77.0,727.0,78.0,,,,,,,,0.0,0.0,0.0,0.0,0.0,0.0,0.0,0.0,0.0,22,0.0,0.0,0.0,0.0,0.0,0.0,0.0,0.0,0.0,0.0,0.0,0.0,0.0,0.0,0.0,282.0,99.0,0.0,0.0,0.0,0.0,0.0,0.0,0.0,0.0,0.0,0.0,0.0,0.0,0.0
443,Luke,Shaw,Shaw,a,,,4.5,402,74.0,0.6,232,86.0,3.0,126.0,49.0,5,0,0.0,0,0.0,1538,2472,0.7,11.6,2.0,2.5,2.4,264.0,105.0,,,107.0,47.0,101.0,24.0,314.0,100.0,147.0,48.0,,,,,,,,0.0,0.06,0.06,1.2,0.0,0.19,1.37,1.04,5.75,22,5.0,90.0,0.0,0.0,1.0,0.0,0.0,0.0,0.0,1.0,0.0,0.0,1.0,0.0,18.0,1946.0,4280.0,0.0,0.0,0.050000000000000044,0.050000000000000044,0.4499999999999993,7.400000000000034,2.0999999999999943,2.0,1.2000000000000028,1.0,4.0,3.0,5.0
746,Kieran,Morrison,Morrison,a,,,4.5,482,297.0,0.0,733,314.0,0.0,660.0,259.0,0,0,0.0,0,0.0,14,22,0.0,0.0,0.5,0.5,0.0,716.0,298.0,,,715.0,297.0,710.0,297.0,693.0,292.0,715.0,297.0,,,,,,,,0.0,0.0,0.0,0.0,0.0,0.0,0.0,0.0,0.0,22,0.0,0.0,0.0,0.0,0.0,0.0,0.0,0.0,0.0,0.0,0.0,0.0,0.0,0.0,0.0,16.0,25.0,0.0,0.0,0.0,0.0,0.0,0.0,0.0,0.0,0.0,0.0,0.0,0.0,0.0
434,Tom,Heaton,Heaton,a,,,3.9,719,63.0,0.3,331,45.0,0.0,426.0,28.0,0,0,0.0,-1,1.0,106,408,0.0,0.0,-1.0,-0.5,0.0,512.0,33.0,,,502.0,33.0,494.0,19.0,456.0,4.0,505.0,33.0,,,,,,,,0.0,0.0,0.0,0.0,0.0,0.0,0.0,0.0,0.0,22,0.0,0.0,0.0,0.0,0.0,0.0,0.0,0.0,0.0,0.0,0.0,0.0,0.0,0.0,0.0,148.0,482.0,0.0,0.0,0.0,0.0,0.0,0.0,0.0,0.0,0.0,0.0,0.0,0.0,0.0
439,Diego,León Blanco,D.Leon,a,,,4.2,641,156.0,0.1,557,201.0,0.0,547.0,229.0,0,0,0.0,-3,3.0,38,80,0.0,0.0,-1.0,-0.5,0.0,619.0,243.0,,,609.0,243.0,606.0,243.0,576.0,240.0,613.0,244.0,,,,,,,,0.0,0.0,0.0,0.0,0.0,0.0,0.0,0.0,0.0,22,0.0,0.0,0.0,0.0,0.0,0.0,0.0,0.0,0.0,0.0,0.0,0.0,0.0,0.0,0.0,51.0,89.0,0.0,0.0,0.0,0.0,0.0,0.0,0.0,0.0,0.0,0.0,0.0,0.0,0.0
588,Wilson,Odobert,Odobert,a,,,5.3,203,127.0,0.1,547,198.0,2.0,208.0,89.0,2,0,0.0,-2,2.0,1667,216,0.4,6.6,2.0,2.0,1.8,350.0,152.0,100.0,100.0,307.0,137.0,109.0,78.0,126.0,73.0,197.0,103.0,,,,,,,,0.16,0.09,0.25,1.13,0.0,0.23,1.25,0.79,6.57,22,2.0,89.0,0.0,0.0,0.0,1.0,0.0,0.0,0.0,0.0,0.0,0.0,1.0,0.0,8.0,1837.0,372.0,0.0,0.41999999999999993,0.050000000000000044,0.47,1.8000000000000007,8.0,30.80000000000001,40.0,7.899999999999999,1.0,0.0,4.0,5.0
10,Myles,Lewis-Skelly,Lewis-Skelly,a,,,5.1,238,37.0,1.5,156,60.0,0.6,320.0,119.0,0,0,0.0,-4,4.0,697,1963,0.1,2.4,1.6,1.6,0.9,484.0,167.0,,,407.0,155.0,321.0,108.0,363.0,127.0,395.0,142.0,,,,,,,,0.01,0.02,0.03,1.52,0.0,0.0,1.45,0.29,4.05,22,0.0,0.0,0.0,0.0,0.0,0.0,0.0,0.0,0.0,0.0,0.0,0.0,0.0,0.0,0.0,1028.0,2907.0,0.0,0.0,0.0,0.0,0.0,0.0,0.0,0.0,0.0,0.0,0.0,0.0,0.0
86,David,Brooks,Brooks,d,Ankle injury - 25% chance of playing,,5.0,244,149.0,0.2,369,124.0,3.4,99.0,47.0,0,0,0.0,0,0.0,99,1118,0.7,8.6,0.7,2.5,2.3,275.0,118.0,25.0,75.0,219.0,93.0,63.0,50.0,31.0,18.0,65.0,43.0,5.0,3.0,,,,,,0.43,0.27,0.7,1.29,0.0,0.39,1.64,1.06,6.95,22,0.0,0.0,0.0,0.0,0.0,0.0,0.0,0.0,0.0,0.0,0.0,0.0,0.0,0.0,0.0,217.0,1623.0,0.0,0.0,0.0,0.0,0.0,0.0,0.0,0.0,0.0,0.0,0.0,0.0,0.0
756,Malcom,DaCosta,DaCosta,a,,,4.5,506,314.0,0.0,736,315.0,0.0,677.0,273.0,0,0,0.0,0,0.0,15,25,0.0,0.0,-0.5,0.0,0.0,732.0,311.0,,,732.0,311.0,727.0,311.0,711.0,307.0,732.0,311.0,,,,,,,,0.0,0.0,0.0,0.0,0.0,0.0,0.0,0.0,0.0,22,0.0,0.0,0.0,0.0,0.0,0.0,0.0,0.0,0.0,0.0,0.0,0.0,0.0,0.0,0.0,24.0,35.0,0.0,0.0,0.0,0.0,0.0,0.0,0.0,0.0,0.0,0.0,0.0,0.0,0.0
279,Matheus,França de Oliveira,M.França,u,Has joined CR Vasco da Gama on loan for the rest of the season.,,4.5,454,276.0,0.0,745,320.0,0.0,639.0,244.0,0,0,0.0,0,0.0,0,1,0.0,0.0,0.0,0.0,0.0,696.0,284.0,0.0,0.0,692.0,280.0,689.0,282.0,669.0,274.0,693.0,281.0,,,,,,,,0.0,0.0,0.0,0.0,0.0,0.0,0.0,0.0,0.0,22,0.0,0.0,0.0,0.0,0.0,0.0,0.0,0.0,0.0,0.0,0.0,0.0,0.0,0.0,0.0,0.0,2.0,0.0,0.0,0.0,0.0,0.0,0.0,0.0,0.0,0.0,0.0,0.0,0.0,0.0
282,Franco,Umeh-Chibueze,Umeh,u,has joined Portsmouth permanently.,,4.5,468,287.0,0.0,683,286.0,0.0,649.0,252.0,0,0,0.0,0,0.0,0,7,0.0,0.0,0.0,0.0,0.0,705.0,291.0,0.0,0.0,703.0,289.0,699.0,290.0,681.0,284.0,704.0,290.0,,,,,,,,0.0,0.0,0.0,0.0,0.0,0.0,0.0,0.0,0.0,22,0.0,0.0,0.0,0.0,0.0,0.0,0.0,0.0,0.0,0.0,0.0,0.0,0.0,0.0,0.0,0.0,8.0,0.0,0.0,0.0,0.0,0.0,0.0,0.0,0.0,0.0,0.0,0.0,0.0,0.0
283,Jean-Philippe,Mateta,Mateta,a,,,7.5,21,7.0,10.3,43,8.0,3.4,108.0,12.0,2,-1,1.0,0,0.0,7199,47628,0.5,10.9,3.4,3.4,3.7,109.0,9.0,100.0,100.0,57.0,5.0,188.0,17.0,3.0,3.0,26.0,5.0,,,2.0,,,,,0.56,0.06,0.62,1.21,0.0,0.4,0.99,1.09,5.34,22,2.0,90.0,0.0,0.0,0.0,2.0,0.0,0.0,0.0,0.0,0.0,0.0,1.0,0.0,12.0,10245.0,68197.0,0.0,0.3000000000000007,0.19999999999999996,0.5,1.7099999999999973,22.19999999999999,15.700000000000003,43.0,8.099999999999994,0.0,6.0,1.0,7.0
649,Boubacar,Traoré,B.Traore,u,Has joined FC Metz on loan for the rest of the season.,,5.0,260,159.0,0.0,794,355.0,0.0,730.0,311.0,0,0,0.0,0,0.0,0,0,0.0,0.0,0.0,0.0,0.0,763.0,333.0,0.0,0.0,763.0,333.0,761.0,333.0,753.0,331.0,763.0,333.0,,,,,,,,0.0,0.0,0.0,0.0,0.0,0.0,0.0,0.0,0.0,22,0.0,0.0,0.0,0.0,0.0,0.0,0.0,0.0,0.0,0.0,0.0,0.0,0.0,0.0,0.0,0.0,0.0,0.0,0.0,0.0,0.0,0.0,0.0,0.0,0.0,0.0,0.0,0.0,0.0,0.0
773,Dean,Benamar,Benamar,a,,,4.0,716,206.0,0.0,747,254.0,0.0,525.0,219.0,0,0,0.0,0,0.0,37,49,0.0,0.0,0.0,0.0,0.0,608.0,239.0,,,597.0,238.0,592.0,239.0,559.0,234.0,601.0,239.0,,,,,,,,0.0,0.0,0.0,0.0,0.0,0.0,0.0,0.0,0.0,22,0.0,0.0,0.0,0.0,0.0,0.0,0.0,0.0,0.0,0.0,0.0,0.0,0.0,0.0,0.0,45.0,55.0,0.0,0.0,0.0,0.0,0.0,0.0,0.0,0.0,0.0,0.0,0.0,0.0,0.0
92,Romain,Faivre,Faivre,a,,,4.5,422,254.0,0.1,538,191.0,0.0,618.0,225.0,0,0,0.0,0,0.0,96,25,0.0,0.0,-0.5,0.0,0.0,677.0,266.0,100.0,100.0,671.0,261.0,669.0,264.0,648.0,256.0,674.0,263.0,,,,,,,,0.0,0.0,0.0,0.0,0.0,0.0,0.0,0.0,0.0,22,0.0,0.0,0.0,0.0,0.0,0.0,0.0,0.0,0.0,0.0,0.0,0.0,0.0,0.0,0.0,125.0,29.0,0.0,0.0,0.0,0.0,0.0,0.0,0.0,0.0,0.0,0.0,0.0,0.0,0.0
437,Lisandro,Martínez,Martinez,a,,,4.8,358,62.0,0.6,239,90.0,5.0,24.0,9.0,8,0,0.0,-2,2.0,11469,2775,1.0,6.2,4.0,4.5,3.0,187.0,75.0,100.0,100.0,272.0,106.0,306.0,102.0,389.0,144.0,334.0,114.0,,,,,,,,0.01,0.03,0.04,0.76,0.0,0.33,0.99,0.83,8.11,22,8.0,90.0,0.0,0.0,1.0,0.0,0.0,0.0,0.0,0.0,0.0,0.0,1.0,0.0,23.0,12301.0,4452.0,0.0,0.0,0.009999999999999981,0.010000000000000009,0.4500000000000002,21.200000000000003,0.7999999999999972,2.0,2.3999999999999986,1.0,10.0,2.0,11.0
687,Remy,Rees-Dottin,Rees-Dottin,a,,,4.4,557,334.0,0.1,442,152.0,0.0,600.0,214.0,0,0,0.0,-1,1.0,34,86,0.0,0.0,-0.5,0.0,0.0,663.0,257.0,,,656.0,251.0,653.0,255.0,629.0,245.0,659.0,253.0,,,,,,,,0.0,0.0,0.0,0.0,0.0,0.0,0.0,0.0,0.0,22,0.0,0.0,0.0,0.0,0.0,0.0,0.0,0.0,0.0,0.0,0.0,0.0,0.0,0.0,0.0,43.0,110.0,0.0,0.0,0.0,0.0,0.0,0.0,0.0,0.0,0.0,0.0,0.0,0.0,0.0
473,Lewis,Hall,Hall,a,,,5.3,198,26.0,3.2,101,40.0,5.0,26.0,11.0,9,0,0.0,-2,2.0,19126,12580,0.9,9.6,5.0,5.0,3.4,134.0,53.0,100.0,100.0,155.0,66.0,127.0,30.0,214.0,54.0,158.0,50.0,4.0,,,,,,,0.05,0.14,0.19,1.27,0.0,0.26,1.4,0.96,7.78,22,9.0,90.0,0.0,0.0,1.0,0.0,0.0,0.0,0.0,0.0,0.0,0.0,1.0,3.0,30.0,33808.0,15105.0,0.0,0.08999999999999997,0.06000000000000005,0.15000000000000036,0.28999999999999915,17.400000000000034,10.599999999999994,8.0,3.6000000000000014,1.0,4.0,8.0,5.0
174,Malick,Yalcouyé,Yalcouye,u,Has joined Swansea City on loan for the rest of the season.,,5.0,277,171.0,0.0,752,326.0,0.0,738.0,317.0,0,0,0.0,0,0.0,0,2,0.0,0.0,0.0,0.0,0.0,770.0,338.0,0.0,0.0,770.0,338.0,768.0,338.0,761.0,336.0,770.0,338.0,,,,,,,,0.0,0.0,0.0,0.0,0.0,0.0,0.0,0.0,0.0,22,0.0,0.0,0.0,0.0,0.0,0.0,0.0,0.0,0.0,0.0,0.0,0.0,0.0,0.0,0.0,0.0,2.0,0.0,0.0,0.0,0.0,0.0,0.0,0.0,0.0,0.0,0.0,0.0,0.0,0.0
556,Pierre,Ekwah Elimby,Ekwah,u,Has joined AS Saint-Etienne permanently.,,4.5,427,256.0,0.0,751,325.0,0.0,622.0,227.0,0,0,0.0,0,0.0,0,1,0.0,0.0,0.0,0.0,0.0,680.0,268.0,0.0,0.0,674.0,263.0,673.0,266.0,652.0,258.0,677.0,265.0,,,,,,,,0.0,0.0,0.0,0.0,0.0,0.0,0.0,0.0,0.0,22,0.0,0.0,0.0,0.0,0.0,0.0,0.0,0.0,0.0,0.0,0.0,0.0,0.0,0.0,0.0,0.0,1.0,0.0,0.0,0.0,0.0,0.0,0.0,0.0,0.0,0.0,0.0,0.0,0.0,0.0
800,Djiamgone Jocelin Ta,Bi,Jocelin.T,a,,,5.0,281,174.0,0.0,800,359.0,0.0,742.0,320.0,0,0,0.0,0,0.0,24,3,0.0,0.0,1.8,1.8,0.0,774.0,341.0,,,774.0,341.0,772.0,341.0,765.0,339.0,774.0,341.0,,,,,,,,0.0,0.0,0.0,0.0,0.0,0.0,0.0,0.0,0.0,22,0.0,0.0,0.0,0.0,0.0,0.0,0.0,0.0,0.0,0.0,0.0,0.0,0.0,0.0,0.0,24.0,3.0,0.0,0.0,0.0,0.0,0.0,0.0,0.0,0.0,0.0,0.0,0.0,0.0,0.0
252,Marc,Guiu Paz,Marc Guiu,a,,,4.2,631,85.0,6.6,60,11.0,0.0,538.0,49.0,0,0,0.0,-3,3.0,6446,12830,0.0,2.9,0.0,0.0,1.3,406.0,47.0,100.0,100.0,417.0,45.0,334.0,40.0,234.0,43.0,371.0,43.0,,,,,,,,0.53,0.11,0.64,2.06,0.0,0.0,0.73,0.36,2.55,22,0.0,0.0,0.0,0.0,0.0,0.0,0.0,0.0,0.0,0.0,0.0,0.0,0.0,0.0,0.0,8797.0,22167.0,0.0,0.0,0.0,0.0,0.0,0.0,0.0,0.0,0.0,0.0,0.0,0.0,0.0
575,Micky,van de Ven,Van de Ven,a,,,4.6,393,70.0,28.1,11,4.0,4.8,29.0,13.0,0,0,0.0,1,-1.0,30264,73561,1.0,19.3,4.8,4.8,4.2,55.0,25.0,,,42.0,19.0,261.0,79.0,115.0,19.0,104.0,32.0,,,,,,,,0.12,0.02,0.14,1.3,0.0,0.34,1.29,1.01,6.51,22,0.0,90.0,0.0,0.0,0.0,2.0,0.0,0.0,0.0,1.0,0.0,0.0,1.0,0.0,7.0,66645.0,84541.0,0.0,0.0,0.010000000000000009,0.009999999999999787,2.6899999999999977,31.399999999999977,0.8999999999999915,0.0,3.200000000000003,0.0,9.0,3.0,9.0
11,Benjamin,White,White,a,,,5.1,227,32.0,0.6,236,88.0,1.4,248.0,91.0,6,0,0.0,-4,4.0,3439,1194,0.3,5.7,2.4,2.4,4.8,22.0,10.0,100.0,100.0,314.0,120.0,227.0,65.0,298.0,95.0,317.0,107.0,,,,,,,,0.1,0.11,0.21,1.4,0.0,0.72,0.72,1.19,7.4,22,6.0,90.0,0.0,0.0,1.0,0.0,0.0,0.0,0.0,0.0,0.0,0.0,1.0,0.0,21.0,5490.0,2175.0,0.0,0.06,0.03999999999999998,0.09999999999999998,0.34000000000000075,8.599999999999994,14.600000000000009,10.0,3.3000000000000007,1.0,3.0,2.0,4.0
19,Gabriel,Martinelli Silva,Martinelli,a,,,6.8,47,29.0,0.9,195,66.0,1.4,262.0,117.0,1,0,0.0,-2,2.0,1491,1310,0.2,4.3,2.4,2.4,1.7,366.0,161.0,100.0,100.0,342.0,152.0,265.0,157.0,89.0,54.0,263.0,130.0,,,,,,,,0.42,0.04,0.46,0.92,0.0,0.33,0.5,1.16,5.61,22,1.0,45.0,0.0,0.0,0.0,0.0,0.0,0.0,0.0,0.0,0.0,0.0,1.0,0.0,3.0,2112.0,1698.0,0.0,0.5799999999999998,0.05000000000000002,0.6299999999999999,0.1999999999999993,8.399999999999991,5.400000000000006,35.0,4.900000000000002,2.0,2.0,3.0,7.0
29,Albert,Sambi Lokonga,Sambi,u,has joined Hamburger permanently.,,4.5,420,252.0,0.1,574,213.0,0.0,616.0,223.0,0,0,0.0,0,0.0,0,14,0.0,0.0,0.0,0.0,0.0,675.0,264.0,0.0,0.0,669.0,259.0,667.0,262.0,646.0,254.0,672.0,261.0,,,,,,,,0.0,0.0,0.0,0.0,0.0,0.0,0.0,0.0,0.0,22,0.0,0.0,0.0,0.0,0.0,0.0,0.0,0.0,0.0,0.0,0.0,0.0,0.0,0.0,0.0,0.0,15.0,0.0,0.0,0.0,0.0,0.0,0.0,0.0,0.0,0.0,0.0,0.0,0.0,0.0
30,Kai,Havertz,Havertz,a,,,7.3,26,9.0,0.3,292,46.0,0.0,796.0,87.0,0,0,0.0,-2,2.0,619,484,0.0,0.1,1.0,1.0,1.0,481.0,58.0,100.0,100.0,462.0,53.0,447.0,54.0,430.0,58.0,466.0,57.0,,,,,,,,0.0,0.03,0.03,2.46,0.0,0.0,0.0,0.0,9.0,22,0.0,0.0,0.0,0.0,0.0,0.0,0.0,0.0,0.0,0.0,0.0,0.0,0.0,0.0,0.0,768.0,528.0,0.0,0.0,0.0,0.0,0.0,0.0,0.0,0.0,0.0,0.0,0.0,0.0,0.0
31,Gabriel,Fernando de Jesus,G.Jesus,a,,,6.4,57,20.0,0.3,310,51.0,1.6,241.0,29.0,1,0,0.0,-1,1.0,7904,2358,0.2,1.6,2.6,2.6,1.4,403.0,46.0,100.0,100.0,374.0,39.0,413.0,50.0,159.0,36.0,339.0,40.0,,,,,,,,0.59,0.07,0.66,1.66,0.0,0.0,1.81,0.0,10.27,22,1.0,33.0,0.0,0.0,0.0,0.0,0.0,0.0,0.0,0.0,0.0,0.0,0.0,0.0,2.0,8404.0,3268.0,0.0,0.51,0.09,0.6000000000000001,0.10000000000000009,3.6000000000000014,0.7999999999999998,35.0,3.8999999999999986,0.0,0.0,3.0,3.0
266,Eberechi,Eze,Eze,a,,,7.3,28,19.0,8.6,48,18.0,0.4,350.0,156.0,1,0,0.0,-2,2.0,1502,27534,0.1,9.3,1.4,1.4,4.0,75.0,34.0,,,171.0,67.0,151.0,103.0,59.0,36.0,103.0,57.0,,,,,,,,0.23,0.13,0.36,0.54,0.0,0.53,0.53,1.07,5.86,22,1.0,11.0,0.0,0.0,0.0,0.0,0.0,0.0,0.0,0.0,0.0,0.0,0.0,0.0,5.0,1993.0,45023.0,0.0,0.0,0.0,0.0,0.07000000000000028,2.200000000000017,0.09999999999999432,2.0,0.3999999999999915,1.0,0.0,0.0,1.0
662,Cristhian,Mosquera,Mosquera,a,,,5.3,200,27.0,0.1,429,158.0,0.0,756.0,257.0,0,0,0.0,-2,2.0,145,97,0.0,3.2,1.0,0.0,1.7,363.0,137.0,100.0,0.0,335.0,128.0,365.0,132.0,391.0,145.0,382.0,137.0,,,,,,,,0.0,0.09,0.09,0.56,0.0,0.21,0.84,0.84,7.34,22,0.0,0.0,0.0,0.0,0.0,0.0,0.0,0.0,0.0,0.0,0.0,0.0,0.0,0.0,0.0,147.0,133.0,0.0,0.0,0.0,0.0,0.0,0.0,0.0,0.0,0.0,0.0,0.0,0.0,0.0
666,Viktor,Gyökeres,Gyökeres,a,,,8.7,9,5.0,9.3,46,9.0,1.8,228.0,27.0,1,0,0.0,-3,3.0,5333,11508,0.2,6.3,2.8,2.8,2.8,223.0,22.0,100.0,100.0,212.0,17.0,165.0,14.0,22.0,13.0,87.0,15.0,,,2.0,,,,,0.43,0.06,0.49,0.63,0.0,0.6,0.4,1.14,3.21,22,1.0,56.0,0.0,0.0,0.0,0.0,0.0,0.0,0.0,0.0,0.0,0.0,1.0,0.0,1.0,8127.0,15081.0,0.0,0.10000000000000053,0.020000000000000018,0.11999999999999922,0.2400000000000002,0.0,2.4000000000000057,6.0,0.7000000000000028,0.0,0.0,3.0,3.0
700,Max,Dowman,Dowman,i,Ankle injury - Unknown return date,,4.2,640,360.0,0.3,300,101.0,0.0,546.0,185.0,0,0,0.0,-3,3.0,2697,1261,0.0,1.2,0.0,0.0,2.5,249.0,108.0,0.0,0.0,473.0,219.0,445.0,217.0,336.0,176.0,441.0,201.0,,,,,,,,0.47,0.07,0.54,0.4,0.0,0.0,0.0,0.0,10.0,22,0.0,0.0,0.0,0.0,0.0,0.0,0.0,0.0,0.0,0.0,0.0,0.0,0.0,0.0,0.0,3576.0,1622.0,0.0,0.0,0.0,0.0,0.0,0.0,0.0,0.0,0.0,0.0,0.0,0.0,0.0
711,Andre,Harriman-Annous,Harriman-Annous,a,,,4.4,560,336.0,0.0,695,295.0,0.0,602.0,216.0,0,-1,1.0,-1,1.0,23,13,0.0,0.0,1.0,1.0,0.0,664.0,258.0,,,658.0,253.0,654.0,256.0,631.0,247.0,661.0,255.0,,,,,,,,0.0,0.0,0.0,0.0,0.0,0.0,0.0,0.0,0.0,22,0.0,0.0,0.0,0.0,0.0,0.0,0.0,0.0,0.0,0.0,0.0,0.0,0.0,0.0,0.0,25.0,19.0,0.0,0.0,0.0,0.0,0.0,0.0,0.0,0.0,0.0,0.0,0.0,0.0,0.0
725,Piero,Hincapié,Hincapie,d,Muscle injury - 50% chance of playing,,5.2,214,30.0,0.9,194,75.0,1.0,285.0,104.0,0,0,0.0,-3,3.0,88,16419,0.2,6.7,1.0,1.5,2.9,201.0,79.0,50.0,75.0,223.0,91.0,295.0,97.0,356.0,121.0,304.0,102.0,,,,,,,,0.0,0.07,0.07,0.96,0.0,0.2,0.91,1.01,8.1,22,0.0,0.0,0.0,0.0,0.0,0.0,0.0,0.0,0.0,0.0,0.0,0.0,0.0,0.0,0.0,197.0,34750.0,0.0,0.0,0.0,0.0,0.0,0.0,0.0,0.0,0.0,0.0,0.0,0.0,0.0
759,Marli,Salmon,Salmon,a,,,4.0,711,201.0,0.0,698,240.0,0.0,521.0,215.0,0,0,0.0,0,0.0,40,42,0.0,0.0,1.0,1.0,0.0,604.0,235.0,,,593.0,234.0,588.0,235.0,554.0,229.0,596.0,234.0,,,,,,,,0.0,0.0,0.0,0.0,0.0,0.0,0.0,0.0,0.0,22,0.0,0.0,0.0,0.0,0.0,0.0,0.0,0.0,0.0,0.0,0.0,0.0,0.0,0.0,0.0,51.0,52.0,0.0,0.0,0.0,0.0,0.0,0.0,0.0,0.0,0.0,0.0,0.0,0.0,0.0
32,Emiliano,Martínez Romero,Martinez,d,Calf injury - 75% chance of playing,,5.0,243,8.0,3.2,102,15.0,1.8,221.0,19.0,2,0,0.0,0,0.0,2921,13315,0.4,13.2,1.4,1.4,3.7,100.0,10.0,75.0,75.0,69.0,13.0,428.0,12.0,748.0,83.0,238.0,13.0,,,,,,,,0.0,0.0,0.0,1.3,2.91,0.23,0.97,1.03,0.0,22,2.0,90.0,0.0,0.0,0.0,1.0,0.0,0.0,0.0,0.0,0.0,2.0,1.0,0.0,9.0,3484.0,21130.0,0.0,0.0,0.0,0.0,0.509999999999998,9.599999999999966,0.0,0.0,1.0,0.0,1.0,6.0,0.0
34,Joe,Gauci,Gauci,u,Has joined Port Vale on loan for the rest of the season.,,4.0,670,52.0,0.1,476,74.0,0.0,484.0,65.0,0,0,0.0,0,0.0,0,65,0.0,0.0,0.0,0.0,0.0,570.0,70.0,0.0,0.0,559.0,70.0,554.0,59.0,519.0,44.0,562.0,70.0,,,,,,,,0.0,0.0,0.0,0.0,0.0,0.0,0.0,0.0,0.0,22,0.0,0.0,0.0,0.0,0.0,0.0,0.0,0.0,0.0,0.0,0.0,0.0,0.0,0.0,0.0,0.0,81.0,0.0,0.0,0.0,0.0,0.0,0.0,0.0,0.0,0.0,0.0,0.0,0.0,0.0
35,Filip,Marschall,Marschall,u,Has joined Stevenage permanently.,,4.0,669,51.0,0.0,725,84.0,0.0,483.0,64.0,0,0,0.0,0,0.0,0,4,0.0,0.0,0.0,0.0,0.0,569.0,69.0,0.0,0.0,558.0,69.0,553.0,58.0,518.0,43.0,561.0,69.0,,,,,,,,0.0,0.0,0.0,0.0,0.0,0.0,0.0,0.0,0.0,22,0.0,0.0,0.0,0.0,0.0,0.0,0.0,0.0,0.0,0.0,0.0,0.0,0.0,0.0,0.0,0.0,5.0,0.0,0.0,0.0,0.0,0.0,0.0,0.0,0.0,0.0,0.0,0.0,0.0,0.0
36,Matty,Cash,Cash,a,,,4.8,352,58.0,11.2,39,13.0,2.8,149.0,57.0,2,0,0.0,3,-3.0,25357,33175,0.6,18.5,2.8,2.8,4.2,56.0,26.0,100.0,100.0,44.0,21.0,53.0,9.0,161.0,31.0,57.0,9.0,1.0,,,,,,,0.03,0.09,0.12,1.32,0.0,0.29,0.97,1.02,5.75,22,2.0,90.0,0.0,0.0,0.0,1.0,0.0,0.0,0.0,0.0,0.0,0.0,1.0,0.0,12.0,54185.0,39623.0,0.0,0.0,0.1499999999999999,0.1499999999999999,0.5100000000000016,19.80000000000001,20.5,4.0,4.3999999999999915,1.0,3.0,6.0,4.0
37,Lucas,Digne,Digne,a,,,4.5,401,73.0,1.6,150,58.0,2.4,179.0,69.0,1,0,0.0,0,0.0,1727,4083,0.5,14.4,2.4,2.4,3.1,168.0,67.0,100.0,100.0,177.0,72.0,72.0,15.0,194.0,48.0,131.0,43.0,2.0,2.0,,,,,,0.04,0.13,0.17,1.37,0.0,0.45,0.89,1.04,4.99,22,1.0,17.0,0.0,0.0,0.0,0.0,0.0,0.0,0.0,0.0,0.0,0.0,0.0,0.0,5.0,3795.0,5120.0,0.0,0.050000000000000044,0.0,0.04999999999999982,0.0,5.399999999999977,0.30000000000001137,17.0,2.299999999999997,0.0,1.0,1.0,1.0
38,Ezri,Konsa Ngoyo,Konsa,a,,,4.4,516,104.0,7.4,56,18.0,3.0,124.0,47.0,2,0,0.0,-1,1.0,5522,12074,0.7,14.5,3.0,3.0,3.0,182.0,72.0,100.0,100.0,75.0,33.0,262.0,80.0,236.0,65.0,171.0,55.0,,,,,,,,0.02,0.02,0.04,1.44,0.0,0.29,1.16,1.01,5.98,22,2.0,90.0,0.0,0.0,0.0,1.0,0.0,0.0,0.0,0.0,0.0,0.0,1.0,0.0,13.0,10573.0,15375.0,0.0,0.020000000000000018,0.020000000000000018,0.040000000000000036,0.509999999999998,24.0,1.2999999999999972,7.0,3.1999999999999957,3.0,4.0,4.0,7.0
39,Ian,Maatsen,Maatsen,a,,,4.2,627,149.0,0.5,252,96.0,1.4,246.0,89.0,2,0,0.0,-3,3.0,893,1028,0.3,4.8,1.4,1.4,1.2,418.0,152.0,,,259.0,105.0,134.0,32.0,178.0,38.0,210.0,70.0,5.0,,,,,,,0.08,0.13,0.21,1.53,0.0,0.0,1.54,0.95,7.34,22,2.0,72.0,0.0,0.0,0.0,1.0,0.0,0.0,0.0,0.0,0.0,0.0,1.0,0.0,17.0,1264.0,1405.0,0.0,0.020000000000000018,0.31000000000000005,0.33000000000000007,0.5099999999999998,14.400000000000006,40.30000000000001,11.0,6.600000000000001,1.0,1.0,3.0,2.0
40,Tyrone,Mings,Mings,a,,,4.3,567,125.0,0.5,244,92.0,0.0,550.0,232.0,0,0,0.0,-2,2.0,371,240,0.0,5.6,0.0,0.0,3.4,126.0,48.0,100.0,100.0,289.0,110.0,324.0,109.0,339.0,112.0,342.0,119.0,,,,,,,,0.06,0.02,0.08,1.59,0.0,0.36,1.09,1.09,7.42,22,0.0,0.0,0.0,0.0,0.0,0.0,0.0,0.0,0.0,0.0,0.0,0.0,0.0,0.0,0.0,485.0,293.0,0.0,0.0,0.0,0.0,0.0,0.0,0.0,0.0,0.0,0.0,0.0,0.0,0.0
41,Pau,Torres,Pau,a,,,4.3,577,132.0,0.3,316,116.0,0.4,331.0,124.0,2,0,0.0,-2,2.0,403,402,0.1,9.5,0.4,0.4,3.2,151.0,62.0,100.0,100.0,192.0,76.0,350.0,123.0,330.0,108.0,297.0,98.0,,,,,,,,0.02,0.02,0.04,1.27,0.0,0.26,1.04,0.95,6.74,22,2.0,90.0,0.0,0.0,0.0,1.0,0.0,0.0,0.0,0.0,0.0,0.0,1.0,0.0,7.0,576.0,522.0,0.0,0.0,0.04000000000000001,0.03999999999999998,0.5099999999999998,14.599999999999994,11.7,2.0,2.8000000000000007,2.0,3.0,5.0,5.0
42,Andrés,García,A.García,a,,,3.9,765,228.0,0.2,356,131.0,0.2,353.0,133.0,0,0,0.0,-1,1.0,220,277,0.1,0.3,0.2,0.2,0.5,487.0,168.0,100.0,100.0,475.0,169.0,437.0,160.0,493.0,192.0,479.0,170.0,,,,,,,,0.0,0.03,0.03,4.56,0.0,0.0,6.0,0.0,0.0,22,0.0,0.0,0.0,0.0,0.0,0.0,0.0,0.0,0.0,0.0,0.0,0.0,0.0,0.0,0.0,262.0,365.0,0.0,0.0,0.0,0.0,0.0,0.0,0.0,0.0,0.0,0.0,0.0,0.0,0.0
43,Álex,Moreno Lopera,Alex Moreno,u,Has joined Girona permanently.,,4.0,649,159.0,1.7,144,57.0,0.0,467.0,180.0,0,0,0.0,0,0.0,0,856,0.0,0.0,0.0,0.0,0.0,552.0,202.0,0.0,0.0,542.0,202.0,536.0,203.0,500.0,195.0,545.0,202.0,,,,,,,,0.0,0.0,0.0,0.0,0.0,0.0,0.0,0.0,0.0,22,0.0,0.0,0.0,0.0,0.0,0.0,0.0,0.0,0.0,0.0,0.0,0.0,0.0,0.0,0.0,0.0,1306.0,0.0,0.0,0.0,0.0,0.0,0.0,0.0,0.0,0.0,0.0,0.0,0.0,0.0
44,Lamare,Bogarde,Bogarde,a,,,4.0,685,179.0,0.5,247,94.0,0.4,328.0,122.0,1,0,0.0,0,0.0,626,842,0.1,5.5,0.4,0.4,1.3,404.0,147.0,100.0,100.0,361.0,138.0,330.0,112.0,381.0,138.0,378.0,135.0,,,,,,,,0.0,0.02,0.02,1.47,0.0,0.18,1.25,0.89,5.0,22,1.0,72.0,0.0,0.0,0.0,1.0,0.0,0.0,0.0,1.0,0.0,0.0,1.0,0.0,9.0,874.0,1131.0,0.0,0.0,0.020000000000000018,0.020000000000000018,0.5100000000000007,8.799999999999997,2.8999999999999986,2.0,1.4000000000000004,3.0,2.0,2.0,5.0
45,Lino,da Cruz Sousa,Sousa,a,,,3.8,786,248.0,0.3,322,118.0,0.0,415.0,158.0,0,-1,1.0,-2,2.0,635,296,0.0,0.0,0.0,0.0,0.0,502.0,182.0,,,492.0,182.0,483.0,182.0,444.0,171.0,495.0,182.0,,,,,,,,0.0,0.0,0.0,0.0,0.0,0.0,0.0,0.0,0.0,22,0.0,0.0,0.0,0.0,0.0,0.0,0.0,0.0,0.0,0.0,0.0,0.0,0.0,0.0,0.0,662.0,355.0,0.0,0.0,0.0,0.0,0.0,0.0,0.0,0.0,0.0,0.0,0.0,0.0,0.0
46,Yasin,Özcan,Yasin,u,has joined Anderlecht on loan for the rest of the season.,,4.0,701,192.0,0.1,449,164.0,0.0,512.0,207.0,0,0,0.0,0,0.0,0,48,0.0,0.0,0.0,0.0,0.0,596.0,228.0,0.0,0.0,585.0,227.0,580.0,228.0,546.0,222.0,588.0,227.0,,,,,,,,0.0,0.0,0.0,0.0,0.0,0.0,0.0,0.0,0.0,22,0.0,0.0,0.0,0.0,0.0,0.0,0.0,0.0,0.0,0.0,0.0,0.0,0.0,0.0,0.0,0.0,65.0,0.0,0.0,0.0,0.0,0.0,0.0,0.0,0.0,0.0,0.0,0.0,0.0,0.0
47,Morgan,Rogers,Rogers,a,,,7.7,18,13.0,31.7,8,2.0,2.4,189.0,79.0,2,0,0.0,7,-7.0,47101,145565,0.3,13.4,2.4,2.4,4.7,28.0,13.0,100.0,100.0,39.0,9.0,33.0,32.0,14.0,7.0,11.0,9.0,,,,,,,,0.19,0.11,0.3,1.41,0.0,0.28,1.15,1.01,5.79,22,2.0,90.0,0.0,0.0,0.0,1.0,0.0,0.0,0.0,0.0,0.0,0.0,1.0,0.0,357.0,102412.0,168171.0,0.0,0.8200000000000003,0.020000000000000018,0.8399999999999999,0.5100000000000016,2.3999999999999773,25.599999999999966,37.0,6.500000000000014,0.0,1.0,5.0,6.0
48,Youri,Tielemans,Tielemans,a,,,5.9,94,59.0,1.1,178,62.0,4.2,60.0,25.0,2,0,0.0,-1,1.0,3408,4713,0.7,8.3,4.2,4.2,3.1,174.0,74.0,100.0,100.0,146.0,53.0,40.0,37.0,134.0,78.0,82.0,51.0,3.0,,,,,,,0.07,0.16,0.23,1.55,0.0,0.22,1.25,1.03,9.35,22,2.0,90.0,0.0,0.0,0.0,1.0,0.0,0.0,0.0,0.0,0.0,0.0,1.0,0.0,18.0,4657.0,6100.0,0.0,0.05999999999999994,0.43000000000000016,0.48999999999999977,0.509999999999998,22.80000000000001,65.5,8.0,9.599999999999994,2.0,3.0,5.0,10.0
49,Leon,Bailey,Bailey,u,has joined AS Roma on loan for the rest of the season.,,5.5,141,89.0,0.1,512,182.0,0.0,773.0,342.0,0,0,0.0,0,0.0,0,22,0.0,0.0,0.0,0.0,0.0,787.0,350.0,0.0,0.0,787.0,350.0,786.0,350.0,783.0,349.0,787.0,350.0,,,,,,,,0.0,0.0,0.0,0.0,0.0,0.0,0.0,0.0,0.0,22,0.0,0.0,0.0,0.0,0.0,0.0,0.0,0.0,0.0,0.0,0.0,0.0,0.0,0.0,0.0,0.0,26.0,0.0,0.0,0.0,0.0,0.0,0.0,0.0,0.0,0.0,0.0,0.0,0.0,0.0
50,Emiliano,Buendía Stati,Buendía,a,,,5.3,187,116.0,0.3,297,99.0,2.0,207.0,88.0,2,0,0.0,-2,2.0,1395,1817,0.4,11.3,2.0,2.0,3.0,191.0,81.0,100.0,100.0,173.0,69.0,96.0,71.0,101.0,60.0,114.0,61.0,,6.0,2.0,,,,,0.21,0.12,0.33,1.41,0.0,0.21,0.94,1.04,10.34,22,2.0,90.0,0.0,0.0,0.0,1.0,0.0,0.0,0.0,0.0,0.0,0.0,1.0,0.0,13.0,1943.0,2797.0,0.0,0.11999999999999988,0.18999999999999995,0.31000000000000005,0.5099999999999998,4.599999999999994,28.799999999999983,10.0,4.300000000000004,0.0,1.0,9.0,10.0
51,Samuel,Iling-Junior,Iling Jr,u,has joined West Bromwich Albion on loan for the rest of the season,,5.5,151,96.0,0.0,671,277.0,0.0,775.0,344.0,0,0,0.0,0,0.0,0,3,0.0,0.0,0.0,0.0,0.0,788.0,351.0,0.0,0.0,788.0,351.0,787.0,351.0,784.0,350.0,788.0,351.0,,,,,,,,0.0,0.0,0.0,0.0,0.0,0.0,0.0,0.0,0.0,22,0.0,0.0,0.0,0.0,0.0,0.0,0.0,0.0,0.0,0.0,0.0,0.0,0.0,0.0,0.0,0.0,4.0,0.0,0.0,0.0,0.0,0.0,0.0,0.0,0.0,0.0,0.0,0.0,0.0,0.0
53,Donyell,Malen,Malen,u,has joined Roma on loan for the rest of the season.,,5.1,228,140.0,0.5,245,82.0,1.4,249.0,108.0,0,0,0.0,-4,4.0,0,6136,0.3,10.8,0.0,0.0,2.6,240.0,104.0,0.0,0.0,229.0,98.0,214.0,134.0,55.0,34.0,155.0,87.0,,,1.0,,,,,0.57,0.05,0.62,1.49,0.0,0.14,1.41,0.7,2.25,22,0.0,0.0,0.0,0.0,0.0,0.0,0.0,0.0,0.0,0.0,0.0,0.0,0.0,0.0,0.0,0.0,9228.0,0.0,0.0,0.0,0.0,0.0,0.0,0.0,0.0,0.0,0.0,0.0,0.0,0.0
54,John,McGinn,McGinn,d,Knee injury - 25% chance of playing,,5.4,159,99.0,1.1,176,61.0,4.2,59.0,24.0,1,0,0.0,-1,1.0,2942,15021,0.8,13.1,1.1,4.2,3.2,159.0,68.0,25.0,,119.0,42.0,32.0,31.0,98.0,58.0,58.0,39.0,4.0,,,,,,,0.14,0.11,0.25,1.5,0.0,0.4,1.19,1.19,7.13,22,1.0,17.0,0.0,0.0,0.0,0.0,0.0,0.0,0.0,0.0,0.0,0.0,1.0,0.0,4.0,6545.0,16948.0,0.0,0.0,0.010000000000000009,0.010000000000000675,0.129999999999999,0.0,1.099999999999966,0.0,0.0,0.0,0.0,0.0,0.0
55,Ross,Barkley,Barkley,i,Knee injury - Expected back 07 Feb,,4.8,346,217.0,0.0,616,241.0,0.0,686.0,279.0,0,0,0.0,-2,2.0,14,30,0.0,3.1,0.0,0.0,2.1,306.0,135.0,0.0,0.0,380.0,167.0,341.0,180.0,282.0,150.0,366.0,172.0,,,,,,,,0.34,0.13,0.47,1.11,0.0,0.0,0.0,0.0,11.84,22,0.0,0.0,0.0,0.0,0.0,0.0,0.0,0.0,0.0,0.0,0.0,0.0,0.0,0.0,0.0,14.0,40.0,0.0,0.0,0.0,0.0,0.0,0.0,0.0,0.0,0.0,0.0,0.0,0.0,0.0
56,Enzo,Barrenechea,Barrenechea,u,Season-long loan to Benfica,,5.0,264,161.0,0.0,799,358.0,0.0,733.0,313.0,0,0,0.0,0,0.0,0,0,0.0,0.0,0.0,0.0,0.0,766.0,335.0,0.0,0.0,766.0,335.0,764.0,335.0,756.0,333.0,766.0,335.0,,,,,,,,0.0,0.0,0.0,0.0,0.0,0.0,0.0,0.0,0.0,22,0.0,0.0,0.0,0.0,0.0,0.0,0.0,0.0,0.0,0.0,0.0,0.0,0.0,0.0,0.0,0.0,0.0,0.0,0.0,0.0,0.0,0.0,0.0,0.0,0.0,0.0,0.0,0.0,0.0,0.0
57,Lewis,Dobbin,Dobbin,u,Has joined Preston North End on loan for the rest of the season.,,5.0,258,158.0,0.0,652,266.0,0.0,729.0,310.0,0,0,0.0,0,0.0,0,3,0.0,0.0,0.0,0.0,0.0,762.0,332.0,0.0,0.0,762.0,332.0,759.0,332.0,752.0,330.0,762.0,332.0,,,,,,,,0.0,0.0,0.0,0.0,0.0,0.0,0.0,0.0,0.0,22,0.0,0.0,0.0,0.0,0.0,0.0,0.0,0.0,0.0,0.0,0.0,0.0,0.0,0.0,0.0,0.0,4.0,0.0,0.0,0.0,0.0,0.0,0.0,0.0,0.0,0.0,0.0,0.0,0.0,0.0
62,Jamaldeen,Jimoh-Aloba,Jimoh-Aloba,a,,,4.5,463,283.0,0.1,528,187.0,0.2,373.0,167.0,0,0,0.0,0,0.0,196,106,0.0,0.2,0.2,0.2,1.0,453.0,207.0,,,479.0,221.0,460.0,225.0,676.0,280.0,482.0,223.0,,,,,,,,0.0,0.0,0.0,6.86,0.0,0.0,0.0,0.0,11.25,22,0.0,0.0,0.0,0.0,0.0,0.0,0.0,0.0,0.0,0.0,0.0,0.0,0.0,0.0,0.0,240.0,138.0,0.0,0.0,0.0,0.0,0.0,0.0,0.0,0.0,0.0,0.0,0.0,0.0,0.0
64,Ollie,Watkins,Watkins,a,,,8.8,8,4.0,13.4,28,7.0,5.6,17.0,2.0,2,0,0.0,-2,2.0,26082,74073,0.6,9.4,5.6,5.6,3.8,93.0,8.0,100.0,100.0,111.0,10.0,142.0,9.0,5.0,4.0,33.0,7.0,,,3.0,,,,,0.48,0.05,0.53,1.4,0.0,0.33,1.2,1.04,3.16,22,2.0,90.0,0.0,0.0,0.0,1.0,0.0,0.0,0.0,0.0,0.0,0.0,1.0,0.0,3.0,44455.0,93917.0,0.0,0.09999999999999964,0.030000000000000027,0.13000000000000078,0.5100000000000016,0.0,4.599999999999994,17.0,2.1000000000000085,0.0,0.0,1.0,1.0
65,Zépiqueno,Redmond,Redmond,u,has joined Huddersfield Town on loan for the rest of the season.,,4.5,474,65.0,0.3,311,52.0,0.0,653.0,66.0,0,0,0.0,0,0.0,0,97,0.0,0.0,0.0,0.0,0.0,709.0,75.0,0.0,0.0,707.0,75.0,703.0,74.0,686.0,74.0,708.0,75.0,,,,,,,,0.0,0.0,0.0,0.0,0.0,0.0,0.0,0.0,0.0,22,0.0,0.0,0.0,0.0,0.0,0.0,0.0,0.0,0.0,0.0,0.0,0.0,0.0,0.0,0.0,0.0,129.0,0.0,0.0,0.0,0.0,0.0,0.0,0.0,0.0,0.0,0.0,0.0,0.0,0.0
389,Harvey,Elliott,Elliott,a,,,5.1,234,144.0,0.2,392,132.0,0.0,745.0,323.0,0,0,0.0,-4,4.0,217,165,0.0,0.8,0.0,0.0,1.0,472.0,223.0,100.0,100.0,440.0,200.0,378.0,190.0,362.0,185.0,429.0,193.0,,,,,,,,0.18,0.06,0.24,1.61,0.0,0.0,1.86,0.93,4.64,22,0.0,0.0,0.0,0.0,0.0,0.0,0.0,0.0,0.0,0.0,0.0,0.0,0.0,0.0,0.0,268.0,197.0,0.0,0.0,0.0,0.0,0.0,0.0,0.0,0.0,0.0,0.0,0.0,0.0,0.0
456,Jadon,Sancho,Sancho,a,,,5.8,104,68.0,0.2,371,125.0,1.4,253.0,110.0,0,0,0.0,-2,2.0,464,441,0.2,2.4,1.4,1.4,1.3,415.0,188.0,100.0,100.0,397.0,174.0,235.0,143.0,200.0,111.0,320.0,155.0,,,,,,,,0.11,0.18,0.29,1.22,0.0,0.3,0.6,0.6,4.77,22,0.0,0.0,0.0,0.0,0.0,0.0,0.0,0.0,0.0,0.0,0.0,0.0,0.0,0.0,0.0,576.0,523.0,0.0,0.0,0.0,0.0,0.0,0.0,0.0,0.0,0.0,0.0,0.0,0.0,0.0
677,Evann,Guessand,Guessand,a,,,6.2,77,50.0,0.0,619,243.0,0.4,348.0,154.0,2,0,0.0,-3,3.0,113,38,0.1,4.0,0.4,0.4,1.9,335.0,146.0,100.0,100.0,329.0,143.0,303.0,171.0,149.0,88.0,298.0,145.0,,,,,,,,0.18,0.06,0.24,1.36,0.0,0.15,1.54,0.93,8.49,22,2.0,72.0,0.0,0.0,0.0,1.0,0.0,0.0,0.0,0.0,0.0,0.0,0.0,0.0,12.0,135.0,46.0,0.0,0.21999999999999997,0.03999999999999998,0.26,0.3800000000000008,17.39999999999999,12.600000000000001,27.0,5.699999999999999,2.0,4.0,1.0,7.0
688,James,Wright,Wright,a,,,3.9,748,80.0,0.6,230,31.0,0.0,446.0,44.0,0,0,0.0,-1,1.0,243,625,0.0,0.0,0.0,0.0,0.0,531.0,49.0,,,521.0,49.0,514.0,36.0,477.0,21.0,524.0,49.0,,,,,,,,0.0,0.0,0.0,0.0,0.0,0.0,0.0,0.0,0.0,22,0.0,0.0,0.0,0.0,0.0,0.0,0.0,0.0,0.0,0.0,0.0,0.0,0.0,0.0,0.0,331.0,785.0,0.0,0.0,0.0,0.0,0.0,0.0,0.0,0.0,0.0,0.0,0.0,0.0,0.0
710,Travis,Patterson,Patterson,a,,,3.9,756,223.0,0.2,367,133.0,0.0,454.0,174.0,0,0,0.0,-1,1.0,70,222,0.0,0.0,0.0,0.0,0.0,539.0,196.0,,,529.0,196.0,522.0,197.0,485.0,188.0,532.0,196.0,,,,,,,,0.0,0.0,0.0,0.0,0.0,0.0,0.0,0.0,0.0,22,0.0,0.0,0.0,0.0,0.0,0.0,0.0,0.0,0.0,0.0,0.0,0.0,0.0,0.0,0.0,87.0,274.0,0.0,0.0,0.0,0.0,0.0,0.0,0.0,0.0,0.0,0.0,0.0,0.0,0.0
719,Victor,Lindelöf,Lindelöf,a,,,4.5,407,76.0,0.1,456,167.0,2.0,201.0,74.0,0,0,0.0,0,0.0,571,736,0.4,4.4,2.0,2.0,2.0,318.0,122.0,100.0,100.0,286.0,109.0,357.0,127.0,386.0,143.0,359.0,128.0,,,,,,,,0.0,0.01,0.01,1.69,0.0,0.16,1.43,0.96,5.42,22,0.0,0.0,0.0,0.0,0.0,0.0,0.0,0.0,0.0,0.0,0.0,0.0,0.0,0.0,0.0,1003.0,984.0,0.0,0.0,0.0,0.0,0.0,0.0,0.0,0.0,0.0,0.0,0.0,0.0,0.0
754,George,Hemmings,George Hemmings,a,,,4.5,475,291.0,0.0,749,323.0,0.4,339.0,150.0,1,0,0.0,0,0.0,45,13,0.1,0.4,0.4,0.4,1.0,456.0,210.0,,,708.0,291.0,436.0,212.0,424.0,211.0,476.0,220.0,,,,,,,,0.14,0.04,0.18,2.2,0.0,0.0,0.0,0.0,3.6,22,1.0,17.0,0.0,0.0,0.0,0.0,0.0,0.0,0.0,0.0,0.0,0.0,0.0,0.0,2.0,49.0,17.0,0.0,0.04,0.0,0.04,0.0,0.0,0.7,2.0,0.19999999999999998,0.0,0.0,1.0,1.0
757,Ronnie,Hollingshead,Hollingshead,a,,,4.0,687,59.0,0.0,716,82.0,0.0,499.0,72.0,0,0,0.0,0,0.0,34,32,0.0,0.0,0.0,0.0,0.0,584.0,77.0,,,573.0,77.0,568.0,66.0,533.0,51.0,576.0,77.0,,,,,,,,0.0,0.0,0.0,0.0,0.0,0.0,0.0,0.0,0.0,22,0.0,0.0,0.0,0.0,0.0,0.0,0.0,0.0,0.0,0.0,0.0,0.0,0.0,0.0,0.0,45.0,41.0,0.0,0.0,0.0,0.0,0.0,0.0,0.0,0.0,0.0,0.0,0.0,0.0,0.0
192,Quilindschy,Hartman,Hartman,a,,,4.0,679,175.0,0.8,203,78.0,0.0,492.0,192.0,0,0,0.0,0,0.0,612,2795,0.0,11.5,0.0,-0.5,3.1,166.0,65.0,,,125.0,54.0,93.0,22.0,276.0,82.0,143.0,46.0,1.0,,,,,,,0.01,0.1,0.11,2.04,0.0,0.13,1.88,1.01,7.0,22,0.0,0.0,0.0,0.0,0.0,0.0,0.0,0.0,0.0,0.0,0.0,0.0,0.0,0.0,0.0,1456.0,4010.0,0.0,0.0,0.0,0.0,0.0,0.0,0.0,0.0,0.0,0.0,0.0,0.0,0.0
193,Bashir,Humphreys,Humphreys,a,,,3.9,741,216.0,0.1,467,170.0,4.4,47.0,20.0,4,0,0.0,-1,1.0,2928,377,1.1,5.6,4.4,3.9,3.7,95.0,35.0,100.0,100.0,284.0,108.0,371.0,134.0,353.0,119.0,356.0,127.0,,,,,,,,0.03,0.02,0.05,2.06,0.0,0.21,1.65,0.82,9.89,22,4.0,90.0,0.0,0.0,0.0,1.0,0.0,0.0,0.0,1.0,0.0,0.0,1.0,1.0,25.0,3353.0,442.0,0.0,0.0,0.0,0.0,3.1800000000000006,32.0,1.1999999999999993,2.0,3.5,2.0,10.0,2.0,12.0
194,Jordan,Beyer,Jordan,i,Hamstring injury - Unknown return date,,3.9,737,213.0,0.1,542,197.0,0.0,440.0,169.0,0,0,0.0,-1,1.0,22,57,0.0,0.0,0.0,0.0,0.0,525.0,191.0,0.0,0.0,515.0,191.0,508.0,192.0,471.0,183.0,518.0,191.0,,,,,,,,0.0,0.0,0.0,0.0,0.0,0.0,0.0,0.0,0.0,22,0.0,0.0,0.0,0.0,0.0,0.0,0.0,0.0,0.0,0.0,0.0,0.0,0.0,0.0,0.0,92.0,66.0,0.0,0.0,0.0,0.0,0.0,0.0,0.0,0.0,0.0,0.0,0.0,0.0,0.0
201,Manuel,Benson Hedilazio,Benson,u,has joined Swansea City on loan for the rest of the season.,,5.4,162,101.0,0.0,689,292.0,0.0,761.0,333.0,0,0,0.0,-1,1.0,0,7,0.0,0.0,0.0,0.0,0.0,778.0,343.0,0.0,0.0,778.0,343.0,777.0,343.0,773.0,342.0,778.0,343.0,,,,,,,,0.0,0.0,0.0,0.0,0.0,0.0,0.0,0.0,0.0,22,0.0,0.0,0.0,0.0,0.0,0.0,0.0,0.0,0.0,0.0,0.0,0.0,0.0,0.0,0.0,0.0,10.0,0.0,0.0,0.0,0.0,0.0,0.0,0.0,0.0,0.0,0.0,0.0,0.0,0.0
202,Jacob,Bruun Larsen,Bruun Larsen,a,,,5.3,186,115.0,0.0,614,239.0,1.0,286.0,128.0,0,0,0.0,-2,2.0,60,87,0.2,5.8,1.0,0.5,1.7,362.0,159.0,100.0,100.0,308.0,138.0,138.0,98.0,168.0,99.0,234.0,117.0,3.0,1.0,3.0,,,,,0.12,0.11,0.23,2.11,0.0,0.32,2.43,0.95,5.7,22,0.0,0.0,0.0,0.0,0.0,0.0,0.0,0.0,0.0,0.0,0.0,0.0,0.0,0.0,0.0,96.0,124.0,0.0,0.0,0.0,0.0,0.0,0.0,0.0,0.0,0.0,0.0,0.0,0.0,0.0
203,Enock,Agyei,Boateng,a,,,4.7,386,242.0,0.0,591,223.0,0.0,685.0,278.0,0,0,0.0,-3,3.0,85,84,0.0,0.0,0.0,-0.5,0.0,736.0,313.0,,,736.0,313.0,731.0,313.0,718.0,309.0,736.0,313.0,,,,,,,,0.0,0.0,0.0,0.0,0.0,0.0,0.0,0.0,0.0,22,0.0,0.0,0.0,0.0,0.0,0.0,0.0,0.0,0.0,0.0,0.0,0.0,0.0,0.0,0.0,106.0,111.0,0.0,0.0,0.0,0.0,0.0,0.0,0.0,0.0,0.0,0.0,0.0,0.0,0.0
204,Darko,Churlinov,Churlinov,u,has joined Kocaelispor  permanently.,,4.9,317,196.0,0.0,701,297.0,0.0,707.0,294.0,0,0,0.0,-1,1.0,0,0,0.0,0.0,0.0,0.0,0.0,748.0,321.0,0.0,0.0,748.0,321.0,744.0,321.0,736.0,319.0,748.0,321.0,,,,,,,,0.0,0.0,0.0,0.0,0.0,0.0,0.0,0.0,0.0,22,0.0,0.0,0.0,0.0,0.0,0.0,0.0,0.0,0.0,0.0,0.0,0.0,0.0,0.0,0.0,0.0,0.0,0.0,0.0,0.0,0.0,0.0,0.0,0.0,0.0,0.0,0.0,0.0,0.0,0.0
205,Josh,Cullen,Cullen,i,Knee injury - Expected back 30 Sep,,5.0,245,150.0,1.0,179,63.0,0.2,389.0,178.0,0,0,0.0,0,0.0,49,4278,0.0,14.0,0.0,0.0,3.9,76.0,35.0,0.0,0.0,96.0,32.0,99.0,74.0,210.0,118.0,118.0,64.0,,,,,,,,0.06,0.08,0.14,1.93,0.0,0.18,1.73,1.07,10.29,22,0.0,0.0,0.0,0.0,0.0,0.0,0.0,0.0,0.0,0.0,0.0,0.0,0.0,0.0,0.0,149.0,7023.0,0.0,0.0,0.0,0.0,0.0,0.0,0.0,0.0,0.0,0.0,0.0,0.0,0.0
206,Marcus,Edwards,Edwards,a,,,4.7,376,235.0,0.1,481,167.0,4.0,64.0,28.0,9,0,0.0,-3,3.0,2345,336,0.9,6.4,4.0,3.5,2.5,253.0,109.0,,,282.0,127.0,131.0,94.0,165.0,96.0,217.0,109.0,,3.0,,,,,,0.15,0.25,0.4,1.94,0.0,0.18,1.29,0.74,5.17,22,9.0,89.0,1.0,0.0,0.0,1.0,0.0,0.0,0.0,0.0,0.0,0.0,1.0,2.0,27.0,2467.0,393.0,0.0,0.14,0.020000000000000018,0.15999999999999992,3.16,34.80000000000001,1.6999999999999886,27.0,6.399999999999999,1.0,1.0,2.0,4.0
207,Hannibal,Mejbri,Hannibal,a,,,4.7,383,239.0,0.1,474,163.0,0.2,380.0,172.0,1,0,0.0,-3,3.0,270,125,0.0,4.9,0.2,-0.3,1.5,388.0,174.0,100.0,100.0,369.0,164.0,176.0,117.0,315.0,165.0,324.0,158.0,,4.0,,,,,,0.06,0.15,0.21,2.56,0.0,0.2,2.19,0.99,7.35,22,1.0,1.0,0.0,0.0,0.0,0.0,0.0,0.0,0.0,0.0,0.0,0.0,0.0,0.0,4.0,374.0,153.0,0.0,0.0,0.010000000000000009,0.010000000000000009,0.02999999999999936,2.1999999999999957,10.300000000000011,0.0,1.2999999999999972,0.0,0.0,0.0,0.0
208,Luca,Koleosho,Koleosho,u,has joined Paris FC on loan for the rest of the season.,,5.0,263,160.0,0.0,713,304.0,0.0,732.0,312.0,0,0,0.0,0,0.0,0,3,0.0,0.0,0.0,0.0,0.0,765.0,334.0,0.0,0.0,765.0,334.0,763.0,334.0,755.0,332.0,765.0,334.0,,,,,,,,0.0,0.0,0.0,0.0,0.0,0.0,0.0,0.0,0.0,22,0.0,0.0,0.0,0.0,0.0,0.0,0.0,0.0,0.0,0.0,0.0,0.0,0.0,0.0,0.0,0.0,3.0,0.0,0.0,0.0,0.0,0.0,0.0,0.0,0.0,0.0,0.0,0.0,0.0,0.0
209,Josh,Laurent,Laurent,a,,,4.8,348,219.0,0.0,592,224.0,4.2,55.0,22.0,1,0,0.0,-2,2.0,218,176,0.9,8.8,4.2,3.7,2.2,288.0,125.0,,,198.0,84.0,247.0,150.0,256.0,140.0,259.0,126.0,,,,,,,,0.04,0.02,0.06,2.08,0.0,0.09,2.21,0.94,10.46,22,1.0,5.0,0.0,0.0,0.0,0.0,0.0,0.0,0.0,0.0,0.0,0.0,0.0,0.0,3.0,350.0,248.0,0.0,0.0,0.0,0.0,0.029999999999997584,2.0,0.0,0.0,0.19999999999999574,1.0,0.0,0.0,1.0
210,Loum,Tchaouna,Tchaouna,a,,,4.9,330,205.0,0.0,617,242.0,0.8,300.0,135.0,1,0,0.0,-1,1.0,27,42,0.2,6.7,0.8,0.3,1.9,329.0,144.0,,,333.0,147.0,255.0,155.0,206.0,115.0,306.0,148.0,,2.0,,,,,,0.1,0.05,0.15,1.69,0.0,0.24,1.31,1.08,5.38,22,1.0,1.0,0.0,0.0,0.0,0.0,0.0,0.0,0.0,0.0,0.0,0.0,0.0,0.0,3.0,42.0,69.0,0.0,0.0,0.0,0.0,0.02999999999999936,0.19999999999998863,0.7000000000000028,0.0,0.10000000000000142,0.0,0.0,2.0,2.0
211,Aaron,Ramsey,A.Ramsey,u,has joined Leicester City on loan for the rest of the season.,,4.4,532,317.0,1.5,155,53.0,0.0,583.0,203.0,0,0,0.0,-1,1.0,0,660,0.0,0.0,0.0,0.0,0.0,647.0,247.0,0.0,0.0,637.0,238.0,635.0,243.0,610.0,232.0,640.0,240.0,,,,,,,,0.0,0.0,0.0,0.0,0.0,0.0,0.0,0.0,0.0,22,0.0,0.0,0.0,0.0,0.0,0.0,0.0,0.0,0.0,0.0,0.0,0.0,0.0,0.0,0.0,0.0,1013.0,0.0,0.0,0.0,0.0,0.0,0.0,0.0,0.0,0.0,0.0,0.0,0.0,0.0
212,Oluwaseun,Adewumi,Adewumi,u,Has joined Cercle Brugge on loan for the rest of the season.,,4.5,471,288.0,0.0,742,318.0,0.0,652.0,253.0,0,0,0.0,0,0.0,0,2,0.0,0.0,0.0,0.0,0.0,708.0,292.0,0.0,0.0,706.0,290.0,702.0,291.0,684.0,285.0,707.0,291.0,,,,,,,,0.0,0.0,0.0,0.0,0.0,0.0,0.0,0.0,0.0,22,0.0,0.0,0.0,0.0,0.0,0.0,0.0,0.0,0.0,0.0,0.0,0.0,0.0,0.0,0.0,0.0,4.0,0.0,0.0,0.0,0.0,0.0,0.0,0.0,0.0,0.0,0.0,0.0,0.0,0.0
213,Jaydon,Banel,Banel,a,,,4.5,458,280.0,0.0,588,220.0,0.2,372.0,166.0,0,0,0.0,0,0.0,75,157,0.0,0.2,0.2,-0.3,1.0,451.0,205.0,,,695.0,283.0,450.0,219.0,672.0,277.0,696.0,284.0,,,,,,,,0.0,0.0,0.0,0.5,0.0,0.0,0.0,0.0,0.0,22,0.0,0.0,0.0,0.0,0.0,0.0,0.0,0.0,0.0,0.0,0.0,0.0,0.0,0.0,0.0,145.0,191.0,0.0,0.0,0.0,0.0,0.0,0.0,0.0,0.0,0.0,0.0,0.0,0.0,0.0
214,Mike,Trésor Ndayishimiye,Trésor,i,Ankle injury - Unknown return date,,4.4,529,316.0,0.1,529,188.0,0.4,336.0,149.0,0,0,0.0,-1,1.0,27,243,0.1,0.9,0.0,0.0,1.0,442.0,197.0,0.0,0.0,476.0,220.0,453.0,221.0,422.0,209.0,475.0,219.0,,,,,,,,0.0,0.0,0.0,2.18,0.0,0.0,4.74,0.0,9.47,22,0.0,0.0,0.0,0.0,0.0,0.0,0.0,0.0,0.0,0.0,0.0,0.0,0.0,0.0,0.0,172.0,347.0,0.0,0.0,0.0,0.0,0.0,0.0,0.0,0.0,0.0,0.0,0.0,0.0,0.0
215,Zian,Flemming,Flemming,d,Lack of match fitness - 75% chance of playing,,5.3,193,44.0,0.3,314,53.0,0.2,393.0,44.0,0,0,0.0,-2,2.0,44,2030,0.0,7.9,0.2,0.0,2.8,217.0,21.0,75.0,0.0,203.0,16.0,293.0,30.0,88.0,26.0,198.0,22.0,,,1.0,,,,,0.43,0.02,0.45,1.89,0.0,0.27,1.36,1.09,4.23,22,0.0,0.0,0.0,0.0,0.0,0.0,0.0,0.0,0.0,0.0,0.0,0.0,0.0,0.0,0.0,75.0,3436.0,0.0,0.0,0.0,0.0,0.0,0.0,0.0,0.0,0.0,0.0,0.0,0.0,0.0
69,Callan,McKenna,McKenna,a,,,3.9,761,89.0,0.2,347,50.0,0.0,459.0,53.0,0,0,0.0,-1,1.0,362,296,0.0,0.0,-0.5,0.0,0.0,544.0,58.0,,,534.0,58.0,527.0,45.0,490.0,30.0,537.0,58.0,,,,,,,,0.0,0.0,0.0,0.0,0.0,0.0,0.0,0.0,0.0,22,0.0,0.0,0.0,0.0,0.0,0.0,0.0,0.0,0.0,0.0,0.0,0.0,0.0,0.0,0.0,513.0,431.0,0.0,0.0,0.0,0.0,0.0,0.0,0.0,0.0,0.0,0.0,0.0,0.0,0.0
70,Alex,Paulsen,Paulsen,u,Has joined Lechia Gdansk on loan for the rest of the season.,,4.0,680,57.0,0.1,551,78.0,0.0,493.0,70.0,0,0,0.0,0,0.0,0,25,0.0,0.0,0.0,0.0,0.0,578.0,75.0,0.0,0.0,567.0,75.0,562.0,64.0,527.0,49.0,570.0,75.0,,,,,,,,0.0,0.0,0.0,0.0,0.0,0.0,0.0,0.0,0.0,22,0.0,0.0,0.0,0.0,0.0,0.0,0.0,0.0,0.0,0.0,0.0,0.0,0.0,0.0,0.0,0.0,44.0,0.0,0.0,0.0,0.0,0.0,0.0,0.0,0.0,0.0,0.0,0.0,0.0,0.0
71,Illia,Zabarnyi,Zabarnyi,u,Has joined Paris Saint-Germain permanently.,,5.0,261,42.0,0.0,657,228.0,0.0,731.0,254.0,0,0,0.0,0,0.0,0,6,0.0,0.0,0.0,0.0,0.0,764.0,258.0,0.0,0.0,764.0,258.0,762.0,258.0,754.0,257.0,764.0,258.0,,,,,,,,0.0,0.0,0.0,0.0,0.0,0.0,0.0,0.0,0.0,22,0.0,0.0,0.0,0.0,0.0,0.0,0.0,0.0,0.0,0.0,0.0,0.0,0.0,0.0,0.0,0.0,6.0,0.0,0.0,0.0,0.0,0.0,0.0,0.0,0.0,0.0,0.0,0.0,0.0,0.0
72,Marcos,Senesi Barón,Senesi,a,,,4.8,357,61.0,13.9,25,8.0,3.0,132.0,52.0,3,0,0.0,3,-3.0,17689,34131,0.6,19.0,2.5,3.0,4.3,51.0,23.0,100.0,100.0,2.0,1.0,76.0,17.0,205.0,51.0,34.0,1.0,,,,,,,,0.03,0.17,0.2,1.48,0.0,0.24,1.95,1.02,13.05,22,3.0,90.0,0.0,0.0,0.0,1.0,0.0,0.0,0.0,1.0,0.0,0.0,1.0,0.0,5.0,26753.0,46548.0,0.0,0.0,0.020000000000000018,0.020000000000000462,1.0500000000000007,23.40000000000009,10.300000000000011,0.0,3.3999999999999915,0.0,13.0,2.0,13.0
73,Adam,Smith,Smith,a,,,4.4,508,97.0,0.2,383,139.0,0.2,362.0,139.0,0,0,0.0,-1,1.0,130,257,0.0,4.5,-0.3,0.2,1.8,339.0,132.0,100.0,100.0,375.0,143.0,352.0,125.0,360.0,125.0,389.0,139.0,,,,,,,,0.0,0.02,0.02,1.7,0.0,0.33,2.16,1.33,4.66,22,0.0,19.0,0.0,0.0,0.0,1.0,0.0,0.0,0.0,1.0,0.0,0.0,0.0,0.0,45.0,195.0,343.0,0.0,0.0,0.0,0.0,0.5,0.3999999999999986,0.09999999999999787,0.0,0.10000000000000142,0.0,2.0,0.0,2.0
74,Adrien,Truffert,Truffert,a,,,4.5,441,90.0,1.7,141,56.0,2.0,203.0,76.0,4,0,0.0,0,0.0,1202,5928,0.4,15.8,1.5,2.0,3.2,153.0,63.0,,,40.0,18.0,52.0,8.0,226.0,59.0,64.0,11.0,,,,,,,,0.02,0.06,0.08,1.4,0.0,0.23,1.76,1.02,8.27,22,4.0,90.0,0.0,0.0,0.0,1.0,0.0,0.0,0.0,0.0,0.0,0.0,1.0,0.0,11.0,1682.0,9014.0,0.0,0.0,0.06999999999999984,0.07000000000000006,1.0500000000000007,27.399999999999977,15.600000000000023,4.0,4.700000000000003,8.0,4.0,3.0,12.0
75,Matai,Akinmboni,Akinmboni,d,Muscle injury - 25% chance of playing,,3.8,790,252.0,0.2,370,135.0,0.0,418.0,161.0,0,0,0.0,-2,2.0,62,171,0.0,0.0,-0.1,0.0,0.0,505.0,185.0,25.0,25.0,495.0,185.0,486.0,185.0,447.0,174.0,498.0,185.0,,,,,,,,0.0,0.0,0.0,0.0,0.0,0.0,0.0,0.0,0.0,22,0.0,0.0,0.0,0.0,0.0,0.0,0.0,0.0,0.0,0.0,0.0,0.0,0.0,0.0,0.0,107.0,247.0,0.0,0.0,0.0,0.0,0.0,0.0,0.0,0.0,0.0,0.0,0.0,0.0,0.0
77,James,Hill,Hill,a,,,3.9,743,217.0,0.6,224,83.0,2.2,190.0,71.0,2,0,0.0,-1,1.0,808,906,0.6,7.7,1.7,2.2,2.3,273.0,106.0,,,254.0,102.0,348.0,121.0,285.0,87.0,312.0,106.0,,,,,,,,0.02,0.04,0.06,1.24,0.0,0.27,1.5,0.82,10.6,22,2.0,90.0,0.0,0.0,0.0,1.0,0.0,0.0,0.0,0.0,0.0,0.0,1.0,0.0,5.0,1180.0,1223.0,0.0,0.020000000000000018,0.010000000000000009,0.020000000000000018,1.049999999999999,21.200000000000017,10.5,2.0,3.3999999999999986,3.0,6.0,2.0,9.0
78,Julián,Araujo Zúñiga,J.Araujo,u,has joined Celtic on loan for the rest of the season.,,3.8,779,241.0,0.6,235,87.0,0.0,409.0,152.0,0,0,0.0,-2,2.0,0,1313,0.0,0.0,0.0,0.0,0.0,497.0,177.0,0.0,0.0,487.0,177.0,478.0,177.0,439.0,166.0,490.0,177.0,,,,,,,,0.0,0.0,0.0,0.0,0.0,0.0,0.0,0.0,0.0,22,0.0,0.0,0.0,0.0,0.0,0.0,0.0,0.0,0.0,0.0,0.0,0.0,0.0,0.0,0.0,0.0,1893.0,0.0,0.0,0.0,0.0,0.0,0.0,0.0,0.0,0.0,0.0,0.0,0.0,0.0
79,Chris,Mepham,Mepham,u,has joined West Bromwich Albion permanently.,,4.0,659,165.0,0.1,524,191.0,0.0,474.0,184.0,0,0,0.0,0,0.0,0,28,0.0,0.0,0.0,0.0,0.0,560.0,207.0,0.0,0.0,549.0,206.0,544.0,207.0,509.0,200.0,552.0,206.0,,,,,,,,0.0,0.0,0.0,0.0,0.0,0.0,0.0,0.0,0.0,22,0.0,0.0,0.0,0.0,0.0,0.0,0.0,0.0,0.0,0.0,0.0,0.0,0.0,0.0,0.0,0.0,40.0,0.0,0.0,0.0,0.0,0.0,0.0,0.0,0.0,0.0,0.0,0.0,0.0,0.0
80,Julio,Soler Barreto,Soler,d,Knock - 25% chance of playing,,4.0,698,189.0,0.2,352,128.0,0.2,355.0,135.0,0,0,0.0,0,0.0,225,413,0.0,0.8,-0.1,0.2,1.0,432.0,160.0,25.0,100.0,467.0,167.0,430.0,157.0,418.0,156.0,464.0,164.0,,,,,,,,0.0,0.0,0.0,4.29,0.0,0.0,5.29,0.0,2.65,22,0.0,0.0,0.0,0.0,0.0,0.0,0.0,0.0,0.0,0.0,0.0,0.0,0.0,0.0,0.0,337.0,504.0,0.0,0.0,0.0,0.0,0.0,0.0,0.0,0.0,0.0,0.0,0.0,0.0,0.0
81,Justin,Kluivert,Kluivert,i,Knee injury - Expected back 09 May,,7.0,39,24.0,0.7,220,76.0,2.2,195.0,83.0,0,0,0.0,0,0.0,62,2817,0.3,5.7,0.0,0.0,2.2,301.0,134.0,0.0,0.0,263.0,115.0,56.0,45.0,160.0,94.0,148.0,82.0,4.0,2.0,1.0,,,,,0.22,0.15,0.37,1.65,0.0,0.39,1.77,0.98,6.11,22,0.0,0.0,0.0,0.0,0.0,0.0,0.0,0.0,0.0,0.0,0.0,0.0,0.0,0.0,0.0,72.0,4223.0,0.0,0.0,0.0,0.0,0.0,0.0,0.0,0.0,0.0,0.0,0.0,0.0,0.0
84,Marcus,Tavernier,Tavernier,d,Hamstring injury - 25% chance of playing,,5.5,140,88.0,2.5,115,38.0,3.8,75.0,34.0,8,0,0.0,0,0.0,10209,25858,0.7,17.1,0.8,3.8,4.3,52.0,22.0,25.0,,50.0,14.0,21.0,20.0,42.0,26.0,24.0,20.0,2.0,1.0,4.0,,,,,0.26,0.12,0.38,1.4,0.0,0.36,1.84,1.02,8.38,22,8.0,70.0,1.0,0.0,1.0,0.0,0.0,0.0,0.0,0.0,0.0,0.0,1.0,0.0,16.0,30781.0,32343.0,0.0,0.8100000000000005,0.3700000000000001,1.1799999999999997,0.5500000000000007,35.19999999999999,12.299999999999955,22.0,7.0,0.0,1.0,4.0,5.0
85,Tyler,Adams,Adams,i,Knee injury - Expected back 21 Feb,,4.9,296,184.0,0.3,328,110.0,0.0,700.0,290.0,0,-1,1.0,-1,1.0,12,407,0.0,10.2,0.0,0.0,3.3,144.0,63.0,0.0,0.0,164.0,60.0,260.0,156.0,197.0,108.0,211.0,106.0,,,,,,,,0.04,0.02,0.06,1.34,0.0,0.3,1.73,1.13,10.99,22,0.0,0.0,0.0,0.0,0.0,0.0,0.0,0.0,0.0,0.0,0.0,0.0,0.0,0.0,0.0,16.0,566.0,0.0,0.0,0.0,0.0,0.0,0.0,0.0,0.0,0.0,0.0,0.0,0.0,0.0
87,Ryan,Christie,Christie,a,,,4.9,289,179.0,0.1,572,211.0,0.2,383.0,175.0,1,0,0.0,-1,1.0,67,53,0.0,3.9,-0.3,0.2,1.6,373.0,166.0,100.0,75.0,337.0,148.0,292.0,167.0,231.0,128.0,323.0,157.0,,,,,,,,0.32,0.05,0.37,1.97,0.0,0.0,2.36,0.3,10.62,22,1.0,18.0,0.0,0.0,0.0,1.0,0.0,0.0,0.0,0.0,0.0,0.0,0.0,0.0,0.0,67.0,79.0,0.0,0.0,0.0,0.0,0.5,2.1999999999999886,0.6000000000000014,0.0,0.3000000000000007,0.0,1.0,0.0,1.0
95,Zain,Silcott-Duberry,Silcott-Duberry,u,has joined Olympiakos permanently.,,4.4,542,325.0,0.1,559,204.0,0.0,589.0,209.0,0,0,0.0,-1,1.0,0,30,0.0,0.0,0.0,0.0,0.0,653.0,253.0,0.0,0.0,644.0,245.0,642.0,250.0,617.0,239.0,647.0,247.0,,,,,,,,0.0,0.0,0.0,0.0,0.0,0.0,0.0,0.0,0.0,22,0.0,0.0,0.0,0.0,0.0,0.0,0.0,0.0,0.0,0.0,0.0,0.0,0.0,0.0,0.0,0.0,38.0,0.0,0.0,0.0,0.0,0.0,0.0,0.0,0.0,0.0,0.0,0.0,0.0,0.0
685,Bafodé,Diakité,Diakité,a,,,4.3,576,131.0,0.3,306,114.0,0.4,330.0,123.0,1,0,0.0,-2,2.0,123,708,0.1,10.5,-0.1,0.4,2.6,235.0,88.0,100.0,100.0,163.0,71.0,304.0,101.0,347.0,115.0,267.0,89.0,,,,,,,,0.0,0.01,0.01,1.57,0.0,0.28,1.91,1.06,8.27,22,1.0,11.0,0.0,0.0,0.0,1.0,0.0,0.0,0.0,0.0,0.0,0.0,0.0,0.0,0.0,180.0,1042.0,0.0,0.0,0.0,0.0,0.5,4.199999999999989,0.0,0.0,0.3999999999999986,0.0,2.0,0.0,2.0
697,Amine,Adli,Adli,a,,,5.4,174,108.0,0.0,596,228.0,1.8,223.0,95.0,6,0,0.0,-1,1.0,278,132,0.3,5.2,1.3,1.8,1.6,375.0,168.0,,,293.0,131.0,229.0,141.0,183.0,104.0,282.0,137.0,,6.0,,,,,,0.18,0.07,0.25,1.56,0.0,0.18,1.78,0.71,11.01,22,6.0,78.0,0.0,1.0,1.0,0.0,0.0,0.0,0.0,0.0,0.0,0.0,1.0,0.0,15.0,316.0,167.0,0.0,0.0,0.020000000000000018,0.019999999999999796,0.5499999999999989,4.200000000000003,3.799999999999997,4.0,1.1999999999999993,2.0,1.0,1.0,4.0
713,Álex,Jiménez Sánchez,A.Jimenez,a,,,4.5,459,92.0,0.1,520,188.0,1.8,219.0,82.0,2,0,0.0,0,0.0,290,312,0.4,7.3,1.3,1.8,1.8,342.0,133.0,,,230.0,92.0,189.0,48.0,230.0,61.0,243.0,86.0,,,,,,,,0.03,0.05,0.08,1.7,0.0,0.14,2.03,1.01,5.29,22,2.0,90.0,0.0,0.0,0.0,1.0,0.0,0.0,0.0,0.0,0.0,0.0,1.0,0.0,11.0,366.0,656.0,0.0,0.019999999999999962,0.13,0.1499999999999999,1.0300000000000011,12.800000000000011,24.299999999999997,10.0,4.699999999999996,2.0,3.0,7.0,5.0
721,Veljko,Milosavljevic,Milosavljević,a,,,4.4,558,119.0,0.0,651,227.0,0.4,337.0,126.0,1,0,0.0,-1,1.0,19,25,0.1,4.3,-0.1,0.4,2.7,227.0,87.0,100.0,100.0,318.0,123.0,386.0,142.0,376.0,135.0,374.0,133.0,,,,,,,,0.04,0.05,0.09,1.08,0.0,0.25,1.47,0.98,9.56,22,1.0,1.0,0.0,0.0,0.0,0.0,0.0,0.0,0.0,0.0,0.0,0.0,0.0,0.0,3.0,27.0,41.0,0.0,0.0,0.0,0.0,0.03000000000000025,0.0,0.0,0.0,0.0,0.0,0.0,0.0,0.0
782,Fraser,Forster,Forster,a,,,4.0,646,40.0,0.0,724,83.0,0.0,465.0,55.0,0,0,0.0,0,0.0,170,46,0.0,0.0,-0.5,0.0,0.0,550.0,60.0,,,540.0,60.0,533.0,47.0,497.0,32.0,543.0,60.0,,,,,,,,0.0,0.0,0.0,0.0,0.0,0.0,0.0,0.0,0.0,22,0.0,0.0,0.0,0.0,0.0,0.0,0.0,0.0,0.0,0.0,0.0,0.0,0.0,0.0,0.0,216.0,56.0,0.0,0.0,0.0,0.0,0.0,0.0,0.0,0.0,0.0,0.0,0.0,0.0,0.0
799,Charlie,Stevens,Stevens,a,,,4.5,503,311.0,0.0,801,360.0,0.0,675.0,271.0,0,0,0.0,0,0.0,27,2,0.0,0.0,0.8,1.3,0.0,730.0,309.0,,,730.0,309.0,725.0,309.0,708.0,304.0,730.0,309.0,,,,,,,,0.0,0.0,0.0,0.0,0.0,0.0,0.0,0.0,0.0,22,0.0,0.0,0.0,0.0,0.0,0.0,0.0,0.0,0.0,0.0,0.0,0.0,0.0,0.0,0.0,27.0,2.0,0.0,0.0,0.0,0.0,0.0,0.0,0.0,0.0,0.0,0.0,0.0,0.0,0.0
83,Dango,Ouattara,O.Dango,a,,,5.8,110,70.0,0.3,299,100.0,0.2,397.0,183.0,1,0,0.0,-2,2.0,1277,772,0.0,11.2,0.2,0.2,4.1,66.0,27.0,100.0,100.0,227.0,97.0,220.0,135.0,46.0,28.0,146.0,81.0,2.0,,,,,,,0.3,0.06,0.36,1.2,0.0,0.25,1.26,1.01,8.21,22,1.0,13.0,0.0,0.0,0.0,0.0,0.0,0.0,0.0,0.0,0.0,0.0,0.0,0.0,2.0,1807.0,1299.0,0.0,0.0,0.0,0.0,0.02999999999999936,1.0,0.0,0.0,0.10000000000000142,0.0,1.0,0.0,1.0
101,Caoimhín,Kelleher,Kelleher,a,,,4.6,390,19.0,10.0,44,6.0,5.2,20.0,2.0,1,0,0.0,1,-1.0,29135,13180,1.1,17.8,5.2,5.2,3.7,99.0,9.0,100.0,100.0,17.0,6.0,374.0,4.0,714.0,75.0,166.0,5.0,,,,,,,,0.0,0.0,0.0,1.38,2.77,0.23,1.36,1.0,0.0,22,1.0,90.0,0.0,0.0,0.0,2.0,0.0,0.0,0.0,0.0,0.0,0.0,1.0,0.0,0.0,42524.0,18236.0,0.0,0.0,0.0,0.0,1.5899999999999999,0.0,0.0,0.0,0.0,0.0,1.0,6.0,0.0
102,Ellery,Balcombe,Balcombe,a,,,3.9,736,76.0,0.3,333,46.0,0.0,439.0,40.0,0,0,0.0,-1,1.0,132,223,0.0,0.0,0.0,0.0,0.0,524.0,45.0,,,514.0,45.0,507.0,32.0,470.0,17.0,517.0,45.0,,,,,,,,0.0,0.0,0.0,0.0,0.0,0.0,0.0,0.0,0.0,22,0.0,0.0,0.0,0.0,0.0,0.0,0.0,0.0,0.0,0.0,0.0,0.0,0.0,0.0,0.0,210.0,296.0,0.0,0.0,0.0,0.0,0.0,0.0,0.0,0.0,0.0,0.0,0.0,0.0,0.0
103,Matthew,Cox,Cox,u,has joined Shrewsbury Town on loan for the rest of the season.,,3.9,753,84.0,0.2,397,59.0,0.0,451.0,48.0,0,0,0.0,-1,1.0,0,527,0.0,0.0,0.0,0.0,0.0,536.0,53.0,0.0,0.0,526.0,53.0,519.0,40.0,482.0,25.0,529.0,53.0,,,,,,,,0.0,0.0,0.0,0.0,0.0,0.0,0.0,0.0,0.0,22,0.0,0.0,0.0,0.0,0.0,0.0,0.0,0.0,0.0,0.0,0.0,0.0,0.0,0.0,0.0,0.0,673.0,0.0,0.0,0.0,0.0,0.0,0.0,0.0,0.0,0.0,0.0,0.0,0.0,0.0
105,Hákon Rafn,Valdimarsson,Valdimarsson,a,,,3.9,754,85.0,0.6,225,29.0,0.0,452.0,49.0,0,0,0.0,-1,1.0,99,591,0.0,0.0,0.0,0.0,0.0,537.0,54.0,,,527.0,54.0,520.0,41.0,483.0,26.0,530.0,54.0,,,,,,,,0.0,0.0,0.0,0.0,0.0,0.0,0.0,0.0,0.0,22,0.0,0.0,0.0,0.0,0.0,0.0,0.0,0.0,0.0,0.0,0.0,0.0,0.0,0.0,0.0,174.0,775.0,0.0,0.0,0.0,0.0,0.0,0.0,0.0,0.0,0.0,0.0,0.0,0.0,0.0
106,Nathan,Collins,Collins,a,,,5.0,257,41.0,3.9,90,33.0,7.4,4.0,3.0,1,0,0.0,0,0.0,52127,12239,1.5,18.0,7.4,7.4,4.1,63.0,28.0,,,7.0,3.0,212.0,58.0,74.0,5.0,52.0,7.0,,,,,,,,0.07,0.04,0.11,1.38,0.0,0.24,1.37,0.99,10.62,22,1.0,90.0,0.0,0.0,0.0,2.0,0.0,0.0,0.0,0.0,0.0,0.0,1.0,0.0,7.0,75682.0,16154.0,0.0,0.0,0.010000000000000009,0.010000000000000231,1.5899999999999999,29.0,1.3000000000000114,6.0,3.6000000000000085,0.0,7.0,2.0,7.0
107,Keane,Lewis-Potter,Lewis-Potter,a,,,4.9,316,53.0,2.4,119,47.0,3.0,136.0,54.0,1,0,0.0,-1,1.0,7762,15449,0.6,13.5,3.0,3.0,3.3,147.0,59.0,,,236.0,97.0,159.0,39.0,131.0,23.0,196.0,63.0,,,,,,,,0.13,0.09,0.22,1.6,0.0,0.59,1.48,0.99,3.26,22,1.0,8.0,0.0,0.0,0.0,0.0,0.0,0.0,0.0,0.0,0.0,0.0,0.0,0.0,2.0,12617.0,20498.0,0.0,0.050000000000000044,0.019999999999999907,0.06999999999999984,0.0,0.20000000000001705,0.799999999999983,7.0,0.7999999999999972,0.0,0.0,1.0,0.0
108,Kristoffer,Ajer,Ajer,a,,,4.4,514,102.0,0.2,374,136.0,4.6,34.0,15.0,1,0,0.0,-1,1.0,1117,527,1.0,10.7,4.6,4.6,2.9,196.0,77.0,100.0,100.0,179.0,73.0,349.0,122.0,175.0,35.0,242.0,85.0,,,,,,,,0.05,0.05,0.1,1.41,0.0,0.25,1.44,1.02,10.01,22,1.0,90.0,0.0,0.0,0.0,2.0,0.0,0.0,0.0,0.0,0.0,0.0,1.0,0.0,8.0,1623.0,815.0,0.0,0.0,0.029999999999999916,0.030000000000000027,1.5900000000000016,18.0,0.8999999999999986,4.0,2.299999999999997,2.0,7.0,6.0,9.0
109,Rico,Henry,Henry,a,,,4.3,570,127.0,0.2,400,146.0,3.2,111.0,40.0,1,0,0.0,-2,2.0,496,375,0.7,8.1,3.2,3.2,1.9,325.0,125.0,,,348.0,132.0,339.0,117.0,343.0,114.0,369.0,132.0,,,,,,,,0.02,0.03,0.05,1.9,0.0,0.34,1.48,0.79,4.43,22,1.0,81.0,0.0,0.0,0.0,2.0,0.0,0.0,0.0,0.0,0.0,0.0,1.0,0.0,0.0,824.0,487.0,0.0,0.0,0.01999999999999999,0.019999999999999962,1.5900000000000016,5.400000000000006,1.7000000000000028,2.0,0.9000000000000004,2.0,1.0,3.0,3.0
110,Michael,Kayode,Kayode,a,,,4.5,488,95.0,0.7,211,81.0,3.2,113.0,42.0,1,0,0.0,0,0.0,2586,2385,0.7,14.2,3.2,3.2,2.9,197.0,78.0,,,81.0,36.0,48.0,6.0,251.0,71.0,84.0,19.0,,,,,,,,0.01,0.1,0.11,1.39,0.0,0.23,1.36,1.03,6.57,22,1.0,90.0,0.0,0.0,0.0,2.0,0.0,0.0,0.0,0.0,0.0,0.0,1.0,0.0,6.0,3668.0,3724.0,0.0,0.0,0.11000000000000032,0.10999999999999988,1.5899999999999999,13.400000000000034,26.900000000000034,4.0,4.400000000000006,1.0,2.0,1.0,3.0
111,Ethan,Pinnock,Pinnock,a,,,4.2,624,148.0,0.1,450,165.0,0.0,532.0,223.0,0,0,0.0,-3,3.0,125,191,0.0,1.0,0.0,0.0,1.3,405.0,148.0,100.0,100.0,364.0,139.0,442.0,162.0,372.0,133.0,407.0,146.0,,,,,,,,0.0,0.02,0.02,1.26,0.0,0.0,1.97,1.18,11.45,22,0.0,0.0,0.0,0.0,0.0,0.0,0.0,0.0,0.0,0.0,0.0,0.0,0.0,0.0,0.0,186.0,265.0,0.0,0.0,0.0,0.0,0.0,0.0,0.0,0.0,0.0,0.0,0.0,0.0,0.0
112,Mads,Roerslev Rasmussen,Roerslev,u,Has joined Southampton permanently.,,4.5,414,81.0,0.0,691,237.0,0.0,612.0,243.0,0,0,0.0,0,0.0,0,1,0.0,0.0,0.0,0.0,0.0,673.0,251.0,0.0,0.0,667.0,250.0,664.0,251.0,642.0,250.0,670.0,251.0,,,,,,,,0.0,0.0,0.0,0.0,0.0,0.0,0.0,0.0,0.0,22,0.0,0.0,0.0,0.0,0.0,0.0,0.0,0.0,0.0,0.0,0.0,0.0,0.0,0.0,0.0,0.0,1.0,0.0,0.0,0.0,0.0,0.0,0.0,0.0,0.0,0.0,0.0,0.0,0.0,0.0
115,Benjamin,Fredrick,Fredrick,u,has joined Dender on loan for the rest of the season.,,4.0,709,199.0,0.1,506,182.0,0.0,519.0,213.0,0,0,0.0,0,0.0,0,29,0.0,0.0,0.0,0.0,0.0,603.0,234.0,0.0,0.0,592.0,233.0,587.0,234.0,553.0,228.0,595.0,233.0,,,,,,,,0.0,0.0,0.0,0.0,0.0,0.0,0.0,0.0,0.0,22,0.0,0.0,0.0,0.0,0.0,0.0,0.0,0.0,0.0,0.0,0.0,0.0,0.0,0.0,0.0,0.0,41.0,0.0,0.0,0.0,0.0,0.0,0.0,0.0,0.0,0.0,0.0,0.0,0.0,0.0
116,Aaron,Hickey,Hickey,a,,,4.0,672,171.0,0.5,255,97.0,1.0,279.0,101.0,1,0,0.0,0,0.0,445,1144,0.2,7.2,1.0,1.0,2.1,303.0,113.0,100.0,100.0,373.0,142.0,387.0,143.0,303.0,97.0,385.0,138.0,,,,,,,,0.07,0.03,0.1,0.86,0.0,0.35,1.05,1.05,5.6,22,1.0,8.0,0.0,0.0,0.0,0.0,0.0,0.0,0.0,0.0,0.0,0.0,0.0,0.0,1.0,674.0,1671.0,0.0,0.050000000000000044,0.0,0.04999999999999993,0.0,0.0,1.0,5.0,0.40000000000000036,0.0,0.0,0.0,0.0
117,Kim,Ji-soo,Ji-soo,u,has joined Kaiserslautern on loan for the rest of the season.,,3.9,762,225.0,0.1,495,178.0,0.0,460.0,176.0,0,0,0.0,-1,1.0,0,50,0.0,0.0,0.0,0.0,0.0,545.0,198.0,0.0,0.0,535.0,198.0,528.0,199.0,491.0,190.0,538.0,198.0,,,,,,,,0.0,0.0,0.0,0.0,0.0,0.0,0.0,0.0,0.0,22,0.0,0.0,0.0,0.0,0.0,0.0,0.0,0.0,0.0,0.0,0.0,0.0,0.0,0.0,0.0,0.0,70.0,0.0,0.0,0.0,0.0,0.0,0.0,0.0,0.0,0.0,0.0,0.0,0.0,0.0
118,Jayden,Meghoma,Meghoma,u,Has joined Rangers on loan for the rest of the season.,,4.0,682,177.0,0.0,598,215.0,0.0,495.0,194.0,0,0,0.0,0,0.0,0,19,0.0,0.0,0.0,0.0,0.0,580.0,216.0,0.0,0.0,569.0,215.0,564.0,216.0,529.0,209.0,572.0,215.0,,,,,,,,0.0,0.0,0.0,0.0,0.0,0.0,0.0,0.0,0.0,22,0.0,0.0,0.0,0.0,0.0,0.0,0.0,0.0,0.0,0.0,0.0,0.0,0.0,0.0,0.0,0.0,21.0,0.0,0.0,0.0,0.0,0.0,0.0,0.0,0.0,0.0,0.0,0.0,0.0,0.0
127,Gustavo,Nunes Fernandes Gomes,Nunes,a,,,4.9,341,213.0,0.0,678,283.0,0.0,719.0,303.0,0,0,0.0,-1,1.0,58,38,0.0,0.0,0.0,0.0,0.0,756.0,327.0,100.0,100.0,756.0,327.0,752.0,327.0,744.0,325.0,756.0,327.0,,,,,,,,0.0,0.0,0.0,0.0,0.0,0.0,0.0,0.0,0.0,22,0.0,0.0,0.0,0.0,0.0,0.0,0.0,0.0,0.0,0.0,0.0,0.0,0.0,0.0,0.0,67.0,43.0,0.0,0.0,0.0,0.0,0.0,0.0,0.0,0.0,0.0,0.0,0.0,0.0,0.0
128,Frank,Onyeka,Onyeka,a,,,4.8,362,226.0,0.0,593,225.0,0.0,691.0,283.0,0,0,0.0,-2,2.0,60,22,0.0,2.5,0.0,0.0,2.0,319.0,140.0,100.0,0.0,410.0,183.0,388.0,193.0,413.0,205.0,428.0,192.0,,,,,,,,0.0,0.37,0.37,2.07,0.0,0.0,2.05,0.0,10.23,22,0.0,0.0,0.0,0.0,0.0,0.0,0.0,0.0,0.0,0.0,0.0,0.0,0.0,0.0,0.0,63.0,44.0,0.0,0.0,0.0,0.0,0.0,0.0,0.0,0.0,0.0,0.0,0.0,0.0,0.0
131,Yunus Emre,Konak,Konak,u,has joined Oxford United on loan for the rest of the season.,,4.3,614,359.0,0.2,375,127.0,0.0,573.0,202.0,0,0,0.0,-2,2.0,0,877,0.0,0.0,0.0,0.0,0.0,640.0,246.0,0.0,0.0,630.0,237.0,628.0,242.0,601.0,231.0,633.0,239.0,,,,,,,,0.0,0.0,0.0,0.0,0.0,0.0,0.0,0.0,0.0,22,0.0,0.0,0.0,0.0,0.0,0.0,0.0,0.0,0.0,0.0,0.0,0.0,0.0,0.0,0.0,0.0,1205.0,0.0,0.0,0.0,0.0,0.0,0.0,0.0,0.0,0.0,0.0,0.0,0.0,0.0
132,Paris,Maghoma,Maghoma,a,,,4.5,412,249.0,0.0,641,261.0,0.0,610.0,220.0,0,0,0.0,0,0.0,60,82,0.0,0.0,0.0,0.0,0.0,672.0,262.0,100.0,100.0,666.0,257.0,663.0,260.0,640.0,251.0,669.0,259.0,,,,,,,,0.0,0.0,0.0,0.0,0.0,0.0,0.0,0.0,0.0,22,0.0,0.0,0.0,0.0,0.0,0.0,0.0,0.0,0.0,0.0,0.0,0.0,0.0,0.0,0.0,91.0,110.0,0.0,0.0,0.0,0.0,0.0,0.0,0.0,0.0,0.0,0.0,0.0,0.0,0.0
133,Myles,Peart-Harris,Peart-Harris,u,has joined Oxford United permanently.,,4.4,533,318.0,0.0,613,238.0,0.2,363.0,159.0,0,0,0.0,-1,1.0,0,123,0.0,0.2,0.0,0.0,1.0,443.0,198.0,0.0,0.0,638.0,239.0,636.0,244.0,611.0,233.0,641.0,241.0,,,,,,,,0.0,0.0,0.0,0.0,0.0,0.0,0.0,0.0,0.0,22,0.0,0.0,0.0,0.0,0.0,0.0,0.0,0.0,0.0,0.0,0.0,0.0,0.0,0.0,0.0,0.0,171.0,0.0,0.0,0.0,0.0,0.0,0.0,0.0,0.0,0.0,0.0,0.0,0.0,0.0
134,Ryan,Trevitt,Trevitt,u,Has joined Wigan on loan for the rest of the season,,4.5,480,296.0,0.0,760,330.0,0.0,658.0,258.0,0,0,0.0,0,0.0,0,0,0.0,0.0,0.0,0.0,0.0,714.0,297.0,0.0,0.0,713.0,296.0,708.0,296.0,691.0,291.0,713.0,296.0,,,,,,,,0.0,0.0,0.0,0.0,0.0,0.0,0.0,0.0,0.0,22,0.0,0.0,0.0,0.0,0.0,0.0,0.0,0.0,0.0,0.0,0.0,0.0,0.0,0.0,0.0,0.0,0.0,0.0,0.0,0.0,0.0,0.0,0.0,0.0,0.0,0.0,0.0,0.0,0.0,0.0
136,Igor Thiago,Nascimento Rodrigues,Thiago,a,,,7.2,34,14.0,36.8,4,2.0,7.6,3.0,1.0,2,1,-1.0,12,-12.0,176519,24944,1.1,16.9,7.6,7.6,5.5,9.0,2.0,100.0,100.0,3.0,2.0,115.0,5.0,2.0,2.0,3.0,2.0,,,2.0,,,,,0.62,0.04,0.66,1.42,0.0,0.24,1.37,1.03,5.23,22,2.0,90.0,0.0,0.0,0.0,2.0,0.0,0.0,0.0,0.0,0.0,0.0,1.0,0.0,5.0,237997.0,45452.0,0.0,0.16999999999999993,0.07999999999999996,0.25,1.5899999999999999,2.7999999999999545,12.400000000000006,25.0,4.0,0.0,1.0,4.0,5.0
797,Kaye,Furo,Furo,a,,,4.5,481,66.0,0.0,786,88.0,0.0,659.0,67.0,0,0,0.0,0,0.0,106,13,0.0,0.0,1.2,1.2,0.0,715.0,76.0,,,714.0,76.0,709.0,75.0,692.0,75.0,714.0,76.0,,,,,,,,0.0,0.0,0.0,0.0,0.0,0.0,0.0,0.0,0.0,22,0.0,0.0,0.0,0.0,0.0,0.0,0.0,0.0,0.0,0.0,0.0,0.0,0.0,0.0,0.0,106.0,13.0,0.0,0.0,0.0,0.0,0.0,0.0,0.0,0.0,0.0,0.0,0.0,0.0,0.0
141,Carl,Rushworth,Rushworth,u,Has joined Coventry City on loan for the rest of the season.,,4.0,673,54.0,0.0,779,89.0,0.0,486.0,67.0,0,0,0.0,0,0.0,0,1,0.0,0.0,0.0,0.0,0.0,572.0,72.0,0.0,0.0,561.0,72.0,556.0,61.0,521.0,46.0,564.0,72.0,,,,,,,,0.0,0.0,0.0,0.0,0.0,0.0,0.0,0.0,0.0,22,0.0,0.0,0.0,0.0,0.0,0.0,0.0,0.0,0.0,0.0,0.0,0.0,0.0,0.0,0.0,0.0,1.0,0.0,0.0,0.0,0.0,0.0,0.0,0.0,0.0,0.0,0.0,0.0,0.0,0.0
148,Ferdi,Kadıoğlu,F.Kadıoğlu,a,,,4.4,521,108.0,0.3,285,108.0,3.6,83.0,31.0,2,0,0.0,-1,1.0,2288,1142,0.8,13.2,3.6,3.6,2.8,213.0,82.0,,,152.0,64.0,70.0,13.0,151.0,28.0,106.0,33.0,2.0,,,,,,,0.06,0.11,0.17,1.47,0.0,0.27,1.28,0.96,4.95,22,2.0,88.0,0.0,0.0,0.0,1.0,0.0,0.0,0.0,0.0,0.0,0.0,1.0,0.0,13.0,3800.0,1706.0,0.0,0.050000000000000044,0.029999999999999805,0.08000000000000007,1.3300000000000018,18.599999999999966,25.49999999999997,11.0,5.5,3.0,2.0,2.0,5.0
150,Tariq,Lamptey,Lamptey,u,has joined Fiorentina permanently.,,4.4,523,110.0,0.1,490,177.0,0.0,580.0,238.0,0,0,0.0,-1,1.0,0,27,0.0,0.0,0.0,0.0,0.0,645.0,248.0,0.0,0.0,635.0,247.0,633.0,248.0,607.0,245.0,638.0,248.0,,,,,,,,0.0,0.0,0.0,0.0,0.0,0.0,0.0,0.0,0.0,22,0.0,0.0,0.0,0.0,0.0,0.0,0.0,0.0,0.0,0.0,0.0,0.0,0.0,0.0,0.0,0.0,38.0,0.0,0.0,0.0,0.0,0.0,0.0,0.0,0.0,0.0,0.0,0.0,0.0,0.0
155,Jacob,Slater,Slater,u,has joined Harrogate Town on loan until January.,,4.0,703,193.0,0.1,478,173.0,0.0,514.0,208.0,0,0,0.0,0,0.0,0,33,0.0,0.0,0.0,0.0,0.0,598.0,229.0,0.0,0.0,587.0,228.0,582.0,229.0,548.0,223.0,590.0,228.0,,,,,,,,0.0,0.0,0.0,0.0,0.0,0.0,0.0,0.0,0.0,22,0.0,0.0,0.0,0.0,0.0,0.0,0.0,0.0,0.0,0.0,0.0,0.0,0.0,0.0,0.0,0.0,46.0,0.0,0.0,0.0,0.0,0.0,0.0,0.0,0.0,0.0,0.0,0.0,0.0,0.0
166,Yasin,Ayari,Ayari,a,,,4.8,367,230.0,0.4,272,92.0,5.2,21.0,9.0,0,0,0.0,-2,2.0,4719,1885,1.1,13.8,5.2,5.2,3.5,121.0,54.0,100.0,100.0,176.0,72.0,121.0,87.0,103.0,62.0,133.0,72.0,4.0,5.0,,,,,,0.14,0.05,0.19,1.32,0.0,0.3,1.07,0.95,10.55,22,0.0,0.0,0.0,0.0,0.0,0.0,0.0,0.0,0.0,0.0,0.0,0.0,0.0,0.0,0.0,7623.0,2365.0,0.0,0.0,0.0,0.0,0.0,0.0,0.0,0.0,0.0,0.0,0.0,0.0,0.0
218,Ashley,Barnes,Barnes,a,,,4.2,615,84.0,1.3,158,24.0,0.0,529.0,48.0,-1,0,0.0,-3,3.0,3545,2816,0.0,0.2,0.0,-0.5,1.0,435.0,50.0,,,478.0,58.0,456.0,56.0,393.0,54.0,461.0,54.0,,,2.0,,,,,1.1,0.0,1.1,4.1,0.0,0.0,10.0,0.0,10.0,22,1.0,0.0,0.0,0.0,0.0,0.0,0.0,0.0,0.0,1.0,0.0,0.0,0.0,0.0,3.0,4512.0,3937.0,0.0,0.0,0.0,0.0,0.0,0.0,0.0,0.0,0.0,0.0,0.0,0.0,0.0
219,Michael,Obafemi,Obafemi,u,has joined VfL Bochum  on loan for the rest of the season.,,4.4,519,72.0,0.1,453,65.0,0.0,579.0,56.0,0,0,0.0,-1,1.0,0,43,0.0,0.0,0.0,0.0,0.0,644.0,65.0,0.0,0.0,634.0,65.0,632.0,64.0,606.0,64.0,637.0,65.0,,,,,,,,0.0,0.0,0.0,0.0,0.0,0.0,0.0,0.0,0.0,22,0.0,0.0,0.0,0.0,0.0,0.0,0.0,0.0,0.0,0.0,0.0,0.0,0.0,0.0,0.0,0.0,69.0,0.0,0.0,0.0,0.0,0.0,0.0,0.0,0.0,0.0,0.0,0.0,0.0,0.0
470,Martin,Dúbravka,Dúbravka,a,,,4.0,647,41.0,32.9,7,2.0,4.4,48.0,3.0,5,0,0.0,0,0.0,18290,19722,1.1,17.0,4.4,3.9,3.1,165.0,15.0,100.0,100.0,5.0,1.0,534.0,48.0,498.0,33.0,121.0,1.0,,,,,,,,0.0,0.0,0.0,2.06,3.86,0.14,1.91,1.0,0.0,22,5.0,90.0,0.0,0.0,0.0,1.0,0.0,0.0,0.0,0.0,0.0,8.0,1.0,1.0,25.0,24373.0,29466.0,0.0,0.0,0.0,0.0,3.1799999999999997,46.799999999999955,0.0,0.0,4.700000000000003,0.0,3.0,11.0,0.0
178,Danny,Welbeck,Welbeck,a,,,6.2,71,23.0,4.1,85,15.0,1.4,257.0,34.0,1,0,0.0,-3,3.0,16129,14417,0.2,10.6,1.4,1.4,3.1,176.0,17.0,100.0,100.0,130.0,11.0,141.0,8.0,43.0,17.0,80.0,14.0,,2.0,2.0,,,,,0.54,0.05,0.59,1.42,0.0,0.23,1.44,0.98,4.09,22,1.0,76.0,0.0,0.0,0.0,1.0,0.0,0.0,0.0,1.0,0.0,0.0,1.0,0.0,2.0,22010.0,22999.0,0.0,0.0,0.04999999999999993,0.04999999999999982,1.3299999999999983,2.6000000000000227,15.5,14.0,3.200000000000003,0.0,2.0,1.0,3.0
179,Evan,Ferguson,Ferguson,u,Has joined AS Roma on loan for the rest of the season,,5.5,152,36.0,0.0,734,87.0,0.0,776.0,81.0,0,0,0.0,0,0.0,0,2,0.0,0.0,0.0,0.0,0.0,789.0,85.0,0.0,0.0,789.0,85.0,788.0,85.0,785.0,85.0,789.0,85.0,,,,,,,,0.0,0.0,0.0,0.0,0.0,0.0,0.0,0.0,0.0,22,0.0,0.0,0.0,0.0,0.0,0.0,0.0,0.0,0.0,0.0,0.0,0.0,0.0,0.0,0.0,0.0,3.0,0.0,0.0,0.0,0.0,0.0,0.0,0.0,0.0,0.0,0.0,0.0,0.0,0.0
180,Stefanos,Tzimas,Tzimas,i,Knee injury - Expected back 01 Jun,,5.2,222,49.0,0.1,504,71.0,0.0,749.0,78.0,0,0,0.0,-3,3.0,27,76,0.0,3.1,0.0,0.0,1.8,349.0,37.0,0.0,0.0,362.0,37.0,274.0,28.0,299.0,49.0,350.0,41.0,,,,,,,,0.3,0.08,0.38,1.77,0.0,0.0,1.36,0.68,10.23,22,0.0,0.0,0.0,0.0,0.0,0.0,0.0,0.0,0.0,0.0,0.0,0.0,0.0,0.0,0.0,30.0,97.0,0.0,0.0,0.0,0.0,0.0,0.0,0.0,0.0,0.0,0.0,0.0,0.0,0.0
181,Charalampos,Kostoulas,Kostoulas,a,,,4.8,371,61.0,0.3,293,47.0,2.8,150.0,15.0,8,0,0.0,-2,2.0,1498,576,0.6,5.4,2.8,2.8,2.2,291.0,29.0,,,299.0,30.0,267.0,27.0,125.0,32.0,265.0,31.0,,,,,,,,0.68,0.1,0.78,1.32,0.0,0.5,1.5,0.5,13.0,22,8.0,13.0,1.0,0.0,0.0,0.0,0.0,0.0,0.0,0.0,0.0,0.0,0.0,3.0,29.0,1598.0,769.0,0.0,0.08000000000000007,0.009999999999999981,0.09000000000000008,0.0,35.2,0.7999999999999972,19.0,5.5,1.0,0.0,0.0,1.0
232,Tosin,Adarabioyo,Tosin,i,Hamstring injury - Unknown return date,,4.0,651,160.0,0.3,318,117.0,0.6,305.0,111.0,3,0,0.0,-5,5.0,489,993,0.2,7.5,0.0,0.6,2.7,225.0,85.0,0.0,100.0,197.0,80.0,344.0,119.0,357.0,122.0,303.0,101.0,,,,,,,,0.01,0.05,0.06,1.4,0.0,0.26,1.41,0.89,11.12,22,3.0,57.0,0.0,0.0,0.0,0.0,0.0,0.0,0.0,0.0,0.0,0.0,1.0,0.0,14.0,806.0,1198.0,0.0,0.0,0.0,0.0,1.17,25.399999999999977,0.1999999999999993,0.0,2.6000000000000014,0.0,15.0,2.0,15.0
236,Pedro,Lomba Neto,Neto,a,,,7.1,35,21.0,6.3,64,22.0,2.6,172.0,69.0,3,0,0.0,1,-1.0,17707,27199,0.4,12.8,2.6,2.6,4.1,67.0,28.0,100.0,100.0,70.0,22.0,10.0,10.0,29.0,16.0,12.0,10.0,1.0,4.0,,,,,,0.19,0.22,0.41,1.2,0.0,0.47,0.78,1.04,4.53,22,3.0,90.0,0.0,0.0,1.0,0.0,0.0,0.0,0.0,0.0,0.0,0.0,1.0,0.0,21.0,24937.0,38184.0,0.0,0.029999999999999805,0.20000000000000018,0.22999999999999954,1.5200000000000031,9.800000000000011,27.600000000000023,4.0,4.099999999999994,1.0,0.0,5.0,6.0
243,Tyrique,George,George,a,,,4.8,370,233.0,0.1,552,201.0,0.0,694.0,285.0,0,0,0.0,-2,2.0,62,79,0.0,0.8,0.0,0.0,1.0,465.0,218.0,,,442.0,202.0,415.0,204.0,279.0,149.0,410.0,185.0,,,,,,,,0.2,0.05,0.25,1.05,0.0,0.63,1.27,0.0,1.9,22,0.0,0.0,0.0,0.0,0.0,0.0,0.0,0.0,0.0,0.0,0.0,0.0,0.0,0.0,0.0,82.0,87.0,0.0,0.0,0.0,0.0,0.0,0.0,0.0,0.0,0.0,0.0,0.0,0.0,0.0
244,Roméo,Lavia,Lavia,i,Thigh injury - Unknown return date,,4.9,336,208.0,0.0,684,287.0,0.0,716.0,300.0,0,0,0.0,-1,1.0,3,16,0.0,0.8,0.0,0.0,1.0,468.0,220.0,0.0,0.0,437.0,197.0,411.0,202.0,427.0,213.0,449.0,205.0,,,,,,,,0.0,0.04,0.04,2.39,0.0,0.0,2.57,0.86,9.43,22,0.0,0.0,0.0,0.0,0.0,0.0,0.0,0.0,0.0,0.0,0.0,0.0,0.0,0.0,0.0,7.0,18.0,0.0,0.0,0.0,0.0,0.0,0.0,0.0,0.0,0.0,0.0,0.0,0.0,0.0
453,Alejandro,Garnacho Ferreyra,Garnacho,a,,,6.4,62,40.0,0.6,240,81.0,1.4,259.0,114.0,1,0,0.0,-1,1.0,4505,2638,0.2,6.2,1.4,1.4,2.9,207.0,91.0,,,274.0,122.0,91.0,68.0,65.0,41.0,132.0,71.0,,,,,,,,0.27,0.28,0.55,1.69,0.0,0.44,1.1,1.21,4.75,22,1.0,56.0,0.0,0.0,0.0,0.0,0.0,0.0,0.0,0.0,0.0,0.0,1.0,0.0,141.0,8090.0,3331.0,0.0,0.5900000000000003,0.009999999999999787,0.5999999999999996,1.17,0.0,4.299999999999983,6.0,0.6999999999999957,0.0,0.0,0.0,0.0
672,Jorrel,Hato,Hato,a,,,4.6,396,71.0,0.2,396,145.0,0.6,312.0,118.0,1,0,0.0,-4,4.0,200,219,0.1,1.3,0.6,0.6,0.9,482.0,166.0,100.0,100.0,383.0,145.0,351.0,124.0,365.0,129.0,398.0,144.0,,,,,,,,0.08,0.02,0.1,1.21,0.0,0.0,1.38,0.69,7.24,22,1.0,5.0,0.0,0.0,0.0,0.0,0.0,0.0,0.0,0.0,0.0,0.0,0.0,0.0,1.0,335.0,258.0,0.0,0.0,0.0,0.0,0.1499999999999999,1.0,0.0,0.0,0.09999999999999964,0.0,1.0,0.0,1.0
743,Landon,Emenalo,Emenalo,a,,,4.5,491,304.0,0.0,714,305.0,0.0,667.0,265.0,0,0,0.0,0,0.0,18,21,0.0,0.0,0.0,0.0,0.0,722.0,303.0,,,722.0,303.0,717.0,303.0,700.0,298.0,722.0,303.0,,,,,,,,0.0,0.0,0.0,0.0,0.0,0.0,0.0,0.0,0.0,22,0.0,0.0,0.0,0.0,0.0,0.0,0.0,0.0,0.0,0.0,0.0,0.0,0.0,0.0,0.0,23.0,25.0,0.0,0.0,0.0,0.0,0.0,0.0,0.0,0.0,0.0,0.0,0.0,0.0,0.0
789,Max,Merrick,Merrick,a,,,4.0,688,60.0,0.0,772,88.0,0.0,500.0,73.0,0,0,0.0,0,0.0,24,39,0.0,0.0,0.0,0.0,0.0,585.0,78.0,,,574.0,78.0,569.0,67.0,534.0,52.0,577.0,78.0,,,,,,,,0.0,0.0,0.0,0.0,0.0,0.0,0.0,0.0,0.0,22,0.0,0.0,0.0,0.0,0.0,0.0,0.0,0.0,0.0,0.0,0.0,0.0,0.0,0.0,0.0,47.0,43.0,0.0,0.0,0.0,0.0,0.0,0.0,0.0,0.0,0.0,0.0,0.0,0.0,0.0
253,Dean,Henderson,Henderson,a,,,5.1,226,7.0,7.8,54,8.0,3.4,102.0,9.0,2,0,0.0,1,-1.0,2123,19995,0.7,15.9,3.4,3.4,3.7,101.0,11.0,,,25.0,7.0,406.0,11.0,767.0,86.0,188.0,8.0,,,,,,,,0.0,0.0,0.0,1.35,2.82,0.36,1.14,1.0,0.0,22,2.0,90.0,0.0,0.0,0.0,2.0,0.0,0.0,0.0,0.0,0.0,5.0,1.0,0.0,15.0,3613.0,24834.0,0.0,0.0,0.0,0.0,1.7100000000000009,44.60000000000002,0.0,0.0,4.5,0.0,2.0,4.0,0.0
261,Chris,Richards,Richards,a,,,4.4,528,115.0,1.9,137,55.0,0.4,335.0,125.0,2,0,0.0,-1,1.0,3061,5711,0.1,17.5,0.4,0.4,4.3,50.0,22.0,100.0,100.0,54.0,25.0,268.0,83.0,270.0,77.0,163.0,52.0,,,,,,,,0.02,0.07,0.09,1.29,0.0,0.39,1.17,1.0,11.0,22,2.0,90.0,0.0,0.0,0.0,2.0,0.0,0.0,0.0,1.0,0.0,0.0,1.0,0.0,13.0,5383.0,8408.0,0.0,0.0,0.010000000000000009,0.010000000000000009,1.7100000000000009,32.19999999999999,1.6000000000000085,0.0,3.3999999999999986,4.0,13.0,4.0,17.0
476,Dan,Burn,Burn,d,Lack of match fitness - 50% chance of playing,,5.0,242,38.0,3.3,100,39.0,0.0,723.0,253.0,0,0,0.0,0,0.0,109,7498,0.0,13.4,0.0,0.0,4.5,34.0,16.0,50.0,0.0,158.0,68.0,263.0,81.0,273.0,80.0,233.0,78.0,,,,,,,,0.01,0.02,0.03,0.89,0.0,0.43,1.22,1.08,8.68,22,0.0,0.0,0.0,0.0,0.0,0.0,0.0,0.0,0.0,0.0,0.0,0.0,0.0,0.0,0.0,120.0,11312.0,0.0,0.0,0.0,0.0,0.0,0.0,0.0,0.0,0.0,0.0,0.0,0.0,0.0
76,Owen,Bevan,Bevan,a,,,3.8,788,250.0,0.2,391,142.0,0.0,417.0,160.0,0,0,0.0,-2,2.0,283,253,0.0,0.0,-0.5,0.0,0.0,504.0,184.0,,,494.0,184.0,485.0,184.0,446.0,173.0,497.0,184.0,,,,,,,,0.0,0.0,0.0,0.0,0.0,0.0,0.0,0.0,0.0,22,0.0,0.0,0.0,0.0,0.0,0.0,0.0,0.0,0.0,0.0,0.0,0.0,0.0,0.0,0.0,549.0,315.0,0.0,0.0,0.0,0.0,0.0,0.0,0.0,0.0,0.0,0.0,0.0,0.0,0.0
262,Chadi,Riad Dnanou,Chadi Riad,a,,,4.0,686,180.0,0.0,679,235.0,0.0,498.0,196.0,0,0,0.0,0,0.0,80,13,0.0,0.0,0.0,0.0,0.0,583.0,218.0,100.0,100.0,572.0,217.0,567.0,218.0,532.0,211.0,575.0,217.0,,,,,,,,0.0,0.0,0.0,0.0,0.0,0.0,0.0,0.0,0.0,22,0.0,0.0,0.0,0.0,0.0,0.0,0.0,0.0,0.0,0.0,0.0,0.0,0.0,0.0,0.0,96.0,17.0,0.0,0.0,0.0,0.0,0.0,0.0,0.0,0.0,0.0,0.0,0.0,0.0,0.0
263,Nathaniel,Clyne,Clyne,a,,,3.8,768,231.0,0.6,226,84.0,1.8,215.0,78.0,0,0,0.0,-2,2.0,480,2166,0.5,3.7,1.8,0.5,2.0,313.0,117.0,100.0,25.0,347.0,131.0,319.0,106.0,325.0,104.0,361.0,129.0,,,,,,,,0.09,0.12,0.21,1.24,0.0,0.0,1.72,1.29,7.32,22,0.0,0.0,0.0,0.0,0.0,0.0,0.0,0.0,0.0,0.0,0.0,0.0,0.0,0.0,0.0,510.0,3909.0,0.0,0.0,0.0,0.0,0.0,0.0,0.0,0.0,0.0,0.0,0.0,0.0,0.0
264,Rob,Holding,Holding,u,Has joined Colorado Rapids permanently.,,4.0,654,161.0,0.0,680,236.0,0.0,471.0,181.0,0,0,0.0,0,0.0,0,8,0.0,0.0,0.0,0.0,0.0,556.0,203.0,0.0,0.0,546.0,203.0,540.0,204.0,504.0,196.0,549.0,203.0,,,,,,,,0.0,0.0,0.0,0.0,0.0,0.0,0.0,0.0,0.0,22,0.0,0.0,0.0,0.0,0.0,0.0,0.0,0.0,0.0,0.0,0.0,0.0,0.0,0.0,0.0,0.0,12.0,0.0,0.0,0.0,0.0,0.0,0.0,0.0,0.0,0.0,0.0,0.0,0.0,0.0
486,Anthony,Elanga,Elanga,a,,,6.5,53,34.0,2.6,113,36.0,0.2,399.0,184.0,1,0,0.0,-5,5.0,653,1315,0.0,4.3,0.2,0.2,1.6,377.0,170.0,100.0,100.0,338.0,149.0,161.0,109.0,202.0,113.0,273.0,135.0,,,,,,,,0.14,0.07,0.21,1.17,0.0,0.26,1.81,0.9,3.35,22,1.0,23.0,0.0,0.0,0.0,0.0,0.0,0.0,0.0,0.0,0.0,0.0,0.0,0.0,6.0,846.0,1785.0,0.0,0.0,0.020000000000000018,0.019999999999999796,0.030000000000001137,5.0,5.0,0.0,1.0,0.0,1.0,0.0,1.0
265,Caleb,Kporha,Kporha,i,Back injury - Unknown return date,,4.0,704,194.0,0.0,709,243.0,0.0,515.0,209.0,0,0,0.0,0,0.0,5,9,0.0,0.0,0.0,0.0,0.0,599.0,230.0,0.0,0.0,588.0,229.0,583.0,230.0,549.0,224.0,591.0,229.0,,,,,,,,0.0,0.0,0.0,0.0,0.0,0.0,0.0,0.0,0.0,22,0.0,0.0,0.0,0.0,0.0,0.0,0.0,0.0,0.0,0.0,0.0,0.0,0.0,0.0,0.0,8.0,10.0,0.0,0.0,0.0,0.0,0.0,0.0,0.0,0.0,0.0,0.0,0.0,0.0,0.0
272,Jefferson,Lerma Solís,Lerma,a,,,4.9,287,177.0,0.1,548,199.0,1.2,270.0,119.0,2,0,0.0,-1,1.0,83,71,0.2,7.1,1.2,1.2,1.8,346.0,150.0,100.0,100.0,265.0,117.0,192.0,127.0,243.0,133.0,269.0,132.0,,,,,,,,0.07,0.07,0.14,1.15,0.0,0.43,0.86,0.86,11.02,22,2.0,90.0,0.0,0.0,0.0,2.0,0.0,0.0,0.0,0.0,0.0,0.0,1.0,0.0,15.0,108.0,98.0,0.0,0.0,0.04999999999999993,0.050000000000000044,1.709999999999999,18.80000000000001,11.799999999999997,6.0,3.700000000000003,0.0,9.0,2.0,11.0
273,Adam,Wharton,Wharton,a,,,5.0,266,162.0,0.8,205,69.0,2.4,183.0,74.0,1,0,0.0,0,0.0,1489,4080,0.5,13.4,2.4,2.4,3.4,131.0,57.0,100.0,100.0,142.0,51.0,24.0,23.0,198.0,109.0,74.0,47.0,3.0,,,,,,,0.05,0.25,0.3,1.39,0.0,0.33,1.31,1.09,10.67,22,1.0,90.0,0.0,0.0,0.0,2.0,0.0,0.0,0.0,1.0,0.0,0.0,1.0,0.0,4.0,2057.0,5822.0,0.0,0.0,0.009999999999999787,0.009999999999999787,1.7099999999999973,4.199999999999989,1.8999999999999773,0.0,0.5999999999999943,4.0,1.0,5.0,10.0
274,Asher,Agbinone,Agbinone,a,,,4.3,605,352.0,0.1,563,207.0,0.0,567.0,197.0,0,0,0.0,-2,2.0,137,91,0.0,0.0,0.0,0.0,0.0,634.0,241.0,,,624.0,232.0,622.0,237.0,594.0,225.0,627.0,234.0,,,,,,,,0.0,0.0,0.0,0.0,0.0,0.0,0.0,0.0,0.0,22,0.0,0.0,0.0,0.0,0.0,0.0,0.0,0.0,0.0,0.0,0.0,0.0,0.0,0.0,0.0,173.0,123.0,0.0,0.0,0.0,0.0,0.0,0.0,0.0,0.0,0.0,0.0,0.0,0.0,0.0
275,Naouirou,Ahamada,Ahamada,u,has joined AJ Auxerre permanently.,,4.3,581,339.0,0.0,599,229.0,0.0,553.0,187.0,0,0,0.0,-2,2.0,0,113,0.0,0.0,0.0,0.0,0.0,622.0,231.0,0.0,0.0,611.0,222.0,609.0,227.0,580.0,214.0,615.0,224.0,,,,,,,,0.0,0.0,0.0,0.0,0.0,0.0,0.0,0.0,0.0,22,0.0,0.0,0.0,0.0,0.0,0.0,0.0,0.0,0.0,0.0,0.0,0.0,0.0,0.0,0.0,0.0,164.0,0.0,0.0,0.0,0.0,0.0,0.0,0.0,0.0,0.0,0.0,0.0,0.0,0.0
276,Justin,Devenny,Devenny,a,,,4.3,585,341.0,1.6,152,51.0,2.0,200.0,85.0,2,0,0.0,-2,2.0,4754,3824,0.5,6.7,2.0,2.0,1.6,369.0,163.0,100.0,100.0,332.0,146.0,223.0,137.0,120.0,69.0,266.0,131.0,,2.0,,,,,,0.36,0.05,0.41,1.53,0.0,0.15,1.52,0.76,7.28,22,2.0,90.0,0.0,0.0,0.0,2.0,0.0,0.0,0.0,0.0,0.0,0.0,1.0,0.0,3.0,7033.0,5495.0,0.0,0.0,0.010000000000000009,0.010000000000000231,1.7100000000000009,3.3999999999999915,2.0,2.0,0.7000000000000028,1.0,1.0,2.0,4.0
284,Eddie,Nketiah,Nketiah,i,Hamstring injury - Unknown return date,,5.4,165,40.0,0.4,280,44.0,0.2,394.0,45.0,0,0,0.0,-1,1.0,51,1729,0.0,4.3,0.0,0.0,1.9,330.0,32.0,0.0,0.0,290.0,28.0,240.0,26.0,113.0,30.0,248.0,28.0,,,,,,,,0.38,0.1,0.48,2.06,0.0,0.0,2.61,0.43,8.26,22,0.0,0.0,0.0,0.0,0.0,0.0,0.0,0.0,0.0,0.0,0.0,0.0,0.0,0.0,0.0,62.0,2768.0,0.0,0.0,0.0,0.0,0.0,0.0,0.0,0.0,0.0,0.0,0.0,0.0,0.0
285,Odsonne,Édouard,Édouard,u,has joined RC Lens permanently.,,5.0,247,51.0,0.2,358,58.0,0.0,724.0,76.0,0,0,0.0,0,0.0,0,56,0.0,0.2,0.0,0.0,1.0,470.0,54.0,0.0,0.0,466.0,54.0,756.0,83.0,749.0,83.0,481.0,59.0,,,,,,,,0.0,0.0,0.0,12.15,0.0,0.0,0.0,0.0,45.0,22,0.0,0.0,0.0,0.0,0.0,0.0,0.0,0.0,0.0,0.0,0.0,0.0,0.0,0.0,0.0,0.0,64.0,0.0,0.0,0.0,0.0,0.0,0.0,0.0,0.0,0.0,0.0,0.0,0.0,0.0
286,Zach,Marsh,Marsh,a,,,4.4,549,77.0,0.3,308,50.0,0.0,595.0,61.0,0,0,0.0,-1,1.0,435,439,0.0,0.0,0.0,0.0,0.0,658.0,70.0,,,651.0,70.0,648.0,69.0,624.0,69.0,654.0,70.0,,,,,,,,0.0,0.0,0.0,0.0,0.0,0.0,0.0,0.0,0.0,22,0.0,0.0,0.0,0.0,0.0,0.0,0.0,0.0,0.0,0.0,0.0,0.0,0.0,0.0,0.0,519.0,596.0,0.0,0.0,0.0,0.0,0.0,0.0,0.0,0.0,0.0,0.0,0.0,0.0,0.0
580,Brennan,Johnson,Johnson,a,,,6.5,51,33.0,2.5,114,37.0,1.2,277.0,124.0,2,0,0.0,-5,5.0,1311,4300,0.2,6.0,1.2,1.2,2.1,312.0,139.0,,,260.0,112.0,184.0,122.0,128.0,75.0,221.0,111.0,,,,,,,,0.16,0.04,0.2,1.52,0.0,0.42,0.84,0.95,6.12,22,2.0,90.0,0.0,0.0,0.0,2.0,0.0,0.0,0.0,0.0,0.0,0.0,1.0,0.0,5.0,2291.0,5848.0,0.0,0.0,0.009999999999999953,0.010000000000000009,1.7100000000000009,3.1999999999999886,1.2000000000000028,4.0,0.8000000000000043,0.0,1.0,4.0,5.0
690,Rio,Cardines,Cardines,i,Groin Injury - Expected back 01 Feb,,4.4,553,331.0,0.3,326,109.0,0.0,598.0,213.0,0,0,0.0,-1,1.0,7,286,0.0,0.0,0.0,0.0,0.0,661.0,256.0,0.0,0.0,654.0,250.0,651.0,254.0,627.0,244.0,657.0,252.0,,,,,,,,0.0,0.0,0.0,0.0,0.0,0.0,0.0,0.0,0.0,22,0.0,0.0,0.0,0.0,0.0,0.0,0.0,0.0,0.0,0.0,0.0,0.0,0.0,0.0,0.0,15.0,372.0,0.0,0.0,0.0,0.0,0.0,0.0,0.0,0.0,0.0,0.0,0.0,0.0,0.0
712,Yéremy,Pino Santos,Yeremy,a,,,5.8,109,69.0,0.2,345,115.0,4.0,67.0,31.0,9,0,0.0,-2,2.0,2033,1154,0.7,9.8,4.0,4.0,2.9,204.0,88.0,100.0,100.0,180.0,74.0,22.0,21.0,50.0,30.0,48.0,34.0,1.0,1.0,,,,,,0.22,0.26,0.48,1.3,0.0,0.38,1.19,1.13,7.27,22,9.0,90.0,1.0,0.0,0.0,2.0,0.0,0.0,0.0,0.0,0.0,0.0,1.0,2.0,33.0,2194.0,2237.0,0.0,0.08999999999999986,0.6900000000000004,0.7799999999999994,1.7100000000000009,42.79999999999998,34.30000000000001,24.0,10.099999999999994,2.0,2.0,5.0,9.0
723,Jaydee,Canvot,Canvot,a,,,4.5,502,96.0,0.0,635,221.0,2.6,162.0,62.0,0,0,0.0,0,0.0,48,238,0.6,6.0,2.6,2.6,3.4,128.0,50.0,100.0,100.0,317.0,122.0,419.0,152.0,378.0,136.0,379.0,136.0,,,,,,,,0.02,0.04,0.06,1.7,0.0,0.62,0.94,0.62,14.69,22,0.0,0.0,0.0,0.0,0.0,0.0,0.0,0.0,0.0,0.0,0.0,0.0,0.0,0.0,0.0,345.0,270.0,0.0,0.0,0.0,0.0,0.0,0.0,0.0,0.0,0.0,0.0,0.0,0.0,0.0
732,Christantus,Uche,Uche,a,,,5.5,155,38.0,0.0,579,77.0,0.6,323.0,37.0,0,0,0.0,0,0.0,215,208,0.1,2.4,0.6,0.6,1.3,414.0,48.0,,,434.0,48.0,423.0,52.0,261.0,47.0,406.0,49.0,,,,,,,,0.3,0.01,0.31,3.34,0.0,0.0,3.3,0.0,6.61,22,0.0,0.0,0.0,0.0,0.0,0.0,0.0,0.0,0.0,0.0,0.0,0.0,0.0,0.0,0.0,262.0,302.0,0.0,0.0,0.0,0.0,0.0,0.0,0.0,0.0,0.0,0.0,0.0,0.0,0.0
762,Joél,Drakes-Thomas,Drakes-Thomas,a,,,4.5,505,313.0,0.0,762,331.0,0.2,378.0,171.0,0,0,0.0,0,0.0,13,20,0.0,0.4,0.2,0.2,1.0,459.0,213.0,,,470.0,218.0,443.0,216.0,710.0,306.0,477.0,221.0,,,,,,,,0.0,0.0,0.0,9.39,0.0,0.0,12.86,0.0,38.57,22,0.0,0.0,0.0,0.0,0.0,0.0,0.0,0.0,0.0,0.0,0.0,0.0,0.0,0.0,0.0,19.0,28.0,0.0,0.0,0.0,0.0,0.0,0.0,0.0,0.0,0.0,0.0,0.0,0.0,0.0
780,Ben,Casey,Casey,a,,,4.5,498,69.0,0.0,728,86.0,0.0,673.0,70.0,0,0,0.0,0,0.0,141,52,0.0,0.0,0.0,0.0,0.0,728.0,79.0,,,728.0,79.0,723.0,78.0,706.0,78.0,728.0,79.0,,,,,,,,0.0,0.0,0.0,0.0,0.0,0.0,0.0,0.0,0.0,22,0.0,0.0,0.0,0.0,0.0,0.0,0.0,0.0,0.0,0.0,0.0,0.0,0.0,0.0,0.0,176.0,61.0,0.0,0.0,0.0,0.0,0.0,0.0,0.0,0.0,0.0,0.0,0.0,0.0,0.0
798,Danny,Imray,Imray,a,,,4.0,683,178.0,0.0,795,261.0,0.0,496.0,195.0,0,0,0.0,0,0.0,33,3,0.0,0.0,1.4,1.4,0.0,581.0,217.0,,,570.0,216.0,565.0,217.0,530.0,210.0,573.0,216.0,,,,,,,,0.0,0.0,0.0,0.0,0.0,0.0,0.0,0.0,0.0,22,0.0,0.0,0.0,0.0,0.0,0.0,0.0,0.0,0.0,0.0,0.0,0.0,0.0,0.0,0.0,33.0,3.0,0.0,0.0,0.0,0.0,0.0,0.0,0.0,0.0,0.0,0.0,0.0,0.0,0.0
288,Mark,Travers,Travers,a,,,4.3,574,28.0,0.1,454,70.0,0.0,552.0,82.0,0,0,0.0,-2,2.0,50,79,0.0,0.0,0.0,0.0,0.0,621.0,85.0,,,610.0,85.0,608.0,77.0,579.0,64.0,614.0,85.0,,,,,,,,0.0,0.0,0.0,0.0,0.0,0.0,0.0,0.0,0.0,22,0.0,0.0,0.0,0.0,0.0,0.0,0.0,0.0,0.0,0.0,0.0,0.0,0.0,0.0,0.0,62.0,105.0,0.0,0.0,0.0,0.0,0.0,0.0,0.0,0.0,0.0,0.0,0.0,0.0,0.0
289,Harry,Tyrer,Tyrer,u,has joined Cardiff City permanently.,,3.9,740,77.0,0.1,461,71.0,0.0,442.0,41.0,0,0,0.0,-1,1.0,16,196,0.0,0.0,0.0,0.0,0.0,527.0,46.0,0.0,,517.0,46.0,510.0,33.0,473.0,18.0,520.0,46.0,,,,,,,,0.0,0.0,0.0,0.0,0.0,0.0,0.0,0.0,0.0,22,0.0,0.0,0.0,0.0,0.0,0.0,0.0,0.0,0.0,0.0,0.0,0.0,0.0,0.0,0.0,25.0,223.0,0.0,0.0,0.0,0.0,0.0,0.0,0.0,0.0,0.0,0.0,0.0,0.0,0.0
290,Jarrad,Branthwaite,Branthwaite,d,Lack of match fitness - 50% chance of playing,,5.3,197,25.0,0.1,416,154.0,0.0,755.0,256.0,0,0,0.0,-2,2.0,97,100,0.0,0.0,0.0,0.0,0.0,777.0,260.0,50.0,25.0,777.0,260.0,776.0,260.0,771.0,259.0,777.0,260.0,,,,,,,,0.0,0.0,0.0,0.0,0.0,0.0,0.0,0.0,0.0,22,0.0,0.0,0.0,0.0,0.0,0.0,0.0,0.0,0.0,0.0,0.0,0.0,0.0,0.0,0.0,111.0,123.0,0.0,0.0,0.0,0.0,0.0,0.0,0.0,0.0,0.0,0.0,0.0,0.0,0.0
303,James,Garner,Garner,a,,,5.2,209,131.0,4.0,86,28.0,7.0,8.0,4.0,4,0,0.0,2,-2.0,58153,12897,1.3,19.0,7.0,7.0,4.5,37.0,17.0,,,21.0,6.0,19.0,18.0,117.0,67.0,28.0,23.0,3.0,3.0,,,,,,0.07,0.14,0.21,1.46,0.0,0.41,1.14,1.0,12.41,22,4.0,90.0,0.0,0.0,1.0,0.0,0.0,0.0,0.0,1.0,0.0,0.0,1.0,0.0,22.0,66987.0,21278.0,0.0,0.020000000000000018,0.0900000000000003,0.11000000000000032,1.4400000000000013,22.600000000000023,19.899999999999977,1.0,4.400000000000006,7.0,8.0,14.0,29.0
304,Tim,Iroegbunam,Iroegbunam,i,Knock - Unknown return date,,4.8,364,228.0,0.0,595,227.0,4.0,65.0,29.0,0,0,0.0,-2,2.0,9,370,0.8,10.2,0.0,0.0,2.9,198.0,85.0,0.0,0.0,248.0,105.0,249.0,152.0,293.0,152.0,294.0,143.0,,,,,,,,0.03,0.06,0.09,1.46,0.0,0.68,0.88,1.07,12.09,22,0.0,0.0,0.0,0.0,0.0,0.0,0.0,0.0,0.0,0.0,0.0,0.0,0.0,0.0,0.0,9.0,575.0,0.0,0.0,0.0,0.0,0.0,0.0,0.0,0.0,0.0,0.0,0.0,0.0,0.0
305,Harrison,Armstrong,Armstrong,a,,,4.5,489,302.0,0.1,555,202.0,1.6,234.0,101.0,3,0,0.0,0,0.0,482,93,0.4,2.0,1.6,1.6,2.2,286.0,123.0,100.0,100.0,416.0,184.0,346.0,182.0,377.0,190.0,412.0,187.0,,,,,,,,0.0,0.05,0.05,1.15,0.0,0.47,0.95,0.95,9.0,22,3.0,90.0,0.0,0.0,1.0,0.0,0.0,0.0,0.0,0.0,0.0,0.0,1.0,0.0,5.0,589.0,120.0,0.0,0.0,0.039999999999999994,0.039999999999999994,1.44,6.599999999999998,13.899999999999999,8.0,2.9000000000000004,1.0,2.0,2.0,5.0
306,Callum,Bates,Bates,a,,,4.3,602,350.0,0.1,505,178.0,0.0,564.0,195.0,0,0,0.0,-2,2.0,167,138,0.0,0.0,0.0,0.0,0.0,632.0,239.0,,,622.0,230.0,620.0,235.0,592.0,223.0,625.0,232.0,,,,,,,,0.0,0.0,0.0,0.0,0.0,0.0,0.0,0.0,0.0,22,0.0,0.0,0.0,0.0,0.0,0.0,0.0,0.0,0.0,0.0,0.0,0.0,0.0,0.0,0.0,215.0,182.0,0.0,0.0,0.0,0.0,0.0,0.0,0.0,0.0,0.0,0.0,0.0,0.0,0.0
308,Isaac,Heath,Heath,u,has joined Accrington on loan for the rest of the season.,,4.5,443,266.0,0.0,681,284.0,0.0,631.0,236.0,0,0,0.0,0,0.0,0,5,0.0,0.0,0.0,0.0,0.0,688.0,276.0,0.0,0.0,684.0,272.0,681.0,274.0,661.0,266.0,685.0,273.0,,,,,,,,0.0,0.0,0.0,0.0,0.0,0.0,0.0,0.0,0.0,22,0.0,0.0,0.0,0.0,0.0,0.0,0.0,0.0,0.0,0.0,0.0,0.0,0.0,0.0,0.0,0.0,7.0,0.0,0.0,0.0,0.0,0.0,0.0,0.0,0.0,0.0,0.0,0.0,0.0,0.0
309,Jenson,Metcalfe,Metcalfe,u,Has joined Bradford City permanently.,,4.5,438,264.0,0.0,797,357.0,0.0,629.0,234.0,0,0,0.0,0,0.0,0,0,0.0,0.0,0.0,0.0,0.0,686.0,274.0,0.0,0.0,681.0,270.0,679.0,272.0,659.0,264.0,683.0,271.0,,,,,,,,0.0,0.0,0.0,0.0,0.0,0.0,0.0,0.0,0.0,22,0.0,0.0,0.0,0.0,0.0,0.0,0.0,0.0,0.0,0.0,0.0,0.0,0.0,0.0,0.0,0.0,0.0,0.0,0.0,0.0,0.0,0.0,0.0,0.0,0.0,0.0,0.0,0.0,0.0,0.0
310,Thierno,Barry,Barry,a,,,5.7,123,32.0,0.7,212,32.0,4.6,42.0,5.0,8,0,0.0,-3,3.0,14092,2755,0.8,8.8,4.6,4.6,2.3,279.0,28.0,,,241.0,21.0,194.0,18.0,56.0,20.0,156.0,18.0,,,,,,,,0.27,0.01,0.28,1.42,0.0,0.53,1.22,1.07,2.97,22,8.0,83.0,1.0,0.0,1.0,0.0,0.0,0.0,0.0,0.0,0.0,0.0,1.0,2.0,32.0,14427.0,6221.0,0.0,0.10999999999999988,0.0,0.11000000000000032,1.379999999999999,35.400000000000006,13.100000000000009,39.0,8.799999999999997,0.0,0.0,2.0,2.0
311,Norberto Bercique,Gomes Betuncal,Beto,a,,,5.0,262,52.0,2.4,117,18.0,2.0,205.0,25.0,1,0,0.0,-5,5.0,2771,3675,0.4,7.4,2.0,2.0,1.7,360.0,39.0,,,281.0,26.0,305.0,33.0,54.0,19.0,208.0,24.0,,,2.0,,,,,0.48,0.02,0.5,1.62,0.0,0.22,1.3,0.87,5.1,22,1.0,6.0,0.0,0.0,0.0,0.0,0.0,0.0,0.0,0.0,0.0,0.0,0.0,0.0,1.0,3364.0,5653.0,0.0,0.0,0.0,0.0,0.0600000000000005,0.0,1.0,2.0,0.20000000000000284,0.0,0.0,0.0,0.0
419,Jack,Grealish,Grealish,d,Foot injury - 25% chance of playing,,6.4,56,36.0,8.9,47,17.0,2.6,171.0,68.0,3,0,0.0,-1,1.0,10414,51512,0.4,12.3,0.7,2.6,4.0,74.0,33.0,25.0,100.0,84.0,27.0,13.0,13.0,27.0,14.0,15.0,13.0,,,,,,,,0.11,0.19,0.3,1.43,0.0,0.39,1.27,1.0,7.47,22,3.0,90.0,0.0,0.0,1.0,0.0,0.0,0.0,0.0,0.0,0.0,0.0,1.0,0.0,14.0,11963.0,70456.0,0.0,0.07999999999999985,0.010000000000000231,0.08000000000000007,1.4399999999999977,3.1999999999999886,4.600000000000023,16.0,2.3999999999999915,1.0,2.0,6.0,9.0
630,Tom,King,King,a,,,3.9,728,71.0,1.3,160,21.0,0.0,434.0,35.0,0,0,0.0,-1,1.0,330,1146,0.0,0.0,0.0,0.0,0.0,519.0,40.0,,,509.0,40.0,502.0,27.0,464.0,12.0,512.0,40.0,,,,,,,,0.0,0.0,0.0,0.0,0.0,0.0,0.0,0.0,0.0,22,0.0,0.0,0.0,0.0,0.0,0.0,0.0,0.0,0.0,0.0,0.0,0.0,0.0,0.0,0.0,436.0,1376.0,0.0,0.0,0.0,0.0,0.0,0.0,0.0,0.0,0.0,0.0,0.0,0.0,0.0
667,Adam,Aznou,Aznou,a,,,4.2,630,150.0,0.1,562,203.0,0.0,537.0,224.0,0,0,0.0,-3,3.0,27,43,0.0,0.0,0.0,0.0,0.0,615.0,242.0,100.0,100.0,605.0,242.0,602.0,242.0,571.0,238.0,609.0,243.0,,,,,,,,0.0,0.0,0.0,0.0,0.0,0.0,0.0,0.0,0.0,22,0.0,0.0,0.0,0.0,0.0,0.0,0.0,0.0,0.0,0.0,0.0,0.0,0.0,0.0,0.0,37.0,51.0,0.0,0.0,0.0,0.0,0.0,0.0,0.0,0.0,0.0,0.0,0.0,0.0,0.0
704,Tyler,Onyango,Onyango,u,has joined Stockport County on loan for the rest of the season.,,4.5,428,257.0,0.1,573,212.0,0.0,623.0,228.0,0,0,0.0,0,0.0,0,17,0.0,0.0,0.0,0.0,0.0,681.0,269.0,0.0,0.0,675.0,264.0,674.0,267.0,653.0,259.0,678.0,266.0,,,,,,,,0.0,0.0,0.0,0.0,0.0,0.0,0.0,0.0,0.0,22,0.0,0.0,0.0,0.0,0.0,0.0,0.0,0.0,0.0,0.0,0.0,0.0,0.0,0.0,0.0,0.0,20.0,0.0,0.0,0.0,0.0,0.0,0.0,0.0,0.0,0.0,0.0,0.0,0.0,0.0
705,Elijah,Campbell,Campbell,a,,,3.9,752,221.0,0.2,393,143.0,0.0,450.0,172.0,0,0,0.0,-1,1.0,89,145,0.0,0.0,0.0,0.0,0.0,535.0,194.0,,,525.0,194.0,518.0,195.0,481.0,186.0,528.0,194.0,,,,,,,,0.0,0.0,0.0,0.0,0.0,0.0,0.0,0.0,0.0,22,0.0,0.0,0.0,0.0,0.0,0.0,0.0,0.0,0.0,0.0,0.0,0.0,0.0,0.0,0.0,110.0,170.0,0.0,0.0,0.0,0.0,0.0,0.0,0.0,0.0,0.0,0.0,0.0,0.0,0.0
707,Tyler,Dibling,Dibling,a,,,5.3,199,124.0,0.0,627,250.0,1.6,238.0,104.0,0,0,0.0,-2,2.0,51,201,0.3,2.8,1.6,1.6,1.4,401.0,181.0,,,393.0,172.0,315.0,175.0,331.0,173.0,383.0,177.0,,,,,,,,0.06,0.02,0.08,1.64,0.0,0.56,0.56,1.13,11.0,22,0.0,0.0,0.0,0.0,0.0,0.0,0.0,0.0,0.0,0.0,0.0,0.0,0.0,0.0,0.0,70.0,315.0,0.0,0.0,0.0,0.0,0.0,0.0,0.0,0.0,0.0,0.0,0.0,0.0,0.0
728,Merlin,Röhl,Röhl,a,,,5.0,273,168.0,0.0,705,300.0,2.2,192.0,80.0,3,0,0.0,0,0.0,90,44,0.4,3.2,2.2,2.2,1.6,374.0,167.0,100.0,100.0,366.0,161.0,273.0,161.0,323.0,170.0,358.0,169.0,,,,,,,,0.13,0.04,0.17,1.6,0.0,0.51,1.02,0.51,10.96,22,3.0,90.0,0.0,0.0,1.0,0.0,0.0,0.0,0.0,0.0,0.0,0.0,1.0,0.0,6.0,99.0,57.0,0.0,0.13,0.020000000000000018,0.15000000000000002,1.4399999999999995,10.400000000000006,21.900000000000006,6.0,3.8000000000000007,1.0,2.0,4.0,7.0
314,Bernd,Leno,Leno,a,,,4.9,284,11.0,1.7,145,20.0,3.0,133.0,14.0,3,0,0.0,-1,1.0,2300,3301,0.6,13.7,3.0,3.0,3.0,188.0,17.0,,,30.0,9.0,736.0,86.0,726.0,80.0,194.0,10.0,,,,,,,,0.0,0.0,0.0,1.38,2.59,0.23,1.41,1.0,0.0,22,3.0,90.0,0.0,0.0,0.0,1.0,0.0,0.0,0.0,0.0,0.0,4.0,1.0,0.0,19.0,4447.0,4356.0,0.0,0.0,0.0,0.0,1.4299999999999997,26.19999999999999,0.0,0.0,2.6000000000000014,0.0,0.0,13.0,0.0
315,Steven,Benda,Benda,a,,,4.0,663,49.0,0.0,743,85.0,0.0,478.0,62.0,0,0,0.0,0,0.0,113,18,0.0,0.0,0.0,0.0,0.0,564.0,67.0,100.0,100.0,553.0,67.0,548.0,56.0,513.0,41.0,556.0,67.0,,,,,,,,0.0,0.0,0.0,0.0,0.0,0.0,0.0,0.0,0.0,22,0.0,0.0,0.0,0.0,0.0,0.0,0.0,0.0,0.0,0.0,0.0,0.0,0.0,0.0,0.0,152.0,23.0,0.0,0.0,0.0,0.0,0.0,0.0,0.0,0.0,0.0,0.0,0.0,0.0,0.0
316,Antonee,Robinson,Robinson,a,,,4.9,292,46.0,0.8,196,76.0,3.0,135.0,53.0,2,0,0.0,-1,1.0,4795,2793,0.6,6.3,3.0,3.0,3.1,171.0,69.0,100.0,100.0,238.0,98.0,120.0,29.0,322.0,103.0,237.0,81.0,,,,,,,,0.03,0.14,0.17,1.46,0.0,0.27,0.94,0.94,8.02,22,2.0,90.0,0.0,0.0,0.0,1.0,0.0,0.0,0.0,0.0,0.0,0.0,1.0,0.0,7.0,8098.0,3393.0,0.0,0.0,0.020000000000000018,0.020000000000000018,1.4299999999999997,19.0,1.200000000000017,0.0,2.0,6.0,3.0,4.0,9.0
317,Joachim,Andersen,Andersen,a,,,4.6,389,67.0,5.4,73,25.0,3.0,128.0,50.0,2,0,0.0,1,-1.0,7640,16191,0.7,17.0,3.0,3.0,3.7,98.0,37.0,100.0,100.0,19.0,6.0,256.0,75.0,235.0,64.0,110.0,36.0,,,,,,,,0.04,0.07,0.11,1.32,0.0,0.24,1.37,1.03,10.85,22,2.0,90.0,0.0,0.0,0.0,1.0,0.0,0.0,0.0,0.0,0.0,0.0,1.0,0.0,10.0,13847.0,22577.0,0.0,0.0,0.010000000000000009,0.010000000000000231,1.4300000000000033,23.19999999999999,0.4000000000000057,2.0,2.5999999999999943,2.0,7.0,5.0,9.0
328,Ryan,Sessegnon,Sessegnon,a,,,5.4,163,102.0,0.2,402,134.0,0.8,303.0,137.0,3,0,0.0,-1,1.0,849,345,0.1,11.1,0.8,0.8,4.0,72.0,31.0,100.0,100.0,172.0,68.0,187.0,124.0,147.0,86.0,187.0,100.0,,,,,,,,0.07,0.1,0.17,1.29,0.0,0.3,1.59,1.06,10.08,22,3.0,64.0,0.0,0.0,1.0,0.0,0.0,0.0,0.0,0.0,0.0,0.0,1.0,0.0,3.0,1070.0,482.0,0.0,0.07000000000000006,0.0,0.06999999999999984,0.7199999999999989,0.0,0.29999999999999716,9.0,0.7000000000000028,0.0,0.0,1.0,1.0
329,Harry,Wilson,Wilson,a,,,5.9,92,58.0,22.5,16,6.0,4.8,31.0,12.0,2,0,0.0,4,-4.0,96266,50643,0.8,17.6,4.8,4.8,5.0,15.0,7.0,100.0,100.0,41.0,10.0,41.0,38.0,28.0,15.0,22.0,18.0,3.0,3.0,3.0,,,,,0.22,0.16,0.38,1.22,0.0,0.34,1.14,1.08,6.14,22,2.0,87.0,0.0,0.0,1.0,0.0,0.0,0.0,0.0,1.0,0.0,0.0,1.0,0.0,7.0,171488.0,57687.0,0.0,0.06000000000000005,0.30000000000000027,0.3600000000000003,1.0500000000000007,5.199999999999989,38.80000000000001,5.0,4.8999999999999915,0.0,2.0,3.0,5.0
122,Antoni,Milambo,Milambo,i,Knee injury - Expected back 01 Jun,,5.2,218,136.0,0.0,643,262.0,0.0,748.0,326.0,0,0,0.0,-3,3.0,8,16,0.0,0.2,0.0,0.0,1.0,475.0,225.0,0.0,0.0,457.0,210.0,435.0,211.0,768.0,340.0,465.0,215.0,,,,,,,,0.0,0.02,0.02,2.98,0.0,0.0,6.0,2.0,8.0,22,0.0,0.0,0.0,0.0,0.0,0.0,0.0,0.0,0.0,0.0,0.0,0.0,0.0,0.0,0.0,10.0,19.0,0.0,0.0,0.0,0.0,0.0,0.0,0.0,0.0,0.0,0.0,0.0,0.0,0.0
123,Fábio,Freitas Gouveia Carvalho,Carvalho,i,Knee injury - Expected back 01 Jun,,4.7,380,238.0,0.1,448,153.0,0.0,682.0,277.0,0,0,0.0,-3,3.0,15,81,0.0,2.8,0.0,0.0,2.2,287.0,124.0,0.0,0.0,396.0,173.0,416.0,205.0,311.0,163.0,405.0,184.0,4.0,,4.0,,,,,0.63,0.03,0.66,1.87,0.0,0.0,3.6,0.9,7.2,22,0.0,0.0,0.0,0.0,0.0,0.0,0.0,0.0,0.0,0.0,0.0,0.0,0.0,0.0,0.0,18.0,122.0,0.0,0.0,0.0,0.0,0.0,0.0,0.0,0.0,0.0,0.0,0.0,0.0,0.0
124,Jordan,Henderson,Henderson,d,Ankle injury - 75% chance of playing,,5.0,241,148.0,0.4,273,93.0,1.0,284.0,127.0,0,0,0.0,0,0.0,80,2726,0.2,11.6,0.8,0.8,2.9,199.0,86.0,75.0,75.0,165.0,61.0,77.0,59.0,304.0,158.0,149.0,83.0,,,,,,,,0.02,0.13,0.15,1.24,0.0,0.27,1.4,1.0,8.34,22,0.0,0.0,0.0,0.0,0.0,0.0,0.0,0.0,0.0,0.0,0.0,0.0,0.0,0.0,0.0,112.0,3978.0,0.0,0.0,0.0,0.0,0.0,0.0,0.0,0.0,0.0,0.0,0.0,0.0,0.0
330,Sander,Berge,Berge,a,,,4.9,300,186.0,0.1,503,177.0,3.6,88.0,41.0,2,0,0.0,-1,1.0,345,247,0.7,11.4,3.6,3.6,2.5,255.0,110.0,,,123.0,43.0,84.0,62.0,294.0,153.0,142.0,79.0,,,,,,,,0.03,0.04,0.07,1.39,0.0,0.25,1.44,1.04,8.8,22,2.0,90.0,0.0,0.0,0.0,1.0,0.0,0.0,0.0,0.0,0.0,0.0,1.0,0.0,15.0,585.0,295.0,0.0,0.0,0.010000000000000009,0.010000000000000009,1.4299999999999997,10.399999999999977,3.299999999999983,0.0,1.4000000000000057,1.0,3.0,5.0,9.0
331,Tom,Cairney,Cairney,a,,,4.8,345,216.0,0.0,625,248.0,2.4,181.0,73.0,1,0,0.0,-2,2.0,58,73,0.5,4.6,2.4,2.4,1.6,371.0,165.0,100.0,100.0,344.0,153.0,245.0,148.0,301.0,156.0,330.0,161.0,,,,,,,,0.15,0.06,0.21,1.65,0.0,0.0,1.71,0.64,7.27,22,1.0,24.0,0.0,0.0,0.0,1.0,0.0,0.0,0.0,0.0,0.0,0.0,0.0,0.0,2.0,86.0,97.0,0.0,0.0,0.010000000000000009,0.010000000000000009,0.71,1.2000000000000028,1.2999999999999972,0.0,0.29999999999999716,0.0,0.0,2.0,2.0
332,Saša,Lukić,Lukić,d,Knock - 50% chance of playing,,4.9,304,189.0,0.1,532,189.0,2.8,151.0,63.0,2,0,0.0,-1,1.0,23,232,0.6,10.2,1.4,2.8,2.6,238.0,103.0,50.0,100.0,186.0,79.0,44.0,39.0,173.0,101.0,108.0,59.0,1.0,,,,,,,0.13,0.1,0.23,1.37,0.0,0.3,1.27,1.12,9.46,22,2.0,65.0,0.0,0.0,1.0,0.0,0.0,0.0,0.0,1.0,0.0,0.0,1.0,0.0,4.0,84.0,285.0,0.0,0.1100000000000001,0.040000000000000036,0.1499999999999999,0.7199999999999989,6.599999999999994,11.800000000000011,17.0,3.5,1.0,1.0,0.0,2.0
129,Yehor,Yarmoliuk,Yarmoliuk,a,,,5.0,272,167.0,0.1,457,155.0,4.6,37.0,15.0,2,0,0.0,0,0.0,1551,421,0.9,13.4,4.6,4.6,3.0,190.0,80.0,100.0,100.0,149.0,55.0,124.0,90.0,203.0,114.0,150.0,84.0,,,,,,,,0.06,0.05,0.11,1.4,0.0,0.27,1.41,1.09,11.1,22,2.0,90.0,0.0,0.0,0.0,2.0,0.0,0.0,0.0,0.0,0.0,0.0,1.0,0.0,15.0,2097.0,585.0,0.0,0.14,0.010000000000000009,0.1499999999999999,1.5899999999999999,9.800000000000011,3.4000000000000057,5.0,1.7999999999999972,3.0,2.0,6.0,11.0
130,Romelle,Donovan,Donovan,a,,,4.4,556,333.0,0.1,473,162.0,0.2,368.0,163.0,1,0,0.0,-1,1.0,136,151,0.0,0.2,0.2,0.2,1.0,447.0,202.0,,,460.0,212.0,397.0,198.0,409.0,203.0,448.0,204.0,,,,,,,,4.5,0.9,5.4,0.0,0.0,0.0,0.0,0.0,90.0,22,1.0,1.0,0.0,0.0,0.0,0.0,0.0,0.0,0.0,0.0,0.0,0.0,0.0,0.0,4.0,201.0,194.0,0.0,0.05,0.01,0.06,0.0,3.0,10.5,4.0,1.8,0.0,0.0,1.0,1.0
333,Martial,Godo,Godo,u,has joined Strasbourg permanently.,,4.5,467,286.0,0.0,655,269.0,0.0,648.0,251.0,0,0,0.0,0,0.0,0,4,0.0,0.0,0.0,0.0,0.0,704.0,290.0,0.0,0.0,702.0,288.0,698.0,289.0,680.0,283.0,703.0,289.0,,,,,,,,0.0,0.0,0.0,0.0,0.0,0.0,0.0,0.0,0.0,22,0.0,0.0,0.0,0.0,0.0,0.0,0.0,0.0,0.0,0.0,0.0,0.0,0.0,0.0,0.0,0.0,8.0,0.0,0.0,0.0,0.0,0.0,0.0,0.0,0.0,0.0,0.0,0.0,0.0,0.0
334,Luke,Harris,Harris,u,Has joined Oxford United on loan for the rest of the season.,,4.5,447,269.0,0.0,785,347.0,0.0,634.0,239.0,0,0,0.0,0,0.0,0,0,0.0,0.0,0.0,0.0,0.0,691.0,279.0,0.0,0.0,687.0,275.0,684.0,277.0,664.0,269.0,688.0,276.0,,,,,,,,0.0,0.0,0.0,0.0,0.0,0.0,0.0,0.0,0.0,22,0.0,0.0,0.0,0.0,0.0,0.0,0.0,0.0,0.0,0.0,0.0,0.0,0.0,0.0,0.0,0.0,0.0,0.0,0.0,0.0,0.0,0.0,0.0,0.0,0.0,0.0,0.0,0.0,0.0,0.0
347,Gabriel,Gudmundsson,Gudmundsson,d,Muscle injury - 75% chance of playing,,3.8,776,238.0,4.2,84,29.0,3.6,80.0,28.0,6,0,0.0,-2,2.0,13912,7763,0.9,14.5,2.7,3.6,2.5,246.0,92.0,75.0,100.0,101.0,44.0,57.0,11.0,172.0,33.0,88.0,20.0,,,,,,,,0.05,0.09,0.14,1.34,0.0,0.2,1.62,1.03,6.44,22,6.0,90.0,0.0,0.0,1.0,0.0,0.0,0.0,0.0,0.0,0.0,0.0,1.0,0.0,23.0,19984.0,10613.0,0.0,0.07999999999999996,0.0,0.08000000000000007,0.39000000000000057,5.2000000000000455,1.599999999999966,6.0,1.3000000000000114,2.0,1.0,5.0,3.0
349,Isaac,Schmidt,Schmidt,u,has joined Werder Bremen on loan for the rest of the season.,,4.0,678,174.0,0.1,534,195.0,0.0,491.0,191.0,0,0,0.0,0,0.0,0,23,0.0,0.0,0.0,0.0,0.0,577.0,214.0,0.0,0.0,566.0,213.0,561.0,214.0,526.0,207.0,569.0,213.0,,,,,,,,0.0,0.0,0.0,0.0,0.0,0.0,0.0,0.0,0.0,22,0.0,0.0,0.0,0.0,0.0,0.0,0.0,0.0,0.0,0.0,0.0,0.0,0.0,0.0,0.0,0.0,36.0,0.0,0.0,0.0,0.0,0.0,0.0,0.0,0.0,0.0,0.0,0.0,0.0,0.0
350,Brenden,Aaronson,Aaronson,a,,,5.4,169,105.0,0.8,199,67.0,6.4,9.0,5.0,3,0,0.0,-1,1.0,15137,6748,1.2,16.1,6.4,6.4,4.1,65.0,26.0,,,93.0,30.0,58.0,46.0,39.0,23.0,44.0,32.0,,,,,,,,0.21,0.18,0.39,1.31,0.0,0.34,1.28,1.01,8.38,22,3.0,90.0,0.0,0.0,1.0,0.0,0.0,0.0,0.0,0.0,0.0,0.0,1.0,0.0,7.0,27031.0,7632.0,0.0,0.2599999999999998,0.17000000000000037,0.4299999999999997,0.39000000000000057,13.599999999999966,28.5,6.0,4.799999999999997,2.0,2.0,5.0,9.0
351,Wilfried,Gnonto,Gnonto,a,,,5.2,216,134.0,0.1,489,172.0,0.8,302.0,136.0,1,0,0.0,-3,3.0,72,138,0.2,3.8,0.8,0.8,1.5,390.0,176.0,100.0,100.0,371.0,165.0,237.0,145.0,329.0,172.0,351.0,166.0,,,,,,,,0.07,0.14,0.21,2.1,0.0,0.27,2.67,1.07,9.88,22,1.0,20.0,0.0,0.0,0.0,0.0,0.0,0.0,0.0,0.0,0.0,0.0,0.0,0.0,2.0,97.0,182.0,0.0,0.03,0.020000000000000018,0.050000000000000044,0.009999999999999787,1.2000000000000028,12.100000000000009,2.0,1.4999999999999982,0.0,0.0,0.0,0.0
352,Jack,Harrison,Harrison,u,has joined ACF Fiorentina on loan for the rest of the season.,,5.1,229,141.0,0.1,556,203.0,0.0,743.0,321.0,0,0,0.0,-4,4.0,61,235,0.0,2.4,0.0,0.0,1.1,426.0,193.0,0.0,100.0,408.0,181.0,314.0,174.0,316.0,166.0,381.0,176.0,4.0,,,,,,,0.1,0.08,0.18,1.31,0.0,0.0,1.72,0.34,8.24,22,0.0,0.0,0.0,0.0,0.0,0.0,0.0,0.0,0.0,0.0,0.0,0.0,0.0,0.0,0.0,123.0,275.0,0.0,0.0,0.0,0.0,0.0,0.0,0.0,0.0,0.0,0.0,0.0,0.0,0.0
353,Daniel,James,James,i,Hamstring injury - Expected back 31 Jan,,5.2,205,129.0,0.1,472,161.0,0.0,747.0,325.0,0,0,0.0,-3,3.0,12,75,0.0,2.5,0.0,0.0,1.3,413.0,187.0,0.0,0.0,399.0,175.0,222.0,136.0,225.0,125.0,326.0,159.0,,,,,,,,0.18,0.14,0.32,2.27,0.0,0.26,3.1,1.03,4.66,22,0.0,0.0,0.0,0.0,0.0,0.0,0.0,0.0,0.0,0.0,0.0,0.0,0.0,0.0,0.0,17.0,101.0,0.0,0.0,0.0,0.0,0.0,0.0,0.0,0.0,0.0,0.0,0.0,0.0,0.0
354,Ethan,Ampadu,Ampadu,a,,,4.9,295,183.0,0.1,412,138.0,3.6,87.0,40.0,7,0,0.0,-1,1.0,1872,566,0.7,13.9,3.6,3.6,3.6,113.0,49.0,100.0,100.0,92.0,29.0,110.0,79.0,238.0,129.0,129.0,69.0,,,,,,,,0.09,0.07,0.16,1.35,0.0,0.21,1.61,1.02,12.06,22,7.0,90.0,0.0,1.0,1.0,0.0,0.0,0.0,0.0,1.0,0.0,0.0,1.0,2.0,30.0,2330.0,756.0,0.0,0.0,0.39,0.3900000000000001,0.39000000000000057,34.39999999999998,53.70000000000002,2.0,9.0,1.0,1.0,4.0,6.0
138,Jason,Steele,Steele,a,,,4.2,616,31.0,0.2,339,47.0,0.0,530.0,77.0,0,0,0.0,-3,3.0,148,159,0.0,0.0,0.0,0.0,0.0,612.0,82.0,,,601.0,82.0,596.0,71.0,563.0,56.0,605.0,82.0,,,,,,,,0.0,0.0,0.0,0.0,0.0,0.0,0.0,0.0,0.0,22,0.0,0.0,0.0,0.0,0.0,0.0,0.0,0.0,0.0,0.0,0.0,0.0,0.0,0.0,0.0,210.0,244.0,0.0,0.0,0.0,0.0,0.0,0.0,0.0,0.0,0.0,0.0,0.0,0.0,0.0
139,Bart,Verbruggen,Verbruggen,a,,,4.5,435,25.0,5.9,69,11.0,2.8,146.0,15.0,2,0,0.0,0,0.0,7881,9696,0.6,15.6,2.8,2.8,3.2,152.0,14.0,,,14.0,3.0,402.0,7.0,657.0,73.0,151.0,3.0,,,,,,,,0.0,0.0,0.0,1.45,2.82,0.23,1.32,1.0,0.0,22,2.0,90.0,0.0,0.0,0.0,1.0,0.0,0.0,0.0,0.0,0.0,1.0,1.0,0.0,9.0,18212.0,12871.0,0.0,0.0,0.0,0.0,1.3300000000000018,8.600000000000023,0.0,0.0,0.8999999999999986,0.0,2.0,5.0,0.0
140,Tom,McGill,McGill,a,,,3.9,732,74.0,0.3,304,40.0,0.0,437.0,38.0,0,0,0.0,-1,1.0,159,201,0.0,0.0,0.0,0.0,0.0,522.0,43.0,,,512.0,43.0,505.0,30.0,468.0,15.0,515.0,43.0,,,,,,,,0.0,0.0,0.0,0.0,0.0,0.0,0.0,0.0,0.0,22,0.0,0.0,0.0,0.0,0.0,0.0,0.0,0.0,0.0,0.0,0.0,0.0,0.0,0.0,0.0,192.0,280.0,0.0,0.0,0.0,0.0,0.0,0.0,0.0,0.0,0.0,0.0,0.0,0.0,0.0
137,Iwan,Morgan,Morgan,u,has joined Shrewsbury on loan for the rest of the season.,,4.4,544,74.0,0.3,298,49.0,0.0,590.0,58.0,0,0,0.0,-1,1.0,0,648,0.0,0.0,0.0,0.0,0.0,654.0,67.0,0.0,0.0,646.0,67.0,643.0,66.0,619.0,66.0,649.0,67.0,,,,,,,,0.0,0.0,0.0,0.0,0.0,0.0,0.0,0.0,0.0,22,0.0,0.0,0.0,0.0,0.0,0.0,0.0,0.0,0.0,0.0,0.0,0.0,0.0,0.0,0.0,0.0,933.0,0.0,0.0,0.0,0.0,0.0,0.0,0.0,0.0,0.0,0.0,0.0,0.0,0.0
748,Josh,Dasilva,Dasilva,i,Knee injury - Expected back 01 Feb,,4.9,294,182.0,0.0,787,348.0,0.0,699.0,289.0,0,0,0.0,-1,1.0,2,2,0.0,0.0,0.0,0.0,0.0,744.0,318.0,0.0,0.0,744.0,318.0,740.0,318.0,731.0,316.0,744.0,318.0,,,,,,,,0.0,0.0,0.0,0.0,0.0,0.0,0.0,0.0,0.0,22,0.0,0.0,0.0,0.0,0.0,0.0,0.0,0.0,0.0,0.0,0.0,0.0,0.0,0.0,0.0,5.0,3.0,0.0,0.0,0.0,0.0,0.0,0.0,0.0,0.0,0.0,0.0,0.0,0.0,0.0
355,Sam,Greenwood,Greenwood,u,has joined Pogon Szczecin permanently.,,4.9,315,195.0,0.0,623,246.0,0.0,706.0,293.0,0,0,0.0,-1,1.0,0,8,0.0,0.0,0.0,0.0,0.0,747.0,320.0,0.0,0.0,747.0,320.0,743.0,320.0,735.0,318.0,747.0,320.0,,,,,,,,0.0,0.0,0.0,0.0,0.0,0.0,0.0,0.0,0.0,22,0.0,0.0,0.0,0.0,0.0,0.0,0.0,0.0,0.0,0.0,0.0,0.0,0.0,0.0,0.0,0.0,10.0,0.0,0.0,0.0,0.0,0.0,0.0,0.0,0.0,0.0,0.0,0.0,0.0,0.0
356,Ilia,Gruev,Gruev,a,,,4.7,384,240.0,0.1,560,205.0,3.0,131.0,54.0,3,0,0.0,-3,3.0,254,171,0.6,6.6,3.0,3.0,2.4,265.0,112.0,,,313.0,140.0,242.0,147.0,397.0,195.0,338.0,163.0,,,,,,,,0.0,0.04,0.04,1.94,0.0,0.37,1.97,0.99,8.88,22,3.0,80.0,0.0,0.0,1.0,0.0,0.0,0.0,0.0,0.0,0.0,0.0,1.0,0.0,6.0,460.0,213.0,0.0,0.03,0.0,0.02999999999999997,0.39000000000000057,3.5999999999999943,11.099999999999994,1.0,1.5999999999999979,0.0,2.0,2.0,4.0
142,Kjell,Scherpen,Scherpen,u,Has joined Union SG permanently,,4.0,662,48.0,0.0,780,90.0,0.0,477.0,61.0,0,0,0.0,0,0.0,0,0,0.0,0.0,0.0,0.0,0.0,563.0,66.0,0.0,0.0,552.0,66.0,547.0,55.0,512.0,40.0,555.0,66.0,,,,,,,,0.0,0.0,0.0,0.0,0.0,0.0,0.0,0.0,0.0,22,0.0,0.0,0.0,0.0,0.0,0.0,0.0,0.0,0.0,0.0,0.0,0.0,0.0,0.0,0.0,0.0,0.0,0.0,0.0,0.0,0.0,0.0,0.0,0.0,0.0,0.0,0.0,0.0,0.0,0.0
143,Olivier,Boscagli,Boscagli,a,,,4.2,622,146.0,0.1,501,181.0,0.2,357.0,137.0,1,0,0.0,-3,3.0,58,56,0.0,2.4,0.2,0.2,2.5,248.0,94.0,,,390.0,151.0,362.0,130.0,383.0,140.0,408.0,147.0,,,,,,,,0.03,0.11,0.14,1.55,0.0,0.63,0.63,1.26,10.07,22,1.0,1.0,0.0,0.0,0.0,0.0,0.0,0.0,0.0,0.0,0.0,0.0,0.0,0.0,4.0,83.0,76.0,0.0,0.05,0.06999999999999999,0.12000000000000001,0.0,2.799999999999997,14.600000000000001,6.0,2.3,0.0,0.0,2.0,0.0
144,Diego,Coppola,Coppola,a,,,4.2,635,153.0,0.1,568,206.0,0.0,542.0,227.0,0,0,0.0,-3,3.0,33,49,0.0,2.4,0.0,0.0,2.0,315.0,119.0,,,389.0,150.0,427.0,156.0,419.0,157.0,423.0,155.0,,,,,,,,0.0,0.0,0.0,2.11,0.0,0.47,1.4,0.93,8.39,22,0.0,0.0,0.0,0.0,0.0,0.0,0.0,0.0,0.0,0.0,0.0,0.0,0.0,0.0,0.0,56.0,65.0,0.0,0.0,0.0,0.0,0.0,0.0,0.0,0.0,0.0,0.0,0.0,0.0,0.0
145,Maxim,De Cuyper,De Cuyper,a,,,4.3,580,135.0,2.1,127,50.0,0.6,307.0,113.0,0,0,0.0,-2,2.0,719,6247,0.1,11.4,0.6,0.6,2.7,226.0,86.0,100.0,100.0,217.0,88.0,61.0,12.0,174.0,34.0,137.0,44.0,3.0,6.0,,,,,,0.12,0.18,0.3,1.73,0.0,0.28,1.48,1.11,3.78,22,0.0,0.0,0.0,0.0,0.0,0.0,0.0,0.0,0.0,0.0,0.0,0.0,0.0,0.0,0.0,1211.0,8820.0,0.0,0.0,0.0,0.0,0.0,0.0,0.0,0.0,0.0,0.0,0.0,0.0,0.0
146,Lewis,Dunk,Dunk,a,,,4.5,400,72.0,0.9,190,73.0,2.6,161.0,61.0,2,0,0.0,0,0.0,1642,1294,0.6,11.1,2.6,2.6,2.4,263.0,104.0,100.0,100.0,66.0,30.0,253.0,73.0,233.0,63.0,157.0,49.0,,1.0,,,,,,0.03,0.01,0.04,1.45,0.0,0.2,1.37,0.98,7.27,22,2.0,90.0,0.0,0.0,0.0,1.0,0.0,0.0,0.0,0.0,0.0,0.0,1.0,0.0,12.0,2228.0,1819.0,0.0,0.039999999999999925,0.010000000000000009,0.04999999999999993,1.3299999999999983,19.80000000000001,11.100000000000009,8.0,3.8999999999999986,0.0,7.0,4.0,7.0
147,Pervis,Estupiñán Tenorio,Estupiñan,u,Has joined AC Milan permanently,,4.5,409,77.0,0.0,722,247.0,0.0,608.0,240.0,0,0,0.0,0,0.0,0,4,0.0,0.0,0.0,0.0,0.0,670.0,249.0,0.0,0.0,664.0,248.0,661.0,249.0,638.0,247.0,667.0,249.0,,,,,,,,0.0,0.0,0.0,0.0,0.0,0.0,0.0,0.0,0.0,22,0.0,0.0,0.0,0.0,0.0,0.0,0.0,0.0,0.0,0.0,0.0,0.0,0.0,0.0,0.0,0.0,5.0,0.0,0.0,0.0,0.0,0.0,0.0,0.0,0.0,0.0,0.0,0.0,0.0,0.0
357,Largie,Ramazani,Ramazani,u,has joined Valencia on loan for the rest of the season.,,4.9,319,197.0,0.0,690,293.0,0.0,709.0,295.0,0,0,0.0,-1,1.0,0,6,0.0,0.0,0.0,0.0,0.0,749.0,322.0,0.0,0.0,749.0,322.0,745.0,322.0,737.0,320.0,749.0,322.0,,,,,,,,0.0,0.0,0.0,0.0,0.0,0.0,0.0,0.0,0.0,22,0.0,0.0,0.0,0.0,0.0,0.0,0.0,0.0,0.0,0.0,0.0,0.0,0.0,0.0,0.0,0.0,6.0,0.0,0.0,0.0,0.0,0.0,0.0,0.0,0.0,0.0,0.0,0.0,0.0,0.0
358,Tanaka,Ao,Tanaka,a,,,4.8,361,225.0,0.3,337,112.0,1.0,282.0,125.0,1,0,0.0,-2,2.0,449,1270,0.2,8.8,1.0,1.0,2.2,289.0,126.0,100.0,100.0,277.0,124.0,185.0,123.0,241.0,131.0,270.0,133.0,,,,,,,,0.1,0.08,0.18,1.65,0.0,0.25,1.89,0.88,9.85,22,1.0,9.0,0.0,0.0,0.0,0.0,0.0,0.0,0.0,0.0,0.0,0.0,0.0,0.0,3.0,637.0,1839.0,0.0,0.0,0.0,0.0,0.0,0.5999999999999943,1.2999999999999972,0.0,0.20000000000000284,0.0,0.0,2.0,2.0
359,Charlie,Crew,Crew,u,Has joined Doncaster Rovers on loan for the rest of the season.,,4.5,453,275.0,0.0,763,332.0,0.0,638.0,243.0,0,0,0.0,0,0.0,0,1,0.0,0.0,0.0,0.0,0.0,695.0,283.0,0.0,0.0,691.0,279.0,688.0,281.0,668.0,273.0,692.0,280.0,,,,,,,,0.0,0.0,0.0,0.0,0.0,0.0,0.0,0.0,0.0,22,0.0,0.0,0.0,0.0,0.0,0.0,0.0,0.0,0.0,0.0,0.0,0.0,0.0,0.0,0.0,0.0,1.0,0.0,0.0,0.0,0.0,0.0,0.0,0.0,0.0,0.0,0.0,0.0,0.0,0.0
360,Joe,Gelhardt,Gelhardt,u,Has joined Hull City on loan for the rest of the season.,,4.5,430,259.0,0.0,732,313.0,0.0,625.0,230.0,0,0,0.0,0,0.0,0,4,0.0,0.0,0.0,0.0,0.0,683.0,271.0,0.0,0.0,677.0,266.0,676.0,269.0,655.0,261.0,680.0,268.0,,,,,,,,0.0,0.0,0.0,0.0,0.0,0.0,0.0,0.0,0.0,22,0.0,0.0,0.0,0.0,0.0,0.0,0.0,0.0,0.0,0.0,0.0,0.0,0.0,0.0,0.0,0.0,4.0,0.0,0.0,0.0,0.0,0.0,0.0,0.0,0.0,0.0,0.0,0.0,0.0,0.0
361,Darko,Gyabi,Gyabi,u,has joined Hull City permanently.,,4.5,432,260.0,0.0,653,267.0,0.0,626.0,231.0,0,0,0.0,0,0.0,0,6,0.0,0.0,0.0,0.0,0.0,684.0,272.0,0.0,0.0,678.0,267.0,677.0,270.0,656.0,262.0,681.0,269.0,,,,,,,,0.0,0.0,0.0,0.0,0.0,0.0,0.0,0.0,0.0,22,0.0,0.0,0.0,0.0,0.0,0.0,0.0,0.0,0.0,0.0,0.0,0.0,0.0,0.0,0.0,0.0,7.0,0.0,0.0,0.0,0.0,0.0,0.0,0.0,0.0,0.0,0.0,0.0,0.0,0.0
362,Joël,Piroe,Piroe,a,,,4.9,314,55.0,0.3,286,45.0,0.2,386.0,42.0,0,0,0.0,-6,6.0,238,377,0.0,2.2,0.2,0.2,1.1,424.0,49.0,100.0,100.0,447.0,51.0,369.0,45.0,221.0,42.0,384.0,46.0,,,2.0,,,,,0.29,0.04,0.33,2.14,0.0,0.45,2.69,0.9,4.03,22,0.0,0.0,0.0,0.0,0.0,0.0,0.0,0.0,0.0,0.0,0.0,0.0,0.0,0.0,0.0,321.0,510.0,0.0,0.0,0.0,0.0,0.0,0.0,0.0,0.0,0.0,0.0,0.0,0.0,0.0
363,Patrick,Bamford,Bamford,u,has departed the club as a free agent.,,4.9,285,54.0,0.3,294,48.0,0.0,695.0,72.0,0,0,0.0,-1,1.0,0,110,0.0,0.0,0.0,0.0,0.0,741.0,81.0,0.0,0.0,741.0,81.0,737.0,80.0,727.0,80.0,741.0,81.0,,,,,,,,0.0,0.0,0.0,0.0,0.0,0.0,0.0,0.0,0.0,22,0.0,0.0,0.0,0.0,0.0,0.0,0.0,0.0,0.0,0.0,0.0,0.0,0.0,0.0,0.0,0.0,138.0,0.0,0.0,0.0,0.0,0.0,0.0,0.0,0.0,0.0,0.0,0.0,0.0,0.0
364,Mateo,Joseph Fernández-Regatillo,Mateo Joseph,u,Has joined RCD Mallorca on loan for the rest of the season.,,5.0,275,53.0,0.0,720,85.0,0.0,736.0,77.0,0,0,0.0,0,0.0,0,2,0.0,0.0,0.0,0.0,0.0,768.0,84.0,0.0,0.0,768.0,84.0,766.0,84.0,759.0,84.0,768.0,84.0,,,,,,,,0.0,0.0,0.0,0.0,0.0,0.0,0.0,0.0,0.0,22,0.0,0.0,0.0,0.0,0.0,0.0,0.0,0.0,0.0,0.0,0.0,0.0,0.0,0.0,0.0,0.0,2.0,0.0,0.0,0.0,0.0,0.0,0.0,0.0,0.0,0.0,0.0,0.0,0.0,0.0
365,Lukas,Nmecha,Nmecha,a,,,5.0,246,50.0,0.5,243,39.0,2.4,182.0,22.0,7,0,0.0,0,0.0,2760,959,0.5,9.8,2.4,2.4,2.6,239.0,23.0,100.0,100.0,215.0,18.0,322.0,36.0,58.0,21.0,180.0,21.0,,,1.0,,,,,0.73,0.05,0.78,1.85,0.0,0.3,2.09,0.9,4.78,22,7.0,9.0,1.0,0.0,0.0,0.0,0.0,0.0,0.0,0.0,0.0,0.0,0.0,2.0,30.0,3122.0,1371.0,0.0,0.3799999999999999,0.0,0.3799999999999999,0.0,34.39999999999998,0.19999999999999574,41.0,7.600000000000001,0.0,0.0,1.0,1.0
493,Sean,Longstaff,Longstaff,a,,,4.8,349,220.0,0.2,342,114.0,0.0,688.0,281.0,0,0,0.0,-2,2.0,161,308,0.0,8.3,0.0,0.0,3.3,142.0,61.0,100.0,100.0,188.0,80.0,47.0,41.0,284.0,151.0,138.0,76.0,1.0,2.0,,,,,,0.08,0.13,0.21,1.16,0.0,0.1,1.54,1.03,9.65,22,0.0,0.0,0.0,0.0,0.0,0.0,0.0,0.0,0.0,0.0,0.0,0.0,0.0,0.0,0.0,251.0,438.0,0.0,0.0,0.0,0.0,0.0,0.0,0.0,0.0,0.0,0.0,0.0,0.0,0.0
660,Anton,Stach,Stach,d,Muscle injury - 75% chance of playing,,4.9,328,203.0,3.0,108,32.0,3.0,137.0,56.0,0,0,0.0,-1,1.0,1894,27830,0.6,17.8,2.2,3.0,4.6,29.0,14.0,75.0,100.0,67.0,20.0,5.0,5.0,86.0,53.0,21.0,17.0,3.0,1.0,,,,,,0.12,0.17,0.29,1.35,0.0,0.18,1.65,1.06,9.59,22,0.0,0.0,0.0,0.0,0.0,0.0,0.0,0.0,0.0,0.0,0.0,0.0,0.0,0.0,0.0,6426.0,33667.0,0.0,0.0,0.0,0.0,0.0,0.0,0.0,0.0,0.0,0.0,0.0,0.0,0.0
665,Lucas Estella,Perri,Perri,a,,,4.5,408,22.0,0.3,324,44.0,3.0,127.0,13.0,0,0,0.0,0,0.0,417,1695,0.7,9.6,3.0,3.0,2.7,228.0,20.0,100.0,100.0,113.0,17.0,660.0,82.0,637.0,70.0,277.0,17.0,,,,,,,,0.0,0.0,0.0,1.67,2.38,0.19,1.81,1.0,0.0,22,0.0,0.0,0.0,0.0,0.0,0.0,0.0,0.0,0.0,0.0,0.0,0.0,0.0,0.0,0.0,1699.0,1957.0,0.0,0.0,0.0,0.0,0.0,0.0,0.0,0.0,0.0,0.0,0.0,0.0,0.0
691,Dominic,Calvert-Lewin,Calvert-Lewin,a,,,6.0,83,27.0,14.0,24,6.0,4.2,61.0,7.0,2,0,0.0,5,-5.0,73350,48509,0.7,15.2,4.2,4.2,4.5,40.0,3.0,100.0,100.0,87.0,7.0,126.0,6.0,6.0,5.0,32.0,6.0,,,,,,,,0.53,0.06,0.59,1.07,0.0,0.26,1.29,0.96,2.89,22,2.0,90.0,0.0,0.0,1.0,0.0,0.0,0.0,0.0,0.0,0.0,0.0,1.0,0.0,0.0,130192.0,58811.0,0.0,0.2499999999999991,0.030000000000000027,0.27999999999999936,0.39000000000000057,2.0,1.8000000000000114,15.0,1.9000000000000057,0.0,0.0,1.0,1.0
698,Noah,Okafor,Okafor,a,,,5.5,146,93.0,0.1,459,157.0,1.8,224.0,96.0,3,0,0.0,0,0.0,317,544,0.3,9.5,1.8,1.8,2.7,231.0,101.0,100.0,100.0,234.0,99.0,139.0,99.0,63.0,39.0,134.0,73.0,,,,,,,,0.23,0.07,0.3,1.37,0.0,0.25,1.72,1.15,6.14,22,3.0,69.0,0.0,0.0,1.0,0.0,0.0,0.0,0.0,0.0,0.0,0.0,1.0,0.0,9.0,542.0,748.0,0.0,0.07999999999999963,0.06999999999999995,0.15000000000000036,0.370000000000001,5.0,11.400000000000006,15.0,3.1000000000000014,0.0,1.0,3.0,4.0
706,James,Justin,Justin,a,,,3.9,735,212.0,0.3,327,120.0,3.8,70.0,26.0,9,0,0.0,-1,1.0,2454,552,1.0,6.9,3.8,3.8,2.1,302.0,112.0,,,311.0,118.0,336.0,115.0,292.0,93.0,345.0,120.0,,,,,,,,0.05,0.03,0.08,1.99,0.0,0.35,1.56,0.87,8.84,22,9.0,90.0,0.0,0.0,1.0,0.0,0.0,0.0,0.0,0.0,0.0,0.0,1.0,3.0,34.0,2954.0,716.0,0.0,0.16999999999999998,0.16,0.33,0.39000000000000057,18.799999999999997,29.7,23.0,7.200000000000001,3.0,4.0,5.0,7.0
741,Harry,Gray,Gray,u,has joined Rotherham United on loan for the rest of the season.,,4.5,484,67.0,0.1,451,64.0,0.0,662.0,68.0,0,0,0.0,0,0.0,0,909,0.0,0.0,0.0,0.0,0.0,718.0,77.0,0.0,0.0,717.0,77.0,712.0,76.0,695.0,76.0,717.0,77.0,,,,,,,,0.0,0.0,0.0,0.0,0.0,0.0,0.0,0.0,0.0,22,0.0,0.0,0.0,0.0,0.0,0.0,0.0,0.0,0.0,0.0,0.0,0.0,0.0,0.0,0.0,0.0,1212.0,0.0,0.0,0.0,0.0,0.0,0.0,0.0,0.0,0.0,0.0,0.0,0.0,0.0
787,Sam,Chambers,Chambers,a,,,4.5,465,284.0,0.0,774,339.0,0.0,646.0,249.0,0,0,0.0,0,0.0,43,45,0.0,0.0,0.0,0.0,0.0,702.0,288.0,,,700.0,286.0,696.0,287.0,678.0,281.0,701.0,287.0,,,,,,,,0.0,0.0,0.0,0.0,0.0,0.0,0.0,0.0,0.0,22,0.0,0.0,0.0,0.0,0.0,0.0,0.0,0.0,0.0,0.0,0.0,0.0,0.0,0.0,0.0,102.0,57.0,0.0,0.0,0.0,0.0,0.0,0.0,0.0,0.0,0.0,0.0,0.0,0.0,0.0
366,Alisson,Becker,A.Becker,a,,,5.4,158,4.0,6.2,66,10.0,4.4,52.0,4.0,2,0,0.0,-1,1.0,4841,13454,0.8,11.9,4.9,4.9,3.8,89.0,7.0,100.0,100.0,141.0,20.0,468.0,15.0,772.0,88.0,293.0,20.0,,,,,,,,0.0,0.0,0.0,1.01,2.0,0.35,1.12,1.0,0.0,22,2.0,90.0,0.0,0.0,0.0,1.0,0.0,0.0,0.0,0.0,0.0,1.0,1.0,0.0,9.0,15928.0,14901.0,0.0,0.0,0.0,0.0,0.40000000000000213,8.599999999999966,0.0,0.0,0.8999999999999986,0.0,1.0,10.0,0.0
367,Giorgi,Mamardashvili,Mamardashvili,a,,,4.2,628,36.0,0.6,241,32.0,0.0,535.0,80.0,0,0,0.0,-3,3.0,284,944,0.0,4.5,0.5,0.5,3.8,82.0,6.0,,,269.0,22.0,600.0,75.0,569.0,61.0,367.0,22.0,,,,,,,,0.0,0.0,0.0,1.42,3.4,0.2,2.0,1.0,0.0,22,0.0,0.0,0.0,0.0,0.0,0.0,0.0,0.0,0.0,0.0,0.0,0.0,0.0,0.0,0.0,355.0,1314.0,0.0,0.0,0.0,0.0,0.0,0.0,0.0,0.0,0.0,0.0,0.0,0.0,0.0
373,Virgil,van Dijk,Virgil,a,,,5.9,90,6.0,22.4,17,5.0,3.4,106.0,38.0,2,0,0.0,-1,1.0,12425,51940,0.6,13.7,3.9,3.9,3.7,105.0,40.0,,,10.0,4.0,173.0,44.0,138.0,24.0,60.0,10.0,,,,,,,,0.04,0.03,0.07,1.1,0.0,0.32,1.32,1.0,9.27,22,2.0,90.0,0.0,0.0,0.0,1.0,0.0,0.0,0.0,0.0,0.0,0.0,1.0,0.0,11.0,35061.0,58091.0,0.0,0.0,0.09999999999999998,0.10000000000000009,0.3999999999999986,25.199999999999932,15.799999999999983,4.0,4.5,0.0,7.0,4.0,7.0
374,Ibrahima,Konaté,Konaté,a,,,5.4,164,19.0,3.5,96,37.0,3.8,74.0,27.0,2,0,0.0,-1,1.0,5189,12953,0.7,15.0,4.3,4.3,3.7,103.0,39.0,100.0,100.0,35.0,15.0,203.0,52.0,250.0,70.0,117.0,39.0,,,,,,,,0.04,0.04,0.08,1.04,0.0,0.34,1.25,1.06,8.97,22,2.0,90.0,0.0,0.0,0.0,1.0,0.0,0.0,0.0,0.0,0.0,0.0,1.0,0.0,12.0,14667.0,14406.0,0.0,0.0,0.10000000000000009,0.10000000000000009,0.3999999999999986,21.80000000000001,8.099999999999994,2.0,3.1999999999999957,1.0,6.0,1.0,7.0
375,Conor,Bradley,Bradley,i,Knee injury - Expected back 01 Jun,,5.0,265,43.0,0.2,376,137.0,4.2,57.0,24.0,0,0,0.0,0,0.0,35,2091,0.8,8.4,0.0,0.0,2.8,215.0,84.0,0.0,0.0,255.0,103.0,206.0,53.0,271.0,78.0,276.0,92.0,,,,,,,,0.02,0.08,0.1,1.04,0.0,0.39,1.26,1.16,6.3,22,0.0,0.0,0.0,0.0,0.0,0.0,0.0,0.0,0.0,0.0,0.0,0.0,0.0,0.0,0.0,42.0,2963.0,0.0,0.0,0.0,0.0,0.0,0.0,0.0,0.0,0.0,0.0,0.0,0.0,0.0
568,Pedro,Porro Sauceda,Pedro Porro,a,,,5.2,213,29.0,12.6,32,10.0,4.8,30.0,14.0,4,0,0.0,-3,3.0,17559,14435,0.9,15.0,4.8,4.8,3.5,123.0,46.0,,,56.0,27.0,15.0,1.0,244.0,68.0,42.0,3.0,3.0,2.0,,,,,,0.02,0.14,0.16,1.25,0.0,0.35,1.17,1.01,6.69,22,4.0,90.0,0.0,1.0,0.0,2.0,0.0,0.0,0.0,0.0,0.0,0.0,1.0,0.0,28.0,26395.0,20204.0,0.0,0.010000000000000009,0.48999999999999977,0.5,2.6900000000000013,47.80000000000001,90.19999999999993,7.0,14.5,2.0,1.0,6.0,3.0
569,Cristian,Romero,Romero,a,,,5.0,251,39.0,3.9,88,31.0,4.4,50.0,22.0,8,0,0.0,0,0.0,19201,3714,0.9,16.2,4.4,4.4,4.5,35.0,17.0,100.0,100.0,33.0,14.0,200.0,51.0,105.0,15.0,83.0,18.0,,,,,,,,0.07,0.07,0.14,1.34,0.0,0.29,1.34,0.99,9.72,22,8.0,90.0,1.0,0.0,0.0,2.0,0.0,0.0,0.0,1.0,0.0,0.0,1.0,0.0,14.0,23247.0,5366.0,0.0,0.16999999999999993,0.11999999999999988,0.29000000000000004,2.6900000000000013,56.80000000000001,11.700000000000003,33.0,10.200000000000003,2.0,9.0,5.0,11.0
172,Tom,Watson,Watson,a,,,4.8,369,232.0,0.0,624,247.0,0.4,342.0,152.0,0,0,0.0,-2,2.0,36,34,0.1,1.0,0.4,0.4,0.8,486.0,230.0,100.0,100.0,446.0,204.0,432.0,209.0,398.0,196.0,454.0,208.0,,,,,,,,0.06,0.05,0.11,2.72,0.0,0.0,3.16,0.0,7.89,22,0.0,0.0,0.0,0.0,0.0,0.0,0.0,0.0,0.0,0.0,0.0,0.0,0.0,0.0,0.0,47.0,41.0,0.0,0.0,0.0,0.0,0.0,0.0,0.0,0.0,0.0,0.0,0.0,0.0,0.0
173,Mats,Wieffer,Wieffer,i,Toe Injury - Unknown return date,,4.9,329,204.0,0.2,395,133.0,0.2,388.0,177.0,0,0,0.0,-1,1.0,20,1142,0.0,11.8,0.0,0.0,3.6,115.0,51.0,0.0,0.0,129.0,45.0,92.0,69.0,153.0,91.0,115.0,62.0,,,,,,,,0.09,0.11,0.2,1.25,0.0,0.23,1.3,0.99,14.05,22,0.0,0.0,0.0,0.0,0.0,0.0,0.0,0.0,0.0,0.0,0.0,0.0,0.0,0.0,0.0,22.0,2015.0,0.0,0.0,0.0,0.0,0.0,0.0,0.0,0.0,0.0,0.0,0.0,0.0,0.0
376,Joe,Gomez,Gomez,a,,,4.9,293,47.0,0.1,409,150.0,0.4,343.0,129.0,0,0,0.0,-1,1.0,252,273,0.1,5.1,0.9,0.9,2.5,254.0,98.0,100.0,100.0,355.0,135.0,298.0,98.0,354.0,120.0,363.0,130.0,,,,,,,,0.07,0.19,0.26,1.15,0.0,0.73,1.83,1.1,6.95,22,0.0,0.0,0.0,0.0,0.0,0.0,0.0,0.0,0.0,0.0,0.0,0.0,0.0,0.0,0.0,403.0,312.0,0.0,0.0,0.0,0.0,0.0,0.0,0.0,0.0,0.0,0.0,0.0,0.0,0.0
377,Konstantinos,Tsimikas,Tsimikas,u,has joined AS Roma on loan for the rest of the season.,,4.8,354,59.0,0.0,581,211.0,0.0,689.0,249.0,0,0,0.0,-2,2.0,0,7,0.0,0.0,0.0,0.0,0.0,738.0,256.0,0.0,0.0,738.0,256.0,733.0,256.0,721.0,255.0,738.0,256.0,,,,,,,,0.0,0.0,0.0,0.0,0.0,0.0,0.0,0.0,0.0,22,0.0,0.0,0.0,0.0,0.0,0.0,0.0,0.0,0.0,0.0,0.0,0.0,0.0,0.0,0.0,0.0,8.0,0.0,0.0,0.0,0.0,0.0,0.0,0.0,0.0,0.0,0.0,0.0,0.0,0.0
378,Amara,Nallo,Nallo,a,,,3.7,801,262.0,1.0,184,72.0,0.0,401.0,145.0,0,0,0.0,-3,3.0,11707,4712,0.0,0.0,0.5,0.5,0.0,491.0,172.0,100.0,100.0,480.0,171.0,470.0,170.0,431.0,159.0,483.0,171.0,,,,,,,,0.0,0.0,0.0,0.0,0.0,0.0,0.0,0.0,0.0,22,0.0,0.0,0.0,0.0,0.0,0.0,0.0,0.0,0.0,0.0,0.0,0.0,0.0,0.0,0.0,15607.0,5940.0,0.0,0.0,0.0,0.0,0.0,0.0,0.0,0.0,0.0,0.0,0.0,0.0,0.0
379,Rhys,Williams,R.Williams,a,,,3.8,773,235.0,0.2,355,130.0,0.0,406.0,149.0,0,0,0.0,-2,2.0,83,260,0.0,0.0,0.5,0.5,0.0,494.0,174.0,,,484.0,174.0,474.0,173.0,435.0,162.0,487.0,174.0,,,,,,,,0.0,0.0,0.0,0.0,0.0,0.0,0.0,0.0,0.0,22,0.0,0.0,0.0,0.0,0.0,0.0,0.0,0.0,0.0,0.0,0.0,0.0,0.0,0.0,0.0,105.0,329.0,0.0,0.0,0.0,0.0,0.0,0.0,0.0,0.0,0.0,0.0,0.0,0.0,0.0
381,Mohamed,Salah,M.Salah,a,,,14.0,2,1.0,14.2,23,9.0,0.0,801.0,360.0,0,0,0.0,-5,5.0,9293,5821,0.0,4.6,0.5,0.0,4.6,31.0,16.0,100.0,0.0,148.0,54.0,18.0,17.0,26.0,13.0,27.0,22.0,,4.0,1.0,,,,,0.35,0.18,0.53,1.26,0.0,0.3,1.6,0.91,3.58,22,0.0,0.0,0.0,0.0,0.0,0.0,0.0,0.0,0.0,0.0,0.0,0.0,0.0,0.0,0.0,9378.0,8161.0,0.0,0.0,0.0,0.0,0.0,0.0,0.0,0.0,0.0,0.0,0.0,0.0,0.0
382,Florian,Wirtz,Wirtz,a,,,8.3,13,8.0,12.6,33,11.0,7.2,7.0,3.0,10,1,-1.0,-2,2.0,133109,18488,0.9,9.8,7.7,7.7,3.9,81.0,40.0,100.0,100.0,116.0,41.0,7.0,7.0,23.0,10.0,14.0,12.0,4.0,,,,,,,0.27,0.2,0.47,1.06,0.0,0.42,1.02,1.02,6.51,22,10.0,90.0,1.0,0.0,0.0,1.0,0.0,0.0,0.0,0.0,0.0,0.0,1.0,3.0,33.0,173795.0,23528.0,0.0,0.5199999999999996,0.5899999999999999,1.1100000000000003,0.3999999999999986,53.80000000000001,49.39999999999998,63.0,16.599999999999994,0.0,1.0,1.0,2.0
383,Luis,Díaz Marulanda,Luis Díaz,u,Has joined Bayern Munch permanently.,,8.0,15,10.0,0.0,594,226.0,0.0,797.0,357.0,0,0,0.0,0,0.0,0,6,0.0,0.0,0.0,0.0,0.0,800.0,359.0,0.0,0.0,800.0,359.0,800.0,359.0,800.0,359.0,800.0,359.0,,,,,,,,0.0,0.0,0.0,0.0,0.0,0.0,0.0,0.0,0.0,22,0.0,0.0,0.0,0.0,0.0,0.0,0.0,0.0,0.0,0.0,0.0,0.0,0.0,0.0,0.0,0.0,6.0,0.0,0.0,0.0,0.0,0.0,0.0,0.0,0.0,0.0,0.0,0.0,0.0,0.0
385,Federico,Chiesa,Chiesa,d,Knock - 75% chance of playing,,6.3,67,45.0,0.3,315,104.0,1.0,289.0,130.0,1,0,0.0,-2,2.0,108,728,0.2,4.4,1.1,1.5,1.8,354.0,154.0,75.0,100.0,303.0,136.0,342.0,181.0,196.0,107.0,310.0,150.0,,,,,,,,0.46,0.19,0.65,1.72,0.0,0.0,2.35,0.39,9.78,22,1.0,3.0,0.0,0.0,0.0,0.0,0.0,0.0,0.0,0.0,0.0,0.0,0.0,0.0,3.0,153.0,1086.0,0.0,0.0,0.0,0.0,0.08999999999999986,0.0,0.29999999999999716,2.0,0.09999999999999787,0.0,0.0,0.0,0.0
386,Alexis,Mac Allister,Mac Allister,a,,,6.2,74,48.0,1.3,167,57.0,1.6,240.0,106.0,1,0,0.0,-3,3.0,828,3165,0.3,7.3,2.1,2.1,2.1,311.0,138.0,100.0,100.0,204.0,86.0,69.0,56.0,110.0,65.0,116.0,63.0,,,3.0,,,,,0.13,0.07,0.2,1.07,0.0,0.32,1.22,1.09,7.47,22,1.0,12.0,0.0,0.0,0.0,0.0,0.0,0.0,0.0,0.0,0.0,0.0,0.0,0.0,3.0,1318.0,4114.0,0.0,0.25,0.09000000000000008,0.33999999999999986,0.09000000000000341,9.0,15.600000000000023,16.0,4.100000000000001,0.0,1.0,2.0,3.0
387,Dominik,Szoboszlai,Szoboszlai,a,,,6.6,49,31.0,4.9,76,26.0,1.6,242.0,107.0,0,0,0.0,1,-1.0,20659,23532,0.2,10.8,2.1,2.1,3.4,137.0,60.0,100.0,100.0,61.0,16.0,2.0,2.0,70.0,44.0,13.0,11.0,2.0,2.0,,,,,,0.16,0.15,0.31,1.1,0.0,0.33,1.34,1.0,8.99,22,0.0,90.0,0.0,0.0,0.0,1.0,0.0,0.0,1.0,0.0,0.0,0.0,1.0,0.0,13.0,33980.0,27162.0,0.0,0.94,0.3799999999999999,1.3200000000000003,0.3999999999999986,13.600000000000023,42.80000000000007,32.0,8.799999999999983,0.0,0.0,4.0,4.0
220,Robert,Lynch Sánchez,Sánchez,a,,,4.9,306,13.0,13.6,27,3.0,3.6,89.0,7.0,11,0,0.0,-1,1.0,46021,11734,0.7,17.3,3.6,3.6,4.0,71.0,5.0,100.0,100.0,34.0,10.0,310.0,1.0,734.0,82.0,178.0,7.0,,,,,,,,0.0,0.0,0.0,1.41,2.69,0.45,1.15,1.05,0.0,22,11.0,90.0,0.0,0.0,1.0,0.0,0.0,0.0,0.0,0.0,0.0,6.0,1.0,3.0,36.0,52984.0,20863.0,0.0,0.0,0.0,0.0,1.5200000000000031,45.39999999999998,0.0,0.0,4.5,0.0,0.0,14.0,0.0
221,Filip,Jörgensen,Jörgensen,d,Knock - 75% chance of playing,,4.3,595,29.0,0.2,382,56.0,0.4,332.0,25.0,0,0,0.0,-2,2.0,145,401,0.1,0.7,0.3,0.4,1.5,384.0,30.0,75.0,,411.0,30.0,615.0,78.0,587.0,65.0,442.0,30.0,,,,,,,,0.0,0.0,0.0,1.44,1.55,0.0,1.55,0.52,0.0,22,0.0,0.0,0.0,0.0,0.0,0.0,0.0,0.0,0.0,0.0,0.0,0.0,0.0,0.0,0.0,237.0,520.0,0.0,0.0,0.0,0.0,0.0,0.0,0.0,0.0,0.0,0.0,0.0,0.0,0.0
222,Mike,Penders,Penders,u,Has joined RC Strasbourg on loan for the rest of the season.,,4.0,693,61.0,0.0,770,87.0,0.0,505.0,74.0,0,0,0.0,0,0.0,0,1,0.0,0.0,0.0,0.0,0.0,589.0,79.0,0.0,0.0,578.0,79.0,573.0,68.0,539.0,53.0,581.0,79.0,,,,,,,,0.0,0.0,0.0,0.0,0.0,0.0,0.0,0.0,0.0,22,0.0,0.0,0.0,0.0,0.0,0.0,0.0,0.0,0.0,0.0,0.0,0.0,0.0,0.0,0.0,0.0,1.0,0.0,0.0,0.0,0.0,0.0,0.0,0.0,0.0,0.0,0.0,0.0,0.0,0.0
223,Gabriel,Słonina,Slonina,a,,,3.9,745,79.0,0.1,443,68.0,0.0,445.0,43.0,0,0,0.0,-1,1.0,46,132,0.0,0.0,0.0,0.0,0.0,530.0,48.0,,,520.0,48.0,513.0,35.0,476.0,20.0,523.0,48.0,,,,,,,,0.0,0.0,0.0,0.0,0.0,0.0,0.0,0.0,0.0,22,0.0,0.0,0.0,0.0,0.0,0.0,0.0,0.0,0.0,0.0,0.0,0.0,0.0,0.0,0.0,80.0,161.0,0.0,0.0,0.0,0.0,0.0,0.0,0.0,0.0,0.0,0.0,0.0,0.0,0.0
224,Marc,Cucurella Saseta,Cucurella,a,,,6.0,84,3.0,16.0,21,7.0,0.8,304.0,110.0,5,0,0.0,0,0.0,18245,15354,0.1,12.3,0.8,0.8,3.7,106.0,41.0,100.0,100.0,117.0,49.0,55.0,10.0,184.0,41.0,94.0,24.0,,,,,,,,0.03,0.11,0.14,1.35,0.0,0.5,1.06,1.06,6.41,22,5.0,90.0,0.0,0.0,1.0,0.0,0.0,0.0,0.0,1.0,0.0,0.0,1.0,0.0,24.0,24674.0,24507.0,0.0,0.0,0.009999999999999787,0.009999999999999787,1.5199999999999996,17.400000000000034,1.8000000000000114,0.0,1.8999999999999915,1.0,7.0,3.0,8.0
225,Reece,James,James,a,,,5.7,118,11.0,10.6,42,14.0,3.2,121.0,44.0,7,0,0.0,2,-2.0,38117,21953,0.6,15.8,3.2,2.4,4.3,53.0,24.0,100.0,75.0,72.0,31.0,36.0,2.0,228.0,60.0,67.0,12.0,2.0,2.0,,,,,,0.05,0.13,0.18,1.45,0.0,0.37,1.0,0.93,6.23,22,7.0,84.0,0.0,0.0,1.0,0.0,0.0,0.0,0.0,0.0,0.0,0.0,1.0,1.0,31.0,40158.0,63084.0,0.0,0.0,0.009999999999999787,0.009999999999999787,1.3599999999999994,10.0,5.2999999999999545,0.0,1.5,2.0,6.0,3.0,8.0
584,Mathys,Tel,Tel,a,,,6.2,79,52.0,0.2,363,121.0,3.0,144.0,61.0,2,0,0.0,-3,3.0,2220,1411,0.5,7.1,3.0,3.0,2.9,206.0,90.0,,,271.0,120.0,210.0,133.0,164.0,95.0,255.0,124.0,4.0,,4.0,,,,,0.14,0.09,0.23,1.13,0.0,0.17,1.55,1.03,7.41,22,2.0,61.0,0.0,0.0,0.0,1.0,0.0,0.0,0.0,0.0,0.0,0.0,1.0,0.0,8.0,4386.0,1789.0,0.0,0.19000000000000006,0.020000000000000018,0.19999999999999996,1.5499999999999998,3.5999999999999943,22.299999999999997,24.0,5.0,2.0,0.0,2.0,4.0
585,Rodrigo,Bentancur,Bentancur,i,Hamstring injury - Unknown return date,,5.3,188,117.0,0.2,365,122.0,3.0,141.0,58.0,0,0,0.0,-2,2.0,12,1421,0.6,12.1,0.0,0.0,3.2,158.0,67.0,0.0,0.0,160.0,59.0,148.0,102.0,227.0,126.0,185.0,98.0,,,,,,,,0.03,0.04,0.07,1.32,0.0,0.32,1.34,1.09,13.24,22,0.0,0.0,0.0,0.0,0.0,0.0,0.0,0.0,0.0,0.0,0.0,0.0,0.0,0.0,0.0,13.0,2418.0,0.0,0.0,0.0,0.0,0.0,0.0,0.0,0.0,0.0,0.0,0.0,0.0,0.0
226,Trevoh,Chalobah,Chalobah,a,,,5.6,128,14.0,19.1,18,6.0,3.2,120.0,43.0,8,1,-1.0,6,-6.0,158940,19755,0.6,19.6,3.2,3.2,5.2,11.0,4.0,100.0,100.0,20.0,7.0,244.0,71.0,141.0,26.0,92.0,23.0,,,,,,,,0.06,0.03,0.09,1.31,0.0,0.44,1.13,1.03,8.75,22,8.0,90.0,0.0,0.0,1.0,0.0,0.0,0.0,0.0,0.0,0.0,0.0,1.0,0.0,27.0,183547.0,36516.0,0.0,0.0,0.0,0.0,1.5199999999999996,21.599999999999966,0.4000000000000057,0.0,2.200000000000003,2.0,9.0,3.0,11.0
227,Levi,Samuels Colwill,Colwill,i,Anterior cruciate ligament - Unknown return date,,4.7,382,66.0,0.1,460,168.0,0.0,684.0,248.0,0,0,0.0,-3,3.0,8,44,0.0,0.0,0.0,0.0,0.0,735.0,255.0,0.0,0.0,735.0,255.0,730.0,255.0,717.0,254.0,735.0,255.0,,,,,,,,0.0,0.0,0.0,0.0,0.0,0.0,0.0,0.0,0.0,22,0.0,0.0,0.0,0.0,0.0,0.0,0.0,0.0,0.0,0.0,0.0,0.0,0.0,0.0,0.0,17.0,49.0,0.0,0.0,0.0,0.0,0.0,0.0,0.0,0.0,0.0,0.0,0.0,0.0,0.0
388,Curtis,Jones,C.Jones,a,,,5.4,166,103.0,0.1,423,141.0,3.0,142.0,59.0,5,0,0.0,-1,1.0,479,620,0.6,7.2,3.5,3.5,2.1,310.0,137.0,100.0,100.0,207.0,87.0,67.0,54.0,208.0,117.0,145.0,80.0,,,,,,,,0.08,0.17,0.25,1.28,0.0,0.17,1.63,0.86,9.77,22,5.0,86.0,0.0,1.0,0.0,1.0,0.0,0.0,0.0,0.0,0.0,0.0,1.0,0.0,21.0,547.0,1030.0,0.0,0.14,0.1599999999999997,0.2999999999999998,0.29999999999999893,26.400000000000006,35.79999999999998,21.0,8.299999999999997,1.0,2.0,6.0,9.0
595,Callum,Olusesi,Olusesi,a,,,4.3,592,345.0,0.2,366,123.0,0.0,558.0,191.0,0,0,0.0,-2,2.0,197,215,0.0,0.0,0.0,0.0,0.0,626.0,235.0,,,616.0,226.0,613.0,231.0,585.0,219.0,619.0,228.0,,,,,,,,0.0,0.0,0.0,0.0,0.0,0.0,0.0,0.0,0.0,22,0.0,0.0,0.0,0.0,0.0,0.0,0.0,0.0,0.0,0.0,0.0,0.0,0.0,0.0,0.0,252.0,274.0,0.0,0.0,0.0,0.0,0.0,0.0,0.0,0.0,0.0,0.0,0.0,0.0,0.0
596,Dominic,Solanke-Mitchell,Solanke,a,,,7.2,31,11.0,0.9,191,29.0,0.2,400.0,47.0,1,0,0.0,-3,3.0,6521,678,0.0,0.4,0.2,0.2,1.0,480.0,57.0,100.0,100.0,433.0,47.0,455.0,55.0,334.0,51.0,432.0,52.0,,,2.0,,,,,0.31,0.0,0.31,2.07,0.0,0.0,1.53,0.0,9.15,22,1.0,28.0,0.0,0.0,0.0,1.0,0.0,0.0,0.0,0.0,0.0,0.0,0.0,0.0,9.0,7333.0,765.0,0.0,0.0,0.0,0.0,1.1400000000000001,7.0,0.10000000000000003,2.0,0.8999999999999999,2.0,0.0,1.0,3.0
233,Josh,Acheampong,Acheampong,a,,,3.8,797,259.0,1.3,166,65.0,0.8,291.0,105.0,1,0,0.0,-2,2.0,1753,2656,0.2,8.2,0.8,0.8,3.4,125.0,47.0,100.0,100.0,304.0,114.0,359.0,129.0,262.0,74.0,333.0,113.0,,,,,,,,0.11,0.02,0.13,2.27,0.0,0.38,1.71,1.14,6.09,22,1.0,5.0,0.0,0.0,0.0,0.0,0.0,0.0,0.0,0.0,0.0,0.0,0.0,0.0,3.0,3264.0,3527.0,0.0,0.0,0.0,0.0,0.15000000000000036,2.0,0.0,0.0,0.20000000000000284,1.0,0.0,0.0,1.0
234,Aarón,Anselmino,Anselmino,u,has joined Borussia Dortmund on loan for the rest of the season.,,4.0,713,203.0,0.1,564,204.0,0.0,523.0,217.0,0,0,0.0,0,0.0,0,7,0.0,0.0,0.0,0.0,0.0,606.0,237.0,0.0,0.0,595.0,236.0,590.0,237.0,556.0,231.0,598.0,236.0,,,,,,,,0.0,0.0,0.0,0.0,0.0,0.0,0.0,0.0,0.0,22,0.0,0.0,0.0,0.0,0.0,0.0,0.0,0.0,0.0,0.0,0.0,0.0,0.0,0.0,0.0,0.0,9.0,0.0,0.0,0.0,0.0,0.0,0.0,0.0,0.0,0.0,0.0,0.0,0.0,0.0
390,Ryan,Gravenberch,Gravenberch,a,,,5.7,120,76.0,6.1,67,23.0,4.6,41.0,18.0,2,0,0.0,2,-2.0,10026,38420,0.8,16.8,5.1,5.1,4.8,25.0,11.0,100.0,100.0,45.0,11.0,62.0,49.0,171.0,100.0,63.0,42.0,,,,,,,,0.06,0.07,0.13,0.97,0.0,0.36,1.18,1.02,9.27,22,2.0,77.0,0.0,0.0,0.0,1.0,0.0,0.0,0.0,0.0,0.0,0.0,1.0,0.0,21.0,16870.0,47022.0,0.0,0.17999999999999994,0.1399999999999999,0.31999999999999984,0.3000000000000007,20.599999999999966,18.69999999999999,7.0,4.6000000000000085,2.0,3.0,6.0,11.0
750,James,Rowswell,Rowswell,a,,,4.0,681,176.0,0.0,660,230.0,0.0,494.0,193.0,0,0,0.0,0,0.0,54,61,0.0,0.0,0.0,0.0,0.0,579.0,215.0,,,568.0,214.0,563.0,215.0,528.0,208.0,571.0,214.0,,,,,,,,0.0,0.0,0.0,0.0,0.0,0.0,0.0,0.0,0.0,22,0.0,0.0,0.0,0.0,0.0,0.0,0.0,0.0,0.0,0.0,0.0,0.0,0.0,0.0,0.0,79.0,72.0,0.0,0.0,0.0,0.0,0.0,0.0,0.0,0.0,0.0,0.0,0.0,0.0,0.0
751,Yusuf,Akhamrich,Akhamrich,a,,,4.5,479,295.0,0.0,748,322.0,0.0,657.0,257.0,0,0,0.0,0,0.0,8,17,0.0,0.0,0.0,0.0,0.0,713.0,296.0,,,712.0,295.0,707.0,295.0,690.0,290.0,712.0,295.0,,,,,,,,0.0,0.0,0.0,0.0,0.0,0.0,0.0,0.0,0.0,22,0.0,0.0,0.0,0.0,0.0,0.0,0.0,0.0,0.0,0.0,0.0,0.0,0.0,0.0,0.0,17.0,20.0,0.0,0.0,0.0,0.0,0.0,0.0,0.0,0.0,0.0,0.0,0.0,0.0,0.0
790,Lucá,Williams-Barnett,Williams-Barnett,a,,,4.5,492,305.0,0.0,781,344.0,0.0,668.0,266.0,0,0,0.0,0,0.0,35,16,0.0,0.0,0.0,0.0,0.0,723.0,304.0,,,723.0,304.0,718.0,304.0,701.0,299.0,723.0,304.0,,,,,,,,0.0,0.0,0.0,0.0,0.0,0.0,0.0,0.0,0.0,22,0.0,0.0,0.0,0.0,0.0,0.0,0.0,0.0,0.0,0.0,0.0,0.0,0.0,0.0,0.0,50.0,18.0,0.0,0.0,0.0,0.0,0.0,0.0,0.0,0.0,0.0,0.0,0.0,0.0,0.0
235,Cole,Palmer,Palmer,d,Muscle injury - 75% chance of playing,,10.4,3,2.0,12.2,35,13.0,4.2,63.0,27.0,9,0,0.0,-1,1.0,75690,25015,0.4,4.3,3.2,3.2,3.8,94.0,45.0,75.0,75.0,214.0,91.0,190.0,125.0,79.0,49.0,175.0,93.0,,1.0,1.0,,,,,0.42,0.05,0.47,1.75,0.0,0.24,1.2,1.2,7.53,22,9.0,90.0,1.0,0.0,1.0,0.0,0.0,0.0,0.0,1.0,0.0,0.0,1.0,0.0,21.0,79822.0,49859.0,0.0,0.8199999999999998,0.020000000000000018,0.8399999999999999,1.5200000000000014,36.400000000000006,4.299999999999997,22.0,6.299999999999997,1.0,3.0,8.0,12.0
392,Endo,Wataru,Endo,a,,,4.9,290,180.0,0.1,492,173.0,0.0,697.0,287.0,0,0,0.0,-1,1.0,86,45,0.0,1.4,0.5,0.5,1.4,398.0,179.0,100.0,100.0,406.0,180.0,393.0,196.0,729.0,314.0,431.0,195.0,,,,,,,,0.0,0.0,0.0,4.14,0.0,0.0,8.37,0.0,14.65,22,0.0,0.0,0.0,0.0,0.0,0.0,0.0,0.0,0.0,0.0,0.0,0.0,0.0,0.0,0.0,104.0,51.0,0.0,0.0,0.0,0.0,0.0,0.0,0.0,0.0,0.0,0.0,0.0,0.0,0.0
393,Stefan,Bajčetić Maquieira,Bajcetic,i,Hamstring injury - Unknown return date,,4.3,597,346.0,0.0,622,245.0,0.0,561.0,192.0,0,0,0.0,-2,2.0,22,39,0.0,0.0,0.0,0.0,0.0,629.0,236.0,0.0,0.0,619.0,227.0,617.0,232.0,589.0,220.0,622.0,229.0,,,,,,,,0.0,0.0,0.0,0.0,0.0,0.0,0.0,0.0,0.0,22,0.0,0.0,0.0,0.0,0.0,0.0,0.0,0.0,0.0,0.0,0.0,0.0,0.0,0.0,0.0,29.0,50.0,0.0,0.0,0.0,0.0,0.0,0.0,0.0,0.0,0.0,0.0,0.0,0.0,0.0
394,James,McConnell,McConnell,u,has joined Ajax on loan for the rest of the season.,,4.4,537,321.0,0.0,666,274.0,0.0,585.0,205.0,0,0,0.0,-1,1.0,0,6,0.0,0.0,0.0,0.0,0.0,649.0,249.0,0.0,0.0,640.0,241.0,638.0,246.0,613.0,235.0,643.0,243.0,,,,,,,,0.0,0.0,0.0,0.0,0.0,0.0,0.0,0.0,0.0,22,0.0,0.0,0.0,0.0,0.0,0.0,0.0,0.0,0.0,0.0,0.0,0.0,0.0,0.0,0.0,0.0,9.0,0.0,0.0,0.0,0.0,0.0,0.0,0.0,0.0,0.0,0.0,0.0,0.0,0.0
395,Tyler,Morton,Morton,u,Has joined Lyon permanently.,,4.5,421,253.0,0.0,777,342.0,0.0,617.0,224.0,0,0,0.0,0,0.0,0,2,0.0,0.0,0.0,0.0,0.0,676.0,265.0,0.0,0.0,670.0,260.0,668.0,263.0,647.0,255.0,673.0,262.0,,,,,,,,0.0,0.0,0.0,0.0,0.0,0.0,0.0,0.0,0.0,22,0.0,0.0,0.0,0.0,0.0,0.0,0.0,0.0,0.0,0.0,0.0,0.0,0.0,0.0,0.0,0.0,2.0,0.0,0.0,0.0,0.0,0.0,0.0,0.0,0.0,0.0,0.0,0.0,0.0,0.0
396,Trey,Nyoni,Nyoni,a,,,4.3,606,353.0,0.3,291,97.0,0.2,361.0,158.0,0,0,0.0,-2,2.0,106,593,0.0,0.5,0.7,0.7,1.0,441.0,196.0,,,464.0,215.0,398.0,199.0,595.0,226.0,459.0,213.0,,,,,,,,0.0,0.0,0.0,0.0,0.0,0.0,0.0,0.0,0.0,22,0.0,0.0,0.0,0.0,0.0,0.0,0.0,0.0,0.0,0.0,0.0,0.0,0.0,0.0,0.0,139.0,841.0,0.0,0.0,0.0,0.0,0.0,0.0,0.0,0.0,0.0,0.0,0.0,0.0,0.0
397,Darwin,Núñez Ribeiro,Darwin,u,Has joined Al-Hilal permanently.,,6.5,52,18.0,0.1,536,75.0,0.0,791.0,84.0,0,0,0.0,0,0.0,0,11,0.0,0.0,0.0,0.0,0.0,796.0,87.0,0.0,0.0,796.0,87.0,796.0,87.0,796.0,87.0,796.0,87.0,,,,,,,,0.0,0.0,0.0,0.0,0.0,0.0,0.0,0.0,0.0,22,0.0,0.0,0.0,0.0,0.0,0.0,0.0,0.0,0.0,0.0,0.0,0.0,0.0,0.0,0.0,0.0,12.0,0.0,0.0,0.0,0.0,0.0,0.0,0.0,0.0,0.0,0.0,0.0,0.0,0.0
398,Jayden,Danns,Danns,i,Hamstring injury - Unknown return date,,4.3,593,81.0,0.1,462,66.0,0.0,559.0,53.0,0,0,0.0,-2,2.0,48,74,0.0,0.0,0.0,0.0,0.0,627.0,63.0,0.0,0.0,617.0,63.0,614.0,62.0,586.0,62.0,620.0,63.0,,,,,,,,0.0,0.0,0.0,0.0,0.0,0.0,0.0,0.0,0.0,22,0.0,0.0,0.0,0.0,0.0,0.0,0.0,0.0,0.0,0.0,0.0,0.0,0.0,0.0,0.0,54.0,99.0,0.0,0.0,0.0,0.0,0.0,0.0,0.0,0.0,0.0,0.0,0.0,0.0,0.0
499,Alexander,Isak,Isak,i,Ankle injury - Unknown return date,,10.3,4,2.0,3.7,93,16.0,0.0,800.0,88.0,0,0,0.0,-2,2.0,77,2613,0.0,2.8,0.0,0.0,2.9,209.0,20.0,0.0,0.0,320.0,31.0,337.0,41.0,142.0,34.0,302.0,36.0,,,,,,,,0.37,0.01,0.38,0.92,0.0,0.18,1.26,1.08,4.13,22,0.0,0.0,0.0,0.0,0.0,0.0,0.0,0.0,0.0,0.0,0.0,0.0,0.0,0.0,0.0,90.0,3304.0,0.0,0.0,0.0,0.0,0.0,0.0,0.0,0.0,0.0,0.0,0.0,0.0,0.0
760,Wellity,Lucky,Lucky,a,,,4.0,690,182.0,0.0,717,246.0,0.0,502.0,198.0,0,0,0.0,0,0.0,28,57,0.0,0.0,0.5,0.5,0.0,587.0,220.0,,,576.0,219.0,571.0,220.0,536.0,213.0,579.0,219.0,,,,,,,,0.0,0.0,0.0,0.0,0.0,0.0,0.0,0.0,0.0,22,0.0,0.0,0.0,0.0,0.0,0.0,0.0,0.0,0.0,0.0,0.0,0.0,0.0,0.0,0.0,43.0,65.0,0.0,0.0,0.0,0.0,0.0,0.0,0.0,0.0,0.0,0.0,0.0,0.0,0.0
260,Marc,Guéhi,Guéhi,a,,,5.2,206,28.0,37.8,3,1.0,2.4,184.0,70.0,0,-1,1.0,7,-7.0,66196,229657,0.5,20.2,2.9,0.7,5.2,10.0,3.0,100.0,25.0,28.0,11.0,168.0,41.0,87.0,9.0,68.0,13.0,,,,,,,,0.1,0.08,0.18,1.38,0.0,0.35,1.15,1.0,8.2,22,0.0,0.0,0.0,0.0,0.0,0.0,0.0,0.0,0.0,0.0,0.0,0.0,0.0,0.0,0.0,80758.0,311312.0,0.0,0.0,0.0,0.0,0.0,0.0,0.0,0.0,0.0,0.0,0.0,0.0,0.0
399,Ederson,Santana de Moraes,Ederson M.,u,has joined Fenerbache permanently.,,5.3,183,5.0,0.8,197,25.0,0.0,750.0,91.0,0,0,0.0,-2,2.0,0,205,0.0,0.0,0.0,0.0,0.0,775.0,91.0,0.0,0.0,775.0,91.0,774.0,90.0,769.0,87.0,775.0,91.0,,,,,,,,0.0,0.0,0.0,0.0,0.0,0.0,0.0,0.0,0.0,22,0.0,0.0,0.0,0.0,0.0,0.0,0.0,0.0,0.0,0.0,0.0,0.0,0.0,0.0,0.0,0.0,248.0,0.0,0.0,0.0,0.0,0.0,0.0,0.0,0.0,0.0,0.0,0.0,0.0,0.0
406,Abdukodir,Khusanov,Khusanov,a,,,5.4,181,22.0,0.3,288,110.0,1.2,274.0,99.0,3,0,0.0,-1,1.0,4848,1241,0.2,3.3,1.7,1.7,2.2,294.0,110.0,100.0,100.0,322.0,124.0,376.0,137.0,781.0,262.0,377.0,134.0,,,,,,,,0.0,0.01,0.01,1.53,0.0,0.19,0.96,0.96,9.02,22,3.0,90.0,0.0,0.0,0.0,2.0,0.0,0.0,0.0,0.0,0.0,0.0,1.0,0.0,15.0,5467.0,1410.0,0.0,0.0,0.030000000000000006,0.030000000000000006,2.2700000000000005,26.39999999999999,6.700000000000001,0.0,3.299999999999999,2.0,13.0,3.0,15.0
407,Matheus,Nunes,Matheus N.,d,Illness - 75% chance of playing,,5.5,150,17.0,3.9,91,34.0,3.6,92.0,34.0,0,0,0.0,0,0.0,7173,86894,0.7,17.1,3.1,4.1,4.9,19.0,8.0,75.0,,51.0,24.0,90.0,21.0,287.0,89.0,97.0,27.0,,,4.0,,,,,0.01,0.07,0.08,1.07,0.0,0.4,0.91,0.97,7.49,22,0.0,0.0,0.0,0.0,0.0,0.0,0.0,0.0,0.0,0.0,0.0,0.0,0.0,0.0,0.0,15435.0,97335.0,0.0,0.0,0.0,0.0,0.0,0.0,0.0,0.0,0.0,0.0,0.0,0.0,0.0
408,Rúben,dos Santos Gato Alves Dias,Rúben,i,Hamstring injury - Expected back 11 Feb,,5.6,127,13.0,3.9,87,30.0,2.8,152.0,58.0,0,0,0.0,1,-1.0,96,45600,0.5,17.0,0.0,0.0,4.8,23.0,11.0,0.0,0.0,38.0,17.0,226.0,64.0,215.0,55.0,125.0,42.0,,,,,,,,0.03,0.03,0.06,1.04,0.0,0.53,0.84,1.0,6.97,22,0.0,0.0,0.0,0.0,0.0,0.0,0.0,0.0,0.0,0.0,0.0,0.0,0.0,0.0,0.0,127.0,71367.0,0.0,0.0,0.0,0.0,0.0,0.0,0.0,0.0,0.0,0.0,0.0,0.0,0.0
409,John,Stones,Stones,i,Thigh injury - Unknown return date,,5.4,157,18.0,0.6,238,89.0,0.0,759.0,258.0,0,0,0.0,-1,1.0,13,506,0.0,2.2,0.0,0.0,1.7,364.0,138.0,0.0,0.0,345.0,130.0,375.0,136.0,429.0,158.0,392.0,140.0,,,,,,,,0.0,0.02,0.02,1.29,0.0,0.26,2.05,1.03,4.87,22,0.0,0.0,0.0,0.0,0.0,0.0,0.0,0.0,0.0,0.0,0.0,0.0,0.0,0.0,0.0,18.0,598.0,0.0,0.0,0.0,0.0,0.0,0.0,0.0,0.0,0.0,0.0,0.0,0.0,0.0
410,Rico,Lewis,Lewis,a,,,4.6,392,69.0,1.3,165,64.0,0.2,379.0,142.0,0,0,0.0,-4,4.0,1003,1594,0.0,4.1,0.7,0.7,1.9,327.0,127.0,100.0,100.0,360.0,137.0,218.0,61.0,300.0,96.0,327.0,109.0,,,,,,,,0.03,0.38,0.41,1.46,0.0,0.29,1.45,0.87,5.5,22,0.0,90.0,0.0,0.0,0.0,2.0,0.0,0.0,0.0,1.0,0.0,0.0,1.0,0.0,4.0,1151.0,2047.0,0.0,0.09,0.09000000000000008,0.17999999999999994,2.27,8.800000000000004,23.39999999999999,10.0,4.199999999999999,2.0,3.0,1.0,5.0
411,Nico,O'Reilly,O'Reilly,a,,,5.1,236,36.0,7.7,55,17.0,0.8,301.0,109.0,-1,-1,1.0,1,-1.0,7919,110779,0.2,15.3,1.3,1.3,3.7,102.0,38.0,100.0,100.0,94.0,41.0,81.0,20.0,91.0,10.0,77.0,16.0,,,,,,,,0.12,0.08,0.2,1.22,0.0,0.47,0.89,0.95,6.69,22,78.0,45.0,0.0,0.0,0.0,2.0,0.0,0.0,0.0,1.0,0.0,0.0,0.0,0.0,302.0,12020.0,157229.0,0.0,0.0,0.010000000000000009,0.009999999999999787,1.889999999999997,2.1999999999999886,2.5,0.0,0.5,0.0,1.0,2.0,1.0
412,Vitor,de Oliveira Nunes dos Reis,Vitor Reis,u,Has joined Girona on loan for the rest of the season.,,5.0,279,44.0,0.0,755,256.0,0.0,740.0,255.0,0,0,0.0,0,0.0,0,1,0.0,0.0,0.0,0.0,0.0,772.0,259.0,0.0,0.0,772.0,259.0,770.0,259.0,763.0,258.0,772.0,259.0,,,,,,,,0.0,0.0,0.0,0.0,0.0,0.0,0.0,0.0,0.0,22,0.0,0.0,0.0,0.0,0.0,0.0,0.0,0.0,0.0,0.0,0.0,0.0,0.0,0.0,0.0,0.0,2.0,0.0,0.0,0.0,0.0,0.0,0.0,0.0,0.0,0.0,0.0,0.0,0.0,0.0
414,Phil,Foden,Foden,a,,,8.6,10,5.0,26.6,14,4.0,2.0,214.0,93.0,1,-1,1.0,6,-6.0,11684,442615,0.2,11.7,2.5,2.5,5.0,16.0,8.0,100.0,100.0,46.0,12.0,3.0,3.0,34.0,20.0,8.0,6.0,1.0,3.0,,,,,,0.28,0.19,0.47,1.09,0.0,0.5,0.78,1.06,6.42,22,1.0,45.0,0.0,0.0,0.0,0.0,0.0,0.0,0.0,0.0,0.0,0.0,1.0,0.0,6.0,18941.0,589802.0,0.0,0.0,0.03000000000000025,0.02999999999999936,0.379999999999999,2.1999999999999886,11.0,2.0,1.5,1.0,0.0,1.0,2.0
415,Sávio,Moreira de Oliveira,Savinho,i,Thigh injury - Expected back 21 Feb,,6.9,44,26.0,0.4,263,90.0,0.4,349.0,155.0,0,0,0.0,-1,1.0,20,506,0.1,3.8,0.0,0.0,1.7,367.0,162.0,0.0,0.0,346.0,154.0,166.0,113.0,81.0,51.0,222.0,112.0,,,,,,,,0.22,0.2,0.42,1.08,0.0,0.34,0.85,0.85,7.46,22,0.0,0.0,0.0,0.0,0.0,0.0,0.0,0.0,0.0,0.0,0.0,0.0,0.0,0.0,0.0,24.0,676.0,0.0,0.0,0.0,0.0,0.0,0.0,0.0,0.0,0.0,0.0,0.0,0.0,0.0
254,Walter,Benítez,Benitez,a,,,4.0,653,45.0,0.3,313,43.0,0.0,470.0,59.0,0,0,0.0,0,0.0,269,255,0.0,0.0,0.0,0.0,0.0,555.0,64.0,100.0,100.0,545.0,64.0,539.0,52.0,503.0,37.0,548.0,64.0,,,,,,,,0.0,0.0,0.0,0.0,0.0,0.0,0.0,0.0,0.0,22,0.0,0.0,0.0,0.0,0.0,0.0,0.0,0.0,0.0,0.0,0.0,0.0,0.0,0.0,0.0,357.0,338.0,0.0,0.0,0.0,0.0,0.0,0.0,0.0,0.0,0.0,0.0,0.0,0.0,0.0
255,Remi,Matthews,Matthews,a,,,3.9,730,73.0,0.1,466,73.0,0.0,436.0,37.0,0,0,0.0,-1,1.0,40,67,0.0,0.0,0.0,0.0,0.0,521.0,42.0,,,511.0,42.0,504.0,29.0,466.0,14.0,514.0,42.0,,,,,,,,0.0,0.0,0.0,0.0,0.0,0.0,0.0,0.0,0.0,22,0.0,0.0,0.0,0.0,0.0,0.0,0.0,0.0,0.0,0.0,0.0,0.0,0.0,0.0,0.0,57.0,106.0,0.0,0.0,0.0,0.0,0.0,0.0,0.0,0.0,0.0,0.0,0.0,0.0,0.0
256,Daniel,Muñoz Mejía,Muñoz,d,Knee injury - 50% chance of playing,,5.8,106,8.0,5.9,70,24.0,0.0,781.0,262.0,0,0,0.0,3,-3.0,2316,17307,0.0,15.3,0.0,0.0,6.4,3.0,2.0,50.0,0.0,103.0,45.0,177.0,45.0,71.0,4.0,101.0,30.0,,,,,,,,0.13,0.14,0.27,1.2,0.0,0.5,0.79,1.0,7.21,22,0.0,0.0,0.0,0.0,0.0,0.0,0.0,0.0,0.0,0.0,0.0,0.0,0.0,0.0,0.0,2924.0,23203.0,0.0,0.0,0.0,0.0,0.0,0.0,0.0,0.0,0.0,0.0,0.0,0.0,0.0
257,Maxence,Lacroix,Lacroix,a,,,5.1,232,34.0,6.0,68,23.0,3.4,103.0,35.0,1,0,0.0,1,-1.0,19327,28357,0.7,19.4,3.4,3.4,4.5,36.0,18.0,,,23.0,9.0,264.0,82.0,193.0,47.0,109.0,35.0,,,,,,,,0.05,0.03,0.08,1.35,0.0,0.36,1.14,1.0,10.64,22,1.0,90.0,0.0,0.0,0.0,2.0,0.0,0.0,0.0,0.0,0.0,0.0,1.0,0.0,5.0,30387.0,33495.0,0.0,0.04999999999999982,0.0,0.050000000000000044,1.7100000000000009,12.199999999999989,0.3999999999999915,7.0,2.0,0.0,7.0,4.0,7.0
258,Tyrick,Mitchell,Mitchell,a,,,5.0,254,40.0,2.1,125,48.0,2.6,164.0,64.0,0,0,0.0,0,0.0,1926,8650,0.5,16.8,2.6,2.6,3.8,87.0,33.0,,,63.0,29.0,78.0,18.0,143.0,27.0,76.0,15.0,,,,,,,,0.04,0.06,0.1,1.35,0.0,0.36,1.14,1.0,7.11,22,0.0,90.0,0.0,0.0,0.0,2.0,0.0,0.0,0.0,1.0,0.0,0.0,1.0,0.0,302.0,3323.0,10534.0,0.0,0.17999999999999994,0.010000000000000009,0.19000000000000017,1.7100000000000009,1.8000000000000114,2.2000000000000455,4.0,0.7999999999999972,1.0,2.0,5.0,3.0
259,Borna,Sosa,Sosa,a,,,4.8,356,60.0,0.1,445,162.0,0.4,340.0,128.0,0,0,0.0,-2,2.0,108,137,0.1,0.8,0.4,0.4,1.0,463.0,165.0,100.0,100.0,452.0,164.0,395.0,145.0,412.0,153.0,447.0,161.0,,,,,,,,0.0,0.19,0.19,2.67,0.0,0.0,3.21,0.0,9.64,22,0.0,0.0,0.0,0.0,0.0,0.0,0.0,0.0,0.0,0.0,0.0,0.0,0.0,0.0,0.0,143.0,167.0,0.0,0.0,0.0,0.0,0.0,0.0,0.0,0.0,0.0,0.0,0.0,0.0,0.0
416,Bernardo,Mota Veiga de Carvalho e Silva,Bernardo,a,,,6.2,73,47.0,0.5,251,84.0,2.0,211.0,91.0,2,0,0.0,-3,3.0,926,1232,0.3,7.7,2.5,2.5,2.2,299.0,132.0,,,222.0,94.0,45.0,40.0,201.0,112.0,130.0,70.0,5.0,,,,,,,0.04,0.1,0.14,1.19,0.0,0.4,0.97,1.03,7.67,22,2.0,79.0,0.0,0.0,0.0,2.0,0.0,0.0,0.0,0.0,0.0,0.0,1.0,0.0,11.0,1177.0,1664.0,0.0,0.05999999999999994,0.020000000000000018,0.08000000000000007,2.1099999999999994,5.400000000000006,14.5,6.0,2.6000000000000014,1.0,1.0,2.0,4.0
417,Rayan,Cherki,Cherki,a,,,6.7,48,30.0,13.8,26,10.0,4.8,32.0,13.0,1,-1,1.0,2,-2.0,26569,145161,0.7,11.5,5.3,5.3,4.5,41.0,19.0,100.0,100.0,95.0,31.0,14.0,14.0,62.0,38.0,29.0,24.0,2.0,4.0,,,,,,0.18,0.57,0.75,1.3,0.0,0.41,0.92,1.02,8.6,22,1.0,45.0,0.0,0.0,0.0,2.0,0.0,0.0,0.0,0.0,0.0,0.0,0.0,0.0,6.0,39212.0,196279.0,0.0,0.0,0.2699999999999996,0.2699999999999996,1.8899999999999988,6.0,7.5,8.0,2.200000000000003,1.0,0.0,5.0,6.0
418,Jérémy,Doku,Doku,a,,,6.4,59,37.0,3.0,106,31.0,2.4,188.0,78.0,2,0,0.0,-1,1.0,10689,8042,0.4,11.1,2.9,2.9,3.7,108.0,47.0,100.0,100.0,132.0,46.0,9.0,9.0,30.0,17.0,18.0,15.0,,,3.0,,,,,0.14,0.33,0.47,1.18,0.0,0.39,1.01,1.01,6.04,22,2.0,79.0,0.0,0.0,0.0,2.0,0.0,0.0,0.0,0.0,0.0,0.0,1.0,0.0,7.0,13065.0,10956.0,0.0,0.020000000000000018,0.03000000000000025,0.04999999999999982,2.1099999999999994,4.599999999999966,7.7000000000000455,8.0,2.0,2.0,1.0,2.0,5.0
420,İlkay,Gündoğan,Gündoğan,u,has joined Galatasaray permanently.,,6.3,64,42.0,0.1,539,192.0,0.0,786.0,351.0,0,0,0.0,-2,2.0,0,17,0.0,0.0,0.0,0.0,0.0,793.0,355.0,0.0,0.0,793.0,355.0,793.0,355.0,793.0,355.0,793.0,355.0,,,,,,,,0.0,0.0,0.0,0.0,0.0,0.0,0.0,0.0,0.0,22,0.0,0.0,0.0,0.0,0.0,0.0,0.0,0.0,0.0,0.0,0.0,0.0,0.0,0.0,0.0,0.0,17.0,0.0,0.0,0.0,0.0,0.0,0.0,0.0,0.0,0.0,0.0,0.0,0.0,0.0
421,Rodrigo 'Rodri',Hernandez Cascante,Rodrigo,a,,,6.3,66,44.0,0.4,259,87.0,2.0,212.0,92.0,3,0,0.0,-2,2.0,1399,987,0.3,3.5,2.5,2.5,2.2,300.0,133.0,100.0,100.0,296.0,132.0,160.0,108.0,320.0,168.0,289.0,140.0,,,,,,,,0.02,0.13,0.15,1.46,0.0,0.17,0.99,0.99,13.09,22,3.0,90.0,0.0,0.0,0.0,2.0,0.0,0.0,0.0,1.0,0.0,0.0,1.0,0.0,19.0,1673.0,1208.0,0.0,0.0,0.10999999999999999,0.10999999999999999,2.2699999999999996,19.799999999999997,25.900000000000006,4.0,5.0,2.0,4.0,8.0,14.0
424,Oscar,Bobb,Bobb,i,Hamstring injury - Unknown return date,,5.1,237,145.0,0.2,378,129.0,0.0,746.0,324.0,0,0,0.0,-4,4.0,22,144,0.0,3.5,0.0,0.0,2.0,321.0,142.0,0.0,0.0,356.0,157.0,154.0,105.0,224.0,124.0,284.0,138.0,,,,,,,,0.08,0.22,0.3,0.99,0.0,0.39,0.97,0.97,5.62,22,0.0,0.0,0.0,0.0,0.0,0.0,0.0,0.0,0.0,0.0,0.0,0.0,0.0,0.0,0.0,22.0,188.0,0.0,0.0,0.0,0.0,0.0,0.0,0.0,0.0,0.0,0.0,0.0,0.0,0.0
425,Claudio,Echeverri,Echeverri,u,has joined Girona on loan for the rest of the season.,,5.4,180,113.0,0.0,721,308.0,0.0,770.0,339.0,0,0,0.0,-1,1.0,0,0,0.0,0.0,0.0,0.0,0.0,785.0,348.0,0.0,0.0,785.0,348.0,784.0,348.0,780.0,347.0,785.0,348.0,,,,,,,,0.0,0.0,0.0,0.0,0.0,0.0,0.0,0.0,0.0,22,0.0,0.0,0.0,0.0,0.0,0.0,0.0,0.0,0.0,0.0,0.0,0.0,0.0,0.0,0.0,0.0,0.0,0.0,0.0,0.0,0.0,0.0,0.0,0.0,0.0,0.0,0.0,0.0,0.0,0.0
427,Tijjani,Reijnders,Reijnders,a,,,5.2,210,132.0,11.9,37,14.0,4.4,51.0,20.0,1,0,0.0,-3,3.0,9788,41663,0.8,15.2,4.9,4.9,3.8,88.0,42.0,,,114.0,39.0,64.0,51.0,33.0,19.0,46.0,33.0,3.0,,,,,,,0.24,0.12,0.36,1.07,0.0,0.4,1.01,1.07,5.43,22,1.0,10.0,0.0,0.0,0.0,0.0,0.0,0.0,0.0,0.0,0.0,0.0,0.0,0.0,3.0,14757.0,55560.0,0.0,0.0,0.020000000000000018,0.019999999999999574,0.16000000000000014,1.3999999999999773,3.599999999999966,8.0,1.3000000000000114,0.0,0.0,1.0,1.0
428,Sverre,Nypan,Nypan,u,Has joined Middlesbrough on loan for the rest of the season.,,5.0,276,170.0,0.0,708,301.0,0.0,737.0,316.0,0,0,0.0,0,0.0,0,2,0.0,0.0,0.0,0.0,0.0,769.0,337.0,0.0,0.0,769.0,337.0,767.0,337.0,760.0,335.0,769.0,337.0,,,,,,,,0.0,0.0,0.0,0.0,0.0,0.0,0.0,0.0,0.0,22,0.0,0.0,0.0,0.0,0.0,0.0,0.0,0.0,0.0,0.0,0.0,0.0,0.0,0.0,0.0,0.0,3.0,0.0,0.0,0.0,0.0,0.0,0.0,0.0,0.0,0.0,0.0,0.0,0.0,0.0
430,Erling,Haaland,Haaland,a,,,15.1,1,1.0,74.0,1,1.0,2.8,159.0,18.0,2,0,0.0,11,-11.0,15104,40524,0.2,10.9,3.3,3.3,7.5,2.0,1.0,100.0,100.0,1.0,1.0,155.0,13.0,1.0,1.0,1.0,1.0,,,1.0,,,,,0.88,0.06,0.94,1.17,0.0,0.47,0.95,1.04,3.41,22,2.0,79.0,0.0,0.0,0.0,2.0,0.0,0.0,0.0,0.0,0.0,0.0,1.0,0.0,7.0,21718.0,47033.0,0.0,0.13000000000000256,0.0,0.129999999999999,2.1099999999999994,0.0,1.6000000000000227,12.0,1.299999999999983,0.0,0.0,1.0,1.0
736,Gianluigi,Donnarumma,Donnarumma,a,,,5.7,115,2.0,9.8,45,7.0,2.8,155.0,17.0,2,0,0.0,2,-2.0,21590,38107,0.5,12.5,3.3,3.3,3.7,104.0,12.0,,,85.0,15.0,789.0,91.0,787.0,90.0,254.0,15.0,,,,,,,,0.0,0.0,0.0,1.13,2.26,0.42,0.89,1.0,0.0,22,2.0,90.0,0.0,0.0,0.0,2.0,0.0,0.0,0.0,0.0,0.0,5.0,1.0,0.0,22.0,25172.0,51237.0,0.0,0.0,0.0,0.0,2.2699999999999996,42.19999999999999,0.0,0.0,4.199999999999996,0.0,1.0,12.0,0.0
739,Divine,Mukasa,Mukasa,a,,,4.4,554,332.0,0.0,663,272.0,0.2,367.0,162.0,1,0,0.0,-1,1.0,78,84,0.0,0.5,0.7,0.7,1.0,446.0,201.0,,,454.0,208.0,353.0,184.0,408.0,202.0,435.0,197.0,,,,,,,,0.0,0.76,0.76,1.22,0.0,0.0,0.0,0.0,3.6,22,1.0,10.0,0.0,0.0,0.0,0.0,0.0,0.0,0.0,0.0,0.0,0.0,0.0,0.0,3.0,97.0,98.0,0.0,0.0,0.009999999999999981,0.009999999999999981,0.16000000000000003,2.2,10.5,4.0,1.7000000000000002,0.0,0.0,0.0,0.0
280,David,Ozoh,Ozoh,u,Has joined Derby County on loan for the rest of the season.,,4.5,450,272.0,0.0,790,351.0,0.0,637.0,242.0,0,0,0.0,0,0.0,0,1,0.0,0.0,0.0,0.0,0.0,694.0,282.0,0.0,0.0,690.0,278.0,687.0,280.0,667.0,272.0,691.0,279.0,,,,,,,,0.0,0.0,0.0,0.0,0.0,0.0,0.0,0.0,0.0,22,0.0,0.0,0.0,0.0,0.0,0.0,0.0,0.0,0.0,0.0,0.0,0.0,0.0,0.0,0.0,0.0,1.0,0.0,0.0,0.0,0.0,0.0,0.0,0.0,0.0,0.0,0.0,0.0,0.0,0.0
281,Kaden,Rodney,Rodney,a,,,4.4,543,326.0,0.0,587,219.0,0.2,365.0,160.0,0,0,0.0,-1,1.0,54,60,0.0,0.2,0.2,0.2,1.0,444.0,199.0,,,645.0,246.0,466.0,226.0,618.0,240.0,648.0,248.0,,,,,,,,0.0,0.0,0.0,19.5,0.0,0.0,0.0,0.0,0.0,22,0.0,0.0,0.0,0.0,0.0,0.0,0.0,0.0,0.0,0.0,0.0,0.0,0.0,0.0,0.0,63.0,83.0,0.0,0.0,0.0,0.0,0.0,0.0,0.0,0.0,0.0,0.0,0.0,0.0,0.0
740,Stephen,Mfuni,Mfuni,a,,,3.9,760,224.0,0.0,601,216.0,0.0,458.0,175.0,0,0,0.0,-1,1.0,42,87,0.0,0.0,0.5,0.5,0.0,543.0,197.0,,,533.0,197.0,526.0,198.0,489.0,189.0,536.0,197.0,,,,,,,,0.0,0.0,0.0,0.0,0.0,0.0,0.0,0.0,0.0,22,0.0,0.0,0.0,0.0,0.0,0.0,0.0,0.0,0.0,0.0,0.0,0.0,0.0,0.0,0.0,71.0,104.0,0.0,0.0,0.0,0.0,0.0,0.0,0.0,0.0,0.0,0.0,0.0,0.0,0.0
742,Ryan,McAidoo,McAidoo,a,,,4.5,493,306.0,0.0,719,307.0,0.0,669.0,267.0,0,0,0.0,0,0.0,17,37,0.0,0.0,0.5,0.5,0.0,724.0,305.0,,,724.0,305.0,719.0,305.0,702.0,300.0,724.0,305.0,,,,,,,,0.0,0.0,0.0,0.0,0.0,0.0,0.0,0.0,0.0,22,0.0,0.0,0.0,0.0,0.0,0.0,0.0,0.0,0.0,0.0,0.0,0.0,0.0,0.0,0.0,20.0,41.0,0.0,0.0,0.0,0.0,0.0,0.0,0.0,0.0,0.0,0.0,0.0,0.0,0.0
8,Jurriën,Timber,J.Timber,a,,,6.3,69,2.0,28.1,10,3.0,4.6,45.0,19.0,5,0,0.0,8,-8.0,61210,44988,0.7,17.3,5.6,5.6,5.2,12.0,5.0,100.0,100.0,82.0,37.0,71.0,14.0,45.0,1.0,47.0,5.0,,,,,,,,0.22,0.05,0.27,0.6,0.0,0.52,0.62,0.99,5.52,22,5.0,90.0,0.0,0.0,1.0,0.0,0.0,0.0,0.0,1.0,0.0,0.0,1.0,0.0,17.0,101851.0,59773.0,0.0,0.10000000000000053,0.020000000000000018,0.1200000000000001,0.33999999999999986,0.39999999999997726,2.1999999999999886,6.0,0.9000000000000057,0.0,2.0,1.0,2.0
9,Jakub,Kiwior,Kiwior,u,has joined Porto on loan for the rest of the season.,,5.4,171,21.0,0.0,580,210.0,0.0,765.0,260.0,0,0,0.0,-1,1.0,0,6,0.0,0.0,0.0,0.0,0.0,782.0,262.0,0.0,0.0,782.0,262.0,781.0,262.0,777.0,261.0,782.0,262.0,,,,,,,,0.0,0.0,0.0,0.0,0.0,0.0,0.0,0.0,0.0,22,0.0,0.0,0.0,0.0,0.0,0.0,0.0,0.0,0.0,0.0,0.0,0.0,0.0,0.0,0.0,0.0,8.0,0.0,0.0,0.0,0.0,0.0,0.0,0.0,0.0,0.0,0.0,0.0,0.0,0.0
13,Brayden,Clarke,Clarke,a,,,3.8,796,258.0,0.4,257,98.0,0.0,422.0,165.0,0,0,0.0,-2,2.0,357,678,0.0,0.0,1.0,1.0,0.0,508.0,188.0,,,498.0,188.0,490.0,189.0,452.0,179.0,501.0,188.0,,,,,,,,0.0,0.0,0.0,0.0,0.0,0.0,0.0,0.0,0.0,22,0.0,0.0,0.0,0.0,0.0,0.0,0.0,0.0,0.0,0.0,0.0,0.0,0.0,0.0,0.0,471.0,986.0,0.0,0.0,0.0,0.0,0.0,0.0,0.0,0.0,0.0,0.0,0.0,0.0,0.0
14,Maldini,Kacurri,Kacurri,u,has joined Morecambe on loan for the rest of the season.,,3.9,763,226.0,0.1,471,172.0,0.0,461.0,177.0,0,0,0.0,-1,1.0,0,35,0.0,0.0,0.0,0.0,0.0,546.0,199.0,0.0,0.0,536.0,199.0,529.0,200.0,492.0,191.0,539.0,199.0,,,,,,,,0.0,0.0,0.0,0.0,0.0,0.0,0.0,0.0,0.0,22,0.0,0.0,0.0,0.0,0.0,0.0,0.0,0.0,0.0,0.0,0.0,0.0,0.0,0.0,0.0,0.0,45.0,0.0,0.0,0.0,0.0,0.0,0.0,0.0,0.0,0.0,0.0,0.0,0.0,0.0
15,Josh,Nichols,Nichols,a,,,3.8,785,247.0,0.2,384,140.0,0.0,414.0,157.0,0,0,0.0,-2,2.0,72,161,0.0,0.0,1.0,1.0,0.0,501.0,181.0,,,491.0,181.0,482.0,181.0,443.0,170.0,494.0,181.0,,,,,,,,0.0,0.0,0.0,0.0,0.0,0.0,0.0,0.0,0.0,22,0.0,0.0,0.0,0.0,0.0,0.0,0.0,0.0,0.0,0.0,0.0,0.0,0.0,0.0,0.0,96.0,224.0,0.0,0.0,0.0,0.0,0.0,0.0,0.0,0.0,0.0,0.0,0.0,0.0,0.0
16,Bukayo,Saka,Saka,a,,,10.1,5,3.0,18.3,19,7.0,4.2,62.0,26.0,1,-1,1.0,1,-1.0,12607,155918,0.4,9.8,5.2,5.2,5.0,17.0,9.0,100.0,100.0,62.0,17.0,6.0,6.0,10.0,4.0,6.0,4.0,2.0,,1.0,,,,,0.34,0.29,0.63,0.57,0.0,0.5,0.56,0.99,6.81,22,1.0,33.0,0.0,0.0,0.0,0.0,0.0,0.0,0.0,0.0,0.0,0.0,0.0,0.0,12.0,24393.0,192701.0,0.0,0.1299999999999999,0.3799999999999999,0.5099999999999998,0.09999999999999964,18.80000000000001,48.80000000000007,21.0,8.899999999999977,1.0,0.0,2.0,3.0
17,Martin,Ødegaard,Ødegaard,a,,,7.8,17,12.0,2.4,118,39.0,5.2,22.0,10.0,1,0,0.0,-2,2.0,4611,15780,0.7,6.3,6.2,6.2,3.1,179.0,77.0,100.0,100.0,194.0,83.0,31.0,30.0,157.0,93.0,93.0,55.0,4.0,,3.0,,,,,0.08,0.25,0.33,1.06,0.0,0.39,0.78,1.17,6.9,22,1.0,56.0,0.0,0.0,0.0,0.0,0.0,0.0,0.0,0.0,0.0,0.0,1.0,0.0,4.0,7708.0,18804.0,0.0,0.0,0.45999999999999996,0.45999999999999996,0.2400000000000002,4.599999999999994,12.199999999999989,0.0,1.7000000000000028,0.0,1.0,1.0,2.0
18,Noni,Madueke,Madueke,a,,,6.8,46,28.0,0.7,223,78.0,1.0,290.0,131.0,1,0,0.0,-2,2.0,494,1130,0.1,3.1,2.0,2.0,1.6,378.0,171.0,100.0,100.0,350.0,155.0,122.0,88.0,96.0,57.0,206.0,105.0,3.0,,,,,,,0.1,0.26,0.36,1.14,0.0,0.48,0.8,1.12,4.97,22,1.0,56.0,0.0,0.0,0.0,0.0,0.0,0.0,0.0,0.0,0.0,0.0,1.0,0.0,9.0,594.0,1610.0,0.0,0.05999999999999994,0.2200000000000002,0.28,0.2400000000000002,14.200000000000003,30.899999999999977,20.0,6.5,1.0,2.0,1.0,4.0
119,Bryan,Mbeumo,Mbeumo,a,,,8.1,14,9.0,10.6,41,16.0,1.8,227.0,99.0,9,0,0.0,1,-1.0,203917,8520,0.2,10.2,0.8,1.3,4.9,21.0,10.0,100.0,100.0,65.0,19.0,16.0,15.0,7.0,2.0,9.0,7.0,2.0,2.0,,,,,,0.38,0.21,0.59,1.29,0.0,0.18,1.53,1.04,4.64,22,9.0,70.0,1.0,0.0,1.0,0.0,0.0,0.0,0.0,0.0,0.0,0.0,1.0,1.0,25.0,212756.0,12039.0,0.0,0.8000000000000007,0.0,0.8000000000000007,0.360000000000003,34.0,1.7999999999999545,58.0,9.400000000000006,0.0,0.0,2.0,2.0
20,Leandro,Trossard,Trossard,a,,,6.9,41,25.0,1.6,151,50.0,3.8,78.0,37.0,1,0,0.0,-1,1.0,4602,16831,0.6,11.7,4.8,4.8,4.5,42.0,20.0,100.0,100.0,102.0,34.0,49.0,42.0,35.0,21.0,41.0,31.0,,,4.0,,,,,0.32,0.16,0.48,0.64,0.0,0.46,0.69,0.92,5.52,22,1.0,45.0,0.0,0.0,0.0,0.0,0.0,0.0,0.0,0.0,0.0,0.0,0.0,0.0,4.0,8042.0,24156.0,0.0,0.0,0.009999999999999787,0.009999999999999787,0.14000000000000057,2.0,2.099999999999966,0.0,0.4000000000000057,0.0,1.0,0.0,1.0
21,Declan,Rice,Rice,a,,,7.4,23,16.0,30.2,9,3.0,5.6,16.0,8.0,3,1,-1.0,9,-9.0,152258,35063,0.8,16.9,6.6,6.6,6.0,6.0,3.0,100.0,100.0,12.0,3.0,4.0,4.0,73.0,46.0,10.0,8.0,1.0,1.0,,,,,,0.14,0.21,0.35,0.62,0.0,0.5,0.66,1.01,10.89,22,3.0,90.0,0.0,0.0,1.0,0.0,0.0,0.0,0.0,0.0,0.0,0.0,1.0,0.0,25.0,261429.0,40375.0,0.0,0.11999999999999966,0.43999999999999995,0.5599999999999996,0.33999999999999986,39.0,50.799999999999955,21.0,11.099999999999994,3.0,7.0,1.0,11.0
22,Mikel,Merino Zazón,Merino,a,,,5.6,130,80.0,1.5,154,52.0,1.2,275.0,122.0,1,0,0.0,-4,4.0,1362,11290,0.2,10.5,2.2,2.2,3.0,192.0,82.0,,,168.0,64.0,130.0,93.0,99.0,59.0,127.0,67.0,,,,,,,,0.23,0.13,0.36,0.59,0.0,0.37,0.75,0.93,9.71,22,1.0,33.0,0.0,0.0,0.0,0.0,0.0,0.0,0.0,0.0,0.0,0.0,0.0,0.0,3.0,1760.0,18898.0,0.0,0.20999999999999996,0.4999999999999999,0.71,0.10000000000000053,3.400000000000034,11.599999999999994,8.0,2.3000000000000043,2.0,0.0,2.0,4.0
23,Fábio,Ferreira Vieira,Fábio Vieira,u,has joined Hamburger on loan for the rest of the season.,,5.4,170,106.0,0.0,670,276.0,0.0,764.0,335.0,0,0,0.0,-1,1.0,0,5,0.0,0.0,0.0,0.0,0.0,781.0,345.0,0.0,0.0,781.0,345.0,780.0,345.0,776.0,344.0,781.0,345.0,,,,,,,,0.0,0.0,0.0,0.0,0.0,0.0,0.0,0.0,0.0,22,0.0,0.0,0.0,0.0,0.0,0.0,0.0,0.0,0.0,0.0,0.0,0.0,0.0,0.0,0.0,0.0,5.0,0.0,0.0,0.0,0.0,0.0,0.0,0.0,0.0,0.0,0.0,0.0,0.0,0.0
24,Christian,Nørgaard,Nørgaard,a,,,5.1,224,138.0,0.1,427,144.0,0.2,390.0,179.0,0,0,0.0,-4,4.0,111,124,0.0,0.6,1.2,1.2,1.0,471.0,222.0,100.0,100.0,431.0,194.0,454.0,222.0,399.0,197.0,445.0,203.0,,,,,,,,0.15,0.0,0.15,6.27,0.0,0.0,2.9,0.0,23.23,22,0.0,0.0,0.0,0.0,0.0,0.0,0.0,0.0,0.0,0.0,0.0,0.0,0.0,0.0,0.0,128.0,151.0,0.0,0.0,0.0,0.0,0.0,0.0,0.0,0.0,0.0,0.0,0.0,0.0,0.0
25,Ethan,Nwaneri,Nwaneri,a,,,5.0,268,163.0,0.1,428,145.0,0.0,734.0,314.0,0,0,0.0,-5,5.0,159,166,0.0,1.6,1.0,1.0,1.3,411.0,185.0,,,439.0,199.0,366.0,189.0,344.0,179.0,419.0,188.0,,,,,,,,0.13,0.04,0.17,0.4,0.0,0.55,0.0,0.0,7.09,22,0.0,0.0,0.0,0.0,0.0,0.0,0.0,0.0,0.0,0.0,0.0,0.0,0.0,0.0,0.0,180.0,203.0,0.0,0.0,0.0,0.0,0.0,0.0,0.0,0.0,0.0,0.0,0.0,0.0,0.0
26,Martín,Zubimendi Ibáñez,Zubimendi,a,,,5.2,215,133.0,2.2,121,41.0,4.2,58.0,23.0,3,0,0.0,-3,3.0,5689,5054,0.8,15.4,5.2,5.2,3.6,116.0,52.0,100.0,100.0,71.0,23.0,65.0,52.0,136.0,80.0,72.0,45.0,,,,,,,,0.09,0.07,0.16,0.72,0.0,0.54,0.63,1.02,9.16,22,3.0,78.0,0.0,0.0,1.0,0.0,0.0,0.0,0.0,0.0,0.0,0.0,1.0,0.0,13.0,8204.0,6868.0,0.0,0.0,0.010000000000000009,0.010000000000000231,0.27999999999999936,12.800000000000011,1.5,2.0,1.5999999999999943,1.0,5.0,1.0,7.0
28,Ismeal,Kabia,Kabia,u,has joined Shrewsbury Town on loan for the rest of the season.,,4.5,477,293.0,0.1,470,160.0,0.0,655.0,255.0,0,0,0.0,0,0.0,0,38,0.0,0.0,0.0,0.0,0.0,711.0,294.0,0.0,0.0,710.0,293.0,705.0,293.0,688.0,288.0,710.0,293.0,,,,,,,,0.0,0.0,0.0,0.0,0.0,0.0,0.0,0.0,0.0,22,0.0,0.0,0.0,0.0,0.0,0.0,0.0,0.0,0.0,0.0,0.0,0.0,0.0,0.0,0.0,0.0,47.0,0.0,0.0,0.0,0.0,0.0,0.0,0.0,0.0,0.0,0.0,0.0,0.0,0.0
793,George,King,King,a,,,4.0,705,195.0,0.0,759,258.0,0.0,516.0,210.0,0,0,0.0,0,0.0,67,25,0.0,0.0,0.0,0.0,0.0,600.0,231.0,,,589.0,230.0,584.0,231.0,550.0,225.0,592.0,230.0,,,,,,,,0.0,0.0,0.0,0.0,0.0,0.0,0.0,0.0,0.0,22,0.0,0.0,0.0,0.0,0.0,0.0,0.0,0.0,0.0,0.0,0.0,0.0,0.0,0.0,0.0,86.0,28.0,0.0,0.0,0.0,0.0,0.0,0.0,0.0,0.0,0.0,0.0,0.0,0.0,0.0
242,Kiernan,Dewsbury-Hall,Dewsbury-Hall,i,Hamstring injury - Unknown return date,,4.9,307,191.0,2.2,122,42.0,0.0,704.0,292.0,0,0,0.0,-1,1.0,341,15174,0.0,15.3,0.0,0.0,5.0,14.0,6.0,0.0,0.0,143.0,52.0,54.0,44.0,102.0,61.0,81.0,50.0,2.0,,,,,,,0.11,0.2,0.31,1.26,0.0,0.43,1.15,1.07,7.8,22,0.0,0.0,0.0,0.0,0.0,0.0,0.0,0.0,0.0,0.0,0.0,0.0,0.0,0.0,0.0,400.0,24659.0,0.0,0.0,0.0,0.0,0.0,0.0,0.0,0.0,0.0,0.0,0.0,0.0,0.0
287,Jordan,Pickford,Pickford,a,,,5.6,126,3.0,13.3,30,4.0,6.0,12.0,1.0,10,0,0.0,1,-1.0,56041,11779,1.1,17.9,6.0,6.0,4.5,39.0,1.0,,,16.0,5.0,469.0,16.0,786.0,89.0,173.0,6.0,,,,,,,,0.0,0.01,0.01,1.46,2.82,0.41,1.14,1.0,0.0,22,10.0,90.0,0.0,0.0,1.0,0.0,0.0,0.0,0.0,0.0,0.0,5.0,1.0,3.0,34.0,59479.0,24769.0,0.0,0.0,0.010000000000000009,0.010000000000000009,1.4399999999999977,32.0,0.0,0.0,3.200000000000003,0.0,2.0,10.0,0.0
431,Altay,Bayındır,Bayindir,a,,,4.7,381,17.0,0.3,305,41.0,0.0,683.0,89.0,0,0,0.0,-3,3.0,99,293,0.0,2.3,-1.0,-0.5,1.8,344.0,28.0,,,292.0,23.0,404.0,9.0,716.0,77.0,370.0,23.0,,,,,,,,0.0,0.01,0.01,1.54,2.17,0.0,1.83,1.0,0.0,22,0.0,0.0,0.0,0.0,0.0,0.0,0.0,0.0,0.0,0.0,0.0,0.0,0.0,0.0,0.0,124.0,377.0,0.0,0.0,0.0,0.0,0.0,0.0,0.0,0.0,0.0,0.0,0.0,0.0,0.0
432,André,Onana,Onana,u,has joined Trabzonspor on loan for the rest of the season.,,4.9,297,12.0,0.1,413,63.0,0.0,701.0,90.0,0,0,0.0,-1,1.0,0,35,0.0,0.0,0.0,0.0,0.0,745.0,90.0,0.0,0.0,745.0,90.0,741.0,87.0,732.0,81.0,745.0,90.0,,,,,,,,0.0,0.0,0.0,0.0,0.0,0.0,0.0,0.0,0.0,22,0.0,0.0,0.0,0.0,0.0,0.0,0.0,0.0,0.0,0.0,0.0,0.0,0.0,0.0,0.0,0.0,40.0,0.0,0.0,0.0,0.0,0.0,0.0,0.0,0.0,0.0,0.0,0.0,0.0,0.0
433,Elyh,Harrison,Harrison,u,On loan to Shrewsbury Town,,4.0,702,62.0,0.0,784,91.0,0.0,513.0,75.0,0,0,0.0,0,0.0,0,0,0.0,0.0,0.0,0.0,0.0,597.0,80.0,0.0,0.0,586.0,80.0,581.0,69.0,547.0,54.0,589.0,80.0,,,,,,,,0.0,0.0,0.0,0.0,0.0,0.0,0.0,0.0,0.0,22,0.0,0.0,0.0,0.0,0.0,0.0,0.0,0.0,0.0,0.0,0.0,0.0,0.0,0.0,0.0,0.0,0.0,0.0,0.0,0.0,0.0,0.0,0.0,0.0,0.0,0.0,0.0,0.0,0.0,0.0
435,Dermot,Mee,Mee,a,,,3.9,742,78.0,0.1,464,72.0,0.0,443.0,42.0,0,0,0.0,-1,1.0,27,148,0.0,0.0,-1.0,-0.5,0.0,528.0,47.0,,,518.0,47.0,511.0,34.0,474.0,19.0,521.0,47.0,,,,,,,,0.0,0.0,0.0,0.0,0.0,0.0,0.0,0.0,0.0,22,0.0,0.0,0.0,0.0,0.0,0.0,0.0,0.0,0.0,0.0,0.0,0.0,0.0,0.0,0.0,96.0,170.0,0.0,0.0,0.0,0.0,0.0,0.0,0.0,0.0,0.0,0.0,0.0,0.0,0.0
436,Matthijs,de Ligt,De Ligt,i,Back injury - Unknown return date,,4.9,302,49.0,2.0,132,52.0,0.0,702.0,250.0,0,0,0.0,-1,1.0,64,3174,0.0,8.8,0.0,0.0,3.3,145.0,57.0,0.0,0.0,150.0,63.0,290.0,95.0,169.0,32.0,207.0,68.0,,,,,,,,0.11,0.06,0.17,1.44,0.0,0.08,1.54,1.0,8.23,22,0.0,0.0,0.0,0.0,0.0,0.0,0.0,0.0,0.0,0.0,0.0,0.0,0.0,0.0,0.0,72.0,3789.0,0.0,0.0,0.0,0.0,0.0,0.0,0.0,0.0,0.0,0.0,0.0,0.0,0.0
438,Noussair,Mazraoui,Mazraoui,a,,,4.9,311,52.0,0.2,387,141.0,0.0,705.0,251.0,0,0,0.0,-1,1.0,803,178,0.0,3.5,-1.0,0.0,1.9,328.0,128.0,100.0,0.0,306.0,116.0,308.0,103.0,370.0,131.0,354.0,125.0,,,,,,,,0.0,0.05,0.05,0.81,0.0,0.21,1.03,1.23,8.61,22,0.0,0.0,0.0,0.0,0.0,0.0,0.0,0.0,0.0,0.0,0.0,0.0,0.0,0.0,0.0,817.0,215.0,0.0,0.0,0.0,0.0,0.0,0.0,0.0,0.0,0.0,0.0,0.0,0.0,0.0
440,Diogo,Dalot Teixeira,Dalot,a,,,4.5,411,79.0,3.7,94,36.0,4.6,35.0,16.0,5,0,0.0,0,0.0,5141,22170,1.0,15.6,3.6,4.1,3.5,119.0,44.0,100.0,100.0,118.0,50.0,73.0,16.0,180.0,40.0,100.0,29.0,,,,,,,,0.07,0.09,0.16,1.29,0.0,0.24,1.57,1.02,6.39,22,5.0,90.0,0.0,0.0,1.0,0.0,0.0,0.0,0.0,1.0,0.0,0.0,1.0,0.0,20.0,6164.0,43771.0,0.0,0.0,0.010000000000000009,0.009999999999999787,0.4499999999999993,9.799999999999955,1.3000000000000114,2.0,1.2999999999999972,2.0,6.0,5.0,8.0
441,Patrick,Dorgu,Dorgu,a,,,4.3,609,142.0,8.1,51,16.0,8.0,1.0,1.0,15,1,-1.0,-2,2.0,183381,10295,1.9,15.3,7.0,7.5,3.1,167.0,66.0,,,86.0,38.0,42.0,4.0,69.0,3.0,50.0,6.0,,,,,,,,0.13,0.1,0.23,1.3,0.0,0.22,1.37,0.94,6.56,22,15.0,90.0,1.0,0.0,1.0,0.0,0.0,0.0,0.0,0.0,0.0,0.0,1.0,3.0,44.0,189426.0,31781.0,0.0,0.47,0.020000000000000018,0.4900000000000002,0.4499999999999993,50.80000000000001,14.800000000000011,52.0,11.799999999999997,4.0,2.0,9.0,6.0
442,Harry,Maguire,Maguire,a,,,4.3,562,120.0,0.5,250,95.0,1.2,266.0,95.0,6,0,0.0,-2,2.0,5981,690,0.3,9.1,0.2,0.7,4.3,49.0,21.0,100.0,100.0,316.0,121.0,380.0,139.0,291.0,92.0,355.0,126.0,,,,,,,,0.1,0.0,0.1,1.49,0.0,0.63,0.84,1.04,6.26,22,6.0,90.0,0.0,0.0,1.0,0.0,0.0,0.0,0.0,0.0,0.0,0.0,1.0,0.0,20.0,6323.0,748.0,0.0,0.14999999999999997,0.0,0.14999999999999997,0.4500000000000002,13.200000000000003,0.3000000000000007,7.0,2.099999999999998,1.0,6.0,5.0,7.0
447,Ayden,Heaven,Heaven,a,,,3.9,764,227.0,2.5,116,46.0,3.0,122.0,45.0,1,0,0.0,-1,1.0,1507,16120,0.8,6.7,2.0,2.5,2.4,260.0,101.0,100.0,100.0,233.0,95.0,355.0,126.0,335.0,109.0,322.0,108.0,,,,,,,,0.05,0.02,0.07,1.12,0.0,0.14,1.7,1.13,10.05,22,1.0,1.0,0.0,0.0,0.0,0.0,0.0,0.0,0.0,0.0,0.0,0.0,0.0,0.0,3.0,2572.0,20629.0,0.0,0.0,0.0,0.0,0.0,1.0,0.0,0.0,0.09999999999999787,0.0,1.0,0.0,1.0
448,Tyrell,Malacia,Malacia,a,,,3.8,774,236.0,0.4,264,100.0,0.2,351.0,131.0,0,0,0.0,-2,2.0,293,757,0.1,0.3,-0.8,-0.3,1.0,428.0,156.0,,,459.0,166.0,475.0,174.0,436.0,163.0,473.0,168.0,,,,,,,,0.0,0.0,0.0,13.5,0.0,0.0,0.0,0.0,90.0,22,0.0,0.0,0.0,0.0,0.0,0.0,0.0,0.0,0.0,0.0,0.0,0.0,0.0,0.0,0.0,460.0,940.0,0.0,0.0,0.0,0.0,0.0,0.0,0.0,0.0,0.0,0.0,0.0,0.0,0.0
450,Matheus,Santos Carneiro da Cunha,Cunha,a,,,8.0,16,11.0,8.5,49,19.0,3.8,79.0,38.0,4,-1,1.0,0,0.0,7351,115956,0.5,8.8,2.8,3.3,3.7,110.0,48.0,100.0,100.0,91.0,28.0,50.0,43.0,18.0,8.0,30.0,25.0,,,,,,,,0.32,0.14,0.46,1.26,0.0,0.19,1.36,1.04,7.51,22,4.0,19.0,0.0,1.0,0.0,0.0,0.0,0.0,0.0,0.0,0.0,0.0,0.0,0.0,18.0,9101.0,255714.0,0.0,0.0,0.16999999999999993,0.16999999999999993,0.08999999999999986,26.80000000000001,15.200000000000045,0.0,4.200000000000003,3.0,0.0,1.0,4.0
452,Amad,Diallo,Amad,a,,,6.2,78,51.0,1.2,169,58.0,0.6,325.0,146.0,3,0,0.0,-3,3.0,26007,2072,0.1,9.5,-0.4,0.1,3.7,107.0,46.0,100.0,100.0,140.0,50.0,29.0,28.0,44.0,27.0,40.0,30.0,,,,,,,,0.27,0.2,0.47,1.11,0.0,0.21,1.25,1.04,7.94,22,3.0,90.0,0.0,0.0,1.0,0.0,0.0,0.0,0.0,0.0,0.0,0.0,1.0,0.0,1.0,28313.0,2397.0,0.0,0.22999999999999998,0.03000000000000025,0.2599999999999998,0.45000000000000107,2.8000000000000114,2.400000000000034,29.0,3.3999999999999915,0.0,2.0,5.0,7.0
454,Antony,dos Santos,Antony,u,has joined Real Betis permanently.,,5.9,100,65.0,0.1,550,200.0,0.0,784.0,349.0,0,0,0.0,-1,1.0,0,11,0.0,0.0,0.0,0.0,0.0,792.0,354.0,0.0,0.0,792.0,354.0,792.0,354.0,792.0,354.0,792.0,354.0,,,,,,,,0.0,0.0,0.0,0.0,0.0,0.0,0.0,0.0,0.0,22,0.0,0.0,0.0,0.0,0.0,0.0,0.0,0.0,0.0,0.0,0.0,0.0,0.0,0.0,0.0,0.0,11.0,0.0,0.0,0.0,0.0,0.0,0.0,0.0,0.0,0.0,0.0,0.0,0.0,0.0
455,Mason,Mount,Mount,a,,,5.9,96,61.0,0.4,269,91.0,0.6,324.0,145.0,1,0,0.0,-1,1.0,801,2711,0.1,7.8,-0.4,0.1,2.7,232.0,102.0,100.0,100.0,249.0,106.0,116.0,83.0,127.0,74.0,183.0,96.0,3.0,,,,,,,0.17,0.16,0.33,1.14,0.0,0.33,1.55,1.11,6.87,22,1.0,1.0,0.0,0.0,0.0,0.0,0.0,0.0,0.0,0.0,0.0,0.0,0.0,0.0,3.0,888.0,4154.0,0.0,0.0,0.0,0.0,0.0,0.0,0.0,0.0,0.0,0.0,0.0,0.0,0.0
457,Carlos Henrique,Casimiro,Casemiro,a,,,5.5,136,84.0,1.3,161,56.0,4.6,39.0,17.0,3,0,0.0,0,0.0,7188,8868,0.8,16.4,3.6,4.1,4.5,38.0,18.0,100.0,100.0,58.0,15.0,74.0,57.0,57.0,35.0,49.0,35.0,,,,,,,,0.24,0.1,0.34,0.99,0.0,0.33,1.11,1.24,12.1,22,3.0,80.0,0.0,0.0,1.0,0.0,0.0,0.0,0.0,0.0,0.0,0.0,1.0,0.0,10.0,8189.0,13827.0,0.0,0.6099999999999999,0.020000000000000018,0.6299999999999999,0.35999999999999943,14.0,1.8999999999999773,35.0,5.099999999999994,4.0,3.0,1.0,8.0
458,Kobbie,Mainoo,Mainoo,a,,,4.6,394,244.0,0.4,258,86.0,0.8,298.0,133.0,3,0,0.0,-4,4.0,6632,892,0.2,3.3,-0.2,0.3,1.2,422.0,190.0,100.0,100.0,357.0,158.0,224.0,138.0,332.0,174.0,343.0,164.0,,,,,,,,0.03,0.08,0.11,1.33,0.0,0.28,1.98,0.28,10.47,22,3.0,90.0,0.0,0.0,1.0,0.0,0.0,0.0,0.0,0.0,0.0,0.0,1.0,0.0,17.0,7225.0,1037.0,0.0,0.03,0.020000000000000018,0.050000000000000044,0.4500000000000002,20.199999999999996,4.1000000000000085,9.0,3.3000000000000007,3.0,5.0,1.0,9.0
459,Manuel,Ugarte Ribeiro,Ugarte,a,,,4.7,379,237.0,0.2,390,131.0,2.8,148.0,62.0,1,0,0.0,-3,3.0,378,792,0.6,6.2,1.8,2.3,1.8,343.0,148.0,,,297.0,133.0,286.0,165.0,321.0,169.0,328.0,160.0,,,,,,,,0.04,0.02,0.06,1.66,0.0,0.12,2.22,0.86,14.18,22,1.0,9.0,0.0,0.0,0.0,0.0,0.0,0.0,0.0,0.0,0.0,0.0,0.0,0.0,3.0,537.0,1104.0,0.0,0.0,0.0,0.0,0.08999999999999986,2.3999999999999915,0.0,0.0,0.1999999999999993,1.0,0.0,2.0,3.0
466,Joshua,Zirkzee,Zirkzee,d,Knock - 25% chance of playing,,5.8,107,30.0,0.5,254,41.0,2.8,157.0,17.0,0,0,0.0,-2,2.0,851,2764,0.5,5.7,0.4,2.3,2.4,272.0,27.0,25.0,100.0,268.0,24.0,174.0,15.0,119.0,31.0,218.0,25.0,,,,,,,,0.33,0.05,0.38,1.2,0.0,0.19,1.31,0.75,6.36,22,0.0,0.0,0.0,0.0,0.0,0.0,0.0,0.0,0.0,0.0,0.0,0.0,0.0,0.0,0.0,1083.0,3843.0,0.0,0.0,0.0,0.0,0.0,0.0,0.0,0.0,0.0,0.0,0.0,0.0,0.0
681,Benjamin,Sesko,Šeško,a,,,7.2,33,13.0,3.4,97,17.0,3.6,96.0,10.0,0,0,0.0,-3,3.0,5302,17947,0.5,7.6,2.6,3.1,3.2,164.0,16.0,100.0,100.0,189.0,14.0,182.0,16.0,15.0,8.0,71.0,13.0,,,,,,,,0.43,0.02,0.45,1.33,0.0,0.09,1.73,0.95,3.82,22,0.0,0.0,0.0,0.0,0.0,0.0,0.0,0.0,0.0,0.0,0.0,0.0,0.0,0.0,0.0,10325.0,20741.0,0.0,0.0,0.0,0.0,0.0,0.0,0.0,0.0,0.0,0.0,0.0,0.0,0.0
733,Senne,Lammens,Lammens,a,,,5.0,259,9.0,1.8,139,18.0,4.2,56.0,5.0,6,0,0.0,0,0.0,4701,7872,0.8,9.4,3.2,3.7,2.9,200.0,18.0,,,133.0,19.0,760.0,88.0,428.0,1.0,287.0,19.0,,,,,,,,0.0,0.0,0.0,1.13,2.12,0.19,1.31,1.0,0.0,22,6.0,90.0,0.0,0.0,1.0,0.0,0.0,0.0,0.0,0.0,0.0,1.0,1.0,0.0,22.0,5496.0,14048.0,0.0,0.0,0.0,0.0,0.4499999999999993,10.600000000000023,0.0,0.0,1.1000000000000014,0.0,1.0,4.0,0.0
755,Shea,Lacey,Lacey,a,,,4.5,473,290.0,0.0,694,294.0,0.2,375.0,169.0,0,0,0.0,0,0.0,195,205,0.0,0.4,-0.8,0.0,1.0,455.0,209.0,100.0,0.0,456.0,209.0,439.0,214.0,373.0,188.0,455.0,209.0,,,,,,,,0.52,0.0,0.52,0.82,0.0,0.0,0.0,0.0,7.5,22,0.0,0.0,0.0,0.0,0.0,0.0,0.0,0.0,0.0,0.0,0.0,0.0,0.0,0.0,0.0,222.0,245.0,0.0,0.0,0.0,0.0,0.0,0.0,0.0,0.0,0.0,0.0,0.0,0.0,0.0
135,Yoane,Wissa,Wissa,a,,,7.3,25,8.0,1.0,186,27.0,2.2,197.0,24.0,1,0,0.0,-2,2.0,5027,11168,0.3,1.8,2.2,2.2,1.6,380.0,41.0,100.0,100.0,394.0,42.0,373.0,46.0,211.0,41.0,360.0,42.0,,,,,,,,0.51,0.12,0.63,1.24,0.0,0.34,1.02,0.68,3.75,22,1.0,23.0,0.0,0.0,0.0,0.0,0.0,0.0,0.0,0.0,0.0,0.0,0.0,0.0,4.0,7073.0,14649.0,0.0,0.0,0.0,0.0,0.029999999999999805,2.0,0.5,2.0,0.5,1.0,0.0,1.0,2.0
469,Nick,Pope,Pope,a,,,5.1,223,6.0,5.1,75,13.0,3.2,118.0,12.0,6,0,0.0,1,-1.0,2745,9634,0.6,13.9,3.2,3.2,4.4,45.0,3.0,100.0,100.0,79.0,14.0,773.0,89.0,766.0,85.0,247.0,14.0,,,,,,,,0.0,0.0,0.0,1.04,2.97,0.44,1.07,1.01,0.0,22,6.0,90.0,0.0,0.0,1.0,0.0,0.0,0.0,0.0,0.0,0.0,2.0,1.0,0.0,27.0,7029.0,11839.0,0.0,0.0,0.0,0.0,0.28999999999999915,19.80000000000001,0.0,0.0,2.0,0.0,1.0,9.0,0.0
472,Odysseas,Vlachodimos,Odysseas,u,Has joined Sevilla on loan for the rest of the season.,,4.0,652,44.0,0.0,692,80.0,0.0,469.0,58.0,0,0,0.0,0,0.0,0,8,0.0,0.0,0.0,0.0,0.0,554.0,63.0,0.0,0.0,544.0,63.0,538.0,51.0,502.0,36.0,547.0,63.0,,,,,,,,0.0,0.0,0.0,0.0,0.0,0.0,0.0,0.0,0.0,22,0.0,0.0,0.0,0.0,0.0,0.0,0.0,0.0,0.0,0.0,0.0,0.0,0.0,0.0,0.0,0.0,10.0,0.0,0.0,0.0,0.0,0.0,0.0,0.0,0.0,0.0,0.0,0.0,0.0,0.0
474,Fabian,Schär,Schär,i,Ankle injury - Expected back 18 Apr,,5.3,182,23.0,1.5,153,59.0,3.4,105.0,37.0,0,0,0.0,-2,2.0,46,14265,0.6,9.6,0.0,0.0,3.2,157.0,64.0,0.0,0.0,138.0,59.0,278.0,89.0,192.0,46.0,201.0,65.0,,3.0,4.0,,,,,0.08,0.05,0.13,1.14,0.0,0.33,1.07,0.91,9.5,22,0.0,0.0,0.0,0.0,0.0,0.0,0.0,0.0,0.0,0.0,0.0,0.0,0.0,0.0,0.0,57.0,22535.0,0.0,0.0,0.0,0.0,0.0,0.0,0.0,0.0,0.0,0.0,0.0,0.0,0.0
475,Sven,Botman,Botman,a,,,4.9,308,50.0,0.4,283,106.0,1.8,220.0,83.0,5,0,0.0,-1,1.0,804,354,0.4,8.4,1.8,1.8,3.4,129.0,51.0,100.0,100.0,201.0,82.0,320.0,107.0,280.0,84.0,283.0,95.0,,,,,,,,0.03,0.03,0.06,1.11,0.0,0.46,1.25,1.03,8.32,22,5.0,90.0,0.0,0.0,1.0,0.0,0.0,0.0,0.0,1.0,0.0,0.0,1.0,0.0,23.0,1690.0,438.0,0.0,0.0,0.0,0.0,0.28999999999999915,12.599999999999994,0.8999999999999986,4.0,1.8000000000000007,0.0,3.0,3.0,3.0
477,Tino,Livramento,Livramento,i,Hamstring injury - Unknown return date,,4.9,323,54.0,2.1,126,49.0,0.4,344.0,130.0,0,0,0.0,-1,1.0,32,6448,0.1,10.0,0.0,0.0,3.8,84.0,31.0,0.0,0.0,220.0,89.0,135.0,33.0,312.0,99.0,231.0,77.0,,,,,,,,0.01,0.05,0.06,0.94,0.0,0.43,0.86,0.94,4.98,22,0.0,0.0,0.0,0.0,0.0,0.0,0.0,0.0,0.0,0.0,0.0,0.0,0.0,0.0,0.0,39.0,9529.0,0.0,0.0,0.0,0.0,0.0,0.0,0.0,0.0,0.0,0.0,0.0,0.0,0.0
478,Kieran,Trippier,Trippier,a,,,4.9,283,45.0,1.3,163,62.0,1.2,269.0,97.0,6,0,0.0,-1,1.0,1449,521,0.2,7.3,1.2,1.2,3.6,112.0,43.0,100.0,100.0,280.0,107.0,80.0,19.0,406.0,151.0,240.0,83.0,2.0,2.0,,,,,,0.01,0.14,0.15,0.89,0.0,0.57,1.14,1.03,3.88,22,6.0,90.0,0.0,0.0,1.0,0.0,0.0,0.0,0.0,0.0,0.0,0.0,1.0,0.0,26.0,2011.0,684.0,0.0,0.05,0.33999999999999997,0.39,0.29000000000000004,13.200000000000003,30.80000000000001,1.0,4.5,1.0,2.0,2.0,3.0
479,Emil,Krafth,Krafth,i,Knee injury - Unknown return date,,4.3,565,123.0,0.0,609,219.0,0.0,549.0,231.0,0,0,0.0,-2,2.0,9,23,0.0,0.0,0.0,0.0,0.0,620.0,244.0,0.0,0.0,469.0,168.0,441.0,161.0,578.0,241.0,474.0,169.0,,,,,,,,0.0,0.0,0.0,0.5,0.0,0.0,4.0,2.0,2.0,22,0.0,0.0,0.0,0.0,0.0,0.0,0.0,0.0,0.0,0.0,0.0,0.0,0.0,0.0,0.0,11.0,28.0,0.0,0.0,0.0,0.0,0.0,0.0,0.0,0.0,0.0,0.0,0.0,0.0,0.0
480,Jamaal,Lascelles,Lascelles,d,Lack of match fitness - 25% chance of playing,,4.3,563,121.0,0.1,571,208.0,0.0,548.0,230.0,0,0,0.0,-2,2.0,4,51,0.0,0.2,0.0,0.0,0.5,488.0,169.0,25.0,25.0,435.0,162.0,607.0,244.0,394.0,147.0,450.0,162.0,,,,,,,,0.19,0.0,0.19,2.61,0.0,0.0,9.47,0.0,23.68,22,0.0,0.0,0.0,0.0,0.0,0.0,0.0,0.0,0.0,0.0,0.0,0.0,0.0,0.0,0.0,4.0,71.0,0.0,0.0,0.0,0.0,0.0,0.0,0.0,0.0,0.0,0.0,0.0,0.0,0.0
481,Alex,Murphy,A.Murphy,a,,,3.8,791,253.0,0.7,216,82.0,0.0,419.0,162.0,0,0,0.0,-2,2.0,774,1010,0.0,0.0,0.0,0.0,0.0,506.0,186.0,,,496.0,186.0,487.0,186.0,448.0,175.0,499.0,186.0,,,,,,,,0.0,0.0,0.0,0.0,0.0,0.0,0.0,0.0,0.0,22,0.0,0.0,0.0,0.0,0.0,0.0,0.0,0.0,0.0,0.0,0.0,0.0,0.0,0.0,0.0,1036.0,1348.0,0.0,0.0,0.0,0.0,0.0,0.0,0.0,0.0,0.0,0.0,0.0,0.0,0.0
482,Harrison,Ashby,Ashby,u,has joined Bradford City on loan for the rest of the season.,,3.9,739,215.0,0.1,437,161.0,0.0,441.0,170.0,0,0,0.0,-1,1.0,0,190,0.0,0.0,0.0,0.0,0.0,526.0,192.0,0.0,0.0,516.0,192.0,509.0,193.0,472.0,184.0,519.0,192.0,,,,,,,,0.0,0.0,0.0,0.0,0.0,0.0,0.0,0.0,0.0,22,0.0,0.0,0.0,0.0,0.0,0.0,0.0,0.0,0.0,0.0,0.0,0.0,0.0,0.0,0.0,0.0,255.0,0.0,0.0,0.0,0.0,0.0,0.0,0.0,0.0,0.0,0.0,0.0,0.0,0.0
483,Miodrag,Pivaš,Pivas,a,,,3.8,798,260.0,0.4,274,102.0,0.0,423.0,166.0,0,0,0.0,-2,2.0,196,667,0.0,0.0,0.0,0.0,0.0,509.0,189.0,,,499.0,189.0,491.0,190.0,453.0,180.0,502.0,189.0,,,,,,,,0.0,0.0,0.0,0.0,0.0,0.0,0.0,0.0,0.0,22,0.0,0.0,0.0,0.0,0.0,0.0,0.0,0.0,0.0,0.0,0.0,0.0,0.0,0.0,0.0,251.0,870.0,0.0,0.0,0.0,0.0,0.0,0.0,0.0,0.0,0.0,0.0,0.0,0.0,0.0
490,Joelinton Cássio,Apolinário de Lira,Joelinton,a,,,5.9,95,60.0,0.4,262,89.0,5.0,27.0,11.0,3,0,0.0,-1,1.0,2885,1746,0.8,9.5,5.0,5.0,3.1,175.0,75.0,100.0,100.0,174.0,70.0,117.0,84.0,66.0,42.0,98.0,56.0,,,,,,,,0.12,0.06,0.18,1.15,0.0,0.34,1.16,1.09,11.14,22,3.0,90.0,0.0,0.0,1.0,0.0,0.0,0.0,0.0,0.0,0.0,0.0,1.0,0.0,17.0,3992.0,2027.0,0.0,0.44999999999999996,0.05999999999999994,0.5100000000000002,0.2900000000000027,17.599999999999994,17.0,31.0,6.599999999999994,1.0,6.0,3.0,10.0
491,Sandro,Tonali,Tonali,a,,,5.3,194,121.0,1.0,180,64.0,1.8,222.0,94.0,2,0,0.0,-2,2.0,1496,2297,0.3,9.8,1.8,1.8,2.4,269.0,115.0,100.0,100.0,184.0,77.0,59.0,47.0,182.0,103.0,120.0,65.0,1.0,1.0,,,,,,0.04,0.09,0.13,1.04,0.0,0.42,1.02,1.15,9.28,22,2.0,66.0,0.0,0.0,1.0,0.0,0.0,0.0,0.0,1.0,0.0,0.0,1.0,0.0,11.0,2011.0,3103.0,0.0,0.020000000000000018,0.030000000000000027,0.04999999999999982,0.26000000000000156,8.400000000000006,6.100000000000023,4.0,1.9000000000000057,1.0,3.0,3.0,7.0
492,Antoñito,Cordero Campillo,Antoñito C.,u,has joined Cadiz on loan for the rest of the season.,,4.9,343,215.0,0.0,664,273.0,0.0,721.0,305.0,0,0,0.0,-1,1.0,0,3,0.0,0.0,0.0,0.0,0.0,758.0,329.0,0.0,0.0,758.0,329.0,754.0,329.0,746.0,327.0,758.0,329.0,,,,,,,,0.0,0.0,0.0,0.0,0.0,0.0,0.0,0.0,0.0,22,0.0,0.0,0.0,0.0,0.0,0.0,0.0,0.0,0.0,0.0,0.0,0.0,0.0,0.0,0.0,0.0,3.0,0.0,0.0,0.0,0.0,0.0,0.0,0.0,0.0,0.0,0.0,0.0,0.0,0.0
494,Joe,Willock,Willock,a,,,5.0,248,151.0,0.1,508,179.0,0.6,318.0,142.0,0,0,0.0,0,0.0,153,154,0.1,2.8,0.6,0.6,1.3,410.0,184.0,100.0,100.0,401.0,177.0,312.0,173.0,333.0,175.0,386.0,178.0,,,,,,,,0.23,0.04,0.27,1.33,0.0,0.77,0.77,0.77,9.66,22,0.0,0.0,0.0,0.0,0.0,0.0,0.0,0.0,0.0,0.0,0.0,0.0,0.0,0.0,0.0,218.0,208.0,0.0,0.0,0.0,0.0,0.0,0.0,0.0,0.0,0.0,0.0,0.0,0.0,0.0
495,Isaac,Hayden,Hayden,u,Has departed the club as a free agent.,,4.5,404,247.0,0.0,744,319.0,0.0,606.0,218.0,0,0,0.0,0,0.0,0,4,0.0,0.0,0.0,0.0,0.0,668.0,260.0,0.0,0.0,662.0,255.0,658.0,258.0,635.0,249.0,665.0,257.0,,,,,,,,0.0,0.0,0.0,0.0,0.0,0.0,0.0,0.0,0.0,22,0.0,0.0,0.0,0.0,0.0,0.0,0.0,0.0,0.0,0.0,0.0,0.0,0.0,0.0,0.0,0.0,4.0,0.0,0.0,0.0,0.0,0.0,0.0,0.0,0.0,0.0,0.0,0.0,0.0,0.0
63,Kadan,Young,Young,a,,,4.3,599,347.0,0.6,228,79.0,0.0,562.0,193.0,0,0,0.0,-2,2.0,1386,1329,0.0,0.0,0.0,0.0,0.0,630.0,237.0,,,620.0,228.0,618.0,233.0,590.0,221.0,623.0,230.0,,,,,,,,0.0,0.0,0.0,0.0,0.0,0.0,0.0,0.0,0.0,22,0.0,0.0,0.0,0.0,0.0,0.0,0.0,0.0,0.0,0.0,0.0,0.0,0.0,0.0,0.0,1841.0,1757.0,0.0,0.0,0.0,0.0,0.0,0.0,0.0,0.0,0.0,0.0,0.0,0.0,0.0
319,Timothy,Castagne,Castagne,a,,,4.3,569,126.0,0.1,452,166.0,0.8,295.0,108.0,1,0,0.0,-2,2.0,247,345,0.2,4.9,0.8,0.8,1.2,419.0,153.0,,,242.0,99.0,193.0,49.0,232.0,62.0,257.0,88.0,,,,,,,,0.1,0.04,0.14,1.72,0.0,0.0,1.9,0.95,7.59,22,1.0,90.0,0.0,0.0,0.0,1.0,0.0,0.0,0.0,1.0,0.0,0.0,1.0,0.0,9.0,523.0,444.0,0.0,0.0,0.0,0.0,1.4299999999999997,17.80000000000001,0.7000000000000028,0.0,1.8999999999999986,1.0,8.0,0.0,9.0
320,Issa,Diop,Diop,a,,,4.3,571,128.0,0.1,517,185.0,1.0,281.0,103.0,1,0,0.0,-2,2.0,64,147,0.2,2.3,1.0,1.0,1.2,420.0,154.0,,,353.0,134.0,421.0,154.0,384.0,141.0,404.0,145.0,,,,,,,,0.0,0.01,0.01,1.79,0.0,0.0,1.97,0.87,7.65,22,1.0,2.0,0.0,0.0,0.0,1.0,0.0,0.0,0.0,0.0,0.0,0.0,0.0,0.0,29.0,142.0,186.0,0.0,0.0,0.0,0.0,0.3799999999999999,2.200000000000003,0.0,0.0,0.1999999999999993,0.0,1.0,0.0,1.0
496,Garang,Kuol,Kuol,u,has joined Sparta Prague permanently.,,4.4,547,327.0,0.0,620,244.0,0.0,593.0,210.0,0,0,0.0,-1,1.0,0,15,0.0,0.0,0.0,0.0,0.0,657.0,254.0,0.0,0.0,649.0,247.0,646.0,251.0,622.0,241.0,652.0,249.0,,,,,,,,0.0,0.0,0.0,0.0,0.0,0.0,0.0,0.0,0.0,22,0.0,0.0,0.0,0.0,0.0,0.0,0.0,0.0,0.0,0.0,0.0,0.0,0.0,0.0,0.0,0.0,19.0,0.0,0.0,0.0,0.0,0.0,0.0,0.0,0.0,0.0,0.0,0.0,0.0,0.0
497,Lewis,Miley,L.Miley,a,,,4.5,455,277.0,3.6,95,29.0,3.6,86.0,39.0,1,0,0.0,0,0.0,8044,12297,0.8,12.4,3.6,3.6,3.1,170.0,71.0,100.0,100.0,170.0,66.0,136.0,96.0,181.0,102.0,165.0,89.0,,,,,,,,0.1,0.17,0.27,1.08,0.0,0.17,1.21,0.86,10.27,22,1.0,23.0,0.0,0.0,0.0,0.0,0.0,0.0,0.0,0.0,0.0,0.0,0.0,0.0,5.0,13404.0,16224.0,0.0,0.0,0.010000000000000009,0.009999999999999787,0.02999999999999936,3.0,1.3999999999999773,0.0,0.3999999999999986,1.0,0.0,1.0,2.0
60,Ben,Broggio,Broggio,a,,,4.4,551,330.0,0.3,320,107.0,0.0,596.0,212.0,0,0,0.0,-1,1.0,145,306,0.0,0.0,0.0,0.0,0.0,659.0,255.0,,,652.0,249.0,649.0,253.0,625.0,243.0,655.0,251.0,,,,,,,,0.0,0.0,0.0,0.0,0.0,0.0,0.0,0.0,0.0,22,0.0,0.0,0.0,0.0,0.0,0.0,0.0,0.0,0.0,0.0,0.0,0.0,0.0,0.0,0.0,187.0,385.0,0.0,0.0,0.0,0.0,0.0,0.0,0.0,0.0,0.0,0.0,0.0,0.0,0.0
61,Leander,Dendoncker,Dendoncker,u,Has joined Real Oviedo permanently.,,4.5,403,246.0,0.1,515,184.0,0.0,605.0,217.0,0,0,0.0,0,0.0,0,31,0.0,0.0,0.0,0.0,0.0,667.0,259.0,0.0,0.0,661.0,254.0,657.0,257.0,634.0,248.0,664.0,256.0,,,,,,,,0.0,0.0,0.0,0.0,0.0,0.0,0.0,0.0,0.0,22,0.0,0.0,0.0,0.0,0.0,0.0,0.0,0.0,0.0,0.0,0.0,0.0,0.0,0.0,0.0,0.0,49.0,0.0,0.0,0.0,0.0,0.0,0.0,0.0,0.0,0.0,0.0,0.0,0.0,0.0
498,Joe,White,White,u,has joined Bradford City on loan for the rest of the season.,,4.5,429,258.0,0.0,746,321.0,0.0,624.0,229.0,0,0,0.0,0,0.0,0,28,0.0,0.0,0.0,0.0,0.0,682.0,270.0,0.0,0.0,676.0,265.0,675.0,268.0,654.0,260.0,679.0,267.0,,,,,,,,0.0,0.0,0.0,0.0,0.0,0.0,0.0,0.0,0.0,22,0.0,0.0,0.0,0.0,0.0,0.0,0.0,0.0,0.0,0.0,0.0,0.0,0.0,0.0,0.0,0.0,31.0,0.0,0.0,0.0,0.0,0.0,0.0,0.0,0.0,0.0,0.0,0.0,0.0,0.0
500,William,Osula,Osula,d,Lack of match fitness - 50% chance of playing,,5.4,179,42.0,0.2,373,59.0,0.0,769.0,80.0,0,0,0.0,-1,1.0,12,93,0.0,3.3,0.0,0.0,1.8,351.0,38.0,50.0,0.0,392.0,41.0,384.0,48.0,258.0,46.0,375.0,45.0,,,,,,,,0.27,0.01,0.28,1.38,0.0,0.42,1.69,0.42,3.38,22,0.0,0.0,0.0,0.0,0.0,0.0,0.0,0.0,0.0,0.0,0.0,0.0,0.0,0.0,0.0,16.0,121.0,0.0,0.0,0.0,0.0,0.0,0.0,0.0,0.0,0.0,0.0,0.0,0.0,0.0
501,Sean,Neave,Neave,a,,,4.3,610,83.0,0.2,349,56.0,0.0,570.0,55.0,0,0,0.0,-2,2.0,326,278,0.0,0.0,0.0,0.0,0.0,637.0,64.0,,,627.0,64.0,625.0,63.0,598.0,63.0,630.0,64.0,,,,,,,,0.0,0.0,0.0,0.0,0.0,0.0,0.0,0.0,0.0,22,0.0,0.0,0.0,0.0,0.0,0.0,0.0,0.0,0.0,0.0,0.0,0.0,0.0,0.0,0.0,393.0,344.0,0.0,0.0,0.0,0.0,0.0,0.0,0.0,0.0,0.0,0.0,0.0,0.0,0.0
674,Aaron,Ramsdale,Ramsdale,a,,,4.8,360,15.0,0.7,209,27.0,0.6,315.0,23.0,0,0,0.0,-2,2.0,367,1933,0.1,2.3,0.6,0.6,1.6,372.0,29.0,,,321.0,26.0,405.0,10.0,724.0,79.0,388.0,25.0,,,,,,,,0.0,0.0,0.0,1.3,1.63,0.0,1.63,0.98,0.0,22,0.0,0.0,0.0,0.0,0.0,0.0,0.0,0.0,0.0,0.0,0.0,0.0,0.0,0.0,0.0,619.0,3453.0,0.0,0.0,0.0,0.0,0.0,0.0,0.0,0.0,0.0,0.0,0.0,0.0,0.0
684,Malick,Thiaw,Thiaw,a,,,5.1,235,35.0,6.4,63,21.0,6.2,10.0,4.0,9,0,0.0,1,-1.0,28147,26994,1.2,16.5,6.2,6.2,4.4,46.0,19.0,,,24.0,10.0,302.0,100.0,93.0,11.0,90.0,22.0,,,,,,,,0.11,0.03,0.14,1.26,0.0,0.23,1.37,1.03,9.76,22,9.0,90.0,0.0,0.0,1.0,0.0,0.0,0.0,0.0,0.0,0.0,0.0,1.0,3.0,30.0,44332.0,33540.0,0.0,0.0,0.010000000000000009,0.010000000000000231,0.28999999999999915,30.400000000000034,12.799999999999997,2.0,4.5,0.0,8.0,3.0,8.0
701,Triston,Rowe,Rowe,u,has joined Annecy on loan for the rest of the season.,,4.0,697,188.0,0.1,519,187.0,0.0,509.0,204.0,0,0,0.0,0,0.0,0,44,0.0,0.0,0.0,0.0,0.0,593.0,225.0,0.0,0.0,582.0,224.0,577.0,225.0,543.0,219.0,585.0,224.0,,,,,,,,0.0,0.0,0.0,0.0,0.0,0.0,0.0,0.0,0.0,22,0.0,0.0,0.0,0.0,0.0,0.0,0.0,0.0,0.0,0.0,0.0,0.0,0.0,0.0,0.0,0.0,50.0,0.0,0.0,0.0,0.0,0.0,0.0,0.0,0.0,0.0,0.0,0.0,0.0,0.0
702,Bradley,Burrowes,Burrowes,a,,,4.4,559,335.0,0.1,525,186.0,0.0,601.0,215.0,0,0,0.0,-1,1.0,36,78,0.0,0.2,0.0,0.0,1.0,448.0,203.0,,,657.0,252.0,458.0,224.0,630.0,246.0,660.0,254.0,,,,,,,,0.0,0.0,0.0,5.06,0.0,0.0,5.62,0.0,5.62,22,0.0,0.0,0.0,0.0,0.0,0.0,0.0,0.0,0.0,0.0,0.0,0.0,0.0,0.0,0.0,47.0,93.0,0.0,0.0,0.0,0.0,0.0,0.0,0.0,0.0,0.0,0.0,0.0,0.0,0.0
703,Sam,Proctor,Proctor,a,,,3.9,759,88.0,0.6,229,30.0,0.0,457.0,52.0,0,0,0.0,-1,1.0,675,1327,0.0,0.0,0.0,0.0,0.0,542.0,57.0,,,532.0,57.0,525.0,44.0,488.0,29.0,535.0,57.0,,,,,,,,0.0,0.0,0.0,0.0,0.0,0.0,0.0,0.0,0.0,22,0.0,0.0,0.0,0.0,0.0,0.0,0.0,0.0,0.0,0.0,0.0,0.0,0.0,0.0,0.0,891.0,1677.0,0.0,0.0,0.0,0.0,0.0,0.0,0.0,0.0,0.0,0.0,0.0,0.0,0.0
781,TJ,Carroll,Carroll,a,,,4.0,712,202.0,0.0,758,257.0,0.0,522.0,216.0,0,0,0.0,0,0.0,43,22,0.0,0.0,0.0,0.0,0.0,605.0,236.0,,,594.0,235.0,589.0,236.0,555.0,230.0,597.0,235.0,,,,,,,,0.0,0.0,0.0,0.0,0.0,0.0,0.0,0.0,0.0,22,0.0,0.0,0.0,0.0,0.0,0.0,0.0,0.0,0.0,0.0,0.0,0.0,0.0,0.0,0.0,49.0,24.0,0.0,0.0,0.0,0.0,0.0,0.0,0.0,0.0,0.0,0.0,0.0,0.0,0.0
792,Alysson Edward Franco,da Rocha dos Santos,Alysson,i,Knock - Unknown return date,,5.0,280,173.0,0.0,791,352.0,0.0,741.0,319.0,0,0,0.0,0,0.0,8,35,0.0,0.0,0.0,0.0,0.0,773.0,340.0,0.0,0.0,773.0,340.0,771.0,340.0,764.0,338.0,773.0,340.0,,,,,,,,0.0,0.0,0.0,0.0,0.0,0.0,0.0,0.0,0.0,22,0.0,0.0,0.0,0.0,0.0,0.0,0.0,0.0,0.0,0.0,0.0,0.0,0.0,0.0,0.0,8.0,36.0,0.0,0.0,0.0,0.0,0.0,0.0,0.0,0.0,0.0,0.0,0.0,0.0,0.0
183,Max,Weiß,Weiss,a,,,4.3,596,30.0,0.1,447,69.0,0.0,560.0,83.0,0,0,0.0,-2,2.0,109,121,0.0,0.0,0.0,-0.5,0.0,628.0,86.0,,,618.0,86.0,616.0,79.0,588.0,66.0,621.0,86.0,,,,,,,,0.0,0.0,0.0,0.0,0.0,0.0,0.0,0.0,0.0,22,0.0,0.0,0.0,0.0,0.0,0.0,0.0,0.0,0.0,0.0,0.0,0.0,0.0,0.0,0.0,173.0,150.0,0.0,0.0,0.0,0.0,0.0,0.0,0.0,0.0,0.0,0.0,0.0,0.0,0.0
714,Nick,Woltemade,Woltemade,a,,,7.2,32,12.0,14.5,22,5.0,2.2,196.0,23.0,2,-1,1.0,2,-2.0,9642,120872,0.3,11.1,2.2,2.2,4.2,60.0,6.0,,,97.0,9.0,146.0,10.0,32.0,14.0,62.0,11.0,,,3.0,,,,,0.42,0.05,0.47,1.14,0.0,0.41,1.22,1.16,4.55,22,2.0,66.0,0.0,0.0,1.0,0.0,0.0,0.0,0.0,0.0,0.0,0.0,1.0,0.0,4.0,21315.0,155867.0,0.0,0.15000000000000036,0.0,0.15000000000000036,0.26000000000000156,0.0,1.9000000000000057,8.0,0.4000000000000057,0.0,0.0,3.0,3.0
753,John,Ruddy,Ruddy,a,,,4.0,645,39.0,0.0,697,81.0,0.0,464.0,54.0,0,0,0.0,0,0.0,27,38,0.0,0.0,0.0,0.0,0.0,549.0,59.0,,,539.0,59.0,532.0,46.0,496.0,31.0,542.0,59.0,,,,,,,,0.0,0.0,0.0,0.0,0.0,0.0,0.0,0.0,0.0,22,0.0,0.0,0.0,0.0,0.0,0.0,0.0,0.0,0.0,0.0,0.0,0.0,0.0,0.0,0.0,36.0,46.0,0.0,0.0,0.0,0.0,0.0,0.0,0.0,0.0,0.0,0.0,0.0,0.0,0.0
765,Leo,Shahar,Shahar,a,,,4.0,695,186.0,0.0,677,234.0,0.0,507.0,202.0,0,0,0.0,0,0.0,109,101,0.0,0.0,0.0,0.0,0.0,591.0,223.0,,,580.0,222.0,575.0,223.0,541.0,217.0,583.0,222.0,,,,,,,,0.0,0.0,0.0,0.0,0.0,0.0,0.0,0.0,0.0,22,0.0,0.0,0.0,0.0,0.0,0.0,0.0,0.0,0.0,0.0,0.0,0.0,0.0,0.0,0.0,166.0,134.0,0.0,0.0,0.0,0.0,0.0,0.0,0.0,0.0,0.0,0.0,0.0,0.0,0.0
772,Sam,Alabi,Alabi,a,,,4.5,504,312.0,0.0,778,343.0,0.0,676.0,272.0,0,0,0.0,0,0.0,21,11,0.0,0.0,0.0,0.0,0.0,731.0,310.0,,,731.0,310.0,726.0,310.0,709.0,305.0,731.0,310.0,,,,,,,,0.0,0.0,0.0,0.0,0.0,0.0,0.0,0.0,0.0,22,0.0,0.0,0.0,0.0,0.0,0.0,0.0,0.0,0.0,0.0,0.0,0.0,0.0,0.0,0.0,22.0,14.0,0.0,0.0,0.0,0.0,0.0,0.0,0.0,0.0,0.0,0.0,0.0,0.0,0.0
12,Oleksandr,Zinchenko,Zinchenko,a,,,4.9,299,48.0,0.2,353,129.0,0.2,384.0,143.0,0,0,0.0,-1,1.0,417,206,0.0,1.4,0.2,0.0,1.4,399.0,146.0,100.0,0.0,340.0,129.0,241.0,69.0,350.0,118.0,347.0,122.0,,,,,,,,0.02,0.09,0.11,1.28,0.0,0.0,1.53,1.02,6.14,22,0.0,0.0,0.0,0.0,0.0,0.0,0.0,0.0,0.0,0.0,0.0,0.0,0.0,0.0,0.0,442.0,322.0,0.0,0.0,0.0,0.0,0.0,0.0,0.0,0.0,0.0,0.0,0.0,0.0,0.0
426,James,McAtee,McAtee,a,,,5.0,256,157.0,0.1,486,171.0,0.0,728.0,309.0,0,0,0.0,-5,5.0,113,115,0.0,1.2,0.0,-1.0,0.9,483.0,229.0,,,428.0,192.0,323.0,178.0,390.0,193.0,411.0,186.0,,,,,,,,0.01,0.09,0.1,1.9,0.0,0.0,3.73,0.53,5.86,22,0.0,0.0,0.0,0.0,0.0,0.0,0.0,0.0,0.0,0.0,0.0,0.0,0.0,0.0,0.0,136.0,146.0,0.0,0.0,0.0,0.0,0.0,0.0,0.0,0.0,0.0,0.0,0.0,0.0,0.0
502,Matz,Sels,Sels,a,,,4.6,388,18.0,5.5,72,12.0,2.8,147.0,16.0,10,0,0.0,-4,4.0,3432,3168,0.6,11.7,2.8,1.8,3.0,185.0,16.0,100.0,100.0,59.0,12.0,403.0,8.0,713.0,74.0,228.0,12.0,,,,,,,,0.0,0.0,0.0,1.45,3.09,0.18,1.52,0.99,0.0,22,10.0,90.0,0.0,0.0,1.0,0.0,0.0,0.0,0.0,0.0,0.0,3.0,1.0,3.0,29.0,3688.0,6576.0,0.0,0.0,0.0,0.0,2.099999999999998,27.19999999999999,0.0,0.0,2.700000000000003,0.0,3.0,5.0,0.0
184,Etienne,Green,Green,u,has joined FC Fredericia permanently.,,4.0,676,56.0,0.2,386,57.0,0.0,489.0,69.0,0,0,0.0,0,0.0,0,113,0.0,0.0,0.0,0.0,0.0,575.0,74.0,0.0,0.0,564.0,74.0,559.0,63.0,524.0,48.0,567.0,74.0,,,,,,,,0.0,0.0,0.0,0.0,0.0,0.0,0.0,0.0,0.0,22,0.0,0.0,0.0,0.0,0.0,0.0,0.0,0.0,0.0,0.0,0.0,0.0,0.0,0.0,0.0,0.0,153.0,0.0,0.0,0.0,0.0,0.0,0.0,0.0,0.0,0.0,0.0,0.0,0.0,0.0
185,Václav,Hladký,Hladký,a,,,3.9,720,64.0,0.2,388,58.0,0.0,427.0,29.0,0,0,0.0,-1,1.0,128,248,0.0,0.0,0.0,-0.5,0.0,513.0,34.0,,,503.0,34.0,495.0,20.0,457.0,5.0,506.0,34.0,,,,,,,,0.0,0.0,0.0,0.0,0.0,0.0,0.0,0.0,0.0,22,0.0,0.0,0.0,0.0,0.0,0.0,0.0,0.0,0.0,0.0,0.0,0.0,0.0,0.0,0.0,354.0,315.0,0.0,0.0,0.0,0.0,0.0,0.0,0.0,0.0,0.0,0.0,0.0,0.0,0.0
186,Connor,Roberts,Roberts,i,Achilles injury - Unknown return date,,4.4,515,103.0,0.0,640,223.0,0.0,577.0,236.0,0,0,0.0,-1,1.0,20,45,0.0,0.0,0.0,0.0,0.0,643.0,247.0,0.0,0.0,633.0,246.0,631.0,247.0,605.0,244.0,636.0,247.0,,,,,,,,0.0,0.0,0.0,0.0,0.0,0.0,0.0,0.0,0.0,22,0.0,0.0,0.0,0.0,0.0,0.0,0.0,0.0,0.0,0.0,0.0,0.0,0.0,0.0,0.0,48.0,57.0,0.0,0.0,0.0,0.0,0.0,0.0,0.0,0.0,0.0,0.0,0.0,0.0,0.0
187,Kyle,Walker,Walker,a,,,4.4,509,98.0,1.1,173,67.0,1.8,217.0,80.0,2,0,0.0,-1,1.0,1605,1399,0.4,10.2,1.8,1.3,2.1,305.0,115.0,100.0,100.0,128.0,56.0,221.0,63.0,348.0,116.0,224.0,75.0,,,,,,,,0.01,0.03,0.04,2.05,0.0,0.14,1.87,1.01,6.48,22,2.0,90.0,0.0,0.0,0.0,1.0,0.0,0.0,0.0,0.0,0.0,0.0,1.0,0.0,6.0,2123.0,2067.0,0.0,0.0,0.040000000000000036,0.040000000000000036,3.1799999999999997,15.599999999999966,2.0,0.0,1.7999999999999972,1.0,4.0,3.0,5.0
188,Hannes,Delcroix,Delcroix,u,has joined Lugano permanently.,,3.8,777,239.0,0.2,338,125.0,0.0,408.0,151.0,0,0,0.0,-2,2.0,0,725,0.0,0.0,0.0,0.0,0.0,496.0,176.0,0.0,0.0,486.0,176.0,477.0,176.0,438.0,165.0,489.0,176.0,,,,,,,,0.0,0.0,0.0,0.0,0.0,0.0,0.0,0.0,0.0,22,0.0,0.0,0.0,0.0,0.0,0.0,0.0,0.0,0.0,0.0,0.0,0.0,0.0,0.0,0.0,0.0,1067.0,0.0,0.0,0.0,0.0,0.0,0.0,0.0,0.0,0.0,0.0,0.0,0.0,0.0
189,Owen,Dodgson,Dodgson,u,Has joined Stockport County on loan for the rest of the season.,,4.0,668,170.0,0.0,699,241.0,0.0,482.0,188.0,0,0,0.0,0,0.0,0,4,0.0,0.0,0.0,0.0,0.0,568.0,211.0,0.0,0.0,557.0,210.0,552.0,211.0,517.0,204.0,560.0,210.0,,,,,,,,0.0,0.0,0.0,0.0,0.0,0.0,0.0,0.0,0.0,22,0.0,0.0,0.0,0.0,0.0,0.0,0.0,0.0,0.0,0.0,0.0,0.0,0.0,0.0,0.0,0.0,5.0,0.0,0.0,0.0,0.0,0.0,0.0,0.0,0.0,0.0,0.0,0.0,0.0,0.0
190,Hjalmar,Ekdal,Ekdal,a,,,3.9,747,220.0,0.9,192,74.0,2.8,145.0,56.0,1,0,0.0,-1,1.0,378,1943,0.7,11.3,2.8,2.3,2.9,195.0,76.0,,,154.0,65.0,325.0,110.0,240.0,67.0,236.0,80.0,,,,,,,,0.02,0.02,0.04,1.74,0.0,0.15,1.83,0.99,10.08,22,1.0,16.0,0.0,0.0,0.0,0.0,0.0,0.0,0.0,0.0,0.0,0.0,0.0,0.0,4.0,735.0,2755.0,0.0,0.0,0.0,0.0,0.879999999999999,6.199999999999989,0.0,0.0,0.6000000000000014,0.0,3.0,0.0,3.0
191,Maxime,Estève,Estève,a,,,3.9,746,219.0,8.3,50,15.0,1.0,278.0,100.0,2,0,0.0,-1,1.0,3236,11129,0.3,12.1,1.0,0.5,2.5,247.0,93.0,100.0,100.0,73.0,32.0,270.0,85.0,269.0,76.0,182.0,59.0,,,,,,,,0.02,0.02,0.04,2.2,0.0,0.11,2.13,1.06,10.01,22,2.0,73.0,0.0,0.0,0.0,1.0,0.0,0.0,0.0,0.0,0.0,0.0,1.0,0.0,6.0,4919.0,16380.0,0.0,0.0,0.0,0.0,2.3000000000000043,13.399999999999977,0.29999999999999716,2.0,1.6000000000000014,1.0,5.0,0.0,6.0
340,Alex,Cairns,Cairns,a,,,3.9,726,70.0,0.2,405,62.0,0.0,432.0,34.0,0,0,0.0,-1,1.0,60,154,0.0,0.0,0.0,0.0,0.0,518.0,39.0,,,508.0,39.0,501.0,26.0,463.0,11.0,511.0,39.0,,,,,,,,0.0,0.0,0.0,0.0,0.0,0.0,0.0,0.0,0.0,22,0.0,0.0,0.0,0.0,0.0,0.0,0.0,0.0,0.0,0.0,0.0,0.0,0.0,0.0,0.0,124.0,193.0,0.0,0.0,0.0,0.0,0.0,0.0,0.0,0.0,0.0,0.0,0.0,0.0,0.0
341,Karl,Darlow,Darlow,a,,,3.9,721,65.0,2.0,129,17.0,1.2,263.0,20.0,6,0,0.0,-1,1.0,4062,1855,0.3,4.1,1.2,1.2,2.7,224.0,19.0,,,294.0,24.0,496.0,21.0,458.0,6.0,376.0,24.0,,,,,,,,0.0,0.0,0.0,0.8,2.33,0.17,1.33,1.0,0.0,22,6.0,90.0,0.0,0.0,1.0,0.0,0.0,0.0,0.0,0.0,0.0,1.0,1.0,0.0,24.0,4874.0,2717.0,0.0,0.0,0.0,0.0,0.39000000000000057,12.599999999999994,0.0,0.0,1.3000000000000007,0.0,2.0,6.0,0.0
503,Carlos Miguel,dos Santos Pereira,C.Miguel,u,Has joined Palmeiras permanently.,,4.0,674,55.0,0.1,531,76.0,0.0,487.0,68.0,0,0,0.0,0,0.0,0,29,0.0,0.0,0.0,0.0,0.0,573.0,73.0,0.0,0.0,562.0,73.0,557.0,62.0,522.0,47.0,565.0,73.0,,,,,,,,0.0,0.0,0.0,0.0,0.0,0.0,0.0,0.0,0.0,22,0.0,0.0,0.0,0.0,0.0,0.0,0.0,0.0,0.0,0.0,0.0,0.0,0.0,0.0,0.0,0.0,40.0,0.0,0.0,0.0,0.0,0.0,0.0,0.0,0.0,0.0,0.0,0.0,0.0,0.0
504,Matt,Turner,Turner,u,Has joined Lyon permanently.,,4.0,660,47.0,0.1,497,75.0,0.0,475.0,60.0,0,0,0.0,0,0.0,0,56,0.0,0.0,0.0,0.0,0.0,561.0,65.0,0.0,0.0,550.0,65.0,545.0,54.0,510.0,39.0,553.0,65.0,,,,,,,,0.0,0.0,0.0,0.0,0.0,0.0,0.0,0.0,0.0,22,0.0,0.0,0.0,0.0,0.0,0.0,0.0,0.0,0.0,0.0,0.0,0.0,0.0,0.0,0.0,0.0,71.0,0.0,0.0,0.0,0.0,0.0,0.0,0.0,0.0,0.0,0.0,0.0,0.0,0.0
505,Nikola,Milenković,Milenković,a,,,5.1,230,33.0,3.1,104,42.0,3.0,139.0,55.0,6,0,0.0,-4,4.0,1669,2664,0.6,11.4,3.0,2.0,2.6,241.0,91.0,,,60.0,28.0,338.0,116.0,223.0,58.0,174.0,57.0,,,,,,,,0.03,0.02,0.05,1.41,0.0,0.18,1.55,1.0,8.09,22,6.0,90.0,0.0,0.0,1.0,0.0,0.0,0.0,0.0,0.0,0.0,0.0,1.0,0.0,24.0,1889.0,5374.0,0.0,0.0,0.0,0.0,2.1000000000000014,19.19999999999999,0.29999999999999716,0.0,2.0,1.0,8.0,3.0,9.0
506,Murillo,Costa dos Santos,Murillo,a,,,5.2,221,31.0,1.9,134,54.0,3.4,104.0,36.0,8,0,0.0,-3,3.0,7507,1840,0.7,10.4,3.4,2.4,3.4,133.0,52.0,100.0,100.0,76.0,34.0,254.0,74.0,260.0,73.0,177.0,58.0,,3.0,,,,,,0.03,0.03,0.06,1.37,0.0,0.2,1.45,1.05,10.06,22,8.0,90.0,0.0,0.0,1.0,0.0,0.0,0.0,0.0,0.0,0.0,0.0,1.0,0.0,26.0,8149.0,3357.0,0.0,0.0,0.009999999999999953,0.010000000000000009,2.1000000000000014,23.0,13.700000000000003,0.0,3.6999999999999957,1.0,12.0,1.0,13.0
507,Ola,Aina,Aina,a,,,4.7,375,64.0,1.9,133,53.0,1.6,235.0,87.0,5,0,0.0,-3,3.0,1878,584,0.3,3.0,1.6,0.6,2.3,274.0,107.0,100.0,100.0,325.0,126.0,276.0,87.0,306.0,98.0,337.0,116.0,,,,,,,,0.01,0.07,0.08,1.61,0.0,0.17,1.39,1.04,7.3,22,5.0,90.0,0.0,0.0,1.0,0.0,0.0,0.0,0.0,1.0,0.0,0.0,1.0,0.0,15.0,2061.0,795.0,0.0,0.009999999999999995,0.019999999999999962,0.030000000000000027,2.0999999999999996,7.200000000000003,2.8999999999999986,1.0,1.0999999999999979,0.0,4.0,4.0,4.0
508,Neco,Williams,N.Williams,a,,,4.7,378,65.0,3.2,103,41.0,2.6,163.0,63.0,6,0,0.0,-3,3.0,2562,3750,0.6,13.8,2.6,1.6,3.0,186.0,74.0,,,29.0,12.0,43.0,5.0,84.0,8.0,35.0,2.0,4.0,,,,,,,0.06,0.1,0.16,1.41,0.0,0.18,1.55,1.0,6.73,22,6.0,90.0,0.0,0.0,1.0,0.0,0.0,0.0,0.0,0.0,0.0,0.0,1.0,0.0,25.0,2934.0,7551.0,0.0,0.0,0.18999999999999995,0.18999999999999995,2.1000000000000014,12.800000000000011,12.199999999999989,4.0,2.9000000000000057,2.0,2.0,3.0,4.0
511,Felipe,Rodrigues da Silva,Morato,a,,,4.3,583,136.0,0.1,499,180.0,0.2,358.0,138.0,0,0,0.0,-2,2.0,49,131,0.0,4.9,0.2,-0.8,2.1,304.0,114.0,,,246.0,101.0,407.0,147.0,404.0,150.0,349.0,123.0,,,,,,,,0.0,0.01,0.01,1.36,0.0,0.13,1.78,1.02,8.89,22,0.0,0.0,0.0,0.0,0.0,0.0,0.0,0.0,0.0,0.0,0.0,0.0,0.0,0.0,0.0,57.0,179.0,0.0,0.0,0.0,0.0,0.0,0.0,0.0,0.0,0.0,0.0,0.0,0.0,0.0
514,Willy,Boly,Boly,a,,,3.8,769,232.0,0.4,284,107.0,0.0,402.0,146.0,0,0,0.0,-2,2.0,811,332,0.0,0.0,0.0,-1.0,0.0,492.0,173.0,100.0,100.0,481.0,172.0,471.0,171.0,432.0,160.0,484.0,172.0,,,,,,,,0.0,0.0,0.0,0.0,0.0,0.0,0.0,0.0,0.0,22,0.0,0.0,0.0,0.0,0.0,0.0,0.0,0.0,0.0,0.0,0.0,0.0,0.0,0.0,0.0,1076.0,474.0,0.0,0.0,0.0,0.0,0.0,0.0,0.0,0.0,0.0,0.0,0.0,0.0,0.0
517,Elliot,Anderson,Anderson,a,,,5.3,189,118.0,4.5,80,27.0,4.6,38.0,16.0,5,0,0.0,-2,2.0,18417,9182,0.9,17.4,4.6,3.6,4.2,57.0,24.0,,,31.0,8.0,8.0,8.0,137.0,81.0,23.0,19.0,2.0,,4.0,,,,,0.08,0.09,0.17,1.41,0.0,0.18,1.55,1.0,13.73,22,5.0,90.0,0.0,0.0,1.0,0.0,0.0,0.0,0.0,0.0,0.0,0.0,1.0,0.0,19.0,20108.0,16443.0,0.0,0.0,0.08000000000000007,0.07999999999999963,2.1000000000000014,21.200000000000045,16.199999999999932,0.0,3.6999999999999886,3.0,4.0,8.0,15.0
518,João Pedro,Ferreira da Silva,Jota,u,has joined Besiktas on loan for the rest of the season.,,5.4,176,110.0,0.0,607,235.0,0.0,767.0,337.0,0,0,0.0,-1,1.0,0,6,0.0,0.2,0.0,0.0,1.0,477.0,227.0,0.0,0.0,450.0,206.0,451.0,220.0,415.0,207.0,460.0,214.0,,,,,,,,0.0,0.0,0.0,0.0,0.0,0.0,0.0,0.0,24.55,22,0.0,0.0,0.0,0.0,0.0,0.0,0.0,0.0,0.0,0.0,0.0,0.0,0.0,0.0,0.0,0.0,9.0,0.0,0.0,0.0,0.0,0.0,0.0,0.0,0.0,0.0,0.0,0.0,0.0,0.0
519,Nicolás,Domínguez,Dominguez,a,,,5.0,255,156.0,0.0,656,270.0,4.0,66.0,30.0,3,0,0.0,0,0.0,259,77,0.8,5.6,4.0,3.0,2.2,293.0,129.0,100.0,100.0,270.0,119.0,169.0,114.0,239.0,130.0,261.0,128.0,3.0,,,,,,,0.12,0.05,0.17,1.34,0.0,0.28,1.52,1.24,9.25,22,3.0,88.0,0.0,0.0,1.0,0.0,0.0,0.0,0.0,0.0,0.0,0.0,1.0,0.0,6.0,333.0,89.0,0.0,0.20999999999999996,0.010000000000000009,0.21999999999999997,1.9900000000000002,17.799999999999983,3.799999999999983,15.0,3.6999999999999993,2.0,4.0,2.0,8.0
520,Lewis,O'Brien,O'Brien,u,Has joined Wrexham permanently.,,5.0,253,155.0,0.0,796,356.0,0.0,727.0,308.0,0,0,0.0,0,0.0,0,0,0.0,0.0,0.0,0.0,0.0,761.0,331.0,0.0,0.0,761.0,331.0,758.0,331.0,751.0,329.0,761.0,331.0,,,,,,,,0.0,0.0,0.0,0.0,0.0,0.0,0.0,0.0,0.0,22,0.0,0.0,0.0,0.0,0.0,0.0,0.0,0.0,0.0,0.0,0.0,0.0,0.0,0.0,0.0,0.0,0.0,0.0,0.0,0.0,0.0,0.0,0.0,0.0,0.0,0.0,0.0,0.0,0.0,0.0
521,Ibrahim,Sangaré,Sangaré,a,,,4.9,303,188.0,0.1,567,209.0,0.6,317.0,141.0,3,0,0.0,-1,1.0,221,39,0.1,10.2,0.6,-0.4,3.6,114.0,50.0,100.0,100.0,175.0,71.0,248.0,151.0,245.0,134.0,232.0,116.0,,,,,,,,0.07,0.1,0.17,1.41,0.0,0.38,1.23,1.13,10.66,22,3.0,90.0,0.0,0.0,1.0,0.0,0.0,0.0,0.0,0.0,0.0,0.0,1.0,0.0,13.0,257.0,63.0,0.0,0.0,0.040000000000000036,0.039999999999999813,2.0999999999999996,13.199999999999989,1.5,0.0,1.5,1.0,4.0,2.0,7.0
522,Ryan,Yates,Yates,a,,,4.7,377,236.0,0.1,543,195.0,0.0,681.0,276.0,0,0,0.0,-3,3.0,34,49,0.0,3.2,0.0,-0.8,1.4,397.0,178.0,100.0,75.0,363.0,160.0,356.0,186.0,340.0,177.0,380.0,175.0,,,,,,,,0.02,0.05,0.07,1.05,0.0,0.0,1.51,0.3,9.93,22,0.0,0.0,0.0,0.0,0.0,0.0,0.0,0.0,0.0,0.0,0.0,0.0,0.0,0.0,0.0,41.0,78.0,0.0,0.0,0.0,0.0,0.0,0.0,0.0,0.0,0.0,0.0,0.0,0.0,0.0
523,Eric,da Silva Moreira,Da Silva Moreira,a,,,4.5,466,285.0,0.1,570,210.0,0.0,647.0,250.0,0,0,0.0,0,0.0,26,17,0.0,0.0,0.0,0.0,0.0,703.0,289.0,100.0,0.0,701.0,287.0,697.0,288.0,679.0,282.0,702.0,288.0,,,,,,,,0.0,0.0,0.0,0.0,0.0,0.0,0.0,0.0,0.0,22,0.0,0.0,0.0,0.0,0.0,0.0,0.0,0.0,0.0,0.0,0.0,0.0,0.0,0.0,0.0,26.0,21.0,0.0,0.0,0.0,0.0,0.0,0.0,0.0,0.0,0.0,0.0,0.0,0.0,0.0
524,Marko,Stamenić,Stamenic,u,Has joined Swansea City permanently.,,4.5,442,265.0,0.0,675,281.0,0.0,630.0,235.0,0,0,0.0,0,0.0,0,3,0.0,0.0,0.0,0.0,0.0,687.0,275.0,0.0,0.0,683.0,271.0,680.0,273.0,660.0,265.0,684.0,272.0,,,,,,,,0.0,0.0,0.0,0.0,0.0,0.0,0.0,0.0,0.0,22,0.0,0.0,0.0,0.0,0.0,0.0,0.0,0.0,0.0,0.0,0.0,0.0,0.0,0.0,0.0,0.0,6.0,0.0,0.0,0.0,0.0,0.0,0.0,0.0,0.0,0.0,0.0,0.0,0.0,0.0
525,Chris,Wood,Wood,i,Knee injury - Unknown return date,,7.2,30,10.0,4.7,77,13.0,0.0,795.0,86.0,0,0,0.0,-3,3.0,45,2228,0.0,3.5,0.0,0.0,3.1,177.0,18.0,0.0,0.0,343.0,34.0,313.0,34.0,108.0,29.0,290.0,35.0,,,1.0,,,,,0.47,0.02,0.49,1.31,0.0,0.17,1.34,1.17,2.34,22,0.0,0.0,0.0,0.0,0.0,0.0,0.0,0.0,0.0,0.0,0.0,0.0,0.0,0.0,0.0,49.0,2673.0,0.0,0.0,0.0,0.0,0.0,0.0,0.0,0.0,0.0,0.0,0.0,0.0,0.0
526,Igor Jesus,Maciel da Cruz,Igor Jesus,a,,,5.8,108,31.0,1.0,181,26.0,2.6,169.0,20.0,2,0,0.0,-2,2.0,3383,4721,0.4,7.9,2.6,1.6,2.2,298.0,30.0,,,295.0,29.0,198.0,20.0,36.0,15.0,160.0,19.0,,,3.0,,,,,0.25,0.06,0.31,1.48,0.0,0.3,1.7,1.03,4.36,22,2.0,75.0,0.0,0.0,1.0,0.0,0.0,0.0,0.0,0.0,0.0,0.0,1.0,0.0,1.0,3926.0,8943.0,0.0,0.0,0.010000000000000009,0.009999999999999787,1.8999999999999986,0.6000000000000085,2.4000000000000057,4.0,0.6999999999999957,1.0,0.0,0.0,1.0
527,Taiwo,Awoniyi,Awoniyi,a,,,5.2,207,45.0,0.3,323,54.0,0.4,345.0,38.0,0,0,0.0,-3,3.0,439,267,0.1,1.3,0.4,-0.6,1.0,473.0,55.0,100.0,100.0,426.0,46.0,328.0,39.0,257.0,45.0,372.0,44.0,,,,,,,,0.23,0.19,0.42,1.45,0.0,0.0,0.99,0.49,4.95,22,0.0,0.0,0.0,0.0,0.0,0.0,0.0,0.0,0.0,0.0,0.0,0.0,0.0,0.0,0.0,516.0,369.0,0.0,0.0,0.0,0.0,0.0,0.0,0.0,0.0,0.0,0.0,0.0,0.0,0.0
693,Omari,Hutchinson,Hutchinson,a,,,5.4,175,109.0,0.1,439,150.0,3.0,143.0,60.0,1,0,0.0,-1,1.0,249,982,0.6,8.9,3.0,2.0,2.8,218.0,95.0,,,225.0,95.0,66.0,53.0,80.0,50.0,105.0,58.0,,,,,,,,0.16,0.25,0.41,1.46,0.0,0.21,1.54,0.82,7.59,22,1.0,1.0,0.0,0.0,0.0,0.0,0.0,0.0,0.0,0.0,0.0,0.0,0.0,0.0,4.0,312.0,1842.0,0.0,0.0,0.050000000000000266,0.050000000000000266,0.10000000000000142,3.0,4.5,2.0,1.0,0.0,1.0,0.0,1.0
696,Arnaud,Kalimuendo,Kalimuendo,u,has joined Eintracht Frankfurt on loan for the rest of the season.,,6.0,87,28.0,0.1,432,62.0,0.2,398.0,46.0,0,0,0.0,0,0.0,0,257,0.0,1.5,0.0,0.0,1.0,479.0,56.0,0.0,0.0,444.0,49.0,379.0,47.0,308.0,50.0,416.0,50.0,,,,,,,,0.44,0.02,0.46,1.59,0.0,0.0,3.03,0.0,6.07,22,0.0,0.0,0.0,0.0,0.0,0.0,0.0,0.0,0.0,0.0,0.0,0.0,0.0,0.0,0.0,0.0,334.0,0.0,0.0,0.0,0.0,0.0,0.0,0.0,0.0,0.0,0.0,0.0,0.0,0.0
699,Douglas Luiz,Soares de Paulo,Douglas Luiz,a,,,4.9,312,193.0,0.0,585,218.0,0.2,385.0,176.0,0,0,0.0,-1,1.0,108,105,0.0,2.2,0.2,-0.8,1.4,400.0,180.0,100.0,100.0,384.0,170.0,251.0,153.0,341.0,178.0,362.0,170.0,1.0,,,,,,,0.04,0.18,0.22,1.28,0.0,0.0,2.01,1.43,11.18,22,0.0,0.0,0.0,0.0,0.0,0.0,0.0,0.0,0.0,0.0,0.0,0.0,0.0,0.0,0.0,138.0,147.0,0.0,0.0,0.0,0.0,0.0,0.0,0.0,0.0,0.0,0.0,0.0,0.0,0.0
715,John Victor,Maciel Furtado,John,i,Knee injury - Unknown return date,,4.0,658,46.0,0.4,266,34.0,0.8,293.0,21.0,0,0,0.0,0,0.0,39,1414,0.2,2.8,0.0,0.0,2.2,281.0,24.0,0.0,0.0,377.0,29.0,543.0,53.0,508.0,38.0,418.0,29.0,,,,,,,,0.0,0.0,0.0,1.26,1.24,0.21,1.65,1.03,0.0,22,0.0,0.0,0.0,0.0,0.0,0.0,0.0,0.0,0.0,0.0,0.0,0.0,0.0,0.0,0.0,53.0,2294.0,0.0,0.0,0.0,0.0,0.0,0.0,0.0,0.0,0.0,0.0,0.0,0.0,0.0
217,Lyle,Foster,Foster,a,,,4.9,320,57.0,0.8,202,31.0,0.2,387.0,43.0,1,0,0.0,-1,1.0,1138,1030,0.0,7.6,0.2,-0.3,2.5,256.0,25.0,100.0,100.0,275.0,25.0,204.0,21.0,162.0,37.0,258.0,30.0,,,,,,,,0.16,0.03,0.19,1.94,0.0,0.3,1.91,1.1,5.22,22,1.0,16.0,0.0,0.0,0.0,0.0,0.0,0.0,0.0,0.0,0.0,0.0,0.0,0.0,2.0,1566.0,1468.0,0.0,0.0,0.0,0.0,0.879999999999999,4.0,0.0,0.0,0.3999999999999986,0.0,1.0,0.0,1.0
676,Lesley,Ugochukwu,Ugochukwu,a,,,5.0,271,166.0,0.1,435,148.0,3.2,117.0,52.0,4,0,0.0,0,0.0,900,433,0.6,13.0,3.2,2.7,3.1,173.0,73.0,100.0,100.0,137.0,49.0,202.0,131.0,118.0,68.0,154.0,86.0,,,,,,,,0.14,0.01,0.15,2.15,0.0,0.2,1.84,1.05,9.16,22,4.0,84.0,0.0,0.0,0.0,1.0,0.0,0.0,0.0,0.0,0.0,0.0,1.0,0.0,10.0,1147.0,751.0,0.0,0.0,0.009999999999999981,0.010000000000000231,3.16,26.400000000000034,1.4000000000000057,2.0,3.0,2.0,6.0,4.0,12.0
680,Armando,Broja,Broja,a,,,5.2,212,47.0,0.2,350,57.0,3.0,140.0,14.0,2,0,0.0,-3,3.0,1485,1112,0.6,6.5,3.0,2.5,2.1,308.0,31.0,100.0,100.0,323.0,32.0,294.0,31.0,107.0,28.0,271.0,33.0,,,,,,,,0.25,0.01,0.26,2.42,0.0,0.13,2.96,0.9,5.28,22,2.0,73.0,0.0,0.0,0.0,1.0,0.0,0.0,0.0,0.0,0.0,0.0,1.0,0.0,5.0,1869.0,1791.0,0.0,0.0,0.0,0.0,2.3000000000000007,0.0,0.7999999999999972,0.0,0.0,0.0,1.0,3.0,4.0
722,Florentino Ibrain,Morris Luís,Florentino,a,,,5.0,250,153.0,0.0,604,232.0,3.2,116.0,51.0,7,0,0.0,0,0.0,545,112,0.6,11.4,3.2,2.7,3.2,156.0,66.0,,,134.0,47.0,153.0,104.0,305.0,159.0,190.0,102.0,,,,,,,,0.04,0.02,0.06,2.11,0.0,0.13,1.93,1.03,13.29,22,7.0,89.0,0.0,1.0,0.0,1.0,0.0,0.0,0.0,0.0,0.0,0.0,1.0,0.0,18.0,615.0,162.0,0.0,0.030000000000000027,0.030000000000000027,0.06000000000000005,3.1599999999999966,32.19999999999999,12.400000000000006,1.0,4.599999999999994,9.0,3.0,3.0,15.0
734,Dilane,Bakwa,Bakwa,a,,,5.9,101,66.0,0.0,676,282.0,1.4,255.0,112.0,0,0,0.0,-1,1.0,39,64,0.2,2.0,1.4,0.4,1.5,394.0,177.0,100.0,100.0,382.0,169.0,199.0,129.0,253.0,138.0,321.0,156.0,,,,,,,,0.12,0.2,0.32,1.64,0.0,0.0,2.09,0.89,6.85,22,0.0,0.0,0.0,0.0,0.0,0.0,0.0,0.0,0.0,0.0,0.0,0.0,0.0,0.0,0.0,47.0,92.0,0.0,0.0,0.0,0.0,0.0,0.0,0.0,0.0,0.0,0.0,0.0,0.0,0.0
528,Anthony,Patterson,Patterson,a,,,4.2,625,34.0,0.2,380,55.0,0.0,533.0,78.0,0,0,0.0,-3,3.0,104,205,0.0,0.0,0.0,0.0,0.0,613.0,83.0,,,603.0,83.0,598.0,73.0,567.0,59.0,607.0,83.0,,,,,,,,0.0,0.0,0.0,0.0,0.0,0.0,0.0,0.0,0.0,22,0.0,0.0,0.0,0.0,0.0,0.0,0.0,0.0,0.0,0.0,0.0,0.0,0.0,0.0,0.0,150.0,257.0,0.0,0.0,0.0,0.0,0.0,0.0,0.0,0.0,0.0,0.0,0.0,0.0,0.0
529,Simon,Moore,Moore,a,,,3.9,722,66.0,0.4,279,38.0,0.0,428.0,30.0,0,0,0.0,-1,1.0,141,320,0.0,0.0,0.0,0.0,0.0,514.0,35.0,,,504.0,35.0,497.0,22.0,459.0,7.0,507.0,35.0,,,,,,,,0.0,0.0,0.0,0.0,0.0,0.0,0.0,0.0,0.0,22,0.0,0.0,0.0,0.0,0.0,0.0,0.0,0.0,0.0,0.0,0.0,0.0,0.0,0.0,0.0,183.0,425.0,0.0,0.0,0.0,0.0,0.0,0.0,0.0,0.0,0.0,0.0,0.0,0.0,0.0
530,Blondy,Nna Noukeu,Nna Noukeu,u,has joined US Boulogne CO permanently.,,3.9,751,83.0,0.1,430,66.0,0.0,449.0,47.0,0,0,0.0,-1,1.0,38,235,0.0,0.0,0.0,0.0,0.0,534.0,52.0,0.0,,524.0,52.0,517.0,39.0,480.0,24.0,527.0,52.0,,,,,,,,0.0,0.0,0.0,0.0,0.0,0.0,0.0,0.0,0.0,22,0.0,0.0,0.0,0.0,0.0,0.0,0.0,0.0,0.0,0.0,0.0,0.0,0.0,0.0,0.0,64.0,285.0,0.0,0.0,0.0,0.0,0.0,0.0,0.0,0.0,0.0,0.0,0.0,0.0,0.0
531,Daniel,Ballard,Ballard,a,,,4.6,391,68.0,3.1,105,43.0,1.2,268.0,96.0,4,0,0.0,1,-1.0,14430,4839,0.3,17.6,1.2,1.2,4.5,33.0,15.0,100.0,100.0,47.0,22.0,219.0,62.0,47.0,2.0,69.0,14.0,,,,,,,,0.14,0.03,0.17,1.34,0.0,0.27,1.1,0.96,10.92,22,4.0,90.0,0.0,0.0,0.0,1.0,0.0,0.0,0.0,0.0,0.0,0.0,1.0,0.0,14.0,19601.0,6771.0,0.0,0.6199999999999999,0.08999999999999997,0.71,0.6099999999999994,33.0,24.700000000000003,54.0,11.199999999999989,1.0,12.0,2.0,13.0
555,Alan,Browne,Browne,u,has joined Middlesbrough on loan for the rest of the season.,,4.5,406,248.0,0.0,634,257.0,0.0,607.0,219.0,0,0,0.0,0,0.0,0,15,0.0,0.0,0.0,0.0,0.0,669.0,261.0,0.0,0.0,663.0,256.0,659.0,259.0,636.0,250.0,666.0,258.0,,,,,,,,0.0,0.0,0.0,0.0,0.0,0.0,0.0,0.0,0.0,22,0.0,0.0,0.0,0.0,0.0,0.0,0.0,0.0,0.0,0.0,0.0,0.0,0.0,0.0,0.0,0.0,19.0,0.0,0.0,0.0,0.0,0.0,0.0,0.0,0.0,0.0,0.0,0.0,0.0,0.0
557,Harrison,Jones,H.Jones,a,,,4.3,601,349.0,0.1,540,193.0,0.0,563.0,194.0,0,0,0.0,-2,2.0,154,83,0.0,0.0,0.0,0.0,0.0,631.0,238.0,,,621.0,229.0,619.0,234.0,591.0,222.0,624.0,231.0,,,,,,,,0.0,0.0,0.0,0.0,0.0,0.0,0.0,0.0,0.0,22,0.0,0.0,0.0,0.0,0.0,0.0,0.0,0.0,0.0,0.0,0.0,0.0,0.0,0.0,0.0,194.0,114.0,0.0,0.0,0.0,0.0,0.0,0.0,0.0,0.0,0.0,0.0,0.0,0.0,0.0
558,Jay,Matete,Matete,u,has joined MK Dons permanently.,,4.3,589,343.0,0.2,360,118.0,0.0,557.0,190.0,0,0,0.0,-2,2.0,0,1075,0.0,0.0,0.0,0.0,0.0,625.0,234.0,0.0,0.0,615.0,225.0,612.0,230.0,583.0,217.0,618.0,227.0,,,,,,,,0.0,0.0,0.0,0.0,0.0,0.0,0.0,0.0,0.0,22,0.0,0.0,0.0,0.0,0.0,0.0,0.0,0.0,0.0,0.0,0.0,0.0,0.0,0.0,0.0,0.0,1439.0,0.0,0.0,0.0,0.0,0.0,0.0,0.0,0.0,0.0,0.0,0.0,0.0,0.0
559,Nectarios,Triantis,Triantis,u,has joined Minnesota United permanently.,,4.4,538,322.0,0.0,631,254.0,0.0,586.0,206.0,0,0,0.0,-1,1.0,0,10,0.0,0.0,0.0,0.0,0.0,650.0,250.0,0.0,0.0,641.0,242.0,639.0,247.0,614.0,236.0,644.0,244.0,,,,,,,,0.0,0.0,0.0,0.0,0.0,0.0,0.0,0.0,0.0,22,0.0,0.0,0.0,0.0,0.0,0.0,0.0,0.0,0.0,0.0,0.0,0.0,0.0,0.0,0.0,0.0,16.0,0.0,0.0,0.0,0.0,0.0,0.0,0.0,0.0,0.0,0.0,0.0,0.0,0.0
560,Wilson,Isidor,Isidor,a,,,5.2,211,46.0,1.6,147,22.0,0.4,346.0,39.0,0,0,0.0,-3,3.0,3765,5962,0.1,9.6,0.4,0.4,2.6,242.0,24.0,100.0,100.0,251.0,22.0,368.0,44.0,37.0,16.0,179.0,20.0,,,,,,,,0.31,0.01,0.32,1.44,0.0,0.37,1.21,1.02,3.34,22,0.0,0.0,0.0,0.0,0.0,0.0,0.0,0.0,0.0,0.0,0.0,0.0,0.0,0.0,0.0,4799.0,9261.0,0.0,0.0,0.0,0.0,0.0,0.0,0.0,0.0,0.0,0.0,0.0,0.0,0.0
561,Eliezer,Mayenda Dossou,Mayenda,a,,,5.2,219,48.0,0.5,249,40.0,1.4,250.0,32.0,1,0,0.0,-3,3.0,357,509,0.3,4.6,1.4,1.4,1.8,348.0,36.0,,,354.0,36.0,327.0,38.0,163.0,38.0,318.0,38.0,,,3.0,,,,,0.19,0.02,0.21,1.62,0.0,0.54,0.72,0.9,3.25,22,1.0,6.0,0.0,0.0,0.0,0.0,0.0,0.0,0.0,0.0,0.0,0.0,0.0,0.0,4.0,436.0,705.0,0.0,0.14,0.0,0.1399999999999999,0.0,6.0,1.3000000000000043,17.0,2.3999999999999986,0.0,1.0,1.0,2.0
562,Ahmed,Abdullahi,Abdullahi,a,,,4.2,639,88.0,0.4,276,43.0,0.0,545.0,52.0,0,0,0.0,-3,3.0,1560,644,0.0,0.0,0.0,0.0,0.0,618.0,62.0,,,608.0,61.0,605.0,61.0,575.0,61.0,612.0,62.0,,,,,,,,0.0,0.0,0.0,0.0,0.0,0.0,0.0,0.0,0.0,22,0.0,0.0,0.0,0.0,0.0,0.0,0.0,0.0,0.0,0.0,0.0,0.0,0.0,0.0,0.0,1794.0,828.0,0.0,0.0,0.0,0.0,0.0,0.0,0.0,0.0,0.0,0.0,0.0,0.0,0.0
563,Luís Hemir,Silva Semedo,Luís Hemir,u,has joined Moreirense on loan for the rest of the season.,,4.4,546,76.0,0.1,488,67.0,0.0,592.0,60.0,0,0,0.0,-1,1.0,0,24,0.0,0.0,0.0,0.0,0.0,656.0,69.0,0.0,0.0,648.0,69.0,645.0,68.0,621.0,68.0,651.0,69.0,,,,,,,,0.0,0.0,0.0,0.0,0.0,0.0,0.0,0.0,0.0,22,0.0,0.0,0.0,0.0,0.0,0.0,0.0,0.0,0.0,0.0,0.0,0.0,0.0,0.0,0.0,0.0,39.0,0.0,0.0,0.0,0.0,0.0,0.0,0.0,0.0,0.0,0.0,0.0,0.0,0.0
564,Nazarii,Rusyn,Rusyn,u,has joined Arka on loan for the rest of the season.,,4.4,530,73.0,0.1,491,68.0,0.0,582.0,57.0,0,0,0.0,-1,1.0,0,34,0.0,0.0,0.0,0.0,0.0,646.0,66.0,0.0,0.0,636.0,66.0,634.0,65.0,609.0,65.0,639.0,66.0,,,,,,,,0.0,0.0,0.0,0.0,0.0,0.0,0.0,0.0,0.0,22,0.0,0.0,0.0,0.0,0.0,0.0,0.0,0.0,0.0,0.0,0.0,0.0,0.0,0.0,0.0,0.0,46.0,0.0,0.0,0.0,0.0,0.0,0.0,0.0,0.0,0.0,0.0,0.0,0.0,0.0
668,Granit,Xhaka,Xhaka,a,,,5.2,204,128.0,7.0,57,21.0,3.8,73.0,33.0,2,0,0.0,2,-2.0,19223,20964,0.7,17.3,3.8,3.8,4.1,64.0,25.0,,,18.0,5.0,25.0,24.0,246.0,135.0,39.0,29.0,1.0,1.0,,,,,,0.03,0.1,0.13,1.43,0.0,0.32,1.06,1.01,10.87,22,2.0,90.0,0.0,0.0,0.0,1.0,0.0,0.0,0.0,0.0,0.0,0.0,1.0,0.0,12.0,25304.0,28959.0,0.0,0.0,0.040000000000000036,0.03999999999999959,0.6099999999999994,5.400000000000091,6.5,0.0,1.2000000000000028,0.0,3.0,2.0,5.0
670,Robin,Roefs,Roefs,a,,,5.0,267,10.0,13.1,31,5.0,3.4,100.0,8.0,2,1,-1.0,5,-5.0,38205,20240,0.7,19.4,3.4,3.4,4.4,44.0,2.0,,,8.0,2.0,331.0,2.0,757.0,84.0,124.0,2.0,,,,,,,,0.0,0.0,0.0,1.45,3.36,0.32,1.05,1.0,0.0,22,2.0,90.0,0.0,0.0,0.0,1.0,0.0,0.0,0.0,0.0,0.0,1.0,1.0,0.0,13.0,67963.0,24620.0,0.0,0.0,0.0,0.0,0.6099999999999994,13.799999999999955,0.0,0.0,1.3999999999999915,0.0,2.0,10.0,0.0
678,Arthur,Masuaku,Masuaku,i,Ankle injury - Expected back 22 Feb,,3.9,727,209.0,0.5,246,93.0,0.0,433.0,168.0,0,0,0.0,-1,1.0,17,542,0.0,0.3,0.0,0.0,0.3,490.0,171.0,0.0,0.0,419.0,159.0,372.0,135.0,392.0,146.0,422.0,154.0,,,,,,,,0.05,0.06,0.11,1.5,0.0,0.0,1.44,1.44,7.2,22,0.0,0.0,0.0,0.0,0.0,0.0,0.0,0.0,0.0,0.0,0.0,0.0,0.0,0.0,0.0,20.0,830.0,0.0,0.0,0.0,0.0,0.0,0.0,0.0,0.0,0.0,0.0,0.0,0.0,0.0
683,Omar,Alderete,Alderete,a,,,4.1,643,157.0,6.5,61,20.0,3.0,123.0,46.0,1,0,0.0,1,-1.0,16893,16364,0.7,19.0,3.0,3.0,4.3,48.0,20.0,100.0,100.0,43.0,20.0,280.0,91.0,97.0,13.0,99.0,28.0,,,,,,,,0.07,0.04,0.11,1.46,0.0,0.35,1.04,0.98,9.81,22,1.0,90.0,0.0,0.0,0.0,1.0,0.0,0.0,0.0,1.0,0.0,0.0,1.0,0.0,7.0,30632.0,20421.0,0.0,0.07000000000000006,0.010000000000000009,0.07999999999999985,0.6099999999999994,14.0,1.1000000000000014,1.0,1.6000000000000085,1.0,7.0,1.0,8.0
694,Nordi,Mukiele,Mukiele,a,,,4.4,517,105.0,11.7,38,12.0,5.6,13.0,6.0,6,0,0.0,4,-4.0,117790,11080,1.3,22.3,5.6,5.6,4.9,18.0,7.0,,,32.0,13.0,108.0,27.0,190.0,44.0,78.0,17.0,,,,,,,,0.03,0.08,0.11,1.51,0.0,0.3,1.05,1.0,10.15,22,6.0,90.0,0.0,1.0,0.0,1.0,0.0,0.0,0.0,1.0,0.0,0.0,1.0,0.0,28.0,169215.0,16096.0,0.0,0.0,0.14000000000000012,0.1399999999999999,0.6099999999999994,47.0,37.69999999999999,4.0,8.900000000000006,3.0,8.0,1.0,11.0
724,Lutsharel,Geertruida,Geertruida,a,,,4.5,416,82.0,0.0,583,212.0,2.2,191.0,72.0,0,0,0.0,0,0.0,189,251,0.5,7.1,2.2,2.2,1.9,326.0,126.0,,,256.0,104.0,277.0,88.0,318.0,102.0,308.0,104.0,,,,,,,,0.03,0.04,0.07,1.91,0.0,0.19,1.3,0.93,5.94,22,0.0,0.0,0.0,0.0,0.0,0.0,0.0,0.0,0.0,0.0,0.0,0.0,0.0,0.0,0.0,303.0,292.0,0.0,0.0,0.0,0.0,0.0,0.0,0.0,0.0,0.0,0.0,0.0,0.0,0.0
730,Brian,Brobbey,Brobbey,a,,,5.5,147,35.0,0.7,217,33.0,4.6,40.0,4.0,9,0,0.0,0,0.0,37912,2995,0.8,8.9,4.6,4.6,2.9,203.0,19.0,100.0,100.0,228.0,20.0,297.0,32.0,92.0,27.0,220.0,26.0,,,,,,,,0.22,0.02,0.24,1.7,0.0,0.35,1.04,0.92,4.15,22,9.0,83.0,1.0,0.0,0.0,1.0,0.0,0.0,0.0,0.0,0.0,0.0,1.0,3.0,42.0,39843.0,4140.0,0.0,0.18999999999999995,0.04000000000000001,0.22999999999999998,0.6100000000000012,39.19999999999999,11.5,26.0,7.700000000000003,1.0,1.0,3.0,5.0
735,Bertrand,Traoré,Traoré,i,Knee injury - Expected back 11 Feb,,5.5,137,85.0,0.0,626,249.0,0.0,771.0,340.0,0,0,0.0,0,0.0,27,103,0.0,5.1,0.0,0.0,2.8,219.0,96.0,0.0,0.0,298.0,134.0,201.0,130.0,150.0,89.0,260.0,127.0,,,,,,,,0.07,0.04,0.11,1.33,0.0,0.44,1.33,1.33,5.93,22,0.0,0.0,0.0,0.0,0.0,0.0,0.0,0.0,0.0,0.0,0.0,0.0,0.0,0.0,0.0,28.0,142.0,0.0,0.0,0.0,0.0,0.0,0.0,0.0,0.0,0.0,0.0,0.0,0.0,0.0
774,Jenson,Jones,Jenson Jones,a,,,4.0,661,166.0,0.0,735,250.0,0.0,476.0,185.0,0,0,0.0,0,0.0,67,36,0.0,0.0,0.0,0.0,0.0,562.0,208.0,,,551.0,207.0,546.0,208.0,511.0,201.0,554.0,207.0,,,,,,,,0.0,0.0,0.0,0.0,0.0,0.0,0.0,0.0,0.0,22,0.0,0.0,0.0,0.0,0.0,0.0,0.0,0.0,0.0,0.0,0.0,0.0,0.0,0.0,0.0,89.0,38.0,0.0,0.0,0.0,0.0,0.0,0.0,0.0,0.0,0.0,0.0,0.0,0.0,0.0
88,Lewis,Cook,Cook,a,,,4.9,288,178.0,0.0,615,240.0,3.0,134.0,55.0,4,0,0.0,-1,1.0,365,172,0.6,5.3,2.5,3.0,2.2,292.0,128.0,100.0,100.0,262.0,114.0,172.0,115.0,379.0,191.0,291.0,141.0,,,,,,,,0.01,0.04,0.05,1.51,0.0,0.0,2.29,0.76,15.25,22,4.0,90.0,0.0,0.0,0.0,1.0,0.0,0.0,0.0,0.0,0.0,0.0,1.0,0.0,18.0,488.0,204.0,0.0,0.0,0.010000000000000009,0.009999999999999953,1.049999999999999,27.400000000000006,2.200000000000017,0.0,3.0,1.0,7.0,10.0,18.0
90,Alex,Scott,Scott,a,,,5.0,270,165.0,0.2,341,113.0,3.4,101.0,48.0,4,0,0.0,0,0.0,1067,596,0.7,13.2,2.9,3.4,3.0,189.0,79.0,100.0,100.0,167.0,63.0,113.0,81.0,146.0,85.0,141.0,78.0,1.0,,,,,,,0.08,0.05,0.13,1.49,0.0,0.3,1.74,1.14,11.66,22,4.0,90.0,0.0,0.0,0.0,1.0,0.0,0.0,0.0,0.0,0.0,0.0,1.0,0.0,12.0,1407.0,860.0,0.0,0.08000000000000007,0.029999999999999916,0.11000000000000032,1.0500000000000007,13.800000000000011,16.19999999999999,7.0,3.6999999999999957,1.0,4.0,8.0,13.0
91,Luis,Sinisterra Lucumí,Sinisterra,u,Has joined Cruzeiro on loan for the rest of the season.,,5.0,252,154.0,0.0,718,306.0,0.0,726.0,307.0,0,0,0.0,0,0.0,0,2,0.0,0.0,0.0,0.0,0.0,760.0,330.0,0.0,0.0,760.0,330.0,757.0,330.0,750.0,328.0,760.0,330.0,,,,,,,,0.0,0.0,0.0,0.0,0.0,0.0,0.0,0.0,0.0,22,0.0,0.0,0.0,0.0,0.0,0.0,0.0,0.0,0.0,0.0,0.0,0.0,0.0,0.0,0.0,0.0,4.0,0.0,0.0,0.0,0.0,0.0,0.0,0.0,0.0,0.0,0.0,0.0,0.0,0.0
93,Hamed,Traorè,H.Traorè,u,has joined Marseille on loan for the rest of the season.,,4.5,417,251.0,0.3,321,108.0,0.0,614.0,222.0,0,0,0.0,0,0.0,0,126,0.0,0.9,0.0,0.0,4.0,69.0,30.0,0.0,0.0,421.0,186.0,401.0,200.0,644.0,253.0,440.0,200.0,,,,,,,,0.0,0.0,0.0,2.25,0.0,0.0,11.25,0.0,22.5,22,0.0,0.0,0.0,0.0,0.0,0.0,0.0,0.0,0.0,0.0,0.0,0.0,0.0,0.0,0.0,0.0,170.0,0.0,0.0,0.0,0.0,0.0,0.0,0.0,0.0,0.0,0.0,0.0,0.0,0.0
94,Dominic,Sadi,Sadi,u,has joined Novi Pazar on loan for the rest of the season.,,4.5,457,279.0,0.0,633,256.0,0.0,641.0,246.0,0,0,0.0,0,0.0,0,13,0.0,0.0,0.0,0.0,0.0,698.0,286.0,0.0,0.0,694.0,282.0,691.0,284.0,671.0,276.0,695.0,283.0,,,,,,,,0.0,0.0,0.0,0.0,0.0,0.0,0.0,0.0,0.0,22,0.0,0.0,0.0,0.0,0.0,0.0,0.0,0.0,0.0,0.0,0.0,0.0,0.0,0.0,0.0,0.0,17.0,0.0,0.0,0.0,0.0,0.0,0.0,0.0,0.0,0.0,0.0,0.0,0.0,0.0
380,Calvin,Ramsay,Ramsay,a,,,3.8,783,245.0,0.2,346,127.0,0.0,412.0,155.0,0,0,0.0,-2,2.0,81,273,0.0,0.0,0.5,0.5,0.0,499.0,179.0,,,489.0,179.0,480.0,179.0,441.0,168.0,492.0,179.0,,,,,,,,0.0,0.0,0.0,0.0,0.0,0.0,0.0,0.0,0.0,22,0.0,0.0,0.0,0.0,0.0,0.0,0.0,0.0,0.0,0.0,0.0,0.0,0.0,0.0,0.0,116.0,359.0,0.0,0.0,0.0,0.0,0.0,0.0,0.0,0.0,0.0,0.0,0.0,0.0,0.0
775,Tymur,Tutierov,Tutierov,u,has joined Exeter City on loan for the rest of the season.,,4.5,485,299.0,0.0,792,353.0,0.0,663.0,261.0,0,0,0.0,0,0.0,0,17,0.0,0.0,0.0,0.0,0.0,719.0,300.0,0.0,0.0,718.0,299.0,713.0,299.0,696.0,294.0,718.0,299.0,,,,,,,,0.0,0.0,0.0,0.0,0.0,0.0,0.0,0.0,0.0,22,0.0,0.0,0.0,0.0,0.0,0.0,0.0,0.0,0.0,0.0,0.0,0.0,0.0,0.0,0.0,0.0,22.0,0.0,0.0,0.0,0.0,0.0,0.0,0.0,0.0,0.0,0.0,0.0,0.0,0.0
96,Ben,Winterburn,Winterburn,u,has joined Barnet on loan for the rest of the season.,,4.5,487,301.0,0.0,630,253.0,0.0,665.0,263.0,0,0,0.0,0,0.0,0,14,0.0,0.2,0.0,0.0,1.0,457.0,211.0,0.0,0.0,720.0,301.0,715.0,301.0,698.0,296.0,720.0,301.0,,,,,,,,0.0,0.0,0.0,4.65,0.0,0.0,30.0,0.0,0.0,22,0.0,0.0,0.0,0.0,0.0,0.0,0.0,0.0,0.0,0.0,0.0,0.0,0.0,0.0,0.0,0.0,19.0,0.0,0.0,0.0,0.0,0.0,0.0,0.0,0.0,0.0,0.0,0.0,0.0,0.0
97,Francisco Evanilson,de Lima Barbosa,Evanilson,a,,,7.0,40,16.0,1.6,149,23.0,3.6,95.0,9.0,2,0,0.0,0,0.0,6386,6001,0.5,9.1,3.1,3.6,3.2,163.0,15.0,100.0,100.0,224.0,19.0,106.0,3.0,19.0,11.0,66.0,12.0,,,,,,,,0.34,0.05,0.39,1.22,0.0,0.3,1.74,1.02,3.73,22,2.0,90.0,0.0,0.0,0.0,1.0,0.0,0.0,0.0,0.0,0.0,0.0,1.0,0.0,5.0,8588.0,9099.0,0.0,0.3600000000000003,0.0,0.3600000000000003,1.0500000000000007,6.400000000000006,2.8000000000000114,31.0,4.0,0.0,2.0,3.0,5.0
98,Enes,Ünal,Enes Ünal,i,Muscle injury - Expected back 31 Jan,,5.4,161,39.0,0.0,611,78.0,0.6,322.0,36.0,0,0,0.0,-1,1.0,22,336,0.1,2.4,0.0,0.0,1.4,402.0,45.0,0.0,0.0,398.0,43.0,424.0,53.0,289.0,48.0,399.0,48.0,,,,,,,,0.78,0.04,0.82,1.53,0.0,0.0,1.62,0.0,4.05,22,0.0,0.0,0.0,0.0,0.0,0.0,0.0,0.0,0.0,0.0,0.0,0.0,0.0,0.0,0.0,24.0,465.0,0.0,0.0,0.0,0.0,0.0,0.0,0.0,0.0,0.0,0.0,0.0,0.0,0.0
99,Daniel,Adu-Adjei,Adu-Adjei,u,has joined HNK Rijeka permanently.,,4.4,555,79.0,0.1,415,61.0,0.0,599.0,63.0,0,0,0.0,-1,1.0,0,62,0.0,0.0,0.0,0.0,0.0,662.0,72.0,0.0,0.0,655.0,72.0,652.0,71.0,628.0,71.0,658.0,72.0,,,,,,,,0.0,0.0,0.0,0.0,0.0,0.0,0.0,0.0,0.0,22,0.0,0.0,0.0,0.0,0.0,0.0,0.0,0.0,0.0,0.0,0.0,0.0,0.0,0.0,0.0,0.0,84.0,0.0,0.0,0.0,0.0,0.0,0.0,0.0,0.0,0.0,0.0,0.0,0.0,0.0
100,Junior,Kroupi,Kroupi.Jr,a,,,4.6,397,62.0,4.5,79,14.0,3.0,129.0,13.0,2,0,0.0,1,-1.0,37827,13237,0.7,12.2,2.5,3.0,3.3,141.0,12.0,,,153.0,13.0,216.0,23.0,61.0,22.0,122.0,16.0,,,,,,,,0.51,0.03,0.54,1.49,0.0,0.42,2.11,1.13,6.62,22,2.0,71.0,0.0,0.0,1.0,0.0,0.0,0.0,0.0,0.0,0.0,0.0,1.0,0.0,10.0,50461.0,19116.0,0.0,0.050000000000000266,0.010000000000000009,0.06000000000000005,0.5500000000000007,8.800000000000011,12.099999999999994,9.0,3.0,0.0,6.0,1.0,7.0
391,Ben,Gannon-Doak,Gannon-Doak,i,Hamstring injury - Unknown return date,,4.8,366,229.0,0.0,628,251.0,0.0,693.0,284.0,0,0,0.0,-2,2.0,8,19,0.0,1.5,0.0,0.0,1.8,345.0,149.0,0.0,0.0,422.0,187.0,385.0,192.0,374.0,189.0,425.0,191.0,,,,,,,,0.15,0.15,0.3,4.52,0.0,0.0,1.7,0.0,5.09,22,0.0,0.0,0.0,0.0,0.0,0.0,0.0,0.0,0.0,0.0,0.0,0.0,0.0,0.0,0.0,10.0,31.0,0.0,0.0,0.0,0.0,0.0,0.0,0.0,0.0,0.0,0.0,0.0,0.0,0.0
565,Guglielmo,Vicario,Vicario,a,,,4.8,350,14.0,6.7,59,9.0,3.2,114.0,11.0,1,0,0.0,-2,2.0,4159,14794,0.7,15.8,3.2,3.2,3.5,120.0,13.0,,,27.0,8.0,467.0,14.0,720.0,78.0,192.0,9.0,,,,,,,,0.0,0.0,0.0,1.33,2.59,0.32,1.32,1.0,0.0,22,1.0,90.0,0.0,0.0,0.0,2.0,0.0,0.0,0.0,0.0,0.0,2.0,1.0,0.0,12.0,7564.0,18508.0,0.0,0.0,0.0,0.0,2.6900000000000013,21.600000000000023,0.0,0.0,2.200000000000003,0.0,0.0,6.0,0.0
566,Brandon,Austin,Austin,a,,,3.9,734,75.0,0.3,309,42.0,0.0,438.0,39.0,0,0,0.0,-1,1.0,87,256,0.0,0.0,0.0,0.0,0.0,523.0,44.0,,,513.0,44.0,506.0,31.0,469.0,16.0,516.0,44.0,,,,,,,,0.0,0.0,0.0,0.0,0.0,0.0,0.0,0.0,0.0,22,0.0,0.0,0.0,0.0,0.0,0.0,0.0,0.0,0.0,0.0,0.0,0.0,0.0,0.0,0.0,116.0,344.0,0.0,0.0,0.0,0.0,0.0,0.0,0.0,0.0,0.0,0.0,0.0,0.0,0.0
567,Antonín,Kinský,Kinsky,a,,,3.9,750,82.0,1.7,143,19.0,0.0,448.0,46.0,0,0,0.0,-1,1.0,289,1518,0.0,0.0,0.0,0.0,0.0,533.0,51.0,,,523.0,51.0,516.0,38.0,479.0,23.0,526.0,51.0,,,,,,,,0.0,0.0,0.0,0.0,0.0,0.0,0.0,0.0,0.0,22,0.0,0.0,0.0,0.0,0.0,0.0,0.0,0.0,0.0,0.0,0.0,0.0,0.0,0.0,0.0,397.0,1962.0,0.0,0.0,0.0,0.0,0.0,0.0,0.0,0.0,0.0,0.0,0.0,0.0,0.0
570,Kevin,Danso,Danso,a,,,4.2,619,144.0,0.1,421,156.0,1.4,245.0,88.0,0,0,0.0,-3,3.0,136,207,0.3,6.2,1.4,1.4,2.2,284.0,109.0,,,235.0,96.0,414.0,150.0,382.0,139.0,340.0,117.0,,,,,,,,0.0,0.02,0.02,1.44,0.0,0.31,1.55,1.08,13.32,22,0.0,0.0,0.0,0.0,0.0,0.0,0.0,0.0,0.0,0.0,0.0,0.0,0.0,0.0,0.0,188.0,256.0,0.0,0.0,0.0,0.0,0.0,0.0,0.0,0.0,0.0,0.0,0.0,0.0,0.0
571,Ben,Davies,Davies,i,Ankle injury - Unknown return date,,4.3,566,124.0,0.1,513,184.0,1.8,216.0,79.0,0,0,0.0,-2,2.0,14,339,0.4,2.3,0.0,1.8,3.3,138.0,55.0,0.0,100.0,359.0,136.0,367.0,133.0,286.0,88.0,364.0,131.0,,,,,,,,0.32,0.05,0.37,0.73,0.0,0.0,1.99,1.32,9.26,22,0.0,18.0,0.0,0.0,0.0,1.0,0.0,0.0,0.0,1.0,0.0,0.0,1.0,0.0,29.0,47.0,389.0,0.0,0.0,0.0,0.0,0.33000000000000007,2.6000000000000085,4.0,0.0,0.6999999999999993,1.0,0.0,2.0,1.0
572,Radu,Drăgușin,Dragusin,a,,,4.5,439,88.0,0.0,715,245.0,0.2,370.0,141.0,0,0,0.0,0,0.0,48,44,0.0,0.2,0.2,0.2,1.0,450.0,164.0,100.0,100.0,682.0,252.0,459.0,167.0,410.0,152.0,471.0,167.0,,,,,,,,1.08,0.0,1.08,1.08,0.0,0.0,0.0,0.0,18.0,22,0.0,0.0,0.0,0.0,0.0,0.0,0.0,0.0,0.0,0.0,0.0,0.0,0.0,0.0,0.0,59.0,52.0,0.0,0.0,0.0,0.0,0.0,0.0,0.0,0.0,0.0,0.0,0.0,0.0,0.0
574,Destiny,Udogie,Udogie,a,,,4.3,584,137.0,0.3,307,115.0,0.0,555.0,233.0,0,0,0.0,-2,2.0,300,199,0.0,3.0,0.0,0.0,1.3,408.0,149.0,100.0,100.0,291.0,111.0,215.0,59.0,277.0,83.0,299.0,99.0,,,,,,,,0.01,0.05,0.06,1.54,0.0,0.0,1.93,0.89,4.46,22,0.0,0.0,0.0,0.0,0.0,0.0,0.0,0.0,0.0,0.0,0.0,0.0,0.0,0.0,0.0,411.0,234.0,0.0,0.0,0.0,0.0,0.0,0.0,0.0,0.0,0.0,0.0,0.0,0.0,0.0
576,Ashley,Phillips,Phillips,u,Has joined Stoke City on loan for the rest of the season.,,4.0,692,184.0,0.0,710,244.0,0.0,504.0,200.0,0,0,0.0,0,0.0,0,3,0.0,0.0,0.0,0.0,0.0,588.0,221.0,0.0,0.0,577.0,220.0,572.0,221.0,538.0,215.0,580.0,220.0,,,,,,,,0.0,0.0,0.0,0.0,0.0,0.0,0.0,0.0,0.0,22,0.0,0.0,0.0,0.0,0.0,0.0,0.0,0.0,0.0,0.0,0.0,0.0,0.0,0.0,0.0,0.0,4.0,0.0,0.0,0.0,0.0,0.0,0.0,0.0,0.0,0.0,0.0,0.0,0.0,0.0
577,Takai,Kōta,Takai,u,has joined Borussia Mönchengladbach on loan for the rest of the season.,,4.0,694,185.0,0.0,586,213.0,0.0,506.0,201.0,0,0,0.0,0,0.0,0,39,0.0,0.0,0.0,0.0,0.0,590.0,222.0,0.0,0.0,579.0,221.0,574.0,222.0,540.0,216.0,582.0,221.0,,,,,,,,0.0,0.0,0.0,0.0,0.0,0.0,0.0,0.0,0.0,22,0.0,0.0,0.0,0.0,0.0,0.0,0.0,0.0,0.0,0.0,0.0,0.0,0.0,0.0,0.0,0.0,52.0,0.0,0.0,0.0,0.0,0.0,0.0,0.0,0.0,0.0,0.0,0.0,0.0,0.0
578,Luka,Vušković,Vuskovic,u,has joined Hamburger SV on loan for the rest of the season.,,3.9,766,229.0,0.3,301,112.0,0.0,462.0,178.0,0,0,0.0,-1,1.0,0,160,0.0,0.0,0.0,0.0,0.0,547.0,200.0,0.0,0.0,537.0,200.0,530.0,201.0,494.0,193.0,540.0,200.0,,,,,,,,0.0,0.0,0.0,0.0,0.0,0.0,0.0,0.0,0.0,22,0.0,0.0,0.0,0.0,0.0,0.0,0.0,0.0,0.0,0.0,0.0,0.0,0.0,0.0,0.0,0.0,212.0,0.0,0.0,0.0,0.0,0.0,0.0,0.0,0.0,0.0,0.0,0.0,0.0,0.0
581,James,Maddison,Maddison,i,Anterior cruciate ligament - Unknown return date,,6.8,45,27.0,0.1,441,151.0,0.0,793.0,355.0,0,0,0.0,-2,2.0,38,53,0.0,0.0,0.0,0.0,0.0,798.0,357.0,0.0,0.0,798.0,357.0,798.0,357.0,798.0,357.0,798.0,357.0,,,,,,,,0.0,0.0,0.0,0.0,0.0,0.0,0.0,0.0,0.0,22,0.0,0.0,0.0,0.0,0.0,0.0,0.0,0.0,0.0,0.0,0.0,0.0,0.0,0.0,0.0,41.0,59.0,0.0,0.0,0.0,0.0,0.0,0.0,0.0,0.0,0.0,0.0,0.0,0.0,0.0
582,Mohammed,Kudus,Kudus,i,Thigh injury - Expected back 11 Apr,,6.4,61,39.0,10.9,40,15.0,1.4,258.0,113.0,0,0,0.0,-1,1.0,64,38729,0.2,11.7,0.0,0.0,3.9,79.0,38.0,0.0,0.0,106.0,36.0,27.0,26.0,49.0,29.0,36.0,27.0,2.0,1.0,,,,,,0.11,0.14,0.25,1.33,0.0,0.41,1.17,1.11,7.8,22,0.0,0.0,0.0,0.0,0.0,0.0,0.0,0.0,0.0,0.0,0.0,0.0,0.0,0.0,0.0,84.0,64900.0,0.0,0.0,0.0,0.0,0.0,0.0,0.0,0.0,0.0,0.0,0.0,0.0,0.0
583,Dejan,Kulusevski,Kulusevski,i,Knee injury - Unknown return date,,6.4,60,38.0,0.0,700,296.0,0.0,790.0,354.0,0,0,0.0,-1,1.0,17,16,0.0,0.0,0.0,0.0,0.0,795.0,356.0,0.0,0.0,795.0,356.0,795.0,356.0,795.0,356.0,795.0,356.0,,,,,,,,0.0,0.0,0.0,0.0,0.0,0.0,0.0,0.0,0.0,22,0.0,0.0,0.0,0.0,0.0,0.0,0.0,0.0,0.0,0.0,0.0,0.0,0.0,0.0,0.0,23.0,17.0,0.0,0.0,0.0,0.0,0.0,0.0,0.0,0.0,0.0,0.0,0.0,0.0,0.0
586,Lucas,Bergvall,Bergvall,i,Ankle injury - Unknown return date,,5.2,220,137.0,0.2,372,126.0,1.2,273.0,121.0,1,-1,1.0,-3,3.0,117,361,0.2,7.5,0.0,0.9,2.3,276.0,119.0,0.0,75.0,273.0,121.0,246.0,149.0,152.0,90.0,262.0,129.0,,,,,,,,0.11,0.04,0.15,1.15,0.0,0.34,1.46,1.13,7.66,22,1.0,1.0,0.0,0.0,0.0,1.0,0.0,0.0,0.0,0.0,0.0,0.0,0.0,0.0,6.0,128.0,495.0,0.0,0.0,0.08000000000000002,0.08000000000000007,0.9000000000000004,4.0,4.0,6.0,1.3999999999999986,0.0,0.0,0.0,0.0
587,Yves,Bissouma,Bissouma,a,,,5.2,208,130.0,0.0,603,231.0,0.2,392.0,181.0,1,0,0.0,-3,3.0,118,31,0.0,0.2,0.2,0.2,1.0,474.0,224.0,100.0,100.0,432.0,195.0,433.0,210.0,355.0,184.0,438.0,198.0,,,,,,,,0.5,0.02,0.52,2.56,0.0,0.0,2.0,0.0,16.0,22,1.0,45.0,0.0,0.0,0.0,1.0,0.0,0.0,0.0,0.0,0.0,0.0,0.0,0.0,18.0,141.0,38.0,0.0,0.25,0.01,0.26,1.28,13.0,2.4,20.0,3.5,2.0,3.0,3.0,8.0
592,Mikey,Moore,Moore,u,Has joined Rangers on loan for the rest of the season.,,5.0,269,164.0,0.0,764,333.0,0.0,735.0,315.0,0,0,0.0,0,0.0,0,0,0.0,0.0,0.0,0.0,0.0,767.0,336.0,0.0,0.0,767.0,336.0,765.0,336.0,758.0,334.0,767.0,336.0,,,,,,,,0.0,0.0,0.0,0.0,0.0,0.0,0.0,0.0,0.0,22,0.0,0.0,0.0,0.0,0.0,0.0,0.0,0.0,0.0,0.0,0.0,0.0,0.0,0.0,0.0,0.0,0.0,0.0,0.0,0.0,0.0,0.0,0.0,0.0,0.0,0.0,0.0,0.0,0.0,0.0
593,Pape Matar,Sarr,P.M.Sarr,a,,,4.5,433,261.0,0.8,200,68.0,0.0,627.0,232.0,0,0,0.0,-5,5.0,1143,650,0.0,9.3,0.0,0.0,3.0,183.0,78.0,100.0,0.0,258.0,111.0,239.0,146.0,212.0,119.0,272.0,134.0,,,,,,,,0.13,0.06,0.19,1.63,0.0,0.38,0.9,0.9,10.5,22,0.0,0.0,0.0,0.0,0.0,0.0,0.0,0.0,0.0,0.0,0.0,0.0,0.0,0.0,0.0,1177.0,1113.0,0.0,0.0,0.0,0.0,0.0,0.0,0.0,0.0,0.0,0.0,0.0,0.0,0.0
594,Yang,Min-hyeok,Min-hyeok,u,has joined Coventry City on loan for the rest of the season.,,4.5,495,308.0,0.0,712,303.0,0.0,671.0,269.0,0,0,0.0,0,0.0,0,5,0.0,0.0,0.0,0.0,0.0,726.0,307.0,0.0,0.0,726.0,307.0,721.0,307.0,704.0,302.0,726.0,307.0,,,,,,,,0.0,0.0,0.0,0.0,0.0,0.0,0.0,0.0,0.0,22,0.0,0.0,0.0,0.0,0.0,0.0,0.0,0.0,0.0,0.0,0.0,0.0,0.0,0.0,0.0,0.0,6.0,0.0,0.0,0.0,0.0,0.0,0.0,0.0,0.0,0.0,0.0,0.0,0.0,0.0
597,Richarlison,de Andrade,Richarlison,i,Hamstring injury - Expected back 01 Mar,,6.4,58,21.0,6.4,62,12.0,2.0,213.0,26.0,0,0,0.0,-1,1.0,106,53426,0.3,11.7,0.0,0.0,3.6,118.0,10.0,0.0,0.0,77.0,6.0,149.0,11.0,17.0,10.0,43.0,9.0,,,3.0,,,,,0.34,0.09,0.43,1.27,0.0,0.35,1.34,0.92,6.91,22,0.0,0.0,0.0,0.0,0.0,0.0,0.0,0.0,0.0,0.0,0.0,0.0,0.0,0.0,0.0,139.0,81433.0,0.0,0.0,0.0,0.0,0.0,0.0,0.0,0.0,0.0,0.0,0.0,0.0,0.0
113,Sepp,van den Berg,Van den Berg,a,,,4.5,423,84.0,0.8,201,77.0,0.0,619.0,244.0,0,0,0.0,0,0.0,493,3869,0.0,11.6,0.0,0.0,3.1,169.0,68.0,100.0,100.0,98.0,42.0,345.0,120.0,112.0,18.0,164.0,53.0,,,,,,,,0.11,0.01,0.12,1.32,0.0,0.18,1.47,1.0,9.06,22,0.0,0.0,0.0,0.0,0.0,0.0,0.0,0.0,0.0,0.0,0.0,0.0,0.0,0.0,0.0,705.0,6879.0,0.0,0.0,0.0,0.0,0.0,0.0,0.0,0.0,0.0,0.0,0.0,0.0,0.0
114,Benjamin,Arthur,Arthur,a,,,3.9,767,230.0,0.2,359,132.0,0.0,463.0,179.0,0,0,0.0,-1,1.0,114,200,0.0,0.0,0.0,0.0,0.0,548.0,201.0,100.0,100.0,538.0,201.0,531.0,202.0,495.0,194.0,541.0,201.0,,,,,,,,0.0,0.0,0.0,0.0,0.0,0.0,0.0,0.0,0.0,22,0.0,0.0,0.0,0.0,0.0,0.0,0.0,0.0,0.0,0.0,0.0,0.0,0.0,0.0,0.0,198.0,278.0,0.0,0.0,0.0,0.0,0.0,0.0,0.0,0.0,0.0,0.0,0.0,0.0,0.0
598,Will,Lankshear,Lankshear,u,Has joined Oxford United on loan for the rest of the season.,,4.5,460,63.0,0.0,659,81.0,0.0,642.0,64.0,0,0,0.0,0,0.0,0,2,0.0,0.0,0.0,0.0,0.0,699.0,73.0,0.0,0.0,696.0,73.0,692.0,72.0,673.0,72.0,697.0,73.0,,,,,,,,0.0,0.0,0.0,0.0,0.0,0.0,0.0,0.0,0.0,22,0.0,0.0,0.0,0.0,0.0,0.0,0.0,0.0,0.0,0.0,0.0,0.0,0.0,0.0,0.0,0.0,4.0,0.0,0.0,0.0,0.0,0.0,0.0,0.0,0.0,0.0,0.0,0.0,0.0,0.0
599,Dane,Scarlett,Scarlett,a,,,4.3,586,80.0,0.6,233,36.0,0.2,359.0,40.0,0,0,0.0,-2,2.0,668,602,0.0,0.2,0.2,0.2,1.0,437.0,51.0,,,613.0,62.0,463.0,57.0,421.0,56.0,480.0,58.0,,,,,,,,0.0,0.0,0.0,0.0,0.0,0.0,0.0,0.0,0.0,22,0.0,0.0,0.0,0.0,0.0,0.0,0.0,0.0,0.0,0.0,0.0,0.0,0.0,0.0,0.0,792.0,770.0,0.0,0.0,0.0,0.0,0.0,0.0,0.0,0.0,0.0,0.0,0.0,0.0,0.0
673,João Maria,Lobo Alves Palhares Costa Palhinha Gonçalves,J.Palhinha,d,Knock - 75% chance of playing,,5.5,138,86.0,1.0,187,65.0,2.4,185.0,75.0,0,0,0.0,0,0.0,1091,5970,0.4,14.2,1.8,2.4,3.9,78.0,37.0,75.0,,74.0,24.0,236.0,144.0,144.0,83.0,136.0,75.0,,,,,,,,0.07,0.03,0.1,1.34,0.0,0.28,1.39,0.97,12.06,22,0.0,0.0,0.0,0.0,0.0,0.0,0.0,0.0,0.0,0.0,0.0,0.0,0.0,0.0,0.0,2711.0,6874.0,0.0,0.0,0.0,0.0,0.0,0.0,0.0,0.0,0.0,0.0,0.0,0.0,0.0
745,Jun'ai,Byfield,Byfield,a,,,4.0,714,204.0,0.0,642,224.0,0.0,524.0,218.0,0,0,0.0,0,0.0,52,49,0.0,0.0,0.0,0.0,0.0,607.0,238.0,,,596.0,237.0,591.0,238.0,557.0,232.0,599.0,237.0,,,,,,,,0.0,0.0,0.0,0.0,0.0,0.0,0.0,0.0,0.0,22,0.0,0.0,0.0,0.0,0.0,0.0,0.0,0.0,0.0,0.0,0.0,0.0,0.0,0.0,0.0,66.0,63.0,0.0,0.0,0.0,0.0,0.0,0.0,0.0,0.0,0.0,0.0,0.0,0.0,0.0
796,Conor,Gallagher,Gallagher,a,,,5.5,143,91.0,0.1,426,143.0,2.0,209.0,90.0,2,0,0.0,0,0.0,4412,791,0.4,0.4,2.1,2.1,2.0,322.0,143.0,,,441.0,201.0,389.0,194.0,346.0,181.0,430.0,194.0,,,,,,,,0.1,0.15,0.25,2.69,0.0,0.0,2.0,1.0,7.0,22,2.0,90.0,0.0,0.0,0.0,2.0,0.0,0.0,0.0,0.0,0.0,0.0,1.0,0.0,15.0,7758.0,943.0,0.0,0.1,0.15,0.25,2.69,8.4,13.0,23.0,4.4,1.0,2.0,4.0,7.0
149,Igor Julio,dos Santos de Paulo,Igor,a,,,4.5,413,80.0,0.1,518,186.0,0.0,611.0,242.0,0,0,0.0,0,0.0,148,125,0.0,1.3,0.0,0.0,1.5,386.0,143.0,100.0,100.0,415.0,158.0,396.0,146.0,641.0,249.0,437.0,159.0,,,,,,,,0.0,0.0,0.0,4.07,0.0,0.0,2.62,0.87,11.36,22,0.0,0.0,0.0,0.0,0.0,0.0,0.0,0.0,0.0,0.0,0.0,0.0,0.0,0.0,0.0,185.0,160.0,0.0,0.0,0.0,0.0,0.0,0.0,0.0,0.0,0.0,0.0,0.0,0.0,0.0
601,Wes,Foderingham,Foderingham,u,has joined Aris Limassol permanently.,,4.0,648,42.0,0.2,344,49.0,0.0,466.0,56.0,0,0,0.0,0,0.0,0,153,0.0,0.0,0.0,0.0,0.0,551.0,61.0,0.0,0.0,541.0,61.0,535.0,49.0,499.0,34.0,544.0,61.0,,,,,,,,0.0,0.0,0.0,0.0,0.0,0.0,0.0,0.0,0.0,22,0.0,0.0,0.0,0.0,0.0,0.0,0.0,0.0,0.0,0.0,0.0,0.0,0.0,0.0,0.0,0.0,195.0,0.0,0.0,0.0,0.0,0.0,0.0,0.0,0.0,0.0,0.0,0.0,0.0,0.0
602,Krisztián,Hegyi,Hegyi,u,has joined MTK Budapest on loan for the rest of the season.,,3.9,749,81.0,0.2,351,51.0,0.0,447.0,45.0,0,0,0.0,-1,1.0,0,546,0.0,0.0,0.0,0.0,0.0,532.0,50.0,0.0,0.0,522.0,50.0,515.0,37.0,478.0,22.0,525.0,50.0,,,,,,,,0.0,0.0,0.0,0.0,0.0,0.0,0.0,0.0,0.0,22,0.0,0.0,0.0,0.0,0.0,0.0,0.0,0.0,0.0,0.0,0.0,0.0,0.0,0.0,0.0,0.0,720.0,0.0,0.0,0.0,0.0,0.0,0.0,0.0,0.0,0.0,0.0,0.0,0.0,0.0
603,El Hadji Malick,Diouf,Diouf,a,,,4.0,710,200.0,1.3,164,63.0,0.0,520.0,214.0,0,0,0.0,-5,5.0,2327,1064,0.0,11.0,0.0,0.0,2.8,210.0,80.0,100.0,0.0,162.0,70.0,152.0,37.0,263.0,75.0,193.0,61.0,,,,,,,,0.03,0.05,0.08,1.56,0.0,0.13,1.95,0.97,7.07,22,0.0,0.0,0.0,0.0,0.0,0.0,0.0,0.0,0.0,0.0,0.0,0.0,0.0,0.0,0.0,2409.0,2143.0,0.0,0.0,0.0,0.0,0.0,0.0,0.0,0.0,0.0,0.0,0.0,0.0,0.0
604,Emerson,Palmieri dos Santos,Emerson,u,has joined Marseille permanently.,,4.4,512,100.0,0.1,569,207.0,0.0,575.0,234.0,0,0,0.0,-1,1.0,0,10,0.0,0.0,0.0,0.0,0.0,641.0,245.0,0.0,0.0,631.0,244.0,629.0,245.0,603.0,242.0,634.0,245.0,,,,,,,,0.0,0.0,0.0,0.0,0.0,0.0,0.0,0.0,0.0,22,0.0,0.0,0.0,0.0,0.0,0.0,0.0,0.0,0.0,0.0,0.0,0.0,0.0,0.0,0.0,0.0,19.0,0.0,0.0,0.0,0.0,0.0,0.0,0.0,0.0,0.0,0.0,0.0,0.0,0.0
607,Nayef,Aguerd,N.Aguerd,u,has joined Marseille permanently.,,4.4,518,106.0,0.0,597,214.0,0.0,578.0,237.0,0,0,0.0,-1,1.0,0,10,0.0,0.7,0.0,0.0,1.5,385.0,142.0,0.0,0.0,395.0,152.0,426.0,155.0,385.0,142.0,421.0,153.0,,,,,,,,0.05,0.02,0.07,1.71,0.0,0.0,4.0,1.0,7.5,22,0.0,0.0,0.0,0.0,0.0,0.0,0.0,0.0,0.0,0.0,0.0,0.0,0.0,0.0,0.0,0.0,13.0,0.0,0.0,0.0,0.0,0.0,0.0,0.0,0.0,0.0,0.0,0.0,0.0,0.0
608,Ollie,Scarles,Scarles,a,,,4.3,598,141.0,0.0,608,218.0,2.4,178.0,68.0,2,0,0.0,-2,2.0,187,106,0.6,3.3,2.4,2.4,1.8,338.0,131.0,100.0,100.0,301.0,113.0,291.0,96.0,359.0,124.0,341.0,118.0,,,,,,,,0.03,0.05,0.08,1.88,0.0,0.0,2.11,1.3,9.58,22,2.0,90.0,0.0,0.0,0.0,1.0,0.0,0.0,0.0,0.0,0.0,0.0,1.0,0.0,11.0,212.0,192.0,0.0,0.0,0.019999999999999962,0.019999999999999962,1.4399999999999995,20.60000000000001,14.799999999999997,0.0,3.5000000000000018,2.0,6.0,4.0,8.0
609,Jean-Clair,Todibo,Todibo,a,,,4.3,579,134.0,0.1,463,169.0,1.6,232.0,85.0,4,0,0.0,-2,2.0,478,121,0.4,6.7,1.6,1.6,1.8,337.0,130.0,100.0,100.0,131.0,57.0,279.0,90.0,367.0,130.0,244.0,87.0,,,,,,,,0.0,0.02,0.02,1.7,0.0,0.0,1.95,1.07,8.19,22,4.0,90.0,0.0,0.0,0.0,1.0,0.0,0.0,0.0,0.0,0.0,0.0,1.0,0.0,20.0,504.0,160.0,0.0,0.0,0.0,0.0,1.4400000000000013,24.600000000000023,0.30000000000000426,0.0,2.5,5.0,5.0,9.0,10.0
610,Aaron,Wan-Bissaka,Wan-Bissaka,a,,,4.1,644,158.0,3.9,89,32.0,0.8,294.0,107.0,4,0,0.0,-4,4.0,3716,1509,0.2,7.1,0.8,0.8,2.2,282.0,108.0,100.0,100.0,187.0,75.0,105.0,26.0,358.0,123.0,205.0,67.0,,,,,,,,0.0,0.05,0.05,1.7,0.0,0.0,2.13,0.98,8.26,22,4.0,90.0,0.0,0.0,0.0,1.0,0.0,0.0,0.0,0.0,0.0,0.0,1.0,0.0,13.0,4329.0,2364.0,0.0,0.0,0.10999999999999999,0.10999999999999999,1.4400000000000013,34.39999999999998,37.5,0.0,7.199999999999996,3.0,10.0,1.0,13.0
611,Kaelan,Casey,Casey,u,has joined Leyton Orient on loan for the rest of the season.,,4.0,689,181.0,0.1,527,193.0,0.0,501.0,197.0,0,0,0.0,0,0.0,0,38,0.0,0.0,0.0,0.0,0.0,586.0,219.0,0.0,0.0,575.0,218.0,570.0,219.0,535.0,212.0,578.0,218.0,,,,,,,,0.0,0.0,0.0,0.0,0.0,0.0,0.0,0.0,0.0,22,0.0,0.0,0.0,0.0,0.0,0.0,0.0,0.0,0.0,0.0,0.0,0.0,0.0,0.0,0.0,0.0,49.0,0.0,0.0,0.0,0.0,0.0,0.0,0.0,0.0,0.0,0.0,0.0,0.0,0.0
612,Lucas,Tolentino Coelho de Lima,L.Paquetá,i,Back injury - Unknown return date,,5.9,98,63.0,1.7,142,48.0,3.6,94.0,45.0,0,0,0.0,-1,1.0,243,18135,0.6,11.7,0.0,2.7,3.8,90.0,43.0,0.0,75.0,83.0,26.0,28.0,27.0,104.0,63.0,51.0,36.0,3.0,2.0,1.0,,,,,0.17,0.12,0.29,1.44,0.0,0.18,1.96,1.07,8.68,22,0.0,0.0,0.0,0.0,0.0,0.0,0.0,0.0,0.0,0.0,0.0,0.0,0.0,0.0,0.0,327.0,31882.0,0.0,0.0,0.0,0.0,0.0,0.0,0.0,0.0,0.0,0.0,0.0,0.0,0.0
613,Tomáš,Souček,Souček,a,,,5.7,117,74.0,0.2,348,116.0,2.4,187.0,77.0,3,0,0.0,-3,3.0,604,309,0.4,7.9,2.4,2.4,2.4,271.0,117.0,100.0,100.0,190.0,81.0,252.0,154.0,75.0,47.0,176.0,94.0,,,,,,,,0.3,0.03,0.33,2.01,0.0,0.11,2.57,0.89,10.61,22,3.0,90.0,0.0,0.0,0.0,1.0,0.0,0.0,0.0,1.0,0.0,0.0,1.0,0.0,15.0,677.0,472.0,0.0,0.2200000000000002,0.12,0.33999999999999986,1.4400000000000013,33.400000000000006,22.799999999999997,21.0,7.700000000000003,3.0,11.0,3.0,17.0
614,James,Ward-Prowse,Ward-Prowse,a,,,5.6,125,78.0,0.2,385,130.0,0.0,778.0,345.0,0,0,0.0,-4,4.0,210,191,0.0,2.0,0.0,0.0,2.2,296.0,131.0,,,376.0,166.0,137.0,97.0,403.0,199.0,315.0,153.0,,3.0,3.0,,,,,0.03,0.2,0.23,1.58,0.0,0.22,2.39,1.09,4.78,22,0.0,0.0,0.0,0.0,0.0,0.0,0.0,0.0,0.0,0.0,0.0,0.0,0.0,0.0,0.0,234.0,259.0,0.0,0.0,0.0,0.0,0.0,0.0,0.0,0.0,0.0,0.0,0.0,0.0,0.0
615,Crysencio,Summerville,Summerville,a,,,5.5,148,94.0,0.1,408,137.0,3.6,91.0,43.0,10,0,0.0,0,0.0,7529,575,0.7,8.7,3.6,3.6,2.8,220.0,97.0,100.0,100.0,253.0,109.0,103.0,76.0,67.0,43.0,135.0,74.0,2.0,,,,,,,0.16,0.07,0.23,1.45,0.0,0.07,1.83,1.1,7.63,22,10.0,90.0,1.0,0.0,0.0,1.0,0.0,0.0,0.0,0.0,0.0,0.0,1.0,3.0,31.0,7676.0,782.0,0.0,0.3500000000000001,0.2599999999999999,0.6100000000000003,1.4400000000000013,41.400000000000006,35.89999999999998,39.0,11.600000000000001,1.0,3.0,4.0,8.0
616,Edson,Álvarez Velázquez,Álvarez,u,Has joined Fenerbahçe on loan for the rest of the season.,,4.9,305,190.0,0.0,584,217.0,0.0,703.0,291.0,0,0,0.0,-1,1.0,0,17,0.0,0.0,0.0,0.0,0.0,746.0,319.0,0.0,0.0,746.0,319.0,742.0,319.0,733.0,317.0,746.0,319.0,,,,,,,,0.0,0.0,0.0,0.0,0.0,0.0,0.0,0.0,0.0,22,0.0,0.0,0.0,0.0,0.0,0.0,0.0,0.0,0.0,0.0,0.0,0.0,0.0,0.0,0.0,0.0,19.0,0.0,0.0,0.0,0.0,0.0,0.0,0.0,0.0,0.0,0.0,0.0,0.0,0.0
618,Guido,Rodríguez,G.Rodriguez,a,,,4.8,351,221.0,0.0,589,221.0,0.2,381.0,173.0,1,0,0.0,-2,2.0,27,43,0.0,1.7,0.2,0.2,1.3,409.0,183.0,,,436.0,196.0,418.0,206.0,425.0,212.0,452.0,207.0,,,,,,,,0.02,0.02,0.04,1.33,0.0,0.51,1.03,1.03,7.71,22,1.0,11.0,0.0,0.0,0.0,0.0,0.0,0.0,0.0,0.0,0.0,0.0,0.0,0.0,4.0,35.0,49.0,0.0,0.0,0.0,0.0,0.20999999999999996,4.200000000000001,0.0,0.0,0.3999999999999999,0.0,2.0,0.0,2.0
622,Lewis,Orford,Orford,u,has joined Stevenage on loan for the rest of the season.,,4.4,540,324.0,0.1,561,206.0,0.0,588.0,208.0,0,0,0.0,-1,1.0,0,19,0.0,0.0,0.0,0.0,0.0,652.0,252.0,0.0,0.0,643.0,244.0,641.0,249.0,616.0,238.0,646.0,246.0,,,,,,,,0.0,0.0,0.0,0.0,0.0,0.0,0.0,0.0,0.0,22,0.0,0.0,0.0,0.0,0.0,0.0,0.0,0.0,0.0,0.0,0.0,0.0,0.0,0.0,0.0,0.0,26.0,0.0,0.0,0.0,0.0,0.0,0.0,0.0,0.0,0.0,0.0,0.0,0.0,0.0
624,Jarrod,Bowen,Bowen,a,,,7.6,19,6.0,8.0,52,10.0,3.6,97.0,11.0,3,-1,1.0,-4,4.0,24151,36214,0.5,12.2,3.6,3.6,4.2,61.0,7.0,,,53.0,4.0,79.0,2.0,9.0,6.0,17.0,3.0,,1.0,2.0,,,,,0.21,0.07,0.28,1.7,0.0,0.05,2.0,1.0,6.73,22,3.0,90.0,0.0,0.0,0.0,1.0,0.0,0.0,0.0,1.0,0.0,0.0,1.0,0.0,5.0,26131.0,79959.0,0.0,0.09999999999999964,0.039999999999999813,0.14000000000000057,1.4399999999999977,16.600000000000023,1.8000000000000114,9.0,2.700000000000003,3.0,4.0,7.0,14.0
625,Niclas,Füllkrug,Füllkrug,u,has joined AC Milan on loan for the rest of the season.,,5.6,124,33.0,0.6,234,37.0,0.0,777.0,82.0,0,0,0.0,-4,4.0,0,401,0.0,2.1,0.0,0.0,1.5,393.0,44.0,0.0,0.0,414.0,44.0,238.0,25.0,155.0,35.0,316.0,37.0,,,,,,,,0.21,0.05,0.26,1.9,0.0,0.22,2.43,1.11,4.2,22,0.0,0.0,0.0,0.0,0.0,0.0,0.0,0.0,0.0,0.0,0.0,0.0,0.0,0.0,0.0,0.0,509.0,0.0,0.0,0.0,0.0,0.0,0.0,0.0,0.0,0.0,0.0,0.0,0.0,0.0
626,Callum,Marshall,Marshall,u,has joined VfL Bochum 1848 on loan for the rest of the season.,,4.3,604,82.0,0.6,237,38.0,0.0,566.0,54.0,0,0,0.0,-2,2.0,0,1001,0.0,0.5,0.0,0.0,1.0,440.0,52.0,0.0,0.0,471.0,55.0,464.0,58.0,396.0,55.0,462.0,55.0,,,,,,,,0.2,0.0,0.2,2.41,0.0,0.0,3.1,0.0,4.66,22,0.0,0.0,0.0,0.0,0.0,0.0,0.0,0.0,0.0,0.0,0.0,0.0,0.0,0.0,0.0,0.0,1371.0,0.0,0.0,0.0,0.0,0.0,0.0,0.0,0.0,0.0,0.0,0.0,0.0,0.0
659,Kyle,Walker-Peters,Walker-Peters,a,,,4.2,621,145.0,0.3,329,121.0,1.2,264.0,93.0,0,0,0.0,-3,3.0,234,635,0.3,7.1,1.2,1.2,1.9,324.0,124.0,,,209.0,85.0,232.0,66.0,209.0,52.0,241.0,84.0,,,,,,,,0.11,0.02,0.13,1.98,0.0,0.09,1.99,0.95,6.71,22,0.0,0.0,0.0,0.0,0.0,0.0,0.0,0.0,0.0,0.0,0.0,0.0,0.0,0.0,0.0,312.0,1089.0,0.0,0.0,0.0,0.0,0.0,0.0,0.0,0.0,0.0,0.0,0.0,0.0,0.0
671,Callum,Wilson,Wilson,a,,,5.8,102,29.0,0.7,222,35.0,2.8,156.0,16.0,6,0,0.0,-2,2.0,4069,2045,0.5,10.0,2.8,2.8,3.2,161.0,14.0,,,200.0,15.0,289.0,29.0,48.0,18.0,152.0,17.0,,,,,,,,0.49,0.02,0.51,1.67,0.0,0.11,1.79,0.9,3.02,22,6.0,1.0,1.0,0.0,0.0,0.0,0.0,0.0,0.0,0.0,0.0,0.0,0.0,1.0,29.0,4288.0,4151.0,0.0,0.8999999999999995,0.0,0.8999999999999999,0.03999999999999915,33.0,0.0,38.0,7.099999999999994,0.0,0.0,1.0,1.0
679,Mads,Hermansen,Hermansen,a,,,4.2,629,37.0,0.2,364,53.0,0.0,536.0,81.0,0,0,0.0,-3,3.0,119,166,0.0,2.1,0.0,0.0,2.2,285.0,26.0,,,334.0,28.0,601.0,76.0,570.0,62.0,403.0,28.0,,,,,,,,0.0,0.0,0.0,1.36,2.25,0.25,2.75,1.0,0.0,22,0.0,0.0,0.0,0.0,0.0,0.0,0.0,0.0,0.0,0.0,0.0,0.0,0.0,0.0,0.0,130.0,224.0,0.0,0.0,0.0,0.0,0.0,0.0,0.0,0.0,0.0,0.0,0.0,0.0,0.0
708,Mateus Gonçalo,Espanha Fernandes,M.Fernandes,a,,,5.5,154,97.0,0.2,403,135.0,3.6,93.0,44.0,9,0,0.0,0,0.0,2657,752,0.7,13.1,3.6,2.7,3.6,117.0,53.0,100.0,75.0,80.0,25.0,34.0,33.0,255.0,139.0,70.0,44.0,4.0,,,,,,,0.06,0.08,0.14,1.51,0.0,0.11,1.65,1.08,11.31,22,9.0,90.0,0.0,1.0,0.0,1.0,0.0,0.0,0.0,0.0,0.0,0.0,1.0,2.0,30.0,2667.0,2048.0,0.0,0.0,0.009999999999999787,0.009999999999999787,1.4100000000000001,40.80000000000001,22.19999999999999,0.0,6.299999999999997,4.0,8.0,6.0,18.0
718,Soungoutou,Magassa,S.Magassa,a,,,5.0,274,169.0,0.0,632,255.0,1.6,237.0,103.0,0,0,0.0,0,0.0,37,165,0.3,6.6,1.6,1.6,2.4,267.0,114.0,,,261.0,113.0,272.0,160.0,309.0,161.0,309.0,149.0,,,,,,,,0.04,0.03,0.07,1.82,0.0,0.12,2.21,1.11,12.42,22,0.0,0.0,0.0,0.0,0.0,0.0,0.0,0.0,0.0,0.0,0.0,0.0,0.0,0.0,0.0,50.0,264.0,0.0,0.0,0.0,0.0,0.0,0.0,0.0,0.0,0.0,0.0,0.0,0.0,0.0
738,Lukasz,Fabianski,Fabianski,d,Back injury - 25% chance of playing,,4.5,398,20.0,0.0,618,79.0,0.0,603.0,85.0,0,0,0.0,0,0.0,43,99,0.0,0.0,0.0,0.0,0.0,665.0,87.0,25.0,25.0,659.0,87.0,655.0,80.0,632.0,68.0,662.0,87.0,,,,,,,,0.0,0.0,0.0,0.0,0.0,0.0,0.0,0.0,0.0,22,0.0,0.0,0.0,0.0,0.0,0.0,0.0,0.0,0.0,0.0,0.0,0.0,0.0,0.0,0.0,59.0,138.0,0.0,0.0,0.0,0.0,0.0,0.0,0.0,0.0,0.0,0.0,0.0,0.0,0.0
752,Airidas,Golambeckis,Golambeckis,a,,,4.0,717,207.0,0.0,668,232.0,0.0,526.0,220.0,0,0,0.0,0,0.0,72,58,0.0,0.0,0.0,0.0,0.0,609.0,240.0,,,598.0,239.0,593.0,240.0,560.0,235.0,602.0,240.0,,,,,,,,0.0,0.0,0.0,0.0,0.0,0.0,0.0,0.0,0.0,22,0.0,0.0,0.0,0.0,0.0,0.0,0.0,0.0,0.0,0.0,0.0,0.0,0.0,0.0,0.0,94.0,68.0,0.0,0.0,0.0,0.0,0.0,0.0,0.0,0.0,0.0,0.0,0.0,0.0,0.0
785,Pablo Felipe,Pereira de Jesus,Pablo,a,,,5.5,153,37.0,0.0,706,83.0,1.0,288.0,35.0,2,0,0.0,0,0.0,296,145,0.2,0.5,1.0,1.0,1.5,392.0,43.0,,,445.0,50.0,360.0,43.0,369.0,52.0,426.0,51.0,,,,,,,,0.19,0.02,0.21,1.84,0.0,0.0,1.71,0.86,7.71,22,2.0,78.0,0.0,0.0,0.0,1.0,0.0,0.0,0.0,0.0,0.0,0.0,1.0,0.0,5.0,334.0,234.0,0.0,0.18,0.0,0.18,1.2399999999999998,6.0,13.0,11.0,3.0,3.0,1.0,3.0,7.0
791,Valentín,Castellanos,Taty,a,,,5.5,144,34.0,0.0,647,80.0,1.5,244.0,31.0,1,0,0.0,0,0.0,1281,211,0.3,0.5,1.5,1.5,1.5,391.0,42.0,,,451.0,52.0,343.0,42.0,252.0,44.0,391.0,47.0,,,,,,,,0.56,0.02,0.58,1.4,0.0,0.0,1.5,1.0,2.0,22,1.0,90.0,0.0,0.0,0.0,1.0,0.0,0.0,0.0,1.0,0.0,0.0,1.0,0.0,-6.0,1559.0,256.0,0.0,0.7299999999999999,0.019999999999999997,0.75,1.4100000000000001,0.0,10.899999999999999,27.0,2.8000000000000007,0.0,0.0,0.0,0.0
627,Sam,Johnstone,Johnstone,a,,,4.4,511,26.0,0.1,417,64.0,0.0,574.0,84.0,0,0,0.0,-1,1.0,211,202,0.0,4.8,-0.5,0.0,1.8,340.0,27.0,,,120.0,18.0,465.0,13.0,602.0,67.0,286.0,18.0,,,,,,,,0.0,0.0,0.0,1.55,3.25,0.0,2.0,1.0,0.0,22,0.0,0.0,0.0,0.0,0.0,0.0,0.0,0.0,0.0,0.0,0.0,0.0,0.0,0.0,0.0,253.0,478.0,0.0,0.0,0.0,0.0,0.0,0.0,0.0,0.0,0.0,0.0,0.0,0.0,0.0
628,José,Malheiro de Sá,José Sá,a,,,4.2,620,33.0,1.0,185,23.0,3.8,71.0,6.0,7,0,0.0,-3,3.0,2014,1049,0.9,6.2,3.3,3.8,2.6,233.0,22.0,,,244.0,21.0,399.0,5.0,566.0,58.0,348.0,21.0,,,,,,,,0.0,0.0,0.0,1.19,1.9,0.2,1.7,1.0,0.0,22,7.0,90.0,0.0,0.0,1.0,0.0,0.0,0.0,0.0,0.0,0.0,2.0,1.0,1.0,28.0,2432.0,2015.0,0.0,0.0,0.0,0.0,0.9399999999999995,18.600000000000023,0.0,0.0,1.8999999999999986,0.0,2.0,5.0,0.0
633,Hugo,Bueno López,H.Bueno,a,,,4.3,587,138.0,0.1,468,171.0,5.0,23.0,8.0,6,0,0.0,-2,2.0,1110,447,1.2,11.4,4.5,5.0,2.6,236.0,89.0,100.0,100.0,139.0,60.0,39.0,3.0,186.0,42.0,89.0,21.0,2.0,,,,,,,0.03,0.11,0.14,1.28,0.0,0.22,1.51,0.94,6.63,22,6.0,90.0,0.0,0.0,1.0,0.0,0.0,0.0,0.0,0.0,0.0,0.0,1.0,0.0,25.0,1260.0,1219.0,0.0,0.04999999999999999,0.010000000000000009,0.06000000000000005,0.9400000000000013,10.600000000000023,1.8000000000000114,4.0,1.5999999999999943,1.0,8.0,4.0,9.0
634,Yerson,Mosquera Valdelamar,Mosquera,a,,,4.3,594,140.0,0.1,553,199.0,4.8,28.0,12.0,8,0,0.0,-2,2.0,337,110,1.1,6.0,4.3,4.8,2.0,316.0,120.0,100.0,100.0,211.0,86.0,234.0,68.0,189.0,43.0,235.0,79.0,,,,,,,,0.07,0.02,0.09,1.34,0.0,0.19,1.69,1.04,9.32,22,8.0,90.0,0.0,0.0,1.0,0.0,0.0,0.0,0.0,1.0,0.0,0.0,1.0,1.0,28.0,383.0,204.0,0.0,0.08999999999999997,0.020000000000000018,0.10999999999999999,0.9400000000000013,21.80000000000001,11.299999999999997,21.0,5.399999999999999,2.0,9.0,8.0,11.0
635,Rodrigo,Martins Gomes,R.Gomes,a,,,4.4,535,117.0,0.1,566,205.0,0.2,364.0,140.0,1,0,0.0,-1,1.0,56,33,0.0,3.2,-0.3,0.2,2.0,317.0,121.0,100.0,100.0,370.0,140.0,329.0,111.0,204.0,50.0,329.0,110.0,,,,,,,,0.25,0.06,0.31,1.23,0.0,0.0,2.41,1.07,4.82,22,1.0,5.0,0.0,0.0,0.0,0.0,0.0,0.0,0.0,0.0,0.0,0.0,0.0,0.0,4.0,79.0,50.0,0.0,0.0,0.0,0.0,0.2999999999999998,0.0,0.0,0.0,0.0,0.0,0.0,1.0,0.0
638,Ki-Jana,Hoever,Hoever,u,has joined Sheffield United on loan for the rest of the season.,,3.8,781,243.0,1.2,168,66.0,0.0,410.0,153.0,0,0,0.0,-2,2.0,0,5409,0.0,2.6,0.0,0.0,1.2,417.0,151.0,0.0,0.0,312.0,119.0,233.0,67.0,371.0,132.0,331.0,111.0,,,,,,,,0.0,0.08,0.08,1.99,0.0,0.0,2.77,1.28,8.51,22,0.0,0.0,0.0,0.0,0.0,0.0,0.0,0.0,0.0,0.0,0.0,0.0,0.0,0.0,0.0,0.0,7317.0,0.0,0.0,0.0,0.0,0.0,0.0,0.0,0.0,0.0,0.0,0.0,0.0,0.0
761,Freddie,Simmonds,Simmonds,a,,,4.0,708,198.0,0.0,731,249.0,0.0,518.0,212.0,0,0,0.0,0,0.0,39,32,0.0,0.0,0.0,0.0,0.0,602.0,233.0,,,591.0,232.0,586.0,233.0,552.0,227.0,594.0,232.0,,,,,,,,0.0,0.0,0.0,0.0,0.0,0.0,0.0,0.0,0.0,22,0.0,0.0,0.0,0.0,0.0,0.0,0.0,0.0,0.0,0.0,0.0,0.0,0.0,0.0,0.0,58.0,36.0,0.0,0.0,0.0,0.0,0.0,0.0,0.0,0.0,0.0,0.0,0.0,0.0,0.0
230,Wesley,Fofana,Fofana,a,,,4.4,531,116.0,0.4,265,101.0,0.6,311.0,117.0,0,0,0.0,-1,1.0,1043,2633,0.1,9.3,0.6,0.6,3.7,96.0,36.0,100.0,100.0,183.0,74.0,382.0,141.0,349.0,117.0,300.0,100.0,,,,,,,,0.03,0.01,0.04,1.39,0.0,0.46,0.91,1.03,12.43,22,0.0,32.0,0.0,0.0,0.0,0.0,0.0,0.0,0.0,1.0,0.0,0.0,0.0,0.0,4.0,1918.0,3448.0,0.0,0.0,0.0,0.0,0.3500000000000014,21.19999999999999,0.0,0.0,2.1000000000000014,0.0,9.0,0.0,9.0
231,Mamadou,Sarr,M.Sarr,u,Has joined RC Strasbourg on loan for the rest of the season.,,4.5,469,94.0,0.0,738,251.0,0.0,650.0,247.0,0,0,0.0,0,0.0,0,1,0.0,0.0,0.0,0.0,0.0,706.0,254.0,0.0,0.0,704.0,254.0,700.0,254.0,682.0,253.0,705.0,254.0,,,,,,,,0.0,0.0,0.0,0.0,0.0,0.0,0.0,0.0,0.0,22,0.0,0.0,0.0,0.0,0.0,0.0,0.0,0.0,0.0,0.0,0.0,0.0,0.0,0.0,0.0,0.0,1.0,0.0,0.0,0.0,0.0,0.0,0.0,0.0,0.0,0.0,0.0,0.0,0.0,0.0
238,Estêvão,Almeida de Oliveira Gonçalves,Estêvão,a,,,6.4,63,41.0,1.9,138,47.0,1.4,260.0,115.0,0,0,0.0,-1,1.0,4478,5470,0.2,6.1,1.4,1.4,2.3,280.0,122.0,100.0,100.0,288.0,130.0,123.0,89.0,72.0,45.0,169.0,91.0,4.0,,3.0,,,,,0.35,0.31,0.66,1.11,0.0,0.3,1.2,1.2,6.28,22,0.0,0.0,0.0,0.0,0.0,0.0,0.0,0.0,0.0,0.0,0.0,0.0,0.0,0.0,0.0,8027.0,6691.0,0.0,0.0,0.0,0.0,0.0,0.0,0.0,0.0,0.0,0.0,0.0,0.0,0.0
239,Jamie,Bynoe-Gittens,Gittens,a,,,6.0,86,55.0,0.1,455,154.0,0.4,347.0,153.0,0,0,0.0,-5,5.0,50,292,0.1,3.8,0.4,0.3,1.6,376.0,169.0,100.0,75.0,327.0,142.0,175.0,116.0,220.0,123.0,285.0,139.0,,,,,,,,0.16,0.19,0.35,1.54,0.0,0.2,1.01,0.81,5.87,22,0.0,0.0,0.0,0.0,0.0,0.0,0.0,0.0,0.0,0.0,0.0,0.0,0.0,0.0,0.0,55.0,361.0,0.0,0.0,0.0,0.0,0.0,0.0,0.0,0.0,0.0,0.0,0.0,0.0,0.0
444,Leny,Yoro,Yoro,a,,,4.2,636,154.0,1.3,162,61.0,1.0,280.0,102.0,0,0,0.0,-3,3.0,410,3242,0.2,8.3,0.0,0.5,1.7,355.0,135.0,,,216.0,87.0,283.0,92.0,249.0,69.0,274.0,90.0,,,,,,,,0.05,0.02,0.07,1.37,0.0,0.08,1.91,0.95,7.47,22,0.0,0.0,0.0,0.0,0.0,0.0,0.0,0.0,0.0,0.0,0.0,0.0,0.0,0.0,0.0,568.0,3993.0,0.0,0.0,0.0,0.0,0.0,0.0,0.0,0.0,0.0,0.0,0.0,0.0,0.0
445,Harry,Amass,Amass,u,has joined Sheffield Wednesday on loan for the rest of the season.,,4.0,700,191.0,0.1,522,190.0,0.0,511.0,206.0,0,0,0.0,0,0.0,0,32,0.0,0.0,0.0,0.0,0.0,595.0,227.0,0.0,0.0,584.0,226.0,579.0,227.0,545.0,221.0,587.0,226.0,,,,,,,,0.0,0.0,0.0,0.0,0.0,0.0,0.0,0.0,0.0,22,0.0,0.0,0.0,0.0,0.0,0.0,0.0,0.0,0.0,0.0,0.0,0.0,0.0,0.0,0.0,0.0,38.0,0.0,0.0,0.0,0.0,0.0,0.0,0.0,0.0,0.0,0.0,0.0,0.0,0.0
446,Tyler,Fredricson,Fredricson,a,,,3.8,792,254.0,0.1,422,157.0,0.2,352.0,132.0,0,0,0.0,-2,2.0,68,189,0.1,0.3,-0.8,-0.3,1.0,429.0,157.0,,,455.0,165.0,488.0,187.0,449.0,176.0,468.0,166.0,,,,,,,,0.0,0.0,0.0,13.5,0.0,0.0,0.0,0.0,90.0,22,0.0,0.0,0.0,0.0,0.0,0.0,0.0,0.0,0.0,0.0,0.0,0.0,0.0,0.0,0.0,154.0,217.0,0.0,0.0,0.0,0.0,0.0,0.0,0.0,0.0,0.0,0.0,0.0,0.0,0.0
641,Alfie,Pond,Pond,u,has joined Crewe Alexandra on loan for the rest of the season.,,3.9,755,222.0,1.1,175,69.0,0.0,453.0,173.0,0,0,0.0,-1,1.0,0,1953,0.0,0.0,0.0,0.0,0.0,538.0,195.0,0.0,0.0,528.0,195.0,521.0,196.0,484.0,187.0,531.0,195.0,,,,,,,,0.0,0.0,0.0,0.0,0.0,0.0,0.0,0.0,0.0,22,0.0,0.0,0.0,0.0,0.0,0.0,0.0,0.0,0.0,0.0,0.0,0.0,0.0,0.0,0.0,0.0,2618.0,0.0,0.0,0.0,0.0,0.0,0.0,0.0,0.0,0.0,0.0,0.0,0.0,0.0
248,Kendry,Páez Andrade,Paez,u,Has joined RC Strasbourg on loan for the rest of the season.,,4.5,490,303.0,0.0,756,328.0,0.0,666.0,264.0,0,0,0.0,0,0.0,0,2,0.0,0.0,0.0,0.0,0.0,721.0,302.0,0.0,0.0,721.0,302.0,716.0,302.0,699.0,297.0,721.0,302.0,,,,,,,,0.0,0.0,0.0,0.0,0.0,0.0,0.0,0.0,0.0,22,0.0,0.0,0.0,0.0,0.0,0.0,0.0,0.0,0.0,0.0,0.0,0.0,0.0,0.0,0.0,0.0,2.0,0.0,0.0,0.0,0.0,0.0,0.0,0.0,0.0,0.0,0.0,0.0,0.0,0.0
249,João Pedro,Junqueira de Jesus,João Pedro,a,,,7.1,36,15.0,26.8,13,4.0,4.0,69.0,8.0,8,0,0.0,-4,4.0,107205,22953,0.6,13.0,4.0,4.0,4.2,59.0,5.0,,,52.0,3.0,46.0,1.0,16.0,9.0,20.0,4.0,,,,,,,,0.37,0.08,0.45,1.28,0.0,0.45,0.96,1.07,5.31,22,8.0,73.0,1.0,0.0,1.0,0.0,0.0,0.0,0.0,0.0,0.0,0.0,1.0,2.0,35.0,113521.0,43632.0,0.0,0.15000000000000036,0.010000000000000009,0.16000000000000014,1.2899999999999991,36.0,1.8000000000000114,24.0,6.199999999999989,0.0,1.0,3.0,4.0
642,Hwang,Hee-chan,Hee Chan,a,,,5.6,129,79.0,0.1,431,146.0,3.8,77.0,36.0,3,0,0.0,-4,4.0,925,560,0.7,7.0,3.3,3.8,2.3,278.0,121.0,100.0,100.0,287.0,129.0,178.0,118.0,145.0,84.0,246.0,119.0,,,3.0,,,,,0.19,0.08,0.27,1.27,0.0,0.19,1.5,1.12,5.42,22,3.0,84.0,0.0,0.0,1.0,0.0,0.0,0.0,0.0,0.0,0.0,0.0,1.0,0.0,8.0,1162.0,949.0,0.0,0.0,0.09999999999999998,0.10000000000000009,0.6399999999999988,3.1999999999999886,13.5,2.0,1.8999999999999986,0.0,1.0,3.0,4.0
643,André,Trindade da Costa Neto,André,a,,,5.3,201,125.0,0.1,523,185.0,1.4,251.0,109.0,2,0,0.0,-2,2.0,142,102,0.3,9.2,0.9,1.4,2.3,277.0,120.0,100.0,100.0,191.0,82.0,119.0,86.0,368.0,187.0,219.0,110.0,,,,,,,,0.01,0.04,0.05,1.54,0.0,0.06,1.78,0.95,12.49,22,2.0,90.0,0.0,0.0,1.0,0.0,0.0,0.0,0.0,1.0,0.0,0.0,1.0,0.0,9.0,159.0,395.0,0.0,0.0,0.010000000000000009,0.009999999999999898,0.9399999999999977,6.0,1.6999999999999886,0.0,0.8000000000000043,1.0,2.0,6.0,9.0
240,Christopher,Nkunku,Nkunku,u,has joined AC Milan permanently.,,5.9,97,62.0,0.1,498,174.0,0.0,783.0,348.0,0,0,0.0,-1,1.0,0,22,0.0,0.0,0.0,0.0,0.0,791.0,353.0,0.0,0.0,791.0,353.0,791.0,353.0,791.0,353.0,791.0,353.0,,,,,,,,0.0,0.0,0.0,0.0,0.0,0.0,0.0,0.0,0.0,22,0.0,0.0,0.0,0.0,0.0,0.0,0.0,0.0,0.0,0.0,0.0,0.0,0.0,0.0,0.0,0.0,24.0,0.0,0.0,0.0,0.0,0.0,0.0,0.0,0.0,0.0,0.0,0.0,0.0,0.0
241,Moisés,Caicedo Corozo,Caicedo,a,,,5.7,122,77.0,7.9,53,20.0,2.6,168.0,67.0,5,0,0.0,2,-2.0,13276,8818,0.5,13.0,2.6,2.6,4.4,47.0,21.0,100.0,100.0,64.0,18.0,118.0,85.0,229.0,127.0,112.0,60.0,,,,,,,,0.06,0.06,0.12,1.43,0.0,0.31,1.26,1.01,13.26,22,5.0,90.0,0.0,0.0,1.0,0.0,0.0,0.0,0.0,0.0,0.0,0.0,1.0,0.0,21.0,15593.0,12162.0,0.0,0.0,0.010000000000000009,0.010000000000000009,1.5199999999999996,19.0,5.200000000000017,0.0,2.4000000000000057,5.0,4.0,5.0,14.0
644,Jean-Ricner,Bellegarde,Bellegarde,i,Hamstring injury - Expected back 24 Jan,,5.1,231,142.0,0.0,612,237.0,0.0,744.0,322.0,0,0,0.0,-4,4.0,33,41,0.0,4.9,0.0,0.0,1.8,347.0,151.0,0.0,0.0,302.0,135.0,228.0,140.0,216.0,120.0,292.0,142.0,3.0,4.0,,,,,,0.1,0.08,0.18,1.56,0.0,0.13,2.63,1.18,7.75,22,0.0,0.0,0.0,0.0,0.0,0.0,0.0,0.0,0.0,0.0,0.0,0.0,0.0,0.0,0.0,62.0,74.0,0.0,0.0,0.0,0.0,0.0,0.0,0.0,0.0,0.0,0.0,0.0,0.0,0.0
645,Fer,López González,Fer López,a,,,5.1,240,147.0,0.0,636,258.0,0.2,391.0,180.0,0,-1,1.0,-4,4.0,47,49,0.0,2.4,-0.3,0.2,1.3,412.0,186.0,100.0,100.0,409.0,182.0,284.0,164.0,310.0,162.0,373.0,174.0,,,,,,,,0.06,0.24,0.3,1.57,0.0,0.0,3.55,0.79,4.74,22,0.0,0.0,0.0,0.0,0.0,0.0,0.0,0.0,0.0,0.0,0.0,0.0,0.0,0.0,0.0,49.0,70.0,0.0,0.0,0.0,0.0,0.0,0.0,0.0,0.0,0.0,0.0,0.0,0.0,0.0
648,Marshall,Munetsi,Munetsi,u,has joined Paris FC on loan for the rest of the season.,,5.3,195,122.0,0.0,606,234.0,0.0,754.0,329.0,0,0,0.0,-2,2.0,0,62,0.0,7.2,0.0,0.0,2.9,202.0,87.0,0.0,0.0,247.0,104.0,282.0,163.0,95.0,56.0,227.0,114.0,,,,,,,,0.17,0.04,0.21,1.38,0.0,0.0,1.96,0.93,8.26,22,0.0,0.0,0.0,0.0,0.0,0.0,0.0,0.0,0.0,0.0,0.0,0.0,0.0,0.0,0.0,0.0,104.0,0.0,0.0,0.0,0.0,0.0,0.0,0.0,0.0,0.0,0.0,0.0,0.0,0.0
650,Tawanda,Chirewa,Chirewa,d,Illness - 75% chance of playing,,4.3,590,344.0,0.2,354,117.0,0.2,360.0,157.0,0,0,0.0,-2,2.0,54,346,0.0,0.5,-0.2,0.2,1.0,438.0,194.0,75.0,75.0,458.0,211.0,457.0,223.0,584.0,218.0,469.0,216.0,,,,,,,,0.0,0.0,0.0,1.8,0.0,0.0,0.0,0.0,14.4,22,0.0,0.0,0.0,0.0,0.0,0.0,0.0,0.0,0.0,0.0,0.0,0.0,0.0,0.0,0.0,73.0,453.0,0.0,0.0,0.0,0.0,0.0,0.0,0.0,0.0,0.0,0.0,0.0,0.0,0.0
651,Tom,Edozie,Edozie,a,,,4.3,608,355.0,0.4,281,95.0,0.0,569.0,199.0,0,0,0.0,-2,2.0,359,499,0.0,0.0,-0.5,0.0,0.0,636.0,243.0,,,626.0,234.0,624.0,239.0,597.0,228.0,629.0,236.0,,,,,,,,0.0,0.0,0.0,0.0,0.0,0.0,0.0,0.0,0.0,22,0.0,0.0,0.0,0.0,0.0,0.0,0.0,0.0,0.0,0.0,0.0,0.0,0.0,0.0,0.0,502.0,708.0,0.0,0.0,0.0,0.0,0.0,0.0,0.0,0.0,0.0,0.0,0.0,0.0,0.0
663,Jhon,Arias,J.Arias,a,,,4.9,313,194.0,0.2,404,136.0,3.2,115.0,50.0,1,0,0.0,-6,6.0,182,307,0.7,8.8,2.7,3.2,2.0,320.0,141.0,,,240.0,102.0,111.0,80.0,135.0,79.0,184.0,97.0,1.0,1.0,,,,,,0.29,0.05,0.34,1.23,0.0,0.17,1.53,1.1,9.83,22,1.0,19.0,0.0,0.0,0.0,0.0,0.0,0.0,0.0,0.0,0.0,0.0,0.0,0.0,3.0,261.0,844.0,0.0,0.0,0.0,0.0,0.5600000000000005,0.5999999999999943,0.799999999999983,0.0,0.10000000000000142,0.0,0.0,1.0,1.0
291,James,Tarkowski,Tarkowski,a,,,5.7,113,9.0,13.3,29,9.0,6.2,11.0,5.0,8,0,0.0,2,-2.0,110172,18511,1.1,18.9,6.2,6.2,4.9,20.0,9.0,,,11.0,5.0,143.0,35.0,116.0,20.0,55.0,8.0,,,,,,,,0.05,0.05,0.1,1.46,0.0,0.41,1.14,1.0,11.18,22,8.0,90.0,0.0,0.0,1.0,0.0,0.0,0.0,0.0,0.0,0.0,0.0,1.0,0.0,25.0,120987.0,38255.0,0.0,0.09999999999999987,0.0,0.10000000000000009,1.4399999999999977,23.600000000000023,0.0,8.0,3.200000000000003,2.0,9.0,1.0,11.0
292,Vitalii,Mykolenko,Mykolenko,a,,,4.9,309,51.0,0.8,204,79.0,4.4,49.0,21.0,6,0,0.0,-1,1.0,4725,1953,0.9,12.7,4.4,4.4,3.3,146.0,58.0,100.0,100.0,122.0,52.0,128.0,31.0,281.0,85.0,162.0,51.0,,,,,,,,0.01,0.07,0.08,1.43,0.0,0.37,1.27,1.0,7.13,22,6.0,90.0,0.0,0.0,1.0,0.0,0.0,0.0,0.0,0.0,0.0,0.0,1.0,0.0,21.0,5310.0,4128.0,0.0,0.030000000000000027,0.020000000000000018,0.050000000000000044,1.4400000000000013,11.0,10.800000000000011,7.0,2.8999999999999986,2.0,1.0,0.0,3.0
168,Facundo,Buonanotte,Buonanotte,a,,,4.6,395,245.0,0.1,477,165.0,0.0,679.0,275.0,0,0,0.0,-4,4.0,487,203,0.0,0.2,0.0,0.0,1.0,460.0,214.0,100.0,100.0,448.0,205.0,361.0,187.0,388.0,192.0,433.0,196.0,,,,,,,,0.0,0.18,0.18,1.1,0.0,0.0,2.0,2.0,6.0,22,0.0,0.0,0.0,0.0,0.0,0.0,0.0,0.0,0.0,0.0,0.0,0.0,0.0,0.0,0.0,838.0,263.0,0.0,0.0,0.0,0.0,0.0,0.0,0.0,0.0,0.0,0.0,0.0,0.0,0.0
339,Illan,Meslier,Meslier,a,,,4.2,626,35.0,0.3,295,39.0,0.0,534.0,79.0,0,0,0.0,-3,3.0,108,279,0.0,0.0,0.0,0.0,0.0,614.0,84.0,,,604.0,84.0,599.0,74.0,568.0,60.0,608.0,84.0,,,,,,,,0.0,0.0,0.0,0.0,0.0,0.0,0.0,0.0,0.0,22,0.0,0.0,0.0,0.0,0.0,0.0,0.0,0.0,0.0,0.0,0.0,0.0,0.0,0.0,0.0,154.0,365.0,0.0,0.0,0.0,0.0,0.0,0.0,0.0,0.0,0.0,0.0,0.0,0.0,0.0
342,Jayden,Bogle,Bogle,a,,,4.4,520,107.0,0.2,401,147.0,1.8,218.0,81.0,6,0,0.0,-1,1.0,328,222,0.4,11.6,1.8,1.8,2.5,250.0,95.0,100.0,100.0,195.0,78.0,157.0,38.0,179.0,39.0,195.0,62.0,,,,,,,,0.06,0.05,0.11,1.25,0.0,0.22,1.63,1.03,5.48,22,6.0,80.0,0.0,0.0,1.0,0.0,0.0,0.0,0.0,0.0,0.0,0.0,1.0,0.0,27.0,459.0,356.0,0.0,0.0,0.04999999999999993,0.04999999999999982,0.39000000000000057,8.599999999999994,12.0,6.0,2.700000000000003,2.0,1.0,6.0,3.0
669,Dan,Ndoye,Ndoye,a,,,5.5,149,95.0,0.7,213,72.0,0.2,395.0,182.0,1,0,0.0,-5,5.0,179,407,0.0,7.6,0.2,-0.8,2.6,245.0,107.0,100.0,100.0,264.0,116.0,156.0,106.0,148.0,87.0,216.0,108.0,,,,,,,,0.07,0.11,0.18,1.25,0.0,0.18,1.42,1.25,7.3,22,1.0,14.0,0.0,0.0,0.0,0.0,0.0,0.0,0.0,0.0,0.0,0.0,0.0,0.0,4.0,197.0,588.0,0.0,0.0,0.0,0.0,0.1999999999999993,1.1999999999999886,0.30000000000001137,2.0,0.3999999999999986,0.0,1.0,1.0,2.0
675,Angus,Gunn,Gunn,a,,,4.0,650,43.0,1.2,171,22.0,0.0,468.0,57.0,0,0,0.0,0,0.0,111,482,0.0,0.0,0.0,-1.0,0.0,553.0,62.0,100.0,100.0,543.0,62.0,537.0,50.0,501.0,35.0,546.0,62.0,,,,,,,,0.0,0.0,0.0,0.0,0.0,0.0,0.0,0.0,0.0,22,0.0,0.0,0.0,0.0,0.0,0.0,0.0,0.0,0.0,0.0,0.0,0.0,0.0,0.0,0.0,132.0,646.0,0.0,0.0,0.0,0.0,0.0,0.0,0.0,0.0,0.0,0.0,0.0,0.0,0.0
343,Pascal,Struijk,Struijk,a,,,4.3,572,129.0,0.4,261,99.0,5.2,19.0,7.0,6,0,0.0,-2,2.0,3778,2233,1.2,14.9,5.2,5.2,3.2,150.0,61.0,100.0,100.0,55.0,26.0,209.0,56.0,111.0,17.0,107.0,34.0,,,3.0,,,,,0.12,0.02,0.14,1.37,0.0,0.21,1.62,1.0,8.85,22,6.0,90.0,0.0,0.0,1.0,0.0,0.0,0.0,0.0,0.0,0.0,0.0,1.0,0.0,20.0,6719.0,2620.0,0.0,0.1499999999999999,0.0,0.1499999999999999,0.39000000000000057,14.200000000000045,0.3999999999999915,4.0,1.9000000000000057,0.0,5.0,4.0,5.0
344,Jaka,Bijol,Bijol,i,Hamstring injury - Expected back 10 Feb,,3.9,738,214.0,0.6,242,91.0,3.2,110.0,39.0,0,0,0.0,-1,1.0,379,9736,0.8,11.0,0.0,3.2,3.6,111.0,42.0,0.0,100.0,161.0,69.0,335.0,114.0,158.0,30.0,214.0,72.0,,,,,,,,0.04,0.05,0.09,1.55,0.0,0.09,1.65,1.01,9.16,22,0.0,0.0,0.0,0.0,0.0,0.0,0.0,0.0,0.0,0.0,0.0,0.0,0.0,0.0,0.0,2898.0,10402.0,0.0,0.0,0.0,0.0,0.0,0.0,0.0,0.0,0.0,0.0,0.0,0.0,0.0
82,Antoine,Semenyo,Semenyo,a,,,7.6,20,14.0,45.5,2,1.0,4.6,46.0,19.0,2,0,0.0,6,-6.0,165138,94292,0.6,16.1,5.1,5.1,5.8,7.0,4.0,100.0,100.0,13.0,4.0,35.0,34.0,4.0,1.0,4.0,2.0,,,,,,,,0.32,0.09,0.41,1.57,0.0,0.24,1.9,1.0,7.76,22,2.0,90.0,0.0,0.0,0.0,2.0,0.0,0.0,0.0,0.0,0.0,0.0,1.0,0.0,15.0,243774.0,133243.0,0.0,0.04999999999999982,0.1499999999999999,0.20000000000000107,2.269999999999996,10.800000000000068,31.5,11.0,5.299999999999983,2.0,1.0,3.0,6.0
182,James,Trafford,Trafford,a,,,4.5,419,23.0,1.0,188,24.0,0.0,615.0,87.0,0,0,0.0,-5,5.0,85,750,0.0,2.4,0.5,0.5,3.7,97.0,8.0,,,315.0,25.0,666.0,83.0,645.0,71.0,390.0,26.0,,,,,,,,0.0,0.0,0.0,1.32,3.67,0.33,1.33,1.0,0.0,22,0.0,0.0,0.0,0.0,0.0,0.0,0.0,0.0,0.0,0.0,0.0,0.0,0.0,0.0,0.0,118.0,925.0,0.0,0.0,0.0,0.0,0.0,0.0,0.0,0.0,0.0,0.0,0.0,0.0,0.0
661,Hugo,Ekitiké,Ekitiké,a,,,8.9,7,3.0,26.8,12,3.0,1.8,229.0,28.0,2,0,0.0,4,-4.0,50216,88870,0.2,9.7,2.3,2.3,4.5,43.0,4.0,100.0,100.0,89.0,8.0,133.0,7.0,11.0,7.0,37.0,8.0,,,,,,,,0.48,0.12,0.6,1.23,0.0,0.37,1.18,1.03,3.99,22,2.0,90.0,0.0,0.0,0.0,1.0,0.0,0.0,0.0,0.0,0.0,0.0,1.0,0.0,4.0,118998.0,104249.0,0.0,0.6699999999999999,0.5299999999999998,1.2000000000000002,0.3999999999999986,8.399999999999977,14.5,77.0,10.0,0.0,0.0,0.0,0.0
686,Rio,Ngumoha,Ngumoha,a,,,4.3,611,356.0,0.7,214,73.0,0.4,334.0,148.0,1,0,0.0,-2,2.0,2550,2799,0.1,2.8,0.9,0.9,1.7,356.0,155.0,,,381.0,168.0,296.0,168.0,319.0,167.0,365.0,171.0,,,,,,,,0.56,0.48,1.04,2.38,0.0,0.0,3.0,0.0,4.5,22,1.0,12.0,0.0,0.0,0.0,0.0,0.0,0.0,0.0,0.0,0.0,0.0,0.0,0.0,2.0,3191.0,3760.0,0.0,0.0,0.18,0.17999999999999994,0.09000000000000008,0.19999999999999574,1.6000000000000014,6.0,0.7999999999999989,0.0,0.0,0.0,0.0
692,Giovanni,Leoni,Leoni,i,Knee injury - Expected back 01 Sep,,4.9,344,57.0,0.0,696,239.0,0.0,722.0,252.0,0,0,0.0,-1,1.0,10,8,0.0,0.0,0.0,0.0,0.0,759.0,257.0,0.0,0.0,759.0,257.0,755.0,257.0,747.0,256.0,759.0,257.0,,,,,,,,0.0,0.0,0.0,0.0,0.0,0.0,0.0,0.0,0.0,22,0.0,0.0,0.0,0.0,0.0,0.0,0.0,0.0,0.0,0.0,0.0,0.0,0.0,0.0,0.0,13.0,11.0,0.0,0.0,0.0,0.0,0.0,0.0,0.0,0.0,0.0,0.0,0.0,0.0,0.0
429,Kalvin,Phillips,Phillips,a,,,4.8,347,218.0,0.1,535,190.0,0.0,687.0,280.0,0,0,0.0,-2,2.0,40,64,0.0,0.0,0.5,0.5,0.0,737.0,314.0,,,737.0,314.0,732.0,314.0,719.0,310.0,737.0,314.0,,,,,,,,0.0,0.0,0.0,0.0,0.0,0.0,0.0,0.0,0.0,22,0.0,0.0,0.0,0.0,0.0,0.0,0.0,0.0,0.0,0.0,0.0,0.0,0.0,0.0,0.0,53.0,75.0,0.0,0.0,0.0,0.0,0.0,0.0,0.0,0.0,0.0,0.0,0.0,0.0,0.0
629,Daniel,Bentley,Bentley,a,,,3.9,723,67.0,0.5,256,33.0,0.0,429.0,31.0,0,0,0.0,-1,1.0,408,249,0.0,0.0,-0.5,0.0,0.0,515.0,36.0,100.0,100.0,505.0,36.0,498.0,23.0,460.0,8.0,508.0,36.0,,,,,,,,0.0,0.0,0.0,0.0,0.0,0.0,0.0,0.0,0.0,22,0.0,0.0,0.0,0.0,0.0,0.0,0.0,0.0,0.0,0.0,0.0,0.0,0.0,0.0,0.0,525.0,362.0,0.0,0.0,0.0,0.0,0.0,0.0,0.0,0.0,0.0,0.0,0.0,0.0,0.0
631,Emmanuel,Agbadou,Agbadou,a,,,4.2,633,152.0,0.1,436,160.0,0.0,540.0,226.0,0,0,0.0,-3,3.0,58,67,0.0,4.8,-0.5,0.0,1.5,383.0,141.0,100.0,100.0,145.0,62.0,275.0,86.0,254.0,72.0,226.0,76.0,,5.0,,,,,,0.04,0.03,0.07,1.51,0.0,0.0,2.41,0.98,10.25,22,0.0,0.0,0.0,0.0,0.0,0.0,0.0,0.0,0.0,0.0,0.0,0.0,0.0,0.0,0.0,72.0,107.0,0.0,0.0,0.0,0.0,0.0,0.0,0.0,0.0,0.0,0.0,0.0,0.0,0.0
632,Matt,Doherty,Doherty,a,,,4.4,510,99.0,0.1,487,176.0,0.6,309.0,115.0,0,0,0.0,-1,1.0,63,98,0.1,2.5,0.1,0.6,1.4,396.0,145.0,100.0,100.0,309.0,117.0,309.0,104.0,361.0,126.0,352.0,124.0,,,,,,,,0.01,0.03,0.04,1.39,0.0,0.15,1.65,1.2,7.06,22,0.0,0.0,0.0,0.0,0.0,0.0,0.0,0.0,0.0,0.0,0.0,0.0,0.0,0.0,0.0,80.0,175.0,0.0,0.0,0.0,0.0,0.0,0.0,0.0,0.0,0.0,0.0,0.0,0.0,0.0
487,Harvey,Barnes,Barnes,a,,,6.1,80,53.0,1.6,148,49.0,4.4,53.0,21.0,3,0,0.0,-4,4.0,10606,8918,0.7,11.1,4.4,4.4,3.2,162.0,70.0,,,151.0,56.0,85.0,63.0,24.0,11.0,53.0,37.0,,,,,,,,0.38,0.16,0.54,1.01,0.0,0.35,1.05,0.87,4.97,22,3.0,90.0,0.0,0.0,1.0,0.0,0.0,0.0,0.0,0.0,0.0,0.0,1.0,0.0,16.0,23220.0,10765.0,0.0,0.040000000000000036,0.10000000000000009,0.13999999999999968,0.28999999999999915,7.800000000000011,25.400000000000006,15.0,4.799999999999997,1.0,0.0,4.0,5.0
488,Bruno,Guimarães Rodriguez Moura,Bruno G.,d,Ankle injury - 75% chance of playing,,7.3,24,17.0,23.3,15,5.0,7.2,6.0,2.0,3,1,-1.0,8,-8.0,74831,106215,1.0,16.4,5.4,7.2,5.7,8.0,5.0,75.0,,9.0,2.0,11.0,11.0,38.0,22.0,7.0,5.0,,,,,,,,0.2,0.14,0.34,1.12,0.0,0.29,1.32,0.98,8.71,22,3.0,90.0,0.0,0.0,1.0,0.0,0.0,0.0,0.0,0.0,0.0,0.0,1.0,0.0,17.0,159315.0,112734.0,0.0,0.15000000000000036,0.4400000000000004,0.5900000000000007,0.28999999999999915,21.399999999999977,50.799999999999955,27.0,9.900000000000006,3.0,1.0,2.0,6.0
682,David,Møller Wolfe,Møller Wolfe,a,,,4.3,591,139.0,0.1,537,196.0,0.6,308.0,114.0,0,0,0.0,-2,2.0,21,67,0.1,4.7,0.1,0.6,1.4,395.0,144.0,,,300.0,112.0,211.0,57.0,297.0,94.0,307.0,103.0,,,,,,,,0.02,0.12,0.14,1.7,0.0,0.0,2.3,1.02,4.1,22,0.0,0.0,0.0,0.0,0.0,0.0,0.0,0.0,0.0,0.0,0.0,0.0,0.0,0.0,0.0,25.0,106.0,0.0,0.0,0.0,0.0,0.0,0.0,0.0,0.0,0.0,0.0,0.0,0.0,0.0
695,Jackson,Tchatchoua,Tchatchoua,a,,,4.4,541,118.0,0.0,639,222.0,3.0,125.0,48.0,6,0,0.0,-1,1.0,101,73,0.7,8.2,2.5,3.0,1.7,357.0,136.0,,,206.0,84.0,102.0,25.0,317.0,101.0,209.0,69.0,,,,,,,,0.02,0.07,0.09,1.19,0.0,0.15,1.74,0.83,5.59,22,6.0,90.0,0.0,0.0,1.0,0.0,0.0,0.0,0.0,0.0,0.0,0.0,1.0,0.0,26.0,120.0,128.0,0.0,0.0,0.010000000000000009,0.010000000000000009,0.9399999999999995,18.0,1.5,2.0,2.1999999999999957,3.0,4.0,2.0,7.0
709,Ladislav,Krejcí,Krejčí,a,,,4.5,418,83.0,0.1,526,192.0,4.6,36.0,17.0,6,0,0.0,0,0.0,628,338,1.0,10.0,4.1,4.6,2.6,237.0,90.0,100.0,100.0,88.0,39.0,197.0,50.0,94.0,12.0,113.0,38.0,,,,,,,,0.12,0.08,0.2,1.38,0.0,0.12,1.82,1.03,6.93,22,6.0,90.0,0.0,0.0,1.0,0.0,0.0,0.0,0.0,0.0,0.0,0.0,1.0,0.0,20.0,742.0,960.0,0.0,0.0,0.010000000000000009,0.009999999999999787,0.9400000000000013,14.199999999999989,1.0,2.0,1.7000000000000028,0.0,7.0,2.0,7.0
509,David,Mota Veiga Teixeira do Carmo,David Carmo,u,has joined Real Oviedo on loan for the rest of the season.,,4.5,425,85.0,0.0,665,231.0,0.0,621.0,245.0,0,0,0.0,0,0.0,0,8,0.0,0.0,0.0,0.0,0.0,679.0,252.0,0.0,0.0,673.0,251.0,671.0,252.0,650.0,251.0,676.0,252.0,,,,,,,,0.0,0.0,0.0,0.0,0.0,0.0,0.0,0.0,0.0,22,0.0,0.0,0.0,0.0,0.0,0.0,0.0,0.0,0.0,0.0,0.0,0.0,0.0,0.0,0.0,0.0,8.0,0.0,0.0,0.0,0.0,0.0,0.0,0.0,0.0,0.0,0.0,0.0,0.0,0.0
510,Jair,Paula da Cunha Filho,Jair Cunha,a,,,4.2,637,155.0,0.1,545,198.0,0.0,543.0,228.0,0,0,0.0,-3,3.0,31,52,0.0,0.7,0.0,-1.0,3.0,181.0,71.0,,,413.0,157.0,452.0,166.0,573.0,239.0,443.0,160.0,,,,,,,,0.0,0.0,0.0,3.28,0.0,0.0,2.0,1.0,11.0,22,0.0,0.0,0.0,0.0,0.0,0.0,0.0,0.0,0.0,0.0,0.0,0.0,0.0,0.0,0.0,39.0,69.0,0.0,0.0,0.0,0.0,0.0,0.0,0.0,0.0,0.0,0.0,0.0,0.0,0.0
605,Maximilian,Kilman,Kilman,a,,,4.2,623,147.0,0.2,394,144.0,1.2,265.0,94.0,1,0,0.0,-3,3.0,215,418,0.3,8.3,1.2,1.2,1.8,336.0,129.0,,,78.0,35.0,301.0,99.0,272.0,79.0,191.0,60.0,,,,,,,,0.03,0.01,0.04,1.85,0.0,0.06,2.05,1.0,9.09,22,1.0,1.0,0.0,0.0,0.0,0.0,0.0,0.0,0.0,0.0,0.0,0.0,0.0,0.0,3.0,269.0,913.0,0.0,0.0,0.0,0.0,0.03999999999999915,0.0,0.0,0.0,0.0,0.0,0.0,0.0,0.0
606,Konstantinos,Mavropanos,Mavropanos,a,,,4.4,525,112.0,0.1,533,194.0,1.6,233.0,86.0,4,0,0.0,-1,1.0,792,135,0.4,8.6,1.6,1.2,2.5,251.0,96.0,100.0,75.0,126.0,55.0,392.0,144.0,154.0,29.0,212.0,71.0,,,,,,,,0.07,0.02,0.09,1.52,0.0,0.08,1.75,0.91,11.05,22,4.0,90.0,0.0,0.0,0.0,1.0,0.0,0.0,0.0,0.0,0.0,0.0,1.0,0.0,13.0,793.0,302.0,0.0,0.21999999999999997,0.0,0.21999999999999997,1.4400000000000013,27.80000000000001,0.5,25.0,5.300000000000004,1.0,15.0,5.0,16.0
512,Omar,Richards,O.Richards,u,has joined Rio Ave on loan for the rest of the season.,,4.5,410,78.0,0.0,669,233.0,0.0,609.0,241.0,0,0,0.0,0,0.0,0,3,0.0,0.0,0.0,0.0,0.0,671.0,250.0,0.0,0.0,665.0,249.0,662.0,250.0,639.0,248.0,668.0,250.0,,,,,,,,0.0,0.0,0.0,0.0,0.0,0.0,0.0,0.0,0.0,22,0.0,0.0,0.0,0.0,0.0,0.0,0.0,0.0,0.0,0.0,0.0,0.0,0.0,0.0,0.0,0.0,4.0,0.0,0.0,0.0,0.0,0.0,0.0,0.0,0.0,0.0,0.0,0.0,0.0,0.0
515,Morgan,Gibbs-White,Gibbs-White,a,,,7.3,27,18.0,2.9,109,33.0,4.8,33.0,14.0,3,0,0.0,-2,2.0,8322,6331,0.7,11.5,4.8,3.8,3.8,92.0,44.0,100.0,100.0,104.0,35.0,30.0,29.0,25.0,12.0,31.0,26.0,,2.0,2.0,,,,,0.28,0.08,0.36,1.43,0.0,0.19,1.49,1.01,5.1,22,3.0,90.0,0.0,0.0,1.0,0.0,0.0,0.0,0.0,0.0,0.0,0.0,1.0,0.0,6.0,9324.0,10063.0,0.0,0.10999999999999943,0.020000000000000018,0.1299999999999999,2.099999999999998,7.0,5.199999999999989,2.0,1.3999999999999915,1.0,3.0,0.0,4.0
516,Callum,Hudson-Odoi,Hudson-Odoi,a,,,5.7,116,73.0,0.8,206,70.0,1.8,225.0,97.0,3,0,0.0,-3,3.0,1344,2193,0.3,9.8,1.8,0.8,2.8,221.0,98.0,100.0,100.0,185.0,78.0,37.0,35.0,90.0,55.0,79.0,49.0,,,,,,,,0.14,0.12,0.26,1.44,0.0,0.15,1.42,0.89,4.84,22,3.0,90.0,0.0,0.0,1.0,0.0,0.0,0.0,0.0,0.0,0.0,0.0,1.0,0.0,16.0,1557.0,3834.0,0.0,0.010000000000000009,0.1100000000000001,0.1200000000000001,2.099999999999998,8.799999999999983,30.5,8.0,4.700000000000003,0.0,1.0,2.0,3.0
1,David,Raya Martín,Raya,a,,,5.9,93,1.0,33.4,6,1.0,3.4,107.0,10.0,6,0,0.0,4,-4.0,23596,43524,0.6,15.6,4.4,4.4,4.2,58.0,4.0,,,108.0,16.0,370.0,3.0,790.0,91.0,264.0,16.0,,,,,,,,0.0,0.0,0.0,0.72,1.45,0.5,0.64,1.0,0.0,22,6.0,90.0,0.0,0.0,1.0,0.0,0.0,0.0,0.0,0.0,0.0,0.0,1.0,0.0,23.0,36499.0,57683.0,0.0,0.0,0.0,0.0,0.33999999999999986,6.199999999999989,0.0,0.0,0.6000000000000014,1.0,2.0,7.0,0.0
2,Kepa,Arrizabalaga Revuelta,Arrizabalaga,a,,,4.1,642,38.0,0.4,271,37.0,0.0,528.0,76.0,0,0,0.0,-4,4.0,209,332,0.0,0.0,1.0,1.0,0.0,611.0,81.0,,,600.0,81.0,595.0,70.0,562.0,55.0,604.0,81.0,,,,,,,,0.0,0.0,0.0,0.0,0.0,0.0,0.0,0.0,0.0,22,0.0,0.0,0.0,0.0,0.0,0.0,0.0,0.0,0.0,0.0,0.0,0.0,0.0,0.0,0.0,268.0,473.0,0.0,0.0,0.0,0.0,0.0,0.0,0.0,0.0,0.0,0.0,0.0,0.0,0.0
3,Karl,Hein,Hein,u,Has joined Werder Bremen on loan for the rest of the season.,,4.0,671,53.0,0.2,357,52.0,0.0,485.0,66.0,0,0,0.0,0,0.0,0,122,0.0,0.0,0.0,0.0,0.0,571.0,71.0,0.0,0.0,560.0,71.0,555.0,60.0,520.0,45.0,563.0,71.0,,,,,,,,0.0,0.0,0.0,0.0,0.0,0.0,0.0,0.0,0.0,22,0.0,0.0,0.0,0.0,0.0,0.0,0.0,0.0,0.0,0.0,0.0,0.0,0.0,0.0,0.0,0.0,164.0,0.0,0.0,0.0,0.0,0.0,0.0,0.0,0.0,0.0,0.0,0.0,0.0,0.0
536,Leo Fuhr,Hjelde,Hjelde,a,,,4.0,675,172.0,0.0,693,238.0,0.0,488.0,189.0,0,0,0.0,0,0.0,52,47,0.0,0.0,0.0,0.0,0.0,574.0,212.0,100.0,100.0,563.0,211.0,558.0,212.0,523.0,205.0,566.0,211.0,,,,,,,,0.0,0.0,0.0,0.0,0.0,0.0,0.0,0.0,0.0,22,0.0,0.0,0.0,0.0,0.0,0.0,0.0,0.0,0.0,0.0,0.0,0.0,0.0,0.0,0.0,66.0,52.0,0.0,0.0,0.0,0.0,0.0,0.0,0.0,0.0,0.0,0.0,0.0,0.0,0.0
579,Son,Heung-min,Son,u,Has joined Los Angeles FC permanently.,,8.5,11,6.0,0.1,438,149.0,0.0,799.0,359.0,0,0,0.0,0,0.0,0,27,0.0,0.0,0.0,0.0,0.0,801.0,360.0,0.0,0.0,801.0,360.0,801.0,360.0,801.0,360.0,801.0,360.0,,,,,,,,0.0,0.0,0.0,0.0,0.0,0.0,0.0,0.0,0.0,22,0.0,0.0,0.0,0.0,0.0,0.0,0.0,0.0,0.0,0.0,0.0,0.0,0.0,0.0,0.0,0.0,29.0,0.0,0.0,0.0,0.0,0.0,0.0,0.0,0.0,0.0,0.0,0.0,0.0,0.0
768,Leon,Routh,Leon Routh,a,,,4.0,718,208.0,0.0,729,248.0,0.0,527.0,221.0,0,0,0.0,0,0.0,16,31,0.0,0.0,0.0,0.0,0.0,610.0,241.0,,,599.0,240.0,594.0,241.0,561.0,236.0,603.0,241.0,,,,,,,,0.0,0.0,0.0,0.0,0.0,0.0,0.0,0.0,0.0,22,0.0,0.0,0.0,0.0,0.0,0.0,0.0,0.0,0.0,0.0,0.0,0.0,0.0,0.0,0.0,21.0,34.0,0.0,0.0,0.0,0.0,0.0,0.0,0.0,0.0,0.0,0.0,0.0,0.0,0.0
717,Xavi,Simons,Xavi,a,,,6.5,54,35.0,1.1,172,60.0,1.4,261.0,116.0,2,0,0.0,-5,5.0,6100,3028,0.2,7.1,1.4,1.4,2.9,208.0,92.0,100.0,100.0,226.0,96.0,98.0,73.0,156.0,92.0,170.0,92.0,5.0,,,,,,,0.1,0.15,0.25,1.46,0.0,0.27,1.69,0.98,7.75,22,2.0,90.0,0.0,0.0,0.0,2.0,0.0,0.0,0.0,0.0,0.0,0.0,1.0,0.0,12.0,11103.0,3973.0,0.0,0.19000000000000006,0.10999999999999988,0.30000000000000027,2.6900000000000013,12.600000000000023,43.29999999999998,28.0,8.399999999999999,2.0,0.0,2.0,4.0
726,Randal,Kolo Muani,Kolo Muani,a,,,6.9,43,17.0,0.4,270,42.0,1.6,243.0,30.0,2,0,0.0,-1,1.0,2704,1827,0.2,3.5,1.6,1.6,1.6,379.0,40.0,100.0,100.0,349.0,35.0,150.0,12.0,133.0,33.0,249.0,29.0,,,,,,,,0.13,0.09,0.22,1.38,0.0,0.29,1.56,1.07,5.56,22,2.0,90.0,0.0,0.0,0.0,2.0,0.0,0.0,0.0,0.0,0.0,0.0,1.0,0.0,9.0,5266.0,2355.0,0.0,0.0,0.2300000000000001,0.22999999999999998,2.6900000000000013,5.800000000000011,21.400000000000006,10.0,3.700000000000003,0.0,0.0,5.0,5.0
199,Joe,Worrall,Worrall,d,Lack of match fitness - 75% chance of playing,,3.8,772,234.0,0.1,407,149.0,0.0,405.0,148.0,0,0,0.0,-2,2.0,33,209,0.0,1.8,0.0,-0.4,1.2,416.0,150.0,75.0,75.0,388.0,149.0,444.0,163.0,416.0,154.0,427.0,156.0,,,,,,,,0.0,0.01,0.01,2.31,0.0,0.0,1.75,0.58,13.44,22,0.0,0.0,0.0,0.0,0.0,0.0,0.0,0.0,0.0,0.0,0.0,0.0,0.0,0.0,0.0,92.0,314.0,0.0,0.0,0.0,0.0,0.0,0.0,0.0,0.0,0.0,0.0,0.0,0.0,0.0
200,Jaidon,Anthony,Anthony,a,,,5.1,233,143.0,1.9,135,45.0,2.2,193.0,81.0,2,0,0.0,-4,4.0,2689,3823,0.4,13.9,2.2,1.7,3.4,132.0,58.0,100.0,100.0,109.0,37.0,83.0,61.0,53.0,33.0,61.0,41.0,2.0,,,,,,,0.19,0.09,0.28,2.04,0.0,0.2,1.81,1.07,8.32,22,2.0,90.0,0.0,0.0,0.0,1.0,0.0,0.0,0.0,0.0,0.0,0.0,1.0,0.0,10.0,3340.0,5737.0,0.0,0.18999999999999995,0.08000000000000007,0.27000000000000046,3.1799999999999997,7.0,12.5,16.0,3.5999999999999943,1.0,3.0,6.0,10.0
617,Maxwel,Cornet,Cornet,u,has joined Genoa on loan for the rest of the season.,,4.9,286,176.0,0.0,688,291.0,0.0,696.0,286.0,0,0,0.0,-1,1.0,0,6,0.0,0.0,0.0,0.0,0.0,742.0,316.0,0.0,0.0,742.0,316.0,738.0,316.0,728.0,313.0,742.0,316.0,,,,,,,,0.0,0.0,0.0,0.0,0.0,0.0,0.0,0.0,0.0,22,0.0,0.0,0.0,0.0,0.0,0.0,0.0,0.0,0.0,0.0,0.0,0.0,0.0,0.0,0.0,0.0,6.0,0.0,0.0,0.0,0.0,0.0,0.0,0.0,0.0,0.0,0.0,0.0,0.0,0.0
58,Boubacar,Kamara,Kamara,i,Knee injury - Unknown return date,,4.9,310,192.0,0.3,289,96.0,1.6,236.0,102.0,0,0,0.0,-1,1.0,31,5416,0.3,12.4,0.0,0.0,3.4,130.0,56.0,0.0,0.0,110.0,38.0,87.0,65.0,247.0,136.0,126.0,66.0,,,,,,,,0.03,0.05,0.08,1.33,0.0,0.32,0.96,1.09,9.51,22,0.0,0.0,0.0,0.0,0.0,0.0,0.0,0.0,0.0,0.0,0.0,0.0,0.0,0.0,0.0,43.0,8316.0,0.0,0.0,0.0,0.0,0.0,0.0,0.0,0.0,0.0,0.0,0.0,0.0,0.0
59,Amadou,Onana,Onana,a,,,4.8,363,227.0,0.6,231,80.0,0.4,341.0,151.0,0,0,0.0,-2,2.0,254,1763,0.1,9.6,0.4,0.0,3.3,143.0,62.0,100.0,0.0,178.0,73.0,287.0,166.0,259.0,141.0,256.0,125.0,,,,,,,,0.04,0.02,0.06,1.43,0.0,0.3,1.12,1.12,11.99,22,0.0,0.0,0.0,0.0,0.0,0.0,0.0,0.0,0.0,0.0,0.0,0.0,0.0,0.0,0.0,268.0,2877.0,0.0,0.0,0.0,0.0,0.0,0.0,0.0,0.0,0.0,0.0,0.0,0.0,0.0
216,Zeki,Amdouni,Amdouni,i,Knee injury - Expected back 25 Apr,,4.8,365,60.0,0.0,661,82.0,0.0,692.0,71.0,0,0,0.0,-2,2.0,41,25,0.0,0.0,0.0,0.0,0.0,740.0,80.0,0.0,0.0,740.0,80.0,735.0,79.0,725.0,79.0,740.0,80.0,,,,,,,,0.0,0.0,0.0,0.0,0.0,0.0,0.0,0.0,0.0,22,0.0,0.0,0.0,0.0,0.0,0.0,0.0,0.0,0.0,0.0,0.0,0.0,0.0,0.0,0.0,55.0,30.0,0.0,0.0,0.0,0.0,0.0,0.0,0.0,0.0,0.0,0.0,0.0,0.0,0.0
776,Oliver,Pimlott,Pimlott,a,,,4.5,501,310.0,0.0,789,350.0,0.0,674.0,270.0,0,0,0.0,0,0.0,16,14,0.0,0.0,0.0,-0.5,0.0,729.0,308.0,,,729.0,308.0,724.0,308.0,707.0,303.0,729.0,308.0,,,,,,,,0.0,0.0,0.0,0.0,0.0,0.0,0.0,0.0,0.0,22,0.0,0.0,0.0,0.0,0.0,0.0,0.0,0.0,0.0,0.0,0.0,0.0,0.0,0.0,0.0,29.0,17.0,0.0,0.0,0.0,0.0,0.0,0.0,0.0,0.0,0.0,0.0,0.0,0.0,0.0
784,George,Brierley,Brierley,a,,,4.5,507,315.0,0.0,788,349.0,0.0,678.0,274.0,0,0,0.0,0,0.0,10,23,0.0,0.0,0.0,-0.5,0.0,733.0,312.0,,,733.0,312.0,728.0,312.0,712.0,308.0,733.0,312.0,,,,,,,,0.0,0.0,0.0,0.0,0.0,0.0,0.0,0.0,0.0,22,0.0,0.0,0.0,0.0,0.0,0.0,0.0,0.0,0.0,0.0,0.0,0.0,0.0,0.0,0.0,53.0,28.0,0.0,0.0,0.0,0.0,0.0,0.0,0.0,0.0,0.0,0.0,0.0,0.0,0.0
66,Norberto,Murara Neto,Neto,u,Has joined Botafogo permanently.,,4.5,399,21.0,0.1,549,77.0,0.0,604.0,86.0,0,0,0.0,0,0.0,0,22,0.0,0.0,0.0,0.0,0.0,666.0,88.0,0.0,0.0,660.0,88.0,656.0,81.0,633.0,69.0,663.0,88.0,,,,,,,,0.0,0.0,0.0,0.0,0.0,0.0,0.0,0.0,0.0,22,0.0,0.0,0.0,0.0,0.0,0.0,0.0,0.0,0.0,0.0,0.0,0.0,0.0,0.0,0.0,0.0,32.0,0.0,0.0,0.0,0.0,0.0,0.0,0.0,0.0,0.0,0.0,0.0,0.0,0.0
67,Đorđe,Petrović,Petrović,a,,,4.5,426,24.0,4.4,82,14.0,0.8,296.0,22.0,2,0,0.0,0,0.0,1159,10938,0.2,13.1,0.3,0.8,2.7,229.0,21.0,,,37.0,11.0,672.0,84.0,651.0,72.0,204.0,11.0,,,,,,,,0.0,0.0,0.0,1.47,2.86,0.23,1.86,1.0,0.0,22,2.0,90.0,0.0,0.0,0.0,1.0,0.0,0.0,0.0,1.0,0.0,4.0,1.0,0.0,13.0,1662.0,16186.0,0.0,0.0,0.0,0.0,1.0499999999999972,24.80000000000001,0.0,0.0,2.5,0.0,2.0,11.0,0.0
68,Will,Dennis,Dennis,i,Ankle injury - Unknown return date,,4.0,665,50.0,0.8,198,26.0,0.0,480.0,63.0,0,0,0.0,0,0.0,40,1116,0.0,0.0,0.0,0.0,0.0,566.0,68.0,0.0,0.0,555.0,68.0,550.0,57.0,515.0,42.0,558.0,68.0,,,,,,,,0.0,0.0,0.0,0.0,0.0,0.0,0.0,0.0,0.0,22,0.0,0.0,0.0,0.0,0.0,0.0,0.0,0.0,0.0,0.0,0.0,0.0,0.0,0.0,0.0,52.0,1531.0,0.0,0.0,0.0,0.0,0.0,0.0,0.0,0.0,0.0,0.0,0.0,0.0,0.0
159,Solly,March,March,d,Knee injury - 25% chance of playing,,5.8,103,67.0,0.0,737,316.0,0.0,780.0,346.0,0,0,0.0,-2,2.0,19,7,0.0,0.0,0.0,0.0,0.0,790.0,352.0,25.0,25.0,790.0,352.0,790.0,352.0,788.0,351.0,790.0,352.0,,,,,,,,0.0,0.0,0.0,0.0,0.0,0.0,0.0,0.0,0.0,22,0.0,0.0,0.0,0.0,0.0,0.0,0.0,0.0,0.0,0.0,0.0,0.0,0.0,0.0,0.0,20.0,8.0,0.0,0.0,0.0,0.0,0.0,0.0,0.0,0.0,0.0,0.0,0.0,0.0,0.0
160,Yankuba,Minteh,Minteh,a,,,5.8,112,72.0,2.9,111,35.0,1.2,276.0,123.0,1,0,0.0,-2,2.0,5200,12857,0.2,13.8,1.2,1.2,4.0,73.0,32.0,100.0,100.0,127.0,44.0,23.0,22.0,21.0,9.0,25.0,21.0,1.0,,,,,,,0.16,0.16,0.32,1.35,0.0,0.34,1.32,1.03,6.72,22,1.0,24.0,0.0,0.0,0.0,0.0,0.0,0.0,0.0,0.0,0.0,0.0,0.0,0.0,4.0,6985.0,25210.0,0.0,0.029999999999999805,0.05999999999999961,0.08999999999999986,0.019999999999999574,14.0,17.600000000000023,29.0,6.1000000000000085,1.0,0.0,0.0,1.0
161,Julio,Enciso Espínola,Enciso,u,has joined Strasbourg permanently.,,5.4,172,107.0,0.0,723,309.0,0.0,766.0,336.0,0,0,0.0,-1,1.0,0,1,0.0,0.0,0.0,0.0,0.0,783.0,346.0,0.0,0.0,783.0,346.0,782.0,346.0,778.0,345.0,783.0,346.0,,,,,,,,0.0,0.0,0.0,0.0,0.0,0.0,0.0,0.0,0.0,22,0.0,0.0,0.0,0.0,0.0,0.0,0.0,0.0,0.0,0.0,0.0,0.0,0.0,0.0,0.0,0.0,1.0,0.0,0.0,0.0,0.0,0.0,0.0,0.0,0.0,0.0,0.0,0.0,0.0,0.0
120,Kevin,Schade,Schade,a,,,7.1,37,22.0,2.9,110,34.0,7.2,5.0,1.0,1,0,0.0,1,-1.0,43629,17462,1.0,12.1,7.2,7.2,4.1,68.0,29.0,100.0,100.0,49.0,13.0,75.0,58.0,8.0,3.0,16.0,14.0,,,3.0,,,,,0.43,0.08,0.51,1.25,0.0,0.37,1.04,1.04,6.88,22,1.0,81.0,0.0,0.0,0.0,2.0,0.0,0.0,0.0,1.0,0.0,0.0,1.0,0.0,2.0,52248.0,25921.0,0.0,0.589999999999999,0.020000000000000018,0.6099999999999994,1.5899999999999999,2.1999999999999886,1.6999999999999886,55.0,5.8999999999999915,0.0,1.0,2.0,3.0
121,Mikkel,Damsgaard,Damsgaard,a,,,5.7,119,75.0,0.5,248,83.0,2.6,167.0,66.0,4,0,0.0,-3,3.0,1068,1102,0.5,10.5,2.6,2.6,3.2,160.0,69.0,,,135.0,48.0,20.0,19.0,124.0,72.0,56.0,38.0,1.0,3.0,,,,,,0.08,0.26,0.34,1.4,0.0,0.15,1.53,1.02,10.12,22,4.0,76.0,0.0,0.0,0.0,2.0,0.0,0.0,0.0,0.0,0.0,0.0,1.0,0.0,21.0,1201.0,2073.0,0.0,0.04999999999999982,0.33000000000000007,0.3799999999999999,1.5599999999999987,21.400000000000034,36.10000000000002,13.0,7.099999999999994,3.0,1.0,8.0,12.0
176,Adrian,Mazilu,Mazilu,u,has joined Dinamo Bucharest permanently.,,4.5,456,278.0,0.0,673,279.0,0.0,640.0,245.0,0,0,0.0,0,0.0,0,8,0.0,0.0,0.0,0.0,0.0,697.0,285.0,0.0,0.0,693.0,281.0,690.0,283.0,670.0,275.0,694.0,282.0,,,,,,,,0.0,0.0,0.0,0.0,0.0,0.0,0.0,0.0,0.0,22,0.0,0.0,0.0,0.0,0.0,0.0,0.0,0.0,0.0,0.0,0.0,0.0,0.0,0.0,0.0,0.0,11.0,0.0,0.0,0.0,0.0,0.0,0.0,0.0,0.0,0.0,0.0,0.0,0.0,0.0
177,Andrew,Moran,Moran,u,Has joined Los Angeles FC on loan for the rest of the season.,,4.5,445,267.0,0.0,682,285.0,0.0,632.0,237.0,0,0,0.0,0,0.0,0,5,0.0,0.0,0.0,0.0,0.0,689.0,277.0,0.0,0.0,685.0,273.0,682.0,275.0,662.0,267.0,686.0,274.0,,,,,,,,0.0,0.0,0.0,0.0,0.0,0.0,0.0,0.0,0.0,22,0.0,0.0,0.0,0.0,0.0,0.0,0.0,0.0,0.0,0.0,0.0,0.0,0.0,0.0,0.0,0.0,7.0,0.0,0.0,0.0,0.0,0.0,0.0,0.0,0.0,0.0,0.0,0.0,0.0,0.0
237,Enzo,Fernández,Enzo,a,,,6.6,50,32.0,12.4,34,12.0,5.6,15.0,7.0,6,1,-1.0,1,-1.0,155227,19517,0.8,14.8,5.6,5.6,4.7,27.0,12.0,100.0,100.0,26.0,7.0,12.0,12.0,12.0,5.0,5.0,3.0,3.0,3.0,2.0,,,,,0.39,0.2,0.59,1.31,0.0,0.4,1.06,1.01,7.77,22,6.0,84.0,0.0,1.0,1.0,0.0,0.0,0.0,0.0,0.0,0.0,0.0,1.0,0.0,26.0,212291.0,27835.0,0.0,0.0,0.06000000000000005,0.0600000000000005,1.3599999999999994,33.0,35.700000000000045,2.0,7.099999999999994,3.0,1.0,3.0,7.0
277,Malcolm,Ebiowei,Ebiowei,u,Has joined Blackpool permanently.,,4.5,424,255.0,0.0,771,337.0,0.0,620.0,226.0,0,0,0.0,0,0.0,0,0,0.0,0.0,0.0,0.0,0.0,678.0,267.0,0.0,0.0,672.0,262.0,670.0,265.0,649.0,257.0,675.0,264.0,,,,,,,,0.0,0.0,0.0,0.0,0.0,0.0,0.0,0.0,0.0,22,0.0,0.0,0.0,0.0,0.0,0.0,0.0,0.0,0.0,0.0,0.0,0.0,0.0,0.0,0.0,0.0,0.0,0.0,0.0,0.0,0.0,0.0,0.0,0.0,0.0,0.0,0.0,0.0,0.0,0.0
293,Jake,O'Brien,O'Brien,a,,,4.9,334,56.0,0.7,208,80.0,5.0,25.0,10.0,9,0,0.0,-1,1.0,9026,2234,1.0,15.5,5.0,5.0,3.5,122.0,45.0,,,100.0,43.0,140.0,34.0,222.0,57.0,139.0,45.0,,,,,,,,0.03,0.03,0.06,1.53,0.0,0.39,1.17,0.97,6.82,22,9.0,90.0,0.0,0.0,1.0,0.0,0.0,0.0,0.0,0.0,0.0,0.0,1.0,1.0,29.0,9385.0,4253.0,0.0,0.0,0.0,0.0,1.4400000000000013,27.0,0.19999999999998863,0.0,2.6999999999999957,1.0,11.0,5.0,12.0
294,Séamus,Coleman,Coleman,a,,,4.2,617,143.0,0.1,479,174.0,0.0,531.0,222.0,0,0,0.0,-3,3.0,59,53,0.0,0.7,0.0,0.0,1.0,436.0,163.0,100.0,25.0,602.0,241.0,462.0,169.0,564.0,237.0,606.0,242.0,,,,,,,,0.0,0.0,0.0,1.96,0.0,0.0,0.0,8.18,0.0,22,0.0,0.0,0.0,0.0,0.0,0.0,0.0,0.0,0.0,0.0,0.0,0.0,0.0,0.0,0.0,59.0,69.0,0.0,0.0,0.0,0.0,0.0,0.0,0.0,0.0,0.0,0.0,0.0,0.0,0.0
295,Michael,Keane,Keane,s,Suspended until 31 Jan,,4.7,373,63.0,4.6,78,26.0,3.0,130.0,51.0,0,-1,1.0,2,-2.0,986,66396,0.6,20.4,0.0,0.0,5.1,13.0,6.0,0.0,0.0,22.0,8.0,358.0,128.0,109.0,16.0,96.0,26.0,,,,,,,,0.09,0.01,0.1,1.51,0.0,0.32,1.34,1.02,10.42,22,0.0,0.0,0.0,0.0,0.0,0.0,0.0,0.0,0.0,0.0,0.0,0.0,0.0,0.0,0.0,1158.0,118638.0,0.0,0.0,0.0,0.0,0.0,0.0,0.0,0.0,0.0,0.0,0.0,0.0,0.0
298,Reece,Welch,Welch,a,,,3.8,782,244.0,0.1,418,155.0,0.0,411.0,154.0,0,0,0.0,-2,2.0,66,104,0.0,0.0,0.0,0.0,0.0,498.0,178.0,,,488.0,178.0,479.0,178.0,440.0,167.0,491.0,178.0,,,,,,,,0.0,0.0,0.0,0.0,0.0,0.0,0.0,0.0,0.0,22,0.0,0.0,0.0,0.0,0.0,0.0,0.0,0.0,0.0,0.0,0.0,0.0,0.0,0.0,0.0,89.0,145.0,0.0,0.0,0.0,0.0,0.0,0.0,0.0,0.0,0.0,0.0,0.0,0.0,0.0
299,Iliman,Ndiaye,Ndiaye,a,,,6.2,75,49.0,3.4,99,30.0,0.0,785.0,350.0,0,0,0.0,-3,3.0,28876,3790,0.0,11.8,0.0,0.0,4.6,30.0,15.0,100.0,0.0,99.0,33.0,89.0,67.0,52.0,32.0,59.0,40.0,,,1.0,,,,,0.21,0.18,0.39,1.29,0.0,0.4,1.27,1.07,9.85,22,0.0,0.0,0.0,0.0,0.0,0.0,0.0,0.0,0.0,0.0,0.0,0.0,0.0,0.0,0.0,29002.0,6151.0,0.0,0.0,0.0,0.0,0.0,0.0,0.0,0.0,0.0,0.0,0.0,0.0,0.0
300,Dwight,McNeil,McNeil,a,,,5.5,145,92.0,0.2,377,128.0,3.8,76.0,35.0,5,0,0.0,-5,5.0,997,586,0.7,5.1,3.8,3.8,2.2,295.0,130.0,,,352.0,156.0,180.0,120.0,302.0,157.0,314.0,152.0,,,,,,,,0.07,0.11,0.18,1.76,0.0,0.47,0.47,0.95,7.74,22,5.0,90.0,0.0,1.0,1.0,0.0,0.0,0.0,0.0,1.0,0.0,0.0,1.0,0.0,18.0,1050.0,1372.0,0.0,0.050000000000000044,0.020000000000000018,0.06999999999999984,1.4399999999999995,6.199999999999989,16.299999999999997,7.0,3.0,0.0,2.0,6.0,8.0
302,Idrissa Gana,Gueye,Gana,a,,,5.4,156,98.0,0.1,509,180.0,0.0,758.0,331.0,0,0,0.0,-1,1.0,293,62,0.0,8.1,0.0,0.0,3.4,135.0,59.0,100.0,0.0,213.0,90.0,196.0,128.0,185.0,105.0,225.0,113.0,,,,,,,,0.09,0.05,0.14,1.38,0.0,0.26,1.11,1.11,9.76,22,0.0,0.0,0.0,0.0,0.0,0.0,0.0,0.0,0.0,0.0,0.0,0.0,0.0,0.0,0.0,296.0,86.0,0.0,0.0,0.0,0.0,0.0,0.0,0.0,0.0,0.0,0.0,0.0,0.0,0.0
369,Freddie,Woodman,Woodman,a,,,3.9,729,72.0,0.2,379,54.0,0.0,435.0,36.0,0,0,0.0,-1,1.0,67,182,0.0,0.0,0.5,0.5,0.0,520.0,41.0,,,510.0,41.0,503.0,28.0,465.0,13.0,513.0,41.0,,,,,,,,0.0,0.0,0.0,0.0,0.0,0.0,0.0,0.0,0.0,22,0.0,0.0,0.0,0.0,0.0,0.0,0.0,0.0,0.0,0.0,0.0,0.0,0.0,0.0,0.0,85.0,250.0,0.0,0.0,0.0,0.0,0.0,0.0,0.0,0.0,0.0,0.0,0.0,0.0,0.0
370,Jeremie,Frimpong,Frimpong,a,,,5.8,105,7.0,6.8,58,19.0,4.6,43.0,18.0,2,0,0.0,-2,2.0,19300,15966,0.8,5.9,5.1,5.1,3.4,136.0,54.0,100.0,100.0,351.0,133.0,171.0,43.0,219.0,56.0,288.0,96.0,,,,,,,,0.06,0.18,0.24,1.0,0.0,0.38,0.94,0.94,2.44,22,2.0,90.0,0.0,0.0,0.0,1.0,0.0,0.0,0.0,0.0,0.0,0.0,1.0,0.0,15.0,63289.0,17750.0,0.0,0.24000000000000002,0.32999999999999996,0.5700000000000001,0.40000000000000036,14.599999999999994,59.5,25.0,9.899999999999999,0.0,1.0,3.0,1.0
307,Coby,Ebere,Ebere,a,,,4.4,539,323.0,0.0,600,230.0,0.0,587.0,207.0,0,0,0.0,-1,1.0,48,62,0.0,0.0,0.0,0.0,0.0,651.0,251.0,,,642.0,243.0,640.0,248.0,615.0,237.0,645.0,245.0,,,,,,,,0.0,0.0,0.0,0.0,0.0,0.0,0.0,0.0,0.0,22,0.0,0.0,0.0,0.0,0.0,0.0,0.0,0.0,0.0,0.0,0.0,0.0,0.0,0.0,0.0,66.0,81.0,0.0,0.0,0.0,0.0,0.0,0.0,0.0,0.0,0.0,0.0,0.0,0.0,0.0
318,Calvin,Bassey,Bassey,a,,,4.4,524,111.0,0.3,287,109.0,0.0,581.0,239.0,0,0,0.0,-1,1.0,2166,333,0.0,12.5,0.0,0.0,3.4,127.0,49.0,100.0,0.0,105.0,46.0,259.0,78.0,283.0,86.0,200.0,64.0,,,,,,,,0.06,0.01,0.07,1.38,0.0,0.2,1.66,0.99,7.95,22,0.0,0.0,0.0,0.0,0.0,0.0,0.0,0.0,0.0,0.0,0.0,0.0,0.0,0.0,0.0,2212.0,633.0,0.0,0.0,0.0,0.0,0.0,0.0,0.0,0.0,0.0,0.0,0.0,0.0,0.0
321,Jorge,Cuenca Barreno,J.Cuenca,a,,,4.3,578,133.0,0.1,554,200.0,3.6,82.0,30.0,3,0,0.0,-2,2.0,280,183,0.8,7.0,3.6,3.6,3.3,139.0,56.0,,,243.0,100.0,364.0,131.0,401.0,149.0,336.0,115.0,,,,,,,,0.0,0.01,0.01,1.26,0.0,0.27,0.81,1.09,11.0,22,3.0,90.0,0.0,0.0,0.0,1.0,0.0,0.0,0.0,1.0,0.0,0.0,1.0,0.0,8.0,433.0,225.0,0.0,0.0,0.0,0.0,1.4299999999999997,18.0,0.5,0.0,1.8999999999999986,1.0,10.0,3.0,11.0
322,Kenny,Tete,Tete,i,Hamstring injury - Unknown return date,,4.5,405,75.0,0.3,290,111.0,1.4,247.0,90.0,0,0,0.0,0,0.0,22,4268,0.3,14.4,0.0,0.0,4.1,62.0,27.0,0.0,0.0,112.0,48.0,167.0,40.0,237.0,66.0,172.0,56.0,,,,,,,,0.03,0.06,0.09,1.32,0.0,0.33,1.2,1.07,8.42,22,0.0,0.0,0.0,0.0,0.0,0.0,0.0,0.0,0.0,0.0,0.0,0.0,0.0,0.0,0.0,33.0,7390.0,0.0,0.0,0.0,0.0,0.0,0.0,0.0,0.0,0.0,0.0,0.0,0.0,0.0
323,Samuel,Amissah,Amissah,a,,,3.8,800,261.0,0.1,414,153.0,0.0,425.0,167.0,0,0,0.0,-2,2.0,90,166,0.0,0.0,0.0,0.0,0.0,511.0,190.0,,,501.0,190.0,493.0,191.0,455.0,181.0,504.0,190.0,,,,,,,,0.0,0.0,0.0,0.0,0.0,0.0,0.0,0.0,0.0,22,0.0,0.0,0.0,0.0,0.0,0.0,0.0,0.0,0.0,0.0,0.0,0.0,0.0,0.0,0.0,188.0,205.0,0.0,0.0,0.0,0.0,0.0,0.0,0.0,0.0,0.0,0.0,0.0,0.0,0.0
324,Alex,Iwobi,Iwobi,a,,,6.3,65,43.0,0.7,215,74.0,0.0,787.0,352.0,0,0,0.0,-2,2.0,2048,508,0.0,8.9,0.0,0.0,3.5,124.0,55.0,100.0,0.0,169.0,65.0,38.0,36.0,139.0,82.0,86.0,53.0,5.0,,,,,,,0.05,0.14,0.19,1.38,0.0,0.2,1.63,1.08,6.7,22,0.0,0.0,0.0,0.0,0.0,0.0,0.0,0.0,0.0,0.0,0.0,0.0,0.0,0.0,0.0,2055.0,914.0,0.0,0.0,0.0,0.0,0.0,0.0,0.0,0.0,0.0,0.0,0.0,0.0,0.0
325,Emile,Smith Rowe,Smith Rowe,d,Knock - 75% chance of playing,,5.6,131,81.0,0.7,219,75.0,2.8,153.0,64.0,3,0,0.0,-4,4.0,315,6170,0.5,9.3,2.1,2.8,2.4,270.0,116.0,75.0,100.0,208.0,88.0,104.0,77.0,76.0,48.0,128.0,68.0,,,,,,,,0.27,0.06,0.33,1.52,0.0,0.28,1.2,0.92,7.64,22,3.0,76.0,0.0,0.0,1.0,0.0,0.0,0.0,0.0,0.0,0.0,0.0,1.0,0.0,11.0,1420.0,7392.0,0.0,0.04999999999999982,0.030000000000000027,0.08000000000000007,0.8300000000000001,12.0,14.199999999999989,1.0,2.6999999999999957,4.0,3.0,3.0,10.0
326,Adama,Traoré Diarra,Adama,a,,,5.1,225,139.0,0.1,420,140.0,0.6,319.0,143.0,0,0,0.0,-4,4.0,151,174,0.1,3.3,0.6,0.6,1.1,425.0,192.0,,,424.0,189.0,281.0,162.0,278.0,148.0,368.0,173.0,,,,,,,,0.07,0.19,0.26,1.69,0.0,0.0,2.41,0.34,4.83,22,0.0,0.0,0.0,0.0,0.0,0.0,0.0,0.0,0.0,0.0,0.0,0.0,0.0,0.0,0.0,187.0,209.0,0.0,0.0,0.0,0.0,0.0,0.0,0.0,0.0,0.0,0.0,0.0,0.0,0.0
327,Andreas,Hoelgebaum Pereira,Andreas,u,has joined Palmeiras permanently.,,5.3,185,114.0,0.1,546,197.0,0.0,751.0,327.0,0,0,0.0,-2,2.0,0,11,0.0,0.0,0.0,0.0,0.0,776.0,342.0,0.0,0.0,776.0,342.0,775.0,342.0,770.0,341.0,776.0,342.0,,,,,,,,0.0,0.0,0.0,0.0,0.0,0.0,0.0,0.0,0.0,22,0.0,0.0,0.0,0.0,0.0,0.0,0.0,0.0,0.0,0.0,0.0,0.0,0.0,0.0,0.0,0.0,13.0,0.0,0.0,0.0,0.0,0.0,0.0,0.0,0.0,0.0,0.0,0.0,0.0,0.0
422,Mateo,Kovačić,Kovačić,i,Ankle injury - Unknown return date,,5.9,89,56.0,0.0,672,278.0,0.0,782.0,347.0,0,0,0.0,-1,1.0,6,14,0.0,0.2,0.0,0.0,1.0,478.0,228.0,0.0,0.0,463.0,214.0,446.0,218.0,789.0,352.0,478.0,222.0,,,,,,,,0.0,0.0,0.0,0.0,0.0,0.0,0.0,0.0,0.0,22,0.0,0.0,0.0,0.0,0.0,0.0,0.0,0.0,0.0,0.0,0.0,0.0,0.0,0.0,0.0,6.0,14.0,0.0,0.0,0.0,0.0,0.0,0.0,0.0,0.0,0.0,0.0,0.0,0.0,0.0
423,Nico,González Iglesias,N.Gonzalez,d,Knock - 75% chance of playing,,5.9,99,64.0,0.1,458,156.0,1.8,226.0,98.0,0,0,0.0,-1,1.0,7,634,0.3,9.3,1.7,1.7,2.9,205.0,89.0,75.0,75.0,159.0,58.0,132.0,95.0,266.0,144.0,186.0,99.0,,,,,,,,0.04,0.06,0.1,1.06,0.0,0.47,0.88,1.01,11.63,22,0.0,0.0,0.0,0.0,0.0,0.0,0.0,0.0,0.0,0.0,0.0,0.0,0.0,0.0,0.0,14.0,811.0,0.0,0.0,0.0,0.0,0.0,0.0,0.0,0.0,0.0,0.0,0.0,0.0,0.0
664,Benjamin,Lecomte,Lecomte,a,,,3.9,725,69.0,0.7,210,28.0,0.0,431.0,33.0,0,0,0.0,-1,1.0,324,709,0.0,0.0,0.0,0.0,0.0,517.0,38.0,,,507.0,38.0,500.0,25.0,462.0,10.0,510.0,38.0,,,,,,,,0.0,0.0,0.0,0.0,0.0,0.0,0.0,0.0,0.0,22,0.0,0.0,0.0,0.0,0.0,0.0,0.0,0.0,0.0,0.0,0.0,0.0,0.0,0.0,0.0,471.0,878.0,0.0,0.0,0.0,0.0,0.0,0.0,0.0,0.0,0.0,0.0,0.0,0.0,0.0
731,Kevin,Santos Lopes de Macedo,Kevin,a,,,5.8,111,71.0,0.1,541,194.0,2.2,194.0,82.0,1,0,0.0,-2,2.0,191,298,0.4,5.7,2.2,2.2,1.8,353.0,153.0,100.0,100.0,257.0,110.0,125.0,91.0,106.0,64.0,181.0,95.0,4.0,,,,,,,0.11,0.15,0.26,1.32,0.0,0.49,1.35,0.74,7.51,22,1.0,25.0,0.0,0.0,0.0,1.0,0.0,0.0,0.0,0.0,0.0,0.0,0.0,0.0,1.0,300.0,392.0,0.0,0.0,0.0,0.0,0.7100000000000009,0.0,0.5,0.0,0.0,0.0,0.0,0.0,0.0
737,Jonah,Kusi-Asare,Kusi-Asare,a,,,4.5,499,70.0,0.1,494,70.0,0.2,377.0,41.0,0,0,0.0,0,0.0,268,279,0.0,0.9,0.2,0.2,0.8,485.0,59.0,,,472.0,56.0,391.0,49.0,387.0,53.0,446.0,53.0,,,,,,,,0.0,0.21,0.21,2.25,0.0,0.0,6.0,0.0,6.0,22,0.0,2.0,0.0,0.0,0.0,1.0,0.0,0.0,0.0,1.0,0.0,0.0,0.0,0.0,11.0,398.0,361.0,0.0,0.0,0.0,0.0,0.38,0.0,0.0,0.0,0.0,0.0,0.0,0.0,0.0
770,Seth,Ridgeon,Ridgeon,a,,,4.5,494,307.0,0.0,767,335.0,0.0,670.0,268.0,0,0,0.0,0,0.0,16,18,0.0,0.0,0.0,0.0,0.0,725.0,306.0,,,725.0,306.0,720.0,306.0,703.0,301.0,725.0,306.0,,,,,,,,0.0,0.0,0.0,0.0,0.0,0.0,0.0,0.0,0.0,22,0.0,0.0,0.0,0.0,0.0,0.0,0.0,0.0,0.0,0.0,0.0,0.0,0.0,0.0,0.0,29.0,20.0,0.0,0.0,0.0,0.0,0.0,0.0,0.0,0.0,0.0,0.0,0.0,0.0,0.0
786,Alfie,McNally,McNally,a,,,4.0,684,58.0,0.0,769,86.0,0.0,497.0,71.0,0,0,0.0,0,0.0,46,27,0.0,0.0,0.0,0.0,0.0,582.0,76.0,,,571.0,76.0,566.0,65.0,531.0,50.0,574.0,76.0,,,,,,,,0.0,0.0,0.0,0.0,0.0,0.0,0.0,0.0,0.0,22,0.0,0.0,0.0,0.0,0.0,0.0,0.0,0.0,0.0,0.0,0.0,0.0,0.0,0.0,0.0,64.0,28.0,0.0,0.0,0.0,0.0,0.0,0.0,0.0,0.0,0.0,0.0,0.0,0.0,0.0
345,Sebastiaan,Bornauw,Bornauw,a,,,3.8,780,242.0,0.1,446,163.0,2.0,198.0,73.0,1,0,0.0,-2,2.0,274,251,0.5,3.2,2.0,2.0,2.0,314.0,118.0,100.0,100.0,412.0,156.0,420.0,153.0,400.0,148.0,434.0,157.0,,,,,,,,0.0,0.01,0.01,1.99,0.0,0.55,1.09,1.09,9.27,22,1.0,1.0,0.0,0.0,0.0,0.0,0.0,0.0,0.0,0.0,0.0,0.0,0.0,0.0,3.0,445.0,321.0,0.0,0.0,0.0,0.0,0.0,2.0,0.0,0.0,0.20000000000000018,0.0,1.0,0.0,1.0
346,Sam,Byram,Byram,a,,,3.8,770,233.0,0.2,368,134.0,0.0,403.0,147.0,0,0,0.0,-2,2.0,87,227,0.0,0.3,0.0,0.0,1.0,427.0,155.0,,,482.0,173.0,472.0,172.0,433.0,161.0,485.0,173.0,,,,,,,,0.0,0.0,0.0,10.16,0.0,0.0,12.86,0.0,0.0,22,0.0,0.0,0.0,0.0,0.0,0.0,0.0,0.0,0.0,0.0,0.0,0.0,0.0,0.0,0.0,180.0,323.0,0.0,0.0,0.0,0.0,0.0,0.0,0.0,0.0,0.0,0.0,0.0,0.0,0.0
763,Charlie,Gray,Gray,a,,,4.5,448,270.0,0.0,775,340.0,0.0,635.0,240.0,0,0,0.0,0,0.0,16,19,0.0,0.0,0.5,0.5,0.0,692.0,280.0,,,688.0,276.0,685.0,278.0,665.0,270.0,689.0,277.0,,,,,,,,0.0,0.0,0.0,0.0,0.0,0.0,0.0,0.0,0.0,22,0.0,0.0,0.0,0.0,0.0,0.0,0.0,0.0,0.0,0.0,0.0,0.0,0.0,0.0,0.0,20.0,26.0,0.0,0.0,0.0,0.0,0.0,0.0,0.0,0.0,0.0,0.0,0.0,0.0,0.0
764,Reigan,Heskey,Heskey,a,,,4.5,476,292.0,0.0,783,346.0,0.0,654.0,254.0,0,0,0.0,0,0.0,18,19,0.0,0.0,0.5,0.5,0.0,710.0,293.0,,,709.0,292.0,704.0,292.0,687.0,287.0,709.0,292.0,,,,,,,,0.0,0.0,0.0,0.0,0.0,0.0,0.0,0.0,0.0,22,0.0,0.0,0.0,0.0,0.0,0.0,0.0,0.0,0.0,0.0,0.0,0.0,0.0,0.0,0.0,21.0,20.0,0.0,0.0,0.0,0.0,0.0,0.0,0.0,0.0,0.0,0.0,0.0,0.0,0.0
794,Max,Alleyne,Alleyne,a,,,4.5,440,89.0,0.0,658,229.0,2.5,175.0,66.0,1,0,0.0,0,0.0,614,588,0.6,1.1,3.0,3.0,2.5,252.0,97.0,,,402.0,153.0,381.0,140.0,337.0,110.0,409.0,148.0,,,,,,,,0.17,0.04,0.21,1.03,0.0,0.0,0.67,1.33,7.33,22,1.0,45.0,0.0,0.0,0.0,0.0,0.0,0.0,0.0,0.0,0.0,0.0,1.0,0.0,10.0,1060.0,741.0,0.0,0.1,0.009999999999999995,0.11000000000000001,0.3800000000000001,8.2,2.0,17.0,2.7,0.0,1.0,1.0,1.0
348,Joe,Rodon,Rodon,a,,,3.9,733,211.0,3.4,98,38.0,1.6,231.0,84.0,6,0,0.0,-1,1.0,7566,5476,0.4,16.4,1.6,1.6,3.2,149.0,60.0,100.0,100.0,48.0,23.0,288.0,94.0,129.0,22.0,123.0,41.0,,,,,,,,0.05,0.01,0.06,1.41,0.0,0.16,1.81,1.03,7.86,22,6.0,90.0,0.0,0.0,1.0,0.0,0.0,0.0,0.0,0.0,0.0,0.0,1.0,0.0,25.0,11224.0,7941.0,0.0,0.0,0.0,0.0,0.39000000000000057,4.800000000000011,0.29999999999999716,2.0,0.6999999999999957,0.0,2.0,3.0,2.0
400,Stefan,Ortega Moreno,Ortega Moreno,a,,,4.7,372,16.0,0.2,399,61.0,0.0,680.0,88.0,0,0,0.0,-3,3.0,34,132,0.0,0.0,0.5,0.5,0.0,734.0,89.0,,,734.0,89.0,729.0,85.0,715.0,76.0,734.0,89.0,,,,,,,,0.0,0.0,0.0,0.0,0.0,0.0,0.0,0.0,0.0,22,0.0,0.0,0.0,0.0,0.0,0.0,0.0,0.0,0.0,0.0,0.0,0.0,0.0,0.0,0.0,43.0,166.0,0.0,0.0,0.0,0.0,0.0,0.0,0.0,0.0,0.0,0.0,0.0,0.0,0.0
401,Marcus,Bettinelli,Bettinelli,a,,,3.8,771,90.0,0.2,398,60.0,0.0,404.0,26.0,0,0,0.0,-2,2.0,3902,1127,0.0,0.0,0.5,0.5,0.0,493.0,31.0,100.0,100.0,483.0,31.0,473.0,17.0,434.0,2.0,486.0,31.0,,,,,,,,0.0,0.0,0.0,0.0,0.0,0.0,0.0,0.0,0.0,22,0.0,0.0,0.0,0.0,0.0,0.0,0.0,0.0,0.0,0.0,0.0,0.0,0.0,0.0,0.0,5218.0,1331.0,0.0,0.0,0.0,0.0,0.0,0.0,0.0,0.0,0.0,0.0,0.0,0.0,0.0
402,Rayan,Aït-Nouri,Aït-Nouri,a,,,5.7,121,12.0,3.8,92,35.0,0.2,396.0,144.0,1,0,0.0,-3,3.0,2244,1446,0.0,2.3,0.7,0.7,2.2,297.0,111.0,100.0,100.0,385.0,146.0,332.0,113.0,375.0,134.0,393.0,141.0,,,,,,,,0.02,0.21,0.23,1.31,0.0,0.42,0.84,1.26,9.67,22,1.0,10.0,0.0,0.0,0.0,0.0,0.0,0.0,0.0,0.0,0.0,0.0,0.0,0.0,1.0,2963.0,1903.0,0.0,0.0,0.030000000000000027,0.030000000000000027,0.16000000000000014,0.20000000000000284,1.5,4.0,0.5999999999999996,0.0,0.0,0.0,0.0
403,Joško,Gvardiol,Gvardiol,i,Leg injury - Unknown return date,,6.0,88,5.0,4.5,81,27.0,2.0,210.0,77.0,0,0,0.0,0,0.0,86,52013,0.3,12.8,0.0,0.0,4.8,26.0,13.0,0.0,0.0,90.0,40.0,208.0,55.0,100.0,14.0,119.0,40.0,,,,,,,,0.15,0.04,0.19,1.06,0.0,0.42,0.9,1.04,6.85,22,0.0,0.0,0.0,0.0,0.0,0.0,0.0,0.0,0.0,0.0,0.0,0.0,0.0,0.0,0.0,104.0,87541.0,0.0,0.0,0.0,0.0,0.0,0.0,0.0,0.0,0.0,0.0,0.0,0.0,0.0
404,Manuel,Akanji,Akanji,u,has joined Inter Milan on loan for the rest of the season.,,5.4,167,20.0,0.3,332,122.0,0.0,762.0,259.0,0,0,0.0,-1,1.0,0,59,0.0,0.0,0.0,0.0,0.0,779.0,261.0,0.0,0.0,779.0,261.0,778.0,261.0,774.0,260.0,779.0,261.0,,,,,,,,0.0,0.0,0.0,0.0,0.0,0.0,0.0,0.0,0.0,22,0.0,0.0,0.0,0.0,0.0,0.0,0.0,0.0,0.0,0.0,0.0,0.0,0.0,0.0,0.0,0.0,67.0,0.0,0.0,0.0,0.0,0.0,0.0,0.0,0.0,0.0,0.0,0.0,0.0,0.0
405,Nathan,Aké,Aké,a,,,5.3,184,24.0,0.6,227,85.0,2.6,165.0,65.0,1,0,0.0,-2,2.0,2513,1228,0.5,4.7,3.1,3.1,2.1,309.0,116.0,,,326.0,127.0,243.0,70.0,342.0,113.0,332.0,112.0,,,,,,,,0.05,0.08,0.13,1.46,0.0,0.37,1.3,0.74,6.51,22,1.0,90.0,0.0,0.0,0.0,2.0,0.0,0.0,0.0,0.0,0.0,0.0,1.0,0.0,3.0,2910.0,1510.0,0.0,0.0,0.10999999999999999,0.10999999999999999,2.2699999999999996,9.599999999999994,16.299999999999997,4.0,3.0,0.0,2.0,4.0,2.0
449,Bruno,Borges Fernandes,B.Fernandes,a,,,9.2,6,4.0,17.1,20,8.0,3.4,109.0,49.0,10,1,-1.0,2,-2.0,435085,9294,0.4,12.6,2.4,2.9,6.1,4.0,1.0,100.0,100.0,4.0,1.0,1.0,1.0,40.0,24.0,2.0,1.0,1.0,1.0,1.0,,,,,0.39,0.31,0.7,1.29,0.0,0.11,1.55,1.05,10.47,22,10.0,90.0,0.0,1.0,1.0,0.0,0.0,0.0,0.0,0.0,0.0,0.0,1.0,2.0,38.0,482202.0,15178.0,0.0,0.0,0.5300000000000002,0.5299999999999994,0.4499999999999993,41.60000000000002,82.30000000000007,2.0,12.599999999999994,4.0,2.0,8.0,14.0
451,Marcus,Rashford,Rashford,u,Has joined Barcelona on loan for the rest of the season,,7.0,38,23.0,0.0,685,288.0,0.0,794.0,356.0,0,0,0.0,0,0.0,0,9,0.0,0.0,0.0,0.0,0.0,799.0,358.0,0.0,0.0,799.0,358.0,799.0,358.0,799.0,358.0,799.0,358.0,,,,,,,,0.0,0.0,0.0,0.0,0.0,0.0,0.0,0.0,0.0,22,0.0,0.0,0.0,0.0,0.0,0.0,0.0,0.0,0.0,0.0,0.0,0.0,0.0,0.0,0.0,0.0,10.0,0.0,0.0,0.0,0.0,0.0,0.0,0.0,0.0,0.0,0.0,0.0,0.0,0.0
460,Toby,Collyer,Collyer,a,,,4.5,436,262.0,0.0,649,265.0,0.0,628.0,233.0,0,0,0.0,0,0.0,13,14,0.0,0.0,-1.0,0.0,0.0,685.0,273.0,100.0,0.0,679.0,268.0,678.0,271.0,658.0,263.0,682.0,270.0,,,,,,,,0.0,0.0,0.0,0.0,0.0,0.0,0.0,0.0,0.0,22,0.0,0.0,0.0,0.0,0.0,0.0,0.0,0.0,0.0,0.0,0.0,0.0,0.0,0.0,0.0,13.0,19.0,0.0,0.0,0.0,0.0,0.0,0.0,0.0,0.0,0.0,0.0,0.0,0.0,0.0
461,Jayce,Fitzgerald,Fitzgerald,a,,,4.3,603,351.0,0.0,605,233.0,0.0,565.0,196.0,0,0,0.0,-2,2.0,39,68,0.0,0.0,-1.0,-0.5,0.0,633.0,240.0,,,623.0,231.0,621.0,236.0,593.0,224.0,626.0,233.0,,,,,,,,0.0,0.0,0.0,0.0,0.0,0.0,0.0,0.0,0.0,22,0.0,0.0,0.0,0.0,0.0,0.0,0.0,0.0,0.0,0.0,0.0,0.0,0.0,0.0,0.0,65.0,76.0,0.0,0.0,0.0,0.0,0.0,0.0,0.0,0.0,0.0,0.0,0.0,0.0,0.0
462,Jack,Fletcher,J.Fletcher,a,,,4.3,600,348.0,0.1,485,170.0,0.4,333.0,147.0,0,0,0.0,-2,2.0,203,478,0.1,0.7,-0.6,-0.1,1.0,439.0,195.0,,,425.0,190.0,363.0,188.0,405.0,200.0,424.0,190.0,,,,,,,,0.03,0.02,0.05,1.56,0.0,0.0,0.0,0.0,9.25,22,0.0,0.0,0.0,0.0,0.0,0.0,0.0,0.0,0.0,0.0,0.0,0.0,0.0,0.0,0.0,396.0,606.0,0.0,0.0,0.0,0.0,0.0,0.0,0.0,0.0,0.0,0.0,0.0,0.0,0.0
463,Sékou,Koné,Kone,a,,,4.3,612,357.0,0.1,480,166.0,0.0,571.0,200.0,0,0,0.0,-2,2.0,80,151,0.0,0.0,-1.0,-0.5,0.0,638.0,244.0,,,628.0,235.0,626.0,240.0,599.0,229.0,631.0,237.0,,,,,,,,0.0,0.0,0.0,0.0,0.0,0.0,0.0,0.0,0.0,22,0.0,0.0,0.0,0.0,0.0,0.0,0.0,0.0,0.0,0.0,0.0,0.0,0.0,0.0,0.0,132.0,185.0,0.0,0.0,0.0,0.0,0.0,0.0,0.0,0.0,0.0,0.0,0.0,0.0,0.0
464,Jack,Moorhouse,Moorhouse,u,has joined Leyton Orient on loan for the rest of the season.,,4.5,462,282.0,0.0,674,280.0,0.0,644.0,248.0,0,0,0.0,0,0.0,0,5,0.0,0.0,0.0,0.0,0.0,700.0,287.0,0.0,0.0,698.0,285.0,694.0,286.0,675.0,279.0,699.0,286.0,,,,,,,,0.0,0.0,0.0,0.0,0.0,0.0,0.0,0.0,0.0,22,0.0,0.0,0.0,0.0,0.0,0.0,0.0,0.0,0.0,0.0,0.0,0.0,0.0,0.0,0.0,0.0,7.0,0.0,0.0,0.0,0.0,0.0,0.0,0.0,0.0,0.0,0.0,0.0,0.0,0.0
465,Rasmus,Højlund,Højlund,u,has joined Napoli on loan for the rest of the season.,,6.3,70,22.0,0.3,335,55.0,0.0,789.0,83.0,0,0,0.0,-2,2.0,0,58,0.0,0.0,0.0,0.0,0.0,794.0,86.0,0.0,0.0,794.0,86.0,794.0,86.0,794.0,86.0,794.0,86.0,,,,,,,,0.0,0.0,0.0,0.0,0.0,0.0,0.0,0.0,0.0,22,0.0,0.0,0.0,0.0,0.0,0.0,0.0,0.0,0.0,0.0,0.0,0.0,0.0,0.0,0.0,0.0,63.0,0.0,0.0,0.0,0.0,0.0,0.0,0.0,0.0,0.0,0.0,0.0,0.0,0.0
467,Chido,Obi,Obi,a,,,4.2,638,87.0,1.8,140,20.0,0.0,544.0,51.0,0,0,0.0,-3,3.0,1388,4573,0.0,0.0,-1.0,-0.5,0.0,617.0,61.0,,,607.0,60.0,604.0,60.0,574.0,60.0,611.0,61.0,,,,,,,,0.0,0.0,0.0,0.0,0.0,0.0,0.0,0.0,0.0,22,0.0,0.0,0.0,0.0,0.0,0.0,0.0,0.0,0.0,0.0,0.0,0.0,0.0,0.0,0.0,1694.0,6324.0,0.0,0.0,0.0,0.0,0.0,0.0,0.0,0.0,0.0,0.0,0.0,0.0,0.0
468,Ethan,Wheatley,Wheatley,a,,,4.5,470,64.0,0.1,493,69.0,0.0,651.0,65.0,0,0,0.0,0,0.0,93,28,0.0,0.0,-1.0,0.0,0.0,707.0,74.0,100.0,0.0,705.0,74.0,701.0,73.0,683.0,73.0,706.0,74.0,,,,,,,,0.0,0.0,0.0,0.0,0.0,0.0,0.0,0.0,0.0,22,0.0,0.0,0.0,0.0,0.0,0.0,0.0,0.0,0.0,0.0,0.0,0.0,0.0,0.0,0.0,93.0,34.0,0.0,0.0,0.0,0.0,0.0,0.0,0.0,0.0,0.0,0.0,0.0,0.0,0.0
769,Bendito,Mantato,Bendito Mantato,a,,,4.5,472,289.0,0.0,773,338.0,0.2,374.0,168.0,0,0,0.0,0,0.0,14,26,0.0,0.2,-0.8,-0.3,1.0,454.0,208.0,,,465.0,216.0,390.0,195.0,685.0,286.0,457.0,211.0,,,,,,,,0.0,0.06,0.06,0.3,0.0,0.0,0.0,0.0,0.0,22,0.0,0.0,0.0,0.0,0.0,0.0,0.0,0.0,0.0,0.0,0.0,0.0,0.0,0.0,0.0,24.0,29.0,0.0,0.0,0.0,0.0,0.0,0.0,0.0,0.0,0.0,0.0,0.0,0.0,0.0
771,Tyler,Fletcher,Fletcher,a,,,4.5,449,271.0,0.0,750,324.0,0.0,636.0,241.0,0,0,0.0,0,0.0,37,57,0.0,0.0,-1.0,-0.5,0.0,693.0,281.0,,,689.0,277.0,686.0,279.0,666.0,271.0,690.0,278.0,,,,,,,,0.0,0.0,0.0,0.0,0.0,0.0,0.0,0.0,0.0,22,0.0,0.0,0.0,0.0,0.0,0.0,0.0,0.0,0.0,0.0,0.0,0.0,0.0,0.0,0.0,58.0,70.0,0.0,0.0,0.0,0.0,0.0,0.0,0.0,0.0,0.0,0.0,0.0,0.0,0.0
788,Godwill,Kukonki,Kukonki,a,,,4.0,699,190.0,0.0,765,260.0,0.0,510.0,205.0,0,0,0.0,0,0.0,22,43,0.0,0.0,-1.0,-0.5,0.0,594.0,226.0,,,583.0,225.0,578.0,226.0,544.0,220.0,586.0,225.0,,,,,,,,0.0,0.0,0.0,0.0,0.0,0.0,0.0,0.0,0.0,22,0.0,0.0,0.0,0.0,0.0,0.0,0.0,0.0,0.0,0.0,0.0,0.0,0.0,0.0,0.0,43.0,45.0,0.0,0.0,0.0,0.0,0.0,0.0,0.0,0.0,0.0,0.0,0.0,0.0,0.0
52,Jacob,Ramsey,J.Ramsey,a,,,5.3,191,120.0,0.2,361,119.0,1.0,287.0,129.0,0,0,0.0,-2,2.0,215,281,0.2,2.6,1.0,1.0,1.2,423.0,191.0,100.0,100.0,368.0,163.0,164.0,112.0,265.0,143.0,305.0,147.0,,,,,,,,0.06,0.11,0.17,1.6,0.0,0.0,1.96,0.71,10.87,22,0.0,0.0,0.0,0.0,0.0,0.0,0.0,0.0,0.0,0.0,0.0,0.0,0.0,0.0,0.0,300.0,390.0,0.0,0.0,0.0,0.0,0.0,0.0,0.0,0.0,0.0,0.0,0.0,0.0,0.0
551,Chris,Rigg,Rigg,a,,,4.7,385,241.0,0.0,582,216.0,0.8,299.0,134.0,0,0,0.0,-3,3.0,65,93,0.2,3.2,0.8,0.8,1.5,389.0,175.0,,,423.0,188.0,316.0,176.0,352.0,183.0,400.0,181.0,,,,,,,,0.08,0.08,0.16,1.23,0.0,0.48,0.48,1.44,6.48,22,0.0,0.0,0.0,0.0,0.0,0.0,0.0,0.0,0.0,0.0,0.0,0.0,0.0,0.0,0.0,90.0,133.0,0.0,0.0,0.0,0.0,0.0,0.0,0.0,0.0,0.0,0.0,0.0,0.0,0.0
552,Noah,Sadiki,Sadiki,a,,,4.9,340,212.0,0.0,575,214.0,1.0,283.0,126.0,5,0,0.0,-1,1.0,337,31,0.2,8.6,1.0,1.0,2.5,257.0,111.0,100.0,100.0,237.0,100.0,147.0,101.0,307.0,160.0,250.0,120.0,,,,,,,,0.01,0.05,0.06,1.24,0.0,0.3,1.08,1.02,7.66,22,5.0,90.0,0.0,1.0,0.0,1.0,0.0,0.0,0.0,0.0,0.0,0.0,1.0,0.0,27.0,378.0,37.0,0.0,0.0,0.020000000000000018,0.020000000000000018,0.6099999999999994,12.400000000000006,8.300000000000011,2.0,2.3000000000000043,3.0,4.0,3.0,10.0
554,Abdoullah,Ba,Ba,a,,,4.3,582,340.0,0.4,277,94.0,0.0,554.0,188.0,0,0,0.0,-2,2.0,257,622,0.0,0.0,0.0,0.0,0.0,623.0,232.0,,,612.0,223.0,610.0,228.0,581.0,215.0,616.0,225.0,,,,,,,,0.0,0.0,0.0,0.0,0.0,0.0,0.0,0.0,0.0,22,0.0,0.0,0.0,0.0,0.0,0.0,0.0,0.0,0.0,0.0,0.0,0.0,0.0,0.0,0.0,371.0,886.0,0.0,0.0,0.0,0.0,0.0,0.0,0.0,0.0,0.0,0.0,0.0,0.0,0.0
471,Mark,Gillespie,Gillespie,a,,,3.9,724,68.0,0.1,424,65.0,0.0,430.0,32.0,0,0,0.0,-1,1.0,33,79,0.0,0.0,0.0,0.0,0.0,516.0,37.0,,,506.0,37.0,499.0,24.0,461.0,9.0,509.0,37.0,,,,,,,,0.0,0.0,0.0,0.0,0.0,0.0,0.0,0.0,0.0,22,0.0,0.0,0.0,0.0,0.0,0.0,0.0,0.0,0.0,0.0,0.0,0.0,0.0,0.0,0.0,44.0,106.0,0.0,0.0,0.0,0.0,0.0,0.0,0.0,0.0,0.0,0.0,0.0,0.0,0.0
689,Seung-Soo,Park,Seung soo,a,,,4.3,613,358.0,0.3,319,106.0,0.0,572.0,201.0,0,0,0.0,-2,2.0,3036,956,0.0,0.0,0.0,0.0,0.0,639.0,245.0,,,629.0,236.0,627.0,241.0,600.0,230.0,632.0,238.0,,,,,,,,0.0,0.0,0.0,0.0,0.0,0.0,0.0,0.0,0.0,22,0.0,0.0,0.0,0.0,0.0,0.0,0.0,0.0,0.0,0.0,0.0,0.0,0.0,0.0,0.0,3864.0,1105.0,0.0,0.0,0.0,0.0,0.0,0.0,0.0,0.0,0.0,0.0,0.0,0.0,0.0
537,Niall,Huggins,Huggins,u,has joined Wycombe Wanderers on loan for the rest of the season.,,4.0,677,173.0,0.1,521,189.0,0.0,490.0,190.0,0,0,0.0,0,0.0,0,13,0.0,0.0,0.0,0.0,0.0,576.0,213.0,0.0,0.0,565.0,212.0,560.0,213.0,525.0,206.0,568.0,212.0,,,,,,,,0.0,0.0,0.0,0.0,0.0,0.0,0.0,0.0,0.0,22,0.0,0.0,0.0,0.0,0.0,0.0,0.0,0.0,0.0,0.0,0.0,0.0,0.0,0.0,0.0,0.0,22.0,0.0,0.0,0.0,0.0,0.0,0.0,0.0,0.0,0.0,0.0,0.0,0.0,0.0
538,Zak,Johnson,Johnson,u,has joined York City on loan for the rest of the season.,,3.8,787,249.0,0.2,343,126.0,0.0,416.0,159.0,0,0,0.0,-2,2.0,0,923,0.0,0.0,0.0,0.0,0.0,503.0,183.0,0.0,0.0,493.0,183.0,484.0,183.0,445.0,172.0,496.0,183.0,,,,,,,,0.0,0.0,0.0,0.0,0.0,0.0,0.0,0.0,0.0,22,0.0,0.0,0.0,0.0,0.0,0.0,0.0,0.0,0.0,0.0,0.0,0.0,0.0,0.0,0.0,0.0,1227.0,0.0,0.0,0.0,0.0,0.0,0.0,0.0,0.0,0.0,0.0,0.0,0.0,0.0
729,Luis Eduardo,Soares da Silva,Cuiabano,u,has joined Botafogo on loan for the rest of the season.,,4.5,464,93.0,0.0,798,262.0,0.0,645.0,246.0,0,0,0.0,0,0.0,0,0,0.0,0.0,0.0,0.0,0.0,701.0,253.0,0.0,0.0,699.0,253.0,695.0,253.0,677.0,252.0,700.0,253.0,,,,,,,,0.0,0.0,0.0,0.0,0.0,0.0,0.0,0.0,0.0,22,0.0,0.0,0.0,0.0,0.0,0.0,0.0,0.0,0.0,0.0,0.0,0.0,0.0,0.0,0.0,0.0,0.0,0.0,0.0,0.0,0.0,0.0,0.0,0.0,0.0,0.0,0.0,0.0,0.0,0.0
532,Trai,Hume,Hume,a,,,4.5,434,87.0,0.4,282,105.0,2.0,202.0,75.0,1,0,0.0,0,0.0,958,858,0.4,14.7,2.0,2.0,3.0,184.0,73.0,,,121.0,51.0,95.0,23.0,140.0,25.0,111.0,37.0,2.0,,,,,,,0.05,0.04,0.09,1.45,0.0,0.29,1.03,0.98,6.44,22,1.0,90.0,0.0,0.0,0.0,1.0,0.0,0.0,0.0,1.0,0.0,0.0,1.0,0.0,0.0,1262.0,1219.0,0.0,0.33000000000000007,0.030000000000000027,0.3599999999999999,0.6099999999999994,8.600000000000023,3.3000000000000114,41.0,5.300000000000004,1.0,1.0,2.0,2.0
533,Aji,Alese,Alese,i,Shoulder injury - Unknown return date,,4.0,657,164.0,0.0,761,259.0,0.0,473.0,183.0,0,0,0.0,0,0.0,14,8,0.0,0.0,0.0,0.0,0.0,559.0,206.0,0.0,0.0,548.0,205.0,542.0,206.0,507.0,199.0,551.0,205.0,,,,,,,,0.0,0.0,0.0,0.0,0.0,0.0,0.0,0.0,0.0,22,0.0,0.0,0.0,0.0,0.0,0.0,0.0,0.0,0.0,0.0,0.0,0.0,0.0,0.0,0.0,17.0,16.0,0.0,0.0,0.0,0.0,0.0,0.0,0.0,0.0,0.0,0.0,0.0,0.0,0.0
534,Joe,Anderson,Anderson,u,has joined Barrow FC permanently.,,3.8,775,237.0,0.4,275,103.0,0.0,407.0,150.0,0,0,0.0,-2,2.0,521,1279,0.0,0.0,0.0,0.0,0.0,495.0,175.0,0.0,100.0,485.0,175.0,476.0,175.0,437.0,164.0,488.0,175.0,,,,,,,,0.0,0.0,0.0,0.0,0.0,0.0,0.0,0.0,0.0,22,0.0,0.0,0.0,0.0,0.0,0.0,0.0,0.0,0.0,0.0,0.0,0.0,0.0,0.0,0.0,957.0,1463.0,0.0,0.0,0.0,0.0,0.0,0.0,0.0,0.0,0.0,0.0,0.0,0.0,0.0
541,Reinildo,Mandava,Reinildo,a,,,3.8,778,240.0,2.7,112,45.0,0.4,326.0,120.0,2,0,0.0,-2,2.0,11732,3061,0.1,10.3,0.4,0.4,3.0,180.0,70.0,100.0,100.0,205.0,83.0,311.0,105.0,338.0,111.0,295.0,97.0,,,,,,,,0.01,0.01,0.02,1.18,0.0,0.24,1.05,1.05,8.09,22,2.0,90.0,0.0,0.0,0.0,1.0,0.0,0.0,0.0,0.0,0.0,0.0,1.0,0.0,11.0,15856.0,3992.0,0.0,0.0,0.06999999999999999,0.07,0.6099999999999994,22.0,15.899999999999999,0.0,3.8000000000000007,2.0,6.0,4.0,8.0
542,Jenson,Seelt,Seelt,u,has joined Wolfsburg on loan for the rest of the season.,,4.0,691,183.0,0.1,482,175.0,0.0,503.0,199.0,0,0,0.0,0,0.0,0,42,0.0,0.5,0.0,0.0,1.0,431.0,159.0,0.0,0.0,403.0,154.0,431.0,158.0,537.0,214.0,436.0,158.0,,,,,,,,0.0,0.01,0.01,0.9,0.0,0.0,1.35,0.68,8.12,22,0.0,0.0,0.0,0.0,0.0,0.0,0.0,0.0,0.0,0.0,0.0,0.0,0.0,0.0,0.0,0.0,56.0,0.0,0.0,0.0,0.0,0.0,0.0,0.0,0.0,0.0,0.0,0.0,0.0,0.0
543,Simon,Adingra,Adingra,a,,,4.9,337,209.0,0.4,260,88.0,3.0,138.0,57.0,0,0,0.0,-6,6.0,441,719,0.6,6.9,3.0,3.0,2.4,266.0,113.0,,,339.0,150.0,191.0,126.0,248.0,137.0,301.0,146.0,,,,,,,,0.05,0.09,0.14,1.57,0.0,0.55,1.11,1.25,6.24,22,0.0,0.0,0.0,0.0,0.0,0.0,0.0,0.0,0.0,0.0,0.0,0.0,0.0,0.0,0.0,763.0,1067.0,0.0,0.0,0.0,0.0,0.0,0.0,0.0,0.0,0.0,0.0,0.0,0.0,0.0
590,Bryan,Gil Salvatierra,Bryan,u,has joined Girona permanently.,,4.9,321,198.0,0.0,645,263.0,0.0,710.0,296.0,0,0,0.0,-1,1.0,0,8,0.0,0.0,0.0,0.0,0.0,750.0,323.0,0.0,0.0,750.0,323.0,746.0,323.0,738.0,321.0,750.0,323.0,,,,,,,,0.0,0.0,0.0,0.0,0.0,0.0,0.0,0.0,0.0,22,0.0,0.0,0.0,0.0,0.0,0.0,0.0,0.0,0.0,0.0,0.0,0.0,0.0,0.0,0.0,0.0,10.0,0.0,0.0,0.0,0.0,0.0,0.0,0.0,0.0,0.0,0.0,0.0,0.0,0.0
591,Archie,Gray,Gray,a,,,4.8,368,231.0,0.1,425,142.0,3.4,98.0,46.0,0,0,0.0,-2,2.0,406,455,0.7,5.6,3.4,3.4,2.2,290.0,127.0,100.0,100.0,319.0,141.0,299.0,169.0,242.0,132.0,319.0,154.0,,,,,,,,0.09,0.02,0.11,1.12,0.0,0.7,1.12,1.26,9.49,22,0.0,45.0,0.0,0.0,0.0,1.0,0.0,0.0,0.0,1.0,0.0,0.0,1.0,0.0,5.0,524.0,679.0,0.0,0.0,0.010000000000000009,0.010000000000000009,1.4100000000000001,7.0,11.5,0.0,1.8999999999999986,2.0,1.0,5.0,8.0
600,Alphonse,Areola,Areola,a,,,4.3,561,27.0,2.2,123,16.0,2.4,177.0,18.0,3,0,0.0,-2,2.0,3151,2545,0.6,10.9,2.4,2.4,2.6,234.0,23.0,,,15.0,4.0,400.0,6.0,577.0,63.0,159.0,4.0,,,,,,,,0.0,0.0,0.0,1.77,4.06,0.0,1.83,1.0,0.0,22,3.0,90.0,0.0,0.0,0.0,1.0,0.0,0.0,0.0,0.0,0.0,5.0,1.0,0.0,16.0,3754.0,4177.0,0.0,0.0,0.0,0.0,1.4400000000000013,31.800000000000068,0.0,0.0,3.1999999999999957,0.0,1.0,7.0,0.0
720,Tolu,Arokodare,Tolu,a,,,5.4,173,41.0,0.1,507,72.0,2.6,166.0,19.0,2,0,0.0,-1,1.0,506,458,0.5,6.3,2.1,2.6,1.9,331.0,33.0,,,336.0,33.0,195.0,19.0,83.0,25.0,230.0,27.0,,2.0,,,,,,0.19,0.03,0.22,1.12,0.0,0.25,2.1,0.99,5.68,22,2.0,64.0,0.0,0.0,1.0,0.0,0.0,0.0,0.0,0.0,0.0,0.0,1.0,0.0,5.0,604.0,843.0,0.0,0.030000000000000027,0.0,0.030000000000000027,0.39000000000000057,1.0,2.299999999999997,5.0,0.8000000000000043,0.0,1.0,1.0,2.0
749,Mateus,Mané,Mané,a,,,4.5,500,71.0,1.1,177,25.0,5.4,18.0,3.0,2,0,0.0,0,0.0,25812,6508,1.2,8.0,4.9,5.4,3.3,140.0,11.0,,,266.0,23.0,231.0,24.0,187.0,40.0,268.0,32.0,,,,,,,,0.1,0.09,0.19,1.25,0.0,0.34,1.34,0.84,6.04,22,2.0,90.0,0.0,0.0,1.0,0.0,0.0,0.0,0.0,0.0,0.0,0.0,1.0,0.0,1.0,33197.0,8630.0,0.0,0.07999999999999996,0.18000000000000005,0.2599999999999999,0.9400000000000004,4.399999999999977,8.600000000000009,21.0,3.3999999999999986,0.0,1.0,2.0,3.0
766,Saheed,Olagunju,Olagunju,a,,,4.0,706,196.0,0.0,704,242.0,0.0,517.0,211.0,0,0,0.0,0,0.0,220,70,0.0,0.0,-0.5,0.0,0.0,601.0,232.0,,,590.0,231.0,585.0,232.0,551.0,226.0,593.0,231.0,,,,,,,,0.0,0.0,0.0,0.0,0.0,0.0,0.0,0.0,0.0,22,0.0,0.0,0.0,0.0,0.0,0.0,0.0,0.0,0.0,0.0,0.0,0.0,0.0,0.0,0.0,282.0,96.0,0.0,0.0,0.0,0.0,0.0,0.0,0.0,0.0,0.0,0.0,0.0,0.0,0.0
778,Ethan,Sutherland,Sutherland,a,,,4.5,478,294.0,0.0,754,327.0,0.0,656.0,256.0,0,0,0.0,0,0.0,127,47,0.0,0.0,-0.5,0.0,0.0,712.0,295.0,,,711.0,294.0,706.0,294.0,689.0,289.0,711.0,294.0,,,,,,,,0.0,0.0,0.0,0.0,0.0,0.0,0.0,0.0,0.0,22,0.0,0.0,0.0,0.0,0.0,0.0,0.0,0.0,0.0,0.0,0.0,0.0,0.0,0.0,0.0,160.0,55.0,0.0,0.0,0.0,0.0,0.0,0.0,0.0,0.0,0.0,0.0,0.0,0.0,0.0
801,Alex,Tóth,Tóth.A,a,,,5.0,278,172.0,0.0,782,345.0,0.0,739.0,318.0,0,0,0.0,0,0.0,191,3,0.0,0.0,1.3,1.8,0.0,771.0,339.0,,,771.0,339.0,769.0,339.0,762.0,337.0,771.0,339.0,,,,,,,,0.0,0.0,0.0,0.0,0.0,0.0,0.0,0.0,0.0,22,0.0,0.0,0.0,0.0,0.0,0.0,0.0,0.0,0.0,0.0,0.0,0.0,0.0,0.0,0.0,191.0,3.0,0.0,0.0,0.0,0.0,0.0,0.0,0.0,0.0,0.0,0.0,0.0,0.0,0.0
27,Reiss,Nelson,Nelson,a,,,4.8,353,222.0,0.1,475,164.0,0.6,314.0,139.0,0,0,0.0,-2,2.0,107,107,0.1,1.2,0.6,0.6,1.0,462.0,216.0,100.0,100.0,427.0,191.0,425.0,207.0,366.0,186.0,439.0,199.0,,,,,,,,1.1,0.13,1.23,2.18,0.0,0.0,1.8,0.0,30.6,22,0.0,0.0,0.0,0.0,0.0,0.0,0.0,0.0,0.0,0.0,0.0,0.0,0.0,0.0,0.0,144.0,132.0,0.0,0.0,0.0,0.0,0.0,0.0,0.0,0.0,0.0,0.0,0.0,0.0,0.0
156,Charlie,Tasker,Tasker,a,,,3.8,793,255.0,0.1,411,152.0,0.0,420.0,163.0,0,0,0.0,-2,2.0,239,155,0.0,0.0,0.0,0.0,0.0,507.0,187.0,,,497.0,187.0,489.0,188.0,450.0,177.0,500.0,187.0,,,,,,,,0.0,0.0,0.0,0.0,0.0,0.0,0.0,0.0,0.0,22,0.0,0.0,0.0,0.0,0.0,0.0,0.0,0.0,0.0,0.0,0.0,0.0,0.0,0.0,0.0,368.0,212.0,0.0,0.0,0.0,0.0,0.0,0.0,0.0,0.0,0.0,0.0,0.0,0.0,0.0
157,Mitoma,Kaoru,Mitoma,a,,,6.1,82,54.0,2.0,128,43.0,2.8,158.0,65.0,2,0,0.0,-4,4.0,5772,2998,0.5,5.9,2.8,2.8,3.0,194.0,84.0,100.0,100.0,250.0,107.0,94.0,70.0,121.0,70.0,161.0,88.0,,,,,,,,0.15,0.12,0.27,1.36,0.0,0.22,1.08,0.97,4.65,22,2.0,90.0,0.0,0.0,0.0,1.0,0.0,0.0,0.0,0.0,0.0,0.0,1.0,0.0,12.0,10556.0,3976.0,0.0,0.07999999999999985,0.039999999999999813,0.11999999999999966,1.33,7.599999999999994,26.100000000000023,5.0,3.8999999999999986,2.0,1.0,0.0,3.0
158,Georginio,Rutter,Georginio,a,,,5.6,132,82.0,0.5,253,85.0,2.4,186.0,76.0,1,0,0.0,-4,4.0,1556,2137,0.4,10.9,2.4,2.4,3.0,193.0,83.0,100.0,100.0,181.0,75.0,82.0,60.0,41.0,25.0,73.0,46.0,,,,,,,,0.13,0.13,0.26,1.2,0.0,0.4,0.93,1.06,6.22,22,1.0,24.0,0.0,0.0,0.0,0.0,0.0,0.0,0.0,0.0,0.0,0.0,0.0,0.0,3.0,2515.0,3338.0,0.0,0.030000000000000027,0.0,0.029999999999999805,0.019999999999999574,0.5999999999999943,0.30000000000001137,8.0,0.9000000000000057,1.0,0.0,3.0,4.0
162,Brajan,Gruda,Gruda,a,,,5.4,177,111.0,0.1,544,196.0,1.6,239.0,105.0,2,0,0.0,-1,1.0,310,143,0.3,6.5,1.6,1.6,1.9,332.0,145.0,100.0,100.0,276.0,123.0,100.0,75.0,132.0,77.0,189.0,101.0,,,,,,,,0.24,0.11,0.35,1.76,0.0,0.25,1.4,1.02,7.37,22,2.0,65.0,0.0,0.0,0.0,1.0,0.0,0.0,0.0,0.0,0.0,0.0,1.0,0.0,18.0,420.0,206.0,0.0,0.030000000000000027,0.06999999999999995,0.10000000000000009,1.3100000000000005,14.800000000000011,26.400000000000006,15.0,5.600000000000001,1.0,0.0,5.0,6.0
163,Jack,Hinshelwood,Hinshelwood,a,,,5.1,239,146.0,0.0,578,215.0,2.0,206.0,87.0,2,0,0.0,-4,4.0,137,128,0.4,7.1,2.0,2.0,2.8,216.0,94.0,100.0,100.0,278.0,125.0,300.0,170.0,217.0,121.0,296.0,144.0,,,,,,,,0.1,0.05,0.15,2.15,0.0,0.14,1.79,0.96,8.93,22,2.0,65.0,0.0,0.0,0.0,1.0,0.0,0.0,0.0,0.0,0.0,0.0,1.0,0.0,12.0,187.0,208.0,0.0,0.23999999999999994,0.020000000000000018,0.26,1.3100000000000005,15.199999999999989,2.6000000000000014,43.0,6.099999999999998,0.0,4.0,7.0,11.0
164,Matt,O'Riley,O'Riley,u,has joined Marseille on loan for the rest of the season.,,5.5,142,90.0,0.3,296,98.0,0.0,774.0,343.0,0,0,0.0,0,0.0,0,87,0.0,2.2,0.0,0.0,6.0,5.0,2.0,0.0,0.0,367.0,162.0,271.0,159.0,268.0,146.0,344.0,165.0,,,,,,,,0.62,0.09,0.71,1.08,0.0,0.51,1.02,1.02,4.58,22,0.0,0.0,0.0,0.0,0.0,0.0,0.0,0.0,0.0,0.0,0.0,0.0,0.0,0.0,0.0,0.0,102.0,0.0,0.0,0.0,0.0,0.0,0.0,0.0,0.0,0.0,0.0,0.0,0.0,0.0
165,Abdallah,Sima,Sima,u,has joined Lens permanently.,,5.4,178,112.0,0.0,711,302.0,0.0,768.0,338.0,0,0,0.0,-1,1.0,0,1,0.0,0.0,0.0,0.0,0.0,784.0,347.0,0.0,0.0,784.0,347.0,783.0,347.0,779.0,346.0,784.0,347.0,,,,,,,,0.0,0.0,0.0,0.0,0.0,0.0,0.0,0.0,0.0,22,0.0,0.0,0.0,0.0,0.0,0.0,0.0,0.0,0.0,0.0,0.0,0.0,0.0,0.0,0.0,0.0,2.0,0.0,0.0,0.0,0.0,0.0,0.0,0.0,0.0,0.0,0.0,0.0,0.0,0.0
167,Carlos,Baleba,Baleba,a,,,4.5,452,274.0,1.3,159,55.0,0.2,371.0,165.0,1,0,0.0,-5,5.0,1720,868,0.0,5.8,0.2,0.2,1.5,387.0,173.0,100.0,100.0,358.0,159.0,266.0,158.0,351.0,182.0,357.0,168.0,,,,,,,,0.03,0.02,0.05,1.27,0.0,0.39,1.27,1.37,10.49,22,1.0,24.0,0.0,0.0,0.0,0.0,0.0,0.0,0.0,0.0,0.0,0.0,0.0,0.0,5.0,2460.0,1149.0,0.0,0.07999999999999999,0.0,0.08000000000000002,0.019999999999999574,4.799999999999997,1.6999999999999886,5.0,1.200000000000001,2.0,0.0,1.0,3.0
169,Diego,Gómez Amarilla,Gomez,a,,,4.9,335,207.0,0.2,362,120.0,3.6,90.0,42.0,2,0,0.0,-1,1.0,785,853,0.7,11.0,3.6,3.6,2.7,230.0,100.0,100.0,100.0,157.0,57.0,88.0,66.0,51.0,31.0,75.0,48.0,,3.0,,,,,,0.3,0.08,0.38,1.41,0.0,0.27,1.42,1.08,9.05,22,2.0,65.0,0.0,0.0,0.0,1.0,0.0,0.0,0.0,0.0,0.0,0.0,1.0,0.0,11.0,1046.0,1515.0,0.0,0.0600000000000005,0.010000000000000009,0.07000000000000028,1.3099999999999987,11.800000000000011,3.0,4.0,1.8999999999999915,5.0,1.0,5.0,11.0
639,Bastien,Meupiyou Menadjou,Meupiyou,u,On loan to FC Alverca,,4.0,696,187.0,0.0,741,253.0,0.0,508.0,203.0,0,0,0.0,0,0.0,0,2,0.0,0.0,0.0,0.0,0.0,592.0,224.0,0.0,0.0,581.0,223.0,576.0,224.0,542.0,218.0,584.0,223.0,,,,,,,,0.0,0.0,0.0,0.0,0.0,0.0,0.0,0.0,0.0,22,0.0,0.0,0.0,0.0,0.0,0.0,0.0,0.0,0.0,0.0,0.0,0.0,0.0,0.0,0.0,0.0,2.0,0.0,0.0,0.0,0.0,0.0,0.0,0.0,0.0,0.0,0.0,0.0,0.0,0.0
170,James,Milner,Milner,a,,,4.9,282,175.0,0.1,465,158.0,0.6,316.0,140.0,0,0,0.0,-1,1.0,164,117,0.1,4.1,0.6,0.6,1.7,359.0,157.0,100.0,100.0,331.0,145.0,230.0,142.0,345.0,180.0,335.0,162.0,5.0,,1.0,,,,,0.26,0.16,0.42,1.86,0.0,0.0,2.73,0.61,10.0,22,0.0,0.0,0.0,0.0,0.0,0.0,0.0,0.0,0.0,0.0,0.0,0.0,0.0,0.0,0.0,209.0,155.0,0.0,0.0,0.0,0.0,0.0,0.0,0.0,0.0,0.0,0.0,0.0,0.0,0.0
171,Jeremy,Sarmiento Morante,Sarmiento,u,has joined Cremonese on loan for the rest of the season.,,4.9,324,200.0,0.0,686,289.0,0.0,712.0,298.0,0,0,0.0,-1,1.0,0,0,0.0,0.0,0.0,0.0,0.0,752.0,325.0,0.0,0.0,752.0,325.0,748.0,325.0,740.0,323.0,752.0,325.0,,,,,,,,0.0,0.0,0.0,0.0,0.0,0.0,0.0,0.0,0.0,22,0.0,0.0,0.0,0.0,0.0,0.0,0.0,0.0,0.0,0.0,0.0,0.0,0.0,0.0,0.0,0.0,0.0,0.0,0.0,0.0,0.0,0.0,0.0,0.0,0.0,0.0,0.0,0.0,0.0,0.0
175,Joe,Knight,Knight,a,,,4.4,548,328.0,0.1,502,176.0,0.0,594.0,211.0,0,0,0.0,-1,1.0,75,107,0.0,0.2,0.0,0.0,1.0,445.0,200.0,,,650.0,248.0,647.0,252.0,623.0,242.0,653.0,250.0,,,,,,,,0.0,0.0,0.0,0.0,0.0,0.0,0.0,0.0,0.0,22,0.0,0.0,0.0,0.0,0.0,0.0,0.0,0.0,0.0,0.0,0.0,0.0,0.0,0.0,0.0,113.0,140.0,0.0,0.0,0.0,0.0,0.0,0.0,0.0,0.0,0.0,0.0,0.0,0.0,0.0
619,Luis Guilherme,Lira dos Santos,L.Guilherme,u,has joined Sporting CP permanently.,,4.9,339,211.0,0.0,667,275.0,0.0,718.0,302.0,0,0,0.0,-1,1.0,0,24,0.0,1.0,0.0,0.0,1.0,469.0,221.0,0.0,0.0,438.0,198.0,383.0,191.0,414.0,206.0,444.0,202.0,,,,,,,,0.05,0.02,0.07,1.35,0.0,0.0,1.49,0.74,8.18,22,0.0,0.0,0.0,0.0,0.0,0.0,0.0,0.0,0.0,0.0,0.0,0.0,0.0,0.0,0.0,0.0,35.0,0.0,0.0,0.0,0.0,0.0,0.0,0.0,0.0,0.0,0.0,0.0,0.0,0.0
620,George,Earthy,Earthy,u,has joined Bristol City on loan for the rest of the season.,,4.5,437,263.0,0.0,590,222.0,0.2,369.0,164.0,0,0,0.0,0,0.0,0,94,0.0,0.2,0.0,0.0,1.0,449.0,204.0,0.0,0.0,680.0,269.0,438.0,213.0,423.0,210.0,470.0,217.0,,,,,,,,0.0,0.11,0.11,8.21,0.0,0.0,11.25,0.0,0.0,22,0.0,0.0,0.0,0.0,0.0,0.0,0.0,0.0,0.0,0.0,0.0,0.0,0.0,0.0,0.0,0.0,113.0,0.0,0.0,0.0,0.0,0.0,0.0,0.0,0.0,0.0,0.0,0.0,0.0,0.0
621,Andy,Irving,Irving,u,has joined Sparta Prague permanently.,,4.3,573,338.0,0.3,330,111.0,0.0,551.0,186.0,0,0,0.0,-2,2.0,128,896,0.0,2.1,0.0,0.0,1.3,407.0,182.0,0.0,,405.0,179.0,307.0,172.0,420.0,208.0,401.0,182.0,3.0,,,,,,,0.0,0.1,0.1,2.32,0.0,0.0,2.31,1.15,12.69,22,0.0,0.0,0.0,0.0,0.0,0.0,0.0,0.0,0.0,0.0,0.0,0.0,0.0,0.0,0.0,234.0,1072.0,0.0,0.0,0.0,0.0,0.0,0.0,0.0,0.0,0.0,0.0,0.0,0.0,0.0
4,Tommy,Setford,Setford,a,,,3.9,758,87.0,0.2,340,48.0,0.0,456.0,51.0,0,0,0.0,-1,1.0,132,478,0.0,0.0,1.0,1.0,0.0,541.0,56.0,,,531.0,56.0,524.0,43.0,487.0,28.0,534.0,56.0,,,,,,,,0.0,0.0,0.0,0.0,0.0,0.0,0.0,0.0,0.0,22,0.0,0.0,0.0,0.0,0.0,0.0,0.0,0.0,0.0,0.0,0.0,0.0,0.0,0.0,0.0,170.0,655.0,0.0,0.0,0.0,0.0,0.0,0.0,0.0,0.0,0.0,0.0,0.0,0.0,0.0
5,Gabriel,dos Santos Magalhães,Gabriel,a,,,6.9,42,1.0,35.7,5,2.0,7.8,2.0,2.0,8,1,-1.0,9,-9.0,157128,10297,1.1,17.4,8.8,8.8,7.5,1.0,1.0,100.0,100.0,36.0,16.0,258.0,77.0,123.0,21.0,102.0,31.0,,,,,,,,0.11,0.05,0.16,0.62,0.0,0.66,0.46,1.0,8.63,22,8.0,90.0,0.0,0.0,1.0,0.0,0.0,0.0,0.0,0.0,0.0,0.0,1.0,2.0,28.0,277190.0,12135.0,0.0,0.1399999999999999,0.010000000000000009,0.15000000000000036,0.33999999999999986,19.599999999999966,1.5999999999999943,5.0,2.6000000000000085,1.0,6.0,1.0,7.0
6,William,Saliba,Saliba,a,,,6.0,85,4.0,12.1,36,11.0,4.0,68.0,25.0,8,0,0.0,0,0.0,27492,11208,0.7,11.5,5.0,5.0,3.8,91.0,34.0,100.0,100.0,144.0,61.0,257.0,76.0,327.0,106.0,239.0,82.0,,,,,,,,0.02,0.03,0.05,0.68,0.0,0.5,0.56,1.06,6.11,22,8.0,90.0,0.0,0.0,1.0,0.0,0.0,0.0,0.0,0.0,0.0,0.0,1.0,2.0,28.0,39806.0,15560.0,0.0,0.09000000000000002,0.020000000000000018,0.10999999999999999,0.33999999999999986,17.600000000000023,11.0,8.0,3.700000000000003,2.0,3.0,8.0,5.0
89,Philip,Billing,Philip,u,Has joined Midtjylland permanently.,,4.9,291,181.0,0.0,662,271.0,0.0,698.0,288.0,0,0,0.0,-1,1.0,0,8,0.0,0.0,0.0,0.0,0.0,743.0,317.0,0.0,0.0,743.0,317.0,739.0,317.0,730.0,315.0,743.0,317.0,,,,,,,,0.0,0.0,0.0,0.0,0.0,0.0,0.0,0.0,0.0,22,0.0,0.0,0.0,0.0,0.0,0.0,0.0,0.0,0.0,0.0,0.0,0.0,0.0,0.0,0.0,0.0,9.0,0.0,0.0,0.0,0.0,0.0,0.0,0.0,0.0,0.0,0.0,0.0,0.0,0.0
368,Ármin,Pécsi,Pécsi,a,,,3.8,799,91.0,0.4,267,35.0,0.0,424.0,27.0,0,0,0.0,-2,2.0,5814,993,0.0,0.0,0.5,0.5,0.0,510.0,32.0,,,500.0,32.0,492.0,18.0,454.0,3.0,503.0,32.0,,,,,,,,0.0,0.0,0.0,0.0,0.0,0.0,0.0,0.0,0.0,22,0.0,0.0,0.0,0.0,0.0,0.0,0.0,0.0,0.0,0.0,0.0,0.0,0.0,0.0,0.0,7374.0,1288.0,0.0,0.0,0.0,0.0,0.0,0.0,0.0,0.0,0.0,0.0,0.0,0.0,0.0
371,Milos,Kerkez,Kerkez,a,,,5.6,134,16.0,3.0,107,44.0,2.8,154.0,59.0,1,0,0.0,-4,4.0,2357,4917,0.5,9.5,3.3,3.3,2.5,258.0,99.0,,,124.0,53.0,51.0,7.0,195.0,49.0,95.0,25.0,,,,,,,,0.06,0.04,0.1,1.13,0.0,0.24,1.33,1.09,6.22,22,1.0,77.0,0.0,0.0,0.0,1.0,0.0,0.0,0.0,1.0,0.0,0.0,1.0,0.0,19.0,6829.0,5660.0,0.0,0.0,0.12999999999999995,0.13000000000000012,0.3000000000000007,22.80000000000001,78.69999999999999,10.0,11.200000000000003,2.0,0.0,4.0,2.0
372,Andrew,Robertson,Robertson,a,,,5.7,114,10.0,1.0,183,71.0,1.4,252.0,92.0,1,-1,1.0,-3,3.0,351,926,0.2,4.2,1.9,1.9,1.8,352.0,134.0,,,305.0,115.0,144.0,36.0,290.0,91.0,275.0,91.0,,,,,,,,0.04,0.13,0.17,1.05,0.0,0.37,1.28,0.73,5.29,22,1.0,12.0,0.0,0.0,0.0,0.0,0.0,0.0,0.0,0.0,0.0,0.0,0.0,0.0,4.0,537.0,1165.0,0.0,0.0,0.0,0.0,0.08999999999999986,4.599999999999994,0.799999999999983,0.0,0.5,1.0,1.0,1.0,2.0
384,Cody,Gakpo,Gakpo,a,,,7.3,29,20.0,5.8,71,24.0,2.6,173.0,70.0,2,0,0.0,-2,2.0,6865,13837,0.4,10.7,3.1,3.1,3.9,80.0,39.0,100.0,100.0,115.0,40.0,26.0,25.0,13.0,6.0,19.0,16.0,3.0,,2.0,,,,,0.32,0.21,0.53,0.96,0.0,0.32,1.33,1.01,4.69,22,2.0,77.0,0.0,0.0,0.0,1.0,0.0,0.0,0.0,0.0,0.0,0.0,1.0,0.0,21.0,28211.0,16277.0,0.0,0.25,0.41000000000000014,0.6599999999999993,0.3000000000000007,20.19999999999999,41.80000000000001,59.0,12.100000000000009,0.0,0.0,2.0,2.0
484,Matt,Targett,Targett,u,has joined Middlesbrough on loan for the rest of the season.,,4.0,656,163.0,0.1,410,151.0,0.0,472.0,182.0,0,0,0.0,0,0.0,0,56,0.0,0.0,0.0,0.0,0.0,558.0,205.0,0.0,0.0,547.0,204.0,541.0,205.0,506.0,198.0,550.0,204.0,,,,,,,,0.0,0.0,0.0,0.0,0.0,0.0,0.0,0.0,0.0,22,0.0,0.0,0.0,0.0,0.0,0.0,0.0,0.0,0.0,0.0,0.0,0.0,0.0,0.0,0.0,0.0,83.0,0.0,0.0,0.0,0.0,0.0,0.0,0.0,0.0,0.0,0.0,0.0,0.0,0.0
485,Anthony,Gordon,Gordon,a,,,7.5,22,15.0,5.2,74,25.0,2.6,174.0,71.0,3,0,0.0,0,0.0,5368,66655,0.3,7.1,2.6,2.6,3.1,178.0,76.0,100.0,100.0,218.0,92.0,68.0,55.0,60.0,37.0,91.0,54.0,,,2.0,,,,,0.36,0.22,0.58,0.99,0.0,0.51,1.44,1.27,4.99,22,3.0,66.0,0.0,0.0,1.0,0.0,0.0,0.0,0.0,0.0,0.0,0.0,1.0,0.0,13.0,12405.0,82483.0,0.0,0.0,0.1200000000000001,0.1200000000000001,0.2599999999999998,7.599999999999994,31.700000000000017,0.0,3.8999999999999915,0.0,1.0,3.0,4.0
489,Jacob,Murphy,J.Murphy,d,Hamstring injury - 25% chance of playing,,5.9,91,57.0,0.7,221,77.0,1.4,254.0,111.0,0,-1,1.0,-6,6.0,30,4107,0.2,8.6,0.3,0.3,2.8,222.0,99.0,25.0,25.0,202.0,85.0,60.0,48.0,64.0,40.0,85.0,52.0,,,,,,,,0.25,0.21,0.46,1.05,0.0,0.54,0.81,1.07,3.85,22,0.0,0.0,0.0,0.0,0.0,0.0,0.0,0.0,0.0,0.0,0.0,0.0,0.0,0.0,0.0,32.0,6719.0,0.0,0.0,0.0,0.0,0.0,0.0,0.0,0.0,0.0,0.0,0.0,0.0,0.0
783,Pascal,Groß,Groß,a,,,5.5,135,83.0,0.0,638,260.0,1.7,230.0,100.0,3,0,0.0,0,0.0,878,230,0.3,0.9,1.7,1.7,1.7,365.0,160.0,,,404.0,178.0,317.0,177.0,324.0,171.0,387.0,179.0,,,,,,,,0.1,0.16,0.26,1.77,0.0,0.0,0.9,0.9,8.14,22,3.0,90.0,0.0,0.0,0.0,1.0,0.0,0.0,0.0,0.0,0.0,0.0,1.0,1.0,19.0,1222.0,265.0,0.0,0.07999999999999999,0.35,0.42999999999999994,1.33,22.0,43.400000000000006,7.0,7.2,2.0,2.0,5.0,9.0
795,Harry,Howell,Howell,a,,,4.5,483,298.0,0.0,793,354.0,0.0,661.0,260.0,0,0,0.0,0,0.0,33,11,0.0,0.0,0.0,0.0,0.0,717.0,299.0,,,716.0,298.0,711.0,298.0,694.0,293.0,716.0,298.0,,,,,,,,0.0,0.0,0.0,0.0,0.0,0.0,0.0,0.0,0.0,22,0.0,0.0,0.0,0.0,0.0,0.0,0.0,0.0,0.0,0.0,0.0,0.0,0.0,0.0,0.0,40.0,11.0,0.0,0.0,0.0,0.0,0.0,0.0,0.0,0.0,0.0,0.0,0.0,0.0,0.0
228,Malo,Gusto,Gusto,a,,,4.9,331,55.0,2.0,130,51.0,1.2,272.0,98.0,0,-1,1.0,-1,1.0,1338,19030,0.2,14.9,1.2,0.9,3.8,85.0,32.0,100.0,75.0,156.0,67.0,112.0,28.0,176.0,36.0,144.0,47.0,,,,,,,,0.09,0.06,0.15,1.57,0.0,0.44,1.04,0.96,5.4,22,0.0,0.0,0.0,0.0,0.0,0.0,0.0,0.0,0.0,0.0,0.0,0.0,0.0,0.0,0.0,1695.0,26624.0,0.0,0.0,0.0,0.0,0.0,0.0,0.0,0.0,0.0,0.0,0.0,0.0,0.0
229,Benoît,Badiashile Mukinayi,B.Badiashile,a,,,4.4,526,113.0,0.0,650,226.0,0.6,310.0,116.0,0,0,0.0,-1,1.0,80,111,0.1,0.7,0.6,0.6,0.5,489.0,170.0,100.0,100.0,372.0,141.0,417.0,151.0,608.0,246.0,413.0,149.0,,,,,,,,0.0,0.01,0.01,1.38,0.0,0.0,1.88,1.07,7.25,22,0.0,0.0,0.0,0.0,0.0,0.0,0.0,0.0,0.0,0.0,0.0,0.0,0.0,0.0,0.0,143.0,143.0,0.0,0.0,0.0,0.0,0.0,0.0,0.0,0.0,0.0,0.0,0.0,0.0,0.0
296,Nathan,Patterson,Patterson,a,,,4.4,527,114.0,0.0,621,220.0,3.6,84.0,32.0,8,0,0.0,-1,1.0,732,134,0.8,4.1,3.6,3.6,4.5,32.0,14.0,100.0,100.0,386.0,147.0,434.0,159.0,364.0,128.0,415.0,151.0,,,,,,,,0.02,0.0,0.02,1.33,0.0,1.08,0.0,1.08,11.93,22,8.0,90.0,0.0,0.0,1.0,0.0,0.0,0.0,0.0,0.0,0.0,0.0,1.0,0.0,23.0,764.0,173.0,0.0,0.0,0.0,0.0,1.44,22.4,0.40000000000000013,0.0,2.3000000000000007,2.0,8.0,5.0,10.0
297,Roman,Dixon,Dixon,a,,,3.8,784,246.0,0.2,381,138.0,0.0,413.0,156.0,0,0,0.0,-2,2.0,93,148,0.0,0.0,0.0,0.0,0.0,500.0,180.0,,,490.0,180.0,481.0,180.0,442.0,169.0,493.0,180.0,,,,,,,,0.0,0.0,0.0,0.0,0.0,0.0,0.0,0.0,0.0,22,0.0,0.0,0.0,0.0,0.0,0.0,0.0,0.0,0.0,0.0,0.0,0.0,0.0,0.0,0.0,129.0,187.0,0.0,0.0,0.0,0.0,0.0,0.0,0.0,0.0,0.0,0.0,0.0,0.0,0.0
716,Nicolò,Savona,Savona,a,,,4.5,444,91.0,0.1,434,159.0,0.4,338.0,127.0,0,0,0.0,0,0.0,86,889,0.1,8.7,0.4,-0.6,2.8,214.0,83.0,,,196.0,79.0,186.0,47.0,213.0,53.0,215.0,73.0,,,,,,,,0.12,0.04,0.16,1.32,0.0,0.26,1.58,0.97,5.0,22,0.0,0.0,0.0,0.0,0.0,0.0,0.0,0.0,0.0,0.0,0.0,0.0,0.0,0.0,0.0,108.0,1486.0,0.0,0.0,0.0,0.0,0.0,0.0,0.0,0.0,0.0,0.0,0.0,0.0,0.0
535,Dennis,Cirkin,Cirkin,a,,,4.0,667,169.0,0.0,576,209.0,2.4,176.0,67.0,1,0,0.0,0,0.0,458,203,0.6,3.0,2.4,2.4,2.4,261.0,102.0,100.0,100.0,378.0,144.0,410.0,149.0,417.0,155.0,417.0,152.0,,,,,,,,0.0,0.01,0.01,2.09,0.0,0.36,0.72,1.08,8.61,22,1.0,2.0,0.0,0.0,0.0,0.0,0.0,0.0,0.0,0.0,0.0,0.0,0.0,0.0,4.0,646.0,250.0,0.0,0.0,0.0,0.0,0.0,2.200000000000003,0.09999999999999964,0.0,0.1999999999999993,0.0,2.0,0.0,2.0
539,Luke,O'Nien,O'Nien,a,,,4.0,655,162.0,0.1,558,202.0,0.2,354.0,134.0,0,0,0.0,0,0.0,157,106,0.0,0.0,0.2,0.2,0.0,557.0,204.0,100.0,100.0,449.0,163.0,449.0,165.0,505.0,197.0,467.0,165.0,,,,,,,,0.0,0.0,0.0,5.97,0.0,0.0,0.0,0.0,16.36,22,0.0,0.0,0.0,0.0,0.0,0.0,0.0,0.0,0.0,0.0,0.0,0.0,0.0,0.0,0.0,209.0,136.0,0.0,0.0,0.0,0.0,0.0,0.0,0.0,0.0,0.0,0.0,0.0,0.0,0.0
540,Timothée,Pembélé,Pembele,u,has joined Le Havre AC on loan for the rest of the season.,,3.9,744,218.0,0.3,303,113.0,0.0,444.0,171.0,0,0,0.0,-1,1.0,0,657,0.0,0.0,0.0,0.0,0.0,529.0,193.0,0.0,0.0,519.0,193.0,512.0,194.0,475.0,185.0,522.0,193.0,,,,,,,,0.0,0.0,0.0,0.0,0.0,0.0,0.0,0.0,0.0,22,0.0,0.0,0.0,0.0,0.0,0.0,0.0,0.0,0.0,0.0,0.0,0.0,0.0,0.0,0.0,0.0,900.0,0.0,0.0,0.0,0.0,0.0,0.0,0.0,0.0,0.0,0.0,0.0,0.0,0.0
544,Habib,Diarra,Diarra,a,,,5.3,202,126.0,0.0,610,236.0,0.0,757.0,330.0,0,0,0.0,-2,2.0,206,39,0.0,2.5,0.0,0.0,2.6,244.0,106.0,100.0,0.0,429.0,193.0,347.0,183.0,296.0,155.0,402.0,183.0,,,1.0,,,,,0.12,0.02,0.14,1.08,0.0,0.49,0.49,0.97,4.85,22,0.0,0.0,0.0,0.0,0.0,0.0,0.0,0.0,0.0,0.0,0.0,0.0,0.0,0.0,0.0,207.0,48.0,0.0,0.0,0.0,0.0,0.0,0.0,0.0,0.0,0.0,0.0,0.0,0.0,0.0
545,Patrick,Roberts,Roberts,u,has joined Birmingham City on loan for the rest of the season.,,5.4,160,100.0,0.0,703,299.0,0.0,760.0,332.0,0,0,0.0,-1,1.0,0,5,0.0,0.2,0.0,0.0,1.0,476.0,226.0,0.0,0.0,468.0,217.0,412.0,203.0,407.0,201.0,458.0,212.0,,,,,,,,0.1,0.07,0.17,2.2,0.0,0.0,3.33,0.0,3.33,22,0.0,0.0,0.0,0.0,0.0,0.0,0.0,0.0,0.0,0.0,0.0,0.0,0.0,0.0,0.0,0.0,8.0,0.0,0.0,0.0,0.0,0.0,0.0,0.0,0.0,0.0,0.0,0.0,0.0,0.0
312,Youssef,Ramalho Chermiti,Y.Chermiti,u,has joined Rangers permanently.,,4.9,333,59.0,0.1,530,74.0,0.0,715.0,75.0,0,0,0.0,-1,1.0,0,12,0.0,0.0,0.0,0.0,0.0,755.0,83.0,0.0,0.0,755.0,83.0,751.0,82.0,743.0,82.0,755.0,83.0,,,,,,,,0.0,0.0,0.0,0.0,0.0,0.0,0.0,0.0,0.0,22,0.0,0.0,0.0,0.0,0.0,0.0,0.0,0.0,0.0,0.0,0.0,0.0,0.0,0.0,0.0,0.0,13.0,0.0,0.0,0.0,0.0,0.0,0.0,0.0,0.0,0.0,0.0,0.0,0.0,0.0
313,Martin,Sherif,Sherif,a,,,4.4,545,75.0,0.1,444,63.0,0.0,591.0,59.0,0,0,0.0,-1,1.0,110,38,0.0,0.0,0.0,0.0,0.0,655.0,68.0,100.0,0.0,647.0,68.0,644.0,67.0,620.0,67.0,650.0,68.0,,,,,,,,0.0,0.0,0.0,0.0,0.0,0.0,0.0,0.0,0.0,22,0.0,0.0,0.0,0.0,0.0,0.0,0.0,0.0,0.0,0.0,0.0,0.0,0.0,0.0,0.0,110.0,48.0,0.0,0.0,0.0,0.0,0.0,0.0,0.0,0.0,0.0,0.0,0.0,0.0,0.0
546,Milan,Aleksić,Aleksić,u,has joined Cracovia on loan for the rest of the season.,,4.9,342,214.0,0.0,687,290.0,0.0,720.0,304.0,0,0,0.0,-1,1.0,0,4,0.0,0.0,0.0,0.0,0.0,757.0,328.0,0.0,0.0,757.0,328.0,753.0,328.0,745.0,326.0,757.0,328.0,,,,,,,,0.0,0.0,0.0,0.0,0.0,0.0,0.0,0.0,0.0,22,0.0,0.0,0.0,0.0,0.0,0.0,0.0,0.0,0.0,0.0,0.0,0.0,0.0,0.0,0.0,0.0,6.0,0.0,0.0,0.0,0.0,0.0,0.0,0.0,0.0,0.0,0.0,0.0,0.0,0.0
547,Enzo,Le Fée,E.Le Fée,a,,,4.9,332,206.0,1.2,170,59.0,3.8,72.0,32.0,8,0,0.0,-1,1.0,26689,3167,0.8,16.1,3.8,3.8,3.8,86.0,41.0,100.0,100.0,68.0,21.0,17.0,16.0,122.0,71.0,38.0,28.0,3.0,2.0,2.0,,,,,0.2,0.13,0.33,1.46,0.0,0.32,1.08,1.03,8.81,22,8.0,90.0,1.0,0.0,0.0,1.0,0.0,0.0,0.0,0.0,0.0,0.0,1.0,1.0,30.0,29729.0,5543.0,0.0,0.48,0.1200000000000001,0.5999999999999996,0.6099999999999994,40.80000000000001,17.700000000000045,25.0,8.399999999999991,2.0,1.0,4.0,7.0
548,Romaine,Mundle,Mundle,a,,,4.9,326,201.0,0.0,726,310.0,1.2,271.0,120.0,2,0,0.0,-1,1.0,40,23,0.2,1.8,1.2,1.2,1.0,467.0,219.0,100.0,100.0,418.0,185.0,354.0,185.0,295.0,154.0,394.0,180.0,,3.0,,,,,,0.16,0.09,0.25,1.55,0.0,0.0,1.05,0.35,7.7,22,2.0,87.0,0.0,0.0,0.0,1.0,0.0,0.0,0.0,0.0,0.0,0.0,1.0,0.0,9.0,44.0,28.0,0.0,0.0,0.020000000000000018,0.020000000000000018,0.6100000000000003,4.600000000000001,8.3,0.0,1.299999999999999,1.0,0.0,5.0,6.0
549,Dan,Neil,Neil,a,,,4.8,359,224.0,0.0,629,252.0,0.2,382.0,174.0,0,0,0.0,-2,2.0,20,35,0.0,0.6,0.2,0.2,1.0,464.0,217.0,,,461.0,213.0,440.0,215.0,723.0,312.0,472.0,218.0,,,,,,,,0.0,0.0,0.0,4.43,0.0,0.0,0.0,0.0,13.85,22,0.0,0.0,0.0,0.0,0.0,0.0,0.0,0.0,0.0,0.0,0.0,0.0,0.0,0.0,0.0,28.0,49.0,0.0,0.0,0.0,0.0,0.0,0.0,0.0,0.0,0.0,0.0,0.0,0.0,0.0
550,Ian,Poveda-Ocampo,Poveda,a,,,4.8,355,223.0,0.0,654,268.0,0.0,690.0,282.0,0,0,0.0,-2,2.0,13,19,0.0,0.0,0.0,0.0,0.0,739.0,315.0,,,739.0,315.0,734.0,315.0,722.0,311.0,739.0,315.0,,,,,,,,0.0,0.0,0.0,0.0,0.0,0.0,0.0,0.0,0.0,22,0.0,0.0,0.0,0.0,0.0,0.0,0.0,0.0,0.0,0.0,0.0,0.0,0.0,0.0,0.0,18.0,22.0,0.0,0.0,0.0,0.0,0.0,0.0,0.0,0.0,0.0,0.0,0.0,0.0,0.0
553,Chemsdine,Talbi,Talbi,a,,,4.9,338,210.0,0.1,419,139.0,0.0,717.0,301.0,0,0,0.0,-1,1.0,191,92,0.0,10.4,0.0,0.0,3.2,154.0,64.0,100.0,0.0,279.0,126.0,179.0,119.0,167.0,98.0,253.0,123.0,,,,,,,,0.12,0.05,0.17,1.38,0.0,0.51,0.82,0.92,5.41,22,0.0,0.0,0.0,0.0,0.0,0.0,0.0,0.0,0.0,0.0,0.0,0.0,0.0,0.0,0.0,196.0,171.0,0.0,0.0,0.0,0.0,0.0,0.0,0.0,0.0,0.0,0.0,0.0,0.0,0.0
589,Manor,Solomon,Solomon,u,has joined Fiorentina on loan for the rest of the season.,,5.4,168,104.0,0.0,739,317.0,0.0,763.0,334.0,0,0,0.0,-1,1.0,0,0,0.0,0.0,0.0,0.0,0.0,780.0,344.0,0.0,0.0,780.0,344.0,779.0,344.0,775.0,343.0,780.0,344.0,,,,,,,,0.0,0.0,0.0,0.0,0.0,0.0,0.0,0.0,0.0,22,0.0,0.0,0.0,0.0,0.0,0.0,0.0,0.0,0.0,0.0,0.0,0.0,0.0,0.0,0.0,0.0,0.0,0.0,0.0,0.0,0.0,0.0,0.0,0.0,0.0,0.0,0.0,0.0,0.0,0.0
758,Mohamadou,Kanté,Mohamadou Kanté,a,,,4.5,497,309.0,0.0,730,312.0,0.2,376.0,170.0,0,0,0.0,0,0.0,44,50,0.0,0.7,0.2,0.2,1.0,458.0,212.0,,,453.0,207.0,394.0,197.0,411.0,204.0,451.0,206.0,,,,,,,,0.17,0.11,0.28,3.04,0.0,0.0,0.0,0.0,22.5,22,0.0,0.0,0.0,0.0,0.0,0.0,0.0,0.0,0.0,0.0,0.0,0.0,0.0,0.0,0.0,55.0,63.0,0.0,0.0,0.0,0.0,0.0,0.0,0.0,0.0,0.0,0.0,0.0,0.0,0.0
195,Lucas,Pires Silva,Lucas Pires,a,,,3.8,795,257.0,0.3,336,124.0,2.6,160.0,60.0,4,0,0.0,-2,2.0,1879,719,0.7,3.4,2.6,2.1,1.6,368.0,139.0,100.0,100.0,324.0,125.0,217.0,60.0,288.0,90.0,311.0,105.0,,,,,,,,0.05,0.11,0.16,2.01,0.0,0.15,1.83,1.07,6.09,22,4.0,90.0,0.0,0.0,0.0,1.0,0.0,0.0,0.0,0.0,0.0,0.0,1.0,0.0,16.0,2586.0,912.0,0.0,0.03999999999999998,0.029999999999999916,0.07000000000000006,3.1800000000000015,29.80000000000001,2.700000000000003,7.0,4.0,0.0,15.0,6.0,15.0
196,Shurandy,Sambo,Sambo,u,Has joined Sparta Rotterdam on loan for the rest of the season.,,4.0,666,168.0,0.0,602,217.0,0.0,481.0,187.0,0,0,0.0,0,0.0,0,12,0.0,0.0,0.0,0.0,0.0,567.0,210.0,0.0,0.0,556.0,209.0,551.0,210.0,516.0,203.0,559.0,209.0,,,,,,,,0.0,0.0,0.0,0.0,0.0,0.0,0.0,0.0,0.0,22,0.0,0.0,0.0,0.0,0.0,0.0,0.0,0.0,0.0,0.0,0.0,0.0,0.0,0.0,0.0,0.0,22.0,0.0,0.0,0.0,0.0,0.0,0.0,0.0,0.0,0.0,0.0,0.0,0.0,0.0
197,Oliver,Sonne,Sonne,a,,,3.8,789,251.0,0.3,325,119.0,0.4,327.0,121.0,0,0,0.0,-2,2.0,137,737,0.1,3.4,0.4,-0.1,1.9,323.0,123.0,,,387.0,148.0,377.0,138.0,326.0,105.0,397.0,143.0,,,,,,,,0.3,0.04,0.34,2.08,0.0,0.0,2.2,0.55,3.84,22,0.0,0.0,0.0,0.0,0.0,0.0,0.0,0.0,0.0,0.0,0.0,0.0,0.0,0.0,0.0,436.0,944.0,0.0,0.0,0.0,0.0,0.0,0.0,0.0,0.0,0.0,0.0,0.0,0.0,0.0
198,Axel,Tuanzebe,Tuanzebe,a,,,3.9,731,210.0,1.0,182,70.0,0.8,292.0,106.0,4,0,0.0,-1,1.0,364,654,0.2,5.6,0.8,0.3,2.4,259.0,100.0,100.0,100.0,232.0,94.0,408.0,148.0,467.0,182.0,346.0,121.0,,,,,,,,0.0,0.01,0.01,2.5,0.0,0.11,2.04,1.02,9.61,22,4.0,90.0,0.0,0.0,0.0,1.0,0.0,0.0,0.0,0.0,0.0,0.0,1.0,0.0,7.0,433.0,1097.0,0.0,0.0,0.0,0.0,3.1799999999999997,26.599999999999994,0.0,0.0,2.6999999999999993,1.0,10.0,2.0,11.0
151,Jan Paul,van Hecke,Van Hecke,a,,,4.5,431,86.0,4.3,83,28.0,3.6,85.0,33.0,6,0,0.0,0,0.0,16862,11598,0.8,18.7,3.6,3.6,4.0,70.0,29.0,100.0,100.0,6.0,2.0,181.0,46.0,82.0,7.0,45.0,4.0,,,,,,,,0.1,0.03,0.13,1.46,0.0,0.19,1.38,1.0,8.33,22,6.0,90.0,0.0,1.0,0.0,1.0,0.0,0.0,0.0,1.0,0.0,0.0,1.0,2.0,21.0,22911.0,16165.0,0.0,0.10000000000000009,0.06000000000000005,0.16000000000000014,1.3299999999999983,39.0,33.599999999999994,12.0,8.5,1.0,3.0,5.0,4.0
152,Joël,Veltman,Veltman,a,,,4.3,564,122.0,0.1,406,148.0,3.6,81.0,29.0,2,0,0.0,-2,2.0,390,353,0.8,6.7,3.6,3.6,2.4,262.0,103.0,100.0,100.0,221.0,90.0,269.0,84.0,274.0,81.0,280.0,94.0,,,,,,,,0.13,0.01,0.14,1.58,0.0,0.13,1.34,0.94,10.03,22,2.0,90.0,0.0,0.0,0.0,1.0,0.0,0.0,0.0,0.0,0.0,0.0,1.0,0.0,12.0,631.0,551.0,0.0,0.10999999999999999,0.020000000000000004,0.13000000000000012,1.33,20.0,3.4000000000000057,7.0,3.0,2.0,6.0,6.0,8.0
153,Adam,Webster,Webster,i,Knee injury - Unknown return date,,4.4,513,101.0,0.0,740,252.0,0.0,576.0,235.0,0,0,0.0,-1,1.0,20,13,0.0,0.0,0.0,0.0,0.0,642.0,246.0,0.0,0.0,632.0,245.0,630.0,246.0,604.0,243.0,635.0,246.0,,,,,,,,0.0,0.0,0.0,0.0,0.0,0.0,0.0,0.0,0.0,22,0.0,0.0,0.0,0.0,0.0,0.0,0.0,0.0,0.0,0.0,0.0,0.0,0.0,0.0,0.0,23.0,15.0,0.0,0.0,0.0,0.0,0.0,0.0,0.0,0.0,0.0,0.0,0.0,0.0,0.0
154,Eiran,Cashin,Cashin,u,has joined Blackburn Rovers on loan for the rest of the season.,,4.0,664,167.0,0.0,753,255.0,0.0,479.0,186.0,0,0,0.0,0,0.0,0,4,0.0,0.0,0.0,0.0,0.0,565.0,209.0,0.0,0.0,554.0,208.0,549.0,209.0,514.0,202.0,557.0,208.0,,,,,,,,0.0,0.0,0.0,0.0,0.0,0.0,0.0,0.0,0.0,22,0.0,0.0,0.0,0.0,0.0,0.0,0.0,0.0,0.0,0.0,0.0,0.0,0.0,0.0,0.0,0.0,4.0,0.0,0.0,0.0,0.0,0.0,0.0,0.0,0.0,0.0,0.0,0.0,0.0,0.0
245,Mykhailo,Mudryk,Mudryk,s,Suspended - unknown return date,,4.9,327,202.0,0.0,727,311.0,0.0,714.0,299.0,0,0,0.0,-1,1.0,23,16,0.0,0.0,0.0,0.0,0.0,754.0,326.0,0.0,0.0,754.0,326.0,750.0,326.0,742.0,324.0,754.0,326.0,,,,,,,,0.0,0.0,0.0,0.0,0.0,0.0,0.0,0.0,0.0,22,0.0,0.0,0.0,0.0,0.0,0.0,0.0,0.0,0.0,0.0,0.0,0.0,0.0,0.0,0.0,28.0,19.0,0.0,0.0,0.0,0.0,0.0,0.0,0.0,0.0,0.0,0.0,0.0,0.0,0.0
246,Andrey,Nascimento dos Santos,Andrey Santos,a,,,4.5,451,273.0,0.3,317,105.0,0.8,297.0,132.0,1,0,0.0,0,0.0,407,741,0.2,4.2,0.8,0.8,1.2,421.0,189.0,100.0,100.0,330.0,144.0,225.0,139.0,275.0,147.0,313.0,151.0,,,,,,,,0.28,0.08,0.36,1.37,0.0,0.17,0.83,0.83,11.42,22,1.0,33.0,0.0,0.0,0.0,0.0,0.0,0.0,0.0,0.0,0.0,0.0,0.0,0.0,6.0,749.0,1035.0,0.0,0.0,0.0,0.0,0.35000000000000053,4.599999999999994,0.09999999999999432,0.0,0.5,1.0,2.0,1.0,4.0
250,Liam,Delap,Delap,a,,,6.2,76,25.0,0.9,189,28.0,2.6,170.0,21.0,4,0,0.0,-3,3.0,2506,1319,0.4,4.0,2.6,2.0,1.9,334.0,35.0,100.0,75.0,379.0,40.0,318.0,35.0,77.0,24.0,281.0,34.0,,,,,,,,0.38,0.03,0.41,1.22,0.0,0.31,1.38,1.23,2.91,22,4.0,16.0,0.0,1.0,0.0,0.0,0.0,0.0,0.0,0.0,0.0,0.0,0.0,0.0,13.0,2729.0,1927.0,0.0,0.0,0.0,0.0,0.21999999999999975,0.0,1.0,2.0,0.3000000000000007,0.0,0.0,1.0,1.0
251,Nicolas,Jackson,N.Jackson,u,has joined Bayern Munich on loan for the rest of the season.,,6.5,55,19.0,0.1,516,73.0,0.0,792.0,85.0,0,0,0.0,0,0.0,0,16,0.0,0.0,0.0,0.0,0.0,797.0,88.0,0.0,0.0,797.0,88.0,797.0,88.0,797.0,88.0,797.0,88.0,,,,,,,,0.0,0.0,0.0,0.0,0.0,0.0,0.0,0.0,0.0,22,0.0,0.0,0.0,0.0,0.0,0.0,0.0,0.0,0.0,0.0,0.0,0.0,0.0,0.0,0.0,0.0,16.0,0.0,0.0,0.0,0.0,0.0,0.0,0.0,0.0,0.0,0.0,0.0,0.0,0.0
267,Ismaïla,Sarr,Sarr,a,,,6.3,68,46.0,2.0,131,44.0,0.0,788.0,353.0,0,0,0.0,-2,2.0,2459,1441,0.0,8.3,0.0,0.0,4.3,54.0,23.0,100.0,0.0,210.0,89.0,158.0,107.0,85.0,52.0,153.0,85.0,,,,,,,,0.36,0.05,0.41,1.28,0.0,0.54,0.8,1.07,6.51,22,0.0,0.0,0.0,0.0,0.0,0.0,0.0,0.0,0.0,0.0,0.0,0.0,0.0,0.0,0.0,2485.0,2607.0,0.0,0.0,0.0,0.0,0.0,0.0,0.0,0.0,0.0,0.0,0.0,0.0,0.0
268,Cheick,Doucouré,Doucouré,i,Knee injury - Unknown return date,,4.9,322,199.0,0.0,768,336.0,0.0,711.0,297.0,0,0,0.0,-1,1.0,3,4,0.0,0.0,0.0,0.0,0.0,751.0,324.0,0.0,0.0,751.0,324.0,747.0,324.0,739.0,322.0,751.0,324.0,,,,,,,,0.0,0.0,0.0,0.0,0.0,0.0,0.0,0.0,0.0,22,0.0,0.0,0.0,0.0,0.0,0.0,0.0,0.0,0.0,0.0,0.0,0.0,0.0,0.0,0.0,6.0,6.0,0.0,0.0,0.0,0.0,0.0,0.0,0.0,0.0,0.0,0.0,0.0,0.0,0.0
269,Romain,Esse,Esse,u,has joined Coventry City on loan for the rest of the season.,,4.7,387,243.0,0.1,433,147.0,0.6,313.0,138.0,0,0,0.0,-3,3.0,0,266,0.1,0.9,0.0,0.0,1.0,461.0,215.0,0.0,0.0,443.0,203.0,429.0,208.0,402.0,198.0,456.0,210.0,,,,,,,,0.0,0.09,0.09,3.92,0.0,0.0,0.0,0.0,11.25,22,0.0,0.0,0.0,0.0,0.0,0.0,0.0,0.0,0.0,0.0,0.0,0.0,0.0,0.0,0.0,0.0,346.0,0.0,0.0,0.0,0.0,0.0,0.0,0.0,0.0,0.0,0.0,0.0,0.0,0.0
270,Will,Hughes,Hughes,a,,,4.7,374,234.0,0.1,469,159.0,2.4,180.0,72.0,5,0,0.0,-3,3.0,333,190,0.5,6.6,2.4,2.4,1.6,370.0,164.0,100.0,100.0,283.0,128.0,129.0,92.0,267.0,145.0,251.0,121.0,5.0,,,,,,,0.07,0.09,0.16,1.45,0.0,0.38,1.13,1.03,8.65,22,5.0,90.0,0.0,1.0,0.0,2.0,0.0,0.0,0.0,0.0,0.0,0.0,1.0,0.0,19.0,416.0,281.0,0.0,0.0,0.009999999999999898,0.010000000000000009,1.709999999999999,3.200000000000003,3.6999999999999886,0.0,0.7000000000000028,0.0,2.0,6.0,8.0
271,Daichi,Kamada,Kamada,i,Hamstring injury - Expected back 21 Feb,,5.0,249,152.0,0.1,514,183.0,0.0,725.0,306.0,0,0,0.0,0,0.0,8,146,0.0,9.0,0.0,0.0,3.2,155.0,65.0,0.0,0.0,267.0,118.0,145.0,100.0,188.0,106.0,229.0,115.0,2.0,,,,,,,0.07,0.12,0.19,1.1,0.0,0.46,0.85,1.08,9.73,22,0.0,0.0,0.0,0.0,0.0,0.0,0.0,0.0,0.0,0.0,0.0,0.0,0.0,0.0,0.0,12.0,210.0,0.0,0.0,0.0,0.0,0.0,0.0,0.0,0.0,0.0,0.0,0.0,0.0,0.0
727,Samuel,Chukwueze,Chukwueze,a,,,5.3,190,119.0,0.1,509,180.0,0.0,752.0,328.0,0,0,0.0,-2,2.0,678,299,0.0,6.6,0.0,0.0,3.9,77.0,36.0,100.0,0.0,239.0,101.0,163.0,111.0,166.0,97.0,213.0,107.0,,,,,,,,0.23,0.49,0.72,1.38,0.0,0.0,2.29,0.69,7.56,22,0.0,0.0,0.0,0.0,0.0,0.0,0.0,0.0,0.0,0.0,0.0,0.0,0.0,0.0,0.0,687.0,568.0,0.0,0.0,0.0,0.0,0.0,0.0,0.0,0.0,0.0,0.0,0.0,0.0,0.0
7,Riccardo,Calafiori,Calafiori,i,Muscle injury - Unknown return date,,5.6,133,15.0,6.2,65,22.0,0.0,779.0,261.0,0,0,0.0,1,-1.0,125,19908,0.0,13.8,0.0,0.0,4.8,24.0,12.0,0.0,0.0,193.0,77.0,207.0,54.0,78.0,6.0,167.0,54.0,,,,,,,,0.18,0.03,0.21,0.51,0.0,0.64,0.5,1.15,6.09,22,0.0,0.0,0.0,0.0,0.0,0.0,0.0,0.0,0.0,0.0,0.0,0.0,0.0,0.0,0.0,151.0,31211.0,0.0,0.0,0.0,0.0,0.0,0.0,0.0,0.0,0.0,0.0,0.0,0.0,0.0
335,Josh,King,King,a,,,4.4,550,329.0,1.9,136,46.0,0.2,366.0,161.0,1,0,0.0,-1,1.0,1559,4620,0.0,7.3,0.2,0.2,1.7,358.0,156.0,100.0,75.0,310.0,139.0,205.0,132.0,114.0,66.0,252.0,122.0,,,,,,,,0.12,0.04,0.16,1.33,0.0,0.31,1.54,1.13,7.09,22,1.0,13.0,0.0,0.0,0.0,1.0,0.0,0.0,0.0,0.0,0.0,0.0,0.0,0.0,4.0,1838.0,8552.0,0.0,0.0,0.0,0.0,0.5999999999999996,0.20000000000000284,0.29999999999999716,0.0,0.10000000000000142,0.0,0.0,0.0,0.0
336,Harrison,Reed,Reed,a,,,4.3,568,337.0,0.3,312,103.0,2.0,199.0,84.0,0,0,0.0,-2,2.0,1408,909,0.5,2.6,2.0,2.0,2.8,211.0,93.0,,,400.0,176.0,409.0,201.0,395.0,194.0,420.0,189.0,,,,,,,,0.26,1.54,1.8,2.64,0.0,0.0,6.43,0.0,6.43,22,0.0,0.0,0.0,0.0,0.0,0.0,0.0,0.0,0.0,0.0,0.0,0.0,0.0,0.0,0.0,2182.0,1192.0,0.0,0.0,0.0,0.0,0.0,0.0,0.0,0.0,0.0,0.0,0.0,0.0,0.0
337,Raúl,Jiménez Rodríguez,Raúl,a,,,6.2,72,24.0,2.2,124,19.0,4.6,44.0,6.0,2,0,0.0,-3,3.0,14139,9831,0.7,11.1,4.6,4.6,3.3,148.0,13.0,100.0,100.0,147.0,12.0,107.0,4.0,20.0,12.0,54.0,10.0,,1.0,1.0,,,,,0.38,0.04,0.42,1.34,0.0,0.32,1.1,1.1,5.1,22,2.0,87.0,0.0,0.0,1.0,0.0,0.0,0.0,0.0,0.0,0.0,0.0,1.0,0.0,6.0,19822.0,13744.0,0.0,0.08999999999999986,0.0,0.08999999999999986,1.0500000000000007,1.8000000000000114,2.700000000000017,11.0,1.5999999999999943,0.0,4.0,1.0,5.0
338,Rodrigo,Muniz Carvalho,Muniz,i,Hamstring injury - Expected back 22 Feb,,5.3,192,43.0,0.7,218,34.0,0.0,753.0,79.0,0,0,0.0,-2,2.0,33,416,0.0,3.2,0.0,0.0,2.4,268.0,26.0,0.0,0.0,365.0,38.0,326.0,37.0,170.0,39.0,325.0,39.0,,,,,,,,0.24,0.0,0.24,1.46,0.0,0.26,1.03,1.03,4.91,22,0.0,0.0,0.0,0.0,0.0,0.0,0.0,0.0,0.0,0.0,0.0,0.0,0.0,0.0,0.0,44.0,577.0,0.0,0.0,0.0,0.0,0.0,0.0,0.0,0.0,0.0,0.0,0.0,0.0,0.0
573,Djed,Spence,Spence,a,,,4.3,575,130.0,1.1,174,68.0,3.2,112.0,41.0,1,0,0.0,-2,2.0,970,2643,0.7,12.6,3.2,3.2,2.8,212.0,81.0,,,231.0,93.0,170.0,42.0,177.0,37.0,223.0,74.0,,,,,,,,0.05,0.05,0.1,1.41,0.0,0.44,1.21,1.02,4.7,22,1.0,71.0,0.0,0.0,0.0,1.0,0.0,0.0,0.0,1.0,0.0,0.0,0.0,0.0,1.0,1772.0,3494.0,0.0,0.16000000000000003,0.15000000000000002,0.31000000000000005,2.370000000000001,11.199999999999989,11.999999999999986,40.0,6.299999999999997,2.0,3.0,10.0,5.0
623,Freddie,Potts,Potts,a,,,4.4,536,320.0,0.8,207,71.0,1.2,267.0,118.0,0,0,0.0,-1,1.0,594,2134,0.3,6.6,1.2,1.2,1.8,341.0,147.0,100.0,100.0,252.0,108.0,183.0,121.0,313.0,164.0,279.0,136.0,1.0,,,,,,,0.02,0.04,0.06,1.8,0.0,0.0,2.14,0.93,8.93,22,0.0,0.0,0.0,0.0,0.0,0.0,0.0,0.0,0.0,0.0,0.0,0.0,0.0,0.0,0.0,971.0,3292.0,0.0,0.0,0.0,0.0,0.0,0.0,0.0,0.0,0.0,0.0,0.0,0.0,0.0
636,Santiago,Ignacio Bueno,S.Bueno,a,,,4.4,522,109.0,0.1,511,183.0,4.2,54.0,23.0,6,0,0.0,-1,1.0,424,178,1.0,11.1,3.7,4.2,3.8,83.0,30.0,100.0,100.0,136.0,58.0,285.0,93.0,191.0,45.0,203.0,66.0,,,,,,,,0.13,0.04,0.17,1.3,0.0,0.16,1.7,0.97,8.24,22,6.0,90.0,0.0,0.0,1.0,0.0,0.0,0.0,0.0,0.0,0.0,0.0,1.0,0.0,19.0,494.0,506.0,0.0,0.0,0.030000000000000027,0.029999999999999805,0.9399999999999995,8.199999999999989,1.0,2.0,1.1000000000000014,0.0,4.0,0.0,4.0
637,Toti,Gomes,Toti,i,Hamstring injury - Unknown return date,,4.2,632,151.0,0.1,496,179.0,0.0,539.0,225.0,0,0,0.0,-3,3.0,27,122,0.0,4.8,0.0,0.0,1.5,382.0,140.0,0.0,0.0,199.0,81.0,250.0,72.0,328.0,107.0,278.0,93.0,,,,,,,,0.0,0.02,0.02,1.7,0.0,0.0,2.37,1.14,7.97,22,0.0,0.0,0.0,0.0,0.0,0.0,0.0,0.0,0.0,0.0,0.0,0.0,0.0,0.0,0.0,37.0,192.0,0.0,0.0,0.0,0.0,0.0,0.0,0.0,0.0,0.0,0.0,0.0,0.0,0.0
646,João Victor,Gomes da Silva,Gomes,a,,,5.3,196,123.0,0.1,484,169.0,3.2,119.0,53.0,3,0,0.0,-2,2.0,443,213,0.6,10.2,2.7,3.2,2.6,243.0,105.0,100.0,100.0,166.0,62.0,97.0,72.0,199.0,110.0,140.0,77.0,,,,,,,,0.04,0.06,0.1,1.31,0.0,0.11,1.73,1.03,12.44,22,3.0,70.0,0.0,0.0,1.0,0.0,0.0,0.0,0.0,0.0,0.0,0.0,1.0,0.0,15.0,506.0,420.0,0.0,0.0,0.19000000000000006,0.19000000000000017,0.39000000000000057,23.0,41.5,4.0,6.899999999999999,4.0,1.0,4.0,9.0
647,Gonçalo Manuel,Ganchinho Guedes,Guedes,u,Has joined Real Sociedad permanently.,,5.5,139,87.0,0.0,766,334.0,0.0,772.0,341.0,0,0,0.0,0,0.0,0,1,0.0,0.0,0.0,0.0,0.0,786.0,349.0,0.0,0.0,786.0,349.0,785.0,349.0,782.0,348.0,786.0,349.0,,,,,,,,0.0,0.0,0.0,0.0,0.0,0.0,0.0,0.0,0.0,22,0.0,0.0,0.0,0.0,0.0,0.0,0.0,0.0,0.0,0.0,0.0,0.0,0.0,0.0,0.0,0.0,1.0,0.0,0.0,0.0,0.0,0.0,0.0,0.0,0.0,0.0,0.0,0.0,0.0,0.0
652,Enso,González Medina,Gonzalez,a,,,4.3,607,354.0,1.3,157,54.0,0.0,568.0,198.0,0,0,0.0,-2,2.0,1303,2059,0.0,0.0,-0.5,0.0,0.0,635.0,242.0,,,625.0,233.0,623.0,238.0,596.0,227.0,628.0,235.0,,,,,,,,0.0,0.0,0.0,0.0,0.0,0.0,0.0,0.0,0.0,22,0.0,0.0,0.0,0.0,0.0,0.0,0.0,0.0,0.0,0.0,0.0,0.0,0.0,0.0,0.0,1765.0,2719.0,0.0,0.0,0.0,0.0,0.0,0.0,0.0,0.0,0.0,0.0,0.0,0.0,0.0
653,Joe,Hodge,Hodge,u,Signed by CD Tondela,,4.5,415,250.0,0.0,648,264.0,0.0,613.0,221.0,0,0,0.0,0,0.0,0,7,0.0,0.0,0.0,0.0,0.0,674.0,263.0,0.0,0.0,668.0,258.0,665.0,261.0,643.0,252.0,671.0,260.0,,,,,,,,0.0,0.0,0.0,0.0,0.0,0.0,0.0,0.0,0.0,22,0.0,0.0,0.0,0.0,0.0,0.0,0.0,0.0,0.0,0.0,0.0,0.0,0.0,0.0,0.0,0.0,8.0,0.0,0.0,0.0,0.0,0.0,0.0,0.0,0.0,0.0,0.0,0.0,0.0,0.0
654,Jørgen,Strand Larsen,Strand Larsen,a,,,6.1,81,26.0,0.9,193,30.0,1.4,256.0,33.0,1,0,0.0,-4,4.0,702,975,0.2,6.1,0.9,1.4,1.9,333.0,34.0,100.0,100.0,285.0,27.0,213.0,22.0,68.0,23.0,199.0,23.0,,,2.0,,,,,0.19,0.03,0.22,1.41,0.0,0.2,1.69,0.94,3.44,22,1.0,25.0,0.0,0.0,0.0,0.0,0.0,0.0,0.0,0.0,0.0,0.0,0.0,0.0,2.0,915.0,1514.0,0.0,0.029999999999999805,0.0,0.029999999999999805,0.5600000000000023,0.0,0.10000000000000853,5.0,0.3999999999999986,0.0,0.0,0.0,0.0
655,Fábio,Soares Silva,Fábio Silva,u,has joined Borussia Dortmund permanently.,,4.9,325,58.0,0.2,390,60.0,0.0,713.0,74.0,0,0,0.0,-1,1.0,0,48,0.0,0.0,0.0,0.0,0.0,753.0,82.0,0.0,0.0,753.0,82.0,749.0,81.0,741.0,81.0,753.0,82.0,,,,,,,,0.0,0.0,0.0,0.0,0.0,0.0,0.0,0.0,0.0,22,0.0,0.0,0.0,0.0,0.0,0.0,0.0,0.0,0.0,0.0,0.0,0.0,0.0,0.0,0.0,0.0,57.0,0.0,0.0,0.0,0.0,0.0,0.0,0.0,0.0,0.0,0.0,0.0,0.0,0.0
658,Nathan,Fraser,Fraser,a,,,4.2,634,86.0,1.7,146,21.0,0.0,541.0,50.0,0,0,0.0,-3,3.0,5920,2083,0.0,0.0,-0.5,0.0,0.0,616.0,60.0,,,606.0,59.0,603.0,59.0,572.0,59.0,610.0,60.0,,,,,,,,0.0,0.0,0.0,0.0,0.0,0.0,0.0,0.0,0.0,22,0.0,0.0,0.0,0.0,0.0,0.0,0.0,0.0,0.0,0.0,0.0,0.0,0.0,0.0,0.0,6974.0,2754.0,0.0,0.0,0.0,0.0,0.0,0.0,0.0,0.0,0.0,0.0,0.0,0.0,0.0
513,Zach,Abbott,Abbott,a,,,3.8,794,256.0,0.3,334,123.0,0.0,421.0,164.0,0,0,0.0,-2,2.0,278,414,0.0,0.3,0.0,-1.0,1.0,430.0,158.0,,,430.0,161.0,448.0,164.0,451.0,178.0,453.0,163.0,,,,,,,,0.0,0.0,0.0,1.26,0.0,0.0,2.0,0.0,14.0,22,0.0,0.0,0.0,0.0,0.0,0.0,0.0,0.0,0.0,0.0,0.0,0.0,0.0,0.0,0.0,338.0,540.0,0.0,0.0,0.0,0.0,0.0,0.0,0.0,0.0,0.0,0.0,0.0,0.0,0.0
747,Ezra,Mayers,Mayers,a,,,4.0,707,197.0,0.0,646,225.0,0.6,306.0,112.0,0,0,0.0,0,0.0,63,69,0.2,1.2,0.6,0.6,1.0,433.0,161.0,,,420.0,160.0,340.0,118.0,380.0,137.0,414.0,150.0,,,,,,,,0.1,0.35,0.45,2.25,0.0,0.0,2.41,0.0,4.02,22,0.0,0.0,0.0,0.0,0.0,0.0,0.0,0.0,0.0,0.0,0.0,0.0,0.0,0.0,0.0,84.0,81.0,0.0,0.0,0.0,0.0,0.0,0.0,0.0,0.0,0.0,0.0,0.0,0.0,0.0
247,Dário,Luís Essugo,D.Essugo,a,,,4.3,588,342.0,0.1,565,208.0,0.0,556.0,189.0,0,0,0.0,-2,2.0,200,93,0.0,0.0,0.0,0.0,0.0,624.0,233.0,100.0,100.0,614.0,224.0,611.0,229.0,582.0,216.0,617.0,226.0,,,,,,,,0.0,0.0,0.0,0.0,0.0,0.0,0.0,0.0,0.0,22,0.0,0.0,0.0,0.0,0.0,0.0,0.0,0.0,0.0,0.0,0.0,0.0,0.0,0.0,0.0,289.0,112.0,0.0,0.0,0.0,0.0,0.0,0.0,0.0,0.0,0.0,0.0,0.0,0.0,0.0
640,Pedro,Cardoso de Lima,Pedro Lima,a,,,4.0,715,205.0,0.4,278,104.0,0.2,356.0,136.0,0,0,0.0,0,0.0,145,149,0.0,0.2,-0.3,0.2,1.0,434.0,162.0,100.0,100.0,477.0,170.0,461.0,168.0,558.0,233.0,600.0,238.0,,,,,,,,0.0,0.0,0.0,0.0,0.0,0.0,0.0,0.0,0.0,22,0.0,0.0,0.0,0.0,0.0,0.0,0.0,0.0,0.0,0.0,0.0,0.0,0.0,0.0,0.0,185.0,209.0,0.0,0.0,0.0,0.0,0.0,0.0,0.0,0.0,0.0,0.0,0.0,0.0,0.0
656,Saša,Kalajdžić,Kalajdžić,u,has joined LASK on loan for the rest of the season.,,4.9,318,56.0,0.0,577,76.0,0.0,708.0,73.0,0,0,0.0,-1,1.0,0,13,0.0,0.2,0.0,0.0,1.0,466.0,53.0,0.0,0.0,474.0,57.0,422.0,51.0,426.0,57.0,463.0,56.0,,,,,,,,0.0,0.06,0.06,0.64,0.0,0.0,0.0,0.0,12.86,22,0.0,0.0,0.0,0.0,0.0,0.0,0.0,0.0,0.0,0.0,0.0,0.0,0.0,0.0,0.0,0.0,15.0,0.0,0.0,0.0,0.0,0.0,0.0,0.0,0.0,0.0,0.0,0.0,0.0,0.0
657,Leon,Chiwome,Chiwome,i,Knee injury - Unknown return date,,4.4,552,78.0,0.0,644,79.0,0.0,597.0,62.0,0,0,0.0,-1,1.0,80,39,0.0,0.0,0.0,0.0,0.0,660.0,71.0,0.0,0.0,653.0,71.0,650.0,70.0,626.0,70.0,656.0,71.0,,,,,,,,0.0,0.0,0.0,0.0,0.0,0.0,0.0,0.0,0.0,22,0.0,0.0,0.0,0.0,0.0,0.0,0.0,0.0,0.0,0.0,0.0,0.0,0.0,0.0,0.0,86.0,56.0,0.0,0.0,0.0,0.0,0.0,0.0,0.0,0.0,0.0,0.0,0.0,0.0,0.0
767,Luke,Rawlings,Rawlings,a,,,4.5,486,300.0,0.0,757,329.0,0.0,664.0,262.0,0,0,0.0,0,0.0,31,29,0.0,0.0,-0.5,0.0,0.0,720.0,301.0,,,719.0,300.0,714.0,300.0,697.0,295.0,719.0,300.0,,,,,,,,0.0,0.0,0.0,0.0,0.0,0.0,0.0,0.0,0.0,22,0.0,0.0,0.0,0.0,0.0,0.0,0.0,0.0,0.0,0.0,0.0,0.0,0.0,0.0,0.0,37.0,46.0,0.0,0.0,0.0,0.0,0.0,0.0,0.0,0.0,0.0,0.0,0.0,0.0,0.0
777,Temple,Ojinnaka,Ojinnaka,a,,,4.5,446,268.0,0.0,776,341.0,0.0,633.0,238.0,0,0,0.0,0,0.0,70,14,0.0,0.0,-0.5,0.0,0.0,690.0,278.0,,,686.0,274.0,683.0,276.0,663.0,268.0,687.0,275.0,,,,,,,,0.0,0.0,0.0,0.0,0.0,0.0,0.0,0.0,0.0,22,0.0,0.0,0.0,0.0,0.0,0.0,0.0,0.0,0.0,0.0,0.0,0.0,0.0,0.0,0.0,78.0,17.0,0.0,0.0,0.0,0.0,0.0,0.0,0.0,0.0,0.0,0.0,0.0,0.0,0.0
