id,status,chance_of_playing_next_round,chance_of_playing_this_round,now_cost,now_cost_rank,now_cost_rank_type,cost_change_event,cost_change_event_fall,cost_change_start,cost_change_start_fall,selected_by_percent,selected_rank,selected_rank_type,total_points,event_points,points_per_game,points_per_game_rank,points_per_game_rank_type,bonus,bps,form,form_rank,form_rank_type,value_form,value_season,dreamteam_count,transfers_in,transfers_in_event,transfers_out,transfers_out_event,ep_next,ep_this,expected_goals,expected_assists,expected_goal_involvements,expected_goals_conceded,expected_goals_per_90,expected_assists_per_90,expected_goal_involvements_per_90,expected_goals_conceded_per_90,influence,influence_rank,influence_rank_type,creativity,creativity_rank,creativity_rank_type,threat,threat_rank,threat_rank_type,ict_index,ict_index_rank,ict_index_rank_type,corners_and_indirect_freekicks_order,direct_freekicks_order,penalties_order,gw,set_piece_threat,first_name,second_name,web_name,news,news_added,minutes,goals_scored,assists,clean_sheets,goals_conceded,own_goals,penalties_saved,penalties_missed,yellow_cards,red_cards,saves,starts,defensive_contribution,corners_and_indirect_freekicks_text,direct_freekicks_text,penalties_text,saves_per_90,clean_sheets_per_90,goals_conceded_per_90,starts_per_90,defensive_contribution_per_90,tackles,clearances_blocks_interceptions,recoveries
1,a,,,5.9,91,1.0,0,0.0,4,-4.0,35.3,8,1.0,106,0,4.2,57.0,3.0,5,422,3.3,75.0,7.0,0.6,18.0,0.0,3891863,1719,2106994,1408,4.3,8.6,0.0,0.05,0.05,16.82,0.0,0.0,0.0,0.67,362.4,108.0,16.0,30.4,367.0,3.0,0.0,806.0,94.0,39.4,266.0,16.0,,,,26,,David,Raya Martín,Raya,,,2250,0,0,13,17,0,0,0,1,0,35,25,94,,,,1.4,0.52,0.68,1.0,0.0,1,20,208
2,a,,,4.1,652,37.0,0,0.0,-4,4.0,0.4,279,36.0,0,0,0.0,629.0,85.0,0,0,0.0,530.0,77.0,0.0,0.0,0.0,13857,8,75255,10,1.0,2.0,0.0,0.0,0.0,0.0,0.0,0.0,0.0,0.0,0.0,620.0,85.0,0.0,612.0,73.0,0.0,577.0,58.0,0.0,622.0,85.0,,,,26,,Kepa,Arrizabalaga Revuelta,Arrizabalaga,,,0,0,0,0,0,0,0,0,0,0,0,0,0,,,,0.0,0.0,0.0,0.0,0.0,0,0,0
3,u,0.0,0.0,4.0,684,54.0,0,0.0,0,0.0,0.2,368,54.0,0,0,0.0,589.0,73.0,0,0,0.0,486.0,65.0,0.0,0.0,0.0,5545,0,47774,9,0.0,0.0,0.0,0.0,0.0,0.0,0.0,0.0,0.0,0.0,0.0,580.0,73.0,0.0,572.0,61.0,0.0,534.0,46.0,0.0,582.0,73.0,,,,26,,Karl,Hein,Hein,Has joined Werder Bremen on loan for the rest of the season.,,0,0,0,0,0,0,0,0,0,0,0,0,0,,,,0.0,0.0,0.0,0.0,0.0,0,0,0
4,a,,,3.9,774,90.0,0,0.0,-1,1.0,0.2,355,51.0,0,0,0.0,561.0,58.0,0,0,0.0,456.0,49.0,0.0,0.0,0.0,32767,7,31996,10,1.0,2.0,0.0,0.0,0.0,0.0,0.0,0.0,0.0,0.0,0.0,552.0,58.0,0.0,541.0,43.0,0.0,501.0,28.0,0.0,554.0,58.0,,,,26,,Tommy,Setford,Setford,,,0,0,0,0,0,0,0,0,0,0,0,0,0,,,,0.0,0.0,0.0,0.0,0.0,0,0,0
5,a,100.0,100.0,7.1,33,1.0,0,0.0,11,-11.0,42.9,4,1.0,135,0,7.1,2.0,1.0,18,449,3.8,46.0,18.0,0.5,19.0,0.0,7918437,2570,5016296,1032,4.8,9.6,1.72,0.84,2.56,10.34,0.1,0.05,0.15,0.57,527.4,39.0,15.0,81.3,266.0,81.0,184.0,125.0,24.0,79.1,108.0,35.0,,,,26,,Gabriel,dos Santos Magalhães,Gabriel,,,1625,3,2,12,10,0,0,0,1,0,0,18,171,,,,0.0,0.66,0.55,1.0,8.64,19,137,27
6,a,100.0,100.0,6.1,84,4.0,0,0.0,1,-1.0,14.4,23,9.0,83,0,4.0,71.0,26.0,4,370,3.7,51.0,19.0,0.6,13.6,0.0,1822033,1304,2014422,974,4.7,9.4,0.38,0.59,0.97,12.0,0.02,0.03,0.05,0.63,331.8,129.0,57.0,119.3,209.0,53.0,32.0,338.0,109.0,48.3,226.0,73.0,,,,26,,William,Saliba,Saliba,,,1714,0,0,10,12,0,0,0,1,0,0,20,147,,,,0.0,0.53,0.63,1.05,6.09,21,95,77
7,a,100.0,100.0,5.6,132,14.0,0,0.0,1,-1.0,6.6,56,18.0,84,0,4.7,25.0,10.0,4,307,1.2,247.0,90.0,0.2,15.0,0.0,2621863,402,2381332,335,2.2,4.4,2.77,0.39,3.16,7.29,0.19,0.03,0.22,0.49,227.0,215.0,84.0,107.7,224.0,59.0,230.0,91.0,7.0,56.4,191.0,63.0,,,,26,,Riccardo,Calafiori,Calafiori,,,1337,1,2,10,7,0,0,0,5,0,0,17,129,,,,0.0,0.67,0.47,1.14,6.06,30,60,59
8,a,100.0,100.0,6.4,59,2.0,0,0.0,9,-9.0,31.2,10,3.0,121,0,5.0,15.0,5.0,7,433,2.8,108.0,40.0,0.4,18.9,0.0,6392428,2047,3179724,2449,3.8,7.6,4.3,1.11,5.41,12.61,0.19,0.05,0.24,0.57,401.0,88.0,39.0,301.4,78.0,18.0,334.0,49.0,1.0,104.0,47.0,4.0,,,,26,,Jurriën,Timber,J.Timber,,,1999,2,4,12,15,0,0,0,4,0,0,22,148,,,,0.0,0.54,0.68,0.99,5.31,54,64,79
9,u,0.0,0.0,5.4,174,20.0,0,0.0,-1,1.0,0.0,589,210.0,0,0,0.0,799.0,265.0,0,0,0.0,782.0,264.0,0.0,0.0,0.0,1119,0,10879,1,0.0,0.0,0.0,0.0,0.0,0.0,0.0,0.0,0.0,0.0,0.0,799.0,265.0,0.0,798.0,265.0,0.0,795.0,265.0,0.0,799.0,265.0,,,,26,,Jakub,Kiwior,Kiwior,has joined Porto on loan for the rest of the season.,,0,0,0,0,0,0,0,0,0,0,0,0,0,,,,0.0,0.0,0.0,0.0,0.0,0,0,0
10,a,,,5.1,239,36.0,0,0.0,-4,4.0,1.4,159,62.0,12,0,0.9,502.0,174.0,0,36,0.0,765.0,259.0,0.0,2.4,0.0,132597,53,460287,83,1.0,2.0,0.05,0.06,0.11,5.26,0.01,0.02,0.03,1.52,31.2,418.0,156.0,45.5,336.0,116.0,18.0,376.0,131.0,9.4,405.0,145.0,,,,26,,Myles,Lewis-Skelly,Lewis-Skelly,,,311,0,0,0,5,0,0,0,3,0,0,1,21,,,,0.0,0.0,1.45,0.29,4.05,4,10,14
11,a,100.0,100.0,5.1,227,31.0,0,0.0,-4,4.0,0.5,255,96.0,30,0,4.3,44.0,16.0,3,112,1.2,238.0,88.0,0.2,5.9,0.0,345527,61,397449,64,2.2,4.4,0.43,0.49,0.92,6.13,0.09,0.11,0.2,1.35,111.4,323.0,122.0,92.7,246.0,71.0,46.0,308.0,98.0,25.0,334.0,115.0,,,,26,,Benjamin,White,White,,,409,0,1,3,4,0,0,0,0,0,0,5,40,,,,0.0,0.66,0.88,1.1,7.92,13,23,18
13,a,,,3.8,808,257.0,0,0.0,-2,2.0,0.4,270,101.0,0,0,0.0,527.0,195.0,0,0,0.0,421.0,166.0,0.0,0.0,0.0,51243,17,76740,32,1.0,2.0,0.0,0.0,0.0,0.0,0.0,0.0,0.0,0.0,0.0,518.0,195.0,0.0,506.0,195.0,0.0,466.0,187.0,0.0,520.0,195.0,,,,26,,Brayden,Clarke,Clarke,,,0,0,0,0,0,0,0,0,0,0,0,0,0,,,,0.0,0.0,0.0,0.0,0.0,0,0,0
14,u,0.0,0.0,3.9,779,229.0,0,0.0,-1,1.0,0.1,484,173.0,0,0,0.0,566.0,207.0,0,0,0.0,461.0,179.0,0.0,0.0,0.0,10218,0,22520,2,0.0,0.0,0.0,0.0,0.0,0.0,0.0,0.0,0.0,0.0,0.0,557.0,207.0,0.0,546.0,207.0,0.0,506.0,199.0,0.0,559.0,207.0,,,,26,,Maldini,Kacurri,Kacurri,has joined Morecambe on loan for the rest of the season.,,0,0,0,0,0,0,0,0,0,0,0,0,0,,,,0.0,0.0,0.0,0.0,0.0,0,0,0
15,a,,,3.7,815,263.0,0,0.0,-3,3.0,0.2,378,138.0,0,0,0.0,512.0,181.0,0,0,0.0,399.0,145.0,0.0,0.0,0.0,20708,195,26023,32,1.0,2.0,0.0,0.0,0.0,0.0,0.0,0.0,0.0,0.0,0.0,502.0,180.0,0.0,487.0,177.0,0.0,446.0,168.0,0.0,504.0,180.0,,,,26,,Josh,Nichols,Nichols,,,0,0,0,0,0,0,0,0,0,0,0,0,0,,,,0.0,0.0,0.0,0.0,0.0,0,0,0
16,d,50.0,50.0,9.9,5,3.0,0,0.0,-1,1.0,7.9,50,18.0,101,0,4.8,23.0,11.0,10,394,0.5,321.0,143.0,0.1,10.2,0.0,3970174,41,4944949,3938,0.8,1.5,5.58,5.11,10.69,9.95,0.33,0.3,0.63,0.58,421.2,75.0,24.0,628.1,8.0,8.0,564.0,16.0,6.0,161.4,10.0,8.0,2.0,,1.0,26,,Bukayo,Saka,Saka,Hip injury - 50% chance of playing,,1543,4,7,8,12,0,0,0,1,0,0,17,118,,,,0.0,0.47,0.7,0.99,6.88,26,11,81
17,d,50.0,50.0,7.8,18,13.0,0,0.0,-2,2.0,1.7,143,48.0,57,0,3.2,162.0,73.0,5,233,1.5,211.0,92.0,0.2,7.3,0.0,374132,5,619246,711,1.2,2.5,0.97,2.83,3.8,11.38,0.09,0.25,0.34,1.01,241.0,205.0,88.0,420.3,35.0,33.0,134.0,179.0,100.0,79.4,107.0,58.0,4.0,,3.0,26,,Martin,Ødegaard,Ødegaard,Muscle injury - 50% chance of playing,,1012,1,5,4,10,0,0,0,0,0,0,13,76,,,,0.0,0.36,0.89,1.16,6.76,16,13,47
18,a,100.0,100.0,6.8,47,29.0,0,0.0,-2,2.0,1.5,151,49.0,37,0,2.3,297.0,131.0,3,133,2.8,109.0,47.0,0.4,5.4,0.0,343266,173,304622,768,3.8,7.6,0.63,1.9,2.53,7.67,0.08,0.25,0.33,0.99,137.4,297.0,133.0,227.5,117.0,82.0,223.0,94.0,59.0,58.7,183.0,98.0,3.0,,,26,,Noni,Madueke,Madueke,,,695,1,1,4,6,0,0,0,0,0,0,9,39,,,,0.0,0.52,0.78,1.17,5.05,10,11,18
19,a,100.0,100.0,6.8,48,30.0,0,0.0,-2,2.0,1.1,184,62.0,37,0,1.9,350.0,157.0,1,128,1.5,210.0,91.0,0.2,5.4,0.0,180677,148,230463,182,2.5,5.0,2.72,0.78,3.5,5.61,0.41,0.12,0.53,0.84,128.0,307.0,138.0,99.1,237.0,147.0,249.0,81.0,50.0,47.1,230.0,117.0,,,,26,,Gabriel,Martinelli Silva,Martinelli,,,604,1,3,2,3,0,0,0,2,0,0,7,41,,,,0.0,0.3,0.45,1.04,6.11,8,8,25
20,d,75.0,75.0,6.8,45,27.0,0,0.0,-2,2.0,1.3,165,53.0,92,0,4.4,43.0,21.0,9,323,2.0,168.0,72.0,0.3,13.5,0.0,519880,29,414355,1091,2.2,4.5,4.4,2.4,6.8,9.11,0.28,0.15,0.43,0.58,382.8,97.0,31.0,402.6,38.0,36.0,379.0,39.0,23.0,116.7,39.0,29.0,,,4.0,26,,Leandro,Trossard,Trossard,Muscle injury - 75% chance of playing,,1415,5,5,8,11,0,0,0,1,0,0,15,91,,,,0.0,0.51,0.7,0.95,5.79,17,19,55
21,a,100.0,100.0,7.5,22,15.0,0,0.0,10,-10.0,35.8,7,3.0,134,0,5.6,8.0,5.0,18,569,2.0,170.0,74.0,0.3,17.9,0.0,6674089,1862,3262930,8171,3.0,6.0,2.92,5.25,8.17,13.35,0.13,0.23,0.36,0.58,629.2,12.0,4.0,766.6,3.0,3.0,248.0,82.0,51.0,164.5,7.0,5.0,1.0,1.0,,26,,Declan,Rice,Rice,,,2055,4,7,12,16,0,0,0,2,0,0,23,248,,,,0.0,0.53,0.7,1.01,10.86,41,89,118
22,i,0.0,0.0,5.4,164,101.0,0,0.0,-6,6.0,1.0,193,65.0,66,0,3.1,175.0,77.0,5,238,1.3,230.0,98.0,0.2,12.2,0.0,835815,7,819297,525,0.0,0.0,2.99,1.45,4.44,6.59,0.27,0.13,0.4,0.6,304.4,160.0,61.0,187.0,144.0,100.0,237.0,87.0,54.0,72.6,126.0,70.0,,,,26,,Mikel,Merino Zazón,Merino,Foot injury - Unknown return date,,996,4,3,4,9,0,0,0,1,0,0,10,111,,,,0.0,0.36,0.81,0.9,10.03,26,30,55
23,u,0.0,0.0,5.4,173,107.0,0,0.0,-1,1.0,0.0,681,279.0,0,0,0.0,798.0,353.0,0,0,0.0,781.0,343.0,0.0,0.0,0.0,933,0,4413,1,0.0,0.0,0.0,0.0,0.0,0.0,0.0,0.0,0.0,0.0,0.0,798.0,353.0,0.0,797.0,353.0,0.0,794.0,352.0,0.0,798.0,353.0,,,,26,,Fábio,Ferreira Vieira,Fábio Vieira,has joined Hamburger on loan for the rest of the season.,,0,0,0,0,0,0,0,0,0,0,0,0,0,,,,0.0,0.0,0.0,0.0,0.0,0,0,0
24,a,100.0,100.0,5.1,225,138.0,0,0.0,-4,4.0,0.1,433,146.0,4,0,1.0,492.0,228.0,0,14,0.2,387.0,174.0,0.0,0.8,0.0,7246,10,60556,9,1.2,2.4,0.05,0.0,0.05,2.18,0.14,0.0,0.14,6.13,15.6,446.0,198.0,0.4,473.0,229.0,7.0,411.0,200.0,2.4,459.0,207.0,,,,26,,Christian,Nørgaard,Nørgaard,,,32,0,0,0,1,0,0,0,0,0,0,0,9,,,,0.0,0.0,2.81,0.0,25.31,0,6,3
25,u,0.0,0.0,5.0,270,164.0,0,0.0,-5,5.0,0.1,445,151.0,8,0,1.3,425.0,192.0,0,20,0.0,754.0,326.0,0.0,1.6,0.0,13149,0,36498,8,0.0,0.0,0.23,0.08,0.31,0.73,0.13,0.04,0.17,0.4,8.6,455.0,204.0,22.5,380.0,194.0,24.0,354.0,184.0,5.4,430.0,194.0,,,,26,,Ethan,Nwaneri,Nwaneri,has joined Marseille on loan for the rest of the season.,,165,0,0,1,0,0,0,0,0,0,0,0,13,,,,0.0,0.55,0.0,0.0,7.09,2,1,10
26,a,100.0,100.0,5.3,201,125.0,0,0.0,-2,2.0,5.9,63,22.0,101,0,4.0,67.0,30.0,9,455,4.0,33.0,18.0,0.8,19.1,0.0,1242911,1970,806363,1002,5.0,10.0,2.56,1.52,4.08,15.65,0.11,0.07,0.18,0.68,484.4,53.0,14.0,302.8,76.0,58.0,230.0,90.0,57.0,101.9,53.0,34.0,,,,26,,Martín,Zubimendi Ibáñez,Zubimendi,,,2085,5,1,13,15,0,0,0,4,0,0,24,214,,,,0.0,0.56,0.65,1.04,9.24,42,87,85
28,u,0.0,0.0,4.5,487,297.0,0,0.0,0,0.0,0.1,479,167.0,0,0,0.0,730.0,302.0,0,0,0.0,668.0,265.0,0.0,0.0,0.0,6731,0,30145,2,0.0,0.0,0.0,0.0,0.0,0.0,0.0,0.0,0.0,0.0,0.0,729.0,301.0,0.0,723.0,301.0,0.0,704.0,293.0,0.0,729.0,301.0,,,,26,,Ismeal,Kabia,Kabia,has joined Shrewsbury Town on loan for the rest of the season.,,0,0,0,0,0,0,0,0,0,0,0,0,0,,,,0.0,0.0,0.0,0.0,0.0,0,0,0
29,u,0.0,0.0,4.5,429,256.0,0,0.0,0,0.0,0.0,584,219.0,0,0,0.0,694.0,272.0,0,0,0.0,625.0,229.0,0.0,0.0,0.0,2952,0,14026,3,0.0,0.0,0.0,0.0,0.0,0.0,0.0,0.0,0.0,0.0,0.0,689.0,267.0,0.0,685.0,270.0,0.0,662.0,259.0,0.0,691.0,269.0,,,,26,,Albert,Sambi Lokonga,Sambi,has joined Hamburger permanently.,,0,0,0,0,0,0,0,0,0,0,0,0,0,,,,0.0,0.0,0.0,0.0,0.0,0,0,0
30,a,100.0,100.0,7.3,25,10.0,0,0.0,-2,2.0,1.0,189,31.0,8,0,2.7,243.0,27.0,0,40,1.2,254.0,36.0,0.2,1.1,0.0,108482,275,123394,343,2.2,4.4,0.21,0.06,0.27,1.11,0.12,0.03,0.15,0.64,32.2,415.0,47.0,32.6,361.0,46.0,22.0,366.0,53.0,8.8,410.0,51.0,,,,26,,Kai,Havertz,Havertz,,,156,0,1,2,0,0,0,0,0,0,0,2,10,,,,0.0,1.15,0.0,1.15,5.77,2,5,3
31,a,100.0,100.0,6.4,56,20.0,0,0.0,-1,1.0,0.7,214,35.0,17,0,1.7,376.0,44.0,0,69,1.3,233.0,29.0,0.2,2.7,0.0,140172,244,66339,466,2.3,4.6,1.75,0.18,1.93,3.39,0.56,0.06,0.62,1.09,100.6,330.0,32.0,23.2,378.0,47.0,203.0,107.0,29.0,32.5,297.0,35.0,,,,26,,Gabriel,Fernando de Jesus,G.Jesus,,,279,2,0,0,5,0,0,0,1,0,0,2,23,,,,0.0,0.0,1.61,0.65,7.42,4,4,15
266,a,,,7.2,30,18.0,0,0.0,-3,3.0,7.8,51,19.0,70,0,3.5,123.0,57.0,6,270,0.5,320.0,142.0,0.1,9.7,0.0,3257213,164,3672389,889,1.5,3.0,2.6,1.68,4.28,6.45,0.22,0.14,0.36,0.54,258.4,193.0,80.0,178.2,157.0,109.0,297.0,64.0,39.0,73.3,124.0,69.0,,,,26,,Eberechi,Eze,Eze,,,1078,4,3,6,7,0,0,0,1,0,0,12,72,,,,0.0,0.5,0.58,1.0,6.01,13,14,45
662,a,100.0,100.0,5.3,204,26.0,0,0.0,-2,2.0,0.1,432,160.0,17,0,1.7,372.0,138.0,1,85,0.0,774.0,261.0,0.0,3.2,0.0,43904,20,51137,13,1.0,2.0,0.0,0.43,0.43,2.68,0.0,0.09,0.09,0.56,84.0,349.0,131.0,23.2,377.0,135.0,8.0,404.0,151.0,11.5,397.0,142.0,,,,26,,Cristhian,Mosquera,Mosquera,,,429,0,0,1,4,0,0,0,1,0,0,4,48,,,,0.0,0.21,0.84,0.84,7.34,11,24,17
666,a,100.0,100.0,8.8,8,4.0,0,0.0,-2,2.0,13.4,29,5.0,75,0,3.3,148.0,14.0,8,271,3.5,61.0,8.0,0.4,8.5,0.0,3222708,1365,4605311,2293,4.5,9.0,7.88,0.91,8.79,9.83,0.48,0.06,0.54,0.6,302.0,164.0,14.0,152.0,182.0,16.0,534.0,19.0,12.0,98.0,63.0,12.0,,,2.0,26,,Viktor,Gyökeres,Gyökeres,,,1482,8,0,10,7,0,0,0,3,0,0,18,55,,,,0.0,0.61,0.43,1.09,3.34,5,16,34
700,i,0.0,0.0,4.2,650,367.0,0,0.0,-3,3.0,0.4,272,93.0,5,0,2.5,262.0,111.0,0,13,0.0,546.0,183.0,0.0,1.2,0.0,156895,418,126997,150,0.0,0.0,0.14,0.02,0.16,0.12,0.47,0.07,0.54,0.4,1.0,490.0,225.0,0.8,463.0,223.0,26.0,350.0,182.0,2.8,452.0,205.0,,,,26,,Max,Dowman,Dowman,Ankle injury - Unknown return date,,27,0,1,0,0,0,0,0,0,0,0,0,3,,,,0.0,0.0,0.0,0.0,10.0,2,0,1
711,a,,,4.4,570,342.0,0,0.0,-1,1.0,0.0,702,294.0,0,0,0.0,683.0,266.0,0,0,0.0,610.0,222.0,0.0,0.0,0.0,1790,2,1669,1,1.0,2.0,0.0,0.0,0.0,0.0,0.0,0.0,0.0,0.0,0.0,678.0,261.0,0.0,672.0,264.0,0.0,647.0,252.0,0.0,680.0,263.0,,,,26,,Andre,Harriman-Annous,Harriman-Annous,,,0,0,0,0,0,0,0,0,0,0,0,0,0,,,,0.0,0.0,0.0,0.0,0.0,0,0,0
725,a,100.0,100.0,5.1,236,34.0,0,0.0,-4,4.0,0.6,239,89.0,42,0,2.8,226.0,90.0,2,169,1.2,239.0,89.0,0.2,8.2,0.0,478998,82,411925,166,2.2,4.4,0.0,0.76,0.76,10.03,0.0,0.07,0.07,0.87,209.6,235.0,93.0,64.5,293.0,96.0,24.0,355.0,119.0,29.7,311.0,105.0,,,,26,,Piero,Hincapié,Hincapie,,,1043,0,0,3,11,0,0,0,2,0,0,12,91,,,,0.0,0.26,0.95,1.04,7.85,22,69,40
759,a,,,4.0,726,203.0,0,0.0,0,0.0,0.0,690,238.0,0,0,0.0,623.0,240.0,0,0,0.0,524.0,217.0,0.0,0.0,0.0,1142,8,898,5,1.0,2.0,0.0,0.0,0.0,0.0,0.0,0.0,0.0,0.0,0.0,614.0,240.0,0.0,606.0,240.0,0.0,569.0,235.0,0.0,616.0,240.0,,,,26,,Marli,Salmon,Salmon,,,0,0,0,0,0,0,0,0,0,0,0,0,0,,,,0.0,0.0,0.0,0.0,0.0,0,0,0
32,a,100.0,100.0,5.0,244,7.0,0,0.0,0,0.0,3.7,91,15.0,84,0,4.0,65.0,4.0,8,361,4.0,32.0,1.0,0.8,16.8,0.0,758015,2402,550042,214,4.0,4.0,0.0,0.04,0.04,27.45,0.0,0.0,0.0,1.34,480.6,55.0,12.0,3.1,444.0,12.0,0.0,765.0,86.0,48.4,224.0,12.0,,,,26,,Emiliano,Martínez Romero,Martinez,,,1845,0,0,5,19,0,1,0,1,0,62,21,78,,,,3.02,0.24,0.93,1.02,0.0,0,21,173
33,a,,,4.2,626,32.0,0,0.0,-3,3.0,0.4,278,35.0,11,0,2.2,301.0,26.0,0,51,0.0,534.0,80.0,0.0,2.6,0.0,83253,9,112808,16,0.0,0.0,0.0,0.0,0.0,8.53,0.0,0.0,0.0,1.9,92.8,343.0,28.0,0.0,615.0,76.0,0.0,581.0,61.0,9.3,407.0,28.0,,,,26,,Marco,Bizot,M.Bizot,,,405,0,0,1,8,0,0,0,2,0,13,4,23,,,,2.89,0.22,1.78,0.89,0.0,0,6,41
34,u,0.0,0.0,4.0,683,53.0,0,0.0,0,0.0,0.1,490,74.0,0,0,0.0,588.0,72.0,0,0,0.0,485.0,64.0,0.0,0.0,0.0,0,0,17109,2,0.0,0.0,0.0,0.0,0.0,0.0,0.0,0.0,0.0,0.0,0.0,579.0,72.0,0.0,571.0,60.0,0.0,533.0,45.0,0.0,581.0,72.0,,,,26,,Joe,Gauci,Gauci,Has joined Port Vale on loan for the rest of the season.,,0,0,0,0,0,0,0,0,0,0,0,0,0,,,,0.0,0.0,0.0,0.0,0.0,0,0,0
35,u,0.0,0.0,4.0,682,52.0,0,0.0,0,0.0,0.0,746,84.0,0,0,0.0,587.0,71.0,0,0,0.0,484.0,63.0,0.0,0.0,0.0,0,0,1246,1,0.0,0.0,0.0,0.0,0.0,0.0,0.0,0.0,0.0,0.0,0.0,578.0,71.0,0.0,570.0,59.0,0.0,532.0,44.0,0.0,580.0,71.0,,,,26,,Filip,Marschall,Marschall,Has joined Stevenage permanently.,,0,0,0,0,0,0,0,0,0,0,0,0,0,,,,0.0,0.0,0.0,0.0,0.0,0,0,0
36,a,100.0,100.0,4.9,301,46.0,0,0.0,4,-4.0,11.7,33,12.0,99,0,4.1,59.0,23.0,6,367,2.4,131.0,46.0,0.5,20.2,0.0,2701705,2724,1605159,954,2.4,2.4,1.02,2.25,3.27,31.87,0.04,0.1,0.14,1.35,490.2,52.0,24.0,359.5,49.0,7.0,183.0,126.0,25.0,103.3,49.0,6.0,1.0,,,26,,Matty,Cash,Cash,,,2131,3,2,7,22,0,0,0,5,0,0,24,158,,,,0.0,0.3,0.93,1.01,5.7,42,93,63
37,a,100.0,100.0,4.5,409,73.0,0,0.0,0,0.0,1.6,150,60.0,72,0,3.1,168.0,64.0,4,282,1.6,196.0,72.0,0.4,16.0,0.0,297930,201,336291,104,1.6,1.6,0.54,2.21,2.75,20.25,0.04,0.15,0.19,1.39,278.2,177.0,73.0,302.6,77.0,17.0,108.0,216.0,56.0,68.7,143.0,46.0,2.0,2.0,,26,,Lucas,Digne,Digne,,,1309,0,4,6,13,0,0,0,3,0,0,15,102,,,,0.0,0.41,0.89,1.03,5.36,26,52,52
38,a,100.0,100.0,4.4,526,106.0,0,0.0,-1,1.0,7.6,52,17.0,74,0,3.1,167.0,63.0,3,377,2.4,128.0,44.0,0.5,16.8,0.0,597365,867,1940427,332,2.4,2.4,0.73,0.49,1.22,34.45,0.03,0.02,0.05,1.45,429.0,72.0,31.0,83.5,262.0,79.0,83.0,251.0,71.0,60.0,175.0,56.0,,,,26,,Ezri,Konsa Ngoyo,Konsa,,,2135,0,0,7,26,0,0,0,0,1,0,24,167,,,,0.0,0.3,1.1,1.01,5.9,16,124,73
39,a,,,4.2,637,149.0,0,0.0,-3,3.0,0.6,247,92.0,28,0,1.5,398.0,144.0,0,163,2.0,156.0,54.0,0.5,6.7,0.0,64401,122,98108,68,2.0,2.0,0.83,1.64,2.47,15.94,0.08,0.15,0.23,1.51,193.8,247.0,100.0,227.9,116.0,30.0,147.0,163.0,35.0,57.1,188.0,61.0,5.0,,,26,,Ian,Maatsen,Maatsen,,,953,0,0,1,14,0,0,0,2,0,0,10,87,,,,0.0,0.09,1.32,0.94,7.08,30,45,61
40,a,100.0,100.0,4.3,577,126.0,0,0.0,-2,2.0,0.6,244,91.0,27,0,3.0,182.0,70.0,1,103,0.6,289.0,107.0,0.1,6.3,0.0,128063,47,189970,21,0.6,0.6,0.42,0.1,0.52,10.97,0.06,0.01,0.07,1.64,146.4,284.0,111.0,45.6,335.0,115.0,35.0,331.0,106.0,22.7,342.0,117.0,,,,26,,Tyrone,Mings,Mings,,,602,0,0,2,7,0,0,0,0,0,0,7,68,,,,0.0,0.3,1.05,1.05,7.77,2,50,17
41,a,100.0,100.0,4.3,585,131.0,0,0.0,-2,2.0,0.3,305,112.0,49,0,3.3,138.0,48.0,2,216,2.0,158.0,56.0,0.5,11.4,0.0,69100,71,92633,35,2.0,2.0,0.59,0.33,0.92,17.12,0.04,0.02,0.06,1.28,235.8,209.0,82.0,36.3,355.0,124.0,51.0,299.0,95.0,32.5,296.0,100.0,,,,26,,Pau,Torres,Pau,,,1206,0,1,4,13,1,0,0,0,0,0,13,114,,,,0.0,0.3,0.97,0.97,6.49,17,70,63
42,i,0.0,0.0,3.9,780,230.0,0,0.0,-1,1.0,0.2,375,136.0,1,0,0.5,507.0,176.0,0,-3,0.0,462.0,180.0,0.0,0.3,0.0,27433,3,39831,20,0.0,0.0,0.0,0.01,0.01,1.52,0.0,0.03,0.03,4.56,0.6,494.0,176.0,1.5,451.0,164.0,0.0,507.0,200.0,0.2,496.0,176.0,,,,26,,Andrés,García,A.García,Hamstring injury - Expected back 21 Feb,,30,0,0,0,2,0,0,0,0,0,0,0,0,,,,0.0,0.0,6.0,0.0,0.0,0,0,2
43,u,0.0,0.0,4.0,661,161.0,0,0.0,0,0.0,1.6,148,58.0,0,0,0.0,571.0,209.0,0,0,0.0,467.0,182.0,0.0,0.0,0.0,44476,0,884200,45,0.0,0.0,0.0,0.0,0.0,0.0,0.0,0.0,0.0,0.0,0.0,562.0,209.0,0.0,552.0,209.0,0.0,513.0,202.0,0.0,564.0,209.0,,,,26,,Álex,Moreno Lopera,Alex Moreno,Has joined Girona permanently.,,0,0,0,0,0,0,0,0,0,0,0,0,0,,,,0.0,0.0,0.0,0.0,0.0,0,0,0
44,a,100.0,100.0,4.0,700,181.0,0,0.0,0,0.0,0.5,254,95.0,25,0,1.2,431.0,154.0,3,79,0.8,270.0,97.0,0.2,6.2,0.0,101247,73,86161,34,0.8,0.8,0.0,0.15,0.15,8.96,0.0,0.02,0.02,1.42,74.4,366.0,139.0,42.9,342.0,119.0,8.0,395.0,144.0,12.5,388.0,138.0,,,,26,,Lamare,Bogarde,Bogarde,,,569,0,0,1,8,0,0,0,5,0,0,6,41,,,,0.0,0.16,1.27,0.95,5.06,14,18,19
45,u,0.0,0.0,3.8,798,247.0,0,0.0,-2,2.0,0.3,324,119.0,0,0,0.0,522.0,190.0,0,0,0.0,414.0,159.0,0.0,0.0,0.0,22076,0,34932,55,0.0,0.0,0.0,0.0,0.0,0.0,0.0,0.0,0.0,0.0,0.0,513.0,190.0,0.0,499.0,188.0,0.0,458.0,179.0,0.0,515.0,190.0,,,,26,,Lino,da Cruz Sousa,Sousa,has joined Rotherham on loan for the rest of the season.,,0,0,0,0,0,0,0,0,0,0,0,0,0,,,,0.0,0.0,0.0,0.0,0.0,0,0,0
46,u,0.0,0.0,4.0,716,194.0,0,0.0,0,0.0,0.1,460,168.0,0,0,0.0,615.0,233.0,0,0,0.0,515.0,209.0,0.0,0.0,0.0,4656,0,20795,6,0.0,0.0,0.0,0.0,0.0,0.0,0.0,0.0,0.0,0.0,0.0,606.0,233.0,0.0,598.0,233.0,0.0,561.0,228.0,0.0,608.0,233.0,,,,26,,Yasin,Özcan,Yasin,has joined Anderlecht on loan for the rest of the season.,,0,0,0,0,0,0,0,0,0,0,0,0,0,,,,0.0,0.0,0.0,0.0,0.0,0,0,0
47,a,100.0,100.0,7.6,20,14.0,0,0.0,6,-6.0,30.4,11,4.0,123,0,4.9,21.0,10.0,13,429,4.4,23.0,15.0,0.6,16.2,0.0,5506000,6355,2769808,2464,4.4,4.4,4.66,2.87,7.53,35.28,0.19,0.12,0.31,1.43,557.6,27.0,7.0,470.3,23.0,22.0,592.0,11.0,4.0,161.9,8.0,6.0,,,,26,,Morgan,Rogers,Rogers,,,2227,8,5,7,27,0,0,0,4,0,0,25,155,,,,0.0,0.28,1.09,1.01,6.26,28,37,90
48,i,0.0,0.0,5.9,92,58.0,0,0.0,-1,1.0,0.7,221,75.0,52,0,3.1,177.0,78.0,3,289,1.0,267.0,114.0,0.2,8.8,0.0,158090,1,339780,280,0.0,0.0,0.97,2.53,3.5,23.03,0.07,0.18,0.25,1.6,317.2,144.0,49.0,401.3,39.0,37.0,147.0,166.0,94.0,86.6,86.0,52.0,3.0,,,26,,Youri,Tielemans,Tielemans,Ankle injury - Expected back 11 Apr,,1295,0,4,4,17,0,0,0,0,0,0,15,138,,,,0.0,0.28,1.18,1.04,9.59,38,33,67
49,a,100.0,100.0,5.5,141,87.0,0,0.0,0,0.0,0.1,493,173.0,3,0,1.0,497.0,233.0,0,12,0.6,308.0,132.0,0.1,0.5,0.0,4527,20,48958,7,0.6,0.6,0.15,0.31,0.46,0.78,0.14,0.28,0.42,0.7,14.0,447.0,199.0,40.1,347.0,185.0,23.0,357.0,186.0,7.8,416.0,189.0,,,,26,,Leon,Bailey,Bailey,,,100,0,0,0,0,0,0,0,0,0,0,0,12,,,,0.0,0.0,0.0,0.0,10.8,3,1,8
50,a,100.0,100.0,5.3,190,117.0,0,0.0,-2,2.0,0.5,253,86.0,74,0,3.2,156.0,69.0,8,252,3.2,84.0,36.0,0.6,14.0,0.0,207682,249,165484,165,3.2,3.2,2.55,1.42,3.97,17.59,0.21,0.12,0.33,1.45,319.0,142.0,48.0,269.8,93.0,69.0,291.0,65.0,40.0,88.0,83.0,49.0,,6.0,2.0,26,,Emiliano,Buendía Stati,Buendía,,,1091,5,2,3,11,0,0,0,3,0,0,13,127,,,,0.0,0.25,0.91,1.07,10.48,33,21,73
51,u,0.0,0.0,5.5,150,93.0,0,0.0,0,0.0,0.0,683,280.0,0,0,0.0,804.0,358.0,0,0,0.0,789.0,350.0,0.0,0.0,0.0,1383,0,3770,0,0.0,0.0,0.0,0.0,0.0,0.0,0.0,0.0,0.0,0.0,0.0,804.0,358.0,0.0,803.0,358.0,0.0,800.0,357.0,0.0,804.0,358.0,,,,26,,Samuel,Iling-Junior,Iling Jr,has joined Pisa on loan for the rest of the season.,,0,0,0,0,0,0,0,0,0,0,0,0,0,,,,0.0,0.0,0.0,0.0,0.0,0,0,0
53,u,0.0,0.0,5.1,228,140.0,0,0.0,-4,4.0,0.4,269,92.0,55,0,2.6,249.0,104.0,3,161,0.0,763.0,333.0,0.0,10.8,0.0,172896,0,335806,63,0.0,0.0,4.03,0.35,4.38,10.59,0.57,0.05,0.62,1.49,183.4,256.0,110.0,99.7,236.0,146.0,290.0,66.0,41.0,56.3,192.0,101.0,,,,26,,Donyell,Malen,Malen,has joined Roma on loan for the rest of the season.,,640,4,2,1,10,0,0,0,0,0,0,5,16,,,,0.0,0.14,1.41,0.7,2.25,4,2,10
54,i,0.0,0.0,5.4,159,97.0,0,0.0,-1,1.0,0.6,249,85.0,71,0,3.2,159.0,72.0,4,289,0.2,393.0,179.0,0.0,13.1,0.0,208068,5,234610,250,0.0,0.0,2.52,1.96,4.48,26.58,0.14,0.11,0.25,1.5,308.2,152.0,55.0,385.2,43.0,40.0,193.0,116.0,67.0,88.8,79.0,46.0,4.0,,,26,,John,McGinn,McGinn,Knee injury - Expected back 21 Mar,,1591,3,2,7,21,0,0,0,3,0,0,21,126,,,,0.0,0.4,1.19,1.19,7.13,27,29,70
55,a,100.0,100.0,4.8,353,220.0,0,0.0,-2,2.0,0.0,621,241.0,16,0,2.0,324.0,143.0,0,64,0.2,379.0,168.0,0.0,3.3,0.0,4900,19,11922,3,0.2,0.2,0.43,0.16,0.59,1.84,0.3,0.11,0.41,1.3,61.4,386.0,170.0,44.3,340.0,184.0,57.0,290.0,154.0,16.2,369.0,173.0,,,,26,,Ross,Barkley,Barkley,,,127,1,1,0,0,0,0,0,0,0,0,0,19,,,,0.0,0.0,0.0,0.0,13.46,4,5,10
56,u,0.0,0.0,5.0,267,162.0,0,0.0,0,0.0,0.0,817,367.0,0,0,0.0,784.0,343.0,0,0,0.0,753.0,325.0,0.0,0.0,0.0,0,0,34,0,0.0,0.0,0.0,0.0,0.0,0.0,0.0,0.0,0.0,0.0,0.0,784.0,343.0,0.0,782.0,343.0,0.0,775.0,340.0,0.0,784.0,343.0,,,,26,,Enzo,Barrenechea,Barrenechea,Season-long loan to Benfica,,0,0,0,0,0,0,0,0,0,0,0,0,0,,,,0.0,0.0,0.0,0.0,0.0,0,0,0
57,u,0.0,0.0,5.0,261,159.0,0,0.0,0,0.0,0.0,663,269.0,0,0,0.0,780.0,340.0,0,0,0.0,749.0,322.0,0.0,0.0,0.0,889,0,5420,0,0.0,0.0,0.0,0.0,0.0,0.0,0.0,0.0,0.0,0.0,0.0,780.0,340.0,0.0,777.0,340.0,0.0,771.0,337.0,0.0,780.0,340.0,,,,26,,Lewis,Dobbin,Dobbin,Has joined Preston North End on loan for the rest of the season.,,0,0,0,0,0,0,0,0,0,0,0,0,0,,,,0.0,0.0,0.0,0.0,0.0,0,0,0
58,i,0.0,0.0,4.9,316,196.0,0,0.0,-1,1.0,0.2,363,121.0,61,0,3.4,131.0,62.0,7,282,0.0,724.0,304.0,0.0,12.4,0.0,111290,2,115138,84,0.0,0.0,0.53,0.84,1.36,20.8,0.03,0.05,0.08,1.33,325.0,135.0,45.0,241.3,108.0,78.0,75.0,262.0,141.0,64.2,156.0,87.0,,,,26,,Boubacar,Kamara,Kamara,Knee injury - Expected back 01 Jun,,1410,1,3,5,15,0,0,0,5,0,0,17,149,,,,0.0,0.32,0.96,1.09,9.51,38,46,65
59,a,100.0,100.0,4.8,368,229.0,0,0.0,-2,2.0,0.7,224,77.0,55,0,3.4,127.0,58.0,3,245,1.8,182.0,77.0,0.4,11.5,0.0,148412,188,266651,53,1.8,1.8,0.43,0.24,0.67,18.2,0.04,0.02,0.06,1.54,293.0,170.0,66.0,77.7,270.0,161.0,71.0,267.0,144.0,44.2,241.0,120.0,,,,26,,Amadou,Onana,Onana,,,1064,2,0,4,12,0,0,0,2,0,0,13,147,,,,0.0,0.34,1.02,1.1,12.43,31,71,45
60,u,0.0,0.0,4.4,562,337.0,0,0.0,-1,1.0,0.3,329,112.0,0,0,0.0,679.0,264.0,0,0,0.0,605.0,219.0,0.0,0.0,0.0,38290,0,49309,43,0.0,0.0,0.0,0.0,0.0,0.0,0.0,0.0,0.0,0.0,0.0,673.0,258.0,0.0,668.0,262.0,0.0,642.0,249.0,0.0,675.0,260.0,,,,26,,Ben,Broggio,Broggio,has joined Falkirk on loan for the rest of the season.,,0,0,0,0,0,0,0,0,0,0,0,0,0,,,,0.0,0.0,0.0,0.0,0.0,0,0,0
61,u,0.0,0.0,4.5,411,250.0,0,0.0,0,0.0,0.1,533,193.0,0,0,0.0,686.0,267.0,0,0,0.0,613.0,223.0,0.0,0.0,0.0,2169,0,33547,3,0.0,0.0,0.0,0.0,0.0,0.0,0.0,0.0,0.0,0.0,0.0,681.0,262.0,0.0,675.0,265.0,0.0,650.0,253.0,0.0,683.0,264.0,,,,26,,Leander,Dendoncker,Dendoncker,Has joined Real Oviedo permanently.,,0,0,0,0,0,0,0,0,0,0,0,0,0,,,,0.0,0.0,0.0,0.0,0.0,0,0,0
62,u,0.0,0.0,4.5,474,288.0,0,0.0,0,0.0,0.1,546,200.0,1,0,1.0,473.0,213.0,0,3,0.0,656.0,257.0,0.0,0.2,0.0,8790,0,9920,15,0.0,0.0,0.0,0.0,0.0,0.61,0.0,0.0,0.0,6.86,0.2,500.0,228.0,0.3,477.0,232.0,0.0,693.0,286.0,0.1,502.0,230.0,,,,26,,Jamaldeen,Jimoh-Aloba,Jimoh-Aloba,has joined West Brom on loan for the rest of the season.,,8,0,0,0,0,0,0,0,0,0,0,0,1,,,,0.0,0.0,0.0,0.0,11.25,0,0,1
63,u,0.0,0.0,4.3,606,353.0,0,0.0,-2,2.0,0.6,236,81.0,0,0,0.0,648.0,244.0,0,0,0.0,564.0,193.0,0.0,0.0,0.0,102090,0,119464,163,0.0,0.0,0.0,0.0,0.0,0.0,0.0,0.0,0.0,0.0,0.0,639.0,235.0,0.0,635.0,240.0,0.0,605.0,224.0,0.0,641.0,237.0,,,,26,,Kadan,Young,Young,has joined Reading on loan for the rest of the season.,,0,0,0,0,0,0,0,0,0,0,0,0,0,,,,0.0,0.0,0.0,0.0,0.0,0,0,0
64,a,100.0,100.0,8.7,9,5.0,0,0.0,-3,3.0,9.0,41,7.0,93,0,3.9,83.0,9.0,11,336,2.4,136.0,18.0,0.3,10.7,0.0,2112228,972,4037337,2133,2.4,2.4,9.45,0.94,10.39,29.49,0.47,0.05,0.52,1.45,376.0,100.0,9.0,197.5,139.0,9.0,704.0,4.0,3.0,127.6,28.0,5.0,,,3.0,26,,Ollie,Watkins,Watkins,,,1826,8,2,7,23,0,0,0,1,0,0,21,65,,,,0.0,0.35,1.13,1.04,3.2,15,14,36
65,u,0.0,0.0,4.5,484,69.0,0,0.0,0,0.0,0.3,323,54.0,0,0,0.0,728.0,78.0,0,0,0.0,666.0,67.0,0.0,0.0,0.0,17574,0,84595,5,0.0,0.0,0.0,0.0,0.0,0.0,0.0,0.0,0.0,0.0,0.0,726.0,78.0,0.0,721.0,77.0,0.0,702.0,77.0,0.0,727.0,78.0,,,,26,,Zépiqueno,Redmond,Redmond,has joined Huddersfield Town on loan for the rest of the season.,,0,0,0,0,0,0,0,0,0,0,0,0,0,,,,0.0,0.0,0.0,0.0,0.0,0,0,0
389,a,100.0,100.0,5.1,235,144.0,0,0.0,-4,4.0,0.2,391,130.0,5,0,1.0,493.0,229.0,0,17,0.2,388.0,175.0,0.0,1.0,0.0,93765,18,101869,10,0.2,0.2,0.29,0.08,0.37,1.74,0.24,0.07,0.31,1.42,11.8,448.0,200.0,31.7,366.0,188.0,31.0,340.0,178.0,7.4,420.0,190.0,,,,26,,Harvey,Elliott,Elliott,,,110,0,0,0,2,0,0,0,0,0,0,1,6,,,,0.0,0.0,1.64,0.82,4.91,0,2,4
456,a,100.0,100.0,5.8,107,68.0,0,0.0,-2,2.0,0.2,349,117.0,22,0,1.6,393.0,175.0,0,87,1.6,205.0,88.0,0.3,3.8,0.0,45126,110,45437,35,1.6,1.6,0.49,0.84,1.33,8.04,0.09,0.15,0.24,1.41,79.6,356.0,159.0,144.9,185.0,123.0,141.0,172.0,96.0,36.8,278.0,136.0,,,,26,,Jadon,Sancho,Sancho,,,512,0,1,1,4,0,0,0,0,0,0,5,29,,,,0.0,0.18,0.7,0.88,5.1,4,11,14
688,a,,,3.9,764,83.0,0,0.0,-1,1.0,0.6,235,32.0,0,0,0.0,551.0,51.0,0,0,0.0,446.0,42.0,0.0,0.0,0.0,59667,24,42558,30,0.0,0.0,0.0,0.0,0.0,0.0,0.0,0.0,0.0,0.0,0.0,542.0,51.0,0.0,531.0,36.0,0.0,491.0,21.0,0.0,544.0,51.0,,,,26,,James,Wright,Wright,,,0,0,0,0,0,0,0,0,0,0,0,0,0,,,,0.0,0.0,0.0,0.0,0.0,0,0,0
699,a,100.0,100.0,4.9,318,197.0,0,0.0,-1,1.0,0.1,516,187.0,15,0,1.5,407.0,181.0,0,104,0.8,275.0,117.0,0.2,3.1,0.0,21429,44,16905,20,0.8,0.8,0.23,0.97,1.2,6.46,0.04,0.18,0.22,1.21,85.8,348.0,155.0,167.0,166.0,113.0,49.0,302.0,157.0,30.2,308.0,150.0,,,,26,,Douglas Luiz,Soares de Paulo,Douglas Luiz,,,480,0,1,0,9,0,0,0,2,0,0,7,57,,,,0.0,0.0,1.69,1.31,10.69,13,16,28
701,u,0.0,0.0,4.0,712,190.0,0,0.0,0,0.0,0.1,536,191.0,0,0,0.0,612.0,230.0,0,0,0.0,511.0,205.0,0.0,0.0,0.0,8943,0,10619,2,0.0,0.0,0.0,0.0,0.0,0.0,0.0,0.0,0.0,0.0,0.0,603.0,230.0,0.0,595.0,230.0,0.0,558.0,225.0,0.0,605.0,230.0,,,,26,,Triston,Rowe,Rowe,has joined Annecy on loan for the rest of the season.,,0,0,0,0,0,0,0,0,0,0,0,0,0,,,,0.0,0.0,0.0,0.0,0.0,0,0,0
702,a,,,4.4,569,341.0,0,0.0,-1,1.0,0.1,537,195.0,1,0,1.0,468.0,209.0,0,3,0.0,609.0,221.0,0.0,0.2,0.0,9510,9,8640,4,0.0,0.0,0.0,0.0,0.0,0.9,0.0,0.0,0.0,5.06,0.0,677.0,260.0,0.3,476.0,231.0,0.0,646.0,251.0,0.0,679.0,262.0,,,,26,,Bradley,Burrowes,Burrowes,,,16,0,0,0,1,0,0,0,0,0,0,0,1,,,,0.0,0.0,5.62,0.0,5.62,0,0,1
703,a,,,3.9,775,91.0,0,0.0,-1,1.0,0.6,234,31.0,0,0,0.0,562.0,59.0,0,0,0.0,457.0,50.0,0.0,0.0,0.0,85492,72,38028,53,0.0,0.0,0.0,0.0,0.0,0.0,0.0,0.0,0.0,0.0,0.0,553.0,59.0,0.0,542.0,44.0,0.0,502.0,29.0,0.0,555.0,59.0,,,,26,,Sam,Proctor,Proctor,,,0,0,0,0,0,0,0,0,0,0,0,0,0,,,,0.0,0.0,0.0,0.0,0.0,0,0,0
710,a,,,3.9,772,226.0,0,0.0,-1,1.0,0.2,380,139.0,0,0,0.0,559.0,204.0,0,0,0.0,454.0,176.0,0.0,0.0,0.0,32733,6,21937,13,0.0,0.0,0.0,0.0,0.0,0.0,0.0,0.0,0.0,0.0,0.0,550.0,204.0,0.0,539.0,204.0,0.0,499.0,196.0,0.0,552.0,204.0,,,,26,,Travis,Patterson,Patterson,,,0,0,0,0,0,0,0,0,0,0,0,0,0,,,,0.0,0.0,0.0,0.0,0.0,0,0,0
719,a,100.0,100.0,4.5,415,76.0,0,0.0,0,0.0,0.1,468,171.0,21,0,1.9,338.0,126.0,0,91,0.2,375.0,141.0,0.0,4.7,0.0,19527,12,12050,22,0.2,0.2,0.03,0.07,0.1,10.75,0.0,0.01,0.01,1.71,123.8,309.0,117.0,27.2,373.0,134.0,8.0,400.0,149.0,16.0,370.0,130.0,,,,26,,Victor,Lindelöf,Lindelöf,,,566,0,1,1,9,0,0,0,0,0,0,6,36,,,,0.0,0.16,1.43,0.95,5.72,4,32,13
754,a,,,4.5,485,295.0,0,0.0,0,0.0,0.0,753,321.0,2,0,1.0,476.0,216.0,0,5,0.2,376.0,166.0,0.0,0.4,0.0,898,4,530,1,0.2,0.2,0.04,0.01,0.05,0.61,0.14,0.04,0.18,2.2,0.0,727.0,299.0,1.7,450.0,217.0,2.0,439.0,214.0,0.3,492.0,226.0,,,,26,,George,Hemmings,George Hemmings,,,25,0,0,0,0,0,0,0,0,0,0,0,1,,,,0.0,0.0,0.0,0.0,3.6,0,0,1
757,a,,,4.0,702,62.0,0,0.0,0,0.0,0.0,718,83.0,0,0,0.0,603.0,81.0,0,0,0.0,501.0,73.0,0.0,0.0,0.0,1125,8,719,2,0.0,0.0,0.0,0.0,0.0,0.0,0.0,0.0,0.0,0.0,0.0,594.0,81.0,0.0,586.0,69.0,0.0,548.0,54.0,0.0,596.0,81.0,,,,26,,Ronnie,Hollingshead,Hollingshead,,,0,0,0,0,0,0,0,0,0,0,0,0,0,,,,0.0,0.0,0.0,0.0,0.0,0,0,0
768,a,,,4.0,734,211.0,0,0.0,0,0.0,0.0,723,249.0,0,0,0.0,628.0,245.0,0,0,0.0,529.0,222.0,0.0,0.0,0.0,530,3,392,0,0.0,0.0,0.0,0.0,0.0,0.0,0.0,0.0,0.0,0.0,0.0,619.0,245.0,0.0,611.0,245.0,0.0,576.0,242.0,0.0,621.0,245.0,,,,26,,Leon,Routh,Leon Routh,,,0,0,0,0,0,0,0,0,0,0,0,0,0,,,,0.0,0.0,0.0,0.0,0.0,0,0,0
781,a,,,4.0,728,205.0,0,0.0,0,0.0,0.0,747,256.0,0,0,0.0,624.0,241.0,0,0,0.0,525.0,218.0,0.0,0.0,0.0,469,4,230,0,0.0,0.0,0.0,0.0,0.0,0.0,0.0,0.0,0.0,0.0,0.0,615.0,241.0,0.0,607.0,241.0,0.0,571.0,237.0,0.0,617.0,241.0,,,,26,,TJ,Carroll,Carroll,,,0,0,0,0,0,0,0,0,0,0,0,0,0,,,,0.0,0.0,0.0,0.0,0.0,0,0,0
792,d,25.0,25.0,5.0,284,176.0,0,0.0,0,0.0,0.0,812,362.0,0,0,0.0,791.0,348.0,0,0,0.0,761.0,331.0,0.0,0.0,0.0,125,0,112,1,0.0,0.0,0.0,0.0,0.0,0.0,0.0,0.0,0.0,0.0,0.0,791.0,348.0,0.0,789.0,348.0,0.0,784.0,346.0,0.0,791.0,348.0,,,,26,,Alysson Edward Franco,da Rocha dos Santos,Alysson,Knock - 25% chance of playing,,0,0,0,0,0,0,0,0,0,0,0,0,0,,,,0.0,0.0,0.0,0.0,0.0,0,0,0
808,a,,,6.0,86,27.0,0,0.0,0,0.0,0.2,346,58.0,3,0,1.5,412.0,51.0,0,9,1.0,268.0,37.0,0.2,0.5,0.0,46102,222,16968,170,1.0,1.0,0.64,0.08,0.72,0.73,0.61,0.08,0.69,0.7,7.2,458.0,55.0,12.1,402.0,52.0,37.0,325.0,52.0,5.6,429.0,54.0,,,,26,,Tammy,Abraham,Abraham,,,94,0,0,0,1,0,0,0,0,0,0,1,3,,,,0.0,0.0,0.96,0.96,2.87,0,1,2
183,a,,,4.3,603,30.0,0,0.0,-2,2.0,0.1,450,67.0,0,0,0.0,646.0,90.0,0,0,0.0,562.0,85.0,0.0,0.0,0.0,6933,7,16577,5,0.0,0.0,0.0,0.0,0.0,0.0,0.0,0.0,0.0,0.0,0.0,637.0,90.0,0.0,633.0,82.0,0.0,603.0,69.0,0.0,639.0,90.0,,,,26,,Max,Weiß,Weiss,,,0,0,0,0,0,0,0,0,0,0,0,0,0,,,,0.0,0.0,0.0,0.0,0.0,0,0,0
184,u,0.0,0.0,4.0,689,57.0,0,0.0,0,0.0,0.2,400,59.0,0,0,0.0,593.0,76.0,0,0,0.0,490.0,68.0,0.0,0.0,0.0,4943,0,33510,5,0.0,0.0,0.0,0.0,0.0,0.0,0.0,0.0,0.0,0.0,0.0,584.0,76.0,0.0,576.0,64.0,0.0,538.0,49.0,0.0,586.0,76.0,,,,26,,Etienne,Green,Green,has joined FC Fredericia permanently.,,0,0,0,0,0,0,0,0,0,0,0,0,0,,,,0.0,0.0,0.0,0.0,0.0,0,0,0
185,a,,,3.9,736,67.0,0,0.0,-1,1.0,0.2,402,60.0,0,0,0.0,533.0,36.0,0,0,0.0,427.0,27.0,0.0,0.0,0.0,14400,6,19569,8,0.0,0.0,0.0,0.0,0.0,0.0,0.0,0.0,0.0,0.0,0.0,524.0,36.0,0.0,512.0,20.0,0.0,472.0,5.0,0.0,526.0,36.0,,,,26,,Václav,Hladký,Hladký,,,0,0,0,0,0,0,0,0,0,0,0,0,0,,,,0.0,0.0,0.0,0.0,0.0,0,0,0
186,i,0.0,0.0,4.4,525,105.0,0,0.0,-1,1.0,0.0,650,228.0,0,0,0.0,662.0,251.0,0,0,0.0,583.0,236.0,0.0,0.0,0.0,1468,1,9034,2,0.0,0.0,0.0,0.0,0.0,0.0,0.0,0.0,0.0,0.0,0.0,653.0,251.0,0.0,649.0,251.0,0.0,621.0,250.0,0.0,655.0,251.0,,,,26,,Connor,Roberts,Roberts,Achilles injury - Unknown return date,,0,0,0,0,0,0,0,0,0,0,0,0,0,,,,0.0,0.0,0.0,0.0,0.0,0,0,0
187,a,100.0,100.0,4.4,519,100.0,0,0.0,-1,1.0,1.1,182,69.0,50,0,2.1,311.0,115.0,3,155,1.4,215.0,79.0,0.3,11.4,0.0,143643,39,253506,88,1.4,1.4,0.12,0.96,1.08,47.35,0.01,0.04,0.05,1.99,365.0,107.0,48.0,156.9,177.0,44.0,22.0,361.0,123.0,54.6,200.0,65.0,,,,26,,Kyle,Walker,Walker,,,2146,0,2,3,46,0,0,0,8,0,0,24,200,,,,0.0,0.13,1.93,1.01,6.16,36,111,108
188,u,0.0,0.0,3.8,790,239.0,0,0.0,-2,2.0,0.2,357,129.0,0,0,0.0,517.0,185.0,0,0,0.0,408.0,153.0,0.0,0.0,0.0,26052,0,39954,17,0.0,0.0,0.0,0.0,0.0,0.0,0.0,0.0,0.0,0.0,0.0,508.0,185.0,0.0,494.0,183.0,0.0,453.0,174.0,0.0,510.0,185.0,,,,26,,Hannes,Delcroix,Delcroix,has joined Lugano permanently.,,0,0,0,0,0,0,0,0,0,0,0,0,0,,,,0.0,0.0,0.0,0.0,0.0,0,0,0
189,u,0.0,0.0,4.0,681,172.0,0,0.0,0,0.0,0.0,717,246.0,0,0,0.0,586.0,217.0,0,0,0.0,483.0,190.0,0.0,0.0,0.0,0,0,2359,0,0.0,0.0,0.0,0.0,0.0,0.0,0.0,0.0,0.0,0.0,0.0,577.0,217.0,0.0,569.0,217.0,0.0,531.0,211.0,0.0,579.0,217.0,,,,26,,Owen,Dodgson,Dodgson,Has joined Stockport County on loan for the rest of the season.,,0,0,0,0,0,0,0,0,0,0,0,0,0,,,,0.0,0.0,0.0,0.0,0.0,0,0,0
190,a,,,3.9,763,223.0,0,0.0,-1,1.0,0.8,204,79.0,44,0,2.9,201.0,77.0,2,121,0.2,362.0,132.0,0.1,11.3,0.0,246169,11,197571,69,0.2,0.2,0.21,0.24,0.45,22.73,0.02,0.02,0.04,1.74,273.8,184.0,75.0,43.1,341.0,118.0,78.0,257.0,74.0,39.5,264.0,89.0,,,,26,,Hjalmar,Ekdal,Ekdal,,,1179,0,0,2,24,0,0,0,0,0,0,13,146,,,,0.0,0.15,1.83,0.99,10.08,19,113,31
191,a,100.0,100.0,3.9,762,222.0,0,0.0,-1,1.0,8.0,48,15.0,54,0,2.5,259.0,100.0,0,177,1.8,172.0,60.0,0.5,13.8,0.0,736749,188,1889613,432,1.8,1.8,0.42,0.51,0.93,43.89,0.02,0.02,0.04,2.1,461.8,60.0,28.0,85.9,258.0,78.0,70.0,269.0,78.0,62.0,164.0,54.0,,,,26,,Maxime,Estève,Estève,,,1879,0,0,2,45,2,0,0,0,0,0,22,235,,,,0.0,0.1,2.16,1.05,10.01,26,183,64
192,a,,,4.0,692,177.0,0,0.0,0,0.0,0.7,223,83.0,46,0,3.1,164.0,60.0,0,170,0.0,493.0,194.0,0.0,11.5,0.0,182599,22,170372,70,0.0,0.0,0.19,1.51,1.7,30.28,0.01,0.1,0.11,2.04,305.4,157.0,66.0,228.9,115.0,29.0,57.0,289.0,88.0,59.2,179.0,57.0,1.0,,,26,,Quilindschy,Hartman,Hartman,,,1337,0,5,2,28,0,0,0,1,0,0,15,124,,,,0.0,0.13,1.88,1.01,7.0,31,73,49
193,a,100.0,100.0,3.9,757,219.0,0,0.0,-1,1.0,0.1,436,161.0,26,0,2.9,200.0,76.0,1,115,1.6,193.0,69.0,0.4,6.7,0.0,16386,8,12134,21,1.6,1.6,0.18,0.46,0.64,14.52,0.02,0.06,0.08,1.85,183.2,257.0,104.0,64.9,291.0,94.0,27.0,346.0,113.0,27.4,318.0,108.0,,,,26,,Bashir,Humphreys,Humphreys,,,707,0,1,1,15,0,0,0,3,0,0,7,69,,,,0.0,0.13,1.91,0.89,8.78,16,53,23
194,i,0.0,0.0,3.9,753,216.0,0,0.0,-1,1.0,0.1,561,202.0,0,0,0.0,545.0,199.0,0,0,0.0,440.0,171.0,0.0,0.0,0.0,1714,2,15227,0,0.0,0.0,0.0,0.0,0.0,0.0,0.0,0.0,0.0,0.0,0.0,536.0,199.0,0.0,525.0,199.0,0.0,485.0,191.0,0.0,538.0,199.0,,,,26,,Jordan,Beyer,Jordan,Hamstring injury - Unknown return date,,0,0,0,0,0,0,0,0,0,0,0,0,0,,,,0.0,0.0,0.0,0.0,0.0,0,0,0
195,a,100.0,100.0,3.8,807,256.0,0,0.0,-2,2.0,0.3,315,116.0,16,0,1.5,397.0,143.0,0,71,1.4,213.0,78.0,0.4,4.2,0.0,44993,69,32781,36,1.4,1.4,0.31,0.95,1.26,17.76,0.03,0.1,0.13,1.86,144.6,287.0,112.0,171.0,161.0,40.0,55.0,295.0,92.0,37.0,276.0,92.0,,,,26,,Lucas,Pires Silva,Lucas Pires,,,861,0,0,1,19,0,0,0,0,1,0,10,61,,,,0.0,0.1,1.99,1.05,6.38,22,39,51
196,u,0.0,0.0,4.0,679,170.0,0,0.0,0,0.0,0.0,616,220.0,0,0,0.0,585.0,216.0,0,0,0.0,482.0,189.0,0.0,0.0,0.0,202,0,9613,0,0.0,0.0,0.0,0.0,0.0,0.0,0.0,0.0,0.0,0.0,0.0,576.0,216.0,0.0,568.0,216.0,0.0,530.0,210.0,0.0,578.0,216.0,,,,26,,Shurandy,Sambo,Sambo,has joined Sparta Rotterdam on loan for the rest of the season.,,0,0,0,0,0,0,0,0,0,0,0,0,0,,,,0.0,0.0,0.0,0.0,0.0,0,0,0
197,u,0.0,0.0,3.8,801,250.0,0,0.0,-2,2.0,0.2,354,127.0,13,0,1.9,335.0,123.0,0,20,0.0,417.0,162.0,0.0,3.4,0.0,34622,0,29240,66,0.0,0.0,0.55,0.08,0.63,3.79,0.3,0.04,0.34,2.08,44.8,401.0,150.0,18.1,387.0,140.0,30.0,343.0,111.0,9.2,408.0,146.0,,,,26,,Oliver,Sonne,Sonne,has joined Sparta Prague on loan for the rest of the season.,,164,1,0,0,4,0,0,0,0,0,0,1,10,,,,0.0,0.0,2.2,0.55,3.84,2,5,4
198,d,25.0,25.0,3.9,747,213.0,0,0.0,-1,1.0,1.0,190,72.0,27,0,2.5,257.0,98.0,0,81,1.8,171.0,59.0,0.5,6.9,0.0,137072,0,285287,127,0.5,0.5,0.61,0.11,0.72,24.88,0.06,0.01,0.07,2.41,225.2,216.0,85.0,9.8,420.0,150.0,52.0,297.0,93.0,28.9,313.0,106.0,,,,26,,Axel,Tuanzebe,Tuanzebe,Achilles injury - 25% chance of playing,,931,1,0,1,22,1,0,0,1,0,0,11,106,,,,0.0,0.1,2.13,1.06,9.38,12,85,29
199,a,100.0,100.0,3.8,786,235.0,0,0.0,-2,2.0,0.1,417,152.0,7,0,1.2,429.0,152.0,0,19,0.0,405.0,150.0,0.0,1.8,0.0,18497,10,22182,10,0.0,0.0,0.0,0.02,0.02,3.95,0.0,0.01,0.01,2.31,42.4,402.0,151.0,0.8,462.0,169.0,2.0,428.0,159.0,4.6,441.0,159.0,,,,26,,Joe,Worrall,Worrall,,,154,0,0,0,3,0,0,0,0,0,0,1,24,,,,0.0,0.0,1.75,0.58,13.44,2,21,4
200,a,100.0,100.0,5.0,260,158.0,0,0.0,-5,5.0,1.8,141,47.0,76,0,3.2,154.0,68.0,5,302,1.4,221.0,94.0,0.3,15.2,0.0,1206122,55,1078426,203,1.4,1.4,2.99,1.56,4.55,34.59,0.17,0.09,0.26,1.98,356.4,110.0,36.0,313.4,71.0,54.0,329.0,51.0,31.0,99.8,59.0,38.0,2.0,,,26,,Jaidon,Anthony,Anthony,,,1575,5,2,3,34,0,0,0,4,0,0,19,146,,,,0.0,0.17,1.94,1.09,8.34,27,31,88
201,u,0.0,0.0,5.4,162,99.0,0,0.0,-1,1.0,0.0,701,293.0,0,0,0.0,795.0,351.0,0,0,0.0,777.0,341.0,0.0,0.0,0.0,1070,0,3136,0,0.0,0.0,0.0,0.0,0.0,0.0,0.0,0.0,0.0,0.0,0.0,795.0,351.0,0.0,794.0,351.0,0.0,791.0,350.0,0.0,795.0,351.0,,,,26,,Manuel,Benson Hedilazio,Benson,has joined Maccabi Haifa permanently.,,0,0,0,0,0,0,0,0,0,0,0,0,0,,,,0.0,0.0,0.0,0.0,0.0,0,0,0
202,a,100.0,100.0,5.3,189,116.0,0,0.0,-2,2.0,0.0,625,244.0,33,0,1.6,390.0,174.0,0,99,0.4,347.0,158.0,0.1,6.2,0.0,5662,2,8272,4,0.4,0.4,1.18,1.06,2.24,20.39,0.12,0.11,0.23,2.07,106.0,326.0,147.0,178.6,155.0,107.0,123.0,202.0,112.0,40.8,260.0,129.0,3.0,1.0,3.0,26,,Jacob,Bruun Larsen,Bruun Larsen,,,887,0,1,3,23,0,0,0,0,0,0,9,54,,,,0.0,0.3,2.33,0.91,5.48,11,16,27
203,a,,,4.7,394,246.0,0,0.0,-3,3.0,0.0,596,226.0,0,0,0.0,755.0,322.0,0,0,0.0,702.0,290.0,0.0,0.0,0.0,3823,7,6885,2,0.0,0.0,0.0,0.0,0.0,0.0,0.0,0.0,0.0,0.0,0.0,755.0,322.0,0.0,750.0,322.0,0.0,736.0,316.0,0.0,755.0,322.0,,,,26,,Enock,Agyei,Boateng,,,0,0,0,0,0,0,0,0,0,0,0,0,0,,,,0.0,0.0,0.0,0.0,0.0,0,0,0
204,u,0.0,0.0,4.9,323,200.0,0,0.0,-1,1.0,0.0,719,302.0,0,0,0.0,766.0,329.0,0,0,0.0,726.0,306.0,0.0,0.0,0.0,160,0,2074,0,0.0,0.0,0.0,0.0,0.0,0.0,0.0,0.0,0.0,0.0,0.0,766.0,329.0,0.0,762.0,329.0,0.0,753.0,325.0,0.0,766.0,329.0,,,,26,,Darko,Churlinov,Churlinov,has joined Kocaelispor  permanently.,,0,0,0,0,0,0,0,0,0,0,0,0,0,,,,0.0,0.0,0.0,0.0,0.0,0,0,0
205,i,0.0,0.0,4.9,298,185.0,0,0.0,-1,1.0,0.9,201,67.0,70,0,3.9,78.0,38.0,8,321,0.0,717.0,300.0,0.0,14.3,0.0,568122,2,532747,111,0.0,0.0,0.94,1.36,2.3,32.5,0.06,0.08,0.14,1.93,342.0,120.0,40.0,218.1,121.0,84.0,98.0,230.0,125.0,66.0,148.0,82.0,,,,26,,Josh,Cullen,Cullen,Knee injury - Expected back 30 Sep,,1513,2,2,3,29,1,0,0,2,0,0,18,173,,,,0.0,0.18,1.73,1.07,10.29,32,68,73
206,a,,,4.7,383,239.0,0,0.0,-3,3.0,0.1,435,147.0,36,0,2.4,277.0,117.0,2,131,3.0,90.0,41.0,0.6,7.7,0.0,22957,44,19667,30,3.0,3.0,1.23,1.54,2.77,14.26,0.16,0.2,0.36,1.82,141.0,291.0,129.0,216.1,124.0,86.0,166.0,142.0,81.0,52.2,209.0,105.0,,3.0,,26,,Marcus,Edwards,Edwards,,,705,1,2,1,12,0,0,0,0,0,0,7,39,,,,0.0,0.13,1.53,0.89,4.98,6,5,28
207,a,100.0,100.0,4.7,390,243.0,0,0.0,-3,3.0,0.1,478,166.0,26,0,1.5,403.0,177.0,0,112,0.8,273.0,116.0,0.2,5.5,0.0,14361,18,23579,7,0.8,0.8,0.31,1.01,1.32,14.29,0.05,0.17,0.22,2.35,73.6,368.0,163.0,163.2,171.0,118.0,37.0,321.0,169.0,27.4,319.0,155.0,,4.0,,26,,Hannibal,Mejbri,Hannibal,,,548,0,2,1,14,0,0,0,4,0,0,6,46,,,,0.0,0.16,2.3,0.99,7.55,11,5,30
208,u,0.0,0.0,5.0,266,161.0,0,0.0,0,0.0,0.0,730,307.0,0,0,0.0,783.0,342.0,0,0,0.0,752.0,324.0,0.0,0.0,0.0,68,0,3016,0,0.0,0.0,0.0,0.0,0.0,0.0,0.0,0.0,0.0,0.0,0.0,783.0,342.0,0.0,781.0,342.0,0.0,774.0,339.0,0.0,783.0,342.0,,,,26,,Luca,Koleosho,Koleosho,has joined Paris FC on loan for the rest of the season.,,0,0,0,0,0,0,0,0,0,0,0,0,0,,,,0.0,0.0,0.0,0.0,0.0,0,0,0
209,a,,,4.8,354,221.0,0,0.0,-2,2.0,0.0,612,236.0,43,0,2.0,325.0,144.0,1,187,0.4,337.0,149.0,0.1,9.0,0.0,5593,1,5902,5,0.4,0.4,0.45,0.28,0.73,26.13,0.03,0.02,0.05,2.01,230.8,213.0,93.0,102.6,234.0,145.0,72.0,265.0,143.0,40.6,261.0,130.0,,,,26,,Josh,Laurent,Laurent,,,1169,1,0,1,28,0,0,0,5,0,0,11,133,,,,0.0,0.08,2.16,0.85,10.24,31,63,39
210,a,,,4.9,335,208.0,0,0.0,-1,1.0,0.0,627,245.0,35,0,1.8,361.0,162.0,0,115,0.6,297.0,127.0,0.1,7.1,0.0,4713,0,5771,3,0.6,0.6,0.86,0.45,1.31,14.54,0.1,0.05,0.15,1.64,88.4,346.0,153.0,78.2,269.0,160.0,101.0,225.0,122.0,26.8,328.0,158.0,,2.0,,26,,Loum,Tchaouna,Tchaouna,,,797,1,1,2,12,0,0,0,1,0,0,9,48,,,,0.0,0.23,1.36,1.02,5.42,14,11,23
211,u,0.0,0.0,4.4,541,322.0,0,0.0,-1,1.0,1.5,155,51.0,0,0,0.0,666.0,255.0,0,0,0.0,589.0,207.0,0.0,0.0,0.0,62789,0,928310,40,0.0,0.0,0.0,0.0,0.0,0.0,0.0,0.0,0.0,0.0,0.0,657.0,246.0,0.0,653.0,251.0,0.0,625.0,236.0,0.0,659.0,248.0,,,,26,,Aaron,Ramsey,A.Ramsey,has joined Leicester City on loan for the rest of the season.,,0,0,0,0,0,0,0,0,0,0,0,0,0,,,,0.0,0.0,0.0,0.0,0.0,0,0,0
212,u,0.0,0.0,4.5,481,292.0,0,0.0,0,0.0,0.0,759,324.0,0,0,0.0,727.0,300.0,0,0,0.0,663.0,261.0,0.0,0.0,0.0,0,0,2748,0,0.0,0.0,0.0,0.0,0.0,0.0,0.0,0.0,0.0,0.0,0.0,725.0,298.0,0.0,720.0,299.0,0.0,700.0,290.0,0.0,726.0,299.0,,,,26,,Oluwaseun,Adewumi,Adewumi,Has joined Cercle Brugge on loan for the rest of the season.,,0,0,0,0,0,0,0,0,0,0,0,0,0,,,,0.0,0.0,0.0,0.0,0.0,0,0,0
213,u,0.0,0.0,4.5,468,284.0,0,0.0,0,0.0,0.0,613,237.0,1,0,1.0,471.0,211.0,0,2,0.0,651.0,253.0,0.0,0.2,0.0,7482,0,8759,2,0.0,0.0,0.0,0.0,0.0,0.05,0.0,0.0,0.0,0.5,0.0,714.0,291.0,0.5,468.0,225.0,0.0,688.0,282.0,0.0,715.0,292.0,,,,26,,Jaydon,Banel,Banel,has joined Derby County on loan for the rest of the season.,,9,0,0,0,0,0,0,0,0,0,0,0,0,,,,0.0,0.0,0.0,0.0,0.0,0,0,0
214,i,0.0,0.0,4.4,538,321.0,0,0.0,-1,1.0,0.1,564,208.0,4,0,1.0,461.0,202.0,0,10,0.0,587.0,206.0,0.0,0.9,0.0,11731,1,15466,3,0.0,0.0,0.0,0.0,0.0,0.46,0.0,0.0,0.0,2.18,0.6,495.0,226.0,0.4,471.0,227.0,2.0,436.0,212.0,0.3,491.0,225.0,,,,26,,Mike,Trésor Ndayishimiye,Trésor,Ankle injury - Unknown return date,,19,0,0,0,1,0,0,0,0,0,0,0,2,,,,0.0,0.0,4.74,0.0,9.47,0,0,2
215,a,100.0,100.0,5.3,196,47.0,0,0.0,-2,2.0,0.3,337,56.0,45,0,2.6,251.0,28.0,3,162,0.6,306.0,43.0,0.1,8.5,0.0,145165,26,141742,32,0.6,0.6,3.79,0.18,3.97,15.61,0.45,0.02,0.47,1.87,212.2,229.0,20.0,64.5,294.0,31.0,282.0,70.0,25.0,54.9,196.0,22.0,,,1.0,26,,Zian,Flemming,Flemming,,,753,5,0,2,13,0,0,0,3,0,0,9,37,,,,0.0,0.24,1.55,1.08,4.42,6,17,14
216,i,0.0,0.0,4.8,371,63.0,0,0.0,-2,2.0,0.0,669,85.0,0,0,0.0,758.0,83.0,0,0,0.0,710.0,73.0,0.0,0.0,0.0,1889,4,6120,0,0.0,0.0,0.0,0.0,0.0,0.0,0.0,0.0,0.0,0.0,0.0,758.0,83.0,0.0,753.0,82.0,0.0,742.0,82.0,0.0,758.0,83.0,,,,26,,Zeki,Amdouni,Amdouni,Knee injury - Expected back 25 Apr,,0,0,0,0,0,0,0,0,0,0,0,0,0,,,,0.0,0.0,0.0,0.0,0.0,0,0,0
217,a,100.0,100.0,4.9,326,60.0,0,0.0,-1,1.0,0.8,205,33.0,45,0,2.5,266.0,29.0,4,167,1.8,183.0,24.0,0.4,9.2,0.0,445705,90,434847,70,1.8,1.8,2.25,0.26,2.51,20.87,0.2,0.02,0.22,1.87,175.2,262.0,22.0,110.1,220.0,24.0,163.0,146.0,35.0,44.2,242.0,28.0,,,,26,,Lyle,Foster,Foster,,,1002,3,1,3,22,0,0,0,3,0,0,12,58,,,,0.0,0.27,1.98,1.08,5.21,11,18,29
218,a,,,4.2,623,87.0,0,0.0,-3,3.0,1.4,158,26.0,1,0,1.0,454.0,56.0,0,3,-0.2,817.0,91.0,0.0,0.2,0.0,205447,414,316054,146,-0.2,-0.2,0.11,0.0,0.11,0.41,1.1,0.0,1.1,4.1,0.2,499.0,62.0,0.3,474.0,60.0,7.0,406.0,57.0,0.8,476.0,58.0,,,2.0,26,,Ashley,Barnes,Barnes,,,9,0,0,0,1,0,0,0,1,0,0,0,1,,,,0.0,0.0,10.0,0.0,10.0,0,0,1
219,u,0.0,0.0,4.4,528,75.0,0,0.0,-1,1.0,0.1,465,67.0,0,0,0.0,663.0,68.0,0,0,0.0,585.0,57.0,0.0,0.0,0.0,4151,0,40402,6,0.0,0.0,0.0,0.0,0.0,0.0,0.0,0.0,0.0,0.0,0.0,654.0,68.0,0.0,650.0,67.0,0.0,622.0,67.0,0.0,656.0,68.0,,,,26,,Michael,Obafemi,Obafemi,has joined Blackpool on loan for the rest of the season.,,0,0,0,0,0,0,0,0,0,0,0,0,0,,,,0.0,0.0,0.0,0.0,0.0,0,0,0
470,a,100.0,100.0,4.0,659,41.0,0,0.0,0,0.0,32.8,9,2.0,75,0,3.0,179.0,16.0,7,342,2.4,125.0,13.0,0.6,18.8,0.0,1636211,881,1323236,897,2.4,2.4,0.0,0.03,0.03,49.92,0.0,0.0,0.0,2.0,750.8,4.0,1.0,0.0,550.0,48.0,0.0,511.0,33.0,75.3,117.0,1.0,,,,26,,Martin,Dúbravka,Dúbravka,,,2250,0,0,3,49,0,0,0,1,0,99,25,96,,,,3.96,0.12,1.96,1.0,0.0,1,48,203
614,a,100.0,100.0,5.6,124,76.0,0,0.0,-4,4.0,0.2,390,129.0,11,0,2.2,304.0,133.0,0,82,0.0,792.0,351.0,0.0,2.0,0.0,16841,9,46490,14,0.0,0.0,0.13,0.91,1.04,7.27,0.03,0.2,0.23,1.58,56.6,393.0,174.0,176.3,159.0,110.0,6.0,415.0,202.0,23.9,338.0,162.0,,,,26,,James,Ward-Prowse,Ward-Prowse,,,414,0,0,1,11,0,0,0,0,0,0,5,22,,,,0.0,0.22,2.39,1.09,4.78,4,9,9
676,a,100.0,100.0,5.0,273,167.0,0,0.0,0,0.0,0.1,456,156.0,70,0,2.9,206.0,85.0,5,264,1.8,185.0,78.0,0.4,14.0,0.0,39364,13,34849,17,1.8,1.8,2.12,0.25,2.37,37.08,0.12,0.01,0.13,2.05,315.0,145.0,50.0,129.8,199.0,131.0,175.0,131.0,75.0,61.7,165.0,89.0,,,,26,,Lesley,Ugochukwu,Ugochukwu,,,1624,3,1,3,35,0,0,0,1,1,0,19,160,,,,0.0,0.17,1.94,1.05,8.87,39,46,75
680,a,100.0,100.0,5.2,214,49.0,0,0.0,-3,3.0,0.2,373,60.0,38,0,2.0,329.0,36.0,2,105,1.2,241.0,31.0,0.2,7.3,0.0,47034,17,52954,42,1.2,1.2,2.14,0.13,2.27,20.84,0.24,0.01,0.25,2.33,96.2,339.0,34.0,62.2,299.0,32.0,203.0,106.0,28.0,35.8,281.0,34.0,,,,26,,Armando,Broja,Broja,,,805,1,1,1,25,0,0,0,0,0,0,8,41,,,,0.0,0.11,2.8,0.89,4.58,6,11,24
722,a,,,5.0,252,153.0,0,0.0,0,0.0,0.0,601,228.0,63,0,3.0,190.0,80.0,0,266,2.6,117.0,49.0,0.5,12.6,0.0,14235,5,11964,8,2.6,2.6,0.55,0.38,0.93,35.8,0.03,0.02,0.05,2.04,311.6,147.0,51.0,169.3,164.0,112.0,44.0,311.0,163.0,52.8,205.0,103.0,,,,26,,Florentino Ibrain,Morris Luís,Florentino,,,1577,0,2,2,35,0,0,0,4,0,0,19,232,,,,0.0,0.11,2.0,1.08,13.24,74,76,82
776,a,,,4.5,510,314.0,0,0.0,0,0.0,0.0,797,353.0,0,0,0.0,747.0,315.0,0,0,0.0,688.0,280.0,0.0,0.0,0.0,299,1,165,1,0.0,0.0,0.0,0.0,0.0,0.0,0.0,0.0,0.0,0.0,0.0,747.0,315.0,0.0,741.0,315.0,0.0,723.0,308.0,0.0,747.0,315.0,,,,26,,Oliver,Pimlott,Pimlott,,,0,0,0,0,0,0,0,0,0,0,0,0,0,,,,0.0,0.0,0.0,0.0,0.0,0,0,0
784,a,,,4.5,517,320.0,0,0.0,0,0.0,0.0,799,355.0,0,0,0.0,752.0,320.0,0,0,0.0,695.0,286.0,0.0,0.0,0.0,314,2,202,0,0.0,0.0,0.0,0.0,0.0,0.0,0.0,0.0,0.0,0.0,0.0,752.0,320.0,0.0,746.0,320.0,0.0,729.0,314.0,0.0,752.0,320.0,,,,26,,George,Brierley,Brierley,,,0,0,0,0,0,0,0,0,0,0,0,0,0,,,,0.0,0.0,0.0,0.0,0.0,0,0,0
66,u,0.0,0.0,4.5,407,21.0,0,0.0,0,0.0,0.1,568,77.0,0,0,0.0,685.0,92.0,0,0,0.0,612.0,88.0,0.0,0.0,0.0,0,0,16428,1,0.0,0.0,0.0,0.0,0.0,0.0,0.0,0.0,0.0,0.0,0.0,680.0,92.0,0.0,674.0,84.0,0.0,649.0,72.0,0.0,682.0,92.0,,,,26,,Norberto,Murara Neto,Neto,Has joined Botafogo permanently.,,0,0,0,0,0,0,0,0,0,0,0,0,0,,,,0.0,0.0,0.0,0.0,0.0,0,0,0
67,a,,,4.5,435,24.0,0,0.0,0,0.0,4.3,81,14.0,76,3,2.9,202.0,19.0,3,309,3.8,39.0,2.0,0.8,16.9,0.0,839860,594,712318,248,3.8,3.8,0.0,0.0,0.0,38.07,0.0,0.0,0.0,1.46,544.4,33.0,10.0,0.0,690.0,87.0,0.0,667.0,75.0,54.7,199.0,10.0,,,,26,,Đorđe,Petrović,Petrović,,,2340,0,0,6,45,1,0,0,2,0,80,26,98,,,,3.08,0.23,1.73,1.0,0.0,0,48,203
68,u,0.0,0.0,4.0,678,51.0,0,0.0,0,0.0,0.8,207,26.0,0,0,0.0,584.0,70.0,0,0,0.0,481.0,62.0,0.0,0.0,0.0,47217,0,82937,60,0.0,0.0,0.0,0.0,0.0,0.0,0.0,0.0,0.0,0.0,0.0,575.0,70.0,0.0,567.0,58.0,0.0,529.0,43.0,0.0,577.0,70.0,,,,26,,Will,Dennis,Dennis,has joined Leyton Orient on loan for the rest of the season.,,0,0,0,0,0,0,0,0,0,0,0,0,0,,,,0.0,0.0,0.0,0.0,0.0,0,0,0
69,a,,,3.9,777,92.0,0,0.0,-1,1.0,0.2,343,48.0,0,0,0.0,564.0,60.0,0,0,0.0,459.0,51.0,0.0,0.0,0.0,19329,21,17302,9,0.0,0.0,0.0,0.0,0.0,0.0,0.0,0.0,0.0,0.0,0.0,555.0,60.0,0.0,544.0,45.0,0.0,504.0,30.0,0.0,557.0,60.0,,,,26,,Callan,McKenna,McKenna,,,0,0,0,0,0,0,0,0,0,0,0,0,0,,,,0.0,0.0,0.0,0.0,0.0,0,0,0
70,u,0.0,0.0,4.0,693,58.0,0,0.0,0,0.0,0.1,569,78.0,0,0,0.0,596.0,77.0,0,0,0.0,494.0,69.0,0.0,0.0,0.0,1107,0,10307,1,0.0,0.0,0.0,0.0,0.0,0.0,0.0,0.0,0.0,0.0,0.0,587.0,77.0,0.0,579.0,65.0,0.0,541.0,50.0,0.0,589.0,77.0,,,,26,,Alex,Paulsen,Paulsen,Has joined Lechia Gdansk on loan for the rest of the season.,,0,0,0,0,0,0,0,0,0,0,0,0,0,,,,0.0,0.0,0.0,0.0,0.0,0,0,0
71,u,0.0,0.0,5.0,264,41.0,0,0.0,0,0.0,0.0,668,233.0,0,0,0.0,782.0,262.0,0,0,0.0,751.0,257.0,0.0,0.0,0.0,0,0,8187,0,0.0,0.0,0.0,0.0,0.0,0.0,0.0,0.0,0.0,0.0,0.0,782.0,262.0,0.0,780.0,262.0,0.0,773.0,262.0,0.0,782.0,262.0,,,,26,,Illia,Zabarnyi,Zabarnyi,Has joined Paris Saint-Germain permanently.,,0,0,0,0,0,0,0,0,0,0,0,0,0,,,,0.0,0.0,0.0,0.0,0.0,0,0,0
72,a,100.0,100.0,4.8,362,61.0,0,0.0,3,-3.0,15.5,21,8.0,106,2,4.2,51.0,18.0,6,344,3.6,53.0,21.0,0.8,22.1,0.0,4565116,2610,2928290,1862,3.6,3.6,1.18,3.96,5.14,36.12,0.05,0.16,0.21,1.47,775.8,3.0,1.0,290.8,84.0,21.0,146.0,167.0,36.0,121.4,34.0,1.0,,,,26,,Marcos,Senesi Barón,Senesi,,,2208,0,4,6,44,0,0,0,7,0,0,25,348,,,,0.0,0.24,1.79,1.02,12.43,44,261,105
73,a,100.0,100.0,4.4,518,99.0,0,0.0,-1,1.0,0.2,384,142.0,29,1,1.9,337.0,125.0,0,82,1.8,177.0,64.0,0.4,6.6,0.0,24900,10,40206,22,1.8,1.8,0.0,0.11,0.11,12.36,0.0,0.01,0.01,1.53,82.6,352.0,133.0,32.3,363.0,128.0,18.0,373.0,129.0,13.3,382.0,136.0,,,,26,,Adam,Smith,Smith,,,726,0,1,3,15,0,0,0,2,0,0,10,44,,,,0.0,0.37,1.86,1.24,5.08,7,34,18
74,a,,,4.5,451,92.0,0,0.0,0,0.0,1.7,144,56.0,89,7,3.4,126.0,45.0,7,324,4.4,21.0,5.0,1.0,19.8,0.0,513101,571,398711,145,4.4,4.4,0.35,1.71,2.06,35.77,0.01,0.07,0.08,1.4,505.8,46.0,20.0,327.4,62.0,12.0,89.0,242.0,66.0,92.2,70.0,14.0,,,,26,,Adrien,Truffert,Truffert,,,2298,0,2,6,42,0,0,0,3,0,0,26,263,,,,0.0,0.23,1.64,1.02,8.34,73,140,126
75,d,25.0,25.0,3.8,802,251.0,0,0.0,-2,2.0,0.2,382,140.0,0,0,0.0,525.0,193.0,0,0,0.0,418.0,163.0,0.0,0.0,0.0,14092,14,31847,13,0.0,0.0,0.0,0.0,0.0,0.0,0.0,0.0,0.0,0.0,0.0,516.0,193.0,0.0,502.0,191.0,0.0,461.0,182.0,0.0,518.0,193.0,,,,26,,Matai,Akinmboni,Akinmboni,Muscle injury - 25% chance of playing,,0,0,0,0,0,0,0,0,0,0,0,0,0,,,,0.0,0.0,0.0,0.0,0.0,0,0,0
76,a,,,3.8,800,249.0,0,0.0,-2,2.0,0.2,386,144.0,0,0,0.0,524.0,192.0,0,0,0.0,416.0,161.0,0.0,0.0,0.0,13785,40,18103,19,0.0,0.0,0.0,0.0,0.0,0.0,0.0,0.0,0.0,0.0,0.0,515.0,192.0,0.0,501.0,190.0,0.0,460.0,181.0,0.0,517.0,192.0,,,,26,,Owen,Bevan,Bevan,,,0,0,0,0,0,0,0,0,0,0,0,0,0,,,,0.0,0.0,0.0,0.0,0.0,0,0,0
77,a,,,3.9,759,220.0,0,0.0,-1,1.0,2.4,120,47.0,57,7,3.4,124.0,43.0,0,184,5.8,10.0,1.0,1.5,14.6,0.0,343968,10042,135732,68,5.8,5.8,0.23,0.76,0.98,14.77,0.02,0.07,0.09,1.3,254.8,195.0,79.0,58.7,310.0,104.0,57.0,288.0,87.0,37.2,275.0,91.0,,,,26,,James,Hill,Hill,,,1022,0,3,3,15,0,0,0,2,0,0,10,141,,,,0.0,0.26,1.32,0.88,11.62,21,111,30
78,u,0.0,0.0,3.8,792,241.0,0,0.0,-2,2.0,0.5,251,94.0,0,0,0.0,518.0,186.0,0,0,0.0,409.0,154.0,0.0,0.0,0.0,47440,0,129614,63,0.0,0.0,0.0,0.0,0.0,0.0,0.0,0.0,0.0,0.0,0.0,509.0,186.0,0.0,495.0,184.0,0.0,454.0,175.0,0.0,511.0,186.0,,,,26,,Julián,Araujo Zúñiga,J.Araujo,has joined Celtic on loan for the rest of the season.,,0,0,0,0,0,0,0,0,0,0,0,0,0,,,,0.0,0.0,0.0,0.0,0.0,0,0,0
79,u,0.0,0.0,4.0,671,167.0,0,0.0,0,0.0,0.1,543,195.0,0,0,0.0,577.0,213.0,0,0,0.0,474.0,186.0,0.0,0.0,0.0,1400,0,16615,3,0.0,0.0,0.0,0.0,0.0,0.0,0.0,0.0,0.0,0.0,0.0,568.0,213.0,0.0,560.0,213.0,0.0,522.0,207.0,0.0,570.0,213.0,,,,26,,Chris,Mepham,Mepham,has joined West Bromwich Albion permanently.,,0,0,0,0,0,0,0,0,0,0,0,0,0,,,,0.0,0.0,0.0,0.0,0.0,0,0,0
80,i,0.0,0.0,4.0,713,191.0,0,0.0,0,0.0,0.2,371,133.0,3,0,1.0,449.0,165.0,0,2,0.0,512.0,206.0,0.0,0.8,0.0,17283,1,31973,38,0.0,0.0,0.0,0.0,0.0,1.62,0.0,0.0,0.0,4.29,1.8,482.0,173.0,2.5,446.0,162.0,2.0,430.0,161.0,0.6,481.0,170.0,,,,26,,Julio,Soler Barreto,Soler,Hamstring injury - Expected back 01 Jun,,34,0,0,0,2,0,0,0,0,0,0,0,1,,,,0.0,0.0,5.29,0.0,2.65,1,0,4
81,i,0.0,0.0,7.0,36,22.0,0,0.0,0,0.0,0.6,230,79.0,40,0,2.2,307.0,135.0,3,147,0.0,812.0,365.0,0.0,5.7,0.0,190066,0,248522,58,0.0,0.0,2.24,1.54,3.78,16.78,0.22,0.15,0.37,1.65,146.6,283.0,125.0,304.1,75.0,57.0,128.0,195.0,108.0,57.8,185.0,99.0,4.0,2.0,1.0,26,,Justin,Kluivert,Kluivert,Knee injury - Expected back 09 May,,914,2,0,4,18,0,0,0,4,0,0,10,62,,,,0.0,0.39,1.77,0.98,6.11,10,8,44
84,i,0.0,0.0,5.3,191,118.0,0,0.0,-2,2.0,1.1,183,61.0,94,0,4.3,46.0,23.0,8,341,1.6,203.0,86.0,0.3,17.7,0.0,839300,7,788020,428,0.0,0.0,5.12,2.43,7.55,27.43,0.26,0.12,0.38,1.4,421.0,77.0,25.0,439.9,30.0,29.0,330.0,50.0,30.0,119.3,36.0,27.0,2.0,1.0,4.0,26,,Marcus,Tavernier,Tavernier,Hamstring injury - Expected back 28 Feb,,1762,5,3,7,36,0,0,0,3,0,0,20,164,,,,0.0,0.36,1.84,1.02,8.38,27,44,93
85,d,50.0,50.0,4.9,302,188.0,0,0.0,-1,1.0,0.3,336,114.0,50,0,3.3,142.0,65.0,3,245,0.0,719.0,302.0,0.0,10.2,0.0,76871,3,92145,15,0.0,0.0,0.56,0.32,0.88,17.78,0.04,0.02,0.06,1.34,266.2,189.0,78.0,74.0,280.0,162.0,105.0,220.0,120.0,44.7,238.0,119.0,,,,26,,Tyler,Adams,Adams,Lack of match fitness - 50% chance of playing,,1196,2,1,4,23,0,0,0,5,0,0,15,146,,,,0.0,0.3,1.73,1.13,10.99,35,50,61
86,a,100.0,100.0,5.0,245,149.0,0,0.0,0,0.0,0.2,393,131.0,44,0,2.1,314.0,138.0,4,172,0.2,384.0,171.0,0.0,8.8,0.0,71024,46,76958,24,0.2,0.2,4.41,2.8,7.21,14.15,0.42,0.27,0.69,1.35,191.6,250.0,106.0,298.0,80.0,59.0,381.0,36.0,21.0,85.6,90.0,55.0,5.0,3.0,,26,,David,Brooks,Brooks,,,945,1,2,4,17,0,0,0,7,0,0,11,74,,,,0.0,0.38,1.62,1.05,7.05,15,15,44
87,a,100.0,100.0,4.9,293,182.0,0,0.0,-1,1.0,0.1,563,207.0,24,2,1.5,406.0,180.0,0,107,1.2,236.0,100.0,0.2,4.9,0.0,8836,17,15124,6,1.2,1.2,1.39,0.39,1.78,9.79,0.28,0.08,0.36,1.94,111.0,324.0,146.0,106.9,226.0,142.0,125.0,197.0,109.0,34.5,290.0,142.0,,,,26,,Ryan,Christie,Christie,,,454,1,1,0,10,0,0,0,1,0,0,2,51,,,,0.0,0.0,1.98,0.4,10.11,11,14,26
88,a,100.0,100.0,4.9,292,181.0,0,0.0,-1,1.0,0.1,560,205.0,38,1,2.4,279.0,119.0,0,184,3.2,79.0,33.0,0.7,7.8,0.0,10977,37,7142,19,3.2,3.2,0.07,0.52,0.59,13.49,0.01,0.05,0.06,1.4,206.0,236.0,101.0,183.2,149.0,103.0,12.0,387.0,194.0,40.4,263.0,131.0,,,,26,,Lewis,Cook,Cook,,,870,0,1,1,18,0,0,0,1,1,0,8,143,,,,0.0,0.1,1.86,0.83,14.79,25,56,62
89,u,0.0,0.0,4.9,295,184.0,0,0.0,-1,1.0,0.0,671,273.0,0,0,0.0,761.0,325.0,0,0,0.0,715.0,299.0,0.0,0.0,0.0,598,0,6619,1,0.0,0.0,0.0,0.0,0.0,0.0,0.0,0.0,0.0,0.0,0.0,761.0,325.0,0.0,757.0,325.0,0.0,747.0,321.0,0.0,761.0,325.0,,,,26,,Philip,Billing,Philip,has joined Midtjylland permanently.,,0,0,0,0,0,0,0,0,0,0,0,0,0,,,,0.0,0.0,0.0,0.0,0.0,0,0,0
90,a,100.0,100.0,5.0,272,166.0,0,0.0,0,0.0,0.8,208,70.0,90,4,3.5,120.0,54.0,6,391,5.6,11.0,8.0,1.1,18.0,0.0,152598,968,76181,232,5.6,5.6,2.44,1.25,3.69,30.44,0.12,0.06,0.18,1.47,351.6,116.0,38.0,243.1,106.0,76.0,200.0,108.0,64.0,79.0,110.0,59.0,1.0,,,26,,Alex,Scott,Scott,,,1858,2,2,6,33,0,0,0,2,0,0,23,245,,,,0.0,0.29,1.6,1.11,11.87,36,91,118
91,u,0.0,0.0,5.0,254,154.0,0,0.0,0,0.0,0.0,734,309.0,0,0,0.0,778.0,338.0,0,0,0.0,746.0,319.0,0.0,0.0,0.0,396,0,3884,0,0.0,0.0,0.0,0.0,0.0,0.0,0.0,0.0,0.0,0.0,0.0,778.0,338.0,0.0,775.0,338.0,0.0,769.0,335.0,0.0,778.0,338.0,,,,26,,Luis,Sinisterra Lucumí,Sinisterra,has joined Cruzeiro on loan for the rest of the season.,,0,0,0,0,0,0,0,0,0,0,0,0,0,,,,0.0,0.0,0.0,0.0,0.0,0,0,0
92,u,0.0,0.0,4.5,431,258.0,0,0.0,0,0.0,0.1,551,201.0,0,0,0.0,696.0,274.0,0,0,0.0,627.0,231.0,0.0,0.0,0.0,4403,0,19443,6,0.0,0.0,0.0,0.0,0.0,0.0,0.0,0.0,0.0,0.0,0.0,691.0,269.0,0.0,687.0,272.0,0.0,664.0,261.0,0.0,693.0,271.0,,,,26,,Romain,Faivre,Faivre,has joined Auxerre permanently.,,0,0,0,0,0,0,0,0,0,0,0,0,0,,,,0.0,0.0,0.0,0.0,0.0,0,0,0
93,u,0.0,0.0,4.5,426,255.0,0,0.0,0,0.0,0.3,327,110.0,4,0,4.0,63.0,28.0,0,12,0.0,623.0,228.0,0.0,0.9,0.0,114900,0,165004,6,0.0,0.0,0.0,0.0,0.0,0.4,0.0,0.0,0.0,2.25,21.2,433.0,190.0,10.0,414.0,205.0,0.0,660.0,258.0,3.1,450.0,203.0,,,,26,,Hamed,Traorè,H.Traorè,has joined Marseille on loan for the rest of the season.,,16,0,1,0,2,0,0,0,0,0,0,0,4,,,,0.0,0.0,11.25,0.0,22.5,1,1,2
94,u,0.0,0.0,4.5,467,283.0,0,0.0,0,0.0,0.0,638,254.0,0,0,0.0,717.0,294.0,0,0,0.0,650.0,252.0,0.0,0.0,0.0,3895,0,8168,0,0.0,0.0,0.0,0.0,0.0,0.0,0.0,0.0,0.0,0.0,0.0,713.0,290.0,0.0,709.0,292.0,0.0,687.0,281.0,0.0,714.0,291.0,,,,26,,Dominic,Sadi,Sadi,has joined Novi Pazar on loan for the rest of the season.,,0,0,0,0,0,0,0,0,0,0,0,0,0,,,,0.0,0.0,0.0,0.0,0.0,0,0,0
95,u,0.0,0.0,4.4,552,331.0,0,0.0,-1,1.0,0.1,577,214.0,0,0,0.0,672.0,261.0,0,0,0.0,596.0,214.0,0.0,0.0,0.0,15405,0,21429,2,0.0,0.0,0.0,0.0,0.0,0.0,0.0,0.0,0.0,0.0,0.0,664.0,253.0,0.0,660.0,258.0,0.0,633.0,244.0,0.0,666.0,255.0,,,,26,,Zain,Silcott-Duberry,Silcott-Duberry,has joined Olympiakos permanently.,,0,0,0,0,0,0,0,0,0,0,0,0,0,,,,0.0,0.0,0.0,0.0,0.0,0,0,0
96,u,0.0,0.0,4.5,497,305.0,0,0.0,0,0.0,0.0,637,253.0,1,0,1.0,477.0,217.0,0,3,0.0,677.0,272.0,0.0,0.2,0.0,2964,0,9954,1,0.0,0.0,0.0,0.0,0.0,0.31,0.0,0.0,0.0,4.65,0.0,738.0,308.0,0.0,732.0,308.0,0.0,714.0,301.0,0.0,738.0,308.0,,,,26,,Ben,Winterburn,Winterburn,has joined Barnet on loan for the rest of the season.,,6,0,0,0,2,0,0,0,0,0,0,0,0,,,,0.0,0.0,30.0,0.0,0.0,0,0,0
97,a,100.0,100.0,7.0,38,14.0,0,0.0,0,0.0,2.9,109,19.0,77,1,3.2,160.0,16.0,5,274,3.0,101.0,12.0,0.4,11.0,0.0,1059488,596,967280,2264,3.0,3.0,7.35,0.92,8.27,24.77,0.36,0.05,0.41,1.23,243.8,201.0,16.0,278.4,87.0,3.0,584.0,12.0,8.0,110.3,41.0,10.0,,,,26,,Francisco Evanilson,de Lima Barbosa,Evanilson,,,1816,5,3,6,33,0,0,0,1,0,0,21,78,,,,0.0,0.3,1.64,1.04,3.87,7,23,48
98,a,100.0,100.0,5.4,161,42.0,0,0.0,-1,1.0,0.0,600,81.0,17,1,1.3,428.0,53.0,1,47,0.8,280.0,38.0,0.1,3.1,0.0,12309,21,9897,19,0.8,0.8,1.05,0.05,1.1,3.12,0.63,0.03,0.66,1.87,39.2,407.0,46.0,4.7,436.0,56.0,55.0,296.0,49.0,9.6,404.0,49.0,,,,26,,Enes,Ünal,Enes Ünal,,,150,1,0,0,2,0,0,0,1,0,0,0,8,,,,0.0,0.0,1.2,0.0,4.8,0,4,4
99,u,0.0,0.0,4.4,566,82.0,0,0.0,-1,1.0,0.1,429,63.0,0,0,0.0,682.0,75.0,0,0,0.0,608.0,64.0,0.0,0.0,0.0,22144,0,44115,0,0.0,0.0,0.0,0.0,0.0,0.0,0.0,0.0,0.0,0.0,0.0,676.0,75.0,0.0,671.0,74.0,0.0,645.0,74.0,0.0,678.0,75.0,,,,26,,Daniel,Adu-Adjei,Adu-Adjei,has joined HNK Rijeka permanently.,,0,0,0,0,0,0,0,0,0,0,0,0,0,,,,0.0,0.0,0.0,0.0,0.0,0,0,0
100,a,,,4.7,393,65.0,0,0.0,2,-2.0,7.1,55,11.0,67,1,3.2,152.0,15.0,7,308,2.6,114.0,14.0,0.6,14.3,0.0,1680401,3367,943970,1342,2.6,2.6,4.37,0.59,4.96,13.29,0.45,0.06,0.51,1.38,319.8,140.0,12.0,130.2,197.0,17.0,313.0,58.0,22.0,76.4,114.0,16.0,,,,26,,Junior,Kroupi,Kroupi.Jr,,,868,8,0,4,17,0,0,0,3,0,0,11,64,,,,0.0,0.41,1.76,1.14,6.64,6,25,33
391,i,0.0,0.0,4.8,372,232.0,0,0.0,-2,2.0,0.0,635,251.0,7,0,1.8,360.0,161.0,0,22,0.0,711.0,296.0,0.0,1.5,0.0,4595,0,8019,2,0.0,0.0,0.09,0.09,0.18,2.66,0.15,0.15,0.3,4.52,21.2,434.0,191.0,14.0,397.0,198.0,11.0,389.0,196.0,4.7,440.0,198.0,,,,26,,Ben,Gannon-Doak,Gannon-Doak,Hamstring injury - Unknown return date,,53,0,1,0,1,0,0,0,0,0,0,0,3,,,,0.0,0.0,1.7,0.0,5.09,2,1,0
685,a,100.0,100.0,4.2,635,148.0,0,0.0,-3,3.0,0.3,318,117.0,46,0,2.6,245.0,96.0,2,164,0.4,329.0,121.0,0.1,11.0,0.0,97390,18,93231,35,0.4,0.4,0.02,0.19,0.21,22.47,0.0,0.01,0.01,1.59,267.0,188.0,77.0,54.3,316.0,108.0,22.0,358.0,120.0,34.4,291.0,97.0,,,,26,,Bafodé,Diakité,Diakité,,,1275,0,0,4,27,0,0,0,1,0,0,15,147,,,,0.0,0.28,1.91,1.06,8.26,20,97,48
687,a,,,4.3,618,362.0,0,0.0,-2,2.0,0.2,406,136.0,0,0,0.0,656.0,251.0,0,0,0.0,575.0,202.0,0.0,0.0,0.0,19469,98,16763,35,0.0,0.0,0.0,0.0,0.0,0.0,0.0,0.0,0.0,0.0,0.0,647.0,242.0,0.0,643.0,247.0,0.0,614.0,232.0,0.0,649.0,244.0,,,,26,,Remy,Rees-Dottin,Rees-Dottin,,,0,0,0,0,0,0,0,0,0,0,0,0,0,,,,0.0,0.0,0.0,0.0,0.0,0,0,0
697,a,,,5.4,178,109.0,0,0.0,-1,1.0,0.2,360,120.0,52,7,2.4,284.0,123.0,1,201,6.0,8.0,7.0,1.1,9.6,0.0,43900,625,20956,65,6.0,6.0,2.48,1.45,3.93,12.84,0.27,0.16,0.43,1.39,201.6,239.0,103.0,181.5,151.0,105.0,187.0,121.0,69.0,56.4,190.0,100.0,,6.0,,26,,Amine,Adli,Adli,,,833,3,2,2,14,0,0,0,2,0,0,8,97,,,,0.0,0.22,1.51,0.86,10.48,30,23,44
713,a,,,4.5,469,94.0,0,0.0,0,0.0,0.2,356,128.0,47,1,2.1,312.0,116.0,0,176,3.2,77.0,30.0,0.7,10.4,0.0,43744,96,19090,56,3.2,3.2,0.93,0.86,1.79,28.78,0.05,0.05,0.1,1.63,262.0,190.0,78.0,138.9,190.0,48.0,153.0,154.0,31.0,55.4,195.0,64.0,,,,26,,Álex,Jiménez Sánchez,A.Jimenez,,,1587,1,2,3,32,0,0,0,8,0,0,18,113,,,,0.0,0.17,1.81,1.02,5.56,46,52,85
721,a,100.0,100.0,4.4,568,120.0,0,0.0,-1,1.0,0.0,658,230.0,19,0,2.7,236.0,93.0,0,63,0.2,373.0,139.0,0.0,4.3,0.0,6100,2,5710,3,0.2,0.2,0.15,0.19,0.34,4.42,0.04,0.05,0.09,1.08,98.4,334.0,128.0,13.9,398.0,145.0,10.0,390.0,139.0,12.2,392.0,140.0,,,,26,,Veljko,Milosavljevic,Milosavljević,,,367,0,0,1,6,0,0,0,0,0,0,4,42,,,,0.0,0.25,1.47,0.98,9.56,5,34,13
756,a,,,4.5,515,318.0,0,0.0,0,0.0,0.0,743,315.0,0,0,0.0,750.0,318.0,0,0,0.0,693.0,284.0,0.0,0.0,0.0,1497,4,906,0,0.0,0.0,0.0,0.0,0.0,0.0,0.0,0.0,0.0,0.0,0.0,750.0,318.0,0.0,744.0,318.0,0.0,727.0,312.0,0.0,750.0,318.0,,,,26,,Malcom,DaCosta,DaCosta,,,0,0,0,0,0,0,0,0,0,0,0,0,0,,,,0.0,0.0,0.0,0.0,0.0,0,0,0
782,a,,,4.0,658,40.0,0,0.0,0,0.0,0.0,686,80.0,0,0,0.0,569.0,62.0,0,0,0.0,465.0,53.0,0.0,0.0,0.0,1979,12,515,10,0.0,0.0,0.0,0.0,0.0,0.0,0.0,0.0,0.0,0.0,0.0,560.0,62.0,0.0,549.0,47.0,0.0,510.0,32.0,0.0,562.0,62.0,,,,26,,Fraser,Forster,Forster,,,0,0,0,0,0,0,0,0,0,0,0,0,0,,,,0.0,0.0,0.0,0.0,0.0,0,0,0
799,a,,,4.5,512,315.0,0,0.0,0,0.0,0.0,789,347.0,0,0,0.0,748.0,316.0,0,0,0.0,690.0,281.0,0.0,0.0,0.0,365,4,83,2,0.0,0.0,0.0,0.0,0.0,0.0,0.0,0.0,0.0,0.0,0.0,748.0,316.0,0.0,742.0,316.0,0.0,724.0,309.0,0.0,748.0,316.0,,,,26,,Charlie,Stevens,Stevens,,,0,0,0,0,0,0,0,0,0,0,0,0,0,,,,0.0,0.0,0.0,0.0,0.0,0,0,0
801,a,,,5.0,282,175.0,0,0.0,0,0.0,0.0,762,327.0,3,1,1.0,491.0,227.0,0,10,0.8,279.0,119.0,0.2,0.6,0.0,751,11,249,5,0.8,0.8,0.06,0.08,0.14,2.31,0.08,0.11,0.19,3.15,1.2,489.0,224.0,0.4,472.0,228.0,4.0,424.0,209.0,0.5,483.0,221.0,,,,26,,Alex,Tóth,Tóth.A,,,66,0,0,0,1,0,0,0,0,0,0,1,8,,,,0.0,0.0,1.36,1.36,10.91,1,2,5
806,a,,,4.0,676,50.0,0,0.0,0,0.0,0.0,778,88.0,0,0,0.0,582.0,69.0,0,0,0.0,479.0,61.0,0.0,0.0,0.0,392,2,99,1,0.0,0.0,0.0,0.0,0.0,0.0,0.0,0.0,0.0,0.0,0.0,573.0,69.0,0.0,565.0,57.0,0.0,527.0,42.0,0.0,575.0,69.0,,,,26,,Christos,Mandas,Mandas,,,0,0,0,0,0,0,0,0,0,0,0,0,0,,,,0.0,0.0,0.0,0.0,0.0,0,0,0
807,a,,,5.5,152,94.0,0,0.0,0,0.0,0.4,273,94.0,19,6,6.3,3.0,1.0,2,66,6.3,7.0,6.0,1.1,3.5,0.0,53088,8766,2661,35,6.3,6.3,0.5,0.7,1.2,4.15,0.23,0.32,0.55,1.89,56.8,392.0,173.0,35.3,356.0,186.0,31.0,342.0,180.0,12.3,391.0,181.0,,,,26,,Rayan Vitor,Simplício Rocha,Rayan,,,198,2,1,0,2,0,0,0,1,0,0,2,9,,,,0.0,0.0,0.91,0.91,4.09,0,1,8
27,n,0.0,0.0,4.8,358,224.0,0,0.0,-2,2.0,0.1,488,170.0,6,0,1.0,482.0,221.0,0,19,0.0,704.0,292.0,0.0,1.2,0.0,10183,1,17842,10,0.0,0.0,0.61,0.07,0.68,1.21,1.1,0.13,1.23,2.18,16.4,443.0,195.0,4.0,440.0,212.0,16.0,380.0,191.0,3.4,447.0,202.0,,,,26,,Reiss,Nelson,Nelson,Ineligible to face his parent club on 12/2. - Expected back 21 Feb,,50,0,0,0,1,0,0,0,0,0,0,0,17,,,,0.0,0.0,1.8,0.0,30.6,2,3,12
83,a,100.0,100.0,5.8,112,70.0,0,0.0,-2,2.0,0.5,261,88.0,86,0,4.5,37.0,18.0,10,244,4.4,22.0,14.0,0.8,14.8,0.0,479188,1188,450433,70,4.4,3.4,4.83,1.41,6.24,18.51,0.34,0.1,0.44,1.31,290.8,173.0,67.0,166.9,167.0,114.0,406.0,29.0,15.0,85.8,89.0,54.0,2.0,,,26,,Dango,Ouattara,O.Dango,,,1276,5,5,3,18,0,0,0,3,0,0,14,113,,,,0.0,0.21,1.27,0.99,7.97,13,47,53
101,a,100.0,100.0,4.6,398,19.0,0,0.0,1,-1.0,10.2,36,6.0,94,0,3.8,86.0,7.0,6,357,2.6,113.0,11.0,0.6,20.4,0.0,987802,1940,950127,386,2.6,1.6,0.0,0.04,0.04,35.73,0.0,0.0,0.0,1.43,576.0,21.0,6.0,20.0,384.0,4.0,0.0,731.0,78.0,59.7,176.0,6.0,,,,26,,Caoimhín,Kelleher,Kelleher,,,2250,0,0,6,34,0,3,0,1,0,67,25,95,,,,2.68,0.24,1.36,1.0,0.0,1,32,192
102,a,,,3.9,752,79.0,0,0.0,-1,1.0,0.3,331,45.0,0,0,0.0,544.0,47.0,0,0,0.0,439.0,38.0,0.0,0.0,0.0,15363,14,23060,4,0.0,-1.0,0.0,0.0,0.0,0.0,0.0,0.0,0.0,0.0,0.0,535.0,47.0,0.0,524.0,32.0,0.0,484.0,17.0,0.0,537.0,47.0,,,,26,,Ellery,Balcombe,Balcombe,,,0,0,0,0,0,0,0,0,0,0,0,0,0,,,,0.0,0.0,0.0,0.0,0.0,0,0,0
103,u,0.0,0.0,3.9,769,87.0,0,0.0,-1,1.0,0.1,418,62.0,0,0,0.0,556.0,55.0,0,0,0.0,451.0,46.0,0.0,0.0,0.0,11791,0,13664,12,0.0,0.0,0.0,0.0,0.0,0.0,0.0,0.0,0.0,0.0,0.0,547.0,55.0,0.0,536.0,40.0,0.0,496.0,25.0,0.0,549.0,55.0,,,,26,,Matthew,Cox,Cox,has joined Shrewsbury Town on loan for the rest of the season.,,0,0,0,0,0,0,0,0,0,0,0,0,0,,,,0.0,0.0,0.0,0.0,0.0,0,0,0
104,a,,,3.9,773,89.0,0,0.0,-1,1.0,0.1,454,68.0,0,0,0.0,560.0,57.0,0,0,0.0,455.0,48.0,0.0,0.0,0.0,12724,0,9731,5,0.0,-1.0,0.0,0.0,0.0,0.0,0.0,0.0,0.0,0.0,0.0,551.0,57.0,0.0,540.0,42.0,0.0,500.0,27.0,0.0,553.0,57.0,,,,26,,Julian,Eyestone,Eyestone,,,0,0,0,0,0,0,0,0,0,0,0,0,0,,,,0.0,0.0,0.0,0.0,0.0,0,0,0
105,a,,,3.9,770,88.0,0,0.0,-1,1.0,0.6,233,30.0,0,0,0.0,557.0,56.0,0,0,0.0,452.0,47.0,0.0,0.0,0.0,36903,6,70219,19,0.0,-1.0,0.0,0.0,0.0,0.0,0.0,0.0,0.0,0.0,0.0,548.0,56.0,0.0,537.0,41.0,0.0,497.0,26.0,0.0,550.0,56.0,,,,26,,Hákon Rafn,Valdimarsson,Valdimarsson,,,0,0,0,0,0,0,0,0,0,0,0,0,0,,,,0.0,0.0,0.0,0.0,0.0,0,0,0
106,a,,,5.0,259,40.0,0,0.0,0,0.0,3.1,103,40.0,92,0,3.8,88.0,32.0,7,315,0.6,300.0,111.0,0.1,18.4,0.0,603904,237,414341,1078,0.6,-0.4,1.49,0.88,2.37,30.99,0.07,0.04,0.11,1.38,641.2,10.0,4.0,103.9,233.0,65.0,242.0,84.0,6.0,98.9,61.0,11.0,,,,26,,Nathan,Collins,Collins,,,2026,1,2,5,31,1,0,0,4,0,0,22,265,,,,0.0,0.22,1.38,0.98,10.35,23,210,92
107,a,,,4.9,322,52.0,0,0.0,-1,1.0,1.6,149,59.0,69,0,3.0,189.0,74.0,3,187,0.8,276.0,101.0,0.2,14.1,0.0,407611,109,264607,436,0.8,-0.2,1.42,0.97,2.39,18.81,0.13,0.09,0.22,1.67,182.2,258.0,105.0,152.0,181.0,45.0,167.0,140.0,27.0,50.1,218.0,72.0,,,,26,,Keane,Lewis-Potter,Lewis-Potter,,,1014,2,1,6,17,0,0,0,1,0,0,11,58,,,,0.0,0.53,1.51,0.98,3.46,14,25,41
108,a,100.0,100.0,4.4,524,104.0,0,0.0,-1,1.0,0.2,383,141.0,58,0,3.1,166.0,62.0,1,165,2.4,127.0,43.0,0.5,13.2,0.0,25834,47,28285,12,2.4,1.4,0.67,0.6,1.27,21.54,0.05,0.04,0.09,1.52,299.2,166.0,68.0,31.7,365.0,130.0,135.0,175.0,39.0,46.7,232.0,76.0,,,,26,,Kristoffer,Ajer,Ajer,,,1277,0,2,4,20,0,0,0,2,0,0,15,150,,,,0.0,0.28,1.41,1.06,10.08,28,115,39
109,a,,,4.3,580,128.0,0,0.0,-2,2.0,0.2,399,147.0,44,0,2.1,310.0,114.0,0,116,2.0,157.0,55.0,0.5,10.2,0.0,18420,30,19717,14,2.0,1.0,0.18,0.43,0.61,21.25,0.02,0.04,0.06,1.85,94.8,340.0,130.0,51.2,322.0,110.0,27.0,347.0,114.0,17.3,367.0,128.0,,,,26,,Rico,Henry,Henry,,,1032,0,1,4,16,0,0,0,2,0,0,10,63,,,,0.0,0.35,1.4,0.87,4.62,13,40,58
110,a,,,4.5,498,97.0,0,0.0,0,0.0,0.6,229,86.0,71,0,2.8,219.0,85.0,6,336,1.6,198.0,73.0,0.4,15.8,0.0,165601,116,118685,55,1.6,0.6,0.19,2.3,2.49,35.02,0.01,0.1,0.11,1.45,403.8,86.0,37.0,359.2,50.0,8.0,71.0,266.0,77.0,83.6,96.0,25.0,,,,26,,Michael,Kayode,Kayode,,,2178,0,1,6,33,0,0,0,6,0,0,25,198,,,,0.0,0.25,1.36,1.03,6.32,49,104,114
111,a,100.0,100.0,4.2,632,146.0,0,0.0,-3,3.0,0.1,458,167.0,4,0,1.3,418.0,151.0,0,21,0.0,535.0,224.0,0.0,1.0,0.0,11623,12,26031,7,0.0,-1.0,0.0,0.06,0.06,3.18,0.0,0.02,0.02,1.26,62.8,381.0,147.0,1.1,457.0,167.0,12.0,386.0,138.0,7.6,418.0,149.0,,,,26,,Ethan,Pinnock,Pinnock,,,228,0,0,0,5,1,0,0,1,0,0,3,33,,,,0.0,0.0,1.97,1.18,11.45,4,25,9
112,u,0.0,0.0,4.5,423,82.0,0,0.0,0,0.0,0.0,705,241.0,0,0,0.0,692.0,255.0,0,0,0.0,621.0,242.0,0.0,0.0,0.0,211,0,3918,0,0.0,0.0,0.0,0.0,0.0,0.0,0.0,0.0,0.0,0.0,0.0,687.0,255.0,0.0,682.0,255.0,0.0,658.0,255.0,0.0,689.0,255.0,,,,26,,Mads,Roerslev Rasmussen,Roerslev,Has joined Southampton permanently.,,0,0,0,0,0,0,0,0,0,0,0,0,0,,,,0.0,0.0,0.0,0.0,0.0,0,0,0
113,a,100.0,100.0,4.5,432,85.0,0,0.0,0,0.0,0.6,227,84.0,62,0,3.1,169.0,65.0,2,230,2.0,160.0,58.0,0.4,13.8,0.0,209619,42,193452,42,2.0,1.0,1.92,0.21,2.13,27.54,0.1,0.01,0.11,1.41,395.8,89.0,40.0,44.4,339.0,117.0,184.0,124.0,23.0,62.5,162.0,53.0,,,,26,,Sepp,van den Berg,Van den Berg,,,1763,0,0,4,28,0,0,0,1,0,0,19,202,,,,0.0,0.2,1.43,0.97,8.78,13,159,70
114,u,0.0,0.0,3.8,813,261.0,0,0.0,-2,2.0,0.2,370,132.0,0,0,0.0,531.0,198.0,0,0,0.0,425.0,169.0,0.0,0.0,0.0,12981,0,28879,24,0.0,0.0,0.0,0.0,0.0,0.0,0.0,0.0,0.0,0.0,0.0,522.0,198.0,0.0,510.0,198.0,0.0,470.0,190.0,0.0,524.0,198.0,,,,26,,Benjamin,Arthur,Arthur,has joined Celtic on loan for the rest of the season.,,0,0,0,0,0,0,0,0,0,0,0,0,0,,,,0.0,0.0,0.0,0.0,0.0,0,0,0
115,u,0.0,0.0,4.0,724,201.0,0,0.0,0,0.0,0.1,526,186.0,0,0,0.0,622.0,239.0,0,0,0.0,523.0,216.0,0.0,0.0,0.0,2020,0,14246,2,0.0,0.0,0.0,0.0,0.0,0.0,0.0,0.0,0.0,0.0,0.0,613.0,239.0,0.0,605.0,239.0,0.0,568.0,234.0,0.0,615.0,239.0,,,,26,,Benjamin,Fredrick,Fredrick,has joined Dender on loan for the rest of the season.,,0,0,0,0,0,0,0,0,0,0,0,0,0,,,,0.0,0.0,0.0,0.0,0.0,0,0,0
116,a,100.0,100.0,4.0,685,173.0,0,0.0,0,0.0,0.4,268,100.0,31,0,1.9,336.0,124.0,0,88,0.6,287.0,105.0,0.2,7.8,0.0,65157,40,68149,36,0.6,-0.4,0.4,0.17,0.57,5.85,0.07,0.03,0.1,0.97,74.0,367.0,140.0,14.2,396.0,144.0,42.0,314.0,101.0,12.8,384.0,137.0,,,,26,,Aaron,Hickey,Hickey,,,543,0,0,2,7,0,0,0,1,0,0,6,44,,,,0.0,0.33,1.16,0.99,6.13,10,27,31
117,u,0.0,0.0,3.9,778,228.0,0,0.0,-1,1.0,0.1,519,183.0,0,0,0.0,565.0,206.0,0,0,0.0,460.0,178.0,0.0,0.0,0.0,4108,0,15487,1,0.0,0.0,0.0,0.0,0.0,0.0,0.0,0.0,0.0,0.0,0.0,556.0,206.0,0.0,545.0,206.0,0.0,505.0,198.0,0.0,558.0,206.0,,,,26,,Kim,Ji-soo,Ji-soo,has joined Kaiserslautern on loan for the rest of the season.,,0,0,0,0,0,0,0,0,0,0,0,0,0,,,,0.0,0.0,0.0,0.0,0.0,0,0,0
118,u,0.0,0.0,4.0,695,179.0,0,0.0,0,0.0,0.0,611,217.0,0,0,0.0,598.0,222.0,0,0,0.0,496.0,196.0,0.0,0.0,0.0,279,0,10941,0,0.0,0.0,0.0,0.0,0.0,0.0,0.0,0.0,0.0,0.0,0.0,589.0,222.0,0.0,581.0,222.0,0.0,543.0,216.0,0.0,591.0,222.0,,,,26,,Jayden,Meghoma,Meghoma,Has joined Rangers on loan for the rest of the season.,,0,0,0,0,0,0,0,0,0,0,0,0,0,,,,0.0,0.0,0.0,0.0,0.0,0,0,0
120,s,0.0,0.0,6.9,44,26.0,0,0.0,-1,1.0,1.1,185,63.0,86,0,3.7,104.0,48.0,5,292,0.2,397.0,182.0,0.0,12.5,0.0,740484,29,662202,1299,0.0,0.0,8.57,1.72,10.29,25.54,0.42,0.08,0.5,1.24,432.0,70.0,21.0,304.7,73.0,56.0,613.0,9.0,3.0,134.6,22.0,18.0,,,3.0,26,,Kevin,Schade,Schade,Suspended until 21 Feb,,1857,6,4,7,22,0,0,1,6,1,0,22,142,,,,0.0,0.34,1.07,1.07,6.88,30,44,68
121,a,100.0,100.0,5.6,129,79.0,0,0.0,-4,4.0,0.5,265,89.0,62,0,3.0,194.0,82.0,3,271,1.2,246.0,105.0,0.2,11.1,0.0,98988,29,167871,50,1.2,0.2,1.13,3.66,4.79,19.64,0.08,0.26,0.34,1.39,301.4,165.0,64.0,466.1,24.0,23.0,172.0,137.0,79.0,94.0,67.0,43.0,1.0,3.0,,26,,Mikkel,Damsgaard,Damsgaard,,,1275,1,3,2,22,0,0,0,0,0,0,15,145,,,,0.0,0.14,1.55,1.06,10.24,35,27,83
122,i,0.0,0.0,5.2,218,135.0,0,0.0,-3,3.0,0.0,651,262.0,1,0,1.0,494.0,230.0,0,5,0.0,768.0,336.0,0.0,0.2,0.0,2004,0,6896,1,0.0,0.0,0.0,0.01,0.01,1.49,0.0,0.02,0.02,2.98,4.0,472.0,215.0,1.8,449.0,216.0,0.0,787.0,348.0,0.6,482.0,220.0,,,,26,,Antoni,Milambo,Milambo,Knee injury - Expected back 01 Jun,,45,0,0,0,3,0,0,0,0,0,0,1,4,,,,0.0,0.0,6.0,2.0,8.0,2,0,2
123,i,0.0,0.0,4.7,387,242.0,0,0.0,-3,3.0,0.1,464,159.0,13,0,2.2,302.0,132.0,1,42,0.0,698.0,288.0,0.0,2.8,0.0,27187,1,51117,3,0.0,0.0,0.7,0.03,0.73,2.08,0.63,0.03,0.66,1.87,39.0,409.0,181.0,6.5,430.0,210.0,36.0,328.0,173.0,8.1,414.0,187.0,4.0,,4.0,26,,Fábio,Freitas Gouveia Carvalho,Carvalho,Knee injury - Expected back 01 Jun,,100,1,0,0,4,0,0,0,0,0,0,1,8,,,,0.0,0.0,3.6,0.9,7.2,3,0,5
124,a,100.0,100.0,5.0,242,148.0,0,0.0,0,0.0,0.3,296,102.0,61,0,2.7,239.0,99.0,5,271,0.6,298.0,128.0,0.1,12.2,0.0,96708,40,96998,40,0.6,-0.4,0.33,2.03,2.36,21.04,0.02,0.12,0.14,1.29,277.6,179.0,72.0,275.0,89.0,65.0,41.0,316.0,165.0,59.3,178.0,96.0,,,,26,,Jordan,Henderson,Henderson,,,1472,1,3,4,22,0,0,0,4,0,0,17,136,,,,0.0,0.24,1.35,1.04,8.32,22,42,72
125,a,100.0,100.0,4.9,304,189.0,0,0.0,-1,1.0,0.3,320,107.0,68,0,3.4,129.0,60.0,6,290,3.2,80.0,34.0,0.7,13.9,0.0,60315,117,26251,65,3.2,2.2,0.75,1.82,2.57,18.64,0.06,0.15,0.21,1.5,319.6,141.0,47.0,294.0,81.0,60.0,87.0,247.0,132.0,69.8,136.0,75.0,5.0,,,26,,Vitaly,Janelt,Janelt,,,1118,1,4,5,13,0,0,0,6,0,0,11,153,,,,0.0,0.4,1.05,0.89,12.32,23,61,69
126,a,,,4.9,307,191.0,0,0.0,-1,1.0,0.1,512,184.0,56,0,2.4,281.0,121.0,0,247,3.0,91.0,42.0,0.6,11.4,0.0,14181,31,16463,4,3.0,2.0,1.79,3.01,4.8,18.14,0.15,0.25,0.4,1.48,211.2,230.0,99.0,270.2,92.0,68.0,128.0,194.0,107.0,60.8,169.0,93.0,3.0,,5.0,26,,Mathias,Jensen,Jensen,,,1105,2,2,5,15,0,0,0,1,0,0,13,100,,,,0.0,0.41,1.22,1.06,8.14,20,24,56
127,u,0.0,0.0,4.9,348,216.0,0,0.0,-1,1.0,0.0,707,296.0,0,0,0.0,774.0,335.0,0,0,0.0,741.0,316.0,0.0,0.0,0.0,1544,0,2190,2,0.0,0.0,0.0,0.0,0.0,0.0,0.0,0.0,0.0,0.0,0.0,774.0,335.0,0.0,770.0,335.0,0.0,761.0,331.0,0.0,774.0,335.0,,,,26,,Gustavo,Nunes Fernandes Gomes,Nunes,has joined Swansea City on loan for the rest of the season.,,0,0,0,0,0,0,0,0,0,0,0,0,0,,,,0.0,0.0,0.0,0.0,0.0,0,0,0
128,u,0.0,0.0,4.8,367,228.0,0,0.0,-2,2.0,0.0,605,232.0,12,0,2.0,326.0,145.0,0,41,0.0,709.0,295.0,0.0,2.5,0.0,5396,0,8717,6,0.0,0.0,0.0,0.36,0.36,2.02,0.0,0.37,0.37,2.07,28.4,423.0,189.0,13.6,399.0,199.0,4.0,422.0,207.0,4.6,442.0,199.0,,,,26,,Frank,Onyeka,Onyeka,has joined Coventry City on loan for the rest of the season.,,88,0,2,0,2,0,0,0,0,0,0,0,10,,,,0.0,0.0,2.05,0.0,10.23,2,3,5
129,a,100.0,100.0,5.0,274,168.0,0,0.0,0,0.0,0.1,463,158.0,72,0,2.9,207.0,86.0,0,308,1.4,222.0,95.0,0.3,14.4,0.0,22994,14,18755,24,1.4,0.4,1.19,1.08,2.27,28.61,0.06,0.05,0.11,1.43,309.2,150.0,53.0,196.0,140.0,96.0,108.0,217.0,118.0,61.3,167.0,91.0,,,,26,,Yehor,Yarmoliuk,Yarmoliuk,,,1798,1,2,5,29,0,0,0,5,0,0,21,232,,,,0.0,0.25,1.45,1.05,11.61,50,51,131
130,a,,,4.4,567,340.0,0,0.0,-1,1.0,0.1,477,165.0,2,0,1.0,467.0,208.0,0,10,0.4,333.0,146.0,0.1,0.5,0.0,14392,20,17622,7,0.4,-0.6,0.07,0.01,0.08,0.24,0.57,0.08,0.65,1.96,5.0,466.0,210.0,10.9,406.0,201.0,13.0,384.0,193.0,2.9,451.0,204.0,,,,26,,Romelle,Donovan,Donovan,,,11,0,0,0,0,0,0,0,0,0,0,0,2,,,,0.0,0.0,0.0,0.0,16.36,0,0,2
131,u,0.0,0.0,4.3,622,366.0,0,0.0,-2,2.0,0.2,405,135.0,0,0,0.0,659.0,254.0,0,0,0.0,578.0,205.0,0.0,0.0,0.0,38108,0,43016,28,0.0,0.0,0.0,0.0,0.0,0.0,0.0,0.0,0.0,0.0,0.0,650.0,245.0,0.0,646.0,250.0,0.0,617.0,235.0,0.0,652.0,247.0,,,,26,,Yunus Emre,Konak,Konak,has joined Oxford United on loan for the rest of the season.,,0,0,0,0,0,0,0,0,0,0,0,0,0,,,,0.0,0.0,0.0,0.0,0.0,0,0,0
132,u,0.0,0.0,4.5,421,253.0,0,0.0,0,0.0,0.0,667,272.0,0,0,0.0,691.0,270.0,0,0,0.0,619.0,226.0,0.0,0.0,0.0,4038,0,5198,6,0.0,0.0,0.0,0.0,0.0,0.0,0.0,0.0,0.0,0.0,0.0,686.0,265.0,0.0,681.0,268.0,0.0,656.0,256.0,0.0,688.0,267.0,,,,26,,Paris,Maghoma,Maghoma,has joined Norwich City permanently.,,0,0,0,0,0,0,0,0,0,0,0,0,0,,,,0.0,0.0,0.0,0.0,0.0,0,0,0
133,u,0.0,0.0,4.4,542,323.0,0,0.0,-1,1.0,0.0,628,246.0,1,0,1.0,462.0,203.0,0,2,0.0,590.0,208.0,0.0,0.2,0.0,3881,0,6207,3,0.0,0.0,0.0,0.0,0.0,0.0,0.0,0.0,0.0,0.0,0.0,658.0,247.0,0.0,654.0,252.0,0.0,626.0,237.0,0.0,660.0,249.0,,,,26,,Myles,Peart-Harris,Peart-Harris,has joined Oxford United permanently.,,1,0,0,0,0,0,0,0,0,0,0,0,0,,,,0.0,0.0,0.0,0.0,0.0,0,0,0
134,u,0.0,0.0,4.5,490,300.0,0,0.0,0,0.0,0.0,776,337.0,0,0,0.0,733.0,305.0,0,0,0.0,671.0,268.0,0.0,0.0,0.0,0,0,944,0,0.0,0.0,0.0,0.0,0.0,0.0,0.0,0.0,0.0,0.0,0.0,732.0,304.0,0.0,726.0,304.0,0.0,707.0,296.0,0.0,732.0,304.0,,,,26,,Ryan,Trevitt,Trevitt,Has joined Wigan on loan for the rest of the season,,0,0,0,0,0,0,0,0,0,0,0,0,0,,,,0.0,0.0,0.0,0.0,0.0,0,0,0
136,a,100.0,100.0,7.0,39,15.0,0,0.0,10,-10.0,30.0,12,3.0,131,0,5.2,9.0,2.0,18,529,2.2,154.0,21.0,0.3,18.7,0.0,7799106,5378,4228333,6166,2.2,1.2,13.98,0.9,14.88,34.45,0.6,0.04,0.64,1.47,732.6,5.0,2.0,217.8,122.0,7.0,805.0,2.0,2.0,175.5,5.0,2.0,,,2.0,26,,Igor Thiago,Nascimento Rodrigues,Thiago,,,2112,17,1,6,32,0,0,1,5,0,0,24,127,,,,0.0,0.26,1.36,1.02,5.41,19,51,57
137,u,0.0,0.0,4.4,554,77.0,0,0.0,-1,1.0,0.3,313,51.0,0,0,0.0,673.0,70.0,0,0,0.0,598.0,59.0,0.0,0.0,0.0,52422,0,80043,26,0.0,0.0,0.0,0.0,0.0,0.0,0.0,0.0,0.0,0.0,0.0,666.0,70.0,0.0,661.0,69.0,0.0,635.0,69.0,0.0,668.0,70.0,,,,26,,Iwan,Morgan,Morgan,has joined Shrewsbury on loan for the rest of the season.,,0,0,0,0,0,0,0,0,0,0,0,0,0,,,,0.0,0.0,0.0,0.0,0.0,0,0,0
748,i,0.0,0.0,4.9,299,186.0,0,0.0,-1,1.0,0.0,807,358.0,0,0,0.0,762.0,326.0,0,0,0.0,718.0,301.0,0.0,0.0,0.0,159,0,196,0,0.0,0.0,0.0,0.0,0.0,0.0,0.0,0.0,0.0,0.0,0.0,762.0,326.0,0.0,758.0,326.0,0.0,748.0,322.0,0.0,762.0,326.0,,,,26,,Josh,Dasilva,Dasilva,Knee injury - Unknown return date,,0,0,0,0,0,0,0,0,0,0,0,0,0,,,,0.0,0.0,0.0,0.0,0.0,0,0,0
797,a,,,4.5,491,70.0,0,0.0,0,0.0,0.0,733,89.0,0,0,0.0,734.0,79.0,0,0,0.0,672.0,68.0,0.0,0.0,0.0,1051,18,307,4,0.0,-1.0,0.0,0.0,0.0,0.0,0.0,0.0,0.0,0.0,0.0,733.0,79.0,0.0,727.0,78.0,0.0,708.0,78.0,0.0,733.0,79.0,,,,26,,Kaye,Furo,Furo,,,0,0,0,0,0,0,0,0,0,0,0,0,0,,,,0.0,0.0,0.0,0.0,0.0,0,0,0
810,a,,,4.5,472,286.0,0,0.0,0,0.0,0.0,810,360.0,0,0,0.0,719.0,295.0,0,0,0.0,654.0,255.0,0.0,0.0,0.0,113,3,15,1,0.0,-1.0,0.0,0.0,0.0,0.0,0.0,0.0,0.0,0.0,0.0,717.0,293.0,0.0,712.0,294.0,0.0,691.0,284.0,0.0,718.0,294.0,,,,26,,Luka,Bentt,Bentt,,,0,0,0,0,0,0,0,0,0,0,0,0,0,,,,0.0,0.0,0.0,0.0,0.0,0,0,0
138,a,,,4.2,624,31.0,0,0.0,-3,3.0,0.2,344,49.0,0,0,0.0,630.0,86.0,0,0,0.0,532.0,79.0,0.0,0.0,0.0,9777,10,38577,8,0.0,0.0,0.0,0.0,0.0,0.0,0.0,0.0,0.0,0.0,0.0,621.0,86.0,0.0,614.0,75.0,0.0,579.0,60.0,0.0,623.0,86.0,,,,26,,Jason,Steele,Steele,,,0,0,0,0,0,0,0,0,0,0,0,0,0,,,,0.0,0.0,0.0,0.0,0.0,0,0,0
139,a,,,4.5,445,25.0,0,0.0,0,0.0,5.6,65,11.0,77,0,3.1,170.0,15.0,4,399,1.8,180.0,17.0,0.4,17.1,0.0,659466,203,808222,358,1.8,1.8,0.0,0.04,0.04,35.37,0.0,0.0,0.0,1.41,628.2,13.0,3.0,10.0,415.0,7.0,0.0,673.0,76.0,63.8,157.0,3.0,,,,26,,Bart,Verbruggen,Verbruggen,,,2250,0,0,5,33,1,1,0,3,0,70,25,102,,,,2.8,0.2,1.32,1.0,0.0,1,21,224
140,a,,,3.9,748,77.0,0,0.0,-1,1.0,0.3,312,42.0,0,0,0.0,542.0,45.0,0,0,0.0,437.0,36.0,0.0,0.0,0.0,17302,11,27164,4,0.0,0.0,0.0,0.0,0.0,0.0,0.0,0.0,0.0,0.0,0.0,533.0,45.0,0.0,522.0,30.0,0.0,482.0,15.0,0.0,535.0,45.0,,,,26,,Tom,McGill,McGill,,,0,0,0,0,0,0,0,0,0,0,0,0,0,,,,0.0,0.0,0.0,0.0,0.0,0,0,0
141,u,0.0,0.0,4.0,686,55.0,0,0.0,0,0.0,0.0,801,91.0,0,0,0.0,590.0,74.0,0,0,0.0,487.0,66.0,0.0,0.0,0.0,0,0,243,0,0.0,0.0,0.0,0.0,0.0,0.0,0.0,0.0,0.0,0.0,0.0,581.0,74.0,0.0,573.0,62.0,0.0,535.0,47.0,0.0,583.0,74.0,,,,26,,Carl,Rushworth,Rushworth,Has joined Coventry City on loan for the rest of the season.,,0,0,0,0,0,0,0,0,0,0,0,0,0,,,,0.0,0.0,0.0,0.0,0.0,0,0,0
142,u,0.0,0.0,4.0,674,48.0,0,0.0,0,0.0,0.0,802,92.0,0,0,0.0,580.0,67.0,0,0,0.0,477.0,59.0,0.0,0.0,0.0,0,0,200,0,0.0,0.0,0.0,0.0,0.0,0.0,0.0,0.0,0.0,0.0,0.0,571.0,67.0,0.0,563.0,55.0,0.0,525.0,40.0,0.0,573.0,67.0,,,,26,,Kjell,Scherpen,Scherpen,Has joined Union SG permanently,,0,0,0,0,0,0,0,0,0,0,0,0,0,,,,0.0,0.0,0.0,0.0,0.0,0,0,0
143,a,,,4.2,630,144.0,0,0.0,-3,3.0,0.1,504,179.0,19,0,3.2,150.0,56.0,2,77,2.0,155.0,53.0,0.5,4.5,0.0,5989,11,12316,5,2.0,2.0,0.05,0.24,0.29,4.65,0.01,0.07,0.08,1.31,96.4,338.0,129.0,38.1,350.0,121.0,12.0,385.0,137.0,14.7,377.0,134.0,,,,26,,Olivier,Boscagli,Boscagli,,,320,0,1,1,3,0,0,0,1,0,0,4,30,,,,0.0,0.28,0.84,1.12,8.44,7,23,25
144,u,0.0,0.0,4.2,646,155.0,0,0.0,-3,3.0,0.0,591,212.0,10,0,2.0,321.0,119.0,0,32,0.0,542.0,227.0,0.0,2.4,0.0,2735,0,7957,6,0.0,0.0,0.0,0.01,0.01,4.52,0.0,0.0,0.0,2.11,42.4,403.0,152.0,3.7,443.0,161.0,2.0,432.0,163.0,4.8,438.0,158.0,,,,26,,Diego,Coppola,Coppola,has joined Paris FC on loan for the rest of the season.,,193,0,0,1,3,0,0,0,2,0,0,2,19,,,,0.0,0.47,1.4,0.93,8.39,2,16,6
145,a,100.0,100.0,4.3,588,134.0,0,0.0,-2,2.0,1.9,138,55.0,58,0,2.8,216.0,82.0,6,218,1.8,175.0,62.0,0.4,13.5,0.0,251552,68,694525,125,1.8,1.8,1.55,2.15,3.7,19.98,0.12,0.17,0.29,1.61,210.0,233.0,92.0,316.7,69.0,15.0,132.0,183.0,42.0,65.9,150.0,47.0,3.0,6.0,,26,,Maxim,De Cuyper,De Cuyper,,,1116,2,0,4,18,0,0,0,2,0,0,14,71,,,,0.0,0.32,1.45,1.13,3.79,16,31,54
146,a,100.0,100.0,4.5,408,72.0,0,0.0,0,0.0,1.0,194,75.0,61,0,2.5,264.0,103.0,0,296,2.6,112.0,42.0,0.6,13.6,0.0,144563,95,188498,57,2.6,2.6,1.2,0.44,1.64,33.13,0.05,0.02,0.07,1.41,483.0,54.0,25.0,92.9,245.0,70.0,128.0,193.0,45.0,70.6,133.0,41.0,,1.0,,26,,Lewis,Dunk,Dunk,,,2115,0,1,4,32,0,0,0,8,0,0,23,225,,,,0.0,0.17,1.36,0.98,7.79,28,155,104
147,u,0.0,0.0,4.5,417,77.0,0,0.0,0,0.0,0.0,739,255.0,0,0,0.0,689.0,253.0,0,0,0.0,617.0,239.0,0.0,0.0,0.0,0,0,1970,0,0.0,0.0,0.0,0.0,0.0,0.0,0.0,0.0,0.0,0.0,0.0,684.0,253.0,0.0,679.0,253.0,0.0,654.0,252.0,0.0,686.0,253.0,,,,26,,Pervis,Estupiñán Tenorio,Estupiñan,Has joined AC Milan permanently,,0,0,0,0,0,0,0,0,0,0,0,0,0,,,,0.0,0.0,0.0,0.0,0.0,0,0,0
148,a,,,4.4,530,109.0,0,0.0,-1,1.0,0.3,300,110.0,63,0,2.6,246.0,97.0,4,301,1.4,216.0,80.0,0.3,14.3,0.0,73495,23,59315,59,1.4,1.4,1.35,2.21,3.56,30.92,0.06,0.1,0.16,1.42,327.2,133.0,60.0,319.9,66.0,14.0,150.0,157.0,32.0,80.0,104.0,32.0,2.0,,,26,,Ferdi,Kadıoğlu,F.Kadıoğlu,,,1960,0,1,5,28,0,0,0,4,0,0,21,138,,,,0.0,0.23,1.29,0.96,4.96,42,66,89
149,a,100.0,100.0,4.5,422,81.0,0,0.0,0,0.0,0.1,528,187.0,6,0,1.5,402.0,147.0,0,10,0.0,620.0,241.0,0.0,1.3,0.0,8536,9,9766,7,0.0,0.0,0.0,0.0,0.0,4.66,0.0,0.0,0.0,4.07,25.8,427.0,159.0,10.6,409.0,148.0,0.0,657.0,254.0,3.6,446.0,161.0,,,,26,,Igor Julio,dos Santos de Paulo,Igor,,,103,0,0,0,3,0,0,0,0,0,0,1,13,,,,0.0,0.0,2.62,0.87,11.36,0,13,3
150,u,0.0,0.0,4.4,532,111.0,0,0.0,-1,1.0,0.1,510,181.0,0,0,0.0,664.0,252.0,0,0,0.0,586.0,238.0,0.0,0.0,0.0,2778,0,38488,1,0.0,0.0,0.0,0.0,0.0,0.0,0.0,0.0,0.0,0.0,0.0,655.0,252.0,0.0,651.0,252.0,0.0,623.0,251.0,0.0,657.0,252.0,,,,26,,Tariq,Lamptey,Lamptey,has joined Fiorentina permanently.,,0,0,0,0,0,0,0,0,0,0,0,0,0,,,,0.0,0.0,0.0,0.0,0.0,0,0,0
151,a,100.0,100.0,4.5,440,87.0,0,0.0,0,0.0,3.6,94,33.0,87,0,3.8,85.0,30.0,6,334,1.8,178.0,65.0,0.4,19.3,0.0,903540,168,595539,795,1.8,1.8,2.05,0.9,2.94,32.83,0.09,0.04,0.13,1.43,673.6,7.0,3.0,134.7,194.0,49.0,226.0,92.0,8.0,103.7,48.0,5.0,,,,26,,Jan Paul,van Hecke,Van Hecke,,,2070,3,2,4,32,1,0,0,6,0,0,23,222,,,,0.0,0.17,1.39,1.0,8.35,32,160,72
152,a,100.0,100.0,4.3,574,123.0,0,0.0,-2,2.0,0.1,424,156.0,30,0,2.3,289.0,109.0,1,113,0.6,288.0,106.0,0.1,7.0,0.0,21466,5,34542,13,0.6,0.6,0.99,0.1,1.09,12.58,0.13,0.01,0.14,1.63,195.8,244.0,97.0,68.7,285.0,93.0,59.0,286.0,86.0,32.4,298.0,101.0,,,,26,,Joël,Veltman,Veltman,,,693,1,0,1,11,0,0,0,3,0,0,7,90,,,,0.0,0.13,1.43,0.91,10.13,27,51,29
153,i,0.0,0.0,4.4,523,103.0,0,0.0,-1,1.0,0.0,756,257.0,0,0,0.0,661.0,250.0,0,0,0.0,582.0,235.0,0.0,0.0,0.0,833,0,1639,1,0.0,0.0,0.0,0.0,0.0,0.0,0.0,0.0,0.0,0.0,0.0,652.0,250.0,0.0,648.0,250.0,0.0,620.0,249.0,0.0,654.0,250.0,,,,26,,Adam,Webster,Webster,Knee injury - Unknown return date,,0,0,0,0,0,0,0,0,0,0,0,0,0,,,,0.0,0.0,0.0,0.0,0.0,0,0,0
154,u,0.0,0.0,4.0,677,169.0,0,0.0,0,0.0,0.0,769,260.0,0,0,0.0,583.0,215.0,0,0,0.0,480.0,188.0,0.0,0.0,0.0,0,0,776,0,0.0,0.0,0.0,0.0,0.0,0.0,0.0,0.0,0.0,0.0,0.0,574.0,215.0,0.0,566.0,215.0,0.0,528.0,209.0,0.0,576.0,215.0,,,,26,,Eiran,Cashin,Cashin,has joined Blackburn Rovers on loan for the rest of the season.,,0,0,0,0,0,0,0,0,0,0,0,0,0,,,,0.0,0.0,0.0,0.0,0.0,0,0,0
155,u,0.0,0.0,4.0,718,195.0,0,0.0,0,0.0,0.1,496,176.0,0,0,0.0,617.0,234.0,0,0,0.0,517.0,210.0,0.0,0.0,0.0,3175,0,16507,5,0.0,0.0,0.0,0.0,0.0,0.0,0.0,0.0,0.0,0.0,0.0,608.0,234.0,0.0,600.0,234.0,0.0,563.0,229.0,0.0,610.0,234.0,,,,26,,Jacob,Slater,Slater,has joined Harrogate Town on loan until January.,,0,0,0,0,0,0,0,0,0,0,0,0,0,,,,0.0,0.0,0.0,0.0,0.0,0,0,0
156,a,,,3.8,805,254.0,0,0.0,-2,2.0,0.2,412,150.0,0,0,0.0,526.0,194.0,0,0,0.0,420.0,165.0,0.0,0.0,0.0,10951,19,16211,8,0.0,0.0,0.0,0.0,0.0,0.0,0.0,0.0,0.0,0.0,0.0,517.0,194.0,0.0,505.0,194.0,0.0,464.0,185.0,0.0,519.0,194.0,,,,26,,Charlie,Tasker,Tasker,,,0,0,0,0,0,0,0,0,0,0,0,0,0,,,,0.0,0.0,0.0,0.0,0.0,0,0,0
157,a,100.0,100.0,6.1,83,54.0,0,0.0,-4,4.0,2.0,131,43.0,42,0,2.8,233.0,97.0,2,148,1.6,207.0,89.0,0.3,6.9,0.0,268955,105,828928,207,1.6,1.6,2.13,1.85,3.98,16.03,0.17,0.15,0.32,1.31,188.6,255.0,109.0,290.1,85.0,62.0,216.0,100.0,62.0,69.1,141.0,77.0,,,,26,,Mitoma,Kaoru,Mitoma,,,1103,2,1,2,14,0,0,0,2,0,0,12,61,,,,0.0,0.16,1.14,0.98,4.98,9,13,39
158,a,100.0,100.0,5.6,131,81.0,0,0.0,-4,4.0,0.4,287,100.0,65,0,2.8,230.0,95.0,2,213,1.0,265.0,113.0,0.2,11.6,0.0,128610,18,244739,77,1.0,1.0,2.05,2.06,4.11,19.19,0.12,0.12,0.24,1.15,243.2,204.0,87.0,267.7,94.0,70.0,350.0,48.0,29.0,86.0,88.0,53.0,,,,26,,Georginio,Rutter,Georginio,,,1502,2,4,6,16,1,0,0,2,0,0,18,101,,,,0.0,0.36,0.96,1.08,6.05,23,32,46
159,d,25.0,25.0,5.8,105,67.0,0,0.0,-2,2.0,0.0,752,320.0,0,0,0.0,806.0,359.0,0,0,0.0,794.0,353.0,0.0,0.0,0.0,703,0,2515,0,0.0,0.0,0.0,0.0,0.0,0.0,0.0,0.0,0.0,0.0,0.0,806.0,359.0,0.0,806.0,359.0,0.0,805.0,359.0,0.0,806.0,359.0,,,,26,,Solly,March,March,Lack of match fitness - 25% chance of playing,,0,0,0,0,0,0,0,0,0,0,0,0,0,,,,0.0,0.0,0.0,0.0,0.0,0,0,0
160,a,100.0,100.0,5.6,134,82.0,0,0.0,-4,4.0,2.1,127,42.0,83,0,3.6,113.0,52.0,6,312,0.8,281.0,120.0,0.1,14.8,0.0,1915984,79,1829400,481,0.8,0.8,2.91,2.78,5.69,25.11,0.16,0.15,0.31,1.39,308.4,151.0,54.0,448.2,27.0,26.0,457.0,26.0,13.0,121.6,33.0,26.0,1.0,,,26,,Yankuba,Minteh,Minteh,,,1625,1,8,6,25,0,0,0,0,0,0,18,124,,,,0.0,0.33,1.38,1.0,6.87,34,21,69
161,u,0.0,0.0,5.4,176,108.0,0,0.0,-1,1.0,0.0,742,314.0,0,0,0.0,800.0,354.0,0,0,0.0,783.0,344.0,0.0,0.0,0.0,105,0,2950,0,0.0,0.0,0.0,0.0,0.0,0.0,0.0,0.0,0.0,0.0,0.0,800.0,354.0,0.0,799.0,354.0,0.0,796.0,353.0,0.0,800.0,354.0,,,,26,,Julio,Enciso Espínola,Enciso,has joined Strasbourg permanently.,,0,0,0,0,0,0,0,0,0,0,0,0,0,,,,0.0,0.0,0.0,0.0,0.0,0,0,0
162,u,0.0,0.0,5.4,181,112.0,0,0.0,-1,1.0,0.1,582,217.0,35,0,1.9,348.0,156.0,2,114,0.4,349.0,160.0,0.1,6.5,0.0,16799,0,19166,19,0.0,0.0,1.86,0.88,2.74,13.82,0.24,0.11,0.35,1.76,134.4,300.0,134.0,217.1,123.0,85.0,152.0,156.0,89.0,50.0,220.0,111.0,,,,26,,Brajan,Gruda,Gruda,has joined Leipzig on loan for the rest of the season.,,708,1,1,2,11,0,0,0,2,0,0,8,58,,,,0.0,0.25,1.4,1.02,7.37,14,4,40
163,a,100.0,100.0,5.1,240,146.0,0,0.0,-4,4.0,0.0,593,223.0,37,0,2.6,250.0,105.0,2,144,0.6,304.0,131.0,0.1,7.3,0.0,8787,9,16489,6,0.6,0.6,0.7,0.34,1.04,15.88,0.1,0.05,0.15,2.16,134.2,301.0,135.0,57.7,311.0,175.0,93.0,235.0,127.0,28.7,315.0,153.0,,,,26,,Jack,Hinshelwood,Hinshelwood,,,663,1,2,1,13,0,0,0,0,0,0,7,67,,,,0.0,0.14,1.76,0.95,9.1,9,24,34
164,a,100.0,100.0,5.5,142,88.0,0,0.0,0,0.0,0.3,299,104.0,13,0,4.3,48.0,25.0,2,40,0.2,395.0,180.0,0.0,2.4,0.0,130992,14,198965,9,0.2,0.2,1.21,0.18,1.39,2.33,0.59,0.09,0.68,1.13,61.6,385.0,169.0,67.4,286.0,164.0,63.0,280.0,150.0,19.2,361.0,171.0,,,,26,,Matt,O'Riley,O'Riley,,,185,1,0,1,2,0,0,0,0,0,0,2,9,,,,0.0,0.49,0.97,0.97,4.38,4,3,2
165,u,0.0,0.0,5.4,182,113.0,0,0.0,-1,1.0,0.0,728,305.0,0,0,0.0,801.0,355.0,0,0,0.0,785.0,346.0,0.0,0.0,0.0,247,0,2231,0,0.0,0.0,0.0,0.0,0.0,0.0,0.0,0.0,0.0,0.0,0.0,801.0,355.0,0.0,800.0,355.0,0.0,797.0,354.0,0.0,801.0,355.0,,,,26,,Abdallah,Sima,Sima,has joined Lens permanently.,,0,0,0,0,0,0,0,0,0,0,0,0,0,,,,0.0,0.0,0.0,0.0,0.0,0,0,0
166,i,0.0,0.0,4.8,373,233.0,0,0.0,-2,2.0,0.7,225,78.0,83,0,4.0,64.0,29.0,7,351,3.4,65.0,26.0,0.7,17.3,0.0,198285,10,143261,815,0.0,0.0,2.54,1.07,3.61,24.57,0.13,0.06,0.19,1.3,311.2,148.0,52.0,214.4,125.0,87.0,206.0,104.0,63.0,73.3,123.0,68.0,4.0,5.0,,26,,Yasin,Ayari,Ayari,Shoulder injury - Unknown return date,,1699,3,3,5,21,0,0,0,0,0,0,18,200,,,,0.0,0.26,1.11,0.95,10.59,43,46,111
167,a,100.0,100.0,4.5,461,277.0,0,0.0,-5,5.0,1.5,153,50.0,36,0,1.8,358.0,160.0,0,141,2.2,140.0,59.0,0.5,8.0,0.0,182589,407,534395,122,2.2,2.2,0.36,0.27,0.63,15.95,0.03,0.02,0.05,1.24,90.0,344.0,151.0,88.9,250.0,154.0,25.0,351.0,183.0,20.4,356.0,168.0,,,,26,,Carlos,Baleba,Baleba,,,1158,0,0,4,16,0,0,0,4,0,0,17,138,,,,0.0,0.31,1.24,1.32,10.73,27,44,67
169,a,100.0,100.0,4.9,342,210.0,0,0.0,-1,1.0,0.2,407,137.0,56,0,2.5,267.0,112.0,5,238,0.8,278.0,118.0,0.2,11.4,0.0,75333,10,68225,35,0.8,0.8,4.45,1.18,5.63,22.21,0.28,0.07,0.35,1.4,287.0,174.0,68.0,243.4,105.0,75.0,301.0,63.0,38.0,83.2,98.0,57.0,,3.0,,26,,Diego,Gómez Amarilla,Gomez,,,1432,3,0,4,22,0,0,0,6,0,0,17,148,,,,0.0,0.25,1.38,1.07,9.3,52,31,65
170,a,100.0,100.0,4.9,286,178.0,0,0.0,-1,1.0,0.1,470,162.0,22,0,1.6,385.0,170.0,0,89,0.4,339.0,151.0,0.1,4.5,0.0,17792,6,22820,6,0.4,0.4,0.85,0.52,1.37,6.79,0.25,0.15,0.4,1.99,88.8,345.0,152.0,91.6,248.0,152.0,23.0,356.0,185.0,20.2,359.0,170.0,5.0,,1.0,26,,James,Milner,Milner,,,307,1,1,0,11,0,0,0,2,0,0,2,33,,,,0.0,0.0,3.22,0.59,9.67,5,9,19
171,u,0.0,0.0,4.9,330,204.0,0,0.0,-1,1.0,0.0,698,290.0,0,0,0.0,770.0,333.0,0,0,0.0,732.0,310.0,0.0,0.0,0.0,197,0,2947,0,0.0,0.0,0.0,0.0,0.0,0.0,0.0,0.0,0.0,0.0,0.0,770.0,333.0,0.0,766.0,333.0,0.0,757.0,329.0,0.0,770.0,333.0,,,,26,,Jeremy,Sarmiento Morante,Sarmiento,has joined Middlesbrough on loan for the rest of the season.,,0,0,0,0,0,0,0,0,0,0,0,0,0,,,,0.0,0.0,0.0,0.0,0.0,0,0,0
172,u,0.0,0.0,4.8,375,235.0,0,0.0,-2,2.0,0.0,636,252.0,5,0,0.8,504.0,236.0,0,15,0.0,712.0,297.0,0.0,1.0,0.0,2397,0,3997,7,0.0,0.0,0.04,0.03,0.07,1.72,0.06,0.05,0.11,2.72,6.0,465.0,209.0,2.4,448.0,215.0,7.0,410.0,199.0,1.6,468.0,212.0,,,,26,,Tom,Watson,Watson,has joined Millwall on loan for the rest of the season.,,57,0,0,0,2,0,0,0,1,0,0,0,5,,,,0.0,0.0,3.16,0.0,7.89,1,0,4
173,i,0.0,0.0,4.9,334,207.0,0,0.0,-1,1.0,0.1,439,149.0,58,0,3.6,109.0,50.0,3,250,0.0,735.0,312.0,0.0,11.8,0.0,79433,0,76868,18,0.0,0.0,1.2,1.47,2.67,16.4,0.09,0.11,0.2,1.25,303.4,161.0,62.0,229.5,113.0,81.0,131.0,187.0,105.0,66.5,146.0,80.0,,,,26,,Mats,Wieffer,Wieffer,Toe Injury - Unknown return date,,1179,0,4,3,17,0,0,0,4,0,0,13,184,,,,0.0,0.23,1.3,0.99,14.05,47,70,67
174,u,0.0,0.0,5.0,281,174.0,0,0.0,0,0.0,0.0,768,332.0,0,0,0.0,789.0,347.0,0,0,0.0,759.0,330.0,0.0,0.0,0.0,0,0,1262,0,0.0,0.0,0.0,0.0,0.0,0.0,0.0,0.0,0.0,0.0,0.0,789.0,347.0,0.0,787.0,347.0,0.0,782.0,345.0,0.0,789.0,347.0,,,,26,,Malick,Yalcouyé,Yalcouye,Has joined Swansea City on loan for the rest of the season.,,0,0,0,0,0,0,0,0,0,0,0,0,0,,,,0.0,0.0,0.0,0.0,0.0,0,0,0
175,u,0.0,0.0,4.4,559,335.0,0,0.0,-1,1.0,0.1,525,191.0,1,0,1.0,465.0,206.0,0,3,0.0,603.0,218.0,0.0,0.2,0.0,11030,0,14311,11,0.0,0.0,0.0,0.0,0.0,0.0,0.0,0.0,0.0,0.0,0.0,671.0,257.0,0.0,666.0,261.0,0.0,640.0,248.0,0.0,673.0,259.0,,,,26,,Joe,Knight,Knight,has joined Stevenage permanently.,,1,0,0,0,0,0,0,0,0,0,0,0,0,,,,0.0,0.0,0.0,0.0,0.0,0,0,0
176,u,0.0,0.0,4.5,466,282.0,0,0.0,0,0.0,0.0,685,282.0,0,0,0.0,716.0,293.0,0,0,0.0,649.0,251.0,0.0,0.0,0.0,1435,0,4576,0,0.0,0.0,0.0,0.0,0.0,0.0,0.0,0.0,0.0,0.0,0.0,712.0,289.0,0.0,708.0,291.0,0.0,686.0,280.0,0.0,713.0,290.0,,,,26,,Adrian,Mazilu,Mazilu,has joined Dinamo Bucharest permanently.,,0,0,0,0,0,0,0,0,0,0,0,0,0,,,,0.0,0.0,0.0,0.0,0.0,0,0,0
177,u,0.0,0.0,4.5,455,271.0,0,0.0,0,0.0,0.0,694,287.0,0,0,0.0,708.0,285.0,0,0,0.0,641.0,243.0,0.0,0.0,0.0,490,0,5081,0,0.0,0.0,0.0,0.0,0.0,0.0,0.0,0.0,0.0,0.0,0.0,704.0,281.0,0.0,700.0,283.0,0.0,678.0,272.0,0.0,705.0,282.0,,,,26,,Andrew,Moran,Moran,Has joined Los Angeles FC on loan for the rest of the season.,,0,0,0,0,0,0,0,0,0,0,0,0,0,,,,0.0,0.0,0.0,0.0,0.0,0,0,0
178,a,100.0,100.0,6.2,71,23.0,0,0.0,-3,3.0,3.7,90,15.0,71,0,3.0,196.0,21.0,8,271,1.2,248.0,32.0,0.2,11.5,0.0,1968695,274,2092634,825,1.2,1.2,8.31,0.74,9.05,20.6,0.55,0.05,0.6,1.36,317.4,143.0,13.0,186.4,146.0,10.0,401.0,31.0,15.0,89.9,74.0,14.0,,2.0,2.0,26,,Danny,Welbeck,Welbeck,,,1364,8,0,4,20,0,0,2,4,0,0,15,65,,,,0.0,0.26,1.32,0.99,4.29,14,20,31
179,u,0.0,0.0,5.5,151,39.0,0,0.0,0,0.0,0.0,751,91.0,0,0,0.0,805.0,88.0,0,0,0.0,790.0,82.0,0.0,0.0,0.0,0,0,1556,0,0.0,0.0,0.0,0.0,0.0,0.0,0.0,0.0,0.0,0.0,0.0,805.0,88.0,0.0,804.0,88.0,0.0,801.0,88.0,0.0,805.0,88.0,,,,26,,Evan,Ferguson,Ferguson,Has joined AS Roma on loan for the rest of the season,,0,0,0,0,0,0,0,0,0,0,0,0,0,,,,0.0,0.0,0.0,0.0,0.0,0,0,0
180,i,0.0,0.0,5.2,222,51.0,0,0.0,-3,3.0,0.1,527,75.0,16,0,1.8,363.0,42.0,0,55,0.0,769.0,80.0,0.0,3.1,0.0,13071,0,22946,8,0.0,0.0,0.44,0.11,0.55,2.59,0.3,0.08,0.38,1.77,66.6,378.0,39.0,65.7,290.0,30.0,44.0,312.0,50.0,17.7,366.0,45.0,,,,26,,Stefanos,Tzimas,Tzimas,Knee injury - Expected back 01 Jun,,132,1,1,0,2,0,0,0,0,0,0,1,15,,,,0.0,0.0,1.36,0.68,10.23,3,2,10
181,a,,,4.8,377,64.0,0,0.0,-2,2.0,0.4,291,45.0,29,0,1.9,342.0,37.0,3,115,2.2,142.0,19.0,0.5,6.0,0.0,52837,85,70811,39,2.2,2.2,1.7,0.22,1.92,4.41,0.54,0.07,0.61,1.4,129.6,305.0,29.0,78.2,268.0,28.0,188.0,119.0,30.0,39.5,265.0,30.0,,,,26,,Charalampos,Kostoulas,Kostoulas,,,283,2,1,1,6,0,0,0,2,0,0,2,38,,,,0.0,0.32,1.91,0.64,12.08,11,5,22
744,a,,,4.5,471,285.0,0,0.0,0,0.0,0.0,713,299.0,1,0,1.0,472.0,212.0,0,3,0.0,653.0,254.0,0.0,0.2,0.0,2559,6,1814,3,0.0,0.0,0.0,0.0,0.0,0.0,0.0,0.0,0.0,0.0,0.0,716.0,292.0,0.0,711.0,293.0,0.0,690.0,283.0,0.0,717.0,293.0,,,,26,,Nehemiah,Oriola,Oriola,,,1,0,0,0,0,0,0,0,0,0,0,0,0,,,,0.0,0.0,0.0,0.0,0.0,0,0,0
761,a,,,4.0,723,200.0,0,0.0,0,0.0,0.0,724,250.0,0,0,0.0,621.0,238.0,0,0,0.0,522.0,215.0,0.0,0.0,0.0,771,3,539,3,0.0,0.0,0.0,0.0,0.0,0.0,0.0,0.0,0.0,0.0,0.0,612.0,238.0,0.0,604.0,238.0,0.0,567.0,233.0,0.0,614.0,238.0,,,,26,,Freddie,Simmonds,Simmonds,,,0,0,0,0,0,0,0,0,0,0,0,0,0,,,,0.0,0.0,0.0,0.0,0.0,0,0,0
783,a,,,5.5,135,83.0,0,0.0,0,0.0,0.1,500,177.0,21,0,3.5,122.0,56.0,4,104,3.8,44.0,21.0,0.7,3.8,0.0,16322,55,5748,48,3.8,3.8,0.49,1.12,1.61,6.67,0.09,0.22,0.31,1.29,114.2,322.0,145.0,178.6,156.0,108.0,61.0,284.0,152.0,35.2,286.0,139.0,,,,26,,Pascal,Groß,Groß,,,466,1,0,1,4,0,0,0,2,0,0,5,48,,,,0.0,0.19,0.77,0.97,9.27,8,16,24
795,a,,,4.5,493,302.0,0,0.0,0,0.0,0.0,781,340.0,2,0,2.0,323.0,142.0,0,6,0.4,335.0,147.0,0.1,0.4,0.0,406,6,99,1,0.4,0.4,0.0,0.02,0.02,0.79,0.0,0.03,0.03,1.02,6.0,463.0,207.0,3.8,442.0,213.0,0.0,710.0,298.0,1.0,474.0,218.0,,,,26,,Harry,Howell,Howell,,,70,0,0,0,1,0,0,0,0,0,0,1,3,,,,0.0,0.0,1.29,1.29,3.86,0,2,1
220,a,100.0,100.0,4.9,312,13.0,0,0.0,-1,1.0,15.1,22,3.0,93,1,3.7,96.0,10.0,7,415,3.8,42.0,3.0,0.8,19.0,0.0,1633421,927,2623689,1877,3.8,3.8,0.0,0.04,0.04,33.65,0.0,0.0,0.0,1.4,581.8,19.0,5.0,50.0,325.0,1.0,0.0,751.0,85.0,62.8,161.0,4.0,,,,26,,Robert,Lynch Sánchez,Sánchez,,,2164,0,1,9,29,0,0,0,2,1,65,25,89,,,,2.7,0.37,1.21,1.04,0.0,0,19,217
221,d,75.0,75.0,4.3,602,29.0,0,0.0,-2,2.0,0.2,398,58.0,3,0,1.5,400.0,30.0,0,18,0.0,561.0,84.0,0.0,0.7,0.0,14932,2,26301,21,0.0,0.0,0.0,0.0,0.0,2.78,0.0,0.0,0.0,1.44,28.2,424.0,30.0,0.0,632.0,81.0,0.0,602.0,68.0,2.8,453.0,30.0,,,,26,,Filip,Jörgensen,Jörgensen,Knock - 75% chance of playing,,174,0,0,0,3,0,0,0,0,0,3,1,7,,,,1.55,0.0,1.55,0.52,0.0,0,2,14
222,u,0.0,0.0,4.0,708,64.0,0,0.0,0,0.0,0.0,790,89.0,0,0,0.0,608.0,83.0,0,0,0.0,507.0,75.0,0.0,0.0,0.0,0,0,339,0,0.0,0.0,0.0,0.0,0.0,0.0,0.0,0.0,0.0,0.0,0.0,599.0,83.0,0.0,591.0,71.0,0.0,554.0,56.0,0.0,601.0,83.0,,,,26,,Mike,Penders,Penders,Has joined RC Strasbourg on loan for the rest of the season.,,0,0,0,0,0,0,0,0,0,0,0,0,0,,,,0.0,0.0,0.0,0.0,0.0,0,0,0
223,a,,,3.9,761,82.0,0,0.0,-1,1.0,0.1,459,70.0,0,0,0.0,550.0,50.0,0,0,0.0,445.0,41.0,0.0,0.0,0.0,9834,0,12198,8,0.0,0.0,0.0,0.0,0.0,0.0,0.0,0.0,0.0,0.0,0.0,541.0,50.0,0.0,530.0,35.0,0.0,490.0,20.0,0.0,543.0,50.0,,,,26,,Gabriel,Słonina,Slonina,,,0,0,0,0,0,0,0,0,0,0,0,0,0,,,,0.0,0.0,0.0,0.0,0.0,0,0,0
224,a,100.0,100.0,6.1,80,3.0,0,0.0,1,-1.0,17.5,20,7.0,90,1,3.8,93.0,34.0,5,409,4.2,27.0,8.0,0.7,14.8,0.0,2712303,2170,3197314,1847,4.2,4.2,1.64,2.73,4.37,27.63,0.08,0.13,0.21,1.32,424.2,73.0,32.0,369.1,44.0,4.0,194.0,115.0,20.0,98.7,62.0,12.0,,,,26,,Marc,Cucurella Saseta,Cucurella,,,1885,1,3,9,21,0,0,0,5,1,0,22,178,,,,0.0,0.43,1.0,1.05,6.73,44,97,85
225,d,75.0,75.0,5.7,118,12.0,0,0.0,2,-2.0,8.6,45,14.0,97,0,4.2,56.0,21.0,9,402,2.8,106.0,39.0,0.5,17.0,0.0,2038939,43,1750656,7459,2.1,2.1,0.86,2.3,3.16,24.36,0.05,0.13,0.18,1.43,406.8,84.0,36.0,399.5,40.0,3.0,89.0,244.0,68.0,89.7,75.0,16.0,2.0,2.0,,26,,Reece,James,James,Illness - 75% chance of playing,,1534,2,5,7,16,0,0,0,4,0,0,16,144,,,,0.0,0.41,0.94,0.94,6.16,40,65,81
226,a,100.0,100.0,5.8,106,8.0,0,0.0,8,-8.0,23.8,15,5.0,122,1,4.9,19.0,7.0,7,449,4.0,34.0,12.0,0.7,21.0,0.0,4640398,2836,1983898,3854,4.0,4.0,1.14,0.74,1.88,31.89,0.05,0.03,0.08,1.31,599.2,17.0,7.0,88.1,253.0,75.0,145.0,169.0,37.0,83.2,99.0,27.0,,,,26,,Trevoh,Chalobah,Chalobah,,,2190,3,1,9,29,0,0,0,3,1,0,25,255,,,,0.0,0.37,1.19,1.03,9.16,31,192,93
227,i,0.0,0.0,4.7,389,66.0,0,0.0,-3,3.0,0.1,471,172.0,0,0,0.0,754.0,259.0,0,0,0.0,700.0,249.0,0.0,0.0,0.0,1138,1,30521,3,0.0,0.0,0.0,0.0,0.0,0.0,0.0,0.0,0.0,0.0,0.0,754.0,259.0,0.0,749.0,259.0,0.0,735.0,259.0,0.0,754.0,259.0,,,,26,,Levi,Samuels Colwill,Colwill,Anterior cruciate ligament - Unknown return date,,0,0,0,0,0,0,0,0,0,0,0,0,0,,,,0.0,0.0,0.0,0.0,0.0,0,0,0
228,a,100.0,100.0,4.9,337,55.0,0,0.0,-1,1.0,2.0,130,50.0,77,0,3.3,144.0,53.0,7,303,0.8,277.0,102.0,0.2,15.7,0.0,455726,424,435420,550,0.8,0.8,1.46,1.19,2.65,25.29,0.09,0.07,0.16,1.54,311.0,149.0,65.0,248.5,103.0,26.0,141.0,171.0,38.0,70.0,134.0,42.0,,,,26,,Malo,Gusto,Gusto,,,1476,2,2,6,20,0,0,0,2,1,0,16,119,,,,0.0,0.37,1.22,0.98,5.43,40,49,89
229,a,100.0,100.0,4.4,535,114.0,0,0.0,-1,1.0,0.0,608,215.0,7,0,0.9,500.0,173.0,0,48,0.8,271.0,98.0,0.2,1.6,0.0,8663,5,7412,49,0.8,0.8,0.0,0.06,0.06,7.41,0.0,0.01,0.01,1.42,102.8,328.0,124.0,7.9,426.0,154.0,2.0,435.0,164.0,11.4,398.0,143.0,,,,26,,Benoît,Badiashile Mukinayi,B.Badiashile,,,470,0,0,0,10,0,0,0,2,0,0,6,51,,,,0.0,0.0,1.91,1.15,9.19,7,41,16
230,a,100.0,100.0,4.4,540,117.0,0,0.0,-1,1.0,0.5,263,99.0,49,1,3.3,141.0,51.0,3,224,1.6,195.0,71.0,0.4,11.1,0.0,106250,70,84495,208,1.6,1.6,0.25,0.52,0.77,15.0,0.02,0.05,0.07,1.42,302.0,162.0,67.0,32.4,362.0,127.0,22.0,362.0,124.0,35.6,282.0,94.0,,,,26,,Wesley,Fofana,Fofana,,,952,0,1,4,10,0,0,0,2,0,0,10,135,,,,0.0,0.38,0.95,0.95,12.01,14,113,50
231,a,100.0,100.0,4.5,479,96.0,0,0.0,0,0.0,0.0,715,245.0,0,0,0.0,725.0,258.0,0,0,0.0,661.0,246.0,0.0,0.0,0.0,759,6,2091,7,0.0,0.0,0.0,0.0,0.0,0.0,0.0,0.0,0.0,0.0,0.0,723.0,258.0,0.0,718.0,258.0,0.0,698.0,258.0,0.0,724.0,258.0,,,,26,,Mamadou,Sarr,M.Sarr,,,0,0,0,0,0,0,0,0,0,0,0,0,0,,,,0.0,0.0,0.0,0.0,0.0,0,0,0
232,d,75.0,75.0,4.0,663,162.0,0,0.0,-5,5.0,0.2,342,124.0,30,0,2.7,234.0,91.0,2,115,0.6,286.0,104.0,0.2,7.5,0.0,105087,6,220264,20,0.4,0.4,0.11,0.4,0.5,10.99,0.01,0.05,0.06,1.4,216.2,223.0,88.0,32.0,364.0,129.0,19.0,370.0,128.0,26.8,327.0,112.0,,,,26,,Tosin,Adarabioyo,Tosin,Lack of match fitness - 75% chance of playing,,704,0,0,2,11,0,0,0,2,0,0,7,101,,,,0.0,0.26,1.41,0.89,11.12,13,74,18
233,a,100.0,100.0,3.7,816,264.0,0,0.0,-3,3.0,1.4,160,63.0,32,0,2.9,199.0,75.0,5,99,0.4,322.0,114.0,0.1,8.6,0.0,520174,1022,464580,232,0.4,0.4,0.6,0.1,0.7,13.54,0.1,0.02,0.12,2.15,118.4,312.0,118.0,27.3,370.0,131.0,64.0,277.0,81.0,21.1,353.0,122.0,,,,26,,Josh,Acheampong,Acheampong,,,566,1,0,2,11,0,0,0,1,0,0,7,57,,,,0.0,0.32,1.75,1.11,6.52,9,32,23
234,u,0.0,0.0,4.0,729,206.0,0,0.0,0,0.0,0.1,575,207.0,0,0,0.0,625.0,242.0,0,0,0.0,526.0,219.0,0.0,0.0,0.0,1262,0,10111,2,0.0,0.0,0.0,0.0,0.0,0.0,0.0,0.0,0.0,0.0,0.0,616.0,242.0,0.0,608.0,242.0,0.0,572.0,238.0,0.0,618.0,242.0,,,,26,,Aarón,Anselmino,Anselmino,has joined Strasbourg on loan for the rest of the season.,,0,0,0,0,0,0,0,0,0,0,0,0,0,,,,0.0,0.0,0.0,0.0,0.0,0,0,0
235,a,100.0,100.0,10.5,3,2.0,0,0.0,0,0.0,14.1,25,9.0,76,9,5.1,12.0,7.0,4,269,8.0,2.0,1.0,0.8,7.2,0.0,1936984,23207,6938838,208,8.0,8.0,7.74,0.76,8.5,17.81,0.7,0.07,0.77,1.61,307.4,154.0,56.0,127.6,201.0,133.0,288.0,67.0,42.0,72.2,129.0,72.0,,1.0,1.0,26,,Cole,Palmer,Palmer,,,993,8,2,2,15,0,0,0,3,0,0,13,72,,,,0.0,0.18,1.36,1.18,6.53,13,16,43
236,a,100.0,100.0,7.0,37,23.0,0,0.0,0,0.0,5.0,70,25.0,99,1,3.8,94.0,43.0,6,426,2.2,153.0,67.0,0.3,14.1,0.0,1887755,228,1829466,2511,2.2,2.2,4.13,5.18,9.31,27.11,0.19,0.24,0.43,1.23,409.8,83.0,27.0,614.6,10.0,10.0,406.0,30.0,16.0,143.3,16.0,12.0,1.0,4.0,,26,,Pedro,Lomba Neto,Neto,,,1982,5,4,10,19,0,0,0,2,0,0,22,99,,,,0.0,0.45,0.86,1.0,4.5,15,17,67
237,a,100.0,100.0,6.9,41,24.0,0,0.0,4,-4.0,23.1,16,5.0,118,2,4.7,26.0,12.0,14,502,5.2,14.0,11.0,0.8,17.1,0.0,5211356,2539,2981083,9870,5.2,5.2,9.81,5.09,14.9,31.19,0.41,0.21,0.62,1.31,598.6,18.0,5.0,624.1,9.0,9.0,581.0,13.0,5.0,180.5,3.0,2.0,3.0,3.0,2.0,26,,Enzo,Fernández,Enzo,,,2144,8,3,8,27,0,0,0,6,0,0,24,178,,,,0.0,0.34,1.13,1.01,7.47,45,38,95
238,a,100.0,100.0,6.4,62,40.0,0,0.0,-1,1.0,2.4,119,38.0,55,3,2.9,212.0,90.0,4,171,3.2,87.0,39.0,0.5,8.6,0.0,838851,540,804852,1092,3.2,3.2,2.83,2.12,4.95,8.13,0.35,0.26,0.61,0.99,172.4,263.0,112.0,202.2,134.0,93.0,274.0,75.0,46.0,64.7,154.0,85.0,4.0,,3.0,26,,Estêvão,Almeida de Oliveira Gonçalves,Estêvão,,,738,2,5,4,8,0,0,0,3,0,0,10,51,,,,0.0,0.49,0.98,1.22,6.22,10,8,33
239,i,0.0,0.0,6.0,87,56.0,0,0.0,-5,5.0,0.1,469,161.0,25,0,1.6,394.0,176.0,0,99,0.4,355.0,162.0,0.1,4.2,0.0,17071,1,41339,12,0.0,0.0,0.81,0.94,1.75,8.89,0.15,0.17,0.32,1.65,93.0,342.0,150.0,130.4,196.0,130.0,91.0,240.0,131.0,31.3,305.0,148.0,,,,26,,Jamie,Bynoe-Gittens,Gittens,Hamstring injury - Unknown return date,,486,0,2,1,7,0,0,0,0,0,0,5,29,,,,0.0,0.19,1.3,0.93,5.37,8,6,15
240,u,0.0,0.0,5.9,96,61.0,0,0.0,-1,1.0,0.1,518,188.0,0,0,0.0,807.0,360.0,0,0,0.0,795.0,354.0,0.0,0.0,0.0,2668,0,23691,2,0.0,0.0,0.0,0.0,0.0,0.0,0.0,0.0,0.0,0.0,0.0,807.0,360.0,0.0,807.0,360.0,0.0,807.0,360.0,0.0,807.0,360.0,,,,26,,Christopher,Nkunku,Nkunku,has joined AC Milan permanently.,,0,0,0,0,0,0,0,0,0,0,0,0,0,,,,0.0,0.0,0.0,0.0,0.0,0,0,0
241,a,100.0,100.0,5.7,120,74.0,0,0.0,2,-2.0,8.0,47,17.0,85,1,4.0,70.0,32.0,10,411,3.2,85.0,37.0,0.6,14.9,0.0,3212333,708,3114205,1203,3.2,3.2,1.09,1.67,2.76,27.01,0.06,0.08,0.14,1.37,435.4,68.0,20.0,242.2,107.0,77.0,100.0,228.0,124.0,77.5,113.0,62.0,,,,26,,Moisés,Caicedo Corozo,Caicedo,,,1774,3,1,6,25,0,0,0,8,1,0,20,264,,,,0.0,0.3,1.27,1.01,13.39,64,78,122
244,i,0.0,0.0,4.9,343,211.0,0,0.0,-1,1.0,0.0,699,291.0,4,0,1.0,487.0,224.0,0,22,0.0,738.0,313.0,0.0,0.8,0.0,2538,0,4560,1,0.0,0.0,0.0,0.05,0.05,2.79,0.0,0.04,0.04,2.39,9.6,453.0,202.0,7.5,427.0,208.0,2.0,442.0,216.0,1.8,462.0,208.0,,,,26,,Roméo,Lavia,Lavia,Thigh injury - Expected back 21 Feb,,105,0,0,0,3,0,0,0,0,0,0,1,11,,,,0.0,0.0,2.57,0.86,9.43,2,5,4
245,s,0.0,0.0,4.9,333,206.0,0,0.0,-1,1.0,0.0,745,317.0,0,0,0.0,772.0,334.0,0,0,0.0,734.0,311.0,0.0,0.0,0.0,924,0,1247,1,0.0,0.0,0.0,0.0,0.0,0.0,0.0,0.0,0.0,0.0,0.0,772.0,334.0,0.0,768.0,334.0,0.0,759.0,330.0,0.0,772.0,334.0,,,,26,,Mykhailo,Mudryk,Mudryk,Suspended - unknown return date,,0,0,0,0,0,0,0,0,0,0,0,0,0,,,,0.0,0.0,0.0,0.0,0.0,0,0,0
246,a,100.0,100.0,4.5,460,276.0,0,0.0,0,0.0,0.3,325,108.0,26,2,1.4,416.0,186.0,0,143,1.6,197.0,83.0,0.4,5.8,0.0,69958,87,79007,40,1.6,1.6,1.7,0.7,2.4,12.19,0.19,0.08,0.27,1.38,124.0,308.0,139.0,113.9,214.0,138.0,59.0,287.0,153.0,29.6,312.0,151.0,,,,26,,Andrey,Nascimento dos Santos,Andrey Santos,,,795,0,0,1,9,0,0,0,4,0,0,8,93,,,,0.0,0.11,1.02,0.91,10.53,25,34,34
247,i,0.0,0.0,4.3,596,348.0,0,0.0,-2,2.0,0.1,580,216.0,0,0,0.0,642.0,240.0,0,0,0.0,556.0,188.0,0.0,0.0,0.0,11574,14,13596,7,0.0,0.0,0.0,0.0,0.0,0.0,0.0,0.0,0.0,0.0,0.0,633.0,231.0,0.0,628.0,236.0,0.0,597.0,219.0,0.0,635.0,233.0,,,,26,,Dário,Luís Essugo,D.Essugo,Knock - Expected back 21 Feb,,0,0,0,0,0,0,0,0,0,0,0,0,0,,,,0.0,0.0,0.0,0.0,0.0,0,0,0
248,u,0.0,0.0,4.5,500,307.0,0,0.0,0,0.0,0.0,772,333.0,0,0,0.0,739.0,309.0,0,0,0.0,678.0,273.0,0.0,0.0,0.0,0,0,947,0,0.0,0.0,0.0,0.0,0.0,0.0,0.0,0.0,0.0,0.0,0.0,739.0,309.0,0.0,733.0,309.0,0.0,715.0,302.0,0.0,739.0,309.0,,,,26,,Kendry,Páez Andrade,Paez,has joined River Plate on loan for the rest of the season.,,0,0,0,0,0,0,0,0,0,0,0,0,0,,,,0.0,0.0,0.0,0.0,0.0,0,0,0
249,a,,,7.6,21,7.0,0,0.0,1,-1.0,44.5,3,2.0,131,9,5.0,16.0,4.0,23,531,9.4,1.0,1.0,1.2,17.2,0.0,6935056,18991,7975946,503,9.4,9.4,9.22,1.65,10.87,26.31,0.44,0.08,0.52,1.25,528.0,38.0,4.0,362.2,46.0,1.0,564.0,15.0,10.0,145.0,15.0,4.0,,,,26,,João Pedro,Junqueira de Jesus,João Pedro,,,1887,10,8,9,20,0,0,0,3,0,0,22,108,,,,0.0,0.43,0.95,1.05,5.15,18,34,56
250,a,100.0,100.0,6.2,76,25.0,0,0.0,-3,3.0,1.0,195,32.0,33,1,1.9,349.0,40.0,1,104,2.4,135.0,17.0,0.4,5.3,0.0,105614,53,456635,196,2.4,2.4,3.58,0.18,3.75,10.34,0.46,0.02,0.48,1.31,58.8,390.0,42.0,50.8,323.0,35.0,279.0,72.0,26.0,38.3,271.0,32.0,,,,26,,Liam,Delap,Delap,,,708,1,2,2,12,0,0,0,2,0,0,9,25,,,,0.0,0.25,1.53,1.14,3.18,2,7,16
251,u,0.0,0.0,6.5,55,19.0,0,0.0,0,0.0,0.1,531,76.0,0,0,0.0,813.0,91.0,0,0,0.0,808.0,88.0,0.0,0.0,0.0,4962,0,15308,2,0.0,0.0,0.0,0.0,0.0,0.0,0.0,0.0,0.0,0.0,0.0,813.0,91.0,0.0,813.0,91.0,0.0,813.0,91.0,0.0,813.0,91.0,,,,26,,Nicolas,Jackson,N.Jackson,has joined Bayern Munich on loan for the rest of the season.,,0,0,0,0,0,0,0,0,0,0,0,0,0,,,,0.0,0.0,0.0,0.0,0.0,0,0,0
252,a,100.0,100.0,4.2,642,88.0,0,0.0,-3,3.0,6.0,61,12.0,12,0,1.3,419.0,52.0,0,19,0.0,539.0,50.0,0.0,2.9,0.0,1174749,419,2642889,605,0.0,0.0,1.46,0.29,1.75,5.65,0.53,0.11,0.64,2.06,24.6,430.0,50.0,38.8,349.0,42.0,81.0,253.0,46.0,12.6,386.0,46.0,,,,26,,Marc,Guiu Paz,Marc Guiu,,,247,0,1,0,2,0,0,0,1,0,0,1,7,,,,0.0,0.0,0.73,0.36,2.55,0,4,3
453,a,,,6.4,61,39.0,0,0.0,-1,1.0,0.5,259,87.0,42,0,2.6,256.0,110.0,2,151,0.6,314.0,138.0,0.1,6.6,0.0,233926,43,220242,180,0.6,0.6,2.49,2.57,5.06,16.16,0.25,0.26,0.51,1.64,141.0,292.0,130.0,247.4,104.0,74.0,273.0,76.0,47.0,65.2,153.0,84.0,,,,26,,Alejandro,Garnacho Ferreyra,Garnacho,,,889,1,3,4,12,0,0,0,1,0,0,12,49,,,,0.0,0.4,1.21,1.21,4.96,8,7,34
672,a,100.0,100.0,4.6,404,71.0,0,0.0,-4,4.0,0.2,397,146.0,8,0,0.7,506.0,175.0,0,25,0.6,291.0,108.0,0.1,1.7,0.0,13561,14,37930,12,0.6,0.6,0.22,0.33,0.55,6.6,0.05,0.08,0.13,1.62,67.2,377.0,144.0,41.0,346.0,120.0,17.0,378.0,133.0,12.5,389.0,139.0,,,,26,,Jorrel,Hato,Hato,,,366,0,0,0,9,0,0,0,2,0,0,3,39,,,,0.0,0.0,2.21,0.74,8.36,11,23,14
743,a,,,4.5,501,308.0,0,0.0,0,0.0,0.0,726,304.0,0,0,0.0,740.0,310.0,0,0,0.0,679.0,274.0,0.0,0.0,0.0,1406,1,1227,0,0.0,0.0,0.0,0.0,0.0,0.0,0.0,0.0,0.0,0.0,0.0,740.0,310.0,0.0,734.0,310.0,0.0,716.0,303.0,0.0,740.0,310.0,,,,26,,Landon,Emenalo,Emenalo,,,0,0,0,0,0,0,0,0,0,0,0,0,0,,,,0.0,0.0,0.0,0.0,0.0,0,0,0
789,a,,,4.0,703,63.0,0,0.0,0,0.0,0.0,771,87.0,0,0,0.0,604.0,82.0,0,0,0.0,502.0,74.0,0.0,0.0,0.0,309,0,189,1,0.0,0.0,0.0,0.0,0.0,0.0,0.0,0.0,0.0,0.0,0.0,595.0,82.0,0.0,587.0,70.0,0.0,549.0,55.0,0.0,597.0,82.0,,,,26,,Max,Merrick,Merrick,,,0,0,0,0,0,0,0,0,0,0,0,0,0,,,,0.0,0.0,0.0,0.0,0.0,0,0,0
803,a,,,4.0,696,59.0,0,0.0,0,0.0,0.0,803,93.0,0,0,0.0,599.0,78.0,0,0,0.0,497.0,70.0,0.0,0.0,0.0,89,0,36,1,0.0,0.0,0.0,0.0,0.0,0.0,0.0,0.0,0.0,0.0,0.0,590.0,78.0,0.0,582.0,66.0,0.0,544.0,51.0,0.0,592.0,78.0,,,,26,,Teddy,Sharman-Lowe,Sharman-Lowe,,,0,0,0,0,0,0,0,0,0,0,0,0,0,,,,0.0,0.0,0.0,0.0,0.0,0,0,0
253,a,,,5.0,246,8.0,0,0.0,0,0.0,7.4,53,8.0,92,0,3.7,98.0,11.0,4,395,2.6,116.0,12.0,0.5,18.4,0.0,895470,632,864369,309,2.6,2.6,0.0,0.09,0.09,33.25,0.0,0.0,0.0,1.33,535.0,36.0,11.0,10.0,419.0,11.0,0.0,766.0,87.0,54.4,202.0,11.0,,,,26,,Dean,Henderson,Henderson,,,2250,0,0,9,29,0,0,0,2,0,66,25,80,,,,2.64,0.36,1.16,1.0,0.0,0,36,200
254,a,100.0,100.0,4.0,665,45.0,0,0.0,0,0.0,0.3,316,43.0,0,0,0.0,573.0,65.0,0,0,0.0,469.0,56.0,0.0,0.0,0.0,14097,23,29801,10,0.0,0.0,0.0,0.0,0.0,0.0,0.0,0.0,0.0,0.0,0.0,564.0,65.0,0.0,555.0,52.0,0.0,516.0,37.0,0.0,566.0,65.0,,,,26,,Walter,Benítez,Benitez,,,0,0,0,0,0,0,0,0,0,0,0,0,0,,,,0.0,0.0,0.0,0.0,0.0,0,0,0
255,a,,,3.9,746,76.0,0,0.0,-1,1.0,0.1,475,71.0,0,0,0.0,541.0,44.0,0,0,0.0,436.0,35.0,0.0,0.0,0.0,5717,4,8283,2,0.0,0.0,0.0,0.0,0.0,0.0,0.0,0.0,0.0,0.0,0.0,532.0,44.0,0.0,521.0,29.0,0.0,481.0,14.0,0.0,534.0,44.0,,,,26,,Remi,Matthews,Matthews,,,0,0,0,0,0,0,0,0,0,0,0,0,0,,,,0.0,0.0,0.0,0.0,0.0,0,0,0
256,a,100.0,100.0,5.8,108,9.0,0,0.0,3,-3.0,8.0,49,16.0,97,0,5.7,7.0,2.0,7,331,1.6,206.0,75.0,0.3,16.7,0.0,3523254,2891,3648861,378,1.6,1.6,1.83,2.38,4.21,20.35,0.11,0.14,0.25,1.21,384.0,95.0,44.0,207.9,129.0,33.0,255.0,80.0,5.0,84.5,93.0,22.0,,,,26,,Daniel,Muñoz Mejía,Muñoz,,,1515,3,3,8,15,0,0,0,5,0,0,17,160,,,,0.0,0.48,0.89,1.01,7.13,38,82,63
257,a,,,5.1,233,33.0,0,0.0,1,-1.0,6.3,59,20.0,113,0,4.5,35.0,12.0,7,413,3.0,92.0,34.0,0.6,22.2,0.0,1533961,2653,961521,448,3.0,3.0,1.64,0.71,2.35,33.25,0.07,0.03,0.1,1.33,574.8,23.0,9.0,77.2,273.0,84.0,187.0,120.0,22.0,83.9,95.0,24.0,,,,26,,Maxence,Lacroix,Lacroix,,,2250,0,2,9,29,0,0,0,3,0,0,25,292,,,,0.0,0.36,1.16,1.0,10.6,49,216,73
258,a,,,5.0,256,39.0,0,0.0,0,0.0,2.0,129,49.0,93,0,3.7,99.0,35.0,5,335,1.8,184.0,66.0,0.4,18.6,0.0,421342,258,355575,123,1.8,1.8,0.86,1.37,2.23,33.25,0.03,0.06,0.09,1.35,438.2,67.0,30.0,304.3,74.0,16.0,150.0,158.0,33.0,89.3,78.0,19.0,,,,26,,Tyrick,Mitchell,Mitchell,,,2218,1,0,9,29,0,0,0,5,0,0,25,221,,,,0.0,0.37,1.18,1.01,7.02,70,103,124
259,a,100.0,100.0,4.8,361,60.0,0,0.0,-2,2.0,0.1,451,165.0,5,0,1.0,483.0,172.0,0,10,0.2,381.0,142.0,0.0,1.0,0.0,9811,25,17479,4,0.2,0.2,0.0,0.06,0.06,0.83,0.0,0.1,0.1,1.41,11.0,449.0,166.0,12.2,401.0,147.0,4.0,421.0,157.0,2.7,454.0,163.0,,,,26,,Borna,Sosa,Sosa,,,53,0,0,0,1,0,0,0,0,0,0,0,8,,,,0.0,0.0,1.7,0.0,11.89,3,4,1
261,a,100.0,100.0,4.4,537,116.0,0,0.0,-1,1.0,2.7,112,45.0,93,0,4.4,40.0,14.0,3,338,3.6,52.0,20.0,0.8,21.1,0.0,897391,1398,745058,105,3.6,3.6,0.82,1.25,2.07,26.68,0.04,0.06,0.1,1.28,506.4,45.0,19.0,88.7,251.0,73.0,101.0,224.0,60.0,69.9,135.0,43.0,,,,26,,Chris,Richards,Richards,,,1882,1,0,8,25,0,0,0,2,0,0,21,230,,,,0.0,0.38,1.2,1.0,10.43,45,173,39
262,a,100.0,100.0,4.0,701,182.0,0,0.0,0,0.0,0.0,626,223.0,5,0,2.5,260.0,101.0,0,22,1.0,255.0,91.0,0.2,1.2,0.0,3883,18,2648,10,1.0,1.0,0.09,0.02,0.11,0.24,0.11,0.02,0.13,0.29,30.6,419.0,157.0,14.3,395.0,143.0,8.0,396.0,145.0,5.3,431.0,154.0,,,,26,,Chadi,Riad Dnanou,Chadi Riad,,,74,0,1,0,1,0,0,0,1,0,0,1,3,,,,0.0,0.0,1.22,1.22,3.65,0,3,5
263,a,100.0,100.0,3.8,782,232.0,0,0.0,-2,2.0,0.6,241,90.0,14,0,2.0,320.0,118.0,2,50,0.0,401.0,147.0,0.0,3.7,0.0,88079,40,96486,72,0.0,0.0,0.43,0.56,0.99,5.77,0.09,0.12,0.21,1.24,74.4,365.0,138.0,46.3,334.0,114.0,31.0,339.0,110.0,15.1,375.0,133.0,,,,26,,Nathaniel,Clyne,Clyne,,,418,0,1,0,8,0,0,0,0,0,0,6,34,,,,0.0,0.0,1.72,1.29,7.32,12,22,15
264,u,0.0,0.0,4.0,666,163.0,0,0.0,0,0.0,0.0,691,239.0,0,0,0.0,574.0,210.0,0,0,0.0,470.0,183.0,0.0,0.0,0.0,0,0,3889,0,0.0,0.0,0.0,0.0,0.0,0.0,0.0,0.0,0.0,0.0,0.0,565.0,210.0,0.0,556.0,210.0,0.0,517.0,203.0,0.0,567.0,210.0,,,,26,,Rob,Holding,Holding,Has joined Colorado Rapids permanently.,,0,0,0,0,0,0,0,0,0,0,0,0,0,,,,0.0,0.0,0.0,0.0,0.0,0,0,0
265,i,0.0,0.0,4.0,719,196.0,0,0.0,0,0.0,0.0,725,251.0,0,0,0.0,618.0,235.0,0,0,0.0,518.0,211.0,0.0,0.0,0.0,625,0,2217,0,0.0,0.0,0.0,0.0,0.0,0.0,0.0,0.0,0.0,0.0,0.0,609.0,235.0,0.0,601.0,235.0,0.0,564.0,230.0,0.0,611.0,235.0,,,,26,,Caleb,Kporha,Kporha,Back injury - Unknown return date,,0,0,0,0,0,0,0,0,0,0,0,0,0,,,,0.0,0.0,0.0,0.0,0.0,0,0,0
267,a,100.0,100.0,6.3,69,46.0,0,0.0,-2,2.0,3.8,86,29.0,69,0,4.6,32.0,17.0,6,215,3.4,73.0,31.0,0.5,11.0,0.0,2475336,2582,2616568,136,3.4,3.4,6.16,0.61,6.76,17.86,0.43,0.04,0.47,1.26,274.0,183.0,75.0,184.3,148.0,102.0,286.0,68.0,43.0,74.6,121.0,66.0,,,,26,,Ismaïla,Sarr,Sarr,,,1276,5,1,7,13,0,0,0,1,0,0,15,87,,,,0.0,0.49,0.92,1.06,6.14,11,29,47
268,i,0.0,0.0,4.9,328,203.0,0,0.0,-1,1.0,0.0,788,346.0,0,0,0.0,769.0,332.0,0,0,0.0,730.0,309.0,0.0,0.0,0.0,397,0,632,0,0.0,0.0,0.0,0.0,0.0,0.0,0.0,0.0,0.0,0.0,0.0,769.0,332.0,0.0,765.0,332.0,0.0,756.0,328.0,0.0,769.0,332.0,,,,26,,Cheick,Doucouré,Doucouré,Knee injury - Unknown return date,,0,0,0,0,0,0,0,0,0,0,0,0,0,,,,0.0,0.0,0.0,0.0,0.0,0,0,0
269,u,0.0,0.0,4.7,395,247.0,0,0.0,-3,3.0,0.1,449,154.0,4,0,1.0,481.0,220.0,0,12,0.0,703.0,291.0,0.0,0.9,0.0,11622,0,28375,7,0.0,0.0,0.0,0.04,0.04,1.74,0.0,0.09,0.09,3.92,6.8,459.0,206.0,2.7,445.0,214.0,6.0,414.0,201.0,1.5,470.0,214.0,,,,26,,Romain,Esse,Esse,has joined Coventry City on loan for the rest of the season.,,40,0,0,0,0,0,0,0,0,0,0,0,5,,,,0.0,0.0,0.0,0.0,11.25,3,0,2
270,a,100.0,100.0,4.7,380,237.0,0,0.0,-3,3.0,0.1,466,160.0,36,0,1.6,383.0,169.0,0,174,2.0,161.0,68.0,0.4,7.7,0.0,20341,30,23164,10,2.0,2.0,1.02,1.6,2.62,16.76,0.08,0.13,0.21,1.33,145.4,285.0,126.0,258.9,96.0,72.0,77.0,259.0,139.0,48.2,227.0,115.0,5.0,,,26,,Will,Hughes,Hughes,,,1137,0,1,5,13,0,0,0,5,0,0,13,111,,,,0.0,0.4,1.03,1.03,8.79,20,41,50
271,a,100.0,100.0,5.0,251,152.0,0,0.0,0,0.0,0.1,530,192.0,46,0,3.1,173.0,75.0,0,204,0.2,385.0,172.0,0.0,9.2,0.0,43226,10,42493,4,0.2,0.2,0.9,1.54,2.44,14.31,0.07,0.12,0.19,1.09,143.6,289.0,128.0,164.6,170.0,117.0,110.0,213.0,116.0,41.9,257.0,127.0,2.0,,,26,,Daichi,Kamada,Kamada,,,1179,0,2,6,11,0,0,0,1,0,0,14,130,,,,0.0,0.46,0.84,1.07,9.92,40,23,67
272,a,100.0,100.0,4.9,291,180.0,0,0.0,-1,1.0,0.1,513,185.0,50,0,2.3,290.0,125.0,3,191,3.4,66.0,27.0,0.7,10.2,0.0,11511,46,11694,11,3.4,3.4,1.01,0.83,1.84,14.24,0.08,0.07,0.15,1.15,196.0,243.0,104.0,138.6,191.0,127.0,174.0,132.0,76.0,50.9,217.0,109.0,,,,26,,Jefferson,Lerma Solís,Lerma,,,1111,0,3,5,12,0,0,0,5,0,0,11,143,,,,0.0,0.41,0.97,0.89,11.58,17,61,65
273,a,100.0,100.0,5.0,268,163.0,0,0.0,0,0.0,0.6,237,82.0,69,0,3.1,174.0,76.0,4,340,0.6,301.0,129.0,0.1,13.8,0.0,158360,117,162556,113,0.6,0.6,0.98,4.74,5.71,28.54,0.05,0.23,0.28,1.41,293.6,169.0,65.0,442.0,29.0,28.0,110.0,214.0,117.0,84.7,92.0,56.0,3.0,,,26,,Adam,Wharton,Wharton,,,1816,0,3,7,27,0,0,0,3,1,0,22,212,,,,0.0,0.35,1.34,1.09,10.51,52,48,112
274,a,,,4.3,612,358.0,0,0.0,-2,2.0,0.1,515,186.0,0,0,0.0,652.0,248.0,0,0,0.0,570.0,198.0,0.0,0.0,0.0,9847,87,8355,16,0.0,0.0,0.0,0.0,0.0,0.0,0.0,0.0,0.0,0.0,0.0,643.0,239.0,0.0,639.0,244.0,0.0,609.0,228.0,0.0,645.0,241.0,,,,26,,Asher,Agbinone,Agbinone,,,0,0,0,0,0,0,0,0,0,0,0,0,0,,,,0.0,0.0,0.0,0.0,0.0,0,0,0
275,u,0.0,0.0,4.3,589,345.0,0,0.0,-2,2.0,0.0,619,239.0,0,0,0.0,640.0,238.0,0,0,0.0,554.0,186.0,0.0,0.0,0.0,5497,0,7532,2,0.0,0.0,0.0,0.0,0.0,0.0,0.0,0.0,0.0,0.0,0.0,631.0,229.0,0.0,626.0,234.0,0.0,595.0,217.0,0.0,633.0,231.0,,,,26,,Naouirou,Ahamada,Ahamada,has joined AJ Auxerre permanently.,,0,0,0,0,0,0,0,0,0,0,0,0,0,,,,0.0,0.0,0.0,0.0,0.0,0,0,0
276,a,100.0,100.0,4.3,593,347.0,0,0.0,-2,2.0,1.3,168,55.0,29,0,1.6,380.0,167.0,0,81,0.4,331.0,144.0,0.1,6.7,0.0,269136,428,313700,167,0.4,0.4,2.38,0.36,2.74,10.05,0.36,0.05,0.41,1.53,86.6,347.0,154.0,94.5,242.0,150.0,164.0,144.0,83.0,34.5,288.0,140.0,,2.0,,26,,Justin,Devenny,Devenny,,,593,1,0,1,10,0,0,0,0,0,0,5,48,,,,0.0,0.15,1.52,0.76,7.28,16,8,24
277,u,0.0,0.0,4.5,433,259.0,0,0.0,0,0.0,0.0,791,348.0,0,0,0.0,697.0,275.0,0,0,0.0,628.0,232.0,0.0,0.0,0.0,0,0,745,0,0.0,0.0,0.0,0.0,0.0,0.0,0.0,0.0,0.0,0.0,0.0,692.0,270.0,0.0,688.0,273.0,0.0,665.0,262.0,0.0,694.0,272.0,,,,26,,Malcolm,Ebiowei,Ebiowei,Has joined Blackpool permanently.,,0,0,0,0,0,0,0,0,0,0,0,0,0,,,,0.0,0.0,0.0,0.0,0.0,0,0,0
278,u,0.0,0.0,4.4,543,324.0,0,0.0,-1,1.0,0.0,643,257.0,0,0,0.0,667.0,256.0,0,0,0.0,591.0,209.0,0.0,0.0,0.0,4359,0,9420,4,0.0,0.0,0.0,0.0,0.0,0.0,0.0,0.0,0.0,0.0,0.0,659.0,248.0,0.0,655.0,253.0,0.0,627.0,238.0,0.0,661.0,250.0,,,,26,,Jesurun,Rak-Sakyi,J.Rak-Sakyi,has joined Stoke City on loan for the rest of the season.,,0,0,0,0,0,0,0,0,0,0,0,0,0,,,,0.0,0.0,0.0,0.0,0.0,0,0,0
279,u,0.0,0.0,4.5,464,280.0,0,0.0,0,0.0,0.0,760,325.0,0,0,0.0,715.0,292.0,0,0,0.0,648.0,250.0,0.0,0.0,0.0,95,0,1644,0,0.0,0.0,0.0,0.0,0.0,0.0,0.0,0.0,0.0,0.0,0.0,711.0,288.0,0.0,707.0,290.0,0.0,685.0,279.0,0.0,712.0,289.0,,,,26,,Matheus,França de Oliveira,M.França,Has joined CR Vasco da Gama on loan for the rest of the season.,,0,0,0,0,0,0,0,0,0,0,0,0,0,,,,0.0,0.0,0.0,0.0,0.0,0,0,0
280,u,0.0,0.0,4.5,459,275.0,0,0.0,0,0.0,0.0,809,359.0,0,0,0.0,712.0,289.0,0,0,0.0,645.0,247.0,0.0,0.0,0.0,0,0,189,0,0.0,0.0,0.0,0.0,0.0,0.0,0.0,0.0,0.0,0.0,0.0,708.0,285.0,0.0,704.0,287.0,0.0,682.0,276.0,0.0,709.0,286.0,,,,26,,David,Ozoh,Ozoh,Has joined Derby County on loan for the rest of the season.,,0,0,0,0,0,0,0,0,0,0,0,0,0,,,,0.0,0.0,0.0,0.0,0.0,0,0,0
281,a,,,4.4,553,332.0,0,0.0,-1,1.0,0.0,587,221.0,1,0,1.0,464.0,205.0,0,2,0.0,597.0,215.0,0.0,0.2,0.0,5326,9,6518,3,0.0,0.0,0.0,0.0,0.0,0.65,0.0,0.0,0.0,19.5,0.0,665.0,254.0,0.1,482.0,233.0,0.0,634.0,245.0,0.0,667.0,256.0,,,,26,,Kaden,Rodney,Rodney,,,3,0,0,0,0,0,0,0,0,0,0,0,0,,,,0.0,0.0,0.0,0.0,0.0,0,0,0
282,u,0.0,0.0,4.5,478,291.0,0,0.0,0,0.0,0.0,695,288.0,0,0,0.0,724.0,299.0,0,0,0.0,660.0,260.0,0.0,0.0,0.0,860,0,3040,0,0.0,0.0,0.0,0.0,0.0,0.0,0.0,0.0,0.0,0.0,0.0,722.0,297.0,0.0,717.0,298.0,0.0,697.0,289.0,0.0,723.0,298.0,,,,26,,Franco,Umeh-Chibueze,Umeh,has joined Portsmouth permanently.,,0,0,0,0,0,0,0,0,0,0,0,0,0,,,,0.0,0.0,0.0,0.0,0.0,0,0,0
283,i,0.0,0.0,7.5,23,8.0,0,0.0,0,0.0,7.3,54,10.0,84,0,3.7,106.0,11.0,9,281,0.8,283.0,40.0,0.1,11.2,0.0,4729521,5,5032472,2911,0.0,0.0,11.88,1.26,13.14,26.67,0.56,0.06,0.62,1.26,411.8,81.0,6.0,119.7,208.0,21.0,664.0,5.0,4.0,119.4,35.0,8.0,,,2.0,26,,Jean-Philippe,Mateta,Mateta,Knee injury - Unknown return date,,1904,8,0,8,23,0,0,0,2,0,0,23,110,,,,0.0,0.38,1.09,1.09,5.2,8,51,51
284,i,0.0,0.0,5.4,166,43.0,0,0.0,-1,1.0,0.3,311,50.0,23,0,1.9,346.0,39.0,3,100,0.0,778.0,81.0,0.0,4.3,0.0,124225,4,143163,40,0.0,0.0,1.77,0.46,2.23,9.49,0.38,0.1,0.48,2.06,120.0,311.0,31.0,84.6,261.0,26.0,173.0,133.0,32.0,37.8,273.0,33.0,,,,26,,Eddie,Nketiah,Nketiah,Hamstring injury - Unknown return date,,414,2,0,0,12,0,0,0,2,0,0,2,38,,,,0.0,0.0,2.61,0.43,8.26,8,13,17
285,u,0.0,0.0,5.0,248,54.0,0,0.0,0,0.0,0.2,366,59.0,1,0,1.0,489.0,60.0,0,6,0.0,745.0,78.0,0.0,0.2,0.0,9044,0,89246,4,0.0,0.0,0.0,0.0,0.0,0.27,0.0,0.0,0.0,12.15,2.0,480.0,57.0,0.0,774.0,86.0,0.0,767.0,86.0,0.2,498.0,62.0,,,,26,,Odsonne,Édouard,Édouard,has joined RC Lens permanently.,,2,0,0,0,0,0,0,0,0,0,0,0,1,,,,0.0,0.0,0.0,0.0,45.0,1,0,0
286,a,,,4.4,560,80.0,0,0.0,-1,1.0,0.3,308,49.0,0,0,0.0,678.0,73.0,0,0,0.0,604.0,62.0,0.0,0.0,0.0,48569,70,55301,34,0.0,0.0,0.0,0.0,0.0,0.0,0.0,0.0,0.0,0.0,0.0,672.0,73.0,0.0,667.0,72.0,0.0,641.0,72.0,0.0,674.0,73.0,,,,26,,Zach,Marsh,Marsh,,,0,0,0,0,0,0,0,0,0,0,0,0,0,,,,0.0,0.0,0.0,0.0,0.0,0,0,0
580,a,,,6.5,50,32.0,0,0.0,-5,5.0,2.4,118,37.0,44,0,2.0,333.0,150.0,2,146,1.4,226.0,96.0,0.2,6.8,0.0,1138874,103,1304792,206,1.4,1.4,1.69,0.6,2.29,17.08,0.15,0.05,0.2,1.51,159.6,277.0,120.0,148.6,183.0,122.0,180.0,128.0,73.0,48.6,223.0,113.0,,,,26,,Brennan,Johnson,Johnson,,,1020,2,0,4,12,0,0,0,4,0,0,11,68,,,,0.0,0.35,1.06,0.97,6.0,17,22,29
654,a,100.0,100.0,6.1,82,26.0,0,0.0,-4,4.0,1.4,162,27.0,40,0,1.7,374.0,43.0,0,91,0.8,282.0,39.0,0.1,6.6,0.0,262982,787,621307,100,0.8,0.8,3.42,0.49,3.91,22.88,0.21,0.03,0.24,1.38,129.0,306.0,30.0,115.2,213.0,23.0,302.0,61.0,23.0,53.8,203.0,24.0,,,,26,,Jørgen,Strand Larsen,Strand Larsen,,,1489,1,1,4,26,0,0,1,3,0,0,15,59,,,,0.0,0.24,1.57,0.91,3.57,6,32,21
677,a,100.0,100.0,6.2,77,50.0,0,0.0,-3,3.0,0.0,607,234.0,29,0,2.1,319.0,141.0,0,98,1.2,249.0,106.0,0.2,4.7,0.0,8038,25,12403,8,1.2,1.2,1.19,0.48,1.67,9.02,0.17,0.07,0.24,1.32,115.6,318.0,143.0,65.8,289.0,167.0,138.0,174.0,98.0,31.6,303.0,146.0,,,,26,,Evann,Guessand,Guessand,,,617,0,3,1,10,0,0,0,0,0,0,6,58,,,,0.0,0.15,1.46,0.88,8.46,20,10,28
690,d,25.0,25.0,4.4,564,338.0,0,0.0,-1,1.0,0.3,330,113.0,0,0,0.0,681.0,265.0,0,0,0.0,607.0,220.0,0.0,0.0,0.0,57946,1,55005,24,0.0,0.0,0.0,0.0,0.0,0.0,0.0,0.0,0.0,0.0,0.0,675.0,259.0,0.0,670.0,263.0,0.0,644.0,250.0,0.0,677.0,261.0,,,,26,,Rio,Cardines,Cardines,Groin Injury - 25% chance of playing,,0,0,0,0,0,0,0,0,0,0,0,0,0,,,,0.0,0.0,0.0,0.0,0.0,0,0,0
712,a,100.0,100.0,5.8,111,69.0,0,0.0,-2,2.0,0.2,353,119.0,60,0,2.6,254.0,108.0,3,243,2.4,134.0,57.0,0.4,10.3,0.0,126813,72,103358,90,2.4,2.4,3.58,4.69,8.27,21.96,0.2,0.26,0.46,1.23,260.0,191.0,79.0,523.1,17.0,17.0,305.0,59.0,35.0,108.6,42.0,31.0,1.0,1.0,,26,,Yéremy,Pino Santos,Yeremy,,,1607,2,1,6,20,0,0,0,4,0,0,20,127,,,,0.0,0.34,1.12,1.12,7.11,30,23,74
723,a,100.0,100.0,4.5,511,98.0,0,0.0,0,0.0,0.0,648,227.0,27,0,3.0,184.0,71.0,4,71,0.0,689.0,247.0,0.0,6.0,0.0,4614,2,3506,6,0.0,0.0,0.05,0.12,0.17,7.65,0.01,0.03,0.04,1.96,99.0,332.0,126.0,7.1,429.0,155.0,10.0,391.0,140.0,11.5,394.0,141.0,,,,26,,Jaydee,Canvot,Canvot,,,352,0,0,2,6,0,0,0,1,0,0,3,52,,,,0.0,0.51,1.53,0.77,13.3,16,36,13
732,a,,,5.5,155,41.0,0,0.0,0,0.0,0.1,579,79.0,15,0,1.2,438.0,54.0,0,37,0.4,350.0,45.0,0.1,2.7,0.0,13328,18,9717,17,0.4,0.4,0.39,0.01,0.4,4.29,0.25,0.01,0.26,2.7,10.8,450.0,53.0,5.9,434.0,55.0,66.0,274.0,48.0,7.8,417.0,52.0,,,,26,,Christantus,Uche,Uche,,,143,0,1,0,4,0,0,0,0,0,0,0,12,,,,0.0,0.0,2.52,0.0,7.55,1,2,9
762,a,,,4.5,514,317.0,0,0.0,0,0.0,0.0,773,334.0,2,0,1.0,479.0,219.0,0,6,0.0,692.0,283.0,0.0,0.4,0.0,583,1,304,3,0.0,0.0,0.0,0.0,0.0,0.73,0.0,0.0,0.0,9.39,1.4,485.0,223.0,1.0,461.0,222.0,0.0,726.0,311.0,0.3,493.0,227.0,,,,26,,Joél,Drakes-Thomas,Drakes-Thomas,,,7,0,0,0,1,0,0,0,0,0,0,0,3,,,,0.0,0.0,12.86,0.0,38.57,1,0,2
773,a,,,4.0,732,209.0,0,0.0,0,0.0,0.0,737,254.0,0,0,0.0,626.0,243.0,0,0,0.0,527.0,220.0,0.0,0.0,0.0,541,2,355,1,0.0,0.0,0.0,0.0,0.0,0.0,0.0,0.0,0.0,0.0,0.0,617.0,243.0,0.0,609.0,243.0,0.0,574.0,240.0,0.0,619.0,243.0,,,,26,,Dean,Benamar,Benamar,,,0,0,0,0,0,0,0,0,0,0,0,0,0,,,,0.0,0.0,0.0,0.0,0.0,0,0,0
780,a,,,4.5,508,73.0,0,0.0,0,0.0,0.0,678,87.0,0,0,0.0,746.0,82.0,0,0,0.0,686.0,71.0,0.0,0.0,0.0,2160,21,710,8,0.0,0.0,0.0,0.0,0.0,0.0,0.0,0.0,0.0,0.0,0.0,746.0,82.0,0.0,740.0,81.0,0.0,722.0,81.0,0.0,746.0,82.0,,,,26,,Ben,Casey,Casey,,,0,0,0,0,0,0,0,0,0,0,0,0,0,,,,0.0,0.0,0.0,0.0,0.0,0,0,0
793,a,,,4.0,720,197.0,0,0.0,0,0.0,0.0,732,253.0,0,0,0.0,619.0,236.0,0,0,0.0,519.0,212.0,0.0,0.0,0.0,814,11,268,3,0.0,0.0,0.0,0.0,0.0,0.0,0.0,0.0,0.0,0.0,0.0,610.0,236.0,0.0,602.0,236.0,0.0,565.0,231.0,0.0,612.0,236.0,,,,26,,George,King,King,,,0,0,0,0,0,0,0,0,0,0,0,0,0,,,,0.0,0.0,0.0,0.0,0.0,0,0,0
798,u,0.0,0.0,4.0,697,180.0,0,0.0,0,0.0,0.0,787,263.0,0,0,0.0,600.0,223.0,0,0,0.0,498.0,197.0,0.0,0.0,0.0,142,0,107,0,0.0,0.0,0.0,0.0,0.0,0.0,0.0,0.0,0.0,0.0,0.0,591.0,223.0,0.0,583.0,223.0,0.0,545.0,217.0,0.0,593.0,223.0,,,,26,,Danny,Imray,Imray,has joined West Brom on loan for the rest of the season.,,0,0,0,0,0,0,0,0,0,0,0,0,0,,,,0.0,0.0,0.0,0.0,0.0,0,0,0
242,a,100.0,100.0,4.9,313,195.0,0,0.0,-1,1.0,3.1,104,32.0,93,2,4.9,18.0,8.0,13,361,3.6,54.0,24.0,0.7,19.0,0.0,1672374,2062,1823136,305,3.6,3.6,2.35,3.26,5.61,22.43,0.14,0.19,0.33,1.29,337.4,124.0,41.0,361.0,48.0,41.0,238.0,86.0,53.0,93.6,68.0,44.0,2.0,,,26,,Kiernan,Dewsbury-Hall,Dewsbury-Hall,,,1560,5,4,6,20,0,0,0,5,0,0,18,126,,,,0.0,0.35,1.15,1.04,7.27,30,30,66
243,a,,,4.8,376,236.0,0,0.0,-2,2.0,0.1,538,196.0,7,2,1.2,436.0,195.0,0,4,0.6,295.0,126.0,0.1,1.5,0.0,8083,46,9263,15,0.6,0.6,0.4,0.12,0.52,2.33,0.16,0.05,0.21,0.94,8.2,456.0,205.0,8.2,425.0,207.0,62.0,281.0,151.0,7.8,415.0,188.0,,,,26,,Tyrique,George,George,,,224,0,0,1,3,0,0,0,2,0,0,1,10,,,,0.0,0.4,1.21,0.4,4.02,2,1,7
287,a,,,5.6,125,2.0,0,0.0,1,-1.0,13.8,26,4.0,108,1,4.2,55.0,2.0,11,422,3.6,59.0,5.0,0.6,19.3,0.0,1516130,766,1217051,2940,3.6,3.6,0.0,0.14,0.14,38.13,0.0,0.01,0.01,1.47,606.0,15.0,4.0,0.1,485.0,16.0,0.0,802.0,92.0,60.6,170.0,5.0,,,,26,,Jordan,Pickford,Pickford,,,2340,0,0,9,30,0,1,0,1,0,71,26,97,,,,2.73,0.35,1.15,1.0,0.0,1,36,220
288,a,,,4.3,584,28.0,0,0.0,-2,2.0,0.1,457,69.0,0,0,0.0,639.0,89.0,0,0,0.0,553.0,83.0,0.0,0.0,0.0,4340,3,11627,6,0.0,0.0,0.0,0.0,0.0,0.0,0.0,0.0,0.0,0.0,0.0,630.0,89.0,0.0,625.0,80.0,0.0,594.0,67.0,0.0,632.0,89.0,,,,26,,Mark,Travers,Travers,,,0,0,0,0,0,0,0,0,0,0,0,0,0,,,,0.0,0.0,0.0,0.0,0.0,0,0,0
289,u,0.0,0.0,3.9,756,80.0,0,0.0,-1,1.0,0.1,481,73.0,0,0,0.0,547.0,48.0,0,0,0.0,442.0,39.0,0.0,0.0,0.0,4633,0,9578,6,0.0,0.0,0.0,0.0,0.0,0.0,0.0,0.0,0.0,0.0,0.0,538.0,48.0,0.0,527.0,33.0,0.0,487.0,18.0,0.0,540.0,48.0,,,,26,,Harry,Tyrer,Tyrer,has joined Cardiff City permanently.,,0,0,0,0,0,0,0,0,0,0,0,0,0,,,,0.0,0.0,0.0,0.0,0.0,0,0,0
290,a,100.0,100.0,5.3,200,24.0,0,0.0,-2,2.0,0.2,374,135.0,7,4,1.8,364.0,132.0,0,31,1.4,223.0,83.0,0.3,1.3,0.0,11708,152,70611,25,1.4,1.4,0.18,0.04,0.22,3.02,0.07,0.02,0.09,1.19,25.8,428.0,160.0,15.4,391.0,141.0,8.0,403.0,150.0,4.9,437.0,157.0,,,,26,,Jarrad,Branthwaite,Branthwaite,,,228,0,1,0,3,0,0,0,1,0,0,2,20,,,,0.0,0.0,1.18,0.79,7.89,2,18,12
291,a,,,5.8,102,7.0,0,0.0,3,-3.0,12.5,31,11.0,117,1,4.5,36.0,13.0,6,420,3.4,72.0,28.0,0.6,20.2,0.0,2250768,650,1513502,5546,3.4,3.4,1.67,1.3,2.97,38.13,0.06,0.05,0.11,1.47,628.2,14.0,5.0,173.7,160.0,39.0,197.0,112.0,19.0,100.3,57.0,10.0,,,,26,,James,Tarkowski,Tarkowski,,,2340,0,1,9,30,0,0,0,4,0,0,26,304,,,,0.0,0.35,1.15,1.0,10.69,36,242,62
292,a,100.0,100.0,4.9,315,50.0,0,0.0,-1,1.0,0.6,228,85.0,67,1,3.0,188.0,73.0,1,248,2.2,145.0,52.0,0.4,13.7,0.0,136018,64,160003,187,2.2,2.2,0.28,2.14,2.42,31.57,0.01,0.1,0.11,1.44,334.6,125.0,55.0,233.6,110.0,27.0,61.0,283.0,84.0,62.9,160.0,52.0,,,,26,,Vitalii,Mykolenko,Mykolenko,,,1969,0,1,7,28,1,0,0,5,0,0,22,169,,,,0.0,0.32,1.28,1.01,6.72,29,118,71
293,a,,,4.9,341,57.0,0,0.0,-1,1.0,0.9,199,78.0,86,-2,3.3,145.0,54.0,2,289,3.8,43.0,17.0,0.8,17.6,0.0,161836,319,122852,1128,3.8,3.8,0.83,0.68,1.51,37.22,0.03,0.03,0.06,1.53,411.2,82.0,35.0,210.0,127.0,32.0,124.0,201.0,48.0,74.8,120.0,38.0,,,,26,,Jake,O'Brien,O'Brien,,,2186,0,2,8,29,0,0,0,2,1,0,24,195,,,,0.0,0.33,1.19,0.99,6.88,39,128,85
294,a,100.0,100.0,4.2,625,141.0,0,0.0,-3,3.0,0.1,487,175.0,3,0,1.0,455.0,170.0,0,10,0.0,533.0,223.0,0.0,0.7,0.0,5851,13,17254,9,0.0,0.0,0.0,0.0,0.0,0.24,0.0,0.0,0.0,1.96,0.0,622.0,246.0,0.1,479.0,175.0,0.0,580.0,243.0,0.0,624.0,246.0,,,,26,,Séamus,Coleman,Coleman,,,11,0,0,0,0,0,0,0,0,0,0,1,0,,,,0.0,0.0,0.0,8.18,0.0,0,0,1
295,a,100.0,100.0,4.7,379,63.0,0,0.0,2,-2.0,3.8,85,29.0,103,1,4.7,24.0,9.0,8,309,1.4,218.0,82.0,0.3,21.9,0.0,1369725,300,955116,1756,1.4,1.4,1.85,0.18,2.03,31.49,0.09,0.01,0.1,1.53,556.4,28.0,10.0,27.3,371.0,132.0,207.0,102.0,13.0,79.0,109.0,36.0,,,,26,,Michael,Keane,Keane,,,1857,3,0,6,27,0,0,0,0,1,0,21,243,,,,0.0,0.29,1.31,1.02,10.32,25,188,61
296,a,100.0,100.0,4.4,536,115.0,0,0.0,-1,1.0,0.0,618,221.0,21,0,3.5,118.0,41.0,0,68,2.2,138.0,48.0,0.5,4.8,0.0,5544,1,5743,12,2.2,2.2,0.03,0.04,0.07,3.55,0.01,0.02,0.03,1.35,63.6,380.0,146.0,6.4,431.0,156.0,17.0,377.0,132.0,8.6,412.0,147.0,,,,26,,Nathan,Patterson,Patterson,,,237,0,0,2,1,0,0,0,0,0,0,3,30,,,,0.0,0.76,0.38,1.14,11.39,10,20,14
297,u,0.0,0.0,3.8,797,246.0,0,0.0,-2,2.0,0.2,392,145.0,0,0,0.0,521.0,189.0,0,0,0.0,413.0,158.0,0.0,0.0,0.0,9298,0,20380,24,0.0,0.0,0.0,0.0,0.0,0.0,0.0,0.0,0.0,0.0,0.0,512.0,189.0,0.0,498.0,187.0,0.0,457.0,178.0,0.0,514.0,189.0,,,,26,,Roman,Dixon,Dixon,has joined Stockport County on loan for the rest of the season.,,0,0,0,0,0,0,0,0,0,0,0,0,0,,,,0.0,0.0,0.0,0.0,0.0,0,0,0
298,a,,,3.8,795,244.0,0,0.0,-2,2.0,0.1,425,157.0,0,0,0.0,519.0,187.0,0,0,0.0,411.0,156.0,0.0,0.0,0.0,7116,1,14310,6,0.0,0.0,0.0,0.0,0.0,0.0,0.0,0.0,0.0,0.0,0.0,510.0,187.0,0.0,496.0,185.0,0.0,455.0,176.0,0.0,512.0,187.0,,,,26,,Reece,Welch,Welch,,,0,0,0,0,0,0,0,0,0,0,0,0,0,,,,0.0,0.0,0.0,0.0,0.0,0,0,0
299,a,100.0,100.0,6.2,75,49.0,0,0.0,-3,3.0,3.8,83,28.0,86,7,4.3,49.0,26.0,3,360,2.6,120.0,51.0,0.4,13.9,0.0,1645136,972,2477914,351,2.6,2.6,4.33,3.64,7.97,25.24,0.23,0.19,0.42,1.33,372.0,104.0,34.0,280.3,86.0,63.0,320.0,57.0,34.0,97.4,65.0,41.0,,,1.0,26,,Iliman,Ndiaye,Ndiaye,,,1703,5,2,6,24,0,0,0,2,0,0,20,186,,,,0.0,0.32,1.27,1.06,9.83,46,21,119
300,a,,,5.5,144,89.0,0,0.0,-5,5.0,0.2,411,140.0,29,0,2.1,317.0,140.0,0,99,1.2,245.0,104.0,0.2,5.3,0.0,31188,12,61368,65,1.2,1.2,0.46,0.68,1.14,12.17,0.07,0.1,0.17,1.78,76.0,361.0,161.0,127.8,200.0,132.0,45.0,309.0,162.0,24.9,335.0,161.0,,,,26,,Dwight,McNeil,McNeil,,,615,0,2,3,4,0,0,0,1,0,0,7,53,,,,0.0,0.44,0.59,1.02,7.76,11,11,31
301,a,100.0,100.0,5.2,217,134.0,0,0.0,-3,3.0,0.1,511,183.0,26,0,1.6,389.0,173.0,0,111,0.2,390.0,177.0,0.0,5.0,0.0,16864,6,29028,3,0.2,0.2,1.04,0.44,1.48,13.03,0.14,0.06,0.2,1.76,83.0,351.0,156.0,144.5,187.0,125.0,156.0,152.0,87.0,38.4,270.0,133.0,,,,26,,Carlos,Alcaraz Durán,Alcaraz,,,667,0,1,3,8,0,0,0,3,0,0,6,64,,,,0.0,0.4,1.08,0.81,8.64,13,10,41
302,a,100.0,100.0,5.4,156,96.0,0,0.0,-1,1.0,0.1,492,172.0,55,2,3.2,158.0,71.0,4,272,2.2,149.0,64.0,0.4,10.2,0.0,22123,25,27545,14,2.2,2.2,1.26,0.86,2.12,22.04,0.08,0.06,0.14,1.42,243.6,202.0,86.0,165.4,169.0,116.0,140.0,173.0,97.0,54.9,197.0,102.0,,,,26,,Idrissa Gana,Gueye,Gana,,,1400,2,1,3,18,0,0,0,1,1,0,17,145,,,,0.0,0.19,1.16,1.09,9.32,33,35,77
303,a,,,5.2,213,132.0,0,0.0,2,-2.0,4.2,82,27.0,111,2,4.3,45.0,22.0,11,564,3.2,83.0,35.0,0.6,21.3,0.0,960542,1002,458698,1799,3.2,3.2,1.81,4.24,6.05,38.07,0.07,0.16,0.23,1.47,575.4,22.0,6.0,545.4,15.0,15.0,186.0,122.0,70.0,130.8,24.0,20.0,3.0,3.0,,26,,James,Garner,Garner,,,2333,2,3,9,30,0,0,0,6,0,0,26,323,,,,0.0,0.35,1.16,1.0,12.46,79,110,134
304,a,100.0,100.0,4.8,370,231.0,0,0.0,-2,2.0,0.0,617,238.0,50,0,2.6,247.0,102.0,1,158,0.2,382.0,170.0,0.0,10.4,0.0,5443,6,6172,6,0.2,0.2,0.35,0.58,0.93,15.04,0.03,0.06,0.09,1.45,162.8,271.0,117.0,79.6,267.0,159.0,46.0,307.0,161.0,28.7,314.0,152.0,,,,26,,Tim,Iroegbunam,Iroegbunam,,,934,0,3,7,9,0,0,0,8,0,0,11,126,,,,0.0,0.67,0.87,1.06,12.14,43,28,55
305,a,100.0,100.0,4.5,499,306.0,0,0.0,0,0.0,0.1,506,181.0,15,1,1.9,339.0,151.0,0,57,1.8,181.0,76.0,0.4,3.3,0.0,9903,40,16234,25,1.8,1.8,0.71,0.17,0.88,7.5,0.16,0.04,0.2,1.65,42.0,405.0,179.0,48.0,332.0,182.0,18.0,375.0,190.0,10.9,399.0,183.0,,,,26,,Harrison,Armstrong,Armstrong,,,410,0,0,1,6,0,0,0,0,0,0,5,42,,,,0.0,0.22,1.32,1.1,9.22,10,13,19
306,a,,,4.3,609,356.0,0,0.0,-2,2.0,0.1,489,171.0,0,0,0.0,650.0,246.0,0,0,0.0,567.0,196.0,0.0,0.0,0.0,12381,45,13284,16,0.0,0.0,0.0,0.0,0.0,0.0,0.0,0.0,0.0,0.0,0.0,641.0,237.0,0.0,637.0,242.0,0.0,607.0,226.0,0.0,643.0,239.0,,,,26,,Callum,Bates,Bates,,,0,0,0,0,0,0,0,0,0,0,0,0,0,,,,0.0,0.0,0.0,0.0,0.0,0,0,0
307,a,,,4.4,548,328.0,0,0.0,-1,1.0,0.0,602,229.0,0,0,0.0,670.0,259.0,0,0,0.0,594.0,212.0,0.0,0.0,0.0,4436,7,6043,1,0.0,0.0,0.0,0.0,0.0,0.0,0.0,0.0,0.0,0.0,0.0,662.0,251.0,0.0,658.0,256.0,0.0,630.0,241.0,0.0,664.0,253.0,,,,26,,Coby,Ebere,Ebere,,,0,0,0,0,0,0,0,0,0,0,0,0,0,,,,0.0,0.0,0.0,0.0,0.0,0,0,0
308,u,0.0,0.0,4.5,453,270.0,0,0.0,0,0.0,0.0,693,286.0,0,0,0.0,707.0,284.0,0,0,0.0,639.0,242.0,0.0,0.0,0.0,458,0,3732,0,0.0,0.0,0.0,0.0,0.0,0.0,0.0,0.0,0.0,0.0,0.0,703.0,280.0,0.0,699.0,282.0,0.0,677.0,271.0,0.0,704.0,281.0,,,,26,,Isaac,Heath,Heath,has joined Accrington on loan for the rest of the season.,,0,0,0,0,0,0,0,0,0,0,0,0,0,,,,0.0,0.0,0.0,0.0,0.0,0,0,0
309,u,0.0,0.0,4.5,449,268.0,0,0.0,0,0.0,0.0,815,365.0,0,0,0.0,705.0,282.0,0,0,0.0,637.0,240.0,0.0,0.0,0.0,0,0,111,0,0.0,0.0,0.0,0.0,0.0,0.0,0.0,0.0,0.0,0.0,0.0,701.0,278.0,0.0,697.0,280.0,0.0,675.0,269.0,0.0,702.0,279.0,,,,26,,Jenson,Metcalfe,Metcalfe,Has joined Bradford City permanently.,,0,0,0,0,0,0,0,0,0,0,0,0,0,,,,0.0,0.0,0.0,0.0,0.0,0,0,0
310,a,,,5.7,121,33.0,0,0.0,-3,3.0,1.3,170,30.0,65,2,2.5,270.0,30.0,5,192,4.6,20.0,3.0,0.8,11.4,0.0,264798,625,197871,768,4.6,4.6,5.26,0.35,5.61,23.63,0.32,0.02,0.34,1.43,212.8,227.0,19.0,155.9,178.0,15.0,366.0,42.0,18.0,71.5,130.0,17.0,,,,26,,Thierno,Barry,Barry,,,1486,5,0,7,20,0,0,0,2,0,0,18,49,,,,0.0,0.42,1.21,1.09,2.97,2,24,23
311,a,,,5.0,265,55.0,0,0.0,-5,5.0,2.4,116,20.0,46,0,1.8,362.0,41.0,3,114,2.0,163.0,22.0,0.4,9.2,0.0,447792,235,1104607,330,2.0,2.0,5.15,0.15,5.3,15.92,0.53,0.02,0.55,1.63,161.8,274.0,26.0,53.9,317.0,33.0,328.0,52.0,20.0,52.8,206.0,25.0,,,2.0,26,,Norberto Bercique,Gomes Betuncal,Beto,,,881,3,0,2,13,0,0,0,2,0,0,8,51,,,,0.0,0.2,1.33,0.82,5.21,9,25,17
312,u,0.0,0.0,4.9,339,62.0,0,0.0,-1,1.0,0.1,547,77.0,0,0,0.0,773.0,86.0,0,0,0.0,736.0,77.0,0.0,0.0,0.0,2418,0,14484,2,0.0,0.0,0.0,0.0,0.0,0.0,0.0,0.0,0.0,0.0,0.0,773.0,86.0,0.0,769.0,85.0,0.0,760.0,85.0,0.0,773.0,86.0,,,,26,,Youssef,Ramalho Chermiti,Y.Chermiti,has joined Rangers permanently.,,0,0,0,0,0,0,0,0,0,0,0,0,0,,,,0.0,0.0,0.0,0.0,0.0,0,0,0
313,u,0.0,0.0,4.4,555,78.0,0,0.0,-1,1.0,0.1,441,64.0,0,0,0.0,674.0,71.0,0,0,0.0,599.0,60.0,0.0,0.0,0.0,9203,0,26038,8,0.0,0.0,0.0,0.0,0.0,0.0,0.0,0.0,0.0,0.0,0.0,667.0,71.0,0.0,662.0,70.0,0.0,636.0,70.0,0.0,669.0,71.0,,,,26,,Martin,Sherif,Sherif,has joined Port Vale on loan for the rest of the season.,,0,0,0,0,0,0,0,0,0,0,0,0,0,,,,0.0,0.0,0.0,0.0,0.0,0,0,0
419,i,0.0,0.0,6.3,64,42.0,0,0.0,-2,2.0,6.3,58,20.0,79,0,4.0,72.0,33.0,12,356,0.6,311.0,135.0,0.1,12.5,0.0,3790108,4,3718378,1449,0.0,0.0,2.05,3.37,5.41,25.81,0.11,0.19,0.3,1.43,374.2,102.0,33.0,520.5,18.0,18.0,397.0,32.0,17.0,129.2,26.0,22.0,,,,26,,Jack,Grealish,Grealish,Foot injury - Expected back 01 Jun,,1627,2,6,7,23,0,0,0,3,1,0,18,135,,,,0.0,0.39,1.27,1.0,7.47,20,27,88
630,a,,,3.9,744,74.0,0,0.0,-1,1.0,1.3,169,21.0,0,0,0.0,539.0,42.0,0,0,0.0,434.0,33.0,0.0,0.0,0.0,69273,30,95342,55,0.0,0.0,0.0,0.0,0.0,0.0,0.0,0.0,0.0,0.0,0.0,530.0,42.0,0.0,519.0,27.0,0.0,479.0,12.0,0.0,532.0,42.0,,,,26,,Tom,King,King,,,0,0,0,0,0,0,0,0,0,0,0,0,0,,,,0.0,0.0,0.0,0.0,0.0,0,0,0
667,a,100.0,100.0,4.2,641,152.0,0,0.0,-3,3.0,0.1,572,205.0,0,0,0.0,633.0,246.0,0,0,0.0,538.0,225.0,0.0,0.0,0.0,2565,4,12202,3,0.0,0.0,0.0,0.0,0.0,0.0,0.0,0.0,0.0,0.0,0.0,625.0,247.0,0.0,619.0,246.0,0.0,586.0,244.0,0.0,627.0,247.0,,,,26,,Adam,Aznou,Aznou,,,0,0,0,0,0,0,0,0,0,0,0,0,0,,,,0.0,0.0,0.0,0.0,0.0,0,0,0
704,u,0.0,0.0,4.5,437,261.0,0,0.0,0,0.0,0.0,583,218.0,0,0,0.0,700.0,277.0,0,0,0.0,631.0,234.0,0.0,0.0,0.0,8420,0,10126,2,0.0,0.0,0.0,0.0,0.0,0.0,0.0,0.0,0.0,0.0,0.0,695.0,272.0,0.0,692.0,275.0,0.0,669.0,264.0,0.0,697.0,274.0,,,,26,,Tyler,Onyango,Onyango,has joined Stockport County on loan for the rest of the season.,,0,0,0,0,0,0,0,0,0,0,0,0,0,,,,0.0,0.0,0.0,0.0,0.0,0,0,0
705,u,0.0,0.0,3.9,768,224.0,0,0.0,-1,1.0,0.2,403,148.0,0,0,0.0,555.0,202.0,0,0,0.0,450.0,174.0,0.0,0.0,0.0,18604,0,16205,24,0.0,0.0,0.0,0.0,0.0,0.0,0.0,0.0,0.0,0.0,0.0,546.0,202.0,0.0,535.0,202.0,0.0,495.0,194.0,0.0,548.0,202.0,,,,26,,Elijah,Campbell,Campbell,has joined Port Vale on loan for the rest of the season.,,0,0,0,0,0,0,0,0,0,0,0,0,0,,,,0.0,0.0,0.0,0.0,0.0,0,0,0
707,a,,,5.3,203,126.0,0,0.0,-2,2.0,0.0,646,259.0,17,0,1.3,427.0,194.0,0,46,0.4,348.0,159.0,0.1,3.2,0.0,7588,1,6929,5,0.4,0.4,0.2,0.14,0.34,5.98,0.05,0.04,0.09,1.55,46.0,399.0,177.0,61.0,304.0,172.0,32.0,337.0,177.0,13.6,381.0,178.0,,,,26,,Tyler,Dibling,Dibling,,,348,0,0,2,2,0,0,0,2,0,0,4,40,,,,0.0,0.52,0.52,1.03,10.34,7,11,22
728,a,100.0,100.0,5.0,275,169.0,0,0.0,0,0.0,0.0,710,297.0,16,0,1.6,386.0,171.0,0,39,0.6,302.0,130.0,0.1,3.2,0.0,1440,3,1433,3,0.6,0.6,0.5,0.17,0.67,6.27,0.13,0.04,0.17,1.6,61.2,387.0,171.0,65.9,288.0,166.0,32.0,336.0,176.0,15.9,371.0,174.0,,,,26,,Merlin,Röhl,Röhl,,,353,0,0,2,4,0,0,0,0,0,0,2,43,,,,0.0,0.51,1.02,0.51,10.96,15,10,18
779,a,,,4.5,506,72.0,0,0.0,0,0.0,0.0,654,84.0,0,0,0.0,745.0,81.0,0,0,0.0,684.0,70.0,0.0,0.0,0.0,3138,31,1109,9,0.0,0.0,0.0,0.0,0.0,0.0,0.0,0.0,0.0,0.0,0.0,745.0,81.0,0.0,739.0,80.0,0.0,721.0,80.0,0.0,745.0,81.0,,,,26,,Braiden,Graham,Graham,,,0,0,0,0,0,0,0,0,0,0,0,0,0,,,,0.0,0.0,0.0,0.0,0.0,0,0,0
314,a,,,4.9,288,11.0,0,0.0,-1,1.0,1.5,152,20.0,71,0,2.8,222.0,20.0,3,334,1.4,219.0,20.0,0.3,14.5,0.0,203612,37,235170,111,1.4,0.9,0.0,0.0,0.0,35.64,0.0,0.0,0.0,1.43,558.6,26.0,9.0,0.0,754.0,89.0,0.0,743.0,83.0,55.7,194.0,9.0,,,,26,,Bernd,Leno,Leno,,,2250,0,0,5,37,1,0,0,3,0,65,25,107,,,,2.6,0.2,1.48,1.0,0.0,4,33,209
315,u,0.0,0.0,4.0,675,49.0,0,0.0,0,0.0,0.0,748,85.0,0,0,0.0,581.0,68.0,0,0,0.0,478.0,60.0,0.0,0.0,0.0,577,0,747,2,0.0,0.0,0.0,0.0,0.0,0.0,0.0,0.0,0.0,0.0,0.0,572.0,68.0,0.0,564.0,56.0,0.0,526.0,41.0,0.0,574.0,68.0,,,,26,,Steven,Benda,Benda,has joined Feyenoord on loan for the rest of the season.,,0,0,0,0,0,0,0,0,0,0,0,0,0,,,,0.0,0.0,0.0,0.0,0.0,0,0,0
316,a,100.0,100.0,4.9,296,44.0,0,0.0,-1,1.0,0.7,211,81.0,33,0,2.8,223.0,87.0,4,142,0.8,274.0,100.0,0.2,6.7,0.0,141850,63,169193,113,0.8,0.3,0.22,1.11,1.33,13.3,0.02,0.12,0.14,1.49,192.8,248.0,101.0,207.2,131.0,34.0,34.0,334.0,108.0,43.4,248.0,85.0,,,,26,,Antonee,Robinson,Robinson,,,801,0,0,2,10,0,0,0,0,0,0,9,69,,,,0.0,0.22,1.12,1.01,7.64,26,42,48
317,a,100.0,100.0,4.6,397,67.0,0,0.0,1,-1.0,4.7,74,23.0,87,0,3.6,108.0,37.0,5,307,2.2,141.0,50.0,0.5,18.9,0.0,1177801,220,925907,469,2.2,1.7,1.26,1.52,2.78,32.18,0.05,0.06,0.11,1.37,599.8,16.0,6.0,110.1,219.0,57.0,124.0,200.0,47.0,83.6,97.0,26.0,,,,26,,Joachim,Andersen,Andersen,,,2111,0,1,5,34,0,0,0,5,0,0,24,281,,,,0.0,0.21,1.45,1.02,10.4,34,210,88
318,a,100.0,100.0,4.4,533,112.0,0,0.0,-1,1.0,0.4,285,106.0,56,0,3.3,140.0,50.0,6,181,0.2,370.0,138.0,0.0,12.7,0.0,100814,58,120128,35,0.2,-0.3,0.91,0.18,1.09,20.92,0.06,0.01,0.07,1.38,341.8,121.0,52.0,75.1,278.0,89.0,56.0,293.0,90.0,47.5,228.0,74.0,,,,26,,Calvin,Bassey,Bassey,,,1362,1,0,3,26,0,0,0,3,0,0,15,162,,,,0.0,0.2,1.72,0.99,8.06,33,89,67
319,a,,,4.3,579,127.0,0,0.0,-2,2.0,0.1,461,169.0,28,0,1.4,415.0,149.0,0,124,1.6,194.0,70.0,0.4,6.5,0.0,18428,8,24201,3,1.6,1.1,0.94,0.51,1.45,21.62,0.08,0.04,0.12,1.74,222.2,218.0,86.0,130.7,195.0,50.0,87.0,246.0,70.0,44.2,240.0,81.0,,,,26,,Timothy,Castagne,Castagne,,,1116,0,1,0,23,0,0,0,3,0,0,12,112,,,,0.0,0.0,1.85,0.97,7.82,22,75,34
320,a,,,4.3,581,129.0,0,0.0,-2,2.0,0.1,532,189.0,10,0,1.2,432.0,155.0,0,29,0.2,368.0,137.0,0.0,2.3,0.0,6773,11,11068,3,0.2,-0.3,0.02,0.03,0.05,8.18,0.0,0.01,0.01,1.79,72.4,370.0,141.0,4.3,437.0,159.0,8.0,398.0,147.0,8.5,413.0,148.0,,,,26,,Issa,Diop,Diop,,,412,0,0,0,9,0,0,0,1,0,0,4,42,,,,0.0,0.0,1.97,0.87,7.65,5,30,10
321,a,,,4.3,586,132.0,0,0.0,-2,2.0,0.1,558,200.0,37,0,3.1,165.0,61.0,1,148,2.0,159.0,57.0,0.5,8.6,0.0,6345,10,6518,10,2.0,1.5,0.05,0.53,0.58,14.38,0.0,0.05,0.05,1.39,234.6,210.0,83.0,47.0,333.0,113.0,14.0,382.0,135.0,29.7,310.0,104.0,,,,26,,Jorge,Cuenca Barreno,J.Cuenca,,,928,0,0,2,11,0,0,0,5,0,0,11,117,,,,0.0,0.19,1.07,1.07,10.77,16,95,39
322,a,100.0,100.0,4.5,413,75.0,0,0.0,0,0.0,0.3,334,122.0,66,0,3.9,77.0,27.0,5,253,0.2,374.0,140.0,0.0,14.7,0.0,155296,7,149774,28,0.2,-0.3,0.38,1.03,1.41,19.78,0.03,0.07,0.1,1.32,328.8,132.0,59.0,157.0,176.0,43.0,79.0,256.0,73.0,56.5,189.0,62.0,,,,26,,Kenny,Tete,Tete,,,1353,1,0,5,19,0,0,0,2,0,0,16,149,,,,0.0,0.33,1.26,1.06,8.38,51,75,57
323,a,,,3.8,811,259.0,0,0.0,-2,2.0,0.1,422,155.0,0,0,0.0,530.0,197.0,0,0,0.0,424.0,168.0,0.0,0.0,0.0,8852,5,16442,3,0.0,-0.5,0.0,0.0,0.0,0.0,0.0,0.0,0.0,0.0,0.0,521.0,197.0,0.0,509.0,197.0,0.0,469.0,189.0,0.0,523.0,197.0,,,,26,,Samuel,Amissah,Amissah,,,0,0,0,0,0,0,0,0,0,0,0,0,0,,,,0.0,0.0,0.0,0.0,0.0,0,0,0
324,a,100.0,100.0,6.3,65,43.0,0,0.0,-2,2.0,0.7,212,72.0,64,0,3.4,136.0,64.0,7,309,1.6,208.0,90.0,0.3,10.2,0.0,289632,93,394624,49,1.6,1.1,0.82,3.12,3.94,25.62,0.05,0.18,0.23,1.44,304.8,159.0,60.0,454.7,25.0,24.0,161.0,147.0,84.0,92.2,71.0,45.0,5.0,,,26,,Alex,Iwobi,Iwobi,,,1596,2,2,3,30,0,0,0,2,0,0,19,120,,,,0.0,0.17,1.69,1.07,6.77,20,22,78
325,a,100.0,100.0,5.6,128,78.0,0,0.0,-4,4.0,0.6,245,83.0,58,0,2.3,296.0,130.0,1,258,1.8,187.0,80.0,0.3,10.4,0.0,155828,64,204300,133,1.8,1.3,3.47,0.88,4.35,20.86,0.26,0.07,0.33,1.57,219.6,220.0,96.0,232.9,111.0,80.0,257.0,79.0,49.0,71.0,132.0,74.0,,,,26,,Emile,Smith Rowe,Smith Rowe,,,1198,3,1,3,17,0,0,0,1,0,0,13,96,,,,0.0,0.23,1.28,0.98,7.21,17,29,50
327,u,0.0,0.0,5.3,188,115.0,0,0.0,-2,2.0,0.1,562,206.0,0,0,0.0,794.0,350.0,0,0,0.0,771.0,337.0,0.0,0.0,0.0,2438,0,35547,0,0.0,0.0,0.0,0.0,0.0,0.0,0.0,0.0,0.0,0.0,0.0,794.0,350.0,0.0,793.0,350.0,0.0,789.0,349.0,0.0,794.0,350.0,,,,26,,Andreas,Hoelgebaum Pereira,Andreas,has joined Palmeiras permanently.,,0,0,0,0,0,0,0,0,0,0,0,0,0,,,,0.0,0.0,0.0,0.0,0.0,0,0,0
328,a,100.0,100.0,5.4,163,100.0,0,0.0,-1,1.0,0.2,413,141.0,67,0,3.7,100.0,45.0,5,239,2.0,166.0,71.0,0.4,12.4,0.0,142788,18,136942,18,2.0,1.5,0.92,1.66,2.58,19.93,0.06,0.11,0.17,1.35,305.8,156.0,58.0,165.8,168.0,115.0,147.0,164.0,92.0,61.6,166.0,90.0,,,,26,,Ryan,Sessegnon,Sessegnon,,,1327,2,3,4,24,0,0,0,0,0,0,15,152,,,,0.0,0.27,1.63,1.02,10.31,31,72,49
329,a,100.0,100.0,6.0,85,55.0,0,0.0,5,-5.0,20.9,19,7.0,118,0,4.9,20.0,9.0,16,456,3.2,86.0,38.0,0.5,19.7,0.0,4282821,2287,1735370,7315,3.2,2.7,4.16,3.46,7.62,26.71,0.2,0.17,0.37,1.3,504.0,47.0,12.0,428.4,33.0,31.0,439.0,27.0,14.0,137.0,19.0,15.0,3.0,3.0,3.0,26,,Harry,Wilson,Wilson,,,1854,8,6,6,26,0,0,0,6,0,0,22,121,,,,0.0,0.29,1.26,1.07,5.87,20,43,58
330,a,,,4.9,306,190.0,0,0.0,-1,1.0,0.1,522,189.0,61,0,2.4,280.0,120.0,3,377,1.4,220.0,93.0,0.3,12.4,0.0,10657,8,11862,9,1.4,0.9,1.15,1.05,2.2,33.13,0.05,0.05,0.1,1.43,349.0,118.0,39.0,270.7,91.0,67.0,65.0,276.0,148.0,68.7,144.0,79.0,,,,26,,Sander,Berge,Berge,,,2081,0,2,5,35,1,0,0,4,0,0,24,202,,,,0.0,0.22,1.51,1.04,8.74,40,70,92
331,i,0.0,0.0,4.8,352,219.0,0,0.0,-2,2.0,0.0,634,250.0,24,0,1.5,405.0,179.0,1,100,0.6,293.0,124.0,0.1,5.0,0.0,2580,0,4459,18,0.0,0.0,0.85,0.28,1.13,8.12,0.17,0.06,0.23,1.61,78.0,358.0,160.0,85.2,259.0,157.0,48.0,305.0,160.0,21.2,352.0,167.0,,,,26,,Tom,Cairney,Cairney,Calf injury - Expected back 22 Feb,,453,1,0,0,9,0,0,0,2,0,0,3,34,,,,0.0,0.0,1.79,0.6,6.75,3,7,24
332,i,0.0,0.0,4.9,310,193.0,0,0.0,-1,1.0,0.1,570,211.0,50,0,2.6,248.0,103.0,3,225,0.4,341.0,153.0,0.1,10.2,0.0,14542,1,18838,9,0.0,0.0,1.74,1.35,3.09,18.45,0.13,0.1,0.23,1.37,232.0,212.0,92.0,338.7,58.0,47.0,119.0,207.0,113.0,68.9,142.0,78.0,1.0,,,26,,Saša,Lukić,Lukić,Hamstring injury - Unknown return date,,1208,1,3,4,17,0,0,0,6,0,0,15,127,,,,0.0,0.3,1.27,1.12,9.46,35,43,49
333,u,0.0,0.0,4.5,477,290.0,0,0.0,0,0.0,0.0,665,271.0,0,0,0.0,723.0,298.0,0,0,0.0,659.0,259.0,0.0,0.0,0.0,898,0,6572,1,0.0,0.0,0.0,0.0,0.0,0.0,0.0,0.0,0.0,0.0,0.0,721.0,296.0,0.0,716.0,297.0,0.0,696.0,288.0,0.0,722.0,297.0,,,,26,,Martial,Godo,Godo,has joined Strasbourg permanently.,,0,0,0,0,0,0,0,0,0,0,0,0,0,,,,0.0,0.0,0.0,0.0,0.0,0,0,0
334,u,0.0,0.0,4.5,457,273.0,0,0.0,0,0.0,0.0,806,357.0,0,0,0.0,710.0,287.0,0,0,0.0,643.0,245.0,0.0,0.0,0.0,0,0,305,0,0.0,0.0,0.0,0.0,0.0,0.0,0.0,0.0,0.0,0.0,0.0,706.0,283.0,0.0,702.0,285.0,0.0,680.0,274.0,0.0,707.0,284.0,,,,26,,Luke,Harris,Harris,Has joined Oxford United on loan for the rest of the season.,,0,0,0,0,0,0,0,0,0,0,0,0,0,,,,0.0,0.0,0.0,0.0,0.0,0,0,0
335,a,100.0,100.0,4.4,561,336.0,0,0.0,-1,1.0,1.8,140,46.0,36,0,1.8,356.0,159.0,0,124,1.0,259.0,109.0,0.2,8.2,0.0,939222,310,842066,211,1.0,0.5,1.17,0.42,1.59,12.9,0.12,0.04,0.16,1.32,104.4,327.0,148.0,105.6,228.0,143.0,172.0,135.0,77.0,37.4,274.0,135.0,,,,26,,Josh,King,King,,,878,0,2,3,15,0,0,0,3,0,0,11,71,,,,0.0,0.31,1.54,1.13,7.28,18,15,38
336,a,,,4.3,578,343.0,0,0.0,-2,2.0,0.4,282,97.0,11,0,2.8,215.0,91.0,2,34,0.0,551.0,184.0,0.0,2.6,0.0,74820,137,62863,65,0.0,-0.5,0.04,0.24,0.28,0.41,0.26,1.54,1.8,2.64,35.6,412.0,184.0,8.4,424.0,206.0,7.0,408.0,198.0,5.1,433.0,195.0,,,,26,,Harrison,Reed,Reed,,,14,1,0,0,1,0,0,0,0,0,0,0,1,,,,0.0,0.0,6.43,0.0,6.43,0,0,1
337,a,100.0,100.0,6.2,72,24.0,0,0.0,-3,3.0,1.8,142,22.0,82,0,3.4,134.0,13.0,5,297,3.0,99.0,11.0,0.5,13.2,0.0,539511,597,588233,386,3.0,2.5,8.0,0.7,8.7,25.77,0.44,0.04,0.48,1.41,350.0,117.0,10.0,258.9,97.0,4.0,565.0,14.0,9.0,117.0,38.0,9.0,,1.0,1.0,26,,Raúl,Jiménez Rodríguez,Raúl,,,1649,6,5,6,21,0,0,0,4,0,0,20,98,,,,0.0,0.33,1.15,1.09,5.35,24,32,42
338,a,100.0,100.0,5.3,195,46.0,0,0.0,-2,2.0,0.7,220,36.0,18,0,2.2,303.0,33.0,3,47,0.2,392.0,49.0,0.0,3.4,0.0,257367,65,435048,25,0.2,-0.3,1.07,0.01,1.08,5.94,0.27,0.0,0.27,1.47,61.8,384.0,41.0,42.0,344.0,40.0,132.0,185.0,40.0,22.7,344.0,42.0,,,,26,,Rodrigo,Muniz Carvalho,Muniz,,,363,1,1,1,6,1,0,0,1,0,0,4,19,,,,0.0,0.25,1.49,0.99,4.71,3,9,7
424,a,100.0,100.0,5.1,238,145.0,0,0.0,-4,4.0,0.2,376,126.0,19,0,1.9,343.0,153.0,0,85,0.2,389.0,176.0,0.0,3.7,0.0,84769,54,95941,25,0.2,-0.3,0.4,1.15,1.55,5.1,0.08,0.22,0.3,0.97,70.0,373.0,166.0,154.9,179.0,120.0,87.0,248.0,133.0,31.3,304.0,147.0,,,,26,,Oscar,Bobb,Bobb,,,471,0,1,2,6,0,0,0,1,0,0,5,30,,,,0.0,0.38,1.15,0.96,5.73,8,3,19
664,a,,,3.9,741,72.0,0,0.0,-1,1.0,0.7,217,28.0,0,0,0.0,537.0,40.0,0,0,0.0,431.0,31.0,0.0,0.0,0.0,40136,31,50941,29,0.0,-0.5,0.0,0.0,0.0,0.0,0.0,0.0,0.0,0.0,0.0,528.0,40.0,0.0,517.0,25.0,0.0,477.0,10.0,0.0,530.0,40.0,,,,26,,Benjamin,Lecomte,Lecomte,,,0,0,0,0,0,0,0,0,0,0,0,0,0,,,,0.0,0.0,0.0,0.0,0.0,0,0,0
727,a,100.0,100.0,5.3,193,120.0,0,0.0,-2,2.0,0.1,474,164.0,46,0,3.8,89.0,41.0,1,188,2.2,147.0,62.0,0.4,8.7,0.0,97270,53,87808,44,2.2,1.7,1.52,2.44,3.96,9.6,0.24,0.38,0.62,1.5,224.8,217.0,94.0,190.6,143.0,99.0,179.0,129.0,74.0,59.5,177.0,95.0,,,,26,,Samuel,Chukwueze,Chukwueze,,,576,3,4,1,12,0,0,0,0,0,0,5,49,,,,0.0,0.16,1.88,0.78,7.66,5,10,34
731,a,100.0,100.0,5.8,113,71.0,0,0.0,-2,2.0,0.1,541,197.0,41,0,2.0,331.0,148.0,0,150,1.8,189.0,82.0,0.3,7.1,0.0,33703,31,28684,26,1.8,1.3,0.97,1.31,2.28,12.95,0.11,0.14,0.25,1.42,191.8,249.0,105.0,204.9,132.0,91.0,197.0,113.0,65.0,59.2,180.0,97.0,4.0,,,26,,Kevin,Santos Lopes de Macedo,Kevin,,,823,1,2,4,15,0,0,0,1,0,0,7,67,,,,0.0,0.44,1.64,0.77,7.33,17,15,35
737,a,,,4.5,509,74.0,0,0.0,0,0.0,0.1,480,69.0,4,0,0.8,503.0,62.0,0,11,0.0,687.0,72.0,0.0,0.9,0.0,19492,54,14367,19,0.0,-0.5,0.0,0.07,0.07,0.75,0.0,0.21,0.21,2.25,1.2,488.0,59.0,11.4,404.0,53.0,8.0,401.0,56.0,2.1,460.0,57.0,,,,26,,Jonah,Kusi-Asare,Kusi-Asare,,,30,0,0,0,2,0,0,0,1,0,0,0,2,,,,0.0,0.0,6.0,0.0,6.0,0,0,2
770,a,,,4.5,504,311.0,0,0.0,0,0.0,0.0,775,336.0,0,0,0.0,743.0,313.0,0,0,0.0,682.0,277.0,0.0,0.0,0.0,499,0,252,2,0.0,-0.5,0.0,0.0,0.0,0.0,0.0,0.0,0.0,0.0,0.0,743.0,313.0,0.0,737.0,313.0,0.0,719.0,306.0,0.0,743.0,313.0,,,,26,,Seth,Ridgeon,Ridgeon,,,0,0,0,0,0,0,0,0,0,0,0,0,0,,,,0.0,0.0,0.0,0.0,0.0,0,0,0
786,a,,,4.0,698,60.0,0,0.0,0,0.0,0.0,764,86.0,0,0,0.0,601.0,79.0,0,0,0.0,499.0,71.0,0.0,0.0,0.0,396,6,182,3,0.0,-0.5,0.0,0.0,0.0,0.0,0.0,0.0,0.0,0.0,0.0,592.0,79.0,0.0,584.0,67.0,0.0,546.0,52.0,0.0,594.0,79.0,,,,26,,Alfie,McNally,McNally,,,0,0,0,0,0,0,0,0,0,0,0,0,0,,,,0.0,0.0,0.0,0.0,0.0,0,0,0
168,a,100.0,100.0,4.6,403,249.0,0,0.0,-4,4.0,0.1,483,169.0,2,0,0.7,505.0,237.0,0,5,0.2,377.0,167.0,0.0,0.4,0.0,15029,21,27914,15,0.2,0.2,0.04,0.1,0.14,1.86,0.05,0.13,0.18,2.43,6.0,464.0,208.0,25.7,375.0,192.0,19.0,371.0,189.0,5.0,435.0,196.0,,,,26,,Facundo,Buonanotte,Buonanotte,,,69,0,0,0,2,0,0,0,1,0,0,1,5,,,,0.0,0.0,2.61,1.3,6.52,1,1,3
339,a,,,4.2,636,35.0,0,0.0,-3,3.0,0.3,301,40.0,0,0,0.0,632.0,88.0,0,0,0.0,537.0,82.0,0.0,0.0,0.0,12351,6,62167,21,0.0,0.0,0.0,0.0,0.0,0.0,0.0,0.0,0.0,0.0,0.0,624.0,88.0,0.0,617.0,78.0,0.0,584.0,64.0,0.0,626.0,88.0,,,,26,,Illan,Meslier,Meslier,,,0,0,0,0,0,0,0,0,0,0,0,0,0,,,,0.0,0.0,0.0,0.0,0.0,0,0,0
340,a,,,3.9,742,73.0,0,0.0,-1,1.0,0.2,414,61.0,0,0,0.0,538.0,41.0,0,0,0.0,432.0,32.0,0.0,0.0,0.0,7933,4,14250,4,0.0,0.0,0.0,0.0,0.0,0.0,0.0,0.0,0.0,0.0,0.0,529.0,41.0,0.0,518.0,26.0,0.0,478.0,11.0,0.0,531.0,41.0,,,,26,,Alex,Cairns,Cairns,,,0,0,0,0,0,0,0,0,0,0,0,0,0,,,,0.0,0.0,0.0,0.0,0.0,0,0,0
341,a,,,3.9,737,68.0,0,0.0,-1,1.0,2.3,123,16.0,23,1,2.3,287.0,23.0,0,118,2.6,111.0,10.0,0.7,5.9,0.0,199619,526,257273,64,2.6,2.6,0.0,0.03,0.03,12.59,0.0,0.0,0.0,1.26,209.6,234.0,22.0,0.0,513.0,21.0,0.0,473.0,6.0,21.1,354.0,22.0,,,,26,,Karl,Darlow,Darlow,,,900,0,0,1,16,0,0,0,0,0,27,10,59,,,,2.7,0.1,1.6,1.0,0.0,0,13,96
342,a,100.0,100.0,4.4,529,108.0,0,0.0,-1,1.0,0.2,385,143.0,65,4,2.7,235.0,92.0,0,171,4.0,28.0,9.0,0.9,14.8,0.0,31918,155,36315,24,4.0,4.0,1.79,1.12,2.91,30.73,0.08,0.05,0.13,1.37,292.2,171.0,71.0,186.8,145.0,36.0,155.0,153.0,30.0,63.5,158.0,50.0,,,,26,,Jayden,Bogle,Bogle,,,2020,1,3,4,38,0,0,0,4,0,0,23,168,,,,0.0,0.18,1.69,1.02,5.52,47,77,101
343,i,0.0,0.0,4.3,582,130.0,0,0.0,-2,2.0,0.5,260,98.0,74,0,3.2,151.0,57.0,3,263,3.2,76.0,29.0,0.7,17.2,0.0,94414,3,83138,620,0.0,0.0,2.46,0.48,2.94,30.19,0.11,0.02,0.13,1.37,511.2,44.0,18.0,107.1,225.0,60.0,209.0,101.0,12.0,82.7,102.0,30.0,,,3.0,26,,Pascal,Struijk,Struijk,Hip injury - Expected back 21 Feb,,1988,0,1,4,37,0,0,0,3,0,0,22,234,,,,0.0,0.18,1.68,1.0,9.73,26,189,86
344,a,100.0,100.0,3.9,754,217.0,0,0.0,-1,1.0,0.4,275,102.0,46,3,3.5,116.0,40.0,2,152,0.6,285.0,103.0,0.2,11.8,0.0,99045,22,75926,49,0.6,0.6,0.48,0.5,0.98,20.55,0.04,0.04,0.08,1.73,268.4,187.0,76.0,37.7,351.0,122.0,129.0,191.0,43.0,43.5,245.0,83.0,,,,26,,Jaka,Bijol,Bijol,,,1072,1,2,1,20,0,0,0,1,0,0,12,122,,,,0.0,0.08,1.68,1.01,9.32,15,96,39
345,a,100.0,100.0,3.8,793,242.0,0,0.0,-2,2.0,0.1,419,153.0,17,0,1.9,334.0,122.0,0,48,1.2,234.0,86.0,0.3,4.5,0.0,20330,31,14795,16,1.2,1.2,0.0,0.01,0.01,5.3,0.0,0.0,0.0,1.57,60.4,388.0,148.0,5.1,435.0,158.0,6.0,412.0,154.0,7.1,421.0,151.0,,,,26,,Sebastiaan,Bornauw,Bornauw,,,304,0,0,1,4,0,0,0,1,0,0,4,38,,,,0.0,0.3,1.18,1.18,11.25,6,32,7
346,a,,,3.8,784,234.0,0,0.0,-2,2.0,0.2,377,137.0,1,0,1.0,442.0,159.0,0,-2,0.0,403.0,149.0,0.0,0.3,0.0,23044,6,32687,11,0.0,0.0,0.0,0.0,0.0,0.79,0.0,0.0,0.0,10.16,0.0,505.0,183.0,0.0,490.0,180.0,0.0,449.0,171.0,0.0,507.0,183.0,,,,26,,Sam,Byram,Byram,,,7,0,0,0,1,0,0,0,0,0,0,0,0,,,,0.0,0.0,12.86,0.0,0.0,0,0,0
347,a,100.0,100.0,3.8,789,238.0,0,0.0,-2,2.0,3.8,84,28.0,56,0,2.2,298.0,111.0,8,222,1.4,212.0,77.0,0.4,14.7,0.0,891261,484,763790,379,1.4,1.4,0.98,1.99,2.96,34.39,0.04,0.09,0.13,1.47,373.8,103.0,46.0,324.8,63.0,13.0,128.0,192.0,44.0,82.8,101.0,29.0,,,,26,,Gabriel,Gudmundsson,Gudmundsson,,,2100,0,0,4,40,1,0,0,4,0,0,24,179,,,,0.0,0.17,1.71,1.03,6.17,55,89,93
348,a,100.0,100.0,3.9,749,214.0,0,0.0,-1,1.0,3.7,89,31.0,77,3,3.2,149.0,55.0,5,251,3.8,36.0,13.0,1.0,19.7,0.0,1062160,723,876232,266,3.8,3.8,0.96,0.25,1.21,35.0,0.04,0.01,0.05,1.5,496.8,50.0,23.0,62.4,297.0,98.0,163.0,145.0,28.0,72.4,127.0,40.0,,,,26,,Joe,Rodon,Rodon,,,2100,2,0,3,43,0,0,0,1,0,0,24,226,,,,0.0,0.13,1.84,1.03,8.49,27,171,61
349,u,0.0,0.0,4.0,691,176.0,0,0.0,0,0.0,0.1,550,197.0,0,0,0.0,595.0,220.0,0,0,0.0,492.0,193.0,0.0,0.0,0.0,788,0,15831,2,0.0,0.0,0.0,0.0,0.0,0.0,0.0,0.0,0.0,0.0,0.0,586.0,220.0,0.0,578.0,220.0,0.0,540.0,214.0,0.0,588.0,220.0,,,,26,,Isaac,Schmidt,Schmidt,has joined Werder Bremen on loan for the rest of the season.,,0,0,0,0,0,0,0,0,0,0,0,0,0,,,,0.0,0.0,0.0,0.0,0.0,0,0,0
350,a,,,5.4,172,106.0,0,0.0,-1,1.0,0.8,210,71.0,98,2,3.9,81.0,39.0,5,343,2.8,105.0,46.0,0.5,18.1,0.0,188541,139,107362,495,2.8,2.8,3.38,2.83,6.21,25.58,0.18,0.15,0.33,1.39,371.6,105.0,35.0,333.3,60.0,48.0,370.0,41.0,24.0,107.4,44.0,32.0,,,,26,,Brenden,Aaronson,Aaronson,,,1653,4,6,6,25,0,0,0,1,0,0,19,152,,,,0.0,0.33,1.36,1.03,8.28,39,21,92
351,a,100.0,100.0,5.2,216,133.0,0,0.0,-3,3.0,0.1,507,182.0,21,0,1.5,408.0,182.0,0,89,0.4,345.0,157.0,0.1,4.0,0.0,8934,9,39753,7,0.4,0.4,0.25,0.54,0.79,8.4,0.07,0.14,0.21,2.18,59.0,389.0,172.0,86.0,257.0,156.0,31.0,341.0,179.0,17.7,365.0,172.0,,,,26,,Wilfried,Gnonto,Gnonto,,,346,0,2,1,11,0,0,0,2,0,0,4,37,,,,0.0,0.26,2.86,1.04,9.62,14,9,14
352,u,0.0,0.0,5.1,229,141.0,0,0.0,-4,4.0,0.0,586,220.0,12,0,1.1,441.0,198.0,0,51,0.0,764.0,334.0,0.0,2.4,0.0,6000,0,18374,7,0.0,0.0,0.28,0.23,0.51,3.82,0.1,0.08,0.18,1.31,30.0,420.0,186.0,49.4,327.0,179.0,35.0,332.0,174.0,11.5,396.0,182.0,4.0,,,26,,Jack,Harrison,Harrison,has joined ACF Fiorentina on loan for the rest of the season.,,262,0,0,0,5,0,0,0,0,0,0,1,24,,,,0.0,0.0,1.72,0.34,8.24,5,6,13
353,a,100.0,100.0,5.2,209,130.0,0,0.0,-3,3.0,0.1,482,168.0,15,1,1.2,437.0,196.0,0,56,0.4,344.0,156.0,0.1,2.9,0.0,7565,10,52311,5,0.4,0.4,0.71,0.57,1.28,10.53,0.17,0.14,0.31,2.58,36.2,411.0,183.0,95.8,240.0,149.0,93.0,236.0,128.0,22.6,345.0,164.0,,,,26,,Daniel,James,James,,,368,0,0,1,13,0,0,0,0,0,0,4,20,,,,0.0,0.24,3.18,0.98,4.89,4,3,13
354,a,100.0,100.0,4.9,300,187.0,0,0.0,-1,1.0,0.2,404,134.0,78,2,3.4,128.0,59.0,5,373,3.4,67.0,28.0,0.7,15.9,0.0,35700,60,28263,36,3.4,3.4,1.62,1.34,2.96,32.89,0.07,0.06,0.13,1.45,383.8,96.0,30.0,224.5,118.0,83.0,81.0,254.0,136.0,69.2,138.0,76.0,,,,26,,Ethan,Ampadu,Ampadu,,,2039,1,1,4,38,0,0,0,7,0,0,23,263,,,,0.0,0.18,1.68,1.02,11.61,51,96,116
355,u,0.0,0.0,4.9,321,199.0,0,0.0,-1,1.0,0.0,633,249.0,0,0,0.0,765.0,328.0,0,0,0.0,725.0,305.0,0.0,0.0,0.0,1234,0,10097,0,0.0,0.0,0.0,0.0,0.0,0.0,0.0,0.0,0.0,0.0,0.0,765.0,328.0,0.0,761.0,328.0,0.0,752.0,324.0,0.0,765.0,328.0,,,,26,,Sam,Greenwood,Greenwood,has joined Pogon Szczecin permanently.,,0,0,0,0,0,0,0,0,0,0,0,0,0,,,,0.0,0.0,0.0,0.0,0.0,0,0,0
356,a,,,4.7,391,244.0,0,0.0,-3,3.0,0.1,442,150.0,47,2,2.8,220.0,92.0,3,221,3.8,41.0,20.0,0.8,10.0,0.0,15697,198,7812,45,3.8,3.8,0.38,0.78,1.16,21.29,0.03,0.07,0.1,1.88,161.4,275.0,119.0,137.0,193.0,129.0,48.0,304.0,159.0,34.4,292.0,143.0,,,,26,,Ilia,Gruev,Gruev,,,1020,0,4,4,21,0,0,0,2,0,0,12,94,,,,0.0,0.35,1.85,1.06,8.29,19,27,48
357,u,0.0,0.0,4.9,325,201.0,0,0.0,-1,1.0,0.0,704,295.0,0,0,0.0,767.0,330.0,0,0,0.0,728.0,307.0,0.0,0.0,0.0,203,0,4313,0,0.0,0.0,0.0,0.0,0.0,0.0,0.0,0.0,0.0,0.0,0.0,767.0,330.0,0.0,763.0,330.0,0.0,754.0,326.0,0.0,767.0,330.0,,,,26,,Largie,Ramazani,Ramazani,has joined Valencia on loan for the rest of the season.,,0,0,0,0,0,0,0,0,0,0,0,0,0,,,,0.0,0.0,0.0,0.0,0.0,0,0,0
358,a,100.0,100.0,4.8,366,227.0,0,0.0,-2,2.0,0.2,365,123.0,43,0,2.1,313.0,137.0,2,166,0.4,338.0,150.0,0.1,9.0,0.0,51518,23,57715,63,0.4,0.4,0.83,0.61,1.44,13.29,0.1,0.07,0.17,1.62,140.0,294.0,131.0,127.1,202.0,134.0,78.0,258.0,138.0,34.5,289.0,141.0,,,,26,,Tanaka,Ao,Tanaka,,,737,2,0,2,16,0,0,0,1,0,0,7,83,,,,0.0,0.24,1.95,0.85,10.14,17,20,46
359,u,0.0,0.0,4.5,462,278.0,0,0.0,0,0.0,0.0,782,341.0,0,0,0.0,713.0,290.0,0,0,0.0,646.0,248.0,0.0,0.0,0.0,0,0,965,0,0.0,0.0,0.0,0.0,0.0,0.0,0.0,0.0,0.0,0.0,0.0,709.0,286.0,0.0,705.0,288.0,0.0,683.0,277.0,0.0,710.0,287.0,,,,26,,Charlie,Crew,Crew,Has joined Doncaster Rovers on loan for the rest of the season.,,0,0,0,0,0,0,0,0,0,0,0,0,0,,,,0.0,0.0,0.0,0.0,0.0,0,0,0
360,u,0.0,0.0,4.5,439,263.0,0,0.0,0,0.0,0.0,750,319.0,0,0,0.0,702.0,279.0,0,0,0.0,633.0,236.0,0.0,0.0,0.0,0,0,2883,0,0.0,0.0,0.0,0.0,0.0,0.0,0.0,0.0,0.0,0.0,0.0,697.0,274.0,0.0,694.0,277.0,0.0,671.0,266.0,0.0,699.0,276.0,,,,26,,Joe,Gelhardt,Gelhardt,Has joined Hull City on loan for the rest of the season.,,0,0,0,0,0,0,0,0,0,0,0,0,0,,,,0.0,0.0,0.0,0.0,0.0,0,0,0
361,u,0.0,0.0,4.5,441,264.0,0,0.0,0,0.0,0.0,664,270.0,0,0,0.0,703.0,280.0,0,0,0.0,634.0,237.0,0.0,0.0,0.0,1165,0,8356,2,0.0,0.0,0.0,0.0,0.0,0.0,0.0,0.0,0.0,0.0,0.0,698.0,275.0,0.0,695.0,278.0,0.0,672.0,267.0,0.0,700.0,277.0,,,,26,,Darko,Gyabi,Gyabi,has joined Hull City permanently.,,0,0,0,0,0,0,0,0,0,0,0,0,0,,,,0.0,0.0,0.0,0.0,0.0,0,0,0
362,a,100.0,100.0,4.9,320,58.0,0,0.0,-6,6.0,0.3,295,46.0,12,0,1.1,439.0,55.0,0,27,0.2,383.0,48.0,0.0,2.4,0.0,37791,20,218137,35,0.2,0.2,0.65,0.08,0.73,5.3,0.28,0.03,0.31,2.32,8.0,457.0,54.0,22.0,382.0,49.0,90.0,241.0,45.0,11.5,395.0,48.0,,,2.0,26,,Joël,Piroe,Piroe,,,206,0,0,1,7,0,0,0,0,0,0,2,10,,,,0.0,0.44,3.06,0.87,4.37,1,1,8
363,u,0.0,0.0,4.9,289,57.0,0,0.0,-1,1.0,0.3,303,48.0,0,0,0.0,759.0,84.0,0,0,0.0,713.0,74.0,0.0,0.0,0.0,16144,0,202528,11,0.0,0.0,0.0,0.0,0.0,0.0,0.0,0.0,0.0,0.0,0.0,759.0,84.0,0.0,755.0,83.0,0.0,744.0,83.0,0.0,759.0,84.0,,,,26,,Patrick,Bamford,Bamford,has departed the club as a free agent.,,0,0,0,0,0,0,0,0,0,0,0,0,0,,,,0.0,0.0,0.0,0.0,0.0,0,0,0
364,u,0.0,0.0,5.0,278,56.0,0,0.0,0,0.0,0.0,735,90.0,0,0,0.0,786.0,87.0,0,0,0.0,756.0,79.0,0.0,0.0,0.0,0,0,2417,0,0.0,0.0,0.0,0.0,0.0,0.0,0.0,0.0,0.0,0.0,0.0,786.0,87.0,0.0,784.0,87.0,0.0,779.0,87.0,0.0,786.0,87.0,,,,26,,Mateo,Joseph Fernández-Regatillo,Mateo Joseph,Has joined RCD Mallorca on loan for the rest of the season.,,0,0,0,0,0,0,0,0,0,0,0,0,0,,,,0.0,0.0,0.0,0.0,0.0,0,0,0
365,a,100.0,100.0,5.0,247,53.0,0,0.0,0,0.0,0.5,256,41.0,58,9,2.9,205.0,23.0,6,214,3.2,81.0,9.0,0.6,11.6,0.0,188893,335,205995,55,3.2,3.2,5.68,0.82,6.5,14.59,0.75,0.11,0.86,1.92,196.2,242.0,21.0,44.9,337.0,38.0,283.0,69.0,24.0,52.5,207.0,26.0,,,1.0,26,,Lukas,Nmecha,Nmecha,,,683,6,1,2,16,0,0,1,0,0,0,7,35,,,,0.0,0.26,2.11,0.92,4.61,6,12,17
493,a,100.0,100.0,4.8,355,222.0,0,0.0,-2,2.0,0.2,347,116.0,43,0,2.7,238.0,98.0,4,228,0.6,294.0,125.0,0.1,9.0,0.0,176681,9,179635,23,0.6,0.6,0.83,1.29,2.12,13.57,0.08,0.12,0.2,1.3,237.2,207.0,90.0,343.0,56.0,45.0,65.0,275.0,147.0,64.5,155.0,86.0,1.0,2.0,,26,,Sean,Longstaff,Longstaff,,,936,1,2,1,18,0,0,0,2,0,0,10,100,,,,0.0,0.1,1.73,0.96,9.62,37,25,38
660,i,0.0,0.0,4.8,369,230.0,0,0.0,-2,2.0,1.9,136,44.0,97,0,4.6,28.0,14.0,8,394,2.0,162.0,69.0,0.4,20.2,0.0,956611,43,776959,1105,0.0,0.0,2.13,3.29,5.42,25.16,0.11,0.17,0.28,1.34,455.2,62.0,17.0,649.0,6.0,6.0,234.0,88.0,55.0,134.0,23.0,19.0,3.0,1.0,,26,,Anton,Stach,Stach,Hip injury - Expected back 21 Feb,,1693,3,6,3,32,0,0,0,3,0,0,20,190,,,,0.0,0.16,1.7,1.06,10.1,45,57,88
665,a,100.0,100.0,4.5,416,22.0,0,0.0,0,0.0,0.3,339,47.0,43,0,2.7,237.0,21.0,3,153,0.0,616.0,89.0,0.0,9.6,0.0,40546,10,58717,59,0.0,0.0,0.0,0.0,0.0,26.68,0.0,0.0,0.0,1.67,322.4,138.0,19.0,0.0,678.0,85.0,0.0,653.0,73.0,32.2,301.0,19.0,,,,26,,Lucas Estella,Perri,Perri,,,1440,0,0,3,29,0,0,0,2,0,38,16,39,,,,2.38,0.19,1.81,1.0,0.0,0,16,100
691,a,100.0,100.0,5.9,93,29.0,0,0.0,4,-4.0,11.2,34,6.0,102,0,4.4,42.0,7.0,16,332,2.6,119.0,15.0,0.4,17.3,0.0,2696579,2225,1305017,6017,2.6,2.6,9.03,0.92,9.94,20.31,0.49,0.05,0.54,1.1,404.6,85.0,7.0,200.3,135.0,8.0,643.0,7.0,5.0,123.9,30.0,7.0,,,,26,,Dominic,Calvert-Lewin,Calvert-Lewin,,,1663,10,2,4,25,0,0,0,1,0,0,18,53,,,,0.0,0.22,1.35,0.97,2.87,9,18,26
698,a,100.0,100.0,5.5,145,90.0,0,0.0,0,0.0,0.1,462,157.0,67,6,2.9,210.0,88.0,3,228,3.6,58.0,25.0,0.7,12.2,0.0,60943,137,52425,26,3.6,3.6,4.12,0.98,5.1,22.55,0.29,0.07,0.36,1.6,220.4,219.0,95.0,199.5,136.0,94.0,303.0,60.0,36.0,72.3,128.0,71.0,,,,26,,Noah,Okafor,Okafor,,,1266,4,2,4,24,0,0,0,3,0,0,15,87,,,,0.0,0.28,1.71,1.07,6.18,20,21,46
706,a,,,3.9,751,215.0,0,0.0,-1,1.0,1.0,196,76.0,43,0,2.5,258.0,99.0,6,137,5.0,16.0,2.0,1.3,11.0,0.0,142645,1143,38574,196,5.0,5.0,0.89,0.78,1.67,17.24,0.1,0.08,0.18,1.86,191.2,251.0,102.0,105.1,231.0,63.0,110.0,212.0,54.0,40.8,259.0,87.0,,,,26,,James,Justin,Justin,,,834,1,1,2,15,0,0,0,2,0,0,9,83,,,,0.0,0.22,1.62,0.97,8.2,20,56,32
741,u,0.0,0.0,4.5,494,71.0,0,0.0,0,0.0,0.1,491,71.0,0,0,0.0,736.0,80.0,0,0,0.0,674.0,69.0,0.0,0.0,0.0,27606,0,23132,20,0.0,0.0,0.0,0.0,0.0,0.0,0.0,0.0,0.0,0.0,0.0,735.0,80.0,0.0,729.0,79.0,0.0,711.0,79.0,0.0,735.0,80.0,,,,26,,Harry,Gray,Gray,has joined Rotherham United on loan for the rest of the season.,,0,0,0,0,0,0,0,0,0,0,0,0,0,,,,0.0,0.0,0.0,0.0,0.0,0,0,0
787,a,,,4.4,558,334.0,0,0.0,-1,1.0,0.0,749,318.0,0,0,0.0,677.0,263.0,0,0,0.0,602.0,217.0,0.0,0.0,0.0,1257,6,447,3,0.0,0.0,0.0,0.0,0.0,0.0,0.0,0.0,0.0,0.0,0.0,670.0,256.0,0.0,665.0,260.0,0.0,639.0,247.0,0.0,672.0,258.0,,,,26,,Sam,Chambers,Chambers,,,0,0,0,0,0,0,0,0,0,0,0,0,0,,,,0.0,0.0,0.0,0.0,0.0,0,0,0
366,a,100.0,100.0,5.4,158,4.0,0,0.0,-1,1.0,5.8,64,10.0,68,0,3.4,133.0,13.0,6,282,1.2,242.0,21.0,0.2,12.6,0.0,542185,383,1277220,287,1.7,1.7,0.0,0.03,0.03,22.72,0.0,0.0,0.0,1.14,352.4,115.0,18.0,0.1,484.0,15.0,0.0,790.0,91.0,35.2,285.0,18.0,,,,26,,Alisson,Becker,A.Becker,,,1800,0,0,6,25,0,0,0,1,0,42,20,63,,,,2.1,0.3,1.25,1.0,0.0,0,28,175
367,a,,,4.1,655,38.0,0,0.0,-4,4.0,0.5,250,33.0,19,0,3.8,84.0,6.0,0,70,0.0,531.0,78.0,0.0,4.6,0.0,151495,41,164349,51,0.5,0.5,0.0,0.0,0.0,7.1,0.0,0.0,0.0,1.42,140.0,293.0,23.0,0.0,613.0,74.0,0.0,578.0,59.0,13.9,379.0,23.0,,,,26,,Giorgi,Mamardashvili,Mamardashvili,,,450,0,0,1,10,0,1,0,0,0,17,5,45,,,,3.4,0.2,2.0,1.0,0.0,0,7,43
368,a,,,3.8,810,94.0,0,0.0,-2,2.0,0.7,216,27.0,0,0,0.0,529.0,34.0,0,0,0.0,423.0,25.0,0.0,0.0,0.0,111013,614,40130,80,0.5,0.5,0.0,0.0,0.0,0.0,0.0,0.0,0.0,0.0,0.0,520.0,34.0,0.0,508.0,18.0,0.0,468.0,3.0,0.0,522.0,34.0,,,,26,,Ármin,Pécsi,Pécsi,,,0,0,0,0,0,0,0,0,0,0,0,0,0,,,,0.0,0.0,0.0,0.0,0.0,0,0,0
369,a,,,3.9,745,75.0,0,0.0,-1,1.0,0.2,389,56.0,0,0,0.0,540.0,43.0,0,0,0.0,435.0,34.0,0.0,0.0,0.0,22061,7,16541,11,0.5,0.5,0.0,0.0,0.0,0.0,0.0,0.0,0.0,0.0,0.0,531.0,43.0,0.0,520.0,28.0,0.0,480.0,13.0,0.0,533.0,43.0,,,,26,,Freddie,Woodman,Woodman,,,0,0,0,0,0,0,0,0,0,0,0,0,0,,,,0.0,0.0,0.0,0.0,0.0,0,0,0
370,i,0.0,0.0,5.7,117,11.0,0,0.0,-3,3.0,4.8,72,22.0,34,0,3.1,176.0,67.0,0,136,0.4,352.0,126.0,0.1,6.0,0.0,587256,7,3330099,824,0.0,0.0,0.39,1.02,1.41,5.96,0.07,0.17,0.24,1.0,83.2,350.0,132.0,140.8,188.0,47.0,103.0,223.0,59.0,32.8,295.0,99.0,,,,26,,Jeremie,Frimpong,Frimpong,Groin Injury - Unknown return date,,538,0,4,2,7,0,0,0,0,0,0,6,20,,,,0.0,0.33,1.17,1.0,2.68,4,12,31
371,a,,,5.6,133,15.0,0,0.0,-4,4.0,2.9,111,44.0,59,0,2.5,269.0,105.0,4,265,1.4,225.0,84.0,0.3,10.5,0.0,314816,321,785460,149,1.9,1.9,0.95,0.61,1.56,22.25,0.05,0.03,0.08,1.17,355.0,111.0,49.0,362.2,45.0,5.0,110.0,215.0,55.0,82.9,100.0,28.0,,,,26,,Milos,Kerkez,Kerkez,,,1715,1,1,4,27,0,0,0,4,0,0,21,140,,,,0.0,0.21,1.42,1.1,5.98,36,78,66
372,a,,,5.7,114,10.0,0,0.0,-3,3.0,1.0,192,74.0,25,0,1.8,365.0,133.0,2,112,0.4,351.0,125.0,0.1,4.4,0.0,53732,31,131027,50,0.9,0.9,0.21,0.78,0.98,7.47,0.04,0.13,0.17,1.25,115.6,317.0,119.0,180.3,152.0,37.0,57.0,292.0,89.0,35.4,283.0,95.0,,,,26,,Andrew,Robertson,Robertson,,,538,0,0,2,8,0,0,0,0,0,0,4,40,,,,0.0,0.33,1.34,0.67,5.02,10,20,21
373,a,,,5.9,89,5.0,0,0.0,-1,1.0,21.0,18,6.0,94,0,3.8,91.0,33.0,4,353,3.0,98.0,36.0,0.5,15.9,0.0,2734996,1421,3367289,1211,3.5,3.5,1.1,0.75,1.85,29.82,0.04,0.03,0.07,1.19,694.4,6.0,2.0,148.0,184.0,46.0,219.0,96.0,10.0,106.0,45.0,3.0,,,,26,,Virgil,van Dijk,Virgil,,,2250,1,0,7,35,0,0,0,4,0,0,25,263,,,,0.0,0.28,1.4,1.0,9.52,17,221,54
374,a,100.0,100.0,5.4,165,18.0,0,0.0,-1,1.0,3.0,107,42.0,93,0,3.9,80.0,29.0,7,353,2.8,104.0,38.0,0.5,17.2,0.0,591952,838,657824,237,3.3,3.3,1.03,0.83,1.86,24.9,0.05,0.04,0.09,1.09,552.2,29.0,11.0,109.4,221.0,58.0,95.0,232.0,62.0,75.9,115.0,37.0,,,,26,,Ibrahima,Konaté,Konaté,,,2056,1,0,7,29,0,0,0,5,0,0,24,234,,,,0.0,0.31,1.27,1.05,9.15,37,172,73
375,i,0.0,0.0,4.9,340,56.0,0,0.0,-1,1.0,0.2,408,149.0,42,0,2.8,224.0,88.0,2,157,0.0,737.0,255.0,0.0,8.6,0.0,62588,1,70827,14,0.0,0.0,0.18,0.84,1.02,10.77,0.02,0.08,0.1,1.04,157.4,278.0,110.0,105.2,230.0,62.0,62.0,282.0,83.0,32.3,300.0,102.0,,,,26,,Conor,Bradley,Bradley,Knee injury - Expected back 01 Jun,,928,0,2,4,13,0,0,0,5,0,0,12,82,,,,0.0,0.39,1.26,1.16,6.3,19,46,43
376,d,75.0,75.0,4.9,297,45.0,0,0.0,-1,1.0,0.1,428,158.0,25,0,2.3,291.0,110.0,2,70,0.0,716.0,251.0,0.0,5.1,0.0,22249,0,28714,11,0.4,0.4,0.18,0.54,0.72,3.77,0.06,0.17,0.23,1.22,74.8,364.0,137.0,56.9,312.0,105.0,22.0,363.0,125.0,15.3,374.0,132.0,,,,26,,Joe,Gomez,Gomez,Knock - 75% chance of playing,,279,0,2,2,7,0,0,0,2,0,0,4,22,,,,0.0,0.65,2.26,1.29,6.77,2,19,9
377,u,0.0,0.0,4.8,359,59.0,0,0.0,-2,2.0,0.0,590,211.0,0,0,0.0,756.0,260.0,0,0,0.0,705.0,250.0,0.0,0.0,0.0,1669,0,12227,1,0.0,0.0,0.0,0.0,0.0,0.0,0.0,0.0,0.0,0.0,0.0,756.0,260.0,0.0,751.0,260.0,0.0,738.0,260.0,0.0,756.0,260.0,,,,26,,Konstantinos,Tsimikas,Tsimikas,has joined AS Roma on loan for the rest of the season.,,0,0,0,0,0,0,0,0,0,0,0,0,0,,,,0.0,0.0,0.0,0.0,0.0,0,0,0
378,a,100.0,100.0,3.7,817,265.0,0,0.0,-3,3.0,1.2,176,68.0,0,0,0.0,513.0,182.0,0,0,0.0,400.0,146.0,0.0,0.0,0.0,217920,414,91843,282,0.5,0.5,0.0,0.0,0.0,0.0,0.0,0.0,0.0,0.0,0.0,503.0,181.0,0.0,488.0,178.0,0.0,447.0,169.0,0.0,505.0,181.0,,,,26,,Amara,Nallo,Nallo,,,0,0,0,0,0,0,0,0,0,0,0,0,0,,,,0.0,0.0,0.0,0.0,0.0,0,0,0
379,a,,,3.7,814,262.0,0,0.0,-3,3.0,0.6,238,88.0,0,0,0.0,511.0,180.0,0,0,0.0,398.0,144.0,0.0,0.0,0.0,80885,712,36697,121,0.5,0.5,0.0,0.0,0.0,0.0,0.0,0.0,0.0,0.0,0.0,501.0,179.0,0.0,486.0,176.0,0.0,445.0,167.0,0.0,503.0,179.0,,,,26,,Rhys,Williams,R.Williams,,,0,0,0,0,0,0,0,0,0,0,0,0,0,,,,0.0,0.0,0.0,0.0,0.0,0,0,0
380,a,,,3.8,796,245.0,0,0.0,-2,2.0,0.2,348,125.0,0,0,0.0,520.0,188.0,0,0,0.0,412.0,157.0,0.0,0.0,0.0,27178,14,30607,12,0.5,0.5,0.0,0.0,0.0,0.0,0.0,0.0,0.0,0.0,0.0,511.0,188.0,0.0,497.0,186.0,0.0,456.0,177.0,0.0,513.0,188.0,,,,26,,Calvin,Ramsay,Ramsay,,,0,0,0,0,0,0,0,0,0,0,0,0,0,,,,0.0,0.0,0.0,0.0,0.0,0,0,0
381,a,100.0,100.0,14.0,2,1.0,0,0.0,-5,5.0,14.2,24,8.0,76,0,4.5,39.0,20.0,5,238,2.4,137.0,58.0,0.2,5.4,0.0,1323797,96,5869329,632,2.9,2.9,5.76,3.5,9.26,22.18,0.36,0.22,0.58,1.38,329.0,131.0,44.0,550.3,14.0,14.0,552.0,17.0,7.0,143.1,17.0,13.0,,4.0,1.0,26,,Mohamed,Salah,M.Salah,,,1446,4,5,4,27,0,0,0,1,0,0,15,56,,,,0.0,0.25,1.68,0.93,3.49,4,8,44
382,a,100.0,100.0,8.4,12,7.0,0,0.0,-1,1.0,13.7,27,10.0,97,0,4.0,76.0,37.0,16,399,5.2,15.0,12.0,0.6,11.5,0.0,2023305,2233,4007005,2933,5.7,5.7,5.02,4.0,9.01,23.14,0.26,0.2,0.46,1.18,395.4,90.0,28.0,651.9,5.0,5.0,484.0,22.0,10.0,153.1,12.0,10.0,4.0,,,26,,Florian,Wirtz,Wirtz,,,1760,4,3,7,23,0,0,0,1,0,0,20,126,,,,0.0,0.36,1.18,1.02,6.44,27,19,80
383,u,0.0,0.0,8.0,16,11.0,0,0.0,0,0.0,0.0,603,230.0,0,0,0.0,816.0,366.0,0,0,0.0,814.0,366.0,0.0,0.0,0.0,0,0,7319,0,0.0,0.0,0.0,0.0,0.0,0.0,0.0,0.0,0.0,0.0,0.0,816.0,366.0,0.0,816.0,366.0,0.0,816.0,366.0,0.0,816.0,366.0,,,,26,,Luis,Díaz Marulanda,Luis Díaz,Has joined Bayern Munch permanently.,,0,0,0,0,0,0,0,0,0,0,0,0,0,,,,0.0,0.0,0.0,0.0,0.0,0,0,0
384,a,100.0,100.0,7.3,27,17.0,0,0.0,-2,2.0,5.3,67,23.0,86,0,3.7,105.0,49.0,5,318,2.0,169.0,73.0,0.3,11.8,0.0,3289809,336,3716397,488,2.5,2.5,5.12,3.79,8.91,18.48,0.28,0.2,0.48,1.0,355.0,112.0,37.0,491.1,21.0,20.0,533.0,20.0,8.0,137.8,18.0,14.0,3.0,,3.0,26,,Cody,Gakpo,Gakpo,,,1668,5,3,5,25,0,0,0,1,0,0,19,96,,,,0.0,0.27,1.35,1.03,5.18,15,25,56
385,a,100.0,100.0,6.3,68,45.0,0,0.0,-2,2.0,0.3,326,109.0,30,0,1.7,375.0,165.0,0,115,0.6,312.0,136.0,0.1,4.8,0.0,55663,22,67794,19,1.1,1.1,1.18,0.5,1.68,4.7,0.45,0.19,0.64,1.78,115.6,319.0,144.0,33.6,359.0,187.0,125.0,199.0,111.0,27.4,320.0,156.0,,,,26,,Federico,Chiesa,Chiesa,,,237,2,1,0,6,0,0,0,2,0,0,1,25,,,,0.0,0.0,2.28,0.38,9.49,8,11,6
386,a,100.0,100.0,6.2,74,48.0,0,0.0,-3,3.0,1.2,175,57.0,49,0,2.0,332.0,149.0,0,255,1.0,269.0,115.0,0.2,7.9,0.0,168280,239,271294,108,1.5,1.5,2.12,1.12,3.24,20.57,0.12,0.06,0.18,1.13,236.0,208.0,91.0,319.0,67.0,52.0,193.0,118.0,68.0,74.9,119.0,65.0,,,4.0,26,,Alexis,Mac Allister,Mac Allister,,,1636,0,2,5,24,0,0,0,4,0,0,20,131,,,,0.0,0.28,1.32,1.1,7.21,26,39,66
387,s,0.0,0.0,6.7,49,31.0,0,0.0,2,-2.0,5.2,69,24.0,97,0,4.0,73.0,34.0,14,496,5.2,13.0,10.0,0.8,14.5,0.0,1667932,643,1396338,5020,0.0,0.0,3.54,3.76,7.3,28.45,0.15,0.16,0.31,1.19,544.8,32.0,9.0,794.2,2.0,2.0,277.0,73.0,44.0,161.5,9.0,7.0,2.0,2.0,,26,,Dominik,Szoboszlai,Szoboszlai,Suspended until 22 Feb,,2152,4,2,7,34,0,0,1,5,1,0,24,222,,,,0.0,0.29,1.42,1.0,9.28,36,63,123
388,a,100.0,100.0,5.4,167,102.0,0,0.0,-1,1.0,0.1,453,155.0,42,0,1.9,347.0,155.0,1,256,1.6,204.0,87.0,0.3,7.8,0.0,27766,20,32164,30,2.1,2.1,1.05,2.17,3.22,17.75,0.09,0.18,0.27,1.46,213.4,226.0,98.0,292.7,82.0,61.0,106.0,219.0,119.0,61.1,168.0,92.0,,,,26,,Curtis,Jones,C.Jones,,,1092,0,2,2,21,0,0,0,1,0,0,10,121,,,,0.0,0.16,1.73,0.82,9.97,21,20,80
390,a,100.0,100.0,5.5,147,91.0,0,0.0,0,0.0,4.6,75,26.0,106,0,4.6,30.0,15.0,13,489,2.4,133.0,56.0,0.4,19.3,0.0,1866240,848,1408923,956,2.9,2.9,1.3,1.68,2.98,24.63,0.06,0.07,0.13,1.09,496.4,51.0,13.0,350.4,53.0,43.0,131.0,189.0,106.0,97.8,64.0,40.0,,,,26,,Ryan,Gravenberch,Gravenberch,,,2028,4,4,7,29,0,0,0,4,0,0,23,218,,,,0.0,0.31,1.29,1.02,9.67,42,74,102
392,a,100.0,100.0,4.9,294,183.0,0,0.0,-1,1.0,0.1,498,176.0,9,0,1.3,423.0,190.0,0,35,0.4,340.0,152.0,0.1,1.8,0.0,7293,6,14699,6,0.9,0.9,0.0,0.04,0.04,3.69,0.0,0.04,0.04,3.26,41.8,406.0,180.0,16.3,389.0,195.0,0.0,746.0,320.0,5.8,427.0,193.0,,,,26,,Endo,Wataru,Endo,,,102,0,1,0,5,0,0,0,1,0,0,0,12,,,,0.0,0.0,4.41,0.0,10.59,5,7,0
393,i,0.0,0.0,4.3,604,352.0,0,0.0,-2,2.0,0.0,631,248.0,0,0,0.0,647.0,243.0,0,0,0.0,563.0,192.0,0.0,0.0,0.0,6711,2,9948,1,0.0,0.0,0.0,0.0,0.0,0.0,0.0,0.0,0.0,0.0,0.0,638.0,234.0,0.0,634.0,239.0,0.0,604.0,223.0,0.0,640.0,236.0,,,,26,,Stefan,Bajčetić Maquieira,Bajcetic,Hamstring injury - Unknown return date,,0,0,0,0,0,0,0,0,0,0,0,0,0,,,,0.0,0.0,0.0,0.0,0.0,0,0,0
394,u,0.0,0.0,4.4,546,326.0,0,0.0,-1,1.0,0.0,676,275.0,0,0,0.0,668.0,257.0,0,0,0.0,592.0,210.0,0.0,0.0,0.0,1737,0,4087,0,0.0,0.0,0.0,0.0,0.0,0.0,0.0,0.0,0.0,0.0,0.0,660.0,249.0,0.0,656.0,254.0,0.0,628.0,239.0,0.0,662.0,251.0,,,,26,,James,McConnell,McConnell,has joined Ajax on loan for the rest of the season.,,0,0,0,0,0,0,0,0,0,0,0,0,0,,,,0.0,0.0,0.0,0.0,0.0,0,0,0
395,u,0.0,0.0,4.5,430,257.0,0,0.0,0,0.0,0.0,798,354.0,0,0,0.0,695.0,273.0,0,0,0.0,626.0,230.0,0.0,0.0,0.0,0,0,357,0,0.0,0.0,0.0,0.0,0.0,0.0,0.0,0.0,0.0,0.0,0.0,690.0,268.0,0.0,686.0,271.0,0.0,663.0,260.0,0.0,692.0,270.0,,,,26,,Tyler,Morton,Morton,Has joined Lyon permanently.,,0,0,0,0,0,0,0,0,0,0,0,0,0,,,,0.0,0.0,0.0,0.0,0.0,0,0,0
396,a,,,4.3,613,359.0,0,0.0,-2,2.0,0.3,304,105.0,2,0,1.0,460.0,201.0,0,5,0.0,571.0,199.0,0.0,0.5,0.0,96954,16,80999,28,0.5,0.5,0.0,0.0,0.0,0.0,0.0,0.0,0.0,0.0,2.2,478.0,219.0,10.3,411.0,204.0,0.0,610.0,229.0,1.3,473.0,217.0,,,,26,,Trey,Nyoni,Nyoni,,,2,0,0,0,0,0,0,0,0,0,0,0,0,,,,0.0,0.0,0.0,0.0,0.0,0,0,0
397,u,0.0,0.0,6.5,51,18.0,0,0.0,0,0.0,0.1,554,78.0,0,0,0.0,812.0,90.0,0,0,0.0,807.0,87.0,0.0,0.0,0.0,0,0,15920,0,0.0,0.0,0.0,0.0,0.0,0.0,0.0,0.0,0.0,0.0,0.0,812.0,90.0,0.0,812.0,90.0,0.0,812.0,90.0,0.0,812.0,90.0,,,,26,,Darwin,Núñez Ribeiro,Darwin,Has joined Al-Hilal permanently.,,0,0,0,0,0,0,0,0,0,0,0,0,0,,,,0.0,0.0,0.0,0.0,0.0,0,0,0
398,i,0.0,0.0,4.3,600,84.0,0,0.0,-2,2.0,0.1,472,68.0,0,0,0.0,645.0,66.0,0,0,0.0,560.0,54.0,0.0,0.0,0.0,8818,3,19350,8,0.0,0.0,0.0,0.0,0.0,0.0,0.0,0.0,0.0,0.0,0.0,636.0,66.0,0.0,631.0,65.0,0.0,601.0,65.0,0.0,638.0,66.0,,,,26,,Jayden,Danns,Danns,Hamstring injury - Unknown return date,,0,0,0,0,0,0,0,0,0,0,0,0,0,,,,0.0,0.0,0.0,0.0,0.0,0,0,0
499,i,0.0,0.0,10.3,4,2.0,0,0.0,-2,2.0,3.6,95,16.0,29,0,2.9,213.0,24.0,2,96,0.0,816.0,90.0,0.0,2.8,0.0,1796957,3,2409217,159,0.0,0.0,2.04,0.07,2.11,5.1,0.37,0.01,0.38,0.92,97.6,336.0,33.0,36.5,353.0,44.0,143.0,170.0,38.0,26.9,326.0,38.0,,,,26,,Alexander,Isak,Isak,Ankle injury - Unknown return date,,501,2,1,1,7,0,0,0,0,0,0,6,23,,,,0.0,0.18,1.26,1.08,4.13,6,6,11
661,a,100.0,100.0,8.9,7,3.0,0,0.0,4,-4.0,25.4,13,4.0,102,0,4.6,34.0,6.0,19,364,3.6,60.0,7.0,0.4,11.5,0.0,7349405,4309,6472510,3635,4.1,4.1,8.2,1.75,9.95,21.64,0.52,0.11,0.63,1.37,439.4,66.0,5.0,224.4,119.0,6.0,611.0,10.0,7.0,126.4,29.0,6.0,,,,26,,Hugo,Ekitiké,Ekitiké,,,1422,10,2,5,20,0,0,0,0,0,0,16,63,,,,0.0,0.32,1.27,1.01,3.99,9,26,28
686,a,,,4.3,619,363.0,0,0.0,-2,2.0,0.8,206,69.0,13,0,1.6,381.0,168.0,0,56,0.4,332.0,145.0,0.1,3.0,0.0,237296,361,168594,171,0.9,0.9,0.37,0.35,0.72,2.78,0.44,0.41,0.85,3.29,50.8,397.0,175.0,59.7,308.0,174.0,41.0,315.0,164.0,15.3,373.0,175.0,,,,26,,Rio,Ngumoha,Ngumoha,,,76,1,0,0,3,0,0,0,0,0,0,0,3,,,,0.0,0.0,3.55,0.0,3.55,1,0,2
692,i,0.0,0.0,4.9,351,58.0,0,0.0,-1,1.0,0.0,708,243.0,0,0,0.0,777.0,261.0,0,0,0.0,744.0,256.0,0.0,0.0,0.0,1830,1,2475,2,0.0,0.0,0.0,0.0,0.0,0.0,0.0,0.0,0.0,0.0,0.0,777.0,261.0,0.0,773.0,261.0,0.0,764.0,261.0,0.0,777.0,261.0,,,,26,,Giovanni,Leoni,Leoni,Knee injury - Expected back 01 Sep,,0,0,0,0,0,0,0,0,0,0,0,0,0,,,,0.0,0.0,0.0,0.0,0.0,0,0,0
746,a,,,4.5,492,301.0,0,0.0,0,0.0,0.0,744,316.0,0,0,0.0,735.0,306.0,0,0,0.0,673.0,269.0,0.0,0.0,0.0,950,1,729,1,0.5,0.5,0.0,0.0,0.0,0.0,0.0,0.0,0.0,0.0,0.0,734.0,305.0,0.0,728.0,305.0,0.0,709.0,297.0,0.0,734.0,305.0,,,,26,,Kieran,Morrison,Morrison,,,0,0,0,0,0,0,0,0,0,0,0,0,0,,,,0.0,0.0,0.0,0.0,0.0,0,0,0
760,a,,,4.0,705,184.0,0,0.0,0,0.0,0.0,706,242.0,0,0,0.0,606.0,225.0,0,0,0.0,504.0,199.0,0.0,0.0,0.0,888,3,652,2,0.5,0.5,0.0,0.0,0.0,0.0,0.0,0.0,0.0,0.0,0.0,597.0,225.0,0.0,589.0,225.0,0.0,551.0,219.0,0.0,599.0,225.0,,,,26,,Wellity,Lucky,Lucky,,,0,0,0,0,0,0,0,0,0,0,0,0,0,,,,0.0,0.0,0.0,0.0,0.0,0,0,0
82,a,100.0,100.0,7.9,17,12.0,0,0.0,9,-9.0,48.7,2,1.0,139,0,5.8,6.0,4.0,14,454,3.8,49.0,23.0,0.5,17.6,0.0,10670156,2628,6019031,5279,4.3,4.3,7.85,2.03,9.88,35.78,0.33,0.08,0.41,1.49,640.6,11.0,3.0,407.2,37.0,35.0,715.0,3.0,1.0,176.5,4.0,3.0,,,,26,,Antoine,Semenyo,Semenyo,,,2160,12,5,6,43,0,0,1,6,0,0,24,176,,,,0.0,0.25,1.79,1.0,7.33,31,35,110
182,a,,,4.5,428,23.0,0,0.0,-5,5.0,0.9,198,24.0,11,0,3.7,95.0,9.0,0,62,0.0,624.0,90.0,0.0,2.4,0.0,99484,14,271070,31,0.5,0.5,0.0,0.0,0.0,3.97,0.0,0.0,0.0,1.32,100.2,331.0,26.0,0.0,684.0,86.0,0.0,661.0,74.0,10.1,402.0,27.0,,,,26,,James,Trafford,Trafford,,,270,0,0,1,4,0,0,0,0,0,11,3,41,,,,3.67,0.33,1.33,1.0,0.0,2,6,33
260,a,100.0,100.0,5.2,210,28.0,0,0.0,7,-7.0,36.6,5,2.0,117,0,5.1,10.0,3.0,8,422,2.4,132.0,47.0,0.5,22.5,0.0,5663998,3309,2778308,2393,2.9,2.9,2.65,1.77,4.42,30.49,0.12,0.08,0.2,1.33,577.4,20.0,8.0,162.1,172.0,42.0,279.0,71.0,3.0,101.9,52.0,9.0,,,,26,,Marc,Guéhi,Guéhi,,,2070,2,4,8,26,0,0,0,5,0,0,23,226,,,,0.0,0.35,1.13,1.0,8.3,32,159,99
399,u,0.0,0.0,5.3,186,5.0,0,0.0,-2,2.0,0.8,203,25.0,0,0,0.0,793.0,94.0,0,0,0.0,770.0,94.0,0.0,0.0,0.0,15200,0,272449,9,0.0,0.0,0.0,0.0,0.0,0.0,0.0,0.0,0.0,0.0,0.0,793.0,94.0,0.0,792.0,93.0,0.0,788.0,90.0,0.0,793.0,94.0,,,,26,,Ederson,Santana de Moraes,Ederson M.,has joined Fenerbache permanently.,,0,0,0,0,0,0,0,0,0,0,0,0,0,,,,0.0,0.0,0.0,0.0,0.0,0,0,0
401,a,100.0,100.0,3.8,785,93.0,0,0.0,-2,2.0,0.4,289,37.0,0,0,0.0,515.0,33.0,0,0,0.0,404.0,24.0,0.0,0.0,0.0,44453,373,23806,86,0.5,0.5,0.0,0.0,0.0,0.0,0.0,0.0,0.0,0.0,0.0,506.0,33.0,0.0,491.0,17.0,0.0,450.0,2.0,0.0,508.0,33.0,,,,26,,Marcus,Bettinelli,Bettinelli,,,0,0,0,0,0,0,0,0,0,0,0,0,0,,,,0.0,0.0,0.0,0.0,0.0,0,0,0
402,a,100.0,100.0,5.7,119,13.0,0,0.0,-3,3.0,3.8,88,30.0,17,0,2.1,318.0,117.0,1,65,1.0,266.0,96.0,0.2,3.0,0.0,525808,222,2392400,77,1.5,1.5,0.3,0.69,0.99,4.91,0.07,0.17,0.24,1.18,66.0,379.0,145.0,56.8,313.0,106.0,35.0,333.0,107.0,15.8,372.0,131.0,,,,26,,Rayan,Aït-Nouri,Aït-Nouri,,,373,0,0,1,4,0,0,0,1,0,0,5,41,,,,0.0,0.24,0.97,1.21,7.96,14,19,18
403,i,0.0,0.0,5.9,101,6.0,0,0.0,-1,1.0,3.5,96,34.0,77,0,4.8,22.0,8.0,5,291,0.0,800.0,265.0,0.0,13.1,0.0,1373971,7,2158999,655,0.0,0.0,2.19,0.64,2.83,15.29,0.15,0.04,0.19,1.06,354.6,113.0,50.0,104.7,232.0,64.0,193.0,117.0,21.0,65.3,151.0,48.0,,,,26,,Joško,Gvardiol,Gvardiol,Leg injury - Unknown return date,,1301,2,2,6,13,0,0,0,2,0,0,15,115,,,,0.0,0.42,0.9,1.04,6.85,17,82,48
404,u,0.0,0.0,5.4,168,19.0,0,0.0,-1,1.0,0.3,332,120.0,0,0,0.0,796.0,264.0,0,0,0.0,779.0,263.0,0.0,0.0,0.0,9281,0,85295,6,0.0,0.0,0.0,0.0,0.0,0.0,0.0,0.0,0.0,0.0,0.0,796.0,264.0,0.0,795.0,264.0,0.0,792.0,264.0,0.0,796.0,264.0,,,,26,,Manuel,Akanji,Akanji,has joined Inter Milan on loan for the rest of the season.,,0,0,0,0,0,0,0,0,0,0,0,0,0,,,,0.0,0.0,0.0,0.0,0.0,0,0,0
405,a,,,5.3,187,23.0,0,0.0,-2,2.0,0.6,232,87.0,26,0,2.0,330.0,121.0,1,111,0.4,346.0,124.0,0.1,4.9,0.0,43926,22,83203,45,0.9,0.9,0.28,0.44,0.72,7.87,0.05,0.08,0.13,1.46,98.6,333.0,127.0,93.1,244.0,69.0,25.0,352.0,117.0,21.8,348.0,119.0,,,,26,,Nathan,Aké,Aké,,,485,0,0,2,7,0,0,0,1,0,0,4,40,,,,0.0,0.37,1.3,0.74,6.87,9,28,12
406,a,100.0,100.0,5.4,185,22.0,0,0.0,-1,1.0,0.4,292,109.0,30,0,2.7,240.0,94.0,0,145,3.0,95.0,35.0,0.6,5.6,0.0,50324,136,69575,49,3.5,3.5,0.3,0.1,0.4,10.48,0.04,0.01,0.05,1.33,135.0,298.0,115.0,32.9,360.0,126.0,4.0,426.0,158.0,17.3,368.0,129.0,,,,26,,Abdukodir,Khusanov,Khusanov,,,709,0,0,3,7,0,0,0,2,0,0,8,74,,,,0.0,0.38,0.89,1.02,8.25,17,48,33
407,a,100.0,100.0,5.4,175,21.0,0,0.0,-1,1.0,3.2,102,39.0,111,0,5.0,13.0,4.0,14,461,3.4,70.0,27.0,0.6,20.6,0.0,840728,1027,513513,450,3.9,3.9,0.25,1.4,1.65,21.68,0.01,0.07,0.08,1.06,476.0,56.0,26.0,291.3,83.0,20.0,56.0,294.0,91.0,82.6,103.0,31.0,,,4.0,26,,Matheus,Nunes,Matheus N.,,,1845,1,6,8,19,0,0,0,4,0,0,20,182,,,,0.0,0.39,0.93,0.98,7.02,44,100,111
408,a,100.0,100.0,5.5,139,16.0,0,0.0,0,0.0,3.3,98,35.0,96,0,4.6,29.0,11.0,3,378,0.2,394.0,143.0,0.0,17.5,0.0,918395,241,1039417,212,0.7,0.7,0.53,0.49,1.02,20.1,0.03,0.03,0.06,1.04,463.2,59.0,27.0,92.6,247.0,72.0,95.0,233.0,63.0,65.2,152.0,49.0,,,,26,,Rúben,dos Santos Gato Alves Dias,Rúben,,,1734,2,0,10,17,0,0,0,2,0,0,19,159,,,,0.0,0.52,0.88,0.99,7.01,7,128,61
409,a,100.0,100.0,5.4,157,17.0,0,0.0,-1,1.0,0.6,248,93.0,12,0,1.7,373.0,139.0,0,45,0.0,775.0,262.0,0.0,2.2,0.0,50283,17,109126,9,0.5,0.5,0.0,0.06,0.06,5.05,0.0,0.02,0.02,1.29,76.6,360.0,136.0,19.6,385.0,138.0,2.0,444.0,166.0,9.8,403.0,144.0,,,,26,,John,Stones,Stones,,,351,0,0,1,8,0,0,0,0,0,0,4,34,,,,0.0,0.26,2.05,1.03,4.87,0,19,17
410,a,100.0,100.0,4.6,401,70.0,0,0.0,-4,4.0,1.2,174,67.0,19,0,1.9,340.0,127.0,2,75,0.0,696.0,248.0,0.0,4.1,0.0,366899,25,457426,70,0.5,0.5,0.11,1.31,1.42,5.04,0.03,0.38,0.41,1.46,67.4,376.0,143.0,97.3,239.0,67.0,43.0,313.0,100.0,20.7,355.0,123.0,,,,26,,Rico,Lewis,Lewis,,,311,0,1,1,5,0,0,0,1,0,0,3,23,,,,0.0,0.29,1.45,0.87,5.5,5,14,10
411,a,100.0,100.0,4.9,336,54.0,0,0.0,-1,1.0,4.5,78,25.0,87,0,3.6,110.0,38.0,2,343,1.6,200.0,74.0,0.3,17.8,0.0,1916976,325,1395255,770,2.1,2.1,2.15,1.54,3.69,23.52,0.11,0.08,0.19,1.18,386.2,93.0,43.0,300.4,79.0,19.0,207.0,103.0,14.0,89.4,76.0,17.0,,,,26,,Nico,O'Reilly,O'Reilly,,,1791,1,3,9,18,0,0,0,4,0,0,19,155,,,,0.0,0.45,0.9,0.95,6.68,57,76,74
412,u,0.0,0.0,5.0,283,42.0,0,0.0,0,0.0,0.0,770,261.0,0,0,0.0,790.0,263.0,0,0,0.0,760.0,258.0,0.0,0.0,0.0,0,0,849,0,0.0,0.0,0.0,0.0,0.0,0.0,0.0,0.0,0.0,0.0,0.0,790.0,263.0,0.0,788.0,263.0,0.0,783.0,263.0,0.0,790.0,263.0,,,,26,,Vitor,de Oliveira Nunes dos Reis,Vitor Reis,Has joined Girona on loan for the rest of the season.,,0,0,0,0,0,0,0,0,0,0,0,0,0,,,,0.0,0.0,0.0,0.0,0.0,0,0,0
413,a,100.0,100.0,8.3,13,8.0,0,0.0,-2,2.0,2.5,115,35.0,29,0,2.2,308.0,136.0,4,89,2.6,124.0,54.0,0.3,3.5,0.0,238814,259,1249168,195,3.1,3.1,1.58,0.58,2.16,3.5,0.42,0.15,0.57,0.93,79.8,355.0,158.0,94.3,243.0,151.0,134.0,180.0,101.0,30.5,307.0,149.0,,1.0,2.0,26,,Omar,Marmoush,Marmoush,,,338,1,1,2,3,0,0,0,1,0,0,4,21,,,,0.0,0.53,0.8,1.07,5.59,6,4,11
414,a,100.0,100.0,8.2,14,9.0,0,0.0,2,-2.0,10.2,37,13.0,103,0,4.7,27.0,13.0,10,443,0.6,315.0,139.0,0.1,12.6,0.0,6150949,89,5243320,4869,1.1,1.1,4.95,3.53,8.48,19.98,0.27,0.19,0.46,1.09,452.4,63.0,18.0,692.3,4.0,4.0,366.0,43.0,25.0,150.8,13.0,11.0,1.0,3.0,,26,,Phil,Foden,Foden,,,1643,7,2,9,14,0,0,0,3,0,0,19,119,,,,0.0,0.49,0.77,1.04,6.52,24,20,75
415,d,25.0,25.0,6.9,43,25.0,0,0.0,-1,1.0,0.4,276,96.0,26,0,1.7,377.0,166.0,0,87,0.0,810.0,363.0,0.0,3.8,0.0,33193,0,112935,20,0.1,0.1,1.28,1.18,2.46,6.39,0.22,0.2,0.42,1.08,75.0,363.0,162.0,138.1,192.0,128.0,218.0,99.0,61.0,43.1,252.0,123.0,,,,26,,Sávio,Moreira de Oliveira,Savinho,Thigh injury - 25% chance of playing,,531,0,2,2,5,0,0,0,1,0,0,5,44,,,,0.0,0.34,0.85,0.85,7.46,5,9,30
416,a,100.0,100.0,6.2,73,47.0,0,0.0,-3,3.0,0.6,246,84.0,66,0,2.6,255.0,109.0,1,328,4.0,35.0,19.0,0.6,10.6,0.0,82897,327,123274,41,4.5,4.5,1.24,2.69,3.93,23.67,0.06,0.13,0.19,1.16,305.2,158.0,59.0,444.3,28.0,27.0,132.0,186.0,104.0,88.1,82.0,48.0,5.0,,,26,,Bernardo,Mota Veiga de Carvalho e Silva,Bernardo,,,1839,1,4,8,20,0,0,0,6,0,0,21,159,,,,0.0,0.39,0.98,1.03,7.78,27,42,90
417,a,100.0,100.0,6.5,53,34.0,0,0.0,0,0.0,9.3,40,15.0,89,0,4.5,38.0,19.0,12,377,2.6,122.0,53.0,0.4,13.7,0.0,2633190,1924,2464139,2236,3.1,3.1,2.16,5.79,7.95,13.84,0.19,0.5,0.69,1.19,386.2,94.0,29.0,562.8,12.0,12.0,326.0,53.0,32.0,127.7,27.0,23.0,2.0,4.0,,26,,Rayan,Cherki,Cherki,,,1048,3,8,5,11,0,0,0,1,0,0,12,99,,,,0.0,0.43,0.94,1.03,8.5,20,14,65
418,d,25.0,25.0,6.4,57,36.0,0,0.0,-1,1.0,2.4,117,36.0,72,0,3.6,115.0,53.0,9,305,0.6,313.0,137.0,0.1,11.2,0.0,2119408,8,2068457,483,0.3,0.3,1.81,4.25,6.06,15.61,0.14,0.32,0.46,1.19,302.0,163.0,63.0,557.2,13.0,13.0,380.0,38.0,22.0,123.8,31.0,24.0,,,3.0,26,,Jérémy,Doku,Doku,Calf injury - 25% chance of playing,,1179,1,7,5,13,0,0,0,0,0,0,13,79,,,,0.0,0.38,0.99,0.99,6.03,15,10,54
420,u,0.0,0.0,6.3,63,41.0,0,0.0,-2,2.0,0.1,557,204.0,0,0,0.0,809.0,362.0,0,0,0.0,802.0,359.0,0.0,0.0,0.0,1928,0,19828,2,0.0,0.0,0.0,0.0,0.0,0.0,0.0,0.0,0.0,0.0,0.0,809.0,362.0,0.0,809.0,362.0,0.0,809.0,362.0,0.0,809.0,362.0,,,,26,,İlkay,Gündoğan,Gündoğan,has joined Galatasaray permanently.,,0,0,0,0,0,0,0,0,0,0,0,0,0,,,,0.0,0.0,0.0,0.0,0.0,0,0,0
421,a,100.0,100.0,6.3,67,44.0,0,0.0,-2,2.0,0.5,266,90.0,32,0,2.5,273.0,116.0,1,183,2.6,121.0,52.0,0.4,5.1,0.0,55719,55,97901,42,3.1,3.1,0.23,1.16,1.39,11.65,0.03,0.13,0.16,1.29,189.8,253.0,107.0,234.5,109.0,79.0,39.0,319.0,167.0,46.4,235.0,118.0,,,,26,,Rodrigo 'Rodri',Hernandez Cascante,Rodrigo,,,813,0,0,2,9,0,0,0,2,0,0,9,122,,,,0.0,0.22,1.0,1.0,13.51,27,33,62
422,i,0.0,0.0,5.8,104,66.0,0,0.0,-2,2.0,0.0,684,281.0,1,0,1.0,498.0,234.0,0,3,0.0,793.0,352.0,0.0,0.2,0.0,2409,0,3338,1,0.0,0.0,0.0,0.0,0.0,0.0,0.0,0.0,0.0,0.0,2.6,476.0,218.0,0.8,465.0,224.0,0.0,804.0,358.0,0.3,494.0,228.0,,,,26,,Mateo,Kovačić,Kovačić,Ankle injury - Unknown return date,,4,0,0,0,0,0,0,0,0,0,0,0,0,,,,0.0,0.0,0.0,0.0,0.0,0,0,0
423,a,100.0,100.0,5.9,98,63.0,0,0.0,-1,1.0,0.1,473,163.0,55,0,2.8,232.0,96.0,1,289,0.0,797.0,356.0,0.0,9.3,0.0,27325,15,30240,12,0.5,0.5,0.56,1.0,1.56,16.19,0.04,0.07,0.11,1.08,275.8,181.0,73.0,185.3,147.0,101.0,64.0,279.0,149.0,52.5,208.0,104.0,,,,26,,Nico,González Iglesias,N.Gonzalez,,,1351,1,0,7,14,0,0,0,5,0,0,15,179,,,,0.0,0.47,0.93,1.0,11.92,36,64,79
425,u,0.0,0.0,5.4,184,114.0,0,0.0,-1,1.0,0.0,736,310.0,0,0,0.0,802.0,356.0,0,0,0.0,786.0,347.0,0.0,0.0,0.0,194,0,3226,0,0.0,0.0,0.0,0.0,0.0,0.0,0.0,0.0,0.0,0.0,0.0,802.0,356.0,0.0,801.0,356.0,0.0,798.0,355.0,0.0,802.0,356.0,,,,26,,Claudio,Echeverri,Echeverri,has joined Girona on loan for the rest of the season.,,0,0,0,0,0,0,0,0,0,0,0,0,0,,,,0.0,0.0,0.0,0.0,0.0,0,0,0
427,a,,,5.1,232,143.0,0,0.0,-4,4.0,10.4,35,12.0,83,0,3.6,111.0,51.0,6,310,1.0,262.0,111.0,0.2,16.3,0.0,3538108,393,4836162,1240,1.5,1.5,3.92,1.98,5.9,16.57,0.25,0.13,0.38,1.05,320.2,139.0,46.0,315.7,70.0,53.0,385.0,35.0,20.0,101.2,55.0,36.0,3.0,,,26,,Tijjani,Reijnders,Reijnders,,,1423,5,2,7,16,0,0,0,2,0,0,17,83,,,,0.0,0.44,1.01,1.08,5.25,8,26,49
428,a,100.0,100.0,5.0,279,172.0,0,0.0,0,0.0,0.0,716,301.0,0,0,0.0,787.0,345.0,0,0,0.0,757.0,328.0,0.0,0.0,0.0,168,1,2500,2,0.5,0.5,0.0,0.0,0.0,0.0,0.0,0.0,0.0,0.0,0.0,787.0,345.0,0.0,785.0,345.0,0.0,780.0,343.0,0.0,787.0,345.0,,,,26,,Sverre,Nypan,Nypan,,,0,0,0,0,0,0,0,0,0,0,0,0,0,,,,0.0,0.0,0.0,0.0,0.0,0,0,0
429,u,0.0,0.0,4.7,381,238.0,0,0.0,-3,3.0,0.1,555,203.0,0,0,0.0,753.0,321.0,0,0,0.0,697.0,287.0,0.0,0.0,0.0,4052,0,8210,9,0.0,0.0,0.0,0.0,0.0,0.0,0.0,0.0,0.0,0.0,0.0,753.0,321.0,0.0,748.0,321.0,0.0,733.0,315.0,0.0,753.0,321.0,,,,26,,Kalvin,Phillips,Phillips,has joined Sheffield United on loan for the rest of the season.,,0,0,0,0,0,0,0,0,0,0,0,0,0,,,,0.0,0.0,0.0,0.0,0.0,0,0,0
430,a,100.0,100.0,14.9,1,1.0,0,0.0,9,-9.0,68.8,1,1.0,182,0,7.3,1.0,1.0,34,728,3.8,50.0,6.0,0.3,12.2,0.0,6724523,1010,1744462,3237,4.3,4.3,20.23,1.64,21.87,27.48,0.87,0.07,0.94,1.18,916.2,1.0,1.0,230.6,112.0,5.0,1113.0,1.0,1.0,226.1,1.0,1.0,,,1.0,26,,Erling,Haaland,Haaland,,,2098,21,6,10,23,0,0,1,1,0,0,24,75,,,,0.0,0.43,0.99,1.03,3.22,12,36,27
736,a,,,5.6,127,3.0,0,0.0,1,-1.0,8.8,42,7.0,84,0,3.8,90.0,8.0,2,366,3.0,97.0,8.0,0.5,15.0,0.0,1944147,1030,1194005,853,3.5,3.5,0.0,0.0,0.0,24.41,0.0,0.0,0.0,1.11,433.4,69.0,14.0,0.0,805.0,94.0,0.0,803.0,93.0,43.5,247.0,14.0,,,,26,,Gianluigi,Donnarumma,Donnarumma,,,1980,0,0,9,20,0,1,0,5,0,51,22,55,,,,2.32,0.41,0.91,1.0,0.0,0,32,149
739,u,0.0,0.0,4.4,565,339.0,0,0.0,-1,1.0,0.0,677,276.0,2,0,1.0,466.0,207.0,0,5,0.2,372.0,165.0,0.0,0.5,0.0,3500,0,3054,8,0.0,0.0,0.0,0.21,0.21,0.34,0.0,0.76,0.76,1.22,4.2,469.0,213.0,28.3,369.0,190.0,4.0,419.0,205.0,3.7,444.0,201.0,,,,26,,Divine,Mukasa,Mukasa,has joined Leicester City on loan for the rest of the season.,,25,0,0,0,0,0,0,0,0,0,0,0,1,,,,0.0,0.0,0.0,0.0,3.6,0,0,1
740,u,0.0,0.0,3.9,776,227.0,0,0.0,-1,1.0,0.0,614,218.0,0,0,0.0,563.0,205.0,0,0,0.0,458.0,177.0,0.0,0.0,0.0,3208,0,3617,4,0.0,0.0,0.0,0.0,0.0,0.0,0.0,0.0,0.0,0.0,0.0,554.0,205.0,0.0,543.0,205.0,0.0,503.0,197.0,0.0,556.0,205.0,,,,26,,Stephen,Mfuni,Mfuni,has joined Watford on loan for the rest of the season.,,0,0,0,0,0,0,0,0,0,0,0,0,0,,,,0.0,0.0,0.0,0.0,0.0,0,0,0
742,a,,,4.5,503,310.0,0,0.0,0,0.0,0.0,731,308.0,0,0,0.0,742.0,312.0,0,0,0.0,681.0,276.0,0.0,0.0,0.0,1423,2,1186,1,0.5,0.5,0.0,0.0,0.0,0.0,0.0,0.0,0.0,0.0,0.0,742.0,312.0,0.0,736.0,312.0,0.0,718.0,305.0,0.0,742.0,312.0,,,,26,,Ryan,McAidoo,McAidoo,,,0,0,0,0,0,0,0,0,0,0,0,0,0,,,,0.0,0.0,0.0,0.0,0.0,0,0,0
763,a,,,4.5,458,274.0,0,0.0,0,0.0,0.0,783,342.0,0,0,0.0,711.0,288.0,0,0,0.0,644.0,246.0,0.0,0.0,0.0,348,0,223,0,0.5,0.5,0.0,0.0,0.0,0.0,0.0,0.0,0.0,0.0,0.0,707.0,284.0,0.0,703.0,286.0,0.0,681.0,275.0,0.0,708.0,285.0,,,,26,,Charlie,Gray,Gray,,,0,0,0,0,0,0,0,0,0,0,0,0,0,,,,0.0,0.0,0.0,0.0,0.0,0,0,0
764,a,,,4.5,486,296.0,0,0.0,0,0.0,0.0,796,352.0,0,0,0.0,729.0,301.0,0,0,0.0,667.0,264.0,0.0,0.0,0.0,180,2,124,1,0.5,0.5,0.0,0.0,0.0,0.0,0.0,0.0,0.0,0.0,0.0,728.0,300.0,0.0,722.0,300.0,0.0,703.0,292.0,0.0,728.0,300.0,,,,26,,Reigan,Heskey,Heskey,,,0,0,0,0,0,0,0,0,0,0,0,0,0,,,,0.0,0.0,0.0,0.0,0.0,0,0,0
794,a,,,4.2,639,150.0,0,0.0,-3,3.0,0.0,722,248.0,5,0,2.5,261.0,102.0,0,27,0.2,366.0,135.0,0.0,1.2,0.0,5050,3,3951,7,0.7,0.7,0.26,0.06,0.32,1.54,0.17,0.04,0.21,1.03,34.0,413.0,154.0,14.8,392.0,142.0,26.0,349.0,116.0,7.5,419.0,150.0,,,,26,,Max,Alleyne,Alleyne,,,135,0,0,0,1,0,0,0,0,0,0,2,11,,,,0.0,0.0,0.67,1.33,7.33,3,8,4
119,a,100.0,100.0,8.6,10,5.0,0,0.0,6,-6.0,22.3,17,6.0,108,5,5.1,11.0,6.0,14,401,6.8,5.0,4.0,0.8,12.6,0.0,6606084,4962,5595822,2942,6.8,6.8,7.11,3.81,10.92,25.33,0.35,0.19,0.54,1.26,475.6,57.0,15.0,543.3,16.0,16.0,661.0,6.0,2.0,168.0,6.0,4.0,2.0,2.0,,26,,Bryan,Mbeumo,Mbeumo,,,1809,9,2,4,29,0,0,0,3,0,0,21,96,,,,0.0,0.2,1.44,1.04,4.78,16,12,68
431,a,,,4.7,388,17.0,0,0.0,-3,3.0,0.3,309,41.0,11,0,1.8,359.0,28.0,0,49,0.0,699.0,91.0,0.0,2.3,0.0,36177,12,61242,31,0.0,0.0,0.0,0.05,0.05,9.24,0.0,0.01,0.01,1.54,118.4,313.0,24.0,10.0,417.0,9.0,0.0,734.0,80.0,12.8,385.0,24.0,,,,26,,Altay,Bayındır,Bayindir,,,540,0,0,0,11,0,0,0,0,0,13,6,46,,,,2.17,0.0,1.83,1.0,0.0,0,7,39
432,u,0.0,0.0,4.9,303,12.0,0,0.0,-1,1.0,0.1,421,63.0,0,0,0.0,763.0,93.0,0,0,0.0,720.0,93.0,0.0,0.0,0.0,5156,0,26416,1,0.0,0.0,0.0,0.0,0.0,0.0,0.0,0.0,0.0,0.0,0.0,763.0,93.0,0.0,759.0,90.0,0.0,749.0,84.0,0.0,763.0,93.0,,,,26,,André,Onana,Onana,has joined Trabzonspor on loan for the rest of the season.,,0,0,0,0,0,0,0,0,0,0,0,0,0,,,,0.0,0.0,0.0,0.0,0.0,0,0,0
433,u,0.0,0.0,4.0,717,65.0,0,0.0,0,0.0,0.0,804,94.0,0,0,0.0,616.0,84.0,0,0,0.0,516.0,76.0,0.0,0.0,0.0,0,0,245,0,0.0,0.0,0.0,0.0,0.0,0.0,0.0,0.0,0.0,0.0,0.0,607.0,84.0,0.0,599.0,72.0,0.0,562.0,57.0,0.0,609.0,84.0,,,,26,,Elyh,Harrison,Harrison,On loan to Shrewsbury Town,,0,0,0,0,0,0,0,0,0,0,0,0,0,,,,0.0,0.0,0.0,0.0,0.0,0,0,0
434,a,,,3.9,735,66.0,0,0.0,-1,1.0,0.3,338,46.0,0,0,0.0,532.0,35.0,0,0,0.0,426.0,26.0,0.0,0.0,0.0,15224,10,23463,13,0.0,0.0,0.0,0.0,0.0,0.0,0.0,0.0,0.0,0.0,0.0,523.0,35.0,0.0,511.0,19.0,0.0,471.0,4.0,0.0,525.0,35.0,,,,26,,Tom,Heaton,Heaton,,,0,0,0,0,0,0,0,0,0,0,0,0,0,,,,0.0,0.0,0.0,0.0,0.0,0,0,0
435,a,,,3.9,758,81.0,0,0.0,-1,1.0,0.1,476,72.0,0,0,0.0,548.0,49.0,0,0,0.0,443.0,40.0,0.0,0.0,0.0,5258,1,8313,2,0.0,0.0,0.0,0.0,0.0,0.0,0.0,0.0,0.0,0.0,0.0,539.0,49.0,0.0,528.0,34.0,0.0,488.0,19.0,0.0,541.0,49.0,,,,26,,Dermot,Mee,Mee,,,0,0,0,0,0,0,0,0,0,0,0,0,0,,,,0.0,0.0,0.0,0.0,0.0,0,0,0
436,i,0.0,0.0,4.9,308,48.0,0,0.0,-1,1.0,1.9,137,54.0,43,0,3.3,143.0,52.0,5,169,0.0,722.0,253.0,0.0,8.8,0.0,419431,6,542081,119,0.0,0.0,1.38,0.83,2.21,18.73,0.11,0.06,0.17,1.44,276.6,180.0,74.0,60.2,307.0,102.0,122.0,205.0,51.0,45.7,237.0,80.0,,,,26,,Matthijs,de Ligt,De Ligt,Back injury - Expected back 23 Feb,,1170,1,0,1,20,0,0,0,0,0,0,13,139,,,,0.0,0.08,1.54,1.0,8.23,19,88,40
437,a,100.0,100.0,4.8,363,62.0,0,0.0,-2,2.0,0.9,197,77.0,39,2,2.8,221.0,86.0,3,165,3.4,64.0,25.0,0.7,8.1,0.0,153757,593,66219,136,3.4,3.4,0.06,0.49,0.55,9.31,0.01,0.05,0.06,0.93,198.4,241.0,96.0,73.7,282.0,92.0,10.0,392.0,141.0,28.4,317.0,107.0,,,,26,,Lisandro,Martínez,Martinez,,,904,0,0,3,11,1,0,0,0,0,0,9,75,,,,0.0,0.3,1.1,0.9,7.47,12,63,52
438,a,100.0,100.0,4.9,317,51.0,0,0.0,-1,1.0,0.2,372,134.0,20,0,1.7,370.0,137.0,2,99,0.6,296.0,109.0,0.1,4.1,0.0,31864,41,52140,45,0.6,0.6,0.06,0.23,0.28,3.98,0.01,0.05,0.06,0.8,115.2,321.0,121.0,51.5,321.0,109.0,22.0,365.0,127.0,18.7,362.0,125.0,,,,26,,Noussair,Mazraoui,Mazraoui,,,448,0,0,1,6,0,0,0,1,0,0,6,59,,,,0.0,0.2,1.21,1.21,9.44,15,32,27
439,a,,,4.2,651,157.0,0,0.0,-3,3.0,0.1,571,204.0,0,0,0.0,637.0,247.0,0,0,0.0,547.0,229.0,0.0,0.0,0.0,3178,3,8356,7,0.0,0.0,0.0,0.0,0.0,0.0,0.0,0.0,0.0,0.0,0.0,629.0,248.0,0.0,623.0,247.0,0.0,591.0,246.0,0.0,631.0,248.0,,,,26,,Diego,León Blanco,D.Leon,,,0,0,0,0,0,0,0,0,0,0,0,0,0,,,,0.0,0.0,0.0,0.0,0.0,0,0,0
440,a,100.0,100.0,4.5,419,79.0,0,0.0,0,0.0,4.6,77,24.0,86,1,3.6,107.0,36.0,8,304,4.2,24.0,6.0,0.9,19.1,0.0,898375,2417,567482,428,4.2,4.2,1.35,1.95,3.3,25.5,0.07,0.1,0.17,1.25,387.4,92.0,42.0,338.5,59.0,11.0,126.0,196.0,46.0,85.2,91.0,21.0,,,,26,,Diogo,Dalot Teixeira,Dalot,,,1840,1,6,5,30,0,0,0,4,0,0,21,144,,,,0.0,0.24,1.47,1.03,6.02,36,87,86
441,i,0.0,0.0,4.3,616,140.0,0,0.0,-2,2.0,4.9,71,21.0,74,0,3.4,125.0,44.0,8,261,4.6,18.0,4.0,1.1,17.2,0.0,1770159,130,1896605,3927,0.0,0.0,1.86,1.42,3.28,18.78,0.13,0.1,0.23,1.27,402.4,87.0,38.0,354.1,51.0,9.0,262.0,78.0,4.0,101.9,51.0,8.0,,,,26,,Patrick,Dorgu,Dorgu,Hamstring injury - Unknown return date,,1329,3,3,3,20,0,0,0,5,0,0,14,117,,,,0.0,0.2,1.35,0.95,6.43,47,48,72
442,a,100.0,100.0,4.3,572,121.0,0,0.0,-2,2.0,1.6,145,57.0,52,2,4.0,61.0,24.0,3,161,3.8,37.0,14.0,0.9,12.1,0.0,245224,880,147052,193,3.8,3.8,0.74,0.09,0.83,11.32,0.09,0.01,0.1,1.33,163.0,270.0,108.0,19.5,386.0,139.0,87.0,245.0,69.0,27.1,324.0,111.0,,,,26,,Harry,Maguire,Maguire,,,768,1,1,4,9,0,0,0,1,0,0,9,74,,,,0.0,0.47,1.05,1.05,7.38,9,54,24
443,a,,,4.5,410,74.0,0,0.0,0,0.0,0.8,209,80.0,62,2,2.4,276.0,108.0,0,276,3.0,89.0,33.0,0.7,13.8,0.0,158628,304,110131,71,3.0,3.0,0.47,1.45,1.91,30.06,0.02,0.06,0.08,1.19,354.2,114.0,51.0,229.4,114.0,28.0,51.0,300.0,96.0,63.5,159.0,51.0,,,,26,,Luke,Shaw,Shaw,,,2264,0,1,5,34,0,0,0,4,0,0,26,171,,,,0.0,0.2,1.35,1.03,5.57,53,87,73
444,a,,,4.1,656,160.0,0,0.0,-4,4.0,1.2,173,66.0,37,1,1.6,378.0,140.0,1,114,0.4,325.0,117.0,0.1,9.0,0.0,204018,45,300419,106,0.4,0.4,0.68,0.25,0.93,17.76,0.05,0.02,0.07,1.38,195.6,245.0,98.0,61.3,302.0,100.0,73.0,264.0,76.0,32.9,294.0,98.0,,,,26,,Leny,Yoro,Yoro,,,1156,0,1,1,24,0,0,0,0,0,0,12,121,,,,0.0,0.08,1.87,0.93,7.71,23,76,51
445,u,0.0,0.0,4.0,715,193.0,0,0.0,0,0.0,0.1,540,193.0,0,0,0.0,614.0,232.0,0,0,0.0,514.0,208.0,0.0,0.0,0.0,1160,0,14375,1,0.0,0.0,0.0,0.0,0.0,0.0,0.0,0.0,0.0,0.0,0.0,605.0,232.0,0.0,597.0,232.0,0.0,560.0,227.0,0.0,607.0,232.0,,,,26,,Harry,Amass,Amass,has joined Norwich City on loan for the rest of the season.,,0,0,0,0,0,0,0,0,0,0,0,0,0,,,,0.0,0.0,0.0,0.0,0.0,0,0,0
446,a,,,3.8,804,253.0,0,0.0,-2,2.0,0.1,431,159.0,1,0,1.0,445.0,162.0,0,4,0.0,419.0,164.0,0.0,0.3,0.0,10299,0,14295,3,0.0,0.0,0.0,0.0,0.0,0.3,0.0,0.0,0.0,13.5,4.0,470.0,170.0,0.0,504.0,193.0,0.0,463.0,184.0,0.4,484.0,171.0,,,,26,,Tyler,Fredricson,Fredricson,,,2,0,0,0,0,0,0,0,0,0,0,0,2,,,,0.0,0.0,0.0,0.0,90.0,0,2,0
447,a,100.0,100.0,3.8,812,260.0,0,0.0,-2,2.0,2.0,133,52.0,26,0,2.4,274.0,106.0,0,107,0.2,361.0,131.0,0.1,6.8,0.0,383281,99,319885,552,0.2,0.2,0.34,0.17,0.51,7.95,0.05,0.02,0.07,1.12,175.6,261.0,107.0,27.2,372.0,133.0,26.0,348.0,115.0,22.9,341.0,116.0,,,,26,,Ayden,Heaven,Heaven,,,636,0,1,1,12,1,0,0,1,0,0,8,72,,,,0.0,0.14,1.7,1.13,10.05,16,55,29
448,a,,,3.8,787,236.0,0,0.0,-2,2.0,0.4,280,104.0,1,0,1.0,443.0,160.0,0,3,0.0,406.0,151.0,0.0,0.3,0.0,53039,11,55796,33,0.0,0.0,0.0,0.0,0.0,0.3,0.0,0.0,0.0,13.5,3.0,474.0,171.0,0.0,492.0,181.0,0.0,451.0,172.0,0.3,489.0,173.0,,,,26,,Tyrell,Malacia,Malacia,,,2,0,0,0,0,0,0,0,0,0,0,0,2,,,,0.0,0.0,0.0,0.0,90.0,1,1,0
449,a,100.0,100.0,9.8,6,4.0,0,0.0,8,-8.0,36.4,6,2.0,143,2,6.2,4.0,2.0,25,631,7.4,4.0,3.0,0.8,14.6,0.0,7143454,7107,5278189,2006,7.4,7.4,8.16,6.7,14.86,27.93,0.37,0.3,0.67,1.27,786.4,2.0,1.0,1068.3,1.0,1.0,389.0,34.0,19.0,224.7,2.0,1.0,1.0,1.0,1.0,26,,Bruno,Borges Fernandes,B.Fernandes,,,1985,6,12,3,33,0,0,2,2,0,0,23,209,,,,0.0,0.14,1.5,1.04,9.48,38,53,118
450,a,100.0,100.0,8.1,15,10.0,0,0.0,1,-1.0,8.8,43,16.0,93,2,4.0,75.0,36.0,10,372,5.4,12.0,9.0,0.7,11.5,0.0,2960861,1424,2885287,2709,5.4,5.4,5.13,2.3,7.43,21.95,0.28,0.13,0.41,1.21,430.4,71.0,22.0,352.8,52.0,42.0,508.0,21.0,9.0,129.3,25.0,21.0,,,,26,,Matheus,Santos Carneiro da Cunha,Cunha,,,1627,6,2,5,23,0,0,0,1,0,0,19,132,,,,0.0,0.28,1.27,1.05,7.3,26,26,80
451,u,0.0,0.0,7.0,34,20.0,0,0.0,0,0.0,0.0,696,289.0,0,0,0.0,815.0,365.0,0,0,0.0,811.0,364.0,0.0,0.0,0.0,0,0,2109,0,0.0,0.0,0.0,0.0,0.0,0.0,0.0,0.0,0.0,0.0,0.0,815.0,365.0,0.0,815.0,365.0,0.0,815.0,365.0,0.0,815.0,365.0,,,,26,,Marcus,Rashford,Rashford,Has joined Barcelona on loan for the rest of the season,,0,0,0,0,0,0,0,0,0,0,0,0,0,,,,0.0,0.0,0.0,0.0,0.0,0,0,0
452,a,100.0,100.0,6.2,78,51.0,0,0.0,-3,3.0,1.8,139,45.0,67,2,3.4,135.0,63.0,6,348,2.2,152.0,66.0,0.4,10.8,0.0,400835,673,524865,473,2.2,2.2,3.98,3.23,7.21,20.6,0.22,0.18,0.4,1.12,332.8,128.0,43.0,452.2,26.0,25.0,391.0,33.0,18.0,117.7,37.0,28.0,,,,26,,Amad,Diallo,Amad,,,1650,2,4,4,23,0,0,0,2,0,0,19,144,,,,0.0,0.22,1.25,1.04,7.85,30,36,78
454,u,0.0,0.0,5.9,99,64.0,0,0.0,-1,1.0,0.1,567,210.0,0,0,0.0,808.0,361.0,0,0,0.0,798.0,357.0,0.0,0.0,0.0,1511,0,10675,1,0.0,0.0,0.0,0.0,0.0,0.0,0.0,0.0,0.0,0.0,0.0,808.0,361.0,0.0,808.0,361.0,0.0,808.0,361.0,0.0,808.0,361.0,,,,26,,Antony,dos Santos,Antony,has joined Real Betis permanently.,,0,0,0,0,0,0,0,0,0,0,0,0,0,,,,0.0,0.0,0.0,0.0,0.0,0,0,0
455,d,25.0,25.0,5.9,95,60.0,0,0.0,-1,1.0,0.3,314,106.0,46,0,2.7,242.0,101.0,3,164,0.2,396.0,181.0,0.0,7.8,0.0,183648,2,194890,97,0.1,0.1,1.54,1.4,2.94,10.3,0.17,0.16,0.33,1.14,162.4,272.0,118.0,198.5,138.0,95.0,158.0,151.0,86.0,51.9,211.0,107.0,3.0,,,26,,Mason,Mount,Mount,Knock - 25% chance of playing,,812,3,0,3,14,0,0,0,0,0,0,10,62,,,,0.0,0.33,1.55,1.11,6.87,14,7,41
457,a,100.0,100.0,5.6,122,75.0,0,0.0,1,-1.0,2.3,124,40.0,110,2,4.6,31.0,16.0,14,416,4.6,19.0,13.0,0.8,19.6,0.0,549972,1630,318938,467,4.6,4.6,4.11,2.41,6.52,18.86,0.21,0.13,0.34,0.98,515.6,42.0,11.0,341.2,57.0,46.0,359.0,45.0,27.0,121.8,32.0,25.0,,,,26,,Carlos Henrique,Casimiro,Casemiro,,,1724,5,4,7,20,0,0,0,6,1,0,23,222,,,,0.0,0.37,1.04,1.2,11.59,56,77,89
458,a,100.0,100.0,4.6,402,248.0,0,0.0,-4,4.0,1.2,179,59.0,32,2,1.9,341.0,152.0,0,142,4.0,31.0,17.0,0.9,7.0,0.0,162535,1465,111505,200,4.0,4.0,0.17,0.58,0.75,9.39,0.02,0.08,0.1,1.25,153.6,281.0,123.0,192.8,141.0,97.0,39.0,317.0,166.0,38.5,269.0,132.0,,,,26,,Kobbie,Mainoo,Mainoo,,,678,0,2,2,12,0,0,0,0,0,0,5,72,,,,0.0,0.27,1.59,0.66,9.56,16,20,36
459,a,,,4.7,386,241.0,0,0.0,-3,3.0,0.2,410,139.0,31,0,1.7,369.0,163.0,0,155,0.6,292.0,123.0,0.1,6.6,0.0,29033,25,36453,28,0.6,0.6,0.31,0.15,0.46,14.56,0.04,0.02,0.06,1.75,129.6,304.0,137.0,63.3,296.0,168.0,32.0,335.0,175.0,22.3,346.0,165.0,,,,26,,Manuel,Ugarte Ribeiro,Ugarte,,,748,0,0,1,20,0,0,0,1,0,0,7,122,,,,0.0,0.12,2.41,0.84,14.68,41,34,47
460,u,0.0,0.0,4.5,446,266.0,0,0.0,0,0.0,0.0,659,266.0,0,0,0.0,704.0,281.0,0,0,0.0,635.0,238.0,0.0,0.0,0.0,505,0,9576,0,0.0,0.0,0.0,0.0,0.0,0.0,0.0,0.0,0.0,0.0,0.0,699.0,276.0,0.0,696.0,279.0,0.0,674.0,268.0,0.0,701.0,278.0,,,,26,,Toby,Collyer,Collyer,has joined Hull City on loan for the rest of the season.,,0,0,0,0,0,0,0,0,0,0,0,0,0,,,,0.0,0.0,0.0,0.0,0.0,0,0,0
461,a,,,4.3,610,357.0,0,0.0,-2,2.0,0.0,610,235.0,0,0,0.0,651.0,247.0,0,0,0.0,568.0,197.0,0.0,0.0,0.0,3036,1,4647,2,0.0,0.0,0.0,0.0,0.0,0.0,0.0,0.0,0.0,0.0,0.0,642.0,238.0,0.0,638.0,243.0,0.0,608.0,227.0,0.0,644.0,240.0,,,,26,,Jayce,Fitzgerald,Fitzgerald,,,0,0,0,0,0,0,0,0,0,0,0,0,0,,,,0.0,0.0,0.0,0.0,0.0,0,0,0
462,a,,,4.3,607,354.0,0,0.0,-2,2.0,0.1,503,179.0,3,0,1.0,458.0,200.0,0,10,0.0,565.0,194.0,0.0,0.7,0.0,14107,25,11924,14,0.0,0.0,0.03,0.02,0.05,1.86,0.03,0.02,0.05,1.56,18.6,438.0,194.0,24.4,376.0,193.0,5.0,416.0,203.0,4.8,439.0,197.0,,,,26,,Jack,Fletcher,J.Fletcher,,,107,0,0,0,0,0,0,0,0,0,0,0,11,,,,0.0,0.0,0.0,0.0,9.25,5,2,4
463,u,0.0,0.0,4.3,620,364.0,0,0.0,-2,2.0,0.1,502,178.0,0,0,0.0,657.0,252.0,0,0,0.0,576.0,203.0,0.0,0.0,0.0,9069,0,12721,12,0.0,0.0,0.0,0.0,0.0,0.0,0.0,0.0,0.0,0.0,0.0,648.0,243.0,0.0,644.0,248.0,0.0,615.0,233.0,0.0,650.0,245.0,,,,26,,Sékou,Koné,Kone,has joined Lausanne-Sport on loan for the rest of the season.,,0,0,0,0,0,0,0,0,0,0,0,0,0,,,,0.0,0.0,0.0,0.0,0.0,0,0,0
464,u,0.0,0.0,4.5,473,287.0,0,0.0,0,0.0,0.0,687,283.0,0,0,0.0,720.0,296.0,0,0,0.0,655.0,256.0,0.0,0.0,0.0,723,0,2834,1,0.0,0.0,0.0,0.0,0.0,0.0,0.0,0.0,0.0,0.0,0.0,718.0,294.0,0.0,713.0,295.0,0.0,692.0,285.0,0.0,719.0,295.0,,,,26,,Jack,Moorhouse,Moorhouse,has joined Leyton Orient on loan for the rest of the season.,,0,0,0,0,0,0,0,0,0,0,0,0,0,,,,0.0,0.0,0.0,0.0,0.0,0,0,0
465,u,0.0,0.0,6.3,70,22.0,0,0.0,-2,2.0,0.3,335,55.0,0,0,0.0,810.0,89.0,0,0,0.0,804.0,86.0,0.0,0.0,0.0,5437,0,56502,2,0.0,0.0,0.0,0.0,0.0,0.0,0.0,0.0,0.0,0.0,0.0,810.0,89.0,0.0,810.0,89.0,0.0,810.0,89.0,0.0,810.0,89.0,,,,26,,Rasmus,Højlund,Højlund,has joined Napoli on loan for the rest of the season.,,0,0,0,0,0,0,0,0,0,0,0,0,0,,,,0.0,0.0,0.0,0.0,0.0,0,0,0
466,a,100.0,100.0,5.8,109,31.0,0,0.0,-2,2.0,0.4,271,44.0,35,1,2.2,306.0,34.0,6,117,0.4,353.0,46.0,0.1,6.0,0.0,106039,46,125951,63,0.4,0.4,1.86,0.29,2.15,6.97,0.34,0.05,0.39,1.28,141.2,290.0,27.0,129.9,198.0,18.0,168.0,139.0,34.0,43.6,244.0,29.0,,,,26,,Joshua,Zirkzee,Zirkzee,,,492,2,1,1,7,0,0,0,1,0,0,4,36,,,,0.0,0.18,1.28,0.73,6.59,8,11,17
467,a,,,4.2,648,90.0,0,0.0,-3,3.0,1.6,147,23.0,0,0,0.0,635.0,64.0,0,0,0.0,544.0,52.0,0.0,0.0,0.0,267485,170,349237,201,0.0,0.0,0.0,0.0,0.0,0.0,0.0,0.0,0.0,0.0,0.0,627.0,64.0,0.0,621.0,63.0,0.0,589.0,63.0,0.0,629.0,64.0,,,,26,,Chido,Obi,Obi,,,0,0,0,0,0,0,0,0,0,0,0,0,0,,,,0.0,0.0,0.0,0.0,0.0,0,0,0
468,u,0.0,0.0,4.5,480,68.0,0,0.0,0,0.0,0.1,501,72.0,0,0,0.0,726.0,77.0,0,0,0.0,662.0,66.0,0.0,0.0,0.0,4530,0,14589,4,0.0,0.0,0.0,0.0,0.0,0.0,0.0,0.0,0.0,0.0,0.0,724.0,77.0,0.0,719.0,76.0,0.0,699.0,76.0,0.0,725.0,77.0,,,,26,,Ethan,Wheatley,Wheatley,has joined Bradford City on loan for the rest of the season.,,0,0,0,0,0,0,0,0,0,0,0,0,0,,,,0.0,0.0,0.0,0.0,0.0,0,0,0
681,a,100.0,100.0,7.2,32,13.0,0,0.0,-3,3.0,3.4,97,17.0,68,5,3.2,161.0,17.0,9,229,2.6,123.0,16.0,0.4,9.4,0.0,700686,279,1354763,624,2.6,2.6,5.88,0.2,6.08,17.37,0.48,0.02,0.5,1.42,259.6,192.0,15.0,126.5,204.0,19.0,537.0,18.0,11.0,91.6,72.0,13.0,,,,26,,Benjamin,Sesko,Šeško,,,1099,6,2,1,23,0,0,0,1,0,0,11,46,,,,0.0,0.08,1.88,0.9,3.77,5,17,24
733,a,,,5.0,262,9.0,0,0.0,0,0.0,2.1,128,18.0,59,2,3.0,191.0,18.0,4,228,3.6,55.0,4.0,0.7,11.8,0.0,453767,654,267662,249,3.6,3.6,0.0,0.0,0.0,22.76,0.0,0.0,0.0,1.14,359.4,109.0,17.0,0.0,778.0,91.0,2.0,443.0,1.0,36.2,279.0,17.0,,,,26,,Senne,Lammens,Lammens,,,1800,0,0,4,26,0,0,0,0,0,44,20,43,,,,2.2,0.2,1.3,1.0,0.0,1,17,136
755,a,100.0,100.0,4.5,483,294.0,0,0.0,0,0.0,0.0,711,298.0,2,0,1.0,475.0,215.0,0,8,0.0,665.0,263.0,0.0,0.4,0.0,3128,8,2029,7,0.0,0.0,0.07,0.0,0.07,0.11,0.52,0.0,0.52,0.82,4.0,471.0,214.0,1.5,453.0,219.0,11.0,388.0,195.0,1.5,469.0,213.0,,,,26,,Shea,Lacey,Lacey,,,12,0,0,0,0,0,0,0,0,0,0,0,1,,,,0.0,0.0,0.0,0.0,7.5,1,0,0
769,a,,,4.5,482,293.0,0,0.0,0,0.0,0.0,780,339.0,1,0,1.0,474.0,214.0,0,3,0.0,664.0,262.0,0.0,0.2,0.0,367,0,229,3,0.0,0.0,0.0,0.01,0.01,0.05,0.0,0.06,0.06,0.3,2.2,479.0,220.0,11.7,403.0,200.0,0.0,701.0,291.0,1.4,471.0,215.0,,,,26,,Bendito,Mantato,Bendito Mantato,,,15,0,0,0,0,0,0,0,0,0,0,0,0,,,,0.0,0.0,0.0,0.0,0.0,0,0,0
771,a,,,4.4,550,330.0,0,0.0,-1,1.0,0.0,738,311.0,1,0,1.0,463.0,204.0,0,3,0.2,371.0,164.0,0.0,0.2,0.0,1642,13,768,6,0.2,0.2,0.0,0.01,0.01,0.02,0.0,0.9,0.9,1.8,0.4,497.0,227.0,1.0,460.0,221.0,0.0,632.0,243.0,0.1,501.0,229.0,,,,26,,Tyler,Fletcher,Fletcher,,,1,0,0,0,0,0,0,0,0,0,0,0,0,,,,0.0,0.0,0.0,0.0,0.0,0,0,0
788,a,,,4.0,714,192.0,0,0.0,0,0.0,0.0,757,258.0,0,0,0.0,613.0,231.0,0,0,0.0,513.0,207.0,0.0,0.0,0.0,316,3,209,3,0.0,0.0,0.0,0.0,0.0,0.0,0.0,0.0,0.0,0.0,0.0,604.0,231.0,0.0,596.0,231.0,0.0,559.0,226.0,0.0,606.0,231.0,,,,26,,Godwill,Kukonki,Kukonki,,,0,0,0,0,0,0,0,0,0,0,0,0,0,,,,0.0,0.0,0.0,0.0,0.0,0,0,0
52,a,100.0,100.0,5.3,194,121.0,0,0.0,-2,2.0,0.2,367,124.0,24,7,1.5,409.0,183.0,0,127,2.0,165.0,70.0,0.4,4.5,0.0,24125,49,73712,18,1.5,2.0,0.79,0.68,1.47,13.5,0.1,0.09,0.19,1.7,71.4,372.0,165.0,144.6,186.0,124.0,68.0,271.0,146.0,28.5,316.0,154.0,,,,26,,Jacob,Ramsey,J.Ramsey,,,714,1,0,0,17,0,0,0,3,0,0,6,76,,,,0.0,0.0,2.14,0.76,9.58,16,11,49
135,a,100.0,100.0,7.3,24,9.0,0,0.0,-2,2.0,0.7,213,34.0,18,0,1.6,396.0,49.0,0,56,1.2,253.0,35.0,0.2,2.5,0.0,234053,67,430964,427,0.7,1.2,1.88,0.53,2.41,6.1,0.42,0.12,0.54,1.35,52.0,396.0,44.0,34.1,357.0,45.0,133.0,182.0,39.0,21.4,350.0,43.0,,,,26,,Yoane,Wissa,Wissa,,,406,1,0,1,7,0,0,0,1,0,0,4,18,,,,0.0,0.22,1.55,0.89,3.99,2,3,13
469,a,100.0,100.0,5.1,224,6.0,0,0.0,1,-1.0,4.7,73,13.0,79,2,4.0,66.0,5.0,3,317,2.8,102.0,9.0,0.5,15.5,0.0,1487746,92,1501174,496,2.3,2.8,0.0,0.0,0.0,23.44,0.0,0.0,0.0,1.18,444.0,64.0,13.0,0.0,791.0,92.0,0.0,786.0,89.0,44.4,239.0,13.0,,,,26,,Nick,Pope,Pope,,,1786,0,1,7,27,0,0,0,1,0,60,20,121,,,,3.02,0.35,1.36,1.01,0.0,1,28,186
471,a,,,3.9,740,71.0,0,0.0,-1,1.0,0.1,434,65.0,0,0,0.0,536.0,39.0,0,0,0.0,430.0,30.0,0.0,0.0,0.0,6399,1,10135,11,-0.5,0.0,0.0,0.0,0.0,0.0,0.0,0.0,0.0,0.0,0.0,527.0,39.0,0.0,516.0,24.0,0.0,476.0,9.0,0.0,529.0,39.0,,,,26,,Mark,Gillespie,Gillespie,,,0,0,0,0,0,0,0,0,0,0,0,0,0,,,,0.0,0.0,0.0,0.0,0.0,0,0,0
472,u,0.0,0.0,4.0,664,44.0,0,0.0,0,0.0,0.0,709,82.0,0,0,0.0,572.0,64.0,0,0,0.0,468.0,55.0,0.0,0.0,0.0,0,0,2447,0,0.0,0.0,0.0,0.0,0.0,0.0,0.0,0.0,0.0,0.0,0.0,563.0,64.0,0.0,554.0,51.0,0.0,515.0,36.0,0.0,565.0,64.0,,,,26,,Odysseas,Vlachodimos,Odysseas,Has joined Sevilla on loan for the rest of the season.,,0,0,0,0,0,0,0,0,0,0,0,0,0,,,,0.0,0.0,0.0,0.0,0.0,0,0,0
473,a,100.0,100.0,5.3,202,25.0,0,0.0,-2,2.0,2.6,114,46.0,56,1,2.9,209.0,80.0,4,238,2.8,103.0,37.0,0.5,10.6,0.0,575164,341,492129,1623,2.3,2.8,0.6,1.8,2.4,19.81,0.04,0.12,0.16,1.37,340.4,122.0,53.0,252.9,98.0,22.0,104.0,222.0,58.0,69.7,137.0,44.0,4.0,,,26,,Lewis,Hall,Hall,,,1299,0,2,3,24,0,0,0,2,0,0,14,124,,,,0.0,0.21,1.66,0.97,8.04,35,81,78
474,i,0.0,0.0,5.2,208,27.0,0,0.0,-3,3.0,1.2,171,65.0,51,0,3.2,155.0,58.0,0,186,0.0,767.0,260.0,0.0,9.8,0.0,296689,2,484629,203,0.0,0.0,0.97,0.6,1.57,13.85,0.08,0.05,0.13,1.14,291.2,172.0,72.0,63.6,295.0,97.0,108.0,218.0,57.0,46.4,234.0,78.0,,3.0,4.0,26,,Fabian,Schär,Schär,Ankle injury - Expected back 18 Apr,,1089,0,0,4,13,0,0,0,1,0,0,11,133,,,,0.0,0.33,1.07,0.91,9.5,14,101,42
475,a,100.0,100.0,4.9,314,49.0,0,0.0,-1,1.0,0.4,277,103.0,53,2,3.5,119.0,42.0,4,205,3.4,68.0,26.0,0.7,10.8,0.0,75040,129,97855,43,2.9,3.4,1.28,0.28,1.56,14.48,0.11,0.02,0.13,1.23,298.6,167.0,69.0,49.2,328.0,112.0,113.0,211.0,53.0,46.1,236.0,79.0,,,,26,,Sven,Botman,Botman,,,1060,1,1,4,17,1,0,0,1,0,0,12,133,,,,0.0,0.34,1.44,1.02,8.83,9,95,61
476,a,100.0,100.0,5.0,243,37.0,0,0.0,0,0.0,3.2,100,37.0,70,1,3.9,79.0,28.0,5,203,0.6,299.0,110.0,0.1,14.0,0.0,1484328,239,1646837,174,0.1,0.6,0.2,0.31,0.5,16.56,0.01,0.02,0.03,1.04,297.6,168.0,70.0,73.8,281.0,91.0,66.0,273.0,80.0,43.8,243.0,82.0,,,,26,,Dan,Burn,Burn,,,1438,0,3,6,22,0,0,0,5,1,0,17,182,,,,0.0,0.38,1.38,1.06,9.14,26,120,51
477,i,0.0,0.0,4.9,329,53.0,0,0.0,-1,1.0,1.9,135,53.0,49,0,3.8,87.0,31.0,3,218,0.0,731.0,254.0,0.0,10.0,0.0,1089507,2,1370870,177,0.0,0.0,0.12,0.57,0.69,11.0,0.01,0.05,0.06,0.94,190.8,252.0,103.0,178.1,158.0,38.0,36.0,329.0,104.0,40.5,262.0,88.0,,,,26,,Tino,Livramento,Livramento,Hamstring injury - Expected back 14 Mar,,1048,0,1,5,10,0,0,0,1,0,0,11,86,,,,0.0,0.43,0.86,0.94,4.98,19,39,68
478,a,100.0,100.0,4.9,287,43.0,0,0.0,-1,1.0,1.3,164,64.0,41,2,2.9,204.0,79.0,2,171,2.2,143.0,51.0,0.4,8.4,0.0,239400,90,368656,53,1.7,2.2,0.05,1.66,1.71,14.38,0.0,0.13,0.13,1.14,181.6,259.0,106.0,361.0,47.0,6.0,5.0,417.0,156.0,54.6,201.0,66.0,2.0,2.0,,26,,Kieran,Trippier,Trippier,,,1138,0,0,5,19,0,0,0,1,0,0,13,85,,,,0.0,0.4,1.5,1.03,4.43,17,39,53
479,i,0.0,0.0,4.3,575,124.0,0,0.0,-2,2.0,0.0,623,222.0,0,0,0.0,638.0,248.0,0,-8,0.0,549.0,231.0,0.0,0.0,0.0,1502,0,5065,4,0.0,0.0,0.0,0.0,0.0,0.25,0.0,0.0,0.0,0.5,1.4,484.0,174.0,1.2,455.0,165.0,0.0,593.0,247.0,0.3,490.0,174.0,,,,26,,Emil,Krafth,Krafth,Knee injury - Unknown return date,,45,0,0,0,2,0,0,0,0,0,0,1,1,,,,0.0,0.0,4.0,2.0,2.0,0,1,0
480,u,0.0,0.0,4.3,573,122.0,0,0.0,-2,2.0,0.0,585,209.0,1,0,0.5,508.0,177.0,0,0,0.0,548.0,230.0,0.0,0.2,0.0,2754,0,8885,3,0.0,0.0,0.04,0.0,0.04,0.55,0.19,0.0,0.19,2.61,10.2,451.0,167.0,0.0,624.0,248.0,7.0,407.0,153.0,1.7,463.0,167.0,,,,26,,Jamaal,Lascelles,Lascelles,has joined Leicester City permanently.,,19,0,0,0,2,0,0,0,0,0,0,0,5,,,,0.0,0.0,9.47,0.0,23.68,0,5,0
481,a,,,3.8,803,252.0,0,0.0,-2,2.0,0.7,219,82.0,1,0,1.0,444.0,161.0,0,-1,0.2,359.0,129.0,0.1,0.3,0.0,74897,48,97453,48,-0.3,0.2,0.0,0.0,0.0,0.27,0.0,0.0,0.0,24.3,2.2,477.0,172.0,0.0,503.0,192.0,0.0,462.0,183.0,0.2,495.0,175.0,,,,26,,Alex,Murphy,A.Murphy,,,1,0,0,0,1,0,0,0,0,0,0,0,1,,,,0.0,0.0,90.0,0.0,90.0,0,1,0
482,u,0.0,0.0,3.9,755,218.0,0,0.0,-1,1.0,0.1,452,166.0,0,0,0.0,546.0,200.0,0,0,0.0,441.0,172.0,0.0,0.0,0.0,8541,0,16562,11,0.0,0.0,0.0,0.0,0.0,0.0,0.0,0.0,0.0,0.0,0.0,537.0,200.0,0.0,526.0,200.0,0.0,486.0,192.0,0.0,539.0,200.0,,,,26,,Harrison,Ashby,Ashby,has joined Bradford City on loan for the rest of the season.,,0,0,0,0,0,0,0,0,0,0,0,0,0,,,,0.0,0.0,0.0,0.0,0.0,0,0,0
483,a,,,3.8,809,258.0,0,0.0,-2,2.0,0.4,286,107.0,0,0,0.0,528.0,196.0,0,0,0.0,422.0,167.0,0.0,0.0,0.0,63822,14,46171,25,-0.5,0.0,0.0,0.0,0.0,0.0,0.0,0.0,0.0,0.0,0.0,519.0,196.0,0.0,507.0,196.0,0.0,467.0,188.0,0.0,521.0,196.0,,,,26,,Miodrag,Pivaš,Pivas,,,0,0,0,0,0,0,0,0,0,0,0,0,0,,,,0.0,0.0,0.0,0.0,0.0,0,0,0
484,u,0.0,0.0,4.0,668,165.0,0,0.0,0,0.0,0.1,420,154.0,0,0,0.0,575.0,211.0,0,0,0.0,471.0,184.0,0.0,0.0,0.0,3759,0,45018,5,0.0,0.0,0.0,0.0,0.0,0.0,0.0,0.0,0.0,0.0,0.0,566.0,211.0,0.0,557.0,211.0,0.0,519.0,205.0,0.0,568.0,211.0,,,,26,,Matt,Targett,Targett,has joined Middlesbrough on loan for the rest of the season.,,0,0,0,0,0,0,0,0,0,0,0,0,0,,,,0.0,0.0,0.0,0.0,0.0,0,0,0
485,d,75.0,75.0,7.2,31,19.0,0,0.0,-3,3.0,2.2,126,41.0,66,5,3.3,147.0,67.0,4,237,3.2,88.0,40.0,0.4,9.2,0.0,1430307,118,1422413,998,2.0,2.4,5.41,3.12,8.53,16.05,0.37,0.22,0.59,1.11,239.0,206.0,89.0,320.9,65.0,51.0,323.0,55.0,33.0,87.9,84.0,50.0,,,2.0,26,,Anthony,Gordon,Gordon,Hamstring injury - 75% chance of playing,,1304,3,4,6,23,0,0,0,3,1,0,18,65,,,,0.0,0.41,1.59,1.24,4.49,14,11,40
486,a,100.0,100.0,6.5,52,33.0,0,0.0,-5,5.0,2.6,113,34.0,34,2,1.5,413.0,185.0,0,125,1.4,227.0,97.0,0.2,5.2,0.0,551954,115,1176734,92,0.9,1.4,1.24,1.31,2.55,13.4,0.12,0.13,0.25,1.32,97.6,335.0,149.0,192.5,142.0,98.0,119.0,208.0,114.0,40.9,258.0,128.0,,,,26,,Anthony,Elanga,Elanga,,,916,0,1,2,20,0,0,0,0,0,0,9,37,,,,0.0,0.2,1.97,0.88,3.64,10,6,21
487,a,,,6.1,81,53.0,0,0.0,-4,4.0,1.4,161,52.0,76,2,3.0,195.0,83.0,8,244,2.2,151.0,65.0,0.4,12.5,0.0,707312,202,611421,735,1.7,2.2,5.51,1.99,7.5,18.34,0.36,0.13,0.49,1.2,277.8,178.0,71.0,262.1,95.0,71.0,459.0,25.0,12.0,99.4,60.0,39.0,,,,26,,Harvey,Barnes,Barnes,,,1374,5,0,4,21,0,0,0,0,0,0,14,75,,,,0.0,0.26,1.38,0.92,4.91,10,15,50
488,a,100.0,100.0,7.0,35,21.0,0,0.0,5,-5.0,12.6,30,11.0,134,3,5.8,5.0,3.0,19,584,3.4,74.0,32.0,0.5,19.1,0.0,4027202,3068,2729526,2917,2.9,3.4,4.82,3.6,8.42,26.04,0.21,0.16,0.37,1.16,663.6,8.0,2.0,584.7,11.0,11.0,363.0,44.0,26.0,161.2,11.0,9.0,,,,26,,Bruno,Guimarães Rodriguez Moura,Bruno G.,,,2019,9,6,6,31,0,0,0,5,0,0,22,200,,,,0.0,0.27,1.38,0.98,8.92,50,43,107
489,a,100.0,100.0,5.9,90,57.0,0,0.0,-6,6.0,0.6,231,80.0,53,1,2.5,271.0,114.0,2,216,0.4,354.0,161.0,0.1,9.0,0.0,157464,36,342540,67,-0.1,0.4,2.78,2.34,5.12,13.72,0.23,0.19,0.42,1.14,210.8,231.0,100.0,310.9,72.0,55.0,274.0,74.0,45.0,78.6,111.0,60.0,,,,26,,Jacob,Murphy,J.Murphy,,,1082,2,1,6,12,0,0,0,1,0,0,13,50,,,,0.0,0.5,1.0,1.08,4.16,9,13,28
490,i,0.0,0.0,5.9,94,59.0,0,0.0,-1,1.0,0.3,328,111.0,56,0,2.9,211.0,89.0,2,239,0.6,310.0,134.0,0.1,9.5,0.0,70746,3,101191,99,0.0,0.0,1.75,0.97,2.72,17.25,0.12,0.06,0.18,1.14,254.6,197.0,82.0,209.3,128.0,89.0,269.0,77.0,48.0,73.4,122.0,67.0,,,,26,,Joelinton Cássio,Apolinário de Lira,Joelinton,Groin Injury - Unknown return date,,1364,2,0,5,18,0,0,0,6,0,0,17,171,,,,0.0,0.33,1.19,1.12,11.28,30,55,86
491,a,100.0,100.0,5.3,197,122.0,0,0.0,-2,2.0,1.0,187,64.0,61,1,2.3,294.0,128.0,1,332,2.2,148.0,63.0,0.4,11.5,0.0,186390,93,299524,172,1.7,2.2,1.5,1.6,3.1,22.27,0.08,0.08,0.16,1.13,272.0,185.0,76.0,321.4,64.0,50.0,153.0,155.0,88.0,74.9,118.0,64.0,1.0,1.0,,26,,Sandro,Tonali,Tonali,,,1767,0,1,7,25,0,0,0,3,0,0,22,190,,,,0.0,0.36,1.27,1.12,9.68,26,54,110
492,u,0.0,0.0,4.9,350,218.0,0,0.0,-1,1.0,0.0,672,274.0,0,0,0.0,776.0,337.0,0,0,0.0,743.0,318.0,0.0,0.0,0.0,655,0,3559,0,0.0,0.0,0.0,0.0,0.0,0.0,0.0,0.0,0.0,0.0,0.0,776.0,337.0,0.0,772.0,337.0,0.0,763.0,333.0,0.0,776.0,337.0,,,,26,,Antoñito,Cordero Campillo,Antoñito C.,has joined Cadiz on loan for the rest of the season.,,0,0,0,0,0,0,0,0,0,0,0,0,0,,,,0.0,0.0,0.0,0.0,0.0,0,0,0
494,a,100.0,100.0,5.0,249,150.0,0,0.0,0,0.0,0.1,505,180.0,20,2,1.3,424.0,191.0,0,78,1.2,237.0,101.0,0.2,4.0,0.0,11564,66,11150,13,0.7,1.2,0.68,0.35,1.03,8.73,0.14,0.07,0.21,1.77,45.0,400.0,178.0,52.5,319.0,177.0,37.0,322.0,170.0,13.3,383.0,179.0,,,,26,,Joe,Willock,Willock,,,443,0,0,2,9,0,0,0,1,0,0,5,47,,,,0.0,0.41,1.83,1.02,9.55,15,6,26
495,u,0.0,0.0,4.5,412,251.0,0,0.0,0,0.0,0.0,761,326.0,0,0,0.0,687.0,268.0,0,0,0.0,614.0,224.0,0.0,0.0,0.0,0,0,1606,0,0.0,0.0,0.0,0.0,0.0,0.0,0.0,0.0,0.0,0.0,0.0,682.0,263.0,0.0,676.0,266.0,0.0,651.0,254.0,0.0,684.0,265.0,,,,26,,Isaac,Hayden,Hayden,Has departed the club as a free agent.,,0,0,0,0,0,0,0,0,0,0,0,0,0,,,,0.0,0.0,0.0,0.0,0.0,0,0,0
496,u,0.0,0.0,4.4,557,333.0,0,0.0,-1,1.0,0.0,629,247.0,0,0,0.0,676.0,262.0,0,0,0.0,601.0,216.0,0.0,0.0,0.0,2219,0,7353,1,0.0,0.0,0.0,0.0,0.0,0.0,0.0,0.0,0.0,0.0,0.0,669.0,255.0,0.0,664.0,259.0,0.0,638.0,246.0,0.0,671.0,257.0,,,,26,,Garang,Kuol,Kuol,has joined Sparta Prague permanently.,,0,0,0,0,0,0,0,0,0,0,0,0,0,,,,0.0,0.0,0.0,0.0,0.0,0,0,0
497,d,75.0,75.0,4.5,465,281.0,0,0.0,0,0.0,2.9,108,33.0,58,0,3.1,171.0,74.0,4,271,0.6,290.0,122.0,0.1,12.9,0.0,638779,164,565128,965,0.1,0.4,1.36,2.0,3.36,13.65,0.11,0.16,0.27,1.08,275.0,182.0,74.0,214.3,126.0,88.0,132.0,184.0,103.0,62.1,163.0,88.0,,,,26,,Lewis,Miley,L.Miley,Dead leg - 75% chance of playing,,1133,1,3,2,16,0,0,0,0,0,0,11,123,,,,0.0,0.16,1.27,0.87,9.77,24,42,57
498,u,0.0,0.0,4.5,438,262.0,0,0.0,0,0.0,0.0,763,328.0,0,0,0.0,701.0,278.0,0,0,0.0,632.0,235.0,0.0,0.0,0.0,117,0,1233,2,0.0,0.0,0.0,0.0,0.0,0.0,0.0,0.0,0.0,0.0,0.0,696.0,273.0,0.0,693.0,276.0,0.0,670.0,265.0,0.0,698.0,275.0,,,,26,,Joe,White,White,has joined Bradford City on loan for the rest of the season.,,0,0,0,0,0,0,0,0,0,0,0,0,0,,,,0.0,0.0,0.0,0.0,0.0,0,0,0
500,a,100.0,100.0,5.4,183,45.0,0,0.0,-1,1.0,0.2,379,61.0,21,1,1.6,391.0,46.0,0,67,0.6,307.0,44.0,0.1,3.9,0.0,69794,10,85876,14,0.1,0.6,0.64,0.04,0.68,4.11,0.23,0.01,0.24,1.5,42.4,404.0,45.0,15.8,390.0,51.0,70.0,270.0,47.0,12.6,387.0,47.0,,,,26,,William,Osula,Osula,,,246,1,1,1,6,0,0,0,0,0,0,1,10,,,,0.0,0.37,2.2,0.37,3.66,1,1,8
501,a,,,4.3,617,86.0,0,0.0,-2,2.0,0.2,341,57.0,0,0,0.0,655.0,67.0,0,0,0.0,574.0,56.0,0.0,0.0,0.0,23610,52,33723,16,-0.5,0.0,0.0,0.0,0.0,0.0,0.0,0.0,0.0,0.0,0.0,646.0,67.0,0.0,642.0,66.0,0.0,613.0,66.0,0.0,648.0,67.0,,,,26,,Sean,Neave,Neave,,,0,0,0,0,0,0,0,0,0,0,0,0,0,,,,0.0,0.0,0.0,0.0,0.0,0,0,0
674,a,,,4.8,365,15.0,0,0.0,-2,2.0,0.7,226,29.0,11,0,1.6,384.0,29.0,0,45,0.0,708.0,92.0,0.0,2.3,0.0,107987,23,148563,65,-0.5,0.0,0.0,0.0,0.0,7.96,0.0,0.0,0.0,1.3,97.4,337.0,27.0,10.0,418.0,10.0,0.0,741.0,82.0,10.8,400.0,26.0,,,,26,,Aaron,Ramsdale,Ramsdale,,,553,0,0,0,10,0,0,0,0,0,10,6,0,,,,1.63,0.0,1.63,0.98,0.0,0,5,49
684,a,,,5.1,237,35.0,0,0.0,1,-1.0,4.3,80,27.0,96,10,4.2,54.0,20.0,10,317,4.2,25.0,7.0,0.8,18.8,0.0,1169367,1458,662495,1303,3.7,4.2,2.61,0.73,3.34,29.08,0.12,0.03,0.15,1.35,551.2,31.0,12.0,76.7,274.0,85.0,219.0,95.0,9.0,84.4,94.0,23.0,,,,26,,Malick,Thiaw,Thiaw,,,1937,4,0,4,34,0,0,0,3,0,0,22,226,,,,0.0,0.19,1.58,1.02,9.2,25,173,89
689,a,,,4.3,621,365.0,0,0.0,-2,2.0,0.4,267,91.0,0,0,0.0,658.0,253.0,0,0,0.0,577.0,204.0,0.0,0.0,0.0,71761,423,42458,120,-0.5,0.0,0.0,0.0,0.0,0.0,0.0,0.0,0.0,0.0,0.0,649.0,244.0,0.0,645.0,249.0,0.0,616.0,234.0,0.0,651.0,246.0,,,,26,,Seung-Soo,Park,Seung soo,,,0,0,0,0,0,0,0,0,0,0,0,0,0,,,,0.0,0.0,0.0,0.0,0.0,0,0,0
714,a,,,6.9,42,17.0,0,0.0,-1,1.0,8.6,46,9.0,84,1,3.7,103.0,10.0,10,297,1.2,252.0,34.0,0.2,12.2,0.0,5404013,243,4494478,5095,0.7,1.2,6.25,0.77,7.02,18.26,0.4,0.05,0.45,1.16,348.8,119.0,11.0,169.0,165.0,12.0,381.0,37.0,16.0,88.8,80.0,15.0,,,3.0,26,,Nick,Woltemade,Woltemade,,,1416,7,3,6,21,1,0,0,0,0,0,17,72,,,,0.0,0.38,1.33,1.08,4.58,16,23,33
753,a,,,4.0,657,39.0,0,0.0,0,0.0,0.0,697,81.0,0,0,0.0,568.0,61.0,0,0,0.0,464.0,52.0,0.0,0.0,0.0,1394,4,810,2,-0.5,0.0,0.0,0.0,0.0,0.0,0.0,0.0,0.0,0.0,0.0,559.0,61.0,0.0,548.0,46.0,0.0,509.0,31.0,0.0,561.0,61.0,,,,26,,John,Ruddy,Ruddy,,,0,0,0,0,0,0,0,0,0,0,0,0,0,,,,0.0,0.0,0.0,0.0,0.0,0,0,0
765,a,,,4.0,710,188.0,0,0.0,0,0.0,0.0,666,232.0,0,0,0.0,610.0,228.0,0,0,0.0,509.0,203.0,0.0,0.0,0.0,3188,20,1640,6,-0.5,0.0,0.0,0.0,0.0,0.0,0.0,0.0,0.0,0.0,0.0,601.0,228.0,0.0,593.0,228.0,0.0,556.0,223.0,0.0,603.0,228.0,,,,26,,Leo,Shahar,Shahar,,,0,0,0,0,0,0,0,0,0,0,0,0,0,,,,0.0,0.0,0.0,0.0,0.0,0,0,0
772,a,,,4.5,513,316.0,0,0.0,0,0.0,0.0,785,344.0,0,0,0.0,749.0,317.0,0,0,0.0,691.0,282.0,0.0,0.0,0.0,332,3,164,1,-0.5,0.0,0.0,0.0,0.0,0.0,0.0,0.0,0.0,0.0,0.0,749.0,317.0,0.0,743.0,317.0,0.0,725.0,310.0,0.0,749.0,317.0,,,,26,,Sam,Alabi,Alabi,,,0,0,0,0,0,0,0,0,0,0,0,0,0,,,,0.0,0.0,0.0,0.0,0.0,0,0,0
12,u,0.0,0.0,4.9,305,47.0,0,0.0,-1,1.0,0.2,358,130.0,7,0,1.4,417.0,150.0,0,56,0.0,721.0,252.0,0.0,1.4,0.0,26902,0,52279,35,0.0,0.0,0.07,0.36,0.43,5.02,0.02,0.09,0.11,1.28,80.8,354.0,134.0,83.4,263.0,80.0,22.0,364.0,126.0,18.6,363.0,126.0,,,,26,,Oleksandr,Zinchenko,Zinchenko,has joined Ajax permanently.,,352,0,0,0,6,0,0,0,0,0,0,4,36,,,,0.0,0.0,1.53,1.02,6.14,10,14,17
400,a,,,4.7,378,16.0,0,0.0,-3,3.0,0.2,381,55.0,1,0,1.0,480.0,32.0,0,1,0.2,378.0,23.0,0.0,0.2,0.0,8263,26,20397,48,-0.3,0.2,0.0,0.01,0.01,2.5,0.0,0.01,0.01,2.5,18.6,439.0,31.0,0.0,747.0,88.0,0.0,732.0,79.0,1.9,461.0,31.0,,,,26,,Stefan,Ortega Moreno,Ortega Moreno,,,90,0,0,0,3,0,0,0,0,0,2,1,0,,,,2.0,0.0,3.0,1.0,0.0,0,0,4
426,a,,,5.0,258,157.0,0,0.0,-5,5.0,0.1,494,174.0,6,0,0.9,501.0,235.0,0,24,0.0,748.0,321.0,0.0,1.2,0.0,12852,6,26103,4,-0.5,0.0,0.02,0.17,0.19,3.56,0.01,0.09,0.1,1.9,16.2,444.0,196.0,44.9,338.0,183.0,8.0,402.0,197.0,7.0,422.0,191.0,,,,26,,James,McAtee,McAtee,,,169,0,0,0,7,0,0,0,1,0,0,1,11,,,,0.0,0.0,3.73,0.53,5.86,4,1,6
502,i,0.0,0.0,4.6,396,18.0,0,0.0,-4,4.0,5.2,68,12.0,61,0,3.0,185.0,17.0,3,241,3.4,63.0,6.0,0.7,13.3,0.0,406475,3,1976751,1491,0.0,0.0,0.0,0.06,0.06,28.29,0.0,0.0,0.0,1.52,421.0,76.0,15.0,10.0,416.0,8.0,0.0,730.0,77.0,43.1,250.0,15.0,,,,26,,Matz,Sels,Sels,Groin Injury - Unknown return date,,1677,0,0,4,27,0,0,0,1,0,55,19,75,,,,2.95,0.21,1.45,1.02,0.0,1,21,126
503,u,0.0,0.0,4.0,687,56.0,0,0.0,0,0.0,0.1,549,76.0,0,0,0.0,591.0,75.0,0,0,0.0,488.0,67.0,0.0,0.0,0.0,448,0,15536,3,0.0,0.0,0.0,0.0,0.0,0.0,0.0,0.0,0.0,0.0,0.0,582.0,75.0,0.0,574.0,63.0,0.0,536.0,48.0,0.0,584.0,75.0,,,,26,,Carlos Miguel,dos Santos Pereira,C.Miguel,Has joined Palmeiras permanently.,,0,0,0,0,0,0,0,0,0,0,0,0,0,,,,0.0,0.0,0.0,0.0,0.0,0,0,0
504,u,0.0,0.0,4.0,672,47.0,0,0.0,0,0.0,0.1,520,75.0,0,0,0.0,578.0,66.0,0,0,0.0,475.0,58.0,0.0,0.0,0.0,0,0,15568,0,0.0,0.0,0.0,0.0,0.0,0.0,0.0,0.0,0.0,0.0,0.0,569.0,66.0,0.0,561.0,54.0,0.0,523.0,39.0,0.0,571.0,66.0,,,,26,,Matt,Turner,Turner,Has joined Lyon permanently.,,0,0,0,0,0,0,0,0,0,0,0,0,0,,,,0.0,0.0,0.0,0.0,0.0,0,0,0
505,a,,,5.1,230,32.0,0,0.0,-4,4.0,3.3,99,36.0,70,0,2.8,225.0,89.0,1,234,3.6,56.0,22.0,0.7,13.7,0.0,337389,156,1033659,370,3.1,3.6,0.72,0.41,1.13,37.13,0.03,0.02,0.05,1.49,459.2,61.0,29.0,36.4,354.0,123.0,92.0,238.0,65.0,59.0,182.0,59.0,,,,26,,Nikola,Milenković,Milenković,,,2250,0,0,5,38,1,0,0,5,0,0,25,238,,,,0.0,0.2,1.52,1.0,8.36,18,191,74
506,d,50.0,50.0,5.2,221,30.0,0,0.0,-3,3.0,2.0,132,51.0,64,0,3.6,112.0,39.0,3,242,3.6,57.0,23.0,0.7,12.3,0.0,250665,8,773621,857,1.6,1.8,0.48,0.43,0.91,24.6,0.03,0.02,0.05,1.43,418.8,78.0,33.0,88.2,252.0,74.0,67.0,272.0,79.0,57.5,186.0,60.0,,3.0,,26,,Murillo,Costa dos Santos,Murillo,Calf injury - 50% chance of playing,,1549,1,0,4,23,1,0,0,3,0,0,18,199,,,,0.0,0.23,1.34,1.05,9.7,27,140,76
507,a,100.0,100.0,4.7,382,64.0,0,0.0,-3,3.0,2.3,121,48.0,28,0,3.1,172.0,66.0,2,100,3.8,40.0,16.0,0.8,6.0,0.0,302645,154,1600920,278,3.3,3.8,0.2,0.45,0.65,15.48,0.02,0.05,0.07,1.77,139.8,295.0,114.0,74.9,279.0,90.0,47.0,306.0,97.0,26.3,331.0,114.0,,,,26,,Ola,Aina,Aina,,,788,0,1,2,12,0,0,0,2,0,0,9,84,,,,0.0,0.23,1.37,1.03,7.31,12,52,49
508,a,100.0,100.0,4.7,385,65.0,0,0.0,-3,3.0,2.9,110,43.0,71,0,3.0,187.0,72.0,7,330,2.4,129.0,45.0,0.5,15.1,0.0,383373,56,1146379,257,1.9,2.4,1.35,2.19,3.54,33.55,0.06,0.09,0.15,1.43,514.6,43.0,17.0,343.8,55.0,10.0,218.0,97.0,11.0,107.6,43.0,2.0,4.0,,,26,,Neco,Williams,N.Williams,,,2114,1,1,5,35,0,0,0,4,1,0,24,202,,,,0.0,0.21,1.49,1.02,6.9,69,93,105
509,u,0.0,0.0,4.5,434,86.0,0,0.0,0,0.0,0.0,674,235.0,0,0,0.0,698.0,256.0,0,0,0.0,629.0,243.0,0.0,0.0,0.0,427,0,4394,0,0.0,0.0,0.0,0.0,0.0,0.0,0.0,0.0,0.0,0.0,0.0,693.0,256.0,0.0,689.0,256.0,0.0,666.0,256.0,0.0,695.0,256.0,,,,26,,David,Mota Veiga Teixeira do Carmo,David Carmo,has joined Real Oviedo on loan for the rest of the season.,,0,0,0,0,0,0,0,0,0,0,0,0,0,,,,0.0,0.0,0.0,0.0,0.0,0,0,0
510,a,,,4.2,647,156.0,0,0.0,-3,3.0,0.1,556,199.0,3,0,3.0,181.0,69.0,0,9,0.0,543.0,228.0,0.0,0.7,0.0,3171,2,8085,5,-0.5,0.0,0.0,0.0,0.0,3.28,0.0,0.0,0.0,3.28,26.0,425.0,158.0,0.4,470.0,173.0,0.0,588.0,245.0,2.6,455.0,164.0,,,,26,,Jair,Paula da Cunha Filho,Jair Cunha,,,90,0,0,0,2,0,0,0,0,0,0,1,12,,,,0.0,0.0,2.0,1.0,11.0,2,9,1
511,a,,,4.3,591,135.0,0,0.0,-2,2.0,0.1,508,180.0,26,0,2.0,322.0,120.0,1,101,1.0,256.0,92.0,0.2,6.0,0.0,8588,2,12633,5,0.5,1.0,0.46,0.07,0.53,13.62,0.05,0.01,0.06,1.45,201.2,240.0,95.0,9.4,421.0,151.0,16.0,379.0,134.0,22.7,343.0,118.0,,,,26,,Felipe,Rodrigues da Silva,Morato,,,847,0,0,1,17,0,0,0,4,0,0,9,110,,,,0.0,0.11,1.81,0.96,9.35,22,66,39
512,u,0.0,0.0,4.5,418,78.0,0,0.0,0,0.0,0.0,682,237.0,0,0,0.0,690.0,254.0,0,0,0.0,618.0,240.0,0.0,0.0,0.0,345,0,4113,0,0.0,0.0,0.0,0.0,0.0,0.0,0.0,0.0,0.0,0.0,0.0,685.0,254.0,0.0,680.0,254.0,0.0,655.0,253.0,0.0,687.0,254.0,,,,26,,Omar,Richards,O.Richards,has joined Rio Ave on loan for the rest of the season.,,0,0,0,0,0,0,0,0,0,0,0,0,0,,,,0.0,0.0,0.0,0.0,0.0,0,0,0
513,a,,,3.8,806,255.0,0,0.0,-2,2.0,0.3,333,121.0,2,0,1.0,446.0,163.0,0,1,0.2,360.0,130.0,0.1,0.5,0.0,27086,29,27310,22,-0.3,0.2,0.0,0.01,0.01,3.13,0.0,0.01,0.01,2.35,25.4,429.0,161.0,6.3,432.0,157.0,0.0,465.0,186.0,3.2,448.0,162.0,,,,26,,Zach,Abbott,Abbott,,,120,0,0,0,4,0,0,0,0,0,0,1,10,,,,0.0,0.0,3.0,0.75,7.5,2,8,8
514,a,100.0,100.0,3.8,783,233.0,0,0.0,-2,2.0,0.4,281,105.0,0,0,0.0,514.0,183.0,0,0,0.0,402.0,148.0,0.0,0.0,0.0,41531,64,61354,24,-0.5,0.0,0.0,0.0,0.0,0.0,0.0,0.0,0.0,0.0,0.0,504.0,182.0,0.0,489.0,179.0,0.0,448.0,170.0,0.0,506.0,182.0,,,,26,,Willy,Boly,Boly,,,0,0,0,0,0,0,0,0,0,0,0,0,0,,,,0.0,0.0,0.0,0.0,0.0,0,0,0
515,a,100.0,100.0,7.3,26,16.0,0,0.0,-2,2.0,3.8,87,30.0,100,0,4.0,74.0,35.0,8,394,3.8,48.0,22.0,0.5,13.7,0.0,857338,234,1031958,1630,3.3,3.8,6.09,1.89,7.98,36.04,0.26,0.08,0.34,1.53,414.8,79.0,26.0,480.6,22.0,21.0,460.0,24.0,11.0,135.3,21.0,17.0,,2.0,2.0,26,,Morgan,Gibbs-White,Gibbs-White,,,2118,6,2,5,35,0,0,0,0,0,0,24,117,,,,0.0,0.21,1.49,1.02,4.97,13,35,69
516,a,100.0,100.0,5.7,115,72.0,0,0.0,-3,3.0,0.7,215,73.0,62,0,2.7,241.0,100.0,6,244,1.8,188.0,81.0,0.3,10.9,0.0,260898,51,326526,155,1.3,1.8,1.95,1.69,3.64,25.24,0.12,0.11,0.23,1.62,252.0,198.0,83.0,394.2,42.0,39.0,223.0,93.0,58.0,86.6,85.0,51.0,,,,26,,Callum,Hudson-Odoi,Hudson-Odoi,,,1405,3,1,3,23,0,0,0,0,0,0,15,79,,,,0.0,0.19,1.47,0.96,5.06,12,18,49
517,a,,,5.4,169,103.0,0,0.0,-1,1.0,5.9,62,21.0,108,0,4.3,47.0,24.0,7,496,4.2,26.0,16.0,0.8,20.0,0.0,1179580,947,1168969,1130,3.7,4.2,1.9,2.37,4.27,37.13,0.08,0.09,0.17,1.49,552.0,30.0,8.0,645.6,7.0,7.0,165.0,143.0,82.0,136.6,20.0,16.0,2.0,,4.0,26,,Elliot,Anderson,Anderson,,,2250,1,3,5,38,0,0,0,4,0,0,25,346,,,,0.0,0.2,1.52,1.0,13.84,68,67,211
518,u,0.0,0.0,5.4,180,111.0,0,0.0,-1,1.0,0.0,620,240.0,1,0,1.0,496.0,232.0,0,6,0.0,784.0,345.0,0.0,0.2,0.0,1029,0,9105,1,0.0,0.0,0.0,0.0,0.0,0.0,0.0,0.0,0.0,0.0,5.0,467.0,211.0,0.5,469.0,226.0,4.0,425.0,210.0,1.0,475.0,219.0,,,,26,,João Pedro,Ferreira da Silva,Jota,has joined Besiktas on loan for the rest of the season.,,11,0,0,0,0,0,0,0,0,0,0,0,3,,,,0.0,0.0,0.0,0.0,24.55,2,1,0
519,a,100.0,100.0,5.0,257,156.0,0,0.0,0,0.0,0.0,622,242.0,33,0,2.1,315.0,139.0,3,131,1.6,201.0,84.0,0.3,6.6,0.0,4944,4,2804,8,1.1,1.6,1.09,0.39,1.48,14.74,0.12,0.04,0.16,1.64,165.2,267.0,115.0,140.6,189.0,126.0,117.0,210.0,115.0,42.4,253.0,124.0,3.0,,,26,,Nicolás,Domínguez,Dominguez,,,810,1,0,3,15,0,0,0,2,0,0,12,82,,,,0.0,0.33,1.67,1.33,9.11,32,18,32
520,u,0.0,0.0,5.0,255,155.0,0,0.0,0,0.0,0.0,813,363.0,0,0,0.0,779.0,339.0,0,0,0.0,747.0,320.0,0.0,0.0,0.0,0,0,117,0,0.0,0.0,0.0,0.0,0.0,0.0,0.0,0.0,0.0,0.0,0.0,779.0,339.0,0.0,776.0,339.0,0.0,770.0,336.0,0.0,779.0,339.0,,,,26,,Lewis,O'Brien,O'Brien,Has joined Wrexham permanently.,,0,0,0,0,0,0,0,0,0,0,0,0,0,,,,0.0,0.0,0.0,0.0,0.0,0,0,0
521,a,100.0,100.0,4.9,309,192.0,0,0.0,-1,1.0,0.1,545,199.0,58,0,3.4,130.0,61.0,2,233,2.2,144.0,60.0,0.4,11.8,0.0,9945,11,11629,12,1.7,2.2,1.03,1.21,2.24,21.11,0.08,0.09,0.17,1.55,286.4,175.0,69.0,97.9,238.0,148.0,105.0,221.0,121.0,49.0,222.0,112.0,,,,26,,Ibrahim,Sangaré,Sangaré,,,1224,2,2,5,17,0,0,0,3,0,0,15,147,,,,0.0,0.37,1.25,1.1,10.81,34,59,54
522,a,100.0,100.0,4.7,384,240.0,0,0.0,-3,3.0,0.1,553,202.0,17,0,1.3,421.0,188.0,0,77,0.4,336.0,148.0,0.1,3.6,0.0,9623,5,18859,5,-0.1,0.4,0.1,0.19,0.29,3.69,0.02,0.05,0.07,0.9,71.6,371.0,164.0,48.3,331.0,181.0,30.0,344.0,181.0,14.9,376.0,176.0,,,,26,,Ryan,Yates,Yates,,,367,0,1,0,5,0,0,0,1,0,0,1,36,,,,0.0,0.0,1.23,0.25,8.83,8,17,11
523,a,100.0,100.0,4.5,476,289.0,0,0.0,0,0.0,0.1,576,213.0,0,0,0.0,722.0,297.0,0,0,0.0,658.0,258.0,0.0,0.0,0.0,2302,7,16549,3,-0.5,0.0,0.0,0.0,0.0,0.0,0.0,0.0,0.0,0.0,0.0,720.0,295.0,0.0,715.0,296.0,0.0,695.0,287.0,0.0,721.0,296.0,,,,26,,Eric,da Silva Moreira,Da Silva Moreira,,,0,0,0,0,0,0,0,0,0,0,0,0,0,,,,0.0,0.0,0.0,0.0,0.0,0,0,0
524,u,0.0,0.0,4.5,452,269.0,0,0.0,0,0.0,0.0,688,284.0,0,0,0.0,706.0,283.0,0,0,0.0,638.0,241.0,0.0,0.0,0.0,245,0,5688,0,0.0,0.0,0.0,0.0,0.0,0.0,0.0,0.0,0.0,0.0,0.0,702.0,279.0,0.0,698.0,281.0,0.0,676.0,270.0,0.0,703.0,280.0,,,,26,,Marko,Stamenić,Stamenic,Has joined Swansea City permanently.,,0,0,0,0,0,0,0,0,0,0,0,0,0,,,,0.0,0.0,0.0,0.0,0.0,0,0,0
525,i,0.0,0.0,7.2,28,11.0,0,0.0,-3,3.0,4.6,76,14.0,25,0,3.1,178.0,18.0,3,85,0.0,813.0,89.0,0.0,3.5,0.0,2133421,2,3383100,134,0.0,0.0,2.81,0.11,2.92,7.84,0.47,0.02,0.49,1.31,77.6,359.0,36.0,49.6,326.0,36.0,179.0,130.0,31.0,29.8,309.0,36.0,,,1.0,26,,Chris,Wood,Wood,Knee injury - Unknown return date,,538,2,0,1,8,0,0,0,0,0,0,7,14,,,,0.0,0.17,1.34,1.17,2.34,1,6,7
526,a,100.0,100.0,5.8,110,32.0,0,0.0,-2,2.0,1.4,157,25.0,58,0,2.4,286.0,32.0,6,181,2.8,107.0,13.0,0.5,10.0,0.0,405276,254,339310,624,2.3,2.8,3.77,0.85,4.62,25.33,0.24,0.05,0.29,1.62,162.0,273.0,25.0,116.0,212.0,22.0,422.0,28.0,14.0,67.6,145.0,18.0,,,3.0,26,,Igor Jesus,Maciel da Cruz,Igor Jesus,,,1407,2,2,5,27,0,0,0,0,0,0,17,69,,,,0.0,0.32,1.73,1.09,4.41,17,20,32
527,a,100.0,100.0,5.2,211,48.0,0,0.0,-3,3.0,0.3,317,52.0,13,0,1.6,387.0,45.0,1,59,1.2,240.0,30.0,0.2,2.5,0.0,34924,27,90859,21,0.7,1.2,0.85,0.39,1.24,3.39,0.38,0.17,0.55,1.5,52.4,395.0,43.0,41.8,345.0,41.0,101.0,226.0,44.0,19.6,360.0,44.0,,,,26,,Taiwo,Awoniyi,Awoniyi,,,204,1,0,0,2,0,0,0,0,0,0,1,12,,,,0.0,0.0,0.88,0.44,5.29,1,4,7
669,a,100.0,100.0,5.5,148,92.0,0,0.0,-5,5.0,0.7,218,74.0,44,0,2.4,285.0,124.0,4,153,0.6,309.0,133.0,0.1,8.0,0.0,544309,11,571954,31,0.1,0.6,0.87,1.48,2.35,14.13,0.07,0.13,0.2,1.21,153.8,280.0,122.0,179.4,153.0,106.0,148.0,161.0,91.0,48.3,225.0,114.0,,,,26,,Dan,Ndoye,Ndoye,,,1054,1,2,2,16,0,0,0,1,0,0,14,89,,,,0.0,0.17,1.37,1.2,7.6,20,22,47
675,a,100.0,100.0,4.0,662,43.0,0,0.0,0,0.0,1.2,181,23.0,1,0,1.0,447.0,31.0,0,4,0.2,363.0,22.0,0.0,0.2,0.0,29592,17,98331,20,-0.3,0.2,0.0,0.0,0.0,0.21,0.0,0.0,0.0,0.42,1.2,486.0,32.0,0.0,553.0,50.0,0.0,514.0,35.0,0.1,499.0,32.0,,,,26,,Angus,Gunn,Gunn,,,45,0,0,0,0,0,0,0,0,0,0,0,0,,,,0.0,0.0,0.0,0.0,0.0,0,1,4
693,a,,,5.4,179,110.0,0,0.0,-1,1.0,0.1,495,175.0,53,0,2.8,227.0,93.0,3,212,1.2,243.0,102.0,0.2,9.8,0.0,31862,9,25223,27,0.7,1.2,1.58,2.68,4.26,15.12,0.15,0.26,0.41,1.44,215.0,225.0,97.0,328.5,61.0,49.0,218.0,98.0,60.0,75.8,116.0,63.0,,,,26,,Omari,Hutchinson,Hutchinson,,,943,1,5,2,15,0,0,0,0,0,0,8,77,,,,0.0,0.19,1.43,0.76,7.35,14,9,54
696,u,0.0,0.0,6.0,88,28.0,0,0.0,0,0.0,0.1,443,65.0,9,0,1.0,499.0,61.0,0,24,0.0,801.0,84.0,0.0,1.5,0.0,15291,0,17999,12,0.0,0.0,0.44,0.02,0.46,1.57,0.44,0.02,0.46,1.59,6.8,460.0,56.0,17.7,388.0,50.0,39.0,318.0,51.0,6.3,426.0,53.0,,,,26,,Arnaud,Kalimuendo,Kalimuendo,has joined Eintracht Frankfurt on loan for the rest of the season.,,89,0,0,0,3,0,0,0,0,0,0,0,6,,,,0.0,0.0,3.03,0.0,6.07,1,1,4
715,i,0.0,0.0,4.0,670,46.0,0,0.0,0,0.0,0.4,293,39.0,11,0,2.2,299.0,25.0,0,32,0.0,473.0,57.0,0.0,2.8,0.0,65749,4,43329,45,0.0,0.0,0.0,0.0,0.0,6.13,0.0,0.0,0.0,1.26,56.4,394.0,29.0,0.0,559.0,53.0,0.0,521.0,38.0,5.7,428.0,29.0,,,,26,,John Victor,Maciel Furtado,John,Knee injury - Expected back 01 Jun,,437,0,0,1,8,0,0,0,1,0,6,5,0,,,,1.24,0.21,1.65,1.03,0.0,0,4,26
716,i,0.0,0.0,4.5,454,93.0,0,0.0,0,0.0,0.1,534,190.0,39,0,2.8,218.0,84.0,0,131,0.0,640.0,244.0,0.0,8.7,0.0,46636,0,42049,21,0.0,0.0,1.34,0.45,1.79,15.04,0.12,0.04,0.16,1.32,216.6,222.0,87.0,123.2,205.0,51.0,94.0,234.0,64.0,43.5,246.0,84.0,,,,26,,Nicolò,Savona,Savona,Knee injury - Unknown return date,,1025,2,0,3,18,0,0,0,2,0,0,11,69,,,,0.0,0.26,1.58,0.97,5.0,20,37,27
729,u,0.0,0.0,4.5,475,95.0,0,0.0,0,0.0,0.0,808,265.0,0,0,0.0,721.0,257.0,0,0,0.0,657.0,245.0,0.0,0.0,0.0,94,0,89,2,0.0,0.0,0.0,0.0,0.0,0.0,0.0,0.0,0.0,0.0,0.0,719.0,257.0,0.0,714.0,257.0,0.0,694.0,257.0,0.0,720.0,257.0,,,,26,,Luis Eduardo,Soares da Silva,Cuiabano,has joined Vasco de Gama on loan for the rest of the season.,,0,0,0,0,0,0,0,0,0,0,0,0,0,,,,0.0,0.0,0.0,0.0,0.0,0,0,0
734,a,100.0,100.0,5.9,100,65.0,0,0.0,-1,1.0,0.0,680,278.0,12,0,1.5,411.0,184.0,0,53,0.0,799.0,358.0,0.0,2.0,0.0,4262,3,3816,5,-0.5,0.0,0.39,0.68,1.07,5.51,0.12,0.2,0.32,1.64,49.8,398.0,176.0,108.8,222.0,140.0,71.0,268.0,145.0,23.0,340.0,163.0,,,,26,,Dilane,Bakwa,Bakwa,,,302,0,1,0,7,0,0,0,1,0,0,3,23,,,,0.0,0.0,2.09,0.89,6.85,1,3,19
805,a,,,5.5,149,38.0,0,0.0,0,0.0,0.0,641,82.0,5,0,5.0,14.0,3.0,0,27,1.7,192.0,25.0,0.3,0.9,0.0,4351,34,595,16,1.2,1.7,0.16,0.0,0.16,0.45,0.4,0.0,0.4,1.12,32.0,416.0,48.0,1.1,459.0,59.0,19.0,372.0,55.0,5.2,432.0,55.0,,,,26,,Lorenzo,Lucca,Lucca,,,36,1,0,0,0,0,0,0,0,0,0,0,0,,,,0.0,0.0,0.0,0.0,0.0,0,0,0
814,a,,,4.5,442,88.0,0,0.0,0,0.0,0.0,800,264.0,1,0,1.0,469.0,171.0,0,3,0.5,317.0,113.0,0.1,0.2,0.0,209,2,42,2,0.0,0.5,0.0,0.36,0.36,0.0,0.0,2.31,2.31,0.0,1.0,492.0,175.0,1.1,458.0,168.0,2.0,437.0,165.0,0.4,486.0,172.0,,,,26,,Luca,Netz,Netz,,,14,0,0,0,0,0,0,0,0,0,0,0,0,,,,0.0,0.0,0.0,0.0,0.0,0,0,0
528,u,0.0,0.0,4.2,633,34.0,0,0.0,-3,3.0,0.2,396,57.0,0,0,0.0,631.0,87.0,0,0,0.0,536.0,81.0,0.0,0.0,0.0,10565,0,33053,28,0.0,0.0,0.0,0.0,0.0,0.0,0.0,0.0,0.0,0.0,0.0,623.0,87.0,0.0,616.0,77.0,0.0,583.0,63.0,0.0,625.0,87.0,,,,26,,Anthony,Patterson,Patterson,has joined Millwall on loan for the rest of the season.,,0,0,0,0,0,0,0,0,0,0,0,0,0,,,,0.0,0.0,0.0,0.0,0.0,0,0,0
529,a,,,3.9,738,69.0,0,0.0,-1,1.0,0.4,290,38.0,0,0,0.0,534.0,37.0,0,0,0.0,428.0,28.0,0.0,0.0,0.0,17642,11,32606,4,0.0,-0.5,0.0,0.0,0.0,0.0,0.0,0.0,0.0,0.0,0.0,525.0,37.0,0.0,514.0,22.0,0.0,474.0,7.0,0.0,527.0,37.0,,,,26,,Simon,Moore,Moore,,,0,0,0,0,0,0,0,0,0,0,0,0,0,,,,0.0,0.0,0.0,0.0,0.0,0,0,0
530,u,0.0,0.0,3.9,767,86.0,0,0.0,-1,1.0,0.1,448,66.0,0,0,0.0,554.0,54.0,0,0,0.0,449.0,45.0,0.0,0.0,0.0,7473,0,12546,6,0.0,0.0,0.0,0.0,0.0,0.0,0.0,0.0,0.0,0.0,0.0,545.0,54.0,0.0,534.0,39.0,0.0,494.0,24.0,0.0,547.0,54.0,,,,26,,Blondy,Nna Noukeu,Nna Noukeu,has joined US Boulogne CO permanently.,,0,0,0,0,0,0,0,0,0,0,0,0,0,,,,0.0,0.0,0.0,0.0,0.0,0,0,0
531,a,100.0,100.0,4.6,400,69.0,0,0.0,1,-1.0,3.0,106,41.0,93,0,4.4,41.0,15.0,8,285,3.2,78.0,31.0,0.7,20.2,0.0,1067819,315,947818,234,3.2,2.7,2.18,0.51,2.69,22.55,0.12,0.03,0.15,1.28,501.6,49.0,22.0,110.2,218.0,56.0,323.0,54.0,2.0,93.5,69.0,13.0,,,,26,,Daniel,Ballard,Ballard,,,1581,2,1,5,22,0,0,0,3,0,0,17,201,,,,0.0,0.28,1.25,0.97,10.76,27,162,41
532,a,,,4.5,444,89.0,0,0.0,0,0.0,0.3,306,113.0,72,0,2.9,203.0,78.0,4,255,1.4,217.0,81.0,0.3,16.0,0.0,72878,12,66719,30,1.4,0.9,1.36,0.94,2.3,31.73,0.06,0.04,0.1,1.39,324.8,136.0,62.0,251.5,100.0,24.0,159.0,150.0,29.0,72.6,125.0,39.0,2.0,,,26,,Trai,Hume,Hume,,,2050,0,1,7,26,0,0,0,7,0,0,23,166,,,,0.0,0.31,1.14,1.01,6.1,46,93,73
533,u,0.0,0.0,4.0,669,166.0,0,0.0,0,0.0,0.0,779,262.0,0,0,0.0,576.0,212.0,0,0,0.0,472.0,185.0,0.0,0.0,0.0,611,0,838,1,0.0,0.0,0.0,0.0,0.0,0.0,0.0,0.0,0.0,0.0,0.0,567.0,212.0,0.0,558.0,212.0,0.0,520.0,206.0,0.0,569.0,212.0,,,,26,,Aji,Alese,Alese,has joined Portsmouth on loan for the rest of the season.,,0,0,0,0,0,0,0,0,0,0,0,0,0,,,,0.0,0.0,0.0,0.0,0.0,0,0,0
534,u,0.0,0.0,3.8,788,237.0,0,0.0,-2,2.0,0.3,302,111.0,0,0,0.0,516.0,184.0,0,0,0.0,407.0,152.0,0.0,0.0,0.0,39413,0,62365,36,0.0,0.0,0.0,0.0,0.0,0.0,0.0,0.0,0.0,0.0,0.0,507.0,184.0,0.0,493.0,182.0,0.0,452.0,173.0,0.0,509.0,184.0,,,,26,,Joe,Anderson,Anderson,has joined Barrow FC permanently.,,0,0,0,0,0,0,0,0,0,0,0,0,0,,,,0.0,0.0,0.0,0.0,0.0,0,0,0
535,a,100.0,100.0,4.0,680,171.0,0,0.0,0,0.0,0.1,573,206.0,13,0,2.2,300.0,112.0,0,44,0.4,324.0,116.0,0.1,3.2,0.0,7104,12,5168,12,0.4,-0.1,0.0,0.02,0.02,6.04,0.0,0.01,0.01,1.84,58.2,391.0,149.0,8.7,423.0,153.0,2.0,429.0,160.0,6.8,423.0,152.0,,,,26,,Dennis,Cirkin,Cirkin,,,296,0,0,1,2,0,0,0,1,0,0,3,26,,,,0.0,0.3,0.61,0.91,7.91,8,18,7
536,u,0.0,0.0,4.0,688,174.0,0,0.0,0,0.0,0.0,703,240.0,0,0,0.0,592.0,218.0,0,0,0.0,489.0,191.0,0.0,0.0,0.0,1255,0,1307,7,0.0,0.0,0.0,0.0,0.0,0.0,0.0,0.0,0.0,0.0,0.0,583.0,218.0,0.0,575.0,218.0,0.0,537.0,212.0,0.0,585.0,218.0,,,,26,,Leo Fuhr,Hjelde,Hjelde,has joined Sheffield United on loan for the rest of the season.,,0,0,0,0,0,0,0,0,0,0,0,0,0,,,,0.0,0.0,0.0,0.0,0.0,0,0,0
537,u,0.0,0.0,4.0,690,175.0,0,0.0,0,0.0,0.1,539,192.0,0,0,0.0,594.0,219.0,0,0,0.0,491.0,192.0,0.0,0.0,0.0,1038,0,16050,2,0.0,0.0,0.0,0.0,0.0,0.0,0.0,0.0,0.0,0.0,0.0,585.0,219.0,0.0,577.0,219.0,0.0,539.0,213.0,0.0,587.0,219.0,,,,26,,Niall,Huggins,Huggins,has joined Wycombe Wanderers on loan for the rest of the season.,,0,0,0,0,0,0,0,0,0,0,0,0,0,,,,0.0,0.0,0.0,0.0,0.0,0,0,0
538,u,0.0,0.0,3.8,799,248.0,0,0.0,-2,2.0,0.2,362,131.0,0,0,0.0,523.0,191.0,0,0,0.0,415.0,160.0,0.0,0.0,0.0,23261,0,31701,25,0.0,0.0,0.0,0.0,0.0,0.0,0.0,0.0,0.0,0.0,0.0,514.0,191.0,0.0,500.0,189.0,0.0,459.0,180.0,0.0,516.0,191.0,,,,26,,Zak,Johnson,Johnson,has joined York City on loan for the rest of the season.,,0,0,0,0,0,0,0,0,0,0,0,0,0,,,,0.0,0.0,0.0,0.0,0.0,0,0,0
539,a,100.0,100.0,4.0,667,164.0,0,0.0,0,0.0,0.1,559,201.0,2,0,0.4,509.0,178.0,0,6,0.4,323.0,115.0,0.1,0.5,0.0,6651,6,6959,7,0.4,-0.1,0.0,0.0,0.0,0.86,0.0,0.0,0.0,3.52,6.0,461.0,168.0,1.1,456.0,166.0,0.0,518.0,204.0,0.7,478.0,169.0,,,,26,,Luke,O'Nien,O'Nien,,,22,0,0,0,0,0,0,0,0,1,0,0,3,,,,0.0,0.0,0.0,0.0,12.27,2,1,1
540,u,0.0,0.0,3.9,760,221.0,0,0.0,-1,1.0,0.3,321,118.0,0,0,0.0,549.0,201.0,0,0,0.0,444.0,173.0,0.0,0.0,0.0,47547,0,46231,18,0.0,0.0,0.0,0.0,0.0,0.0,0.0,0.0,0.0,0.0,0.0,540.0,201.0,0.0,529.0,201.0,0.0,489.0,193.0,0.0,542.0,201.0,,,,26,,Timothée,Pembélé,Pembele,has joined Le Havre AC on loan for the rest of the season.,,0,0,0,0,0,0,0,0,0,0,0,0,0,,,,0.0,0.0,0.0,0.0,0.0,0,0,0
541,a,100.0,100.0,3.8,791,240.0,0,0.0,-2,2.0,3.2,101,38.0,50,0,3.1,163.0,59.0,5,168,2.6,110.0,41.0,0.7,13.2,0.0,594772,1013,988891,170,2.6,2.1,0.13,0.32,0.45,17.46,0.01,0.02,0.03,1.18,254.6,196.0,80.0,77.2,272.0,83.0,35.0,330.0,105.0,36.8,277.0,93.0,,,,26,,Reinildo,Mandava,Reinildo,,,1337,0,2,4,19,0,0,0,5,1,0,16,133,,,,0.0,0.27,1.28,1.08,7.67,27,87,60
542,u,0.0,0.0,4.0,706,185.0,0,0.0,0,0.0,0.1,499,178.0,2,0,1.0,448.0,164.0,0,11,0.0,505.0,200.0,0.0,0.5,0.0,3016,0,25068,1,0.0,0.0,0.0,0.01,0.01,1.33,0.0,0.01,0.01,0.9,33.6,414.0,155.0,2.4,447.0,163.0,0.0,552.0,220.0,3.6,445.0,160.0,,,,26,,Jenson,Seelt,Seelt,has joined Wolfsburg on loan for the rest of the season.,,133,0,0,0,2,0,0,0,0,0,0,1,18,,,,0.0,0.0,1.35,0.68,8.12,4,8,6
543,u,0.0,0.0,4.9,344,212.0,0,0.0,-6,6.0,0.4,283,98.0,34,0,2.4,282.0,122.0,3,81,0.0,739.0,314.0,0.0,6.9,0.0,90681,0,227317,71,0.0,0.0,0.35,0.62,0.97,11.3,0.05,0.09,0.14,1.57,81.4,353.0,157.0,116.8,210.0,136.0,75.0,263.0,142.0,27.0,325.0,157.0,,,,26,,Simon,Adingra,Adingra,has joined AS Monaco on loan for the rest of the season.,,649,1,1,4,8,0,0,0,2,0,0,9,45,,,,0.0,0.55,1.11,1.25,6.24,11,13,21
544,a,100.0,100.0,5.3,206,128.0,0,0.0,-2,2.0,0.1,565,209.0,28,0,3.5,121.0,55.0,3,81,3.0,93.0,43.0,0.6,5.3,0.0,10097,37,17202,18,3.0,2.5,0.93,0.25,1.18,6.24,0.14,0.04,0.18,0.96,62.4,383.0,168.0,55.6,315.0,176.0,93.0,237.0,129.0,20.4,357.0,169.0,,,1.0,26,,Habib,Diarra,Diarra,,,585,1,2,3,5,0,0,0,3,0,0,6,35,,,,0.0,0.46,0.77,0.92,5.38,4,13,18
545,u,0.0,0.0,5.4,160,98.0,0,0.0,-1,1.0,0.0,720,303.0,1,0,1.0,495.0,231.0,0,4,0.0,776.0,340.0,0.0,0.2,0.0,462,0,4072,0,0.0,0.0,0.03,0.02,0.05,0.66,0.1,0.07,0.17,2.2,1.8,483.0,222.0,7.3,428.0,209.0,5.0,418.0,204.0,1.4,472.0,216.0,,,,26,,Patrick,Roberts,Roberts,has joined Birmingham City permanently.,,27,0,0,0,1,0,0,0,0,0,0,0,1,,,,0.0,0.0,3.33,0.0,3.33,0,0,1
546,a,100.0,100.0,4.9,349,217.0,0,0.0,-1,1.0,0.0,692,285.0,0,0,0.0,775.0,336.0,0,0,0.0,742.0,317.0,0.0,0.0,0.0,389,2,3407,1,0.0,-0.5,0.0,0.0,0.0,0.0,0.0,0.0,0.0,0.0,0.0,775.0,336.0,0.0,771.0,336.0,0.0,762.0,332.0,0.0,775.0,336.0,,,,26,,Milan,Aleksić,Aleksić,,,0,0,0,0,0,0,0,0,0,0,0,0,0,,,,0.0,0.0,0.0,0.0,0.0,0,0,0
547,a,100.0,100.0,4.9,338,209.0,0,0.0,-1,1.0,1.2,172,56.0,88,0,3.7,97.0,44.0,7,361,3.4,69.0,29.0,0.7,18.0,0.0,321705,308,214666,288,3.4,2.9,3.77,2.51,6.28,30.11,0.18,0.12,0.3,1.4,442.6,65.0,19.0,492.2,20.0,19.0,172.0,136.0,78.0,110.8,40.0,30.0,3.0,2.0,2.0,26,,Enzo,Le Fée,E.Le Fée,,,1935,3,4,7,26,0,0,1,5,0,0,22,201,,,,0.0,0.33,1.21,1.02,9.35,55,53,93
548,a,100.0,100.0,4.9,332,205.0,0,0.0,-1,1.0,0.0,740,312.0,12,0,1.0,486.0,223.0,0,46,1.0,261.0,110.0,0.2,2.4,0.0,1045,1,1400,2,1.0,0.5,0.45,0.27,0.72,6.75,0.12,0.07,0.19,1.8,29.0,421.0,187.0,30.2,368.0,189.0,50.0,301.0,156.0,10.6,401.0,184.0,,3.0,,26,,Romaine,Mundle,Mundle,,,338,0,0,0,8,0,0,0,1,0,0,2,26,,,,0.0,0.0,2.13,0.53,6.92,5,5,16
549,u,0.0,0.0,4.8,364,226.0,0,0.0,-2,2.0,0.0,647,260.0,3,0,1.0,484.0,222.0,0,10,0.0,707.0,294.0,0.0,0.6,0.0,1972,0,4537,5,0.0,0.0,0.0,0.0,0.0,0.64,0.0,0.0,0.0,4.43,3.0,475.0,217.0,1.4,454.0,220.0,0.0,740.0,318.0,0.4,488.0,224.0,,,,26,,Dan,Neil,Neil,has joined Ipswich Town on loan for the rest of the season.,,13,0,0,0,0,0,0,0,0,0,0,0,2,,,,0.0,0.0,0.0,0.0,13.85,0,2,0
550,a,,,4.8,360,225.0,0,0.0,-2,2.0,0.0,662,268.0,0,0,0.0,757.0,323.0,0,0,0.0,706.0,293.0,0.0,0.0,0.0,966,2,2635,1,0.0,-0.5,0.0,0.0,0.0,0.0,0.0,0.0,0.0,0.0,0.0,757.0,323.0,0.0,752.0,323.0,0.0,739.0,317.0,0.0,757.0,323.0,,,,26,,Ian,Poveda-Ocampo,Poveda,,,0,0,0,0,0,0,0,0,0,0,0,0,0,,,,0.0,0.0,0.0,0.0,0.0,0,0,0
551,a,,,4.7,392,245.0,0,0.0,-3,3.0,0.0,592,222.0,15,0,1.5,404.0,178.0,0,48,0.0,701.0,289.0,0.0,3.2,0.0,5600,4,8860,3,0.0,-0.5,0.32,0.35,0.67,5.12,0.08,0.08,0.16,1.23,20.2,436.0,193.0,48.4,330.0,180.0,21.0,367.0,187.0,8.9,409.0,185.0,,,,26,,Chris,Rigg,Rigg,,,375,0,0,2,2,0,0,0,0,0,0,6,27,,,,0.0,0.48,0.48,1.44,6.48,6,7,14
552,a,100.0,100.0,4.9,347,215.0,0,0.0,-1,1.0,0.1,574,212.0,50,0,2.5,268.0,113.0,0,255,2.6,115.0,48.0,0.5,10.2,0.0,9909,9,11330,6,2.6,2.1,0.32,0.82,1.14,23.07,0.02,0.04,0.06,1.18,202.0,238.0,102.0,182.1,150.0,104.0,49.0,303.0,158.0,43.4,249.0,121.0,,,,26,,Noah,Sadiki,Sadiki,,,1754,0,1,6,23,0,0,0,5,0,0,20,154,,,,0.0,0.31,1.18,1.03,7.9,30,59,65
553,a,100.0,100.0,4.9,345,213.0,0,0.0,-1,1.0,0.2,415,142.0,62,0,3.3,146.0,66.0,5,187,2.2,146.0,61.0,0.4,12.7,0.0,58670,42,69103,16,2.2,1.7,1.34,0.56,1.89,14.31,0.11,0.05,0.16,1.21,176.4,260.0,111.0,169.4,163.0,111.0,160.0,149.0,85.0,50.1,219.0,110.0,,,,26,,Chemsdine,Talbi,Talbi,,,1068,3,2,6,9,0,0,0,0,0,0,11,64,,,,0.0,0.51,0.76,0.93,5.39,7,14,43
554,a,,,4.3,590,346.0,0,0.0,-2,2.0,0.3,297,103.0,0,0,0.0,641.0,239.0,0,0,0.0,555.0,187.0,0.0,0.0,0.0,79940,29,75358,30,0.0,-0.5,0.0,0.0,0.0,0.0,0.0,0.0,0.0,0.0,0.0,632.0,230.0,0.0,627.0,235.0,0.0,596.0,218.0,0.0,634.0,232.0,,,,26,,Abdoullah,Ba,Ba,,,0,0,0,0,0,0,0,0,0,0,0,0,0,,,,0.0,0.0,0.0,0.0,0.0,0,0,0
555,u,0.0,0.0,4.5,414,252.0,0,0.0,0,0.0,0.0,640,256.0,0,0,0.0,688.0,269.0,0,0,0.0,615.0,225.0,0.0,0.0,0.0,1291,0,9798,0,0.0,0.0,0.0,0.0,0.0,0.0,0.0,0.0,0.0,0.0,0.0,683.0,264.0,0.0,677.0,267.0,0.0,652.0,255.0,0.0,685.0,266.0,,,,26,,Alan,Browne,Browne,has joined Middlesbrough on loan for the rest of the season.,,0,0,0,0,0,0,0,0,0,0,0,0,0,,,,0.0,0.0,0.0,0.0,0.0,0,0,0
556,u,0.0,0.0,4.5,436,260.0,0,0.0,0,0.0,0.0,765,329.0,0,0,0.0,699.0,276.0,0,0,0.0,630.0,233.0,0.0,0.0,0.0,0,0,1798,0,0.0,0.0,0.0,0.0,0.0,0.0,0.0,0.0,0.0,0.0,0.0,694.0,271.0,0.0,691.0,274.0,0.0,668.0,263.0,0.0,696.0,273.0,,,,26,,Pierre,Ekwah Elimby,Ekwah,Has joined AS Saint-Etienne permanently.,,0,0,0,0,0,0,0,0,0,0,0,0,0,,,,0.0,0.0,0.0,0.0,0.0,0,0,0
557,a,,,4.3,608,355.0,0,0.0,-2,2.0,0.1,544,198.0,0,0,0.0,649.0,245.0,0,0,0.0,566.0,195.0,0.0,0.0,0.0,7750,18,9664,11,0.0,-0.5,0.0,0.0,0.0,0.0,0.0,0.0,0.0,0.0,0.0,640.0,236.0,0.0,636.0,241.0,0.0,606.0,225.0,0.0,642.0,238.0,,,,26,,Harrison,Jones,H.Jones,,,0,0,0,0,0,0,0,0,0,0,0,0,0,,,,0.0,0.0,0.0,0.0,0.0,0,0,0
558,u,0.0,0.0,4.3,597,349.0,0,0.0,-2,2.0,0.2,387,127.0,0,0,0.0,643.0,241.0,0,0,0.0,557.0,189.0,0.0,0.0,0.0,30710,0,43857,29,0.0,0.0,0.0,0.0,0.0,0.0,0.0,0.0,0.0,0.0,0.0,634.0,232.0,0.0,629.0,237.0,0.0,598.0,220.0,0.0,636.0,234.0,,,,26,,Jay,Matete,Matete,has joined MK Dons permanently.,,0,0,0,0,0,0,0,0,0,0,0,0,0,,,,0.0,0.0,0.0,0.0,0.0,0,0,0
559,u,0.0,0.0,4.4,547,327.0,0,0.0,-1,1.0,0.0,639,255.0,0,0,0.0,669.0,258.0,0,0,0.0,593.0,211.0,0.0,0.0,0.0,2951,0,8589,0,0.0,0.0,0.0,0.0,0.0,0.0,0.0,0.0,0.0,0.0,0.0,661.0,250.0,0.0,657.0,255.0,0.0,629.0,240.0,0.0,663.0,252.0,,,,26,,Nectarios,Triantis,Triantis,has joined Minnesota United permanently.,,0,0,0,0,0,0,0,0,0,0,0,0,0,,,,0.0,0.0,0.0,0.0,0.0,0,0,0
560,a,100.0,100.0,5.1,234,52.0,0,0.0,-4,4.0,1.5,156,24.0,53,0,2.4,283.0,31.0,7,177,0.6,303.0,41.0,0.1,10.4,0.0,954721,153,850193,199,0.6,0.1,3.58,0.07,3.65,16.39,0.32,0.01,0.33,1.48,164.4,268.0,24.0,22.6,379.0,48.0,373.0,40.0,17.0,55.8,193.0,21.0,,,,26,,Wilson,Isidor,Isidor,,,1000,4,0,4,14,0,0,0,1,0,0,11,39,,,,0.0,0.36,1.26,0.99,3.51,8,14,17
561,a,,,5.2,219,50.0,0,0.0,-3,3.0,0.5,257,42.0,26,0,1.9,344.0,38.0,2,86,0.6,305.0,42.0,0.1,5.0,0.0,264167,22,303003,28,0.6,0.1,1.05,0.14,1.19,10.33,0.17,0.02,0.19,1.63,73.4,369.0,38.0,42.0,343.0,39.0,131.0,188.0,41.0,24.3,337.0,40.0,,,3.0,26,,Eliezer,Mayenda Dossou,Mayenda,,,572,1,0,3,7,0,0,0,0,0,0,6,20,,,,0.0,0.47,1.1,0.94,3.15,3,6,11
562,a,,,4.2,649,91.0,0,0.0,-3,3.0,0.5,264,43.0,0,0,0.0,636.0,65.0,0,0,0.0,545.0,53.0,0.0,0.0,0.0,61316,232,82598,71,0.0,-0.5,0.0,0.0,0.0,0.0,0.0,0.0,0.0,0.0,0.0,628.0,65.0,0.0,622.0,64.0,0.0,590.0,64.0,0.0,630.0,65.0,,,,26,,Ahmed,Abdullahi,Abdullahi,,,0,0,0,0,0,0,0,0,0,0,0,0,0,,,,0.0,0.0,0.0,0.0,0.0,0,0,0
563,u,0.0,0.0,4.4,556,79.0,0,0.0,-1,1.0,0.1,509,73.0,0,0,0.0,675.0,72.0,0,0,0.0,600.0,61.0,0.0,0.0,0.0,5979,0,20271,3,0.0,0.0,0.0,0.0,0.0,0.0,0.0,0.0,0.0,0.0,0.0,668.0,72.0,0.0,663.0,71.0,0.0,637.0,71.0,0.0,670.0,72.0,,,,26,,Luís Hemir,Silva Semedo,Luís Hemir,has joined Moreirense on loan for the rest of the season.,,0,0,0,0,0,0,0,0,0,0,0,0,0,,,,0.0,0.0,0.0,0.0,0.0,0,0,0
564,u,0.0,0.0,4.4,539,76.0,0,0.0,-1,1.0,0.1,514,74.0,0,0,0.0,665.0,69.0,0,0,0.0,588.0,58.0,0.0,0.0,0.0,3530,0,20079,2,0.0,0.0,0.0,0.0,0.0,0.0,0.0,0.0,0.0,0.0,0.0,656.0,69.0,0.0,652.0,68.0,0.0,624.0,68.0,0.0,658.0,69.0,,,,26,,Nazarii,Rusyn,Rusyn,has joined Arka on loan for the rest of the season.,,0,0,0,0,0,0,0,0,0,0,0,0,0,,,,0.0,0.0,0.0,0.0,0.0,0,0,0
668,i,0.0,0.0,5.1,223,137.0,0,0.0,1,-1.0,3.7,92,31.0,90,0,4.1,60.0,27.0,5,426,0.4,342.0,154.0,0.1,17.6,0.0,1346869,27,1289634,1550,0.0,0.0,0.59,2.19,2.78,31.25,0.03,0.1,0.13,1.43,521.2,40.0,10.0,420.4,34.0,32.0,77.0,260.0,140.0,101.8,54.0,35.0,1.0,1.0,,26,,Granit,Xhaka,Xhaka,Ankle injury - Expected back 22 Feb,,1962,1,5,7,23,0,0,0,4,0,0,22,237,,,,0.0,0.32,1.06,1.01,10.87,35,101,101
670,a,,,5.0,269,10.0,0,0.0,5,-5.0,11.7,32,5.0,105,0,4.2,53.0,1.0,9,450,2.0,164.0,15.0,0.4,21.0,0.0,2103294,687,805285,1126,2.0,1.5,0.0,0.07,0.07,34.88,0.0,0.0,0.0,1.4,651.8,9.0,2.0,40.0,348.0,2.0,0.0,776.0,88.0,69.1,140.0,2.0,,,,26,,Robin,Roefs,Roefs,,,2250,0,0,8,29,0,1,0,2,0,78,25,110,,,,3.12,0.32,1.16,1.0,0.0,0,26,251
678,u,0.0,0.0,3.9,743,212.0,0,0.0,-1,1.0,0.5,258,97.0,1,0,0.3,510.0,179.0,0,4,0.0,433.0,170.0,0.0,0.3,0.0,52353,0,80888,28,0.0,0.0,0.07,0.08,0.15,2.09,0.05,0.06,0.11,1.5,21.8,431.0,162.0,20.1,383.0,137.0,7.0,405.0,152.0,4.9,436.0,156.0,,,,26,,Arthur,Masuaku,Masuaku,has joined RC Lens on loan for the rest of the season.,,125,0,0,0,2,0,0,0,1,0,0,2,13,,,,0.0,0.0,1.44,1.44,7.2,4,6,3
683,a,100.0,100.0,4.1,653,158.0,0,0.0,1,-1.0,6.4,57,19.0,86,0,4.1,58.0,22.0,5,288,1.8,173.0,61.0,0.4,21.0,0.0,1502949,757,859532,603,1.8,1.3,1.23,0.74,1.96,28.28,0.06,0.04,0.1,1.4,503.2,48.0,21.0,95.0,241.0,68.0,197.0,111.0,18.0,79.9,105.0,33.0,,,,26,,Omar,Alderete,Alderete,,,1824,1,1,7,24,0,0,0,4,0,0,20,217,,,,0.0,0.35,1.18,0.99,9.52,20,173,68
694,a,,,4.6,399,68.0,0,0.0,6,-6.0,13.6,28,10.0,112,0,4.9,17.0,6.0,8,378,4.0,30.0,11.0,0.9,24.3,0.0,2343750,2779,689489,860,4.0,3.5,0.91,1.88,2.79,33.19,0.04,0.08,0.12,1.45,537.6,35.0,14.0,252.2,99.0,23.0,122.0,204.0,50.0,91.2,73.0,15.0,,,,26,,Nordi,Mukiele,Mukiele,,,2062,1,5,7,27,1,0,0,4,0,0,23,245,,,,0.0,0.31,1.18,1.0,9.47,55,162,94
724,a,,,4.5,425,83.0,0,0.0,0,0.0,0.0,598,213.0,34,0,1.8,357.0,131.0,0,149,0.4,334.0,123.0,0.1,7.6,0.0,8394,11,5840,9,0.4,-0.1,0.37,0.53,0.9,21.26,0.03,0.05,0.08,1.92,160.8,276.0,109.0,76.1,276.0,87.0,36.0,327.0,103.0,27.3,322.0,110.0,,,,26,,Lutsharel,Geertruida,Geertruida,,,999,0,0,2,15,0,0,0,0,0,0,10,80,,,,0.0,0.18,1.35,0.9,5.77,20,44,44
730,a,100.0,100.0,5.5,146,37.0,0,0.0,0,0.0,1.3,166,29.0,59,0,3.0,193.0,20.0,8,217,3.8,45.0,4.0,0.7,10.7,0.0,312312,919,155316,497,3.8,3.3,2.5,0.22,2.72,17.15,0.22,0.02,0.24,1.49,228.2,214.0,17.0,83.0,264.0,27.0,245.0,83.0,27.0,54.8,198.0,23.0,,,,26,,Brian,Brobbey,Brobbey,,,1034,5,1,4,14,0,0,0,2,0,0,11,45,,,,0.0,0.35,1.22,0.96,3.92,6,10,29
735,i,0.0,0.0,5.5,136,84.0,0,0.0,0,0.0,0.0,644,258.0,28,0,2.8,228.0,94.0,1,114,0.0,787.0,348.0,0.0,5.1,0.0,13453,0,12732,4,0.0,0.0,0.48,0.25,0.73,8.99,0.07,0.04,0.11,1.33,115.6,316.0,142.0,108.1,223.0,141.0,135.0,177.0,99.0,35.9,280.0,137.0,,,,26,,Bertrand,Traoré,Traoré,Knee injury - Expected back 22 Feb,,607,1,1,3,9,0,0,0,1,0,0,9,40,,,,0.0,0.44,1.33,1.33,5.93,11,11,18
774,a,,,4.0,673,168.0,0,0.0,0,0.0,0.0,712,244.0,0,0,0.0,579.0,214.0,0,0,0.0,476.0,187.0,0.0,0.0,0.0,1047,3,480,2,0.0,-0.5,0.0,0.0,0.0,0.0,0.0,0.0,0.0,0.0,0.0,570.0,214.0,0.0,562.0,214.0,0.0,524.0,208.0,0.0,572.0,214.0,,,,26,,Jenson,Jones,Jenson Jones,,,0,0,0,0,0,0,0,0,0,0,0,0,0,,,,0.0,0.0,0.0,0.0,0.0,0,0,0
775,u,0.0,0.0,4.5,495,303.0,0,0.0,0,0.0,0.0,814,364.0,0,0,0.0,737.0,307.0,0,0,0.0,675.0,270.0,0.0,0.0,0.0,160,0,127,0,0.0,0.0,0.0,0.0,0.0,0.0,0.0,0.0,0.0,0.0,0.0,736.0,306.0,0.0,730.0,306.0,0.0,712.0,299.0,0.0,736.0,306.0,,,,26,,Tymur,Tutierov,Tutierov,has joined Exeter City on loan for the rest of the season.,,0,0,0,0,0,0,0,0,0,0,0,0,0,,,,0.0,0.0,0.0,0.0,0.0,0,0,0
800,d,25.0,25.0,5.0,285,177.0,0,0.0,0,0.0,0.0,816,366.0,0,0,0.0,792.0,349.0,0,0,0.0,762.0,332.0,0.0,0.0,0.0,90,0,44,0,0.0,-0.1,0.0,0.0,0.0,0.0,0.0,0.0,0.0,0.0,0.0,792.0,349.0,0.0,790.0,349.0,0.0,785.0,347.0,0.0,792.0,349.0,,,,26,,Djiamgone Jocelin Ta,Bi,Jocelin.T,Lack of match fitness - 25% chance of playing,,0,0,0,0,0,0,0,0,0,0,0,0,0,,,,0.0,0.0,0.0,0.0,0.0,0,0,0
812,a,,,4.0,699,61.0,0,0.0,0,0.0,0.0,792,90.0,0,0,0.0,602.0,80.0,0,0,0.0,500.0,72.0,0.0,0.0,0.0,304,5,74,2,0.0,-0.5,0.0,0.0,0.0,0.0,0.0,0.0,0.0,0.0,0.0,593.0,80.0,0.0,585.0,68.0,0.0,547.0,53.0,0.0,595.0,80.0,,,,26,,Melker,Ellborg,Ellborg,,,0,0,0,0,0,0,0,0,0,0,0,0,0,,,,0.0,0.0,0.0,0.0,0.0,0,0,0
813,a,,,5.0,276,170.0,0,0.0,0,0.0,0.0,793,349.0,1,0,1.0,490.0,226.0,0,5,0.5,319.0,141.0,0.1,0.2,0.0,323,4,51,0,0.5,0.0,0.0,0.02,0.02,0.65,0.0,0.36,0.36,11.7,2.0,481.0,221.0,14.5,394.0,197.0,0.0,778.0,342.0,1.7,466.0,211.0,,,,26,,Nilson,Angulo,Angulo,,,5,0,0,0,1,0,0,0,0,0,0,0,0,,,,0.0,0.0,18.0,0.0,0.0,0,0,0
565,a,,,4.8,356,14.0,0,0.0,-2,2.0,6.0,60,9.0,83,2,3.2,153.0,14.0,6,388,1.6,199.0,18.0,0.3,17.3,0.0,1344739,91,1347062,622,0.6,1.6,0.0,0.02,0.02,36.85,0.0,0.0,0.0,1.42,571.8,24.0,7.0,0.1,483.0,14.0,0.0,737.0,81.0,57.4,187.0,8.0,,,,26,,Guglielmo,Vicario,Vicario,,,2340,0,0,7,37,0,0,0,1,0,71,26,97,,,,2.73,0.27,1.42,1.0,0.0,1,30,211
566,a,,,3.9,750,78.0,0,0.0,-1,1.0,0.3,319,44.0,0,0,0.0,543.0,46.0,0,0,0.0,438.0,37.0,0.0,0.0,0.0,20514,6,23493,5,-1.0,0.0,0.0,0.0,0.0,0.0,0.0,0.0,0.0,0.0,0.0,534.0,46.0,0.0,523.0,31.0,0.0,483.0,16.0,0.0,536.0,46.0,,,,26,,Brandon,Austin,Austin,,,0,0,0,0,0,0,0,0,0,0,0,0,0,,,,0.0,0.0,0.0,0.0,0.0,0,0,0
567,a,,,3.9,766,85.0,0,0.0,-1,1.0,1.6,146,19.0,0,0,0.0,553.0,53.0,0,0,0.0,448.0,44.0,0.0,0.0,0.0,124614,20,170211,71,-1.0,0.0,0.0,0.0,0.0,0.0,0.0,0.0,0.0,0.0,0.0,544.0,53.0,0.0,533.0,38.0,0.0,493.0,23.0,0.0,546.0,53.0,,,,26,,Antonín,Kinský,Kinsky,,,0,0,0,0,0,0,0,0,0,0,0,0,0,,,,0.0,0.0,0.0,0.0,0.0,0,0,0
568,i,0.0,0.0,5.2,215,29.0,0,0.0,-3,3.0,9.8,38,13.0,79,0,3.4,132.0,46.0,4,344,1.0,263.0,95.0,0.2,15.2,0.0,1465127,8,2946572,2321,0.0,0.0,0.48,2.81,3.29,25.39,0.02,0.14,0.16,1.26,414.6,80.0,34.0,517.6,19.0,1.0,89.0,243.0,67.0,102.3,50.0,7.0,3.0,2.0,,26,,Pedro,Porro Sauceda,Pedro Porro,Hamstring injury - Expected back 22 Feb,,1820,0,3,7,24,0,0,0,5,0,0,21,171,,,,0.0,0.35,1.19,1.04,6.73,43,93,94
569,s,0.0,0.0,5.0,253,38.0,0,0.0,0,0.0,3.7,93,32.0,89,0,4.2,52.0,19.0,10,288,3.2,82.0,32.0,0.6,17.8,0.0,1016040,24,1129782,2142,0.0,0.0,1.33,1.2,2.53,25.77,0.07,0.06,0.13,1.36,543.2,34.0,13.0,110.8,217.0,55.0,206.0,105.0,15.0,86.0,87.0,20.0,,,,26,,Cristian,Romero,Romero,Suspended until 15 Mar,,1710,4,1,5,29,0,0,0,8,2,0,20,209,,,,0.0,0.26,1.53,1.05,9.58,53,129,80
570,i,0.0,0.0,4.2,627,142.0,0,0.0,-3,3.0,0.1,437,162.0,27,0,2.1,309.0,113.0,1,111,0.2,365.0,134.0,0.0,6.4,0.0,16875,0,29870,26,0.0,0.0,0.03,0.18,0.21,10.71,0.0,0.02,0.02,1.46,194.2,246.0,99.0,9.1,422.0,152.0,8.0,397.0,146.0,21.2,351.0,121.0,,,,26,,Kevin,Danso,Danso,Toe Injury - Unknown return date,,658,0,0,2,12,0,0,0,4,0,0,8,100,,,,0.0,0.27,1.64,1.09,12.72,13,80,28
571,i,0.0,0.0,4.3,576,125.0,0,0.0,-2,2.0,0.1,542,194.0,10,0,3.3,137.0,47.0,1,29,0.0,550.0,232.0,0.0,2.3,0.0,4375,1,11684,5,0.0,0.0,0.49,0.07,0.56,1.11,0.32,0.05,0.37,0.73,67.4,375.0,142.0,22.2,381.0,136.0,52.0,298.0,94.0,14.2,378.0,135.0,,,,26,,Ben,Davies,Davies,Ankle injury - Unknown return date,,136,1,0,0,3,0,0,0,1,0,0,2,14,,,,0.0,0.0,1.99,1.32,9.26,5,9,5
572,a,100.0,100.0,4.5,450,91.0,0,0.0,0,0.0,0.0,675,236.0,6,3,1.2,435.0,158.0,0,9,1.0,260.0,94.0,0.2,1.3,0.0,2415,8,1390,1,0.0,1.0,0.18,0.0,0.18,5.84,0.07,0.0,0.07,2.15,17.4,440.0,164.0,0.8,464.0,170.0,6.0,413.0,155.0,2.4,458.0,166.0,,,,26,,Radu,Drăgușin,Dragusin,,,244,0,0,0,6,0,0,0,0,0,0,2,25,,,,0.0,0.0,2.21,0.74,9.22,3,22,5
573,a,100.0,100.0,4.2,634,147.0,0,0.0,-3,3.0,1.0,191,73.0,55,0,2.6,244.0,95.0,1,227,0.4,328.0,120.0,0.1,13.1,0.0,296111,97,348155,112,-0.6,0.4,0.82,1.38,2.2,25.89,0.05,0.08,0.13,1.46,216.2,224.0,89.0,171.0,162.0,41.0,147.0,162.0,34.0,53.3,204.0,67.0,,,,26,,Djed,Spence,Spence,,,1596,0,0,7,23,0,0,0,4,0,0,18,108,,,,0.0,0.39,1.3,1.02,4.74,29,55,92
574,i,0.0,0.0,4.3,592,136.0,0,0.0,-2,2.0,0.3,310,115.0,15,0,1.2,433.0,156.0,0,62,0.4,330.0,122.0,0.1,3.5,0.0,50317,0,111470,68,0.0,0.0,0.16,0.51,0.67,13.98,0.02,0.06,0.08,1.58,144.0,288.0,113.0,122.3,206.0,52.0,82.0,252.0,72.0,34.9,287.0,96.0,,,,26,,Destiny,Udogie,Udogie,Hamstring injury - Expected back 15 Mar,,794,0,1,0,17,0,0,0,2,0,0,8,61,,,,0.0,0.0,1.93,0.91,4.53,19,21,47
575,a,100.0,100.0,4.5,448,90.0,0,0.0,0,0.0,23.9,14,4.0,100,3,4.2,50.0,17.0,10,363,2.2,139.0,49.0,0.5,22.2,0.0,3425599,1039,3717391,3121,1.2,2.2,2.79,0.34,3.13,32.73,0.12,0.01,0.13,1.37,520.0,41.0,16.0,76.4,275.0,86.0,198.0,110.0,17.0,79.4,106.0,34.0,,,,26,,Micky,van de Ven,Van de Ven,,,2149,4,1,7,33,0,0,0,6,0,0,24,198,,,,0.0,0.29,1.38,1.01,6.78,27,135,86
576,u,0.0,0.0,4.0,707,186.0,0,0.0,0,0.0,0.0,727,252.0,0,0,0.0,607.0,226.0,0,0,0.0,506.0,201.0,0.0,0.0,0.0,0,0,1982,0,0.0,0.0,0.0,0.0,0.0,0.0,0.0,0.0,0.0,0.0,0.0,598.0,226.0,0.0,590.0,226.0,0.0,553.0,221.0,0.0,600.0,226.0,,,,26,,Ashley,Phillips,Phillips,Has joined Stoke City on loan for the rest of the season.,,0,0,0,0,0,0,0,0,0,0,0,0,0,,,,0.0,0.0,0.0,0.0,0.0,0,0,0
577,u,0.0,0.0,4.0,709,187.0,0,0.0,0,0.0,0.0,599,214.0,0,0,0.0,609.0,227.0,0,0,0.0,508.0,202.0,0.0,0.0,0.0,1005,0,8942,3,0.0,0.0,0.0,0.0,0.0,0.0,0.0,0.0,0.0,0.0,0.0,600.0,227.0,0.0,592.0,227.0,0.0,555.0,222.0,0.0,602.0,227.0,,,,26,,Takai,Kōta,Takai,has joined Borussia Mönchengladbach on loan for the rest of the season.,,0,0,0,0,0,0,0,0,0,0,0,0,0,,,,0.0,0.0,0.0,0.0,0.0,0,0,0
578,u,0.0,0.0,3.9,781,231.0,0,0.0,-1,1.0,0.3,307,114.0,0,0,0.0,567.0,208.0,0,0,0.0,463.0,181.0,0.0,0.0,0.0,7334,0,91381,10,0.0,0.0,0.0,0.0,0.0,0.0,0.0,0.0,0.0,0.0,0.0,558.0,208.0,0.0,547.0,208.0,0.0,508.0,201.0,0.0,560.0,208.0,,,,26,,Luka,Vušković,Vuskovic,has joined Hamburger SV on loan for the rest of the season.,,0,0,0,0,0,0,0,0,0,0,0,0,0,,,,0.0,0.0,0.0,0.0,0.0,0,0,0
579,u,0.0,0.0,8.5,11,6.0,0,0.0,0,0.0,0.1,447,153.0,0,0,0.0,817.0,367.0,0,0,0.0,815.0,367.0,0.0,0.0,0.0,0,0,25466,1,0.0,0.0,0.0,0.0,0.0,0.0,0.0,0.0,0.0,0.0,0.0,817.0,367.0,0.0,817.0,367.0,0.0,817.0,367.0,0.0,817.0,367.0,,,,26,,Son,Heung-min,Son,has joined Los Angeles FC permanently.,,0,0,0,0,0,0,0,0,0,0,0,0,0,,,,0.0,0.0,0.0,0.0,0.0,0,0,0
581,i,0.0,0.0,6.8,46,28.0,0,0.0,-2,2.0,0.1,446,152.0,0,0,0.0,814.0,364.0,0,0,0.0,809.0,362.0,0.0,0.0,0.0,1627,0,23623,1,0.0,0.0,0.0,0.0,0.0,0.0,0.0,0.0,0.0,0.0,0.0,814.0,364.0,0.0,814.0,364.0,0.0,814.0,364.0,0.0,814.0,364.0,,,,26,,James,Maddison,Maddison,Anterior cruciate ligament - Unknown return date,,0,0,0,0,0,0,0,0,0,0,0,0,0,,,,0.0,0.0,0.0,0.0,0.0,0,0,0
582,i,0.0,0.0,6.4,60,38.0,0,0.0,-1,1.0,9.8,39,14.0,75,0,3.9,82.0,40.0,7,257,0.0,806.0,361.0,0.0,11.7,0.0,3263119,1,5163895,966,0.0,0.0,1.92,2.41,4.33,22.74,0.11,0.14,0.25,1.33,333.4,126.0,42.0,413.8,36.0,34.0,302.0,62.0,37.0,104.7,46.0,33.0,2.0,1.0,,26,,Mohammed,Kudus,Kudus,Thigh injury - Expected back 11 Apr,,1535,2,6,7,20,0,0,0,3,0,0,19,133,,,,0.0,0.41,1.17,1.11,7.8,29,9,95
583,i,0.0,0.0,6.4,58,37.0,0,0.0,-1,1.0,0.0,714,300.0,0,0,0.0,811.0,363.0,0,0,0.0,805.0,360.0,0.0,0.0,0.0,915,0,2008,3,0.0,0.0,0.0,0.0,0.0,0.0,0.0,0.0,0.0,0.0,0.0,811.0,363.0,0.0,811.0,363.0,0.0,811.0,363.0,0.0,811.0,363.0,,,,26,,Dejan,Kulusevski,Kulusevski,Knee injury - Unknown return date,,0,0,0,0,0,0,0,0,0,0,0,0,0,,,,0.0,0.0,0.0,0.0,0.0,0,0,0
584,a,,,6.2,79,52.0,0,0.0,-3,3.0,0.1,427,144.0,48,1,2.5,272.0,115.0,5,150,1.2,250.0,107.0,0.2,7.7,0.0,39152,14,43858,43,0.2,1.2,1.59,0.61,2.19,9.37,0.23,0.09,0.32,1.36,145.2,286.0,127.0,116.1,211.0,137.0,167.0,141.0,80.0,43.1,251.0,122.0,4.0,,4.0,26,,Mathys,Tel,Tel,,,621,3,1,1,12,0,0,0,0,0,0,6,56,,,,0.0,0.14,1.74,0.87,8.12,11,5,40
585,i,0.0,0.0,5.3,192,119.0,0,0.0,-2,2.0,0.2,394,132.0,64,0,3.2,157.0,70.0,3,269,0.0,772.0,338.0,0.0,12.1,0.0,56861,0,65389,19,0.0,0.0,0.45,0.68,1.13,20.56,0.03,0.04,0.07,1.32,268.6,186.0,77.0,159.7,173.0,119.0,85.0,249.0,134.0,51.6,213.0,108.0,,,,26,,Rodrigo,Bentancur,Bentancur,Hamstring injury - Unknown return date,,1407,1,1,5,21,0,0,0,5,0,0,17,207,,,,0.0,0.32,1.34,1.09,13.24,37,69,101
586,i,0.0,0.0,5.2,220,136.0,0,0.0,-3,3.0,0.2,388,128.0,39,0,2.3,293.0,127.0,0,139,0.2,391.0,178.0,0.0,7.5,0.0,102305,1,110508,19,0.0,0.0,0.96,0.39,1.35,10.21,0.11,0.04,0.15,1.15,137.4,296.0,132.0,81.4,265.0,158.0,133.0,181.0,102.0,35.3,284.0,138.0,,,,26,,Lucas,Bergvall,Bergvall,Ankle injury - Unknown return date,,799,1,2,3,13,0,0,0,2,0,0,10,68,,,,0.0,0.34,1.46,1.13,7.66,20,14,34
587,a,100.0,100.0,5.2,212,131.0,0,0.0,-3,3.0,0.0,595,225.0,8,1,1.6,388.0,172.0,0,51,1.6,202.0,85.0,0.3,1.5,0.0,2534,17,14169,11,0.6,1.6,0.28,0.07,0.35,6.07,0.1,0.03,0.13,2.24,37.6,410.0,182.0,10.8,408.0,203.0,21.0,368.0,188.0,6.8,424.0,192.0,,,,26,,Yves,Bissouma,Bissouma,,,244,0,0,0,7,0,0,0,1,0,0,3,33,,,,0.0,0.0,2.58,1.11,12.17,10,13,10
588,a,100.0,100.0,5.3,207,129.0,0,0.0,-2,2.0,0.1,524,190.0,46,1,1.9,345.0,154.0,6,176,2.6,118.0,50.0,0.5,8.7,0.0,16323,18,13848,53,1.6,2.6,1.92,1.2,3.12,14.04,0.18,0.11,0.29,1.3,157.2,279.0,121.0,273.5,90.0,66.0,232.0,89.0,56.0,66.2,147.0,81.0,,,,26,,Wilson,Odobert,Odobert,,,972,0,2,2,13,0,0,0,0,0,0,10,77,,,,0.0,0.19,1.2,0.93,7.13,10,14,53
589,u,0.0,0.0,5.4,171,105.0,0,0.0,-1,1.0,0.0,755,323.0,0,0,0.0,797.0,352.0,0,0,0.0,780.0,342.0,0.0,0.0,0.0,115,0,1472,0,0.0,0.0,0.0,0.0,0.0,0.0,0.0,0.0,0.0,0.0,0.0,797.0,352.0,0.0,796.0,352.0,0.0,793.0,351.0,0.0,797.0,352.0,,,,26,,Manor,Solomon,Solomon,has joined Fiorentina on loan for the rest of the season.,,0,0,0,0,0,0,0,0,0,0,0,0,0,,,,0.0,0.0,0.0,0.0,0.0,0,0,0
590,u,0.0,0.0,4.9,327,202.0,0,0.0,-1,1.0,0.0,656,265.0,0,0,0.0,768.0,331.0,0,0,0.0,729.0,308.0,0.0,0.0,0.0,675,0,4468,1,0.0,0.0,0.0,0.0,0.0,0.0,0.0,0.0,0.0,0.0,0.0,768.0,331.0,0.0,764.0,331.0,0.0,755.0,327.0,0.0,768.0,331.0,,,,26,,Bryan,Gil Salvatierra,Bryan,has joined Girona permanently.,,0,0,0,0,0,0,0,0,0,0,0,0,0,,,,0.0,0.0,0.0,0.0,0.0,0,0,0
591,a,100.0,100.0,4.8,374,234.0,0,0.0,-2,2.0,0.1,438,148.0,39,7,2.4,278.0,118.0,3,161,2.4,130.0,55.0,0.5,8.1,0.0,16137,59,21896,13,1.4,2.4,1.25,0.37,1.62,14.24,0.12,0.04,0.16,1.38,120.8,310.0,140.0,60.5,306.0,173.0,84.0,250.0,135.0,26.5,330.0,159.0,,,,26,,Archie,Gray,Gray,,,927,2,0,5,14,0,0,0,4,0,0,12,86,,,,0.0,0.49,1.36,1.17,8.35,9,43,34
592,u,0.0,0.0,5.0,271,165.0,0,0.0,0,0.0,0.0,784,343.0,0,0,0.0,785.0,344.0,0,0,0.0,755.0,327.0,0.0,0.0,0.0,0,0,681,0,0.0,0.0,0.0,0.0,0.0,0.0,0.0,0.0,0.0,0.0,0.0,785.0,344.0,0.0,783.0,344.0,0.0,777.0,341.0,0.0,785.0,344.0,,,,26,,Mikey,Moore,Moore,Has joined Rangers on loan for the rest of the season.,,0,0,0,0,0,0,0,0,0,0,0,0,0,,,,0.0,0.0,0.0,0.0,0.0,0,0,0
593,a,100.0,100.0,4.5,443,265.0,0,0.0,-5,5.0,0.9,200,66.0,51,6,3.0,183.0,79.0,0,214,1.8,179.0,75.0,0.4,11.3,0.0,346473,393,560131,63,0.8,1.8,1.09,0.95,2.04,17.96,0.11,0.09,0.2,1.74,189.2,254.0,108.0,90.5,249.0,153.0,100.0,227.0,123.0,38.1,272.0,134.0,,,,26,,Pape Matar,Sarr,P.M.Sarr,,,928,2,3,3,11,0,0,0,1,0,0,9,120,,,,0.0,0.29,1.07,0.87,11.64,20,49,51
594,u,0.0,0.0,4.5,505,312.0,0,0.0,0,0.0,0.0,729,306.0,0,0,0.0,744.0,314.0,0,0,0.0,683.0,278.0,0.0,0.0,0.0,0,0,2815,0,0.0,0.0,0.0,0.0,0.0,0.0,0.0,0.0,0.0,0.0,0.0,744.0,314.0,0.0,738.0,314.0,0.0,720.0,307.0,0.0,744.0,314.0,,,,26,,Yang,Min-hyeok,Min-hyeok,has joined Coventry City on loan for the rest of the season.,,0,0,0,0,0,0,0,0,0,0,0,0,0,,,,0.0,0.0,0.0,0.0,0.0,0,0,0
595,a,,,4.3,599,351.0,0,0.0,-2,2.0,0.2,369,125.0,0,0,0.0,644.0,242.0,0,0,0.0,559.0,191.0,0.0,0.0,0.0,22947,37,28779,22,-1.0,0.0,0.0,0.0,0.0,0.0,0.0,0.0,0.0,0.0,0.0,635.0,233.0,0.0,630.0,238.0,0.0,600.0,222.0,0.0,637.0,235.0,,,,26,,Callum,Olusesi,Olusesi,,,0,0,0,0,0,0,0,0,0,0,0,0,0,,,,0.0,0.0,0.0,0.0,0.0,0,0,0
596,a,100.0,100.0,7.2,29,12.0,0,0.0,-3,3.0,1.4,163,28.0,21,2,3.0,198.0,22.0,3,88,3.8,47.0,5.0,0.5,2.9,0.0,118688,376,474163,414,2.8,3.8,1.2,0.16,1.36,8.26,0.27,0.04,0.31,1.83,94.2,341.0,35.0,37.4,352.0,43.0,122.0,206.0,43.0,25.3,333.0,39.0,,,2.0,26,,Dominic,Solanke-Mitchell,Solanke,,,407,2,0,0,8,0,0,0,1,0,0,4,27,,,,0.0,0.0,1.77,0.88,5.97,10,10,7
597,i,0.0,0.0,6.3,66,21.0,0,0.0,-2,2.0,5.5,66,13.0,75,0,3.6,114.0,12.0,9,336,0.0,803.0,85.0,0.0,11.9,0.0,2946051,5,3024093,668,0.0,0.0,4.8,1.22,6.02,17.99,0.34,0.09,0.43,1.27,381.8,98.0,8.0,159.3,175.0,14.0,464.0,23.0,13.0,100.4,56.0,11.0,,,3.0,26,,Richarlison,de Andrade,Richarlison,Hamstring injury - Expected back 01 Mar,,1276,7,3,5,19,0,0,0,4,0,0,13,98,,,,0.0,0.35,1.34,0.92,6.91,15,46,37
598,u,0.0,0.0,4.5,470,67.0,0,0.0,0,0.0,0.0,670,86.0,0,0,0.0,718.0,76.0,0,0,0.0,652.0,65.0,0.0,0.0,0.0,0,0,5087,0,0.0,0.0,0.0,0.0,0.0,0.0,0.0,0.0,0.0,0.0,0.0,715.0,76.0,0.0,710.0,75.0,0.0,689.0,75.0,0.0,716.0,76.0,,,,26,,Will,Lankshear,Lankshear,has joined Oxford United on loan for the rest of the season.,,0,0,0,0,0,0,0,0,0,0,0,0,0,,,,0.0,0.0,0.0,0.0,0.0,0,0,0
599,u,0.0,0.0,4.3,594,83.0,0,0.0,-2,2.0,0.6,243,39.0,2,0,1.0,456.0,57.0,0,5,0.2,369.0,47.0,0.0,0.5,0.0,60820,0,106058,62,0.0,0.0,0.0,0.01,0.01,0.03,0.0,0.13,0.13,0.39,1.0,491.0,60.0,4.1,439.0,58.0,2.0,434.0,60.0,0.7,479.0,60.0,,,,26,,Dane,Scarlett,Scarlett,has joined Hibernian on loan for the rest of the season.,,7,0,0,0,0,0,0,0,0,0,0,0,1,,,,0.0,0.0,0.0,0.0,12.86,0,0,1
673,a,100.0,100.0,5.5,137,85.0,0,0.0,0,0.0,0.8,202,68.0,84,1,3.7,101.0,46.0,11,353,1.2,244.0,103.0,0.2,15.3,0.0,366258,39,351326,112,0.2,1.2,1.11,0.55,1.66,23.12,0.07,0.03,0.1,1.38,423.8,74.0,23.0,87.3,256.0,155.0,147.0,165.0,93.0,66.0,149.0,83.0,,,,26,,João Maria,Lobo Alves Palhares Costa Palhinha Gonçalves,J.Palhinha,,,1513,3,3,4,24,0,0,0,6,0,0,16,206,,,,0.0,0.24,1.43,0.95,12.25,83,64,59
717,a,100.0,100.0,6.5,54,35.0,0,0.0,-5,5.0,1.2,178,58.0,59,1,3.0,197.0,84.0,5,272,3.0,100.0,45.0,0.5,9.1,0.0,799640,263,715891,282,2.0,3.0,2.06,3.35,5.41,23.94,0.14,0.22,0.36,1.57,250.2,199.0,84.0,344.6,54.0,44.0,181.0,127.0,72.0,77.7,112.0,61.0,5.0,,,26,,Xavi,Simons,Xavi,,,1370,1,4,3,27,0,0,0,4,1,0,15,125,,,,0.0,0.2,1.77,0.99,8.21,29,22,74
726,a,100.0,100.0,6.9,40,16.0,0,0.0,-1,1.0,0.3,298,47.0,28,1,1.6,395.0,48.0,0,76,1.2,251.0,33.0,0.2,4.1,0.0,117819,32,108879,88,0.2,1.2,1.29,1.11,2.4,15.9,0.11,0.1,0.21,1.4,75.8,362.0,37.0,159.6,174.0,13.0,161.0,148.0,36.0,39.0,268.0,31.0,,,,26,,Randal,Kolo Muani,Kolo Muani,,,1019,0,0,3,19,0,0,0,2,0,0,12,69,,,,0.0,0.26,1.68,1.06,6.09,18,12,39
745,a,,,4.0,730,207.0,0,0.0,0,0.0,0.0,632,224.0,1,0,1.0,452.0,168.0,0,3,0.2,364.0,133.0,0.0,0.2,0.0,1825,5,1664,6,-0.8,0.2,0.0,0.0,0.0,0.0,0.0,0.0,0.0,0.0,0.4,496.0,177.0,0.5,466.0,171.0,0.0,573.0,239.0,0.1,500.0,178.0,,,,26,,Jun'ai,Byfield,Byfield,,,1,0,0,0,0,0,0,0,0,0,0,0,0,,,,0.0,0.0,0.0,0.0,0.0,0,0,0
750,a,,,4.0,694,178.0,0,0.0,0,0.0,0.0,657,229.0,0,0,0.0,597.0,221.0,0,0,0.0,495.0,195.0,0.0,0.0,0.0,1530,8,1259,8,-1.0,0.0,0.0,0.0,0.0,0.0,0.0,0.0,0.0,0.0,0.0,588.0,221.0,0.0,580.0,221.0,0.0,542.0,215.0,0.0,590.0,221.0,,,,26,,James,Rowswell,Rowswell,,,0,0,0,0,0,0,0,0,0,0,0,0,0,,,,0.0,0.0,0.0,0.0,0.0,0,0,0
751,u,0.0,0.0,4.5,489,299.0,0,0.0,0,0.0,0.0,767,331.0,0,0,0.0,732.0,304.0,0,0,0.0,670.0,267.0,0.0,0.0,0.0,675,0,572,2,0.0,0.0,0.0,0.0,0.0,0.0,0.0,0.0,0.0,0.0,0.0,731.0,303.0,0.0,725.0,303.0,0.0,706.0,295.0,0.0,731.0,303.0,,,,26,,Yusuf,Akhamrich,Akhamrich,has joined Bristol Rovers on loan for the rest of the season.,,0,0,0,0,0,0,0,0,0,0,0,0,0,,,,0.0,0.0,0.0,0.0,0.0,0,0,0
790,a,,,4.5,502,309.0,0,0.0,0,0.0,0.0,774,335.0,0,0,0.0,741.0,311.0,0,0,0.0,680.0,275.0,0.0,0.0,0.0,473,4,184,4,-1.0,0.0,0.0,0.0,0.0,0.0,0.0,0.0,0.0,0.0,0.0,741.0,311.0,0.0,735.0,311.0,0.0,717.0,304.0,0.0,741.0,311.0,,,,26,,Lucá,Williams-Barnett,Williams-Barnett,,,0,0,0,0,0,0,0,0,0,0,0,0,0,,,,0.0,0.0,0.0,0.0,0.0,0,0,0
796,a,,,5.4,170,104.0,0,0.0,-1,1.0,0.2,401,133.0,15,2,3.0,192.0,81.0,0,78,3.0,94.0,44.0,0.6,2.8,0.0,33077,82,12692,118,2.0,3.0,0.56,0.46,1.02,9.54,0.12,0.1,0.22,2.08,68.6,374.0,167.0,71.3,284.0,163.0,80.0,255.0,137.0,22.0,347.0,166.0,,,,26,,Conor,Gallagher,Gallagher,,,412,0,1,0,9,0,0,0,0,0,0,5,44,,,,0.0,0.0,1.97,1.09,9.61,7,12,25
804,a,,,4.0,727,204.0,0,0.0,0,0.0,0.0,721,247.0,1,0,1.0,451.0,167.0,0,1,0.3,356.0,127.0,0.1,0.2,0.0,1369,12,249,5,-0.7,0.3,0.0,0.0,0.0,1.04,0.0,0.0,0.0,2.67,6.0,462.0,169.0,10.3,410.0,149.0,0.0,570.0,236.0,1.6,467.0,168.0,,,,26,,João Victor,de Souza Menezes,Souza,,,35,0,0,0,1,0,0,0,0,0,0,0,2,,,,0.0,0.0,2.57,0.0,5.14,0,2,2
811,a,,,4.5,463,279.0,0,0.0,0,0.0,0.0,805,356.0,0,0,0.0,714.0,291.0,0,0,0.0,647.0,249.0,0.0,0.0,0.0,157,4,23,2,-1.0,0.0,0.0,0.0,0.0,0.0,0.0,0.0,0.0,0.0,0.0,710.0,287.0,0.0,706.0,289.0,0.0,684.0,278.0,0.0,711.0,288.0,,,,26,,Rio,Kyerematen,Kyerematen,,,0,0,0,0,0,0,0,0,0,0,0,0,0,,,,0.0,0.0,0.0,0.0,0.0,0,0,0
326,a,,,5.1,226,139.0,0,0.0,-4,4.0,0.2,409,138.0,19,1,1.1,440.0,197.0,0,63,0.4,343.0,155.0,0.1,3.7,0.0,14936,35,34879,29,0.4,0.4,0.34,0.55,0.89,5.87,0.11,0.18,0.29,1.94,20.6,435.0,192.0,62.2,298.0,169.0,57.0,291.0,155.0,13.6,380.0,177.0,,,,26,,Adama,Traoré Diarra,Adama,,,272,0,0,0,9,0,0,0,1,0,0,1,14,,,,0.0,0.0,2.98,0.33,4.63,1,1,12
600,a,,,4.3,571,27.0,0,0.0,-2,2.0,2.2,125,17.0,51,0,2.5,263.0,22.0,2,220,1.4,214.0,19.0,0.3,11.9,0.0,175028,147,426856,260,1.4,1.4,0.0,0.0,0.0,35.3,0.0,0.0,0.0,1.76,570.4,25.0,8.0,10.0,413.0,6.0,0.0,592.0,66.0,57.9,184.0,7.0,,,,26,,Alphonse,Areola,Areola,,,1800,0,1,0,37,0,0,0,0,0,77,20,55,,,,3.85,0.0,1.85,1.0,0.0,0,30,142
601,u,0.0,0.0,4.0,660,42.0,0,0.0,0,0.0,0.2,350,50.0,0,0,0.0,570.0,63.0,0,0,0.0,466.0,54.0,0.0,0.0,0.0,3874,0,42044,6,0.0,0.0,0.0,0.0,0.0,0.0,0.0,0.0,0.0,0.0,0.0,561.0,63.0,0.0,551.0,49.0,0.0,512.0,34.0,0.0,563.0,63.0,,,,26,,Wes,Foderingham,Foderingham,has joined Aris Limassol permanently.,,0,0,0,0,0,0,0,0,0,0,0,0,0,,,,0.0,0.0,0.0,0.0,0.0,0,0,0
602,u,0.0,0.0,3.9,765,84.0,0,0.0,-1,1.0,0.2,361,53.0,0,0,0.0,552.0,52.0,0,0,0.0,447.0,43.0,0.0,0.0,0.0,11331,0,18679,9,0.0,0.0,0.0,0.0,0.0,0.0,0.0,0.0,0.0,0.0,0.0,543.0,52.0,0.0,532.0,37.0,0.0,492.0,22.0,0.0,545.0,52.0,,,,26,,Krisztián,Hegyi,Hegyi,has joined MTK Budapest on loan for the rest of the season.,,0,0,0,0,0,0,0,0,0,0,0,0,0,,,,0.0,0.0,0.0,0.0,0.0,0,0,0
603,a,100.0,100.0,4.0,725,202.0,0,0.0,-5,5.0,1.5,154,61.0,61,6,3.0,180.0,68.0,2,180,3.4,62.0,24.0,0.8,15.2,0.0,253706,532,877338,49,3.4,3.4,0.39,1.02,1.41,27.63,0.02,0.06,0.08,1.51,326.0,134.0,61.0,198.9,137.0,35.0,64.0,278.0,82.0,59.0,181.0,58.0,,,,26,,El Hadji Malick,Diouf,Diouf,,,1644,0,5,4,32,0,0,0,4,0,0,18,169,,,,0.0,0.22,1.75,0.99,7.34,25,109,62
604,u,0.0,0.0,4.4,522,102.0,0,0.0,-1,1.0,0.1,581,208.0,0,0,0.0,660.0,249.0,0,0,0.0,581.0,234.0,0.0,0.0,0.0,1719,0,20729,0,0.0,0.0,0.0,0.0,0.0,0.0,0.0,0.0,0.0,0.0,0.0,651.0,249.0,0.0,647.0,249.0,0.0,619.0,248.0,0.0,653.0,249.0,,,,26,,Emerson,Palmieri dos Santos,Emerson,has joined Marseille permanently.,,0,0,0,0,0,0,0,0,0,0,0,0,0,,,,0.0,0.0,0.0,0.0,0.0,0,0,0
605,a,,,4.2,631,145.0,0,0.0,-3,3.0,0.2,416,151.0,36,0,1.7,366.0,134.0,0,80,0.4,327.0,119.0,0.1,8.6,0.0,29770,6,48758,16,0.4,0.4,0.56,0.25,0.81,33.28,0.03,0.01,0.04,1.92,392.4,91.0,41.0,55.8,314.0,107.0,60.0,285.0,85.0,50.9,216.0,71.0,,,,26,,Maximilian,Kilman,Kilman,,,1559,0,0,1,37,0,0,0,4,0,0,17,191,,,,0.0,0.06,2.14,0.98,9.24,16,144,43
606,a,100.0,100.0,4.4,534,113.0,0,0.0,-1,1.0,0.1,517,182.0,53,2,2.8,217.0,83.0,0,158,3.8,38.0,15.0,0.9,12.0,0.0,17038,28,16566,5,3.8,3.8,1.01,0.36,1.37,25.35,0.06,0.02,0.08,1.48,370.2,106.0,47.0,12.3,400.0,146.0,135.0,176.0,40.0,51.7,212.0,68.0,,,,26,,Konstantinos,Mavropanos,Mavropanos,,,1541,0,0,2,28,1,0,0,2,0,0,16,203,,,,0.0,0.12,1.64,0.93,10.69,22,161,59
607,u,0.0,0.0,4.4,527,107.0,0,0.0,-1,1.0,0.0,609,216.0,3,0,1.5,401.0,146.0,0,-1,0.0,584.0,237.0,0.0,0.7,0.0,1288,0,12291,0,0.0,0.0,0.1,0.03,0.13,3.42,0.05,0.02,0.07,1.71,39.0,408.0,153.0,3.9,441.0,160.0,8.0,399.0,148.0,5.1,434.0,155.0,,,,26,,Nayef,Aguerd,N.Aguerd,has joined Marseille permanently.,,180,0,0,0,8,0,0,0,0,0,0,2,23,,,,0.0,0.0,4.0,1.0,7.5,1,14,8
608,a,100.0,100.0,4.3,605,139.0,0,0.0,-2,2.0,0.0,615,219.0,21,1,1.8,352.0,129.0,0,86,1.8,176.0,63.0,0.4,4.9,0.0,4791,4,6365,8,1.8,1.8,0.18,0.32,0.5,13.28,0.02,0.04,0.06,1.83,134.6,299.0,116.0,60.6,305.0,101.0,22.0,360.0,122.0,21.7,349.0,120.0,,,,26,,Ollie,Scarles,Scarles,,,654,0,1,0,16,0,0,0,1,0,0,9,73,,,,0.0,0.0,2.2,1.24,9.91,29,43,35
609,s,0.0,0.0,4.3,587,133.0,0,0.0,-2,2.0,0.1,486,174.0,31,0,1.7,367.0,135.0,0,112,1.2,235.0,87.0,0.3,7.2,0.0,11218,2,19162,17,0.0,0.0,0.25,0.29,0.54,28.74,0.01,0.02,0.03,1.7,333.0,127.0,56.0,64.5,292.0,95.0,22.0,359.0,121.0,42.0,256.0,86.0,,,,26,,Jean-Clair,Todibo,Todibo,Suspended until 21 Feb,,1521,0,1,0,33,0,0,0,4,1,0,18,152,,,,0.0,0.0,1.95,1.07,8.17,33,105,76
610,a,100.0,100.0,4.1,654,159.0,0,0.0,-4,4.0,4.4,79,26.0,48,2,2.8,214.0,81.0,0,153,4.6,17.0,3.0,1.1,11.7,0.0,212247,1233,2276704,130,4.6,4.6,0.0,0.74,0.74,26.1,0.0,0.05,0.05,1.61,324.6,137.0,63.0,249.9,102.0,25.0,24.0,353.0,118.0,60.1,174.0,55.0,,,,26,,Aaron,Wan-Bissaka,Wan-Bissaka,,,1461,0,3,1,31,0,0,0,2,0,0,16,145,,,,0.0,0.06,1.91,0.99,8.07,23,108,45
611,u,0.0,0.0,4.0,704,183.0,0,0.0,0,0.0,0.1,548,196.0,0,0,0.0,605.0,224.0,0,0,0.0,503.0,198.0,0.0,0.0,0.0,0,0,13092,1,0.0,0.0,0.0,0.0,0.0,0.0,0.0,0.0,0.0,0.0,0.0,596.0,224.0,0.0,588.0,224.0,0.0,550.0,218.0,0.0,598.0,224.0,,,,26,,Kaelan,Casey,Casey,has joined Leyton Orient on loan for the rest of the season.,,0,0,0,0,0,0,0,0,0,0,0,0,0,,,,0.0,0.0,0.0,0.0,0.0,0,0,0
612,u,0.0,0.0,5.9,97,62.0,0,0.0,-1,1.0,1.2,180,60.0,69,0,3.8,92.0,42.0,8,291,0.0,796.0,355.0,0.0,11.7,0.0,897173,0,965405,206,0.0,0.0,2.85,2.0,4.85,24.22,0.17,0.12,0.29,1.44,374.6,101.0,32.0,397.2,41.0,38.0,186.0,123.0,71.0,95.7,66.0,42.0,,,,26,,Lucas,Tolentino Coelho de Lima,L.Paquetá,has joined Flamengo permanently.,,1513,4,2,3,33,0,0,0,5,1,0,18,146,,,,0.0,0.18,1.96,1.07,8.68,40,30,76
613,a,100.0,100.0,5.7,116,73.0,0,0.0,-3,3.0,0.2,345,115.0,59,7,2.6,253.0,107.0,4,238,3.4,71.0,30.0,0.6,10.4,0.0,31525,69,105569,12,3.4,3.4,3.2,0.36,3.56,23.37,0.25,0.03,0.28,1.8,257.6,194.0,81.0,105.5,229.0,144.0,239.0,85.0,52.0,60.3,171.0,94.0,,,,26,,Tomáš,Souček,Souček,,,1166,3,2,2,28,0,0,0,1,1,0,12,130,,,,0.0,0.15,2.16,0.93,10.03,21,70,39
615,a,100.0,100.0,5.6,130,80.0,0,0.0,1,-1.0,2.3,122,39.0,77,3,3.7,102.0,47.0,7,280,7.8,3.0,2.0,1.4,13.8,0.0,349292,4731,62716,396,7.8,7.8,3.41,1.18,4.59,24.93,0.19,0.07,0.26,1.41,284.0,176.0,70.0,251.1,101.0,73.0,351.0,47.0,28.0,88.6,81.0,47.0,2.0,,,26,,Crysencio,Summerville,Summerville,,,1586,4,3,3,29,0,0,0,3,0,0,19,134,,,,0.0,0.17,1.65,1.08,7.6,26,36,72
616,u,0.0,0.0,4.9,311,194.0,0,0.0,-1,1.0,0.0,594,224.0,0,0,0.0,764.0,327.0,0,0,0.0,723.0,303.0,0.0,0.0,0.0,1147,0,16057,1,0.0,0.0,0.0,0.0,0.0,0.0,0.0,0.0,0.0,0.0,0.0,764.0,327.0,0.0,760.0,327.0,0.0,750.0,323.0,0.0,764.0,327.0,,,,26,,Edson,Álvarez Velázquez,Álvarez,Has joined Fenerbahçe on loan for the rest of the season.,,0,0,0,0,0,0,0,0,0,0,0,0,0,,,,0.0,0.0,0.0,0.0,0.0,0,0,0
617,u,0.0,0.0,4.9,290,179.0,0,0.0,-1,1.0,0.0,700,292.0,0,0,0.0,760.0,324.0,0,0,0.0,714.0,298.0,0.0,0.0,0.0,246,0,3207,0,0.0,0.0,0.0,0.0,0.0,0.0,0.0,0.0,0.0,0.0,0.0,760.0,324.0,0.0,756.0,324.0,0.0,745.0,319.0,0.0,760.0,324.0,,,,26,,Maxwel,Cornet,Cornet,has joined Genoa on loan for the rest of the season.,,0,0,0,0,0,0,0,0,0,0,0,0,0,,,,0.0,0.0,0.0,0.0,0.0,0,0,0
618,u,0.0,0.0,4.8,357,223.0,0,0.0,-2,2.0,0.0,606,233.0,8,0,1.3,422.0,189.0,0,30,0.2,380.0,169.0,0.0,1.7,0.0,2295,0,5937,1,0.0,0.0,0.03,0.04,0.07,2.59,0.02,0.02,0.04,1.33,9.8,452.0,201.0,6.0,433.0,211.0,2.0,440.0,215.0,1.7,465.0,210.0,,,,26,,Guido,Rodríguez,G.Rodriguez,has joined Valencia on loan for the rest of the season.,,175,0,0,1,2,0,0,0,1,0,0,2,15,,,,0.0,0.51,1.03,1.03,7.71,1,4,10
619,u,0.0,0.0,4.9,346,214.0,0,0.0,-1,1.0,0.0,679,277.0,5,0,1.0,488.0,225.0,0,11,0.0,740.0,315.0,0.0,1.0,0.0,868,0,3359,2,0.0,0.0,0.07,0.03,0.1,1.82,0.05,0.02,0.07,1.35,9.2,454.0,203.0,14.5,393.0,196.0,4.0,423.0,208.0,2.5,457.0,206.0,,,,26,,Luis Guilherme,Lira dos Santos,L.Guilherme,has joined Sporting CP permanently.,,121,0,0,0,2,0,0,0,0,0,0,1,11,,,,0.0,0.0,1.49,0.74,8.18,1,2,8
620,u,0.0,0.0,4.5,447,267.0,0,0.0,0,0.0,0.0,604,231.0,1,0,1.0,470.0,210.0,0,3,0.0,636.0,239.0,0.0,0.2,0.0,3770,0,9342,7,0.0,0.0,0.0,0.01,0.01,0.73,0.0,0.11,0.11,8.21,0.0,700.0,277.0,1.5,452.0,218.0,2.0,438.0,213.0,0.4,487.0,223.0,,,,26,,George,Earthy,Earthy,has joined Bristol City on loan for the rest of the season.,,8,0,0,0,1,0,0,0,0,0,0,0,0,,,,0.0,0.0,11.25,0.0,0.0,0,0,0
621,u,0.0,0.0,4.3,583,344.0,0,0.0,-2,2.0,0.2,352,118.0,9,0,1.3,420.0,187.0,0,49,0.0,552.0,185.0,0.0,2.1,0.0,43311,0,53348,23,0.0,0.0,0.0,0.17,0.17,4.03,0.0,0.1,0.1,2.32,31.6,417.0,185.0,52.3,320.0,178.0,2.0,433.0,211.0,8.6,411.0,186.0,3.0,,,26,,Andy,Irving,Irving,has joined Sparta Prague permanently.,,156,0,0,0,4,0,0,0,0,0,0,2,22,,,,0.0,0.0,2.31,1.15,12.69,6,2,14
622,u,0.0,0.0,4.4,549,329.0,0,0.0,-1,1.0,0.1,578,215.0,0,0,0.0,671.0,260.0,0,0,0.0,595.0,213.0,0.0,0.0,0.0,1052,0,11868,0,0.0,0.0,0.0,0.0,0.0,0.0,0.0,0.0,0.0,0.0,0.0,663.0,252.0,0.0,659.0,257.0,0.0,631.0,242.0,0.0,665.0,254.0,,,,26,,Lewis,Orford,Orford,has joined Stevenage on loan for the rest of the season.,,0,0,0,0,0,0,0,0,0,0,0,0,0,,,,0.0,0.0,0.0,0.0,0.0,0,0,0
623,a,100.0,100.0,4.4,545,325.0,0,0.0,-1,1.0,0.7,222,76.0,34,3,1.8,355.0,158.0,0,205,1.0,257.0,108.0,0.2,7.7,0.0,141564,93,147182,77,1.0,1.0,0.21,1.05,1.26,20.0,0.02,0.09,0.11,1.65,169.8,266.0,114.0,127.0,203.0,135.0,37.0,320.0,168.0,33.4,293.0,144.0,1.0,,,26,,Freddie,Potts,Potts,,,1094,0,1,1,23,0,0,0,1,0,0,11,112,,,,0.0,0.08,1.89,0.9,9.21,28,46,38
624,a,,,7.7,19,6.0,0,0.0,-3,3.0,8.6,44,8.0,120,5,4.6,33.0,5.0,21,468,6.0,9.0,2.0,0.8,15.6,0.0,2205017,1329,2980693,2943,6.0,6.0,5.77,2.45,8.22,41.73,0.22,0.09,0.31,1.61,534.8,37.0,3.0,319.0,68.0,2.0,637.0,8.0,6.0,148.9,14.0,3.0,,1.0,2.0,26,,Jarrod,Bowen,Bowen,,,2329,8,4,3,47,0,0,0,3,0,0,26,177,,,,0.0,0.12,1.82,1.0,6.84,30,42,105
625,u,0.0,0.0,5.6,123,34.0,0,0.0,-4,4.0,0.6,242,38.0,12,0,1.5,410.0,50.0,0,28,0.0,791.0,83.0,0.0,2.1,0.0,47611,0,391587,26,0.0,0.0,0.93,0.21,1.14,8.59,0.21,0.05,0.26,1.9,26.0,426.0,49.0,85.1,260.0,25.0,130.0,190.0,42.0,23.8,339.0,41.0,,,,26,,Niclas,Füllkrug,Füllkrug,has joined AC Milan on loan for the rest of the season.,,407,0,0,1,11,0,0,0,0,0,0,5,19,,,,0.0,0.22,2.43,1.11,4.2,2,7,10
626,u,0.0,0.0,4.3,611,85.0,0,0.0,-2,2.0,0.5,252,40.0,2,0,1.0,459.0,58.0,0,0,0.0,569.0,55.0,0.0,0.5,0.0,63604,0,103565,34,0.0,0.0,0.13,0.0,0.13,1.55,0.2,0.0,0.2,2.41,1.2,487.0,58.0,0.1,480.0,61.0,7.0,409.0,58.0,0.8,477.0,59.0,,,,26,,Callum,Marshall,Marshall,has joined VfL Bochum 1848 on loan for the rest of the season.,,58,0,0,0,2,0,0,0,0,0,0,0,3,,,,0.0,0.0,3.1,0.0,4.66,0,2,1
659,a,,,4.2,629,143.0,0,0.0,-3,3.0,0.3,340,123.0,32,1,1.8,351.0,128.0,0,118,0.4,326.0,118.0,0.1,7.6,0.0,29930,7,51226,21,0.4,0.4,1.13,0.26,1.39,21.13,0.11,0.02,0.13,1.99,203.2,237.0,94.0,87.9,254.0,76.0,98.0,229.0,61.0,39.0,267.0,90.0,,,,26,,Kyle,Walker-Peters,Walker-Peters,,,954,1,0,1,22,0,0,0,2,0,0,10,95,,,,0.0,0.09,2.08,0.94,6.79,34,38,42
671,a,,,5.8,103,30.0,0,0.0,-2,2.0,0.6,240,37.0,62,1,2.8,231.0,26.0,7,227,2.0,167.0,23.0,0.3,10.7,0.0,200560,83,205033,122,2.0,2.0,4.83,0.16,4.99,17.44,0.48,0.02,0.5,1.72,218.4,221.0,18.0,71.9,283.0,29.0,320.0,56.0,21.0,60.2,173.0,20.0,,,,26,,Callum,Wilson,Wilson,,,915,5,2,1,18,0,0,0,0,0,0,9,32,,,,0.0,0.1,1.77,0.89,3.15,3,7,22
679,a,,,4.2,638,36.0,0,0.0,-3,3.0,0.2,359,52.0,21,2,3.5,117.0,12.0,3,72,2.4,126.0,14.0,0.6,5.0,0.0,18216,148,36799,15,2.4,2.4,0.0,0.01,0.01,7.41,0.0,0.0,0.0,1.24,117.0,315.0,25.0,0.0,618.0,79.0,0.0,585.0,65.0,11.7,393.0,25.0,,,,26,,Mads,Hermansen,Hermansen,,,540,0,0,2,12,0,0,0,0,0,15,6,34,,,,2.5,0.33,2.0,1.0,0.0,0,11,53
708,a,100.0,100.0,5.5,154,95.0,0,0.0,0,0.0,0.4,274,95.0,95,3,4.0,69.0,31.0,6,459,6.4,6.0,5.0,1.2,17.3,0.0,87881,422,43563,117,6.4,6.4,1.16,1.88,3.04,31.86,0.05,0.09,0.14,1.48,472.8,58.0,16.0,433.5,32.0,30.0,91.0,239.0,130.0,99.9,58.0,37.0,4.0,,,26,,Mateus Gonçalo,Espanha Fernandes,M.Fernandes,,,1943,3,3,3,34,0,0,0,4,0,0,23,253,,,,0.0,0.14,1.57,1.07,11.72,67,63,123
718,a,,,5.0,277,171.0,0,0.0,0,0.0,0.0,655,264.0,34,1,2.3,292.0,126.0,2,165,0.2,386.0,173.0,0.0,6.8,0.0,5154,1,4367,3,0.2,0.2,0.31,0.3,0.61,15.06,0.04,0.04,0.08,1.82,149.6,282.0,124.0,66.4,287.0,165.0,37.0,323.0,171.0,25.3,332.0,160.0,,,,26,,Soungoutou,Magassa,S.Magassa,,,743,1,0,1,19,0,0,0,2,0,0,9,103,,,,0.0,0.12,2.3,1.09,12.48,35,25,43
738,d,25.0,25.0,4.5,406,20.0,0,0.0,0,0.0,0.0,630,79.0,0,0,0.0,684.0,91.0,0,0,0.0,611.0,87.0,0.0,0.0,0.0,5754,1,5352,4,0.0,0.0,0.0,0.0,0.0,0.0,0.0,0.0,0.0,0.0,0.0,679.0,91.0,0.0,673.0,83.0,0.0,648.0,71.0,0.0,681.0,91.0,,,,26,,Lukasz,Fabianski,Fabianski,Back injury - 25% chance of playing,,0,0,0,0,0,0,0,0,0,0,0,0,0,,,,0.0,0.0,0.0,0.0,0.0,0,0,0
747,a,,,4.0,722,199.0,0,0.0,0,0.0,0.0,642,225.0,5,0,1.0,450.0,166.0,0,15,0.0,521.0,214.0,0.0,1.2,0.0,2277,2,1733,1,0.0,0.0,0.12,0.44,0.56,2.8,0.1,0.35,0.45,2.25,21.2,432.0,163.0,33.8,358.0,125.0,9.0,393.0,142.0,6.4,425.0,153.0,,,,26,,Ezra,Mayers,Mayers,,,112,0,0,0,3,0,0,0,0,0,0,0,5,,,,0.0,0.0,2.41,0.0,4.02,0,5,6
752,a,,,4.0,733,210.0,0,0.0,0,0.0,0.0,661,231.0,0,0,0.0,627.0,244.0,0,0,0.0,528.0,221.0,0.0,0.0,0.0,1732,3,1477,3,0.0,0.0,0.0,0.0,0.0,0.0,0.0,0.0,0.0,0.0,0.0,618.0,244.0,0.0,610.0,244.0,0.0,575.0,241.0,0.0,620.0,244.0,,,,26,,Airidas,Golambeckis,Golambeckis,,,0,0,0,0,0,0,0,0,0,0,0,0,0,,,,0.0,0.0,0.0,0.0,0.0,0,0,0
758,a,,,4.5,507,313.0,0,0.0,0,0.0,0.0,741,313.0,3,0,1.0,478.0,218.0,0,11,0.0,685.0,279.0,0.0,0.7,0.0,1528,4,917,1,0.0,0.0,0.03,0.02,0.05,0.54,0.17,0.11,0.28,3.04,4.4,468.0,212.0,10.9,407.0,202.0,4.0,420.0,206.0,1.7,464.0,209.0,,,,26,,Mohamadou,Kanté,Mohamadou Kanté,,,16,0,0,0,0,0,0,0,0,0,0,0,4,,,,0.0,0.0,0.0,0.0,22.5,1,0,3
785,a,,,5.5,153,40.0,0,0.0,0,0.0,0.0,689,88.0,8,0,1.6,392.0,47.0,0,21,1.4,224.0,26.0,0.3,1.5,0.0,4277,14,2539,15,1.4,1.4,0.34,0.07,0.41,3.74,0.12,0.03,0.15,1.35,19.6,437.0,51.0,53.4,318.0,34.0,21.0,369.0,54.0,9.4,406.0,50.0,,,,26,,Pablo Felipe,Pereira de Jesus,Pablo,,,250,0,0,0,4,0,0,0,0,0,0,3,25,,,,0.0,0.0,1.44,1.08,9.0,9,5,11
791,a,,,5.5,143,36.0,0,0.0,0,0.0,0.1,455,66.0,17,2,2.8,229.0,25.0,0,56,3.0,96.0,10.0,0.5,3.1,0.0,21827,108,7659,37,3.0,3.0,1.81,0.21,2.02,6.71,0.34,0.04,0.38,1.27,62.6,382.0,40.0,49.1,329.0,37.0,171.0,138.0,33.0,27.2,323.0,37.0,,,,26,,Valentín,Castellanos,Taty,,,475,1,1,2,6,0,0,0,2,0,0,6,25,,,,0.0,0.38,1.14,1.14,4.74,3,10,12
802,a,,,5.0,280,173.0,0,0.0,0,0.0,0.0,795,351.0,0,0,0.0,788.0,346.0,0,0,0.0,758.0,329.0,0.0,0.0,0.0,263,2,124,1,0.0,0.0,0.0,0.0,0.0,0.0,0.0,0.0,0.0,0.0,0.0,788.0,346.0,0.0,786.0,346.0,0.0,781.0,344.0,0.0,788.0,346.0,,,,26,,Keiber,Lamadrid,Lamadrid,,,0,0,0,0,0,0,0,0,0,0,0,0,0,,,,0.0,0.0,0.0,0.0,0.0,0,0,0
815,a,,,4.5,420,80.0,0,0.0,0,0.0,0.1,529,188.0,8,2,4.0,62.0,25.0,0,40,4.0,29.0,10.0,0.9,1.8,0.0,9572,272,734,16,4.0,4.0,0.02,0.0,0.02,1.97,0.01,0.0,0.01,0.98,16.8,441.0,165.0,0.2,478.0,174.0,9.0,394.0,143.0,2.6,456.0,165.0,,,,26,,Axel,Disasi,Disasi,,,180,0,0,1,1,0,0,0,0,0,0,2,13,,,,0.0,0.5,0.5,1.0,6.5,0,13,3
627,a,,,4.4,521,26.0,0,0.0,-1,1.0,0.1,426,64.0,21,0,1.8,353.0,27.0,0,117,0.0,580.0,86.0,0.0,4.8,0.0,19262,13,23357,11,0.0,-1.0,0.0,0.02,0.02,18.59,0.0,0.0,0.0,1.55,308.0,153.0,20.0,0.1,481.0,13.0,0.0,618.0,70.0,30.8,306.0,20.0,,,,26,,Sam,Johnstone,Johnstone,,,1080,0,0,0,24,1,0,0,0,0,39,12,71,,,,3.25,0.0,2.0,1.0,0.0,2,24,107
628,a,,,4.2,628,33.0,0,0.0,-3,3.0,1.2,177,22.0,30,0,2.3,288.0,24.0,2,130,1.8,174.0,16.0,0.4,7.1,0.0,86743,60,171919,95,1.8,2.6,0.0,0.03,0.03,17.57,0.0,0.0,0.0,1.35,234.2,211.0,21.0,10.0,412.0,5.0,0.0,582.0,62.0,24.6,336.0,21.0,,,,26,,José,Malheiro de Sá,José Sá,,,1170,0,0,2,24,0,0,0,1,0,26,13,40,,,,2.0,0.15,1.85,1.0,0.0,0,23,112
629,a,100.0,100.0,3.9,739,70.0,0,0.0,-1,1.0,0.5,262,34.0,0,0,0.0,535.0,38.0,0,0,0.0,429.0,29.0,0.0,0.0,0.0,17394,27,49929,14,0.0,-1.0,0.0,0.0,0.0,0.0,0.0,0.0,0.0,0.0,0.0,526.0,38.0,0.0,515.0,23.0,0.0,475.0,8.0,0.0,528.0,38.0,,,,26,,Daniel,Bentley,Bentley,,,0,0,0,0,0,0,0,0,0,0,0,0,0,,,,0.0,0.0,0.0,0.0,0.0,0,0,0
631,u,0.0,0.0,4.2,644,154.0,0,0.0,-3,3.0,0.1,444,164.0,23,0,1.6,379.0,141.0,0,86,0.5,316.0,112.0,0.1,5.5,0.0,24605,0,62747,11,0.0,0.0,0.57,0.4,0.97,18.26,0.05,0.03,0.08,1.49,312.2,146.0,64.0,76.0,277.0,88.0,75.0,261.0,75.0,46.4,233.0,77.0,,5.0,,26,,Emmanuel,Agbadou,Agbadou,has joined Besiktas permanently.,,1100,0,0,0,29,0,0,0,1,1,0,12,156,,,,0.0,0.0,2.37,0.98,10.23,32,93,65
632,a,100.0,100.0,4.4,520,101.0,0,0.0,-1,1.0,0.1,497,177.0,11,0,1.2,434.0,157.0,0,43,0.0,579.0,233.0,0.0,2.5,0.0,6226,1,19987,10,0.0,-1.0,0.09,0.19,0.28,12.04,0.01,0.03,0.04,1.68,110.6,325.0,123.0,50.4,324.0,111.0,18.0,374.0,130.0,18.0,364.0,127.0,,,,26,,Matt,Doherty,Doherty,,,644,0,0,1,14,0,0,0,4,0,0,9,63,,,,0.0,0.14,1.96,1.26,7.27,13,39,25
633,a,100.0,100.0,4.3,595,137.0,0,0.0,-2,2.0,0.2,351,126.0,53,0,2.4,275.0,107.0,4,206,1.7,190.0,67.0,0.4,12.3,0.0,44782,7,27936,89,1.7,2.4,0.46,2.16,2.62,22.63,0.03,0.13,0.16,1.34,338.4,123.0,54.0,435.0,31.0,2.0,117.0,209.0,52.0,89.3,77.0,18.0,2.0,,,26,,Hugo,Bueno López,H.Bueno,,,1516,0,2,3,27,0,0,0,1,0,0,16,142,,,,0.0,0.18,1.6,0.95,6.53,39,71,74
634,a,100.0,100.0,4.3,601,138.0,0,0.0,-2,2.0,0.1,467,170.0,27,0,1.7,368.0,136.0,1,107,1.5,209.0,76.0,0.3,6.3,0.0,12967,11,9574,28,1.5,2.0,1.41,0.28,1.69,19.87,0.1,0.02,0.12,1.46,243.4,203.0,81.0,100.3,235.0,66.0,172.0,134.0,26.0,51.5,214.0,69.0,,,,26,,Yerson,Mosquera Valdelamar,Mosquera,,,1226,0,0,2,25,2,0,0,9,0,0,14,131,,,,0.0,0.15,1.84,1.03,8.74,35,84,65
635,a,100.0,100.0,4.4,544,118.0,0,0.0,-1,1.0,0.1,566,203.0,18,0,1.8,354.0,130.0,0,39,0.8,272.0,99.0,0.2,4.1,0.0,9524,0,14586,6,0.8,0.6,1.1,0.29,1.39,5.86,0.2,0.05,0.25,1.06,78.2,357.0,135.0,59.1,309.0,103.0,134.0,178.0,41.0,27.3,321.0,109.0,,,,26,,Rodrigo,Martins Gomes,R.Gomes,,,496,1,0,0,10,0,0,0,0,0,0,5,38,,,,0.0,0.0,1.81,0.91,4.35,9,15,18
636,a,100.0,100.0,4.4,531,110.0,0,0.0,-1,1.0,0.1,440,163.0,53,0,3.3,139.0,49.0,2,166,1.7,191.0,68.0,0.4,12.0,0.0,26265,9,20750,35,1.7,2.4,1.61,0.86,2.47,20.95,0.1,0.06,0.16,1.36,330.8,130.0,58.0,61.7,301.0,99.0,122.0,203.0,49.0,51.4,215.0,70.0,,,,26,,Santiago,Ignacio Bueno,S.Bueno,,,1382,2,1,2,27,0,0,0,2,0,0,15,135,,,,0.0,0.13,1.76,0.98,7.75,35,84,34
637,d,25.0,25.0,4.2,643,153.0,0,0.0,-3,3.0,0.1,521,184.0,20,0,1.5,399.0,145.0,0,74,0.0,540.0,226.0,0.0,4.8,0.0,6880,1,19306,2,0.0,-0.2,0.04,0.21,0.25,17.96,0.0,0.02,0.02,1.7,212.2,228.0,90.0,77.4,271.0,82.0,29.0,345.0,112.0,31.9,302.0,103.0,,,,26,,Toti,Gomes,Toti,Hamstring injury - 25% chance of playing,,949,0,0,0,25,0,0,0,1,1,0,12,106,,,,0.0,0.0,2.37,1.14,7.97,14,70,37
638,u,0.0,0.0,3.8,794,243.0,0,0.0,-2,2.0,1.0,186,70.0,10,0,1.2,430.0,153.0,0,38,0.0,410.0,155.0,0.0,2.6,0.0,121813,0,252343,143,0.0,0.0,0.02,0.36,0.38,9.36,0.0,0.08,0.08,1.99,101.4,329.0,125.0,87.8,255.0,77.0,13.0,383.0,136.0,20.3,358.0,124.0,,,,26,,Ki-Jana,Hoever,Hoever,has joined Sheffield United on loan for the rest of the season.,,423,0,0,0,13,0,0,0,0,0,0,6,46,,,,0.0,0.0,2.77,1.28,8.51,13,27,16
639,u,0.0,0.0,4.0,711,189.0,0,0.0,0,0.0,0.0,758,259.0,0,0,0.0,611.0,229.0,0,0,0.0,510.0,204.0,0.0,0.0,0.0,0,0,865,0,0.0,0.0,0.0,0.0,0.0,0.0,0.0,0.0,0.0,0.0,0.0,602.0,229.0,0.0,594.0,229.0,0.0,557.0,224.0,0.0,604.0,229.0,,,,26,,Bastien,Meupiyou Menadjou,Meupiyou,On loan to FC Alverca,,0,0,0,0,0,0,0,0,0,0,0,0,0,,,,0.0,0.0,0.0,0.0,0.0,0,0,0
640,a,100.0,100.0,4.0,731,208.0,0,0.0,0,0.0,0.4,288,108.0,3,0,1.0,453.0,169.0,0,5,0.3,357.0,128.0,0.1,0.8,0.0,9435,12,88281,12,0.3,-0.4,0.0,0.0,0.0,0.79,0.0,0.0,0.0,23.7,0.2,498.0,178.0,0.5,467.0,172.0,2.0,431.0,162.0,0.2,497.0,177.0,,,,26,,Pedro,Cardoso de Lima,Pedro Lima,,,3,0,0,0,1,0,0,0,0,0,0,0,0,,,,0.0,0.0,30.0,0.0,0.0,0,0,1
641,u,0.0,0.0,3.9,771,225.0,0,0.0,-1,1.0,1.0,188,71.0,0,0,0.0,558.0,203.0,0,0,0.0,453.0,175.0,0.0,0.0,0.0,85684,0,142686,78,0.0,0.0,0.0,0.0,0.0,0.0,0.0,0.0,0.0,0.0,0.0,549.0,203.0,0.0,538.0,203.0,0.0,498.0,195.0,0.0,551.0,203.0,,,,26,,Alfie,Pond,Pond,has joined Crewe Alexandra on loan for the rest of the season.,,0,0,0,0,0,0,0,0,0,0,0,0,0,,,,0.0,0.0,0.0,0.0,0.0,0,0,0
642,i,0.0,0.0,5.6,126,77.0,0,0.0,-4,4.0,0.1,430,145.0,44,0,2.2,305.0,134.0,0,125,1.3,232.0,99.0,0.2,7.9,0.0,48335,1,54690,190,0.0,0.0,2.1,0.92,3.02,17.67,0.17,0.07,0.24,1.39,132.2,303.0,136.0,152.8,180.0,121.0,145.0,168.0,95.0,42.4,254.0,125.0,,,3.0,26,,Hwang,Hee-chan,Hee Chan,Calf injury - Unknown return date,,1144,2,1,2,22,0,0,0,3,0,0,15,68,,,,0.0,0.16,1.73,1.18,5.35,8,22,38
643,d,75.0,75.0,5.3,205,127.0,0,0.0,-2,2.0,0.1,535,194.0,53,0,2.3,295.0,129.0,1,281,1.0,264.0,112.0,0.2,10.0,0.0,12444,0,16684,20,0.8,0.8,0.19,0.67,0.86,27.34,0.01,0.04,0.05,1.46,247.6,200.0,85.0,207.7,130.0,90.0,16.0,381.0,192.0,47.1,229.0,116.0,,,,26,,André,Trindade da Costa Neto,André,Calf injury - 75% chance of playing,,1682,0,0,1,33,0,0,0,8,0,0,18,235,,,,0.0,0.05,1.77,0.96,12.57,50,61,124
644,a,100.0,100.0,5.1,231,142.0,0,0.0,-4,4.0,0.0,597,227.0,27,0,1.7,371.0,164.0,0,126,0.3,358.0,163.0,0.1,5.3,0.0,4889,4,10608,3,0.3,-0.4,0.75,0.61,1.36,13.33,0.09,0.08,0.17,1.68,118.0,314.0,141.0,112.4,216.0,139.0,95.0,231.0,126.0,32.4,299.0,145.0,3.0,4.0,,26,,Jean-Ricner,Bellegarde,Bellegarde,,,715,1,0,1,21,0,0,0,1,0,0,9,61,,,,0.0,0.13,2.64,1.13,7.68,19,20,22
645,u,0.0,0.0,5.1,241,147.0,0,0.0,-4,4.0,0.0,652,263.0,12,0,1.3,426.0,193.0,0,38,0.0,766.0,335.0,0.0,2.4,0.0,1383,0,4827,3,0.0,0.0,0.16,0.61,0.77,3.98,0.06,0.24,0.3,1.57,29.0,422.0,188.0,61.0,303.0,171.0,37.0,324.0,172.0,12.4,390.0,180.0,,,,26,,Fer,López González,Fer López,has joined Celta Vigo on loan for the rest of the season.,,228,0,1,0,9,0,0,0,1,0,0,2,12,,,,0.0,0.0,3.55,0.79,4.74,1,1,10
646,a,100.0,100.0,5.3,199,124.0,0,0.0,-2,2.0,0.4,284,99.0,62,0,2.6,252.0,106.0,1,323,1.8,186.0,79.0,0.3,11.7,0.0,54372,21,23717,280,1.8,2.6,0.83,1.31,2.14,29.8,0.04,0.06,0.1,1.39,306.4,155.0,57.0,276.4,88.0,64.0,125.0,198.0,110.0,71.2,131.0,73.0,,,,26,,João Victor,Gomes da Silva,J.Gomes,,,1934,0,0,2,39,0,0,0,8,0,0,22,264,,,,0.0,0.09,1.81,1.02,12.29,69,65,130
647,u,0.0,0.0,5.5,140,86.0,0,0.0,0,0.0,0.0,786,345.0,0,0,0.0,803.0,357.0,0,0,0.0,788.0,349.0,0.0,0.0,0.0,0,0,796,0,0.0,0.0,0.0,0.0,0.0,0.0,0.0,0.0,0.0,0.0,0.0,803.0,357.0,0.0,802.0,357.0,0.0,799.0,356.0,0.0,803.0,357.0,,,,26,,Gonçalo Manuel,Ganchinho Guedes,Guedes,Has joined Real Sociedad permanently.,,0,0,0,0,0,0,0,0,0,0,0,0,0,,,,0.0,0.0,0.0,0.0,0.0,0,0,0
648,u,0.0,0.0,5.3,198,123.0,0,0.0,-2,2.0,0.0,624,243.0,38,0,2.9,208.0,87.0,1,131,0.0,773.0,339.0,0.0,7.2,0.0,19177,0,22967,2,0.0,0.0,1.64,0.38,2.02,13.36,0.17,0.04,0.21,1.38,163.6,269.0,116.0,61.8,300.0,170.0,196.0,114.0,66.0,42.1,255.0,126.0,,,,26,,Marshall,Munetsi,Munetsi,has joined Paris FC on loan for the rest of the season.,,872,1,2,0,19,0,0,0,2,0,0,9,80,,,,0.0,0.0,1.96,0.93,8.26,21,39,20
649,u,0.0,0.0,5.0,263,160.0,0,0.0,0,0.0,0.0,811,361.0,0,0,0.0,781.0,341.0,0,0,0.0,750.0,323.0,0.0,0.0,0.0,0,0,161,0,0.0,0.0,0.0,0.0,0.0,0.0,0.0,0.0,0.0,0.0,0.0,781.0,341.0,0.0,779.0,341.0,0.0,772.0,338.0,0.0,781.0,341.0,,,,26,,Boubacar,Traoré,B.Traore,Has joined FC Metz on loan for the rest of the season.,,0,0,0,0,0,0,0,0,0,0,0,0,0,,,,0.0,0.0,0.0,0.0,0.0,0,0,0
650,u,0.0,0.0,4.3,598,350.0,0,0.0,-2,2.0,0.2,364,122.0,2,0,1.0,457.0,199.0,0,4,0.0,558.0,190.0,0.0,0.5,0.0,30885,0,47056,20,0.0,0.0,0.0,0.0,0.0,0.5,0.0,0.0,0.0,1.8,3.2,473.0,216.0,0.3,475.0,230.0,0.0,599.0,221.0,0.4,485.0,222.0,,,,26,,Tawanda,Chirewa,Chirewa,has joined Barnsley on loan for the rest of the season.,,25,0,0,0,0,0,0,0,0,0,0,0,4,,,,0.0,0.0,0.0,0.0,14.4,2,1,1
651,a,,,4.3,615,361.0,0,0.0,-2,2.0,0.4,294,101.0,0,0,0.0,654.0,250.0,0,0,0.0,573.0,201.0,0.0,0.0,0.0,53723,30,62955,31,0.0,-1.0,0.0,0.0,0.0,0.0,0.0,0.0,0.0,0.0,0.0,645.0,241.0,0.0,641.0,246.0,0.0,612.0,231.0,0.0,647.0,243.0,,,,26,,Tom,Edozie,Edozie,,,0,0,0,0,0,0,0,0,0,0,0,0,0,,,,0.0,0.0,0.0,0.0,0.0,0,0,0
652,a,,,4.3,614,360.0,0,0.0,-2,2.0,1.3,167,54.0,0,0,0.0,653.0,249.0,0,0,0.0,572.0,200.0,0.0,0.0,0.0,190718,116,232622,79,0.0,-1.0,0.0,0.0,0.0,0.0,0.0,0.0,0.0,0.0,0.0,644.0,240.0,0.0,640.0,245.0,0.0,611.0,230.0,0.0,646.0,242.0,,,,26,,Enso,González Medina,Gonzalez,,,0,0,0,0,0,0,0,0,0,0,0,0,0,,,,0.0,0.0,0.0,0.0,0.0,0,0,0
653,u,0.0,0.0,4.5,424,254.0,0,0.0,0,0.0,0.0,660,267.0,0,0,0.0,693.0,271.0,0,0,0.0,622.0,227.0,0.0,0.0,0.0,0,0,5705,0,0.0,0.0,0.0,0.0,0.0,0.0,0.0,0.0,0.0,0.0,0.0,688.0,266.0,0.0,683.0,269.0,0.0,659.0,257.0,0.0,690.0,268.0,,,,26,,Joe,Hodge,Hodge,Signed by CD Tondela,,0,0,0,0,0,0,0,0,0,0,0,0,0,,,,0.0,0.0,0.0,0.0,0.0,0,0,0
655,u,0.0,0.0,4.9,331,61.0,0,0.0,-1,1.0,0.2,395,62.0,0,0,0.0,771.0,85.0,0,0,0.0,733.0,76.0,0.0,0.0,0.0,7178,0,55178,4,0.0,0.0,0.0,0.0,0.0,0.0,0.0,0.0,0.0,0.0,0.0,771.0,85.0,0.0,767.0,84.0,0.0,758.0,84.0,0.0,771.0,85.0,,,,26,,Fábio,Soares Silva,Fábio Silva,has joined Borussia Dortmund permanently.,,0,0,0,0,0,0,0,0,0,0,0,0,0,,,,0.0,0.0,0.0,0.0,0.0,0,0,0
656,u,0.0,0.0,4.9,324,59.0,0,0.0,-1,1.0,0.0,588,80.0,1,0,1.0,485.0,59.0,0,1,0.0,727.0,75.0,0.0,0.2,0.0,1691,0,10093,1,0.0,0.0,0.0,0.01,0.01,0.1,0.0,0.06,0.06,0.64,1.0,493.0,61.0,4.3,438.0,57.0,2.0,441.0,61.0,0.7,480.0,61.0,,,,26,,Saša,Kalajdžić,Kalajdžić,has joined LASK on loan for the rest of the season.,,14,0,0,0,0,0,0,0,0,0,0,0,2,,,,0.0,0.0,0.0,0.0,12.86,0,1,1
657,i,0.0,0.0,4.4,563,81.0,0,0.0,-1,1.0,0.0,653,83.0,0,0,0.0,680.0,74.0,0,0,0.0,606.0,63.0,0.0,0.0,0.0,4595,4,7034,2,0.0,0.0,0.0,0.0,0.0,0.0,0.0,0.0,0.0,0.0,0.0,674.0,74.0,0.0,669.0,73.0,0.0,643.0,73.0,0.0,676.0,74.0,,,,26,,Leon,Chiwome,Chiwome,Knee injury - Unknown return date,,0,0,0,0,0,0,0,0,0,0,0,0,0,,,,0.0,0.0,0.0,0.0,0.0,0,0,0
658,a,,,4.2,645,89.0,0,0.0,-3,3.0,1.9,134,21.0,0,0,0.0,634.0,63.0,0,0,0.0,541.0,51.0,0.0,0.0,0.0,256651,669,336245,177,0.0,-1.0,0.0,0.0,0.0,0.0,0.0,0.0,0.0,0.0,0.0,626.0,63.0,0.0,620.0,62.0,0.0,587.0,62.0,0.0,628.0,63.0,,,,26,,Nathan,Fraser,Fraser,,,0,0,0,0,0,0,0,0,0,0,0,0,0,,,,0.0,0.0,0.0,0.0,0.0,0,0,0
663,u,0.0,0.0,4.9,319,198.0,0,0.0,-6,6.0,0.1,423,143.0,45,0,2.0,327.0,146.0,2,175,0.5,318.0,140.0,0.1,9.2,0.0,20148,0,80636,34,0.0,0.0,3.38,0.62,4.0,16.0,0.27,0.05,0.32,1.29,171.0,265.0,113.0,204.0,133.0,92.0,148.0,160.0,90.0,52.1,210.0,106.0,1.0,1.0,,26,,Jhon,Arias,J.Arias,has joined Palmeiras permanently.,,1117,1,0,2,21,0,0,0,1,0,0,14,125,,,,0.0,0.16,1.69,1.13,10.07,43,24,58
682,a,,,4.2,640,151.0,0,0.0,-3,3.0,0.1,552,198.0,21,0,1.4,414.0,148.0,0,42,0.2,367.0,136.0,0.0,5.0,0.0,4433,3,9025,10,0.2,-0.6,0.13,0.99,1.12,14.1,0.02,0.13,0.15,1.8,115.4,320.0,120.0,106.1,227.0,61.0,44.0,310.0,99.0,26.7,329.0,113.0,,,,26,,David,Møller Wolfe,Møller Wolfe,,,704,0,2,0,19,0,0,0,1,0,0,8,37,,,,0.0,0.0,2.43,1.02,4.09,5,27,17
695,a,,,4.4,551,119.0,0,0.0,-1,1.0,0.0,645,226.0,36,0,1.6,382.0,142.0,0,96,1.0,258.0,93.0,0.2,8.2,0.0,5784,0,5525,3,1.0,1.0,0.26,0.97,1.23,16.44,0.02,0.07,0.09,1.2,210.2,232.0,91.0,223.3,120.0,31.0,36.0,326.0,102.0,47.0,231.0,75.0,,,,26,,Jackson,Tchatchoua,Tchatchoua,,,1236,0,0,2,25,0,0,0,2,0,0,12,101,,,,0.0,0.15,1.82,0.87,5.53,22,54,44
709,a,100.0,100.0,4.5,427,84.0,0,0.0,0,0.0,0.1,523,185.0,47,0,2.5,265.0,104.0,0,165,1.3,228.0,85.0,0.3,10.4,0.0,22977,9,16954,24,1.3,1.6,1.97,1.27,3.24,24.22,0.11,0.07,0.18,1.35,379.2,99.0,45.0,112.5,215.0,54.0,198.0,109.0,16.0,69.1,139.0,45.0,,,,26,,Ladislav,Krejcí,Krejčí,,,1617,2,1,2,32,1,0,0,2,0,0,18,145,,,,0.0,0.11,1.78,1.0,6.79,18,104,53
720,a,,,5.4,177,44.0,0,0.0,-1,1.0,0.3,322,53.0,45,0,2.1,316.0,35.0,4,139,2.2,150.0,20.0,0.4,8.3,0.0,58634,53,24097,146,2.2,3.4,2.8,0.3,3.1,13.92,0.27,0.03,0.3,1.35,132.6,302.0,28.0,121.0,207.0,20.0,356.0,46.0,19.0,60.2,172.0,19.0,,2.0,,26,,Tolu,Arokodare,Tolu,,,928,2,1,2,22,0,0,0,1,0,0,10,49,,,,0.0,0.19,2.13,0.97,4.75,5,24,20
749,a,,,4.6,405,66.0,0,0.0,1,-1.0,3.1,105,18.0,42,0,3.0,186.0,19.0,6,169,1.3,229.0,27.0,0.3,9.1,0.0,498568,736,113979,810,1.3,1.6,1.04,1.28,2.32,13.12,0.12,0.14,0.26,1.47,172.2,264.0,23.0,179.3,154.0,11.0,148.0,159.0,37.0,49.9,221.0,27.0,,,,26,,Mateus,Mané,Mané,,,806,2,2,2,15,0,0,0,0,0,0,8,54,,,,0.0,0.22,1.67,0.89,6.03,12,13,29
766,a,,,4.0,721,198.0,0,0.0,0,0.0,0.0,673,234.0,0,0,0.0,620.0,237.0,0,0,0.0,520.0,213.0,0.0,0.0,0.0,2281,11,1059,6,0.0,-1.0,0.0,0.0,0.0,0.0,0.0,0.0,0.0,0.0,0.0,611.0,237.0,0.0,603.0,237.0,0.0,566.0,232.0,0.0,613.0,237.0,,,,26,,Saheed,Olagunju,Olagunju,,,0,0,0,0,0,0,0,0,0,0,0,0,0,,,,0.0,0.0,0.0,0.0,0.0,0,0,0
767,a,,,4.5,496,304.0,0,0.0,0,0.0,0.0,766,330.0,0,0,0.0,738.0,308.0,0,0,0.0,676.0,271.0,0.0,0.0,0.0,899,7,525,2,0.0,-1.0,0.0,0.0,0.0,0.0,0.0,0.0,0.0,0.0,0.0,737.0,307.0,0.0,731.0,307.0,0.0,713.0,300.0,0.0,737.0,307.0,,,,26,,Luke,Rawlings,Rawlings,,,0,0,0,0,0,0,0,0,0,0,0,0,0,,,,0.0,0.0,0.0,0.0,0.0,0,0,0
777,u,0.0,0.0,4.5,456,272.0,0,0.0,0,0.0,0.0,794,350.0,0,0,0.0,709.0,286.0,0,0,0.0,642.0,244.0,0.0,0.0,0.0,415,0,270,1,0.0,0.0,0.0,0.0,0.0,0.0,0.0,0.0,0.0,0.0,0.0,705.0,282.0,0.0,701.0,284.0,0.0,679.0,273.0,0.0,706.0,283.0,,,,26,,Temple,Ojinnaka,Ojinnaka,has joined Shrewsbury Town on loan for the rest of the season.,,0,0,0,0,0,0,0,0,0,0,0,0,0,,,,0.0,0.0,0.0,0.0,0.0,0,0,0
778,a,,,4.5,488,298.0,0,0.0,0,0.0,0.0,754,322.0,0,0,0.0,731.0,303.0,0,0,0.0,669.0,266.0,0.0,0.0,0.0,1090,3,537,3,0.0,-1.0,0.0,0.0,0.0,0.0,0.0,0.0,0.0,0.0,0.0,730.0,302.0,0.0,724.0,302.0,0.0,705.0,294.0,0.0,730.0,302.0,,,,26,,Ethan,Sutherland,Sutherland,,,0,0,0,0,0,0,0,0,0,0,0,0,0,,,,0.0,0.0,0.0,0.0,0.0,0,0,0
809,a,,,4.5,516,319.0,0,0.0,0,0.0,0.0,777,338.0,0,0,0.0,751.0,319.0,0,0,0.0,694.0,285.0,0.0,0.0,0.0,440,12,60,1,0.0,-1.0,0.0,0.0,0.0,0.0,0.0,0.0,0.0,0.0,0.0,751.0,319.0,0.0,745.0,319.0,0.0,728.0,313.0,0.0,751.0,319.0,,,,26,,Jerome,Abbey,Abbey,,,0,0,0,0,0,0,0,0,0,0,0,0,0,,,,0.0,0.0,0.0,0.0,0.0,0,0,0
816,a,,,5.0,250,151.0,0,0.0,0,0.0,0.0,649,261.0,2,0,2.0,328.0,147.0,0,25,0.7,284.0,121.0,0.1,0.4,0.0,3813,10,203,17,0.7,0.4,0.0,0.06,0.06,2.86,0.0,0.07,0.07,3.3,16.0,445.0,197.0,26.3,374.0,191.0,0.0,768.0,334.0,4.2,443.0,200.0,,,,26,,Angel,Gomes,Angel,,,78,0,0,0,3,0,0,0,0,0,0,1,10,,,,0.0,0.0,3.46,1.15,11.54,2,2,6
817,a,,,5.5,138,35.0,0,0.0,0,0.0,0.1,485,70.0,4,0,4.0,68.0,8.0,0,14,1.3,231.0,28.0,0.2,0.7,0.0,12906,25,757,47,1.3,1.6,0.0,0.35,0.35,3.44,0.0,0.35,0.35,3.44,16.6,442.0,52.0,11.3,405.0,54.0,4.0,427.0,59.0,3.2,449.0,56.0,,,,26,,Adam,Armstrong,Armstrong,,,90,0,1,0,3,0,0,0,1,0,0,1,0,,,,0.0,0.0,3.0,1.0,0.0,0,0,0
