id,first_name,second_name,web_name,status,news,news_added,now_cost,now_cost_rank,now_cost_rank_type,selected_by_percent,selected_rank,selected_rank_type,form,form_rank,form_rank_type,event_points,cost_change_event,cost_change_event_fall,cost_change_start,cost_change_start_fall,transfers_in_event,transfers_out_event,value_form,value_season,ep_next,ep_this,points_per_game,points_per_game_rank,points_per_game_rank_type,chance_of_playing_next_round,chance_of_playing_this_round,influence_rank,influence_rank_type,creativity_rank,creativity_rank_type,threat_rank,threat_rank_type,ict_index_rank,ict_index_rank_type,corners_and_indirect_freekicks_order,direct_freekicks_order,penalties_order,set_piece_threat,corners_and_indirect_freekicks_text,direct_freekicks_text,penalties_text,expected_goals_per_90,expected_assists_per_90,expected_goal_involvements_per_90,expected_goals_conceded_per_90,saves_per_90,clean_sheets_per_90,goals_conceded_per_90,starts_per_90,defensive_contribution_per_90,gw,total_points,minutes,goals_scored,assists,clean_sheets,goals_conceded,own_goals,penalties_saved,penalties_missed,yellow_cards,red_cards,saves,starts,bonus,bps,transfers_in,transfers_out,dreamteam_count,expected_goals,expected_assists,expected_goal_involvements,expected_goals_conceded,influence,creativity,threat,ict_index,tackles,clearances_blocks_interceptions,recoveries,defensive_contribution
795,Harry,Howell,Howell,a,,,4.5,483,298.0,0.0,792,352.0,0.0,668.0,267.0,0,0,0.0,0,0.0,4,2,0.0,0.0,0.0,0.0,0.0,718.0,300.0,,,716.0,298.0,711.0,298.0,694.0,293.0,716.0,298.0,,,,,,,,0.0,0.0,0.0,0.0,0.0,0.0,0.0,0.0,0.0,23,0,0,0,0,0,0,0,0,0,0,0,0,0,0,0,11,3,0.0,0.0,0.0,0.0,0.0,0.0,0.0,0.0,0.0,0,0,0,0
773,Dean,Benamar,Benamar,a,,,4.0,717,206.0,0.0,744,254.0,0.0,533.0,220.0,0,0,0.0,0,0.0,3,5,0.0,0.0,0.0,0.0,0.0,609.0,239.0,,,597.0,238.0,592.0,239.0,559.0,234.0,601.0,239.0,,,,,,,,0.0,0.0,0.0,0.0,0.0,0.0,0.0,0.0,0.0,23,0,0,0,0,0,0,0,0,0,0,0,0,0,0,0,9,12,0.0,0.0,0.0,0.0,0.0,0.0,0.0,0.0,0.0,0,0,0,0
780,Ben,Casey,Casey,a,,,4.5,498,69.0,0.0,725,86.0,0.0,680.0,70.0,0,0,0.0,0,0.0,23,16,0.0,0.0,0.0,0.0,0.0,729.0,79.0,,,728.0,79.0,723.0,78.0,706.0,78.0,728.0,79.0,,,,,,,,0.0,0.0,0.0,0.0,0.0,0.0,0.0,0.0,0.0,23,0,0,0,0,0,0,0,0,0,0,0,0,0,0,0,55,31,0.0,0.0,0.0,0.0,0.0,0.0,0.0,0.0,0.0,0,0,0,0
793,George,King,King,a,,,4.0,706,195.0,0.0,756,257.0,0.0,525.0,212.0,0,0,0.0,0,0.0,9,6,0.0,0.0,0.0,0.0,0.0,601.0,231.0,,,589.0,230.0,584.0,231.0,550.0,225.0,592.0,230.0,,,,,,,,0.0,0.0,0.0,0.0,0.0,0.0,0.0,0.0,0.0,23,0,0,0,0,0,0,0,0,0,0,0,0,0,0,0,21,13,0.0,0.0,0.0,0.0,0.0,0.0,0.0,0.0,0.0,0,0,0,0
798,Danny,Imray,Imray,a,,,4.0,684,178.0,0.0,788,261.0,0.0,505.0,197.0,0,0,0.0,0,0.0,7,0,0.0,0.0,0.0,0.0,0.0,582.0,217.0,,,570.0,216.0,565.0,217.0,530.0,210.0,573.0,216.0,,,,,,,,0.0,0.0,0.0,0.0,0.0,0.0,0.0,0.0,0.0,23,0,0,0,0,0,0,0,0,0,0,0,0,0,0,0,12,1,0.0,0.0,0.0,0.0,0.0,0.0,0.0,0.0,0.0,0,0,0,0
483,Miodrag,Pivaš,Pivas,a,,,3.8,799,260.0,0.4,273,102.0,0.0,432.0,168.0,0,0,0.0,-2,2.0,26,106,0.0,0.0,-0.5,0.0,0.0,511.0,190.0,,,499.0,189.0,491.0,190.0,454.0,181.0,502.0,189.0,,,,,,,,0.0,0.0,0.0,0.0,0.0,0.0,0.0,0.0,0.0,23,0,0,0,0,0,0,0,0,0,0,0,0,0,0,0,93,230,0.0,0.0,0.0,0.0,0.0,0.0,0.0,0.0,0.0,0,0,0,0
549,Dan,Neil,Neil,a,,,4.8,360,225.0,0.0,630,252.0,0.2,393.0,181.0,0,0,0.0,-2,2.0,2,5,0.0,0.6,0.2,0.2,1.0,466.0,218.0,,,461.0,213.0,441.0,215.0,723.0,312.0,472.0,218.0,,,,,,,,0.0,0.0,0.0,4.43,0.0,0.0,0.0,0.0,13.85,23,0,0,0,0,0,0,0,0,0,0,0,0,0,0,0,9,11,0.0,0.0,0.0,0.0,0.0,0.0,0.0,0.0,0.0,0,0,0,0
554,Abdoullah,Ba,Ba,a,,,4.3,581,340.0,0.4,280,94.0,0.0,562.0,195.0,0,0,0.0,-2,2.0,45,152,0.0,0.0,0.0,0.0,0.0,624.0,233.0,,,612.0,223.0,610.0,228.0,581.0,215.0,616.0,225.0,,,,,,,,0.0,0.0,0.0,0.0,0.0,0.0,0.0,0.0,0.0,23,0,0,0,0,0,0,0,0,0,0,0,0,0,0,0,146,400,0.0,0.0,0.0,0.0,0.0,0.0,0.0,0.0,0.0,0,0,0,0
567,Antonín,Kinský,Kinsky,a,,,3.9,751,82.0,1.7,144,19.0,0.0,457.0,46.0,0,0,0.0,-1,1.0,50,273,0.0,0.0,-0.5,0.0,0.0,535.0,51.0,,,523.0,51.0,516.0,38.0,479.0,23.0,526.0,51.0,,,,,,,,0.0,0.0,0.0,0.0,0.0,0.0,0.0,0.0,0.0,23,0,0,0,0,0,0,0,0,0,0,0,0,0,0,0,130,621,0.0,0.0,0.0,0.0,0.0,0.0,0.0,0.0,0.0,0,0,0,0
763,Charlie,Gray,Gray,a,,,4.5,449,271.0,0.0,777,341.0,0.0,643.0,248.0,0,0,0.0,0,0.0,1,3,0.0,0.0,0.5,0.5,0.0,694.0,282.0,,,689.0,277.0,686.0,279.0,666.0,271.0,690.0,278.0,,,,,,,,0.0,0.0,0.0,0.0,0.0,0.0,0.0,0.0,0.0,23,0,0,0,0,0,0,0,0,0,0,0,0,0,0,0,3,4,0.0,0.0,0.0,0.0,0.0,0.0,0.0,0.0,0.0,0,0,0,0
764,Reigan,Heskey,Heskey,a,,,4.5,476,292.0,0.0,784,346.0,0.0,661.0,261.0,0,0,0.0,0,0.0,1,0,0.0,0.0,0.5,0.5,0.0,711.0,294.0,,,709.0,292.0,704.0,292.0,687.0,287.0,709.0,292.0,,,,,,,,0.0,0.0,0.0,0.0,0.0,0.0,0.0,0.0,0.0,23,0,0,0,0,0,0,0,0,0,0,0,0,0,0,0,2,6,0.0,0.0,0.0,0.0,0.0,0.0,0.0,0.0,0.0,0,0,0,0
431,Altay,Bayındır,Bayindir,a,,,4.7,382,17.0,0.3,305,41.0,0.0,690.0,89.0,0,0,0.0,-3,3.0,30,25,0.0,2.3,0.0,-1.0,1.8,349.0,28.0,,,296.0,23.0,405.0,9.0,716.0,77.0,373.0,23.0,,,,,,,,0.0,0.01,0.01,1.54,2.17,0.0,1.83,1.0,0.0,23,0,0,0,0,0,0,0,0,0,0,0,0,0,0,0,47,103,0.0,0.0,0.0,0.0,0.0,0.0,0.0,0.0,0.0,0,0,0,0
432,André,Onana,Onana,u,has joined Trabzonspor on loan for the rest of the season.,,4.9,298,12.0,0.1,414,63.0,0.0,707.0,90.0,0,0,0.0,-1,1.0,0,2,0.0,0.0,0.0,0.0,0.0,746.0,90.0,0.0,0.0,745.0,90.0,741.0,87.0,732.0,81.0,745.0,90.0,,,,,,,,0.0,0.0,0.0,0.0,0.0,0.0,0.0,0.0,0.0,23,0,0,0,0,0,0,0,0,0,0,0,0,0,0,0,0,7,0.0,0.0,0.0,0.0,0.0,0.0,0.0,0.0,0.0,0,0,0,0
433,Elyh,Harrison,Harrison,u,On loan to Shrewsbury Town,,4.0,703,62.0,0.0,785,91.0,0.0,522.0,75.0,0,0,0.0,0,0.0,0,0,0.0,0.0,0.0,0.0,0.0,598.0,80.0,0.0,0.0,586.0,80.0,581.0,69.0,547.0,54.0,589.0,80.0,,,,,,,,0.0,0.0,0.0,0.0,0.0,0.0,0.0,0.0,0.0,23,0,0,0,0,0,0,0,0,0,0,0,0,0,0,0,0,0,0.0,0.0,0.0,0.0,0.0,0.0,0.0,0.0,0.0,0,0,0,0
434,Tom,Heaton,Heaton,a,,,3.9,720,63.0,0.3,331,45.0,0.0,435.0,28.0,0,0,0.0,-1,1.0,12,50,0.0,0.0,0.0,-1.0,0.0,514.0,33.0,,,502.0,33.0,494.0,19.0,457.0,4.0,505.0,33.0,,,,,,,,0.0,0.0,0.0,0.0,0.0,0.0,0.0,0.0,0.0,23,0,0,0,0,0,0,0,0,0,0,0,0,0,0,0,34,142,0.0,0.0,0.0,0.0,0.0,0.0,0.0,0.0,0.0,0,0,0,0
176,Adrian,Mazilu,Mazilu,u,has joined Dinamo Bucharest permanently.,,4.5,457,279.0,0.0,673,279.0,0.0,648.0,253.0,0,0,0.0,0,0.0,0,0,0.0,0.0,0.0,0.0,0.0,699.0,287.0,0.0,0.0,694.0,282.0,691.0,284.0,671.0,276.0,695.0,283.0,,,,,,,,0.0,0.0,0.0,0.0,0.0,0.0,0.0,0.0,0.0,23,0,0,0,0,0,0,0,0,0,0,0,0,0,0,0,0,1,0.0,0.0,0.0,0.0,0.0,0.0,0.0,0.0,0.0,0,0,0,0
177,Andrew,Moran,Moran,u,Has joined Los Angeles FC on loan for the rest of the season.,,4.5,446,268.0,0.0,682,285.0,0.0,640.0,245.0,0,0,0.0,0,0.0,0,1,0.0,0.0,0.0,0.0,0.0,691.0,279.0,0.0,0.0,686.0,274.0,683.0,276.0,663.0,268.0,687.0,275.0,,,,,,,,0.0,0.0,0.0,0.0,0.0,0.0,0.0,0.0,0.0,23,0,0,0,0,0,0,0,0,0,0,0,0,0,0,0,0,6,0.0,0.0,0.0,0.0,0.0,0.0,0.0,0.0,0.0,0,0,0,0
599,Dane,Scarlett,Scarlett,a,,,4.3,585,80.0,0.6,232,36.0,0.3,344.0,41.0,1,0,0.0,-2,2.0,142,120,0.1,0.5,-0.2,0.3,1.0,439.0,52.0,,,613.0,62.0,461.0,57.0,422.0,56.0,480.0,58.0,,,,,,,,0.0,0.13,0.13,0.51,0.0,0.0,0.0,0.0,12.86,23,1,5,0,0,0,0,0,0,0,0,0,0,0,0,2,295,265,0.0,0.0,0.01,0.01,0.04,0.0,0.1,0.0,0.0,0,0,1,1
21,Declan,Rice,Rice,a,,,7.4,22,15.0,31.4,8,2.0,4.7,25.0,11.0,0,0,0.0,9,-9.0,32311,4529,0.6,16.9,5.7,5.7,6.0,6.0,3.0,100.0,100.0,13.0,4.0,4.0,4.0,74.0,46.0,10.0,8.0,1.0,1.0,,,,,,0.14,0.21,0.35,0.62,0.0,0.5,0.66,1.01,10.89,23,0,0,0,0,0,0,0,0,0,0,0,0,0,0,0,97339,14269,0.0,0.0,0.0,0.0,0.0,0.0,0.0,0.0,0.0,0,0,0,0
22,Mikel,Merino Zazón,Merino,a,,,5.5,139,87.0,1.4,156,53.0,1.0,288.0,127.0,0,0,0.0,-5,5.0,354,1487,0.2,10.7,2.0,2.0,3.0,192.0,83.0,,,171.0,67.0,131.0,94.0,103.0,62.0,132.0,72.0,,,,,,,,0.23,0.13,0.36,0.59,0.0,0.37,0.75,0.93,9.71,23,0,0,0,0,0,0,0,0,0,0,0,0,0,0,0,855,5815,0.0,0.0,0.0,0.0,0.0,0.0,0.0,0.0,0.0,0,0,0,0
23,Fábio,Ferreira Vieira,Fábio Vieira,u,has joined Hamburger on loan for the rest of the season.,,5.4,169,106.0,0.0,670,276.0,0.0,768.0,339.0,0,0,0.0,-1,1.0,0,0,0.0,0.0,0.0,0.0,0.0,782.0,346.0,0.0,0.0,782.0,346.0,781.0,346.0,777.0,345.0,782.0,346.0,,,,,,,,0.0,0.0,0.0,0.0,0.0,0.0,0.0,0.0,0.0,23,0,0,0,0,0,0,0,0,0,0,0,0,0,0,0,0,1,0.0,0.0,0.0,0.0,0.0,0.0,0.0,0.0,0.0,0,0,0,0
738,Lukasz,Fabianski,Fabianski,d,Back injury - 25% chance of playing,,4.5,399,20.0,0.0,622,79.0,0.0,611.0,85.0,0,0,0.0,0,0.0,4,14,0.0,0.0,0.0,0.0,0.0,667.0,87.0,25.0,25.0,660.0,87.0,656.0,80.0,633.0,68.0,663.0,87.0,,,,,,,,0.0,0.0,0.0,0.0,0.0,0.0,0.0,0.0,0.0,23,0,0,0,0,0,0,0,0,0,0,0,0,0,0,0,26,48,0.0,0.0,0.0,0.0,0.0,0.0,0.0,0.0,0.0,0,0,0,0
747,Ezra,Mayers,Mayers,a,,,4.0,708,197.0,0.0,646,225.0,0.5,318.0,114.0,0,0,0.0,0,0.0,13,10,0.1,1.2,0.5,0.5,1.0,435.0,161.0,,,422.0,160.0,344.0,120.0,383.0,140.0,417.0,151.0,,,,,,,,0.1,0.35,0.45,2.25,0.0,0.0,2.41,0.0,4.02,23,0,0,0,0,0,0,0,0,0,0,0,0,0,0,0,36,18,0.0,0.0,0.0,0.0,0.0,0.0,0.0,0.0,0.0,0,0,0,0
758,Mohamadou,Kanté,Mohamadou Kanté,a,,,4.5,497,309.0,0.0,732,312.0,0.2,388.0,178.0,0,0,0.0,0,0.0,9,6,0.0,0.7,0.2,0.2,1.0,460.0,213.0,,,453.0,207.0,395.0,197.0,412.0,204.0,451.0,206.0,,,,,,,,0.17,0.11,0.28,3.04,0.0,0.0,0.0,0.0,22.5,23,0,0,0,0,0,0,0,0,0,0,0,0,0,0,0,17,18,0.0,0.0,0.0,0.0,0.0,0.0,0.0,0.0,0.0,0,0,0,0
37,Lucas,Digne,Digne,a,,,4.5,402,73.0,1.6,149,58.0,2.0,194.0,73.0,0,0,0.0,0,0.0,229,468,0.4,14.4,2.0,2.0,3.1,164.0,66.0,100.0,100.0,178.0,73.0,73.0,15.0,199.0,51.0,136.0,44.0,2.0,2.0,,,,,,0.04,0.13,0.17,1.37,0.0,0.45,0.89,1.04,4.99,23,0,0,0,0,0,0,0,0,0,0,0,0,0,0,0,645,2033,0.0,0.0,0.0,0.0,0.0,0.0,0.0,0.0,0.0,0,0,0,0
38,Ezri,Konsa Ngoyo,Konsa,a,,,4.4,516,104.0,7.4,55,17.0,2.5,145.0,55.0,0,0,0.0,-1,1.0,945,1556,0.6,14.5,2.5,2.5,3.0,183.0,71.0,100.0,100.0,77.0,33.0,265.0,81.0,238.0,66.0,175.0,56.0,,,,,,,,0.02,0.02,0.04,1.44,0.0,0.29,1.16,1.01,5.98,23,0,0,0,0,0,0,0,0,0,0,0,0,0,0,0,2260,6314,0.0,0.0,0.0,0.0,0.0,0.0,0.0,0.0,0.0,0,0,0,0
39,Ian,Maatsen,Maatsen,a,,,4.2,628,149.0,0.5,252,96.0,1.2,261.0,97.0,0,0,0.0,-3,3.0,136,129,0.3,4.8,1.2,1.2,1.2,420.0,153.0,,,261.0,105.0,134.0,32.0,183.0,40.0,216.0,73.0,5.0,,,,,,,0.08,0.13,0.21,1.53,0.0,0.0,1.54,0.95,7.34,23,0,0,0,0,0,0,0,0,0,0,0,0,0,0,0,385,441,0.0,0.0,0.0,0.0,0.0,0.0,0.0,0.0,0.0,0,0,0,0
40,Tyrone,Mings,Mings,a,,,4.3,567,125.0,0.5,243,91.0,0.0,558.0,233.0,0,0,0.0,-2,2.0,65,23,0.0,5.6,0.0,0.0,3.4,123.0,46.0,100.0,100.0,293.0,112.0,327.0,110.0,341.0,113.0,346.0,120.0,,,,,,,,0.06,0.02,0.08,1.59,0.0,0.36,1.09,1.09,7.42,23,0,0,0,0,0,0,0,0,0,0,0,0,0,0,0,148,78,0.0,0.0,0.0,0.0,0.0,0.0,0.0,0.0,0.0,0,0,0,0
61,Leander,Dendoncker,Dendoncker,u,Has joined Real Oviedo permanently.,,4.5,404,247.0,0.1,517,184.0,0.0,613.0,225.0,0,0,0.0,0,0.0,0,5,0.0,0.0,0.0,0.0,0.0,669.0,261.0,0.0,0.0,662.0,255.0,658.0,258.0,635.0,249.0,665.0,257.0,,,,,,,,0.0,0.0,0.0,0.0,0.0,0.0,0.0,0.0,0.0,23,0,0,0,0,0,0,0,0,0,0,0,0,0,0,0,0,10,0.0,0.0,0.0,0.0,0.0,0.0,0.0,0.0,0.0,0,0,0,0
62,Jamaldeen,Jimoh-Aloba,Jimoh-Aloba,a,,,4.5,464,284.0,0.1,529,188.0,0.2,385.0,175.0,0,0,0.0,0,0.0,27,17,0.0,0.2,0.2,0.2,1.0,455.0,208.0,,,479.0,221.0,460.0,225.0,677.0,281.0,482.0,223.0,,,,,,,,0.0,0.0,0.0,6.86,0.0,0.0,0.0,0.0,11.25,23,0,0,0,0,0,0,0,0,0,0,0,0,0,0,0,71,46,0.0,0.0,0.0,0.0,0.0,0.0,0.0,0.0,0.0,0,0,0,0
63,Kadan,Young,Young,a,,,4.3,598,347.0,0.6,228,79.0,0.0,569.0,200.0,0,0,0.0,-2,2.0,242,226,0.0,0.0,0.0,0.0,0.0,631.0,238.0,,,620.0,228.0,618.0,233.0,590.0,221.0,623.0,230.0,,,,,,,,0.0,0.0,0.0,0.0,0.0,0.0,0.0,0.0,0.0,23,0,0,0,0,0,0,0,0,0,0,0,0,0,0,0,666,561,0.0,0.0,0.0,0.0,0.0,0.0,0.0,0.0,0.0,0,0,0,0
64,Ollie,Watkins,Watkins,a,,,8.8,8,4.0,12.9,32,7.0,4.7,26.0,5.0,0,0,0.0,-2,2.0,8324,7908,0.5,9.4,4.7,4.7,3.8,96.0,8.0,100.0,100.0,112.0,10.0,143.0,9.0,5.0,4.0,33.0,7.0,,,3.0,,,,,0.48,0.05,0.53,1.4,0.0,0.33,1.2,1.04,3.16,23,0,0,0,0,0,0,0,0,0,0,0,0,0,0,0,14356,40888,0.0,0.0,0.0,0.0,0.0,0.0,0.0,0.0,0.0,0,0,0,0
189,Owen,Dodgson,Dodgson,u,Has joined Stockport County on loan for the rest of the season.,,4.0,669,170.0,0.0,703,242.0,0.0,491.0,190.0,0,0,0.0,0,0.0,0,1,0.0,0.0,0.0,0.0,0.0,569.0,211.0,0.0,0.0,557.0,210.0,552.0,211.0,517.0,204.0,560.0,210.0,,,,,,,,0.0,0.0,0.0,0.0,0.0,0.0,0.0,0.0,0.0,23,0,0,0,0,0,0,0,0,0,0,0,0,0,0,0,0,3,0.0,0.0,0.0,0.0,0.0,0.0,0.0,0.0,0.0,0,0,0,0
190,Hjalmar,Ekdal,Ekdal,a,,,3.9,748,220.0,0.9,194,74.0,2.3,162.0,62.0,0,0,0.0,-1,1.0,37,322,0.6,11.3,2.3,2.3,2.9,195.0,75.0,,,159.0,66.0,328.0,111.0,242.0,68.0,244.0,84.0,,,,,,,,0.02,0.02,0.04,1.74,0.0,0.15,1.83,0.99,10.08,23,0,0,0,0,0,0,0,0,0,0,0,0,0,0,0,173,1053,0.0,0.0,0.0,0.0,0.0,0.0,0.0,0.0,0.0,0,0,0,0
191,Maxime,Estève,Estève,a,,,3.9,747,219.0,8.3,49,16.0,1.3,244.0,90.0,3,0,0.0,-1,1.0,634,1836,0.3,12.8,1.3,1.3,2.5,248.0,96.0,100.0,100.0,59.0,29.0,272.0,85.0,264.0,75.0,168.0,54.0,,,,,,,,0.02,0.02,0.04,2.21,0.0,0.11,2.12,1.06,10.06,23,3,90,0,0,0,2,0,0,0,0,0,0,1,0,12,2382,5974,0.0,0.0,0.07,0.06999999999999995,2.299999999999997,23.600000000000023,0.6000000000000085,2.0,2.6000000000000014,4,7,4,11
192,Quilindschy,Hartman,Hartman,a,,,4.0,680,175.0,0.8,206,78.0,0.0,501.0,194.0,0,0,0.0,0,0.0,66,459,0.0,11.5,0.0,0.0,3.1,162.0,64.0,,,131.0,59.0,100.0,23.0,280.0,84.0,147.0,47.0,1.0,,,,,,,0.01,0.1,0.11,2.04,0.0,0.13,1.88,1.01,7.0,23,0,0,0,0,0,0,0,0,0,0,0,0,0,0,0,341,1739,0.0,0.0,0.0,0.0,0.0,0.0,0.0,0.0,0.0,0,0,0,0
209,Josh,Laurent,Laurent,a,,,4.8,349,220.0,0.0,593,225.0,3.5,66.0,26.0,0,0,0.0,-2,2.0,15,18,0.7,8.8,3.5,3.5,2.1,310.0,137.0,,,204.0,86.0,251.0,151.0,256.0,140.0,260.0,126.0,,,,,,,,0.04,0.02,0.06,2.1,0.0,0.08,2.25,0.92,10.34,23,0,21,0,0,0,1,0,0,0,1,0,0,0,0,171,128,147,0.0,0.0,0.009999999999999981,0.010000000000000009,0.7300000000000004,0.0,1.3999999999999915,0.0,0.10000000000000142,0,0,1,1
210,Loum,Tchaouna,Tchaouna,a,,,4.9,331,206.0,0.0,621,244.0,0.7,313.0,144.0,0,0,0.0,-1,1.0,1,16,0.1,6.7,0.7,0.7,1.9,336.0,148.0,,,333.0,147.0,258.0,156.0,210.0,116.0,309.0,148.0,,2.0,,,,,,0.1,0.05,0.15,1.69,0.0,0.24,1.31,1.08,5.38,23,0,0,0,0,0,0,0,0,0,0,0,0,0,0,0,14,43,0.0,0.0,0.0,0.0,0.0,0.0,0.0,0.0,0.0,0,0,0,0
215,Zian,Flemming,Flemming,d,Lack of match fitness - 75% chance of playing,,5.3,193,44.0,0.3,321,53.0,0.2,403.0,45.0,0,0,0.0,-2,2.0,20,238,0.0,7.9,0.2,0.2,2.8,216.0,21.0,75.0,75.0,212.0,18.0,296.0,32.0,90.0,27.0,207.0,24.0,,,1.0,,,,,0.43,0.02,0.45,1.89,0.0,0.27,1.36,1.09,4.23,23,0,0,0,0,0,0,0,0,0,0,0,0,0,0,0,60,1008,0.0,0.0,0.0,0.0,0.0,0.0,0.0,0.0,0.0,0,0,0,0
216,Zeki,Amdouni,Amdouni,i,Knee injury - Expected back 25 Apr,,4.8,366,60.0,0.0,660,82.0,0.0,699.0,71.0,0,0,0.0,-2,2.0,8,0,0.0,0.0,0.0,0.0,0.0,741.0,80.0,0.0,0.0,740.0,80.0,735.0,79.0,725.0,79.0,740.0,80.0,,,,,,,,0.0,0.0,0.0,0.0,0.0,0.0,0.0,0.0,0.0,23,0,0,0,0,0,0,0,0,0,0,0,0,0,0,0,27,12,0.0,0.0,0.0,0.0,0.0,0.0,0.0,0.0,0.0,0,0,0,0
70,Alex,Paulsen,Paulsen,u,Has joined Lechia Gdansk on loan for the rest of the season.,,4.0,681,57.0,0.1,554,78.0,0.0,502.0,70.0,0,0,0.0,0,0.0,0,6,0.0,0.0,0.0,0.0,0.0,579.0,75.0,0.0,0.0,567.0,75.0,562.0,64.0,527.0,49.0,570.0,75.0,,,,,,,,0.0,0.0,0.0,0.0,0.0,0.0,0.0,0.0,0.0,23,0,0,0,0,0,0,0,0,0,0,0,0,0,0,0,0,14,0.0,0.0,0.0,0.0,0.0,0.0,0.0,0.0,0.0,0,0,0,0
71,Illia,Zabarnyi,Zabarnyi,u,Has joined Paris Saint-Germain permanently.,,5.0,261,42.0,0.0,657,228.0,0.0,736.0,254.0,0,0,0.0,0,0.0,0,1,0.0,0.0,0.0,0.0,0.0,765.0,258.0,0.0,0.0,764.0,258.0,762.0,258.0,755.0,257.0,764.0,258.0,,,,,,,,0.0,0.0,0.0,0.0,0.0,0.0,0.0,0.0,0.0,23,0,0,0,0,0,0,0,0,0,0,0,0,0,0,0,0,1,0.0,0.0,0.0,0.0,0.0,0.0,0.0,0.0,0.0,0,0,0,0
72,Marcos,Senesi Barón,Senesi,a,,,4.8,358,61.0,13.8,27,9.0,3.0,103.0,37.0,3,0,0.0,3,-3.0,7032,3893,0.6,19.6,3.0,2.5,4.3,50.0,23.0,100.0,100.0,2.0,1.0,78.0,18.0,208.0,53.0,34.0,1.0,,,,,,,,0.04,0.17,0.21,1.45,0.0,0.23,1.95,1.02,13.05,23,3,90,0,0,0,2,0,0,0,0,0,0,1,0,5,13011,17708,0.0,0.31999999999999995,0.14000000000000012,0.45999999999999996,0.8299999999999983,5.599999999999909,0.19999999999998863,0.0,0.6000000000000085,4,9,2,13
73,Adam,Smith,Smith,a,,,4.4,508,97.0,0.2,384,139.0,0.3,347.0,126.0,1,0,0.0,-1,1.0,49,24,0.1,4.8,0.3,-0.2,1.8,344.0,133.0,100.0,100.0,373.0,142.0,353.0,125.0,362.0,126.0,393.0,140.0,,,,,,,,0.0,0.02,0.02,1.58,0.0,0.29,2.14,1.28,4.85,23,1,90,0,0,0,2,0,0,0,0,0,0,1,0,2,91,90,0.0,0.0,0.0,0.0,0.8300000000000001,3.0,0.9000000000000021,0.0,0.3999999999999986,0,6,4,6
74,Adrien,Truffert,Truffert,a,,,4.5,442,90.0,1.7,143,56.0,2.2,177.0,68.0,3,0,0.0,0,0.0,595,739,0.5,16.4,2.2,1.7,3.2,150.0,62.0,,,40.0,18.0,52.0,8.0,230.0,62.0,67.0,13.0,,,,,,,,0.01,0.05,0.06,1.37,0.0,0.22,1.78,1.02,8.34,23,3,90,0,0,0,2,0,0,0,0,0,0,1,0,9,991,3144,0.0,0.0,0.010000000000000009,0.010000000000000009,0.8300000000000018,7.199999999999989,1.1999999999999886,0.0,0.7999999999999972,4,6,2,10
30,Kai,Havertz,Havertz,a,,,7.3,26,9.0,0.3,292,48.0,0.0,799.0,87.0,0,0,0.0,-2,2.0,110,73,0.0,0.1,1.0,1.0,1.0,482.0,58.0,100.0,100.0,462.0,53.0,449.0,55.0,431.0,58.0,467.0,57.0,,,,,,,,0.0,0.03,0.03,2.46,0.0,0.0,0.0,0.0,9.0,23,0,0,0,0,0,0,0,0,0,0,0,0,0,0,0,169,159,0.0,0.0,0.0,0.0,0.0,0.0,0.0,0.0,0.0,0,0,0,0
31,Gabriel,Fernando de Jesus,G.Jesus,a,,,6.4,57,20.0,0.4,276,44.0,1.3,258.0,33.0,0,0,0.0,-1,1.0,2338,297,0.2,1.6,2.3,2.3,1.4,404.0,46.0,100.0,100.0,378.0,39.0,416.0,51.0,165.0,38.0,345.0,40.0,,,,,,,,0.59,0.07,0.66,1.66,0.0,0.0,1.81,0.0,10.27,23,0,0,0,0,0,0,0,0,0,0,0,0,0,0,0,5531,845,0.0,0.0,0.0,0.0,0.0,0.0,0.0,0.0,0.0,0,0,0,0
266,Eberechi,Eze,Eze,a,,,7.3,28,19.0,8.4,48,17.0,0.3,367.0,166.0,0,0,0.0,-2,2.0,519,3109,0.0,9.3,1.3,1.3,4.0,74.0,33.0,,,173.0,69.0,154.0,105.0,61.0,38.0,109.0,59.0,,,,,,,,0.23,0.13,0.36,0.54,0.0,0.53,0.53,1.07,5.86,23,0,0,0,0,0,0,0,0,0,0,0,0,0,0,0,1074,12464,0.0,0.0,0.0,0.0,0.0,0.0,0.0,0.0,0.0,0,0,0,0
662,Cristhian,Mosquera,Mosquera,a,,,5.3,200,27.0,0.1,429,158.0,0.0,760.0,257.0,0,0,0.0,-2,2.0,61,11,0.0,3.2,1.0,1.0,1.7,366.0,136.0,100.0,100.0,335.0,128.0,368.0,133.0,393.0,147.0,385.0,138.0,,,,,,,,0.0,0.09,0.09,0.56,0.0,0.21,0.84,0.84,7.34,23,0,0,0,0,0,0,0,0,0,0,0,0,0,0,0,126,28,0.0,0.0,0.0,0.0,0.0,0.0,0.0,0.0,0.0,0,0,0,0
666,Viktor,Gyökeres,Gyökeres,a,,,8.7,9,5.0,9.3,46,9.0,1.5,242.0,31.0,0,0,0.0,-3,3.0,2329,1148,0.2,6.3,2.5,2.5,2.8,222.0,22.0,100.0,100.0,220.0,19.0,169.0,14.0,22.0,13.0,88.0,15.0,,,2.0,,,,,0.43,0.06,0.49,0.63,0.0,0.6,0.4,1.14,3.21,23,0,0,0,0,0,0,0,0,0,0,0,0,0,0,0,4052,4544,0.0,0.0,0.0,0.0,0.0,0.0,0.0,0.0,0.0,0,0,0,0
700,Max,Dowman,Dowman,i,Ankle injury - Unknown return date,,4.2,641,361.0,0.3,297,99.0,0.0,554.0,192.0,0,0,0.0,-3,3.0,391,284,0.0,1.2,0.0,0.0,2.5,250.0,107.0,0.0,0.0,473.0,219.0,447.0,217.0,338.0,177.0,441.0,201.0,,,,,,,,0.47,0.07,0.54,0.4,0.0,0.0,0.0,0.0,10.0,23,0,0,0,0,0,0,0,0,0,0,0,0,0,0,0,1283,648,0.0,0.0,0.0,0.0,0.0,0.0,0.0,0.0,0.0,0,0,0,0
711,Andre,Harriman-Annous,Harriman-Annous,a,,,4.4,560,336.0,0.0,695,295.0,0.0,610.0,224.0,0,0,0.0,-1,1.0,4,5,0.0,0.0,1.0,1.0,0.0,666.0,260.0,,,659.0,254.0,655.0,257.0,632.0,248.0,662.0,256.0,,,,,,,,0.0,0.0,0.0,0.0,0.0,0.0,0.0,0.0,0.0,23,0,0,0,0,0,0,0,0,0,0,0,0,0,0,0,8,11,0.0,0.0,0.0,0.0,0.0,0.0,0.0,0.0,0.0,0,0,0,0
187,Kyle,Walker,Walker,a,,,4.4,509,98.0,1.1,174,67.0,2.2,176.0,67.0,4,0,0.0,-1,1.0,199,166,0.5,11.1,2.2,2.2,2.2,291.0,110.0,100.0,100.0,98.0,42.0,175.0,44.0,352.0,119.0,196.0,62.0,,,,,,,,0.01,0.04,0.05,2.07,0.0,0.14,1.88,1.01,6.45,23,4,90,0,1,0,2,0,0,0,0,0,0,1,0,24,1024,747,0.0,0.0,0.27,0.27,2.299999999999997,38.400000000000034,39.8,0.0,7.800000000000004,0,6,7,6
158,Georginio,Rutter,Georginio,a,,,5.6,131,81.0,0.5,254,86.0,2.2,184.0,74.0,1,0,0.0,-4,4.0,152,614,0.4,11.1,2.2,2.2,3.0,193.0,84.0,100.0,100.0,182.0,75.0,85.0,62.0,42.0,25.0,78.0,47.0,,,,,,,,0.13,0.13,0.26,1.2,0.0,0.4,0.99,1.06,6.21,23,1,2,0,0,0,1,0,0,0,0,0,0,0,0,1,1207,2180,0.0,0.0,0.0,0.0,0.030000000000001137,0.19999999999998863,0.0,0.0,0.0,0,0,0,0
159,Solly,March,March,d,Lack of match fitness - 25% chance of playing,,5.8,104,67.0,0.0,737,316.0,0.0,784.0,350.0,0,0,0.0,-2,2.0,4,1,0.0,0.0,0.0,0.0,0.0,791.0,353.0,25.0,25.0,791.0,353.0,791.0,353.0,789.0,352.0,791.0,353.0,,,,,,,,0.0,0.0,0.0,0.0,0.0,0.0,0.0,0.0,0.0,23,0,0,0,0,0,0,0,0,0,0,0,0,0,0,0,9,1,0.0,0.0,0.0,0.0,0.0,0.0,0.0,0.0,0.0,0,0,0,0
160,Yankuba,Minteh,Minteh,a,,,5.8,113,72.0,2.8,110,34.0,1.2,269.0,116.0,1,0,0.0,-2,2.0,824,3150,0.2,14.0,1.2,1.2,3.9,80.0,37.0,100.0,100.0,133.0,45.0,23.0,22.0,21.0,9.0,24.0,20.0,1.0,,,,,,,0.16,0.16,0.32,1.35,0.0,0.34,1.37,1.03,6.68,23,1,9,0,0,0,1,0,0,0,0,0,0,0,0,3,4209,11939,0.0,0.03000000000000025,0.0,0.03000000000000025,0.030000000000001137,0.0,1.0,7.0,0.7999999999999972,0,0,0,0
172,Tom,Watson,Watson,a,,,4.8,370,233.0,0.0,625,247.0,0.3,358.0,160.0,0,0,0.0,-2,2.0,3,8,0.1,1.0,0.3,0.3,0.8,487.0,231.0,100.0,100.0,447.0,204.0,434.0,210.0,400.0,196.0,454.0,208.0,,,,,,,,0.06,0.05,0.11,2.72,0.0,0.0,3.16,0.0,7.89,23,0,0,0,0,0,0,0,0,0,0,0,0,0,0,0,12,12,0.0,0.0,0.0,0.0,0.0,0.0,0.0,0.0,0.0,0,0,0,0
181,Charalampos,Kostoulas,Kostoulas,a,,,4.8,372,61.0,0.4,289,46.0,2.3,167.0,17.0,0,0,0.0,-2,2.0,179,124,0.5,5.4,2.3,2.3,2.0,322.0,32.0,,,301.0,30.0,269.0,27.0,126.0,32.0,266.0,32.0,,,,,,,,0.68,0.1,0.78,1.33,0.0,0.49,1.98,0.49,12.86,23,0,2,0,0,0,1,0,0,0,1,0,0,0,0,109,953,296,0.0,0.0,0.0,0.0,0.03000000000000025,0.0,1.0999999999999943,0.0,0.0,0,0,0,0
744,Nehemiah,Oriola,Oriola,a,,,4.5,462,282.0,0.0,706,299.0,0.0,651.0,255.0,0,0,0.0,0,0.0,7,6,0.0,0.2,0.0,0.0,1.0,454.0,207.0,,,698.0,285.0,694.0,286.0,675.0,279.0,699.0,286.0,,,,,,,,0.0,0.0,0.0,0.0,0.0,0.0,0.0,0.0,0.0,23,0,0,0,0,0,0,0,0,0,0,0,0,0,0,0,17,20,0.0,0.0,0.0,0.0,0.0,0.0,0.0,0.0,0.0,0,0,0,0
761,Freddie,Simmonds,Simmonds,a,,,4.0,709,198.0,0.0,730,249.0,0.0,527.0,214.0,0,0,0.0,0,0.0,1,12,0.0,0.0,0.0,0.0,0.0,603.0,233.0,,,591.0,232.0,586.0,233.0,552.0,227.0,594.0,232.0,,,,,,,,0.0,0.0,0.0,0.0,0.0,0.0,0.0,0.0,0.0,23,0,0,0,0,0,0,0,0,0,0,0,0,0,0,0,16,17,0.0,0.0,0.0,0.0,0.0,0.0,0.0,0.0,0.0,0,0,0,0
783,Pascal,Groß,Groß,a,,,5.5,134,82.0,0.0,613,237.0,1.8,206.0,89.0,2,0,0.0,0,0.0,98,59,0.3,1.3,1.8,1.8,1.8,356.0,157.0,,,383.0,169.0,167.0,113.0,315.0,165.0,327.0,159.0,,,,,,,,0.08,0.22,0.3,1.58,0.0,0.0,0.94,0.94,7.24,23,2,87,0,0,0,1,0,0,0,0,0,0,1,0,21,709,166,0.0,0.01999999999999999,0.33999999999999997,0.3600000000000001,1.0999999999999996,18.400000000000002,93.3,5.0,11.700000000000001,0,2,3,5
230,Wesley,Fofana,Fofana,a,,,4.4,530,115.0,0.4,268,101.0,0.5,323.0,118.0,0,0,0.0,-1,1.0,275,297,0.1,9.3,0.5,0.5,3.7,98.0,37.0,100.0,100.0,185.0,75.0,384.0,141.0,353.0,120.0,301.0,101.0,,,,,,,,0.03,0.01,0.04,1.39,0.0,0.46,0.91,1.03,12.43,23,0,0,0,0,0,0,0,0,0,0,0,0,0,0,0,878,1263,0.0,0.0,0.0,0.0,0.0,0.0,0.0,0.0,0.0,0,0,0,0
231,Mamadou,Sarr,M.Sarr,u,Has joined RC Strasbourg on loan for the rest of the season.,,4.5,469,94.0,0.0,738,251.0,0.0,657.0,247.0,0,0,0.0,0,0.0,0,0,0.0,0.0,0.0,0.0,0.0,707.0,254.0,0.0,0.0,704.0,254.0,700.0,254.0,682.0,253.0,705.0,254.0,,,,,,,,0.0,0.0,0.0,0.0,0.0,0.0,0.0,0.0,0.0,23,0,0,0,0,0,0,0,0,0,0,0,0,0,0,0,0,0,0.0,0.0,0.0,0.0,0.0,0.0,0.0,0.0,0.0,0,0,0,0
232,Tosin,Adarabioyo,Tosin,i,Hamstring injury - Unknown return date,,4.0,652,160.0,0.3,324,119.0,0.5,317.0,113.0,0,0,0.0,-5,5.0,2,212,0.1,7.5,0.0,0.0,2.7,225.0,85.0,0.0,0.0,201.0,82.0,347.0,121.0,360.0,124.0,305.0,103.0,,,,,,,,0.01,0.05,0.06,1.4,0.0,0.26,1.41,0.89,11.12,23,0,0,0,0,0,0,0,0,0,0,0,0,0,0,0,11,657,0.0,0.0,0.0,0.0,0.0,0.0,0.0,0.0,0.0,0,0,0,0
261,Chris,Richards,Richards,a,,,4.4,527,114.0,1.9,138,55.0,0.3,348.0,127.0,0,0,0.0,-1,1.0,987,1042,0.1,17.5,0.3,0.3,4.3,49.0,22.0,100.0,100.0,56.0,26.0,271.0,84.0,271.0,77.0,166.0,52.0,,,,,,,,0.02,0.07,0.09,1.29,0.0,0.39,1.17,1.0,11.0,23,0,0,0,0,0,0,0,0,0,0,0,0,0,0,0,2091,3559,0.0,0.0,0.0,0.0,0.0,0.0,0.0,0.0,0.0,0,0,0,0
262,Chadi,Riad Dnanou,Chadi Riad,a,,,4.0,687,180.0,0.0,676,235.0,0.0,507.0,198.0,0,0,0.0,0,0.0,12,2,0.0,0.0,0.0,0.0,0.0,584.0,218.0,100.0,100.0,572.0,217.0,567.0,218.0,532.0,211.0,575.0,217.0,,,,,,,,0.0,0.0,0.0,0.0,0.0,0.0,0.0,0.0,0.0,23,0,0,0,0,0,0,0,0,0,0,0,0,0,0,0,29,9,0.0,0.0,0.0,0.0,0.0,0.0,0.0,0.0,0.0,0,0,0,0
263,Nathaniel,Clyne,Clyne,a,,,3.8,769,231.0,0.6,227,85.0,1.5,229.0,85.0,0,0,0.0,-2,2.0,120,282,0.4,3.7,1.5,1.5,2.0,317.0,119.0,100.0,100.0,351.0,133.0,320.0,106.0,328.0,105.0,364.0,130.0,,,,,,,,0.09,0.12,0.21,1.24,0.0,0.0,1.72,1.29,7.32,23,0,0,0,0,0,0,0,0,0,0,0,0,0,0,0,386,867,0.0,0.0,0.0,0.0,0.0,0.0,0.0,0.0,0.0,0,0,0,0
264,Rob,Holding,Holding,u,Has joined Colorado Rapids permanently.,,4.0,655,161.0,0.0,679,236.0,0.0,480.0,183.0,0,0,0.0,0,0.0,0,2,0.0,0.0,0.0,0.0,0.0,558.0,204.0,0.0,0.0,546.0,203.0,540.0,204.0,504.0,196.0,549.0,203.0,,,,,,,,0.0,0.0,0.0,0.0,0.0,0.0,0.0,0.0,0.0,23,0,0,0,0,0,0,0,0,0,0,0,0,0,0,0,0,3,0.0,0.0,0.0,0.0,0.0,0.0,0.0,0.0,0.0,0,0,0,0
265,Caleb,Kporha,Kporha,i,Back injury - Unknown return date,,4.0,705,194.0,0.0,709,243.0,0.0,524.0,211.0,0,0,0.0,0,0.0,4,1,0.0,0.0,0.0,0.0,0.0,600.0,230.0,0.0,0.0,588.0,229.0,583.0,230.0,549.0,224.0,591.0,229.0,,,,,,,,0.0,0.0,0.0,0.0,0.0,0.0,0.0,0.0,0.0,23,0,0,0,0,0,0,0,0,0,0,0,0,0,0,0,10,5,0.0,0.0,0.0,0.0,0.0,0.0,0.0,0.0,0.0,0,0,0,0
267,Ismaïla,Sarr,Sarr,a,,,6.3,68,46.0,2.0,129,44.0,0.0,791.0,356.0,0,0,0.0,-2,2.0,1133,261,0.0,8.3,0.0,0.0,4.3,54.0,23.0,100.0,100.0,219.0,92.0,161.0,108.0,87.0,52.0,158.0,89.0,,,,,,,,0.36,0.05,0.41,1.28,0.0,0.54,0.8,1.07,6.51,23,0,0,0,0,0,0,0,0,0,0,0,0,0,0,0,2770,703,0.0,0.0,0.0,0.0,0.0,0.0,0.0,0.0,0.0,0,0,0,0
268,Cheick,Doucouré,Doucouré,i,Knee injury - Unknown return date,,4.9,323,200.0,0.0,770,337.0,0.0,717.0,303.0,0,0,0.0,-1,1.0,1,0,0.0,0.0,0.0,0.0,0.0,752.0,325.0,0.0,0.0,751.0,324.0,747.0,324.0,739.0,322.0,751.0,324.0,,,,,,,,0.0,0.0,0.0,0.0,0.0,0.0,0.0,0.0,0.0,23,0,0,0,0,0,0,0,0,0,0,0,0,0,0,0,4,1,0.0,0.0,0.0,0.0,0.0,0.0,0.0,0.0,0.0,0,0,0,0
269,Romain,Esse,Esse,u,has joined Coventry City on loan for the rest of the season.,,4.7,388,244.0,0.1,435,148.0,0.5,325.0,147.0,0,0,0.0,-3,3.0,0,45,0.1,0.9,0.0,0.0,1.0,463.0,216.0,0.0,0.0,445.0,203.0,431.0,209.0,403.0,198.0,456.0,210.0,,,,,,,,0.0,0.09,0.09,3.92,0.0,0.0,0.0,0.0,11.25,23,0,0,0,0,0,0,0,0,0,0,0,0,0,0,0,0,91,0.0,0.0,0.0,0.0,0.0,0.0,0.0,0.0,0.0,0,0,0,0
302,Idrissa Gana,Gueye,Gana,a,,,5.4,155,98.0,0.1,506,180.0,0.0,762.0,335.0,0,0,0.0,-1,1.0,89,18,0.0,8.1,0.0,0.0,3.4,133.0,58.0,100.0,100.0,222.0,93.0,199.0,129.0,190.0,106.0,228.0,113.0,,,,,,,,0.09,0.05,0.14,1.38,0.0,0.26,1.11,1.11,9.76,23,0,0,0,0,0,0,0,0,0,0,0,0,0,0,0,248,34,0.0,0.0,0.0,0.0,0.0,0.0,0.0,0.0,0.0,0,0,0,0
303,James,Garner,Garner,a,,,5.2,209,131.0,4.6,79,27.0,5.8,9.0,5.0,0,0,0.0,2,-2.0,10262,3605,1.1,19.0,5.8,5.8,4.5,37.0,17.0,,,22.0,6.0,19.0,18.0,119.0,69.0,29.0,24.0,3.0,3.0,,,,,,0.07,0.14,0.21,1.46,0.0,0.41,1.14,1.0,12.41,23,0,0,0,0,0,0,0,0,0,0,0,0,0,0,0,45488,7740,0.0,0.0,0.0,0.0,0.0,0.0,0.0,0.0,0.0,0,0,0,0
312,Youssef,Ramalho Chermiti,Y.Chermiti,u,has joined Rangers permanently.,,4.9,334,59.0,0.1,531,74.0,0.0,721.0,75.0,0,0,0.0,-1,1.0,0,2,0.0,0.0,0.0,0.0,0.0,756.0,83.0,0.0,0.0,755.0,83.0,751.0,82.0,743.0,82.0,755.0,83.0,,,,,,,,0.0,0.0,0.0,0.0,0.0,0.0,0.0,0.0,0.0,23,0,0,0,0,0,0,0,0,0,0,0,0,0,0,0,0,3,0.0,0.0,0.0,0.0,0.0,0.0,0.0,0.0,0.0,0,0,0,0
313,Martin,Sherif,Sherif,a,,,4.4,545,75.0,0.1,442,63.0,0.0,599.0,59.0,0,0,0.0,-1,1.0,25,13,0.0,0.0,0.0,0.0,0.0,657.0,68.0,100.0,100.0,648.0,68.0,645.0,67.0,621.0,67.0,651.0,68.0,,,,,,,,0.0,0.0,0.0,0.0,0.0,0.0,0.0,0.0,0.0,23,0,0,0,0,0,0,0,0,0,0,0,0,0,0,0,76,24,0.0,0.0,0.0,0.0,0.0,0.0,0.0,0.0,0.0,0,0,0,0
419,Jack,Grealish,Grealish,i,Foot injury - Unknown return date,,6.4,56,36.0,8.1,51,18.0,2.2,190.0,78.0,0,0,0.0,-1,1.0,24,18214,0.3,12.3,0.0,0.0,4.0,73.0,32.0,0.0,0.0,86.0,27.0,14.0,14.0,28.0,15.0,17.0,14.0,,,,,,,,0.11,0.19,0.3,1.43,0.0,0.39,1.27,1.0,7.47,23,0,0,0,0,0,0,0,0,0,0,0,0,0,0,0,57,59471,0.0,0.0,0.0,0.0,0.0,0.0,0.0,0.0,0.0,0,0,0,0
630,Tom,King,King,a,,,3.9,729,71.0,1.3,162,21.0,0.0,443.0,35.0,0,0,0.0,-1,1.0,52,165,0.0,0.0,0.0,0.0,0.0,521.0,40.0,,,509.0,40.0,502.0,27.0,465.0,12.0,512.0,40.0,,,,,,,,0.0,0.0,0.0,0.0,0.0,0.0,0.0,0.0,0.0,23,0,0,0,0,0,0,0,0,0,0,0,0,0,0,0,133,408,0.0,0.0,0.0,0.0,0.0,0.0,0.0,0.0,0.0,0,0,0,0
338,Rodrigo,Muniz Carvalho,Muniz,i,Hamstring injury - Expected back 07 Feb,,5.3,192,43.0,0.7,218,34.0,0.0,757.0,79.0,0,0,0.0,-2,2.0,9,68,0.0,3.2,0.0,0.0,2.4,267.0,26.0,0.0,0.0,367.0,38.0,330.0,39.0,173.0,39.0,329.0,39.0,,,,,,,,0.24,0.0,0.24,1.46,0.0,0.26,1.03,1.03,4.91,23,0,0,0,0,0,0,0,0,0,0,0,0,0,0,0,27,163,0.0,0.0,0.0,0.0,0.0,0.0,0.0,0.0,0.0,0,0,0,0
664,Benjamin,Lecomte,Lecomte,a,,,3.9,726,69.0,0.7,211,27.0,0.0,440.0,33.0,0,0,0.0,-1,1.0,59,105,0.0,0.0,0.0,0.0,0.0,519.0,38.0,,,507.0,38.0,500.0,25.0,463.0,10.0,510.0,38.0,,,,,,,,0.0,0.0,0.0,0.0,0.0,0.0,0.0,0.0,0.0,23,0,0,0,0,0,0,0,0,0,0,0,0,0,0,0,142,292,0.0,0.0,0.0,0.0,0.0,0.0,0.0,0.0,0.0,0,0,0,0
727,Samuel,Chukwueze,Chukwueze,a,,,5.3,190,119.0,0.1,489,173.0,1.0,287.0,126.0,6,0,0.0,-2,2.0,718,65,0.2,7.7,1.0,1.0,4.1,65.0,26.0,100.0,100.0,216.0,90.0,162.0,109.0,140.0,80.0,194.0,103.0,,,,,,,,0.26,0.46,0.72,1.34,0.0,0.0,2.12,0.64,7.0,23,6,31,1,0,0,0,0,0,0,0,0,0,0,0,24,1113,185,0.0,0.20999999999999996,0.009999999999999787,0.21999999999999975,0.29000000000000004,35.0,10.799999999999983,23.0,6.899999999999999,0,0,0,0
731,Kevin,Santos Lopes de Macedo,Kevin,a,,,5.8,112,71.0,0.1,543,196.0,2.0,201.0,86.0,1,0,0.0,-2,2.0,28,50,0.3,5.9,2.0,2.0,1.8,358.0,158.0,100.0,100.0,257.0,110.0,114.0,83.0,109.0,65.0,172.0,93.0,4.0,,,,,,,0.11,0.15,0.26,1.36,0.0,0.46,1.37,0.8,7.3,23,1,58,0,0,0,1,0,0,0,0,0,0,1,0,4,111,145,0.0,0.09999999999999998,0.10000000000000009,0.20000000000000018,1.2199999999999989,1.0,14.199999999999989,8.0,2.299999999999997,1,1,1,3
346,Sam,Byram,Byram,a,,,3.8,771,233.0,0.2,369,134.0,0.0,412.0,149.0,0,0,0.0,-2,2.0,18,26,0.0,0.3,-1.0,0.0,1.0,429.0,155.0,,,482.0,173.0,472.0,172.0,434.0,162.0,485.0,173.0,,,,,,,,0.0,0.0,0.0,10.16,0.0,0.0,12.86,0.0,0.0,23,0,0,0,0,0,0,0,0,0,0,0,0,0,0,0,57,142,0.0,0.0,0.0,0.0,0.0,0.0,0.0,0.0,0.0,0,0,0,0
392,Endo,Wataru,Endo,a,,,4.9,291,181.0,0.1,494,175.0,0.2,394.0,182.0,1,0,0.0,-1,1.0,16,8,0.0,1.6,0.7,0.7,1.3,411.0,184.0,100.0,100.0,407.0,181.0,394.0,196.0,729.0,314.0,433.0,196.0,,,,,,,,0.0,0.04,0.04,3.35,0.0,0.0,4.59,0.0,9.18,23,1,55,0,0,0,1,0,0,0,0,0,0,0,0,8,32,19,0.0,0.0,0.04,0.04,1.67,0.0,0.0,0.0,0.0,1,2,0,3
421,Rodrigo 'Rodri',Hernandez Cascante,Rodrigo,a,,,6.3,66,44.0,0.4,258,87.0,2.2,189.0,77.0,3,0,0.0,-2,2.0,144,177,0.3,4.0,2.7,2.7,2.3,284.0,125.0,100.0,100.0,278.0,125.0,144.0,100.0,324.0,170.0,271.0,133.0,,,,,,,,0.02,0.12,0.14,1.33,0.0,0.28,0.85,1.0,12.51,23,3,90,0,0,1,0,0,0,0,0,0,0,1,0,14,527,440,0.0,0.0,0.06999999999999995,0.06999999999999995,0.5899999999999999,17.39999999999999,19.599999999999994,0.0,3.700000000000003,2,3,4,9
422,Mateo,Kovačić,Kovačić,i,Ankle injury - Unknown return date,,5.9,89,57.0,0.0,672,278.0,0.0,786.0,351.0,0,0,0.0,-1,1.0,1,3,0.0,0.2,0.0,0.0,1.0,480.0,229.0,0.0,0.0,463.0,214.0,448.0,218.0,790.0,353.0,478.0,222.0,,,,,,,,0.0,0.0,0.0,0.0,0.0,0.0,0.0,0.0,0.0,23,0,0,0,0,0,0,0,0,0,0,0,0,0,0,0,2,3,0.0,0.0,0.0,0.0,0.0,0.0,0.0,0.0,0.0,0,0,0,0
466,Joshua,Zirkzee,Zirkzee,d,Knock - 50% chance of playing,,5.8,108,30.0,0.5,257,41.0,2.3,174.0,20.0,0,0,0.0,-2,2.0,16,559,0.4,5.7,1.1,0.3,2.4,271.0,27.0,50.0,25.0,271.0,25.0,178.0,15.0,121.0,31.0,225.0,27.0,,,,,,,,0.33,0.05,0.38,1.2,0.0,0.19,1.31,0.75,6.36,23,0,0,0,0,0,0,0,0,0,0,0,0,0,0,0,24,1520,0.0,0.0,0.0,0.0,0.0,0.0,0.0,0.0,0.0,0,0,0,0
467,Chido,Obi,Obi,a,,,4.2,639,87.0,1.7,140,20.0,0.0,552.0,51.0,0,0,0.0,-3,3.0,233,828,0.0,0.0,0.0,-1.0,0.0,618.0,61.0,,,607.0,60.0,604.0,60.0,574.0,60.0,611.0,61.0,,,,,,,,0.0,0.0,0.0,0.0,0.0,0.0,0.0,0.0,0.0,23,0,0,0,0,0,0,0,0,0,0,0,0,0,0,0,556,2133,0.0,0.0,0.0,0.0,0.0,0.0,0.0,0.0,0.0,0,0,0,0
468,Ethan,Wheatley,Wheatley,a,,,4.5,470,64.0,0.1,492,68.0,0.0,658.0,65.0,0,0,0.0,0,0.0,38,15,0.0,0.0,0.0,-1.0,0.0,708.0,74.0,100.0,100.0,705.0,74.0,701.0,73.0,683.0,73.0,706.0,74.0,,,,,,,,0.0,0.0,0.0,0.0,0.0,0.0,0.0,0.0,0.0,23,0,0,0,0,0,0,0,0,0,0,0,0,0,0,0,67,24,0.0,0.0,0.0,0.0,0.0,0.0,0.0,0.0,0.0,0,0,0,0
551,Chris,Rigg,Rigg,a,,,4.7,386,242.0,0.0,583,217.0,0.7,311.0,142.0,0,0,0.0,-3,3.0,10,14,0.1,3.2,0.7,0.7,1.5,390.0,174.0,,,425.0,189.0,318.0,178.0,356.0,183.0,404.0,183.0,,,,,,,,0.08,0.08,0.16,1.23,0.0,0.48,0.48,1.44,6.48,23,0,0,0,0,0,0,0,0,0,0,0,0,0,0,0,30,35,0.0,0.0,0.0,0.0,0.0,0.0,0.0,0.0,0.0,0,0,0,0
552,Noah,Sadiki,Sadiki,a,,,4.9,341,213.0,0.1,570,211.0,1.3,251.0,107.0,3,0,0.0,-1,1.0,44,12,0.3,9.2,1.3,1.3,2.5,257.0,110.0,100.0,100.0,231.0,97.0,147.0,101.0,300.0,158.0,235.0,117.0,,,,,,,,0.02,0.04,0.06,1.25,0.0,0.28,1.19,1.02,8.02,23,3,90,0,0,0,3,0,0,0,1,0,0,1,0,15,211,30,0.0,0.06,0.010000000000000009,0.07000000000000006,1.5199999999999996,20.0,3.0,7.0,3.0,4,3,7,14
553,Chemsdine,Talbi,Talbi,a,,,4.9,339,211.0,0.1,418,140.0,0.2,399.0,185.0,1,0,0.0,-1,1.0,32,27,0.0,10.6,0.2,0.2,3.1,169.0,72.0,100.0,100.0,282.0,128.0,164.0,110.0,169.0,98.0,243.0,120.0,,,,,,,,0.12,0.05,0.17,1.34,0.0,0.49,0.78,0.87,5.35,23,1,45,0,0,0,0,0,0,0,0,0,0,0,0,2,134,73,0.0,0.010000000000000009,0.030000000000000027,0.040000000000000036,0.21999999999999886,4.799999999999983,17.89999999999999,1.0,2.4000000000000057,0,1,1,2
563,Luís Hemir,Silva Semedo,Luís Hemir,u,has joined Moreirense on loan for the rest of the season.,,4.4,546,76.0,0.1,491,67.0,0.0,600.0,60.0,0,0,0.0,-1,1.0,0,5,0.0,0.0,0.0,0.0,0.0,658.0,69.0,0.0,0.0,649.0,69.0,646.0,68.0,622.0,68.0,652.0,69.0,,,,,,,,0.0,0.0,0.0,0.0,0.0,0.0,0.0,0.0,0.0,23,0,0,0,0,0,0,0,0,0,0,0,0,0,0,0,0,12,0.0,0.0,0.0,0.0,0.0,0.0,0.0,0.0,0.0,0,0,0,0
564,Nazarii,Rusyn,Rusyn,u,has joined Arka on loan for the rest of the season.,,4.4,529,73.0,0.1,495,69.0,0.0,590.0,57.0,0,0,0.0,-1,1.0,0,4,0.0,0.0,0.0,0.0,0.0,648.0,66.0,0.0,0.0,637.0,66.0,635.0,65.0,610.0,65.0,640.0,66.0,,,,,,,,0.0,0.0,0.0,0.0,0.0,0.0,0.0,0.0,0.0,23,0,0,0,0,0,0,0,0,0,0,0,0,0,0,0,0,11,0.0,0.0,0.0,0.0,0.0,0.0,0.0,0.0,0.0,0,0,0,0
668,Granit,Xhaka,Xhaka,d,Ankle injury - 25% chance of playing,,5.2,204,128.0,6.9,56,21.0,3.2,92.0,43.0,0,0,0.0,2,-2.0,1247,15562,0.6,17.3,0.8,3.2,4.1,64.0,25.0,25.0,,20.0,5.0,25.0,24.0,248.0,136.0,41.0,29.0,1.0,1.0,,,,,,0.03,0.1,0.13,1.43,0.0,0.32,1.06,1.01,10.87,23,0,0,0,0,0,0,0,0,0,0,0,0,0,0,0,10244,22111,0.0,0.0,0.0,0.0,0.0,0.0,0.0,0.0,0.0,0,0,0,0
670,Robin,Roefs,Roefs,a,,,5.0,267,10.0,13.1,31,5.0,3.0,108.0,10.0,1,0,0.0,5,-5.0,2631,8948,0.6,19.6,3.0,3.0,4.3,51.0,3.0,,,7.0,2.0,334.0,2.0,758.0,85.0,121.0,2.0,,,,,,,,0.0,0.0,0.0,1.45,3.3,0.3,1.13,1.0,0.0,23,1,90,0,0,0,3,0,0,0,0,0,2,1,0,5,13203,14765,0.0,0.0,0.010000000000000002,0.010000000000000002,1.5199999999999996,17.799999999999955,0.0,0.0,1.8000000000000114,0,1,9,0
688,James,Wright,Wright,a,,,3.9,749,80.0,0.6,230,31.0,0.0,455.0,44.0,0,0,0.0,-1,1.0,45,105,0.0,0.0,0.0,0.0,0.0,533.0,49.0,,,521.0,49.0,514.0,36.0,477.0,21.0,524.0,49.0,,,,,,,,0.0,0.0,0.0,0.0,0.0,0.0,0.0,0.0,0.0,23,0,0,0,0,0,0,0,0,0,0,0,0,0,0,0,125,242,0.0,0.0,0.0,0.0,0.0,0.0,0.0,0.0,0.0,0,0,0,0
701,Triston,Rowe,Rowe,u,has joined Annecy on loan for the rest of the season.,,4.0,698,188.0,0.1,522,189.0,0.0,518.0,206.0,0,0,0.0,0,0.0,0,8,0.0,0.0,0.0,0.0,0.0,594.0,225.0,0.0,0.0,582.0,224.0,577.0,225.0,543.0,219.0,585.0,224.0,,,,,,,,0.0,0.0,0.0,0.0,0.0,0.0,0.0,0.0,0.0,23,0,0,0,0,0,0,0,0,0,0,0,0,0,0,0,0,13,0.0,0.0,0.0,0.0,0.0,0.0,0.0,0.0,0.0,0,0,0,0
702,Bradley,Burrowes,Burrowes,a,,,4.4,559,335.0,0.1,527,187.0,0.0,609.0,223.0,0,0,0.0,-1,1.0,7,13,0.0,0.2,0.0,0.0,1.0,450.0,204.0,,,658.0,253.0,458.0,224.0,631.0,247.0,661.0,255.0,,,,,,,,0.0,0.0,0.0,5.06,0.0,0.0,5.62,0.0,5.62,23,0,0,0,0,0,0,0,0,0,0,0,0,0,0,0,20,31,0.0,0.0,0.0,0.0,0.0,0.0,0.0,0.0,0.0,0,0,0,0
703,Sam,Proctor,Proctor,a,,,3.9,760,88.0,0.6,229,30.0,0.0,466.0,52.0,0,0,0.0,-1,1.0,156,215,0.0,0.0,0.0,0.0,0.0,544.0,57.0,,,532.0,57.0,525.0,44.0,488.0,29.0,535.0,57.0,,,,,,,,0.0,0.0,0.0,0.0,0.0,0.0,0.0,0.0,0.0,23,0,0,0,0,0,0,0,0,0,0,0,0,0,0,0,355,440,0.0,0.0,0.0,0.0,0.0,0.0,0.0,0.0,0.0,0,0,0,0
710,Travis,Patterson,Patterson,a,,,3.9,757,223.0,0.2,368,133.0,0.0,463.0,176.0,0,0,0.0,-1,1.0,7,34,0.0,0.0,0.0,0.0,0.0,541.0,197.0,,,529.0,196.0,522.0,197.0,485.0,188.0,532.0,196.0,,,,,,,,0.0,0.0,0.0,0.0,0.0,0.0,0.0,0.0,0.0,23,0,0,0,0,0,0,0,0,0,0,0,0,0,0,0,26,85,0.0,0.0,0.0,0.0,0.0,0.0,0.0,0.0,0.0,0,0,0,0
719,Victor,Lindelöf,Lindelöf,a,,,4.5,408,76.0,0.1,458,169.0,1.7,218.0,81.0,0,0,0.0,0,0.0,68,64,0.4,4.4,1.7,1.7,2.0,320.0,122.0,100.0,100.0,290.0,111.0,361.0,129.0,388.0,145.0,361.0,128.0,,,,,,,,0.0,0.01,0.01,1.69,0.0,0.16,1.43,0.96,5.42,23,0,0,0,0,0,0,0,0,0,0,0,0,0,0,0,174,287,0.0,0.0,0.0,0.0,0.0,0.0,0.0,0.0,0.0,0,0,0,0
754,George,Hemmings,George Hemmings,a,,,4.5,475,291.0,0.0,749,323.0,0.3,354.0,157.0,0,0,0.0,0,0.0,11,6,0.1,0.4,0.3,0.3,1.0,458.0,211.0,,,708.0,291.0,437.0,212.0,425.0,211.0,476.0,220.0,,,,,,,,0.14,0.04,0.18,2.2,0.0,0.0,0.0,0.0,3.6,23,0,0,0,0,0,0,0,0,0,0,0,0,0,0,0,17,9,0.0,0.0,0.0,0.0,0.0,0.0,0.0,0.0,0.0,0,0,0,0
757,Ronnie,Hollingshead,Hollingshead,a,,,4.0,688,59.0,0.0,716,82.0,0.0,508.0,72.0,0,0,0.0,0,0.0,4,5,0.0,0.0,0.0,0.0,0.0,585.0,77.0,,,573.0,77.0,568.0,66.0,533.0,51.0,576.0,77.0,,,,,,,,0.0,0.0,0.0,0.0,0.0,0.0,0.0,0.0,0.0,23,0,0,0,0,0,0,0,0,0,0,0,0,0,0,0,12,13,0.0,0.0,0.0,0.0,0.0,0.0,0.0,0.0,0.0,0,0,0,0
752,Airidas,Golambeckis,Golambeckis,a,,,4.0,718,207.0,0.0,666,231.0,0.0,534.0,221.0,0,0,0.0,0,0.0,7,10,0.0,0.0,0.0,0.0,0.0,610.0,240.0,,,598.0,239.0,593.0,240.0,560.0,235.0,602.0,240.0,,,,,,,,0.0,0.0,0.0,0.0,0.0,0.0,0.0,0.0,0.0,23,0,0,0,0,0,0,0,0,0,0,0,0,0,0,0,38,20,0.0,0.0,0.0,0.0,0.0,0.0,0.0,0.0,0.0,0,0,0,0
642,Hwang,Hee-chan,Hee Chan,a,,,5.6,129,79.0,0.1,426,143.0,3.5,72.0,30.0,2,0,0.0,-4,4.0,171,96,0.6,7.3,3.5,3.0,2.3,280.0,122.0,100.0,100.0,291.0,131.0,182.0,120.0,153.0,88.0,253.0,122.0,,,3.0,,,,,0.18,0.08,0.26,1.26,0.0,0.17,1.57,1.13,5.23,23,2,70,0,0,0,2,0,0,0,0,0,0,1,0,3,745,363,0.0,0.0,0.010000000000000009,0.010000000000000231,0.8500000000000014,0.0,0.7000000000000028,0.0,0.0,0,0,2,2
643,André,Trindade da Costa Neto,André,a,,,5.3,201,125.0,0.1,523,186.0,1.3,254.0,110.0,1,0,0.0,-2,2.0,16,17,0.2,9.4,1.3,0.8,2.3,278.0,121.0,100.0,100.0,187.0,79.0,123.0,89.0,370.0,187.0,219.0,109.0,,,,,,,,0.01,0.04,0.05,1.51,0.0,0.06,1.8,0.95,12.35,23,1,90,0,0,0,2,0,0,0,1,0,0,1,0,18,208,137,0.0,0.0,0.010000000000000009,0.010000000000000009,0.9200000000000017,7.799999999999983,1.8000000000000114,0.0,1.0,4,1,5,10
644,Jean-Ricner,Bellegarde,Bellegarde,d,Hamstring injury - 50% chance of playing,,5.1,230,142.0,0.0,614,238.0,0.0,749.0,327.0,0,0,0.0,-4,4.0,0,3,0.0,4.9,0.0,0.0,1.8,352.0,156.0,50.0,0.0,305.0,136.0,233.0,144.0,220.0,121.0,292.0,142.0,3.0,4.0,,,,,,0.1,0.08,0.18,1.56,0.0,0.13,2.63,1.18,7.75,23,0,0,0,0,0,0,0,0,0,0,0,0,0,0,0,22,38,0.0,0.0,0.0,0.0,0.0,0.0,0.0,0.0,0.0,0,0,0,0
645,Fer,López González,Fer López,a,,,5.1,239,147.0,0.0,638,259.0,0.2,402.0,188.0,0,0,0.0,-4,4.0,3,8,0.0,2.4,0.2,-0.3,1.3,414.0,187.0,100.0,100.0,410.0,183.0,286.0,165.0,314.0,164.0,376.0,175.0,,,,,,,,0.06,0.24,0.3,1.57,0.0,0.0,3.55,0.79,4.74,23,0,0,0,0,0,0,0,0,0,0,0,0,0,0,0,14,13,0.0,0.0,0.0,0.0,0.0,0.0,0.0,0.0,0.0,0,0,0,0
235,Cole,Palmer,Palmer,d,Muscle injury - 75% chance of playing,,10.4,3,2.0,12.1,37,13.0,3.5,77.0,34.0,0,0,0.0,-1,1.0,6103,5885,0.3,4.3,2.6,2.6,3.8,97.0,46.0,75.0,75.0,223.0,94.0,194.0,126.0,82.0,49.0,180.0,96.0,,1.0,1.0,,,,,0.42,0.05,0.47,1.75,0.0,0.24,1.2,1.2,7.53,23,0,0,0,0,0,0,0,0,0,0,0,0,0,0,0,17574,16555,0.0,0.0,0.0,0.0,0.0,0.0,0.0,0.0,0.0,0,0,0,0
236,Pedro,Lomba Neto,Neto,a,,,7.1,36,22.0,6.4,62,22.0,2.2,192.0,80.0,0,0,0.0,1,-1.0,5548,3704,0.3,12.8,2.2,2.2,4.1,68.0,29.0,100.0,100.0,72.0,23.0,10.0,10.0,29.0,16.0,14.0,11.0,1.0,4.0,,,,,,0.19,0.22,0.41,1.2,0.0,0.47,0.78,1.04,4.53,23,0,0,0,0,0,0,0,0,0,0,0,0,0,0,0,15823,13242,0.0,0.0,0.0,0.0,0.0,0.0,0.0,0.0,0.0,0,0,0,0
237,Enzo,Fernández,Enzo,a,,,6.6,50,32.0,14.1,23,10.0,4.7,24.0,10.0,0,0,0.0,1,-1.0,35606,3387,0.7,14.8,4.7,4.7,4.7,27.0,11.0,100.0,100.0,32.0,7.0,12.0,12.0,12.0,5.0,5.0,3.0,3.0,3.0,2.0,,,,,0.39,0.2,0.59,1.31,0.0,0.4,1.06,1.01,7.77,23,0,0,0,0,0,0,0,0,0,0,0,0,0,0,0,139896,10654,0.0,0.0,0.0,0.0,0.0,0.0,0.0,0.0,0.0,0,0,0,0
1,David,Raya Martín,Raya,a,,,5.9,92,1.0,33.3,6,1.0,2.8,125.0,13.0,0,0,0.0,4,-4.0,8268,5929,0.5,15.6,3.8,3.8,4.2,59.0,4.0,,,110.0,16.0,374.0,3.0,791.0,91.0,265.0,16.0,,,,,,,,0.0,0.0,0.0,0.72,1.45,0.5,0.64,1.0,0.0,23,0,0,0,0,0,0,0,0,0,0,0,0,0,0,0,13439,22240,0.0,0.0,0.0,0.0,0.0,0.0,0.0,0.0,0.0,0,0,0,0
2,Kepa,Arrizabalaga Revuelta,Arrizabalaga,a,,,4.1,643,38.0,0.4,271,37.0,0.0,536.0,76.0,0,0,0.0,-4,4.0,27,53,0.0,0.0,1.0,1.0,0.0,612.0,81.0,,,600.0,81.0,595.0,70.0,562.0,55.0,604.0,81.0,,,,,,,,0.0,0.0,0.0,0.0,0.0,0.0,0.0,0.0,0.0,23,0,0,0,0,0,0,0,0,0,0,0,0,0,0,0,68,139,0.0,0.0,0.0,0.0,0.0,0.0,0.0,0.0,0.0,0,0,0,0
3,Karl,Hein,Hein,u,Has joined Werder Bremen on loan for the rest of the season.,,4.0,672,53.0,0.2,359,52.0,0.0,494.0,66.0,0,0,0.0,0,0.0,0,13,0.0,0.0,0.0,0.0,0.0,572.0,71.0,0.0,0.0,560.0,71.0,555.0,60.0,520.0,45.0,563.0,71.0,,,,,,,,0.0,0.0,0.0,0.0,0.0,0.0,0.0,0.0,0.0,23,0,0,0,0,0,0,0,0,0,0,0,0,0,0,0,0,37,0.0,0.0,0.0,0.0,0.0,0.0,0.0,0.0,0.0,0,0,0,0
4,Tommy,Setford,Setford,a,,,3.9,759,87.0,0.2,343,48.0,0.0,465.0,51.0,0,0,0.0,-1,1.0,38,78,0.0,0.0,1.0,1.0,0.0,543.0,56.0,,,531.0,56.0,524.0,43.0,487.0,28.0,534.0,56.0,,,,,,,,0.0,0.0,0.0,0.0,0.0,0.0,0.0,0.0,0.0,23,0,0,0,0,0,0,0,0,0,0,0,0,0,0,0,73,191,0.0,0.0,0.0,0.0,0.0,0.0,0.0,0.0,0.0,0,0,0,0
759,Marli,Salmon,Salmon,a,,,4.0,712,201.0,0.0,700,241.0,0.0,529.0,216.0,0,0,0.0,0,0.0,7,6,0.0,0.0,1.0,1.0,0.0,605.0,235.0,,,593.0,234.0,588.0,235.0,554.0,229.0,596.0,234.0,,,,,,,,0.0,0.0,0.0,0.0,0.0,0.0,0.0,0.0,0.0,23,0,0,0,0,0,0,0,0,0,0,0,0,0,0,0,12,13,0.0,0.0,0.0,0.0,0.0,0.0,0.0,0.0,0.0,0,0,0,0
32,Emiliano,Martínez Romero,Martinez,d,Calf injury - 75% chance of playing,,5.0,242,7.0,3.1,106,15.0,1.5,233.0,19.0,0,0,0.0,0,0.0,206,2141,0.3,13.2,1.1,1.1,3.7,102.0,10.0,75.0,75.0,71.0,13.0,430.0,12.0,748.0,83.0,245.0,13.0,,,,,,,,0.0,0.0,0.0,1.3,2.91,0.23,0.97,1.03,0.0,23,0,0,0,0,0,0,0,0,0,0,0,0,0,0,0,345,7266,0.0,0.0,0.0,0.0,0.0,0.0,0.0,0.0,0.0,0,0,0,0
33,Marco,Bizot,M.Bizot,a,,,4.2,618,32.0,0.4,267,35.0,0.3,341.0,24.0,0,0,0.0,-3,3.0,46,64,0.1,2.6,0.3,0.3,2.2,289.0,25.0,,,328.0,27.0,597.0,72.0,565.0,57.0,400.0,27.0,,,,,,,,0.0,0.0,0.0,1.9,2.89,0.22,1.78,0.89,0.0,23,0,0,0,0,0,0,0,0,0,0,0,0,0,0,0,128,212,0.0,0.0,0.0,0.0,0.0,0.0,0.0,0.0,0.0,0,0,0,0
34,Joe,Gauci,Gauci,u,Has joined Port Vale on loan for the rest of the season.,,4.0,671,52.0,0.1,477,74.0,0.0,493.0,65.0,0,0,0.0,0,0.0,0,11,0.0,0.0,0.0,0.0,0.0,571.0,70.0,0.0,0.0,559.0,70.0,554.0,59.0,519.0,44.0,562.0,70.0,,,,,,,,0.0,0.0,0.0,0.0,0.0,0.0,0.0,0.0,0.0,23,0,0,0,0,0,0,0,0,0,0,0,0,0,0,0,0,22,0.0,0.0,0.0,0.0,0.0,0.0,0.0,0.0,0.0,0,0,0,0
49,Leon,Bailey,Bailey,a,,,5.5,141,89.0,0.1,513,182.0,0.0,777.0,346.0,0,0,0.0,0,0.0,84,6,0.0,0.0,0.0,0.0,0.0,788.0,351.0,100.0,100.0,788.0,351.0,787.0,351.0,784.0,350.0,788.0,351.0,,,,,,,,0.0,0.0,0.0,0.0,0.0,0.0,0.0,0.0,0.0,23,0,0,0,0,0,0,0,0,0,0,0,0,0,0,0,184,12,0.0,0.0,0.0,0.0,0.0,0.0,0.0,0.0,0.0,0,0,0,0
50,Emiliano,Buendía Stati,Buendía,a,,,5.3,187,116.0,0.3,298,100.0,1.7,224.0,97.0,0,0,0.0,-2,2.0,338,282,0.3,11.3,1.7,1.7,3.0,191.0,82.0,100.0,100.0,174.0,70.0,101.0,75.0,106.0,63.0,119.0,65.0,,6.0,2.0,,,,,0.21,0.12,0.33,1.41,0.0,0.21,0.94,1.04,10.34,23,0,0,0,0,0,0,0,0,0,0,0,0,0,0,0,919,1042,0.0,0.0,0.0,0.0,0.0,0.0,0.0,0.0,0.0,0,0,0,0
51,Samuel,Iling-Junior,Iling Jr,u,has joined West Bromwich Albion on loan for the rest of the season,,5.5,150,96.0,0.0,671,277.0,0.0,779.0,348.0,0,0,0.0,0,0.0,0,1,0.0,0.0,0.0,0.0,0.0,789.0,352.0,0.0,0.0,789.0,352.0,788.0,352.0,785.0,351.0,789.0,352.0,,,,,,,,0.0,0.0,0.0,0.0,0.0,0.0,0.0,0.0,0.0,23,0,0,0,0,0,0,0,0,0,0,0,0,0,0,0,0,1,0.0,0.0,0.0,0.0,0.0,0.0,0.0,0.0,0.0,0,0,0,0
53,Donyell,Malen,Malen,u,has joined Roma on loan for the rest of the season.,,5.1,227,140.0,0.5,251,84.0,1.2,266.0,114.0,0,0,0.0,-4,4.0,0,665,0.2,10.8,0.0,0.0,2.6,243.0,104.0,0.0,0.0,239.0,101.0,219.0,135.0,55.0,34.0,160.0,91.0,,,1.0,,,,,0.57,0.05,0.62,1.49,0.0,0.14,1.41,0.7,2.25,23,0,0,0,0,0,0,0,0,0,0,0,0,0,0,0,0,2038,0.0,0.0,0.0,0.0,0.0,0.0,0.0,0.0,0.0,0,0,0,0
54,John,McGinn,McGinn,i,Knee injury - Unknown return date,,5.4,158,99.0,0.9,192,65.0,3.5,71.0,29.0,0,0,0.0,-1,1.0,22,4256,0.6,13.1,0.0,0.0,3.2,157.0,67.0,0.0,0.0,126.0,43.0,34.0,33.0,102.0,61.0,61.0,40.0,4.0,,,,,,,0.14,0.11,0.25,1.5,0.0,0.4,1.19,1.19,7.13,23,0,0,0,0,0,0,0,0,0,0,0,0,0,0,0,48,11692,0.0,0.0,0.0,0.0,0.0,0.0,0.0,0.0,0.0,0,0,0,0
55,Ross,Barkley,Barkley,d,Knee injury - 50% chance of playing,,4.8,347,218.0,0.0,619,242.0,0.0,693.0,286.0,0,0,0.0,-2,2.0,3,6,0.0,3.1,0.0,0.0,2.1,309.0,136.0,50.0,0.0,382.0,168.0,345.0,181.0,285.0,151.0,369.0,173.0,,,,,,,,0.34,0.13,0.47,1.11,0.0,0.0,0.0,0.0,11.84,23,0,0,0,0,0,0,0,0,0,0,0,0,0,0,0,6,14,0.0,0.0,0.0,0.0,0.0,0.0,0.0,0.0,0.0,0,0,0,0
56,Enzo,Barrenechea,Barrenechea,u,Season-long loan to Benfica,,5.0,264,161.0,0.0,801,360.0,0.0,738.0,318.0,0,0,0.0,0,0.0,0,0,0.0,0.0,0.0,0.0,0.0,767.0,336.0,0.0,0.0,766.0,335.0,764.0,335.0,757.0,333.0,766.0,335.0,,,,,,,,0.0,0.0,0.0,0.0,0.0,0.0,0.0,0.0,0.0,23,0,0,0,0,0,0,0,0,0,0,0,0,0,0,0,0,0,0.0,0.0,0.0,0.0,0.0,0.0,0.0,0.0,0.0,0,0,0,0
768,Leon,Routh,Leon Routh,a,,,4.0,719,208.0,0.0,729,248.0,0.0,535.0,222.0,0,0,0.0,0,0.0,2,4,0.0,0.0,0.0,0.0,0.0,611.0,241.0,,,599.0,240.0,594.0,241.0,561.0,236.0,603.0,241.0,,,,,,,,0.0,0.0,0.0,0.0,0.0,0.0,0.0,0.0,0.0,23,0,0,0,0,0,0,0,0,0,0,0,0,0,0,0,8,8,0.0,0.0,0.0,0.0,0.0,0.0,0.0,0.0,0.0,0,0,0,0
781,TJ,Carroll,Carroll,a,,,4.0,713,202.0,0.0,757,258.0,0.0,530.0,217.0,0,0,0.0,0,0.0,3,3,0.0,0.0,0.0,0.0,0.0,606.0,236.0,,,594.0,235.0,589.0,236.0,555.0,230.0,597.0,235.0,,,,,,,,0.0,0.0,0.0,0.0,0.0,0.0,0.0,0.0,0.0,23,0,0,0,0,0,0,0,0,0,0,0,0,0,0,0,17,7,0.0,0.0,0.0,0.0,0.0,0.0,0.0,0.0,0.0,0,0,0,0
792,Alysson Edward Franco,da Rocha dos Santos,Alysson,d,Knock - 25% chance of playing,,5.0,281,174.0,0.0,793,353.0,0.0,746.0,324.0,0,0,0.0,0,0.0,1,3,0.0,0.0,0.0,0.0,0.0,774.0,341.0,25.0,25.0,774.0,341.0,772.0,341.0,766.0,339.0,774.0,341.0,,,,,,,,0.0,0.0,0.0,0.0,0.0,0.0,0.0,0.0,0.0,23,0,0,0,0,0,0,0,0,0,0,0,0,0,0,0,1,4,0.0,0.0,0.0,0.0,0.0,0.0,0.0,0.0,0.0,0,0,0,0
183,Max,Weiß,Weiss,a,,,4.3,595,30.0,0.1,448,69.0,0.0,567.0,83.0,0,0,0.0,-2,2.0,20,15,0.0,0.0,0.0,0.0,0.0,629.0,86.0,,,618.0,86.0,616.0,79.0,588.0,66.0,621.0,86.0,,,,,,,,0.0,0.0,0.0,0.0,0.0,0.0,0.0,0.0,0.0,23,0,0,0,0,0,0,0,0,0,0,0,0,0,0,0,68,61,0.0,0.0,0.0,0.0,0.0,0.0,0.0,0.0,0.0,0,0,0,0
184,Etienne,Green,Green,u,has joined FC Fredericia permanently.,,4.0,677,56.0,0.2,389,57.0,0.0,498.0,69.0,0,0,0.0,0,0.0,0,7,0.0,0.0,0.0,0.0,0.0,576.0,74.0,0.0,0.0,564.0,74.0,559.0,63.0,524.0,48.0,567.0,74.0,,,,,,,,0.0,0.0,0.0,0.0,0.0,0.0,0.0,0.0,0.0,23,0,0,0,0,0,0,0,0,0,0,0,0,0,0,0,0,38,0.0,0.0,0.0,0.0,0.0,0.0,0.0,0.0,0.0,0,0,0,0
185,Václav,Hladký,Hladký,a,,,3.9,721,64.0,0.2,391,58.0,0.0,436.0,29.0,0,0,0.0,-1,1.0,10,31,0.0,0.0,0.0,0.0,0.0,515.0,34.0,,,503.0,34.0,495.0,20.0,458.0,5.0,506.0,34.0,,,,,,,,0.0,0.0,0.0,0.0,0.0,0.0,0.0,0.0,0.0,23,0,0,0,0,0,0,0,0,0,0,0,0,0,0,0,71,156,0.0,0.0,0.0,0.0,0.0,0.0,0.0,0.0,0.0,0,0,0,0
186,Connor,Roberts,Roberts,i,Achilles injury - Unknown return date,,4.4,515,103.0,0.0,642,224.0,0.0,585.0,236.0,0,0,0.0,-1,1.0,3,4,0.0,0.0,0.0,0.0,0.0,645.0,247.0,0.0,0.0,634.0,246.0,632.0,247.0,606.0,244.0,637.0,247.0,,,,,,,,0.0,0.0,0.0,0.0,0.0,0.0,0.0,0.0,0.0,23,0,0,0,0,0,0,0,0,0,0,0,0,0,0,0,19,30,0.0,0.0,0.0,0.0,0.0,0.0,0.0,0.0,0.0,0,0,0,0
282,Franco,Umeh-Chibueze,Umeh,u,has joined Portsmouth permanently.,,4.5,468,287.0,0.0,683,286.0,0.0,656.0,259.0,0,0,0.0,0,0.0,0,1,0.0,0.0,0.0,0.0,0.0,706.0,292.0,0.0,0.0,703.0,289.0,699.0,290.0,681.0,284.0,704.0,290.0,,,,,,,,0.0,0.0,0.0,0.0,0.0,0.0,0.0,0.0,0.0,23,0,0,0,0,0,0,0,0,0,0,0,0,0,0,0,0,3,0.0,0.0,0.0,0.0,0.0,0.0,0.0,0.0,0.0,0,0,0,0
283,Jean-Philippe,Mateta,Mateta,a,,,7.5,21,7.0,10.0,44,8.0,2.8,126.0,13.0,0,0,0.0,0,0.0,2572,5100,0.4,10.9,2.8,2.8,3.7,108.0,9.0,100.0,100.0,60.0,5.0,192.0,18.0,4.0,3.0,27.0,5.0,,,2.0,,,,,0.56,0.06,0.62,1.21,0.0,0.4,0.99,1.09,5.34,23,0,0,0,0,0,0,0,0,0,0,0,0,0,0,0,4557,21897,0.0,0.0,0.0,0.0,0.0,0.0,0.0,0.0,0.0,0,0,0,0
284,Eddie,Nketiah,Nketiah,i,Hamstring injury - Unknown return date,,5.4,164,40.0,0.4,288,45.0,0.2,404.0,46.0,0,0,0.0,-1,1.0,8,263,0.0,4.3,0.0,0.0,1.9,338.0,34.0,0.0,0.0,294.0,28.0,244.0,26.0,116.0,30.0,255.0,30.0,,,,,,,,0.38,0.1,0.48,2.06,0.0,0.0,2.61,0.43,8.26,23,0,0,0,0,0,0,0,0,0,0,0,0,0,0,0,21,786,0.0,0.0,0.0,0.0,0.0,0.0,0.0,0.0,0.0,0,0,0,0
667,Adam,Aznou,Aznou,a,,,4.2,631,150.0,0.1,562,203.0,0.0,545.0,225.0,0,0,0.0,-3,3.0,4,5,0.0,0.0,0.0,0.0,0.0,616.0,242.0,100.0,100.0,605.0,242.0,602.0,242.0,571.0,238.0,609.0,243.0,,,,,,,,0.0,0.0,0.0,0.0,0.0,0.0,0.0,0.0,0.0,23,0,0,0,0,0,0,0,0,0,0,0,0,0,0,0,12,15,0.0,0.0,0.0,0.0,0.0,0.0,0.0,0.0,0.0,0,0,0,0
704,Tyler,Onyango,Onyango,u,has joined Stockport County on loan for the rest of the season.,,4.5,430,258.0,0.1,574,214.0,0.0,631.0,236.0,0,0,0.0,0,0.0,0,2,0.0,0.0,0.0,0.0,0.0,683.0,271.0,0.0,0.0,676.0,265.0,675.0,268.0,654.0,260.0,679.0,267.0,,,,,,,,0.0,0.0,0.0,0.0,0.0,0.0,0.0,0.0,0.0,23,0,0,0,0,0,0,0,0,0,0,0,0,0,0,0,0,5,0.0,0.0,0.0,0.0,0.0,0.0,0.0,0.0,0.0,0,0,0,0
705,Elijah,Campbell,Campbell,a,,,3.9,753,221.0,0.2,394,143.0,0.0,459.0,174.0,0,0,0.0,-1,1.0,12,27,0.0,0.0,0.0,0.0,0.0,537.0,195.0,,,525.0,194.0,518.0,195.0,481.0,186.0,528.0,194.0,,,,,,,,0.0,0.0,0.0,0.0,0.0,0.0,0.0,0.0,0.0,23,0,0,0,0,0,0,0,0,0,0,0,0,0,0,0,29,44,0.0,0.0,0.0,0.0,0.0,0.0,0.0,0.0,0.0,0,0,0,0
161,Julio,Enciso Espínola,Enciso,u,has joined Strasbourg permanently.,,5.4,172,107.0,0.0,724,309.0,0.0,770.0,340.0,0,0,0.0,-1,1.0,0,0,0.0,0.0,0.0,0.0,0.0,784.0,347.0,0.0,0.0,784.0,347.0,783.0,347.0,779.0,346.0,784.0,347.0,,,,,,,,0.0,0.0,0.0,0.0,0.0,0.0,0.0,0.0,0.0,23,0,0,0,0,0,0,0,0,0,0,0,0,0,0,0,0,0,0.0,0.0,0.0,0.0,0.0,0.0,0.0,0.0,0.0,0,0,0,0
162,Brajan,Gruda,Gruda,d,Knock - 75% chance of playing,,5.4,177,111.0,0.1,542,195.0,1.3,255.0,111.0,0,0,0.0,-1,1.0,33,45,0.2,6.5,1.0,1.3,1.9,339.0,149.0,75.0,100.0,279.0,126.0,107.0,77.0,134.0,78.0,197.0,104.0,,,,,,,,0.24,0.11,0.35,1.76,0.0,0.25,1.4,1.02,7.37,23,0,0,0,0,0,0,0,0,0,0,0,0,0,0,0,182,120,0.0,0.0,0.0,0.0,0.0,0.0,0.0,0.0,0.0,0,0,0,0
163,Jack,Hinshelwood,Hinshelwood,a,,,5.1,238,146.0,0.0,579,216.0,1.7,223.0,96.0,0,0,0.0,-4,4.0,24,43,0.3,7.1,1.7,1.7,2.8,215.0,94.0,100.0,100.0,283.0,129.0,302.0,172.0,221.0,122.0,298.0,144.0,,,,,,,,0.1,0.05,0.15,2.15,0.0,0.14,1.79,0.96,8.93,23,0,0,0,0,0,0,0,0,0,0,0,0,0,0,0,103,104,0.0,0.0,0.0,0.0,0.0,0.0,0.0,0.0,0.0,0,0,0,0
165,Abdallah,Sima,Sima,u,has joined Lens permanently.,,5.4,178,112.0,0.0,711,302.0,0.0,772.0,342.0,0,0,0.0,-1,1.0,0,1,0.0,0.0,0.0,0.0,0.0,785.0,348.0,0.0,0.0,785.0,348.0,784.0,348.0,780.0,347.0,785.0,348.0,,,,,,,,0.0,0.0,0.0,0.0,0.0,0.0,0.0,0.0,0.0,23,0,0,0,0,0,0,0,0,0,0,0,0,0,0,0,0,2,0.0,0.0,0.0,0.0,0.0,0.0,0.0,0.0,0.0,0,0,0,0
291,James,Tarkowski,Tarkowski,a,,,5.8,102,7.0,13.9,24,8.0,5.2,16.0,8.0,0,0,0.0,3,-3.0,8785,4979,0.9,18.6,5.2,5.2,4.9,19.0,9.0,,,12.0,5.0,146.0,37.0,118.0,20.0,57.0,8.0,,,,,,,,0.05,0.05,0.1,1.46,0.0,0.41,1.14,1.0,11.18,23,0,0,0,0,0,0,0,0,0,0,0,0,0,0,0,48779,9786,0.0,0.0,0.0,0.0,0.0,0.0,0.0,0.0,0.0,0,0,0,0
292,Vitalii,Mykolenko,Mykolenko,a,,,4.9,310,51.0,0.8,203,77.0,3.7,62.0,27.0,0,0,0.0,-1,1.0,325,465,0.8,12.7,3.7,3.7,3.3,143.0,57.0,100.0,100.0,130.0,58.0,129.0,31.0,284.0,86.0,165.0,51.0,,,,,,,,0.01,0.07,0.08,1.43,0.0,0.37,1.27,1.0,7.13,23,0,0,0,0,0,0,0,0,0,0,0,0,0,0,0,2987,1113,0.0,0.0,0.0,0.0,0.0,0.0,0.0,0.0,0.0,0,0,0,0
293,Jake,O'Brien,O'Brien,a,,,4.9,335,56.0,0.8,201,76.0,4.2,36.0,13.0,0,0,0.0,-1,1.0,619,489,0.9,15.5,4.2,4.2,3.5,121.0,44.0,,,102.0,44.0,142.0,35.0,225.0,59.0,145.0,46.0,,,,,,,,0.03,0.03,0.06,1.53,0.0,0.39,1.17,0.97,6.82,23,0,0,0,0,0,0,0,0,0,0,0,0,0,0,0,5123,1190,0.0,0.0,0.0,0.0,0.0,0.0,0.0,0.0,0.0,0,0,0,0
294,Séamus,Coleman,Coleman,a,,,4.2,617,142.0,0.1,482,174.0,0.0,539.0,223.0,0,0,0.0,-3,3.0,11,4,0.0,0.7,0.0,0.0,1.0,438.0,163.0,100.0,100.0,602.0,241.0,463.0,169.0,564.0,237.0,606.0,242.0,,,,,,,,0.0,0.0,0.0,1.96,0.0,0.0,0.0,8.18,0.0,23,0,0,0,0,0,0,0,0,0,0,0,0,0,0,0,42,14,0.0,0.0,0.0,0.0,0.0,0.0,0.0,0.0,0.0,0,0,0,0
307,Coby,Ebere,Ebere,a,,,4.4,539,323.0,0.0,598,229.0,0.0,595.0,215.0,0,0,0.0,-1,1.0,8,8,0.0,0.0,0.0,0.0,0.0,653.0,253.0,,,643.0,244.0,641.0,249.0,616.0,238.0,646.0,246.0,,,,,,,,0.0,0.0,0.0,0.0,0.0,0.0,0.0,0.0,0.0,23,0,0,0,0,0,0,0,0,0,0,0,0,0,0,0,25,20,0.0,0.0,0.0,0.0,0.0,0.0,0.0,0.0,0.0,0,0,0,0
506,Murillo,Costa dos Santos,Murillo,d,Hamstring injury - 75% chance of playing,,5.2,221,31.0,1.9,136,54.0,2.8,123.0,43.0,0,0,0.0,-3,3.0,86,1231,0.5,10.4,2.1,2.1,3.4,131.0,52.0,75.0,75.0,78.0,34.0,257.0,76.0,261.0,73.0,182.0,60.0,,3.0,,,,,,0.03,0.03,0.06,1.37,0.0,0.2,1.45,1.05,10.06,23,0,0,0,0,0,0,0,0,0,0,0,0,0,0,0,200,3417,0.0,0.0,0.0,0.0,0.0,0.0,0.0,0.0,0.0,0,0,0,0
507,Ola,Aina,Aina,a,,,4.7,376,64.0,1.9,133,53.0,1.3,249.0,94.0,0,0,0.0,-3,3.0,260,91,0.3,3.0,1.3,1.3,2.3,273.0,106.0,100.0,100.0,325.0,126.0,280.0,89.0,309.0,98.0,343.0,119.0,,,,,,,,0.01,0.07,0.08,1.61,0.0,0.17,1.39,1.04,7.3,23,0,0,0,0,0,0,0,0,0,0,0,0,0,0,0,751,224,0.0,0.0,0.0,0.0,0.0,0.0,0.0,0.0,0.0,0,0,0,0
508,Neco,Williams,N.Williams,a,,,4.7,379,65.0,3.1,102,40.0,2.2,179.0,70.0,0,0,0.0,-3,3.0,319,589,0.5,13.8,2.2,2.2,3.0,186.0,72.0,,,34.0,15.0,44.0,5.0,86.0,9.0,36.0,2.0,4.0,,,,,,,0.06,0.1,0.16,1.41,0.0,0.18,1.55,1.0,6.73,23,0,0,0,0,0,0,0,0,0,0,0,0,0,0,0,1028,2105,0.0,0.0,0.0,0.0,0.0,0.0,0.0,0.0,0.0,0,0,0,0
513,Zach,Abbott,Abbott,a,,,3.8,795,256.0,0.3,336,124.0,0.0,430.0,166.0,0,0,0.0,-2,2.0,40,66,0.0,0.3,0.0,0.0,1.0,432.0,158.0,,,434.0,161.0,450.0,165.0,452.0,179.0,453.0,163.0,,,,,,,,0.0,0.0,0.0,1.26,0.0,0.0,2.0,0.0,14.0,23,0,0,0,0,0,0,0,0,0,0,0,0,0,0,0,113,192,0.0,0.0,0.0,0.0,0.0,0.0,0.0,0.0,0.0,0,0,0,0
550,Ian,Poveda-Ocampo,Poveda,a,,,4.8,356,224.0,0.0,655,269.0,0.0,697.0,289.0,0,0,0.0,-2,2.0,1,5,0.0,0.0,0.0,0.0,0.0,740.0,316.0,,,739.0,315.0,734.0,315.0,722.0,311.0,739.0,315.0,,,,,,,,0.0,0.0,0.0,0.0,0.0,0.0,0.0,0.0,0.0,23,0,0,0,0,0,0,0,0,0,0,0,0,0,0,0,6,7,0.0,0.0,0.0,0.0,0.0,0.0,0.0,0.0,0.0,0,0,0,0
131,Yunus Emre,Konak,Konak,u,has joined Oxford United on loan for the rest of the season.,,4.3,614,360.0,0.2,378,130.0,0.0,581.0,210.0,0,0,0.0,-2,2.0,0,135,0.0,0.0,0.0,0.0,0.0,642.0,248.0,0.0,0.0,631.0,238.0,629.0,243.0,602.0,232.0,634.0,240.0,,,,,,,,0.0,0.0,0.0,0.0,0.0,0.0,0.0,0.0,0.0,23,0,0,0,0,0,0,0,0,0,0,0,0,0,0,0,0,370,0.0,0.0,0.0,0.0,0.0,0.0,0.0,0.0,0.0,0,0,0,0
132,Paris,Maghoma,Maghoma,a,,,4.5,414,250.0,0.0,643,261.0,0.0,618.0,228.0,0,0,0.0,0,0.0,14,24,0.0,0.0,0.0,0.0,0.0,674.0,264.0,100.0,100.0,667.0,258.0,664.0,261.0,641.0,252.0,670.0,260.0,,,,,,,,0.0,0.0,0.0,0.0,0.0,0.0,0.0,0.0,0.0,23,0,0,0,0,0,0,0,0,0,0,0,0,0,0,0,31,52,0.0,0.0,0.0,0.0,0.0,0.0,0.0,0.0,0.0,0,0,0,0
133,Myles,Peart-Harris,Peart-Harris,u,has joined Oxford United permanently.,,4.4,532,318.0,0.0,617,240.0,0.2,379.0,169.0,0,0,0.0,-1,1.0,0,17,0.0,0.2,0.0,0.0,1.0,445.0,199.0,0.0,0.0,639.0,240.0,637.0,245.0,612.0,234.0,642.0,242.0,,,,,,,,0.0,0.0,0.0,0.0,0.0,0.0,0.0,0.0,0.0,23,0,0,0,0,0,0,0,0,0,0,0,0,0,0,0,0,50,0.0,0.0,0.0,0.0,0.0,0.0,0.0,0.0,0.0,0,0,0,0
134,Ryan,Trevitt,Trevitt,u,Has joined Wigan on loan for the rest of the season,,4.5,480,296.0,0.0,761,330.0,0.0,665.0,265.0,0,0,0.0,0,0.0,0,0,0.0,0.0,0.0,0.0,0.0,715.0,298.0,0.0,0.0,713.0,296.0,708.0,296.0,691.0,291.0,713.0,296.0,,,,,,,,0.0,0.0,0.0,0.0,0.0,0.0,0.0,0.0,0.0,23,0,0,0,0,0,0,0,0,0,0,0,0,0,0,0,0,0,0.0,0.0,0.0,0.0,0.0,0.0,0.0,0.0,0.0,0,0,0,0
188,Hannes,Delcroix,Delcroix,u,has joined Lugano permanently.,,3.8,778,239.0,0.2,341,125.0,0.0,417.0,153.0,0,0,0.0,-2,2.0,0,104,0.0,0.0,0.0,0.0,0.0,498.0,177.0,0.0,0.0,486.0,176.0,477.0,176.0,439.0,166.0,489.0,176.0,,,,,,,,0.0,0.0,0.0,0.0,0.0,0.0,0.0,0.0,0.0,23,0,0,0,0,0,0,0,0,0,0,0,0,0,0,0,0,304,0.0,0.0,0.0,0.0,0.0,0.0,0.0,0.0,0.0,0,0,0,0
675,Angus,Gunn,Gunn,a,,,4.0,651,43.0,1.2,172,22.0,0.0,477.0,57.0,0,0,0.0,0,0.0,15,56,0.0,0.0,0.0,0.0,0.0,555.0,62.0,100.0,100.0,543.0,62.0,537.0,50.0,501.0,35.0,546.0,62.0,,,,,,,,0.0,0.0,0.0,0.0,0.0,0.0,0.0,0.0,0.0,23,0,0,0,0,0,0,0,0,0,0,0,0,0,0,0,29,181,0.0,0.0,0.0,0.0,0.0,0.0,0.0,0.0,0.0,0,0,0,0
595,Callum,Olusesi,Olusesi,a,,,4.3,591,345.0,0.2,366,123.0,0.0,565.0,198.0,0,0,0.0,-2,2.0,26,44,0.0,0.0,-0.5,0.0,0.0,627.0,236.0,,,616.0,226.0,613.0,231.0,585.0,219.0,619.0,228.0,,,,,,,,0.0,0.0,0.0,0.0,0.0,0.0,0.0,0.0,0.0,23,0,0,0,0,0,0,0,0,0,0,0,0,0,0,0,110,107,0.0,0.0,0.0,0.0,0.0,0.0,0.0,0.0,0.0,0,0,0,0
5,Gabriel,dos Santos Magalhães,Gabriel,a,,,6.9,41,1.0,36.7,5,2.0,6.5,2.0,2.0,0,0,0.0,9,-9.0,24430,835,0.9,17.4,7.5,7.5,7.5,1.0,1.0,100.0,100.0,41.0,19.0,261.0,79.0,124.0,21.0,107.0,34.0,,,,,,,,0.11,0.05,0.16,0.62,0.0,0.66,0.46,1.0,8.63,23,0,0,0,0,0,0,0,0,0,0,0,0,0,0,0,75423,4973,0.0,0.0,0.0,0.0,0.0,0.0,0.0,0.0,0.0,0,0,0,0
6,William,Saliba,Saliba,a,,,6.0,86,4.0,12.2,36,12.0,3.3,85.0,29.0,0,0,0.0,0,0.0,5000,1513,0.6,11.5,4.3,4.3,3.8,91.0,36.0,100.0,100.0,148.0,62.0,260.0,78.0,330.0,107.0,246.0,85.0,,,,,,,,0.02,0.03,0.05,0.68,0.0,0.5,0.56,1.06,6.11,23,0,0,0,0,0,0,0,0,0,0,0,0,0,0,0,11953,5165,0.0,0.0,0.0,0.0,0.0,0.0,0.0,0.0,0.0,0,0,0,0
7,Riccardo,Calafiori,Calafiori,d,Lack of match fitness - 75% chance of playing,,5.6,132,15.0,6.2,65,22.0,0.0,783.0,261.0,0,0,0.0,1,-1.0,334,2016,0.0,13.8,0.8,0.8,4.8,24.0,12.0,75.0,75.0,195.0,77.0,212.0,55.0,81.0,8.0,171.0,55.0,,,,,,,,0.18,0.03,0.21,0.51,0.0,0.64,0.5,1.15,6.09,23,0,0,0,0,0,0,0,0,0,0,0,0,0,0,0,580,5539,0.0,0.0,0.0,0.0,0.0,0.0,0.0,0.0,0.0,0,0,0,0
8,Jurriën,Timber,J.Timber,a,,,6.3,69,2.0,28.2,10,3.0,3.8,58.0,24.0,0,0,0.0,8,-8.0,11118,6878,0.6,17.3,4.8,4.8,5.2,14.0,6.0,100.0,100.0,84.0,38.0,72.0,14.0,45.0,1.0,48.0,5.0,,,,,,,,0.22,0.05,0.27,0.6,0.0,0.52,0.62,0.99,5.52,23,0,0,0,0,0,0,0,0,0,0,0,0,0,0,0,28738,21757,0.0,0.0,0.0,0.0,0.0,0.0,0.0,0.0,0.0,0,0,0,0
9,Jakub,Kiwior,Kiwior,u,has joined Porto on loan for the rest of the season.,,5.4,170,20.0,0.0,581,210.0,0.0,769.0,260.0,0,0,0.0,-1,1.0,0,1,0.0,0.0,0.0,0.0,0.0,783.0,262.0,0.0,0.0,783.0,262.0,782.0,262.0,778.0,261.0,783.0,262.0,,,,,,,,0.0,0.0,0.0,0.0,0.0,0.0,0.0,0.0,0.0,23,0,0,0,0,0,0,0,0,0,0,0,0,0,0,0,0,1,0.0,0.0,0.0,0.0,0.0,0.0,0.0,0.0,0.0,0,0,0,0
10,Myles,Lewis-Skelly,Lewis-Skelly,a,,,5.1,237,37.0,1.5,154,59.0,0.5,331.0,120.0,0,0,0.0,-4,4.0,146,215,0.1,2.4,1.5,1.5,0.9,485.0,167.0,,,408.0,155.0,322.0,108.0,365.0,128.0,399.0,143.0,,,,,,,,0.01,0.02,0.03,1.52,0.0,0.0,1.45,0.29,4.05,23,0,0,0,0,0,0,0,0,0,0,0,0,0,0,0,286,906,0.0,0.0,0.0,0.0,0.0,0.0,0.0,0.0,0.0,0,0,0,0
11,Benjamin,White,White,a,,,5.1,226,32.0,0.6,237,89.0,1.2,265.0,99.0,0,0,0.0,-4,4.0,333,142,0.2,5.7,2.2,2.2,4.8,22.0,10.0,100.0,100.0,316.0,122.0,231.0,65.0,302.0,95.0,320.0,108.0,,,,,,,,0.1,0.11,0.21,1.4,0.0,0.72,0.72,1.19,7.4,23,0,0,0,0,0,0,0,0,0,0,0,0,0,0,0,1077,844,0.0,0.0,0.0,0.0,0.0,0.0,0.0,0.0,0.0,0,0,0,0
13,Brayden,Clarke,Clarke,a,,,3.8,797,258.0,0.4,259,98.0,0.0,431.0,167.0,0,0,0.0,-2,2.0,40,105,0.0,0.0,1.0,1.0,0.0,510.0,189.0,,,498.0,188.0,490.0,189.0,453.0,180.0,501.0,188.0,,,,,,,,0.0,0.0,0.0,0.0,0.0,0.0,0.0,0.0,0.0,23,0,0,0,0,0,0,0,0,0,0,0,0,0,0,0,125,261,0.0,0.0,0.0,0.0,0.0,0.0,0.0,0.0,0.0,0,0,0,0
14,Maldini,Kacurri,Kacurri,u,has joined Morecambe on loan for the rest of the season.,,3.9,764,226.0,0.1,472,172.0,0.0,470.0,179.0,0,0,0.0,-1,1.0,0,5,0.0,0.0,0.0,0.0,0.0,548.0,200.0,0.0,0.0,536.0,199.0,529.0,200.0,492.0,191.0,539.0,199.0,,,,,,,,0.0,0.0,0.0,0.0,0.0,0.0,0.0,0.0,0.0,23,0,0,0,0,0,0,0,0,0,0,0,0,0,0,0,0,17,0.0,0.0,0.0,0.0,0.0,0.0,0.0,0.0,0.0,0,0,0,0
15,Josh,Nichols,Nichols,a,,,3.8,786,247.0,0.2,386,141.0,0.0,423.0,159.0,0,0,0.0,-2,2.0,9,27,0.0,0.0,1.0,1.0,0.0,503.0,182.0,,,491.0,181.0,482.0,181.0,444.0,171.0,494.0,181.0,,,,,,,,0.0,0.0,0.0,0.0,0.0,0.0,0.0,0.0,0.0,23,0,0,0,0,0,0,0,0,0,0,0,0,0,0,0,34,72,0.0,0.0,0.0,0.0,0.0,0.0,0.0,0.0,0.0,0,0,0,0
16,Bukayo,Saka,Saka,a,,,10.1,5,3.0,17.6,20,8.0,3.5,76.0,33.0,0,0,0.0,1,-1.0,4632,14801,0.3,9.8,4.5,4.5,5.0,17.0,8.0,100.0,100.0,66.0,19.0,6.0,6.0,10.0,4.0,6.0,4.0,2.0,,1.0,,,,,0.34,0.29,0.63,0.57,0.0,0.5,0.56,0.99,6.81,23,0,0,0,0,0,0,0,0,0,0,0,0,0,0,0,10697,63571,0.0,0.0,0.0,0.0,0.0,0.0,0.0,0.0,0.0,0,0,0,0
17,Martin,Ødegaard,Ødegaard,a,,,7.8,17,12.0,2.3,118,39.0,4.3,34.0,15.0,0,0,0.0,-2,2.0,1063,1529,0.6,6.3,5.3,5.3,3.1,180.0,78.0,100.0,100.0,196.0,84.0,32.0,31.0,163.0,95.0,97.0,55.0,4.0,,3.0,,,,,0.08,0.25,0.33,1.06,0.0,0.39,0.78,1.17,6.9,23,0,0,0,0,0,0,0,0,0,0,0,0,0,0,0,2816,5625,0.0,0.0,0.0,0.0,0.0,0.0,0.0,0.0,0.0,0,0,0,0
18,Noni,Madueke,Madueke,a,,,6.8,46,28.0,0.6,223,77.0,0.8,304.0,138.0,0,0,0.0,-2,2.0,110,127,0.1,3.1,1.8,1.8,1.6,381.0,172.0,100.0,100.0,355.0,157.0,124.0,90.0,101.0,60.0,213.0,107.0,3.0,,,,,,,0.1,0.26,0.36,1.14,0.0,0.48,0.8,1.12,4.97,23,0,0,0,0,0,0,0,0,0,0,0,0,0,0,0,190,442,0.0,0.0,0.0,0.0,0.0,0.0,0.0,0.0,0.0,0,0,0,0
19,Gabriel,Martinelli Silva,Martinelli,a,,,6.8,47,29.0,0.9,195,66.0,1.2,275.0,122.0,0,0,0.0,-2,2.0,285,179,0.2,4.3,2.2,2.2,1.7,369.0,163.0,100.0,100.0,344.0,153.0,268.0,159.0,91.0,55.0,264.0,130.0,,,,,,,,0.42,0.04,0.46,0.92,0.0,0.33,0.5,1.16,5.61,23,0,0,0,0,0,0,0,0,0,0,0,0,0,0,0,716,555,0.0,0.0,0.0,0.0,0.0,0.0,0.0,0.0,0.0,0,0,0,0
20,Leandro,Trossard,Trossard,a,,,6.8,44,26.0,1.5,152,51.0,3.2,97.0,47.0,0,-1,1.0,-2,2.0,1199,1870,0.5,11.9,4.2,4.2,4.5,41.0,19.0,100.0,100.0,104.0,35.0,50.0,42.0,37.0,21.0,44.0,31.0,,,4.0,,,,,0.32,0.16,0.48,0.64,0.0,0.46,0.69,0.92,5.52,23,0,0,0,0,0,0,0,0,0,0,0,0,0,0,0,3574,8188,0.0,0.0,0.0,0.0,0.0,0.0,0.0,0.0,0.0,0,0,0,0
24,Christian,Nørgaard,Nørgaard,a,,,5.1,224,138.0,0.1,428,145.0,0.2,401.0,187.0,0,0,0.0,-4,4.0,19,19,0.0,0.6,1.2,1.2,1.0,474.0,224.0,100.0,100.0,435.0,196.0,455.0,222.0,401.0,197.0,445.0,203.0,,,,,,,,0.15,0.0,0.15,6.27,0.0,0.0,2.9,0.0,23.23,23,0,0,0,0,0,0,0,0,0,0,0,0,0,0,0,33,37,0.0,0.0,0.0,0.0,0.0,0.0,0.0,0.0,0.0,0,0,0,0
25,Ethan,Nwaneri,Nwaneri,u,has joined Marseille on loan for the rest of the season.,,5.0,268,163.0,0.1,431,147.0,0.0,739.0,319.0,0,0,0.0,-5,5.0,0,105,0.0,1.6,0.0,0.0,1.3,413.0,186.0,0.0,0.0,441.0,200.0,369.0,190.0,347.0,180.0,423.0,190.0,,,,,,,,0.13,0.04,0.17,0.4,0.0,0.55,0.0,0.0,7.09,23,0,0,0,0,0,0,0,0,0,0,0,0,0,0,0,0,172,0.0,0.0,0.0,0.0,0.0,0.0,0.0,0.0,0.0,0,0,0,0
26,Martín,Zubimendi Ibáñez,Zubimendi,a,,,5.2,215,133.0,2.2,120,40.0,3.5,70.0,28.0,0,0,0.0,-3,3.0,1179,770,0.7,15.4,4.5,4.5,3.6,116.0,54.0,100.0,100.0,74.0,24.0,65.0,52.0,143.0,83.0,77.0,46.0,,,,,,,,0.09,0.07,0.16,0.72,0.0,0.54,0.63,1.02,9.16,23,0,0,0,0,0,0,0,0,0,0,0,0,0,0,0,3129,2521,0.0,0.0,0.0,0.0,0.0,0.0,0.0,0.0,0.0,0,0,0,0
28,Ismeal,Kabia,Kabia,u,has joined Shrewsbury Town on loan for the rest of the season.,,4.5,477,293.0,0.1,471,161.0,0.0,662.0,262.0,0,0,0.0,0,0.0,0,6,0.0,0.0,0.0,0.0,0.0,712.0,295.0,0.0,0.0,710.0,293.0,705.0,293.0,688.0,288.0,710.0,293.0,,,,,,,,0.0,0.0,0.0,0.0,0.0,0.0,0.0,0.0,0.0,23,0,0,0,0,0,0,0,0,0,0,0,0,0,0,0,0,14,0.0,0.0,0.0,0.0,0.0,0.0,0.0,0.0,0.0,0,0,0,0
29,Albert,Sambi Lokonga,Sambi,u,has joined Hamburger permanently.,,4.5,422,253.0,0.1,577,215.0,0.0,624.0,231.0,0,0,0.0,0,0.0,0,4,0.0,0.0,0.0,0.0,0.0,677.0,266.0,0.0,0.0,670.0,260.0,668.0,263.0,647.0,255.0,673.0,262.0,,,,,,,,0.0,0.0,0.0,0.0,0.0,0.0,0.0,0.0,0.0,23,0,0,0,0,0,0,0,0,0,0,0,0,0,0,0,0,5,0.0,0.0,0.0,0.0,0.0,0.0,0.0,0.0,0.0,0,0,0,0
725,Piero,Hincapié,Hincapie,d,Lack of match fitness - 75% chance of playing,,5.2,214,30.0,0.7,215,81.0,0.8,299.0,109.0,0,0,0.0,-3,3.0,16,1536,0.2,6.7,1.4,1.4,2.9,203.0,80.0,75.0,75.0,235.0,97.0,297.0,97.0,359.0,123.0,306.0,104.0,,,,,,,,0.0,0.07,0.07,0.96,0.0,0.2,0.91,1.01,8.1,23,0,0,0,0,0,0,0,0,0,0,0,0,0,0,0,35,10772,0.0,0.0,0.0,0.0,0.0,0.0,0.0,0.0,0.0,0,0,0,0
35,Filip,Marschall,Marschall,u,Has joined Stevenage permanently.,,4.0,670,51.0,0.0,727,84.0,0.0,492.0,64.0,0,0,0.0,0,0.0,0,1,0.0,0.0,0.0,0.0,0.0,570.0,69.0,0.0,0.0,558.0,69.0,553.0,58.0,518.0,43.0,561.0,69.0,,,,,,,,0.0,0.0,0.0,0.0,0.0,0.0,0.0,0.0,0.0,23,0,0,0,0,0,0,0,0,0,0,0,0,0,0,0,0,2,0.0,0.0,0.0,0.0,0.0,0.0,0.0,0.0,0.0,0,0,0,0
36,Matty,Cash,Cash,a,,,4.8,353,58.0,11.0,40,13.0,2.3,166.0,63.0,0,0,0.0,3,-3.0,3502,4878,0.5,18.5,2.3,2.3,4.2,57.0,26.0,100.0,100.0,48.0,22.0,53.0,9.0,168.0,33.0,60.0,10.0,1.0,,,,,,,0.03,0.09,0.12,1.32,0.0,0.29,0.97,1.02,5.75,23,0,0,0,0,0,0,0,0,0,0,0,0,0,0,0,9694,18269,0.0,0.0,0.0,0.0,0.0,0.0,0.0,0.0,0.0,0,0,0,0
41,Pau,Torres,Pau,a,,,4.3,576,131.0,0.3,315,116.0,0.3,343.0,125.0,0,0,0.0,-2,2.0,71,50,0.1,9.5,0.3,0.3,3.2,149.0,61.0,100.0,100.0,194.0,76.0,355.0,126.0,333.0,109.0,299.0,100.0,,,,,,,,0.02,0.02,0.04,1.27,0.0,0.26,1.04,0.95,6.74,23,0,0,0,0,0,0,0,0,0,0,0,0,0,0,0,178,165,0.0,0.0,0.0,0.0,0.0,0.0,0.0,0.0,0.0,0,0,0,0
42,Andrés,García,A.García,a,,,3.9,766,228.0,0.2,357,131.0,0.2,371.0,138.0,0,0,0.0,-1,1.0,29,40,0.1,0.3,0.2,0.2,0.5,488.0,168.0,100.0,100.0,475.0,169.0,438.0,160.0,493.0,192.0,479.0,170.0,,,,,,,,0.0,0.03,0.03,4.56,0.0,0.0,6.0,0.0,0.0,23,0,0,0,0,0,0,0,0,0,0,0,0,0,0,0,63,97,0.0,0.0,0.0,0.0,0.0,0.0,0.0,0.0,0.0,0,0,0,0
43,Álex,Moreno Lopera,Alex Moreno,u,Has joined Girona permanently.,,4.0,650,159.0,1.7,145,57.0,0.0,476.0,182.0,0,0,0.0,0,0.0,0,134,0.0,0.0,0.0,0.0,0.0,554.0,203.0,0.0,0.0,542.0,202.0,536.0,203.0,500.0,195.0,545.0,202.0,,,,,,,,0.0,0.0,0.0,0.0,0.0,0.0,0.0,0.0,0.0,23,0,0,0,0,0,0,0,0,0,0,0,0,0,0,0,0,436,0.0,0.0,0.0,0.0,0.0,0.0,0.0,0.0,0.0,0,0,0,0
44,Lamare,Bogarde,Bogarde,a,,,4.0,686,179.0,0.5,245,93.0,0.3,340.0,123.0,0,0,0.0,0,0.0,121,120,0.1,5.5,0.3,0.3,1.3,405.0,148.0,100.0,100.0,363.0,139.0,333.0,113.0,384.0,141.0,381.0,136.0,,,,,,,,0.0,0.02,0.02,1.47,0.0,0.18,1.25,0.89,5.0,23,0,0,0,0,0,0,0,0,0,0,0,0,0,0,0,321,360,0.0,0.0,0.0,0.0,0.0,0.0,0.0,0.0,0.0,0,0,0,0
45,Lino,da Cruz Sousa,Sousa,a,,,3.8,787,248.0,0.3,318,118.0,0.0,424.0,160.0,0,0,0.0,-2,2.0,137,47,0.0,0.0,0.0,0.0,0.0,504.0,183.0,,,492.0,182.0,483.0,182.0,445.0,172.0,495.0,182.0,,,,,,,,0.0,0.0,0.0,0.0,0.0,0.0,0.0,0.0,0.0,23,0,0,0,0,0,0,0,0,0,0,0,0,0,0,0,387,118,0.0,0.0,0.0,0.0,0.0,0.0,0.0,0.0,0.0,0,0,0,0
46,Yasin,Özcan,Yasin,u,has joined Anderlecht on loan for the rest of the season.,,4.0,702,192.0,0.1,450,165.0,0.0,521.0,209.0,0,0,0.0,0,0.0,0,17,0.0,0.0,0.0,0.0,0.0,597.0,228.0,0.0,0.0,585.0,227.0,580.0,228.0,546.0,222.0,588.0,227.0,,,,,,,,0.0,0.0,0.0,0.0,0.0,0.0,0.0,0.0,0.0,23,0,0,0,0,0,0,0,0,0,0,0,0,0,0,0,0,30,0.0,0.0,0.0,0.0,0.0,0.0,0.0,0.0,0.0,0,0,0,0
47,Morgan,Rogers,Rogers,a,,,7.7,18,13.0,31.0,9,3.0,2.0,202.0,87.0,0,0,0.0,7,-7.0,11187,20632,0.3,13.4,2.0,2.0,4.7,28.0,12.0,100.0,100.0,45.0,10.0,35.0,34.0,16.0,7.0,13.0,10.0,,,,,,,,0.19,0.11,0.3,1.41,0.0,0.28,1.15,1.01,5.79,23,0,0,0,0,0,0,0,0,0,0,0,0,0,0,0,29209,75787,0.0,0.0,0.0,0.0,0.0,0.0,0.0,0.0,0.0,0,0,0,0
48,Youri,Tielemans,Tielemans,a,,,5.9,93,59.0,1.1,177,61.0,3.5,73.0,31.0,0,0,0.0,-1,1.0,696,672,0.6,8.3,3.5,3.5,3.1,175.0,75.0,100.0,100.0,151.0,56.0,42.0,39.0,141.0,81.0,85.0,52.0,3.0,,,,,,,0.07,0.16,0.23,1.55,0.0,0.22,1.25,1.03,9.35,23,0,0,0,0,0,0,0,0,0,0,0,0,0,0,0,1789,2143,0.0,0.0,0.0,0.0,0.0,0.0,0.0,0.0,0.0,0,0,0,0
57,Lewis,Dobbin,Dobbin,u,Has joined Preston North End on loan for the rest of the season.,,5.0,258,158.0,0.0,653,267.0,0.0,734.0,315.0,0,0,0.0,0,0.0,0,0,0.0,0.0,0.0,0.0,0.0,763.0,333.0,0.0,0.0,762.0,332.0,759.0,332.0,753.0,330.0,762.0,332.0,,,,,,,,0.0,0.0,0.0,0.0,0.0,0.0,0.0,0.0,0.0,23,0,0,0,0,0,0,0,0,0,0,0,0,0,0,0,0,0,0.0,0.0,0.0,0.0,0.0,0.0,0.0,0.0,0.0,0,0,0,0
58,Boubacar,Kamara,Kamara,i,Knee injury - Unknown return date,,4.9,311,193.0,0.3,306,102.0,1.3,250.0,106.0,0,0,0.0,-1,1.0,6,661,0.3,12.4,0.0,0.0,3.4,128.0,56.0,0.0,0.0,111.0,38.0,93.0,70.0,249.0,137.0,131.0,71.0,,,,,,,,0.03,0.05,0.08,1.33,0.0,0.32,0.96,1.09,9.51,23,0,0,0,0,0,0,0,0,0,0,0,0,0,0,0,14,2212,0.0,0.0,0.0,0.0,0.0,0.0,0.0,0.0,0.0,0,0,0,0
59,Amadou,Onana,Onana,a,,,4.8,364,228.0,0.6,231,80.0,0.3,357.0,159.0,0,0,0.0,-2,2.0,216,145,0.1,9.6,0.3,0.3,3.3,140.0,61.0,100.0,100.0,180.0,74.0,290.0,167.0,260.0,141.0,259.0,125.0,,,,,,,,0.04,0.02,0.06,1.43,0.0,0.3,1.12,1.12,11.99,23,0,0,0,0,0,0,0,0,0,0,0,0,0,0,0,538,431,0.0,0.0,0.0,0.0,0.0,0.0,0.0,0.0,0.0,0,0,0,0
60,Ben,Broggio,Broggio,a,,,4.4,552,331.0,0.3,320,107.0,0.0,605.0,221.0,0,0,0.0,-1,1.0,35,62,0.0,0.0,0.0,0.0,0.0,662.0,258.0,,,654.0,251.0,651.0,255.0,627.0,245.0,657.0,253.0,,,,,,,,0.0,0.0,0.0,0.0,0.0,0.0,0.0,0.0,0.0,23,0,0,0,0,0,0,0,0,0,0,0,0,0,0,0,66,128,0.0,0.0,0.0,0.0,0.0,0.0,0.0,0.0,0.0,0,0,0,0
65,Zépiqueno,Redmond,Redmond,u,has joined Huddersfield Town on loan for the rest of the season.,,4.5,474,65.0,0.3,312,52.0,0.0,660.0,66.0,0,0,0.0,0,0.0,0,23,0.0,0.0,0.0,0.0,0.0,710.0,75.0,0.0,0.0,707.0,75.0,703.0,74.0,686.0,74.0,708.0,75.0,,,,,,,,0.0,0.0,0.0,0.0,0.0,0.0,0.0,0.0,0.0,23,0,0,0,0,0,0,0,0,0,0,0,0,0,0,0,0,44,0.0,0.0,0.0,0.0,0.0,0.0,0.0,0.0,0.0,0,0,0,0
389,Harvey,Elliott,Elliott,a,,,5.1,233,144.0,0.2,393,133.0,0.0,750.0,328.0,0,0,0.0,-4,4.0,46,24,0.0,0.8,0.0,0.0,1.0,475.0,225.0,100.0,100.0,442.0,201.0,380.0,191.0,364.0,185.0,432.0,195.0,,,,,,,,0.18,0.06,0.24,1.61,0.0,0.0,1.86,0.93,4.64,23,0,0,0,0,0,0,0,0,0,0,0,0,0,0,0,86,66,0.0,0.0,0.0,0.0,0.0,0.0,0.0,0.0,0.0,0,0,0,0
456,Jadon,Sancho,Sancho,a,,,5.8,105,68.0,0.2,367,124.0,1.2,268.0,115.0,0,0,0.0,-2,2.0,173,59,0.2,2.4,1.2,1.2,1.3,417.0,189.0,100.0,100.0,398.0,175.0,239.0,145.0,203.0,112.0,323.0,156.0,,,,,,,,0.11,0.18,0.29,1.22,0.0,0.3,0.6,0.6,4.77,23,0,0,0,0,0,0,0,0,0,0,0,0,0,0,0,398,170,0.0,0.0,0.0,0.0,0.0,0.0,0.0,0.0,0.0,0,0,0,0
677,Evann,Guessand,Guessand,a,,,6.2,77,50.0,0.0,620,243.0,0.3,364.0,163.0,0,0,0.0,-3,3.0,18,10,0.0,4.0,0.3,0.3,1.9,341.0,150.0,100.0,100.0,329.0,143.0,305.0,173.0,156.0,91.0,300.0,145.0,,,,,,,,0.18,0.06,0.24,1.36,0.0,0.15,1.54,0.93,8.49,23,0,0,0,0,0,0,0,0,0,0,0,0,0,0,0,47,26,0.0,0.0,0.0,0.0,0.0,0.0,0.0,0.0,0.0,0,0,0,0
193,Bashir,Humphreys,Humphreys,a,,,3.9,742,216.0,0.1,434,159.0,3.8,48.0,19.0,1,0,0.0,-1,1.0,358,83,1.0,5.9,3.8,3.8,3.3,136.0,54.0,100.0,100.0,281.0,107.0,372.0,135.0,345.0,115.0,352.0,124.0,,,,,,,,0.03,0.02,0.05,2.1,0.0,0.17,1.71,0.85,9.05,23,1,90,0,0,0,2,0,0,0,0,0,0,1,0,2,1718,296,0.0,0.04000000000000001,0.0,0.04000000000000001,2.299999999999999,10.399999999999991,1.1000000000000014,4.0,1.6000000000000014,2,3,4,5
194,Jordan,Beyer,Jordan,i,Hamstring injury - Unknown return date,,3.9,738,213.0,0.1,545,197.0,0.0,449.0,171.0,0,0,0.0,-1,1.0,4,4,0.0,0.0,0.0,0.0,0.0,527.0,192.0,0.0,0.0,515.0,191.0,508.0,192.0,471.0,183.0,518.0,191.0,,,,,,,,0.0,0.0,0.0,0.0,0.0,0.0,0.0,0.0,0.0,23,0,0,0,0,0,0,0,0,0,0,0,0,0,0,0,18,51,0.0,0.0,0.0,0.0,0.0,0.0,0.0,0.0,0.0,0,0,0,0
195,Lucas,Pires Silva,Lucas Pires,a,,,3.8,796,257.0,0.3,328,121.0,2.3,161.0,61.0,1,0,0.0,-2,2.0,324,93,0.6,3.7,2.3,2.3,1.6,371.0,138.0,100.0,100.0,304.0,115.0,217.0,60.0,290.0,90.0,308.0,105.0,,,,,,,,0.04,0.1,0.14,2.05,0.0,0.13,1.85,1.06,6.48,23,1,90,0,0,0,2,0,0,0,0,0,0,1,0,10,1176,390,0.0,0.0,0.010000000000000009,0.010000000000000009,2.299999999999999,17.19999999999999,3.6999999999999886,0.0,2.1000000000000014,5,4,4,9
196,Shurandy,Sambo,Sambo,u,Has joined Sparta Rotterdam on loan for the rest of the season.,,4.0,667,168.0,0.0,604,217.0,0.0,490.0,189.0,0,0,0.0,0,0.0,0,2,0.0,0.0,0.0,0.0,0.0,568.0,210.0,0.0,0.0,556.0,209.0,551.0,210.0,516.0,203.0,559.0,209.0,,,,,,,,0.0,0.0,0.0,0.0,0.0,0.0,0.0,0.0,0.0,23,0,0,0,0,0,0,0,0,0,0,0,0,0,0,0,0,7,0.0,0.0,0.0,0.0,0.0,0.0,0.0,0.0,0.0,0,0,0,0
197,Oliver,Sonne,Sonne,a,,,3.8,790,251.0,0.3,326,120.0,0.3,338.0,121.0,0,0,0.0,-2,2.0,18,107,0.1,3.4,0.3,0.3,1.9,328.0,123.0,,,390.0,149.0,379.0,138.0,329.0,106.0,401.0,144.0,,,,,,,,0.3,0.04,0.34,2.08,0.0,0.0,2.2,0.55,3.84,23,0,0,0,0,0,0,0,0,0,0,0,0,0,0,0,60,379,0.0,0.0,0.0,0.0,0.0,0.0,0.0,0.0,0.0,0,0,0,0
198,Axel,Tuanzebe,Tuanzebe,a,,,3.9,732,210.0,1.0,180,71.0,1.8,203.0,75.0,7,0,0.0,-1,1.0,176,106,0.5,7.4,1.8,1.8,2.9,194.0,74.0,100.0,100.0,197.0,78.0,411.0,149.0,311.0,99.0,304.0,102.0,,,,,,,,0.06,0.01,0.07,2.48,0.0,0.1,2.03,1.02,9.24,23,7,90,1,0,0,2,0,0,0,0,0,0,1,0,17,331,359,0.0,0.61,0.0,0.61,2.3000000000000007,43.400000000000006,0.3000000000000007,37.0,8.100000000000001,1,5,1,6
199,Joe,Worrall,Worrall,d,Lack of match fitness - 75% chance of playing,,3.8,773,234.0,0.1,411,150.0,0.0,414.0,150.0,0,0,0.0,-2,2.0,5,35,0.0,1.8,0.0,0.0,1.2,418.0,151.0,75.0,75.0,391.0,150.0,446.0,164.0,417.0,155.0,430.0,156.0,,,,,,,,0.0,0.01,0.01,2.31,0.0,0.0,1.75,0.58,13.44,23,0,0,0,0,0,0,0,0,0,0,0,0,0,0,0,14,123,0.0,0.0,0.0,0.0,0.0,0.0,0.0,0.0,0.0,0,0,0,0
200,Jaidon,Anthony,Anthony,a,,,5.1,232,143.0,1.9,134,45.0,2.2,182.0,73.0,2,0,0.0,-4,4.0,383,708,0.4,14.3,2.2,2.2,3.3,145.0,63.0,100.0,100.0,96.0,32.0,79.0,59.0,49.0,29.0,56.0,38.0,2.0,,,,,,,0.18,0.09,0.27,2.06,0.0,0.19,1.82,1.07,8.49,23,2,90,0,0,0,2,0,0,0,0,0,0,1,0,21,2125,2170,0.0,0.06000000000000005,0.1499999999999999,0.20999999999999996,2.3000000000000043,16.799999999999955,23.80000000000001,15.0,5.6000000000000085,2,2,7,11
201,Manuel,Benson Hedilazio,Benson,u,has joined Swansea City on loan for the rest of the season.,,5.4,161,101.0,0.0,689,292.0,0.0,765.0,337.0,0,0,0.0,-1,1.0,0,0,0.0,0.0,0.0,0.0,0.0,779.0,344.0,0.0,0.0,779.0,344.0,778.0,344.0,774.0,343.0,779.0,344.0,,,,,,,,0.0,0.0,0.0,0.0,0.0,0.0,0.0,0.0,0.0,23,0,0,0,0,0,0,0,0,0,0,0,0,0,0,0,0,0,0.0,0.0,0.0,0.0,0.0,0.0,0.0,0.0,0.0,0,0,0,0
202,Jacob,Bruun Larsen,Bruun Larsen,a,,,5.3,186,115.0,0.0,618,241.0,0.8,300.0,134.0,0,0,0.0,-2,2.0,9,9,0.2,5.8,0.8,0.8,1.7,365.0,162.0,100.0,100.0,310.0,138.0,138.0,98.0,171.0,100.0,240.0,119.0,3.0,1.0,3.0,,,,,0.12,0.11,0.23,2.11,0.0,0.32,2.43,0.95,5.7,23,0,0,0,0,0,0,0,0,0,0,0,0,0,0,0,56,66,0.0,0.0,0.0,0.0,0.0,0.0,0.0,0.0,0.0,0,0,0,0
203,Enock,Agyei,Boateng,a,,,4.7,387,243.0,0.0,591,223.0,0.0,692.0,285.0,0,0,0.0,-3,3.0,11,18,0.0,0.0,0.0,0.0,0.0,737.0,314.0,,,736.0,313.0,731.0,313.0,718.0,309.0,736.0,313.0,,,,,,,,0.0,0.0,0.0,0.0,0.0,0.0,0.0,0.0,0.0,23,0,0,0,0,0,0,0,0,0,0,0,0,0,0,0,30,46,0.0,0.0,0.0,0.0,0.0,0.0,0.0,0.0,0.0,0,0,0,0
204,Darko,Churlinov,Churlinov,u,has joined Kocaelispor  permanently.,,4.9,318,197.0,0.0,705,298.0,0.0,713.0,300.0,0,0,0.0,-1,1.0,0,0,0.0,0.0,0.0,0.0,0.0,749.0,322.0,0.0,0.0,748.0,321.0,744.0,321.0,736.0,319.0,748.0,321.0,,,,,,,,0.0,0.0,0.0,0.0,0.0,0.0,0.0,0.0,0.0,23,0,0,0,0,0,0,0,0,0,0,0,0,0,0,0,0,0,0.0,0.0,0.0,0.0,0.0,0.0,0.0,0.0,0.0,0,0,0,0
205,Josh,Cullen,Cullen,i,Knee injury - Expected back 30 Sep,,5.0,244,150.0,1.0,182,63.0,0.2,400.0,186.0,0,0,0.0,0,0.0,1,645,0.0,14.0,0.0,0.0,3.9,78.0,35.0,0.0,0.0,97.0,33.0,106.0,76.0,214.0,119.0,123.0,67.0,,,,,,,,0.06,0.08,0.14,1.93,0.0,0.18,1.73,1.07,10.29,23,0,0,0,0,0,0,0,0,0,0,0,0,0,0,0,34,2450,0.0,0.0,0.0,0.0,0.0,0.0,0.0,0.0,0.0,0,0,0,0
206,Marcus,Edwards,Edwards,a,,,4.7,377,236.0,0.1,462,157.0,3.7,61.0,23.0,2,0,0.0,-3,3.0,224,68,0.8,6.8,3.7,3.7,2.5,255.0,108.0,,,277.0,124.0,111.0,80.0,167.0,97.0,205.0,105.0,,3.0,,,,,,0.13,0.23,0.36,1.96,0.0,0.16,1.26,0.79,5.67,23,2,84,0,0,0,1,0,0,0,0,0,0,1,0,3,1518,234,0.0,0.0,0.1499999999999999,0.1499999999999999,1.9299999999999997,9.599999999999994,24.30000000000001,2.0,3.6000000000000014,2,1,5,8
207,Hannibal,Mejbri,Hannibal,a,,,4.7,384,240.0,0.1,473,162.0,0.3,355.0,158.0,1,0,0.0,-3,3.0,42,29,0.1,5.1,0.3,0.3,1.5,389.0,173.0,100.0,100.0,372.0,165.0,180.0,119.0,319.0,167.0,328.0,160.0,,4.0,,,,,,0.06,0.15,0.21,2.6,0.0,0.2,2.36,0.98,7.66,23,1,5,0,0,0,1,0,0,0,0,0,0,0,0,3,110,60,0.0,0.0,0.0,0.0,0.370000000000001,0.0,0.09999999999999432,0.0,0.0,0,0,2,2
208,Luca,Koleosho,Koleosho,u,has joined Paris FC on loan for the rest of the season.,,5.0,263,160.0,0.0,713,304.0,0.0,737.0,317.0,0,0,0.0,0,0.0,0,1,0.0,0.0,0.0,0.0,0.0,766.0,335.0,0.0,0.0,765.0,334.0,763.0,334.0,756.0,332.0,765.0,334.0,,,,,,,,0.0,0.0,0.0,0.0,0.0,0.0,0.0,0.0,0.0,23,0,0,0,0,0,0,0,0,0,0,0,0,0,0,0,0,2,0.0,0.0,0.0,0.0,0.0,0.0,0.0,0.0,0.0,0,0,0,0
211,Aaron,Ramsey,A.Ramsey,u,has joined Leicester City on loan for the rest of the season.,,4.4,531,317.0,1.5,153,52.0,0.0,591.0,211.0,0,0,0.0,-1,1.0,0,115,0.0,0.0,0.0,0.0,0.0,649.0,249.0,0.0,0.0,638.0,239.0,636.0,244.0,611.0,233.0,641.0,241.0,,,,,,,,0.0,0.0,0.0,0.0,0.0,0.0,0.0,0.0,0.0,23,0,0,0,0,0,0,0,0,0,0,0,0,0,0,0,0,310,0.0,0.0,0.0,0.0,0.0,0.0,0.0,0.0,0.0,0,0,0,0
212,Oluwaseun,Adewumi,Adewumi,u,Has joined Cercle Brugge on loan for the rest of the season.,,4.5,471,288.0,0.0,743,318.0,0.0,659.0,260.0,0,0,0.0,0,0.0,0,2,0.0,0.0,0.0,0.0,0.0,709.0,293.0,0.0,0.0,706.0,290.0,702.0,291.0,684.0,285.0,707.0,291.0,,,,,,,,0.0,0.0,0.0,0.0,0.0,0.0,0.0,0.0,0.0,23,0,0,0,0,0,0,0,0,0,0,0,0,0,0,0,0,4,0.0,0.0,0.0,0.0,0.0,0.0,0.0,0.0,0.0,0,0,0,0
213,Jaydon,Banel,Banel,a,,,4.5,459,281.0,0.0,592,224.0,0.2,384.0,174.0,0,0,0.0,0,0.0,2,21,0.0,0.2,0.2,0.2,1.0,453.0,206.0,,,696.0,284.0,451.0,219.0,673.0,278.0,697.0,285.0,,,,,,,,0.0,0.0,0.0,0.5,0.0,0.0,0.0,0.0,0.0,23,0,0,0,0,0,0,0,0,0,0,0,0,0,0,0,17,88,0.0,0.0,0.0,0.0,0.0,0.0,0.0,0.0,0.0,0,0,0,0
214,Mike,Trésor Ndayishimiye,Trésor,i,Ankle injury - Unknown return date,,4.4,528,316.0,0.1,535,190.0,0.3,349.0,156.0,0,0,0.0,-1,1.0,4,32,0.1,0.9,0.0,0.0,1.0,444.0,198.0,0.0,0.0,476.0,220.0,454.0,221.0,423.0,209.0,475.0,219.0,,,,,,,,0.0,0.0,0.0,2.18,0.0,0.0,4.74,0.0,9.47,23,0,0,0,0,0,0,0,0,0,0,0,0,0,0,0,16,185,0.0,0.0,0.0,0.0,0.0,0.0,0.0,0.0,0.0,0,0,0,0
217,Lyle,Foster,Foster,a,,,4.9,321,57.0,0.8,204,33.0,1.0,283.0,36.0,5,0,0.0,-1,1.0,342,148,0.2,8.6,1.0,1.0,2.6,241.0,23.0,100.0,100.0,246.0,21.0,207.0,23.0,127.0,33.0,221.0,26.0,,,,,,,,0.22,0.02,0.24,1.97,0.0,0.29,1.96,1.08,5.3,23,5,21,1,0,0,1,0,0,0,0,0,0,0,0,25,825,546,0.0,0.6499999999999999,0.0,0.6499999999999999,0.7300000000000004,36.400000000000006,0.4000000000000057,34.0,7.100000000000001,0,0,2,2
218,Ashley,Barnes,Barnes,a,,,4.2,615,84.0,1.3,161,24.0,0.0,537.0,48.0,0,0,0.0,-3,3.0,714,506,0.0,0.2,0.0,0.0,1.0,437.0,51.0,,,478.0,58.0,456.0,56.0,395.0,54.0,461.0,54.0,,,2.0,,,,,1.1,0.0,1.1,4.1,0.0,0.0,10.0,0.0,10.0,23,0,0,0,0,0,0,0,0,0,0,0,0,0,0,0,1660,1528,0.0,0.0,0.0,0.0,0.0,0.0,0.0,0.0,0.0,0,0,0,0
219,Michael,Obafemi,Obafemi,u,has joined Blackpool on loan for the rest of the season.,,4.4,518,72.0,0.1,455,64.0,0.0,587.0,56.0,0,0,0.0,-1,1.0,0,6,0.0,0.0,0.0,0.0,0.0,646.0,65.0,0.0,0.0,635.0,65.0,633.0,64.0,607.0,64.0,638.0,65.0,,,,,,,,0.0,0.0,0.0,0.0,0.0,0.0,0.0,0.0,0.0,23,0,0,0,0,0,0,0,0,0,0,0,0,0,0,0,0,22,0.0,0.0,0.0,0.0,0.0,0.0,0.0,0.0,0.0,0,0,0,0
470,Martin,Dúbravka,Dúbravka,a,,,4.0,648,41.0,32.9,7,2.0,4.5,27.0,2.0,5,0,0.0,0,0.0,3895,3108,1.1,18.2,4.5,4.5,3.2,147.0,14.0,100.0,100.0,3.0,1.0,534.0,48.0,498.0,33.0,103.0,1.0,,,,,,,,0.0,0.0,0.0,2.07,4.09,0.13,1.91,1.0,0.0,23,5,90,0,0,0,2,0,0,0,0,0,9,1,1,26,9904,9590,0.0,0.0,0.0,0.0,2.299999999999997,62.60000000000002,0.0,0.0,6.299999999999997,0,2,8,0
676,Lesley,Ugochukwu,Ugochukwu,a,,,5.0,271,166.0,0.1,430,146.0,3.0,109.0,52.0,2,0,0.0,0,0.0,66,69,0.6,13.4,3.0,3.0,3.0,189.0,80.0,100.0,100.0,135.0,47.0,202.0,130.0,120.0,70.0,156.0,87.0,,,,,,,,0.13,0.01,0.14,2.16,0.0,0.19,1.85,1.05,9.21,23,2,90,0,0,0,2,0,0,0,0,0,0,1,0,16,771,376,0.0,0.0,0.010000000000000009,0.009999999999999787,2.299999999999997,9.599999999999966,3.799999999999997,0.0,1.3000000000000043,3,1,6,10
680,Armando,Broja,Broja,a,,,5.2,212,47.0,0.2,349,56.0,2.8,122.0,12.0,2,0,0.0,-3,3.0,115,167,0.5,6.9,2.8,2.8,2.1,312.0,31.0,100.0,100.0,324.0,32.0,294.0,31.0,105.0,28.0,269.0,33.0,,,,,,,,0.24,0.01,0.25,2.39,0.0,0.12,2.82,0.94,4.81,23,2,68,0,0,0,1,0,0,0,0,0,0,1,0,98,848,696,0.0,0.08999999999999986,0.009999999999999995,0.10000000000000009,1.5700000000000003,0.0,0.8999999999999986,13.0,0.8999999999999986,0,0,0,0
722,Florentino Ibrain,Morris Luís,Florentino,a,,,5.0,250,153.0,0.0,595,227.0,3.3,81.0,37.0,4,0,0.0,0,0.0,35,31,0.7,12.2,3.3,3.3,3.2,154.0,65.0,,,132.0,44.0,150.0,103.0,307.0,160.0,192.0,102.0,,,,,,,,0.03,0.02,0.05,2.11,0.0,0.12,1.9,1.04,13.41,23,4,68,0,0,0,1,0,0,0,0,0,0,1,0,8,350,122,0.0,0.0,0.009999999999999953,0.010000000000000009,1.5700000000000003,8.199999999999989,2.0999999999999943,2.0,1.2000000000000028,2,4,6,12
776,Oliver,Pimlott,Pimlott,a,,,4.5,501,310.0,0.0,789,349.0,0.0,681.0,277.0,0,0,0.0,0,0.0,6,4,0.0,0.0,0.0,0.0,0.0,730.0,309.0,,,729.0,308.0,724.0,308.0,707.0,303.0,729.0,308.0,,,,,,,,0.0,0.0,0.0,0.0,0.0,0.0,0.0,0.0,0.0,23,0,0,0,0,0,0,0,0,0,0,0,0,0,0,0,10,9,0.0,0.0,0.0,0.0,0.0,0.0,0.0,0.0,0.0,0,0,0,0
784,George,Brierley,Brierley,a,,,4.5,507,315.0,0.0,790,350.0,0.0,685.0,281.0,0,0,0.0,0,0.0,2,2,0.0,0.0,0.0,0.0,0.0,734.0,313.0,,,733.0,312.0,728.0,312.0,712.0,308.0,733.0,312.0,,,,,,,,0.0,0.0,0.0,0.0,0.0,0.0,0.0,0.0,0.0,23,0,0,0,0,0,0,0,0,0,0,0,0,0,0,0,9,24,0.0,0.0,0.0,0.0,0.0,0.0,0.0,0.0,0.0,0,0,0,0
66,Norberto,Murara Neto,Neto,u,Has joined Botafogo permanently.,,4.5,400,21.0,0.1,551,77.0,0.0,612.0,86.0,0,0,0.0,0,0.0,0,4,0.0,0.0,0.0,0.0,0.0,668.0,88.0,0.0,0.0,661.0,88.0,657.0,81.0,634.0,69.0,664.0,88.0,,,,,,,,0.0,0.0,0.0,0.0,0.0,0.0,0.0,0.0,0.0,23,0,0,0,0,0,0,0,0,0,0,0,0,0,0,0,0,10,0.0,0.0,0.0,0.0,0.0,0.0,0.0,0.0,0.0,0,0,0,0
67,Đorđe,Petrović,Petrović,a,,,4.5,428,24.0,4.3,82,14.0,0.8,294.0,21.0,1,0,0.0,0,0.0,772,1522,0.2,13.3,0.8,0.3,2.6,239.0,22.0,,,42.0,11.0,673.0,84.0,652.0,72.0,210.0,11.0,,,,,,,,0.0,0.0,0.0,1.45,2.83,0.22,1.87,1.0,0.0,23,1,90,0,0,0,2,0,0,0,0,0,2,1,0,8,1095,5951,0.0,0.0,0.0,0.0,0.8300000000000054,0.5999999999999659,0.0,0.0,0.09999999999999432,0,1,12,0
68,Will,Dennis,Dennis,i,Ankle injury - Unknown return date,,4.0,666,50.0,0.8,199,26.0,0.0,489.0,63.0,0,0,0.0,0,0.0,11,183,0.0,0.0,0.0,0.0,0.0,567.0,68.0,0.0,0.0,555.0,68.0,550.0,57.0,515.0,42.0,558.0,68.0,,,,,,,,0.0,0.0,0.0,0.0,0.0,0.0,0.0,0.0,0.0,23,0,0,0,0,0,0,0,0,0,0,0,0,0,0,0,26,474,0.0,0.0,0.0,0.0,0.0,0.0,0.0,0.0,0.0,0,0,0,0
69,Callan,McKenna,McKenna,a,,,3.9,762,89.0,0.2,348,50.0,0.0,468.0,53.0,0,0,0.0,-1,1.0,62,37,0.0,0.0,0.0,-0.5,0.0,546.0,58.0,,,534.0,58.0,527.0,45.0,490.0,30.0,537.0,58.0,,,,,,,,0.0,0.0,0.0,0.0,0.0,0.0,0.0,0.0,0.0,23,0,0,0,0,0,0,0,0,0,0,0,0,0,0,0,145,117,0.0,0.0,0.0,0.0,0.0,0.0,0.0,0.0,0.0,0,0,0,0
75,Matai,Akinmboni,Akinmboni,d,Muscle injury - 25% chance of playing,,3.8,791,252.0,0.2,370,135.0,0.0,427.0,163.0,0,0,0.0,-2,2.0,12,36,0.0,0.0,0.0,-0.1,0.0,507.0,186.0,25.0,25.0,495.0,185.0,486.0,185.0,448.0,175.0,498.0,185.0,,,,,,,,0.0,0.0,0.0,0.0,0.0,0.0,0.0,0.0,0.0,23,0,0,0,0,0,0,0,0,0,0,0,0,0,0,0,28,94,0.0,0.0,0.0,0.0,0.0,0.0,0.0,0.0,0.0,0,0,0,0
76,Owen,Bevan,Bevan,a,,,3.8,789,250.0,0.2,392,142.0,0.0,426.0,162.0,0,0,0.0,-2,2.0,47,34,0.0,0.0,0.0,-0.5,0.0,506.0,185.0,,,494.0,184.0,485.0,184.0,447.0,174.0,497.0,184.0,,,,,,,,0.0,0.0,0.0,0.0,0.0,0.0,0.0,0.0,0.0,23,0,0,0,0,0,0,0,0,0,0,0,0,0,0,0,105,95,0.0,0.0,0.0,0.0,0.0,0.0,0.0,0.0,0.0,0,0,0,0
77,James,Hill,Hill,a,,,3.9,744,217.0,0.6,222,83.0,2.8,114.0,39.0,6,0,0.0,-1,1.0,796,114,0.7,9.2,2.8,2.3,2.6,233.0,89.0,,,240.0,98.0,324.0,109.0,279.0,83.0,296.0,98.0,,,,,,,,0.03,0.05,0.08,1.19,0.0,0.24,1.56,0.84,10.65,23,6,90,0,1,0,2,0,0,0,0,0,0,1,0,17,1115,382,0.0,0.06,0.14999999999999997,0.21000000000000002,0.8300000000000001,24.19999999999999,13.7,4.0,4.199999999999999,2,9,1,11
78,Julián,Araujo Zúñiga,J.Araujo,u,has joined Celtic on loan for the rest of the season.,,3.8,780,241.0,0.6,236,88.0,0.0,418.0,154.0,0,0,0.0,-2,2.0,0,208,0.0,0.0,0.0,0.0,0.0,499.0,178.0,0.0,0.0,487.0,177.0,478.0,177.0,440.0,167.0,490.0,177.0,,,,,,,,0.0,0.0,0.0,0.0,0.0,0.0,0.0,0.0,0.0,23,0,0,0,0,0,0,0,0,0,0,0,0,0,0,0,0,594,0.0,0.0,0.0,0.0,0.0,0.0,0.0,0.0,0.0,0,0,0,0
79,Chris,Mepham,Mepham,u,has joined West Bromwich Albion permanently.,,4.0,660,165.0,0.1,526,192.0,0.0,483.0,186.0,0,0,0.0,0,0.0,0,4,0.0,0.0,0.0,0.0,0.0,561.0,207.0,0.0,0.0,549.0,206.0,544.0,207.0,509.0,200.0,552.0,206.0,,,,,,,,0.0,0.0,0.0,0.0,0.0,0.0,0.0,0.0,0.0,23,0,0,0,0,0,0,0,0,0,0,0,0,0,0,0,0,12,0.0,0.0,0.0,0.0,0.0,0.0,0.0,0.0,0.0,0,0,0,0
80,Julio,Soler Barreto,Soler,i,Knock - Unknown return date,,4.0,699,189.0,0.2,354,129.0,0.2,372.0,139.0,0,0,0.0,0,0.0,0,153,0.0,0.8,0.0,0.0,1.0,434.0,160.0,0.0,0.0,467.0,167.0,432.0,157.0,419.0,157.0,465.0,165.0,,,,,,,,0.0,0.0,0.0,4.29,0.0,0.0,5.29,0.0,2.65,23,0,0,0,0,0,0,0,0,0,0,0,0,0,0,0,9,380,0.0,0.0,0.0,0.0,0.0,0.0,0.0,0.0,0.0,0,0,0,0
81,Justin,Kluivert,Kluivert,i,Knee injury - Expected back 09 May,,7.0,39,24.0,0.7,219,75.0,1.8,208.0,91.0,0,0,0.0,0,0.0,22,358,0.3,5.7,0.0,0.0,2.2,302.0,135.0,0.0,0.0,266.0,116.0,56.0,45.0,166.0,96.0,154.0,85.0,4.0,2.0,1.0,,,,,0.22,0.15,0.37,1.65,0.0,0.39,1.77,0.98,6.11,23,0,0,0,0,0,0,0,0,0,0,0,0,0,0,0,28,968,0.0,0.0,0.0,0.0,0.0,0.0,0.0,0.0,0.0,0,0,0,0
84,Marcus,Tavernier,Tavernier,i,Hamstring injury - Unknown return date,,5.5,140,88.0,2.1,125,42.0,3.2,95.0,45.0,0,0,0.0,0,0.0,108,7837,0.6,17.1,0.0,0.0,4.3,52.0,22.0,0.0,0.0,53.0,14.0,21.0,20.0,43.0,26.0,25.0,21.0,2.0,1.0,4.0,,,,,0.26,0.12,0.38,1.4,0.0,0.36,1.84,1.02,8.38,23,0,0,0,0,0,0,0,0,0,0,0,0,0,0,0,301,32504,0.0,0.0,0.0,0.0,0.0,0.0,0.0,0.0,0.0,0,0,0,0
85,Tyler,Adams,Adams,i,Knee injury - Expected back 21 Feb,,4.9,297,185.0,0.3,327,110.0,0.0,706.0,296.0,0,0,0.0,-1,1.0,6,76,0.0,10.2,0.0,0.0,3.3,141.0,62.0,0.0,0.0,169.0,65.0,264.0,158.0,201.0,110.0,218.0,108.0,,,,,,,,0.04,0.02,0.06,1.34,0.0,0.3,1.73,1.13,10.99,23,0,0,0,0,0,0,0,0,0,0,0,0,0,0,0,9,165,0.0,0.0,0.0,0.0,0.0,0.0,0.0,0.0,0.0,0,0,0,0
86,David,Brooks,Brooks,i,Ankle injury - Unknown return date,,5.0,243,149.0,0.2,377,129.0,2.8,119.0,56.0,0,0,0.0,0,0.0,2,210,0.6,8.6,0.0,0.0,2.3,276.0,119.0,0.0,0.0,232.0,98.0,64.0,51.0,31.0,18.0,69.0,44.0,5.0,3.0,,,,,,0.43,0.27,0.7,1.29,0.0,0.39,1.64,1.06,6.95,23,0,0,0,0,0,0,0,0,0,0,0,0,0,0,0,8,668,0.0,0.0,0.0,0.0,0.0,0.0,0.0,0.0,0.0,0,0,0,0
87,Ryan,Christie,Christie,a,,,4.9,290,180.0,0.1,572,212.0,0.3,359.0,161.0,1,0,0.0,-1,1.0,46,6,0.1,4.1,0.3,-0.2,1.5,392.0,176.0,100.0,100.0,337.0,148.0,295.0,168.0,234.0,128.0,326.0,158.0,,,,,,,,0.3,0.07,0.37,1.87,0.0,0.0,2.47,0.27,10.43,23,1,23,0,0,0,1,0,0,0,0,0,0,0,0,12,89,21,0.0,0.030000000000000027,0.11000000000000001,0.14000000000000012,0.15000000000000036,0.0,0.0,0.0,0.0,1,0,1,2
88,Lewis,Cook,Cook,a,,,4.9,289,179.0,0.0,615,239.0,3.2,90.0,41.0,4,0,0.0,-1,1.0,106,23,0.7,6.1,3.2,2.7,2.3,274.0,118.0,100.0,100.0,260.0,112.0,172.0,116.0,382.0,191.0,289.0,141.0,,,,,,,,0.01,0.04,0.05,1.42,0.0,0.0,2.25,0.79,15.62,23,4,90,0,0,0,2,0,0,0,0,0,0,1,0,18,222,71,0.0,0.0,0.019999999999999962,0.020000000000000018,0.8300000000000001,5.799999999999983,4.699999999999989,0.0,1.1000000000000014,6,6,6,18
89,Philip,Billing,Philip,u,Has joined Midtjylland permanently.,,4.9,292,182.0,0.0,661,271.0,0.0,704.0,294.0,0,0,0.0,-1,1.0,0,0,0.0,0.0,0.0,0.0,0.0,744.0,318.0,0.0,0.0,743.0,317.0,739.0,317.0,730.0,315.0,743.0,317.0,,,,,,,,0.0,0.0,0.0,0.0,0.0,0.0,0.0,0.0,0.0,23,0,0,0,0,0,0,0,0,0,0,0,0,0,0,0,0,2,0.0,0.0,0.0,0.0,0.0,0.0,0.0,0.0,0.0,0,0,0,0
90,Alex,Scott,Scott,a,,,5.0,270,165.0,0.3,337,112.0,3.7,63.0,24.0,5,0,0.0,0,0.0,922,114,0.7,14.2,3.7,3.2,3.1,170.0,73.0,100.0,100.0,147.0,54.0,110.0,79.0,151.0,86.0,135.0,74.0,1.0,,,,,,,0.08,0.07,0.15,1.45,0.0,0.28,1.76,1.13,11.45,23,5,90,0,1,0,2,0,0,0,0,0,0,1,0,22,1299,363,0.0,0.1499999999999999,0.35,0.5,0.8299999999999983,21.19999999999999,11.199999999999989,2.0,3.4000000000000057,1,2,5,8
91,Luis,Sinisterra Lucumí,Sinisterra,u,Has joined Cruzeiro on loan for the rest of the season.,,5.0,252,154.0,0.0,718,306.0,0.0,731.0,312.0,0,0,0.0,0,0.0,0,0,0.0,0.0,0.0,0.0,0.0,761.0,331.0,0.0,0.0,760.0,330.0,757.0,330.0,751.0,328.0,760.0,330.0,,,,,,,,0.0,0.0,0.0,0.0,0.0,0.0,0.0,0.0,0.0,23,0,0,0,0,0,0,0,0,0,0,0,0,0,0,0,0,1,0.0,0.0,0.0,0.0,0.0,0.0,0.0,0.0,0.0,0,0,0,0
92,Romain,Faivre,Faivre,a,,,4.5,424,255.0,0.1,538,192.0,0.0,626.0,233.0,0,0,0.0,0,0.0,18,9,0.0,0.0,0.0,-0.5,0.0,679.0,268.0,100.0,100.0,672.0,262.0,670.0,265.0,649.0,257.0,675.0,264.0,,,,,,,,0.0,0.0,0.0,0.0,0.0,0.0,0.0,0.0,0.0,23,0,0,0,0,0,0,0,0,0,0,0,0,0,0,0,42,16,0.0,0.0,0.0,0.0,0.0,0.0,0.0,0.0,0.0,0,0,0,0
93,Hamed,Traorè,H.Traorè,u,has joined Marseille on loan for the rest of the season.,,4.5,419,252.0,0.3,322,108.0,0.0,622.0,230.0,0,0,0.0,0,0.0,0,26,0.0,0.9,0.0,0.0,4.0,70.0,31.0,0.0,0.0,423.0,187.0,402.0,200.0,645.0,254.0,440.0,200.0,,,,,,,,0.0,0.0,0.0,2.25,0.0,0.0,11.25,0.0,22.5,23,0,0,0,0,0,0,0,0,0,0,0,0,0,0,0,0,61,0.0,0.0,0.0,0.0,0.0,0.0,0.0,0.0,0.0,0,0,0,0
94,Dominic,Sadi,Sadi,u,has joined Novi Pazar on loan for the rest of the season.,,4.5,458,280.0,0.0,634,256.0,0.0,649.0,254.0,0,0,0.0,0,0.0,0,1,0.0,0.0,0.0,0.0,0.0,700.0,288.0,0.0,0.0,695.0,283.0,692.0,285.0,672.0,277.0,696.0,284.0,,,,,,,,0.0,0.0,0.0,0.0,0.0,0.0,0.0,0.0,0.0,23,0,0,0,0,0,0,0,0,0,0,0,0,0,0,0,0,7,0.0,0.0,0.0,0.0,0.0,0.0,0.0,0.0,0.0,0,0,0,0
95,Zain,Silcott-Duberry,Silcott-Duberry,u,has joined Olympiakos permanently.,,4.4,542,325.0,0.1,558,203.0,0.0,597.0,217.0,0,0,0.0,-1,1.0,0,5,0.0,0.0,0.0,0.0,0.0,655.0,255.0,0.0,0.0,645.0,246.0,643.0,251.0,618.0,240.0,648.0,248.0,,,,,,,,0.0,0.0,0.0,0.0,0.0,0.0,0.0,0.0,0.0,23,0,0,0,0,0,0,0,0,0,0,0,0,0,0,0,0,21,0.0,0.0,0.0,0.0,0.0,0.0,0.0,0.0,0.0,0,0,0,0
96,Ben,Winterburn,Winterburn,u,has joined Barnet on loan for the rest of the season.,,4.5,487,301.0,0.0,632,254.0,0.0,672.0,270.0,0,0,0.0,0,0.0,0,1,0.0,0.2,0.0,0.0,1.0,459.0,212.0,0.0,0.0,720.0,301.0,715.0,301.0,698.0,296.0,720.0,301.0,,,,,,,,0.0,0.0,0.0,4.65,0.0,0.0,30.0,0.0,0.0,23,0,0,0,0,0,0,0,0,0,0,0,0,0,0,0,0,3,0.0,0.0,0.0,0.0,0.0,0.0,0.0,0.0,0.0,0,0,0,0
97,Francisco Evanilson,de Lima Barbosa,Evanilson,a,,,7.0,40,16.0,1.7,141,21.0,4.2,42.0,7.0,7,0,0.0,0,0.0,12366,596,0.6,10.1,4.2,3.7,3.4,135.0,11.0,100.0,100.0,193.0,15.0,105.0,4.0,14.0,8.0,55.0,11.0,,,,,,,,0.38,0.04,0.42,1.2,0.0,0.28,1.76,1.02,3.8,23,7,90,1,0,0,2,0,0,0,0,0,0,1,1,29,14188,3105,0.0,0.9699999999999998,0.030000000000000027,1.0,0.8299999999999983,34.19999999999999,11.0,35.0,8.0,1,1,3,5
98,Enes,Ünal,Enes Ünal,a,,,5.4,160,39.0,0.0,616,79.0,0.7,315.0,37.0,1,0,0.0,-1,1.0,12,44,0.1,2.6,0.7,0.1,1.4,403.0,45.0,100.0,75.0,399.0,43.0,426.0,54.0,291.0,49.0,403.0,49.0,,,,,,,,0.77,0.04,0.81,1.52,0.0,0.0,1.61,0.0,4.02,23,1,1,0,0,0,0,0,0,0,0,0,0,0,0,3,20,107,0.0,0.0,0.0,0.0,0.0,0.0,0.0,0.0,0.0,0,0,0,0
99,Daniel,Adu-Adjei,Adu-Adjei,u,has joined HNK Rijeka permanently.,,4.4,556,79.0,0.1,417,61.0,0.0,608.0,63.0,0,0,0.0,-1,1.0,0,15,0.0,0.0,0.0,0.0,0.0,665.0,72.0,0.0,0.0,657.0,72.0,654.0,71.0,630.0,71.0,660.0,72.0,,,,,,,,0.0,0.0,0.0,0.0,0.0,0.0,0.0,0.0,0.0,23,0,0,0,0,0,0,0,0,0,0,0,0,0,0,0,0,32,0.0,0.0,0.0,0.0,0.0,0.0,0.0,0.0,0.0,0,0,0,0
100,Junior,Kroupi,Kroupi.Jr,a,,,4.6,398,62.0,4.7,78,14.0,2.7,134.0,14.0,1,0,0.0,1,-1.0,12588,2528,0.6,12.4,2.7,2.2,3.2,152.0,13.0,,,156.0,13.0,220.0,24.0,63.0,22.0,126.0,16.0,,,,,,,,0.46,0.03,0.49,1.44,0.0,0.38,2.04,1.15,6.51,23,1,66,0,0,0,1,0,0,0,1,0,0,1,0,3,24796,7687,0.0,0.0,0.010000000000000009,0.010000000000000231,0.6799999999999997,3.0,1.2999999999999972,0.0,0.3999999999999915,0,3,1,4
391,Ben,Gannon-Doak,Gannon-Doak,i,Hamstring injury - Unknown return date,,4.8,367,230.0,0.0,629,251.0,0.0,700.0,291.0,0,0,0.0,-2,2.0,1,3,0.0,1.5,0.0,0.0,1.8,350.0,154.0,0.0,0.0,424.0,188.0,387.0,193.0,376.0,189.0,429.0,193.0,,,,,,,,0.15,0.15,0.3,4.52,0.0,0.0,1.7,0.0,5.09,23,0,0,0,0,0,0,0,0,0,0,0,0,0,0,0,3,14,0.0,0.0,0.0,0.0,0.0,0.0,0.0,0.0,0.0,0,0,0,0
685,Bafodé,Diakité,Diakité,a,,,4.2,626,148.0,0.3,309,115.0,0.3,342.0,124.0,0,-1,1.0,-3,3.0,31,101,0.1,10.7,0.3,-0.2,2.6,235.0,91.0,100.0,100.0,167.0,71.0,306.0,101.0,350.0,117.0,268.0,89.0,,,,,,,,0.0,0.01,0.01,1.57,0.0,0.28,1.91,1.06,8.27,23,0,0,0,0,0,0,0,0,0,0,0,0,0,0,0,62,343,0.0,0.0,0.0,0.0,0.0,0.0,0.0,0.0,0.0,0,0,0,0
687,Remy,Rees-Dottin,Rees-Dottin,a,,,4.3,610,356.0,0.1,441,151.0,0.0,578.0,207.0,0,-1,1.0,-2,2.0,10,16,0.0,0.0,0.0,-0.5,0.0,639.0,245.0,,,628.0,235.0,626.0,240.0,599.0,229.0,631.0,237.0,,,,,,,,0.0,0.0,0.0,0.0,0.0,0.0,0.0,0.0,0.0,23,0,0,0,0,0,0,0,0,0,0,0,0,0,0,0,15,41,0.0,0.0,0.0,0.0,0.0,0.0,0.0,0.0,0.0,0,0,0,0
697,Amine,Adli,Adli,a,,,5.4,174,108.0,0.1,567,209.0,3.3,83.0,39.0,11,0,0.0,-1,1.0,1037,49,0.6,7.2,3.3,2.8,2.1,314.0,139.0,,,295.0,133.0,228.0,141.0,182.0,103.0,280.0,138.0,,6.0,,,,,,0.2,0.07,0.27,1.45,0.0,0.15,1.81,0.75,11.76,23,11,90,1,0,0,2,0,0,0,0,0,0,1,2,30,1189,86,0.0,0.3400000000000001,0.09999999999999998,0.44000000000000017,0.8300000000000001,1.2000000000000028,1.7999999999999972,2.0,0.5,3,5,8,16
713,Álex,Jiménez Sánchez,A.Jimenez,a,,,4.5,460,92.0,0.1,509,183.0,2.7,132.0,49.0,7,0,0.0,0,0.0,866,52,0.6,8.9,2.7,2.2,2.1,308.0,117.0,,,199.0,80.0,193.0,50.0,207.0,52.0,220.0,75.0,,,,,,,,0.06,0.05,0.11,1.64,0.0,0.14,2.03,1.02,5.49,23,7,84,1,0,0,2,0,0,0,0,0,0,1,0,16,946,236,0.0,0.43000000000000005,0.010000000000000009,0.43999999999999995,0.7299999999999969,34.400000000000006,0.7999999999999972,19.0,5.399999999999999,1,7,5,8
721,Veljko,Milosavljevic,Milosavljević,a,,,4.4,558,119.0,0.0,652,227.0,0.3,351.0,129.0,0,0,0.0,-1,1.0,7,2,0.1,4.3,0.3,-0.2,2.7,227.0,87.0,100.0,100.0,321.0,125.0,388.0,142.0,379.0,138.0,377.0,134.0,,,,,,,,0.04,0.05,0.09,1.08,0.0,0.25,1.47,0.98,9.56,23,0,0,0,0,0,0,0,0,0,0,0,0,0,0,0,13,5,0.0,0.0,0.0,0.0,0.0,0.0,0.0,0.0,0.0,0,0,0,0
756,Malcom,DaCosta,DaCosta,a,,,4.5,506,314.0,0.0,736,315.0,0.0,684.0,280.0,0,0,0.0,0,0.0,0,7,0.0,0.0,0.0,-0.5,0.0,733.0,312.0,,,732.0,311.0,727.0,311.0,711.0,307.0,732.0,311.0,,,,,,,,0.0,0.0,0.0,0.0,0.0,0.0,0.0,0.0,0.0,23,0,0,0,0,0,0,0,0,0,0,0,0,0,0,0,7,12,0.0,0.0,0.0,0.0,0.0,0.0,0.0,0.0,0.0,0,0,0,0
782,Fraser,Forster,Forster,a,,,4.0,647,40.0,0.0,720,83.0,0.0,474.0,55.0,0,0,0.0,0,0.0,34,11,0.0,0.0,0.0,-0.5,0.0,552.0,60.0,,,540.0,60.0,533.0,47.0,497.0,32.0,543.0,60.0,,,,,,,,0.0,0.0,0.0,0.0,0.0,0.0,0.0,0.0,0.0,23,0,0,0,0,0,0,0,0,0,0,0,0,0,0,0,66,22,0.0,0.0,0.0,0.0,0.0,0.0,0.0,0.0,0.0,0,0,0,0
799,Charlie,Stevens,Stevens,a,,,4.5,503,311.0,0.0,798,358.0,0.0,682.0,278.0,0,0,0.0,0,0.0,4,2,0.0,0.0,0.0,-0.5,0.0,731.0,310.0,,,730.0,309.0,725.0,309.0,708.0,304.0,730.0,309.0,,,,,,,,0.0,0.0,0.0,0.0,0.0,0.0,0.0,0.0,0.0,23,0,0,0,0,0,0,0,0,0,0,0,0,0,0,0,20,3,0.0,0.0,0.0,0.0,0.0,0.0,0.0,0.0,0.0,0,0,0,0
801,Alex,Tóth,Tóth.A,a,,,5.0,279,173.0,0.0,766,334.0,1.0,285.0,124.0,1,0,0.0,0,0.0,66,5,0.2,0.2,1.8,1.3,1.0,473.0,223.0,,,772.0,340.0,770.0,340.0,764.0,338.0,772.0,340.0,,,,,,,,0.0,0.0,0.0,1.8,0.0,0.0,0.0,0.0,0.0,23,1,5,0,0,0,0,0,0,0,0,0,0,0,0,3,117,8,0.0,0.0,0.0,0.0,0.1,0.0,0.0,0.0,0.0,0,0,0,0
27,Reiss,Nelson,Nelson,a,,,4.8,354,223.0,0.1,476,165.0,0.5,326.0,148.0,0,0,0.0,-2,2.0,12,18,0.1,1.2,0.5,0.5,1.0,464.0,217.0,100.0,100.0,432.0,194.0,427.0,208.0,368.0,186.0,439.0,199.0,,,,,,,,1.1,0.13,1.23,2.18,0.0,0.0,1.8,0.0,30.6,23,0,0,0,0,0,0,0,0,0,0,0,0,0,0,0,29,39,0.0,0.0,0.0,0.0,0.0,0.0,0.0,0.0,0.0,0,0,0,0
83,Dango,Ouattara,O.Dango,a,,,5.8,111,70.0,0.3,299,101.0,0.2,407.0,190.0,0,0,0.0,-2,2.0,125,131,0.0,11.2,0.2,0.2,4.1,67.0,28.0,100.0,100.0,238.0,100.0,223.0,136.0,48.0,28.0,151.0,84.0,2.0,,,,,,,0.3,0.06,0.36,1.2,0.0,0.25,1.26,1.01,8.21,23,0,0,0,0,0,0,0,0,0,0,0,0,0,0,0,974,685,0.0,0.0,0.0,0.0,0.0,0.0,0.0,0.0,0.0,0,0,0,0
101,Caoimhín,Kelleher,Kelleher,a,,,4.6,391,19.0,10.1,43,6.0,4.3,31.0,3.0,0,0,0.0,1,-1.0,3777,2481,0.9,17.8,4.3,4.3,3.7,100.0,9.0,100.0,100.0,19.0,6.0,377.0,4.0,714.0,75.0,170.0,5.0,,,,,,,,0.0,0.0,0.0,1.38,2.77,0.23,1.36,1.0,0.0,23,0,0,0,0,0,0,0,0,0,0,0,0,0,0,0,13491,6825,0.0,0.0,0.0,0.0,0.0,0.0,0.0,0.0,0.0,0,0,0,0
102,Ellery,Balcombe,Balcombe,a,,,3.9,737,76.0,0.3,333,46.0,0.0,448.0,40.0,0,0,0.0,-1,1.0,20,24,0.0,0.0,0.0,0.0,0.0,526.0,45.0,,,514.0,45.0,507.0,32.0,470.0,17.0,517.0,45.0,,,,,,,,0.0,0.0,0.0,0.0,0.0,0.0,0.0,0.0,0.0,23,0,0,0,0,0,0,0,0,0,0,0,0,0,0,0,63,98,0.0,0.0,0.0,0.0,0.0,0.0,0.0,0.0,0.0,0,0,0,0
103,Matthew,Cox,Cox,u,has joined Shrewsbury Town on loan for the rest of the season.,,3.9,754,84.0,0.2,401,60.0,0.0,460.0,48.0,0,0,0.0,-1,1.0,0,87,0.0,0.0,0.0,0.0,0.0,538.0,53.0,0.0,0.0,526.0,53.0,519.0,40.0,482.0,25.0,529.0,53.0,,,,,,,,0.0,0.0,0.0,0.0,0.0,0.0,0.0,0.0,0.0,23,0,0,0,0,0,0,0,0,0,0,0,0,0,0,0,0,196,0.0,0.0,0.0,0.0,0.0,0.0,0.0,0.0,0.0,0,0,0,0
104,Julian,Eyestone,Eyestone,a,,,3.9,758,86.0,0.1,440,67.0,0.0,464.0,50.0,0,0,0.0,-1,1.0,17,38,0.0,0.0,0.0,0.0,0.0,542.0,55.0,,,530.0,55.0,523.0,42.0,486.0,27.0,533.0,55.0,,,,,,,,0.0,0.0,0.0,0.0,0.0,0.0,0.0,0.0,0.0,23,0,0,0,0,0,0,0,0,0,0,0,0,0,0,0,28,91,0.0,0.0,0.0,0.0,0.0,0.0,0.0,0.0,0.0,0,0,0,0
105,Hákon Rafn,Valdimarsson,Valdimarsson,a,,,3.9,755,85.0,0.6,226,29.0,0.0,461.0,49.0,0,0,0.0,-1,1.0,17,76,0.0,0.0,0.0,0.0,0.0,539.0,54.0,,,527.0,54.0,520.0,41.0,483.0,26.0,530.0,54.0,,,,,,,,0.0,0.0,0.0,0.0,0.0,0.0,0.0,0.0,0.0,23,0,0,0,0,0,0,0,0,0,0,0,0,0,0,0,46,260,0.0,0.0,0.0,0.0,0.0,0.0,0.0,0.0,0.0,0,0,0,0
106,Nathan,Collins,Collins,a,,,5.0,257,41.0,4.1,87,30.0,6.2,6.0,3.0,0,0,0.0,0,0.0,2764,2870,1.2,18.0,6.2,6.2,4.1,63.0,28.0,,,8.0,3.0,216.0,59.0,76.0,6.0,53.0,7.0,,,,,,,,0.07,0.04,0.11,1.38,0.0,0.24,1.37,0.99,10.62,23,0,0,0,0,0,0,0,0,0,0,0,0,0,0,0,19227,6759,0.0,0.0,0.0,0.0,0.0,0.0,0.0,0.0,0.0,0,0,0,0
107,Keane,Lewis-Potter,Lewis-Potter,a,,,4.9,317,53.0,2.3,119,47.0,2.5,152.0,59.0,0,0,0.0,-1,1.0,293,2402,0.5,13.5,2.5,2.5,3.3,144.0,58.0,,,245.0,101.0,163.0,41.0,133.0,23.0,204.0,67.0,,,,,,,,0.13,0.09,0.22,1.6,0.0,0.59,1.48,0.99,3.26,23,0,0,0,0,0,0,0,0,0,0,0,0,0,0,0,1567,7602,0.0,0.0,0.0,0.0,0.0,0.0,0.0,0.0,0.0,0,0,0,0
108,Kristoffer,Ajer,Ajer,a,,,4.4,514,102.0,0.2,371,136.0,3.8,49.0,20.0,0,0,0.0,-1,1.0,72,68,0.9,10.7,3.8,3.8,2.9,196.0,76.0,100.0,100.0,181.0,74.0,352.0,124.0,179.0,37.0,249.0,88.0,,,,,,,,0.05,0.05,0.1,1.41,0.0,0.25,1.44,1.02,10.01,23,0,0,0,0,0,0,0,0,0,0,0,0,0,0,0,564,347,0.0,0.0,0.0,0.0,0.0,0.0,0.0,0.0,0.0,0,0,0,0
109,Rico,Henry,Henry,a,,,4.3,570,127.0,0.2,400,146.0,2.7,130.0,47.0,0,0,0.0,-2,2.0,31,56,0.6,8.1,2.7,2.7,1.9,330.0,125.0,,,352.0,134.0,343.0,119.0,346.0,116.0,372.0,133.0,,,,,,,,0.02,0.03,0.05,1.9,0.0,0.34,1.48,0.79,4.43,23,0,0,0,0,0,0,0,0,0,0,0,0,0,0,0,207,166,0.0,0.0,0.0,0.0,0.0,0.0,0.0,0.0,0.0,0,0,0,0
110,Michael,Kayode,Kayode,a,,,4.5,488,95.0,0.7,213,80.0,2.7,133.0,50.0,0,0,0.0,0,0.0,160,527,0.6,14.2,2.7,2.7,2.9,198.0,78.0,,,83.0,37.0,49.0,7.0,253.0,71.0,86.0,20.0,,,,,,,,0.01,0.1,0.11,1.39,0.0,0.23,1.36,1.03,6.57,23,0,0,0,0,0,0,0,0,0,0,0,0,0,0,0,1233,1478,0.0,0.0,0.0,0.0,0.0,0.0,0.0,0.0,0.0,0,0,0,0
111,Ethan,Pinnock,Pinnock,a,,,4.2,624,147.0,0.1,451,166.0,0.0,540.0,224.0,0,0,0.0,-3,3.0,18,32,0.0,1.0,0.0,0.0,1.3,406.0,149.0,100.0,100.0,366.0,140.0,443.0,162.0,374.0,135.0,410.0,147.0,,,,,,,,0.0,0.02,0.02,1.26,0.0,0.0,1.97,1.18,11.45,23,0,0,0,0,0,0,0,0,0,0,0,0,0,0,0,57,81,0.0,0.0,0.0,0.0,0.0,0.0,0.0,0.0,0.0,0,0,0,0
112,Mads,Roerslev Rasmussen,Roerslev,u,Has joined Southampton permanently.,,4.5,416,82.0,0.0,691,237.0,0.0,620.0,243.0,0,0,0.0,0,0.0,0,2,0.0,0.0,0.0,0.0,0.0,675.0,251.0,0.0,0.0,668.0,250.0,665.0,251.0,643.0,250.0,671.0,251.0,,,,,,,,0.0,0.0,0.0,0.0,0.0,0.0,0.0,0.0,0.0,23,0,0,0,0,0,0,0,0,0,0,0,0,0,0,0,0,3,0.0,0.0,0.0,0.0,0.0,0.0,0.0,0.0,0.0,0,0,0,0
113,Sepp,van den Berg,Van den Berg,a,,,4.5,425,85.0,0.7,209,79.0,0.0,627.0,244.0,0,0,0.0,0,0.0,38,719,0.0,11.6,0.0,0.0,3.1,165.0,67.0,100.0,100.0,100.0,43.0,348.0,122.0,115.0,19.0,167.0,53.0,,,,,,,,0.11,0.01,0.12,1.32,0.0,0.18,1.47,1.0,9.06,23,0,0,0,0,0,0,0,0,0,0,0,0,0,0,0,189,3037,0.0,0.0,0.0,0.0,0.0,0.0,0.0,0.0,0.0,0,0,0,0
114,Benjamin,Arthur,Arthur,a,,,3.9,768,230.0,0.2,361,132.0,0.0,472.0,181.0,0,0,0.0,-1,1.0,21,27,0.0,0.0,0.0,0.0,0.0,550.0,202.0,100.0,100.0,538.0,201.0,531.0,202.0,495.0,194.0,541.0,201.0,,,,,,,,0.0,0.0,0.0,0.0,0.0,0.0,0.0,0.0,0.0,23,0,0,0,0,0,0,0,0,0,0,0,0,0,0,0,58,125,0.0,0.0,0.0,0.0,0.0,0.0,0.0,0.0,0.0,0,0,0,0
115,Benjamin,Fredrick,Fredrick,u,has joined Dender on loan for the rest of the season.,,4.0,710,199.0,0.1,512,184.0,0.0,528.0,215.0,0,0,0.0,0,0.0,0,8,0.0,0.0,0.0,0.0,0.0,604.0,234.0,0.0,0.0,592.0,233.0,587.0,234.0,553.0,228.0,595.0,233.0,,,,,,,,0.0,0.0,0.0,0.0,0.0,0.0,0.0,0.0,0.0,23,0,0,0,0,0,0,0,0,0,0,0,0,0,0,0,0,18,0.0,0.0,0.0,0.0,0.0,0.0,0.0,0.0,0.0,0,0,0,0
116,Aaron,Hickey,Hickey,a,,,4.0,673,171.0,0.5,255,97.0,0.8,290.0,106.0,0,0,0.0,0,0.0,55,187,0.2,7.2,0.8,0.8,2.1,304.0,113.0,100.0,100.0,377.0,145.0,389.0,143.0,306.0,97.0,389.0,139.0,,,,,,,,0.07,0.03,0.1,0.86,0.0,0.35,1.05,1.05,5.6,23,0,0,0,0,0,0,0,0,0,0,0,0,0,0,0,238,636,0.0,0.0,0.0,0.0,0.0,0.0,0.0,0.0,0.0,0,0,0,0
117,Kim,Ji-soo,Ji-soo,u,has joined Kaiserslautern on loan for the rest of the season.,,3.9,763,225.0,0.1,497,178.0,0.0,469.0,178.0,0,0,0.0,-1,1.0,0,6,0.0,0.0,0.0,0.0,0.0,547.0,199.0,0.0,0.0,535.0,198.0,528.0,199.0,491.0,190.0,538.0,198.0,,,,,,,,0.0,0.0,0.0,0.0,0.0,0.0,0.0,0.0,0.0,23,0,0,0,0,0,0,0,0,0,0,0,0,0,0,0,0,20,0.0,0.0,0.0,0.0,0.0,0.0,0.0,0.0,0.0,0,0,0,0
118,Jayden,Meghoma,Meghoma,u,Has joined Rangers on loan for the rest of the season.,,4.0,683,177.0,0.0,599,215.0,0.0,504.0,196.0,0,0,0.0,0,0.0,0,2,0.0,0.0,0.0,0.0,0.0,581.0,216.0,0.0,0.0,569.0,215.0,564.0,216.0,529.0,209.0,572.0,215.0,,,,,,,,0.0,0.0,0.0,0.0,0.0,0.0,0.0,0.0,0.0,23,0,0,0,0,0,0,0,0,0,0,0,0,0,0,0,0,9,0.0,0.0,0.0,0.0,0.0,0.0,0.0,0.0,0.0,0,0,0,0
120,Kevin,Schade,Schade,a,,,7.2,35,21.0,3.3,98,31.0,6.0,7.0,3.0,0,1,-1.0,2,-2.0,4860,4626,0.8,11.9,6.0,6.0,4.1,69.0,30.0,100.0,100.0,52.0,13.0,77.0,58.0,9.0,3.0,18.0,15.0,,,3.0,,,,,0.43,0.08,0.51,1.25,0.0,0.37,1.04,1.04,6.88,23,0,0,0,0,0,0,0,0,0,0,0,0,0,0,0,34547,10298,0.0,0.0,0.0,0.0,0.0,0.0,0.0,0.0,0.0,0,0,0,0
121,Mikkel,Damsgaard,Damsgaard,a,,,5.7,119,75.0,0.5,247,82.0,2.2,185.0,75.0,0,0,0.0,-3,3.0,104,194,0.4,10.5,2.2,2.2,3.2,158.0,68.0,,,139.0,49.0,20.0,19.0,125.0,73.0,58.0,39.0,1.0,3.0,,,,,,0.08,0.26,0.34,1.4,0.0,0.15,1.53,1.02,10.12,23,0,0,0,0,0,0,0,0,0,0,0,0,0,0,0,666,606,0.0,0.0,0.0,0.0,0.0,0.0,0.0,0.0,0.0,0,0,0,0
122,Antoni,Milambo,Milambo,i,Knee injury - Expected back 01 Jun,,5.2,218,136.0,0.0,644,262.0,0.0,753.0,331.0,0,0,0.0,-3,3.0,2,2,0.0,0.2,0.0,0.0,1.0,477.0,226.0,0.0,0.0,457.0,210.0,436.0,211.0,769.0,341.0,466.0,215.0,,,,,,,,0.0,0.02,0.02,2.98,0.0,0.0,6.0,2.0,8.0,23,0,0,0,0,0,0,0,0,0,0,0,0,0,0,0,4,6,0.0,0.0,0.0,0.0,0.0,0.0,0.0,0.0,0.0,0,0,0,0
123,Fábio,Freitas Gouveia Carvalho,Carvalho,i,Knee injury - Expected back 01 Jun,,4.7,381,239.0,0.1,452,154.0,0.0,689.0,284.0,0,0,0.0,-3,3.0,6,21,0.0,2.8,0.0,0.0,2.2,293.0,128.0,0.0,0.0,397.0,174.0,418.0,206.0,316.0,166.0,408.0,185.0,4.0,,4.0,,,,,0.63,0.03,0.66,1.87,0.0,0.0,3.6,0.9,7.2,23,0,0,0,0,0,0,0,0,0,0,0,0,0,0,0,11,54,0.0,0.0,0.0,0.0,0.0,0.0,0.0,0.0,0.0,0,0,0,0
124,Jordan,Henderson,Henderson,d,Ankle injury - 75% chance of playing,,5.0,240,148.0,0.4,277,93.0,0.8,297.0,132.0,0,0,0.0,0,0.0,11,383,0.2,11.6,0.6,0.6,2.9,201.0,86.0,75.0,75.0,170.0,66.0,80.0,60.0,308.0,161.0,155.0,86.0,,,,,,,,0.02,0.13,0.15,1.24,0.0,0.27,1.4,1.0,8.34,23,0,0,0,0,0,0,0,0,0,0,0,0,0,0,0,32,1178,0.0,0.0,0.0,0.0,0.0,0.0,0.0,0.0,0.0,0,0,0,0
125,Vitaly,Janelt,Janelt,a,,,4.9,299,186.0,0.3,291,96.0,4.7,23.0,9.0,0,0,0.0,-1,1.0,382,349,1.0,10.8,4.7,4.7,3.1,168.0,71.0,100.0,100.0,184.0,77.0,92.0,69.0,266.0,142.0,173.0,94.0,5.0,,,,,,,0.05,0.18,0.23,1.4,0.0,0.42,0.96,0.85,12.84,23,0,0,0,0,0,0,0,0,0,0,0,0,0,0,0,2367,1034,0.0,0.0,0.0,0.0,0.0,0.0,0.0,0.0,0.0,0,0,0,0
126,Mathias,Jensen,Jensen,a,,,4.9,302,188.0,0.1,501,177.0,1.7,220.0,95.0,0,0,0.0,-1,1.0,18,25,0.3,8.8,1.7,1.7,2.1,311.0,138.0,,,249.0,105.0,117.0,85.0,211.0,117.0,211.0,106.0,3.0,,5.0,,,,,0.13,0.22,0.35,1.42,0.0,0.42,1.16,1.05,8.22,23,0,0,0,0,0,0,0,0,0,0,0,0,0,0,0,115,134,0.0,0.0,0.0,0.0,0.0,0.0,0.0,0.0,0.0,0,0,0,0
150,Tariq,Lamptey,Lamptey,u,has joined Fiorentina permanently.,,4.4,522,109.0,0.1,493,177.0,0.0,588.0,238.0,0,0,0.0,-1,1.0,0,5,0.0,0.0,0.0,0.0,0.0,647.0,248.0,0.0,0.0,636.0,247.0,634.0,248.0,608.0,245.0,639.0,248.0,,,,,,,,0.0,0.0,0.0,0.0,0.0,0.0,0.0,0.0,0.0,23,0,0,0,0,0,0,0,0,0,0,0,0,0,0,0,0,13,0.0,0.0,0.0,0.0,0.0,0.0,0.0,0.0,0.0,0,0,0,0
127,Gustavo,Nunes Fernandes Gomes,Nunes,u,has joined Swansea City on loan for the rest of the season.,,4.9,342,214.0,0.0,680,283.0,0.0,724.0,308.0,0,0,0.0,-1,1.0,0,28,0.0,0.0,0.0,0.0,0.0,757.0,328.0,0.0,0.0,756.0,327.0,752.0,327.0,744.0,325.0,756.0,327.0,,,,,,,,0.0,0.0,0.0,0.0,0.0,0.0,0.0,0.0,0.0,23,0,0,0,0,0,0,0,0,0,0,0,0,0,0,0,0,53,0.0,0.0,0.0,0.0,0.0,0.0,0.0,0.0,0.0,0,0,0,0
128,Frank,Onyeka,Onyeka,a,,,4.8,363,227.0,0.0,594,226.0,0.0,698.0,290.0,0,0,0.0,-2,2.0,3,4,0.0,2.5,0.0,0.0,2.0,321.0,142.0,100.0,100.0,411.0,184.0,390.0,194.0,414.0,205.0,431.0,194.0,,,,,,,,0.0,0.37,0.37,2.07,0.0,0.0,2.05,0.0,10.23,23,0,0,0,0,0,0,0,0,0,0,0,0,0,0,0,22,14,0.0,0.0,0.0,0.0,0.0,0.0,0.0,0.0,0.0,0,0,0,0
129,Yehor,Yarmoliuk,Yarmoliuk,a,,,5.0,272,167.0,0.1,447,152.0,3.8,52.0,20.0,0,0,0.0,0,0.0,136,69,0.8,13.4,3.8,3.8,3.0,190.0,81.0,100.0,100.0,153.0,58.0,126.0,92.0,206.0,115.0,157.0,88.0,,,,,,,,0.06,0.05,0.11,1.4,0.0,0.27,1.41,1.09,11.1,23,0,0,0,0,0,0,0,0,0,0,0,0,0,0,0,629,263,0.0,0.0,0.0,0.0,0.0,0.0,0.0,0.0,0.0,0,0,0,0
130,Romelle,Donovan,Donovan,a,,,4.4,557,334.0,0.1,475,164.0,0.2,382.0,172.0,0,0,0.0,-1,1.0,9,27,0.0,0.2,0.2,0.2,1.0,449.0,203.0,,,460.0,212.0,398.0,198.0,410.0,203.0,448.0,204.0,,,,,,,,4.5,0.9,5.4,0.0,0.0,0.0,0.0,0.0,90.0,23,0,0,0,0,0,0,0,0,0,0,0,0,0,0,0,48,84,0.0,0.0,0.0,0.0,0.0,0.0,0.0,0.0,0.0,0,0,0,0
136,Igor Thiago,Nascimento Rodrigues,Thiago,a,,,7.2,34,14.0,38.2,3,2.0,6.3,3.0,1.0,0,0,0.0,12,-12.0,21527,7767,0.9,16.9,6.3,6.3,5.5,9.0,2.0,100.0,100.0,4.0,2.0,118.0,5.0,2.0,2.0,3.0,2.0,,,2.0,,,,,0.62,0.04,0.66,1.42,0.0,0.24,1.37,1.03,5.23,23,0,0,0,0,0,0,0,0,0,0,0,0,0,0,0,111700,15217,0.0,0.0,0.0,0.0,0.0,0.0,0.0,0.0,0.0,0,0,0,0
137,Iwan,Morgan,Morgan,u,has joined Shrewsbury on loan for the rest of the season.,,4.4,544,74.0,0.3,300,50.0,0.0,598.0,58.0,0,0,0.0,-1,1.0,0,82,0.0,0.0,0.0,0.0,0.0,656.0,67.0,0.0,0.0,647.0,67.0,644.0,66.0,620.0,66.0,650.0,67.0,,,,,,,,0.0,0.0,0.0,0.0,0.0,0.0,0.0,0.0,0.0,23,0,0,0,0,0,0,0,0,0,0,0,0,0,0,0,0,253,0.0,0.0,0.0,0.0,0.0,0.0,0.0,0.0,0.0,0,0,0,0
748,Josh,Dasilva,Dasilva,i,Knee injury - Unknown return date,,4.9,295,183.0,0.0,787,348.0,0.0,705.0,295.0,0,0,0.0,-1,1.0,1,0,0.0,0.0,0.0,0.0,0.0,745.0,319.0,0.0,0.0,744.0,318.0,740.0,318.0,731.0,316.0,744.0,318.0,,,,,,,,0.0,0.0,0.0,0.0,0.0,0.0,0.0,0.0,0.0,23,0,0,0,0,0,0,0,0,0,0,0,0,0,0,0,2,4,0.0,0.0,0.0,0.0,0.0,0.0,0.0,0.0,0.0,0,0,0,0
797,Kaye,Furo,Furo,a,,,4.5,481,66.0,0.0,776,88.0,0.0,666.0,67.0,0,0,0.0,0,0.0,19,3,0.0,0.0,0.0,0.0,0.0,716.0,76.0,,,714.0,76.0,709.0,75.0,692.0,75.0,714.0,76.0,,,,,,,,0.0,0.0,0.0,0.0,0.0,0.0,0.0,0.0,0.0,23,0,0,0,0,0,0,0,0,0,0,0,0,0,0,0,47,4,0.0,0.0,0.0,0.0,0.0,0.0,0.0,0.0,0.0,0,0,0,0
138,Jason,Steele,Steele,a,,,4.2,616,31.0,0.2,339,47.0,0.0,538.0,77.0,0,0,0.0,-3,3.0,19,28,0.0,0.0,0.0,0.0,0.0,613.0,82.0,,,601.0,82.0,596.0,71.0,563.0,56.0,605.0,82.0,,,,,,,,0.0,0.0,0.0,0.0,0.0,0.0,0.0,0.0,0.0,23,0,0,0,0,0,0,0,0,0,0,0,0,0,0,0,58,77,0.0,0.0,0.0,0.0,0.0,0.0,0.0,0.0,0.0,0,0,0,0
139,Bart,Verbruggen,Verbruggen,a,,,4.5,437,25.0,5.9,69,11.0,2.5,149.0,16.0,1,0,0.0,0,0.0,1399,2162,0.6,15.8,2.5,2.5,3.1,166.0,15.0,,,14.0,3.0,403.0,7.0,658.0,73.0,153.0,3.0,,,,,,,,0.0,0.0,0.0,1.44,2.78,0.22,1.35,1.0,0.0,23,1,90,0,0,0,2,0,0,0,0,0,2,1,0,2,4923,6115,0.0,0.0,0.0,0.0,1.1300000000000026,10.600000000000023,0.0,0.0,1.1000000000000014,0,1,8,0
140,Tom,McGill,McGill,a,,,3.9,733,74.0,0.3,304,40.0,0.0,446.0,38.0,0,0,0.0,-1,1.0,16,26,0.0,0.0,0.0,0.0,0.0,524.0,43.0,,,512.0,43.0,505.0,30.0,468.0,15.0,515.0,43.0,,,,,,,,0.0,0.0,0.0,0.0,0.0,0.0,0.0,0.0,0.0,23,0,0,0,0,0,0,0,0,0,0,0,0,0,0,0,77,87,0.0,0.0,0.0,0.0,0.0,0.0,0.0,0.0,0.0,0,0,0,0
141,Carl,Rushworth,Rushworth,u,Has joined Coventry City on loan for the rest of the season.,,4.0,674,54.0,0.0,782,89.0,0.0,495.0,67.0,0,0,0.0,0,0.0,0,0,0.0,0.0,0.0,0.0,0.0,573.0,72.0,0.0,0.0,561.0,72.0,556.0,61.0,521.0,46.0,564.0,72.0,,,,,,,,0.0,0.0,0.0,0.0,0.0,0.0,0.0,0.0,0.0,23,0,0,0,0,0,0,0,0,0,0,0,0,0,0,0,0,0,0.0,0.0,0.0,0.0,0.0,0.0,0.0,0.0,0.0,0,0,0,0
142,Kjell,Scherpen,Scherpen,u,Has joined Union SG permanently,,4.0,663,48.0,0.0,783,90.0,0.0,486.0,61.0,0,0,0.0,0,0.0,0,0,0.0,0.0,0.0,0.0,0.0,564.0,66.0,0.0,0.0,552.0,66.0,547.0,55.0,512.0,40.0,555.0,66.0,,,,,,,,0.0,0.0,0.0,0.0,0.0,0.0,0.0,0.0,0.0,23,0,0,0,0,0,0,0,0,0,0,0,0,0,0,0,0,0,0.0,0.0,0.0,0.0,0.0,0.0,0.0,0.0,0.0,0,0,0,0
143,Olivier,Boscagli,Boscagli,a,,,4.2,622,145.0,0.1,503,181.0,1.0,279.0,102.0,5,0,0.0,-3,3.0,25,5,0.2,3.6,1.0,1.0,3.0,181.0,69.0,,,359.0,136.0,339.0,117.0,373.0,134.0,379.0,135.0,,,,,,,,0.02,0.07,0.09,1.4,0.0,0.39,0.78,1.17,7.83,23,5,87,0,1,0,1,0,0,0,0,0,0,1,0,17,36,31,0.0,0.0,0.010000000000000009,0.009999999999999981,1.0999999999999996,27.400000000000006,12.2,4.0,4.4,1,3,3,4
144,Diego,Coppola,Coppola,a,,,4.2,636,153.0,0.1,569,206.0,0.0,550.0,228.0,0,0,0.0,-3,3.0,2,8,0.0,2.4,0.0,0.0,2.0,319.0,121.0,,,392.0,151.0,429.0,156.0,420.0,158.0,427.0,155.0,,,,,,,,0.0,0.0,0.0,2.11,0.0,0.47,1.4,0.93,8.39,23,0,0,0,0,0,0,0,0,0,0,0,0,0,0,0,12,20,0.0,0.0,0.0,0.0,0.0,0.0,0.0,0.0,0.0,0,0,0,0
145,Maxim,De Cuyper,De Cuyper,a,,,4.3,579,134.0,2.0,130,50.0,0.7,308.0,111.0,1,0,0.0,-2,2.0,99,1098,0.2,11.6,0.7,0.7,2.6,237.0,92.0,100.0,100.0,221.0,90.0,63.0,12.0,178.0,36.0,139.0,45.0,3.0,6.0,,,,,,0.12,0.18,0.3,1.73,0.0,0.28,1.57,1.11,4.05,23,1,2,0,0,0,1,0,0,0,0,0,0,0,0,3,324,3684,0.0,0.0,0.0,0.0,0.030000000000001137,6.599999999999994,0.10000000000002274,0.0,0.7000000000000028,2,1,1,3
146,Lewis,Dunk,Dunk,a,,,4.5,401,72.0,0.9,190,73.0,2.7,131.0,48.0,3,0,0.0,0,0.0,212,174,0.6,11.8,2.7,2.7,2.4,262.0,103.0,100.0,100.0,51.0,25.0,234.0,66.0,181.0,39.0,133.0,43.0,,1.0,,,,,,0.04,0.02,0.06,1.43,0.0,0.19,1.4,0.98,7.4,23,3,90,0,0,0,2,0,0,0,0,0,0,1,0,15,1067,705,0.0,0.24,0.14999999999999997,0.3900000000000001,1.1300000000000026,35.19999999999999,13.5,32.0,8.100000000000001,1,9,4,10
147,Pervis,Estupiñán Tenorio,Estupiñan,u,Has joined AC Milan permanently,,4.5,411,78.0,0.0,723,247.0,0.0,616.0,240.0,0,0,0.0,0,0.0,0,0,0.0,0.0,0.0,0.0,0.0,672.0,249.0,0.0,0.0,665.0,248.0,662.0,249.0,639.0,247.0,668.0,249.0,,,,,,,,0.0,0.0,0.0,0.0,0.0,0.0,0.0,0.0,0.0,23,0,0,0,0,0,0,0,0,0,0,0,0,0,0,0,0,0,0.0,0.0,0.0,0.0,0.0,0.0,0.0,0.0,0.0,0,0,0,0
148,Ferdi,Kadıoğlu,F.Kadıoğlu,a,,,4.4,520,107.0,0.4,283,107.0,3.2,88.0,31.0,1,0,0.0,-1,1.0,234,236,0.7,13.4,3.2,3.2,2.7,226.0,86.0,,,140.0,60.0,69.0,13.0,146.0,28.0,100.0,30.0,2.0,,,,,,,0.06,0.11,0.17,1.45,0.0,0.25,1.31,0.96,4.9,23,1,90,0,0,0,2,0,0,0,0,0,0,1,0,6,1305,757,0.0,0.24,0.050000000000000266,0.29000000000000004,1.129999999999999,17.0,5.0,11.0,3.299999999999997,0,4,4,4
151,Jan Paul,van Hecke,Van Hecke,a,,,4.5,433,87.0,4.4,81,26.0,3.2,89.0,32.0,1,0,0.0,0,0.0,2145,2517,0.7,18.9,3.2,3.2,3.9,75.0,29.0,100.0,100.0,6.0,2.0,177.0,46.0,79.0,7.0,43.0,4.0,,,,,,,,0.09,0.03,0.12,1.44,0.0,0.18,1.41,1.0,8.32,23,1,90,0,0,0,2,0,0,0,0,0,0,1,0,7,9887,6529,0.0,0.04999999999999982,0.019999999999999907,0.07000000000000028,1.1300000000000026,19.399999999999977,5.799999999999997,9.0,3.4000000000000057,1,7,4,8
152,Joël,Veltman,Veltman,a,,,4.3,564,122.0,0.2,409,149.0,3.0,100.0,35.0,0,0,0.0,-2,2.0,45,92,0.7,6.7,3.0,3.0,2.4,261.0,102.0,100.0,100.0,234.0,96.0,273.0,86.0,276.0,82.0,282.0,94.0,,,,,,,,0.13,0.01,0.14,1.58,0.0,0.13,1.34,0.94,10.03,23,0,0,0,0,0,0,0,0,0,0,0,0,0,0,0,316,278,0.0,0.0,0.0,0.0,0.0,0.0,0.0,0.0,0.0,0,0,0,0
153,Adam,Webster,Webster,i,Knee injury - Unknown return date,,4.4,513,101.0,0.0,741,252.0,0.0,584.0,235.0,0,0,0.0,-1,1.0,4,2,0.0,0.0,0.0,0.0,0.0,644.0,246.0,0.0,0.0,633.0,245.0,631.0,246.0,605.0,243.0,636.0,246.0,,,,,,,,0.0,0.0,0.0,0.0,0.0,0.0,0.0,0.0,0.0,23,0,0,0,0,0,0,0,0,0,0,0,0,0,0,0,9,6,0.0,0.0,0.0,0.0,0.0,0.0,0.0,0.0,0.0,0,0,0,0
154,Eiran,Cashin,Cashin,u,has joined Blackburn Rovers on loan for the rest of the season.,,4.0,665,167.0,0.0,754,255.0,0.0,488.0,188.0,0,0,0.0,0,0.0,0,0,0.0,0.0,0.0,0.0,0.0,566.0,209.0,0.0,0.0,554.0,208.0,549.0,209.0,514.0,202.0,557.0,208.0,,,,,,,,0.0,0.0,0.0,0.0,0.0,0.0,0.0,0.0,0.0,23,0,0,0,0,0,0,0,0,0,0,0,0,0,0,0,0,0,0.0,0.0,0.0,0.0,0.0,0.0,0.0,0.0,0.0,0,0,0,0
155,Jacob,Slater,Slater,u,has joined Harrogate Town on loan until January.,,4.0,704,193.0,0.1,481,173.0,0.0,523.0,210.0,0,0,0.0,0,0.0,0,9,0.0,0.0,0.0,0.0,0.0,599.0,229.0,0.0,0.0,587.0,228.0,582.0,229.0,548.0,223.0,590.0,228.0,,,,,,,,0.0,0.0,0.0,0.0,0.0,0.0,0.0,0.0,0.0,23,0,0,0,0,0,0,0,0,0,0,0,0,0,0,0,0,18,0.0,0.0,0.0,0.0,0.0,0.0,0.0,0.0,0.0,0,0,0,0
156,Charlie,Tasker,Tasker,a,,,3.8,794,255.0,0.1,412,151.0,0.0,429.0,165.0,0,0,0.0,-2,2.0,33,28,0.0,0.0,0.0,0.0,0.0,509.0,188.0,,,497.0,187.0,489.0,188.0,451.0,178.0,500.0,187.0,,,,,,,,0.0,0.0,0.0,0.0,0.0,0.0,0.0,0.0,0.0,23,0,0,0,0,0,0,0,0,0,0,0,0,0,0,0,121,73,0.0,0.0,0.0,0.0,0.0,0.0,0.0,0.0,0.0,0,0,0,0
157,Mitoma,Kaoru,Mitoma,a,,,6.1,82,54.0,2.1,126,43.0,2.7,141.0,60.0,2,0,0.0,-4,4.0,973,717,0.4,6.2,2.7,2.7,2.9,207.0,90.0,100.0,100.0,244.0,103.0,89.0,66.0,100.0,59.0,143.0,80.0,,,,,,,,0.15,0.14,0.29,1.34,0.0,0.2,1.17,0.98,4.58,23,2,90,0,0,0,2,0,0,0,0,0,0,1,0,13,4630,2284,0.0,0.18000000000000016,0.31000000000000005,0.4900000000000002,1.1300000000000008,9.599999999999994,15.699999999999989,31.0,5.600000000000001,0,0,4,4
164,Matt,O'Riley,O'Riley,u,has joined Marseille on loan for the rest of the season.,,5.5,142,90.0,0.3,296,98.0,0.0,778.0,347.0,0,0,0.0,0,0.0,0,15,0.0,2.2,0.0,0.0,6.0,5.0,2.0,0.0,0.0,370.0,163.0,274.0,160.0,270.0,146.0,348.0,167.0,,,,,,,,0.62,0.09,0.71,1.08,0.0,0.51,1.02,1.02,4.58,23,0,0,0,0,0,0,0,0,0,0,0,0,0,0,0,0,25,0.0,0.0,0.0,0.0,0.0,0.0,0.0,0.0,0.0,0,0,0,0
166,Yasin,Ayari,Ayari,a,,,4.8,368,231.0,0.4,260,88.0,6.2,5.0,2.0,11,0,0.0,-2,2.0,3746,220,1.3,16.0,6.2,6.2,3.9,77.0,34.0,100.0,100.0,144.0,51.0,115.0,84.0,93.0,57.0,110.0,60.0,4.0,5.0,,,,,,0.14,0.05,0.19,1.31,0.0,0.28,1.12,0.95,10.68,23,11,90,1,0,0,2,0,0,0,0,0,0,1,2,34,5709,983,0.0,0.07999999999999963,0.029999999999999916,0.10999999999999988,1.129999999999999,43.19999999999999,10.300000000000011,18.0,7.200000000000003,2,5,6,13
167,Carlos,Baleba,Baleba,a,,,4.5,453,275.0,1.3,159,56.0,0.8,295.0,130.0,4,0,0.0,-5,5.0,357,116,0.2,6.7,0.8,0.8,1.7,362.0,160.0,100.0,100.0,347.0,155.0,262.0,157.0,348.0,181.0,354.0,168.0,,,,,,,,0.03,0.02,0.05,1.27,0.0,0.36,1.26,1.35,10.73,23,4,80,0,0,0,1,0,0,0,0,0,0,1,0,18,946,351,0.0,0.06,0.01999999999999999,0.07999999999999996,1.0999999999999996,8.599999999999994,4.400000000000006,2.0,1.4999999999999982,2,4,6,12
169,Diego,Gómez Amarilla,Gomez,a,,,4.9,336,208.0,0.2,363,121.0,3.3,80.0,36.0,2,0,0.0,-1,1.0,122,165,0.7,11.4,3.3,3.3,2.7,229.0,100.0,100.0,100.0,150.0,55.0,90.0,67.0,51.0,31.0,76.0,45.0,,3.0,,,,,,0.28,0.08,0.36,1.4,0.0,0.25,1.4,1.08,9.24,23,2,80,0,0,0,1,0,0,0,0,0,0,1,0,12,485,728,0.0,0.0,0.010000000000000009,0.009999999999999787,1.1000000000000014,14.800000000000011,3.3000000000000114,4.0,2.200000000000003,5,2,4,11
170,James,Milner,Milner,a,,,4.9,283,176.0,0.1,467,159.0,0.7,312.0,143.0,1,0,0.0,-1,1.0,33,33,0.1,4.3,0.7,0.7,1.6,377.0,168.0,100.0,100.0,331.0,145.0,232.0,143.0,349.0,182.0,339.0,164.0,5.0,,1.0,,,,,0.25,0.16,0.41,1.81,0.0,0.0,2.94,0.59,9.71,23,1,9,0,0,0,1,0,0,0,0,0,0,0,0,3,67,65,0.0,0.0,0.010000000000000009,0.009999999999999787,0.03000000000000025,0.7999999999999972,1.5999999999999943,0.0,0.1999999999999993,0,0,0,0
171,Jeremy,Sarmiento Morante,Sarmiento,u,has joined Cremonese on loan for the rest of the season.,,4.9,325,201.0,0.0,686,289.0,0.0,718.0,304.0,0,0,0.0,-1,1.0,0,1,0.0,0.0,0.0,0.0,0.0,753.0,326.0,0.0,0.0,752.0,325.0,748.0,325.0,740.0,323.0,752.0,325.0,,,,,,,,0.0,0.0,0.0,0.0,0.0,0.0,0.0,0.0,0.0,23,0,0,0,0,0,0,0,0,0,0,0,0,0,0,0,0,1,0.0,0.0,0.0,0.0,0.0,0.0,0.0,0.0,0.0,0,0,0,0
173,Mats,Wieffer,Wieffer,i,Toe Injury - Unknown return date,,4.9,330,205.0,0.2,404,136.0,0.2,398.0,184.0,0,0,0.0,-1,1.0,1,154,0.0,11.8,0.0,0.0,3.6,115.0,53.0,0.0,0.0,134.0,46.0,99.0,74.0,160.0,94.0,120.0,66.0,,,,,,,,0.09,0.11,0.2,1.25,0.0,0.23,1.3,0.99,14.05,23,0,0,0,0,0,0,0,0,0,0,0,0,0,0,0,4,673,0.0,0.0,0.0,0.0,0.0,0.0,0.0,0.0,0.0,0,0,0,0
174,Malick,Yalcouyé,Yalcouye,u,Has joined Swansea City on loan for the rest of the season.,,5.0,278,172.0,0.0,753,327.0,0.0,744.0,323.0,0,0,0.0,0,0.0,0,0,0.0,0.0,0.0,0.0,0.0,772.0,340.0,0.0,0.0,771.0,339.0,769.0,339.0,763.0,337.0,771.0,339.0,,,,,,,,0.0,0.0,0.0,0.0,0.0,0.0,0.0,0.0,0.0,23,0,0,0,0,0,0,0,0,0,0,0,0,0,0,0,0,0,0.0,0.0,0.0,0.0,0.0,0.0,0.0,0.0,0.0,0,0,0,0
175,Joe,Knight,Knight,a,,,4.4,549,329.0,0.1,505,179.0,0.0,603.0,220.0,0,0,0.0,-1,1.0,10,16,0.0,0.2,0.0,0.0,1.0,447.0,201.0,,,652.0,250.0,649.0,254.0,625.0,244.0,655.0,252.0,,,,,,,,0.0,0.0,0.0,0.0,0.0,0.0,0.0,0.0,0.0,23,0,0,0,0,0,0,0,0,0,0,0,0,0,0,0,39,61,0.0,0.0,0.0,0.0,0.0,0.0,0.0,0.0,0.0,0,0,0,0
178,Danny,Welbeck,Welbeck,a,,,6.2,71,23.0,4.1,86,15.0,1.5,239.0,30.0,2,0,0.0,-3,3.0,2828,2350,0.2,11.0,1.5,1.5,3.1,177.0,18.0,100.0,100.0,124.0,11.0,139.0,8.0,35.0,15.0,74.0,13.0,,2.0,2.0,,,,,0.55,0.05,0.6,1.4,0.0,0.21,1.41,0.99,4.02,23,2,87,0,0,0,1,0,0,0,0,0,0,1,0,5,8562,9154,0.0,0.6599999999999993,0.010000000000000009,0.6699999999999999,1.1000000000000014,5.800000000000011,4.5,24.0,3.3999999999999915,2,0,1,3
179,Evan,Ferguson,Ferguson,u,Has joined AS Roma on loan for the rest of the season,,5.5,151,36.0,0.0,735,87.0,0.0,780.0,81.0,0,0,0.0,0,0.0,0,0,0.0,0.0,0.0,0.0,0.0,790.0,85.0,0.0,0.0,790.0,85.0,789.0,85.0,786.0,85.0,790.0,85.0,,,,,,,,0.0,0.0,0.0,0.0,0.0,0.0,0.0,0.0,0.0,23,0,0,0,0,0,0,0,0,0,0,0,0,0,0,0,0,0,0.0,0.0,0.0,0.0,0.0,0.0,0.0,0.0,0.0,0,0,0,0
180,Stefanos,Tzimas,Tzimas,i,Knee injury - Expected back 01 Jun,,5.2,222,49.0,0.1,510,71.0,0.0,754.0,78.0,0,0,0.0,-3,3.0,4,11,0.0,3.1,0.0,0.0,1.8,353.0,36.0,0.0,0.0,364.0,37.0,277.0,29.0,303.0,50.0,353.0,41.0,,,,,,,,0.3,0.08,0.38,1.77,0.0,0.0,1.36,0.68,10.23,23,0,0,0,0,0,0,0,0,0,0,0,0,0,0,0,15,28,0.0,0.0,0.0,0.0,0.0,0.0,0.0,0.0,0.0,0,0,0,0
220,Robert,Lynch Sánchez,Sánchez,a,,,4.9,307,13.0,13.9,26,3.0,3.0,107.0,9.0,0,0,0.0,-1,1.0,13460,1684,0.6,17.3,3.0,3.0,4.0,71.0,5.0,100.0,100.0,36.0,10.0,313.0,1.0,734.0,82.0,183.0,7.0,,,,,,,,0.0,0.0,0.0,1.41,2.69,0.45,1.15,1.05,0.0,23,0,0,0,0,0,0,0,0,0,0,0,0,0,0,0,28913,6160,0.0,0.0,0.0,0.0,0.0,0.0,0.0,0.0,0.0,0,0,0,0
221,Filip,Jörgensen,Jörgensen,d,Knock - 50% chance of playing,,4.3,594,29.0,0.2,387,56.0,0.3,345.0,25.0,0,0,0.0,-2,2.0,7,94,0.1,0.7,0.1,0.0,1.5,386.0,30.0,50.0,0.0,412.0,30.0,615.0,78.0,587.0,65.0,442.0,30.0,,,,,,,,0.0,0.0,0.0,1.44,1.55,0.0,1.55,0.52,0.0,23,0,0,0,0,0,0,0,0,0,0,0,0,0,0,0,16,235,0.0,0.0,0.0,0.0,0.0,0.0,0.0,0.0,0.0,0,0,0,0
222,Mike,Penders,Penders,u,Has joined RC Strasbourg on loan for the rest of the season.,,4.0,694,61.0,0.0,771,87.0,0.0,514.0,74.0,0,0,0.0,0,0.0,0,0,0.0,0.0,0.0,0.0,0.0,590.0,79.0,0.0,0.0,578.0,79.0,573.0,68.0,539.0,53.0,581.0,79.0,,,,,,,,0.0,0.0,0.0,0.0,0.0,0.0,0.0,0.0,0.0,23,0,0,0,0,0,0,0,0,0,0,0,0,0,0,0,0,1,0.0,0.0,0.0,0.0,0.0,0.0,0.0,0.0,0.0,0,0,0,0
223,Gabriel,Słonina,Slonina,a,,,3.9,746,79.0,0.1,445,68.0,0.0,454.0,43.0,0,0,0.0,-1,1.0,15,20,0.0,0.0,0.0,0.0,0.0,532.0,48.0,,,520.0,48.0,513.0,35.0,476.0,20.0,523.0,48.0,,,,,,,,0.0,0.0,0.0,0.0,0.0,0.0,0.0,0.0,0.0,23,0,0,0,0,0,0,0,0,0,0,0,0,0,0,0,24,56,0.0,0.0,0.0,0.0,0.0,0.0,0.0,0.0,0.0,0,0,0,0
224,Marc,Cucurella Saseta,Cucurella,a,,,6.0,85,3.0,16.0,21,7.0,0.7,316.0,112.0,0,0,0.0,0,0.0,3888,2250,0.1,12.3,0.7,0.7,3.7,106.0,39.0,100.0,100.0,120.0,51.0,55.0,10.0,189.0,44.0,98.0,28.0,,,,,,,,0.03,0.11,0.14,1.35,0.0,0.5,1.06,1.06,6.41,23,0,0,0,0,0,0,0,0,0,0,0,0,0,0,0,9220,7371,0.0,0.0,0.0,0.0,0.0,0.0,0.0,0.0,0.0,0,0,0,0
225,Reece,James,James,a,,,5.7,118,11.0,10.7,41,14.0,2.7,140.0,53.0,0,0,0.0,2,-2.0,5961,2500,0.5,15.8,2.7,2.7,4.3,53.0,24.0,100.0,100.0,75.0,32.0,39.0,3.0,232.0,63.0,72.0,16.0,2.0,2.0,,,,,,0.05,0.13,0.18,1.45,0.0,0.37,1.0,0.93,6.23,23,0,0,0,0,0,0,0,0,0,0,0,0,0,0,0,18526,7021,0.0,0.0,0.0,0.0,0.0,0.0,0.0,0.0,0.0,0,0,0,0
226,Trevoh,Chalobah,Chalobah,a,,,5.6,128,14.0,20.2,18,6.0,2.7,138.0,52.0,0,0,0.0,6,-6.0,24736,3023,0.5,19.6,2.7,2.7,5.2,12.0,5.0,100.0,100.0,21.0,8.0,249.0,74.0,148.0,29.0,96.0,27.0,,,,,,,,0.06,0.03,0.09,1.31,0.0,0.44,1.13,1.03,8.75,23,0,0,0,0,0,0,0,0,0,0,0,0,0,0,0,81509,9550,0.0,0.0,0.0,0.0,0.0,0.0,0.0,0.0,0.0,0,0,0,0
227,Levi,Samuels Colwill,Colwill,i,Anterior cruciate ligament - Unknown return date,,4.7,383,66.0,0.1,464,171.0,0.0,691.0,248.0,0,0,0.0,-3,3.0,4,4,0.0,0.0,0.0,0.0,0.0,736.0,255.0,0.0,0.0,735.0,255.0,730.0,255.0,717.0,254.0,735.0,255.0,,,,,,,,0.0,0.0,0.0,0.0,0.0,0.0,0.0,0.0,0.0,23,0,0,0,0,0,0,0,0,0,0,0,0,0,0,0,13,16,0.0,0.0,0.0,0.0,0.0,0.0,0.0,0.0,0.0,0,0,0,0
228,Malo,Gusto,Gusto,a,,,4.9,332,55.0,2.0,131,51.0,1.0,284.0,105.0,0,0,0.0,-1,1.0,1033,993,0.2,14.9,1.0,1.0,3.8,84.0,32.0,100.0,100.0,161.0,68.0,116.0,28.0,180.0,38.0,148.0,48.0,,,,,,,,0.09,0.06,0.15,1.57,0.0,0.44,1.04,0.96,5.4,23,0,0,0,0,0,0,0,0,0,0,0,0,0,0,0,2477,3142,0.0,0.0,0.0,0.0,0.0,0.0,0.0,0.0,0.0,0,0,0,0
229,Benoît,Badiashile Mukinayi,B.Badiashile,a,,,4.4,525,112.0,0.0,650,226.0,0.5,322.0,117.0,0,0,0.0,-1,1.0,20,9,0.1,0.7,0.5,0.5,0.5,490.0,170.0,100.0,100.0,376.0,144.0,419.0,151.0,609.0,246.0,416.0,150.0,,,,,,,,0.0,0.01,0.01,1.38,0.0,0.0,1.88,1.07,7.25,23,0,0,0,0,0,0,0,0,0,0,0,0,0,0,0,62,45,0.0,0.0,0.0,0.0,0.0,0.0,0.0,0.0,0.0,0,0,0,0
233,Josh,Acheampong,Acheampong,a,,,3.8,798,259.0,1.3,168,65.0,0.7,306.0,110.0,0,0,0.0,-2,2.0,284,399,0.2,8.2,0.7,0.7,3.4,122.0,45.0,100.0,100.0,307.0,116.0,363.0,131.0,263.0,74.0,340.0,117.0,,,,,,,,0.11,0.02,0.13,2.27,0.0,0.38,1.71,1.14,6.09,23,0,0,0,0,0,0,0,0,0,0,0,0,0,0,0,901,1416,0.0,0.0,0.0,0.0,0.0,0.0,0.0,0.0,0.0,0,0,0,0
234,Aarón,Anselmino,Anselmino,u,has joined Borussia Dortmund on loan for the rest of the season.,,4.0,714,203.0,0.1,564,204.0,0.0,531.0,218.0,0,0,0.0,0,0.0,0,3,0.0,0.0,0.0,0.0,0.0,607.0,237.0,0.0,0.0,595.0,236.0,590.0,237.0,556.0,231.0,598.0,236.0,,,,,,,,0.0,0.0,0.0,0.0,0.0,0.0,0.0,0.0,0.0,23,0,0,0,0,0,0,0,0,0,0,0,0,0,0,0,0,8,0.0,0.0,0.0,0.0,0.0,0.0,0.0,0.0,0.0,0,0,0,0
238,Estêvão,Almeida de Oliveira Gonçalves,Estêvão,a,,,6.4,63,41.0,1.9,135,46.0,1.2,274.0,121.0,0,0,0.0,-1,1.0,1089,686,0.2,6.1,1.2,1.2,2.3,285.0,126.0,100.0,100.0,292.0,132.0,125.0,91.0,73.0,45.0,174.0,95.0,4.0,,3.0,,,,,0.35,0.31,0.66,1.11,0.0,0.3,1.2,1.2,6.28,23,0,0,0,0,0,0,0,0,0,0,0,0,0,0,0,2879,2270,0.0,0.0,0.0,0.0,0.0,0.0,0.0,0.0,0.0,0,0,0,0
239,Jamie,Bynoe-Gittens,Gittens,a,,,6.0,87,56.0,0.1,456,155.0,0.3,363.0,162.0,0,0,0.0,-5,5.0,30,29,0.0,3.8,0.3,0.3,1.6,379.0,170.0,100.0,100.0,327.0,142.0,179.0,118.0,223.0,123.0,287.0,140.0,,,,,,,,0.16,0.19,0.35,1.54,0.0,0.2,1.01,0.81,5.87,23,0,0,0,0,0,0,0,0,0,0,0,0,0,0,0,64,54,0.0,0.0,0.0,0.0,0.0,0.0,0.0,0.0,0.0,0,0,0,0
240,Christopher,Nkunku,Nkunku,u,has joined AC Milan permanently.,,5.9,96,62.0,0.1,500,176.0,0.0,787.0,352.0,0,0,0.0,-1,1.0,0,6,0.0,0.0,0.0,0.0,0.0,792.0,354.0,0.0,0.0,792.0,354.0,792.0,354.0,792.0,354.0,792.0,354.0,,,,,,,,0.0,0.0,0.0,0.0,0.0,0.0,0.0,0.0,0.0,23,0,0,0,0,0,0,0,0,0,0,0,0,0,0,0,0,6,0.0,0.0,0.0,0.0,0.0,0.0,0.0,0.0,0.0,0,0,0,0
241,Moisés,Caicedo Corozo,Caicedo,a,,,5.7,122,77.0,8.0,52,19.0,2.2,186.0,76.0,0,0,0.0,2,-2.0,3790,1566,0.4,13.0,2.2,2.2,4.4,46.0,20.0,100.0,100.0,68.0,20.0,121.0,88.0,233.0,127.0,117.0,63.0,,,,,,,,0.06,0.06,0.12,1.43,0.0,0.31,1.26,1.01,13.26,23,0,0,0,0,0,0,0,0,0,0,0,0,0,0,0,10181,3650,0.0,0.0,0.0,0.0,0.0,0.0,0.0,0.0,0.0,0,0,0,0
243,Tyrique,George,George,a,,,4.8,371,234.0,0.1,553,202.0,0.0,701.0,292.0,0,0,0.0,-2,2.0,12,11,0.0,0.8,0.0,0.0,1.0,467.0,219.0,,,443.0,202.0,417.0,205.0,282.0,150.0,412.0,186.0,,,,,,,,0.2,0.05,0.25,1.05,0.0,0.63,1.27,0.0,1.9,23,0,0,0,0,0,0,0,0,0,0,0,0,0,0,0,26,31,0.0,0.0,0.0,0.0,0.0,0.0,0.0,0.0,0.0,0,0,0,0
244,Roméo,Lavia,Lavia,i,Thigh injury - Unknown return date,,4.9,337,209.0,0.0,685,288.0,0.0,722.0,306.0,0,0,0.0,-1,1.0,1,0,0.0,0.8,0.0,0.0,1.0,470.0,221.0,0.0,0.0,439.0,198.0,414.0,203.0,428.0,213.0,449.0,205.0,,,,,,,,0.0,0.04,0.04,2.39,0.0,0.0,2.57,0.86,9.43,23,0,0,0,0,0,0,0,0,0,0,0,0,0,0,0,1,5,0.0,0.0,0.0,0.0,0.0,0.0,0.0,0.0,0.0,0,0,0,0
245,Mykhailo,Mudryk,Mudryk,s,Suspended - unknown return date,,4.9,328,203.0,0.0,728,311.0,0.0,720.0,305.0,0,0,0.0,-1,1.0,5,2,0.0,0.0,0.0,0.0,0.0,755.0,327.0,0.0,0.0,754.0,326.0,750.0,326.0,742.0,324.0,754.0,326.0,,,,,,,,0.0,0.0,0.0,0.0,0.0,0.0,0.0,0.0,0.0,23,0,0,0,0,0,0,0,0,0,0,0,0,0,0,0,7,4,0.0,0.0,0.0,0.0,0.0,0.0,0.0,0.0,0.0,0,0,0,0
246,Andrey,Nascimento dos Santos,Andrey Santos,a,,,4.5,452,274.0,0.3,319,106.0,0.7,309.0,140.0,0,0,0.0,0,0.0,57,109,0.2,4.2,0.7,0.7,1.2,422.0,190.0,100.0,100.0,330.0,144.0,227.0,140.0,277.0,147.0,316.0,152.0,,,,,,,,0.28,0.08,0.36,1.37,0.0,0.17,0.83,0.83,11.42,23,0,0,0,0,0,0,0,0,0,0,0,0,0,0,0,167,379,0.0,0.0,0.0,0.0,0.0,0.0,0.0,0.0,0.0,0,0,0,0
247,Dário,Luís Essugo,D.Essugo,i,Knock - Expected back 21 Feb,,4.3,587,342.0,0.1,568,210.0,0.0,563.0,196.0,0,0,0.0,-2,2.0,8,35,0.0,0.0,0.0,0.0,0.0,625.0,234.0,0.0,0.0,614.0,224.0,611.0,229.0,582.0,216.0,617.0,226.0,,,,,,,,0.0,0.0,0.0,0.0,0.0,0.0,0.0,0.0,0.0,23,0,0,0,0,0,0,0,0,0,0,0,0,0,0,0,19,81,0.0,0.0,0.0,0.0,0.0,0.0,0.0,0.0,0.0,0,0,0,0
248,Kendry,Páez Andrade,Paez,u,Has joined RC Strasbourg on loan for the rest of the season.,,4.5,490,303.0,0.0,758,328.0,0.0,673.0,271.0,0,0,0.0,0,0.0,0,0,0.0,0.0,0.0,0.0,0.0,722.0,303.0,0.0,0.0,721.0,302.0,716.0,302.0,699.0,297.0,721.0,302.0,,,,,,,,0.0,0.0,0.0,0.0,0.0,0.0,0.0,0.0,0.0,23,0,0,0,0,0,0,0,0,0,0,0,0,0,0,0,0,0,0.0,0.0,0.0,0.0,0.0,0.0,0.0,0.0,0.0,0,0,0,0
249,João Pedro,Junqueira de Jesus,João Pedro,a,,,7.1,37,15.0,27.3,12,3.0,3.3,86.0,10.0,0,0,0.0,-4,4.0,27155,3739,0.5,13.0,3.3,3.3,4.2,60.0,6.0,,,55.0,4.0,46.0,1.0,18.0,11.0,21.0,4.0,,,,,,,,0.37,0.08,0.45,1.28,0.0,0.45,0.96,1.07,5.31,23,0,0,0,0,0,0,0,0,0,0,0,0,0,0,0,59351,11693,0.0,0.0,0.0,0.0,0.0,0.0,0.0,0.0,0.0,0,0,0,0
250,Liam,Delap,Delap,a,,,6.2,76,25.0,1.0,187,29.0,2.2,188.0,22.0,0,0,0.0,-3,3.0,552,205,0.4,4.0,2.2,2.2,1.9,340.0,35.0,100.0,100.0,381.0,40.0,319.0,35.0,78.0,24.0,283.0,34.0,,,,,,,,0.38,0.03,0.41,1.22,0.0,0.31,1.38,1.23,2.91,23,0,0,0,0,0,0,0,0,0,0,0,0,0,0,0,1260,435,0.0,0.0,0.0,0.0,0.0,0.0,0.0,0.0,0.0,0,0,0,0
251,Nicolas,Jackson,N.Jackson,u,has joined Bayern Munich on loan for the rest of the season.,,6.5,55,19.0,0.1,519,73.0,0.0,795.0,85.0,0,0,0.0,0,0.0,0,1,0.0,0.0,0.0,0.0,0.0,798.0,88.0,0.0,0.0,798.0,88.0,798.0,88.0,798.0,88.0,798.0,88.0,,,,,,,,0.0,0.0,0.0,0.0,0.0,0.0,0.0,0.0,0.0,23,0,0,0,0,0,0,0,0,0,0,0,0,0,0,0,0,4,0.0,0.0,0.0,0.0,0.0,0.0,0.0,0.0,0.0,0,0,0,0
252,Marc,Guiu Paz,Marc Guiu,a,,,4.2,632,85.0,6.5,61,11.0,0.0,546.0,49.0,0,0,0.0,-3,3.0,1105,3244,0.0,2.9,0.0,0.0,1.3,407.0,47.0,100.0,100.0,418.0,45.0,336.0,41.0,236.0,44.0,374.0,44.0,,,,,,,,0.53,0.11,0.64,2.06,0.0,0.0,0.73,0.36,2.55,23,0,0,0,0,0,0,0,0,0,0,0,0,0,0,0,3093,10039,0.0,0.0,0.0,0.0,0.0,0.0,0.0,0.0,0.0,0,0,0,0
453,Alejandro,Garnacho Ferreyra,Garnacho,a,,,6.4,62,40.0,0.6,238,81.0,1.2,273.0,120.0,0,0,0.0,-1,1.0,847,308,0.2,6.2,1.2,1.2,2.9,208.0,91.0,,,276.0,123.0,98.0,73.0,66.0,42.0,137.0,75.0,,,,,,,,0.27,0.28,0.55,1.69,0.0,0.44,1.1,1.21,4.75,23,0,0,0,0,0,0,0,0,0,0,0,0,0,0,0,2569,1672,0.0,0.0,0.0,0.0,0.0,0.0,0.0,0.0,0.0,0,0,0,0
672,Jorrel,Hato,Hato,a,,,4.6,397,71.0,0.2,398,144.0,0.5,324.0,119.0,0,0,0.0,-4,4.0,33,29,0.1,1.3,0.5,0.5,0.9,483.0,166.0,100.0,100.0,386.0,146.0,356.0,127.0,367.0,130.0,402.0,145.0,,,,,,,,0.08,0.02,0.1,1.21,0.0,0.0,1.38,0.69,7.24,23,0,0,0,0,0,0,0,0,0,0,0,0,0,0,0,83,81,0.0,0.0,0.0,0.0,0.0,0.0,0.0,0.0,0.0,0,0,0,0
743,Landon,Emenalo,Emenalo,a,,,4.5,491,304.0,0.0,715,305.0,0.0,674.0,272.0,0,0,0.0,0,0.0,6,4,0.0,0.0,0.0,0.0,0.0,723.0,304.0,,,722.0,303.0,717.0,303.0,700.0,298.0,722.0,303.0,,,,,,,,0.0,0.0,0.0,0.0,0.0,0.0,0.0,0.0,0.0,23,0,0,0,0,0,0,0,0,0,0,0,0,0,0,0,11,11,0.0,0.0,0.0,0.0,0.0,0.0,0.0,0.0,0.0,0,0,0,0
789,Max,Merrick,Merrick,a,,,4.0,689,60.0,0.0,773,88.0,0.0,509.0,73.0,0,0,0.0,0,0.0,3,2,0.0,0.0,0.0,0.0,0.0,586.0,78.0,,,574.0,78.0,569.0,67.0,534.0,52.0,577.0,78.0,,,,,,,,0.0,0.0,0.0,0.0,0.0,0.0,0.0,0.0,0.0,23,0,0,0,0,0,0,0,0,0,0,0,0,0,0,0,12,21,0.0,0.0,0.0,0.0,0.0,0.0,0.0,0.0,0.0,0,0,0,0
253,Dean,Henderson,Henderson,a,,,5.0,245,8.0,7.6,54,8.0,2.8,120.0,12.0,0,0,0.0,0,0.0,747,2214,0.6,16.2,2.8,2.8,3.7,103.0,11.0,,,31.0,9.0,407.0,11.0,749.0,84.0,193.0,10.0,,,,,,,,0.0,0.0,0.0,1.35,2.82,0.36,1.14,1.0,0.0,23,0,0,0,0,0,0,0,0,0,0,0,0,0,0,0,1265,8185,0.0,0.0,0.0,0.0,0.0,0.0,0.0,0.0,0.0,0,0,0,0
254,Walter,Benítez,Benitez,a,,,4.0,654,45.0,0.3,313,43.0,0.0,479.0,59.0,0,0,0.0,0,0.0,42,37,0.0,0.0,0.0,0.0,0.0,557.0,64.0,100.0,100.0,545.0,64.0,539.0,52.0,503.0,37.0,548.0,64.0,,,,,,,,0.0,0.0,0.0,0.0,0.0,0.0,0.0,0.0,0.0,23,0,0,0,0,0,0,0,0,0,0,0,0,0,0,0,89,88,0.0,0.0,0.0,0.0,0.0,0.0,0.0,0.0,0.0,0,0,0,0
255,Remi,Matthews,Matthews,a,,,3.9,731,73.0,0.1,469,73.0,0.0,445.0,37.0,0,0,0.0,-1,1.0,4,12,0.0,0.0,0.0,0.0,0.0,523.0,42.0,,,511.0,42.0,504.0,29.0,467.0,14.0,514.0,42.0,,,,,,,,0.0,0.0,0.0,0.0,0.0,0.0,0.0,0.0,0.0,23,0,0,0,0,0,0,0,0,0,0,0,0,0,0,0,25,34,0.0,0.0,0.0,0.0,0.0,0.0,0.0,0.0,0.0,0,0,0,0
256,Daniel,Muñoz Mejía,Muñoz,d,Lack of match fitness - 75% chance of playing,,5.8,107,9.0,5.9,70,24.0,0.0,785.0,262.0,0,0,0.0,3,-3.0,2179,1969,0.0,15.3,0.0,0.0,6.4,3.0,2.0,75.0,75.0,105.0,46.0,181.0,47.0,71.0,4.0,106.0,33.0,,,,,,,,0.13,0.14,0.27,1.2,0.0,0.5,0.79,1.0,7.21,23,0,0,0,0,0,0,0,0,0,0,0,0,0,0,0,3426,4547,0.0,0.0,0.0,0.0,0.0,0.0,0.0,0.0,0.0,0,0,0,0
257,Maxence,Lacroix,Lacroix,a,,,5.1,231,34.0,5.9,67,23.0,2.8,121.0,42.0,0,0,0.0,1,-1.0,2906,3618,0.5,19.4,2.8,2.8,4.5,36.0,17.0,,,28.0,12.0,267.0,83.0,198.0,50.0,115.0,37.0,,,,,,,,0.05,0.03,0.08,1.35,0.0,0.36,1.14,1.0,10.64,23,0,0,0,0,0,0,0,0,0,0,0,0,0,0,0,7701,11223,0.0,0.0,0.0,0.0,0.0,0.0,0.0,0.0,0.0,0,0,0,0
258,Tyrick,Mitchell,Mitchell,a,,,5.0,254,40.0,2.1,124,48.0,2.2,181.0,71.0,0,0,0.0,0,0.0,397,769,0.4,16.8,2.2,2.2,3.8,85.0,33.0,,,67.0,31.0,81.0,19.0,150.0,30.0,80.0,18.0,,,,,,,,0.04,0.06,0.1,1.35,0.0,0.36,1.14,1.0,7.11,23,0,0,0,0,0,0,0,0,0,0,0,0,0,0,0,930,3321,0.0,0.0,0.0,0.0,0.0,0.0,0.0,0.0,0.0,0,0,0,0
259,Borna,Sosa,Sosa,a,,,4.8,357,60.0,0.1,446,164.0,0.3,356.0,132.0,0,0,0.0,-2,2.0,24,21,0.1,0.8,0.3,0.3,1.0,465.0,165.0,100.0,100.0,452.0,164.0,396.0,145.0,413.0,154.0,447.0,161.0,,,,,,,,0.0,0.19,0.19,2.67,0.0,0.0,3.21,0.0,9.64,23,0,0,0,0,0,0,0,0,0,0,0,0,0,0,0,47,44,0.0,0.0,0.0,0.0,0.0,0.0,0.0,0.0,0.0,0,0,0,0
270,Will,Hughes,Hughes,a,,,4.7,375,235.0,0.1,470,160.0,2.0,195.0,82.0,0,0,0.0,-3,3.0,51,41,0.4,6.6,2.0,2.0,1.6,375.0,167.0,100.0,100.0,288.0,130.0,130.0,93.0,269.0,145.0,257.0,123.0,5.0,,,,,,,0.07,0.09,0.16,1.45,0.0,0.38,1.13,1.03,8.65,23,0,0,0,0,0,0,0,0,0,0,0,0,0,0,0,174,113,0.0,0.0,0.0,0.0,0.0,0.0,0.0,0.0,0.0,0,0,0,0
271,Daichi,Kamada,Kamada,i,Hamstring injury - Expected back 21 Feb,,5.0,249,152.0,0.1,518,185.0,0.0,730.0,311.0,0,0,0.0,0,0.0,4,26,0.0,9.0,0.0,0.0,3.2,153.0,64.0,0.0,0.0,270.0,120.0,148.0,102.0,193.0,107.0,232.0,115.0,2.0,,,,,,,0.07,0.12,0.19,1.1,0.0,0.46,0.85,1.08,9.73,23,0,0,0,0,0,0,0,0,0,0,0,0,0,0,0,5,63,0.0,0.0,0.0,0.0,0.0,0.0,0.0,0.0,0.0,0,0,0,0
272,Jefferson,Lerma Solís,Lerma,a,,,4.9,288,178.0,0.1,550,200.0,1.0,282.0,123.0,0,0,0.0,-1,1.0,9,15,0.2,7.1,1.0,1.0,1.8,351.0,155.0,100.0,100.0,268.0,118.0,196.0,128.0,245.0,133.0,270.0,132.0,,,,,,,,0.07,0.07,0.14,1.15,0.0,0.43,0.86,0.86,11.02,23,0,0,0,0,0,0,0,0,0,0,0,0,0,0,0,36,40,0.0,0.0,0.0,0.0,0.0,0.0,0.0,0.0,0.0,0,0,0,0
273,Adam,Wharton,Wharton,a,,,5.0,266,162.0,0.8,207,70.0,2.0,197.0,83.0,0,0,0.0,0,0.0,349,528,0.4,13.4,2.0,2.0,3.4,129.0,57.0,100.0,100.0,145.0,52.0,24.0,23.0,202.0,111.0,79.0,48.0,3.0,,,,,,,0.05,0.25,0.3,1.39,0.0,0.33,1.31,1.09,10.67,23,0,0,0,0,0,0,0,0,0,0,0,0,0,0,0,835,1826,0.0,0.0,0.0,0.0,0.0,0.0,0.0,0.0,0.0,0,0,0,0
274,Asher,Agbinone,Agbinone,a,,,4.3,604,352.0,0.1,559,204.0,0.0,574.0,204.0,0,0,0.0,-2,2.0,35,12,0.0,0.0,0.0,0.0,0.0,635.0,242.0,,,624.0,232.0,622.0,237.0,594.0,225.0,627.0,234.0,,,,,,,,0.0,0.0,0.0,0.0,0.0,0.0,0.0,0.0,0.0,23,0,0,0,0,0,0,0,0,0,0,0,0,0,0,0,88,32,0.0,0.0,0.0,0.0,0.0,0.0,0.0,0.0,0.0,0,0,0,0
275,Naouirou,Ahamada,Ahamada,u,has joined AJ Auxerre permanently.,,4.3,580,339.0,0.0,600,230.0,0.0,561.0,194.0,0,0,0.0,-2,2.0,0,19,0.0,0.0,0.0,0.0,0.0,623.0,232.0,0.0,0.0,611.0,222.0,609.0,227.0,580.0,214.0,615.0,224.0,,,,,,,,0.0,0.0,0.0,0.0,0.0,0.0,0.0,0.0,0.0,23,0,0,0,0,0,0,0,0,0,0,0,0,0,0,0,0,54,0.0,0.0,0.0,0.0,0.0,0.0,0.0,0.0,0.0,0,0,0,0
276,Justin,Devenny,Devenny,a,,,4.3,584,341.0,1.6,150,49.0,1.7,215.0,94.0,0,0,0.0,-2,2.0,712,843,0.4,6.7,1.7,1.7,1.6,372.0,165.0,100.0,100.0,332.0,146.0,225.0,138.0,123.0,72.0,267.0,131.0,,2.0,,,,,,0.36,0.05,0.41,1.53,0.0,0.15,1.52,0.76,7.28,23,0,0,0,0,0,0,0,0,0,0,0,0,0,0,0,2451,2338,0.0,0.0,0.0,0.0,0.0,0.0,0.0,0.0,0.0,0,0,0,0
277,Malcolm,Ebiowei,Ebiowei,u,Has joined Blackpool permanently.,,4.5,426,256.0,0.0,772,338.0,0.0,628.0,234.0,0,0,0.0,0,0.0,0,0,0.0,0.0,0.0,0.0,0.0,680.0,269.0,0.0,0.0,673.0,263.0,671.0,266.0,650.0,258.0,676.0,265.0,,,,,,,,0.0,0.0,0.0,0.0,0.0,0.0,0.0,0.0,0.0,23,0,0,0,0,0,0,0,0,0,0,0,0,0,0,0,0,0,0.0,0.0,0.0,0.0,0.0,0.0,0.0,0.0,0.0,0,0,0,0
278,Jesurun,Rak-Sakyi,J.Rak-Sakyi,a,,,4.4,533,319.0,0.0,639,260.0,0.0,592.0,212.0,0,0,0.0,-1,1.0,6,5,0.0,0.0,0.0,0.0,0.0,650.0,250.0,100.0,100.0,640.0,241.0,638.0,246.0,613.0,235.0,643.0,243.0,,,,,,,,0.0,0.0,0.0,0.0,0.0,0.0,0.0,0.0,0.0,23,0,0,0,0,0,0,0,0,0,0,0,0,0,0,0,17,7,0.0,0.0,0.0,0.0,0.0,0.0,0.0,0.0,0.0,0,0,0,0
279,Matheus,França de Oliveira,M.França,u,Has joined CR Vasco da Gama on loan for the rest of the season.,,4.5,455,277.0,0.0,745,319.0,0.0,647.0,252.0,0,0,0.0,0,0.0,0,0,0.0,0.0,0.0,0.0,0.0,698.0,286.0,0.0,0.0,693.0,281.0,690.0,283.0,670.0,275.0,694.0,282.0,,,,,,,,0.0,0.0,0.0,0.0,0.0,0.0,0.0,0.0,0.0,23,0,0,0,0,0,0,0,0,0,0,0,0,0,0,0,0,1,0.0,0.0,0.0,0.0,0.0,0.0,0.0,0.0,0.0,0,0,0,0
280,David,Ozoh,Ozoh,u,Has joined Derby County on loan for the rest of the season.,,4.5,451,273.0,0.0,791,351.0,0.0,645.0,250.0,0,0,0.0,0,0.0,0,0,0.0,0.0,0.0,0.0,0.0,696.0,284.0,0.0,0.0,691.0,279.0,688.0,281.0,668.0,273.0,692.0,280.0,,,,,,,,0.0,0.0,0.0,0.0,0.0,0.0,0.0,0.0,0.0,23,0,0,0,0,0,0,0,0,0,0,0,0,0,0,0,0,0,0.0,0.0,0.0,0.0,0.0,0.0,0.0,0.0,0.0,0,0,0,0
281,Kaden,Rodney,Rodney,a,,,4.4,543,326.0,0.0,587,220.0,0.2,380.0,170.0,0,0,0.0,-1,1.0,15,12,0.0,0.2,0.2,0.2,1.0,446.0,200.0,,,646.0,247.0,466.0,226.0,619.0,241.0,649.0,249.0,,,,,,,,0.0,0.0,0.0,19.5,0.0,0.0,0.0,0.0,0.0,23,0,0,0,0,0,0,0,0,0,0,0,0,0,0,0,32,28,0.0,0.0,0.0,0.0,0.0,0.0,0.0,0.0,0.0,0,0,0,0
285,Odsonne,Édouard,Édouard,u,has joined RC Lens permanently.,,5.0,247,51.0,0.2,360,58.0,0.0,729.0,76.0,0,0,0.0,0,0.0,0,13,0.0,0.2,0.0,0.0,1.0,472.0,55.0,0.0,0.0,466.0,54.0,756.0,83.0,750.0,83.0,481.0,59.0,,,,,,,,0.0,0.0,0.0,12.15,0.0,0.0,0.0,0.0,45.0,23,0,0,0,0,0,0,0,0,0,0,0,0,0,0,0,0,28,0.0,0.0,0.0,0.0,0.0,0.0,0.0,0.0,0.0,0,0,0,0
286,Zach,Marsh,Marsh,a,,,4.4,550,77.0,0.3,308,51.0,0.0,604.0,61.0,0,0,0.0,-1,1.0,49,66,0.0,0.0,0.0,0.0,0.0,661.0,70.0,,,653.0,70.0,650.0,69.0,626.0,69.0,656.0,70.0,,,,,,,,0.0,0.0,0.0,0.0,0.0,0.0,0.0,0.0,0.0,23,0,0,0,0,0,0,0,0,0,0,0,0,0,0,0,154,162,0.0,0.0,0.0,0.0,0.0,0.0,0.0,0.0,0.0,0,0,0,0
580,Brennan,Johnson,Johnson,a,,,6.5,51,33.0,2.5,114,37.0,1.0,289.0,128.0,0,0,0.0,-5,5.0,381,622,0.2,6.0,1.0,1.0,2.1,316.0,141.0,,,262.0,113.0,186.0,123.0,130.0,76.0,226.0,111.0,,,,,,,,0.16,0.04,0.2,1.52,0.0,0.42,0.84,0.95,6.12,23,0,0,0,0,0,0,0,0,0,0,0,0,0,0,0,902,1749,0.0,0.0,0.0,0.0,0.0,0.0,0.0,0.0,0.0,0,0,0,0
690,Rio,Cardines,Cardines,d,Groin Injury - 25% chance of playing,,4.4,554,332.0,0.3,325,109.0,0.0,607.0,222.0,0,0,0.0,-1,1.0,0,45,0.0,0.0,0.0,0.0,0.0,664.0,259.0,25.0,25.0,656.0,252.0,653.0,256.0,629.0,246.0,659.0,254.0,,,,,,,,0.0,0.0,0.0,0.0,0.0,0.0,0.0,0.0,0.0,23,0,0,0,0,0,0,0,0,0,0,0,0,0,0,0,2,98,0.0,0.0,0.0,0.0,0.0,0.0,0.0,0.0,0.0,0,0,0,0
712,Yéremy,Pino Santos,Yeremy,a,,,5.8,110,69.0,0.2,342,115.0,3.3,84.0,40.0,0,0,0.0,-2,2.0,367,225,0.6,9.8,3.3,3.3,2.9,205.0,88.0,100.0,100.0,183.0,76.0,22.0,21.0,52.0,32.0,49.0,34.0,1.0,1.0,,,,,,0.22,0.26,0.48,1.3,0.0,0.38,1.19,1.13,7.27,23,0,0,0,0,0,0,0,0,0,0,0,0,0,0,0,1049,796,0.0,0.0,0.0,0.0,0.0,0.0,0.0,0.0,0.0,0,0,0,0
723,Jaydee,Canvot,Canvot,a,,,4.5,502,96.0,0.0,637,221.0,2.2,178.0,69.0,0,0,0.0,0,0.0,17,13,0.5,6.0,2.2,2.2,3.4,126.0,49.0,100.0,100.0,319.0,124.0,421.0,152.0,381.0,139.0,382.0,137.0,,,,,,,,0.02,0.04,0.06,1.7,0.0,0.62,0.94,0.62,14.69,23,0,0,0,0,0,0,0,0,0,0,0,0,0,0,0,24,69,0.0,0.0,0.0,0.0,0.0,0.0,0.0,0.0,0.0,0,0,0,0
732,Christantus,Uche,Uche,a,,,5.5,154,38.0,0.0,580,77.0,0.5,334.0,39.0,0,0,0.0,0,0.0,46,19,0.1,2.4,0.5,0.5,1.3,416.0,48.0,,,436.0,49.0,425.0,53.0,262.0,48.0,409.0,50.0,,,,,,,,0.3,0.01,0.31,3.34,0.0,0.0,3.3,0.0,6.61,23,0,0,0,0,0,0,0,0,0,0,0,0,0,0,0,83,67,0.0,0.0,0.0,0.0,0.0,0.0,0.0,0.0,0.0,0,0,0,0
762,Joél,Drakes-Thomas,Drakes-Thomas,a,,,4.5,505,313.0,0.0,762,331.0,0.2,390.0,179.0,0,0,0.0,0,0.0,2,2,0.0,0.4,0.2,0.2,1.0,461.0,214.0,,,470.0,218.0,445.0,216.0,710.0,306.0,477.0,221.0,,,,,,,,0.0,0.0,0.0,9.39,0.0,0.0,12.86,0.0,38.57,23,0,0,0,0,0,0,0,0,0,0,0,0,0,0,0,7,5,0.0,0.0,0.0,0.0,0.0,0.0,0.0,0.0,0.0,0,0,0,0
242,Kiernan,Dewsbury-Hall,Dewsbury-Hall,d,Lack of match fitness - 75% chance of playing,,4.9,308,192.0,2.1,123,41.0,0.0,710.0,298.0,0,0,0.0,-1,1.0,1088,1682,0.0,15.3,0.0,0.0,5.0,16.0,7.0,75.0,75.0,146.0,53.0,54.0,44.0,108.0,64.0,84.0,51.0,2.0,,,,,,,0.11,0.2,0.31,1.26,0.0,0.43,1.15,1.07,7.8,23,0,0,0,0,0,0,0,0,0,0,0,0,0,0,0,3403,5229,0.0,0.0,0.0,0.0,0.0,0.0,0.0,0.0,0.0,0,0,0,0
287,Jordan,Pickford,Pickford,a,,,5.6,126,3.0,13.7,28,4.0,5.0,19.0,1.0,0,0,0.0,1,-1.0,12324,2166,0.9,17.9,5.0,5.0,4.5,39.0,1.0,,,17.0,5.0,469.0,16.0,787.0,89.0,177.0,6.0,,,,,,,,0.0,0.01,0.01,1.46,2.82,0.41,1.14,1.0,0.0,23,0,0,0,0,0,0,0,0,0,0,0,0,0,0,0,35941,5082,0.0,0.0,0.0,0.0,0.0,0.0,0.0,0.0,0.0,0,0,0,0
288,Mark,Travers,Travers,a,,,4.3,574,28.0,0.1,454,70.0,0.0,560.0,82.0,0,0,0.0,-2,2.0,18,13,0.0,0.0,0.0,0.0,0.0,622.0,85.0,,,610.0,85.0,608.0,77.0,579.0,64.0,614.0,85.0,,,,,,,,0.0,0.0,0.0,0.0,0.0,0.0,0.0,0.0,0.0,23,0,0,0,0,0,0,0,0,0,0,0,0,0,0,0,37,28,0.0,0.0,0.0,0.0,0.0,0.0,0.0,0.0,0.0,0,0,0,0
289,Harry,Tyrer,Tyrer,u,has joined Cardiff City permanently.,,3.9,741,77.0,0.1,466,71.0,0.0,451.0,41.0,0,0,0.0,-1,1.0,0,29,0.0,0.0,0.0,0.0,0.0,529.0,46.0,0.0,0.0,517.0,46.0,510.0,33.0,473.0,18.0,520.0,46.0,,,,,,,,0.0,0.0,0.0,0.0,0.0,0.0,0.0,0.0,0.0,23,0,0,0,0,0,0,0,0,0,0,0,0,0,0,0,0,97,0.0,0.0,0.0,0.0,0.0,0.0,0.0,0.0,0.0,0,0,0,0
290,Jarrad,Branthwaite,Branthwaite,d,Lack of match fitness - 75% chance of playing,,5.3,197,25.0,0.1,416,154.0,0.0,759.0,256.0,0,0,0.0,-2,2.0,40,9,0.0,0.0,0.0,0.0,0.0,778.0,260.0,75.0,75.0,778.0,260.0,777.0,260.0,772.0,259.0,778.0,260.0,,,,,,,,0.0,0.0,0.0,0.0,0.0,0.0,0.0,0.0,0.0,23,0,0,0,0,0,0,0,0,0,0,0,0,0,0,0,87,33,0.0,0.0,0.0,0.0,0.0,0.0,0.0,0.0,0.0,0,0,0,0
295,Michael,Keane,Keane,a,,,4.7,374,63.0,4.2,83,27.0,2.5,150.0,58.0,0,0,0.0,2,-2.0,1765,3754,0.5,20.4,2.5,0.0,5.1,15.0,7.0,100.0,0.0,26.0,11.0,362.0,130.0,112.0,17.0,102.0,31.0,,,,,,,,0.09,0.01,0.1,1.51,0.0,0.32,1.34,1.02,10.42,23,0,0,0,0,0,0,0,0,0,0,0,0,0,0,0,1951,29329,0.0,0.0,0.0,0.0,0.0,0.0,0.0,0.0,0.0,0,0,0,0
296,Nathan,Patterson,Patterson,a,,,4.4,526,113.0,0.0,605,218.0,3.0,101.0,36.0,0,0,0.0,-1,1.0,31,17,0.7,4.1,3.0,3.0,4.5,34.0,15.0,100.0,100.0,389.0,148.0,435.0,159.0,366.0,129.0,418.0,152.0,,,,,,,,0.02,0.0,0.02,1.33,0.0,1.08,0.0,1.08,11.93,23,0,0,0,0,0,0,0,0,0,0,0,0,0,0,0,468,59,0.0,0.0,0.0,0.0,0.0,0.0,0.0,0.0,0.0,0,0,0,0
297,Roman,Dixon,Dixon,a,,,3.8,785,246.0,0.2,381,137.0,0.0,422.0,158.0,0,0,0.0,-2,2.0,10,17,0.0,0.0,0.0,0.0,0.0,502.0,181.0,,,490.0,180.0,481.0,180.0,443.0,170.0,493.0,180.0,,,,,,,,0.0,0.0,0.0,0.0,0.0,0.0,0.0,0.0,0.0,23,0,0,0,0,0,0,0,0,0,0,0,0,0,0,0,36,54,0.0,0.0,0.0,0.0,0.0,0.0,0.0,0.0,0.0,0,0,0,0
298,Reece,Welch,Welch,a,,,3.8,783,244.0,0.1,421,155.0,0.0,420.0,156.0,0,0,0.0,-2,2.0,5,16,0.0,0.0,0.0,0.0,0.0,500.0,179.0,,,488.0,178.0,479.0,178.0,441.0,168.0,491.0,178.0,,,,,,,,0.0,0.0,0.0,0.0,0.0,0.0,0.0,0.0,0.0,23,0,0,0,0,0,0,0,0,0,0,0,0,0,0,0,25,40,0.0,0.0,0.0,0.0,0.0,0.0,0.0,0.0,0.0,0,0,0,0
299,Iliman,Ndiaye,Ndiaye,a,,,6.2,75,49.0,4.0,89,29.0,0.0,789.0,354.0,0,0,0.0,-3,3.0,5474,1101,0.0,11.8,0.0,0.0,4.6,31.0,15.0,100.0,100.0,101.0,34.0,95.0,71.0,53.0,33.0,63.0,42.0,,,1.0,,,,,0.21,0.18,0.39,1.29,0.0,0.4,1.27,1.07,9.85,23,0,0,0,0,0,0,0,0,0,0,0,0,0,0,0,43230,2812,0.0,0.0,0.0,0.0,0.0,0.0,0.0,0.0,0.0,0,0,0,0
300,Dwight,McNeil,McNeil,a,,,5.5,145,92.0,0.2,376,128.0,3.2,96.0,46.0,0,0,0.0,-5,5.0,116,135,0.6,5.1,3.2,3.2,2.2,298.0,133.0,,,356.0,158.0,183.0,121.0,305.0,159.0,317.0,153.0,,,,,,,,0.07,0.11,0.18,1.76,0.0,0.47,0.47,0.95,7.74,23,0,0,0,0,0,0,0,0,0,0,0,0,0,0,0,911,437,0.0,0.0,0.0,0.0,0.0,0.0,0.0,0.0,0.0,0,0,0,0
301,Carlos,Alcaraz Durán,Alcaraz,d,Lack of match fitness - 75% chance of playing,,5.2,217,135.0,0.1,486,171.0,0.5,333.0,152.0,0,0,0.0,-3,3.0,3,47,0.1,4.8,0.4,0.5,1.7,364.0,161.0,75.0,100.0,343.0,152.0,166.0,112.0,132.0,77.0,252.0,121.0,,,,,,,,0.14,0.06,0.2,1.78,0.0,0.41,1.1,0.82,8.23,23,0,0,0,0,0,0,0,0,0,0,0,0,0,0,0,28,155,0.0,0.0,0.0,0.0,0.0,0.0,0.0,0.0,0.0,0,0,0,0
304,Tim,Iroegbunam,Iroegbunam,i,Knock - Unknown return date,,4.8,365,229.0,0.0,602,232.0,3.3,79.0,35.0,0,0,0.0,-2,2.0,0,52,0.7,10.2,0.0,0.0,2.9,199.0,85.0,0.0,0.0,253.0,108.0,254.0,154.0,297.0,155.0,294.0,143.0,,,,,,,,0.03,0.06,0.09,1.46,0.0,0.68,0.88,1.07,12.09,23,0,0,0,0,0,0,0,0,0,0,0,0,0,0,0,2,158,0.0,0.0,0.0,0.0,0.0,0.0,0.0,0.0,0.0,0,0,0,0
305,Harrison,Armstrong,Armstrong,a,,,4.5,489,302.0,0.1,549,199.0,1.3,247.0,105.0,0,0,0.0,0,0.0,56,21,0.3,2.0,1.3,1.3,2.2,292.0,127.0,100.0,100.0,417.0,185.0,349.0,183.0,380.0,190.0,415.0,188.0,,,,,,,,0.0,0.05,0.05,1.15,0.0,0.47,0.95,0.95,9.0,23,0,0,0,0,0,0,0,0,0,0,0,0,0,0,0,237,39,0.0,0.0,0.0,0.0,0.0,0.0,0.0,0.0,0.0,0,0,0,0
306,Callum,Bates,Bates,a,,,4.3,601,350.0,0.1,508,181.0,0.0,571.0,202.0,0,0,0.0,-2,2.0,36,32,0.0,0.0,0.0,0.0,0.0,633.0,240.0,,,622.0,230.0,620.0,235.0,592.0,223.0,625.0,232.0,,,,,,,,0.0,0.0,0.0,0.0,0.0,0.0,0.0,0.0,0.0,23,0,0,0,0,0,0,0,0,0,0,0,0,0,0,0,109,90,0.0,0.0,0.0,0.0,0.0,0.0,0.0,0.0,0.0,0,0,0,0
308,Isaac,Heath,Heath,u,has joined Accrington on loan for the rest of the season.,,4.5,444,267.0,0.0,681,284.0,0.0,639.0,244.0,0,0,0.0,0,0.0,0,1,0.0,0.0,0.0,0.0,0.0,690.0,278.0,0.0,0.0,685.0,273.0,682.0,275.0,662.0,267.0,686.0,274.0,,,,,,,,0.0,0.0,0.0,0.0,0.0,0.0,0.0,0.0,0.0,23,0,0,0,0,0,0,0,0,0,0,0,0,0,0,0,0,2,0.0,0.0,0.0,0.0,0.0,0.0,0.0,0.0,0.0,0,0,0,0
309,Jenson,Metcalfe,Metcalfe,u,Has joined Bradford City permanently.,,4.5,440,265.0,0.0,797,357.0,0.0,637.0,242.0,0,0,0.0,0,0.0,0,0,0.0,0.0,0.0,0.0,0.0,688.0,276.0,0.0,0.0,682.0,271.0,680.0,273.0,660.0,265.0,684.0,272.0,,,,,,,,0.0,0.0,0.0,0.0,0.0,0.0,0.0,0.0,0.0,23,0,0,0,0,0,0,0,0,0,0,0,0,0,0,0,0,0,0.0,0.0,0.0,0.0,0.0,0.0,0.0,0.0,0.0,0,0,0,0
310,Thierno,Barry,Barry,a,,,5.7,123,32.0,0.8,200,32.0,3.8,56.0,8.0,0,0,0.0,-3,3.0,1337,625,0.7,8.8,3.8,3.8,2.3,282.0,29.0,,,248.0,22.0,197.0,19.0,57.0,20.0,162.0,18.0,,,,,,,,0.27,0.01,0.28,1.42,0.0,0.53,1.22,1.07,2.97,23,0,0,0,0,0,0,0,0,0,0,0,0,0,0,0,7525,1672,0.0,0.0,0.0,0.0,0.0,0.0,0.0,0.0,0.0,0,0,0,0
311,Norberto Bercique,Gomes Betuncal,Beto,a,,,5.0,262,52.0,2.4,116,18.0,1.7,221.0,26.0,0,0,0.0,-5,5.0,393,557,0.3,7.4,1.7,1.7,1.7,363.0,40.0,,,287.0,27.0,307.0,33.0,54.0,19.0,215.0,25.0,,,2.0,,,,,0.48,0.02,0.5,1.62,0.0,0.22,1.3,0.87,5.1,23,0,0,0,0,0,0,0,0,0,0,0,0,0,0,0,1189,1752,0.0,0.0,0.0,0.0,0.0,0.0,0.0,0.0,0.0,0,0,0,0
707,Tyler,Dibling,Dibling,a,,,5.3,199,124.0,0.0,631,253.0,1.3,253.0,109.0,0,0,0.0,-2,2.0,7,26,0.2,2.8,1.3,1.3,1.4,402.0,181.0,,,394.0,173.0,317.0,177.0,334.0,174.0,386.0,178.0,,,,,,,,0.06,0.02,0.08,1.64,0.0,0.56,0.56,1.13,11.0,23,0,0,0,0,0,0,0,0,0,0,0,0,0,0,0,28,92,0.0,0.0,0.0,0.0,0.0,0.0,0.0,0.0,0.0,0,0,0,0
728,Merlin,Röhl,Röhl,a,,,5.0,273,168.0,0.0,701,296.0,1.8,205.0,88.0,0,0,0.0,0,0.0,16,3,0.4,3.2,1.8,1.8,1.6,378.0,169.0,100.0,100.0,368.0,162.0,276.0,162.0,327.0,172.0,359.0,170.0,,,,,,,,0.13,0.04,0.17,1.6,0.0,0.51,1.02,0.51,10.96,23,0,0,0,0,0,0,0,0,0,0,0,0,0,0,0,49,16,0.0,0.0,0.0,0.0,0.0,0.0,0.0,0.0,0.0,0,0,0,0
779,Braiden,Graham,Graham,a,,,4.5,496,68.0,0.0,702,84.0,0.0,679.0,69.0,0,0,0.0,0,0.0,38,13,0.0,0.0,0.0,0.0,0.0,728.0,78.0,,,727.0,78.0,722.0,77.0,705.0,77.0,727.0,78.0,,,,,,,,0.0,0.0,0.0,0.0,0.0,0.0,0.0,0.0,0.0,23,0,0,0,0,0,0,0,0,0,0,0,0,0,0,0,79,27,0.0,0.0,0.0,0.0,0.0,0.0,0.0,0.0,0.0,0,0,0,0
314,Bernd,Leno,Leno,a,,,4.9,285,11.0,1.7,147,20.0,3.0,105.0,8.0,3,0,0.0,-1,1.0,146,664,0.6,14.3,3.0,3.0,3.0,188.0,17.0,,,24.0,7.0,736.0,86.0,726.0,80.0,190.0,8.0,,,,,,,,0.0,0.0,0.0,1.39,2.61,0.22,1.39,1.0,0.0,23,3,90,0,0,0,1,0,0,0,0,0,3,1,0,18,1742,2213,0.0,0.0,0.0,0.0,1.5,27.599999999999966,0.0,0.0,2.799999999999997,0,0,10,0
315,Steven,Benda,Benda,a,,,4.0,664,49.0,0.0,740,85.0,0.0,487.0,62.0,0,0,0.0,0,0.0,17,6,0.0,0.0,0.0,0.0,0.0,565.0,67.0,100.0,100.0,553.0,67.0,548.0,56.0,513.0,41.0,556.0,67.0,,,,,,,,0.0,0.0,0.0,0.0,0.0,0.0,0.0,0.0,0.0,23,0,0,0,0,0,0,0,0,0,0,0,0,0,0,0,40,14,0.0,0.0,0.0,0.0,0.0,0.0,0.0,0.0,0.0,0,0,0,0
316,Antonee,Robinson,Robinson,a,,,4.9,293,46.0,0.8,197,75.0,2.7,135.0,51.0,1,0,0.0,-1,1.0,249,694,0.6,6.5,2.7,2.7,2.9,200.0,79.0,100.0,100.0,241.0,99.0,122.0,29.0,326.0,104.0,236.0,79.0,,,,,,,,0.03,0.13,0.16,1.5,0.0,0.25,0.98,0.98,8.0,23,1,58,0,0,0,1,0,0,0,0,0,0,1,0,3,2219,1774,0.0,0.0,0.010000000000000009,0.010000000000000009,1.2200000000000006,8.200000000000017,2.799999999999983,0.0,1.1000000000000014,1,4,2,5
317,Joachim,Andersen,Andersen,a,,,4.6,390,67.0,5.4,73,25.0,3.8,51.0,22.0,8,0,0.0,1,-1.0,1171,3379,0.8,18.7,3.8,3.8,3.9,76.0,30.0,100.0,100.0,15.0,6.0,237.0,69.0,237.0,65.0,99.0,29.0,,,,,,,,0.03,0.07,0.1,1.32,0.0,0.23,1.35,1.03,10.86,23,8,90,0,1,0,1,0,0,0,0,0,0,1,1,27,5938,10414,0.0,0.0,0.020000000000000018,0.020000000000000018,1.5,41.200000000000045,11.200000000000003,0.0,5.200000000000003,2,9,4,11
318,Calvin,Bassey,Bassey,a,,,4.4,523,110.0,0.4,282,106.0,0.0,589.0,239.0,0,0,0.0,-1,1.0,185,99,0.0,12.5,0.0,0.0,3.4,125.0,48.0,100.0,100.0,107.0,47.0,263.0,80.0,286.0,87.0,208.0,69.0,,,,,,,,0.06,0.01,0.07,1.38,0.0,0.2,1.66,0.99,7.95,23,0,0,0,0,0,0,0,0,0,0,0,0,0,0,0,1278,250,0.0,0.0,0.0,0.0,0.0,0.0,0.0,0.0,0.0,0,0,0,0
319,Timothy,Castagne,Castagne,a,,,4.3,569,126.0,0.1,453,167.0,1.3,246.0,92.0,4,0,0.0,-2,2.0,21,26,0.3,5.8,1.3,1.3,1.4,396.0,144.0,,,227.0,93.0,190.0,49.0,235.0,64.0,241.0,82.0,,,,,,,,0.09,0.04,0.13,1.7,0.0,0.0,1.81,0.95,7.91,23,4,90,0,0,0,1,0,0,0,0,0,0,1,0,21,231,222,0.0,0.0,0.04999999999999999,0.04999999999999982,1.5,26.19999999999999,4.8999999999999915,0.0,3.1000000000000014,1,10,2,11
320,Issa,Diop,Diop,a,,,4.3,571,128.0,0.1,521,188.0,0.8,292.0,108.0,0,0,0.0,-2,2.0,6,15,0.2,2.3,0.8,0.8,1.2,421.0,154.0,,,357.0,135.0,423.0,154.0,386.0,143.0,407.0,146.0,,,,,,,,0.0,0.01,0.01,1.79,0.0,0.0,1.97,0.87,7.65,23,0,0,0,0,0,0,0,0,0,0,0,0,0,0,0,21,71,0.0,0.0,0.0,0.0,0.0,0.0,0.0,0.0,0.0,0,0,0,0
321,Jorge,Cuenca Barreno,J.Cuenca,a,,,4.3,577,132.0,0.1,555,200.0,3.7,59.0,25.0,4,0,0.0,-2,2.0,15,19,0.9,7.9,3.7,3.7,3.4,124.0,47.0,,,225.0,91.0,365.0,132.0,378.0,137.0,322.0,109.0,,,,,,,,0.01,0.01,0.02,1.29,0.0,0.24,0.84,1.08,11.12,23,4,90,0,0,0,1,0,0,0,0,0,0,1,0,11,164,126,0.0,0.1,0.0,0.09999999999999999,1.5,26.799999999999983,0.9000000000000021,4.0,3.200000000000003,1,11,4,12
322,Kenny,Tete,Tete,d,Lack of match fitness - 75% chance of playing,,4.5,406,75.0,0.3,302,112.0,1.2,263.0,98.0,0,0,0.0,0,0.0,0,344,0.3,14.4,0.9,0.9,4.1,62.0,27.0,75.0,75.0,115.0,49.0,173.0,43.0,239.0,67.0,176.0,57.0,,,,,,,,0.03,0.06,0.09,1.32,0.0,0.33,1.2,1.07,8.42,23,0,0,0,0,0,0,0,0,0,0,0,0,0,0,0,17,1433,0.0,0.0,0.0,0.0,0.0,0.0,0.0,0.0,0.0,0,0,0,0
323,Samuel,Amissah,Amissah,a,,,3.8,801,261.0,0.1,415,153.0,0.0,434.0,169.0,0,0,0.0,-2,2.0,12,29,0.0,0.0,0.0,0.0,0.0,513.0,191.0,,,501.0,190.0,493.0,191.0,456.0,182.0,504.0,190.0,,,,,,,,0.0,0.0,0.0,0.0,0.0,0.0,0.0,0.0,0.0,23,0,0,0,0,0,0,0,0,0,0,0,0,0,0,0,33,122,0.0,0.0,0.0,0.0,0.0,0.0,0.0,0.0,0.0,0,0,0,0
324,Alex,Iwobi,Iwobi,a,,,6.3,65,43.0,0.7,210,72.0,0.3,365.0,164.0,2,0,0.0,-2,2.0,321,141,0.0,9.2,0.3,0.3,3.4,134.0,59.0,100.0,100.0,162.0,61.0,37.0,36.0,137.0,79.0,82.0,50.0,5.0,,,,,,,0.05,0.13,0.18,1.39,0.0,0.19,1.59,1.08,6.67,23,2,87,0,0,0,1,0,0,0,0,0,0,1,0,10,1776,341,0.0,0.030000000000000027,0.010000000000000231,0.040000000000000036,1.5,7.199999999999989,15.199999999999989,4.0,2.6000000000000085,0,2,4,6
325,Emile,Smith Rowe,Smith Rowe,a,,,5.6,130,80.0,0.6,221,76.0,2.7,139.0,59.0,2,0,0.0,-4,4.0,94,864,0.5,9.6,2.7,2.0,2.3,281.0,123.0,100.0,75.0,214.0,88.0,109.0,78.0,77.0,48.0,127.0,69.0,,,,,,,,0.26,0.06,0.32,1.53,0.0,0.26,1.2,0.95,7.31,23,2,68,0,0,0,1,0,0,0,0,0,0,1,0,8,188,3517,0.0,0.0,0.010000000000000009,0.009999999999999787,1.25,4.0,5.099999999999994,0.0,0.8999999999999986,0,1,1,2
326,Adama,Traoré Diarra,Adama,a,,,5.1,225,139.0,0.1,420,141.0,0.5,330.0,151.0,0,0,0.0,-4,4.0,53,39,0.1,3.3,0.5,0.5,1.1,427.0,193.0,,,426.0,190.0,283.0,163.0,281.0,149.0,371.0,174.0,,,,,,,,0.07,0.19,0.26,1.69,0.0,0.0,2.41,0.34,4.83,23,0,0,0,0,0,0,0,0,0,0,0,0,0,0,0,98,75,0.0,0.0,0.0,0.0,0.0,0.0,0.0,0.0,0.0,0,0,0,0
327,Andreas,Hoelgebaum Pereira,Andreas,u,has joined Palmeiras permanently.,,5.3,185,114.0,0.1,547,198.0,0.0,756.0,332.0,0,0,0.0,-2,2.0,0,1,0.0,0.0,0.0,0.0,0.0,777.0,343.0,0.0,0.0,777.0,343.0,776.0,343.0,771.0,342.0,777.0,343.0,,,,,,,,0.0,0.0,0.0,0.0,0.0,0.0,0.0,0.0,0.0,23,0,0,0,0,0,0,0,0,0,0,0,0,0,0,0,0,3,0.0,0.0,0.0,0.0,0.0,0.0,0.0,0.0,0.0,0,0,0,0
328,Ryan,Sessegnon,Sessegnon,a,,,5.4,162,102.0,0.2,397,135.0,0.8,302.0,136.0,1,0,0.0,-1,1.0,48,55,0.1,11.3,0.8,0.8,3.8,87.0,39.0,100.0,100.0,168.0,64.0,189.0,125.0,154.0,89.0,185.0,97.0,,,,,,,,0.07,0.1,0.17,1.28,0.0,0.3,1.55,1.03,10.34,23,1,31,0,0,0,0,0,0,0,0,0,0,0,0,4,740,291,0.0,0.0,0.0,0.0,0.28999999999999915,13.800000000000011,0.29999999999999716,0.0,1.3999999999999986,1,5,1,7
329,Harry,Wilson,Wilson,a,,,6.0,83,55.0,23.3,14,4.0,5.7,10.0,6.0,10,0,0.0,5,-5.0,31673,8790,1.0,19.0,5.7,5.7,5.2,13.0,6.0,100.0,100.0,33.0,8.0,31.0,30.0,25.0,12.0,16.0,13.0,3.0,3.0,3.0,,,,,0.21,0.15,0.36,1.23,0.0,0.32,1.13,1.08,6.18,23,10,90,1,0,0,1,0,0,0,0,0,0,1,3,36,86925,21621,0.0,0.06000000000000005,0.10999999999999988,0.16999999999999993,1.5,41.80000000000001,30.600000000000023,23.0,9.500000000000014,0,2,5,7
330,Sander,Berge,Berge,a,,,4.9,301,187.0,0.1,504,178.0,3.2,91.0,42.0,1,0,0.0,-1,1.0,44,40,0.7,11.6,3.2,3.2,2.5,256.0,109.0,,,118.0,42.0,88.0,65.0,298.0,156.0,140.0,77.0,,,,,,,,0.03,0.04,0.07,1.39,0.0,0.24,1.42,1.04,8.85,23,1,90,0,0,0,1,0,0,0,1,0,0,1,0,15,300,153,0.0,0.0,0.010000000000000009,0.010000000000000009,1.5,13.0,4.800000000000011,0.0,1.7999999999999972,4,3,3,10
331,Tom,Cairney,Cairney,a,,,4.8,346,217.0,0.0,626,248.0,2.2,180.0,72.0,1,0,0.0,-2,2.0,11,17,0.5,4.8,2.2,2.2,1.5,391.0,175.0,100.0,100.0,346.0,154.0,250.0,150.0,293.0,153.0,334.0,162.0,,,,,,,,0.17,0.05,0.22,1.62,0.0,0.0,1.63,0.61,6.92,23,1,21,0,0,0,0,0,0,0,0,0,0,0,0,2,38,36,0.0,0.16000000000000003,0.0,0.16000000000000014,0.25,0.0,0.29999999999999716,5.0,0.40000000000000213,0,0,0,0
332,Saša,Lukić,Lukić,i,Hamstring injury - Expected back 22 Feb,,4.9,305,190.0,0.1,537,191.0,2.3,168.0,70.0,0,0,0.0,-1,1.0,1,32,0.5,10.2,0.0,0.0,2.6,240.0,103.0,0.0,0.0,189.0,81.0,45.0,40.0,177.0,102.0,114.0,62.0,1.0,,,,,,,0.13,0.1,0.23,1.37,0.0,0.3,1.27,1.12,9.46,23,0,0,0,0,0,0,0,0,0,0,0,0,0,0,0,4,167,0.0,0.0,0.0,0.0,0.0,0.0,0.0,0.0,0.0,0,0,0,0
333,Martial,Godo,Godo,u,has joined Strasbourg permanently.,,4.5,467,286.0,0.0,656,270.0,0.0,655.0,258.0,0,0,0.0,0,0.0,0,0,0.0,0.0,0.0,0.0,0.0,705.0,291.0,0.0,0.0,702.0,288.0,698.0,289.0,680.0,283.0,703.0,289.0,,,,,,,,0.0,0.0,0.0,0.0,0.0,0.0,0.0,0.0,0.0,23,0,0,0,0,0,0,0,0,0,0,0,0,0,0,0,0,2,0.0,0.0,0.0,0.0,0.0,0.0,0.0,0.0,0.0,0,0,0,0
334,Luke,Harris,Harris,u,Has joined Oxford United on loan for the rest of the season.,,4.5,448,270.0,0.0,786,347.0,0.0,642.0,247.0,0,0,0.0,0,0.0,0,0,0.0,0.0,0.0,0.0,0.0,693.0,281.0,0.0,0.0,688.0,276.0,685.0,278.0,665.0,270.0,689.0,277.0,,,,,,,,0.0,0.0,0.0,0.0,0.0,0.0,0.0,0.0,0.0,23,0,0,0,0,0,0,0,0,0,0,0,0,0,0,0,0,0,0.0,0.0,0.0,0.0,0.0,0.0,0.0,0.0,0.0,0,0,0,0
335,Josh,King,King,a,,,4.4,551,330.0,1.9,137,47.0,0.8,293.0,129.0,4,0,0.0,-1,1.0,340,1001,0.2,8.2,0.8,0.8,1.8,347.0,152.0,100.0,100.0,312.0,139.0,209.0,133.0,117.0,68.0,258.0,124.0,,,,,,,,0.12,0.04,0.16,1.32,0.0,0.31,1.54,1.13,7.28,23,4,2,0,1,0,0,0,0,0,0,0,0,0,0,11,974,3124,0.0,0.0,0.0,0.0,0.0,0.20000000000000284,0.09999999999999432,0.0,0.0,0,0,2,2
336,Harrison,Reed,Reed,a,,,4.3,568,337.0,0.3,310,103.0,1.7,213.0,93.0,0,0,0.0,-2,2.0,210,179,0.4,2.6,1.7,1.7,2.8,211.0,93.0,,,401.0,177.0,413.0,202.0,397.0,194.0,424.0,191.0,,,,,,,,0.26,1.54,1.8,2.64,0.0,0.0,6.43,0.0,6.43,23,0,0,0,0,0,0,0,0,0,0,0,0,0,0,0,855,547,0.0,0.0,0.0,0.0,0.0,0.0,0.0,0.0,0.0,0,0,0,0
337,Raúl,Jiménez Rodríguez,Raúl,a,,,6.2,72,24.0,2.2,122,19.0,4.2,41.0,6.0,2,0,0.0,-3,3.0,1237,2842,0.7,11.5,4.2,4.2,3.2,160.0,14.0,100.0,100.0,138.0,12.0,94.0,3.0,15.0,9.0,39.0,9.0,,1.0,1.0,,,,,0.39,0.04,0.43,1.35,0.0,0.3,1.09,1.09,5.21,23,2,90,0,0,0,1,0,0,0,0,0,0,1,0,8,7573,7177,0.0,0.47000000000000064,0.029999999999999916,0.5,1.5,13.0,32.5,45.0,9.100000000000009,0,4,3,7
737,Jonah,Kusi-Asare,Kusi-Asare,a,,,4.5,499,70.0,0.1,496,70.0,0.2,389.0,43.0,0,0,0.0,0,0.0,39,40,0.0,0.9,0.2,0.2,0.8,486.0,59.0,,,472.0,56.0,393.0,50.0,389.0,53.0,446.0,53.0,,,,,,,,0.0,0.21,0.21,2.25,0.0,0.0,6.0,0.0,6.0,23,0,0,0,0,0,0,0,0,0,0,0,0,0,0,0,104,114,0.0,0.0,0.0,0.0,0.0,0.0,0.0,0.0,0.0,0,0,0,0
770,Seth,Ridgeon,Ridgeon,a,,,4.5,494,307.0,0.0,769,336.0,0.0,677.0,275.0,0,0,0.0,0,0.0,3,4,0.0,0.0,0.0,0.0,0.0,726.0,307.0,,,725.0,306.0,720.0,306.0,703.0,301.0,725.0,306.0,,,,,,,,0.0,0.0,0.0,0.0,0.0,0.0,0.0,0.0,0.0,23,0,0,0,0,0,0,0,0,0,0,0,0,0,0,0,9,12,0.0,0.0,0.0,0.0,0.0,0.0,0.0,0.0,0.0,0,0,0,0
786,Alfie,McNally,McNally,a,,,4.0,685,58.0,0.0,768,86.0,0.0,506.0,71.0,0,0,0.0,0,0.0,5,4,0.0,0.0,0.0,0.0,0.0,583.0,76.0,,,571.0,76.0,566.0,65.0,531.0,50.0,574.0,76.0,,,,,,,,0.0,0.0,0.0,0.0,0.0,0.0,0.0,0.0,0.0,23,0,0,0,0,0,0,0,0,0,0,0,0,0,0,0,14,12,0.0,0.0,0.0,0.0,0.0,0.0,0.0,0.0,0.0,0,0,0,0
168,Facundo,Buonanotte,Buonanotte,a,,,4.6,396,246.0,0.1,479,167.0,0.0,686.0,282.0,0,0,0.0,-4,4.0,48,37,0.0,0.2,-1.0,0.0,1.0,462.0,215.0,100.0,100.0,449.0,205.0,364.0,188.0,390.0,192.0,434.0,197.0,,,,,,,,0.0,0.18,0.18,1.1,0.0,0.0,2.0,2.0,6.0,23,0,0,0,0,0,0,0,0,0,0,0,0,0,0,0,188,109,0.0,0.0,0.0,0.0,0.0,0.0,0.0,0.0,0.0,0,0,0,0
339,Illan,Meslier,Meslier,a,,,4.2,627,35.0,0.3,295,39.0,0.0,542.0,79.0,0,0,0.0,-3,3.0,15,30,0.0,0.0,-1.0,0.0,0.0,615.0,84.0,,,604.0,84.0,599.0,74.0,568.0,60.0,608.0,84.0,,,,,,,,0.0,0.0,0.0,0.0,0.0,0.0,0.0,0.0,0.0,23,0,0,0,0,0,0,0,0,0,0,0,0,0,0,0,39,103,0.0,0.0,0.0,0.0,0.0,0.0,0.0,0.0,0.0,0,0,0,0
340,Alex,Cairns,Cairns,a,,,3.9,727,70.0,0.2,407,62.0,0.0,441.0,34.0,0,0,0.0,-1,1.0,10,13,0.0,0.0,-1.0,0.0,0.0,520.0,39.0,,,508.0,39.0,501.0,26.0,464.0,11.0,511.0,39.0,,,,,,,,0.0,0.0,0.0,0.0,0.0,0.0,0.0,0.0,0.0,23,0,0,0,0,0,0,0,0,0,0,0,0,0,0,0,28,74,0.0,0.0,0.0,0.0,0.0,0.0,0.0,0.0,0.0,0,0,0,0
341,Karl,Darlow,Darlow,a,,,3.9,722,65.0,2.0,128,17.0,1.0,276.0,20.0,0,0,0.0,-1,1.0,569,319,0.3,4.1,0.0,1.0,2.7,224.0,19.0,,,297.0,24.0,496.0,21.0,459.0,6.0,380.0,24.0,,,,,,,,0.0,0.0,0.0,0.8,2.33,0.17,1.33,1.0,0.0,23,0,0,0,0,0,0,0,0,0,0,0,0,0,0,0,1875,1049,0.0,0.0,0.0,0.0,0.0,0.0,0.0,0.0,0.0,0,0,0,0
342,Jayden,Bogle,Bogle,a,,,4.4,519,106.0,0.2,403,147.0,1.5,231.0,87.0,0,0,0.0,-1,1.0,26,42,0.3,11.6,0.5,1.5,2.5,252.0,98.0,100.0,100.0,198.0,79.0,160.0,40.0,184.0,41.0,199.0,64.0,,,,,,,,0.06,0.05,0.11,1.25,0.0,0.22,1.63,1.03,5.48,23,0,0,0,0,0,0,0,0,0,0,0,0,0,0,0,112,140,0.0,0.0,0.0,0.0,0.0,0.0,0.0,0.0,0.0,0,0,0,0
343,Pascal,Struijk,Struijk,a,,,4.3,572,129.0,0.4,264,99.0,4.3,29.0,10.0,0,0,0.0,-2,2.0,303,278,1.0,14.9,3.3,4.3,3.2,148.0,60.0,100.0,100.0,58.0,28.0,214.0,57.0,114.0,18.0,112.0,35.0,,,3.0,,,,,0.12,0.02,0.14,1.37,0.0,0.21,1.62,1.0,8.85,23,0,0,0,0,0,0,0,0,0,0,0,0,0,0,0,1353,1627,0.0,0.0,0.0,0.0,0.0,0.0,0.0,0.0,0.0,0,0,0,0
344,Jaka,Bijol,Bijol,i,Hamstring injury - Expected back 10 Feb,,3.9,739,214.0,0.5,250,95.0,2.7,128.0,45.0,0,0,0.0,-1,1.0,9,939,0.7,11.0,0.0,0.0,3.6,110.0,40.0,0.0,0.0,166.0,70.0,337.0,115.0,164.0,32.0,222.0,76.0,,,,,,,,0.04,0.05,0.09,1.55,0.0,0.09,1.65,1.01,9.16,23,0,0,0,0,0,0,0,0,0,0,0,0,0,0,0,30,3795,0.0,0.0,0.0,0.0,0.0,0.0,0.0,0.0,0.0,0,0,0,0
345,Sebastiaan,Bornauw,Bornauw,a,,,3.8,781,242.0,0.1,443,162.0,1.7,212.0,77.0,0,0,0.0,-2,2.0,57,39,0.4,3.2,0.7,1.7,2.0,318.0,120.0,100.0,100.0,413.0,156.0,422.0,153.0,402.0,150.0,435.0,157.0,,,,,,,,0.0,0.01,0.01,1.99,0.0,0.55,1.09,1.09,9.27,23,0,0,0,0,0,0,0,0,0,0,0,0,0,0,0,203,136,0.0,0.0,0.0,0.0,0.0,0.0,0.0,0.0,0.0,0,0,0,0
347,Gabriel,Gudmundsson,Gudmundsson,d,Muscle injury - 75% chance of playing,,3.8,777,238.0,4.2,85,29.0,3.0,99.0,34.0,0,0,0.0,-2,2.0,981,2736,0.8,14.5,1.5,2.2,2.5,247.0,95.0,75.0,75.0,103.0,45.0,57.0,11.0,175.0,35.0,89.0,21.0,,,,,,,,0.05,0.09,0.14,1.34,0.0,0.2,1.62,1.03,6.44,23,0,0,0,0,0,0,0,0,0,0,0,0,0,0,0,2536,8502,0.0,0.0,0.0,0.0,0.0,0.0,0.0,0.0,0.0,0,0,0,0
348,Joe,Rodon,Rodon,a,,,3.9,734,211.0,3.4,96,36.0,1.3,243.0,89.0,0,0,0.0,-1,1.0,1439,1213,0.3,16.4,0.3,1.3,3.2,146.0,59.0,100.0,100.0,50.0,24.0,291.0,95.0,131.0,22.0,128.0,41.0,,,,,,,,0.05,0.01,0.06,1.41,0.0,0.16,1.81,1.03,7.86,23,0,0,0,0,0,0,0,0,0,0,0,0,0,0,0,4865,3811,0.0,0.0,0.0,0.0,0.0,0.0,0.0,0.0,0.0,0,0,0,0
349,Isaac,Schmidt,Schmidt,u,has joined Werder Bremen on loan for the rest of the season.,,4.0,679,174.0,0.1,533,195.0,0.0,500.0,193.0,0,0,0.0,0,0.0,0,3,0.0,0.0,0.0,0.0,0.0,578.0,214.0,0.0,0.0,566.0,213.0,561.0,214.0,526.0,207.0,569.0,213.0,,,,,,,,0.0,0.0,0.0,0.0,0.0,0.0,0.0,0.0,0.0,23,0,0,0,0,0,0,0,0,0,0,0,0,0,0,0,0,8,0.0,0.0,0.0,0.0,0.0,0.0,0.0,0.0,0.0,0,0,0,0
350,Brenden,Aaronson,Aaronson,a,,,5.4,168,105.0,0.8,196,67.0,5.3,12.0,7.0,0,0,0.0,-1,1.0,1717,1174,1.0,16.1,4.3,5.3,4.1,66.0,27.0,,,94.0,30.0,58.0,46.0,40.0,23.0,47.0,33.0,,,,,,,,0.21,0.18,0.39,1.31,0.0,0.34,1.28,1.01,8.38,23,0,0,0,0,0,0,0,0,0,0,0,0,0,0,0,7390,4213,0.0,0.0,0.0,0.0,0.0,0.0,0.0,0.0,0.0,0,0,0,0
351,Wilfried,Gnonto,Gnonto,a,,,5.2,216,134.0,0.1,490,174.0,0.7,314.0,145.0,0,0,0.0,-3,3.0,19,15,0.1,3.8,-0.3,0.7,1.5,393.0,177.0,100.0,100.0,374.0,166.0,241.0,147.0,332.0,173.0,355.0,169.0,,,,,,,,0.07,0.14,0.21,2.1,0.0,0.27,2.67,1.07,9.88,23,0,0,0,0,0,0,0,0,0,0,0,0,0,0,0,43,50,0.0,0.0,0.0,0.0,0.0,0.0,0.0,0.0,0.0,0,0,0,0
352,Jack,Harrison,Harrison,u,has joined ACF Fiorentina on loan for the rest of the season.,,5.1,228,141.0,0.1,563,207.0,0.0,748.0,326.0,0,0,0.0,-4,4.0,0,46,0.0,2.4,0.0,0.0,1.1,428.0,194.0,0.0,0.0,409.0,182.0,316.0,176.0,320.0,168.0,384.0,177.0,4.0,,,,,,,0.1,0.08,0.18,1.31,0.0,0.0,1.72,0.34,8.24,23,0,0,0,0,0,0,0,0,0,0,0,0,0,0,0,0,122,0.0,0.0,0.0,0.0,0.0,0.0,0.0,0.0,0.0,0,0,0,0
353,Daniel,James,James,d,Lack of match fitness - 50% chance of playing,,5.2,205,129.0,0.1,474,163.0,0.0,752.0,330.0,0,0,0.0,-3,3.0,3,9,0.0,2.5,-0.5,0.0,1.3,415.0,188.0,50.0,25.0,400.0,176.0,224.0,137.0,229.0,125.0,330.0,161.0,,,,,,,,0.18,0.14,0.32,2.27,0.0,0.26,3.1,1.03,4.66,23,0,0,0,0,0,0,0,0,0,0,0,0,0,0,0,5,22,0.0,0.0,0.0,0.0,0.0,0.0,0.0,0.0,0.0,0,0,0,0
354,Ethan,Ampadu,Ampadu,a,,,4.9,296,184.0,0.1,410,139.0,3.0,106.0,51.0,0,0,0.0,-1,1.0,121,116,0.6,13.9,2.0,3.0,3.6,113.0,51.0,100.0,100.0,93.0,29.0,113.0,82.0,240.0,129.0,134.0,73.0,,,,,,,,0.09,0.07,0.16,1.35,0.0,0.21,1.61,1.02,12.06,23,0,0,0,0,0,0,0,0,0,0,0,0,0,0,0,600,369,0.0,0.0,0.0,0.0,0.0,0.0,0.0,0.0,0.0,0,0,0,0
355,Sam,Greenwood,Greenwood,u,has joined Pogon Szczecin permanently.,,4.9,316,196.0,0.0,627,249.0,0.0,712.0,299.0,0,0,0.0,-1,1.0,0,4,0.0,0.0,0.0,0.0,0.0,748.0,321.0,0.0,0.0,747.0,320.0,743.0,320.0,735.0,318.0,747.0,320.0,,,,,,,,0.0,0.0,0.0,0.0,0.0,0.0,0.0,0.0,0.0,23,0,0,0,0,0,0,0,0,0,0,0,0,0,0,0,0,4,0.0,0.0,0.0,0.0,0.0,0.0,0.0,0.0,0.0,0,0,0,0
356,Ilia,Gruev,Gruev,a,,,4.7,385,241.0,0.1,560,205.0,2.5,151.0,63.0,0,0,0.0,-3,3.0,21,20,0.5,6.6,1.5,2.5,2.4,264.0,112.0,,,315.0,140.0,247.0,149.0,399.0,195.0,344.0,165.0,,,,,,,,0.0,0.04,0.04,1.94,0.0,0.37,1.97,0.99,8.88,23,0,0,0,0,0,0,0,0,0,0,0,0,0,0,0,81,86,0.0,0.0,0.0,0.0,0.0,0.0,0.0,0.0,0.0,0,0,0,0
357,Largie,Ramazani,Ramazani,u,has joined Valencia on loan for the rest of the season.,,4.9,320,198.0,0.0,690,293.0,0.0,715.0,301.0,0,0,0.0,-1,1.0,0,2,0.0,0.0,0.0,0.0,0.0,750.0,323.0,0.0,0.0,749.0,322.0,745.0,322.0,737.0,320.0,749.0,322.0,,,,,,,,0.0,0.0,0.0,0.0,0.0,0.0,0.0,0.0,0.0,23,0,0,0,0,0,0,0,0,0,0,0,0,0,0,0,0,3,0.0,0.0,0.0,0.0,0.0,0.0,0.0,0.0,0.0,0,0,0,0
358,Tanaka,Ao,Tanaka,a,,,4.8,362,226.0,0.2,338,113.0,0.8,296.0,131.0,0,0,0.0,-2,2.0,52,196,0.2,8.8,-0.2,0.8,2.2,294.0,129.0,100.0,100.0,280.0,127.0,187.0,124.0,243.0,131.0,272.0,134.0,,,,,,,,0.1,0.08,0.18,1.65,0.0,0.25,1.89,0.88,9.85,23,0,0,0,0,0,0,0,0,0,0,0,0,0,0,0,177,593,0.0,0.0,0.0,0.0,0.0,0.0,0.0,0.0,0.0,0,0,0,0
359,Charlie,Crew,Crew,u,Has joined Doncaster Rovers on loan for the rest of the season.,,4.5,454,276.0,0.0,764,332.0,0.0,646.0,251.0,0,0,0.0,0,0.0,0,0,0.0,0.0,0.0,0.0,0.0,697.0,285.0,0.0,0.0,692.0,280.0,689.0,282.0,669.0,274.0,693.0,281.0,,,,,,,,0.0,0.0,0.0,0.0,0.0,0.0,0.0,0.0,0.0,23,0,0,0,0,0,0,0,0,0,0,0,0,0,0,0,0,0,0.0,0.0,0.0,0.0,0.0,0.0,0.0,0.0,0.0,0,0,0,0
360,Joe,Gelhardt,Gelhardt,u,Has joined Hull City on loan for the rest of the season.,,4.5,432,260.0,0.0,734,314.0,0.0,633.0,238.0,0,0,0.0,0,0.0,0,0,0.0,0.0,0.0,0.0,0.0,685.0,273.0,0.0,0.0,678.0,267.0,677.0,270.0,656.0,262.0,681.0,269.0,,,,,,,,0.0,0.0,0.0,0.0,0.0,0.0,0.0,0.0,0.0,23,0,0,0,0,0,0,0,0,0,0,0,0,0,0,0,0,0,0.0,0.0,0.0,0.0,0.0,0.0,0.0,0.0,0.0,0,0,0,0
361,Darko,Gyabi,Gyabi,u,has joined Hull City permanently.,,4.5,434,261.0,0.0,654,268.0,0.0,634.0,239.0,0,0,0.0,0,0.0,0,0,0.0,0.0,0.0,0.0,0.0,686.0,274.0,0.0,0.0,679.0,268.0,678.0,271.0,657.0,263.0,682.0,270.0,,,,,,,,0.0,0.0,0.0,0.0,0.0,0.0,0.0,0.0,0.0,23,0,0,0,0,0,0,0,0,0,0,0,0,0,0,0,0,3,0.0,0.0,0.0,0.0,0.0,0.0,0.0,0.0,0.0,0,0,0,0
362,Joël,Piroe,Piroe,a,,,4.9,315,55.0,0.3,290,47.0,0.2,397.0,44.0,0,0,0.0,-6,6.0,36,55,0.0,2.2,-0.8,0.2,1.1,426.0,50.0,100.0,100.0,448.0,52.0,373.0,46.0,224.0,43.0,388.0,48.0,,,2.0,,,,,0.29,0.04,0.33,2.14,0.0,0.45,2.69,0.9,4.03,23,0,0,0,0,0,0,0,0,0,0,0,0,0,0,0,93,160,0.0,0.0,0.0,0.0,0.0,0.0,0.0,0.0,0.0,0,0,0,0
363,Patrick,Bamford,Bamford,u,has departed the club as a free agent.,,4.9,286,54.0,0.3,294,49.0,0.0,702.0,72.0,0,0,0.0,-1,1.0,0,17,0.0,0.0,0.0,0.0,0.0,742.0,81.0,0.0,0.0,741.0,81.0,737.0,80.0,727.0,80.0,741.0,81.0,,,,,,,,0.0,0.0,0.0,0.0,0.0,0.0,0.0,0.0,0.0,23,0,0,0,0,0,0,0,0,0,0,0,0,0,0,0,0,37,0.0,0.0,0.0,0.0,0.0,0.0,0.0,0.0,0.0,0,0,0,0
364,Mateo,Joseph Fernández-Regatillo,Mateo Joseph,u,Has joined RCD Mallorca on loan for the rest of the season.,,5.0,275,53.0,0.0,721,85.0,0.0,741.0,77.0,0,0,0.0,0,0.0,0,0,0.0,0.0,0.0,0.0,0.0,769.0,84.0,0.0,0.0,768.0,84.0,766.0,84.0,760.0,84.0,768.0,84.0,,,,,,,,0.0,0.0,0.0,0.0,0.0,0.0,0.0,0.0,0.0,23,0,0,0,0,0,0,0,0,0,0,0,0,0,0,0,0,0,0.0,0.0,0.0,0.0,0.0,0.0,0.0,0.0,0.0,0,0,0,0
365,Lukas,Nmecha,Nmecha,a,,,5.0,246,50.0,0.6,242,39.0,2.0,196.0,23.0,0,0,0.0,0,0.0,283,195,0.4,9.8,1.0,2.0,2.6,242.0,24.0,100.0,100.0,224.0,20.0,325.0,37.0,60.0,21.0,184.0,21.0,,,1.0,,,,,0.73,0.05,0.78,1.85,0.0,0.3,2.09,0.9,4.78,23,0,0,0,0,0,0,0,0,0,0,0,0,0,0,0,955,559,0.0,0.0,0.0,0.0,0.0,0.0,0.0,0.0,0.0,0,0,0,0
493,Sean,Longstaff,Longstaff,a,,,4.8,350,221.0,0.2,345,117.0,0.0,695.0,288.0,0,0,0.0,-2,2.0,23,40,0.0,8.3,-1.0,0.0,3.3,138.0,60.0,100.0,100.0,190.0,82.0,48.0,41.0,287.0,152.0,142.0,79.0,1.0,2.0,,,,,,0.08,0.13,0.21,1.16,0.0,0.1,1.54,1.03,9.65,23,0,0,0,0,0,0,0,0,0,0,0,0,0,0,0,67,157,0.0,0.0,0.0,0.0,0.0,0.0,0.0,0.0,0.0,0,0,0,0
660,Anton,Stach,Stach,d,Muscle injury - 75% chance of playing,,4.9,329,204.0,2.7,112,35.0,2.5,153.0,64.0,0,0,0.0,-1,1.0,233,4264,0.5,17.8,1.1,1.9,4.6,29.0,13.0,75.0,75.0,70.0,22.0,5.0,5.0,88.0,53.0,22.0,18.0,3.0,1.0,,,,,,0.12,0.17,0.29,1.35,0.0,0.18,1.65,1.06,9.59,23,0,0,0,0,0,0,0,0,0,0,0,0,0,0,0,652,16939,0.0,0.0,0.0,0.0,0.0,0.0,0.0,0.0,0.0,0,0,0,0
665,Lucas Estella,Perri,Perri,a,,,4.5,410,22.0,0.3,330,44.0,2.5,148.0,15.0,0,0,0.0,0,0.0,82,82,0.6,9.6,1.5,2.5,2.7,228.0,20.0,100.0,100.0,116.0,17.0,661.0,82.0,638.0,70.0,279.0,17.0,,,,,,,,0.0,0.0,0.0,1.67,2.38,0.19,1.81,1.0,0.0,23,0,0,0,0,0,0,0,0,0,0,0,0,0,0,0,216,1147,0.0,0.0,0.0,0.0,0.0,0.0,0.0,0.0,0.0,0,0,0,0
691,Dominic,Calvert-Lewin,Calvert-Lewin,a,,,6.0,84,27.0,13.9,25,5.0,3.5,74.0,9.0,0,0,0.0,5,-5.0,8176,11103,0.6,15.2,2.5,3.5,4.5,40.0,4.0,100.0,100.0,88.0,7.0,127.0,6.0,7.0,6.0,32.0,6.0,,,,,,,,0.53,0.06,0.59,1.07,0.0,0.26,1.29,0.96,2.89,23,0,0,0,0,0,0,0,0,0,0,0,0,0,0,0,27147,33283,0.0,0.0,0.0,0.0,0.0,0.0,0.0,0.0,0.0,0,0,0,0
698,Noah,Okafor,Okafor,a,,,5.5,146,93.0,0.1,461,156.0,1.5,236.0,100.0,0,0,0.0,0,0.0,49,77,0.3,9.5,0.5,1.5,2.7,231.0,101.0,100.0,100.0,243.0,102.0,140.0,99.0,64.0,40.0,138.0,76.0,,,,,,,,0.23,0.07,0.3,1.37,0.0,0.25,1.72,1.15,6.14,23,0,0,0,0,0,0,0,0,0,0,0,0,0,0,0,186,302,0.0,0.0,0.0,0.0,0.0,0.0,0.0,0.0,0.0,0,0,0,0
706,James,Justin,Justin,a,,,3.9,736,212.0,0.3,316,117.0,3.2,87.0,30.0,0,0,0.0,-1,1.0,302,93,0.8,6.9,2.2,3.2,2.1,303.0,112.0,,,313.0,120.0,338.0,116.0,296.0,93.0,349.0,121.0,,,,,,,,0.05,0.03,0.08,1.99,0.0,0.35,1.56,0.87,8.84,23,0,0,0,0,0,0,0,0,0,0,0,0,0,0,0,1418,377,0.0,0.0,0.0,0.0,0.0,0.0,0.0,0.0,0.0,0,0,0,0
741,Harry,Gray,Gray,u,has joined Rotherham United on loan for the rest of the season.,,4.5,484,67.0,0.1,460,65.0,0.0,669.0,68.0,0,0,0.0,0,0.0,0,117,0.0,0.0,0.0,0.0,0.0,719.0,77.0,0.0,0.0,717.0,77.0,712.0,76.0,695.0,76.0,717.0,77.0,,,,,,,,0.0,0.0,0.0,0.0,0.0,0.0,0.0,0.0,0.0,23,0,0,0,0,0,0,0,0,0,0,0,0,0,0,0,0,286,0.0,0.0,0.0,0.0,0.0,0.0,0.0,0.0,0.0,0,0,0,0
787,Sam,Chambers,Chambers,a,,,4.4,548,328.0,0.0,778,342.0,0.0,602.0,219.0,0,-1,1.0,-1,1.0,6,2,0.0,0.0,-1.0,0.0,0.0,660.0,257.0,,,651.0,249.0,648.0,253.0,624.0,243.0,654.0,251.0,,,,,,,,0.0,0.0,0.0,0.0,0.0,0.0,0.0,0.0,0.0,23,0,0,0,0,0,0,0,0,0,0,0,0,0,0,0,15,24,0.0,0.0,0.0,0.0,0.0,0.0,0.0,0.0,0.0,0,0,0,0
366,Alisson,Becker,A.Becker,a,,,5.4,157,4.0,6.1,66,10.0,3.8,54.0,4.0,1,0,0.0,-1,1.0,807,2692,0.7,12.0,4.3,4.3,3.6,117.0,12.0,100.0,100.0,142.0,20.0,468.0,15.0,773.0,88.0,293.0,20.0,,,,,,,,0.0,0.0,0.0,1.08,2.0,0.33,1.22,1.0,0.0,23,1,90,0,0,0,3,0,0,0,0,0,2,1,0,8,2328,7634,0.0,0.0,0.0,0.0,2.299999999999997,1.8000000000000114,0.0,0.0,0.20000000000000284,0,0,10,0
367,Giorgi,Mamardashvili,Mamardashvili,a,,,4.2,629,36.0,0.6,241,32.0,0.0,543.0,80.0,0,0,0.0,-3,3.0,56,206,0.0,4.5,0.5,0.5,3.8,82.0,7.0,,,272.0,22.0,600.0,75.0,569.0,61.0,370.0,22.0,,,,,,,,0.0,0.0,0.0,1.42,3.4,0.2,2.0,1.0,0.0,23,0,0,0,0,0,0,0,0,0,0,0,0,0,0,0,88,486,0.0,0.0,0.0,0.0,0.0,0.0,0.0,0.0,0.0,0,0,0,0
368,Ármin,Pécsi,Pécsi,a,,,3.8,800,91.0,0.4,263,34.0,0.0,433.0,27.0,0,0,0.0,-2,2.0,1022,202,0.0,0.0,0.5,0.5,0.0,512.0,32.0,,,500.0,32.0,492.0,18.0,455.0,3.0,503.0,32.0,,,,,,,,0.0,0.0,0.0,0.0,0.0,0.0,0.0,0.0,0.0,23,0,0,0,0,0,0,0,0,0,0,0,0,0,0,0,2570,479,0.0,0.0,0.0,0.0,0.0,0.0,0.0,0.0,0.0,0,0,0,0
369,Freddie,Woodman,Woodman,a,,,3.9,730,72.0,0.2,380,54.0,0.0,444.0,36.0,0,0,0.0,-1,1.0,9,37,0.0,0.0,0.5,0.5,0.0,522.0,41.0,,,510.0,41.0,503.0,28.0,466.0,13.0,513.0,41.0,,,,,,,,0.0,0.0,0.0,0.0,0.0,0.0,0.0,0.0,0.0,23,0,0,0,0,0,0,0,0,0,0,0,0,0,0,0,22,89,0.0,0.0,0.0,0.0,0.0,0.0,0.0,0.0,0.0,0,0,0,0
370,Jeremie,Frimpong,Frimpong,a,,,5.8,106,8.0,6.8,57,18.0,3.8,57.0,23.0,0,0,0.0,-2,2.0,2037,5512,0.7,5.9,4.3,4.3,3.1,174.0,68.0,100.0,100.0,338.0,129.0,171.0,42.0,222.0,58.0,284.0,95.0,,,,,,,,0.06,0.17,0.23,1.0,0.0,0.33,1.17,1.0,2.68,23,0,58,0,0,0,2,0,0,0,0,0,0,1,0,5,8954,12512,0.0,0.02999999999999997,0.050000000000000044,0.07999999999999985,0.6299999999999999,8.799999999999997,5.0,0.0,1.4000000000000021,2,1,10,3
371,Milos,Kerkez,Kerkez,a,,,5.6,133,16.0,3.0,109,44.0,2.3,172.0,65.0,0,0,0.0,-4,4.0,434,924,0.4,9.5,2.8,2.8,2.4,269.0,105.0,,,123.0,54.0,47.0,6.0,196.0,48.0,94.0,26.0,,,,,,,,0.06,0.03,0.09,1.13,0.0,0.23,1.41,1.11,6.16,23,0,45,0,0,0,2,0,0,0,0,0,0,1,0,240,1526,2960,0.0,0.010000000000000009,0.0,0.010000000000000009,0.629999999999999,6.399999999999977,10.600000000000023,2.0,1.8999999999999915,0,2,1,2
372,Andrew,Robertson,Robertson,a,,,5.7,114,10.0,1.0,185,72.0,1.3,256.0,95.0,1,0,0.0,-3,3.0,86,158,0.2,4.4,1.8,1.8,1.8,357.0,134.0,,,308.0,117.0,145.0,36.0,292.0,91.0,277.0,91.0,,,,,,,,0.04,0.13,0.17,1.24,0.0,0.33,1.34,0.67,5.02,23,1,45,0,0,0,1,0,0,0,0,0,0,0,0,0,205,373,0.0,0.0,0.050000000000000044,0.04999999999999993,1.67,0.0,0.0,0.0,0.0,1,0,1,1
373,Virgil,van Dijk,Virgil,a,,,5.9,90,5.0,22.2,16,5.0,4.0,46.0,18.0,7,0,0.0,-1,1.0,2457,8151,0.7,14.9,4.5,4.5,3.8,89.0,35.0,,,11.0,4.0,176.0,45.0,145.0,27.0,66.0,12.0,,,,,,,,0.05,0.03,0.08,1.15,0.0,0.3,1.39,1.0,9.22,23,7,90,1,0,0,3,0,0,0,0,0,0,1,0,18,6954,26398,0.0,0.17000000000000004,0.030000000000000027,0.19999999999999996,2.3000000000000007,0.0,0.20000000000001705,0.0,0.0,1,7,3,8
374,Ibrahima,Konaté,Konaté,d,Personal Reasons - 75% chance of playing,,5.4,163,18.0,3.1,105,43.0,3.2,94.0,33.0,0,0,0.0,-1,1.0,37,6072,0.6,15.0,2.8,0.9,3.7,105.0,38.0,75.0,25.0,37.0,16.0,208.0,53.0,252.0,70.0,122.0,39.0,,,,,,,,0.04,0.04,0.08,1.04,0.0,0.34,1.25,1.06,8.97,23,0,0,0,0,0,0,0,0,0,0,0,0,0,0,0,67,25250,0.0,0.0,0.0,0.0,0.0,0.0,0.0,0.0,0.0,0,0,0,0
375,Conor,Bradley,Bradley,i,Knee injury - Expected back 01 Jun,,5.0,265,43.0,0.2,382,138.0,3.5,69.0,28.0,0,0,0.0,0,0.0,8,242,0.7,8.4,0.0,0.0,2.8,214.0,83.0,0.0,0.0,256.0,103.0,210.0,54.0,272.0,78.0,278.0,92.0,,,,,,,,0.02,0.08,0.1,1.04,0.0,0.39,1.26,1.16,6.3,23,0,0,0,0,0,0,0,0,0,0,0,0,0,0,0,13,567,0.0,0.0,0.0,0.0,0.0,0.0,0.0,0.0,0.0,0,0,0,0
376,Joe,Gomez,Gomez,d,Knock - 75% chance of playing,,4.9,294,47.0,0.2,408,148.0,0.3,360.0,133.0,0,0,0.0,-1,1.0,53,53,0.1,5.1,0.6,0.8,2.3,275.0,107.0,75.0,100.0,350.0,132.0,300.0,98.0,354.0,121.0,362.0,129.0,,,,,,,,0.06,0.17,0.23,1.21,0.0,0.64,2.25,1.29,6.43,23,0,34,0,0,0,2,0,0,0,0,0,0,1,0,70,367,105,0.0,0.0,0.010000000000000009,0.010000000000000009,0.6299999999999999,4.599999999999994,0.6000000000000014,2.0,0.7000000000000011,1,0,1,1
377,Konstantinos,Tsimikas,Tsimikas,u,has joined AS Roma on loan for the rest of the season.,,4.8,355,59.0,0.0,582,211.0,0.0,696.0,249.0,0,0,0.0,-2,2.0,0,1,0.0,0.0,0.0,0.0,0.0,739.0,256.0,0.0,0.0,738.0,256.0,733.0,256.0,721.0,255.0,738.0,256.0,,,,,,,,0.0,0.0,0.0,0.0,0.0,0.0,0.0,0.0,0.0,23,0,0,0,0,0,0,0,0,0,0,0,0,0,0,0,0,3,0.0,0.0,0.0,0.0,0.0,0.0,0.0,0.0,0.0,0,0,0,0
378,Amara,Nallo,Nallo,a,,,3.7,802,262.0,1.0,178,70.0,0.0,410.0,147.0,0,0,0.0,-3,3.0,1878,953,0.0,0.0,0.5,0.5,0.0,493.0,173.0,100.0,100.0,480.0,171.0,470.0,170.0,432.0,160.0,483.0,171.0,,,,,,,,0.0,0.0,0.0,0.0,0.0,0.0,0.0,0.0,0.0,23,0,0,0,0,0,0,0,0,0,0,0,0,0,0,0,5111,1982,0.0,0.0,0.0,0.0,0.0,0.0,0.0,0.0,0.0,0,0,0,0
379,Rhys,Williams,R.Williams,a,,,3.8,774,235.0,0.2,356,130.0,0.0,415.0,151.0,0,0,0.0,-2,2.0,10,58,0.0,0.0,0.5,0.5,0.0,496.0,175.0,,,484.0,174.0,474.0,173.0,436.0,163.0,487.0,174.0,,,,,,,,0.0,0.0,0.0,0.0,0.0,0.0,0.0,0.0,0.0,23,0,0,0,0,0,0,0,0,0,0,0,0,0,0,0,28,109,0.0,0.0,0.0,0.0,0.0,0.0,0.0,0.0,0.0,0,0,0,0
380,Calvin,Ramsay,Ramsay,a,,,3.8,784,245.0,0.2,347,126.0,0.0,421.0,157.0,0,0,0.0,-2,2.0,16,35,0.0,0.0,0.5,0.5,0.0,501.0,180.0,,,489.0,179.0,480.0,179.0,442.0,169.0,492.0,179.0,,,,,,,,0.0,0.0,0.0,0.0,0.0,0.0,0.0,0.0,0.0,23,0,0,0,0,0,0,0,0,0,0,0,0,0,0,0,33,104,0.0,0.0,0.0,0.0,0.0,0.0,0.0,0.0,0.0,0,0,0,0
381,Mohamed,Salah,M.Salah,a,,,14.0,2,1.0,14.3,22,9.0,0.8,305.0,139.0,5,0,0.0,-5,5.0,3151,1149,0.1,4.9,1.3,1.3,4.6,33.0,16.0,100.0,100.0,152.0,57.0,18.0,17.0,26.0,13.0,28.0,23.0,,4.0,1.0,,,,,0.35,0.2,0.55,1.33,0.0,0.28,1.7,0.92,3.68,23,5,90,0,1,0,3,0,0,0,0,0,0,1,0,13,8202,2220,0.0,0.3099999999999996,0.3900000000000001,0.6999999999999993,2.3000000000000007,0.0,6.400000000000034,5.0,1.0,0,2,3,5
382,Florian,Wirtz,Wirtz,a,,,8.3,13,8.0,13.4,30,11.0,6.3,4.0,1.0,2,0,0.0,-2,2.0,12036,11828,0.8,10.0,6.8,6.8,3.8,95.0,45.0,100.0,100.0,113.0,39.0,7.0,7.0,23.0,10.0,12.0,9.0,4.0,,,,,,,0.26,0.2,0.46,1.13,0.0,0.4,1.14,1.02,6.36,23,2,90,0,0,0,3,0,0,0,0,0,0,1,0,5,66281,18569,0.0,0.07000000000000028,0.1200000000000001,0.1900000000000004,2.3000000000000007,4.199999999999989,15.100000000000023,4.0,2.3000000000000114,0,2,2,4
383,Luis,Díaz Marulanda,Luis Díaz,u,Has joined Bayern Munch permanently.,,8.0,15,10.0,0.0,596,228.0,0.0,800.0,360.0,0,0,0.0,0,0.0,0,2,0.0,0.0,0.0,0.0,0.0,801.0,360.0,0.0,0.0,801.0,360.0,801.0,360.0,801.0,360.0,801.0,360.0,,,,,,,,0.0,0.0,0.0,0.0,0.0,0.0,0.0,0.0,0.0,23,0,0,0,0,0,0,0,0,0,0,0,0,0,0,0,0,4,0.0,0.0,0.0,0.0,0.0,0.0,0.0,0.0,0.0,0,0,0,0
384,Cody,Gakpo,Gakpo,a,,,7.3,29,20.0,5.8,71,24.0,2.5,159.0,68.0,2,0,0.0,-2,2.0,952,3374,0.3,11.0,3.0,3.0,3.8,94.0,44.0,100.0,100.0,114.0,40.0,26.0,25.0,13.0,6.0,19.0,16.0,3.0,,2.0,,,,,0.31,0.2,0.51,0.98,0.0,0.3,1.39,1.02,4.64,23,2,73,0,0,0,2,0,0,0,0,0,0,1,0,9,6197,10791,0.0,0.04999999999999982,0.10999999999999988,0.16000000000000014,1.1499999999999986,2.400000000000034,0.8999999999999773,4.0,0.7000000000000028,1,0,2,3
385,Federico,Chiesa,Chiesa,d,Knock - 50% chance of playing,,6.3,67,45.0,0.3,317,105.0,0.8,303.0,137.0,0,0,0.0,-2,2.0,4,209,0.1,4.4,0.7,0.7,1.8,360.0,159.0,50.0,50.0,306.0,137.0,346.0,182.0,200.0,109.0,314.0,151.0,,,,,,,,0.46,0.19,0.65,1.72,0.0,0.0,2.35,0.39,9.78,23,0,0,0,0,0,0,0,0,0,0,0,0,0,0,0,6,519,0.0,0.0,0.0,0.0,0.0,0.0,0.0,0.0,0.0,0,0,0,0
386,Alexis,Mac Allister,Mac Allister,a,,,6.2,74,48.0,1.2,169,59.0,1.5,240.0,103.0,1,0,0.0,-3,3.0,218,520,0.2,7.4,2.0,2.0,2.1,315.0,140.0,100.0,100.0,203.0,85.0,70.0,55.0,113.0,67.0,118.0,64.0,,,3.0,,,,,0.13,0.07,0.2,1.07,0.0,0.31,1.3,1.11,7.54,23,1,58,0,0,0,2,0,0,0,0,0,0,1,0,8,485,1540,0.0,0.040000000000000036,0.030000000000000027,0.06999999999999984,0.629999999999999,6.400000000000006,1.2999999999999545,0.0,0.7999999999999972,2,3,1,6
387,Dominik,Szoboszlai,Szoboszlai,a,,,6.6,49,31.0,5.2,74,25.0,3.5,75.0,32.0,13,0,0.0,1,-1.0,21611,2168,0.5,12.7,4.0,4.0,3.8,92.0,42.0,100.0,100.0,64.0,17.0,3.0,3.0,70.0,44.0,15.0,12.0,2.0,2.0,,,,,,0.16,0.16,0.32,1.15,0.0,0.32,1.41,1.0,8.9,23,13,90,1,1,0,3,0,0,0,0,0,0,1,3,45,35309,8651,0.0,0.04999999999999982,0.28000000000000025,0.33000000000000007,2.3000000000000007,2.0,1.6999999999999318,0.0,0.4000000000000057,1,1,5,7
388,Curtis,Jones,C.Jones,a,,,5.4,165,103.0,0.1,424,142.0,2.7,137.0,58.0,1,0,0.0,-1,1.0,60,155,0.5,7.4,3.2,3.2,2.0,326.0,146.0,100.0,100.0,215.0,89.0,68.0,54.0,212.0,118.0,149.0,83.0,,,,,,,,0.08,0.18,0.26,1.38,0.0,0.17,1.67,0.83,9.74,23,1,31,0,0,0,1,0,0,0,0,0,0,0,0,2,161,403,0.0,0.07999999999999996,0.13000000000000034,0.20999999999999996,1.67,0.0,0.0,0.0,0.0,0,1,2,3
390,Ryan,Gravenberch,Gravenberch,a,,,5.7,120,76.0,5.9,68,23.0,4.0,45.0,18.0,1,0,0.0,2,-2.0,2117,8985,0.7,17.0,4.5,4.5,4.6,30.0,14.0,100.0,100.0,47.0,12.0,61.0,49.0,174.0,101.0,65.0,43.0,,,,,,,,0.06,0.07,0.13,1.04,0.0,0.34,1.27,1.02,9.3,23,1,90,0,0,0,3,0,0,0,1,0,0,1,0,11,6308,21770,0.0,0.030000000000000027,0.06000000000000005,0.0900000000000003,2.299999999999997,4.0,1.7000000000000455,0.0,0.5999999999999943,2,4,4,10
393,Stefan,Bajčetić Maquieira,Bajcetic,i,Hamstring injury - Unknown return date,,4.3,596,346.0,0.0,624,246.0,0.0,568.0,199.0,0,0,0.0,-2,2.0,5,4,0.0,0.0,0.0,0.0,0.0,630.0,237.0,0.0,0.0,619.0,227.0,617.0,232.0,589.0,220.0,622.0,229.0,,,,,,,,0.0,0.0,0.0,0.0,0.0,0.0,0.0,0.0,0.0,23,0,0,0,0,0,0,0,0,0,0,0,0,0,0,0,18,26,0.0,0.0,0.0,0.0,0.0,0.0,0.0,0.0,0.0,0,0,0,0
394,James,McConnell,McConnell,u,has joined Ajax on loan for the rest of the season.,,4.4,536,321.0,0.0,665,274.0,0.0,593.0,213.0,0,0,0.0,-1,1.0,0,5,0.0,0.0,0.0,0.0,0.0,651.0,251.0,0.0,0.0,641.0,242.0,639.0,247.0,614.0,236.0,644.0,244.0,,,,,,,,0.0,0.0,0.0,0.0,0.0,0.0,0.0,0.0,0.0,23,0,0,0,0,0,0,0,0,0,0,0,0,0,0,0,0,6,0.0,0.0,0.0,0.0,0.0,0.0,0.0,0.0,0.0,0,0,0,0
395,Tyler,Morton,Morton,u,Has joined Lyon permanently.,,4.5,423,254.0,0.0,779,343.0,0.0,625.0,232.0,0,0,0.0,0,0.0,0,0,0.0,0.0,0.0,0.0,0.0,678.0,267.0,0.0,0.0,671.0,261.0,669.0,264.0,648.0,256.0,674.0,263.0,,,,,,,,0.0,0.0,0.0,0.0,0.0,0.0,0.0,0.0,0.0,23,0,0,0,0,0,0,0,0,0,0,0,0,0,0,0,0,0,0.0,0.0,0.0,0.0,0.0,0.0,0.0,0.0,0.0,0,0,0,0
396,Trey,Nyoni,Nyoni,a,,,4.3,605,353.0,0.3,293,97.0,0.2,378.0,168.0,0,0,0.0,-2,2.0,20,127,0.0,0.5,0.7,0.7,1.0,443.0,197.0,,,464.0,215.0,399.0,199.0,595.0,226.0,459.0,213.0,,,,,,,,0.0,0.0,0.0,0.0,0.0,0.0,0.0,0.0,0.0,23,0,0,0,0,0,0,0,0,0,0,0,0,0,0,0,48,327,0.0,0.0,0.0,0.0,0.0,0.0,0.0,0.0,0.0,0,0,0,0
397,Darwin,Núñez Ribeiro,Darwin,u,Has joined Al-Hilal permanently.,,6.5,52,18.0,0.1,536,75.0,0.0,794.0,84.0,0,0,0.0,0,0.0,0,4,0.0,0.0,0.0,0.0,0.0,797.0,87.0,0.0,0.0,797.0,87.0,797.0,87.0,797.0,87.0,797.0,87.0,,,,,,,,0.0,0.0,0.0,0.0,0.0,0.0,0.0,0.0,0.0,23,0,0,0,0,0,0,0,0,0,0,0,0,0,0,0,0,4,0.0,0.0,0.0,0.0,0.0,0.0,0.0,0.0,0.0,0,0,0,0
398,Jayden,Danns,Danns,i,Hamstring injury - Unknown return date,,4.3,592,81.0,0.1,465,66.0,0.0,566.0,53.0,0,0,0.0,-2,2.0,8,7,0.0,0.0,0.0,0.0,0.0,628.0,63.0,0.0,0.0,617.0,63.0,614.0,62.0,586.0,62.0,620.0,63.0,,,,,,,,0.0,0.0,0.0,0.0,0.0,0.0,0.0,0.0,0.0,23,0,0,0,0,0,0,0,0,0,0,0,0,0,0,0,25,25,0.0,0.0,0.0,0.0,0.0,0.0,0.0,0.0,0.0,0,0,0,0
499,Alexander,Isak,Isak,i,Ankle injury - Unknown return date,,10.3,4,2.0,3.7,93,16.0,0.0,802.0,88.0,0,0,0.0,-2,2.0,20,498,0.0,2.8,0.0,0.0,2.9,210.0,20.0,0.0,0.0,322.0,31.0,340.0,42.0,149.0,35.0,303.0,36.0,,,,,,,,0.37,0.01,0.38,0.92,0.0,0.18,1.26,1.08,4.13,23,0,0,0,0,0,0,0,0,0,0,0,0,0,0,0,26,896,0.0,0.0,0.0,0.0,0.0,0.0,0.0,0.0,0.0,0,0,0,0
661,Hugo,Ekitiké,Ekitiké,a,,,8.9,7,3.0,26.4,13,4.0,1.7,228.0,28.0,1,0,0.0,4,-4.0,8115,34553,0.2,9.8,2.2,2.2,4.3,55.0,5.0,100.0,100.0,89.0,8.0,133.0,7.0,11.0,7.0,38.0,8.0,,,,,,,,0.46,0.12,0.58,1.32,0.0,0.36,1.22,1.01,4.04,23,1,31,0,0,0,1,0,0,0,0,0,0,0,0,1,31293,71202,0.0,0.0,0.030000000000000027,0.02999999999999936,1.6699999999999982,0.0,0.0,0.0,0.0,0,1,1,2
686,Rio,Ngumoha,Ngumoha,a,,,4.3,611,357.0,0.7,216,74.0,0.5,320.0,146.0,1,0,0.0,-2,2.0,453,570,0.1,3.0,1.0,1.0,1.6,373.0,166.0,,,384.0,170.0,298.0,169.0,323.0,169.0,368.0,172.0,,,,,,,,0.44,0.41,0.85,3.24,0.0,0.0,3.55,0.0,3.55,23,1,16,0,0,0,1,0,0,0,0,0,0,0,0,5,1064,1307,0.0,0.0,0.02999999999999997,0.030000000000000027,1.1500000000000001,0.0,0.0,0.0,0.0,0,0,0,0
692,Giovanni,Leoni,Leoni,i,Knee injury - Expected back 01 Sep,,4.9,345,57.0,0.0,698,240.0,0.0,727.0,252.0,0,0,0.0,-1,1.0,3,0,0.0,0.0,0.0,0.0,0.0,760.0,257.0,0.0,0.0,759.0,257.0,755.0,257.0,747.0,256.0,759.0,257.0,,,,,,,,0.0,0.0,0.0,0.0,0.0,0.0,0.0,0.0,0.0,23,0,0,0,0,0,0,0,0,0,0,0,0,0,0,0,6,4,0.0,0.0,0.0,0.0,0.0,0.0,0.0,0.0,0.0,0,0,0,0
746,Kieran,Morrison,Morrison,a,,,4.5,482,297.0,0.0,733,313.0,0.0,667.0,266.0,0,0,0.0,0,0.0,3,3,0.0,0.0,0.5,0.5,0.0,717.0,299.0,,,715.0,297.0,710.0,297.0,693.0,292.0,715.0,297.0,,,,,,,,0.0,0.0,0.0,0.0,0.0,0.0,0.0,0.0,0.0,23,0,0,0,0,0,0,0,0,0,0,0,0,0,0,0,11,8,0.0,0.0,0.0,0.0,0.0,0.0,0.0,0.0,0.0,0,0,0,0
760,Wellity,Lucky,Lucky,a,,,4.0,691,182.0,0.0,714,245.0,0.0,511.0,200.0,0,0,0.0,0,0.0,11,13,0.0,0.0,0.5,0.5,0.0,588.0,220.0,,,576.0,219.0,571.0,220.0,536.0,213.0,579.0,219.0,,,,,,,,0.0,0.0,0.0,0.0,0.0,0.0,0.0,0.0,0.0,23,0,0,0,0,0,0,0,0,0,0,0,0,0,0,0,19,19,0.0,0.0,0.0,0.0,0.0,0.0,0.0,0.0,0.0,0,0,0,0
82,Antoine,Semenyo,Semenyo,a,,,7.7,19,14.0,47.1,2,1.0,5.2,17.0,8.0,8,0,0.0,7,-7.0,65510,8131,0.7,16.9,5.7,5.7,5.9,7.0,4.0,100.0,100.0,10.0,3.0,36.0,35.0,3.0,1.0,4.0,2.0,,,,,,,,0.32,0.09,0.41,1.52,0.0,0.27,1.82,1.0,7.64,23,8,90,1,0,1,0,0,0,0,0,0,0,1,0,24,166963,34162,0.0,0.2999999999999998,0.020000000000000018,0.3199999999999985,0.5900000000000034,36.799999999999955,3.0,38.0,7.800000000000011,0,3,2,5
182,James,Trafford,Trafford,a,,,4.5,421,23.0,0.9,189,24.0,0.0,623.0,87.0,0,0,0.0,-5,5.0,16,134,0.0,2.4,0.5,0.5,3.7,99.0,8.0,,,317.0,25.0,667.0,83.0,646.0,71.0,394.0,26.0,,,,,,,,0.0,0.0,0.0,1.32,3.67,0.33,1.33,1.0,0.0,23,0,0,0,0,0,0,0,0,0,0,0,0,0,0,0,26,318,0.0,0.0,0.0,0.0,0.0,0.0,0.0,0.0,0.0,0,0,0,0
260,Marc,Guéhi,Guéhi,a,,,5.2,206,28.0,37.5,4,1.0,3.0,110.0,38.0,6,0,0.0,7,-7.0,16652,16964,0.6,21.3,3.5,3.5,5.3,10.0,3.0,100.0,100.0,25.0,10.0,158.0,39.0,72.0,5.0,59.0,9.0,,,,,,,,0.1,0.08,0.18,1.34,0.0,0.38,1.1,1.0,8.05,23,6,90,0,0,1,0,0,0,0,0,0,0,1,0,29,56802,68438,0.0,0.08000000000000007,0.18999999999999995,0.27,0.5899999999999999,25.80000000000001,16.5,21.0,6.299999999999997,0,5,4,5
399,Ederson,Santana de Moraes,Ederson M.,u,has joined Fenerbache permanently.,,5.3,183,5.0,0.8,198,25.0,0.0,755.0,91.0,0,0,0.0,-2,2.0,0,39,0.0,0.0,0.0,0.0,0.0,776.0,91.0,0.0,0.0,776.0,91.0,775.0,90.0,770.0,87.0,776.0,91.0,,,,,,,,0.0,0.0,0.0,0.0,0.0,0.0,0.0,0.0,0.0,23,0,0,0,0,0,0,0,0,0,0,0,0,0,0,0,0,82,0.0,0.0,0.0,0.0,0.0,0.0,0.0,0.0,0.0,0,0,0,0
400,Stefan,Ortega Moreno,Ortega Moreno,a,,,4.7,373,16.0,0.2,402,61.0,0.0,687.0,88.0,0,0,0.0,-3,3.0,5,21,0.0,0.0,0.5,0.5,0.0,735.0,89.0,,,734.0,89.0,729.0,85.0,715.0,76.0,734.0,89.0,,,,,,,,0.0,0.0,0.0,0.0,0.0,0.0,0.0,0.0,0.0,23,0,0,0,0,0,0,0,0,0,0,0,0,0,0,0,8,60,0.0,0.0,0.0,0.0,0.0,0.0,0.0,0.0,0.0,0,0,0,0
401,Marcus,Bettinelli,Bettinelli,a,,,3.8,772,90.0,0.2,395,59.0,0.0,413.0,26.0,0,0,0.0,-2,2.0,490,218,0.0,0.0,0.5,0.5,0.0,495.0,31.0,100.0,100.0,483.0,31.0,473.0,17.0,435.0,2.0,486.0,31.0,,,,,,,,0.0,0.0,0.0,0.0,0.0,0.0,0.0,0.0,0.0,23,0,0,0,0,0,0,0,0,0,0,0,0,0,0,0,1196,641,0.0,0.0,0.0,0.0,0.0,0.0,0.0,0.0,0.0,0,0,0,0
402,Rayan,Aït-Nouri,Aït-Nouri,a,,,5.7,121,12.0,3.8,91,33.0,0.2,406.0,146.0,0,0,0.0,-3,3.0,130,448,0.0,2.3,0.7,0.7,2.2,300.0,111.0,100.0,100.0,388.0,147.0,335.0,114.0,377.0,136.0,397.0,142.0,,,,,,,,0.02,0.21,0.23,1.31,0.0,0.42,0.84,1.26,9.67,23,0,0,0,0,0,0,0,0,0,0,0,0,0,0,0,1199,909,0.0,0.0,0.0,0.0,0.0,0.0,0.0,0.0,0.0,0,0,0,0
403,Joško,Gvardiol,Gvardiol,i,Leg injury - Unknown return date,,5.9,101,6.0,4.2,84,28.0,1.7,225.0,84.0,0,-1,1.0,-1,1.0,17,6461,0.3,13.1,0.0,0.0,4.8,25.0,13.0,0.0,0.0,91.0,41.0,213.0,56.0,104.0,15.0,124.0,40.0,,,,,,,,0.15,0.04,0.19,1.06,0.0,0.42,0.9,1.04,6.85,23,0,0,0,0,0,0,0,0,0,0,0,0,0,0,0,31,20491,0.0,0.0,0.0,0.0,0.0,0.0,0.0,0.0,0.0,0,0,0,0
404,Manuel,Akanji,Akanji,u,has joined Inter Milan on loan for the rest of the season.,,5.4,166,19.0,0.3,332,123.0,0.0,766.0,259.0,0,0,0.0,-1,1.0,0,4,0.0,0.0,0.0,0.0,0.0,780.0,261.0,0.0,0.0,780.0,261.0,779.0,261.0,775.0,260.0,780.0,261.0,,,,,,,,0.0,0.0,0.0,0.0,0.0,0.0,0.0,0.0,0.0,23,0,0,0,0,0,0,0,0,0,0,0,0,0,0,0,0,12,0.0,0.0,0.0,0.0,0.0,0.0,0.0,0.0,0.0,0,0,0,0
405,Nathan,Aké,Aké,a,,,5.3,184,24.0,0.6,225,84.0,2.2,183.0,72.0,0,0,0.0,-2,2.0,104,457,0.4,4.7,2.7,2.7,2.1,313.0,118.0,,,326.0,127.0,248.0,73.0,344.0,114.0,338.0,116.0,,,,,,,,0.05,0.08,0.13,1.46,0.0,0.37,1.3,0.74,6.51,23,0,0,0,0,0,0,0,0,0,0,0,0,0,0,0,916,948,0.0,0.0,0.0,0.0,0.0,0.0,0.0,0.0,0.0,0,0,0,0
406,Abdukodir,Khusanov,Khusanov,a,,,5.4,181,22.0,0.4,281,105.0,2.0,198.0,74.0,6,0,0.0,-1,1.0,254,256,0.4,4.4,2.5,2.5,2.7,230.0,88.0,100.0,100.0,303.0,114.0,351.0,123.0,782.0,262.0,366.0,131.0,,,,,,,,0.0,0.01,0.01,1.38,0.0,0.32,0.81,0.97,8.53,23,6,90,0,0,1,0,0,0,0,0,0,0,1,0,27,1989,671,0.0,0.0,0.01999999999999999,0.01999999999999999,0.5899999999999999,15.800000000000011,11.799999999999997,0.0,2.8000000000000007,2,4,2,6
407,Matheus,Nunes,Matheus N.,a,,,5.4,171,21.0,3.2,101,39.0,4.8,22.0,9.0,11,-1,1.0,-1,1.0,2132,6937,0.9,19.4,5.3,4.0,5.2,11.0,4.0,100.0,75.0,49.0,23.0,84.0,21.0,288.0,88.0,92.0,24.0,,,4.0,,,,,0.01,0.07,0.08,1.05,0.0,0.43,0.86,0.97,7.24,23,11,90,0,1,1,0,0,0,0,1,0,0,1,3,36,2375,44083,0.0,0.0,0.15000000000000013,0.15000000000000013,0.5899999999999999,25.399999999999977,19.49999999999997,2.0,4.700000000000003,1,2,2,3
408,Rúben,dos Santos Gato Alves Dias,Rúben,i,Hamstring injury - Expected back 11 Feb,,5.6,127,13.0,3.7,92,34.0,2.3,171.0,64.0,0,0,0.0,1,-1.0,8,5357,0.4,17.0,0.0,0.0,4.8,23.0,11.0,0.0,0.0,44.0,21.0,230.0,64.0,219.0,57.0,129.0,42.0,,,,,,,,0.03,0.03,0.06,1.04,0.0,0.53,0.84,1.0,6.97,23,0,0,0,0,0,0,0,0,0,0,0,0,0,0,0,22,16621,0.0,0.0,0.0,0.0,0.0,0.0,0.0,0.0,0.0,0,0,0,0
409,John,Stones,Stones,i,Thigh injury - Unknown return date,,5.4,156,17.0,0.6,240,90.0,0.0,763.0,258.0,0,0,0.0,-1,1.0,5,74,0.0,2.2,0.0,0.0,1.7,367.0,137.0,0.0,0.0,348.0,131.0,378.0,137.0,430.0,159.0,395.0,141.0,,,,,,,,0.0,0.02,0.02,1.29,0.0,0.26,2.05,1.03,4.87,23,0,0,0,0,0,0,0,0,0,0,0,0,0,0,0,7,138,0.0,0.0,0.0,0.0,0.0,0.0,0.0,0.0,0.0,0,0,0,0
410,Rico,Lewis,Lewis,a,,,4.6,393,69.0,1.3,167,64.0,0.2,391.0,144.0,0,0,0.0,-4,4.0,48,377,0.0,4.1,0.7,0.7,1.9,334.0,129.0,100.0,100.0,362.0,138.0,222.0,63.0,304.0,96.0,335.0,114.0,,,,,,,,0.03,0.38,0.41,1.46,0.0,0.29,1.45,0.87,5.5,23,0,0,0,0,0,0,0,0,0,0,0,0,0,0,0,494,912,0.0,0.0,0.0,0.0,0.0,0.0,0.0,0.0,0.0,0,0,0,0
411,Nico,O'Reilly,O'Reilly,a,,,5.1,235,36.0,6.8,58,19.0,1.7,222.0,83.0,6,0,0.0,1,-1.0,549,15140,0.3,16.5,2.2,2.2,3.8,86.0,34.0,100.0,100.0,90.0,40.0,75.0,17.0,94.0,10.0,73.0,17.0,,,,,,,,0.12,0.08,0.2,1.19,0.0,0.5,0.84,0.95,6.82,23,6,90,0,0,1,0,0,0,0,0,0,0,1,0,23,4402,64583,0.0,0.029999999999999805,0.07000000000000006,0.10000000000000009,0.5899999999999999,15.800000000000011,17.899999999999977,3.0,3.700000000000003,2,7,1,9
412,Vitor,de Oliveira Nunes dos Reis,Vitor Reis,u,Has joined Girona on loan for the rest of the season.,,5.0,280,44.0,0.0,755,256.0,0.0,745.0,255.0,0,0,0.0,0,0.0,0,0,0.0,0.0,0.0,0.0,0.0,773.0,259.0,0.0,0.0,773.0,259.0,771.0,259.0,765.0,258.0,773.0,259.0,,,,,,,,0.0,0.0,0.0,0.0,0.0,0.0,0.0,0.0,0.0,23,0,0,0,0,0,0,0,0,0,0,0,0,0,0,0,0,0,0.0,0.0,0.0,0.0,0.0,0.0,0.0,0.0,0.0,0,0,0,0
413,Omar,Marmoush,Marmoush,a,,,8.3,12,7.0,2.4,117,38.0,1.7,227.0,98.0,10,0,0.0,-2,2.0,2914,379,0.2,3.1,2.2,2.2,2.4,272.0,117.0,100.0,100.0,342.0,151.0,299.0,170.0,170.0,99.0,311.0,149.0,,1.0,2.0,,,,,0.53,0.18,0.71,0.86,0.0,0.32,0.97,0.97,6.5,23,10,73,1,0,1,0,0,0,0,0,0,0,1,2,31,5292,637,0.0,0.3899999999999999,0.10000000000000003,0.4900000000000002,0.16999999999999993,38.6,18.799999999999997,31.0,8.8,3,0,1,4
414,Phil,Foden,Foden,a,,,8.5,11,6.0,22.7,15,5.0,1.8,211.0,92.0,1,-1,1.0,5,-5.0,598,153126,0.2,12.0,2.3,2.3,4.9,21.0,10.0,100.0,100.0,46.0,11.0,2.0,2.0,34.0,20.0,7.0,5.0,1.0,3.0,,,,,,0.27,0.19,0.46,1.1,0.0,0.49,0.77,1.04,6.53,23,1,29,0,0,0,0,0,0,0,0,0,0,0,0,3,6524,349469,0.0,0.0,0.04999999999999982,0.05000000000000071,0.5,7.399999999999977,25.799999999999955,0.0,3.3000000000000114,2,0,2,4
415,Sávio,Moreira de Oliveira,Savinho,i,Thigh injury - Expected back 21 Feb,,6.9,43,25.0,0.4,265,91.0,0.3,366.0,165.0,0,0,0.0,-1,1.0,5,96,0.0,3.8,0.0,0.0,1.7,370.0,164.0,0.0,0.0,349.0,156.0,170.0,115.0,85.0,51.0,227.0,112.0,,,,,,,,0.22,0.2,0.42,1.08,0.0,0.34,0.85,0.85,7.46,23,0,0,0,0,0,0,0,0,0,0,0,0,0,0,0,11,189,0.0,0.0,0.0,0.0,0.0,0.0,0.0,0.0,0.0,0,0,0,0
416,Bernardo,Mota Veiga de Carvalho e Silva,Bernardo,a,,,6.2,73,47.0,0.5,249,83.0,2.7,142.0,61.0,6,0,0.0,-3,3.0,141,183,0.4,8.7,3.2,3.2,2.3,283.0,124.0,,,192.0,83.0,40.0,37.0,204.0,113.0,108.0,58.0,5.0,,,,,,,0.04,0.1,0.14,1.16,0.0,0.43,0.92,1.03,7.8,23,6,90,0,1,1,0,0,0,0,0,0,0,1,0,23,557,565,0.0,0.0,0.06000000000000005,0.06000000000000005,0.5899999999999999,37.19999999999999,32.0,0.0,6.899999999999999,2,3,5,10
417,Rayan,Cherki,Cherki,a,,,6.7,48,30.0,12.9,33,12.0,4.5,28.0,12.0,3,0,0.0,2,-2.0,2758,39074,0.7,11.9,5.0,5.0,4.4,47.0,21.0,100.0,100.0,95.0,31.0,13.0,13.0,56.0,35.0,26.0,22.0,2.0,4.0,,,,,,0.17,0.53,0.7,1.22,0.0,0.47,0.85,1.04,8.61,23,3,72,0,0,1,0,0,0,0,0,0,0,1,0,8,15385,92996,0.0,0.10000000000000009,0.03000000000000025,0.13000000000000078,0.16999999999999993,1.6000000000000227,18.40000000000009,17.0,3.6999999999999886,1,2,4,7
418,Jérémy,Doku,Doku,a,,,6.4,59,37.0,3.0,107,32.0,2.2,191.0,79.0,1,0,0.0,-1,1.0,663,3194,0.3,11.2,2.7,2.7,3.6,119.0,55.0,100.0,100.0,136.0,48.0,9.0,9.0,30.0,17.0,20.0,17.0,,,3.0,,,,,0.14,0.32,0.46,1.19,0.0,0.38,0.99,0.99,6.03,23,1,16,0,0,0,0,0,0,0,0,0,0,0,0,3,5954,5882,0.0,0.0,0.0,0.0,0.41999999999999993,1.6000000000000227,0.20000000000004547,0.0,0.20000000000000284,0,0,1,1
420,İlkay,Gündoğan,Gündoğan,u,has joined Galatasaray permanently.,,6.3,64,42.0,0.1,541,194.0,0.0,790.0,355.0,0,0,0.0,-2,2.0,0,1,0.0,0.0,0.0,0.0,0.0,794.0,356.0,0.0,0.0,794.0,356.0,794.0,356.0,794.0,356.0,794.0,356.0,,,,,,,,0.0,0.0,0.0,0.0,0.0,0.0,0.0,0.0,0.0,23,0,0,0,0,0,0,0,0,0,0,0,0,0,0,0,0,2,0.0,0.0,0.0,0.0,0.0,0.0,0.0,0.0,0.0,0,0,0,0
423,Nico,González Iglesias,N.Gonzalez,d,Knock - 50% chance of playing,,5.9,98,64.0,0.1,463,158.0,1.5,238.0,102.0,0,0,0.0,-1,1.0,2,102,0.3,9.3,1.0,0.5,2.9,206.0,89.0,50.0,25.0,164.0,62.0,132.0,95.0,268.0,144.0,189.0,101.0,,,,,,,,0.04,0.06,0.1,1.06,0.0,0.47,0.88,1.01,11.63,23,0,0,0,0,0,0,0,0,0,0,0,0,0,0,0,4,238,0.0,0.0,0.0,0.0,0.0,0.0,0.0,0.0,0.0,0,0,0,0
424,Oscar,Bobb,Bobb,i,Hamstring injury - Unknown return date,,5.1,236,145.0,0.2,379,131.0,0.0,751.0,329.0,0,0,0.0,-4,4.0,2,28,0.0,3.5,0.0,0.0,2.0,324.0,144.0,0.0,0.0,358.0,159.0,156.0,106.0,228.0,124.0,286.0,139.0,,,,,,,,0.08,0.22,0.3,0.99,0.0,0.39,0.97,0.97,5.62,23,0,0,0,0,0,0,0,0,0,0,0,0,0,0,0,3,59,0.0,0.0,0.0,0.0,0.0,0.0,0.0,0.0,0.0,0,0,0,0
425,Claudio,Echeverri,Echeverri,u,has joined Girona on loan for the rest of the season.,,5.4,180,113.0,0.0,722,308.0,0.0,774.0,343.0,0,0,0.0,-1,1.0,0,0,0.0,0.0,0.0,0.0,0.0,786.0,349.0,0.0,0.0,786.0,349.0,785.0,349.0,781.0,348.0,786.0,349.0,,,,,,,,0.0,0.0,0.0,0.0,0.0,0.0,0.0,0.0,0.0,23,0,0,0,0,0,0,0,0,0,0,0,0,0,0,0,0,0,0.0,0.0,0.0,0.0,0.0,0.0,0.0,0.0,0.0,0,0,0,0
427,Tijjani,Reijnders,Reijnders,a,,,5.2,210,132.0,11.6,39,15.0,4.2,37.0,16.0,3,0,0.0,-3,3.0,1056,8561,0.8,15.8,4.7,4.7,3.7,104.0,48.0,,,117.0,41.0,59.0,47.0,32.0,19.0,46.0,32.0,3.0,,,,,,,0.23,0.12,0.35,1.03,0.0,0.45,0.96,1.09,5.33,23,3,60,0,0,1,0,0,0,0,0,0,0,1,0,4,4334,25551,0.0,0.020000000000000018,0.040000000000000036,0.0600000000000005,0.08999999999999808,0.0,5.300000000000011,9.0,1.1999999999999886,0,0,2,2
428,Sverre,Nypan,Nypan,u,Has joined Middlesbrough on loan for the rest of the season.,,5.0,276,170.0,0.0,708,301.0,0.0,742.0,321.0,0,0,0.0,0,0.0,0,0,0.0,0.0,0.0,0.0,0.0,770.0,338.0,0.0,0.0,769.0,337.0,767.0,337.0,761.0,335.0,769.0,337.0,,,,,,,,0.0,0.0,0.0,0.0,0.0,0.0,0.0,0.0,0.0,23,0,0,0,0,0,0,0,0,0,0,0,0,0,0,0,0,0,0.0,0.0,0.0,0.0,0.0,0.0,0.0,0.0,0.0,0,0,0,0
429,Kalvin,Phillips,Phillips,a,,,4.8,348,219.0,0.1,534,189.0,0.0,694.0,287.0,0,0,0.0,-2,2.0,8,19,0.0,0.0,0.5,0.5,0.0,738.0,315.0,,,737.0,314.0,732.0,314.0,719.0,310.0,737.0,314.0,,,,,,,,0.0,0.0,0.0,0.0,0.0,0.0,0.0,0.0,0.0,23,0,0,0,0,0,0,0,0,0,0,0,0,0,0,0,13,32,0.0,0.0,0.0,0.0,0.0,0.0,0.0,0.0,0.0,0,0,0,0
430,Erling,Haaland,Haaland,a,,,15.1,1,1.0,73.7,1,1.0,2.5,160.0,16.0,1,0,0.0,11,-11.0,1316,29496,0.2,11.0,3.0,3.0,7.2,2.0,1.0,100.0,100.0,1.0,1.0,157.0,13.0,1.0,1.0,1.0,1.0,,,1.0,,,,,0.87,0.06,0.93,1.18,0.0,0.47,0.94,1.03,3.38,23,1,17,0,0,0,0,0,0,0,0,0,0,0,0,3,8264,44199,0.0,0.0,0.0,0.0,0.41999999999999815,0.0,0.0,0.0,0.0,0,0,0,0
736,Gianluigi,Donnarumma,Donnarumma,a,,,5.7,115,2.0,9.6,45,7.0,3.7,64.0,5.0,8,0,0.0,2,-2.0,1872,9393,0.6,13.9,4.2,4.2,4.0,72.0,6.0,,,73.0,14.0,790.0,91.0,788.0,90.0,250.0,14.0,,,,,,,,0.0,0.0,0.0,1.11,2.2,0.45,0.85,1.0,0.0,23,8,90,0,0,1,0,0,0,0,0,0,1,1,2,31,8897,20719,0.0,0.0,0.0,0.0,0.5899999999999999,15.600000000000023,0.0,0.0,1.6000000000000014,0,2,10,0
739,Divine,Mukasa,Mukasa,a,,,4.4,555,333.0,0.0,662,272.0,0.2,381.0,171.0,0,0,0.0,-1,1.0,7,14,0.0,0.5,0.7,0.7,1.0,448.0,202.0,,,454.0,208.0,357.0,186.0,409.0,202.0,436.0,198.0,,,,,,,,0.0,0.76,0.76,1.22,0.0,0.0,0.0,0.0,3.6,23,0,0,0,0,0,0,0,0,0,0,0,0,0,0,0,26,37,0.0,0.0,0.0,0.0,0.0,0.0,0.0,0.0,0.0,0,0,0,0
740,Stephen,Mfuni,Mfuni,a,,,3.9,761,224.0,0.0,603,216.0,0.0,467.0,177.0,0,0,0.0,-1,1.0,6,15,0.0,0.0,0.5,0.5,0.0,545.0,198.0,,,533.0,197.0,526.0,198.0,489.0,189.0,536.0,197.0,,,,,,,,0.0,0.0,0.0,0.0,0.0,0.0,0.0,0.0,0.0,23,0,0,0,0,0,0,0,0,0,0,0,0,0,0,0,14,48,0.0,0.0,0.0,0.0,0.0,0.0,0.0,0.0,0.0,0,0,0,0
742,Ryan,McAidoo,McAidoo,a,,,4.5,493,306.0,0.0,719,307.0,0.0,676.0,274.0,0,0,0.0,0,0.0,2,7,0.0,0.0,0.5,0.5,0.0,725.0,306.0,,,724.0,305.0,719.0,305.0,702.0,300.0,724.0,305.0,,,,,,,,0.0,0.0,0.0,0.0,0.0,0.0,0.0,0.0,0.0,23,0,0,0,0,0,0,0,0,0,0,0,0,0,0,0,4,14,0.0,0.0,0.0,0.0,0.0,0.0,0.0,0.0,0.0,0,0,0,0
794,Max,Alleyne,Alleyne,a,,,4.4,537,117.0,0.0,668,232.0,1.7,217.0,80.0,0,-1,1.0,-1,1.0,9,196,0.4,1.1,2.2,2.2,2.5,254.0,100.0,,,403.0,153.0,383.0,140.0,339.0,111.0,411.0,148.0,,,,,,,,0.17,0.04,0.21,1.03,0.0,0.0,0.67,1.33,7.33,23,0,0,0,0,0,0,0,0,0,0,0,0,0,0,0,77,388,0.0,0.0,0.0,0.0,0.0,0.0,0.0,0.0,0.0,0,0,0,0
119,Bryan,Mbeumo,Mbeumo,a,,,8.2,14,9.0,11.7,38,14.0,1.5,241.0,104.0,0,0,0.0,2,-2.0,38659,1401,0.2,10.1,1.5,0.5,4.9,20.0,9.0,100.0,100.0,69.0,21.0,17.0,16.0,8.0,2.0,9.0,7.0,2.0,2.0,,,,,,0.38,0.21,0.59,1.29,0.0,0.18,1.53,1.04,4.64,23,0,0,0,0,0,0,0,0,0,0,0,0,0,0,0,85198,4410,0.0,0.0,0.0,0.0,0.0,0.0,0.0,0.0,0.0,0,0,0,0
435,Dermot,Mee,Mee,a,,,3.9,743,78.0,0.1,468,72.0,0.0,452.0,42.0,0,0,0.0,-1,1.0,7,15,0.0,0.0,0.0,-1.0,0.0,530.0,47.0,,,518.0,47.0,511.0,34.0,474.0,19.0,521.0,47.0,,,,,,,,0.0,0.0,0.0,0.0,0.0,0.0,0.0,0.0,0.0,23,0,0,0,0,0,0,0,0,0,0,0,0,0,0,0,18,91,0.0,0.0,0.0,0.0,0.0,0.0,0.0,0.0,0.0,0,0,0,0
436,Matthijs,de Ligt,De Ligt,i,Back injury - Expected back 10 Feb,,4.9,303,49.0,2.0,132,52.0,0.0,708.0,250.0,0,0,0.0,-1,1.0,15,408,0.0,8.8,0.0,0.0,3.3,142.0,56.0,0.0,0.0,157.0,65.0,292.0,96.0,172.0,34.0,214.0,72.0,,,,,,,,0.11,0.06,0.17,1.44,0.0,0.08,1.54,1.0,8.23,23,0,0,0,0,0,0,0,0,0,0,0,0,0,0,0,19,798,0.0,0.0,0.0,0.0,0.0,0.0,0.0,0.0,0.0,0,0,0,0
437,Lisandro,Martínez,Martinez,a,,,4.8,359,62.0,0.6,233,86.0,4.2,35.0,12.0,0,0,0.0,-2,2.0,1302,305,0.9,6.2,4.2,3.2,3.0,187.0,73.0,100.0,100.0,274.0,106.0,308.0,102.0,391.0,146.0,341.0,118.0,,,,,,,,0.01,0.03,0.04,0.76,0.0,0.33,0.99,0.83,8.11,23,0,0,0,0,0,0,0,0,0,0,0,0,0,0,0,3077,1102,0.0,0.0,0.0,0.0,0.0,0.0,0.0,0.0,0.0,0,0,0,0
438,Noussair,Mazraoui,Mazraoui,a,,,4.9,312,52.0,0.2,385,140.0,0.0,711.0,251.0,0,0,0.0,-1,1.0,205,25,0.0,3.5,0.0,-1.0,1.9,335.0,130.0,100.0,100.0,309.0,118.0,310.0,103.0,371.0,132.0,357.0,126.0,,,,,,,,0.0,0.05,0.05,0.81,0.0,0.21,1.03,1.23,8.61,23,0,0,0,0,0,0,0,0,0,0,0,0,0,0,0,345,53,0.0,0.0,0.0,0.0,0.0,0.0,0.0,0.0,0.0,0,0,0,0
439,Diego,León Blanco,D.Leon,a,,,4.2,642,156.0,0.1,557,202.0,0.0,555.0,230.0,0,0,0.0,-3,3.0,3,10,0.0,0.0,0.0,-1.0,0.0,620.0,243.0,,,609.0,243.0,606.0,243.0,576.0,240.0,613.0,244.0,,,,,,,,0.0,0.0,0.0,0.0,0.0,0.0,0.0,0.0,0.0,23,0,0,0,0,0,0,0,0,0,0,0,0,0,0,0,4,29,0.0,0.0,0.0,0.0,0.0,0.0,0.0,0.0,0.0,0,0,0,0
440,Diogo,Dalot Teixeira,Dalot,a,,,4.5,413,80.0,3.5,95,35.0,3.8,50.0,21.0,0,0,0.0,0,0.0,919,2761,0.8,15.6,3.8,2.8,3.5,120.0,43.0,100.0,100.0,121.0,52.0,74.0,16.0,186.0,43.0,105.0,32.0,,,,,,,,0.07,0.09,0.16,1.29,0.0,0.24,1.57,1.02,6.39,23,0,0,0,0,0,0,0,0,0,0,0,0,0,0,0,1960,11486,0.0,0.0,0.0,0.0,0.0,0.0,0.0,0.0,0.0,0,0,0,0
441,Patrick,Dorgu,Dorgu,a,,,4.3,608,141.0,8.8,47,15.0,6.7,1.0,1.0,0,0,0.0,-2,2.0,20511,1846,1.6,15.3,6.7,5.7,3.1,163.0,65.0,,,87.0,39.0,43.0,4.0,69.0,3.0,51.0,6.0,,,,,,,,0.13,0.1,0.23,1.3,0.0,0.22,1.37,0.94,6.56,23,0,0,0,0,0,0,0,0,0,0,0,0,0,0,0,56010,6384,0.0,0.0,0.0,0.0,0.0,0.0,0.0,0.0,0.0,0,0,0,0
442,Harry,Maguire,Maguire,a,,,4.3,562,120.0,0.5,244,92.0,1.0,280.0,103.0,0,0,0.0,-2,2.0,582,95,0.2,9.1,1.0,0.0,4.3,48.0,21.0,100.0,100.0,318.0,123.0,382.0,139.0,294.0,92.0,358.0,127.0,,,,,,,,0.1,0.0,0.1,1.49,0.0,0.63,0.84,1.04,6.26,23,0,0,0,0,0,0,0,0,0,0,0,0,0,0,0,1462,288,0.0,0.0,0.0,0.0,0.0,0.0,0.0,0.0,0.0,0,0,0,0
443,Luke,Shaw,Shaw,a,,,4.5,403,74.0,0.6,235,87.0,2.5,147.0,57.0,0,0,0.0,0,0.0,228,255,0.6,11.6,2.5,1.5,2.4,263.0,104.0,,,109.0,48.0,108.0,27.0,318.0,101.0,152.0,49.0,,,,,,,,0.0,0.06,0.06,1.2,0.0,0.19,1.37,1.04,5.75,23,0,0,0,0,0,0,0,0,0,0,0,0,0,0,0,545,1216,0.0,0.0,0.0,0.0,0.0,0.0,0.0,0.0,0.0,0,0,0,0
444,Leny,Yoro,Yoro,a,,,4.2,637,154.0,1.3,165,63.0,0.8,291.0,107.0,0,0,0.0,-3,3.0,108,304,0.2,8.3,0.8,-0.2,1.7,361.0,135.0,,,226.0,92.0,285.0,92.0,251.0,69.0,275.0,90.0,,,,,,,,0.05,0.02,0.07,1.37,0.0,0.08,1.91,0.95,7.47,23,0,0,0,0,0,0,0,0,0,0,0,0,0,0,0,251,934,0.0,0.0,0.0,0.0,0.0,0.0,0.0,0.0,0.0,0,0,0,0
445,Harry,Amass,Amass,u,has joined Sheffield Wednesday on loan for the rest of the season.,,4.0,701,191.0,0.1,525,191.0,0.0,520.0,208.0,0,0,0.0,0,0.0,0,4,0.0,0.0,0.0,0.0,0.0,596.0,227.0,0.0,0.0,584.0,226.0,579.0,227.0,545.0,221.0,587.0,226.0,,,,,,,,0.0,0.0,0.0,0.0,0.0,0.0,0.0,0.0,0.0,23,0,0,0,0,0,0,0,0,0,0,0,0,0,0,0,0,7,0.0,0.0,0.0,0.0,0.0,0.0,0.0,0.0,0.0,0,0,0,0
446,Tyler,Fredricson,Fredricson,a,,,3.8,793,254.0,0.1,423,157.0,0.2,370.0,137.0,0,0,0.0,-2,2.0,20,21,0.1,0.3,0.2,-0.8,1.0,431.0,157.0,,,455.0,165.0,488.0,187.0,450.0,177.0,468.0,166.0,,,,,,,,0.0,0.0,0.0,13.5,0.0,0.0,0.0,0.0,90.0,23,0,0,0,0,0,0,0,0,0,0,0,0,0,0,0,33,76,0.0,0.0,0.0,0.0,0.0,0.0,0.0,0.0,0.0,0,0,0,0
447,Ayden,Heaven,Heaven,a,,,3.9,765,227.0,2.4,115,46.0,2.5,144.0,54.0,0,0,0.0,-1,1.0,202,2051,0.6,6.7,2.5,1.5,2.4,260.0,101.0,100.0,100.0,242.0,100.0,359.0,128.0,337.0,110.0,325.0,110.0,,,,,,,,0.05,0.02,0.07,1.12,0.0,0.14,1.7,1.13,10.05,23,0,0,0,0,0,0,0,0,0,0,0,0,0,0,0,605,6427,0.0,0.0,0.0,0.0,0.0,0.0,0.0,0.0,0.0,0,0,0,0
448,Tyrell,Malacia,Malacia,a,,,3.8,775,236.0,0.4,266,100.0,0.2,368.0,135.0,0,0,0.0,-2,2.0,50,85,0.1,0.3,0.2,-0.8,1.0,430.0,156.0,,,459.0,166.0,475.0,174.0,437.0,164.0,473.0,168.0,,,,,,,,0.0,0.0,0.0,13.5,0.0,0.0,0.0,0.0,90.0,23,0,0,0,0,0,0,0,0,0,0,0,0,0,0,0,131,279,0.0,0.0,0.0,0.0,0.0,0.0,0.0,0.0,0.0,0,0,0,0
449,Bruno,Borges Fernandes,B.Fernandes,a,,,9.4,6,4.0,20.1,19,7.0,2.8,127.0,57.0,0,1,-1.0,4,-4.0,124228,856,0.3,12.3,2.8,1.8,6.1,4.0,1.0,100.0,100.0,5.0,1.0,1.0,1.0,41.0,24.0,2.0,1.0,1.0,1.0,1.0,,,,,0.39,0.31,0.7,1.29,0.0,0.11,1.55,1.05,10.47,23,0,0,0,0,0,0,0,0,0,0,0,0,0,0,0,255949,5238,0.0,0.0,0.0,0.0,0.0,0.0,0.0,0.0,0.0,0,0,0,0
450,Matheus,Santos Carneiro da Cunha,Cunha,a,,,8.0,16,11.0,7.7,53,20.0,3.2,98.0,48.0,0,0,0.0,0,0.0,1792,9705,0.4,8.8,3.2,2.2,3.7,109.0,50.0,100.0,100.0,92.0,28.0,51.0,43.0,20.0,8.0,30.0,25.0,,,,,,,,0.32,0.14,0.46,1.26,0.0,0.19,1.36,1.04,7.51,23,0,0,0,0,0,0,0,0,0,0,0,0,0,0,0,3297,64468,0.0,0.0,0.0,0.0,0.0,0.0,0.0,0.0,0.0,0,0,0,0
451,Marcus,Rashford,Rashford,u,Has joined Barcelona on loan for the rest of the season,,7.0,38,23.0,0.0,684,287.0,0.0,797.0,359.0,0,0,0.0,0,0.0,0,1,0.0,0.0,0.0,0.0,0.0,800.0,359.0,0.0,0.0,800.0,359.0,800.0,359.0,800.0,359.0,800.0,359.0,,,,,,,,0.0,0.0,0.0,0.0,0.0,0.0,0.0,0.0,0.0,23,0,0,0,0,0,0,0,0,0,0,0,0,0,0,0,0,2,0.0,0.0,0.0,0.0,0.0,0.0,0.0,0.0,0.0,0,0,0,0
452,Amad,Diallo,Amad,a,,,6.2,78,51.0,1.3,158,55.0,0.5,336.0,154.0,0,0,0.0,-3,3.0,4443,350,0.1,9.5,0.5,-0.5,3.7,107.0,49.0,100.0,100.0,143.0,50.0,29.0,28.0,44.0,27.0,42.0,30.0,,,,,,,,0.27,0.2,0.47,1.11,0.0,0.21,1.25,1.04,7.94,23,0,0,0,0,0,0,0,0,0,0,0,0,0,0,0,11708,985,0.0,0.0,0.0,0.0,0.0,0.0,0.0,0.0,0.0,0,0,0,0
454,Antony,dos Santos,Antony,u,has joined Real Betis permanently.,,5.9,99,65.0,0.1,552,201.0,0.0,788.0,353.0,0,0,0.0,-1,1.0,0,3,0.0,0.0,0.0,0.0,0.0,793.0,355.0,0.0,0.0,793.0,355.0,793.0,355.0,793.0,355.0,793.0,355.0,,,,,,,,0.0,0.0,0.0,0.0,0.0,0.0,0.0,0.0,0.0,23,0,0,0,0,0,0,0,0,0,0,0,0,0,0,0,0,4,0.0,0.0,0.0,0.0,0.0,0.0,0.0,0.0,0.0,0,0,0,0
455,Mason,Mount,Mount,a,,,5.9,95,61.0,0.4,272,92.0,0.5,335.0,153.0,0,0,0.0,-1,1.0,146,304,0.1,7.8,0.5,-0.5,2.7,232.0,102.0,100.0,100.0,254.0,109.0,119.0,86.0,129.0,75.0,186.0,98.0,3.0,,,,,,,0.17,0.16,0.33,1.14,0.0,0.33,1.55,1.11,6.87,23,0,0,0,0,0,0,0,0,0,0,0,0,0,0,0,278,1176,0.0,0.0,0.0,0.0,0.0,0.0,0.0,0.0,0.0,0,0,0,0
457,Carlos Henrique,Casimiro,Casemiro,a,,,5.5,135,83.0,1.3,166,58.0,3.8,55.0,22.0,0,0,0.0,0,0.0,1413,1269,0.7,16.4,3.8,2.8,4.5,38.0,18.0,100.0,100.0,61.0,16.0,76.0,57.0,58.0,36.0,50.0,35.0,,,,,,,,0.24,0.1,0.34,0.99,0.0,0.33,1.11,1.24,12.1,23,0,0,0,0,0,0,0,0,0,0,0,0,0,0,0,3346,4253,0.0,0.0,0.0,0.0,0.0,0.0,0.0,0.0,0.0,0,0,0,0
458,Kobbie,Mainoo,Mainoo,a,,,4.6,395,245.0,0.5,253,85.0,0.7,310.0,141.0,0,0,0.0,-4,4.0,1060,150,0.2,3.3,0.7,-0.3,1.2,423.0,191.0,100.0,100.0,360.0,160.0,226.0,139.0,335.0,175.0,347.0,166.0,,,,,,,,0.03,0.08,0.11,1.33,0.0,0.28,1.98,0.28,10.47,23,0,0,0,0,0,0,0,0,0,0,0,0,0,0,0,2924,346,0.0,0.0,0.0,0.0,0.0,0.0,0.0,0.0,0.0,0,0,0,0
459,Manuel,Ugarte Ribeiro,Ugarte,a,,,4.7,380,238.0,0.2,396,134.0,2.3,165.0,69.0,0,0,0.0,-3,3.0,57,109,0.5,6.2,2.3,1.3,1.8,348.0,153.0,,,299.0,134.0,288.0,166.0,325.0,171.0,336.0,163.0,,,,,,,,0.04,0.02,0.06,1.66,0.0,0.12,2.22,0.86,14.18,23,0,0,0,0,0,0,0,0,0,0,0,0,0,0,0,129,350,0.0,0.0,0.0,0.0,0.0,0.0,0.0,0.0,0.0,0,0,0,0
460,Toby,Collyer,Collyer,a,,,4.5,438,263.0,0.0,649,265.0,0.0,636.0,241.0,0,0,0.0,0,0.0,5,3,0.0,0.0,0.0,-1.0,0.0,687.0,275.0,100.0,100.0,680.0,269.0,679.0,272.0,659.0,264.0,683.0,271.0,,,,,,,,0.0,0.0,0.0,0.0,0.0,0.0,0.0,0.0,0.0,23,0,0,0,0,0,0,0,0,0,0,0,0,0,0,0,10,4,0.0,0.0,0.0,0.0,0.0,0.0,0.0,0.0,0.0,0,0,0,0
461,Jayce,Fitzgerald,Fitzgerald,a,,,4.3,602,351.0,0.0,607,233.0,0.0,572.0,203.0,0,0,0.0,-2,2.0,8,6,0.0,0.0,0.0,-1.0,0.0,634.0,241.0,,,623.0,231.0,621.0,236.0,593.0,224.0,626.0,233.0,,,,,,,,0.0,0.0,0.0,0.0,0.0,0.0,0.0,0.0,0.0,23,0,0,0,0,0,0,0,0,0,0,0,0,0,0,0,26,29,0.0,0.0,0.0,0.0,0.0,0.0,0.0,0.0,0.0,0,0,0,0
462,Jack,Fletcher,J.Fletcher,a,,,4.3,599,348.0,0.1,488,172.0,0.3,346.0,155.0,0,0,0.0,-2,2.0,21,42,0.1,0.7,0.3,-0.7,1.0,441.0,196.0,,,430.0,193.0,366.0,189.0,406.0,200.0,428.0,192.0,,,,,,,,0.03,0.02,0.05,1.56,0.0,0.0,0.0,0.0,9.25,23,0,0,0,0,0,0,0,0,0,0,0,0,0,0,0,101,199,0.0,0.0,0.0,0.0,0.0,0.0,0.0,0.0,0.0,0,0,0,0
463,Sékou,Koné,Kone,a,,,4.3,612,358.0,0.1,483,169.0,0.0,579.0,208.0,0,0,0.0,-2,2.0,12,27,0.0,0.0,0.0,-1.0,0.0,640.0,246.0,,,629.0,236.0,627.0,241.0,600.0,230.0,632.0,238.0,,,,,,,,0.0,0.0,0.0,0.0,0.0,0.0,0.0,0.0,0.0,23,0,0,0,0,0,0,0,0,0,0,0,0,0,0,0,33,76,0.0,0.0,0.0,0.0,0.0,0.0,0.0,0.0,0.0,0,0,0,0
464,Jack,Moorhouse,Moorhouse,u,has joined Leyton Orient on loan for the rest of the season.,,4.5,463,283.0,0.0,675,280.0,0.0,652.0,256.0,0,0,0.0,0,0.0,0,1,0.0,0.0,0.0,0.0,0.0,702.0,289.0,0.0,0.0,699.0,286.0,695.0,287.0,676.0,280.0,700.0,287.0,,,,,,,,0.0,0.0,0.0,0.0,0.0,0.0,0.0,0.0,0.0,23,0,0,0,0,0,0,0,0,0,0,0,0,0,0,0,0,2,0.0,0.0,0.0,0.0,0.0,0.0,0.0,0.0,0.0,0,0,0,0
465,Rasmus,Højlund,Højlund,u,has joined Napoli on loan for the rest of the season.,,6.3,70,22.0,0.3,335,55.0,0.0,792.0,83.0,0,0,0.0,-2,2.0,0,7,0.0,0.0,0.0,0.0,0.0,795.0,86.0,0.0,0.0,795.0,86.0,795.0,86.0,795.0,86.0,795.0,86.0,,,,,,,,0.0,0.0,0.0,0.0,0.0,0.0,0.0,0.0,0.0,23,0,0,0,0,0,0,0,0,0,0,0,0,0,0,0,0,13,0.0,0.0,0.0,0.0,0.0,0.0,0.0,0.0,0.0,0,0,0,0
681,Benjamin,Sesko,Šeško,a,,,7.2,33,13.0,3.4,97,17.0,3.0,113.0,11.0,0,0,0.0,-3,3.0,1747,1098,0.4,7.6,3.0,2.0,3.2,161.0,15.0,100.0,100.0,191.0,14.0,185.0,16.0,17.0,10.0,75.0,14.0,,,,,,,,0.43,0.02,0.45,1.33,0.0,0.09,1.73,0.95,3.82,23,0,0,0,0,0,0,0,0,0,0,0,0,0,0,0,2559,6081,0.0,0.0,0.0,0.0,0.0,0.0,0.0,0.0,0.0,0,0,0,0
733,Senne,Lammens,Lammens,a,,,5.0,259,9.0,1.8,139,18.0,3.5,68.0,6.0,0,0,0.0,0,0.0,1431,768,0.7,9.4,3.5,2.5,2.9,202.0,18.0,,,137.0,19.0,760.0,88.0,429.0,1.0,290.0,19.0,,,,,,,,0.0,0.0,0.0,1.13,2.12,0.19,1.31,1.0,0.0,23,0,0,0,0,0,0,0,0,0,0,0,0,0,0,0,2251,3516,0.0,0.0,0.0,0.0,0.0,0.0,0.0,0.0,0.0,0,0,0,0
755,Shea,Lacey,Lacey,a,,,4.5,473,290.0,0.0,694,294.0,0.2,387.0,177.0,0,0,0.0,0,0.0,23,23,0.0,0.4,0.2,-0.8,1.0,457.0,210.0,100.0,100.0,456.0,209.0,440.0,214.0,375.0,188.0,455.0,209.0,,,,,,,,0.52,0.0,0.52,0.82,0.0,0.0,0.0,0.0,7.5,23,0,0,0,0,0,0,0,0,0,0,0,0,0,0,0,54,52,0.0,0.0,0.0,0.0,0.0,0.0,0.0,0.0,0.0,0,0,0,0
769,Bendito,Mantato,Bendito Mantato,a,,,4.5,472,289.0,0.0,775,340.0,0.2,386.0,176.0,0,0,0.0,0,0.0,2,2,0.0,0.2,0.2,-0.8,1.0,456.0,209.0,,,465.0,216.0,391.0,195.0,685.0,286.0,457.0,211.0,,,,,,,,0.0,0.06,0.06,0.3,0.0,0.0,0.0,0.0,0.0,23,0,0,0,0,0,0,0,0,0,0,0,0,0,0,0,3,8,0.0,0.0,0.0,0.0,0.0,0.0,0.0,0.0,0.0,0,0,0,0
771,Tyler,Fletcher,Fletcher,a,,,4.5,450,272.0,0.0,752,326.0,0.0,644.0,249.0,0,0,0.0,0,0.0,6,8,0.0,0.0,0.0,-1.0,0.0,695.0,283.0,,,690.0,278.0,687.0,280.0,667.0,272.0,691.0,279.0,,,,,,,,0.0,0.0,0.0,0.0,0.0,0.0,0.0,0.0,0.0,23,0,0,0,0,0,0,0,0,0,0,0,0,0,0,0,13,26,0.0,0.0,0.0,0.0,0.0,0.0,0.0,0.0,0.0,0,0,0,0
788,Godwill,Kukonki,Kukonki,a,,,4.0,700,190.0,0.0,763,260.0,0.0,519.0,207.0,0,0,0.0,0,0.0,3,5,0.0,0.0,0.0,-1.0,0.0,595.0,226.0,,,583.0,225.0,578.0,226.0,544.0,220.0,586.0,225.0,,,,,,,,0.0,0.0,0.0,0.0,0.0,0.0,0.0,0.0,0.0,23,0,0,0,0,0,0,0,0,0,0,0,0,0,0,0,6,18,0.0,0.0,0.0,0.0,0.0,0.0,0.0,0.0,0.0,0,0,0,0
52,Jacob,Ramsey,J.Ramsey,a,,,5.3,191,120.0,0.2,362,120.0,0.8,301.0,135.0,0,0,0.0,-2,2.0,32,36,0.2,2.6,0.3,0.8,1.2,424.0,192.0,100.0,100.0,371.0,164.0,168.0,114.0,267.0,143.0,307.0,147.0,,,,,,,,0.06,0.11,0.17,1.6,0.0,0.0,1.96,0.71,10.87,23,0,0,0,0,0,0,0,0,0,0,0,0,0,0,0,86,115,0.0,0.0,0.0,0.0,0.0,0.0,0.0,0.0,0.0,0,0,0,0
135,Yoane,Wissa,Wissa,a,,,7.3,25,8.0,1.0,186,28.0,1.8,210.0,25.0,0,0,0.0,-2,2.0,1203,1068,0.2,1.8,1.3,1.8,1.6,383.0,43.0,100.0,100.0,395.0,42.0,376.0,47.0,215.0,42.0,363.0,43.0,,,,,,,,0.51,0.12,0.63,1.24,0.0,0.34,1.02,0.68,3.75,23,0,0,0,0,0,0,0,0,0,0,0,0,0,0,0,4413,4345,0.0,0.0,0.0,0.0,0.0,0.0,0.0,0.0,0.0,0,0,0,0
469,Nick,Pope,Pope,a,,,5.1,223,6.0,5.1,75,13.0,2.7,136.0,14.0,0,0,0.0,1,-1.0,538,1702,0.5,13.9,2.2,2.7,4.4,44.0,2.0,100.0,100.0,82.0,15.0,774.0,89.0,768.0,86.0,254.0,15.0,,,,,,,,0.0,0.0,0.0,1.04,2.97,0.44,1.07,1.01,0.0,23,0,0,0,0,0,0,0,0,0,0,0,0,0,0,0,1398,5584,0.0,0.0,0.0,0.0,0.0,0.0,0.0,0.0,0.0,0,0,0,0
471,Mark,Gillespie,Gillespie,a,,,3.9,725,68.0,0.1,425,65.0,0.0,439.0,32.0,0,0,0.0,-1,1.0,9,11,0.0,0.0,-0.5,0.0,0.0,518.0,37.0,,,506.0,37.0,499.0,24.0,462.0,9.0,509.0,37.0,,,,,,,,0.0,0.0,0.0,0.0,0.0,0.0,0.0,0.0,0.0,23,0,0,0,0,0,0,0,0,0,0,0,0,0,0,0,33,32,0.0,0.0,0.0,0.0,0.0,0.0,0.0,0.0,0.0,0,0,0,0
472,Odysseas,Vlachodimos,Odysseas,u,Has joined Sevilla on loan for the rest of the season.,,4.0,653,44.0,0.0,693,80.0,0.0,478.0,58.0,0,0,0.0,0,0.0,0,0,0.0,0.0,0.0,0.0,0.0,556.0,63.0,0.0,0.0,544.0,63.0,538.0,51.0,502.0,36.0,547.0,63.0,,,,,,,,0.0,0.0,0.0,0.0,0.0,0.0,0.0,0.0,0.0,23,0,0,0,0,0,0,0,0,0,0,0,0,0,0,0,0,3,0.0,0.0,0.0,0.0,0.0,0.0,0.0,0.0,0.0,0,0,0,0
473,Lewis,Hall,Hall,a,,,5.3,198,26.0,3.2,100,38.0,4.2,39.0,15.0,0,0,0.0,-2,2.0,2295,3446,0.8,9.6,3.7,4.2,3.4,132.0,53.0,100.0,100.0,160.0,67.0,128.0,30.0,218.0,56.0,163.0,50.0,4.0,,,,,,,0.05,0.14,0.19,1.27,0.0,0.26,1.4,0.96,7.78,23,0,0,0,0,0,0,0,0,0,0,0,0,0,0,0,8870,8794,0.0,0.0,0.0,0.0,0.0,0.0,0.0,0.0,0.0,0,0,0,0
474,Fabian,Schär,Schär,i,Ankle injury - Expected back 18 Apr,,5.3,182,23.0,1.5,155,60.0,2.8,124.0,44.0,0,0,0.0,-2,2.0,12,1746,0.5,9.6,0.0,0.0,3.2,155.0,63.0,0.0,0.0,141.0,61.0,282.0,91.0,194.0,47.0,209.0,70.0,,3.0,4.0,,,,,0.08,0.05,0.13,1.14,0.0,0.33,1.07,0.91,9.5,23,0,0,0,0,0,0,0,0,0,0,0,0,0,0,0,24,5222,0.0,0.0,0.0,0.0,0.0,0.0,0.0,0.0,0.0,0,0,0,0
475,Sven,Botman,Botman,a,,,4.9,309,50.0,0.4,285,108.0,1.5,232.0,88.0,0,0,0.0,-1,1.0,97,63,0.3,8.4,1.0,1.5,3.4,127.0,50.0,100.0,100.0,209.0,86.0,321.0,107.0,283.0,85.0,285.0,96.0,,,,,,,,0.03,0.03,0.06,1.11,0.0,0.46,1.25,1.03,8.32,23,0,0,0,0,0,0,0,0,0,0,0,0,0,0,0,281,230,0.0,0.0,0.0,0.0,0.0,0.0,0.0,0.0,0.0,0,0,0,0
476,Dan,Burn,Burn,d,Lack of match fitness - 75% chance of playing,,5.0,241,38.0,3.2,99,37.0,0.0,728.0,253.0,0,0,0.0,0,0.0,52,840,0.0,13.4,-0.4,0.0,4.5,35.0,16.0,75.0,75.0,163.0,69.0,266.0,82.0,275.0,81.0,239.0,81.0,,,,,,,,0.01,0.02,0.03,0.89,0.0,0.43,1.22,1.08,8.68,23,0,0,0,0,0,0,0,0,0,0,0,0,0,0,0,111,2453,0.0,0.0,0.0,0.0,0.0,0.0,0.0,0.0,0.0,0,0,0,0
477,Tino,Livramento,Livramento,i,Hamstring injury - Unknown return date,,4.9,324,54.0,2.0,127,49.0,0.3,361.0,134.0,0,0,0.0,-1,1.0,9,798,0.1,10.0,0.0,0.0,3.8,83.0,31.0,0.0,0.0,233.0,95.0,135.0,33.0,317.0,100.0,237.0,80.0,,,,,,,,0.01,0.05,0.06,0.94,0.0,0.43,0.86,0.94,4.98,23,0,0,0,0,0,0,0,0,0,0,0,0,0,0,0,18,2381,0.0,0.0,0.0,0.0,0.0,0.0,0.0,0.0,0.0,0,0,0,0
478,Kieran,Trippier,Trippier,a,,,4.9,284,45.0,1.3,164,62.0,1.0,281.0,104.0,0,0,0.0,-1,1.0,140,83,0.2,7.3,0.5,1.0,3.6,112.0,42.0,100.0,100.0,284.0,108.0,83.0,20.0,407.0,152.0,247.0,86.0,2.0,2.0,,,,,,0.01,0.14,0.15,0.89,0.0,0.57,1.14,1.03,3.88,23,0,0,0,0,0,0,0,0,0,0,0,0,0,0,0,589,244,0.0,0.0,0.0,0.0,0.0,0.0,0.0,0.0,0.0,0,0,0,0
479,Emil,Krafth,Krafth,i,Knee injury - Unknown return date,,4.3,565,123.0,0.0,612,220.0,0.0,557.0,232.0,0,0,0.0,-2,2.0,1,4,0.0,0.0,0.0,0.0,0.0,621.0,244.0,0.0,0.0,469.0,168.0,442.0,161.0,578.0,241.0,474.0,169.0,,,,,,,,0.0,0.0,0.0,0.5,0.0,0.0,4.0,2.0,2.0,23,0,0,0,0,0,0,0,0,0,0,0,0,0,0,0,8,7,0.0,0.0,0.0,0.0,0.0,0.0,0.0,0.0,0.0,0,0,0,0
480,Jamaal,Lascelles,Lascelles,d,Lack of match fitness - 25% chance of playing,,4.3,563,121.0,0.1,576,209.0,0.0,556.0,231.0,0,0,0.0,-2,2.0,0,9,0.0,0.2,-0.1,0.0,0.5,489.0,169.0,25.0,25.0,437.0,162.0,607.0,244.0,396.0,149.0,450.0,162.0,,,,,,,,0.19,0.0,0.19,2.61,0.0,0.0,9.47,0.0,23.68,23,0,0,0,0,0,0,0,0,0,0,0,0,0,0,0,0,27,0.0,0.0,0.0,0.0,0.0,0.0,0.0,0.0,0.0,0,0,0,0
481,Alex,Murphy,A.Murphy,a,,,3.8,792,253.0,0.7,217,82.0,0.0,428.0,164.0,0,0,0.0,-2,2.0,115,149,0.0,0.0,-0.5,0.0,0.0,508.0,187.0,,,496.0,186.0,487.0,186.0,449.0,176.0,499.0,186.0,,,,,,,,0.0,0.0,0.0,0.0,0.0,0.0,0.0,0.0,0.0,23,0,0,0,0,0,0,0,0,0,0,0,0,0,0,0,309,383,0.0,0.0,0.0,0.0,0.0,0.0,0.0,0.0,0.0,0,0,0,0
482,Harrison,Ashby,Ashby,u,has joined Bradford City on loan for the rest of the season.,,3.9,740,215.0,0.1,438,161.0,0.0,450.0,172.0,0,0,0.0,-1,1.0,0,23,0.0,0.0,0.0,0.0,0.0,528.0,193.0,0.0,0.0,516.0,192.0,509.0,193.0,472.0,184.0,519.0,192.0,,,,,,,,0.0,0.0,0.0,0.0,0.0,0.0,0.0,0.0,0.0,23,0,0,0,0,0,0,0,0,0,0,0,0,0,0,0,0,62,0.0,0.0,0.0,0.0,0.0,0.0,0.0,0.0,0.0,0,0,0,0
484,Matt,Targett,Targett,u,has joined Middlesbrough on loan for the rest of the season.,,4.0,657,163.0,0.1,413,152.0,0.0,481.0,184.0,0,0,0.0,0,0.0,0,12,0.0,0.0,0.0,0.0,0.0,559.0,205.0,0.0,0.0,547.0,204.0,541.0,205.0,506.0,198.0,550.0,204.0,,,,,,,,0.0,0.0,0.0,0.0,0.0,0.0,0.0,0.0,0.0,23,0,0,0,0,0,0,0,0,0,0,0,0,0,0,0,0,27,0.0,0.0,0.0,0.0,0.0,0.0,0.0,0.0,0.0,0,0,0,0
485,Anthony,Gordon,Gordon,a,,,7.4,23,16.0,4.8,76,26.0,2.2,193.0,81.0,0,0,0.0,-1,1.0,1019,12459,0.3,7.2,1.7,2.2,3.1,179.0,77.0,100.0,100.0,229.0,95.0,71.0,56.0,62.0,39.0,95.0,54.0,,,2.0,,,,,0.36,0.22,0.58,0.99,0.0,0.51,1.44,1.27,4.99,23,0,0,0,0,0,0,0,0,0,0,0,0,0,0,0,5047,37974,0.0,0.0,0.0,0.0,0.0,0.0,0.0,0.0,0.0,0,0,0,0
486,Anthony,Elanga,Elanga,a,,,6.5,53,34.0,2.6,113,36.0,0.2,409.0,191.0,0,0,0.0,-5,5.0,183,194,0.0,4.3,-0.3,0.2,1.6,380.0,171.0,100.0,100.0,339.0,149.0,165.0,111.0,205.0,114.0,274.0,136.0,,,,,,,,0.14,0.07,0.21,1.17,0.0,0.26,1.81,0.9,3.35,23,0,0,0,0,0,0,0,0,0,0,0,0,0,0,0,433,514,0.0,0.0,0.0,0.0,0.0,0.0,0.0,0.0,0.0,0,0,0,0
487,Harvey,Barnes,Barnes,a,,,6.1,80,53.0,1.7,142,48.0,3.7,65.0,25.0,0,0,0.0,-4,4.0,1630,1571,0.6,11.1,3.2,3.7,3.2,159.0,69.0,,,158.0,60.0,91.0,68.0,24.0,11.0,54.0,37.0,,,,,,,,0.38,0.16,0.54,1.01,0.0,0.35,1.05,0.87,4.97,23,0,0,0,0,0,0,0,0,0,0,0,0,0,0,0,8104,4918,0.0,0.0,0.0,0.0,0.0,0.0,0.0,0.0,0.0,0,0,0,0
488,Bruno,Guimarães Rodriguez Moura,Bruno G.,d,Ankle injury - 75% chance of playing,,7.3,24,17.0,21.3,17,6.0,6.0,8.0,4.0,0,0,0.0,8,-8.0,4517,42443,0.8,16.4,4.1,4.5,5.7,8.0,5.0,75.0,75.0,9.0,2.0,11.0,11.0,39.0,22.0,8.0,6.0,,,,,,,,0.2,0.14,0.34,1.12,0.0,0.29,1.32,0.98,8.71,23,0,0,0,0,0,0,0,0,0,0,0,0,0,0,0,10588,152991,0.0,0.0,0.0,0.0,0.0,0.0,0.0,0.0,0.0,0,0,0,0
489,Jacob,Murphy,J.Murphy,d,Hamstring injury - 25% chance of playing,,5.9,91,58.0,0.6,224,78.0,1.2,270.0,117.0,0,0,0.0,-6,6.0,2,533,0.2,8.6,0.2,0.3,2.8,220.0,98.0,25.0,25.0,211.0,87.0,62.0,50.0,65.0,41.0,87.0,53.0,,,,,,,,0.25,0.21,0.46,1.05,0.0,0.54,0.81,1.07,3.85,23,0,0,0,0,0,0,0,0,0,0,0,0,0,0,0,3,1663,0.0,0.0,0.0,0.0,0.0,0.0,0.0,0.0,0.0,0,0,0,0
490,Joelinton Cássio,Apolinário de Lira,Joelinton,a,,,5.9,94,60.0,0.4,262,90.0,4.2,40.0,17.0,0,0,0.0,-1,1.0,477,313,0.7,9.5,3.7,4.2,3.1,176.0,76.0,100.0,100.0,175.0,71.0,120.0,87.0,67.0,43.0,104.0,57.0,,,,,,,,0.12,0.06,0.18,1.15,0.0,0.34,1.16,1.09,11.14,23,0,0,0,0,0,0,0,0,0,0,0,0,0,0,0,1777,791,0.0,0.0,0.0,0.0,0.0,0.0,0.0,0.0,0.0,0,0,0,0
491,Sandro,Tonali,Tonali,a,,,5.3,194,121.0,1.0,179,62.0,1.5,235.0,99.0,0,0,0.0,-2,2.0,354,325,0.3,9.8,1.0,1.5,2.4,268.0,115.0,100.0,100.0,186.0,78.0,60.0,48.0,188.0,105.0,125.0,68.0,1.0,1.0,,,,,,0.04,0.09,0.13,1.04,0.0,0.42,1.02,1.15,9.28,23,0,0,0,0,0,0,0,0,0,0,0,0,0,0,0,880,1008,0.0,0.0,0.0,0.0,0.0,0.0,0.0,0.0,0.0,0,0,0,0
492,Antoñito,Cordero Campillo,Antoñito C.,u,has joined Cadiz on loan for the rest of the season.,,4.9,344,216.0,0.0,663,273.0,0.0,726.0,310.0,0,0,0.0,-1,1.0,0,2,0.0,0.0,0.0,0.0,0.0,759.0,330.0,0.0,0.0,758.0,329.0,754.0,329.0,746.0,327.0,758.0,329.0,,,,,,,,0.0,0.0,0.0,0.0,0.0,0.0,0.0,0.0,0.0,23,0,0,0,0,0,0,0,0,0,0,0,0,0,0,0,0,2,0.0,0.0,0.0,0.0,0.0,0.0,0.0,0.0,0.0,0,0,0,0
494,Joe,Willock,Willock,a,,,5.0,248,151.0,0.1,514,183.0,0.5,329.0,150.0,0,0,0.0,0,0.0,38,26,0.1,2.8,0.0,0.5,1.3,412.0,185.0,100.0,100.0,402.0,178.0,314.0,175.0,336.0,176.0,390.0,179.0,,,,,,,,0.23,0.04,0.27,1.33,0.0,0.77,0.77,0.77,9.66,23,0,0,0,0,0,0,0,0,0,0,0,0,0,0,0,92,71,0.0,0.0,0.0,0.0,0.0,0.0,0.0,0.0,0.0,0,0,0,0
495,Isaac,Hayden,Hayden,u,Has departed the club as a free agent.,,4.5,405,248.0,0.0,746,320.0,0.0,614.0,226.0,0,0,0.0,0,0.0,0,1,0.0,0.0,0.0,0.0,0.0,670.0,262.0,0.0,0.0,663.0,256.0,659.0,259.0,636.0,250.0,666.0,258.0,,,,,,,,0.0,0.0,0.0,0.0,0.0,0.0,0.0,0.0,0.0,23,0,0,0,0,0,0,0,0,0,0,0,0,0,0,0,0,2,0.0,0.0,0.0,0.0,0.0,0.0,0.0,0.0,0.0,0,0,0,0
496,Garang,Kuol,Kuol,u,has joined Sparta Prague permanently.,,4.4,547,327.0,0.0,623,245.0,0.0,601.0,218.0,0,0,0.0,-1,1.0,0,3,0.0,0.0,0.0,0.0,0.0,659.0,256.0,0.0,0.0,650.0,248.0,647.0,252.0,623.0,242.0,653.0,250.0,,,,,,,,0.0,0.0,0.0,0.0,0.0,0.0,0.0,0.0,0.0,23,0,0,0,0,0,0,0,0,0,0,0,0,0,0,0,0,6,0.0,0.0,0.0,0.0,0.0,0.0,0.0,0.0,0.0,0,0,0,0
497,Lewis,Miley,L.Miley,a,,,4.5,456,278.0,3.6,94,30.0,3.0,102.0,49.0,0,0,0.0,0,0.0,1247,2699,0.7,12.4,2.5,3.0,3.1,167.0,70.0,100.0,100.0,172.0,68.0,136.0,96.0,187.0,104.0,169.0,92.0,,,,,,,,0.1,0.17,0.27,1.08,0.0,0.17,1.21,0.86,10.27,23,0,0,0,0,0,0,0,0,0,0,0,0,0,0,0,4560,7342,0.0,0.0,0.0,0.0,0.0,0.0,0.0,0.0,0.0,0,0,0,0
498,Joe,White,White,u,has joined Bradford City on loan for the rest of the season.,,4.5,431,259.0,0.0,747,321.0,0.0,632.0,237.0,0,0,0.0,0,0.0,0,3,0.0,0.0,0.0,0.0,0.0,684.0,272.0,0.0,0.0,677.0,266.0,676.0,269.0,655.0,261.0,680.0,268.0,,,,,,,,0.0,0.0,0.0,0.0,0.0,0.0,0.0,0.0,0.0,23,0,0,0,0,0,0,0,0,0,0,0,0,0,0,0,0,7,0.0,0.0,0.0,0.0,0.0,0.0,0.0,0.0,0.0,0,0,0,0
500,William,Osula,Osula,d,Lack of match fitness - 50% chance of playing,,5.4,179,42.0,0.2,373,59.0,0.0,773.0,80.0,0,0,0.0,-1,1.0,4,21,0.0,3.3,-0.2,0.0,1.8,355.0,38.0,50.0,50.0,393.0,41.0,386.0,49.0,258.0,46.0,378.0,46.0,,,,,,,,0.27,0.01,0.28,1.38,0.0,0.42,1.69,0.42,3.38,23,0,0,0,0,0,0,0,0,0,0,0,0,0,0,0,6,41,0.0,0.0,0.0,0.0,0.0,0.0,0.0,0.0,0.0,0,0,0,0
501,Sean,Neave,Neave,a,,,4.3,609,83.0,0.2,351,57.0,0.0,577.0,55.0,0,0,0.0,-2,2.0,52,45,0.0,0.0,-0.5,0.0,0.0,638.0,64.0,,,627.0,64.0,625.0,63.0,598.0,63.0,630.0,64.0,,,,,,,,0.0,0.0,0.0,0.0,0.0,0.0,0.0,0.0,0.0,23,0,0,0,0,0,0,0,0,0,0,0,0,0,0,0,117,100,0.0,0.0,0.0,0.0,0.0,0.0,0.0,0.0,0.0,0,0,0,0
674,Aaron,Ramsdale,Ramsdale,a,,,4.8,361,15.0,0.7,212,28.0,0.5,327.0,23.0,0,0,0.0,-2,2.0,69,211,0.1,2.3,0.0,0.5,1.6,376.0,29.0,,,323.0,26.0,406.0,10.0,724.0,79.0,392.0,25.0,,,,,,,,0.0,0.0,0.0,1.3,1.63,0.0,1.63,0.98,0.0,23,0,0,0,0,0,0,0,0,0,0,0,0,0,0,0,144,1036,0.0,0.0,0.0,0.0,0.0,0.0,0.0,0.0,0.0,0,0,0,0
684,Malick,Thiaw,Thiaw,a,,,5.1,234,35.0,6.3,63,21.0,5.2,15.0,7.0,0,0,0.0,1,-1.0,2455,7588,1.0,16.5,4.7,5.2,4.4,45.0,20.0,,,29.0,13.0,304.0,100.0,97.0,13.0,91.0,23.0,,,,,,,,0.11,0.03,0.14,1.26,0.0,0.23,1.37,1.03,9.76,23,0,0,0,0,0,0,0,0,0,0,0,0,0,0,0,11163,18175,0.0,0.0,0.0,0.0,0.0,0.0,0.0,0.0,0.0,0,0,0,0
689,Seung-Soo,Park,Seung soo,a,,,4.3,613,359.0,0.3,314,104.0,0.0,580.0,209.0,0,0,0.0,-2,2.0,553,198,0.0,0.0,-0.5,0.0,0.0,641.0,247.0,,,630.0,237.0,628.0,242.0,601.0,231.0,633.0,239.0,,,,,,,,0.0,0.0,0.0,0.0,0.0,0.0,0.0,0.0,0.0,23,0,0,0,0,0,0,0,0,0,0,0,0,0,0,0,1343,425,0.0,0.0,0.0,0.0,0.0,0.0,0.0,0.0,0.0,0,0,0,0
714,Nick,Woltemade,Woltemade,a,,,7.2,32,12.0,13.5,29,6.0,1.8,209.0,24.0,0,0,0.0,2,-2.0,1294,17131,0.2,11.1,1.3,1.8,4.2,61.0,7.0,,,99.0,9.0,149.0,10.0,33.0,14.0,68.0,12.0,,,3.0,,,,,0.42,0.05,0.47,1.14,0.0,0.41,1.22,1.16,4.55,23,0,0,0,0,0,0,0,0,0,0,0,0,0,0,0,3477,71012,0.0,0.0,0.0,0.0,0.0,0.0,0.0,0.0,0.0,0,0,0,0
753,John,Ruddy,Ruddy,a,,,4.0,646,39.0,0.0,699,81.0,0.0,473.0,54.0,0,0,0.0,0,0.0,5,6,0.0,0.0,-0.5,0.0,0.0,551.0,59.0,,,539.0,59.0,532.0,46.0,496.0,31.0,542.0,59.0,,,,,,,,0.0,0.0,0.0,0.0,0.0,0.0,0.0,0.0,0.0,23,0,0,0,0,0,0,0,0,0,0,0,0,0,0,0,11,8,0.0,0.0,0.0,0.0,0.0,0.0,0.0,0.0,0.0,0,0,0,0
765,Leo,Shahar,Shahar,a,,,4.0,696,186.0,0.0,674,234.0,0.0,516.0,204.0,0,0,0.0,0,0.0,13,16,0.0,0.0,-0.5,0.0,0.0,592.0,223.0,,,580.0,222.0,575.0,223.0,541.0,217.0,583.0,222.0,,,,,,,,0.0,0.0,0.0,0.0,0.0,0.0,0.0,0.0,0.0,23,0,0,0,0,0,0,0,0,0,0,0,0,0,0,0,44,39,0.0,0.0,0.0,0.0,0.0,0.0,0.0,0.0,0.0,0,0,0,0
772,Sam,Alabi,Alabi,a,,,4.5,504,312.0,0.0,780,344.0,0.0,683.0,279.0,0,0,0.0,0,0.0,6,2,0.0,0.0,-0.5,0.0,0.0,732.0,311.0,,,731.0,310.0,726.0,310.0,709.0,305.0,731.0,310.0,,,,,,,,0.0,0.0,0.0,0.0,0.0,0.0,0.0,0.0,0.0,23,0,0,0,0,0,0,0,0,0,0,0,0,0,0,0,8,7,0.0,0.0,0.0,0.0,0.0,0.0,0.0,0.0,0.0,0,0,0,0
12,Oleksandr,Zinchenko,Zinchenko,a,,,4.9,300,48.0,0.2,353,128.0,0.2,395.0,145.0,0,0,0.0,-1,1.0,72,29,0.0,1.4,0.2,0.2,1.4,400.0,147.0,100.0,100.0,341.0,130.0,246.0,72.0,355.0,122.0,350.0,122.0,,,,,,,,0.02,0.09,0.11,1.28,0.0,0.0,1.53,1.02,6.14,23,0,0,0,0,0,0,0,0,0,0,0,0,0,0,0,143,76,0.0,0.0,0.0,0.0,0.0,0.0,0.0,0.0,0.0,0,0,0,0
426,James,McAtee,McAtee,a,,,5.0,256,157.0,0.1,485,170.0,0.0,733.0,314.0,0,0,0.0,-5,5.0,23,19,0.0,1.2,0.0,0.0,0.9,484.0,230.0,,,433.0,195.0,326.0,179.0,392.0,193.0,413.0,187.0,,,,,,,,0.01,0.09,0.1,1.9,0.0,0.0,3.73,0.53,5.86,23,0,0,0,0,0,0,0,0,0,0,0,0,0,0,0,50,42,0.0,0.0,0.0,0.0,0.0,0.0,0.0,0.0,0.0,0,0,0,0
502,Matz,Sels,Sels,a,,,4.6,389,18.0,5.5,72,12.0,2.3,164.0,18.0,0,0,0.0,-4,4.0,551,601,0.5,11.7,2.3,2.3,3.0,185.0,16.0,100.0,100.0,62.0,12.0,404.0,8.0,713.0,74.0,231.0,12.0,,,,,,,,0.0,0.0,0.0,1.45,3.09,0.18,1.52,0.99,0.0,23,0,0,0,0,0,0,0,0,0,0,0,0,0,0,0,1334,1851,0.0,0.0,0.0,0.0,0.0,0.0,0.0,0.0,0.0,0,0,0,0
503,Carlos Miguel,dos Santos Pereira,C.Miguel,u,Has joined Palmeiras permanently.,,4.0,675,55.0,0.1,532,76.0,0.0,496.0,68.0,0,0,0.0,0,0.0,0,9,0.0,0.0,0.0,0.0,0.0,574.0,73.0,0.0,0.0,562.0,73.0,557.0,62.0,522.0,47.0,565.0,73.0,,,,,,,,0.0,0.0,0.0,0.0,0.0,0.0,0.0,0.0,0.0,23,0,0,0,0,0,0,0,0,0,0,0,0,0,0,0,0,19,0.0,0.0,0.0,0.0,0.0,0.0,0.0,0.0,0.0,0,0,0,0
504,Matt,Turner,Turner,u,Has joined Lyon permanently.,,4.0,661,47.0,0.1,499,75.0,0.0,484.0,60.0,0,0,0.0,0,0.0,0,6,0.0,0.0,0.0,0.0,0.0,562.0,65.0,0.0,0.0,550.0,65.0,545.0,54.0,510.0,39.0,553.0,65.0,,,,,,,,0.0,0.0,0.0,0.0,0.0,0.0,0.0,0.0,0.0,23,0,0,0,0,0,0,0,0,0,0,0,0,0,0,0,0,19,0.0,0.0,0.0,0.0,0.0,0.0,0.0,0.0,0.0,0,0,0,0
505,Nikola,Milenković,Milenković,a,,,5.1,229,33.0,3.1,104,42.0,2.5,155.0,60.0,0,0,0.0,-4,4.0,322,406,0.5,11.4,2.5,2.5,2.6,244.0,94.0,,,63.0,30.0,341.0,118.0,227.0,61.0,178.0,58.0,,,,,,,,0.03,0.02,0.05,1.41,0.0,0.18,1.55,1.0,8.09,23,0,0,0,0,0,0,0,0,0,0,0,0,0,0,0,992,1537,0.0,0.0,0.0,0.0,0.0,0.0,0.0,0.0,0.0,0,0,0,0
509,David,Mota Veiga Teixeira do Carmo,David Carmo,u,has joined Real Oviedo on loan for the rest of the season.,,4.5,427,86.0,0.0,664,230.0,0.0,629.0,245.0,0,0,0.0,0,0.0,0,1,0.0,0.0,0.0,0.0,0.0,681.0,252.0,0.0,0.0,674.0,251.0,672.0,252.0,651.0,251.0,677.0,252.0,,,,,,,,0.0,0.0,0.0,0.0,0.0,0.0,0.0,0.0,0.0,23,0,0,0,0,0,0,0,0,0,0,0,0,0,0,0,0,2,0.0,0.0,0.0,0.0,0.0,0.0,0.0,0.0,0.0,0,0,0,0
510,Jair,Paula da Cunha Filho,Jair Cunha,a,,,4.2,638,155.0,0.1,546,198.0,0.0,551.0,229.0,0,0,0.0,-3,3.0,5,11,0.0,0.7,0.0,0.0,3.0,182.0,70.0,,,414.0,157.0,453.0,166.0,573.0,239.0,443.0,160.0,,,,,,,,0.0,0.0,0.0,3.28,0.0,0.0,2.0,1.0,11.0,23,0,0,0,0,0,0,0,0,0,0,0,0,0,0,0,10,26,0.0,0.0,0.0,0.0,0.0,0.0,0.0,0.0,0.0,0,0,0,0
511,Felipe,Rodrigues da Silva,Morato,a,,,4.3,582,135.0,0.1,502,180.0,0.2,375.0,142.0,0,0,0.0,-2,2.0,3,16,0.0,4.9,0.2,0.2,2.1,306.0,115.0,,,250.0,102.0,409.0,148.0,405.0,151.0,351.0,123.0,,,,,,,,0.0,0.01,0.01,1.36,0.0,0.13,1.78,1.02,8.89,23,0,0,0,0,0,0,0,0,0,0,0,0,0,0,0,12,38,0.0,0.0,0.0,0.0,0.0,0.0,0.0,0.0,0.0,0,0,0,0
512,Omar,Richards,O.Richards,u,has joined Rio Ave on loan for the rest of the season.,,4.5,412,79.0,0.0,669,233.0,0.0,617.0,241.0,0,0,0.0,0,0.0,0,2,0.0,0.0,0.0,0.0,0.0,673.0,250.0,0.0,0.0,666.0,249.0,663.0,250.0,640.0,248.0,669.0,250.0,,,,,,,,0.0,0.0,0.0,0.0,0.0,0.0,0.0,0.0,0.0,23,0,0,0,0,0,0,0,0,0,0,0,0,0,0,0,0,4,0.0,0.0,0.0,0.0,0.0,0.0,0.0,0.0,0.0,0,0,0,0
514,Willy,Boly,Boly,a,,,3.8,770,232.0,0.4,287,110.0,0.0,411.0,148.0,0,0,0.0,-2,2.0,162,68,0.0,0.0,0.0,0.0,0.0,494.0,174.0,100.0,100.0,481.0,172.0,471.0,171.0,433.0,161.0,484.0,172.0,,,,,,,,0.0,0.0,0.0,0.0,0.0,0.0,0.0,0.0,0.0,23,0,0,0,0,0,0,0,0,0,0,0,0,0,0,0,457,195,0.0,0.0,0.0,0.0,0.0,0.0,0.0,0.0,0.0,0,0,0,0
515,Morgan,Gibbs-White,Gibbs-White,a,,,7.3,27,18.0,3.0,108,33.0,4.0,47.0,19.0,0,0,0.0,-2,2.0,1794,985,0.5,11.5,4.0,4.0,3.8,93.0,43.0,100.0,100.0,106.0,36.0,30.0,29.0,27.0,14.0,31.0,26.0,,2.0,2.0,,,,,0.28,0.08,0.36,1.43,0.0,0.19,1.49,1.01,5.1,23,0,0,0,0,0,0,0,0,0,0,0,0,0,0,0,5786,2818,0.0,0.0,0.0,0.0,0.0,0.0,0.0,0.0,0.0,0,0,0,0
516,Callum,Hudson-Odoi,Hudson-Odoi,a,,,5.7,116,73.0,0.8,205,69.0,1.5,237.0,101.0,0,0,0.0,-3,3.0,284,363,0.3,9.8,1.5,1.5,2.8,219.0,97.0,100.0,100.0,188.0,80.0,41.0,38.0,92.0,56.0,81.0,49.0,,,,,,,,0.14,0.12,0.26,1.44,0.0,0.15,1.42,0.89,4.84,23,0,0,0,0,0,0,0,0,0,0,0,0,0,0,0,839,1223,0.0,0.0,0.0,0.0,0.0,0.0,0.0,0.0,0.0,0,0,0,0
517,Elliot,Anderson,Anderson,a,,,5.3,189,118.0,4.6,80,28.0,3.8,53.0,21.0,0,0,0.0,-2,2.0,3834,2106,0.7,17.4,3.8,3.8,4.2,58.0,24.0,,,35.0,9.0,8.0,8.0,144.0,84.0,23.0,19.0,2.0,,4.0,,,,,0.08,0.09,0.17,1.41,0.0,0.18,1.55,1.0,13.73,23,0,0,0,0,0,0,0,0,0,0,0,0,0,0,0,12523,5617,0.0,0.0,0.0,0.0,0.0,0.0,0.0,0.0,0.0,0,0,0,0
518,João Pedro,Ferreira da Silva,Jota,u,has joined Besiktas on loan for the rest of the season.,,5.4,176,110.0,0.0,611,236.0,0.0,771.0,341.0,0,0,0.0,-1,1.0,0,2,0.0,0.2,0.0,0.0,1.0,479.0,228.0,0.0,0.0,451.0,206.0,452.0,220.0,416.0,207.0,460.0,214.0,,,,,,,,0.0,0.0,0.0,0.0,0.0,0.0,0.0,0.0,24.55,23,0,0,0,0,0,0,0,0,0,0,0,0,0,0,0,0,2,0.0,0.0,0.0,0.0,0.0,0.0,0.0,0.0,0.0,0,0,0,0
519,Nicolás,Domínguez,Dominguez,a,,,5.0,255,156.0,0.0,651,266.0,3.3,82.0,38.0,0,0,0.0,0,0.0,40,20,0.7,5.6,3.3,3.3,2.2,296.0,131.0,100.0,100.0,273.0,121.0,174.0,117.0,241.0,130.0,262.0,128.0,3.0,,,,,,,0.12,0.05,0.17,1.34,0.0,0.28,1.52,1.24,9.25,23,0,0,0,0,0,0,0,0,0,0,0,0,0,0,0,134,39,0.0,0.0,0.0,0.0,0.0,0.0,0.0,0.0,0.0,0,0,0,0
520,Lewis,O'Brien,O'Brien,u,Has joined Wrexham permanently.,,5.0,253,155.0,0.0,796,356.0,0.0,732.0,313.0,0,0,0.0,0,0.0,0,0,0.0,0.0,0.0,0.0,0.0,762.0,332.0,0.0,0.0,761.0,331.0,758.0,331.0,752.0,329.0,761.0,331.0,,,,,,,,0.0,0.0,0.0,0.0,0.0,0.0,0.0,0.0,0.0,23,0,0,0,0,0,0,0,0,0,0,0,0,0,0,0,0,0,0.0,0.0,0.0,0.0,0.0,0.0,0.0,0.0,0.0,0,0,0,0
521,Ibrahim,Sangaré,Sangaré,a,,,4.9,304,189.0,0.1,565,208.0,0.5,328.0,149.0,0,0,0.0,-1,1.0,36,12,0.1,10.2,0.5,0.5,3.6,114.0,52.0,100.0,100.0,176.0,72.0,253.0,153.0,247.0,135.0,238.0,118.0,,,,,,,,0.07,0.1,0.17,1.41,0.0,0.38,1.23,1.13,10.66,23,0,0,0,0,0,0,0,0,0,0,0,0,0,0,0,99,28,0.0,0.0,0.0,0.0,0.0,0.0,0.0,0.0,0.0,0,0,0,0
522,Ryan,Yates,Yates,a,,,4.7,378,237.0,0.1,544,197.0,0.0,688.0,283.0,0,0,0.0,-3,3.0,7,2,0.0,3.2,0.0,0.0,1.4,399.0,179.0,100.0,100.0,365.0,161.0,360.0,187.0,342.0,178.0,383.0,176.0,,,,,,,,0.02,0.05,0.07,1.05,0.0,0.0,1.51,0.3,9.93,23,0,0,0,0,0,0,0,0,0,0,0,0,0,0,0,26,23,0.0,0.0,0.0,0.0,0.0,0.0,0.0,0.0,0.0,0,0,0,0
523,Eric,da Silva Moreira,Da Silva Moreira,a,,,4.5,466,285.0,0.1,573,213.0,0.0,654.0,257.0,0,0,0.0,0,0.0,6,4,0.0,0.0,0.0,0.0,0.0,704.0,290.0,100.0,100.0,701.0,287.0,697.0,288.0,679.0,282.0,702.0,288.0,,,,,,,,0.0,0.0,0.0,0.0,0.0,0.0,0.0,0.0,0.0,23,0,0,0,0,0,0,0,0,0,0,0,0,0,0,0,12,7,0.0,0.0,0.0,0.0,0.0,0.0,0.0,0.0,0.0,0,0,0,0
524,Marko,Stamenić,Stamenic,u,Has joined Swansea City permanently.,,4.5,443,266.0,0.0,678,282.0,0.0,638.0,243.0,0,0,0.0,0,0.0,0,1,0.0,0.0,0.0,0.0,0.0,689.0,277.0,0.0,0.0,684.0,272.0,681.0,274.0,661.0,266.0,685.0,273.0,,,,,,,,0.0,0.0,0.0,0.0,0.0,0.0,0.0,0.0,0.0,23,0,0,0,0,0,0,0,0,0,0,0,0,0,0,0,0,2,0.0,0.0,0.0,0.0,0.0,0.0,0.0,0.0,0.0,0,0,0,0
525,Chris,Wood,Wood,i,Knee injury - Unknown return date,,7.2,30,10.0,4.7,77,13.0,0.0,798.0,86.0,0,0,0.0,-3,3.0,8,416,0.0,3.5,0.0,0.0,3.1,178.0,19.0,0.0,0.0,345.0,34.0,315.0,34.0,111.0,29.0,291.0,35.0,,,1.0,,,,,0.47,0.02,0.49,1.31,0.0,0.17,1.34,1.17,2.34,23,0,0,0,0,0,0,0,0,0,0,0,0,0,0,0,26,743,0.0,0.0,0.0,0.0,0.0,0.0,0.0,0.0,0.0,0,0,0,0
526,Igor Jesus,Maciel da Cruz,Igor Jesus,d,Hip injury - 75% chance of playing,,5.8,109,31.0,1.0,188,30.0,2.2,187.0,21.0,0,0,0.0,-2,2.0,94,1313,0.4,7.9,1.7,1.7,2.2,301.0,30.0,75.0,75.0,298.0,29.0,203.0,22.0,38.0,17.0,164.0,19.0,,,3.0,,,,,0.25,0.06,0.31,1.48,0.0,0.3,1.7,1.03,4.36,23,0,0,0,0,0,0,0,0,0,0,0,0,0,0,0,195,5089,0.0,0.0,0.0,0.0,0.0,0.0,0.0,0.0,0.0,0,0,0,0
527,Taiwo,Awoniyi,Awoniyi,a,,,5.2,207,45.0,0.3,323,54.0,0.3,362.0,42.0,0,0,0.0,-3,3.0,71,31,0.1,1.3,0.3,0.3,1.0,476.0,56.0,100.0,100.0,431.0,48.0,332.0,40.0,257.0,45.0,375.0,45.0,,,,,,,,0.23,0.19,0.42,1.45,0.0,0.0,0.99,0.49,4.95,23,0,0,0,0,0,0,0,0,0,0,0,0,0,0,0,202,103,0.0,0.0,0.0,0.0,0.0,0.0,0.0,0.0,0.0,0,0,0,0
669,Dan,Ndoye,Ndoye,a,,,5.5,149,95.0,0.7,214,73.0,0.2,405.0,189.0,0,0,0.0,-5,5.0,35,71,0.0,7.6,0.2,0.2,2.6,246.0,106.0,100.0,100.0,267.0,117.0,159.0,107.0,155.0,90.0,224.0,110.0,,,,,,,,0.07,0.11,0.18,1.25,0.0,0.18,1.42,1.25,7.3,23,0,0,0,0,0,0,0,0,0,0,0,0,0,0,0,106,200,0.0,0.0,0.0,0.0,0.0,0.0,0.0,0.0,0.0,0,0,0,0
693,Omari,Hutchinson,Hutchinson,a,,,5.4,175,109.0,0.1,449,153.0,2.5,157.0,67.0,0,0,0.0,-1,1.0,45,125,0.5,8.9,2.5,2.5,2.8,217.0,95.0,,,236.0,99.0,66.0,53.0,83.0,50.0,111.0,61.0,,,,,,,,0.16,0.25,0.41,1.46,0.0,0.21,1.54,0.82,7.59,23,0,0,0,0,0,0,0,0,0,0,0,0,0,0,0,122,626,0.0,0.0,0.0,0.0,0.0,0.0,0.0,0.0,0.0,0,0,0,0
696,Arnaud,Kalimuendo,Kalimuendo,u,has joined Eintracht Frankfurt on loan for the rest of the season.,,6.0,88,28.0,0.1,433,62.0,0.2,408.0,47.0,0,0,0.0,0,0.0,0,49,0.0,1.5,0.0,0.0,1.0,481.0,57.0,0.0,0.0,446.0,51.0,381.0,48.0,310.0,51.0,420.0,51.0,,,,,,,,0.44,0.02,0.46,1.59,0.0,0.0,3.03,0.0,6.07,23,0,0,0,0,0,0,0,0,0,0,0,0,0,0,0,0,87,0.0,0.0,0.0,0.0,0.0,0.0,0.0,0.0,0.0,0,0,0,0
699,Douglas Luiz,Soares de Paulo,Douglas Luiz,a,,,4.9,313,194.0,0.0,585,218.0,0.2,396.0,183.0,0,0,0.0,-1,1.0,25,22,0.0,2.2,0.2,0.2,1.4,401.0,180.0,100.0,100.0,387.0,172.0,256.0,155.0,343.0,179.0,365.0,171.0,1.0,,,,,,,0.04,0.18,0.22,1.28,0.0,0.0,2.01,1.43,11.18,23,0,0,0,0,0,0,0,0,0,0,0,0,0,0,0,61,46,0.0,0.0,0.0,0.0,0.0,0.0,0.0,0.0,0.0,0,0,0,0
715,John Victor,Maciel Furtado,John,i,Knee injury - Unknown return date,,4.0,659,46.0,0.4,270,36.0,0.7,307.0,22.0,0,0,0.0,0,0.0,9,247,0.2,2.8,0.0,0.0,2.2,286.0,24.0,0.0,0.0,380.0,29.0,543.0,53.0,508.0,38.0,421.0,29.0,,,,,,,,0.0,0.0,0.0,1.26,1.24,0.21,1.65,1.03,0.0,23,0,0,0,0,0,0,0,0,0,0,0,0,0,0,0,42,596,0.0,0.0,0.0,0.0,0.0,0.0,0.0,0.0,0.0,0,0,0,0
716,Nicolò,Savona,Savona,a,,,4.5,445,91.0,0.1,444,163.0,0.3,353.0,131.0,0,0,0.0,0,0.0,10,97,0.1,8.7,0.3,0.3,2.8,213.0,82.0,,,200.0,81.0,188.0,48.0,217.0,55.0,223.0,77.0,,,,,,,,0.12,0.04,0.16,1.32,0.0,0.26,1.58,0.97,5.0,23,0,0,0,0,0,0,0,0,0,0,0,0,0,0,0,27,501,0.0,0.0,0.0,0.0,0.0,0.0,0.0,0.0,0.0,0,0,0,0
729,Luis Eduardo,Soares da Silva,Cuiabano,u,has joined Botafogo on loan for the rest of the season.,,4.5,465,93.0,0.0,799,262.0,0.0,653.0,246.0,0,0,0.0,0,0.0,0,0,0.0,0.0,0.0,0.0,0.0,703.0,253.0,0.0,0.0,700.0,253.0,696.0,253.0,678.0,252.0,701.0,253.0,,,,,,,,0.0,0.0,0.0,0.0,0.0,0.0,0.0,0.0,0.0,23,0,0,0,0,0,0,0,0,0,0,0,0,0,0,0,0,0,0.0,0.0,0.0,0.0,0.0,0.0,0.0,0.0,0.0,0,0,0,0
734,Dilane,Bakwa,Bakwa,a,,,5.9,100,66.0,0.0,677,281.0,1.2,271.0,118.0,0,0,0.0,-1,1.0,11,11,0.2,2.0,1.2,1.2,1.5,395.0,178.0,100.0,100.0,385.0,171.0,205.0,131.0,254.0,139.0,324.0,157.0,,,,,,,,0.12,0.2,0.32,1.64,0.0,0.0,2.09,0.89,6.85,23,0,0,0,0,0,0,0,0,0,0,0,0,0,0,0,18,32,0.0,0.0,0.0,0.0,0.0,0.0,0.0,0.0,0.0,0,0,0,0
528,Anthony,Patterson,Patterson,a,,,4.2,625,34.0,0.2,383,55.0,0.0,541.0,78.0,0,0,0.0,-3,3.0,24,30,0.0,0.0,0.0,0.0,0.0,614.0,83.0,,,603.0,83.0,598.0,73.0,567.0,59.0,607.0,83.0,,,,,,,,0.0,0.0,0.0,0.0,0.0,0.0,0.0,0.0,0.0,23,0,0,0,0,0,0,0,0,0,0,0,0,0,0,0,63,80,0.0,0.0,0.0,0.0,0.0,0.0,0.0,0.0,0.0,0,0,0,0
529,Simon,Moore,Moore,a,,,3.9,723,66.0,0.4,279,38.0,0.0,437.0,30.0,0,0,0.0,-1,1.0,14,35,0.0,0.0,0.0,0.0,0.0,516.0,35.0,,,504.0,35.0,497.0,22.0,460.0,7.0,507.0,35.0,,,,,,,,0.0,0.0,0.0,0.0,0.0,0.0,0.0,0.0,0.0,23,0,0,0,0,0,0,0,0,0,0,0,0,0,0,0,77,101,0.0,0.0,0.0,0.0,0.0,0.0,0.0,0.0,0.0,0,0,0,0
530,Blondy,Nna Noukeu,Nna Noukeu,u,has joined US Boulogne CO permanently.,,3.9,752,83.0,0.1,432,66.0,0.0,458.0,47.0,0,0,0.0,-1,1.0,0,39,0.0,0.0,0.0,0.0,0.0,536.0,52.0,0.0,0.0,524.0,52.0,517.0,39.0,480.0,24.0,527.0,52.0,,,,,,,,0.0,0.0,0.0,0.0,0.0,0.0,0.0,0.0,0.0,23,0,0,0,0,0,0,0,0,0,0,0,0,0,0,0,0,116,0.0,0.0,0.0,0.0,0.0,0.0,0.0,0.0,0.0,0,0,0,0
531,Daniel,Ballard,Ballard,a,,,4.6,392,68.0,3.1,103,41.0,1.3,248.0,93.0,2,0,0.0,1,-1.0,902,1483,0.3,18.0,1.3,1.3,4.4,42.0,18.0,100.0,100.0,43.0,20.0,221.0,62.0,46.0,2.0,64.0,11.0,,,,,,,,0.13,0.03,0.16,1.35,0.0,0.26,1.22,0.96,10.92,23,2,90,0,0,0,3,0,0,0,1,0,0,1,0,246,7881,2963,0.0,0.020000000000000018,0.010000000000000009,0.03000000000000025,1.5199999999999996,25.0,1.3999999999999915,8.0,3.4000000000000057,3,8,1,11
532,Trai,Hume,Hume,a,,,4.5,436,88.0,0.4,286,109.0,1.7,219.0,82.0,0,0,0.0,0,0.0,35,243,0.4,14.7,1.7,1.7,2.9,197.0,77.0,,,129.0,57.0,96.0,22.0,136.0,24.0,116.0,38.0,2.0,,,,,,,0.05,0.04,0.09,1.48,0.0,0.29,1.15,1.01,6.33,23,0,45,0,0,0,3,0,0,0,0,0,0,1,0,234,489,515,0.0,0.07999999999999985,0.020000000000000018,0.10000000000000009,1.3000000000000007,0.0,6.599999999999994,7.0,0.29999999999999716,0,1,0,1
533,Aji,Alese,Alese,i,Shoulder injury - Unknown return date,,4.0,658,164.0,0.0,760,259.0,0.0,482.0,185.0,0,0,0.0,0,0.0,4,1,0.0,0.0,0.0,0.0,0.0,560.0,206.0,0.0,0.0,548.0,205.0,542.0,206.0,507.0,199.0,551.0,205.0,,,,,,,,0.0,0.0,0.0,0.0,0.0,0.0,0.0,0.0,0.0,23,0,0,0,0,0,0,0,0,0,0,0,0,0,0,0,10,7,0.0,0.0,0.0,0.0,0.0,0.0,0.0,0.0,0.0,0,0,0,0
534,Joe,Anderson,Anderson,u,has joined Barrow FC permanently.,,3.8,776,237.0,0.4,275,103.0,0.0,416.0,152.0,0,0,0.0,-2,2.0,0,253,0.0,0.0,0.0,0.0,0.0,497.0,176.0,0.0,0.0,485.0,175.0,476.0,175.0,438.0,165.0,488.0,175.0,,,,,,,,0.0,0.0,0.0,0.0,0.0,0.0,0.0,0.0,0.0,23,0,0,0,0,0,0,0,0,0,0,0,0,0,0,0,0,730,0.0,0.0,0.0,0.0,0.0,0.0,0.0,0.0,0.0,0,0,0,0
535,Dennis,Cirkin,Cirkin,a,,,4.0,668,169.0,0.1,575,208.0,2.2,175.0,66.0,1,0,0.0,0,0.0,49,41,0.6,3.2,2.2,2.2,2.2,287.0,108.0,100.0,100.0,375.0,143.0,412.0,150.0,418.0,156.0,414.0,149.0,,,,,,,,0.0,0.01,0.01,1.84,0.0,0.3,0.61,0.91,7.91,23,1,45,0,0,0,0,0,0,0,0,0,0,0,0,5,195,95,0.0,0.0,0.0,0.0,0.21999999999999975,6.0,1.0999999999999996,0.0,0.7000000000000002,0,2,2,2
536,Leo Fuhr,Hjelde,Hjelde,a,,,4.0,676,172.0,0.0,692,238.0,0.0,497.0,191.0,0,0,0.0,0,0.0,10,9,0.0,0.0,0.0,0.0,0.0,575.0,212.0,100.0,100.0,563.0,211.0,558.0,212.0,523.0,205.0,566.0,211.0,,,,,,,,0.0,0.0,0.0,0.0,0.0,0.0,0.0,0.0,0.0,23,0,0,0,0,0,0,0,0,0,0,0,0,0,0,0,29,13,0.0,0.0,0.0,0.0,0.0,0.0,0.0,0.0,0.0,0,0,0,0
537,Niall,Huggins,Huggins,u,has joined Wycombe Wanderers on loan for the rest of the season.,,4.0,678,173.0,0.1,524,190.0,0.0,499.0,192.0,0,0,0.0,0,0.0,0,5,0.0,0.0,0.0,0.0,0.0,577.0,213.0,0.0,0.0,565.0,212.0,560.0,213.0,525.0,206.0,568.0,212.0,,,,,,,,0.0,0.0,0.0,0.0,0.0,0.0,0.0,0.0,0.0,23,0,0,0,0,0,0,0,0,0,0,0,0,0,0,0,0,17,0.0,0.0,0.0,0.0,0.0,0.0,0.0,0.0,0.0,0,0,0,0
538,Zak,Johnson,Johnson,u,has joined York City on loan for the rest of the season.,,3.8,788,249.0,0.2,350,127.0,0.0,425.0,161.0,0,0,0.0,-2,2.0,0,131,0.0,0.0,0.0,0.0,0.0,505.0,184.0,0.0,0.0,493.0,183.0,484.0,183.0,446.0,173.0,496.0,183.0,,,,,,,,0.0,0.0,0.0,0.0,0.0,0.0,0.0,0.0,0.0,23,0,0,0,0,0,0,0,0,0,0,0,0,0,0,0,0,303,0.0,0.0,0.0,0.0,0.0,0.0,0.0,0.0,0.0,0,0,0,0
539,Luke,O'Nien,O'Nien,a,,,4.0,656,162.0,0.1,556,201.0,0.3,339.0,122.0,1,0,0.0,0,0.0,19,23,0.1,0.2,0.3,0.3,0.2,492.0,172.0,100.0,100.0,450.0,163.0,444.0,163.0,505.0,197.0,464.0,164.0,,,,,,,,0.0,0.0,0.0,4.3,0.0,0.0,0.0,0.0,10.0,23,1,7,0,0,0,0,0,0,0,0,0,0,0,0,3,52,54,0.0,0.0,0.0,0.0,0.13,0.40000000000000036,0.5,0.0,0.09999999999999998,0,0,0,0
540,Timothée,Pembélé,Pembele,u,has joined Le Havre AC on loan for the rest of the season.,,3.9,745,218.0,0.3,303,113.0,0.0,453.0,173.0,0,0,0.0,-1,1.0,0,133,0.0,0.0,0.0,0.0,0.0,531.0,194.0,0.0,0.0,519.0,193.0,512.0,194.0,475.0,185.0,522.0,193.0,,,,,,,,0.0,0.0,0.0,0.0,0.0,0.0,0.0,0.0,0.0,23,0,0,0,0,0,0,0,0,0,0,0,0,0,0,0,0,295,0.0,0.0,0.0,0.0,0.0,0.0,0.0,0.0,0.0,0,0,0,0
541,Reinildo,Mandava,Reinildo,a,,,3.8,779,240.0,2.8,111,45.0,0.2,369.0,136.0,-1,0,0.0,-2,2.0,1893,799,0.1,10.0,0.2,0.2,2.7,223.0,84.0,100.0,100.0,213.0,88.0,311.0,104.0,340.0,112.0,295.0,97.0,,,,,,,,0.01,0.01,0.02,1.24,0.0,0.23,1.24,1.09,7.93,23,38,45,0,0,0,3,0,0,0,1,0,0,1,0,132,6229,1815,0.0,0.0,0.010000000000000009,0.010000000000000009,1.3000000000000007,0.0,0.4000000000000057,0.0,0.0,1,1,4,2
542,Jenson,Seelt,Seelt,u,has joined Wolfsburg on loan for the rest of the season.,,4.0,692,183.0,0.1,484,175.0,0.0,512.0,201.0,0,0,0.0,0,0.0,0,5,0.0,0.5,0.0,0.0,1.0,433.0,159.0,0.0,0.0,404.0,154.0,433.0,158.0,537.0,214.0,437.0,158.0,,,,,,,,0.0,0.01,0.01,0.9,0.0,0.0,1.35,0.68,8.12,23,0,0,0,0,0,0,0,0,0,0,0,0,0,0,0,0,22,0.0,0.0,0.0,0.0,0.0,0.0,0.0,0.0,0.0,0,0,0,0
543,Simon,Adingra,Adingra,a,,,4.9,338,210.0,0.4,261,89.0,2.5,154.0,65.0,0,0,0.0,-6,6.0,43,173,0.5,6.9,2.5,2.5,2.4,265.0,113.0,,,340.0,150.0,195.0,127.0,250.0,138.0,302.0,146.0,,,,,,,,0.05,0.09,0.14,1.57,0.0,0.55,1.11,1.25,6.24,23,0,0,0,0,0,0,0,0,0,0,0,0,0,0,0,291,440,0.0,0.0,0.0,0.0,0.0,0.0,0.0,0.0,0.0,0,0,0,0
544,Habib,Diarra,Diarra,a,,,5.3,202,126.0,0.0,609,234.0,0.0,761.0,334.0,0,0,0.0,-2,2.0,39,24,0.0,2.5,0.0,0.0,2.2,297.0,132.0,100.0,100.0,429.0,192.0,342.0,180.0,295.0,154.0,398.0,182.0,,,1.0,,,,,0.12,0.02,0.14,1.01,0.0,0.43,0.43,0.87,5.62,23,0,45,0,0,0,0,0,0,0,1,0,0,0,0,26,115,34,0.0,0.040000000000000036,0.009999999999999995,0.050000000000000044,0.22000000000000064,3.6000000000000014,3.3999999999999986,2.0,0.9000000000000004,1,2,3,6
545,Patrick,Roberts,Roberts,u,has joined Birmingham City on loan for the rest of the season.,,5.4,159,100.0,0.0,707,300.0,0.0,764.0,336.0,0,0,0.0,-1,1.0,0,1,0.0,0.2,0.0,0.0,1.0,478.0,227.0,0.0,0.0,468.0,217.0,415.0,204.0,408.0,201.0,458.0,212.0,,,,,,,,0.1,0.07,0.17,2.2,0.0,0.0,3.33,0.0,3.33,23,0,0,0,0,0,0,0,0,0,0,0,0,0,0,0,0,2,0.0,0.0,0.0,0.0,0.0,0.0,0.0,0.0,0.0,0,0,0,0
546,Milan,Aleksić,Aleksić,u,has joined Cracovia on loan for the rest of the season.,,4.9,343,215.0,0.0,687,290.0,0.0,725.0,309.0,0,0,0.0,-1,1.0,0,0,0.0,0.0,0.0,0.0,0.0,758.0,329.0,0.0,0.0,757.0,328.0,753.0,328.0,745.0,326.0,757.0,328.0,,,,,,,,0.0,0.0,0.0,0.0,0.0,0.0,0.0,0.0,0.0,23,0,0,0,0,0,0,0,0,0,0,0,0,0,0,0,0,1,0.0,0.0,0.0,0.0,0.0,0.0,0.0,0.0,0.0,0,0,0,0
547,Enzo,Le Fée,E.Le Fée,a,,,4.9,333,207.0,1.4,157,54.0,3.5,67.0,27.0,2,0,0.0,-1,1.0,2341,1331,0.7,16.5,3.5,3.5,3.7,101.0,47.0,100.0,100.0,65.0,18.0,16.0,15.0,122.0,71.0,35.0,27.0,3.0,2.0,2.0,,,,,0.19,0.12,0.31,1.46,0.0,0.31,1.18,1.03,8.87,23,2,90,0,0,0,3,0,0,0,0,0,0,1,0,18,18312,2690,0.0,0.0,0.06000000000000005,0.05999999999999961,1.5199999999999996,15.0,19.0,2.0,3.6000000000000085,1,3,6,10
548,Romaine,Mundle,Mundle,a,,,4.9,327,202.0,0.0,726,310.0,1.2,264.0,113.0,1,0,0.0,-1,1.0,9,10,0.2,2.0,1.2,1.2,1.0,469.0,220.0,100.0,100.0,419.0,186.0,354.0,185.0,299.0,157.0,396.0,181.0,,3.0,,,,,,0.13,0.08,0.21,1.71,0.0,0.0,1.79,0.6,6.85,23,1,45,0,0,0,3,0,0,0,0,0,0,1,0,0,46,22,0.0,0.0,0.0,0.0,1.2999999999999998,0.0,1.1000000000000014,0.0,0.09999999999999964,1,0,0,1
555,Alan,Browne,Browne,u,has joined Middlesbrough on loan for the rest of the season.,,4.5,407,249.0,0.0,635,257.0,0.0,615.0,227.0,0,0,0.0,0,0.0,0,2,0.0,0.0,0.0,0.0,0.0,671.0,263.0,0.0,0.0,664.0,257.0,660.0,260.0,637.0,251.0,667.0,259.0,,,,,,,,0.0,0.0,0.0,0.0,0.0,0.0,0.0,0.0,0.0,23,0,0,0,0,0,0,0,0,0,0,0,0,0,0,0,0,8,0.0,0.0,0.0,0.0,0.0,0.0,0.0,0.0,0.0,0,0,0,0
556,Pierre,Ekwah Elimby,Ekwah,u,Has joined AS Saint-Etienne permanently.,,4.5,429,257.0,0.0,751,325.0,0.0,630.0,235.0,0,0,0.0,0,0.0,0,1,0.0,0.0,0.0,0.0,0.0,682.0,270.0,0.0,0.0,675.0,264.0,674.0,267.0,653.0,259.0,678.0,266.0,,,,,,,,0.0,0.0,0.0,0.0,0.0,0.0,0.0,0.0,0.0,23,0,0,0,0,0,0,0,0,0,0,0,0,0,0,0,0,1,0.0,0.0,0.0,0.0,0.0,0.0,0.0,0.0,0.0,0,0,0,0
557,Harrison,Jones,H.Jones,a,,,4.3,600,349.0,0.1,539,193.0,0.0,570.0,201.0,0,0,0.0,-2,2.0,20,16,0.0,0.0,0.0,0.0,0.0,632.0,239.0,,,621.0,229.0,619.0,234.0,591.0,222.0,624.0,231.0,,,,,,,,0.0,0.0,0.0,0.0,0.0,0.0,0.0,0.0,0.0,23,0,0,0,0,0,0,0,0,0,0,0,0,0,0,0,60,48,0.0,0.0,0.0,0.0,0.0,0.0,0.0,0.0,0.0,0,0,0,0
558,Jay,Matete,Matete,u,has joined MK Dons permanently.,,4.3,588,343.0,0.2,364,122.0,0.0,564.0,197.0,0,0,0.0,-2,2.0,0,150,0.0,0.0,0.0,0.0,0.0,626.0,235.0,0.0,0.0,615.0,225.0,612.0,230.0,583.0,217.0,618.0,227.0,,,,,,,,0.0,0.0,0.0,0.0,0.0,0.0,0.0,0.0,0.0,23,0,0,0,0,0,0,0,0,0,0,0,0,0,0,0,0,362,0.0,0.0,0.0,0.0,0.0,0.0,0.0,0.0,0.0,0,0,0,0
559,Nectarios,Triantis,Triantis,u,has joined Minnesota United permanently.,,4.4,538,322.0,0.0,633,255.0,0.0,594.0,214.0,0,0,0.0,-1,1.0,0,2,0.0,0.0,0.0,0.0,0.0,652.0,252.0,0.0,0.0,642.0,243.0,640.0,248.0,615.0,237.0,645.0,245.0,,,,,,,,0.0,0.0,0.0,0.0,0.0,0.0,0.0,0.0,0.0,23,0,0,0,0,0,0,0,0,0,0,0,0,0,0,0,0,7,0.0,0.0,0.0,0.0,0.0,0.0,0.0,0.0,0.0,0,0,0,0
560,Wilson,Isidor,Isidor,a,,,5.2,211,46.0,1.6,148,23.0,0.5,332.0,38.0,1,0,0.0,-3,3.0,418,1019,0.1,9.8,0.5,0.5,2.5,259.0,25.0,100.0,100.0,255.0,23.0,371.0,45.0,36.0,16.0,179.0,20.0,,,,,,,,0.32,0.01,0.33,1.44,0.0,0.37,1.19,1.01,3.56,23,1,15,0,0,0,0,0,0,0,0,0,0,0,0,3,1799,3334,0.0,0.10999999999999988,0.0,0.10999999999999988,0.17999999999999972,1.0,0.0,6.0,0.6999999999999957,1,1,1,3
561,Eliezer,Mayenda Dossou,Mayenda,a,,,5.2,219,48.0,0.5,248,40.0,1.5,234.0,29.0,2,0,0.0,-3,3.0,63,93,0.3,5.0,1.5,1.5,1.9,337.0,33.0,,,353.0,35.0,329.0,38.0,161.0,36.0,315.0,37.0,,,3.0,,,,,0.17,0.02,0.19,1.63,0.0,0.47,1.1,0.94,3.15,23,2,74,0,0,0,3,0,0,0,0,0,0,1,0,0,154,242,0.0,0.0,0.010000000000000009,0.010000000000000009,1.3399999999999999,2.200000000000003,1.2999999999999972,4.0,0.8000000000000007,1,0,1,2
562,Ahmed,Abdullahi,Abdullahi,a,,,4.2,640,88.0,0.4,274,43.0,0.0,553.0,52.0,0,0,0.0,-3,3.0,255,138,0.0,0.0,0.0,0.0,0.0,619.0,62.0,,,608.0,61.0,605.0,61.0,575.0,61.0,612.0,62.0,,,,,,,,0.0,0.0,0.0,0.0,0.0,0.0,0.0,0.0,0.0,23,0,0,0,0,0,0,0,0,0,0,0,0,0,0,0,605,353,0.0,0.0,0.0,0.0,0.0,0.0,0.0,0.0,0.0,0,0,0,0
678,Arthur,Masuaku,Masuaku,i,Ankle injury - Expected back 22 Feb,,3.9,728,209.0,0.5,246,94.0,0.0,442.0,170.0,0,0,0.0,-1,1.0,6,102,0.0,0.3,0.0,0.0,0.3,491.0,171.0,0.0,0.0,421.0,159.0,375.0,136.0,394.0,148.0,426.0,154.0,,,,,,,,0.05,0.06,0.11,1.5,0.0,0.0,1.44,1.44,7.2,23,0,0,0,0,0,0,0,0,0,0,0,0,0,0,0,13,306,0.0,0.0,0.0,0.0,0.0,0.0,0.0,0.0,0.0,0,0,0,0
683,Omar,Alderete,Alderete,a,,,4.1,644,157.0,6.6,60,20.0,2.7,129.0,46.0,1,0,0.0,1,-1.0,2567,4146,0.7,19.3,2.7,2.7,4.2,56.0,25.0,100.0,100.0,39.0,17.0,245.0,71.0,99.0,14.0,93.0,25.0,,,,,,,,0.07,0.04,0.11,1.46,0.0,0.33,1.15,0.98,9.77,23,1,90,0,0,0,3,0,0,0,0,0,0,1,0,9,10442,8586,0.0,0.0,0.010000000000000009,0.010000000000000009,1.5199999999999996,22.80000000000001,20.89999999999999,2.0,4.599999999999994,0,9,5,9
694,Nordi,Mukiele,Mukiele,a,,,4.5,409,77.0,12.4,35,11.0,5.3,11.0,4.0,4,0,0.0,5,-5.0,10651,3020,1.2,22.7,5.3,5.3,4.9,18.0,8.0,,,23.0,9.0,104.0,26.0,191.0,45.0,70.0,14.0,,,,,,,,0.03,0.08,0.11,1.51,0.0,0.29,1.15,1.0,9.9,23,4,82,0,1,0,3,0,0,0,0,0,0,1,0,8,50208,6938,0.0,0.0,0.1499999999999999,0.1499999999999999,1.3900000000000006,30.0,15.400000000000006,2.0,4.700000000000003,0,4,3,4
724,Lutsharel,Geertruida,Geertruida,a,,,4.5,418,83.0,0.0,584,212.0,1.8,204.0,76.0,0,0,0.0,0,0.0,12,59,0.4,7.1,1.8,1.8,1.9,333.0,128.0,,,258.0,104.0,281.0,90.0,322.0,103.0,312.0,107.0,,,,,,,,0.03,0.04,0.07,1.91,0.0,0.19,1.3,0.93,5.94,23,0,0,0,0,0,0,0,0,0,0,0,0,0,0,0,45,126,0.0,0.0,0.0,0.0,0.0,0.0,0.0,0.0,0.0,0,0,0,0
730,Brian,Brobbey,Brobbey,a,,,5.5,147,35.0,1.0,184,27.0,5.0,18.0,2.0,7,0,0.0,0,0.0,8789,590,0.9,10.2,5.0,5.0,3.1,171.0,16.0,100.0,100.0,202.0,16.0,293.0,30.0,84.0,26.0,201.0,22.0,,,,,,,,0.23,0.02,0.25,1.68,0.0,0.31,1.24,0.93,3.82,23,7,90,1,0,0,3,0,0,0,0,0,0,1,1,30,24495,1593,0.0,0.3500000000000003,0.010000000000000009,0.3599999999999999,1.5199999999999978,31.400000000000006,1.8000000000000043,19.0,5.199999999999996,0,0,1,1
735,Bertrand,Traoré,Traoré,i,Knee injury - Expected back 11 Feb,,5.5,136,84.0,0.0,628,250.0,0.0,775.0,344.0,0,0,0.0,0,0.0,1,14,0.0,5.1,0.0,0.0,2.8,218.0,96.0,0.0,0.0,300.0,135.0,206.0,132.0,158.0,92.0,261.0,127.0,,,,,,,,0.07,0.04,0.11,1.33,0.0,0.44,1.33,1.33,5.93,23,0,0,0,0,0,0,0,0,0,0,0,0,0,0,0,7,34,0.0,0.0,0.0,0.0,0.0,0.0,0.0,0.0,0.0,0,0,0,0
774,Jenson,Jones,Jenson Jones,a,,,4.0,662,166.0,0.0,731,250.0,0.0,485.0,187.0,0,0,0.0,0,0.0,5,8,0.0,0.0,0.0,0.0,0.0,563.0,208.0,,,551.0,207.0,546.0,208.0,511.0,201.0,554.0,207.0,,,,,,,,0.0,0.0,0.0,0.0,0.0,0.0,0.0,0.0,0.0,23,0,0,0,0,0,0,0,0,0,0,0,0,0,0,0,25,18,0.0,0.0,0.0,0.0,0.0,0.0,0.0,0.0,0.0,0,0,0,0
775,Tymur,Tutierov,Tutierov,u,has joined Exeter City on loan for the rest of the season.,,4.5,485,299.0,0.0,794,354.0,0.0,670.0,268.0,0,0,0.0,0,0.0,0,0,0.0,0.0,0.0,0.0,0.0,720.0,301.0,0.0,0.0,718.0,299.0,713.0,299.0,696.0,294.0,718.0,299.0,,,,,,,,0.0,0.0,0.0,0.0,0.0,0.0,0.0,0.0,0.0,23,0,0,0,0,0,0,0,0,0,0,0,0,0,0,0,0,2,0.0,0.0,0.0,0.0,0.0,0.0,0.0,0.0,0.0,0,0,0,0
800,Djiamgone Jocelin Ta,Bi,Jocelin.T,i,Lack of match fitness - Expected back 22 Feb,,5.0,282,175.0,0.0,802,361.0,0.0,747.0,325.0,0,0,0.0,0,0.0,1,2,0.0,0.0,0.0,0.0,0.0,775.0,342.0,0.0,0.0,775.0,342.0,773.0,342.0,767.0,340.0,775.0,342.0,,,,,,,,0.0,0.0,0.0,0.0,0.0,0.0,0.0,0.0,0.0,23,0,0,0,0,0,0,0,0,0,0,0,0,0,0,0,7,3,0.0,0.0,0.0,0.0,0.0,0.0,0.0,0.0,0.0,0,0,0,0
565,Guglielmo,Vicario,Vicario,a,,,4.8,351,14.0,6.7,59,9.0,2.8,117.0,11.0,1,0,0.0,-2,2.0,271,4334,0.6,16.0,2.3,2.8,3.3,139.0,13.0,,,27.0,8.0,467.0,14.0,720.0,78.0,191.0,9.0,,,,,,,,0.0,0.0,0.0,1.33,2.57,0.3,1.35,1.0,0.0,23,1,90,0,0,0,2,0,0,0,0,0,2,1,0,7,3342,8142,0.0,0.0,0.0,0.0,1.4399999999999977,16.0,0.0,0.0,1.5999999999999943,0,0,7,0
566,Brandon,Austin,Austin,a,,,3.9,735,75.0,0.3,311,42.0,0.0,447.0,39.0,0,0,0.0,-1,1.0,11,28,0.0,0.0,-0.5,0.0,0.0,525.0,44.0,,,513.0,44.0,506.0,31.0,469.0,16.0,516.0,44.0,,,,,,,,0.0,0.0,0.0,0.0,0.0,0.0,0.0,0.0,0.0,23,0,0,0,0,0,0,0,0,0,0,0,0,0,0,0,29,96,0.0,0.0,0.0,0.0,0.0,0.0,0.0,0.0,0.0,0,0,0,0
568,Pedro,Porro Sauceda,Pedro Porro,a,,,5.2,213,29.0,12.7,34,10.0,4.2,38.0,14.0,1,0,0.0,-3,3.0,1270,6761,0.8,15.2,3.7,4.2,3.4,130.0,51.0,,,57.0,27.0,15.0,1.0,226.0,60.0,40.0,3.0,3.0,2.0,,,,,,0.02,0.14,0.16,1.26,0.0,0.35,1.19,1.04,6.73,23,1,45,0,0,0,1,0,0,0,0,0,0,1,0,2,10594,10972,0.0,0.09000000000000002,0.010000000000000231,0.09999999999999964,0.6400000000000006,3.6000000000000227,3.900000000000091,11.0,1.9000000000000057,1,3,5,4
569,Cristian,Romero,Romero,a,,,5.0,251,39.0,4.1,88,31.0,5.2,14.0,6.0,9,0,0.0,0,0.0,3569,1452,1.0,18.0,4.7,5.2,4.7,26.0,14.0,100.0,100.0,18.0,7.0,204.0,52.0,95.0,11.0,71.0,15.0,,,,,,,,0.07,0.06,0.13,1.35,0.0,0.27,1.37,0.99,9.68,23,9,90,1,0,0,2,0,0,0,0,0,0,1,2,27,13589,2472,0.0,0.10000000000000009,0.010000000000000009,0.10999999999999988,1.4100000000000001,53.200000000000045,1.3999999999999915,19.0,7.400000000000006,6,3,7,9
570,Kevin,Danso,Danso,a,,,4.2,619,143.0,0.1,422,156.0,1.3,245.0,91.0,1,0,0.0,-3,3.0,21,32,0.3,6.4,0.8,1.3,2.1,305.0,114.0,,,228.0,94.0,408.0,147.0,385.0,142.0,331.0,111.0,,,,,,,,0.0,0.02,0.02,1.46,0.0,0.27,1.64,1.09,12.72,23,1,77,0,0,0,2,0,0,0,0,0,0,1,0,4,62,82,0.0,0.0,0.01999999999999999,0.01999999999999999,1.4100000000000001,19.0,2.0,0.0,2.099999999999998,2,5,2,7
571,Ben,Davies,Davies,i,Ankle injury - Unknown return date,,4.3,566,124.0,0.1,520,187.0,1.5,230.0,86.0,0,0,0.0,-2,2.0,0,43,0.3,2.3,0.0,0.0,3.3,137.0,55.0,0.0,0.0,361.0,137.0,370.0,134.0,289.0,89.0,367.0,132.0,,,,,,,,0.32,0.05,0.37,0.73,0.0,0.0,1.99,1.32,9.26,23,0,0,0,0,0,0,0,0,0,0,0,0,0,0,0,6,125,0.0,0.0,0.0,0.0,0.0,0.0,0.0,0.0,0.0,0,0,0,0
572,Radu,Drăgușin,Dragusin,a,,,4.5,441,89.0,0.0,717,246.0,0.3,352.0,130.0,1,0,0.0,0,0.0,6,5,0.1,0.4,-0.2,0.3,1.0,452.0,164.0,100.0,100.0,683.0,252.0,459.0,167.0,411.0,153.0,471.0,167.0,,,,,,,,0.9,0.0,0.9,1.5,0.0,0.0,0.0,0.0,15.0,23,1,1,0,0,0,0,0,0,0,0,0,0,0,0,3,20,10,0.0,0.0,0.0,0.0,0.04000000000000001,0.0,0.0,0.0,0.0,0,0,0,0
573,Djed,Spence,Spence,a,,,4.3,575,130.0,1.1,175,68.0,2.8,115.0,40.0,1,0,0.0,-2,2.0,77,604,0.7,12.8,2.3,2.8,2.8,212.0,81.0,,,206.0,84.0,141.0,34.0,138.0,25.0,181.0,59.0,,,,,,,,0.05,0.08,0.13,1.41,0.0,0.42,1.25,1.02,4.66,23,1,90,0,0,0,2,0,0,0,0,0,0,1,0,20,708,1423,0.0,0.06000000000000005,0.53,0.5900000000000001,1.4400000000000013,34.0,37.30000000000001,30.0,10.100000000000001,1,3,10,4
574,Destiny,Udogie,Udogie,a,,,4.3,583,136.0,0.3,307,114.0,0.2,376.0,143.0,1,0,0.0,-2,2.0,25,38,0.0,3.3,-0.3,0.2,1.3,409.0,150.0,100.0,100.0,289.0,110.0,218.0,61.0,273.0,79.0,297.0,99.0,,,,,,,,0.01,0.05,0.06,1.55,0.0,0.0,1.94,0.83,4.29,23,1,45,0,0,0,1,0,0,0,0,0,0,0,0,56,143,90,0.0,0.0,0.04999999999999999,0.04999999999999999,0.8000000000000007,2.799999999999997,2.700000000000003,4.0,1.0,1,0,2,1
575,Micky,van de Ven,Van de Ven,a,,,4.6,394,70.0,28.0,11,4.0,5.2,13.0,5.0,7,0,0.0,1,-1.0,6517,10336,1.1,20.9,4.7,5.2,4.4,43.0,19.0,,,30.0,14.0,259.0,77.0,107.0,16.0,90.0,22.0,,,,,,,,0.11,0.02,0.13,1.31,0.0,0.32,1.33,1.01,6.49,23,7,90,1,0,0,2,0,0,0,0,0,0,1,0,21,19852,27746,0.0,0.08999999999999986,0.010000000000000009,0.10000000000000009,1.4400000000000013,49.60000000000002,2.8000000000000114,17.0,6.8999999999999915,3,3,2,6
576,Ashley,Phillips,Phillips,u,Has joined Stoke City on loan for the rest of the season.,,4.0,693,184.0,0.0,710,244.0,0.0,513.0,202.0,0,0,0.0,0,0.0,0,3,0.0,0.0,0.0,0.0,0.0,589.0,221.0,0.0,0.0,577.0,220.0,572.0,221.0,538.0,215.0,580.0,220.0,,,,,,,,0.0,0.0,0.0,0.0,0.0,0.0,0.0,0.0,0.0,23,0,0,0,0,0,0,0,0,0,0,0,0,0,0,0,0,4,0.0,0.0,0.0,0.0,0.0,0.0,0.0,0.0,0.0,0,0,0,0
577,Takai,Kōta,Takai,u,has joined Borussia Mönchengladbach on loan for the rest of the season.,,4.0,695,185.0,0.0,588,213.0,0.0,515.0,203.0,0,0,0.0,0,0.0,0,4,0.0,0.0,0.0,0.0,0.0,591.0,222.0,0.0,0.0,579.0,221.0,574.0,222.0,540.0,216.0,582.0,221.0,,,,,,,,0.0,0.0,0.0,0.0,0.0,0.0,0.0,0.0,0.0,23,0,0,0,0,0,0,0,0,0,0,0,0,0,0,0,0,12,0.0,0.0,0.0,0.0,0.0,0.0,0.0,0.0,0.0,0,0,0,0
578,Luka,Vušković,Vuskovic,u,has joined Hamburger SV on loan for the rest of the season.,,3.9,767,229.0,0.3,301,111.0,0.0,471.0,180.0,0,0,0.0,-1,1.0,0,21,0.0,0.0,0.0,0.0,0.0,549.0,201.0,0.0,0.0,537.0,200.0,530.0,201.0,494.0,193.0,540.0,200.0,,,,,,,,0.0,0.0,0.0,0.0,0.0,0.0,0.0,0.0,0.0,23,0,0,0,0,0,0,0,0,0,0,0,0,0,0,0,0,55,0.0,0.0,0.0,0.0,0.0,0.0,0.0,0.0,0.0,0,0,0,0
579,Son,Heung-min,Son,u,Has joined Los Angeles FC permanently.,,8.5,10,5.0,0.1,437,149.0,0.0,801.0,361.0,0,0,0.0,0,0.0,0,7,0.0,0.0,0.0,0.0,0.0,802.0,361.0,0.0,0.0,802.0,361.0,802.0,361.0,802.0,361.0,802.0,361.0,,,,,,,,0.0,0.0,0.0,0.0,0.0,0.0,0.0,0.0,0.0,23,0,0,0,0,0,0,0,0,0,0,0,0,0,0,0,0,11,0.0,0.0,0.0,0.0,0.0,0.0,0.0,0.0,0.0,0,0,0,0
581,James,Maddison,Maddison,i,Anterior cruciate ligament - Unknown return date,,6.8,45,27.0,0.1,439,150.0,0.0,796.0,358.0,0,0,0.0,-2,2.0,6,11,0.0,0.0,0.0,0.0,0.0,799.0,358.0,0.0,0.0,799.0,358.0,799.0,358.0,799.0,358.0,799.0,358.0,,,,,,,,0.0,0.0,0.0,0.0,0.0,0.0,0.0,0.0,0.0,23,0,0,0,0,0,0,0,0,0,0,0,0,0,0,0,12,16,0.0,0.0,0.0,0.0,0.0,0.0,0.0,0.0,0.0,0,0,0,0
582,Mohammed,Kudus,Kudus,i,Thigh injury - Expected back 11 Apr,,6.4,61,39.0,10.6,42,16.0,1.2,272.0,119.0,0,0,0.0,-1,1.0,12,6241,0.2,11.7,0.0,0.0,3.9,81.0,38.0,0.0,0.0,108.0,37.0,27.0,26.0,50.0,30.0,37.0,28.0,2.0,1.0,,,,,,0.11,0.14,0.25,1.33,0.0,0.41,1.17,1.11,7.8,23,0,0,0,0,0,0,0,0,0,0,0,0,0,0,0,37,17100,0.0,0.0,0.0,0.0,0.0,0.0,0.0,0.0,0.0,0,0,0,0
583,Dejan,Kulusevski,Kulusevski,i,Knee injury - Unknown return date,,6.4,60,38.0,0.0,704,297.0,0.0,793.0,357.0,0,0,0.0,-1,1.0,5,5,0.0,0.0,0.0,0.0,0.0,796.0,357.0,0.0,0.0,796.0,357.0,796.0,357.0,796.0,357.0,796.0,357.0,,,,,,,,0.0,0.0,0.0,0.0,0.0,0.0,0.0,0.0,0.0,23,0,0,0,0,0,0,0,0,0,0,0,0,0,0,0,10,8,0.0,0.0,0.0,0.0,0.0,0.0,0.0,0.0,0.0,0,0,0,0
584,Mathys,Tel,Tel,a,,,6.2,79,52.0,0.2,358,119.0,2.7,143.0,62.0,1,0,0.0,-3,3.0,73,672,0.4,7.3,2.2,2.7,2.8,221.0,99.0,,,269.0,119.0,211.0,134.0,128.0,74.0,234.0,116.0,4.0,,4.0,,,,,0.19,0.09,0.28,1.11,0.0,0.17,1.52,1.01,7.58,23,1,12,0,0,0,0,0,0,0,0,0,0,0,0,0,2048,1194,0.0,0.32000000000000006,0.010000000000000009,0.32999999999999985,0.040000000000000036,2.6000000000000227,0.9000000000000057,33.0,3.6999999999999957,0,0,2,2
585,Rodrigo,Bentancur,Bentancur,i,Hamstring injury - Unknown return date,,5.3,188,117.0,0.2,372,125.0,2.5,156.0,66.0,0,0,0.0,-2,2.0,0,173,0.5,12.1,0.0,0.0,3.2,156.0,66.0,0.0,0.0,165.0,63.0,151.0,104.0,231.0,126.0,188.0,100.0,,,,,,,,0.03,0.04,0.07,1.32,0.0,0.32,1.34,1.09,13.24,23,0,0,0,0,0,0,0,0,0,0,0,0,0,0,0,3,540,0.0,0.0,0.0,0.0,0.0,0.0,0.0,0.0,0.0,0,0,0,0
586,Lucas,Bergvall,Bergvall,i,Ankle injury - Unknown return date,,5.2,220,137.0,0.2,374,126.0,1.0,286.0,125.0,0,0,0.0,-3,3.0,4,119,0.2,7.5,0.0,0.0,2.3,277.0,120.0,0.0,0.0,275.0,122.0,252.0,152.0,159.0,93.0,263.0,129.0,,,,,,,,0.11,0.04,0.15,1.15,0.0,0.34,1.46,1.13,7.66,23,0,0,0,0,0,0,0,0,0,0,0,0,0,0,0,9,293,0.0,0.0,0.0,0.0,0.0,0.0,0.0,0.0,0.0,0,0,0,0
587,Yves,Bissouma,Bissouma,a,,,5.2,208,130.0,0.0,601,231.0,0.8,298.0,133.0,4,0,0.0,-3,3.0,33,16,0.2,1.0,0.3,0.8,2.5,258.0,111.0,100.0,100.0,405.0,179.0,410.0,201.0,357.0,184.0,419.0,189.0,,,,,,,,0.2,0.05,0.25,1.98,0.0,0.0,2.21,0.74,16.97,23,4,77,0,0,0,2,0,0,0,0,0,0,1,0,21,84,28,0.0,0.020000000000000018,0.060000000000000005,0.08000000000000002,1.41,20.200000000000003,6.6,1.0,2.8,4,6,5,15
588,Wilson,Odobert,Odobert,a,,,5.3,203,127.0,0.1,480,168.0,3.0,111.0,53.0,8,0,0.0,-2,2.0,288,102,0.6,8.1,2.5,3.0,2.0,325.0,145.0,100.0,100.0,264.0,115.0,87.0,64.0,89.0,54.0,144.0,81.0,,,,,,,,0.16,0.12,0.28,1.16,0.0,0.2,1.32,0.81,7.02,23,8,90,0,1,0,2,0,0,0,0,0,0,1,3,32,2400,246,0.0,0.2100000000000002,0.3599999999999999,0.5699999999999998,1.4399999999999995,41.80000000000001,43.80000000000001,48.0,13.399999999999999,2,1,8,11
589,Manor,Solomon,Solomon,u,has joined Fiorentina on loan for the rest of the season.,,5.4,167,104.0,0.0,739,317.0,0.0,767.0,338.0,0,0,0.0,-1,1.0,0,0,0.0,0.0,0.0,0.0,0.0,781.0,345.0,0.0,0.0,781.0,345.0,780.0,345.0,776.0,344.0,781.0,345.0,,,,,,,,0.0,0.0,0.0,0.0,0.0,0.0,0.0,0.0,0.0,23,0,0,0,0,0,0,0,0,0,0,0,0,0,0,0,0,0,0.0,0.0,0.0,0.0,0.0,0.0,0.0,0.0,0.0,0,0,0,0
590,Bryan,Gil Salvatierra,Bryan,u,has joined Girona permanently.,,4.9,322,199.0,0.0,647,263.0,0.0,716.0,302.0,0,0,0.0,-1,1.0,0,1,0.0,0.0,0.0,0.0,0.0,751.0,324.0,0.0,0.0,750.0,323.0,746.0,323.0,738.0,321.0,750.0,323.0,,,,,,,,0.0,0.0,0.0,0.0,0.0,0.0,0.0,0.0,0.0,23,0,0,0,0,0,0,0,0,0,0,0,0,0,0,0,0,2,0.0,0.0,0.0,0.0,0.0,0.0,0.0,0.0,0.0,0,0,0,0
591,Archie,Gray,Gray,a,,,4.8,369,232.0,0.1,427,144.0,3.0,104.0,50.0,1,0,0.0,-2,2.0,39,74,0.6,5.8,2.5,3.0,2.2,295.0,130.0,100.0,100.0,320.0,141.0,301.0,171.0,244.0,132.0,321.0,155.0,,,,,,,,0.09,0.02,0.11,1.11,0.0,0.68,1.1,1.23,9.32,23,1,12,0,0,0,0,0,0,0,0,0,0,0,0,3,181,219,0.0,0.0,0.0,0.0,0.03999999999999915,0.5999999999999943,0.29999999999999716,0.0,0.10000000000000142,0,0,0,0
592,Mikey,Moore,Moore,u,Has joined Rangers on loan for the rest of the season.,,5.0,269,164.0,0.0,765,333.0,0.0,740.0,320.0,0,0,0.0,0,0.0,0,0,0.0,0.0,0.0,0.0,0.0,768.0,337.0,0.0,0.0,767.0,336.0,765.0,336.0,759.0,334.0,767.0,336.0,,,,,,,,0.0,0.0,0.0,0.0,0.0,0.0,0.0,0.0,0.0,23,0,0,0,0,0,0,0,0,0,0,0,0,0,0,0,0,0,0.0,0.0,0.0,0.0,0.0,0.0,0.0,0.0,0.0,0,0,0,0
593,Pape Matar,Sarr,P.M.Sarr,a,,,4.5,435,262.0,0.8,202,68.0,0.0,635.0,240.0,0,0,0.0,-5,5.0,230,123,0.0,9.3,-0.5,0.0,3.0,184.0,79.0,100.0,100.0,259.0,111.0,243.0,148.0,216.0,120.0,273.0,135.0,,,,,,,,0.13,0.06,0.19,1.63,0.0,0.38,0.9,0.9,10.5,23,0,0,0,0,0,0,0,0,0,0,0,0,0,0,0,900,342,0.0,0.0,0.0,0.0,0.0,0.0,0.0,0.0,0.0,0,0,0,0
594,Yang,Min-hyeok,Min-hyeok,u,has joined Coventry City on loan for the rest of the season.,,4.5,495,308.0,0.0,712,303.0,0.0,678.0,276.0,0,0,0.0,0,0.0,0,0,0.0,0.0,0.0,0.0,0.0,727.0,308.0,0.0,0.0,726.0,307.0,721.0,307.0,704.0,302.0,726.0,307.0,,,,,,,,0.0,0.0,0.0,0.0,0.0,0.0,0.0,0.0,0.0,23,0,0,0,0,0,0,0,0,0,0,0,0,0,0,0,0,2,0.0,0.0,0.0,0.0,0.0,0.0,0.0,0.0,0.0,0,0,0,0
596,Dominic,Solanke-Mitchell,Solanke,a,,,7.2,31,11.0,1.0,181,26.0,0.5,337.0,40.0,2,0,0.0,-3,3.0,481,384,0.1,0.7,0.0,0.5,1.2,425.0,49.0,100.0,100.0,420.0,46.0,367.0,44.0,259.0,47.0,387.0,47.0,,,2.0,,,,,0.52,0.01,0.53,1.69,0.0,0.0,1.81,0.6,6.04,23,2,90,0,0,0,2,0,0,0,0,0,0,1,0,5,6035,797,0.0,0.6599999999999999,0.02,0.6799999999999999,1.4399999999999997,9.399999999999999,23.8,41.0,7.4,3,0,1,4
597,Richarlison,de Andrade,Richarlison,i,Hamstring injury - Expected back 01 Mar,,6.4,58,21.0,6.2,64,12.0,1.7,226.0,27.0,0,0,0.0,-1,1.0,20,6502,0.3,11.7,0.0,0.0,3.6,118.0,10.0,0.0,0.0,79.0,6.0,152.0,11.0,19.0,12.0,45.0,10.0,,,3.0,,,,,0.34,0.09,0.43,1.27,0.0,0.35,1.34,0.92,6.91,23,0,0,0,0,0,0,0,0,0,0,0,0,0,0,0,46,17398,0.0,0.0,0.0,0.0,0.0,0.0,0.0,0.0,0.0,0,0,0,0
598,Will,Lankshear,Lankshear,u,Has joined Oxford United on loan for the rest of the season.,,4.5,461,63.0,0.0,659,81.0,0.0,650.0,64.0,0,0,0.0,0,0.0,0,2,0.0,0.0,0.0,0.0,0.0,701.0,73.0,0.0,0.0,697.0,73.0,693.0,72.0,674.0,72.0,698.0,73.0,,,,,,,,0.0,0.0,0.0,0.0,0.0,0.0,0.0,0.0,0.0,23,0,0,0,0,0,0,0,0,0,0,0,0,0,0,0,0,3,0.0,0.0,0.0,0.0,0.0,0.0,0.0,0.0,0.0,0,0,0,0
673,João Maria,Lobo Alves Palhares Costa Palhinha Gonçalves,J.Palhinha,d,Knock - 75% chance of playing,,5.5,137,85.0,0.9,191,64.0,2.0,199.0,84.0,0,0,0.0,0,0.0,9,1144,0.4,14.2,1.1,1.5,3.9,79.0,36.0,75.0,75.0,76.0,25.0,240.0,146.0,152.0,87.0,141.0,78.0,,,,,,,,0.07,0.03,0.1,1.34,0.0,0.28,1.39,0.97,12.06,23,0,0,0,0,0,0,0,0,0,0,0,0,0,0,0,189,3329,0.0,0.0,0.0,0.0,0.0,0.0,0.0,0.0,0.0,0,0,0,0
717,Xavi,Simons,Xavi,a,,,6.5,54,35.0,1.2,171,60.0,1.8,207.0,90.0,4,0,0.0,-5,5.0,489,1444,0.3,7.7,1.3,1.8,2.9,209.0,92.0,100.0,100.0,230.0,96.0,82.0,61.0,147.0,85.0,146.0,82.0,5.0,,,,,,,0.13,0.19,0.32,1.46,0.0,0.25,1.72,0.98,8.1,23,4,90,0,0,0,2,0,0,0,0,0,0,1,0,16,5757,2464,0.0,0.48,0.6500000000000001,1.13,1.4399999999999977,6.199999999999989,39.400000000000006,14.0,6.0,1,1,10,12
726,Randal,Kolo Muani,Kolo Muani,a,,,6.9,42,17.0,0.4,269,42.0,1.3,259.0,34.0,0,0,0.0,-1,1.0,120,740,0.2,3.5,0.8,1.3,1.6,382.0,42.0,100.0,100.0,354.0,36.0,153.0,12.0,135.0,34.0,256.0,31.0,,,,,,,,0.13,0.09,0.22,1.38,0.0,0.29,1.56,1.07,5.56,23,0,0,0,0,0,0,0,0,0,0,0,0,0,0,0,1383,1556,0.0,0.0,0.0,0.0,0.0,0.0,0.0,0.0,0.0,0,0,0,0
745,Jun'ai,Byfield,Byfield,a,,,4.0,715,204.0,0.0,641,223.0,0.0,532.0,219.0,0,0,0.0,0,0.0,7,15,0.0,0.0,-0.5,0.0,0.0,608.0,238.0,,,596.0,237.0,591.0,238.0,557.0,232.0,599.0,237.0,,,,,,,,0.0,0.0,0.0,0.0,0.0,0.0,0.0,0.0,0.0,23,0,0,0,0,0,0,0,0,0,0,0,0,0,0,0,29,27,0.0,0.0,0.0,0.0,0.0,0.0,0.0,0.0,0.0,0,0,0,0
750,James,Rowswell,Rowswell,a,,,4.0,682,176.0,0.0,658,229.0,0.0,503.0,195.0,0,0,0.0,0,0.0,10,4,0.0,0.0,-0.5,0.0,0.0,580.0,215.0,,,568.0,214.0,563.0,215.0,528.0,208.0,571.0,214.0,,,,,,,,0.0,0.0,0.0,0.0,0.0,0.0,0.0,0.0,0.0,23,0,0,0,0,0,0,0,0,0,0,0,0,0,0,0,34,15,0.0,0.0,0.0,0.0,0.0,0.0,0.0,0.0,0.0,0,0,0,0
751,Yusuf,Akhamrich,Akhamrich,a,,,4.5,479,295.0,0.0,748,322.0,0.0,664.0,264.0,0,0,0.0,0,0.0,2,8,0.0,0.0,-0.5,0.0,0.0,714.0,297.0,,,712.0,295.0,707.0,295.0,690.0,290.0,712.0,295.0,,,,,,,,0.0,0.0,0.0,0.0,0.0,0.0,0.0,0.0,0.0,23,0,0,0,0,0,0,0,0,0,0,0,0,0,0,0,6,14,0.0,0.0,0.0,0.0,0.0,0.0,0.0,0.0,0.0,0,0,0,0
790,Lucá,Williams-Barnett,Williams-Barnett,a,,,4.5,492,305.0,0.0,781,345.0,0.0,675.0,273.0,0,0,0.0,0,0.0,10,4,0.0,0.0,-0.5,0.0,0.0,724.0,305.0,,,723.0,304.0,718.0,304.0,701.0,299.0,723.0,304.0,,,,,,,,0.0,0.0,0.0,0.0,0.0,0.0,0.0,0.0,0.0,23,0,0,0,0,0,0,0,0,0,0,0,0,0,0,0,23,6,0.0,0.0,0.0,0.0,0.0,0.0,0.0,0.0,0.0,0,0,0,0
796,Conor,Gallagher,Gallagher,a,,,5.5,143,91.0,0.2,405,137.0,2.0,200.0,85.0,2,0,0.0,0,0.0,350,370,0.4,0.7,1.5,2.0,2.0,327.0,147.0,,,428.0,191.0,350.0,184.0,278.0,148.0,391.0,180.0,,,,,,,,0.2,0.12,0.32,2.12,0.0,0.0,2.07,1.03,8.79,23,2,84,0,0,0,2,0,0,0,0,0,0,1,0,15,2122,688,0.0,0.28,0.08000000000000002,0.36,1.4099999999999997,11.4,18.1,35.0,6.5,0,1,9,10
149,Igor Julio,dos Santos de Paulo,Igor,a,,,4.5,415,81.0,0.1,516,186.0,0.0,619.0,242.0,0,0,0.0,0,0.0,28,22,0.0,1.3,0.0,0.0,1.5,388.0,143.0,100.0,100.0,416.0,158.0,397.0,146.0,642.0,249.0,438.0,159.0,,,,,,,,0.0,0.0,0.0,4.07,0.0,0.0,2.62,0.87,11.36,23,0,0,0,0,0,0,0,0,0,0,0,0,0,0,0,64,57,0.0,0.0,0.0,0.0,0.0,0.0,0.0,0.0,0.0,0,0,0,0
600,Alphonse,Areola,Areola,a,,,4.3,561,27.0,2.2,121,16.0,2.3,163.0,17.0,2,0,0.0,-2,2.0,427,516,0.5,11.4,2.3,2.3,2.6,236.0,21.0,,,16.0,4.0,401.0,6.0,577.0,63.0,161.0,4.0,,,,,,,,0.0,0.0,0.0,1.72,3.89,0.0,1.79,1.0,0.0,23,2,90,0,0,0,1,0,0,0,0,0,1,1,0,6,2224,1456,0.0,0.0,0.0,0.0,0.6700000000000017,6.399999999999977,0.0,0.0,0.6000000000000014,0,1,6,0
601,Wes,Foderingham,Foderingham,u,has joined Aris Limassol permanently.,,4.0,649,42.0,0.2,346,49.0,0.0,475.0,56.0,0,0,0.0,0,0.0,0,27,0.0,0.0,0.0,0.0,0.0,553.0,61.0,0.0,0.0,541.0,61.0,535.0,49.0,499.0,34.0,544.0,61.0,,,,,,,,0.0,0.0,0.0,0.0,0.0,0.0,0.0,0.0,0.0,23,0,0,0,0,0,0,0,0,0,0,0,0,0,0,0,0,49,0.0,0.0,0.0,0.0,0.0,0.0,0.0,0.0,0.0,0,0,0,0
602,Krisztián,Hegyi,Hegyi,u,has joined MTK Budapest on loan for the rest of the season.,,3.9,750,81.0,0.2,352,51.0,0.0,456.0,45.0,0,0,0.0,-1,1.0,0,90,0.0,0.0,0.0,0.0,0.0,534.0,50.0,0.0,0.0,522.0,50.0,515.0,37.0,478.0,22.0,525.0,50.0,,,,,,,,0.0,0.0,0.0,0.0,0.0,0.0,0.0,0.0,0.0,23,0,0,0,0,0,0,0,0,0,0,0,0,0,0,0,0,189,0.0,0.0,0.0,0.0,0.0,0.0,0.0,0.0,0.0,0,0,0,0
603,El Hadji Malick,Diouf,Diouf,a,,,4.0,711,200.0,1.3,163,61.0,0.2,373.0,140.0,1,0,0.0,-5,5.0,470,194,0.0,11.2,0.2,0.2,2.6,234.0,90.0,100.0,100.0,155.0,64.0,155.0,38.0,265.0,76.0,195.0,61.0,,,,,,,,0.02,0.05,0.07,1.54,0.0,0.13,1.92,0.96,7.36,23,1,20,0,0,0,0,0,0,0,0,0,0,0,0,8,1837,635,0.0,0.0,0.0,0.0,0.10999999999999943,12.400000000000034,0.09999999999999432,0.0,1.2999999999999972,2,4,0,6
604,Emerson,Palmieri dos Santos,Emerson,u,has joined Marseille permanently.,,4.4,512,100.0,0.1,571,207.0,0.0,583.0,234.0,0,0,0.0,-1,1.0,0,2,0.0,0.0,0.0,0.0,0.0,643.0,245.0,0.0,0.0,632.0,244.0,630.0,245.0,604.0,242.0,635.0,245.0,,,,,,,,0.0,0.0,0.0,0.0,0.0,0.0,0.0,0.0,0.0,23,0,0,0,0,0,0,0,0,0,0,0,0,0,0,0,0,7,0.0,0.0,0.0,0.0,0.0,0.0,0.0,0.0,0.0,0,0,0,0
605,Maximilian,Kilman,Kilman,a,,,4.2,623,146.0,0.2,399,145.0,1.2,260.0,96.0,1,0,0.0,-3,3.0,17,77,0.3,8.6,1.2,1.2,1.8,342.0,131.0,,,80.0,35.0,303.0,99.0,274.0,80.0,198.0,63.0,,,,,,,,0.03,0.01,0.04,1.85,0.0,0.06,2.05,1.0,9.09,23,1,1,0,0,0,0,0,0,0,0,0,0,0,0,3,178,349,0.0,0.0,0.0,0.0,0.0,0.0,0.0,0.0,0.0,0,0,0,0
606,Konstantinos,Mavropanos,Mavropanos,a,,,4.4,524,111.0,0.1,515,185.0,1.7,216.0,79.0,2,0,0.0,-1,1.0,19,37,0.4,9.1,1.7,1.7,2.5,253.0,99.0,100.0,100.0,122.0,53.0,392.0,144.0,157.0,31.0,212.0,71.0,,,,,,,,0.07,0.02,0.09,1.46,0.0,0.07,1.7,0.92,10.69,23,2,90,0,0,0,1,0,0,0,0,0,0,1,0,3,828,149,0.0,0.050000000000000044,0.0,0.050000000000000044,0.6699999999999982,8.600000000000023,0.1999999999999993,5.0,1.3999999999999986,0,6,3,6
607,Nayef,Aguerd,N.Aguerd,u,has joined Marseille permanently.,,4.4,517,105.0,0.0,597,214.0,0.0,586.0,237.0,0,0,0.0,-1,1.0,0,2,0.0,0.7,0.0,0.0,1.5,387.0,142.0,0.0,0.0,396.0,152.0,428.0,155.0,387.0,144.0,425.0,153.0,,,,,,,,0.05,0.02,0.07,1.71,0.0,0.0,4.0,1.0,7.5,23,0,0,0,0,0,0,0,0,0,0,0,0,0,0,0,0,2,0.0,0.0,0.0,0.0,0.0,0.0,0.0,0.0,0.0,0,0,0,0
608,Ollie,Scarles,Scarles,a,,,4.3,597,140.0,0.0,606,219.0,2.8,116.0,41.0,5,0,0.0,-2,2.0,51,23,0.7,4.4,2.8,2.8,2.1,307.0,116.0,100.0,100.0,286.0,109.0,289.0,94.0,351.0,118.0,333.0,113.0,,,,,,,,0.03,0.04,0.07,1.75,0.0,0.0,2.02,1.3,9.38,23,5,70,0,1,0,1,0,0,0,0,0,0,1,0,25,174,100,0.0,0.0,0.010000000000000009,0.010000000000000009,0.5600000000000005,12.599999999999994,1.2000000000000028,4.0,1.7999999999999972,4,2,3,6
609,Jean-Clair,Todibo,Todibo,a,,,4.3,578,133.0,0.1,457,168.0,1.7,214.0,78.0,2,0,0.0,-2,2.0,14,29,0.4,7.2,1.7,1.7,1.8,343.0,132.0,100.0,100.0,119.0,50.0,279.0,88.0,369.0,131.0,242.0,83.0,,,,,,,,0.0,0.02,0.02,1.64,0.0,0.0,1.89,1.07,7.99,23,2,90,0,0,0,1,0,0,0,0,0,0,1,0,12,440,88,0.0,0.0,0.0,0.0,0.6699999999999982,16.19999999999999,0.7999999999999972,0.0,1.6999999999999957,1,4,3,5
610,Aaron,Wan-Bissaka,Wan-Bissaka,a,,,4.1,645,158.0,3.9,90,32.0,1.0,277.0,100.0,2,0,0.0,-4,4.0,461,275,0.2,7.6,1.0,1.0,2.2,288.0,109.0,100.0,100.0,177.0,72.0,103.0,25.0,361.0,125.0,200.0,65.0,,,,,,,,0.0,0.05,0.05,1.62,0.0,0.0,2.04,0.98,7.93,23,2,90,0,0,0,1,0,0,0,0,0,0,1,0,12,2406,766,0.0,0.0,0.040000000000000036,0.040000000000000036,0.6699999999999982,13.400000000000006,12.5,0.0,2.6000000000000014,1,3,4,4
611,Kaelan,Casey,Casey,u,has joined Leyton Orient on loan for the rest of the season.,,4.0,690,181.0,0.1,530,194.0,0.0,510.0,199.0,0,0,0.0,0,0.0,0,6,0.0,0.0,0.0,0.0,0.0,587.0,219.0,0.0,0.0,575.0,218.0,570.0,219.0,535.0,212.0,578.0,218.0,,,,,,,,0.0,0.0,0.0,0.0,0.0,0.0,0.0,0.0,0.0,23,0,0,0,0,0,0,0,0,0,0,0,0,0,0,0,0,19,0.0,0.0,0.0,0.0,0.0,0.0,0.0,0.0,0.0,0,0,0,0
612,Lucas,Tolentino Coelho de Lima,L.Paquetá,i,Back injury - Unknown return date,,5.9,97,63.0,1.5,151,50.0,3.0,112.0,54.0,0,0,0.0,-1,1.0,7,3437,0.5,11.7,0.0,0.0,3.8,90.0,41.0,0.0,0.0,85.0,26.0,28.0,27.0,110.0,66.0,52.0,36.0,3.0,2.0,1.0,,,,,0.17,0.12,0.29,1.44,0.0,0.18,1.96,1.07,8.68,23,0,0,0,0,0,0,0,0,0,0,0,0,0,0,0,21,12553,0.0,0.0,0.0,0.0,0.0,0.0,0.0,0.0,0.0,0,0,0,0
613,Tomáš,Souček,Souček,a,,,5.7,117,74.0,0.2,344,116.0,2.3,173.0,71.0,2,0,0.0,-3,3.0,58,88,0.4,8.2,2.3,2.3,2.4,270.0,116.0,100.0,100.0,179.0,73.0,229.0,142.0,75.0,47.0,159.0,90.0,,,,,,,,0.27,0.03,0.3,1.88,0.0,0.1,2.41,0.9,10.55,23,2,90,0,0,0,1,0,0,0,0,0,0,1,0,19,654,233,0.0,0.0,0.09000000000000002,0.08999999999999986,0.6699999999999982,16.200000000000017,14.799999999999997,2.0,3.299999999999997,2,4,4,10
614,James,Ward-Prowse,Ward-Prowse,a,,,5.6,125,78.0,0.2,388,132.0,0.0,782.0,349.0,0,0,0.0,-4,4.0,52,40,0.0,2.0,0.0,0.0,2.2,299.0,134.0,,,379.0,167.0,137.0,97.0,404.0,199.0,318.0,154.0,,3.0,3.0,,,,,0.03,0.2,0.23,1.58,0.0,0.22,2.39,1.09,4.78,23,0,0,0,0,0,0,0,0,0,0,0,0,0,0,0,140,92,0.0,0.0,0.0,0.0,0.0,0.0,0.0,0.0,0.0,0,0,0,0
615,Crysencio,Summerville,Summerville,a,,,5.5,148,94.0,0.2,340,114.0,4.3,32.0,13.0,8,0,0.0,0,0.0,4297,249,0.8,10.2,4.3,4.3,3.1,172.0,74.0,100.0,100.0,218.0,91.0,97.0,72.0,59.0,37.0,101.0,56.0,2.0,,,,,,,0.16,0.07,0.23,1.4,0.0,0.07,1.78,1.09,7.45,23,8,90,1,0,0,1,0,0,0,0,0,0,1,1,30,8861,535,0.0,0.1299999999999999,0.040000000000000036,0.16999999999999993,0.6700000000000017,43.0,23.200000000000017,36.0,10.199999999999996,2,1,2,5
616,Edson,Álvarez Velázquez,Álvarez,u,Has joined Fenerbahçe on loan for the rest of the season.,,4.9,306,191.0,0.0,586,219.0,0.0,709.0,297.0,0,0,0.0,-1,1.0,0,4,0.0,0.0,0.0,0.0,0.0,747.0,320.0,0.0,0.0,746.0,319.0,742.0,319.0,733.0,317.0,746.0,319.0,,,,,,,,0.0,0.0,0.0,0.0,0.0,0.0,0.0,0.0,0.0,23,0,0,0,0,0,0,0,0,0,0,0,0,0,0,0,0,5,0.0,0.0,0.0,0.0,0.0,0.0,0.0,0.0,0.0,0,0,0,0
617,Maxwel,Cornet,Cornet,u,has joined Genoa on loan for the rest of the season.,,4.9,287,177.0,0.0,688,291.0,0.0,703.0,293.0,0,0,0.0,-1,1.0,0,0,0.0,0.0,0.0,0.0,0.0,743.0,317.0,0.0,0.0,742.0,316.0,738.0,316.0,728.0,313.0,742.0,316.0,,,,,,,,0.0,0.0,0.0,0.0,0.0,0.0,0.0,0.0,0.0,23,0,0,0,0,0,0,0,0,0,0,0,0,0,0,0,0,1,0.0,0.0,0.0,0.0,0.0,0.0,0.0,0.0,0.0,0,0,0,0
618,Guido,Rodríguez,G.Rodriguez,a,,,4.8,352,222.0,0.0,589,221.0,0.2,392.0,180.0,0,0,0.0,-2,2.0,13,10,0.0,1.7,0.2,0.2,1.3,410.0,183.0,,,438.0,197.0,420.0,207.0,426.0,212.0,452.0,207.0,,,,,,,,0.02,0.02,0.04,1.33,0.0,0.51,1.03,1.03,7.71,23,0,0,0,0,0,0,0,0,0,0,0,0,0,0,0,25,20,0.0,0.0,0.0,0.0,0.0,0.0,0.0,0.0,0.0,0,0,0,0
619,Luis Guilherme,Lira dos Santos,L.Guilherme,u,has joined Sporting CP permanently.,,4.9,340,212.0,0.0,667,275.0,0.0,723.0,307.0,0,0,0.0,-1,1.0,0,2,0.0,1.0,0.0,0.0,1.0,471.0,222.0,0.0,0.0,440.0,199.0,385.0,192.0,415.0,206.0,444.0,202.0,,,,,,,,0.05,0.02,0.07,1.35,0.0,0.0,1.49,0.74,8.18,23,0,0,0,0,0,0,0,0,0,0,0,0,0,0,0,0,9,0.0,0.0,0.0,0.0,0.0,0.0,0.0,0.0,0.0,0,0,0,0
620,George,Earthy,Earthy,u,has joined Bristol City on loan for the rest of the season.,,4.5,439,264.0,0.0,590,222.0,0.2,383.0,173.0,0,0,0.0,0,0.0,0,12,0.0,0.2,0.0,0.0,1.0,451.0,205.0,0.0,0.0,681.0,270.0,439.0,213.0,424.0,210.0,470.0,217.0,,,,,,,,0.0,0.11,0.11,8.21,0.0,0.0,11.25,0.0,0.0,23,0,0,0,0,0,0,0,0,0,0,0,0,0,0,0,0,34,0.0,0.0,0.0,0.0,0.0,0.0,0.0,0.0,0.0,0,0,0,0
621,Andy,Irving,Irving,u,has joined Sparta Prague permanently.,,4.3,573,338.0,0.3,334,111.0,0.0,559.0,193.0,0,0,0.0,-2,2.0,0,206,0.0,2.1,0.0,0.0,1.3,408.0,182.0,0.0,0.0,406.0,180.0,309.0,174.0,421.0,208.0,405.0,184.0,3.0,,,,,,,0.0,0.1,0.1,2.32,0.0,0.0,2.31,1.15,12.69,23,0,0,0,0,0,0,0,0,0,0,0,0,0,0,0,0,538,0.0,0.0,0.0,0.0,0.0,0.0,0.0,0.0,0.0,0,0,0,0
622,Lewis,Orford,Orford,u,has joined Stevenage on loan for the rest of the season.,,4.4,540,324.0,0.1,561,206.0,0.0,596.0,216.0,0,0,0.0,-1,1.0,0,4,0.0,0.0,0.0,0.0,0.0,654.0,254.0,0.0,0.0,644.0,245.0,642.0,250.0,617.0,239.0,647.0,247.0,,,,,,,,0.0,0.0,0.0,0.0,0.0,0.0,0.0,0.0,0.0,23,0,0,0,0,0,0,0,0,0,0,0,0,0,0,0,0,7,0.0,0.0,0.0,0.0,0.0,0.0,0.0,0.0,0.0,0,0,0,0
623,Freddie,Potts,Potts,a,,,4.4,535,320.0,0.8,208,71.0,1.2,262.0,112.0,1,0,0.0,-1,1.0,91,522,0.3,6.8,1.2,1.2,1.8,346.0,151.0,100.0,100.0,251.0,106.0,184.0,122.0,312.0,162.0,276.0,137.0,1.0,,,,,,,0.02,0.1,0.12,1.79,0.0,0.0,2.11,0.92,9.07,23,1,15,0,0,0,0,0,0,0,0,0,0,0,0,6,312,1468,0.0,0.0,0.64,0.64,0.10999999999999943,5.199999999999989,0.7999999999999972,2.0,0.8000000000000043,2,1,0,3
624,Jarrod,Bowen,Bowen,a,,,7.6,20,6.0,8.1,50,10.0,5.0,20.0,3.0,12,0,0.0,-4,4.0,15054,3936,0.7,13.8,5.0,5.0,4.6,32.0,3.0,,,38.0,3.0,67.0,2.0,6.0,5.0,11.0,3.0,,1.0,2.0,,,,,0.24,0.08,0.32,1.65,0.0,0.04,1.96,1.0,6.65,23,12,90,1,1,0,1,0,0,0,0,0,0,1,3,41,26716,18852,0.0,0.8400000000000007,0.14000000000000012,0.9799999999999995,0.6700000000000017,58.19999999999999,20.80000000000001,23.0,10.200000000000003,2,0,3,5
625,Niclas,Füllkrug,Füllkrug,u,has joined AC Milan on loan for the rest of the season.,,5.6,124,33.0,0.6,234,37.0,0.0,781.0,82.0,0,0,0.0,-4,4.0,0,80,0.0,2.1,0.0,0.0,1.5,394.0,44.0,0.0,0.0,415.0,44.0,242.0,25.0,162.0,37.0,319.0,38.0,,,,,,,,0.21,0.05,0.26,1.9,0.0,0.22,2.43,1.11,4.2,23,0,0,0,0,0,0,0,0,0,0,0,0,0,0,0,0,137,0.0,0.0,0.0,0.0,0.0,0.0,0.0,0.0,0.0,0,0,0,0
626,Callum,Marshall,Marshall,u,has joined VfL Bochum 1848 on loan for the rest of the season.,,4.3,603,82.0,0.6,239,38.0,0.0,573.0,54.0,0,0,0.0,-2,2.0,0,170,0.0,0.5,0.0,0.0,1.0,442.0,53.0,0.0,0.0,471.0,55.0,464.0,58.0,398.0,55.0,462.0,55.0,,,,,,,,0.2,0.0,0.2,2.41,0.0,0.0,3.1,0.0,4.66,23,0,0,0,0,0,0,0,0,0,0,0,0,0,0,0,0,444,0.0,0.0,0.0,0.0,0.0,0.0,0.0,0.0,0.0,0,0,0,0
659,Kyle,Walker-Peters,Walker-Peters,a,,,4.2,621,144.0,0.3,329,122.0,1.0,278.0,101.0,0,0,0.0,-3,3.0,20,100,0.2,7.1,1.0,1.0,1.9,329.0,124.0,,,217.0,89.0,235.0,67.0,213.0,54.0,248.0,87.0,,,,,,,,0.11,0.02,0.13,1.98,0.0,0.09,1.99,0.95,6.71,23,0,0,0,0,0,0,0,0,0,0,0,0,0,0,0,138,362,0.0,0.0,0.0,0.0,0.0,0.0,0.0,0.0,0.0,0,0,0,0
671,Callum,Wilson,Wilson,a,,,5.8,103,29.0,0.7,220,35.0,2.5,158.0,15.0,1,0,0.0,-2,2.0,410,634,0.4,10.2,2.5,2.5,3.1,173.0,17.0,,,208.0,17.0,270.0,28.0,47.0,18.0,150.0,17.0,,,,,,,,0.49,0.02,0.51,1.64,0.0,0.11,1.75,0.87,2.95,23,1,20,0,0,0,0,0,0,0,0,0,0,0,0,4,1946,1474,0.0,0.10000000000000053,0.0,0.09999999999999964,0.10999999999999943,0.0,10.0,8.0,1.7000000000000028,0,0,0,0
679,Mads,Hermansen,Hermansen,a,,,4.2,630,37.0,0.2,365,53.0,0.0,544.0,81.0,0,0,0.0,-3,3.0,16,26,0.0,2.1,0.0,0.0,2.2,290.0,26.0,,,334.0,28.0,601.0,76.0,570.0,62.0,406.0,28.0,,,,,,,,0.0,0.0,0.0,1.36,2.25,0.25,2.75,1.0,0.0,23,0,0,0,0,0,0,0,0,0,0,0,0,0,0,0,40,63,0.0,0.0,0.0,0.0,0.0,0.0,0.0,0.0,0.0,0,0,0,0
708,Mateus Gonçalo,Espanha Fernandes,M.Fernandes,a,,,5.5,153,97.0,0.2,375,127.0,4.3,33.0,14.0,8,0,0.0,0,0.0,1207,146,0.8,14.5,4.3,4.3,3.8,88.0,40.0,100.0,100.0,54.0,15.0,33.0,32.0,246.0,134.0,62.0,41.0,4.0,,,,,,,0.06,0.08,0.14,1.46,0.0,0.11,1.61,1.08,11.19,23,8,90,1,0,0,1,0,0,0,1,0,0,1,2,34,3216,511,0.0,0.07000000000000006,0.040000000000000036,0.11000000000000032,0.6700000000000017,42.19999999999999,4.300000000000011,9.0,5.6000000000000085,5,0,4,9
718,Soungoutou,Magassa,S.Magassa,a,,,5.0,274,169.0,0.0,636,258.0,1.3,252.0,108.0,0,0,0.0,0,0.0,8,29,0.3,6.6,1.3,1.3,2.4,266.0,114.0,,,263.0,114.0,275.0,161.0,313.0,163.0,313.0,150.0,,,,,,,,0.04,0.03,0.07,1.82,0.0,0.12,2.21,1.11,12.42,23,0,0,0,0,0,0,0,0,0,0,0,0,0,0,0,29,111,0.0,0.0,0.0,0.0,0.0,0.0,0.0,0.0,0.0,0,0,0,0
785,Pablo Felipe,Pereira de Jesus,Pablo,a,,,5.5,152,37.0,0.0,696,83.0,1.2,267.0,35.0,2,0,0.0,0,0.0,41,35,0.2,0.9,1.2,1.2,1.7,368.0,41.0,,,444.0,50.0,358.0,43.0,358.0,52.0,422.0,52.0,,,,,,,,0.18,0.02,0.2,1.4,0.0,0.0,1.55,1.03,6.72,23,2,69,0,0,0,1,0,0,0,0,0,0,1,0,5,241,76,0.0,0.12000000000000002,0.009999999999999998,0.13,0.56,1.5999999999999996,2.6999999999999993,6.0,1.0,2,1,1,4
791,Valentín,Castellanos,Taty,a,,,5.5,144,34.0,0.0,608,78.0,2.3,170.0,19.0,4,0,0.0,0,0.0,169,93,0.4,1.3,2.3,2.3,2.3,279.0,28.0,,,427.0,47.0,323.0,36.0,209.0,41.0,360.0,42.0,,,,,,,,0.48,0.01,0.49,1.19,0.0,0.0,1.42,1.06,4.61,23,4,74,0,1,0,1,0,0,0,1,0,0,1,0,17,1060,173,0.0,0.2200000000000002,0.010000000000000002,0.22999999999999998,0.56,15.0,12.300000000000004,31.0,5.799999999999999,2,3,4,9
802,Keiber,Lamadrid,Lamadrid,a,,,5.0,277,171.0,0.0,800,359.0,0.0,743.0,322.0,0,0,0.0,0,0.0,7,3,0.0,0.0,1.8,1.8,0.0,771.0,339.0,,,770.0,338.0,768.0,338.0,762.0,336.0,770.0,338.0,,,,,,,,0.0,0.0,0.0,0.0,0.0,0.0,0.0,0.0,0.0,23,0,0,0,0,0,0,0,0,0,0,0,0,0,0,0,23,6,0.0,0.0,0.0,0.0,0.0,0.0,0.0,0.0,0.0,0,0,0,0
627,Sam,Johnstone,Johnstone,a,,,4.4,511,26.0,0.1,419,64.0,0.0,582.0,84.0,0,0,0.0,-1,1.0,35,34,0.0,4.8,0.0,-0.5,1.8,345.0,27.0,,,127.0,18.0,465.0,13.0,603.0,67.0,288.0,18.0,,,,,,,,0.0,0.0,0.0,1.55,3.25,0.0,2.0,1.0,0.0,23,0,0,0,0,0,0,0,0,0,0,0,0,0,0,0,93,139,0.0,0.0,0.0,0.0,0.0,0.0,0.0,0.0,0.0,0,0,0,0
628,José,Malheiro de Sá,José Sá,a,,,4.2,620,33.0,1.0,183,23.0,3.3,78.0,7.0,1,0,0.0,-3,3.0,455,173,0.8,6.4,3.3,2.8,2.5,249.0,23.0,,,237.0,21.0,400.0,5.0,566.0,58.0,342.0,21.0,,,,,,,,0.0,0.0,0.0,1.17,1.91,0.18,1.73,1.0,0.0,23,1,90,0,0,0,2,0,0,0,0,0,2,1,0,5,1441,586,0.0,0.0,0.0,0.0,0.9199999999999999,17.599999999999994,0.0,0.0,1.8000000000000007,0,1,5,0
629,Daniel,Bentley,Bentley,a,,,3.9,724,67.0,0.5,256,33.0,0.0,438.0,31.0,0,0,0.0,-1,1.0,57,44,0.0,0.0,0.0,-0.5,0.0,517.0,36.0,100.0,100.0,505.0,36.0,498.0,23.0,461.0,8.0,508.0,36.0,,,,,,,,0.0,0.0,0.0,0.0,0.0,0.0,0.0,0.0,0.0,23,0,0,0,0,0,0,0,0,0,0,0,0,0,0,0,250,119,0.0,0.0,0.0,0.0,0.0,0.0,0.0,0.0,0.0,0,0,0,0
631,Emmanuel,Agbadou,Agbadou,a,,,4.2,634,152.0,0.1,436,160.0,0.0,548.0,227.0,0,0,0.0,-3,3.0,8,24,0.0,4.8,0.0,-0.5,1.5,385.0,141.0,100.0,100.0,149.0,63.0,278.0,87.0,255.0,72.0,229.0,78.0,,5.0,,,,,,0.04,0.03,0.07,1.51,0.0,0.0,2.41,0.98,10.25,23,0,0,0,0,0,0,0,0,0,0,0,0,0,0,0,31,56,0.0,0.0,0.0,0.0,0.0,0.0,0.0,0.0,0.0,0,0,0,0
632,Matt,Doherty,Doherty,a,,,4.4,510,99.0,0.1,487,176.0,0.5,321.0,116.0,0,0,0.0,-1,1.0,4,15,0.1,2.5,0.5,0.0,1.4,398.0,146.0,100.0,100.0,311.0,119.0,312.0,105.0,363.0,127.0,356.0,125.0,,,,,,,,0.01,0.03,0.04,1.39,0.0,0.15,1.65,1.2,7.06,23,0,0,0,0,0,0,0,0,0,0,0,0,0,0,0,34,38,0.0,0.0,0.0,0.0,0.0,0.0,0.0,0.0,0.0,0,0,0,0
633,Hugo,Bueno López,H.Bueno,a,,,4.3,586,137.0,0.1,459,170.0,4.3,30.0,11.0,1,0,0.0,-2,2.0,145,63,1.0,11.6,4.3,3.8,2.5,251.0,97.0,100.0,100.0,125.0,55.0,38.0,2.0,192.0,46.0,83.0,19.0,2.0,,,,,,,0.03,0.12,0.15,1.26,0.0,0.2,1.55,0.94,6.66,23,1,90,0,0,0,2,0,0,0,0,0,0,1,0,8,877,318,0.0,0.0,0.1299999999999999,0.1299999999999999,0.9200000000000017,17.599999999999966,15.199999999999989,0.0,3.299999999999997,0,7,6,7
634,Yerson,Mosquera Valdelamar,Mosquera,a,,,4.3,593,139.0,0.1,548,199.0,4.0,43.0,16.0,0,0,0.0,-2,2.0,63,30,0.9,6.0,4.0,3.5,1.9,331.0,126.0,100.0,100.0,205.0,83.0,238.0,70.0,139.0,26.0,217.0,74.0,,,,,,,,0.09,0.02,0.11,1.3,0.0,0.17,1.72,1.03,9.21,23,0,90,0,0,0,2,0,0,0,1,0,0,1,0,5,222,81,0.0,0.33000000000000007,0.0,0.33000000000000007,0.9199999999999999,14.0,0.30000000000001137,38.0,5.199999999999996,3,5,3,8
635,Rodrigo,Martins Gomes,R.Gomes,a,,,4.4,534,116.0,0.1,566,205.0,0.3,350.0,128.0,1,0,0.0,-1,1.0,9,7,0.1,3.4,0.3,-0.2,1.9,332.0,127.0,100.0,100.0,369.0,141.0,331.0,112.0,197.0,49.0,332.0,112.0,,,,,,,,0.22,0.05,0.27,1.11,0.0,0.0,2.13,0.94,4.25,23,1,45,0,0,0,0,0,0,0,0,0,0,0,0,3,28,14,0.0,0.0,0.010000000000000009,0.010000000000000009,0.1200000000000001,0.5999999999999943,0.8999999999999986,4.0,0.6000000000000014,0,0,1,0
636,Santiago,Ignacio Bueno,S.Bueno,a,,,4.4,521,108.0,0.1,507,182.0,3.7,60.0,26.0,1,0,0.0,-1,1.0,47,28,0.8,11.4,3.7,3.2,3.6,111.0,41.0,100.0,100.0,128.0,56.0,287.0,93.0,185.0,42.0,202.0,66.0,,,,,,,,0.12,0.04,0.16,1.27,0.0,0.15,1.72,0.97,8.07,23,1,90,0,0,0,2,0,0,0,0,0,0,1,0,7,358,129,0.0,0.0,0.0,0.0,0.9200000000000017,14.400000000000034,0.10000000000000142,4.0,1.8999999999999986,2,4,3,6
637,Toti,Gomes,Toti,i,Hamstring injury - Unknown return date,,4.2,633,151.0,0.1,498,179.0,0.0,547.0,226.0,0,0,0.0,-3,3.0,5,13,0.0,4.8,0.0,0.0,1.5,384.0,140.0,0.0,0.0,207.0,85.0,255.0,75.0,331.0,108.0,281.0,93.0,,,,,,,,0.0,0.02,0.02,1.7,0.0,0.0,2.37,1.14,7.97,23,0,0,0,0,0,0,0,0,0,0,0,0,0,0,0,40,64,0.0,0.0,0.0,0.0,0.0,0.0,0.0,0.0,0.0,0,0,0,0
638,Ki-Jana,Hoever,Hoever,u,has joined Sheffield United on loan for the rest of the season.,,3.8,782,243.0,1.2,173,66.0,0.0,419.0,155.0,0,0,0.0,-2,2.0,0,790,0.0,2.6,0.0,0.0,1.2,419.0,152.0,0.0,0.0,314.0,121.0,236.0,68.0,372.0,133.0,337.0,115.0,,,,,,,,0.0,0.08,0.08,1.99,0.0,0.0,2.77,1.28,8.51,23,0,0,0,0,0,0,0,0,0,0,0,0,0,0,0,0,1910,0.0,0.0,0.0,0.0,0.0,0.0,0.0,0.0,0.0,0,0,0,0
639,Bastien,Meupiyou Menadjou,Meupiyou,u,On loan to FC Alverca,,4.0,697,187.0,0.0,742,253.0,0.0,517.0,205.0,0,0,0.0,0,0.0,0,0,0.0,0.0,0.0,0.0,0.0,593.0,224.0,0.0,0.0,581.0,223.0,576.0,224.0,542.0,218.0,584.0,223.0,,,,,,,,0.0,0.0,0.0,0.0,0.0,0.0,0.0,0.0,0.0,23,0,0,0,0,0,0,0,0,0,0,0,0,0,0,0,0,2,0.0,0.0,0.0,0.0,0.0,0.0,0.0,0.0,0.0,0,0,0,0
640,Pedro,Cardoso de Lima,Pedro Lima,a,,,4.0,716,205.0,0.4,278,104.0,0.2,374.0,141.0,0,0,0.0,0,0.0,13,27,0.0,0.2,0.2,-0.3,1.0,436.0,162.0,100.0,100.0,477.0,170.0,462.0,168.0,558.0,233.0,600.0,238.0,,,,,,,,0.0,0.0,0.0,0.0,0.0,0.0,0.0,0.0,0.0,23,0,0,0,0,0,0,0,0,0,0,0,0,0,0,0,66,61,0.0,0.0,0.0,0.0,0.0,0.0,0.0,0.0,0.0,0,0,0,0
641,Alfie,Pond,Pond,u,has joined Crewe Alexandra on loan for the rest of the season.,,3.9,756,222.0,1.1,176,69.0,0.0,462.0,175.0,0,0,0.0,-1,1.0,0,339,0.0,0.0,0.0,0.0,0.0,540.0,196.0,0.0,0.0,528.0,195.0,521.0,196.0,484.0,187.0,531.0,195.0,,,,,,,,0.0,0.0,0.0,0.0,0.0,0.0,0.0,0.0,0.0,23,0,0,0,0,0,0,0,0,0,0,0,0,0,0,0,0,779,0.0,0.0,0.0,0.0,0.0,0.0,0.0,0.0,0.0,0,0,0,0
646,João Victor,Gomes da Silva,Gomes,a,,,5.3,196,123.0,0.1,478,166.0,3.2,93.0,44.0,3,0,0.0,-2,2.0,61,26,0.6,10.8,3.2,2.7,2.6,245.0,105.0,100.0,100.0,154.0,59.0,86.0,63.0,195.0,108.0,130.0,70.0,,,,,,,,0.04,0.06,0.1,1.29,0.0,0.1,1.74,1.03,12.42,23,3,90,0,0,0,2,0,0,0,1,0,0,1,0,10,509,184,0.0,0.050000000000000044,0.020000000000000018,0.06999999999999984,0.9199999999999982,14.199999999999989,24.30000000000001,3.0,4.199999999999996,5,3,4,12
647,Gonçalo Manuel,Ganchinho Guedes,Guedes,u,Has joined Real Sociedad permanently.,,5.5,138,86.0,0.0,767,335.0,0.0,776.0,345.0,0,0,0.0,0,0.0,0,0,0.0,0.0,0.0,0.0,0.0,787.0,350.0,0.0,0.0,787.0,350.0,786.0,350.0,783.0,349.0,787.0,350.0,,,,,,,,0.0,0.0,0.0,0.0,0.0,0.0,0.0,0.0,0.0,23,0,0,0,0,0,0,0,0,0,0,0,0,0,0,0,0,0,0.0,0.0,0.0,0.0,0.0,0.0,0.0,0.0,0.0,0,0,0,0
648,Marshall,Munetsi,Munetsi,u,has joined Paris FC on loan for the rest of the season.,,5.3,195,122.0,0.0,610,235.0,0.0,758.0,333.0,0,0,0.0,-2,2.0,0,11,0.0,7.2,0.0,0.0,2.9,204.0,87.0,0.0,0.0,252.0,107.0,284.0,164.0,98.0,58.0,230.0,114.0,,,,,,,,0.17,0.04,0.21,1.38,0.0,0.0,1.96,0.93,8.26,23,0,0,0,0,0,0,0,0,0,0,0,0,0,0,0,0,34,0.0,0.0,0.0,0.0,0.0,0.0,0.0,0.0,0.0,0,0,0,0
649,Boubacar,Traoré,B.Traore,u,Has joined FC Metz on loan for the rest of the season.,,5.0,260,159.0,0.0,795,355.0,0.0,735.0,316.0,0,0,0.0,0,0.0,0,0,0.0,0.0,0.0,0.0,0.0,764.0,334.0,0.0,0.0,763.0,333.0,761.0,333.0,754.0,331.0,763.0,333.0,,,,,,,,0.0,0.0,0.0,0.0,0.0,0.0,0.0,0.0,0.0,23,0,0,0,0,0,0,0,0,0,0,0,0,0,0,0,0,0,0.0,0.0,0.0,0.0,0.0,0.0,0.0,0.0,0.0,0,0,0,0
650,Tawanda,Chirewa,Chirewa,d,Illness - 75% chance of playing,,4.3,589,344.0,0.2,355,118.0,0.2,377.0,167.0,0,0,0.0,-2,2.0,11,54,0.0,0.5,0.2,-0.2,1.0,440.0,195.0,75.0,75.0,458.0,211.0,457.0,223.0,584.0,218.0,469.0,216.0,,,,,,,,0.0,0.0,0.0,1.8,0.0,0.0,0.0,0.0,14.4,23,0,0,0,0,0,0,0,0,0,0,0,0,0,0,0,58,127,0.0,0.0,0.0,0.0,0.0,0.0,0.0,0.0,0.0,0,0,0,0
651,Tom,Edozie,Edozie,a,,,4.3,607,355.0,0.4,284,95.0,0.0,576.0,206.0,0,0,0.0,-2,2.0,35,101,0.0,0.0,0.0,-0.5,0.0,637.0,244.0,,,626.0,234.0,624.0,239.0,597.0,228.0,629.0,236.0,,,,,,,,0.0,0.0,0.0,0.0,0.0,0.0,0.0,0.0,0.0,23,0,0,0,0,0,0,0,0,0,0,0,0,0,0,0,167,273,0.0,0.0,0.0,0.0,0.0,0.0,0.0,0.0,0.0,0,0,0,0
652,Enso,González Medina,Gonzalez,a,,,4.3,606,354.0,1.3,160,57.0,0.0,575.0,205.0,0,0,0.0,-2,2.0,182,392,0.0,0.0,0.0,-0.5,0.0,636.0,243.0,,,625.0,233.0,623.0,238.0,596.0,227.0,628.0,235.0,,,,,,,,0.0,0.0,0.0,0.0,0.0,0.0,0.0,0.0,0.0,23,0,0,0,0,0,0,0,0,0,0,0,0,0,0,0,559,956,0.0,0.0,0.0,0.0,0.0,0.0,0.0,0.0,0.0,0,0,0,0
653,Joe,Hodge,Hodge,u,Signed by CD Tondela,,4.5,417,251.0,0.0,648,264.0,0.0,621.0,229.0,0,0,0.0,0,0.0,0,3,0.0,0.0,0.0,0.0,0.0,676.0,265.0,0.0,0.0,669.0,259.0,666.0,262.0,644.0,253.0,672.0,261.0,,,,,,,,0.0,0.0,0.0,0.0,0.0,0.0,0.0,0.0,0.0,23,0,0,0,0,0,0,0,0,0,0,0,0,0,0,0,0,4,0.0,0.0,0.0,0.0,0.0,0.0,0.0,0.0,0.0,0,0,0,0
654,Jørgen,Strand Larsen,Strand Larsen,a,,,6.1,81,26.0,0.9,193,31.0,1.3,257.0,32.0,1,0,0.0,-4,4.0,121,137,0.2,6.2,1.3,0.8,1.8,359.0,39.0,100.0,100.0,285.0,26.0,201.0,21.0,68.0,23.0,203.0,23.0,,,2.0,,,,,0.19,0.03,0.22,1.37,0.0,0.2,1.63,0.91,3.39,23,1,45,0,0,0,0,0,0,0,0,0,0,0,0,2,437,510,0.0,0.0,0.0,0.0,0.11999999999999744,4.6000000000000085,10.599999999999994,0.0,1.5,1,0,0,1
655,Fábio,Soares Silva,Fábio Silva,u,has joined Borussia Dortmund permanently.,,4.9,326,58.0,0.2,390,60.0,0.0,719.0,74.0,0,0,0.0,-1,1.0,0,9,0.0,0.0,0.0,0.0,0.0,754.0,82.0,0.0,0.0,753.0,82.0,749.0,81.0,741.0,81.0,753.0,82.0,,,,,,,,0.0,0.0,0.0,0.0,0.0,0.0,0.0,0.0,0.0,23,0,0,0,0,0,0,0,0,0,0,0,0,0,0,0,0,17,0.0,0.0,0.0,0.0,0.0,0.0,0.0,0.0,0.0,0,0,0,0
656,Saša,Kalajdžić,Kalajdžić,u,has joined LASK on loan for the rest of the season.,,4.9,319,56.0,0.0,578,76.0,0.0,714.0,73.0,0,0,0.0,-1,1.0,0,3,0.0,0.2,0.0,0.0,1.0,468.0,54.0,0.0,0.0,474.0,57.0,424.0,52.0,427.0,57.0,463.0,56.0,,,,,,,,0.0,0.06,0.06,0.64,0.0,0.0,0.0,0.0,12.86,23,0,0,0,0,0,0,0,0,0,0,0,0,0,0,0,0,8,0.0,0.0,0.0,0.0,0.0,0.0,0.0,0.0,0.0,0,0,0,0
657,Leon,Chiwome,Chiwome,i,Knee injury - Unknown return date,,4.4,553,78.0,0.0,645,80.0,0.0,606.0,62.0,0,0,0.0,-1,1.0,9,7,0.0,0.0,0.0,0.0,0.0,663.0,71.0,0.0,0.0,655.0,71.0,652.0,70.0,628.0,70.0,658.0,71.0,,,,,,,,0.0,0.0,0.0,0.0,0.0,0.0,0.0,0.0,0.0,23,0,0,0,0,0,0,0,0,0,0,0,0,0,0,0,53,26,0.0,0.0,0.0,0.0,0.0,0.0,0.0,0.0,0.0,0,0,0,0
658,Nathan,Fraser,Fraser,a,,,4.2,635,86.0,1.7,146,22.0,0.0,549.0,50.0,0,0,0.0,-3,3.0,1055,396,0.0,0.0,0.0,-0.5,0.0,617.0,60.0,,,606.0,59.0,603.0,59.0,572.0,59.0,610.0,60.0,,,,,,,,0.0,0.0,0.0,0.0,0.0,0.0,0.0,0.0,0.0,23,0,0,0,0,0,0,0,0,0,0,0,0,0,0,0,2454,1029,0.0,0.0,0.0,0.0,0.0,0.0,0.0,0.0,0.0,0,0,0,0
663,Jhon,Arias,J.Arias,a,,,4.9,314,195.0,0.2,406,138.0,2.8,118.0,55.0,1,0,0.0,-6,6.0,26,50,0.6,9.0,2.8,2.3,2.0,323.0,143.0,,,247.0,104.0,112.0,81.0,142.0,82.0,187.0,99.0,1.0,1.0,,,,,,0.27,0.05,0.32,1.24,0.0,0.16,1.63,1.14,10.0,23,1,45,0,0,0,2,0,0,0,0,0,0,1,0,2,172,244,0.0,0.0,0.0,0.0,0.7999999999999989,1.0,1.3000000000000114,0.0,0.19999999999999574,2,0,5,7
682,David,Møller Wolfe,Møller Wolfe,a,,,4.3,590,138.0,0.1,540,196.0,0.5,319.0,115.0,0,0,0.0,-2,2.0,3,12,0.1,4.7,0.5,0.0,1.4,397.0,145.0,,,302.0,113.0,215.0,58.0,301.0,94.0,310.0,106.0,,,,,,,,0.02,0.12,0.14,1.7,0.0,0.0,2.3,1.02,4.1,23,0,0,0,0,0,0,0,0,0,0,0,0,0,0,0,11,39,0.0,0.0,0.0,0.0,0.0,0.0,0.0,0.0,0.0,0,0,0,0
695,Jackson,Tchatchoua,Tchatchoua,a,,,4.4,541,118.0,0.0,640,222.0,2.5,146.0,56.0,0,0,0.0,-1,1.0,7,13,0.6,8.2,2.5,2.0,1.6,374.0,139.0,,,210.0,87.0,102.0,24.0,321.0,102.0,206.0,68.0,,,,,,,,0.02,0.07,0.09,1.21,0.0,0.15,1.82,0.87,5.53,23,0,45,0,0,0,2,0,0,0,0,0,0,1,0,96,89,55,0.0,0.0,0.0,0.0,0.7999999999999989,4.0,10.300000000000011,0.0,1.3999999999999986,0,2,0,2
709,Ladislav,Krejcí,Krejčí,a,,,4.5,420,84.0,0.1,528,193.0,4.0,44.0,17.0,1,0,0.0,0,0.0,57,42,0.9,10.2,4.0,3.5,2.6,238.0,93.0,100.0,100.0,81.0,36.0,200.0,51.0,96.0,12.0,113.0,36.0,,,,,,,,0.11,0.07,0.18,1.36,0.0,0.11,1.83,1.03,6.94,23,1,90,0,0,0,2,0,0,0,0,0,0,1,0,8,340,235,0.0,0.0,0.030000000000000027,0.03000000000000025,0.9199999999999982,15.199999999999989,0.30000000000001137,2.0,1.7999999999999972,1,6,3,7
720,Tolu,Arokodare,Tolu,a,,,5.4,173,41.0,0.1,511,72.0,2.3,169.0,18.0,1,0,0.0,-1,1.0,59,75,0.4,6.5,2.3,1.8,1.8,354.0,37.0,,,336.0,33.0,198.0,20.0,80.0,25.0,233.0,28.0,,2.0,,,,,,0.19,0.03,0.22,1.1,0.0,0.24,2.05,0.96,5.53,23,1,19,0,0,0,0,0,0,0,0,0,0,0,0,1,273,269,0.0,0.08000000000000007,0.03,0.1100000000000001,0.08000000000000007,0.0,0.7999999999999972,8.0,0.6999999999999957,0,0,0,0
749,Mateus,Mané,Mané,a,,,4.5,500,71.0,1.2,170,25.0,4.8,21.0,4.0,2,0,0.0,0,0.0,7475,1148,1.1,8.4,4.8,4.3,3.2,151.0,12.0,,,265.0,24.0,191.0,17.0,176.0,40.0,251.0,29.0,,,,,,,,0.1,0.11,0.21,1.2,0.0,0.29,1.44,0.86,5.75,23,2,90,0,0,0,2,0,0,0,0,0,0,1,0,11,15791,3414,0.0,0.12,0.18999999999999995,0.31000000000000005,0.9200000000000008,5.800000000000011,32.3,10.0,4.800000000000004,1,1,2,4
766,Saheed,Olagunju,Olagunju,a,,,4.0,707,196.0,0.0,697,239.0,0.0,526.0,213.0,0,0,0.0,0,0.0,32,19,0.0,0.0,0.0,-0.5,0.0,602.0,232.0,,,590.0,231.0,585.0,232.0,551.0,226.0,593.0,231.0,,,,,,,,0.0,0.0,0.0,0.0,0.0,0.0,0.0,0.0,0.0,23,0,0,0,0,0,0,0,0,0,0,0,0,0,0,0,130,42,0.0,0.0,0.0,0.0,0.0,0.0,0.0,0.0,0.0,0,0,0,0
767,Luke,Rawlings,Rawlings,a,,,4.5,486,300.0,0.0,759,329.0,0.0,671.0,269.0,0,0,0.0,0,0.0,0,4,0.0,0.0,0.0,-0.5,0.0,721.0,302.0,,,719.0,300.0,714.0,300.0,697.0,295.0,719.0,300.0,,,,,,,,0.0,0.0,0.0,0.0,0.0,0.0,0.0,0.0,0.0,23,0,0,0,0,0,0,0,0,0,0,0,0,0,0,0,7,10,0.0,0.0,0.0,0.0,0.0,0.0,0.0,0.0,0.0,0,0,0,0
777,Temple,Ojinnaka,Ojinnaka,a,,,4.5,447,269.0,0.0,774,339.0,0.0,641.0,246.0,0,0,0.0,0,0.0,5,5,0.0,0.0,0.0,-0.5,0.0,692.0,280.0,,,687.0,275.0,684.0,277.0,664.0,269.0,688.0,276.0,,,,,,,,0.0,0.0,0.0,0.0,0.0,0.0,0.0,0.0,0.0,23,0,0,0,0,0,0,0,0,0,0,0,0,0,0,0,40,12,0.0,0.0,0.0,0.0,0.0,0.0,0.0,0.0,0.0,0,0,0,0
778,Ethan,Sutherland,Sutherland,a,,,4.5,478,294.0,0.0,750,324.0,0.0,663.0,263.0,0,0,0.0,0,0.0,17,5,0.0,0.0,0.0,-0.5,0.0,713.0,296.0,,,711.0,294.0,706.0,294.0,689.0,289.0,711.0,294.0,,,,,,,,0.0,0.0,0.0,0.0,0.0,0.0,0.0,0.0,0.0,23,0,0,0,0,0,0,0,0,0,0,0,0,0,0,0,84,30,0.0,0.0,0.0,0.0,0.0,0.0,0.0,0.0,0.0,0,0,0,0
