id,status,chance_of_playing_next_round,chance_of_playing_this_round,now_cost,now_cost_rank,now_cost_rank_type,cost_change_event,cost_change_event_fall,cost_change_start,cost_change_start_fall,selected_by_percent,selected_rank,selected_rank_type,total_points,event_points,points_per_game,points_per_game_rank,points_per_game_rank_type,bonus,bps,form,form_rank,form_rank_type,value_form,value_season,dreamteam_count,transfers_in,transfers_in_event,transfers_out,transfers_out_event,ep_next,ep_this,expected_goals,expected_assists,expected_goal_involvements,expected_goals_conceded,expected_goals_per_90,expected_assists_per_90,expected_goal_involvements_per_90,expected_goals_conceded_per_90,influence,influence_rank,influence_rank_type,creativity,creativity_rank,creativity_rank_type,threat,threat_rank,threat_rank_type,ict_index,ict_index_rank,ict_index_rank_type,corners_and_indirect_freekicks_order,direct_freekicks_order,penalties_order,gw,set_piece_threat,first_name,second_name,web_name,news,news_added,minutes,goals_scored,assists,clean_sheets,goals_conceded,own_goals,penalties_saved,penalties_missed,yellow_cards,red_cards,saves,starts,defensive_contribution,corners_and_indirect_freekicks_text,direct_freekicks_text,penalties_text,saves_per_90,clean_sheets_per_90,goals_conceded_per_90,starts_per_90,defensive_contribution_per_90,tackles,clearances_blocks_interceptions,recoveries
341,a,,,3.9,722,65.0,0,0.0,-1,1.0,2.0,128,17.0,16,0,2.7,224.0,19.0,0,79,1.0,276.0,20.0,0.3,4.1,0.0,153579,475,242101,261,0.0,1.0,0.0,0.01,0.01,4.82,0.0,0.0,0.0,0.8,117.6,297.0,24.0,0.0,496.0,21.0,0.0,459.0,6.0,11.8,380.0,24.0,,,,23,,Karl,Darlow,Darlow,,,540,0,0,1,8,0,0,0,0,0,14,6,59,,,,2.33,0.17,1.33,1.0,0.0,0,8,59
361,u,0.0,0.0,4.5,434,261.0,0,0.0,0,0.0,0.0,654,268.0,0,0,0.0,685.0,273.0,0,0,0.0,633.0,238.0,0.0,0.0,0.0,1165,0,8309,0,0.0,0.0,0.0,0.0,0.0,0.0,0.0,0.0,0.0,0.0,0.0,678.0,267.0,0.0,677.0,270.0,0.0,656.0,262.0,0.0,681.0,269.0,,,,23,,Darko,Gyabi,Gyabi,has joined Hull City permanently.,,0,0,0,0,0,0,0,0,0,0,0,0,0,,,,0.0,0.0,0.0,0.0,0.0,0,0,0
362,a,100.0,100.0,4.9,315,55.0,0,0.0,-6,6.0,0.3,290,47.0,11,0,1.1,426.0,50.0,0,22,0.2,397.0,44.0,0.0,2.2,0.0,35956,32,215944,44,-0.8,0.2,0.65,0.08,0.73,4.77,0.29,0.04,0.33,2.14,6.0,448.0,52.0,20.7,373.0,46.0,90.0,224.0,43.0,11.2,388.0,48.0,,,2.0,23,,Joël,Piroe,Piroe,,,201,0,0,1,6,0,0,0,0,0,0,2,9,,,,0.0,0.45,2.69,0.9,4.03,0,1,8
363,u,0.0,0.0,4.9,286,54.0,0,0.0,-1,1.0,0.3,294,49.0,0,0,0.0,742.0,81.0,0,0,0.0,702.0,72.0,0.0,0.0,0.0,16144,0,201932,16,0.0,0.0,0.0,0.0,0.0,0.0,0.0,0.0,0.0,0.0,0.0,741.0,81.0,0.0,737.0,80.0,0.0,727.0,80.0,0.0,741.0,81.0,,,,23,,Patrick,Bamford,Bamford,has departed the club as a free agent.,,0,0,0,0,0,0,0,0,0,0,0,0,0,,,,0.0,0.0,0.0,0.0,0.0,0,0,0
397,u,0.0,0.0,6.5,52,18.0,0,0.0,0,0.0,0.1,536,75.0,0,0,0.0,797.0,87.0,0,0,0.0,794.0,84.0,0.0,0.0,0.0,0,0,15883,3,0.0,0.0,0.0,0.0,0.0,0.0,0.0,0.0,0.0,0.0,0.0,797.0,87.0,0.0,797.0,87.0,0.0,797.0,87.0,0.0,797.0,87.0,,,,23,,Darwin,Núñez Ribeiro,Darwin,Has joined Al-Hilal permanently.,,0,0,0,0,0,0,0,0,0,0,0,0,0,,,,0.0,0.0,0.0,0.0,0.0,0,0,0
398,i,0.0,0.0,4.3,594,81.0,0,0.0,-2,2.0,0.1,465,66.0,0,0,0.0,628.0,63.0,0,0,0.0,566.0,53.0,0.0,0.0,0.0,8556,6,19011,7,0.0,0.0,0.0,0.0,0.0,0.0,0.0,0.0,0.0,0.0,0.0,617.0,63.0,0.0,614.0,62.0,0.0,586.0,62.0,0.0,620.0,63.0,,,,23,,Jayden,Danns,Danns,Hamstring injury - Unknown return date,,0,0,0,0,0,0,0,0,0,0,0,0,0,,,,0.0,0.0,0.0,0.0,0.0,0,0,0
736,a,,,5.7,115,2.0,0,0.0,2,-2.0,9.7,45,7.0,79,8,4.0,72.0,6.0,2,343,3.7,64.0,5.0,0.6,13.9,0.0,1881244,1431,1015459,7859,4.2,4.2,0.0,0.0,0.0,22.13,0.0,0.0,0.0,1.11,387.8,73.0,14.0,0.0,790.0,91.0,0.0,788.0,90.0,38.9,250.0,14.0,,,,23,,Gianluigi,Donnarumma,Donnarumma,,,1800,0,0,9,17,0,1,0,5,0,44,20,55,,,,2.2,0.45,0.85,1.0,0.0,0,27,132
739,a,,,4.4,555,333.0,0,0.0,-1,1.0,0.0,662,272.0,2,0,1.0,448.0,202.0,0,5,0.2,381.0,171.0,0.0,0.5,0.0,3341,7,2696,13,0.7,0.7,0.0,0.21,0.21,0.34,0.0,0.76,0.76,1.22,4.2,454.0,208.0,28.3,357.0,186.0,4.0,409.0,202.0,3.7,436.0,198.0,,,,23,,Divine,Mukasa,Mukasa,,,25,0,0,0,0,0,0,0,0,0,0,0,1,,,,0.0,0.0,0.0,0.0,3.6,0,0,1
740,a,,,3.9,761,224.0,0,0.0,-1,1.0,0.0,603,216.0,0,0,0.0,545.0,198.0,0,0,0.0,467.0,177.0,0.0,0.0,0.0,3067,6,3251,12,0.5,0.5,0.0,0.0,0.0,0.0,0.0,0.0,0.0,0.0,0.0,533.0,197.0,0.0,526.0,198.0,0.0,489.0,189.0,0.0,536.0,197.0,,,,23,,Stephen,Mfuni,Mfuni,,,0,0,0,0,0,0,0,0,0,0,0,0,0,,,,0.0,0.0,0.0,0.0,0.0,0,0,0
742,a,,,4.5,495,307.0,0,0.0,0,0.0,0.0,719,307.0,0,0,0.0,725.0,306.0,0,0,0.0,676.0,274.0,0.0,0.0,0.0,1299,1,1066,6,0.5,0.5,0.0,0.0,0.0,0.0,0.0,0.0,0.0,0.0,0.0,724.0,305.0,0.0,719.0,305.0,0.0,702.0,300.0,0.0,724.0,305.0,,,,23,,Ryan,McAidoo,McAidoo,,,0,0,0,0,0,0,0,0,0,0,0,0,0,,,,0.0,0.0,0.0,0.0,0.0,0,0,0
763,a,,,4.5,450,271.0,0,0.0,0,0.0,0.0,777,341.0,0,0,0.0,693.0,281.0,0,0,0.0,642.0,247.0,0.0,0.0,0.0,257,0,154,2,0.5,0.5,0.0,0.0,0.0,0.0,0.0,0.0,0.0,0.0,0.0,688.0,276.0,0.0,685.0,278.0,0.0,665.0,270.0,0.0,689.0,277.0,,,,23,,Charlie,Gray,Gray,,,0,0,0,0,0,0,0,0,0,0,0,0,0,,,,0.0,0.0,0.0,0.0,0.0,0,0,0
764,a,,,4.5,478,293.0,0,0.0,0,0.0,0.0,784,346.0,0,0,0.0,711.0,294.0,0,0,0.0,661.0,261.0,0.0,0.0,0.0,127,1,83,0,0.5,0.5,0.0,0.0,0.0,0.0,0.0,0.0,0.0,0.0,0.0,709.0,292.0,0.0,704.0,292.0,0.0,687.0,287.0,0.0,709.0,292.0,,,,23,,Reigan,Heskey,Heskey,,,0,0,0,0,0,0,0,0,0,0,0,0,0,,,,0.0,0.0,0.0,0.0,0.0,0,0,0
794,a,,,4.5,442,90.0,0,0.0,0,0.0,0.0,668,232.0,5,0,2.5,254.0,100.0,0,27,1.7,219.0,82.0,0.4,1.1,0.0,4733,8,2407,169,2.2,2.2,0.26,0.06,0.32,1.54,0.17,0.04,0.21,1.03,34.0,403.0,153.0,14.8,383.0,140.0,26.0,339.0,111.0,7.5,411.0,148.0,,,,23,,Max,Alleyne,Alleyne,,,135,0,0,0,1,0,0,0,0,0,0,2,11,,,,0.0,0.0,0.67,1.33,7.33,3,8,4
119,a,100.0,100.0,8.2,14,9.0,0,0.0,2,-2.0,11.6,39,15.0,83,0,4.9,20.0,9.0,11,317,1.5,241.0,104.0,0.2,10.1,0.0,5065274,31779,5428441,1130,1.5,0.5,6.15,3.41,9.56,21.19,0.38,0.21,0.59,1.29,394.0,69.0,21.0,474.4,17.0,16.0,585.0,8.0,2.0,145.3,9.0,7.0,2.0,2.0,,23,,Bryan,Mbeumo,Mbeumo,,,1475,7,1,3,25,0,0,0,3,0,0,17,76,,,,0.0,0.18,1.53,1.04,4.64,13,7,56
431,a,,,4.7,382,17.0,0,0.0,-3,3.0,0.3,306,41.0,11,0,1.8,349.0,28.0,0,49,0.0,690.0,89.0,0.0,2.3,0.0,34911,25,59733,20,0.0,-1.0,0.0,0.05,0.05,9.24,0.0,0.01,0.01,1.54,118.4,296.0,23.0,10.0,405.0,9.0,0.0,716.0,77.0,12.8,373.0,23.0,,,,23,,Altay,Bayındır,Bayindir,,,540,0,0,0,11,0,0,0,0,0,13,6,46,,,,2.17,0.0,1.83,1.0,0.0,0,7,39
432,u,0.0,0.0,4.9,298,12.0,0,0.0,-1,1.0,0.1,414,63.0,0,0,0.0,746.0,90.0,0,0,0.0,707.0,90.0,0.0,0.0,0.0,5156,0,26267,2,0.0,0.0,0.0,0.0,0.0,0.0,0.0,0.0,0.0,0.0,0.0,745.0,90.0,0.0,741.0,87.0,0.0,732.0,81.0,0.0,745.0,90.0,,,,23,,André,Onana,Onana,has joined Trabzonspor on loan for the rest of the season.,,0,0,0,0,0,0,0,0,0,0,0,0,0,,,,0.0,0.0,0.0,0.0,0.0,0,0,0
433,u,0.0,0.0,4.0,703,62.0,0,0.0,0,0.0,0.0,785,91.0,0,0,0.0,598.0,80.0,0,0,0.0,522.0,75.0,0.0,0.0,0.0,0,0,243,0,0.0,0.0,0.0,0.0,0.0,0.0,0.0,0.0,0.0,0.0,0.0,586.0,80.0,0.0,581.0,69.0,0.0,547.0,54.0,0.0,589.0,80.0,,,,23,,Elyh,Harrison,Harrison,On loan to Shrewsbury Town,,0,0,0,0,0,0,0,0,0,0,0,0,0,,,,0.0,0.0,0.0,0.0,0.0,0,0,0
434,a,,,3.9,720,63.0,0,0.0,-1,1.0,0.3,331,45.0,0,0,0.0,514.0,33.0,0,0,0.0,435.0,28.0,0.0,0.0,0.0,14727,10,21662,44,0.0,-1.0,0.0,0.0,0.0,0.0,0.0,0.0,0.0,0.0,0.0,502.0,33.0,0.0,494.0,19.0,0.0,457.0,4.0,0.0,505.0,33.0,,,,23,,Tom,Heaton,Heaton,,,0,0,0,0,0,0,0,0,0,0,0,0,0,,,,0.0,0.0,0.0,0.0,0.0,0,0,0
435,a,,,3.9,743,78.0,0,0.0,-1,1.0,0.1,468,72.0,0,0,0.0,530.0,47.0,0,0,0.0,452.0,42.0,0.0,0.0,0.0,4990,5,7786,14,0.0,-1.0,0.0,0.0,0.0,0.0,0.0,0.0,0.0,0.0,0.0,518.0,47.0,0.0,511.0,34.0,0.0,474.0,19.0,0.0,521.0,47.0,,,,23,,Dermot,Mee,Mee,,,0,0,0,0,0,0,0,0,0,0,0,0,0,,,,0.0,0.0,0.0,0.0,0.0,0,0,0
436,i,0.0,0.0,4.9,303,49.0,0,0.0,-1,1.0,2.0,132,52.0,43,0,3.3,142.0,56.0,5,169,0.0,708.0,250.0,0.0,8.8,0.0,419171,15,531988,352,0.0,0.0,1.38,0.83,2.21,18.73,0.11,0.06,0.17,1.44,276.6,157.0,65.0,60.2,292.0,96.0,122.0,172.0,34.0,45.7,214.0,72.0,,,,23,,Matthijs,de Ligt,De Ligt,Back injury - Expected back 10 Feb,,1170,1,0,1,20,0,0,0,0,0,0,13,139,,,,0.0,0.08,1.54,1.0,8.23,19,88,40
437,a,100.0,100.0,4.8,359,62.0,0,0.0,-2,2.0,0.6,233,86.0,30,0,3.0,187.0,73.0,2,110,4.2,35.0,12.0,0.9,6.2,0.0,92647,1119,46021,255,4.2,3.2,0.05,0.21,0.26,4.61,0.01,0.03,0.04,0.76,138.0,274.0,106.0,52.5,308.0,102.0,8.0,391.0,146.0,20.0,341.0,118.0,,,,23,,Lisandro,Martínez,Martinez,,,544,0,0,2,6,0,0,0,0,0,0,5,49,,,,0.0,0.33,0.99,0.83,8.11,5,44,31
438,a,100.0,100.0,4.9,312,52.0,0,0.0,-1,1.0,0.2,386,141.0,17,0,1.9,335.0,130.0,2,93,0.0,711.0,251.0,0.0,3.5,0.0,26573,169,49680,18,0.0,-1.0,0.02,0.23,0.24,3.93,0.0,0.05,0.05,0.81,106.6,309.0,118.0,51.1,310.0,103.0,14.0,371.0,132.0,17.1,357.0,126.0,,,,23,,Noussair,Mazraoui,Mazraoui,,,439,0,0,1,5,0,0,0,1,0,0,6,54,,,,0.0,0.21,1.03,1.23,8.61,13,29,23
439,a,,,4.2,642,156.0,0,0.0,-3,3.0,0.1,557,202.0,0,0,0.0,620.0,243.0,0,0,0.0,555.0,230.0,0.0,0.0,0.0,2998,3,8094,8,0.0,-1.0,0.0,0.0,0.0,0.0,0.0,0.0,0.0,0.0,0.0,609.0,243.0,0.0,606.0,243.0,0.0,576.0,240.0,0.0,613.0,244.0,,,,23,,Diego,León Blanco,D.Leon,,,0,0,0,0,0,0,0,0,0,0,0,0,0,,,,0.0,0.0,0.0,0.0,0.0,0,0,0
440,a,100.0,100.0,4.5,413,80.0,0,0.0,0,0.0,3.5,95,35.0,70,0,3.5,120.0,43.0,5,229,3.8,50.0,21.0,0.8,15.6,0.0,683718,761,486811,2152,3.8,2.8,1.23,1.52,2.75,21.36,0.07,0.09,0.16,1.29,314.4,121.0,52.0,277.7,74.0,16.0,113.0,186.0,43.0,70.5,105.0,32.0,,,,23,,Diogo,Dalot Teixeira,Dalot,,,1494,1,5,4,26,0,0,0,3,0,0,17,127,,,,0.0,0.24,1.57,1.02,6.39,29,77,74
462,a,,,4.3,601,349.0,0,0.0,-2,2.0,0.1,488,172.0,3,0,1.0,441.0,196.0,0,10,0.3,346.0,155.0,0.1,0.7,0.0,12535,19,10218,34,0.3,-0.7,0.03,0.02,0.05,1.86,0.03,0.02,0.05,1.56,18.6,430.0,193.0,24.4,366.0,189.0,5.0,406.0,200.0,4.8,428.0,192.0,,,,23,,Jack,Fletcher,J.Fletcher,,,107,0,0,0,0,0,0,0,0,0,0,0,11,,,,0.0,0.0,0.0,0.0,9.25,5,2,4
463,a,,,4.3,613,358.0,0,0.0,-2,2.0,0.1,483,169.0,0,0,0.0,639.0,245.0,0,0,0.0,578.0,207.0,0.0,0.0,0.0,8693,10,11841,24,0.0,-1.0,0.0,0.0,0.0,0.0,0.0,0.0,0.0,0.0,0.0,628.0,235.0,0.0,626.0,240.0,0.0,599.0,229.0,0.0,631.0,237.0,,,,23,,Sékou,Koné,Kone,,,0,0,0,0,0,0,0,0,0,0,0,0,0,,,,0.0,0.0,0.0,0.0,0.0,0,0,0
464,u,0.0,0.0,4.5,464,283.0,0,0.0,0,0.0,0.0,675,280.0,0,0,0.0,701.0,288.0,0,0,0.0,651.0,255.0,0.0,0.0,0.0,723,0,2811,1,0.0,0.0,0.0,0.0,0.0,0.0,0.0,0.0,0.0,0.0,0.0,698.0,285.0,0.0,694.0,286.0,0.0,675.0,279.0,0.0,699.0,286.0,,,,23,,Jack,Moorhouse,Moorhouse,has joined Leyton Orient on loan for the rest of the season.,,0,0,0,0,0,0,0,0,0,0,0,0,0,,,,0.0,0.0,0.0,0.0,0.0,0,0,0
169,a,100.0,100.0,4.9,336,208.0,0,0.0,-1,1.0,0.2,363,121.0,56,2,2.7,229.0,100.0,5,236,3.3,80.0,36.0,0.7,11.4,0.0,73871,94,60492,129,3.3,3.3,4.45,1.18,5.63,21.92,0.28,0.08,0.36,1.4,285.6,150.0,55.0,243.5,90.0,67.0,301.0,51.0,31.0,83.0,76.0,45.0,,3.0,,23,,Diego,Gómez Amarilla,Gomez,,,1413,3,0,4,22,0,0,0,5,0,0,17,145,,,,0.0,0.25,1.4,1.08,9.24,51,30,64
170,a,100.0,100.0,4.9,283,176.0,0,0.0,-1,1.0,0.1,467,159.0,21,1,1.6,377.0,168.0,0,86,0.7,312.0,143.0,0.1,4.3,0.0,16929,29,22076,26,0.7,0.7,0.85,0.53,1.38,6.17,0.25,0.16,0.41,1.81,89.0,331.0,145.0,91.6,232.0,143.0,23.0,349.0,182.0,20.2,339.0,164.0,5.0,,1.0,23,,James,Milner,Milner,,,306,1,1,0,10,0,0,0,2,0,0,2,33,,,,0.0,0.0,2.94,0.59,9.71,5,9,19
171,u,0.0,0.0,4.9,325,201.0,0,0.0,-1,1.0,0.0,686,289.0,0,0,0.0,753.0,326.0,0,0,0.0,718.0,304.0,0.0,0.0,0.0,196,0,2932,1,0.0,0.0,0.0,0.0,0.0,0.0,0.0,0.0,0.0,0.0,0.0,752.0,325.0,0.0,748.0,325.0,0.0,740.0,323.0,0.0,752.0,325.0,,,,23,,Jeremy,Sarmiento Morante,Sarmiento,has joined Cremonese on loan for the rest of the season.,,0,0,0,0,0,0,0,0,0,0,0,0,0,,,,0.0,0.0,0.0,0.0,0.0,0,0,0
173,i,0.0,0.0,4.9,330,205.0,0,0.0,-1,1.0,0.2,404,136.0,58,0,3.6,115.0,53.0,3,250,0.2,398.0,184.0,0.0,11.8,0.0,79385,1,72533,116,0.0,0.0,1.2,1.47,2.67,16.4,0.09,0.11,0.2,1.25,303.4,134.0,46.0,229.5,99.0,74.0,131.0,160.0,94.0,66.5,120.0,66.0,,,,23,,Mats,Wieffer,Wieffer,Toe Injury - Unknown return date,,1179,0,4,3,17,0,0,0,4,0,0,13,184,,,,0.0,0.23,1.3,0.99,14.05,47,70,67
543,a,,,4.9,338,210.0,0,0.0,-6,6.0,0.4,261,89.0,34,0,2.4,265.0,113.0,3,81,2.5,154.0,65.0,0.5,6.9,0.0,89994,35,220053,149,2.5,2.5,0.35,0.62,0.97,11.3,0.05,0.09,0.14,1.57,81.4,340.0,150.0,116.8,195.0,127.0,75.0,250.0,138.0,27.0,302.0,146.0,,,,23,,Simon,Adingra,Adingra,,,649,1,1,4,8,0,0,0,2,0,0,9,45,,,,0.0,0.55,1.11,1.25,6.24,11,13,21
174,u,0.0,0.0,5.0,278,172.0,0,0.0,0,0.0,0.0,753,327.0,0,0,0.0,772.0,340.0,0,0,0.0,744.0,323.0,0.0,0.0,0.0,0,0,1260,0,0.0,0.0,0.0,0.0,0.0,0.0,0.0,0.0,0.0,0.0,0.0,771.0,339.0,0.0,769.0,339.0,0.0,763.0,337.0,0.0,771.0,339.0,,,,23,,Malick,Yalcouyé,Yalcouye,Has joined Swansea City on loan for the rest of the season.,,0,0,0,0,0,0,0,0,0,0,0,0,0,,,,0.0,0.0,0.0,0.0,0.0,0,0,0
175,a,,,4.4,549,329.0,0,0.0,-1,1.0,0.1,505,179.0,1,0,1.0,447.0,201.0,0,3,0.0,601.0,218.0,0.0,0.2,0.0,10721,8,13475,9,0.0,0.0,0.0,0.0,0.0,0.0,0.0,0.0,0.0,0.0,0.0,650.0,248.0,0.0,647.0,252.0,0.0,623.0,242.0,0.0,653.0,250.0,,,,23,,Joe,Knight,Knight,,,1,0,0,0,0,0,0,0,0,0,0,0,0,,,,0.0,0.0,0.0,0.0,0.0,0,0,0
176,u,0.0,0.0,4.5,458,279.0,0,0.0,0,0.0,0.0,673,279.0,0,0,0.0,698.0,286.0,0,0,0.0,647.0,252.0,0.0,0.0,0.0,1435,0,4535,0,0.0,0.0,0.0,0.0,0.0,0.0,0.0,0.0,0.0,0.0,0.0,693.0,281.0,0.0,690.0,283.0,0.0,670.0,275.0,0.0,694.0,282.0,,,,23,,Adrian,Mazilu,Mazilu,has joined Dinamo Bucharest permanently.,,0,0,0,0,0,0,0,0,0,0,0,0,0,,,,0.0,0.0,0.0,0.0,0.0,0,0,0
177,u,0.0,0.0,4.5,447,268.0,0,0.0,0,0.0,0.0,682,285.0,0,0,0.0,690.0,278.0,0,0,0.0,639.0,244.0,0.0,0.0,0.0,490,0,5056,1,0.0,0.0,0.0,0.0,0.0,0.0,0.0,0.0,0.0,0.0,0.0,685.0,273.0,0.0,682.0,275.0,0.0,662.0,267.0,0.0,686.0,274.0,,,,23,,Andrew,Moran,Moran,Has joined Los Angeles FC on loan for the rest of the season.,,0,0,0,0,0,0,0,0,0,0,0,0,0,,,,0.0,0.0,0.0,0.0,0.0,0,0,0
178,a,100.0,100.0,6.2,71,23.0,0,0.0,-3,3.0,4.1,86,15.0,68,2,3.1,177.0,18.0,8,261,1.5,239.0,30.0,0.2,11.0,0.0,1903990,2309,1975198,1923,1.5,1.5,7.81,0.7,8.51,19.89,0.55,0.05,0.6,1.4,308.8,124.0,11.0,174.3,139.0,8.0,354.0,35.0,15.0,83.1,74.0,13.0,,2.0,2.0,23,,Danny,Welbeck,Welbeck,,,1276,8,0,3,20,0,0,2,4,0,0,14,57,,,,0.0,0.21,1.41,0.99,4.02,12,18,27
179,u,0.0,0.0,5.5,152,36.0,0,0.0,0,0.0,0.0,735,87.0,0,0,0.0,790.0,85.0,0,0,0.0,780.0,81.0,0.0,0.0,0.0,0,0,1552,0,0.0,0.0,0.0,0.0,0.0,0.0,0.0,0.0,0.0,0.0,0.0,790.0,85.0,0.0,789.0,85.0,0.0,786.0,85.0,0.0,790.0,85.0,,,,23,,Evan,Ferguson,Ferguson,Has joined AS Roma on loan for the rest of the season,,0,0,0,0,0,0,0,0,0,0,0,0,0,,,,0.0,0.0,0.0,0.0,0.0,0,0,0
180,i,0.0,0.0,5.2,222,49.0,0,0.0,-3,3.0,0.1,509,71.0,16,0,1.8,353.0,36.0,0,55,0.0,754.0,78.0,0.0,3.1,0.0,12974,3,22629,7,0.0,0.0,0.44,0.11,0.55,2.59,0.3,0.08,0.38,1.77,66.6,364.0,37.0,65.7,277.0,29.0,44.0,303.0,50.0,17.7,353.0,41.0,,,,23,,Stefanos,Tzimas,Tzimas,Knee injury - Expected back 01 Jun,,132,1,1,0,2,0,0,0,0,0,0,1,15,,,,0.0,0.0,1.36,0.68,10.23,3,2,10
795,a,,,4.5,485,299.0,0,0.0,0,0.0,0.0,792,352.0,0,0,0.0,718.0,300.0,0,0,0.0,668.0,267.0,0.0,0.0,0.0,93,3,19,2,0.0,0.0,0.0,0.0,0.0,0.0,0.0,0.0,0.0,0.0,0.0,716.0,298.0,0.0,711.0,298.0,0.0,694.0,293.0,0.0,716.0,298.0,,,,23,,Harry,Howell,Howell,,,0,0,0,0,0,0,0,0,0,0,0,0,0,,,,0.0,0.0,0.0,0.0,0.0,0,0,0
220,a,100.0,100.0,4.9,307,13.0,0,0.0,-1,1.0,13.9,26,3.0,85,0,4.0,71.0,5.0,7,355,3.0,107.0,9.0,0.6,17.3,0.0,1316420,10873,2463913,1314,3.0,3.0,0.0,0.02,0.02,28.35,0.0,0.0,0.0,1.41,479.4,36.0,10.0,50.0,313.0,1.0,0.0,734.0,82.0,52.6,183.0,7.0,,,,23,,Robert,Lynch Sánchez,Sánchez,,,1804,0,1,9,23,0,0,0,2,1,54,21,89,,,,2.69,0.45,1.15,1.05,0.0,0,19,177
221,d,50.0,0.0,4.3,596,29.0,0,0.0,-2,2.0,0.2,387,56.0,3,0,1.5,386.0,30.0,0,18,0.3,345.0,25.0,0.1,0.7,0.0,14611,5,24796,85,0.1,0.0,0.0,0.0,0.0,2.78,0.0,0.0,0.0,1.44,28.2,412.0,30.0,0.0,615.0,78.0,0.0,587.0,65.0,2.8,442.0,30.0,,,,23,,Filip,Jörgensen,Jörgensen,Knock - 50% chance of playing,,174,0,0,0,3,0,0,0,0,0,3,1,7,,,,1.55,0.0,1.55,0.52,0.0,0,2,14
222,u,0.0,0.0,4.0,694,61.0,0,0.0,0,0.0,0.0,771,87.0,0,0,0.0,590.0,79.0,0,0,0.0,514.0,74.0,0.0,0.0,0.0,0,0,334,0,0.0,0.0,0.0,0.0,0.0,0.0,0.0,0.0,0.0,0.0,0.0,578.0,79.0,0.0,573.0,68.0,0.0,539.0,53.0,0.0,581.0,79.0,,,,23,,Mike,Penders,Penders,Has joined RC Strasbourg on loan for the rest of the season.,,0,0,0,0,0,0,0,0,0,0,0,0,0,,,,0.0,0.0,0.0,0.0,0.0,0,0,0
223,a,,,3.9,746,79.0,0,0.0,-1,1.0,0.1,445,68.0,0,0,0.0,532.0,48.0,0,0,0.0,454.0,43.0,0.0,0.0,0.0,9601,14,11346,15,0.0,0.0,0.0,0.0,0.0,0.0,0.0,0.0,0.0,0.0,0.0,520.0,48.0,0.0,513.0,35.0,0.0,476.0,20.0,0.0,523.0,48.0,,,,23,,Gabriel,Słonina,Slonina,,,0,0,0,0,0,0,0,0,0,0,0,0,0,,,,0.0,0.0,0.0,0.0,0.0,0,0,0
224,a,100.0,100.0,6.0,85,3.0,0,0.0,0,0.0,16.0,21,7.0,74,0,3.7,106.0,39.0,5,340,0.7,316.0,112.0,0.1,12.3,0.0,2439856,3176,3112745,1859,0.7,0.7,0.58,2.05,2.63,24.18,0.03,0.11,0.14,1.35,316.8,120.0,51.0,309.6,55.0,10.0,113.0,189.0,44.0,73.8,98.0,28.0,,,,23,,Marc,Cucurella Saseta,Cucurella,,,1615,0,2,9,19,0,0,0,4,1,0,19,152,,,,0.0,0.5,1.06,1.06,6.41,36,79,74
225,a,100.0,100.0,5.7,118,11.0,0,0.0,2,-2.0,10.7,41,14.0,90,0,4.3,53.0,24.0,9,372,2.7,140.0,53.0,0.5,15.8,0.0,1883909,4951,1317514,2032,2.7,2.7,0.86,2.15,3.01,23.34,0.05,0.13,0.18,1.45,387.0,75.0,32.0,373.9,39.0,3.0,85.0,232.0,63.0,84.7,72.0,16.0,2.0,2.0,,23,,Reece,James,James,,,1445,2,5,6,16,0,0,0,4,0,0,15,139,,,,0.0,0.37,1.0,0.93,6.23,39,61,78
226,a,100.0,100.0,5.6,128,14.0,0,0.0,6,-6.0,20.1,18,6.0,110,0,5.2,12.0,5.0,7,404,2.7,138.0,52.0,0.5,19.6,0.0,3930991,20004,1747513,2408,2.7,2.7,1.14,0.68,1.82,26.59,0.06,0.03,0.09,1.31,518.8,21.0,8.0,82.9,249.0,74.0,143.0,148.0,29.0,74.4,96.0,27.0,,,,23,,Trevoh,Chalobah,Chalobah,,,1830,3,1,9,23,0,0,0,3,1,0,21,210,,,,0.0,0.44,1.13,1.03,8.75,28,150,81
227,i,0.0,0.0,4.7,383,66.0,0,0.0,-3,3.0,0.1,464,171.0,0,0,0.0,736.0,255.0,0,0,0.0,691.0,248.0,0.0,0.0,0.0,1044,4,30327,4,0.0,0.0,0.0,0.0,0.0,0.0,0.0,0.0,0.0,0.0,0.0,735.0,255.0,0.0,730.0,255.0,0.0,717.0,254.0,0.0,735.0,255.0,,,,23,,Levi,Samuels Colwill,Colwill,Anterior cruciate ligament - Unknown return date,,0,0,0,0,0,0,0,0,0,0,0,0,0,,,,0.0,0.0,0.0,0.0,0.0,0,0,0
228,a,100.0,100.0,4.9,332,55.0,0,0.0,-1,1.0,2.0,131,51.0,73,0,3.8,84.0,32.0,7,277,1.0,284.0,105.0,0.2,14.9,0.0,409142,882,393526,801,1.0,1.0,1.23,0.83,2.06,21.15,0.09,0.06,0.15,1.57,273.2,161.0,68.0,200.1,116.0,28.0,118.0,180.0,38.0,59.1,148.0,48.0,,,,23,,Malo,Gusto,Gusto,,,1216,2,2,6,14,0,0,0,1,1,0,13,103,,,,0.0,0.44,1.04,0.96,5.4,31,42,77
544,a,100.0,100.0,5.3,202,126.0,0,0.0,-2,2.0,0.0,609,234.0,13,0,2.2,297.0,132.0,0,26,0.0,761.0,334.0,0.0,2.5,0.0,6827,32,16209,18,0.0,0.0,0.54,0.09,0.63,4.69,0.12,0.02,0.14,1.01,19.6,429.0,192.0,34.9,342.0,180.0,47.0,295.0,154.0,9.5,398.0,182.0,,,1.0,23,,Habib,Diarra,Diarra,,,416,0,1,2,2,0,0,0,2,0,0,4,26,,,,0.0,0.43,0.43,0.87,5.62,4,9,13
599,a,,,4.3,587,80.0,0,0.0,-2,2.0,0.6,232,36.0,2,1,1.0,439.0,52.0,0,4,0.3,344.0,41.0,0.1,0.5,0.0,57793,118,100326,98,-0.2,0.3,0.0,0.01,0.01,0.04,0.0,0.13,0.13,0.51,0.0,613.0,62.0,0.2,461.0,57.0,2.0,422.0,56.0,0.2,480.0,58.0,,,,23,,Dane,Scarlett,Scarlett,,,7,0,0,0,0,0,0,0,0,0,0,0,1,,,,0.0,0.0,0.0,0.0,12.86,0,0,1
673,d,75.0,75.0,5.5,137,85.0,0,0.0,0,0.0,0.9,191,64.0,78,0,3.9,79.0,36.0,11,323,2.0,199.0,84.0,0.4,14.2,0.0,360610,8,334775,950,1.1,1.5,1.0,0.47,1.47,19.28,0.07,0.03,0.1,1.34,385.8,76.0,25.0,85.3,240.0,146.0,138.0,152.0,87.0,61.1,141.0,78.0,,,,23,,João Maria,Lobo Alves Palhares Costa Palhinha Gonçalves,J.Palhinha,Knock - 75% chance of playing,,1299,3,3,4,20,0,0,0,5,0,0,14,174,,,,0.0,0.28,1.39,0.97,12.06,74,48,52
229,a,100.0,100.0,4.4,527,113.0,0,0.0,-1,1.0,0.0,650,226.0,3,0,0.5,490.0,170.0,0,30,0.5,322.0,117.0,0.1,0.7,0.0,3974,16,4623,9,0.5,0.5,0.0,0.04,0.04,5.13,0.0,0.01,0.01,1.38,57.8,376.0,144.0,6.2,419.0,151.0,0.0,608.0,246.0,6.5,416.0,150.0,,,,23,,Benoît,Badiashile Mukinayi,B.Badiashile,,,335,0,0,0,7,0,0,0,2,0,0,4,30,,,,0.0,0.0,1.88,1.07,7.25,3,24,11
21,a,100.0,100.0,7.4,22,15.0,0,0.0,9,-9.0,31.3,8,2.0,125,0,6.0,6.0,3.0,18,515,4.7,25.0,11.0,0.6,16.9,0.0,5645211,26223,2814651,3669,5.7,5.7,2.78,4.22,7.0,12.3,0.14,0.21,0.35,0.62,575.4,13.0,4.0,631.5,4.0,4.0,231.0,74.0,46.0,143.9,10.0,8.0,1.0,1.0,,23,,Declan,Rice,Rice,,,1785,4,7,10,13,0,0,0,1,0,0,20,216,,,,0.0,0.5,0.66,1.01,10.89,37,78,101
22,a,,,5.5,139,87.0,0,0.0,-5,5.0,1.4,156,53.0,59,0,3.0,192.0,83.0,4,212,1.0,288.0,127.0,0.2,10.7,0.0,825566,287,747281,1226,2.0,2.0,2.5,1.43,3.93,6.32,0.23,0.13,0.36,0.59,265.6,171.0,67.0,185.7,131.0,94.0,193.0,103.0,62.0,64.2,132.0,72.0,,,,23,,Mikel,Merino Zazón,Merino,,,964,3,3,4,8,0,0,0,1,0,0,10,104,,,,0.0,0.37,0.75,0.93,9.71,25,27,52
23,u,0.0,0.0,5.4,170,106.0,0,0.0,-1,1.0,0.0,670,276.0,0,0,0.0,782.0,346.0,0,0,0.0,768.0,339.0,0.0,0.0,0.0,933,0,4392,0,0.0,0.0,0.0,0.0,0.0,0.0,0.0,0.0,0.0,0.0,0.0,782.0,346.0,0.0,781.0,346.0,0.0,777.0,345.0,0.0,782.0,346.0,,,,23,,Fábio,Ferreira Vieira,Fábio Vieira,has joined Hamburger on loan for the rest of the season.,,0,0,0,0,0,0,0,0,0,0,0,0,0,,,,0.0,0.0,0.0,0.0,0.0,0,0,0
738,d,25.0,25.0,4.5,399,20.0,0,0.0,0,0.0,0.0,622,79.0,0,0,0.0,666.0,87.0,0,0,0.0,610.0,85.0,0.0,0.0,0.0,5538,3,4965,13,0.0,0.0,0.0,0.0,0.0,0.0,0.0,0.0,0.0,0.0,0.0,659.0,87.0,0.0,655.0,80.0,0.0,632.0,68.0,0.0,662.0,87.0,,,,23,,Lukasz,Fabianski,Fabianski,Back injury - 25% chance of playing,,0,0,0,0,0,0,0,0,0,0,0,0,0,,,,0.0,0.0,0.0,0.0,0.0,0,0,0
747,a,,,4.0,708,197.0,0,0.0,0,0.0,0.0,646,225.0,5,0,1.0,435.0,161.0,0,15,0.5,318.0,114.0,0.1,1.2,0.0,1947,11,1355,9,0.5,0.5,0.12,0.44,0.56,2.8,0.1,0.35,0.45,2.25,21.2,422.0,160.0,33.8,344.0,120.0,9.0,383.0,140.0,6.4,417.0,151.0,,,,23,,Ezra,Mayers,Mayers,,,112,0,0,0,3,0,0,0,0,0,0,0,5,,,,0.0,0.0,2.41,0.0,4.02,0,5,6
758,a,,,4.5,499,310.0,0,0.0,0,0.0,0.0,732,312.0,3,0,1.0,460.0,213.0,0,11,0.2,388.0,178.0,0.0,0.7,0.0,1265,6,685,5,0.2,0.2,0.03,0.02,0.05,0.54,0.17,0.11,0.28,3.04,4.4,453.0,207.0,10.9,395.0,197.0,4.0,412.0,204.0,1.7,451.0,206.0,,,,23,,Mohamadou,Kanté,Mohamadou Kanté,,,16,0,0,0,0,0,0,0,0,0,0,0,4,,,,0.0,0.0,0.0,0.0,22.5,1,0,3
37,a,100.0,100.0,4.5,402,73.0,0,0.0,0,0.0,1.6,149,58.0,65,0,3.1,164.0,66.0,4,255,2.0,194.0,73.0,0.4,14.4,0.0,279977,206,316530,377,2.0,2.0,0.54,1.75,2.29,18.41,0.04,0.13,0.17,1.37,243.2,178.0,73.0,277.8,73.0,15.0,106.0,199.0,51.0,62.5,136.0,44.0,2.0,2.0,,23,,Lucas,Digne,Digne,,,1209,0,3,6,12,0,0,0,2,0,0,14,91,,,,0.0,0.45,0.89,1.04,4.99,21,46,43
38,a,100.0,100.0,4.4,518,105.0,0,0.0,-1,1.0,7.4,55,17.0,64,0,3.0,183.0,71.0,3,326,2.5,145.0,55.0,0.6,14.5,0.0,504105,795,1880218,1226,2.5,2.5,0.38,0.4,0.78,29.83,0.02,0.02,0.04,1.44,384.2,77.0,33.0,72.7,265.0,81.0,79.0,238.0,66.0,53.9,175.0,56.0,,,,23,,Ezri,Konsa Ngoyo,Konsa,,,1865,0,0,6,24,0,0,0,0,1,0,21,151,,,,0.0,0.29,1.16,1.01,5.98,14,110,63
39,a,,,4.2,628,149.0,0,0.0,-3,3.0,0.5,252,96.0,20,0,1.2,420.0,153.0,0,115,1.2,261.0,97.0,0.3,4.8,0.0,50915,119,91663,109,1.2,1.2,0.68,1.1,1.78,12.95,0.08,0.13,0.21,1.53,153.8,261.0,105.0,178.8,134.0,32.0,114.0,183.0,40.0,44.9,216.0,73.0,5.0,,,23,,Ian,Maatsen,Maatsen,,,760,0,0,0,13,0,0,0,1,0,0,8,74,,,,0.0,0.0,1.54,0.95,7.34,22,40,47
40,a,100.0,100.0,4.3,568,125.0,0,0.0,-2,2.0,0.5,243,91.0,24,0,3.4,123.0,46.0,1,87,0.0,558.0,233.0,0.0,5.6,0.0,123790,58,188357,20,0.0,0.0,0.33,0.09,0.42,8.78,0.06,0.02,0.08,1.59,120.2,293.0,112.0,44.6,327.0,110.0,25.0,341.0,113.0,19.0,346.0,120.0,,,,23,,Tyrone,Mings,Mings,,,497,0,0,2,6,0,0,0,0,0,0,6,57,,,,0.0,0.36,1.09,1.09,7.42,2,39,16
61,u,0.0,0.0,4.5,404,247.0,0,0.0,0,0.0,0.1,517,184.0,0,0,0.0,668.0,260.0,0,0,0.0,612.0,224.0,0.0,0.0,0.0,2169,0,33384,4,0.0,0.0,0.0,0.0,0.0,0.0,0.0,0.0,0.0,0.0,0.0,661.0,254.0,0.0,657.0,257.0,0.0,634.0,248.0,0.0,664.0,256.0,,,,23,,Leander,Dendoncker,Dendoncker,Has joined Real Oviedo permanently.,,0,0,0,0,0,0,0,0,0,0,0,0,0,,,,0.0,0.0,0.0,0.0,0.0,0,0,0
62,a,,,4.5,465,284.0,0,0.0,0,0.0,0.1,529,188.0,1,0,1.0,455.0,208.0,0,3,0.2,385.0,175.0,0.0,0.2,0.0,8135,25,8996,15,0.2,0.2,0.0,0.0,0.0,0.61,0.0,0.0,0.0,6.86,0.2,479.0,221.0,0.3,460.0,225.0,0.0,676.0,280.0,0.1,482.0,223.0,,,,23,,Jamaldeen,Jimoh-Aloba,Jimoh-Aloba,,,8,0,0,0,0,0,0,0,0,0,0,0,1,,,,0.0,0.0,0.0,0.0,11.25,0,0,1
63,a,,,4.3,600,348.0,0,0.0,-2,2.0,0.6,228,79.0,0,0,0.0,631.0,238.0,0,0,0.0,569.0,200.0,0.0,0.0,0.0,94781,213,108997,191,0.0,0.0,0.0,0.0,0.0,0.0,0.0,0.0,0.0,0.0,0.0,620.0,228.0,0.0,618.0,233.0,0.0,590.0,221.0,0.0,623.0,230.0,,,,23,,Kadan,Young,Young,,,0,0,0,0,0,0,0,0,0,0,0,0,0,,,,0.0,0.0,0.0,0.0,0.0,0,0,0
64,a,100.0,100.0,8.8,8,4.0,0,0.0,-2,2.0,12.9,32,7.0,83,0,3.8,96.0,8.0,9,300,4.7,26.0,5.0,0.5,9.4,0.0,1951323,6766,3369359,6556,4.7,4.7,8.78,0.85,9.63,25.6,0.48,0.05,0.53,1.4,324.2,112.0,10.0,169.5,143.0,9.0,617.0,5.0,4.0,110.9,33.0,7.0,,,3.0,23,,Ollie,Watkins,Watkins,,,1651,7,2,6,22,0,0,0,1,0,0,19,58,,,,0.0,0.33,1.2,1.04,3.16,11,14,33
189,u,0.0,0.0,4.0,669,170.0,0,0.0,0,0.0,0.0,702,242.0,0,0,0.0,569.0,211.0,0,0,0.0,491.0,190.0,0.0,0.0,0.0,0,0,2332,1,0.0,0.0,0.0,0.0,0.0,0.0,0.0,0.0,0.0,0.0,0.0,557.0,210.0,0.0,552.0,211.0,0.0,517.0,204.0,0.0,560.0,210.0,,,,23,,Owen,Dodgson,Dodgson,Has joined Stockport County on loan for the rest of the season.,,0,0,0,0,0,0,0,0,0,0,0,0,0,,,,0.0,0.0,0.0,0.0,0.0,0,0,0
190,a,,,3.9,748,220.0,0,0.0,-1,1.0,0.9,194,74.0,44,0,2.9,195.0,75.0,2,121,2.3,162.0,62.0,0.6,11.3,0.0,245088,30,187231,253,2.3,2.3,0.21,0.24,0.45,22.73,0.02,0.02,0.04,1.74,273.8,159.0,66.0,43.1,328.0,111.0,78.0,242.0,68.0,39.5,244.0,84.0,,,,23,,Hjalmar,Ekdal,Ekdal,,,1179,0,0,2,24,0,0,0,0,0,0,13,146,,,,0.0,0.15,1.83,0.99,10.08,19,113,31
191,a,100.0,100.0,3.9,747,219.0,0,0.0,-1,1.0,8.3,49,16.0,50,3,2.5,248.0,96.0,0,166,1.3,244.0,90.0,0.3,12.8,0.0,701005,512,1821096,1411,1.3,1.3,0.41,0.46,0.87,41.65,0.02,0.02,0.04,2.21,410.0,59.0,29.0,68.4,272.0,85.0,64.0,264.0,75.0,54.5,168.0,54.0,,,,23,,Maxime,Estève,Estève,,,1699,0,0,2,40,2,0,0,0,0,0,20,216,,,,0.0,0.11,2.12,1.06,10.06,24,166,60
192,a,,,4.0,680,175.0,0,0.0,0,0.0,0.8,206,78.0,46,0,3.1,162.0,64.0,0,170,0.0,501.0,194.0,0.0,11.5,0.0,179793,54,156730,367,0.0,0.0,0.19,1.51,1.7,30.28,0.01,0.1,0.11,2.04,305.4,131.0,59.0,228.9,100.0,23.0,57.0,280.0,84.0,59.2,147.0,47.0,1.0,,,23,,Quilindschy,Hartman,Hartman,,,1337,0,5,2,28,0,0,0,1,0,0,15,124,,,,0.0,0.13,1.88,1.01,7.0,31,73,49
209,a,,,4.8,349,220.0,0,0.0,-2,2.0,0.0,593,225.0,42,0,2.1,310.0,137.0,1,171,3.5,66.0,26.0,0.7,8.8,0.0,5199,14,4942,15,3.5,3.5,0.43,0.24,0.67,25.18,0.04,0.02,0.06,2.1,214.8,204.0,86.0,81.6,251.0,151.0,68.0,256.0,140.0,36.5,260.0,126.0,,,,23,,Josh,Laurent,Laurent,,,1079,1,0,1,27,0,0,0,4,0,0,11,124,,,,0.0,0.08,2.25,0.92,10.34,29,59,36
210,a,,,4.9,331,206.0,0,0.0,-1,1.0,0.0,621,244.0,33,0,1.9,336.0,148.0,0,111,0.7,313.0,144.0,0.1,6.7,0.0,4595,1,5522,14,0.7,0.7,0.86,0.38,1.24,14.16,0.1,0.05,0.15,1.69,85.6,333.0,147.0,76.7,258.0,156.0,101.0,210.0,116.0,26.3,309.0,148.0,,2.0,,23,,Loum,Tchaouna,Tchaouna,,,753,1,1,2,11,0,0,0,1,0,0,9,45,,,,0.0,0.24,1.31,1.08,5.38,13,11,21
211,u,0.0,0.0,4.4,533,318.0,0,0.0,-1,1.0,1.5,153,52.0,0,0,0.0,648.0,248.0,0,0,0.0,590.0,210.0,0.0,0.0,0.0,62789,0,924610,90,0.0,0.0,0.0,0.0,0.0,0.0,0.0,0.0,0.0,0.0,0.0,637.0,238.0,0.0,635.0,243.0,0.0,610.0,232.0,0.0,640.0,240.0,,,,23,,Aaron,Ramsey,A.Ramsey,has joined Leicester City on loan for the rest of the season.,,0,0,0,0,0,0,0,0,0,0,0,0,0,,,,0.0,0.0,0.0,0.0,0.0,0,0,0
212,u,0.0,0.0,4.5,473,289.0,0,0.0,0,0.0,0.0,743,318.0,0,0,0.0,709.0,293.0,0,0,0.0,659.0,260.0,0.0,0.0,0.0,0,0,2735,2,0.0,0.0,0.0,0.0,0.0,0.0,0.0,0.0,0.0,0.0,0.0,706.0,290.0,0.0,702.0,291.0,0.0,684.0,285.0,0.0,707.0,291.0,,,,23,,Oluwaseun,Adewumi,Adewumi,Has joined Cercle Brugge on loan for the rest of the season.,,0,0,0,0,0,0,0,0,0,0,0,0,0,,,,0.0,0.0,0.0,0.0,0.0,0,0,0
215,d,75.0,75.0,5.3,193,44.0,0,0.0,-2,2.0,0.3,321,53.0,42,0,2.8,216.0,21.0,3,157,0.2,403.0,45.0,0.0,7.9,0.0,142138,16,134841,191,0.2,0.2,3.15,0.16,3.31,13.86,0.43,0.02,0.45,1.89,209.0,212.0,18.0,58.6,296.0,32.0,207.0,90.0,27.0,46.8,207.0,24.0,,,1.0,23,,Zian,Flemming,Flemming,Lack of match fitness - 75% chance of playing,,660,5,0,2,10,0,0,0,3,0,0,8,31,,,,0.0,0.27,1.36,1.09,4.23,6,15,10
216,i,0.0,0.0,4.8,366,60.0,0,0.0,-2,2.0,0.0,660,82.0,0,0,0.0,741.0,80.0,0,0,0.0,699.0,71.0,0.0,0.0,0.0,1736,5,5951,0,0.0,0.0,0.0,0.0,0.0,0.0,0.0,0.0,0.0,0.0,0.0,740.0,80.0,0.0,735.0,79.0,0.0,725.0,79.0,0.0,740.0,80.0,,,,23,,Zeki,Amdouni,Amdouni,Knee injury - Expected back 25 Apr,,0,0,0,0,0,0,0,0,0,0,0,0,0,,,,0.0,0.0,0.0,0.0,0.0,0,0,0
217,a,100.0,100.0,4.9,321,57.0,0,0.0,-1,1.0,0.8,204,33.0,42,5,2.6,241.0,23.0,4,160,1.0,283.0,36.0,0.2,8.6,0.0,433924,277,425952,117,1.0,1.0,2.25,0.25,2.5,20.09,0.22,0.02,0.24,1.97,171.8,246.0,21.0,107.7,207.0,23.0,161.0,127.0,33.0,43.6,221.0,26.0,,,,23,,Lyle,Foster,Foster,,,917,3,1,3,20,0,0,0,3,0,0,11,54,,,,0.0,0.29,1.96,1.08,5.3,10,18,26
70,u,0.0,0.0,4.0,681,57.0,0,0.0,0,0.0,0.1,554,78.0,0,0,0.0,579.0,75.0,0,0,0.0,502.0,70.0,0.0,0.0,0.0,1107,0,10151,5,0.0,0.0,0.0,0.0,0.0,0.0,0.0,0.0,0.0,0.0,0.0,567.0,75.0,0.0,562.0,64.0,0.0,527.0,49.0,0.0,570.0,75.0,,,,23,,Alex,Paulsen,Paulsen,Has joined Lechia Gdansk on loan for the rest of the season.,,0,0,0,0,0,0,0,0,0,0,0,0,0,,,,0.0,0.0,0.0,0.0,0.0,0,0,0
71,u,0.0,0.0,5.0,261,42.0,0,0.0,0,0.0,0.0,657,228.0,0,0,0.0,765.0,258.0,0,0,0.0,736.0,254.0,0.0,0.0,0.0,0,0,8164,1,0.0,0.0,0.0,0.0,0.0,0.0,0.0,0.0,0.0,0.0,0.0,764.0,258.0,0.0,762.0,258.0,0.0,755.0,257.0,0.0,764.0,258.0,,,,23,,Illia,Zabarnyi,Zabarnyi,Has joined Paris Saint-Germain permanently.,,0,0,0,0,0,0,0,0,0,0,0,0,0,,,,0.0,0.0,0.0,0.0,0.0,0,0,0
72,a,100.0,100.0,4.8,358,61.0,0,0.0,3,-3.0,13.8,27,9.0,94,3,4.3,50.0,23.0,6,295,3.0,103.0,37.0,0.6,19.6,0.0,4180239,5412,2763314,3136,3.0,2.5,0.88,3.69,4.57,31.29,0.04,0.17,0.21,1.45,713.8,2.0,1.0,274.3,78.0,18.0,103.0,208.0,53.0,109.2,34.0,1.0,,,,23,,Marcos,Senesi Barón,Senesi,,,1938,0,4,5,42,0,0,0,7,0,0,22,324,,,,0.0,0.23,1.95,1.02,13.05,42,239,92
73,a,100.0,100.0,4.4,510,98.0,0,0.0,-1,1.0,0.2,384,139.0,21,1,1.8,344.0,133.0,0,47,0.3,347.0,126.0,0.1,4.8,0.0,22899,44,38980,23,0.3,-0.2,0.0,0.11,0.11,11.06,0.0,0.02,0.02,1.58,59.6,373.0,142.0,29.3,353.0,125.0,18.0,362.0,126.0,10.7,393.0,140.0,,,,23,,Adam,Smith,Smith,,,631,0,1,2,15,0,0,0,2,0,0,9,37,,,,0.0,0.29,2.14,1.28,4.85,4,30,15
74,a,,,4.5,443,91.0,0,0.0,0,0.0,1.7,142,56.0,74,3,3.2,150.0,62.0,7,274,2.2,177.0,68.0,0.5,16.4,0.0,481154,466,370187,604,2.2,1.7,0.33,1.2,1.53,30.94,0.01,0.05,0.06,1.37,464.2,40.0,18.0,320.0,52.0,8.0,85.0,230.0,62.0,86.8,67.0,13.0,,,,23,,Adrien,Truffert,Truffert,,,2028,0,1,5,40,0,0,0,3,0,0,23,238,,,,0.0,0.22,1.78,1.02,8.34,67,121,110
158,a,100.0,100.0,5.6,131,81.0,0,0.0,-4,4.0,0.5,253,85.0,62,1,3.0,193.0,84.0,2,211,2.2,184.0,74.0,0.4,11.1,0.0,125175,133,226498,519,2.2,2.2,1.91,2.03,3.94,18.16,0.13,0.13,0.26,1.2,239.2,182.0,75.0,251.3,85.0,62.0,334.0,42.0,25.0,82.4,78.0,47.0,,,,23,,Georginio,Rutter,Georginio,,,1362,2,4,6,15,1,0,0,2,0,0,16,94,,,,0.0,0.4,0.99,1.06,6.21,20,30,44
159,d,25.0,25.0,5.8,104,67.0,0,0.0,-2,2.0,0.0,737,316.0,0,0,0.0,791.0,353.0,0,0,0.0,784.0,350.0,0.0,0.0,0.0,646,3,2455,1,0.0,0.0,0.0,0.0,0.0,0.0,0.0,0.0,0.0,0.0,0.0,791.0,353.0,0.0,791.0,353.0,0.0,789.0,352.0,0.0,791.0,353.0,,,,23,,Solly,March,March,Lack of match fitness - 25% chance of playing,,0,0,0,0,0,0,0,0,0,0,0,0,0,,,,0.0,0.0,0.0,0.0,0.0,0,0,0
160,a,100.0,100.0,5.8,113,72.0,0,0.0,-2,2.0,2.8,110,34.0,81,1,3.9,80.0,37.0,6,303,1.2,269.0,116.0,0.2,14.0,0.0,1897765,689,1724245,2448,1.2,1.2,2.85,2.78,5.63,23.62,0.16,0.16,0.32,1.35,304.2,133.0,45.0,437.6,23.0,22.0,450.0,21.0,9.0,119.5,24.0,20.0,1.0,,,23,,Yankuba,Minteh,Minteh,,,1576,1,8,6,24,0,0,0,0,0,0,18,117,,,,0.0,0.34,1.37,1.03,6.68,33,20,64
233,a,100.0,100.0,3.8,798,259.0,0,0.0,-2,2.0,1.3,168,65.0,31,0,3.4,122.0,45.0,5,93,0.7,306.0,110.0,0.2,8.2,0.0,481902,242,444935,310,0.7,0.7,0.6,0.08,0.68,11.93,0.11,0.02,0.13,2.27,109.8,307.0,116.0,25.6,363.0,131.0,64.0,263.0,74.0,20.1,340.0,117.0,,,,23,,Josh,Acheampong,Acheampong,,,473,1,0,2,9,0,0,0,0,0,0,6,48,,,,0.0,0.38,1.71,1.14,6.09,7,25,19
234,u,0.0,0.0,4.0,714,203.0,0,0.0,0,0.0,0.1,564,204.0,0,0,0.0,607.0,237.0,0,0,0.0,531.0,218.0,0.0,0.0,0.0,1030,0,9904,3,0.0,0.0,0.0,0.0,0.0,0.0,0.0,0.0,0.0,0.0,0.0,595.0,236.0,0.0,590.0,237.0,0.0,556.0,231.0,0.0,598.0,236.0,,,,23,,Aarón,Anselmino,Anselmino,has joined Borussia Dortmund on loan for the rest of the season.,,0,0,0,0,0,0,0,0,0,0,0,0,0,,,,0.0,0.0,0.0,0.0,0.0,0,0,0
248,u,0.0,0.0,4.5,492,304.0,0,0.0,0,0.0,0.0,758,328.0,0,0,0.0,722.0,303.0,0,0,0.0,673.0,271.0,0.0,0.0,0.0,0,0,945,0,0.0,0.0,0.0,0.0,0.0,0.0,0.0,0.0,0.0,0.0,0.0,721.0,302.0,0.0,716.0,302.0,0.0,699.0,297.0,0.0,721.0,302.0,,,,23,,Kendry,Páez Andrade,Paez,Has joined RC Strasbourg on loan for the rest of the season.,,0,0,0,0,0,0,0,0,0,0,0,0,0,,,,0.0,0.0,0.0,0.0,0.0,0,0,0
172,a,100.0,100.0,4.8,370,233.0,0,0.0,-2,2.0,0.0,625,247.0,5,0,0.8,487.0,231.0,0,15,0.3,358.0,160.0,0.1,1.0,0.0,2311,2,3595,6,0.3,0.3,0.04,0.03,0.07,1.72,0.06,0.05,0.11,2.72,6.0,447.0,204.0,2.4,434.0,210.0,7.0,400.0,196.0,1.6,454.0,208.0,,,,23,,Tom,Watson,Watson,,,57,0,0,0,2,0,0,0,1,0,0,0,5,,,,0.0,0.0,3.16,0.0,7.89,1,0,4
274,a,,,4.3,606,353.0,0,0.0,-2,2.0,0.1,559,204.0,0,0,0.0,635.0,242.0,0,0,0.0,574.0,204.0,0.0,0.0,0.0,5561,33,7424,12,0.0,0.0,0.0,0.0,0.0,0.0,0.0,0.0,0.0,0.0,0.0,624.0,232.0,0.0,622.0,237.0,0.0,594.0,225.0,0.0,627.0,234.0,,,,23,,Asher,Agbinone,Agbinone,,,0,0,0,0,0,0,0,0,0,0,0,0,0,,,,0.0,0.0,0.0,0.0,0.0,0,0,0
275,u,0.0,0.0,4.3,582,340.0,0,0.0,-2,2.0,0.0,600,230.0,0,0,0.0,623.0,232.0,0,0,0.0,561.0,194.0,0.0,0.0,0.0,5497,0,7110,15,0.0,0.0,0.0,0.0,0.0,0.0,0.0,0.0,0.0,0.0,0.0,611.0,222.0,0.0,609.0,227.0,0.0,580.0,214.0,0.0,615.0,224.0,,,,23,,Naouirou,Ahamada,Ahamada,has joined AJ Auxerre permanently.,,0,0,0,0,0,0,0,0,0,0,0,0,0,,,,0.0,0.0,0.0,0.0,0.0,0,0,0
276,a,100.0,100.0,4.3,586,342.0,0,0.0,-2,2.0,1.6,150,49.0,29,0,1.6,372.0,165.0,0,81,1.7,215.0,94.0,0.4,6.7,0.0,256658,600,267294,657,1.7,1.7,2.38,0.36,2.74,10.05,0.36,0.05,0.41,1.53,86.6,332.0,146.0,94.5,225.0,138.0,164.0,123.0,72.0,34.5,267.0,131.0,,2.0,,23,,Justin,Devenny,Devenny,,,593,1,0,1,10,0,0,0,0,0,0,5,48,,,,0.0,0.15,1.52,0.76,7.28,16,8,24
277,u,0.0,0.0,4.5,426,256.0,0,0.0,0,0.0,0.0,772,338.0,0,0,0.0,679.0,268.0,0,0,0.0,627.0,233.0,0.0,0.0,0.0,0,0,742,0,0.0,0.0,0.0,0.0,0.0,0.0,0.0,0.0,0.0,0.0,0.0,672.0,262.0,0.0,670.0,265.0,0.0,649.0,257.0,0.0,675.0,264.0,,,,23,,Malcolm,Ebiowei,Ebiowei,Has joined Blackpool permanently.,,0,0,0,0,0,0,0,0,0,0,0,0,0,,,,0.0,0.0,0.0,0.0,0.0,0,0,0
278,a,100.0,100.0,4.4,535,320.0,0,0.0,-1,1.0,0.0,639,260.0,0,0,0.0,649.0,249.0,0,0,0.0,591.0,211.0,0.0,0.0,0.0,4263,6,9296,5,0.0,0.0,0.0,0.0,0.0,0.0,0.0,0.0,0.0,0.0,0.0,639.0,240.0,0.0,637.0,245.0,0.0,612.0,234.0,0.0,642.0,242.0,,,,23,,Jesurun,Rak-Sakyi,J.Rak-Sakyi,,,0,0,0,0,0,0,0,0,0,0,0,0,0,,,,0.0,0.0,0.0,0.0,0.0,0,0,0
279,u,0.0,0.0,4.5,456,277.0,0,0.0,0,0.0,0.0,745,319.0,0,0,0.0,697.0,285.0,0,0,0.0,646.0,251.0,0.0,0.0,0.0,95,0,1634,0,0.0,0.0,0.0,0.0,0.0,0.0,0.0,0.0,0.0,0.0,0.0,692.0,280.0,0.0,689.0,282.0,0.0,669.0,274.0,0.0,693.0,281.0,,,,23,,Matheus,França de Oliveira,M.França,Has joined CR Vasco da Gama on loan for the rest of the season.,,0,0,0,0,0,0,0,0,0,0,0,0,0,,,,0.0,0.0,0.0,0.0,0.0,0,0,0
280,u,0.0,0.0,4.5,452,273.0,0,0.0,0,0.0,0.0,791,351.0,0,0,0.0,695.0,283.0,0,0,0.0,644.0,249.0,0.0,0.0,0.0,0,0,189,0,0.0,0.0,0.0,0.0,0.0,0.0,0.0,0.0,0.0,0.0,0.0,690.0,278.0,0.0,687.0,280.0,0.0,667.0,272.0,0.0,691.0,279.0,,,,23,,David,Ozoh,Ozoh,Has joined Derby County on loan for the rest of the season.,,0,0,0,0,0,0,0,0,0,0,0,0,0,,,,0.0,0.0,0.0,0.0,0.0,0,0,0
281,a,,,4.4,544,327.0,0,0.0,-1,1.0,0.0,587,220.0,1,0,1.0,446.0,200.0,0,2,0.2,380.0,170.0,0.0,0.2,0.0,4722,12,6131,10,0.2,0.2,0.0,0.0,0.0,0.65,0.0,0.0,0.0,19.5,0.0,645.0,246.0,0.1,466.0,226.0,0.0,618.0,240.0,0.0,648.0,248.0,,,,23,,Kaden,Rodney,Rodney,,,3,0,0,0,0,0,0,0,0,0,0,0,0,,,,0.0,0.0,0.0,0.0,0.0,0,0,0
181,a,,,4.8,372,61.0,0,0.0,-2,2.0,0.4,289,46.0,26,0,2.0,322.0,32.0,3,109,2.3,167.0,17.0,0.5,5.4,0.0,47086,164,65717,100,2.3,2.3,1.37,0.21,1.58,2.68,0.68,0.1,0.78,1.33,115.0,301.0,30.0,71.1,269.0,27.0,161.0,126.0,32.0,34.6,266.0,32.0,,,,23,,Charalampos,Kostoulas,Kostoulas,,,182,2,1,1,4,0,0,0,2,0,0,1,26,,,,0.0,0.49,1.98,0.49,12.86,8,1,17
744,a,,,4.5,463,282.0,0,0.0,0,0.0,0.0,706,299.0,1,0,1.0,454.0,207.0,0,3,0.0,650.0,254.0,0.0,0.2,0.0,2332,5,1573,4,0.0,0.0,0.0,0.0,0.0,0.0,0.0,0.0,0.0,0.0,0.0,697.0,284.0,0.0,693.0,285.0,0.0,674.0,278.0,0.0,698.0,285.0,,,,23,,Nehemiah,Oriola,Oriola,,,1,0,0,0,0,0,0,0,0,0,0,0,0,,,,0.0,0.0,0.0,0.0,0.0,0,0,0
761,a,,,4.0,709,198.0,0,0.0,0,0.0,0.0,729,248.0,0,0,0.0,603.0,233.0,0,0,0.0,527.0,214.0,0.0,0.0,0.0,547,1,341,10,0.0,0.0,0.0,0.0,0.0,0.0,0.0,0.0,0.0,0.0,0.0,591.0,232.0,0.0,586.0,233.0,0.0,552.0,227.0,0.0,594.0,232.0,,,,23,,Freddie,Simmonds,Simmonds,,,0,0,0,0,0,0,0,0,0,0,0,0,0,,,,0.0,0.0,0.0,0.0,0.0,0,0,0
783,a,,,5.5,134,82.0,0,0.0,0,0.0,0.0,613,237.0,7,2,1.8,356.0,157.0,1,51,1.8,206.0,89.0,0.3,1.3,0.0,5610,75,1043,48,1.8,1.8,0.24,0.69,0.93,5.02,0.08,0.22,0.3,1.58,50.2,383.0,169.0,141.0,167.0,113.0,37.0,315.0,165.0,22.6,327.0,159.0,,,,23,,Pascal,Groß,Groß,,,286,0,0,0,3,0,0,0,1,0,0,3,23,,,,0.0,0.0,0.94,0.94,7.24,3,9,11
230,a,100.0,100.0,4.4,532,116.0,0,0.0,-1,1.0,0.4,268,101.0,41,0,3.7,98.0,37.0,3,181,0.5,323.0,118.0,0.1,9.3,0.0,87242,220,72646,243,0.5,0.5,0.25,0.07,0.32,12.22,0.03,0.01,0.04,1.39,236.0,185.0,75.0,14.7,384.0,141.0,22.0,353.0,120.0,27.3,301.0,101.0,,,,23,,Wesley,Fofana,Fofana,,,789,0,0,4,8,0,0,0,2,0,0,9,117,,,,0.0,0.46,0.91,1.03,12.43,13,96,43
231,u,0.0,0.0,4.5,471,95.0,0,0.0,0,0.0,0.0,738,251.0,0,0,0.0,707.0,254.0,0,0,0.0,657.0,247.0,0.0,0.0,0.0,0,0,1937,0,0.0,0.0,0.0,0.0,0.0,0.0,0.0,0.0,0.0,0.0,0.0,704.0,254.0,0.0,700.0,254.0,0.0,682.0,253.0,0.0,705.0,254.0,,,,23,,Mamadou,Sarr,M.Sarr,Has joined RC Strasbourg on loan for the rest of the season.,,0,0,0,0,0,0,0,0,0,0,0,0,0,,,,0.0,0.0,0.0,0.0,0.0,0,0,0
232,i,0.0,0.0,4.0,652,160.0,0,0.0,-5,5.0,0.3,324,119.0,30,0,2.7,225.0,85.0,2,115,0.5,317.0,113.0,0.1,7.5,0.0,104924,2,216377,182,0.0,0.0,0.11,0.4,0.5,10.99,0.01,0.05,0.06,1.4,216.2,201.0,82.0,32.0,347.0,121.0,19.0,360.0,124.0,26.8,305.0,103.0,,,,23,,Tosin,Adarabioyo,Tosin,Hamstring injury - Unknown return date,,704,0,0,2,11,0,0,0,2,0,0,7,101,,,,0.0,0.26,1.41,0.89,11.12,13,74,18
261,a,100.0,100.0,4.4,529,115.0,0,0.0,-1,1.0,1.9,138,55.0,77,0,4.3,49.0,22.0,1,287,0.3,348.0,127.0,0.1,17.5,0.0,760171,762,712253,826,0.3,0.3,0.43,1.17,1.6,23.14,0.02,0.07,0.09,1.29,414.8,56.0,26.0,69.7,271.0,84.0,62.0,271.0,77.0,54.9,166.0,52.0,,,,23,,Chris,Richards,Richards,,,1612,0,0,7,21,0,0,0,1,0,0,18,209,,,,0.0,0.39,1.17,1.0,11.0,40,157,30
262,a,100.0,100.0,4.0,687,180.0,0,0.0,0,0.0,0.0,676,235.0,0,0,0.0,584.0,218.0,0,0,0.0,507.0,198.0,0.0,0.0,0.0,1573,10,2055,2,0.0,0.0,0.0,0.0,0.0,0.0,0.0,0.0,0.0,0.0,0.0,572.0,217.0,0.0,567.0,218.0,0.0,532.0,211.0,0.0,575.0,217.0,,,,23,,Chadi,Riad Dnanou,Chadi Riad,,,0,0,0,0,0,0,0,0,0,0,0,0,0,,,,0.0,0.0,0.0,0.0,0.0,0,0,0
263,a,100.0,100.0,3.8,769,231.0,0,0.0,-2,2.0,0.6,227,85.0,14,0,2.0,317.0,119.0,2,50,1.5,229.0,85.0,0.4,3.7,0.0,84193,109,86592,220,1.5,1.5,0.43,0.56,0.99,5.77,0.09,0.12,0.21,1.24,74.4,351.0,133.0,46.3,320.0,106.0,31.0,328.0,105.0,15.1,364.0,130.0,,,,23,,Nathaniel,Clyne,Clyne,,,418,0,1,0,8,0,0,0,0,0,0,6,34,,,,0.0,0.0,1.72,1.29,7.32,12,22,15
264,u,0.0,0.0,4.0,655,161.0,0,0.0,0,0.0,0.0,679,236.0,0,0,0.0,558.0,204.0,0,0,0.0,480.0,183.0,0.0,0.0,0.0,0,0,3867,2,0.0,0.0,0.0,0.0,0.0,0.0,0.0,0.0,0.0,0.0,0.0,546.0,203.0,0.0,540.0,204.0,0.0,504.0,196.0,0.0,549.0,203.0,,,,23,,Rob,Holding,Holding,Has joined Colorado Rapids permanently.,,0,0,0,0,0,0,0,0,0,0,0,0,0,,,,0.0,0.0,0.0,0.0,0.0,0,0,0
265,i,0.0,0.0,4.0,705,194.0,0,0.0,0,0.0,0.0,709,243.0,0,0,0.0,600.0,230.0,0,0,0.0,524.0,211.0,0.0,0.0,0.0,560,2,2152,0,0.0,0.0,0.0,0.0,0.0,0.0,0.0,0.0,0.0,0.0,0.0,588.0,229.0,0.0,583.0,230.0,0.0,549.0,224.0,0.0,591.0,229.0,,,,23,,Caleb,Kporha,Kporha,Back injury - Unknown return date,,0,0,0,0,0,0,0,0,0,0,0,0,0,,,,0.0,0.0,0.0,0.0,0.0,0,0,0
267,a,100.0,100.0,6.3,68,46.0,0,0.0,-2,2.0,2.0,129,44.0,52,0,4.3,54.0,23.0,6,161,0.0,791.0,356.0,0.0,8.3,0.0,2230312,986,2599936,216,0.0,0.0,4.07,0.56,4.62,14.32,0.36,0.05,0.41,1.28,200.8,219.0,92.0,152.3,161.0,108.0,214.0,87.0,52.0,56.8,158.0,89.0,,,,23,,Ismaïla,Sarr,Sarr,,,1009,3,1,6,9,0,0,0,1,0,0,12,73,,,,0.0,0.54,0.8,1.07,6.51,10,25,38
268,i,0.0,0.0,4.9,323,200.0,0,0.0,-1,1.0,0.0,770,337.0,0,0,0.0,752.0,325.0,0,0,0.0,717.0,303.0,0.0,0.0,0.0,376,1,612,0,0.0,0.0,0.0,0.0,0.0,0.0,0.0,0.0,0.0,0.0,0.0,751.0,324.0,0.0,747.0,324.0,0.0,739.0,322.0,0.0,751.0,324.0,,,,23,,Cheick,Doucouré,Doucouré,Knee injury - Unknown return date,,0,0,0,0,0,0,0,0,0,0,0,0,0,,,,0.0,0.0,0.0,0.0,0.0,0,0,0
269,u,0.0,0.0,4.7,388,244.0,0,0.0,-3,3.0,0.1,434,148.0,4,0,1.0,463.0,216.0,0,12,0.5,325.0,147.0,0.1,0.9,0.0,11622,0,27568,36,0.0,0.0,0.0,0.04,0.04,1.74,0.0,0.09,0.09,3.92,6.8,445.0,203.0,2.7,431.0,209.0,6.0,403.0,198.0,1.5,456.0,210.0,,,,23,,Romain,Esse,Esse,has joined Coventry City on loan for the rest of the season.,,40,0,0,0,0,0,0,0,0,0,0,0,5,,,,0.0,0.0,0.0,0.0,11.25,3,0,2
302,a,100.0,100.0,5.4,156,98.0,0,0.0,-1,1.0,0.1,506,180.0,44,0,3.4,133.0,58.0,3,211,0.0,762.0,335.0,0.0,8.1,0.0,19432,74,26235,13,0.0,0.0,1.07,0.63,1.7,16.1,0.09,0.05,0.14,1.38,198.6,222.0,93.0,112.5,199.0,129.0,112.0,190.0,106.0,42.3,228.0,113.0,,,,23,,Idrissa Gana,Gueye,Gana,,,1051,2,0,3,13,0,0,0,0,1,0,13,114,,,,0.0,0.26,1.11,1.11,9.76,31,26,57
303,a,,,5.2,209,131.0,0,0.0,2,-2.0,4.6,79,27.0,99,0,4.5,37.0,17.0,10,491,5.8,9.0,5.0,1.1,19.0,0.0,813281,8261,263384,2865,5.8,5.8,1.59,2.99,4.58,32.1,0.07,0.14,0.21,1.46,517.6,22.0,6.0,453.7,19.0,18.0,169.0,119.0,69.0,114.2,29.0,24.0,3.0,3.0,,23,,James,Garner,Garner,,,1973,2,3,9,25,0,0,0,5,0,0,22,272,,,,0.0,0.41,1.14,1.0,12.41,64,93,115
312,u,0.0,0.0,4.9,334,59.0,0,0.0,-1,1.0,0.1,531,74.0,0,0,0.0,756.0,83.0,0,0,0.0,721.0,75.0,0.0,0.0,0.0,2418,0,14422,1,0.0,0.0,0.0,0.0,0.0,0.0,0.0,0.0,0.0,0.0,0.0,755.0,83.0,0.0,751.0,82.0,0.0,743.0,82.0,0.0,755.0,83.0,,,,23,,Youssef,Ramalho Chermiti,Y.Chermiti,has joined Rangers permanently.,,0,0,0,0,0,0,0,0,0,0,0,0,0,,,,0.0,0.0,0.0,0.0,0.0,0,0,0
313,a,100.0,100.0,4.4,546,75.0,0,0.0,-1,1.0,0.1,442,63.0,0,0,0.0,656.0,68.0,0,0,0.0,598.0,59.0,0.0,0.0,0.0,8266,22,25349,12,0.0,0.0,0.0,0.0,0.0,0.0,0.0,0.0,0.0,0.0,0.0,647.0,68.0,0.0,644.0,67.0,0.0,620.0,67.0,0.0,650.0,68.0,,,,23,,Martin,Sherif,Sherif,,,0,0,0,0,0,0,0,0,0,0,0,0,0,,,,0.0,0.0,0.0,0.0,0.0,0,0,0
419,i,0.0,0.0,6.4,56,36.0,0,0.0,-1,1.0,8.1,50,18.0,79,0,4.0,73.0,32.0,12,356,2.2,190.0,78.0,0.3,12.3,0.0,3789808,21,3487481,15480,0.0,0.0,2.05,3.37,5.41,25.81,0.11,0.19,0.3,1.43,374.2,86.0,27.0,520.5,14.0,14.0,397.0,28.0,15.0,129.2,17.0,14.0,,,,23,,Jack,Grealish,Grealish,Foot injury - Unknown return date,,1627,2,6,7,23,0,0,0,3,1,0,18,135,,,,0.0,0.39,1.27,1.0,7.47,20,27,88
630,a,,,3.9,729,71.0,0,0.0,-1,1.0,1.3,162,21.0,0,0,0.0,521.0,40.0,0,0,0.0,443.0,35.0,0.0,0.0,0.0,66886,44,89949,136,0.0,0.0,0.0,0.0,0.0,0.0,0.0,0.0,0.0,0.0,0.0,509.0,40.0,0.0,502.0,27.0,0.0,465.0,12.0,0.0,512.0,40.0,,,,23,,Tom,King,King,,,0,0,0,0,0,0,0,0,0,0,0,0,0,,,,0.0,0.0,0.0,0.0,0.0,0,0,0
338,i,0.0,0.0,5.3,192,43.0,0,0.0,-2,2.0,0.7,218,34.0,17,0,2.4,267.0,26.0,3,47,0.0,757.0,79.0,0.0,3.2,0.0,255335,9,433334,58,0.0,0.0,0.94,0.01,0.95,5.66,0.24,0.0,0.24,1.46,61.8,367.0,38.0,42.0,330.0,39.0,122.0,173.0,39.0,22.2,329.0,39.0,,,,23,,Rodrigo,Muniz Carvalho,Muniz,Hamstring injury - Expected back 07 Feb,,348,1,1,1,4,1,0,0,1,0,0,4,19,,,,0.0,0.26,1.03,1.03,4.91,3,9,7
664,a,,,3.9,726,69.0,0,0.0,-1,1.0,0.7,211,27.0,0,0,0.0,519.0,38.0,0,0,0.0,440.0,33.0,0.0,0.0,0.0,38121,49,47473,82,0.0,0.0,0.0,0.0,0.0,0.0,0.0,0.0,0.0,0.0,0.0,507.0,38.0,0.0,500.0,25.0,0.0,463.0,10.0,0.0,510.0,38.0,,,,23,,Benjamin,Lecomte,Lecomte,,,0,0,0,0,0,0,0,0,0,0,0,0,0,,,,0.0,0.0,0.0,0.0,0.0,0,0,0
727,a,100.0,100.0,5.3,190,119.0,0,0.0,-2,2.0,0.1,492,174.0,41,6,4.1,65.0,26.0,1,167,1.0,287.0,126.0,0.2,7.7,0.0,91191,591,83995,55,1.0,1.0,1.23,2.17,3.4,6.32,0.26,0.46,0.72,1.34,205.6,216.0,90.0,151.6,162.0,109.0,147.0,140.0,80.0,50.5,194.0,103.0,,,,23,,Samuel,Chukwueze,Chukwueze,,,424,3,4,0,10,0,0,0,0,0,0,3,33,,,,0.0,0.0,2.12,0.64,7.0,2,7,24
731,a,100.0,100.0,5.8,112,71.0,0,0.0,-2,2.0,0.1,543,196.0,34,1,1.8,358.0,158.0,0,129,2.0,201.0,86.0,0.3,5.9,0.0,31161,26,26821,45,2.0,2.0,0.97,1.3,2.27,11.93,0.11,0.15,0.26,1.36,156.6,257.0,110.0,202.5,114.0,83.0,188.0,109.0,65.0,54.5,172.0,93.0,4.0,,,23,,Kevin,Santos Lopes de Macedo,Kevin,,,789,0,2,4,12,0,0,0,1,0,0,7,64,,,,0.0,0.46,1.37,0.8,7.3,17,14,33
346,a,,,3.8,771,233.0,0,0.0,-2,2.0,0.2,369,134.0,1,0,1.0,429.0,155.0,0,-2,0.0,412.0,149.0,0.0,0.3,0.0,21963,15,31384,21,-1.0,0.0,0.0,0.0,0.0,0.79,0.0,0.0,0.0,10.16,0.0,482.0,173.0,0.0,472.0,172.0,0.0,434.0,162.0,0.0,485.0,173.0,,,,23,,Sam,Byram,Byram,,,7,0,0,0,1,0,0,0,0,0,0,0,0,,,,0.0,0.0,12.86,0.0,0.0,0,0,0
392,a,100.0,100.0,4.9,291,181.0,0,0.0,-1,1.0,0.1,494,175.0,8,1,1.3,411.0,184.0,0,31,0.2,394.0,182.0,0.0,1.6,0.0,6752,11,14373,6,0.7,0.7,0.0,0.04,0.04,3.65,0.0,0.04,0.04,3.35,31.2,407.0,181.0,11.1,394.0,196.0,0.0,729.0,314.0,4.2,433.0,196.0,,,,23,,Endo,Wataru,Endo,,,98,0,1,0,5,0,0,0,1,0,0,0,10,,,,0.0,0.0,4.59,0.0,9.18,5,5,0
421,a,100.0,100.0,6.3,66,44.0,0,0.0,-2,2.0,0.4,258,87.0,25,3,2.3,284.0,125.0,1,139,2.2,189.0,77.0,0.3,4.0,0.0,51616,127,93700,145,2.7,2.7,0.14,0.84,0.98,9.37,0.02,0.12,0.14,1.33,134.6,278.0,125.0,168.6,144.0,100.0,33.0,324.0,170.0,33.6,271.0,133.0,,,,23,,Rodrigo 'Rodri',Hernandez Cascante,Rodrigo,,,633,0,0,2,6,0,0,0,1,0,0,7,88,,,,0.0,0.28,0.85,1.0,12.51,19,22,47
422,i,0.0,0.0,5.9,90,57.0,0,0.0,-1,1.0,0.0,672,278.0,1,0,1.0,480.0,229.0,0,3,0.0,786.0,351.0,0.0,0.2,0.0,2378,1,3266,3,0.0,0.0,0.0,0.0,0.0,0.0,0.0,0.0,0.0,0.0,2.6,463.0,214.0,0.8,448.0,218.0,0.0,790.0,353.0,0.3,478.0,222.0,,,,23,,Mateo,Kovačić,Kovačić,Ankle injury - Unknown return date,,4,0,0,0,0,0,0,0,0,0,0,0,0,,,,0.0,0.0,0.0,0.0,0.0,0,0,0
466,d,50.0,25.0,5.8,108,30.0,0,0.0,-2,2.0,0.5,257,41.0,33,0,2.4,271.0,27.0,6,116,2.3,174.0,20.0,0.4,5.7,0.0,103939,13,118196,483,1.1,0.3,1.77,0.29,2.06,6.41,0.33,0.05,0.38,1.2,141.0,271.0,25.0,129.2,178.0,15.0,166.0,121.0,31.0,43.3,225.0,27.0,,,,23,,Joshua,Zirkzee,Zirkzee,Knock - 50% chance of playing,,481,2,1,1,7,0,0,0,1,0,0,4,34,,,,0.0,0.19,1.31,0.75,6.36,7,11,16
467,a,,,4.2,639,87.0,0,0.0,-3,3.0,1.7,140,20.0,0,0,0.0,618.0,61.0,0,0,0.0,552.0,51.0,0.0,0.0,0.0,257039,201,324647,667,0.0,-1.0,0.0,0.0,0.0,0.0,0.0,0.0,0.0,0.0,0.0,607.0,60.0,0.0,604.0,60.0,0.0,574.0,60.0,0.0,611.0,61.0,,,,23,,Chido,Obi,Obi,,,0,0,0,0,0,0,0,0,0,0,0,0,0,,,,0.0,0.0,0.0,0.0,0.0,0,0,0
468,a,100.0,100.0,4.5,472,64.0,0,0.0,0,0.0,0.1,491,68.0,0,0,0.0,708.0,74.0,0,0,0.0,658.0,65.0,0.0,0.0,0.0,4078,31,14123,13,0.0,-1.0,0.0,0.0,0.0,0.0,0.0,0.0,0.0,0.0,0.0,705.0,74.0,0.0,701.0,73.0,0.0,683.0,73.0,0.0,706.0,74.0,,,,23,,Ethan,Wheatley,Wheatley,,,0,0,0,0,0,0,0,0,0,0,0,0,0,,,,0.0,0.0,0.0,0.0,0.0,0,0,0
551,a,,,4.7,386,242.0,0,0.0,-3,3.0,0.0,583,217.0,15,0,1.5,390.0,174.0,0,48,0.7,311.0,142.0,0.1,3.2,0.0,5346,9,8360,11,0.7,0.7,0.32,0.35,0.67,5.12,0.08,0.08,0.16,1.23,20.2,425.0,189.0,48.4,318.0,178.0,21.0,356.0,183.0,8.9,404.0,183.0,,,,23,,Chris,Rigg,Rigg,,,375,0,0,2,2,0,0,0,0,0,0,6,27,,,,0.0,0.48,0.48,1.44,6.48,6,7,14
552,a,100.0,100.0,4.9,341,213.0,0,0.0,-1,1.0,0.1,569,210.0,45,3,2.5,257.0,110.0,0,232,1.3,251.0,107.0,0.3,9.2,0.0,8816,37,10463,10,1.3,1.3,0.3,0.78,1.08,22.22,0.02,0.04,0.06,1.25,191.8,231.0,97.0,166.9,147.0,101.0,46.0,300.0,158.0,40.6,235.0,117.0,,,,23,,Noah,Sadiki,Sadiki,,,1594,0,1,5,21,0,0,0,5,0,0,18,142,,,,0.0,0.28,1.19,1.02,8.02,27,57,58
553,a,100.0,100.0,4.9,339,211.0,0,0.0,-1,1.0,0.1,418,140.0,52,1,3.1,169.0,72.0,5,150,0.2,399.0,185.0,0.0,10.6,0.0,56051,27,67847,21,0.2,0.2,1.2,0.52,1.71,13.77,0.12,0.05,0.17,1.34,133.2,282.0,128.0,144.6,164.0,110.0,124.0,169.0,98.0,39.7,243.0,120.0,,,,23,,Chemsdine,Talbi,Talbi,,,926,2,2,5,8,0,0,0,0,0,0,9,55,,,,0.0,0.49,0.78,0.87,5.35,7,12,36
563,u,0.0,0.0,4.4,547,76.0,0,0.0,-1,1.0,0.1,490,67.0,0,0,0.0,657.0,69.0,0,0,0.0,599.0,60.0,0.0,0.0,0.0,5979,0,20115,5,0.0,0.0,0.0,0.0,0.0,0.0,0.0,0.0,0.0,0.0,0.0,648.0,69.0,0.0,645.0,68.0,0.0,621.0,68.0,0.0,651.0,69.0,,,,23,,Luís Hemir,Silva Semedo,Luís Hemir,has joined Moreirense on loan for the rest of the season.,,0,0,0,0,0,0,0,0,0,0,0,0,0,,,,0.0,0.0,0.0,0.0,0.0,0,0,0
564,u,0.0,0.0,4.4,531,73.0,0,0.0,-1,1.0,0.1,495,69.0,0,0,0.0,647.0,66.0,0,0,0.0,589.0,57.0,0.0,0.0,0.0,3530,0,19944,4,0.0,0.0,0.0,0.0,0.0,0.0,0.0,0.0,0.0,0.0,0.0,636.0,66.0,0.0,634.0,65.0,0.0,609.0,65.0,0.0,639.0,66.0,,,,23,,Nazarii,Rusyn,Rusyn,has joined Arka on loan for the rest of the season.,,0,0,0,0,0,0,0,0,0,0,0,0,0,,,,0.0,0.0,0.0,0.0,0.0,0,0,0
668,d,25.0,,5.2,204,128.0,0,0.0,2,-2.0,7.0,56,21.0,90,0,4.1,64.0,25.0,5,426,3.2,92.0,43.0,0.6,17.3,0.0,1345378,1221,863065,10866,0.8,3.2,0.59,2.19,2.78,31.25,0.03,0.1,0.13,1.43,521.2,20.0,5.0,420.4,25.0,24.0,77.0,248.0,136.0,101.8,41.0,29.0,1.0,1.0,,23,,Granit,Xhaka,Xhaka,Ankle injury - 25% chance of playing,,1962,1,5,7,23,0,0,0,4,0,0,22,237,,,,0.0,0.32,1.06,1.01,10.87,35,101,101
670,a,,,5.0,267,10.0,0,0.0,5,-5.0,13.1,31,5.0,98,1,4.3,51.0,3.0,9,425,3.0,108.0,10.0,0.6,19.6,0.0,2033935,2173,559245,7670,3.0,3.0,0.0,0.05,0.05,33.33,0.0,0.0,0.0,1.45,624.8,7.0,2.0,40.0,334.0,2.0,0.0,758.0,85.0,66.4,121.0,2.0,,,,23,,Robin,Roefs,Roefs,,,2070,0,0,7,26,0,1,0,2,0,76,23,110,,,,3.3,0.3,1.13,1.0,0.0,0,23,233
615,a,100.0,100.0,5.5,148,94.0,0,0.0,0,0.0,0.2,345,117.0,56,8,3.1,172.0,74.0,4,200,4.3,32.0,13.0,0.8,10.2,0.0,54705,3702,30713,201,4.3,4.3,2.33,0.98,3.31,20.44,0.16,0.07,0.23,1.4,202.0,218.0,91.0,232.9,97.0,72.0,286.0,59.0,37.0,72.1,101.0,56.0,2.0,,,23,,Crysencio,Summerville,Summerville,,,1317,2,3,1,26,0,0,0,3,0,0,16,109,,,,0.0,0.07,1.78,1.09,7.45,22,29,58
616,u,0.0,0.0,4.9,306,191.0,0,0.0,-1,1.0,0.0,586,219.0,0,0,0.0,747.0,320.0,0,0,0.0,709.0,297.0,0.0,0.0,0.0,1147,0,16009,4,0.0,0.0,0.0,0.0,0.0,0.0,0.0,0.0,0.0,0.0,0.0,746.0,319.0,0.0,742.0,319.0,0.0,733.0,317.0,0.0,746.0,319.0,,,,23,,Edson,Álvarez Velázquez,Álvarez,Has joined Fenerbahçe on loan for the rest of the season.,,0,0,0,0,0,0,0,0,0,0,0,0,0,,,,0.0,0.0,0.0,0.0,0.0,0,0,0
617,u,0.0,0.0,4.9,287,177.0,0,0.0,-1,1.0,0.0,688,291.0,0,0,0.0,743.0,317.0,0,0,0.0,703.0,293.0,0.0,0.0,0.0,246,0,3190,0,0.0,0.0,0.0,0.0,0.0,0.0,0.0,0.0,0.0,0.0,0.0,742.0,316.0,0.0,738.0,316.0,0.0,728.0,313.0,0.0,742.0,316.0,,,,23,,Maxwel,Cornet,Cornet,has joined Genoa on loan for the rest of the season.,,0,0,0,0,0,0,0,0,0,0,0,0,0,,,,0.0,0.0,0.0,0.0,0.0,0,0,0
752,a,,,4.0,718,207.0,0,0.0,0,0.0,0.0,666,231.0,0,0,0.0,610.0,240.0,0,0,0.0,534.0,221.0,0.0,0.0,0.0,1272,5,1110,9,0.0,0.0,0.0,0.0,0.0,0.0,0.0,0.0,0.0,0.0,0.0,598.0,239.0,0.0,593.0,240.0,0.0,560.0,235.0,0.0,602.0,240.0,,,,23,,Airidas,Golambeckis,Golambeckis,,,0,0,0,0,0,0,0,0,0,0,0,0,0,,,,0.0,0.0,0.0,0.0,0.0,0,0,0
642,a,100.0,100.0,5.6,129,79.0,0,0.0,-4,4.0,0.1,426,143.0,41,2,2.3,280.0,122.0,0,107,3.5,72.0,30.0,0.6,7.3,0.0,38481,149,45200,78,3.5,3.0,2.07,0.9,2.97,14.47,0.18,0.08,0.26,1.26,120.6,291.0,131.0,128.0,182.0,120.0,138.0,153.0,88.0,38.0,253.0,122.0,,,3.0,23,,Hwang,Hee-chan,Hee Chan,,,1033,2,1,2,18,0,0,0,3,0,0,13,60,,,,0.0,0.17,1.57,1.13,5.23,8,19,33
643,a,100.0,100.0,5.3,201,125.0,0,0.0,-2,2.0,0.1,523,186.0,50,1,2.3,278.0,121.0,1,265,1.3,254.0,110.0,0.2,9.4,0.0,11197,14,15274,12,1.3,0.8,0.17,0.66,0.83,26.89,0.01,0.04,0.05,1.51,232.6,187.0,79.0,193.9,123.0,89.0,15.0,370.0,187.0,44.2,219.0,109.0,,,,23,,André,Trindade da Costa Neto,André,,,1603,0,0,1,32,0,0,0,7,0,0,17,220,,,,0.0,0.06,1.8,0.95,12.35,46,57,117
644,d,50.0,0.0,5.1,230,142.0,0,0.0,-4,4.0,0.0,614,238.0,25,0,1.8,352.0,156.0,0,114,0.0,749.0,327.0,0.0,4.9,0.0,3482,0,10306,3,0.0,0.0,0.73,0.58,1.31,11.84,0.1,0.08,0.18,1.56,111.2,305.0,136.0,91.3,233.0,144.0,93.0,220.0,121.0,29.4,292.0,142.0,3.0,4.0,,23,,Jean-Ricner,Bellegarde,Bellegarde,Hamstring injury - 50% chance of playing,,685,1,0,1,20,0,0,0,1,0,0,9,59,,,,0.0,0.13,2.63,1.18,7.75,18,20,21
645,a,100.0,100.0,5.1,239,147.0,0,0.0,-4,4.0,0.0,638,259.0,12,0,1.3,414.0,187.0,0,38,0.2,402.0,188.0,0.0,2.4,0.0,1366,2,4550,7,0.2,-0.3,0.16,0.61,0.77,3.98,0.06,0.24,0.3,1.57,29.0,410.0,183.0,61.0,286.0,165.0,37.0,314.0,164.0,12.4,376.0,175.0,,,,23,,Fer,López González,Fer López,,,228,0,1,0,9,0,0,0,1,0,0,2,12,,,,0.0,0.0,3.55,0.79,4.74,1,1,10
235,d,75.0,75.0,10.4,3,2.0,0,0.0,-1,1.0,12.1,37,13.0,45,0,3.8,97.0,46.0,1,161,3.5,77.0,34.0,0.3,4.3,0.0,1511804,4750,6764815,4871,2.6,2.6,3.54,0.38,3.92,14.63,0.42,0.05,0.47,1.75,197.6,223.0,94.0,117.5,194.0,126.0,219.0,82.0,49.0,53.3,180.0,96.0,,1.0,1.0,23,,Cole,Palmer,Palmer,Muscle injury - 75% chance of playing,,753,4,1,2,10,0,0,0,2,0,0,10,63,,,,0.0,0.24,1.2,1.2,7.53,11,13,39
236,a,100.0,100.0,7.1,35,21.0,0,0.0,1,-1.0,6.4,62,22.0,91,0,4.1,68.0,29.0,6,391,2.2,192.0,80.0,0.3,12.8,0.0,1828176,4572,1594177,3027,2.2,2.2,3.59,4.21,7.8,23.1,0.19,0.22,0.41,1.2,389.2,72.0,23.0,555.5,10.0,10.0,382.0,29.0,16.0,132.9,14.0,11.0,1.0,4.0,,23,,Pedro,Lomba Neto,Neto,,,1729,5,4,9,15,0,0,0,2,0,0,20,87,,,,0.0,0.47,0.78,1.04,4.53,14,14,59
237,a,100.0,100.0,6.6,50,32.0,0,0.0,1,-1.0,14.1,23,10.0,98,0,4.7,27.0,11.0,11,405,4.7,24.0,10.0,0.7,14.8,0.0,3782449,28377,2720278,2694,4.7,4.7,7.79,3.93,11.72,25.89,0.39,0.2,0.59,1.31,496.4,32.0,7.0,538.6,12.0,12.0,503.0,12.0,5.0,153.9,5.0,3.0,3.0,3.0,2.0,23,,Enzo,Fernández,Enzo,,,1784,6,3,8,21,0,0,0,5,0,0,20,154,,,,0.0,0.4,1.06,1.01,7.77,41,30,83
238,a,100.0,100.0,6.4,63,41.0,0,0.0,-1,1.0,1.9,135,46.0,39,0,2.3,285.0,126.0,2,131,1.2,274.0,121.0,0.2,6.1,0.0,682430,935,716063,585,1.2,1.2,2.34,2.06,4.4,7.44,0.35,0.31,0.66,1.11,120.4,292.0,132.0,189.0,125.0,91.0,233.0,73.0,45.0,54.1,174.0,95.0,4.0,,3.0,23,,Estêvão,Almeida de Oliveira Gonçalves,Estêvão,,,602,1,4,2,8,0,0,0,3,0,0,8,42,,,,0.0,0.3,1.2,1.2,6.28,9,5,28
239,a,100.0,100.0,6.0,87,56.0,0,0.0,-5,5.0,0.1,456,155.0,23,0,1.6,379.0,170.0,0,93,0.3,363.0,162.0,0.0,3.8,0.0,16728,27,40206,24,0.3,0.3,0.81,0.94,1.75,7.61,0.16,0.19,0.35,1.54,93.0,327.0,142.0,128.8,179.0,118.0,91.0,223.0,123.0,31.2,287.0,140.0,,,,23,,Jamie,Bynoe-Gittens,Gittens,,,445,0,2,1,5,0,0,0,0,0,0,4,29,,,,0.0,0.2,1.01,0.81,5.87,8,6,15
240,u,0.0,0.0,5.9,97,62.0,0,0.0,-1,1.0,0.1,500,176.0,0,0,0.0,792.0,354.0,0,0,0.0,787.0,352.0,0.0,0.0,0.0,2668,0,23620,4,0.0,0.0,0.0,0.0,0.0,0.0,0.0,0.0,0.0,0.0,0.0,792.0,354.0,0.0,792.0,354.0,0.0,792.0,354.0,0.0,792.0,354.0,,,,23,,Christopher,Nkunku,Nkunku,has joined AC Milan permanently.,,0,0,0,0,0,0,0,0,0,0,0,0,0,,,,0.0,0.0,0.0,0.0,0.0,0,0,0
241,a,100.0,100.0,5.7,122,77.0,0,0.0,2,-2.0,8.0,52,19.0,74,0,4.4,46.0,20.0,9,338,2.2,186.0,76.0,0.4,13.0,0.0,3130329,3160,3038312,1270,2.2,2.2,0.89,1.0,1.89,22.8,0.06,0.06,0.12,1.43,394.6,68.0,20.0,196.8,121.0,88.0,85.0,233.0,127.0,67.4,117.0,63.0,,,,23,,Moisés,Caicedo Corozo,Caicedo,,,1432,3,1,5,20,0,0,0,5,1,0,16,211,,,,0.0,0.31,1.26,1.01,13.26,50,64,97
243,a,,,4.8,371,234.0,0,0.0,-2,2.0,0.1,553,202.0,4,0,1.0,467.0,219.0,0,2,0.0,701.0,292.0,0.0,0.8,0.0,6192,9,8723,9,0.0,0.0,0.32,0.08,0.4,1.65,0.2,0.05,0.25,1.05,8.2,443.0,202.0,7.0,417.0,205.0,56.0,282.0,150.0,7.1,412.0,186.0,,,,23,,Tyrique,George,George,,,142,0,0,1,2,0,0,0,2,0,0,0,3,,,,0.0,0.63,1.27,0.0,1.9,2,0,1
244,i,0.0,0.0,4.9,337,209.0,0,0.0,-1,1.0,0.0,685,288.0,4,0,1.0,470.0,221.0,0,22,0.0,722.0,306.0,0.0,0.8,0.0,2514,0,4504,0,0.0,0.0,0.0,0.05,0.05,2.79,0.0,0.04,0.04,2.39,9.6,439.0,198.0,7.5,414.0,203.0,2.0,428.0,213.0,1.8,449.0,205.0,,,,23,,Roméo,Lavia,Lavia,Thigh injury - Unknown return date,,105,0,0,0,3,0,0,0,0,0,0,1,11,,,,0.0,0.0,2.57,0.86,9.43,2,5,4
245,s,0.0,0.0,4.9,328,203.0,0,0.0,-1,1.0,0.0,728,311.0,0,0,0.0,755.0,327.0,0,0,0.0,720.0,305.0,0.0,0.0,0.0,870,5,1193,1,0.0,0.0,0.0,0.0,0.0,0.0,0.0,0.0,0.0,0.0,0.0,754.0,326.0,0.0,750.0,326.0,0.0,742.0,324.0,0.0,754.0,326.0,,,,23,,Mykhailo,Mudryk,Mudryk,Suspended - unknown return date,,0,0,0,0,0,0,0,0,0,0,0,0,0,,,,0.0,0.0,0.0,0.0,0.0,0,0,0
246,a,100.0,100.0,4.5,453,274.0,0,0.0,0,0.0,0.3,319,106.0,19,0,1.2,422.0,190.0,0,85,0.7,309.0,140.0,0.2,4.2,0.0,65827,47,74101,98,0.7,0.7,1.7,0.5,2.2,8.31,0.28,0.08,0.36,1.37,90.6,330.0,144.0,93.1,227.0,140.0,59.0,277.0,147.0,24.2,316.0,152.0,,,,23,,Andrey,Nascimento dos Santos,Andrey Santos,,,544,0,0,1,5,0,0,0,3,0,0,5,69,,,,0.0,0.17,0.83,0.83,11.42,17,24,28
247,i,0.0,0.0,4.3,589,343.0,0,0.0,-2,2.0,0.1,567,209.0,0,0,0.0,625.0,234.0,0,0,0.0,563.0,196.0,0.0,0.0,0.0,11027,7,12956,29,0.0,0.0,0.0,0.0,0.0,0.0,0.0,0.0,0.0,0.0,0.0,614.0,224.0,0.0,611.0,229.0,0.0,582.0,216.0,0.0,617.0,226.0,,,,23,,Dário,Luís Essugo,D.Essugo,Knock - Expected back 21 Feb,,0,0,0,0,0,0,0,0,0,0,0,0,0,,,,0.0,0.0,0.0,0.0,0.0,0,0,0
766,a,,,4.0,707,196.0,0,0.0,0,0.0,0.0,697,239.0,0,0,0.0,602.0,232.0,0,0,0.0,526.0,213.0,0.0,0.0,0.0,1245,26,457,12,0.0,-0.5,0.0,0.0,0.0,0.0,0.0,0.0,0.0,0.0,0.0,590.0,231.0,0.0,585.0,232.0,0.0,551.0,226.0,0.0,593.0,231.0,,,,23,,Saheed,Olagunju,Olagunju,,,0,0,0,0,0,0,0,0,0,0,0,0,0,,,,0.0,0.0,0.0,0.0,0.0,0,0,0
767,a,,,4.5,488,301.0,0,0.0,0,0.0,0.0,759,329.0,0,0,0.0,721.0,302.0,0,0,0.0,671.0,269.0,0.0,0.0,0.0,679,0,344,3,0.0,-0.5,0.0,0.0,0.0,0.0,0.0,0.0,0.0,0.0,0.0,719.0,300.0,0.0,714.0,300.0,0.0,697.0,295.0,0.0,719.0,300.0,,,,23,,Luke,Rawlings,Rawlings,,,0,0,0,0,0,0,0,0,0,0,0,0,0,,,,0.0,0.0,0.0,0.0,0.0,0,0,0
777,a,,,4.5,448,269.0,0,0.0,0,0.0,0.0,774,339.0,0,0,0.0,691.0,279.0,0,0,0.0,640.0,245.0,0.0,0.0,0.0,318,3,92,4,0.0,-0.5,0.0,0.0,0.0,0.0,0.0,0.0,0.0,0.0,0.0,686.0,274.0,0.0,683.0,276.0,0.0,663.0,268.0,0.0,687.0,275.0,,,,23,,Temple,Ojinnaka,Ojinnaka,,,0,0,0,0,0,0,0,0,0,0,0,0,0,,,,0.0,0.0,0.0,0.0,0.0,0,0,0
778,a,,,4.5,480,295.0,0,0.0,0,0.0,0.0,750,324.0,0,0,0.0,713.0,296.0,0,0,0.0,663.0,263.0,0.0,0.0,0.0,714,12,231,4,0.0,-0.5,0.0,0.0,0.0,0.0,0.0,0.0,0.0,0.0,0.0,711.0,294.0,0.0,706.0,294.0,0.0,689.0,289.0,0.0,711.0,294.0,,,,23,,Ethan,Sutherland,Sutherland,,,0,0,0,0,0,0,0,0,0,0,0,0,0,,,,0.0,0.0,0.0,0.0,0.0,0,0,0
1,a,,,5.9,93,1.0,0,0.0,4,-4.0,33.3,6,1.0,92,0,4.2,59.0,4.0,4,371,2.8,125.0,13.0,0.5,15.6,0.0,3430738,6767,1903513,4736,3.8,3.8,0.0,0.04,0.04,15.77,0.0,0.0,0.0,0.72,326.4,110.0,16.0,20.3,374.0,3.0,0.0,791.0,91.0,34.7,265.0,16.0,,,,23,,David,Raya Martín,Raya,,,1980,0,0,11,14,0,0,0,1,0,32,22,94,,,,1.45,0.5,0.64,1.0,0.0,1,18,175
2,a,,,4.1,643,38.0,0,0.0,-4,4.0,0.4,271,37.0,0,0,0.0,612.0,81.0,0,0,0.0,536.0,76.0,0.0,0.0,0.0,12887,21,73074,44,1.0,1.0,0.0,0.0,0.0,0.0,0.0,0.0,0.0,0.0,0.0,600.0,81.0,0.0,595.0,70.0,0.0,562.0,55.0,0.0,604.0,81.0,,,,23,,Kepa,Arrizabalaga Revuelta,Arrizabalaga,,,0,0,0,0,0,0,0,0,0,0,0,0,0,,,,0.0,0.0,0.0,0.0,0.0,0,0,0
3,u,0.0,0.0,4.0,672,53.0,0,0.0,0,0.0,0.2,359,52.0,0,0,0.0,572.0,71.0,0,0,0.0,494.0,66.0,0.0,0.0,0.0,5545,0,46959,10,0.0,0.0,0.0,0.0,0.0,0.0,0.0,0.0,0.0,0.0,0.0,560.0,71.0,0.0,555.0,60.0,0.0,520.0,45.0,0.0,563.0,71.0,,,,23,,Karl,Hein,Hein,Has joined Werder Bremen on loan for the rest of the season.,,0,0,0,0,0,0,0,0,0,0,0,0,0,,,,0.0,0.0,0.0,0.0,0.0,0,0,0
4,a,,,3.9,759,87.0,0,0.0,-1,1.0,0.2,342,48.0,0,0,0.0,543.0,56.0,0,0,0.0,465.0,51.0,0.0,0.0,0.0,32098,33,28852,61,1.0,1.0,0.0,0.0,0.0,0.0,0.0,0.0,0.0,0.0,0.0,531.0,56.0,0.0,524.0,43.0,0.0,487.0,28.0,0.0,534.0,56.0,,,,23,,Tommy,Setford,Setford,,,0,0,0,0,0,0,0,0,0,0,0,0,0,,,,0.0,0.0,0.0,0.0,0.0,0,0,0
759,a,,,4.0,712,201.0,0,0.0,0,0.0,0.0,699,241.0,0,0,0.0,605.0,235.0,0,0,0.0,529.0,216.0,0.0,0.0,0.0,893,7,657,4,1.0,1.0,0.0,0.0,0.0,0.0,0.0,0.0,0.0,0.0,0.0,593.0,234.0,0.0,588.0,235.0,0.0,554.0,229.0,0.0,596.0,234.0,,,,23,,Marli,Salmon,Salmon,,,0,0,0,0,0,0,0,0,0,0,0,0,0,,,,0.0,0.0,0.0,0.0,0.0,0,0,0
32,d,75.0,75.0,5.0,242,7.0,0,0.0,0,0.0,3.1,106,15.0,66,0,3.7,102.0,10.0,3,291,1.5,233.0,19.0,0.3,13.2,0.0,645176,168,506671,1781,1.1,1.1,0.0,0.03,0.03,22.83,0.0,0.0,0.0,1.3,389.2,71.0,13.0,3.0,430.0,12.0,0.0,748.0,83.0,39.2,245.0,13.0,,,,23,,Emiliano,Martínez Romero,Martinez,Calf injury - 75% chance of playing,,1575,0,0,4,17,0,1,0,1,0,51,18,78,,,,2.91,0.23,0.97,1.03,0.0,0,14,138
33,a,,,4.2,619,32.0,0,0.0,-3,3.0,0.4,267,35.0,11,0,2.2,289.0,25.0,0,51,0.3,341.0,24.0,0.1,2.6,0.0,82495,36,110747,50,0.3,0.3,0.0,0.0,0.0,8.53,0.0,0.0,0.0,1.9,92.8,328.0,27.0,0.0,597.0,72.0,0.0,565.0,57.0,9.3,400.0,27.0,,,,23,,Marco,Bizot,M.Bizot,,,405,0,0,1,8,0,0,0,2,0,13,4,23,,,,2.89,0.22,1.78,0.89,0.0,0,6,41
34,u,0.0,0.0,4.0,671,52.0,0,0.0,0,0.0,0.1,477,74.0,0,0,0.0,571.0,70.0,0,0,0.0,493.0,65.0,0.0,0.0,0.0,0,0,16806,7,0.0,0.0,0.0,0.0,0.0,0.0,0.0,0.0,0.0,0.0,0.0,559.0,70.0,0.0,554.0,59.0,0.0,519.0,44.0,0.0,562.0,70.0,,,,23,,Joe,Gauci,Gauci,Has joined Port Vale on loan for the rest of the season.,,0,0,0,0,0,0,0,0,0,0,0,0,0,,,,0.0,0.0,0.0,0.0,0.0,0,0,0
49,a,100.0,100.0,5.5,141,89.0,0,0.0,0,0.0,0.1,512,182.0,0,0,0.0,788.0,351.0,0,0,0.0,777.0,346.0,0.0,0.0,0.0,2425,72,48290,5,0.0,0.0,0.0,0.0,0.0,0.0,0.0,0.0,0.0,0.0,0.0,788.0,351.0,0.0,787.0,351.0,0.0,784.0,350.0,0.0,788.0,351.0,,,,23,,Leon,Bailey,Bailey,,,0,0,0,0,0,0,0,0,0,0,0,0,0,,,,0.0,0.0,0.0,0.0,0.0,0,0,0
50,a,100.0,100.0,5.3,187,116.0,0,0.0,-2,2.0,0.3,297,99.0,60,0,3.0,191.0,82.0,7,202,1.7,224.0,97.0,0.3,11.3,0.0,161917,290,145308,235,1.7,1.7,1.99,1.17,3.16,13.54,0.21,0.12,0.33,1.41,250.6,174.0,70.0,226.1,101.0,75.0,190.0,106.0,63.0,66.7,119.0,65.0,,6.0,2.0,23,,Emiliano,Buendía Stati,Buendía,,,862,4,2,2,9,0,0,0,2,0,0,10,99,,,,0.0,0.21,0.94,1.04,10.34,25,18,56
51,u,0.0,0.0,5.5,151,96.0,0,0.0,0,0.0,0.0,671,277.0,0,0,0.0,789.0,352.0,0,0,0.0,779.0,348.0,0.0,0.0,0.0,1383,0,3751,1,0.0,0.0,0.0,0.0,0.0,0.0,0.0,0.0,0.0,0.0,0.0,789.0,352.0,0.0,788.0,352.0,0.0,785.0,351.0,0.0,789.0,352.0,,,,23,,Samuel,Iling-Junior,Iling Jr,has joined West Bromwich Albion on loan for the rest of the season,,0,0,0,0,0,0,0,0,0,0,0,0,0,,,,0.0,0.0,0.0,0.0,0.0,0,0,0
53,u,0.0,0.0,5.1,227,140.0,0,0.0,-4,4.0,0.5,251,84.0,55,0,2.6,243.0,104.0,3,161,1.2,266.0,114.0,0.2,10.8,0.0,172896,0,325398,569,0.0,0.0,4.03,0.35,4.38,10.59,0.57,0.05,0.62,1.49,183.4,239.0,101.0,99.7,219.0,135.0,290.0,55.0,34.0,56.3,160.0,91.0,,,1.0,23,,Donyell,Malen,Malen,has joined Roma on loan for the rest of the season.,,640,4,2,1,10,0,0,0,0,0,0,5,16,,,,0.0,0.14,1.41,0.7,2.25,4,2,10
54,i,0.0,0.0,5.4,159,99.0,0,0.0,-1,1.0,0.9,192,65.0,71,0,3.2,157.0,67.0,4,289,3.5,71.0,29.0,0.6,13.1,0.0,207805,17,187015,3665,0.0,0.0,2.52,1.96,4.48,26.58,0.14,0.11,0.25,1.5,308.2,126.0,43.0,385.2,34.0,33.0,193.0,102.0,61.0,88.8,61.0,40.0,4.0,,,23,,John,McGinn,McGinn,Knee injury - Unknown return date,,1591,3,2,7,21,0,0,0,3,0,0,21,126,,,,0.0,0.4,1.19,1.19,7.13,27,29,70
55,d,50.0,0.0,4.8,347,218.0,0,0.0,-2,2.0,0.0,619,242.0,15,0,2.1,309.0,136.0,0,56,0.0,693.0,286.0,0.0,3.1,0.0,4398,3,11728,4,0.0,0.0,0.43,0.16,0.59,1.41,0.34,0.13,0.47,1.11,51.8,382.0,168.0,33.7,345.0,181.0,55.0,285.0,151.0,14.0,369.0,173.0,,,,23,,Ross,Barkley,Barkley,Knee injury - 50% chance of playing,,114,1,1,0,0,0,0,0,0,0,0,0,15,,,,0.0,0.0,0.0,0.0,11.84,3,2,10
56,u,0.0,0.0,5.0,264,161.0,0,0.0,0,0.0,0.0,800,359.0,0,0,0.0,767.0,336.0,0,0,0.0,738.0,318.0,0.0,0.0,0.0,0,0,34,0,0.0,0.0,0.0,0.0,0.0,0.0,0.0,0.0,0.0,0.0,0.0,766.0,335.0,0.0,764.0,335.0,0.0,757.0,333.0,0.0,766.0,335.0,,,,23,,Enzo,Barrenechea,Barrenechea,Season-long loan to Benfica,,0,0,0,0,0,0,0,0,0,0,0,0,0,,,,0.0,0.0,0.0,0.0,0.0,0,0,0
768,a,,,4.0,719,208.0,0,0.0,0,0.0,0.0,730,249.0,0,0,0.0,611.0,241.0,0,0,0.0,535.0,222.0,0.0,0.0,0.0,346,2,232,4,0.0,0.0,0.0,0.0,0.0,0.0,0.0,0.0,0.0,0.0,0.0,599.0,240.0,0.0,594.0,241.0,0.0,561.0,236.0,0.0,603.0,241.0,,,,23,,Leon,Routh,Leon Routh,,,0,0,0,0,0,0,0,0,0,0,0,0,0,,,,0.0,0.0,0.0,0.0,0.0,0,0,0
781,a,,,4.0,713,202.0,0,0.0,0,0.0,0.0,757,258.0,0,0,0.0,606.0,236.0,0,0,0.0,530.0,217.0,0.0,0.0,0.0,212,2,71,1,0.0,0.0,0.0,0.0,0.0,0.0,0.0,0.0,0.0,0.0,0.0,594.0,235.0,0.0,589.0,236.0,0.0,555.0,230.0,0.0,597.0,235.0,,,,23,,TJ,Carroll,Carroll,,,0,0,0,0,0,0,0,0,0,0,0,0,0,,,,0.0,0.0,0.0,0.0,0.0,0,0,0
792,d,25.0,25.0,5.0,281,174.0,0,0.0,0,0.0,0.0,793,353.0,0,0,0.0,774.0,341.0,0,0,0.0,746.0,324.0,0.0,0.0,0.0,105,1,62,2,0.0,0.0,0.0,0.0,0.0,0.0,0.0,0.0,0.0,0.0,0.0,774.0,341.0,0.0,772.0,341.0,0.0,766.0,339.0,0.0,774.0,341.0,,,,23,,Alysson Edward Franco,da Rocha dos Santos,Alysson,Knock - 25% chance of playing,,0,0,0,0,0,0,0,0,0,0,0,0,0,,,,0.0,0.0,0.0,0.0,0.0,0,0,0
183,a,,,4.3,597,30.0,0,0.0,-2,2.0,0.1,448,69.0,0,0,0.0,629.0,86.0,0,0,0.0,567.0,83.0,0.0,0.0,0.0,6272,16,15757,9,0.0,0.0,0.0,0.0,0.0,0.0,0.0,0.0,0.0,0.0,0.0,618.0,86.0,0.0,616.0,79.0,0.0,588.0,66.0,0.0,621.0,86.0,,,,23,,Max,Weiß,Weiss,,,0,0,0,0,0,0,0,0,0,0,0,0,0,,,,0.0,0.0,0.0,0.0,0.0,0,0,0
184,u,0.0,0.0,4.0,677,56.0,0,0.0,0,0.0,0.2,389,57.0,0,0,0.0,576.0,74.0,0,0,0.0,498.0,69.0,0.0,0.0,0.0,4943,0,32976,4,0.0,0.0,0.0,0.0,0.0,0.0,0.0,0.0,0.0,0.0,0.0,564.0,74.0,0.0,559.0,63.0,0.0,524.0,48.0,0.0,567.0,74.0,,,,23,,Etienne,Green,Green,has joined FC Fredericia permanently.,,0,0,0,0,0,0,0,0,0,0,0,0,0,,,,0.0,0.0,0.0,0.0,0.0,0,0,0
185,a,,,3.9,721,64.0,0,0.0,-1,1.0,0.2,391,58.0,0,0,0.0,515.0,34.0,0,0,0.0,436.0,29.0,0.0,0.0,0.0,13711,10,18153,27,0.0,0.0,0.0,0.0,0.0,0.0,0.0,0.0,0.0,0.0,0.0,503.0,34.0,0.0,495.0,20.0,0.0,458.0,5.0,0.0,506.0,34.0,,,,23,,Václav,Hladký,Hladký,,,0,0,0,0,0,0,0,0,0,0,0,0,0,,,,0.0,0.0,0.0,0.0,0.0,0,0,0
186,i,0.0,0.0,4.4,517,104.0,0,0.0,-1,1.0,0.0,642,224.0,0,0,0.0,644.0,247.0,0,0,0.0,584.0,236.0,0.0,0.0,0.0,1342,2,8867,3,0.0,0.0,0.0,0.0,0.0,0.0,0.0,0.0,0.0,0.0,0.0,633.0,246.0,0.0,631.0,247.0,0.0,605.0,244.0,0.0,636.0,247.0,,,,23,,Connor,Roberts,Roberts,Achilles injury - Unknown return date,,0,0,0,0,0,0,0,0,0,0,0,0,0,,,,0.0,0.0,0.0,0.0,0.0,0,0,0
282,u,0.0,0.0,4.5,470,288.0,0,0.0,0,0.0,0.0,683,286.0,0,0,0.0,706.0,292.0,0,0,0.0,656.0,259.0,0.0,0.0,0.0,860,0,3022,1,0.0,0.0,0.0,0.0,0.0,0.0,0.0,0.0,0.0,0.0,0.0,703.0,289.0,0.0,699.0,290.0,0.0,681.0,284.0,0.0,704.0,290.0,,,,23,,Franco,Umeh-Chibueze,Umeh,has joined Portsmouth permanently.,,0,0,0,0,0,0,0,0,0,0,0,0,0,,,,0.0,0.0,0.0,0.0,0.0,0,0,0
283,a,100.0,100.0,7.5,21,7.0,0,0.0,0,0.0,10.0,44,8.0,82,0,3.7,108.0,9.0,9,281,2.8,126.0,13.0,0.4,10.9,0.0,4704557,2082,4660684,4207,2.8,2.8,11.42,1.26,12.68,24.47,0.56,0.06,0.62,1.21,409.4,60.0,5.0,119.3,192.0,18.0,643.0,4.0,3.0,117.0,27.0,5.0,,,2.0,23,,Jean-Philippe,Mateta,Mateta,,,1820,8,0,8,20,0,0,0,2,0,0,22,108,,,,0.0,0.4,0.99,1.09,5.34,8,50,50
284,i,0.0,0.0,5.4,165,40.0,0,0.0,-1,1.0,0.4,287,45.0,23,0,1.9,338.0,34.0,3,100,0.2,404.0,46.0,0.0,4.3,0.0,123992,5,137450,221,0.0,0.0,1.77,0.46,2.23,9.49,0.38,0.1,0.48,2.06,120.0,294.0,28.0,84.6,244.0,26.0,173.0,116.0,30.0,37.8,255.0,30.0,,,,23,,Eddie,Nketiah,Nketiah,Hamstring injury - Unknown return date,,414,2,0,0,12,0,0,0,2,0,0,2,38,,,,0.0,0.0,2.61,0.43,8.26,8,13,17
285,u,0.0,0.0,5.0,247,51.0,0,0.0,0,0.0,0.2,360,58.0,1,0,1.0,472.0,55.0,0,6,0.0,729.0,76.0,0.0,0.2,0.0,9044,0,88944,10,0.0,0.0,0.0,0.0,0.0,0.27,0.0,0.0,0.0,12.15,2.0,466.0,54.0,0.0,756.0,83.0,0.0,750.0,83.0,0.2,481.0,59.0,,,,23,,Odsonne,Édouard,Édouard,has joined RC Lens permanently.,,2,0,0,0,0,0,0,0,0,0,0,0,1,,,,0.0,0.0,0.0,0.0,45.0,1,0,0
286,a,,,4.4,550,77.0,0,0.0,-1,1.0,0.3,308,51.0,0,0,0.0,659.0,70.0,0,0,0.0,602.0,61.0,0.0,0.0,0.0,44782,43,52700,57,0.0,0.0,0.0,0.0,0.0,0.0,0.0,0.0,0.0,0.0,0.0,651.0,70.0,0.0,648.0,69.0,0.0,624.0,69.0,0.0,654.0,70.0,,,,23,,Zach,Marsh,Marsh,,,0,0,0,0,0,0,0,0,0,0,0,0,0,,,,0.0,0.0,0.0,0.0,0.0,0,0,0
580,a,,,6.5,51,33.0,0,0.0,-5,5.0,2.5,114,37.0,39,0,2.1,316.0,141.0,2,128,1.0,289.0,128.0,0.2,6.0,0.0,1128604,323,1285139,524,1.0,1.0,1.54,0.41,1.95,14.39,0.16,0.04,0.2,1.52,151.6,262.0,113.0,124.7,186.0,123.0,157.0,130.0,76.0,43.2,226.0,111.0,,,,23,,Brennan,Johnson,Johnson,,,853,2,0,4,8,0,0,0,4,0,0,9,58,,,,0.0,0.42,0.84,0.95,6.12,15,18,25
690,d,25.0,25.0,4.4,554,332.0,0,0.0,-1,1.0,0.3,325,109.0,0,0,0.0,662.0,257.0,0,0,0.0,605.0,220.0,0.0,0.0,0.0,57918,0,53812,37,0.0,0.0,0.0,0.0,0.0,0.0,0.0,0.0,0.0,0.0,0.0,654.0,250.0,0.0,651.0,254.0,0.0,627.0,244.0,0.0,657.0,252.0,,,,23,,Rio,Cardines,Cardines,Groin Injury - 25% chance of playing,,0,0,0,0,0,0,0,0,0,0,0,0,0,,,,0.0,0.0,0.0,0.0,0.0,0,0,0
712,a,100.0,100.0,5.8,110,69.0,0,0.0,-2,2.0,0.2,341,114.0,57,0,2.9,205.0,88.0,3,225,3.3,84.0,40.0,0.6,9.8,0.0,118684,323,93436,177,3.3,3.3,3.53,4.11,7.64,20.82,0.22,0.26,0.48,1.3,239.2,183.0,76.0,439.6,22.0,21.0,299.0,52.0,32.0,97.5,49.0,34.0,1.0,1.0,,23,,Yéremy,Pino Santos,Yeremy,,,1437,2,1,6,19,0,0,0,3,0,0,18,116,,,,0.0,0.38,1.19,1.13,7.27,27,21,68
723,a,100.0,100.0,4.5,504,97.0,0,0.0,0,0.0,0.0,637,221.0,27,0,3.4,126.0,49.0,4,78,2.2,178.0,69.0,0.5,6.0,0.0,4203,15,2786,11,2.2,2.2,0.05,0.12,0.17,5.45,0.02,0.04,0.06,1.7,99.0,319.0,124.0,5.4,421.0,152.0,10.0,381.0,139.0,11.5,382.0,137.0,,,,23,,Jaydee,Canvot,Canvot,,,288,0,0,2,3,0,0,0,0,0,0,2,47,,,,0.0,0.62,0.94,0.62,14.69,14,33,12
732,a,,,5.5,155,38.0,0,0.0,0,0.0,0.0,580,77.0,13,0,1.3,416.0,48.0,0,37,0.5,334.0,39.0,0.1,2.4,0.0,11729,38,8478,18,0.5,0.5,0.36,0.01,0.37,4.05,0.3,0.01,0.31,3.34,10.8,436.0,49.0,4.2,425.0,53.0,65.0,262.0,48.0,7.7,409.0,50.0,,,,23,,Christantus,Uche,Uche,,,109,0,1,0,4,0,0,0,0,0,0,0,8,,,,0.0,0.0,3.3,0.0,6.61,1,1,6
762,a,,,4.5,507,314.0,0,0.0,0,0.0,0.0,762,331.0,2,0,1.0,461.0,214.0,0,6,0.2,390.0,179.0,0.0,0.4,0.0,461,2,197,1,0.2,0.2,0.0,0.0,0.0,0.73,0.0,0.0,0.0,9.39,1.4,470.0,218.0,1.0,445.0,216.0,0.0,710.0,306.0,0.3,477.0,221.0,,,,23,,Joél,Drakes-Thomas,Drakes-Thomas,,,7,0,0,0,1,0,0,0,0,0,0,0,3,,,,0.0,0.0,12.86,0.0,38.57,1,0,2
773,a,,,4.0,717,206.0,0,0.0,0,0.0,0.0,744,254.0,0,0,0.0,609.0,239.0,0,0,0.0,533.0,220.0,0.0,0.0,0.0,356,3,213,5,0.0,0.0,0.0,0.0,0.0,0.0,0.0,0.0,0.0,0.0,0.0,597.0,238.0,0.0,592.0,239.0,0.0,559.0,234.0,0.0,601.0,239.0,,,,23,,Dean,Benamar,Benamar,,,0,0,0,0,0,0,0,0,0,0,0,0,0,,,,0.0,0.0,0.0,0.0,0.0,0,0,0
780,a,,,4.5,500,69.0,0,0.0,0,0.0,0.0,725,86.0,0,0,0.0,729.0,79.0,0,0,0.0,680.0,70.0,0.0,0.0,0.0,780,19,248,13,0.0,0.0,0.0,0.0,0.0,0.0,0.0,0.0,0.0,0.0,0.0,728.0,79.0,0.0,723.0,78.0,0.0,706.0,78.0,0.0,728.0,79.0,,,,23,,Ben,Casey,Casey,,,0,0,0,0,0,0,0,0,0,0,0,0,0,,,,0.0,0.0,0.0,0.0,0.0,0,0,0
793,a,,,4.0,706,195.0,0,0.0,0,0.0,0.0,756,257.0,0,0,0.0,601.0,231.0,0,0,0.0,525.0,212.0,0.0,0.0,0.0,270,9,64,6,0.0,0.0,0.0,0.0,0.0,0.0,0.0,0.0,0.0,0.0,0.0,589.0,230.0,0.0,584.0,231.0,0.0,550.0,225.0,0.0,592.0,230.0,,,,23,,George,King,King,,,0,0,0,0,0,0,0,0,0,0,0,0,0,,,,0.0,0.0,0.0,0.0,0.0,0,0,0
798,a,,,4.0,684,178.0,0,0.0,0,0.0,0.0,788,261.0,0,0,0.0,582.0,217.0,0,0,0.0,505.0,197.0,0.0,0.0,0.0,57,6,4,0,0.0,0.0,0.0,0.0,0.0,0.0,0.0,0.0,0.0,0.0,0.0,570.0,216.0,0.0,565.0,217.0,0.0,530.0,210.0,0.0,573.0,216.0,,,,23,,Danny,Imray,Imray,,,0,0,0,0,0,0,0,0,0,0,0,0,0,,,,0.0,0.0,0.0,0.0,0.0,0,0,0
667,a,100.0,100.0,4.2,631,150.0,0,0.0,-3,3.0,0.1,562,203.0,0,0,0.0,616.0,242.0,0,0,0.0,545.0,225.0,0.0,0.0,0.0,2335,3,11967,4,0.0,0.0,0.0,0.0,0.0,0.0,0.0,0.0,0.0,0.0,0.0,605.0,242.0,0.0,602.0,242.0,0.0,571.0,238.0,0.0,609.0,243.0,,,,23,,Adam,Aznou,Aznou,,,0,0,0,0,0,0,0,0,0,0,0,0,0,,,,0.0,0.0,0.0,0.0,0.0,0,0,0
704,u,0.0,0.0,4.5,430,258.0,0,0.0,0,0.0,0.1,573,213.0,0,0,0.0,682.0,270.0,0,0,0.0,630.0,235.0,0.0,0.0,0.0,8420,0,10024,2,0.0,0.0,0.0,0.0,0.0,0.0,0.0,0.0,0.0,0.0,0.0,675.0,264.0,0.0,674.0,267.0,0.0,653.0,259.0,0.0,678.0,266.0,,,,23,,Tyler,Onyango,Onyango,has joined Stockport County on loan for the rest of the season.,,0,0,0,0,0,0,0,0,0,0,0,0,0,,,,0.0,0.0,0.0,0.0,0.0,0,0,0
705,a,,,3.9,753,221.0,0,0.0,-1,1.0,0.2,394,143.0,0,0,0.0,537.0,195.0,0,0,0.0,459.0,174.0,0.0,0.0,0.0,18230,11,15058,21,0.0,0.0,0.0,0.0,0.0,0.0,0.0,0.0,0.0,0.0,0.0,525.0,194.0,0.0,518.0,195.0,0.0,481.0,186.0,0.0,528.0,194.0,,,,23,,Elijah,Campbell,Campbell,,,0,0,0,0,0,0,0,0,0,0,0,0,0,,,,0.0,0.0,0.0,0.0,0.0,0,0,0
707,a,,,5.3,199,124.0,0,0.0,-2,2.0,0.0,630,252.0,15,0,1.4,402.0,181.0,0,43,1.3,253.0,109.0,0.2,2.8,0.0,7381,6,6321,20,1.3,1.3,0.2,0.08,0.28,5.82,0.06,0.02,0.08,1.64,40.8,394.0,173.0,48.7,317.0,177.0,28.0,334.0,174.0,11.4,386.0,178.0,,,,23,,Tyler,Dibling,Dibling,,,319,0,0,2,2,0,0,0,2,0,0,4,39,,,,0.0,0.56,0.56,1.13,11.0,7,11,21
728,a,100.0,100.0,5.0,273,168.0,0,0.0,0,0.0,0.0,701,296.0,16,0,1.6,378.0,169.0,0,39,1.8,205.0,88.0,0.4,3.2,0.0,1230,14,1144,3,1.8,1.8,0.5,0.17,0.67,6.27,0.13,0.04,0.17,1.6,61.2,368.0,162.0,65.9,276.0,162.0,32.0,327.0,172.0,15.9,359.0,170.0,,,,23,,Merlin,Röhl,Röhl,,,353,0,0,2,4,0,0,0,0,0,0,2,43,,,,0.0,0.51,1.02,0.51,10.96,15,10,18
779,a,,,4.5,498,68.0,0,0.0,0,0.0,0.0,704,84.0,0,0,0.0,728.0,78.0,0,0,0.0,679.0,69.0,0.0,0.0,0.0,1197,31,400,12,0.0,0.0,0.0,0.0,0.0,0.0,0.0,0.0,0.0,0.0,0.0,727.0,78.0,0.0,722.0,77.0,0.0,705.0,77.0,0.0,727.0,78.0,,,,23,,Braiden,Graham,Graham,,,0,0,0,0,0,0,0,0,0,0,0,0,0,,,,0.0,0.0,0.0,0.0,0.0,0,0,0
314,a,,,4.9,285,11.0,0,0.0,-1,1.0,1.7,147,20.0,70,3,3.0,188.0,17.0,3,316,3.0,105.0,8.0,0.6,14.3,0.0,196739,115,205614,541,3.0,3.0,0.0,0.0,0.0,31.88,0.0,0.0,0.0,1.39,516.4,24.0,7.0,0.0,736.0,86.0,0.0,726.0,80.0,51.5,190.0,8.0,,,,23,,Bernd,Leno,Leno,,,2070,0,0,5,32,0,0,0,3,0,60,23,107,,,,2.61,0.22,1.39,1.0,0.0,2,30,188
315,a,100.0,100.0,4.0,664,49.0,0,0.0,0,0.0,0.0,741,85.0,0,0,0.0,565.0,67.0,0,0,0.0,487.0,62.0,0.0,0.0,0.0,259,13,506,5,0.0,0.0,0.0,0.0,0.0,0.0,0.0,0.0,0.0,0.0,0.0,553.0,67.0,0.0,548.0,56.0,0.0,513.0,41.0,0.0,556.0,67.0,,,,23,,Steven,Benda,Benda,,,0,0,0,0,0,0,0,0,0,0,0,0,0,,,,0.0,0.0,0.0,0.0,0.0,0,0,0
316,a,100.0,100.0,4.9,293,46.0,0,0.0,-1,1.0,0.8,197,75.0,32,1,2.9,200.0,79.0,4,133,2.7,135.0,51.0,0.6,6.5,0.0,132483,219,145935,580,2.7,2.7,0.22,1.09,1.31,12.15,0.03,0.13,0.16,1.5,178.8,241.0,99.0,194.2,122.0,29.0,32.0,326.0,104.0,40.5,236.0,79.0,,,,23,,Antonee,Robinson,Robinson,,,731,0,0,2,8,0,0,0,0,0,0,8,66,,,,0.0,0.25,0.98,0.98,8.0,25,40,43
317,a,100.0,100.0,4.6,390,67.0,0,0.0,1,-1.0,5.4,73,25.0,86,8,3.9,76.0,30.0,5,305,3.8,51.0,22.0,0.8,18.7,0.0,1115215,824,778991,2717,3.8,3.8,0.73,1.41,2.14,28.42,0.03,0.07,0.1,1.32,562.2,15.0,6.0,87.7,237.0,69.0,81.0,237.0,65.0,73.2,99.0,29.0,,,,23,,Joachim,Andersen,Andersen,,,1931,0,1,5,29,0,0,0,4,0,0,22,270,,,,0.0,0.23,1.35,1.03,10.86,29,204,83
318,a,100.0,100.0,4.4,525,111.0,0,0.0,-1,1.0,0.4,282,106.0,55,0,3.4,125.0,48.0,6,178,0.0,588.0,239.0,0.0,12.5,0.0,94799,153,114930,81,0.0,0.0,0.91,0.18,1.09,20.78,0.06,0.01,0.07,1.38,335.2,107.0,47.0,74.1,263.0,80.0,54.0,286.0,87.0,46.5,208.0,69.0,,,,23,,Calvin,Bassey,Bassey,,,1358,1,0,3,25,0,0,0,3,0,0,15,160,,,,0.0,0.2,1.66,0.99,7.95,31,89,66
319,a,,,4.3,570,126.0,0,0.0,-2,2.0,0.1,453,167.0,25,4,1.4,396.0,144.0,0,115,1.3,246.0,92.0,0.3,5.8,0.0,16980,18,22278,24,1.3,1.3,0.94,0.45,1.39,17.86,0.09,0.04,0.13,1.7,194.6,227.0,93.0,121.1,190.0,49.0,83.0,235.0,64.0,40.0,241.0,82.0,,,,23,,Timothy,Castagne,Castagne,,,944,0,1,0,19,0,0,0,3,0,0,10,98,,,,0.0,0.0,1.81,0.95,7.91,20,63,29
320,a,,,4.3,572,128.0,0,0.0,-2,2.0,0.1,521,188.0,10,0,1.2,421.0,154.0,0,29,0.8,292.0,108.0,0.2,2.3,0.0,6427,4,10545,12,0.8,0.8,0.02,0.03,0.05,8.18,0.0,0.01,0.01,1.79,72.4,357.0,135.0,4.3,423.0,154.0,8.0,386.0,143.0,8.5,407.0,146.0,,,,23,,Issa,Diop,Diop,,,412,0,0,0,9,0,0,0,1,0,0,4,42,,,,0.0,0.0,1.97,0.87,7.65,5,30,10
321,a,,,4.3,579,133.0,0,0.0,-2,2.0,0.1,555,200.0,34,4,3.4,124.0,47.0,1,133,3.7,59.0,25.0,0.9,7.9,0.0,4986,13,5372,17,3.7,3.7,0.1,0.08,0.18,10.76,0.01,0.01,0.02,1.29,195.2,225.0,91.0,24.6,365.0,132.0,10.0,378.0,137.0,23.1,322.0,109.0,,,,23,,Jorge,Cuenca Barreno,J.Cuenca,,,753,0,0,2,7,0,0,0,4,0,0,9,99,,,,0.0,0.24,0.84,1.08,11.12,13,80,34
322,d,75.0,75.0,4.5,406,75.0,0,0.0,0,0.0,0.3,302,112.0,65,0,4.1,62.0,27.0,5,251,1.2,263.0,98.0,0.3,14.4,0.0,154598,0,140590,276,0.9,0.9,0.38,0.92,1.3,19.78,0.03,0.06,0.09,1.32,322.4,115.0,49.0,137.2,173.0,43.0,79.0,239.0,67.0,53.9,176.0,57.0,,,,23,,Kenny,Tete,Tete,Lack of match fitness - 75% chance of playing,,1346,1,0,5,18,0,0,0,2,0,0,16,149,,,,0.0,0.33,1.2,1.07,8.42,51,75,56
161,u,0.0,0.0,5.4,172,107.0,0,0.0,-1,1.0,0.0,724,309.0,0,0,0.0,784.0,347.0,0,0,0.0,770.0,340.0,0.0,0.0,0.0,105,0,2937,0,0.0,0.0,0.0,0.0,0.0,0.0,0.0,0.0,0.0,0.0,0.0,784.0,347.0,0.0,783.0,347.0,0.0,779.0,346.0,0.0,784.0,347.0,,,,23,,Julio,Enciso Espínola,Enciso,has joined Strasbourg permanently.,,0,0,0,0,0,0,0,0,0,0,0,0,0,,,,0.0,0.0,0.0,0.0,0.0,0,0,0
162,d,75.0,100.0,5.4,177,111.0,0,0.0,-1,1.0,0.1,542,195.0,35,0,1.9,339.0,149.0,2,114,1.3,255.0,111.0,0.2,6.5,0.0,16445,32,17408,33,1.0,1.3,1.86,0.88,2.74,13.82,0.24,0.11,0.35,1.76,134.4,279.0,126.0,217.1,107.0,77.0,152.0,134.0,78.0,50.0,197.0,104.0,,,,23,,Brajan,Gruda,Gruda,Knock - 75% chance of playing,,708,1,1,2,11,0,0,0,2,0,0,8,58,,,,0.0,0.25,1.4,1.02,7.37,14,4,40
163,a,100.0,100.0,5.1,238,146.0,0,0.0,-4,4.0,0.0,579,216.0,36,0,2.8,215.0,94.0,2,141,1.7,223.0,96.0,0.3,7.1,0.0,8093,22,15375,36,1.7,1.7,0.7,0.34,1.04,15.67,0.1,0.05,0.15,2.15,132.6,283.0,129.0,56.1,302.0,172.0,93.0,221.0,122.0,28.4,298.0,144.0,,,,23,,Jack,Hinshelwood,Hinshelwood,,,655,1,2,1,13,0,0,0,0,0,0,7,65,,,,0.0,0.14,1.79,0.96,8.93,9,23,33
165,u,0.0,0.0,5.4,178,112.0,0,0.0,-1,1.0,0.0,711,302.0,0,0,0.0,785.0,348.0,0,0,0.0,772.0,342.0,0.0,0.0,0.0,247,0,2221,1,0.0,0.0,0.0,0.0,0.0,0.0,0.0,0.0,0.0,0.0,0.0,785.0,348.0,0.0,784.0,348.0,0.0,780.0,347.0,0.0,785.0,348.0,,,,23,,Abdallah,Sima,Sima,has joined Lens permanently.,,0,0,0,0,0,0,0,0,0,0,0,0,0,,,,0.0,0.0,0.0,0.0,0.0,0,0,0
291,a,,,5.8,102,7.0,0,0.0,3,-3.0,13.9,25,8.0,108,0,4.9,19.0,9.0,6,384,5.2,16.0,8.0,0.9,18.6,0.0,2051788,7589,1133988,3968,5.2,5.2,1.15,1.06,2.21,32.16,0.05,0.05,0.1,1.46,576.6,12.0,5.0,167.6,146.0,37.0,170.0,118.0,20.0,91.7,57.0,8.0,,,,23,,James,Tarkowski,Tarkowski,,,1980,0,1,9,25,0,0,0,4,0,0,22,272,,,,0.0,0.41,1.14,1.0,11.18,33,213,53
292,a,100.0,100.0,4.9,310,51.0,0,0.0,-1,1.0,0.8,203,77.0,62,0,3.3,143.0,57.0,1,220,3.7,62.0,27.0,0.8,12.7,0.0,128222,268,130244,370,3.7,3.7,0.27,1.31,1.58,27.12,0.01,0.07,0.08,1.43,306.8,130.0,58.0,187.3,129.0,31.0,56.0,284.0,86.0,55.0,165.0,51.0,,,,23,,Vitalii,Mykolenko,Mykolenko,,,1705,0,0,7,24,0,0,0,4,0,0,19,157,,,,0.0,0.37,1.27,1.0,7.13,26,109,63
293,a,,,4.9,335,56.0,0,0.0,-1,1.0,0.8,201,76.0,76,0,3.5,121.0,44.0,2,256,4.2,36.0,13.0,0.9,15.5,0.0,127529,530,99843,402,4.2,4.2,0.6,0.54,1.14,31.34,0.03,0.03,0.06,1.53,339.8,102.0,44.0,170.2,142.0,35.0,90.0,225.0,59.0,60.3,145.0,46.0,,,,23,,Jake,O'Brien,O'Brien,,,1848,0,1,8,24,0,0,0,1,0,0,20,168,,,,0.0,0.39,1.17,0.97,6.82,29,111,69
294,a,100.0,100.0,4.2,618,143.0,0,0.0,-3,3.0,0.1,482,174.0,3,0,1.0,438.0,163.0,0,10,0.0,539.0,223.0,0.0,0.7,0.0,5113,10,16963,4,0.0,0.0,0.0,0.0,0.0,0.24,0.0,0.0,0.0,1.96,0.0,602.0,241.0,0.1,463.0,169.0,0.0,564.0,237.0,0.0,606.0,242.0,,,,23,,Séamus,Coleman,Coleman,,,11,0,0,0,0,0,0,0,0,0,0,1,0,,,,0.0,0.0,0.0,8.18,0.0,0,0,1
307,a,,,4.4,540,324.0,0,0.0,-1,1.0,0.0,599,229.0,0,0,0.0,652.0,252.0,0,0,0.0,594.0,214.0,0.0,0.0,0.0,4033,5,5711,6,0.0,0.0,0.0,0.0,0.0,0.0,0.0,0.0,0.0,0.0,0.0,642.0,243.0,0.0,640.0,248.0,0.0,615.0,237.0,0.0,645.0,245.0,,,,23,,Coby,Ebere,Ebere,,,0,0,0,0,0,0,0,0,0,0,0,0,0,,,,0.0,0.0,0.0,0.0,0.0,0,0,0
506,d,75.0,75.0,5.2,221,31.0,0,0.0,-3,3.0,1.9,136,54.0,54,0,3.4,131.0,52.0,3,204,2.8,123.0,43.0,0.5,10.4,0.0,194538,74,728935,1049,2.1,2.1,0.48,0.41,0.89,20.89,0.03,0.03,0.06,1.37,382.8,78.0,34.0,76.9,257.0,76.0,67.0,261.0,73.0,52.8,182.0,60.0,,3.0,,23,,Murillo,Costa dos Santos,Murillo,Hamstring injury - 75% chance of playing,,1369,1,0,3,22,1,0,0,3,0,0,16,185,,,,0.0,0.2,1.45,1.05,10.06,26,127,66
507,a,100.0,100.0,4.7,376,64.0,0,0.0,-3,3.0,1.9,133,53.0,14,0,2.3,273.0,106.0,0,54,1.3,249.0,94.0,0.3,3.0,0.0,238044,226,1587669,72,1.3,1.3,0.08,0.42,0.5,9.27,0.01,0.07,0.08,1.61,93.8,325.0,126.0,63.8,280.0,89.0,39.0,309.0,98.0,19.7,343.0,119.0,,,,23,,Ola,Aina,Aina,,,518,0,0,1,8,0,0,0,2,0,0,6,62,,,,0.0,0.17,1.39,1.04,7.3,10,32,29
508,a,,,4.7,379,65.0,0,0.0,-3,3.0,3.1,102,40.0,65,0,3.0,186.0,72.0,7,319,2.2,179.0,70.0,0.5,13.8,0.0,355427,257,1088249,474,2.2,2.2,1.35,2.19,3.54,30.92,0.06,0.1,0.16,1.41,489.6,34.0,15.0,341.7,44.0,5.0,214.0,86.0,9.0,104.7,36.0,2.0,4.0,,,23,,Neco,Williams,N.Williams,,,1980,1,1,4,34,0,0,0,4,0,0,22,188,,,,0.0,0.18,1.55,1.0,6.73,65,83,99
513,a,,,3.8,795,256.0,0,0.0,-2,2.0,0.3,336,124.0,1,0,1.0,432.0,158.0,0,5,0.0,430.0,166.0,0.0,0.3,0.0,25251,34,25073,55,0.0,0.0,0.0,0.0,0.0,0.63,0.0,0.0,0.0,1.26,15.6,434.0,161.0,0.6,450.0,165.0,0.0,452.0,179.0,1.6,453.0,163.0,,,,23,,Zach,Abbott,Abbott,,,45,0,0,0,1,0,0,0,0,0,0,0,7,,,,0.0,0.0,2.0,0.0,14.0,1,6,1
550,a,,,4.8,356,224.0,0,0.0,-2,2.0,0.0,655,269.0,0,0,0.0,740.0,316.0,0,0,0.0,697.0,289.0,0.0,0.0,0.0,870,1,2535,3,0.0,0.0,0.0,0.0,0.0,0.0,0.0,0.0,0.0,0.0,0.0,739.0,315.0,0.0,734.0,315.0,0.0,722.0,311.0,0.0,739.0,315.0,,,,23,,Ian,Poveda-Ocampo,Poveda,,,0,0,0,0,0,0,0,0,0,0,0,0,0,,,,0.0,0.0,0.0,0.0,0.0,0,0,0
5,a,100.0,100.0,6.9,42,1.0,0,0.0,9,-9.0,36.7,5,2.0,120,0,7.5,1.0,1.0,18,390,6.5,2.0,2.0,0.9,17.4,0.0,7056440,19967,4949712,692,7.5,7.5,1.7,0.77,2.47,9.29,0.11,0.05,0.16,0.62,463.2,41.0,19.0,74.6,261.0,79.0,163.0,124.0,21.0,69.9,107.0,34.0,,,,23,,Gabriel,dos Santos Magalhães,Gabriel,,,1355,3,2,10,7,0,0,0,1,0,0,15,145,,,,0.0,0.66,0.46,1.0,8.63,15,115,22
6,a,100.0,100.0,6.0,86,4.0,0,0.0,0,0.0,12.2,36,12.0,69,0,3.8,91.0,36.0,4,316,3.3,85.0,29.0,0.6,11.5,0.0,1461141,4140,1927702,1238,4.3,4.3,0.38,0.46,0.84,10.95,0.02,0.03,0.05,0.68,286.6,148.0,62.0,75.0,260.0,78.0,30.0,330.0,107.0,39.2,246.0,85.0,,,,23,,William,Saliba,Saliba,,,1444,0,0,8,9,0,0,0,0,0,0,17,129,,,,0.0,0.5,0.56,1.06,6.11,20,78,68
7,d,75.0,75.0,5.6,132,15.0,0,0.0,1,-1.0,6.2,65,22.0,77,0,4.8,24.0,12.0,4,287,0.0,783.0,261.0,0.0,13.8,0.0,2531458,264,2345918,1665,0.8,0.8,2.49,0.36,2.85,7.09,0.18,0.03,0.21,0.51,222.0,195.0,77.0,104.8,212.0,55.0,219.0,81.0,8.0,54.5,171.0,55.0,,,,23,,Riccardo,Calafiori,Calafiori,Lack of match fitness - 75% chance of playing,,1256,1,2,9,7,0,0,0,5,0,0,16,124,,,,0.0,0.64,0.5,1.15,6.09,28,57,57
8,a,100.0,100.0,6.3,69,2.0,0,0.0,8,-8.0,28.2,10,3.0,109,0,5.2,14.0,6.0,7,391,3.8,58.0,24.0,0.6,17.3,0.0,5694466,9165,2871678,5484,4.8,4.8,4.16,0.87,5.03,11.56,0.22,0.05,0.27,0.6,375.4,84.0,38.0,279.4,72.0,14.0,321.0,45.0,1.0,97.9,48.0,5.0,,,,23,,Jurriën,Timber,J.Timber,,,1729,2,4,10,12,0,0,0,3,0,0,19,136,,,,0.0,0.52,0.62,0.99,5.52,46,60,67
9,u,0.0,0.0,5.4,171,21.0,0,0.0,-1,1.0,0.0,581,210.0,0,0,0.0,783.0,262.0,0,0,0.0,769.0,260.0,0.0,0.0,0.0,1119,0,10829,1,0.0,0.0,0.0,0.0,0.0,0.0,0.0,0.0,0.0,0.0,0.0,783.0,262.0,0.0,782.0,262.0,0.0,778.0,261.0,0.0,783.0,262.0,,,,23,,Jakub,Kiwior,Kiwior,has joined Porto on loan for the rest of the season.,,0,0,0,0,0,0,0,0,0,0,0,0,0,,,,0.0,0.0,0.0,0.0,0.0,0,0,0
10,a,,,5.1,237,37.0,0,0.0,-4,4.0,1.5,154,59.0,12,0,0.9,485.0,167.0,0,36,0.5,331.0,120.0,0.1,2.4,0.0,129259,121,450887,185,1.5,1.5,0.05,0.06,0.11,5.26,0.01,0.02,0.03,1.52,31.2,408.0,155.0,45.5,322.0,108.0,18.0,365.0,128.0,9.4,399.0,143.0,,,,23,,Myles,Lewis-Skelly,Lewis-Skelly,,,311,0,0,0,5,0,0,0,3,0,0,1,21,,,,0.0,0.0,1.45,0.29,4.05,4,10,14
11,a,100.0,100.0,5.1,226,32.0,0,0.0,-4,4.0,0.6,237,89.0,29,0,4.8,22.0,10.0,3,110,1.2,265.0,99.0,0.2,5.7,0.0,336928,283,380738,120,2.2,2.2,0.43,0.47,0.9,5.86,0.1,0.11,0.21,1.4,100.8,316.0,122.0,91.7,231.0,65.0,44.0,302.0,95.0,23.6,320.0,108.0,,,,23,,Benjamin,White,White,,,377,0,1,3,3,0,0,0,0,0,0,5,35,,,,0.0,0.72,0.72,1.19,7.4,12,19,18
13,a,,,3.8,797,258.0,0,0.0,-2,2.0,0.4,259,98.0,0,0,0.0,510.0,189.0,0,0,0.0,431.0,167.0,0.0,0.0,0.0,49994,34,72539,81,1.0,1.0,0.0,0.0,0.0,0.0,0.0,0.0,0.0,0.0,0.0,498.0,188.0,0.0,490.0,189.0,0.0,453.0,180.0,0.0,501.0,188.0,,,,23,,Brayden,Clarke,Clarke,,,0,0,0,0,0,0,0,0,0,0,0,0,0,,,,0.0,0.0,0.0,0.0,0.0,0,0,0
14,u,0.0,0.0,3.9,764,226.0,0,0.0,-1,1.0,0.1,472,172.0,0,0,0.0,548.0,200.0,0,0,0.0,470.0,179.0,0.0,0.0,0.0,10218,0,22274,5,0.0,0.0,0.0,0.0,0.0,0.0,0.0,0.0,0.0,0.0,0.0,536.0,199.0,0.0,529.0,200.0,0.0,492.0,191.0,0.0,539.0,199.0,,,,23,,Maldini,Kacurri,Kacurri,has joined Morecambe on loan for the rest of the season.,,0,0,0,0,0,0,0,0,0,0,0,0,0,,,,0.0,0.0,0.0,0.0,0.0,0,0,0
15,a,,,3.8,786,247.0,0,0.0,-2,2.0,0.2,385,140.0,0,0,0.0,503.0,182.0,0,0,0.0,423.0,159.0,0.0,0.0,0.0,16944,9,24498,24,1.0,1.0,0.0,0.0,0.0,0.0,0.0,0.0,0.0,0.0,0.0,491.0,181.0,0.0,482.0,181.0,0.0,444.0,171.0,0.0,494.0,181.0,,,,23,,Josh,Nichols,Nichols,,,0,0,0,0,0,0,0,0,0,0,0,0,0,,,,0.0,0.0,0.0,0.0,0.0,0,0,0
16,a,100.0,100.0,10.1,5,3.0,0,0.0,1,-1.0,17.6,20,8.0,99,0,5.0,17.0,8.0,10,375,3.5,76.0,33.0,0.3,9.8,0.0,3920446,3818,3638779,11479,4.5,4.5,5.51,4.68,10.19,9.24,0.34,0.29,0.63,0.57,402.6,66.0,19.0,582.6,6.0,6.0,531.0,10.0,4.0,151.7,6.0,4.0,2.0,,1.0,23,,Bukayo,Saka,Saka,,,1453,4,7,8,9,0,0,0,1,0,0,16,110,,,,0.0,0.5,0.56,0.99,6.81,26,8,76
17,a,100.0,100.0,7.8,17,12.0,0,0.0,-2,2.0,2.4,118,39.0,49,0,3.1,180.0,78.0,5,208,4.3,34.0,15.0,0.6,6.3,0.0,361034,893,524730,1272,5.3,5.3,0.87,2.59,3.46,10.91,0.08,0.25,0.33,1.06,221.0,196.0,84.0,388.5,32.0,31.0,130.0,163.0,95.0,74.0,97.0,55.0,4.0,,3.0,23,,Martin,Ødegaard,Ødegaard,,,926,1,3,4,8,0,0,0,0,0,0,12,71,,,,0.0,0.39,0.78,1.17,6.9,14,13,44
18,a,100.0,100.0,6.8,46,28.0,0,0.0,-2,2.0,0.6,222,77.0,21,0,1.6,381.0,172.0,0,85,0.8,304.0,138.0,0.1,3.1,0.0,211959,93,282189,109,1.8,1.8,0.6,1.61,2.21,7.11,0.1,0.26,0.36,1.14,73.0,355.0,157.0,190.2,124.0,90.0,195.0,101.0,60.0,45.8,213.0,107.0,3.0,,,23,,Noni,Madueke,Madueke,,,561,0,0,3,5,0,0,0,0,0,0,7,31,,,,0.0,0.48,0.8,1.12,4.97,7,9,15
19,a,100.0,100.0,6.8,47,29.0,0,0.0,-2,2.0,0.9,195,66.0,29,0,1.7,369.0,163.0,1,89,1.2,275.0,122.0,0.2,4.3,0.0,140731,251,221732,141,2.2,2.2,2.57,0.23,2.8,5.56,0.42,0.04,0.46,0.92,78.6,344.0,153.0,71.4,268.0,159.0,207.0,91.0,55.0,35.2,264.0,130.0,,,,23,,Gabriel,Martinelli Silva,Martinelli,,,545,1,1,2,3,0,0,0,2,0,0,7,34,,,,0.0,0.33,0.5,1.16,5.61,7,6,21
20,a,100.0,100.0,6.9,41,25.0,0,0.0,-1,1.0,1.5,152,51.0,81,0,4.5,41.0,19.0,9,278,3.2,97.0,47.0,0.5,11.7,0.0,447372,1001,317482,1511,4.2,4.2,4.17,2.05,6.22,8.38,0.32,0.16,0.48,0.64,336.8,104.0,35.0,324.9,50.0,42.0,351.0,37.0,21.0,101.4,44.0,31.0,,,4.0,23,,Leandro,Trossard,Trossard,,,1173,5,4,6,9,0,0,0,1,0,0,12,72,,,,0.0,0.46,0.69,0.92,5.52,14,13,45
24,a,100.0,100.0,5.1,224,138.0,0,0.0,-4,4.0,0.1,428,145.0,3,0,1.0,474.0,224.0,0,11,0.2,401.0,187.0,0.0,0.6,0.0,6503,16,59868,18,1.2,1.2,0.05,0.0,0.05,2.16,0.15,0.0,0.15,6.27,14.6,435.0,196.0,0.4,455.0,222.0,7.0,401.0,197.0,2.3,445.0,203.0,,,,23,,Christian,Nørgaard,Nørgaard,,,31,0,0,0,1,0,0,0,0,0,0,0,8,,,,0.0,0.0,2.9,0.0,23.23,0,5,3
25,u,0.0,0.0,5.0,268,163.0,0,0.0,-5,5.0,0.1,431,147.0,8,0,1.3,413.0,186.0,0,20,0.0,739.0,319.0,0.0,1.6,0.0,13149,0,35477,91,0.0,0.0,0.23,0.08,0.31,0.73,0.13,0.04,0.17,0.4,8.6,441.0,200.0,22.5,369.0,190.0,24.0,347.0,180.0,5.4,423.0,190.0,,,,23,,Ethan,Nwaneri,Nwaneri,has joined Marseille on loan for the rest of the season.,,165,0,0,1,0,0,0,0,0,0,0,0,13,,,,0.0,0.55,0.0,0.0,7.09,2,1,10
26,a,100.0,100.0,5.2,215,133.0,0,0.0,-3,3.0,2.2,120,40.0,80,0,3.6,116.0,54.0,5,373,3.5,70.0,28.0,0.7,15.4,0.0,741149,973,775561,630,4.5,4.5,1.87,1.46,3.33,14.87,0.09,0.07,0.16,0.72,387.6,74.0,24.0,292.7,65.0,52.0,146.0,143.0,83.0,82.8,77.0,46.0,,,,23,,Martín,Zubimendi Ibáñez,Zubimendi,,,1848,3,1,11,13,0,0,0,4,0,0,21,188,,,,0.0,0.54,0.63,1.02,9.16,39,76,73
28,u,0.0,0.0,4.5,479,294.0,0,0.0,0,0.0,0.1,471,161.0,0,0,0.0,712.0,295.0,0,0,0.0,662.0,262.0,0.0,0.0,0.0,6731,0,29980,5,0.0,0.0,0.0,0.0,0.0,0.0,0.0,0.0,0.0,0.0,0.0,710.0,293.0,0.0,705.0,293.0,0.0,688.0,288.0,0.0,710.0,293.0,,,,23,,Ismeal,Kabia,Kabia,has joined Shrewsbury Town on loan for the rest of the season.,,0,0,0,0,0,0,0,0,0,0,0,0,0,,,,0.0,0.0,0.0,0.0,0.0,0,0,0
29,u,0.0,0.0,4.5,422,253.0,0,0.0,0,0.0,0.1,576,214.0,0,0,0.0,676.0,265.0,0,0,0.0,623.0,230.0,0.0,0.0,0.0,2952,0,13947,3,0.0,0.0,0.0,0.0,0.0,0.0,0.0,0.0,0.0,0.0,0.0,669.0,259.0,0.0,667.0,262.0,0.0,646.0,254.0,0.0,672.0,261.0,,,,23,,Albert,Sambi Lokonga,Sambi,has joined Hamburger permanently.,,0,0,0,0,0,0,0,0,0,0,0,0,0,,,,0.0,0.0,0.0,0.0,0.0,0,0,0
30,a,100.0,100.0,7.3,26,9.0,0,0.0,-2,2.0,0.3,292,48.0,1,0,1.0,482.0,58.0,0,4,0.0,799.0,87.0,0.0,0.1,0.0,13953,95,113274,63,1.0,1.0,0.0,0.01,0.01,0.82,0.0,0.03,0.03,2.46,2.8,462.0,53.0,0.8,449.0,55.0,2.0,431.0,58.0,0.6,467.0,57.0,,,,23,,Kai,Havertz,Havertz,,,30,0,0,0,0,0,0,0,0,0,0,0,3,,,,0.0,0.0,0.0,0.0,9.0,0,1,2
31,a,100.0,100.0,6.4,57,20.0,0,0.0,-1,1.0,0.4,278,44.0,10,0,1.4,404.0,46.0,0,41,1.3,258.0,33.0,0.2,1.6,0.0,68389,1955,37541,247,2.3,2.3,0.98,0.12,1.1,2.75,0.59,0.07,0.66,1.66,57.2,378.0,39.0,7.3,416.0,51.0,129.0,165.0,38.0,19.2,345.0,40.0,,,,23,,Gabriel,Fernando de Jesus,G.Jesus,,,149,1,0,0,3,0,0,0,1,0,0,0,17,,,,0.0,0.0,1.81,0.0,10.27,4,3,10
266,a,,,7.3,28,19.0,0,0.0,-2,2.0,8.4,48,17.0,68,0,4.0,74.0,33.0,6,263,0.3,367.0,166.0,0.0,9.3,0.0,3226195,432,3566654,2575,1.3,1.3,2.54,1.41,3.95,6.13,0.23,0.13,0.36,0.54,254.8,173.0,69.0,158.9,154.0,105.0,283.0,61.0,38.0,69.6,109.0,59.0,,,,23,,Eberechi,Eze,Eze,,,1014,4,3,6,6,0,0,0,0,0,0,12,66,,,,0.0,0.53,0.53,1.07,5.86,12,13,41
662,a,100.0,100.0,5.3,200,27.0,0,0.0,-2,2.0,0.1,429,158.0,17,0,1.7,366.0,136.0,1,85,0.0,760.0,257.0,0.0,3.2,0.0,42426,53,50238,9,1.0,1.0,0.0,0.43,0.43,2.68,0.0,0.09,0.09,0.56,84.0,335.0,128.0,23.2,368.0,133.0,8.0,393.0,147.0,11.5,385.0,138.0,,,,23,,Cristhian,Mosquera,Mosquera,,,429,0,0,1,4,0,0,0,1,0,0,4,48,,,,0.0,0.21,0.84,0.84,7.34,11,24,17
666,a,100.0,100.0,8.7,9,5.0,0,0.0,-3,3.0,9.3,46,9.0,55,0,2.8,222.0,22.0,4,184,1.5,242.0,31.0,0.2,6.3,0.0,2641246,1879,4553164,965,2.5,2.5,6.37,0.9,7.27,9.42,0.43,0.06,0.49,0.63,199.8,220.0,19.0,138.8,169.0,14.0,436.0,22.0,13.0,76.9,88.0,15.0,,,2.0,23,,Viktor,Gyökeres,Gyökeres,,,1345,5,0,9,6,0,0,0,3,0,0,17,48,,,,0.0,0.6,0.4,1.14,3.21,4,14,30
700,i,0.0,0.0,4.2,641,361.0,0,0.0,-3,3.0,0.3,298,100.0,5,0,2.5,250.0,107.0,0,13,0.0,554.0,192.0,0.0,1.2,0.0,137357,325,115092,247,0.0,0.0,0.14,0.02,0.16,0.12,0.47,0.07,0.54,0.4,1.0,473.0,219.0,0.8,447.0,217.0,26.0,338.0,177.0,2.8,441.0,201.0,,,,23,,Max,Dowman,Dowman,Ankle injury - Unknown return date,,27,0,1,0,0,0,0,0,0,0,0,0,3,,,,0.0,0.0,0.0,0.0,10.0,2,0,1
711,a,,,4.4,561,337.0,0,0.0,-1,1.0,0.0,695,295.0,0,0,0.0,665.0,259.0,0,0,0.0,609.0,223.0,0.0,0.0,0.0,1663,4,1555,2,1.0,1.0,0.0,0.0,0.0,0.0,0.0,0.0,0.0,0.0,0.0,658.0,253.0,0.0,654.0,256.0,0.0,631.0,247.0,0.0,661.0,255.0,,,,23,,Andre,Harriman-Annous,Harriman-Annous,,,0,0,0,0,0,0,0,0,0,0,0,0,0,,,,0.0,0.0,0.0,0.0,0.0,0,0,0
725,d,75.0,75.0,5.2,214,30.0,0,0.0,-3,3.0,0.7,215,81.0,35,0,2.9,203.0,80.0,2,147,0.8,299.0,109.0,0.2,6.7,0.0,457638,14,376005,1221,1.4,1.4,0.0,0.74,0.74,9.45,0.0,0.07,0.07,0.96,188.6,235.0,97.0,58.3,297.0,97.0,20.0,359.0,123.0,26.6,306.0,104.0,,,,23,,Piero,Hincapié,Hincapie,Lack of match fitness - 75% chance of playing,,889,0,0,2,9,0,0,0,2,0,0,10,80,,,,0.0,0.2,0.91,1.01,8.1,19,61,36
35,u,0.0,0.0,4.0,670,51.0,0,0.0,0,0.0,0.0,727,84.0,0,0,0.0,570.0,69.0,0,0,0.0,492.0,64.0,0.0,0.0,0.0,0,0,1228,1,0.0,0.0,0.0,0.0,0.0,0.0,0.0,0.0,0.0,0.0,0.0,558.0,69.0,0.0,553.0,58.0,0.0,518.0,43.0,0.0,561.0,69.0,,,,23,,Filip,Marschall,Marschall,Has joined Stevenage permanently.,,0,0,0,0,0,0,0,0,0,0,0,0,0,,,,0.0,0.0,0.0,0.0,0.0,0,0,0
36,a,100.0,100.0,4.8,353,58.0,0,0.0,3,-3.0,11.1,40,13.0,89,0,4.2,57.0,26.0,6,328,2.3,166.0,63.0,0.5,18.5,0.0,2447810,2916,1435391,3901,2.3,2.3,0.7,1.91,2.61,27.25,0.03,0.09,0.12,1.32,445.0,48.0,22.0,315.8,53.0,9.0,127.0,168.0,33.0,88.8,60.0,10.0,1.0,,,23,,Matty,Cash,Cash,,,1861,3,2,6,20,0,0,0,5,0,0,21,142,,,,0.0,0.29,0.97,1.02,5.75,36,83,53
41,a,100.0,100.0,4.3,578,132.0,0,0.0,-2,2.0,0.3,315,116.0,41,0,3.2,149.0,61.0,2,183,0.3,343.0,125.0,0.1,9.5,0.0,62216,63,89141,40,0.3,0.3,0.22,0.26,0.48,14.7,0.02,0.02,0.04,1.27,222.2,194.0,76.0,29.0,355.0,126.0,28.0,333.0,109.0,28.1,299.0,100.0,,,,23,,Pau,Torres,Pau,,,1042,0,1,3,12,1,0,0,0,0,0,11,105,,,,0.0,0.26,1.04,0.95,6.74,17,61,57
42,a,100.0,100.0,3.9,766,228.0,0,0.0,-1,1.0,0.2,358,131.0,1,0,0.5,488.0,168.0,0,-3,0.2,371.0,138.0,0.1,0.3,0.0,27141,26,37355,31,0.2,0.2,0.0,0.01,0.01,1.52,0.0,0.03,0.03,4.56,0.6,475.0,169.0,1.5,438.0,160.0,0.0,493.0,192.0,0.2,479.0,170.0,,,,23,,Andrés,García,A.García,,,30,0,0,0,2,0,0,0,0,0,0,0,0,,,,0.0,0.0,6.0,0.0,0.0,0,0,2
43,u,0.0,0.0,4.0,650,159.0,0,0.0,0,0.0,1.7,145,57.0,0,0,0.0,554.0,203.0,0,0,0.0,476.0,182.0,0.0,0.0,0.0,44476,0,879364,112,0.0,0.0,0.0,0.0,0.0,0.0,0.0,0.0,0.0,0.0,0.0,542.0,202.0,0.0,536.0,203.0,0.0,500.0,195.0,0.0,545.0,202.0,,,,23,,Álex,Moreno Lopera,Alex Moreno,Has joined Girona permanently.,,0,0,0,0,0,0,0,0,0,0,0,0,0,,,,0.0,0.0,0.0,0.0,0.0,0,0,0
44,a,100.0,100.0,4.0,686,179.0,0,0.0,0,0.0,0.5,245,93.0,22,0,1.3,405.0,148.0,3,71,0.3,340.0,123.0,0.1,5.5,0.0,95982,102,81453,95,0.3,0.3,0.0,0.14,0.14,8.21,0.0,0.02,0.02,1.47,67.0,363.0,139.0,40.3,333.0,113.0,8.0,384.0,141.0,11.5,381.0,136.0,,,,23,,Lamare,Bogarde,Bogarde,,,504,0,0,1,7,0,0,0,5,0,0,5,37,,,,0.0,0.18,1.25,0.89,5.0,12,16,16
45,a,,,3.8,787,248.0,0,0.0,-2,2.0,0.3,318,118.0,0,0,0.0,504.0,183.0,0,0,0.0,424.0,160.0,0.0,0.0,0.0,19024,121,31898,37,0.0,0.0,0.0,0.0,0.0,0.0,0.0,0.0,0.0,0.0,0.0,492.0,182.0,0.0,483.0,182.0,0.0,445.0,172.0,0.0,495.0,182.0,,,,23,,Lino,da Cruz Sousa,Sousa,,,0,0,0,0,0,0,0,0,0,0,0,0,0,,,,0.0,0.0,0.0,0.0,0.0,0,0,0
46,u,0.0,0.0,4.0,702,192.0,0,0.0,0,0.0,0.1,450,165.0,0,0,0.0,597.0,228.0,0,0,0.0,521.0,209.0,0.0,0.0,0.0,4656,0,20574,16,0.0,0.0,0.0,0.0,0.0,0.0,0.0,0.0,0.0,0.0,0.0,585.0,227.0,0.0,580.0,228.0,0.0,546.0,222.0,0.0,588.0,227.0,,,,23,,Yasin,Özcan,Yasin,has joined Anderlecht on loan for the rest of the season.,,0,0,0,0,0,0,0,0,0,0,0,0,0,,,,0.0,0.0,0.0,0.0,0.0,0,0,0
47,a,100.0,100.0,7.7,18,13.0,0,0.0,7,-7.0,31.1,9,3.0,103,0,4.7,28.0,12.0,10,357,2.0,202.0,87.0,0.3,13.4,0.0,5015554,9156,2205172,16498,2.0,2.0,4.24,2.38,6.62,30.66,0.19,0.11,0.3,1.41,458.0,45.0,10.0,384.4,35.0,34.0,492.0,16.0,7.0,133.3,13.0,10.0,,,,23,,Morgan,Rogers,Rogers,,,1957,7,4,6,25,0,0,0,4,0,0,22,126,,,,0.0,0.28,1.15,1.01,5.79,21,28,77
48,a,100.0,100.0,5.9,94,59.0,0,0.0,-1,1.0,1.1,177,61.0,49,0,3.1,175.0,75.0,3,270,3.5,73.0,31.0,0.6,8.3,0.0,155946,586,289178,539,3.5,3.5,0.97,2.24,3.21,20.99,0.07,0.16,0.23,1.55,284.0,151.0,56.0,360.0,42.0,39.0,147.0,141.0,81.0,79.1,85.0,52.0,3.0,,,23,,Youri,Tielemans,Tielemans,,,1222,0,4,3,17,0,0,0,0,0,0,14,127,,,,0.0,0.22,1.25,1.03,9.35,37,25,65
57,u,0.0,0.0,5.0,258,158.0,0,0.0,0,0.0,0.0,653,267.0,0,0,0.0,763.0,333.0,0,0,0.0,734.0,315.0,0.0,0.0,0.0,889,0,5401,0,0.0,0.0,0.0,0.0,0.0,0.0,0.0,0.0,0.0,0.0,0.0,762.0,332.0,0.0,759.0,332.0,0.0,753.0,330.0,0.0,762.0,332.0,,,,23,,Lewis,Dobbin,Dobbin,Has joined Preston North End on loan for the rest of the season.,,0,0,0,0,0,0,0,0,0,0,0,0,0,,,,0.0,0.0,0.0,0.0,0.0,0,0,0
58,i,0.0,0.0,4.9,311,193.0,0,0.0,-1,1.0,0.3,304,102.0,61,0,3.4,128.0,56.0,7,282,1.3,250.0,106.0,0.3,12.4,0.0,111171,4,102205,534,0.0,0.0,0.53,0.84,1.36,20.8,0.03,0.05,0.08,1.33,325.0,111.0,38.0,241.3,93.0,70.0,75.0,249.0,137.0,64.2,131.0,71.0,,,,23,,Boubacar,Kamara,Kamara,Knee injury - Unknown return date,,1410,1,3,5,15,0,0,0,5,0,0,17,149,,,,0.0,0.32,0.96,1.09,9.51,38,46,65
59,a,100.0,100.0,4.8,364,228.0,0,0.0,-2,2.0,0.6,231,80.0,46,0,3.3,140.0,61.0,3,210,0.3,357.0,159.0,0.1,9.6,0.0,134847,178,260654,122,0.3,0.3,0.43,0.21,0.64,14.1,0.04,0.02,0.06,1.43,242.2,180.0,74.0,60.6,290.0,167.0,67.0,260.0,141.0,37.0,259.0,125.0,,,,23,,Amadou,Onana,Onana,,,886,2,0,3,11,0,0,0,2,0,0,11,118,,,,0.0,0.3,1.12,1.12,11.99,27,54,37
60,a,,,4.4,552,331.0,0,0.0,-1,1.0,0.3,320,107.0,0,0,0.0,660.0,256.0,0,0,0.0,603.0,219.0,0.0,0.0,0.0,37667,34,46926,48,0.0,0.0,0.0,0.0,0.0,0.0,0.0,0.0,0.0,0.0,0.0,652.0,249.0,0.0,649.0,253.0,0.0,625.0,243.0,0.0,655.0,251.0,,,,23,,Ben,Broggio,Broggio,,,0,0,0,0,0,0,0,0,0,0,0,0,0,,,,0.0,0.0,0.0,0.0,0.0,0,0,0
65,u,0.0,0.0,4.5,476,65.0,0,0.0,0,0.0,0.3,312,52.0,0,0,0.0,710.0,75.0,0,0,0.0,660.0,66.0,0.0,0.0,0.0,17574,0,84099,19,0.0,0.0,0.0,0.0,0.0,0.0,0.0,0.0,0.0,0.0,0.0,707.0,75.0,0.0,703.0,74.0,0.0,686.0,74.0,0.0,708.0,75.0,,,,23,,Zépiqueno,Redmond,Redmond,has joined Huddersfield Town on loan for the rest of the season.,,0,0,0,0,0,0,0,0,0,0,0,0,0,,,,0.0,0.0,0.0,0.0,0.0,0,0,0
389,a,100.0,100.0,5.1,233,144.0,0,0.0,-4,4.0,0.2,393,133.0,4,0,1.0,475.0,225.0,0,13,0.0,750.0,328.0,0.0,0.8,0.0,92266,37,100784,22,0.0,0.0,0.19,0.06,0.25,1.74,0.18,0.06,0.24,1.61,8.6,442.0,201.0,17.8,380.0,191.0,18.0,364.0,185.0,4.4,432.0,195.0,,,,23,,Harvey,Elliott,Elliott,,,97,0,0,0,2,0,0,0,0,0,0,1,5,,,,0.0,0.0,1.86,0.93,4.64,0,2,3
456,a,100.0,100.0,5.8,105,68.0,0,0.0,-2,2.0,0.2,367,124.0,14,0,1.3,417.0,189.0,0,44,1.2,268.0,115.0,0.2,2.4,0.0,38686,145,42764,48,1.2,1.2,0.38,0.59,0.97,4.11,0.11,0.18,0.29,1.22,39.0,398.0,175.0,85.4,239.0,145.0,105.0,203.0,112.0,23.1,323.0,156.0,,,,23,,Jadon,Sancho,Sancho,,,302,0,0,1,2,0,0,0,0,0,0,2,16,,,,0.0,0.3,0.6,0.6,4.77,1,8,7
677,a,100.0,100.0,6.2,77,50.0,0,0.0,-3,3.0,0.0,620,243.0,25,0,1.9,341.0,150.0,0,82,0.3,364.0,163.0,0.0,4.0,0.0,6631,14,11948,9,0.3,0.3,1.19,0.41,1.6,8.82,0.18,0.06,0.24,1.36,92.8,329.0,143.0,55.0,305.0,173.0,136.0,156.0,91.0,28.0,300.0,145.0,,,,23,,Evann,Guessand,Guessand,,,583,0,2,1,10,0,0,0,0,0,0,6,55,,,,0.0,0.15,1.54,0.93,8.49,18,10,27
688,a,,,3.9,749,80.0,0,0.0,-1,1.0,0.6,230,31.0,0,0,0.0,533.0,49.0,0,0,0.0,455.0,44.0,0.0,0.0,0.0,57959,38,39631,83,0.0,0.0,0.0,0.0,0.0,0.0,0.0,0.0,0.0,0.0,0.0,521.0,49.0,0.0,514.0,36.0,0.0,477.0,21.0,0.0,524.0,49.0,,,,23,,James,Wright,Wright,,,0,0,0,0,0,0,0,0,0,0,0,0,0,,,,0.0,0.0,0.0,0.0,0.0,0,0,0
701,u,0.0,0.0,4.0,698,188.0,0,0.0,0,0.0,0.1,522,189.0,0,0,0.0,594.0,225.0,0,0,0.0,518.0,206.0,0.0,0.0,0.0,8943,0,10474,6,0.0,0.0,0.0,0.0,0.0,0.0,0.0,0.0,0.0,0.0,0.0,582.0,224.0,0.0,577.0,225.0,0.0,543.0,219.0,0.0,585.0,224.0,,,,23,,Triston,Rowe,Rowe,has joined Annecy on loan for the rest of the season.,,0,0,0,0,0,0,0,0,0,0,0,0,0,,,,0.0,0.0,0.0,0.0,0.0,0,0,0
702,a,,,4.4,560,336.0,0,0.0,-1,1.0,0.1,527,187.0,1,0,1.0,450.0,204.0,0,3,0.0,608.0,222.0,0.0,0.2,0.0,9146,5,8274,11,0.0,0.0,0.0,0.0,0.0,0.9,0.0,0.0,0.0,5.06,0.0,657.0,252.0,0.3,458.0,224.0,0.0,630.0,246.0,0.0,660.0,254.0,,,,23,,Bradley,Burrowes,Burrowes,,,16,0,0,0,1,0,0,0,0,0,0,0,1,,,,0.0,0.0,5.62,0.0,5.62,0,0,1
703,a,,,3.9,760,88.0,0,0.0,-1,1.0,0.6,229,30.0,0,0,0.0,544.0,57.0,0,0,0.0,466.0,52.0,0.0,0.0,0.0,81030,132,32207,178,0.0,0.0,0.0,0.0,0.0,0.0,0.0,0.0,0.0,0.0,0.0,532.0,57.0,0.0,525.0,44.0,0.0,488.0,29.0,0.0,535.0,57.0,,,,23,,Sam,Proctor,Proctor,,,0,0,0,0,0,0,0,0,0,0,0,0,0,,,,0.0,0.0,0.0,0.0,0.0,0,0,0
710,a,,,3.9,757,223.0,0,0.0,-1,1.0,0.2,368,133.0,0,0,0.0,541.0,197.0,0,0,0.0,463.0,176.0,0.0,0.0,0.0,32265,7,20755,28,0.0,0.0,0.0,0.0,0.0,0.0,0.0,0.0,0.0,0.0,0.0,529.0,196.0,0.0,522.0,197.0,0.0,485.0,188.0,0.0,532.0,196.0,,,,23,,Travis,Patterson,Patterson,,,0,0,0,0,0,0,0,0,0,0,0,0,0,,,,0.0,0.0,0.0,0.0,0.0,0,0,0
719,a,100.0,100.0,4.5,408,76.0,0,0.0,0,0.0,0.1,458,169.0,20,0,2.0,320.0,122.0,0,87,1.7,217.0,80.0,0.4,4.4,0.0,17413,58,9057,54,1.7,1.7,0.03,0.04,0.07,10.62,0.0,0.01,0.01,1.69,121.0,290.0,111.0,26.5,361.0,129.0,8.0,388.0,145.0,15.6,361.0,128.0,,,,23,,Victor,Lindelöf,Lindelöf,,,565,0,1,1,9,0,0,0,0,0,0,6,34,,,,0.0,0.16,1.43,0.96,5.42,4,30,12
754,a,,,4.5,477,292.0,0,0.0,0,0.0,0.0,749,323.0,2,0,1.0,458.0,211.0,0,5,0.3,354.0,157.0,0.1,0.4,0.0,662,8,383,6,0.3,0.3,0.04,0.01,0.05,0.61,0.14,0.04,0.18,2.2,0.0,708.0,291.0,1.7,437.0,212.0,2.0,425.0,211.0,0.3,476.0,220.0,,,,23,,George,Hemmings,George Hemmings,,,25,0,0,0,0,0,0,0,0,0,0,0,1,,,,0.0,0.0,0.0,0.0,3.6,0,0,1
757,a,,,4.0,688,59.0,0,0.0,0,0.0,0.0,717,82.0,0,0,0.0,585.0,77.0,0,0,0.0,508.0,72.0,0.0,0.0,0.0,950,3,554,5,0.0,0.0,0.0,0.0,0.0,0.0,0.0,0.0,0.0,0.0,0.0,573.0,77.0,0.0,568.0,66.0,0.0,533.0,51.0,0.0,576.0,77.0,,,,23,,Ronnie,Hollingshead,Hollingshead,,,0,0,0,0,0,0,0,0,0,0,0,0,0,,,,0.0,0.0,0.0,0.0,0.0,0,0,0
187,a,100.0,100.0,4.4,511,99.0,0,0.0,-1,1.0,1.1,174,67.0,49,4,2.2,291.0,110.0,3,147,2.2,176.0,67.0,0.5,11.1,0.0,135376,181,243234,135,2.2,2.2,0.12,0.91,1.03,45.11,0.01,0.04,0.05,2.07,341.8,98.0,42.0,135.1,175.0,44.0,22.0,352.0,119.0,50.1,196.0,62.0,,,,23,,Kyle,Walker,Walker,,,1966,0,2,3,41,0,0,0,7,0,0,22,194,,,,0.0,0.14,1.88,1.01,6.45,34,107,102
188,u,0.0,0.0,3.8,778,239.0,0,0.0,-2,2.0,0.2,340,125.0,0,0,0.0,498.0,177.0,0,0,0.0,417.0,153.0,0.0,0.0,0.0,26052,0,37261,90,0.0,0.0,0.0,0.0,0.0,0.0,0.0,0.0,0.0,0.0,0.0,486.0,176.0,0.0,477.0,176.0,0.0,439.0,166.0,0.0,489.0,176.0,,,,23,,Hannes,Delcroix,Delcroix,has joined Lugano permanently.,,0,0,0,0,0,0,0,0,0,0,0,0,0,,,,0.0,0.0,0.0,0.0,0.0,0,0,0
323,a,,,3.8,801,261.0,0,0.0,-2,2.0,0.1,415,153.0,0,0,0.0,513.0,191.0,0,0,0.0,434.0,169.0,0.0,0.0,0.0,8336,10,15674,26,0.0,0.0,0.0,0.0,0.0,0.0,0.0,0.0,0.0,0.0,0.0,501.0,190.0,0.0,493.0,191.0,0.0,456.0,182.0,0.0,504.0,190.0,,,,23,,Samuel,Amissah,Amissah,,,0,0,0,0,0,0,0,0,0,0,0,0,0,,,,0.0,0.0,0.0,0.0,0.0,0,0,0
193,a,100.0,100.0,3.9,742,216.0,0,0.0,-1,1.0,0.1,435,159.0,23,1,3.3,136.0,54.0,1,95,3.8,48.0,19.0,1.0,5.9,0.0,12398,299,8649,69,3.8,3.8,0.17,0.1,0.27,12.28,0.03,0.02,0.05,2.1,133.2,281.0,107.0,21.3,372.0,135.0,24.0,345.0,115.0,17.8,352.0,124.0,,,,23,,Bashir,Humphreys,Humphreys,,,527,0,1,1,10,0,0,0,2,0,0,5,53,,,,0.0,0.17,1.71,0.85,9.05,10,43,18
194,i,0.0,0.0,3.9,738,213.0,0,0.0,-1,1.0,0.1,545,197.0,0,0,0.0,527.0,192.0,0,0,0.0,449.0,171.0,0.0,0.0,0.0,1562,3,14941,3,0.0,0.0,0.0,0.0,0.0,0.0,0.0,0.0,0.0,0.0,0.0,515.0,191.0,0.0,508.0,192.0,0.0,471.0,183.0,0.0,518.0,191.0,,,,23,,Jordan,Beyer,Jordan,Hamstring injury - Unknown return date,,0,0,0,0,0,0,0,0,0,0,0,0,0,,,,0.0,0.0,0.0,0.0,0.0,0,0,0
195,a,100.0,100.0,3.8,796,257.0,0,0.0,-2,2.0,0.3,328,121.0,14,1,1.6,371.0,138.0,0,58,2.3,161.0,61.0,0.6,3.7,0.0,35644,269,28020,82,2.3,2.3,0.3,0.72,1.02,15.52,0.04,0.1,0.14,2.05,111.6,304.0,115.0,101.1,217.0,60.0,51.0,290.0,90.0,26.3,308.0,105.0,,,,23,,Lucas,Pires Silva,Lucas Pires,,,681,0,0,1,14,0,0,0,0,1,0,8,49,,,,0.0,0.13,1.85,1.06,6.48,16,33,39
196,u,0.0,0.0,4.0,667,168.0,0,0.0,0,0.0,0.0,604,217.0,0,0,0.0,568.0,210.0,0,0,0.0,490.0,189.0,0.0,0.0,0.0,202,0,9544,1,0.0,0.0,0.0,0.0,0.0,0.0,0.0,0.0,0.0,0.0,0.0,556.0,209.0,0.0,551.0,210.0,0.0,516.0,203.0,0.0,559.0,209.0,,,,23,,Shurandy,Sambo,Sambo,Has joined Sparta Rotterdam on loan for the rest of the season.,,0,0,0,0,0,0,0,0,0,0,0,0,0,,,,0.0,0.0,0.0,0.0,0.0,0,0,0
197,a,,,3.8,790,251.0,0,0.0,-2,2.0,0.3,326,120.0,13,0,1.9,328.0,123.0,0,20,0.3,338.0,121.0,0.1,3.4,0.0,34371,17,23265,85,0.3,0.3,0.55,0.08,0.63,3.79,0.3,0.04,0.34,2.08,44.8,390.0,149.0,18.1,379.0,138.0,30.0,329.0,106.0,9.2,401.0,144.0,,,,23,,Oliver,Sonne,Sonne,,,164,1,0,0,4,0,0,0,0,0,0,1,10,,,,0.0,0.0,2.2,0.55,3.84,2,5,4
198,a,100.0,100.0,3.9,732,210.0,0,0.0,-1,1.0,1.0,180,71.0,29,7,2.9,194.0,74.0,0,83,1.8,203.0,75.0,0.5,7.4,0.0,132337,140,279774,83,1.8,1.8,0.61,0.11,0.72,24.45,0.06,0.01,0.07,2.48,219.8,197.0,78.0,8.9,411.0,149.0,37.0,311.0,99.0,26.8,304.0,102.0,,,,23,,Axel,Tuanzebe,Tuanzebe,,,886,1,0,1,20,0,0,0,1,0,0,10,100,,,,0.0,0.1,2.03,1.02,9.24,11,80,27
199,d,75.0,75.0,3.8,773,234.0,0,0.0,-2,2.0,0.1,411,150.0,7,0,1.2,418.0,151.0,0,19,0.0,414.0,150.0,0.0,1.8,0.0,17703,5,21286,30,0.0,0.0,0.0,0.02,0.02,3.95,0.0,0.01,0.01,2.31,42.4,391.0,150.0,0.8,446.0,164.0,2.0,417.0,155.0,4.6,430.0,156.0,,,,23,,Joe,Worrall,Worrall,Lack of match fitness - 75% chance of playing,,154,0,0,0,3,0,0,0,0,0,0,1,24,,,,0.0,0.0,1.75,0.58,13.44,2,21,4
200,a,100.0,100.0,5.1,232,143.0,0,0.0,-4,4.0,1.9,134,45.0,73,2,3.3,145.0,63.0,5,289,2.2,182.0,73.0,0.4,14.3,0.0,1195108,319,1051269,564,2.2,2.2,2.86,1.5,4.36,32.7,0.18,0.09,0.27,2.06,342.4,96.0,32.0,271.6,79.0,59.0,308.0,49.0,29.0,92.2,56.0,38.0,2.0,,,23,,Jaidon,Anthony,Anthony,,,1431,5,2,3,29,0,0,0,3,0,0,17,135,,,,0.0,0.19,1.82,1.07,8.49,27,29,79
201,u,0.0,0.0,5.4,162,101.0,0,0.0,-1,1.0,0.0,689,292.0,0,0,0.0,779.0,344.0,0,0,0.0,765.0,337.0,0.0,0.0,0.0,1070,0,3117,0,0.0,0.0,0.0,0.0,0.0,0.0,0.0,0.0,0.0,0.0,0.0,779.0,344.0,0.0,778.0,344.0,0.0,774.0,343.0,0.0,779.0,344.0,,,,23,,Manuel,Benson Hedilazio,Benson,has joined Swansea City on loan for the rest of the season.,,0,0,0,0,0,0,0,0,0,0,0,0,0,,,,0.0,0.0,0.0,0.0,0.0,0,0,0
202,a,100.0,100.0,5.3,186,115.0,0,0.0,-2,2.0,0.0,618,241.0,31,0,1.7,365.0,162.0,0,94,0.8,300.0,134.0,0.2,5.8,0.0,5378,9,7837,9,0.8,0.8,1.18,1.05,2.23,20.04,0.12,0.11,0.23,2.11,104.6,310.0,138.0,175.9,138.0,98.0,123.0,171.0,100.0,40.3,240.0,119.0,3.0,1.0,3.0,23,,Jacob,Bruun Larsen,Bruun Larsen,,,853,0,1,3,23,0,0,0,0,0,0,9,54,,,,0.0,0.32,2.43,0.95,5.7,11,16,27
203,a,,,4.7,387,243.0,0,0.0,-3,3.0,0.0,591,223.0,0,0,0.0,737.0,314.0,0,0,0.0,692.0,285.0,0.0,0.0,0.0,3382,10,6465,11,0.0,0.0,0.0,0.0,0.0,0.0,0.0,0.0,0.0,0.0,0.0,736.0,313.0,0.0,731.0,313.0,0.0,718.0,309.0,0.0,736.0,313.0,,,,23,,Enock,Agyei,Boateng,,,0,0,0,0,0,0,0,0,0,0,0,0,0,,,,0.0,0.0,0.0,0.0,0.0,0,0,0
204,u,0.0,0.0,4.9,318,197.0,0,0.0,-1,1.0,0.0,705,298.0,0,0,0.0,749.0,322.0,0,0,0.0,713.0,300.0,0.0,0.0,0.0,160,0,2063,0,0.0,0.0,0.0,0.0,0.0,0.0,0.0,0.0,0.0,0.0,0.0,748.0,321.0,0.0,744.0,321.0,0.0,736.0,319.0,0.0,748.0,321.0,,,,23,,Darko,Churlinov,Churlinov,has joined Kocaelispor  permanently.,,0,0,0,0,0,0,0,0,0,0,0,0,0,,,,0.0,0.0,0.0,0.0,0.0,0,0,0
205,i,0.0,0.0,5.0,244,150.0,0,0.0,0,0.0,1.0,182,63.0,70,0,3.9,78.0,35.0,8,321,0.2,400.0,186.0,0.0,14.0,0.0,567975,0,517454,529,0.0,0.0,0.94,1.36,2.3,32.5,0.06,0.08,0.14,1.93,342.0,97.0,33.0,218.1,106.0,76.0,98.0,214.0,119.0,66.0,123.0,67.0,,,,23,,Josh,Cullen,Cullen,Knee injury - Expected back 30 Sep,,1513,2,2,3,29,1,0,0,2,0,0,18,173,,,,0.0,0.18,1.73,1.07,10.29,32,68,73
206,a,,,4.7,377,236.0,0,0.0,-3,3.0,0.1,462,157.0,32,2,2.5,255.0,108.0,2,120,3.7,61.0,23.0,0.8,6.8,0.0,14950,191,14707,48,3.7,3.7,0.81,1.49,2.3,12.43,0.13,0.23,0.36,1.96,135.0,277.0,124.0,208.8,111.0,80.0,127.0,167.0,97.0,46.9,205.0,105.0,,3.0,,23,,Marcus,Edwards,Edwards,,,571,1,2,1,8,0,0,0,0,0,0,5,36,,,,0.0,0.16,1.26,0.79,5.67,6,4,26
207,a,100.0,100.0,4.7,384,240.0,0,0.0,-3,3.0,0.1,473,162.0,24,1,1.5,389.0,173.0,0,94,0.3,355.0,158.0,0.1,5.1,0.0,13238,35,22815,24,0.3,0.3,0.29,0.77,1.06,13.24,0.06,0.15,0.21,2.6,60.4,372.0,165.0,128.5,180.0,119.0,35.0,319.0,167.0,22.4,328.0,160.0,,4.0,,23,,Hannibal,Mejbri,Hannibal,,,458,0,2,1,12,0,0,0,4,0,0,5,39,,,,0.0,0.2,2.36,0.98,7.66,10,5,24
208,u,0.0,0.0,5.0,263,160.0,0,0.0,0,0.0,0.0,713,304.0,0,0,0.0,766.0,335.0,0,0,0.0,737.0,317.0,0.0,0.0,0.0,68,0,3008,1,0.0,0.0,0.0,0.0,0.0,0.0,0.0,0.0,0.0,0.0,0.0,765.0,334.0,0.0,763.0,334.0,0.0,756.0,332.0,0.0,765.0,334.0,,,,23,,Luca,Koleosho,Koleosho,has joined Paris FC on loan for the rest of the season.,,0,0,0,0,0,0,0,0,0,0,0,0,0,,,,0.0,0.0,0.0,0.0,0.0,0,0,0
213,a,,,4.5,460,281.0,0,0.0,0,0.0,0.0,592,224.0,1,0,1.0,453.0,206.0,0,2,0.2,384.0,174.0,0.0,0.2,0.0,7436,2,8060,12,0.2,0.2,0.0,0.0,0.0,0.05,0.0,0.0,0.0,0.5,0.0,695.0,283.0,0.5,451.0,219.0,0.0,672.0,277.0,0.0,696.0,284.0,,,,23,,Jaydon,Banel,Banel,,,9,0,0,0,0,0,0,0,0,0,0,0,0,,,,0.0,0.0,0.0,0.0,0.0,0,0,0
214,i,0.0,0.0,4.4,530,317.0,0,0.0,-1,1.0,0.1,535,190.0,4,0,1.0,444.0,198.0,0,10,0.3,349.0,156.0,0.1,0.9,0.0,11643,4,14679,22,0.0,0.0,0.0,0.0,0.0,0.46,0.0,0.0,0.0,2.18,0.6,476.0,220.0,0.4,454.0,221.0,2.0,423.0,209.0,0.3,475.0,219.0,,,,23,,Mike,Trésor Ndayishimiye,Trésor,Ankle injury - Unknown return date,,19,0,0,0,1,0,0,0,0,0,0,0,2,,,,0.0,0.0,4.74,0.0,9.47,0,0,2
218,a,,,4.2,616,84.0,0,0.0,-3,3.0,1.3,161,24.0,1,0,1.0,437.0,51.0,0,3,0.0,537.0,48.0,0.0,0.2,0.0,172738,556,297870,387,0.0,0.0,0.11,0.0,0.11,0.41,1.1,0.0,1.1,4.1,0.2,478.0,58.0,0.3,456.0,56.0,7.0,395.0,54.0,0.8,461.0,54.0,,,2.0,23,,Ashley,Barnes,Barnes,,,9,0,0,0,1,0,0,0,1,0,0,0,1,,,,0.0,0.0,10.0,0.0,10.0,0,0,1
219,u,0.0,0.0,4.4,520,72.0,0,0.0,-1,1.0,0.1,455,64.0,0,0,0.0,645.0,65.0,0,0,0.0,586.0,56.0,0.0,0.0,0.0,4151,0,40163,6,0.0,0.0,0.0,0.0,0.0,0.0,0.0,0.0,0.0,0.0,0.0,634.0,65.0,0.0,632.0,64.0,0.0,606.0,64.0,0.0,637.0,65.0,,,,23,,Michael,Obafemi,Obafemi,has joined Blackpool on loan for the rest of the season.,,0,0,0,0,0,0,0,0,0,0,0,0,0,,,,0.0,0.0,0.0,0.0,0.0,0,0,0
470,a,100.0,100.0,4.0,648,41.0,0,0.0,0,0.0,32.9,7,2.0,73,5,3.2,147.0,14.0,7,327,4.5,27.0,2.0,1.1,18.2,0.0,1501616,3026,1187657,2524,4.5,4.5,0.0,0.03,0.03,47.68,0.0,0.0,0.0,2.07,709.6,3.0,1.0,0.0,534.0,48.0,0.0,498.0,33.0,71.2,103.0,1.0,,,,23,,Martin,Dúbravka,Dúbravka,,,2070,0,0,3,44,0,0,0,0,0,94,23,96,,,,4.09,0.13,1.91,1.0,0.0,0,47,187
676,a,100.0,100.0,5.0,271,166.0,0,0.0,0,0.0,0.1,430,146.0,67,2,3.0,189.0,80.0,5,243,3.0,109.0,52.0,0.6,13.4,0.0,36782,58,30024,53,3.0,3.0,2.08,0.22,2.3,34.87,0.13,0.01,0.14,2.16,302.4,135.0,47.0,111.7,202.0,130.0,166.0,120.0,70.0,57.7,156.0,87.0,,,,23,,Lesley,Ugochukwu,Ugochukwu,,,1456,3,1,3,30,0,0,0,0,1,0,17,149,,,,0.0,0.19,1.85,1.05,9.21,37,43,69
680,a,100.0,100.0,5.2,212,47.0,0,0.0,-3,3.0,0.2,350,56.0,36,2,2.1,312.0,31.0,2,98,2.8,122.0,12.0,0.5,6.9,0.0,43869,98,45270,134,2.8,2.8,2.03,0.12,2.15,20.34,0.24,0.01,0.25,2.39,96.2,324.0,32.0,59.3,294.0,31.0,192.0,105.0,28.0,34.4,269.0,33.0,,,,23,,Armando,Broja,Broja,,,767,1,1,1,24,0,0,0,0,0,0,8,41,,,,0.0,0.12,2.82,0.94,4.81,6,11,24
722,a,,,5.0,250,153.0,0,0.0,0,0.0,0.0,595,227.0,61,4,3.2,154.0,65.0,0,255,3.3,81.0,37.0,0.7,12.2,0.0,12755,28,10199,24,3.3,3.3,0.55,0.35,0.9,34.48,0.03,0.02,0.05,2.11,305.0,132.0,44.0,160.4,150.0,103.0,42.0,307.0,160.0,51.0,192.0,102.0,,,,23,,Florentino Ibrain,Morris Luís,Florentino,,,1470,0,2,2,31,0,0,0,3,0,0,17,219,,,,0.0,0.12,1.9,1.04,13.41,71,72,76
776,a,,,4.5,503,311.0,0,0.0,0,0.0,0.0,789,349.0,0,0,0.0,730.0,309.0,0,0,0.0,681.0,277.0,0.0,0.0,0.0,151,6,76,4,0.0,0.0,0.0,0.0,0.0,0.0,0.0,0.0,0.0,0.0,0.0,729.0,308.0,0.0,724.0,308.0,0.0,707.0,303.0,0.0,729.0,308.0,,,,23,,Oliver,Pimlott,Pimlott,,,0,0,0,0,0,0,0,0,0,0,0,0,0,,,,0.0,0.0,0.0,0.0,0.0,0,0,0
784,a,,,4.5,509,316.0,0,0.0,0,0.0,0.0,790,350.0,0,0,0.0,734.0,313.0,0,0,0.0,685.0,281.0,0.0,0.0,0.0,182,2,95,1,0.0,0.0,0.0,0.0,0.0,0.0,0.0,0.0,0.0,0.0,0.0,733.0,312.0,0.0,728.0,312.0,0.0,712.0,308.0,0.0,733.0,312.0,,,,23,,George,Brierley,Brierley,,,0,0,0,0,0,0,0,0,0,0,0,0,0,,,,0.0,0.0,0.0,0.0,0.0,0,0,0
66,u,0.0,0.0,4.5,400,21.0,0,0.0,0,0.0,0.1,551,77.0,0,0,0.0,667.0,88.0,0,0,0.0,611.0,86.0,0.0,0.0,0.0,0,0,16284,3,0.0,0.0,0.0,0.0,0.0,0.0,0.0,0.0,0.0,0.0,0.0,660.0,88.0,0.0,656.0,81.0,0.0,633.0,69.0,0.0,663.0,88.0,,,,23,,Norberto,Murara Neto,Neto,Has joined Botafogo permanently.,,0,0,0,0,0,0,0,0,0,0,0,0,0,,,,0.0,0.0,0.0,0.0,0.0,0,0,0
67,a,,,4.5,428,24.0,0,0.0,0,0.0,4.3,82,14.0,60,1,2.6,239.0,22.0,1,244,0.8,294.0,21.0,0.2,13.3,0.0,789630,616,660447,1158,0.8,0.3,0.0,0.0,0.0,33.24,0.0,0.0,0.0,1.45,460.4,42.0,11.0,0.0,672.0,84.0,0.0,651.0,72.0,46.3,210.0,11.0,,,,23,,Đorđe,Petrović,Petrović,,,2070,0,0,5,43,1,0,0,2,0,65,23,98,,,,2.83,0.22,1.87,1.0,0.0,0,45,182
68,i,0.0,0.0,4.0,666,50.0,0,0.0,0,0.0,0.8,199,26.0,0,0,0.0,567.0,68.0,0,0,0.0,489.0,63.0,0.0,0.0,0.0,47110,10,77469,150,0.0,0.0,0.0,0.0,0.0,0.0,0.0,0.0,0.0,0.0,0.0,555.0,68.0,0.0,550.0,57.0,0.0,515.0,42.0,0.0,558.0,68.0,,,,23,,Will,Dennis,Dennis,Ankle injury - Unknown return date,,0,0,0,0,0,0,0,0,0,0,0,0,0,,,,0.0,0.0,0.0,0.0,0.0,0,0,0
69,a,,,3.9,762,89.0,0,0.0,-1,1.0,0.2,348,50.0,0,0,0.0,546.0,58.0,0,0,0.0,468.0,53.0,0.0,0.0,0.0,16956,54,15831,27,0.0,-0.5,0.0,0.0,0.0,0.0,0.0,0.0,0.0,0.0,0.0,534.0,58.0,0.0,527.0,45.0,0.0,490.0,30.0,0.0,537.0,58.0,,,,23,,Callan,McKenna,McKenna,,,0,0,0,0,0,0,0,0,0,0,0,0,0,,,,0.0,0.0,0.0,0.0,0.0,0,0,0
75,d,25.0,25.0,3.8,791,252.0,0,0.0,-2,2.0,0.2,370,135.0,0,0,0.0,507.0,186.0,0,0,0.0,427.0,163.0,0.0,0.0,0.0,13724,11,30959,27,0.0,-0.1,0.0,0.0,0.0,0.0,0.0,0.0,0.0,0.0,0.0,495.0,185.0,0.0,486.0,185.0,0.0,448.0,175.0,0.0,498.0,185.0,,,,23,,Matai,Akinmboni,Akinmboni,Muscle injury - 25% chance of playing,,0,0,0,0,0,0,0,0,0,0,0,0,0,,,,0.0,0.0,0.0,0.0,0.0,0,0,0
76,a,,,3.8,789,250.0,0,0.0,-2,2.0,0.2,392,142.0,0,0,0.0,506.0,185.0,0,0,0.0,426.0,162.0,0.0,0.0,0.0,11628,43,16910,25,0.0,-0.5,0.0,0.0,0.0,0.0,0.0,0.0,0.0,0.0,0.0,494.0,184.0,0.0,485.0,184.0,0.0,447.0,174.0,0.0,497.0,184.0,,,,23,,Owen,Bevan,Bevan,,,0,0,0,0,0,0,0,0,0,0,0,0,0,,,,0.0,0.0,0.0,0.0,0.0,0,0,0
77,a,,,3.9,744,217.0,0,0.0,-1,1.0,0.6,223,83.0,36,6,2.6,233.0,89.0,0,106,2.8,114.0,39.0,0.7,9.2,0.0,102788,496,117289,90,2.8,2.3,0.23,0.43,0.65,9.94,0.03,0.05,0.08,1.19,181.6,240.0,98.0,44.9,324.0,109.0,57.0,279.0,83.0,28.4,296.0,98.0,,,,23,,James,Hill,Hill,,,752,0,1,2,13,0,0,0,1,0,0,7,98,,,,0.0,0.24,1.56,0.84,10.65,16,73,19
78,u,0.0,0.0,3.8,780,241.0,0,0.0,-2,2.0,0.6,236,88.0,0,0,0.0,499.0,178.0,0,0,0.0,418.0,154.0,0.0,0.0,0.0,47440,0,124348,170,0.0,0.0,0.0,0.0,0.0,0.0,0.0,0.0,0.0,0.0,0.0,487.0,177.0,0.0,478.0,177.0,0.0,440.0,167.0,0.0,490.0,177.0,,,,23,,Julián,Araujo Zúñiga,J.Araujo,has joined Celtic on loan for the rest of the season.,,0,0,0,0,0,0,0,0,0,0,0,0,0,,,,0.0,0.0,0.0,0.0,0.0,0,0,0
79,u,0.0,0.0,4.0,660,165.0,0,0.0,0,0.0,0.1,526,192.0,0,0,0.0,561.0,207.0,0,0,0.0,483.0,186.0,0.0,0.0,0.0,1400,0,16506,4,0.0,0.0,0.0,0.0,0.0,0.0,0.0,0.0,0.0,0.0,0.0,549.0,206.0,0.0,544.0,207.0,0.0,509.0,200.0,0.0,552.0,206.0,,,,23,,Chris,Mepham,Mepham,has joined West Bromwich Albion permanently.,,0,0,0,0,0,0,0,0,0,0,0,0,0,,,,0.0,0.0,0.0,0.0,0.0,0,0,0
80,i,0.0,0.0,4.0,699,189.0,0,0.0,0,0.0,0.2,354,129.0,3,0,1.0,434.0,160.0,0,2,0.2,372.0,139.0,0.0,0.8,0.0,17145,0,28993,132,0.0,0.0,0.0,0.0,0.0,1.62,0.0,0.0,0.0,4.29,1.8,467.0,167.0,2.5,432.0,157.0,2.0,419.0,157.0,0.6,465.0,165.0,,,,23,,Julio,Soler Barreto,Soler,Knock - Unknown return date,,34,0,0,0,2,0,0,0,0,0,0,0,1,,,,0.0,0.0,5.29,0.0,2.65,1,0,4
81,i,0.0,0.0,7.0,39,24.0,0,0.0,0,0.0,0.7,219,75.0,40,0,2.2,302.0,135.0,3,147,1.8,208.0,91.0,0.3,5.7,0.0,189811,20,242185,316,0.0,0.0,2.24,1.54,3.78,16.78,0.22,0.15,0.37,1.65,146.6,266.0,116.0,304.1,56.0,45.0,128.0,166.0,96.0,57.8,154.0,85.0,4.0,2.0,1.0,23,,Justin,Kluivert,Kluivert,Knee injury - Expected back 09 May,,914,2,0,4,18,0,0,0,4,0,0,10,62,,,,0.0,0.39,1.77,0.98,6.11,10,8,44
84,i,0.0,0.0,5.5,140,88.0,0,0.0,0,0.0,2.1,125,42.0,94,0,4.3,52.0,22.0,8,341,3.2,95.0,45.0,0.6,17.1,0.0,838308,92,662613,6434,0.0,0.0,5.12,2.43,7.55,27.43,0.26,0.12,0.38,1.4,421.0,53.0,14.0,439.9,21.0,20.0,330.0,43.0,26.0,119.3,25.0,21.0,2.0,1.0,4.0,23,,Marcus,Tavernier,Tavernier,Hamstring injury - Unknown return date,,1762,5,3,7,36,0,0,0,3,0,0,20,164,,,,0.0,0.36,1.84,1.02,8.38,27,44,93
85,i,0.0,0.0,4.9,297,185.0,0,0.0,-1,1.0,0.3,327,110.0,50,0,3.3,141.0,62.0,3,245,0.0,706.0,296.0,0.0,10.2,0.0,76767,5,90588,66,0.0,0.0,0.56,0.32,0.88,17.78,0.04,0.02,0.06,1.34,266.2,169.0,65.0,74.0,264.0,158.0,105.0,201.0,110.0,44.7,218.0,108.0,,,,23,,Tyler,Adams,Adams,Knee injury - Expected back 21 Feb,,1196,2,1,4,23,0,0,0,5,0,0,15,146,,,,0.0,0.3,1.73,1.13,10.99,35,50,61
86,i,0.0,0.0,5.0,243,149.0,0,0.0,0,0.0,0.2,377,129.0,43,0,2.3,276.0,119.0,4,169,2.8,119.0,56.0,0.6,8.6,0.0,70063,2,73760,178,0.0,0.0,4.41,2.79,7.2,13.34,0.43,0.27,0.7,1.29,191.6,232.0,98.0,297.7,64.0,51.0,379.0,31.0,18.0,85.4,69.0,44.0,5.0,3.0,,23,,David,Brooks,Brooks,Ankle injury - Unknown return date,,932,1,2,4,17,0,0,0,6,0,0,11,72,,,,0.0,0.39,1.64,1.06,6.95,15,14,43
87,a,100.0,100.0,4.9,290,180.0,0,0.0,-1,1.0,0.1,571,211.0,20,1,1.5,392.0,176.0,0,80,0.3,359.0,161.0,0.1,4.1,0.0,7560,37,14644,5,0.3,-0.2,1.1,0.27,1.37,6.83,0.3,0.07,0.37,1.87,81.6,337.0,148.0,58.6,295.0,168.0,84.0,234.0,128.0,22.6,326.0,158.0,,,,23,,Ryan,Christie,Christie,,,328,1,1,0,9,0,0,0,1,0,0,1,38,,,,0.0,0.0,2.47,0.27,10.43,9,11,18
88,a,100.0,100.0,4.9,289,179.0,0,0.0,-1,1.0,0.0,615,239.0,30,4,2.3,274.0,118.0,0,144,3.2,90.0,41.0,0.7,6.1,0.0,6782,83,5620,17,3.2,2.7,0.07,0.3,0.37,10.76,0.01,0.04,0.05,1.42,154.6,260.0,112.0,137.5,172.0,116.0,10.0,382.0,191.0,30.5,289.0,141.0,,,,23,,Lewis,Cook,Cook,,,680,0,1,0,17,0,0,0,1,1,0,6,118,,,,0.0,0.0,2.25,0.79,15.62,21,47,50
89,u,0.0,0.0,4.9,292,182.0,0,0.0,-1,1.0,0.0,661,271.0,0,0,0.0,744.0,318.0,0,0,0.0,704.0,294.0,0.0,0.0,0.0,598,0,6591,0,0.0,0.0,0.0,0.0,0.0,0.0,0.0,0.0,0.0,0.0,0.0,743.0,317.0,0.0,739.0,317.0,0.0,730.0,315.0,0.0,743.0,317.0,,,,23,,Philip,Billing,Philip,Has joined Midtjylland permanently.,,0,0,0,0,0,0,0,0,0,0,0,0,0,,,,0.0,0.0,0.0,0.0,0.0,0,0,0
90,a,100.0,100.0,5.0,270,165.0,0,0.0,0,0.0,0.3,337,112.0,71,5,3.1,170.0,73.0,3,321,3.7,63.0,24.0,0.7,14.2,0.0,71459,662,59739,89,3.7,3.2,1.47,1.19,2.66,25.61,0.08,0.07,0.15,1.45,286.8,147.0,54.0,211.2,110.0,79.0,139.0,151.0,86.0,63.2,135.0,74.0,1.0,,,23,,Alex,Scott,Scott,,,1588,1,2,5,31,0,0,0,2,0,0,20,202,,,,0.0,0.28,1.76,1.13,11.45,31,76,95
91,u,0.0,0.0,5.0,252,154.0,0,0.0,0,0.0,0.0,718,306.0,0,0,0.0,761.0,331.0,0,0,0.0,731.0,312.0,0.0,0.0,0.0,396,0,3874,0,0.0,0.0,0.0,0.0,0.0,0.0,0.0,0.0,0.0,0.0,0.0,760.0,330.0,0.0,757.0,330.0,0.0,751.0,328.0,0.0,760.0,330.0,,,,23,,Luis,Sinisterra Lucumí,Sinisterra,Has joined Cruzeiro on loan for the rest of the season.,,0,0,0,0,0,0,0,0,0,0,0,0,0,,,,0.0,0.0,0.0,0.0,0.0,0,0,0
92,a,100.0,100.0,4.5,424,255.0,0,0.0,0,0.0,0.1,538,192.0,0,0,0.0,678.0,267.0,0,0,0.0,625.0,232.0,0.0,0.0,0.0,4003,16,19060,9,0.0,-0.5,0.0,0.0,0.0,0.0,0.0,0.0,0.0,0.0,0.0,671.0,261.0,0.0,669.0,264.0,0.0,648.0,256.0,0.0,674.0,263.0,,,,23,,Romain,Faivre,Faivre,,,0,0,0,0,0,0,0,0,0,0,0,0,0,,,,0.0,0.0,0.0,0.0,0.0,0,0,0
93,u,0.0,0.0,4.5,419,252.0,0,0.0,0,0.0,0.3,322,108.0,4,0,4.0,70.0,31.0,0,12,0.0,621.0,229.0,0.0,0.9,0.0,114900,0,164374,23,0.0,0.0,0.0,0.0,0.0,0.4,0.0,0.0,0.0,2.25,21.2,423.0,187.0,10.0,402.0,200.0,0.0,644.0,253.0,3.1,440.0,200.0,,,,23,,Hamed,Traorè,H.Traorè,has joined Marseille on loan for the rest of the season.,,16,0,1,0,2,0,0,0,0,0,0,0,4,,,,0.0,0.0,11.25,0.0,22.5,1,1,2
94,u,0.0,0.0,4.5,459,280.0,0,0.0,0,0.0,0.0,634,256.0,0,0,0.0,699.0,287.0,0,0,0.0,648.0,253.0,0.0,0.0,0.0,3895,0,8111,1,0.0,0.0,0.0,0.0,0.0,0.0,0.0,0.0,0.0,0.0,0.0,694.0,282.0,0.0,691.0,284.0,0.0,671.0,276.0,0.0,695.0,283.0,,,,23,,Dominic,Sadi,Sadi,has joined Novi Pazar on loan for the rest of the season.,,0,0,0,0,0,0,0,0,0,0,0,0,0,,,,0.0,0.0,0.0,0.0,0.0,0,0,0
95,u,0.0,0.0,4.4,543,326.0,0,0.0,-1,1.0,0.1,558,203.0,0,0,0.0,654.0,254.0,0,0,0.0,596.0,216.0,0.0,0.0,0.0,15405,0,21234,3,0.0,0.0,0.0,0.0,0.0,0.0,0.0,0.0,0.0,0.0,0.0,644.0,245.0,0.0,642.0,250.0,0.0,617.0,239.0,0.0,647.0,247.0,,,,23,,Zain,Silcott-Duberry,Silcott-Duberry,has joined Olympiakos permanently.,,0,0,0,0,0,0,0,0,0,0,0,0,0,,,,0.0,0.0,0.0,0.0,0.0,0,0,0
96,u,0.0,0.0,4.5,489,302.0,0,0.0,0,0.0,0.0,632,254.0,1,0,1.0,459.0,212.0,0,3,0.0,672.0,270.0,0.0,0.2,0.0,2964,0,9907,1,0.0,0.0,0.0,0.0,0.0,0.31,0.0,0.0,0.0,4.65,0.0,720.0,301.0,0.0,715.0,301.0,0.0,698.0,296.0,0.0,720.0,301.0,,,,23,,Ben,Winterburn,Winterburn,has joined Barnet on loan for the rest of the season.,,6,0,0,0,2,0,0,0,0,0,0,0,0,,,,0.0,0.0,30.0,0.0,0.0,0,0,0
97,a,100.0,100.0,7.0,40,16.0,0,0.0,0,0.0,1.7,143,21.0,71,7,3.4,135.0,11.0,4,254,4.2,42.0,7.0,0.6,10.1,0.0,729788,8384,793467,476,4.2,3.7,6.66,0.79,7.45,21.18,0.38,0.04,0.42,1.2,222.6,193.0,15.0,219.9,105.0,4.0,495.0,14.0,8.0,93.4,55.0,11.0,,,,23,,Francisco Evanilson,de Lima Barbosa,Evanilson,,,1586,5,3,5,31,0,0,0,1,0,0,18,67,,,,0.0,0.28,1.76,1.02,3.8,6,17,44
98,d,75.0,75.0,5.4,161,39.0,0,0.0,-1,1.0,0.0,616,79.0,14,1,1.4,403.0,45.0,1,43,0.7,315.0,37.0,0.1,2.6,0.0,10418,9,8890,41,0.5,0.1,0.96,0.05,1.01,1.89,0.77,0.04,0.81,1.52,38.0,399.0,43.0,4.1,426.0,54.0,51.0,291.0,49.0,9.0,403.0,49.0,,,,23,,Enes,Ünal,Enes Ünal,Muscle injury - 75% chance of playing,,112,1,0,0,2,0,0,0,1,0,0,0,5,,,,0.0,0.0,1.61,0.0,4.02,0,2,3
99,u,0.0,0.0,4.4,556,79.0,0,0.0,-1,1.0,0.1,417,61.0,0,0,0.0,663.0,72.0,0,0,0.0,606.0,63.0,0.0,0.0,0.0,22144,0,43789,12,0.0,0.0,0.0,0.0,0.0,0.0,0.0,0.0,0.0,0.0,0.0,655.0,72.0,0.0,652.0,71.0,0.0,628.0,71.0,0.0,658.0,72.0,,,,23,,Daniel,Adu-Adjei,Adu-Adjei,has joined HNK Rijeka permanently.,,0,0,0,0,0,0,0,0,0,0,0,0,0,,,,0.0,0.0,0.0,0.0,0.0,0,0,0
100,a,,,4.6,398,62.0,0,0.0,1,-1.0,4.7,78,14.0,57,1,3.2,152.0,13.0,6,263,2.7,134.0,14.0,0.6,12.4,0.0,1240196,9650,815648,1953,2.7,2.2,3.64,0.23,3.87,11.25,0.46,0.03,0.49,1.44,277.8,156.0,13.0,99.6,220.0,24.0,274.0,63.0,22.0,65.1,126.0,16.0,,,,23,,Junior,Kroupi,Kroupi.Jr,,,705,7,0,3,16,0,0,0,3,0,0,9,51,,,,0.0,0.38,2.04,1.15,6.51,5,22,24
391,i,0.0,0.0,4.8,367,230.0,0,0.0,-2,2.0,0.0,629,251.0,7,0,1.8,350.0,154.0,0,22,0.0,700.0,291.0,0.0,1.5,0.0,4569,1,7923,2,0.0,0.0,0.09,0.09,0.18,2.66,0.15,0.15,0.3,4.52,21.2,424.0,188.0,14.0,387.0,193.0,11.0,376.0,189.0,4.7,429.0,193.0,,,,23,,Ben,Gannon-Doak,Gannon-Doak,Hamstring injury - Unknown return date,,53,0,1,0,1,0,0,0,0,0,0,0,3,,,,0.0,0.0,1.7,0.0,5.09,2,1,0
685,a,100.0,100.0,4.3,577,131.0,0,0.0,-2,2.0,0.3,309,115.0,45,0,2.6,236.0,91.0,2,161,0.3,342.0,124.0,0.1,10.5,0.0,95059,24,89631,80,0.3,-0.2,0.02,0.19,0.21,22.29,0.0,0.01,0.01,1.57,267.0,167.0,71.0,54.3,306.0,101.0,22.0,350.0,117.0,34.4,268.0,89.0,,,,23,,Bafodé,Diakité,Diakité,,,1274,0,0,4,27,0,0,0,1,0,0,15,147,,,,0.0,0.28,1.91,1.06,8.27,20,97,48
687,a,,,4.4,558,335.0,0,0.0,-1,1.0,0.1,441,151.0,0,0,0.0,664.0,258.0,0,0,0.0,607.0,221.0,0.0,0.0,0.0,13181,8,15120,13,0.0,-0.5,0.0,0.0,0.0,0.0,0.0,0.0,0.0,0.0,0.0,656.0,251.0,0.0,653.0,255.0,0.0,629.0,245.0,0.0,659.0,253.0,,,,23,,Remy,Rees-Dottin,Rees-Dottin,,,0,0,0,0,0,0,0,0,0,0,0,0,0,,,,0.0,0.0,0.0,0.0,0.0,0,0,0
697,a,,,5.4,174,108.0,0,0.0,-1,1.0,0.0,577,215.0,39,11,2.1,314.0,139.0,2,138,3.3,83.0,39.0,0.6,7.2,0.0,9612,589,8074,41,3.3,2.8,1.34,0.49,1.83,9.62,0.2,0.07,0.27,1.45,119.0,295.0,133.0,92.8,228.0,141.0,115.0,182.0,103.0,32.0,280.0,138.0,,6.0,,23,,Amine,Adli,Adli,,,597,2,1,1,12,0,0,0,1,0,0,5,78,,,,0.0,0.15,1.81,0.75,11.76,24,19,35
713,a,,,4.5,461,93.0,0,0.0,0,0.0,0.1,514,184.0,40,7,2.1,308.0,117.0,0,133,2.7,132.0,49.0,0.6,8.9,0.0,15978,619,9956,38,2.7,2.2,0.9,0.75,1.65,24.24,0.06,0.05,0.11,1.64,216.8,199.0,80.0,119.1,193.0,50.0,103.0,207.0,52.0,43.8,220.0,75.0,,,,23,,Álex,Jiménez Sánchez,A.Jimenez,,,1327,1,2,2,30,0,0,0,5,0,0,15,96,,,,0.0,0.14,2.03,1.02,5.49,33,48,65
721,a,100.0,100.0,4.4,559,119.0,0,0.0,-1,1.0,0.0,652,227.0,19,0,2.7,227.0,87.0,0,63,0.3,351.0,129.0,0.1,4.3,0.0,5865,7,5516,2,0.3,-0.2,0.15,0.19,0.34,4.42,0.04,0.05,0.09,1.08,98.4,321.0,125.0,13.9,388.0,142.0,10.0,379.0,138.0,12.2,377.0,134.0,,,,23,,Veljko,Milosavljevic,Milosavljević,,,367,0,0,1,6,0,0,0,0,0,0,4,42,,,,0.0,0.25,1.47,0.98,9.56,5,34,13
756,a,,,4.5,508,315.0,0,0.0,0,0.0,0.0,736,315.0,0,0,0.0,733.0,312.0,0,0,0.0,684.0,280.0,0.0,0.0,0.0,1243,0,748,7,0.0,-0.5,0.0,0.0,0.0,0.0,0.0,0.0,0.0,0.0,0.0,732.0,311.0,0.0,727.0,311.0,0.0,711.0,307.0,0.0,732.0,311.0,,,,23,,Malcom,DaCosta,DaCosta,,,0,0,0,0,0,0,0,0,0,0,0,0,0,,,,0.0,0.0,0.0,0.0,0.0,0,0,0
782,a,,,4.0,647,40.0,0,0.0,0,0.0,0.0,720,83.0,0,0,0.0,552.0,60.0,0,0,0.0,474.0,55.0,0.0,0.0,0.0,1036,32,195,10,0.0,-0.5,0.0,0.0,0.0,0.0,0.0,0.0,0.0,0.0,0.0,540.0,60.0,0.0,533.0,47.0,0.0,497.0,32.0,0.0,543.0,60.0,,,,23,,Fraser,Forster,Forster,,,0,0,0,0,0,0,0,0,0,0,0,0,0,,,,0.0,0.0,0.0,0.0,0.0,0,0,0
799,a,,,4.5,505,312.0,0,0.0,0,0.0,0.0,798,358.0,0,0,0.0,731.0,310.0,0,0,0.0,682.0,278.0,0.0,0.0,0.0,60,4,5,1,0.0,-0.5,0.0,0.0,0.0,0.0,0.0,0.0,0.0,0.0,0.0,730.0,309.0,0.0,725.0,309.0,0.0,708.0,304.0,0.0,730.0,309.0,,,,23,,Charlie,Stevens,Stevens,,,0,0,0,0,0,0,0,0,0,0,0,0,0,,,,0.0,0.0,0.0,0.0,0.0,0,0,0
801,a,,,5.0,279,173.0,0,0.0,0,0.0,0.0,766,334.0,1,1,1.0,473.0,223.0,0,3,1.0,285.0,124.0,0.2,0.2,0.0,388,55,14,5,1.8,1.3,0.0,0.0,0.0,0.1,0.0,0.0,0.0,1.8,0.0,772.0,340.0,0.0,770.0,340.0,0.0,764.0,338.0,0.0,772.0,340.0,,,,23,,Alex,Tóth,Tóth.A,,,5,0,0,0,0,0,0,0,0,0,0,0,0,,,,0.0,0.0,0.0,0.0,0.0,0,0,0
27,a,100.0,100.0,4.8,354,223.0,0,0.0,-2,2.0,0.1,476,165.0,6,0,1.0,464.0,217.0,0,19,0.5,326.0,148.0,0.1,1.2,0.0,9774,11,17162,15,0.5,0.5,0.61,0.07,0.68,1.21,1.1,0.13,1.23,2.18,16.4,432.0,194.0,4.0,427.0,208.0,16.0,368.0,186.0,3.4,439.0,199.0,,,,23,,Reiss,Nelson,Nelson,,,50,0,0,0,1,0,0,0,0,0,0,0,17,,,,0.0,0.0,1.8,0.0,30.6,2,3,12
83,a,100.0,100.0,5.8,111,70.0,0,0.0,-2,2.0,0.3,299,101.0,65,0,4.1,67.0,28.0,6,178,0.2,407.0,190.0,0.0,11.2,0.0,452487,103,443088,101,0.2,0.2,3.56,0.66,4.22,14.35,0.3,0.06,0.36,1.2,184.6,238.0,100.0,96.5,223.0,136.0,309.0,48.0,28.0,58.5,151.0,84.0,2.0,,,23,,Dango,Ouattara,O.Dango,,,1074,3,4,3,15,0,0,0,3,0,0,12,98,,,,0.0,0.25,1.26,1.01,8.21,11,41,46
101,a,100.0,100.0,4.6,391,19.0,0,0.0,1,-1.0,10.1,43,6.0,82,0,3.7,100.0,9.0,3,318,4.3,31.0,3.0,0.9,17.8,0.0,867936,3162,839889,2000,4.3,4.3,0.0,0.04,0.04,30.31,0.0,0.0,0.0,1.38,524.2,19.0,6.0,20.0,377.0,4.0,0.0,714.0,75.0,54.5,170.0,5.0,,,,23,,Caoimhín,Kelleher,Kelleher,,,1980,0,0,5,30,0,3,0,1,0,61,22,95,,,,2.77,0.23,1.36,1.0,0.0,1,28,172
102,a,,,3.9,737,76.0,0,0.0,-1,1.0,0.3,333,46.0,0,0,0.0,526.0,45.0,0,0,0.0,448.0,40.0,0.0,0.0,0.0,14489,17,22076,22,0.0,0.0,0.0,0.0,0.0,0.0,0.0,0.0,0.0,0.0,0.0,514.0,45.0,0.0,507.0,32.0,0.0,470.0,17.0,0.0,517.0,45.0,,,,23,,Ellery,Balcombe,Balcombe,,,0,0,0,0,0,0,0,0,0,0,0,0,0,,,,0.0,0.0,0.0,0.0,0.0,0,0,0
103,u,0.0,0.0,3.9,754,84.0,0,0.0,-1,1.0,0.2,401,60.0,0,0,0.0,538.0,53.0,0,0,0.0,460.0,48.0,0.0,0.0,0.0,11791,0,12055,69,0.0,0.0,0.0,0.0,0.0,0.0,0.0,0.0,0.0,0.0,0.0,526.0,53.0,0.0,519.0,40.0,0.0,482.0,25.0,0.0,529.0,53.0,,,,23,,Matthew,Cox,Cox,has joined Shrewsbury Town on loan for the rest of the season.,,0,0,0,0,0,0,0,0,0,0,0,0,0,,,,0.0,0.0,0.0,0.0,0.0,0,0,0
104,a,,,3.9,758,86.0,0,0.0,-1,1.0,0.1,440,67.0,0,0,0.0,542.0,55.0,0,0,0.0,464.0,50.0,0.0,0.0,0.0,12460,16,8914,38,0.0,0.0,0.0,0.0,0.0,0.0,0.0,0.0,0.0,0.0,0.0,530.0,55.0,0.0,523.0,42.0,0.0,486.0,27.0,0.0,533.0,55.0,,,,23,,Julian,Eyestone,Eyestone,,,0,0,0,0,0,0,0,0,0,0,0,0,0,,,,0.0,0.0,0.0,0.0,0.0,0,0,0
105,a,,,3.9,755,85.0,0,0.0,-1,1.0,0.6,226,29.0,0,0,0.0,539.0,54.0,0,0,0.0,461.0,49.0,0.0,0.0,0.0,36363,12,67283,54,0.0,0.0,0.0,0.0,0.0,0.0,0.0,0.0,0.0,0.0,0.0,527.0,54.0,0.0,520.0,41.0,0.0,483.0,26.0,0.0,530.0,54.0,,,,23,,Hákon Rafn,Valdimarsson,Valdimarsson,,,0,0,0,0,0,0,0,0,0,0,0,0,0,,,,0.0,0.0,0.0,0.0,0.0,0,0,0
106,a,,,5.0,257,41.0,0,0.0,0,0.0,4.1,87,30.0,90,0,4.1,63.0,28.0,7,305,6.2,6.0,3.0,1.2,18.0,0.0,563557,2283,247721,2317,6.2,6.2,1.42,0.87,2.29,29.24,0.07,0.04,0.11,1.38,617.0,8.0,3.0,101.4,216.0,59.0,227.0,76.0,6.0,94.7,53.0,7.0,,,,23,,Nathan,Collins,Collins,,,1906,1,2,5,29,1,0,0,4,0,0,21,257,,,,0.0,0.24,1.37,0.99,10.62,21,204,89
107,a,,,4.9,317,53.0,0,0.0,-1,1.0,2.3,119,47.0,66,0,3.3,144.0,58.0,3,178,2.5,152.0,59.0,0.5,13.5,0.0,401590,258,168462,1960,2.5,2.5,1.32,0.95,2.27,16.19,0.13,0.09,0.22,1.6,171.8,245.0,101.0,150.2,163.0,41.0,152.0,133.0,23.0,47.4,204.0,67.0,,,,23,,Keane,Lewis-Potter,Lewis-Potter,,,912,2,1,6,15,0,0,0,1,0,0,10,52,,,,0.0,0.59,1.48,0.99,3.26,12,21,37
108,a,100.0,100.0,4.4,516,103.0,0,0.0,-1,1.0,0.2,371,136.0,47,0,2.9,196.0,76.0,1,139,3.8,49.0,20.0,0.9,10.7,0.0,23180,60,24454,54,3.8,3.8,0.64,0.57,1.21,16.6,0.05,0.05,0.1,1.41,240.0,181.0,74.0,29.7,352.0,124.0,118.0,179.0,37.0,38.9,249.0,88.0,,,,23,,Kristoffer,Ajer,Ajer,,,1061,0,2,3,17,0,0,0,1,0,0,12,125,,,,0.0,0.25,1.44,1.02,10.01,24,94,32
109,a,,,4.3,571,127.0,0,0.0,-2,2.0,0.2,400,146.0,35,0,1.9,330.0,125.0,0,86,2.7,130.0,47.0,0.6,8.1,0.0,15772,27,17539,43,2.7,2.7,0.17,0.25,0.42,16.76,0.02,0.03,0.05,1.9,73.4,352.0,134.0,34.7,343.0,119.0,24.0,346.0,116.0,13.1,372.0,133.0,,,,23,,Rico,Henry,Henry,,,793,0,1,3,13,0,0,0,2,0,0,7,49,,,,0.0,0.34,1.48,0.79,4.43,10,29,48
110,a,,,4.5,490,96.0,0,0.0,0,0.0,0.7,212,80.0,64,0,2.9,198.0,78.0,6,307,2.7,133.0,50.0,0.6,14.2,0.0,159225,142,100599,421,2.7,2.7,0.19,2.16,2.35,29.6,0.01,0.1,0.11,1.39,375.6,83.0,37.0,326.1,49.0,7.0,71.0,253.0,71.0,77.4,86.0,20.0,,,,23,,Michael,Kayode,Kayode,,,1918,0,1,5,29,0,0,0,5,0,0,22,185,,,,0.0,0.23,1.36,1.03,6.57,44,96,96
111,a,100.0,100.0,4.2,625,148.0,0,0.0,-3,3.0,0.1,452,166.0,4,0,1.3,406.0,149.0,0,21,0.0,540.0,224.0,0.0,1.0,0.0,10782,15,24937,28,0.0,0.0,0.0,0.06,0.06,3.18,0.0,0.02,0.02,1.26,62.8,366.0,140.0,1.1,443.0,162.0,12.0,374.0,135.0,7.6,410.0,147.0,,,,23,,Ethan,Pinnock,Pinnock,,,228,0,0,0,5,1,0,0,1,0,0,3,33,,,,0.0,0.0,1.97,1.18,11.45,4,25,9
112,u,0.0,0.0,4.5,416,82.0,0,0.0,0,0.0,0.0,691,237.0,0,0,0.0,674.0,251.0,0,0,0.0,619.0,243.0,0.0,0.0,0.0,211,0,3899,2,0.0,0.0,0.0,0.0,0.0,0.0,0.0,0.0,0.0,0.0,0.0,667.0,250.0,0.0,664.0,251.0,0.0,642.0,250.0,0.0,670.0,251.0,,,,23,,Mads,Roerslev Rasmussen,Roerslev,Has joined Southampton permanently.,,0,0,0,0,0,0,0,0,0,0,0,0,0,,,,0.0,0.0,0.0,0.0,0.0,0,0,0
113,a,100.0,100.0,4.5,425,85.0,0,0.0,0,0.0,0.7,209,79.0,52,0,3.1,165.0,67.0,0,190,0.0,626.0,244.0,0.0,11.6,0.0,205976,31,175951,548,0.0,0.0,1.86,0.2,2.06,22.42,0.11,0.01,0.12,1.32,341.4,100.0,43.0,31.7,348.0,122.0,173.0,115.0,19.0,54.7,167.0,53.0,,,,23,,Sepp,van den Berg,Van den Berg,,,1530,0,0,3,25,0,0,0,1,0,0,17,184,,,,0.0,0.18,1.47,1.0,9.06,12,142,56
114,a,100.0,100.0,3.9,768,230.0,0,0.0,-1,1.0,0.2,361,132.0,0,0,0.0,550.0,202.0,0,0,0.0,472.0,181.0,0.0,0.0,0.0,12267,21,27341,22,0.0,0.0,0.0,0.0,0.0,0.0,0.0,0.0,0.0,0.0,0.0,538.0,201.0,0.0,531.0,202.0,0.0,495.0,194.0,0.0,541.0,201.0,,,,23,,Benjamin,Arthur,Arthur,,,0,0,0,0,0,0,0,0,0,0,0,0,0,,,,0.0,0.0,0.0,0.0,0.0,0,0,0
115,u,0.0,0.0,4.0,710,199.0,0,0.0,0,0.0,0.1,511,183.0,0,0,0.0,604.0,234.0,0,0,0.0,528.0,215.0,0.0,0.0,0.0,2020,0,14082,6,0.0,0.0,0.0,0.0,0.0,0.0,0.0,0.0,0.0,0.0,0.0,592.0,233.0,0.0,587.0,234.0,0.0,553.0,228.0,0.0,595.0,233.0,,,,23,,Benjamin,Fredrick,Fredrick,has joined Dender on loan for the rest of the season.,,0,0,0,0,0,0,0,0,0,0,0,0,0,,,,0.0,0.0,0.0,0.0,0.0,0,0,0
116,a,100.0,100.0,4.0,673,171.0,0,0.0,0,0.0,0.5,255,97.0,29,0,2.1,304.0,113.0,0,82,0.8,290.0,106.0,0.2,7.2,0.0,62090,47,61572,150,0.8,0.8,0.4,0.17,0.57,4.92,0.07,0.03,0.1,0.86,57.6,377.0,145.0,13.6,389.0,143.0,42.0,306.0,97.0,11.1,389.0,139.0,,,,23,,Aaron,Hickey,Hickey,,,514,0,0,2,6,0,0,0,1,0,0,6,39,,,,0.0,0.35,1.05,1.05,5.6,9,23,28
117,u,0.0,0.0,3.9,763,225.0,0,0.0,-1,1.0,0.1,497,178.0,0,0,0.0,547.0,199.0,0,0,0.0,469.0,178.0,0.0,0.0,0.0,4108,0,15290,6,0.0,0.0,0.0,0.0,0.0,0.0,0.0,0.0,0.0,0.0,0.0,535.0,198.0,0.0,528.0,199.0,0.0,491.0,190.0,0.0,538.0,198.0,,,,23,,Kim,Ji-soo,Ji-soo,has joined Kaiserslautern on loan for the rest of the season.,,0,0,0,0,0,0,0,0,0,0,0,0,0,,,,0.0,0.0,0.0,0.0,0.0,0,0,0
118,u,0.0,0.0,4.0,683,177.0,0,0.0,0,0.0,0.0,598,215.0,0,0,0.0,581.0,216.0,0,0,0.0,504.0,196.0,0.0,0.0,0.0,279,0,10869,2,0.0,0.0,0.0,0.0,0.0,0.0,0.0,0.0,0.0,0.0,0.0,569.0,215.0,0.0,564.0,216.0,0.0,529.0,209.0,0.0,572.0,215.0,,,,23,,Jayden,Meghoma,Meghoma,Has joined Rangers on loan for the rest of the season.,,0,0,0,0,0,0,0,0,0,0,0,0,0,,,,0.0,0.0,0.0,0.0,0.0,0,0,0
120,a,100.0,100.0,7.1,37,22.0,0,0.0,1,-1.0,3.3,98,31.0,86,0,4.1,69.0,30.0,5,289,6.0,7.0,3.0,0.8,12.1,0.0,727572,3949,366538,3795,6.0,6.0,8.29,1.45,9.74,23.91,0.43,0.08,0.51,1.25,421.8,52.0,13.0,275.0,77.0,58.0,583.0,9.0,3.0,128.1,18.0,15.0,,,3.0,23,,Kevin,Schade,Schade,,,1726,6,4,7,20,0,0,1,6,0,0,20,132,,,,0.0,0.37,1.04,1.04,6.88,28,41,63
121,a,,,5.7,119,75.0,0,0.0,-3,3.0,0.5,247,82.0,60,0,3.2,158.0,68.0,3,259,2.2,185.0,75.0,0.4,10.5,0.0,97682,88,157191,165,2.2,2.2,1.13,3.61,4.74,19.16,0.08,0.26,0.34,1.4,295.6,139.0,49.0,451.6,20.0,19.0,162.0,125.0,73.0,91.0,58.0,39.0,1.0,3.0,,23,,Mikkel,Damsgaard,Damsgaard,,,1236,1,3,2,21,0,0,0,0,0,0,14,139,,,,0.0,0.15,1.53,1.02,10.12,35,25,79
122,i,0.0,0.0,5.2,218,136.0,0,0.0,-3,3.0,0.0,644,262.0,1,0,1.0,477.0,226.0,0,5,0.0,753.0,331.0,0.0,0.2,0.0,1959,2,6830,2,0.0,0.0,0.0,0.01,0.01,1.49,0.0,0.02,0.02,2.98,4.0,457.0,210.0,1.8,436.0,211.0,0.0,769.0,341.0,0.6,466.0,215.0,,,,23,,Antoni,Milambo,Milambo,Knee injury - Expected back 01 Jun,,45,0,0,0,3,0,0,0,0,0,0,1,4,,,,0.0,0.0,6.0,2.0,8.0,2,0,2
123,i,0.0,0.0,4.7,381,239.0,0,0.0,-3,3.0,0.1,451,154.0,13,0,2.2,293.0,128.0,1,42,0.0,689.0,284.0,0.0,2.8,0.0,27129,4,50670,17,0.0,0.0,0.7,0.03,0.73,2.08,0.63,0.03,0.66,1.87,39.0,397.0,174.0,6.5,418.0,206.0,36.0,316.0,166.0,8.1,408.0,185.0,4.0,,4.0,23,,Fábio,Freitas Gouveia Carvalho,Carvalho,Knee injury - Expected back 01 Jun,,100,1,0,0,4,0,0,0,0,0,0,1,8,,,,0.0,0.0,3.6,0.9,7.2,3,0,5
124,d,75.0,75.0,5.0,240,148.0,0,0.0,0,0.0,0.4,276,93.0,58,0,2.9,201.0,86.0,5,254,0.8,297.0,132.0,0.2,11.6,0.0,93840,9,90819,325,0.6,0.6,0.33,2.02,2.35,18.52,0.02,0.13,0.15,1.24,265.8,170.0,66.0,270.7,80.0,60.0,41.0,308.0,161.0,57.7,155.0,86.0,,,,23,,Jordan,Henderson,Henderson,Ankle injury - 75% chance of playing,,1349,1,3,4,21,0,0,0,4,0,0,15,125,,,,0.0,0.27,1.4,1.0,8.34,19,38,68
125,a,100.0,100.0,4.9,299,186.0,0,0.0,-1,1.0,0.3,291,96.0,53,0,3.1,168.0,71.0,3,222,4.7,23.0,9.0,1.0,10.8,0.0,52859,340,12163,273,4.7,4.7,0.5,1.68,2.18,13.22,0.05,0.18,0.23,1.4,238.4,184.0,77.0,242.2,92.0,69.0,64.0,266.0,142.0,54.2,173.0,94.0,5.0,,,23,,Vitaly,Janelt,Janelt,,,848,0,4,4,9,0,0,0,4,0,0,8,121,,,,0.0,0.42,0.96,0.85,12.84,21,45,55
126,a,,,4.9,302,188.0,0,0.0,-1,1.0,0.1,501,177.0,43,0,2.1,311.0,138.0,0,189,1.7,220.0,95.0,0.3,8.8,0.0,12805,15,15323,19,1.7,1.7,1.28,2.13,3.41,13.5,0.13,0.22,0.35,1.42,165.4,249.0,105.0,199.8,117.0,85.0,99.0,211.0,117.0,46.3,211.0,106.0,3.0,,5.0,23,,Mathias,Jensen,Jensen,,,854,2,0,4,11,0,0,0,1,0,0,10,78,,,,0.0,0.42,1.16,1.05,8.22,18,19,41
127,u,0.0,0.0,4.9,342,214.0,0,0.0,-1,1.0,0.0,680,283.0,0,0,0.0,757.0,328.0,0,0,0.0,724.0,308.0,0.0,0.0,0.0,1544,0,1884,24,0.0,0.0,0.0,0.0,0.0,0.0,0.0,0.0,0.0,0.0,0.0,756.0,327.0,0.0,752.0,327.0,0.0,744.0,325.0,0.0,756.0,327.0,,,,23,,Gustavo,Nunes Fernandes Gomes,Nunes,has joined Swansea City on loan for the rest of the season.,,0,0,0,0,0,0,0,0,0,0,0,0,0,,,,0.0,0.0,0.0,0.0,0.0,0,0,0
128,a,100.0,100.0,4.8,363,227.0,0,0.0,-2,2.0,0.0,594,226.0,12,0,2.0,321.0,142.0,0,41,0.0,698.0,290.0,0.0,2.5,0.0,5270,3,8456,2,0.0,0.0,0.0,0.36,0.36,2.02,0.0,0.37,0.37,2.07,28.4,411.0,184.0,13.6,390.0,194.0,4.0,414.0,205.0,4.6,431.0,194.0,,,,23,,Frank,Onyeka,Onyeka,,,88,0,2,0,2,0,0,0,0,0,0,0,10,,,,0.0,0.0,2.05,0.0,10.23,2,3,5
129,a,100.0,100.0,5.0,272,167.0,0,0.0,0,0.0,0.1,447,152.0,67,0,3.0,190.0,81.0,0,288,3.8,52.0,20.0,0.8,13.4,0.0,20656,121,15499,58,3.8,3.8,1.06,1.01,2.07,25.69,0.06,0.05,0.11,1.4,280.2,153.0,58.0,188.9,126.0,92.0,104.0,206.0,115.0,57.3,157.0,88.0,,,,23,,Yehor,Yarmoliuk,Yarmoliuk,,,1654,1,2,5,26,0,0,0,4,0,0,20,204,,,,0.0,0.27,1.41,1.09,11.1,45,43,116
130,a,,,4.4,557,334.0,0,0.0,-1,1.0,0.1,475,164.0,1,0,1.0,449.0,203.0,0,4,0.2,382.0,172.0,0.0,0.2,0.0,13002,5,16757,20,0.2,0.2,0.05,0.01,0.06,0.0,4.5,0.9,5.4,0.0,3.0,460.0,212.0,10.5,398.0,198.0,4.0,410.0,203.0,1.8,448.0,204.0,,,,23,,Romelle,Donovan,Donovan,,,1,0,0,0,0,0,0,0,0,0,0,0,1,,,,0.0,0.0,0.0,0.0,90.0,0,0,1
340,a,,,3.9,727,70.0,0,0.0,-1,1.0,0.2,407,62.0,0,0,0.0,520.0,39.0,0,0,0.0,441.0,34.0,0.0,0.0,0.0,7318,8,13553,10,-1.0,0.0,0.0,0.0,0.0,0.0,0.0,0.0,0.0,0.0,0.0,508.0,39.0,0.0,501.0,26.0,0.0,464.0,11.0,0.0,511.0,39.0,,,,23,,Alex,Cairns,Cairns,,,0,0,0,0,0,0,0,0,0,0,0,0,0,,,,0.0,0.0,0.0,0.0,0.0,0,0,0
131,u,0.0,0.0,4.3,615,360.0,0,0.0,-2,2.0,0.2,378,130.0,0,0,0.0,641.0,247.0,0,0,0.0,580.0,209.0,0.0,0.0,0.0,38108,0,40066,117,0.0,0.0,0.0,0.0,0.0,0.0,0.0,0.0,0.0,0.0,0.0,630.0,237.0,0.0,628.0,242.0,0.0,601.0,231.0,0.0,633.0,239.0,,,,23,,Yunus Emre,Konak,Konak,has joined Oxford United on loan for the rest of the season.,,0,0,0,0,0,0,0,0,0,0,0,0,0,,,,0.0,0.0,0.0,0.0,0.0,0,0,0
132,a,100.0,100.0,4.5,414,250.0,0,0.0,0,0.0,0.0,643,261.0,0,0,0.0,673.0,263.0,0,0,0.0,617.0,227.0,0.0,0.0,0.0,3998,13,4442,18,0.0,0.0,0.0,0.0,0.0,0.0,0.0,0.0,0.0,0.0,0.0,666.0,257.0,0.0,663.0,260.0,0.0,640.0,251.0,0.0,669.0,259.0,,,,23,,Paris,Maghoma,Maghoma,,,0,0,0,0,0,0,0,0,0,0,0,0,0,,,,0.0,0.0,0.0,0.0,0.0,0,0,0
133,u,0.0,0.0,4.4,534,319.0,0,0.0,-1,1.0,0.0,617,240.0,1,0,1.0,445.0,199.0,0,2,0.2,379.0,169.0,0.0,0.2,0.0,3881,0,5880,12,0.0,0.0,0.0,0.0,0.0,0.0,0.0,0.0,0.0,0.0,0.0,638.0,239.0,0.0,636.0,244.0,0.0,611.0,233.0,0.0,641.0,241.0,,,,23,,Myles,Peart-Harris,Peart-Harris,has joined Oxford United permanently.,,1,0,0,0,0,0,0,0,0,0,0,0,0,,,,0.0,0.0,0.0,0.0,0.0,0,0,0
134,u,0.0,0.0,4.5,482,297.0,0,0.0,0,0.0,0.0,760,330.0,0,0,0.0,715.0,298.0,0,0,0.0,665.0,265.0,0.0,0.0,0.0,0,0,932,0,0.0,0.0,0.0,0.0,0.0,0.0,0.0,0.0,0.0,0.0,0.0,713.0,296.0,0.0,708.0,296.0,0.0,691.0,291.0,0.0,713.0,296.0,,,,23,,Ryan,Trevitt,Trevitt,Has joined Wigan on loan for the rest of the season,,0,0,0,0,0,0,0,0,0,0,0,0,0,,,,0.0,0.0,0.0,0.0,0.0,0,0,0
136,a,100.0,100.0,7.2,34,14.0,0,0.0,12,-12.0,38.2,3,2.0,122,0,5.5,9.0,2.0,18,505,6.3,3.0,1.0,0.9,16.9,0.0,7483645,17320,2855803,6203,6.3,6.3,12.76,0.84,13.6,29.03,0.62,0.04,0.66,1.42,687.0,4.0,2.0,199.4,118.0,5.0,772.0,2.0,2.0,165.8,3.0,2.0,,,2.0,23,,Igor Thiago,Nascimento Rodrigues,Thiago,,,1842,16,1,5,28,0,0,1,4,0,0,21,107,,,,0.0,0.24,1.37,1.03,5.23,17,44,46
137,u,0.0,0.0,4.4,545,74.0,0,0.0,-1,1.0,0.3,300,50.0,0,0,0.0,655.0,67.0,0,0,0.0,597.0,58.0,0.0,0.0,0.0,52422,0,77671,70,0.0,0.0,0.0,0.0,0.0,0.0,0.0,0.0,0.0,0.0,0.0,646.0,67.0,0.0,643.0,66.0,0.0,619.0,66.0,0.0,649.0,67.0,,,,23,,Iwan,Morgan,Morgan,has joined Shrewsbury on loan for the rest of the season.,,0,0,0,0,0,0,0,0,0,0,0,0,0,,,,0.0,0.0,0.0,0.0,0.0,0,0,0
748,i,0.0,0.0,4.9,295,183.0,0,0.0,-1,1.0,0.0,787,348.0,0,0,0.0,745.0,319.0,0,0,0.0,705.0,295.0,0.0,0.0,0.0,147,0,185,0,0.0,0.0,0.0,0.0,0.0,0.0,0.0,0.0,0.0,0.0,0.0,744.0,318.0,0.0,740.0,318.0,0.0,731.0,316.0,0.0,744.0,318.0,,,,23,,Josh,Dasilva,Dasilva,Knee injury - Unknown return date,,0,0,0,0,0,0,0,0,0,0,0,0,0,,,,0.0,0.0,0.0,0.0,0.0,0,0,0
797,a,,,4.5,483,66.0,0,0.0,0,0.0,0.0,776,88.0,0,0,0.0,716.0,76.0,0,0,0.0,666.0,67.0,0.0,0.0,0.0,186,17,22,2,0.0,0.0,0.0,0.0,0.0,0.0,0.0,0.0,0.0,0.0,0.0,714.0,76.0,0.0,709.0,75.0,0.0,692.0,75.0,0.0,714.0,76.0,,,,23,,Kaye,Furo,Furo,,,0,0,0,0,0,0,0,0,0,0,0,0,0,,,,0.0,0.0,0.0,0.0,0.0,0,0,0
138,a,,,4.2,617,31.0,0,0.0,-3,3.0,0.2,339,47.0,0,0,0.0,613.0,82.0,0,0,0.0,538.0,77.0,0.0,0.0,0.0,9051,15,37496,26,0.0,0.0,0.0,0.0,0.0,0.0,0.0,0.0,0.0,0.0,0.0,601.0,82.0,0.0,596.0,71.0,0.0,563.0,56.0,0.0,605.0,82.0,,,,23,,Jason,Steele,Steele,,,0,0,0,0,0,0,0,0,0,0,0,0,0,,,,0.0,0.0,0.0,0.0,0.0,0,0,0
139,a,,,4.5,437,25.0,0,0.0,0,0.0,5.9,69,11.0,71,1,3.1,166.0,15.0,4,369,2.5,149.0,16.0,0.6,15.8,0.0,606482,1150,713747,1669,2.5,2.5,0.0,0.01,0.01,33.09,0.0,0.0,0.0,1.44,569.0,14.0,3.0,10.0,403.0,7.0,0.0,657.0,73.0,57.9,153.0,3.0,,,,23,,Bart,Verbruggen,Verbruggen,,,2070,0,0,5,31,1,1,0,3,0,64,23,102,,,,2.78,0.22,1.35,1.0,0.0,1,20,209
140,a,,,3.9,733,74.0,0,0.0,-1,1.0,0.3,305,40.0,0,0,0.0,524.0,43.0,0,0,0.0,446.0,38.0,0.0,0.0,0.0,16660,13,25884,23,0.0,0.0,0.0,0.0,0.0,0.0,0.0,0.0,0.0,0.0,0.0,512.0,43.0,0.0,505.0,30.0,0.0,468.0,15.0,0.0,515.0,43.0,,,,23,,Tom,McGill,McGill,,,0,0,0,0,0,0,0,0,0,0,0,0,0,,,,0.0,0.0,0.0,0.0,0.0,0,0,0
141,u,0.0,0.0,4.0,674,54.0,0,0.0,0,0.0,0.0,782,89.0,0,0,0.0,573.0,72.0,0,0,0.0,495.0,67.0,0.0,0.0,0.0,0,0,241,0,0.0,0.0,0.0,0.0,0.0,0.0,0.0,0.0,0.0,0.0,0.0,561.0,72.0,0.0,556.0,61.0,0.0,521.0,46.0,0.0,564.0,72.0,,,,23,,Carl,Rushworth,Rushworth,Has joined Coventry City on loan for the rest of the season.,,0,0,0,0,0,0,0,0,0,0,0,0,0,,,,0.0,0.0,0.0,0.0,0.0,0,0,0
142,u,0.0,0.0,4.0,663,48.0,0,0.0,0,0.0,0.0,783,90.0,0,0,0.0,564.0,66.0,0,0,0.0,486.0,61.0,0.0,0.0,0.0,0,0,196,0,0.0,0.0,0.0,0.0,0.0,0.0,0.0,0.0,0.0,0.0,0.0,552.0,66.0,0.0,547.0,55.0,0.0,512.0,40.0,0.0,555.0,66.0,,,,23,,Kjell,Scherpen,Scherpen,Has joined Union SG permanently,,0,0,0,0,0,0,0,0,0,0,0,0,0,,,,0.0,0.0,0.0,0.0,0.0,0,0,0
143,a,,,4.2,623,146.0,0,0.0,-3,3.0,0.1,504,181.0,15,5,3.0,181.0,69.0,2,61,1.0,279.0,102.0,0.2,3.6,0.0,4795,18,11726,5,1.0,1.0,0.05,0.19,0.24,3.57,0.02,0.07,0.09,1.4,69.2,359.0,136.0,37.0,339.0,117.0,12.0,373.0,134.0,11.9,379.0,135.0,,,,23,,Olivier,Boscagli,Boscagli,,,230,0,1,1,2,0,0,0,1,0,0,3,20,,,,0.0,0.39,0.78,1.17,7.83,4,16,15
144,a,,,4.2,636,153.0,0,0.0,-3,3.0,0.1,568,206.0,10,0,2.0,319.0,121.0,0,32,0.0,550.0,228.0,0.0,2.4,0.0,2699,2,7282,8,0.0,0.0,0.0,0.01,0.01,4.52,0.0,0.0,0.0,2.11,42.4,392.0,151.0,3.7,429.0,156.0,2.0,420.0,158.0,4.8,427.0,155.0,,,,23,,Diego,Coppola,Coppola,,,193,0,0,1,3,0,0,0,2,0,0,2,19,,,,0.0,0.47,1.4,0.93,8.39,2,16,6
145,a,100.0,100.0,4.3,581,135.0,0,0.0,-2,2.0,2.0,130,50.0,50,1,2.6,237.0,92.0,6,187,0.7,308.0,111.0,0.2,11.6,0.0,243086,72,667645,912,0.7,0.7,1.34,1.98,3.32,18.77,0.12,0.18,0.3,1.73,199.4,221.0,90.0,299.0,63.0,12.0,118.0,178.0,36.0,61.7,139.0,45.0,3.0,6.0,,23,,Maxim,De Cuyper,De Cuyper,,,977,2,0,3,17,0,0,0,2,0,0,12,68,,,,0.0,0.28,1.57,1.11,4.05,16,28,46
146,a,100.0,100.0,4.5,401,72.0,0,0.0,0,0.0,0.9,190,73.0,53,3,2.4,262.0,103.0,0,269,2.7,131.0,48.0,0.6,11.8,0.0,131078,180,178223,140,2.7,2.7,0.94,0.42,1.36,30.85,0.04,0.02,0.06,1.43,429.0,51.0,25.0,90.4,234.0,66.0,115.0,181.0,39.0,63.7,133.0,43.0,,1.0,,23,,Lewis,Dunk,Dunk,,,1935,0,1,4,30,0,0,0,8,0,0,21,201,,,,0.0,0.19,1.4,0.98,7.4,23,136,93
147,u,0.0,0.0,4.5,411,78.0,0,0.0,0,0.0,0.0,723,247.0,0,0,0.0,671.0,249.0,0,0,0.0,615.0,240.0,0.0,0.0,0.0,0,0,1964,0,0.0,0.0,0.0,0.0,0.0,0.0,0.0,0.0,0.0,0.0,0.0,664.0,248.0,0.0,661.0,249.0,0.0,638.0,247.0,0.0,667.0,249.0,,,,23,,Pervis,Estupiñán Tenorio,Estupiñan,Has joined AC Milan permanently,,0,0,0,0,0,0,0,0,0,0,0,0,0,,,,0.0,0.0,0.0,0.0,0.0,0,0,0
148,a,,,4.4,522,108.0,0,0.0,-1,1.0,0.4,283,107.0,59,1,2.7,226.0,86.0,4,282,3.2,88.0,31.0,0.7,13.4,0.0,64452,203,46944,187,3.2,3.2,1.28,2.12,3.4,28.64,0.06,0.11,0.17,1.45,293.4,140.0,60.0,284.4,69.0,13.0,144.0,146.0,28.0,72.5,100.0,30.0,2.0,,,23,,Ferdi,Kadıoğlu,F.Kadıoğlu,,,1780,0,1,5,26,0,0,0,4,0,0,19,127,,,,0.0,0.25,1.31,0.96,4.9,37,60,81
150,u,0.0,0.0,4.4,524,110.0,0,0.0,-1,1.0,0.1,493,177.0,0,0,0.0,646.0,248.0,0,0,0.0,587.0,238.0,0.0,0.0,0.0,2778,0,38342,4,0.0,0.0,0.0,0.0,0.0,0.0,0.0,0.0,0.0,0.0,0.0,635.0,247.0,0.0,633.0,248.0,0.0,607.0,245.0,0.0,638.0,248.0,,,,23,,Tariq,Lamptey,Lamptey,has joined Fiorentina permanently.,,0,0,0,0,0,0,0,0,0,0,0,0,0,,,,0.0,0.0,0.0,0.0,0.0,0,0,0
151,a,100.0,100.0,4.5,433,87.0,0,0.0,0,0.0,4.4,81,26.0,85,1,3.9,75.0,29.0,6,325,3.2,89.0,32.0,0.7,18.9,0.0,832771,1851,429371,1923,3.2,3.2,2.05,0.7,2.74,31.71,0.09,0.03,0.12,1.44,656.0,6.0,2.0,132.1,177.0,46.0,224.0,79.0,7.0,101.5,43.0,4.0,,,,23,,Jan Paul,van Hecke,Van Hecke,,,1980,3,2,4,31,1,0,0,6,0,0,22,213,,,,0.0,0.18,1.41,1.0,8.32,32,151,69
152,a,100.0,100.0,4.3,565,122.0,0,0.0,-2,2.0,0.2,409,149.0,29,0,2.4,261.0,102.0,1,113,3.0,100.0,35.0,0.7,6.7,0.0,19997,39,31764,78,3.0,3.0,0.99,0.1,1.09,11.8,0.13,0.01,0.14,1.58,189.0,234.0,96.0,68.2,273.0,86.0,59.0,276.0,82.0,31.7,282.0,94.0,,,,23,,Joël,Veltman,Veltman,,,673,1,0,1,10,0,0,0,3,0,0,7,87,,,,0.0,0.13,1.34,0.94,10.03,27,48,28
153,i,0.0,0.0,4.4,515,102.0,0,0.0,-1,1.0,0.0,740,252.0,0,0,0.0,643.0,246.0,0,0,0.0,583.0,235.0,0.0,0.0,0.0,761,3,1554,2,0.0,0.0,0.0,0.0,0.0,0.0,0.0,0.0,0.0,0.0,0.0,632.0,245.0,0.0,630.0,246.0,0.0,604.0,243.0,0.0,635.0,246.0,,,,23,,Adam,Webster,Webster,Knee injury - Unknown return date,,0,0,0,0,0,0,0,0,0,0,0,0,0,,,,0.0,0.0,0.0,0.0,0.0,0,0,0
154,u,0.0,0.0,4.0,665,167.0,0,0.0,0,0.0,0.0,754,255.0,0,0,0.0,566.0,209.0,0,0,0.0,488.0,188.0,0.0,0.0,0.0,0,0,771,0,0.0,0.0,0.0,0.0,0.0,0.0,0.0,0.0,0.0,0.0,0.0,554.0,208.0,0.0,549.0,209.0,0.0,514.0,202.0,0.0,557.0,208.0,,,,23,,Eiran,Cashin,Cashin,has joined Blackburn Rovers on loan for the rest of the season.,,0,0,0,0,0,0,0,0,0,0,0,0,0,,,,0.0,0.0,0.0,0.0,0.0,0,0,0
155,u,0.0,0.0,4.0,704,193.0,0,0.0,0,0.0,0.1,481,173.0,0,0,0.0,599.0,229.0,0,0,0.0,523.0,210.0,0.0,0.0,0.0,3175,0,16333,7,0.0,0.0,0.0,0.0,0.0,0.0,0.0,0.0,0.0,0.0,0.0,587.0,228.0,0.0,582.0,229.0,0.0,548.0,223.0,0.0,590.0,228.0,,,,23,,Jacob,Slater,Slater,has joined Harrogate Town on loan until January.,,0,0,0,0,0,0,0,0,0,0,0,0,0,,,,0.0,0.0,0.0,0.0,0.0,0,0,0
156,a,,,3.8,794,255.0,0,0.0,-2,2.0,0.1,412,151.0,0,0,0.0,509.0,188.0,0,0,0.0,429.0,165.0,0.0,0.0,0.0,9566,31,15298,24,0.0,0.0,0.0,0.0,0.0,0.0,0.0,0.0,0.0,0.0,0.0,497.0,187.0,0.0,489.0,188.0,0.0,451.0,178.0,0.0,500.0,187.0,,,,23,,Charlie,Tasker,Tasker,,,0,0,0,0,0,0,0,0,0,0,0,0,0,,,,0.0,0.0,0.0,0.0,0.0,0,0,0
157,a,100.0,100.0,6.1,82,54.0,0,0.0,-4,4.0,2.1,126,43.0,38,2,2.9,207.0,90.0,2,136,2.7,141.0,60.0,0.4,6.2,0.0,244832,801,793842,571,2.7,2.7,1.56,1.46,3.02,13.75,0.15,0.14,0.29,1.34,172.0,244.0,103.0,244.0,89.0,66.0,195.0,100.0,59.0,60.7,143.0,80.0,,,,23,,Mitoma,Kaoru,Mitoma,,,923,2,1,2,12,0,0,0,2,0,0,10,47,,,,0.0,0.2,1.17,0.98,4.58,7,12,28
164,u,0.0,0.0,5.5,142,90.0,0,0.0,0,0.0,0.3,296,98.0,12,0,6.0,5.0,2.0,2,36,0.0,778.0,347.0,0.0,2.2,0.0,130744,0,198578,14,0.0,0.0,1.21,0.17,1.38,2.12,0.62,0.09,0.71,1.08,60.8,370.0,163.0,66.6,274.0,160.0,63.0,270.0,146.0,19.0,348.0,167.0,,,,23,,Matt,O'Riley,O'Riley,has joined Marseille on loan for the rest of the season.,,177,1,0,1,2,0,0,0,0,0,0,2,9,,,,0.0,0.51,1.02,1.02,4.58,4,3,2
166,a,100.0,100.0,4.8,368,231.0,0,0.0,-2,2.0,0.4,260,88.0,77,11,3.9,77.0,34.0,6,325,6.2,5.0,2.0,1.3,16.0,0.0,94101,2611,69093,172,6.2,6.2,2.51,0.95,3.46,23.45,0.14,0.05,0.19,1.31,288.2,144.0,51.0,201.5,115.0,84.0,204.0,93.0,57.0,69.5,110.0,60.0,4.0,5.0,,23,,Yasin,Ayari,Ayari,,,1609,3,2,5,20,0,0,0,0,0,0,17,191,,,,0.0,0.28,1.12,0.95,10.68,41,45,105
167,a,100.0,100.0,4.5,454,275.0,0,0.0,-5,5.0,1.3,159,56.0,30,4,1.7,362.0,160.0,0,120,0.8,295.0,130.0,0.2,6.7,0.0,153806,296,526642,97,0.8,0.8,0.35,0.24,0.59,14.04,0.03,0.02,0.05,1.27,76.6,347.0,155.0,74.5,262.0,157.0,23.0,348.0,181.0,17.4,354.0,168.0,,,,23,,Carlos,Baleba,Baleba,,,998,0,0,4,14,0,0,0,4,0,0,15,119,,,,0.0,0.36,1.26,1.35,10.73,22,39,58
249,a,,,7.1,36,15.0,0,0.0,-4,4.0,27.3,12,3.0,92,0,4.2,60.0,6.0,17,387,3.3,86.0,10.0,0.5,13.0,0.0,4582816,21386,7854092,3045,3.3,3.3,6.54,1.37,7.91,22.75,0.37,0.08,0.45,1.28,416.2,55.0,4.0,331.5,46.0,1.0,482.0,18.0,11.0,122.6,21.0,4.0,,,,23,,João Pedro,Junqueira de Jesus,João Pedro,,,1594,7,3,8,17,0,0,0,2,0,0,19,94,,,,0.0,0.45,0.96,1.07,5.31,15,28,51
250,a,100.0,100.0,6.2,76,25.0,0,0.0,-3,3.0,1.0,188,30.0,25,0,1.9,340.0,35.0,1,85,2.2,188.0,22.0,0.4,4.0,0.0,93681,466,444355,170,2.2,2.2,2.47,0.17,2.64,7.97,0.38,0.03,0.41,1.22,52.0,381.0,40.0,46.4,319.0,35.0,225.0,78.0,24.0,31.7,283.0,34.0,,,,23,,Liam,Delap,Delap,,,587,1,1,2,9,0,0,0,2,0,0,8,19,,,,0.0,0.31,1.38,1.23,2.91,1,6,12
251,u,0.0,0.0,6.5,55,19.0,0,0.0,0,0.0,0.1,519,73.0,0,0,0.0,798.0,88.0,0,0,0.0,795.0,85.0,0.0,0.0,0.0,4962,0,15241,1,0.0,0.0,0.0,0.0,0.0,0.0,0.0,0.0,0.0,0.0,0.0,798.0,88.0,0.0,798.0,88.0,0.0,798.0,88.0,0.0,798.0,88.0,,,,23,,Nicolas,Jackson,N.Jackson,has joined Bayern Munich on loan for the rest of the season.,,0,0,0,0,0,0,0,0,0,0,0,0,0,,,,0.0,0.0,0.0,0.0,0.0,0,0,0
252,a,100.0,100.0,4.2,632,85.0,0,0.0,-3,3.0,6.5,61,11.0,12,0,1.3,407.0,47.0,0,19,0.0,546.0,49.0,0.0,2.9,0.0,1132781,890,2531804,2572,0.0,0.0,1.46,0.29,1.75,5.65,0.53,0.11,0.64,2.06,24.6,418.0,45.0,38.8,336.0,41.0,81.0,236.0,44.0,12.6,374.0,44.0,,,,23,,Marc,Guiu Paz,Marc Guiu,,,247,0,1,0,2,0,0,0,1,0,0,1,7,,,,0.0,0.0,0.73,0.36,2.55,0,4,3
453,a,,,6.4,62,40.0,0,0.0,-1,1.0,0.6,238,81.0,40,0,2.9,208.0,91.0,2,141,1.2,273.0,120.0,0.2,6.2,0.0,225802,722,200345,255,1.2,1.2,2.49,2.51,5.0,15.3,0.27,0.28,0.55,1.69,136.2,276.0,123.0,232.1,98.0,73.0,265.0,66.0,42.0,62.4,137.0,75.0,,,,23,,Alejandro,Garnacho Ferreyra,Garnacho,,,815,1,3,4,10,0,0,0,1,0,0,11,43,,,,0.0,0.44,1.1,1.21,4.75,7,6,30
672,a,100.0,100.0,4.6,397,71.0,0,0.0,-4,4.0,0.2,398,144.0,6,0,0.9,483.0,166.0,0,18,0.5,324.0,119.0,0.1,1.3,0.0,12218,29,36809,24,0.5,0.5,0.22,0.05,0.27,3.52,0.08,0.02,0.1,1.21,47.4,386.0,146.0,28.5,356.0,127.0,17.0,367.0,130.0,9.2,402.0,145.0,,,,23,,Jorrel,Hato,Hato,,,261,0,0,0,4,0,0,0,2,0,0,2,26,,,,0.0,0.0,1.38,0.69,7.24,7,14,9
743,a,,,4.5,493,305.0,0,0.0,0,0.0,0.0,715,305.0,0,0,0.0,723.0,304.0,0,0,0.0,674.0,272.0,0.0,0.0,0.0,1257,5,1086,4,0.0,0.0,0.0,0.0,0.0,0.0,0.0,0.0,0.0,0.0,0.0,722.0,303.0,0.0,717.0,303.0,0.0,700.0,298.0,0.0,722.0,303.0,,,,23,,Landon,Emenalo,Emenalo,,,0,0,0,0,0,0,0,0,0,0,0,0,0,,,,0.0,0.0,0.0,0.0,0.0,0,0,0
789,a,,,4.0,689,60.0,0,0.0,0,0.0,0.0,773,88.0,0,0,0.0,586.0,78.0,0,0,0.0,509.0,73.0,0.0,0.0,0.0,206,2,88,0,0.0,0.0,0.0,0.0,0.0,0.0,0.0,0.0,0.0,0.0,0.0,574.0,78.0,0.0,569.0,67.0,0.0,534.0,52.0,0.0,577.0,78.0,,,,23,,Max,Merrick,Merrick,,,0,0,0,0,0,0,0,0,0,0,0,0,0,,,,0.0,0.0,0.0,0.0,0.0,0,0,0
253,a,,,5.0,245,8.0,0,0.0,0,0.0,7.7,54,8.0,81,0,3.7,103.0,11.0,2,359,2.8,120.0,12.0,0.6,16.2,0.0,835895,628,779680,1757,2.8,2.8,0.0,0.08,0.08,29.71,0.0,0.0,0.0,1.35,498.6,31.0,9.0,10.0,407.0,11.0,0.0,749.0,84.0,50.8,193.0,10.0,,,,23,,Dean,Henderson,Henderson,,,1980,0,0,8,25,0,0,0,2,0,62,22,80,,,,2.82,0.36,1.14,1.0,0.0,0,30,168
254,a,100.0,100.0,4.0,654,45.0,0,0.0,0,0.0,0.3,313,43.0,0,0,0.0,557.0,64.0,0,0,0.0,479.0,59.0,0.0,0.0,0.0,12604,33,28573,27,0.0,0.0,0.0,0.0,0.0,0.0,0.0,0.0,0.0,0.0,0.0,545.0,64.0,0.0,539.0,52.0,0.0,503.0,37.0,0.0,548.0,64.0,,,,23,,Walter,Benítez,Benitez,,,0,0,0,0,0,0,0,0,0,0,0,0,0,,,,0.0,0.0,0.0,0.0,0.0,0,0,0
255,a,,,3.9,731,73.0,0,0.0,-1,1.0,0.1,469,73.0,0,0,0.0,523.0,42.0,0,0,0.0,445.0,37.0,0.0,0.0,0.0,5298,4,7888,8,0.0,0.0,0.0,0.0,0.0,0.0,0.0,0.0,0.0,0.0,0.0,511.0,42.0,0.0,504.0,29.0,0.0,467.0,14.0,0.0,514.0,42.0,,,,23,,Remi,Matthews,Matthews,,,0,0,0,0,0,0,0,0,0,0,0,0,0,,,,0.0,0.0,0.0,0.0,0.0,0,0,0
256,d,75.0,75.0,5.8,107,9.0,0,0.0,3,-3.0,5.9,70,24.0,89,0,6.4,3.0,2.0,7,291,0.0,785.0,262.0,0.0,15.3,0.0,3191040,1712,3590913,1613,0.0,0.0,1.78,1.99,3.77,16.81,0.13,0.14,0.27,1.2,336.0,105.0,46.0,128.1,181.0,47.0,240.0,71.0,4.0,70.2,106.0,33.0,,,,23,,Daniel,Muñoz Mejía,Muñoz,Lack of match fitness - 75% chance of playing,,1260,3,3,7,11,0,0,0,4,0,0,14,141,,,,0.0,0.5,0.79,1.0,7.21,31,70,54
257,a,,,5.1,231,34.0,0,0.0,1,-1.0,5.9,68,23.0,99,0,4.5,36.0,17.0,4,365,2.8,121.0,42.0,0.5,19.4,0.0,1379518,2498,849186,2916,2.8,2.8,1.17,0.61,1.78,29.71,0.05,0.03,0.08,1.35,507.2,28.0,12.0,72.1,267.0,83.0,107.0,198.0,50.0,68.6,115.0,37.0,,,,23,,Maxence,Lacroix,Lacroix,,,1980,0,2,8,25,0,0,0,3,0,0,22,261,,,,0.0,0.36,1.14,1.0,10.64,42,192,64
258,a,,,5.0,254,40.0,0,0.0,0,0.0,2.1,124,48.0,84,0,3.8,85.0,33.0,5,302,2.2,181.0,71.0,0.4,16.8,0.0,399748,328,327046,620,2.2,2.2,0.86,1.28,2.14,29.71,0.04,0.06,0.1,1.35,394.6,67.0,31.0,270.6,81.0,19.0,142.0,150.0,30.0,80.8,80.0,18.0,,,,23,,Tyrick,Mitchell,Mitchell,,,1974,1,0,8,25,0,0,0,5,0,0,22,204,,,,0.0,0.36,1.14,1.0,7.11,63,93,111
259,a,100.0,100.0,4.8,357,60.0,0,0.0,-2,2.0,0.1,446,164.0,4,0,1.0,465.0,165.0,0,6,0.3,356.0,132.0,0.1,0.8,0.0,8971,20,16437,13,0.3,0.3,0.0,0.06,0.06,0.83,0.0,0.19,0.19,2.67,4.6,452.0,164.0,10.9,396.0,145.0,4.0,413.0,154.0,1.9,447.0,161.0,,,,23,,Borna,Sosa,Sosa,,,28,0,0,0,1,0,0,0,0,0,0,0,4,,,,0.0,0.0,3.21,0.0,9.64,1,2,1
270,a,100.0,100.0,4.7,375,235.0,0,0.0,-3,3.0,0.1,470,160.0,31,0,1.6,375.0,167.0,0,146,2.0,195.0,82.0,0.4,6.6,0.0,18003,43,21741,38,2.0,2.0,0.72,0.94,1.66,15.42,0.07,0.09,0.16,1.45,124.0,288.0,130.0,187.0,130.0,93.0,63.0,269.0,145.0,37.5,257.0,123.0,5.0,,,23,,Will,Hughes,Hughes,,,957,0,1,4,12,0,0,0,4,0,0,11,92,,,,0.0,0.38,1.13,1.03,8.65,17,35,40
271,i,0.0,0.0,5.0,249,152.0,0,0.0,0,0.0,0.1,518,185.0,45,0,3.2,153.0,64.0,0,199,0.0,730.0,311.0,0.0,9.0,0.0,42820,4,41991,20,0.0,0.0,0.9,1.54,2.44,14.31,0.07,0.12,0.19,1.1,141.0,270.0,120.0,164.6,148.0,102.0,110.0,193.0,107.0,41.6,232.0,115.0,2.0,,,23,,Daichi,Kamada,Kamada,Hamstring injury - Expected back 21 Feb,,1166,0,2,6,11,0,0,0,1,0,0,14,126,,,,0.0,0.46,0.85,1.08,9.73,39,23,64
272,a,100.0,100.0,4.9,288,178.0,0,0.0,-1,1.0,0.1,549,199.0,35,0,1.8,351.0,155.0,1,144,1.0,282.0,123.0,0.2,7.1,0.0,7866,8,10978,11,1.0,1.0,0.62,0.69,1.31,10.7,0.07,0.07,0.14,1.15,141.8,268.0,118.0,116.7,196.0,128.0,78.0,245.0,133.0,33.7,270.0,132.0,,,,23,,Jefferson,Lerma Solís,Lerma,,,841,0,2,4,8,0,0,0,4,0,0,8,103,,,,0.0,0.43,0.86,0.86,11.02,10,46,47
273,a,100.0,100.0,5.0,266,162.0,0,0.0,0,0.0,0.8,207,70.0,67,0,3.4,129.0,57.0,4,330,2.0,197.0,83.0,0.4,13.4,0.0,151192,287,135641,415,2.0,2.0,0.96,4.59,5.54,25.49,0.05,0.25,0.3,1.39,288.0,145.0,52.0,427.5,24.0,23.0,105.0,202.0,111.0,82.1,79.0,48.0,3.0,,,23,,Adam,Wharton,Wharton,,,1654,0,3,6,24,0,0,0,3,0,0,20,196,,,,0.0,0.33,1.31,1.09,10.67,49,46,101
242,d,75.0,75.0,4.9,308,192.0,0,0.0,-1,1.0,2.1,123,41.0,75,0,5.0,16.0,7.0,10,291,0.0,710.0,298.0,0.0,15.3,0.0,1507475,852,1781868,1320,0.0,0.0,1.59,2.75,4.34,17.55,0.11,0.2,0.31,1.26,286.8,146.0,53.0,315.4,54.0,44.0,189.0,108.0,64.0,79.1,84.0,51.0,2.0,,,23,,Kiernan,Dewsbury-Hall,Dewsbury-Hall,Lack of match fitness - 75% chance of playing,,1257,4,3,6,16,0,0,0,5,0,0,15,109,,,,0.0,0.43,1.15,1.07,7.8,26,28,55
287,a,,,5.6,126,3.0,0,0.0,1,-1.0,13.7,28,4.0,100,0,4.5,39.0,1.0,11,381,5.0,19.0,1.0,0.9,17.9,0.0,1315443,10112,1024789,1690,5.0,5.0,0.0,0.13,0.13,32.16,0.0,0.01,0.01,1.46,537.4,17.0,5.0,0.1,469.0,16.0,0.0,787.0,89.0,53.7,177.0,6.0,,,,23,,Jordan,Pickford,Pickford,,,1980,0,0,9,25,0,1,0,0,0,62,22,97,,,,2.82,0.41,1.14,1.0,0.0,1,33,190
288,a,,,4.3,575,28.0,0,0.0,-2,2.0,0.1,454,70.0,0,0,0.0,622.0,85.0,0,0,0.0,560.0,82.0,0.0,0.0,0.0,3956,12,11163,13,0.0,0.0,0.0,0.0,0.0,0.0,0.0,0.0,0.0,0.0,0.0,610.0,85.0,0.0,608.0,77.0,0.0,579.0,64.0,0.0,614.0,85.0,,,,23,,Mark,Travers,Travers,,,0,0,0,0,0,0,0,0,0,0,0,0,0,,,,0.0,0.0,0.0,0.0,0.0,0,0,0
289,u,0.0,0.0,3.9,741,77.0,0,0.0,-1,1.0,0.1,466,71.0,0,0,0.0,529.0,46.0,0,0,0.0,451.0,41.0,0.0,0.0,0.0,4633,0,8792,27,0.0,0.0,0.0,0.0,0.0,0.0,0.0,0.0,0.0,0.0,0.0,517.0,46.0,0.0,510.0,33.0,0.0,473.0,18.0,0.0,520.0,46.0,,,,23,,Harry,Tyrer,Tyrer,has joined Cardiff City permanently.,,0,0,0,0,0,0,0,0,0,0,0,0,0,,,,0.0,0.0,0.0,0.0,0.0,0,0,0
290,d,75.0,75.0,5.3,197,25.0,0,0.0,-2,2.0,0.1,416,154.0,0,0,0.0,778.0,260.0,0,0,0.0,759.0,256.0,0.0,0.0,0.0,2320,33,68415,5,0.0,0.0,0.0,0.0,0.0,0.0,0.0,0.0,0.0,0.0,0.0,778.0,260.0,0.0,777.0,260.0,0.0,772.0,259.0,0.0,778.0,260.0,,,,23,,Jarrad,Branthwaite,Branthwaite,Lack of match fitness - 75% chance of playing,,0,0,0,0,0,0,0,0,0,0,0,0,0,,,,0.0,0.0,0.0,0.0,0.0,0,0,0
295,a,100.0,0.0,4.7,374,63.0,0,0.0,2,-2.0,4.2,83,27.0,96,0,5.1,15.0,7.0,8,276,2.5,150.0,58.0,0.5,20.4,0.0,1306048,1441,841933,3078,2.5,0.0,1.67,0.17,1.84,28.08,0.09,0.01,0.1,1.51,515.4,26.0,11.0,26.0,362.0,130.0,178.0,112.0,17.0,71.8,102.0,31.0,,,,23,,Michael,Keane,Keane,,,1676,3,0,6,25,0,0,0,0,1,0,19,224,,,,0.0,0.32,1.34,1.02,10.42,21,173,55
296,a,100.0,100.0,4.4,528,114.0,0,0.0,-1,1.0,0.0,605,218.0,18,0,4.5,34.0,15.0,0,56,3.0,101.0,36.0,0.7,4.1,0.0,4531,25,4368,11,3.0,3.0,0.03,0.0,0.03,2.46,0.02,0.0,0.02,1.33,45.4,389.0,148.0,2.1,435.0,159.0,17.0,366.0,129.0,6.4,418.0,152.0,,,,23,,Nathan,Patterson,Patterson,,,166,0,0,2,0,0,0,0,0,0,0,2,22,,,,0.0,1.08,0.0,1.08,11.93,6,16,7
297,a,,,3.8,785,246.0,0,0.0,-2,2.0,0.2,382,138.0,0,0,0.0,502.0,181.0,0,0,0.0,422.0,158.0,0.0,0.0,0.0,8998,9,19130,14,0.0,0.0,0.0,0.0,0.0,0.0,0.0,0.0,0.0,0.0,0.0,490.0,180.0,0.0,481.0,180.0,0.0,443.0,170.0,0.0,493.0,180.0,,,,23,,Roman,Dixon,Dixon,,,0,0,0,0,0,0,0,0,0,0,0,0,0,,,,0.0,0.0,0.0,0.0,0.0,0,0,0
298,a,,,3.8,783,244.0,0,0.0,-2,2.0,0.1,421,155.0,0,0,0.0,500.0,179.0,0,0,0.0,420.0,156.0,0.0,0.0,0.0,6614,4,13769,15,0.0,0.0,0.0,0.0,0.0,0.0,0.0,0.0,0.0,0.0,0.0,488.0,178.0,0.0,479.0,178.0,0.0,441.0,168.0,0.0,491.0,178.0,,,,23,,Reece,Welch,Welch,,,0,0,0,0,0,0,0,0,0,0,0,0,0,,,,0.0,0.0,0.0,0.0,0.0,0,0,0
299,a,100.0,100.0,6.2,75,49.0,0,0.0,-3,3.0,3.9,89,29.0,73,0,4.6,31.0,15.0,3,294,0.0,789.0,354.0,0.0,11.8,0.0,1571391,4480,2389880,847,0.0,0.0,3.12,2.69,5.81,19.27,0.21,0.18,0.39,1.29,341.0,101.0,34.0,240.2,95.0,71.0,294.0,53.0,33.0,87.6,63.0,42.0,,,1.0,23,,Iliman,Ndiaye,Ndiaye,,,1343,4,2,6,19,0,0,0,2,0,0,16,147,,,,0.0,0.4,1.27,1.07,9.85,36,16,95
300,a,,,5.5,145,92.0,0,0.0,-5,5.0,0.2,375,127.0,28,0,2.2,298.0,133.0,0,92,3.2,96.0,46.0,0.6,5.1,0.0,29616,93,54817,109,3.2,3.2,0.46,0.68,1.14,11.12,0.07,0.11,0.18,1.76,72.6,356.0,158.0,126.5,183.0,121.0,43.0,305.0,159.0,24.2,317.0,153.0,,,,23,,Dwight,McNeil,McNeil,,,570,0,2,3,3,0,0,0,1,0,0,6,49,,,,0.0,0.47,0.47,0.95,7.74,9,11,29
301,d,75.0,100.0,5.2,217,135.0,0,0.0,-3,3.0,0.1,486,171.0,25,0,1.7,364.0,161.0,0,104,0.5,333.0,152.0,0.1,4.8,0.0,16415,3,28041,35,0.4,0.5,1.04,0.43,1.47,13.0,0.14,0.06,0.2,1.78,79.4,343.0,152.0,144.0,166.0,112.0,156.0,132.0,77.0,38.0,252.0,121.0,,,,23,,Carlos,Alcaraz Durán,Alcaraz,Lack of match fitness - 75% chance of playing,,656,0,1,3,8,0,0,0,3,0,0,6,60,,,,0.0,0.41,1.1,0.82,8.23,12,10,38
304,i,0.0,0.0,4.8,365,229.0,0,0.0,-2,2.0,0.0,602,232.0,49,0,2.9,199.0,85.0,1,156,3.3,79.0,35.0,0.7,10.2,0.0,4963,0,5429,42,0.0,0.0,0.35,0.58,0.93,15.01,0.03,0.06,0.09,1.46,162.8,253.0,108.0,79.4,254.0,154.0,46.0,297.0,155.0,28.7,294.0,143.0,,,,23,,Tim,Iroegbunam,Iroegbunam,Knock - Unknown return date,,923,0,3,7,9,0,0,0,7,0,0,11,124,,,,0.0,0.68,0.88,1.07,12.09,43,27,54
305,a,100.0,100.0,4.5,491,303.0,0,0.0,0,0.0,0.1,550,200.0,9,0,2.2,292.0,127.0,0,23,1.3,247.0,105.0,0.3,2.0,0.0,5660,46,15044,20,1.3,1.3,0.0,0.11,0.11,2.42,0.0,0.05,0.05,1.15,25.2,417.0,185.0,31.5,349.0,183.0,10.0,380.0,190.0,6.7,415.0,188.0,,,,23,,Harrison,Armstrong,Armstrong,,,190,0,0,1,2,0,0,0,0,0,0,2,19,,,,0.0,0.47,0.95,0.95,9.0,3,8,8
306,a,,,4.3,603,351.0,0,0.0,-2,2.0,0.1,508,181.0,0,0,0.0,633.0,240.0,0,0,0.0,571.0,202.0,0.0,0.0,0.0,9507,28,12251,25,0.0,0.0,0.0,0.0,0.0,0.0,0.0,0.0,0.0,0.0,0.0,622.0,230.0,0.0,620.0,235.0,0.0,592.0,223.0,0.0,625.0,232.0,,,,23,,Callum,Bates,Bates,,,0,0,0,0,0,0,0,0,0,0,0,0,0,,,,0.0,0.0,0.0,0.0,0.0,0,0,0
308,u,0.0,0.0,4.5,445,267.0,0,0.0,0,0.0,0.0,681,284.0,0,0,0.0,689.0,277.0,0,0,0.0,638.0,243.0,0.0,0.0,0.0,458,0,3710,1,0.0,0.0,0.0,0.0,0.0,0.0,0.0,0.0,0.0,0.0,0.0,684.0,272.0,0.0,681.0,274.0,0.0,661.0,266.0,0.0,685.0,273.0,,,,23,,Isaac,Heath,Heath,has joined Accrington on loan for the rest of the season.,,0,0,0,0,0,0,0,0,0,0,0,0,0,,,,0.0,0.0,0.0,0.0,0.0,0,0,0
309,u,0.0,0.0,4.5,440,265.0,0,0.0,0,0.0,0.0,797,357.0,0,0,0.0,687.0,275.0,0,0,0.0,636.0,241.0,0.0,0.0,0.0,0,0,107,0,0.0,0.0,0.0,0.0,0.0,0.0,0.0,0.0,0.0,0.0,0.0,681.0,270.0,0.0,679.0,272.0,0.0,659.0,264.0,0.0,683.0,271.0,,,,23,,Jenson,Metcalfe,Metcalfe,Has joined Bradford City permanently.,,0,0,0,0,0,0,0,0,0,0,0,0,0,,,,0.0,0.0,0.0,0.0,0.0,0,0,0
310,a,,,5.7,123,32.0,0,0.0,-3,3.0,0.8,200,32.0,50,0,2.3,282.0,29.0,2,151,3.8,56.0,8.0,0.7,8.8,0.0,143247,1116,132289,510,3.8,3.8,3.59,0.15,3.74,18.68,0.27,0.01,0.28,1.42,169.0,248.0,22.0,115.2,197.0,19.0,288.0,57.0,20.0,55.8,162.0,18.0,,,,23,,Thierno,Barry,Barry,,,1181,4,0,7,16,0,0,0,2,0,0,14,39,,,,0.0,0.53,1.22,1.07,2.97,2,20,17
311,a,,,5.0,262,52.0,0,0.0,-5,5.0,2.4,116,18.0,37,0,1.7,363.0,40.0,1,86,1.7,221.0,26.0,0.3,7.4,0.0,422697,342,1082421,455,1.7,1.7,4.46,0.14,4.6,14.9,0.48,0.02,0.5,1.62,125.8,287.0,27.0,53.6,307.0,33.0,291.0,54.0,19.0,45.5,215.0,25.0,,,2.0,23,,Norberto Bercique,Gomes Betuncal,Beto,,,830,2,0,2,12,0,0,0,1,0,0,8,47,,,,0.0,0.22,1.3,0.87,5.1,9,23,15
324,a,100.0,100.0,6.3,65,43.0,0,0.0,-2,2.0,0.7,210,72.0,58,2,3.4,134.0,59.0,5,273,0.3,365.0,164.0,0.0,9.2,0.0,282016,286,387959,113,0.3,0.3,0.79,2.1,2.89,21.86,0.05,0.13,0.18,1.39,272.0,162.0,61.0,376.3,37.0,36.0,150.0,137.0,79.0,79.9,82.0,50.0,5.0,,,23,,Alex,Iwobi,Iwobi,,,1416,2,2,3,25,0,0,0,2,0,0,17,105,,,,0.0,0.19,1.59,1.08,6.67,18,20,67
325,a,100.0,75.0,5.6,130,80.0,0,0.0,-4,4.0,0.6,221,76.0,54,2,2.3,281.0,123.0,1,232,2.7,139.0,59.0,0.5,9.6,0.0,150206,59,187400,746,2.7,2.0,2.98,0.67,3.65,17.8,0.26,0.06,0.32,1.53,207.8,214.0,88.0,214.2,109.0,78.0,226.0,77.0,48.0,64.8,127.0,69.0,,,,23,,Emile,Smith Rowe,Smith Rowe,,,1046,3,1,3,14,0,0,0,1,0,0,11,85,,,,0.0,0.26,1.2,0.95,7.31,14,27,44
326,a,,,5.1,225,139.0,0,0.0,-4,4.0,0.1,420,141.0,17,0,1.1,427.0,193.0,0,58,0.5,330.0,151.0,0.1,3.3,0.0,11465,43,33280,34,0.5,0.5,0.19,0.55,0.74,4.89,0.07,0.19,0.26,1.69,20.2,426.0,190.0,61.8,283.0,163.0,57.0,281.0,149.0,13.5,371.0,174.0,,,,23,,Adama,Traoré Diarra,Adama,,,261,0,0,0,7,0,0,0,0,0,0,1,14,,,,0.0,0.0,2.41,0.34,4.83,1,1,12
327,u,0.0,0.0,5.3,185,114.0,0,0.0,-2,2.0,0.1,547,198.0,0,0,0.0,777.0,343.0,0,0,0.0,756.0,332.0,0.0,0.0,0.0,2438,0,35488,1,0.0,0.0,0.0,0.0,0.0,0.0,0.0,0.0,0.0,0.0,0.0,777.0,343.0,0.0,776.0,343.0,0.0,771.0,342.0,0.0,777.0,343.0,,,,23,,Andreas,Hoelgebaum Pereira,Andreas,has joined Palmeiras permanently.,,0,0,0,0,0,0,0,0,0,0,0,0,0,,,,0.0,0.0,0.0,0.0,0.0,0,0,0
328,a,100.0,100.0,5.4,163,102.0,0,0.0,-1,1.0,0.2,397,135.0,61,1,3.8,87.0,39.0,5,213,0.8,302.0,136.0,0.1,11.3,0.0,141321,41,133754,42,0.8,0.8,0.92,1.29,2.21,17.33,0.07,0.1,0.17,1.28,266.8,168.0,64.0,123.1,189.0,125.0,137.0,154.0,89.0,52.4,185.0,97.0,,,,23,,Ryan,Sessegnon,Sessegnon,,,1218,2,2,4,21,0,0,0,0,0,0,14,140,,,,0.0,0.3,1.55,1.03,10.34,27,67,46
329,a,100.0,100.0,6.0,83,55.0,0,0.0,5,-5.0,23.3,14,4.0,114,10,5.2,13.0,6.0,16,432,5.7,10.0,6.0,1.0,19.0,0.0,3785333,23619,925865,7904,5.7,5.7,3.89,2.85,6.74,22.95,0.21,0.15,0.36,1.23,491.8,33.0,8.0,389.3,31.0,30.0,415.0,25.0,12.0,129.3,16.0,13.0,3.0,3.0,3.0,23,,Harry,Wilson,Wilson,,,1674,8,6,6,21,0,0,0,6,0,0,20,115,,,,0.0,0.32,1.13,1.08,6.18,19,42,54
330,a,,,4.9,301,187.0,0,0.0,-1,1.0,0.1,503,178.0,57,1,2.5,256.0,109.0,3,342,3.2,91.0,42.0,0.7,11.6,0.0,9566,42,10357,31,3.2,3.2,0.64,0.89,1.53,29.37,0.03,0.04,0.07,1.39,319.4,118.0,42.0,247.4,88.0,65.0,46.0,298.0,156.0,61.5,140.0,77.0,,,,23,,Sander,Berge,Berge,,,1901,0,2,5,30,1,0,0,4,0,0,22,187,,,,0.0,0.24,1.42,1.04,8.85,37,64,86
331,a,100.0,100.0,4.8,346,217.0,0,0.0,-2,2.0,0.0,626,248.0,23,1,1.5,391.0,175.0,1,96,2.2,180.0,72.0,0.5,4.8,0.0,2332,8,4026,13,2.2,2.2,0.85,0.27,1.12,7.97,0.17,0.05,0.22,1.62,76.8,346.0,154.0,82.1,250.0,150.0,48.0,293.0,153.0,20.8,334.0,162.0,,,,23,,Tom,Cairney,Cairney,,,442,1,0,0,8,0,0,0,2,0,0,3,34,,,,0.0,0.0,1.63,0.61,6.92,3,7,24
332,i,0.0,0.0,4.9,305,190.0,0,0.0,-1,1.0,0.1,537,191.0,50,0,2.6,240.0,103.0,3,225,2.3,168.0,70.0,0.5,10.2,0.0,14526,1,17957,22,0.0,0.0,1.74,1.35,3.09,18.45,0.13,0.1,0.23,1.37,232.0,189.0,81.0,338.7,45.0,40.0,119.0,177.0,102.0,68.9,114.0,62.0,1.0,,,23,,Saša,Lukić,Lukić,Hamstring injury - Expected back 22 Feb,,1208,1,3,4,17,0,0,0,6,0,0,15,127,,,,0.0,0.3,1.27,1.12,9.46,35,43,49
333,u,0.0,0.0,4.5,469,287.0,0,0.0,0,0.0,0.0,656,270.0,0,0,0.0,705.0,291.0,0,0,0.0,655.0,258.0,0.0,0.0,0.0,898,0,6535,0,0.0,0.0,0.0,0.0,0.0,0.0,0.0,0.0,0.0,0.0,0.0,702.0,288.0,0.0,698.0,289.0,0.0,680.0,283.0,0.0,703.0,289.0,,,,23,,Martial,Godo,Godo,has joined Strasbourg permanently.,,0,0,0,0,0,0,0,0,0,0,0,0,0,,,,0.0,0.0,0.0,0.0,0.0,0,0,0
334,u,0.0,0.0,4.5,449,270.0,0,0.0,0,0.0,0.0,786,347.0,0,0,0.0,692.0,280.0,0,0,0.0,641.0,246.0,0.0,0.0,0.0,0,0,305,0,0.0,0.0,0.0,0.0,0.0,0.0,0.0,0.0,0.0,0.0,0.0,687.0,275.0,0.0,684.0,277.0,0.0,664.0,269.0,0.0,688.0,276.0,,,,23,,Luke,Harris,Harris,Has joined Oxford United on loan for the rest of the season.,,0,0,0,0,0,0,0,0,0,0,0,0,0,,,,0.0,0.0,0.0,0.0,0.0,0,0,0
335,a,100.0,100.0,4.4,551,330.0,0,0.0,-1,1.0,1.9,137,47.0,36,4,1.8,347.0,152.0,0,124,0.8,293.0,129.0,0.2,8.2,0.0,913199,291,808714,774,0.8,0.8,1.17,0.42,1.59,12.9,0.12,0.04,0.16,1.32,104.4,312.0,139.0,105.6,209.0,133.0,172.0,117.0,68.0,37.4,258.0,124.0,,,,23,,Josh,King,King,,,878,0,2,3,15,0,0,0,3,0,0,11,71,,,,0.0,0.31,1.54,1.13,7.28,18,15,38
336,a,,,4.3,569,338.0,0,0.0,-2,2.0,0.3,310,103.0,11,0,2.8,211.0,93.0,2,34,1.7,213.0,93.0,0.4,2.6,0.0,58420,182,55771,150,1.7,1.7,0.04,0.24,0.28,0.41,0.26,1.54,1.8,2.64,35.6,401.0,177.0,8.4,413.0,202.0,7.0,397.0,194.0,5.1,424.0,191.0,,,,23,,Harrison,Reed,Reed,,,14,1,0,0,1,0,0,0,0,0,0,0,1,,,,0.0,0.0,6.43,0.0,6.43,0,0,1
337,a,100.0,100.0,6.2,72,24.0,0,0.0,-3,3.0,2.2,122,19.0,71,2,3.2,160.0,14.0,5,262,4.2,41.0,6.0,0.7,11.5,0.0,498617,1047,490084,2156,4.2,4.2,6.36,0.69,7.05,22.29,0.39,0.04,0.43,1.35,296.6,138.0,12.0,240.3,94.0,3.0,494.0,15.0,9.0,102.7,39.0,9.0,,1.0,1.0,23,,Raúl,Jiménez Rodríguez,Raúl,,,1485,5,4,5,18,0,0,0,4,0,0,18,86,,,,0.0,0.3,1.09,1.09,5.21,18,30,38
737,a,,,4.5,501,70.0,0,0.0,0,0.0,0.1,496,70.0,4,0,0.8,486.0,59.0,0,11,0.2,389.0,43.0,0.0,0.9,0.0,16588,35,12837,32,0.2,0.2,0.0,0.07,0.07,0.75,0.0,0.21,0.21,2.25,1.2,472.0,56.0,11.4,393.0,50.0,8.0,389.0,53.0,2.1,446.0,53.0,,,,23,,Jonah,Kusi-Asare,Kusi-Asare,,,30,0,0,0,2,0,0,0,1,0,0,0,2,,,,0.0,0.0,6.0,0.0,6.0,0,0,2
770,a,,,4.5,496,308.0,0,0.0,0,0.0,0.0,769,336.0,0,0,0.0,726.0,307.0,0,0,0.0,677.0,275.0,0.0,0.0,0.0,364,3,145,3,0.0,0.0,0.0,0.0,0.0,0.0,0.0,0.0,0.0,0.0,0.0,725.0,306.0,0.0,720.0,306.0,0.0,703.0,301.0,0.0,725.0,306.0,,,,23,,Seth,Ridgeon,Ridgeon,,,0,0,0,0,0,0,0,0,0,0,0,0,0,,,,0.0,0.0,0.0,0.0,0.0,0,0,0
786,a,,,4.0,685,58.0,0,0.0,0,0.0,0.0,768,86.0,0,0,0.0,583.0,76.0,0,0,0.0,506.0,71.0,0.0,0.0,0.0,223,4,66,4,0.0,0.0,0.0,0.0,0.0,0.0,0.0,0.0,0.0,0.0,0.0,571.0,76.0,0.0,566.0,65.0,0.0,531.0,50.0,0.0,574.0,76.0,,,,23,,Alfie,McNally,McNally,,,0,0,0,0,0,0,0,0,0,0,0,0,0,,,,0.0,0.0,0.0,0.0,0.0,0,0,0
168,a,100.0,100.0,4.6,396,246.0,0,0.0,-4,4.0,0.1,479,167.0,1,0,1.0,462.0,215.0,0,4,0.0,686.0,282.0,0.0,0.2,0.0,13019,42,26401,31,-1.0,0.0,0.0,0.09,0.09,0.55,0.0,0.18,0.18,1.1,5.6,449.0,205.0,25.1,364.0,188.0,8.0,390.0,192.0,3.9,434.0,197.0,,,,23,,Facundo,Buonanotte,Buonanotte,,,45,0,0,0,1,0,0,0,0,0,0,1,3,,,,0.0,0.0,2.0,2.0,6.0,1,0,2
339,a,,,4.2,627,35.0,0,0.0,-3,3.0,0.3,295,39.0,0,0,0.0,615.0,84.0,0,0,0.0,542.0,79.0,0.0,0.0,0.0,11618,13,60797,27,-1.0,0.0,0.0,0.0,0.0,0.0,0.0,0.0,0.0,0.0,0.0,604.0,84.0,0.0,599.0,74.0,0.0,568.0,60.0,0.0,608.0,84.0,,,,23,,Illan,Meslier,Meslier,,,0,0,0,0,0,0,0,0,0,0,0,0,0,,,,0.0,0.0,0.0,0.0,0.0,0,0,0
342,a,100.0,100.0,4.4,521,107.0,0,0.0,-1,1.0,0.2,403,147.0,51,0,2.5,252.0,98.0,0,140,1.5,231.0,87.0,0.3,11.6,0.0,26734,25,34156,39,0.5,1.5,1.15,0.98,2.13,23.05,0.06,0.05,0.11,1.25,218.0,198.0,79.0,152.8,160.0,40.0,114.0,184.0,41.0,48.6,199.0,64.0,,,,23,,Jayden,Bogle,Bogle,,,1660,0,2,4,30,0,0,0,4,0,0,19,145,,,,0.0,0.22,1.63,1.03,5.48,39,62,88
343,a,100.0,100.0,4.3,573,129.0,0,0.0,-2,2.0,0.4,264,99.0,64,0,3.2,148.0,60.0,3,220,4.3,29.0,10.0,1.0,14.9,0.0,67551,251,64656,225,3.3,4.3,2.21,0.43,2.64,26.07,0.12,0.02,0.14,1.37,411.6,58.0,28.0,104.6,214.0,57.0,174.0,114.0,18.0,69.0,112.0,35.0,,,3.0,23,,Pascal,Struijk,Struijk,,,1718,0,1,4,31,0,0,0,3,0,0,19,188,,,,0.0,0.21,1.62,1.0,8.85,20,149,75
344,i,0.0,0.0,3.9,739,214.0,0,0.0,-1,1.0,0.5,250,95.0,43,0,3.6,110.0,40.0,2,150,2.7,128.0,45.0,0.7,11.0,0.0,98161,8,58962,769,0.0,0.0,0.48,0.5,0.98,16.9,0.04,0.05,0.09,1.55,268.4,166.0,70.0,37.7,337.0,115.0,129.0,164.0,32.0,43.5,222.0,76.0,,,,23,,Jaka,Bijol,Bijol,Hamstring injury - Expected back 10 Feb,,982,1,2,1,18,0,0,0,1,0,0,11,111,,,,0.0,0.09,1.65,1.01,9.16,14,86,38
345,a,100.0,100.0,3.8,781,242.0,0,0.0,-2,2.0,0.1,444,163.0,12,0,2.0,318.0,120.0,0,34,1.7,212.0,77.0,0.4,3.2,0.0,14496,46,12302,35,0.7,1.7,0.0,0.01,0.01,3.64,0.0,0.01,0.01,1.99,26.6,413.0,156.0,4.9,422.0,153.0,6.0,402.0,150.0,3.7,435.0,157.0,,,,23,,Sebastiaan,Bornauw,Bornauw,,,165,0,0,1,2,0,0,0,0,0,0,2,17,,,,0.0,0.55,1.09,1.09,9.27,2,15,2
347,d,75.0,75.0,3.8,777,238.0,0,0.0,-2,2.0,4.2,85,29.0,55,0,2.5,247.0,95.0,8,220,3.0,99.0,34.0,0.8,14.5,0.0,849589,777,679270,2142,1.5,2.2,0.98,1.89,2.86,27.22,0.05,0.09,0.14,1.34,339.6,103.0,45.0,303.2,57.0,11.0,120.0,175.0,35.0,76.4,89.0,21.0,,,,23,,Gabriel,Gudmundsson,Gudmundsson,Muscle injury - 75% chance of playing,,1830,0,0,4,33,1,0,0,2,0,0,21,166,,,,0.0,0.2,1.62,1.03,6.44,48,83,85
348,a,100.0,100.0,3.9,734,211.0,0,0.0,-1,1.0,3.4,96,36.0,64,0,3.2,146.0,59.0,5,218,1.3,243.0,89.0,0.3,16.4,0.0,974414,1172,828173,920,0.3,1.3,0.93,0.16,1.09,27.23,0.05,0.01,0.06,1.41,429.0,50.0,24.0,60.5,291.0,95.0,156.0,131.0,22.0,64.6,128.0,41.0,,,,23,,Joe,Rodon,Rodon,,,1740,2,0,3,35,0,0,0,1,0,0,20,180,,,,0.0,0.16,1.81,1.03,7.86,18,134,54
349,u,0.0,0.0,4.0,679,174.0,0,0.0,0,0.0,0.1,533,195.0,0,0,0.0,578.0,214.0,0,0,0.0,500.0,193.0,0.0,0.0,0.0,788,0,15685,3,0.0,0.0,0.0,0.0,0.0,0.0,0.0,0.0,0.0,0.0,0.0,566.0,213.0,0.0,561.0,214.0,0.0,526.0,207.0,0.0,569.0,213.0,,,,23,,Isaac,Schmidt,Schmidt,has joined Werder Bremen on loan for the rest of the season.,,0,0,0,0,0,0,0,0,0,0,0,0,0,,,,0.0,0.0,0.0,0.0,0.0,0,0,0
350,a,,,5.4,169,105.0,0,0.0,-1,1.0,0.8,196,67.0,87,0,4.1,66.0,27.0,5,312,5.3,12.0,7.0,1.0,16.1,0.0,149430,1473,55008,935,4.3,5.3,3.11,2.68,5.79,19.38,0.21,0.18,0.39,1.31,346.2,94.0,30.0,302.0,58.0,46.0,340.0,40.0,23.0,98.8,47.0,33.0,,,,23,,Brenden,Aaronson,Aaronson,,,1332,4,6,5,19,0,0,0,1,0,0,15,124,,,,0.0,0.34,1.28,1.01,8.38,33,18,73
351,a,100.0,100.0,5.2,216,134.0,0,0.0,-3,3.0,0.1,489,173.0,20,0,1.5,393.0,177.0,0,86,0.7,314.0,145.0,0.1,3.8,0.0,8429,16,39093,12,-0.3,0.7,0.25,0.53,0.78,7.87,0.07,0.14,0.21,2.1,59.0,374.0,166.0,85.2,241.0,147.0,29.0,332.0,173.0,17.4,355.0,169.0,,,,23,,Wilfried,Gnonto,Gnonto,,,337,0,2,1,10,0,0,0,2,0,0,4,37,,,,0.0,0.27,2.67,1.07,9.88,14,9,14
352,u,0.0,0.0,5.1,228,141.0,0,0.0,-4,4.0,0.1,563,207.0,12,0,1.1,428.0,194.0,0,51,0.0,748.0,326.0,0.0,2.4,0.0,6000,0,17717,38,0.0,0.0,0.28,0.23,0.51,3.82,0.1,0.08,0.18,1.31,30.0,409.0,182.0,49.4,316.0,176.0,35.0,320.0,168.0,11.5,384.0,177.0,4.0,,,23,,Jack,Harrison,Harrison,has joined ACF Fiorentina on loan for the rest of the season.,,262,0,0,0,5,0,0,0,0,0,0,1,24,,,,0.0,0.0,1.72,0.34,8.24,5,6,13
353,d,50.0,25.0,5.2,205,129.0,0,0.0,-3,3.0,0.1,474,163.0,13,0,1.3,415.0,188.0,0,50,0.0,752.0,330.0,0.0,2.5,0.0,7268,1,52045,9,-0.5,0.0,0.71,0.56,1.27,8.79,0.18,0.14,0.32,2.27,36.0,400.0,176.0,95.0,224.0,137.0,87.0,229.0,125.0,21.9,330.0,161.0,,,,23,,Daniel,James,James,Lack of match fitness - 50% chance of playing,,348,0,0,1,12,0,0,0,0,0,0,4,18,,,,0.0,0.26,3.1,1.03,4.66,4,2,12
354,a,100.0,100.0,4.9,296,184.0,0,0.0,-1,1.0,0.1,410,139.0,68,0,3.6,113.0,51.0,5,315,3.0,106.0,51.0,0.6,13.9,0.0,29515,102,23318,84,2.0,3.0,1.59,1.26,2.85,25.12,0.09,0.07,0.16,1.35,352.0,93.0,29.0,203.9,113.0,82.0,79.0,240.0,129.0,63.7,134.0,73.0,,,,23,,Ethan,Ampadu,Ampadu,,,1679,1,1,4,30,0,0,0,7,0,0,19,225,,,,0.0,0.21,1.61,1.02,12.06,45,80,100
355,u,0.0,0.0,4.9,316,196.0,0,0.0,-1,1.0,0.0,627,249.0,0,0,0.0,748.0,321.0,0,0,0.0,712.0,299.0,0.0,0.0,0.0,1234,0,10047,4,0.0,0.0,0.0,0.0,0.0,0.0,0.0,0.0,0.0,0.0,0.0,747.0,320.0,0.0,743.0,320.0,0.0,735.0,318.0,0.0,747.0,320.0,,,,23,,Sam,Greenwood,Greenwood,has joined Pogon Szczecin permanently.,,0,0,0,0,0,0,0,0,0,0,0,0,0,,,,0.0,0.0,0.0,0.0,0.0,0,0,0
356,a,,,4.7,385,241.0,0,0.0,-3,3.0,0.1,560,205.0,31,0,2.4,264.0,112.0,0,152,2.5,151.0,63.0,0.5,6.6,0.0,5658,18,6163,20,1.5,2.5,0.03,0.32,0.35,15.75,0.0,0.04,0.04,1.94,101.0,315.0,140.0,83.3,247.0,149.0,7.0,399.0,195.0,19.2,344.0,165.0,,,,23,,Ilia,Gruev,Gruev,,,730,0,2,3,16,0,0,0,1,0,0,8,72,,,,0.0,0.37,1.97,0.99,8.88,16,17,39
357,u,0.0,0.0,4.9,320,198.0,0,0.0,-1,1.0,0.0,690,293.0,0,0,0.0,750.0,323.0,0,0,0.0,715.0,301.0,0.0,0.0,0.0,203,0,4298,2,0.0,0.0,0.0,0.0,0.0,0.0,0.0,0.0,0.0,0.0,0.0,749.0,322.0,0.0,745.0,322.0,0.0,737.0,320.0,0.0,749.0,322.0,,,,23,,Largie,Ramazani,Ramazani,has joined Valencia on loan for the rest of the season.,,0,0,0,0,0,0,0,0,0,0,0,0,0,,,,0.0,0.0,0.0,0.0,0.0,0,0,0
358,a,100.0,100.0,4.8,362,226.0,0,0.0,-2,2.0,0.2,338,113.0,42,0,2.2,294.0,129.0,2,161,0.8,296.0,131.0,0.2,8.8,0.0,49831,43,51349,164,-0.2,0.8,0.83,0.61,1.44,13.06,0.1,0.08,0.18,1.65,133.6,280.0,127.0,123.8,187.0,124.0,78.0,243.0,131.0,33.5,272.0,134.0,,,,23,,Tanaka,Ao,Tanaka,,,713,2,0,2,15,0,0,0,1,0,0,7,78,,,,0.0,0.25,1.89,0.88,9.85,15,19,44
359,u,0.0,0.0,4.5,455,276.0,0,0.0,0,0.0,0.0,764,332.0,0,0,0.0,696.0,284.0,0,0,0.0,645.0,250.0,0.0,0.0,0.0,0,0,960,0,0.0,0.0,0.0,0.0,0.0,0.0,0.0,0.0,0.0,0.0,0.0,691.0,279.0,0.0,688.0,281.0,0.0,668.0,273.0,0.0,692.0,280.0,,,,23,,Charlie,Crew,Crew,Has joined Doncaster Rovers on loan for the rest of the season.,,0,0,0,0,0,0,0,0,0,0,0,0,0,,,,0.0,0.0,0.0,0.0,0.0,0,0,0
360,u,0.0,0.0,4.5,432,260.0,0,0.0,0,0.0,0.0,734,314.0,0,0,0.0,684.0,272.0,0,0,0.0,632.0,237.0,0.0,0.0,0.0,0,0,2864,0,0.0,0.0,0.0,0.0,0.0,0.0,0.0,0.0,0.0,0.0,0.0,677.0,266.0,0.0,676.0,269.0,0.0,655.0,261.0,0.0,680.0,268.0,,,,23,,Joe,Gelhardt,Gelhardt,Has joined Hull City on loan for the rest of the season.,,0,0,0,0,0,0,0,0,0,0,0,0,0,,,,0.0,0.0,0.0,0.0,0.0,0,0,0
364,u,0.0,0.0,5.0,275,53.0,0,0.0,0,0.0,0.0,721,85.0,0,0,0.0,769.0,84.0,0,0,0.0,741.0,77.0,0.0,0.0,0.0,0,0,2409,0,0.0,0.0,0.0,0.0,0.0,0.0,0.0,0.0,0.0,0.0,0.0,768.0,84.0,0.0,766.0,84.0,0.0,760.0,84.0,0.0,768.0,84.0,,,,23,,Mateo,Joseph Fernández-Regatillo,Mateo Joseph,Has joined RCD Mallorca on loan for the rest of the season.,,0,0,0,0,0,0,0,0,0,0,0,0,0,,,,0.0,0.0,0.0,0.0,0.0,0,0,0
365,a,100.0,100.0,5.0,246,50.0,0,0.0,0,0.0,0.6,242,39.0,49,0,2.6,242.0,24.0,6,181,2.0,196.0,23.0,0.4,9.8,0.0,184929,244,196236,161,1.0,2.0,4.89,0.35,5.24,12.4,0.73,0.05,0.78,1.85,196.2,224.0,20.0,44.9,325.0,37.0,283.0,60.0,21.0,52.5,184.0,21.0,,,1.0,23,,Lukas,Nmecha,Nmecha,,,602,5,0,2,14,0,0,1,0,0,0,6,32,,,,0.0,0.3,2.09,0.9,4.78,5,11,16
493,a,100.0,100.0,4.8,350,221.0,0,0.0,-2,2.0,0.2,344,116.0,40,0,3.3,138.0,60.0,4,221,0.0,695.0,288.0,0.0,8.3,0.0,175534,19,177783,31,-1.0,0.0,0.74,1.27,2.01,11.28,0.08,0.13,0.21,1.16,228.2,190.0,82.0,327.0,48.0,41.0,54.0,287.0,152.0,60.9,142.0,79.0,1.0,2.0,,23,,Sean,Longstaff,Longstaff,,,877,1,2,1,15,0,0,0,1,0,0,10,94,,,,0.0,0.1,1.54,1.03,9.65,35,23,36
660,d,75.0,75.0,4.9,329,204.0,0,0.0,-1,1.0,2.7,112,35.0,87,0,4.6,29.0,13.0,6,346,2.5,153.0,64.0,0.5,17.8,0.0,923186,187,634948,3383,1.1,1.9,2.09,2.85,4.94,22.89,0.12,0.17,0.29,1.35,392.8,70.0,22.0,603.6,5.0,5.0,213.0,88.0,53.0,121.1,22.0,18.0,3.0,1.0,,23,,Anton,Stach,Stach,Muscle injury - 75% chance of playing,,1529,3,5,3,28,0,0,0,2,0,0,18,163,,,,0.0,0.18,1.65,1.06,9.59,36,49,78
665,a,100.0,100.0,4.5,410,22.0,0,0.0,0,0.0,0.3,330,44.0,43,0,2.7,228.0,20.0,3,153,2.5,148.0,15.0,0.6,9.6,0.0,37244,69,53628,68,1.5,2.5,0.0,0.0,0.0,26.68,0.0,0.0,0.0,1.67,322.4,116.0,17.0,0.0,660.0,82.0,0.0,637.0,70.0,32.2,279.0,17.0,,,,23,,Lucas Estella,Perri,Perri,,,1440,0,0,3,29,0,0,0,2,0,38,16,39,,,,2.38,0.19,1.81,1.0,0.0,0,16,100
691,a,100.0,100.0,6.0,84,27.0,0,0.0,5,-5.0,13.9,24,5.0,91,0,4.5,40.0,4.0,15,299,3.5,74.0,9.0,0.6,15.2,0.0,2455724,6643,718153,9022,2.5,3.5,8.2,0.89,9.08,16.71,0.53,0.06,0.59,1.07,363.4,88.0,7.0,188.0,127.0,6.0,588.0,7.0,6.0,113.2,32.0,6.0,,,,23,,Dominic,Calvert-Lewin,Calvert-Lewin,,,1399,9,2,4,20,0,0,0,1,0,0,15,45,,,,0.0,0.26,1.29,0.96,2.89,8,12,25
698,a,100.0,100.0,5.5,146,93.0,0,0.0,0,0.0,0.1,461,156.0,52,0,2.7,231.0,101.0,3,172,1.5,236.0,100.0,0.3,9.5,0.0,57684,43,49323,62,0.5,1.5,2.82,0.88,3.7,16.8,0.23,0.07,0.3,1.37,175.6,243.0,102.0,172.3,140.0,99.0,272.0,64.0,40.0,62.0,138.0,76.0,,,,23,,Noah,Okafor,Okafor,,,1100,2,2,3,21,0,0,0,2,0,0,14,75,,,,0.0,0.25,1.72,1.15,6.14,17,20,38
706,a,,,3.9,736,212.0,0,0.0,-1,1.0,0.3,317,117.0,27,0,2.1,303.0,112.0,3,79,3.2,87.0,30.0,0.8,6.9,0.0,46276,235,26670,83,2.2,3.2,0.29,0.17,0.46,11.48,0.05,0.03,0.08,1.99,103.0,313.0,120.0,37.4,338.0,116.0,46.0,296.0,93.0,18.8,349.0,121.0,,,,23,,James,Justin,Justin,,,519,0,0,2,9,0,0,0,1,0,0,5,58,,,,0.0,0.35,1.56,0.87,8.84,8,43,24
741,u,0.0,0.0,4.5,486,67.0,0,0.0,0,0.0,0.1,460,65.0,0,0,0.0,719.0,77.0,0,0,0.0,669.0,68.0,0.0,0.0,0.0,27606,0,21052,97,0.0,0.0,0.0,0.0,0.0,0.0,0.0,0.0,0.0,0.0,0.0,717.0,77.0,0.0,712.0,76.0,0.0,695.0,76.0,0.0,717.0,77.0,,,,23,,Harry,Gray,Gray,has joined Rotherham United on loan for the rest of the season.,,0,0,0,0,0,0,0,0,0,0,0,0,0,,,,0.0,0.0,0.0,0.0,0.0,0,0,0
787,a,,,4.5,467,285.0,0,0.0,0,0.0,0.0,778,342.0,0,0,0.0,703.0,289.0,0,0,0.0,653.0,256.0,0.0,0.0,0.0,325,5,127,1,-1.0,0.0,0.0,0.0,0.0,0.0,0.0,0.0,0.0,0.0,0.0,700.0,286.0,0.0,696.0,287.0,0.0,678.0,281.0,0.0,701.0,287.0,,,,23,,Sam,Chambers,Chambers,,,0,0,0,0,0,0,0,0,0,0,0,0,0,,,,0.0,0.0,0.0,0.0,0.0,0,0,0
366,a,100.0,100.0,5.4,158,4.0,0,0.0,-1,1.0,6.1,66,10.0,65,1,3.6,117.0,12.0,6,261,3.8,54.0,4.0,0.7,12.0,0.0,526612,719,1216460,2128,4.3,4.3,0.0,0.02,0.02,19.4,0.0,0.0,0.0,1.08,291.0,142.0,20.0,0.1,468.0,15.0,0.0,773.0,88.0,29.1,293.0,20.0,,,,23,,Alisson,Becker,A.Becker,,,1620,0,0,6,22,0,0,0,0,0,36,18,63,,,,2.0,0.33,1.22,1.0,0.0,0,26,155
367,a,,,4.2,629,36.0,0,0.0,-3,3.0,0.6,241,32.0,19,0,3.8,82.0,7.0,0,70,0.0,543.0,80.0,0.0,4.5,0.0,149870,50,159826,174,0.5,0.5,0.0,0.0,0.0,7.1,0.0,0.0,0.0,1.42,140.0,272.0,22.0,0.0,600.0,75.0,0.0,569.0,61.0,13.9,370.0,22.0,,,,23,,Giorgi,Mamardashvili,Mamardashvili,,,450,0,0,1,10,0,1,0,0,0,17,5,45,,,,3.4,0.2,2.0,1.0,0.0,0,7,43
368,a,,,3.8,800,91.0,0,0.0,-2,2.0,0.4,263,34.0,0,0,0.0,512.0,32.0,0,0,0.0,433.0,27.0,0.0,0.0,0.0,65191,830,31148,164,0.5,0.5,0.0,0.0,0.0,0.0,0.0,0.0,0.0,0.0,0.0,500.0,32.0,0.0,492.0,18.0,0.0,455.0,3.0,0.0,503.0,32.0,,,,23,,Ármin,Pécsi,Pécsi,,,0,0,0,0,0,0,0,0,0,0,0,0,0,,,,0.0,0.0,0.0,0.0,0.0,0,0,0
369,a,,,3.9,730,72.0,0,0.0,-1,1.0,0.2,380,54.0,0,0,0.0,522.0,41.0,0,0,0.0,444.0,36.0,0.0,0.0,0.0,21682,4,15501,30,0.5,0.5,0.0,0.0,0.0,0.0,0.0,0.0,0.0,0.0,0.0,510.0,41.0,0.0,503.0,28.0,0.0,466.0,13.0,0.0,513.0,41.0,,,,23,,Freddie,Woodman,Woodman,,,0,0,0,0,0,0,0,0,0,0,0,0,0,,,,0.0,0.0,0.0,0.0,0.0,0,0,0
370,a,100.0,100.0,5.8,106,8.0,0,0.0,-2,2.0,6.8,57,18.0,34,0,3.1,174.0,68.0,0,133,3.8,57.0,23.0,0.7,5.9,0.0,581273,1872,3065192,4027,4.3,4.3,0.37,1.02,1.39,5.96,0.06,0.17,0.23,1.0,81.6,338.0,129.0,137.9,171.0,42.0,92.0,222.0,58.0,31.3,284.0,95.0,,,,23,,Jeremie,Frimpong,Frimpong,,,538,0,4,2,7,0,0,0,0,0,0,6,20,,,,0.0,0.33,1.17,1.0,2.68,4,12,31
371,a,,,5.6,133,16.0,0,0.0,-4,4.0,3.0,109,44.0,53,0,2.4,269.0,105.0,4,240,2.3,172.0,65.0,0.4,9.5,0.0,300475,400,762735,708,2.8,2.8,0.95,0.58,1.53,19.29,0.06,0.03,0.09,1.13,312.2,123.0,54.0,329.8,47.0,6.0,108.0,196.0,48.0,75.1,94.0,26.0,,,,23,,Milos,Kerkez,Kerkez,,,1535,1,0,4,24,0,0,0,4,0,0,19,131,,,,0.0,0.23,1.41,1.11,6.16,34,71,58
372,a,,,5.7,114,10.0,0,0.0,-3,3.0,1.0,184,72.0,25,1,1.8,357.0,134.0,2,112,1.3,256.0,95.0,0.2,4.4,0.0,51343,72,126476,136,1.8,1.8,0.21,0.77,0.97,7.43,0.04,0.13,0.17,1.24,109.8,308.0,117.0,167.6,145.0,36.0,49.0,292.0,91.0,32.7,277.0,91.0,,,,23,,Andrew,Robertson,Robertson,,,538,0,0,2,8,0,0,0,0,0,0,4,40,,,,0.0,0.33,1.34,0.67,5.02,10,20,21
373,a,,,5.9,91,6.0,0,0.0,-1,1.0,22.2,16,5.0,88,7,3.8,89.0,35.0,4,340,4.0,46.0,18.0,0.7,14.9,0.0,2634417,2016,3113559,6539,4.5,4.5,1.09,0.72,1.81,26.5,0.05,0.03,0.08,1.15,592.8,11.0,4.0,132.4,176.0,45.0,146.0,145.0,27.0,87.0,66.0,12.0,,,,23,,Virgil,van Dijk,Virgil,,,2070,1,0,7,32,0,0,0,3,0,0,23,237,,,,0.0,0.3,1.39,1.0,9.22,16,196,51
374,d,75.0,25.0,5.4,164,19.0,0,0.0,-1,1.0,3.1,105,43.0,81,0,3.7,105.0,38.0,6,315,3.2,94.0,33.0,0.6,15.0,0.0,551162,34,598914,5239,2.8,0.9,0.81,0.81,1.62,21.63,0.04,0.04,0.08,1.04,478.2,37.0,16.0,107.5,208.0,53.0,73.0,252.0,70.0,66.1,122.0,39.0,,,,23,,Ibrahima,Konaté,Konaté,Personal Reasons - 75% chance of playing,,1876,0,0,7,26,0,0,0,5,0,0,22,212,,,,0.0,0.34,1.25,1.06,8.97,31,156,61
375,i,0.0,0.0,5.0,265,43.0,0,0.0,0,0.0,0.2,381,137.0,42,0,2.8,214.0,83.0,2,157,3.5,69.0,28.0,0.7,8.4,0.0,62485,7,67738,218,0.0,0.0,0.18,0.84,1.02,10.77,0.02,0.08,0.1,1.04,157.4,256.0,103.0,105.2,210.0,54.0,62.0,272.0,78.0,32.3,278.0,92.0,,,,23,,Conor,Bradley,Bradley,Knee injury - Expected back 01 Jun,,928,0,2,4,13,0,0,0,5,0,0,12,82,,,,0.0,0.39,1.26,1.16,6.3,19,46,43
376,a,100.0,100.0,4.9,294,47.0,0,0.0,-1,1.0,0.2,408,148.0,25,0,2.3,275.0,107.0,2,70,0.3,360.0,133.0,0.1,5.1,0.0,22163,50,26864,40,0.8,0.8,0.18,0.54,0.72,3.77,0.06,0.17,0.23,1.21,74.8,350.0,132.0,56.9,300.0,98.0,22.0,354.0,121.0,15.3,362.0,129.0,,,,23,,Joe,Gomez,Gomez,,,280,0,2,2,7,0,0,0,2,0,0,4,21,,,,0.0,0.64,2.25,1.29,6.43,2,18,9
377,u,0.0,0.0,4.8,355,59.0,0,0.0,-2,2.0,0.0,582,211.0,0,0,0.0,739.0,256.0,0,0,0.0,696.0,249.0,0.0,0.0,0.0,1669,0,12178,1,0.0,0.0,0.0,0.0,0.0,0.0,0.0,0.0,0.0,0.0,0.0,738.0,256.0,0.0,733.0,256.0,0.0,721.0,255.0,0.0,738.0,256.0,,,,23,,Konstantinos,Tsimikas,Tsimikas,has joined AS Roma on loan for the rest of the season.,,0,0,0,0,0,0,0,0,0,0,0,0,0,,,,0.0,0.0,0.0,0.0,0.0,0,0,0
378,a,100.0,100.0,3.7,802,262.0,0,0.0,-3,3.0,1.0,178,70.0,0,0,0.0,493.0,173.0,0,0,0.0,410.0,147.0,0.0,0.0,0.0,169571,1569,66835,778,0.5,0.5,0.0,0.0,0.0,0.0,0.0,0.0,0.0,0.0,0.0,480.0,171.0,0.0,470.0,170.0,0.0,432.0,160.0,0.0,483.0,171.0,,,,23,,Amara,Nallo,Nallo,,,0,0,0,0,0,0,0,0,0,0,0,0,0,,,,0.0,0.0,0.0,0.0,0.0,0,0,0
379,a,,,3.8,774,235.0,0,0.0,-2,2.0,0.2,356,130.0,0,0,0.0,496.0,175.0,0,0,0.0,415.0,151.0,0.0,0.0,0.0,24471,8,27310,51,0.5,0.5,0.0,0.0,0.0,0.0,0.0,0.0,0.0,0.0,0.0,484.0,174.0,0.0,474.0,173.0,0.0,436.0,163.0,0.0,487.0,174.0,,,,23,,Rhys,Williams,R.Williams,,,0,0,0,0,0,0,0,0,0,0,0,0,0,,,,0.0,0.0,0.0,0.0,0.0,0,0,0
380,a,,,3.8,784,245.0,0,0.0,-2,2.0,0.2,347,126.0,0,0,0.0,501.0,180.0,0,0,0.0,421.0,157.0,0.0,0.0,0.0,26451,16,29273,30,0.5,0.5,0.0,0.0,0.0,0.0,0.0,0.0,0.0,0.0,0.0,489.0,179.0,0.0,480.0,179.0,0.0,442.0,169.0,0.0,492.0,179.0,,,,23,,Calvin,Ramsay,Ramsay,,,0,0,0,0,0,0,0,0,0,0,0,0,0,,,,0.0,0.0,0.0,0.0,0.0,0,0,0
381,a,100.0,100.0,14.0,2,1.0,0,0.0,-5,5.0,14.3,22,9.0,69,5,4.6,33.0,16.0,5,219,0.8,305.0,139.0,0.1,4.9,0.0,1290531,2702,5829180,953,1.3,1.3,4.96,2.81,7.77,18.86,0.35,0.2,0.55,1.33,283.2,152.0,57.0,461.1,18.0,17.0,413.0,26.0,13.0,115.6,28.0,23.0,,4.0,1.0,23,,Mohamed,Salah,M.Salah,,,1273,4,4,4,24,0,0,0,1,0,0,13,52,,,,0.0,0.28,1.7,0.92,3.68,3,7,42
382,a,100.0,100.0,8.3,13,8.0,0,0.0,-2,2.0,13.4,30,11.0,83,2,3.8,95.0,45.0,14,344,6.3,4.0,1.0,0.8,10.0,0.0,1659235,10855,3679391,8153,6.8,6.8,4.62,3.52,8.13,19.82,0.26,0.2,0.46,1.13,323.2,113.0,39.0,580.4,7.0,7.0,435.0,23.0,10.0,133.9,12.0,9.0,4.0,,,23,,Florian,Wirtz,Wirtz,,,1584,3,2,7,20,0,0,0,1,0,0,18,112,,,,0.0,0.4,1.14,1.02,6.36,24,15,73
383,u,0.0,0.0,8.0,15,10.0,0,0.0,0,0.0,0.0,596,228.0,0,0,0.0,801.0,360.0,0,0,0.0,800.0,360.0,0.0,0.0,0.0,0,0,7294,2,0.0,0.0,0.0,0.0,0.0,0.0,0.0,0.0,0.0,0.0,0.0,801.0,360.0,0.0,801.0,360.0,0.0,801.0,360.0,0.0,801.0,360.0,,,,23,,Luis,Díaz Marulanda,Luis Díaz,Has joined Bayern Munch permanently.,,0,0,0,0,0,0,0,0,0,0,0,0,0,,,,0.0,0.0,0.0,0.0,0.0,0,0,0
384,a,100.0,100.0,7.3,29,20.0,0,0.0,-2,2.0,5.8,71,24.0,80,2,3.8,94.0,44.0,5,294,2.5,159.0,68.0,0.3,11.0,0.0,3268092,860,3630134,2530,3.0,3.0,5.09,3.35,8.44,16.31,0.31,0.2,0.51,0.98,322.6,114.0,40.0,420.0,26.0,25.0,498.0,13.0,6.0,123.9,19.0,16.0,3.0,,2.0,23,,Cody,Gakpo,Gakpo,,,1494,5,3,5,23,0,0,0,1,0,0,17,77,,,,0.0,0.3,1.39,1.02,4.64,11,21,45
385,d,50.0,50.0,6.3,67,45.0,0,0.0,-2,2.0,0.3,316,105.0,28,0,1.8,360.0,159.0,0,107,0.8,303.0,137.0,0.1,4.4,0.0,54850,4,65611,187,0.7,0.7,1.17,0.49,1.66,4.39,0.46,0.19,0.65,1.72,111.0,306.0,137.0,33.0,346.0,182.0,106.0,200.0,109.0,24.9,314.0,151.0,,,,23,,Federico,Chiesa,Chiesa,Knock - 50% chance of playing,,230,2,1,0,6,0,0,0,2,0,0,1,25,,,,0.0,0.0,2.35,0.39,9.78,8,11,6
386,a,100.0,100.0,6.2,74,48.0,0,0.0,-3,3.0,1.2,169,59.0,46,1,2.1,315.0,140.0,0,234,1.5,240.0,103.0,0.2,7.4,0.0,158847,199,258178,400,2.0,2.0,2.06,1.07,3.13,17.3,0.13,0.07,0.2,1.07,215.0,203.0,85.0,280.9,70.0,55.0,176.0,113.0,67.0,67.3,118.0,64.0,,,3.0,23,,Alexis,Mac Allister,Mac Allister,,,1456,0,2,5,21,0,0,0,3,0,0,18,122,,,,0.0,0.31,1.3,1.11,7.54,24,37,61
387,a,100.0,100.0,6.6,49,31.0,0,0.0,1,-1.0,5.1,74,25.0,84,13,3.8,92.0,42.0,11,434,3.5,75.0,32.0,0.5,12.7,0.0,1421024,15671,1154810,1807,4.0,4.0,3.4,3.43,6.83,25.21,0.16,0.16,0.32,1.15,405.6,64.0,17.0,674.3,3.0,3.0,242.0,70.0,44.0,132.1,15.0,12.0,2.0,2.0,,23,,Dominik,Szoboszlai,Szoboszlai,,,1972,3,2,7,31,0,0,1,5,0,0,22,195,,,,0.0,0.32,1.41,1.0,8.9,30,54,111
388,a,100.0,100.0,5.4,166,103.0,0,0.0,-1,1.0,0.1,424,142.0,40,1,2.0,326.0,146.0,1,246,2.7,137.0,58.0,0.5,7.4,0.0,26645,57,28290,125,3.2,3.2,1.01,2.16,3.17,16.61,0.08,0.18,0.26,1.38,205.8,215.0,89.0,285.2,68.0,54.0,99.0,212.0,118.0,58.8,149.0,83.0,,,,23,,Curtis,Jones,C.Jones,,,1081,0,2,2,20,0,0,0,1,0,0,10,117,,,,0.0,0.17,1.67,0.83,9.74,20,20,77
390,a,100.0,100.0,5.7,120,76.0,0,0.0,2,-2.0,5.9,67,23.0,97,1,4.6,30.0,14.0,13,444,4.0,45.0,18.0,0.7,17.0,0.0,1816512,1843,1190353,6702,4.5,4.5,1.21,1.49,2.7,21.31,0.06,0.07,0.13,1.04,447.4,47.0,12.0,300.6,61.0,49.0,122.0,174.0,101.0,87.0,65.0,43.0,,,,23,,Ryan,Gravenberch,Gravenberch,,,1848,4,3,7,26,0,0,0,4,0,0,21,191,,,,0.0,0.34,1.27,1.02,9.3,35,66,90
393,i,0.0,0.0,4.3,598,347.0,0,0.0,-2,2.0,0.0,624,246.0,0,0,0.0,630.0,237.0,0,0,0.0,568.0,199.0,0.0,0.0,0.0,6558,3,9734,4,0.0,0.0,0.0,0.0,0.0,0.0,0.0,0.0,0.0,0.0,0.0,619.0,227.0,0.0,617.0,232.0,0.0,589.0,220.0,0.0,622.0,229.0,,,,23,,Stefan,Bajčetić Maquieira,Bajcetic,Hamstring injury - Unknown return date,,0,0,0,0,0,0,0,0,0,0,0,0,0,,,,0.0,0.0,0.0,0.0,0.0,0,0,0
394,u,0.0,0.0,4.4,538,322.0,0,0.0,-1,1.0,0.0,665,274.0,0,0,0.0,650.0,250.0,0,0,0.0,592.0,212.0,0.0,0.0,0.0,1737,0,4055,5,0.0,0.0,0.0,0.0,0.0,0.0,0.0,0.0,0.0,0.0,0.0,640.0,241.0,0.0,638.0,246.0,0.0,613.0,235.0,0.0,643.0,243.0,,,,23,,James,McConnell,McConnell,has joined Ajax on loan for the rest of the season.,,0,0,0,0,0,0,0,0,0,0,0,0,0,,,,0.0,0.0,0.0,0.0,0.0,0,0,0
395,u,0.0,0.0,4.5,423,254.0,0,0.0,0,0.0,0.0,779,343.0,0,0,0.0,677.0,266.0,0,0,0.0,624.0,231.0,0.0,0.0,0.0,0,0,355,0,0.0,0.0,0.0,0.0,0.0,0.0,0.0,0.0,0.0,0.0,0.0,670.0,260.0,0.0,668.0,263.0,0.0,647.0,255.0,0.0,673.0,262.0,,,,23,,Tyler,Morton,Morton,Has joined Lyon permanently.,,0,0,0,0,0,0,0,0,0,0,0,0,0,,,,0.0,0.0,0.0,0.0,0.0,0,0,0
396,a,,,4.3,607,354.0,0,0.0,-2,2.0,0.3,293,97.0,2,0,1.0,443.0,197.0,0,5,0.2,378.0,168.0,0.0,0.5,0.0,95870,19,77846,104,0.7,0.7,0.0,0.0,0.0,0.0,0.0,0.0,0.0,0.0,2.2,464.0,215.0,10.3,399.0,199.0,0.0,595.0,226.0,1.3,459.0,213.0,,,,23,,Trey,Nyoni,Nyoni,,,2,0,0,0,0,0,0,0,0,0,0,0,0,,,,0.0,0.0,0.0,0.0,0.0,0,0,0
499,i,0.0,0.0,10.3,4,2.0,0,0.0,-2,2.0,3.7,93,16.0,29,0,2.9,210.0,20.0,2,96,0.0,802.0,88.0,0.0,2.8,0.0,1796658,18,2399447,427,0.0,0.0,2.04,0.07,2.11,5.1,0.37,0.01,0.38,0.92,97.6,322.0,31.0,36.5,340.0,42.0,143.0,149.0,35.0,26.9,303.0,36.0,,,,23,,Alexander,Isak,Isak,Ankle injury - Unknown return date,,501,2,1,1,7,0,0,0,0,0,0,6,23,,,,0.0,0.18,1.26,1.08,4.13,6,6,11
661,a,100.0,100.0,8.9,7,3.0,0,0.0,4,-4.0,26.5,13,4.0,87,1,4.3,55.0,5.0,16,306,1.7,228.0,28.0,0.2,9.8,0.0,6748122,7249,5729905,24265,2.2,2.2,6.45,1.67,8.12,18.33,0.46,0.12,0.58,1.32,363.0,89.0,8.0,183.0,133.0,7.0,508.0,11.0,7.0,104.4,38.0,8.0,,,,23,,Hugo,Ekitiké,Ekitiké,,,1249,8,2,5,17,0,0,0,0,0,0,14,56,,,,0.0,0.36,1.22,1.01,4.04,7,23,26
686,a,,,4.3,612,357.0,0,0.0,-2,2.0,0.7,216,74.0,13,1,1.6,373.0,166.0,0,56,0.5,320.0,146.0,0.1,3.0,0.0,214176,366,152962,476,1.0,1.0,0.37,0.35,0.72,2.74,0.44,0.41,0.85,3.24,49.8,384.0,170.0,58.2,298.0,169.0,33.0,323.0,169.0,14.2,368.0,172.0,,,,23,,Rio,Ngumoha,Ngumoha,,,76,1,0,0,3,0,0,0,0,0,0,0,3,,,,0.0,0.0,3.55,0.0,3.55,1,0,2
692,i,0.0,0.0,4.9,345,57.0,0,0.0,-1,1.0,0.0,698,240.0,0,0,0.0,760.0,257.0,0,0,0.0,727.0,252.0,0.0,0.0,0.0,1761,2,2418,0,0.0,0.0,0.0,0.0,0.0,0.0,0.0,0.0,0.0,0.0,0.0,759.0,257.0,0.0,755.0,257.0,0.0,747.0,256.0,0.0,759.0,257.0,,,,23,,Giovanni,Leoni,Leoni,Knee injury - Expected back 01 Sep,,0,0,0,0,0,0,0,0,0,0,0,0,0,,,,0.0,0.0,0.0,0.0,0.0,0,0,0
746,a,,,4.5,484,298.0,0,0.0,0,0.0,0.0,733,313.0,0,0,0.0,717.0,299.0,0,0,0.0,667.0,266.0,0.0,0.0,0.0,837,3,607,3,0.5,0.5,0.0,0.0,0.0,0.0,0.0,0.0,0.0,0.0,0.0,715.0,297.0,0.0,710.0,297.0,0.0,693.0,292.0,0.0,715.0,297.0,,,,23,,Kieran,Morrison,Morrison,,,0,0,0,0,0,0,0,0,0,0,0,0,0,,,,0.0,0.0,0.0,0.0,0.0,0,0,0
760,a,,,4.0,691,182.0,0,0.0,0,0.0,0.0,714,245.0,0,0,0.0,588.0,220.0,0,0,0.0,511.0,200.0,0.0,0.0,0.0,661,11,451,13,0.5,0.5,0.0,0.0,0.0,0.0,0.0,0.0,0.0,0.0,0.0,576.0,219.0,0.0,571.0,220.0,0.0,536.0,213.0,0.0,579.0,219.0,,,,23,,Wellity,Lucky,Lucky,,,0,0,0,0,0,0,0,0,0,0,0,0,0,,,,0.0,0.0,0.0,0.0,0.0,0,0,0
82,a,100.0,100.0,7.7,19,14.0,0,0.0,7,-7.0,47.0,2,1.0,130,8,5.9,7.0,4.0,14,429,5.2,17.0,8.0,0.7,16.9,0.0,9999895,52986,5588699,7173,5.7,5.7,7.04,2.0,9.04,33.53,0.32,0.09,0.41,1.52,601.0,10.0,3.0,382.3,36.0,35.0,660.0,3.0,1.0,164.5,4.0,2.0,,,,23,,Antoine,Semenyo,Semenyo,,,1980,11,5,6,40,0,0,1,6,0,0,22,168,,,,0.0,0.27,1.82,1.0,7.64,30,32,106
182,a,,,4.5,421,23.0,0,0.0,-5,5.0,0.9,189,24.0,11,0,3.7,99.0,8.0,0,62,0.0,622.0,87.0,0.0,2.4,0.0,99043,15,268336,114,0.5,0.5,0.0,0.0,0.0,3.97,0.0,0.0,0.0,1.32,100.2,317.0,25.0,0.0,666.0,83.0,0.0,645.0,71.0,10.1,394.0,26.0,,,,23,,James,Trafford,Trafford,,,270,0,0,1,4,0,0,0,0,0,11,3,41,,,,3.67,0.33,1.33,1.0,0.0,2,6,33
260,a,100.0,100.0,5.2,206,28.0,0,0.0,7,-7.0,37.5,4,1.0,111,6,5.3,10.0,3.0,8,403,3.0,110.0,38.0,0.6,21.3,0.0,5354583,12716,2354130,14858,3.5,3.5,2.02,1.7,3.72,28.21,0.1,0.08,0.18,1.34,515.6,25.0,10.0,153.5,158.0,39.0,233.0,72.0,5.0,90.2,59.0,9.0,,,,23,,Marc,Guéhi,Guéhi,,,1890,2,4,8,23,0,0,0,4,0,0,21,204,,,,0.0,0.38,1.1,1.0,8.05,30,139,92
399,u,0.0,0.0,5.3,183,5.0,0,0.0,-2,2.0,0.8,198,25.0,0,0,0.0,776.0,91.0,0,0,0.0,755.0,91.0,0.0,0.0,0.0,15200,0,271525,31,0.0,0.0,0.0,0.0,0.0,0.0,0.0,0.0,0.0,0.0,0.0,776.0,91.0,0.0,775.0,90.0,0.0,770.0,87.0,0.0,776.0,91.0,,,,23,,Ederson,Santana de Moraes,Ederson M.,has joined Fenerbache permanently.,,0,0,0,0,0,0,0,0,0,0,0,0,0,,,,0.0,0.0,0.0,0.0,0.0,0,0,0
400,a,,,4.7,373,16.0,0,0.0,-3,3.0,0.2,402,61.0,0,0,0.0,735.0,89.0,0,0,0.0,687.0,88.0,0.0,0.0,0.0,3103,4,19318,20,0.5,0.5,0.0,0.0,0.0,0.0,0.0,0.0,0.0,0.0,0.0,734.0,89.0,0.0,729.0,85.0,0.0,715.0,76.0,0.0,734.0,89.0,,,,23,,Stefan,Ortega Moreno,Ortega Moreno,,,0,0,0,0,0,0,0,0,0,0,0,0,0,,,,0.0,0.0,0.0,0.0,0.0,0,0,0
401,a,100.0,100.0,3.8,772,90.0,0,0.0,-2,2.0,0.2,396,59.0,0,0,0.0,495.0,31.0,0,0,0.0,413.0,26.0,0.0,0.0,0.0,13774,412,16322,174,0.5,0.5,0.0,0.0,0.0,0.0,0.0,0.0,0.0,0.0,0.0,483.0,31.0,0.0,473.0,17.0,0.0,435.0,2.0,0.0,486.0,31.0,,,,23,,Marcus,Bettinelli,Bettinelli,,,0,0,0,0,0,0,0,0,0,0,0,0,0,,,,0.0,0.0,0.0,0.0,0.0,0,0,0
402,a,100.0,100.0,5.7,121,12.0,0,0.0,-3,3.0,3.8,91,33.0,13,0,2.2,300.0,111.0,1,42,0.2,406.0,146.0,0.0,2.3,0.0,514963,115,2384076,368,0.7,0.7,0.04,0.51,0.55,3.12,0.02,0.21,0.23,1.31,46.6,388.0,147.0,39.3,335.0,114.0,11.0,377.0,136.0,9.7,397.0,142.0,,,,23,,Rayan,Aït-Nouri,Aït-Nouri,,,214,0,0,1,2,0,0,0,1,0,0,3,31,,,,0.0,0.42,0.84,1.26,9.67,9,14,8
403,i,0.0,0.0,6.0,89,5.0,0,0.0,0,0.0,4.2,84,28.0,77,0,4.8,25.0,13.0,5,291,1.7,225.0,84.0,0.3,12.8,0.0,1373679,12,2074872,5471,0.0,0.0,2.19,0.64,2.83,15.29,0.15,0.04,0.19,1.06,354.6,91.0,41.0,104.7,213.0,56.0,193.0,104.0,15.0,65.3,124.0,40.0,,,,23,,Joško,Gvardiol,Gvardiol,Leg injury - Unknown return date,,1301,2,2,6,13,0,0,0,2,0,0,15,115,,,,0.0,0.42,0.9,1.04,6.85,17,82,48
404,u,0.0,0.0,5.4,167,20.0,0,0.0,-1,1.0,0.3,332,123.0,0,0,0.0,780.0,261.0,0,0,0.0,766.0,259.0,0.0,0.0,0.0,9281,0,85007,4,0.0,0.0,0.0,0.0,0.0,0.0,0.0,0.0,0.0,0.0,0.0,780.0,261.0,0.0,779.0,261.0,0.0,775.0,260.0,0.0,780.0,261.0,,,,23,,Manuel,Akanji,Akanji,has joined Inter Milan on loan for the rest of the season.,,0,0,0,0,0,0,0,0,0,0,0,0,0,,,,0.0,0.0,0.0,0.0,0.0,0,0,0
405,a,,,5.3,184,24.0,0,0.0,-2,2.0,0.6,225,84.0,25,0,2.1,313.0,118.0,1,106,2.2,183.0,72.0,0.4,4.7,0.0,41720,94,76795,382,2.7,2.7,0.28,0.44,0.72,7.84,0.05,0.08,0.13,1.46,93.6,326.0,127.0,83.1,248.0,73.0,25.0,344.0,114.0,20.3,338.0,116.0,,,,23,,Nathan,Aké,Aké,,,484,0,0,2,7,0,0,0,1,0,0,4,38,,,,0.0,0.37,1.3,0.74,6.51,9,26,12
406,a,100.0,100.0,5.4,181,22.0,0,0.0,-1,1.0,0.4,281,105.0,24,6,2.7,230.0,88.0,0,117,2.0,198.0,74.0,0.4,4.4,0.0,43967,221,60430,218,2.5,2.5,0.0,0.09,0.09,8.57,0.0,0.01,0.01,1.38,112.4,303.0,114.0,30.4,351.0,123.0,0.0,782.0,262.0,14.4,366.0,131.0,,,,23,,Abdukodir,Khusanov,Khusanov,,,559,0,0,2,5,0,0,0,1,0,0,6,62,,,,0.0,0.32,0.81,0.97,8.53,15,38,23
407,a,100.0,75.0,5.5,150,17.0,0,0.0,0,0.0,3.2,101,39.0,105,11,5.2,11.0,4.0,14,427,4.8,22.0,9.0,0.9,19.1,0.0,747818,1460,420450,6225,5.3,4.0,0.25,1.32,1.57,19.4,0.01,0.07,0.08,1.05,443.0,49.0,23.0,257.4,84.0,21.0,54.0,288.0,88.0,75.7,92.0,24.0,,,4.0,23,,Matheus,Nunes,Matheus N.,,,1665,1,5,8,16,0,0,0,4,0,0,18,172,,,,0.0,0.43,0.86,0.97,7.24,42,92,103
408,i,0.0,0.0,5.6,127,13.0,0,0.0,1,-1.0,3.7,92,34.0,95,0,4.8,23.0,11.0,3,380,2.3,171.0,64.0,0.4,17.0,0.0,911019,7,980056,4530,0.0,0.0,0.5,0.48,0.98,19.73,0.03,0.03,0.06,1.04,458.0,44.0,21.0,91.8,230.0,64.0,94.0,219.0,57.0,64.5,129.0,42.0,,,,23,,Rúben,dos Santos Gato Alves Dias,Rúben,Hamstring injury - Expected back 11 Feb,,1705,2,0,10,16,0,0,0,2,0,0,19,156,,,,0.0,0.53,0.84,1.0,6.97,7,125,59
409,i,0.0,0.0,5.4,157,18.0,0,0.0,-1,1.0,0.6,240,90.0,12,0,1.7,367.0,137.0,0,45,0.0,763.0,258.0,0.0,2.2,0.0,50183,5,107634,65,0.0,0.0,0.0,0.06,0.06,5.05,0.0,0.02,0.02,1.29,76.6,348.0,131.0,19.6,378.0,137.0,2.0,430.0,159.0,9.8,395.0,141.0,,,,23,,John,Stones,Stones,Thigh injury - Unknown return date,,351,0,0,1,8,0,0,0,0,0,0,4,34,,,,0.0,0.26,2.05,1.03,4.87,0,19,17
410,a,100.0,100.0,4.6,393,69.0,0,0.0,-4,4.0,1.3,167,64.0,19,0,1.9,334.0,129.0,2,75,0.2,391.0,144.0,0.0,4.1,0.0,364908,40,450671,312,0.7,0.7,0.11,1.31,1.42,5.04,0.03,0.38,0.41,1.46,67.4,362.0,138.0,97.3,222.0,63.0,43.0,304.0,96.0,20.7,335.0,114.0,,,,23,,Rico,Lewis,Lewis,,,311,0,1,1,5,0,0,0,1,0,0,3,23,,,,0.0,0.29,1.45,0.87,5.5,5,14,10
411,a,100.0,100.0,5.1,235,36.0,0,0.0,1,-1.0,6.8,58,19.0,84,6,3.8,86.0,34.0,2,325,1.7,222.0,83.0,0.3,16.5,0.0,1889267,483,1078234,12091,2.2,2.2,2.09,1.49,3.58,21.24,0.12,0.08,0.2,1.19,361.6,90.0,40.0,276.4,75.0,17.0,203.0,94.0,10.0,84.2,73.0,17.0,,,,23,,Nico,O'Reilly,O'Reilly,,,1611,1,3,9,15,0,0,0,4,0,0,17,144,,,,0.0,0.5,0.84,0.95,6.82,49,73,67
412,u,0.0,0.0,5.0,280,44.0,0,0.0,0,0.0,0.0,755,256.0,0,0,0.0,773.0,259.0,0,0,0.0,745.0,255.0,0.0,0.0,0.0,0,0,844,0,0.0,0.0,0.0,0.0,0.0,0.0,0.0,0.0,0.0,0.0,0.0,773.0,259.0,0.0,771.0,259.0,0.0,765.0,258.0,0.0,773.0,259.0,,,,23,,Vitor,de Oliveira Nunes dos Reis,Vitor Reis,Has joined Girona on loan for the rest of the season.,,0,0,0,0,0,0,0,0,0,0,0,0,0,,,,0.0,0.0,0.0,0.0,0.0,0,0,0
413,a,100.0,100.0,8.3,12,7.0,0,0.0,-2,2.0,2.4,117,38.0,26,10,2.4,272.0,117.0,4,83,1.7,227.0,98.0,0.2,3.1,0.0,212014,2460,1234557,312,2.2,2.2,1.64,0.56,2.2,2.64,0.53,0.18,0.71,0.86,80.0,342.0,151.0,57.9,299.0,170.0,124.0,170.0,99.0,26.0,311.0,149.0,,1.0,2.0,23,,Omar,Marmoush,Marmoush,,,277,1,1,1,3,0,0,0,0,0,0,3,20,,,,0.0,0.32,0.97,0.97,6.5,6,4,10
414,a,100.0,100.0,8.6,10,5.0,0,0.0,6,-6.0,22.9,15,5.0,102,1,4.9,21.0,10.0,10,440,1.8,211.0,92.0,0.2,11.9,0.0,6140654,508,3584559,119745,2.3,2.3,4.95,3.52,8.47,19.98,0.27,0.19,0.46,1.1,450.2,46.0,11.0,686.8,2.0,2.0,366.0,34.0,20.0,150.0,7.0,5.0,1.0,3.0,,23,,Phil,Foden,Foden,,,1641,7,2,9,14,0,0,0,3,0,0,19,119,,,,0.0,0.49,0.77,1.04,6.53,24,20,75
415,i,0.0,0.0,6.9,44,26.0,0,0.0,-1,1.0,0.4,265,91.0,26,0,1.7,370.0,164.0,0,87,0.3,366.0,165.0,0.0,3.8,0.0,33114,3,111516,82,0.0,0.0,1.28,1.18,2.46,6.39,0.22,0.2,0.42,1.08,75.0,349.0,156.0,138.1,170.0,115.0,218.0,85.0,51.0,43.1,227.0,112.0,,,,23,,Sávio,Moreira de Oliveira,Savinho,Thigh injury - Expected back 21 Feb,,531,0,2,2,5,0,0,0,1,0,0,5,44,,,,0.0,0.34,0.85,0.85,7.46,5,9,30
416,a,,,6.2,73,47.0,0,0.0,-3,3.0,0.5,249,83.0,54,6,2.3,283.0,124.0,0,265,2.7,142.0,61.0,0.4,8.7,0.0,71044,126,116837,144,3.2,3.2,0.69,1.83,2.52,21.39,0.04,0.1,0.14,1.16,226.0,192.0,83.0,368.2,40.0,37.0,105.0,204.0,113.0,69.8,108.0,58.0,5.0,,,23,,Bernardo,Mota Veiga de Carvalho e Silva,Bernardo,,,1662,0,3,8,17,0,0,0,5,0,0,19,144,,,,0.0,0.43,0.92,1.03,7.8,23,38,83
417,a,100.0,100.0,6.7,48,30.0,0,0.0,2,-2.0,12.9,33,12.0,80,3,4.4,47.0,21.0,11,342,4.5,28.0,12.0,0.7,11.9,0.0,2507472,2404,1870195,31314,5.0,5.0,1.81,5.63,7.44,12.87,0.17,0.53,0.7,1.22,345.8,95.0,31.0,538.2,13.0,13.0,290.0,56.0,35.0,117.6,26.0,22.0,2.0,4.0,,23,,Rayan,Cherki,Cherki,,,951,2,8,5,9,0,0,0,1,0,0,11,91,,,,0.0,0.47,0.85,1.04,8.61,17,13,61
418,a,100.0,100.0,6.4,59,37.0,0,0.0,-1,1.0,3.0,107,32.0,72,1,3.6,119.0,55.0,9,305,2.2,191.0,79.0,0.3,11.2,0.0,2116551,588,1989770,2629,2.7,2.7,1.81,4.25,6.06,15.61,0.14,0.32,0.46,1.19,302.0,136.0,48.0,557.2,9.0,9.0,380.0,30.0,17.0,123.8,20.0,17.0,,,3.0,23,,Jérémy,Doku,Doku,,,1179,1,7,5,13,0,0,0,0,0,0,13,79,,,,0.0,0.38,0.99,0.99,6.03,15,10,54
420,u,0.0,0.0,6.3,64,42.0,0,0.0,-2,2.0,0.1,541,194.0,0,0,0.0,794.0,356.0,0,0,0.0,790.0,355.0,0.0,0.0,0.0,1928,0,19769,1,0.0,0.0,0.0,0.0,0.0,0.0,0.0,0.0,0.0,0.0,0.0,794.0,356.0,0.0,794.0,356.0,0.0,794.0,356.0,0.0,794.0,356.0,,,,23,,İlkay,Gündoğan,Gündoğan,has joined Galatasaray permanently.,,0,0,0,0,0,0,0,0,0,0,0,0,0,,,,0.0,0.0,0.0,0.0,0.0,0,0,0
423,d,50.0,25.0,5.9,99,64.0,0,0.0,-1,1.0,0.1,463,158.0,55,0,2.9,206.0,89.0,1,287,1.5,238.0,102.0,0.3,9.3,0.0,26666,2,29089,90,1.0,0.5,0.56,0.91,1.47,15.72,0.04,0.06,0.1,1.06,269.0,164.0,62.0,183.5,132.0,95.0,64.0,268.0,144.0,51.6,189.0,101.0,,,,23,,Nico,González Iglesias,N.Gonzalez,Knock - 50% chance of playing,,1331,1,0,7,13,0,0,0,4,0,0,15,172,,,,0.0,0.47,0.88,1.01,11.63,33,63,76
424,i,0.0,0.0,5.1,236,145.0,0,0.0,-4,4.0,0.2,379,131.0,18,0,2.0,324.0,144.0,0,82,0.0,751.0,329.0,0.0,3.5,0.0,81604,1,95029,25,0.0,0.0,0.4,1.15,1.55,5.1,0.08,0.22,0.3,0.99,69.8,358.0,159.0,154.3,156.0,106.0,87.0,228.0,124.0,31.2,286.0,139.0,,,,23,,Oscar,Bobb,Bobb,Hamstring injury - Unknown return date,,464,0,1,2,5,0,0,0,1,0,0,5,29,,,,0.0,0.39,0.97,0.97,5.62,8,3,18
425,u,0.0,0.0,5.4,180,113.0,0,0.0,-1,1.0,0.0,722,308.0,0,0,0.0,786.0,349.0,0,0,0.0,774.0,343.0,0.0,0.0,0.0,194,0,3221,0,0.0,0.0,0.0,0.0,0.0,0.0,0.0,0.0,0.0,0.0,0.0,786.0,349.0,0.0,785.0,349.0,0.0,781.0,348.0,0.0,786.0,349.0,,,,23,,Claudio,Echeverri,Echeverri,has joined Girona on loan for the rest of the season.,,0,0,0,0,0,0,0,0,0,0,0,0,0,,,,0.0,0.0,0.0,0.0,0.0,0,0,0
427,a,,,5.2,210,132.0,0,0.0,-3,3.0,11.6,38,14.0,82,3,3.7,104.0,48.0,6,312,4.2,37.0,16.0,0.8,15.8,0.0,3503038,908,4643918,6976,4.7,4.7,3.63,1.81,5.44,16.08,0.23,0.12,0.35,1.03,320.2,117.0,41.0,301.2,59.0,47.0,377.0,32.0,19.0,99.1,46.0,32.0,3.0,,,23,,Tijjani,Reijnders,Reijnders,,,1402,5,2,7,15,0,0,0,2,0,0,17,83,,,,0.0,0.45,0.96,1.09,5.33,8,26,49
428,u,0.0,0.0,5.0,276,170.0,0,0.0,0,0.0,0.0,708,301.0,0,0,0.0,770.0,338.0,0,0,0.0,742.0,321.0,0.0,0.0,0.0,73,0,2461,0,0.0,0.0,0.0,0.0,0.0,0.0,0.0,0.0,0.0,0.0,0.0,769.0,337.0,0.0,767.0,337.0,0.0,761.0,335.0,0.0,769.0,337.0,,,,23,,Sverre,Nypan,Nypan,Has joined Middlesbrough on loan for the rest of the season.,,0,0,0,0,0,0,0,0,0,0,0,0,0,,,,0.0,0.0,0.0,0.0,0.0,0,0,0
429,a,,,4.8,348,219.0,0,0.0,-2,2.0,0.1,534,189.0,0,0,0.0,738.0,315.0,0,0,0.0,694.0,287.0,0.0,0.0,0.0,3975,8,7839,16,0.5,0.5,0.0,0.0,0.0,0.0,0.0,0.0,0.0,0.0,0.0,737.0,314.0,0.0,732.0,314.0,0.0,719.0,310.0,0.0,737.0,314.0,,,,23,,Kalvin,Phillips,Phillips,,,0,0,0,0,0,0,0,0,0,0,0,0,0,,,,0.0,0.0,0.0,0.0,0.0,0,0,0
430,a,100.0,100.0,15.1,1,1.0,0,0.0,11,-11.0,73.7,1,1.0,166,1,7.2,2.0,1.0,31,676,2.5,160.0,16.0,0.2,11.0,0.0,6644276,1097,1048725,24112,3.0,3.0,18.6,1.26,19.86,25.22,0.87,0.06,0.93,1.18,828.6,1.0,1.0,154.3,157.0,13.0,1033.0,1.0,1.0,201.7,1.0,1.0,,,1.0,23,,Erling,Haaland,Haaland,,,1918,20,4,10,20,0,0,1,0,0,0,22,72,,,,0.0,0.47,0.94,1.03,3.38,11,34,27
441,a,,,4.3,610,142.0,0,0.0,-2,2.0,8.8,47,15.0,66,0,3.1,163.0,65.0,8,242,6.7,1.0,1.0,1.6,15.3,0.0,1514191,17083,1150192,1439,6.7,5.7,1.74,1.42,3.16,17.98,0.13,0.1,0.23,1.3,365.6,87.0,39.0,352.8,43.0,4.0,247.0,69.0,3.0,96.6,51.0,6.0,,,,23,,Patrick,Dorgu,Dorgu,,,1249,2,3,3,19,0,0,0,5,0,0,13,113,,,,0.0,0.22,1.37,0.94,6.56,45,46,66
442,a,100.0,100.0,4.3,563,120.0,0,0.0,-2,2.0,0.5,244,92.0,39,0,4.3,48.0,21.0,3,103,1.0,280.0,103.0,0.2,9.1,0.0,82910,484,124107,84,1.0,0.0,0.47,0.02,0.49,7.15,0.1,0.0,0.1,1.49,100.0,318.0,123.0,16.6,382.0,139.0,47.0,294.0,92.0,16.4,358.0,127.0,,,,23,,Harry,Maguire,Maguire,,,431,1,1,3,4,0,0,0,0,0,0,5,41,,,,0.0,0.63,0.84,1.04,6.26,2,28,18
443,a,,,4.5,403,74.0,0,0.0,0,0.0,0.6,235,87.0,52,0,2.4,263.0,104.0,0,233,2.5,147.0,57.0,0.6,11.6,0.0,126279,190,97772,211,2.5,1.5,0.08,1.23,1.31,25.38,0.0,0.06,0.06,1.2,329.8,109.0,48.0,216.6,108.0,27.0,35.0,318.0,101.0,58.2,152.0,49.0,,,,23,,Luke,Shaw,Shaw,,,1908,0,1,4,29,0,0,0,4,0,0,22,153,,,,0.0,0.19,1.37,1.04,5.75,45,77,65
444,a,,,4.2,637,154.0,0,0.0,-3,3.0,1.3,165,63.0,35,0,1.7,361.0,135.0,1,105,0.8,291.0,107.0,0.2,8.3,0.0,200257,97,288786,252,0.8,-0.2,0.68,0.24,0.92,17.22,0.05,0.02,0.07,1.37,194.6,226.0,92.0,61.3,285.0,92.0,73.0,251.0,69.0,32.8,275.0,90.0,,,,23,,Leny,Yoro,Yoro,,,1133,0,1,1,24,0,0,0,0,0,0,12,116,,,,0.0,0.08,1.91,0.95,7.47,22,72,49
445,u,0.0,0.0,4.0,701,191.0,0,0.0,0,0.0,0.1,525,191.0,0,0,0.0,596.0,227.0,0,0,0.0,520.0,208.0,0.0,0.0,0.0,1160,0,14243,4,0.0,0.0,0.0,0.0,0.0,0.0,0.0,0.0,0.0,0.0,0.0,584.0,226.0,0.0,579.0,227.0,0.0,545.0,221.0,0.0,587.0,226.0,,,,23,,Harry,Amass,Amass,has joined Sheffield Wednesday on loan for the rest of the season.,,0,0,0,0,0,0,0,0,0,0,0,0,0,,,,0.0,0.0,0.0,0.0,0.0,0,0,0
446,a,,,3.8,793,254.0,0,0.0,-2,2.0,0.1,423,157.0,1,0,1.0,431.0,157.0,0,4,0.2,370.0,137.0,0.1,0.3,0.0,10017,18,13504,17,0.2,-0.8,0.0,0.0,0.0,0.3,0.0,0.0,0.0,13.5,4.0,455.0,165.0,0.0,488.0,187.0,0.0,450.0,177.0,0.4,468.0,166.0,,,,23,,Tyler,Fredricson,Fredricson,,,2,0,0,0,0,0,0,0,0,0,0,0,2,,,,0.0,0.0,0.0,0.0,90.0,0,2,0
447,a,100.0,100.0,3.9,765,227.0,0,0.0,-1,1.0,2.4,115,46.0,26,0,2.4,260.0,101.0,0,107,2.5,144.0,54.0,0.6,6.7,0.0,372340,179,249532,1714,2.5,1.5,0.34,0.17,0.51,7.95,0.05,0.02,0.07,1.12,175.6,242.0,100.0,27.2,359.0,128.0,26.0,337.0,110.0,22.9,325.0,110.0,,,,23,,Ayden,Heaven,Heaven,,,636,0,1,1,12,1,0,0,1,0,0,8,72,,,,0.0,0.14,1.7,1.13,10.05,16,55,29
448,a,,,3.8,775,236.0,0,0.0,-2,2.0,0.4,266,100.0,1,0,1.0,430.0,156.0,0,3,0.2,368.0,135.0,0.1,0.3,0.0,51926,44,52180,68,0.2,-0.8,0.0,0.0,0.0,0.3,0.0,0.0,0.0,13.5,3.0,459.0,166.0,0.0,475.0,174.0,0.0,437.0,164.0,0.3,473.0,168.0,,,,23,,Tyrell,Malacia,Malacia,,,2,0,0,0,0,0,0,0,0,0,0,0,2,,,,0.0,0.0,0.0,0.0,90.0,1,1,0
449,a,100.0,100.0,9.3,6,4.0,0,0.0,3,-3.0,19.9,19,7.0,116,0,6.1,4.0,1.0,21,517,2.8,127.0,57.0,0.3,12.5,0.0,4958326,94034,5223217,713,2.8,1.8,7.07,5.62,12.69,23.23,0.39,0.31,0.7,1.29,673.6,5.0,1.0,905.7,1.0,1.0,337.0,41.0,24.0,191.9,2.0,1.0,1.0,1.0,1.0,23,,Bruno,Borges Fernandes,B.Fernandes,,,1625,5,9,2,28,0,0,2,2,0,0,19,189,,,,0.0,0.11,1.55,1.05,10.47,34,50,105
450,a,100.0,100.0,8.0,16,11.0,0,0.0,0,0.0,7.7,53,20.0,70,0,3.7,109.0,50.0,6,300,3.2,98.0,48.0,0.4,8.8,0.0,2600565,1489,2660939,7426,3.2,2.2,4.88,2.15,7.03,19.53,0.32,0.14,0.46,1.26,352.6,92.0,28.0,321.1,51.0,43.0,463.0,20.0,8.0,113.8,30.0,25.0,,,,23,,Matheus,Santos Carneiro da Cunha,Cunha,,,1391,4,2,3,21,0,0,0,1,0,0,16,116,,,,0.0,0.19,1.36,1.04,7.51,20,24,72
451,u,0.0,0.0,7.0,38,23.0,0,0.0,0,0.0,0.0,684,287.0,0,0,0.0,800.0,359.0,0,0,0.0,797.0,359.0,0.0,0.0,0.0,0,0,2093,1,0.0,0.0,0.0,0.0,0.0,0.0,0.0,0.0,0.0,0.0,0.0,800.0,359.0,0.0,800.0,359.0,0.0,800.0,359.0,0.0,800.0,359.0,,,,23,,Marcus,Rashford,Rashford,Has joined Barcelona on loan for the rest of the season,,0,0,0,0,0,0,0,0,0,0,0,0,0,,,,0.0,0.0,0.0,0.0,0.0,0,0,0
452,a,100.0,100.0,6.2,78,51.0,0,0.0,-3,3.0,1.3,158,55.0,59,0,3.7,107.0,49.0,6,284,0.5,336.0,154.0,0.1,9.5,0.0,290991,3789,478521,280,0.5,-0.5,3.81,2.81,6.62,15.9,0.27,0.2,0.47,1.11,290.0,143.0,50.0,394.6,29.0,28.0,330.0,44.0,27.0,101.6,42.0,30.0,,,,23,,Amad,Diallo,Amad,,,1293,2,4,3,18,0,0,0,1,0,0,15,114,,,,0.0,0.21,1.25,1.04,7.94,22,28,64
454,u,0.0,0.0,5.9,100,65.0,0,0.0,-1,1.0,0.1,552,201.0,0,0,0.0,793.0,355.0,0,0,0.0,788.0,353.0,0.0,0.0,0.0,1511,0,10640,3,0.0,0.0,0.0,0.0,0.0,0.0,0.0,0.0,0.0,0.0,0.0,793.0,355.0,0.0,793.0,355.0,0.0,793.0,355.0,0.0,793.0,355.0,,,,23,,Antony,dos Santos,Antony,has joined Real Betis permanently.,,0,0,0,0,0,0,0,0,0,0,0,0,0,,,,0.0,0.0,0.0,0.0,0.0,0,0,0
455,a,100.0,100.0,5.9,96,61.0,0,0.0,-1,1.0,0.4,272,92.0,46,0,2.7,232.0,102.0,3,164,0.5,335.0,153.0,0.1,7.8,0.0,182133,128,183114,223,0.5,-0.5,1.54,1.4,2.94,10.3,0.17,0.16,0.33,1.14,162.4,254.0,109.0,198.5,119.0,86.0,158.0,129.0,75.0,51.9,186.0,98.0,3.0,,,23,,Mason,Mount,Mount,,,812,3,0,3,14,0,0,0,0,0,0,10,62,,,,0.0,0.33,1.55,1.11,6.87,14,7,41
457,a,100.0,100.0,5.5,135,83.0,0,0.0,0,0.0,1.3,166,58.0,90,0,4.5,38.0,18.0,11,332,3.8,55.0,22.0,0.7,16.4,0.0,382617,1144,274319,1052,3.8,2.8,3.69,1.59,5.28,15.26,0.24,0.1,0.34,0.99,408.4,61.0,16.0,275.9,76.0,57.0,287.0,58.0,36.0,97.3,50.0,35.0,,,,23,,Carlos Henrique,Casimiro,Casemiro,,,1384,4,3,5,17,0,0,0,5,1,0,19,186,,,,0.0,0.33,1.11,1.24,12.1,48,62,76
458,a,100.0,100.0,4.6,395,245.0,0,0.0,-4,4.0,0.5,254,86.0,15,0,1.2,423.0,191.0,0,65,0.7,310.0,141.0,0.2,3.3,0.0,62465,883,99747,126,0.7,-0.3,0.12,0.28,0.4,4.71,0.03,0.08,0.11,1.33,68.6,360.0,160.0,94.2,226.0,139.0,27.0,335.0,175.0,19.0,347.0,166.0,,,,23,,Kobbie,Mainoo,Mainoo,,,318,0,0,1,7,0,0,0,0,0,0,1,37,,,,0.0,0.28,1.98,0.28,10.47,9,13,15
459,a,,,4.7,380,238.0,0,0.0,-3,3.0,0.2,395,134.0,29,0,1.8,348.0,153.0,0,147,2.3,165.0,69.0,0.5,6.2,0.0,27437,52,33073,94,2.3,1.3,0.31,0.15,0.46,13.45,0.04,0.02,0.06,1.66,116.6,299.0,134.0,60.7,288.0,166.0,32.0,325.0,171.0,20.7,336.0,163.0,,,,23,,Manuel,Ugarte Ribeiro,Ugarte,,,730,0,0,1,18,0,0,0,1,0,0,7,115,,,,0.0,0.12,2.22,0.86,14.18,39,30,46
460,a,100.0,100.0,4.5,438,263.0,0,0.0,0,0.0,0.0,649,265.0,0,0,0.0,686.0,274.0,0,0,0.0,635.0,240.0,0.0,0.0,0.0,455,4,9464,2,0.0,-1.0,0.0,0.0,0.0,0.0,0.0,0.0,0.0,0.0,0.0,679.0,268.0,0.0,678.0,271.0,0.0,658.0,263.0,0.0,682.0,270.0,,,,23,,Toby,Collyer,Collyer,,,0,0,0,0,0,0,0,0,0,0,0,0,0,,,,0.0,0.0,0.0,0.0,0.0,0,0,0
461,a,,,4.3,604,352.0,0,0.0,-2,2.0,0.0,607,233.0,0,0,0.0,634.0,241.0,0,0,0.0,572.0,203.0,0.0,0.0,0.0,2636,7,4404,4,0.0,-1.0,0.0,0.0,0.0,0.0,0.0,0.0,0.0,0.0,0.0,623.0,231.0,0.0,621.0,236.0,0.0,593.0,224.0,0.0,626.0,233.0,,,,23,,Jayce,Fitzgerald,Fitzgerald,,,0,0,0,0,0,0,0,0,0,0,0,0,0,,,,0.0,0.0,0.0,0.0,0.0,0,0,0
465,u,0.0,0.0,6.3,70,22.0,0,0.0,-2,2.0,0.3,335,55.0,0,0,0.0,795.0,86.0,0,0,0.0,792.0,83.0,0.0,0.0,0.0,5437,0,56325,6,0.0,0.0,0.0,0.0,0.0,0.0,0.0,0.0,0.0,0.0,0.0,795.0,86.0,0.0,795.0,86.0,0.0,795.0,86.0,0.0,795.0,86.0,,,,23,,Rasmus,Højlund,Højlund,has joined Napoli on loan for the rest of the season.,,0,0,0,0,0,0,0,0,0,0,0,0,0,,,,0.0,0.0,0.0,0.0,0.0,0,0,0
681,a,100.0,100.0,7.2,33,13.0,0,0.0,-3,3.0,3.4,97,17.0,55,0,3.2,161.0,15.0,8,168,3.0,113.0,11.0,0.4,7.6,0.0,649630,1453,1298986,927,3.0,2.0,4.95,0.2,5.15,15.32,0.43,0.02,0.45,1.33,227.4,191.0,14.0,125.2,185.0,16.0,486.0,17.0,10.0,83.1,75.0,14.0,,,,23,,Benjamin,Sesko,Šeško,,,1038,4,2,1,20,0,0,0,1,0,0,11,44,,,,0.0,0.09,1.73,0.95,3.82,5,17,22
733,a,,,5.0,259,9.0,0,0.0,0,0.0,1.8,139,18.0,47,0,2.9,202.0,18.0,4,177,3.5,68.0,6.0,0.7,9.4,0.0,385526,1205,232423,631,3.5,2.5,0.0,0.0,0.0,18.06,0.0,0.0,0.0,1.13,297.8,137.0,19.0,0.0,760.0,88.0,2.0,429.0,1.0,30.0,290.0,19.0,,,,23,,Senne,Lammens,Lammens,,,1440,0,0,3,21,0,0,0,0,0,34,16,43,,,,2.12,0.19,1.31,1.0,0.0,1,10,108
755,a,100.0,100.0,4.5,475,291.0,0,0.0,0,0.0,0.0,694,294.0,2,0,1.0,457.0,210.0,0,8,0.2,387.0,177.0,0.0,0.4,0.0,2605,19,1322,19,0.2,-0.8,0.07,0.0,0.07,0.11,0.52,0.0,0.52,0.82,4.0,456.0,209.0,1.5,440.0,214.0,11.0,375.0,188.0,1.5,455.0,209.0,,,,23,,Shea,Lacey,Lacey,,,12,0,0,0,0,0,0,0,0,0,0,0,1,,,,0.0,0.0,0.0,0.0,7.5,1,0,0
769,a,,,4.5,474,290.0,0,0.0,0,0.0,0.0,775,340.0,1,0,1.0,456.0,209.0,0,3,0.2,386.0,176.0,0.0,0.2,0.0,243,2,132,2,0.2,-0.8,0.0,0.01,0.01,0.05,0.0,0.06,0.06,0.3,2.2,465.0,216.0,11.7,391.0,195.0,0.0,685.0,286.0,1.4,457.0,211.0,,,,23,,Bendito,Mantato,Bendito Mantato,,,15,0,0,0,0,0,0,0,0,0,0,0,0,,,,0.0,0.0,0.0,0.0,0.0,0,0,0
771,a,,,4.5,451,272.0,0,0.0,0,0.0,0.0,752,326.0,0,0,0.0,694.0,282.0,0,0,0.0,643.0,248.0,0.0,0.0,0.0,927,5,480,7,0.0,-1.0,0.0,0.0,0.0,0.0,0.0,0.0,0.0,0.0,0.0,689.0,277.0,0.0,686.0,279.0,0.0,666.0,271.0,0.0,690.0,278.0,,,,23,,Tyler,Fletcher,Fletcher,,,0,0,0,0,0,0,0,0,0,0,0,0,0,,,,0.0,0.0,0.0,0.0,0.0,0,0,0
788,a,,,4.0,700,190.0,0,0.0,0,0.0,0.0,763,260.0,0,0,0.0,595.0,226.0,0,0,0.0,519.0,207.0,0.0,0.0,0.0,168,2,96,4,0.0,-1.0,0.0,0.0,0.0,0.0,0.0,0.0,0.0,0.0,0.0,583.0,225.0,0.0,578.0,226.0,0.0,544.0,220.0,0.0,586.0,225.0,,,,23,,Godwill,Kukonki,Kukonki,,,0,0,0,0,0,0,0,0,0,0,0,0,0,,,,0.0,0.0,0.0,0.0,0.0,0,0,0
52,a,100.0,100.0,5.3,191,120.0,0,0.0,-2,2.0,0.2,362,120.0,14,0,1.2,424.0,192.0,0,81,0.8,301.0,135.0,0.2,2.6,0.0,22805,31,72337,31,0.3,0.8,0.34,0.63,0.97,9.0,0.06,0.11,0.17,1.6,60.6,371.0,164.0,139.1,168.0,114.0,64.0,267.0,143.0,26.4,307.0,147.0,,,,23,,Jacob,Ramsey,J.Ramsey,,,505,0,0,0,11,0,0,0,2,0,0,4,61,,,,0.0,0.0,1.96,0.71,10.87,11,8,42
135,a,100.0,100.0,7.3,25,8.0,0,0.0,-2,2.0,1.0,185,27.0,13,0,1.6,383.0,43.0,0,43,1.8,210.0,25.0,0.2,1.8,0.0,218001,983,381901,883,1.3,1.8,1.51,0.35,1.86,3.65,0.51,0.12,0.63,1.24,40.8,395.0,42.0,20.1,376.0,47.0,97.0,215.0,42.0,15.3,363.0,43.0,,,,23,,Yoane,Wissa,Wissa,,,264,1,0,1,3,0,0,0,1,0,0,2,11,,,,0.0,0.34,1.02,0.68,3.75,2,1,8
469,a,100.0,100.0,5.1,223,6.0,0,0.0,1,-1.0,5.1,75,13.0,71,0,4.4,44.0,2.0,3,294,2.7,136.0,14.0,0.5,13.9,0.0,1470332,458,1440018,1339,2.2,2.7,0.0,0.0,0.0,16.45,0.0,0.0,0.0,1.04,378.0,82.0,15.0,0.0,774.0,89.0,0.0,768.0,86.0,37.8,254.0,15.0,,,,23,,Nick,Pope,Pope,,,1426,0,1,7,17,0,0,0,1,0,47,16,121,,,,2.97,0.44,1.07,1.01,0.0,1,25,139
471,a,,,3.9,725,68.0,0,0.0,-1,1.0,0.1,425,65.0,0,0,0.0,518.0,37.0,0,0,0.0,439.0,32.0,0.0,0.0,0.0,6084,9,9689,10,-0.5,0.0,0.0,0.0,0.0,0.0,0.0,0.0,0.0,0.0,0.0,506.0,37.0,0.0,499.0,24.0,0.0,462.0,9.0,0.0,509.0,37.0,,,,23,,Mark,Gillespie,Gillespie,,,0,0,0,0,0,0,0,0,0,0,0,0,0,,,,0.0,0.0,0.0,0.0,0.0,0,0,0
472,u,0.0,0.0,4.0,653,44.0,0,0.0,0,0.0,0.0,693,80.0,0,0,0.0,556.0,63.0,0,0,0.0,478.0,58.0,0.0,0.0,0.0,0,0,2415,0,0.0,0.0,0.0,0.0,0.0,0.0,0.0,0.0,0.0,0.0,0.0,544.0,63.0,0.0,538.0,51.0,0.0,502.0,36.0,0.0,547.0,63.0,,,,23,,Odysseas,Vlachodimos,Odysseas,Has joined Sevilla on loan for the rest of the season.,,0,0,0,0,0,0,0,0,0,0,0,0,0,,,,0.0,0.0,0.0,0.0,0.0,0,0,0
473,a,100.0,100.0,5.3,198,26.0,0,0.0,-2,2.0,3.2,100,38.0,51,0,3.4,132.0,53.0,4,217,4.2,39.0,15.0,0.8,9.6,0.0,516702,2006,350560,2688,3.7,4.2,0.58,1.58,2.16,14.53,0.05,0.14,0.19,1.27,273.8,160.0,67.0,187.6,128.0,30.0,94.0,218.0,56.0,55.5,163.0,50.0,4.0,,,23,,Lewis,Hall,Hall,,,1030,0,2,3,16,0,0,0,1,0,0,11,97,,,,0.0,0.26,1.4,0.96,7.78,28,61,57
474,i,0.0,0.0,5.3,182,23.0,0,0.0,-2,2.0,1.5,155,60.0,51,0,3.2,155.0,63.0,0,186,2.8,124.0,44.0,0.5,9.6,0.0,296496,12,456609,1483,0.0,0.0,0.97,0.6,1.57,13.85,0.08,0.05,0.13,1.14,291.2,141.0,61.0,63.6,282.0,91.0,108.0,194.0,47.0,46.4,209.0,70.0,,3.0,4.0,23,,Fabian,Schär,Schär,Ankle injury - Expected back 18 Apr,,1089,0,0,4,13,0,0,0,1,0,0,11,133,,,,0.0,0.33,1.07,0.91,9.5,14,101,42
475,a,100.0,100.0,4.9,309,50.0,0,0.0,-1,1.0,0.4,286,109.0,41,0,3.4,127.0,50.0,4,162,1.5,232.0,88.0,0.3,8.4,0.0,68666,81,95209,49,1.0,1.5,0.27,0.25,0.52,9.77,0.03,0.03,0.06,1.11,210.4,209.0,86.0,46.3,321.0,107.0,56.0,283.0,85.0,31.2,285.0,96.0,,,,23,,Sven,Botman,Botman,,,790,0,1,4,11,1,0,0,1,0,0,9,102,,,,0.0,0.46,1.25,1.03,8.32,5,68,42
476,d,75.0,75.0,5.0,241,38.0,0,0.0,0,0.0,3.2,99,37.0,67,0,4.5,35.0,16.0,5,196,0.0,728.0,253.0,0.0,13.4,0.0,1462809,45,1629477,689,-0.4,0.0,0.12,0.3,0.42,12.38,0.01,0.02,0.03,0.89,270.2,163.0,69.0,72.4,266.0,82.0,60.0,275.0,81.0,40.3,239.0,81.0,,,,23,,Dan,Burn,Burn,Lack of match fitness - 75% chance of playing,,1255,0,3,6,17,0,0,0,3,1,0,15,157,,,,0.0,0.43,1.22,1.08,8.68,19,102,46
477,i,0.0,0.0,4.9,324,54.0,0,0.0,-1,1.0,2.0,127,49.0,49,0,3.8,83.0,31.0,3,218,0.3,361.0,134.0,0.1,10.0,0.0,1089419,9,1353232,663,0.0,0.0,0.12,0.57,0.69,11.0,0.01,0.05,0.06,0.94,190.8,233.0,95.0,178.1,135.0,33.0,36.0,317.0,100.0,40.5,237.0,80.0,,,,23,,Tino,Livramento,Livramento,Hamstring injury - Unknown return date,,1048,0,1,5,10,0,0,0,1,0,0,11,86,,,,0.0,0.43,0.86,0.94,4.98,19,39,68
478,a,100.0,100.0,4.9,284,45.0,0,0.0,-1,1.0,1.3,164,62.0,36,0,3.6,112.0,42.0,2,147,1.0,281.0,104.0,0.2,7.3,0.0,231120,118,364074,68,0.5,1.0,0.05,1.24,1.29,7.8,0.01,0.14,0.15,0.89,126.2,284.0,108.0,261.5,83.0,20.0,5.0,407.0,152.0,39.1,247.0,86.0,2.0,2.0,,23,,Kieran,Trippier,Trippier,,,789,0,0,5,10,0,0,0,1,0,0,9,63,,,,0.0,0.57,1.14,1.03,3.88,10,24,38
479,i,0.0,0.0,4.3,566,123.0,0,0.0,-2,2.0,0.0,612,220.0,0,0,0.0,621.0,244.0,0,-8,0.0,557.0,232.0,0.0,0.0,0.0,1431,1,4955,4,0.0,0.0,0.0,0.0,0.0,0.25,0.0,0.0,0.0,0.5,1.4,469.0,168.0,1.2,442.0,161.0,0.0,578.0,241.0,0.3,474.0,169.0,,,,23,,Emil,Krafth,Krafth,Knee injury - Unknown return date,,45,0,0,0,2,0,0,0,0,0,0,1,1,,,,0.0,0.0,4.0,2.0,2.0,0,1,0
480,d,25.0,25.0,4.3,564,121.0,0,0.0,-2,2.0,0.1,574,208.0,1,0,0.5,489.0,169.0,0,0,0.0,556.0,231.0,0.0,0.2,0.0,2742,0,8675,6,-0.1,0.0,0.04,0.0,0.04,0.55,0.19,0.0,0.19,2.61,10.2,437.0,162.0,0.0,607.0,244.0,7.0,396.0,149.0,1.7,450.0,162.0,,,,23,,Jamaal,Lascelles,Lascelles,Lack of match fitness - 25% chance of playing,,19,0,0,0,2,0,0,0,0,0,0,0,5,,,,0.0,0.0,9.47,0.0,23.68,0,5,0
481,a,,,3.8,792,253.0,0,0.0,-2,2.0,0.7,217,82.0,0,0,0.0,508.0,187.0,0,0,0.0,428.0,164.0,0.0,0.0,0.0,70259,104,92417,122,-0.5,0.0,0.0,0.0,0.0,0.0,0.0,0.0,0.0,0.0,0.0,496.0,186.0,0.0,487.0,186.0,0.0,449.0,176.0,0.0,499.0,186.0,,,,23,,Alex,Murphy,A.Murphy,,,0,0,0,0,0,0,0,0,0,0,0,0,0,,,,0.0,0.0,0.0,0.0,0.0,0,0,0
482,u,0.0,0.0,3.9,740,215.0,0,0.0,-1,1.0,0.1,438,161.0,0,0,0.0,528.0,193.0,0,0,0.0,450.0,172.0,0.0,0.0,0.0,8541,0,15931,22,0.0,0.0,0.0,0.0,0.0,0.0,0.0,0.0,0.0,0.0,0.0,516.0,192.0,0.0,509.0,193.0,0.0,472.0,184.0,0.0,519.0,192.0,,,,23,,Harrison,Ashby,Ashby,has joined Bradford City on loan for the rest of the season.,,0,0,0,0,0,0,0,0,0,0,0,0,0,,,,0.0,0.0,0.0,0.0,0.0,0,0,0
483,a,,,3.8,799,260.0,0,0.0,-2,2.0,0.4,273,102.0,0,0,0.0,511.0,190.0,0,0,0.0,432.0,168.0,0.0,0.0,0.0,62277,23,42816,87,-0.5,0.0,0.0,0.0,0.0,0.0,0.0,0.0,0.0,0.0,0.0,499.0,189.0,0.0,491.0,190.0,0.0,454.0,181.0,0.0,502.0,189.0,,,,23,,Miodrag,Pivaš,Pivas,,,0,0,0,0,0,0,0,0,0,0,0,0,0,,,,0.0,0.0,0.0,0.0,0.0,0,0,0
484,u,0.0,0.0,4.0,657,163.0,0,0.0,0,0.0,0.1,413,152.0,0,0,0.0,559.0,205.0,0,0,0.0,481.0,184.0,0.0,0.0,0.0,3759,0,44650,10,0.0,0.0,0.0,0.0,0.0,0.0,0.0,0.0,0.0,0.0,0.0,547.0,204.0,0.0,541.0,205.0,0.0,506.0,198.0,0.0,550.0,204.0,,,,23,,Matt,Targett,Targett,has joined Middlesbrough on loan for the rest of the season.,,0,0,0,0,0,0,0,0,0,0,0,0,0,,,,0.0,0.0,0.0,0.0,0.0,0,0,0
485,a,100.0,100.0,7.4,23,16.0,0,0.0,-1,1.0,4.8,76,26.0,53,0,3.1,179.0,77.0,4,185,2.2,193.0,81.0,0.3,7.2,0.0,1409971,872,1058116,9466,1.7,2.2,4.29,2.64,6.93,11.68,0.36,0.22,0.58,0.99,192.6,229.0,95.0,280.1,71.0,56.0,277.0,62.0,39.0,74.6,95.0,54.0,,,2.0,23,,Anthony,Gordon,Gordon,,,1065,2,3,6,17,0,0,0,2,1,0,15,59,,,,0.0,0.51,1.44,1.27,4.99,12,11,36
486,a,100.0,100.0,6.5,53,34.0,0,0.0,-5,5.0,2.6,113,36.0,28,0,1.6,380.0,171.0,0,95,0.2,409.0,191.0,0.0,4.3,0.0,544640,158,1169070,164,-0.3,0.2,1.12,0.51,1.63,9.05,0.14,0.07,0.21,1.17,81.6,339.0,149.0,144.2,165.0,111.0,105.0,205.0,114.0,33.1,274.0,136.0,,,,23,,Anthony,Elanga,Elanga,,,698,0,1,2,14,0,0,0,0,0,0,7,26,,,,0.0,0.26,1.81,0.9,3.35,6,5,15
487,a,,,6.1,80,53.0,0,0.0,-4,4.0,1.7,141,48.0,68,0,3.2,159.0,69.0,8,230,3.7,65.0,25.0,0.6,11.1,0.0,666223,1383,530525,1269,3.2,3.7,4.31,1.87,6.18,11.62,0.38,0.16,0.54,1.01,276.6,158.0,60.0,242.5,91.0,68.0,421.0,24.0,11.0,93.8,54.0,37.0,,,,23,,Harvey,Barnes,Barnes,,,1032,5,0,4,12,0,0,0,0,0,0,10,57,,,,0.0,0.35,1.05,0.87,4.97,7,13,37
488,d,75.0,75.0,7.3,24,17.0,0,0.0,8,-8.0,21.3,17,6.0,120,0,5.7,8.0,5.0,18,526,6.0,8.0,4.0,0.8,16.4,0.0,3856807,3761,1439093,34518,4.1,4.5,4.03,2.95,6.98,22.8,0.2,0.14,0.34,1.12,606.4,9.0,2.0,542.4,11.0,11.0,342.0,39.0,22.0,149.1,8.0,6.0,,,,23,,Bruno,Guimarães Rodriguez Moura,Bruno G.,Ankle injury - 75% chance of playing,,1839,8,5,6,27,0,0,0,4,0,0,20,178,,,,0.0,0.29,1.32,0.98,8.71,45,39,94
489,d,25.0,25.0,5.9,92,58.0,0,0.0,-6,6.0,0.6,224,78.0,51,0,2.8,220.0,98.0,2,209,1.2,270.0,117.0,0.2,8.6,0.0,154344,2,335710,436,0.2,0.3,2.75,2.32,5.07,11.71,0.25,0.21,0.46,1.05,209.2,211.0,87.0,299.6,62.0,50.0,266.0,65.0,41.0,77.3,87.0,53.0,,,,23,,Jacob,Murphy,J.Murphy,Hamstring injury - 25% chance of playing,,1005,2,1,6,9,0,0,0,0,0,0,12,43,,,,0.0,0.54,0.81,1.07,3.85,7,10,26
490,a,100.0,100.0,5.9,95,60.0,0,0.0,-1,1.0,0.4,262,90.0,56,0,3.1,176.0,76.0,2,233,4.2,40.0,17.0,0.7,9.5,0.0,69961,413,80683,261,3.7,4.2,1.71,0.95,2.66,16.76,0.12,0.06,0.18,1.15,249.2,175.0,71.0,196.9,120.0,87.0,263.0,67.0,43.0,71.0,104.0,57.0,,,,23,,Joelinton Cássio,Apolinário de Lira,Joelinton,,,1317,2,0,5,17,0,0,0,5,0,0,16,163,,,,0.0,0.34,1.16,1.09,11.14,28,54,81
491,a,100.0,100.0,5.3,194,121.0,0,0.0,-2,2.0,1.0,179,62.0,52,0,2.4,268.0,115.0,1,279,1.5,235.0,99.0,0.3,9.8,0.0,175443,295,287853,276,1.0,1.5,0.68,1.53,2.21,17.28,0.04,0.09,0.13,1.04,235.8,186.0,78.0,301.1,60.0,48.0,113.0,188.0,105.0,65.2,125.0,68.0,1.0,1.0,,23,,Sandro,Tonali,Tonali,,,1493,0,1,7,17,0,0,0,3,0,0,19,154,,,,0.0,0.42,1.02,1.15,9.28,17,47,90
492,u,0.0,0.0,4.9,344,216.0,0,0.0,-1,1.0,0.0,663,273.0,0,0,0.0,759.0,330.0,0,0,0.0,726.0,310.0,0.0,0.0,0.0,655,0,3542,2,0.0,0.0,0.0,0.0,0.0,0.0,0.0,0.0,0.0,0.0,0.0,758.0,329.0,0.0,754.0,329.0,0.0,746.0,327.0,0.0,758.0,329.0,,,,23,,Antoñito,Cordero Campillo,Antoñito C.,has joined Cadiz on loan for the rest of the season.,,0,0,0,0,0,0,0,0,0,0,0,0,0,,,,0.0,0.0,0.0,0.0,0.0,0,0,0
494,a,100.0,100.0,5.0,248,151.0,0,0.0,0,0.0,0.1,513,183.0,14,0,1.3,412.0,185.0,0,54,0.5,329.0,150.0,0.1,2.8,0.0,9719,31,10140,22,0.0,0.5,0.6,0.11,0.71,3.44,0.23,0.04,0.27,1.33,35.4,402.0,178.0,49.6,314.0,175.0,27.0,336.0,176.0,11.0,390.0,179.0,,,,23,,Joe,Willock,Willock,,,233,0,0,2,2,0,0,0,1,0,0,2,25,,,,0.0,0.77,0.77,0.77,9.66,10,4,11
495,u,0.0,0.0,4.5,405,248.0,0,0.0,0,0.0,0.0,746,320.0,0,0,0.0,669.0,261.0,0,0,0.0,613.0,225.0,0.0,0.0,0.0,0,0,1592,1,0.0,0.0,0.0,0.0,0.0,0.0,0.0,0.0,0.0,0.0,0.0,662.0,255.0,0.0,658.0,258.0,0.0,635.0,249.0,0.0,665.0,257.0,,,,23,,Isaac,Hayden,Hayden,Has departed the club as a free agent.,,0,0,0,0,0,0,0,0,0,0,0,0,0,,,,0.0,0.0,0.0,0.0,0.0,0,0,0
496,u,0.0,0.0,4.4,548,328.0,0,0.0,-1,1.0,0.0,623,245.0,0,0,0.0,658.0,255.0,0,0,0.0,600.0,217.0,0.0,0.0,0.0,2219,0,7309,3,0.0,0.0,0.0,0.0,0.0,0.0,0.0,0.0,0.0,0.0,0.0,649.0,247.0,0.0,646.0,251.0,0.0,622.0,241.0,0.0,652.0,249.0,,,,23,,Garang,Kuol,Kuol,has joined Sparta Prague permanently.,,0,0,0,0,0,0,0,0,0,0,0,0,0,,,,0.0,0.0,0.0,0.0,0.0,0,0,0
497,a,100.0,100.0,4.5,457,278.0,0,0.0,0,0.0,3.6,94,30.0,56,0,3.1,167.0,70.0,4,257,3.0,102.0,49.0,0.7,12.4,0.0,604710,1042,450064,2104,2.5,3.0,1.18,1.95,3.13,12.49,0.1,0.17,0.27,1.08,254.8,172.0,68.0,177.2,136.0,96.0,113.0,187.0,104.0,54.5,169.0,92.0,,,,23,,Lewis,Miley,L.Miley,,,1043,1,3,2,14,0,0,0,0,0,0,10,119,,,,0.0,0.17,1.21,0.86,10.27,21,42,56
498,u,0.0,0.0,4.5,431,259.0,0,0.0,0,0.0,0.0,747,321.0,0,0,0.0,683.0,271.0,0,0,0.0,631.0,236.0,0.0,0.0,0.0,117,0,1190,3,0.0,0.0,0.0,0.0,0.0,0.0,0.0,0.0,0.0,0.0,0.0,676.0,265.0,0.0,675.0,268.0,0.0,654.0,260.0,0.0,679.0,267.0,,,,23,,Joe,White,White,has joined Bradford City on loan for the rest of the season.,,0,0,0,0,0,0,0,0,0,0,0,0,0,,,,0.0,0.0,0.0,0.0,0.0,0,0,0
500,d,50.0,50.0,5.4,179,42.0,0,0.0,-1,1.0,0.2,373,59.0,18,0,1.8,355.0,38.0,0,60,0.0,773.0,80.0,0.0,3.3,0.0,68793,1,85336,20,-0.2,0.0,0.64,0.03,0.67,3.27,0.27,0.01,0.28,1.38,41.2,393.0,41.0,14.2,386.0,49.0,68.0,258.0,46.0,12.1,378.0,46.0,,,,23,,William,Osula,Osula,Lack of match fitness - 50% chance of playing,,213,1,1,1,4,0,0,0,0,0,0,1,8,,,,0.0,0.42,1.69,0.42,3.38,1,1,6
501,a,,,4.3,611,83.0,0,0.0,-2,2.0,0.2,351,57.0,0,0,0.0,638.0,64.0,0,0,0.0,577.0,55.0,0.0,0.0,0.0,20670,44,32087,38,-0.5,0.0,0.0,0.0,0.0,0.0,0.0,0.0,0.0,0.0,0.0,627.0,64.0,0.0,625.0,63.0,0.0,598.0,63.0,0.0,630.0,64.0,,,,23,,Sean,Neave,Neave,,,0,0,0,0,0,0,0,0,0,0,0,0,0,,,,0.0,0.0,0.0,0.0,0.0,0,0,0
674,a,,,4.8,361,15.0,0,0.0,-2,2.0,0.7,213,28.0,11,0,1.6,376.0,29.0,0,45,0.5,327.0,23.0,0.1,2.3,0.0,106423,58,140095,182,0.0,0.5,0.0,0.0,0.0,7.96,0.0,0.0,0.0,1.3,97.4,323.0,26.0,10.0,406.0,10.0,0.0,724.0,79.0,10.8,392.0,25.0,,,,23,,Aaron,Ramsdale,Ramsdale,,,553,0,0,0,10,0,0,0,0,0,10,6,0,,,,1.63,0.0,1.63,0.98,0.0,0,5,49
684,a,,,5.1,234,35.0,0,0.0,1,-1.0,6.3,63,21.0,84,0,4.4,45.0,20.0,10,280,5.2,15.0,7.0,1.0,16.5,0.0,1105456,2106,338807,6050,4.7,5.2,1.91,0.44,2.35,22.09,0.11,0.03,0.14,1.26,505.6,29.0,13.0,55.4,304.0,100.0,198.0,97.0,13.0,75.7,91.0,23.0,,,,23,,Malick,Thiaw,Thiaw,,,1577,3,0,4,24,0,0,0,3,0,0,18,199,,,,0.0,0.23,1.37,1.03,9.76,22,149,73
689,a,,,4.3,614,359.0,0,0.0,-2,2.0,0.3,314,104.0,0,0,0.0,640.0,246.0,0,0,0.0,579.0,208.0,0.0,0.0,0.0,44981,483,33805,169,-0.5,0.0,0.0,0.0,0.0,0.0,0.0,0.0,0.0,0.0,0.0,629.0,236.0,0.0,627.0,241.0,0.0,600.0,230.0,0.0,632.0,238.0,,,,23,,Seung-Soo,Park,Seung soo,,,0,0,0,0,0,0,0,0,0,0,0,0,0,,,,0.0,0.0,0.0,0.0,0.0,0,0,0
714,a,,,7.2,32,12.0,0,0.0,2,-2.0,13.6,29,6.0,80,0,4.2,61.0,7.0,10,283,1.8,209.0,24.0,0.2,11.1,0.0,5368719,1095,3814803,13900,1.3,1.8,6.19,0.75,6.94,16.75,0.42,0.05,0.47,1.14,341.6,99.0,9.0,164.1,149.0,10.0,370.0,33.0,14.0,86.5,68.0,12.0,,,3.0,23,,Nick,Woltemade,Woltemade,,,1324,7,3,6,18,1,0,0,0,0,0,17,67,,,,0.0,0.41,1.22,1.16,4.55,15,22,30
753,a,,,4.0,646,39.0,0,0.0,0,0.0,0.0,700,81.0,0,0,0.0,551.0,59.0,0,0,0.0,473.0,54.0,0.0,0.0,0.0,1167,5,632,6,-0.5,0.0,0.0,0.0,0.0,0.0,0.0,0.0,0.0,0.0,0.0,539.0,59.0,0.0,532.0,46.0,0.0,496.0,31.0,0.0,542.0,59.0,,,,23,,John,Ruddy,Ruddy,,,0,0,0,0,0,0,0,0,0,0,0,0,0,,,,0.0,0.0,0.0,0.0,0.0,0,0,0
765,a,,,4.0,696,186.0,0,0.0,0,0.0,0.0,674,234.0,0,0,0.0,592.0,223.0,0,0,0.0,516.0,204.0,0.0,0.0,0.0,2280,12,1062,13,-0.5,0.0,0.0,0.0,0.0,0.0,0.0,0.0,0.0,0.0,0.0,580.0,222.0,0.0,575.0,223.0,0.0,541.0,217.0,0.0,583.0,222.0,,,,23,,Leo,Shahar,Shahar,,,0,0,0,0,0,0,0,0,0,0,0,0,0,,,,0.0,0.0,0.0,0.0,0.0,0,0,0
772,a,,,4.5,506,313.0,0,0.0,0,0.0,0.0,780,344.0,0,0,0.0,732.0,311.0,0,0,0.0,683.0,279.0,0.0,0.0,0.0,187,4,99,2,-0.5,0.0,0.0,0.0,0.0,0.0,0.0,0.0,0.0,0.0,0.0,731.0,310.0,0.0,726.0,310.0,0.0,709.0,305.0,0.0,731.0,310.0,,,,23,,Sam,Alabi,Alabi,,,0,0,0,0,0,0,0,0,0,0,0,0,0,,,,0.0,0.0,0.0,0.0,0.0,0,0,0
12,a,100.0,100.0,4.9,300,48.0,0,0.0,-1,1.0,0.2,353,128.0,7,0,1.4,400.0,147.0,0,56,0.2,395.0,145.0,0.0,1.4,0.0,25827,65,50283,25,0.2,0.2,0.07,0.36,0.43,5.02,0.02,0.09,0.11,1.28,80.8,341.0,130.0,83.4,246.0,72.0,22.0,355.0,122.0,18.6,350.0,122.0,,,,23,,Oleksandr,Zinchenko,Zinchenko,,,352,0,0,0,6,0,0,0,0,0,0,4,36,,,,0.0,0.0,1.53,1.02,6.14,10,14,17
426,a,,,5.0,256,157.0,0,0.0,-5,5.0,0.1,485,170.0,6,0,0.9,484.0,230.0,0,24,0.0,733.0,314.0,0.0,1.2,0.0,12051,18,25427,18,0.0,0.0,0.02,0.17,0.19,3.56,0.01,0.09,0.1,1.9,16.2,433.0,195.0,44.9,326.0,179.0,8.0,392.0,193.0,7.0,413.0,187.0,,,,23,,James,McAtee,McAtee,,,169,0,0,0,7,0,0,0,1,0,0,1,11,,,,0.0,0.0,3.73,0.53,5.86,4,1,6
502,a,100.0,100.0,4.6,389,18.0,0,0.0,-4,4.0,5.5,72,12.0,54,0,3.0,185.0,16.0,3,216,2.3,164.0,18.0,0.5,11.7,0.0,368740,461,1904803,461,2.3,2.3,0.0,0.06,0.06,24.79,0.0,0.0,0.0,1.45,407.0,62.0,12.0,10.0,404.0,8.0,0.0,713.0,74.0,41.7,231.0,12.0,,,,23,,Matz,Sels,Sels,,,1542,0,0,3,26,0,0,0,1,0,53,17,75,,,,3.09,0.18,1.52,0.99,0.0,1,19,118
503,u,0.0,0.0,4.0,675,55.0,0,0.0,0,0.0,0.1,532,76.0,0,0,0.0,574.0,73.0,0,0,0.0,496.0,68.0,0.0,0.0,0.0,448,0,15364,8,0.0,0.0,0.0,0.0,0.0,0.0,0.0,0.0,0.0,0.0,0.0,562.0,73.0,0.0,557.0,62.0,0.0,522.0,47.0,0.0,565.0,73.0,,,,23,,Carlos Miguel,dos Santos Pereira,C.Miguel,Has joined Palmeiras permanently.,,0,0,0,0,0,0,0,0,0,0,0,0,0,,,,0.0,0.0,0.0,0.0,0.0,0,0,0
504,u,0.0,0.0,4.0,661,47.0,0,0.0,0,0.0,0.1,499,75.0,0,0,0.0,562.0,65.0,0,0,0.0,484.0,60.0,0.0,0.0,0.0,0,0,15381,5,0.0,0.0,0.0,0.0,0.0,0.0,0.0,0.0,0.0,0.0,0.0,550.0,65.0,0.0,545.0,54.0,0.0,510.0,39.0,0.0,553.0,65.0,,,,23,,Matt,Turner,Turner,Has joined Lyon permanently.,,0,0,0,0,0,0,0,0,0,0,0,0,0,,,,0.0,0.0,0.0,0.0,0.0,0,0,0
505,a,,,5.1,229,33.0,0,0.0,-4,4.0,3.1,104,42.0,58,0,2.6,244.0,94.0,1,206,2.5,155.0,60.0,0.5,11.4,0.0,298663,270,1012322,322,2.5,2.5,0.72,0.41,1.13,30.92,0.03,0.02,0.05,1.41,407.0,63.0,30.0,36.0,341.0,118.0,88.0,227.0,61.0,53.4,178.0,58.0,,,,23,,Nikola,Milenković,Milenković,,,1980,0,0,4,34,1,0,0,4,0,0,22,207,,,,0.0,0.18,1.55,1.0,8.09,15,163,67
509,u,0.0,0.0,4.5,427,86.0,0,0.0,0,0.0,0.0,664,230.0,0,0,0.0,680.0,252.0,0,0,0.0,628.0,245.0,0.0,0.0,0.0,427,0,4371,0,0.0,0.0,0.0,0.0,0.0,0.0,0.0,0.0,0.0,0.0,0.0,673.0,251.0,0.0,671.0,252.0,0.0,650.0,251.0,0.0,676.0,252.0,,,,23,,David,Mota Veiga Teixeira do Carmo,David Carmo,has joined Real Oviedo on loan for the rest of the season.,,0,0,0,0,0,0,0,0,0,0,0,0,0,,,,0.0,0.0,0.0,0.0,0.0,0,0,0
510,a,,,4.2,638,155.0,0,0.0,-3,3.0,0.1,546,198.0,3,0,3.0,182.0,70.0,0,9,0.0,551.0,229.0,0.0,0.7,0.0,2858,5,7786,9,0.0,0.0,0.0,0.0,0.0,3.28,0.0,0.0,0.0,3.28,26.0,414.0,157.0,0.4,453.0,166.0,0.0,573.0,239.0,2.6,443.0,160.0,,,,23,,Jair,Paula da Cunha Filho,Jair Cunha,,,90,0,0,0,2,0,0,0,0,0,0,1,12,,,,0.0,0.0,2.0,1.0,11.0,2,9,1
511,a,,,4.3,584,136.0,0,0.0,-2,2.0,0.1,502,180.0,21,0,2.1,306.0,115.0,1,83,0.2,375.0,142.0,0.0,4.9,0.0,7776,3,12117,14,0.2,0.2,0.03,0.06,0.09,10.69,0.0,0.01,0.01,1.36,165.2,250.0,102.0,9.1,409.0,148.0,5.0,405.0,151.0,17.9,351.0,123.0,,,,23,,Felipe,Rodrigues da Silva,Morato,,,709,0,0,1,14,0,0,0,4,0,0,8,92,,,,0.0,0.13,1.78,1.02,8.89,18,52,31
512,u,0.0,0.0,4.5,412,79.0,0,0.0,0,0.0,0.0,669,233.0,0,0,0.0,672.0,250.0,0,0,0.0,616.0,241.0,0.0,0.0,0.0,345,0,4087,2,0.0,0.0,0.0,0.0,0.0,0.0,0.0,0.0,0.0,0.0,0.0,665.0,249.0,0.0,662.0,250.0,0.0,639.0,248.0,0.0,668.0,250.0,,,,23,,Omar,Richards,O.Richards,has joined Rio Ave on loan for the rest of the season.,,0,0,0,0,0,0,0,0,0,0,0,0,0,,,,0.0,0.0,0.0,0.0,0.0,0,0,0
514,a,100.0,100.0,3.8,770,232.0,0,0.0,-2,2.0,0.4,288,110.0,0,0,0.0,494.0,174.0,0,0,0.0,411.0,148.0,0.0,0.0,0.0,36192,137,58666,59,0.0,0.0,0.0,0.0,0.0,0.0,0.0,0.0,0.0,0.0,0.0,481.0,172.0,0.0,471.0,171.0,0.0,433.0,161.0,0.0,484.0,172.0,,,,23,,Willy,Boly,Boly,,,0,0,0,0,0,0,0,0,0,0,0,0,0,,,,0.0,0.0,0.0,0.0,0.0,0,0,0
515,a,100.0,100.0,7.3,27,18.0,0,0.0,-2,2.0,3.0,108,33.0,84,0,3.8,93.0,43.0,7,329,4.0,47.0,19.0,0.5,11.5,0.0,697934,1482,974654,801,4.0,4.0,5.81,1.69,7.5,29.83,0.28,0.08,0.36,1.43,335.8,106.0,36.0,389.7,30.0,29.0,410.0,27.0,14.0,113.3,31.0,26.0,,2.0,2.0,23,,Morgan,Gibbs-White,Gibbs-White,,,1872,5,1,4,31,0,0,0,0,0,0,21,106,,,,0.0,0.19,1.49,1.01,5.1,12,32,62
516,a,100.0,100.0,5.7,116,73.0,0,0.0,-3,3.0,0.8,205,69.0,56,0,2.8,219.0,97.0,6,224,1.5,237.0,101.0,0.3,9.8,0.0,251185,248,310609,294,1.5,1.5,1.84,1.6,3.44,19.38,0.14,0.12,0.26,1.44,232.2,188.0,80.0,363.5,41.0,38.0,206.0,92.0,56.0,80.0,81.0,49.0,,,,23,,Callum,Hudson-Odoi,Hudson-Odoi,,,1208,3,1,2,19,0,0,0,0,0,0,12,65,,,,0.0,0.15,1.42,0.89,4.84,10,14,41
517,a,,,5.3,189,118.0,0,0.0,-2,2.0,4.5,80,28.0,92,0,4.2,58.0,24.0,4,432,3.8,53.0,21.0,0.7,17.4,0.0,926872,3079,1087123,1625,3.8,3.8,1.8,2.02,3.82,30.92,0.08,0.09,0.17,1.41,486.6,35.0,9.0,559.9,8.0,8.0,146.0,144.0,84.0,119.6,23.0,19.0,2.0,,4.0,23,,Elliot,Anderson,Anderson,,,1980,1,3,4,34,0,0,0,4,0,0,22,302,,,,0.0,0.18,1.55,1.0,13.73,59,58,185
518,u,0.0,0.0,5.4,176,110.0,0,0.0,-1,1.0,0.0,611,236.0,1,0,1.0,479.0,228.0,0,6,0.0,771.0,341.0,0.0,0.2,0.0,1029,0,9052,1,0.0,0.0,0.0,0.0,0.0,0.0,0.0,0.0,0.0,0.0,5.0,451.0,206.0,0.5,452.0,220.0,4.0,416.0,207.0,1.0,460.0,214.0,,,,23,,João Pedro,Ferreira da Silva,Jota,has joined Besiktas on loan for the rest of the season.,,11,0,0,0,0,0,0,0,0,0,0,0,3,,,,0.0,0.0,0.0,0.0,24.55,2,1,0
519,a,100.0,100.0,5.0,255,156.0,0,0.0,0,0.0,0.0,651,266.0,28,0,2.2,296.0,131.0,3,110,3.3,82.0,38.0,0.7,5.6,0.0,2663,37,1806,16,3.3,3.3,0.89,0.38,1.27,9.72,0.12,0.05,0.17,1.34,139.2,273.0,121.0,135.2,174.0,117.0,79.0,241.0,130.0,35.5,262.0,128.0,3.0,,,23,,Nicolás,Domínguez,Dominguez,,,652,1,0,2,11,0,0,0,2,0,0,9,67,,,,0.0,0.28,1.52,1.24,9.25,25,15,27
520,u,0.0,0.0,5.0,253,155.0,0,0.0,0,0.0,0.0,796,356.0,0,0,0.0,762.0,332.0,0,0,0.0,732.0,313.0,0.0,0.0,0.0,0,0,116,0,0.0,0.0,0.0,0.0,0.0,0.0,0.0,0.0,0.0,0.0,0.0,761.0,331.0,0.0,758.0,331.0,0.0,752.0,329.0,0.0,761.0,331.0,,,,23,,Lewis,O'Brien,O'Brien,Has joined Wrexham permanently.,,0,0,0,0,0,0,0,0,0,0,0,0,0,,,,0.0,0.0,0.0,0.0,0.0,0,0,0
521,a,100.0,100.0,4.9,304,189.0,0,0.0,-1,1.0,0.1,565,208.0,50,0,3.6,114.0,52.0,2,201,0.5,328.0,149.0,0.1,10.2,0.0,7657,30,10749,12,0.5,0.5,0.78,1.11,1.89,14.9,0.07,0.1,0.17,1.41,246.2,176.0,72.0,80.1,253.0,153.0,77.0,247.0,135.0,40.4,238.0,118.0,,,,23,,Ibrahim,Sangaré,Sangaré,,,954,2,2,4,13,0,0,0,2,0,0,12,113,,,,0.0,0.38,1.23,1.13,10.66,28,43,42
522,a,100.0,100.0,4.7,378,237.0,0,0.0,-3,3.0,0.1,544,197.0,15,0,1.4,399.0,179.0,0,67,0.0,688.0,283.0,0.0,3.2,0.0,9148,7,18584,2,0.0,0.0,0.07,0.17,0.24,3.48,0.02,0.05,0.07,1.05,64.2,365.0,161.0,27.0,360.0,187.0,25.0,342.0,178.0,11.5,383.0,176.0,,,,23,,Ryan,Yates,Yates,,,299,0,1,0,5,0,0,0,1,0,0,1,33,,,,0.0,0.0,1.51,0.3,9.93,7,15,11
523,a,100.0,100.0,4.5,468,286.0,0,0.0,0,0.0,0.1,572,212.0,0,0,0.0,704.0,290.0,0,0,0.0,654.0,257.0,0.0,0.0,0.0,1939,6,16409,3,0.0,0.0,0.0,0.0,0.0,0.0,0.0,0.0,0.0,0.0,0.0,701.0,287.0,0.0,697.0,288.0,0.0,679.0,282.0,0.0,702.0,288.0,,,,23,,Eric,da Silva Moreira,Da Silva Moreira,,,0,0,0,0,0,0,0,0,0,0,0,0,0,,,,0.0,0.0,0.0,0.0,0.0,0,0,0
524,u,0.0,0.0,4.5,444,266.0,0,0.0,0,0.0,0.0,677,281.0,0,0,0.0,688.0,276.0,0,0,0.0,637.0,242.0,0.0,0.0,0.0,245,0,5666,1,0.0,0.0,0.0,0.0,0.0,0.0,0.0,0.0,0.0,0.0,0.0,683.0,271.0,0.0,680.0,273.0,0.0,660.0,265.0,0.0,684.0,272.0,,,,23,,Marko,Stamenić,Stamenic,Has joined Swansea City permanently.,,0,0,0,0,0,0,0,0,0,0,0,0,0,,,,0.0,0.0,0.0,0.0,0.0,0,0,0
525,i,0.0,0.0,7.2,30,10.0,0,0.0,-3,3.0,4.7,77,13.0,25,0,3.1,178.0,19.0,3,85,0.0,798.0,86.0,0.0,3.5,0.0,2133234,6,3373380,351,0.0,0.0,2.81,0.11,2.92,7.84,0.47,0.02,0.49,1.31,77.6,345.0,34.0,49.6,315.0,34.0,179.0,111.0,29.0,29.8,291.0,35.0,,,1.0,23,,Chris,Wood,Wood,Knee injury - Unknown return date,,538,2,0,1,8,0,0,0,0,0,0,7,14,,,,0.0,0.17,1.34,1.17,2.34,1,6,7
526,d,75.0,75.0,5.8,109,31.0,0,0.0,-2,2.0,1.0,187,29.0,46,0,2.2,301.0,30.0,3,135,2.2,187.0,21.0,0.4,7.9,0.0,300715,78,295604,1115,1.7,1.7,3.33,0.83,4.16,20.07,0.25,0.06,0.31,1.48,117.2,298.0,29.0,111.4,203.0,22.0,348.0,38.0,17.0,55.3,164.0,19.0,,,3.0,23,,Igor Jesus,Maciel da Cruz,Igor Jesus,Hip injury - 75% chance of playing,,1218,1,2,4,23,0,0,0,0,0,0,14,59,,,,0.0,0.3,1.7,1.03,4.36,13,17,29
527,a,100.0,100.0,5.2,207,45.0,0,0.0,-3,3.0,0.3,323,54.0,7,0,1.0,476.0,56.0,0,29,0.3,362.0,42.0,0.1,1.3,0.0,30545,69,88477,25,0.3,0.3,0.46,0.39,0.85,2.94,0.23,0.19,0.42,1.45,17.0,431.0,48.0,40.5,332.0,40.0,68.0,257.0,45.0,12.6,375.0,45.0,,,,23,,Taiwo,Awoniyi,Awoniyi,,,182,0,0,0,2,0,0,0,0,0,0,1,10,,,,0.0,0.0,0.99,0.49,4.95,1,3,6
669,a,100.0,100.0,5.5,149,95.0,0,0.0,-5,5.0,0.7,214,73.0,42,0,2.6,246.0,106.0,4,144,0.2,405.0,189.0,0.0,7.6,0.0,542938,33,569459,55,0.2,0.2,0.78,1.22,2.0,14.08,0.07,0.11,0.18,1.25,144.6,267.0,117.0,153.0,159.0,107.0,136.0,155.0,90.0,43.5,224.0,110.0,,,,23,,Dan,Ndoye,Ndoye,,,1011,1,2,2,16,0,0,0,1,0,0,14,82,,,,0.0,0.18,1.42,1.25,7.3,18,20,44
675,a,100.0,100.0,4.0,651,43.0,0,0.0,0,0.0,1.2,172,22.0,0,0,0.0,555.0,62.0,0,0,0.0,477.0,57.0,0.0,0.0,0.0,28369,14,95735,41,0.0,0.0,0.0,0.0,0.0,0.0,0.0,0.0,0.0,0.0,0.0,543.0,62.0,0.0,537.0,50.0,0.0,501.0,35.0,0.0,546.0,62.0,,,,23,,Angus,Gunn,Gunn,,,0,0,0,0,0,0,0,0,0,0,0,0,0,,,,0.0,0.0,0.0,0.0,0.0,0,0,0
693,a,,,5.4,175,109.0,0,0.0,-1,1.0,0.1,449,153.0,48,0,2.8,217.0,95.0,3,189,2.5,157.0,67.0,0.5,8.9,0.0,30690,42,20760,100,2.5,2.5,1.58,2.45,4.03,14.22,0.16,0.25,0.41,1.46,186.4,236.0,99.0,291.4,66.0,53.0,218.0,83.0,50.0,69.3,111.0,61.0,,,,23,,Omari,Hutchinson,Hutchinson,,,878,1,4,2,15,0,0,0,0,0,0,8,74,,,,0.0,0.21,1.54,0.82,7.59,13,8,53
696,u,0.0,0.0,6.0,88,28.0,0,0.0,0,0.0,0.1,433,62.0,9,0,1.0,481.0,57.0,0,24,0.2,408.0,47.0,0.0,1.5,0.0,15291,0,17336,44,0.0,0.0,0.44,0.02,0.46,1.57,0.44,0.02,0.46,1.59,6.8,446.0,51.0,17.7,381.0,48.0,39.0,310.0,51.0,6.3,420.0,51.0,,,,23,,Arnaud,Kalimuendo,Kalimuendo,has joined Eintracht Frankfurt on loan for the rest of the season.,,89,0,0,0,3,0,0,0,0,0,0,0,6,,,,0.0,0.0,3.03,0.0,6.07,1,1,4
699,a,100.0,100.0,4.9,313,194.0,0,0.0,-1,1.0,0.0,585,218.0,11,0,1.4,401.0,180.0,0,64,0.2,396.0,183.0,0.0,2.2,0.0,15217,19,14928,19,0.2,0.2,0.14,0.64,0.78,4.45,0.04,0.18,0.22,1.28,46.6,387.0,172.0,77.4,256.0,155.0,25.0,343.0,179.0,14.9,365.0,171.0,1.0,,,23,,Douglas Luiz,Soares de Paulo,Douglas Luiz,,,314,0,1,0,7,0,0,0,2,0,0,5,39,,,,0.0,0.0,2.01,1.43,11.18,9,10,20
715,i,0.0,0.0,4.0,659,46.0,0,0.0,0,0.0,0.4,270,36.0,11,0,2.2,286.0,24.0,0,32,0.7,307.0,22.0,0.2,2.8,0.0,65459,6,37786,210,0.0,0.0,0.0,0.0,0.0,6.13,0.0,0.0,0.0,1.26,56.4,380.0,29.0,0.0,543.0,53.0,0.0,508.0,38.0,5.7,421.0,29.0,,,,23,,John Victor,Maciel Furtado,John,Knee injury - Unknown return date,,437,0,0,1,8,0,0,0,1,0,6,5,0,,,,1.24,0.21,1.65,1.03,0.0,0,4,26
716,a,,,4.5,446,92.0,0,0.0,0,0.0,0.1,443,162.0,39,0,2.8,213.0,82.0,0,131,0.3,353.0,131.0,0.1,8.7,0.0,46531,9,36059,83,0.3,0.3,1.34,0.45,1.79,15.04,0.12,0.04,0.16,1.32,216.6,200.0,81.0,123.2,188.0,48.0,94.0,217.0,55.0,43.5,223.0,77.0,,,,23,,Nicolò,Savona,Savona,,,1025,2,0,3,18,0,0,0,2,0,0,11,69,,,,0.0,0.26,1.58,0.97,5.0,20,37,27
729,u,0.0,0.0,4.5,466,94.0,0,0.0,0,0.0,0.0,799,262.0,0,0,0.0,702.0,253.0,0,0,0.0,652.0,246.0,0.0,0.0,0.0,25,0,41,0,0.0,0.0,0.0,0.0,0.0,0.0,0.0,0.0,0.0,0.0,0.0,699.0,253.0,0.0,695.0,253.0,0.0,677.0,252.0,0.0,700.0,253.0,,,,23,,Luis Eduardo,Soares da Silva,Cuiabano,has joined Botafogo on loan for the rest of the season.,,0,0,0,0,0,0,0,0,0,0,0,0,0,,,,0.0,0.0,0.0,0.0,0.0,0,0,0
734,a,100.0,100.0,5.9,101,66.0,0,0.0,-1,1.0,0.0,678,282.0,12,0,1.5,395.0,178.0,0,53,1.2,271.0,118.0,0.2,2.0,0.0,3812,10,3470,10,1.2,1.2,0.39,0.68,1.07,5.51,0.12,0.2,0.32,1.64,49.8,385.0,171.0,108.8,205.0,131.0,71.0,254.0,139.0,23.0,324.0,157.0,,,,23,,Dilane,Bakwa,Bakwa,,,302,0,1,0,7,0,0,0,1,0,0,3,23,,,,0.0,0.0,2.09,0.89,6.85,1,3,19
528,a,,,4.2,626,34.0,0,0.0,-3,3.0,0.2,383,55.0,0,0,0.0,614.0,83.0,0,0,0.0,541.0,78.0,0.0,0.0,0.0,10299,23,31176,25,0.0,0.0,0.0,0.0,0.0,0.0,0.0,0.0,0.0,0.0,0.0,603.0,83.0,0.0,598.0,73.0,0.0,567.0,59.0,0.0,607.0,83.0,,,,23,,Anthony,Patterson,Patterson,,,0,0,0,0,0,0,0,0,0,0,0,0,0,,,,0.0,0.0,0.0,0.0,0.0,0,0,0
529,a,,,3.9,723,66.0,0,0.0,-1,1.0,0.4,279,38.0,0,0,0.0,516.0,35.0,0,0,0.0,437.0,30.0,0.0,0.0,0.0,16683,12,31107,30,0.0,0.0,0.0,0.0,0.0,0.0,0.0,0.0,0.0,0.0,0.0,504.0,35.0,0.0,497.0,22.0,0.0,460.0,7.0,0.0,507.0,35.0,,,,23,,Simon,Moore,Moore,,,0,0,0,0,0,0,0,0,0,0,0,0,0,,,,0.0,0.0,0.0,0.0,0.0,0,0,0
530,u,0.0,0.0,3.9,752,83.0,0,0.0,-1,1.0,0.1,432,66.0,0,0,0.0,536.0,52.0,0,0,0.0,458.0,47.0,0.0,0.0,0.0,7473,0,11457,32,0.0,0.0,0.0,0.0,0.0,0.0,0.0,0.0,0.0,0.0,0.0,524.0,52.0,0.0,517.0,39.0,0.0,480.0,24.0,0.0,527.0,52.0,,,,23,,Blondy,Nna Noukeu,Nna Noukeu,has joined US Boulogne CO permanently.,,0,0,0,0,0,0,0,0,0,0,0,0,0,,,,0.0,0.0,0.0,0.0,0.0,0,0,0
531,a,100.0,100.0,4.6,392,68.0,0,0.0,1,-1.0,3.1,103,41.0,83,2,4.4,42.0,18.0,7,246,1.3,248.0,93.0,0.3,18.0,0.0,1032780,771,895556,1236,1.3,1.3,2.0,0.49,2.49,21.0,0.13,0.03,0.16,1.35,458.4,43.0,20.0,98.6,221.0,62.0,313.0,46.0,2.0,87.0,64.0,11.0,,,,23,,Daniel,Ballard,Ballard,,,1401,2,1,4,19,0,0,0,3,0,0,15,182,,,,0.0,0.26,1.22,0.96,10.92,24,146,34
532,a,,,4.5,436,88.0,0,0.0,0,0.0,0.4,285,108.0,66,0,2.9,197.0,77.0,4,234,1.7,218.0,81.0,0.4,14.7,0.0,71551,33,60619,196,1.7,1.7,1.14,0.92,2.06,30.82,0.05,0.04,0.09,1.48,306.8,129.0,57.0,234.6,96.0,22.0,150.0,136.0,24.0,68.2,116.0,38.0,2.0,,,23,,Trai,Hume,Hume,,,1876,0,1,6,24,0,0,0,6,0,0,21,159,,,,0.0,0.29,1.15,1.01,6.33,44,88,64
533,i,0.0,0.0,4.0,658,164.0,0,0.0,0,0.0,0.0,761,259.0,0,0,0.0,560.0,206.0,0,0,0.0,482.0,185.0,0.0,0.0,0.0,588,3,779,1,0.0,0.0,0.0,0.0,0.0,0.0,0.0,0.0,0.0,0.0,0.0,548.0,205.0,0.0,542.0,206.0,0.0,507.0,199.0,0.0,551.0,205.0,,,,23,,Aji,Alese,Alese,Shoulder injury - Unknown return date,,0,0,0,0,0,0,0,0,0,0,0,0,0,,,,0.0,0.0,0.0,0.0,0.0,0,0,0
534,u,0.0,0.0,3.8,776,237.0,0,0.0,-2,2.0,0.4,275,103.0,0,0,0.0,497.0,176.0,0,0,0.0,416.0,152.0,0.0,0.0,0.0,39413,0,57509,225,0.0,0.0,0.0,0.0,0.0,0.0,0.0,0.0,0.0,0.0,0.0,485.0,175.0,0.0,476.0,175.0,0.0,438.0,165.0,0.0,488.0,175.0,,,,23,,Joe,Anderson,Anderson,has joined Barrow FC permanently.,,0,0,0,0,0,0,0,0,0,0,0,0,0,,,,0.0,0.0,0.0,0.0,0.0,0,0,0
535,a,100.0,100.0,4.0,668,169.0,0,0.0,0,0.0,0.1,575,209.0,13,1,2.2,287.0,108.0,0,44,2.2,175.0,66.0,0.6,3.2,0.0,5790,45,3988,36,2.2,2.2,0.0,0.02,0.02,6.04,0.0,0.01,0.01,1.84,58.2,375.0,143.0,8.7,412.0,150.0,2.0,418.0,156.0,6.8,414.0,149.0,,,,23,,Dennis,Cirkin,Cirkin,,,296,0,0,1,2,0,0,0,1,0,0,3,26,,,,0.0,0.3,0.61,0.91,7.91,8,18,7
536,a,100.0,100.0,4.0,676,172.0,0,0.0,0,0.0,0.0,692,238.0,0,0,0.0,575.0,212.0,0,0,0.0,497.0,191.0,0.0,0.0,0.0,1089,9,967,6,0.0,0.0,0.0,0.0,0.0,0.0,0.0,0.0,0.0,0.0,0.0,563.0,211.0,0.0,558.0,212.0,0.0,523.0,205.0,0.0,566.0,211.0,,,,23,,Leo Fuhr,Hjelde,Hjelde,,,0,0,0,0,0,0,0,0,0,0,0,0,0,,,,0.0,0.0,0.0,0.0,0.0,0,0,0
537,u,0.0,0.0,4.0,678,173.0,0,0.0,0,0.0,0.1,524,190.0,0,0,0.0,577.0,213.0,0,0,0.0,499.0,192.0,0.0,0.0,0.0,1038,0,15912,3,0.0,0.0,0.0,0.0,0.0,0.0,0.0,0.0,0.0,0.0,0.0,565.0,212.0,0.0,560.0,213.0,0.0,525.0,206.0,0.0,568.0,212.0,,,,23,,Niall,Huggins,Huggins,has joined Wycombe Wanderers on loan for the rest of the season.,,0,0,0,0,0,0,0,0,0,0,0,0,0,,,,0.0,0.0,0.0,0.0,0.0,0,0,0
538,u,0.0,0.0,3.8,788,249.0,0,0.0,-2,2.0,0.2,349,127.0,0,0,0.0,505.0,184.0,0,0,0.0,425.0,161.0,0.0,0.0,0.0,23261,0,29156,103,0.0,0.0,0.0,0.0,0.0,0.0,0.0,0.0,0.0,0.0,0.0,493.0,183.0,0.0,484.0,183.0,0.0,446.0,173.0,0.0,496.0,183.0,,,,23,,Zak,Johnson,Johnson,has joined York City on loan for the rest of the season.,,0,0,0,0,0,0,0,0,0,0,0,0,0,,,,0.0,0.0,0.0,0.0,0.0,0,0,0
539,a,100.0,100.0,4.0,656,162.0,0,0.0,0,0.0,0.1,556,201.0,1,1,0.2,492.0,172.0,0,4,0.3,339.0,122.0,0.1,0.2,0.0,5996,15,6398,21,0.3,0.3,0.0,0.0,0.0,0.86,0.0,0.0,0.0,4.3,5.4,450.0,163.0,1.0,444.0,163.0,0.0,505.0,197.0,0.6,464.0,164.0,,,,23,,Luke,O'Nien,O'Nien,,,18,0,0,0,0,0,0,0,0,1,0,0,2,,,,0.0,0.0,0.0,0.0,10.0,2,0,1
540,u,0.0,0.0,3.9,745,218.0,0,0.0,-1,1.0,0.3,303,113.0,0,0,0.0,531.0,194.0,0,0,0.0,453.0,173.0,0.0,0.0,0.0,47547,0,43700,111,0.0,0.0,0.0,0.0,0.0,0.0,0.0,0.0,0.0,0.0,0.0,519.0,193.0,0.0,512.0,194.0,0.0,475.0,185.0,0.0,522.0,193.0,,,,23,,Timothée,Pembélé,Pembele,has joined Le Havre AC on loan for the rest of the season.,,0,0,0,0,0,0,0,0,0,0,0,0,0,,,,0.0,0.0,0.0,0.0,0.0,0,0,0
541,a,100.0,100.0,3.8,779,240.0,0,0.0,-2,2.0,2.8,111,45.0,38,-1,2.7,223.0,84.0,3,132,0.2,369.0,136.0,0.1,10.0,0.0,505653,1550,962735,640,0.2,0.2,0.1,0.16,0.26,15.91,0.01,0.01,0.02,1.24,208.4,213.0,88.0,50.2,311.0,104.0,25.0,340.0,112.0,28.5,295.0,97.0,,,,23,,Reinildo,Mandava,Reinildo,,,1157,0,1,3,16,0,0,0,5,1,0,14,121,,,,0.0,0.23,1.24,1.09,7.93,27,75,53
542,u,0.0,0.0,4.0,692,183.0,0,0.0,0,0.0,0.1,484,175.0,2,0,1.0,433.0,159.0,0,11,0.0,512.0,201.0,0.0,0.5,0.0,3016,0,24856,4,0.0,0.0,0.0,0.01,0.01,1.33,0.0,0.01,0.01,0.9,33.6,404.0,154.0,2.4,433.0,158.0,0.0,537.0,214.0,3.6,437.0,158.0,,,,23,,Jenson,Seelt,Seelt,has joined Wolfsburg on loan for the rest of the season.,,133,0,0,0,2,0,0,0,0,0,0,1,18,,,,0.0,0.0,1.35,0.68,8.12,4,8,6
545,u,0.0,0.0,5.4,160,100.0,0,0.0,-1,1.0,0.0,707,300.0,1,0,1.0,478.0,227.0,0,4,0.0,764.0,336.0,0.0,0.2,0.0,462,0,4063,1,0.0,0.0,0.03,0.02,0.05,0.66,0.1,0.07,0.17,2.2,1.8,468.0,217.0,7.3,415.0,204.0,5.0,408.0,201.0,1.4,458.0,212.0,,,,23,,Patrick,Roberts,Roberts,has joined Birmingham City on loan for the rest of the season.,,27,0,0,0,1,0,0,0,0,0,0,0,1,,,,0.0,0.0,3.33,0.0,3.33,0,0,1
546,u,0.0,0.0,4.9,343,215.0,0,0.0,-1,1.0,0.0,687,290.0,0,0,0.0,758.0,329.0,0,0,0.0,725.0,309.0,0.0,0.0,0.0,295,0,3373,0,0.0,0.0,0.0,0.0,0.0,0.0,0.0,0.0,0.0,0.0,0.0,757.0,328.0,0.0,753.0,328.0,0.0,745.0,326.0,0.0,757.0,328.0,,,,23,,Milan,Aleksić,Aleksić,has joined Cracovia on loan for the rest of the season.,,0,0,0,0,0,0,0,0,0,0,0,0,0,,,,0.0,0.0,0.0,0.0,0.0,0,0,0
547,a,100.0,100.0,4.9,333,207.0,0,0.0,-1,1.0,1.4,157,54.0,81,2,3.7,101.0,47.0,7,326,3.5,67.0,27.0,0.7,16.5,0.0,276507,1885,147597,1052,3.5,3.5,3.71,2.43,6.14,28.56,0.19,0.12,0.31,1.46,404.2,65.0,18.0,483.6,16.0,15.0,165.0,122.0,71.0,105.4,35.0,27.0,3.0,2.0,2.0,23,,Enzo,Le Fée,E.Le Fée,,,1755,3,4,6,23,0,0,1,5,0,0,20,173,,,,0.0,0.31,1.18,1.03,8.87,49,43,81
548,a,100.0,100.0,4.9,327,202.0,0,0.0,-1,1.0,0.0,726,310.0,10,1,1.0,469.0,220.0,0,37,1.2,264.0,113.0,0.2,2.0,0.0,914,8,1240,7,1.2,1.2,0.45,0.26,0.71,5.74,0.13,0.08,0.21,1.71,24.6,419.0,186.0,29.3,354.0,185.0,46.0,299.0,157.0,9.7,396.0,181.0,,3.0,,23,,Romaine,Mundle,Mundle,,,302,0,0,0,6,0,0,0,1,0,0,2,23,,,,0.0,0.0,1.79,0.6,6.85,4,4,15
549,a,,,4.8,360,225.0,0,0.0,-2,2.0,0.0,631,253.0,3,0,1.0,466.0,218.0,0,10,0.2,393.0,181.0,0.0,0.6,0.0,1953,1,4199,3,0.2,0.2,0.0,0.0,0.0,0.64,0.0,0.0,0.0,4.43,3.0,461.0,213.0,1.4,441.0,215.0,0.0,723.0,312.0,0.4,472.0,218.0,,,,23,,Dan,Neil,Neil,,,13,0,0,0,0,0,0,0,0,0,0,0,2,,,,0.0,0.0,0.0,0.0,13.85,0,2,0
554,a,,,4.3,583,341.0,0,0.0,-2,2.0,0.4,280,94.0,0,0,0.0,624.0,233.0,0,0,0.0,562.0,195.0,0.0,0.0,0.0,77894,39,70664,122,0.0,0.0,0.0,0.0,0.0,0.0,0.0,0.0,0.0,0.0,0.0,612.0,223.0,0.0,610.0,228.0,0.0,581.0,215.0,0.0,616.0,225.0,,,,23,,Abdoullah,Ba,Ba,,,0,0,0,0,0,0,0,0,0,0,0,0,0,,,,0.0,0.0,0.0,0.0,0.0,0,0,0
555,u,0.0,0.0,4.5,407,249.0,0,0.0,0,0.0,0.0,635,257.0,0,0,0.0,670.0,262.0,0,0,0.0,614.0,226.0,0.0,0.0,0.0,1291,0,9742,2,0.0,0.0,0.0,0.0,0.0,0.0,0.0,0.0,0.0,0.0,0.0,663.0,256.0,0.0,659.0,259.0,0.0,636.0,250.0,0.0,666.0,258.0,,,,23,,Alan,Browne,Browne,has joined Middlesbrough on loan for the rest of the season.,,0,0,0,0,0,0,0,0,0,0,0,0,0,,,,0.0,0.0,0.0,0.0,0.0,0,0,0
556,u,0.0,0.0,4.5,429,257.0,0,0.0,0,0.0,0.0,751,325.0,0,0,0.0,681.0,269.0,0,0,0.0,629.0,234.0,0.0,0.0,0.0,0,0,1786,1,0.0,0.0,0.0,0.0,0.0,0.0,0.0,0.0,0.0,0.0,0.0,674.0,263.0,0.0,673.0,266.0,0.0,652.0,258.0,0.0,677.0,265.0,,,,23,,Pierre,Ekwah Elimby,Ekwah,Has joined AS Saint-Etienne permanently.,,0,0,0,0,0,0,0,0,0,0,0,0,0,,,,0.0,0.0,0.0,0.0,0.0,0,0,0
557,a,,,4.3,602,350.0,0,0.0,-2,2.0,0.1,539,193.0,0,0,0.0,632.0,239.0,0,0,0.0,570.0,201.0,0.0,0.0,0.0,6665,20,8962,13,0.0,0.0,0.0,0.0,0.0,0.0,0.0,0.0,0.0,0.0,0.0,621.0,229.0,0.0,619.0,234.0,0.0,591.0,222.0,0.0,624.0,231.0,,,,23,,Harrison,Jones,H.Jones,,,0,0,0,0,0,0,0,0,0,0,0,0,0,,,,0.0,0.0,0.0,0.0,0.0,0,0,0
558,u,0.0,0.0,4.3,590,344.0,0,0.0,-2,2.0,0.2,364,122.0,0,0,0.0,626.0,235.0,0,0,0.0,564.0,197.0,0.0,0.0,0.0,30710,0,40828,127,0.0,0.0,0.0,0.0,0.0,0.0,0.0,0.0,0.0,0.0,0.0,615.0,225.0,0.0,612.0,230.0,0.0,583.0,217.0,0.0,618.0,227.0,,,,23,,Jay,Matete,Matete,has joined MK Dons permanently.,,0,0,0,0,0,0,0,0,0,0,0,0,0,,,,0.0,0.0,0.0,0.0,0.0,0,0,0
559,u,0.0,0.0,4.4,539,323.0,0,0.0,-1,1.0,0.0,633,255.0,0,0,0.0,651.0,251.0,0,0,0.0,593.0,213.0,0.0,0.0,0.0,2951,0,8514,2,0.0,0.0,0.0,0.0,0.0,0.0,0.0,0.0,0.0,0.0,0.0,641.0,242.0,0.0,639.0,247.0,0.0,614.0,236.0,0.0,644.0,244.0,,,,23,,Nectarios,Triantis,Triantis,has joined Minnesota United permanently.,,0,0,0,0,0,0,0,0,0,0,0,0,0,,,,0.0,0.0,0.0,0.0,0.0,0,0,0
560,a,100.0,100.0,5.2,211,46.0,0,0.0,-3,3.0,1.6,148,23.0,51,1,2.5,259.0,25.0,7,169,0.5,332.0,38.0,0.1,9.8,0.0,941796,360,816308,867,0.5,0.5,3.5,0.06,3.56,15.74,0.32,0.01,0.33,1.44,161.4,255.0,23.0,22.2,371.0,45.0,351.0,36.0,16.0,53.3,179.0,20.0,,,,23,,Wilson,Isidor,Isidor,,,985,4,0,4,13,0,0,0,1,0,0,11,39,,,,0.0,0.37,1.19,1.01,3.56,8,14,17
561,a,,,5.2,219,48.0,0,0.0,-3,3.0,0.5,248,40.0,26,2,1.9,337.0,33.0,2,86,1.5,234.0,29.0,0.3,5.0,0.0,262788,53,299962,75,1.5,1.5,1.05,0.14,1.19,10.33,0.17,0.02,0.19,1.63,73.4,353.0,35.0,42.0,329.0,38.0,131.0,161.0,36.0,24.3,315.0,37.0,,,3.0,23,,Eliezer,Mayenda Dossou,Mayenda,,,572,1,0,3,7,0,0,0,0,0,0,6,20,,,,0.0,0.47,1.1,0.94,3.15,3,6,11
562,a,,,4.2,640,88.0,0,0.0,-3,3.0,0.4,274,43.0,0,0,0.0,619.0,62.0,0,0,0.0,553.0,52.0,0.0,0.0,0.0,46485,203,76948,117,0.0,0.0,0.0,0.0,0.0,0.0,0.0,0.0,0.0,0.0,0.0,608.0,61.0,0.0,605.0,61.0,0.0,575.0,61.0,0.0,612.0,62.0,,,,23,,Ahmed,Abdullahi,Abdullahi,,,0,0,0,0,0,0,0,0,0,0,0,0,0,,,,0.0,0.0,0.0,0.0,0.0,0,0,0
678,i,0.0,0.0,3.9,728,209.0,0,0.0,-1,1.0,0.5,246,94.0,1,0,0.3,491.0,171.0,0,4,0.0,442.0,170.0,0.0,0.3,0.0,52343,5,77842,87,0.0,0.0,0.07,0.08,0.15,2.09,0.05,0.06,0.11,1.5,21.8,421.0,159.0,20.1,375.0,136.0,7.0,394.0,148.0,4.9,426.0,154.0,,,,23,,Arthur,Masuaku,Masuaku,Ankle injury - Expected back 22 Feb,,125,0,0,0,2,0,0,0,1,0,0,2,13,,,,0.0,0.0,1.44,1.44,7.2,4,6,3
683,a,100.0,100.0,4.1,644,157.0,0,0.0,1,-1.0,6.6,60,20.0,79,1,4.2,56.0,25.0,5,257,2.7,129.0,46.0,0.7,19.3,0.0,1403724,2030,736307,3295,2.7,2.7,1.23,0.74,1.96,26.73,0.07,0.04,0.11,1.46,471.0,39.0,17.0,83.6,245.0,71.0,195.0,99.0,14.0,75.3,93.0,25.0,,,,23,,Omar,Alderete,Alderete,,,1649,1,1,6,21,0,0,0,4,0,0,18,203,,,,0.0,0.33,1.15,0.98,9.77,19,160,57
694,a,,,4.5,409,77.0,0,0.0,5,-5.0,12.3,35,11.0,102,4,4.9,18.0,8.0,8,344,5.3,11.0,4.0,1.2,22.7,0.0,1995266,8616,502904,2511,5.3,5.3,0.6,1.68,2.28,31.64,0.03,0.08,0.11,1.51,516.4,23.0,9.0,221.4,104.0,26.0,111.0,191.0,45.0,84.9,70.0,14.0,,,,23,,Nordi,Mukiele,Mukiele,,,1882,1,4,6,24,1,0,0,4,0,0,21,235,,,,0.0,0.29,1.15,1.0,9.9,50,157,86
724,a,,,4.5,418,83.0,0,0.0,0,0.0,0.0,584,212.0,32,0,1.9,333.0,128.0,0,145,1.8,204.0,76.0,0.4,7.1,0.0,7727,9,4745,55,1.8,1.8,0.37,0.42,0.79,20.56,0.03,0.04,0.07,1.91,156.2,258.0,104.0,63.6,281.0,90.0,34.0,322.0,103.0,25.4,312.0,107.0,,,,23,,Lutsharel,Geertruida,Geertruida,,,970,0,0,2,14,0,0,0,0,0,0,10,80,,,,0.0,0.19,1.3,0.93,5.94,20,44,43
730,a,100.0,100.0,5.5,147,35.0,0,0.0,0,0.0,1.0,186,28.0,56,7,3.1,171.0,16.0,8,212,5.0,18.0,2.0,0.9,10.2,0.0,174355,7004,58969,473,5.0,5.0,2.24,0.2,2.44,16.24,0.23,0.02,0.25,1.68,215.0,202.0,16.0,59.6,293.0,30.0,218.0,84.0,26.0,48.4,201.0,22.0,,,,23,,Brian,Brobbey,Brobbey,,,871,5,1,3,12,0,0,0,1,0,0,9,37,,,,0.0,0.31,1.24,0.93,3.82,5,8,24
735,i,0.0,0.0,5.5,136,84.0,0,0.0,0,0.0,0.0,628,250.0,28,0,2.8,218.0,96.0,1,114,0.0,775.0,344.0,0.0,5.1,0.0,13405,1,12374,11,0.0,0.0,0.48,0.25,0.73,8.99,0.07,0.04,0.11,1.33,115.6,300.0,135.0,108.1,206.0,132.0,135.0,158.0,92.0,35.9,261.0,127.0,,,,23,,Bertrand,Traoré,Traoré,Knee injury - Expected back 11 Feb,,607,1,1,3,9,0,0,0,1,0,0,9,40,,,,0.0,0.44,1.33,1.33,5.93,11,11,18
774,a,,,4.0,662,166.0,0,0.0,0,0.0,0.0,731,250.0,0,0,0.0,563.0,208.0,0,0,0.0,485.0,187.0,0.0,0.0,0.0,550,5,172,6,0.0,0.0,0.0,0.0,0.0,0.0,0.0,0.0,0.0,0.0,0.0,551.0,207.0,0.0,546.0,208.0,0.0,511.0,201.0,0.0,554.0,207.0,,,,23,,Jenson,Jones,Jenson Jones,,,0,0,0,0,0,0,0,0,0,0,0,0,0,,,,0.0,0.0,0.0,0.0,0.0,0,0,0
775,u,0.0,0.0,4.5,487,300.0,0,0.0,0,0.0,0.0,794,354.0,0,0,0.0,720.0,301.0,0,0,0.0,670.0,268.0,0.0,0.0,0.0,160,0,99,0,0.0,0.0,0.0,0.0,0.0,0.0,0.0,0.0,0.0,0.0,0.0,718.0,299.0,0.0,713.0,299.0,0.0,696.0,294.0,0.0,718.0,299.0,,,,23,,Tymur,Tutierov,Tutierov,has joined Exeter City on loan for the rest of the season.,,0,0,0,0,0,0,0,0,0,0,0,0,0,,,,0.0,0.0,0.0,0.0,0.0,0,0,0
800,i,0.0,0.0,5.0,282,175.0,0,0.0,0,0.0,0.0,801,360.0,0,0,0.0,775.0,342.0,0,0,0.0,747.0,325.0,0.0,0.0,0.0,38,1,7,1,0.0,0.0,0.0,0.0,0.0,0.0,0.0,0.0,0.0,0.0,0.0,775.0,342.0,0.0,773.0,342.0,0.0,767.0,340.0,0.0,775.0,342.0,,,,23,,Djiamgone Jocelin Ta,Bi,Jocelin.T,Lack of match fitness - Expected back 22 Feb,,0,0,0,0,0,0,0,0,0,0,0,0,0,,,,0.0,0.0,0.0,0.0,0.0,0,0,0
565,a,,,4.8,351,14.0,0,0.0,-2,2.0,6.7,59,9.0,77,1,3.3,139.0,13.0,6,352,2.8,117.0,11.0,0.6,16.0,0.0,1331201,232,1251104,3572,2.3,2.8,0.0,0.02,0.02,30.7,0.0,0.0,0.0,1.33,511.6,27.0,8.0,0.1,467.0,14.0,0.0,720.0,78.0,51.3,191.0,9.0,,,,23,,Guglielmo,Vicario,Vicario,,,2070,0,0,7,31,0,0,0,1,0,59,23,97,,,,2.57,0.3,1.35,1.0,0.0,0,28,189
566,a,,,3.9,735,75.0,0,0.0,-1,1.0,0.3,311,42.0,0,0,0.0,525.0,44.0,0,0,0.0,447.0,39.0,0.0,0.0,0.0,19996,9,22354,24,-0.5,0.0,0.0,0.0,0.0,0.0,0.0,0.0,0.0,0.0,0.0,513.0,44.0,0.0,506.0,31.0,0.0,469.0,16.0,0.0,516.0,44.0,,,,23,,Brandon,Austin,Austin,,,0,0,0,0,0,0,0,0,0,0,0,0,0,,,,0.0,0.0,0.0,0.0,0.0,0,0,0
567,a,,,3.9,751,82.0,0,0.0,-1,1.0,1.7,144,19.0,0,0,0.0,535.0,51.0,0,0,0.0,457.0,46.0,0.0,0.0,0.0,122622,44,162441,224,-0.5,0.0,0.0,0.0,0.0,0.0,0.0,0.0,0.0,0.0,0.0,523.0,51.0,0.0,516.0,38.0,0.0,479.0,23.0,0.0,526.0,51.0,,,,23,,Antonín,Kinský,Kinsky,,,0,0,0,0,0,0,0,0,0,0,0,0,0,,,,0.0,0.0,0.0,0.0,0.0,0,0,0
568,a,,,5.2,213,29.0,0,0.0,-3,3.0,12.7,34,10.0,79,1,3.4,130.0,51.0,4,344,4.2,38.0,14.0,0.8,15.2,0.0,1460905,1124,2575305,5528,3.7,4.2,0.45,2.81,3.26,25.39,0.02,0.14,0.16,1.26,414.6,57.0,27.0,517.7,15.0,1.0,89.0,226.0,60.0,102.4,40.0,3.0,3.0,2.0,,23,,Pedro,Porro Sauceda,Pedro Porro,,,1820,0,3,7,24,0,0,0,5,0,0,21,171,,,,0.0,0.35,1.19,1.04,6.73,43,93,94
569,a,100.0,100.0,5.0,251,39.0,0,0.0,0,0.0,4.1,88,31.0,90,9,4.7,26.0,14.0,10,306,5.2,14.0,6.0,1.0,18.0,0.0,934494,2823,991088,1228,4.7,5.2,1.34,1.18,2.52,24.48,0.07,0.06,0.13,1.35,536.2,18.0,7.0,110.1,204.0,52.0,202.0,95.0,11.0,84.9,71.0,15.0,,,,23,,Cristian,Romero,Romero,,,1637,4,1,5,25,0,0,0,8,1,0,18,203,,,,0.0,0.27,1.37,0.99,9.68,52,124,77
570,a,,,4.2,620,144.0,0,0.0,-3,3.0,0.1,422,156.0,27,1,2.1,305.0,114.0,1,110,1.3,245.0,91.0,0.3,6.4,0.0,16431,20,28094,29,0.8,1.3,0.03,0.18,0.21,10.71,0.0,0.02,0.02,1.46,194.2,228.0,94.0,9.1,408.0,147.0,8.0,385.0,142.0,21.2,331.0,111.0,,,,23,,Kevin,Danso,Danso,,,658,0,0,2,12,0,0,0,4,0,0,8,100,,,,0.0,0.27,1.64,1.09,12.72,13,80,27
571,i,0.0,0.0,4.3,567,124.0,0,0.0,-2,2.0,0.1,520,187.0,10,0,3.3,137.0,55.0,1,29,1.5,230.0,86.0,0.3,2.3,0.0,4300,0,11066,40,0.0,0.0,0.49,0.07,0.56,1.11,0.32,0.05,0.37,0.73,67.4,361.0,137.0,22.2,370.0,134.0,52.0,289.0,89.0,14.2,367.0,132.0,,,,23,,Ben,Davies,Davies,Ankle injury - Unknown return date,,136,1,0,0,3,0,0,0,1,0,0,2,14,,,,0.0,0.0,1.99,1.32,9.26,5,9,5
572,a,100.0,100.0,4.5,441,89.0,0,0.0,0,0.0,0.0,716,246.0,2,1,1.0,452.0,164.0,0,5,0.3,352.0,130.0,0.1,0.4,0.0,1026,5,989,3,-0.2,0.3,0.06,0.0,0.06,0.1,0.9,0.0,0.9,1.5,0.0,682.0,252.0,0.3,459.0,167.0,4.0,411.0,153.0,0.4,471.0,167.0,,,,23,,Radu,Drăgușin,Dragusin,,,6,0,0,0,0,0,0,0,0,0,0,0,1,,,,0.0,0.0,0.0,0.0,15.0,0,1,1
573,a,,,4.3,576,130.0,0,0.0,-2,2.0,1.1,175,68.0,55,1,2.8,212.0,81.0,1,220,2.8,115.0,40.0,0.7,12.8,0.0,291864,64,326629,495,2.3,2.8,0.81,1.33,2.14,23.6,0.05,0.08,0.13,1.41,214.0,206.0,84.0,171.0,141.0,34.0,147.0,138.0,25.0,53.0,181.0,59.0,,,,23,,Djed,Spence,Spence,,,1506,0,0,7,21,0,0,0,3,0,0,17,102,,,,0.0,0.42,1.25,1.02,4.66,27,51,87
574,a,100.0,100.0,4.3,585,137.0,0,0.0,-2,2.0,0.3,307,114.0,14,1,1.3,409.0,150.0,0,56,0.2,376.0,143.0,0.0,3.3,0.0,47345,19,108913,32,-0.3,0.2,0.1,0.37,0.47,11.16,0.01,0.05,0.06,1.55,121.8,289.0,110.0,101.0,218.0,61.0,61.0,273.0,79.0,28.4,297.0,99.0,,,,23,,Destiny,Udogie,Udogie,,,650,0,1,0,14,0,0,0,1,0,0,6,52,,,,0.0,0.0,1.94,0.83,4.29,13,18,40
575,a,,,4.6,394,70.0,0,0.0,1,-1.0,28.0,11,4.0,96,7,4.4,43.0,19.0,10,347,5.2,13.0,5.0,1.1,20.9,0.0,3341543,5484,3116727,8550,4.7,5.2,2.5,0.33,2.83,28.66,0.11,0.02,0.13,1.31,498.6,30.0,14.0,75.9,259.0,77.0,189.0,107.0,16.0,76.3,90.0,22.0,,,,23,,Micky,van de Ven,Van de Ven,,,1969,4,1,7,29,0,0,0,6,0,0,22,178,,,,0.0,0.32,1.33,1.01,6.49,25,117,78
576,u,0.0,0.0,4.0,693,184.0,0,0.0,0,0.0,0.0,710,244.0,0,0,0.0,589.0,221.0,0,0,0.0,513.0,202.0,0.0,0.0,0.0,0,0,1969,3,0.0,0.0,0.0,0.0,0.0,0.0,0.0,0.0,0.0,0.0,0.0,577.0,220.0,0.0,572.0,221.0,0.0,538.0,215.0,0.0,580.0,220.0,,,,23,,Ashley,Phillips,Phillips,Has joined Stoke City on loan for the rest of the season.,,0,0,0,0,0,0,0,0,0,0,0,0,0,,,,0.0,0.0,0.0,0.0,0.0,0,0,0
577,u,0.0,0.0,4.0,695,185.0,0,0.0,0,0.0,0.0,588,213.0,0,0,0.0,591.0,222.0,0,0,0.0,515.0,203.0,0.0,0.0,0.0,1005,0,8813,4,0.0,0.0,0.0,0.0,0.0,0.0,0.0,0.0,0.0,0.0,0.0,579.0,221.0,0.0,574.0,222.0,0.0,540.0,216.0,0.0,582.0,221.0,,,,23,,Takai,Kōta,Takai,has joined Borussia Mönchengladbach on loan for the rest of the season.,,0,0,0,0,0,0,0,0,0,0,0,0,0,,,,0.0,0.0,0.0,0.0,0.0,0,0,0
578,u,0.0,0.0,3.9,767,229.0,0,0.0,-1,1.0,0.3,301,111.0,0,0,0.0,549.0,201.0,0,0,0.0,471.0,180.0,0.0,0.0,0.0,7334,0,90661,16,0.0,0.0,0.0,0.0,0.0,0.0,0.0,0.0,0.0,0.0,0.0,537.0,200.0,0.0,530.0,201.0,0.0,494.0,193.0,0.0,540.0,200.0,,,,23,,Luka,Vušković,Vuskovic,has joined Hamburger SV on loan for the rest of the season.,,0,0,0,0,0,0,0,0,0,0,0,0,0,,,,0.0,0.0,0.0,0.0,0.0,0,0,0
579,u,0.0,0.0,8.5,11,6.0,0,0.0,0,0.0,0.1,437,149.0,0,0,0.0,802.0,361.0,0,0,0.0,801.0,361.0,0.0,0.0,0.0,0,0,25384,5,0.0,0.0,0.0,0.0,0.0,0.0,0.0,0.0,0.0,0.0,0.0,802.0,361.0,0.0,802.0,361.0,0.0,802.0,361.0,0.0,802.0,361.0,,,,23,,Son,Heung-min,Son,Has joined Los Angeles FC permanently.,,0,0,0,0,0,0,0,0,0,0,0,0,0,,,,0.0,0.0,0.0,0.0,0.0,0,0,0
581,i,0.0,0.0,6.8,45,27.0,0,0.0,-2,2.0,0.1,439,150.0,0,0,0.0,799.0,358.0,0,0,0.0,796.0,358.0,0.0,0.0,0.0,1506,4,23435,8,0.0,0.0,0.0,0.0,0.0,0.0,0.0,0.0,0.0,0.0,0.0,799.0,358.0,0.0,799.0,358.0,0.0,799.0,358.0,0.0,799.0,358.0,,,,23,,James,Maddison,Maddison,Anterior cruciate ligament - Unknown return date,,0,0,0,0,0,0,0,0,0,0,0,0,0,,,,0.0,0.0,0.0,0.0,0.0,0,0,0
582,i,0.0,0.0,6.4,61,39.0,0,0.0,-1,1.0,10.6,42,16.0,75,0,3.9,81.0,38.0,7,257,1.2,272.0,119.0,0.2,11.7,0.0,3262919,10,5062552,5241,0.0,0.0,1.92,2.41,4.33,22.74,0.11,0.14,0.25,1.33,333.4,108.0,37.0,413.8,27.0,26.0,302.0,50.0,30.0,104.7,37.0,28.0,2.0,1.0,,23,,Mohammed,Kudus,Kudus,Thigh injury - Expected back 11 Apr,,1535,2,6,7,20,0,0,0,3,0,0,19,133,,,,0.0,0.41,1.17,1.11,7.8,29,9,95
583,i,0.0,0.0,6.4,60,38.0,0,0.0,-1,1.0,0.0,703,297.0,0,0,0.0,796.0,357.0,0,0,0.0,793.0,357.0,0.0,0.0,0.0,845,5,1938,5,0.0,0.0,0.0,0.0,0.0,0.0,0.0,0.0,0.0,0.0,0.0,796.0,357.0,0.0,796.0,357.0,0.0,796.0,357.0,0.0,796.0,357.0,,,,23,,Dejan,Kulusevski,Kulusevski,Knee injury - Unknown return date,,0,0,0,0,0,0,0,0,0,0,0,0,0,,,,0.0,0.0,0.0,0.0,0.0,0,0,0
584,a,,,6.2,79,52.0,0,0.0,-3,3.0,0.2,357,119.0,45,1,2.8,221.0,99.0,5,145,2.7,143.0,62.0,0.4,7.3,0.0,37866,62,32098,543,2.2,2.7,1.11,0.53,1.63,6.59,0.19,0.09,0.28,1.11,141.8,269.0,119.0,104.9,211.0,134.0,160.0,128.0,74.0,40.9,234.0,116.0,4.0,,4.0,23,,Mathys,Tel,Tel,,,534,3,1,1,9,0,0,0,0,0,0,6,45,,,,0.0,0.17,1.52,1.01,7.58,10,5,30
585,i,0.0,0.0,5.3,188,117.0,0,0.0,-2,2.0,0.2,372,125.0,64,0,3.2,156.0,66.0,3,269,2.5,156.0,66.0,0.5,12.1,0.0,56798,0,62345,148,0.0,0.0,0.45,0.68,1.13,20.56,0.03,0.04,0.07,1.32,268.6,165.0,63.0,159.7,151.0,104.0,85.0,231.0,126.0,51.6,188.0,100.0,,,,23,,Rodrigo,Bentancur,Bentancur,Hamstring injury - Unknown return date,,1407,1,1,5,21,0,0,0,5,0,0,17,207,,,,0.0,0.32,1.34,1.09,13.24,37,69,101
586,i,0.0,0.0,5.2,220,137.0,0,0.0,-3,3.0,0.2,374,126.0,39,0,2.3,277.0,120.0,0,139,1.0,286.0,125.0,0.2,7.5,0.0,102262,4,108688,105,0.0,0.0,0.96,0.39,1.35,10.21,0.11,0.04,0.15,1.15,137.4,275.0,122.0,81.4,252.0,152.0,133.0,159.0,93.0,35.3,263.0,129.0,,,,23,,Lucas,Bergvall,Bergvall,Ankle injury - Unknown return date,,799,1,2,3,13,0,0,0,2,0,0,10,68,,,,0.0,0.34,1.46,1.13,7.66,20,14,34
587,a,100.0,100.0,5.2,208,130.0,0,0.0,-3,3.0,0.0,601,231.0,5,4,2.5,258.0,111.0,0,39,0.8,298.0,133.0,0.2,1.0,0.0,1618,30,13796,13,0.3,0.8,0.27,0.07,0.34,2.69,0.2,0.05,0.25,1.98,33.2,405.0,179.0,9.0,410.0,201.0,21.0,357.0,184.0,6.3,419.0,189.0,,,,23,,Yves,Bissouma,Bissouma,,,122,0,0,0,3,0,0,0,0,0,0,1,23,,,,0.0,0.0,2.21,0.74,16.97,6,9,8
588,a,100.0,100.0,5.3,203,127.0,0,0.0,-2,2.0,0.1,480,168.0,43,8,2.0,325.0,145.0,6,158,3.0,111.0,53.0,0.6,8.1,0.0,12580,238,8036,84,2.5,3.0,1.6,1.16,2.76,11.4,0.16,0.12,0.28,1.16,147.4,264.0,115.0,249.8,87.0,64.0,208.0,89.0,54.0,60.5,144.0,81.0,,,,23,,Wilson,Odobert,Odobert,,,885,0,2,2,13,0,0,0,0,0,0,8,69,,,,0.0,0.2,1.32,0.81,7.02,10,13,46
589,u,0.0,0.0,5.4,168,104.0,0,0.0,-1,1.0,0.0,739,317.0,0,0,0.0,781.0,345.0,0,0,0.0,767.0,338.0,0.0,0.0,0.0,115,0,1464,0,0.0,0.0,0.0,0.0,0.0,0.0,0.0,0.0,0.0,0.0,0.0,781.0,345.0,0.0,780.0,345.0,0.0,776.0,344.0,0.0,781.0,345.0,,,,23,,Manor,Solomon,Solomon,has joined Fiorentina on loan for the rest of the season.,,0,0,0,0,0,0,0,0,0,0,0,0,0,,,,0.0,0.0,0.0,0.0,0.0,0,0,0
590,u,0.0,0.0,4.9,322,199.0,0,0.0,-1,1.0,0.0,647,263.0,0,0,0.0,751.0,324.0,0,0,0.0,716.0,302.0,0.0,0.0,0.0,675,0,4440,1,0.0,0.0,0.0,0.0,0.0,0.0,0.0,0.0,0.0,0.0,0.0,750.0,323.0,0.0,746.0,323.0,0.0,738.0,321.0,0.0,750.0,323.0,,,,23,,Bryan,Gil Salvatierra,Bryan,has joined Girona permanently.,,0,0,0,0,0,0,0,0,0,0,0,0,0,,,,0.0,0.0,0.0,0.0,0.0,0,0,0
591,a,100.0,100.0,4.8,369,232.0,0,0.0,-2,2.0,0.1,427,144.0,28,1,2.2,295.0,130.0,3,103,3.0,104.0,50.0,0.6,5.8,0.0,14839,36,19769,64,2.5,3.0,0.68,0.13,0.81,8.1,0.09,0.02,0.11,1.11,98.6,320.0,141.0,56.4,301.0,171.0,78.0,244.0,132.0,23.3,321.0,155.0,,,,23,,Archie,Gray,Gray,,,657,1,0,5,8,0,0,0,4,0,0,9,68,,,,0.0,0.68,1.1,1.23,9.32,6,31,31
592,u,0.0,0.0,5.0,269,164.0,0,0.0,0,0.0,0.0,765,333.0,0,0,0.0,768.0,337.0,0,0,0.0,740.0,320.0,0.0,0.0,0.0,0,0,677,0,0.0,0.0,0.0,0.0,0.0,0.0,0.0,0.0,0.0,0.0,0.0,767.0,336.0,0.0,765.0,336.0,0.0,759.0,334.0,0.0,767.0,336.0,,,,23,,Mikey,Moore,Moore,Has joined Rangers on loan for the rest of the season.,,0,0,0,0,0,0,0,0,0,0,0,0,0,,,,0.0,0.0,0.0,0.0,0.0,0,0,0
593,a,100.0,100.0,4.5,435,262.0,0,0.0,-5,5.0,0.8,202,68.0,42,0,3.0,184.0,79.0,0,161,0.0,634.0,239.0,0.0,9.3,0.0,328320,201,554458,102,-0.5,0.0,1.04,0.45,1.49,12.7,0.13,0.06,0.19,1.63,154.6,259.0,111.0,84.7,243.0,148.0,94.0,216.0,120.0,33.4,273.0,135.0,,,,23,,Pape Matar,Sarr,P.M.Sarr,,,703,2,2,3,7,0,0,0,0,0,0,7,82,,,,0.0,0.38,0.9,0.9,10.5,12,29,41
594,u,0.0,0.0,4.5,497,309.0,0,0.0,0,0.0,0.0,712,303.0,0,0,0.0,727.0,308.0,0,0,0.0,678.0,276.0,0.0,0.0,0.0,0,0,2805,0,0.0,0.0,0.0,0.0,0.0,0.0,0.0,0.0,0.0,0.0,0.0,726.0,307.0,0.0,721.0,307.0,0.0,704.0,302.0,0.0,726.0,307.0,,,,23,,Yang,Min-hyeok,Min-hyeok,has joined Coventry City on loan for the rest of the season.,,0,0,0,0,0,0,0,0,0,0,0,0,0,,,,0.0,0.0,0.0,0.0,0.0,0,0,0
595,a,,,4.3,593,346.0,0,0.0,-2,2.0,0.2,366,123.0,0,0,0.0,627.0,236.0,0,0,0.0,565.0,198.0,0.0,0.0,0.0,21095,22,27390,35,-0.5,0.0,0.0,0.0,0.0,0.0,0.0,0.0,0.0,0.0,0.0,616.0,226.0,0.0,613.0,231.0,0.0,585.0,219.0,0.0,619.0,228.0,,,,23,,Callum,Olusesi,Olusesi,,,0,0,0,0,0,0,0,0,0,0,0,0,0,,,,0.0,0.0,0.0,0.0,0.0,0,0,0
596,a,100.0,100.0,7.2,31,11.0,0,0.0,-3,3.0,1.0,181,26.0,5,2,1.2,425.0,49.0,0,24,0.5,337.0,40.0,0.1,0.7,0.0,51738,422,450367,309,0.0,0.5,0.86,0.02,0.88,2.8,0.52,0.01,0.53,1.69,22.4,420.0,46.0,24.2,367.0,44.0,68.0,259.0,47.0,11.4,387.0,47.0,,,2.0,23,,Dominic,Solanke-Mitchell,Solanke,,,149,0,0,0,3,0,0,0,0,0,0,1,10,,,,0.0,0.0,1.81,0.6,6.04,6,2,2
597,i,0.0,0.0,6.4,58,21.0,0,0.0,-1,1.0,6.2,64,12.0,75,0,3.6,118.0,10.0,9,336,1.7,226.0,27.0,0.3,11.7,0.0,2945477,17,2936285,5496,0.0,0.0,4.8,1.22,6.02,17.99,0.34,0.09,0.43,1.27,381.8,79.0,6.0,159.3,152.0,11.0,464.0,19.0,12.0,100.4,45.0,10.0,,,3.0,23,,Richarlison,de Andrade,Richarlison,Hamstring injury - Expected back 01 Mar,,1276,7,3,5,19,0,0,0,4,0,0,13,98,,,,0.0,0.35,1.34,0.92,6.91,15,46,37
598,u,0.0,0.0,4.5,462,63.0,0,0.0,0,0.0,0.0,659,81.0,0,0,0.0,700.0,73.0,0,0,0.0,649.0,64.0,0.0,0.0,0.0,0,0,5064,1,0.0,0.0,0.0,0.0,0.0,0.0,0.0,0.0,0.0,0.0,0.0,696.0,73.0,0.0,692.0,72.0,0.0,673.0,72.0,0.0,697.0,73.0,,,,23,,Will,Lankshear,Lankshear,Has joined Oxford United on loan for the rest of the season.,,0,0,0,0,0,0,0,0,0,0,0,0,0,,,,0.0,0.0,0.0,0.0,0.0,0,0,0
717,a,100.0,100.0,6.5,54,35.0,0,0.0,-5,5.0,1.2,171,60.0,50,4,2.9,209.0,92.0,3,197,1.8,207.0,90.0,0.3,7.7,0.0,772622,420,684184,1171,1.3,1.8,1.57,2.37,3.94,17.79,0.13,0.19,0.32,1.46,192.0,230.0,96.0,264.0,82.0,61.0,144.0,147.0,85.0,60.1,146.0,82.0,5.0,,,23,,Xavi,Simons,Xavi,,,1100,1,3,3,21,0,0,0,2,1,0,12,99,,,,0.0,0.25,1.72,0.98,8.1,24,14,61
726,a,100.0,100.0,6.9,43,17.0,0,0.0,-1,1.0,0.4,269,42.0,24,0,1.6,382.0,42.0,0,63,1.3,259.0,34.0,0.2,3.5,0.0,113499,104,95796,597,0.8,1.3,1.29,0.92,2.21,14.13,0.13,0.09,0.22,1.38,73.4,354.0,36.0,159.1,153.0,12.0,151.0,135.0,34.0,37.7,256.0,31.0,,,,23,,Randal,Kolo Muani,Kolo Muani,,,922,0,0,3,16,0,0,0,2,0,0,11,57,,,,0.0,0.29,1.56,1.07,5.56,14,11,32
745,a,,,4.0,715,204.0,0,0.0,0,0.0,0.0,641,223.0,0,0,0.0,608.0,238.0,0,0,0.0,532.0,219.0,0.0,0.0,0.0,1492,6,1393,14,-0.5,0.0,0.0,0.0,0.0,0.0,0.0,0.0,0.0,0.0,0.0,596.0,237.0,0.0,591.0,238.0,0.0,557.0,232.0,0.0,599.0,237.0,,,,23,,Jun'ai,Byfield,Byfield,,,0,0,0,0,0,0,0,0,0,0,0,0,0,,,,0.0,0.0,0.0,0.0,0.0,0,0,0
750,a,,,4.0,682,176.0,0,0.0,0,0.0,0.0,658,229.0,0,0,0.0,580.0,215.0,0,0,0.0,503.0,195.0,0.0,0.0,0.0,1182,10,976,2,-0.5,0.0,0.0,0.0,0.0,0.0,0.0,0.0,0.0,0.0,0.0,568.0,214.0,0.0,563.0,215.0,0.0,528.0,208.0,0.0,571.0,214.0,,,,23,,James,Rowswell,Rowswell,,,0,0,0,0,0,0,0,0,0,0,0,0,0,,,,0.0,0.0,0.0,0.0,0.0,0,0,0
751,a,,,4.5,481,296.0,0,0.0,0,0.0,0.0,748,322.0,0,0,0.0,714.0,297.0,0,0,0.0,664.0,264.0,0.0,0.0,0.0,667,2,450,8,-0.5,0.0,0.0,0.0,0.0,0.0,0.0,0.0,0.0,0.0,0.0,712.0,295.0,0.0,707.0,295.0,0.0,690.0,290.0,0.0,712.0,295.0,,,,23,,Yusuf,Akhamrich,Akhamrich,,,0,0,0,0,0,0,0,0,0,0,0,0,0,,,,0.0,0.0,0.0,0.0,0.0,0,0,0
790,a,,,4.5,494,306.0,0,0.0,0,0.0,0.0,781,345.0,0,0,0.0,724.0,305.0,0,0,0.0,675.0,273.0,0.0,0.0,0.0,192,10,53,4,-0.5,0.0,0.0,0.0,0.0,0.0,0.0,0.0,0.0,0.0,0.0,723.0,304.0,0.0,718.0,304.0,0.0,701.0,299.0,0.0,723.0,304.0,,,,23,,Lucá,Williams-Barnett,Williams-Barnett,,,0,0,0,0,0,0,0,0,0,0,0,0,0,,,,0.0,0.0,0.0,0.0,0.0,0,0,0
796,a,,,5.5,143,91.0,0,0.0,0,0.0,0.2,405,137.0,4,2,2.0,327.0,147.0,0,30,2.0,200.0,85.0,0.4,0.7,0.0,22021,308,2236,297,1.5,2.0,0.38,0.23,0.61,4.1,0.2,0.12,0.32,2.12,19.8,428.0,191.0,31.1,350.0,184.0,58.0,278.0,148.0,10.9,391.0,180.0,,,,23,,Conor,Gallagher,Gallagher,,,174,0,0,0,4,0,0,0,0,0,0,2,17,,,,0.0,0.0,2.07,1.03,8.79,1,3,13
149,a,100.0,100.0,4.5,415,81.0,0,0.0,0,0.0,0.1,516,186.0,6,0,1.5,388.0,143.0,0,10,0.0,618.0,242.0,0.0,1.3,0.0,7917,27,9100,19,0.0,0.0,0.0,0.0,0.0,4.66,0.0,0.0,0.0,4.07,25.8,416.0,158.0,10.6,397.0,146.0,0.0,641.0,249.0,3.6,438.0,159.0,,,,23,,Igor Julio,dos Santos de Paulo,Igor,,,103,0,0,0,3,0,0,0,0,0,0,1,13,,,,0.0,0.0,2.62,0.87,11.36,0,13,3
600,a,,,4.3,562,27.0,0,0.0,-2,2.0,2.2,121,16.0,49,2,2.6,235.0,21.0,2,215,2.3,163.0,17.0,0.5,11.4,0.0,152061,358,400507,414,2.3,2.3,0.0,0.0,0.0,32.6,0.0,0.0,0.0,1.72,551.6,16.0,4.0,10.0,401.0,6.0,0.0,577.0,63.0,56.0,161.0,4.0,,,,23,,Alphonse,Areola,Areola,,,1710,0,1,0,34,0,0,0,0,0,74,19,55,,,,3.89,0.0,1.79,1.0,0.0,0,26,134
601,u,0.0,0.0,4.0,649,42.0,0,0.0,0,0.0,0.2,346,49.0,0,0,0.0,553.0,61.0,0,0,0.0,475.0,56.0,0.0,0.0,0.0,3874,0,41409,24,0.0,0.0,0.0,0.0,0.0,0.0,0.0,0.0,0.0,0.0,0.0,541.0,61.0,0.0,535.0,49.0,0.0,499.0,34.0,0.0,544.0,61.0,,,,23,,Wes,Foderingham,Foderingham,has joined Aris Limassol permanently.,,0,0,0,0,0,0,0,0,0,0,0,0,0,,,,0.0,0.0,0.0,0.0,0.0,0,0,0
602,u,0.0,0.0,3.9,750,81.0,0,0.0,-1,1.0,0.2,352,51.0,0,0,0.0,534.0,50.0,0,0,0.0,456.0,45.0,0.0,0.0,0.0,11331,0,16914,77,0.0,0.0,0.0,0.0,0.0,0.0,0.0,0.0,0.0,0.0,0.0,522.0,50.0,0.0,515.0,37.0,0.0,478.0,22.0,0.0,525.0,50.0,,,,23,,Krisztián,Hegyi,Hegyi,has joined MTK Budapest on loan for the rest of the season.,,0,0,0,0,0,0,0,0,0,0,0,0,0,,,,0.0,0.0,0.0,0.0,0.0,0,0,0
603,a,100.0,100.0,4.0,711,200.0,0,0.0,-5,5.0,1.3,163,61.0,45,1,2.6,234.0,90.0,1,120,0.2,373.0,140.0,0.0,11.2,0.0,221685,387,865983,157,0.2,0.2,0.39,0.82,1.21,24.12,0.02,0.05,0.07,1.54,279.8,155.0,64.0,158.4,155.0,38.0,64.0,265.0,76.0,50.3,195.0,61.0,,,,23,,El Hadji Malick,Diouf,Diouf,,,1407,0,4,2,30,0,0,0,3,0,0,15,150,,,,0.0,0.13,1.92,0.96,7.36,21,94,54
604,u,0.0,0.0,4.4,514,101.0,0,0.0,-1,1.0,0.1,570,207.0,0,0,0.0,642.0,245.0,0,0,0.0,582.0,234.0,0.0,0.0,0.0,1719,0,20641,2,0.0,0.0,0.0,0.0,0.0,0.0,0.0,0.0,0.0,0.0,0.0,631.0,244.0,0.0,629.0,245.0,0.0,603.0,242.0,0.0,634.0,245.0,,,,23,,Emerson,Palmieri dos Santos,Emerson,has joined Marseille permanently.,,0,0,0,0,0,0,0,0,0,0,0,0,0,,,,0.0,0.0,0.0,0.0,0.0,0,0,0
605,a,,,4.2,624,147.0,0,0.0,-3,3.0,0.2,399,145.0,36,1,1.8,342.0,131.0,0,83,1.2,260.0,96.0,0.3,8.6,0.0,28639,15,45966,71,1.2,1.2,0.56,0.25,0.81,31.5,0.03,0.01,0.04,1.85,380.8,80.0,35.0,55.6,303.0,99.0,60.0,274.0,80.0,49.7,198.0,63.0,,,,23,,Maximilian,Kilman,Kilman,,,1535,0,0,1,35,0,0,0,4,0,0,17,186,,,,0.0,0.06,2.05,1.0,9.09,16,139,42
606,a,100.0,100.0,4.4,526,112.0,0,0.0,-1,1.0,0.1,515,185.0,40,2,2.5,253.0,99.0,0,119,1.7,216.0,79.0,0.4,9.1,0.0,12656,16,12824,24,1.7,1.7,1.01,0.32,1.33,20.68,0.07,0.02,0.09,1.46,313.8,122.0,53.0,11.5,392.0,144.0,135.0,157.0,31.0,46.0,212.0,71.0,,,,23,,Konstantinos,Mavropanos,Mavropanos,,,1271,0,0,1,24,1,0,0,2,0,0,13,171,,,,0.0,0.07,1.7,0.92,10.69,17,134,55
607,u,0.0,0.0,4.4,519,106.0,0,0.0,-1,1.0,0.0,597,214.0,3,0,1.5,387.0,142.0,0,-1,0.0,585.0,237.0,0.0,0.7,0.0,1288,0,12243,2,0.0,0.0,0.1,0.03,0.13,3.42,0.05,0.02,0.07,1.71,39.0,396.0,152.0,3.9,428.0,155.0,8.0,387.0,144.0,5.1,425.0,153.0,,,,23,,Nayef,Aguerd,N.Aguerd,has joined Marseille permanently.,,180,0,0,0,8,0,0,0,0,0,0,2,23,,,,0.0,0.0,4.0,1.0,7.5,1,14,8
608,a,100.0,100.0,4.3,599,141.0,0,0.0,-2,2.0,0.0,606,219.0,19,5,2.1,307.0,116.0,0,79,2.8,116.0,41.0,0.7,4.4,0.0,4085,43,5468,18,2.8,2.8,0.18,0.31,0.49,12.13,0.03,0.04,0.07,1.75,126.0,286.0,109.0,60.6,289.0,94.0,22.0,351.0,118.0,20.9,333.0,113.0,,,,23,,Ollie,Scarles,Scarles,,,624,0,1,0,14,0,0,0,0,0,0,9,66,,,,0.0,0.0,2.02,1.3,9.38,27,38,33
609,a,100.0,100.0,4.3,580,134.0,0,0.0,-2,2.0,0.1,457,168.0,31,2,1.8,343.0,132.0,0,126,1.7,214.0,78.0,0.4,7.2,0.0,10678,13,16614,25,1.7,1.7,0.05,0.29,0.34,26.04,0.0,0.02,0.02,1.64,318.2,119.0,50.0,63.9,279.0,88.0,15.0,369.0,131.0,39.8,242.0,83.0,,,,23,,Jean-Clair,Todibo,Todibo,,,1431,0,1,0,30,0,0,0,4,0,0,17,141,,,,0.0,0.0,1.89,1.07,7.99,31,96,72
610,a,100.0,100.0,4.1,645,158.0,0,0.0,-4,4.0,3.9,90,32.0,31,2,2.2,288.0,109.0,0,86,1.0,277.0,100.0,0.2,7.6,0.0,128598,394,2256009,216,1.0,1.0,0.0,0.65,0.65,21.43,0.0,0.05,0.05,1.62,243.6,177.0,72.0,221.4,103.0,25.0,18.0,361.0,125.0,48.5,200.0,65.0,,,,23,,Aaron,Wan-Bissaka,Wan-Bissaka,,,1191,0,1,0,27,0,0,0,2,0,0,13,119,,,,0.0,0.0,2.04,0.98,7.93,18,87,35
611,u,0.0,0.0,4.0,690,181.0,0,0.0,0,0.0,0.1,530,194.0,0,0,0.0,587.0,219.0,0,0,0.0,510.0,199.0,0.0,0.0,0.0,0,0,12878,5,0.0,0.0,0.0,0.0,0.0,0.0,0.0,0.0,0.0,0.0,0.0,575.0,218.0,0.0,570.0,219.0,0.0,535.0,212.0,0.0,578.0,218.0,,,,23,,Kaelan,Casey,Casey,has joined Leyton Orient on loan for the rest of the season.,,0,0,0,0,0,0,0,0,0,0,0,0,0,,,,0.0,0.0,0.0,0.0,0.0,0,0,0
612,i,0.0,0.0,5.9,98,63.0,0,0.0,-1,1.0,1.5,151,50.0,69,0,3.8,90.0,41.0,8,291,3.0,112.0,54.0,0.5,11.7,0.0,897029,6,919486,2876,0.0,0.0,2.85,2.0,4.85,24.22,0.17,0.12,0.29,1.44,374.6,85.0,26.0,397.2,28.0,27.0,186.0,110.0,66.0,95.7,52.0,36.0,3.0,2.0,1.0,23,,Lucas,Tolentino Coelho de Lima,L.Paquetá,Back injury - Unknown return date,,1513,4,2,3,33,0,0,0,5,1,0,18,146,,,,0.0,0.18,1.96,1.07,8.68,40,30,76
613,a,100.0,100.0,5.7,117,74.0,0,0.0,-3,3.0,0.2,343,115.0,47,2,2.4,270.0,116.0,4,192,2.3,173.0,71.0,0.4,8.2,0.0,28349,53,101959,74,2.3,2.3,2.72,0.33,3.05,18.7,0.27,0.03,0.3,1.88,242.8,179.0,73.0,92.1,229.0,142.0,229.0,75.0,47.0,56.4,159.0,90.0,,,,23,,Tomáš,Souček,Souček,,,896,2,2,1,24,0,0,0,1,1,0,9,105,,,,0.0,0.1,2.41,0.9,10.55,18,60,27
614,a,,,5.6,125,78.0,0,0.0,-4,4.0,0.2,388,132.0,11,0,2.2,299.0,134.0,0,82,0.0,782.0,349.0,0.0,2.0,0.0,15223,50,44974,38,0.0,0.0,0.13,0.91,1.04,7.27,0.03,0.2,0.23,1.58,56.6,379.0,167.0,176.3,137.0,97.0,6.0,404.0,199.0,23.9,318.0,154.0,,3.0,3.0,23,,James,Ward-Prowse,Ward-Prowse,,,414,0,0,1,11,0,0,0,0,0,0,5,22,,,,0.0,0.22,2.39,1.09,4.78,4,9,9
618,a,,,4.8,352,222.0,0,0.0,-2,2.0,0.0,589,221.0,8,0,1.3,410.0,183.0,0,30,0.2,392.0,180.0,0.0,1.7,0.0,2271,9,5512,9,0.2,0.2,0.03,0.04,0.07,2.59,0.02,0.02,0.04,1.33,9.8,438.0,197.0,6.0,420.0,207.0,2.0,426.0,212.0,1.7,452.0,207.0,,,,23,,Guido,Rodríguez,G.Rodriguez,,,175,0,0,1,2,0,0,0,1,0,0,2,15,,,,0.0,0.51,1.03,1.03,7.71,1,4,10
619,u,0.0,0.0,4.9,340,212.0,0,0.0,-1,1.0,0.0,667,275.0,5,0,1.0,471.0,222.0,0,11,0.0,723.0,307.0,0.0,1.0,0.0,868,0,3274,2,0.0,0.0,0.07,0.03,0.1,1.82,0.05,0.02,0.07,1.35,9.2,440.0,199.0,14.5,385.0,192.0,4.0,415.0,206.0,2.5,444.0,202.0,,,,23,,Luis Guilherme,Lira dos Santos,L.Guilherme,has joined Sporting CP permanently.,,121,0,0,0,2,0,0,0,0,0,0,1,11,,,,0.0,0.0,1.49,0.74,8.18,1,2,8
620,u,0.0,0.0,4.5,439,264.0,0,0.0,0,0.0,0.0,590,222.0,1,0,1.0,451.0,205.0,0,3,0.2,383.0,173.0,0.0,0.2,0.0,3770,0,9036,10,0.0,0.0,0.0,0.01,0.01,0.73,0.0,0.11,0.11,8.21,0.0,680.0,269.0,1.5,439.0,213.0,2.0,424.0,210.0,0.4,470.0,217.0,,,,23,,George,Earthy,Earthy,has joined Bristol City on loan for the rest of the season.,,8,0,0,0,1,0,0,0,0,0,0,0,0,,,,0.0,0.0,11.25,0.0,0.0,0,0,0
621,u,0.0,0.0,4.3,574,339.0,0,0.0,-2,2.0,0.3,334,111.0,9,0,1.3,408.0,182.0,0,49,0.0,559.0,193.0,0.0,2.1,0.0,43311,0,49562,174,0.0,0.0,0.0,0.17,0.17,4.03,0.0,0.1,0.1,2.32,31.6,406.0,180.0,52.3,309.0,174.0,2.0,421.0,208.0,8.6,405.0,184.0,3.0,,,23,,Andy,Irving,Irving,has joined Sparta Prague permanently.,,156,0,0,0,4,0,0,0,0,0,0,2,22,,,,0.0,0.0,2.31,1.15,12.69,6,2,14
622,u,0.0,0.0,4.4,541,325.0,0,0.0,-1,1.0,0.1,561,206.0,0,0,0.0,653.0,253.0,0,0,0.0,595.0,215.0,0.0,0.0,0.0,1052,0,11754,3,0.0,0.0,0.0,0.0,0.0,0.0,0.0,0.0,0.0,0.0,0.0,643.0,244.0,0.0,641.0,249.0,0.0,616.0,238.0,0.0,646.0,246.0,,,,23,,Lewis,Orford,Orford,has joined Stevenage on loan for the rest of the season.,,0,0,0,0,0,0,0,0,0,0,0,0,0,,,,0.0,0.0,0.0,0.0,0.0,0,0,0
623,a,100.0,100.0,4.4,537,321.0,0,0.0,-1,1.0,0.8,208,71.0,30,1,1.8,346.0,151.0,0,192,1.2,262.0,112.0,0.3,6.8,0.0,136486,81,132533,412,1.2,1.2,0.21,1.04,1.25,19.48,0.02,0.1,0.12,1.79,164.2,251.0,106.0,125.6,184.0,122.0,37.0,312.0,162.0,32.7,276.0,137.0,1.0,,,23,,Freddie,Potts,Potts,,,982,0,1,0,23,0,0,0,1,0,0,10,99,,,,0.0,0.0,2.11,0.92,9.07,25,38,36
624,a,,,7.6,20,6.0,0,0.0,-4,4.0,8.0,51,10.0,105,12,4.6,32.0,3.0,19,409,5.0,20.0,3.0,0.7,13.8,0.0,1838440,11420,2683542,3092,5.0,5.0,5.44,1.78,7.22,38.04,0.24,0.08,0.32,1.65,474.0,38.0,3.0,289.8,67.0,2.0,598.0,6.0,5.0,136.0,11.0,3.0,,1.0,2.0,23,,Jarrod,Bowen,Bowen,,,2070,7,3,1,45,0,0,0,3,0,0,23,153,,,,0.0,0.04,1.96,1.0,6.65,29,34,90
625,u,0.0,0.0,5.6,124,33.0,0,0.0,-4,4.0,0.6,234,37.0,12,0,1.5,394.0,44.0,0,28,0.0,781.0,82.0,0.0,2.1,0.0,47611,0,390121,68,0.0,0.0,0.93,0.21,1.14,8.59,0.21,0.05,0.26,1.9,26.0,415.0,44.0,85.1,242.0,25.0,130.0,162.0,37.0,23.8,319.0,38.0,,,,23,,Niclas,Füllkrug,Füllkrug,has joined AC Milan on loan for the rest of the season.,,407,0,0,1,11,0,0,0,0,0,0,5,19,,,,0.0,0.22,2.43,1.11,4.2,2,7,10
626,u,0.0,0.0,4.3,605,82.0,0,0.0,-2,2.0,0.6,239,38.0,2,0,1.0,442.0,53.0,0,0,0.0,573.0,54.0,0.0,0.5,0.0,63604,0,99831,146,0.0,0.0,0.13,0.0,0.13,1.55,0.2,0.0,0.2,2.41,1.2,471.0,55.0,0.1,464.0,58.0,7.0,398.0,55.0,0.8,462.0,55.0,,,,23,,Callum,Marshall,Marshall,has joined VfL Bochum 1848 on loan for the rest of the season.,,58,0,0,0,2,0,0,0,0,0,0,0,3,,,,0.0,0.0,3.1,0.0,4.66,0,2,1
659,a,,,4.2,622,145.0,0,0.0,-3,3.0,0.3,329,122.0,30,0,1.9,329.0,124.0,0,117,1.0,278.0,101.0,0.2,7.1,0.0,28607,17,48080,75,1.0,1.0,1.13,0.26,1.39,20.95,0.11,0.02,0.13,1.98,202.2,217.0,89.0,87.9,235.0,67.0,98.0,213.0,54.0,38.9,248.0,87.0,,,,23,,Kyle,Walker-Peters,Walker-Peters,,,952,1,0,1,21,0,0,0,2,0,0,10,94,,,,0.0,0.09,1.99,0.95,6.71,34,37,40
671,a,,,5.8,103,29.0,0,0.0,-2,2.0,0.7,220,35.0,59,1,3.1,173.0,17.0,7,222,2.5,158.0,15.0,0.4,10.2,0.0,193208,359,186751,529,2.5,2.5,4.45,0.15,4.6,15.04,0.49,0.02,0.51,1.64,211.2,208.0,17.0,70.5,270.0,28.0,312.0,47.0,18.0,58.5,150.0,17.0,,,,23,,Callum,Wilson,Wilson,,,824,5,2,1,16,0,0,0,0,0,0,8,27,,,,0.0,0.11,1.75,0.87,2.95,2,6,19
679,a,,,4.2,630,37.0,0,0.0,-3,3.0,0.2,365,53.0,9,0,2.2,290.0,26.0,0,27,0.0,544.0,81.0,0.0,2.1,0.0,14944,13,35777,21,0.0,0.0,0.0,0.01,0.01,5.44,0.0,0.0,0.0,1.36,84.8,334.0,28.0,0.0,601.0,76.0,0.0,570.0,62.0,8.5,406.0,28.0,,,,23,,Mads,Hermansen,Hermansen,,,360,0,0,1,11,0,0,0,0,0,9,4,34,,,,2.25,0.25,2.75,1.0,0.0,0,7,27
708,a,100.0,100.0,5.5,154,97.0,0,0.0,0,0.0,0.2,376,128.0,80,8,3.8,88.0,40.0,6,389,4.3,33.0,14.0,0.8,14.5,0.0,48730,906,29490,114,4.3,4.3,1.05,1.42,2.47,27.19,0.06,0.08,0.14,1.46,420.2,54.0,15.0,387.1,33.0,32.0,78.0,246.0,134.0,88.7,62.0,41.0,4.0,,,23,,Mateus Gonçalo,Espanha Fernandes,M.Fernandes,,,1673,3,2,2,30,0,0,0,3,0,0,20,208,,,,0.0,0.11,1.61,1.08,11.19,58,52,98
718,a,,,5.0,274,169.0,0,0.0,0,0.0,0.0,636,258.0,33,0,2.4,266.0,114.0,2,157,1.3,252.0,108.0,0.3,6.6,0.0,4998,6,3609,27,1.3,1.3,0.31,0.28,0.59,14.82,0.04,0.03,0.07,1.82,149.6,263.0,114.0,66.4,275.0,161.0,37.0,313.0,163.0,25.3,313.0,150.0,,,,23,,Soungoutou,Magassa,S.Magassa,,,732,1,0,1,18,0,0,0,2,0,0,9,101,,,,0.0,0.12,2.21,1.11,12.42,33,25,43
785,a,,,5.5,153,37.0,0,0.0,0,0.0,0.0,696,83.0,5,2,1.7,368.0,41.0,0,5,1.2,267.0,35.0,0.2,0.9,0.0,2639,33,1082,31,1.2,1.2,0.34,0.03,0.37,2.71,0.18,0.02,0.2,1.4,8.0,444.0,50.0,28.0,358.0,43.0,21.0,358.0,52.0,5.7,422.0,52.0,,,,23,,Pablo Felipe,Pereira de Jesus,Pablo,,,174,0,0,0,3,0,0,0,0,0,0,2,13,,,,0.0,0.0,1.55,1.03,6.72,6,2,5
791,a,,,5.5,144,34.0,0,0.0,0,0.0,0.0,608,78.0,7,4,2.3,279.0,28.0,0,11,2.3,170.0,19.0,0.4,1.3,0.0,5691,142,832,78,2.3,2.3,1.35,0.04,1.39,3.35,0.48,0.01,0.49,1.19,20.0,427.0,47.0,45.1,323.0,36.0,102.0,209.0,41.0,15.7,360.0,42.0,,,,23,,Valentín,Castellanos,Taty,,,254,0,1,0,4,0,0,0,2,0,0,3,13,,,,0.0,0.0,1.42,1.06,4.61,2,4,7
802,a,,,5.0,277,171.0,0,0.0,0,0.0,0.0,802,361.0,0,0,0.0,771.0,339.0,0,0,0.0,743.0,322.0,0.0,0.0,0.0,29,3,7,3,1.8,1.8,0.0,0.0,0.0,0.0,0.0,0.0,0.0,0.0,0.0,770.0,338.0,0.0,768.0,338.0,0.0,762.0,336.0,0.0,770.0,338.0,,,,23,,Keiber,Lamadrid,Lamadrid,,,0,0,0,0,0,0,0,0,0,0,0,0,0,,,,0.0,0.0,0.0,0.0,0.0,0,0,0
627,a,,,4.4,513,26.0,0,0.0,-1,1.0,0.1,419,64.0,21,0,1.8,345.0,27.0,0,117,0.0,581.0,84.0,0.0,4.8,0.0,18109,31,22031,29,0.0,-0.5,0.0,0.02,0.02,18.59,0.0,0.0,0.0,1.55,308.0,127.0,18.0,0.1,465.0,13.0,0.0,602.0,67.0,30.8,288.0,18.0,,,,23,,Sam,Johnstone,Johnstone,,,1080,0,0,0,24,1,0,0,0,0,39,12,71,,,,3.25,0.0,2.0,1.0,0.0,2,24,107
628,a,,,4.2,621,33.0,0,0.0,-3,3.0,1.0,183,23.0,27,1,2.5,249.0,23.0,2,110,3.3,78.0,7.0,0.8,6.4,0.0,50374,355,158690,145,3.3,2.8,0.0,0.03,0.03,12.83,0.0,0.0,0.0,1.17,185.4,237.0,21.0,10.0,400.0,5.0,0.0,566.0,58.0,19.8,342.0,21.0,,,,23,,José,Malheiro de Sá,José Sá,,,990,0,0,2,19,0,0,0,1,0,21,11,40,,,,1.91,0.18,1.73,1.0,0.0,0,20,91
629,a,100.0,100.0,3.9,724,67.0,0,0.0,-1,1.0,0.5,256,33.0,0,0,0.0,517.0,36.0,0,0,0.0,438.0,31.0,0.0,0.0,0.0,14508,51,48131,34,0.0,-0.5,0.0,0.0,0.0,0.0,0.0,0.0,0.0,0.0,0.0,505.0,36.0,0.0,498.0,23.0,0.0,461.0,8.0,0.0,508.0,36.0,,,,23,,Daniel,Bentley,Bentley,,,0,0,0,0,0,0,0,0,0,0,0,0,0,,,,0.0,0.0,0.0,0.0,0.0,0,0,0
631,a,100.0,100.0,4.2,634,152.0,0,0.0,-3,3.0,0.1,436,160.0,20,0,1.5,385.0,141.0,0,75,0.0,548.0,227.0,0.0,4.8,0.0,24174,8,62020,20,0.0,-0.5,0.5,0.35,0.85,16.9,0.04,0.03,0.07,1.51,286.4,149.0,63.0,65.2,278.0,87.0,69.0,255.0,72.0,42.1,229.0,78.0,,5.0,,23,,Emmanuel,Agbadou,Agbadou,,,1010,0,0,0,27,0,0,0,1,1,0,11,146,,,,0.0,0.0,2.41,0.98,10.25,28,87,61
632,a,100.0,100.0,4.4,512,100.0,0,0.0,-1,1.0,0.1,487,176.0,11,0,1.4,398.0,146.0,0,53,0.5,321.0,116.0,0.1,2.5,0.0,5619,4,19428,15,0.5,0.0,0.09,0.19,0.28,9.23,0.01,0.03,0.04,1.39,104.4,311.0,119.0,50.1,312.0,105.0,18.0,363.0,127.0,17.3,356.0,125.0,,,,23,,Matt,Doherty,Doherty,,,599,0,0,1,11,0,0,0,4,0,0,8,58,,,,0.0,0.15,1.65,1.2,7.06,13,34,23
633,a,100.0,100.0,4.3,588,138.0,0,0.0,-2,2.0,0.1,459,170.0,50,1,2.5,251.0,97.0,4,196,4.3,30.0,11.0,1.0,11.6,0.0,21413,116,20216,49,4.3,3.8,0.42,1.71,2.13,18.69,0.03,0.12,0.15,1.26,308.2,125.0,55.0,375.5,38.0,2.0,110.0,192.0,46.0,79.6,83.0,19.0,2.0,,,23,,Hugo,Bueno López,H.Bueno,,,1338,0,2,3,23,0,0,0,1,0,0,14,131,,,,0.0,0.2,1.55,0.94,6.66,35,64,66
634,a,100.0,100.0,4.3,595,140.0,0,0.0,-2,2.0,0.1,548,199.0,26,0,1.9,331.0,126.0,1,113,4.0,43.0,16.0,0.9,6.0,0.0,4520,53,6836,24,4.0,3.5,1.1,0.26,1.36,15.13,0.09,0.02,0.11,1.3,214.4,205.0,83.0,87.4,238.0,70.0,147.0,139.0,26.0,44.8,217.0,74.0,,,,23,,Yerson,Mosquera Valdelamar,Mosquera,,,1046,0,0,2,20,2,0,0,8,0,0,12,119,,,,0.0,0.17,1.72,1.03,9.21,32,75,51
635,a,100.0,100.0,4.4,536,117.0,0,0.0,-1,1.0,0.1,566,205.0,15,1,1.9,332.0,127.0,0,27,0.3,350.0,128.0,0.1,3.4,0.0,8790,8,14301,7,0.3,-0.2,0.95,0.23,1.18,4.72,0.22,0.05,0.27,1.11,60.8,369.0,141.0,41.3,331.0,112.0,107.0,197.0,49.0,21.1,332.0,112.0,,,,23,,Rodrigo,Martins Gomes,R.Gomes,,,381,1,0,0,9,0,0,0,0,0,0,4,32,,,,0.0,0.0,2.13,0.94,4.25,7,11,16
636,a,100.0,100.0,4.4,523,109.0,0,0.0,-1,1.0,0.1,507,182.0,50,1,3.6,111.0,41.0,2,158,3.7,60.0,26.0,0.8,11.4,0.0,17131,41,16999,23,3.7,3.2,1.55,0.5,2.05,17.01,0.12,0.04,0.16,1.27,307.6,128.0,56.0,60.9,287.0,93.0,113.0,185.0,42.0,48.1,202.0,66.0,,,,23,,Santiago,Ignacio Bueno,S.Bueno,,,1204,2,1,2,23,0,0,0,2,0,0,13,124,,,,0.0,0.15,1.72,0.97,8.07,32,76,28
637,i,0.0,0.0,4.2,633,151.0,0,0.0,-3,3.0,0.1,498,179.0,20,0,1.5,384.0,140.0,0,74,0.0,547.0,226.0,0.0,4.8,0.0,6797,5,18772,11,0.0,0.0,0.04,0.21,0.25,17.96,0.0,0.02,0.02,1.7,212.2,207.0,85.0,77.4,255.0,75.0,29.0,331.0,108.0,31.9,281.0,93.0,,,,23,,Toti,Gomes,Toti,Hamstring injury - Unknown return date,,949,0,0,0,25,0,0,0,1,1,0,12,106,,,,0.0,0.0,2.37,1.14,7.97,14,70,37
638,u,0.0,0.0,3.8,782,243.0,0,0.0,-2,2.0,1.2,173,66.0,10,0,1.2,419.0,152.0,0,38,0.0,419.0,155.0,0.0,2.6,0.0,121813,0,235117,652,0.0,0.0,0.02,0.36,0.38,9.36,0.0,0.08,0.08,1.99,101.4,314.0,121.0,87.8,236.0,68.0,13.0,372.0,133.0,20.3,337.0,115.0,,,,23,,Ki-Jana,Hoever,Hoever,has joined Sheffield United on loan for the rest of the season.,,423,0,0,0,13,0,0,0,0,0,0,6,46,,,,0.0,0.0,2.77,1.28,8.51,13,27,16
639,u,0.0,0.0,4.0,697,187.0,0,0.0,0,0.0,0.0,742,253.0,0,0,0.0,593.0,224.0,0,0,0.0,517.0,205.0,0.0,0.0,0.0,0,0,851,0,0.0,0.0,0.0,0.0,0.0,0.0,0.0,0.0,0.0,0.0,0.0,581.0,223.0,0.0,576.0,224.0,0.0,542.0,218.0,0.0,584.0,223.0,,,,23,,Bastien,Meupiyou Menadjou,Meupiyou,On loan to FC Alverca,,0,0,0,0,0,0,0,0,0,0,0,0,0,,,,0.0,0.0,0.0,0.0,0.0,0,0,0
640,a,100.0,100.0,4.0,716,205.0,0,0.0,0,0.0,0.4,277,104.0,1,0,1.0,436.0,162.0,0,3,0.2,374.0,141.0,0.0,0.2,0.0,8420,11,87139,26,0.2,-0.3,0.0,0.0,0.0,0.0,0.0,0.0,0.0,0.0,0.2,477.0,170.0,0.1,462.0,168.0,0.0,558.0,233.0,0.0,600.0,238.0,,,,23,,Pedro,Cardoso de Lima,Pedro Lima,,,1,0,0,0,0,0,0,0,0,0,0,0,0,,,,0.0,0.0,0.0,0.0,0.0,0,0,0
641,u,0.0,0.0,3.9,756,222.0,0,0.0,-1,1.0,1.1,176,69.0,0,0,0.0,540.0,196.0,0,0,0.0,462.0,175.0,0.0,0.0,0.0,85684,0,134728,282,0.0,0.0,0.0,0.0,0.0,0.0,0.0,0.0,0.0,0.0,0.0,528.0,195.0,0.0,521.0,196.0,0.0,484.0,187.0,0.0,531.0,195.0,,,,23,,Alfie,Pond,Pond,has joined Crewe Alexandra on loan for the rest of the season.,,0,0,0,0,0,0,0,0,0,0,0,0,0,,,,0.0,0.0,0.0,0.0,0.0,0,0,0
646,a,100.0,100.0,5.3,196,123.0,0,0.0,-2,2.0,0.1,478,166.0,57,3,2.6,245.0,105.0,1,296,3.2,93.0,44.0,0.6,10.8,0.0,13639,52,19139,20,3.2,2.7,0.77,1.12,1.89,25.06,0.04,0.06,0.1,1.29,280.0,154.0,59.0,250.4,86.0,63.0,108.0,195.0,108.0,64.3,130.0,70.0,,,,23,,João Victor,Gomes da Silva,Gomes,,,1754,0,0,2,34,0,0,0,7,0,0,20,242,,,,0.0,0.1,1.74,1.03,12.42,61,62,119
647,u,0.0,0.0,5.5,138,86.0,0,0.0,0,0.0,0.0,767,335.0,0,0,0.0,787.0,350.0,0,0,0.0,776.0,345.0,0.0,0.0,0.0,0,0,792,0,0.0,0.0,0.0,0.0,0.0,0.0,0.0,0.0,0.0,0.0,0.0,787.0,350.0,0.0,786.0,350.0,0.0,783.0,349.0,0.0,787.0,350.0,,,,23,,Gonçalo Manuel,Ganchinho Guedes,Guedes,Has joined Real Sociedad permanently.,,0,0,0,0,0,0,0,0,0,0,0,0,0,,,,0.0,0.0,0.0,0.0,0.0,0,0,0
648,u,0.0,0.0,5.3,195,122.0,0,0.0,-2,2.0,0.0,610,235.0,38,0,2.9,204.0,87.0,1,131,0.0,758.0,333.0,0.0,7.2,0.0,19177,0,22735,10,0.0,0.0,1.64,0.38,2.02,13.36,0.17,0.04,0.21,1.38,163.6,252.0,107.0,61.8,284.0,164.0,196.0,98.0,58.0,42.1,230.0,114.0,,,,23,,Marshall,Munetsi,Munetsi,has joined Paris FC on loan for the rest of the season.,,872,1,2,0,19,0,0,0,2,0,0,9,80,,,,0.0,0.0,1.96,0.93,8.26,21,39,20
649,u,0.0,0.0,5.0,260,159.0,0,0.0,0,0.0,0.0,795,355.0,0,0,0.0,764.0,334.0,0,0,0.0,735.0,316.0,0.0,0.0,0.0,0,0,161,0,0.0,0.0,0.0,0.0,0.0,0.0,0.0,0.0,0.0,0.0,0.0,763.0,333.0,0.0,761.0,333.0,0.0,754.0,331.0,0.0,763.0,333.0,,,,23,,Boubacar,Traoré,B.Traore,Has joined FC Metz on loan for the rest of the season.,,0,0,0,0,0,0,0,0,0,0,0,0,0,,,,0.0,0.0,0.0,0.0,0.0,0,0,0
650,d,75.0,75.0,4.3,591,345.0,0,0.0,-2,2.0,0.2,355,118.0,2,0,1.0,440.0,195.0,0,4,0.2,377.0,167.0,0.0,0.5,0.0,30360,11,45051,42,0.2,-0.2,0.0,0.0,0.0,0.5,0.0,0.0,0.0,1.8,3.2,458.0,211.0,0.3,457.0,223.0,0.0,584.0,218.0,0.4,469.0,216.0,,,,23,,Tawanda,Chirewa,Chirewa,Illness - 75% chance of playing,,25,0,0,0,0,0,0,0,0,0,0,0,4,,,,0.0,0.0,0.0,0.0,14.4,2,1,1
651,a,,,4.3,609,356.0,0,0.0,-2,2.0,0.4,284,95.0,0,0,0.0,637.0,244.0,0,0,0.0,576.0,206.0,0.0,0.0,0.0,51261,33,59802,85,0.0,-0.5,0.0,0.0,0.0,0.0,0.0,0.0,0.0,0.0,0.0,626.0,234.0,0.0,624.0,239.0,0.0,597.0,228.0,0.0,629.0,236.0,,,,23,,Tom,Edozie,Edozie,,,0,0,0,0,0,0,0,0,0,0,0,0,0,,,,0.0,0.0,0.0,0.0,0.0,0,0,0
652,a,,,4.3,608,355.0,0,0.0,-2,2.0,1.3,160,57.0,0,0,0.0,636.0,243.0,0,0,0.0,575.0,205.0,0.0,0.0,0.0,180727,157,221178,320,0.0,-0.5,0.0,0.0,0.0,0.0,0.0,0.0,0.0,0.0,0.0,625.0,233.0,0.0,623.0,238.0,0.0,596.0,227.0,0.0,628.0,235.0,,,,23,,Enso,González Medina,Gonzalez,,,0,0,0,0,0,0,0,0,0,0,0,0,0,,,,0.0,0.0,0.0,0.0,0.0,0,0,0
653,u,0.0,0.0,4.5,417,251.0,0,0.0,0,0.0,0.0,648,264.0,0,0,0.0,675.0,264.0,0,0,0.0,620.0,228.0,0.0,0.0,0.0,0,0,5634,3,0.0,0.0,0.0,0.0,0.0,0.0,0.0,0.0,0.0,0.0,0.0,668.0,258.0,0.0,665.0,261.0,0.0,643.0,252.0,0.0,671.0,260.0,,,,23,,Joe,Hodge,Hodge,Signed by CD Tondela,,0,0,0,0,0,0,0,0,0,0,0,0,0,,,,0.0,0.0,0.0,0.0,0.0,0,0,0
654,a,100.0,100.0,6.1,81,26.0,0,0.0,-4,4.0,0.9,193,31.0,38,1,1.8,359.0,39.0,0,90,1.3,257.0,32.0,0.2,6.2,0.0,190410,105,611005,108,1.3,0.8,2.86,0.44,3.3,21.06,0.19,0.03,0.22,1.37,126.2,285.0,26.0,112.0,201.0,21.0,249.0,68.0,23.0,48.1,203.0,23.0,,,2.0,23,,Jørgen,Strand Larsen,Strand Larsen,,,1379,1,1,3,25,0,0,1,2,0,0,14,52,,,,0.0,0.2,1.63,0.91,3.39,6,31,15
655,u,0.0,0.0,4.9,326,58.0,0,0.0,-1,1.0,0.2,390,60.0,0,0,0.0,754.0,82.0,0,0,0.0,719.0,74.0,0.0,0.0,0.0,7178,0,54937,8,0.0,0.0,0.0,0.0,0.0,0.0,0.0,0.0,0.0,0.0,0.0,753.0,82.0,0.0,749.0,81.0,0.0,741.0,81.0,0.0,753.0,82.0,,,,23,,Fábio,Soares Silva,Fábio Silva,has joined Borussia Dortmund permanently.,,0,0,0,0,0,0,0,0,0,0,0,0,0,,,,0.0,0.0,0.0,0.0,0.0,0,0,0
656,u,0.0,0.0,4.9,319,56.0,0,0.0,-1,1.0,0.0,578,76.0,1,0,1.0,468.0,54.0,0,1,0.0,714.0,73.0,0.0,0.2,0.0,1691,0,10037,3,0.0,0.0,0.0,0.01,0.01,0.1,0.0,0.06,0.06,0.64,1.0,474.0,57.0,4.3,424.0,52.0,2.0,427.0,57.0,0.7,463.0,56.0,,,,23,,Saša,Kalajdžić,Kalajdžić,has joined LASK on loan for the rest of the season.,,14,0,0,0,0,0,0,0,0,0,0,0,2,,,,0.0,0.0,0.0,0.0,12.86,0,1,1
657,i,0.0,0.0,4.4,553,78.0,0,0.0,-1,1.0,0.0,645,80.0,0,0,0.0,661.0,71.0,0,0,0.0,604.0,62.0,0.0,0.0,0.0,4336,8,6705,5,0.0,0.0,0.0,0.0,0.0,0.0,0.0,0.0,0.0,0.0,0.0,653.0,71.0,0.0,650.0,70.0,0.0,626.0,70.0,0.0,656.0,71.0,,,,23,,Leon,Chiwome,Chiwome,Knee injury - Unknown return date,,0,0,0,0,0,0,0,0,0,0,0,0,0,,,,0.0,0.0,0.0,0.0,0.0,0,0,0
658,a,,,4.2,635,86.0,0,0.0,-3,3.0,1.7,146,22.0,0,0,0.0,617.0,60.0,0,0,0.0,549.0,50.0,0.0,0.0,0.0,207315,892,317532,332,0.0,-0.5,0.0,0.0,0.0,0.0,0.0,0.0,0.0,0.0,0.0,606.0,59.0,0.0,603.0,59.0,0.0,572.0,59.0,0.0,610.0,60.0,,,,23,,Nathan,Fraser,Fraser,,,0,0,0,0,0,0,0,0,0,0,0,0,0,,,,0.0,0.0,0.0,0.0,0.0,0,0,0
663,a,,,4.9,314,195.0,0,0.0,-6,6.0,0.2,406,138.0,44,1,2.0,323.0,143.0,2,172,2.8,118.0,55.0,0.6,9.0,0.0,18936,24,77896,37,2.8,2.3,3.38,0.61,3.99,15.27,0.27,0.05,0.32,1.24,170.0,247.0,104.0,204.0,112.0,81.0,146.0,142.0,82.0,51.8,187.0,99.0,1.0,1.0,,23,,Jhon,Arias,J.Arias,,,1107,1,0,2,20,0,0,0,1,0,0,14,123,,,,0.0,0.16,1.63,1.14,10.0,42,24,57
682,a,,,4.3,592,139.0,0,0.0,-2,2.0,0.1,540,196.0,20,0,1.4,397.0,145.0,0,42,0.5,319.0,115.0,0.1,4.7,0.0,4149,1,8695,10,0.5,0.0,0.13,0.97,1.1,13.31,0.02,0.12,0.14,1.7,113.4,302.0,113.0,101.8,215.0,58.0,44.0,301.0,94.0,26.1,310.0,106.0,,,,23,,David,Møller Wolfe,Møller Wolfe,,,703,0,2,0,18,0,0,0,1,0,0,8,37,,,,0.0,0.0,2.3,1.02,4.1,5,27,17
695,a,,,4.4,542,118.0,0,0.0,-1,1.0,0.0,640,222.0,36,0,1.6,374.0,139.0,0,96,2.5,146.0,56.0,0.6,8.2,0.0,5336,5,4901,12,2.5,2.0,0.26,0.97,1.23,16.56,0.02,0.07,0.09,1.21,210.2,210.0,87.0,223.3,102.0,24.0,34.0,321.0,102.0,46.8,206.0,68.0,,,,23,,Jackson,Tchatchoua,Tchatchoua,,,1236,0,0,2,25,0,0,0,2,0,0,12,101,,,,0.0,0.15,1.82,0.87,5.53,22,54,44
709,a,100.0,100.0,4.5,420,84.0,0,0.0,0,0.0,0.1,528,193.0,46,1,2.6,238.0,93.0,0,163,4.0,44.0,17.0,0.9,10.2,0.0,18799,50,13708,33,4.0,3.5,1.97,1.27,3.24,23.65,0.11,0.07,0.18,1.36,378.2,81.0,36.0,112.4,200.0,51.0,198.0,96.0,12.0,69.0,113.0,36.0,,,,23,,Ladislav,Krejcí,Krejčí,,,1570,2,1,2,32,1,0,0,2,0,0,18,144,,,,0.0,0.11,1.83,1.03,6.94,18,103,48
720,a,,,5.4,173,41.0,0,0.0,-1,1.0,0.1,510,72.0,35,1,1.8,354.0,37.0,2,104,2.3,169.0,18.0,0.4,6.5,0.0,27032,51,20435,61,2.3,1.8,1.61,0.24,1.85,9.13,0.19,0.03,0.22,1.1,83.4,336.0,33.0,114.3,198.0,20.0,223.0,80.0,25.0,41.3,233.0,28.0,,2.0,,23,,Tolu,Arokodare,Tolu,,,748,1,1,2,17,0,0,0,1,0,0,8,46,,,,0.0,0.24,2.05,0.96,5.53,4,23,19
749,a,,,4.5,502,71.0,0,0.0,0,0.0,1.2,170,25.0,38,2,3.2,151.0,12.0,6,138,4.8,21.0,4.0,1.1,8.4,0.0,190663,5463,43883,900,4.8,4.3,0.73,0.75,1.48,8.38,0.1,0.11,0.21,1.2,147.0,265.0,24.0,121.0,191.0,17.0,120.0,176.0,40.0,38.7,251.0,29.0,,,,23,,Mateus,Mané,Mané,,,626,2,2,2,10,0,0,0,0,0,0,6,40,,,,0.0,0.29,1.44,0.86,5.75,10,10,20
