id,status,chance_of_playing_next_round,chance_of_playing_this_round,now_cost,now_cost_rank,now_cost_rank_type,cost_change_event,cost_change_event_fall,cost_change_start,cost_change_start_fall,selected_by_percent,selected_rank,selected_rank_type,total_points,event_points,points_per_game,points_per_game_rank,points_per_game_rank_type,bonus,bps,form,form_rank,form_rank_type,value_form,value_season,dreamteam_count,transfers_in,transfers_in_event,transfers_out,transfers_out_event,ep_next,ep_this,expected_goals,expected_assists,expected_goal_involvements,expected_goals_conceded,expected_goals_per_90,expected_assists_per_90,expected_goal_involvements_per_90,expected_goals_conceded_per_90,influence,influence_rank,influence_rank_type,creativity,creativity_rank,creativity_rank_type,threat,threat_rank,threat_rank_type,ict_index,ict_index_rank,ict_index_rank_type,corners_and_indirect_freekicks_order,direct_freekicks_order,penalties_order,gw,set_piece_threat,first_name,second_name,web_name,news,news_added,minutes,goals_scored,assists,clean_sheets,goals_conceded,own_goals,penalties_saved,penalties_missed,yellow_cards,red_cards,saves,starts,defensive_contribution,corners_and_indirect_freekicks_text,direct_freekicks_text,penalties_text,saves_per_90,clean_sheets_per_90,goals_conceded_per_90,starts_per_90,defensive_contribution_per_90,tackles,clearances_blocks_interceptions,recoveries
776,a,,,4.5,510,314.0,0,0.0,0,0.0,0.0,793,350.0,0,0,0.0,747.0,315.0,0,0,0.0,683.0,276.0,0.0,0.0,0.0,258,12,122,3,0.0,0.0,0.0,0.0,0.0,0.0,0.0,0.0,0.0,0.0,0.0,747.0,315.0,0.0,741.0,315.0,0.0,722.0,308.0,0.0,747.0,315.0,,,,25,,Oliver,Pimlott,Pimlott,,,0,0,0,0,0,0,0,0,0,0,0,0,0,,,,0.0,0.0,0.0,0.0,0.0,0,0,0
743,a,,,4.5,501,308.0,0,0.0,0,0.0,0.0,723,304.0,0,0,0.0,740.0,310.0,0,0,0.0,674.0,270.0,0.0,0.0,0.0,1343,11,1190,12,0.0,0.0,0.0,0.0,0.0,0.0,0.0,0.0,0.0,0.0,0.0,740.0,310.0,0.0,734.0,310.0,0.0,715.0,303.0,0.0,740.0,310.0,,,,25,,Landon,Emenalo,Emenalo,,,0,0,0,0,0,0,0,0,0,0,0,0,0,,,,0.0,0.0,0.0,0.0,0.0,0,0,0
281,a,,,4.4,553,332.0,0,0.0,-1,1.0,0.0,592,223.0,1,0,1.0,460.0,203.0,0,2,0.0,591.0,210.0,0.0,0.2,0.0,5004,48,6390,16,0.0,0.0,0.0,0.0,0.0,0.65,0.0,0.0,0.0,19.5,0.0,664.0,253.0,0.1,480.0,232.0,0.0,633.0,245.0,0.0,666.0,255.0,,,,25,,Kaden,Rodney,Rodney,,,3,0,0,0,0,0,0,0,0,0,0,0,0,,,,0.0,0.0,0.0,0.0,0.0,0,0,0
306,a,,,4.3,610,356.0,0,0.0,-2,2.0,0.1,505,179.0,0,0,0.0,649.0,245.0,0,0,0.0,561.0,191.0,0.0,0.0,0.0,10675,302,12928,58,0.0,0.0,0.0,0.0,0.0,0.0,0.0,0.0,0.0,0.0,0.0,640.0,236.0,0.0,636.0,241.0,0.0,606.0,226.0,0.0,642.0,238.0,,,,25,,Callum,Bates,Bates,,,0,0,0,0,0,0,0,0,0,0,0,0,0,,,,0.0,0.0,0.0,0.0,0.0,0,0,0
779,a,,,4.5,506,72.0,0,0.0,0,0.0,0.0,666,84.0,0,0,0.0,745.0,81.0,0,0,0.0,679.0,70.0,0.0,0.0,0.0,2296,187,879,58,0.0,0.0,0.0,0.0,0.0,0.0,0.0,0.0,0.0,0.0,0.0,745.0,81.0,0.0,739.0,80.0,0.0,720.0,80.0,0.0,745.0,81.0,,,,25,,Braiden,Graham,Graham,,,0,0,0,0,0,0,0,0,0,0,0,0,0,,,,0.0,0.0,0.0,0.0,0.0,0,0,0
401,a,100.0,100.0,3.8,785,93.0,0,0.0,-2,2.0,0.3,312,42.0,0,0,0.0,514.0,33.0,0,0,0.0,397.0,24.0,0.0,0.0,0.0,33507,1930,21465,444,0.5,0.0,0.0,0.0,0.0,0.0,0.0,0.0,0.0,0.0,0.0,505.0,33.0,0.0,490.0,17.0,0.0,449.0,2.0,0.0,507.0,33.0,,,,25,,Marcus,Bettinelli,Bettinelli,,,0,0,0,0,0,0,0,0,0,0,0,0,0,,,,0.0,0.0,0.0,0.0,0.0,0,0,0
483,a,,,3.8,809,258.0,0,0.0,-2,2.0,0.4,281,106.0,0,0,0.0,527.0,196.0,0,0,0.0,415.0,165.0,0.0,0.0,0.0,63213,127,45380,164,0.0,0.0,0.0,0.0,0.0,0.0,0.0,0.0,0.0,0.0,0.0,518.0,196.0,0.0,506.0,196.0,0.0,466.0,187.0,0.0,520.0,196.0,,,,25,,Miodrag,Pivaš,Pivas,,,0,0,0,0,0,0,0,0,0,0,0,0,0,,,,0.0,0.0,0.0,0.0,0.0,0,0,0
669,a,100.0,100.0,5.5,149,93.0,0,0.0,-5,5.0,0.7,215,75.0,44,1,2.4,284.0,122.0,4,153,0.8,297.0,126.0,0.1,8.0,0.0,543854,103,571275,172,0.8,0.8,0.87,1.48,2.35,14.13,0.07,0.13,0.2,1.21,153.8,280.0,122.0,179.4,152.0,105.0,148.0,158.0,90.0,48.3,224.0,113.0,,,,25,,Dan,Ndoye,Ndoye,,,1054,1,2,2,16,0,0,0,1,0,0,14,89,,,,0.0,0.17,1.37,1.2,7.6,20,22,47
579,u,0.0,0.0,8.5,10,5.0,0,0.0,0,0.0,0.1,443,151.0,0,0,0.0,817.0,367.0,0,0,0.0,815.0,367.0,0.0,0.0,0.0,0,0,25445,5,0.0,0.0,0.0,0.0,0.0,0.0,0.0,0.0,0.0,0.0,0.0,817.0,367.0,0.0,817.0,367.0,0.0,817.0,367.0,0.0,817.0,367.0,,,,25,,Son,Heung-min,Son,has joined Los Angeles FC permanently.,,0,0,0,0,0,0,0,0,0,0,0,0,0,,,,0.0,0.0,0.0,0.0,0.0,0,0,0
581,i,0.0,0.0,6.8,46,28.0,0,0.0,-2,2.0,0.1,444,152.0,0,0,0.0,814.0,364.0,0,0,0.0,809.0,362.0,0.0,0.0,0.0,1599,13,23578,21,0.0,0.0,0.0,0.0,0.0,0.0,0.0,0.0,0.0,0.0,0.0,814.0,364.0,0.0,814.0,364.0,0.0,814.0,364.0,0.0,814.0,364.0,,,,25,,James,Maddison,Maddison,Anterior cruciate ligament - Unknown return date,,0,0,0,0,0,0,0,0,0,0,0,0,0,,,,0.0,0.0,0.0,0.0,0.0,0,0,0
617,u,0.0,0.0,4.9,290,179.0,0,0.0,-1,1.0,0.0,698,291.0,0,0,0.0,760.0,324.0,0,0,0.0,709.0,294.0,0.0,0.0,0.0,246,0,3203,0,0.0,0.0,0.0,0.0,0.0,0.0,0.0,0.0,0.0,0.0,0.0,760.0,324.0,0.0,756.0,324.0,0.0,744.0,319.0,0.0,760.0,324.0,,,,25,,Maxwel,Cornet,Cornet,has joined Genoa on loan for the rest of the season.,,0,0,0,0,0,0,0,0,0,0,0,0,0,,,,0.0,0.0,0.0,0.0,0.0,0,0,0
657,i,0.0,0.0,4.4,563,81.0,0,0.0,-1,1.0,0.0,649,81.0,0,0,0.0,679.0,74.0,0,0,0.0,600.0,63.0,0.0,0.0,0.0,4520,10,6970,8,0.0,0.0,0.0,0.0,0.0,0.0,0.0,0.0,0.0,0.0,0.0,673.0,74.0,0.0,668.0,73.0,0.0,642.0,73.0,0.0,675.0,74.0,,,,25,,Leon,Chiwome,Chiwome,Knee injury - Unknown return date,,0,0,0,0,0,0,0,0,0,0,0,0,0,,,,0.0,0.0,0.0,0.0,0.0,0,0,0
759,a,,,4.0,726,203.0,0,0.0,0,0.0,0.0,688,237.0,0,0,0.0,622.0,240.0,0,0,0.0,518.0,216.0,0.0,0.0,0.0,1073,33,820,22,2.0,1.0,0.0,0.0,0.0,0.0,0.0,0.0,0.0,0.0,0.0,613.0,240.0,0.0,605.0,240.0,0.0,568.0,234.0,0.0,615.0,240.0,,,,25,,Marli,Salmon,Salmon,,,0,0,0,0,0,0,0,0,0,0,0,0,0,,,,0.0,0.0,0.0,0.0,0.0,0,0,0
710,a,,,3.9,772,226.0,0,0.0,-1,1.0,0.2,371,135.0,0,0,0.0,558.0,204.0,0,0,0.0,448.0,175.0,0.0,0.0,0.0,32529,31,21663,81,0.0,0.0,0.0,0.0,0.0,0.0,0.0,0.0,0.0,0.0,0.0,549.0,204.0,0.0,538.0,204.0,0.0,498.0,195.0,0.0,551.0,204.0,,,,25,,Travis,Patterson,Patterson,,,0,0,0,0,0,0,0,0,0,0,0,0,0,,,,0.0,0.0,0.0,0.0,0.0,0,0,0
797,a,,,4.5,491,70.0,0,0.0,0,0.0,0.0,748,91.0,0,0,0.0,733.0,79.0,0,0,0.0,666.0,68.0,0.0,0.0,0.0,682,74,211,24,-1.0,0.0,0.0,0.0,0.0,0.0,0.0,0.0,0.0,0.0,0.0,732.0,79.0,0.0,726.0,78.0,0.0,707.0,78.0,0.0,732.0,79.0,,,,25,,Kaye,Furo,Furo,,,0,0,0,0,0,0,0,0,0,0,0,0,0,,,,0.0,0.0,0.0,0.0,0.0,0,0,0
795,a,,,4.5,493,302.0,0,0.0,0,0.0,0.0,798,352.0,0,0,0.0,735.0,306.0,0,0,0.0,668.0,265.0,0.0,0.0,0.0,179,10,69,2,0.0,0.0,0.0,0.0,0.0,0.0,0.0,0.0,0.0,0.0,0.0,734.0,305.0,0.0,728.0,305.0,0.0,709.0,298.0,0.0,734.0,305.0,,,,25,,Harry,Howell,Howell,,,0,0,0,0,0,0,0,0,0,0,0,0,0,,,,0.0,0.0,0.0,0.0,0.0,0,0,0
789,a,,,4.0,703,63.0,0,0.0,0,0.0,0.0,772,87.0,0,0,0.0,603.0,82.0,0,0,0.0,496.0,74.0,0.0,0.0,0.0,281,6,162,5,0.0,0.0,0.0,0.0,0.0,0.0,0.0,0.0,0.0,0.0,0.0,594.0,82.0,0.0,586.0,70.0,0.0,548.0,55.0,0.0,596.0,82.0,,,,25,,Max,Merrick,Merrick,,,0,0,0,0,0,0,0,0,0,0,0,0,0,,,,0.0,0.0,0.0,0.0,0.0,0,0,0
787,a,,,4.4,558,334.0,0,0.0,-1,1.0,0.0,763,328.0,0,0,0.0,676.0,262.0,0,0,0.0,596.0,212.0,0.0,0.0,0.0,847,78,358,15,0.0,0.0,0.0,0.0,0.0,0.0,0.0,0.0,0.0,0.0,0.0,669.0,255.0,0.0,664.0,259.0,0.0,638.0,247.0,0.0,671.0,257.0,,,,25,,Sam,Chambers,Chambers,,,0,0,0,0,0,0,0,0,0,0,0,0,0,,,,0.0,0.0,0.0,0.0,0.0,0,0,0
763,a,,,4.5,458,274.0,0,0.0,0,0.0,0.0,783,342.0,0,0,0.0,710.0,287.0,0,0,0.0,638.0,241.0,0.0,0.0,0.0,319,10,201,2,0.5,0.0,0.0,0.0,0.0,0.0,0.0,0.0,0.0,0.0,0.0,706.0,283.0,0.0,702.0,285.0,0.0,680.0,275.0,0.0,707.0,284.0,,,,25,,Charlie,Gray,Gray,,,0,0,0,0,0,0,0,0,0,0,0,0,0,,,,0.0,0.0,0.0,0.0,0.0,0,0,0
467,a,,,4.2,649,90.0,0,0.0,-3,3.0,1.6,144,23.0,0,0,0.0,634.0,64.0,0,0,0.0,538.0,52.0,0.0,0.0,0.0,263670,825,343626,1220,0.0,0.0,0.0,0.0,0.0,0.0,0.0,0.0,0.0,0.0,0.0,626.0,64.0,0.0,620.0,63.0,0.0,588.0,63.0,0.0,628.0,64.0,,,,25,,Chido,Obi,Obi,,,0,0,0,0,0,0,0,0,0,0,0,0,0,,,,0.0,0.0,0.0,0.0,0.0,0,0,0
788,a,,,4.0,714,192.0,0,0.0,0,0.0,0.0,760,259.0,0,0,0.0,612.0,231.0,0,0,0.0,507.0,206.0,0.0,0.0,0.0,269,11,174,11,0.0,0.0,0.0,0.0,0.0,0.0,0.0,0.0,0.0,0.0,0.0,603.0,231.0,0.0,595.0,231.0,0.0,558.0,225.0,0.0,605.0,231.0,,,,25,,Godwill,Kukonki,Kukonki,,,0,0,0,0,0,0,0,0,0,0,0,0,0,,,,0.0,0.0,0.0,0.0,0.0,0,0,0
813,a,,,5.0,276,170.0,0,0.0,0,0.0,0.0,800,354.0,1,1,1.0,487.0,225.0,0,5,1.0,269.0,114.0,0.2,0.2,0.0,196,61,13,6,1.3,0.8,0.0,0.02,0.02,0.65,0.0,0.36,0.36,11.7,2.0,480.0,220.0,14.5,393.0,197.0,0.0,777.0,342.0,1.7,466.0,211.0,,,,25,,Nilson,Angulo,Angulo,,,5,0,0,0,1,0,0,0,0,0,0,0,0,,,,0.0,0.0,18.0,0.0,0.0,0,0,0
595,a,,,4.3,600,351.0,0,0.0,-2,2.0,0.2,369,123.0,0,0,0.0,643.0,241.0,0,0,0.0,553.0,186.0,0.0,0.0,0.0,22064,157,28398,88,0.0,0.0,0.0,0.0,0.0,0.0,0.0,0.0,0.0,0.0,0.0,634.0,232.0,0.0,629.0,237.0,0.0,599.0,222.0,0.0,636.0,234.0,,,,25,,Callum,Olusesi,Olusesi,,,0,0,0,0,0,0,0,0,0,0,0,0,0,,,,0.0,0.0,0.0,0.0,0.0,0,0,0
747,a,,,4.0,722,199.0,0,0.0,0,0.0,0.0,644,225.0,5,0,1.0,446.0,164.0,0,15,0.0,515.0,213.0,0.0,1.2,0.0,2185,22,1648,34,0.0,0.0,0.12,0.44,0.56,2.8,0.1,0.35,0.45,2.25,21.2,432.0,163.0,33.8,357.0,125.0,9.0,392.0,142.0,6.4,425.0,153.0,,,,25,,Ezra,Mayers,Mayers,,,112,0,0,0,3,0,0,0,0,0,0,0,5,,,,0.0,0.0,2.41,0.0,4.02,0,5,6
766,a,,,4.0,721,198.0,0,0.0,0,0.0,0.0,680,235.0,0,0,0.0,619.0,237.0,0,0,0.0,514.0,212.0,0.0,0.0,0.0,1970,68,937,21,-1.0,0.0,0.0,0.0,0.0,0.0,0.0,0.0,0.0,0.0,0.0,610.0,237.0,0.0,602.0,237.0,0.0,565.0,231.0,0.0,612.0,237.0,,,,25,,Saheed,Olagunju,Olagunju,,,0,0,0,0,0,0,0,0,0,0,0,0,0,,,,0.0,0.0,0.0,0.0,0.0,0,0,0
194,i,0.0,0.0,3.9,753,216.0,0,0.0,-1,1.0,0.1,557,200.0,0,0,0.0,544.0,199.0,0,0,0.0,433.0,169.0,0.0,0.0,0.0,1677,5,15151,16,0.0,0.0,0.0,0.0,0.0,0.0,0.0,0.0,0.0,0.0,0.0,535.0,199.0,0.0,524.0,199.0,0.0,484.0,190.0,0.0,537.0,199.0,,,,25,,Jordan,Beyer,Jordan,Hamstring injury - Unknown return date,,0,0,0,0,0,0,0,0,0,0,0,0,0,,,,0.0,0.0,0.0,0.0,0.0,0,0,0
161,u,0.0,0.0,5.4,175,107.0,0,0.0,-1,1.0,0.0,735,311.0,0,0,0.0,800.0,354.0,0,0,0.0,781.0,343.0,0.0,0.0,0.0,105,0,2944,1,0.0,0.0,0.0,0.0,0.0,0.0,0.0,0.0,0.0,0.0,0.0,800.0,354.0,0.0,799.0,354.0,0.0,795.0,353.0,0.0,800.0,354.0,,,,25,,Julio,Enciso Espínola,Enciso,has joined Strasbourg permanently.,,0,0,0,0,0,0,0,0,0,0,0,0,0,,,,0.0,0.0,0.0,0.0,0.0,0,0,0
664,a,,,3.9,741,72.0,0,0.0,-1,1.0,0.7,213,27.0,0,0,0.0,536.0,40.0,0,0,0.0,424.0,31.0,0.0,0.0,0.0,39520,142,50131,141,-0.5,0.0,0.0,0.0,0.0,0.0,0.0,0.0,0.0,0.0,0.0,527.0,40.0,0.0,516.0,25.0,0.0,476.0,10.0,0.0,529.0,40.0,,,,25,,Benjamin,Lecomte,Lecomte,,,0,0,0,0,0,0,0,0,0,0,0,0,0,,,,0.0,0.0,0.0,0.0,0.0,0,0,0
777,u,0.0,,4.5,456,272.0,0,0.0,0,0.0,0.0,786,345.0,0,0,0.0,708.0,285.0,0,0,0.0,636.0,239.0,0.0,0.0,0.0,415,1,231,15,0.0,0.0,0.0,0.0,0.0,0.0,0.0,0.0,0.0,0.0,0.0,704.0,281.0,0.0,700.0,283.0,0.0,678.0,273.0,0.0,705.0,282.0,,,,25,,Temple,Ojinnaka,Ojinnaka,has joined Shrewsbury Town on loan for the rest of the season.,,0,0,0,0,0,0,0,0,0,0,0,0,0,,,,0.0,0.0,0.0,0.0,0.0,0,0,0
778,a,,,4.5,488,298.0,0,0.0,0,0.0,0.0,753,320.0,0,0,0.0,730.0,302.0,0,0,0.0,663.0,261.0,0.0,0.0,0.0,982,10,466,17,-1.0,0.0,0.0,0.0,0.0,0.0,0.0,0.0,0.0,0.0,0.0,729.0,301.0,0.0,723.0,301.0,0.0,704.0,294.0,0.0,729.0,301.0,,,,25,,Ethan,Sutherland,Sutherland,,,0,0,0,0,0,0,0,0,0,0,0,0,0,,,,0.0,0.0,0.0,0.0,0.0,0,0,0
809,a,,,4.5,516,319.0,0,0.0,0,0.0,0.0,801,355.0,0,0,0.0,751.0,319.0,0,0,0.0,689.0,281.0,0.0,0.0,0.0,177,34,21,7,-1.0,0.0,0.0,0.0,0.0,0.0,0.0,0.0,0.0,0.0,0.0,751.0,319.0,0.0,745.0,319.0,0.0,727.0,313.0,0.0,751.0,319.0,,,,25,,Jerome,Abbey,Abbey,,,0,0,0,0,0,0,0,0,0,0,0,0,0,,,,0.0,0.0,0.0,0.0,0.0,0,0,0
816,a,,,5.0,250,151.0,0,0.0,0,0.0,0.0,750,318.0,2,2,2.0,330.0,146.0,0,26,2.0,188.0,79.0,0.4,0.4,0.0,707,308,57,19,2.6,1.8,0.0,0.06,0.06,2.61,0.0,0.07,0.07,2.97,17.8,440.0,195.0,30.0,369.0,190.0,0.0,767.0,334.0,4.8,440.0,198.0,,,,25,,Angel,Gomes,Angel,,,79,0,0,0,3,0,0,0,0,0,0,1,10,,,,0.0,0.0,3.42,1.14,11.39,2,2,6
817,a,,,5.5,139,35.0,0,0.0,0,0.0,0.0,679,85.0,4,4,4.0,73.0,8.0,0,14,4.0,66.0,7.0,0.7,0.7,0.0,1786,1354,102,50,2.8,1.9,0.0,0.31,0.31,3.16,0.0,0.31,0.31,3.16,16.6,443.0,52.0,11.3,405.0,54.0,4.0,426.0,59.0,3.2,449.0,56.0,,,,25,,Adam,Armstrong,Armstrong,,,90,0,1,0,3,0,0,0,1,0,0,1,0,,,,0.0,0.0,3.0,1.0,0.0,0,0,0
156,a,,,3.8,805,254.0,0,0.0,-2,2.0,0.1,415,151.0,0,0,0.0,525.0,194.0,0,0,0.0,413.0,163.0,0.0,0.0,0.0,10385,105,15972,47,0.0,0.0,0.0,0.0,0.0,0.0,0.0,0.0,0.0,0.0,0.0,516.0,194.0,0.0,504.0,194.0,0.0,463.0,184.0,0.0,518.0,194.0,,,,25,,Charlie,Tasker,Tasker,,,0,0,0,0,0,0,0,0,0,0,0,0,0,,,,0.0,0.0,0.0,0.0,0.0,0,0,0
651,a,,,4.3,616,361.0,0,0.0,-2,2.0,0.3,292,99.0,0,0,0.0,653.0,249.0,0,0,0.0,567.0,196.0,0.0,0.0,0.0,52575,181,62141,164,-1.0,0.0,0.0,0.0,0.0,0.0,0.0,0.0,0.0,0.0,0.0,644.0,240.0,0.0,640.0,245.0,0.0,611.0,231.0,0.0,646.0,242.0,,,,25,,Tom,Edozie,Edozie,,,0,0,0,0,0,0,0,0,0,0,0,0,0,,,,0.0,0.0,0.0,0.0,0.0,0,0,0
656,u,0.0,0.0,4.9,324,59.0,0,0.0,-1,1.0,0.0,586,79.0,1,0,1.0,482.0,59.0,0,1,0.0,722.0,75.0,0.0,0.2,0.0,1691,0,10082,5,0.0,0.0,0.0,0.01,0.01,0.1,0.0,0.06,0.06,0.64,1.0,492.0,61.0,4.3,438.0,57.0,2.0,440.0,61.0,0.7,479.0,61.0,,,,25,,Saša,Kalajdžić,Kalajdžić,has joined LASK on loan for the rest of the season.,,14,0,0,0,0,0,0,0,0,0,0,0,2,,,,0.0,0.0,0.0,0.0,12.86,0,1,1
658,a,,,4.2,645,89.0,0,0.0,-3,3.0,1.8,139,22.0,0,0,0.0,633.0,63.0,0,0,0.0,535.0,51.0,0.0,0.0,0.0,238531,3252,330950,1048,-1.0,0.0,0.0,0.0,0.0,0.0,0.0,0.0,0.0,0.0,0.0,625.0,63.0,0.0,619.0,62.0,0.0,586.0,62.0,0.0,627.0,63.0,,,,25,,Nathan,Fraser,Fraser,,,0,0,0,0,0,0,0,0,0,0,0,0,0,,,,0.0,0.0,0.0,0.0,0.0,0,0,0
663,a,,,4.9,319,198.0,0,0.0,-6,6.0,0.2,413,141.0,45,0,2.0,329.0,145.0,2,175,0.8,284.0,120.0,0.2,9.2,0.0,20065,180,79625,107,0.6,0.8,3.38,0.62,4.0,16.0,0.27,0.05,0.32,1.29,171.0,263.0,112.0,204.0,129.0,91.0,148.0,157.0,89.0,52.1,208.0,106.0,1.0,1.0,,25,,Jhon,Arias,J.Arias,,,1117,1,0,2,21,0,0,0,1,0,0,14,125,,,,0.0,0.16,1.69,1.13,10.07,43,24,58
682,a,,,4.2,640,151.0,0,0.0,-3,3.0,0.1,552,197.0,21,0,1.4,411.0,147.0,0,42,0.2,357.0,133.0,0.0,5.0,0.0,4283,20,8942,20,-0.6,0.2,0.13,0.99,1.12,14.1,0.02,0.13,0.15,1.8,115.4,318.0,120.0,106.1,227.0,61.0,44.0,310.0,99.0,26.7,326.0,113.0,,,,25,,David,Møller Wolfe,Møller Wolfe,,,704,0,2,0,19,0,0,0,1,0,0,8,37,,,,0.0,0.0,2.43,1.02,4.09,5,27,17
1,a,,,5.9,91,1.0,0,0.0,4,-4.0,34.1,7,1.0,106,7,4.2,58.0,3.0,5,422,5.0,31.0,1.0,0.8,18.0,0.0,3689254,44495,2062034,7003,12.0,6.0,0.0,0.05,0.05,16.82,0.0,0.0,0.0,0.67,362.4,108.0,16.0,30.4,367.0,3.0,0.0,806.0,94.0,39.4,262.0,16.0,,,,25,,David,Raya Martín,Raya,,,2250,0,0,13,17,0,0,0,1,0,35,25,94,,,,1.4,0.52,0.68,1.0,0.0,1,20,208
2,a,,,4.1,653,37.0,0,0.0,-4,4.0,0.4,276,36.0,0,0,0.0,628.0,85.0,0,0,0.0,524.0,77.0,0.0,0.0,0.0,13616,73,74395,168,2.0,1.0,0.0,0.0,0.0,0.0,0.0,0.0,0.0,0.0,0.0,619.0,85.0,0.0,611.0,73.0,0.0,576.0,58.0,0.0,621.0,85.0,,,,25,,Kepa,Arrizabalaga Revuelta,Arrizabalaga,,,0,0,0,0,0,0,0,0,0,0,0,0,0,,,,0.0,0.0,0.0,0.0,0.0,0,0,0
3,u,0.0,0.0,4.0,684,54.0,0,0.0,0,0.0,0.2,364,53.0,0,0,0.0,588.0,73.0,0,0,0.0,480.0,65.0,0.0,0.0,0.0,5545,0,47421,69,0.0,0.0,0.0,0.0,0.0,0.0,0.0,0.0,0.0,0.0,0.0,579.0,73.0,0.0,571.0,61.0,0.0,533.0,46.0,0.0,581.0,73.0,,,,25,,Karl,Hein,Hein,Has joined Werder Bremen on loan for the rest of the season.,,0,0,0,0,0,0,0,0,0,0,0,0,0,,,,0.0,0.0,0.0,0.0,0.0,0,0,0
4,a,,,3.9,774,90.0,0,0.0,-1,1.0,0.2,349,51.0,0,0,0.0,560.0,58.0,0,0,0.0,450.0,49.0,0.0,0.0,0.0,32618,41,30663,201,2.0,1.0,0.0,0.0,0.0,0.0,0.0,0.0,0.0,0.0,0.0,551.0,58.0,0.0,540.0,43.0,0.0,500.0,28.0,0.0,553.0,58.0,,,,25,,Tommy,Setford,Setford,,,0,0,0,0,0,0,0,0,0,0,0,0,0,,,,0.0,0.0,0.0,0.0,0.0,0,0,0
5,a,100.0,100.0,7.1,33,1.0,0,0.0,11,-11.0,41.2,4,1.0,135,6,7.1,1.0,1.0,18,449,5.8,18.0,4.0,0.8,19.0,0.0,7667580,41465,4991689,3329,13.6,6.8,1.72,0.84,2.56,10.34,0.1,0.05,0.15,0.57,527.4,35.0,14.0,81.3,264.0,81.0,184.0,123.0,23.0,79.1,103.0,32.0,,,,25,,Gabriel,dos Santos Magalhães,Gabriel,,,1625,3,2,12,10,0,0,0,1,0,0,18,171,,,,0.0,0.66,0.55,1.0,8.64,19,137,27
6,a,100.0,100.0,6.1,84,3.0,1,-1.0,1,-1.0,13.4,28,11.0,83,7,4.0,75.0,27.0,4,370,5.5,21.0,6.0,0.9,13.6,0.0,1669282,36695,1992612,3259,13.0,6.5,0.38,0.59,0.97,12.0,0.02,0.03,0.05,0.63,331.8,127.0,57.0,119.3,209.0,53.0,32.0,337.0,108.0,48.3,225.0,73.0,,,,25,,William,Saliba,Saliba,,,1714,0,0,10,12,0,0,0,1,0,0,20,147,,,,0.0,0.53,0.63,1.05,6.09,21,95,77
7,a,100.0,100.0,5.6,134,14.0,0,0.0,1,-1.0,6.2,59,19.0,84,6,4.7,31.0,12.0,4,307,1.8,217.0,79.0,0.3,15.0,0.0,2568546,8933,2374446,1472,5.6,2.8,2.77,0.39,3.16,7.29,0.19,0.03,0.22,0.49,227.0,214.0,84.0,107.7,224.0,59.0,230.0,91.0,7.0,56.4,190.0,63.0,,,,25,,Riccardo,Calafiori,Calafiori,,,1337,1,2,10,7,0,0,0,5,0,0,17,129,,,,0.0,0.67,0.47,1.14,6.06,30,60,59
8,a,100.0,100.0,6.4,59,2.0,0,0.0,9,-9.0,29.6,12,3.0,121,6,5.0,18.0,7.0,7,433,4.2,51.0,18.0,0.7,18.9,0.0,6117633,48603,3119007,9404,10.4,5.2,4.3,1.11,5.41,12.61,0.19,0.05,0.24,0.57,401.0,87.0,38.0,301.4,76.0,18.0,334.0,49.0,1.0,104.0,46.0,3.0,,,,25,,Jurriën,Timber,J.Timber,,,1999,2,4,12,15,0,0,0,4,0,0,22,148,,,,0.0,0.54,0.68,0.99,5.31,54,64,79
9,u,0.0,0.0,5.4,173,20.0,0,0.0,-1,1.0,0.0,587,210.0,0,0,0.0,799.0,265.0,0,0,0.0,780.0,263.0,0.0,0.0,0.0,1119,0,10871,6,0.0,0.0,0.0,0.0,0.0,0.0,0.0,0.0,0.0,0.0,0.0,799.0,265.0,0.0,798.0,265.0,0.0,794.0,264.0,0.0,799.0,265.0,,,,25,,Jakub,Kiwior,Kiwior,has joined Porto on loan for the rest of the season.,,0,0,0,0,0,0,0,0,0,0,0,0,0,,,,0.0,0.0,0.0,0.0,0.0,0,0,0
10,a,,,5.1,239,36.0,0,0.0,-4,4.0,1.4,156,60.0,12,0,0.9,500.0,173.0,0,36,0.0,763.0,258.0,0.0,2.4,0.0,131751,255,457669,579,2.0,1.0,0.05,0.06,0.11,5.26,0.01,0.02,0.03,1.52,31.2,418.0,156.0,45.5,334.0,114.0,18.0,375.0,130.0,9.4,405.0,145.0,,,,25,,Myles,Lewis-Skelly,Lewis-Skelly,,,311,0,0,0,5,0,0,0,3,0,0,1,21,,,,0.0,0.0,1.45,0.29,4.05,4,10,14
11,a,100.0,100.0,5.1,227,31.0,0,0.0,-4,4.0,0.6,247,92.0,30,0,4.3,46.0,16.0,3,112,1.8,211.0,77.0,0.4,5.9,0.0,344002,433,391822,1058,5.6,2.8,0.43,0.49,0.92,6.13,0.09,0.11,0.2,1.35,111.4,320.0,122.0,92.7,243.0,69.0,46.0,308.0,98.0,25.0,333.0,115.0,,,,25,,Benjamin,White,White,,,409,0,1,3,4,0,0,0,0,0,0,5,40,,,,0.0,0.66,0.88,1.1,7.92,13,23,18
13,a,,,3.8,808,257.0,0,0.0,-2,2.0,0.4,266,100.0,0,0,0.0,526.0,195.0,0,0,0.0,414.0,164.0,0.0,0.0,0.0,51030,63,75086,241,2.0,1.0,0.0,0.0,0.0,0.0,0.0,0.0,0.0,0.0,0.0,517.0,195.0,0.0,505.0,195.0,0.0,465.0,186.0,0.0,519.0,195.0,,,,25,,Brayden,Clarke,Clarke,,,0,0,0,0,0,0,0,0,0,0,0,0,0,,,,0.0,0.0,0.0,0.0,0.0,0,0,0
14,u,0.0,0.0,3.9,779,229.0,0,0.0,-1,1.0,0.1,477,172.0,0,0,0.0,565.0,207.0,0,0,0.0,455.0,178.0,0.0,0.0,0.0,10218,0,22428,14,0.0,0.0,0.0,0.0,0.0,0.0,0.0,0.0,0.0,0.0,0.0,556.0,207.0,0.0,545.0,207.0,0.0,505.0,198.0,0.0,558.0,207.0,,,,25,,Maldini,Kacurri,Kacurri,has joined Morecambe on loan for the rest of the season.,,0,0,0,0,0,0,0,0,0,0,0,0,0,,,,0.0,0.0,0.0,0.0,0.0,0,0,0
15,a,,,3.7,815,263.0,-1,1.0,-3,3.0,0.2,381,141.0,0,0,0.0,511.0,181.0,0,0,0.0,392.0,143.0,0.0,0.0,0.0,17822,618,25219,113,2.0,1.0,0.0,0.0,0.0,0.0,0.0,0.0,0.0,0.0,0.0,501.0,180.0,0.0,486.0,177.0,0.0,445.0,167.0,0.0,503.0,180.0,,,,25,,Josh,Nichols,Nichols,,,0,0,0,0,0,0,0,0,0,0,0,0,0,,,,0.0,0.0,0.0,0.0,0.0,0,0,0
16,d,50.0,50.0,9.9,5,3.0,0,0.0,-1,1.0,9.6,41,15.0,101,0,4.8,28.0,12.0,10,394,0.8,310.0,136.0,0.1,10.2,0.0,3969453,372,4711078,58089,1.8,0.9,5.58,5.11,10.69,9.95,0.33,0.3,0.63,0.58,421.2,74.0,24.0,628.1,8.0,8.0,564.0,15.0,6.0,161.4,9.0,7.0,2.0,,1.0,25,,Bukayo,Saka,Saka,Hip injury - 50% chance of playing,,1543,4,7,8,12,0,0,0,1,0,0,17,118,,,,0.0,0.47,0.7,0.99,6.88,26,11,81
17,d,50.0,50.0,7.8,18,13.0,0,0.0,-2,2.0,1.9,133,44.0,57,0,3.2,163.0,75.0,5,233,2.2,175.0,76.0,0.3,7.3,0.0,373876,103,590820,9527,3.2,1.6,0.97,2.83,3.8,11.38,0.09,0.25,0.34,1.01,241.0,204.0,87.0,420.3,34.0,32.0,134.0,178.0,100.0,79.4,102.0,56.0,4.0,,3.0,25,,Martin,Ødegaard,Ødegaard,Muscle injury - 50% chance of playing,,1012,1,5,4,10,0,0,0,0,0,0,13,76,,,,0.0,0.36,0.89,1.16,6.76,16,13,47
18,a,100.0,100.0,6.8,47,29.0,0,0.0,-2,2.0,1.2,177,60.0,37,1,2.3,296.0,128.0,3,133,4.2,52.0,24.0,0.6,5.4,0.0,287223,8917,290040,2440,10.4,5.2,0.63,1.9,2.53,7.67,0.08,0.25,0.33,0.99,137.4,296.0,132.0,227.5,114.0,80.0,223.0,94.0,59.0,58.7,182.0,97.0,3.0,,,25,,Noni,Madueke,Madueke,,,695,1,1,4,6,0,0,0,0,0,0,9,39,,,,0.0,0.52,0.78,1.17,5.05,10,11,18
19,a,100.0,100.0,6.8,48,30.0,0,0.0,-2,2.0,0.9,196,66.0,37,4,1.9,349.0,156.0,1,128,2.2,174.0,75.0,0.3,5.4,0.0,150630,2615,227428,518,6.4,3.2,2.72,0.78,3.5,5.61,0.41,0.12,0.53,0.84,128.0,305.0,138.0,99.1,237.0,147.0,249.0,81.0,50.0,47.1,229.0,116.0,,,,25,,Gabriel,Martinelli Silva,Martinelli,,,604,1,3,2,3,0,0,0,2,0,0,7,41,,,,0.0,0.3,0.45,1.04,6.11,8,8,25
20,d,75.0,100.0,6.8,45,27.0,0,0.0,-2,2.0,1.6,149,49.0,92,6,4.4,44.0,23.0,9,323,3.0,117.0,49.0,0.4,13.5,0.0,509289,13403,370915,3226,6.0,4.0,4.4,2.4,6.8,9.11,0.28,0.15,0.43,0.58,382.8,95.0,31.0,402.6,37.0,35.0,379.0,37.0,22.0,116.7,39.0,29.0,,,4.0,25,,Leandro,Trossard,Trossard,Muscle injury - 75% chance of playing,,1415,5,5,8,11,0,0,0,1,0,0,15,91,,,,0.0,0.51,0.7,0.95,5.79,17,19,55
21,a,100.0,100.0,7.5,22,15.0,0,0.0,10,-10.0,33.8,8,3.0,134,5,5.6,10.0,6.0,18,569,3.0,118.0,50.0,0.4,17.9,0.0,6305331,59876,3154053,24790,8.0,4.0,2.92,5.25,8.17,13.35,0.13,0.23,0.36,0.58,629.2,11.0,3.0,766.6,2.0,2.0,248.0,82.0,51.0,164.5,7.0,5.0,1.0,1.0,,25,,Declan,Rice,Rice,,,2055,4,7,12,16,0,0,0,2,0,0,23,248,,,,0.0,0.53,0.7,1.01,10.86,41,89,118
22,i,0.0,0.0,5.5,142,88.0,0,0.0,-5,5.0,1.1,182,62.0,66,0,3.1,178.0,78.0,5,238,2.0,191.0,82.0,0.4,12.0,0.0,835743,20,800024,6032,0.0,0.0,2.99,1.45,4.44,6.59,0.27,0.13,0.4,0.6,304.4,156.0,57.0,187.0,142.0,99.0,237.0,87.0,54.0,72.6,123.0,67.0,,,,25,,Mikel,Merino Zazón,Merino,Foot injury - Unknown return date,,996,4,3,4,9,0,0,0,1,0,0,10,111,,,,0.0,0.36,0.81,0.9,10.03,26,30,55
23,u,0.0,0.0,5.4,172,106.0,0,0.0,-1,1.0,0.0,673,277.0,0,0,0.0,798.0,353.0,0,0,0.0,779.0,342.0,0.0,0.0,0.0,933,0,4406,1,0.0,0.0,0.0,0.0,0.0,0.0,0.0,0.0,0.0,0.0,0.0,798.0,353.0,0.0,797.0,353.0,0.0,793.0,352.0,0.0,798.0,353.0,,,,25,,Fábio,Ferreira Vieira,Fábio Vieira,has joined Hamburger on loan for the rest of the season.,,0,0,0,0,0,0,0,0,0,0,0,0,0,,,,0.0,0.0,0.0,0.0,0.0,0,0,0
24,a,100.0,100.0,5.1,225,138.0,0,0.0,-4,4.0,0.1,435,146.0,4,1,1.0,489.0,227.0,0,14,0.2,377.0,167.0,0.0,0.8,0.0,6971,60,60346,48,2.4,1.2,0.05,0.0,0.05,2.18,0.14,0.0,0.14,6.13,15.6,446.0,198.0,0.4,472.0,228.0,7.0,410.0,199.0,2.4,458.0,206.0,,,,25,,Christian,Nørgaard,Nørgaard,,,32,0,0,0,1,0,0,0,0,0,0,0,9,,,,0.0,0.0,2.81,0.0,25.31,0,6,3
25,u,0.0,0.0,5.0,270,164.0,0,0.0,-5,5.0,0.1,440,149.0,8,0,1.3,422.0,190.0,0,20,0.0,751.0,324.0,0.0,1.6,0.0,13149,0,36330,92,0.0,0.0,0.23,0.08,0.31,0.73,0.13,0.04,0.17,0.4,8.6,455.0,204.0,22.5,380.0,194.0,24.0,353.0,184.0,5.4,430.0,194.0,,,,25,,Ethan,Nwaneri,Nwaneri,has joined Marseille on loan for the rest of the season.,,165,0,0,1,0,0,0,0,0,0,0,0,13,,,,0.0,0.55,0.0,0.0,7.09,2,1,10
26,a,100.0,100.0,5.2,215,132.0,0,0.0,-3,3.0,3.0,106,31.0,101,10,4.0,70.0,33.0,9,455,6.0,13.0,9.0,1.2,19.4,0.0,857008,49812,796789,1262,14.0,7.0,2.56,1.52,4.08,15.65,0.11,0.07,0.18,0.68,484.4,53.0,14.0,302.8,74.0,56.0,230.0,90.0,57.0,101.9,52.0,34.0,,,,25,,Martín,Zubimendi Ibáñez,Zubimendi,,,2085,5,1,13,15,0,0,0,4,0,0,24,214,,,,0.0,0.56,0.65,1.04,9.24,42,87,85
28,u,0.0,0.0,4.5,487,297.0,0,0.0,0,0.0,0.1,474,164.0,0,0,0.0,729.0,301.0,0,0,0.0,662.0,260.0,0.0,0.0,0.0,6731,0,30084,17,0.0,0.0,0.0,0.0,0.0,0.0,0.0,0.0,0.0,0.0,0.0,728.0,300.0,0.0,722.0,300.0,0.0,703.0,293.0,0.0,728.0,300.0,,,,25,,Ismeal,Kabia,Kabia,has joined Shrewsbury Town on loan for the rest of the season.,,0,0,0,0,0,0,0,0,0,0,0,0,0,,,,0.0,0.0,0.0,0.0,0.0,0,0,0
29,u,0.0,0.0,4.5,429,256.0,0,0.0,0,0.0,0.0,582,219.0,0,0,0.0,693.0,271.0,0,0,0.0,619.0,224.0,0.0,0.0,0.0,2952,0,14005,10,0.0,0.0,0.0,0.0,0.0,0.0,0.0,0.0,0.0,0.0,0.0,688.0,266.0,0.0,684.0,269.0,0.0,661.0,259.0,0.0,690.0,268.0,,,,25,,Albert,Sambi Lokonga,Sambi,has joined Hamburger permanently.,,0,0,0,0,0,0,0,0,0,0,0,0,0,,,,0.0,0.0,0.0,0.0,0.0,0,0,0
30,a,100.0,100.0,7.3,25,10.0,0,0.0,-2,2.0,0.6,231,35.0,8,5,2.7,247.0,26.0,0,40,1.8,218.0,30.0,0.2,1.1,0.0,53134,10040,118624,614,5.6,2.8,0.21,0.06,0.27,1.11,0.12,0.03,0.15,0.64,32.2,415.0,47.0,32.6,360.0,46.0,22.0,365.0,53.0,8.8,410.0,51.0,,,,25,,Kai,Havertz,Havertz,,,156,0,1,2,0,0,0,0,0,0,0,2,10,,,,0.0,1.15,0.0,1.15,5.77,2,5,3
31,a,100.0,100.0,6.4,56,20.0,0,0.0,-1,1.0,0.6,233,36.0,17,1,1.7,376.0,45.0,0,69,2.0,195.0,25.0,0.3,2.7,0.0,115930,5939,55471,2591,6.0,3.0,1.75,0.18,1.93,3.39,0.56,0.06,0.62,1.09,100.6,328.0,32.0,23.2,378.0,47.0,203.0,107.0,29.0,32.5,295.0,35.0,,,,25,,Gabriel,Fernando de Jesus,G.Jesus,,,279,2,0,0,5,0,0,0,1,0,0,2,23,,,,0.0,0.0,1.61,0.65,7.42,4,4,15
266,a,,,7.2,30,18.0,0,0.0,-3,3.0,7.9,51,19.0,70,1,3.5,125.0,57.0,6,270,0.8,308.0,134.0,0.1,9.7,0.0,3241966,3091,3648442,5991,3.6,1.8,2.6,1.68,4.28,6.45,0.22,0.14,0.36,0.54,258.4,189.0,77.0,178.2,154.0,107.0,297.0,63.0,39.0,73.3,121.0,66.0,,,,25,,Eberechi,Eze,Eze,,,1078,4,3,6,7,0,0,0,1,0,0,12,72,,,,0.0,0.5,0.58,1.0,6.01,13,14,45
662,a,100.0,100.0,5.3,203,26.0,0,0.0,-2,2.0,0.1,432,161.0,17,0,1.7,372.0,137.0,1,85,0.0,772.0,260.0,0.0,3.2,0.0,43498,111,50859,70,2.0,1.0,0.0,0.43,0.43,2.68,0.0,0.09,0.09,0.56,84.0,347.0,130.0,23.2,377.0,135.0,8.0,403.0,151.0,11.5,396.0,141.0,,,,25,,Cristhian,Mosquera,Mosquera,,,429,0,0,1,4,0,0,0,1,0,0,4,48,,,,0.0,0.21,0.84,0.84,7.34,11,24,17
666,a,100.0,100.0,8.7,9,5.0,0,0.0,-3,3.0,10.2,37,6.0,75,12,3.3,149.0,16.0,8,271,5.2,28.0,4.0,0.6,8.6,0.0,2793160,69169,4591073,2650,12.4,6.2,7.88,0.91,8.79,9.83,0.48,0.06,0.54,0.6,302.0,161.0,14.0,152.0,179.0,16.0,534.0,18.0,12.0,98.0,62.0,12.0,,,2.0,25,,Viktor,Gyökeres,Gyökeres,,,1482,8,0,10,7,0,0,0,3,0,0,18,55,,,,0.0,0.61,0.43,1.09,3.34,5,16,34
700,i,0.0,0.0,4.2,651,367.0,0,0.0,-3,3.0,0.4,277,95.0,5,0,2.5,262.0,112.0,0,13,0.0,540.0,178.0,0.0,1.2,0.0,151098,1275,122361,860,0.0,0.0,0.14,0.02,0.16,0.12,0.47,0.07,0.54,0.4,1.0,489.0,224.0,0.8,462.0,222.0,26.0,349.0,182.0,2.8,451.0,204.0,,,,25,,Max,Dowman,Dowman,Ankle injury - Unknown return date,,27,0,1,0,0,0,0,0,0,0,0,0,3,,,,0.0,0.0,0.0,0.0,10.0,2,0,1
711,a,,,4.4,570,342.0,0,0.0,-1,1.0,0.0,703,294.0,0,0,0.0,682.0,265.0,0,0,0.0,604.0,217.0,0.0,0.0,0.0,1743,11,1633,5,2.0,1.0,0.0,0.0,0.0,0.0,0.0,0.0,0.0,0.0,0.0,677.0,260.0,0.0,671.0,263.0,0.0,646.0,252.0,0.0,679.0,262.0,,,,25,,Andre,Harriman-Annous,Harriman-Annous,,,0,0,0,0,0,0,0,0,0,0,0,0,0,,,,0.0,0.0,0.0,0.0,0.0,0,0,0
725,a,100.0,100.0,5.1,236,34.0,0,0.0,-4,4.0,0.7,221,83.0,42,1,2.8,230.0,91.0,2,169,1.8,212.0,78.0,0.4,8.2,0.0,473968,1611,396918,1849,5.6,2.8,0.0,0.76,0.76,10.03,0.0,0.07,0.07,0.87,209.6,233.0,92.0,64.5,292.0,96.0,24.0,354.0,118.0,29.7,310.0,105.0,,,,25,,Piero,Hincapié,Hincapie,,,1043,0,0,3,11,0,0,0,2,0,0,12,91,,,,0.0,0.26,0.95,1.04,7.85,22,69,40
32,a,100.0,100.0,5.0,244,7.0,0,0.0,0,0.0,3.5,95,15.0,83,5,4.0,69.0,5.0,7,360,4.8,34.0,2.0,1.0,16.6,0.0,718390,6456,536554,2219,4.8,4.8,0.0,0.04,0.04,27.7,0.0,0.0,0.0,1.35,480.8,54.0,12.0,3.1,443.0,12.0,0.0,764.0,86.0,48.5,222.0,12.0,,,,25,,Emiliano,Martínez Romero,Martinez,,,1845,0,0,5,19,0,1,0,1,0,62,21,78,,,,3.02,0.24,0.93,1.02,0.0,0,21,172
33,a,,,4.2,627,32.0,0,0.0,-3,3.0,0.4,274,35.0,11,0,2.2,299.0,26.0,0,51,0.0,528.0,80.0,0.0,2.6,0.0,83055,50,112269,121,0.0,0.0,0.0,0.0,0.0,8.53,0.0,0.0,0.0,1.9,92.8,339.0,28.0,0.0,614.0,76.0,0.0,580.0,61.0,9.3,407.0,28.0,,,,25,,Marco,Bizot,M.Bizot,,,405,0,0,1,8,0,0,0,2,0,13,4,23,,,,2.89,0.22,1.78,0.89,0.0,0,6,41
34,u,0.0,0.0,4.0,683,53.0,0,0.0,0,0.0,0.1,484,74.0,0,0,0.0,587.0,72.0,0,0,0.0,479.0,64.0,0.0,0.0,0.0,0,0,17042,21,0.0,0.0,0.0,0.0,0.0,0.0,0.0,0.0,0.0,0.0,0.0,578.0,72.0,0.0,570.0,60.0,0.0,532.0,45.0,0.0,580.0,72.0,,,,25,,Joe,Gauci,Gauci,Has joined Port Vale on loan for the rest of the season.,,0,0,0,0,0,0,0,0,0,0,0,0,0,,,,0.0,0.0,0.0,0.0,0.0,0,0,0
35,u,0.0,0.0,4.0,682,52.0,0,0.0,0,0.0,0.0,739,85.0,0,0,0.0,586.0,71.0,0,0,0.0,478.0,63.0,0.0,0.0,0.0,0,0,1243,2,0.0,0.0,0.0,0.0,0.0,0.0,0.0,0.0,0.0,0.0,0.0,577.0,71.0,0.0,569.0,59.0,0.0,531.0,44.0,0.0,579.0,71.0,,,,25,,Filip,Marschall,Marschall,Has joined Stevenage permanently.,,0,0,0,0,0,0,0,0,0,0,0,0,0,,,,0.0,0.0,0.0,0.0,0.0,0,0,0
36,a,100.0,100.0,4.9,301,46.0,1,-1.0,4,-4.0,11.8,32,12.0,99,2,4.1,61.0,24.0,6,366,3.0,109.0,40.0,0.6,20.2,0.0,2655221,10810,1549705,9038,3.0,3.0,1.02,2.25,3.27,32.12,0.04,0.1,0.14,1.36,486.4,51.0,24.0,359.5,47.0,5.0,183.0,124.0,24.0,102.9,48.0,5.0,1.0,,,25,,Matty,Cash,Cash,,,2131,3,2,7,22,0,0,0,5,0,0,24,156,,,,0.0,0.3,0.93,1.01,5.62,42,91,63
37,a,100.0,100.0,4.5,409,73.0,0,0.0,0,0.0,1.6,150,59.0,72,4,3.1,170.0,64.0,4,282,2.0,181.0,67.0,0.4,16.0,0.0,292745,1002,331953,808,2.0,2.0,0.54,2.21,2.75,20.53,0.04,0.15,0.19,1.41,279.2,172.0,71.0,302.6,75.0,17.0,108.0,213.0,55.0,68.8,138.0,43.0,2.0,2.0,,25,,Lucas,Digne,Digne,,,1309,0,4,6,13,0,0,0,3,0,0,15,102,,,,0.0,0.41,0.89,1.03,5.36,26,52,52
38,a,100.0,100.0,4.4,526,106.0,0,0.0,-1,1.0,7.6,52,16.0,74,2,3.1,169.0,63.0,3,377,3.0,105.0,38.0,0.7,16.8,0.0,579915,3741,1922493,2793,3.0,3.0,0.73,0.49,1.22,34.7,0.03,0.02,0.05,1.46,429.0,68.0,30.0,83.5,259.0,78.0,83.0,249.0,70.0,60.0,172.0,56.0,,,,25,,Ezri,Konsa Ngoyo,Konsa,,,2135,0,0,7,26,0,0,0,0,1,0,24,167,,,,0.0,0.3,1.1,1.01,5.9,16,124,73
39,a,,,4.2,637,149.0,0,0.0,-3,3.0,0.6,248,93.0,28,1,1.5,396.0,143.0,0,163,2.5,133.0,45.0,0.6,6.7,0.0,61601,679,95969,392,2.5,2.5,0.83,1.64,2.47,15.87,0.08,0.15,0.23,1.5,193.8,245.0,100.0,227.9,113.0,30.0,147.0,159.0,32.0,57.1,187.0,61.0,5.0,,,25,,Ian,Maatsen,Maatsen,,,953,0,0,1,14,0,0,0,2,0,0,10,87,,,,0.0,0.09,1.32,0.94,7.08,30,45,61
40,a,100.0,100.0,4.3,577,126.0,0,0.0,-2,2.0,0.6,246,91.0,27,2,3.0,188.0,72.0,1,102,0.8,276.0,103.0,0.2,6.3,0.0,126663,305,189497,108,0.8,0.8,0.42,0.1,0.52,11.22,0.06,0.01,0.07,1.68,144.4,286.0,112.0,45.6,333.0,113.0,32.0,333.0,107.0,22.2,346.0,118.0,,,,25,,Tyrone,Mings,Mings,,,602,0,0,2,7,0,0,0,0,0,0,7,67,,,,0.0,0.3,1.05,1.05,7.62,2,49,17
41,a,100.0,100.0,4.3,586,132.0,0,0.0,-2,2.0,0.3,305,114.0,49,0,3.3,139.0,49.0,2,216,2.5,135.0,47.0,0.6,11.4,0.0,67914,268,91243,263,2.5,2.5,0.59,0.33,0.92,17.12,0.04,0.02,0.06,1.28,235.8,208.0,82.0,36.3,355.0,124.0,51.0,299.0,95.0,32.5,294.0,100.0,,,,25,,Pau,Torres,Pau,,,1206,0,1,4,13,1,0,0,0,0,0,13,114,,,,0.0,0.3,0.97,0.97,6.49,17,70,63
42,i,0.0,0.0,3.9,780,230.0,0,0.0,-1,1.0,0.2,367,133.0,1,0,0.5,506.0,176.0,0,-3,0.0,456.0,179.0,0.0,0.3,0.0,27406,17,39275,170,0.0,0.0,0.0,0.01,0.01,1.52,0.0,0.03,0.03,4.56,0.6,493.0,176.0,1.5,450.0,164.0,0.0,506.0,199.0,0.2,495.0,176.0,,,,25,,Andrés,García,A.García,Hamstring injury - Expected back 21 Feb,,30,0,0,0,2,0,0,0,0,0,0,0,0,,,,0.0,0.0,6.0,0.0,0.0,0,0,2
43,u,0.0,0.0,4.0,661,161.0,0,0.0,0,0.0,1.6,146,57.0,0,0,0.0,570.0,209.0,0,0,0.0,461.0,181.0,0.0,0.0,0.0,44476,0,883000,287,0.0,0.0,0.0,0.0,0.0,0.0,0.0,0.0,0.0,0.0,0.0,561.0,209.0,0.0,551.0,209.0,0.0,512.0,201.0,0.0,563.0,209.0,,,,25,,Álex,Moreno Lopera,Alex Moreno,Has joined Girona permanently.,,0,0,0,0,0,0,0,0,0,0,0,0,0,,,,0.0,0.0,0.0,0.0,0.0,0,0,0
44,a,100.0,100.0,4.0,700,181.0,0,0.0,0,0.0,0.5,254,96.0,25,1,1.2,429.0,153.0,3,79,1.0,258.0,92.0,0.2,6.2,0.0,99537,379,84908,231,1.0,1.0,0.0,0.15,0.15,8.94,0.0,0.02,0.02,1.41,74.4,365.0,138.0,42.9,340.0,117.0,8.0,394.0,144.0,12.5,384.0,136.0,,,,25,,Lamare,Bogarde,Bogarde,,,569,0,0,1,8,0,0,0,5,0,0,6,41,,,,0.0,0.16,1.27,0.95,5.06,14,18,19
45,u,0.0,,3.8,798,247.0,0,0.0,-2,2.0,0.3,317,119.0,0,0,0.0,521.0,190.0,0,0,0.0,407.0,157.0,0.0,0.0,0.0,22076,39,33588,445,0.0,0.0,0.0,0.0,0.0,0.0,0.0,0.0,0.0,0.0,0.0,512.0,190.0,0.0,498.0,188.0,0.0,457.0,178.0,0.0,514.0,190.0,,,,25,,Lino,da Cruz Sousa,Sousa,has joined Rotherham on loan for the rest of the season.,,0,0,0,0,0,0,0,0,0,0,0,0,0,,,,0.0,0.0,0.0,0.0,0.0,0,0,0
46,u,0.0,0.0,4.0,716,194.0,0,0.0,0,0.0,0.1,458,168.0,0,0,0.0,614.0,233.0,0,0,0.0,509.0,208.0,0.0,0.0,0.0,4656,0,20744,13,0.0,0.0,0.0,0.0,0.0,0.0,0.0,0.0,0.0,0.0,0.0,605.0,233.0,0.0,597.0,233.0,0.0,560.0,227.0,0.0,607.0,233.0,,,,25,,Yasin,Özcan,Yasin,has joined Anderlecht on loan for the rest of the season.,,0,0,0,0,0,0,0,0,0,0,0,0,0,,,,0.0,0.0,0.0,0.0,0.0,0,0,0
47,a,100.0,100.0,7.6,20,14.0,0,0.0,6,-6.0,29.9,11,4.0,123,10,4.9,22.0,10.0,13,429,5.5,22.0,14.0,0.7,16.2,0.0,5349311,23037,2681846,30822,5.5,5.5,4.66,2.87,7.53,35.53,0.19,0.12,0.31,1.44,557.6,25.0,7.0,470.3,22.0,21.0,592.0,10.0,4.0,161.9,8.0,6.0,,,,25,,Morgan,Rogers,Rogers,,,2227,8,5,7,27,0,0,0,4,0,0,25,155,,,,0.0,0.28,1.09,1.01,6.26,28,37,90
48,i,0.0,0.0,5.9,92,58.0,0,0.0,-1,1.0,0.7,210,72.0,52,0,3.1,180.0,79.0,3,289,1.2,252.0,106.0,0.2,8.8,0.0,158047,12,333490,2154,0.0,0.0,0.97,2.53,3.5,23.03,0.07,0.18,0.25,1.6,317.2,141.0,48.0,401.3,38.0,36.0,147.0,163.0,93.0,86.6,85.0,51.0,3.0,,,25,,Youri,Tielemans,Tielemans,Ankle injury - Expected back 11 Apr,,1295,0,4,4,17,0,0,0,0,0,0,15,138,,,,0.0,0.28,1.18,1.04,9.59,38,33,67
49,a,100.0,100.0,5.5,143,89.0,0,0.0,0,0.0,0.1,494,175.0,3,1,1.0,495.0,232.0,0,12,0.8,296.0,125.0,0.1,0.5,0.0,3998,143,48671,51,0.8,0.8,0.15,0.31,0.46,0.71,0.14,0.28,0.42,0.64,14.0,447.0,199.0,40.1,346.0,185.0,23.0,356.0,186.0,7.8,416.0,189.0,,,,25,,Leon,Bailey,Bailey,,,100,0,0,0,0,0,0,0,0,0,0,0,12,,,,0.0,0.0,0.0,0.0,10.8,3,1,8
50,a,100.0,100.0,5.3,189,116.0,0,0.0,-2,2.0,0.6,250,85.0,74,1,3.2,157.0,70.0,8,252,4.0,65.0,28.0,0.8,14.0,0.0,201185,1481,156808,1466,4.0,4.0,2.55,1.42,3.97,17.91,0.21,0.12,0.33,1.48,319.0,139.0,47.0,269.8,91.0,67.0,291.0,64.0,40.0,88.0,81.0,48.0,,6.0,2.0,25,,Emiliano,Buendía Stati,Buendía,,,1091,5,2,3,11,0,0,0,3,0,0,13,127,,,,0.0,0.25,0.91,1.07,10.48,33,21,73
51,u,0.0,0.0,5.5,151,94.0,0,0.0,0,0.0,0.0,676,279.0,0,0,0.0,804.0,358.0,0,0,0.0,789.0,350.0,0.0,0.0,0.0,1383,0,3767,2,0.0,0.0,0.0,0.0,0.0,0.0,0.0,0.0,0.0,0.0,0.0,804.0,358.0,0.0,803.0,358.0,0.0,800.0,357.0,0.0,804.0,358.0,,,,25,,Samuel,Iling-Junior,Iling Jr,has joined Pisa on loan for the rest of the season.,,0,0,0,0,0,0,0,0,0,0,0,0,0,,,,0.0,0.0,0.0,0.0,0.0,0,0,0
53,u,0.0,0.0,5.1,228,140.0,0,0.0,-4,4.0,0.4,265,90.0,55,0,2.6,252.0,107.0,3,161,0.0,761.0,332.0,0.0,10.8,0.0,172896,0,334132,514,0.0,0.0,4.03,0.35,4.38,10.59,0.57,0.05,0.62,1.49,183.4,253.0,107.0,99.7,236.0,146.0,290.0,65.0,41.0,56.3,191.0,100.0,,,,25,,Donyell,Malen,Malen,has joined Roma on loan for the rest of the season.,,640,4,2,1,10,0,0,0,0,0,0,5,16,,,,0.0,0.14,1.41,0.7,2.25,4,2,10
54,i,0.0,0.0,5.4,160,98.0,0,0.0,-1,1.0,0.6,239,82.0,71,0,3.2,159.0,72.0,4,289,0.2,386.0,174.0,0.0,13.1,0.0,208025,20,228384,1837,0.0,0.0,2.52,1.96,4.48,26.58,0.14,0.11,0.25,1.5,308.2,149.0,52.0,385.2,43.0,40.0,193.0,116.0,67.0,88.8,77.0,46.0,4.0,,,25,,John,McGinn,McGinn,Knee injury - Expected back 21 Mar,,1591,3,2,7,21,0,0,0,3,0,0,21,126,,,,0.0,0.4,1.19,1.19,7.13,27,29,70
55,a,100.0,100.0,4.8,353,220.0,0,0.0,-2,2.0,0.0,622,243.0,16,1,2.0,326.0,142.0,0,64,0.2,370.0,162.0,0.0,3.3,0.0,4653,66,11846,13,0.2,0.2,0.43,0.16,0.59,1.77,0.3,0.11,0.41,1.25,61.4,384.0,169.0,44.3,337.0,184.0,57.0,290.0,154.0,16.2,368.0,173.0,,,,25,,Ross,Barkley,Barkley,,,127,1,1,0,0,0,0,0,0,0,0,0,19,,,,0.0,0.0,0.0,0.0,13.46,4,5,10
56,u,0.0,0.0,5.0,267,162.0,0,0.0,0,0.0,0.0,817,367.0,0,0,0.0,784.0,343.0,0,0,0.0,749.0,322.0,0.0,0.0,0.0,0,0,34,0,0.0,0.0,0.0,0.0,0.0,0.0,0.0,0.0,0.0,0.0,0.0,784.0,343.0,0.0,782.0,343.0,0.0,774.0,340.0,0.0,784.0,343.0,,,,25,,Enzo,Barrenechea,Barrenechea,Season-long loan to Benfica,,0,0,0,0,0,0,0,0,0,0,0,0,0,,,,0.0,0.0,0.0,0.0,0.0,0,0,0
57,u,0.0,0.0,5.0,261,159.0,0,0.0,0,0.0,0.0,656,267.0,0,0,0.0,780.0,340.0,0,0,0.0,745.0,319.0,0.0,0.0,0.0,889,0,5416,3,0.0,0.0,0.0,0.0,0.0,0.0,0.0,0.0,0.0,0.0,0.0,780.0,340.0,0.0,777.0,340.0,0.0,770.0,337.0,0.0,780.0,340.0,,,,25,,Lewis,Dobbin,Dobbin,Has joined Preston North End on loan for the rest of the season.,,0,0,0,0,0,0,0,0,0,0,0,0,0,,,,0.0,0.0,0.0,0.0,0.0,0,0,0
58,i,0.0,0.0,4.9,316,196.0,0,0.0,-1,1.0,0.2,350,116.0,61,0,3.4,132.0,61.0,7,282,0.0,719.0,300.0,0.0,12.4,0.0,111260,11,112962,507,0.0,0.0,0.53,0.84,1.36,20.8,0.03,0.05,0.08,1.33,325.0,132.0,45.0,241.3,105.0,76.0,75.0,261.0,141.0,64.2,154.0,86.0,,,,25,,Boubacar,Kamara,Kamara,Knee injury - Expected back 01 Jun,,1410,1,3,5,15,0,0,0,5,0,0,17,149,,,,0.0,0.32,0.96,1.09,9.51,38,46,65
59,a,100.0,100.0,4.8,368,229.0,0,0.0,-2,2.0,0.6,227,78.0,55,4,3.4,129.0,58.0,3,245,2.2,158.0,65.0,0.5,11.5,0.0,142768,1041,264866,338,2.2,2.2,0.43,0.24,0.67,18.45,0.04,0.02,0.06,1.56,293.0,164.0,63.0,76.6,270.0,160.0,71.0,266.0,143.0,44.1,237.0,118.0,,,,25,,Amadou,Onana,Onana,,,1064,2,0,4,12,0,0,0,2,0,0,13,147,,,,0.0,0.34,1.02,1.1,12.43,31,71,45
60,u,0.0,,4.4,562,337.0,0,0.0,-1,1.0,0.3,326,110.0,0,0,0.0,678.0,263.0,0,0,0.0,599.0,214.0,0.0,0.0,0.0,38290,7,48347,371,0.0,0.0,0.0,0.0,0.0,0.0,0.0,0.0,0.0,0.0,0.0,672.0,257.0,0.0,667.0,261.0,0.0,641.0,249.0,0.0,674.0,259.0,,,,25,,Ben,Broggio,Broggio,has joined Falkirk on loan for the rest of the season.,,0,0,0,0,0,0,0,0,0,0,0,0,0,,,,0.0,0.0,0.0,0.0,0.0,0,0,0
61,u,0.0,0.0,4.5,411,250.0,0,0.0,0,0.0,0.1,529,191.0,0,0,0.0,685.0,266.0,0,0,0.0,607.0,218.0,0.0,0.0,0.0,2169,0,33507,10,0.0,0.0,0.0,0.0,0.0,0.0,0.0,0.0,0.0,0.0,0.0,680.0,261.0,0.0,674.0,264.0,0.0,649.0,253.0,0.0,682.0,263.0,,,,25,,Leander,Dendoncker,Dendoncker,Has joined Real Oviedo permanently.,,0,0,0,0,0,0,0,0,0,0,0,0,0,,,,0.0,0.0,0.0,0.0,0.0,0,0,0
62,u,0.0,,4.5,474,288.0,0,0.0,0,0.0,0.1,538,195.0,1,0,1.0,469.0,211.0,0,3,0.0,650.0,252.0,0.0,0.2,0.0,8790,6,9579,136,0.0,0.0,0.0,0.0,0.0,0.61,0.0,0.0,0.0,6.86,0.2,499.0,227.0,0.3,476.0,231.0,0.0,692.0,286.0,0.1,501.0,229.0,,,,25,,Jamaldeen,Jimoh-Aloba,Jimoh-Aloba,has joined West Brom on loan for the rest of the season.,,8,0,0,0,0,0,0,0,0,0,0,0,1,,,,0.0,0.0,0.0,0.0,11.25,0,0,1
63,u,0.0,,4.3,607,353.0,0,0.0,-2,2.0,0.6,229,80.0,0,0,0.0,647.0,243.0,0,0,0.0,558.0,188.0,0.0,0.0,0.0,102090,79,115810,1183,0.0,0.0,0.0,0.0,0.0,0.0,0.0,0.0,0.0,0.0,0.0,638.0,234.0,0.0,634.0,239.0,0.0,604.0,224.0,0.0,640.0,236.0,,,,25,,Kadan,Young,Young,has joined Reading on loan for the rest of the season.,,0,0,0,0,0,0,0,0,0,0,0,0,0,,,,0.0,0.0,0.0,0.0,0.0,0,0,0
64,a,100.0,100.0,8.7,8,4.0,0,0.0,-3,3.0,9.5,44,8.0,93,2,3.9,87.0,9.0,11,336,3.0,119.0,16.0,0.3,10.7,0.0,2089800,5546,3950442,19962,3.0,3.0,9.45,0.94,10.39,29.77,0.47,0.05,0.52,1.47,376.0,99.0,9.0,197.5,136.0,8.0,704.0,3.0,3.0,127.6,27.0,5.0,,,3.0,25,,Ollie,Watkins,Watkins,,,1826,8,2,7,23,0,0,0,1,0,0,21,65,,,,0.0,0.35,1.13,1.04,3.2,15,14,36
65,u,0.0,0.0,4.5,484,69.0,0,0.0,0,0.0,0.3,320,53.0,0,0,0.0,727.0,78.0,0,0,0.0,660.0,67.0,0.0,0.0,0.0,17574,0,84462,40,0.0,0.0,0.0,0.0,0.0,0.0,0.0,0.0,0.0,0.0,0.0,725.0,78.0,0.0,720.0,77.0,0.0,701.0,77.0,0.0,726.0,78.0,,,,25,,Zépiqueno,Redmond,Redmond,has joined Huddersfield Town on loan for the rest of the season.,,0,0,0,0,0,0,0,0,0,0,0,0,0,,,,0.0,0.0,0.0,0.0,0.0,0,0,0
389,a,100.0,100.0,5.1,235,144.0,0,0.0,-4,4.0,0.2,388,129.0,5,0,1.0,490.0,228.0,0,17,0.2,379.0,169.0,0.0,1.0,0.0,93387,108,101588,81,0.2,0.2,0.29,0.08,0.37,1.74,0.24,0.07,0.31,1.42,11.8,448.0,200.0,31.7,365.0,188.0,31.0,339.0,178.0,7.4,420.0,190.0,,,,25,,Harvey,Elliott,Elliott,,,110,0,0,0,2,0,0,0,0,0,0,1,6,,,,0.0,0.0,1.64,0.82,4.91,0,2,4
456,a,100.0,100.0,5.8,107,68.0,0,0.0,-2,2.0,0.2,359,120.0,22,5,1.6,391.0,174.0,0,85,2.0,193.0,84.0,0.3,3.8,0.0,42500,567,44541,173,2.0,2.0,0.49,0.84,1.33,8.36,0.09,0.15,0.24,1.47,79.6,355.0,159.0,144.9,183.0,122.0,141.0,172.0,96.0,36.8,274.0,135.0,,,,25,,Jadon,Sancho,Sancho,,,512,0,1,1,4,0,0,0,0,0,0,5,29,,,,0.0,0.18,0.7,0.88,5.1,4,11,14
688,a,,,3.9,764,83.0,0,0.0,-1,1.0,0.6,237,31.0,0,0,0.0,550.0,51.0,0,0,0.0,440.0,42.0,0.0,0.0,0.0,59051,136,41872,159,0.0,0.0,0.0,0.0,0.0,0.0,0.0,0.0,0.0,0.0,0.0,541.0,51.0,0.0,530.0,36.0,0.0,490.0,21.0,0.0,543.0,51.0,,,,25,,James,Wright,Wright,,,0,0,0,0,0,0,0,0,0,0,0,0,0,,,,0.0,0.0,0.0,0.0,0.0,0,0,0
699,a,100.0,100.0,4.9,318,197.0,0,0.0,-1,1.0,0.1,515,184.0,15,2,1.5,405.0,180.0,0,106,1.0,264.0,111.0,0.2,3.1,0.0,20381,316,16115,98,1.0,1.0,0.23,0.9,1.13,6.78,0.04,0.17,0.21,1.27,86.0,346.0,154.0,167.0,163.0,111.0,49.0,302.0,157.0,30.2,305.0,147.0,,,,25,,Douglas Luiz,Soares de Paulo,Douglas Luiz,,,480,0,1,0,9,0,0,0,2,0,0,7,57,,,,0.0,0.0,1.69,1.31,10.69,13,16,28
701,u,0.0,0.0,4.0,712,190.0,0,0.0,0,0.0,0.1,530,189.0,0,0,0.0,611.0,230.0,0,0,0.0,505.0,204.0,0.0,0.0,0.0,8943,0,10587,14,0.0,0.0,0.0,0.0,0.0,0.0,0.0,0.0,0.0,0.0,0.0,602.0,230.0,0.0,594.0,230.0,0.0,557.0,224.0,0.0,604.0,230.0,,,,25,,Triston,Rowe,Rowe,has joined Annecy on loan for the rest of the season.,,0,0,0,0,0,0,0,0,0,0,0,0,0,,,,0.0,0.0,0.0,0.0,0.0,0,0,0
702,a,,,4.4,569,341.0,0,0.0,-1,1.0,0.1,536,194.0,1,0,1.0,464.0,207.0,0,3,0.0,603.0,216.0,0.0,0.2,0.0,9335,35,8533,22,0.0,0.0,0.0,0.0,0.0,0.9,0.0,0.0,0.0,5.06,0.0,676.0,259.0,0.3,475.0,230.0,0.0,645.0,251.0,0.0,678.0,261.0,,,,25,,Bradley,Burrowes,Burrowes,,,16,0,0,0,1,0,0,0,0,0,0,0,1,,,,0.0,0.0,5.62,0.0,5.62,0,0,1
703,a,,,3.9,775,91.0,0,0.0,-1,1.0,0.6,235,30.0,0,0,0.0,561.0,59.0,0,0,0.0,451.0,50.0,0.0,0.0,0.0,83997,318,36674,320,0.0,0.0,0.0,0.0,0.0,0.0,0.0,0.0,0.0,0.0,0.0,552.0,59.0,0.0,541.0,44.0,0.0,501.0,29.0,0.0,554.0,59.0,,,,25,,Sam,Proctor,Proctor,,,0,0,0,0,0,0,0,0,0,0,0,0,0,,,,0.0,0.0,0.0,0.0,0.0,0,0,0
719,a,100.0,100.0,4.5,415,76.0,0,0.0,0,0.0,0.1,461,169.0,21,0,1.9,340.0,126.0,0,91,0.2,366.0,139.0,0.0,4.7,0.0,19147,107,11232,187,0.2,0.2,0.03,0.07,0.1,10.75,0.0,0.01,0.01,1.71,123.8,308.0,117.0,27.2,373.0,133.0,8.0,399.0,149.0,16.0,369.0,129.0,,,,25,,Victor,Lindelöf,Lindelöf,,,566,0,1,1,9,0,0,0,0,0,0,6,36,,,,0.0,0.16,1.43,0.95,5.72,4,32,13
754,a,,,4.5,485,295.0,0,0.0,0,0.0,0.0,756,322.0,2,0,1.0,472.0,214.0,0,5,0.2,367.0,160.0,0.0,0.4,0.0,801,24,493,14,0.2,0.2,0.04,0.01,0.05,0.61,0.14,0.04,0.18,2.2,0.0,726.0,298.0,1.7,449.0,216.0,2.0,438.0,214.0,0.3,491.0,225.0,,,,25,,George,Hemmings,George Hemmings,,,25,0,0,0,0,0,0,0,0,0,0,0,1,,,,0.0,0.0,0.0,0.0,3.6,0,0,1
757,a,,,4.0,702,62.0,0,0.0,0,0.0,0.0,718,83.0,0,0,0.0,602.0,81.0,0,0,0.0,495.0,73.0,0.0,0.0,0.0,1082,9,668,8,0.0,0.0,0.0,0.0,0.0,0.0,0.0,0.0,0.0,0.0,0.0,593.0,81.0,0.0,585.0,69.0,0.0,547.0,54.0,0.0,595.0,81.0,,,,25,,Ronnie,Hollingshead,Hollingshead,,,0,0,0,0,0,0,0,0,0,0,0,0,0,,,,0.0,0.0,0.0,0.0,0.0,0,0,0
768,a,,,4.0,734,211.0,0,0.0,0,0.0,0.0,725,249.0,0,0,0.0,627.0,245.0,0,0,0.0,523.0,221.0,0.0,0.0,0.0,464,18,348,17,0.0,0.0,0.0,0.0,0.0,0.0,0.0,0.0,0.0,0.0,0.0,618.0,245.0,0.0,610.0,245.0,0.0,575.0,241.0,0.0,620.0,245.0,,,,25,,Leon,Routh,Leon Routh,,,0,0,0,0,0,0,0,0,0,0,0,0,0,,,,0.0,0.0,0.0,0.0,0.0,0,0,0
781,a,,,4.0,728,205.0,0,0.0,0,0.0,0.0,747,256.0,0,0,0.0,623.0,241.0,0,0,0.0,519.0,217.0,0.0,0.0,0.0,386,20,174,14,0.0,0.0,0.0,0.0,0.0,0.0,0.0,0.0,0.0,0.0,0.0,614.0,241.0,0.0,606.0,241.0,0.0,570.0,236.0,0.0,616.0,241.0,,,,25,,TJ,Carroll,Carroll,,,0,0,0,0,0,0,0,0,0,0,0,0,0,,,,0.0,0.0,0.0,0.0,0.0,0,0,0
792,i,0.0,0.0,5.0,284,176.0,0,0.0,0,0.0,0.0,810,360.0,0,0,0.0,791.0,348.0,0,0,0.0,759.0,330.0,0.0,0.0,0.0,122,1,102,6,0.0,0.0,0.0,0.0,0.0,0.0,0.0,0.0,0.0,0.0,0.0,791.0,348.0,0.0,789.0,348.0,0.0,783.0,346.0,0.0,791.0,348.0,,,,25,,Alysson Edward Franco,da Rocha dos Santos,Alysson,Knock - Unknown return date,,0,0,0,0,0,0,0,0,0,0,0,0,0,,,,0.0,0.0,0.0,0.0,0.0,0,0,0
808,a,,,6.0,85,27.0,0,0.0,0,0.0,0.3,327,54.0,3,1,1.5,409.0,51.0,0,9,1.5,235.0,33.0,0.2,0.5,0.0,41885,1377,7385,1823,1.5,1.5,0.64,0.08,0.72,0.71,0.61,0.08,0.69,0.68,7.2,458.0,55.0,12.1,402.0,52.0,37.0,324.0,52.0,5.6,429.0,54.0,,,,25,,Tammy,Abraham,Abraham,,,94,0,0,0,1,0,0,0,0,0,0,1,3,,,,0.0,0.0,0.96,0.96,2.87,0,1,2
183,a,,,4.3,604,30.0,0,0.0,-2,2.0,0.1,450,67.0,0,0,0.0,645.0,90.0,0,0,0.0,556.0,85.0,0.0,0.0,0.0,6764,42,16336,41,0.0,0.0,0.0,0.0,0.0,0.0,0.0,0.0,0.0,0.0,0.0,636.0,90.0,0.0,632.0,82.0,0.0,602.0,69.0,0.0,638.0,90.0,,,,25,,Max,Weiß,Weiss,,,0,0,0,0,0,0,0,0,0,0,0,0,0,,,,0.0,0.0,0.0,0.0,0.0,0,0,0
184,u,0.0,0.0,4.0,689,57.0,0,0.0,0,0.0,0.2,396,59.0,0,0,0.0,592.0,76.0,0,0,0.0,484.0,68.0,0.0,0.0,0.0,4943,0,33369,31,0.0,0.0,0.0,0.0,0.0,0.0,0.0,0.0,0.0,0.0,0.0,583.0,76.0,0.0,575.0,64.0,0.0,537.0,49.0,0.0,585.0,76.0,,,,25,,Etienne,Green,Green,has joined FC Fredericia permanently.,,0,0,0,0,0,0,0,0,0,0,0,0,0,,,,0.0,0.0,0.0,0.0,0.0,0,0,0
185,a,,,3.9,736,67.0,0,0.0,-1,1.0,0.2,399,60.0,0,0,0.0,532.0,36.0,0,0,0.0,420.0,27.0,0.0,0.0,0.0,14266,32,19201,46,0.0,0.0,0.0,0.0,0.0,0.0,0.0,0.0,0.0,0.0,0.0,523.0,36.0,0.0,511.0,20.0,0.0,471.0,5.0,0.0,525.0,36.0,,,,25,,Václav,Hladký,Hladký,,,0,0,0,0,0,0,0,0,0,0,0,0,0,,,,0.0,0.0,0.0,0.0,0.0,0,0,0
186,i,0.0,0.0,4.4,525,105.0,0,0.0,-1,1.0,0.0,646,227.0,0,0,0.0,661.0,251.0,0,0,0.0,577.0,235.0,0.0,0.0,0.0,1443,6,8984,2,0.0,0.0,0.0,0.0,0.0,0.0,0.0,0.0,0.0,0.0,0.0,652.0,251.0,0.0,648.0,251.0,0.0,620.0,249.0,0.0,654.0,251.0,,,,25,,Connor,Roberts,Roberts,Achilles injury - Unknown return date,,0,0,0,0,0,0,0,0,0,0,0,0,0,,,,0.0,0.0,0.0,0.0,0.0,0,0,0
187,a,100.0,100.0,4.4,519,100.0,0,0.0,-1,1.0,1.2,181,69.0,50,1,2.1,311.0,117.0,3,157,1.8,203.0,74.0,0.4,11.4,0.0,142554,250,249961,448,1.8,1.8,0.12,0.95,1.07,47.35,0.01,0.04,0.05,1.99,366.2,107.0,48.0,156.7,174.0,44.0,22.0,360.0,122.0,54.7,198.0,65.0,,,,25,,Kyle,Walker,Walker,,,2146,0,2,3,46,0,0,0,8,0,0,24,200,,,,0.0,0.13,1.93,1.01,6.16,36,111,109
188,u,0.0,0.0,3.8,790,239.0,0,0.0,-2,2.0,0.2,353,128.0,0,0,0.0,516.0,185.0,0,0,0.0,401.0,151.0,0.0,0.0,0.0,26052,0,39393,121,0.0,0.0,0.0,0.0,0.0,0.0,0.0,0.0,0.0,0.0,0.0,507.0,185.0,0.0,493.0,183.0,0.0,452.0,173.0,0.0,509.0,185.0,,,,25,,Hannes,Delcroix,Delcroix,has joined Lugano permanently.,,0,0,0,0,0,0,0,0,0,0,0,0,0,,,,0.0,0.0,0.0,0.0,0.0,0,0,0
189,u,0.0,0.0,4.0,681,172.0,0,0.0,0,0.0,0.0,712,244.0,0,0,0.0,585.0,217.0,0,0,0.0,477.0,189.0,0.0,0.0,0.0,0,0,2353,2,0.0,0.0,0.0,0.0,0.0,0.0,0.0,0.0,0.0,0.0,0.0,576.0,217.0,0.0,568.0,217.0,0.0,530.0,210.0,0.0,578.0,217.0,,,,25,,Owen,Dodgson,Dodgson,Has joined Stockport County on loan for the rest of the season.,,0,0,0,0,0,0,0,0,0,0,0,0,0,,,,0.0,0.0,0.0,0.0,0.0,0,0,0
190,a,,,3.9,763,223.0,0,0.0,-1,1.0,0.8,201,77.0,44,0,2.9,202.0,78.0,2,121,0.2,351.0,128.0,0.1,11.3,0.0,245888,43,195139,462,0.2,0.2,0.21,0.24,0.45,22.73,0.02,0.02,0.04,1.74,273.8,178.0,74.0,43.1,339.0,116.0,78.0,255.0,73.0,39.5,261.0,88.0,,,,25,,Hjalmar,Ekdal,Ekdal,,,1179,0,0,2,24,0,0,0,0,0,0,13,146,,,,0.0,0.15,1.83,0.99,10.08,19,113,31
191,a,100.0,100.0,3.9,762,222.0,0,0.0,-1,1.0,8.1,48,15.0,54,1,2.5,259.0,99.0,0,177,2.2,152.0,55.0,0.6,13.8,0.0,730500,1279,1871825,2523,2.2,2.2,0.42,0.52,0.94,43.89,0.02,0.02,0.04,2.1,460.8,57.0,25.0,85.9,255.0,77.0,68.0,268.0,78.0,61.7,161.0,53.0,,,,25,,Maxime,Estève,Estève,,,1879,0,0,2,45,2,0,0,0,0,0,22,235,,,,0.0,0.1,2.16,1.05,10.01,26,183,64
192,a,,,4.0,692,177.0,0,0.0,0,0.0,0.7,217,82.0,46,0,3.1,166.0,60.0,0,170,0.0,487.0,193.0,0.0,11.5,0.0,181991,147,167329,530,0.0,0.0,0.19,1.51,1.7,30.28,0.01,0.1,0.11,2.04,305.4,154.0,66.0,228.9,112.0,29.0,57.0,289.0,88.0,59.2,176.0,57.0,1.0,,,25,,Quilindschy,Hartman,Hartman,,,1337,0,5,2,28,0,0,0,1,0,0,15,124,,,,0.0,0.13,1.88,1.01,7.0,31,73,49
193,a,100.0,100.0,3.9,757,219.0,0,0.0,-1,1.0,0.1,431,160.0,26,0,2.9,201.0,77.0,1,116,2.0,176.0,63.0,0.5,6.7,0.0,16145,56,11213,127,2.0,2.0,0.17,0.49,0.66,14.52,0.02,0.06,0.08,1.85,183.2,254.0,104.0,64.9,290.0,94.0,27.0,345.0,112.0,27.4,317.0,108.0,,,,25,,Bashir,Humphreys,Humphreys,,,707,0,1,1,15,0,0,0,3,0,0,7,69,,,,0.0,0.13,1.91,0.89,8.78,16,53,24
195,a,100.0,100.0,3.8,807,256.0,0,0.0,-2,2.0,0.3,316,118.0,16,1,1.5,395.0,142.0,0,72,1.8,200.0,72.0,0.5,4.2,0.0,43022,386,31580,176,1.8,1.8,0.31,0.92,1.23,17.76,0.03,0.1,0.13,1.86,144.4,285.0,111.0,170.4,160.0,41.0,55.0,294.0,91.0,36.9,272.0,90.0,,,,25,,Lucas,Pires Silva,Lucas Pires,,,861,0,0,1,19,0,0,0,0,1,0,10,61,,,,0.0,0.1,1.99,1.05,6.38,22,39,49
196,u,0.0,0.0,4.0,679,170.0,0,0.0,0,0.0,0.0,613,220.0,0,0,0.0,584.0,216.0,0,0,0.0,476.0,188.0,0.0,0.0,0.0,202,0,9594,2,0.0,0.0,0.0,0.0,0.0,0.0,0.0,0.0,0.0,0.0,0.0,575.0,216.0,0.0,567.0,216.0,0.0,529.0,209.0,0.0,577.0,216.0,,,,25,,Shurandy,Sambo,Sambo,has joined Sparta Rotterdam on loan for the rest of the season.,,0,0,0,0,0,0,0,0,0,0,0,0,0,,,,0.0,0.0,0.0,0.0,0.0,0,0,0
197,u,0.0,0.0,3.8,801,250.0,0,0.0,-2,2.0,0.2,344,125.0,13,0,1.9,338.0,124.0,0,20,0.0,410.0,160.0,0.0,3.4,0.0,34622,0,27549,458,0.0,0.0,0.55,0.08,0.63,3.79,0.3,0.04,0.34,2.08,44.8,399.0,150.0,18.1,387.0,140.0,30.0,342.0,110.0,9.2,408.0,146.0,,,,25,,Oliver,Sonne,Sonne,has joined Sparta Prague on loan for the rest of the season.,,164,1,0,0,4,0,0,0,0,0,0,1,10,,,,0.0,0.0,2.2,0.55,3.84,2,5,4
198,a,100.0,100.0,3.9,747,213.0,0,0.0,-1,1.0,1.0,189,73.0,27,0,2.5,258.0,98.0,0,81,2.2,151.0,54.0,0.6,6.9,0.0,136445,173,283320,264,2.2,2.2,0.61,0.11,0.72,24.88,0.06,0.01,0.07,2.41,225.2,216.0,85.0,9.8,420.0,150.0,52.0,297.0,93.0,28.9,311.0,106.0,,,,25,,Axel,Tuanzebe,Tuanzebe,,,931,1,0,1,22,1,0,0,1,0,0,11,106,,,,0.0,0.1,2.13,1.06,9.38,12,85,29
199,a,100.0,100.0,3.8,786,235.0,0,0.0,-2,2.0,0.1,418,152.0,7,0,1.2,427.0,151.0,0,19,0.0,398.0,148.0,0.0,1.8,0.0,18223,45,21912,38,0.0,0.0,0.0,0.02,0.02,3.95,0.0,0.01,0.01,2.31,42.4,401.0,151.0,0.8,461.0,169.0,2.0,427.0,158.0,4.6,442.0,159.0,,,,25,,Joe,Worrall,Worrall,,,154,0,0,0,3,0,0,0,0,0,0,1,24,,,,0.0,0.0,1.75,0.58,13.44,2,21,4
200,a,100.0,100.0,5.0,260,158.0,0,0.0,-5,5.0,1.8,138,45.0,76,2,3.2,155.0,69.0,5,302,1.8,209.0,88.0,0.4,15.2,0.0,1204494,408,1070484,1455,1.8,1.8,2.99,1.57,4.56,34.59,0.17,0.09,0.26,1.98,354.0,112.0,36.0,313.4,69.0,52.0,329.0,51.0,31.0,99.6,58.0,38.0,2.0,,,25,,Jaidon,Anthony,Anthony,,,1575,5,2,3,34,0,0,0,4,0,0,19,145,,,,0.0,0.17,1.94,1.09,8.29,26,31,88
201,u,0.0,0.0,5.4,163,100.0,0,0.0,-1,1.0,0.0,699,292.0,0,0,0.0,795.0,351.0,0,0,0.0,775.0,340.0,0.0,0.0,0.0,1070,0,3132,3,0.0,0.0,0.0,0.0,0.0,0.0,0.0,0.0,0.0,0.0,0.0,795.0,351.0,0.0,794.0,351.0,0.0,790.0,350.0,0.0,795.0,351.0,,,,25,,Manuel,Benson Hedilazio,Benson,has joined Maccabi Haifa permanently.,,0,0,0,0,0,0,0,0,0,0,0,0,0,,,,0.0,0.0,0.0,0.0,0.0,0,0,0
202,a,100.0,100.0,5.3,188,115.0,0,0.0,-2,2.0,0.0,623,244.0,33,1,1.6,389.0,173.0,0,99,0.5,338.0,152.0,0.1,6.2,0.0,5609,11,8165,19,0.5,0.5,1.18,1.06,2.24,20.39,0.12,0.11,0.23,2.07,106.0,324.0,145.0,178.6,153.0,106.0,123.0,197.0,109.0,40.8,258.0,128.0,3.0,1.0,3.0,25,,Jacob,Bruun Larsen,Bruun Larsen,,,887,0,1,3,23,0,0,0,0,0,0,9,54,,,,0.0,0.3,2.33,0.91,5.48,11,16,27
203,a,,,4.7,394,246.0,0,0.0,-3,3.0,0.0,595,225.0,0,0,0.0,755.0,322.0,0,0,0.0,697.0,286.0,0.0,0.0,0.0,3686,38,6779,35,0.0,0.0,0.0,0.0,0.0,0.0,0.0,0.0,0.0,0.0,0.0,755.0,322.0,0.0,750.0,322.0,0.0,735.0,316.0,0.0,755.0,322.0,,,,25,,Enock,Agyei,Boateng,,,0,0,0,0,0,0,0,0,0,0,0,0,0,,,,0.0,0.0,0.0,0.0,0.0,0,0,0
204,u,0.0,0.0,4.9,323,200.0,0,0.0,-1,1.0,0.0,715,300.0,0,0,0.0,766.0,329.0,0,0,0.0,721.0,302.0,0.0,0.0,0.0,160,0,2072,3,0.0,0.0,0.0,0.0,0.0,0.0,0.0,0.0,0.0,0.0,0.0,766.0,329.0,0.0,762.0,329.0,0.0,752.0,325.0,0.0,766.0,329.0,,,,25,,Darko,Churlinov,Churlinov,has joined Kocaelispor  permanently.,,0,0,0,0,0,0,0,0,0,0,0,0,0,,,,0.0,0.0,0.0,0.0,0.0,0,0,0
205,i,0.0,0.0,4.9,298,185.0,0,0.0,-1,1.0,0.9,194,64.0,70,0,3.9,79.0,38.0,8,321,0.0,712.0,296.0,0.0,14.3,0.0,568096,4,529638,765,0.0,0.0,0.94,1.36,2.3,32.5,0.06,0.08,0.14,1.93,342.0,117.0,39.0,218.1,118.0,83.0,98.0,228.0,125.0,66.0,147.0,81.0,,,,25,,Josh,Cullen,Cullen,Knee injury - Expected back 30 Sep,,1513,2,2,3,29,1,0,0,2,0,0,18,173,,,,0.0,0.18,1.73,1.07,10.29,32,68,73
206,a,,,4.7,383,239.0,0,0.0,-3,3.0,0.1,430,145.0,36,2,2.4,276.0,116.0,2,131,3.8,72.0,30.0,0.8,7.7,0.0,21917,303,18245,221,3.8,3.8,1.23,1.54,2.77,14.26,0.16,0.2,0.36,1.82,141.0,289.0,127.0,216.8,120.0,85.0,166.0,138.0,80.0,52.3,207.0,105.0,,3.0,,25,,Marcus,Edwards,Edwards,,,705,1,2,1,12,0,0,0,0,0,0,7,39,,,,0.0,0.13,1.53,0.89,4.98,6,5,28
207,a,100.0,100.0,4.7,390,243.0,0,0.0,-3,3.0,0.1,473,163.0,26,2,1.5,401.0,176.0,0,112,1.0,261.0,109.0,0.2,5.5,0.0,13960,82,23355,52,1.0,1.0,0.31,1.0,1.31,14.29,0.05,0.16,0.21,2.35,72.4,369.0,163.0,163.0,168.0,115.0,37.0,320.0,168.0,27.3,320.0,154.0,,4.0,,25,,Hannibal,Mejbri,Hannibal,,,548,0,2,1,14,0,0,0,4,0,0,6,46,,,,0.0,0.16,2.3,0.99,7.55,11,5,30
208,u,0.0,0.0,5.0,266,161.0,0,0.0,0,0.0,0.0,726,306.0,0,0,0.0,783.0,342.0,0,0,0.0,748.0,321.0,0.0,0.0,0.0,68,0,3015,1,0.0,0.0,0.0,0.0,0.0,0.0,0.0,0.0,0.0,0.0,0.0,783.0,342.0,0.0,781.0,342.0,0.0,773.0,339.0,0.0,783.0,342.0,,,,25,,Luca,Koleosho,Koleosho,has joined Paris FC on loan for the rest of the season.,,0,0,0,0,0,0,0,0,0,0,0,0,0,,,,0.0,0.0,0.0,0.0,0.0,0,0,0
209,a,,,4.8,354,221.0,0,0.0,-2,2.0,0.0,606,233.0,43,0,2.0,327.0,143.0,1,187,0.5,328.0,143.0,0.1,9.0,0.0,5509,27,5675,39,0.5,0.5,0.51,0.28,0.79,26.13,0.04,0.02,0.06,2.01,230.4,212.0,92.0,102.7,234.0,145.0,75.0,260.0,140.0,40.9,256.0,127.0,,,,25,,Josh,Laurent,Laurent,,,1169,1,0,1,28,0,0,0,5,0,0,11,133,,,,0.0,0.08,2.16,0.85,10.24,31,63,39
210,a,,,4.9,335,208.0,0,0.0,-1,1.0,0.0,624,245.0,35,1,1.8,359.0,160.0,0,115,0.8,285.0,121.0,0.2,7.1,0.0,4681,14,5706,6,0.8,0.8,0.86,0.45,1.31,14.54,0.1,0.05,0.15,1.64,86.6,345.0,153.0,78.3,266.0,158.0,101.0,222.0,122.0,26.6,327.0,156.0,,2.0,,25,,Loum,Tchaouna,Tchaouna,,,797,1,1,2,12,0,0,0,1,0,0,9,47,,,,0.0,0.23,1.36,1.02,5.31,13,11,23
211,u,0.0,0.0,4.4,541,322.0,0,0.0,-1,1.0,1.5,155,52.0,0,0,0.0,665.0,254.0,0,0,0.0,583.0,202.0,0.0,0.0,0.0,62789,0,927417,239,0.0,0.0,0.0,0.0,0.0,0.0,0.0,0.0,0.0,0.0,0.0,656.0,245.0,0.0,652.0,250.0,0.0,624.0,236.0,0.0,658.0,247.0,,,,25,,Aaron,Ramsey,A.Ramsey,has joined Leicester City on loan for the rest of the season.,,0,0,0,0,0,0,0,0,0,0,0,0,0,,,,0.0,0.0,0.0,0.0,0.0,0,0,0
212,u,0.0,0.0,4.5,481,292.0,0,0.0,0,0.0,0.0,757,323.0,0,0,0.0,726.0,299.0,0,0,0.0,657.0,256.0,0.0,0.0,0.0,0,0,2743,1,0.0,0.0,0.0,0.0,0.0,0.0,0.0,0.0,0.0,0.0,0.0,724.0,297.0,0.0,719.0,298.0,0.0,699.0,290.0,0.0,725.0,298.0,,,,25,,Oluwaseun,Adewumi,Adewumi,Has joined Cercle Brugge on loan for the rest of the season.,,0,0,0,0,0,0,0,0,0,0,0,0,0,,,,0.0,0.0,0.0,0.0,0.0,0,0,0
213,u,0.0,0.0,4.5,468,284.0,0,0.0,0,0.0,0.0,608,234.0,1,0,1.0,467.0,209.0,0,2,0.0,645.0,248.0,0.0,0.2,0.0,7482,0,8628,42,0.0,0.0,0.0,0.0,0.0,0.05,0.0,0.0,0.0,0.5,0.0,713.0,290.0,0.5,467.0,224.0,0.0,687.0,282.0,0.0,714.0,291.0,,,,25,,Jaydon,Banel,Banel,has joined Derby County on loan for the rest of the season.,,9,0,0,0,0,0,0,0,0,0,0,0,0,,,,0.0,0.0,0.0,0.0,0.0,0,0,0
214,i,0.0,0.0,4.4,538,321.0,0,0.0,-1,1.0,0.1,559,206.0,4,0,1.0,457.0,200.0,0,10,0.0,581.0,201.0,0.0,0.9,0.0,11712,4,15299,30,0.0,0.0,0.0,0.0,0.0,0.46,0.0,0.0,0.0,2.18,0.6,494.0,225.0,0.4,470.0,226.0,2.0,435.0,212.0,0.3,490.0,224.0,,,,25,,Mike,Trésor Ndayishimiye,Trésor,Ankle injury - Unknown return date,,19,0,0,0,1,0,0,0,0,0,0,0,2,,,,0.0,0.0,4.74,0.0,9.47,0,0,2
215,a,100.0,100.0,5.3,196,47.0,0,0.0,-2,2.0,0.3,330,55.0,45,2,2.6,253.0,28.0,3,162,0.8,293.0,41.0,0.2,8.5,0.0,144315,137,139880,251,0.8,0.8,3.71,0.18,3.89,15.61,0.44,0.02,0.46,1.87,212.2,229.0,20.0,65.8,288.0,30.0,279.0,68.0,24.0,54.7,200.0,23.0,,,1.0,25,,Zian,Flemming,Flemming,,,753,5,0,2,13,0,0,0,3,0,0,9,37,,,,0.0,0.24,1.55,1.08,4.42,6,17,14
216,i,0.0,0.0,4.8,371,63.0,0,0.0,-2,2.0,0.0,663,82.0,0,0,0.0,758.0,83.0,0,0,0.0,705.0,73.0,0.0,0.0,0.0,1849,8,6066,5,0.0,0.0,0.0,0.0,0.0,0.0,0.0,0.0,0.0,0.0,0.0,758.0,83.0,0.0,753.0,82.0,0.0,741.0,82.0,0.0,758.0,83.0,,,,25,,Zeki,Amdouni,Amdouni,Knee injury - Expected back 25 Apr,,0,0,0,0,0,0,0,0,0,0,0,0,0,,,,0.0,0.0,0.0,0.0,0.0,0,0,0
217,a,100.0,100.0,4.9,326,60.0,0,0.0,-1,1.0,0.8,204,32.0,45,1,2.5,267.0,29.0,4,167,2.2,161.0,22.0,0.4,9.2,0.0,443286,554,431476,492,2.2,2.2,2.25,0.26,2.51,20.87,0.2,0.02,0.22,1.87,175.2,259.0,22.0,110.2,219.0,24.0,163.0,144.0,35.0,44.2,235.0,28.0,,,,25,,Lyle,Foster,Foster,,,1002,3,1,3,22,0,0,0,3,0,0,12,58,,,,0.0,0.27,1.98,1.08,5.21,11,18,29
218,a,,,4.2,624,87.0,0,0.0,-3,3.0,1.4,161,27.0,1,0,1.0,450.0,56.0,0,3,-0.2,817.0,91.0,0.0,0.2,0.0,194813,1959,311466,853,-0.2,-0.2,0.11,0.0,0.11,0.41,1.1,0.0,1.1,4.1,0.2,498.0,62.0,0.3,473.0,60.0,7.0,405.0,57.0,0.8,475.0,58.0,,,2.0,25,,Ashley,Barnes,Barnes,,,9,0,0,0,1,0,0,0,1,0,0,0,1,,,,0.0,0.0,10.0,0.0,10.0,0,0,1
219,u,0.0,0.0,4.4,528,75.0,0,0.0,-1,1.0,0.1,460,66.0,0,0,0.0,662.0,68.0,0,0,0.0,579.0,57.0,0.0,0.0,0.0,4151,0,40351,17,0.0,0.0,0.0,0.0,0.0,0.0,0.0,0.0,0.0,0.0,0.0,653.0,68.0,0.0,649.0,67.0,0.0,621.0,67.0,0.0,655.0,68.0,,,,25,,Michael,Obafemi,Obafemi,has joined Blackpool on loan for the rest of the season.,,0,0,0,0,0,0,0,0,0,0,0,0,0,,,,0.0,0.0,0.0,0.0,0.0,0,0,0
470,a,100.0,100.0,4.0,659,41.0,0,0.0,0,0.0,32.9,9,2.0,75,1,3.0,185.0,16.0,7,342,3.0,102.0,10.0,0.8,18.8,0.0,1609041,5211,1283330,7293,3.0,3.0,0.0,0.03,0.03,49.92,0.0,0.0,0.0,2.0,750.8,4.0,1.0,0.0,549.0,48.0,0.0,510.0,33.0,75.3,115.0,1.0,,,,25,,Martin,Dúbravka,Dúbravka,,,2250,0,0,3,49,0,0,0,1,0,99,25,96,,,,3.96,0.12,1.96,1.0,0.0,1,48,202
614,a,100.0,0.0,5.6,125,77.0,0,0.0,-4,4.0,0.2,384,127.0,11,0,2.2,304.0,131.0,0,82,0.0,792.0,351.0,0.0,2.0,0.0,16608,45,46072,133,0.0,0.0,0.13,0.91,1.04,7.27,0.03,0.2,0.23,1.58,56.6,392.0,174.0,176.3,156.0,108.0,6.0,414.0,201.0,23.9,338.0,162.0,,,,25,,James,Ward-Prowse,Ward-Prowse,,,414,0,0,1,11,0,0,0,0,0,0,5,22,,,,0.0,0.22,2.39,1.09,4.78,4,9,9
676,a,100.0,100.0,5.0,273,167.0,0,0.0,0,0.0,0.1,442,150.0,70,2,2.9,208.0,85.0,5,264,2.2,162.0,66.0,0.4,14.0,0.0,38965,98,33456,154,2.2,2.2,2.12,0.25,2.37,37.08,0.12,0.01,0.13,2.05,315.0,143.0,49.0,129.7,199.0,131.0,175.0,129.0,75.0,61.7,162.0,88.0,,,,25,,Lesley,Ugochukwu,Ugochukwu,,,1624,3,1,3,35,0,0,0,1,1,0,19,160,,,,0.0,0.17,1.94,1.05,8.87,39,46,75
680,a,100.0,100.0,5.2,213,49.0,0,0.0,-3,3.0,0.2,361,58.0,38,1,2.0,331.0,36.0,2,105,1.5,229.0,32.0,0.3,7.3,0.0,46537,117,51020,321,1.5,1.5,2.1,0.13,2.23,20.84,0.23,0.01,0.24,2.33,96.2,335.0,34.0,61.9,297.0,32.0,203.0,106.0,28.0,35.8,279.0,33.0,,,,25,,Armando,Broja,Broja,,,805,1,1,1,25,0,0,0,0,0,0,8,41,,,,0.0,0.11,2.8,0.89,4.58,6,11,24
722,a,,,5.0,252,153.0,0,0.0,0,0.0,0.0,596,226.0,63,0,3.0,195.0,82.0,0,266,3.2,92.0,40.0,0.6,12.6,0.0,14016,93,11404,74,3.2,3.2,0.55,0.39,0.94,35.8,0.03,0.02,0.05,2.04,312.4,145.0,50.0,169.2,162.0,110.0,44.0,311.0,163.0,52.9,202.0,103.0,,,,25,,Florentino Ibrain,Morris Luís,Florentino,,,1577,0,2,2,35,0,0,0,4,0,0,19,232,,,,0.0,0.11,2.0,1.08,13.24,74,76,82
784,a,,,4.5,517,320.0,0,0.0,0,0.0,0.0,799,353.0,0,0,0.0,752.0,320.0,0,0,0.0,690.0,282.0,0.0,0.0,0.0,269,8,177,7,0.0,0.0,0.0,0.0,0.0,0.0,0.0,0.0,0.0,0.0,0.0,752.0,320.0,0.0,746.0,320.0,0.0,728.0,314.0,0.0,752.0,320.0,,,,25,,George,Brierley,Brierley,,,0,0,0,0,0,0,0,0,0,0,0,0,0,,,,0.0,0.0,0.0,0.0,0.0,0,0,0
66,u,0.0,0.0,4.5,407,21.0,0,0.0,0,0.0,0.1,562,77.0,0,0,0.0,684.0,92.0,0,0,0.0,606.0,88.0,0.0,0.0,0.0,0,0,16396,6,0.0,0.0,0.0,0.0,0.0,0.0,0.0,0.0,0.0,0.0,0.0,679.0,92.0,0.0,673.0,84.0,0.0,648.0,72.0,0.0,681.0,92.0,,,,25,,Norberto,Murara Neto,Neto,Has joined Botafogo permanently.,,0,0,0,0,0,0,0,0,0,0,0,0,0,,,,0.0,0.0,0.0,0.0,0.0,0,0,0
67,a,,,4.5,435,24.0,0,0.0,0,0.0,4.3,81,14.0,73,3,2.9,205.0,19.0,3,292,4.0,58.0,6.0,0.9,16.2,0.0,823394,2756,699272,2009,4.0,4.0,0.0,0.0,0.0,35.16,0.0,0.0,0.0,1.41,544.2,28.0,10.0,0.0,689.0,87.0,0.0,666.0,75.0,54.7,199.0,10.0,,,,25,,Đorđe,Petrović,Petrović,,,2250,0,0,6,44,1,0,0,2,0,75,25,98,,,,3.0,0.24,1.76,1.0,0.0,0,47,196
68,u,0.0,0.0,4.0,678,51.0,0,0.0,0,0.0,0.8,208,26.0,0,0,0.0,583.0,70.0,0,0,0.0,475.0,62.0,0.0,0.0,0.0,47217,0,81637,331,0.0,0.0,0.0,0.0,0.0,0.0,0.0,0.0,0.0,0.0,0.0,574.0,70.0,0.0,566.0,58.0,0.0,528.0,43.0,0.0,576.0,70.0,,,,25,,Will,Dennis,Dennis,has joined Leyton Orient on loan for the rest of the season.,,0,0,0,0,0,0,0,0,0,0,0,0,0,,,,0.0,0.0,0.0,0.0,0.0,0,0,0
69,a,,,3.9,777,92.0,0,0.0,-1,1.0,0.2,343,49.0,0,0,0.0,563.0,60.0,0,0,0.0,453.0,51.0,0.0,0.0,0.0,18489,164,16951,91,0.0,0.0,0.0,0.0,0.0,0.0,0.0,0.0,0.0,0.0,0.0,554.0,60.0,0.0,543.0,45.0,0.0,503.0,30.0,0.0,556.0,60.0,,,,25,,Callan,McKenna,McKenna,,,0,0,0,0,0,0,0,0,0,0,0,0,0,,,,0.0,0.0,0.0,0.0,0.0,0,0,0
70,u,0.0,0.0,4.0,693,58.0,0,0.0,0,0.0,0.1,565,78.0,0,0,0.0,595.0,77.0,0,0,0.0,488.0,69.0,0.0,0.0,0.0,1107,0,10270,9,0.0,0.0,0.0,0.0,0.0,0.0,0.0,0.0,0.0,0.0,0.0,586.0,77.0,0.0,578.0,65.0,0.0,540.0,50.0,0.0,588.0,77.0,,,,25,,Alex,Paulsen,Paulsen,Has joined Lechia Gdansk on loan for the rest of the season.,,0,0,0,0,0,0,0,0,0,0,0,0,0,,,,0.0,0.0,0.0,0.0,0.0,0,0,0
71,u,0.0,0.0,5.0,264,41.0,0,0.0,0,0.0,0.0,662,231.0,0,0,0.0,782.0,262.0,0,0,0.0,747.0,256.0,0.0,0.0,0.0,0,0,8185,4,0.0,0.0,0.0,0.0,0.0,0.0,0.0,0.0,0.0,0.0,0.0,782.0,262.0,0.0,780.0,262.0,0.0,772.0,261.0,0.0,782.0,262.0,,,,25,,Illia,Zabarnyi,Zabarnyi,Has joined Paris Saint-Germain permanently.,,0,0,0,0,0,0,0,0,0,0,0,0,0,,,,0.0,0.0,0.0,0.0,0.0,0,0,0
72,a,100.0,100.0,4.8,362,61.0,0,0.0,3,-3.0,15.5,21,8.0,104,2,4.3,45.0,15.0,6,336,4.0,60.0,23.0,0.8,21.7,0.0,4509046,15207,2872256,7487,4.0,4.0,1.24,3.96,5.2,33.21,0.05,0.17,0.22,1.41,773.8,3.0,1.0,290.8,82.0,20.0,146.0,165.0,35.0,121.2,34.0,1.0,,,,25,,Marcos,Senesi Barón,Senesi,,,2118,0,4,6,43,0,0,0,7,0,0,24,340,,,,0.0,0.25,1.83,1.02,12.62,43,254,102
73,a,100.0,100.0,4.4,518,99.0,0,0.0,-1,1.0,0.2,378,139.0,28,1,2.0,324.0,123.0,0,78,2.0,180.0,66.0,0.5,6.4,0.0,24476,95,39823,67,2.0,2.0,0.0,0.11,0.11,12.36,0.0,0.01,0.01,1.53,82.6,351.0,132.0,32.3,363.0,128.0,18.0,372.0,128.0,13.3,380.0,134.0,,,,25,,Adam,Smith,Smith,,,725,0,1,3,15,0,0,0,2,0,0,10,44,,,,0.0,0.37,1.86,1.24,5.09,7,34,18
74,a,,,4.5,451,92.0,0,0.0,0,0.0,1.7,143,56.0,82,2,3.3,142.0,52.0,7,305,3.8,70.0,26.0,0.8,18.2,0.0,507195,1196,390365,1179,3.8,3.8,0.33,1.22,1.55,32.86,0.01,0.05,0.06,1.34,504.0,44.0,19.0,327.4,62.0,12.0,89.0,241.0,65.0,92.0,71.0,14.0,,,,25,,Adrien,Truffert,Truffert,,,2208,0,1,6,41,0,0,0,3,0,0,25,252,,,,0.0,0.24,1.67,1.02,8.23,69,133,121
75,d,25.0,25.0,3.8,802,251.0,0,0.0,-2,2.0,0.2,375,137.0,0,0,0.0,524.0,193.0,0,0,0.0,411.0,161.0,0.0,0.0,0.0,13924,39,31635,58,0.0,0.0,0.0,0.0,0.0,0.0,0.0,0.0,0.0,0.0,0.0,515.0,193.0,0.0,501.0,191.0,0.0,460.0,181.0,0.0,517.0,193.0,,,,25,,Matai,Akinmboni,Akinmboni,Muscle injury - 25% chance of playing,,0,0,0,0,0,0,0,0,0,0,0,0,0,,,,0.0,0.0,0.0,0.0,0.0,0,0,0
76,a,,,3.8,800,249.0,0,0.0,-2,2.0,0.2,385,143.0,0,0,0.0,523.0,192.0,0,0,0.0,409.0,159.0,0.0,0.0,0.0,12863,197,17774,58,0.0,0.0,0.0,0.0,0.0,0.0,0.0,0.0,0.0,0.0,0.0,514.0,192.0,0.0,500.0,190.0,0.0,459.0,180.0,0.0,516.0,192.0,,,,25,,Owen,Bevan,Bevan,,,0,0,0,0,0,0,0,0,0,0,0,0,0,,,,0.0,0.0,0.0,0.0,0.0,0,0,0
77,a,,,3.9,759,220.0,0,0.0,-1,1.0,1.6,148,58.0,50,7,3.1,165.0,59.0,0,151,5.5,19.0,5.0,1.4,12.8,0.0,236998,12939,132616,406,5.5,5.5,0.23,0.54,0.76,11.86,0.02,0.05,0.07,1.15,250.4,195.0,79.0,58.7,308.0,104.0,57.0,288.0,87.0,36.7,275.0,92.0,,,,25,,James,Hill,Hill,,,932,0,2,3,14,0,0,0,2,0,0,9,118,,,,0.0,0.29,1.35,0.87,10.53,18,91,28
78,u,0.0,0.0,3.8,792,241.0,0,0.0,-2,2.0,0.6,249,94.0,0,0,0.0,517.0,186.0,0,0,0.0,402.0,152.0,0.0,0.0,0.0,47440,0,128496,289,0.0,0.0,0.0,0.0,0.0,0.0,0.0,0.0,0.0,0.0,0.0,508.0,186.0,0.0,494.0,184.0,0.0,453.0,174.0,0.0,510.0,186.0,,,,25,,Julián,Araujo Zúñiga,J.Araujo,has joined Celtic on loan for the rest of the season.,,0,0,0,0,0,0,0,0,0,0,0,0,0,,,,0.0,0.0,0.0,0.0,0.0,0,0,0
79,u,0.0,0.0,4.0,671,167.0,0,0.0,0,0.0,0.1,537,193.0,0,0,0.0,576.0,213.0,0,0,0.0,468.0,185.0,0.0,0.0,0.0,1400,0,16578,7,0.0,0.0,0.0,0.0,0.0,0.0,0.0,0.0,0.0,0.0,0.0,567.0,213.0,0.0,559.0,213.0,0.0,521.0,206.0,0.0,569.0,213.0,,,,25,,Chris,Mepham,Mepham,has joined West Bromwich Albion permanently.,,0,0,0,0,0,0,0,0,0,0,0,0,0,,,,0.0,0.0,0.0,0.0,0.0,0,0,0
80,i,0.0,0.0,4.0,713,191.0,0,0.0,0,0.0,0.2,365,132.0,3,0,1.0,445.0,163.0,0,2,0.0,506.0,205.0,0.0,0.8,0.0,17250,6,31383,149,0.0,0.0,0.0,0.0,0.0,1.62,0.0,0.0,0.0,4.29,1.8,481.0,173.0,2.5,445.0,162.0,2.0,429.0,160.0,0.6,480.0,170.0,,,,25,,Julio,Soler Barreto,Soler,Hamstring injury - Expected back 01 Jun,,34,0,0,0,2,0,0,0,0,0,0,0,1,,,,0.0,0.0,5.29,0.0,2.65,1,0,4
81,i,0.0,0.0,7.0,37,22.0,0,0.0,0,0.0,0.6,228,79.0,40,0,2.2,306.0,133.0,3,147,0.0,812.0,365.0,0.0,5.7,0.0,190014,23,247288,358,0.0,0.0,2.24,1.54,3.78,16.78,0.22,0.15,0.37,1.65,146.6,283.0,125.0,304.1,72.0,55.0,128.0,189.0,105.0,57.8,184.0,98.0,4.0,2.0,1.0,25,,Justin,Kluivert,Kluivert,Knee injury - Expected back 09 May,,914,2,0,4,18,0,0,0,4,0,0,10,62,,,,0.0,0.39,1.77,0.98,6.11,10,8,44
84,i,0.0,0.0,5.3,190,117.0,-1,1.0,-2,2.0,1.3,171,57.0,94,0,4.3,47.0,24.0,8,341,2.0,190.0,81.0,0.4,17.7,0.0,839151,49,769843,4101,0.0,0.0,5.12,2.43,7.55,27.43,0.26,0.12,0.38,1.4,421.0,76.0,25.0,439.9,28.0,27.0,330.0,50.0,30.0,119.3,36.0,27.0,2.0,1.0,4.0,25,,Marcus,Tavernier,Tavernier,Hamstring injury - Expected back 21 Feb,,1762,5,3,7,36,0,0,0,3,0,0,20,164,,,,0.0,0.36,1.84,1.02,8.38,27,44,93
85,i,0.0,0.0,4.9,302,188.0,0,0.0,-1,1.0,0.3,333,112.0,50,0,3.3,144.0,65.0,3,245,0.0,714.0,298.0,0.0,10.2,0.0,76849,7,91803,87,0.0,0.0,0.56,0.32,0.88,17.78,0.04,0.02,0.06,1.34,266.2,184.0,74.0,74.0,278.0,161.0,105.0,218.0,119.0,44.7,234.0,117.0,,,,25,,Tyler,Adams,Adams,Knee injury - Expected back 21 Feb,,1196,2,1,4,23,0,0,0,5,0,0,15,146,,,,0.0,0.3,1.73,1.13,10.99,35,50,61
86,a,100.0,75.0,5.0,245,149.0,0,0.0,0,0.0,0.2,395,130.0,44,1,2.2,302.0,130.0,4,172,0.2,376.0,166.0,0.0,8.8,0.0,70206,47,76584,131,0.2,0.2,4.41,2.8,7.21,13.34,0.42,0.27,0.69,1.28,191.6,248.0,104.0,298.0,78.0,58.0,381.0,35.0,20.0,85.6,87.0,52.0,5.0,3.0,,25,,David,Brooks,Brooks,,,935,1,2,4,17,0,0,0,6,0,0,11,72,,,,0.0,0.39,1.64,1.06,6.93,15,14,43
87,a,100.0,100.0,4.9,293,182.0,0,0.0,-1,1.0,0.1,564,209.0,22,1,1.5,404.0,179.0,0,95,1.0,262.0,110.0,0.2,4.5,0.0,8431,65,14969,25,1.0,1.0,1.28,0.34,1.62,7.69,0.31,0.08,0.39,1.85,111.0,322.0,144.0,106.9,226.0,142.0,125.0,191.0,106.0,34.5,288.0,141.0,,,,25,,Ryan,Christie,Christie,,,375,1,1,0,9,0,0,0,1,0,0,1,47,,,,0.0,0.0,2.16,0.24,11.28,10,14,23
88,a,100.0,100.0,4.9,292,181.0,0,0.0,-1,1.0,0.1,574,213.0,37,4,2.5,266.0,113.0,0,181,3.8,74.0,31.0,0.8,7.6,0.0,9811,229,6661,71,3.8,3.8,0.07,0.54,0.61,12.68,0.01,0.06,0.07,1.33,205.0,234.0,100.0,183.2,147.0,101.0,12.0,385.0,193.0,40.3,260.0,129.0,,,,25,,Lewis,Cook,Cook,,,860,0,1,1,18,0,0,0,1,1,0,8,141,,,,0.0,0.1,1.88,0.84,14.76,25,54,62
89,u,0.0,0.0,4.9,295,184.0,0,0.0,-1,1.0,0.0,665,272.0,0,0,0.0,761.0,325.0,0,0,0.0,710.0,295.0,0.0,0.0,0.0,598,0,6607,5,0.0,0.0,0.0,0.0,0.0,0.0,0.0,0.0,0.0,0.0,0.0,761.0,325.0,0.0,757.0,325.0,0.0,746.0,321.0,0.0,761.0,325.0,,,,25,,Philip,Billing,Philip,has joined Midtjylland permanently.,,0,0,0,0,0,0,0,0,0,0,0,0,0,,,,0.0,0.0,0.0,0.0,0.0,0,0,0
90,a,100.0,100.0,5.0,272,166.0,0,0.0,0,0.0,0.7,222,77.0,86,2,3.4,133.0,62.0,6,374,6.0,12.0,8.0,1.2,17.2,0.0,132204,6018,68035,1369,6.0,6.0,2.45,1.21,3.66,27.53,0.12,0.06,0.18,1.4,351.4,113.0,37.0,243.1,104.0,75.0,200.0,108.0,64.0,79.0,105.0,57.0,1.0,,,25,,Alex,Scott,Scott,,,1768,2,2,6,32,0,0,0,2,0,0,22,229,,,,0.0,0.31,1.63,1.12,11.66,33,85,111
91,u,0.0,0.0,5.0,254,154.0,0,0.0,0,0.0,0.0,730,308.0,0,0,0.0,778.0,338.0,0,0,0.0,742.0,316.0,0.0,0.0,0.0,396,0,3879,1,0.0,0.0,0.0,0.0,0.0,0.0,0.0,0.0,0.0,0.0,0.0,778.0,338.0,0.0,775.0,338.0,0.0,768.0,335.0,0.0,778.0,338.0,,,,25,,Luis,Sinisterra Lucumí,Sinisterra,has joined Cruzeiro on loan for the rest of the season.,,0,0,0,0,0,0,0,0,0,0,0,0,0,,,,0.0,0.0,0.0,0.0,0.0,0,0,0
92,u,0.0,100.0,4.5,431,258.0,0,0.0,0,0.0,0.1,547,200.0,0,0,0.0,695.0,273.0,0,0,0.0,621.0,226.0,0.0,0.0,0.0,4403,5,19305,47,0.0,0.0,0.0,0.0,0.0,0.0,0.0,0.0,0.0,0.0,0.0,690.0,268.0,0.0,686.0,271.0,0.0,663.0,261.0,0.0,692.0,270.0,,,,25,,Romain,Faivre,Faivre,has joined Auxerre permanently.,,0,0,0,0,0,0,0,0,0,0,0,0,0,,,,0.0,0.0,0.0,0.0,0.0,0,0,0
93,u,0.0,0.0,4.5,426,255.0,0,0.0,0,0.0,0.3,325,109.0,4,0,4.0,67.0,31.0,0,12,0.0,617.0,223.0,0.0,0.9,0.0,114900,0,164847,37,0.0,0.0,0.0,0.0,0.0,0.4,0.0,0.0,0.0,2.25,21.2,433.0,190.0,10.0,414.0,205.0,0.0,659.0,258.0,3.1,450.0,203.0,,,,25,,Hamed,Traorè,H.Traorè,has joined Marseille on loan for the rest of the season.,,16,0,1,0,2,0,0,0,0,0,0,0,4,,,,0.0,0.0,11.25,0.0,22.5,1,1,2
94,u,0.0,0.0,4.5,467,283.0,0,0.0,0,0.0,0.0,635,254.0,0,0,0.0,716.0,293.0,0,0,0.0,644.0,247.0,0.0,0.0,0.0,3895,0,8155,7,0.0,0.0,0.0,0.0,0.0,0.0,0.0,0.0,0.0,0.0,0.0,712.0,289.0,0.0,708.0,291.0,0.0,686.0,281.0,0.0,713.0,290.0,,,,25,,Dominic,Sadi,Sadi,has joined Novi Pazar on loan for the rest of the season.,,0,0,0,0,0,0,0,0,0,0,0,0,0,,,,0.0,0.0,0.0,0.0,0.0,0,0,0
95,u,0.0,0.0,4.4,552,331.0,0,0.0,-1,1.0,0.1,573,212.0,0,0,0.0,671.0,260.0,0,0,0.0,590.0,209.0,0.0,0.0,0.0,15405,0,21387,15,0.0,0.0,0.0,0.0,0.0,0.0,0.0,0.0,0.0,0.0,0.0,663.0,252.0,0.0,659.0,257.0,0.0,632.0,244.0,0.0,665.0,254.0,,,,25,,Zain,Silcott-Duberry,Silcott-Duberry,has joined Olympiakos permanently.,,0,0,0,0,0,0,0,0,0,0,0,0,0,,,,0.0,0.0,0.0,0.0,0.0,0,0,0
96,u,0.0,0.0,4.5,497,305.0,0,0.0,0,0.0,0.0,634,253.0,1,0,1.0,473.0,215.0,0,3,0.0,672.0,268.0,0.0,0.2,0.0,2964,0,9943,4,0.0,0.0,0.0,0.0,0.0,0.31,0.0,0.0,0.0,4.65,0.0,738.0,308.0,0.0,732.0,308.0,0.0,713.0,301.0,0.0,738.0,308.0,,,,25,,Ben,Winterburn,Winterburn,has joined Barnet on loan for the rest of the season.,,6,0,0,0,2,0,0,0,0,0,0,0,0,,,,0.0,0.0,30.0,0.0,0.0,0,0,0
97,a,100.0,100.0,7.1,34,14.0,0,0.0,1,-1.0,3.3,98,18.0,76,2,3.3,148.0,15.0,5,270,3.5,87.0,11.0,0.5,10.7,0.0,1043890,3018,903685,10558,3.5,3.5,7.26,0.93,8.19,22.85,0.37,0.05,0.42,1.17,243.8,200.0,16.0,277.4,84.0,3.0,584.0,12.0,8.0,110.2,41.0,10.0,,,,25,,Francisco Evanilson,de Lima Barbosa,Evanilson,,,1759,5,3,6,32,0,0,0,1,0,0,20,76,,,,0.0,0.31,1.64,1.02,3.89,7,22,47
98,a,100.0,100.0,5.4,162,42.0,0,0.0,-1,1.0,0.0,604,80.0,16,1,1.3,426.0,53.0,1,47,0.8,295.0,42.0,0.1,3.0,0.0,11790,120,9578,60,0.8,0.8,0.96,0.05,1.01,2.14,0.73,0.04,0.77,1.63,39.0,408.0,46.0,4.4,436.0,56.0,55.0,295.0,49.0,9.5,404.0,49.0,,,,25,,Enes,Ünal,Enes Ünal,,,118,1,0,0,2,0,0,0,1,0,0,0,6,,,,0.0,0.0,1.53,0.0,4.58,0,3,3
99,u,0.0,0.0,4.4,566,82.0,0,0.0,-1,1.0,0.1,428,62.0,0,0,0.0,681.0,75.0,0,0,0.0,602.0,64.0,0.0,0.0,0.0,22144,0,44044,30,0.0,0.0,0.0,0.0,0.0,0.0,0.0,0.0,0.0,0.0,0.0,675.0,75.0,0.0,670.0,74.0,0.0,644.0,74.0,0.0,677.0,75.0,,,,25,,Daniel,Adu-Adjei,Adu-Adjei,has joined HNK Rijeka permanently.,,0,0,0,0,0,0,0,0,0,0,0,0,0,,,,0.0,0.0,0.0,0.0,0.0,0,0,0
100,a,,,4.7,393,65.0,0,0.0,2,-2.0,6.5,55,11.0,66,2,3.3,143.0,14.0,7,305,3.0,107.0,15.0,0.6,14.0,0.0,1568649,20819,905738,5937,3.0,3.0,4.59,0.42,5.01,12.31,0.49,0.05,0.54,1.33,319.8,138.0,12.0,129.9,197.0,17.0,313.0,58.0,22.0,76.3,113.0,16.0,,,,25,,Junior,Kroupi,Kroupi.Jr,,,836,8,0,4,17,0,0,0,3,0,0,11,61,,,,0.0,0.43,1.83,1.18,6.57,6,23,32
391,i,0.0,0.0,4.8,372,232.0,0,0.0,-2,2.0,0.0,633,252.0,7,0,1.8,358.0,159.0,0,22,0.0,706.0,292.0,0.0,1.5,0.0,4591,1,7998,4,0.0,0.0,0.09,0.09,0.18,2.66,0.15,0.15,0.3,4.52,21.2,434.0,191.0,14.0,397.0,198.0,11.0,388.0,195.0,4.7,441.0,199.0,,,,25,,Ben,Gannon-Doak,Gannon-Doak,Hamstring injury - Unknown return date,,53,0,1,0,1,0,0,0,0,0,0,0,3,,,,0.0,0.0,1.7,0.0,5.09,2,1,0
685,a,100.0,100.0,4.2,635,148.0,0,0.0,-3,3.0,0.3,315,117.0,46,0,2.6,248.0,97.0,2,164,0.5,318.0,117.0,0.1,11.0,0.0,96812,136,92284,163,0.5,0.5,0.02,0.19,0.21,22.47,0.0,0.01,0.01,1.59,267.0,183.0,76.0,54.3,315.0,107.0,22.0,357.0,119.0,34.4,289.0,97.0,,,,25,,Bafodé,Diakité,Diakité,,,1275,0,0,4,27,0,0,0,1,0,0,15,147,,,,0.0,0.28,1.91,1.06,8.26,20,97,48
687,a,,,4.3,619,362.0,0,0.0,-2,2.0,0.1,424,144.0,0,0,0.0,655.0,250.0,0,0,0.0,569.0,197.0,0.0,0.0,0.0,16596,538,16076,124,0.0,0.0,0.0,0.0,0.0,0.0,0.0,0.0,0.0,0.0,0.0,646.0,241.0,0.0,642.0,246.0,0.0,613.0,232.0,0.0,648.0,243.0,,,,25,,Remy,Rees-Dottin,Rees-Dottin,,,0,0,0,0,0,0,0,0,0,0,0,0,0,,,,0.0,0.0,0.0,0.0,0.0,0,0,0
697,a,,,5.4,177,108.0,0,0.0,-1,1.0,0.2,355,118.0,45,2,2.1,318.0,139.0,1,165,5.8,17.0,12.0,1.1,8.3,0.0,39240,1224,15978,744,5.8,5.8,1.74,1.11,2.85,10.74,0.21,0.13,0.34,1.28,201.8,238.0,102.0,182.5,148.0,102.0,187.0,118.0,68.0,56.5,189.0,99.0,,6.0,,25,,Amine,Adli,Adli,,,754,2,2,2,13,0,0,0,2,0,0,7,89,,,,0.0,0.24,1.55,0.84,10.62,26,22,41
713,a,,,4.5,469,94.0,0,0.0,0,0.0,0.2,352,127.0,46,1,2.2,300.0,113.0,0,164,3.8,71.0,27.0,0.8,10.2,0.0,41420,603,16172,379,3.8,3.8,0.93,0.8,1.73,25.87,0.06,0.05,0.11,1.56,262.0,186.0,77.0,138.8,189.0,47.0,153.0,152.0,29.0,55.4,195.0,64.0,,,,25,,Álex,Jiménez Sánchez,A.Jimenez,,,1497,1,2,3,31,0,0,0,7,0,0,17,104,,,,0.0,0.18,1.86,1.02,5.35,40,49,75
721,a,100.0,100.0,4.4,568,120.0,0,0.0,-1,1.0,0.0,653,228.0,19,0,2.7,240.0,96.0,0,63,0.2,364.0,137.0,0.0,4.3,0.0,6033,14,5639,11,0.2,0.2,0.15,0.19,0.34,4.42,0.04,0.05,0.09,1.08,98.4,331.0,127.0,13.9,398.0,145.0,10.0,389.0,139.0,12.2,389.0,138.0,,,,25,,Veljko,Milosavljevic,Milosavljević,,,367,0,0,1,6,0,0,0,0,0,0,4,42,,,,0.0,0.25,1.47,0.98,9.56,5,34,13
756,a,,,4.5,515,318.0,0,0.0,0,0.0,0.0,743,315.0,0,0,0.0,750.0,318.0,0,0,0.0,688.0,280.0,0.0,0.0,0.0,1367,15,866,6,0.0,0.0,0.0,0.0,0.0,0.0,0.0,0.0,0.0,0.0,0.0,750.0,318.0,0.0,744.0,318.0,0.0,726.0,312.0,0.0,750.0,318.0,,,,25,,Malcom,DaCosta,DaCosta,,,0,0,0,0,0,0,0,0,0,0,0,0,0,,,,0.0,0.0,0.0,0.0,0.0,0,0,0
782,a,,,4.0,658,40.0,0,0.0,0,0.0,0.0,697,80.0,0,0,0.0,568.0,62.0,0,0,0.0,459.0,53.0,0.0,0.0,0.0,1686,84,431,23,0.0,0.0,0.0,0.0,0.0,0.0,0.0,0.0,0.0,0.0,0.0,559.0,62.0,0.0,548.0,47.0,0.0,509.0,32.0,0.0,561.0,62.0,,,,25,,Fraser,Forster,Forster,,,0,0,0,0,0,0,0,0,0,0,0,0,0,,,,0.0,0.0,0.0,0.0,0.0,0,0,0
799,a,,,4.5,512,315.0,0,0.0,0,0.0,0.0,791,348.0,0,0,0.0,748.0,316.0,0,0,0.0,685.0,277.0,0.0,0.0,0.0,245,31,53,4,0.0,0.0,0.0,0.0,0.0,0.0,0.0,0.0,0.0,0.0,0.0,748.0,316.0,0.0,742.0,316.0,0.0,723.0,309.0,0.0,748.0,316.0,,,,25,,Charlie,Stevens,Stevens,,,0,0,0,0,0,0,0,0,0,0,0,0,0,,,,0.0,0.0,0.0,0.0,0.0,0,0,0
801,a,,,5.0,282,175.0,0,0.0,0,0.0,0.0,762,327.0,2,0,1.0,488.0,226.0,0,7,0.7,311.0,137.0,0.1,0.4,0.0,694,12,181,20,0.7,0.7,0.06,0.0,0.06,0.39,0.6,0.0,0.6,3.9,1.2,488.0,223.0,0.4,471.0,227.0,4.0,424.0,209.0,0.5,482.0,220.0,,,,25,,Alex,Tóth,Tóth.A,,,9,0,0,0,0,0,0,0,0,0,0,0,5,,,,0.0,0.0,0.0,0.0,50.0,1,1,3
806,a,,,4.0,676,50.0,0,0.0,0,0.0,0.0,787,88.0,0,0,0.0,581.0,69.0,0,0,0.0,473.0,61.0,0.0,0.0,0.0,301,18,60,6,0.0,0.0,0.0,0.0,0.0,0.0,0.0,0.0,0.0,0.0,0.0,572.0,69.0,0.0,564.0,57.0,0.0,526.0,42.0,0.0,574.0,69.0,,,,25,,Christos,Mandas,Mandas,,,0,0,0,0,0,0,0,0,0,0,0,0,0,,,,0.0,0.0,0.0,0.0,0.0,0,0,0
807,a,,,5.5,153,95.0,0,0.0,0,0.0,0.1,489,171.0,13,9,6.5,3.0,1.0,2,44,6.5,7.0,6.0,1.2,2.4,0.0,12322,5032,1038,135,6.5,6.5,0.17,0.62,0.79,1.24,0.14,0.52,0.66,1.03,57.8,390.0,173.0,35.3,356.0,186.0,31.0,341.0,180.0,12.4,388.0,181.0,,,,25,,Rayan Vitor,Simplício Rocha,Rayan,,,108,1,1,0,1,0,0,0,0,0,0,1,4,,,,0.0,0.0,0.83,0.83,3.33,0,1,3
27,a,100.0,100.0,4.8,358,224.0,0,0.0,-2,2.0,0.1,481,167.0,6,0,1.0,478.0,219.0,0,19,0.0,699.0,288.0,0.0,1.2,0.0,10110,54,17581,44,-1.0,0.0,0.61,0.07,0.68,1.21,1.1,0.13,1.23,2.18,16.4,444.0,196.0,4.0,440.0,212.0,16.0,379.0,191.0,3.4,447.0,202.0,,,,25,,Reiss,Nelson,Nelson,,,50,0,0,0,1,0,0,0,0,0,0,0,17,,,,0.0,0.0,1.8,0.0,30.6,2,3,12
83,a,100.0,100.0,5.8,112,70.0,0,0.0,-2,2.0,0.4,282,96.0,86,12,4.5,39.0,20.0,10,244,5.5,20.0,13.0,0.9,14.8,0.0,461279,2735,447883,336,4.5,5.5,4.82,1.41,6.23,18.52,0.34,0.1,0.44,1.31,236.0,207.0,90.0,139.6,188.0,126.0,373.0,40.0,23.0,74.3,117.0,63.0,2.0,,,25,,Dango,Ouattara,O.Dango,,,1276,5,5,3,18,0,0,0,3,0,0,14,113,,,,0.0,0.21,1.27,0.99,7.97,13,47,53
101,a,100.0,100.0,4.6,398,19.0,0,0.0,1,-1.0,10.2,38,6.0,94,1,3.8,90.0,8.0,6,357,3.2,90.0,8.0,0.7,20.4,0.0,961994,5634,918922,5850,2.2,3.2,0.0,0.04,0.04,35.74,0.0,0.0,0.0,1.43,567.8,23.0,8.0,20.0,384.0,4.0,0.0,730.0,78.0,58.9,180.0,6.0,,,,25,,Caoimhín,Kelleher,Kelleher,,,2250,0,0,6,34,0,3,0,1,0,67,25,95,,,,2.68,0.24,1.36,1.0,0.0,1,32,192
102,a,,,3.9,752,79.0,0,0.0,-1,1.0,0.3,331,45.0,0,0,0.0,543.0,47.0,0,0,0.0,432.0,38.0,0.0,0.0,0.0,15100,56,22852,49,-1.0,0.0,0.0,0.0,0.0,0.0,0.0,0.0,0.0,0.0,0.0,534.0,47.0,0.0,523.0,32.0,0.0,483.0,17.0,0.0,536.0,47.0,,,,25,,Ellery,Balcombe,Balcombe,,,0,0,0,0,0,0,0,0,0,0,0,0,0,,,,0.0,0.0,0.0,0.0,0.0,0,0,0
103,u,0.0,0.0,3.9,769,87.0,0,0.0,-1,1.0,0.2,414,62.0,0,0,0.0,555.0,55.0,0,0,0.0,445.0,46.0,0.0,0.0,0.0,11791,0,13348,89,0.0,0.0,0.0,0.0,0.0,0.0,0.0,0.0,0.0,0.0,0.0,546.0,55.0,0.0,535.0,40.0,0.0,495.0,25.0,0.0,548.0,55.0,,,,25,,Matthew,Cox,Cox,has joined Shrewsbury Town on loan for the rest of the season.,,0,0,0,0,0,0,0,0,0,0,0,0,0,,,,0.0,0.0,0.0,0.0,0.0,0,0,0
104,a,,,3.9,773,89.0,0,0.0,-1,1.0,0.1,451,68.0,0,0,0.0,559.0,57.0,0,0,0.0,449.0,48.0,0.0,0.0,0.0,12639,19,9565,41,-1.0,0.0,0.0,0.0,0.0,0.0,0.0,0.0,0.0,0.0,0.0,550.0,57.0,0.0,539.0,42.0,0.0,499.0,27.0,0.0,552.0,57.0,,,,25,,Julian,Eyestone,Eyestone,,,0,0,0,0,0,0,0,0,0,0,0,0,0,,,,0.0,0.0,0.0,0.0,0.0,0,0,0
105,a,,,3.9,770,88.0,0,0.0,-1,1.0,0.6,234,29.0,0,0,0.0,556.0,56.0,0,0,0.0,446.0,47.0,0.0,0.0,0.0,36725,35,69569,137,-1.0,0.0,0.0,0.0,0.0,0.0,0.0,0.0,0.0,0.0,0.0,547.0,56.0,0.0,536.0,41.0,0.0,496.0,26.0,0.0,549.0,56.0,,,,25,,Hákon Rafn,Valdimarsson,Valdimarsson,,,0,0,0,0,0,0,0,0,0,0,0,0,0,,,,0.0,0.0,0.0,0.0,0.0,0,0,0
106,a,,,5.0,259,40.0,0,0.0,0,0.0,3.5,94,35.0,92,0,3.8,93.0,34.0,7,315,0.8,288.0,107.0,0.2,18.4,0.0,601307,814,361080,11112,-0.2,0.8,1.49,0.88,2.37,30.99,0.07,0.04,0.11,1.38,641.2,9.0,4.0,103.9,233.0,65.0,242.0,84.0,6.0,98.9,59.0,10.0,,,,25,,Nathan,Collins,Collins,,,2026,1,2,5,31,1,0,0,4,0,0,22,265,,,,0.0,0.22,1.38,0.98,10.35,23,210,92
107,a,,,4.9,322,52.0,0,0.0,-1,1.0,1.8,142,55.0,69,1,3.0,194.0,76.0,3,187,1.0,265.0,96.0,0.2,14.1,0.0,406210,363,241782,3981,0.0,1.0,1.43,0.97,2.4,18.78,0.13,0.09,0.22,1.67,180.0,256.0,105.0,150.9,180.0,45.0,152.0,153.0,30.0,48.3,223.0,72.0,,,,25,,Keane,Lewis-Potter,Lewis-Potter,,,1014,2,1,6,17,0,0,0,1,0,0,11,58,,,,0.0,0.53,1.51,0.98,3.46,14,25,41
108,a,100.0,100.0,4.4,524,104.0,0,0.0,-1,1.0,0.2,379,140.0,58,3,3.1,168.0,62.0,1,165,3.0,104.0,37.0,0.7,13.2,0.0,24827,172,27663,104,2.0,3.0,0.67,0.6,1.27,21.55,0.05,0.04,0.09,1.52,275.8,175.0,73.0,30.9,366.0,130.0,131.0,182.0,41.0,43.9,238.0,80.0,,,,25,,Kristoffer,Ajer,Ajer,,,1277,0,2,4,20,0,0,0,2,0,0,15,150,,,,0.0,0.28,1.41,1.06,10.08,28,115,39
109,a,,,4.3,580,128.0,0,0.0,-2,2.0,0.2,398,148.0,44,1,2.1,310.0,116.0,0,116,2.5,134.0,46.0,0.6,10.2,0.0,17846,96,19101,91,1.5,2.5,0.18,0.43,0.61,21.26,0.02,0.04,0.06,1.85,90.0,341.0,129.0,39.4,348.0,120.0,27.0,346.0,113.0,15.6,371.0,130.0,,,,25,,Rico,Henry,Henry,,,1032,0,1,4,16,0,0,0,2,0,0,10,63,,,,0.0,0.35,1.4,0.87,4.62,13,40,58
110,a,,,4.5,498,97.0,0,0.0,0,0.0,0.6,226,87.0,71,1,2.8,223.0,86.0,6,336,2.0,184.0,70.0,0.4,15.8,0.0,163682,431,114267,753,1.0,2.0,0.19,2.3,2.49,35.03,0.01,0.1,0.11,1.45,397.8,88.0,39.0,353.7,49.0,7.0,71.0,265.0,77.0,82.4,96.0,26.0,,,,25,,Michael,Kayode,Kayode,,,2178,0,1,6,33,0,0,0,6,0,0,25,198,,,,0.0,0.25,1.36,1.03,6.32,49,104,114
111,a,100.0,100.0,4.2,633,147.0,0,0.0,-3,3.0,0.1,453,165.0,4,0,1.3,414.0,150.0,0,21,0.0,529.0,223.0,0.0,1.0,0.0,11390,55,25709,48,-1.0,0.0,0.0,0.06,0.06,3.18,0.0,0.02,0.02,1.26,62.8,380.0,146.0,1.1,456.0,167.0,12.0,384.0,137.0,7.6,418.0,149.0,,,,25,,Ethan,Pinnock,Pinnock,,,228,0,0,0,5,1,0,0,1,0,0,3,33,,,,0.0,0.0,1.97,1.18,11.45,4,25,9
112,u,0.0,0.0,4.5,423,82.0,0,0.0,0,0.0,0.0,702,241.0,0,0,0.0,691.0,255.0,0,0,0.0,615.0,241.0,0.0,0.0,0.0,211,0,3911,2,0.0,0.0,0.0,0.0,0.0,0.0,0.0,0.0,0.0,0.0,0.0,686.0,255.0,0.0,681.0,255.0,0.0,657.0,254.0,0.0,688.0,255.0,,,,25,,Mads,Roerslev Rasmussen,Roerslev,Has joined Southampton permanently.,,0,0,0,0,0,0,0,0,0,0,0,0,0,,,,0.0,0.0,0.0,0.0,0.0,0,0,0
113,a,100.0,100.0,4.5,432,85.0,0,0.0,0,0.0,0.7,224,85.0,62,1,3.1,171.0,65.0,2,230,2.5,140.0,52.0,0.6,13.8,0.0,208884,176,189054,479,1.5,2.5,1.92,0.21,2.13,27.55,0.1,0.01,0.11,1.41,383.0,94.0,42.0,43.6,338.0,115.0,184.0,121.0,22.0,61.1,164.0,54.0,,,,25,,Sepp,van den Berg,Van den Berg,,,1763,0,0,4,28,0,0,0,1,0,0,19,202,,,,0.0,0.2,1.43,0.97,8.78,13,159,70
114,u,0.0,100.0,3.8,813,261.0,0,0.0,-2,2.0,0.2,362,131.0,0,0,0.0,530.0,198.0,0,0,0.0,418.0,167.0,0.0,0.0,0.0,12981,10,28178,208,0.0,0.0,0.0,0.0,0.0,0.0,0.0,0.0,0.0,0.0,0.0,521.0,198.0,0.0,509.0,198.0,0.0,469.0,189.0,0.0,523.0,198.0,,,,25,,Benjamin,Arthur,Arthur,has joined Celtic on loan for the rest of the season.,,0,0,0,0,0,0,0,0,0,0,0,0,0,,,,0.0,0.0,0.0,0.0,0.0,0,0,0
115,u,0.0,0.0,4.0,724,201.0,0,0.0,0,0.0,0.1,522,186.0,0,0,0.0,621.0,239.0,0,0,0.0,517.0,215.0,0.0,0.0,0.0,2020,0,14196,13,0.0,0.0,0.0,0.0,0.0,0.0,0.0,0.0,0.0,0.0,0.0,612.0,239.0,0.0,604.0,239.0,0.0,567.0,233.0,0.0,614.0,239.0,,,,25,,Benjamin,Fredrick,Fredrick,has joined Dender on loan for the rest of the season.,,0,0,0,0,0,0,0,0,0,0,0,0,0,,,,0.0,0.0,0.0,0.0,0.0,0,0,0
116,a,100.0,100.0,4.0,685,173.0,0,0.0,0,0.0,0.5,263,99.0,31,0,1.9,339.0,125.0,0,88,0.8,273.0,100.0,0.2,7.8,0.0,64410,201,66442,286,-0.2,0.8,0.4,0.17,0.57,5.85,0.07,0.03,0.1,0.97,74.0,366.0,139.0,14.2,395.0,144.0,42.0,314.0,101.0,12.8,381.0,135.0,,,,25,,Aaron,Hickey,Hickey,,,543,0,0,2,7,0,0,0,1,0,0,6,44,,,,0.0,0.33,1.16,0.99,6.13,10,27,31
117,u,0.0,0.0,3.9,778,228.0,0,0.0,-1,1.0,0.1,511,183.0,0,0,0.0,564.0,206.0,0,0,0.0,454.0,177.0,0.0,0.0,0.0,4108,0,15431,8,0.0,0.0,0.0,0.0,0.0,0.0,0.0,0.0,0.0,0.0,0.0,555.0,206.0,0.0,544.0,206.0,0.0,504.0,197.0,0.0,557.0,206.0,,,,25,,Kim,Ji-soo,Ji-soo,has joined Kaiserslautern on loan for the rest of the season.,,0,0,0,0,0,0,0,0,0,0,0,0,0,,,,0.0,0.0,0.0,0.0,0.0,0,0,0
118,u,0.0,0.0,4.0,695,179.0,0,0.0,0,0.0,0.0,607,216.0,0,0,0.0,597.0,222.0,0,0,0.0,490.0,195.0,0.0,0.0,0.0,279,0,10924,5,0.0,0.0,0.0,0.0,0.0,0.0,0.0,0.0,0.0,0.0,0.0,588.0,222.0,0.0,580.0,222.0,0.0,542.0,215.0,0.0,590.0,222.0,,,,25,,Jayden,Meghoma,Meghoma,Has joined Rangers on loan for the rest of the season.,,0,0,0,0,0,0,0,0,0,0,0,0,0,,,,0.0,0.0,0.0,0.0,0.0,0,0,0
120,s,0.0,0.0,7.0,41,24.0,0,0.0,0,0.0,1.5,154,51.0,86,0,3.7,107.0,51.0,5,292,0.2,390.0,177.0,0.0,12.3,0.0,740383,46,612443,15784,0.0,0.0,8.57,1.72,10.29,25.54,0.42,0.08,0.5,1.24,432.0,67.0,21.0,304.7,71.0,54.0,613.0,9.0,3.0,134.6,21.0,17.0,,,3.0,25,,Kevin,Schade,Schade,Suspended until 21 Feb,,1857,6,4,7,22,0,0,1,6,1,0,22,142,,,,0.0,0.34,1.07,1.07,6.88,30,44,68
121,a,100.0,100.0,5.6,130,80.0,0,0.0,-4,4.0,0.5,262,88.0,62,1,3.0,199.0,83.0,3,268,1.5,233.0,97.0,0.3,11.1,0.0,98545,103,166081,347,0.5,1.5,1.13,3.66,4.79,19.64,0.08,0.26,0.34,1.39,298.4,162.0,61.0,454.8,24.0,23.0,172.0,134.0,78.0,92.6,69.0,44.0,1.0,3.0,,25,,Mikkel,Damsgaard,Damsgaard,,,1275,1,3,2,22,0,0,0,0,0,0,15,145,,,,0.0,0.14,1.55,1.06,10.24,35,27,83
122,i,0.0,0.0,5.2,218,135.0,0,0.0,-3,3.0,0.0,648,262.0,1,0,1.0,491.0,229.0,0,5,0.0,766.0,335.0,0.0,0.2,0.0,1996,0,6881,4,0.0,0.0,0.0,0.01,0.01,1.49,0.0,0.02,0.02,2.98,4.0,470.0,213.0,1.8,448.0,215.0,0.0,786.0,348.0,0.6,481.0,219.0,,,,25,,Antoni,Milambo,Milambo,Knee injury - Expected back 01 Jun,,45,0,0,0,3,0,0,0,0,0,0,1,4,,,,0.0,0.0,6.0,2.0,8.0,2,0,2
123,i,0.0,0.0,4.7,387,242.0,0,0.0,-3,3.0,0.1,459,156.0,13,0,2.2,301.0,129.0,1,42,0.0,693.0,284.0,0.0,2.8,0.0,27170,4,51013,24,0.0,0.0,0.7,0.03,0.73,2.08,0.63,0.03,0.66,1.87,39.0,407.0,180.0,6.5,430.0,210.0,36.0,327.0,172.0,8.1,414.0,187.0,4.0,,4.0,25,,Fábio,Freitas Gouveia Carvalho,Carvalho,Knee injury - Expected back 01 Jun,,100,1,0,0,4,0,0,0,0,0,0,1,8,,,,0.0,0.0,3.6,0.9,7.2,3,0,5
124,a,100.0,100.0,5.0,242,148.0,0,0.0,0,0.0,0.4,291,98.0,61,1,2.7,243.0,101.0,5,271,0.8,286.0,122.0,0.2,12.2,0.0,95949,201,95483,296,-0.2,0.8,0.33,2.03,2.36,21.01,0.02,0.12,0.14,1.28,272.8,179.0,71.0,273.7,85.0,62.0,41.0,316.0,165.0,58.7,181.0,96.0,,,,25,,Jordan,Henderson,Henderson,,,1472,1,3,4,22,0,0,0,4,0,0,17,136,,,,0.0,0.24,1.35,1.04,8.32,22,42,72
125,a,100.0,100.0,4.9,304,189.0,0,0.0,-1,1.0,0.3,321,105.0,68,9,3.4,130.0,59.0,6,290,4.0,61.0,26.0,0.8,13.9,0.0,57057,366,23740,687,3.0,4.0,0.75,1.82,2.57,18.65,0.06,0.15,0.21,1.5,271.4,180.0,72.0,269.6,92.0,68.0,68.0,269.0,145.0,60.6,168.0,91.0,5.0,,,25,,Vitaly,Janelt,Janelt,,,1118,1,4,5,13,0,0,0,6,0,0,11,153,,,,0.0,0.4,1.05,0.89,12.32,23,61,69
126,a,,,4.9,307,191.0,0,0.0,-1,1.0,0.1,516,185.0,56,8,2.4,278.0,118.0,0,250,3.8,76.0,33.0,0.8,11.4,0.0,13480,114,16193,50,2.8,3.8,1.94,3.01,4.95,18.14,0.16,0.25,0.41,1.48,189.2,251.0,105.0,256.9,96.0,71.0,111.0,207.0,112.0,55.6,194.0,101.0,3.0,,5.0,25,,Mathias,Jensen,Jensen,,,1105,2,2,5,15,0,0,0,1,0,0,13,100,,,,0.0,0.41,1.22,1.06,8.14,20,24,56
127,u,0.0,0.0,4.9,348,216.0,0,0.0,-1,1.0,0.0,704,295.0,0,0,0.0,774.0,335.0,0,0,0.0,736.0,312.0,0.0,0.0,0.0,1544,0,2149,17,0.0,0.0,0.0,0.0,0.0,0.0,0.0,0.0,0.0,0.0,0.0,774.0,335.0,0.0,770.0,335.0,0.0,760.0,331.0,0.0,774.0,335.0,,,,25,,Gustavo,Nunes Fernandes Gomes,Nunes,has joined Swansea City on loan for the rest of the season.,,0,0,0,0,0,0,0,0,0,0,0,0,0,,,,0.0,0.0,0.0,0.0,0.0,0,0,0
128,u,0.0,0.0,4.8,367,228.0,0,0.0,-2,2.0,0.0,601,230.0,12,0,2.0,328.0,144.0,0,41,0.0,704.0,291.0,0.0,2.5,0.0,5396,0,8654,22,0.0,0.0,0.0,0.36,0.36,2.02,0.0,0.37,0.37,2.07,28.4,423.0,189.0,13.6,399.0,199.0,4.0,422.0,207.0,4.6,443.0,200.0,,,,25,,Frank,Onyeka,Onyeka,has joined Coventry City on loan for the rest of the season.,,88,0,2,0,2,0,0,0,0,0,0,0,10,,,,0.0,0.0,2.05,0.0,10.23,2,3,5
129,a,100.0,100.0,5.0,274,168.0,0,0.0,0,0.0,0.1,452,155.0,72,1,2.9,209.0,86.0,0,308,1.8,210.0,89.0,0.4,14.4,0.0,22691,60,17766,197,0.8,1.8,1.19,1.08,2.27,28.64,0.06,0.05,0.11,1.43,295.2,163.0,62.0,195.6,137.0,95.0,108.0,214.0,116.0,59.9,173.0,92.0,,,,25,,Yehor,Yarmoliuk,Yarmoliuk,,,1798,1,2,5,29,0,0,0,5,0,0,21,232,,,,0.0,0.25,1.45,1.05,11.61,50,51,131
130,a,,,4.4,567,340.0,0,0.0,-1,1.0,0.1,478,165.0,2,1,1.0,463.0,206.0,0,10,0.5,324.0,141.0,0.1,0.5,0.0,13594,135,17374,49,-0.5,0.5,0.07,0.01,0.08,0.27,0.57,0.08,0.65,2.21,3.0,473.0,215.0,10.5,409.0,203.0,4.0,419.0,205.0,1.8,461.0,207.0,,,,25,,Romelle,Donovan,Donovan,,,11,0,0,0,0,0,0,0,0,0,0,0,2,,,,0.0,0.0,0.0,0.0,16.36,0,0,2
131,u,0.0,0.0,4.3,623,366.0,0,0.0,-2,2.0,0.2,401,132.0,0,0,0.0,658.0,253.0,0,0,0.0,572.0,200.0,0.0,0.0,0.0,38108,0,42430,143,0.0,0.0,0.0,0.0,0.0,0.0,0.0,0.0,0.0,0.0,0.0,649.0,244.0,0.0,645.0,249.0,0.0,616.0,235.0,0.0,651.0,246.0,,,,25,,Yunus Emre,Konak,Konak,has joined Oxford United on loan for the rest of the season.,,0,0,0,0,0,0,0,0,0,0,0,0,0,,,,0.0,0.0,0.0,0.0,0.0,0,0,0
132,u,0.0,0.0,4.5,421,253.0,0,0.0,0,0.0,0.0,659,270.0,0,0,0.0,690.0,269.0,0,0,0.0,613.0,221.0,0.0,0.0,0.0,4038,0,5066,38,0.0,0.0,0.0,0.0,0.0,0.0,0.0,0.0,0.0,0.0,0.0,685.0,264.0,0.0,680.0,267.0,0.0,655.0,256.0,0.0,687.0,266.0,,,,25,,Paris,Maghoma,Maghoma,has joined Norwich City permanently.,,0,0,0,0,0,0,0,0,0,0,0,0,0,,,,0.0,0.0,0.0,0.0,0.0,0,0,0
133,u,0.0,0.0,4.4,542,323.0,0,0.0,-1,1.0,0.0,625,246.0,1,0,1.0,458.0,201.0,0,2,0.0,584.0,203.0,0.0,0.2,0.0,3881,0,6149,15,0.0,0.0,0.0,0.0,0.0,0.0,0.0,0.0,0.0,0.0,0.0,657.0,246.0,0.0,653.0,251.0,0.0,625.0,237.0,0.0,659.0,248.0,,,,25,,Myles,Peart-Harris,Peart-Harris,has joined Oxford United permanently.,,1,0,0,0,0,0,0,0,0,0,0,0,0,,,,0.0,0.0,0.0,0.0,0.0,0,0,0
134,u,0.0,0.0,4.5,490,300.0,0,0.0,0,0.0,0.0,774,335.0,0,0,0.0,732.0,304.0,0,0,0.0,665.0,263.0,0.0,0.0,0.0,0,0,942,1,0.0,0.0,0.0,0.0,0.0,0.0,0.0,0.0,0.0,0.0,0.0,731.0,303.0,0.0,725.0,303.0,0.0,706.0,296.0,0.0,731.0,303.0,,,,25,,Ryan,Trevitt,Trevitt,Has joined Wigan on loan for the rest of the season,,0,0,0,0,0,0,0,0,0,0,0,0,0,,,,0.0,0.0,0.0,0.0,0.0,0,0,0
136,a,100.0,100.0,7.0,40,16.0,-1,1.0,10,-10.0,32.0,10,3.0,131,5,5.2,12.0,2.0,18,529,2.8,130.0,18.0,0.4,18.7,0.0,7735861,14307,3894899,71870,1.8,2.8,13.98,0.9,14.88,34.46,0.6,0.04,0.64,1.47,697.2,5.0,2.0,203.0,130.0,6.0,788.0,2.0,2.0,168.8,5.0,2.0,,,2.0,25,,Igor Thiago,Nascimento Rodrigues,Thiago,,,2112,17,1,6,32,0,0,1,5,0,0,24,127,,,,0.0,0.26,1.36,1.02,5.41,19,51,57
137,u,0.0,0.0,4.4,554,77.0,0,0.0,-1,1.0,0.3,309,50.0,0,0,0.0,672.0,70.0,0,0,0.0,592.0,59.0,0.0,0.0,0.0,52422,0,79524,133,0.0,0.0,0.0,0.0,0.0,0.0,0.0,0.0,0.0,0.0,0.0,665.0,70.0,0.0,660.0,69.0,0.0,634.0,69.0,0.0,667.0,70.0,,,,25,,Iwan,Morgan,Morgan,has joined Shrewsbury on loan for the rest of the season.,,0,0,0,0,0,0,0,0,0,0,0,0,0,,,,0.0,0.0,0.0,0.0,0.0,0,0,0
748,i,0.0,0.0,4.9,299,186.0,0,0.0,-1,1.0,0.0,805,357.0,0,0,0.0,762.0,326.0,0,0,0.0,713.0,297.0,0.0,0.0,0.0,157,1,193,0,0.0,0.0,0.0,0.0,0.0,0.0,0.0,0.0,0.0,0.0,0.0,762.0,326.0,0.0,758.0,326.0,0.0,747.0,322.0,0.0,762.0,326.0,,,,25,,Josh,Dasilva,Dasilva,Knee injury - Unknown return date,,0,0,0,0,0,0,0,0,0,0,0,0,0,,,,0.0,0.0,0.0,0.0,0.0,0,0,0
810,a,,,4.5,472,286.0,0,0.0,0,0.0,0.0,815,365.0,0,0,0.0,718.0,294.0,0,0,0.0,648.0,250.0,0.0,0.0,0.0,53,16,7,3,-1.0,0.0,0.0,0.0,0.0,0.0,0.0,0.0,0.0,0.0,0.0,716.0,292.0,0.0,711.0,293.0,0.0,690.0,284.0,0.0,717.0,293.0,,,,25,,Luka,Bentt,Bentt,,,0,0,0,0,0,0,0,0,0,0,0,0,0,,,,0.0,0.0,0.0,0.0,0.0,0,0,0
138,a,,,4.2,625,31.0,0,0.0,-3,3.0,0.2,341,48.0,0,0,0.0,629.0,86.0,0,0,0.0,526.0,79.0,0.0,0.0,0.0,9548,35,38279,47,0.0,0.0,0.0,0.0,0.0,0.0,0.0,0.0,0.0,0.0,0.0,620.0,86.0,0.0,613.0,75.0,0.0,578.0,60.0,0.0,622.0,86.0,,,,25,,Jason,Steele,Steele,,,0,0,0,0,0,0,0,0,0,0,0,0,0,,,,0.0,0.0,0.0,0.0,0.0,0,0,0
139,a,,,4.5,445,25.0,0,0.0,0,0.0,5.8,64,11.0,74,0,3.1,172.0,15.0,4,384,1.5,223.0,18.0,0.3,16.4,0.0,653734,985,777286,4260,1.5,1.5,0.0,0.04,0.04,34.21,0.0,0.0,0.0,1.43,598.4,16.0,4.0,10.0,415.0,7.0,0.0,672.0,76.0,60.8,167.0,4.0,,,,25,,Bart,Verbruggen,Verbruggen,,,2160,0,0,5,32,1,1,0,3,0,67,24,102,,,,2.79,0.21,1.33,1.0,0.0,1,20,216
140,a,,,3.9,748,77.0,0,0.0,-1,1.0,0.3,311,41.0,0,0,0.0,541.0,45.0,0,0,0.0,430.0,36.0,0.0,0.0,0.0,17113,32,26901,41,0.0,0.0,0.0,0.0,0.0,0.0,0.0,0.0,0.0,0.0,0.0,532.0,45.0,0.0,521.0,30.0,0.0,481.0,15.0,0.0,534.0,45.0,,,,25,,Tom,McGill,McGill,,,0,0,0,0,0,0,0,0,0,0,0,0,0,,,,0.0,0.0,0.0,0.0,0.0,0,0,0
141,u,0.0,0.0,4.0,686,55.0,0,0.0,0,0.0,0.0,796,91.0,0,0,0.0,589.0,74.0,0,0,0.0,481.0,66.0,0.0,0.0,0.0,0,0,243,0,0.0,0.0,0.0,0.0,0.0,0.0,0.0,0.0,0.0,0.0,0.0,580.0,74.0,0.0,572.0,62.0,0.0,534.0,47.0,0.0,582.0,74.0,,,,25,,Carl,Rushworth,Rushworth,Has joined Coventry City on loan for the rest of the season.,,0,0,0,0,0,0,0,0,0,0,0,0,0,,,,0.0,0.0,0.0,0.0,0.0,0,0,0
142,u,0.0,0.0,4.0,674,48.0,0,0.0,0,0.0,0.0,797,92.0,0,0,0.0,579.0,67.0,0,0,0.0,471.0,59.0,0.0,0.0,0.0,0,0,199,0,0.0,0.0,0.0,0.0,0.0,0.0,0.0,0.0,0.0,0.0,0.0,570.0,67.0,0.0,562.0,55.0,0.0,524.0,40.0,0.0,572.0,67.0,,,,25,,Kjell,Scherpen,Scherpen,Has joined Union SG permanently,,0,0,0,0,0,0,0,0,0,0,0,0,0,,,,0.0,0.0,0.0,0.0,0.0,0,0,0
143,a,,,4.2,631,145.0,0,0.0,-3,3.0,0.1,508,181.0,15,0,3.0,186.0,70.0,2,61,1.5,220.0,81.0,0.4,3.6,0.0,5491,29,12170,25,1.5,1.5,0.05,0.19,0.24,3.49,0.02,0.07,0.09,1.37,68.2,374.0,141.0,37.1,352.0,122.0,12.0,383.0,136.0,11.8,391.0,139.0,,,,25,,Olivier,Boscagli,Boscagli,,,230,0,1,1,2,0,0,0,1,0,0,3,19,,,,0.0,0.39,0.78,1.17,7.43,4,15,15
144,u,0.0,0.0,4.2,646,155.0,0,0.0,-3,3.0,0.0,585,209.0,10,0,2.0,322.0,121.0,0,32,0.0,536.0,226.0,0.0,2.4,0.0,2735,0,7828,47,0.0,0.0,0.0,0.01,0.01,4.52,0.0,0.0,0.0,2.11,42.4,402.0,152.0,3.7,442.0,161.0,2.0,431.0,162.0,4.8,438.0,158.0,,,,25,,Diego,Coppola,Coppola,has joined Paris FC on loan for the rest of the season.,,193,0,0,1,3,0,0,0,2,0,0,2,19,,,,0.0,0.47,1.4,0.93,8.39,2,16,6
145,a,100.0,100.0,4.3,589,135.0,0,0.0,-2,2.0,1.9,135,53.0,56,0,2.8,219.0,83.0,6,212,1.8,202.0,73.0,0.4,13.0,0.0,249785,314,687814,928,1.8,1.8,1.34,2.14,3.48,19.19,0.12,0.18,0.3,1.65,203.0,236.0,94.0,314.4,68.0,15.0,120.0,202.0,50.0,63.8,155.0,49.0,3.0,6.0,,25,,Maxim,De Cuyper,De Cuyper,,,1046,2,0,4,17,0,0,0,2,0,0,13,70,,,,0.0,0.34,1.46,1.12,3.96,16,30,48
146,a,100.0,100.0,4.5,408,72.0,0,0.0,0,0.0,1.0,192,75.0,57,0,2.5,264.0,102.0,0,285,2.2,155.0,58.0,0.5,12.7,0.0,142111,401,185491,402,2.2,2.2,0.91,0.42,1.33,31.97,0.04,0.02,0.06,1.42,456.0,61.0,29.0,92.1,244.0,70.0,115.0,206.0,52.0,66.5,142.0,45.0,,1.0,,25,,Lewis,Dunk,Dunk,,,2025,0,1,4,31,0,0,0,8,0,0,22,213,,,,0.0,0.18,1.38,0.98,7.6,25,146,98
147,u,0.0,0.0,4.5,417,77.0,0,0.0,0,0.0,0.0,733,252.0,0,0,0.0,688.0,253.0,0,0,0.0,611.0,238.0,0.0,0.0,0.0,0,0,1968,0,0.0,0.0,0.0,0.0,0.0,0.0,0.0,0.0,0.0,0.0,0.0,683.0,253.0,0.0,678.0,253.0,0.0,653.0,251.0,0.0,685.0,253.0,,,,25,,Pervis,Estupiñán Tenorio,Estupiñan,Has joined AC Milan permanently,,0,0,0,0,0,0,0,0,0,0,0,0,0,,,,0.0,0.0,0.0,0.0,0.0,0,0,0
148,a,,,4.4,530,109.0,0,0.0,-1,1.0,0.4,288,110.0,61,0,2.7,239.0,95.0,4,293,1.2,242.0,89.0,0.3,13.9,0.0,72863,140,55964,423,1.2,1.2,1.35,2.19,3.54,29.76,0.06,0.11,0.17,1.43,316.8,142.0,63.0,315.4,67.0,14.0,146.0,164.0,34.0,78.1,108.0,35.0,2.0,,,25,,Ferdi,Kadıoğlu,F.Kadıoğlu,,,1870,0,1,5,27,0,0,0,4,0,0,20,134,,,,0.0,0.24,1.3,0.96,5.01,42,62,83
149,a,100.0,100.0,4.5,422,81.0,0,0.0,0,0.0,0.1,526,187.0,6,0,1.5,400.0,146.0,0,10,0.0,614.0,240.0,0.0,1.3,0.0,8388,30,9578,27,0.0,0.0,0.0,0.0,0.0,4.66,0.0,0.0,0.0,4.07,25.8,427.0,159.0,10.6,408.0,148.0,0.0,656.0,253.0,3.6,446.0,161.0,,,,25,,Igor Julio,dos Santos de Paulo,Igor,,,103,0,0,0,3,0,0,0,0,0,0,1,13,,,,0.0,0.0,2.62,0.87,11.36,0,13,3
150,u,0.0,0.0,4.4,532,111.0,0,0.0,-1,1.0,0.1,504,180.0,0,0,0.0,663.0,252.0,0,0,0.0,580.0,237.0,0.0,0.0,0.0,2778,0,38457,11,0.0,0.0,0.0,0.0,0.0,0.0,0.0,0.0,0.0,0.0,0.0,654.0,252.0,0.0,650.0,252.0,0.0,622.0,250.0,0.0,656.0,252.0,,,,25,,Tariq,Lamptey,Lamptey,has joined Fiorentina permanently.,,0,0,0,0,0,0,0,0,0,0,0,0,0,,,,0.0,0.0,0.0,0.0,0.0,0,0,0
151,a,100.0,100.0,4.5,440,87.0,0,0.0,0,0.0,4.3,80,27.0,87,0,3.8,89.0,32.0,6,334,2.2,156.0,59.0,0.5,19.3,0.0,901906,1516,506194,4977,2.2,2.2,2.05,0.9,2.94,32.83,0.09,0.04,0.13,1.43,673.6,7.0,3.0,134.7,194.0,49.0,226.0,92.0,8.0,103.7,47.0,4.0,,,,25,,Jan Paul,van Hecke,Van Hecke,,,2070,3,2,4,32,1,0,0,6,0,0,23,222,,,,0.0,0.17,1.39,1.0,8.35,32,160,72
152,a,100.0,100.0,4.3,574,123.0,0,0.0,-2,2.0,0.1,419,153.0,30,0,2.3,289.0,110.0,1,113,0.8,275.0,102.0,0.2,7.0,0.0,21241,52,33830,94,0.8,0.8,0.99,0.1,1.09,12.58,0.13,0.01,0.14,1.63,195.8,242.0,97.0,68.7,284.0,93.0,59.0,286.0,86.0,32.4,296.0,101.0,,,,25,,Joël,Veltman,Veltman,,,693,1,0,1,11,0,0,0,3,0,0,7,90,,,,0.0,0.13,1.43,0.91,10.13,27,51,29
153,i,0.0,0.0,4.4,523,103.0,0,0.0,-1,1.0,0.0,752,257.0,0,0,0.0,660.0,250.0,0,0,0.0,576.0,234.0,0.0,0.0,0.0,825,4,1625,3,0.0,0.0,0.0,0.0,0.0,0.0,0.0,0.0,0.0,0.0,0.0,651.0,250.0,0.0,647.0,250.0,0.0,619.0,248.0,0.0,653.0,250.0,,,,25,,Adam,Webster,Webster,Knee injury - Unknown return date,,0,0,0,0,0,0,0,0,0,0,0,0,0,,,,0.0,0.0,0.0,0.0,0.0,0,0,0
154,u,0.0,0.0,4.0,677,169.0,0,0.0,0,0.0,0.0,768,260.0,0,0,0.0,582.0,215.0,0,0,0.0,474.0,187.0,0.0,0.0,0.0,0,0,774,0,0.0,0.0,0.0,0.0,0.0,0.0,0.0,0.0,0.0,0.0,0.0,573.0,215.0,0.0,565.0,215.0,0.0,527.0,208.0,0.0,575.0,215.0,,,,25,,Eiran,Cashin,Cashin,has joined Blackburn Rovers on loan for the rest of the season.,,0,0,0,0,0,0,0,0,0,0,0,0,0,,,,0.0,0.0,0.0,0.0,0.0,0,0,0
155,u,0.0,0.0,4.0,718,195.0,0,0.0,0,0.0,0.1,490,175.0,0,0,0.0,616.0,234.0,0,0,0.0,511.0,209.0,0.0,0.0,0.0,3175,0,16460,12,0.0,0.0,0.0,0.0,0.0,0.0,0.0,0.0,0.0,0.0,0.0,607.0,234.0,0.0,599.0,234.0,0.0,562.0,228.0,0.0,609.0,234.0,,,,25,,Jacob,Slater,Slater,has joined Harrogate Town on loan until January.,,0,0,0,0,0,0,0,0,0,0,0,0,0,,,,0.0,0.0,0.0,0.0,0.0,0,0,0
157,a,100.0,100.0,6.1,83,55.0,0,0.0,-4,4.0,2.1,128,42.0,40,0,2.9,214.0,90.0,2,144,1.5,236.0,98.0,0.2,6.6,0.0,266584,660,816736,1456,1.5,1.5,2.13,1.71,3.84,14.87,0.19,0.15,0.34,1.32,181.0,255.0,108.0,272.6,88.0,65.0,212.0,99.0,62.0,66.2,145.0,80.0,,,,25,,Mitoma,Kaoru,Mitoma,,,1013,2,1,2,13,0,0,0,2,0,0,11,55,,,,0.0,0.18,1.15,0.98,4.89,8,12,35
158,a,100.0,100.0,5.6,133,83.0,0,0.0,-4,4.0,0.4,270,91.0,63,0,2.9,211.0,88.0,2,213,0.8,298.0,127.0,0.1,11.2,0.0,128245,93,239926,614,0.8,0.8,2.02,2.06,4.08,18.24,0.13,0.13,0.26,1.16,243.2,203.0,86.0,265.4,93.0,69.0,342.0,47.0,28.0,85.0,89.0,53.0,,,,25,,Georginio,Rutter,Georginio,,,1421,2,4,6,15,1,0,0,2,0,0,17,98,,,,0.0,0.38,0.95,1.08,6.21,21,32,45
159,d,25.0,25.0,5.8,105,67.0,0,0.0,-2,2.0,0.0,749,317.0,0,0,0.0,806.0,359.0,0,0,0.0,794.0,353.0,0.0,0.0,0.0,694,3,2504,5,0.0,0.0,0.0,0.0,0.0,0.0,0.0,0.0,0.0,0.0,0.0,806.0,359.0,0.0,806.0,359.0,0.0,805.0,359.0,0.0,806.0,359.0,,,,25,,Solly,March,March,Lack of match fitness - 25% chance of playing,,0,0,0,0,0,0,0,0,0,0,0,0,0,,,,0.0,0.0,0.0,0.0,0.0,0,0,0
160,a,100.0,100.0,5.7,122,75.0,0,0.0,-3,3.0,2.3,119,40.0,82,0,3.7,106.0,50.0,6,310,0.8,300.0,128.0,0.1,14.4,0.0,1914121,565,1801134,3476,0.8,0.8,2.91,2.78,5.69,24.74,0.16,0.16,0.32,1.39,308.2,150.0,53.0,448.0,27.0,26.0,457.0,25.0,12.0,121.6,33.0,26.0,1.0,,,25,,Yankuba,Minteh,Minteh,,,1606,1,8,6,25,0,0,0,0,0,0,18,122,,,,0.0,0.34,1.4,1.01,6.84,34,21,67
162,u,0.0,0.0,5.4,180,111.0,0,0.0,-1,1.0,0.1,575,214.0,35,0,1.9,347.0,154.0,2,114,0.5,340.0,154.0,0.1,6.5,0.0,16799,0,18801,101,0.0,0.0,1.86,0.88,2.74,13.82,0.24,0.11,0.35,1.76,134.4,299.0,134.0,217.1,119.0,84.0,152.0,154.0,88.0,50.0,217.0,110.0,,,,25,,Brajan,Gruda,Gruda,has joined Leipzig on loan for the rest of the season.,,708,1,1,2,11,0,0,0,2,0,0,8,58,,,,0.0,0.25,1.4,1.02,7.37,14,4,40
163,a,100.0,100.0,5.1,240,146.0,0,0.0,-4,4.0,0.0,590,221.0,36,0,2.8,231.0,95.0,2,141,0.5,336.0,150.0,0.1,7.1,0.0,8623,37,16231,49,0.5,0.5,0.7,0.34,1.04,15.67,0.1,0.05,0.15,2.15,132.6,301.0,135.0,56.1,311.0,174.0,93.0,234.0,127.0,28.4,313.0,151.0,,,,25,,Jack,Hinshelwood,Hinshelwood,,,655,1,2,1,13,0,0,0,0,0,0,7,65,,,,0.0,0.14,1.79,0.96,8.93,9,23,33
164,u,0.0,0.0,5.5,144,90.0,0,0.0,0,0.0,0.3,300,102.0,12,0,6.0,6.0,3.0,2,36,0.0,788.0,349.0,0.0,2.2,0.0,130744,0,198878,25,0.0,0.0,1.21,0.17,1.38,2.12,0.62,0.09,0.71,1.08,60.8,386.0,171.0,66.6,285.0,163.0,63.0,280.0,150.0,19.0,360.0,170.0,,,,25,,Matt,O'Riley,O'Riley,has joined Marseille on loan for the rest of the season.,,177,1,0,1,2,0,0,0,0,0,0,2,9,,,,0.0,0.51,1.02,1.02,4.58,4,3,2
165,u,0.0,0.0,5.4,181,112.0,0,0.0,-1,1.0,0.0,722,303.0,0,0,0.0,801.0,355.0,0,0,0.0,783.0,345.0,0.0,0.0,0.0,247,0,2229,2,0.0,0.0,0.0,0.0,0.0,0.0,0.0,0.0,0.0,0.0,0.0,801.0,355.0,0.0,800.0,355.0,0.0,796.0,354.0,0.0,801.0,355.0,,,,25,,Abdallah,Sima,Sima,has joined Lens permanently.,,0,0,0,0,0,0,0,0,0,0,0,0,0,,,,0.0,0.0,0.0,0.0,0.0,0,0,0
166,i,0.0,0.0,4.8,373,233.0,0,0.0,-2,2.0,0.9,195,65.0,83,0,4.0,68.0,32.0,7,351,4.2,47.0,21.0,0.9,17.3,0.0,198071,72,112584,9831,0.0,0.0,2.54,1.07,3.61,24.57,0.13,0.06,0.19,1.3,311.2,147.0,51.0,214.4,121.0,86.0,206.0,104.0,63.0,73.3,120.0,65.0,4.0,5.0,,25,,Yasin,Ayari,Ayari,Shoulder injury - Unknown return date,,1699,3,3,5,21,0,0,0,0,0,0,18,200,,,,0.0,0.26,1.11,0.95,10.59,43,46,111
167,a,100.0,100.0,4.5,461,277.0,0,0.0,-5,5.0,1.4,159,53.0,34,0,1.8,356.0,158.0,0,130,2.2,157.0,64.0,0.5,7.6,0.0,170366,2206,531552,431,2.2,2.2,0.36,0.26,0.62,15.16,0.03,0.02,0.05,1.25,83.6,348.0,155.0,77.2,269.0,159.0,25.0,350.0,183.0,18.6,362.0,171.0,,,,25,,Carlos,Baleba,Baleba,,,1088,0,0,4,15,0,0,0,4,0,0,16,133,,,,0.0,0.33,1.24,1.32,11.0,25,42,66
169,a,100.0,100.0,4.9,342,210.0,0,0.0,-1,1.0,0.2,402,133.0,56,0,2.7,242.0,100.0,5,238,1.0,267.0,112.0,0.2,11.4,0.0,74987,113,66764,186,1.0,1.0,4.45,1.18,5.63,21.84,0.28,0.08,0.36,1.39,285.6,170.0,66.0,243.2,103.0,74.0,301.0,62.0,38.0,83.0,93.0,55.0,,3.0,,25,,Diego,Gómez Amarilla,Gomez,,,1413,3,0,4,22,0,0,0,5,0,0,17,145,,,,0.0,0.25,1.4,1.08,9.24,51,30,64
170,a,100.0,100.0,4.9,286,178.0,0,0.0,-1,1.0,0.1,463,158.0,22,0,1.6,385.0,170.0,0,89,0.5,330.0,145.0,0.1,4.5,0.0,17586,60,22593,49,0.5,0.5,0.85,0.52,1.37,6.79,0.25,0.15,0.4,1.99,88.8,343.0,151.0,91.6,246.0,151.0,23.0,355.0,185.0,20.2,357.0,169.0,5.0,,1.0,25,,James,Milner,Milner,,,307,1,1,0,11,0,0,0,2,0,0,2,33,,,,0.0,0.0,3.22,0.59,9.67,5,9,19
171,u,0.0,0.0,4.9,330,204.0,0,0.0,-1,1.0,0.0,695,289.0,0,0,0.0,770.0,333.0,0,0,0.0,727.0,306.0,0.0,0.0,0.0,197,0,2942,2,0.0,0.0,0.0,0.0,0.0,0.0,0.0,0.0,0.0,0.0,0.0,770.0,333.0,0.0,766.0,333.0,0.0,756.0,329.0,0.0,770.0,333.0,,,,25,,Jeremy,Sarmiento Morante,Sarmiento,has joined Middlesbrough on loan for the rest of the season.,,0,0,0,0,0,0,0,0,0,0,0,0,0,,,,0.0,0.0,0.0,0.0,0.0,0,0,0
172,u,0.0,0.0,4.8,375,235.0,0,0.0,-2,2.0,0.0,631,251.0,5,0,0.8,504.0,235.0,0,15,0.0,707.0,293.0,0.0,1.0,0.0,2397,0,3875,39,0.0,0.0,0.04,0.03,0.07,1.72,0.06,0.05,0.11,2.72,6.0,464.0,208.0,2.4,447.0,214.0,7.0,409.0,198.0,1.6,468.0,212.0,,,,25,,Tom,Watson,Watson,has joined Millwall on loan for the rest of the season.,,57,0,0,0,2,0,0,0,1,0,0,0,5,,,,0.0,0.0,3.16,0.0,7.89,1,0,4
173,d,25.0,25.0,4.9,334,207.0,0,0.0,-1,1.0,0.1,436,147.0,58,0,3.6,112.0,52.0,3,250,0.0,730.0,308.0,0.0,11.8,0.0,79427,0,76012,152,0.0,0.0,1.2,1.47,2.67,16.4,0.09,0.11,0.2,1.25,303.4,158.0,59.0,229.5,110.0,79.0,131.0,183.0,103.0,66.5,143.0,78.0,,,,25,,Mats,Wieffer,Wieffer,Toe Injury - 25% chance of playing,,1179,0,4,3,17,0,0,0,4,0,0,13,184,,,,0.0,0.23,1.3,0.99,14.05,47,70,67
174,u,0.0,0.0,5.0,281,174.0,0,0.0,0,0.0,0.0,766,331.0,0,0,0.0,789.0,347.0,0,0,0.0,757.0,329.0,0.0,0.0,0.0,0,0,1262,0,0.0,0.0,0.0,0.0,0.0,0.0,0.0,0.0,0.0,0.0,0.0,789.0,347.0,0.0,787.0,347.0,0.0,781.0,345.0,0.0,789.0,347.0,,,,25,,Malick,Yalcouyé,Yalcouye,Has joined Swansea City on loan for the rest of the season.,,0,0,0,0,0,0,0,0,0,0,0,0,0,,,,0.0,0.0,0.0,0.0,0.0,0,0,0
175,u,0.0,,4.4,559,335.0,0,0.0,-1,1.0,0.1,521,188.0,1,0,1.0,461.0,204.0,0,3,0.0,597.0,213.0,0.0,0.2,0.0,11030,2,13991,91,0.0,0.0,0.0,0.0,0.0,0.0,0.0,0.0,0.0,0.0,0.0,670.0,256.0,0.0,665.0,260.0,0.0,639.0,248.0,0.0,672.0,258.0,,,,25,,Joe,Knight,Knight,has joined Stevenage permanently.,,1,0,0,0,0,0,0,0,0,0,0,0,0,,,,0.0,0.0,0.0,0.0,0.0,0,0,0
176,u,0.0,0.0,4.5,466,282.0,0,0.0,0,0.0,0.0,678,281.0,0,0,0.0,715.0,292.0,0,0,0.0,643.0,246.0,0.0,0.0,0.0,1435,0,4564,4,0.0,0.0,0.0,0.0,0.0,0.0,0.0,0.0,0.0,0.0,0.0,711.0,288.0,0.0,707.0,290.0,0.0,685.0,280.0,0.0,712.0,289.0,,,,25,,Adrian,Mazilu,Mazilu,has joined Dinamo Bucharest permanently.,,0,0,0,0,0,0,0,0,0,0,0,0,0,,,,0.0,0.0,0.0,0.0,0.0,0,0,0
177,u,0.0,0.0,4.5,455,271.0,0,0.0,0,0.0,0.0,687,286.0,0,0,0.0,707.0,284.0,0,0,0.0,635.0,238.0,0.0,0.0,0.0,490,0,5076,3,0.0,0.0,0.0,0.0,0.0,0.0,0.0,0.0,0.0,0.0,0.0,703.0,280.0,0.0,699.0,282.0,0.0,677.0,272.0,0.0,704.0,281.0,,,,25,,Andrew,Moran,Moran,Has joined Los Angeles FC on loan for the rest of the season.,,0,0,0,0,0,0,0,0,0,0,0,0,0,,,,0.0,0.0,0.0,0.0,0.0,0,0,0
178,a,100.0,100.0,6.2,71,23.0,0,0.0,-3,3.0,3.9,85,15.0,70,0,3.0,200.0,23.0,8,266,1.2,253.0,35.0,0.2,11.3,0.0,1962277,1849,2054164,5117,1.2,1.2,8.31,0.74,9.05,20.23,0.56,0.05,0.61,1.35,313.4,144.0,13.0,185.4,145.0,10.0,401.0,30.0,15.0,89.4,75.0,14.0,,2.0,2.0,25,,Danny,Welbeck,Welbeck,,,1345,8,0,4,20,0,0,2,4,0,0,15,62,,,,0.0,0.27,1.34,1.0,4.15,13,19,30
179,u,0.0,0.0,5.5,152,39.0,0,0.0,0,0.0,0.0,745,90.0,0,0,0.0,805.0,88.0,0,0,0.0,790.0,82.0,0.0,0.0,0.0,0,0,1556,0,0.0,0.0,0.0,0.0,0.0,0.0,0.0,0.0,0.0,0.0,0.0,805.0,88.0,0.0,804.0,88.0,0.0,801.0,88.0,0.0,805.0,88.0,,,,25,,Evan,Ferguson,Ferguson,Has joined AS Roma on loan for the rest of the season,,0,0,0,0,0,0,0,0,0,0,0,0,0,,,,0.0,0.0,0.0,0.0,0.0,0,0,0
180,i,0.0,0.0,5.2,222,51.0,0,0.0,-3,3.0,0.1,523,74.0,16,0,1.8,362.0,42.0,0,55,0.0,767.0,80.0,0.0,3.1,0.0,13057,5,22874,20,0.0,0.0,0.44,0.11,0.55,2.59,0.3,0.08,0.38,1.77,66.6,378.0,39.0,65.7,289.0,31.0,44.0,312.0,50.0,17.7,366.0,45.0,,,,25,,Stefanos,Tzimas,Tzimas,Knee injury - Expected back 01 Jun,,132,1,1,0,2,0,0,0,0,0,0,1,15,,,,0.0,0.0,1.36,0.68,10.23,3,2,10
181,a,,,4.8,377,64.0,0,0.0,-2,2.0,0.4,290,45.0,27,0,1.9,343.0,38.0,3,110,2.2,159.0,21.0,0.5,5.6,0.0,50757,375,69585,240,2.2,2.2,1.37,0.21,1.58,3.46,0.61,0.09,0.7,1.54,118.4,313.0,31.0,71.6,282.0,29.0,163.0,143.0,34.0,35.2,284.0,34.0,,,,25,,Charalampos,Kostoulas,Kostoulas,,,202,2,1,1,5,0,0,0,2,0,0,1,29,,,,0.0,0.45,2.23,0.45,12.92,9,2,18
744,a,,,4.5,471,285.0,0,0.0,0,0.0,0.0,714,299.0,1,0,1.0,468.0,210.0,0,3,0.0,647.0,249.0,0.0,0.2,0.0,2469,21,1765,9,0.0,0.0,0.0,0.0,0.0,0.0,0.0,0.0,0.0,0.0,0.0,715.0,291.0,0.0,710.0,292.0,0.0,689.0,283.0,0.0,716.0,292.0,,,,25,,Nehemiah,Oriola,Oriola,,,1,0,0,0,0,0,0,0,0,0,0,0,0,,,,0.0,0.0,0.0,0.0,0.0,0,0,0
761,a,,,4.0,723,200.0,0,0.0,0,0.0,0.0,728,251.0,0,0,0.0,620.0,238.0,0,0,0.0,516.0,214.0,0.0,0.0,0.0,692,17,505,13,0.0,0.0,0.0,0.0,0.0,0.0,0.0,0.0,0.0,0.0,0.0,611.0,238.0,0.0,603.0,238.0,0.0,566.0,232.0,0.0,613.0,238.0,,,,25,,Freddie,Simmonds,Simmonds,,,0,0,0,0,0,0,0,0,0,0,0,0,0,,,,0.0,0.0,0.0,0.0,0.0,0,0,0
783,a,,,5.5,136,84.0,0,0.0,0,0.0,0.1,486,169.0,19,0,3.8,95.0,43.0,4,85,4.2,49.0,23.0,0.8,3.5,0.0,15189,486,3848,235,4.2,4.2,0.49,0.8,1.29,5.51,0.12,0.19,0.31,1.32,96.6,334.0,147.0,146.4,182.0,121.0,61.0,284.0,152.0,30.2,306.0,148.0,,,,25,,Pascal,Groß,Groß,,,376,1,0,1,3,0,0,0,2,0,0,4,38,,,,0.0,0.24,0.72,0.96,9.1,6,14,18
220,a,100.0,100.0,4.9,312,13.0,0,0.0,-1,1.0,15.2,22,3.0,92,2,3.8,91.0,9.0,7,413,4.5,39.0,3.0,0.9,18.8,0.0,1594655,7608,2572298,10111,4.5,4.5,0.0,0.03,0.03,32.3,0.0,0.0,0.0,1.4,581.8,19.0,5.0,50.0,323.0,1.0,0.0,750.0,85.0,62.8,159.0,3.0,,,,25,,Robert,Lynch Sánchez,Sánchez,,,2074,0,1,9,27,0,0,0,2,1,65,24,89,,,,2.82,0.39,1.17,1.04,0.0,0,19,210
221,d,75.0,75.0,4.3,603,29.0,0,0.0,-2,2.0,0.2,391,58.0,3,0,1.5,398.0,30.0,0,18,0.0,555.0,84.0,0.0,0.7,0.0,14896,12,25936,95,0.0,0.0,0.0,0.0,0.0,2.78,0.0,0.0,0.0,1.44,28.2,424.0,30.0,0.0,631.0,81.0,0.0,601.0,68.0,2.8,452.0,30.0,,,,25,,Filip,Jörgensen,Jörgensen,Knock - 75% chance of playing,,174,0,0,0,3,0,0,0,0,0,3,1,7,,,,1.55,0.0,1.55,0.52,0.0,0,2,14
222,u,0.0,0.0,4.0,708,64.0,0,0.0,0,0.0,0.0,788,89.0,0,0,0.0,607.0,83.0,0,0,0.0,501.0,75.0,0.0,0.0,0.0,0,0,338,0,0.0,0.0,0.0,0.0,0.0,0.0,0.0,0.0,0.0,0.0,0.0,598.0,83.0,0.0,590.0,71.0,0.0,553.0,56.0,0.0,600.0,83.0,,,,25,,Mike,Penders,Penders,Has joined RC Strasbourg on loan for the rest of the season.,,0,0,0,0,0,0,0,0,0,0,0,0,0,,,,0.0,0.0,0.0,0.0,0.0,0,0,0
223,a,,,3.9,761,82.0,0,0.0,-1,1.0,0.1,455,70.0,0,0,0.0,549.0,50.0,0,0,0.0,439.0,41.0,0.0,0.0,0.0,9760,12,12015,45,0.0,0.0,0.0,0.0,0.0,0.0,0.0,0.0,0.0,0.0,0.0,540.0,50.0,0.0,529.0,35.0,0.0,489.0,20.0,0.0,542.0,50.0,,,,25,,Gabriel,Słonina,Slonina,,,0,0,0,0,0,0,0,0,0,0,0,0,0,,,,0.0,0.0,0.0,0.0,0.0,0,0,0
224,a,100.0,100.0,6.0,86,4.0,0,0.0,0,0.0,17.2,20,7.0,89,4,3.9,83.0,31.0,5,404,5.0,32.0,11.0,0.8,14.8,0.0,2645910,19250,3169481,4425,5.0,5.0,1.62,2.7,4.32,27.62,0.08,0.13,0.21,1.35,424.2,72.0,32.0,369.0,44.0,4.0,194.0,115.0,20.0,98.7,60.0,11.0,,,,25,,Marc,Cucurella Saseta,Cucurella,,,1840,1,3,9,21,0,0,0,5,1,0,21,176,,,,0.0,0.44,1.03,1.03,6.8,43,96,83
225,d,75.0,75.0,5.7,118,12.0,0,0.0,2,-2.0,10.1,39,14.0,97,0,4.2,56.0,22.0,9,402,3.5,83.0,31.0,0.6,17.0,0.0,2037779,405,1553842,48871,2.6,2.6,0.86,2.3,3.16,24.36,0.05,0.13,0.18,1.43,406.8,84.0,36.0,399.5,39.0,3.0,89.0,243.0,67.0,89.7,74.0,16.0,2.0,2.0,,25,,Reece,James,James,Knock - 75% chance of playing,,1534,2,5,7,16,0,0,0,4,0,0,16,144,,,,0.0,0.41,0.94,0.94,6.16,40,65,81
226,a,100.0,100.0,5.8,106,8.0,1,-1.0,8,-8.0,23.9,16,5.0,121,4,5.0,17.0,6.0,7,442,4.8,36.0,13.0,0.8,20.9,0.0,4564073,17982,1888151,15587,4.8,4.8,1.14,0.71,1.85,30.54,0.05,0.03,0.08,1.31,599.4,15.0,6.0,88.1,250.0,74.0,145.0,168.0,37.0,83.2,92.0,23.0,,,,25,,Trevoh,Chalobah,Chalobah,,,2100,3,1,9,27,0,0,0,3,1,0,24,246,,,,0.0,0.39,1.16,1.03,9.17,31,183,91
227,i,0.0,0.0,4.7,389,66.0,0,0.0,-3,3.0,0.1,465,170.0,0,0,0.0,754.0,259.0,0,0,0.0,695.0,248.0,0.0,0.0,0.0,1123,3,30483,10,0.0,0.0,0.0,0.0,0.0,0.0,0.0,0.0,0.0,0.0,0.0,754.0,259.0,0.0,749.0,259.0,0.0,734.0,258.0,0.0,754.0,259.0,,,,25,,Levi,Samuels Colwill,Colwill,Anterior cruciate ligament - Unknown return date,,0,0,0,0,0,0,0,0,0,0,0,0,0,,,,0.0,0.0,0.0,0.0,0.0,0,0,0
228,a,100.0,100.0,4.9,337,55.0,0,0.0,-1,1.0,2.0,129,50.0,77,2,3.5,120.0,43.0,7,299,1.0,266.0,97.0,0.2,15.7,0.0,442419,2540,425107,1917,1.0,1.0,1.37,1.09,2.46,23.94,0.09,0.07,0.16,1.55,311.0,148.0,65.0,248.5,101.0,25.0,141.0,171.0,38.0,70.0,132.0,41.0,,,,25,,Malo,Gusto,Gusto,,,1386,2,2,6,18,0,0,0,1,1,0,15,113,,,,0.0,0.39,1.17,0.97,5.39,37,46,83
229,a,100.0,100.0,4.4,535,114.0,0,0.0,-1,1.0,0.0,589,212.0,7,0,0.9,498.0,172.0,0,48,1.0,259.0,93.0,0.2,1.6,0.0,8512,40,6506,202,1.0,1.0,0.0,0.06,0.06,7.41,0.0,0.01,0.01,1.42,102.8,326.0,124.0,7.9,426.0,154.0,2.0,434.0,163.0,11.4,397.0,142.0,,,,25,,Benoît,Badiashile Mukinayi,B.Badiashile,,,470,0,0,0,10,0,0,0,2,0,0,6,51,,,,0.0,0.0,1.91,1.15,9.19,7,41,16
230,a,100.0,100.0,4.4,540,117.0,0,0.0,-1,1.0,0.4,267,101.0,48,2,3.4,128.0,46.0,3,219,1.8,204.0,75.0,0.4,10.9,0.0,100537,1232,82017,388,1.8,1.8,0.25,0.52,0.77,14.98,0.02,0.05,0.07,1.43,302.0,159.0,67.0,32.4,362.0,127.0,22.0,361.0,123.0,35.6,280.0,94.0,,,,25,,Wesley,Fofana,Fofana,,,941,0,1,4,10,0,0,0,2,0,0,10,132,,,,0.0,0.38,0.96,0.96,11.86,13,111,49
231,a,100.0,100.0,4.5,479,96.0,0,0.0,0,0.0,0.0,727,250.0,0,0,0.0,724.0,258.0,0,0,0.0,655.0,245.0,0.0,0.0,0.0,479,95,1998,17,0.0,0.0,0.0,0.0,0.0,0.0,0.0,0.0,0.0,0.0,0.0,722.0,258.0,0.0,717.0,258.0,0.0,697.0,257.0,0.0,723.0,258.0,,,,25,,Mamadou,Sarr,M.Sarr,,,0,0,0,0,0,0,0,0,0,0,0,0,0,,,,0.0,0.0,0.0,0.0,0.0,0,0,0
232,i,0.0,0.0,4.0,663,162.0,0,0.0,-5,5.0,0.3,339,124.0,30,0,2.7,237.0,93.0,2,115,0.8,272.0,99.0,0.2,7.5,0.0,105007,8,219657,184,0.0,0.0,0.11,0.4,0.5,10.99,0.01,0.05,0.06,1.4,216.2,223.0,88.0,32.0,364.0,129.0,19.0,369.0,127.0,26.8,325.0,112.0,,,,25,,Tosin,Adarabioyo,Tosin,Hamstring injury - Unknown return date,,704,0,0,2,11,0,0,0,2,0,0,7,101,,,,0.0,0.26,1.41,0.89,11.12,13,74,18
233,a,100.0,100.0,3.7,816,264.0,-1,1.0,-3,3.0,1.2,173,66.0,32,1,3.2,150.0,54.0,5,97,0.5,312.0,111.0,0.1,8.6,0.0,492550,4924,459730,874,0.5,0.5,0.6,0.09,0.69,12.21,0.11,0.02,0.13,2.25,118.4,311.0,118.0,27.0,374.0,134.0,64.0,277.0,81.0,21.1,351.0,121.0,,,,25,,Josh,Acheampong,Acheampong,,,488,1,0,2,9,0,0,0,0,0,0,6,52,,,,0.0,0.37,1.66,1.11,6.64,8,28,19
234,u,0.0,0.0,4.0,729,206.0,0,0.0,0,0.0,0.1,570,205.0,0,0,0.0,624.0,242.0,0,0,0.0,520.0,218.0,0.0,0.0,0.0,1262,0,10060,27,0.0,0.0,0.0,0.0,0.0,0.0,0.0,0.0,0.0,0.0,0.0,615.0,242.0,0.0,607.0,242.0,0.0,571.0,237.0,0.0,617.0,242.0,,,,25,,Aarón,Anselmino,Anselmino,has joined Strasbourg on loan for the rest of the season.,,0,0,0,0,0,0,0,0,0,0,0,0,0,,,,0.0,0.0,0.0,0.0,0.0,0,0,0
235,a,100.0,100.0,10.4,3,2.0,0,0.0,-1,1.0,12.5,29,10.0,67,20,4.8,29.0,13.0,4,228,7.8,4.0,3.0,0.7,6.4,0.0,1714586,55261,6928037,3745,7.8,7.8,5.96,0.44,6.4,16.46,0.59,0.04,0.63,1.64,306.4,152.0,54.0,127.5,201.0,133.0,288.0,66.0,42.0,72.1,126.0,69.0,,1.0,1.0,25,,Cole,Palmer,Palmer,,,903,7,1,2,13,0,0,0,2,0,0,12,69,,,,0.0,0.2,1.3,1.2,6.88,12,15,42
236,a,100.0,75.0,7.0,38,23.0,-1,1.0,0,0.0,5.3,70,24.0,98,2,3.9,86.0,41.0,6,423,2.5,149.0,62.0,0.4,14.0,0.0,1878665,517,1782673,17760,2.5,1.9,4.12,4.8,8.92,25.77,0.19,0.22,0.41,1.19,409.8,83.0,27.0,614.6,10.0,10.0,406.0,29.0,15.0,143.3,16.0,12.0,1.0,4.0,,25,,Pedro,Lomba Neto,Neto,,,1956,5,4,10,17,0,0,0,2,0,0,22,97,,,,0.0,0.46,0.78,1.01,4.46,15,16,66
237,a,100.0,100.0,6.9,43,25.0,1,-1.0,4,-4.0,23.5,17,6.0,116,2,4.8,26.0,11.0,14,480,6.0,14.0,10.0,0.9,16.8,0.0,5111482,27676,2830919,28641,6.0,6.0,9.52,4.44,13.96,29.84,0.42,0.19,0.61,1.31,598.4,17.0,5.0,624.1,9.0,9.0,581.0,13.0,5.0,180.5,3.0,2.0,3.0,3.0,2.0,25,,Enzo,Fernández,Enzo,,,2054,8,3,8,25,0,0,0,6,0,0,23,172,,,,0.0,0.35,1.1,1.01,7.54,42,37,93
238,a,100.0,100.0,6.4,62,40.0,0,0.0,-1,1.0,2.6,111,33.0,52,0,2.9,215.0,91.0,4,163,3.2,100.0,43.0,0.5,8.1,0.0,828251,2663,767180,9277,3.2,3.2,2.76,2.1,4.86,8.12,0.37,0.28,0.65,1.08,172.4,260.0,110.0,202.2,131.0,92.0,274.0,70.0,43.0,64.7,151.0,84.0,4.0,,3.0,25,,Estêvão,Almeida de Oliveira Gonçalves,Estêvão,,,675,2,5,3,8,0,0,0,3,0,0,9,44,,,,0.0,0.4,1.07,1.2,5.87,9,5,30
239,i,0.0,0.0,6.0,87,56.0,0,0.0,-5,5.0,0.1,462,157.0,25,0,1.6,392.0,175.0,0,99,0.5,345.0,155.0,0.1,4.2,0.0,17057,4,41058,126,0.0,0.0,0.81,0.94,1.75,8.89,0.15,0.17,0.32,1.65,93.0,338.0,148.0,130.4,196.0,130.0,91.0,239.0,131.0,31.3,303.0,146.0,,,,25,,Jamie,Bynoe-Gittens,Gittens,Hamstring injury - Unknown return date,,486,0,2,1,7,0,0,0,0,0,0,5,29,,,,0.0,0.19,1.3,0.93,5.37,8,6,15
240,u,0.0,0.0,5.9,96,61.0,0,0.0,-1,1.0,0.1,512,182.0,0,0,0.0,807.0,360.0,0,0,0.0,795.0,354.0,0.0,0.0,0.0,2668,0,23668,4,0.0,0.0,0.0,0.0,0.0,0.0,0.0,0.0,0.0,0.0,0.0,807.0,360.0,0.0,807.0,360.0,0.0,807.0,360.0,0.0,807.0,360.0,,,,25,,Christopher,Nkunku,Nkunku,has joined AC Milan permanently.,,0,0,0,0,0,0,0,0,0,0,0,0,0,,,,0.0,0.0,0.0,0.0,0.0,0,0,0
241,a,100.0,100.0,5.7,120,74.0,0,0.0,2,-2.0,8.0,49,18.0,84,5,4.2,57.0,26.0,10,396,3.8,79.0,35.0,0.7,14.7,0.0,3189477,4392,3094584,4651,3.8,3.8,1.06,1.15,2.21,25.66,0.06,0.06,0.12,1.37,435.2,66.0,20.0,239.0,107.0,77.0,100.0,225.0,124.0,77.2,111.0,61.0,,,,25,,Moisés,Caicedo Corozo,Caicedo,,,1684,3,1,6,23,0,0,0,7,1,0,19,254,,,,0.0,0.32,1.23,1.02,13.57,61,75,118
244,i,0.0,0.0,4.9,343,211.0,0,0.0,-1,1.0,0.0,696,290.0,4,0,1.0,484.0,223.0,0,22,0.0,733.0,309.0,0.0,0.8,0.0,2533,1,4550,6,0.0,0.0,0.0,0.05,0.05,2.79,0.0,0.04,0.04,2.39,9.6,453.0,202.0,7.5,427.0,208.0,2.0,441.0,216.0,1.8,462.0,208.0,,,,25,,Roméo,Lavia,Lavia,Thigh injury - Unknown return date,,105,0,0,0,3,0,0,0,0,0,0,1,11,,,,0.0,0.0,2.57,0.86,9.43,2,5,4
245,s,0.0,0.0,4.9,333,206.0,0,0.0,-1,1.0,0.0,738,312.0,0,0,0.0,772.0,334.0,0,0,0.0,729.0,307.0,0.0,0.0,0.0,916,5,1241,7,0.0,0.0,0.0,0.0,0.0,0.0,0.0,0.0,0.0,0.0,0.0,772.0,334.0,0.0,768.0,334.0,0.0,758.0,330.0,0.0,772.0,334.0,,,,25,,Mykhailo,Mudryk,Mudryk,Suspended - unknown return date,,0,0,0,0,0,0,0,0,0,0,0,0,0,,,,0.0,0.0,0.0,0.0,0.0,0,0,0
246,d,75.0,100.0,4.5,460,276.0,0,0.0,0,0.0,0.3,324,108.0,24,2,1.3,417.0,185.0,0,122,1.5,224.0,93.0,0.3,5.3,0.0,68524,308,77670,291,1.1,1.5,1.7,0.66,2.36,10.86,0.21,0.08,0.29,1.36,124.0,307.0,139.0,116.9,210.0,136.0,59.0,287.0,153.0,29.9,307.0,149.0,,,,25,,Andrey,Nascimento dos Santos,Andrey Santos,Knock - 75% chance of playing,,717,0,0,1,7,0,0,0,4,0,0,7,88,,,,0.0,0.13,0.88,0.88,11.05,22,33,33
247,i,0.0,0.0,4.3,597,348.0,0,0.0,-2,2.0,0.1,580,217.0,0,0,0.0,641.0,239.0,0,0,0.0,550.0,183.0,0.0,0.0,0.0,11205,72,13436,35,0.0,0.0,0.0,0.0,0.0,0.0,0.0,0.0,0.0,0.0,0.0,632.0,230.0,0.0,627.0,235.0,0.0,596.0,219.0,0.0,634.0,232.0,,,,25,,Dário,Luís Essugo,D.Essugo,Knock - Expected back 21 Feb,,0,0,0,0,0,0,0,0,0,0,0,0,0,,,,0.0,0.0,0.0,0.0,0.0,0,0,0
248,u,0.0,0.0,4.5,500,307.0,0,0.0,0,0.0,0.0,771,333.0,0,0,0.0,739.0,309.0,0,0,0.0,673.0,269.0,0.0,0.0,0.0,0,0,946,0,0.0,0.0,0.0,0.0,0.0,0.0,0.0,0.0,0.0,0.0,0.0,739.0,309.0,0.0,733.0,309.0,0.0,714.0,302.0,0.0,739.0,309.0,,,,25,,Kendry,Páez Andrade,Paez,has joined River Plate on loan for the rest of the season.,,0,0,0,0,0,0,0,0,0,0,0,0,0,,,,0.0,0.0,0.0,0.0,0.0,0,0,0
249,a,,,7.6,21,7.0,1,-1.0,1,-1.0,42.6,3,2.0,122,8,4.9,23.0,4.0,23,499,9.5,2.0,1.0,1.3,16.1,0.0,6637591,73255,7932962,6324,9.5,9.5,7.75,1.5,9.25,24.96,0.39,0.08,0.47,1.25,527.0,37.0,4.0,362.3,45.0,1.0,562.0,16.0,10.0,144.7,15.0,4.0,,,,25,,João Pedro,Junqueira de Jesus,João Pedro,,,1797,9,7,9,18,0,0,0,3,0,0,21,107,,,,0.0,0.45,0.9,1.05,5.36,18,34,55
250,a,100.0,100.0,6.2,76,25.0,0,0.0,-3,3.0,1.0,191,31.0,32,1,2.0,336.0,37.0,1,101,2.8,129.0,17.0,0.5,5.2,0.0,103805,482,453038,900,2.8,2.8,3.41,0.18,3.59,10.32,0.44,0.02,0.46,1.33,57.8,391.0,42.0,50.8,321.0,35.0,279.0,69.0,25.0,38.2,268.0,31.0,,,,25,,Liam,Delap,Delap,,,697,1,2,2,12,0,0,0,2,0,0,9,23,,,,0.0,0.26,1.55,1.16,2.97,2,7,14
251,u,0.0,0.0,6.5,55,19.0,0,0.0,0,0.0,0.1,527,75.0,0,0,0.0,813.0,91.0,0,0,0.0,808.0,88.0,0.0,0.0,0.0,4962,0,15291,4,0.0,0.0,0.0,0.0,0.0,0.0,0.0,0.0,0.0,0.0,0.0,813.0,91.0,0.0,813.0,91.0,0.0,813.0,91.0,0.0,813.0,91.0,,,,25,,Nicolas,Jackson,N.Jackson,has joined Bayern Munich on loan for the rest of the season.,,0,0,0,0,0,0,0,0,0,0,0,0,0,,,,0.0,0.0,0.0,0.0,0.0,0,0,0
252,a,100.0,100.0,4.2,642,88.0,0,0.0,-3,3.0,6.0,61,12.0,12,0,1.3,415.0,52.0,0,19,0.0,533.0,50.0,0.0,2.9,0.0,1158921,2666,2619914,3700,0.0,0.0,1.46,0.29,1.75,5.65,0.53,0.11,0.64,2.06,24.6,430.0,50.0,38.8,349.0,42.0,81.0,251.0,46.0,12.6,383.0,46.0,,,,25,,Marc,Guiu Paz,Marc Guiu,,,247,0,1,0,2,0,0,0,1,0,0,1,7,,,,0.0,0.0,0.73,0.36,2.55,0,4,3
453,a,,,6.4,61,39.0,0,0.0,-1,1.0,0.5,255,86.0,42,1,2.6,257.0,111.0,2,151,0.8,307.0,133.0,0.1,6.6,0.0,232663,332,215580,1075,0.8,0.8,2.49,2.57,5.06,16.16,0.25,0.26,0.51,1.64,141.0,291.0,129.0,247.4,102.0,73.0,273.0,71.0,44.0,65.2,150.0,83.0,,,,25,,Alejandro,Garnacho Ferreyra,Garnacho,,,889,1,3,4,12,0,0,0,1,0,0,12,49,,,,0.0,0.4,1.21,1.21,4.96,8,7,34
672,a,100.0,100.0,4.6,404,71.0,0,0.0,-4,4.0,0.2,394,146.0,8,1,0.8,503.0,175.0,0,26,0.8,279.0,104.0,0.2,1.7,0.0,13282,99,37590,73,0.8,0.8,0.22,0.09,0.31,5.26,0.06,0.03,0.09,1.47,67.2,377.0,144.0,41.0,345.0,119.0,17.0,377.0,132.0,12.5,385.0,137.0,,,,25,,Jorrel,Hato,Hato,,,321,0,0,0,7,0,0,0,2,0,0,3,37,,,,0.0,0.0,1.96,0.84,8.97,11,21,13
803,a,,,4.0,696,59.0,0,0.0,0,0.0,0.0,806,94.0,0,0,0.0,598.0,78.0,0,0,0.0,491.0,70.0,0.0,0.0,0.0,61,5,23,3,0.0,0.0,0.0,0.0,0.0,0.0,0.0,0.0,0.0,0.0,0.0,589.0,78.0,0.0,581.0,66.0,0.0,543.0,51.0,0.0,591.0,78.0,,,,25,,Teddy,Sharman-Lowe,Sharman-Lowe,,,0,0,0,0,0,0,0,0,0,0,0,0,0,,,,0.0,0.0,0.0,0.0,0.0,0,0,0
253,a,,,5.0,246,8.0,0,0.0,0,0.0,7.3,53,8.0,84,0,3.5,122.0,11.0,2,368,1.2,247.0,20.0,0.2,16.8,0.0,858412,3539,849908,4288,1.2,1.2,0.0,0.08,0.08,32.4,0.0,0.0,0.0,1.35,519.0,40.0,11.0,10.0,419.0,11.0,0.0,765.0,87.0,52.8,203.0,11.0,,,,25,,Dean,Henderson,Henderson,,,2160,0,0,8,29,0,0,0,2,0,64,24,80,,,,2.67,0.33,1.21,1.0,0.0,0,35,188
254,a,100.0,100.0,4.0,665,45.0,0,0.0,0,0.0,0.3,314,43.0,0,0,0.0,572.0,65.0,0,0,0.0,463.0,56.0,0.0,0.0,0.0,13547,120,29435,67,0.0,0.0,0.0,0.0,0.0,0.0,0.0,0.0,0.0,0.0,0.0,563.0,65.0,0.0,554.0,52.0,0.0,515.0,37.0,0.0,565.0,65.0,,,,25,,Walter,Benítez,Benitez,,,0,0,0,0,0,0,0,0,0,0,0,0,0,,,,0.0,0.0,0.0,0.0,0.0,0,0,0
255,a,,,3.9,746,76.0,0,0.0,-1,1.0,0.1,470,71.0,0,0,0.0,540.0,44.0,0,0,0.0,429.0,35.0,0.0,0.0,0.0,5541,36,8180,14,0.0,0.0,0.0,0.0,0.0,0.0,0.0,0.0,0.0,0.0,0.0,531.0,44.0,0.0,520.0,29.0,0.0,480.0,14.0,0.0,533.0,44.0,,,,25,,Remi,Matthews,Matthews,,,0,0,0,0,0,0,0,0,0,0,0,0,0,,,,0.0,0.0,0.0,0.0,0.0,0,0,0
256,a,100.0,100.0,5.8,108,9.0,0,0.0,3,-3.0,6.9,54,17.0,92,0,5.8,9.0,3.0,7,308,0.8,301.0,110.0,0.1,15.9,0.0,3364220,10507,3637639,2610,0.8,0.8,1.83,2.27,4.1,19.5,0.12,0.14,0.26,1.23,367.2,106.0,47.0,186.0,144.0,36.0,251.0,80.0,5.0,80.2,99.0,29.0,,,,25,,Daniel,Muñoz Mejía,Muñoz,,,1425,3,3,7,15,0,0,0,4,0,0,16,151,,,,0.0,0.44,0.95,1.01,7.01,35,76,60
257,a,,,5.1,233,33.0,0,0.0,1,-1.0,5.7,65,21.0,102,0,4.2,55.0,21.0,4,380,1.0,270.0,98.0,0.2,20.0,0.0,1442963,5595,947853,6170,1.0,1.0,1.37,0.65,2.02,32.4,0.06,0.03,0.09,1.35,543.8,29.0,9.0,76.5,271.0,84.0,146.0,166.0,36.0,76.6,112.0,36.0,,,,25,,Maxence,Lacroix,Lacroix,,,2160,0,2,8,29,0,0,0,3,0,0,24,277,,,,0.0,0.33,1.21,1.0,10.42,45,205,67
258,a,,,5.0,256,39.0,0,0.0,0,0.0,2.0,130,51.0,87,0,3.6,113.0,40.0,5,313,0.8,287.0,106.0,0.2,17.4,0.0,410362,1266,350552,1331,0.8,0.8,0.86,1.36,2.22,32.4,0.04,0.06,0.1,1.37,427.8,70.0,31.0,303.5,73.0,16.0,150.0,155.0,31.0,88.2,80.0,19.0,,,,25,,Tyrick,Mitchell,Mitchell,,,2128,1,0,8,29,0,0,0,5,0,0,24,216,,,,0.0,0.34,1.23,1.02,7.11,68,100,118
259,a,100.0,100.0,4.8,361,60.0,0,0.0,-2,2.0,0.1,457,167.0,5,0,1.0,479.0,170.0,0,10,0.2,372.0,140.0,0.0,1.0,0.0,9290,112,17325,30,0.2,0.2,0.0,0.06,0.06,0.83,0.0,0.1,0.1,1.41,11.0,449.0,166.0,12.2,401.0,147.0,4.0,421.0,157.0,2.7,454.0,164.0,,,,25,,Borna,Sosa,Sosa,,,53,0,0,0,1,0,0,0,0,0,0,0,8,,,,0.0,0.0,1.7,0.0,11.89,3,4,1
261,a,100.0,100.0,4.4,537,116.0,0,0.0,-1,1.0,2.1,126,48.0,85,0,4.2,51.0,18.0,1,311,2.5,139.0,51.0,0.6,19.3,0.0,820712,3798,740077,965,2.5,2.5,0.82,1.22,2.04,25.83,0.04,0.06,0.1,1.3,490.6,50.0,23.0,88.5,248.0,72.0,99.0,226.0,58.0,68.1,140.0,44.0,,,,25,,Chris,Richards,Richards,,,1792,1,0,7,25,0,0,0,2,0,0,20,221,,,,0.0,0.35,1.26,1.0,10.5,43,166,38
262,a,100.0,100.0,4.0,701,182.0,0,0.0,0,0.0,0.0,637,223.0,5,0,2.5,260.0,100.0,0,22,1.2,240.0,87.0,0.3,1.2,0.0,3252,180,2398,33,1.2,1.2,0.09,0.02,0.11,0.24,0.11,0.02,0.13,0.29,30.6,419.0,157.0,14.3,394.0,143.0,8.0,395.0,145.0,5.3,431.0,154.0,,,,25,,Chadi,Riad Dnanou,Chadi Riad,,,74,0,1,0,1,0,0,0,1,0,0,1,3,,,,0.0,0.0,1.22,1.22,3.65,0,3,5
263,a,100.0,100.0,3.8,782,232.0,0,0.0,-2,2.0,0.6,241,89.0,14,0,2.0,321.0,120.0,2,50,0.0,394.0,145.0,0.0,3.7,0.0,86896,214,94044,324,0.0,0.0,0.43,0.56,0.99,5.77,0.09,0.12,0.21,1.24,74.4,364.0,137.0,46.3,332.0,112.0,31.0,338.0,109.0,15.1,374.0,132.0,,,,25,,Nathaniel,Clyne,Clyne,,,418,0,1,0,8,0,0,0,0,0,0,6,34,,,,0.0,0.0,1.72,1.29,7.32,12,22,15
264,u,0.0,0.0,4.0,666,163.0,0,0.0,0,0.0,0.0,684,236.0,0,0,0.0,573.0,210.0,0,0,0.0,464.0,182.0,0.0,0.0,0.0,0,0,3883,0,0.0,0.0,0.0,0.0,0.0,0.0,0.0,0.0,0.0,0.0,0.0,564.0,210.0,0.0,555.0,210.0,0.0,516.0,202.0,0.0,566.0,210.0,,,,25,,Rob,Holding,Holding,Has joined Colorado Rapids permanently.,,0,0,0,0,0,0,0,0,0,0,0,0,0,,,,0.0,0.0,0.0,0.0,0.0,0,0,0
265,i,0.0,0.0,4.0,719,196.0,0,0.0,0,0.0,0.0,720,247.0,0,0,0.0,617.0,235.0,0,0,0.0,512.0,210.0,0.0,0.0,0.0,612,2,2194,3,0.0,0.0,0.0,0.0,0.0,0.0,0.0,0.0,0.0,0.0,0.0,608.0,235.0,0.0,600.0,235.0,0.0,563.0,229.0,0.0,610.0,235.0,,,,25,,Caleb,Kporha,Kporha,Back injury - Unknown return date,,0,0,0,0,0,0,0,0,0,0,0,0,0,,,,0.0,0.0,0.0,0.0,0.0,0,0,0
267,a,100.0,100.0,6.3,69,46.0,0,0.0,-2,2.0,2.4,116,38.0,61,0,4.4,43.0,22.0,6,190,2.2,173.0,74.0,0.3,9.7,0.0,2294792,5948,2611643,840,2.2,2.2,5.65,0.6,6.24,17.01,0.43,0.05,0.48,1.29,245.0,198.0,84.0,181.8,150.0,104.0,265.0,74.0,47.0,69.3,134.0,74.0,,,,25,,Ismaïla,Sarr,Sarr,,,1189,4,1,6,13,0,0,0,1,0,0,14,83,,,,0.0,0.45,0.98,1.06,6.28,11,29,43
268,i,0.0,0.0,4.9,328,203.0,0,0.0,-1,1.0,0.0,784,343.0,0,0,0.0,769.0,332.0,0,0,0.0,725.0,305.0,0.0,0.0,0.0,388,0,625,1,0.0,0.0,0.0,0.0,0.0,0.0,0.0,0.0,0.0,0.0,0.0,769.0,332.0,0.0,765.0,332.0,0.0,755.0,328.0,0.0,769.0,332.0,,,,25,,Cheick,Doucouré,Doucouré,Knee injury - Unknown return date,,0,0,0,0,0,0,0,0,0,0,0,0,0,,,,0.0,0.0,0.0,0.0,0.0,0,0,0
269,u,0.0,0.0,4.7,395,247.0,0,0.0,-3,3.0,0.1,446,153.0,4,0,1.0,477.0,218.0,0,12,0.0,698.0,287.0,0.0,0.9,0.0,11622,0,28218,57,0.0,0.0,0.0,0.04,0.04,1.74,0.0,0.09,0.09,3.92,6.8,459.0,206.0,2.7,444.0,213.0,6.0,413.0,200.0,1.5,470.0,214.0,,,,25,,Romain,Esse,Esse,has joined Coventry City on loan for the rest of the season.,,40,0,0,0,0,0,0,0,0,0,0,0,5,,,,0.0,0.0,0.0,0.0,11.25,3,0,2
270,a,100.0,100.0,4.7,380,237.0,0,0.0,-3,3.0,0.1,468,161.0,34,0,1.6,383.0,169.0,0,165,2.0,187.0,78.0,0.4,7.2,0.0,19270,149,22752,77,2.0,2.0,1.02,1.24,2.26,15.91,0.09,0.11,0.2,1.35,135.4,297.0,133.0,223.2,117.0,82.0,77.0,257.0,138.0,43.6,239.0,119.0,5.0,,,25,,Will,Hughes,Hughes,,,1061,0,1,4,13,0,0,0,4,0,0,12,101,,,,0.0,0.34,1.1,1.02,8.57,19,36,46
271,a,100.0,100.0,5.0,251,152.0,0,0.0,0,0.0,0.1,531,192.0,45,0,3.2,154.0,68.0,0,199,0.0,741.0,315.0,0.0,9.0,0.0,42932,64,42397,20,0.0,0.0,0.9,1.54,2.44,14.31,0.07,0.12,0.19,1.1,141.0,290.0,128.0,164.6,167.0,114.0,110.0,210.0,114.0,41.6,255.0,126.0,2.0,,,25,,Daichi,Kamada,Kamada,,,1166,0,2,6,11,0,0,0,1,0,0,14,126,,,,0.0,0.46,0.85,1.08,9.73,39,23,64
272,a,100.0,100.0,4.9,291,180.0,0,0.0,-1,1.0,0.1,540,197.0,45,0,2.1,314.0,137.0,3,174,3.0,108.0,44.0,0.6,9.2,0.0,9036,177,11423,45,3.0,3.0,1.01,0.8,1.81,13.39,0.09,0.07,0.16,1.18,171.0,262.0,111.0,137.8,191.0,128.0,164.0,141.0,83.0,47.3,227.0,114.0,,,,25,,Jefferson,Lerma Solís,Lerma,,,1021,0,3,4,12,0,0,0,5,0,0,10,124,,,,0.0,0.35,1.06,0.88,10.93,13,51,60
273,a,100.0,100.0,5.0,268,163.0,0,0.0,0,0.0,0.6,240,83.0,66,0,3.1,176.0,77.0,4,330,0.0,750.0,323.0,0.0,13.2,0.0,154610,602,159390,687,0.0,0.0,0.96,4.72,5.67,27.69,0.05,0.25,0.3,1.44,290.4,168.0,64.0,439.7,29.0,28.0,105.0,220.0,121.0,83.6,90.0,54.0,3.0,,,25,,Adam,Wharton,Wharton,,,1726,0,3,6,27,0,0,0,3,1,0,21,206,,,,0.0,0.31,1.41,1.1,10.74,51,47,108
274,a,,,4.3,613,358.0,0,0.0,-2,2.0,0.1,539,196.0,0,0,0.0,651.0,247.0,0,0,0.0,564.0,193.0,0.0,0.0,0.0,7001,524,7929,66,0.0,0.0,0.0,0.0,0.0,0.0,0.0,0.0,0.0,0.0,0.0,642.0,238.0,0.0,638.0,243.0,0.0,608.0,228.0,0.0,644.0,240.0,,,,25,,Asher,Agbinone,Agbinone,,,0,0,0,0,0,0,0,0,0,0,0,0,0,,,,0.0,0.0,0.0,0.0,0.0,0,0,0
275,u,0.0,0.0,4.3,590,345.0,0,0.0,-2,2.0,0.0,614,236.0,0,0,0.0,639.0,237.0,0,0,0.0,548.0,181.0,0.0,0.0,0.0,5497,0,7447,19,0.0,0.0,0.0,0.0,0.0,0.0,0.0,0.0,0.0,0.0,0.0,630.0,228.0,0.0,625.0,233.0,0.0,594.0,217.0,0.0,632.0,230.0,,,,25,,Naouirou,Ahamada,Ahamada,has joined AJ Auxerre permanently.,,0,0,0,0,0,0,0,0,0,0,0,0,0,,,,0.0,0.0,0.0,0.0,0.0,0,0,0
276,d,50.0,50.0,4.3,594,347.0,0,0.0,-2,2.0,1.3,165,55.0,29,0,1.6,380.0,167.0,0,81,0.5,321.0,138.0,0.1,6.7,0.0,263576,704,305167,1828,0.2,0.2,2.38,0.36,2.74,10.05,0.36,0.05,0.41,1.53,86.6,344.0,152.0,94.5,242.0,150.0,164.0,140.0,82.0,34.5,286.0,139.0,,2.0,,25,,Justin,Devenny,Devenny,Ankle injury - 50% chance of playing,,593,1,0,1,10,0,0,0,0,0,0,5,48,,,,0.0,0.15,1.52,0.76,7.28,16,8,24
277,u,0.0,0.0,4.5,433,259.0,0,0.0,0,0.0,0.0,789,346.0,0,0,0.0,696.0,274.0,0,0,0.0,622.0,227.0,0.0,0.0,0.0,0,0,745,0,0.0,0.0,0.0,0.0,0.0,0.0,0.0,0.0,0.0,0.0,0.0,691.0,269.0,0.0,687.0,272.0,0.0,664.0,262.0,0.0,693.0,271.0,,,,25,,Malcolm,Ebiowei,Ebiowei,Has joined Blackpool permanently.,,0,0,0,0,0,0,0,0,0,0,0,0,0,,,,0.0,0.0,0.0,0.0,0.0,0,0,0
278,u,0.0,0.0,4.4,543,324.0,0,0.0,-1,1.0,0.0,640,258.0,0,0,0.0,666.0,255.0,0,0,0.0,585.0,204.0,0.0,0.0,0.0,4359,0,9389,13,0.0,0.0,0.0,0.0,0.0,0.0,0.0,0.0,0.0,0.0,0.0,658.0,247.0,0.0,654.0,252.0,0.0,626.0,238.0,0.0,660.0,249.0,,,,25,,Jesurun,Rak-Sakyi,J.Rak-Sakyi,has joined Stoke City on loan for the rest of the season.,,0,0,0,0,0,0,0,0,0,0,0,0,0,,,,0.0,0.0,0.0,0.0,0.0,0,0,0
279,u,0.0,0.0,4.5,464,280.0,0,0.0,0,0.0,0.0,758,324.0,0,0,0.0,714.0,291.0,0,0,0.0,642.0,245.0,0.0,0.0,0.0,95,0,1641,1,0.0,0.0,0.0,0.0,0.0,0.0,0.0,0.0,0.0,0.0,0.0,710.0,287.0,0.0,706.0,289.0,0.0,684.0,279.0,0.0,711.0,288.0,,,,25,,Matheus,França de Oliveira,M.França,Has joined CR Vasco da Gama on loan for the rest of the season.,,0,0,0,0,0,0,0,0,0,0,0,0,0,,,,0.0,0.0,0.0,0.0,0.0,0,0,0
280,u,0.0,0.0,4.5,459,275.0,0,0.0,0,0.0,0.0,807,358.0,0,0,0.0,711.0,288.0,0,0,0.0,639.0,242.0,0.0,0.0,0.0,0,0,189,0,0.0,0.0,0.0,0.0,0.0,0.0,0.0,0.0,0.0,0.0,0.0,707.0,284.0,0.0,703.0,286.0,0.0,681.0,276.0,0.0,708.0,285.0,,,,25,,David,Ozoh,Ozoh,Has joined Derby County on loan for the rest of the season.,,0,0,0,0,0,0,0,0,0,0,0,0,0,,,,0.0,0.0,0.0,0.0,0.0,0,0,0
282,u,0.0,0.0,4.5,478,291.0,0,0.0,0,0.0,0.0,691,287.0,0,0,0.0,723.0,298.0,0,0,0.0,654.0,255.0,0.0,0.0,0.0,860,0,3037,2,0.0,0.0,0.0,0.0,0.0,0.0,0.0,0.0,0.0,0.0,0.0,721.0,296.0,0.0,716.0,297.0,0.0,696.0,289.0,0.0,722.0,297.0,,,,25,,Franco,Umeh-Chibueze,Umeh,has joined Portsmouth permanently.,,0,0,0,0,0,0,0,0,0,0,0,0,0,,,,0.0,0.0,0.0,0.0,0.0,0,0,0
283,i,0.0,0.0,7.5,23,8.0,0,0.0,0,0.0,8.0,50,10.0,84,0,3.7,108.0,11.0,9,281,1.0,271.0,38.0,0.1,11.2,0.0,4729400,50,4951634,30503,0.0,0.0,11.88,1.26,13.14,26.67,0.56,0.06,0.62,1.26,411.8,81.0,6.0,119.7,208.0,21.0,664.0,5.0,4.0,119.4,35.0,8.0,,,2.0,25,,Jean-Philippe,Mateta,Mateta,Knee injury - Unknown return date,,1904,8,0,8,23,0,0,0,2,0,0,23,110,,,,0.0,0.38,1.09,1.09,5.2,8,51,51
284,i,0.0,0.0,5.4,166,43.0,0,0.0,-1,1.0,0.3,307,49.0,23,0,1.9,346.0,40.0,3,100,0.0,776.0,81.0,0.0,4.3,0.0,124156,15,142002,313,0.0,0.0,1.77,0.46,2.23,9.49,0.38,0.1,0.48,2.06,120.0,310.0,30.0,84.6,258.0,26.0,173.0,130.0,31.0,37.8,270.0,32.0,,,,25,,Eddie,Nketiah,Nketiah,Hamstring injury - Unknown return date,,414,2,0,0,12,0,0,0,2,0,0,2,38,,,,0.0,0.0,2.61,0.43,8.26,8,13,17
285,u,0.0,0.0,5.0,248,54.0,0,0.0,0,0.0,0.2,363,59.0,1,0,1.0,486.0,60.0,0,6,0.0,740.0,78.0,0.0,0.2,0.0,9044,0,89165,25,0.0,0.0,0.0,0.0,0.0,0.27,0.0,0.0,0.0,12.15,2.0,479.0,57.0,0.0,774.0,86.0,0.0,766.0,86.0,0.2,497.0,62.0,,,,25,,Odsonne,Édouard,Édouard,has joined RC Lens permanently.,,2,0,0,0,0,0,0,0,0,0,0,0,1,,,,0.0,0.0,0.0,0.0,45.0,1,0,0
286,a,,,4.4,560,80.0,0,0.0,-1,1.0,0.3,310,51.0,0,0,0.0,677.0,73.0,0,0,0.0,598.0,62.0,0.0,0.0,0.0,46828,292,54543,142,0.0,0.0,0.0,0.0,0.0,0.0,0.0,0.0,0.0,0.0,0.0,671.0,73.0,0.0,666.0,72.0,0.0,640.0,72.0,0.0,673.0,73.0,,,,25,,Zach,Marsh,Marsh,,,0,0,0,0,0,0,0,0,0,0,0,0,0,,,,0.0,0.0,0.0,0.0,0.0,0,0,0
580,a,,,6.5,50,32.0,0,0.0,-5,5.0,2.5,114,36.0,43,0,2.0,337.0,151.0,2,144,1.5,238.0,100.0,0.2,6.6,0.0,1136349,797,1298966,968,1.5,1.5,1.69,0.6,2.29,17.08,0.15,0.05,0.2,1.51,159.6,277.0,120.0,148.3,181.0,120.0,180.0,126.0,73.0,48.6,221.0,112.0,,,,25,,Brennan,Johnson,Johnson,,,1018,2,0,4,12,0,0,0,4,0,0,11,68,,,,0.0,0.35,1.06,0.97,6.01,17,22,29
654,a,100.0,100.0,6.1,82,26.0,0,0.0,-4,4.0,1.0,185,30.0,39,0,1.8,364.0,43.0,0,90,0.8,303.0,43.0,0.1,6.4,0.0,215613,4804,617442,451,0.8,0.8,3.05,0.44,3.49,22.03,0.2,0.03,0.23,1.42,126.2,306.0,29.0,113.1,214.0,23.0,260.0,77.0,26.0,49.1,219.0,27.0,,,,25,,Jørgen,Strand Larsen,Strand Larsen,,,1399,1,1,3,26,0,0,1,2,0,0,14,55,,,,0.0,0.19,1.67,0.9,3.54,6,31,18
677,a,100.0,100.0,6.2,77,50.0,0,0.0,-3,3.0,0.0,619,241.0,25,0,1.9,348.0,155.0,0,82,0.5,346.0,156.0,0.1,4.0,0.0,7291,69,12270,24,0.5,0.5,1.19,0.41,1.6,8.82,0.18,0.06,0.24,1.36,92.8,340.0,149.0,55.0,314.0,176.0,136.0,174.0,98.0,28.0,316.0,153.0,,,,25,,Evann,Guessand,Guessand,,,583,0,2,1,10,0,0,0,0,0,0,6,55,,,,0.0,0.15,1.54,0.93,8.49,18,10,27
690,d,25.0,25.0,4.4,564,338.0,0,0.0,-1,1.0,0.3,329,111.0,0,0,0.0,680.0,264.0,0,0,0.0,601.0,215.0,0.0,0.0,0.0,57937,2,54747,82,0.0,0.0,0.0,0.0,0.0,0.0,0.0,0.0,0.0,0.0,0.0,674.0,258.0,0.0,669.0,262.0,0.0,643.0,250.0,0.0,676.0,260.0,,,,25,,Rio,Cardines,Cardines,Groin Injury - 25% chance of playing,,0,0,0,0,0,0,0,0,0,0,0,0,0,,,,0.0,0.0,0.0,0.0,0.0,0,0,0
712,a,100.0,100.0,5.8,111,69.0,0,0.0,-2,2.0,0.2,351,117.0,59,0,2.7,245.0,103.0,3,240,2.8,128.0,55.0,0.5,10.2,0.0,124300,585,100676,479,2.8,2.8,3.58,4.68,8.26,21.31,0.21,0.27,0.48,1.24,258.2,190.0,78.0,518.1,18.0,18.0,303.0,60.0,36.0,107.7,42.0,31.0,1.0,1.0,,25,,Yéremy,Pino Santos,Yeremy,,,1552,2,1,6,20,0,0,0,4,0,0,19,125,,,,0.0,0.35,1.16,1.1,7.25,29,23,73
723,a,100.0,100.0,4.5,511,98.0,0,0.0,0,0.0,0.0,645,226.0,27,0,3.0,189.0,73.0,4,71,0.0,684.0,246.0,0.0,6.0,0.0,4494,26,3309,35,0.0,0.0,0.05,0.12,0.17,7.65,0.01,0.03,0.04,1.96,99.0,330.0,126.0,7.1,429.0,155.0,10.0,390.0,140.0,11.5,393.0,140.0,,,,25,,Jaydee,Canvot,Canvot,,,352,0,0,2,6,0,0,0,1,0,0,3,52,,,,0.0,0.51,1.53,0.77,13.3,16,36,13
732,a,,,5.5,156,41.0,0,0.0,0,0.0,0.1,579,78.0,15,0,1.2,433.0,54.0,0,37,0.5,342.0,45.0,0.1,2.7,0.0,12775,139,9307,66,0.5,0.5,0.39,0.01,0.4,4.29,0.25,0.01,0.26,2.7,10.8,450.0,53.0,5.9,434.0,55.0,66.0,274.0,48.0,7.8,417.0,52.0,,,,25,,Christantus,Uche,Uche,,,143,0,1,0,4,0,0,0,0,0,0,0,12,,,,0.0,0.0,2.52,0.0,7.55,1,2,9
762,a,,,4.5,514,317.0,0,0.0,0,0.0,0.0,773,334.0,2,0,1.0,475.0,217.0,0,6,0.0,687.0,279.0,0.0,0.4,0.0,528,8,281,4,0.0,0.0,0.0,0.0,0.0,0.73,0.0,0.0,0.0,9.39,1.4,484.0,222.0,1.0,460.0,221.0,0.0,725.0,311.0,0.3,492.0,226.0,,,,25,,Joél,Drakes-Thomas,Drakes-Thomas,,,7,0,0,0,1,0,0,0,0,0,0,0,3,,,,0.0,0.0,12.86,0.0,38.57,1,0,2
773,a,,,4.0,732,209.0,0,0.0,0,0.0,0.0,740,254.0,0,0,0.0,625.0,243.0,0,0,0.0,521.0,219.0,0.0,0.0,0.0,469,19,308,14,0.0,0.0,0.0,0.0,0.0,0.0,0.0,0.0,0.0,0.0,0.0,616.0,243.0,0.0,608.0,243.0,0.0,573.0,239.0,0.0,618.0,243.0,,,,25,,Dean,Benamar,Benamar,,,0,0,0,0,0,0,0,0,0,0,0,0,0,,,,0.0,0.0,0.0,0.0,0.0,0,0,0
780,a,,,4.5,508,73.0,0,0.0,0,0.0,0.0,690,87.0,0,0,0.0,746.0,82.0,0,0,0.0,681.0,71.0,0.0,0.0,0.0,1509,134,517,27,0.0,0.0,0.0,0.0,0.0,0.0,0.0,0.0,0.0,0.0,0.0,746.0,82.0,0.0,740.0,81.0,0.0,721.0,81.0,0.0,746.0,82.0,,,,25,,Ben,Casey,Casey,,,0,0,0,0,0,0,0,0,0,0,0,0,0,,,,0.0,0.0,0.0,0.0,0.0,0,0,0
793,a,,,4.0,720,197.0,0,0.0,0,0.0,0.0,737,253.0,0,0,0.0,618.0,236.0,0,0,0.0,513.0,211.0,0.0,0.0,0.0,605,41,204,12,0.0,0.0,0.0,0.0,0.0,0.0,0.0,0.0,0.0,0.0,0.0,609.0,236.0,0.0,601.0,236.0,0.0,564.0,230.0,0.0,611.0,236.0,,,,25,,George,King,King,,,0,0,0,0,0,0,0,0,0,0,0,0,0,,,,0.0,0.0,0.0,0.0,0.0,0,0,0
798,u,0.0,,4.0,697,180.0,0,0.0,0,0.0,0.0,779,263.0,0,0,0.0,599.0,223.0,0,0,0.0,492.0,196.0,0.0,0.0,0.0,142,3,67,21,0.0,0.0,0.0,0.0,0.0,0.0,0.0,0.0,0.0,0.0,0.0,590.0,223.0,0.0,582.0,223.0,0.0,544.0,216.0,0.0,592.0,223.0,,,,25,,Danny,Imray,Imray,has joined West Brom on loan for the rest of the season.,,0,0,0,0,0,0,0,0,0,0,0,0,0,,,,0.0,0.0,0.0,0.0,0.0,0,0,0
242,a,100.0,100.0,4.9,313,195.0,0,0.0,-1,1.0,2.3,118,39.0,91,13,5.1,14.0,8.0,13,348,4.0,62.0,27.0,0.8,18.6,0.0,1567239,13895,1816491,1207,4.0,4.0,2.21,3.16,5.37,21.1,0.14,0.19,0.33,1.29,336.8,122.0,41.0,361.0,46.0,41.0,238.0,86.0,53.0,93.6,67.0,43.0,2.0,,,25,,Kiernan,Dewsbury-Hall,Dewsbury-Hall,,,1470,5,4,6,18,0,0,0,5,0,0,17,120,,,,0.0,0.37,1.1,1.04,7.35,29,29,62
243,a,,,4.8,376,236.0,0,0.0,-2,2.0,0.1,544,198.0,5,1,1.0,481.0,221.0,0,4,0.2,374.0,165.0,0.0,1.0,0.0,7359,172,9068,42,0.2,0.2,0.4,0.1,0.5,1.8,0.22,0.06,0.28,0.99,8.2,456.0,205.0,8.2,425.0,207.0,62.0,281.0,151.0,7.8,415.0,188.0,,,,25,,Tyrique,George,George,,,163,0,0,1,2,0,0,0,2,0,0,0,5,,,,0.0,0.55,1.1,0.0,2.76,2,0,3
287,a,,,5.6,126,2.0,0,0.0,1,-1.0,14.1,25,4.0,107,2,4.3,49.0,1.0,11,415,4.2,50.0,5.0,0.8,19.1,0.0,1484874,7288,1144613,16316,4.2,4.2,0.0,0.13,0.13,36.8,0.0,0.01,0.01,1.47,606.0,14.0,3.0,0.1,484.0,16.0,0.0,802.0,92.0,60.6,169.0,5.0,,,,25,,Jordan,Pickford,Pickford,,,2250,0,0,9,28,0,1,0,1,0,69,25,97,,,,2.76,0.36,1.12,1.0,0.0,1,36,208
288,a,,,4.3,584,28.0,0,0.0,-2,2.0,0.1,454,69.0,0,0,0.0,638.0,89.0,0,0,0.0,547.0,83.0,0.0,0.0,0.0,4208,24,11528,31,0.0,0.0,0.0,0.0,0.0,0.0,0.0,0.0,0.0,0.0,0.0,629.0,89.0,0.0,624.0,80.0,0.0,593.0,67.0,0.0,631.0,89.0,,,,25,,Mark,Travers,Travers,,,0,0,0,0,0,0,0,0,0,0,0,0,0,,,,0.0,0.0,0.0,0.0,0.0,0,0,0
289,u,0.0,0.0,3.9,756,80.0,0,0.0,-1,1.0,0.1,475,73.0,0,0,0.0,546.0,48.0,0,0,0.0,436.0,39.0,0.0,0.0,0.0,4633,0,9440,36,0.0,0.0,0.0,0.0,0.0,0.0,0.0,0.0,0.0,0.0,0.0,537.0,48.0,0.0,526.0,33.0,0.0,486.0,18.0,0.0,539.0,48.0,,,,25,,Harry,Tyrer,Tyrer,has joined Cardiff City permanently.,,0,0,0,0,0,0,0,0,0,0,0,0,0,,,,0.0,0.0,0.0,0.0,0.0,0,0,0
290,a,100.0,100.0,5.3,200,24.0,0,0.0,-2,2.0,0.2,376,138.0,3,1,1.0,492.0,171.0,0,16,0.8,294.0,108.0,0.2,0.6,0.0,9450,536,69755,177,0.8,0.8,0.02,0.03,0.05,1.69,0.01,0.02,0.03,1.1,25.8,428.0,160.0,15.4,390.0,141.0,8.0,402.0,150.0,4.9,437.0,157.0,,,,25,,Jarrad,Branthwaite,Branthwaite,,,138,0,0,0,1,0,0,0,1,0,0,1,11,,,,0.0,0.0,0.65,0.65,7.17,1,10,11
291,a,,,5.8,102,7.0,0,0.0,3,-3.0,13.6,27,10.0,116,2,4.6,35.0,13.0,6,413,4.0,67.0,25.0,0.7,20.0,0.0,2228716,5193,1346564,28129,4.0,4.0,1.48,1.28,2.76,36.8,0.06,0.05,0.11,1.47,627.8,12.0,5.0,173.8,158.0,39.0,197.0,112.0,19.0,100.2,56.0,9.0,,,,25,,James,Tarkowski,Tarkowski,,,2250,0,1,9,28,0,0,0,4,0,0,25,295,,,,0.0,0.36,1.12,1.0,10.76,36,233,60
292,a,100.0,100.0,4.9,315,50.0,0,0.0,-1,1.0,0.7,225,86.0,66,2,3.1,175.0,67.0,1,234,2.5,142.0,53.0,0.5,13.5,0.0,133465,372,154681,1007,2.5,2.5,0.28,1.54,1.82,30.24,0.01,0.07,0.08,1.45,334.4,123.0,54.0,233.6,108.0,27.0,61.0,283.0,84.0,62.9,158.0,52.0,,,,25,,Vitalii,Mykolenko,Mykolenko,,,1879,0,1,7,26,1,0,0,5,0,0,21,165,,,,0.0,0.34,1.25,1.01,6.85,27,116,71
293,a,,,4.9,341,57.0,0,0.0,-1,1.0,0.9,197,76.0,88,3,3.5,121.0,44.0,2,302,5.2,24.0,8.0,1.1,18.0,0.0,150265,2301,115626,1093,5.2,5.2,0.83,0.66,1.49,35.98,0.04,0.03,0.07,1.53,411.0,82.0,35.0,210.0,124.0,32.0,124.0,194.0,46.0,74.8,116.0,37.0,,,,25,,Jake,O'Brien,O'Brien,,,2118,0,2,8,27,0,0,0,2,0,0,23,192,,,,0.0,0.34,1.15,0.98,6.97,37,127,83
294,a,100.0,100.0,4.2,626,142.0,0,0.0,-3,3.0,0.1,485,174.0,3,0,1.0,451.0,168.0,0,10,0.0,527.0,222.0,0.0,0.7,0.0,5568,62,17150,22,0.0,0.0,0.0,0.0,0.0,0.24,0.0,0.0,0.0,1.96,0.0,621.0,246.0,0.1,477.0,174.0,0.0,579.0,242.0,0.0,623.0,246.0,,,,25,,Séamus,Coleman,Coleman,,,11,0,0,0,0,0,0,0,0,0,0,1,0,,,,0.0,0.0,0.0,8.18,0.0,0,0,1
295,a,100.0,100.0,4.7,379,63.0,0,0.0,2,-2.0,3.9,86,29.0,102,4,4.9,20.0,9.0,8,306,1.5,225.0,84.0,0.3,21.7,0.0,1353223,2752,924019,4392,1.5,1.5,1.85,0.17,2.02,31.49,0.09,0.01,0.1,1.53,556.2,26.0,8.0,27.3,371.0,131.0,207.0,102.0,13.0,79.0,104.0,33.0,,,,25,,Michael,Keane,Keane,,,1856,3,0,6,27,0,0,0,0,1,0,21,243,,,,0.0,0.29,1.31,1.02,10.33,25,188,61
296,a,100.0,100.0,4.4,536,115.0,0,0.0,-1,1.0,0.0,611,218.0,21,0,3.5,118.0,42.0,0,68,2.8,121.0,42.0,0.6,4.8,0.0,5456,29,5365,69,2.8,2.8,0.03,0.04,0.07,3.55,0.01,0.02,0.03,1.35,63.6,379.0,145.0,6.4,431.0,156.0,17.0,376.0,131.0,8.6,412.0,147.0,,,,25,,Nathan,Patterson,Patterson,,,237,0,0,2,1,0,0,0,0,0,0,3,30,,,,0.0,0.76,0.38,1.14,11.39,10,20,14
297,u,0.0,,3.8,797,246.0,0,0.0,-2,2.0,0.2,382,142.0,0,0,0.0,520.0,189.0,0,0,0.0,406.0,156.0,0.0,0.0,0.0,9298,2,19789,176,0.0,0.0,0.0,0.0,0.0,0.0,0.0,0.0,0.0,0.0,0.0,511.0,189.0,0.0,497.0,187.0,0.0,456.0,177.0,0.0,513.0,189.0,,,,25,,Roman,Dixon,Dixon,has joined Stockport County on loan for the rest of the season.,,0,0,0,0,0,0,0,0,0,0,0,0,0,,,,0.0,0.0,0.0,0.0,0.0,0,0,0
298,a,,,3.8,795,244.0,0,0.0,-2,2.0,0.1,425,157.0,0,0,0.0,518.0,187.0,0,0,0.0,404.0,154.0,0.0,0.0,0.0,6878,39,14184,30,0.0,0.0,0.0,0.0,0.0,0.0,0.0,0.0,0.0,0.0,0.0,509.0,187.0,0.0,495.0,185.0,0.0,454.0,175.0,0.0,511.0,187.0,,,,25,,Reece,Welch,Welch,,,0,0,0,0,0,0,0,0,0,0,0,0,0,,,,0.0,0.0,0.0,0.0,0.0,0,0,0
299,a,100.0,100.0,6.2,75,49.0,0,0.0,-3,3.0,4.0,84,28.0,79,2,4.2,59.0,27.0,3,330,1.5,237.0,99.0,0.2,12.7,0.0,1634643,1853,2449680,4404,1.5,1.5,3.41,3.08,6.49,23.91,0.19,0.17,0.36,1.33,372.0,103.0,34.0,280.3,83.0,61.0,320.0,57.0,34.0,97.4,63.0,40.0,,,1.0,25,,Iliman,Ndiaye,Ndiaye,,,1613,4,2,6,22,0,0,0,2,0,0,19,175,,,,0.0,0.33,1.23,1.06,9.76,45,19,111
300,a,,,5.5,146,91.0,0,0.0,-5,5.0,0.2,403,134.0,29,0,2.1,319.0,140.0,0,99,1.5,232.0,96.0,0.3,5.3,0.0,30897,73,59812,326,1.5,1.5,0.46,0.68,1.14,12.17,0.07,0.1,0.17,1.78,76.0,360.0,161.0,127.8,200.0,132.0,45.0,309.0,162.0,24.9,335.0,161.0,,,,25,,Dwight,McNeil,McNeil,,,615,0,2,3,4,0,0,0,1,0,0,7,53,,,,0.0,0.44,0.59,1.02,7.76,11,11,31
301,a,100.0,100.0,5.2,217,134.0,0,0.0,-3,3.0,0.1,503,178.0,26,0,1.6,388.0,172.0,0,111,0.2,382.0,172.0,0.0,5.0,0.0,16696,25,28753,42,0.2,0.2,1.04,0.44,1.48,13.03,0.14,0.06,0.2,1.76,83.0,350.0,156.0,144.5,184.0,123.0,156.0,150.0,87.0,38.4,267.0,132.0,,,,25,,Carlos,Alcaraz Durán,Alcaraz,,,667,0,1,3,8,0,0,0,3,0,0,6,64,,,,0.0,0.4,1.08,0.81,8.64,13,10,41
302,a,100.0,100.0,5.4,157,97.0,0,0.0,-1,1.0,0.1,491,172.0,53,1,3.3,147.0,67.0,4,257,2.2,164.0,67.0,0.4,9.8,0.0,21495,147,27130,65,2.2,2.2,1.21,0.84,2.05,20.71,0.08,0.06,0.14,1.42,243.6,201.0,85.0,165.3,166.0,113.0,140.0,173.0,97.0,54.9,196.0,102.0,,,,25,,Idrissa Gana,Gueye,Gana,,,1310,2,1,3,16,0,0,0,1,1,0,16,134,,,,0.0,0.21,1.1,1.1,9.21,32,32,70
303,a,,,5.2,212,131.0,0,0.0,2,-2.0,4.4,78,26.0,109,4,4.4,41.0,21.0,11,542,3.5,82.0,36.0,0.7,21.0,0.0,930315,4830,400932,12477,3.5,3.5,1.68,3.78,5.46,36.74,0.07,0.15,0.22,1.47,577.4,20.0,6.0,545.4,13.0,13.0,186.0,119.0,69.0,131.0,24.0,20.0,3.0,3.0,,25,,James,Garner,Garner,,,2243,2,3,9,28,0,0,0,6,0,0,25,314,,,,0.0,0.36,1.12,1.0,12.6,78,105,131
304,a,100.0,100.0,4.8,370,231.0,0,0.0,-2,2.0,0.0,617,239.0,50,1,2.6,249.0,105.0,1,158,0.2,373.0,164.0,0.0,10.4,0.0,5162,53,6029,29,0.2,0.2,0.35,0.58,0.93,15.04,0.03,0.06,0.09,1.45,162.8,271.0,117.0,79.6,265.0,157.0,46.0,307.0,161.0,28.7,312.0,150.0,,,,25,,Tim,Iroegbunam,Iroegbunam,,,934,0,3,7,9,0,0,0,8,0,0,11,126,,,,0.0,0.67,0.87,1.06,12.14,43,28,55
305,a,100.0,100.0,4.5,499,306.0,0,0.0,0,0.0,0.1,524,189.0,14,2,2.0,325.0,141.0,0,53,2.0,185.0,77.0,0.4,3.1,0.0,8263,285,15844,84,2.0,2.0,0.18,0.14,0.32,6.7,0.04,0.03,0.07,1.58,42.0,403.0,178.0,48.0,329.0,182.0,18.0,374.0,190.0,10.9,398.0,183.0,,,,25,,Harrison,Armstrong,Armstrong,,,382,0,0,1,5,0,0,0,0,0,0,5,39,,,,0.0,0.24,1.18,1.18,9.19,9,13,17
307,a,,,4.4,548,328.0,0,0.0,-1,1.0,0.0,603,232.0,0,0,0.0,669.0,258.0,0,0,0.0,588.0,207.0,0.0,0.0,0.0,4251,37,5947,9,0.0,0.0,0.0,0.0,0.0,0.0,0.0,0.0,0.0,0.0,0.0,661.0,250.0,0.0,657.0,255.0,0.0,629.0,241.0,0.0,663.0,252.0,,,,25,,Coby,Ebere,Ebere,,,0,0,0,0,0,0,0,0,0,0,0,0,0,,,,0.0,0.0,0.0,0.0,0.0,0,0,0
308,u,0.0,0.0,4.5,453,270.0,0,0.0,0,0.0,0.0,685,284.0,0,0,0.0,706.0,283.0,0,0,0.0,633.0,237.0,0.0,0.0,0.0,458,0,3727,0,0.0,0.0,0.0,0.0,0.0,0.0,0.0,0.0,0.0,0.0,0.0,702.0,279.0,0.0,698.0,281.0,0.0,676.0,271.0,0.0,703.0,280.0,,,,25,,Isaac,Heath,Heath,has joined Accrington on loan for the rest of the season.,,0,0,0,0,0,0,0,0,0,0,0,0,0,,,,0.0,0.0,0.0,0.0,0.0,0,0,0
309,u,0.0,0.0,4.5,449,268.0,0,0.0,0,0.0,0.0,813,363.0,0,0,0.0,704.0,281.0,0,0,0.0,631.0,235.0,0.0,0.0,0.0,0,0,111,0,0.0,0.0,0.0,0.0,0.0,0.0,0.0,0.0,0.0,0.0,0.0,700.0,277.0,0.0,696.0,279.0,0.0,674.0,269.0,0.0,701.0,278.0,,,,25,,Jenson,Metcalfe,Metcalfe,Has joined Bradford City permanently.,,0,0,0,0,0,0,0,0,0,0,0,0,0,,,,0.0,0.0,0.0,0.0,0.0,0,0,0
310,a,,,5.7,121,33.0,0,0.0,-3,3.0,1.3,167,28.0,63,2,2.5,270.0,30.0,5,190,5.2,27.0,3.0,0.9,11.1,0.0,246481,3700,175591,3872,5.2,5.2,4.36,0.35,4.71,23.1,0.28,0.02,0.3,1.46,212.8,226.0,19.0,155.9,175.0,15.0,366.0,42.0,18.0,71.5,128.0,17.0,,,,25,,Thierno,Barry,Barry,,,1425,5,0,7,19,0,0,0,2,0,0,17,47,,,,0.0,0.44,1.2,1.07,2.97,2,23,22
311,a,,,5.0,265,55.0,0,0.0,-5,5.0,2.4,117,19.0,46,1,1.8,360.0,41.0,3,115,2.5,143.0,19.0,0.5,9.2,0.0,439763,1789,1097878,1288,2.5,2.5,5.05,0.14,5.19,15.12,0.53,0.01,0.54,1.6,161.8,274.0,26.0,53.9,316.0,33.0,328.0,52.0,20.0,52.8,204.0,24.0,,,2.0,25,,Norberto Bercique,Gomes Betuncal,Beto,,,853,3,0,2,12,0,0,0,1,0,0,8,50,,,,0.0,0.21,1.27,0.84,5.28,9,25,16
312,u,0.0,0.0,4.9,339,62.0,0,0.0,-1,1.0,0.1,542,76.0,0,0,0.0,773.0,86.0,0,0,0.0,731.0,77.0,0.0,0.0,0.0,2418,0,14472,4,0.0,0.0,0.0,0.0,0.0,0.0,0.0,0.0,0.0,0.0,0.0,773.0,86.0,0.0,769.0,85.0,0.0,759.0,85.0,0.0,773.0,86.0,,,,25,,Youssef,Ramalho Chermiti,Y.Chermiti,has joined Rangers permanently.,,0,0,0,0,0,0,0,0,0,0,0,0,0,,,,0.0,0.0,0.0,0.0,0.0,0,0,0
313,u,0.0,100.0,4.4,555,78.0,0,0.0,-1,1.0,0.1,438,63.0,0,0,0.0,673.0,71.0,0,0,0.0,593.0,60.0,0.0,0.0,0.0,9203,11,25803,95,0.0,0.0,0.0,0.0,0.0,0.0,0.0,0.0,0.0,0.0,0.0,666.0,71.0,0.0,661.0,70.0,0.0,635.0,70.0,0.0,668.0,71.0,,,,25,,Martin,Sherif,Sherif,has joined Port Vale on loan for the rest of the season.,,0,0,0,0,0,0,0,0,0,0,0,0,0,,,,0.0,0.0,0.0,0.0,0.0,0,0,0
419,i,0.0,0.0,6.3,64,42.0,0,0.0,-2,2.0,6.5,56,20.0,79,0,4.0,76.0,36.0,12,356,0.8,305.0,131.0,0.1,12.5,0.0,3790052,19,3688317,9486,0.0,0.0,2.05,3.37,5.41,25.81,0.11,0.19,0.3,1.43,374.2,101.0,33.0,520.5,17.0,17.0,397.0,31.0,16.0,129.2,25.0,21.0,,,,25,,Jack,Grealish,Grealish,Foot injury - Expected back 01 Jun,,1627,2,6,7,23,0,0,0,3,1,0,18,135,,,,0.0,0.39,1.27,1.0,7.47,20,27,88
630,a,,,3.9,744,74.0,0,0.0,-1,1.0,1.3,169,21.0,0,0,0.0,538.0,42.0,0,0,0.0,427.0,33.0,0.0,0.0,0.0,68428,159,94065,280,0.0,0.0,0.0,0.0,0.0,0.0,0.0,0.0,0.0,0.0,0.0,529.0,42.0,0.0,518.0,27.0,0.0,478.0,12.0,0.0,531.0,42.0,,,,25,,Tom,King,King,,,0,0,0,0,0,0,0,0,0,0,0,0,0,,,,0.0,0.0,0.0,0.0,0.0,0,0,0
667,a,100.0,100.0,4.2,641,152.0,0,0.0,-3,3.0,0.1,571,206.0,0,0,0.0,632.0,246.0,0,0,0.0,532.0,224.0,0.0,0.0,0.0,2472,18,12144,17,0.0,0.0,0.0,0.0,0.0,0.0,0.0,0.0,0.0,0.0,0.0,624.0,247.0,0.0,618.0,246.0,0.0,585.0,243.0,0.0,626.0,247.0,,,,25,,Adam,Aznou,Aznou,,,0,0,0,0,0,0,0,0,0,0,0,0,0,,,,0.0,0.0,0.0,0.0,0.0,0,0,0
704,u,0.0,0.0,4.5,437,261.0,0,0.0,0,0.0,0.1,581,218.0,0,0,0.0,699.0,276.0,0,0,0.0,625.0,229.0,0.0,0.0,0.0,8420,0,10111,11,0.0,0.0,0.0,0.0,0.0,0.0,0.0,0.0,0.0,0.0,0.0,694.0,271.0,0.0,691.0,274.0,0.0,668.0,264.0,0.0,696.0,273.0,,,,25,,Tyler,Onyango,Onyango,has joined Stockport County on loan for the rest of the season.,,0,0,0,0,0,0,0,0,0,0,0,0,0,,,,0.0,0.0,0.0,0.0,0.0,0,0,0
705,u,0.0,,3.9,768,224.0,0,0.0,-1,1.0,0.2,397,147.0,0,0,0.0,554.0,202.0,0,0,0.0,444.0,173.0,0.0,0.0,0.0,18604,3,15725,179,0.0,0.0,0.0,0.0,0.0,0.0,0.0,0.0,0.0,0.0,0.0,545.0,202.0,0.0,534.0,202.0,0.0,494.0,193.0,0.0,547.0,202.0,,,,25,,Elijah,Campbell,Campbell,has joined Port Vale on loan for the rest of the season.,,0,0,0,0,0,0,0,0,0,0,0,0,0,,,,0.0,0.0,0.0,0.0,0.0,0,0,0
707,a,,,5.3,202,125.0,0,0.0,-2,2.0,0.0,641,259.0,17,0,1.3,425.0,193.0,0,46,0.5,339.0,153.0,0.1,3.2,0.0,7526,17,6776,30,0.5,0.5,0.2,0.14,0.34,5.98,0.05,0.04,0.09,1.55,46.0,398.0,177.0,61.0,302.0,170.0,32.0,336.0,177.0,13.6,379.0,178.0,,,,25,,Tyler,Dibling,Dibling,,,348,0,0,2,2,0,0,0,2,0,0,4,40,,,,0.0,0.52,0.52,1.03,10.34,7,11,22
728,a,100.0,100.0,5.0,275,169.0,0,0.0,0,0.0,0.0,709,297.0,16,0,1.6,386.0,171.0,0,39,0.8,289.0,123.0,0.2,3.2,0.0,1397,16,1372,16,0.8,0.8,0.5,0.17,0.67,6.27,0.13,0.04,0.17,1.6,61.2,385.0,170.0,65.9,287.0,165.0,32.0,335.0,176.0,15.9,370.0,174.0,,,,25,,Merlin,Röhl,Röhl,,,353,0,0,2,4,0,0,0,0,0,0,2,43,,,,0.0,0.51,1.02,0.51,10.96,15,10,18
314,a,,,4.9,288,11.0,0,0.0,-1,1.0,1.6,151,20.0,71,-1,2.8,226.0,20.0,3,334,1.8,206.0,17.0,0.4,14.5,0.0,202990,178,225620,1790,1.3,1.8,0.0,0.0,0.0,35.44,0.0,0.0,0.0,1.42,558.2,24.0,9.0,0.0,754.0,89.0,0.0,742.0,83.0,55.6,193.0,9.0,,,,25,,Bernd,Leno,Leno,,,2250,0,0,5,37,1,0,0,3,0,65,25,107,,,,2.6,0.2,1.48,1.0,0.0,4,33,209
315,u,0.0,0.0,4.0,675,49.0,0,0.0,0,0.0,0.0,736,84.0,0,0,0.0,580.0,68.0,0,0,0.0,472.0,60.0,0.0,0.0,0.0,577,0,689,29,0.0,0.0,0.0,0.0,0.0,0.0,0.0,0.0,0.0,0.0,0.0,571.0,68.0,0.0,563.0,56.0,0.0,525.0,41.0,0.0,573.0,68.0,,,,25,,Steven,Benda,Benda,has joined Feyenoord on loan for the rest of the season.,,0,0,0,0,0,0,0,0,0,0,0,0,0,,,,0.0,0.0,0.0,0.0,0.0,0,0,0
316,a,100.0,100.0,4.9,296,44.0,0,0.0,-1,1.0,0.8,206,79.0,33,0,2.8,227.0,88.0,4,142,1.0,263.0,95.0,0.2,6.7,0.0,140783,376,161624,1459,0.5,1.0,0.22,1.11,1.33,13.3,0.02,0.12,0.14,1.49,192.8,246.0,101.0,207.2,127.0,33.0,34.0,332.0,106.0,43.4,243.0,83.0,,,,25,,Antonee,Robinson,Robinson,,,801,0,0,2,10,0,0,0,0,0,0,9,69,,,,0.0,0.22,1.12,1.01,7.64,26,42,48
317,a,100.0,100.0,4.6,397,67.0,0,0.0,1,-1.0,5.1,71,22.0,87,1,3.6,110.0,38.0,5,307,2.8,122.0,43.0,0.6,18.9,0.0,1173827,1103,867163,6264,2.3,2.8,1.26,1.52,2.78,31.98,0.05,0.06,0.11,1.36,597.4,18.0,7.0,110.1,220.0,57.0,124.0,193.0,45.0,83.3,91.0,22.0,,,,25,,Joachim,Andersen,Andersen,,,2111,0,1,5,34,0,0,0,5,0,0,24,280,,,,0.0,0.21,1.45,1.02,10.36,33,210,88
318,a,100.0,100.0,4.4,533,112.0,0,0.0,-1,1.0,0.4,279,104.0,56,0,3.3,141.0,51.0,6,181,0.2,361.0,136.0,0.0,12.7,0.0,99805,309,118503,342,-0.3,0.2,0.91,0.18,1.09,20.92,0.06,0.01,0.07,1.38,341.8,119.0,51.0,75.1,276.0,89.0,56.0,293.0,90.0,47.5,226.0,74.0,,,,25,,Calvin,Bassey,Bassey,,,1362,1,0,3,26,0,0,0,3,0,0,15,162,,,,0.0,0.2,1.72,0.99,8.06,33,89,67
319,a,,,4.3,579,127.0,0,0.0,-2,2.0,0.1,456,166.0,28,2,1.4,412.0,148.0,0,124,2.0,178.0,64.0,0.5,6.5,0.0,18140,58,23724,78,1.5,2.0,0.94,0.51,1.45,21.42,0.08,0.04,0.12,1.73,221.2,219.0,86.0,130.7,195.0,50.0,87.0,245.0,69.0,44.1,236.0,79.0,,,,25,,Timothy,Castagne,Castagne,,,1116,0,1,0,23,0,0,0,3,0,0,12,111,,,,0.0,0.0,1.85,0.97,7.74,22,74,34
320,a,,,4.3,581,129.0,0,0.0,-2,2.0,0.1,528,188.0,10,0,1.2,430.0,154.0,0,29,0.2,359.0,135.0,0.0,2.3,0.0,6676,33,10934,30,-0.3,0.2,0.02,0.03,0.05,8.18,0.0,0.01,0.01,1.79,72.4,368.0,140.0,4.3,437.0,159.0,8.0,397.0,147.0,8.5,413.0,148.0,,,,25,,Issa,Diop,Diop,,,412,0,0,0,9,0,0,0,1,0,0,4,42,,,,0.0,0.0,1.97,0.87,7.65,5,30,10
321,a,,,4.3,587,133.0,0,0.0,-2,2.0,0.1,556,199.0,37,2,3.1,167.0,61.0,1,148,2.5,136.0,48.0,0.6,8.6,0.0,6111,65,6188,46,2.0,2.5,0.05,0.53,0.58,14.18,0.0,0.05,0.05,1.38,234.2,210.0,83.0,47.0,331.0,111.0,14.0,381.0,134.0,29.7,309.0,104.0,,,,25,,Jorge,Cuenca Barreno,J.Cuenca,,,928,0,0,2,11,0,0,0,5,0,0,11,117,,,,0.0,0.19,1.07,1.07,10.77,16,95,39
322,a,100.0,100.0,4.5,413,75.0,0,0.0,0,0.0,0.3,328,120.0,66,1,3.9,78.0,28.0,5,253,0.2,365.0,138.0,0.0,14.7,0.0,155116,60,147752,264,-0.3,0.2,0.38,1.03,1.4,19.78,0.03,0.07,0.1,1.32,328.8,130.0,58.0,157.0,173.0,43.0,79.0,254.0,72.0,56.5,188.0,62.0,,,,25,,Kenny,Tete,Tete,,,1353,1,0,5,19,0,0,0,2,0,0,16,149,,,,0.0,0.33,1.26,1.06,8.38,51,75,57
323,a,,,3.8,811,259.0,0,0.0,-2,2.0,0.1,423,156.0,0,0,0.0,529.0,197.0,0,0,0.0,417.0,166.0,0.0,0.0,0.0,8646,28,16292,37,-0.5,0.0,0.0,0.0,0.0,0.0,0.0,0.0,0.0,0.0,0.0,520.0,197.0,0.0,508.0,197.0,0.0,468.0,188.0,0.0,522.0,197.0,,,,25,,Samuel,Amissah,Amissah,,,0,0,0,0,0,0,0,0,0,0,0,0,0,,,,0.0,0.0,0.0,0.0,0.0,0,0,0
324,a,100.0,100.0,6.3,65,43.0,0,0.0,-2,2.0,0.7,209,71.0,64,4,3.4,137.0,64.0,7,309,2.0,194.0,85.0,0.3,10.2,0.0,288227,461,392465,408,1.5,2.0,0.82,3.12,3.94,25.42,0.05,0.18,0.23,1.43,304.8,155.0,56.0,454.5,25.0,24.0,161.0,145.0,84.0,92.2,70.0,45.0,5.0,,,25,,Alex,Iwobi,Iwobi,,,1596,2,2,3,30,0,0,0,2,0,0,19,120,,,,0.0,0.17,1.69,1.07,6.77,20,22,78
325,a,100.0,100.0,5.6,129,79.0,0,0.0,-4,4.0,0.6,242,84.0,58,2,2.3,293.0,126.0,1,260,2.2,166.0,68.0,0.4,10.4,0.0,154875,280,199237,1022,1.7,2.2,3.47,0.88,4.35,20.66,0.26,0.07,0.33,1.55,221.4,218.0,95.0,232.9,109.0,78.0,257.0,79.0,49.0,71.2,129.0,71.0,,,,25,,Emile,Smith Rowe,Smith Rowe,,,1198,3,1,3,17,0,0,0,1,0,0,13,97,,,,0.0,0.23,1.28,0.98,7.29,18,29,50
327,u,0.0,0.0,5.3,187,114.0,0,0.0,-2,2.0,0.1,558,205.0,0,0,0.0,794.0,350.0,0,0,0.0,769.0,336.0,0.0,0.0,0.0,2438,0,35535,4,0.0,0.0,0.0,0.0,0.0,0.0,0.0,0.0,0.0,0.0,0.0,794.0,350.0,0.0,793.0,350.0,0.0,788.0,349.0,0.0,794.0,350.0,,,,25,,Andreas,Hoelgebaum Pereira,Andreas,has joined Palmeiras permanently.,,0,0,0,0,0,0,0,0,0,0,0,0,0,,,,0.0,0.0,0.0,0.0,0.0,0,0,0
328,a,100.0,100.0,5.4,164,101.0,0,0.0,-1,1.0,0.2,410,139.0,67,2,3.7,105.0,49.0,5,237,2.5,146.0,60.0,0.5,12.4,0.0,142416,95,136343,99,2.0,2.5,0.92,1.66,2.58,19.73,0.06,0.11,0.17,1.34,303.8,157.0,58.0,165.8,164.0,112.0,147.0,161.0,91.0,61.4,163.0,89.0,,,,25,,Ryan,Sessegnon,Sessegnon,,,1327,2,3,4,24,0,0,0,0,0,0,15,151,,,,0.0,0.27,1.63,1.02,10.24,30,72,49
329,a,100.0,100.0,6.1,80,53.0,0,0.0,6,-6.0,24.3,15,5.0,118,2,4.9,21.0,9.0,16,456,4.0,68.0,29.0,0.7,19.3,0.0,4252579,12136,1248674,79600,3.5,4.0,4.16,3.39,7.55,26.51,0.2,0.16,0.36,1.29,504.0,45.0,11.0,424.4,32.0,30.0,439.0,27.0,14.0,136.6,19.0,15.0,3.0,3.0,3.0,25,,Harry,Wilson,Wilson,,,1854,8,6,6,26,0,0,0,6,0,0,22,121,,,,0.0,0.29,1.26,1.07,5.87,20,43,58
330,a,,,4.9,306,190.0,0,0.0,-1,1.0,0.1,520,187.0,61,2,2.4,277.0,117.0,3,377,1.8,207.0,87.0,0.4,12.4,0.0,10451,64,11521,76,1.3,1.8,1.15,1.05,2.2,32.93,0.05,0.05,0.1,1.42,348.8,115.0,38.0,270.6,89.0,66.0,65.0,276.0,148.0,68.6,139.0,77.0,,,,25,,Sander,Berge,Berge,,,2081,0,2,5,35,1,0,0,4,0,0,24,202,,,,0.0,0.22,1.51,1.04,8.74,40,70,92
331,a,100.0,100.0,4.8,352,219.0,0,0.0,-2,2.0,0.0,627,248.0,24,0,1.5,403.0,178.0,1,100,0.8,281.0,118.0,0.2,5.0,0.0,2532,12,4290,21,0.3,0.8,0.85,0.28,1.13,8.12,0.17,0.06,0.23,1.61,78.0,357.0,160.0,85.2,256.0,155.0,48.0,305.0,160.0,21.2,350.0,167.0,,,,25,,Tom,Cairney,Cairney,,,453,1,0,0,9,0,0,0,2,0,0,3,34,,,,0.0,0.0,1.79,0.6,6.75,3,7,24
332,i,0.0,0.0,4.9,310,193.0,0,0.0,-1,1.0,0.1,563,208.0,50,0,2.6,250.0,106.0,3,225,0.5,332.0,147.0,0.1,10.2,0.0,14536,1,18669,50,0.0,0.0,1.74,1.35,3.09,18.45,0.13,0.1,0.23,1.37,232.0,211.0,91.0,338.7,56.0,46.0,119.0,203.0,110.0,68.9,137.0,76.0,1.0,,,25,,Saša,Lukić,Lukić,Hamstring injury - Expected back 22 Feb,,1208,1,3,4,17,0,0,0,6,0,0,15,127,,,,0.0,0.3,1.27,1.12,9.46,35,43,49
333,u,0.0,0.0,4.5,477,290.0,0,0.0,0,0.0,0.0,660,271.0,0,0,0.0,722.0,297.0,0,0,0.0,653.0,254.0,0.0,0.0,0.0,898,0,6560,2,0.0,0.0,0.0,0.0,0.0,0.0,0.0,0.0,0.0,0.0,0.0,720.0,295.0,0.0,715.0,296.0,0.0,695.0,288.0,0.0,721.0,296.0,,,,25,,Martial,Godo,Godo,has joined Strasbourg permanently.,,0,0,0,0,0,0,0,0,0,0,0,0,0,,,,0.0,0.0,0.0,0.0,0.0,0,0,0
334,u,0.0,0.0,4.5,457,273.0,0,0.0,0,0.0,0.0,803,356.0,0,0,0.0,709.0,286.0,0,0,0.0,637.0,240.0,0.0,0.0,0.0,0,0,305,0,0.0,0.0,0.0,0.0,0.0,0.0,0.0,0.0,0.0,0.0,0.0,705.0,282.0,0.0,701.0,284.0,0.0,679.0,274.0,0.0,706.0,283.0,,,,25,,Luke,Harris,Harris,Has joined Oxford United on loan for the rest of the season.,,0,0,0,0,0,0,0,0,0,0,0,0,0,,,,0.0,0.0,0.0,0.0,0.0,0,0,0
335,a,100.0,100.0,4.4,561,336.0,0,0.0,-1,1.0,1.8,140,46.0,36,0,1.8,354.0,157.0,0,124,1.2,244.0,101.0,0.3,8.2,0.0,929031,1986,833953,1281,0.7,1.2,1.17,0.42,1.59,12.9,0.12,0.04,0.16,1.32,104.4,325.0,146.0,105.6,228.0,143.0,172.0,132.0,76.0,37.4,271.0,134.0,,,,25,,Josh,King,King,,,878,0,2,3,15,0,0,0,3,0,0,11,71,,,,0.0,0.31,1.54,1.13,7.28,18,15,38
336,a,,,4.3,578,343.0,0,0.0,-2,2.0,0.4,289,97.0,11,0,2.8,217.0,92.0,2,34,0.0,545.0,179.0,0.0,2.6,0.0,69514,938,60802,398,-0.5,0.0,0.04,0.24,0.28,0.41,0.26,1.54,1.8,2.64,35.6,412.0,184.0,8.4,424.0,206.0,7.0,407.0,197.0,5.1,433.0,195.0,,,,25,,Harrison,Reed,Reed,,,14,1,0,0,1,0,0,0,0,0,0,0,1,,,,0.0,0.0,6.43,0.0,6.43,0,0,1
337,a,100.0,100.0,6.2,72,24.0,0,0.0,-3,3.0,1.9,137,21.0,82,5,3.4,135.0,13.0,5,297,3.8,81.0,9.0,0.6,13.2,0.0,530806,2287,562194,3711,3.3,3.8,8.0,0.7,8.7,25.57,0.44,0.04,0.48,1.4,350.0,114.0,10.0,258.9,94.0,4.0,565.0,14.0,9.0,117.0,38.0,9.0,,1.0,1.0,25,,Raúl,Jiménez Rodríguez,Raúl,,,1649,6,5,6,21,0,0,0,4,0,0,20,98,,,,0.0,0.33,1.15,1.09,5.35,24,32,42
338,a,100.0,100.0,5.3,195,46.0,0,0.0,-2,2.0,0.7,218,34.0,18,1,2.2,303.0,34.0,3,47,0.2,385.0,48.0,0.0,3.4,0.0,255986,304,434661,79,-0.3,0.2,1.07,0.01,1.08,5.94,0.27,0.0,0.27,1.47,61.8,383.0,41.0,42.1,341.0,39.0,132.0,181.0,39.0,22.7,343.0,42.0,,,,25,,Rodrigo,Muniz Carvalho,Muniz,,,363,1,1,1,6,1,0,0,1,0,0,4,19,,,,0.0,0.25,1.49,0.99,4.71,3,9,7
424,a,100.0,100.0,5.1,238,145.0,0,0.0,-4,4.0,0.2,373,124.0,19,1,1.9,344.0,153.0,0,85,0.2,380.0,170.0,0.0,3.7,0.0,83930,293,95624,64,-0.3,0.2,0.4,1.15,1.55,5.1,0.08,0.22,0.3,0.97,70.0,371.0,165.0,154.9,177.0,118.0,87.0,246.0,132.0,31.3,302.0,145.0,,,,25,,Oscar,Bobb,Bobb,,,471,0,1,2,6,0,0,0,1,0,0,5,30,,,,0.0,0.38,1.15,0.96,5.73,8,3,19
727,a,100.0,100.0,5.3,193,120.0,0,0.0,-2,2.0,0.1,469,162.0,46,3,3.8,94.0,42.0,1,187,2.8,126.0,53.0,0.5,8.7,0.0,96029,313,86530,255,2.3,2.8,1.52,2.44,3.96,9.4,0.24,0.38,0.62,1.47,224.8,217.0,94.0,190.6,140.0,97.0,179.0,127.0,74.0,59.5,175.0,94.0,,,,25,,Samuel,Chukwueze,Chukwueze,,,576,3,4,1,12,0,0,0,0,0,0,5,49,,,,0.0,0.16,1.88,0.78,7.66,5,10,34
731,a,100.0,100.0,5.8,113,71.0,0,0.0,-2,2.0,0.1,532,193.0,41,1,2.0,334.0,149.0,0,150,2.2,169.0,70.0,0.4,7.1,0.0,33248,162,27967,146,1.7,2.2,0.97,1.31,2.28,12.95,0.11,0.14,0.25,1.42,191.8,247.0,103.0,204.9,128.0,90.0,197.0,113.0,65.0,59.2,177.0,95.0,4.0,,,25,,Kevin,Santos Lopes de Macedo,Kevin,,,823,1,2,4,15,0,0,0,1,0,0,7,67,,,,0.0,0.44,1.64,0.77,7.33,17,15,35
737,a,,,4.5,509,74.0,0,0.0,0,0.0,0.1,487,70.0,4,0,0.8,502.0,62.0,0,11,0.0,682.0,72.0,0.0,0.9,0.0,18265,244,13892,79,-0.5,0.0,0.0,0.07,0.07,0.75,0.0,0.21,0.21,2.25,1.2,487.0,59.0,11.4,404.0,53.0,8.0,400.0,56.0,2.1,459.0,57.0,,,,25,,Jonah,Kusi-Asare,Kusi-Asare,,,30,0,0,0,2,0,0,0,1,0,0,0,2,,,,0.0,0.0,6.0,0.0,6.0,0,0,2
770,a,,,4.5,504,311.0,0,0.0,0,0.0,0.0,776,336.0,0,0,0.0,743.0,313.0,0,0,0.0,677.0,273.0,0.0,0.0,0.0,459,12,227,4,-0.5,0.0,0.0,0.0,0.0,0.0,0.0,0.0,0.0,0.0,0.0,743.0,313.0,0.0,737.0,313.0,0.0,718.0,306.0,0.0,743.0,313.0,,,,25,,Seth,Ridgeon,Ridgeon,,,0,0,0,0,0,0,0,0,0,0,0,0,0,,,,0.0,0.0,0.0,0.0,0.0,0,0,0
786,a,,,4.0,698,60.0,0,0.0,0,0.0,0.0,767,86.0,0,0,0.0,600.0,79.0,0,0,0.0,493.0,71.0,0.0,0.0,0.0,345,15,154,12,-0.5,0.0,0.0,0.0,0.0,0.0,0.0,0.0,0.0,0.0,0.0,591.0,79.0,0.0,583.0,67.0,0.0,545.0,52.0,0.0,593.0,79.0,,,,25,,Alfie,McNally,McNally,,,0,0,0,0,0,0,0,0,0,0,0,0,0,,,,0.0,0.0,0.0,0.0,0.0,0,0,0
168,a,100.0,100.0,4.6,403,249.0,0,0.0,-4,4.0,0.1,482,168.0,2,0,0.7,505.0,236.0,0,5,0.2,368.0,161.0,0.0,0.4,0.0,14443,117,27456,105,0.2,0.2,0.04,0.1,0.14,1.86,0.05,0.13,0.18,2.43,6.0,463.0,207.0,25.7,375.0,192.0,19.0,370.0,189.0,5.0,435.0,196.0,,,,25,,Facundo,Buonanotte,Buonanotte,,,69,0,0,0,2,0,0,0,1,0,0,1,5,,,,0.0,0.0,2.61,1.3,6.52,1,1,3
339,a,,,4.2,636,35.0,0,0.0,-3,3.0,0.3,298,39.0,0,0,0.0,631.0,88.0,0,0,0.0,531.0,82.0,0.0,0.0,0.0,12114,68,61813,94,0.0,0.0,0.0,0.0,0.0,0.0,0.0,0.0,0.0,0.0,0.0,623.0,88.0,0.0,616.0,78.0,0.0,583.0,64.0,0.0,625.0,88.0,,,,25,,Illan,Meslier,Meslier,,,0,0,0,0,0,0,0,0,0,0,0,0,0,,,,0.0,0.0,0.0,0.0,0.0,0,0,0
340,a,,,3.9,742,73.0,0,0.0,-1,1.0,0.2,412,61.0,0,0,0.0,537.0,41.0,0,0,0.0,425.0,32.0,0.0,0.0,0.0,7673,25,14114,21,0.0,0.0,0.0,0.0,0.0,0.0,0.0,0.0,0.0,0.0,0.0,528.0,41.0,0.0,517.0,26.0,0.0,477.0,11.0,0.0,530.0,41.0,,,,25,,Alex,Cairns,Cairns,,,0,0,0,0,0,0,0,0,0,0,0,0,0,,,,0.0,0.0,0.0,0.0,0.0,0,0,0
341,a,,,3.9,737,68.0,0,0.0,-1,1.0,2.2,124,17.0,22,3,2.4,273.0,23.0,0,112,3.0,101.0,9.0,0.8,5.6,0.0,182706,3002,253930,523,3.0,3.0,0.0,0.02,0.02,8.94,0.0,0.0,0.0,0.99,209.6,232.0,22.0,0.0,512.0,21.0,0.0,472.0,6.0,21.1,352.0,22.0,,,,25,,Karl,Darlow,Darlow,,,810,0,0,1,14,0,0,0,0,0,25,9,59,,,,2.78,0.11,1.56,1.0,0.0,0,11,86
342,a,100.0,100.0,4.4,529,108.0,0,0.0,-1,1.0,0.2,393,145.0,61,8,2.7,238.0,94.0,0,167,4.0,57.0,21.0,0.9,13.9,0.0,29318,869,35709,113,4.0,4.0,1.79,1.11,2.9,27.08,0.08,0.05,0.13,1.26,292.2,165.0,68.0,186.8,143.0,35.0,155.0,151.0,28.0,63.5,156.0,50.0,,,,25,,Jayden,Bogle,Bogle,,,1930,1,2,4,36,0,0,0,4,0,0,22,165,,,,0.0,0.19,1.68,1.03,5.64,47,74,99
343,a,100.0,100.0,4.3,582,130.0,0,0.0,-2,2.0,0.5,253,95.0,74,4,3.2,152.0,56.0,3,263,4.0,56.0,20.0,0.9,17.2,0.0,92904,860,74264,654,4.0,4.0,2.46,0.48,2.94,30.19,0.11,0.02,0.13,1.37,511.2,43.0,18.0,107.1,225.0,60.0,209.0,100.0,11.0,82.7,95.0,25.0,,,3.0,25,,Pascal,Struijk,Struijk,,,1988,0,1,4,37,0,0,0,3,0,0,22,234,,,,0.0,0.18,1.68,1.0,9.73,26,189,86
344,a,100.0,75.0,3.9,754,217.0,0,0.0,-1,1.0,0.4,271,102.0,43,0,3.6,109.0,37.0,2,150,0.0,434.0,170.0,0.0,11.0,0.0,98500,105,74093,382,0.0,0.0,0.48,0.5,0.98,16.9,0.04,0.05,0.09,1.55,268.4,182.0,75.0,37.7,350.0,121.0,129.0,187.0,42.0,43.5,241.0,81.0,,,,25,,Jaka,Bijol,Bijol,,,982,1,2,1,18,0,0,0,1,0,0,11,111,,,,0.0,0.09,1.65,1.01,9.16,14,86,38
345,a,100.0,100.0,3.8,793,242.0,0,0.0,-2,2.0,0.1,422,155.0,17,1,2.1,308.0,114.0,0,51,1.5,219.0,80.0,0.4,4.5,0.0,19638,131,14281,136,1.5,1.5,0.0,0.01,0.01,4.33,0.0,0.0,0.0,1.56,60.4,387.0,147.0,5.1,435.0,158.0,6.0,411.0,154.0,7.1,421.0,151.0,,,,25,,Sebastiaan,Bornauw,Bornauw,,,250,0,0,1,3,0,0,0,0,0,0,3,32,,,,0.0,0.36,1.08,1.08,11.52,5,27,6
346,a,,,3.8,784,234.0,0,0.0,-2,2.0,0.2,372,136.0,1,0,1.0,438.0,157.0,0,-2,0.0,396.0,147.0,0.0,0.3,0.0,22618,55,32415,73,0.0,0.0,0.0,0.0,0.0,0.79,0.0,0.0,0.0,10.16,0.0,504.0,183.0,0.0,489.0,180.0,0.0,448.0,170.0,0.0,506.0,183.0,,,,25,,Sam,Byram,Byram,,,7,0,0,0,1,0,0,0,0,0,0,0,0,,,,0.0,0.0,12.86,0.0,0.0,0,0,0
347,a,100.0,100.0,3.8,789,238.0,0,0.0,-2,2.0,3.8,88,30.0,56,2,2.3,287.0,109.0,8,230,1.8,199.0,71.0,0.5,14.7,0.0,875354,3190,752512,1826,1.8,1.8,0.98,1.99,2.96,30.74,0.04,0.09,0.13,1.38,373.8,102.0,45.0,324.8,63.0,13.0,128.0,188.0,43.0,82.8,94.0,24.0,,,,25,,Gabriel,Gudmundsson,Gudmundsson,,,2010,0,0,4,38,1,0,0,3,0,0,23,178,,,,0.0,0.18,1.7,1.03,6.4,55,88,89
348,a,100.0,100.0,3.9,749,214.0,0,0.0,-1,1.0,3.7,91,33.0,74,4,3.2,151.0,55.0,5,239,4.0,55.0,19.0,1.0,19.0,0.0,1041733,3766,864723,1812,4.0,4.0,0.96,0.25,1.21,31.35,0.04,0.01,0.05,1.4,496.8,49.0,22.0,62.4,295.0,98.0,163.0,142.0,26.0,72.4,124.0,40.0,,,,25,,Joe,Rodon,Rodon,,,2010,2,0,3,41,0,0,0,1,0,0,23,215,,,,0.0,0.13,1.84,1.03,8.37,26,161,59
349,u,0.0,0.0,4.0,691,176.0,0,0.0,0,0.0,0.1,549,196.0,0,0,0.0,594.0,220.0,0,0,0.0,486.0,192.0,0.0,0.0,0.0,788,0,15794,10,0.0,0.0,0.0,0.0,0.0,0.0,0.0,0.0,0.0,0.0,0.0,585.0,220.0,0.0,577.0,220.0,0.0,539.0,213.0,0.0,587.0,220.0,,,,25,,Isaac,Schmidt,Schmidt,has joined Werder Bremen on loan for the rest of the season.,,0,0,0,0,0,0,0,0,0,0,0,0,0,,,,0.0,0.0,0.0,0.0,0.0,0,0,0
350,a,,,5.4,171,105.0,0,0.0,-1,1.0,0.9,199,68.0,96,3,4.0,72.0,34.0,5,336,3.0,112.0,46.0,0.6,17.8,0.0,184302,1157,90151,3843,3.0,3.0,3.36,2.82,6.18,21.93,0.19,0.16,0.35,1.26,371.6,104.0,35.0,333.3,60.0,48.0,370.0,41.0,24.0,107.4,44.0,32.0,,,,25,,Brenden,Aaronson,Aaronson,,,1563,4,6,6,23,0,0,0,1,0,0,18,148,,,,0.0,0.35,1.32,1.04,8.52,38,21,89
351,a,100.0,100.0,5.2,216,133.0,0,0.0,-3,3.0,0.1,501,177.0,21,0,1.5,406.0,181.0,0,89,0.5,337.0,151.0,0.1,4.0,0.0,8797,37,39575,65,0.5,0.5,0.25,0.54,0.79,8.4,0.07,0.14,0.21,2.18,59.0,388.0,172.0,86.0,254.0,154.0,31.0,340.0,179.0,17.7,365.0,172.0,,,,25,,Wilfried,Gnonto,Gnonto,,,346,0,2,1,11,0,0,0,2,0,0,4,37,,,,0.0,0.26,2.86,1.04,9.62,14,9,14
352,u,0.0,0.0,5.1,229,141.0,0,0.0,-4,4.0,0.0,584,220.0,12,0,1.1,436.0,195.0,0,51,0.0,762.0,333.0,0.0,2.4,0.0,6000,0,18259,34,0.0,0.0,0.28,0.23,0.51,3.82,0.1,0.08,0.18,1.31,30.0,420.0,186.0,49.4,326.0,179.0,35.0,330.0,173.0,11.5,395.0,182.0,4.0,,,25,,Jack,Harrison,Harrison,has joined ACF Fiorentina on loan for the rest of the season.,,262,0,0,0,5,0,0,0,0,0,0,1,24,,,,0.0,0.0,1.72,0.34,8.24,5,6,13
353,a,100.0,75.0,5.2,208,129.0,0,0.0,-3,3.0,0.1,480,166.0,14,1,1.3,424.0,192.0,0,53,0.2,381.0,171.0,0.0,2.7,0.0,7375,40,52253,14,0.2,0.2,0.71,0.57,1.28,9.07,0.18,0.14,0.32,2.27,36.2,411.0,183.0,95.8,240.0,149.0,93.0,235.0,128.0,22.6,344.0,164.0,,,,25,,Daniel,James,James,,,360,0,0,1,13,0,0,0,0,0,0,4,19,,,,0.0,0.25,3.25,1.0,4.75,4,2,13
354,a,100.0,100.0,4.9,300,187.0,0,0.0,-1,1.0,0.2,400,131.0,76,2,3.5,119.0,55.0,5,360,3.8,75.0,32.0,0.8,15.5,0.0,34524,363,26506,324,3.8,3.8,1.62,1.33,2.95,29.24,0.07,0.06,0.13,1.35,383.8,93.0,30.0,224.5,115.0,81.0,81.0,252.0,135.0,69.2,135.0,75.0,,,,25,,Ethan,Ampadu,Ampadu,,,1949,1,1,4,36,0,0,0,7,0,0,22,257,,,,0.0,0.18,1.66,1.02,11.87,51,92,114
355,u,0.0,0.0,4.9,321,199.0,0,0.0,-1,1.0,0.0,629,249.0,0,0,0.0,765.0,328.0,0,0,0.0,720.0,301.0,0.0,0.0,0.0,1234,0,10082,6,0.0,0.0,0.0,0.0,0.0,0.0,0.0,0.0,0.0,0.0,0.0,765.0,328.0,0.0,761.0,328.0,0.0,751.0,324.0,0.0,765.0,328.0,,,,25,,Sam,Greenwood,Greenwood,has joined Pogon Szczecin permanently.,,0,0,0,0,0,0,0,0,0,0,0,0,0,,,,0.0,0.0,0.0,0.0,0.0,0,0,0
356,a,,,4.7,391,244.0,0,0.0,-3,3.0,0.1,514,183.0,45,11,2.8,224.0,94.0,3,206,4.2,46.0,20.0,0.9,9.6,0.0,9606,2922,7097,154,4.2,4.2,0.38,0.75,1.13,17.64,0.04,0.07,0.11,1.71,161.4,275.0,119.0,137.0,192.0,129.0,48.0,304.0,159.0,34.4,290.0,142.0,,,,25,,Ilia,Gruev,Gruev,,,930,0,4,4,19,0,0,0,2,0,0,11,86,,,,0.0,0.39,1.84,1.06,8.32,16,24,46
357,u,0.0,0.0,4.9,325,201.0,0,0.0,-1,1.0,0.0,700,293.0,0,0,0.0,767.0,330.0,0,0,0.0,723.0,303.0,0.0,0.0,0.0,203,0,4310,2,0.0,0.0,0.0,0.0,0.0,0.0,0.0,0.0,0.0,0.0,0.0,767.0,330.0,0.0,763.0,330.0,0.0,753.0,326.0,0.0,767.0,330.0,,,,25,,Largie,Ramazani,Ramazani,has joined Valencia on loan for the rest of the season.,,0,0,0,0,0,0,0,0,0,0,0,0,0,,,,0.0,0.0,0.0,0.0,0.0,0,0,0
358,a,100.0,100.0,4.8,366,227.0,0,0.0,-2,2.0,0.2,356,119.0,43,0,2.1,312.0,135.0,2,166,0.5,329.0,144.0,0.1,9.0,0.0,51033,140,56140,413,0.5,0.5,0.83,0.61,1.44,13.29,0.1,0.07,0.17,1.62,140.0,293.0,130.0,127.1,203.0,135.0,78.0,256.0,137.0,34.5,287.0,140.0,,,,25,,Tanaka,Ao,Tanaka,,,737,2,0,2,16,0,0,0,1,0,0,7,83,,,,0.0,0.24,1.95,0.85,10.14,17,20,46
359,u,0.0,0.0,4.5,462,278.0,0,0.0,0,0.0,0.0,778,338.0,0,0,0.0,712.0,289.0,0,0,0.0,640.0,243.0,0.0,0.0,0.0,0,0,965,0,0.0,0.0,0.0,0.0,0.0,0.0,0.0,0.0,0.0,0.0,0.0,708.0,285.0,0.0,704.0,287.0,0.0,682.0,277.0,0.0,709.0,286.0,,,,25,,Charlie,Crew,Crew,Has joined Doncaster Rovers on loan for the rest of the season.,,0,0,0,0,0,0,0,0,0,0,0,0,0,,,,0.0,0.0,0.0,0.0,0.0,0,0,0
360,u,0.0,0.0,4.5,439,263.0,0,0.0,0,0.0,0.0,744,316.0,0,0,0.0,701.0,278.0,0,0,0.0,627.0,231.0,0.0,0.0,0.0,0,0,2878,0,0.0,0.0,0.0,0.0,0.0,0.0,0.0,0.0,0.0,0.0,0.0,696.0,273.0,0.0,693.0,276.0,0.0,670.0,266.0,0.0,698.0,275.0,,,,25,,Joe,Gelhardt,Gelhardt,Has joined Hull City on loan for the rest of the season.,,0,0,0,0,0,0,0,0,0,0,0,0,0,,,,0.0,0.0,0.0,0.0,0.0,0,0,0
361,u,0.0,0.0,4.5,441,264.0,0,0.0,0,0.0,0.0,658,269.0,0,0,0.0,702.0,279.0,0,0,0.0,628.0,232.0,0.0,0.0,0.0,1165,0,8341,1,0.0,0.0,0.0,0.0,0.0,0.0,0.0,0.0,0.0,0.0,0.0,697.0,274.0,0.0,694.0,277.0,0.0,671.0,267.0,0.0,699.0,276.0,,,,25,,Darko,Gyabi,Gyabi,has joined Hull City permanently.,,0,0,0,0,0,0,0,0,0,0,0,0,0,,,,0.0,0.0,0.0,0.0,0.0,0,0,0
362,a,100.0,100.0,4.9,320,58.0,0,0.0,-6,6.0,0.3,295,47.0,12,0,1.1,434.0,55.0,0,27,0.2,375.0,47.0,0.0,2.4,0.0,37162,101,217529,129,0.2,0.2,0.65,0.08,0.73,5.3,0.28,0.03,0.31,2.32,8.0,457.0,54.0,22.0,382.0,49.0,90.0,240.0,45.0,11.5,394.0,48.0,,,2.0,25,,Joël,Piroe,Piroe,,,206,0,0,1,7,0,0,0,0,0,0,2,10,,,,0.0,0.44,3.06,0.87,4.37,1,1,8
363,u,0.0,0.0,4.9,289,57.0,0,0.0,-1,1.0,0.3,299,48.0,0,0,0.0,759.0,84.0,0,0,0.0,708.0,74.0,0.0,0.0,0.0,16144,0,202373,42,0.0,0.0,0.0,0.0,0.0,0.0,0.0,0.0,0.0,0.0,0.0,759.0,84.0,0.0,755.0,83.0,0.0,743.0,83.0,0.0,759.0,84.0,,,,25,,Patrick,Bamford,Bamford,has departed the club as a free agent.,,0,0,0,0,0,0,0,0,0,0,0,0,0,,,,0.0,0.0,0.0,0.0,0.0,0,0,0
364,u,0.0,0.0,5.0,278,56.0,0,0.0,0,0.0,0.0,731,89.0,0,0,0.0,786.0,87.0,0,0,0.0,754.0,79.0,0.0,0.0,0.0,0,0,2413,1,0.0,0.0,0.0,0.0,0.0,0.0,0.0,0.0,0.0,0.0,0.0,786.0,87.0,0.0,784.0,87.0,0.0,778.0,87.0,0.0,786.0,87.0,,,,25,,Mateo,Joseph Fernández-Regatillo,Mateo Joseph,Has joined RCD Mallorca on loan for the rest of the season.,,0,0,0,0,0,0,0,0,0,0,0,0,0,,,,0.0,0.0,0.0,0.0,0.0,0,0,0
365,a,100.0,25.0,5.0,247,53.0,0,0.0,0,0.0,0.5,258,42.0,49,0,2.6,251.0,27.0,6,181,1.8,208.0,28.0,0.4,9.8,0.0,186947,366,204613,397,1.8,0.5,4.89,0.35,5.24,12.4,0.73,0.05,0.78,1.85,196.2,241.0,21.0,44.9,335.0,38.0,283.0,67.0,23.0,52.5,205.0,25.0,,,1.0,25,,Lukas,Nmecha,Nmecha,,,602,5,0,2,14,0,0,1,0,0,0,6,32,,,,0.0,0.3,2.09,0.9,4.78,5,11,16
493,a,100.0,100.0,4.8,355,222.0,0,0.0,-2,2.0,0.2,345,114.0,43,1,2.9,207.0,84.0,4,229,0.8,282.0,119.0,0.2,9.0,0.0,176346,89,179109,94,0.8,0.8,0.83,1.29,2.12,13.57,0.08,0.12,0.2,1.31,237.2,206.0,89.0,343.0,54.0,44.0,65.0,275.0,147.0,64.5,152.0,85.0,1.0,2.0,,25,,Sean,Longstaff,Longstaff,,,935,1,2,1,18,0,0,0,1,0,0,10,100,,,,0.0,0.1,1.73,0.96,9.63,37,25,38
660,d,25.0,25.0,4.8,369,230.0,0,0.0,-2,2.0,2.2,121,41.0,97,0,4.6,33.0,16.0,8,394,2.5,141.0,58.0,0.5,20.2,0.0,955525,328,729102,9969,0.6,0.6,2.13,3.29,5.42,25.16,0.11,0.17,0.28,1.34,455.2,62.0,17.0,649.0,5.0,5.0,234.0,88.0,55.0,134.0,22.0,18.0,3.0,1.0,,25,,Anton,Stach,Stach,Hip injury - 25% chance of playing,,1693,3,6,3,32,0,0,0,3,0,0,20,190,,,,0.0,0.16,1.7,1.06,10.1,45,57,88
665,a,100.0,100.0,4.5,416,22.0,0,0.0,0,0.0,0.3,338,47.0,43,0,2.7,241.0,21.0,3,153,0.0,610.0,89.0,0.0,9.6,0.0,39568,96,57634,277,0.0,0.0,0.0,0.0,0.0,26.68,0.0,0.0,0.0,1.67,322.4,136.0,18.0,0.0,677.0,85.0,0.0,652.0,73.0,32.2,299.0,18.0,,,,25,,Lucas Estella,Perri,Perri,,,1440,0,0,3,29,0,0,0,2,0,38,16,39,,,,2.38,0.19,1.81,1.0,0.0,0,16,100
691,a,100.0,100.0,5.9,93,29.0,0,0.0,4,-4.0,11.6,34,5.0,102,7,4.4,42.0,7.0,16,332,3.2,98.0,14.0,0.5,17.3,0.0,2621197,21988,1179655,19084,3.2,3.2,9.03,0.92,9.94,20.31,0.49,0.05,0.54,1.1,404.6,85.0,7.0,200.3,132.0,7.0,643.0,7.0,5.0,123.9,29.0,6.0,,,,25,,Dominic,Calvert-Lewin,Calvert-Lewin,,,1663,10,2,4,25,0,0,0,1,0,0,18,53,,,,0.0,0.22,1.35,0.97,2.87,9,18,26
698,a,100.0,100.0,5.5,147,92.0,0,0.0,0,0.0,0.1,464,159.0,61,7,2.8,234.0,98.0,3,207,3.0,114.0,47.0,0.5,11.1,0.0,59532,493,51644,130,3.0,3.0,3.59,0.98,4.57,19.87,0.26,0.07,0.33,1.45,220.4,220.0,96.0,199.5,133.0,93.0,303.0,59.0,35.0,72.3,125.0,68.0,,,,25,,Noah,Okafor,Okafor,,,1231,3,2,4,23,0,0,0,3,0,0,15,87,,,,0.0,0.29,1.68,1.1,6.36,20,21,46
706,a,,,3.9,751,215.0,0,0.0,-1,1.0,0.7,223,84.0,43,7,2.7,236.0,92.0,6,134,6.2,8.0,1.0,1.6,11.0,0.0,101763,10587,35105,500,6.2,6.2,0.88,0.77,1.65,13.59,0.11,0.09,0.2,1.64,191.2,249.0,102.0,105.1,231.0,63.0,110.0,209.0,53.0,40.8,257.0,86.0,,,,25,,James,Justin,Justin,,,744,1,1,2,13,0,0,0,1,0,0,8,74,,,,0.0,0.24,1.57,0.97,8.1,16,51,29
741,u,0.0,0.0,4.5,494,71.0,0,0.0,0,0.0,0.1,483,69.0,0,0,0.0,736.0,80.0,0,0,0.0,669.0,69.0,0.0,0.0,0.0,27606,0,22710,145,0.0,0.0,0.0,0.0,0.0,0.0,0.0,0.0,0.0,0.0,0.0,735.0,80.0,0.0,729.0,79.0,0.0,710.0,79.0,0.0,735.0,80.0,,,,25,,Harry,Gray,Gray,has joined Rotherham United on loan for the rest of the season.,,0,0,0,0,0,0,0,0,0,0,0,0,0,,,,0.0,0.0,0.0,0.0,0.0,0,0,0
366,a,100.0,100.0,5.4,159,4.0,0,0.0,-1,1.0,5.8,63,10.0,67,0,3.5,124.0,12.0,6,272,1.2,250.0,21.0,0.2,12.4,0.0,537321,1258,1263806,2302,1.7,1.2,0.0,0.03,0.03,19.81,0.0,0.0,0.0,1.04,318.6,140.0,19.0,0.1,483.0,15.0,0.0,789.0,91.0,31.8,301.0,19.0,,,,25,,Alisson,Becker,A.Becker,,,1710,0,0,6,23,0,0,0,0,0,37,19,63,,,,1.95,0.32,1.21,1.0,0.0,0,28,164
367,a,,,4.1,656,38.0,0,0.0,-4,4.0,0.5,251,33.0,19,0,3.8,88.0,7.0,0,70,0.0,525.0,78.0,0.0,4.6,0.0,150845,188,163340,231,0.5,0.0,0.0,0.0,0.0,7.1,0.0,0.0,0.0,1.42,140.0,292.0,23.0,0.0,612.0,74.0,0.0,577.0,59.0,13.9,377.0,23.0,,,,25,,Giorgi,Mamardashvili,Mamardashvili,,,450,0,0,1,10,0,1,0,0,0,17,5,45,,,,3.4,0.2,2.0,1.0,0.0,0,7,43
368,a,,,3.8,810,94.0,0,0.0,-2,2.0,0.6,238,32.0,0,0,0.0,528.0,34.0,0,0,0.0,416.0,25.0,0.0,0.0,0.0,93104,3082,37918,420,0.5,0.0,0.0,0.0,0.0,0.0,0.0,0.0,0.0,0.0,0.0,519.0,34.0,0.0,507.0,18.0,0.0,467.0,3.0,0.0,521.0,34.0,,,,25,,Ármin,Pécsi,Pécsi,,,0,0,0,0,0,0,0,0,0,0,0,0,0,,,,0.0,0.0,0.0,0.0,0.0,0,0,0
369,a,,,3.9,745,75.0,0,0.0,-1,1.0,0.2,383,55.0,0,0,0.0,539.0,43.0,0,0,0.0,428.0,34.0,0.0,0.0,0.0,21922,27,16326,37,0.5,0.0,0.0,0.0,0.0,0.0,0.0,0.0,0.0,0.0,0.0,530.0,43.0,0.0,519.0,28.0,0.0,479.0,13.0,0.0,532.0,43.0,,,,25,,Freddie,Woodman,Woodman,,,0,0,0,0,0,0,0,0,0,0,0,0,0,,,,0.0,0.0,0.0,0.0,0.0,0,0,0
370,i,0.0,0.0,5.7,117,11.0,-1,1.0,-3,3.0,5.0,73,24.0,34,0,3.1,179.0,69.0,0,136,0.5,344.0,124.0,0.1,6.0,0.0,587205,28,3301521,7347,0.0,0.0,0.39,1.02,1.41,5.96,0.07,0.17,0.24,1.0,83.2,349.0,131.0,140.8,186.0,46.0,103.0,221.0,57.0,32.8,293.0,99.0,,,,25,,Jeremie,Frimpong,Frimpong,Groin Injury - Unknown return date,,538,0,4,2,7,0,0,0,0,0,0,6,20,,,,0.0,0.33,1.17,1.0,2.68,4,12,31
371,a,,,5.6,135,15.0,0,0.0,-4,4.0,2.9,109,45.0,58,0,2.5,269.0,104.0,4,260,1.5,234.0,86.0,0.3,10.4,0.0,310508,1272,780563,862,2.0,1.5,0.95,0.59,1.54,19.65,0.05,0.03,0.08,1.09,338.2,121.0,53.0,352.3,50.0,8.0,110.0,211.0,54.0,80.2,98.0,28.0,,,,25,,Milos,Kerkez,Kerkez,,,1625,1,1,4,25,0,0,0,4,0,0,20,134,,,,0.0,0.22,1.38,1.11,5.98,34,74,63
372,a,,,5.7,114,10.0,0,0.0,-3,3.0,1.0,190,74.0,25,0,1.8,363.0,132.0,2,112,0.5,343.0,123.0,0.1,4.4,0.0,53159,242,129825,228,1.0,0.5,0.21,0.78,0.98,7.47,0.04,0.13,0.17,1.25,115.6,317.0,119.0,180.3,151.0,37.0,57.0,292.0,89.0,35.4,281.0,95.0,,,,25,,Andrew,Robertson,Robertson,,,538,0,0,2,8,0,0,0,0,0,0,4,40,,,,0.0,0.33,1.34,0.67,5.02,10,20,21
373,a,,,5.9,89,5.0,0,0.0,-1,1.0,21.5,18,6.0,94,0,3.9,82.0,30.0,4,353,3.8,80.0,30.0,0.6,15.9,0.0,2716164,6675,3283306,8435,4.3,3.8,1.1,0.73,1.83,26.91,0.05,0.03,0.08,1.12,677.8,6.0,2.0,136.6,193.0,48.0,215.0,98.0,10.0,102.8,49.0,6.0,,,,25,,Virgil,van Dijk,Virgil,,,2160,1,0,7,33,0,0,0,3,0,0,24,255,,,,0.0,0.29,1.38,1.0,9.58,16,214,52
374,a,100.0,100.0,5.4,165,18.0,0,0.0,-1,1.0,3.0,105,42.0,92,0,4.0,71.0,26.0,7,344,3.2,94.0,35.0,0.6,17.0,0.0,579885,4368,647555,1424,3.7,3.2,1.03,0.81,1.84,21.99,0.05,0.04,0.09,1.01,533.8,34.0,13.0,108.2,222.0,58.0,95.0,231.0,61.0,73.9,118.0,38.0,,,,25,,Ibrahima,Konaté,Konaté,,,1966,1,0,7,27,0,0,0,5,0,0,23,225,,,,0.0,0.32,1.24,1.05,9.16,33,167,65
375,i,0.0,0.0,4.9,340,56.0,0,0.0,-1,1.0,0.2,406,149.0,42,0,2.8,228.0,89.0,2,157,0.0,732.0,254.0,0.0,8.6,0.0,62567,5,70386,169,0.0,0.0,0.18,0.84,1.02,10.77,0.02,0.08,0.1,1.04,157.4,278.0,110.0,105.2,230.0,62.0,62.0,282.0,83.0,32.3,298.0,102.0,,,,25,,Conor,Bradley,Bradley,Knee injury - Expected back 01 Jun,,928,0,2,4,13,0,0,0,5,0,0,12,82,,,,0.0,0.39,1.26,1.16,6.3,19,46,43
376,d,75.0,75.0,4.9,297,45.0,0,0.0,-1,1.0,0.1,426,158.0,25,0,2.3,290.0,111.0,2,70,0.0,711.0,250.0,0.0,5.1,0.0,22223,5,28480,71,0.4,0.0,0.18,0.54,0.72,3.77,0.06,0.17,0.23,1.22,74.8,363.0,136.0,56.9,310.0,105.0,22.0,362.0,124.0,15.3,373.0,131.0,,,,25,,Joe,Gomez,Gomez,Knock - 75% chance of playing,,279,0,2,2,7,0,0,0,2,0,0,4,22,,,,0.0,0.65,2.26,1.29,6.77,2,19,9
377,u,0.0,0.0,4.8,359,59.0,0,0.0,-2,2.0,0.0,588,211.0,0,0,0.0,756.0,260.0,0,0,0.0,700.0,249.0,0.0,0.0,0.0,1669,0,12213,4,0.0,0.0,0.0,0.0,0.0,0.0,0.0,0.0,0.0,0.0,0.0,756.0,260.0,0.0,751.0,260.0,0.0,737.0,259.0,0.0,756.0,260.0,,,,25,,Konstantinos,Tsimikas,Tsimikas,has joined AS Roma on loan for the rest of the season.,,0,0,0,0,0,0,0,0,0,0,0,0,0,,,,0.0,0.0,0.0,0.0,0.0,0,0,0
378,a,100.0,100.0,3.7,817,265.0,0,0.0,-3,3.0,1.2,179,68.0,0,0,0.0,512.0,182.0,0,0,0.0,393.0,144.0,0.0,0.0,0.0,205250,2191,86469,1317,0.5,0.0,0.0,0.0,0.0,0.0,0.0,0.0,0.0,0.0,0.0,502.0,181.0,0.0,487.0,178.0,0.0,446.0,168.0,0.0,504.0,181.0,,,,25,,Amara,Nallo,Nallo,,,0,0,0,0,0,0,0,0,0,0,0,0,0,,,,0.0,0.0,0.0,0.0,0.0,0,0,0
379,a,,,3.7,814,262.0,0,0.0,-3,3.0,0.5,260,98.0,0,0,0.0,510.0,180.0,0,0,0.0,391.0,142.0,0.0,0.0,0.0,61224,3623,33577,580,0.5,0.0,0.0,0.0,0.0,0.0,0.0,0.0,0.0,0.0,0.0,500.0,179.0,0.0,485.0,176.0,0.0,444.0,166.0,0.0,502.0,179.0,,,,25,,Rhys,Williams,R.Williams,,,0,0,0,0,0,0,0,0,0,0,0,0,0,,,,0.0,0.0,0.0,0.0,0.0,0,0,0
380,a,,,3.8,796,245.0,0,0.0,-2,2.0,0.2,347,126.0,0,0,0.0,519.0,188.0,0,0,0.0,405.0,155.0,0.0,0.0,0.0,26898,50,30290,69,0.5,0.0,0.0,0.0,0.0,0.0,0.0,0.0,0.0,0.0,0.0,510.0,188.0,0.0,496.0,186.0,0.0,455.0,176.0,0.0,512.0,188.0,,,,25,,Calvin,Ramsay,Ramsay,,,0,0,0,0,0,0,0,0,0,0,0,0,0,,,,0.0,0.0,0.0,0.0,0.0,0,0,0
381,a,100.0,100.0,14.0,2,1.0,0,0.0,-5,5.0,14.3,23,8.0,74,0,4.6,38.0,19.0,5,234,2.5,150.0,63.0,0.2,5.3,0.0,1321900,806,5854744,2753,3.0,2.5,5.43,3.1,8.53,19.27,0.36,0.21,0.57,1.28,329.0,129.0,44.0,526.8,16.0,16.0,524.0,20.0,8.0,138.0,17.0,13.0,,4.0,1.0,25,,Mohamed,Salah,M.Salah,,,1356,4,5,4,25,0,0,0,1,0,0,14,52,,,,0.0,0.27,1.66,0.93,3.45,3,7,42
382,a,100.0,100.0,8.4,12,7.0,1,-1.0,-1,1.0,14.2,24,9.0,95,0,4.1,66.0,30.0,16,391,6.0,15.0,11.0,0.7,11.3,0.0,1986197,17834,3903874,8781,6.5,6.0,4.86,3.97,8.82,20.23,0.26,0.21,0.47,1.09,386.8,91.0,28.0,634.2,7.0,7.0,475.0,22.0,10.0,149.6,12.0,10.0,4.0,,,25,,Florian,Wirtz,Wirtz,,,1670,4,3,7,21,0,0,0,1,0,0,19,121,,,,0.0,0.38,1.13,1.02,6.52,25,18,78
383,u,0.0,0.0,8.0,16,11.0,0,0.0,0,0.0,0.0,602,231.0,0,0,0.0,816.0,366.0,0,0,0.0,814.0,366.0,0.0,0.0,0.0,0,0,7312,2,0.0,0.0,0.0,0.0,0.0,0.0,0.0,0.0,0.0,0.0,0.0,816.0,366.0,0.0,816.0,366.0,0.0,816.0,366.0,0.0,816.0,366.0,,,,25,,Luis,Díaz Marulanda,Luis Díaz,Has joined Bayern Munch permanently.,,0,0,0,0,0,0,0,0,0,0,0,0,0,,,,0.0,0.0,0.0,0.0,0.0,0,0,0
384,a,100.0,100.0,7.3,27,17.0,0,0.0,-2,2.0,5.4,69,23.0,84,0,3.8,100.0,47.0,5,309,2.0,197.0,86.0,0.3,11.5,0.0,3283512,1597,3696850,3025,2.5,2.0,5.12,3.49,8.61,16.67,0.29,0.2,0.49,0.95,342.0,118.0,40.0,458.7,23.0,22.0,527.0,19.0,7.0,132.7,23.0,19.0,3.0,,3.0,25,,Cody,Gakpo,Gakpo,,,1584,5,3,5,24,0,0,0,1,0,0,18,89,,,,0.0,0.28,1.36,1.02,5.06,13,24,52
385,a,100.0,100.0,6.3,68,45.0,0,0.0,-2,2.0,0.3,323,107.0,29,0,1.7,375.0,165.0,0,110,0.5,347.0,157.0,0.1,4.6,0.0,55383,69,67377,100,1.0,0.5,1.17,0.49,1.66,4.39,0.45,0.19,0.64,1.67,111.2,321.0,143.0,33.3,358.0,187.0,106.0,217.0,118.0,25.0,334.0,160.0,,,,25,,Federico,Chiesa,Chiesa,,,236,2,1,0,6,0,0,0,2,0,0,1,25,,,,0.0,0.0,2.29,0.38,9.53,8,11,6
386,a,100.0,100.0,6.2,74,48.0,0,0.0,-3,3.0,1.2,176,59.0,47,0,2.0,335.0,150.0,0,243,0.8,304.0,130.0,0.1,7.6,0.0,164348,573,268388,576,1.3,0.8,2.09,1.1,3.19,17.66,0.12,0.06,0.18,1.03,226.6,215.0,93.0,297.5,79.0,59.0,184.0,122.0,71.0,70.9,131.0,73.0,,,4.0,25,,Alexis,Mac Allister,Mac Allister,,,1546,0,2,5,22,0,0,0,4,0,0,19,128,,,,0.0,0.29,1.28,1.11,7.45,26,39,63
387,a,100.0,100.0,6.7,49,31.0,0,0.0,2,-2.0,6.3,58,21.0,89,0,3.9,85.0,40.0,12,464,4.5,42.0,19.0,0.7,13.3,0.0,1648957,9658,1238078,6491,5.0,4.5,3.48,3.57,7.05,25.62,0.15,0.16,0.31,1.12,499.0,48.0,12.0,760.9,3.0,3.0,258.0,78.0,48.0,151.7,10.0,8.0,2.0,2.0,,25,,Dominik,Szoboszlai,Szoboszlai,,,2062,3,2,7,32,0,0,1,5,0,0,23,208,,,,0.0,0.31,1.4,1.0,9.08,34,58,116
388,a,100.0,100.0,5.4,167,102.0,0,0.0,-1,1.0,0.1,448,154.0,41,0,2.0,333.0,148.0,1,253,1.8,214.0,91.0,0.3,7.6,0.0,27370,82,31437,158,2.3,1.8,1.05,2.16,3.21,16.65,0.09,0.18,0.27,1.38,212.6,227.0,98.0,291.9,81.0,60.0,106.0,216.0,117.0,60.9,165.0,90.0,,,,25,,Curtis,Jones,C.Jones,,,1087,0,2,2,20,0,0,0,1,0,0,10,119,,,,0.0,0.17,1.66,0.83,9.85,21,20,78
390,a,100.0,100.0,5.6,131,81.0,0,0.0,1,-1.0,4.8,76,25.0,101,0,4.6,34.0,17.0,13,465,1.8,216.0,92.0,0.3,18.0,0.0,1849450,2861,1368700,8743,2.3,1.8,1.28,1.65,2.93,21.72,0.06,0.08,0.14,1.01,484.8,52.0,13.0,337.0,58.0,47.0,130.0,186.0,104.0,95.2,66.0,42.0,,,,25,,Ryan,Gravenberch,Gravenberch,,,1938,4,3,7,27,0,0,0,4,0,0,22,207,,,,0.0,0.33,1.25,1.02,9.61,40,71,96
392,a,100.0,100.0,4.9,294,183.0,0,0.0,-1,1.0,0.1,497,176.0,9,0,1.3,420.0,188.0,0,35,0.5,331.0,146.0,0.1,1.8,0.0,7158,36,14615,24,1.0,0.5,0.0,0.04,0.04,3.69,0.0,0.04,0.04,3.26,41.8,404.0,179.0,16.3,389.0,195.0,0.0,745.0,320.0,5.8,427.0,193.0,,,,25,,Endo,Wataru,Endo,,,102,0,1,0,5,0,0,0,1,0,0,0,12,,,,0.0,0.0,4.41,0.0,10.59,5,7,0
393,i,0.0,0.0,4.3,605,352.0,0,0.0,-2,2.0,0.0,630,250.0,0,0,0.0,646.0,242.0,0,0,0.0,557.0,187.0,0.0,0.0,0.0,6639,8,9898,6,0.0,0.0,0.0,0.0,0.0,0.0,0.0,0.0,0.0,0.0,0.0,637.0,233.0,0.0,633.0,238.0,0.0,603.0,223.0,0.0,639.0,235.0,,,,25,,Stefan,Bajčetić Maquieira,Bajcetic,Hamstring injury - Unknown return date,,0,0,0,0,0,0,0,0,0,0,0,0,0,,,,0.0,0.0,0.0,0.0,0.0,0,0,0
394,u,0.0,0.0,4.4,546,326.0,0,0.0,-1,1.0,0.0,671,275.0,0,0,0.0,667.0,256.0,0,0,0.0,586.0,205.0,0.0,0.0,0.0,1737,0,4082,1,0.0,0.0,0.0,0.0,0.0,0.0,0.0,0.0,0.0,0.0,0.0,659.0,248.0,0.0,655.0,253.0,0.0,627.0,239.0,0.0,661.0,250.0,,,,25,,James,McConnell,McConnell,has joined Ajax on loan for the rest of the season.,,0,0,0,0,0,0,0,0,0,0,0,0,0,,,,0.0,0.0,0.0,0.0,0.0,0,0,0
395,u,0.0,0.0,4.5,430,257.0,0,0.0,0,0.0,0.0,792,349.0,0,0,0.0,694.0,272.0,0,0,0.0,620.0,225.0,0.0,0.0,0.0,0,0,357,0,0.0,0.0,0.0,0.0,0.0,0.0,0.0,0.0,0.0,0.0,0.0,689.0,267.0,0.0,685.0,270.0,0.0,662.0,260.0,0.0,691.0,269.0,,,,25,,Tyler,Morton,Morton,Has joined Lyon permanently.,,0,0,0,0,0,0,0,0,0,0,0,0,0,,,,0.0,0.0,0.0,0.0,0.0,0,0,0
396,a,,,4.3,614,359.0,0,0.0,-2,2.0,0.3,303,104.0,2,0,1.0,456.0,199.0,0,5,0.0,565.0,194.0,0.0,0.5,0.0,96435,101,80313,168,0.5,0.0,0.0,0.0,0.0,0.0,0.0,0.0,0.0,0.0,2.2,477.0,218.0,10.3,411.0,204.0,0.0,609.0,229.0,1.3,473.0,217.0,,,,25,,Trey,Nyoni,Nyoni,,,2,0,0,0,0,0,0,0,0,0,0,0,0,,,,0.0,0.0,0.0,0.0,0.0,0,0,0
397,u,0.0,0.0,6.5,51,18.0,0,0.0,0,0.0,0.1,551,77.0,0,0,0.0,812.0,90.0,0,0,0.0,807.0,87.0,0.0,0.0,0.0,0,0,15909,3,0.0,0.0,0.0,0.0,0.0,0.0,0.0,0.0,0.0,0.0,0.0,812.0,90.0,0.0,812.0,90.0,0.0,812.0,90.0,0.0,812.0,90.0,,,,25,,Darwin,Núñez Ribeiro,Darwin,Has joined Al-Hilal permanently.,,0,0,0,0,0,0,0,0,0,0,0,0,0,,,,0.0,0.0,0.0,0.0,0.0,0,0,0
398,i,0.0,0.0,4.3,601,84.0,0,0.0,-2,2.0,0.1,467,67.0,0,0,0.0,644.0,66.0,0,0,0.0,554.0,54.0,0.0,0.0,0.0,8717,17,19276,26,0.0,0.0,0.0,0.0,0.0,0.0,0.0,0.0,0.0,0.0,0.0,635.0,66.0,0.0,630.0,65.0,0.0,600.0,65.0,0.0,637.0,66.0,,,,25,,Jayden,Danns,Danns,Hamstring injury - Unknown return date,,0,0,0,0,0,0,0,0,0,0,0,0,0,,,,0.0,0.0,0.0,0.0,0.0,0,0,0
499,i,0.0,0.0,10.3,4,2.0,0,0.0,-2,2.0,3.6,93,16.0,29,0,2.9,216.0,25.0,2,96,0.0,816.0,90.0,0.0,2.8,0.0,1796921,27,2407283,789,0.0,0.0,2.04,0.07,2.11,5.1,0.37,0.01,0.38,0.92,97.6,332.0,33.0,36.5,353.0,44.0,143.0,170.0,38.0,26.9,324.0,38.0,,,,25,,Alexander,Isak,Isak,Ankle injury - Unknown return date,,501,2,1,1,7,0,0,0,0,0,0,6,23,,,,0.0,0.18,1.26,1.08,4.13,6,6,11
661,a,100.0,100.0,8.9,7,3.0,0,0.0,4,-4.0,26.1,13,4.0,100,0,4.8,27.0,5.0,19,362,4.0,69.0,8.0,0.4,11.2,0.0,7257305,39335,6286725,14010,4.5,4.0,7.61,1.72,9.33,18.73,0.51,0.12,0.63,1.27,436.6,65.0,5.0,212.8,123.0,5.0,586.0,11.0,7.0,122.5,31.0,7.0,,,,25,,Hugo,Ekitiké,Ekitiké,,,1332,10,2,5,18,0,0,0,0,0,0,15,59,,,,0.0,0.34,1.22,1.01,3.99,8,24,27
686,a,,,4.3,620,363.0,0,0.0,-2,2.0,0.7,211,73.0,13,0,1.6,381.0,168.0,0,56,0.5,322.0,139.0,0.1,3.0,0.0,227696,1808,164747,894,1.0,0.5,0.37,0.35,0.72,2.78,0.44,0.41,0.85,3.29,50.8,396.0,175.0,59.7,306.0,172.0,41.0,315.0,164.0,15.3,372.0,175.0,,,,25,,Rio,Ngumoha,Ngumoha,,,76,1,0,0,3,0,0,0,0,0,0,0,3,,,,0.0,0.0,3.55,0.0,3.55,1,0,2
692,i,0.0,0.0,4.9,351,58.0,0,0.0,-1,1.0,0.0,705,242.0,0,0,0.0,777.0,261.0,0,0,0.0,739.0,255.0,0.0,0.0,0.0,1818,2,2459,3,0.0,0.0,0.0,0.0,0.0,0.0,0.0,0.0,0.0,0.0,0.0,777.0,261.0,0.0,773.0,261.0,0.0,763.0,260.0,0.0,777.0,261.0,,,,25,,Giovanni,Leoni,Leoni,Knee injury - Expected back 01 Sep,,0,0,0,0,0,0,0,0,0,0,0,0,0,,,,0.0,0.0,0.0,0.0,0.0,0,0,0
746,a,,,4.5,492,301.0,0,0.0,0,0.0,0.0,742,314.0,0,0,0.0,734.0,305.0,0,0,0.0,667.0,264.0,0.0,0.0,0.0,914,11,698,10,0.5,0.0,0.0,0.0,0.0,0.0,0.0,0.0,0.0,0.0,0.0,733.0,304.0,0.0,727.0,304.0,0.0,708.0,297.0,0.0,733.0,304.0,,,,25,,Kieran,Morrison,Morrison,,,0,0,0,0,0,0,0,0,0,0,0,0,0,,,,0.0,0.0,0.0,0.0,0.0,0,0,0
760,a,,,4.0,705,184.0,0,0.0,0,0.0,0.0,710,243.0,0,0,0.0,605.0,225.0,0,0,0.0,498.0,198.0,0.0,0.0,0.0,805,20,598,17,0.5,0.0,0.0,0.0,0.0,0.0,0.0,0.0,0.0,0.0,0.0,596.0,225.0,0.0,588.0,225.0,0.0,550.0,218.0,0.0,598.0,225.0,,,,25,,Wellity,Lucky,Lucky,,,0,0,0,0,0,0,0,0,0,0,0,0,0,,,,0.0,0.0,0.0,0.0,0.0,0,0,0
82,a,100.0,100.0,7.9,17,12.0,1,-1.0,9,-9.0,49.5,2,1.0,137,0,6.0,8.0,5.0,14,450,4.2,54.0,25.0,0.5,17.3,0.0,10586905,24398,5835323,17964,4.7,4.2,7.68,2.02,9.7,34.6,0.33,0.09,0.42,1.5,639.4,10.0,2.0,387.9,42.0,39.0,698.0,4.0,1.0,172.7,4.0,3.0,,,,25,,Antoine,Semenyo,Semenyo,,,2070,12,5,6,42,0,0,1,6,0,0,23,173,,,,0.0,0.26,1.83,1.0,7.52,30,35,108
182,a,,,4.5,428,23.0,0,0.0,-5,5.0,0.9,193,24.0,11,0,3.7,102.0,10.0,0,62,0.0,618.0,90.0,0.0,2.4,0.0,99333,58,270485,176,0.5,0.0,0.0,0.0,0.0,3.97,0.0,0.0,0.0,1.32,100.2,329.0,26.0,0.0,683.0,86.0,0.0,660.0,74.0,10.1,402.0,27.0,,,,25,,James,Trafford,Trafford,,,270,0,0,1,4,0,0,0,0,0,11,3,41,,,,3.67,0.33,1.33,1.0,0.0,2,6,33
260,a,100.0,100.0,5.2,209,28.0,0,0.0,7,-7.0,36.6,5,2.0,114,0,5.2,11.0,4.0,8,411,2.2,163.0,61.0,0.4,21.9,0.0,5580870,13542,2694865,20069,2.7,2.2,2.61,1.76,4.37,29.28,0.12,0.08,0.2,1.33,542.0,31.0,11.0,160.3,169.0,42.0,260.0,76.0,4.0,96.3,64.0,12.0,,,,25,,Marc,Guéhi,Guéhi,,,1980,2,4,8,25,0,0,0,4,0,0,22,214,,,,0.0,0.36,1.14,1.0,8.14,31,148,96
399,u,0.0,0.0,5.3,185,5.0,0,0.0,-2,2.0,0.8,203,25.0,0,0,0.0,793.0,94.0,0,0,0.0,768.0,94.0,0.0,0.0,0.0,15200,0,272228,85,0.0,0.0,0.0,0.0,0.0,0.0,0.0,0.0,0.0,0.0,0.0,793.0,94.0,0.0,792.0,93.0,0.0,787.0,90.0,0.0,793.0,94.0,,,,25,,Ederson,Santana de Moraes,Ederson M.,has joined Fenerbache permanently.,,0,0,0,0,0,0,0,0,0,0,0,0,0,,,,0.0,0.0,0.0,0.0,0.0,0,0,0
402,a,100.0,100.0,5.7,119,13.0,0,0.0,-3,3.0,3.8,90,32.0,15,0,2.1,320.0,119.0,1,50,0.8,299.0,109.0,0.1,2.6,0.0,519924,712,2390614,455,1.3,0.8,0.07,0.52,0.59,3.7,0.02,0.17,0.19,1.18,54.8,394.0,149.0,42.1,342.0,118.0,12.0,386.0,138.0,10.9,399.0,143.0,,,,25,,Rayan,Aït-Nouri,Aït-Nouri,,,283,0,0,1,3,0,0,0,1,0,0,4,36,,,,0.0,0.32,0.95,1.27,8.9,13,15,11
403,i,0.0,0.0,5.9,101,6.0,0,0.0,-1,1.0,3.6,92,34.0,77,0,4.8,25.0,11.0,5,291,0.0,800.0,265.0,0.0,13.1,0.0,1373916,27,2145322,4204,0.0,0.0,2.19,0.64,2.83,15.29,0.15,0.04,0.19,1.06,354.6,110.0,49.0,104.7,232.0,64.0,193.0,117.0,21.0,65.3,149.0,47.0,,,,25,,Joško,Gvardiol,Gvardiol,Leg injury - Unknown return date,,1301,2,2,6,13,0,0,0,2,0,0,15,115,,,,0.0,0.42,0.9,1.04,6.85,17,82,48
404,u,0.0,0.0,5.4,168,19.0,0,0.0,-1,1.0,0.3,332,121.0,0,0,0.0,796.0,264.0,0,0,0.0,777.0,262.0,0.0,0.0,0.0,9281,0,85236,20,0.0,0.0,0.0,0.0,0.0,0.0,0.0,0.0,0.0,0.0,0.0,796.0,264.0,0.0,795.0,264.0,0.0,791.0,263.0,0.0,796.0,264.0,,,,25,,Manuel,Akanji,Akanji,has joined Inter Milan on loan for the rest of the season.,,0,0,0,0,0,0,0,0,0,0,0,0,0,,,,0.0,0.0,0.0,0.0,0.0,0,0,0
405,a,,,5.3,186,23.0,0,0.0,-2,2.0,0.6,232,88.0,25,0,2.1,316.0,118.0,1,106,0.2,384.0,141.0,0.0,4.7,0.0,43508,151,82062,242,0.7,0.2,0.28,0.44,0.72,7.84,0.05,0.08,0.13,1.46,93.6,337.0,128.0,83.1,261.0,80.0,25.0,351.0,116.0,20.3,356.0,124.0,,,,25,,Nathan,Aké,Aké,,,484,0,0,2,7,0,0,0,1,0,0,4,38,,,,0.0,0.37,1.3,0.74,6.51,9,26,12
406,a,100.0,100.0,5.4,184,22.0,0,0.0,-1,1.0,0.4,285,109.0,24,0,2.4,283.0,108.0,0,126,2.2,165.0,62.0,0.4,4.4,0.0,48882,515,66452,279,2.7,2.2,0.0,0.1,0.1,9.64,0.0,0.01,0.01,1.34,132.8,300.0,116.0,32.5,361.0,126.0,0.0,798.0,265.0,16.6,367.0,128.0,,,,25,,Abdukodir,Khusanov,Khusanov,,,649,0,0,2,7,0,0,0,2,0,0,7,71,,,,0.0,0.28,0.97,0.97,8.6,17,45,30
407,a,100.0,100.0,5.4,174,21.0,0,0.0,-1,1.0,3.1,102,39.0,106,0,5.0,15.0,5.0,14,434,3.0,113.0,41.0,0.6,19.6,0.0,815042,3538,498255,4506,3.5,3.0,0.25,1.34,1.59,20.47,0.01,0.07,0.08,1.05,456.8,60.0,28.0,270.5,90.0,21.0,54.0,296.0,92.0,78.4,106.0,34.0,,,4.0,25,,Matheus,Nunes,Matheus N.,,,1755,1,5,8,18,0,0,0,4,0,0,19,175,,,,0.0,0.41,0.92,0.97,7.03,43,94,105
408,a,100.0,100.0,5.5,140,16.0,0,0.0,0,0.0,3.3,97,36.0,95,0,4.8,24.0,10.0,3,380,0.0,786.0,264.0,0.0,17.3,0.0,912811,1142,1034103,1415,0.5,0.0,0.5,0.48,0.98,19.73,0.03,0.03,0.06,1.04,458.0,59.0,27.0,91.8,245.0,71.0,94.0,233.0,63.0,64.5,153.0,48.0,,,,25,,Rúben,dos Santos Gato Alves Dias,Rúben,,,1705,2,0,10,16,0,0,0,2,0,0,19,156,,,,0.0,0.53,0.84,1.0,6.97,7,125,59
409,d,25.0,25.0,5.4,158,17.0,0,0.0,-1,1.0,0.6,245,90.0,12,0,1.7,373.0,138.0,0,45,0.0,773.0,261.0,0.0,2.2,0.0,50231,4,108866,121,0.1,0.0,0.0,0.06,0.06,5.05,0.0,0.02,0.02,1.29,76.6,359.0,135.0,19.6,385.0,138.0,2.0,443.0,165.0,9.8,403.0,144.0,,,,25,,John,Stones,Stones,Lack of match fitness - 25% chance of playing,,351,0,0,1,8,0,0,0,0,0,0,4,34,,,,0.0,0.26,2.05,1.03,4.87,0,19,17
410,a,100.0,100.0,4.6,401,70.0,0,0.0,-4,4.0,1.2,174,67.0,19,0,1.9,341.0,127.0,2,75,0.0,691.0,247.0,0.0,4.1,0.0,366295,156,455985,354,0.5,0.0,0.11,1.31,1.42,5.04,0.03,0.38,0.41,1.46,67.4,376.0,143.0,97.3,239.0,67.0,43.0,313.0,100.0,20.7,353.0,122.0,,,,25,,Rico,Lewis,Lewis,,,311,0,1,1,5,0,0,0,1,0,0,3,23,,,,0.0,0.29,1.45,0.87,5.5,5,14,10
411,a,100.0,100.0,4.9,336,54.0,-1,1.0,-1,1.0,4.8,75,25.0,85,0,3.7,103.0,36.0,2,334,1.5,227.0,85.0,0.3,17.3,0.0,1906149,1488,1348694,8117,2.0,1.5,2.15,1.53,3.68,22.31,0.11,0.08,0.19,1.18,378.0,98.0,44.0,296.3,80.0,19.0,207.0,103.0,14.0,88.2,79.0,18.0,,,,25,,Nico,O'Reilly,O'Reilly,,,1701,1,3,9,17,0,0,0,4,0,0,18,150,,,,0.0,0.48,0.9,0.95,6.77,52,76,72
412,u,0.0,0.0,5.0,283,42.0,0,0.0,0,0.0,0.0,769,261.0,0,0,0.0,790.0,263.0,0,0,0.0,758.0,257.0,0.0,0.0,0.0,0,0,849,0,0.0,0.0,0.0,0.0,0.0,0.0,0.0,0.0,0.0,0.0,0.0,790.0,263.0,0.0,788.0,263.0,0.0,782.0,262.0,0.0,790.0,263.0,,,,25,,Vitor,de Oliveira Nunes dos Reis,Vitor Reis,Has joined Girona on loan for the rest of the season.,,0,0,0,0,0,0,0,0,0,0,0,0,0,,,,0.0,0.0,0.0,0.0,0.0,0,0,0
413,a,100.0,100.0,8.3,14,9.0,0,0.0,-2,2.0,2.5,115,37.0,27,0,2.2,307.0,134.0,4,87,2.8,132.0,57.0,0.3,3.3,0.0,232902,1977,1244657,762,3.3,2.8,1.5,0.54,2.04,2.66,0.49,0.17,0.66,0.86,79.8,354.0,158.0,57.9,309.0,173.0,124.0,196.0,108.0,26.0,330.0,158.0,,1.0,2.0,25,,Omar,Marmoush,Marmoush,,,278,1,1,1,3,0,0,0,0,0,0,3,20,,,,0.0,0.32,0.97,0.97,6.47,6,4,10
414,a,100.0,100.0,8.3,13,8.0,0,0.0,3,-3.0,11.8,33,12.0,103,0,4.7,32.0,15.0,10,443,0.8,309.0,135.0,0.1,12.4,0.0,6149003,727,5037099,36562,1.3,0.8,4.95,3.53,8.48,19.98,0.27,0.19,0.46,1.09,452.4,63.0,18.0,692.3,4.0,4.0,366.0,43.0,25.0,150.8,11.0,9.0,1.0,3.0,,25,,Phil,Foden,Foden,,,1643,7,2,9,14,0,0,0,3,0,0,19,119,,,,0.0,0.49,0.77,1.04,6.52,24,20,75
415,i,0.0,0.0,6.9,44,26.0,0,0.0,-1,1.0,0.4,272,92.0,26,0,1.7,377.0,166.0,0,87,0.0,810.0,363.0,0.0,3.8,0.0,33181,12,112664,104,0.0,0.0,1.28,1.18,2.46,6.39,0.22,0.2,0.42,1.08,75.0,362.0,162.0,138.1,190.0,127.0,218.0,97.0,61.0,43.1,248.0,122.0,,,,25,,Sávio,Moreira de Oliveira,Savinho,Thigh injury - Expected back 21 Feb,,531,0,2,2,5,0,0,0,1,0,0,5,44,,,,0.0,0.34,0.85,0.85,7.46,5,9,30
416,d,75.0,75.0,6.2,73,47.0,0,0.0,-3,3.0,0.5,259,87.0,59,0,2.5,271.0,115.0,0,298,3.2,99.0,42.0,0.5,9.5,0.0,73649,30,121986,728,2.8,2.4,0.69,2.11,2.8,22.46,0.04,0.11,0.15,1.16,262.0,187.0,76.0,412.0,36.0,34.0,111.0,208.0,113.0,78.4,107.0,58.0,5.0,,,25,,Bernardo,Mota Veiga de Carvalho e Silva,Bernardo,Hamstring injury - 75% chance of playing,,1749,0,4,8,19,0,0,0,5,0,0,20,152,,,,0.0,0.41,0.98,1.03,7.82,27,40,85
417,a,100.0,100.0,6.5,53,34.0,-1,1.0,0,0.0,9.5,43,16.0,88,0,4.6,36.0,18.0,12,377,3.0,116.0,48.0,0.5,13.5,0.0,2578582,11612,2380484,11575,3.5,3.0,2.08,5.77,7.85,13.47,0.18,0.51,0.69,1.19,384.0,92.0,29.0,559.9,11.0,11.0,325.0,53.0,32.0,127.1,28.0,23.0,2.0,4.0,,25,,Rayan,Cherki,Cherki,,,1019,3,8,5,10,0,0,0,1,0,0,12,96,,,,0.0,0.44,0.88,1.06,8.48,18,14,64
418,i,0.0,0.0,6.4,57,36.0,0,0.0,-1,1.0,2.5,113,35.0,72,0,3.6,117.0,54.0,9,305,0.8,306.0,132.0,0.1,11.2,0.0,2119310,33,2057135,3614,0.0,0.0,1.81,4.25,6.06,15.61,0.14,0.32,0.46,1.19,302.0,160.0,60.0,557.2,12.0,12.0,380.0,36.0,21.0,123.8,30.0,24.0,,,3.0,25,,Jérémy,Doku,Doku,Calf injury - Expected back 11 Feb,,1179,1,7,5,13,0,0,0,0,0,0,13,79,,,,0.0,0.38,0.99,0.99,6.03,15,10,54
420,u,0.0,0.0,6.3,63,41.0,0,0.0,-2,2.0,0.1,554,204.0,0,0,0.0,809.0,362.0,0,0,0.0,802.0,359.0,0.0,0.0,0.0,1928,0,19812,11,0.0,0.0,0.0,0.0,0.0,0.0,0.0,0.0,0.0,0.0,0.0,809.0,362.0,0.0,809.0,362.0,0.0,809.0,362.0,0.0,809.0,362.0,,,,25,,İlkay,Gündoğan,Gündoğan,has joined Galatasaray permanently.,,0,0,0,0,0,0,0,0,0,0,0,0,0,,,,0.0,0.0,0.0,0.0,0.0,0,0,0
421,a,100.0,100.0,6.3,67,44.0,0,0.0,-2,2.0,0.4,264,89.0,28,0,2.3,295.0,127.0,1,162,2.2,172.0,73.0,0.3,4.4,0.0,54254,272,96961,222,2.7,2.2,0.14,1.1,1.24,10.44,0.02,0.14,0.16,1.3,166.2,266.0,114.0,189.5,141.0,98.0,35.0,331.0,174.0,39.1,263.0,130.0,,,,25,,Rodrigo 'Rodri',Hernandez Cascante,Rodrigo,,,723,0,0,2,8,0,0,0,2,0,0,8,109,,,,0.0,0.25,1.0,1.0,13.57,23,28,58
422,i,0.0,0.0,5.8,104,66.0,0,0.0,-2,2.0,0.0,677,280.0,1,0,1.0,496.0,233.0,0,3,0.0,793.0,352.0,0.0,0.2,0.0,2402,3,3323,3,0.0,0.0,0.0,0.0,0.0,0.0,0.0,0.0,0.0,0.0,2.6,475.0,217.0,0.8,464.0,223.0,0.0,804.0,358.0,0.3,493.0,227.0,,,,25,,Mateo,Kovačić,Kovačić,Ankle injury - Unknown return date,,4,0,0,0,0,0,0,0,0,0,0,0,0,,,,0.0,0.0,0.0,0.0,0.0,0,0,0
423,a,100.0,100.0,5.9,98,63.0,0,0.0,-1,1.0,0.1,466,160.0,55,0,2.8,235.0,99.0,1,289,0.0,797.0,356.0,0.0,9.3,0.0,27089,79,29958,65,0.5,0.0,0.56,1.0,1.56,16.19,0.04,0.07,0.11,1.08,275.8,176.0,69.0,185.3,146.0,100.0,64.0,279.0,149.0,52.5,206.0,104.0,,,,25,,Nico,González Iglesias,N.Gonzalez,,,1351,1,0,7,14,0,0,0,5,0,0,15,179,,,,0.0,0.47,0.93,1.0,11.92,36,64,79
425,u,0.0,0.0,5.4,183,113.0,0,0.0,-1,1.0,0.0,732,309.0,0,0,0.0,802.0,356.0,0,0,0.0,784.0,346.0,0.0,0.0,0.0,194,0,3226,0,0.0,0.0,0.0,0.0,0.0,0.0,0.0,0.0,0.0,0.0,0.0,802.0,356.0,0.0,801.0,356.0,0.0,797.0,355.0,0.0,802.0,356.0,,,,25,,Claudio,Echeverri,Echeverri,has joined Girona on loan for the rest of the season.,,0,0,0,0,0,0,0,0,0,0,0,0,0,,,,0.0,0.0,0.0,0.0,0.0,0,0,0
427,a,,,5.1,232,143.0,0,0.0,-4,4.0,10.7,35,13.0,83,0,3.6,114.0,53.0,6,310,1.2,248.0,104.0,0.2,16.3,0.0,3528233,2604,4792007,7140,1.7,1.2,3.92,1.98,5.9,16.57,0.25,0.13,0.38,1.05,320.2,137.0,46.0,315.7,66.0,51.0,385.0,34.0,19.0,101.2,54.0,36.0,3.0,,,25,,Tijjani,Reijnders,Reijnders,,,1423,5,2,7,16,0,0,0,2,0,0,17,83,,,,0.0,0.44,1.01,1.08,5.25,8,26,49
428,a,100.0,100.0,5.0,279,172.0,0,0.0,0,0.0,0.0,719,302.0,0,0,0.0,787.0,345.0,0,0,0.0,755.0,327.0,0.0,0.0,0.0,134,18,2482,4,0.5,0.0,0.0,0.0,0.0,0.0,0.0,0.0,0.0,0.0,0.0,787.0,345.0,0.0,785.0,345.0,0.0,779.0,343.0,0.0,787.0,345.0,,,,25,,Sverre,Nypan,Nypan,,,0,0,0,0,0,0,0,0,0,0,0,0,0,,,,0.0,0.0,0.0,0.0,0.0,0,0,0
429,u,0.0,0.0,4.7,381,238.0,0,0.0,-3,3.0,0.1,550,202.0,0,0,0.0,753.0,321.0,0,0,0.0,692.0,283.0,0.0,0.0,0.0,4052,0,8114,39,0.0,0.0,0.0,0.0,0.0,0.0,0.0,0.0,0.0,0.0,0.0,753.0,321.0,0.0,748.0,321.0,0.0,732.0,315.0,0.0,753.0,321.0,,,,25,,Kalvin,Phillips,Phillips,has joined Sheffield United on loan for the rest of the season.,,0,0,0,0,0,0,0,0,0,0,0,0,0,,,,0.0,0.0,0.0,0.0,0.0,0,0,0
430,a,100.0,100.0,14.9,1,1.0,0,0.0,9,-9.0,69.3,1,1.0,171,0,7.1,2.0,1.0,31,693,2.0,198.0,27.0,0.1,11.5,0.0,6684900,3712,1644527,41914,2.5,2.0,18.88,1.33,20.21,26.27,0.85,0.06,0.91,1.18,855.4,1.0,1.0,195.3,138.0,9.0,1050.0,1.0,1.0,210.2,2.0,1.0,,,1.0,25,,Erling,Haaland,Haaland,,,2008,20,5,10,22,0,0,1,0,0,0,23,74,,,,0.0,0.45,0.99,1.03,3.32,12,35,27
736,a,,,5.6,128,3.0,0,0.0,1,-1.0,8.9,47,7.0,81,0,3.9,81.0,6.0,2,353,3.0,115.0,12.0,0.5,14.5,0.0,1917469,3713,1161723,8310,3.5,3.0,0.0,0.0,0.0,23.2,0.0,0.0,0.0,1.1,415.6,78.0,15.0,0.0,805.0,94.0,0.0,803.0,93.0,41.7,254.0,15.0,,,,25,,Gianluigi,Donnarumma,Donnarumma,,,1890,0,0,9,19,0,1,0,5,0,48,21,55,,,,2.29,0.43,0.9,1.0,0.0,0,27,140
739,u,0.0,,4.4,565,339.0,0,0.0,-1,1.0,0.0,668,273.0,2,0,1.0,462.0,205.0,0,5,0.2,363.0,159.0,0.0,0.5,0.0,3500,3,2939,45,0.0,0.2,0.0,0.21,0.21,0.34,0.0,0.76,0.76,1.22,4.2,467.0,211.0,28.3,370.0,191.0,4.0,418.0,204.0,3.7,444.0,201.0,,,,25,,Divine,Mukasa,Mukasa,has joined Leicester City on loan for the rest of the season.,,25,0,0,0,0,0,0,0,0,0,0,0,1,,,,0.0,0.0,0.0,0.0,3.6,0,0,1
740,u,0.0,,3.9,776,227.0,0,0.0,-1,1.0,0.0,609,217.0,0,0,0.0,562.0,205.0,0,0,0.0,452.0,176.0,0.0,0.0,0.0,3208,5,3507,64,0.0,0.0,0.0,0.0,0.0,0.0,0.0,0.0,0.0,0.0,0.0,553.0,205.0,0.0,542.0,205.0,0.0,502.0,196.0,0.0,555.0,205.0,,,,25,,Stephen,Mfuni,Mfuni,has joined Watford on loan for the rest of the season.,,0,0,0,0,0,0,0,0,0,0,0,0,0,,,,0.0,0.0,0.0,0.0,0.0,0,0,0
742,a,,,4.5,503,310.0,0,0.0,0,0.0,0.0,729,307.0,0,0,0.0,742.0,312.0,0,0,0.0,676.0,272.0,0.0,0.0,0.0,1373,8,1156,12,0.5,0.0,0.0,0.0,0.0,0.0,0.0,0.0,0.0,0.0,0.0,742.0,312.0,0.0,736.0,312.0,0.0,717.0,305.0,0.0,742.0,312.0,,,,25,,Ryan,McAidoo,McAidoo,,,0,0,0,0,0,0,0,0,0,0,0,0,0,,,,0.0,0.0,0.0,0.0,0.0,0,0,0
764,a,,,4.5,486,296.0,0,0.0,0,0.0,0.0,790,347.0,0,0,0.0,728.0,300.0,0,0,0.0,661.0,259.0,0.0,0.0,0.0,161,2,112,8,0.5,0.0,0.0,0.0,0.0,0.0,0.0,0.0,0.0,0.0,0.0,727.0,299.0,0.0,721.0,299.0,0.0,702.0,292.0,0.0,727.0,299.0,,,,25,,Reigan,Heskey,Heskey,,,0,0,0,0,0,0,0,0,0,0,0,0,0,,,,0.0,0.0,0.0,0.0,0.0,0,0,0
794,a,,,4.2,639,150.0,0,0.0,-3,3.0,0.0,713,245.0,5,0,2.5,261.0,101.0,0,27,0.2,356.0,132.0,0.0,1.2,0.0,4949,26,3720,45,0.7,0.2,0.26,0.06,0.32,1.54,0.17,0.04,0.21,1.03,34.0,413.0,154.0,14.8,391.0,142.0,26.0,348.0,115.0,7.5,419.0,150.0,,,,25,,Max,Alleyne,Alleyne,,,135,0,0,0,1,0,0,0,0,0,0,2,11,,,,0.0,0.0,0.67,1.33,7.33,3,8,4
119,a,100.0,100.0,8.5,11,6.0,0,0.0,5,-5.0,21.0,19,7.0,103,8,5.2,13.0,7.0,14,378,7.2,6.0,5.0,0.8,12.1,0.0,6389883,68846,5545645,7168,7.2,7.2,6.98,3.69,10.67,24.25,0.37,0.19,0.56,1.27,475.6,55.0,15.0,543.3,14.0,14.0,661.0,6.0,2.0,168.0,6.0,4.0,2.0,2.0,,25,,Bryan,Mbeumo,Mbeumo,,,1719,9,1,4,28,0,0,0,3,0,0,20,88,,,,0.0,0.21,1.47,1.05,4.61,15,11,62
431,a,,,4.7,388,17.0,0,0.0,-3,3.0,0.3,308,40.0,11,0,1.8,357.0,28.0,0,49,0.0,694.0,91.0,0.0,2.3,0.0,35747,80,60804,130,0.0,0.0,0.0,0.05,0.05,9.24,0.0,0.01,0.01,1.54,118.4,312.0,24.0,10.0,417.0,9.0,0.0,733.0,80.0,12.8,382.0,24.0,,,,25,,Altay,Bayındır,Bayindir,,,540,0,0,0,11,0,0,0,0,0,13,6,46,,,,2.17,0.0,1.83,1.0,0.0,0,7,39
432,u,0.0,0.0,4.9,303,12.0,0,0.0,-1,1.0,0.1,421,63.0,0,0,0.0,763.0,93.0,0,0,0.0,715.0,93.0,0.0,0.0,0.0,5156,0,26383,14,0.0,0.0,0.0,0.0,0.0,0.0,0.0,0.0,0.0,0.0,0.0,763.0,93.0,0.0,759.0,90.0,0.0,748.0,84.0,0.0,763.0,93.0,,,,25,,André,Onana,Onana,has joined Trabzonspor on loan for the rest of the season.,,0,0,0,0,0,0,0,0,0,0,0,0,0,,,,0.0,0.0,0.0,0.0,0.0,0,0,0
433,u,0.0,0.0,4.0,717,65.0,0,0.0,0,0.0,0.0,802,93.0,0,0,0.0,615.0,84.0,0,0,0.0,510.0,76.0,0.0,0.0,0.0,0,0,245,0,0.0,0.0,0.0,0.0,0.0,0.0,0.0,0.0,0.0,0.0,0.0,606.0,84.0,0.0,598.0,72.0,0.0,561.0,57.0,0.0,608.0,84.0,,,,25,,Elyh,Harrison,Harrison,On loan to Shrewsbury Town,,0,0,0,0,0,0,0,0,0,0,0,0,0,,,,0.0,0.0,0.0,0.0,0.0,0,0,0
434,a,,,3.9,735,66.0,0,0.0,-1,1.0,0.3,336,46.0,0,0,0.0,531.0,35.0,0,0,0.0,419.0,26.0,0.0,0.0,0.0,15066,33,23059,108,0.0,0.0,0.0,0.0,0.0,0.0,0.0,0.0,0.0,0.0,0.0,522.0,35.0,0.0,510.0,19.0,0.0,470.0,4.0,0.0,524.0,35.0,,,,25,,Tom,Heaton,Heaton,,,0,0,0,0,0,0,0,0,0,0,0,0,0,,,,0.0,0.0,0.0,0.0,0.0,0,0,0
435,a,,,3.9,758,81.0,0,0.0,-1,1.0,0.1,472,72.0,0,0,0.0,547.0,49.0,0,0,0.0,437.0,40.0,0.0,0.0,0.0,5157,13,8187,21,0.0,0.0,0.0,0.0,0.0,0.0,0.0,0.0,0.0,0.0,0.0,538.0,49.0,0.0,527.0,34.0,0.0,487.0,19.0,0.0,540.0,49.0,,,,25,,Dermot,Mee,Mee,,,0,0,0,0,0,0,0,0,0,0,0,0,0,,,,0.0,0.0,0.0,0.0,0.0,0,0,0
436,i,0.0,0.0,4.9,308,48.0,0,0.0,-1,1.0,1.9,136,54.0,43,0,3.3,145.0,53.0,5,169,0.0,717.0,252.0,0.0,8.8,0.0,419355,26,539908,808,0.0,0.0,1.38,0.83,2.21,18.73,0.11,0.06,0.17,1.44,276.6,174.0,72.0,60.2,305.0,102.0,122.0,200.0,49.0,45.7,233.0,78.0,,,,25,,Matthijs,de Ligt,De Ligt,Back injury - Expected back 23 Feb,,1170,1,0,1,20,0,0,0,0,0,0,13,139,,,,0.0,0.08,1.54,1.0,8.23,19,88,40
437,a,100.0,100.0,4.8,363,62.0,0,0.0,-2,2.0,0.8,202,78.0,37,7,2.8,225.0,87.0,3,152,3.8,73.0,28.0,0.8,7.7,0.0,134300,4810,61995,845,3.8,3.8,0.06,0.47,0.53,8.23,0.01,0.05,0.06,0.91,198.2,240.0,96.0,73.8,279.0,91.0,10.0,391.0,141.0,28.3,314.0,107.0,,,,25,,Lisandro,Martínez,Martinez,,,814,0,0,3,10,1,0,0,0,0,0,8,70,,,,0.0,0.33,1.11,0.88,7.74,9,61,43
438,a,100.0,100.0,4.9,317,51.0,0,0.0,-1,1.0,0.2,370,134.0,20,1,1.7,370.0,136.0,2,99,0.8,283.0,105.0,0.2,4.1,0.0,30846,335,51282,229,0.8,0.8,0.06,0.23,0.28,3.98,0.01,0.05,0.06,0.8,115.2,319.0,121.0,51.5,320.0,108.0,22.0,364.0,126.0,18.7,361.0,125.0,,,,25,,Noussair,Mazraoui,Mazraoui,,,448,0,0,1,6,0,0,0,1,0,0,6,59,,,,0.0,0.2,1.21,1.21,9.44,15,32,27
439,a,,,4.2,652,158.0,0,0.0,-3,3.0,0.1,568,203.0,0,0,0.0,636.0,247.0,0,0,0.0,541.0,228.0,0.0,0.0,0.0,3108,11,8286,21,0.0,0.0,0.0,0.0,0.0,0.0,0.0,0.0,0.0,0.0,0.0,628.0,248.0,0.0,622.0,247.0,0.0,590.0,245.0,0.0,630.0,248.0,,,,25,,Diego,León Blanco,D.Leon,,,0,0,0,0,0,0,0,0,0,0,0,0,0,,,,0.0,0.0,0.0,0.0,0.0,0,0,0
440,a,100.0,100.0,4.5,419,79.0,0,0.0,0,0.0,3.8,89,31.0,85,12,3.7,101.0,35.0,8,296,5.0,29.0,9.0,1.1,18.9,0.0,780695,19960,556654,1802,5.0,5.0,1.32,1.94,3.26,24.95,0.07,0.1,0.17,1.28,387.4,90.0,41.0,338.4,57.0,10.0,126.0,190.0,44.0,85.2,88.0,21.0,,,,25,,Diogo,Dalot Teixeira,Dalot,,,1759,1,6,5,29,0,0,0,3,0,0,20,141,,,,0.0,0.26,1.48,1.02,6.14,36,84,83
441,i,0.0,0.0,4.3,617,141.0,-1,1.0,-2,2.0,5.9,62,20.0,74,0,3.4,127.0,45.0,8,261,5.8,16.0,3.0,1.3,17.2,0.0,1768347,782,1771069,35350,0.0,0.0,1.86,1.42,3.28,18.78,0.13,0.1,0.23,1.27,402.4,86.0,37.0,354.1,48.0,6.0,262.0,75.0,3.0,101.9,51.0,8.0,,,,25,,Patrick,Dorgu,Dorgu,Hamstring injury - Unknown return date,,1329,3,3,3,20,0,0,0,5,0,0,14,117,,,,0.0,0.2,1.35,0.95,6.43,47,48,72
442,a,100.0,100.0,4.3,572,121.0,0,0.0,-2,2.0,1.4,157,61.0,50,6,4.2,50.0,17.0,3,146,4.2,43.0,16.0,1.0,11.6,0.0,213005,8108,140752,720,4.2,4.2,0.72,0.04,0.76,10.77,0.09,0.01,0.1,1.38,162.8,270.0,108.0,19.5,386.0,139.0,87.0,244.0,68.0,27.0,322.0,111.0,,,,25,,Harry,Maguire,Maguire,,,701,1,1,4,8,0,0,0,1,0,0,8,68,,,,0.0,0.51,1.03,1.03,7.32,7,50,23
443,a,,,4.5,410,74.0,0,0.0,0,0.0,0.7,214,80.0,60,6,2.4,275.0,107.0,0,258,3.2,89.0,33.0,0.7,13.3,0.0,149749,2058,107174,414,3.2,3.2,0.3,1.3,1.59,28.98,0.01,0.05,0.06,1.2,354.2,111.0,50.0,229.4,111.0,28.0,51.0,300.0,96.0,63.5,157.0,51.0,,,,25,,Luke,Shaw,Shaw,,,2174,0,1,5,33,0,0,0,4,0,0,25,167,,,,0.0,0.21,1.37,1.03,5.63,51,85,70
444,a,,,4.2,647,156.0,0,0.0,-3,3.0,1.2,172,65.0,36,0,1.6,379.0,140.0,1,108,0.2,358.0,134.0,0.0,8.6,0.0,202897,229,297625,836,0.2,0.2,0.68,0.24,0.92,17.22,0.05,0.02,0.07,1.37,195.6,243.0,98.0,61.3,300.0,100.0,73.0,263.0,75.0,32.9,292.0,98.0,,,,25,,Leny,Yoro,Yoro,,,1134,0,1,1,24,0,0,0,0,0,0,12,117,,,,0.0,0.08,1.9,0.95,7.54,22,73,49
445,u,0.0,0.0,4.0,715,193.0,0,0.0,0,0.0,0.1,535,192.0,0,0,0.0,613.0,232.0,0,0,0.0,508.0,207.0,0.0,0.0,0.0,1160,0,14338,8,0.0,0.0,0.0,0.0,0.0,0.0,0.0,0.0,0.0,0.0,0.0,604.0,232.0,0.0,596.0,232.0,0.0,559.0,226.0,0.0,606.0,232.0,,,,25,,Harry,Amass,Amass,has joined Norwich City on loan for the rest of the season.,,0,0,0,0,0,0,0,0,0,0,0,0,0,,,,0.0,0.0,0.0,0.0,0.0,0,0,0
446,a,,,3.8,804,253.0,0,0.0,-2,2.0,0.1,429,159.0,1,0,1.0,441.0,160.0,0,4,0.0,412.0,162.0,0.0,0.3,0.0,10233,12,14111,44,0.0,0.0,0.0,0.0,0.0,0.3,0.0,0.0,0.0,13.5,4.0,468.0,170.0,0.0,503.0,193.0,0.0,462.0,183.0,0.4,483.0,171.0,,,,25,,Tyler,Fredricson,Fredricson,,,2,0,0,0,0,0,0,0,0,0,0,0,2,,,,0.0,0.0,0.0,0.0,90.0,0,2,0
447,a,100.0,100.0,3.8,812,260.0,0,0.0,-2,2.0,2.1,127,49.0,26,0,2.4,272.0,105.0,0,107,0.2,350.0,127.0,0.1,6.8,0.0,381225,524,304854,3212,0.2,0.2,0.34,0.17,0.51,7.95,0.05,0.02,0.07,1.12,175.6,258.0,106.0,27.2,372.0,132.0,26.0,347.0,114.0,22.9,341.0,116.0,,,,25,,Ayden,Heaven,Heaven,,,636,0,1,1,12,1,0,0,1,0,0,8,72,,,,0.0,0.14,1.7,1.13,10.05,16,55,29
448,a,,,3.8,787,236.0,0,0.0,-2,2.0,0.4,278,103.0,1,0,1.0,439.0,158.0,0,3,0.0,399.0,149.0,0.0,0.3,0.0,52777,58,54950,197,0.0,0.0,0.0,0.0,0.0,0.3,0.0,0.0,0.0,13.5,3.0,472.0,171.0,0.0,491.0,181.0,0.0,450.0,171.0,0.3,488.0,173.0,,,,25,,Tyrell,Malacia,Malacia,,,2,0,0,0,0,0,0,0,0,0,0,0,2,,,,0.0,0.0,0.0,0.0,90.0,1,1,0
449,a,100.0,100.0,9.8,6,4.0,1,-1.0,8,-8.0,34.4,6,2.0,141,10,6.4,4.0,2.0,25,611,8.8,3.0,2.0,0.9,14.4,0.0,6850212,83410,5257833,3584,8.8,8.8,8.15,6.46,14.61,26.85,0.39,0.31,0.7,1.28,784.4,2.0,1.0,1061.4,1.0,1.0,389.0,33.0,18.0,223.9,1.0,1.0,1.0,1.0,1.0,25,,Bruno,Borges Fernandes,B.Fernandes,,,1895,6,12,3,32,0,0,2,2,0,0,22,207,,,,0.0,0.14,1.52,1.04,9.83,37,53,117
450,a,100.0,100.0,8.1,15,10.0,1,-1.0,1,-1.0,9.0,46,17.0,91,3,4.1,65.0,29.0,10,364,6.2,10.0,7.0,0.8,11.2,0.0,2912805,14499,2802875,15045,6.2,6.2,5.13,2.29,7.42,21.4,0.3,0.13,0.43,1.24,428.4,69.0,22.0,352.3,51.0,42.0,508.0,21.0,9.0,129.0,26.0,22.0,,,,25,,Matheus,Santos Carneiro da Cunha,Cunha,,,1559,6,2,5,22,0,0,0,1,0,0,18,127,,,,0.0,0.29,1.27,1.04,7.33,24,25,78
451,u,0.0,0.0,7.0,35,20.0,0,0.0,0,0.0,0.0,692,288.0,0,0,0.0,815.0,365.0,0,0,0.0,811.0,364.0,0.0,0.0,0.0,0,0,2104,0,0.0,0.0,0.0,0.0,0.0,0.0,0.0,0.0,0.0,0.0,0.0,815.0,365.0,0.0,815.0,365.0,0.0,815.0,365.0,0.0,815.0,365.0,,,,25,,Marcus,Rashford,Rashford,Has joined Barcelona on loan for the rest of the season,,0,0,0,0,0,0,0,0,0,0,0,0,0,,,,0.0,0.0,0.0,0.0,0.0,0,0,0
452,a,100.0,100.0,6.2,78,51.0,0,0.0,-3,3.0,1.8,141,47.0,65,2,3.4,136.0,63.0,6,329,2.2,171.0,72.0,0.4,10.5,0.0,374919,5031,507548,3713,2.2,2.2,3.94,3.18,7.12,19.52,0.23,0.18,0.41,1.13,331.8,128.0,43.0,452.4,26.0,25.0,391.0,32.0,17.0,117.7,37.0,28.0,,,,25,,Amad,Diallo,Amad,,,1560,2,4,4,22,0,0,0,2,0,0,18,135,,,,0.0,0.23,1.27,1.04,7.79,28,34,73
454,u,0.0,0.0,5.9,99,64.0,0,0.0,-1,1.0,0.1,561,207.0,0,0,0.0,808.0,361.0,0,0,0.0,798.0,357.0,0.0,0.0,0.0,1511,0,10666,4,0.0,0.0,0.0,0.0,0.0,0.0,0.0,0.0,0.0,0.0,0.0,808.0,361.0,0.0,808.0,361.0,0.0,808.0,361.0,0.0,808.0,361.0,,,,25,,Antony,dos Santos,Antony,has joined Real Betis permanently.,,0,0,0,0,0,0,0,0,0,0,0,0,0,,,,0.0,0.0,0.0,0.0,0.0,0,0,0
455,d,25.0,25.0,5.9,95,60.0,0,0.0,-1,1.0,0.3,302,103.0,46,0,2.7,246.0,104.0,3,164,0.2,389.0,176.0,0.0,7.8,0.0,183630,10,192422,823,0.1,0.1,1.54,1.4,2.94,10.3,0.17,0.16,0.33,1.14,162.4,272.0,118.0,198.5,135.0,94.0,158.0,149.0,86.0,51.9,209.0,107.0,3.0,,,25,,Mason,Mount,Mount,Knock - 25% chance of playing,,812,3,0,3,14,0,0,0,0,0,0,10,62,,,,0.0,0.33,1.55,1.11,6.87,14,7,41
457,a,100.0,100.0,5.6,123,76.0,0,0.0,1,-1.0,1.9,132,43.0,108,3,4.7,30.0,14.0,14,403,5.2,26.0,16.0,0.9,19.3,0.0,492862,12716,302865,2864,5.2,5.2,4.13,2.39,6.52,17.78,0.23,0.13,0.36,0.98,515.2,41.0,10.0,341.1,55.0,45.0,359.0,44.0,26.0,121.7,32.0,25.0,,,,25,,Carlos Henrique,Casimiro,Casemiro,,,1634,5,4,7,19,0,0,0,6,1,0,22,212,,,,0.0,0.39,1.05,1.21,11.68,52,74,86
458,a,100.0,100.0,4.6,402,248.0,0,0.0,-4,4.0,0.8,205,70.0,30,6,1.9,342.0,152.0,0,128,4.5,38.0,18.0,1.0,6.5,0.0,110812,8962,107481,631,4.5,4.5,0.17,0.53,0.7,8.31,0.03,0.08,0.11,1.27,153.6,281.0,123.0,192.7,139.0,96.0,39.0,317.0,166.0,38.5,266.0,131.0,,,,25,,Kobbie,Mainoo,Mainoo,,,588,0,2,2,11,0,0,0,0,0,0,4,62,,,,0.0,0.31,1.68,0.61,9.49,15,19,28
459,a,,,4.7,386,241.0,0,0.0,-3,3.0,0.2,407,137.0,31,1,1.7,369.0,163.0,0,155,0.8,280.0,117.0,0.2,6.6,0.0,28580,114,35654,177,0.8,0.8,0.31,0.15,0.46,14.56,0.04,0.02,0.06,1.75,129.6,304.0,137.0,63.3,294.0,166.0,32.0,334.0,175.0,22.3,345.0,165.0,,,,25,,Manuel,Ugarte Ribeiro,Ugarte,,,748,0,0,1,20,0,0,0,1,0,0,7,122,,,,0.0,0.12,2.41,0.84,14.68,41,34,47
460,u,0.0,0.0,4.5,446,266.0,0,0.0,0,0.0,0.0,652,265.0,0,0,0.0,703.0,280.0,0,0,0.0,629.0,233.0,0.0,0.0,0.0,505,0,9553,13,0.0,0.0,0.0,0.0,0.0,0.0,0.0,0.0,0.0,0.0,0.0,698.0,275.0,0.0,695.0,278.0,0.0,673.0,268.0,0.0,700.0,277.0,,,,25,,Toby,Collyer,Collyer,has joined Hull City on loan for the rest of the season.,,0,0,0,0,0,0,0,0,0,0,0,0,0,,,,0.0,0.0,0.0,0.0,0.0,0,0,0
461,a,,,4.3,611,357.0,0,0.0,-2,2.0,0.0,610,235.0,0,0,0.0,650.0,246.0,0,0,0.0,562.0,192.0,0.0,0.0,0.0,2859,39,4574,17,0.0,0.0,0.0,0.0,0.0,0.0,0.0,0.0,0.0,0.0,0.0,641.0,237.0,0.0,637.0,242.0,0.0,607.0,227.0,0.0,643.0,239.0,,,,25,,Jayce,Fitzgerald,Fitzgerald,,,0,0,0,0,0,0,0,0,0,0,0,0,0,,,,0.0,0.0,0.0,0.0,0.0,0,0,0
462,a,,,4.3,608,354.0,0,0.0,-2,2.0,0.1,509,181.0,3,0,1.0,454.0,198.0,0,10,0.0,559.0,189.0,0.0,0.7,0.0,13267,133,11491,92,0.0,0.0,0.03,0.02,0.05,1.86,0.03,0.02,0.05,1.56,18.6,438.0,194.0,24.4,376.0,193.0,5.0,415.0,202.0,4.8,439.0,197.0,,,,25,,Jack,Fletcher,J.Fletcher,,,107,0,0,0,0,0,0,0,0,0,0,0,11,,,,0.0,0.0,0.0,0.0,9.25,5,2,4
463,u,0.0,,4.3,621,364.0,0,0.0,-2,2.0,0.1,493,174.0,0,0,0.0,656.0,251.0,0,0,0.0,570.0,198.0,0.0,0.0,0.0,9069,5,12413,113,0.0,0.0,0.0,0.0,0.0,0.0,0.0,0.0,0.0,0.0,0.0,647.0,242.0,0.0,643.0,247.0,0.0,614.0,233.0,0.0,649.0,244.0,,,,25,,Sékou,Koné,Kone,has joined Lausanne-Sport on loan for the rest of the season.,,0,0,0,0,0,0,0,0,0,0,0,0,0,,,,0.0,0.0,0.0,0.0,0.0,0,0,0
464,u,0.0,0.0,4.5,473,287.0,0,0.0,0,0.0,0.0,682,282.0,0,0,0.0,719.0,295.0,0,0,0.0,649.0,251.0,0.0,0.0,0.0,723,0,2822,0,0.0,0.0,0.0,0.0,0.0,0.0,0.0,0.0,0.0,0.0,0.0,717.0,293.0,0.0,712.0,294.0,0.0,691.0,285.0,0.0,718.0,294.0,,,,25,,Jack,Moorhouse,Moorhouse,has joined Leyton Orient on loan for the rest of the season.,,0,0,0,0,0,0,0,0,0,0,0,0,0,,,,0.0,0.0,0.0,0.0,0.0,0,0,0
465,u,0.0,0.0,6.3,70,22.0,0,0.0,-2,2.0,0.3,334,56.0,0,0,0.0,810.0,89.0,0,0,0.0,804.0,86.0,0.0,0.0,0.0,5437,0,56468,14,0.0,0.0,0.0,0.0,0.0,0.0,0.0,0.0,0.0,0.0,0.0,810.0,89.0,0.0,810.0,89.0,0.0,810.0,89.0,0.0,810.0,89.0,,,,25,,Rasmus,Højlund,Højlund,has joined Napoli on loan for the rest of the season.,,0,0,0,0,0,0,0,0,0,0,0,0,0,,,,0.0,0.0,0.0,0.0,0.0,0,0,0
466,a,100.0,100.0,5.8,109,31.0,0,0.0,-2,2.0,0.4,268,43.0,34,1,2.3,294.0,33.0,6,118,0.2,387.0,49.0,0.0,5.9,0.0,105075,221,124654,313,0.2,0.2,1.77,0.29,2.06,6.43,0.33,0.05,0.38,1.2,141.2,288.0,27.0,129.9,198.0,18.0,168.0,136.0,33.0,43.6,240.0,29.0,,,,25,,Joshua,Zirkzee,Zirkzee,,,484,2,1,1,7,0,0,0,1,0,0,4,34,,,,0.0,0.19,1.3,0.74,6.32,7,11,16
468,u,0.0,0.0,4.5,480,68.0,0,0.0,0,0.0,0.1,496,71.0,0,0,0.0,725.0,77.0,0,0,0.0,656.0,66.0,0.0,0.0,0.0,4530,0,14467,63,0.0,0.0,0.0,0.0,0.0,0.0,0.0,0.0,0.0,0.0,0.0,723.0,77.0,0.0,718.0,76.0,0.0,698.0,76.0,0.0,724.0,77.0,,,,25,,Ethan,Wheatley,Wheatley,has joined Bradford City on loan for the rest of the season.,,0,0,0,0,0,0,0,0,0,0,0,0,0,,,,0.0,0.0,0.0,0.0,0.0,0,0,0
681,a,100.0,100.0,7.2,32,13.0,0,0.0,-3,3.0,3.4,96,17.0,63,1,3.1,184.0,19.0,9,200,2.0,196.0,26.0,0.3,8.8,0.0,691070,2992,1337313,4218,2.0,2.0,5.74,0.2,5.94,16.83,0.48,0.02,0.5,1.41,259.6,188.0,15.0,126.5,204.0,19.0,537.0,17.0,11.0,91.6,72.0,13.0,,,,25,,Benjamin,Sesko,Šeško,,,1078,5,2,1,23,0,0,0,1,0,0,11,46,,,,0.0,0.08,1.92,0.92,3.84,5,17,24
733,a,,,5.0,262,9.0,0,0.0,0,0.0,2.0,131,18.0,57,6,3.0,196.0,18.0,4,221,4.0,64.0,7.0,0.8,11.4,0.0,432593,6030,259340,1607,4.0,4.0,0.0,0.0,0.0,21.68,0.0,0.0,0.0,1.14,359.6,109.0,17.0,0.0,778.0,91.0,2.0,442.0,1.0,36.2,277.0,17.0,,,,25,,Senne,Lammens,Lammens,,,1710,0,0,4,25,0,0,0,0,0,42,19,43,,,,2.21,0.21,1.32,1.0,0.0,1,16,133
755,a,100.0,100.0,4.5,483,294.0,0,0.0,0,0.0,0.0,708,296.0,2,0,1.0,471.0,213.0,0,8,0.0,659.0,258.0,0.0,0.4,0.0,3002,41,1881,61,0.0,0.0,0.07,0.0,0.07,0.11,0.52,0.0,0.52,0.82,4.0,469.0,212.0,1.5,452.0,218.0,11.0,387.0,194.0,1.5,469.0,213.0,,,,25,,Shea,Lacey,Lacey,,,12,0,0,0,0,0,0,0,0,0,0,0,1,,,,0.0,0.0,0.0,0.0,7.5,1,0,0
769,a,,,4.5,482,293.0,0,0.0,0,0.0,0.0,781,340.0,1,0,1.0,470.0,212.0,0,3,0.0,658.0,257.0,0.0,0.2,0.0,328,10,203,8,0.0,0.0,0.0,0.01,0.01,0.05,0.0,0.06,0.06,0.3,2.2,478.0,219.0,11.7,403.0,200.0,0.0,700.0,291.0,1.4,471.0,215.0,,,,25,,Bendito,Mantato,Bendito Mantato,,,15,0,0,0,0,0,0,0,0,0,0,0,0,,,,0.0,0.0,0.0,0.0,0.0,0,0,0
771,a,,,4.4,550,330.0,0,0.0,-1,1.0,0.0,754,321.0,1,1,1.0,459.0,202.0,0,3,0.2,362.0,158.0,0.0,0.2,0.0,1191,51,665,10,0.2,0.2,0.0,0.01,0.01,0.02,0.0,0.9,0.9,1.8,0.4,496.0,226.0,1.0,459.0,220.0,0.0,631.0,243.0,0.1,500.0,228.0,,,,25,,Tyler,Fletcher,Fletcher,,,1,0,0,0,0,0,0,0,0,0,0,0,0,,,,0.0,0.0,0.0,0.0,0.0,0,0,0
52,a,100.0,100.0,5.3,194,121.0,0,0.0,-2,2.0,0.2,366,122.0,17,1,1.1,437.0,196.0,0,97,0.8,292.0,124.0,0.2,3.2,0.0,23773,90,73286,84,0.8,0.8,0.4,0.66,1.06,12.07,0.06,0.09,0.15,1.7,69.0,372.0,166.0,144.0,185.0,124.0,68.0,270.0,146.0,28.2,315.0,152.0,,,,25,,Jacob,Ramsey,J.Ramsey,,,640,0,0,0,16,0,0,0,3,0,0,5,71,,,,0.0,0.0,2.25,0.7,9.98,15,9,47
135,a,100.0,100.0,7.3,24,9.0,0,0.0,-2,2.0,0.8,207,33.0,18,2,1.6,394.0,49.0,0,56,1.5,239.0,34.0,0.2,2.5,0.0,230822,662,420134,1956,1.5,1.5,1.88,0.53,2.41,6.26,0.42,0.12,0.54,1.39,44.6,400.0,44.0,33.3,359.0,45.0,124.0,195.0,42.0,19.7,358.0,43.0,,,,25,,Yoane,Wissa,Wissa,,,406,1,0,1,7,0,0,0,1,0,0,4,18,,,,0.0,0.22,1.55,0.89,3.99,2,3,13
469,a,100.0,100.0,5.1,224,6.0,0,0.0,1,-1.0,4.8,74,13.0,77,2,4.1,64.0,4.0,3,311,3.0,110.0,11.0,0.6,15.1,0.0,1483025,626,1481227,4043,3.0,3.0,0.0,0.0,0.0,21.82,0.0,0.0,0.0,1.16,427.6,71.0,13.0,0.0,791.0,92.0,0.0,785.0,89.0,42.8,249.0,14.0,,,,25,,Nick,Pope,Pope,,,1696,0,1,7,26,0,0,0,1,0,59,19,121,,,,3.13,0.37,1.38,1.01,0.0,1,28,178
471,a,,,3.9,740,71.0,0,0.0,-1,1.0,0.1,434,65.0,0,0,0.0,535.0,39.0,0,0,0.0,423.0,30.0,0.0,0.0,0.0,6265,17,10010,19,0.0,0.0,0.0,0.0,0.0,0.0,0.0,0.0,0.0,0.0,0.0,526.0,39.0,0.0,515.0,24.0,0.0,475.0,9.0,0.0,528.0,39.0,,,,25,,Mark,Gillespie,Gillespie,,,0,0,0,0,0,0,0,0,0,0,0,0,0,,,,0.0,0.0,0.0,0.0,0.0,0,0,0
472,u,0.0,0.0,4.0,664,44.0,0,0.0,0,0.0,0.0,706,82.0,0,0,0.0,571.0,64.0,0,0,0.0,462.0,55.0,0.0,0.0,0.0,0,0,2437,4,0.0,0.0,0.0,0.0,0.0,0.0,0.0,0.0,0.0,0.0,0.0,562.0,64.0,0.0,553.0,51.0,0.0,514.0,36.0,0.0,564.0,64.0,,,,25,,Odysseas,Vlachodimos,Odysseas,Has joined Sevilla on loan for the rest of the season.,,0,0,0,0,0,0,0,0,0,0,0,0,0,,,,0.0,0.0,0.0,0.0,0.0,0,0,0
473,a,100.0,100.0,5.3,201,25.0,0,0.0,-2,2.0,2.9,107,43.0,55,0,3.1,177.0,68.0,4,234,3.2,93.0,34.0,0.6,10.4,0.0,565718,2896,435697,7890,3.2,3.2,0.61,1.8,2.41,19.63,0.04,0.12,0.16,1.36,323.6,135.0,62.0,239.8,106.0,26.0,98.0,229.0,60.0,66.1,146.0,46.0,4.0,,,25,,Lewis,Hall,Hall,,,1298,0,2,3,24,0,0,0,2,0,0,14,122,,,,0.0,0.21,1.66,0.97,7.9,34,80,77
474,i,0.0,0.0,5.2,207,27.0,0,0.0,-3,3.0,1.3,170,64.0,51,0,3.2,156.0,57.0,0,186,0.0,765.0,259.0,0.0,9.8,0.0,296641,17,479733,1397,0.0,0.0,0.97,0.6,1.57,13.85,0.08,0.05,0.13,1.14,291.2,167.0,70.0,63.6,293.0,97.0,108.0,215.0,56.0,46.4,232.0,77.0,,3.0,4.0,25,,Fabian,Schär,Schär,Ankle injury - Expected back 18 Apr,,1089,0,0,4,13,0,0,0,1,0,0,11,133,,,,0.0,0.33,1.07,0.91,9.5,14,101,42
475,a,100.0,100.0,4.9,314,49.0,0,0.0,-1,1.0,0.4,284,108.0,51,7,3.6,111.0,39.0,4,196,3.8,77.0,29.0,0.8,10.4,0.0,71583,569,97072,149,3.8,3.8,0.59,0.28,0.87,12.86,0.05,0.03,0.08,1.19,244.6,199.0,80.0,47.6,330.0,110.0,73.0,264.0,76.0,36.5,276.0,93.0,,,,25,,Sven,Botman,Botman,,,970,1,1,4,16,1,0,0,1,0,0,11,125,,,,0.0,0.37,1.48,1.02,8.91,8,88,58
476,a,100.0,100.0,5.0,243,37.0,0,0.0,0,0.0,3.3,100,38.0,69,1,4.1,62.0,25.0,5,194,0.5,333.0,122.0,0.1,13.8,0.0,1479162,1338,1640932,1129,0.5,0.5,0.12,0.3,0.42,14.79,0.01,0.02,0.03,0.99,292.0,166.0,69.0,72.7,280.0,92.0,66.0,273.0,80.0,43.1,246.0,84.0,,,,25,,Dan,Burn,Burn,,,1348,0,3,6,21,0,0,0,4,1,0,16,173,,,,0.0,0.4,1.4,1.07,9.15,21,116,48
477,i,0.0,0.0,4.9,329,53.0,0,0.0,-1,1.0,1.9,134,52.0,49,0,3.8,92.0,33.0,3,218,0.0,726.0,253.0,0.0,10.0,0.0,1089484,6,1367384,904,0.0,0.0,0.12,0.57,0.69,11.0,0.01,0.05,0.06,0.94,190.8,250.0,103.0,178.1,155.0,38.0,36.0,328.0,104.0,40.5,259.0,87.0,,,,25,,Tino,Livramento,Livramento,Hamstring injury - Expected back 14 Mar,,1048,0,1,5,10,0,0,0,1,0,0,11,86,,,,0.0,0.43,0.86,0.94,4.98,19,39,68
478,a,100.0,100.0,4.9,287,43.0,0,0.0,-1,1.0,1.3,163,63.0,39,1,3.0,193.0,75.0,2,168,2.2,160.0,60.0,0.4,8.0,0.0,237133,511,367020,298,2.2,2.2,0.05,1.64,1.69,12.77,0.0,0.14,0.14,1.1,167.4,265.0,107.0,333.6,59.0,11.0,5.0,416.0,156.0,50.4,215.0,71.0,2.0,2.0,,25,,Kieran,Trippier,Trippier,,,1048,0,0,5,18,0,0,0,1,0,0,12,80,,,,0.0,0.43,1.55,1.03,4.38,14,37,51
479,i,0.0,0.0,4.3,575,124.0,0,0.0,-2,2.0,0.0,620,221.0,0,0,0.0,637.0,248.0,0,-8,0.0,543.0,230.0,0.0,0.0,0.0,1472,4,5032,5,0.0,0.0,0.0,0.0,0.0,0.25,0.0,0.0,0.0,0.5,1.4,483.0,174.0,1.2,454.0,165.0,0.0,592.0,246.0,0.3,489.0,174.0,,,,25,,Emil,Krafth,Krafth,Knee injury - Unknown return date,,45,0,0,0,2,0,0,0,0,0,0,1,1,,,,0.0,0.0,4.0,2.0,2.0,0,1,0
480,u,0.0,0.0,4.3,573,122.0,0,0.0,-2,2.0,0.0,583,208.0,1,0,0.5,507.0,177.0,0,0,0.0,542.0,229.0,0.0,0.2,0.0,2754,0,8837,14,0.0,0.0,0.04,0.0,0.04,0.55,0.19,0.0,0.19,2.61,10.2,451.0,167.0,0.0,623.0,248.0,7.0,406.0,153.0,1.7,463.0,167.0,,,,25,,Jamaal,Lascelles,Lascelles,has joined Leicester City permanently.,,19,0,0,0,2,0,0,0,0,0,0,0,5,,,,0.0,0.0,9.47,0.0,23.68,0,5,0
481,a,,,3.8,803,252.0,0,0.0,-2,2.0,0.7,216,81.0,1,0,1.0,440.0,159.0,0,-1,0.2,348.0,125.0,0.1,0.3,0.0,73556,283,96175,258,0.2,0.2,0.0,0.0,0.0,0.27,0.0,0.0,0.0,24.3,2.2,476.0,172.0,0.0,502.0,192.0,0.0,461.0,182.0,0.2,494.0,175.0,,,,25,,Alex,Murphy,A.Murphy,,,1,0,0,0,1,0,0,0,0,0,0,0,1,,,,0.0,0.0,90.0,0.0,90.0,0,1,0
482,u,0.0,0.0,3.9,755,218.0,0,0.0,-1,1.0,0.1,449,164.0,0,0,0.0,545.0,200.0,0,0,0.0,435.0,171.0,0.0,0.0,0.0,8541,0,16429,29,0.0,0.0,0.0,0.0,0.0,0.0,0.0,0.0,0.0,0.0,0.0,536.0,200.0,0.0,525.0,200.0,0.0,485.0,191.0,0.0,538.0,200.0,,,,25,,Harrison,Ashby,Ashby,has joined Bradford City on loan for the rest of the season.,,0,0,0,0,0,0,0,0,0,0,0,0,0,,,,0.0,0.0,0.0,0.0,0.0,0,0,0
484,u,0.0,0.0,4.0,668,165.0,0,0.0,0,0.0,0.1,420,154.0,0,0,0.0,574.0,211.0,0,0,0.0,465.0,183.0,0.0,0.0,0.0,3759,0,44918,27,0.0,0.0,0.0,0.0,0.0,0.0,0.0,0.0,0.0,0.0,0.0,565.0,211.0,0.0,556.0,211.0,0.0,518.0,204.0,0.0,567.0,211.0,,,,25,,Matt,Targett,Targett,has joined Middlesbrough on loan for the rest of the season.,,0,0,0,0,0,0,0,0,0,0,0,0,0,,,,0.0,0.0,0.0,0.0,0.0,0,0,0
485,d,25.0,25.0,7.2,31,19.0,-1,1.0,-3,3.0,2.7,110,32.0,61,0,3.2,162.0,74.0,4,219,2.8,131.0,56.0,0.4,8.5,0.0,1429845,55,1351004,23123,0.7,0.7,5.05,3.02,8.07,14.6,0.37,0.22,0.59,1.08,239.0,205.0,88.0,320.9,64.0,50.0,323.0,55.0,33.0,87.9,82.0,49.0,,,2.0,25,,Anthony,Gordon,Gordon,Hamstring injury - 25% chance of playing,,1217,3,3,6,22,0,0,0,3,1,0,17,62,,,,0.0,0.44,1.63,1.26,4.59,13,11,38
486,a,100.0,100.0,6.5,52,33.0,0,0.0,-5,5.0,2.6,112,34.0,32,1,1.5,410.0,183.0,0,118,1.2,255.0,108.0,0.2,4.9,0.0,549972,622,1174099,523,1.2,1.2,1.24,1.01,2.25,11.96,0.13,0.11,0.24,1.28,89.2,342.0,150.0,155.0,176.0,117.0,109.0,212.0,115.0,35.3,283.0,138.0,,,,25,,Anthony,Elanga,Elanga,,,842,0,1,2,19,0,0,0,0,0,0,8,32,,,,0.0,0.21,2.03,0.86,3.42,9,5,18
487,a,,,6.1,81,54.0,0,0.0,-4,4.0,1.5,152,50.0,74,2,3.1,181.0,80.0,8,230,2.2,170.0,71.0,0.4,12.1,0.0,699353,1375,585127,4510,2.2,2.2,5.26,1.94,7.2,16.72,0.37,0.14,0.51,1.17,277.8,173.0,68.0,258.8,95.0,70.0,448.0,26.0,13.0,98.3,61.0,39.0,,,,25,,Harvey,Barnes,Barnes,,,1284,5,0,4,20,0,0,0,0,0,0,13,70,,,,0.0,0.28,1.4,0.91,4.91,9,14,47
488,a,100.0,75.0,7.0,36,21.0,-1,1.0,5,-5.0,12.3,30,11.0,131,11,6.0,7.0,4.0,19,563,3.5,86.0,38.0,0.5,18.7,0.0,3924624,10302,2662113,56282,3.5,2.6,4.82,3.22,8.04,24.73,0.22,0.15,0.37,1.15,606.4,13.0,4.0,542.4,15.0,15.0,342.0,48.0,29.0,149.1,13.0,11.0,,,,25,,Bruno,Guimarães Rodriguez Moura,Bruno G.,,,1929,9,6,6,30,0,0,0,4,0,0,21,188,,,,0.0,0.28,1.4,0.98,8.77,46,40,102
489,a,100.0,100.0,5.9,90,57.0,0,0.0,-6,6.0,0.6,230,81.0,52,0,2.6,255.0,109.0,2,210,0.2,388.0,175.0,0.0,8.8,0.0,156478,268,340860,314,0.2,0.2,2.78,2.33,5.11,13.53,0.23,0.2,0.43,1.14,210.8,230.0,99.0,299.8,77.0,57.0,266.0,73.0,46.0,77.5,110.0,60.0,,,,25,,Jacob,Murphy,J.Murphy,,,1067,2,1,6,12,0,0,0,1,0,0,13,47,,,,0.0,0.51,1.01,1.1,3.96,7,12,28
490,i,0.0,0.0,5.9,94,59.0,0,0.0,-1,1.0,0.3,322,106.0,56,0,2.9,213.0,89.0,2,239,0.8,302.0,129.0,0.1,9.5,0.0,70706,8,98703,818,0.0,0.0,1.75,0.97,2.72,17.25,0.12,0.06,0.18,1.14,254.6,192.0,79.0,209.3,125.0,88.0,269.0,72.0,45.0,73.4,119.0,64.0,,,,25,,Joelinton Cássio,Apolinário de Lira,Joelinton,Groin Injury - Unknown return date,,1364,2,0,5,18,0,0,0,6,0,0,17,171,,,,0.0,0.33,1.19,1.12,11.28,30,55,86
491,a,100.0,100.0,5.3,197,122.0,0,0.0,-2,2.0,1.0,188,63.0,60,2,2.4,282.0,121.0,1,328,2.5,145.0,59.0,0.5,11.3,0.0,183273,777,295843,729,2.5,2.5,1.47,1.63,3.1,22.07,0.08,0.08,0.16,1.13,265.2,185.0,75.0,308.0,70.0,53.0,144.0,169.0,95.0,72.0,127.0,70.0,1.0,1.0,,25,,Sandro,Tonali,Tonali,,,1752,0,1,7,25,0,0,0,3,0,0,22,185,,,,0.0,0.36,1.28,1.13,9.5,26,51,108
492,u,0.0,0.0,4.9,350,218.0,0,0.0,-1,1.0,0.0,669,274.0,0,0,0.0,776.0,337.0,0,0,0.0,738.0,314.0,0.0,0.0,0.0,655,0,3555,2,0.0,0.0,0.0,0.0,0.0,0.0,0.0,0.0,0.0,0.0,0.0,776.0,337.0,0.0,772.0,337.0,0.0,762.0,333.0,0.0,776.0,337.0,,,,25,,Antoñito,Cordero Campillo,Antoñito C.,has joined Cadiz on loan for the rest of the season.,,0,0,0,0,0,0,0,0,0,0,0,0,0,,,,0.0,0.0,0.0,0.0,0.0,0,0,0
494,a,100.0,100.0,5.0,249,150.0,0,0.0,0,0.0,0.1,507,180.0,18,1,1.3,421.0,189.0,0,73,1.0,268.0,113.0,0.2,3.6,0.0,11043,114,10811,74,1.0,1.0,0.6,0.17,0.77,7.44,0.15,0.04,0.19,1.88,38.4,409.0,181.0,51.6,319.0,178.0,37.0,321.0,169.0,12.5,386.0,179.0,,,,25,,Joe,Willock,Willock,,,356,0,0,2,8,0,0,0,1,0,0,4,40,,,,0.0,0.51,2.02,1.01,10.11,13,6,21
495,u,0.0,0.0,4.5,412,251.0,0,0.0,0,0.0,0.0,759,325.0,0,0,0.0,686.0,267.0,0,0,0.0,608.0,219.0,0.0,0.0,0.0,0,0,1600,3,0.0,0.0,0.0,0.0,0.0,0.0,0.0,0.0,0.0,0.0,0.0,681.0,262.0,0.0,675.0,265.0,0.0,650.0,254.0,0.0,683.0,264.0,,,,25,,Isaac,Hayden,Hayden,Has departed the club as a free agent.,,0,0,0,0,0,0,0,0,0,0,0,0,0,,,,0.0,0.0,0.0,0.0,0.0,0,0,0
496,u,0.0,0.0,4.4,557,333.0,0,0.0,-1,1.0,0.0,626,247.0,0,0,0.0,675.0,261.0,0,0,0.0,595.0,211.0,0.0,0.0,0.0,2219,0,7345,5,0.0,0.0,0.0,0.0,0.0,0.0,0.0,0.0,0.0,0.0,0.0,668.0,254.0,0.0,663.0,258.0,0.0,637.0,246.0,0.0,670.0,256.0,,,,25,,Garang,Kuol,Kuol,has joined Sparta Prague permanently.,,0,0,0,0,0,0,0,0,0,0,0,0,0,,,,0.0,0.0,0.0,0.0,0.0,0,0,0
497,d,75.0,75.0,4.5,465,281.0,0,0.0,0,0.0,3.2,101,30.0,58,0,3.1,173.0,76.0,4,271,0.8,278.0,116.0,0.2,12.9,0.0,634789,891,530827,6860,0.6,0.6,1.36,2.0,3.36,13.65,0.11,0.16,0.27,1.08,275.0,177.0,70.0,214.3,122.0,87.0,132.0,180.0,102.0,62.1,160.0,87.0,,,,25,,Lewis,Miley,L.Miley,Knee injury - 75% chance of playing,,1133,1,3,2,16,0,0,0,0,0,0,11,123,,,,0.0,0.16,1.27,0.87,9.77,24,42,57
498,u,0.0,0.0,4.5,438,262.0,0,0.0,0,0.0,0.0,761,326.0,0,0,0.0,700.0,277.0,0,0,0.0,626.0,230.0,0.0,0.0,0.0,117,0,1224,4,0.0,0.0,0.0,0.0,0.0,0.0,0.0,0.0,0.0,0.0,0.0,695.0,272.0,0.0,692.0,275.0,0.0,669.0,265.0,0.0,697.0,274.0,,,,25,,Joe,White,White,has joined Bradford City on loan for the rest of the season.,,0,0,0,0,0,0,0,0,0,0,0,0,0,,,,0.0,0.0,0.0,0.0,0.0,0,0,0
500,a,100.0,100.0,5.4,182,45.0,0,0.0,-1,1.0,0.2,374,60.0,20,1,1.7,374.0,44.0,0,65,0.5,341.0,44.0,0.1,3.7,0.0,69434,72,85715,47,0.5,0.5,0.64,0.04,0.68,3.77,0.24,0.01,0.25,1.39,41.2,405.0,45.0,14.2,396.0,51.0,68.0,271.0,47.0,12.1,390.0,47.0,,,,25,,William,Osula,Osula,,,244,1,1,1,6,0,0,0,0,0,0,1,9,,,,0.0,0.37,2.21,0.37,3.32,1,1,7
501,a,,,4.3,618,86.0,0,0.0,-2,2.0,0.2,342,57.0,0,0,0.0,654.0,67.0,0,0,0.0,568.0,56.0,0.0,0.0,0.0,22298,259,33248,107,0.0,0.0,0.0,0.0,0.0,0.0,0.0,0.0,0.0,0.0,0.0,645.0,67.0,0.0,641.0,66.0,0.0,612.0,66.0,0.0,647.0,67.0,,,,25,,Sean,Neave,Neave,,,0,0,0,0,0,0,0,0,0,0,0,0,0,,,,0.0,0.0,0.0,0.0,0.0,0,0,0
674,a,,,4.8,365,15.0,0,0.0,-2,2.0,0.7,220,28.0,11,0,1.6,384.0,29.0,0,45,0.0,703.0,92.0,0.0,2.3,0.0,107549,121,146457,355,0.0,0.0,0.0,0.0,0.0,7.96,0.0,0.0,0.0,1.3,97.4,333.0,27.0,10.0,418.0,10.0,0.0,740.0,82.0,10.8,400.0,26.0,,,,25,,Aaron,Ramsdale,Ramsdale,,,553,0,0,0,10,0,0,0,0,0,10,6,0,,,,1.63,0.0,1.63,0.98,0.0,0,5,49
684,a,,,5.1,237,35.0,0,0.0,1,-1.0,5.0,72,23.0,86,1,3.9,80.0,29.0,10,286,2.8,125.0,44.0,0.5,16.9,0.0,1158899,2089,552028,17413,2.8,2.8,2.16,0.54,2.7,27.46,0.11,0.03,0.14,1.34,527.2,36.0,15.0,75.3,275.0,88.0,208.0,101.0,12.0,80.8,97.0,27.0,,,,25,,Malick,Thiaw,Thiaw,,,1847,3,0,4,33,0,0,0,3,0,0,21,216,,,,0.0,0.19,1.61,1.02,9.16,25,163,85
689,a,,,4.3,622,365.0,0,0.0,-2,2.0,0.4,275,94.0,0,0,0.0,657.0,252.0,0,0,0.0,571.0,199.0,0.0,0.0,0.0,60135,2155,39454,614,0.0,0.0,0.0,0.0,0.0,0.0,0.0,0.0,0.0,0.0,0.0,648.0,243.0,0.0,644.0,248.0,0.0,615.0,234.0,0.0,650.0,245.0,,,,25,,Seung-Soo,Park,Seung soo,,,0,0,0,0,0,0,0,0,0,0,0,0,0,,,,0.0,0.0,0.0,0.0,0.0,0,0,0
714,a,,,7.0,39,15.0,0,0.0,0,0.0,9.5,45,9.0,83,1,3.8,99.0,10.0,10,292,1.2,257.0,37.0,0.2,11.9,0.0,5393913,2054,4362868,29766,1.2,1.2,6.28,0.77,7.05,17.92,0.4,0.05,0.45,1.14,347.0,116.0,11.0,165.4,165.0,12.0,376.0,38.0,16.0,87.8,83.0,15.0,,,3.0,25,,Nick,Woltemade,Woltemade,,,1414,7,3,6,21,1,0,0,0,0,0,17,71,,,,0.0,0.38,1.34,1.08,4.52,15,23,33
753,a,,,4.0,657,39.0,0,0.0,0,0.0,0.0,701,81.0,0,0,0.0,567.0,61.0,0,0,0.0,458.0,52.0,0.0,0.0,0.0,1297,9,762,9,0.0,0.0,0.0,0.0,0.0,0.0,0.0,0.0,0.0,0.0,0.0,558.0,61.0,0.0,547.0,46.0,0.0,508.0,31.0,0.0,560.0,61.0,,,,25,,John,Ruddy,Ruddy,,,0,0,0,0,0,0,0,0,0,0,0,0,0,,,,0.0,0.0,0.0,0.0,0.0,0,0,0
765,a,,,4.0,710,188.0,0,0.0,0,0.0,0.0,667,232.0,0,0,0.0,609.0,228.0,0,0,0.0,503.0,202.0,0.0,0.0,0.0,2859,63,1475,35,0.0,0.0,0.0,0.0,0.0,0.0,0.0,0.0,0.0,0.0,0.0,600.0,228.0,0.0,592.0,228.0,0.0,555.0,222.0,0.0,602.0,228.0,,,,25,,Leo,Shahar,Shahar,,,0,0,0,0,0,0,0,0,0,0,0,0,0,,,,0.0,0.0,0.0,0.0,0.0,0,0,0
772,a,,,4.5,513,316.0,0,0.0,0,0.0,0.0,785,344.0,0,0,0.0,749.0,317.0,0,0,0.0,686.0,278.0,0.0,0.0,0.0,279,14,142,4,0.0,0.0,0.0,0.0,0.0,0.0,0.0,0.0,0.0,0.0,0.0,749.0,317.0,0.0,743.0,317.0,0.0,724.0,310.0,0.0,749.0,317.0,,,,25,,Sam,Alabi,Alabi,,,0,0,0,0,0,0,0,0,0,0,0,0,0,,,,0.0,0.0,0.0,0.0,0.0,0,0,0
12,u,0.0,0.0,4.9,305,47.0,0,0.0,-1,1.0,0.2,354,129.0,7,0,1.4,413.0,149.0,0,56,0.0,716.0,251.0,0.0,1.4,0.0,26902,0,51672,336,0.0,0.0,0.07,0.36,0.43,5.02,0.02,0.09,0.11,1.28,80.8,353.0,133.0,83.4,260.0,79.0,22.0,363.0,125.0,18.6,363.0,126.0,,,,25,,Oleksandr,Zinchenko,Zinchenko,has joined Ajax permanently.,,352,0,0,0,6,0,0,0,0,0,0,4,36,,,,0.0,0.0,1.53,1.02,6.14,10,14,17
400,a,,,4.7,378,16.0,0,0.0,-3,3.0,0.2,386,56.0,1,1,1.0,476.0,32.0,0,1,0.2,369.0,23.0,0.0,0.2,0.0,5171,390,19921,82,0.2,0.2,0.0,0.01,0.01,2.5,0.0,0.01,0.01,2.5,18.6,439.0,31.0,0.0,747.0,88.0,0.0,731.0,79.0,1.9,460.0,31.0,,,,25,,Stefan,Ortega Moreno,Ortega Moreno,,,90,0,0,0,3,0,0,0,0,0,2,1,0,,,,2.0,0.0,3.0,1.0,0.0,0,0,4
426,a,,,5.0,258,157.0,0,0.0,-5,5.0,0.1,492,173.0,6,0,0.9,499.0,234.0,0,24,0.0,744.0,318.0,0.0,1.2,0.0,12670,45,25916,56,0.0,0.0,0.02,0.17,0.19,3.56,0.01,0.09,0.1,1.9,16.2,445.0,197.0,44.9,336.0,183.0,8.0,401.0,196.0,7.0,422.0,191.0,,,,25,,James,McAtee,McAtee,,,169,0,0,0,7,0,0,0,1,0,0,1,11,,,,0.0,0.0,3.73,0.53,5.86,4,1,6
502,d,75.0,75.0,4.6,396,18.0,0,0.0,-4,4.0,5.5,68,12.0,61,0,3.0,190.0,17.0,3,241,4.2,45.0,4.0,0.9,13.3,0.0,406139,289,1942764,4875,3.2,3.2,0.0,0.06,0.06,28.29,0.0,0.0,0.0,1.52,421.0,75.0,14.0,10.0,416.0,8.0,0.0,729.0,77.0,43.1,245.0,13.0,,,,25,,Matz,Sels,Sels,Groin Injury - 75% chance of playing,,1677,0,0,4,27,0,0,0,1,0,55,19,75,,,,2.95,0.21,1.45,1.02,0.0,1,21,126
503,u,0.0,0.0,4.0,687,56.0,0,0.0,0,0.0,0.1,546,76.0,0,0,0.0,590.0,75.0,0,0,0.0,482.0,67.0,0.0,0.0,0.0,448,0,15485,10,0.0,0.0,0.0,0.0,0.0,0.0,0.0,0.0,0.0,0.0,0.0,581.0,75.0,0.0,573.0,63.0,0.0,535.0,48.0,0.0,583.0,75.0,,,,25,,Carlos Miguel,dos Santos Pereira,C.Miguel,Has joined Palmeiras permanently.,,0,0,0,0,0,0,0,0,0,0,0,0,0,,,,0.0,0.0,0.0,0.0,0.0,0,0,0
504,u,0.0,0.0,4.0,672,47.0,0,0.0,0,0.0,0.1,513,75.0,0,0,0.0,577.0,66.0,0,0,0.0,469.0,58.0,0.0,0.0,0.0,0,0,15523,10,0.0,0.0,0.0,0.0,0.0,0.0,0.0,0.0,0.0,0.0,0.0,568.0,66.0,0.0,560.0,54.0,0.0,522.0,39.0,0.0,570.0,66.0,,,,25,,Matt,Turner,Turner,Has joined Lyon permanently.,,0,0,0,0,0,0,0,0,0,0,0,0,0,,,,0.0,0.0,0.0,0.0,0.0,0,0,0
505,a,,,5.1,230,32.0,0,0.0,-4,4.0,3.3,99,37.0,70,1,2.8,229.0,90.0,1,234,4.5,40.0,14.0,0.9,13.7,0.0,327876,2570,1025315,1759,4.5,4.5,0.72,0.41,1.13,37.13,0.03,0.02,0.05,1.49,459.2,58.0,26.0,36.4,354.0,123.0,92.0,237.0,64.0,59.0,178.0,58.0,,,,25,,Nikola,Milenković,Milenković,,,2250,0,0,5,38,1,0,0,5,0,0,25,238,,,,0.0,0.2,1.52,1.0,8.36,18,191,74
506,d,75.0,100.0,5.2,221,30.0,0,0.0,-3,3.0,2.2,123,47.0,64,0,3.6,115.0,41.0,3,242,4.5,41.0,15.0,0.9,12.3,0.0,250320,541,746181,6134,3.4,4.5,0.48,0.43,0.91,24.6,0.03,0.02,0.05,1.43,418.8,77.0,33.0,88.2,249.0,73.0,67.0,272.0,79.0,57.5,185.0,60.0,,3.0,,25,,Murillo,Costa dos Santos,Murillo,Calf injury - 75% chance of playing,,1549,1,0,4,23,1,0,0,3,0,0,18,199,,,,0.0,0.23,1.34,1.05,9.7,27,140,76
507,a,100.0,100.0,4.7,382,64.0,0,0.0,-3,3.0,2.3,120,46.0,28,1,3.1,174.0,66.0,2,100,4.8,33.0,12.0,1.0,6.0,0.0,294208,2775,1596082,1057,4.8,4.8,0.2,0.45,0.65,15.48,0.02,0.05,0.07,1.77,139.8,294.0,114.0,74.9,277.0,90.0,47.0,306.0,97.0,26.3,329.0,114.0,,,,25,,Ola,Aina,Aina,,,788,0,1,2,12,0,0,0,2,0,0,9,84,,,,0.0,0.23,1.37,1.03,7.31,12,52,49
508,a,100.0,0.0,4.7,385,65.0,0,0.0,-3,3.0,2.9,108,44.0,71,0,3.0,192.0,74.0,7,330,3.0,106.0,39.0,0.6,15.1,0.0,379101,600,1139028,2259,3.0,0.0,1.35,2.19,3.54,33.55,0.06,0.09,0.15,1.43,514.6,42.0,17.0,343.8,53.0,9.0,218.0,95.0,9.0,107.6,43.0,2.0,4.0,,,25,,Neco,Williams,N.Williams,,,2114,1,1,5,35,0,0,0,4,1,0,24,202,,,,0.0,0.21,1.49,1.02,6.9,69,93,105
509,u,0.0,0.0,4.5,434,86.0,0,0.0,0,0.0,0.0,670,233.0,0,0,0.0,697.0,256.0,0,0,0.0,623.0,242.0,0.0,0.0,0.0,427,0,4388,1,0.0,0.0,0.0,0.0,0.0,0.0,0.0,0.0,0.0,0.0,0.0,692.0,256.0,0.0,688.0,256.0,0.0,665.0,255.0,0.0,694.0,256.0,,,,25,,David,Mota Veiga Teixeira do Carmo,David Carmo,has joined Real Oviedo on loan for the rest of the season.,,0,0,0,0,0,0,0,0,0,0,0,0,0,,,,0.0,0.0,0.0,0.0,0.0,0,0,0
510,a,,,4.2,648,157.0,0,0.0,-3,3.0,0.1,555,198.0,3,0,3.0,187.0,71.0,0,9,0.0,537.0,227.0,0.0,0.7,0.0,3080,28,8015,20,0.0,0.0,0.0,0.0,0.0,3.28,0.0,0.0,0.0,3.28,26.0,425.0,158.0,0.4,469.0,173.0,0.0,587.0,244.0,2.6,455.0,165.0,,,,25,,Jair,Paula da Cunha Filho,Jair Cunha,,,90,0,0,0,2,0,0,0,0,0,0,1,12,,,,0.0,0.0,2.0,1.0,11.0,2,9,1
511,a,,,4.3,592,136.0,0,0.0,-2,2.0,0.1,510,182.0,26,3,2.0,323.0,122.0,1,101,1.2,241.0,88.0,0.3,6.0,0.0,8158,78,12486,23,1.2,1.2,0.46,0.07,0.53,13.62,0.05,0.01,0.06,1.45,201.2,239.0,95.0,9.4,421.0,151.0,16.0,378.0,133.0,22.7,342.0,117.0,,,,25,,Felipe,Rodrigues da Silva,Morato,,,847,0,0,1,17,0,0,0,4,0,0,9,110,,,,0.0,0.11,1.81,0.96,9.35,22,66,39
512,u,0.0,0.0,4.5,418,78.0,0,0.0,0,0.0,0.0,674,234.0,0,0,0.0,689.0,254.0,0,0,0.0,612.0,239.0,0.0,0.0,0.0,345,0,4110,2,0.0,0.0,0.0,0.0,0.0,0.0,0.0,0.0,0.0,0.0,0.0,684.0,254.0,0.0,679.0,254.0,0.0,654.0,252.0,0.0,686.0,254.0,,,,25,,Omar,Richards,O.Richards,has joined Rio Ave on loan for the rest of the season.,,0,0,0,0,0,0,0,0,0,0,0,0,0,,,,0.0,0.0,0.0,0.0,0.0,0,0,0
513,a,,,3.8,806,255.0,0,0.0,-2,2.0,0.3,335,122.0,2,1,1.0,442.0,161.0,0,1,0.2,349.0,126.0,0.1,0.5,0.0,26338,158,26753,115,0.2,0.2,0.0,0.01,0.01,3.13,0.0,0.01,0.01,2.35,25.4,429.0,161.0,6.3,432.0,157.0,0.0,464.0,185.0,3.2,448.0,162.0,,,,25,,Zach,Abbott,Abbott,,,120,0,0,0,4,0,0,0,0,0,0,1,10,,,,0.0,0.0,3.0,0.75,7.5,2,8,8
514,a,100.0,100.0,3.8,783,233.0,0,0.0,-2,2.0,0.4,280,105.0,0,0,0.0,513.0,183.0,0,0,0.0,395.0,146.0,0.0,0.0,0.0,39921,303,60597,137,0.0,0.0,0.0,0.0,0.0,0.0,0.0,0.0,0.0,0.0,0.0,503.0,182.0,0.0,488.0,179.0,0.0,447.0,169.0,0.0,505.0,182.0,,,,25,,Willy,Boly,Boly,,,0,0,0,0,0,0,0,0,0,0,0,0,0,,,,0.0,0.0,0.0,0.0,0.0,0,0,0
515,a,100.0,100.0,7.3,26,16.0,0,0.0,-2,2.0,3.8,87,29.0,100,2,4.0,77.0,37.0,8,394,4.8,37.0,17.0,0.7,13.7,0.0,835517,4745,1006012,6394,4.8,4.8,6.09,1.89,7.98,36.04,0.26,0.08,0.34,1.53,414.8,79.0,26.0,480.6,21.0,20.0,460.0,24.0,11.0,135.3,20.0,16.0,,2.0,2.0,25,,Morgan,Gibbs-White,Gibbs-White,,,2118,6,2,5,35,0,0,0,0,0,0,24,117,,,,0.0,0.21,1.49,1.02,4.97,13,35,69
516,a,100.0,75.0,5.7,115,72.0,0,0.0,-3,3.0,0.7,212,74.0,62,2,2.7,244.0,102.0,6,244,2.2,167.0,69.0,0.4,10.9,0.0,257402,461,323163,888,2.2,1.7,1.95,1.69,3.64,25.24,0.12,0.11,0.23,1.62,252.0,194.0,81.0,394.2,41.0,38.0,223.0,93.0,58.0,86.6,84.0,50.0,,,,25,,Callum,Hudson-Odoi,Hudson-Odoi,,,1405,3,1,3,23,0,0,0,0,0,0,15,79,,,,0.0,0.19,1.47,0.96,5.06,12,18,49
517,a,,,5.3,192,119.0,0,0.0,-2,2.0,5.6,66,22.0,108,4,4.3,48.0,25.0,7,496,5.2,25.0,15.0,1.0,20.4,0.0,1122193,14615,1143507,3987,5.2,5.2,1.9,2.37,4.27,37.13,0.08,0.09,0.17,1.49,552.0,27.0,8.0,645.6,6.0,6.0,165.0,139.0,81.0,136.6,18.0,14.0,2.0,,4.0,25,,Elliot,Anderson,Anderson,,,2250,1,3,5,38,0,0,0,4,0,0,25,346,,,,0.0,0.2,1.52,1.0,13.84,68,67,211
518,u,0.0,0.0,5.4,179,110.0,0,0.0,-1,1.0,0.0,616,238.0,1,0,1.0,494.0,231.0,0,6,0.0,782.0,344.0,0.0,0.2,0.0,1029,0,9088,4,0.0,0.0,0.0,0.0,0.0,0.0,0.0,0.0,0.0,0.0,5.0,465.0,209.0,0.5,468.0,225.0,4.0,425.0,210.0,1.0,474.0,218.0,,,,25,,João Pedro,Ferreira da Silva,Jota,has joined Besiktas on loan for the rest of the season.,,11,0,0,0,0,0,0,0,0,0,0,0,3,,,,0.0,0.0,0.0,0.0,24.55,2,1,0
519,a,100.0,100.0,5.0,257,156.0,0,0.0,0,0.0,0.0,618,240.0,33,1,2.1,315.0,138.0,3,131,2.0,189.0,80.0,0.4,6.6,0.0,4716,45,2454,83,2.0,2.0,1.09,0.39,1.48,14.74,0.12,0.04,0.16,1.64,165.2,267.0,115.0,140.6,187.0,125.0,117.0,205.0,111.0,42.4,250.0,123.0,3.0,,,25,,Nicolás,Domínguez,Dominguez,,,810,1,0,3,15,0,0,0,2,0,0,12,82,,,,0.0,0.33,1.67,1.33,9.11,32,18,32
520,u,0.0,0.0,5.0,255,155.0,0,0.0,0,0.0,0.0,812,362.0,0,0,0.0,779.0,339.0,0,0,0.0,743.0,317.0,0.0,0.0,0.0,0,0,117,0,0.0,0.0,0.0,0.0,0.0,0.0,0.0,0.0,0.0,0.0,0.0,779.0,339.0,0.0,776.0,339.0,0.0,769.0,336.0,0.0,779.0,339.0,,,,25,,Lewis,O'Brien,O'Brien,Has joined Wrexham permanently.,,0,0,0,0,0,0,0,0,0,0,0,0,0,,,,0.0,0.0,0.0,0.0,0.0,0,0,0
521,a,100.0,100.0,4.9,309,192.0,0,0.0,-1,1.0,0.1,548,201.0,58,1,3.4,131.0,60.0,2,233,2.8,123.0,51.0,0.6,11.8,0.0,9350,98,11270,63,2.8,2.8,1.03,1.21,2.24,21.11,0.08,0.09,0.17,1.55,286.4,169.0,65.0,97.9,238.0,148.0,105.0,219.0,120.0,49.0,220.0,111.0,,,,25,,Ibrahim,Sangaré,Sangaré,,,1224,2,2,5,17,0,0,0,3,0,0,15,147,,,,0.0,0.37,1.25,1.1,10.81,34,59,54
522,a,100.0,100.0,4.7,384,240.0,0,0.0,-3,3.0,0.1,553,203.0,17,1,1.3,418.0,186.0,0,77,0.5,327.0,142.0,0.1,3.6,0.0,9450,35,18762,16,0.5,0.5,0.1,0.19,0.29,3.69,0.02,0.05,0.07,0.9,71.6,370.0,164.0,48.3,328.0,181.0,30.0,343.0,181.0,14.9,375.0,176.0,,,,25,,Ryan,Yates,Yates,,,367,0,1,0,5,0,0,0,1,0,0,1,36,,,,0.0,0.0,1.23,0.25,8.83,8,17,11
523,a,100.0,100.0,4.5,476,289.0,0,0.0,0,0.0,0.1,577,216.0,0,0,0.0,721.0,296.0,0,0,0.0,652.0,253.0,0.0,0.0,0.0,2114,32,16502,16,0.0,0.0,0.0,0.0,0.0,0.0,0.0,0.0,0.0,0.0,0.0,719.0,294.0,0.0,714.0,295.0,0.0,694.0,287.0,0.0,720.0,295.0,,,,25,,Eric,da Silva Moreira,Da Silva Moreira,,,0,0,0,0,0,0,0,0,0,0,0,0,0,,,,0.0,0.0,0.0,0.0,0.0,0,0,0
524,u,0.0,0.0,4.5,452,269.0,0,0.0,0,0.0,0.0,683,283.0,0,0,0.0,705.0,282.0,0,0,0.0,632.0,236.0,0.0,0.0,0.0,245,0,5684,0,0.0,0.0,0.0,0.0,0.0,0.0,0.0,0.0,0.0,0.0,0.0,701.0,278.0,0.0,697.0,280.0,0.0,675.0,270.0,0.0,702.0,279.0,,,,25,,Marko,Stamenić,Stamenic,Has joined Swansea City permanently.,,0,0,0,0,0,0,0,0,0,0,0,0,0,,,,0.0,0.0,0.0,0.0,0.0,0,0,0
525,i,0.0,0.0,7.2,28,11.0,0,0.0,-3,3.0,4.7,77,14.0,25,0,3.1,183.0,18.0,3,85,0.0,813.0,89.0,0.0,3.5,0.0,2133381,13,3380980,825,0.0,0.0,2.81,0.11,2.92,7.84,0.47,0.02,0.49,1.31,77.6,358.0,36.0,49.6,325.0,37.0,179.0,128.0,30.0,29.8,308.0,36.0,,,1.0,25,,Chris,Wood,Wood,Knee injury - Unknown return date,,538,2,0,1,8,0,0,0,0,0,0,7,14,,,,0.0,0.17,1.34,1.17,2.34,1,6,7
526,a,100.0,100.0,5.8,110,32.0,0,0.0,-2,2.0,1.4,160,26.0,58,1,2.4,286.0,32.0,6,181,3.5,84.0,10.0,0.6,10.0,0.0,383100,3931,323211,3466,3.5,3.5,3.77,0.85,4.62,25.33,0.24,0.05,0.29,1.62,162.0,273.0,25.0,116.0,213.0,22.0,422.0,28.0,14.0,67.6,141.0,18.0,,,3.0,25,,Igor Jesus,Maciel da Cruz,Igor Jesus,,,1407,2,2,5,27,0,0,0,0,0,0,17,69,,,,0.0,0.32,1.73,1.09,4.41,17,20,32
527,a,100.0,100.0,5.2,210,48.0,0,0.0,-3,3.0,0.3,318,52.0,13,0,1.6,387.0,46.0,1,59,1.5,228.0,31.0,0.3,2.5,0.0,33966,201,90081,204,1.5,1.5,0.85,0.39,1.24,3.39,0.38,0.17,0.55,1.5,52.4,395.0,43.0,41.8,344.0,41.0,101.0,223.0,44.0,19.6,359.0,44.0,,,,25,,Taiwo,Awoniyi,Awoniyi,,,204,1,0,0,2,0,0,0,0,0,0,1,12,,,,0.0,0.0,0.88,0.44,5.29,1,4,7
675,a,100.0,100.0,4.0,662,43.0,0,0.0,0,0.0,1.2,180,22.0,1,0,1.0,443.0,31.0,0,4,0.2,352.0,22.0,0.0,0.2,0.0,29165,70,97609,121,0.2,0.2,0.0,0.0,0.0,0.21,0.0,0.0,0.0,0.42,1.2,485.0,32.0,0.0,552.0,50.0,0.0,513.0,35.0,0.1,498.0,32.0,,,,25,,Angus,Gunn,Gunn,,,45,0,0,0,0,0,0,0,0,0,0,0,0,,,,0.0,0.0,0.0,0.0,0.0,0,1,4
693,a,,,5.4,178,109.0,0,0.0,-1,1.0,0.1,488,170.0,53,4,2.8,232.0,96.0,3,212,1.5,231.0,95.0,0.3,9.8,0.0,31360,98,24435,127,1.5,1.5,1.58,2.68,4.26,15.12,0.15,0.26,0.41,1.44,215.0,225.0,97.0,328.5,61.0,49.0,218.0,96.0,60.0,75.8,114.0,62.0,,,,25,,Omari,Hutchinson,Hutchinson,,,943,1,5,2,15,0,0,0,0,0,0,8,77,,,,0.0,0.19,1.43,0.76,7.35,14,9,54
696,u,0.0,0.0,6.0,88,28.0,0,0.0,0,0.0,0.1,441,64.0,9,0,1.0,497.0,61.0,0,24,0.0,801.0,84.0,0.0,1.5,0.0,15291,0,17876,50,0.0,0.0,0.44,0.02,0.46,1.57,0.44,0.02,0.46,1.59,6.8,460.0,56.0,17.7,388.0,50.0,39.0,318.0,51.0,6.3,426.0,53.0,,,,25,,Arnaud,Kalimuendo,Kalimuendo,has joined Eintracht Frankfurt on loan for the rest of the season.,,89,0,0,0,3,0,0,0,0,0,0,0,6,,,,0.0,0.0,3.03,0.0,6.07,1,1,4
715,i,0.0,0.0,4.0,670,46.0,0,0.0,0,0.0,0.4,287,38.0,11,0,2.2,297.0,25.0,0,32,0.0,467.0,57.0,0.0,2.8,0.0,65660,27,42027,332,0.0,0.0,0.0,0.0,0.0,6.13,0.0,0.0,0.0,1.26,56.4,393.0,29.0,0.0,558.0,53.0,0.0,520.0,38.0,5.7,428.0,29.0,,,,25,,John Victor,Maciel Furtado,John,Knee injury - Expected back 01 Jun,,437,0,0,1,8,0,0,0,1,0,6,5,0,,,,1.24,0.21,1.65,1.03,0.0,0,4,26
716,i,0.0,0.0,4.5,454,93.0,0,0.0,0,0.0,0.1,518,184.0,39,0,2.8,222.0,85.0,0,131,0.0,634.0,243.0,0.0,8.7,0.0,46621,3,40958,248,0.0,0.0,1.34,0.45,1.79,15.04,0.12,0.04,0.16,1.32,216.6,222.0,87.0,123.2,205.0,51.0,94.0,232.0,62.0,43.5,242.0,82.0,,,,25,,Nicolò,Savona,Savona,Knee injury - Unknown return date,,1025,2,0,3,18,0,0,0,2,0,0,11,69,,,,0.0,0.26,1.58,0.97,5.0,20,37,27
729,a,100.0,100.0,4.5,475,95.0,0,0.0,0,0.0,0.0,804,264.0,0,0,0.0,720.0,257.0,0,0,0.0,651.0,244.0,0.0,0.0,0.0,93,8,58,9,0.0,0.0,0.0,0.0,0.0,0.0,0.0,0.0,0.0,0.0,0.0,718.0,257.0,0.0,713.0,257.0,0.0,693.0,256.0,0.0,719.0,257.0,,,,25,,Luis Eduardo,Soares da Silva,Cuiabano,,,0,0,0,0,0,0,0,0,0,0,0,0,0,,,,0.0,0.0,0.0,0.0,0.0,0,0,0
734,a,100.0,100.0,5.9,100,65.0,0,0.0,-1,1.0,0.0,675,278.0,12,0,1.5,408.0,182.0,0,53,0.0,799.0,358.0,0.0,2.0,0.0,4142,34,3704,25,0.0,0.0,0.39,0.68,1.07,5.51,0.12,0.2,0.32,1.64,49.8,397.0,176.0,108.8,221.0,140.0,71.0,267.0,144.0,23.0,340.0,163.0,,,,25,,Dilane,Bakwa,Bakwa,,,302,0,1,0,7,0,0,0,1,0,0,3,23,,,,0.0,0.0,2.09,0.89,6.85,1,3,19
805,a,,,5.5,150,38.0,0,0.0,0,0.0,0.0,707,88.0,5,5,5.0,16.0,3.0,0,27,2.5,147.0,20.0,0.5,0.9,0.0,1880,668,326,42,2.5,2.5,0.16,0.0,0.16,0.45,0.4,0.0,0.4,1.12,32.0,416.0,48.0,1.1,458.0,59.0,19.0,371.0,55.0,5.2,432.0,55.0,,,,25,,Lorenzo,Lucca,Lucca,,,36,1,0,0,0,0,0,0,0,0,0,0,0,,,,0.0,0.0,0.0,0.0,0.0,0,0,0
814,a,,,4.5,442,88.0,0,0.0,0,0.0,0.0,808,265.0,1,1,1.0,465.0,169.0,0,3,1.0,260.0,94.0,0.2,0.2,0.0,115,25,16,8,2.1,2.1,0.0,0.36,0.36,0.0,0.0,2.31,2.31,0.0,1.0,491.0,175.0,1.1,457.0,168.0,2.0,436.0,164.0,0.4,485.0,172.0,,,,25,,Luca,Netz,Netz,,,14,0,0,0,0,0,0,0,0,0,0,0,0,,,,0.0,0.0,0.0,0.0,0.0,0,0,0
528,u,0.0,0.0,4.2,634,34.0,0,0.0,-3,3.0,0.2,389,57.0,0,0,0.0,630.0,87.0,0,0,0.0,530.0,81.0,0.0,0.0,0.0,10565,0,32492,196,0.0,0.0,0.0,0.0,0.0,0.0,0.0,0.0,0.0,0.0,0.0,622.0,87.0,0.0,615.0,77.0,0.0,582.0,63.0,0.0,624.0,87.0,,,,25,,Anthony,Patterson,Patterson,has joined Millwall on loan for the rest of the season.,,0,0,0,0,0,0,0,0,0,0,0,0,0,,,,0.0,0.0,0.0,0.0,0.0,0,0,0
529,a,,,3.9,738,69.0,0,0.0,-1,1.0,0.4,286,37.0,0,0,0.0,533.0,37.0,0,0,0.0,421.0,28.0,0.0,0.0,0.0,17332,55,32214,72,-0.5,-1.0,0.0,0.0,0.0,0.0,0.0,0.0,0.0,0.0,0.0,524.0,37.0,0.0,513.0,22.0,0.0,473.0,7.0,0.0,526.0,37.0,,,,25,,Simon,Moore,Moore,,,0,0,0,0,0,0,0,0,0,0,0,0,0,,,,0.0,0.0,0.0,0.0,0.0,0,0,0
530,u,0.0,0.0,3.9,767,86.0,0,0.0,-1,1.0,0.1,445,66.0,0,0,0.0,553.0,54.0,0,0,0.0,443.0,45.0,0.0,0.0,0.0,7473,0,12309,43,0.0,0.0,0.0,0.0,0.0,0.0,0.0,0.0,0.0,0.0,0.0,544.0,54.0,0.0,533.0,39.0,0.0,493.0,24.0,0.0,546.0,54.0,,,,25,,Blondy,Nna Noukeu,Nna Noukeu,has joined US Boulogne CO permanently.,,0,0,0,0,0,0,0,0,0,0,0,0,0,,,,0.0,0.0,0.0,0.0,0.0,0,0,0
531,a,100.0,100.0,4.6,400,69.0,0,0.0,1,-1.0,3.1,104,41.0,93,1,4.4,40.0,14.0,8,285,4.0,59.0,22.0,0.9,20.2,0.0,1061806,1628,932679,2481,3.5,3.0,2.18,0.51,2.69,22.55,0.12,0.03,0.15,1.28,501.6,47.0,21.0,110.2,218.0,56.0,323.0,54.0,2.0,93.5,68.0,13.0,,,,25,,Daniel,Ballard,Ballard,,,1581,2,1,5,22,0,0,0,3,0,0,17,201,,,,0.0,0.28,1.25,0.97,10.76,27,162,41
532,a,,,4.5,444,89.0,0,0.0,0,0.0,0.3,301,112.0,72,1,2.9,206.0,81.0,4,255,1.8,205.0,76.0,0.4,16.0,0.0,72602,61,65284,250,1.3,0.8,1.36,0.94,2.3,31.73,0.06,0.04,0.1,1.39,324.8,134.0,61.0,251.5,99.0,24.0,159.0,148.0,27.0,72.6,122.0,39.0,2.0,,,25,,Trai,Hume,Hume,,,2050,0,1,7,26,0,0,0,7,0,0,23,166,,,,0.0,0.31,1.14,1.01,6.1,46,93,73
533,u,0.0,0.0,4.0,669,166.0,0,0.0,0,0.0,0.0,775,262.0,0,0,0.0,575.0,212.0,0,0,0.0,466.0,184.0,0.0,0.0,0.0,611,0,829,2,0.0,0.0,0.0,0.0,0.0,0.0,0.0,0.0,0.0,0.0,0.0,566.0,212.0,0.0,557.0,212.0,0.0,519.0,205.0,0.0,568.0,212.0,,,,25,,Aji,Alese,Alese,has joined Portsmouth on loan for the rest of the season.,,0,0,0,0,0,0,0,0,0,0,0,0,0,,,,0.0,0.0,0.0,0.0,0.0,0,0,0
534,u,0.0,0.0,3.8,788,237.0,0,0.0,-2,2.0,0.3,297,111.0,0,0,0.0,515.0,184.0,0,0,0.0,400.0,150.0,0.0,0.0,0.0,39413,0,61455,274,0.0,0.0,0.0,0.0,0.0,0.0,0.0,0.0,0.0,0.0,0.0,506.0,184.0,0.0,492.0,182.0,0.0,451.0,172.0,0.0,508.0,184.0,,,,25,,Joe,Anderson,Anderson,has joined Barrow FC permanently.,,0,0,0,0,0,0,0,0,0,0,0,0,0,,,,0.0,0.0,0.0,0.0,0.0,0,0,0
535,a,100.0,100.0,4.0,680,171.0,0,0.0,0,0.0,0.1,569,204.0,13,0,2.2,298.0,112.0,0,44,0.5,314.0,113.0,0.1,3.2,0.0,6916,37,4844,72,0.0,-0.5,0.0,0.02,0.02,6.04,0.0,0.01,0.01,1.84,58.2,389.0,148.0,8.7,423.0,153.0,2.0,428.0,159.0,6.8,423.0,152.0,,,,25,,Dennis,Cirkin,Cirkin,,,296,0,0,1,2,0,0,0,1,0,0,3,26,,,,0.0,0.3,0.61,0.91,7.91,8,18,7
536,u,0.0,0.0,4.0,688,174.0,0,0.0,0,0.0,0.0,693,239.0,0,0,0.0,591.0,218.0,0,0,0.0,483.0,190.0,0.0,0.0,0.0,1255,0,1213,32,0.0,0.0,0.0,0.0,0.0,0.0,0.0,0.0,0.0,0.0,0.0,582.0,218.0,0.0,574.0,218.0,0.0,536.0,211.0,0.0,584.0,218.0,,,,25,,Leo Fuhr,Hjelde,Hjelde,has joined Sheffield United on loan for the rest of the season.,,0,0,0,0,0,0,0,0,0,0,0,0,0,,,,0.0,0.0,0.0,0.0,0.0,0,0,0
537,u,0.0,0.0,4.0,690,175.0,0,0.0,0,0.0,0.1,534,191.0,0,0,0.0,593.0,219.0,0,0,0.0,485.0,191.0,0.0,0.0,0.0,1038,0,16010,13,0.0,0.0,0.0,0.0,0.0,0.0,0.0,0.0,0.0,0.0,0.0,584.0,219.0,0.0,576.0,219.0,0.0,538.0,212.0,0.0,586.0,219.0,,,,25,,Niall,Huggins,Huggins,has joined Wycombe Wanderers on loan for the rest of the season.,,0,0,0,0,0,0,0,0,0,0,0,0,0,,,,0.0,0.0,0.0,0.0,0.0,0,0,0
538,u,0.0,0.0,3.8,799,248.0,0,0.0,-2,2.0,0.2,357,130.0,0,0,0.0,522.0,191.0,0,0,0.0,408.0,158.0,0.0,0.0,0.0,23261,0,31212,157,0.0,0.0,0.0,0.0,0.0,0.0,0.0,0.0,0.0,0.0,0.0,513.0,191.0,0.0,499.0,189.0,0.0,458.0,179.0,0.0,515.0,191.0,,,,25,,Zak,Johnson,Johnson,has joined York City on loan for the rest of the season.,,0,0,0,0,0,0,0,0,0,0,0,0,0,,,,0.0,0.0,0.0,0.0,0.0,0,0,0
539,a,100.0,100.0,4.0,667,164.0,0,0.0,0,0.0,0.1,560,201.0,2,0,0.4,508.0,178.0,0,6,0.5,313.0,112.0,0.1,0.5,0.0,6469,55,6793,36,0.0,-0.5,0.0,0.0,0.0,0.86,0.0,0.0,0.0,3.52,6.0,461.0,168.0,1.1,455.0,166.0,0.0,517.0,203.0,0.7,477.0,169.0,,,,25,,Luke,O'Nien,O'Nien,,,22,0,0,0,0,0,0,0,0,1,0,0,3,,,,0.0,0.0,0.0,0.0,12.27,2,1,1
540,u,0.0,0.0,3.9,760,221.0,0,0.0,-1,1.0,0.3,313,116.0,0,0,0.0,548.0,201.0,0,0,0.0,438.0,172.0,0.0,0.0,0.0,47547,0,45698,158,0.0,0.0,0.0,0.0,0.0,0.0,0.0,0.0,0.0,0.0,0.0,539.0,201.0,0.0,528.0,201.0,0.0,488.0,192.0,0.0,541.0,201.0,,,,25,,Timothée,Pembélé,Pembele,has joined Le Havre AC on loan for the rest of the season.,,0,0,0,0,0,0,0,0,0,0,0,0,0,,,,0.0,0.0,0.0,0.0,0.0,0,0,0
541,a,100.0,100.0,3.8,791,240.0,0,0.0,-2,2.0,3.1,103,40.0,50,1,3.1,164.0,58.0,5,168,3.2,88.0,32.0,0.8,13.2,0.0,567015,5587,982632,1053,2.7,2.2,0.13,0.32,0.45,17.46,0.01,0.02,0.03,1.18,254.6,191.0,78.0,77.2,268.0,83.0,35.0,329.0,105.0,36.8,273.0,91.0,,,,25,,Reinildo,Mandava,Reinildo,,,1337,0,2,4,19,0,0,0,5,1,0,16,133,,,,0.0,0.27,1.28,1.08,7.67,27,87,60
542,u,0.0,0.0,4.0,706,185.0,0,0.0,0,0.0,0.1,495,176.0,2,0,1.0,444.0,162.0,0,11,0.0,499.0,199.0,0.0,0.5,0.0,3016,0,25010,10,0.0,0.0,0.0,0.01,0.01,1.33,0.0,0.01,0.01,0.9,33.6,414.0,155.0,2.4,446.0,163.0,0.0,551.0,219.0,3.6,445.0,160.0,,,,25,,Jenson,Seelt,Seelt,has joined Wolfsburg on loan for the rest of the season.,,133,0,0,0,2,0,0,0,0,0,0,1,18,,,,0.0,0.0,1.35,0.68,8.12,4,8,6
543,u,0.0,0.0,4.9,344,212.0,0,0.0,-6,6.0,0.4,273,93.0,34,0,2.4,279.0,119.0,3,81,0.0,734.0,310.0,0.0,6.9,0.0,90681,0,225363,635,0.0,0.0,0.35,0.62,0.97,11.3,0.05,0.09,0.14,1.57,81.4,352.0,157.0,116.8,211.0,137.0,75.0,262.0,142.0,27.0,323.0,155.0,,,,25,,Simon,Adingra,Adingra,has joined AS Monaco on loan for the rest of the season.,,649,1,1,4,8,0,0,0,2,0,0,9,45,,,,0.0,0.55,1.11,1.25,6.24,11,13,21
544,a,100.0,100.0,5.3,205,127.0,0,0.0,-2,2.0,0.1,566,210.0,28,1,3.5,123.0,56.0,3,81,3.8,78.0,34.0,0.7,5.3,0.0,9413,167,16733,67,3.3,2.8,0.93,0.25,1.18,6.24,0.14,0.04,0.18,0.96,62.4,382.0,168.0,55.6,313.0,175.0,93.0,236.0,129.0,20.4,354.0,168.0,,,1.0,25,,Habib,Diarra,Diarra,,,585,1,2,3,5,0,0,0,3,0,0,6,35,,,,0.0,0.46,0.77,0.92,5.38,4,13,18
545,u,0.0,0.0,5.4,161,99.0,0,0.0,-1,1.0,0.0,717,301.0,1,0,1.0,493.0,230.0,0,4,0.0,774.0,339.0,0.0,0.2,0.0,462,0,4070,0,0.0,0.0,0.03,0.02,0.05,0.66,0.1,0.07,0.17,2.2,1.8,482.0,221.0,7.3,428.0,209.0,5.0,417.0,203.0,1.4,472.0,216.0,,,,25,,Patrick,Roberts,Roberts,has joined Birmingham City permanently.,,27,0,0,0,1,0,0,0,0,0,0,0,1,,,,0.0,0.0,3.33,0.0,3.33,0,0,1
546,a,100.0,100.0,4.9,349,217.0,0,0.0,-1,1.0,0.0,686,285.0,0,0,0.0,775.0,336.0,0,0,0.0,737.0,313.0,0.0,0.0,0.0,356,5,3397,4,-0.5,-1.0,0.0,0.0,0.0,0.0,0.0,0.0,0.0,0.0,0.0,775.0,336.0,0.0,771.0,336.0,0.0,761.0,332.0,0.0,775.0,336.0,,,,25,,Milan,Aleksić,Aleksić,,,0,0,0,0,0,0,0,0,0,0,0,0,0,,,,0.0,0.0,0.0,0.0,0.0,0,0,0
547,a,100.0,100.0,4.9,338,209.0,0,0.0,-1,1.0,1.3,164,54.0,88,2,3.7,104.0,48.0,7,361,4.2,48.0,22.0,0.9,18.0,0.0,314702,1972,195284,3154,3.7,3.2,3.77,2.51,6.28,30.11,0.18,0.12,0.3,1.4,442.6,64.0,19.0,492.2,20.0,19.0,172.0,133.0,77.0,110.8,40.0,30.0,3.0,2.0,2.0,25,,Enzo,Le Fée,E.Le Fée,,,1935,3,4,7,26,0,0,1,5,0,0,22,201,,,,0.0,0.33,1.21,1.02,9.35,55,53,93
548,a,100.0,100.0,4.9,332,205.0,0,0.0,-1,1.0,0.0,734,310.0,12,1,1.0,483.0,222.0,0,46,1.2,246.0,103.0,0.2,2.4,0.0,1017,8,1358,8,0.7,0.2,0.45,0.27,0.72,6.75,0.12,0.07,0.19,1.8,29.0,421.0,187.0,30.2,368.0,189.0,50.0,301.0,156.0,10.6,401.0,184.0,,3.0,,25,,Romaine,Mundle,Mundle,,,338,0,0,0,8,0,0,0,1,0,0,2,26,,,,0.0,0.0,2.13,0.53,6.92,5,5,16
549,u,0.0,0.0,4.8,364,226.0,0,0.0,-2,2.0,0.0,642,260.0,3,0,1.0,480.0,220.0,0,10,0.0,702.0,290.0,0.0,0.6,0.0,1972,0,4467,23,0.0,0.0,0.0,0.0,0.0,0.64,0.0,0.0,0.0,4.43,3.0,474.0,216.0,1.4,453.0,219.0,0.0,739.0,318.0,0.4,487.0,223.0,,,,25,,Dan,Neil,Neil,has joined Ipswich Town on loan for the rest of the season.,,13,0,0,0,0,0,0,0,0,0,0,0,2,,,,0.0,0.0,0.0,0.0,13.85,0,2,0
550,a,,,4.8,360,225.0,0,0.0,-2,2.0,0.0,657,268.0,0,0,0.0,757.0,323.0,0,0,0.0,701.0,289.0,0.0,0.0,0.0,935,11,2599,7,-0.5,-1.0,0.0,0.0,0.0,0.0,0.0,0.0,0.0,0.0,0.0,757.0,323.0,0.0,752.0,323.0,0.0,738.0,317.0,0.0,757.0,323.0,,,,25,,Ian,Poveda-Ocampo,Poveda,,,0,0,0,0,0,0,0,0,0,0,0,0,0,,,,0.0,0.0,0.0,0.0,0.0,0,0,0
551,a,,,4.7,392,245.0,0,0.0,-3,3.0,0.0,591,222.0,15,0,1.5,402.0,177.0,0,48,0.0,696.0,285.0,0.0,3.2,0.0,5533,15,8721,27,-0.5,-1.0,0.32,0.35,0.67,5.12,0.08,0.08,0.16,1.23,20.2,436.0,193.0,48.4,327.0,180.0,21.0,366.0,187.0,8.9,409.0,185.0,,,,25,,Chris,Rigg,Rigg,,,375,0,0,2,2,0,0,0,0,0,0,6,27,,,,0.0,0.48,0.48,1.44,6.48,6,7,14
552,a,100.0,100.0,4.9,347,215.0,0,0.0,-1,1.0,0.1,572,211.0,50,2,2.5,268.0,114.0,0,255,3.2,91.0,39.0,0.7,10.2,0.0,9635,69,11082,40,2.7,2.2,0.32,0.82,1.14,23.07,0.02,0.04,0.06,1.18,202.0,237.0,101.0,182.1,149.0,103.0,49.0,303.0,158.0,43.4,244.0,120.0,,,,25,,Noah,Sadiki,Sadiki,,,1754,0,1,6,23,0,0,0,5,0,0,20,154,,,,0.0,0.31,1.18,1.03,7.9,30,59,65
553,a,100.0,100.0,4.9,345,213.0,0,0.0,-1,1.0,0.1,416,142.0,62,2,3.3,146.0,66.0,5,187,2.8,124.0,52.0,0.6,12.7,0.0,57843,190,68600,76,2.3,1.8,1.34,0.56,1.89,14.31,0.11,0.05,0.16,1.21,176.4,257.0,109.0,169.4,161.0,109.0,160.0,147.0,85.0,50.1,216.0,109.0,,,,25,,Chemsdine,Talbi,Talbi,,,1068,3,2,6,9,0,0,0,0,0,0,11,64,,,,0.0,0.51,0.76,0.93,5.39,7,14,43
554,a,,,4.3,591,346.0,0,0.0,-2,2.0,0.3,293,100.0,0,0,0.0,640.0,238.0,0,0,0.0,549.0,182.0,0.0,0.0,0.0,79073,158,74259,202,-0.5,-1.0,0.0,0.0,0.0,0.0,0.0,0.0,0.0,0.0,0.0,631.0,229.0,0.0,626.0,234.0,0.0,595.0,218.0,0.0,633.0,231.0,,,,25,,Abdoullah,Ba,Ba,,,0,0,0,0,0,0,0,0,0,0,0,0,0,,,,0.0,0.0,0.0,0.0,0.0,0,0,0
555,u,0.0,0.0,4.5,414,252.0,0,0.0,0,0.0,0.0,639,257.0,0,0,0.0,687.0,268.0,0,0,0.0,609.0,220.0,0.0,0.0,0.0,1291,0,9790,5,0.0,0.0,0.0,0.0,0.0,0.0,0.0,0.0,0.0,0.0,0.0,682.0,263.0,0.0,676.0,266.0,0.0,651.0,255.0,0.0,684.0,265.0,,,,25,,Alan,Browne,Browne,has joined Middlesbrough on loan for the rest of the season.,,0,0,0,0,0,0,0,0,0,0,0,0,0,,,,0.0,0.0,0.0,0.0,0.0,0,0,0
556,u,0.0,0.0,4.5,436,260.0,0,0.0,0,0.0,0.0,765,330.0,0,0,0.0,698.0,275.0,0,0,0.0,624.0,228.0,0.0,0.0,0.0,0,0,1794,2,0.0,0.0,0.0,0.0,0.0,0.0,0.0,0.0,0.0,0.0,0.0,693.0,270.0,0.0,690.0,273.0,0.0,667.0,263.0,0.0,695.0,272.0,,,,25,,Pierre,Ekwah Elimby,Ekwah,Has joined AS Saint-Etienne permanently.,,0,0,0,0,0,0,0,0,0,0,0,0,0,,,,0.0,0.0,0.0,0.0,0.0,0,0,0
557,a,,,4.3,609,355.0,0,0.0,-2,2.0,0.1,545,199.0,0,0,0.0,648.0,244.0,0,0,0.0,560.0,190.0,0.0,0.0,0.0,7269,79,9442,45,-0.5,-1.0,0.0,0.0,0.0,0.0,0.0,0.0,0.0,0.0,0.0,639.0,235.0,0.0,635.0,240.0,0.0,605.0,225.0,0.0,641.0,237.0,,,,25,,Harrison,Jones,H.Jones,,,0,0,0,0,0,0,0,0,0,0,0,0,0,,,,0.0,0.0,0.0,0.0,0.0,0,0,0
558,u,0.0,0.0,4.3,598,349.0,0,0.0,-2,2.0,0.2,377,125.0,0,0,0.0,642.0,240.0,0,0,0.0,551.0,184.0,0.0,0.0,0.0,30710,0,43216,171,0.0,0.0,0.0,0.0,0.0,0.0,0.0,0.0,0.0,0.0,0.0,633.0,231.0,0.0,628.0,236.0,0.0,597.0,220.0,0.0,635.0,233.0,,,,25,,Jay,Matete,Matete,has joined MK Dons permanently.,,0,0,0,0,0,0,0,0,0,0,0,0,0,,,,0.0,0.0,0.0,0.0,0.0,0,0,0
559,u,0.0,0.0,4.4,547,327.0,0,0.0,-1,1.0,0.0,636,255.0,0,0,0.0,668.0,257.0,0,0,0.0,587.0,206.0,0.0,0.0,0.0,2951,0,8577,3,0.0,0.0,0.0,0.0,0.0,0.0,0.0,0.0,0.0,0.0,0.0,660.0,249.0,0.0,656.0,254.0,0.0,628.0,240.0,0.0,662.0,251.0,,,,25,,Nectarios,Triantis,Triantis,has joined Minnesota United permanently.,,0,0,0,0,0,0,0,0,0,0,0,0,0,,,,0.0,0.0,0.0,0.0,0.0,0,0,0
560,a,100.0,100.0,5.1,234,52.0,-1,1.0,-4,4.0,1.5,153,24.0,53,1,2.4,281.0,31.0,7,177,0.8,290.0,39.0,0.2,10.4,0.0,951382,621,841883,1766,0.3,-0.2,3.58,0.07,3.65,16.39,0.32,0.01,0.33,1.48,164.4,268.0,24.0,22.6,379.0,48.0,373.0,39.0,17.0,55.8,192.0,21.0,,,,25,,Wilson,Isidor,Isidor,,,1000,4,0,4,14,0,0,0,1,0,0,11,39,,,,0.0,0.36,1.26,0.99,3.51,8,14,17
561,a,,,5.2,219,50.0,0,0.0,-3,3.0,0.5,256,41.0,26,0,1.9,345.0,39.0,2,86,0.8,291.0,40.0,0.2,5.0,0.0,263862,60,302091,169,0.3,-0.2,1.05,0.14,1.19,10.33,0.17,0.02,0.19,1.63,73.4,367.0,38.0,42.0,343.0,40.0,131.0,184.0,40.0,24.3,337.0,40.0,,,3.0,25,,Eliezer,Mayenda Dossou,Mayenda,,,572,1,0,3,7,0,0,0,0,0,0,6,20,,,,0.0,0.47,1.1,0.94,3.15,3,6,11
562,a,,,4.2,650,91.0,0,0.0,-3,3.0,0.4,269,44.0,0,0,0.0,635.0,65.0,0,0,0.0,539.0,53.0,0.0,0.0,0.0,54966,1174,80718,328,-0.5,-1.0,0.0,0.0,0.0,0.0,0.0,0.0,0.0,0.0,0.0,627.0,65.0,0.0,621.0,64.0,0.0,589.0,64.0,0.0,629.0,65.0,,,,25,,Ahmed,Abdullahi,Abdullahi,,,0,0,0,0,0,0,0,0,0,0,0,0,0,,,,0.0,0.0,0.0,0.0,0.0,0,0,0
563,u,0.0,0.0,4.4,556,79.0,0,0.0,-1,1.0,0.1,502,72.0,0,0,0.0,674.0,72.0,0,0,0.0,594.0,61.0,0.0,0.0,0.0,5979,0,20227,13,0.0,0.0,0.0,0.0,0.0,0.0,0.0,0.0,0.0,0.0,0.0,667.0,72.0,0.0,662.0,71.0,0.0,636.0,71.0,0.0,669.0,72.0,,,,25,,Luís Hemir,Silva Semedo,Luís Hemir,has joined Moreirense on loan for the rest of the season.,,0,0,0,0,0,0,0,0,0,0,0,0,0,,,,0.0,0.0,0.0,0.0,0.0,0,0,0
564,u,0.0,0.0,4.4,539,76.0,0,0.0,-1,1.0,0.1,506,73.0,0,0,0.0,664.0,69.0,0,0,0.0,582.0,58.0,0.0,0.0,0.0,3530,0,20048,10,0.0,0.0,0.0,0.0,0.0,0.0,0.0,0.0,0.0,0.0,0.0,655.0,69.0,0.0,651.0,68.0,0.0,623.0,68.0,0.0,657.0,69.0,,,,25,,Nazarii,Rusyn,Rusyn,has joined Arka on loan for the rest of the season.,,0,0,0,0,0,0,0,0,0,0,0,0,0,,,,0.0,0.0,0.0,0.0,0.0,0,0,0
668,i,0.0,0.0,5.1,223,137.0,0,0.0,1,-1.0,4.1,83,27.0,90,0,4.1,63.0,28.0,5,426,0.5,334.0,148.0,0.1,17.6,0.0,1346564,106,1230202,14915,0.0,0.0,0.59,2.19,2.78,31.25,0.03,0.1,0.13,1.43,521.2,38.0,9.0,420.4,33.0,31.0,77.0,258.0,139.0,101.8,53.0,35.0,1.0,1.0,,25,,Granit,Xhaka,Xhaka,Ankle injury - Expected back 22 Feb,,1962,1,5,7,23,0,0,0,4,0,0,22,237,,,,0.0,0.32,1.06,1.01,10.87,35,101,101
670,a,,,5.0,269,10.0,0,0.0,5,-5.0,12.3,31,5.0,105,1,4.2,54.0,2.0,9,450,2.5,144.0,14.0,0.5,21.0,0.0,2095274,2324,721436,17515,2.0,1.5,0.0,0.07,0.07,34.88,0.0,0.0,0.0,1.4,651.8,8.0,2.0,40.0,347.0,2.0,0.0,775.0,88.0,69.1,136.0,2.0,,,,25,,Robin,Roefs,Roefs,,,2250,0,0,8,29,0,1,0,2,0,78,25,110,,,,3.12,0.32,1.16,1.0,0.0,0,26,251
678,u,0.0,0.0,3.9,743,212.0,0,0.0,-1,1.0,0.5,257,97.0,1,0,0.3,509.0,179.0,0,4,0.0,426.0,168.0,0.0,0.3,0.0,52353,0,80177,184,0.0,0.0,0.07,0.08,0.15,2.09,0.05,0.06,0.11,1.5,21.8,431.0,162.0,20.1,383.0,137.0,7.0,404.0,152.0,4.9,436.0,156.0,,,,25,,Arthur,Masuaku,Masuaku,has joined RC Lens on loan for the rest of the season.,,125,0,0,0,2,0,0,0,1,0,0,2,13,,,,0.0,0.0,1.44,1.44,7.2,4,6,3
683,a,100.0,100.0,4.1,654,159.0,0,0.0,1,-1.0,6.5,57,18.0,86,1,4.1,60.0,23.0,5,288,2.2,153.0,56.0,0.5,21.0,0.0,1483808,4269,829309,5092,1.7,1.2,1.23,0.74,1.96,28.28,0.06,0.04,0.1,1.4,503.2,46.0,20.0,95.0,241.0,68.0,197.0,111.0,18.0,79.9,100.0,30.0,,,,25,,Omar,Alderete,Alderete,,,1824,1,1,7,24,0,0,0,4,0,0,20,217,,,,0.0,0.35,1.18,0.99,9.52,20,173,68
694,a,,,4.6,399,68.0,0,0.0,6,-6.0,13.7,26,9.0,112,1,4.9,19.0,8.0,8,378,5.0,30.0,10.0,1.1,24.3,0.0,2299810,14378,623565,9793,4.5,4.0,0.91,1.88,2.79,33.19,0.04,0.08,0.12,1.45,537.6,32.0,12.0,252.2,98.0,23.0,122.0,199.0,48.0,91.2,73.0,15.0,,,,25,,Nordi,Mukiele,Mukiele,,,2062,1,5,7,27,1,0,0,4,0,0,23,245,,,,0.0,0.31,1.18,1.0,9.47,55,162,94
724,a,,,4.5,425,83.0,0,0.0,0,0.0,0.0,594,213.0,34,1,1.8,355.0,131.0,0,149,0.5,325.0,120.0,0.1,7.6,0.0,8279,22,5580,65,0.0,-0.5,0.37,0.53,0.9,21.26,0.03,0.05,0.08,1.92,160.8,276.0,109.0,76.1,273.0,86.0,36.0,326.0,103.0,27.3,319.0,110.0,,,,25,,Lutsharel,Geertruida,Geertruida,,,999,0,0,2,15,0,0,0,0,0,0,10,80,,,,0.0,0.18,1.35,0.9,5.77,20,44,44
730,a,100.0,100.0,5.5,148,37.0,-1,1.0,0,0.0,1.4,158,25.0,59,1,3.0,198.0,22.0,8,217,4.8,35.0,5.0,0.9,10.7,0.0,297171,3425,125885,5669,4.3,3.8,2.5,0.22,2.72,17.15,0.22,0.02,0.24,1.49,228.2,213.0,17.0,83.0,262.0,27.0,245.0,83.0,27.0,54.8,197.0,22.0,,,,25,,Brian,Brobbey,Brobbey,,,1034,5,1,4,14,0,0,0,2,0,0,11,45,,,,0.0,0.35,1.22,0.96,3.92,6,10,29
735,i,0.0,0.0,5.5,137,85.0,0,0.0,0,0.0,0.0,638,256.0,28,0,2.8,233.0,97.0,1,114,0.0,785.0,347.0,0.0,5.1,0.0,13446,5,12649,22,0.0,0.0,0.48,0.25,0.73,8.99,0.07,0.04,0.11,1.33,115.6,316.0,142.0,108.1,223.0,141.0,135.0,176.0,99.0,35.9,278.0,136.0,,,,25,,Bertrand,Traoré,Traoré,Knee injury - Expected back 22 Feb,,607,1,1,3,9,0,0,0,1,0,0,9,40,,,,0.0,0.44,1.33,1.33,5.93,11,11,18
774,a,,,4.0,673,168.0,0,0.0,0,0.0,0.0,716,246.0,0,0,0.0,578.0,214.0,0,0,0.0,470.0,186.0,0.0,0.0,0.0,946,19,340,17,-0.5,-1.0,0.0,0.0,0.0,0.0,0.0,0.0,0.0,0.0,0.0,569.0,214.0,0.0,561.0,214.0,0.0,523.0,207.0,0.0,571.0,214.0,,,,25,,Jenson,Jones,Jenson Jones,,,0,0,0,0,0,0,0,0,0,0,0,0,0,,,,0.0,0.0,0.0,0.0,0.0,0,0,0
775,u,0.0,0.0,4.5,495,303.0,0,0.0,0,0.0,0.0,811,361.0,0,0,0.0,737.0,307.0,0,0,0.0,670.0,266.0,0.0,0.0,0.0,160,0,121,1,0.0,0.0,0.0,0.0,0.0,0.0,0.0,0.0,0.0,0.0,0.0,736.0,306.0,0.0,730.0,306.0,0.0,711.0,299.0,0.0,736.0,306.0,,,,25,,Tymur,Tutierov,Tutierov,has joined Exeter City on loan for the rest of the season.,,0,0,0,0,0,0,0,0,0,0,0,0,0,,,,0.0,0.0,0.0,0.0,0.0,0,0,0
800,i,0.0,0.0,5.0,285,177.0,0,0.0,0,0.0,0.0,816,366.0,0,0,0.0,792.0,349.0,0,0,0.0,760.0,331.0,0.0,0.0,0.0,82,2,37,2,0.0,0.0,0.0,0.0,0.0,0.0,0.0,0.0,0.0,0.0,0.0,792.0,349.0,0.0,790.0,349.0,0.0,784.0,347.0,0.0,792.0,349.0,,,,25,,Djiamgone Jocelin Ta,Bi,Jocelin.T,Lack of match fitness - Expected back 22 Feb,,0,0,0,0,0,0,0,0,0,0,0,0,0,,,,0.0,0.0,0.0,0.0,0.0,0,0,0
812,a,,,4.0,699,61.0,0,0.0,0,0.0,0.0,794,90.0,0,0,0.0,601.0,80.0,0,0,0.0,494.0,72.0,0.0,0.0,0.0,195,43,15,6,1.0,0.5,0.0,0.0,0.0,0.0,0.0,0.0,0.0,0.0,0.0,592.0,80.0,0.0,584.0,68.0,0.0,546.0,53.0,0.0,594.0,80.0,,,,25,,Melker,Ellborg,Ellborg,,,0,0,0,0,0,0,0,0,0,0,0,0,0,,,,0.0,0.0,0.0,0.0,0.0,0,0,0
565,a,,,4.8,356,14.0,0,0.0,-2,2.0,6.2,60,9.0,81,3,3.2,153.0,14.0,6,378,1.5,226.0,19.0,0.3,16.9,0.0,1338658,712,1326260,4219,1.5,1.5,0.0,0.02,0.02,34.57,0.0,0.0,0.0,1.38,571.8,21.0,6.0,0.1,482.0,14.0,0.0,736.0,81.0,57.4,186.0,8.0,,,,25,,Guglielmo,Vicario,Vicario,,,2250,0,0,7,35,0,0,0,1,0,68,25,97,,,,2.72,0.28,1.4,1.0,0.0,1,28,206
566,a,,,3.9,750,78.0,0,0.0,-1,1.0,0.3,319,44.0,0,0,0.0,542.0,46.0,0,0,0.0,431.0,37.0,0.0,0.0,0.0,20325,36,23216,58,0.0,0.0,0.0,0.0,0.0,0.0,0.0,0.0,0.0,0.0,0.0,533.0,46.0,0.0,522.0,31.0,0.0,482.0,16.0,0.0,535.0,46.0,,,,25,,Brandon,Austin,Austin,,,0,0,0,0,0,0,0,0,0,0,0,0,0,,,,0.0,0.0,0.0,0.0,0.0,0,0,0
567,a,,,3.9,766,85.0,0,0.0,-1,1.0,1.6,145,19.0,0,0,0.0,552.0,53.0,0,0,0.0,442.0,44.0,0.0,0.0,0.0,123986,113,168403,410,0.0,0.0,0.0,0.0,0.0,0.0,0.0,0.0,0.0,0.0,0.0,543.0,53.0,0.0,532.0,38.0,0.0,492.0,23.0,0.0,545.0,53.0,,,,25,,Antonín,Kinský,Kinsky,,,0,0,0,0,0,0,0,0,0,0,0,0,0,,,,0.0,0.0,0.0,0.0,0.0,0,0,0
568,i,0.0,0.0,5.2,214,29.0,0,0.0,-3,3.0,10.3,36,13.0,79,0,3.4,134.0,47.0,4,344,1.2,249.0,91.0,0.2,15.2,0.0,1465021,36,2884886,18092,0.0,0.0,0.48,2.81,3.29,25.39,0.02,0.14,0.16,1.26,414.6,80.0,34.0,517.6,19.0,1.0,89.0,242.0,66.0,102.3,50.0,7.0,3.0,2.0,,25,,Pedro,Porro Sauceda,Pedro Porro,Hamstring injury - Expected back 22 Feb,,1820,0,3,7,24,0,0,0,5,0,0,21,171,,,,0.0,0.35,1.19,1.04,6.73,43,93,94
569,s,0.0,100.0,5.0,253,38.0,0,0.0,0,0.0,4.2,82,28.0,89,-3,4.2,53.0,20.0,10,288,4.0,63.0,24.0,0.8,17.8,0.0,1015758,2543,1063264,15144,0.0,4.0,1.33,1.2,2.53,25.77,0.07,0.06,0.13,1.36,543.2,30.0,10.0,110.8,217.0,55.0,206.0,105.0,15.0,86.0,86.0,20.0,,,,25,,Cristian,Romero,Romero,Suspended until 15 Mar,,1710,4,1,5,29,0,0,0,8,2,0,20,209,,,,0.0,0.26,1.53,1.05,9.58,53,129,80
570,i,0.0,0.0,4.2,628,143.0,0,0.0,-3,3.0,0.1,433,162.0,27,0,2.1,309.0,115.0,1,111,0.2,354.0,130.0,0.0,6.4,0.0,16860,3,29346,175,0.0,0.0,0.03,0.18,0.21,10.71,0.0,0.02,0.02,1.46,194.2,244.0,99.0,9.1,422.0,152.0,8.0,396.0,146.0,21.2,349.0,120.0,,,,25,,Kevin,Danso,Danso,Toe Injury - Unknown return date,,658,0,0,2,12,0,0,0,4,0,0,8,100,,,,0.0,0.27,1.64,1.09,12.72,13,80,28
571,i,0.0,0.0,4.3,576,125.0,0,0.0,-2,2.0,0.1,533,190.0,10,0,3.3,138.0,48.0,1,29,0.0,544.0,231.0,0.0,2.3,0.0,4365,1,11564,41,0.0,0.0,0.49,0.07,0.56,1.11,0.32,0.05,0.37,0.73,67.4,375.0,142.0,22.2,381.0,136.0,52.0,298.0,94.0,14.2,376.0,133.0,,,,25,,Ben,Davies,Davies,Ankle injury - Unknown return date,,136,1,0,0,3,0,0,0,1,0,0,2,14,,,,0.0,0.0,1.99,1.32,9.26,5,9,5
572,a,100.0,100.0,4.5,450,91.0,0,0.0,0,0.0,0.0,694,240.0,3,0,0.8,501.0,174.0,0,4,0.5,326.0,121.0,0.1,0.7,0.0,1628,52,1190,27,0.5,0.5,0.06,0.0,0.06,3.56,0.04,0.0,0.04,2.08,17.4,442.0,165.0,0.8,463.0,170.0,6.0,412.0,155.0,2.4,457.0,166.0,,,,25,,Radu,Drăgușin,Dragusin,,,154,0,0,0,4,0,0,0,0,0,0,1,11,,,,0.0,0.0,2.34,0.58,6.43,2,9,3
573,d,75.0,75.0,4.3,585,131.0,0,0.0,-2,2.0,1.0,187,72.0,55,0,2.8,218.0,82.0,1,224,0.5,319.0,118.0,0.1,12.8,0.0,294624,26,343502,1549,0.4,0.4,0.82,1.37,2.19,23.6,0.05,0.08,0.13,1.41,216.2,224.0,89.0,171.0,159.0,40.0,147.0,160.0,33.0,53.3,201.0,66.0,,,,25,,Djed,Spence,Spence,Calf injury - 75% chance of playing,,1506,0,0,7,21,0,0,0,3,0,0,17,102,,,,0.0,0.42,1.25,1.02,4.66,27,51,87
574,d,75.0,100.0,4.3,593,137.0,0,0.0,-2,2.0,0.3,304,113.0,15,0,1.2,431.0,155.0,0,62,0.5,320.0,119.0,0.1,3.5,0.0,50251,240,109911,154,0.4,0.5,0.16,0.51,0.67,14.0,0.02,0.06,0.08,1.59,144.0,287.0,113.0,122.4,206.0,52.0,82.0,250.0,71.0,34.9,285.0,96.0,,,,25,,Destiny,Udogie,Udogie,Hamstring injury - 75% chance of playing,,794,0,1,0,17,0,0,0,2,0,0,8,61,,,,0.0,0.0,1.93,0.91,4.53,19,21,47
575,a,100.0,100.0,4.5,448,90.0,0,0.0,0,0.0,24.5,14,4.0,97,1,4.2,52.0,19.0,10,353,2.0,183.0,69.0,0.4,21.6,0.0,3396920,6434,3608800,19004,2.0,2.0,2.62,0.33,2.95,30.45,0.11,0.01,0.12,1.33,519.8,39.0,16.0,76.4,272.0,85.0,198.0,110.0,17.0,79.4,101.0,31.0,,,,25,,Micky,van de Ven,Van de Ven,,,2059,4,1,7,31,0,0,0,6,0,0,23,186,,,,0.0,0.31,1.36,1.01,6.56,26,124,80
576,u,0.0,0.0,4.0,707,186.0,0,0.0,0,0.0,0.0,721,248.0,0,0,0.0,606.0,226.0,0,0,0.0,500.0,200.0,0.0,0.0,0.0,0,0,1978,1,0.0,0.0,0.0,0.0,0.0,0.0,0.0,0.0,0.0,0.0,0.0,597.0,226.0,0.0,589.0,226.0,0.0,552.0,220.0,0.0,599.0,226.0,,,,25,,Ashley,Phillips,Phillips,Has joined Stoke City on loan for the rest of the season.,,0,0,0,0,0,0,0,0,0,0,0,0,0,,,,0.0,0.0,0.0,0.0,0.0,0,0,0
577,u,0.0,0.0,4.0,709,187.0,0,0.0,0,0.0,0.0,597,214.0,0,0,0.0,608.0,227.0,0,0,0.0,502.0,201.0,0.0,0.0,0.0,1005,0,8907,7,0.0,0.0,0.0,0.0,0.0,0.0,0.0,0.0,0.0,0.0,0.0,599.0,227.0,0.0,591.0,227.0,0.0,554.0,221.0,0.0,601.0,227.0,,,,25,,Takai,Kōta,Takai,has joined Borussia Mönchengladbach on loan for the rest of the season.,,0,0,0,0,0,0,0,0,0,0,0,0,0,,,,0.0,0.0,0.0,0.0,0.0,0,0,0
578,u,0.0,0.0,3.9,781,231.0,0,0.0,-1,1.0,0.3,306,115.0,0,0,0.0,566.0,208.0,0,0,0.0,457.0,180.0,0.0,0.0,0.0,7334,0,91201,56,0.0,0.0,0.0,0.0,0.0,0.0,0.0,0.0,0.0,0.0,0.0,557.0,208.0,0.0,546.0,208.0,0.0,507.0,200.0,0.0,559.0,208.0,,,,25,,Luka,Vušković,Vuskovic,has joined Hamburger SV on loan for the rest of the season.,,0,0,0,0,0,0,0,0,0,0,0,0,0,,,,0.0,0.0,0.0,0.0,0.0,0,0,0
582,i,0.0,0.0,6.4,60,38.0,0,0.0,-1,1.0,10.0,40,14.0,75,0,3.9,84.0,39.0,7,257,0.0,806.0,361.0,0.0,11.7,0.0,3263079,17,5144753,6199,0.0,0.0,1.92,2.41,4.33,22.74,0.11,0.14,0.25,1.33,333.4,124.0,42.0,413.8,35.0,33.0,302.0,61.0,37.0,104.7,45.0,33.0,2.0,1.0,,25,,Mohammed,Kudus,Kudus,Thigh injury - Expected back 11 Apr,,1535,2,6,7,20,0,0,0,3,0,0,19,133,,,,0.0,0.41,1.17,1.11,7.8,29,9,95
583,i,0.0,0.0,6.4,58,37.0,0,0.0,-1,1.0,0.0,711,298.0,0,0,0.0,811.0,363.0,0,0,0.0,805.0,360.0,0.0,0.0,0.0,899,9,1993,8,0.0,0.0,0.0,0.0,0.0,0.0,0.0,0.0,0.0,0.0,0.0,811.0,363.0,0.0,811.0,363.0,0.0,811.0,363.0,0.0,811.0,363.0,,,,25,,Dejan,Kulusevski,Kulusevski,Knee injury - Unknown return date,,0,0,0,0,0,0,0,0,0,0,0,0,0,,,,0.0,0.0,0.0,0.0,0.0,0,0,0
584,a,,,6.2,79,52.0,0,0.0,-3,3.0,0.1,417,143.0,47,1,2.6,256.0,110.0,5,150,1.2,254.0,107.0,0.2,7.6,0.0,38928,79,42360,319,1.2,1.2,1.12,0.54,1.65,8.28,0.18,0.09,0.27,1.32,145.2,284.0,126.0,116.1,212.0,138.0,167.0,137.0,79.0,43.1,247.0,121.0,4.0,,4.0,25,,Mathys,Tel,Tel,,,566,3,1,1,10,0,0,0,0,0,0,6,50,,,,0.0,0.16,1.59,0.95,7.95,10,5,35
585,i,0.0,0.0,5.3,191,118.0,0,0.0,-2,2.0,0.2,387,128.0,64,0,3.2,158.0,71.0,3,269,0.0,770.0,337.0,0.0,12.1,0.0,56849,3,64871,154,0.0,0.0,0.45,0.68,1.13,20.56,0.03,0.04,0.07,1.32,268.6,181.0,73.0,159.7,170.0,116.0,85.0,247.0,133.0,51.6,212.0,108.0,,,,25,,Rodrigo,Bentancur,Bentancur,Hamstring injury - Unknown return date,,1407,1,1,5,21,0,0,0,5,0,0,17,207,,,,0.0,0.32,1.34,1.09,13.24,37,69,101
586,i,0.0,0.0,5.2,220,136.0,0,0.0,-3,3.0,0.2,380,126.0,39,0,2.3,291.0,124.0,0,139,0.2,383.0,173.0,0.0,7.5,0.0,102291,5,110189,106,0.0,0.0,0.96,0.39,1.35,10.21,0.11,0.04,0.15,1.15,137.4,295.0,131.0,81.4,263.0,156.0,133.0,179.0,101.0,35.3,282.0,137.0,,,,25,,Lucas,Bergvall,Bergvall,Ankle injury - Unknown return date,,799,1,2,3,13,0,0,0,2,0,0,10,68,,,,0.0,0.34,1.46,1.13,7.66,20,14,34
587,a,100.0,100.0,5.2,211,130.0,0,0.0,-3,3.0,0.0,598,227.0,7,1,1.8,361.0,161.0,0,47,1.8,213.0,90.0,0.3,1.3,0.0,2253,55,14029,34,1.8,1.8,0.28,0.07,0.35,4.43,0.13,0.03,0.16,2.0,37.6,410.0,182.0,10.8,407.0,202.0,21.0,367.0,188.0,6.8,424.0,192.0,,,,25,,Yves,Bissouma,Bissouma,,,199,0,0,0,6,0,0,0,1,0,0,2,30,,,,0.0,0.0,2.71,0.9,13.57,9,11,10
588,a,100.0,100.0,5.3,206,128.0,0,0.0,-2,2.0,0.1,517,186.0,45,1,2.0,332.0,147.0,6,172,3.0,111.0,45.0,0.6,8.5,0.0,15563,100,12674,187,3.0,3.0,1.92,1.17,3.09,12.82,0.18,0.11,0.29,1.23,157.2,279.0,121.0,273.5,86.0,63.0,232.0,89.0,56.0,66.2,144.0,79.0,,,,25,,Wilson,Odobert,Odobert,,,938,0,2,2,13,0,0,0,0,0,0,9,76,,,,0.0,0.19,1.25,0.86,7.29,10,14,52
589,u,0.0,0.0,5.4,170,104.0,0,0.0,-1,1.0,0.0,751,319.0,0,0,0.0,797.0,352.0,0,0,0.0,778.0,341.0,0.0,0.0,0.0,115,0,1471,2,0.0,0.0,0.0,0.0,0.0,0.0,0.0,0.0,0.0,0.0,0.0,797.0,352.0,0.0,796.0,352.0,0.0,792.0,351.0,0.0,797.0,352.0,,,,25,,Manor,Solomon,Solomon,has joined Fiorentina on loan for the rest of the season.,,0,0,0,0,0,0,0,0,0,0,0,0,0,,,,0.0,0.0,0.0,0.0,0.0,0,0,0
590,u,0.0,0.0,4.9,327,202.0,0,0.0,-1,1.0,0.0,651,264.0,0,0,0.0,768.0,331.0,0,0,0.0,724.0,304.0,0.0,0.0,0.0,675,0,4461,1,0.0,0.0,0.0,0.0,0.0,0.0,0.0,0.0,0.0,0.0,0.0,768.0,331.0,0.0,764.0,331.0,0.0,754.0,327.0,0.0,768.0,331.0,,,,25,,Bryan,Gil Salvatierra,Bryan,has joined Girona permanently.,,0,0,0,0,0,0,0,0,0,0,0,0,0,,,,0.0,0.0,0.0,0.0,0.0,0,0,0
591,a,100.0,100.0,4.8,374,234.0,0,0.0,-2,2.0,0.1,437,148.0,32,2,2.1,313.0,136.0,3,123,1.2,245.0,102.0,0.3,6.7,0.0,15592,102,21422,99,1.2,1.2,0.68,0.16,0.84,11.96,0.07,0.02,0.09,1.29,120.8,309.0,140.0,60.5,304.0,171.0,84.0,248.0,134.0,26.5,328.0,157.0,,,,25,,Archie,Gray,Gray,,,837,1,0,5,12,0,0,0,4,0,0,11,81,,,,0.0,0.54,1.29,1.18,8.71,8,40,33
592,u,0.0,0.0,5.0,271,165.0,0,0.0,0,0.0,0.0,780,339.0,0,0,0.0,785.0,344.0,0,0,0.0,752.0,325.0,0.0,0.0,0.0,0,0,680,0,0.0,0.0,0.0,0.0,0.0,0.0,0.0,0.0,0.0,0.0,0.0,785.0,344.0,0.0,783.0,344.0,0.0,776.0,341.0,0.0,785.0,344.0,,,,25,,Mikey,Moore,Moore,Has joined Rangers on loan for the rest of the season.,,0,0,0,0,0,0,0,0,0,0,0,0,0,,,,0.0,0.0,0.0,0.0,0.0,0,0,0
593,a,100.0,100.0,4.5,443,265.0,0,0.0,-5,5.0,0.8,200,69.0,45,2,2.8,221.0,93.0,0,181,0.8,277.0,115.0,0.2,10.0,0.0,336494,1552,558244,338,0.8,0.8,1.08,0.54,1.62,15.68,0.12,0.06,0.18,1.68,189.0,252.0,106.0,90.5,247.0,152.0,100.0,224.0,123.0,38.1,269.0,133.0,,,,25,,Pape Matar,Sarr,P.M.Sarr,,,838,2,2,3,9,0,0,0,0,0,0,8,101,,,,0.0,0.32,0.97,0.86,10.85,16,40,45
594,u,0.0,0.0,4.5,505,312.0,0,0.0,0,0.0,0.0,724,305.0,0,0,0.0,744.0,314.0,0,0,0.0,678.0,274.0,0.0,0.0,0.0,0,0,2812,1,0.0,0.0,0.0,0.0,0.0,0.0,0.0,0.0,0.0,0.0,0.0,744.0,314.0,0.0,738.0,314.0,0.0,719.0,307.0,0.0,744.0,314.0,,,,25,,Yang,Min-hyeok,Min-hyeok,has joined Coventry City on loan for the rest of the season.,,0,0,0,0,0,0,0,0,0,0,0,0,0,,,,0.0,0.0,0.0,0.0,0.0,0,0,0
596,a,100.0,100.0,7.2,29,12.0,0,0.0,-3,3.0,1.3,168,29.0,19,2,3.2,161.0,17.0,3,80,4.2,53.0,6.0,0.6,2.6,0.0,100151,3798,464688,1689,4.2,4.2,0.93,0.16,1.09,5.99,0.26,0.05,0.31,1.7,94.2,336.0,35.0,37.4,351.0,43.0,122.0,201.0,43.0,25.3,332.0,39.0,,,2.0,25,,Dominic,Solanke-Mitchell,Solanke,,,317,2,0,0,6,0,0,0,1,0,0,3,19,,,,0.0,0.0,1.7,0.85,5.39,8,6,5
597,i,0.0,0.0,6.3,66,21.0,0,0.0,-2,2.0,5.6,67,13.0,75,0,3.6,116.0,12.0,9,336,0.0,803.0,85.0,0.0,11.9,0.0,2945920,25,3010351,4372,0.0,0.0,4.8,1.22,6.02,17.99,0.34,0.09,0.43,1.27,381.8,97.0,8.0,159.3,172.0,14.0,464.0,23.0,13.0,100.4,55.0,11.0,,,3.0,25,,Richarlison,de Andrade,Richarlison,Hamstring injury - Expected back 01 Mar,,1276,7,3,5,19,0,0,0,4,0,0,13,98,,,,0.0,0.35,1.34,0.92,6.91,15,46,37
598,u,0.0,0.0,4.5,470,67.0,0,0.0,0,0.0,0.0,664,83.0,0,0,0.0,717.0,76.0,0,0,0.0,646.0,65.0,0.0,0.0,0.0,0,0,5083,1,0.0,0.0,0.0,0.0,0.0,0.0,0.0,0.0,0.0,0.0,0.0,714.0,76.0,0.0,709.0,75.0,0.0,688.0,75.0,0.0,715.0,76.0,,,,25,,Will,Lankshear,Lankshear,has joined Oxford United on loan for the rest of the season.,,0,0,0,0,0,0,0,0,0,0,0,0,0,,,,0.0,0.0,0.0,0.0,0.0,0,0,0
599,u,0.0,0.0,4.3,595,83.0,0,0.0,-2,2.0,0.6,243,38.0,2,0,1.0,452.0,57.0,0,5,0.2,360.0,46.0,0.0,0.5,0.0,60820,0,104550,531,0.0,0.0,0.0,0.01,0.01,0.03,0.0,0.13,0.13,0.39,1.0,490.0,60.0,4.1,439.0,58.0,2.0,433.0,60.0,0.7,478.0,60.0,,,,25,,Dane,Scarlett,Scarlett,has joined Hibernian on loan for the rest of the season.,,7,0,0,0,0,0,0,0,0,0,0,0,1,,,,0.0,0.0,0.0,0.0,12.86,0,0,1
673,a,100.0,100.0,5.5,138,86.0,0,0.0,0,0.0,0.9,198,67.0,83,1,3.8,96.0,44.0,11,345,1.2,251.0,105.0,0.2,15.1,0.0,364374,373,347424,774,1.2,1.2,1.11,0.5,1.61,22.47,0.07,0.03,0.1,1.38,423.8,73.0,23.0,87.3,253.0,153.0,147.0,162.0,92.0,66.0,148.0,82.0,,,,25,,João Maria,Lobo Alves Palhares Costa Palhinha Gonçalves,J.Palhinha,,,1468,3,3,4,23,0,0,0,6,0,0,16,199,,,,0.0,0.25,1.41,0.98,12.2,83,58,58
717,a,100.0,100.0,6.5,54,35.0,0,0.0,-5,5.0,1.2,178,61.0,58,2,3.1,182.0,81.0,5,253,3.5,85.0,37.0,0.5,8.9,0.0,790896,1592,708315,1372,3.5,3.5,1.91,3.01,4.92,21.66,0.13,0.21,0.34,1.52,250.2,196.0,82.0,344.6,52.0,43.0,181.0,125.0,72.0,77.7,109.0,59.0,5.0,,,25,,Xavi,Simons,Xavi,,,1280,1,4,3,25,0,0,0,3,1,0,14,115,,,,0.0,0.21,1.76,0.98,8.09,27,18,70
726,a,100.0,100.0,6.9,42,17.0,0,0.0,-1,1.0,0.3,294,46.0,27,1,1.6,393.0,48.0,0,71,1.2,256.0,36.0,0.2,3.9,0.0,116873,233,106531,492,1.2,1.2,1.29,0.95,2.24,15.87,0.12,0.09,0.21,1.43,75.8,361.0,37.0,159.6,171.0,13.0,161.0,146.0,36.0,39.0,265.0,30.0,,,,25,,Randal,Kolo Muani,Kolo Muani,,,999,0,0,3,19,0,0,0,2,0,0,12,64,,,,0.0,0.27,1.71,1.08,5.77,17,11,36
745,a,,,4.0,730,207.0,0,0.0,0,0.0,0.0,632,222.0,1,0,1.0,448.0,166.0,0,3,0.2,353.0,129.0,0.0,0.2,0.0,1713,32,1581,17,0.2,0.2,0.0,0.0,0.0,0.0,0.0,0.0,0.0,0.0,0.4,495.0,177.0,0.5,465.0,171.0,0.0,572.0,238.0,0.1,499.0,178.0,,,,25,,Jun'ai,Byfield,Byfield,,,1,0,0,0,0,0,0,0,0,0,0,0,0,,,,0.0,0.0,0.0,0.0,0.0,0,0,0
750,a,,,4.0,694,178.0,0,0.0,0,0.0,0.0,655,229.0,0,0,0.0,596.0,221.0,0,0,0.0,489.0,194.0,0.0,0.0,0.0,1404,25,1180,16,0.0,0.0,0.0,0.0,0.0,0.0,0.0,0.0,0.0,0.0,0.0,587.0,221.0,0.0,579.0,221.0,0.0,541.0,214.0,0.0,589.0,221.0,,,,25,,James,Rowswell,Rowswell,,,0,0,0,0,0,0,0,0,0,0,0,0,0,,,,0.0,0.0,0.0,0.0,0.0,0,0,0
751,u,0.0,0.0,4.5,489,299.0,0,0.0,0,0.0,0.0,764,329.0,0,0,0.0,731.0,303.0,0,0,0.0,664.0,262.0,0.0,0.0,0.0,675,0,551,6,0.0,0.0,0.0,0.0,0.0,0.0,0.0,0.0,0.0,0.0,0.0,730.0,302.0,0.0,724.0,302.0,0.0,705.0,295.0,0.0,730.0,302.0,,,,25,,Yusuf,Akhamrich,Akhamrich,has joined Bristol Rovers on loan for the rest of the season.,,0,0,0,0,0,0,0,0,0,0,0,0,0,,,,0.0,0.0,0.0,0.0,0.0,0,0,0
790,a,,,4.5,502,309.0,0,0.0,0,0.0,0.0,777,337.0,0,0,0.0,741.0,311.0,0,0,0.0,675.0,271.0,0.0,0.0,0.0,364,30,147,12,0.0,0.0,0.0,0.0,0.0,0.0,0.0,0.0,0.0,0.0,0.0,741.0,311.0,0.0,735.0,311.0,0.0,716.0,304.0,0.0,741.0,311.0,,,,25,,Lucá,Williams-Barnett,Williams-Barnett,,,0,0,0,0,0,0,0,0,0,0,0,0,0,,,,0.0,0.0,0.0,0.0,0.0,0,0,0
796,a,,,5.4,169,103.0,0,0.0,-1,1.0,0.2,404,135.0,13,2,3.2,160.0,73.0,0,69,3.2,95.0,41.0,0.6,2.4,0.0,30005,712,9829,475,3.2,3.2,0.56,0.43,0.99,7.29,0.15,0.11,0.26,1.91,68.6,373.0,167.0,71.3,283.0,162.0,80.0,253.0,136.0,22.0,347.0,166.0,,,,25,,Conor,Gallagher,Gallagher,,,343,0,1,0,7,0,0,0,0,0,0,4,40,,,,0.0,0.0,1.84,1.05,10.5,6,12,22
804,a,,,4.0,727,204.0,0,0.0,0,0.0,0.0,746,255.0,1,1,1.0,447.0,165.0,0,1,0.5,315.0,114.0,0.1,0.2,0.0,751,138,136,20,0.5,0.5,0.0,0.0,0.0,1.03,0.0,0.0,0.0,2.65,6.0,462.0,169.0,10.3,410.0,149.0,0.0,569.0,235.0,1.6,467.0,168.0,,,,25,,João Victor,de Souza Menezes,Souza,,,35,0,0,0,1,0,0,0,0,0,0,0,2,,,,0.0,0.0,2.57,0.0,5.14,0,2,2
811,a,,,4.5,463,279.0,0,0.0,0,0.0,0.0,814,364.0,0,0,0.0,713.0,290.0,0,0,0.0,641.0,244.0,0.0,0.0,0.0,55,16,4,3,0.0,0.0,0.0,0.0,0.0,0.0,0.0,0.0,0.0,0.0,0.0,709.0,286.0,0.0,705.0,288.0,0.0,683.0,278.0,0.0,710.0,287.0,,,,25,,Rio,Kyerematen,Kyerematen,,,0,0,0,0,0,0,0,0,0,0,0,0,0,,,,0.0,0.0,0.0,0.0,0.0,0,0,0
326,a,,,5.1,226,139.0,0,0.0,-4,4.0,0.2,411,140.0,18,1,1.1,435.0,194.0,0,60,0.2,378.0,168.0,0.0,3.5,0.0,14139,250,34308,160,0.2,0.2,0.19,0.55,0.74,5.69,0.06,0.18,0.24,1.89,20.6,435.0,192.0,62.2,296.0,167.0,57.0,291.0,155.0,13.6,378.0,177.0,,,,25,,Adama,Traoré Diarra,Adama,,,271,0,0,0,8,0,0,0,1,0,0,1,14,,,,0.0,0.0,2.66,0.33,4.65,1,1,12
600,a,,,4.3,571,27.0,0,0.0,-2,2.0,2.2,122,16.0,51,0,2.5,263.0,22.0,2,220,1.8,201.0,16.0,0.4,11.9,0.0,171036,810,416911,1630,1.8,1.8,0.0,0.0,0.0,35.3,0.0,0.0,0.0,1.76,570.4,22.0,7.0,10.0,413.0,6.0,0.0,591.0,66.0,57.9,183.0,7.0,,,,25,,Alphonse,Areola,Areola,,,1800,0,1,0,37,0,0,0,0,0,77,20,55,,,,3.85,0.0,1.85,1.0,0.0,0,30,142
601,u,0.0,0.0,4.0,660,42.0,0,0.0,0,0.0,0.2,348,50.0,0,0,0.0,569.0,63.0,0,0,0.0,460.0,54.0,0.0,0.0,0.0,3874,0,41887,42,0.0,0.0,0.0,0.0,0.0,0.0,0.0,0.0,0.0,0.0,0.0,560.0,63.0,0.0,550.0,49.0,0.0,511.0,34.0,0.0,562.0,63.0,,,,25,,Wes,Foderingham,Foderingham,has joined Aris Limassol permanently.,,0,0,0,0,0,0,0,0,0,0,0,0,0,,,,0.0,0.0,0.0,0.0,0.0,0,0,0
602,u,0.0,0.0,3.9,765,84.0,0,0.0,-1,1.0,0.2,358,52.0,0,0,0.0,551.0,52.0,0,0,0.0,441.0,43.0,0.0,0.0,0.0,11331,0,18293,96,0.0,0.0,0.0,0.0,0.0,0.0,0.0,0.0,0.0,0.0,0.0,542.0,52.0,0.0,531.0,37.0,0.0,491.0,22.0,0.0,544.0,52.0,,,,25,,Krisztián,Hegyi,Hegyi,has joined MTK Budapest on loan for the rest of the season.,,0,0,0,0,0,0,0,0,0,0,0,0,0,,,,0.0,0.0,0.0,0.0,0.0,0,0,0
603,a,100.0,100.0,4.0,725,202.0,0,0.0,-5,5.0,1.4,162,62.0,56,10,2.9,203.0,79.0,3,160,3.0,103.0,36.0,0.8,14.0,0.0,240430,2038,874139,374,3.0,3.0,0.39,1.01,1.4,27.23,0.02,0.06,0.08,1.57,324.8,133.0,60.0,199.0,134.0,34.0,64.0,278.0,82.0,58.9,179.0,59.0,,,,25,,El Hadji Malick,Diouf,Diouf,,,1565,0,5,3,32,0,0,0,4,0,0,17,164,,,,0.0,0.17,1.84,0.98,7.42,24,105,59
604,u,0.0,0.0,4.4,522,102.0,0,0.0,-1,1.0,0.1,578,207.0,0,0,0.0,659.0,249.0,0,0,0.0,575.0,233.0,0.0,0.0,0.0,1719,0,20705,11,0.0,0.0,0.0,0.0,0.0,0.0,0.0,0.0,0.0,0.0,0.0,650.0,249.0,0.0,646.0,249.0,0.0,618.0,247.0,0.0,652.0,249.0,,,,25,,Emerson,Palmieri dos Santos,Emerson,has joined Marseille permanently.,,0,0,0,0,0,0,0,0,0,0,0,0,0,,,,0.0,0.0,0.0,0.0,0.0,0,0,0
605,a,,,4.2,632,146.0,0,0.0,-3,3.0,0.2,409,150.0,36,0,1.7,365.0,133.0,0,80,0.5,317.0,116.0,0.1,8.6,0.0,29570,33,47936,95,0.5,0.5,0.56,0.25,0.81,33.28,0.03,0.01,0.04,1.92,392.4,89.0,40.0,55.8,312.0,106.0,60.0,285.0,85.0,50.9,214.0,70.0,,,,25,,Maximilian,Kilman,Kilman,,,1559,0,0,1,37,0,0,0,4,0,0,17,191,,,,0.0,0.06,2.14,0.98,9.24,16,144,43
606,a,100.0,100.0,4.4,534,113.0,0,0.0,-1,1.0,0.1,500,179.0,51,8,2.8,220.0,84.0,0,150,4.2,44.0,17.0,1.0,11.6,0.0,16098,117,15197,89,4.2,4.2,1.01,0.32,1.33,24.66,0.06,0.02,0.08,1.53,369.4,105.0,46.0,12.3,400.0,146.0,135.0,175.0,39.0,51.7,210.0,67.0,,,,25,,Konstantinos,Mavropanos,Mavropanos,,,1451,0,0,2,27,1,0,0,2,0,0,15,198,,,,0.0,0.12,1.67,0.93,11.04,20,158,57
607,u,0.0,0.0,4.4,527,107.0,0,0.0,-1,1.0,0.0,605,215.0,3,0,1.5,399.0,145.0,0,-1,0.0,578.0,236.0,0.0,0.7,0.0,1288,0,12281,2,0.0,0.0,0.1,0.03,0.13,3.42,0.05,0.02,0.07,1.71,39.0,406.0,153.0,3.9,441.0,160.0,8.0,398.0,148.0,5.1,434.0,155.0,,,,25,,Nayef,Aguerd,N.Aguerd,has joined Marseille permanently.,,180,0,0,0,8,0,0,0,0,0,0,2,23,,,,0.0,0.0,4.0,1.0,7.5,1,14,8
608,a,100.0,100.0,4.3,606,140.0,0,0.0,-2,2.0,0.0,612,219.0,20,1,1.8,351.0,129.0,0,83,2.0,179.0,65.0,0.5,4.7,0.0,4708,24,6182,33,2.0,2.0,0.18,0.31,0.49,13.0,0.03,0.04,0.07,1.82,134.6,298.0,115.0,60.6,303.0,101.0,22.0,359.0,121.0,21.7,348.0,119.0,,,,25,,Ollie,Scarles,Scarles,,,644,0,1,0,15,0,0,0,1,0,0,9,72,,,,0.0,0.0,2.1,1.26,9.92,29,42,34
609,s,0.0,0.0,4.3,588,134.0,0,0.0,-2,2.0,0.1,476,171.0,31,0,1.7,366.0,134.0,0,112,1.5,221.0,82.0,0.3,7.2,0.0,11183,3,18733,109,0.0,0.0,0.25,0.29,0.54,28.74,0.01,0.02,0.03,1.7,333.0,125.0,55.0,64.5,291.0,95.0,22.0,358.0,120.0,42.0,253.0,85.0,,,,25,,Jean-Clair,Todibo,Todibo,Suspended until 21 Feb,,1521,0,1,0,33,0,0,0,4,1,0,18,152,,,,0.0,0.0,1.95,1.07,8.17,33,105,76
610,a,100.0,100.0,4.1,655,160.0,0,0.0,-4,4.0,4.3,79,26.0,46,8,2.9,204.0,80.0,0,142,5.2,23.0,7.0,1.3,11.2,0.0,190167,4279,2267714,1217,5.2,5.2,0.0,0.77,0.77,25.41,0.0,0.05,0.05,1.67,328.4,131.0,59.0,253.5,97.0,22.0,24.0,352.0,117.0,60.8,166.0,55.0,,,,25,,Aaron,Wan-Bissaka,Wan-Bissaka,,,1371,0,3,1,30,0,0,0,2,0,0,15,139,,,,0.0,0.07,1.97,0.98,8.21,24,101,41
611,u,0.0,0.0,4.0,704,183.0,0,0.0,0,0.0,0.1,543,195.0,0,0,0.0,604.0,224.0,0,0,0.0,497.0,197.0,0.0,0.0,0.0,0,0,13050,24,0.0,0.0,0.0,0.0,0.0,0.0,0.0,0.0,0.0,0.0,0.0,595.0,224.0,0.0,587.0,224.0,0.0,549.0,217.0,0.0,597.0,224.0,,,,25,,Kaelan,Casey,Casey,has joined Leyton Orient on loan for the rest of the season.,,0,0,0,0,0,0,0,0,0,0,0,0,0,,,,0.0,0.0,0.0,0.0,0.0,0,0,0
612,u,0.0,0.0,5.9,97,62.0,0,0.0,-1,1.0,1.2,175,58.0,69,0,3.8,98.0,46.0,8,291,0.0,796.0,355.0,0.0,11.7,0.0,897173,0,959374,1627,0.0,0.0,2.85,2.0,4.85,24.22,0.17,0.12,0.29,1.44,374.6,100.0,32.0,397.2,40.0,37.0,186.0,120.0,70.0,95.7,65.0,41.0,,,,25,,Lucas,Tolentino Coelho de Lima,L.Paquetá,has joined Flamengo permanently.,,1513,4,2,3,33,0,0,0,5,1,0,18,146,,,,0.0,0.18,1.96,1.07,8.68,40,30,76
613,a,100.0,100.0,5.7,116,73.0,0,0.0,-3,3.0,0.2,340,113.0,52,3,2.4,285.0,123.0,4,210,2.5,148.0,61.0,0.4,9.1,0.0,30929,105,104297,153,2.5,2.5,2.72,0.35,3.07,22.68,0.23,0.03,0.26,1.9,254.2,193.0,80.0,105.4,229.0,144.0,239.0,85.0,52.0,59.9,174.0,93.0,,,,25,,Tomáš,Souček,Souček,,,1076,2,2,2,27,0,0,0,1,1,0,11,117,,,,0.0,0.17,2.26,0.92,9.79,19,64,34
615,a,100.0,100.0,5.6,132,82.0,1,-1.0,1,-1.0,1.6,147,48.0,76,13,3.8,97.0,45.0,7,269,9.5,1.0,1.0,1.7,13.6,0.0,246956,23743,46256,2691,9.5,9.5,3.39,1.01,4.4,24.42,0.2,0.06,0.26,1.47,284.4,171.0,67.0,251.1,100.0,72.0,351.0,46.0,27.0,88.7,78.0,47.0,2.0,,,25,,Crysencio,Summerville,Summerville,,,1497,4,3,2,29,0,0,0,3,0,0,18,127,,,,0.0,0.12,1.74,1.08,7.64,24,33,70
616,u,0.0,0.0,4.9,311,194.0,0,0.0,-1,1.0,0.0,593,224.0,0,0,0.0,764.0,327.0,0,0,0.0,718.0,299.0,0.0,0.0,0.0,1147,0,16047,6,0.0,0.0,0.0,0.0,0.0,0.0,0.0,0.0,0.0,0.0,0.0,764.0,327.0,0.0,760.0,327.0,0.0,749.0,323.0,0.0,764.0,327.0,,,,25,,Edson,Álvarez Velázquez,Álvarez,Has joined Fenerbahçe on loan for the rest of the season.,,0,0,0,0,0,0,0,0,0,0,0,0,0,,,,0.0,0.0,0.0,0.0,0.0,0,0,0
618,u,0.0,0.0,4.8,357,223.0,0,0.0,-2,2.0,0.0,600,229.0,8,0,1.3,419.0,187.0,0,30,0.2,371.0,163.0,0.0,1.7,0.0,2295,0,5862,25,0.0,0.0,0.03,0.04,0.07,2.59,0.02,0.02,0.04,1.33,9.8,452.0,201.0,6.0,433.0,211.0,2.0,439.0,215.0,1.7,465.0,210.0,,,,25,,Guido,Rodríguez,G.Rodriguez,has joined Valencia on loan for the rest of the season.,,175,0,0,1,2,0,0,0,1,0,0,2,15,,,,0.0,0.51,1.03,1.03,7.71,1,4,10
619,u,0.0,0.0,4.9,346,214.0,0,0.0,-1,1.0,0.0,672,276.0,5,0,1.0,485.0,224.0,0,11,0.0,735.0,311.0,0.0,1.0,0.0,868,0,3338,3,0.0,0.0,0.07,0.03,0.1,1.82,0.05,0.02,0.07,1.35,9.2,454.0,203.0,14.5,392.0,196.0,4.0,423.0,208.0,2.5,456.0,205.0,,,,25,,Luis Guilherme,Lira dos Santos,L.Guilherme,has joined Sporting CP permanently.,,121,0,0,0,2,0,0,0,0,0,0,1,11,,,,0.0,0.0,1.49,0.74,8.18,1,2,8
620,u,0.0,0.0,4.5,447,267.0,0,0.0,0,0.0,0.0,599,228.0,1,0,1.0,466.0,208.0,0,3,0.0,630.0,234.0,0.0,0.2,0.0,3770,0,9268,22,0.0,0.0,0.0,0.01,0.01,0.73,0.0,0.11,0.11,8.21,0.0,699.0,276.0,1.5,451.0,217.0,2.0,437.0,213.0,0.4,486.0,222.0,,,,25,,George,Earthy,Earthy,has joined Bristol City on loan for the rest of the season.,,8,0,0,0,1,0,0,0,0,0,0,0,0,,,,0.0,0.0,11.25,0.0,0.0,0,0,0
621,u,0.0,0.0,4.3,583,344.0,0,0.0,-2,2.0,0.2,346,115.0,9,0,1.3,416.0,184.0,0,49,0.0,546.0,180.0,0.0,2.1,0.0,43311,0,52629,181,0.0,0.0,0.0,0.17,0.17,4.03,0.0,0.1,0.1,2.32,31.6,417.0,185.0,52.3,318.0,177.0,2.0,432.0,211.0,8.6,411.0,186.0,3.0,,,25,,Andy,Irving,Irving,has joined Sparta Prague permanently.,,156,0,0,0,4,0,0,0,0,0,0,2,22,,,,0.0,0.0,2.31,1.15,12.69,6,2,14
622,u,0.0,0.0,4.4,549,329.0,0,0.0,-1,1.0,0.1,576,215.0,0,0,0.0,670.0,259.0,0,0,0.0,589.0,208.0,0.0,0.0,0.0,1052,0,11838,9,0.0,0.0,0.0,0.0,0.0,0.0,0.0,0.0,0.0,0.0,0.0,662.0,251.0,0.0,658.0,256.0,0.0,630.0,242.0,0.0,664.0,253.0,,,,25,,Lewis,Orford,Orford,has joined Stevenage on loan for the rest of the season.,,0,0,0,0,0,0,0,0,0,0,0,0,0,,,,0.0,0.0,0.0,0.0,0.0,0,0,0
623,a,100.0,100.0,4.4,545,325.0,0,0.0,-1,1.0,0.7,219,76.0,31,1,1.7,368.0,162.0,0,196,0.5,323.0,140.0,0.1,7.0,0.0,139249,363,143646,596,0.5,0.5,0.21,1.04,1.25,19.57,0.02,0.09,0.11,1.74,169.8,264.0,113.0,127.3,202.0,134.0,37.0,319.0,167.0,33.4,291.0,143.0,1.0,,,25,,Freddie,Potts,Potts,,,1015,0,1,0,23,0,0,0,1,0,0,10,103,,,,0.0,0.0,2.04,0.89,9.13,25,41,37
624,a,,,7.7,19,6.0,0,0.0,-3,3.0,9.6,42,7.0,115,2,4.6,37.0,6.0,21,453,6.2,9.0,2.0,0.8,14.9,0.0,2183227,7378,2828967,29102,6.2,6.2,5.73,1.94,7.67,41.22,0.23,0.08,0.31,1.66,534.6,33.0,3.0,318.8,65.0,2.0,637.0,8.0,6.0,148.9,14.0,3.0,,1.0,2.0,25,,Jarrod,Bowen,Bowen,,,2240,8,3,2,47,0,0,0,3,0,0,25,168,,,,0.0,0.08,1.89,1.0,6.75,30,40,98
625,u,0.0,0.0,5.6,124,34.0,0,0.0,-4,4.0,0.6,244,39.0,12,0,1.5,407.0,50.0,0,28,0.0,791.0,83.0,0.0,2.1,0.0,47611,0,391260,122,0.0,0.0,0.93,0.21,1.14,8.59,0.21,0.05,0.26,1.9,26.0,426.0,49.0,85.1,257.0,25.0,130.0,185.0,41.0,23.8,339.0,41.0,,,,25,,Niclas,Füllkrug,Füllkrug,has joined AC Milan on loan for the rest of the season.,,407,0,0,1,11,0,0,0,0,0,0,5,19,,,,0.0,0.22,2.43,1.11,4.2,2,7,10
626,u,0.0,0.0,4.3,612,85.0,0,0.0,-2,2.0,0.5,252,40.0,2,0,1.0,455.0,58.0,0,0,0.0,563.0,55.0,0.0,0.5,0.0,63604,0,102712,217,0.0,0.0,0.13,0.0,0.13,1.55,0.2,0.0,0.2,2.41,1.2,486.0,58.0,0.1,478.0,61.0,7.0,408.0,58.0,0.8,476.0,59.0,,,,25,,Callum,Marshall,Marshall,has joined VfL Bochum 1848 on loan for the rest of the season.,,58,0,0,0,2,0,0,0,0,0,0,0,3,,,,0.0,0.0,3.1,0.0,4.66,0,2,1
659,a,,,4.2,630,144.0,0,0.0,-3,3.0,0.3,337,123.0,31,1,1.8,350.0,128.0,0,119,0.2,355.0,131.0,0.0,7.4,0.0,29536,74,50528,122,0.2,0.2,1.13,0.26,1.39,20.95,0.11,0.02,0.13,1.98,203.2,235.0,93.0,87.9,251.0,75.0,98.0,227.0,59.0,39.0,264.0,89.0,,,,25,,Kyle,Walker-Peters,Walker-Peters,,,953,1,0,1,21,0,0,0,2,0,0,10,95,,,,0.0,0.09,1.98,0.94,6.8,34,38,41
671,a,,,5.8,103,30.0,0,0.0,-2,2.0,0.6,236,37.0,61,1,2.9,212.0,24.0,7,226,2.2,168.0,23.0,0.4,10.5,0.0,199168,263,200488,830,2.2,2.2,4.45,0.15,4.6,17.07,0.45,0.02,0.47,1.72,218.4,221.0,18.0,71.8,281.0,28.0,320.0,56.0,21.0,60.2,171.0,20.0,,,,25,,Callum,Wilson,Wilson,,,894,5,2,1,17,0,0,0,0,0,0,9,30,,,,0.0,0.1,1.71,0.91,3.02,3,7,20
679,a,,,4.2,638,36.0,0,0.0,-3,3.0,0.2,368,54.0,17,8,3.4,126.0,13.0,1,62,2.0,177.0,15.0,0.5,4.0,0.0,15554,257,36434,63,2.0,2.0,0.0,0.01,0.01,6.72,0.0,0.0,0.0,1.34,117.0,315.0,25.0,0.0,617.0,79.0,0.0,584.0,65.0,11.7,392.0,25.0,,,,25,,Mads,Hermansen,Hermansen,,,450,0,0,2,11,0,0,0,0,0,14,5,34,,,,2.8,0.4,2.2,1.0,0.0,0,10,41
708,a,100.0,100.0,5.5,155,96.0,0,0.0,0,0.0,0.3,296,101.0,92,8,4.0,74.0,35.0,6,444,7.2,5.0,4.0,1.3,16.7,0.0,75909,2317,37793,783,7.2,7.2,1.16,1.91,3.07,31.17,0.06,0.09,0.15,1.51,473.4,56.0,16.0,433.6,31.0,29.0,91.0,238.0,130.0,100.0,57.0,37.0,4.0,,,25,,Mateus Gonçalo,Espanha Fernandes,M.Fernandes,,,1853,3,3,3,33,0,0,0,3,0,0,22,239,,,,0.0,0.15,1.6,1.07,11.61,62,62,115
718,a,,,5.0,277,171.0,0,0.0,0,0.0,0.0,650,263.0,33,0,2.4,280.0,120.0,2,157,0.0,753.0,326.0,0.0,6.6,0.0,5108,9,4214,30,0.0,0.0,0.31,0.28,0.59,14.82,0.04,0.03,0.07,1.82,149.6,282.0,124.0,66.4,286.0,164.0,37.0,322.0,170.0,25.3,331.0,159.0,,,,25,,Soungoutou,Magassa,S.Magassa,,,732,1,0,1,18,0,0,0,2,0,0,9,101,,,,0.0,0.12,2.21,1.11,12.42,33,25,43
738,d,25.0,25.0,4.5,406,20.0,0,0.0,0,0.0,0.0,628,79.0,0,0,0.0,683.0,91.0,0,0,0.0,605.0,87.0,0.0,0.0,0.0,5695,15,5277,22,0.0,0.0,0.0,0.0,0.0,0.0,0.0,0.0,0.0,0.0,0.0,678.0,91.0,0.0,672.0,83.0,0.0,647.0,71.0,0.0,680.0,91.0,,,,25,,Lukasz,Fabianski,Fabianski,Back injury - 25% chance of playing,,0,0,0,0,0,0,0,0,0,0,0,0,0,,,,0.0,0.0,0.0,0.0,0.0,0,0,0
752,a,,,4.0,733,210.0,0,0.0,0,0.0,0.0,661,230.0,0,0,0.0,626.0,244.0,0,0,0.0,522.0,220.0,0.0,0.0,0.0,1581,17,1391,17,0.0,0.0,0.0,0.0,0.0,0.0,0.0,0.0,0.0,0.0,0.0,617.0,244.0,0.0,609.0,244.0,0.0,574.0,240.0,0.0,619.0,244.0,,,,25,,Airidas,Golambeckis,Golambeckis,,,0,0,0,0,0,0,0,0,0,0,0,0,0,,,,0.0,0.0,0.0,0.0,0.0,0,0,0
758,a,,,4.5,507,313.0,0,0.0,0,0.0,0.0,741,313.0,3,0,1.0,474.0,216.0,0,11,0.0,680.0,275.0,0.0,0.7,0.0,1427,12,875,18,0.0,0.0,0.03,0.02,0.05,0.54,0.17,0.11,0.28,3.04,4.4,466.0,210.0,10.9,406.0,201.0,4.0,420.0,206.0,1.7,464.0,209.0,,,,25,,Mohamadou,Kanté,Mohamadou Kanté,,,16,0,0,0,0,0,0,0,0,0,0,0,4,,,,0.0,0.0,0.0,0.0,22.5,1,0,3
785,a,,,5.5,154,40.0,0,0.0,0,0.0,0.0,681,86.0,8,1,1.6,390.0,47.0,0,21,1.8,215.0,29.0,0.3,1.5,0.0,3981,89,2046,82,1.8,1.8,0.34,0.07,0.41,3.7,0.12,0.03,0.15,1.33,19.6,437.0,51.0,53.4,317.0,34.0,21.0,368.0,54.0,9.4,406.0,50.0,,,,25,,Pablo Felipe,Pereira de Jesus,Pablo,,,250,0,0,0,4,0,0,0,0,0,0,3,25,,,,0.0,0.0,1.44,1.08,9.0,9,5,11
791,a,,,5.5,145,36.0,0,0.0,0,0.0,0.1,447,65.0,15,6,3.0,197.0,21.0,0,52,3.2,97.0,13.0,0.6,2.7,0.0,18766,579,4134,287,3.2,3.2,1.81,0.11,1.92,6.42,0.4,0.02,0.42,1.42,62.8,381.0,40.0,50.0,324.0,36.0,171.0,135.0,32.0,27.3,321.0,37.0,,,,25,,Valentín,Castellanos,Taty,,,407,1,1,1,6,0,0,0,2,0,0,5,22,,,,0.0,0.22,1.33,1.11,4.86,2,8,12
802,a,,,5.0,280,173.0,0,0.0,0,0.0,0.0,795,351.0,0,0,0.0,788.0,346.0,0,0,0.0,756.0,328.0,0.0,0.0,0.0,200,8,89,2,0.0,0.0,0.0,0.0,0.0,0.0,0.0,0.0,0.0,0.0,0.0,788.0,346.0,0.0,786.0,346.0,0.0,780.0,344.0,0.0,788.0,346.0,,,,25,,Keiber,Lamadrid,Lamadrid,,,0,0,0,0,0,0,0,0,0,0,0,0,0,,,,0.0,0.0,0.0,0.0,0.0,0,0,0
815,a,,,4.5,420,80.0,0,0.0,0,0.0,0.0,689,238.0,6,6,6.0,5.0,2.0,0,29,6.0,11.0,2.0,1.3,1.3,0.0,1797,1179,97,45,2.1,2.1,0.02,0.0,0.02,1.28,0.02,0.0,0.02,1.28,17.6,441.0,164.0,0.1,481.0,175.0,9.0,393.0,143.0,2.7,453.0,163.0,,,,25,,Axel,Disasi,Disasi,,,90,0,0,1,0,0,0,0,0,0,0,1,5,,,,0.0,1.0,0.0,1.0,5.0,0,5,3
627,a,,,4.4,521,26.0,0,0.0,-1,1.0,0.1,427,64.0,21,0,1.8,352.0,27.0,0,117,0.0,574.0,86.0,0.0,4.8,0.0,18802,97,23058,57,-1.0,0.0,0.0,0.02,0.02,18.59,0.0,0.0,0.0,1.55,308.0,151.0,20.0,0.1,479.0,13.0,0.0,617.0,70.0,30.8,304.0,20.0,,,,25,,Sam,Johnstone,Johnstone,,,1080,0,0,0,24,1,0,0,0,0,39,12,71,,,,3.25,0.0,2.0,1.0,0.0,2,24,107
628,a,,,4.2,629,33.0,0,0.0,-3,3.0,1.1,183,23.0,30,2,2.3,288.0,24.0,2,130,2.8,120.0,13.0,0.7,7.1,0.0,72158,1876,169638,361,4.6,2.8,0.0,0.03,0.03,17.29,0.0,0.0,0.0,1.33,234.2,209.0,21.0,10.0,412.0,5.0,0.0,581.0,62.0,24.6,336.0,21.0,,,,25,,José,Malheiro de Sá,José Sá,,,1170,0,0,2,24,0,0,0,1,0,26,13,40,,,,2.0,0.15,1.85,1.0,0.0,0,23,112
629,a,100.0,100.0,3.9,739,70.0,0,0.0,-1,1.0,0.5,261,34.0,0,0,0.0,534.0,38.0,0,0,0.0,422.0,29.0,0.0,0.0,0.0,16439,170,49516,81,-1.0,0.0,0.0,0.0,0.0,0.0,0.0,0.0,0.0,0.0,0.0,525.0,38.0,0.0,514.0,23.0,0.0,474.0,8.0,0.0,527.0,38.0,,,,25,,Daniel,Bentley,Bentley,,,0,0,0,0,0,0,0,0,0,0,0,0,0,,,,0.0,0.0,0.0,0.0,0.0,0,0,0
631,a,100.0,100.0,4.2,644,154.0,0,0.0,-3,3.0,0.1,439,163.0,23,0,1.6,378.0,139.0,0,86,0.8,274.0,101.0,0.2,5.5,0.0,24588,51,62417,32,0.6,0.8,0.57,0.4,0.97,18.26,0.05,0.03,0.08,1.49,312.2,146.0,64.0,76.0,274.0,87.0,75.0,259.0,74.0,46.4,231.0,76.0,,5.0,,25,,Emmanuel,Agbadou,Agbadou,,,1100,0,0,0,29,0,0,0,1,1,0,12,156,,,,0.0,0.0,2.37,0.98,10.23,32,93,65
632,a,100.0,100.0,4.4,520,101.0,0,0.0,-1,1.0,0.1,498,177.0,11,0,1.2,432.0,156.0,0,43,0.0,573.0,232.0,0.0,2.5,0.0,5910,49,19850,29,-1.0,0.0,0.09,0.19,0.28,11.8,0.01,0.03,0.04,1.65,110.6,323.0,123.0,50.4,322.0,109.0,18.0,373.0,129.0,18.0,364.0,127.0,,,,25,,Matt,Doherty,Doherty,,,644,0,0,1,14,0,0,0,4,0,0,9,63,,,,0.0,0.14,1.96,1.26,7.27,13,39,25
633,a,100.0,100.0,4.3,596,138.0,0,0.0,-2,2.0,0.2,390,144.0,53,1,2.4,274.0,106.0,4,206,2.5,137.0,49.0,0.6,12.3,0.0,34030,1914,26539,156,4.0,2.5,0.46,2.17,2.63,22.35,0.03,0.13,0.16,1.33,338.6,120.0,52.0,435.0,30.0,2.0,117.0,204.0,51.0,89.3,76.0,17.0,2.0,,,25,,Hugo,Bueno López,H.Bueno,,,1516,0,2,3,27,0,0,0,1,0,0,16,142,,,,0.0,0.18,1.6,0.95,6.53,39,71,74
634,a,100.0,100.0,4.3,602,139.0,0,0.0,-2,2.0,0.1,499,178.0,27,1,1.7,367.0,135.0,1,107,2.2,154.0,57.0,0.5,6.3,0.0,9645,388,9034,57,3.4,2.2,1.41,0.28,1.69,19.59,0.1,0.02,0.12,1.44,243.2,202.0,81.0,100.3,235.0,66.0,172.0,131.0,25.0,51.5,213.0,69.0,,,,25,,Yerson,Mosquera Valdelamar,Mosquera,,,1226,0,0,2,25,2,0,0,9,0,0,14,131,,,,0.0,0.15,1.84,1.03,8.74,35,84,65
635,a,100.0,100.0,4.4,544,118.0,0,0.0,-1,1.0,0.1,567,202.0,18,1,1.8,353.0,130.0,0,39,1.2,243.0,90.0,0.3,4.1,0.0,9201,57,14501,20,1.4,1.2,1.1,0.29,1.39,5.82,0.2,0.05,0.25,1.06,78.2,356.0,134.0,59.1,307.0,103.0,134.0,177.0,40.0,27.3,318.0,109.0,,,,25,,Rodrigo,Martins Gomes,R.Gomes,,,496,1,0,0,10,0,0,0,0,0,0,5,38,,,,0.0,0.0,1.81,0.91,4.35,9,15,18
636,a,100.0,100.0,4.4,531,110.0,0,0.0,-1,1.0,0.1,479,173.0,53,1,3.3,140.0,50.0,2,167,2.5,138.0,50.0,0.6,12.0,0.0,21612,791,20052,79,4.0,2.5,1.61,0.86,2.47,20.67,0.1,0.06,0.16,1.35,332.6,126.0,56.0,61.8,298.0,99.0,122.0,198.0,47.0,51.6,211.0,68.0,,,,25,,Santiago,Ignacio Bueno,S.Bueno,,,1382,2,1,2,27,0,0,0,2,0,0,15,134,,,,0.0,0.13,1.76,0.98,7.68,35,83,33
637,i,0.0,0.0,4.2,643,153.0,0,0.0,-3,3.0,0.1,519,185.0,20,0,1.5,397.0,144.0,0,74,0.0,534.0,225.0,0.0,4.8,0.0,6867,2,19199,24,0.0,0.0,0.04,0.21,0.25,17.96,0.0,0.02,0.02,1.7,212.2,228.0,90.0,77.4,267.0,82.0,29.0,344.0,111.0,31.9,300.0,103.0,,,,25,,Toti,Gomes,Toti,Hamstring injury - Unknown return date,,949,0,0,0,25,0,0,0,1,1,0,12,106,,,,0.0,0.0,2.37,1.14,7.97,14,70,37
638,u,0.0,0.0,3.8,794,243.0,0,0.0,-2,2.0,1.1,184,70.0,10,0,1.2,428.0,152.0,0,38,0.0,403.0,153.0,0.0,2.6,0.0,121813,0,248615,910,0.0,0.0,0.02,0.36,0.38,9.36,0.0,0.08,0.08,1.99,101.4,327.0,125.0,87.8,252.0,76.0,13.0,382.0,135.0,20.3,355.0,123.0,,,,25,,Ki-Jana,Hoever,Hoever,has joined Sheffield United on loan for the rest of the season.,,423,0,0,0,13,0,0,0,0,0,0,6,46,,,,0.0,0.0,2.77,1.28,8.51,13,27,16
639,u,0.0,0.0,4.0,711,189.0,0,0.0,0,0.0,0.0,755,258.0,0,0,0.0,610.0,229.0,0,0,0.0,504.0,203.0,0.0,0.0,0.0,0,0,865,1,0.0,0.0,0.0,0.0,0.0,0.0,0.0,0.0,0.0,0.0,0.0,601.0,229.0,0.0,593.0,229.0,0.0,556.0,223.0,0.0,603.0,229.0,,,,25,,Bastien,Meupiyou Menadjou,Meupiyou,On loan to FC Alverca,,0,0,0,0,0,0,0,0,0,0,0,0,0,,,,0.0,0.0,0.0,0.0,0.0,0,0,0
640,a,100.0,100.0,4.0,731,208.0,0,0.0,0,0.0,0.4,283,107.0,3,1,1.0,449.0,167.0,0,5,0.5,316.0,115.0,0.1,0.8,0.0,8940,80,87992,47,0.0,0.5,0.0,0.0,0.0,0.79,0.0,0.0,0.0,23.7,0.2,497.0,178.0,0.5,466.0,172.0,2.0,430.0,161.0,0.2,496.0,177.0,,,,25,,Pedro,Cardoso de Lima,Pedro Lima,,,3,0,0,0,1,0,0,0,0,0,0,0,0,,,,0.0,0.0,30.0,0.0,0.0,0,0,1
641,u,0.0,0.0,3.9,771,225.0,0,0.0,-1,1.0,1.0,186,71.0,0,0,0.0,557.0,203.0,0,0,0.0,447.0,174.0,0.0,0.0,0.0,85684,0,140780,510,0.0,0.0,0.0,0.0,0.0,0.0,0.0,0.0,0.0,0.0,0.0,548.0,203.0,0.0,537.0,203.0,0.0,497.0,194.0,0.0,550.0,203.0,,,,25,,Alfie,Pond,Pond,has joined Crewe Alexandra on loan for the rest of the season.,,0,0,0,0,0,0,0,0,0,0,0,0,0,,,,0.0,0.0,0.0,0.0,0.0,0,0,0
642,d,75.0,100.0,5.6,127,78.0,0,0.0,-4,4.0,0.2,408,138.0,44,1,2.2,305.0,132.0,0,125,2.0,192.0,83.0,0.4,7.9,0.0,47222,1337,51858,290,2.2,2.0,2.1,0.92,3.02,17.43,0.17,0.07,0.24,1.37,132.2,303.0,136.0,152.8,178.0,119.0,145.0,167.0,94.0,42.4,251.0,124.0,,,3.0,25,,Hwang,Hee-chan,Hee Chan,Knock - 75% chance of playing,,1144,2,1,2,22,0,0,0,3,0,0,15,68,,,,0.0,0.16,1.73,1.18,5.35,8,22,38
643,d,75.0,100.0,5.3,204,126.0,0,0.0,-2,2.0,0.1,525,190.0,53,0,2.3,292.0,125.0,1,281,1.5,230.0,94.0,0.3,10.0,0.0,12193,288,16283,51,1.5,1.5,0.19,0.67,0.86,27.34,0.01,0.04,0.05,1.46,247.6,197.0,83.0,207.7,126.0,89.0,16.0,380.0,192.0,47.1,228.0,115.0,,,,25,,André,Trindade da Costa Neto,André,Calf injury - 75% chance of playing,,1682,0,0,1,33,0,0,0,8,0,0,18,235,,,,0.0,0.05,1.77,0.96,12.57,50,61,124
644,a,100.0,100.0,5.1,231,142.0,0,0.0,-4,4.0,0.0,615,237.0,27,1,1.7,371.0,164.0,0,126,0.5,335.0,149.0,0.1,5.3,0.0,3768,61,10515,9,0.0,0.5,0.75,0.6,1.35,13.3,0.09,0.08,0.17,1.68,118.0,314.0,141.0,112.4,216.0,139.0,95.0,230.0,126.0,32.4,297.0,144.0,3.0,4.0,,25,,Jean-Ricner,Bellegarde,Bellegarde,,,714,1,0,1,21,0,0,0,1,0,0,9,61,,,,0.0,0.13,2.65,1.13,7.69,19,20,22
645,u,0.0,0.0,5.1,241,147.0,0,0.0,-4,4.0,0.0,647,261.0,12,0,1.3,423.0,191.0,0,38,0.0,764.0,334.0,0.0,2.4,0.0,1383,0,4790,16,0.0,0.0,0.16,0.61,0.77,3.98,0.06,0.24,0.3,1.57,29.0,422.0,188.0,61.0,301.0,169.0,37.0,323.0,171.0,12.4,387.0,180.0,,,,25,,Fer,López González,Fer López,has joined Celta Vigo on loan for the rest of the season.,,228,0,1,0,9,0,0,0,1,0,0,2,12,,,,0.0,0.0,3.55,0.79,4.74,1,1,10
646,a,100.0,100.0,5.3,199,124.0,0,0.0,-2,2.0,0.2,405,136.0,62,2,2.6,254.0,108.0,1,325,2.8,127.0,54.0,0.5,11.7,0.0,22815,4167,22161,154,4.6,2.8,0.83,1.31,2.14,29.52,0.04,0.06,0.1,1.37,306.0,153.0,55.0,273.4,87.0,64.0,125.0,192.0,107.0,70.9,130.0,72.0,,,,25,,João Victor,Gomes da Silva,J.Gomes,,,1934,0,0,2,39,0,0,0,8,0,0,22,264,,,,0.0,0.09,1.81,1.02,12.29,69,65,130
647,u,0.0,0.0,5.5,141,87.0,0,0.0,0,0.0,0.0,782,341.0,0,0,0.0,803.0,357.0,0,0,0.0,787.0,348.0,0.0,0.0,0.0,0,0,796,0,0.0,0.0,0.0,0.0,0.0,0.0,0.0,0.0,0.0,0.0,0.0,803.0,357.0,0.0,802.0,357.0,0.0,799.0,356.0,0.0,803.0,357.0,,,,25,,Gonçalo Manuel,Ganchinho Guedes,Guedes,Has joined Real Sociedad permanently.,,0,0,0,0,0,0,0,0,0,0,0,0,0,,,,0.0,0.0,0.0,0.0,0.0,0,0,0
648,u,0.0,0.0,5.3,198,123.0,0,0.0,-2,2.0,0.0,621,242.0,38,0,2.9,210.0,87.0,1,131,0.0,771.0,338.0,0.0,7.2,0.0,19177,0,22923,8,0.0,0.0,1.64,0.38,2.02,13.36,0.17,0.04,0.21,1.38,163.6,269.0,116.0,61.8,299.0,168.0,196.0,114.0,66.0,42.1,252.0,125.0,,,,25,,Marshall,Munetsi,Munetsi,has joined Paris FC on loan for the rest of the season.,,872,1,2,0,19,0,0,0,2,0,0,9,80,,,,0.0,0.0,1.96,0.93,8.26,21,39,20
649,u,0.0,0.0,5.0,263,160.0,0,0.0,0,0.0,0.0,809,359.0,0,0,0.0,781.0,341.0,0,0,0.0,746.0,320.0,0.0,0.0,0.0,0,0,161,0,0.0,0.0,0.0,0.0,0.0,0.0,0.0,0.0,0.0,0.0,0.0,781.0,341.0,0.0,779.0,341.0,0.0,771.0,338.0,0.0,781.0,341.0,,,,25,,Boubacar,Traoré,B.Traore,Has joined FC Metz on loan for the rest of the season.,,0,0,0,0,0,0,0,0,0,0,0,0,0,,,,0.0,0.0,0.0,0.0,0.0,0,0,0
650,u,0.0,0.0,4.3,599,350.0,0,0.0,-2,2.0,0.2,360,121.0,2,0,1.0,453.0,197.0,0,4,0.0,552.0,185.0,0.0,0.5,0.0,30885,0,46554,155,0.0,0.0,0.0,0.0,0.0,0.5,0.0,0.0,0.0,1.8,3.2,471.0,214.0,0.3,474.0,229.0,0.0,598.0,221.0,0.4,484.0,221.0,,,,25,,Tawanda,Chirewa,Chirewa,has joined Barnsley on loan for the rest of the season.,,25,0,0,0,0,0,0,0,0,0,0,0,4,,,,0.0,0.0,0.0,0.0,14.4,2,1,1
652,a,,,4.3,615,360.0,0,0.0,-2,2.0,1.3,166,56.0,0,0,0.0,652.0,248.0,0,0,0.0,566.0,195.0,0.0,0.0,0.0,186305,697,229838,606,-1.0,0.0,0.0,0.0,0.0,0.0,0.0,0.0,0.0,0.0,0.0,643.0,239.0,0.0,639.0,244.0,0.0,610.0,230.0,0.0,645.0,241.0,,,,25,,Enso,González Medina,Gonzalez,,,0,0,0,0,0,0,0,0,0,0,0,0,0,,,,0.0,0.0,0.0,0.0,0.0,0,0,0
653,u,0.0,0.0,4.5,424,254.0,0,0.0,0,0.0,0.0,654,266.0,0,0,0.0,692.0,270.0,0,0,0.0,616.0,222.0,0.0,0.0,0.0,0,0,5682,6,0.0,0.0,0.0,0.0,0.0,0.0,0.0,0.0,0.0,0.0,0.0,687.0,265.0,0.0,682.0,268.0,0.0,658.0,257.0,0.0,689.0,267.0,,,,25,,Joe,Hodge,Hodge,Signed by CD Tondela,,0,0,0,0,0,0,0,0,0,0,0,0,0,,,,0.0,0.0,0.0,0.0,0.0,0,0,0
655,u,0.0,0.0,4.9,331,61.0,0,0.0,-1,1.0,0.2,392,61.0,0,0,0.0,771.0,85.0,0,0,0.0,728.0,76.0,0.0,0.0,0.0,7178,0,55107,21,0.0,0.0,0.0,0.0,0.0,0.0,0.0,0.0,0.0,0.0,0.0,771.0,85.0,0.0,767.0,84.0,0.0,757.0,84.0,0.0,771.0,85.0,,,,25,,Fábio,Soares Silva,Fábio Silva,has joined Borussia Dortmund permanently.,,0,0,0,0,0,0,0,0,0,0,0,0,0,,,,0.0,0.0,0.0,0.0,0.0,0,0,0
695,a,,,4.4,551,119.0,0,0.0,-1,1.0,0.0,643,224.0,36,0,1.6,382.0,141.0,0,96,1.5,222.0,83.0,0.3,8.2,0.0,5700,18,5408,13,2.0,1.5,0.26,0.97,1.23,16.44,0.02,0.07,0.09,1.2,210.2,231.0,91.0,223.3,116.0,31.0,36.0,325.0,102.0,47.0,230.0,75.0,,,,25,,Jackson,Tchatchoua,Tchatchoua,,,1236,0,0,2,25,0,0,0,2,0,0,12,101,,,,0.0,0.15,1.82,0.87,5.53,22,54,44
709,a,100.0,100.0,4.5,427,84.0,0,0.0,0,0.0,0.1,541,194.0,47,1,2.5,265.0,103.0,0,166,2.0,182.0,68.0,0.4,10.4,0.0,20720,380,16509,61,3.0,2.0,1.97,1.27,3.24,24.18,0.11,0.07,0.18,1.35,382.0,96.0,43.0,112.5,215.0,54.0,198.0,109.0,16.0,69.4,133.0,42.0,,,,25,,Ladislav,Krejcí,Krejčí,,,1617,2,1,2,32,1,0,0,2,0,0,18,145,,,,0.0,0.11,1.78,1.0,6.79,18,104,53
720,a,,,5.4,176,44.0,0,0.0,-1,1.0,0.1,471,68.0,45,8,2.1,317.0,35.0,4,139,3.2,96.0,12.0,0.6,8.3,0.0,31145,2549,22682,127,5.4,3.2,2.8,0.3,3.1,13.64,0.27,0.03,0.3,1.32,132.6,302.0,28.0,120.7,207.0,20.0,356.0,45.0,19.0,60.2,170.0,19.0,,2.0,,25,,Tolu,Arokodare,Tolu,,,928,2,1,2,22,0,0,0,1,0,0,10,49,,,,0.0,0.19,2.13,0.97,4.75,5,24,20
749,a,,,4.6,405,66.0,0,0.0,1,-1.0,2.2,125,20.0,42,2,3.0,191.0,20.0,6,168,2.0,186.0,24.0,0.4,9.1,0.0,367131,15038,102228,2045,3.0,2.0,1.06,1.27,2.33,12.84,0.12,0.14,0.26,1.43,172.2,261.0,23.0,175.3,157.0,11.0,148.0,156.0,37.0,49.5,218.0,26.0,,,,25,,Mateus,Mané,Mané,,,806,2,2,2,15,0,0,0,0,0,0,8,54,,,,0.0,0.22,1.67,0.89,6.03,12,13,29
767,a,,,4.5,496,304.0,0,0.0,0,0.0,0.0,770,332.0,0,0,0.0,738.0,308.0,0,0,0.0,671.0,267.0,0.0,0.0,0.0,789,11,484,7,-1.0,0.0,0.0,0.0,0.0,0.0,0.0,0.0,0.0,0.0,0.0,737.0,307.0,0.0,731.0,307.0,0.0,712.0,300.0,0.0,737.0,307.0,,,,25,,Luke,Rawlings,Rawlings,,,0,0,0,0,0,0,0,0,0,0,0,0,0,,,,0.0,0.0,0.0,0.0,0.0,0,0,0
