id,first_name,second_name,web_name,status,news,news_added,now_cost,now_cost_rank,now_cost_rank_type,selected_by_percent,selected_rank,selected_rank_type,form,form_rank,form_rank_type,event_points,cost_change_event,cost_change_event_fall,cost_change_start,cost_change_start_fall,transfers_in_event,transfers_out_event,value_form,value_season,ep_next,ep_this,points_per_game,points_per_game_rank,points_per_game_rank_type,chance_of_playing_next_round,chance_of_playing_this_round,influence_rank,influence_rank_type,creativity_rank,creativity_rank_type,threat_rank,threat_rank_type,ict_index_rank,ict_index_rank_type,corners_and_indirect_freekicks_order,direct_freekicks_order,penalties_order,set_piece_threat,corners_and_indirect_freekicks_text,direct_freekicks_text,penalties_text,expected_goals_per_90,expected_assists_per_90,expected_goal_involvements_per_90,expected_goals_conceded_per_90,saves_per_90,clean_sheets_per_90,goals_conceded_per_90,starts_per_90,defensive_contribution_per_90,gw,total_points,minutes,goals_scored,assists,clean_sheets,goals_conceded,own_goals,penalties_saved,penalties_missed,yellow_cards,red_cards,saves,starts,bonus,bps,transfers_in,transfers_out,dreamteam_count,expected_goals,expected_assists,expected_goal_involvements,expected_goals_conceded,influence,creativity,threat,ict_index,tackles,clearances_blocks_interceptions,recoveries,defensive_contribution
776,Oliver,Pimlott,Pimlott,a,,,4.5,510,314.0,0.0,792,349.0,0.0,674.0,267.0,0,0,0.0,0,0.0,6,1,0.0,0.0,0.0,0.0,0.0,744.0,313.0,,,744.0,313.0,738.0,313.0,721.0,308.0,744.0,313.0,,,,,,,,0.0,0.0,0.0,0.0,0.0,0.0,0.0,0.0,0.0,25,0,0,0,0,0,0,0,0,0,0,0,0,0,0,0,33,8,0.0,0.0,0.0,0.0,0.0,0.0,0.0,0.0,0.0,0,0,0,0
743,Landon,Emenalo,Emenalo,a,,,4.5,501,308.0,0.0,720,304.0,0.0,665.0,261.0,0,0,0.0,0,0.0,2,4,0.0,0.0,0.0,0.0,0.0,737.0,308.0,,,737.0,308.0,731.0,308.0,714.0,303.0,737.0,308.0,,,,,,,,0.0,0.0,0.0,0.0,0.0,0.0,0.0,0.0,0.0,25,0,0,0,0,0,0,0,0,0,0,0,0,0,0,0,12,16,0.0,0.0,0.0,0.0,0.0,0.0,0.0,0.0,0.0,0,0,0,0
281,Kaden,Rodney,Rodney,a,,,4.4,553,332.0,0.0,592,223.0,0.0,580.0,201.0,0,0,0.0,-1,1.0,19,6,0.0,0.2,0.0,0.0,1.0,456.0,201.0,,,660.0,251.0,475.0,229.0,631.0,245.0,662.0,253.0,,,,,,,,0.0,0.0,0.0,19.5,0.0,0.0,0.0,0.0,0.0,25,0,0,0,0,0,0,0,0,0,0,0,0,0,0,0,53,30,0.0,0.0,0.0,0.0,0.0,0.0,0.0,0.0,0.0,0,0,0,0
306,Callum,Bates,Bates,a,,,4.3,610,356.0,0.1,509,180.0,0.0,549.0,181.0,0,0,0.0,-2,2.0,74,13,0.0,0.0,0.0,0.0,0.0,644.0,242.0,,,635.0,233.0,631.0,238.0,604.0,226.0,637.0,235.0,,,,,,,,0.0,0.0,0.0,0.0,0.0,0.0,0.0,0.0,0.0,25,0,0,0,0,0,0,0,0,0,0,0,0,0,0,0,191,97,0.0,0.0,0.0,0.0,0.0,0.0,0.0,0.0,0.0,0,0,0,0
779,Braiden,Graham,Graham,a,,,4.5,506,72.0,0.0,671,84.0,0.0,670.0,67.0,0,0,0.0,0,0.0,50,16,0.0,0.0,0.0,0.0,0.0,742.0,80.0,,,742.0,80.0,736.0,79.0,719.0,79.0,742.0,80.0,,,,,,,,0.0,0.0,0.0,0.0,0.0,0.0,0.0,0.0,0.0,25,0,0,0,0,0,0,0,0,0,0,0,0,0,0,0,166,63,0.0,0.0,0.0,0.0,0.0,0.0,0.0,0.0,0.0,0,0,0,0
401,Marcus,Bettinelli,Bettinelli,a,,,3.8,785,93.0,0.3,322,44.0,0.0,383.0,23.0,0,0,0.0,-2,2.0,400,144,0.0,0.0,0.5,0.0,0.0,509.0,33.0,100.0,100.0,499.0,33.0,484.0,17.0,447.0,2.0,501.0,33.0,,,,,,,,0.0,0.0,0.0,0.0,0.0,0.0,0.0,0.0,0.0,25,0,0,0,0,0,0,0,0,0,0,0,0,0,0,0,2921,690,0.0,0.0,0.0,0.0,0.0,0.0,0.0,0.0,0.0,0,0,0,0
483,Miodrag,Pivaš,Pivas,a,,,3.8,809,258.0,0.4,279,105.0,0.0,401.0,165.0,0,0,0.0,-2,2.0,37,50,0.0,0.0,0.0,0.0,0.0,522.0,195.0,,,512.0,194.0,500.0,194.0,464.0,186.0,514.0,194.0,,,,,,,,0.0,0.0,0.0,0.0,0.0,0.0,0.0,0.0,0.0,25,0,0,0,0,0,0,0,0,0,0,0,0,0,0,0,145,286,0.0,0.0,0.0,0.0,0.0,0.0,0.0,0.0,0.0,0,0,0,0
669,Dan,Ndoye,Ndoye,a,,,5.5,149,93.0,0.7,214,75.0,0.8,276.0,117.0,1,0,0.0,-5,5.0,33,50,0.1,8.0,0.8,0.8,2.4,279.0,121.0,100.0,100.0,279.0,122.0,146.0,100.0,155.0,88.0,218.0,111.0,,,,,,,,0.07,0.13,0.2,1.21,0.0,0.17,1.37,1.2,7.6,25,1,23,0,0,0,0,0,0,0,0,0,0,0,0,7,234,250,0.0,0.06999999999999995,0.26,0.33000000000000007,0.0,6.0,25.0,6.0,3.6999999999999957,1,0,2,3
579,Son,Heung-min,Son,u,has joined Los Angeles FC permanently.,,8.5,10,5.0,0.1,443,151.0,0.0,815.0,367.0,0,0,0.0,0,0.0,0,2,0.0,0.0,0.0,0.0,0.0,817.0,367.0,0.0,0.0,817.0,367.0,817.0,367.0,817.0,367.0,817.0,367.0,,,,,,,,0.0,0.0,0.0,0.0,0.0,0.0,0.0,0.0,0.0,25,0,0,0,0,0,0,0,0,0,0,0,0,0,0,0,0,4,0.0,0.0,0.0,0.0,0.0,0.0,0.0,0.0,0.0,0,0,0,0
581,James,Maddison,Maddison,i,Anterior cruciate ligament - Unknown return date,,6.8,46,28.0,0.1,444,152.0,0.0,809.0,362.0,0,0,0.0,-2,2.0,4,10,0.0,0.0,0.0,0.0,0.0,814.0,364.0,0.0,0.0,814.0,364.0,814.0,364.0,814.0,364.0,814.0,364.0,,,,,,,,0.0,0.0,0.0,0.0,0.0,0.0,0.0,0.0,0.0,25,0,0,0,0,0,0,0,0,0,0,0,0,0,0,0,10,19,0.0,0.0,0.0,0.0,0.0,0.0,0.0,0.0,0.0,0,0,0,0
617,Maxwel,Cornet,Cornet,u,has joined Genoa on loan for the rest of the season.,,4.9,290,179.0,0.0,693,291.0,0.0,703.0,288.0,0,0,0.0,-1,1.0,0,0,0.0,0.0,0.0,0.0,0.0,757.0,322.0,0.0,0.0,757.0,322.0,753.0,322.0,743.0,319.0,757.0,322.0,,,,,,,,0.0,0.0,0.0,0.0,0.0,0.0,0.0,0.0,0.0,25,0,0,0,0,0,0,0,0,0,0,0,0,0,0,0,0,0,0.0,0.0,0.0,0.0,0.0,0.0,0.0,0.0,0.0,0,0,0,0
657,Leon,Chiwome,Chiwome,i,Knee injury - Unknown return date,,4.4,563,81.0,0.0,649,81.0,0.0,589.0,60.0,0,0,0.0,-1,1.0,0,4,0.0,0.0,0.0,0.0,0.0,675.0,73.0,0.0,0.0,669.0,73.0,664.0,72.0,640.0,72.0,671.0,73.0,,,,,,,,0.0,0.0,0.0,0.0,0.0,0.0,0.0,0.0,0.0,25,0,0,0,0,0,0,0,0,0,0,0,0,0,0,0,17,53,0.0,0.0,0.0,0.0,0.0,0.0,0.0,0.0,0.0,0,0,0,0
1,David,Raya Martín,Raya,a,,,5.9,91,1.0,33.9,6,1.0,3.8,51.0,5.0,0,0,0.0,4,-4.0,11114,1891,0.6,16.8,9.6,4.8,4.1,62.0,4.0,,,115.0,17.0,380.0,3.0,806.0,94.0,269.0,16.0,,,,,,,,0.0,0.0,0.0,0.69,1.38,0.5,0.71,1.0,0.0,25,0,0,0,0,0,0,0,0,0,0,0,0,0,0,0,58245,16726,0.0,0.0,0.0,0.0,0.0,0.0,0.0,0.0,0.0,0,0,0,0
2,Kepa,Arrizabalaga Revuelta,Arrizabalaga,a,,,4.1,653,37.0,0.4,275,36.0,0.0,510.0,76.0,0,0,0.0,-4,4.0,28,57,0.0,0.0,2.0,1.0,0.0,623.0,85.0,,,614.0,85.0,606.0,73.0,574.0,58.0,616.0,85.0,,,,,,,,0.0,0.0,0.0,0.0,0.0,0.0,0.0,0.0,0.0,25,0,0,0,0,0,0,0,0,0,0,0,0,0,0,0,96,184,0.0,0.0,0.0,0.0,0.0,0.0,0.0,0.0,0.0,0,0,0,0
3,Karl,Hein,Hein,u,Has joined Werder Bremen on loan for the rest of the season.,,4.0,684,54.0,0.2,364,53.0,0.0,466.0,64.0,0,0,0.0,0,0.0,0,22,0.0,0.0,0.0,0.0,0.0,583.0,73.0,0.0,0.0,573.0,73.0,565.0,61.0,531.0,46.0,575.0,73.0,,,,,,,,0.0,0.0,0.0,0.0,0.0,0.0,0.0,0.0,0.0,25,0,0,0,0,0,0,0,0,0,0,0,0,0,0,0,0,71,0.0,0.0,0.0,0.0,0.0,0.0,0.0,0.0,0.0,0,0,0,0
4,Tommy,Setford,Setford,a,,,3.9,774,90.0,0.2,350,51.0,0.0,436.0,48.0,0,0,0.0,-1,1.0,12,70,0.0,0.0,2.0,1.0,0.0,555.0,58.0,,,545.0,58.0,534.0,43.0,498.0,28.0,547.0,58.0,,,,,,,,0.0,0.0,0.0,0.0,0.0,0.0,0.0,0.0,0.0,25,0,0,0,0,0,0,0,0,0,0,0,0,0,0,0,61,293,0.0,0.0,0.0,0.0,0.0,0.0,0.0,0.0,0.0,0,0,0,0
5,Gabriel,dos Santos Magalhães,Gabriel,a,,,7.1,34,1.0,41.0,4,1.0,4.6,20.0,5.0,0,0,0.0,11,-11.0,13382,721,0.6,18.2,11.2,5.6,7.2,1.0,1.0,100.0,100.0,41.0,17.0,263.0,80.0,120.0,22.0,106.0,33.0,,,,,,,,0.1,0.05,0.15,0.6,0.0,0.64,0.59,1.0,8.74,25,0,0,0,0,0,0,0,0,0,0,0,0,0,0,0,107381,4517,0.0,0.0,0.0,0.0,0.0,0.0,0.0,0.0,0.0,0,0,0,0
6,William,Saliba,Saliba,a,,,6.0,86,4.0,13.2,28,11.0,4.4,26.0,9.0,0,0,0.0,0,0.0,9005,853,0.7,12.7,10.8,5.4,3.8,97.0,33.0,100.0,100.0,141.0,62.0,211.0,51.0,336.0,107.0,231.0,78.0,,,,,,,,0.02,0.03,0.05,0.65,0.0,0.5,0.67,1.05,5.82,25,0,0,0,0,0,0,0,0,0,0,0,0,0,0,0,53935,6408,0.0,0.0,0.0,0.0,0.0,0.0,0.0,0.0,0.0,0,0,0,0
7,Riccardo,Calafiori,Calafiori,a,,,5.6,134,14.0,6.2,60,19.0,0.2,373.0,141.0,0,0,0.0,1,-1.0,1173,512,0.0,13.9,2.4,1.2,4.6,34.0,13.0,100.0,100.0,210.0,82.0,222.0,58.0,88.0,8.0,187.0,61.0,,,,,,,,0.19,0.03,0.22,0.5,0.0,0.64,0.5,1.13,6.09,25,0,0,0,0,0,0,0,0,0,0,0,0,0,0,0,6412,3319,0.0,0.0,0.0,0.0,0.0,0.0,0.0,0.0,0.0,0,0,0,0
8,Jurriën,Timber,J.Timber,a,,,6.4,59,2.0,29.4,12,3.0,3.4,64.0,27.0,0,0,0.0,9,-9.0,14030,2339,0.5,18.0,8.8,4.4,5.0,17.0,7.0,100.0,100.0,87.0,38.0,74.0,17.0,46.0,1.0,48.0,6.0,,,,,,,,0.2,0.05,0.25,0.59,0.0,0.52,0.71,0.99,5.23,25,0,0,0,0,0,0,0,0,0,0,0,0,0,0,0,96764,21076,0.0,0.0,0.0,0.0,0.0,0.0,0.0,0.0,0.0,0,0,0,0
9,Jakub,Kiwior,Kiwior,u,has joined Porto on loan for the rest of the season.,,5.4,174,20.0,0.0,588,211.0,0.0,778.0,263.0,0,0,0.0,-1,1.0,0,4,0.0,0.0,0.0,0.0,0.0,798.0,265.0,0.0,0.0,798.0,265.0,797.0,265.0,793.0,264.0,798.0,265.0,,,,,,,,0.0,0.0,0.0,0.0,0.0,0.0,0.0,0.0,0.0,25,0,0,0,0,0,0,0,0,0,0,0,0,0,0,0,0,8,0.0,0.0,0.0,0.0,0.0,0.0,0.0,0.0,0.0,0,0,0,0
10,Myles,Lewis-Skelly,Lewis-Skelly,a,,,5.1,239,36.0,1.4,156,60.0,0.2,364.0,139.0,0,0,0.0,-4,4.0,107,172,0.0,2.4,2.4,1.2,0.9,496.0,173.0,,,415.0,156.0,329.0,111.0,371.0,129.0,402.0,145.0,,,,,,,,0.01,0.02,0.03,1.52,0.0,0.0,1.45,0.29,4.05,25,0,0,0,0,0,0,0,0,0,0,0,0,0,0,0,289,874,0.0,0.0,0.0,0.0,0.0,0.0,0.0,0.0,0.0,0,0,0,0
11,Benjamin,White,White,a,,,5.1,228,31.0,0.6,244,90.0,1.4,214.0,80.0,0,0,0.0,-4,4.0,179,183,0.3,5.9,4.8,2.4,4.3,45.0,17.0,100.0,100.0,315.0,121.0,241.0,68.0,307.0,97.0,326.0,111.0,,,,,,,,0.09,0.11,0.2,1.35,0.0,0.66,0.88,1.1,7.92,25,0,0,0,0,0,0,0,0,0,0,0,0,0,0,0,874,2025,0.0,0.0,0.0,0.0,0.0,0.0,0.0,0.0,0.0,0,0,0,0
13,Brayden,Clarke,Clarke,a,,,3.8,808,257.0,0.4,266,100.0,0.0,400.0,164.0,0,0,0.0,-2,2.0,25,69,0.0,0.0,2.0,1.0,0.0,521.0,194.0,,,511.0,193.0,499.0,193.0,463.0,185.0,513.0,193.0,,,,,,,,0.0,0.0,0.0,0.0,0.0,0.0,0.0,0.0,0.0,25,0,0,0,0,0,0,0,0,0,0,0,0,0,0,0,131,380,0.0,0.0,0.0,0.0,0.0,0.0,0.0,0.0,0.0,0,0,0,0
14,Maldini,Kacurri,Kacurri,u,has joined Morecambe on loan for the rest of the season.,,3.9,779,229.0,0.1,476,172.0,0.0,441.0,178.0,0,0,0.0,-1,1.0,0,5,0.0,0.0,0.0,0.0,0.0,560.0,206.0,0.0,0.0,550.0,205.0,539.0,205.0,503.0,197.0,552.0,205.0,,,,,,,,0.0,0.0,0.0,0.0,0.0,0.0,0.0,0.0,0.0,25,0,0,0,0,0,0,0,0,0,0,0,0,0,0,0,0,26,0.0,0.0,0.0,0.0,0.0,0.0,0.0,0.0,0.0,0,0,0,0
15,Josh,Nichols,Nichols,a,,,3.7,815,263.0,0.2,384,142.0,0.0,378.0,143.0,0,-1,1.0,-3,3.0,114,31,0.0,0.0,2.0,1.0,0.0,506.0,180.0,,,495.0,178.0,480.0,175.0,443.0,166.0,497.0,178.0,,,,,,,,0.0,0.0,0.0,0.0,0.0,0.0,0.0,0.0,0.0,25,0,0,0,0,0,0,0,0,0,0,0,0,0,0,0,138,99,0.0,0.0,0.0,0.0,0.0,0.0,0.0,0.0,0.0,0,0,0,0
16,Bukayo,Saka,Saka,d,Hip injury - 50% chance of playing,,9.9,5,3.0,9.9,40,15.0,1.2,236.0,98.0,0,0,0.0,-1,1.0,177,18469,0.1,10.2,2.2,1.1,4.8,25.0,9.0,50.0,50.0,70.0,22.0,8.0,8.0,12.0,5.0,6.0,4.0,2.0,,1.0,,,,,0.33,0.3,0.63,0.58,0.0,0.47,0.7,0.99,6.88,25,0,0,0,0,0,0,0,0,0,0,0,0,0,0,0,703,274090,0.0,0.0,0.0,0.0,0.0,0.0,0.0,0.0,0.0,0,0,0,0
17,Martin,Ødegaard,Ødegaard,d,Muscle injury - 50% chance of playing,,7.8,18,13.0,2.0,131,43.0,2.4,118.0,49.0,0,0,0.0,-2,2.0,54,3158,0.3,7.3,3.4,1.7,3.2,164.0,74.0,50.0,50.0,195.0,83.0,29.0,28.0,172.0,97.0,98.0,55.0,4.0,,3.0,,,,,0.09,0.25,0.34,1.01,0.0,0.36,0.89,1.16,6.76,25,0,0,0,0,0,0,0,0,0,0,0,0,0,0,0,230,17613,0.0,0.0,0.0,0.0,0.0,0.0,0.0,0.0,0.0,0,0,0,0
18,Noni,Madueke,Madueke,a,,,6.8,47,29.0,1.2,178,61.0,3.4,65.0,26.0,0,0,0.0,-2,2.0,4402,199,0.5,5.3,8.8,4.4,2.4,282.0,122.0,100.0,100.0,295.0,133.0,108.0,77.0,99.0,62.0,180.0,95.0,3.0,,,,,,,0.09,0.27,0.36,1.06,0.0,0.57,0.85,1.13,4.67,25,0,0,0,0,0,0,0,0,0,0,0,0,0,0,0,38968,1783,0.0,0.0,0.0,0.0,0.0,0.0,0.0,0.0,0.0,0,0,0,0
19,Gabriel,Martinelli Silva,Martinelli,a,,,6.8,48,30.0,0.9,196,66.0,1.0,252.0,107.0,0,0,0.0,-2,2.0,582,139,0.1,4.9,4.0,2.0,1.8,365.0,162.0,100.0,100.0,324.0,146.0,254.0,154.0,89.0,55.0,255.0,125.0,,,,,,,,0.42,0.08,0.5,0.88,0.0,0.31,0.47,1.1,5.96,25,0,0,0,0,0,0,0,0,0,0,0,0,0,0,0,2522,792,0.0,0.0,0.0,0.0,0.0,0.0,0.0,0.0,0.0,0,0,0,0
20,Leandro,Trossard,Trossard,a,,,6.8,45,27.0,1.5,151,50.0,1.6,191.0,79.0,0,0,0.0,-2,2.0,3429,648,0.2,12.6,5.2,2.6,4.3,49.0,23.0,100.0,100.0,107.0,35.0,47.0,40.0,41.0,24.0,43.0,32.0,,,4.0,,,,,0.29,0.15,0.44,0.61,0.0,0.47,0.75,0.95,5.7,25,0,0,0,0,0,0,0,0,0,0,0,0,0,0,0,21812,7367,0.0,0.0,0.0,0.0,0.0,0.0,0.0,0.0,0.0,0,0,0,0
21,Declan,Rice,Rice,a,,,7.5,21,15.0,33.7,8,3.0,2.0,168.0,69.0,0,0,0.0,10,-10.0,23153,3623,0.3,17.2,6.0,3.0,5.6,8.0,5.0,100.0,100.0,12.0,3.0,3.0,3.0,78.0,48.0,8.0,6.0,1.0,1.0,,,,,,0.13,0.23,0.36,0.6,0.0,0.5,0.73,1.01,10.76,25,0,0,0,0,0,0,0,0,0,0,0,0,0,0,0,172621,39266,0.0,0.0,0.0,0.0,0.0,0.0,0.0,0.0,0.0,0,0,0,0
22,Mikel,Merino Zazón,Merino,i,Foot injury - Unknown return date,,5.5,142,88.0,1.1,182,62.0,1.6,188.0,78.0,0,0,0.0,-5,5.0,5,2276,0.3,12.0,0.0,0.0,3.1,180.0,79.0,0.0,0.0,149.0,53.0,139.0,97.0,81.0,49.0,118.0,65.0,,,,,,,,0.27,0.13,0.4,0.6,0.0,0.36,0.81,0.9,10.03,25,0,0,0,0,0,0,0,0,0,0,0,0,0,0,0,20,12361,0.0,0.0,0.0,0.0,0.0,0.0,0.0,0.0,0.0,0,0,0,0
23,Fábio,Ferreira Vieira,Fábio Vieira,u,has joined Hamburger on loan for the rest of the season.,,5.4,173,107.0,0.0,673,277.0,0.0,777.0,342.0,0,0,0.0,-1,1.0,0,0,0.0,0.0,0.0,0.0,0.0,797.0,353.0,0.0,0.0,797.0,353.0,796.0,353.0,792.0,352.0,797.0,353.0,,,,,,,,0.0,0.0,0.0,0.0,0.0,0.0,0.0,0.0,0.0,25,0,0,0,0,0,0,0,0,0,0,0,0,0,0,0,0,1,0.0,0.0,0.0,0.0,0.0,0.0,0.0,0.0,0.0,0,0,0,0
24,Christian,Nørgaard,Nørgaard,a,,,5.1,226,138.0,0.1,434,145.0,0.0,756.0,329.0,0,0,0.0,-4,4.0,28,18,0.0,0.6,2.0,1.0,1.0,485.0,224.0,100.0,100.0,441.0,197.0,467.0,225.0,407.0,198.0,454.0,205.0,,,,,,,,0.15,0.0,0.15,6.27,0.0,0.0,2.9,0.0,23.23,25,0,0,0,0,0,0,0,0,0,0,0,0,0,0,0,70,62,0.0,0.0,0.0,0.0,0.0,0.0,0.0,0.0,0.0,0,0,0,0
25,Ethan,Nwaneri,Nwaneri,u,has joined Marseille on loan for the rest of the season.,,5.0,270,164.0,0.1,440,149.0,0.0,745.0,320.0,0,0,0.0,-5,5.0,0,40,0.0,1.6,0.0,0.0,1.3,421.0,188.0,0.0,0.0,451.0,203.0,375.0,193.0,352.0,183.0,428.0,193.0,,,,,,,,0.13,0.04,0.17,0.4,0.0,0.55,0.0,0.0,7.09,25,0,0,0,0,0,0,0,0,0,0,0,0,0,0,0,0,84,0.0,0.0,0.0,0.0,0.0,0.0,0.0,0.0,0.0,0,0,0,0
26,Martín,Zubimendi Ibáñez,Zubimendi,a,,,5.2,216,132.0,2.6,111,33.0,3.8,47.0,21.0,0,0,0.0,-3,3.0,7311,389,0.7,17.5,9.6,4.8,3.8,91.0,41.0,100.0,100.0,60.0,17.0,77.0,58.0,91.0,57.0,59.0,37.0,,,,,,,,0.11,0.07,0.18,0.7,0.0,0.54,0.68,1.04,9.25,25,0,0,0,0,0,0,0,0,0,0,0,0,0,0,0,28696,2699,0.0,0.0,0.0,0.0,0.0,0.0,0.0,0.0,0.0,0,0,0,0
28,Ismeal,Kabia,Kabia,u,has joined Shrewsbury Town on loan for the rest of the season.,,4.5,487,297.0,0.1,473,164.0,0.0,653.0,251.0,0,0,0.0,0,0.0,0,4,0.0,0.0,0.0,0.0,0.0,726.0,299.0,0.0,0.0,725.0,298.0,719.0,298.0,702.0,293.0,725.0,298.0,,,,,,,,0.0,0.0,0.0,0.0,0.0,0.0,0.0,0.0,0.0,25,0,0,0,0,0,0,0,0,0,0,0,0,0,0,0,0,11,0.0,0.0,0.0,0.0,0.0,0.0,0.0,0.0,0.0,0,0,0,0
29,Albert,Sambi Lokonga,Sambi,u,has joined Hamburger permanently.,,4.5,429,256.0,0.0,582,219.0,0.0,610.0,215.0,0,0,0.0,0,0.0,0,5,0.0,0.0,0.0,0.0,0.0,690.0,269.0,0.0,0.0,685.0,264.0,681.0,267.0,660.0,259.0,687.0,266.0,,,,,,,,0.0,0.0,0.0,0.0,0.0,0.0,0.0,0.0,0.0,25,0,0,0,0,0,0,0,0,0,0,0,0,0,0,0,0,10,0.0,0.0,0.0,0.0,0.0,0.0,0.0,0.0,0.0,0,0,0,0
30,Kai,Havertz,Havertz,a,,,7.3,25,10.0,0.6,247,39.0,0.4,331.0,42.0,0,0,0.0,-2,2.0,2166,123,0.1,0.4,2.8,1.4,1.5,405.0,50.0,100.0,100.0,445.0,52.0,401.0,52.0,423.0,58.0,451.0,55.0,,,,,,,,0.0,0.02,0.02,0.94,0.0,1.0,0.0,1.0,7.0,25,0,0,0,0,0,0,0,0,0,0,0,0,0,0,0,10017,1240,0.0,0.0,0.0,0.0,0.0,0.0,0.0,0.0,0.0,0,0,0,0
31,Gabriel,Fernando de Jesus,G.Jesus,a,,,6.4,56,20.0,0.6,237,36.0,1.6,190.0,24.0,0,0,0.0,-1,1.0,1939,356,0.2,2.5,5.2,2.6,1.8,364.0,44.0,100.0,100.0,329.0,31.0,378.0,47.0,119.0,29.0,302.0,35.0,,,,,,,,0.71,0.06,0.77,1.32,0.0,0.0,2.05,0.41,8.59,25,0,0,0,0,0,0,0,0,0,0,0,0,0,0,0,6698,2625,0.0,0.0,0.0,0.0,0.0,0.0,0.0,0.0,0.0,0,0,0,0
266,Eberechi,Eze,Eze,a,,,7.2,30,18.0,7.9,51,19.0,0.6,289.0,127.0,0,0,0.0,-3,3.0,1539,1661,0.1,9.6,3.2,1.6,3.6,114.0,54.0,,,184.0,75.0,148.0,101.0,64.0,40.0,122.0,67.0,,,,,,,,0.22,0.14,0.36,0.55,0.0,0.51,0.6,1.02,5.89,25,0,0,0,0,0,0,0,0,0,0,0,0,0,0,0,5850,8674,0.0,0.0,0.0,0.0,0.0,0.0,0.0,0.0,0.0,0,0,0,0
662,Cristhian,Mosquera,Mosquera,a,,,5.3,203,26.0,0.1,432,162.0,0.0,770.0,260.0,0,0,0.0,-2,2.0,41,23,0.0,3.2,2.0,1.0,1.7,372.0,136.0,100.0,100.0,346.0,130.0,373.0,135.0,400.0,150.0,394.0,141.0,,,,,,,,0.0,0.09,0.09,0.56,0.0,0.21,0.84,0.84,7.34,25,0,0,0,0,0,0,0,0,0,0,0,0,0,0,0,133,98,0.0,0.0,0.0,0.0,0.0,0.0,0.0,0.0,0.0,0,0,0,0
666,Viktor,Gyökeres,Gyökeres,a,,,8.7,9,5.0,9.7,42,7.0,2.2,144.0,17.0,0,0,0.0,-3,3.0,6328,810,0.3,7.2,6.4,3.2,2.9,212.0,22.0,100.0,100.0,202.0,16.0,168.0,15.0,21.0,12.0,81.0,15.0,,,2.0,,,,,0.43,0.06,0.49,0.61,0.0,0.62,0.43,1.12,3.35,25,0,0,0,0,0,0,0,0,0,0,0,0,0,0,0,25923,5303,0.0,0.0,0.0,0.0,0.0,0.0,0.0,0.0,0.0,0,0,0,0
700,Max,Dowman,Dowman,i,Ankle injury - Unknown return date,,4.2,651,367.0,0.4,277,94.0,0.0,528.0,168.0,0,0,0.0,-3,3.0,270,228,0.0,1.2,0.0,0.0,2.5,258.0,112.0,0.0,0.0,484.0,222.0,457.0,219.0,346.0,181.0,448.0,203.0,,,,,,,,0.47,0.07,0.54,0.4,0.0,0.0,0.0,0.0,10.0,25,0,0,0,0,0,0,0,0,0,0,0,0,0,0,0,1855,1179,0.0,0.0,0.0,0.0,0.0,0.0,0.0,0.0,0.0,0,0,0,0
711,Andre,Harriman-Annous,Harriman-Annous,a,,,4.4,570,342.0,0.0,702,295.0,0.0,593.0,208.0,0,0,0.0,-1,1.0,4,0,0.0,0.0,2.0,1.0,0.0,678.0,263.0,,,673.0,258.0,667.0,261.0,644.0,252.0,675.0,260.0,,,,,,,,0.0,0.0,0.0,0.0,0.0,0.0,0.0,0.0,0.0,25,0,0,0,0,0,0,0,0,0,0,0,0,0,0,0,16,12,0.0,0.0,0.0,0.0,0.0,0.0,0.0,0.0,0.0,0,0,0,0
725,Piero,Hincapié,Hincapie,a,,,5.1,236,34.0,0.7,220,83.0,1.4,215.0,81.0,0,0,0.0,-4,4.0,820,194,0.3,8.0,4.8,2.4,2.9,206.0,80.0,100.0,100.0,229.0,91.0,289.0,95.0,353.0,118.0,305.0,103.0,,,,,,,,0.0,0.07,0.07,0.88,0.0,0.26,0.97,1.06,8.03,25,0,0,0,0,0,0,0,0,0,0,0,0,0,0,0,5219,2430,0.0,0.0,0.0,0.0,0.0,0.0,0.0,0.0,0.0,0,0,0,0
759,Marli,Salmon,Salmon,a,,,4.0,726,203.0,0.0,687,237.0,0.0,504.0,216.0,0,0,0.0,0,0.0,12,6,0.0,0.0,2.0,1.0,0.0,617.0,239.0,,,607.0,238.0,599.0,238.0,566.0,233.0,609.0,238.0,,,,,,,,0.0,0.0,0.0,0.0,0.0,0.0,0.0,0.0,0.0,25,0,0,0,0,0,0,0,0,0,0,0,0,0,0,0,31,19,0.0,0.0,0.0,0.0,0.0,0.0,0.0,0.0,0.0,0,0,0,0
32,Emiliano,Martínez Romero,Martinez,a,,,5.0,244,7.0,3.4,95,15.0,3.5,57.0,6.0,0,0,0.0,0,0.0,1255,601,0.7,15.6,3.5,3.5,3.9,78.0,7.0,100.0,100.0,66.0,12.0,439.0,12.0,763.0,86.0,238.0,12.0,,,,,,,,0.0,0.0,0.0,1.3,2.82,0.26,0.92,1.03,0.0,25,0,0,0,0,0,0,0,0,0,0,0,0,0,0,0,9434,4755,0.0,0.0,0.0,0.0,0.0,0.0,0.0,0.0,0.0,0,0,0,0
33,Marco,Bizot,M.Bizot,a,,,4.2,627,32.0,0.4,274,35.0,0.0,514.0,79.0,0,0,0.0,-3,3.0,22,35,0.0,2.6,0.0,0.0,2.2,296.0,25.0,,,337.0,27.0,609.0,76.0,578.0,61.0,403.0,27.0,,,,,,,,0.0,0.0,0.0,1.9,2.89,0.22,1.78,0.89,0.0,25,0,0,0,0,0,0,0,0,0,0,0,0,0,0,0,86,192,0.0,0.0,0.0,0.0,0.0,0.0,0.0,0.0,0.0,0,0,0,0
34,Joe,Gauci,Gauci,u,Has joined Port Vale on loan for the rest of the season.,,4.0,683,53.0,0.1,482,74.0,0.0,465.0,63.0,0,0,0.0,0,0.0,0,6,0.0,0.0,0.0,0.0,0.0,582.0,72.0,0.0,0.0,572.0,72.0,564.0,60.0,530.0,45.0,574.0,72.0,,,,,,,,0.0,0.0,0.0,0.0,0.0,0.0,0.0,0.0,0.0,25,0,0,0,0,0,0,0,0,0,0,0,0,0,0,0,0,28,0.0,0.0,0.0,0.0,0.0,0.0,0.0,0.0,0.0,0,0,0,0
35,Filip,Marschall,Marschall,u,Has joined Stevenage permanently.,,4.0,682,52.0,0.0,735,85.0,0.0,464.0,62.0,0,0,0.0,0,0.0,0,0,0.0,0.0,0.0,0.0,0.0,581.0,71.0,0.0,0.0,571.0,71.0,563.0,59.0,529.0,44.0,573.0,71.0,,,,,,,,0.0,0.0,0.0,0.0,0.0,0.0,0.0,0.0,0.0,25,0,0,0,0,0,0,0,0,0,0,0,0,0,0,0,0,3,0.0,0.0,0.0,0.0,0.0,0.0,0.0,0.0,0.0,0,0,0,0
36,Matty,Cash,Cash,a,,,4.9,301,46.0,11.8,33,12.0,2.5,108.0,41.0,0,1,-1.0,4,-4.0,2788,2129,0.5,19.8,2.5,2.5,4.2,53.0,21.0,100.0,100.0,52.0,24.0,44.0,4.0,139.0,25.0,53.0,8.0,1.0,,,,,,,0.04,0.1,0.14,1.31,0.0,0.31,0.93,1.01,5.78,25,0,0,0,0,0,0,0,0,0,0,0,0,0,0,0,22270,20315,0.0,0.0,0.0,0.0,0.0,0.0,0.0,0.0,0.0,0,0,0,0
37,Lucas,Digne,Digne,a,,,4.5,409,73.0,1.6,149,58.0,1.0,239.0,90.0,0,0,0.0,0,0.0,189,290,0.2,15.1,1.0,1.0,3.1,171.0,68.0,100.0,100.0,182.0,76.0,78.0,18.0,211.0,55.0,139.0,44.0,2.0,2.0,,,,,,0.04,0.16,0.2,1.36,0.0,0.44,0.88,1.03,4.93,25,0,0,0,0,0,0,0,0,0,0,0,0,0,0,0,1258,2665,0.0,0.0,0.0,0.0,0.0,0.0,0.0,0.0,0.0,0,0,0,0
38,Ezri,Konsa Ngoyo,Konsa,a,,,4.4,526,106.0,7.6,52,16.0,2.5,103.0,38.0,0,0,0.0,-1,1.0,943,789,0.6,16.4,2.5,2.5,3.1,170.0,67.0,100.0,100.0,79.0,33.0,259.0,78.0,248.0,70.0,173.0,57.0,,,,,,,,0.03,0.02,0.05,1.43,0.0,0.31,1.1,1.01,5.9,25,0,0,0,0,0,0,0,0,0,0,0,0,0,0,0,9000,7310,0.0,0.0,0.0,0.0,0.0,0.0,0.0,0.0,0.0,0,0,0,0
39,Ian,Maatsen,Maatsen,a,,,4.2,637,149.0,0.6,250,94.0,2.2,121.0,44.0,0,0,0.0,-3,3.0,214,68,0.5,6.4,2.2,2.2,1.5,393.0,142.0,,,241.0,99.0,107.0,27.0,163.0,36.0,181.0,60.0,5.0,,,,,,,0.08,0.16,0.24,1.48,0.0,0.1,1.34,0.96,7.18,25,0,0,0,0,0,0,0,0,0,0,0,0,0,0,0,1407,658,0.0,0.0,0.0,0.0,0.0,0.0,0.0,0.0,0.0,0,0,0,0
40,Tyrone,Mings,Mings,a,,,4.3,577,126.0,0.6,246,92.0,0.2,344.0,130.0,0,0,0.0,-2,2.0,70,36,0.0,5.8,0.2,0.2,3.1,168.0,65.0,100.0,100.0,300.0,115.0,333.0,113.0,347.0,114.0,355.0,124.0,,,,,,,,0.06,0.02,0.08,1.57,0.0,0.35,1.05,1.05,7.73,25,0,0,0,0,0,0,0,0,0,0,0,0,0,0,0,298,172,0.0,0.0,0.0,0.0,0.0,0.0,0.0,0.0,0.0,0,0,0,0
41,Pau,Torres,Pau,a,,,4.3,586,132.0,0.3,305,114.0,2.5,102.0,37.0,0,0,0.0,-2,2.0,94,44,0.6,11.4,2.5,2.5,3.3,138.0,51.0,100.0,100.0,203.0,80.0,351.0,123.0,298.0,95.0,289.0,98.0,,,,,,,,0.04,0.02,0.06,1.28,0.0,0.3,0.97,0.97,6.49,25,0,0,0,0,0,0,0,0,0,0,0,0,0,0,0,770,293,0.0,0.0,0.0,0.0,0.0,0.0,0.0,0.0,0.0,0,0,0,0
42,Andrés,García,A.García,i,Hamstring injury - Expected back 21 Feb,,3.9,780,230.0,0.2,367,133.0,0.0,442.0,179.0,0,0,0.0,-1,1.0,7,67,0.0,0.3,0.0,0.0,0.5,501.0,175.0,0.0,0.0,488.0,174.0,446.0,163.0,504.0,198.0,490.0,174.0,,,,,,,,0.0,0.03,0.03,4.56,0.0,0.0,6.0,0.0,0.0,25,0,0,0,0,0,0,0,0,0,0,0,0,0,0,0,29,279,0.0,0.0,0.0,0.0,0.0,0.0,0.0,0.0,0.0,0,0,0,0
43,Álex,Moreno Lopera,Alex Moreno,u,Has joined Girona permanently.,,4.0,661,161.0,1.6,146,57.0,0.0,447.0,181.0,0,0,0.0,0,0.0,0,96,0.0,0.0,0.0,0.0,0.0,565.0,208.0,0.0,0.0,555.0,207.0,545.0,207.0,510.0,200.0,557.0,207.0,,,,,,,,0.0,0.0,0.0,0.0,0.0,0.0,0.0,0.0,0.0,25,0,0,0,0,0,0,0,0,0,0,0,0,0,0,0,0,476,0.0,0.0,0.0,0.0,0.0,0.0,0.0,0.0,0.0,0,0,0,0
44,Lamare,Bogarde,Bogarde,a,,,4.0,700,181.0,0.5,254,96.0,0.8,259.0,96.0,0,0,0.0,0,0.0,104,65,0.2,6.0,0.8,0.8,1.3,412.0,150.0,100.0,100.0,365.0,139.0,336.0,116.0,391.0,143.0,386.0,136.0,,,,,,,,0.0,0.02,0.02,1.37,0.0,0.16,1.27,0.96,4.94,25,0,0,0,0,0,0,0,0,0,0,0,0,0,0,0,456,464,0.0,0.0,0.0,0.0,0.0,0.0,0.0,0.0,0.0,0,0,0,0
45,Lino,da Cruz Sousa,Sousa,u,has joined Rotherham on loan for the rest of the season.,,3.8,798,247.0,0.3,313,117.0,0.0,393.0,157.0,0,0,0.0,-2,2.0,39,179,0.0,0.0,0.0,0.0,0.0,516.0,189.0,0.0,,506.0,188.0,492.0,186.0,455.0,177.0,508.0,188.0,,,,,,,,0.0,0.0,0.0,0.0,0.0,0.0,0.0,0.0,0.0,25,0,0,0,0,0,0,0,0,0,0,0,0,0,0,0,420,315,0.0,0.0,0.0,0.0,0.0,0.0,0.0,0.0,0.0,0,0,0,0
46,Yasin,Özcan,Yasin,u,has joined Anderlecht on loan for the rest of the season.,,4.0,716,194.0,0.1,457,167.0,0.0,495.0,208.0,0,0,0.0,0,0.0,0,4,0.0,0.0,0.0,0.0,0.0,609.0,232.0,0.0,0.0,599.0,231.0,591.0,231.0,558.0,226.0,601.0,231.0,,,,,,,,0.0,0.0,0.0,0.0,0.0,0.0,0.0,0.0,0.0,25,0,0,0,0,0,0,0,0,0,0,0,0,0,0,0,0,22,0.0,0.0,0.0,0.0,0.0,0.0,0.0,0.0,0.0,0,0,0,0
47,Morgan,Rogers,Rogers,a,,,7.6,20,14.0,29.9,11,4.0,3.0,92.0,37.0,0,0,0.0,6,-6.0,3763,13787,0.4,14.9,3.0,3.0,4.7,27.0,11.0,100.0,100.0,40.0,9.0,25.0,24.0,11.0,4.0,9.0,7.0,,,,,,,,0.19,0.12,0.31,1.4,0.0,0.29,1.09,1.01,6.06,25,0,0,0,0,0,0,0,0,0,0,0,0,0,0,0,34468,115120,0.0,0.0,0.0,0.0,0.0,0.0,0.0,0.0,0.0,0,0,0,0
48,Youri,Tielemans,Tielemans,i,Ankle injury - Expected back 11 Apr,,5.9,92,58.0,0.7,209,71.0,1.2,234.0,97.0,0,0,0.0,-1,1.0,5,830,0.2,8.8,0.0,0.0,3.1,183.0,80.0,0.0,0.0,133.0,45.0,37.0,35.0,157.0,89.0,79.0,47.0,3.0,,,,,,,0.07,0.18,0.25,1.6,0.0,0.28,1.18,1.04,9.59,25,0,0,0,0,0,0,0,0,0,0,0,0,0,0,0,24,3805,0.0,0.0,0.0,0.0,0.0,0.0,0.0,0.0,0.0,0,0,0,0
49,Leon,Bailey,Bailey,a,,,5.5,143,89.0,0.1,494,174.0,0.5,322.0,145.0,0,0,0.0,0,0.0,53,9,0.1,0.4,0.5,0.5,1.0,491.0,229.0,100.0,100.0,450.0,202.0,344.0,183.0,355.0,185.0,417.0,188.0,,,,,,,,0.18,0.37,0.55,0.41,0.0,0.0,0.0,0.0,11.84,25,0,0,0,0,0,0,0,0,0,0,0,0,0,0,0,222,74,0.0,0.0,0.0,0.0,0.0,0.0,0.0,0.0,0.0,0,0,0,0
50,Emiliano,Buendía Stati,Buendía,a,,,5.3,190,117.0,0.6,248,85.0,3.8,48.0,22.0,0,0,0.0,-2,2.0,517,244,0.7,13.8,3.8,3.8,3.3,145.0,65.0,100.0,100.0,138.0,47.0,94.0,71.0,66.0,41.0,84.0,50.0,,6.0,2.0,,,,,0.22,0.12,0.34,1.4,0.0,0.26,0.88,1.05,10.61,25,0,0,0,0,0,0,0,0,0,0,0,0,0,0,0,4319,2441,0.0,0.0,0.0,0.0,0.0,0.0,0.0,0.0,0.0,0,0,0,0
51,Samuel,Iling-Junior,Iling Jr,u,has joined Pisa on loan for the rest of the season.,,5.5,151,94.0,0.0,675,278.0,0.0,788.0,350.0,0,0,0.0,0,0.0,0,0,0.0,0.0,0.0,0.0,0.0,804.0,358.0,0.0,0.0,804.0,358.0,803.0,358.0,800.0,357.0,804.0,358.0,,,,,,,,0.0,0.0,0.0,0.0,0.0,0.0,0.0,0.0,0.0,25,0,0,0,0,0,0,0,0,0,0,0,0,0,0,0,0,2,0.0,0.0,0.0,0.0,0.0,0.0,0.0,0.0,0.0,0,0,0,0
53,Donyell,Malen,Malen,u,has joined Roma on loan for the rest of the season.,,5.1,229,140.0,0.4,264,89.0,0.0,758.0,331.0,0,0,0.0,-4,4.0,0,181,0.0,10.8,0.0,0.0,2.6,251.0,110.0,0.0,0.0,251.0,106.0,230.0,143.0,63.0,39.0,184.0,98.0,,,,,,,,0.57,0.05,0.62,1.49,0.0,0.14,1.41,0.7,2.25,25,0,0,0,0,0,0,0,0,0,0,0,0,0,0,0,0,886,0.0,0.0,0.0,0.0,0.0,0.0,0.0,0.0,0.0,0,0,0,0
54,John,McGinn,McGinn,i,Knee injury - Expected back 21 Mar,,5.4,160,98.0,0.6,234,82.0,0.2,371.0,164.0,0,0,0.0,-1,1.0,6,676,0.0,13.1,0.0,0.0,3.2,160.0,71.0,0.0,0.0,144.0,50.0,42.0,39.0,111.0,66.0,73.0,44.0,4.0,,,,,,,0.14,0.11,0.25,1.5,0.0,0.4,1.19,1.19,7.13,25,0,0,0,0,0,0,0,0,0,0,0,0,0,0,0,23,3648,0.0,0.0,0.0,0.0,0.0,0.0,0.0,0.0,0.0,0,0,0,0
55,Ross,Barkley,Barkley,a,,,4.8,353,220.0,0.0,622,243.0,0.0,690.0,279.0,0,0,0.0,-2,2.0,24,3,0.0,3.1,0.0,0.0,2.1,310.0,135.0,100.0,100.0,392.0,172.0,355.0,185.0,293.0,154.0,376.0,176.0,,,,,,,,0.34,0.13,0.47,1.11,0.0,0.0,0.0,0.0,11.84,25,0,0,0,0,0,0,0,0,0,0,0,0,0,0,0,84,17,0.0,0.0,0.0,0.0,0.0,0.0,0.0,0.0,0.0,0,0,0,0
56,Enzo,Barrenechea,Barrenechea,u,Season-long loan to Benfica,,5.0,267,162.0,0.0,817,367.0,0.0,743.0,318.0,0,0,0.0,0,0.0,0,0,0.0,0.0,0.0,0.0,0.0,782.0,342.0,0.0,0.0,782.0,342.0,780.0,342.0,773.0,340.0,782.0,342.0,,,,,,,,0.0,0.0,0.0,0.0,0.0,0.0,0.0,0.0,0.0,25,0,0,0,0,0,0,0,0,0,0,0,0,0,0,0,0,0,0.0,0.0,0.0,0.0,0.0,0.0,0.0,0.0,0.0,0,0,0,0
57,Lewis,Dobbin,Dobbin,u,Has joined Preston North End on loan for the rest of the season.,,5.0,261,159.0,0.0,656,267.0,0.0,739.0,315.0,0,0,0.0,0,0.0,0,0,0.0,0.0,0.0,0.0,0.0,778.0,339.0,0.0,0.0,778.0,339.0,775.0,339.0,769.0,337.0,778.0,339.0,,,,,,,,0.0,0.0,0.0,0.0,0.0,0.0,0.0,0.0,0.0,25,0,0,0,0,0,0,0,0,0,0,0,0,0,0,0,0,1,0.0,0.0,0.0,0.0,0.0,0.0,0.0,0.0,0.0,0,0,0,0
58,Boubacar,Kamara,Kamara,i,Knee injury - Expected back 01 Jun,,4.9,316,196.0,0.2,348,116.0,0.0,712.0,294.0,0,0,0.0,-1,1.0,1,182,0.0,12.4,0.0,0.0,3.4,132.0,61.0,0.0,0.0,124.0,43.0,103.0,75.0,258.0,138.0,152.0,85.0,,,,,,,,0.03,0.05,0.08,1.33,0.0,0.32,0.96,1.09,9.51,25,0,0,0,0,0,0,0,0,0,0,0,0,0,0,0,7,1191,0.0,0.0,0.0,0.0,0.0,0.0,0.0,0.0,0.0,0,0,0,0
59,Amadou,Onana,Onana,a,,,4.8,368,229.0,0.6,227,79.0,1.2,222.0,90.0,0,0,0.0,-2,2.0,284,104,0.3,10.6,1.2,1.2,3.4,129.0,59.0,100.0,100.0,183.0,74.0,277.0,161.0,265.0,142.0,258.0,127.0,,,,,,,,0.04,0.02,0.06,1.49,0.0,0.37,1.02,1.11,12.01,25,0,0,0,0,0,0,0,0,0,0,0,0,0,0,0,1452,740,0.0,0.0,0.0,0.0,0.0,0.0,0.0,0.0,0.0,0,0,0,0
60,Ben,Broggio,Broggio,u,has joined Falkirk on loan for the rest of the season.,,4.4,562,337.0,0.3,325,108.0,0.0,588.0,205.0,0,0,0.0,-1,1.0,7,138,0.0,0.0,0.0,0.0,0.0,674.0,261.0,0.0,,668.0,255.0,663.0,259.0,639.0,249.0,670.0,257.0,,,,,,,,0.0,0.0,0.0,0.0,0.0,0.0,0.0,0.0,0.0,25,0,0,0,0,0,0,0,0,0,0,0,0,0,0,0,76,243,0.0,0.0,0.0,0.0,0.0,0.0,0.0,0.0,0.0,0,0,0,0
61,Leander,Dendoncker,Dendoncker,u,Has joined Real Oviedo permanently.,,4.5,411,250.0,0.1,527,189.0,0.0,596.0,209.0,0,0,0.0,0,0.0,0,5,0.0,0.0,0.0,0.0,0.0,681.0,264.0,0.0,0.0,676.0,259.0,670.0,262.0,647.0,253.0,678.0,261.0,,,,,,,,0.0,0.0,0.0,0.0,0.0,0.0,0.0,0.0,0.0,25,0,0,0,0,0,0,0,0,0,0,0,0,0,0,0,0,21,0.0,0.0,0.0,0.0,0.0,0.0,0.0,0.0,0.0,0,0,0,0
62,Jamaldeen,Jimoh-Aloba,Jimoh-Aloba,u,has joined West Brom on loan for the rest of the season.,,4.5,474,288.0,0.1,534,192.0,0.0,641.0,243.0,0,0,0.0,0,0.0,6,47,0.0,0.2,0.0,0.0,1.0,466.0,209.0,0.0,,493.0,224.0,471.0,228.0,691.0,286.0,495.0,226.0,,,,,,,,0.0,0.0,0.0,6.86,0.0,0.0,0.0,0.0,11.25,25,0,0,0,0,0,0,0,0,0,0,0,0,0,0,0,76,92,0.0,0.0,0.0,0.0,0.0,0.0,0.0,0.0,0.0,0,0,0,0
63,Kadan,Young,Young,u,has joined Reading on loan for the rest of the season.,,4.3,607,353.0,0.6,226,78.0,0.0,546.0,178.0,0,0,0.0,-2,2.0,79,403,0.0,0.0,0.0,0.0,0.0,642.0,240.0,0.0,,633.0,231.0,629.0,236.0,602.0,224.0,635.0,233.0,,,,,,,,0.0,0.0,0.0,0.0,0.0,0.0,0.0,0.0,0.0,25,0,0,0,0,0,0,0,0,0,0,0,0,0,0,0,1216,1075,0.0,0.0,0.0,0.0,0.0,0.0,0.0,0.0,0.0,0,0,0,0
64,Ollie,Watkins,Watkins,a,,,8.7,8,4.0,9.6,44,9.0,2.5,117.0,14.0,0,0,0.0,-3,3.0,1714,3797,0.3,10.5,2.5,2.5,4.0,74.0,8.0,100.0,100.0,97.0,9.0,137.0,9.0,4.0,3.0,27.0,5.0,,,3.0,,,,,0.49,0.05,0.54,1.44,0.0,0.36,1.14,1.03,3.26,25,0,0,0,0,0,0,0,0,0,0,0,0,0,0,0,8944,63782,0.0,0.0,0.0,0.0,0.0,0.0,0.0,0.0,0.0,0,0,0,0
65,Zépiqueno,Redmond,Redmond,u,has joined Huddersfield Town on loan for the rest of the season.,,4.5,484,69.0,0.3,319,53.0,0.0,651.0,64.0,0,0,0.0,0,0.0,0,13,0.0,0.0,0.0,0.0,0.0,724.0,77.0,0.0,0.0,722.0,77.0,717.0,76.0,700.0,76.0,723.0,77.0,,,,,,,,0.0,0.0,0.0,0.0,0.0,0.0,0.0,0.0,0.0,25,0,0,0,0,0,0,0,0,0,0,0,0,0,0,0,0,45,0.0,0.0,0.0,0.0,0.0,0.0,0.0,0.0,0.0,0,0,0,0
389,Harvey,Elliott,Elliott,a,,,5.1,235,144.0,0.2,387,129.0,0.2,363.0,159.0,0,0,0.0,-4,4.0,43,16,0.0,1.0,0.2,0.2,1.0,486.0,225.0,100.0,100.0,442.0,198.0,361.0,187.0,338.0,178.0,416.0,187.0,,,,,,,,0.24,0.07,0.31,1.42,0.0,0.0,1.64,0.82,4.91,25,0,0,0,0,0,0,0,0,0,0,0,0,0,0,0,121,90,0.0,0.0,0.0,0.0,0.0,0.0,0.0,0.0,0.0,0,0,0,0
456,Jadon,Sancho,Sancho,a,,,5.8,107,68.0,0.2,360,121.0,0.8,280.0,120.0,0,0,0.0,-2,2.0,105,75,0.1,2.9,0.8,0.8,1.3,425.0,192.0,100.0,100.0,393.0,173.0,201.0,134.0,181.0,103.0,301.0,145.0,,,,,,,,0.08,0.16,0.24,1.32,0.0,0.21,0.62,0.83,4.75,25,0,0,0,0,0,0,0,0,0,0,0,0,0,0,0,502,252,0.0,0.0,0.0,0.0,0.0,0.0,0.0,0.0,0.0,0,0,0,0
688,James,Wright,Wright,a,,,3.9,764,83.0,0.6,235,31.0,0.0,426.0,41.0,0,0,0.0,-1,1.0,37,46,0.0,0.0,0.0,0.0,0.0,545.0,51.0,,,535.0,51.0,524.0,36.0,488.0,21.0,537.0,51.0,,,,,,,,0.0,0.0,0.0,0.0,0.0,0.0,0.0,0.0,0.0,25,0,0,0,0,0,0,0,0,0,0,0,0,0,0,0,148,273,0.0,0.0,0.0,0.0,0.0,0.0,0.0,0.0,0.0,0,0,0,0
699,Douglas Luiz,Soares de Paulo,Douglas Luiz,a,,,4.9,318,197.0,0.1,517,185.0,0.5,309.0,136.0,0,0,0.0,-1,1.0,130,24,0.1,2.7,0.5,0.5,1.4,410.0,181.0,100.0,100.0,374.0,164.0,177.0,119.0,300.0,156.0,323.0,156.0,,,,,,,,0.05,0.18,0.23,1.08,0.0,0.0,1.78,1.34,10.47,25,0,0,0,0,0,0,0,0,0,0,0,0,0,0,0,1298,233,0.0,0.0,0.0,0.0,0.0,0.0,0.0,0.0,0.0,0,0,0,0
701,Triston,Rowe,Rowe,u,has joined Annecy on loan for the rest of the season.,,4.0,712,190.0,0.1,528,189.0,0.0,491.0,204.0,0,0,0.0,0,0.0,0,5,0.0,0.0,0.0,0.0,0.0,606.0,229.0,0.0,0.0,596.0,228.0,588.0,228.0,555.0,223.0,598.0,228.0,,,,,,,,0.0,0.0,0.0,0.0,0.0,0.0,0.0,0.0,0.0,25,0,0,0,0,0,0,0,0,0,0,0,0,0,0,0,0,12,0.0,0.0,0.0,0.0,0.0,0.0,0.0,0.0,0.0,0,0,0,0
702,Bradley,Burrowes,Burrowes,a,,,4.4,569,341.0,0.1,536,193.0,0.0,592.0,207.0,0,0,0.0,-1,1.0,8,8,0.0,0.2,0.0,0.0,1.0,460.0,205.0,,,672.0,257.0,470.0,227.0,643.0,251.0,674.0,259.0,,,,,,,,0.0,0.0,0.0,5.06,0.0,0.0,5.62,0.0,5.62,25,0,0,0,0,0,0,0,0,0,0,0,0,0,0,0,31,30,0.0,0.0,0.0,0.0,0.0,0.0,0.0,0.0,0.0,0,0,0,0
703,Sam,Proctor,Proctor,a,,,3.9,775,91.0,0.6,233,30.0,0.0,437.0,49.0,0,0,0.0,-1,1.0,79,97,0.0,0.0,0.0,0.0,0.0,556.0,59.0,,,546.0,59.0,535.0,44.0,499.0,29.0,548.0,59.0,,,,,,,,0.0,0.0,0.0,0.0,0.0,0.0,0.0,0.0,0.0,25,0,0,0,0,0,0,0,0,0,0,0,0,0,0,0,380,513,0.0,0.0,0.0,0.0,0.0,0.0,0.0,0.0,0.0,0,0,0,0
710,Travis,Patterson,Patterson,a,,,3.9,772,226.0,0.2,371,135.0,0.0,434.0,175.0,0,0,0.0,-1,1.0,9,25,0.0,0.0,0.0,0.0,0.0,553.0,203.0,,,543.0,202.0,532.0,202.0,496.0,194.0,545.0,202.0,,,,,,,,0.0,0.0,0.0,0.0,0.0,0.0,0.0,0.0,0.0,25,0,0,0,0,0,0,0,0,0,0,0,0,0,0,0,33,119,0.0,0.0,0.0,0.0,0.0,0.0,0.0,0.0,0.0,0,0,0,0
719,Victor,Lindelöf,Lindelöf,a,,,4.5,415,76.0,0.1,461,169.0,0.2,352.0,134.0,0,0,0.0,0,0.0,43,48,0.0,4.7,0.2,0.2,1.9,341.0,128.0,100.0,100.0,303.0,116.0,367.0,131.0,396.0,148.0,368.0,129.0,,,,,,,,0.0,0.01,0.01,1.71,0.0,0.16,1.43,0.95,5.72,25,0,0,0,0,0,0,0,0,0,0,0,0,0,0,0,161,293,0.0,0.0,0.0,0.0,0.0,0.0,0.0,0.0,0.0,0,0,0,0
754,George,Hemmings,George Hemmings,a,,,4.5,485,295.0,0.0,753,321.0,0.2,354.0,155.0,0,0,0.0,0,0.0,12,7,0.0,0.4,0.2,0.2,1.0,469.0,212.0,,,723.0,296.0,445.0,214.0,435.0,213.0,486.0,223.0,,,,,,,,0.14,0.04,0.18,2.2,0.0,0.0,0.0,0.0,3.6,25,0,0,0,0,0,0,0,0,0,0,0,0,0,0,0,32,9,0.0,0.0,0.0,0.0,0.0,0.0,0.0,0.0,0.0,0,0,0,0
757,Ronnie,Hollingshead,Hollingshead,a,,,4.0,702,62.0,0.0,715,83.0,0.0,481.0,72.0,0,0,0.0,0,0.0,3,4,0.0,0.0,0.0,0.0,0.0,597.0,81.0,,,587.0,81.0,579.0,69.0,545.0,54.0,589.0,81.0,,,,,,,,0.0,0.0,0.0,0.0,0.0,0.0,0.0,0.0,0.0,25,0,0,0,0,0,0,0,0,0,0,0,0,0,0,0,27,14,0.0,0.0,0.0,0.0,0.0,0.0,0.0,0.0,0.0,0,0,0,0
768,Leon,Routh,Leon Routh,a,,,4.0,734,211.0,0.0,723,248.0,0.0,509.0,221.0,0,0,0.0,0,0.0,2,5,0.0,0.0,0.0,0.0,0.0,622.0,244.0,,,613.0,244.0,605.0,244.0,573.0,240.0,615.0,244.0,,,,,,,,0.0,0.0,0.0,0.0,0.0,0.0,0.0,0.0,0.0,25,0,0,0,0,0,0,0,0,0,0,0,0,0,0,0,11,13,0.0,0.0,0.0,0.0,0.0,0.0,0.0,0.0,0.0,0,0,0,0
781,TJ,Carroll,Carroll,a,,,4.0,728,205.0,0.0,745,254.0,0.0,505.0,217.0,0,0,0.0,0,0.0,5,9,0.0,0.0,0.0,0.0,0.0,618.0,240.0,,,609.0,240.0,601.0,240.0,568.0,235.0,611.0,240.0,,,,,,,,0.0,0.0,0.0,0.0,0.0,0.0,0.0,0.0,0.0,25,0,0,0,0,0,0,0,0,0,0,0,0,0,0,0,29,17,0.0,0.0,0.0,0.0,0.0,0.0,0.0,0.0,0.0,0,0,0,0
792,Alysson Edward Franco,da Rocha dos Santos,Alysson,i,Knock - Unknown return date,,5.0,284,176.0,0.0,810,360.0,0.0,754.0,327.0,0,0,0.0,0,0.0,1,0,0.0,0.0,0.0,0.0,0.0,790.0,348.0,0.0,0.0,790.0,348.0,788.0,348.0,782.0,346.0,790.0,348.0,,,,,,,,0.0,0.0,0.0,0.0,0.0,0.0,0.0,0.0,0.0,25,0,0,0,0,0,0,0,0,0,0,0,0,0,0,0,3,2,0.0,0.0,0.0,0.0,0.0,0.0,0.0,0.0,0.0,0,0,0,0
808,Tammy,Abraham,Abraham,a,,,6.0,84,27.0,0.3,323,54.0,1.0,246.0,32.0,0,0,0.0,0,0.0,661,184,0.2,0.3,1.0,1.0,2.0,333.0,35.0,,,455.0,54.0,398.0,51.0,322.0,52.0,427.0,53.0,,,,,,,,0.64,0.08,0.72,0.38,0.0,0.0,1.0,1.0,3.0,25,0,0,0,0,0,0,0,0,0,0,0,0,0,0,0,7045,2046,0.0,0.0,0.0,0.0,0.0,0.0,0.0,0.0,0.0,0,0,0,0
183,Max,Weiß,Weiss,a,,,4.3,604,30.0,0.1,450,67.0,0.0,544.0,85.0,0,0,0.0,-2,2.0,16,18,0.0,0.0,0.0,0.0,0.0,640.0,90.0,,,631.0,90.0,627.0,82.0,600.0,69.0,633.0,90.0,,,,,,,,0.0,0.0,0.0,0.0,0.0,0.0,0.0,0.0,0.0,25,0,0,0,0,0,0,0,0,0,0,0,0,0,0,0,95,75,0.0,0.0,0.0,0.0,0.0,0.0,0.0,0.0,0.0,0,0,0,0
184,Etienne,Green,Green,u,has joined FC Fredericia permanently.,,4.0,689,57.0,0.2,394,59.0,0.0,470.0,67.0,0,0,0.0,0,0.0,0,8,0.0,0.0,0.0,0.0,0.0,587.0,76.0,0.0,0.0,577.0,76.0,569.0,64.0,535.0,49.0,579.0,76.0,,,,,,,,0.0,0.0,0.0,0.0,0.0,0.0,0.0,0.0,0.0,25,0,0,0,0,0,0,0,0,0,0,0,0,0,0,0,0,50,0.0,0.0,0.0,0.0,0.0,0.0,0.0,0.0,0.0,0,0,0,0
185,Václav,Hladký,Hladký,a,,,3.9,736,67.0,0.2,398,60.0,0.0,406.0,26.0,0,0,0.0,-1,1.0,11,14,0.0,0.0,0.0,0.0,0.0,527.0,36.0,,,517.0,36.0,505.0,20.0,469.0,5.0,519.0,36.0,,,,,,,,0.0,0.0,0.0,0.0,0.0,0.0,0.0,0.0,0.0,25,0,0,0,0,0,0,0,0,0,0,0,0,0,0,0,124,113,0.0,0.0,0.0,0.0,0.0,0.0,0.0,0.0,0.0,0,0,0,0
186,Connor,Roberts,Roberts,i,Achilles injury - Unknown return date,,4.4,525,105.0,0.0,646,227.0,0.0,565.0,236.0,0,0,0.0,-1,1.0,2,0,0.0,0.0,0.0,0.0,0.0,656.0,250.0,0.0,0.0,647.0,250.0,643.0,250.0,618.0,248.0,649.0,250.0,,,,,,,,0.0,0.0,0.0,0.0,0.0,0.0,0.0,0.0,0.0,25,0,0,0,0,0,0,0,0,0,0,0,0,0,0,0,31,11,0.0,0.0,0.0,0.0,0.0,0.0,0.0,0.0,0.0,0,0,0,0
187,Kyle,Walker,Walker,a,,,4.4,519,100.0,1.2,180,68.0,1.5,197.0,76.0,0,0,0.0,-1,1.0,95,110,0.3,11.1,1.5,1.5,2.1,309.0,117.0,100.0,100.0,105.0,47.0,167.0,42.0,359.0,122.0,193.0,65.0,,,,,,,,0.01,0.04,0.05,2.03,0.0,0.13,1.93,1.01,6.3,25,0,0,0,0,0,0,0,0,0,0,0,0,0,0,0,1611,810,0.0,0.0,0.0,0.0,0.0,0.0,0.0,0.0,0.0,0,0,0,0
188,Hannes,Delcroix,Delcroix,u,has joined Lugano permanently.,,3.8,790,239.0,0.2,353,128.0,0.0,387.0,151.0,0,0,0.0,-2,2.0,0,37,0.0,0.0,0.0,0.0,0.0,511.0,184.0,0.0,0.0,501.0,183.0,487.0,181.0,450.0,172.0,503.0,183.0,,,,,,,,0.0,0.0,0.0,0.0,0.0,0.0,0.0,0.0,0.0,25,0,0,0,0,0,0,0,0,0,0,0,0,0,0,0,0,263,0.0,0.0,0.0,0.0,0.0,0.0,0.0,0.0,0.0,0,0,0,0
189,Owen,Dodgson,Dodgson,u,Has joined Stockport County on loan for the rest of the season.,,4.0,681,172.0,0.0,709,243.0,0.0,463.0,189.0,0,0,0.0,0,0.0,0,1,0.0,0.0,0.0,0.0,0.0,580.0,216.0,0.0,0.0,570.0,215.0,562.0,215.0,528.0,209.0,572.0,215.0,,,,,,,,0.0,0.0,0.0,0.0,0.0,0.0,0.0,0.0,0.0,25,0,0,0,0,0,0,0,0,0,0,0,0,0,0,0,0,2,0.0,0.0,0.0,0.0,0.0,0.0,0.0,0.0,0.0,0,0,0,0
190,Hjalmar,Ekdal,Ekdal,a,,,3.9,763,223.0,0.8,200,77.0,0.2,336.0,123.0,0,0,0.0,-1,1.0,15,121,0.1,11.3,0.2,0.2,2.9,202.0,78.0,,,173.0,73.0,335.0,115.0,253.0,73.0,259.0,88.0,,,,,,,,0.02,0.02,0.04,1.74,0.0,0.15,1.83,0.99,10.08,25,0,0,0,0,0,0,0,0,0,0,0,0,0,0,0,131,1122,0.0,0.0,0.0,0.0,0.0,0.0,0.0,0.0,0.0,0,0,0,0
191,Maxime,Estève,Estève,a,,,3.9,762,222.0,8.1,49,15.0,2.0,146.0,57.0,0,0,0.0,-1,1.0,335,593,0.5,13.6,2.0,2.0,2.5,254.0,97.0,100.0,100.0,62.0,29.0,276.0,90.0,266.0,78.0,172.0,56.0,,,,,,,,0.02,0.03,0.05,2.16,0.0,0.1,2.16,1.06,10.06,25,0,0,0,0,0,0,0,0,0,0,0,0,0,0,0,4693,6905,0.0,0.0,0.0,0.0,0.0,0.0,0.0,0.0,0.0,0,0,0,0
192,Quilindschy,Hartman,Hartman,a,,,4.0,692,177.0,0.7,217,82.0,0.0,473.0,193.0,0,0,0.0,0,0.0,46,133,0.0,11.5,0.0,0.0,3.1,167.0,64.0,,,148.0,63.0,106.0,26.0,286.0,87.0,165.0,54.0,1.0,,,,,,,0.01,0.1,0.11,2.04,0.0,0.13,1.88,1.01,7.0,25,0,0,0,0,0,0,0,0,0,0,0,0,0,0,0,341,1454,0.0,0.0,0.0,0.0,0.0,0.0,0.0,0.0,0.0,0,0,0,0
193,Bashir,Humphreys,Humphreys,a,,,3.9,757,219.0,0.1,430,160.0,2.0,145.0,56.0,0,0,0.0,-1,1.0,19,27,0.5,6.7,2.0,2.0,3.2,149.0,55.0,100.0,100.0,265.0,107.0,372.0,134.0,350.0,116.0,349.0,119.0,,,,,,,,0.02,0.02,0.04,1.97,0.0,0.15,1.9,0.88,9.34,25,0,0,0,0,0,0,0,0,0,0,0,0,0,0,0,556,263,0.0,0.0,0.0,0.0,0.0,0.0,0.0,0.0,0.0,0,0,0,0
194,Jordan,Beyer,Jordan,i,Hamstring injury - Unknown return date,,3.9,753,216.0,0.1,556,200.0,0.0,419.0,169.0,0,0,0.0,-1,1.0,0,5,0.0,0.0,0.0,0.0,0.0,539.0,198.0,0.0,0.0,529.0,197.0,518.0,197.0,482.0,189.0,531.0,197.0,,,,,,,,0.0,0.0,0.0,0.0,0.0,0.0,0.0,0.0,0.0,25,0,0,0,0,0,0,0,0,0,0,0,0,0,0,0,41,23,0.0,0.0,0.0,0.0,0.0,0.0,0.0,0.0,0.0,0,0,0,0
195,Lucas,Pires Silva,Lucas Pires,a,,,3.8,807,256.0,0.3,318,119.0,1.5,193.0,72.0,0,0,0.0,-2,2.0,107,53,0.4,3.9,1.5,1.5,1.5,392.0,141.0,100.0,100.0,305.0,117.0,224.0,60.0,292.0,91.0,312.0,105.0,,,,,,,,0.04,0.09,0.13,1.95,0.0,0.12,1.98,1.05,6.42,25,0,0,0,0,0,0,0,0,0,0,0,0,0,0,0,975,421,0.0,0.0,0.0,0.0,0.0,0.0,0.0,0.0,0.0,0,0,0,0
196,Shurandy,Sambo,Sambo,u,has joined Sparta Rotterdam on loan for the rest of the season.,,4.0,679,170.0,0.0,613,220.0,0.0,462.0,188.0,0,0,0.0,0,0.0,0,0,0.0,0.0,0.0,0.0,0.0,579.0,215.0,0.0,0.0,569.0,214.0,561.0,214.0,527.0,208.0,571.0,214.0,,,,,,,,0.0,0.0,0.0,0.0,0.0,0.0,0.0,0.0,0.0,25,0,0,0,0,0,0,0,0,0,0,0,0,0,0,0,0,5,0.0,0.0,0.0,0.0,0.0,0.0,0.0,0.0,0.0,0,0,0,0
197,Oliver,Sonne,Sonne,u,has joined Sparta Prague on loan for the rest of the season.,,3.8,801,250.0,0.2,342,125.0,0.0,396.0,160.0,0,0,0.0,-2,2.0,0,182,0.0,3.4,0.0,0.0,1.9,336.0,123.0,0.0,0.0,397.0,150.0,384.0,139.0,340.0,109.0,404.0,146.0,,,,,,,,0.3,0.04,0.34,2.08,0.0,0.0,2.2,0.55,3.84,25,0,0,0,0,0,0,0,0,0,0,0,0,0,0,0,0,929,0.0,0.0,0.0,0.0,0.0,0.0,0.0,0.0,0.0,0,0,0,0
198,Axel,Tuanzebe,Tuanzebe,a,,,3.9,747,213.0,1.0,189,73.0,2.2,119.0,43.0,0,0,0.0,-1,1.0,48,62,0.6,6.9,2.2,2.2,2.5,253.0,96.0,100.0,100.0,208.0,81.0,416.0,149.0,296.0,93.0,306.0,104.0,,,,,,,,0.06,0.01,0.07,2.41,0.0,0.1,2.13,1.06,9.38,25,0,0,0,0,0,0,0,0,0,0,0,0,0,0,0,409,600,0.0,0.0,0.0,0.0,0.0,0.0,0.0,0.0,0.0,0,0,0,0
199,Joe,Worrall,Worrall,a,,,3.8,786,235.0,0.1,417,152.0,0.0,384.0,148.0,0,0,0.0,-2,2.0,13,12,0.0,1.8,0.0,0.0,1.2,426.0,152.0,100.0,100.0,399.0,151.0,456.0,168.0,424.0,157.0,439.0,158.0,,,,,,,,0.0,0.01,0.01,2.31,0.0,0.0,1.75,0.58,13.44,25,0,0,0,0,0,0,0,0,0,0,0,0,0,0,0,127,83,0.0,0.0,0.0,0.0,0.0,0.0,0.0,0.0,0.0,0,0,0,0
200,Jaidon,Anthony,Anthony,a,,,5.0,260,158.0,1.8,138,45.0,1.2,227.0,93.0,0,0,0.0,-5,5.0,138,347,0.2,14.8,1.2,1.2,3.2,156.0,69.0,100.0,100.0,110.0,36.0,80.0,59.0,55.0,33.0,61.0,39.0,2.0,,,,,,,0.17,0.09,0.26,2.0,0.0,0.18,1.91,1.07,8.11,25,0,0,0,0,0,0,0,0,0,0,0,0,0,0,0,2112,2503,0.0,0.0,0.0,0.0,0.0,0.0,0.0,0.0,0.0,0,0,0,0
201,Manuel,Benson Hedilazio,Benson,u,has joined Maccabi Haifa permanently.,,5.4,163,100.0,0.0,695,292.0,0.0,773.0,340.0,0,0,0.0,-1,1.0,0,1,0.0,0.0,0.0,0.0,0.0,794.0,351.0,0.0,0.0,794.0,351.0,793.0,351.0,789.0,350.0,794.0,351.0,,,,,,,,0.0,0.0,0.0,0.0,0.0,0.0,0.0,0.0,0.0,25,0,0,0,0,0,0,0,0,0,0,0,0,0,0,0,0,4,0.0,0.0,0.0,0.0,0.0,0.0,0.0,0.0,0.0,0,0,0,0
202,Jacob,Bruun Larsen,Bruun Larsen,a,,,5.3,189,116.0,0.0,623,244.0,0.2,369.0,163.0,0,0,0.0,-2,2.0,7,7,0.0,6.0,0.2,0.2,1.7,371.0,164.0,100.0,100.0,319.0,143.0,149.0,102.0,189.0,108.0,257.0,126.0,3.0,1.0,3.0,,,,,0.12,0.11,0.23,2.12,0.0,0.31,2.4,0.94,5.63,25,0,0,0,0,0,0,0,0,0,0,0,0,0,0,0,47,45,0.0,0.0,0.0,0.0,0.0,0.0,0.0,0.0,0.0,0,0,0,0
203,Enock,Agyei,Boateng,a,,,4.7,394,246.0,0.0,595,225.0,0.0,688.0,277.0,0,0,0.0,-3,3.0,9,8,0.0,0.0,0.0,0.0,0.0,752.0,320.0,,,752.0,320.0,747.0,320.0,734.0,316.0,752.0,320.0,,,,,,,,0.0,0.0,0.0,0.0,0.0,0.0,0.0,0.0,0.0,25,0,0,0,0,0,0,0,0,0,0,0,0,0,0,0,46,38,0.0,0.0,0.0,0.0,0.0,0.0,0.0,0.0,0.0,0,0,0,0
204,Darko,Churlinov,Churlinov,u,has joined Kocaelispor  permanently.,,4.9,323,200.0,0.0,711,299.0,0.0,714.0,296.0,0,0,0.0,-1,1.0,0,1,0.0,0.0,0.0,0.0,0.0,763.0,327.0,0.0,0.0,763.0,327.0,759.0,327.0,751.0,325.0,763.0,327.0,,,,,,,,0.0,0.0,0.0,0.0,0.0,0.0,0.0,0.0,0.0,25,0,0,0,0,0,0,0,0,0,0,0,0,0,0,0,0,1,0.0,0.0,0.0,0.0,0.0,0.0,0.0,0.0,0.0,0,0,0,0
205,Josh,Cullen,Cullen,i,Knee injury - Expected back 30 Sep,,4.9,298,185.0,0.9,195,65.0,0.0,705.0,290.0,0,0,0.0,-1,1.0,1,251,0.0,14.3,0.0,0.0,3.9,76.0,36.0,0.0,0.0,112.0,37.0,114.0,81.0,227.0,124.0,143.0,78.0,,,,,,,,0.06,0.08,0.14,1.93,0.0,0.18,1.73,1.07,10.29,25,0,0,0,0,0,0,0,0,0,0,0,0,0,0,0,34,1459,0.0,0.0,0.0,0.0,0.0,0.0,0.0,0.0,0.0,0,0,0,0
206,Marcus,Edwards,Edwards,a,,,4.7,383,239.0,0.1,429,144.0,3.2,70.0,27.0,0,0,0.0,-3,3.0,137,55,0.7,7.2,3.2,3.2,2.4,272.0,116.0,,,290.0,129.0,122.0,86.0,176.0,100.0,219.0,112.0,,3.0,,,,,,0.11,0.21,0.32,1.87,0.0,0.14,1.41,0.85,5.35,25,0,0,0,0,0,0,0,0,0,0,0,0,0,0,0,2169,478,0.0,0.0,0.0,0.0,0.0,0.0,0.0,0.0,0.0,0,0,0,0
207,Hannibal,Mejbri,Hannibal,a,,,4.7,390,243.0,0.1,472,163.0,0.5,303.0,131.0,0,0,0.0,-3,3.0,24,15,0.1,5.1,0.5,0.5,1.5,398.0,175.0,100.0,100.0,382.0,167.0,194.0,129.0,328.0,171.0,339.0,164.0,,4.0,,,,,,0.06,0.15,0.21,2.61,0.0,0.2,2.36,0.98,7.66,25,0,0,0,0,0,0,0,0,0,0,0,0,0,0,0,112,66,0.0,0.0,0.0,0.0,0.0,0.0,0.0,0.0,0.0,0,0,0,0
208,Luca,Koleosho,Koleosho,u,has joined Paris FC on loan for the rest of the season.,,5.0,266,161.0,0.0,722,306.0,0.0,742.0,317.0,0,0,0.0,0,0.0,0,0,0.0,0.0,0.0,0.0,0.0,781.0,341.0,0.0,0.0,781.0,341.0,779.0,341.0,772.0,339.0,781.0,341.0,,,,,,,,0.0,0.0,0.0,0.0,0.0,0.0,0.0,0.0,0.0,25,0,0,0,0,0,0,0,0,0,0,0,0,0,0,0,0,0,0.0,0.0,0.0,0.0,0.0,0.0,0.0,0.0,0.0,0,0,0,0
209,Josh,Laurent,Laurent,a,,,4.8,354,221.0,0.0,606,233.0,0.5,304.0,132.0,0,0,0.0,-2,2.0,7,10,0.1,9.0,0.5,0.5,2.0,325.0,143.0,,,209.0,92.0,236.0,146.0,267.0,143.0,262.0,129.0,,,,,,,,0.03,0.02,0.05,2.08,0.0,0.08,2.24,0.88,10.25,25,0,0,0,0,0,0,0,0,0,0,0,0,0,0,0,74,105,0.0,0.0,0.0,0.0,0.0,0.0,0.0,0.0,0.0,0,0,0,0
210,Loum,Tchaouna,Tchaouna,a,,,4.9,335,208.0,0.0,624,245.0,0.5,310.0,137.0,0,0,0.0,-1,1.0,9,4,0.1,6.9,0.5,0.5,1.9,345.0,154.0,,,344.0,153.0,266.0,159.0,221.0,121.0,320.0,154.0,,2.0,,,,,,0.1,0.05,0.15,1.69,0.0,0.23,1.4,1.05,5.35,25,0,0,0,0,0,0,0,0,0,0,0,0,0,0,0,19,22,0.0,0.0,0.0,0.0,0.0,0.0,0.0,0.0,0.0,0,0,0,0
211,Aaron,Ramsey,A.Ramsey,u,has joined Leicester City on loan for the rest of the season.,,4.4,541,322.0,1.5,155,52.0,0.0,571.0,192.0,0,0,0.0,-1,1.0,0,73,0.0,0.0,0.0,0.0,0.0,660.0,251.0,0.0,0.0,651.0,242.0,647.0,247.0,622.0,236.0,653.0,244.0,,,,,,,,0.0,0.0,0.0,0.0,0.0,0.0,0.0,0.0,0.0,25,0,0,0,0,0,0,0,0,0,0,0,0,0,0,0,0,412,0.0,0.0,0.0,0.0,0.0,0.0,0.0,0.0,0.0,0,0,0,0
212,Oluwaseun,Adewumi,Adewumi,u,Has joined Cercle Brugge on loan for the rest of the season.,,4.5,481,292.0,0.0,752,320.0,0.0,648.0,247.0,0,0,0.0,0,0.0,0,1,0.0,0.0,0.0,0.0,0.0,723.0,297.0,0.0,0.0,721.0,295.0,716.0,296.0,698.0,290.0,722.0,296.0,,,,,,,,0.0,0.0,0.0,0.0,0.0,0.0,0.0,0.0,0.0,25,0,0,0,0,0,0,0,0,0,0,0,0,0,0,0,0,2,0.0,0.0,0.0,0.0,0.0,0.0,0.0,0.0,0.0,0,0,0,0
213,Jaydon,Banel,Banel,u,has joined Derby County on loan for the rest of the season.,,4.5,468,284.0,0.0,607,234.0,0.0,636.0,239.0,0,0,0.0,0,0.0,0,15,0.0,0.2,0.0,0.0,1.0,464.0,207.0,0.0,0.0,710.0,288.0,461.0,221.0,686.0,282.0,711.0,289.0,,,,,,,,0.0,0.0,0.0,0.5,0.0,0.0,0.0,0.0,0.0,25,0,0,0,0,0,0,0,0,0,0,0,0,0,0,0,0,66,0.0,0.0,0.0,0.0,0.0,0.0,0.0,0.0,0.0,0,0,0,0
214,Mike,Trésor Ndayishimiye,Trésor,i,Ankle injury - Unknown return date,,4.4,538,321.0,0.1,557,204.0,0.0,569.0,191.0,0,0,0.0,-1,1.0,1,9,0.0,0.9,0.0,0.0,1.0,454.0,199.0,0.0,0.0,489.0,223.0,465.0,223.0,432.0,211.0,485.0,222.0,,,,,,,,0.0,0.0,0.0,2.18,0.0,0.0,4.74,0.0,9.47,25,0,0,0,0,0,0,0,0,0,0,0,0,0,0,0,25,68,0.0,0.0,0.0,0.0,0.0,0.0,0.0,0.0,0.0,0,0,0,0
215,Zian,Flemming,Flemming,a,,,5.3,196,47.0,0.3,330,55.0,0.2,370.0,45.0,0,0,0.0,-2,2.0,29,73,0.0,8.1,0.2,0.2,2.7,238.0,24.0,100.0,100.0,231.0,20.0,304.0,32.0,98.0,27.0,225.0,26.0,,,1.0,,,,,0.42,0.02,0.44,1.92,0.0,0.26,1.44,1.05,4.32,25,0,0,0,0,0,0,0,0,0,0,0,0,0,0,0,486,765,0.0,0.0,0.0,0.0,0.0,0.0,0.0,0.0,0.0,0,0,0,0
216,Zeki,Amdouni,Amdouni,i,Knee injury - Expected back 25 Apr,,4.8,371,63.0,0.0,663,82.0,0.0,698.0,70.0,0,0,0.0,-2,2.0,2,2,0.0,0.0,0.0,0.0,0.0,755.0,82.0,0.0,0.0,755.0,82.0,750.0,81.0,740.0,81.0,755.0,82.0,,,,,,,,0.0,0.0,0.0,0.0,0.0,0.0,0.0,0.0,0.0,25,0,0,0,0,0,0,0,0,0,0,0,0,0,0,0,28,12,0.0,0.0,0.0,0.0,0.0,0.0,0.0,0.0,0.0,0,0,0,0
217,Lyle,Foster,Foster,a,,,4.9,326,60.0,0.8,203,32.0,2.0,155.0,18.0,0,0,0.0,-1,1.0,168,137,0.4,9.0,2.0,2.0,2.6,249.0,25.0,100.0,100.0,259.0,22.0,214.0,24.0,138.0,34.0,234.0,28.0,,,,,,,,0.21,0.02,0.23,1.92,0.0,0.28,2.02,1.1,5.24,25,0,0,0,0,0,0,0,0,0,0,0,0,0,0,0,1639,918,0.0,0.0,0.0,0.0,0.0,0.0,0.0,0.0,0.0,0,0,0,0
218,Ashley,Barnes,Barnes,a,,,4.2,624,87.0,1.4,161,27.0,-0.2,817.0,91.0,0,0,0.0,-3,3.0,409,285,0.0,0.2,-0.2,-0.2,1.0,447.0,55.0,,,492.0,61.0,468.0,59.0,402.0,56.0,470.0,57.0,,,2.0,,,,,1.1,0.0,1.1,4.1,0.0,0.0,10.0,0.0,10.0,25,0,0,0,0,0,0,0,0,0,0,0,0,0,0,0,2715,1841,0.0,0.0,0.0,0.0,0.0,0.0,0.0,0.0,0.0,0,0,0,0
219,Michael,Obafemi,Obafemi,u,has joined Blackpool on loan for the rest of the season.,,4.4,528,75.0,0.1,460,66.0,0.0,567.0,54.0,0,0,0.0,-1,1.0,0,6,0.0,0.0,0.0,0.0,0.0,657.0,67.0,0.0,0.0,648.0,67.0,644.0,66.0,619.0,66.0,650.0,67.0,,,,,,,,0.0,0.0,0.0,0.0,0.0,0.0,0.0,0.0,0.0,25,0,0,0,0,0,0,0,0,0,0,0,0,0,0,0,0,23,0.0,0.0,0.0,0.0,0.0,0.0,0.0,0.0,0.0,0,0,0,0
470,Martin,Dúbravka,Dúbravka,a,,,4.0,659,41.0,32.9,9,2.0,2.8,93.0,12.0,0,0,0.0,0,0.0,1335,1624,0.7,18.5,2.8,2.8,3.1,166.0,14.0,100.0,100.0,3.0,1.0,543.0,48.0,508.0,33.0,114.0,1.0,,,,,,,,0.0,0.0,0.0,2.04,4.04,0.12,1.96,1.0,0.0,25,0,0,0,0,0,0,0,0,0,0,0,0,0,0,0,14704,13341,0.0,0.0,0.0,0.0,0.0,0.0,0.0,0.0,0.0,0,0,0,0
614,James,Ward-Prowse,Ward-Prowse,a,,,5.6,125,77.0,0.2,383,127.0,0.0,791.0,351.0,0,0,0.0,-4,4.0,15,61,0.0,2.0,0.0,0.0,2.2,302.0,132.0,100.0,0.0,385.0,169.0,150.0,103.0,411.0,200.0,332.0,161.0,,,,,,,,0.03,0.2,0.23,1.58,0.0,0.22,2.39,1.09,4.78,25,0,0,0,0,0,0,0,0,0,0,0,0,0,0,0,115,249,0.0,0.0,0.0,0.0,0.0,0.0,0.0,0.0,0.0,0,0,0,0
676,Lesley,Ugochukwu,Ugochukwu,a,,,5.0,273,167.0,0.1,442,150.0,1.8,182.0,73.0,0,0,0.0,0,0.0,34,33,0.4,13.6,1.8,1.8,3.0,196.0,83.0,100.0,100.0,143.0,49.0,206.0,135.0,131.0,77.0,166.0,90.0,,,,,,,,0.12,0.01,0.13,2.1,0.0,0.17,1.92,1.05,9.08,25,0,0,0,0,0,0,0,0,0,0,0,0,0,0,0,690,396,0.0,0.0,0.0,0.0,0.0,0.0,0.0,0.0,0.0,0,0,0,0
680,Armando,Broja,Broja,a,,,5.2,214,50.0,0.2,361,58.0,1.2,229.0,29.0,0,0,0.0,-3,3.0,36,89,0.2,7.1,1.2,1.2,2.1,315.0,33.0,100.0,100.0,333.0,33.0,301.0,31.0,108.0,28.0,279.0,34.0,,,,,,,,0.23,0.01,0.24,2.36,0.0,0.11,2.83,0.91,4.65,25,0,0,0,0,0,0,0,0,0,0,0,0,0,0,0,423,753,0.0,0.0,0.0,0.0,0.0,0.0,0.0,0.0,0.0,0,0,0,0
722,Florentino Ibrain,Morris Luís,Florentino,a,,,5.0,252,153.0,0.0,596,226.0,3.2,71.0,28.0,0,0,0.0,0,0.0,43,14,0.6,12.6,3.2,3.2,3.1,178.0,77.0,,,147.0,52.0,157.0,107.0,310.0,163.0,200.0,102.0,,,,,,,,0.03,0.02,0.05,2.05,0.0,0.12,1.94,1.06,13.34,25,0,0,0,0,0,0,0,0,0,0,0,0,0,0,0,309,129,0.0,0.0,0.0,0.0,0.0,0.0,0.0,0.0,0.0,0,0,0,0
784,George,Brierley,Brierley,a,,,4.5,517,320.0,0.0,797,352.0,0.0,681.0,273.0,0,0,0.0,0,0.0,4,1,0.0,0.0,0.0,0.0,0.0,749.0,318.0,,,749.0,318.0,743.0,318.0,727.0,314.0,749.0,318.0,,,,,,,,0.0,0.0,0.0,0.0,0.0,0.0,0.0,0.0,0.0,25,0,0,0,0,0,0,0,0,0,0,0,0,0,0,0,20,13,0.0,0.0,0.0,0.0,0.0,0.0,0.0,0.0,0.0,0,0,0,0
66,Norberto,Murara Neto,Neto,u,Has joined Botafogo permanently.,,4.5,407,21.0,0.1,562,77.0,0.0,595.0,88.0,0,0,0.0,0,0.0,0,2,0.0,0.0,0.0,0.0,0.0,680.0,92.0,0.0,0.0,675.0,92.0,669.0,84.0,646.0,72.0,677.0,92.0,,,,,,,,0.0,0.0,0.0,0.0,0.0,0.0,0.0,0.0,0.0,25,0,0,0,0,0,0,0,0,0,0,0,0,0,0,0,0,9,0.0,0.0,0.0,0.0,0.0,0.0,0.0,0.0,0.0,0,0,0,0
67,Đorđe,Petrović,Petrović,a,,,4.5,435,24.0,4.3,81,14.0,3.2,68.0,7.0,0,0,0.0,0,0.0,610,508,0.7,15.6,3.2,3.2,2.9,203.0,19.0,,,35.0,10.0,686.0,87.0,665.0,75.0,198.0,11.0,,,,,,,,0.0,0.0,0.0,1.45,3.0,0.25,1.79,1.0,0.0,25,0,0,0,0,0,0,0,0,0,0,0,0,0,0,0,5121,6269,0.0,0.0,0.0,0.0,0.0,0.0,0.0,0.0,0.0,0,0,0,0
68,Will,Dennis,Dennis,u,has joined Leyton Orient on loan for the rest of the season.,,4.0,678,51.0,0.8,207,26.0,0.0,461.0,61.0,0,0,0.0,0,0.0,0,99,0.0,0.0,0.0,0.0,0.0,578.0,70.0,0.0,0.0,568.0,70.0,560.0,58.0,526.0,43.0,570.0,70.0,,,,,,,,0.0,0.0,0.0,0.0,0.0,0.0,0.0,0.0,0.0,25,0,0,0,0,0,0,0,0,0,0,0,0,0,0,0,0,504,0.0,0.0,0.0,0.0,0.0,0.0,0.0,0.0,0.0,0,0,0,0
69,Callan,McKenna,McKenna,a,,,3.9,777,92.0,0.2,344,49.0,0.0,439.0,50.0,0,0,0.0,-1,1.0,29,17,0.0,0.0,0.0,0.0,0.0,558.0,60.0,,,548.0,60.0,537.0,45.0,501.0,30.0,550.0,60.0,,,,,,,,0.0,0.0,0.0,0.0,0.0,0.0,0.0,0.0,0.0,25,0,0,0,0,0,0,0,0,0,0,0,0,0,0,0,220,150,0.0,0.0,0.0,0.0,0.0,0.0,0.0,0.0,0.0,0,0,0,0
70,Alex,Paulsen,Paulsen,u,Has joined Lechia Gdansk on loan for the rest of the season.,,4.0,693,58.0,0.1,563,78.0,0.0,474.0,68.0,0,0,0.0,0,0.0,0,1,0.0,0.0,0.0,0.0,0.0,590.0,77.0,0.0,0.0,580.0,77.0,572.0,65.0,538.0,50.0,582.0,77.0,,,,,,,,0.0,0.0,0.0,0.0,0.0,0.0,0.0,0.0,0.0,25,0,0,0,0,0,0,0,0,0,0,0,0,0,0,0,0,12,0.0,0.0,0.0,0.0,0.0,0.0,0.0,0.0,0.0,0,0,0,0
71,Illia,Zabarnyi,Zabarnyi,u,Has joined Paris Saint-Germain permanently.,,5.0,264,41.0,0.0,662,231.0,0.0,741.0,257.0,0,0,0.0,0,0.0,0,1,0.0,0.0,0.0,0.0,0.0,780.0,262.0,0.0,0.0,780.0,262.0,778.0,262.0,771.0,261.0,780.0,262.0,,,,,,,,0.0,0.0,0.0,0.0,0.0,0.0,0.0,0.0,0.0,25,0,0,0,0,0,0,0,0,0,0,0,0,0,0,0,0,3,0.0,0.0,0.0,0.0,0.0,0.0,0.0,0.0,0.0,0,0,0,0
72,Marcos,Senesi Barón,Senesi,a,,,4.8,362,61.0,15.4,21,8.0,3.5,55.0,23.0,0,0,0.0,3,-3.0,4427,1512,0.7,21.2,3.5,3.5,4.4,37.0,14.0,100.0,100.0,2.0,1.0,82.0,20.0,190.0,41.0,35.0,1.0,,,,,,,,0.04,0.16,0.2,1.45,0.0,0.27,1.86,1.02,12.96,25,0,0,0,0,0,0,0,0,0,0,0,0,0,0,0,46605,15315,0.0,0.0,0.0,0.0,0.0,0.0,0.0,0.0,0.0,0,0,0,0
73,Adam,Smith,Smith,a,,,4.4,518,99.0,0.2,378,139.0,1.8,175.0,67.0,0,0,0.0,-1,1.0,27,22,0.4,6.1,1.8,1.8,2.1,308.0,116.0,100.0,100.0,350.0,132.0,359.0,126.0,369.0,127.0,380.0,134.0,,,,,,,,0.0,0.01,0.01,1.54,0.0,0.37,1.87,1.25,5.12,25,0,0,0,0,0,0,0,0,0,0,0,0,0,0,0,202,126,0.0,0.0,0.0,0.0,0.0,0.0,0.0,0.0,0.0,0,0,0,0
74,Adrien,Truffert,Truffert,a,,,4.5,451,92.0,1.7,143,56.0,3.2,69.0,30.0,0,0,0.0,0,0.0,380,279,0.7,17.8,3.2,3.2,3.3,140.0,53.0,,,46.0,20.0,60.0,12.0,243.0,68.0,67.0,13.0,,,,,,,,0.01,0.05,0.06,1.38,0.0,0.25,1.7,1.02,8.37,25,0,0,0,0,0,0,0,0,0,0,0,0,0,0,0,3357,3404,0.0,0.0,0.0,0.0,0.0,0.0,0.0,0.0,0.0,0,0,0,0
75,Matai,Akinmboni,Akinmboni,d,Muscle injury - 25% chance of playing,,3.8,802,251.0,0.2,375,137.0,0.0,397.0,161.0,0,0,0.0,-2,2.0,7,17,0.0,0.0,0.0,0.0,0.0,519.0,192.0,25.0,25.0,509.0,191.0,495.0,189.0,458.0,180.0,511.0,191.0,,,,,,,,0.0,0.0,0.0,0.0,0.0,0.0,0.0,0.0,0.0,25,0,0,0,0,0,0,0,0,0,0,0,0,0,0,0,31,82,0.0,0.0,0.0,0.0,0.0,0.0,0.0,0.0,0.0,0,0,0,0
76,Owen,Bevan,Bevan,a,,,3.8,800,249.0,0.2,386,143.0,0.0,395.0,159.0,0,0,0.0,-2,2.0,38,22,0.0,0.0,0.0,0.0,0.0,518.0,191.0,,,508.0,190.0,494.0,188.0,457.0,179.0,510.0,190.0,,,,,,,,0.0,0.0,0.0,0.0,0.0,0.0,0.0,0.0,0.0,25,0,0,0,0,0,0,0,0,0,0,0,0,0,0,0,138,121,0.0,0.0,0.0,0.0,0.0,0.0,0.0,0.0,0.0,0,0,0,0
77,James,Hill,Hill,a,,,3.9,759,220.0,1.5,153,59.0,3.8,43.0,17.0,0,0,0.0,-1,1.0,1552,132,1.0,11.0,3.8,3.8,2.9,201.0,77.0,,,220.0,88.0,330.0,112.0,285.0,86.0,295.0,102.0,,,,,,,,0.02,0.05,0.07,1.22,0.0,0.32,1.39,0.86,10.58,25,0,0,0,0,0,0,0,0,0,0,0,0,0,0,0,21747,1967,0.0,0.0,0.0,0.0,0.0,0.0,0.0,0.0,0.0,0,0,0,0
78,Julián,Araujo Zúñiga,J.Araujo,u,has joined Celtic on loan for the rest of the season.,,3.8,792,241.0,0.6,249,93.0,0.0,388.0,152.0,0,0,0.0,-2,2.0,0,94,0.0,0.0,0.0,0.0,0.0,512.0,185.0,0.0,0.0,502.0,184.0,488.0,182.0,451.0,173.0,504.0,184.0,,,,,,,,0.0,0.0,0.0,0.0,0.0,0.0,0.0,0.0,0.0,25,0,0,0,0,0,0,0,0,0,0,0,0,0,0,0,0,534,0.0,0.0,0.0,0.0,0.0,0.0,0.0,0.0,0.0,0,0,0,0
79,Chris,Mepham,Mepham,u,has joined West Bromwich Albion permanently.,,4.0,671,167.0,0.1,535,193.0,0.0,454.0,185.0,0,0,0.0,0,0.0,0,2,0.0,0.0,0.0,0.0,0.0,571.0,212.0,0.0,0.0,561.0,211.0,553.0,211.0,519.0,205.0,563.0,211.0,,,,,,,,0.0,0.0,0.0,0.0,0.0,0.0,0.0,0.0,0.0,25,0,0,0,0,0,0,0,0,0,0,0,0,0,0,0,0,9,0.0,0.0,0.0,0.0,0.0,0.0,0.0,0.0,0.0,0,0,0,0
80,Julio,Soler Barreto,Soler,i,Hamstring injury - Expected back 01 Jun,,4.0,713,191.0,0.2,365,132.0,0.0,492.0,205.0,0,0,0.0,0,0.0,0,50,0.0,0.8,0.0,0.0,1.0,442.0,162.0,0.0,0.0,476.0,171.0,441.0,161.0,426.0,159.0,475.0,168.0,,,,,,,,0.0,0.0,0.0,4.29,0.0,0.0,5.29,0.0,2.65,25,0,0,0,0,0,0,0,0,0,0,0,0,0,0,0,19,254,0.0,0.0,0.0,0.0,0.0,0.0,0.0,0.0,0.0,0,0,0,0
81,Justin,Kluivert,Kluivert,i,Knee injury - Expected back 09 May,,7.0,39,23.0,0.6,228,80.0,0.0,812.0,365.0,0,0,0.0,0,0.0,12,141,0.0,5.7,0.0,0.0,2.2,303.0,133.0,0.0,0.0,281.0,124.0,71.0,54.0,185.0,105.0,176.0,93.0,4.0,2.0,1.0,,,,,0.22,0.15,0.37,1.65,0.0,0.39,1.77,0.98,6.11,25,0,0,0,0,0,0,0,0,0,0,0,0,0,0,0,35,488,0.0,0.0,0.0,0.0,0.0,0.0,0.0,0.0,0.0,0,0,0,0
84,Marcus,Tavernier,Tavernier,i,Hamstring injury - Expected back 21 Feb,,5.4,165,102.0,1.3,169,57.0,2.0,161.0,64.0,0,0,0.0,-1,1.0,21,1326,0.4,17.4,0.0,0.0,4.3,47.0,21.0,0.0,0.0,72.0,23.0,26.0,25.0,47.0,28.0,34.0,26.0,2.0,1.0,4.0,,,,,0.26,0.12,0.38,1.4,0.0,0.36,1.84,1.02,8.38,25,0,0,0,0,0,0,0,0,0,0,0,0,0,0,0,125,11553,0.0,0.0,0.0,0.0,0.0,0.0,0.0,0.0,0.0,0,0,0,0
85,Tyler,Adams,Adams,i,Knee injury - Expected back 21 Feb,,4.9,302,188.0,0.3,333,112.0,0.0,707.0,292.0,0,0,0.0,-1,1.0,5,33,0.0,10.2,0.0,0.0,3.3,142.0,63.0,0.0,0.0,179.0,71.0,275.0,160.0,216.0,117.0,232.0,116.0,,,,,,,,0.04,0.02,0.06,1.34,0.0,0.3,1.73,1.13,10.99,25,0,0,0,0,0,0,0,0,0,0,0,0,0,0,0,15,130,0.0,0.0,0.0,0.0,0.0,0.0,0.0,0.0,0.0,0,0,0,0
86,David,Brooks,Brooks,d,Lack of match fitness - 75% chance of playing,,5.0,245,149.0,0.2,393,130.0,0.0,732.0,309.0,0,0,0.0,0,0.0,3,54,0.0,8.6,0.0,0.0,2.3,287.0,123.0,75.0,75.0,245.0,102.0,75.0,56.0,34.0,19.0,83.0,49.0,5.0,3.0,,,,,,0.43,0.27,0.7,1.29,0.0,0.39,1.64,1.06,6.95,25,0,0,0,0,0,0,0,0,0,0,0,0,0,0,0,26,282,0.0,0.0,0.0,0.0,0.0,0.0,0.0,0.0,0.0,0,0,0,0
87,Ryan,Christie,Christie,a,,,4.9,293,182.0,0.1,564,208.0,0.8,267.0,112.0,0,0,0.0,-1,1.0,21,9,0.2,4.3,0.8,0.8,1.5,401.0,178.0,100.0,100.0,323.0,145.0,226.0,141.0,224.0,122.0,300.0,144.0,,,,,,,,0.28,0.09,0.37,1.97,0.0,0.0,2.31,0.26,11.06,25,0,0,0,0,0,0,0,0,0,0,0,0,0,0,0,91,77,0.0,0.0,0.0,0.0,0.0,0.0,0.0,0.0,0.0,0,0,0,0
88,Lewis,Cook,Cook,a,,,4.9,292,181.0,0.1,576,215.0,2.8,95.0,38.0,0,0,0.0,-1,1.0,60,21,0.6,6.7,2.8,2.8,2.4,273.0,117.0,100.0,100.0,250.0,105.0,172.0,114.0,381.0,191.0,276.0,136.0,,,,,,,,0.01,0.04,0.05,1.43,0.0,0.12,1.99,0.82,14.84,25,0,0,0,0,0,0,0,0,0,0,0,0,0,0,0,396,222,0.0,0.0,0.0,0.0,0.0,0.0,0.0,0.0,0.0,0,0,0,0
89,Philip,Billing,Philip,u,has joined Midtjylland permanently.,,4.9,295,184.0,0.0,665,272.0,0.0,704.0,289.0,0,0,0.0,-1,1.0,0,1,0.0,0.0,0.0,0.0,0.0,758.0,323.0,0.0,0.0,758.0,323.0,754.0,323.0,745.0,321.0,758.0,323.0,,,,,,,,0.0,0.0,0.0,0.0,0.0,0.0,0.0,0.0,0.0,25,0,0,0,0,0,0,0,0,0,0,0,0,0,0,0,0,2,0.0,0.0,0.0,0.0,0.0,0.0,0.0,0.0,0.0,0,0,0,0
90,Alex,Scott,Scott,a,,,5.0,272,166.0,0.6,225,77.0,5.5,9.0,5.0,0,0,0.0,0,0.0,2333,219,1.1,16.8,5.5,5.5,3.5,122.0,57.0,100.0,100.0,120.0,40.0,110.0,79.0,116.0,68.0,112.0,61.0,1.0,,,,,,,0.12,0.06,0.18,1.45,0.0,0.32,1.66,1.13,11.69,25,0,0,0,0,0,0,0,0,0,0,0,0,0,0,0,16721,2036,0.0,0.0,0.0,0.0,0.0,0.0,0.0,0.0,0.0,0,0,0,0
91,Luis,Sinisterra Lucumí,Sinisterra,u,has joined Cruzeiro on loan for the rest of the season.,,5.0,254,154.0,0.0,727,308.0,0.0,736.0,312.0,0,0,0.0,0,0.0,0,0,0.0,0.0,0.0,0.0,0.0,776.0,337.0,0.0,0.0,776.0,337.0,773.0,337.0,767.0,335.0,776.0,337.0,,,,,,,,0.0,0.0,0.0,0.0,0.0,0.0,0.0,0.0,0.0,25,0,0,0,0,0,0,0,0,0,0,0,0,0,0,0,0,0,0.0,0.0,0.0,0.0,0.0,0.0,0.0,0.0,0.0,0,0,0,0
92,Romain,Faivre,Faivre,u,has joined Auxerre permanently.,,4.5,431,258.0,0.1,541,196.0,0.0,612.0,217.0,0,0,0.0,0,0.0,5,19,0.0,0.0,0.0,0.0,0.0,692.0,271.0,0.0,100.0,687.0,266.0,683.0,269.0,662.0,261.0,689.0,268.0,,,,,,,,0.0,0.0,0.0,0.0,0.0,0.0,0.0,0.0,0.0,25,0,0,0,0,0,0,0,0,0,0,0,0,0,0,0,72,50,0.0,0.0,0.0,0.0,0.0,0.0,0.0,0.0,0.0,0,0,0,0
93,Hamed,Traorè,H.Traorè,u,has joined Marseille on loan for the rest of the season.,,4.5,426,255.0,0.3,326,109.0,0.0,608.0,214.0,0,0,0.0,0,0.0,0,8,0.0,0.9,0.0,0.0,4.0,65.0,29.0,0.0,0.0,431.0,190.0,410.0,203.0,658.0,258.0,447.0,202.0,,,,,,,,0.0,0.0,0.0,2.25,0.0,0.0,11.25,0.0,22.5,25,0,0,0,0,0,0,0,0,0,0,0,0,0,0,0,0,60,0.0,0.0,0.0,0.0,0.0,0.0,0.0,0.0,0.0,0,0,0,0
94,Dominic,Sadi,Sadi,u,has joined Novi Pazar on loan for the rest of the season.,,4.5,467,283.0,0.0,635,254.0,0.0,635.0,238.0,0,0,0.0,0,0.0,0,4,0.0,0.0,0.0,0.0,0.0,713.0,291.0,0.0,0.0,709.0,287.0,705.0,289.0,685.0,281.0,710.0,288.0,,,,,,,,0.0,0.0,0.0,0.0,0.0,0.0,0.0,0.0,0.0,25,0,0,0,0,0,0,0,0,0,0,0,0,0,0,0,0,6,0.0,0.0,0.0,0.0,0.0,0.0,0.0,0.0,0.0,0,0,0,0
95,Zain,Silcott-Duberry,Silcott-Duberry,u,has joined Olympiakos permanently.,,4.4,552,331.0,0.1,573,212.0,0.0,579.0,200.0,0,0,0.0,-1,1.0,0,5,0.0,0.0,0.0,0.0,0.0,667.0,258.0,0.0,0.0,659.0,250.0,655.0,255.0,630.0,244.0,661.0,252.0,,,,,,,,0.0,0.0,0.0,0.0,0.0,0.0,0.0,0.0,0.0,25,0,0,0,0,0,0,0,0,0,0,0,0,0,0,0,0,14,0.0,0.0,0.0,0.0,0.0,0.0,0.0,0.0,0.0,0,0,0,0
96,Ben,Winterburn,Winterburn,u,has joined Barnet on loan for the rest of the season.,,4.5,497,305.0,0.0,634,253.0,0.0,663.0,259.0,0,0,0.0,0,0.0,0,1,0.0,0.2,0.0,0.0,1.0,470.0,213.0,0.0,0.0,735.0,306.0,729.0,306.0,712.0,301.0,735.0,306.0,,,,,,,,0.0,0.0,0.0,4.65,0.0,0.0,30.0,0.0,0.0,25,0,0,0,0,0,0,0,0,0,0,0,0,0,0,0,0,5,0.0,0.0,0.0,0.0,0.0,0.0,0.0,0.0,0.0,0,0,0,0
97,Francisco Evanilson,de Lima Barbosa,Evanilson,a,,,7.1,36,14.0,3.3,97,18.0,3.0,91.0,9.0,0,0,0.0,1,-1.0,964,1830,0.4,10.4,3.0,3.0,3.4,135.0,13.0,100.0,100.0,200.0,15.0,101.0,3.0,18.0,10.0,54.0,11.0,,,,,,,,0.36,0.04,0.4,1.21,0.0,0.32,1.67,1.02,3.93,25,0,0,0,0,0,0,0,0,0,0,0,0,0,0,0,7666,26212,0.0,0.0,0.0,0.0,0.0,0.0,0.0,0.0,0.0,0,0,0,0
98,Enes,Ünal,Enes Ünal,a,,,5.4,162,42.0,0.0,605,80.0,0.5,320.0,40.0,0,0,0.0,-1,1.0,44,21,0.1,2.8,0.5,0.5,1.4,411.0,51.0,100.0,100.0,405.0,45.0,432.0,55.0,294.0,49.0,401.0,49.0,,,,,,,,0.74,0.04,0.78,1.65,0.0,0.0,1.54,0.0,4.62,25,0,0,0,0,0,0,0,0,0,0,0,0,0,0,0,146,102,0.0,0.0,0.0,0.0,0.0,0.0,0.0,0.0,0.0,0,0,0,0
99,Daniel,Adu-Adjei,Adu-Adjei,u,has joined HNK Rijeka permanently.,,4.4,566,82.0,0.1,425,62.0,0.0,591.0,61.0,0,0,0.0,-1,1.0,0,6,0.0,0.0,0.0,0.0,0.0,677.0,74.0,0.0,0.0,671.0,74.0,666.0,73.0,642.0,73.0,673.0,74.0,,,,,,,,0.0,0.0,0.0,0.0,0.0,0.0,0.0,0.0,0.0,25,0,0,0,0,0,0,0,0,0,0,0,0,0,0,0,0,34,0.0,0.0,0.0,0.0,0.0,0.0,0.0,0.0,0.0,0,0,0,0
100,Junior,Kroupi,Kroupi.Jr,a,,,4.7,393,65.0,6.4,57,11.0,2.5,106.0,10.0,0,0,0.0,2,-2.0,5107,1262,0.5,13.6,2.5,2.5,3.4,128.0,12.0,,,139.0,13.0,205.0,21.0,61.0,21.0,119.0,16.0,,,,,,,,0.43,0.05,0.48,1.39,0.0,0.47,1.87,1.17,6.53,25,0,0,0,0,0,0,0,0,0,0,0,0,0,0,0,49667,11433,0.0,0.0,0.0,0.0,0.0,0.0,0.0,0.0,0.0,0,0,0,0
391,Ben,Gannon-Doak,Gannon-Doak,i,Hamstring injury - Unknown return date,,4.8,372,232.0,0.0,633,252.0,0.0,699.0,285.0,0,0,0.0,-2,2.0,0,2,0.0,1.5,0.0,0.0,1.8,359.0,161.0,0.0,0.0,432.0,191.0,394.0,196.0,385.0,193.0,438.0,198.0,,,,,,,,0.15,0.15,0.3,4.52,0.0,0.0,1.7,0.0,5.09,25,0,0,0,0,0,0,0,0,0,0,0,0,0,0,0,3,8,0.0,0.0,0.0,0.0,0.0,0.0,0.0,0.0,0.0,0,0,0,0
685,Bafodé,Diakité,Diakité,a,,,4.2,635,148.0,0.3,314,118.0,0.5,295.0,110.0,0,0,0.0,-3,3.0,43,51,0.1,11.0,0.5,0.5,2.6,246.0,94.0,100.0,100.0,178.0,75.0,310.0,104.0,356.0,119.0,282.0,93.0,,,,,,,,0.0,0.01,0.01,1.59,0.0,0.28,1.91,1.06,8.26,25,0,0,0,0,0,0,0,0,0,0,0,0,0,0,0,218,430,0.0,0.0,0.0,0.0,0.0,0.0,0.0,0.0,0.0,0,0,0,0
687,Remy,Rees-Dottin,Rees-Dottin,a,,,4.3,619,362.0,0.1,427,143.0,0.0,557.0,187.0,0,0,0.0,-2,2.0,115,30,0.0,0.0,0.0,0.0,0.0,650.0,247.0,,,641.0,238.0,637.0,243.0,611.0,232.0,643.0,240.0,,,,,,,,0.0,0.0,0.0,0.0,0.0,0.0,0.0,0.0,0.0,25,0,0,0,0,0,0,0,0,0,0,0,0,0,0,0,470,153,0.0,0.0,0.0,0.0,0.0,0.0,0.0,0.0,0.0,0,0,0,0
697,Amine,Adli,Adli,a,,,5.4,178,109.0,0.2,358,119.0,5.2,13.0,9.0,0,0,0.0,-1,1.0,462,137,1.0,8.0,5.2,5.2,2.1,317.0,140.0,,,244.0,101.0,189.0,127.0,125.0,72.0,212.0,108.0,,6.0,,,,,,0.23,0.08,0.31,1.4,0.0,0.27,1.63,0.81,11.39,25,0,0,0,0,0,0,0,0,0,0,0,0,0,0,0,3043,2317,0.0,0.0,0.0,0.0,0.0,0.0,0.0,0.0,0.0,0,0,0,0
713,Álex,Jiménez Sánchez,A.Jimenez,a,,,4.5,469,94.0,0.2,354,129.0,3.5,54.0,22.0,0,0,0.0,0,0.0,252,71,0.8,10.0,3.5,3.5,2.2,298.0,112.0,,,193.0,78.0,202.0,50.0,149.0,29.0,204.0,66.0,,,,,,,,0.06,0.05,0.11,1.62,0.0,0.19,1.91,1.02,5.29,25,0,0,0,0,0,0,0,0,0,0,0,0,0,0,0,2415,1315,0.0,0.0,0.0,0.0,0.0,0.0,0.0,0.0,0.0,0,0,0,0
721,Veljko,Milosavljevic,Milosavljević,a,,,4.4,568,120.0,0.0,654,228.0,0.2,351.0,133.0,0,0,0.0,-1,1.0,2,4,0.0,4.3,0.2,0.2,2.7,233.0,92.0,100.0,100.0,328.0,127.0,395.0,145.0,386.0,139.0,387.0,137.0,,,,,,,,0.04,0.05,0.09,1.08,0.0,0.25,1.47,0.98,9.56,25,0,0,0,0,0,0,0,0,0,0,0,0,0,0,0,21,22,0.0,0.0,0.0,0.0,0.0,0.0,0.0,0.0,0.0,0,0,0,0
756,Malcom,DaCosta,DaCosta,a,,,4.5,515,318.0,0.0,741,315.0,0.0,679.0,271.0,0,0,0.0,0,0.0,6,4,0.0,0.0,0.0,0.0,0.0,747.0,316.0,,,747.0,316.0,741.0,316.0,725.0,312.0,747.0,316.0,,,,,,,,0.0,0.0,0.0,0.0,0.0,0.0,0.0,0.0,0.0,25,0,0,0,0,0,0,0,0,0,0,0,0,0,0,0,16,17,0.0,0.0,0.0,0.0,0.0,0.0,0.0,0.0,0.0,0,0,0,0
782,Fraser,Forster,Forster,a,,,4.0,658,40.0,0.0,696,80.0,0.0,445.0,52.0,0,0,0.0,0,0.0,33,9,0.0,0.0,0.0,0.0,0.0,563.0,62.0,,,553.0,62.0,542.0,47.0,507.0,32.0,555.0,62.0,,,,,,,,0.0,0.0,0.0,0.0,0.0,0.0,0.0,0.0,0.0,25,0,0,0,0,0,0,0,0,0,0,0,0,0,0,0,90,32,0.0,0.0,0.0,0.0,0.0,0.0,0.0,0.0,0.0,0,0,0,0
799,Charlie,Stevens,Stevens,a,,,4.5,512,315.0,0.0,794,350.0,0.0,676.0,268.0,0,0,0.0,0,0.0,7,1,0.0,0.0,0.0,0.0,0.0,745.0,314.0,,,745.0,314.0,739.0,314.0,722.0,309.0,745.0,314.0,,,,,,,,0.0,0.0,0.0,0.0,0.0,0.0,0.0,0.0,0.0,25,0,0,0,0,0,0,0,0,0,0,0,0,0,0,0,25,10,0.0,0.0,0.0,0.0,0.0,0.0,0.0,0.0,0.0,0,0,0,0
801,Alex,Tóth,Tóth.A,a,,,5.0,282,175.0,0.0,759,326.0,0.7,288.0,126.0,0,0,0.0,0,0.0,8,7,0.1,0.4,0.7,0.7,1.0,484.0,223.0,,,483.0,221.0,466.0,224.0,421.0,208.0,477.0,218.0,,,,,,,,0.6,0.0,0.6,3.9,0.0,0.0,0.0,0.0,50.0,25,0,0,0,0,0,0,0,0,0,0,0,0,0,0,0,24,28,0.0,0.0,0.0,0.0,0.0,0.0,0.0,0.0,0.0,0,0,0,0
806,Christos,Mandas,Mandas,a,,,4.0,676,50.0,0.0,789,89.0,0.0,459.0,60.0,0,0,0.0,0,0.0,4,3,0.0,0.0,0.0,0.0,0.0,576.0,69.0,,,566.0,69.0,558.0,57.0,524.0,42.0,568.0,69.0,,,,,,,,0.0,0.0,0.0,0.0,0.0,0.0,0.0,0.0,0.0,25,0,0,0,0,0,0,0,0,0,0,0,0,0,0,0,26,16,0.0,0.0,0.0,0.0,0.0,0.0,0.0,0.0,0.0,0,0,0,0
807,Rayan Vitor,Simplício Rocha,Rayan,a,,,5.5,153,95.0,0.1,578,216.0,2.0,162.0,65.0,0,0,0.0,0,0.0,134,25,0.4,0.7,2.0,2.0,4.0,70.0,32.0,,,428.0,189.0,374.0,192.0,441.0,216.0,437.0,197.0,,,,,,,,0.0,2.45,2.45,3.27,0.0,0.0,0.0,0.0,8.18,25,0,0,0,0,0,0,0,0,0,0,0,0,0,0,0,1219,247,0.0,0.0,0.0,0.0,0.0,0.0,0.0,0.0,0.0,0,0,0,0
27,Reiss,Nelson,Nelson,a,,,4.8,358,224.0,0.1,480,167.0,0.0,691.0,280.0,0,0,0.0,-2,2.0,15,15,0.0,1.2,-1.0,0.0,1.0,475.0,217.0,100.0,100.0,438.0,195.0,436.0,210.0,374.0,189.0,445.0,201.0,,,,,,,,1.1,0.13,1.23,2.18,0.0,0.0,1.8,0.0,30.6,25,0,0,0,0,0,0,0,0,0,0,0,0,0,0,0,52,59,0.0,0.0,0.0,0.0,0.0,0.0,0.0,0.0,0.0,0,0,0,0
83,Dango,Ouattara,O.Dango,a,,,5.8,112,70.0,0.3,290,97.0,2.5,114.0,48.0,0,0,0.0,-2,2.0,200,98,0.4,12.8,1.5,2.5,4.1,61.0,26.0,100.0,100.0,201.0,87.0,181.0,121.0,37.0,20.0,111.0,60.0,2.0,,,,,,,0.35,0.08,0.43,1.23,0.0,0.23,1.21,0.99,8.2,25,0,0,0,0,0,0,0,0,0,0,0,0,0,0,0,1876,723,0.0,0.0,0.0,0.0,0.0,0.0,0.0,0.0,0.0,0,0,0,0
101,Caoimhín,Kelleher,Kelleher,a,,,4.6,398,19.0,10.2,38,6.0,3.0,80.0,9.0,0,0,0.0,1,-1.0,1453,1545,0.7,20.2,2.0,3.0,3.9,75.0,5.0,100.0,100.0,20.0,6.0,382.0,4.0,729.0,78.0,169.0,5.0,,,,,,,,0.0,0.0,0.0,1.4,2.75,0.25,1.33,1.0,0.0,25,0,0,0,0,0,0,0,0,0,0,0,0,0,0,0,17322,9163,0.0,0.0,0.0,0.0,0.0,0.0,0.0,0.0,0.0,0,0,0,0
102,Ellery,Balcombe,Balcombe,a,,,3.9,752,79.0,0.3,331,45.0,0.0,418.0,37.0,0,0,0.0,-1,1.0,12,15,0.0,0.0,-1.0,0.0,0.0,538.0,47.0,,,528.0,47.0,517.0,32.0,481.0,17.0,530.0,47.0,,,,,,,,0.0,0.0,0.0,0.0,0.0,0.0,0.0,0.0,0.0,25,0,0,0,0,0,0,0,0,0,0,0,0,0,0,0,84,103,0.0,0.0,0.0,0.0,0.0,0.0,0.0,0.0,0.0,0,0,0,0
103,Matthew,Cox,Cox,u,has joined Shrewsbury Town on loan for the rest of the season.,,3.9,769,87.0,0.2,411,62.0,0.0,431.0,45.0,0,0,0.0,-1,1.0,0,29,0.0,0.0,0.0,0.0,0.0,550.0,55.0,0.0,0.0,540.0,55.0,529.0,40.0,493.0,25.0,542.0,55.0,,,,,,,,0.0,0.0,0.0,0.0,0.0,0.0,0.0,0.0,0.0,25,0,0,0,0,0,0,0,0,0,0,0,0,0,0,0,0,125,0.0,0.0,0.0,0.0,0.0,0.0,0.0,0.0,0.0,0,0,0,0
104,Julian,Eyestone,Eyestone,a,,,3.9,773,89.0,0.1,451,68.0,0.0,435.0,47.0,0,0,0.0,-1,1.0,9,12,0.0,0.0,-1.0,0.0,0.0,554.0,57.0,,,544.0,57.0,533.0,42.0,497.0,27.0,546.0,57.0,,,,,,,,0.0,0.0,0.0,0.0,0.0,0.0,0.0,0.0,0.0,25,0,0,0,0,0,0,0,0,0,0,0,0,0,0,0,30,81,0.0,0.0,0.0,0.0,0.0,0.0,0.0,0.0,0.0,0,0,0,0
105,Hákon Rafn,Valdimarsson,Valdimarsson,a,,,3.9,770,88.0,0.6,231,29.0,0.0,432.0,46.0,0,0,0.0,-1,1.0,5,42,0.0,0.0,-1.0,0.0,0.0,551.0,56.0,,,541.0,56.0,530.0,41.0,494.0,26.0,543.0,56.0,,,,,,,,0.0,0.0,0.0,0.0,0.0,0.0,0.0,0.0,0.0,25,0,0,0,0,0,0,0,0,0,0,0,0,0,0,0,48,326,0.0,0.0,0.0,0.0,0.0,0.0,0.0,0.0,0.0,0,0,0,0
106,Nathan,Collins,Collins,a,,,5.0,259,40.0,3.6,94,35.0,0.8,273.0,102.0,0,0,0.0,0,0.0,270,2406,0.2,18.4,-0.2,0.8,3.8,90.0,32.0,,,8.0,4.0,228.0,63.0,79.0,6.0,56.0,10.0,,,,,,,,0.07,0.04,0.11,1.38,0.0,0.22,1.38,0.98,10.35,25,0,0,0,0,0,0,0,0,0,0,0,0,0,0,0,2076,15839,0.0,0.0,0.0,0.0,0.0,0.0,0.0,0.0,0.0,0,0,0,0
107,Keane,Lewis-Potter,Lewis-Potter,a,,,4.9,322,52.0,1.8,141,55.0,0.8,270.0,100.0,0,0,0.0,-1,1.0,74,1065,0.2,13.9,-0.2,0.8,3.1,177.0,70.0,,,254.0,103.0,170.0,43.0,150.0,30.0,217.0,71.0,,,,,,,,0.13,0.09,0.22,1.62,0.0,0.58,1.44,0.96,3.47,25,0,0,0,0,0,0,0,0,0,0,0,0,0,0,0,617,10354,0.0,0.0,0.0,0.0,0.0,0.0,0.0,0.0,0.0,0,0,0,0
108,Kristoffer,Ajer,Ajer,a,,,4.4,524,104.0,0.2,379,140.0,2.2,124.0,47.0,0,0,0.0,-1,1.0,44,31,0.5,12.5,1.2,2.2,3.1,169.0,66.0,100.0,100.0,170.0,72.0,363.0,129.0,175.0,38.0,233.0,79.0,,,,,,,,0.05,0.04,0.09,1.46,0.0,0.3,1.36,1.06,9.93,25,0,0,0,0,0,0,0,0,0,0,0,0,0,0,0,413,228,0.0,0.0,0.0,0.0,0.0,0.0,0.0,0.0,0.0,0,0,0,0
109,Rico,Henry,Henry,a,,,4.3,580,128.0,0.2,396,146.0,2.2,122.0,45.0,0,0,0.0,-2,2.0,28,32,0.5,10.0,1.2,2.2,2.1,307.0,115.0,,,340.0,129.0,345.0,119.0,343.0,111.0,370.0,130.0,,,,,,,,0.02,0.04,0.06,1.82,0.0,0.38,1.34,0.86,4.87,25,0,0,0,0,0,0,0,0,0,0,0,0,0,0,0,367,208,0.0,0.0,0.0,0.0,0.0,0.0,0.0,0.0,0.0,0,0,0,0
110,Michael,Kayode,Kayode,a,,,4.5,498,97.0,0.6,224,86.0,1.8,177.0,69.0,0,0,0.0,0,0.0,129,198,0.4,15.6,0.8,1.8,2.9,204.0,79.0,,,85.0,36.0,46.0,6.0,263.0,77.0,92.0,23.0,,,,,,,,0.01,0.1,0.11,1.41,0.0,0.26,1.34,1.03,6.42,25,0,0,0,0,0,0,0,0,0,0,0,0,0,0,0,783,1869,0.0,0.0,0.0,0.0,0.0,0.0,0.0,0.0,0.0,0,0,0,0
111,Ethan,Pinnock,Pinnock,a,,,4.2,633,147.0,0.1,453,165.0,0.0,516.0,224.0,0,0,0.0,-3,3.0,19,15,0.0,1.0,-1.0,0.0,1.3,413.0,151.0,100.0,100.0,377.0,146.0,452.0,166.0,380.0,136.0,414.0,149.0,,,,,,,,0.0,0.02,0.02,1.26,0.0,0.0,1.97,1.18,11.45,25,0,0,0,0,0,0,0,0,0,0,0,0,0,0,0,100,104,0.0,0.0,0.0,0.0,0.0,0.0,0.0,0.0,0.0,0,0,0,0
112,Mads,Roerslev Rasmussen,Roerslev,u,Has joined Southampton permanently.,,4.5,423,82.0,0.0,699,240.0,0.0,606.0,244.0,0,0,0.0,0,0.0,0,0,0.0,0.0,0.0,0.0,0.0,688.0,255.0,0.0,0.0,683.0,255.0,678.0,255.0,656.0,254.0,685.0,255.0,,,,,,,,0.0,0.0,0.0,0.0,0.0,0.0,0.0,0.0,0.0,25,0,0,0,0,0,0,0,0,0,0,0,0,0,0,0,0,0,0.0,0.0,0.0,0.0,0.0,0.0,0.0,0.0,0.0,0,0,0,0
113,Sepp,van den Berg,Van den Berg,a,,,4.5,432,85.0,0.7,222,84.0,2.2,128.0,51.0,0,0,0.0,0,0.0,59,143,0.5,13.6,1.2,2.2,3.2,152.0,58.0,100.0,100.0,93.0,41.0,334.0,114.0,117.0,21.0,157.0,51.0,,,,,,,,0.1,0.01,0.11,1.36,0.0,0.22,1.4,0.97,9.04,25,0,0,0,0,0,0,0,0,0,0,0,0,0,0,0,526,1734,0.0,0.0,0.0,0.0,0.0,0.0,0.0,0.0,0.0,0,0,0,0
114,Benjamin,Arthur,Arthur,u,has joined Celtic on loan for the rest of the season.,,3.8,813,261.0,0.2,362,131.0,0.0,404.0,167.0,0,0,0.0,-2,2.0,10,83,0.0,0.0,0.0,0.0,0.0,525.0,197.0,0.0,100.0,515.0,196.0,503.0,196.0,467.0,188.0,517.0,196.0,,,,,,,,0.0,0.0,0.0,0.0,0.0,0.0,0.0,0.0,0.0,25,0,0,0,0,0,0,0,0,0,0,0,0,0,0,0,108,147,0.0,0.0,0.0,0.0,0.0,0.0,0.0,0.0,0.0,0,0,0,0
115,Benjamin,Fredrick,Fredrick,u,has joined Dender on loan for the rest of the season.,,4.0,724,201.0,0.1,519,186.0,0.0,503.0,215.0,0,0,0.0,0,0.0,0,2,0.0,0.0,0.0,0.0,0.0,616.0,238.0,0.0,0.0,606.0,237.0,598.0,237.0,565.0,232.0,608.0,237.0,,,,,,,,0.0,0.0,0.0,0.0,0.0,0.0,0.0,0.0,0.0,25,0,0,0,0,0,0,0,0,0,0,0,0,0,0,0,0,12,0.0,0.0,0.0,0.0,0.0,0.0,0.0,0.0,0.0,0,0,0,0
116,Aaron,Hickey,Hickey,a,,,4.0,685,173.0,0.5,262,98.0,0.8,258.0,95.0,0,0,0.0,0,0.0,67,84,0.2,7.8,-0.2,0.8,1.9,337.0,124.0,100.0,100.0,361.0,137.0,392.0,144.0,313.0,100.0,381.0,135.0,,,,,,,,0.07,0.03,0.1,0.97,0.0,0.33,1.16,0.99,6.13,25,0,0,0,0,0,0,0,0,0,0,0,0,0,0,0,300,722,0.0,0.0,0.0,0.0,0.0,0.0,0.0,0.0,0.0,0,0,0,0
117,Kim,Ji-soo,Ji-soo,u,has joined Kaiserslautern on loan for the rest of the season.,,3.9,778,228.0,0.1,508,183.0,0.0,440.0,177.0,0,0,0.0,-1,1.0,0,2,0.0,0.0,0.0,0.0,0.0,559.0,205.0,0.0,0.0,549.0,204.0,538.0,204.0,502.0,196.0,551.0,204.0,,,,,,,,0.0,0.0,0.0,0.0,0.0,0.0,0.0,0.0,0.0,25,0,0,0,0,0,0,0,0,0,0,0,0,0,0,0,0,22,0.0,0.0,0.0,0.0,0.0,0.0,0.0,0.0,0.0,0,0,0,0
118,Jayden,Meghoma,Meghoma,u,Has joined Rangers on loan for the rest of the season.,,4.0,695,179.0,0.0,608,216.0,0.0,476.0,195.0,0,0,0.0,0,0.0,0,4,0.0,0.0,0.0,0.0,0.0,592.0,221.0,0.0,0.0,582.0,220.0,574.0,220.0,540.0,214.0,584.0,220.0,,,,,,,,0.0,0.0,0.0,0.0,0.0,0.0,0.0,0.0,0.0,25,0,0,0,0,0,0,0,0,0,0,0,0,0,0,0,0,10,0.0,0.0,0.0,0.0,0.0,0.0,0.0,0.0,0.0,0,0,0,0
120,Kevin,Schade,Schade,s,Suspended until 21 Feb,,7.0,41,24.0,1.5,150,49.0,0.2,376.0,167.0,0,0,0.0,0,0.0,18,5600,0.0,12.3,0.0,0.0,3.7,104.0,50.0,0.0,0.0,65.0,20.0,70.0,53.0,9.0,3.0,20.0,16.0,,,3.0,,,,,0.42,0.08,0.5,1.24,0.0,0.34,1.07,1.07,6.88,25,0,0,0,0,0,0,0,0,0,0,0,0,0,0,0,45,48047,0.0,0.0,0.0,0.0,0.0,0.0,0.0,0.0,0.0,0,0,0,0
121,Mikkel,Damsgaard,Damsgaard,a,,,5.6,130,80.0,0.5,261,88.0,1.2,233.0,96.0,0,0,0.0,-4,4.0,31,99,0.2,10.9,0.2,1.2,3.0,198.0,85.0,100.0,100.0,154.0,57.0,23.0,22.0,130.0,76.0,65.0,43.0,1.0,3.0,,,,,,0.08,0.26,0.34,1.38,0.0,0.14,1.56,1.06,10.05,25,0,0,0,0,0,0,0,0,0,0,0,0,0,0,0,237,694,0.0,0.0,0.0,0.0,0.0,0.0,0.0,0.0,0.0,0,0,0,0
122,Antoni,Milambo,Milambo,i,Knee injury - Expected back 01 Jun,,5.2,219,135.0,0.0,648,262.0,0.0,763.0,335.0,0,0,0.0,-3,3.0,0,1,0.0,0.2,0.0,0.0,1.0,487.0,226.0,0.0,0.0,466.0,212.0,444.0,213.0,785.0,348.0,476.0,217.0,,,,,,,,0.0,0.02,0.02,2.98,0.0,0.0,6.0,2.0,8.0,25,0,0,0,0,0,0,0,0,0,0,0,0,0,0,0,4,6,0.0,0.0,0.0,0.0,0.0,0.0,0.0,0.0,0.0,0,0,0,0
123,Fábio,Freitas Gouveia Carvalho,Carvalho,i,Knee injury - Expected back 01 Jun,,4.7,387,242.0,0.1,459,156.0,0.0,684.0,275.0,0,0,0.0,-3,3.0,1,11,0.0,2.8,0.0,0.0,2.2,299.0,130.0,0.0,0.0,404.0,178.0,426.0,208.0,325.0,170.0,411.0,186.0,4.0,,4.0,,,,,0.63,0.03,0.66,1.87,0.0,0.0,3.6,0.9,7.2,25,0,0,0,0,0,0,0,0,0,0,0,0,0,0,0,6,41,0.0,0.0,0.0,0.0,0.0,0.0,0.0,0.0,0.0,0,0,0,0
124,Jordan,Henderson,Henderson,a,,,5.0,242,148.0,0.4,288,96.0,0.5,312.0,138.0,0,0,0.0,0,0.0,76,87,0.1,12.0,-0.5,0.5,2.7,237.0,102.0,100.0,100.0,174.0,68.0,83.0,61.0,315.0,165.0,171.0,92.0,,,,,,,,0.02,0.13,0.15,1.27,0.0,0.25,1.33,1.02,8.38,25,0,0,0,0,0,0,0,0,0,0,0,0,0,0,0,302,582,0.0,0.0,0.0,0.0,0.0,0.0,0.0,0.0,0.0,0,0,0,0
125,Vitaly,Janelt,Janelt,a,,,4.9,304,189.0,0.3,321,106.0,1.8,179.0,71.0,0,0,0.0,-1,1.0,39,211,0.4,12.0,0.8,1.8,3.1,176.0,76.0,100.0,100.0,175.0,69.0,86.0,63.0,268.0,144.0,161.0,88.0,5.0,,,,,,,0.05,0.16,0.21,1.44,0.0,0.44,0.96,0.88,12.43,25,0,0,0,0,0,0,0,0,0,0,0,0,0,0,0,368,1560,0.0,0.0,0.0,0.0,0.0,0.0,0.0,0.0,0.0,0,0,0,0
126,Mathias,Jensen,Jensen,a,,,4.9,307,191.0,0.1,515,183.0,1.8,180.0,72.0,0,0,0.0,-1,1.0,11,17,0.4,9.8,0.8,1.8,2.2,300.0,131.0,,,249.0,104.0,93.0,70.0,202.0,110.0,186.0,99.0,3.0,,5.0,,,,,0.12,0.25,0.37,1.42,0.0,0.44,1.15,1.06,8.21,25,0,0,0,0,0,0,0,0,0,0,0,0,0,0,0,90,129,0.0,0.0,0.0,0.0,0.0,0.0,0.0,0.0,0.0,0,0,0,0
127,Gustavo,Nunes Fernandes Gomes,Nunes,u,has joined Swansea City on loan for the rest of the season.,,4.9,348,216.0,0.0,700,294.0,0.0,728.0,306.0,0,0,0.0,-1,1.0,0,5,0.0,0.0,0.0,0.0,0.0,771.0,333.0,0.0,0.0,771.0,333.0,767.0,333.0,759.0,331.0,771.0,333.0,,,,,,,,0.0,0.0,0.0,0.0,0.0,0.0,0.0,0.0,0.0,25,0,0,0,0,0,0,0,0,0,0,0,0,0,0,0,0,19,0.0,0.0,0.0,0.0,0.0,0.0,0.0,0.0,0.0,0,0,0,0
128,Frank,Onyeka,Onyeka,u,has joined Coventry City on loan for the rest of the season.,,4.8,367,228.0,0.0,601,230.0,0.0,696.0,283.0,0,0,0.0,-2,2.0,0,8,0.0,2.5,0.0,0.0,2.0,326.0,144.0,0.0,0.0,419.0,187.0,396.0,197.0,419.0,206.0,440.0,199.0,,,,,,,,0.0,0.37,0.37,2.07,0.0,0.0,2.05,0.0,10.23,25,0,0,0,0,0,0,0,0,0,0,0,0,0,0,0,0,45,0.0,0.0,0.0,0.0,0.0,0.0,0.0,0.0,0.0,0,0,0,0
129,Yehor,Yarmoliuk,Yarmoliuk,a,,,5.0,274,168.0,0.1,449,155.0,1.5,204.0,81.0,0,0,0.0,0,0.0,25,59,0.3,14.2,0.5,1.5,3.0,197.0,84.0,100.0,100.0,156.0,58.0,134.0,95.0,212.0,114.0,163.0,89.0,,,,,,,,0.06,0.06,0.12,1.4,0.0,0.26,1.43,1.07,11.38,25,0,0,0,0,0,0,0,0,0,0,0,0,0,0,0,190,363,0.0,0.0,0.0,0.0,0.0,0.0,0.0,0.0,0.0,0,0,0,0
130,Romelle,Donovan,Donovan,a,,,4.4,567,340.0,0.1,479,166.0,0.2,350.0,154.0,0,0,0.0,-1,1.0,35,16,0.0,0.2,-0.8,0.2,1.0,459.0,204.0,,,469.0,214.0,406.0,201.0,416.0,204.0,457.0,206.0,,,,,,,,4.5,0.9,5.4,0.0,0.0,0.0,0.0,0.0,90.0,25,0,0,0,0,0,0,0,0,0,0,0,0,0,0,0,108,77,0.0,0.0,0.0,0.0,0.0,0.0,0.0,0.0,0.0,0,0,0,0
131,Yunus Emre,Konak,Konak,u,has joined Oxford United on loan for the rest of the season.,,4.3,623,366.0,0.2,397,131.0,0.0,560.0,190.0,0,0,0.0,-2,2.0,0,51,0.0,0.0,0.0,0.0,0.0,653.0,250.0,0.0,0.0,644.0,241.0,640.0,246.0,614.0,235.0,646.0,243.0,,,,,,,,0.0,0.0,0.0,0.0,0.0,0.0,0.0,0.0,0.0,25,0,0,0,0,0,0,0,0,0,0,0,0,0,0,0,0,256,0.0,0.0,0.0,0.0,0.0,0.0,0.0,0.0,0.0,0,0,0,0
132,Paris,Maghoma,Maghoma,u,has joined Norwich City permanently.,,4.5,421,253.0,0.0,658,269.0,0.0,604.0,212.0,0,0,0.0,0,0.0,0,18,0.0,0.0,0.0,0.0,0.0,687.0,267.0,0.0,0.0,682.0,262.0,677.0,265.0,654.0,256.0,684.0,264.0,,,,,,,,0.0,0.0,0.0,0.0,0.0,0.0,0.0,0.0,0.0,25,0,0,0,0,0,0,0,0,0,0,0,0,0,0,0,0,76,0.0,0.0,0.0,0.0,0.0,0.0,0.0,0.0,0.0,0,0,0,0
133,Myles,Peart-Harris,Peart-Harris,u,has joined Oxford United permanently.,,4.4,542,323.0,0.0,625,246.0,0.0,572.0,193.0,0,0,0.0,-1,1.0,0,6,0.0,0.2,0.0,0.0,1.0,455.0,200.0,0.0,0.0,652.0,243.0,648.0,248.0,623.0,237.0,654.0,245.0,,,,,,,,0.0,0.0,0.0,0.0,0.0,0.0,0.0,0.0,0.0,25,0,0,0,0,0,0,0,0,0,0,0,0,0,0,0,0,19,0.0,0.0,0.0,0.0,0.0,0.0,0.0,0.0,0.0,0,0,0,0
134,Ryan,Trevitt,Trevitt,u,Has joined Wigan on loan for the rest of the season,,4.5,490,300.0,0.0,773,334.0,0.0,656.0,254.0,0,0,0.0,0,0.0,0,0,0.0,0.0,0.0,0.0,0.0,729.0,302.0,0.0,0.0,728.0,301.0,722.0,301.0,705.0,296.0,728.0,301.0,,,,,,,,0.0,0.0,0.0,0.0,0.0,0.0,0.0,0.0,0.0,25,0,0,0,0,0,0,0,0,0,0,0,0,0,0,0,0,0,0.0,0.0,0.0,0.0,0.0,0.0,0.0,0.0,0.0,0,0,0,0
136,Igor Thiago,Nascimento Rodrigues,Thiago,a,,,7.1,37,15.0,32.4,10,3.0,1.5,213.0,28.0,0,0,0.0,11,-11.0,3545,19491,0.2,17.7,0.5,1.5,5.2,10.0,2.0,100.0,100.0,5.0,2.0,129.0,6.0,2.0,2.0,5.0,2.0,,,2.0,,,,,0.59,0.04,0.63,1.43,0.0,0.27,1.34,1.02,5.47,25,0,0,0,0,0,0,0,0,0,0,0,0,0,0,0,21975,179147,0.0,0.0,0.0,0.0,0.0,0.0,0.0,0.0,0.0,0,0,0,0
137,Iwan,Morgan,Morgan,u,has joined Shrewsbury on loan for the rest of the season.,,4.4,554,77.0,0.3,308,50.0,0.0,581.0,56.0,0,0,0.0,-1,1.0,0,55,0.0,0.0,0.0,0.0,0.0,668.0,69.0,0.0,0.0,661.0,69.0,656.0,68.0,632.0,68.0,663.0,69.0,,,,,,,,0.0,0.0,0.0,0.0,0.0,0.0,0.0,0.0,0.0,25,0,0,0,0,0,0,0,0,0,0,0,0,0,0,0,0,226,0.0,0.0,0.0,0.0,0.0,0.0,0.0,0.0,0.0,0,0,0,0
748,Josh,Dasilva,Dasilva,i,Knee injury - Unknown return date,,4.9,299,186.0,0.0,802,355.0,0.0,706.0,291.0,0,0,0.0,-1,1.0,0,0,0.0,0.0,0.0,0.0,0.0,759.0,324.0,0.0,0.0,759.0,324.0,755.0,324.0,746.0,322.0,759.0,324.0,,,,,,,,0.0,0.0,0.0,0.0,0.0,0.0,0.0,0.0,0.0,25,0,0,0,0,0,0,0,0,0,0,0,0,0,0,0,0,0,0.0,0.0,0.0,0.0,0.0,0.0,0.0,0.0,0.0,0,0,0,0
797,Kaye,Furo,Furo,a,,,4.5,491,70.0,0.0,746,90.0,0.0,657.0,65.0,0,0,0.0,0,0.0,22,15,0.0,0.0,-1.0,0.0,0.0,730.0,78.0,,,729.0,78.0,723.0,77.0,706.0,77.0,729.0,78.0,,,,,,,,0.0,0.0,0.0,0.0,0.0,0.0,0.0,0.0,0.0,25,0,0,0,0,0,0,0,0,0,0,0,0,0,0,0,65,35,0.0,0.0,0.0,0.0,0.0,0.0,0.0,0.0,0.0,0,0,0,0
810,Luka,Bentt,Bentt,a,,,4.5,472,286.0,0.0,816,366.0,0.0,639.0,241.0,0,0,0.0,0,0.0,6,2,0.0,0.0,-1.0,0.0,0.0,715.0,292.0,,,713.0,290.0,708.0,291.0,689.0,284.0,714.0,291.0,,,,,,,,0.0,0.0,0.0,0.0,0.0,0.0,0.0,0.0,0.0,25,0,0,0,0,0,0,0,0,0,0,0,0,0,0,0,19,3,0.0,0.0,0.0,0.0,0.0,0.0,0.0,0.0,0.0,0,0,0,0
138,Jason,Steele,Steele,a,,,4.2,625,31.0,0.2,341,48.0,0.0,512.0,78.0,0,0,0.0,-3,3.0,12,20,0.0,0.0,0.0,0.0,0.0,624.0,86.0,,,615.0,86.0,608.0,75.0,576.0,60.0,617.0,86.0,,,,,,,,0.0,0.0,0.0,0.0,0.0,0.0,0.0,0.0,0.0,25,0,0,0,0,0,0,0,0,0,0,0,0,0,0,0,75,105,0.0,0.0,0.0,0.0,0.0,0.0,0.0,0.0,0.0,0,0,0,0
139,Bart,Verbruggen,Verbruggen,a,,,4.5,445,25.0,5.8,64,11.0,1.5,200.0,19.0,0,0,0.0,0,0.0,271,1346,0.3,16.4,1.5,1.5,3.1,172.0,15.0,,,14.0,3.0,411.0,7.0,671.0,76.0,160.0,3.0,,,,,,,,0.0,0.0,0.0,1.43,2.79,0.21,1.33,1.0,0.0,25,0,0,0,0,0,0,0,0,0,0,0,0,0,0,0,4386,12046,0.0,0.0,0.0,0.0,0.0,0.0,0.0,0.0,0.0,0,0,0,0
140,Tom,McGill,McGill,a,,,3.9,748,77.0,0.3,310,41.0,0.0,416.0,35.0,0,0,0.0,-1,1.0,6,12,0.0,0.0,0.0,0.0,0.0,536.0,45.0,,,526.0,45.0,515.0,30.0,479.0,15.0,528.0,45.0,,,,,,,,0.0,0.0,0.0,0.0,0.0,0.0,0.0,0.0,0.0,25,0,0,0,0,0,0,0,0,0,0,0,0,0,0,0,49,169,0.0,0.0,0.0,0.0,0.0,0.0,0.0,0.0,0.0,0,0,0,0
141,Carl,Rushworth,Rushworth,u,Has joined Coventry City on loan for the rest of the season.,,4.0,686,55.0,0.0,793,90.0,0.0,467.0,65.0,0,0,0.0,0,0.0,0,0,0.0,0.0,0.0,0.0,0.0,584.0,74.0,0.0,0.0,574.0,74.0,566.0,62.0,532.0,47.0,576.0,74.0,,,,,,,,0.0,0.0,0.0,0.0,0.0,0.0,0.0,0.0,0.0,25,0,0,0,0,0,0,0,0,0,0,0,0,0,0,0,0,0,0.0,0.0,0.0,0.0,0.0,0.0,0.0,0.0,0.0,0,0,0,0
142,Kjell,Scherpen,Scherpen,u,Has joined Union SG permanently,,4.0,674,48.0,0.0,795,91.0,0.0,457.0,58.0,0,0,0.0,0,0.0,0,0,0.0,0.0,0.0,0.0,0.0,574.0,67.0,0.0,0.0,564.0,67.0,556.0,55.0,522.0,40.0,566.0,67.0,,,,,,,,0.0,0.0,0.0,0.0,0.0,0.0,0.0,0.0,0.0,25,0,0,0,0,0,0,0,0,0,0,0,0,0,0,0,0,2,0.0,0.0,0.0,0.0,0.0,0.0,0.0,0.0,0.0,0,0,0,0
143,Olivier,Boscagli,Boscagli,a,,,4.2,631,145.0,0.1,504,180.0,1.5,194.0,73.0,0,0,0.0,-3,3.0,8,13,0.4,3.6,1.5,1.5,3.0,188.0,72.0,,,369.0,140.0,348.0,121.0,379.0,135.0,390.0,139.0,,,,,,,,0.02,0.07,0.09,1.37,0.0,0.39,0.78,1.17,7.43,25,0,0,0,0,0,0,0,0,0,0,0,0,0,0,0,40,78,0.0,0.0,0.0,0.0,0.0,0.0,0.0,0.0,0.0,0,0,0,0
144,Diego,Coppola,Coppola,u,has joined Paris FC on loan for the rest of the season.,,4.2,646,155.0,0.0,585,209.0,0.0,524.0,227.0,0,0,0.0,-3,3.0,0,21,0.0,2.4,0.0,0.0,2.0,322.0,121.0,0.0,0.0,400.0,152.0,438.0,160.0,428.0,161.0,435.0,157.0,,,,,,,,0.0,0.0,0.0,2.11,0.0,0.47,1.4,0.93,8.39,25,0,0,0,0,0,0,0,0,0,0,0,0,0,0,0,0,79,0.0,0.0,0.0,0.0,0.0,0.0,0.0,0.0,0.0,0,0,0,0
145,Maxim,De Cuyper,De Cuyper,a,,,4.3,589,135.0,1.9,134,53.0,1.8,173.0,65.0,0,0,0.0,-2,2.0,88,237,0.4,13.0,1.8,1.8,2.8,216.0,82.0,100.0,100.0,234.0,93.0,66.0,14.0,194.0,44.0,153.0,48.0,3.0,6.0,,,,,,0.12,0.18,0.3,1.65,0.0,0.34,1.46,1.12,3.96,25,0,0,0,0,0,0,0,0,0,0,0,0,0,0,0,1154,2228,0.0,0.0,0.0,0.0,0.0,0.0,0.0,0.0,0.0,0,0,0,0
146,Lewis,Dunk,Dunk,a,,,4.5,408,72.0,1.0,192,75.0,2.2,127.0,50.0,0,0,0.0,0,0.0,121,136,0.5,12.7,2.2,2.2,2.5,262.0,103.0,100.0,100.0,56.0,28.0,242.0,69.0,200.0,49.0,137.0,43.0,,1.0,,,,,,0.04,0.02,0.06,1.42,0.0,0.18,1.38,0.98,7.6,25,0,0,0,0,0,0,0,0,0,0,0,0,0,0,0,1311,1651,0.0,0.0,0.0,0.0,0.0,0.0,0.0,0.0,0.0,0,0,0,0
147,Pervis,Estupiñán Tenorio,Estupiñan,u,Has joined AC Milan permanently,,4.5,417,77.0,0.0,731,251.0,0.0,601.0,240.0,0,0,0.0,0,0.0,0,0,0.0,0.0,0.0,0.0,0.0,684.0,252.0,0.0,0.0,679.0,252.0,674.0,252.0,651.0,250.0,681.0,252.0,,,,,,,,0.0,0.0,0.0,0.0,0.0,0.0,0.0,0.0,0.0,25,0,0,0,0,0,0,0,0,0,0,0,0,0,0,0,0,0,0.0,0.0,0.0,0.0,0.0,0.0,0.0,0.0,0.0,0,0,0,0
148,Ferdi,Kadıoğlu,F.Kadıoğlu,a,,,4.4,530,109.0,0.4,287,110.0,1.2,219.0,84.0,0,0,0.0,-1,1.0,42,116,0.3,13.9,1.2,1.2,2.7,232.0,91.0,,,134.0,59.0,65.0,13.0,158.0,33.0,102.0,30.0,2.0,,,,,,,0.06,0.11,0.17,1.43,0.0,0.24,1.3,0.96,5.01,25,0,0,0,0,0,0,0,0,0,0,0,0,0,0,0,709,2062,0.0,0.0,0.0,0.0,0.0,0.0,0.0,0.0,0.0,0,0,0,0
149,Igor Julio,dos Santos de Paulo,Igor,a,,,4.5,422,81.0,0.1,522,187.0,0.0,605.0,243.0,0,0,0.0,0,0.0,8,8,0.0,1.3,0.0,0.0,1.5,397.0,145.0,100.0,100.0,424.0,159.0,405.0,148.0,655.0,253.0,444.0,161.0,,,,,,,,0.0,0.0,0.0,4.07,0.0,0.0,2.62,0.87,11.36,25,0,0,0,0,0,0,0,0,0,0,0,0,0,0,0,54,61,0.0,0.0,0.0,0.0,0.0,0.0,0.0,0.0,0.0,0,0,0,0
150,Tariq,Lamptey,Lamptey,u,has joined Fiorentina permanently.,,4.4,532,111.0,0.1,501,179.0,0.0,568.0,238.0,0,0,0.0,-1,1.0,0,5,0.0,0.0,0.0,0.0,0.0,658.0,251.0,0.0,0.0,649.0,251.0,645.0,251.0,620.0,249.0,651.0,251.0,,,,,,,,0.0,0.0,0.0,0.0,0.0,0.0,0.0,0.0,0.0,25,0,0,0,0,0,0,0,0,0,0,0,0,0,0,0,0,19,0.0,0.0,0.0,0.0,0.0,0.0,0.0,0.0,0.0,0,0,0,0
151,Jan Paul,van Hecke,Van Hecke,a,,,4.5,440,87.0,4.3,79,26.0,2.2,129.0,52.0,0,0,0.0,0,0.0,471,1412,0.5,19.3,2.2,2.2,3.8,88.0,30.0,100.0,100.0,7.0,3.0,190.0,47.0,87.0,7.0,45.0,3.0,,,,,,,,0.09,0.04,0.13,1.43,0.0,0.17,1.39,1.0,8.35,25,0,0,0,0,0,0,0,0,0,0,0,0,0,0,0,8527,13333,0.0,0.0,0.0,0.0,0.0,0.0,0.0,0.0,0.0,0,0,0,0
152,Joël,Veltman,Veltman,a,,,4.3,574,123.0,0.1,418,153.0,0.8,261.0,98.0,0,0,0.0,-2,2.0,10,20,0.2,7.0,0.8,0.8,2.3,285.0,109.0,100.0,100.0,238.0,96.0,282.0,92.0,283.0,85.0,290.0,99.0,,,,,,,,0.13,0.01,0.14,1.63,0.0,0.13,1.43,0.91,10.13,25,0,0,0,0,0,0,0,0,0,0,0,0,0,0,0,68,305,0.0,0.0,0.0,0.0,0.0,0.0,0.0,0.0,0.0,0,0,0,0
153,Adam,Webster,Webster,i,Knee injury - Unknown return date,,4.4,523,103.0,0.0,748,255.0,0.0,564.0,235.0,0,0,0.0,-1,1.0,0,2,0.0,0.0,0.0,0.0,0.0,655.0,249.0,0.0,0.0,646.0,249.0,642.0,249.0,617.0,247.0,648.0,249.0,,,,,,,,0.0,0.0,0.0,0.0,0.0,0.0,0.0,0.0,0.0,25,0,0,0,0,0,0,0,0,0,0,0,0,0,0,0,5,20,0.0,0.0,0.0,0.0,0.0,0.0,0.0,0.0,0.0,0,0,0,0
154,Eiran,Cashin,Cashin,u,has joined Blackburn Rovers on loan for the rest of the season.,,4.0,677,169.0,0.0,766,260.0,0.0,460.0,187.0,0,0,0.0,0,0.0,0,0,0.0,0.0,0.0,0.0,0.0,577.0,214.0,0.0,0.0,567.0,213.0,559.0,213.0,525.0,207.0,569.0,213.0,,,,,,,,0.0,0.0,0.0,0.0,0.0,0.0,0.0,0.0,0.0,25,0,0,0,0,0,0,0,0,0,0,0,0,0,0,0,0,0,0.0,0.0,0.0,0.0,0.0,0.0,0.0,0.0,0.0,0,0,0,0
155,Jacob,Slater,Slater,u,has joined Harrogate Town on loan until January.,,4.0,718,195.0,0.1,488,175.0,0.0,497.0,209.0,0,0,0.0,0,0.0,0,3,0.0,0.0,0.0,0.0,0.0,611.0,233.0,0.0,0.0,601.0,232.0,593.0,232.0,560.0,227.0,603.0,232.0,,,,,,,,0.0,0.0,0.0,0.0,0.0,0.0,0.0,0.0,0.0,25,0,0,0,0,0,0,0,0,0,0,0,0,0,0,0,0,16,0.0,0.0,0.0,0.0,0.0,0.0,0.0,0.0,0.0,0,0,0,0
156,Charlie,Tasker,Tasker,a,,,3.8,805,254.0,0.1,415,151.0,0.0,399.0,163.0,0,0,0.0,-2,2.0,27,16,0.0,0.0,0.0,0.0,0.0,520.0,193.0,,,510.0,192.0,498.0,192.0,461.0,183.0,512.0,192.0,,,,,,,,0.0,0.0,0.0,0.0,0.0,0.0,0.0,0.0,0.0,25,0,0,0,0,0,0,0,0,0,0,0,0,0,0,0,108,101,0.0,0.0,0.0,0.0,0.0,0.0,0.0,0.0,0.0,0,0,0,0
157,Mitoma,Kaoru,Mitoma,a,,,6.1,83,55.0,2.1,128,42.0,1.5,211.0,86.0,0,0,0.0,-4,4.0,267,414,0.2,6.6,1.5,1.5,2.9,210.0,90.0,100.0,100.0,253.0,108.0,84.0,62.0,97.0,61.0,140.0,76.0,,,,,,,,0.19,0.15,0.34,1.32,0.0,0.18,1.15,0.98,4.89,25,0,0,0,0,0,0,0,0,0,0,0,0,0,0,0,3068,4553,0.0,0.0,0.0,0.0,0.0,0.0,0.0,0.0,0.0,0,0,0,0
158,Georginio,Rutter,Georginio,a,,,5.6,133,83.0,0.4,270,91.0,0.8,277.0,118.0,0,0,0.0,-4,4.0,34,181,0.1,11.2,0.8,0.8,2.9,208.0,88.0,100.0,100.0,194.0,82.0,89.0,66.0,43.0,26.0,85.0,51.0,,,,,,,,0.13,0.13,0.26,1.16,0.0,0.38,0.95,1.08,6.21,25,0,0,0,0,0,0,0,0,0,0,0,0,0,0,0,388,2297,0.0,0.0,0.0,0.0,0.0,0.0,0.0,0.0,0.0,0,0,0,0
159,Solly,March,March,d,Lack of match fitness - 25% chance of playing,,5.8,105,67.0,0.0,744,317.0,0.0,793.0,353.0,0,0,0.0,-2,2.0,2,2,0.0,0.0,0.0,0.0,0.0,806.0,359.0,25.0,25.0,806.0,359.0,806.0,359.0,805.0,359.0,806.0,359.0,,,,,,,,0.0,0.0,0.0,0.0,0.0,0.0,0.0,0.0,0.0,25,0,0,0,0,0,0,0,0,0,0,0,0,0,0,0,5,3,0.0,0.0,0.0,0.0,0.0,0.0,0.0,0.0,0.0,0,0,0,0
160,Yankuba,Minteh,Minteh,a,,,5.7,122,75.0,2.3,118,39.0,0.8,279.0,119.0,0,0,0.0,-3,3.0,248,955,0.1,14.4,0.8,0.8,3.7,103.0,49.0,100.0,100.0,145.0,51.0,24.0,23.0,25.0,12.0,32.0,25.0,1.0,,,,,,,0.16,0.16,0.32,1.39,0.0,0.34,1.4,1.01,6.84,25,0,0,0,0,0,0,0,0,0,0,0,0,0,0,0,2087,12721,0.0,0.0,0.0,0.0,0.0,0.0,0.0,0.0,0.0,0,0,0,0
161,Julio,Enciso Espínola,Enciso,u,has joined Strasbourg permanently.,,5.4,176,108.0,0.0,733,311.0,0.0,779.0,343.0,0,0,0.0,-1,1.0,0,1,0.0,0.0,0.0,0.0,0.0,799.0,354.0,0.0,0.0,799.0,354.0,798.0,354.0,794.0,353.0,799.0,354.0,,,,,,,,0.0,0.0,0.0,0.0,0.0,0.0,0.0,0.0,0.0,25,0,0,0,0,0,0,0,0,0,0,0,0,0,0,0,0,1,0.0,0.0,0.0,0.0,0.0,0.0,0.0,0.0,0.0,0,0,0,0
162,Brajan,Gruda,Gruda,u,has joined Leipzig on loan for the rest of the season.,,5.4,181,112.0,0.1,571,210.0,0.5,321.0,144.0,0,0,0.0,-1,1.0,0,49,0.1,6.5,0.0,0.0,1.9,350.0,155.0,0.0,0.0,294.0,132.0,118.0,83.0,151.0,86.0,210.0,107.0,,,,,,,,0.24,0.11,0.35,1.76,0.0,0.25,1.4,1.02,7.37,25,0,0,0,0,0,0,0,0,0,0,0,0,0,0,0,0,294,0.0,0.0,0.0,0.0,0.0,0.0,0.0,0.0,0.0,0,0,0,0
163,Jack,Hinshelwood,Hinshelwood,a,,,5.1,240,146.0,0.0,590,221.0,0.5,314.0,140.0,0,0,0.0,-4,4.0,13,14,0.1,7.1,0.5,0.5,2.8,224.0,95.0,100.0,100.0,297.0,134.0,307.0,173.0,234.0,127.0,309.0,149.0,,,,,,,,0.1,0.05,0.15,2.15,0.0,0.14,1.79,0.96,8.93,25,0,0,0,0,0,0,0,0,0,0,0,0,0,0,0,66,111,0.0,0.0,0.0,0.0,0.0,0.0,0.0,0.0,0.0,0,0,0,0
164,Matt,O'Riley,O'Riley,u,has joined Marseille on loan for the rest of the season.,,5.5,144,90.0,0.3,299,101.0,0.0,787.0,349.0,0,0,0.0,0,0.0,0,12,0.0,2.2,0.0,0.0,6.0,4.0,2.0,0.0,0.0,380.0,166.0,283.0,162.0,278.0,148.0,358.0,168.0,,,,,,,,0.62,0.09,0.71,1.08,0.0,0.51,1.02,1.02,4.58,25,0,0,0,0,0,0,0,0,0,0,0,0,0,0,0,0,33,0.0,0.0,0.0,0.0,0.0,0.0,0.0,0.0,0.0,0,0,0,0
165,Abdallah,Sima,Sima,u,has joined Lens permanently.,,5.4,182,113.0,0.0,719,303.0,0.0,781.0,345.0,0,0,0.0,-1,1.0,0,1,0.0,0.0,0.0,0.0,0.0,800.0,355.0,0.0,0.0,800.0,355.0,799.0,355.0,795.0,354.0,800.0,355.0,,,,,,,,0.0,0.0,0.0,0.0,0.0,0.0,0.0,0.0,0.0,25,0,0,0,0,0,0,0,0,0,0,0,0,0,0,0,0,2,0.0,0.0,0.0,0.0,0.0,0.0,0.0,0.0,0.0,0,0,0,0
166,Yasin,Ayari,Ayari,i,Shoulder injury - Unknown return date,,4.8,373,233.0,1.0,193,64.0,4.2,30.0,15.0,0,0,0.0,-2,2.0,26,3575,0.9,17.3,0.0,0.0,4.0,66.0,30.0,0.0,0.0,142.0,48.0,119.0,84.0,103.0,63.0,116.0,63.0,4.0,5.0,,,,,,0.13,0.06,0.19,1.3,0.0,0.26,1.11,0.95,10.59,25,0,0,0,0,0,0,0,0,0,0,0,0,0,0,0,254,22762,0.0,0.0,0.0,0.0,0.0,0.0,0.0,0.0,0.0,0,0,0,0
167,Carlos,Baleba,Baleba,a,,,4.5,461,277.0,1.4,158,53.0,2.2,131.0,50.0,0,0,0.0,-5,5.0,638,122,0.5,7.6,2.2,2.2,1.8,356.0,159.0,100.0,100.0,347.0,154.0,265.0,158.0,348.0,182.0,359.0,169.0,,,,,,,,0.03,0.02,0.05,1.25,0.0,0.33,1.24,1.32,11.0,25,0,0,0,0,0,0,0,0,0,0,0,0,0,0,0,4122,846,0.0,0.0,0.0,0.0,0.0,0.0,0.0,0.0,0.0,0,0,0,0
169,Diego,Gómez Amarilla,Gomez,a,,,4.9,342,210.0,0.2,399,132.0,1.0,244.0,101.0,0,0,0.0,-1,1.0,39,53,0.2,11.4,1.0,1.0,2.7,236.0,101.0,100.0,100.0,165.0,63.0,100.0,74.0,60.0,38.0,89.0,54.0,,3.0,,,,,,0.28,0.08,0.36,1.39,0.0,0.25,1.4,1.08,9.24,25,0,0,0,0,0,0,0,0,0,0,0,0,0,0,0,213,632,0.0,0.0,0.0,0.0,0.0,0.0,0.0,0.0,0.0,0,0,0,0
170,James,Milner,Milner,a,,,4.9,286,178.0,0.1,463,158.0,0.5,306.0,134.0,0,0,0.0,-1,1.0,19,19,0.1,4.5,0.5,0.5,1.6,384.0,170.0,100.0,100.0,342.0,151.0,244.0,150.0,354.0,184.0,353.0,167.0,5.0,,1.0,,,,,0.25,0.15,0.4,1.99,0.0,0.0,3.22,0.59,9.67,25,0,0,0,0,0,0,0,0,0,0,0,0,0,0,0,80,76,0.0,0.0,0.0,0.0,0.0,0.0,0.0,0.0,0.0,0,0,0,0
171,Jeremy,Sarmiento Morante,Sarmiento,u,has joined Middlesbrough on loan for the rest of the season.,,4.9,330,204.0,0.0,691,289.0,0.0,720.0,300.0,0,0,0.0,-1,1.0,0,1,0.0,0.0,0.0,0.0,0.0,767.0,331.0,0.0,0.0,767.0,331.0,763.0,331.0,755.0,329.0,767.0,331.0,,,,,,,,0.0,0.0,0.0,0.0,0.0,0.0,0.0,0.0,0.0,25,0,0,0,0,0,0,0,0,0,0,0,0,0,0,0,0,2,0.0,0.0,0.0,0.0,0.0,0.0,0.0,0.0,0.0,0,0,0,0
172,Tom,Watson,Watson,u,has joined Millwall on loan for the rest of the season.,,4.8,375,235.0,0.0,631,251.0,0.0,700.0,286.0,0,0,0.0,-2,2.0,0,18,0.0,1.0,0.0,0.0,0.8,499.0,232.0,0.0,0.0,460.0,207.0,443.0,212.0,406.0,197.0,462.0,210.0,,,,,,,,0.06,0.05,0.11,2.72,0.0,0.0,3.16,0.0,7.89,25,0,0,0,0,0,0,0,0,0,0,0,0,0,0,0,0,58,0.0,0.0,0.0,0.0,0.0,0.0,0.0,0.0,0.0,0,0,0,0
173,Mats,Wieffer,Wieffer,d,Toe Injury - 25% chance of playing,,4.9,334,207.0,0.1,435,146.0,0.0,723.0,302.0,0,0,0.0,-1,1.0,0,46,0.0,11.8,0.0,0.0,3.6,107.0,51.0,25.0,25.0,150.0,54.0,105.0,76.0,177.0,101.0,138.0,75.0,,,,,,,,0.09,0.11,0.2,1.25,0.0,0.23,1.3,0.99,14.05,25,0,0,0,0,0,0,0,0,0,0,0,0,0,0,0,1,435,0.0,0.0,0.0,0.0,0.0,0.0,0.0,0.0,0.0,0,0,0,0
174,Malick,Yalcouyé,Yalcouye,u,Has joined Swansea City on loan for the rest of the season.,,5.0,281,174.0,0.0,763,329.0,0.0,752.0,326.0,0,0,0.0,0,0.0,0,0,0.0,0.0,0.0,0.0,0.0,788.0,347.0,0.0,0.0,788.0,347.0,786.0,347.0,780.0,345.0,788.0,347.0,,,,,,,,0.0,0.0,0.0,0.0,0.0,0.0,0.0,0.0,0.0,25,0,0,0,0,0,0,0,0,0,0,0,0,0,0,0,0,0,0.0,0.0,0.0,0.0,0.0,0.0,0.0,0.0,0.0,0,0,0,0
175,Joe,Knight,Knight,u,has joined Stevenage permanently.,,4.4,559,335.0,0.1,518,186.0,0.0,586.0,204.0,0,0,0.0,-1,1.0,2,43,0.0,0.2,0.0,0.0,1.0,457.0,202.0,0.0,,666.0,254.0,661.0,258.0,637.0,248.0,668.0,256.0,,,,,,,,0.0,0.0,0.0,0.0,0.0,0.0,0.0,0.0,0.0,25,0,0,0,0,0,0,0,0,0,0,0,0,0,0,0,35,92,0.0,0.0,0.0,0.0,0.0,0.0,0.0,0.0,0.0,0,0,0,0
176,Adrian,Mazilu,Mazilu,u,has joined Dinamo Bucharest permanently.,,4.5,466,282.0,0.0,678,281.0,0.0,634.0,237.0,0,0,0.0,0,0.0,0,2,0.0,0.0,0.0,0.0,0.0,712.0,290.0,0.0,0.0,708.0,286.0,704.0,288.0,684.0,280.0,709.0,287.0,,,,,,,,0.0,0.0,0.0,0.0,0.0,0.0,0.0,0.0,0.0,25,0,0,0,0,0,0,0,0,0,0,0,0,0,0,0,0,5,0.0,0.0,0.0,0.0,0.0,0.0,0.0,0.0,0.0,0,0,0,0
177,Andrew,Moran,Moran,u,Has joined Los Angeles FC on loan for the rest of the season.,,4.5,455,271.0,0.0,686,286.0,0.0,626.0,229.0,0,0,0.0,0,0.0,0,3,0.0,0.0,0.0,0.0,0.0,704.0,282.0,0.0,0.0,700.0,278.0,696.0,280.0,676.0,272.0,701.0,279.0,,,,,,,,0.0,0.0,0.0,0.0,0.0,0.0,0.0,0.0,0.0,25,0,0,0,0,0,0,0,0,0,0,0,0,0,0,0,0,6,0.0,0.0,0.0,0.0,0.0,0.0,0.0,0.0,0.0,0,0,0,0
178,Danny,Welbeck,Welbeck,a,,,6.2,71,23.0,4.0,85,15.0,1.2,235.0,31.0,0,0,0.0,-3,3.0,633,1584,0.2,11.3,1.2,1.2,3.0,200.0,21.0,100.0,100.0,136.0,12.0,142.0,10.0,29.0,15.0,70.0,12.0,,2.0,2.0,,,,,0.56,0.05,0.61,1.35,0.0,0.27,1.34,1.0,4.15,25,0,0,0,0,0,0,0,0,0,0,0,0,0,0,0,4572,14083,0.0,0.0,0.0,0.0,0.0,0.0,0.0,0.0,0.0,0,0,0,0
179,Evan,Ferguson,Ferguson,u,Has joined AS Roma on loan for the rest of the season,,5.5,152,39.0,0.0,743,89.0,0.0,789.0,81.0,0,0,0.0,0,0.0,0,0,0.0,0.0,0.0,0.0,0.0,805.0,88.0,0.0,0.0,805.0,88.0,804.0,88.0,801.0,88.0,805.0,88.0,,,,,,,,0.0,0.0,0.0,0.0,0.0,0.0,0.0,0.0,0.0,25,0,0,0,0,0,0,0,0,0,0,0,0,0,0,0,0,0,0.0,0.0,0.0,0.0,0.0,0.0,0.0,0.0,0.0,0,0,0,0
180,Stefanos,Tzimas,Tzimas,i,Knee injury - Expected back 01 Jun,,5.2,223,52.0,0.1,520,73.0,0.0,764.0,77.0,0,0,0.0,-3,3.0,2,13,0.0,3.1,0.0,0.0,1.8,360.0,41.0,0.0,0.0,373.0,39.0,286.0,30.0,311.0,50.0,363.0,45.0,,,,,,,,0.3,0.08,0.38,1.77,0.0,0.0,1.36,0.68,10.23,25,0,0,0,0,0,0,0,0,0,0,0,0,0,0,0,5,41,0.0,0.0,0.0,0.0,0.0,0.0,0.0,0.0,0.0,0,0,0,0
181,Charalampos,Kostoulas,Kostoulas,a,,,4.8,377,64.0,0.4,289,45.0,2.2,132.0,15.0,0,0,0.0,-2,2.0,108,89,0.5,5.6,2.2,2.2,1.9,344.0,36.0,,,307.0,30.0,280.0,28.0,137.0,33.0,275.0,33.0,,,,,,,,0.61,0.09,0.7,1.54,0.0,0.45,2.23,0.45,12.92,25,0,0,0,0,0,0,0,0,0,0,0,0,0,0,0,372,579,0.0,0.0,0.0,0.0,0.0,0.0,0.0,0.0,0.0,0,0,0,0
744,Nehemiah,Oriola,Oriola,a,,,4.5,471,285.0,0.0,712,300.0,0.0,638.0,240.0,0,0,0.0,0,0.0,7,3,0.0,0.2,0.0,0.0,1.0,465.0,208.0,,,712.0,289.0,707.0,290.0,688.0,283.0,713.0,290.0,,,,,,,,0.0,0.0,0.0,0.0,0.0,0.0,0.0,0.0,0.0,25,0,0,0,0,0,0,0,0,0,0,0,0,0,0,0,23,29,0.0,0.0,0.0,0.0,0.0,0.0,0.0,0.0,0.0,0,0,0,0
761,Freddie,Simmonds,Simmonds,a,,,4.0,723,200.0,0.0,724,249.0,0.0,502.0,214.0,0,0,0.0,0,0.0,4,7,0.0,0.0,0.0,0.0,0.0,615.0,237.0,,,605.0,236.0,597.0,236.0,564.0,231.0,607.0,236.0,,,,,,,,0.0,0.0,0.0,0.0,0.0,0.0,0.0,0.0,0.0,25,0,0,0,0,0,0,0,0,0,0,0,0,0,0,0,17,38,0.0,0.0,0.0,0.0,0.0,0.0,0.0,0.0,0.0,0,0,0,0
783,Pascal,Groß,Groß,a,,,5.5,136,84.0,0.1,485,170.0,4.2,32.0,16.0,0,0,0.0,0,0.0,189,62,0.8,3.5,4.2,4.2,3.8,93.0,43.0,,,332.0,147.0,174.0,116.0,281.0,150.0,303.0,146.0,,,,,,,,0.12,0.19,0.31,1.32,0.0,0.24,0.72,0.96,9.1,25,0,0,0,0,0,0,0,0,0,0,0,0,0,0,0,2690,646,0.0,0.0,0.0,0.0,0.0,0.0,0.0,0.0,0.0,0,0,0,0
795,Harry,Howell,Howell,a,,,4.5,493,302.0,0.0,798,353.0,0.0,659.0,256.0,0,0,0.0,0,0.0,4,0,0.0,0.0,0.0,0.0,0.0,732.0,304.0,,,731.0,303.0,725.0,303.0,708.0,298.0,731.0,303.0,,,,,,,,0.0,0.0,0.0,0.0,0.0,0.0,0.0,0.0,0.0,25,0,0,0,0,0,0,0,0,0,0,0,0,0,0,0,16,8,0.0,0.0,0.0,0.0,0.0,0.0,0.0,0.0,0.0,0,0,0,0
220,Robert,Lynch Sánchez,Sánchez,a,,,4.9,312,13.0,15.2,22,3.0,4.0,39.0,2.0,0,0,0.0,-1,1.0,2453,1715,0.8,18.4,4.0,4.0,3.9,77.0,6.0,100.0,100.0,21.0,7.0,318.0,1.0,749.0,85.0,162.0,4.0,,,,,,,,0.0,0.0,0.0,1.42,2.86,0.41,1.18,1.04,0.0,25,0,0,0,0,0,0,0,0,0,0,0,0,0,0,0,39758,15219,0.0,0.0,0.0,0.0,0.0,0.0,0.0,0.0,0.0,0,0,0,0
221,Filip,Jörgensen,Jörgensen,d,Knock - 75% chance of playing,,4.3,603,29.0,0.2,390,58.0,0.0,543.0,84.0,0,0,0.0,-2,2.0,2,41,0.0,0.7,0.0,0.0,1.5,395.0,30.0,75.0,75.0,420.0,30.0,626.0,81.0,599.0,68.0,449.0,30.0,,,,,,,,0.0,0.0,0.0,1.44,1.55,0.0,1.55,0.52,0.0,25,0,0,0,0,0,0,0,0,0,0,0,0,0,0,0,13,165,0.0,0.0,0.0,0.0,0.0,0.0,0.0,0.0,0.0,0,0,0,0
222,Mike,Penders,Penders,u,Has joined RC Strasbourg on loan for the rest of the season.,,4.0,708,64.0,0.0,786,88.0,0.0,487.0,74.0,0,0,0.0,0,0.0,0,0,0.0,0.0,0.0,0.0,0.0,602.0,83.0,0.0,0.0,592.0,83.0,584.0,71.0,551.0,56.0,594.0,83.0,,,,,,,,0.0,0.0,0.0,0.0,0.0,0.0,0.0,0.0,0.0,25,0,0,0,0,0,0,0,0,0,0,0,0,0,0,0,0,0,0.0,0.0,0.0,0.0,0.0,0.0,0.0,0.0,0.0,0,0,0,0
223,Gabriel,Słonina,Slonina,a,,,3.9,761,82.0,0.1,454,69.0,0.0,425.0,40.0,0,0,0.0,-1,1.0,3,11,0.0,0.0,0.0,0.0,0.0,544.0,50.0,,,534.0,50.0,523.0,35.0,487.0,20.0,536.0,50.0,,,,,,,,0.0,0.0,0.0,0.0,0.0,0.0,0.0,0.0,0.0,25,0,0,0,0,0,0,0,0,0,0,0,0,0,0,0,16,92,0.0,0.0,0.0,0.0,0.0,0.0,0.0,0.0,0.0,0,0,0,0
224,Marc,Cucurella Saseta,Cucurella,a,,,6.0,85,3.0,17.1,20,7.0,4.0,42.0,16.0,0,0,0.0,0,0.0,4207,1186,0.7,14.2,4.0,4.0,3.9,83.0,29.0,100.0,100.0,88.0,39.0,51.0,9.0,123.0,23.0,66.0,12.0,,,,,,,,0.08,0.12,0.2,1.37,0.0,0.46,1.03,1.03,6.69,25,0,0,0,0,0,0,0,0,0,0,0,0,0,0,0,43818,7379,0.0,0.0,0.0,0.0,0.0,0.0,0.0,0.0,0.0,0,0,0,0
225,Reece,James,James,d,Knock - 75% chance of playing,,5.7,118,12.0,10.4,36,13.0,3.5,59.0,25.0,0,0,0.0,2,-2.0,175,10830,0.6,17.0,2.6,2.6,4.2,57.0,24.0,75.0,75.0,81.0,34.0,38.0,3.0,241.0,66.0,68.0,14.0,2.0,2.0,,,,,,0.05,0.13,0.18,1.43,0.0,0.41,0.94,0.94,6.16,25,0,0,0,0,0,0,0,0,0,0,0,0,0,0,0,1146,78764,0.0,0.0,0.0,0.0,0.0,0.0,0.0,0.0,0.0,0,0,0,0
226,Trevoh,Chalobah,Chalobah,a,,,5.8,106,8.0,24.0,16,5.0,3.8,50.0,19.0,0,1,-1.0,8,-8.0,5538,2890,0.7,20.2,3.8,3.8,5.1,12.0,4.0,100.0,100.0,18.0,7.0,250.0,76.0,161.0,35.0,94.0,25.0,,,,,,,,0.05,0.03,0.08,1.32,0.0,0.4,1.16,1.03,9.09,25,0,0,0,0,0,0,0,0,0,0,0,0,0,0,0,80174,23011,0.0,0.0,0.0,0.0,0.0,0.0,0.0,0.0,0.0,0,0,0,0
227,Levi,Samuels Colwill,Colwill,i,Anterior cruciate ligament - Unknown return date,,4.7,389,66.0,0.1,464,170.0,0.0,686.0,251.0,0,0,0.0,-3,3.0,0,2,0.0,0.0,0.0,0.0,0.0,751.0,259.0,0.0,0.0,751.0,259.0,746.0,259.0,733.0,258.0,751.0,259.0,,,,,,,,0.0,0.0,0.0,0.0,0.0,0.0,0.0,0.0,0.0,25,0,0,0,0,0,0,0,0,0,0,0,0,0,0,0,6,19,0.0,0.0,0.0,0.0,0.0,0.0,0.0,0.0,0.0,0,0,0,0
228,Malo,Gusto,Gusto,a,,,4.9,337,55.0,2.0,129,50.0,0.5,311.0,116.0,0,0,0.0,-1,1.0,617,498,0.1,15.3,0.5,0.5,3.6,108.0,37.0,100.0,100.0,163.0,69.0,116.0,30.0,192.0,43.0,155.0,50.0,,,,,,,,0.08,0.06,0.14,1.59,0.0,0.41,1.17,0.96,5.28,25,0,0,0,0,0,0,0,0,0,0,0,0,0,0,0,9401,3914,0.0,0.0,0.0,0.0,0.0,0.0,0.0,0.0,0.0,0,0,0,0
229,Benoît,Badiashile Mukinayi,B.Badiashile,a,,,4.4,535,114.0,0.0,586,210.0,1.0,237.0,88.0,0,0,0.0,-1,1.0,15,23,0.2,1.6,1.0,1.0,0.9,494.0,172.0,100.0,100.0,322.0,124.0,421.0,153.0,431.0,162.0,395.0,142.0,,,,,,,,0.0,0.01,0.01,1.42,0.0,0.0,1.91,1.15,9.19,25,0,0,0,0,0,0,0,0,0,0,0,0,0,0,0,304,437,0.0,0.0,0.0,0.0,0.0,0.0,0.0,0.0,0.0,0,0,0,0
230,Wesley,Fofana,Fofana,a,,,4.4,540,117.0,0.4,267,101.0,1.2,220.0,85.0,0,0,0.0,-1,1.0,250,103,0.3,10.5,1.2,1.2,3.5,118.0,42.0,100.0,100.0,167.0,70.0,362.0,128.0,360.0,123.0,284.0,94.0,,,,,,,,0.03,0.05,0.08,1.47,0.0,0.42,0.95,0.95,12.37,25,0,0,0,0,0,0,0,0,0,0,0,0,0,0,0,3816,1195,0.0,0.0,0.0,0.0,0.0,0.0,0.0,0.0,0.0,0,0,0,0
231,Mamadou,Sarr,M.Sarr,a,,,4.5,479,96.0,0.0,725,250.0,0.0,646.0,248.0,0,0,0.0,0,0.0,49,3,0.0,0.0,0.0,0.0,0.0,721.0,258.0,100.0,100.0,719.0,258.0,714.0,258.0,696.0,257.0,720.0,258.0,,,,,,,,0.0,0.0,0.0,0.0,0.0,0.0,0.0,0.0,0.0,25,0,0,0,0,0,0,0,0,0,0,0,0,0,0,0,209,23,0.0,0.0,0.0,0.0,0.0,0.0,0.0,0.0,0.0,0,0,0,0
232,Tosin,Adarabioyo,Tosin,i,Hamstring injury - Unknown return date,,4.0,663,162.0,0.3,339,124.0,0.8,257.0,94.0,0,0,0.0,-5,5.0,2,71,0.2,7.5,0.0,0.0,2.7,230.0,89.0,0.0,0.0,216.0,85.0,360.0,127.0,366.0,126.0,317.0,108.0,,,,,,,,0.01,0.05,0.06,1.4,0.0,0.26,1.41,0.89,11.12,25,0,0,0,0,0,0,0,0,0,0,0,0,0,0,0,8,401,0.0,0.0,0.0,0.0,0.0,0.0,0.0,0.0,0.0,0,0,0,0
233,Josh,Acheampong,Acheampong,a,,,3.7,816,264.0,1.2,176,67.0,0.2,332.0,119.0,0,-1,1.0,-3,3.0,817,211,0.1,8.4,0.2,0.2,3.4,125.0,44.0,100.0,100.0,317.0,122.0,370.0,133.0,275.0,81.0,354.0,123.0,,,,,,,,0.11,0.02,0.13,2.27,0.0,0.38,1.71,1.14,6.09,25,0,0,0,0,0,0,0,0,0,0,0,0,0,0,0,1415,2267,0.0,0.0,0.0,0.0,0.0,0.0,0.0,0.0,0.0,0,0,0,0
234,Aarón,Anselmino,Anselmino,u,has joined Strasbourg on loan for the rest of the season.,,4.0,729,206.0,0.1,569,205.0,0.0,506.0,218.0,0,0,0.0,0,0.0,0,12,0.0,0.0,0.0,0.0,0.0,619.0,241.0,0.0,0.0,610.0,241.0,602.0,241.0,569.0,236.0,612.0,241.0,,,,,,,,0.0,0.0,0.0,0.0,0.0,0.0,0.0,0.0,0.0,25,0,0,0,0,0,0,0,0,0,0,0,0,0,0,0,0,32,0.0,0.0,0.0,0.0,0.0,0.0,0.0,0.0,0.0,0,0,0,0
235,Cole,Palmer,Palmer,a,,,10.4,3,2.0,12.0,31,11.0,2.8,101.0,44.0,0,0,0.0,-1,1.0,1464,2149,0.3,4.5,2.8,2.8,3.6,115.0,55.0,100.0,100.0,233.0,99.0,199.0,133.0,83.0,51.0,183.0,97.0,,1.0,1.0,,,,,0.45,0.05,0.5,1.68,0.0,0.21,1.28,1.17,7.26,25,0,0,0,0,0,0,0,0,0,0,0,0,0,0,0,28092,17524,0.0,0.0,0.0,0.0,0.0,0.0,0.0,0.0,0.0,0,0,0,0
236,Pedro,Lomba Neto,Neto,d,Knock - 75% chance of playing,,7.1,35,21.0,5.4,70,24.0,2.0,166.0,68.0,0,0,0.0,1,-1.0,74,5914,0.3,13.5,1.5,1.5,4.0,72.0,34.0,75.0,75.0,80.0,26.0,9.0,9.0,31.0,16.0,16.0,12.0,1.0,4.0,,,,,,0.17,0.23,0.4,1.19,0.0,0.48,0.77,1.01,4.29,25,0,0,0,0,0,0,0,0,0,0,0,0,0,0,0,693,50080,0.0,0.0,0.0,0.0,0.0,0.0,0.0,0.0,0.0,0,0,0,0
237,Enzo,Fernández,Enzo,a,,,6.9,43,25.0,23.6,17,6.0,5.5,10.0,6.0,0,1,-1.0,4,-4.0,13485,1762,0.8,16.5,5.5,5.5,5.0,18.0,8.0,100.0,100.0,15.0,5.0,10.0,10.0,13.0,6.0,4.0,3.0,3.0,3.0,2.0,,,,,0.42,0.18,0.6,1.32,0.0,0.37,1.1,1.01,7.56,25,0,0,0,0,0,0,0,0,0,0,0,0,0,0,0,211055,13903,0.0,0.0,0.0,0.0,0.0,0.0,0.0,0.0,0.0,0,0,0,0
238,Estêvão,Almeida de Oliveira Gonçalves,Estêvão,a,,,6.4,62,40.0,2.7,110,32.0,3.2,76.0,31.0,0,0,0.0,-1,1.0,1289,923,0.5,8.1,3.2,3.2,2.9,211.0,91.0,100.0,100.0,257.0,109.0,130.0,92.0,67.0,42.0,148.0,82.0,4.0,,3.0,,,,,0.37,0.28,0.65,1.08,0.0,0.4,1.07,1.2,5.87,25,0,0,0,0,0,0,0,0,0,0,0,0,0,0,0,13953,7884,0.0,0.0,0.0,0.0,0.0,0.0,0.0,0.0,0.0,0,0,0,0
239,Jamie,Bynoe-Gittens,Gittens,i,Hamstring injury - Unknown return date,,6.0,87,56.0,0.1,462,157.0,0.5,324.0,146.0,0,0,0.0,-5,5.0,1,58,0.1,4.2,0.0,0.0,1.6,388.0,173.0,0.0,0.0,336.0,148.0,191.0,128.0,237.0,129.0,296.0,141.0,,,,,,,,0.15,0.17,0.32,1.65,0.0,0.19,1.3,0.93,5.37,25,0,0,0,0,0,0,0,0,0,0,0,0,0,0,0,3,174,0.0,0.0,0.0,0.0,0.0,0.0,0.0,0.0,0.0,0,0,0,0
240,Christopher,Nkunku,Nkunku,u,has joined AC Milan permanently.,,5.9,96,61.0,0.1,510,181.0,0.0,795.0,354.0,0,0,0.0,-1,1.0,0,2,0.0,0.0,0.0,0.0,0.0,807.0,360.0,0.0,0.0,807.0,360.0,807.0,360.0,807.0,360.0,807.0,360.0,,,,,,,,0.0,0.0,0.0,0.0,0.0,0.0,0.0,0.0,0.0,25,0,0,0,0,0,0,0,0,0,0,0,0,0,0,0,0,6,0.0,0.0,0.0,0.0,0.0,0.0,0.0,0.0,0.0,0,0,0,0
241,Moisés,Caicedo Corozo,Caicedo,a,,,5.7,120,74.0,8.0,50,18.0,2.5,113.0,47.0,0,0,0.0,2,-2.0,1408,1144,0.4,13.9,2.5,2.5,4.2,58.0,24.0,100.0,100.0,82.0,27.0,124.0,88.0,225.0,123.0,124.0,69.0,,,,,,,,0.06,0.06,0.12,1.39,0.0,0.34,1.24,1.02,13.21,25,0,0,0,0,0,0,0,0,0,0,0,0,0,0,0,8932,7259,0.0,0.0,0.0,0.0,0.0,0.0,0.0,0.0,0.0,0,0,0,0
244,Roméo,Lavia,Lavia,i,Thigh injury - Unknown return date,,4.9,343,211.0,0.0,692,290.0,0.0,725.0,303.0,0,0,0.0,-1,1.0,0,0,0.0,0.8,0.0,0.0,1.0,481.0,221.0,0.0,0.0,448.0,200.0,422.0,205.0,438.0,215.0,458.0,207.0,,,,,,,,0.0,0.04,0.04,2.39,0.0,0.0,2.57,0.86,9.43,25,0,0,0,0,0,0,0,0,0,0,0,0,0,0,0,1,5,0.0,0.0,0.0,0.0,0.0,0.0,0.0,0.0,0.0,0,0,0,0
245,Mykhailo,Mudryk,Mudryk,s,Suspended - unknown return date,,4.9,333,206.0,0.0,736,312.0,0.0,722.0,301.0,0,0,0.0,-1,1.0,0,5,0.0,0.0,0.0,0.0,0.0,769.0,332.0,0.0,0.0,769.0,332.0,765.0,332.0,757.0,330.0,769.0,332.0,,,,,,,,0.0,0.0,0.0,0.0,0.0,0.0,0.0,0.0,0.0,25,0,0,0,0,0,0,0,0,0,0,0,0,0,0,0,1,8,0.0,0.0,0.0,0.0,0.0,0.0,0.0,0.0,0.0,0,0,0,0
246,Andrey,Nascimento dos Santos,Andrey Santos,a,,,4.5,460,276.0,0.3,327,110.0,1.0,241.0,99.0,0,0,0.0,0,0.0,82,77,0.2,4.9,1.0,1.0,1.3,416.0,183.0,100.0,100.0,314.0,140.0,239.0,148.0,284.0,151.0,319.0,153.0,,,,,,,,0.24,0.07,0.31,1.43,0.0,0.14,0.85,0.85,11.92,25,0,0,0,0,0,0,0,0,0,0,0,0,0,0,0,451,514,0.0,0.0,0.0,0.0,0.0,0.0,0.0,0.0,0.0,0,0,0,0
247,Dário,Luís Essugo,D.Essugo,i,Knock - Expected back 21 Feb,,4.3,597,348.0,0.1,580,217.0,0.0,538.0,173.0,0,0,0.0,-2,2.0,19,8,0.0,0.0,0.0,0.0,0.0,636.0,236.0,0.0,0.0,627.0,227.0,622.0,232.0,594.0,219.0,629.0,229.0,,,,,,,,0.0,0.0,0.0,0.0,0.0,0.0,0.0,0.0,0.0,25,0,0,0,0,0,0,0,0,0,0,0,0,0,0,0,33,54,0.0,0.0,0.0,0.0,0.0,0.0,0.0,0.0,0.0,0,0,0,0
248,Kendry,Páez Andrade,Paez,u,has joined River Plate on loan for the rest of the season.,,4.5,500,307.0,0.0,770,332.0,0.0,664.0,260.0,0,0,0.0,0,0.0,0,0,0.0,0.0,0.0,0.0,0.0,736.0,307.0,0.0,0.0,736.0,307.0,730.0,307.0,713.0,302.0,736.0,307.0,,,,,,,,0.0,0.0,0.0,0.0,0.0,0.0,0.0,0.0,0.0,25,0,0,0,0,0,0,0,0,0,0,0,0,0,0,0,0,0,0.0,0.0,0.0,0.0,0.0,0.0,0.0,0.0,0.0,0,0,0,0
249,João Pedro,Junqueira de Jesus,João Pedro,a,,,7.5,23,8.0,42.2,3,2.0,7.5,1.0,1.0,0,0,0.0,0,0.0,18462,1606,1.0,15.2,7.5,7.5,4.8,23.0,4.0,,,37.0,4.0,43.0,1.0,14.0,8.0,15.0,4.0,,,,,,,,0.4,0.08,0.48,1.26,0.0,0.47,0.89,1.04,5.28,25,0,0,0,0,0,0,0,0,0,0,0,0,0,0,0,270395,10796,0.0,0.0,0.0,0.0,0.0,0.0,0.0,0.0,0.0,0,0,0,0
250,Liam,Delap,Delap,a,,,6.2,76,25.0,1.0,191,31.0,2.5,116.0,13.0,0,0,0.0,-3,3.0,211,169,0.4,5.0,2.5,2.5,2.1,320.0,34.0,100.0,100.0,389.0,41.0,317.0,34.0,73.0,24.0,270.0,32.0,,,,,,,,0.44,0.02,0.46,1.32,0.0,0.26,1.58,1.19,3.04,25,0,0,0,0,0,0,0,0,0,0,0,0,0,0,0,1644,1259,0.0,0.0,0.0,0.0,0.0,0.0,0.0,0.0,0.0,0,0,0,0
251,Nicolas,Jackson,N.Jackson,u,has joined Bayern Munich on loan for the rest of the season.,,6.5,55,19.0,0.1,524,75.0,0.0,808.0,88.0,0,0,0.0,0,0.0,0,1,0.0,0.0,0.0,0.0,0.0,813.0,91.0,0.0,0.0,813.0,91.0,813.0,91.0,813.0,91.0,813.0,91.0,,,,,,,,0.0,0.0,0.0,0.0,0.0,0.0,0.0,0.0,0.0,25,0,0,0,0,0,0,0,0,0,0,0,0,0,0,0,0,4,0.0,0.0,0.0,0.0,0.0,0.0,0.0,0.0,0.0,0,0,0,0
252,Marc,Guiu Paz,Marc Guiu,a,,,4.2,642,88.0,6.0,62,12.0,0.0,521.0,47.0,0,0,0.0,-3,3.0,617,1112,0.0,2.9,0.0,0.0,1.3,414.0,52.0,100.0,100.0,427.0,49.0,346.0,42.0,250.0,46.0,383.0,46.0,,,,,,,,0.53,0.11,0.64,2.06,0.0,0.0,0.73,0.36,2.55,25,0,0,0,0,0,0,0,0,0,0,0,0,0,0,0,3250,14127,0.0,0.0,0.0,0.0,0.0,0.0,0.0,0.0,0.0,0,0,0,0
453,Alejandro,Garnacho Ferreyra,Garnacho,a,,,6.4,61,39.0,0.5,255,86.0,0.5,326.0,148.0,0,0,0.0,-1,1.0,149,262,0.1,6.4,0.5,0.5,2.7,244.0,108.0,,,289.0,128.0,98.0,72.0,68.0,43.0,147.0,81.0,,,,,,,,0.26,0.27,0.53,1.65,0.0,0.42,1.26,1.26,5.02,25,0,0,0,0,0,0,0,0,0,0,0,0,0,0,0,1073,2176,0.0,0.0,0.0,0.0,0.0,0.0,0.0,0.0,0.0,0,0,0,0
672,Jorrel,Hato,Hato,a,,,4.6,404,71.0,0.2,395,145.0,0.5,299.0,113.0,0,0,0.0,-4,4.0,39,22,0.1,1.5,0.5,0.5,0.8,498.0,174.0,100.0,100.0,375.0,144.0,341.0,118.0,373.0,131.0,388.0,138.0,,,,,,,,0.06,0.02,0.08,1.42,0.0,0.0,2.0,0.86,8.57,25,0,0,0,0,0,0,0,0,0,0,0,0,0,0,0,163,93,0.0,0.0,0.0,0.0,0.0,0.0,0.0,0.0,0.0,0,0,0,0
789,Max,Merrick,Merrick,a,,,4.0,703,63.0,0.0,771,87.0,0.0,482.0,73.0,0,0,0.0,0,0.0,2,3,0.0,0.0,0.0,0.0,0.0,598.0,82.0,,,588.0,82.0,580.0,70.0,546.0,55.0,590.0,82.0,,,,,,,,0.0,0.0,0.0,0.0,0.0,0.0,0.0,0.0,0.0,25,0,0,0,0,0,0,0,0,0,0,0,0,0,0,0,7,8,0.0,0.0,0.0,0.0,0.0,0.0,0.0,0.0,0.0,0,0,0,0
803,Teddy,Sharman-Lowe,Sharman-Lowe,a,,,4.0,696,59.0,0.0,806,94.0,0.0,477.0,69.0,0,0,0.0,0,0.0,3,2,0.0,0.0,0.0,0.0,0.0,593.0,78.0,,,583.0,78.0,575.0,66.0,541.0,51.0,585.0,78.0,,,,,,,,0.0,0.0,0.0,0.0,0.0,0.0,0.0,0.0,0.0,25,0,0,0,0,0,0,0,0,0,0,0,0,0,0,0,11,5,0.0,0.0,0.0,0.0,0.0,0.0,0.0,0.0,0.0,0,0,0,0
253,Dean,Henderson,Henderson,a,,,5.0,246,8.0,7.3,53,8.0,1.2,226.0,20.0,0,0,0.0,0,0.0,986,1190,0.2,16.8,1.2,1.2,3.5,121.0,11.0,,,36.0,11.0,415.0,11.0,764.0,87.0,194.0,9.0,,,,,,,,0.0,0.0,0.0,1.35,2.67,0.33,1.21,1.0,0.0,25,0,0,0,0,0,0,0,0,0,0,0,0,0,0,0,4766,10247,0.0,0.0,0.0,0.0,0.0,0.0,0.0,0.0,0.0,0,0,0,0
254,Walter,Benítez,Benitez,a,,,4.0,665,45.0,0.3,315,42.0,0.0,449.0,55.0,0,0,0.0,0,0.0,34,23,0.0,0.0,0.0,0.0,0.0,567.0,65.0,100.0,100.0,557.0,65.0,548.0,52.0,513.0,37.0,559.0,65.0,,,,,,,,0.0,0.0,0.0,0.0,0.0,0.0,0.0,0.0,0.0,25,0,0,0,0,0,0,0,0,0,0,0,0,0,0,0,111,108,0.0,0.0,0.0,0.0,0.0,0.0,0.0,0.0,0.0,0,0,0,0
255,Remi,Matthews,Matthews,a,,,3.9,746,76.0,0.1,470,71.0,0.0,415.0,34.0,0,0,0.0,-1,1.0,9,8,0.0,0.0,0.0,0.0,0.0,535.0,44.0,,,525.0,44.0,514.0,29.0,478.0,14.0,527.0,44.0,,,,,,,,0.0,0.0,0.0,0.0,0.0,0.0,0.0,0.0,0.0,25,0,0,0,0,0,0,0,0,0,0,0,0,0,0,0,33,39,0.0,0.0,0.0,0.0,0.0,0.0,0.0,0.0,0.0,0,0,0,0
256,Daniel,Muñoz Mejía,Muñoz,a,,,5.8,108,9.0,6.8,54,17.0,0.8,281.0,104.0,0,0,0.0,3,-3.0,3379,738,0.1,15.9,0.8,0.8,5.8,6.0,2.0,100.0,100.0,102.0,45.0,140.0,34.0,77.0,5.0,96.0,27.0,,,,,,,,0.12,0.14,0.26,1.23,0.0,0.44,0.95,1.01,7.01,25,0,0,0,0,0,0,0,0,0,0,0,0,0,0,0,28740,5452,0.0,0.0,0.0,0.0,0.0,0.0,0.0,0.0,0.0,0,0,0,0
257,Maxence,Lacroix,Lacroix,a,,,5.1,234,33.0,5.7,65,21.0,1.0,245.0,93.0,0,0,0.0,1,-1.0,1636,1731,0.2,20.0,1.0,1.0,4.2,56.0,23.0,,,25.0,8.0,267.0,82.0,159.0,34.0,107.0,34.0,,,,,,,,0.06,0.03,0.09,1.35,0.0,0.33,1.21,1.0,10.42,25,0,0,0,0,0,0,0,0,0,0,0,0,0,0,0,9430,12661,0.0,0.0,0.0,0.0,0.0,0.0,0.0,0.0,0.0,0,0,0,0
258,Tyrick,Mitchell,Mitchell,a,,,5.0,256,39.0,2.0,130,51.0,0.8,272.0,101.0,0,0,0.0,0,0.0,383,371,0.2,17.4,0.8,0.8,3.6,109.0,38.0,,,67.0,30.0,72.0,16.0,153.0,31.0,75.0,18.0,,,,,,,,0.04,0.06,0.1,1.37,0.0,0.34,1.23,1.02,7.11,25,0,0,0,0,0,0,0,0,0,0,0,0,0,0,0,1935,3318,0.0,0.0,0.0,0.0,0.0,0.0,0.0,0.0,0.0,0,0,0,0
259,Borna,Sosa,Sosa,a,,,4.8,361,60.0,0.1,458,168.0,0.2,358.0,136.0,0,0,0.0,-2,2.0,31,14,0.0,1.0,0.2,0.2,1.0,476.0,170.0,100.0,100.0,443.0,164.0,397.0,146.0,418.0,156.0,450.0,163.0,,,,,,,,0.0,0.1,0.1,1.41,0.0,0.0,1.7,0.0,11.89,25,0,0,0,0,0,0,0,0,0,0,0,0,0,0,0,63,68,0.0,0.0,0.0,0.0,0.0,0.0,0.0,0.0,0.0,0,0,0,0
261,Chris,Richards,Richards,a,,,4.4,537,116.0,2.1,125,48.0,2.5,104.0,39.0,0,0,0.0,-1,1.0,1141,270,0.6,19.3,2.5,2.5,4.2,52.0,20.0,100.0,100.0,47.0,21.0,246.0,72.0,223.0,58.0,134.0,42.0,,,,,,,,0.04,0.06,0.1,1.3,0.0,0.35,1.26,1.0,10.5,25,0,0,0,0,0,0,0,0,0,0,0,0,0,0,0,8165,3845,0.0,0.0,0.0,0.0,0.0,0.0,0.0,0.0,0.0,0,0,0,0
262,Chadi,Riad Dnanou,Chadi Riad,a,,,4.0,701,182.0,0.0,642,223.0,1.2,217.0,82.0,0,0,0.0,0,0.0,57,10,0.3,1.2,1.2,1.2,2.5,255.0,98.0,100.0,100.0,416.0,157.0,391.0,143.0,392.0,144.0,429.0,154.0,,,,,,,,0.11,0.02,0.13,0.29,0.0,0.0,1.22,1.22,3.65,25,0,0,0,0,0,0,0,0,0,0,0,0,0,0,0,323,68,0.0,0.0,0.0,0.0,0.0,0.0,0.0,0.0,0.0,0,0,0,0
263,Nathaniel,Clyne,Clyne,a,,,3.8,782,232.0,0.6,241,89.0,0.0,380.0,145.0,0,0,0.0,-2,2.0,57,105,0.0,3.7,0.0,0.0,2.0,321.0,120.0,100.0,100.0,360.0,136.0,327.0,109.0,337.0,108.0,373.0,132.0,,,,,,,,0.09,0.12,0.21,1.24,0.0,0.0,1.72,1.29,7.32,25,0,0,0,0,0,0,0,0,0,0,0,0,0,0,0,266,1224,0.0,0.0,0.0,0.0,0.0,0.0,0.0,0.0,0.0,0,0,0,0
264,Rob,Holding,Holding,u,Has joined Colorado Rapids permanently.,,4.0,666,163.0,0.0,683,236.0,0.0,450.0,182.0,0,0,0.0,0,0.0,0,0,0.0,0.0,0.0,0.0,0.0,568.0,209.0,0.0,0.0,558.0,208.0,549.0,208.0,514.0,201.0,560.0,208.0,,,,,,,,0.0,0.0,0.0,0.0,0.0,0.0,0.0,0.0,0.0,25,0,0,0,0,0,0,0,0,0,0,0,0,0,0,0,0,1,0.0,0.0,0.0,0.0,0.0,0.0,0.0,0.0,0.0,0,0,0,0
265,Caleb,Kporha,Kporha,i,Back injury - Unknown return date,,4.0,719,196.0,0.0,717,246.0,0.0,498.0,210.0,0,0,0.0,0,0.0,1,0,0.0,0.0,0.0,0.0,0.0,612.0,234.0,0.0,0.0,602.0,233.0,594.0,233.0,561.0,228.0,604.0,233.0,,,,,,,,0.0,0.0,0.0,0.0,0.0,0.0,0.0,0.0,0.0,25,0,0,0,0,0,0,0,0,0,0,0,0,0,0,0,7,5,0.0,0.0,0.0,0.0,0.0,0.0,0.0,0.0,0.0,0,0,0,0
267,Ismaïla,Sarr,Sarr,a,,,6.3,69,46.0,2.4,117,38.0,2.2,142.0,56.0,0,0,0.0,-2,2.0,2010,212,0.3,9.7,2.2,2.2,4.4,41.0,19.0,100.0,100.0,191.0,81.0,144.0,99.0,71.0,46.0,129.0,72.0,,,,,,,,0.43,0.05,0.48,1.29,0.0,0.45,0.98,1.06,6.28,25,0,0,0,0,0,0,0,0,0,0,0,0,0,0,0,20632,2363,0.0,0.0,0.0,0.0,0.0,0.0,0.0,0.0,0.0,0,0,0,0
268,Cheick,Doucouré,Doucouré,i,Knee injury - Unknown return date,,4.9,328,203.0,0.0,783,342.0,0.0,718.0,299.0,0,0,0.0,-1,1.0,0,0,0.0,0.0,0.0,0.0,0.0,766.0,330.0,0.0,0.0,766.0,330.0,762.0,330.0,754.0,328.0,766.0,330.0,,,,,,,,0.0,0.0,0.0,0.0,0.0,0.0,0.0,0.0,0.0,25,0,0,0,0,0,0,0,0,0,0,0,0,0,0,0,1,2,0.0,0.0,0.0,0.0,0.0,0.0,0.0,0.0,0.0,0,0,0,0
269,Romain,Esse,Esse,u,has joined Coventry City on loan for the rest of the season.,,4.7,395,247.0,0.1,446,153.0,0.0,689.0,278.0,0,0,0.0,-3,3.0,0,20,0.0,0.9,0.0,0.0,1.0,474.0,216.0,0.0,0.0,456.0,205.0,440.0,211.0,410.0,199.0,464.0,212.0,,,,,,,,0.0,0.09,0.09,3.92,0.0,0.0,0.0,0.0,11.25,25,0,0,0,0,0,0,0,0,0,0,0,0,0,0,0,0,69,0.0,0.0,0.0,0.0,0.0,0.0,0.0,0.0,0.0,0,0,0,0
270,Will,Hughes,Hughes,a,,,4.7,380,237.0,0.1,469,162.0,2.0,150.0,58.0,0,0,0.0,-3,3.0,53,25,0.4,7.2,2.0,2.0,1.6,382.0,169.0,100.0,100.0,293.0,131.0,112.0,80.0,255.0,136.0,235.0,117.0,5.0,,,,,,,0.09,0.11,0.2,1.35,0.0,0.34,1.1,1.02,8.57,25,0,0,0,0,0,0,0,0,0,0,0,0,0,0,0,275,159,0.0,0.0,0.0,0.0,0.0,0.0,0.0,0.0,0.0,0,0,0,0
271,Daichi,Kamada,Kamada,a,,,5.0,251,152.0,0.1,529,190.0,0.0,735.0,311.0,0,0,0.0,0,0.0,26,8,0.0,9.0,0.0,0.0,3.2,155.0,68.0,100.0,100.0,284.0,126.0,159.0,108.0,206.0,112.0,251.0,122.0,2.0,,,,,,,0.07,0.12,0.19,1.1,0.0,0.46,0.85,1.08,9.73,25,0,0,0,0,0,0,0,0,0,0,0,0,0,0,0,51,48,0.0,0.0,0.0,0.0,0.0,0.0,0.0,0.0,0.0,0,0,0,0
272,Jefferson,Lerma Solís,Lerma,a,,,4.9,291,180.0,0.1,537,194.0,3.0,82.0,32.0,0,0,0.0,-1,1.0,73,13,0.6,9.2,3.0,3.0,2.1,313.0,138.0,100.0,100.0,260.0,111.0,184.0,124.0,135.0,80.0,222.0,114.0,,,,,,,,0.09,0.07,0.16,1.18,0.0,0.35,1.06,0.88,10.93,25,0,0,0,0,0,0,0,0,0,0,0,0,0,0,0,346,128,0.0,0.0,0.0,0.0,0.0,0.0,0.0,0.0,0.0,0,0,0,0
273,Adam,Wharton,Wharton,a,,,5.0,268,163.0,0.6,239,84.0,0.0,744.0,319.0,0,0,0.0,0,0.0,198,195,0.0,13.2,0.0,0.0,3.1,179.0,78.0,100.0,100.0,161.0,60.0,27.0,26.0,218.0,119.0,88.0,53.0,3.0,,,,,,,0.05,0.25,0.3,1.44,0.0,0.31,1.41,1.1,10.74,25,0,0,0,0,0,0,0,0,0,0,0,0,0,0,0,793,1510,0.0,0.0,0.0,0.0,0.0,0.0,0.0,0.0,0.0,0,0,0,0
274,Asher,Agbinone,Agbinone,a,,,4.3,613,358.0,0.1,555,203.0,0.0,552.0,183.0,0,0,0.0,-2,2.0,112,13,0.0,0.0,0.0,0.0,0.0,646.0,244.0,,,637.0,235.0,633.0,240.0,606.0,228.0,639.0,237.0,,,,,,,,0.0,0.0,0.0,0.0,0.0,0.0,0.0,0.0,0.0,25,0,0,0,0,0,0,0,0,0,0,0,0,0,0,0,249,69,0.0,0.0,0.0,0.0,0.0,0.0,0.0,0.0,0.0,0,0,0,0
275,Naouirou,Ahamada,Ahamada,u,has joined AJ Auxerre permanently.,,4.3,590,345.0,0.0,614,236.0,0.0,536.0,171.0,0,0,0.0,-2,2.0,0,10,0.0,0.0,0.0,0.0,0.0,634.0,234.0,0.0,0.0,625.0,225.0,620.0,230.0,592.0,217.0,627.0,227.0,,,,,,,,0.0,0.0,0.0,0.0,0.0,0.0,0.0,0.0,0.0,25,0,0,0,0,0,0,0,0,0,0,0,0,0,0,0,0,41,0.0,0.0,0.0,0.0,0.0,0.0,0.0,0.0,0.0,0,0,0,0
276,Justin,Devenny,Devenny,d,Ankle injury - 50% chance of playing,,4.3,594,347.0,1.3,165,55.0,0.5,298.0,128.0,0,0,0.0,-2,2.0,143,577,0.1,6.7,0.2,0.2,1.6,379.0,167.0,50.0,50.0,343.0,152.0,237.0,147.0,134.0,79.0,280.0,137.0,,2.0,,,,,,0.36,0.05,0.41,1.53,0.0,0.15,1.52,0.76,7.28,25,0,0,0,0,0,0,0,0,0,0,0,0,0,0,0,730,5031,0.0,0.0,0.0,0.0,0.0,0.0,0.0,0.0,0.0,0,0,0,0
277,Malcolm,Ebiowei,Ebiowei,u,Has joined Blackpool permanently.,,4.5,433,259.0,0.0,787,345.0,0.0,613.0,218.0,0,0,0.0,0,0.0,0,0,0.0,0.0,0.0,0.0,0.0,693.0,272.0,0.0,0.0,688.0,267.0,684.0,270.0,663.0,262.0,690.0,269.0,,,,,,,,0.0,0.0,0.0,0.0,0.0,0.0,0.0,0.0,0.0,25,0,0,0,0,0,0,0,0,0,0,0,0,0,0,0,0,1,0.0,0.0,0.0,0.0,0.0,0.0,0.0,0.0,0.0,0,0,0,0
278,Jesurun,Rak-Sakyi,J.Rak-Sakyi,u,has joined Stoke City on loan for the rest of the season.,,4.4,543,324.0,0.0,639,258.0,0.0,573.0,194.0,0,0,0.0,-1,1.0,0,4,0.0,0.0,0.0,0.0,0.0,661.0,252.0,0.0,0.0,653.0,244.0,649.0,249.0,624.0,238.0,655.0,246.0,,,,,,,,0.0,0.0,0.0,0.0,0.0,0.0,0.0,0.0,0.0,25,0,0,0,0,0,0,0,0,0,0,0,0,0,0,0,0,16,0.0,0.0,0.0,0.0,0.0,0.0,0.0,0.0,0.0,0,0,0,0
279,Matheus,França de Oliveira,M.França,u,Has joined CR Vasco da Gama on loan for the rest of the season.,,4.5,464,280.0,0.0,754,322.0,0.0,633.0,236.0,0,0,0.0,0,0.0,0,0,0.0,0.0,0.0,0.0,0.0,711.0,289.0,0.0,0.0,707.0,285.0,703.0,287.0,683.0,279.0,708.0,286.0,,,,,,,,0.0,0.0,0.0,0.0,0.0,0.0,0.0,0.0,0.0,25,0,0,0,0,0,0,0,0,0,0,0,0,0,0,0,0,1,0.0,0.0,0.0,0.0,0.0,0.0,0.0,0.0,0.0,0,0,0,0
280,David,Ozoh,Ozoh,u,Has joined Derby County on loan for the rest of the season.,,4.5,459,275.0,0.0,807,358.0,0.0,630.0,233.0,0,0,0.0,0,0.0,0,0,0.0,0.0,0.0,0.0,0.0,708.0,286.0,0.0,0.0,704.0,282.0,700.0,284.0,680.0,276.0,705.0,283.0,,,,,,,,0.0,0.0,0.0,0.0,0.0,0.0,0.0,0.0,0.0,25,0,0,0,0,0,0,0,0,0,0,0,0,0,0,0,0,0,0.0,0.0,0.0,0.0,0.0,0.0,0.0,0.0,0.0,0,0,0,0
282,Franco,Umeh-Chibueze,Umeh,u,has joined Portsmouth permanently.,,4.5,478,291.0,0.0,688,287.0,0.0,645.0,246.0,0,0,0.0,0,0.0,0,0,0.0,0.0,0.0,0.0,0.0,720.0,296.0,0.0,0.0,718.0,294.0,713.0,295.0,695.0,289.0,719.0,295.0,,,,,,,,0.0,0.0,0.0,0.0,0.0,0.0,0.0,0.0,0.0,25,0,0,0,0,0,0,0,0,0,0,0,0,0,0,0,0,1,0.0,0.0,0.0,0.0,0.0,0.0,0.0,0.0,0.0,0,0,0,0
283,Jean-Philippe,Mateta,Mateta,i,Knee injury - Unknown return date,,7.5,22,7.0,8.1,48,10.0,1.0,256.0,36.0,0,0,0.0,0,0.0,22,11793,0.1,11.2,0.0,0.0,3.7,105.0,10.0,0.0,0.0,78.0,6.0,203.0,19.0,5.0,4.0,33.0,8.0,,,2.0,,,,,0.56,0.06,0.62,1.26,0.0,0.38,1.09,1.09,5.2,25,0,0,0,0,0,0,0,0,0,0,0,0,0,0,0,1461,37065,0.0,0.0,0.0,0.0,0.0,0.0,0.0,0.0,0.0,0,0,0,0
284,Eddie,Nketiah,Nketiah,i,Hamstring injury - Unknown return date,,5.4,167,43.0,0.3,307,49.0,0.0,774.0,79.0,0,0,0.0,-1,1.0,5,127,0.0,4.3,0.0,0.0,1.9,348.0,39.0,0.0,0.0,304.0,29.0,257.0,26.0,126.0,31.0,265.0,31.0,,,,,,,,0.38,0.1,0.48,2.06,0.0,0.0,2.61,0.43,8.26,25,0,0,0,0,0,0,0,0,0,0,0,0,0,0,0,13,561,0.0,0.0,0.0,0.0,0.0,0.0,0.0,0.0,0.0,0,0,0,0
285,Odsonne,Édouard,Édouard,u,has joined RC Lens permanently.,,5.0,248,54.0,0.2,363,59.0,0.0,733.0,75.0,0,0,0.0,0,0.0,0,15,0.0,0.2,0.0,0.0,1.0,483.0,59.0,0.0,0.0,475.0,56.0,771.0,85.0,765.0,85.0,492.0,61.0,,,,,,,,0.0,0.0,0.0,12.15,0.0,0.0,0.0,0.0,45.0,25,0,0,0,0,0,0,0,0,0,0,0,0,0,0,0,0,32,0.0,0.0,0.0,0.0,0.0,0.0,0.0,0.0,0.0,0,0,0,0
286,Zach,Marsh,Marsh,a,,,4.4,560,80.0,0.3,311,51.0,0.0,587.0,59.0,0,0,0.0,-1,1.0,62,52,0.0,0.0,0.0,0.0,0.0,673.0,72.0,,,667.0,72.0,662.0,71.0,638.0,71.0,669.0,72.0,,,,,,,,0.0,0.0,0.0,0.0,0.0,0.0,0.0,0.0,0.0,25,0,0,0,0,0,0,0,0,0,0,0,0,0,0,0,270,218,0.0,0.0,0.0,0.0,0.0,0.0,0.0,0.0,0.0,0,0,0,0
580,Brennan,Johnson,Johnson,a,,,6.5,50,32.0,2.5,114,36.0,1.5,212.0,87.0,0,0,0.0,-5,5.0,288,285,0.2,6.6,1.5,1.5,2.0,335.0,152.0,,,273.0,119.0,173.0,115.0,121.0,70.0,215.0,110.0,,,,,,,,0.15,0.05,0.2,1.51,0.0,0.35,1.06,0.97,6.01,25,0,0,0,0,0,0,0,0,0,0,0,0,0,0,0,1383,1963,0.0,0.0,0.0,0.0,0.0,0.0,0.0,0.0,0.0,0,0,0,0
654,Jørgen,Strand Larsen,Strand Larsen,a,,,6.1,82,26.0,1.0,187,30.0,0.8,283.0,38.0,0,0,0.0,-4,4.0,1698,110,0.1,6.4,0.8,0.8,1.8,363.0,43.0,100.0,100.0,301.0,28.0,210.0,23.0,75.0,25.0,213.0,25.0,,,,,,,,0.2,0.03,0.23,1.42,0.0,0.19,1.67,0.9,3.54,25,0,0,0,0,0,0,0,0,0,0,0,0,0,0,0,8435,1302,0.0,0.0,0.0,0.0,0.0,0.0,0.0,0.0,0.0,0,0,0,0
677,Evann,Guessand,Guessand,a,,,6.2,77,50.0,0.0,619,241.0,0.5,325.0,147.0,0,0,0.0,-3,3.0,36,12,0.1,4.0,0.5,0.5,1.9,351.0,156.0,100.0,100.0,338.0,149.0,309.0,174.0,169.0,95.0,311.0,151.0,,,,,,,,0.18,0.06,0.24,1.36,0.0,0.15,1.54,0.93,8.49,25,0,0,0,0,0,0,0,0,0,0,0,0,0,0,0,95,46,0.0,0.0,0.0,0.0,0.0,0.0,0.0,0.0,0.0,0,0,0,0
690,Rio,Cardines,Cardines,d,Groin Injury - 25% chance of playing,,4.4,564,338.0,0.3,329,111.0,0.0,590.0,206.0,0,0,0.0,-1,1.0,0,28,0.0,0.0,0.0,0.0,0.0,676.0,262.0,25.0,25.0,670.0,256.0,665.0,260.0,641.0,250.0,672.0,258.0,,,,,,,,0.0,0.0,0.0,0.0,0.0,0.0,0.0,0.0,0.0,25,0,0,0,0,0,0,0,0,0,0,0,0,0,0,0,2,94,0.0,0.0,0.0,0.0,0.0,0.0,0.0,0.0,0.0,0,0,0,0
712,Yéremy,Pino Santos,Yeremy,a,,,5.8,111,69.0,0.2,351,117.0,2.8,98.0,41.0,0,0,0.0,-2,2.0,212,125,0.5,10.2,2.8,2.8,2.7,240.0,104.0,100.0,100.0,185.0,76.0,17.0,17.0,58.0,36.0,40.0,30.0,1.0,1.0,,,,,,0.21,0.27,0.48,1.24,0.0,0.35,1.16,1.1,7.25,25,0,0,0,0,0,0,0,0,0,0,0,0,0,0,0,810,1152,0.0,0.0,0.0,0.0,0.0,0.0,0.0,0.0,0.0,0,0,0,0
723,Jaydee,Canvot,Canvot,a,,,4.5,511,98.0,0.0,644,225.0,0.0,675.0,249.0,0,0,0.0,0,0.0,9,13,0.0,6.0,0.0,0.0,3.0,191.0,75.0,100.0,100.0,327.0,126.0,424.0,154.0,388.0,140.0,391.0,140.0,,,,,,,,0.01,0.03,0.04,1.96,0.0,0.51,1.53,0.77,13.3,25,0,0,0,0,0,0,0,0,0,0,0,0,0,0,0,33,64,0.0,0.0,0.0,0.0,0.0,0.0,0.0,0.0,0.0,0,0,0,0
732,Christantus,Uche,Uche,a,,,5.5,156,41.0,0.1,579,78.0,0.5,323.0,41.0,0,0,0.0,0,0.0,40,27,0.1,2.7,0.5,0.5,1.2,430.0,53.0,,,444.0,51.0,430.0,54.0,273.0,48.0,412.0,50.0,,,,,,,,0.25,0.01,0.26,2.7,0.0,0.0,2.52,0.0,7.55,25,0,0,0,0,0,0,0,0,0,0,0,0,0,0,0,98,143,0.0,0.0,0.0,0.0,0.0,0.0,0.0,0.0,0.0,0,0,0,0
762,Joél,Drakes-Thomas,Drakes-Thomas,a,,,4.5,514,317.0,0.0,774,335.0,0.0,678.0,270.0,0,0,0.0,0,0.0,4,2,0.0,0.4,0.0,0.0,1.0,472.0,215.0,,,479.0,220.0,455.0,218.0,724.0,311.0,487.0,224.0,,,,,,,,0.0,0.0,0.0,9.39,0.0,0.0,12.86,0.0,38.57,25,0,0,0,0,0,0,0,0,0,0,0,0,0,0,0,13,10,0.0,0.0,0.0,0.0,0.0,0.0,0.0,0.0,0.0,0,0,0,0
773,Dean,Benamar,Benamar,a,,,4.0,732,209.0,0.0,739,252.0,0.0,507.0,219.0,0,0,0.0,0,0.0,7,6,0.0,0.0,0.0,0.0,0.0,620.0,242.0,,,611.0,242.0,603.0,242.0,571.0,238.0,613.0,242.0,,,,,,,,0.0,0.0,0.0,0.0,0.0,0.0,0.0,0.0,0.0,25,0,0,0,0,0,0,0,0,0,0,0,0,0,0,0,10,10,0.0,0.0,0.0,0.0,0.0,0.0,0.0,0.0,0.0,0,0,0,0
780,Ben,Casey,Casey,a,,,4.5,508,73.0,0.0,698,86.0,0.0,672.0,68.0,0,0,0.0,0,0.0,39,11,0.0,0.0,0.0,0.0,0.0,743.0,81.0,,,743.0,81.0,737.0,80.0,720.0,80.0,743.0,81.0,,,,,,,,0.0,0.0,0.0,0.0,0.0,0.0,0.0,0.0,0.0,25,0,0,0,0,0,0,0,0,0,0,0,0,0,0,0,113,38,0.0,0.0,0.0,0.0,0.0,0.0,0.0,0.0,0.0,0,0,0,0
793,George,King,King,a,,,4.0,720,197.0,0.0,740,253.0,0.0,499.0,211.0,0,0,0.0,0,0.0,10,4,0.0,0.0,0.0,0.0,0.0,613.0,235.0,,,603.0,234.0,595.0,234.0,562.0,229.0,605.0,234.0,,,,,,,,0.0,0.0,0.0,0.0,0.0,0.0,0.0,0.0,0.0,25,0,0,0,0,0,0,0,0,0,0,0,0,0,0,0,38,16,0.0,0.0,0.0,0.0,0.0,0.0,0.0,0.0,0.0,0,0,0,0
798,Danny,Imray,Imray,u,has joined West Brom on loan for the rest of the season.,,4.0,697,180.0,0.0,777,263.0,0.0,478.0,196.0,0,0,0.0,0,0.0,3,11,0.0,0.0,0.0,0.0,0.0,594.0,222.0,0.0,,584.0,221.0,576.0,221.0,542.0,215.0,586.0,221.0,,,,,,,,0.0,0.0,0.0,0.0,0.0,0.0,0.0,0.0,0.0,25,0,0,0,0,0,0,0,0,0,0,0,0,0,0,0,12,15,0.0,0.0,0.0,0.0,0.0,0.0,0.0,0.0,0.0,0,0,0,0
242,Kiernan,Dewsbury-Hall,Dewsbury-Hall,a,,,4.9,313,195.0,2.2,121,41.0,0.8,268.0,113.0,0,0,0.0,-1,1.0,765,404,0.2,15.9,0.8,0.8,4.6,32.0,14.0,100.0,100.0,153.0,56.0,58.0,47.0,96.0,60.0,86.0,52.0,2.0,,,,,,,0.13,0.18,0.31,1.25,0.0,0.39,1.11,1.04,7.5,25,0,0,0,0,0,0,0,0,0,0,0,0,0,0,0,7815,5054,0.0,0.0,0.0,0.0,0.0,0.0,0.0,0.0,0.0,0,0,0,0
243,Tyrique,George,George,a,,,4.8,376,236.0,0.1,543,197.0,0.0,701.0,287.0,0,0,0.0,-2,2.0,63,8,0.0,0.8,0.0,0.0,1.0,478.0,219.0,,,452.0,204.0,425.0,207.0,291.0,153.0,419.0,189.0,,,,,,,,0.2,0.05,0.25,1.05,0.0,0.63,1.27,0.0,1.9,25,0,0,0,0,0,0,0,0,0,0,0,0,0,0,0,363,47,0.0,0.0,0.0,0.0,0.0,0.0,0.0,0.0,0.0,0,0,0,0
287,Jordan,Pickford,Pickford,a,,,5.6,126,2.0,14.2,25,4.0,3.8,49.0,4.0,0,0,0.0,1,-1.0,2325,3439,0.7,18.8,3.8,3.8,4.4,39.0,1.0,,,16.0,4.0,478.0,16.0,802.0,92.0,175.0,7.0,,,,,,,,0.0,0.01,0.01,1.45,2.75,0.38,1.12,1.0,0.0,25,0,0,0,0,0,0,0,0,0,0,0,0,0,0,0,15886,21252,0.0,0.0,0.0,0.0,0.0,0.0,0.0,0.0,0.0,0,0,0,0
288,Mark,Travers,Travers,a,,,4.3,584,28.0,0.1,455,70.0,0.0,535.0,83.0,0,0,0.0,-2,2.0,12,5,0.0,0.0,0.0,0.0,0.0,633.0,89.0,,,624.0,89.0,619.0,80.0,591.0,67.0,626.0,89.0,,,,,,,,0.0,0.0,0.0,0.0,0.0,0.0,0.0,0.0,0.0,25,0,0,0,0,0,0,0,0,0,0,0,0,0,0,0,33,47,0.0,0.0,0.0,0.0,0.0,0.0,0.0,0.0,0.0,0,0,0,0
289,Harry,Tyrer,Tyrer,u,has joined Cardiff City permanently.,,3.9,756,80.0,0.1,474,73.0,0.0,422.0,38.0,0,0,0.0,-1,1.0,0,16,0.0,0.0,0.0,0.0,0.0,541.0,48.0,0.0,0.0,531.0,48.0,520.0,33.0,484.0,18.0,533.0,48.0,,,,,,,,0.0,0.0,0.0,0.0,0.0,0.0,0.0,0.0,0.0,25,0,0,0,0,0,0,0,0,0,0,0,0,0,0,0,0,66,0.0,0.0,0.0,0.0,0.0,0.0,0.0,0.0,0.0,0,0,0,0
290,Jarrad,Branthwaite,Branthwaite,a,,,5.3,200,24.0,0.2,376,138.0,0.5,318.0,117.0,0,0,0.0,-2,2.0,199,44,0.1,0.4,0.5,0.5,1.0,488.0,171.0,100.0,100.0,437.0,163.0,388.0,141.0,399.0,149.0,441.0,159.0,,,,,,,,0.01,0.02,0.03,1.09,0.0,0.0,0.68,0.68,4.06,25,0,0,0,0,0,0,0,0,0,0,0,0,0,0,0,947,240,0.0,0.0,0.0,0.0,0.0,0.0,0.0,0.0,0.0,0,0,0,0
291,James,Tarkowski,Tarkowski,a,,,5.8,102,7.0,13.8,26,9.0,3.5,60.0,26.0,0,0,0.0,3,-3.0,1736,5205,0.6,19.7,3.5,3.5,4.8,21.0,10.0,,,11.0,5.0,151.0,38.0,114.0,20.0,55.0,9.0,,,,,,,,0.05,0.05,0.1,1.45,0.0,0.38,1.12,1.0,11.08,25,0,0,0,0,0,0,0,0,0,0,0,0,0,0,0,15226,37579,0.0,0.0,0.0,0.0,0.0,0.0,0.0,0.0,0.0,0,0,0,0
292,Vitalii,Mykolenko,Mykolenko,a,,,4.9,315,50.0,0.7,223,85.0,2.0,154.0,63.0,0,0,0.0,-1,1.0,75,272,0.4,13.1,2.0,2.0,3.2,154.0,60.0,100.0,100.0,131.0,58.0,117.0,31.0,287.0,88.0,164.0,53.0,,,,,,,,0.01,0.07,0.08,1.42,0.0,0.35,1.25,1.0,7.02,25,0,0,0,0,0,0,0,0,0,0,0,0,0,0,0,379,4500,0.0,0.0,0.0,0.0,0.0,0.0,0.0,0.0,0.0,0,0,0,0
293,Jake,O'Brien,O'Brien,a,,,4.9,341,57.0,0.9,199,76.0,4.5,22.0,6.0,0,0,0.0,-1,1.0,552,253,0.9,17.3,4.5,4.5,3.5,120.0,43.0,,,89.0,40.0,136.0,33.0,201.0,50.0,127.0,40.0,,,,,,,,0.03,0.03,0.06,1.51,0.0,0.36,1.15,0.98,6.83,25,0,0,0,0,0,0,0,0,0,0,0,0,0,0,0,3495,2802,0.0,0.0,0.0,0.0,0.0,0.0,0.0,0.0,0.0,0,0,0,0
294,Séamus,Coleman,Coleman,a,,,4.2,626,142.0,0.1,483,173.0,0.0,513.0,222.0,0,0,0.0,-3,3.0,18,12,0.0,0.7,0.0,0.0,1.0,448.0,167.0,100.0,100.0,616.0,245.0,472.0,173.0,577.0,241.0,618.0,245.0,,,,,,,,0.0,0.0,0.0,1.96,0.0,0.0,0.0,8.18,0.0,25,0,0,0,0,0,0,0,0,0,0,0,0,0,0,0,62,34,0.0,0.0,0.0,0.0,0.0,0.0,0.0,0.0,0.0,0,0,0,0
295,Michael,Keane,Keane,a,,,4.7,379,63.0,3.9,86,29.0,0.5,300.0,114.0,0,0,0.0,2,-2.0,555,1155,0.1,20.9,0.5,0.5,4.9,19.0,8.0,100.0,100.0,28.0,11.0,368.0,132.0,105.0,15.0,109.0,36.0,,,,,,,,0.09,0.01,0.1,1.5,0.0,0.31,1.33,1.02,10.35,25,0,0,0,0,0,0,0,0,0,0,0,0,0,0,0,5986,13237,0.0,0.0,0.0,0.0,0.0,0.0,0.0,0.0,0.0,0,0,0,0
296,Nathan,Patterson,Patterson,a,,,4.4,536,115.0,0.0,609,217.0,2.8,94.0,36.0,0,0,0.0,-1,1.0,20,13,0.6,4.8,2.8,2.8,3.5,117.0,41.0,100.0,100.0,376.0,145.0,427.0,155.0,372.0,130.0,407.0,147.0,,,,,,,,0.01,0.02,0.03,1.35,0.0,0.76,0.38,1.14,11.39,25,0,0,0,0,0,0,0,0,0,0,0,0,0,0,0,70,147,0.0,0.0,0.0,0.0,0.0,0.0,0.0,0.0,0.0,0,0,0,0
297,Roman,Dixon,Dixon,u,has joined Stockport County on loan for the rest of the season.,,3.8,797,246.0,0.2,381,141.0,0.0,392.0,156.0,0,0,0.0,-2,2.0,2,70,0.0,0.0,0.0,0.0,0.0,515.0,188.0,0.0,,505.0,187.0,491.0,185.0,454.0,176.0,507.0,187.0,,,,,,,,0.0,0.0,0.0,0.0,0.0,0.0,0.0,0.0,0.0,25,0,0,0,0,0,0,0,0,0,0,0,0,0,0,0,46,131,0.0,0.0,0.0,0.0,0.0,0.0,0.0,0.0,0.0,0,0,0,0
298,Reece,Welch,Welch,a,,,3.8,795,244.0,0.1,424,158.0,0.0,390.0,154.0,0,0,0.0,-2,2.0,7,13,0.0,0.0,0.0,0.0,0.0,513.0,186.0,,,503.0,185.0,489.0,183.0,452.0,174.0,505.0,185.0,,,,,,,,0.0,0.0,0.0,0.0,0.0,0.0,0.0,0.0,0.0,25,0,0,0,0,0,0,0,0,0,0,0,0,0,0,0,25,64,0.0,0.0,0.0,0.0,0.0,0.0,0.0,0.0,0.0,0,0,0,0
299,Iliman,Ndiaye,Ndiaye,a,,,6.2,75,49.0,4.0,84,28.0,1.0,248.0,103.0,0,0,0.0,-3,3.0,659,814,0.2,12.4,1.0,1.0,4.3,48.0,22.0,100.0,100.0,103.0,34.0,90.0,67.0,53.0,32.0,64.0,42.0,,,1.0,,,,,0.2,0.18,0.38,1.3,0.0,0.35,1.24,1.06,9.75,25,0,0,0,0,0,0,0,0,0,0,0,0,0,0,0,5259,11465,0.0,0.0,0.0,0.0,0.0,0.0,0.0,0.0,0.0,0,0,0,0
300,Dwight,McNeil,McNeil,a,,,5.5,146,91.0,0.2,402,134.0,1.5,209.0,85.0,0,0,0.0,-5,5.0,27,68,0.3,5.3,1.5,1.5,2.1,318.0,141.0,,,357.0,159.0,195.0,130.0,308.0,162.0,329.0,160.0,,,,,,,,0.07,0.1,0.17,1.78,0.0,0.44,0.59,1.02,7.76,25,0,0,0,0,0,0,0,0,0,0,0,0,0,0,0,122,898,0.0,0.0,0.0,0.0,0.0,0.0,0.0,0.0,0.0,0,0,0,0
301,Carlos,Alcaraz Durán,Alcaraz,a,,,5.2,218,134.0,0.1,500,177.0,0.2,366.0,161.0,0,0,0.0,-3,3.0,9,11,0.0,5.0,0.2,0.2,1.6,387.0,172.0,100.0,100.0,349.0,155.0,175.0,117.0,147.0,85.0,264.0,130.0,,,,,,,,0.14,0.06,0.2,1.76,0.0,0.4,1.08,0.81,8.64,25,0,0,0,0,0,0,0,0,0,0,0,0,0,0,0,36,108,0.0,0.0,0.0,0.0,0.0,0.0,0.0,0.0,0.0,0,0,0,0
302,Idrissa Gana,Gueye,Gana,a,,,5.4,157,97.0,0.1,491,173.0,2.0,159.0,62.0,0,0,0.0,-1,1.0,49,17,0.4,9.6,2.0,2.0,3.5,123.0,58.0,100.0,100.0,206.0,90.0,171.0,113.0,183.0,104.0,206.0,106.0,,,,,,,,0.09,0.06,0.15,1.38,0.0,0.22,1.11,1.11,9.22,25,0,0,0,0,0,0,0,0,0,0,0,0,0,0,0,195,217,0.0,0.0,0.0,0.0,0.0,0.0,0.0,0.0,0.0,0,0,0,0
303,James,Garner,Garner,a,,,5.2,212,131.0,4.5,78,26.0,2.5,111.0,46.0,0,0,0.0,2,-2.0,1323,2421,0.5,20.2,2.5,2.5,4.4,38.0,18.0,,,23.0,7.0,20.0,19.0,122.0,71.0,31.0,24.0,3.0,3.0,,,,,,0.07,0.13,0.2,1.45,0.0,0.38,1.13,1.0,12.46,25,0,0,0,0,0,0,0,0,0,0,0,0,0,0,0,12857,20958,0.0,0.0,0.0,0.0,0.0,0.0,0.0,0.0,0.0,0,0,0,0
304,Tim,Iroegbunam,Iroegbunam,a,,,4.8,370,231.0,0.0,617,239.0,0.0,697.0,284.0,0,0,0.0,-2,2.0,18,6,0.0,10.2,0.0,0.0,2.7,235.0,100.0,100.0,100.0,270.0,117.0,262.0,157.0,306.0,161.0,307.0,147.0,,,,,,,,0.03,0.06,0.09,1.45,0.0,0.68,0.87,1.06,12.15,25,0,0,0,0,0,0,0,0,0,0,0,0,0,0,0,78,54,0.0,0.0,0.0,0.0,0.0,0.0,0.0,0.0,0.0,0,0,0,0
305,Harrison,Armstrong,Armstrong,a,,,4.5,499,306.0,0.1,523,187.0,1.5,201.0,80.0,0,0,0.0,0,0.0,77,21,0.3,2.7,1.5,1.5,2.0,324.0,142.0,100.0,100.0,407.0,180.0,353.0,184.0,387.0,194.0,410.0,185.0,,,,,,,,0.0,0.04,0.04,1.4,0.0,0.29,1.15,1.15,9.46,25,0,0,0,0,0,0,0,0,0,0,0,0,0,0,0,680,137,0.0,0.0,0.0,0.0,0.0,0.0,0.0,0.0,0.0,0,0,0,0
307,Coby,Ebere,Ebere,a,,,4.4,548,328.0,0.0,603,232.0,0.0,576.0,197.0,0,0,0.0,-1,1.0,8,4,0.0,0.0,0.0,0.0,0.0,664.0,255.0,,,656.0,247.0,652.0,252.0,627.0,241.0,658.0,249.0,,,,,,,,0.0,0.0,0.0,0.0,0.0,0.0,0.0,0.0,0.0,25,0,0,0,0,0,0,0,0,0,0,0,0,0,0,0,32,35,0.0,0.0,0.0,0.0,0.0,0.0,0.0,0.0,0.0,0,0,0,0
308,Isaac,Heath,Heath,u,has joined Accrington on loan for the rest of the season.,,4.5,453,270.0,0.0,684,284.0,0.0,624.0,228.0,0,0,0.0,0,0.0,0,0,0.0,0.0,0.0,0.0,0.0,703.0,281.0,0.0,0.0,699.0,277.0,695.0,279.0,675.0,271.0,700.0,278.0,,,,,,,,0.0,0.0,0.0,0.0,0.0,0.0,0.0,0.0,0.0,25,0,0,0,0,0,0,0,0,0,0,0,0,0,0,0,0,2,0.0,0.0,0.0,0.0,0.0,0.0,0.0,0.0,0.0,0,0,0,0
309,Jenson,Metcalfe,Metcalfe,u,Has joined Bradford City permanently.,,4.5,449,268.0,0.0,813,363.0,0.0,622.0,226.0,0,0,0.0,0,0.0,0,0,0.0,0.0,0.0,0.0,0.0,701.0,279.0,0.0,0.0,697.0,275.0,693.0,277.0,673.0,269.0,698.0,276.0,,,,,,,,0.0,0.0,0.0,0.0,0.0,0.0,0.0,0.0,0.0,25,0,0,0,0,0,0,0,0,0,0,0,0,0,0,0,0,0,0.0,0.0,0.0,0.0,0.0,0.0,0.0,0.0,0.0,0,0,0,0
310,Thierno,Barry,Barry,a,,,5.7,121,33.0,1.3,167,28.0,4.8,18.0,3.0,0,0,0.0,-3,3.0,1191,697,0.8,10.7,4.8,4.8,2.5,267.0,28.0,,,221.0,18.0,178.0,16.0,45.0,18.0,133.0,17.0,,,,,,,,0.25,0.02,0.27,1.41,0.0,0.46,1.19,1.06,3.05,25,0,0,0,0,0,0,0,0,0,0,0,0,0,0,0,6451,9295,0.0,0.0,0.0,0.0,0.0,0.0,0.0,0.0,0.0,0,0,0,0
311,Norberto Bercique,Gomes Betuncal,Beto,a,,,5.0,265,55.0,2.4,116,19.0,2.2,134.0,16.0,0,0,0.0,-5,5.0,493,357,0.4,9.0,2.2,2.2,1.9,346.0,37.0,,,276.0,26.0,311.0,33.0,49.0,19.0,202.0,23.0,,,2.0,,,,,0.55,0.02,0.57,1.62,0.0,0.22,1.3,0.87,5.3,25,0,0,0,0,0,0,0,0,0,0,0,0,0,0,0,2566,2020,0.0,0.0,0.0,0.0,0.0,0.0,0.0,0.0,0.0,0,0,0,0
312,Youssef,Ramalho Chermiti,Y.Chermiti,u,has joined Rangers permanently.,,4.9,339,62.0,0.1,538,76.0,0.0,724.0,74.0,0,0,0.0,-1,1.0,0,1,0.0,0.0,0.0,0.0,0.0,770.0,85.0,0.0,0.0,770.0,85.0,766.0,84.0,758.0,84.0,770.0,85.0,,,,,,,,0.0,0.0,0.0,0.0,0.0,0.0,0.0,0.0,0.0,25,0,0,0,0,0,0,0,0,0,0,0,0,0,0,0,0,9,0.0,0.0,0.0,0.0,0.0,0.0,0.0,0.0,0.0,0,0,0,0
313,Martin,Sherif,Sherif,u,has joined Port Vale on loan for the rest of the season.,,4.4,555,78.0,0.1,438,63.0,0.0,582.0,57.0,0,0,0.0,-1,1.0,11,34,0.0,0.0,0.0,0.0,0.0,669.0,70.0,0.0,100.0,662.0,70.0,657.0,69.0,633.0,69.0,664.0,70.0,,,,,,,,0.0,0.0,0.0,0.0,0.0,0.0,0.0,0.0,0.0,25,0,0,0,0,0,0,0,0,0,0,0,0,0,0,0,112,90,0.0,0.0,0.0,0.0,0.0,0.0,0.0,0.0,0.0,0,0,0,0
419,Jack,Grealish,Grealish,i,Foot injury - Expected back 01 Jun,,6.3,64,42.0,6.5,55,20.0,0.8,284.0,122.0,0,0,0.0,-2,2.0,7,3475,0.1,12.5,0.0,0.0,4.0,71.0,33.0,0.0,0.0,99.0,32.0,16.0,16.0,30.0,15.0,24.0,20.0,,,,,,,,0.11,0.19,0.3,1.43,0.0,0.39,1.27,1.0,7.47,25,0,0,0,0,0,0,0,0,0,0,0,0,0,0,0,22,16507,0.0,0.0,0.0,0.0,0.0,0.0,0.0,0.0,0.0,0,0,0,0
630,Tom,King,King,a,,,3.9,744,74.0,1.3,170,21.0,0.0,413.0,32.0,0,0,0.0,-1,1.0,52,89,0.0,0.0,0.0,0.0,0.0,533.0,42.0,,,523.0,42.0,512.0,27.0,476.0,12.0,525.0,42.0,,,,,,,,0.0,0.0,0.0,0.0,0.0,0.0,0.0,0.0,0.0,25,0,0,0,0,0,0,0,0,0,0,0,0,0,0,0,206,489,0.0,0.0,0.0,0.0,0.0,0.0,0.0,0.0,0.0,0,0,0,0
667,Adam,Aznou,Aznou,a,,,4.2,641,152.0,0.1,570,206.0,0.0,520.0,225.0,0,0,0.0,-3,3.0,1,6,0.0,0.0,0.0,0.0,0.0,627.0,245.0,100.0,100.0,619.0,246.0,613.0,245.0,583.0,242.0,621.0,246.0,,,,,,,,0.0,0.0,0.0,0.0,0.0,0.0,0.0,0.0,0.0,25,0,0,0,0,0,0,0,0,0,0,0,0,0,0,0,9,29,0.0,0.0,0.0,0.0,0.0,0.0,0.0,0.0,0.0,0,0,0,0
704,Tyler,Onyango,Onyango,u,has joined Stockport County on loan for the rest of the season.,,4.5,437,261.0,0.1,581,218.0,0.0,616.0,220.0,0,0,0.0,0,0.0,0,2,0.0,0.0,0.0,0.0,0.0,696.0,274.0,0.0,0.0,691.0,269.0,688.0,272.0,667.0,264.0,693.0,271.0,,,,,,,,0.0,0.0,0.0,0.0,0.0,0.0,0.0,0.0,0.0,25,0,0,0,0,0,0,0,0,0,0,0,0,0,0,0,0,7,0.0,0.0,0.0,0.0,0.0,0.0,0.0,0.0,0.0,0,0,0,0
705,Elijah,Campbell,Campbell,u,has joined Port Vale on loan for the rest of the season.,,3.9,768,224.0,0.2,392,144.0,0.0,430.0,173.0,0,0,0.0,-1,1.0,3,79,0.0,0.0,0.0,0.0,0.0,549.0,201.0,0.0,,539.0,200.0,528.0,200.0,492.0,192.0,541.0,200.0,,,,,,,,0.0,0.0,0.0,0.0,0.0,0.0,0.0,0.0,0.0,25,0,0,0,0,0,0,0,0,0,0,0,0,0,0,0,33,136,0.0,0.0,0.0,0.0,0.0,0.0,0.0,0.0,0.0,0,0,0,0
707,Tyler,Dibling,Dibling,a,,,5.3,202,125.0,0.0,640,259.0,0.5,319.0,143.0,0,0,0.0,-2,2.0,3,10,0.1,3.2,0.5,0.5,1.3,424.0,191.0,,,396.0,176.0,298.0,169.0,335.0,177.0,379.0,178.0,,,,,,,,0.05,0.04,0.09,1.55,0.0,0.52,0.52,1.03,10.34,25,0,0,0,0,0,0,0,0,0,0,0,0,0,0,0,13,71,0.0,0.0,0.0,0.0,0.0,0.0,0.0,0.0,0.0,0,0,0,0
728,Merlin,Röhl,Röhl,a,,,5.0,275,169.0,0.0,706,297.0,0.8,274.0,116.0,0,0,0.0,0,0.0,5,6,0.2,3.2,0.8,0.8,1.6,385.0,171.0,100.0,100.0,379.0,165.0,285.0,164.0,334.0,176.0,369.0,173.0,,,,,,,,0.13,0.04,0.17,1.6,0.0,0.51,1.02,0.51,10.96,25,0,0,0,0,0,0,0,0,0,0,0,0,0,0,0,12,30,0.0,0.0,0.0,0.0,0.0,0.0,0.0,0.0,0.0,0,0,0,0
314,Bernd,Leno,Leno,a,,,4.9,288,11.0,1.6,147,20.0,2.0,152.0,16.0,0,0,0.0,-1,1.0,74,421,0.4,14.7,1.5,2.0,3.0,194.0,17.0,,,24.0,8.0,751.0,89.0,741.0,83.0,188.0,8.0,,,,,,,,0.0,0.0,0.0,1.41,2.62,0.21,1.46,1.0,0.0,25,0,0,0,0,0,0,0,0,0,0,0,0,0,0,0,1760,2404,0.0,0.0,0.0,0.0,0.0,0.0,0.0,0.0,0.0,0,0,0,0
315,Steven,Benda,Benda,u,has joined Feyenoord on loan for the rest of the season.,,4.0,675,49.0,0.0,734,84.0,0.0,458.0,59.0,0,0,0.0,0,0.0,0,14,0.0,0.0,0.0,0.0,0.0,575.0,68.0,0.0,0.0,565.0,68.0,557.0,56.0,523.0,41.0,567.0,68.0,,,,,,,,0.0,0.0,0.0,0.0,0.0,0.0,0.0,0.0,0.0,25,0,0,0,0,0,0,0,0,0,0,0,0,0,0,0,0,34,0.0,0.0,0.0,0.0,0.0,0.0,0.0,0.0,0.0,0,0,0,0
316,Antonee,Robinson,Robinson,a,,,4.9,296,44.0,0.8,204,78.0,1.0,242.0,92.0,0,0,0.0,-1,1.0,159,290,0.2,6.7,0.5,1.0,2.8,221.0,85.0,100.0,100.0,243.0,100.0,126.0,32.0,331.0,106.0,239.0,82.0,,,,,,,,0.02,0.12,0.14,1.49,0.0,0.22,1.12,1.01,7.64,25,0,0,0,0,0,0,0,0,0,0,0,0,0,0,0,1794,1583,0.0,0.0,0.0,0.0,0.0,0.0,0.0,0.0,0.0,0,0,0,0
317,Joachim,Andersen,Andersen,a,,,4.6,397,67.0,5.2,71,22.0,2.5,105.0,40.0,0,0,0.0,1,-1.0,416,1398,0.5,18.7,2.0,2.5,3.7,100.0,34.0,100.0,100.0,17.0,6.0,232.0,65.0,195.0,45.0,97.0,28.0,,,,,,,,0.05,0.07,0.12,1.35,0.0,0.22,1.43,1.02,10.47,25,0,0,0,0,0,0,0,0,0,0,0,0,0,0,0,13823,10149,0.0,0.0,0.0,0.0,0.0,0.0,0.0,0.0,0.0,0,0,0,0
318,Calvin,Bassey,Bassey,a,,,4.4,533,112.0,0.4,278,104.0,0.2,347.0,132.0,0,0,0.0,-1,1.0,117,76,0.0,12.7,-0.3,0.2,3.3,139.0,52.0,100.0,100.0,114.0,50.0,271.0,86.0,290.0,90.0,221.0,72.0,,,,,,,,0.06,0.01,0.07,1.38,0.0,0.2,1.72,0.99,8.06,25,0,0,0,0,0,0,0,0,0,0,0,0,0,0,0,791,436,0.0,0.0,0.0,0.0,0.0,0.0,0.0,0.0,0.0,0,0,0,0
319,Timothy,Castagne,Castagne,a,,,4.3,579,127.0,0.1,456,166.0,1.5,195.0,74.0,0,0,0.0,-2,2.0,17,20,0.3,6.0,1.0,1.5,1.4,407.0,147.0,,,230.0,92.0,192.0,48.0,245.0,69.0,245.0,84.0,,,,,,,,0.08,0.04,0.12,1.72,0.0,0.0,1.91,0.96,8.01,25,0,0,0,0,0,0,0,0,0,0,0,0,0,0,0,230,164,0.0,0.0,0.0,0.0,0.0,0.0,0.0,0.0,0.0,0,0,0,0
320,Issa,Diop,Diop,a,,,4.3,581,129.0,0.1,526,188.0,0.2,345.0,131.0,0,0,0.0,-2,2.0,11,6,0.0,2.3,-0.3,0.2,1.2,428.0,154.0,,,364.0,138.0,433.0,158.0,394.0,146.0,409.0,148.0,,,,,,,,0.0,0.01,0.01,1.79,0.0,0.0,1.97,0.87,7.65,25,0,0,0,0,0,0,0,0,0,0,0,0,0,0,0,29,45,0.0,0.0,0.0,0.0,0.0,0.0,0.0,0.0,0.0,0,0,0,0
321,Jorge,Cuenca Barreno,J.Cuenca,a,,,4.3,587,133.0,0.1,554,199.0,2.0,148.0,59.0,0,0,0.0,-2,2.0,27,13,0.5,8.1,1.5,2.0,3.2,151.0,57.0,,,218.0,87.0,328.0,110.0,376.0,132.0,313.0,106.0,,,,,,,,0.01,0.06,0.07,1.34,0.0,0.21,0.97,1.07,10.74,25,0,0,0,0,0,0,0,0,0,0,0,0,0,0,0,270,101,0.0,0.0,0.0,0.0,0.0,0.0,0.0,0.0,0.0,0,0,0,0
322,Kenny,Tete,Tete,a,,,4.5,413,75.0,0.3,328,120.0,0.0,598.0,239.0,0,0,0.0,0,0.0,25,61,0.0,14.4,-0.5,0.0,4.1,59.0,25.0,100.0,100.0,126.0,55.0,185.0,45.0,252.0,72.0,190.0,62.0,,,,,,,,0.03,0.06,0.09,1.32,0.0,0.33,1.2,1.07,8.42,25,0,0,0,0,0,0,0,0,0,0,0,0,0,0,0,197,735,0.0,0.0,0.0,0.0,0.0,0.0,0.0,0.0,0.0,0,0,0,0
323,Samuel,Amissah,Amissah,a,,,3.8,811,259.0,0.1,422,156.0,0.0,403.0,166.0,0,0,0.0,-2,2.0,6,16,0.0,0.0,-0.5,0.0,0.0,524.0,196.0,,,514.0,195.0,502.0,195.0,466.0,187.0,516.0,195.0,,,,,,,,0.0,0.0,0.0,0.0,0.0,0.0,0.0,0.0,0.0,25,0,0,0,0,0,0,0,0,0,0,0,0,0,0,0,55,72,0.0,0.0,0.0,0.0,0.0,0.0,0.0,0.0,0.0,0,0,0,0
324,Alex,Iwobi,Iwobi,a,,,6.3,65,43.0,0.7,210,72.0,1.0,250.0,105.0,0,0,0.0,-2,2.0,198,120,0.2,9.5,0.5,1.0,3.3,148.0,67.0,100.0,100.0,162.0,61.0,31.0,30.0,146.0,84.0,80.0,48.0,5.0,,,,,,,0.05,0.15,0.2,1.42,0.0,0.18,1.67,1.08,6.69,25,0,0,0,0,0,0,0,0,0,0,0,0,0,0,0,1214,614,0.0,0.0,0.0,0.0,0.0,0.0,0.0,0.0,0.0,0,0,0,0
325,Emile,Smith Rowe,Smith Rowe,a,,,5.6,129,79.0,0.6,238,83.0,1.8,185.0,75.0,0,0,0.0,-4,4.0,103,239,0.3,10.0,1.3,1.8,2.3,291.0,127.0,100.0,100.0,227.0,98.0,115.0,82.0,86.0,54.0,142.0,77.0,,,,,,,,0.24,0.06,0.3,1.53,0.0,0.24,1.29,0.97,7.42,25,0,0,0,0,0,0,0,0,0,0,0,0,0,0,0,809,1535,0.0,0.0,0.0,0.0,0.0,0.0,0.0,0.0,0.0,0,0,0,0
327,Andreas,Hoelgebaum Pereira,Andreas,u,has joined Palmeiras permanently.,,5.3,188,115.0,0.1,558,205.0,0.0,766.0,336.0,0,0,0.0,-2,2.0,0,1,0.0,0.0,0.0,0.0,0.0,793.0,350.0,0.0,0.0,793.0,350.0,792.0,350.0,787.0,349.0,793.0,350.0,,,,,,,,0.0,0.0,0.0,0.0,0.0,0.0,0.0,0.0,0.0,25,0,0,0,0,0,0,0,0,0,0,0,0,0,0,0,0,6,0.0,0.0,0.0,0.0,0.0,0.0,0.0,0.0,0.0,0,0,0,0
328,Ryan,Sessegnon,Sessegnon,a,,,5.4,164,101.0,0.2,408,137.0,2.0,160.0,63.0,0,0,0.0,-1,1.0,37,33,0.4,12.0,1.5,2.0,3.8,92.0,42.0,100.0,100.0,164.0,62.0,182.0,122.0,164.0,92.0,182.0,96.0,,,,,,,,0.07,0.09,0.16,1.31,0.0,0.29,1.6,1.02,10.33,25,0,0,0,0,0,0,0,0,0,0,0,0,0,0,0,232,216,0.0,0.0,0.0,0.0,0.0,0.0,0.0,0.0,0.0,0,0,0,0
329,Harry,Wilson,Wilson,a,,,6.1,80,53.0,24.8,14,5.0,3.5,62.0,24.0,0,0,0.0,6,-6.0,5737,11073,0.6,19.0,3.0,3.5,5.0,16.0,7.0,100.0,100.0,42.0,10.0,35.0,34.0,27.0,14.0,22.0,18.0,3.0,3.0,3.0,,,,,0.2,0.15,0.35,1.27,0.0,0.31,1.22,1.07,6.02,25,0,0,0,0,0,0,0,0,0,0,0,0,0,0,0,66392,45853,0.0,0.0,0.0,0.0,0.0,0.0,0.0,0.0,0.0,0,0,0,0
330,Sander,Berge,Berge,a,,,4.9,306,190.0,0.1,516,184.0,1.2,224.0,92.0,0,0,0.0,-1,1.0,20,24,0.2,12.0,0.7,1.2,2.5,263.0,113.0,,,117.0,39.0,88.0,65.0,299.0,155.0,144.0,79.0,,,,,,,,0.04,0.05,0.09,1.41,0.0,0.23,1.49,1.04,8.81,25,0,0,0,0,0,0,0,0,0,0,0,0,0,0,0,172,148,0.0,0.0,0.0,0.0,0.0,0.0,0.0,0.0,0.0,0,0,0,0
331,Tom,Cairney,Cairney,a,,,4.8,352,219.0,0.0,628,248.0,0.8,265.0,110.0,0,0,0.0,-2,2.0,4,7,0.2,5.0,0.3,0.8,1.5,400.0,177.0,100.0,100.0,354.0,158.0,255.0,155.0,302.0,158.0,347.0,166.0,,,,,,,,0.17,0.06,0.23,1.61,0.0,0.0,1.79,0.6,6.75,25,0,0,0,0,0,0,0,0,0,0,0,0,0,0,0,39,37,0.0,0.0,0.0,0.0,0.0,0.0,0.0,0.0,0.0,0,0,0,0
332,Saša,Lukić,Lukić,i,Hamstring injury - Expected back 22 Feb,,4.9,310,193.0,0.1,560,206.0,0.5,307.0,135.0,0,0,0.0,-1,1.0,1,25,0.1,10.2,0.0,0.0,2.6,248.0,109.0,0.0,0.0,205.0,89.0,52.0,42.0,196.0,109.0,132.0,74.0,1.0,,,,,,,0.13,0.1,0.23,1.37,0.0,0.3,1.27,1.12,9.46,25,0,0,0,0,0,0,0,0,0,0,0,0,0,0,0,1,103,0.0,0.0,0.0,0.0,0.0,0.0,0.0,0.0,0.0,0,0,0,0
333,Martial,Godo,Godo,u,has joined Strasbourg permanently.,,4.5,477,290.0,0.0,660,271.0,0.0,644.0,245.0,0,0,0.0,0,0.0,0,1,0.0,0.0,0.0,0.0,0.0,719.0,295.0,0.0,0.0,717.0,293.0,712.0,294.0,694.0,288.0,718.0,294.0,,,,,,,,0.0,0.0,0.0,0.0,0.0,0.0,0.0,0.0,0.0,25,0,0,0,0,0,0,0,0,0,0,0,0,0,0,0,0,5,0.0,0.0,0.0,0.0,0.0,0.0,0.0,0.0,0.0,0,0,0,0
334,Luke,Harris,Harris,u,Has joined Oxford United on loan for the rest of the season.,,4.5,457,273.0,0.0,801,354.0,0.0,628.0,231.0,0,0,0.0,0,0.0,0,0,0.0,0.0,0.0,0.0,0.0,706.0,284.0,0.0,0.0,702.0,280.0,698.0,282.0,678.0,274.0,703.0,281.0,,,,,,,,0.0,0.0,0.0,0.0,0.0,0.0,0.0,0.0,0.0,25,0,0,0,0,0,0,0,0,0,0,0,0,0,0,0,0,0,0.0,0.0,0.0,0.0,0.0,0.0,0.0,0.0,0.0,0,0,0,0
335,Josh,King,King,a,,,4.4,561,336.0,1.8,140,46.0,1.2,221.0,89.0,0,0,0.0,-1,1.0,537,307,0.3,8.2,0.7,1.2,1.8,354.0,158.0,100.0,100.0,321.0,144.0,221.0,140.0,128.0,74.0,266.0,131.0,,,,,,,,0.12,0.04,0.16,1.32,0.0,0.31,1.54,1.13,7.28,25,0,0,0,0,0,0,0,0,0,0,0,0,0,0,0,3233,3759,0.0,0.0,0.0,0.0,0.0,0.0,0.0,0.0,0.0,0,0,0,0
336,Harrison,Reed,Reed,a,,,4.3,578,343.0,0.3,293,99.0,0.0,533.0,169.0,0,0,0.0,-2,2.0,241,110,0.0,2.6,-0.5,0.0,2.8,214.0,92.0,,,409.0,182.0,420.0,204.0,404.0,196.0,431.0,194.0,,,,,,,,0.26,1.54,1.8,2.64,0.0,0.0,6.43,0.0,6.43,25,0,0,0,0,0,0,0,0,0,0,0,0,0,0,0,1474,777,0.0,0.0,0.0,0.0,0.0,0.0,0.0,0.0,0.0,0,0,0,0
337,Raúl,Jiménez Rodríguez,Raúl,a,,,6.2,72,24.0,1.9,136,21.0,2.5,115.0,12.0,0,0,0.0,-3,3.0,557,1013,0.4,12.4,2.0,2.5,3.3,147.0,14.0,100.0,100.0,119.0,11.0,102.0,4.0,15.0,9.0,37.0,9.0,,1.0,1.0,,,,,0.43,0.04,0.47,1.38,0.0,0.29,1.2,1.09,5.26,25,0,0,0,0,0,0,0,0,0,0,0,0,0,0,0,6972,7374,0.0,0.0,0.0,0.0,0.0,0.0,0.0,0.0,0.0,0,0,0,0
338,Rodrigo,Muniz Carvalho,Muniz,a,,,5.3,195,46.0,0.7,219,34.0,0.0,768.0,78.0,0,0,0.0,-2,2.0,102,28,0.0,3.2,-0.5,0.0,2.4,276.0,29.0,100.0,100.0,378.0,40.0,339.0,39.0,193.0,42.0,341.0,41.0,,,,,,,,0.24,0.0,0.24,1.46,0.0,0.26,1.03,1.03,4.91,25,0,0,0,0,0,0,0,0,0,0,0,0,0,0,0,309,160,0.0,0.0,0.0,0.0,0.0,0.0,0.0,0.0,0.0,0,0,0,0
424,Oscar,Bobb,Bobb,a,,,5.1,238,145.0,0.2,374,124.0,0.0,760.0,333.0,0,0,0.0,-4,4.0,121,15,0.0,3.5,-0.5,0.0,2.0,328.0,146.0,100.0,100.0,367.0,162.0,166.0,111.0,244.0,131.0,297.0,142.0,,,,,,,,0.08,0.22,0.3,0.99,0.0,0.39,0.97,0.97,5.62,25,0,0,0,0,0,0,0,0,0,0,0,0,0,0,0,817,70,0.0,0.0,0.0,0.0,0.0,0.0,0.0,0.0,0.0,0,0,0,0
664,Benjamin,Lecomte,Lecomte,a,,,3.9,741,72.0,0.7,213,27.0,0.0,410.0,30.0,0,0,0.0,-1,1.0,31,46,0.0,0.0,-0.5,0.0,0.0,531.0,40.0,,,521.0,40.0,510.0,25.0,474.0,10.0,523.0,40.0,,,,,,,,0.0,0.0,0.0,0.0,0.0,0.0,0.0,0.0,0.0,25,0,0,0,0,0,0,0,0,0,0,0,0,0,0,0,163,368,0.0,0.0,0.0,0.0,0.0,0.0,0.0,0.0,0.0,0,0,0,0
727,Samuel,Chukwueze,Chukwueze,a,,,5.3,193,120.0,0.1,468,161.0,2.0,157.0,60.0,0,0,0.0,-2,2.0,105,55,0.4,8.1,1.5,2.0,3.9,79.0,37.0,100.0,100.0,215.0,94.0,154.0,104.0,145.0,83.0,189.0,100.0,,,,,,,,0.23,0.39,0.62,1.43,0.0,0.0,2.15,0.72,7.35,25,0,0,0,0,0,0,0,0,0,0,0,0,0,0,0,873,274,0.0,0.0,0.0,0.0,0.0,0.0,0.0,0.0,0.0,0,0,0,0
731,Kevin,Santos Lopes de Macedo,Kevin,a,,,5.8,113,71.0,0.1,530,191.0,2.0,165.0,67.0,0,0,0.0,-2,2.0,85,44,0.3,6.9,1.5,2.0,2.0,332.0,150.0,100.0,100.0,246.0,103.0,128.0,91.0,107.0,64.0,168.0,91.0,4.0,,,,,,,0.11,0.15,0.26,1.41,0.0,0.45,1.45,0.78,7.35,25,0,0,0,0,0,0,0,0,0,0,0,0,0,0,0,513,158,0.0,0.0,0.0,0.0,0.0,0.0,0.0,0.0,0.0,0,0,0,0
737,Jonah,Kusi-Asare,Kusi-Asare,a,,,4.5,509,74.0,0.1,486,69.0,0.0,673.0,69.0,0,0,0.0,0,0.0,62,26,0.0,0.9,-0.5,0.0,0.8,497.0,61.0,,,482.0,58.0,402.0,53.0,397.0,55.0,455.0,56.0,,,,,,,,0.0,0.21,0.21,2.25,0.0,0.0,6.0,0.0,6.0,25,0,0,0,0,0,0,0,0,0,0,0,0,0,0,0,262,157,0.0,0.0,0.0,0.0,0.0,0.0,0.0,0.0,0.0,0,0,0,0
770,Seth,Ridgeon,Ridgeon,a,,,4.5,504,311.0,0.0,776,336.0,0.0,668.0,264.0,0,0,0.0,0,0.0,0,1,0.0,0.0,-0.5,0.0,0.0,740.0,311.0,,,740.0,311.0,734.0,311.0,717.0,306.0,740.0,311.0,,,,,,,,0.0,0.0,0.0,0.0,0.0,0.0,0.0,0.0,0.0,25,0,0,0,0,0,0,0,0,0,0,0,0,0,0,0,6,9,0.0,0.0,0.0,0.0,0.0,0.0,0.0,0.0,0.0,0,0,0,0
786,Alfie,McNally,McNally,a,,,4.0,698,60.0,0.0,767,86.0,0.0,479.0,70.0,0,0,0.0,0,0.0,8,4,0.0,0.0,-0.5,0.0,0.0,595.0,79.0,,,585.0,79.0,577.0,67.0,543.0,52.0,587.0,79.0,,,,,,,,0.0,0.0,0.0,0.0,0.0,0.0,0.0,0.0,0.0,25,0,0,0,0,0,0,0,0,0,0,0,0,0,0,0,23,11,0.0,0.0,0.0,0.0,0.0,0.0,0.0,0.0,0.0,0,0,0,0
168,Facundo,Buonanotte,Buonanotte,a,,,4.6,403,249.0,0.1,481,168.0,0.2,355.0,156.0,0,0,0.0,-4,4.0,37,38,0.0,0.4,0.2,0.2,0.7,500.0,233.0,100.0,100.0,459.0,206.0,369.0,190.0,367.0,188.0,433.0,195.0,,,,,,,,0.05,0.13,0.18,2.43,0.0,0.0,2.61,1.3,6.52,25,0,0,0,0,0,0,0,0,0,0,0,0,0,0,0,252,187,0.0,0.0,0.0,0.0,0.0,0.0,0.0,0.0,0.0,0,0,0,0
339,Illan,Meslier,Meslier,a,,,4.2,636,35.0,0.3,298,39.0,0.0,518.0,81.0,0,0,0.0,-3,3.0,13,31,0.0,0.0,0.0,0.0,0.0,626.0,88.0,,,618.0,88.0,611.0,78.0,581.0,64.0,620.0,88.0,,,,,,,,0.0,0.0,0.0,0.0,0.0,0.0,0.0,0.0,0.0,25,0,0,0,0,0,0,0,0,0,0,0,0,0,0,0,66,136,0.0,0.0,0.0,0.0,0.0,0.0,0.0,0.0,0.0,0,0,0,0
340,Alex,Cairns,Cairns,a,,,3.9,742,73.0,0.2,410,61.0,0.0,411.0,31.0,0,0,0.0,-1,1.0,6,7,0.0,0.0,0.0,0.0,0.0,532.0,41.0,,,522.0,41.0,511.0,26.0,475.0,11.0,524.0,41.0,,,,,,,,0.0,0.0,0.0,0.0,0.0,0.0,0.0,0.0,0.0,25,0,0,0,0,0,0,0,0,0,0,0,0,0,0,0,40,102,0.0,0.0,0.0,0.0,0.0,0.0,0.0,0.0,0.0,0,0,0,0
341,Karl,Darlow,Darlow,a,,,3.9,737,68.0,2.2,124,17.0,3.0,79.0,8.0,3,0,0.0,-1,1.0,634,167,0.8,5.6,3.0,3.0,2.4,270.0,22.0,,,228.0,21.0,506.0,21.0,470.0,6.0,348.0,22.0,,,,,,,,0.0,0.0,0.0,0.97,2.78,0.11,1.56,1.0,0.0,25,3,90,0,0,0,1,0,0,0,0,0,5,1,0,20,4341,1782,0.0,0.0,0.0,0.0,1.13,42.79999999999998,0.0,0.0,4.300000000000001,0,1,8,0
342,Jayden,Bogle,Bogle,a,,,4.4,529,108.0,0.2,401,147.0,4.0,38.0,14.0,8,0,0.0,-1,1.0,361,36,0.9,13.9,4.0,4.0,2.7,231.0,90.0,100.0,100.0,160.0,68.0,141.0,35.0,148.0,28.0,154.0,49.0,,,,,,,,0.08,0.05,0.13,1.25,0.0,0.19,1.68,1.03,5.64,25,8,90,1,0,0,1,0,0,0,0,0,0,1,0,28,702,331,0.0,0.6400000000000001,0.030000000000000027,0.6699999999999999,1.0300000000000011,50.400000000000006,6.800000000000011,21.0,7.799999999999997,5,2,1,7
343,Pascal,Struijk,Struijk,a,,,4.3,582,130.0,0.5,253,95.0,4.0,37.0,13.0,4,0,0.0,-2,2.0,275,192,0.9,17.2,4.0,4.0,3.2,150.0,56.0,100.0,100.0,39.0,16.0,219.0,56.0,100.0,11.0,91.0,22.0,,,3.0,,,,,0.11,0.02,0.13,1.36,0.0,0.18,1.68,1.0,9.73,25,4,90,0,0,0,1,0,0,0,0,0,0,1,0,14,2645,1817,0.0,0.10999999999999988,0.010000000000000009,0.1200000000000001,1.129999999999999,37.80000000000001,0.29999999999999716,8.0,4.6000000000000085,1,14,3,15
344,Jaka,Bijol,Bijol,a,,,3.9,754,217.0,0.4,271,102.0,0.0,420.0,170.0,0,0,0.0,-1,1.0,24,140,0.0,11.0,0.0,0.0,3.6,106.0,36.0,100.0,75.0,177.0,74.0,347.0,120.0,182.0,39.0,236.0,80.0,,,,,,,,0.04,0.05,0.09,1.55,0.0,0.09,1.65,1.01,9.16,25,0,0,0,0,0,0,0,0,0,0,0,0,0,0,0,55,1536,0.0,0.0,0.0,0.0,0.0,0.0,0.0,0.0,0.0,0,0,0,0
345,Sebastiaan,Bornauw,Bornauw,a,,,3.8,793,242.0,0.1,421,155.0,1.5,192.0,71.0,1,0,0.0,-2,2.0,29,54,0.4,4.5,1.5,1.5,2.1,305.0,113.0,100.0,100.0,381.0,147.0,431.0,157.0,408.0,153.0,418.0,151.0,,,,,,,,0.0,0.0,0.0,1.56,0.0,0.36,1.08,1.08,11.52,25,1,1,0,0,0,0,0,0,0,0,0,0,0,0,3,225,290,0.0,0.0,0.0,0.0,0.09999999999999964,0.0,0.0,0.0,0.0,0,0,0,0
346,Sam,Byram,Byram,a,,,3.8,784,234.0,0.2,372,136.0,0.0,382.0,147.0,0,0,0.0,-2,2.0,17,31,0.0,0.3,0.0,0.0,1.0,435.0,156.0,,,498.0,181.0,483.0,178.0,446.0,169.0,500.0,181.0,,,,,,,,0.0,0.0,0.0,10.16,0.0,0.0,12.86,0.0,0.0,25,0,0,0,0,0,0,0,0,0,0,0,0,0,0,0,60,173,0.0,0.0,0.0,0.0,0.0,0.0,0.0,0.0,0.0,0,0,0,0
347,Gabriel,Gudmundsson,Gudmundsson,a,,,3.8,789,238.0,3.8,88,30.0,1.8,171.0,64.0,2,0,0.0,-2,2.0,780,546,0.5,14.7,1.8,1.8,2.3,283.0,108.0,100.0,100.0,100.0,44.0,59.0,11.0,184.0,40.0,90.0,21.0,,,,,,,,0.04,0.09,0.13,1.37,0.0,0.18,1.7,1.03,6.4,25,2,90,0,0,0,1,0,0,0,0,0,0,1,0,17,6336,4866,0.0,0.0,0.10000000000000009,0.10000000000000009,1.129999999999999,27.19999999999999,20.30000000000001,6.0,5.3999999999999915,5,3,2,8
348,Joe,Rodon,Rodon,a,,,3.9,749,214.0,3.7,90,32.0,3.5,52.0,20.0,2,0,0.0,-1,1.0,847,549,0.9,18.5,3.5,3.5,3.1,165.0,63.0,100.0,100.0,45.0,19.0,290.0,96.0,136.0,24.0,120.0,38.0,,,,,,,,0.04,0.01,0.05,1.39,0.0,0.13,1.84,1.03,8.33,25,2,90,0,0,0,1,0,0,0,0,0,0,1,0,13,10660,5012,0.0,0.029999999999999916,0.07999999999999999,0.10999999999999988,1.129999999999999,23.0,0.5,7.0,3.0999999999999943,2,7,3,9
349,Isaac,Schmidt,Schmidt,u,has joined Werder Bremen on loan for the rest of the season.,,4.0,691,176.0,0.1,545,195.0,0.0,472.0,192.0,0,0,0.0,0,0.0,0,4,0.0,0.0,0.0,0.0,0.0,589.0,219.0,0.0,0.0,579.0,218.0,571.0,218.0,537.0,212.0,581.0,218.0,,,,,,,,0.0,0.0,0.0,0.0,0.0,0.0,0.0,0.0,0.0,25,0,0,0,0,0,0,0,0,0,0,0,0,0,0,0,0,17,0.0,0.0,0.0,0.0,0.0,0.0,0.0,0.0,0.0,0,0,0,0
350,Brenden,Aaronson,Aaronson,a,,,5.4,172,106.0,0.9,197,67.0,3.0,85.0,34.0,3,0,0.0,-1,1.0,476,988,0.6,17.8,3.0,3.0,4.0,69.0,31.0,,,101.0,33.0,56.0,45.0,38.0,21.0,42.0,31.0,,,,,,,,0.19,0.16,0.35,1.25,0.0,0.35,1.32,1.04,8.52,25,3,77,0,0,1,0,0,0,0,0,0,0,1,0,13,7665,5288,0.0,0.20999999999999996,0.040000000000000036,0.25,0.8399999999999999,7.400000000000034,12.099999999999966,11.0,3.1000000000000085,2,0,7,9
351,Wilfried,Gnonto,Gnonto,a,,,5.2,217,133.0,0.1,497,176.0,0.5,316.0,141.0,0,0,0.0,-3,3.0,18,29,0.1,4.0,0.5,0.5,1.5,402.0,179.0,100.0,100.0,383.0,168.0,253.0,153.0,339.0,179.0,362.0,170.0,,,,,,,,0.07,0.14,0.21,2.18,0.0,0.26,2.86,1.04,9.62,25,0,0,0,0,0,0,0,0,0,0,0,0,0,0,0,56,82,0.0,0.0,0.0,0.0,0.0,0.0,0.0,0.0,0.0,0,0,0,0
352,Jack,Harrison,Harrison,u,has joined ACF Fiorentina on loan for the rest of the season.,,5.1,230,141.0,0.0,584,220.0,0.0,759.0,332.0,0,0,0.0,-4,4.0,0,19,0.0,2.4,0.0,0.0,1.1,433.0,194.0,0.0,0.0,417.0,185.0,320.0,178.0,329.0,172.0,393.0,181.0,4.0,,,,,,,0.1,0.08,0.18,1.31,0.0,0.0,1.72,0.34,8.24,25,0,0,0,0,0,0,0,0,0,0,0,0,0,0,0,0,66,0.0,0.0,0.0,0.0,0.0,0.0,0.0,0.0,0.0,0,0,0,0
353,Daniel,James,James,a,,,5.2,208,129.0,0.1,478,165.0,0.2,365.0,160.0,1,0,0.0,-3,3.0,15,5,0.0,2.7,0.2,0.2,1.3,423.0,190.0,100.0,75.0,408.0,181.0,235.0,145.0,235.0,128.0,338.0,163.0,,,,,,,,0.18,0.14,0.32,2.27,0.0,0.25,3.25,1.0,4.75,25,1,12,0,0,0,1,0,0,0,0,0,0,0,0,3,23,37,0.0,0.0,0.009999999999999898,0.010000000000000009,0.28000000000000114,0.20000000000000284,0.7999999999999972,6.0,0.7000000000000028,0,0,1,1
354,Ethan,Ampadu,Ampadu,a,,,4.9,300,187.0,0.2,400,133.0,3.8,45.0,19.0,2,0,0.0,-1,1.0,162,96,0.8,15.5,3.8,3.8,3.5,119.0,56.0,100.0,100.0,91.0,29.0,109.0,78.0,251.0,134.0,128.0,71.0,,,,,,,,0.07,0.06,0.13,1.34,0.0,0.18,1.66,1.02,11.91,25,2,90,0,0,0,1,0,0,0,0,0,0,1,0,13,1839,564,0.0,0.0,0.030000000000000027,0.03000000000000025,1.129999999999999,16.200000000000045,13.5,0.0,3.0,2,5,1,8
355,Sam,Greenwood,Greenwood,u,has joined Pogon Szczecin permanently.,,4.9,321,199.0,0.0,629,249.0,0.0,713.0,295.0,0,0,0.0,-1,1.0,0,2,0.0,0.0,0.0,0.0,0.0,762.0,326.0,0.0,0.0,762.0,326.0,758.0,326.0,750.0,324.0,762.0,326.0,,,,,,,,0.0,0.0,0.0,0.0,0.0,0.0,0.0,0.0,0.0,25,0,0,0,0,0,0,0,0,0,0,0,0,0,0,0,0,5,0.0,0.0,0.0,0.0,0.0,0.0,0.0,0.0,0.0,0,0,0,0
356,Ilia,Gruev,Gruev,a,,,4.7,391,244.0,0.1,540,195.0,4.2,29.0,14.0,11,0,0.0,-3,3.0,1001,42,0.9,9.6,4.2,4.2,2.8,219.0,94.0,,,274.0,120.0,186.0,125.0,301.0,157.0,283.0,139.0,,,,,,,,0.04,0.07,0.11,1.69,0.0,0.39,1.84,1.06,8.23,25,11,90,0,2,0,1,0,0,0,0,0,0,1,3,43,1241,148,0.0,0.29000000000000004,0.43,0.72,1.1300000000000026,53.80000000000001,50.3,40.0,14.400000000000002,0,3,4,7
357,Largie,Ramazani,Ramazani,u,has joined Valencia on loan for the rest of the season.,,4.9,325,201.0,0.0,697,293.0,0.0,716.0,297.0,0,0,0.0,-1,1.0,0,1,0.0,0.0,0.0,0.0,0.0,764.0,328.0,0.0,0.0,764.0,328.0,760.0,328.0,752.0,326.0,764.0,328.0,,,,,,,,0.0,0.0,0.0,0.0,0.0,0.0,0.0,0.0,0.0,25,0,0,0,0,0,0,0,0,0,0,0,0,0,0,0,0,2,0.0,0.0,0.0,0.0,0.0,0.0,0.0,0.0,0.0,0,0,0,0
358,Tanaka,Ao,Tanaka,a,,,4.8,366,227.0,0.2,355,118.0,0.5,305.0,133.0,0,0,0.0,-2,2.0,48,134,0.1,9.0,0.5,0.5,2.1,311.0,136.0,100.0,100.0,287.0,127.0,196.0,131.0,254.0,135.0,281.0,138.0,,,,,,,,0.1,0.07,0.17,1.62,0.0,0.24,1.95,0.85,10.14,25,0,0,0,0,0,0,0,0,0,0,0,0,0,0,0,279,640,0.0,0.0,0.0,0.0,0.0,0.0,0.0,0.0,0.0,0,0,0,0
359,Charlie,Crew,Crew,u,Has joined Doncaster Rovers on loan for the rest of the season.,,4.5,462,278.0,0.0,778,337.0,0.0,631.0,234.0,0,0,0.0,0,0.0,0,0,0.0,0.0,0.0,0.0,0.0,709.0,287.0,0.0,0.0,705.0,283.0,701.0,285.0,681.0,277.0,706.0,284.0,,,,,,,,0.0,0.0,0.0,0.0,0.0,0.0,0.0,0.0,0.0,25,0,0,0,0,0,0,0,0,0,0,0,0,0,0,0,0,1,0.0,0.0,0.0,0.0,0.0,0.0,0.0,0.0,0.0,0,0,0,0
360,Joe,Gelhardt,Gelhardt,u,Has joined Hull City on loan for the rest of the season.,,4.5,439,263.0,0.0,742,316.0,0.0,618.0,222.0,0,0,0.0,0,0.0,0,0,0.0,0.0,0.0,0.0,0.0,698.0,276.0,0.0,0.0,693.0,271.0,690.0,274.0,669.0,266.0,695.0,273.0,,,,,,,,0.0,0.0,0.0,0.0,0.0,0.0,0.0,0.0,0.0,25,0,0,0,0,0,0,0,0,0,0,0,0,0,0,0,0,1,0.0,0.0,0.0,0.0,0.0,0.0,0.0,0.0,0.0,0,0,0,0
361,Darko,Gyabi,Gyabi,u,has joined Hull City permanently.,,4.5,441,264.0,0.0,659,270.0,0.0,619.0,223.0,0,0,0.0,0,0.0,0,1,0.0,0.0,0.0,0.0,0.0,699.0,277.0,0.0,0.0,694.0,272.0,691.0,275.0,670.0,267.0,696.0,274.0,,,,,,,,0.0,0.0,0.0,0.0,0.0,0.0,0.0,0.0,0.0,25,0,0,0,0,0,0,0,0,0,0,0,0,0,0,0,0,2,0.0,0.0,0.0,0.0,0.0,0.0,0.0,0.0,0.0,0,0,0,0
362,Joël,Piroe,Piroe,a,,,4.9,320,58.0,0.3,295,47.0,0.2,360.0,44.0,0,0,0.0,-6,6.0,30,52,0.0,2.4,0.2,0.2,1.1,431.0,54.0,100.0,100.0,454.0,53.0,379.0,48.0,238.0,45.0,392.0,48.0,,,2.0,,,,,0.28,0.03,0.31,2.32,0.0,0.44,3.06,0.87,4.37,25,0,0,0,0,0,0,0,0,0,0,0,0,0,0,0,136,251,0.0,0.0,0.0,0.0,0.0,0.0,0.0,0.0,0.0,0,0,0,0
363,Patrick,Bamford,Bamford,u,has departed the club as a free agent.,,4.9,289,57.0,0.3,297,48.0,0.0,702.0,71.0,0,0,0.0,-1,1.0,0,17,0.0,0.0,0.0,0.0,0.0,756.0,83.0,0.0,0.0,756.0,83.0,752.0,82.0,742.0,82.0,756.0,83.0,,,,,,,,0.0,0.0,0.0,0.0,0.0,0.0,0.0,0.0,0.0,25,0,0,0,0,0,0,0,0,0,0,0,0,0,0,0,0,59,0.0,0.0,0.0,0.0,0.0,0.0,0.0,0.0,0.0,0,0,0,0
364,Mateo,Joseph Fernández-Regatillo,Mateo Joseph,u,Has joined RCD Mallorca on loan for the rest of the season.,,5.0,278,56.0,0.0,729,88.0,0.0,749.0,76.0,0,0,0.0,0,0.0,0,1,0.0,0.0,0.0,0.0,0.0,785.0,86.0,0.0,0.0,785.0,86.0,783.0,86.0,777.0,86.0,785.0,86.0,,,,,,,,0.0,0.0,0.0,0.0,0.0,0.0,0.0,0.0,0.0,25,0,0,0,0,0,0,0,0,0,0,0,0,0,0,0,0,1,0.0,0.0,0.0,0.0,0.0,0.0,0.0,0.0,0.0,0,0,0,0
365,Lukas,Nmecha,Nmecha,a,,,5.0,247,53.0,0.5,258,42.0,1.8,181.0,22.0,0,0,0.0,0,0.0,67,165,0.4,9.8,1.8,0.5,2.6,250.0,26.0,100.0,25.0,237.0,21.0,331.0,37.0,65.0,23.0,195.0,21.0,,,1.0,,,,,0.73,0.05,0.78,1.85,0.0,0.3,2.09,0.9,4.78,25,0,0,0,0,0,0,0,0,0,0,0,0,0,0,0,82,977,0.0,0.0,0.0,0.0,0.0,0.0,0.0,0.0,0.0,0,0,0,0
493,Sean,Longstaff,Longstaff,a,,,4.8,355,222.0,0.2,345,114.0,0.8,266.0,111.0,1,0,0.0,-2,2.0,32,26,0.2,9.0,0.8,0.8,2.9,205.0,86.0,100.0,100.0,199.0,86.0,50.0,41.0,274.0,146.0,149.0,83.0,1.0,2.0,,,,,,0.08,0.12,0.2,1.31,0.0,0.1,1.73,0.96,9.63,25,1,8,0,0,0,1,0,0,0,0,0,0,0,0,1,299,191,0.0,0.0,0.0,0.0,0.28000000000000114,0.0,0.10000000000002274,0.0,0.0,0,0,0,0
660,Anton,Stach,Stach,d,Hip injury - 25% chance of playing,,4.8,369,230.0,2.3,119,40.0,2.5,107.0,45.0,0,0,0.0,-2,2.0,72,3131,0.5,20.2,0.6,0.6,4.6,31.0,13.0,25.0,25.0,57.0,14.0,6.0,6.0,84.0,52.0,21.0,17.0,3.0,1.0,,,,,,0.11,0.17,0.28,1.34,0.0,0.16,1.7,1.06,10.1,25,0,0,0,0,0,0,0,0,0,0,0,0,0,0,0,489,26908,0.0,0.0,0.0,0.0,0.0,0.0,0.0,0.0,0.0,0,0,0,0
665,Lucas Estella,Perri,Perri,a,,,4.5,416,22.0,0.3,338,47.0,0.0,600.0,89.0,0,0,0.0,0,0.0,24,112,0.0,9.6,0.0,0.0,2.7,234.0,20.0,100.0,100.0,127.0,18.0,673.0,85.0,650.0,73.0,292.0,18.0,,,,,,,,0.0,0.0,0.0,1.67,2.38,0.19,1.81,1.0,0.0,25,0,0,0,0,0,0,0,0,0,0,0,0,0,0,0,295,913,0.0,0.0,0.0,0.0,0.0,0.0,0.0,0.0,0.0,0,0,0,0
691,Dominic,Calvert-Lewin,Calvert-Lewin,a,,,5.9,93,29.0,11.6,34,5.0,3.2,74.0,7.0,7,0,0.0,4,-4.0,5993,5432,0.5,17.3,3.2,3.2,4.4,40.0,7.0,100.0,100.0,83.0,7.0,131.0,7.0,6.0,5.0,28.0,6.0,,,,,,,,0.49,0.05,0.54,1.09,0.0,0.22,1.35,0.97,2.87,25,7,90,1,0,0,1,0,0,0,0,0,0,1,1,29,33992,54623,0.0,0.33000000000000007,0.010000000000000009,0.33999999999999986,1.129999999999999,37.400000000000034,5.700000000000017,29.0,7.200000000000003,0,4,0,4
698,Noah,Okafor,Okafor,a,,,5.5,147,92.0,0.1,467,160.0,3.0,87.0,35.0,7,0,0.0,0,0.0,199,45,0.5,11.1,3.0,3.0,2.8,227.0,98.0,100.0,100.0,211.0,93.0,132.0,93.0,57.0,35.0,121.0,66.0,,,,,,,,0.26,0.07,0.33,1.44,0.0,0.29,1.68,1.1,6.36,25,7,81,1,0,1,0,0,0,0,1,0,0,1,0,28,655,355,0.0,0.77,0.06999999999999995,0.8400000000000003,0.8399999999999999,38.80000000000001,4.5,29.0,7.200000000000003,3,1,3,7
706,James,Justin,Justin,a,,,3.9,751,215.0,0.6,236,88.0,6.2,4.0,1.0,7,0,0.0,-1,1.0,2672,152,1.6,11.0,6.2,6.2,2.7,229.0,88.0,,,247.0,101.0,225.0,61.0,204.0,51.0,254.0,86.0,,,,,,,,0.11,0.08,0.19,1.62,0.0,0.24,1.57,0.97,8.1,25,7,90,0,1,0,1,0,0,0,0,0,0,1,2,36,6808,1274,0.0,0.14,0.47000000000000003,0.61,1.1300000000000008,38.400000000000006,54.099999999999994,23.0,11.599999999999998,2,4,0,6
741,Harry,Gray,Gray,u,has joined Rotherham United on loan for the rest of the season.,,4.5,494,71.0,0.1,477,68.0,0.0,660.0,66.0,0,0,0.0,0,0.0,0,61,0.0,0.0,0.0,0.0,0.0,733.0,79.0,0.0,0.0,732.0,79.0,726.0,78.0,709.0,78.0,732.0,79.0,,,,,,,,0.0,0.0,0.0,0.0,0.0,0.0,0.0,0.0,0.0,25,0,0,0,0,0,0,0,0,0,0,0,0,0,0,0,0,201,0.0,0.0,0.0,0.0,0.0,0.0,0.0,0.0,0.0,0,0,0,0
787,Sam,Chambers,Chambers,a,,,4.4,558,334.0,0.0,764,330.0,0.0,585.0,203.0,0,0,0.0,-1,1.0,23,5,0.0,0.0,0.0,0.0,0.0,672.0,260.0,,,665.0,253.0,660.0,257.0,636.0,247.0,667.0,255.0,,,,,,,,0.0,0.0,0.0,0.0,0.0,0.0,0.0,0.0,0.0,25,0,0,0,0,0,0,0,0,0,0,0,0,0,0,0,65,61,0.0,0.0,0.0,0.0,0.0,0.0,0.0,0.0,0.0,0,0,0,0
366,Alisson,Becker,A.Becker,a,,,5.4,159,4.0,5.8,63,10.0,3.0,84.0,10.0,0,0,0.0,-1,1.0,391,752,0.6,12.4,3.5,3.0,3.5,124.0,12.0,100.0,100.0,132.0,19.0,477.0,15.0,788.0,91.0,294.0,19.0,,,,,,,,0.0,0.0,0.0,1.04,1.95,0.32,1.21,1.0,0.0,25,0,0,0,0,0,0,0,0,0,0,0,0,0,0,0,1371,7011,0.0,0.0,0.0,0.0,0.0,0.0,0.0,0.0,0.0,0,0,0,0
367,Giorgi,Mamardashvili,Mamardashvili,a,,,4.1,656,38.0,0.5,252,33.0,0.0,511.0,77.0,0,0,0.0,-4,4.0,56,107,0.0,4.6,0.5,0.0,3.8,87.0,9.0,,,286.0,23.0,607.0,74.0,575.0,59.0,377.0,23.0,,,,,,,,0.0,0.0,0.0,1.42,3.4,0.2,2.0,1.0,0.0,25,0,0,0,0,0,0,0,0,0,0,0,0,0,0,0,163,467,0.0,0.0,0.0,0.0,0.0,0.0,0.0,0.0,0.0,0,0,0,0
368,Ármin,Pécsi,Pécsi,a,,,3.8,810,94.0,0.6,243,32.0,0.0,402.0,24.0,0,0,0.0,-2,2.0,646,134,0.0,0.0,0.5,0.0,0.0,523.0,34.0,,,513.0,34.0,501.0,18.0,465.0,3.0,515.0,34.0,,,,,,,,0.0,0.0,0.0,0.0,0.0,0.0,0.0,0.0,0.0,25,0,0,0,0,0,0,0,0,0,0,0,0,0,0,0,3462,887,0.0,0.0,0.0,0.0,0.0,0.0,0.0,0.0,0.0,0,0,0,0
369,Freddie,Woodman,Woodman,a,,,3.9,745,75.0,0.2,382,55.0,0.0,414.0,33.0,0,0,0.0,-1,1.0,12,9,0.0,0.0,0.5,0.0,0.0,534.0,43.0,,,524.0,43.0,513.0,28.0,477.0,13.0,526.0,43.0,,,,,,,,0.0,0.0,0.0,0.0,0.0,0.0,0.0,0.0,0.0,25,0,0,0,0,0,0,0,0,0,0,0,0,0,0,0,26,110,0.0,0.0,0.0,0.0,0.0,0.0,0.0,0.0,0.0,0,0,0,0
370,Jeremie,Frimpong,Frimpong,i,Groin Injury - Unknown return date,,5.7,117,11.0,5.0,73,24.0,1.6,189.0,70.0,0,-1,1.0,-3,3.0,12,2795,0.3,6.0,0.0,0.0,3.1,182.0,71.0,0.0,0.0,348.0,131.0,179.0,44.0,220.0,57.0,286.0,96.0,,,,,,,,0.07,0.17,0.24,1.0,0.0,0.33,1.17,1.0,2.68,25,0,0,0,0,0,0,0,0,0,0,0,0,0,0,0,25,22197,0.0,0.0,0.0,0.0,0.0,0.0,0.0,0.0,0.0,0,0,0,0
371,Milos,Kerkez,Kerkez,a,,,5.6,135,15.0,2.9,108,45.0,3.0,89.0,35.0,0,0,0.0,-4,4.0,424,312,0.5,10.4,3.5,3.0,2.5,266.0,104.0,,,118.0,52.0,48.0,7.0,207.0,53.0,95.0,26.0,,,,,,,,0.05,0.03,0.08,1.09,0.0,0.22,1.38,1.11,5.98,25,0,0,0,0,0,0,0,0,0,0,0,0,0,0,0,1373,2411,0.0,0.0,0.0,0.0,0.0,0.0,0.0,0.0,0.0,0,0,0,0
372,Andrew,Robertson,Robertson,a,,,5.7,114,10.0,1.0,190,74.0,0.4,329.0,118.0,0,0,0.0,-3,3.0,94,91,0.1,4.4,0.9,0.4,1.8,362.0,131.0,,,311.0,118.0,145.0,36.0,289.0,89.0,272.0,91.0,,,,,,,,0.04,0.13,0.17,1.25,0.0,0.33,1.34,0.67,5.02,25,0,0,0,0,0,0,0,0,0,0,0,0,0,0,0,203,411,0.0,0.0,0.0,0.0,0.0,0.0,0.0,0.0,0.0,0,0,0,0
373,Virgil,van Dijk,Virgil,a,,,5.9,89,5.0,21.5,18,6.0,4.2,33.0,12.0,0,0,0.0,-1,1.0,2139,2477,0.7,15.9,4.7,4.2,3.9,82.0,28.0,,,6.0,2.0,187.0,46.0,95.0,10.0,46.0,4.0,,,,,,,,0.05,0.03,0.08,1.12,0.0,0.29,1.38,1.0,9.58,25,0,0,0,0,0,0,0,0,0,0,0,0,0,0,0,8750,32286,0.0,0.0,0.0,0.0,0.0,0.0,0.0,0.0,0.0,0,0,0,0
374,Ibrahima,Konaté,Konaté,a,,,5.4,166,18.0,3.0,106,43.0,4.0,41.0,15.0,0,0,0.0,-1,1.0,1377,405,0.7,17.0,4.5,4.0,4.0,68.0,27.0,100.0,100.0,29.0,12.0,216.0,54.0,230.0,61.0,113.0,37.0,,,,,,,,0.05,0.04,0.09,1.01,0.0,0.32,1.24,1.05,9.16,25,0,0,0,0,0,0,0,0,0,0,0,0,0,0,0,5261,4474,0.0,0.0,0.0,0.0,0.0,0.0,0.0,0.0,0.0,0,0,0,0
375,Conor,Bradley,Bradley,i,Knee injury - Expected back 01 Jun,,4.9,340,56.0,0.2,404,148.0,1.2,225.0,86.0,0,0,0.0,-1,1.0,1,76,0.2,8.6,0.0,0.0,2.8,222.0,86.0,0.0,0.0,277.0,109.0,223.0,59.0,279.0,83.0,291.0,100.0,,,,,,,,0.02,0.08,0.1,1.04,0.0,0.39,1.26,1.16,6.3,25,0,0,0,0,0,0,0,0,0,0,0,0,0,0,0,8,245,0.0,0.0,0.0,0.0,0.0,0.0,0.0,0.0,0.0,0,0,0,0
376,Joe,Gomez,Gomez,d,Knock - 75% chance of playing,,4.9,297,45.0,0.1,423,157.0,0.2,359.0,137.0,0,0,0.0,-1,1.0,2,34,0.0,5.1,0.5,0.2,2.3,286.0,110.0,75.0,75.0,359.0,135.0,306.0,102.0,361.0,124.0,372.0,131.0,,,,,,,,0.06,0.17,0.23,1.22,0.0,0.65,2.26,1.29,6.77,25,0,0,0,0,0,0,0,0,0,0,0,0,0,0,0,6,149,0.0,0.0,0.0,0.0,0.0,0.0,0.0,0.0,0.0,0,0,0,0
377,Konstantinos,Tsimikas,Tsimikas,u,has joined AS Roma on loan for the rest of the season.,,4.8,359,59.0,0.0,589,212.0,0.0,692.0,252.0,0,0,0.0,-2,2.0,0,1,0.0,0.0,0.0,0.0,0.0,753.0,260.0,0.0,0.0,753.0,260.0,748.0,260.0,736.0,259.0,753.0,260.0,,,,,,,,0.0,0.0,0.0,0.0,0.0,0.0,0.0,0.0,0.0,25,0,0,0,0,0,0,0,0,0,0,0,0,0,0,0,0,3,0.0,0.0,0.0,0.0,0.0,0.0,0.0,0.0,0.0,0,0,0,0
378,Amara,Nallo,Nallo,a,,,3.7,817,265.0,1.1,181,69.0,0.0,379.0,144.0,0,0,0.0,-3,3.0,498,411,0.0,0.0,0.5,0.0,0.0,507.0,181.0,100.0,100.0,496.0,179.0,481.0,176.0,444.0,167.0,498.0,179.0,,,,,,,,0.0,0.0,0.0,0.0,0.0,0.0,0.0,0.0,0.0,25,0,0,0,0,0,0,0,0,0,0,0,0,0,0,0,4482,2443,0.0,0.0,0.0,0.0,0.0,0.0,0.0,0.0,0.0,0,0,0,0
379,Rhys,Williams,R.Williams,a,,,3.7,814,262.0,0.5,263,99.0,0.0,377.0,142.0,0,0,0.0,-3,3.0,787,165,0.0,0.0,0.5,0.0,0.0,505.0,179.0,,,494.0,177.0,479.0,174.0,442.0,165.0,496.0,177.0,,,,,,,,0.0,0.0,0.0,0.0,0.0,0.0,0.0,0.0,0.0,25,0,0,0,0,0,0,0,0,0,0,0,0,0,0,0,5032,1064,0.0,0.0,0.0,0.0,0.0,0.0,0.0,0.0,0.0,0,0,0,0
380,Calvin,Ramsay,Ramsay,a,,,3.8,796,245.0,0.2,347,126.0,0.0,391.0,155.0,0,0,0.0,-2,2.0,14,26,0.0,0.0,0.5,0.0,0.0,514.0,187.0,,,504.0,186.0,490.0,184.0,453.0,175.0,506.0,186.0,,,,,,,,0.0,0.0,0.0,0.0,0.0,0.0,0.0,0.0,0.0,25,0,0,0,0,0,0,0,0,0,0,0,0,0,0,0,49,137,0.0,0.0,0.0,0.0,0.0,0.0,0.0,0.0,0.0,0,0,0,0
381,Mohamed,Salah,M.Salah,a,,,14.0,2,1.0,14.3,23,8.0,2.0,169.0,70.0,0,0,0.0,-5,5.0,378,824,0.1,5.3,2.5,2.0,4.6,36.0,17.0,100.0,100.0,123.0,42.0,15.0,15.0,17.0,8.0,17.0,13.0,,4.0,1.0,,,,,0.36,0.21,0.57,1.28,0.0,0.27,1.66,0.93,3.45,25,0,0,0,0,0,0,0,0,0,0,0,0,0,0,0,3670,3616,0.0,0.0,0.0,0.0,0.0,0.0,0.0,0.0,0.0,0,0,0,0
382,Florian,Wirtz,Wirtz,a,,,8.4,12,7.0,14.2,24,9.0,5.4,11.0,7.0,0,1,-1.0,-1,1.0,8300,1702,0.6,11.3,5.9,5.4,4.1,64.0,28.0,100.0,100.0,90.0,28.0,7.0,7.0,22.0,10.0,12.0,10.0,4.0,,,,,,,0.26,0.21,0.47,1.09,0.0,0.38,1.13,1.02,6.52,25,0,0,0,0,0,0,0,0,0,0,0,0,0,0,0,66016,16123,0.0,0.0,0.0,0.0,0.0,0.0,0.0,0.0,0.0,0,0,0,0
383,Luis,Díaz Marulanda,Luis Díaz,u,Has joined Bayern Munch permanently.,,8.0,16,11.0,0.0,602,231.0,0.0,814.0,366.0,0,0,0.0,0,0.0,0,0,0.0,0.0,0.0,0.0,0.0,816.0,366.0,0.0,0.0,816.0,366.0,816.0,366.0,816.0,366.0,816.0,366.0,,,,,,,,0.0,0.0,0.0,0.0,0.0,0.0,0.0,0.0,0.0,25,0,0,0,0,0,0,0,0,0,0,0,0,0,0,0,0,0,0.0,0.0,0.0,0.0,0.0,0.0,0.0,0.0,0.0,0,0,0,0
384,Cody,Gakpo,Gakpo,a,,,7.3,27,17.0,5.4,69,23.0,2.2,143.0,57.0,0,0,0.0,-2,2.0,701,903,0.3,11.5,2.7,2.2,3.8,98.0,47.0,100.0,100.0,113.0,38.0,22.0,21.0,16.0,7.0,23.0,19.0,3.0,,3.0,,,,,0.29,0.2,0.49,0.95,0.0,0.28,1.36,1.02,5.06,25,0,0,0,0,0,0,0,0,0,0,0,0,0,0,0,2772,9286,0.0,0.0,0.0,0.0,0.0,0.0,0.0,0.0,0.0,0,0,0,0
385,Federico,Chiesa,Chiesa,a,,,6.3,68,45.0,0.3,324,107.0,0.4,330.0,151.0,0,0,0.0,-2,2.0,27,38,0.1,4.6,0.9,0.4,1.7,375.0,165.0,100.0,100.0,316.0,141.0,356.0,186.0,215.0,116.0,327.0,159.0,,,,,,,,0.45,0.19,0.64,1.67,0.0,0.0,2.29,0.38,9.53,25,0,0,0,0,0,0,0,0,0,0,0,0,0,0,0,59,162,0.0,0.0,0.0,0.0,0.0,0.0,0.0,0.0,0.0,0,0,0,0
386,Alexis,Mac Allister,Mac Allister,a,,,6.2,74,48.0,1.2,175,59.0,1.0,247.0,102.0,0,0,0.0,-3,3.0,193,209,0.2,7.6,1.5,1.0,2.0,334.0,151.0,100.0,100.0,207.0,91.0,76.0,57.0,118.0,69.0,126.0,70.0,,,4.0,,,,,0.12,0.06,0.18,1.03,0.0,0.29,1.28,1.11,7.45,25,0,0,0,0,0,0,0,0,0,0,0,0,0,0,0,597,1358,0.0,0.0,0.0,0.0,0.0,0.0,0.0,0.0,0.0,0,0,0,0
387,Dominik,Szoboszlai,Szoboszlai,a,,,6.7,49,31.0,6.3,58,21.0,4.2,34.0,17.0,0,0,0.0,2,-2.0,3626,1497,0.6,13.3,4.7,4.2,3.9,85.0,40.0,100.0,100.0,43.0,11.0,2.0,2.0,76.0,47.0,10.0,8.0,2.0,2.0,,,,,,0.15,0.16,0.31,1.12,0.0,0.31,1.4,1.0,9.08,25,0,0,0,0,0,0,0,0,0,0,0,0,0,0,0,16478,16390,0.0,0.0,0.0,0.0,0.0,0.0,0.0,0.0,0.0,0,0,0,0
388,Curtis,Jones,C.Jones,a,,,5.4,168,103.0,0.1,447,154.0,1.4,216.0,88.0,0,0,0.0,-1,1.0,36,50,0.3,7.6,1.9,1.4,2.0,331.0,149.0,100.0,100.0,222.0,96.0,81.0,60.0,214.0,115.0,158.0,87.0,,,,,,,,0.09,0.18,0.27,1.38,0.0,0.17,1.66,0.83,9.85,25,0,0,0,0,0,0,0,0,0,0,0,0,0,0,0,77,395,0.0,0.0,0.0,0.0,0.0,0.0,0.0,0.0,0.0,0,0,0,0
390,Ryan,Gravenberch,Gravenberch,a,,,5.6,131,81.0,4.8,75,25.0,2.0,163.0,66.0,0,0,0.0,1,-1.0,1001,2352,0.4,18.0,2.5,2.0,4.6,33.0,15.0,100.0,100.0,50.0,13.0,53.0,43.0,180.0,102.0,62.0,40.0,,,,,,,,0.06,0.08,0.14,1.01,0.0,0.33,1.25,1.02,9.61,25,0,0,0,0,0,0,0,0,0,0,0,0,0,0,0,3805,23046,0.0,0.0,0.0,0.0,0.0,0.0,0.0,0.0,0.0,0,0,0,0
392,Endo,Wataru,Endo,a,,,4.9,294,183.0,0.1,495,175.0,0.4,328.0,150.0,0,0,0.0,-1,1.0,10,12,0.1,1.8,0.9,0.4,1.3,419.0,186.0,100.0,100.0,401.0,177.0,387.0,194.0,744.0,320.0,425.0,192.0,,,,,,,,0.0,0.04,0.04,3.26,0.0,0.0,4.41,0.0,10.59,25,0,0,0,0,0,0,0,0,0,0,0,0,0,0,0,33,23,0.0,0.0,0.0,0.0,0.0,0.0,0.0,0.0,0.0,0,0,0,0
393,Stefan,Bajčetić Maquieira,Bajcetic,i,Hamstring injury - Unknown return date,,4.3,605,352.0,0.0,630,250.0,0.0,545.0,177.0,0,0,0.0,-2,2.0,2,2,0.0,0.0,0.0,0.0,0.0,641.0,239.0,0.0,0.0,632.0,230.0,628.0,235.0,601.0,223.0,634.0,232.0,,,,,,,,0.0,0.0,0.0,0.0,0.0,0.0,0.0,0.0,0.0,25,0,0,0,0,0,0,0,0,0,0,0,0,0,0,0,12,22,0.0,0.0,0.0,0.0,0.0,0.0,0.0,0.0,0.0,0,0,0,0
394,James,McConnell,McConnell,u,has joined Ajax on loan for the rest of the season.,,4.4,546,326.0,0.0,670,275.0,0.0,574.0,195.0,0,0,0.0,-1,1.0,0,0,0.0,0.0,0.0,0.0,0.0,662.0,253.0,0.0,0.0,654.0,245.0,650.0,250.0,625.0,239.0,656.0,247.0,,,,,,,,0.0,0.0,0.0,0.0,0.0,0.0,0.0,0.0,0.0,25,0,0,0,0,0,0,0,0,0,0,0,0,0,0,0,0,3,0.0,0.0,0.0,0.0,0.0,0.0,0.0,0.0,0.0,0,0,0,0
395,Tyler,Morton,Morton,u,Has joined Lyon permanently.,,4.5,430,257.0,0.0,790,347.0,0.0,611.0,216.0,0,0,0.0,0,0.0,0,0,0.0,0.0,0.0,0.0,0.0,691.0,270.0,0.0,0.0,686.0,265.0,682.0,268.0,661.0,260.0,688.0,267.0,,,,,,,,0.0,0.0,0.0,0.0,0.0,0.0,0.0,0.0,0.0,25,0,0,0,0,0,0,0,0,0,0,0,0,0,0,0,0,0,0.0,0.0,0.0,0.0,0.0,0.0,0.0,0.0,0.0,0,0,0,0
396,Trey,Nyoni,Nyoni,a,,,4.3,614,359.0,0.3,303,104.0,0.0,553.0,184.0,0,0,0.0,-2,2.0,26,61,0.0,0.5,0.5,0.0,1.0,453.0,198.0,,,473.0,217.0,407.0,202.0,607.0,229.0,468.0,215.0,,,,,,,,0.0,0.0,0.0,0.0,0.0,0.0,0.0,0.0,0.0,25,0,0,0,0,0,0,0,0,0,0,0,0,0,0,0,95,299,0.0,0.0,0.0,0.0,0.0,0.0,0.0,0.0,0.0,0,0,0,0
397,Darwin,Núñez Ribeiro,Darwin,u,Has joined Al-Hilal permanently.,,6.5,51,18.0,0.1,548,77.0,0.0,807.0,87.0,0,0,0.0,0,0.0,0,1,0.0,0.0,0.0,0.0,0.0,812.0,90.0,0.0,0.0,812.0,90.0,812.0,90.0,812.0,90.0,812.0,90.0,,,,,,,,0.0,0.0,0.0,0.0,0.0,0.0,0.0,0.0,0.0,25,0,0,0,0,0,0,0,0,0,0,0,0,0,0,0,0,1,0.0,0.0,0.0,0.0,0.0,0.0,0.0,0.0,0.0,0,0,0,0
398,Jayden,Danns,Danns,i,Hamstring injury - Unknown return date,,4.3,601,84.0,0.1,465,67.0,0.0,542.0,51.0,0,0,0.0,-2,2.0,5,10,0.0,0.0,0.0,0.0,0.0,639.0,65.0,0.0,0.0,630.0,65.0,625.0,64.0,598.0,64.0,632.0,65.0,,,,,,,,0.0,0.0,0.0,0.0,0.0,0.0,0.0,0.0,0.0,25,0,0,0,0,0,0,0,0,0,0,0,0,0,0,0,15,41,0.0,0.0,0.0,0.0,0.0,0.0,0.0,0.0,0.0,0,0,0,0
499,Alexander,Isak,Isak,i,Ankle injury - Unknown return date,,10.3,4,2.0,3.6,93,16.0,0.0,816.0,90.0,0,0,0.0,-2,2.0,11,339,0.0,2.8,0.0,0.0,2.9,213.0,23.0,0.0,0.0,330.0,32.0,349.0,43.0,166.0,37.0,316.0,37.0,,,,,,,,0.37,0.01,0.38,0.92,0.0,0.18,1.26,1.08,4.13,25,0,0,0,0,0,0,0,0,0,0,0,0,0,0,0,33,868,0.0,0.0,0.0,0.0,0.0,0.0,0.0,0.0,0.0,0,0,0,0
661,Hugo,Ekitiké,Ekitiké,a,,,8.9,7,3.0,26.0,13,4.0,3.2,77.0,8.0,0,0,0.0,4,-4.0,13168,2263,0.4,11.2,3.7,3.2,4.8,24.0,5.0,100.0,100.0,63.0,5.0,121.0,5.0,10.0,7.0,30.0,7.0,,,,,,,,0.51,0.12,0.63,1.27,0.0,0.34,1.22,1.01,3.99,25,0,0,0,0,0,0,0,0,0,0,0,0,0,0,0,92174,32558,0.0,0.0,0.0,0.0,0.0,0.0,0.0,0.0,0.0,0,0,0,0
686,Rio,Ngumoha,Ngumoha,a,,,4.3,620,363.0,0.7,211,73.0,0.4,327.0,149.0,0,0,0.0,-2,2.0,390,254,0.1,3.0,0.9,0.4,1.6,380.0,168.0,,,394.0,174.0,302.0,170.0,314.0,164.0,371.0,174.0,,,,,,,,0.44,0.41,0.85,3.29,0.0,0.0,3.55,0.0,3.55,25,0,0,0,0,0,0,0,0,0,0,0,0,0,0,0,2006,1459,0.0,0.0,0.0,0.0,0.0,0.0,0.0,0.0,0.0,0,0,0,0
692,Giovanni,Leoni,Leoni,i,Knee injury - Expected back 01 Sep,,4.9,351,58.0,0.0,704,241.0,0.0,731.0,256.0,0,0,0.0,-1,1.0,1,1,0.0,0.0,0.0,0.0,0.0,774.0,261.0,0.0,0.0,774.0,261.0,770.0,261.0,762.0,260.0,774.0,261.0,,,,,,,,0.0,0.0,0.0,0.0,0.0,0.0,0.0,0.0,0.0,25,0,0,0,0,0,0,0,0,0,0,0,0,0,0,0,7,3,0.0,0.0,0.0,0.0,0.0,0.0,0.0,0.0,0.0,0,0,0,0
746,Kieran,Morrison,Morrison,a,,,4.5,492,301.0,0.0,738,314.0,0.0,658.0,255.0,0,0,0.0,0,0.0,4,4,0.0,0.0,0.5,0.0,0.0,731.0,303.0,,,730.0,302.0,724.0,302.0,707.0,297.0,730.0,302.0,,,,,,,,0.0,0.0,0.0,0.0,0.0,0.0,0.0,0.0,0.0,25,0,0,0,0,0,0,0,0,0,0,0,0,0,0,0,9,16,0.0,0.0,0.0,0.0,0.0,0.0,0.0,0.0,0.0,0,0,0,0
760,Wellity,Lucky,Lucky,a,,,4.0,705,184.0,0.0,708,242.0,0.0,484.0,198.0,0,0,0.0,0,0.0,4,11,0.0,0.0,0.5,0.0,0.0,600.0,224.0,,,590.0,223.0,582.0,223.0,548.0,217.0,592.0,223.0,,,,,,,,0.0,0.0,0.0,0.0,0.0,0.0,0.0,0.0,0.0,25,0,0,0,0,0,0,0,0,0,0,0,0,0,0,0,14,13,0.0,0.0,0.0,0.0,0.0,0.0,0.0,0.0,0.0,0,0,0,0
82,Antoine,Semenyo,Semenyo,a,,,7.9,17,12.0,49.5,2,1.0,4.2,36.0,18.0,0,1,-1.0,9,-9.0,9832,3629,0.5,17.3,4.7,4.2,6.0,5.0,3.0,100.0,100.0,9.0,2.0,41.0,38.0,3.0,1.0,3.0,2.0,,,,,,,,0.33,0.09,0.42,1.5,0.0,0.26,1.83,1.0,7.52,25,0,0,0,0,0,0,0,0,0,0,0,0,0,0,0,70897,39289,0.0,0.0,0.0,0.0,0.0,0.0,0.0,0.0,0.0,0,0,0,0
182,James,Trafford,Trafford,a,,,4.5,428,23.0,0.9,194,24.0,0.0,609.0,90.0,0,0,0.0,-5,5.0,24,78,0.0,2.4,0.5,0.0,3.7,99.0,10.0,,,326.0,25.0,680.0,86.0,659.0,74.0,398.0,26.0,,,,,,,,0.0,0.0,0.0,1.32,3.67,0.33,1.33,1.0,0.0,25,0,0,0,0,0,0,0,0,0,0,0,0,0,0,0,51,215,0.0,0.0,0.0,0.0,0.0,0.0,0.0,0.0,0.0,0,0,0,0
260,Marc,Guéhi,Guéhi,a,,,5.2,209,28.0,36.6,5,2.0,2.2,136.0,54.0,0,0,0.0,7,-7.0,3706,6187,0.4,21.9,2.7,2.2,5.2,9.0,3.0,100.0,100.0,26.0,9.0,160.0,41.0,74.0,4.0,58.0,11.0,,,,,,,,0.12,0.08,0.2,1.33,0.0,0.36,1.14,1.0,8.14,25,0,0,0,0,0,0,0,0,0,0,0,0,0,0,0,18809,56213,0.0,0.0,0.0,0.0,0.0,0.0,0.0,0.0,0.0,0,0,0,0
399,Ederson,Santana de Moraes,Ederson M.,u,has joined Fenerbache permanently.,,5.3,186,5.0,0.8,202,25.0,0.0,765.0,94.0,0,0,0.0,-2,2.0,0,36,0.0,0.0,0.0,0.0,0.0,792.0,94.0,0.0,0.0,792.0,94.0,791.0,93.0,786.0,90.0,792.0,94.0,,,,,,,,0.0,0.0,0.0,0.0,0.0,0.0,0.0,0.0,0.0,25,0,0,0,0,0,0,0,0,0,0,0,0,0,0,0,0,80,0.0,0.0,0.0,0.0,0.0,0.0,0.0,0.0,0.0,0,0,0,0
402,Rayan,Aït-Nouri,Aït-Nouri,a,,,5.7,119,13.0,3.8,89,31.0,0.8,278.0,103.0,0,0,0.0,-3,3.0,227,171,0.1,2.6,1.3,0.8,2.1,319.0,119.0,100.0,100.0,388.0,149.0,337.0,117.0,382.0,137.0,396.0,143.0,,,,,,,,0.02,0.17,0.19,1.18,0.0,0.32,0.95,1.27,8.9,25,0,0,0,0,0,0,0,0,0,0,0,0,0,0,0,846,783,0.0,0.0,0.0,0.0,0.0,0.0,0.0,0.0,0.0,0,0,0,0
403,Joško,Gvardiol,Gvardiol,i,Leg injury - Unknown return date,,5.9,101,6.0,3.6,91,33.0,0.0,800.0,265.0,0,0,0.0,-1,1.0,11,1648,0.0,13.1,0.0,0.0,4.8,22.0,11.0,0.0,0.0,104.0,46.0,227.0,62.0,112.0,18.0,145.0,46.0,,,,,,,,0.15,0.04,0.19,1.06,0.0,0.42,0.9,1.04,6.85,25,0,0,0,0,0,0,0,0,0,0,0,0,0,0,0,29,6668,0.0,0.0,0.0,0.0,0.0,0.0,0.0,0.0,0.0,0,0,0,0
404,Manuel,Akanji,Akanji,u,has joined Inter Milan on loan for the rest of the season.,,5.4,169,19.0,0.3,332,121.0,0.0,775.0,262.0,0,0,0.0,-1,1.0,0,9,0.0,0.0,0.0,0.0,0.0,795.0,264.0,0.0,0.0,795.0,264.0,794.0,264.0,790.0,263.0,795.0,264.0,,,,,,,,0.0,0.0,0.0,0.0,0.0,0.0,0.0,0.0,0.0,25,0,0,0,0,0,0,0,0,0,0,0,0,0,0,0,0,24,0.0,0.0,0.0,0.0,0.0,0.0,0.0,0.0,0.0,0,0,0,0
405,Nathan,Aké,Aké,a,,,5.3,187,23.0,0.6,230,87.0,0.2,368.0,140.0,0,0,0.0,-2,2.0,64,101,0.0,4.7,0.7,0.2,2.1,316.0,118.0,,,335.0,128.0,260.0,79.0,349.0,115.0,352.0,122.0,,,,,,,,0.05,0.08,0.13,1.46,0.0,0.37,1.3,0.74,6.51,25,0,0,0,0,0,0,0,0,0,0,0,0,0,0,0,150,518,0.0,0.0,0.0,0.0,0.0,0.0,0.0,0.0,0.0,0,0,0,0
406,Abdukodir,Khusanov,Khusanov,a,,,5.4,185,22.0,0.4,283,108.0,2.2,138.0,55.0,0,0,0.0,-1,1.0,203,109,0.4,4.4,2.7,2.2,2.4,278.0,107.0,100.0,100.0,296.0,113.0,358.0,125.0,797.0,265.0,367.0,128.0,,,,,,,,0.0,0.01,0.01,1.34,0.0,0.28,0.97,0.97,8.6,25,0,0,0,0,0,0,0,0,0,0,0,0,0,0,0,581,769,0.0,0.0,0.0,0.0,0.0,0.0,0.0,0.0,0.0,0,0,0,0
407,Matheus,Nunes,Matheus N.,a,,,5.4,175,21.0,3.1,102,39.0,3.0,86.0,34.0,0,0,0.0,-1,1.0,872,1357,0.6,19.6,3.5,3.0,5.0,14.0,6.0,100.0,100.0,55.0,27.0,85.0,21.0,295.0,92.0,100.0,29.0,,,4.0,,,,,0.01,0.07,0.08,1.05,0.0,0.41,0.92,0.97,7.03,25,0,0,0,0,0,0,0,0,0,0,0,0,0,0,0,4408,13011,0.0,0.0,0.0,0.0,0.0,0.0,0.0,0.0,0.0,0,0,0,0
408,Rúben,dos Santos Gato Alves Dias,Rúben,a,,,5.5,140,16.0,3.3,98,36.0,0.0,785.0,264.0,0,0,0.0,0,0.0,355,533,0.0,17.3,0.5,0.0,4.8,20.0,9.0,100.0,100.0,54.0,26.0,243.0,70.0,233.0,63.0,150.0,47.0,,,,,,,,0.03,0.03,0.06,1.04,0.0,0.53,0.84,1.0,6.97,25,0,0,0,0,0,0,0,0,0,0,0,0,0,0,0,743,3219,0.0,0.0,0.0,0.0,0.0,0.0,0.0,0.0,0.0,0,0,0,0
409,John,Stones,Stones,d,Lack of match fitness - 25% chance of playing,,5.4,158,17.0,0.6,245,91.0,0.0,771.0,261.0,0,0,0.0,-1,1.0,1,48,0.0,2.2,0.1,0.0,1.7,373.0,137.0,25.0,25.0,356.0,134.0,383.0,138.0,440.0,164.0,400.0,144.0,,,,,,,,0.0,0.02,0.02,1.29,0.0,0.26,2.05,1.03,4.87,25,0,0,0,0,0,0,0,0,0,0,0,0,0,0,0,5,106,0.0,0.0,0.0,0.0,0.0,0.0,0.0,0.0,0.0,0,0,0,0
410,Rico,Lewis,Lewis,a,,,4.6,401,70.0,1.2,173,66.0,0.0,682.0,250.0,0,0,0.0,-4,4.0,56,140,0.0,4.1,0.5,0.0,1.9,342.0,129.0,100.0,100.0,372.0,143.0,234.0,66.0,312.0,99.0,350.0,120.0,,,,,,,,0.03,0.38,0.41,1.46,0.0,0.29,1.45,0.87,5.5,25,0,0,0,0,0,0,0,0,0,0,0,0,0,0,0,162,568,0.0,0.0,0.0,0.0,0.0,0.0,0.0,0.0,0.0,0,0,0,0
411,Nico,O'Reilly,O'Reilly,a,,,4.9,336,54.0,4.8,76,25.0,1.5,203.0,79.0,0,-1,1.0,-1,1.0,391,2965,0.3,17.3,2.0,1.5,3.7,101.0,35.0,100.0,100.0,96.0,43.0,79.0,19.0,102.0,13.0,74.0,17.0,,,,,,,,0.11,0.08,0.19,1.18,0.0,0.48,0.9,0.95,6.77,25,0,0,0,0,0,0,0,0,0,0,0,0,0,0,0,1974,42016,0.0,0.0,0.0,0.0,0.0,0.0,0.0,0.0,0.0,0,0,0,0
412,Vitor,de Oliveira Nunes dos Reis,Vitor Reis,u,Has joined Girona on loan for the rest of the season.,,5.0,283,42.0,0.0,768,261.0,0.0,753.0,258.0,0,0,0.0,0,0.0,0,0,0.0,0.0,0.0,0.0,0.0,789.0,263.0,0.0,0.0,789.0,263.0,787.0,263.0,781.0,262.0,789.0,263.0,,,,,,,,0.0,0.0,0.0,0.0,0.0,0.0,0.0,0.0,0.0,25,0,0,0,0,0,0,0,0,0,0,0,0,0,0,0,0,0,0.0,0.0,0.0,0.0,0.0,0.0,0.0,0.0,0.0,0,0,0,0
413,Omar,Marmoush,Marmoush,a,,,8.3,14,9.0,2.4,115,37.0,2.8,100.0,43.0,0,0,0.0,-2,2.0,880,246,0.3,3.3,3.3,2.8,2.2,304.0,134.0,100.0,100.0,353.0,157.0,305.0,172.0,188.0,107.0,322.0,155.0,,1.0,2.0,,,,,0.49,0.17,0.66,0.86,0.0,0.32,0.97,0.97,6.47,25,0,0,0,0,0,0,0,0,0,0,0,0,0,0,0,4722,1327,0.0,0.0,0.0,0.0,0.0,0.0,0.0,0.0,0.0,0,0,0,0
414,Phil,Foden,Foden,a,,,8.3,13,8.0,11.9,32,12.0,0.8,287.0,125.0,0,0,0.0,3,-3.0,293,12051,0.1,12.4,1.3,0.8,4.7,29.0,12.0,100.0,100.0,58.0,15.0,4.0,4.0,39.0,22.0,11.0,9.0,1.0,3.0,,,,,,0.27,0.19,0.46,1.09,0.0,0.49,0.77,1.04,6.52,25,0,0,0,0,0,0,0,0,0,0,0,0,0,0,0,1070,121916,0.0,0.0,0.0,0.0,0.0,0.0,0.0,0.0,0.0,0,0,0,0
415,Sávio,Moreira de Oliveira,Savinho,i,Thigh injury - Expected back 21 Feb,,6.9,44,26.0,0.4,273,93.0,0.0,810.0,363.0,0,0,0.0,-1,1.0,7,49,0.0,3.8,0.0,0.0,1.7,376.0,166.0,0.0,0.0,358.0,160.0,183.0,123.0,94.0,59.0,243.0,118.0,,,,,,,,0.22,0.2,0.42,1.08,0.0,0.34,0.85,0.85,7.46,25,0,0,0,0,0,0,0,0,0,0,0,0,0,0,0,10,115,0.0,0.0,0.0,0.0,0.0,0.0,0.0,0.0,0.0,0,0,0,0
416,Bernardo,Mota Veiga de Carvalho e Silva,Bernardo,d,Hamstring injury - 75% chance of playing,,6.2,73,47.0,0.5,259,87.0,3.2,75.0,30.0,0,0,0.0,-3,3.0,16,285,0.5,9.5,2.8,2.4,2.5,268.0,115.0,75.0,75.0,181.0,73.0,34.0,33.0,203.0,111.0,101.0,57.0,5.0,,,,,,,0.04,0.11,0.15,1.16,0.0,0.41,0.98,1.03,7.82,25,0,0,0,0,0,0,0,0,0,0,0,0,0,0,0,41,1219,0.0,0.0,0.0,0.0,0.0,0.0,0.0,0.0,0.0,0,0,0,0
417,Rayan,Cherki,Cherki,a,,,6.5,53,34.0,9.5,45,16.0,3.0,90.0,36.0,0,-1,1.0,0,0.0,3668,3187,0.5,13.5,3.5,3.0,4.6,35.0,16.0,100.0,100.0,92.0,30.0,11.0,11.0,48.0,29.0,25.0,21.0,2.0,4.0,,,,,,0.18,0.51,0.69,1.19,0.0,0.44,0.88,1.06,8.48,25,0,0,0,0,0,0,0,0,0,0,0,0,0,0,0,14290,47300,0.0,0.0,0.0,0.0,0.0,0.0,0.0,0.0,0.0,0,0,0,0
418,Jérémy,Doku,Doku,i,Calf injury - Expected back 11 Feb,,6.4,57,36.0,2.5,113,35.0,0.8,285.0,123.0,0,0,0.0,-1,1.0,5,1484,0.1,11.2,0.0,0.0,3.6,113.0,53.0,0.0,0.0,151.0,55.0,12.0,12.0,33.0,18.0,29.0,23.0,,,3.0,,,,,0.14,0.32,0.46,1.19,0.0,0.38,0.99,0.99,6.03,25,0,0,0,0,0,0,0,0,0,0,0,0,0,0,0,14,6311,0.0,0.0,0.0,0.0,0.0,0.0,0.0,0.0,0.0,0,0,0,0
420,İlkay,Gündoğan,Gündoğan,u,has joined Galatasaray permanently.,,6.3,63,41.0,0.1,552,202.0,0.0,802.0,359.0,0,0,0.0,-2,2.0,0,2,0.0,0.0,0.0,0.0,0.0,809.0,362.0,0.0,0.0,809.0,362.0,809.0,362.0,809.0,362.0,809.0,362.0,,,,,,,,0.0,0.0,0.0,0.0,0.0,0.0,0.0,0.0,0.0,25,0,0,0,0,0,0,0,0,0,0,0,0,0,0,0,0,4,0.0,0.0,0.0,0.0,0.0,0.0,0.0,0.0,0.0,0,0,0,0
421,Rodrigo 'Rodri',Hernandez Cascante,Rodrigo,a,,,6.3,67,44.0,0.4,265,90.0,2.2,141.0,55.0,0,0,0.0,-2,2.0,109,91,0.3,4.4,2.7,2.2,2.3,293.0,129.0,100.0,100.0,263.0,113.0,138.0,96.0,330.0,173.0,260.0,128.0,,,,,,,,0.02,0.14,0.16,1.3,0.0,0.25,1.0,1.0,13.57,25,0,0,0,0,0,0,0,0,0,0,0,0,0,0,0,352,389,0.0,0.0,0.0,0.0,0.0,0.0,0.0,0.0,0.0,0,0,0,0
422,Mateo,Kovačić,Kovačić,i,Ankle injury - Unknown return date,,5.8,104,66.0,0.0,677,280.0,0.0,792.0,352.0,0,0,0.0,-2,2.0,1,3,0.0,0.2,0.0,0.0,1.0,492.0,230.0,0.0,0.0,471.0,216.0,458.0,220.0,804.0,358.0,488.0,225.0,,,,,,,,0.0,0.0,0.0,0.0,0.0,0.0,0.0,0.0,0.0,25,0,0,0,0,0,0,0,0,0,0,0,0,0,0,0,2,3,0.0,0.0,0.0,0.0,0.0,0.0,0.0,0.0,0.0,0,0,0,0
423,Nico,González Iglesias,N.Gonzalez,a,,,5.9,98,63.0,0.1,466,159.0,0.0,797.0,356.0,0,0,0.0,-1,1.0,25,28,0.0,9.3,0.5,0.0,2.8,228.0,99.0,100.0,100.0,171.0,66.0,143.0,98.0,277.0,147.0,196.0,101.0,,,,,,,,0.04,0.07,0.11,1.08,0.0,0.47,0.93,1.0,11.92,25,0,0,0,0,0,0,0,0,0,0,0,0,0,0,0,81,97,0.0,0.0,0.0,0.0,0.0,0.0,0.0,0.0,0.0,0,0,0,0
425,Claudio,Echeverri,Echeverri,u,has joined Girona on loan for the rest of the season.,,5.4,184,114.0,0.0,730,309.0,0.0,782.0,346.0,0,0,0.0,-1,1.0,0,0,0.0,0.0,0.0,0.0,0.0,801.0,356.0,0.0,0.0,801.0,356.0,800.0,356.0,796.0,355.0,801.0,356.0,,,,,,,,0.0,0.0,0.0,0.0,0.0,0.0,0.0,0.0,0.0,25,0,0,0,0,0,0,0,0,0,0,0,0,0,0,0,0,0,0.0,0.0,0.0,0.0,0.0,0.0,0.0,0.0,0.0,0,0,0,0
427,Tijjani,Reijnders,Reijnders,a,,,5.1,233,143.0,10.7,35,13.0,1.2,228.0,94.0,0,0,0.0,-4,4.0,710,2277,0.2,16.3,1.7,1.2,3.6,110.0,52.0,,,129.0,44.0,64.0,50.0,32.0,17.0,51.0,35.0,3.0,,,,,,,0.25,0.13,0.38,1.05,0.0,0.44,1.01,1.08,5.25,25,0,0,0,0,0,0,0,0,0,0,0,0,0,0,0,4061,18049,0.0,0.0,0.0,0.0,0.0,0.0,0.0,0.0,0.0,0,0,0,0
428,Sverre,Nypan,Nypan,a,,,5.0,279,172.0,0.0,716,302.0,0.0,750.0,324.0,0,0,0.0,0,0.0,6,1,0.0,0.0,0.5,0.0,0.0,786.0,345.0,100.0,100.0,786.0,345.0,784.0,345.0,778.0,343.0,786.0,345.0,,,,,,,,0.0,0.0,0.0,0.0,0.0,0.0,0.0,0.0,0.0,25,0,0,0,0,0,0,0,0,0,0,0,0,0,0,0,17,3,0.0,0.0,0.0,0.0,0.0,0.0,0.0,0.0,0.0,0,0,0,0
429,Kalvin,Phillips,Phillips,u,has joined Sheffield United on loan for the rest of the season.,,4.7,381,238.0,0.1,547,200.0,0.0,683.0,274.0,0,0,0.0,-3,3.0,0,12,0.0,0.0,0.0,0.0,0.0,750.0,319.0,0.0,0.0,750.0,319.0,745.0,319.0,731.0,315.0,750.0,319.0,,,,,,,,0.0,0.0,0.0,0.0,0.0,0.0,0.0,0.0,0.0,25,0,0,0,0,0,0,0,0,0,0,0,0,0,0,0,0,40,0.0,0.0,0.0,0.0,0.0,0.0,0.0,0.0,0.0,0,0,0,0
430,Erling,Haaland,Haaland,a,,,14.9,1,1.0,69.5,1,1.0,2.0,170.0,21.0,0,0,0.0,9,-9.0,1302,8808,0.1,11.5,2.5,2.0,7.1,2.0,1.0,100.0,100.0,1.0,1.0,135.0,8.0,1.0,1.0,1.0,1.0,,,1.0,,,,,0.85,0.06,0.91,1.18,0.0,0.45,0.99,1.03,3.32,25,0,0,0,0,0,0,0,0,0,0,0,0,0,0,0,4785,121352,0.0,0.0,0.0,0.0,0.0,0.0,0.0,0.0,0.0,0,0,0,0
736,Gianluigi,Donnarumma,Donnarumma,a,,,5.6,128,3.0,8.9,47,7.0,3.0,88.0,11.0,0,0,0.0,1,-1.0,931,2649,0.5,14.5,3.5,3.0,3.9,81.0,8.0,,,74.0,15.0,805.0,94.0,803.0,93.0,250.0,15.0,,,,,,,,0.0,0.0,0.0,1.1,2.29,0.43,0.9,1.0,0.0,25,0,0,0,0,0,0,0,0,0,0,0,0,0,0,0,3164,20151,0.0,0.0,0.0,0.0,0.0,0.0,0.0,0.0,0.0,0,0,0,0
739,Divine,Mukasa,Mukasa,u,has joined Leicester City on loan for the rest of the season.,,4.4,565,339.0,0.0,666,273.0,0.2,349.0,153.0,0,0,0.0,-1,1.0,3,20,0.0,0.5,0.0,0.2,1.0,458.0,203.0,0.0,,463.0,210.0,365.0,189.0,415.0,203.0,442.0,200.0,,,,,,,,0.0,0.76,0.76,1.22,0.0,0.0,0.0,0.0,3.6,25,0,0,0,0,0,0,0,0,0,0,0,0,0,0,0,13,30,0.0,0.0,0.0,0.0,0.0,0.0,0.0,0.0,0.0,0,0,0,0
740,Stephen,Mfuni,Mfuni,u,has joined Watford on loan for the rest of the season.,,3.9,776,227.0,0.0,610,218.0,0.0,438.0,176.0,0,0,0.0,-1,1.0,5,29,0.0,0.0,0.0,0.0,0.0,557.0,204.0,0.0,,547.0,203.0,536.0,203.0,500.0,195.0,549.0,203.0,,,,,,,,0.0,0.0,0.0,0.0,0.0,0.0,0.0,0.0,0.0,25,0,0,0,0,0,0,0,0,0,0,0,0,0,0,0,25,49,0.0,0.0,0.0,0.0,0.0,0.0,0.0,0.0,0.0,0,0,0,0
742,Ryan,McAidoo,McAidoo,a,,,4.5,503,310.0,0.0,726,307.0,0.0,667.0,263.0,0,0,0.0,0,0.0,1,3,0.0,0.0,0.5,0.0,0.0,739.0,310.0,,,739.0,310.0,733.0,310.0,716.0,305.0,739.0,310.0,,,,,,,,0.0,0.0,0.0,0.0,0.0,0.0,0.0,0.0,0.0,25,0,0,0,0,0,0,0,0,0,0,0,0,0,0,0,9,9,0.0,0.0,0.0,0.0,0.0,0.0,0.0,0.0,0.0,0,0,0,0
763,Charlie,Gray,Gray,a,,,4.5,458,274.0,0.0,785,344.0,0.0,629.0,232.0,0,0,0.0,0,0.0,2,1,0.0,0.0,0.5,0.0,0.0,707.0,285.0,,,703.0,281.0,699.0,283.0,679.0,275.0,704.0,282.0,,,,,,,,0.0,0.0,0.0,0.0,0.0,0.0,0.0,0.0,0.0,25,0,0,0,0,0,0,0,0,0,0,0,0,0,0,0,8,7,0.0,0.0,0.0,0.0,0.0,0.0,0.0,0.0,0.0,0,0,0,0
764,Reigan,Heskey,Heskey,a,,,4.5,486,296.0,0.0,791,348.0,0.0,652.0,250.0,0,0,0.0,0,0.0,1,4,0.0,0.0,0.5,0.0,0.0,725.0,298.0,,,724.0,297.0,718.0,297.0,701.0,292.0,724.0,297.0,,,,,,,,0.0,0.0,0.0,0.0,0.0,0.0,0.0,0.0,0.0,25,0,0,0,0,0,0,0,0,0,0,0,0,0,0,0,9,6,0.0,0.0,0.0,0.0,0.0,0.0,0.0,0.0,0.0,0,0,0,0
794,Max,Alleyne,Alleyne,a,,,4.2,639,150.0,0.0,710,244.0,0.2,341.0,127.0,0,0,0.0,-3,3.0,9,19,0.0,1.2,0.7,0.2,2.5,257.0,100.0,,,411.0,154.0,389.0,142.0,345.0,113.0,415.0,150.0,,,,,,,,0.17,0.04,0.21,1.03,0.0,0.0,0.67,1.33,7.33,25,0,0,0,0,0,0,0,0,0,0,0,0,0,0,0,36,113,0.0,0.0,0.0,0.0,0.0,0.0,0.0,0.0,0.0,0,0,0,0
119,Bryan,Mbeumo,Mbeumo,a,,,8.5,11,6.0,20.7,19,7.0,7.2,2.0,1.0,8,0,0.0,5,-5.0,19308,2585,0.8,12.1,7.2,7.2,5.2,11.0,6.0,100.0,100.0,59.0,16.0,14.0,14.0,8.0,2.0,7.0,5.0,2.0,2.0,,,,,,0.36,0.19,0.55,1.28,0.0,0.21,1.47,1.05,4.63,25,8,78,1,0,1,0,0,0,0,0,0,0,1,0,31,117225,27230,0.0,0.1299999999999999,0.03000000000000025,0.16000000000000014,0.46999999999999886,0.0,0.0,0.0,0.0,1,1,3,5
431,Altay,Bayındır,Bayindir,a,,,4.7,388,17.0,0.3,309,40.0,0.0,685.0,91.0,0,0,0.0,-3,3.0,22,41,0.0,2.3,0.0,0.0,1.8,358.0,28.0,,,306.0,24.0,413.0,9.0,732.0,80.0,382.0,24.0,,,,,,,,0.0,0.01,0.01,1.54,2.17,0.0,1.83,1.0,0.0,25,0,0,0,0,0,0,0,0,0,0,0,0,0,0,0,112,161,0.0,0.0,0.0,0.0,0.0,0.0,0.0,0.0,0.0,0,0,0,0
432,André,Onana,Onana,u,has joined Trabzonspor on loan for the rest of the season.,,4.9,303,12.0,0.1,420,63.0,0.0,708.0,93.0,0,0,0.0,-1,1.0,0,7,0.0,0.0,0.0,0.0,0.0,760.0,93.0,0.0,0.0,760.0,93.0,756.0,90.0,747.0,84.0,760.0,93.0,,,,,,,,0.0,0.0,0.0,0.0,0.0,0.0,0.0,0.0,0.0,25,0,0,0,0,0,0,0,0,0,0,0,0,0,0,0,0,13,0.0,0.0,0.0,0.0,0.0,0.0,0.0,0.0,0.0,0,0,0,0
433,Elyh,Harrison,Harrison,u,On loan to Shrewsbury Town,,4.0,717,65.0,0.0,800,93.0,0.0,496.0,75.0,0,0,0.0,0,0.0,0,0,0.0,0.0,0.0,0.0,0.0,610.0,84.0,0.0,0.0,600.0,84.0,592.0,72.0,559.0,57.0,602.0,84.0,,,,,,,,0.0,0.0,0.0,0.0,0.0,0.0,0.0,0.0,0.0,25,0,0,0,0,0,0,0,0,0,0,0,0,0,0,0,0,0,0.0,0.0,0.0,0.0,0.0,0.0,0.0,0.0,0.0,0,0,0,0
434,Tom,Heaton,Heaton,a,,,3.9,735,66.0,0.3,336,46.0,0.0,405.0,25.0,0,0,0.0,-1,1.0,8,41,0.0,0.0,0.0,0.0,0.0,526.0,35.0,,,516.0,35.0,504.0,19.0,468.0,4.0,518.0,35.0,,,,,,,,0.0,0.0,0.0,0.0,0.0,0.0,0.0,0.0,0.0,25,0,0,0,0,0,0,0,0,0,0,0,0,0,0,0,37,162,0.0,0.0,0.0,0.0,0.0,0.0,0.0,0.0,0.0,0,0,0,0
435,Dermot,Mee,Mee,a,,,3.9,758,81.0,0.1,471,72.0,0.0,423.0,39.0,0,0,0.0,-1,1.0,3,8,0.0,0.0,0.0,0.0,0.0,542.0,49.0,,,532.0,49.0,521.0,34.0,485.0,19.0,534.0,49.0,,,,,,,,0.0,0.0,0.0,0.0,0.0,0.0,0.0,0.0,0.0,25,0,0,0,0,0,0,0,0,0,0,0,0,0,0,0,27,45,0.0,0.0,0.0,0.0,0.0,0.0,0.0,0.0,0.0,0,0,0,0
436,Matthijs,de Ligt,De Ligt,i,Back injury - Expected back 23 Feb,,4.9,308,48.0,1.9,135,54.0,0.0,710.0,254.0,0,0,0.0,-1,1.0,8,290,0.0,8.8,0.0,0.0,3.3,143.0,54.0,0.0,0.0,169.0,71.0,300.0,101.0,191.0,42.0,230.0,77.0,,,,,,,,0.11,0.06,0.17,1.44,0.0,0.08,1.54,1.0,8.23,25,0,0,0,0,0,0,0,0,0,0,0,0,0,0,0,16,834,0.0,0.0,0.0,0.0,0.0,0.0,0.0,0.0,0.0,0,0,0,0
437,Lisandro,Martínez,Martinez,a,,,4.8,363,62.0,0.8,206,79.0,3.5,56.0,24.0,6,0,0.0,-2,2.0,958,350,0.7,7.5,3.5,3.5,2.8,220.0,84.0,100.0,100.0,256.0,105.0,291.0,97.0,389.0,141.0,328.0,112.0,,,,,,,,0.01,0.05,0.06,0.92,0.0,0.34,1.12,0.9,7.74,25,6,78,0,0,1,0,0,0,0,0,0,0,1,0,30,4328,2224,0.0,0.0,0.050000000000000044,0.050000000000000044,0.47000000000000064,0.0,0.0,0.0,0.0,2,5,6,7
438,Noussair,Mazraoui,Mazraoui,a,,,4.9,317,51.0,0.2,370,134.0,0.5,308.0,115.0,0,0,0.0,-1,1.0,122,79,0.1,3.9,0.5,0.5,1.7,369.0,135.0,100.0,100.0,313.0,120.0,315.0,105.0,377.0,133.0,361.0,126.0,,,,,,,,0.0,0.05,0.05,0.8,0.0,0.2,1.21,1.21,9.51,25,0,0,0,0,0,0,0,0,0,0,0,0,0,0,0,369,246,0.0,0.0,0.0,0.0,0.0,0.0,0.0,0.0,0.0,0,0,0,0
439,Diego,León Blanco,D.Leon,a,,,4.2,652,158.0,0.1,565,202.0,0.0,529.0,229.0,0,0,0.0,-3,3.0,5,7,0.0,0.0,0.0,0.0,0.0,631.0,246.0,,,623.0,247.0,617.0,246.0,588.0,244.0,625.0,247.0,,,,,,,,0.0,0.0,0.0,0.0,0.0,0.0,0.0,0.0,0.0,25,0,0,0,0,0,0,0,0,0,0,0,0,0,0,0,13,17,0.0,0.0,0.0,0.0,0.0,0.0,0.0,0.0,0.0,0,0,0,0
440,Diogo,Dalot Teixeira,Dalot,a,,,4.5,419,79.0,3.6,92,34.0,3.5,53.0,21.0,6,0,0.0,0,0.0,1059,876,0.8,17.6,3.5,3.5,3.4,127.0,46.0,100.0,100.0,111.0,49.0,67.0,15.0,198.0,47.0,105.0,32.0,,,,,,,,0.07,0.1,0.17,1.28,0.0,0.26,1.49,1.03,6.08,25,6,78,0,0,1,0,0,0,0,0,0,0,1,0,29,10274,10900,0.0,0.050000000000000044,0.030000000000000027,0.08000000000000007,0.46999999999999886,0.0,0.0,0.0,0.0,2,2,2,4
441,Patrick,Dorgu,Dorgu,i,Hamstring injury - Unknown return date,,4.3,617,141.0,6.1,61,20.0,5.8,7.0,2.0,0,-1,1.0,-2,2.0,244,11189,1.3,17.2,0.0,0.0,3.4,126.0,45.0,0.0,0.0,84.0,35.0,45.0,5.0,72.0,3.0,49.0,7.0,,,,,,,,0.13,0.1,0.23,1.27,0.0,0.2,1.35,0.95,6.43,25,0,0,0,0,0,0,0,0,0,0,0,0,0,0,0,874,72929,0.0,0.0,0.0,0.0,0.0,0.0,0.0,0.0,0.0,0,0,0,0
442,Harry,Maguire,Maguire,a,,,4.3,572,121.0,1.4,160,61.0,4.2,27.0,10.0,6,0,0.0,-2,2.0,1385,227,1.0,11.6,4.2,4.2,4.2,51.0,19.0,100.0,100.0,283.0,110.0,386.0,140.0,242.0,67.0,330.0,113.0,,,,,,,,0.09,0.0,0.09,1.4,0.0,0.52,1.04,1.04,7.45,25,6,78,0,0,1,0,0,0,0,0,0,0,1,0,26,11980,2465,0.0,0.0,0.009999999999999998,0.010000000000000009,0.47000000000000064,0.0,0.0,0.0,0.0,0,6,1,6
443,Luke,Shaw,Shaw,a,,,4.5,410,74.0,0.7,215,80.0,3.2,67.0,29.0,6,0,0.0,0,0.0,364,162,0.7,13.3,3.2,3.2,2.4,271.0,106.0,,,106.0,48.0,113.0,29.0,318.0,101.0,159.0,52.0,,,,,,,,0.01,0.05,0.06,1.2,0.0,0.21,1.37,1.04,5.61,25,6,78,0,0,1,0,0,0,0,0,0,0,1,0,24,2625,1562,0.0,0.21999999999999997,0.040000000000000036,0.25,0.46999999999999886,0.0,0.0,0.0,0.0,2,0,4,2
444,Leny,Yoro,Yoro,a,,,4.2,647,156.0,1.2,172,65.0,0.2,343.0,129.0,0,0,0.0,-3,3.0,78,267,0.0,8.6,0.2,0.2,1.6,378.0,139.0,,,239.0,97.0,295.0,98.0,261.0,75.0,285.0,95.0,,,,,,,,0.05,0.02,0.07,1.37,0.0,0.08,1.9,0.95,7.54,25,0,0,0,0,0,0,0,0,0,0,0,0,0,0,0,276,1025,0.0,0.0,0.0,0.0,0.0,0.0,0.0,0.0,0.0,0,0,0,0
445,Harry,Amass,Amass,u,has joined Norwich City on loan for the rest of the season.,,4.0,715,193.0,0.1,533,192.0,0.0,494.0,207.0,0,0,0.0,0,0.0,0,1,0.0,0.0,0.0,0.0,0.0,608.0,231.0,0.0,0.0,598.0,230.0,590.0,230.0,557.0,225.0,600.0,230.0,,,,,,,,0.0,0.0,0.0,0.0,0.0,0.0,0.0,0.0,0.0,25,0,0,0,0,0,0,0,0,0,0,0,0,0,0,0,0,7,0.0,0.0,0.0,0.0,0.0,0.0,0.0,0.0,0.0,0,0,0,0
446,Tyler,Fredricson,Fredricson,a,,,3.8,804,253.0,0.1,428,159.0,0.0,398.0,162.0,0,0,0.0,-2,2.0,4,16,0.0,0.3,0.0,0.0,1.0,438.0,159.0,,,464.0,168.0,497.0,191.0,460.0,182.0,478.0,169.0,,,,,,,,0.0,0.0,0.0,13.5,0.0,0.0,0.0,0.0,90.0,25,0,0,0,0,0,0,0,0,0,0,0,0,0,0,0,17,72,0.0,0.0,0.0,0.0,0.0,0.0,0.0,0.0,0.0,0,0,0,0
447,Ayden,Heaven,Heaven,a,,,3.8,812,260.0,2.1,126,49.0,0.2,335.0,122.0,0,0,0.0,-2,2.0,155,907,0.1,6.8,0.2,0.2,2.4,269.0,105.0,100.0,100.0,255.0,104.0,366.0,130.0,344.0,112.0,336.0,114.0,,,,,,,,0.05,0.02,0.07,1.12,0.0,0.14,1.7,1.13,10.05,25,0,0,0,0,0,0,0,0,0,0,0,0,0,0,0,801,7704,0.0,0.0,0.0,0.0,0.0,0.0,0.0,0.0,0.0,0,0,0,0
448,Tyrell,Malacia,Malacia,a,,,3.8,787,236.0,0.4,276,103.0,0.0,385.0,149.0,0,0,0.0,-2,2.0,17,67,0.0,0.3,0.0,0.0,1.0,436.0,157.0,,,468.0,169.0,485.0,179.0,448.0,170.0,483.0,171.0,,,,,,,,0.0,0.0,0.0,13.5,0.0,0.0,0.0,0.0,90.0,25,0,0,0,0,0,0,0,0,0,0,0,0,0,0,0,83,336,0.0,0.0,0.0,0.0,0.0,0.0,0.0,0.0,0.0,0,0,0,0
449,Bruno,Borges Fernandes,B.Fernandes,a,,,9.7,6,4.0,33.9,7,2.0,7.0,3.0,2.0,3,0,0.0,7,-7.0,20909,1141,0.7,13.8,7.0,7.0,6.1,3.0,1.0,100.0,100.0,4.0,1.0,1.0,1.0,42.0,25.0,2.0,1.0,1.0,1.0,1.0,,,,,0.37,0.3,0.67,1.28,0.0,0.14,1.53,1.05,9.8,25,3,78,0,0,1,0,0,0,0,0,0,0,1,0,13,258174,4661,0.0,0.3699999999999992,0.33999999999999986,0.7100000000000009,0.46999999999999886,0.0,0.0,0.0,0.0,0,0,1,1
450,Matheus,Santos Carneiro da Cunha,Cunha,a,,,8.1,15,10.0,9.1,46,17.0,6.2,6.0,4.0,3,1,-1.0,1,-1.0,6856,1460,0.8,11.2,6.2,6.2,4.1,63.0,27.0,100.0,100.0,69.0,21.0,54.0,44.0,20.0,9.0,26.0,22.0,,,,,,,,0.3,0.13,0.43,1.24,0.0,0.29,1.27,1.04,7.33,25,3,74,0,0,1,0,0,0,0,0,0,0,1,0,10,57840,13858,0.0,0.03000000000000025,0.06000000000000005,0.08999999999999986,0.46999999999999886,0.0,0.0,0.0,0.0,2,0,1,3
451,Marcus,Rashford,Rashford,u,Has joined Barcelona on loan for the rest of the season,,7.0,38,22.0,0.0,690,288.0,0.0,811.0,364.0,0,0,0.0,0,0.0,0,0,0.0,0.0,0.0,0.0,0.0,815.0,365.0,0.0,0.0,815.0,365.0,815.0,365.0,815.0,365.0,815.0,365.0,,,,,,,,0.0,0.0,0.0,0.0,0.0,0.0,0.0,0.0,0.0,25,0,0,0,0,0,0,0,0,0,0,0,0,0,0,0,0,0,0.0,0.0,0.0,0.0,0.0,0.0,0.0,0.0,0.0,0,0,0,0
452,Amad,Diallo,Amad,a,,,6.2,78,51.0,1.7,142,47.0,2.2,140.0,54.0,2,0,0.0,-3,3.0,1573,709,0.4,10.5,2.2,2.2,3.4,134.0,62.0,100.0,100.0,135.0,46.0,32.0,31.0,40.0,23.0,39.0,29.0,,,,,,,,0.23,0.18,0.41,1.13,0.0,0.23,1.28,1.05,7.79,25,2,78,0,0,1,0,0,0,0,1,0,0,1,0,10,11423,5000,0.0,0.020000000000000018,0.10000000000000009,0.1200000000000001,0.46999999999999886,0.0,0.0,0.0,0.0,1,0,2,3
454,Antony,dos Santos,Antony,u,has joined Real Betis permanently.,,5.9,99,64.0,0.1,561,207.0,0.0,798.0,357.0,0,0,0.0,-1,1.0,0,3,0.0,0.0,0.0,0.0,0.0,808.0,361.0,0.0,0.0,808.0,361.0,808.0,361.0,808.0,361.0,808.0,361.0,,,,,,,,0.0,0.0,0.0,0.0,0.0,0.0,0.0,0.0,0.0,25,0,0,0,0,0,0,0,0,0,0,0,0,0,0,0,0,6,0.0,0.0,0.0,0.0,0.0,0.0,0.0,0.0,0.0,0,0,0,0
455,Mason,Mount,Mount,d,Knock - 25% chance of playing,,5.9,95,60.0,0.3,300,102.0,0.2,375.0,166.0,0,0,0.0,-1,1.0,5,329,0.0,7.8,0.1,0.1,2.7,242.0,106.0,25.0,25.0,271.0,118.0,133.0,94.0,142.0,82.0,203.0,104.0,3.0,,,,,,,0.17,0.16,0.33,1.14,0.0,0.33,1.55,1.11,6.87,25,0,0,0,0,0,0,0,0,0,0,0,0,0,0,0,12,1475,0.0,0.0,0.0,0.0,0.0,0.0,0.0,0.0,0.0,0,0,0,0
457,Carlos Henrique,Casimiro,Casemiro,a,,,5.6,123,76.0,1.9,137,44.0,5.2,15.0,11.0,3,0,0.0,1,-1.0,3945,493,0.9,19.3,5.2,5.2,4.7,26.0,10.0,100.0,100.0,48.0,12.0,69.0,52.0,51.0,31.0,36.0,27.0,,,,,,,,0.23,0.13,0.36,0.98,0.0,0.39,1.05,1.22,11.73,25,3,78,0,0,1,0,0,0,0,0,0,0,1,0,15,26364,3091,0.0,0.27,0.42000000000000015,0.6899999999999995,0.4700000000000024,0.0,0.0,0.0,0.0,1,3,3,7
458,Kobbie,Mainoo,Mainoo,a,,,4.6,402,248.0,0.7,208,70.0,4.5,21.0,13.0,6,0,0.0,-4,4.0,1719,175,1.0,6.5,4.5,4.5,1.9,343.0,153.0,100.0,100.0,308.0,137.0,188.0,126.0,332.0,174.0,308.0,148.0,,,,,,,,0.03,0.07,0.1,1.3,0.0,0.31,1.72,0.62,9.38,25,6,78,0,1,1,0,0,0,0,0,0,0,1,0,26,8456,1380,0.0,0.0,0.12,0.12,0.47000000000000064,0.0,0.0,0.0,0.0,2,1,2,5
459,Manuel,Ugarte Ribeiro,Ugarte,a,,,4.7,386,241.0,0.2,405,136.0,0.5,302.0,130.0,0,0,0.0,-3,3.0,50,60,0.1,6.4,0.5,0.5,1.8,357.0,160.0,,,302.0,136.0,294.0,167.0,333.0,175.0,343.0,165.0,,,,,,,,0.04,0.02,0.06,1.76,0.0,0.12,2.42,0.85,14.5,25,0,0,0,0,0,0,0,0,0,0,0,0,0,0,0,159,310,0.0,0.0,0.0,0.0,0.0,0.0,0.0,0.0,0.0,0,0,0,0
460,Toby,Collyer,Collyer,u,has joined Hull City on loan for the rest of the season.,,4.5,446,266.0,0.0,652,265.0,0.0,620.0,224.0,0,0,0.0,0,0.0,0,8,0.0,0.0,0.0,0.0,0.0,700.0,278.0,0.0,0.0,695.0,273.0,692.0,276.0,672.0,268.0,697.0,275.0,,,,,,,,0.0,0.0,0.0,0.0,0.0,0.0,0.0,0.0,0.0,25,0,0,0,0,0,0,0,0,0,0,0,0,0,0,0,0,23,0.0,0.0,0.0,0.0,0.0,0.0,0.0,0.0,0.0,0,0,0,0
461,Jayce,Fitzgerald,Fitzgerald,a,,,4.3,611,357.0,0.0,611,235.0,0.0,550.0,182.0,0,0,0.0,-2,2.0,14,8,0.0,0.0,0.0,0.0,0.0,645.0,243.0,,,636.0,234.0,632.0,239.0,605.0,227.0,638.0,236.0,,,,,,,,0.0,0.0,0.0,0.0,0.0,0.0,0.0,0.0,0.0,25,0,0,0,0,0,0,0,0,0,0,0,0,0,0,0,34,27,0.0,0.0,0.0,0.0,0.0,0.0,0.0,0.0,0.0,0,0,0,0
462,Jack,Fletcher,J.Fletcher,a,,,4.3,608,354.0,0.1,506,179.0,0.0,547.0,179.0,0,0,0.0,-2,2.0,34,25,0.0,0.7,0.0,0.0,1.0,451.0,197.0,,,436.0,194.0,371.0,191.0,412.0,201.0,436.0,196.0,,,,,,,,0.03,0.02,0.05,1.56,0.0,0.0,0.0,0.0,9.25,25,0,0,0,0,0,0,0,0,0,0,0,0,0,0,0,146,161,0.0,0.0,0.0,0.0,0.0,0.0,0.0,0.0,0.0,0,0,0,0
463,Sékou,Koné,Kone,u,has joined Lausanne-Sport on loan for the rest of the season.,,4.3,621,364.0,0.1,490,172.0,0.0,558.0,188.0,0,0,0.0,-2,2.0,5,43,0.0,0.0,0.0,0.0,0.0,651.0,248.0,0.0,,642.0,239.0,638.0,244.0,612.0,233.0,644.0,241.0,,,,,,,,0.0,0.0,0.0,0.0,0.0,0.0,0.0,0.0,0.0,25,0,0,0,0,0,0,0,0,0,0,0,0,0,0,0,57,109,0.0,0.0,0.0,0.0,0.0,0.0,0.0,0.0,0.0,0,0,0,0
464,Jack,Moorhouse,Moorhouse,u,has joined Leyton Orient on loan for the rest of the season.,,4.5,473,287.0,0.0,681,282.0,0.0,640.0,242.0,0,0,0.0,0,0.0,0,0,0.0,0.0,0.0,0.0,0.0,716.0,293.0,0.0,0.0,714.0,291.0,709.0,292.0,690.0,285.0,715.0,292.0,,,,,,,,0.0,0.0,0.0,0.0,0.0,0.0,0.0,0.0,0.0,25,0,0,0,0,0,0,0,0,0,0,0,0,0,0,0,0,0,0.0,0.0,0.0,0.0,0.0,0.0,0.0,0.0,0.0,0,0,0,0
465,Rasmus,Højlund,Højlund,u,has joined Napoli on loan for the rest of the season.,,6.3,70,22.0,0.3,334,56.0,0.0,804.0,86.0,0,0,0.0,-2,2.0,0,6,0.0,0.0,0.0,0.0,0.0,810.0,89.0,0.0,0.0,810.0,89.0,810.0,89.0,810.0,89.0,810.0,89.0,,,,,,,,0.0,0.0,0.0,0.0,0.0,0.0,0.0,0.0,0.0,25,0,0,0,0,0,0,0,0,0,0,0,0,0,0,0,0,12,0.0,0.0,0.0,0.0,0.0,0.0,0.0,0.0,0.0,0,0,0,0
466,Joshua,Zirkzee,Zirkzee,a,,,5.8,109,31.0,0.4,268,43.0,0.0,794.0,83.0,0,0,0.0,-2,2.0,73,104,0.0,5.7,0.0,0.0,2.4,280.0,30.0,100.0,100.0,285.0,27.0,193.0,17.0,132.0,32.0,240.0,29.0,,,,,,,,0.33,0.05,0.38,1.2,0.0,0.19,1.31,0.75,6.36,25,0,0,0,0,0,0,0,0,0,0,0,0,0,0,0,238,516,0.0,0.0,0.0,0.0,0.0,0.0,0.0,0.0,0.0,0,0,0,0
467,Chido,Obi,Obi,a,,,4.2,649,90.0,1.6,145,23.0,0.0,526.0,49.0,0,0,0.0,-3,3.0,220,394,0.0,0.0,0.0,0.0,0.0,629.0,63.0,,,621.0,63.0,615.0,62.0,586.0,62.0,623.0,63.0,,,,,,,,0.0,0.0,0.0,0.0,0.0,0.0,0.0,0.0,0.0,25,0,0,0,0,0,0,0,0,0,0,0,0,0,0,0,972,2396,0.0,0.0,0.0,0.0,0.0,0.0,0.0,0.0,0.0,0,0,0,0
468,Ethan,Wheatley,Wheatley,u,has joined Bradford City on loan for the rest of the season.,,4.5,480,68.0,0.1,492,70.0,0.0,647.0,63.0,0,0,0.0,0,0.0,0,31,0.0,0.0,0.0,0.0,0.0,722.0,76.0,0.0,0.0,720.0,76.0,715.0,75.0,697.0,75.0,721.0,76.0,,,,,,,,0.0,0.0,0.0,0.0,0.0,0.0,0.0,0.0,0.0,25,0,0,0,0,0,0,0,0,0,0,0,0,0,0,0,0,59,0.0,0.0,0.0,0.0,0.0,0.0,0.0,0.0,0.0,0,0,0,0
681,Benjamin,Sesko,Šeško,a,,,7.2,32,13.0,3.4,96,17.0,2.0,167.0,20.0,1,0,0.0,-3,3.0,1348,814,0.3,8.8,2.0,2.0,3.1,187.0,19.0,100.0,100.0,186.0,14.0,197.0,18.0,19.0,11.0,71.0,13.0,,,,,,,,0.47,0.02,0.49,1.42,0.0,0.08,1.94,0.93,3.88,25,1,3,0,0,0,0,0,0,0,0,0,0,0,0,3,8476,3634,0.0,0.0,0.0,0.0,0.0,0.0,0.0,0.0,0.0,0,0,0,0
733,Senne,Lammens,Lammens,a,,,5.0,262,9.0,1.9,133,18.0,4.0,40.0,3.0,6,0,0.0,0,0.0,955,605,0.8,11.4,4.0,4.0,3.0,195.0,18.0,,,108.0,16.0,776.0,91.0,439.0,1.0,277.0,17.0,,,,,,,,0.0,0.0,0.0,1.15,2.23,0.21,1.33,1.01,0.0,25,6,78,0,0,1,0,0,0,0,0,0,1,1,0,23,5726,4162,0.0,0.0,0.0,0.0,0.46999999999999886,0.0,0.0,0.0,0.0,0,1,6,0
755,Shea,Lacey,Lacey,a,,,4.5,483,294.0,0.0,705,296.0,0.0,650.0,249.0,0,0,0.0,0,0.0,17,24,0.0,0.4,0.0,0.0,1.0,468.0,211.0,100.0,100.0,465.0,211.0,448.0,216.0,384.0,192.0,463.0,211.0,,,,,,,,0.52,0.0,0.52,0.82,0.0,0.0,0.0,0.0,7.5,25,0,0,0,0,0,0,0,0,0,0,0,0,0,0,0,59,68,0.0,0.0,0.0,0.0,0.0,0.0,0.0,0.0,0.0,0,0,0,0
769,Bendito,Mantato,Bendito Mantato,a,,,4.5,482,293.0,0.0,781,340.0,0.0,649.0,248.0,0,0,0.0,0,0.0,4,5,0.0,0.2,0.0,0.0,1.0,467.0,210.0,,,474.0,218.0,400.0,198.0,699.0,291.0,466.0,213.0,,,,,,,,0.0,0.06,0.06,0.3,0.0,0.0,0.0,0.0,0.0,25,0,0,0,0,0,0,0,0,0,0,0,0,0,0,0,23,11,0.0,0.0,0.0,0.0,0.0,0.0,0.0,0.0,0.0,0,0,0,0
771,Tyler,Fletcher,Fletcher,a,,,4.4,550,330.0,0.0,756,324.0,0.0,578.0,199.0,0,0,0.0,-1,1.0,6,3,0.0,0.0,0.0,0.0,0.0,666.0,257.0,,,658.0,249.0,654.0,254.0,629.0,243.0,660.0,251.0,,,,,,,,0.0,0.0,0.0,0.0,0.0,0.0,0.0,0.0,0.0,25,0,0,0,0,0,0,0,0,0,0,0,0,0,0,0,39,17,0.0,0.0,0.0,0.0,0.0,0.0,0.0,0.0,0.0,0,0,0,0
788,Godwill,Kukonki,Kukonki,a,,,4.0,714,192.0,0.0,758,258.0,0.0,493.0,206.0,0,0,0.0,0,0.0,7,4,0.0,0.0,0.0,0.0,0.0,607.0,230.0,,,597.0,229.0,589.0,229.0,556.0,224.0,599.0,229.0,,,,,,,,0.0,0.0,0.0,0.0,0.0,0.0,0.0,0.0,0.0,25,0,0,0,0,0,0,0,0,0,0,0,0,0,0,0,13,11,0.0,0.0,0.0,0.0,0.0,0.0,0.0,0.0,0.0,0,0,0,0
52,Jacob,Ramsey,J.Ramsey,a,,,5.3,194,121.0,0.2,366,122.0,0.5,317.0,142.0,0,0,0.0,-2,2.0,37,22,0.1,3.0,0.5,0.5,1.1,434.0,195.0,100.0,100.0,368.0,163.0,176.0,118.0,269.0,145.0,310.0,150.0,,,,,,,,0.06,0.09,0.15,1.69,0.0,0.0,2.26,0.71,9.89,25,0,0,0,0,0,0,0,0,0,0,0,0,0,0,0,146,109,0.0,0.0,0.0,0.0,0.0,0.0,0.0,0.0,0.0,0,0,0,0
135,Yoane,Wissa,Wissa,a,,,7.3,24,9.0,0.8,205,33.0,1.0,255.0,35.0,0,0,0.0,-2,2.0,238,533,0.1,2.2,1.0,1.0,1.6,391.0,48.0,100.0,100.0,398.0,43.0,357.0,45.0,187.0,41.0,356.0,43.0,,,,,,,,0.41,0.11,0.52,1.2,0.0,0.26,1.32,0.79,4.21,25,0,0,0,0,0,0,0,0,0,0,0,0,0,0,0,1879,4518,0.0,0.0,0.0,0.0,0.0,0.0,0.0,0.0,0.0,0,0,0,0
469,Nick,Pope,Pope,a,,,5.1,225,6.0,4.9,74,13.0,2.5,109.0,13.0,0,0,0.0,1,-1.0,221,1009,0.5,14.7,2.5,2.5,4.2,55.0,3.0,100.0,100.0,68.0,13.0,790.0,92.0,784.0,89.0,244.0,14.0,,,,,,,,0.0,0.0,0.0,1.11,3.14,0.39,1.29,1.01,0.0,25,0,0,0,0,0,0,0,0,0,0,0,0,0,0,0,2393,5588,0.0,0.0,0.0,0.0,0.0,0.0,0.0,0.0,0.0,0,0,0,0
471,Mark,Gillespie,Gillespie,a,,,3.9,740,71.0,0.1,433,65.0,0.0,409.0,29.0,0,0,0.0,-1,1.0,1,5,0.0,0.0,0.0,0.0,0.0,530.0,39.0,,,520.0,39.0,509.0,24.0,473.0,9.0,522.0,39.0,,,,,,,,0.0,0.0,0.0,0.0,0.0,0.0,0.0,0.0,0.0,25,0,0,0,0,0,0,0,0,0,0,0,0,0,0,0,20,35,0.0,0.0,0.0,0.0,0.0,0.0,0.0,0.0,0.0,0,0,0,0
472,Odysseas,Vlachodimos,Odysseas,u,Has joined Sevilla on loan for the rest of the season.,,4.0,664,44.0,0.0,703,82.0,0.0,448.0,54.0,0,0,0.0,0,0.0,0,1,0.0,0.0,0.0,0.0,0.0,566.0,64.0,0.0,0.0,556.0,64.0,547.0,51.0,512.0,36.0,558.0,64.0,,,,,,,,0.0,0.0,0.0,0.0,0.0,0.0,0.0,0.0,0.0,25,0,0,0,0,0,0,0,0,0,0,0,0,0,0,0,0,3,0.0,0.0,0.0,0.0,0.0,0.0,0.0,0.0,0.0,0,0,0,0
473,Lewis,Hall,Hall,a,,,5.3,201,25.0,3.0,105,42.0,3.2,72.0,31.0,0,0,0.0,-2,2.0,1067,1464,0.6,10.4,3.2,3.2,3.2,159.0,62.0,100.0,100.0,125.0,54.0,104.0,25.0,228.0,60.0,141.0,45.0,4.0,,,,,,,0.04,0.13,0.17,1.32,0.0,0.22,1.56,0.97,8.05,25,0,0,0,0,0,0,0,0,0,0,0,0,0,0,0,8875,9787,0.0,0.0,0.0,0.0,0.0,0.0,0.0,0.0,0.0,0,0,0,0
474,Fabian,Schär,Schär,i,Ankle injury - Expected back 18 Apr,,5.2,207,27.0,1.3,168,64.0,0.0,762.0,259.0,0,0,0.0,-3,3.0,8,528,0.0,9.8,0.0,0.0,3.2,157.0,61.0,0.0,0.0,159.0,67.0,288.0,94.0,213.0,56.0,228.0,76.0,,3.0,4.0,,,,,0.08,0.05,0.13,1.14,0.0,0.33,1.07,0.91,9.5,25,0,0,0,0,0,0,0,0,0,0,0,0,0,0,0,28,2418,0.0,0.0,0.0,0.0,0.0,0.0,0.0,0.0,0.0,0,0,0,0
475,Sven,Botman,Botman,a,,,4.9,314,49.0,0.4,285,109.0,2.0,153.0,62.0,0,0,0.0,-1,1.0,64,55,0.4,9.0,2.0,2.0,3.4,131.0,47.0,100.0,100.0,192.0,77.0,325.0,108.0,262.0,76.0,267.0,90.0,,,,,,,,0.03,0.03,0.06,1.12,0.0,0.41,1.33,1.02,8.9,25,0,0,0,0,0,0,0,0,0,0,0,0,0,0,0,353,286,0.0,0.0,0.0,0.0,0.0,0.0,0.0,0.0,0.0,0,0,0,0
476,Dan,Burn,Burn,a,,,5.0,243,37.0,3.3,99,37.0,0.2,361.0,138.0,0,0,0.0,0,0.0,497,275,0.0,13.6,0.2,0.2,4.2,54.0,22.0,100.0,100.0,158.0,66.0,278.0,91.0,272.0,80.0,242.0,83.0,,,,,,,,0.01,0.02,0.03,0.98,0.0,0.4,1.41,1.07,9.03,25,0,0,0,0,0,0,0,0,0,0,0,0,0,0,0,2918,1422,0.0,0.0,0.0,0.0,0.0,0.0,0.0,0.0,0.0,0,0,0,0
477,Tino,Livramento,Livramento,i,Hamstring injury - Expected back 14 Mar,,4.9,329,53.0,1.9,132,52.0,0.0,719.0,255.0,0,0,0.0,-1,1.0,4,313,0.0,10.0,0.0,0.0,3.8,89.0,31.0,0.0,0.0,248.0,102.0,147.0,37.0,326.0,104.0,256.0,87.0,,,,,,,,0.01,0.05,0.06,0.94,0.0,0.43,0.86,0.94,4.98,25,0,0,0,0,0,0,0,0,0,0,0,0,0,0,0,9,1611,0.0,0.0,0.0,0.0,0.0,0.0,0.0,0.0,0.0,0,0,0,0
478,Kieran,Trippier,Trippier,a,,,4.9,287,43.0,1.3,164,63.0,2.0,151.0,61.0,0,0,0.0,-1,1.0,187,91,0.4,7.8,2.0,2.0,3.2,153.0,59.0,100.0,100.0,262.0,106.0,55.0,10.0,413.0,155.0,208.0,68.0,2.0,2.0,,,,,,0.0,0.15,0.15,1.03,0.0,0.47,1.4,1.03,4.3,25,0,0,0,0,0,0,0,0,0,0,0,0,0,0,0,1201,412,0.0,0.0,0.0,0.0,0.0,0.0,0.0,0.0,0.0,0,0,0,0
479,Emil,Krafth,Krafth,i,Knee injury - Unknown return date,,4.3,575,124.0,0.0,620,221.0,0.0,531.0,231.0,0,0,0.0,-2,2.0,2,2,0.0,0.0,0.0,0.0,0.0,632.0,247.0,0.0,0.0,478.0,172.0,450.0,164.0,590.0,245.0,484.0,172.0,,,,,,,,0.0,0.0,0.0,0.5,0.0,0.0,4.0,2.0,2.0,25,0,0,0,0,0,0,0,0,0,0,0,0,0,0,0,5,8,0.0,0.0,0.0,0.0,0.0,0.0,0.0,0.0,0.0,0,0,0,0
480,Jamaal,Lascelles,Lascelles,u,has joined Leicester City permanently.,,4.3,573,122.0,0.0,583,208.0,0.0,530.0,230.0,0,0,0.0,-2,2.0,0,4,0.0,0.2,0.0,0.0,0.5,502.0,176.0,0.0,0.0,446.0,165.0,618.0,247.0,403.0,152.0,459.0,165.0,,,,,,,,0.19,0.0,0.19,2.61,0.0,0.0,9.47,0.0,23.68,25,0,0,0,0,0,0,0,0,0,0,0,0,0,0,0,0,16,0.0,0.0,0.0,0.0,0.0,0.0,0.0,0.0,0.0,0,0,0,0
481,Alex,Murphy,A.Murphy,a,,,3.8,803,252.0,0.7,216,81.0,0.2,333.0,120.0,0,0,0.0,-2,2.0,96,91,0.1,0.3,0.2,0.2,1.0,437.0,158.0,,,472.0,170.0,496.0,190.0,459.0,181.0,489.0,173.0,,,,,,,,0.0,0.0,0.0,24.3,0.0,0.0,90.0,0.0,90.0,25,0,0,0,0,0,0,0,0,0,0,0,0,0,0,0,458,509,0.0,0.0,0.0,0.0,0.0,0.0,0.0,0.0,0.0,0,0,0,0
482,Harrison,Ashby,Ashby,u,has joined Bradford City on loan for the rest of the season.,,3.9,755,218.0,0.1,448,164.0,0.0,421.0,171.0,0,0,0.0,-1,1.0,0,12,0.0,0.0,0.0,0.0,0.0,540.0,199.0,0.0,0.0,530.0,198.0,519.0,198.0,483.0,190.0,532.0,198.0,,,,,,,,0.0,0.0,0.0,0.0,0.0,0.0,0.0,0.0,0.0,25,0,0,0,0,0,0,0,0,0,0,0,0,0,0,0,0,52,0.0,0.0,0.0,0.0,0.0,0.0,0.0,0.0,0.0,0,0,0,0
484,Matt,Targett,Targett,u,has joined Middlesbrough on loan for the rest of the season.,,4.0,668,165.0,0.1,419,154.0,0.0,451.0,183.0,0,0,0.0,0,0.0,0,9,0.0,0.0,0.0,0.0,0.0,569.0,210.0,0.0,0.0,559.0,209.0,550.0,209.0,516.0,203.0,561.0,209.0,,,,,,,,0.0,0.0,0.0,0.0,0.0,0.0,0.0,0.0,0.0,25,0,0,0,0,0,0,0,0,0,0,0,0,0,0,0,0,46,0.0,0.0,0.0,0.0,0.0,0.0,0.0,0.0,0.0,0,0,0,0
485,Anthony,Gordon,Gordon,d,Hamstring injury - 25% chance of playing,,7.2,31,19.0,2.8,109,31.0,2.8,99.0,42.0,0,-1,1.0,-3,3.0,23,8411,0.4,8.5,0.7,0.7,3.2,163.0,73.0,25.0,25.0,197.0,85.0,61.0,48.0,50.0,30.0,76.0,45.0,,,2.0,,,,,0.37,0.22,0.59,1.08,0.0,0.44,1.63,1.26,4.59,25,0,0,0,0,0,0,0,0,0,0,0,0,0,0,0,187,65268,0.0,0.0,0.0,0.0,0.0,0.0,0.0,0.0,0.0,0,0,0,0
486,Anthony,Elanga,Elanga,a,,,6.5,52,33.0,2.6,112,34.0,1.0,251.0,106.0,0,0,0.0,-5,5.0,314,158,0.2,4.8,1.0,1.0,1.6,389.0,174.0,100.0,100.0,341.0,150.0,165.0,110.0,210.0,113.0,274.0,135.0,,,,,,,,0.14,0.06,0.2,1.31,0.0,0.23,2.03,0.9,3.5,25,0,0,0,0,0,0,0,0,0,0,0,0,0,0,0,1945,672,0.0,0.0,0.0,0.0,0.0,0.0,0.0,0.0,0.0,0,0,0,0
487,Harvey,Barnes,Barnes,a,,,6.1,81,54.0,1.6,148,48.0,1.8,187.0,77.0,0,0,0.0,-4,4.0,526,934,0.3,11.8,1.8,1.8,3.1,184.0,81.0,,,168.0,65.0,92.0,69.0,26.0,13.0,57.0,36.0,,,,,,,,0.37,0.14,0.51,1.11,0.0,0.3,1.28,0.9,4.75,25,0,0,0,0,0,0,0,0,0,0,0,0,0,0,0,9489,6493,0.0,0.0,0.0,0.0,0.0,0.0,0.0,0.0,0.0,0,0,0,0
488,Bruno,Guimarães Rodriguez Moura,Bruno G.,d,Ankle injury - 75% chance of playing,,7.1,33,20.0,12.5,29,10.0,0.8,286.0,124.0,0,0,0.0,6,-6.0,610,23178,0.1,16.9,0.6,0.6,5.7,7.0,4.0,75.0,75.0,13.0,4.0,13.0,13.0,44.0,27.0,13.0,11.0,,,,,,,,0.2,0.14,0.34,1.12,0.0,0.29,1.32,0.98,8.71,25,0,0,0,0,0,0,0,0,0,0,0,0,0,0,0,3187,206526,0.0,0.0,0.0,0.0,0.0,0.0,0.0,0.0,0.0,0,0,0,0
489,Jacob,Murphy,J.Murphy,a,,,5.9,90,57.0,0.6,229,81.0,0.2,374.0,165.0,0,0,0.0,-6,6.0,99,90,0.0,8.8,0.2,0.2,2.7,241.0,105.0,100.0,100.0,225.0,97.0,73.0,55.0,70.0,45.0,104.0,58.0,,,,,,,,0.24,0.21,0.45,1.05,0.0,0.53,0.88,1.06,3.96,25,0,0,0,0,0,0,0,0,0,0,0,0,0,0,0,503,486,0.0,0.0,0.0,0.0,0.0,0.0,0.0,0.0,0.0,0,0,0,0
490,Joelinton Cássio,Apolinário de Lira,Joelinton,i,Groin Injury - Unknown return date,,5.9,94,59.0,0.3,320,105.0,0.8,282.0,121.0,0,0,0.0,-1,1.0,2,317,0.1,9.5,0.0,0.0,2.9,209.0,89.0,0.0,0.0,187.0,77.0,123.0,87.0,69.0,44.0,115.0,62.0,,,,,,,,0.12,0.06,0.18,1.14,0.0,0.33,1.19,1.12,11.28,25,0,0,0,0,0,0,0,0,0,0,0,0,0,0,0,7,1572,0.0,0.0,0.0,0.0,0.0,0.0,0.0,0.0,0.0,0,0,0,0
491,Sandro,Tonali,Tonali,a,,,5.3,197,122.0,1.0,188,63.0,2.0,158.0,61.0,0,0,0.0,-2,2.0,274,211,0.4,10.9,2.0,2.0,2.4,277.0,120.0,100.0,100.0,180.0,72.0,68.0,51.0,162.0,91.0,123.0,68.0,1.0,1.0,,,,,,0.07,0.08,0.15,1.1,0.0,0.38,1.19,1.13,9.56,25,0,0,0,0,0,0,0,0,0,0,0,0,0,0,0,1334,1012,0.0,0.0,0.0,0.0,0.0,0.0,0.0,0.0,0.0,0,0,0,0
492,Antoñito,Cordero Campillo,Antoñito C.,u,has joined Cadiz on loan for the rest of the season.,,4.9,350,218.0,0.0,667,274.0,0.0,730.0,308.0,0,0,0.0,-1,1.0,0,1,0.0,0.0,0.0,0.0,0.0,773.0,335.0,0.0,0.0,773.0,335.0,769.0,335.0,761.0,333.0,773.0,335.0,,,,,,,,0.0,0.0,0.0,0.0,0.0,0.0,0.0,0.0,0.0,25,0,0,0,0,0,0,0,0,0,0,0,0,0,0,0,0,2,0.0,0.0,0.0,0.0,0.0,0.0,0.0,0.0,0.0,0,0,0,0
494,Joe,Willock,Willock,a,,,5.0,249,150.0,0.1,503,178.0,0.8,271.0,115.0,0,0,0.0,0,0.0,46,18,0.2,3.4,0.8,0.8,1.3,420.0,187.0,100.0,100.0,406.0,179.0,314.0,177.0,319.0,167.0,384.0,179.0,,,,,,,,0.17,0.05,0.22,1.7,0.0,0.58,1.74,0.87,9.26,25,0,0,0,0,0,0,0,0,0,0,0,0,0,0,0,224,93,0.0,0.0,0.0,0.0,0.0,0.0,0.0,0.0,0.0,0,0,0,0
495,Isaac,Hayden,Hayden,u,Has departed the club as a free agent.,,4.5,412,251.0,0.0,755,323.0,0.0,597.0,210.0,0,0,0.0,0,0.0,0,2,0.0,0.0,0.0,0.0,0.0,682.0,265.0,0.0,0.0,677.0,260.0,671.0,263.0,648.0,254.0,679.0,262.0,,,,,,,,0.0,0.0,0.0,0.0,0.0,0.0,0.0,0.0,0.0,25,0,0,0,0,0,0,0,0,0,0,0,0,0,0,0,0,4,0.0,0.0,0.0,0.0,0.0,0.0,0.0,0.0,0.0,0,0,0,0
496,Garang,Kuol,Kuol,u,has joined Sparta Prague permanently.,,4.4,557,333.0,0.0,626,247.0,0.0,584.0,202.0,0,0,0.0,-1,1.0,0,2,0.0,0.0,0.0,0.0,0.0,671.0,259.0,0.0,0.0,664.0,252.0,659.0,256.0,635.0,246.0,666.0,254.0,,,,,,,,0.0,0.0,0.0,0.0,0.0,0.0,0.0,0.0,0.0,25,0,0,0,0,0,0,0,0,0,0,0,0,0,0,0,0,9,0.0,0.0,0.0,0.0,0.0,0.0,0.0,0.0,0.0,0,0,0,0
497,Lewis,Miley,L.Miley,d,Knee injury - 75% chance of playing,,4.5,465,281.0,3.2,101,30.0,0.8,264.0,109.0,0,0,0.0,0,0.0,235,1971,0.2,12.9,0.6,0.6,3.1,173.0,75.0,75.0,75.0,172.0,67.0,120.0,85.0,174.0,99.0,156.0,86.0,,,,,,,,0.11,0.16,0.27,1.08,0.0,0.16,1.27,0.87,9.77,25,0,0,0,0,0,0,0,0,0,0,0,0,0,0,0,1702,16852,0.0,0.0,0.0,0.0,0.0,0.0,0.0,0.0,0.0,0,0,0,0
498,Joe,White,White,u,has joined Bradford City on loan for the rest of the season.,,4.5,438,262.0,0.0,757,325.0,0.0,617.0,221.0,0,0,0.0,0,0.0,0,3,0.0,0.0,0.0,0.0,0.0,697.0,275.0,0.0,0.0,692.0,270.0,689.0,273.0,668.0,265.0,694.0,272.0,,,,,,,,0.0,0.0,0.0,0.0,0.0,0.0,0.0,0.0,0.0,25,0,0,0,0,0,0,0,0,0,0,0,0,0,0,0,0,5,0.0,0.0,0.0,0.0,0.0,0.0,0.0,0.0,0.0,0,0,0,0
500,William,Osula,Osula,a,,,5.4,183,45.0,0.2,373,60.0,0.2,372.0,46.0,0,0,0.0,-1,1.0,18,13,0.0,3.5,0.2,0.2,1.7,374.0,45.0,100.0,100.0,402.0,44.0,393.0,50.0,270.0,47.0,389.0,47.0,,,,,,,,0.26,0.01,0.27,1.45,0.0,0.41,2.05,0.41,3.29,25,0,0,0,0,0,0,0,0,0,0,0,0,0,0,0,53,55,0.0,0.0,0.0,0.0,0.0,0.0,0.0,0.0,0.0,0,0,0,0
501,Sean,Neave,Neave,a,,,4.3,618,86.0,0.2,343,57.0,0.0,556.0,53.0,0,0,0.0,-2,2.0,60,35,0.0,0.0,0.0,0.0,0.0,649.0,66.0,,,640.0,66.0,636.0,65.0,610.0,65.0,642.0,66.0,,,,,,,,0.0,0.0,0.0,0.0,0.0,0.0,0.0,0.0,0.0,25,0,0,0,0,0,0,0,0,0,0,0,0,0,0,0,246,148,0.0,0.0,0.0,0.0,0.0,0.0,0.0,0.0,0.0,0,0,0,0
674,Aaron,Ramsdale,Ramsdale,a,,,4.8,365,15.0,0.7,221,28.0,0.0,695.0,92.0,0,0,0.0,-2,2.0,40,102,0.0,2.3,0.0,0.0,1.6,383.0,29.0,,,331.0,26.0,414.0,10.0,739.0,82.0,397.0,25.0,,,,,,,,0.0,0.0,0.0,1.3,1.63,0.0,1.63,0.98,0.0,25,0,0,0,0,0,0,0,0,0,0,0,0,0,0,0,173,905,0.0,0.0,0.0,0.0,0.0,0.0,0.0,0.0,0.0,0,0,0,0
684,Malick,Thiaw,Thiaw,a,,,5.1,237,35.0,5.2,72,23.0,2.5,110.0,42.0,0,0,0.0,1,-1.0,667,3919,0.5,16.7,2.5,2.5,4.0,67.0,26.0,,,30.0,13.0,270.0,85.0,101.0,12.0,93.0,24.0,,,,,,,,0.1,0.02,0.12,1.31,0.0,0.2,1.54,1.02,9.17,25,0,0,0,0,0,0,0,0,0,0,0,0,0,0,0,5752,26837,0.0,0.0,0.0,0.0,0.0,0.0,0.0,0.0,0.0,0,0,0,0
689,Seung-Soo,Park,Seung soo,a,,,4.3,622,365.0,0.4,280,95.0,0.0,559.0,189.0,0,0,0.0,-2,2.0,525,175,0.0,0.0,0.0,0.0,0.0,652.0,249.0,,,643.0,240.0,639.0,245.0,613.0,234.0,645.0,242.0,,,,,,,,0.0,0.0,0.0,0.0,0.0,0.0,0.0,0.0,0.0,25,0,0,0,0,0,0,0,0,0,0,0,0,0,0,0,2090,793,0.0,0.0,0.0,0.0,0.0,0.0,0.0,0.0,0.0,0,0,0,0
714,Nick,Woltemade,Woltemade,a,,,7.0,40,16.0,9.7,43,8.0,1.0,254.0,34.0,0,0,0.0,0,0.0,803,7245,0.1,11.7,1.0,1.0,3.9,86.0,9.0,,,109.0,10.0,158.0,11.0,35.0,16.0,77.0,14.0,,,3.0,,,,,0.41,0.05,0.46,1.15,0.0,0.39,1.31,1.12,4.54,25,0,0,0,0,0,0,0,0,0,0,0,0,0,0,0,4385,54765,0.0,0.0,0.0,0.0,0.0,0.0,0.0,0.0,0.0,0,0,0,0
753,John,Ruddy,Ruddy,a,,,4.0,657,39.0,0.0,701,81.0,0.0,444.0,51.0,0,0,0.0,0,0.0,2,3,0.0,0.0,0.0,0.0,0.0,562.0,61.0,,,552.0,61.0,541.0,46.0,506.0,31.0,554.0,61.0,,,,,,,,0.0,0.0,0.0,0.0,0.0,0.0,0.0,0.0,0.0,25,0,0,0,0,0,0,0,0,0,0,0,0,0,0,0,14,21,0.0,0.0,0.0,0.0,0.0,0.0,0.0,0.0,0.0,0,0,0,0
765,Leo,Shahar,Shahar,a,,,4.0,710,188.0,0.0,668,232.0,0.0,489.0,202.0,0,0,0.0,0,0.0,14,9,0.0,0.0,0.0,0.0,0.0,604.0,227.0,,,594.0,226.0,586.0,226.0,553.0,221.0,596.0,226.0,,,,,,,,0.0,0.0,0.0,0.0,0.0,0.0,0.0,0.0,0.0,25,0,0,0,0,0,0,0,0,0,0,0,0,0,0,0,86,50,0.0,0.0,0.0,0.0,0.0,0.0,0.0,0.0,0.0,0,0,0,0
772,Sam,Alabi,Alabi,a,,,4.5,513,316.0,0.0,788,346.0,0.0,677.0,269.0,0,0,0.0,0,0.0,6,2,0.0,0.0,0.0,0.0,0.0,746.0,315.0,,,746.0,315.0,740.0,315.0,723.0,310.0,746.0,315.0,,,,,,,,0.0,0.0,0.0,0.0,0.0,0.0,0.0,0.0,0.0,25,0,0,0,0,0,0,0,0,0,0,0,0,0,0,0,23,15,0.0,0.0,0.0,0.0,0.0,0.0,0.0,0.0,0.0,0,0,0,0
12,Oleksandr,Zinchenko,Zinchenko,u,has joined Ajax permanently.,,4.9,305,47.0,0.2,352,127.0,0.0,709.0,253.0,0,0,0.0,-1,1.0,0,163,0.0,1.4,0.0,0.0,1.4,409.0,149.0,0.0,0.0,352.0,133.0,258.0,77.0,362.0,125.0,360.0,125.0,,,,,,,,0.02,0.09,0.11,1.28,0.0,0.0,1.53,1.02,6.14,25,0,0,0,0,0,0,0,0,0,0,0,0,0,0,0,0,384,0.0,0.0,0.0,0.0,0.0,0.0,0.0,0.0,0.0,0,0,0,0
400,Stefan,Ortega Moreno,Ortega Moreno,a,,,4.7,378,16.0,0.2,389,57.0,0.2,356.0,22.0,1,0,0.0,-3,3.0,143,32,0.0,0.2,0.2,0.2,1.0,473.0,32.0,,,435.0,31.0,744.0,88.0,730.0,79.0,456.0,31.0,,,,,,,,0.0,0.01,0.01,2.5,2.0,0.0,3.0,1.0,0.0,25,1,90,0,0,0,3,0,0,0,0,0,2,1,0,1,772,148,0.0,0.0,0.01,0.01,2.5,18.8,0.0,0.0,1.9,0,0,4,0
426,James,McAtee,McAtee,a,,,5.0,258,157.0,0.1,489,171.0,0.0,738.0,314.0,0,0,0.0,-5,5.0,16,18,0.0,1.2,0.0,0.0,0.9,495.0,231.0,,,439.0,196.0,332.0,182.0,398.0,195.0,420.0,190.0,,,,,,,,0.01,0.09,0.1,1.9,0.0,0.0,3.73,0.53,5.86,25,0,0,0,0,0,0,0,0,0,0,0,0,0,0,0,66,62,0.0,0.0,0.0,0.0,0.0,0.0,0.0,0.0,0.0,0,0,0,0
502,Matz,Sels,Sels,d,Groin Injury - 75% chance of playing,,4.6,396,18.0,5.5,68,12.0,4.2,28.0,1.0,0,0,0.0,-4,4.0,95,1549,0.9,13.3,3.2,3.2,3.0,192.0,16.0,75.0,75.0,71.0,14.0,412.0,8.0,728.0,77.0,241.0,13.0,,,,,,,,0.0,0.0,0.0,1.52,2.95,0.21,1.45,1.02,0.0,25,0,0,0,0,0,0,0,0,0,0,0,0,0,0,0,635,8999,0.0,0.0,0.0,0.0,0.0,0.0,0.0,0.0,0.0,0,0,0,0
503,Carlos Miguel,dos Santos Pereira,C.Miguel,u,Has joined Palmeiras permanently.,,4.0,687,56.0,0.1,542,76.0,0.0,468.0,66.0,0,0,0.0,0,0.0,0,4,0.0,0.0,0.0,0.0,0.0,585.0,75.0,0.0,0.0,575.0,75.0,567.0,63.0,533.0,48.0,577.0,75.0,,,,,,,,0.0,0.0,0.0,0.0,0.0,0.0,0.0,0.0,0.0,25,0,0,0,0,0,0,0,0,0,0,0,0,0,0,0,0,22,0.0,0.0,0.0,0.0,0.0,0.0,0.0,0.0,0.0,0,0,0,0
504,Matt,Turner,Turner,u,Has joined Lyon permanently.,,4.0,672,47.0,0.1,512,75.0,0.0,455.0,57.0,0,0,0.0,0,0.0,0,4,0.0,0.0,0.0,0.0,0.0,572.0,66.0,0.0,0.0,562.0,66.0,554.0,54.0,520.0,39.0,564.0,66.0,,,,,,,,0.0,0.0,0.0,0.0,0.0,0.0,0.0,0.0,0.0,25,0,0,0,0,0,0,0,0,0,0,0,0,0,0,0,0,22,0.0,0.0,0.0,0.0,0.0,0.0,0.0,0.0,0.0,0,0,0,0
505,Nikola,Milenković,Milenković,a,,,5.1,231,32.0,3.3,100,38.0,4.5,23.0,7.0,1,0,0.0,-4,4.0,742,548,0.9,13.7,4.5,4.5,2.8,223.0,87.0,,,53.0,25.0,350.0,122.0,236.0,64.0,167.0,55.0,,,,,,,,0.03,0.02,0.05,1.49,0.0,0.2,1.52,1.0,8.36,25,1,90,0,0,0,3,0,0,0,0,0,0,1,0,234,5177,2454,0.0,0.0,0.0,0.0,2.5,13.0,0.29999999999999716,4.0,1.7000000000000028,0,7,2,7
506,Murillo,Costa dos Santos,Murillo,d,Calf injury - 75% chance of playing,,5.2,222,30.0,2.2,123,47.0,4.5,24.0,8.0,0,0,0.0,-3,3.0,420,2076,0.9,12.3,3.4,4.5,3.6,111.0,39.0,75.0,100.0,73.0,31.0,247.0,73.0,271.0,79.0,179.0,59.0,,3.0,,,,,,0.03,0.02,0.05,1.43,0.0,0.23,1.34,1.05,9.7,25,0,0,0,0,0,0,0,0,0,0,0,0,0,0,0,11848,4032,0.0,0.0,0.0,0.0,0.0,0.0,0.0,0.0,0.0,0,0,0,0
507,Ola,Aina,Aina,a,,,4.7,382,64.0,2.3,120,46.0,4.8,17.0,4.0,1,0,0.0,-3,3.0,1018,322,1.0,6.0,4.8,4.8,3.1,175.0,69.0,100.0,100.0,288.0,111.0,272.0,87.0,304.0,96.0,321.0,110.0,,,,,,,,0.02,0.05,0.07,1.77,0.0,0.23,1.37,1.03,7.31,25,1,90,0,0,0,3,0,0,0,0,0,0,1,0,100,12769,1842,0.0,0.07999999999999999,0.0,0.08000000000000007,2.5,8.600000000000023,3.3000000000000114,2.0,1.4000000000000021,1,5,4,6
508,Neco,Williams,N.Williams,a,,,4.7,385,65.0,2.9,107,44.0,3.0,81.0,33.0,0,0,0.0,-3,3.0,111,1135,0.6,15.1,3.0,0.0,3.0,193.0,76.0,100.0,0.0,38.0,15.0,49.0,8.0,92.0,9.0,41.0,2.0,4.0,,,,,,,0.06,0.09,0.15,1.43,0.0,0.21,1.49,1.02,6.9,25,0,0,0,0,0,0,0,0,0,0,0,0,0,0,0,169,15315,0.0,0.0,0.0,0.0,0.0,0.0,0.0,0.0,0.0,0,0,0,0
509,David,Mota Veiga Teixeira do Carmo,David Carmo,u,has joined Real Oviedo on loan for the rest of the season.,,4.5,434,86.0,0.0,669,233.0,0.0,614.0,245.0,0,0,0.0,0,0.0,0,0,0.0,0.0,0.0,0.0,0.0,694.0,256.0,0.0,0.0,689.0,256.0,685.0,256.0,664.0,255.0,691.0,256.0,,,,,,,,0.0,0.0,0.0,0.0,0.0,0.0,0.0,0.0,0.0,25,0,0,0,0,0,0,0,0,0,0,0,0,0,0,0,0,0,0.0,0.0,0.0,0.0,0.0,0.0,0.0,0.0,0.0,0,0,0,0
510,Jair,Paula da Cunha Filho,Jair Cunha,a,,,4.2,648,157.0,0.1,553,198.0,0.0,525.0,228.0,0,0,0.0,-3,3.0,9,12,0.0,0.7,0.0,0.0,3.0,189.0,73.0,,,422.0,158.0,464.0,172.0,585.0,243.0,452.0,164.0,,,,,,,,0.0,0.0,0.0,3.28,0.0,0.0,2.0,1.0,11.0,25,0,0,0,0,0,0,0,0,0,0,0,0,0,0,0,37,37,0.0,0.0,0.0,0.0,0.0,0.0,0.0,0.0,0.0,0,0,0,0
511,Felipe,Rodrigues da Silva,Morato,a,,,4.3,592,136.0,0.1,507,182.0,1.2,218.0,83.0,3,0,0.0,-2,2.0,24,11,0.3,6.0,1.2,1.2,2.0,323.0,122.0,,,236.0,95.0,417.0,150.0,383.0,138.0,340.0,116.0,,,,,,,,0.04,0.01,0.05,1.45,0.0,0.11,1.81,0.96,9.35,25,3,90,0,0,0,3,0,0,0,0,0,0,1,0,6,100,62,0.0,0.31999999999999995,0.010000000000000009,0.32999999999999996,2.5,25.400000000000006,0.20000000000000107,4.0,3.0,2,9,9,11
512,Omar,Richards,O.Richards,u,has joined Rio Ave on loan for the rest of the season.,,4.5,418,78.0,0.0,674,234.0,0.0,602.0,241.0,0,0,0.0,0,0.0,0,1,0.0,0.0,0.0,0.0,0.0,685.0,253.0,0.0,0.0,680.0,253.0,675.0,253.0,652.0,251.0,682.0,253.0,,,,,,,,0.0,0.0,0.0,0.0,0.0,0.0,0.0,0.0,0.0,25,0,0,0,0,0,0,0,0,0,0,0,0,0,0,0,0,5,0.0,0.0,0.0,0.0,0.0,0.0,0.0,0.0,0.0,0,0,0,0
513,Zach,Abbott,Abbott,a,,,3.8,806,255.0,0.3,335,122.0,0.2,334.0,121.0,1,0,0.0,-2,2.0,53,38,0.1,0.5,0.2,0.2,1.0,439.0,160.0,,,425.0,160.0,428.0,156.0,462.0,184.0,446.0,162.0,,,,,,,,0.0,0.01,0.01,2.35,0.0,0.0,3.0,0.75,7.5,25,1,75,0,0,0,3,0,0,0,0,0,0,1,0,1,144,224,0.0,0.0,0.01,0.01,2.5,9.799999999999999,5.7,0.0,1.6,1,2,6,3
514,Willy,Boly,Boly,a,,,3.8,783,233.0,0.4,281,106.0,0.0,381.0,146.0,0,0,0.0,-2,2.0,81,42,0.0,0.0,0.0,0.0,0.0,508.0,182.0,100.0,100.0,497.0,180.0,482.0,177.0,445.0,168.0,499.0,180.0,,,,,,,,0.0,0.0,0.0,0.0,0.0,0.0,0.0,0.0,0.0,25,0,0,0,0,0,0,0,0,0,0,0,0,0,0,0,468,305,0.0,0.0,0.0,0.0,0.0,0.0,0.0,0.0,0.0,0,0,0,0
515,Morgan,Gibbs-White,Gibbs-White,a,,,7.3,26,16.0,3.8,87,29.0,4.8,19.0,12.0,2,0,0.0,-2,2.0,1717,1587,0.7,13.7,4.8,4.8,4.0,73.0,35.0,100.0,100.0,75.0,24.0,21.0,20.0,24.0,11.0,19.0,15.0,,2.0,2.0,,,,,0.26,0.08,0.34,1.53,0.0,0.21,1.49,1.02,4.97,25,2,66,0,0,0,3,0,0,0,0,0,0,1,0,12,31761,5485,0.0,0.08000000000000007,0.029999999999999805,0.11000000000000032,2.5,11.199999999999989,33.0,13.0,5.700000000000017,0,0,2,2
516,Callum,Hudson-Odoi,Hudson-Odoi,a,,,5.7,115,72.0,0.7,212,74.0,2.2,139.0,53.0,2,0,0.0,-3,3.0,96,320,0.4,10.9,2.2,1.7,2.7,239.0,103.0,100.0,75.0,188.0,78.0,40.0,37.0,90.0,56.0,78.0,46.0,,,,,,,,0.12,0.11,0.23,1.62,0.0,0.19,1.47,0.96,5.06,25,2,66,0,0,0,3,0,0,0,0,0,0,1,0,6,167,3213,0.0,0.030000000000000027,0.06000000000000005,0.08999999999999986,2.5,6.800000000000011,11.0,17.0,3.5,0,1,0,1
517,Elliot,Anderson,Anderson,a,,,5.3,192,119.0,5.6,67,22.0,5.2,12.0,8.0,4,0,0.0,-2,2.0,5242,870,1.0,20.4,5.2,5.2,4.3,46.0,20.0,,,22.0,6.0,5.0,5.0,133.0,78.0,18.0,14.0,2.0,,4.0,,,,,0.08,0.09,0.17,1.49,0.0,0.2,1.52,1.0,13.84,25,4,90,0,0,0,3,0,0,0,0,0,0,1,0,17,48476,7401,0.0,0.0,0.19999999999999973,0.20000000000000018,2.5,29.199999999999932,51.80000000000007,6.0,8.699999999999989,4,2,7,13
518,João Pedro,Ferreira da Silva,Jota,u,has joined Besiktas on loan for the rest of the season.,,5.4,180,111.0,0.0,615,237.0,0.0,780.0,344.0,0,0,0.0,-1,1.0,0,1,0.0,0.2,0.0,0.0,1.0,490.0,228.0,0.0,0.0,461.0,208.0,462.0,222.0,422.0,209.0,469.0,216.0,,,,,,,,0.0,0.0,0.0,0.0,0.0,0.0,0.0,0.0,24.55,25,0,0,0,0,0,0,0,0,0,0,0,0,0,0,0,0,5,0.0,0.0,0.0,0.0,0.0,0.0,0.0,0.0,0.0,0,0,0,0
519,Nicolás,Domínguez,Dominguez,a,,,5.0,257,156.0,0.0,616,238.0,2.0,156.0,59.0,1,0,0.0,0,0.0,15,22,0.4,6.6,2.0,2.0,2.1,314.0,139.0,100.0,100.0,264.0,114.0,180.0,120.0,219.0,120.0,253.0,124.0,3.0,,,,,,,0.12,0.04,0.16,1.64,0.0,0.33,1.67,1.33,9.11,25,1,53,0,0,0,3,0,0,0,0,0,0,1,0,8,168,113,0.0,0.16000000000000003,0.010000000000000009,0.16999999999999993,2.0500000000000007,14.799999999999983,1.1999999999999886,22.0,3.8000000000000043,1,2,2,5
520,Lewis,O'Brien,O'Brien,u,Has joined Wrexham permanently.,,5.0,255,155.0,0.0,812,362.0,0.0,737.0,313.0,0,0,0.0,0,0.0,0,0,0.0,0.0,0.0,0.0,0.0,777.0,338.0,0.0,0.0,777.0,338.0,774.0,338.0,768.0,336.0,777.0,338.0,,,,,,,,0.0,0.0,0.0,0.0,0.0,0.0,0.0,0.0,0.0,25,0,0,0,0,0,0,0,0,0,0,0,0,0,0,0,0,0,0.0,0.0,0.0,0.0,0.0,0.0,0.0,0.0,0.0,0,0,0,0
521,Ibrahim,Sangaré,Sangaré,a,,,4.9,309,192.0,0.1,546,199.0,2.8,96.0,39.0,1,0,0.0,-1,1.0,24,22,0.6,11.8,2.8,2.8,3.4,130.0,60.0,100.0,100.0,166.0,64.0,233.0,144.0,217.0,118.0,214.0,109.0,,,,,,,,0.08,0.09,0.17,1.55,0.0,0.37,1.25,1.1,10.74,25,1,90,0,0,0,3,0,0,0,1,0,0,1,0,10,399,111,0.0,0.13,0.08000000000000007,0.2100000000000004,2.5,9.399999999999977,13.400000000000006,24.0,4.699999999999996,3,2,4,9
522,Ryan,Yates,Yates,a,,,4.7,384,240.0,0.1,551,201.0,0.5,301.0,129.0,1,0,0.0,-3,3.0,12,5,0.1,3.6,0.5,0.5,1.3,417.0,184.0,100.0,100.0,366.0,161.0,323.0,181.0,341.0,180.0,374.0,175.0,,,,,,,,0.02,0.05,0.07,0.9,0.0,0.0,1.23,0.25,8.83,25,1,23,0,0,0,0,0,0,0,0,0,0,0,0,5,64,18,0.0,0.020000000000000004,0.010000000000000009,0.02999999999999997,0.0,2.0,10.799999999999997,4.0,1.700000000000001,0,0,0,0
523,Eric,da Silva Moreira,Da Silva Moreira,a,,,4.5,476,289.0,0.1,575,214.0,0.0,643.0,244.0,0,0,0.0,0,0.0,8,3,0.0,0.0,0.0,0.0,0.0,718.0,294.0,100.0,100.0,716.0,292.0,711.0,293.0,693.0,287.0,717.0,293.0,,,,,,,,0.0,0.0,0.0,0.0,0.0,0.0,0.0,0.0,0.0,25,0,0,0,0,0,0,0,0,0,0,0,0,0,0,0,32,16,0.0,0.0,0.0,0.0,0.0,0.0,0.0,0.0,0.0,0,0,0,0
524,Marko,Stamenić,Stamenic,u,Has joined Swansea City permanently.,,4.5,452,269.0,0.0,682,283.0,0.0,623.0,227.0,0,0,0.0,0,0.0,0,0,0.0,0.0,0.0,0.0,0.0,702.0,280.0,0.0,0.0,698.0,276.0,694.0,278.0,674.0,270.0,699.0,277.0,,,,,,,,0.0,0.0,0.0,0.0,0.0,0.0,0.0,0.0,0.0,25,0,0,0,0,0,0,0,0,0,0,0,0,0,0,0,0,1,0.0,0.0,0.0,0.0,0.0,0.0,0.0,0.0,0.0,0,0,0,0
525,Chris,Wood,Wood,i,Knee injury - Unknown return date,,7.2,28,11.0,4.7,77,14.0,0.0,813.0,89.0,0,0,0.0,-3,3.0,8,309,0.0,3.5,0.0,0.0,3.1,186.0,18.0,0.0,0.0,355.0,36.0,319.0,35.0,124.0,30.0,304.0,36.0,,,1.0,,,,,0.47,0.02,0.49,1.31,0.0,0.17,1.34,1.17,2.34,25,0,0,0,0,0,0,0,0,0,0,0,0,0,0,0,15,881,0.0,0.0,0.0,0.0,0.0,0.0,0.0,0.0,0.0,0,0,0,0
526,Igor Jesus,Maciel da Cruz,Igor Jesus,a,,,5.8,110,32.0,1.4,159,26.0,3.5,61.0,6.0,1,0,0.0,-2,2.0,1089,1231,0.6,10.0,3.5,3.5,2.4,281.0,31.0,100.0,100.0,272.0,25.0,208.0,22.0,28.0,14.0,135.0,18.0,,,3.0,,,,,0.24,0.05,0.29,1.62,0.0,0.32,1.73,1.09,4.41,25,1,53,0,0,0,3,0,0,0,0,0,0,1,0,5,8783,6260,0.0,0.08999999999999986,0.010000000000000009,0.10000000000000053,2.049999999999997,2.0,3.0,25.0,3.0,1,0,0,1
527,Taiwo,Awoniyi,Awoniyi,a,,,5.2,210,48.0,0.3,317,52.0,1.5,205.0,26.0,0,0,0.0,-3,3.0,64,78,0.3,2.5,1.5,1.5,1.6,386.0,46.0,100.0,100.0,391.0,42.0,340.0,40.0,222.0,44.0,357.0,44.0,,,,,,,,0.38,0.17,0.55,1.5,0.0,0.0,0.88,0.44,5.29,25,0,0,0,0,0,0,0,0,0,0,0,0,0,0,0,281,272,0.0,0.0,0.0,0.0,0.0,0.0,0.0,0.0,0.0,0,0,0,0
675,Angus,Gunn,Gunn,a,,,4.0,662,43.0,1.2,179,22.0,0.2,337.0,21.0,0,0,0.0,0,0.0,18,35,0.0,0.2,0.2,0.2,1.0,440.0,31.0,100.0,100.0,480.0,32.0,546.0,50.0,511.0,35.0,493.0,32.0,,,,,,,,0.0,0.0,0.0,0.42,0.0,0.0,0.0,0.0,0.0,25,0,0,0,0,0,0,0,0,0,0,0,0,0,0,0,187,293,0.0,0.0,0.0,0.0,0.0,0.0,0.0,0.0,0.0,0,0,0,0
693,Omari,Hutchinson,Hutchinson,a,,,5.4,179,110.0,0.1,484,169.0,1.5,208.0,84.0,4,0,0.0,-1,1.0,26,42,0.3,9.8,1.5,1.5,2.8,225.0,96.0,,,219.0,95.0,57.0,46.0,93.0,58.0,110.0,59.0,,,,,,,,0.15,0.26,0.41,1.44,0.0,0.19,1.43,0.76,7.35,25,4,36,0,1,0,0,0,0,0,0,0,0,0,0,20,118,564,0.0,0.0,0.2200000000000002,0.21999999999999975,0.4499999999999993,25.400000000000006,33.0,0.0,5.799999999999997,0,0,1,1
696,Arnaud,Kalimuendo,Kalimuendo,u,has joined Eintracht Frankfurt on loan for the rest of the season.,,6.0,88,28.0,0.1,441,64.0,0.0,801.0,84.0,0,0,0.0,0,0.0,0,18,0.0,1.5,0.0,0.0,1.0,493.0,60.0,0.0,0.0,457.0,55.0,385.0,49.0,316.0,51.0,424.0,52.0,,,,,,,,0.44,0.02,0.46,1.59,0.0,0.0,3.03,0.0,6.07,25,0,0,0,0,0,0,0,0,0,0,0,0,0,0,0,0,52,0.0,0.0,0.0,0.0,0.0,0.0,0.0,0.0,0.0,0,0,0,0
715,John Victor,Maciel Furtado,John,i,Knee injury - Expected back 01 Jun,,4.0,670,46.0,0.4,286,38.0,0.0,453.0,56.0,0,0,0.0,0,0.0,7,117,0.0,2.8,0.0,0.0,2.2,294.0,24.0,0.0,0.0,386.0,29.0,552.0,53.0,518.0,38.0,426.0,29.0,,,,,,,,0.0,0.0,0.0,1.26,1.24,0.21,1.65,1.03,0.0,25,0,0,0,0,0,0,0,0,0,0,0,0,0,0,0,36,587,0.0,0.0,0.0,0.0,0.0,0.0,0.0,0.0,0.0,0,0,0,0
716,Nicolò,Savona,Savona,i,Knee injury - Unknown return date,,4.5,454,93.0,0.1,511,184.0,0.0,625.0,246.0,0,0,0.0,0,0.0,0,89,0.0,8.7,0.0,0.0,2.8,218.0,83.0,0.0,0.0,214.0,84.0,200.0,49.0,232.0,62.0,237.0,81.0,,,,,,,,0.12,0.04,0.16,1.32,0.0,0.26,1.58,0.97,5.0,25,0,0,0,0,0,0,0,0,0,0,0,0,0,0,0,1,717,0.0,0.0,0.0,0.0,0.0,0.0,0.0,0.0,0.0,0,0,0,0
729,Luis Eduardo,Soares da Silva,Cuiabano,a,,,4.5,475,95.0,0.0,804,264.0,0.0,642.0,247.0,0,0,0.0,0,0.0,3,5,0.0,0.0,0.0,0.0,0.0,717.0,257.0,100.0,100.0,715.0,257.0,710.0,257.0,692.0,256.0,716.0,257.0,,,,,,,,0.0,0.0,0.0,0.0,0.0,0.0,0.0,0.0,0.0,25,0,0,0,0,0,0,0,0,0,0,0,0,0,0,0,10,7,0.0,0.0,0.0,0.0,0.0,0.0,0.0,0.0,0.0,0,0,0,0
734,Dilane,Bakwa,Bakwa,a,,,5.9,100,65.0,0.0,676,279.0,0.0,799.0,358.0,0,0,0.0,-1,1.0,14,10,0.0,2.0,0.0,0.0,1.5,404.0,180.0,100.0,100.0,395.0,175.0,215.0,138.0,264.0,141.0,335.0,162.0,,,,,,,,0.12,0.2,0.32,1.64,0.0,0.0,2.09,0.89,6.85,25,0,0,0,0,0,0,0,0,0,0,0,0,0,0,0,61,43,0.0,0.0,0.0,0.0,0.0,0.0,0.0,0.0,0.0,0,0,0,0
805,Lorenzo,Lucca,Lucca,a,,,5.5,150,38.0,0.0,728,87.0,2.5,112.0,11.0,5,0,0.0,0,0.0,245,14,0.5,0.9,2.5,2.5,5.0,15.0,3.0,,,413.0,46.0,454.0,58.0,368.0,54.0,430.0,54.0,,,,,,,,0.4,0.0,0.4,1.12,0.0,0.0,0.0,0.0,0.0,25,5,36,1,0,0,0,0,0,0,0,0,0,0,0,27,352,59,0.0,0.16,0.0,0.16,0.45,32.0,1.1,19.0,5.2,0,0,0,0
814,Luca,Netz,Netz,a,,,4.5,442,88.0,0.0,808,265.0,1.0,240.0,91.0,1,0,0.0,0,0.0,13,5,0.2,0.2,2.1,2.1,1.0,461.0,168.0,,,486.0,173.0,453.0,167.0,433.0,163.0,480.0,170.0,,,,,,,,0.0,2.31,2.31,0.0,0.0,0.0,0.0,0.0,0.0,25,1,14,0,0,0,0,0,0,0,0,0,0,0,0,3,49,7,0.0,0.0,0.36,0.36,0.0,1.0,1.1,2.0,0.4,0,0,0,0
528,Anthony,Patterson,Patterson,u,has joined Millwall on loan for the rest of the season.,,4.2,634,34.0,0.2,388,56.0,0.0,517.0,80.0,0,0,0.0,-3,3.0,0,88,0.0,0.0,0.0,0.0,0.0,625.0,87.0,0.0,0.0,617.0,87.0,610.0,77.0,580.0,63.0,619.0,87.0,,,,,,,,0.0,0.0,0.0,0.0,0.0,0.0,0.0,0.0,0.0,25,0,0,0,0,0,0,0,0,0,0,0,0,0,0,0,0,322,0.0,0.0,0.0,0.0,0.0,0.0,0.0,0.0,0.0,0,0,0,0
529,Simon,Moore,Moore,a,,,3.9,738,69.0,0.4,284,37.0,0.0,407.0,27.0,0,0,0.0,-1,1.0,15,24,0.0,0.0,-0.5,-1.0,0.0,528.0,37.0,,,518.0,37.0,507.0,22.0,471.0,7.0,520.0,37.0,,,,,,,,0.0,0.0,0.0,0.0,0.0,0.0,0.0,0.0,0.0,25,0,0,0,0,0,0,0,0,0,0,0,0,0,0,0,131,149,0.0,0.0,0.0,0.0,0.0,0.0,0.0,0.0,0.0,0,0,0,0
530,Blondy,Nna Noukeu,Nna Noukeu,u,has joined US Boulogne CO permanently.,,3.9,767,86.0,0.1,445,66.0,0.0,429.0,44.0,0,0,0.0,-1,1.0,0,17,0.0,0.0,0.0,0.0,0.0,548.0,54.0,0.0,0.0,538.0,54.0,527.0,39.0,491.0,24.0,540.0,54.0,,,,,,,,0.0,0.0,0.0,0.0,0.0,0.0,0.0,0.0,0.0,25,0,0,0,0,0,0,0,0,0,0,0,0,0,0,0,0,101,0.0,0.0,0.0,0.0,0.0,0.0,0.0,0.0,0.0,0,0,0,0
531,Daniel,Ballard,Ballard,a,,,4.6,400,69.0,3.1,103,40.0,3.8,44.0,18.0,0,0,0.0,1,-1.0,456,572,0.8,20.0,3.3,2.8,4.6,30.0,12.0,100.0,100.0,51.0,23.0,231.0,64.0,52.0,2.0,69.0,15.0,,,,,,,,0.13,0.03,0.16,1.27,0.0,0.3,1.15,0.97,10.93,25,0,0,0,0,0,0,0,0,0,0,0,0,0,0,0,3583,6184,0.0,0.0,0.0,0.0,0.0,0.0,0.0,0.0,0.0,0,0,0,0
532,Trai,Hume,Hume,a,,,4.5,444,89.0,0.3,301,112.0,1.5,199.0,78.0,0,0,0.0,0,0.0,15,65,0.3,15.8,1.0,0.5,3.0,190.0,74.0,,,137.0,60.0,96.0,23.0,144.0,27.0,125.0,39.0,2.0,,,,,,,0.06,0.04,0.1,1.41,0.0,0.32,1.1,1.01,6.13,25,0,0,0,0,0,0,0,0,0,0,0,0,0,0,0,150,662,0.0,0.0,0.0,0.0,0.0,0.0,0.0,0.0,0.0,0,0,0,0
533,Aji,Alese,Alese,u,has joined Portsmouth on loan for the rest of the season.,,4.0,669,166.0,0.0,775,262.0,0.0,452.0,184.0,0,0,0.0,0,0.0,0,1,0.0,0.0,0.0,0.0,0.0,570.0,211.0,0.0,0.0,560.0,210.0,551.0,210.0,517.0,204.0,562.0,210.0,,,,,,,,0.0,0.0,0.0,0.0,0.0,0.0,0.0,0.0,0.0,25,0,0,0,0,0,0,0,0,0,0,0,0,0,0,0,0,2,0.0,0.0,0.0,0.0,0.0,0.0,0.0,0.0,0.0,0,0,0,0
534,Joe,Anderson,Anderson,u,has joined Barrow FC permanently.,,3.8,788,237.0,0.3,296,111.0,0.0,386.0,150.0,0,0,0.0,-2,2.0,0,115,0.0,0.0,0.0,0.0,0.0,510.0,183.0,0.0,0.0,500.0,182.0,486.0,180.0,449.0,171.0,502.0,182.0,,,,,,,,0.0,0.0,0.0,0.0,0.0,0.0,0.0,0.0,0.0,25,0,0,0,0,0,0,0,0,0,0,0,0,0,0,0,0,494,0.0,0.0,0.0,0.0,0.0,0.0,0.0,0.0,0.0,0,0,0,0
535,Dennis,Cirkin,Cirkin,a,,,4.0,680,171.0,0.1,568,204.0,0.5,291.0,106.0,0,0,0.0,0,0.0,14,21,0.1,3.2,0.0,-0.5,2.2,295.0,111.0,100.0,100.0,384.0,148.0,419.0,152.0,425.0,158.0,421.0,152.0,,,,,,,,0.0,0.01,0.01,1.84,0.0,0.3,0.61,0.91,7.91,25,0,0,0,0,0,0,0,0,0,0,0,0,0,0,0,82,130,0.0,0.0,0.0,0.0,0.0,0.0,0.0,0.0,0.0,0,0,0,0
536,Leo Fuhr,Hjelde,Hjelde,u,has joined Sheffield United on loan for the rest of the season.,,4.0,688,174.0,0.0,689,238.0,0.0,469.0,190.0,0,0,0.0,0,0.0,0,20,0.0,0.0,0.0,0.0,0.0,586.0,217.0,0.0,0.0,576.0,216.0,568.0,216.0,534.0,210.0,578.0,216.0,,,,,,,,0.0,0.0,0.0,0.0,0.0,0.0,0.0,0.0,0.0,25,0,0,0,0,0,0,0,0,0,0,0,0,0,0,0,0,45,0.0,0.0,0.0,0.0,0.0,0.0,0.0,0.0,0.0,0,0,0,0
537,Niall,Huggins,Huggins,u,has joined Wycombe Wanderers on loan for the rest of the season.,,4.0,690,175.0,0.1,532,191.0,0.0,471.0,191.0,0,0,0.0,0,0.0,0,4,0.0,0.0,0.0,0.0,0.0,588.0,218.0,0.0,0.0,578.0,217.0,570.0,217.0,536.0,211.0,580.0,217.0,,,,,,,,0.0,0.0,0.0,0.0,0.0,0.0,0.0,0.0,0.0,25,0,0,0,0,0,0,0,0,0,0,0,0,0,0,0,0,14,0.0,0.0,0.0,0.0,0.0,0.0,0.0,0.0,0.0,0,0,0,0
538,Zak,Johnson,Johnson,u,has joined York City on loan for the rest of the season.,,3.8,799,248.0,0.2,356,130.0,0.0,394.0,158.0,0,0,0.0,-2,2.0,0,61,0.0,0.0,0.0,0.0,0.0,517.0,190.0,0.0,0.0,507.0,189.0,493.0,187.0,456.0,178.0,509.0,189.0,,,,,,,,0.0,0.0,0.0,0.0,0.0,0.0,0.0,0.0,0.0,25,0,0,0,0,0,0,0,0,0,0,0,0,0,0,0,0,224,0.0,0.0,0.0,0.0,0.0,0.0,0.0,0.0,0.0,0,0,0,0
539,Luke,O'Nien,O'Nien,a,,,4.0,667,164.0,0.1,559,201.0,0.5,290.0,105.0,0,0,0.0,0,0.0,19,17,0.1,0.5,0.0,-0.5,0.4,503.0,177.0,100.0,100.0,458.0,167.0,451.0,165.0,515.0,202.0,472.0,167.0,,,,,,,,0.0,0.0,0.0,3.52,0.0,0.0,0.0,0.0,12.27,25,0,0,0,0,0,0,0,0,0,0,0,0,0,0,0,99,54,0.0,0.0,0.0,0.0,0.0,0.0,0.0,0.0,0.0,0,0,0,0
540,Timothée,Pembélé,Pembele,u,has joined Le Havre AC on loan for the rest of the season.,,3.9,760,221.0,0.3,312,116.0,0.0,424.0,172.0,0,0,0.0,-1,1.0,0,64,0.0,0.0,0.0,0.0,0.0,543.0,200.0,0.0,0.0,533.0,199.0,522.0,199.0,486.0,191.0,535.0,199.0,,,,,,,,0.0,0.0,0.0,0.0,0.0,0.0,0.0,0.0,0.0,25,0,0,0,0,0,0,0,0,0,0,0,0,0,0,0,0,270,0.0,0.0,0.0,0.0,0.0,0.0,0.0,0.0,0.0,0,0,0,0
541,Reinildo,Mandava,Reinildo,a,,,3.8,791,240.0,3.1,104,41.0,3.0,78.0,32.0,0,0,0.0,-2,2.0,1286,276,0.8,12.9,2.5,2.0,3.3,136.0,49.0,100.0,100.0,198.0,79.0,273.0,88.0,327.0,105.0,278.0,92.0,,,,,,,,0.01,0.02,0.03,1.15,0.0,0.29,1.15,1.08,7.79,25,0,0,0,0,0,0,0,0,0,0,0,0,0,0,0,10902,2651,0.0,0.0,0.0,0.0,0.0,0.0,0.0,0.0,0.0,0,0,0,0
542,Jenson,Seelt,Seelt,u,has joined Wolfsburg on loan for the rest of the season.,,4.0,706,185.0,0.1,493,176.0,0.0,485.0,199.0,0,0,0.0,0,0.0,0,3,0.0,0.5,0.0,0.0,1.0,441.0,161.0,0.0,0.0,412.0,155.0,442.0,162.0,549.0,218.0,443.0,160.0,,,,,,,,0.0,0.01,0.01,0.9,0.0,0.0,1.35,0.68,8.12,25,0,0,0,0,0,0,0,0,0,0,0,0,0,0,0,0,21,0.0,0.0,0.0,0.0,0.0,0.0,0.0,0.0,0.0,0,0,0,0
543,Simon,Adingra,Adingra,u,has joined AS Monaco on loan for the rest of the season.,,4.9,344,212.0,0.4,272,92.0,0.0,726.0,304.0,0,0,0.0,-6,6.0,0,229,0.0,6.9,0.0,0.0,2.4,274.0,118.0,0.0,0.0,351.0,156.0,207.0,136.0,259.0,139.0,315.0,152.0,,,,,,,,0.05,0.09,0.14,1.57,0.0,0.55,1.11,1.25,6.24,25,0,0,0,0,0,0,0,0,0,0,0,0,0,0,0,0,1317,0.0,0.0,0.0,0.0,0.0,0.0,0.0,0.0,0.0,0,0,0,0
544,Habib,Diarra,Diarra,a,,,5.3,205,127.0,0.1,566,209.0,3.5,58.0,23.0,0,0,0.0,-2,2.0,78,19,0.7,5.1,3.0,2.5,3.9,80.0,38.0,100.0,100.0,387.0,170.0,321.0,179.0,260.0,140.0,365.0,171.0,,,1.0,,,,,0.16,0.04,0.2,0.86,0.0,0.55,0.36,0.91,5.64,25,0,0,0,0,0,0,0,0,0,0,0,0,0,0,0,575,106,0.0,0.0,0.0,0.0,0.0,0.0,0.0,0.0,0.0,0,0,0,0
545,Patrick,Roberts,Roberts,u,has joined Birmingham City permanently.,,5.4,161,99.0,0.0,713,301.0,0.0,772.0,339.0,0,0,0.0,-1,1.0,0,0,0.0,0.2,0.0,0.0,1.0,489.0,227.0,0.0,0.0,477.0,219.0,423.0,206.0,414.0,202.0,467.0,214.0,,,,,,,,0.1,0.07,0.17,2.2,0.0,0.0,3.33,0.0,3.33,25,0,0,0,0,0,0,0,0,0,0,0,0,0,0,0,0,1,0.0,0.0,0.0,0.0,0.0,0.0,0.0,0.0,0.0,0,0,0,0
546,Milan,Aleksić,Aleksić,a,,,4.9,349,217.0,0.0,685,285.0,0.0,729.0,307.0,0,0,0.0,-1,1.0,2,1,0.0,0.0,-0.5,-1.0,0.0,772.0,334.0,100.0,100.0,772.0,334.0,768.0,334.0,760.0,332.0,772.0,334.0,,,,,,,,0.0,0.0,0.0,0.0,0.0,0.0,0.0,0.0,0.0,25,0,0,0,0,0,0,0,0,0,0,0,0,0,0,0,8,3,0.0,0.0,0.0,0.0,0.0,0.0,0.0,0.0,0.0,0,0,0,0
547,Enzo,Le Fée,E.Le Fée,a,,,4.9,338,209.0,1.3,163,54.0,3.8,46.0,20.0,0,0,0.0,-1,1.0,737,711,0.8,17.6,3.3,2.8,3.7,102.0,48.0,100.0,100.0,64.0,19.0,19.0,18.0,129.0,75.0,38.0,28.0,3.0,2.0,2.0,,,,,0.18,0.12,0.3,1.4,0.0,0.34,1.12,1.02,9.41,25,0,0,0,0,0,0,0,0,0,0,0,0,0,0,0,5345,10155,0.0,0.0,0.0,0.0,0.0,0.0,0.0,0.0,0.0,0,0,0,0
548,Romaine,Mundle,Mundle,a,,,4.9,332,205.0,0.0,732,310.0,1.0,243.0,100.0,0,0,0.0,-1,1.0,1,2,0.2,2.2,0.5,0.0,1.0,480.0,220.0,100.0,100.0,426.0,188.0,364.0,188.0,303.0,159.0,399.0,182.0,,3.0,,,,,,0.13,0.08,0.21,1.66,0.0,0.0,1.73,0.58,6.92,25,0,0,0,0,0,0,0,0,0,0,0,0,0,0,0,11,15,0.0,0.0,0.0,0.0,0.0,0.0,0.0,0.0,0.0,0,0,0,0
549,Dan,Neil,Neil,u,has joined Ipswich Town on loan for the rest of the season.,,4.8,364,226.0,0.0,641,260.0,0.0,694.0,282.0,0,0,0.0,-2,2.0,0,12,0.0,0.6,0.0,0.0,1.0,477.0,218.0,0.0,0.0,470.0,215.0,449.0,217.0,738.0,318.0,482.0,221.0,,,,,,,,0.0,0.0,0.0,4.43,0.0,0.0,0.0,0.0,13.85,25,0,0,0,0,0,0,0,0,0,0,0,0,0,0,0,0,41,0.0,0.0,0.0,0.0,0.0,0.0,0.0,0.0,0.0,0,0,0,0
550,Ian,Poveda-Ocampo,Poveda,a,,,4.8,360,225.0,0.0,657,268.0,0.0,693.0,281.0,0,0,0.0,-2,2.0,7,1,0.0,0.0,-0.5,-1.0,0.0,754.0,321.0,,,754.0,321.0,749.0,321.0,737.0,317.0,754.0,321.0,,,,,,,,0.0,0.0,0.0,0.0,0.0,0.0,0.0,0.0,0.0,25,0,0,0,0,0,0,0,0,0,0,0,0,0,0,0,16,8,0.0,0.0,0.0,0.0,0.0,0.0,0.0,0.0,0.0,0,0,0,0
551,Chris,Rigg,Rigg,a,,,4.7,392,245.0,0.0,591,222.0,0.0,687.0,276.0,0,0,0.0,-3,3.0,6,7,0.0,3.2,-0.5,-1.0,1.5,399.0,176.0,,,434.0,193.0,322.0,180.0,363.0,186.0,405.0,183.0,,,,,,,,0.08,0.08,0.16,1.23,0.0,0.48,0.48,1.44,6.48,25,0,0,0,0,0,0,0,0,0,0,0,0,0,0,0,33,57,0.0,0.0,0.0,0.0,0.0,0.0,0.0,0.0,0.0,0,0,0,0
552,Noah,Sadiki,Sadiki,a,,,4.9,347,215.0,0.1,572,211.0,2.8,97.0,40.0,0,0,0.0,-1,1.0,19,15,0.6,9.8,2.3,1.8,2.5,264.0,114.0,100.0,100.0,242.0,100.0,155.0,105.0,305.0,160.0,252.0,123.0,,,,,,,,0.02,0.04,0.06,1.19,0.0,0.32,1.12,1.02,7.91,25,0,0,0,0,0,0,0,0,0,0,0,0,0,0,0,113,92,0.0,0.0,0.0,0.0,0.0,0.0,0.0,0.0,0.0,0,0,0,0
553,Chemsdine,Talbi,Talbi,a,,,4.9,345,213.0,0.1,416,142.0,2.2,133.0,51.0,0,0,0.0,-1,1.0,58,16,0.4,12.2,1.7,1.2,3.3,144.0,64.0,100.0,100.0,258.0,110.0,156.0,106.0,167.0,94.0,220.0,113.0,,,,,,,,0.12,0.05,0.17,1.24,0.0,0.54,0.72,0.9,5.37,25,0,0,0,0,0,0,0,0,0,0,0,0,0,0,0,510,115,0.0,0.0,0.0,0.0,0.0,0.0,0.0,0.0,0.0,0,0,0,0
554,Abdoullah,Ba,Ba,a,,,4.3,591,346.0,0.3,294,100.0,0.0,537.0,172.0,0,0,0.0,-2,2.0,47,63,0.0,0.0,-0.5,-1.0,0.0,635.0,235.0,,,626.0,226.0,621.0,231.0,593.0,218.0,628.0,228.0,,,,,,,,0.0,0.0,0.0,0.0,0.0,0.0,0.0,0.0,0.0,25,0,0,0,0,0,0,0,0,0,0,0,0,0,0,0,202,476,0.0,0.0,0.0,0.0,0.0,0.0,0.0,0.0,0.0,0,0,0,0
555,Alan,Browne,Browne,u,has joined Middlesbrough on loan for the rest of the season.,,4.5,414,252.0,0.0,638,257.0,0.0,599.0,211.0,0,0,0.0,0,0.0,0,2,0.0,0.0,0.0,0.0,0.0,683.0,266.0,0.0,0.0,678.0,261.0,672.0,264.0,649.0,255.0,680.0,263.0,,,,,,,,0.0,0.0,0.0,0.0,0.0,0.0,0.0,0.0,0.0,25,0,0,0,0,0,0,0,0,0,0,0,0,0,0,0,0,11,0.0,0.0,0.0,0.0,0.0,0.0,0.0,0.0,0.0,0,0,0,0
556,Pierre,Ekwah Elimby,Ekwah,u,Has joined AS Saint-Etienne permanently.,,4.5,436,260.0,0.0,762,328.0,0.0,615.0,219.0,0,0,0.0,0,0.0,0,1,0.0,0.0,0.0,0.0,0.0,695.0,273.0,0.0,0.0,690.0,268.0,687.0,271.0,666.0,263.0,692.0,270.0,,,,,,,,0.0,0.0,0.0,0.0,0.0,0.0,0.0,0.0,0.0,25,0,0,0,0,0,0,0,0,0,0,0,0,0,0,0,0,1,0.0,0.0,0.0,0.0,0.0,0.0,0.0,0.0,0.0,0,0,0,0
557,Harrison,Jones,H.Jones,a,,,4.3,609,355.0,0.1,544,198.0,0.0,548.0,180.0,0,0,0.0,-2,2.0,21,9,0.0,0.0,-0.5,-1.0,0.0,643.0,241.0,,,634.0,232.0,630.0,237.0,603.0,225.0,636.0,234.0,,,,,,,,0.0,0.0,0.0,0.0,0.0,0.0,0.0,0.0,0.0,25,0,0,0,0,0,0,0,0,0,0,0,0,0,0,0,111,64,0.0,0.0,0.0,0.0,0.0,0.0,0.0,0.0,0.0,0,0,0,0
558,Jay,Matete,Matete,u,has joined MK Dons permanently.,,4.3,598,349.0,0.2,377,125.0,0.0,539.0,174.0,0,0,0.0,-2,2.0,0,76,0.0,0.0,0.0,0.0,0.0,637.0,237.0,0.0,0.0,628.0,228.0,623.0,233.0,595.0,220.0,630.0,230.0,,,,,,,,0.0,0.0,0.0,0.0,0.0,0.0,0.0,0.0,0.0,25,0,0,0,0,0,0,0,0,0,0,0,0,0,0,0,0,273,0.0,0.0,0.0,0.0,0.0,0.0,0.0,0.0,0.0,0,0,0,0
559,Nectarios,Triantis,Triantis,u,has joined Minnesota United permanently.,,4.4,547,327.0,0.0,636,255.0,0.0,575.0,196.0,0,0,0.0,-1,1.0,0,1,0.0,0.0,0.0,0.0,0.0,663.0,254.0,0.0,0.0,655.0,246.0,651.0,251.0,626.0,240.0,657.0,248.0,,,,,,,,0.0,0.0,0.0,0.0,0.0,0.0,0.0,0.0,0.0,25,0,0,0,0,0,0,0,0,0,0,0,0,0,0,0,0,8,0.0,0.0,0.0,0.0,0.0,0.0,0.0,0.0,0.0,0,0,0,0
560,Wilson,Isidor,Isidor,a,,,5.2,213,49.0,1.5,152,24.0,0.5,315.0,39.0,0,0,0.0,-3,3.0,203,517,0.1,10.0,0.0,-0.5,2.5,265.0,27.0,100.0,100.0,266.0,23.0,376.0,46.0,36.0,17.0,185.0,20.0,,,,,,,,0.32,0.01,0.33,1.42,0.0,0.36,1.18,0.99,3.53,25,0,0,0,0,0,0,0,0,0,0,0,0,0,0,0,883,4192,0.0,0.0,0.0,0.0,0.0,0.0,0.0,0.0,0.0,0,0,0,0
561,Eliezer,Mayenda Dossou,Mayenda,a,,,5.2,220,51.0,0.5,256,41.0,0.8,275.0,37.0,0,0,0.0,-3,3.0,22,52,0.2,5.0,0.3,-0.2,1.9,347.0,38.0,,,363.0,38.0,338.0,38.0,178.0,39.0,331.0,38.0,,,3.0,,,,,0.17,0.02,0.19,1.63,0.0,0.47,1.1,0.94,3.15,25,0,0,0,0,0,0,0,0,0,0,0,0,0,0,0,95,304,0.0,0.0,0.0,0.0,0.0,0.0,0.0,0.0,0.0,0,0,0,0
562,Ahmed,Abdullahi,Abdullahi,a,,,4.2,650,91.0,0.4,269,44.0,0.0,527.0,50.0,0,0,0.0,-3,3.0,262,98,0.0,0.0,-0.5,-1.0,0.0,630.0,64.0,,,622.0,64.0,616.0,63.0,587.0,63.0,624.0,64.0,,,,,,,,0.0,0.0,0.0,0.0,0.0,0.0,0.0,0.0,0.0,25,0,0,0,0,0,0,0,0,0,0,0,0,0,0,0,1127,518,0.0,0.0,0.0,0.0,0.0,0.0,0.0,0.0,0.0,0,0,0,0
563,Luís Hemir,Silva Semedo,Luís Hemir,u,has joined Moreirense on loan for the rest of the season.,,4.4,556,79.0,0.1,499,71.0,0.0,583.0,58.0,0,0,0.0,-1,1.0,0,8,0.0,0.0,0.0,0.0,0.0,670.0,71.0,0.0,0.0,663.0,71.0,658.0,70.0,634.0,70.0,665.0,71.0,,,,,,,,0.0,0.0,0.0,0.0,0.0,0.0,0.0,0.0,0.0,25,0,0,0,0,0,0,0,0,0,0,0,0,0,0,0,0,18,0.0,0.0,0.0,0.0,0.0,0.0,0.0,0.0,0.0,0,0,0,0
564,Nazarii,Rusyn,Rusyn,u,has joined Arka on loan for the rest of the season.,,4.4,539,76.0,0.1,502,72.0,0.0,570.0,55.0,0,0,0.0,-1,1.0,0,5,0.0,0.0,0.0,0.0,0.0,659.0,68.0,0.0,0.0,650.0,68.0,646.0,67.0,621.0,67.0,652.0,68.0,,,,,,,,0.0,0.0,0.0,0.0,0.0,0.0,0.0,0.0,0.0,25,0,0,0,0,0,0,0,0,0,0,0,0,0,0,0,0,21,0.0,0.0,0.0,0.0,0.0,0.0,0.0,0.0,0.0,0,0,0,0
668,Granit,Xhaka,Xhaka,i,Ankle injury - Expected back 22 Feb,,5.1,224,137.0,4.2,83,27.0,0.5,313.0,139.0,0,0,0.0,1,-1.0,25,5216,0.1,17.6,0.0,0.0,4.1,60.0,25.0,0.0,0.0,34.0,8.0,28.0,27.0,256.0,137.0,50.0,34.0,1.0,1.0,,,,,,0.03,0.1,0.13,1.43,0.0,0.32,1.06,1.01,10.87,25,0,0,0,0,0,0,0,0,0,0,0,0,0,0,0,197,36883,0.0,0.0,0.0,0.0,0.0,0.0,0.0,0.0,0.0,0,0,0,0
670,Robin,Roefs,Roefs,a,,,5.0,269,10.0,12.4,30,5.0,2.2,135.0,15.0,0,0,0.0,5,-5.0,774,3979,0.4,20.8,1.7,1.2,4.3,44.0,2.0,,,10.0,2.0,343.0,2.0,774.0,88.0,136.0,2.0,,,,,,,,0.0,0.0,0.0,1.39,3.17,0.33,1.08,1.0,0.0,25,0,0,0,0,0,0,0,0,0,0,0,0,0,0,0,6410,28841,0.0,0.0,0.0,0.0,0.0,0.0,0.0,0.0,0.0,0,0,0,0
678,Arthur,Masuaku,Masuaku,u,has joined RC Lens on loan for the rest of the season.,,3.9,743,212.0,0.5,257,97.0,0.0,412.0,168.0,0,0,0.0,-1,1.0,0,58,0.0,0.3,0.0,0.0,0.3,504.0,178.0,0.0,0.0,429.0,161.0,381.0,137.0,401.0,151.0,434.0,156.0,,,,,,,,0.05,0.06,0.11,1.5,0.0,0.0,1.44,1.44,7.2,25,0,0,0,0,0,0,0,0,0,0,0,0,0,0,0,0,322,0.0,0.0,0.0,0.0,0.0,0.0,0.0,0.0,0.0,0,0,0,0
683,Omar,Alderete,Alderete,a,,,4.1,654,159.0,6.5,56,18.0,2.0,147.0,58.0,0,0,0.0,1,-1.0,1052,1296,0.5,20.7,1.5,1.0,4.2,50.0,18.0,100.0,100.0,49.0,22.0,238.0,67.0,110.0,17.0,103.0,31.0,,,,,,,,0.06,0.04,0.1,1.39,0.0,0.36,1.09,0.99,9.6,25,0,0,0,0,0,0,0,0,0,0,0,0,0,0,0,7690,14050,0.0,0.0,0.0,0.0,0.0,0.0,0.0,0.0,0.0,0,0,0,0
694,Nordi,Mukiele,Mukiele,a,,,4.6,399,68.0,13.7,27,10.0,4.8,16.0,3.0,0,0,0.0,6,-6.0,4246,2226,1.0,24.1,4.3,3.8,5.0,13.0,5.0,,,32.0,14.0,95.0,22.0,199.0,48.0,72.0,16.0,,,,,,,,0.04,0.09,0.13,1.45,0.0,0.32,1.1,1.0,9.58,25,0,0,0,0,0,0,0,0,0,0,0,0,0,0,0,29788,22556,0.0,0.0,0.0,0.0,0.0,0.0,0.0,0.0,0.0,0,0,0,0
724,Lutsharel,Geertruida,Geertruida,a,,,4.5,425,83.0,0.0,594,213.0,0.2,353.0,135.0,0,0,0.0,0,0.0,9,19,0.0,7.3,-0.3,-0.8,1.8,355.0,130.0,,,275.0,108.0,274.0,89.0,324.0,103.0,314.0,107.0,,,,,,,,0.03,0.05,0.08,1.89,0.0,0.18,1.29,0.92,5.88,25,0,0,0,0,0,0,0,0,0,0,0,0,0,0,0,40,114,0.0,0.0,0.0,0.0,0.0,0.0,0.0,0.0,0.0,0,0,0,0
730,Brian,Brobbey,Brobbey,a,,,5.5,148,37.0,1.4,157,25.0,4.5,25.0,4.0,0,-1,1.0,0,0.0,994,1257,0.8,10.5,4.0,3.5,3.1,181.0,17.0,100.0,100.0,212.0,17.0,279.0,27.0,80.0,26.0,199.0,22.0,,,,,,,,0.23,0.02,0.25,1.54,0.0,0.38,1.14,0.95,3.69,25,0,0,0,0,0,0,0,0,0,0,0,0,0,0,0,4725,17711,0.0,0.0,0.0,0.0,0.0,0.0,0.0,0.0,0.0,0,0,0,0
735,Bertrand,Traoré,Traoré,i,Knee injury - Expected back 22 Feb,,5.5,137,85.0,0.0,637,256.0,0.0,783.0,347.0,0,0,0.0,0,0.0,3,11,0.0,5.1,0.0,0.0,2.8,226.0,97.0,0.0,0.0,310.0,139.0,217.0,139.0,171.0,96.0,271.0,133.0,,,,,,,,0.07,0.04,0.11,1.33,0.0,0.44,1.33,1.33,5.93,25,0,0,0,0,0,0,0,0,0,0,0,0,0,0,0,14,29,0.0,0.0,0.0,0.0,0.0,0.0,0.0,0.0,0.0,0,0,0,0
774,Jenson,Jones,Jenson Jones,a,,,4.0,673,168.0,0.0,714,245.0,0.0,456.0,186.0,0,0,0.0,0,0.0,5,7,0.0,0.0,-0.5,-1.0,0.0,573.0,213.0,,,563.0,212.0,555.0,212.0,521.0,206.0,565.0,212.0,,,,,,,,0.0,0.0,0.0,0.0,0.0,0.0,0.0,0.0,0.0,25,0,0,0,0,0,0,0,0,0,0,0,0,0,0,0,71,21,0.0,0.0,0.0,0.0,0.0,0.0,0.0,0.0,0.0,0,0,0,0
775,Tymur,Tutierov,Tutierov,u,has joined Exeter City on loan for the rest of the season.,,4.5,495,303.0,0.0,811,361.0,0.0,661.0,257.0,0,0,0.0,0,0.0,0,0,0.0,0.0,0.0,0.0,0.0,734.0,305.0,0.0,0.0,733.0,304.0,727.0,304.0,710.0,299.0,733.0,304.0,,,,,,,,0.0,0.0,0.0,0.0,0.0,0.0,0.0,0.0,0.0,25,0,0,0,0,0,0,0,0,0,0,0,0,0,0,0,0,1,0.0,0.0,0.0,0.0,0.0,0.0,0.0,0.0,0.0,0,0,0,0
800,Djiamgone Jocelin Ta,Bi,Jocelin.T,i,Lack of match fitness - Expected back 22 Feb,,5.0,285,177.0,0.0,815,365.0,0.0,755.0,328.0,0,0,0.0,0,0.0,1,1,0.0,0.0,0.0,0.0,0.0,791.0,349.0,0.0,0.0,791.0,349.0,789.0,349.0,783.0,347.0,791.0,349.0,,,,,,,,0.0,0.0,0.0,0.0,0.0,0.0,0.0,0.0,0.0,25,0,0,0,0,0,0,0,0,0,0,0,0,0,0,0,14,4,0.0,0.0,0.0,0.0,0.0,0.0,0.0,0.0,0.0,0,0,0,0
812,Melker,Ellborg,Ellborg,a,,,4.0,699,61.0,0.0,799,92.0,0.0,480.0,71.0,0,0,0.0,0,0.0,18,3,0.0,0.0,1.0,0.5,0.0,596.0,80.0,,,586.0,80.0,578.0,68.0,544.0,53.0,588.0,80.0,,,,,,,,0.0,0.0,0.0,0.0,0.0,0.0,0.0,0.0,0.0,25,0,0,0,0,0,0,0,0,0,0,0,0,0,0,0,102,5,0.0,0.0,0.0,0.0,0.0,0.0,0.0,0.0,0.0,0,0,0,0
813,Nilson,Angulo,Angulo,a,,,5.0,276,170.0,0.0,805,357.0,0.0,747.0,322.0,0,0,0.0,0,0.0,25,3,0.0,0.0,1.3,0.8,0.0,784.0,344.0,,,784.0,344.0,782.0,344.0,776.0,342.0,784.0,344.0,,,,,,,,0.0,0.0,0.0,0.0,0.0,0.0,0.0,0.0,0.0,25,0,0,0,0,0,0,0,0,0,0,0,0,0,0,0,85,5,0.0,0.0,0.0,0.0,0.0,0.0,0.0,0.0,0.0,0,0,0,0
565,Guglielmo,Vicario,Vicario,a,,,4.8,356,14.0,6.2,59,9.0,1.8,178.0,18.0,4,0,0.0,-2,2.0,198,1215,0.4,17.1,1.8,1.8,3.3,141.0,13.0,,,33.0,9.0,476.0,14.0,735.0,81.0,197.0,10.0,,,,,,,,0.0,0.0,0.0,1.36,2.65,0.28,1.37,1.01,0.0,25,4,78,0,0,0,1,0,0,0,0,0,6,1,0,24,1906,9917,0.0,0.0,0.0,0.0,1.0799999999999983,0.0,0.0,0.0,0.0,1,0,10,0
566,Brandon,Austin,Austin,a,,,3.9,750,78.0,0.3,316,43.0,0.0,417.0,36.0,0,0,0.0,-1,1.0,12,15,0.0,0.0,0.0,0.0,0.0,537.0,46.0,,,527.0,46.0,516.0,31.0,480.0,16.0,529.0,46.0,,,,,,,,0.0,0.0,0.0,0.0,0.0,0.0,0.0,0.0,0.0,25,0,0,0,0,0,0,0,0,0,0,0,0,0,0,0,54,113,0.0,0.0,0.0,0.0,0.0,0.0,0.0,0.0,0.0,0,0,0,0
567,Antonín,Kinský,Kinsky,a,,,3.9,766,85.0,1.6,144,19.0,0.0,428.0,43.0,0,0,0.0,-1,1.0,30,118,0.0,0.0,0.0,0.0,0.0,547.0,53.0,,,537.0,53.0,526.0,38.0,490.0,23.0,539.0,53.0,,,,,,,,0.0,0.0,0.0,0.0,0.0,0.0,0.0,0.0,0.0,25,0,0,0,0,0,0,0,0,0,0,0,0,0,0,0,211,778,0.0,0.0,0.0,0.0,0.0,0.0,0.0,0.0,0.0,0,0,0,0
568,Pedro,Porro Sauceda,Pedro Porro,i,Hamstring injury - Expected back 22 Feb,,5.2,215,29.0,10.4,37,14.0,1.2,230.0,87.0,0,0,0.0,-3,3.0,17,6419,0.2,15.2,0.0,0.0,3.4,133.0,48.0,0.0,0.0,76.0,32.0,18.0,1.0,240.0,65.0,47.0,5.0,3.0,2.0,,,,,,0.02,0.14,0.16,1.26,0.0,0.35,1.19,1.04,6.73,25,0,0,0,0,0,0,0,0,0,0,0,0,0,0,0,57,33362,0.0,0.0,0.0,0.0,0.0,0.0,0.0,0.0,0.0,0,0,0,0
569,Cristian,Romero,Romero,a,,,5.0,253,38.0,4.3,82,28.0,4.2,31.0,11.0,-2,0,0.0,0,0.0,2033,2576,0.8,18.0,4.2,4.2,4.3,43.0,16.0,100.0,100.0,27.0,10.0,213.0,53.0,104.0,14.0,82.0,19.0,,,,,,,,0.07,0.06,0.13,1.36,0.0,0.26,1.47,1.05,9.58,25,90,28,0,0,0,1,0,0,0,0,1,0,1,0,292,8537,8239,0.0,0.0,0.020000000000000018,0.020000000000000018,0.3999999999999986,0.0,0.0,0.0,0.0,1,3,2,4
570,Kevin,Danso,Danso,i,Toe Injury - Unknown return date,,4.2,628,143.0,0.1,431,161.0,0.2,340.0,126.0,0,0,0.0,-3,3.0,2,89,0.0,6.4,0.0,0.0,2.1,306.0,114.0,0.0,0.0,240.0,98.0,418.0,151.0,393.0,145.0,346.0,118.0,,,,,,,,0.0,0.02,0.02,1.46,0.0,0.27,1.64,1.09,12.72,25,0,0,0,0,0,0,0,0,0,0,0,0,0,0,0,12,316,0.0,0.0,0.0,0.0,0.0,0.0,0.0,0.0,0.0,0,0,0,0
571,Ben,Davies,Davies,i,Ankle injury - Unknown return date,,4.3,576,125.0,0.1,531,190.0,0.0,532.0,232.0,0,0,0.0,-2,2.0,0,14,0.0,2.3,0.0,0.0,3.3,137.0,50.0,0.0,0.0,371.0,142.0,377.0,136.0,297.0,94.0,375.0,133.0,,,,,,,,0.32,0.05,0.37,0.73,0.0,0.0,1.99,1.32,9.26,25,0,0,0,0,0,0,0,0,0,0,0,0,0,0,0,6,58,0.0,0.0,0.0,0.0,0.0,0.0,0.0,0.0,0.0,0,0,0,0
572,Radu,Drăgușin,Dragusin,a,,,4.5,450,91.0,0.0,694,239.0,0.8,263.0,99.0,1,0,0.0,0,0.0,13,9,0.2,0.9,0.8,0.8,1.0,463.0,169.0,100.0,100.0,453.0,166.0,459.0,169.0,409.0,154.0,465.0,166.0,,,,,,,,0.04,0.0,0.04,1.81,0.0,0.0,1.9,0.63,6.34,25,1,46,0,0,0,1,0,0,0,0,0,0,0,0,2,67,45,0.0,0.0,0.0,0.0,0.69,0.0,0.0,0.0,0.0,1,3,1,4
573,Djed,Spence,Spence,d,Calf injury - 75% chance of playing,,4.3,585,131.0,1.0,186,72.0,0.5,296.0,111.0,0,0,0.0,-2,2.0,9,576,0.1,12.8,0.4,0.4,2.8,215.0,81.0,75.0,75.0,217.0,86.0,153.0,40.0,156.0,32.0,192.0,64.0,,,,,,,,0.05,0.08,0.13,1.41,0.0,0.42,1.25,1.02,4.66,25,0,0,0,0,0,0,0,0,0,0,0,0,0,0,0,46,3463,0.0,0.0,0.0,0.0,0.0,0.0,0.0,0.0,0.0,0,0,0,0
574,Destiny,Udogie,Udogie,a,,,4.3,593,137.0,0.3,304,113.0,0.5,297.0,112.0,0,0,0.0,-2,2.0,94,34,0.1,3.5,0.5,0.5,1.2,429.0,155.0,100.0,100.0,292.0,112.0,218.0,55.0,249.0,71.0,287.0,97.0,,,,,,,,0.02,0.06,0.08,1.59,0.0,0.0,1.93,0.91,4.53,25,0,54,0,0,0,1,0,0,0,1,0,0,1,0,62,485,168,0.0,0.0,0.12,0.12,0.7599999999999998,0.0,0.0,0.0,0.0,3,1,2,4
575,Micky,van de Ven,Van de Ven,a,,,4.5,448,90.0,24.6,15,4.0,2.2,130.0,53.0,2,0,0.0,0,0.0,2084,4222,0.5,21.8,2.2,2.2,4.3,42.0,15.0,100.0,100.0,44.0,18.0,269.0,84.0,113.0,19.0,108.0,35.0,,,,,,,,0.12,0.01,0.13,1.31,0.0,0.31,1.32,1.01,6.55,25,2,78,0,0,0,1,0,0,0,0,0,0,1,0,10,10985,45438,0.0,0.14000000000000012,0.0,0.14000000000000012,1.0799999999999983,0.0,0.0,0.0,0.0,0,7,1,7
576,Ashley,Phillips,Phillips,u,Has joined Stoke City on loan for the rest of the season.,,4.0,707,186.0,0.0,718,247.0,0.0,486.0,200.0,0,0,0.0,0,0.0,0,0,0.0,0.0,0.0,0.0,0.0,601.0,225.0,0.0,0.0,591.0,224.0,583.0,224.0,550.0,219.0,593.0,224.0,,,,,,,,0.0,0.0,0.0,0.0,0.0,0.0,0.0,0.0,0.0,25,0,0,0,0,0,0,0,0,0,0,0,0,0,0,0,0,2,0.0,0.0,0.0,0.0,0.0,0.0,0.0,0.0,0.0,0,0,0,0
577,Takai,Kōta,Takai,u,has joined Borussia Mönchengladbach on loan for the rest of the season.,,4.0,709,187.0,0.0,597,214.0,0.0,488.0,201.0,0,0,0.0,0,0.0,0,3,0.0,0.0,0.0,0.0,0.0,603.0,226.0,0.0,0.0,593.0,225.0,585.0,225.0,552.0,220.0,595.0,225.0,,,,,,,,0.0,0.0,0.0,0.0,0.0,0.0,0.0,0.0,0.0,25,0,0,0,0,0,0,0,0,0,0,0,0,0,0,0,0,13,0.0,0.0,0.0,0.0,0.0,0.0,0.0,0.0,0.0,0,0,0,0
578,Luka,Vušković,Vuskovic,u,has joined Hamburger SV on loan for the rest of the season.,,3.9,781,231.0,0.3,306,115.0,0.0,443.0,180.0,0,0,0.0,-1,1.0,0,21,0.0,0.0,0.0,0.0,0.0,561.0,207.0,0.0,0.0,551.0,206.0,540.0,206.0,505.0,199.0,553.0,206.0,,,,,,,,0.0,0.0,0.0,0.0,0.0,0.0,0.0,0.0,0.0,25,0,0,0,0,0,0,0,0,0,0,0,0,0,0,0,0,59,0.0,0.0,0.0,0.0,0.0,0.0,0.0,0.0,0.0,0,0,0,0
582,Mohammed,Kudus,Kudus,i,Thigh injury - Expected back 11 Apr,,6.4,60,38.0,10.0,39,14.0,0.0,806.0,361.0,0,0,0.0,-1,1.0,6,2265,0.0,11.7,0.0,0.0,3.9,84.0,39.0,0.0,0.0,121.0,41.0,33.0,32.0,59.0,37.0,44.0,33.0,2.0,1.0,,,,,,0.11,0.14,0.25,1.33,0.0,0.41,1.17,1.11,7.8,25,0,0,0,0,0,0,0,0,0,0,0,0,0,0,0,25,8413,0.0,0.0,0.0,0.0,0.0,0.0,0.0,0.0,0.0,0,0,0,0
583,Dejan,Kulusevski,Kulusevski,i,Knee injury - Unknown return date,,6.4,58,37.0,0.0,707,298.0,0.0,805.0,360.0,0,0,0.0,-1,1.0,3,2,0.0,0.0,0.0,0.0,0.0,811.0,363.0,0.0,0.0,811.0,363.0,811.0,363.0,811.0,363.0,811.0,363.0,,,,,,,,0.0,0.0,0.0,0.0,0.0,0.0,0.0,0.0,0.0,25,0,0,0,0,0,0,0,0,0,0,0,0,0,0,0,9,6,0.0,0.0,0.0,0.0,0.0,0.0,0.0,0.0,0.0,0,0,0,0
584,Mathys,Tel,Tel,a,,,6.2,79,52.0,0.1,413,140.0,1.0,249.0,104.0,0,0,0.0,-3,3.0,42,88,0.2,7.4,1.0,1.0,2.7,243.0,107.0,,,282.0,125.0,209.0,137.0,140.0,81.0,246.0,119.0,4.0,,4.0,,,,,0.18,0.09,0.27,1.23,0.0,0.16,1.46,0.97,7.77,25,0,0,0,0,0,0,0,0,0,0,0,0,0,0,0,195,874,0.0,0.0,0.0,0.0,0.0,0.0,0.0,0.0,0.0,0,0,0,0
585,Rodrigo,Bentancur,Bentancur,i,Hamstring injury - Unknown return date,,5.3,191,118.0,0.2,385,128.0,0.0,767.0,337.0,0,0,0.0,-2,2.0,1,67,0.0,12.1,0.0,0.0,3.2,158.0,70.0,0.0,0.0,176.0,70.0,161.0,109.0,246.0,132.0,205.0,105.0,,,,,,,,0.03,0.04,0.07,1.32,0.0,0.32,1.34,1.09,13.24,25,0,0,0,0,0,0,0,0,0,0,0,0,0,0,0,18,241,0.0,0.0,0.0,0.0,0.0,0.0,0.0,0.0,0.0,0,0,0,0
586,Lucas,Bergvall,Bergvall,i,Ankle injury - Unknown return date,,5.2,221,136.0,0.2,380,126.0,0.2,367.0,162.0,0,0,0.0,-3,3.0,3,41,0.0,7.5,0.0,0.0,2.3,288.0,124.0,0.0,0.0,291.0,130.0,261.0,156.0,173.0,98.0,273.0,134.0,,,,,,,,0.11,0.04,0.15,1.15,0.0,0.34,1.46,1.13,7.66,25,0,0,0,0,0,0,0,0,0,0,0,0,0,0,0,8,154,0.0,0.0,0.0,0.0,0.0,0.0,0.0,0.0,0.0,0,0,0,0
587,Yves,Bissouma,Bissouma,a,,,5.2,211,130.0,0.0,598,227.0,1.5,206.0,82.0,0,0,0.0,-3,3.0,26,10,0.3,1.2,1.5,1.5,2.0,329.0,147.0,100.0,100.0,410.0,183.0,404.0,200.0,364.0,187.0,423.0,191.0,,,,,,,,0.13,0.03,0.16,1.79,0.0,0.0,2.38,0.95,13.33,25,0,0,0,0,0,0,0,0,0,0,0,0,0,0,0,86,36,0.0,0.0,0.0,0.0,0.0,0.0,0.0,0.0,0.0,0,0,0,0
588,Wilson,Odobert,Odobert,a,,,5.3,206,128.0,0.1,513,182.0,3.0,83.0,33.0,1,0,0.0,-2,2.0,43,37,0.6,8.5,3.0,3.0,2.0,330.0,148.0,100.0,100.0,278.0,121.0,91.0,68.0,85.0,53.0,146.0,80.0,,,,,,,,0.18,0.11,0.29,1.23,0.0,0.19,1.25,0.86,7.29,25,1,31,0,0,0,0,0,0,0,0,0,0,1,0,4,362,605,0.0,0.0,0.010000000000000009,0.009999999999999787,0.40000000000000036,0.0,0.0,0.0,0.0,0,1,3,4
589,Manor,Solomon,Solomon,u,has joined Fiorentina on loan for the rest of the season.,,5.4,171,105.0,0.0,747,318.0,0.0,776.0,341.0,0,0,0.0,-1,1.0,0,0,0.0,0.0,0.0,0.0,0.0,796.0,352.0,0.0,0.0,796.0,352.0,795.0,352.0,791.0,351.0,796.0,352.0,,,,,,,,0.0,0.0,0.0,0.0,0.0,0.0,0.0,0.0,0.0,25,0,0,0,0,0,0,0,0,0,0,0,0,0,0,0,0,0,0.0,0.0,0.0,0.0,0.0,0.0,0.0,0.0,0.0,0,0,0,0
590,Bryan,Gil Salvatierra,Bryan,u,has joined Girona permanently.,,4.9,327,202.0,0.0,651,264.0,0.0,717.0,298.0,0,0,0.0,-1,1.0,0,1,0.0,0.0,0.0,0.0,0.0,765.0,329.0,0.0,0.0,765.0,329.0,761.0,329.0,753.0,327.0,765.0,329.0,,,,,,,,0.0,0.0,0.0,0.0,0.0,0.0,0.0,0.0,0.0,25,0,0,0,0,0,0,0,0,0,0,0,0,0,0,0,0,1,0.0,0.0,0.0,0.0,0.0,0.0,0.0,0.0,0.0,0,0,0,0
591,Archie,Gray,Gray,a,,,4.8,374,234.0,0.1,437,148.0,1.2,223.0,91.0,2,0,0.0,-2,2.0,37,29,0.3,6.7,1.2,1.2,2.1,312.0,137.0,100.0,100.0,318.0,142.0,303.0,171.0,247.0,133.0,325.0,158.0,,,,,,,,0.07,0.02,0.09,1.23,0.0,0.55,1.2,1.2,8.62,25,2,78,0,0,0,1,0,0,0,0,0,0,1,0,8,140,227,0.0,0.0,0.01999999999999999,0.020000000000000018,1.08,0.0,0.0,0.0,0.0,0,4,2,6
592,Mikey,Moore,Moore,u,Has joined Rangers on loan for the rest of the season.,,5.0,271,165.0,0.0,779,338.0,0.0,746.0,321.0,0,0,0.0,0,0.0,0,0,0.0,0.0,0.0,0.0,0.0,783.0,343.0,0.0,0.0,783.0,343.0,781.0,343.0,775.0,341.0,783.0,343.0,,,,,,,,0.0,0.0,0.0,0.0,0.0,0.0,0.0,0.0,0.0,25,0,0,0,0,0,0,0,0,0,0,0,0,0,0,0,0,0,0.0,0.0,0.0,0.0,0.0,0.0,0.0,0.0,0.0,0,0,0,0
593,Pape Matar,Sarr,P.M.Sarr,a,,,4.5,443,265.0,0.8,201,69.0,0.8,262.0,108.0,2,0,0.0,-5,5.0,352,97,0.2,10.0,0.8,0.8,2.8,217.0,93.0,100.0,100.0,252.0,107.0,251.0,151.0,231.0,126.0,268.0,132.0,,,,,,,,0.12,0.06,0.18,1.63,0.0,0.33,0.87,0.87,10.9,25,2,78,0,0,0,1,0,0,0,0,0,0,1,0,12,2093,588,0.0,0.040000000000000036,0.08000000000000002,0.1200000000000001,1.08,0.0,0.0,0.0,0.0,0,5,4,9
594,Yang,Min-hyeok,Min-hyeok,u,has joined Coventry City on loan for the rest of the season.,,4.5,505,312.0,0.0,721,305.0,0.0,669.0,265.0,0,0,0.0,0,0.0,0,0,0.0,0.0,0.0,0.0,0.0,741.0,312.0,0.0,0.0,741.0,312.0,735.0,312.0,718.0,307.0,741.0,312.0,,,,,,,,0.0,0.0,0.0,0.0,0.0,0.0,0.0,0.0,0.0,25,0,0,0,0,0,0,0,0,0,0,0,0,0,0,0,0,0,0.0,0.0,0.0,0.0,0.0,0.0,0.0,0.0,0.0,0,0,0,0
595,Callum,Olusesi,Olusesi,a,,,4.3,600,351.0,0.2,368,123.0,0.0,541.0,176.0,0,0,0.0,-2,2.0,43,26,0.0,0.0,0.0,0.0,0.0,638.0,238.0,,,629.0,229.0,624.0,234.0,597.0,222.0,631.0,231.0,,,,,,,,0.0,0.0,0.0,0.0,0.0,0.0,0.0,0.0,0.0,25,0,0,0,0,0,0,0,0,0,0,0,0,0,0,0,151,120,0.0,0.0,0.0,0.0,0.0,0.0,0.0,0.0,0.0,0,0,0,0
596,Dominic,Solanke-Mitchell,Solanke,a,,,7.2,29,12.0,1.3,171,29.0,4.2,35.0,5.0,2,0,0.0,-3,3.0,1742,223,0.6,2.6,4.2,4.2,3.2,162.0,15.0,100.0,100.0,339.0,35.0,352.0,44.0,208.0,43.0,334.0,40.0,,,2.0,,,,,0.26,0.05,0.31,1.7,0.0,0.0,1.71,0.85,5.41,25,2,78,0,0,0,1,0,0,0,0,0,0,1,0,3,12987,1708,0.0,0.0,0.03,0.030000000000000027,1.08,0.0,0.0,0.0,0.0,1,2,1,4
597,Richarlison,de Andrade,Richarlison,i,Hamstring injury - Expected back 01 Mar,,6.3,66,21.0,5.6,66,13.0,0.0,803.0,85.0,0,0,0.0,-2,2.0,15,1690,0.0,11.9,0.0,0.0,3.6,112.0,11.0,0.0,0.0,94.0,8.0,163.0,13.0,23.0,13.0,52.0,10.0,,,3.0,,,,,0.34,0.09,0.43,1.27,0.0,0.35,1.34,0.92,6.91,25,0,0,0,0,0,0,0,0,0,0,0,0,0,0,0,113,6827,0.0,0.0,0.0,0.0,0.0,0.0,0.0,0.0,0.0,0,0,0,0
598,Will,Lankshear,Lankshear,u,has joined Oxford United on loan for the rest of the season.,,4.5,470,67.0,0.0,664,83.0,0.0,637.0,62.0,0,0,0.0,0,0.0,0,1,0.0,0.0,0.0,0.0,0.0,714.0,75.0,0.0,0.0,711.0,75.0,706.0,74.0,687.0,74.0,712.0,75.0,,,,,,,,0.0,0.0,0.0,0.0,0.0,0.0,0.0,0.0,0.0,25,0,0,0,0,0,0,0,0,0,0,0,0,0,0,0,0,3,0.0,0.0,0.0,0.0,0.0,0.0,0.0,0.0,0.0,0,0,0,0
599,Dane,Scarlett,Scarlett,u,has joined Hibernian on loan for the rest of the season.,,4.3,595,83.0,0.6,240,37.0,0.2,346.0,43.0,0,0,0.0,-2,2.0,0,233,0.0,0.5,0.0,0.0,1.0,449.0,56.0,0.0,0.0,485.0,59.0,435.0,57.0,430.0,59.0,473.0,59.0,,,,,,,,0.0,0.13,0.13,0.39,0.0,0.0,0.0,0.0,12.86,25,0,0,0,0,0,0,0,0,0,0,0,0,0,0,0,0,787,0.0,0.0,0.0,0.0,0.0,0.0,0.0,0.0,0.0,0,0,0,0
673,João Maria,Lobo Alves Palhares Costa Palhinha Gonçalves,J.Palhinha,a,,,5.5,138,86.0,0.9,198,68.0,1.2,232.0,95.0,1,0,0.0,0,0.0,153,201,0.2,15.1,1.2,1.2,3.8,94.0,44.0,100.0,100.0,77.0,25.0,252.0,152.0,165.0,93.0,151.0,84.0,,,,,,,,0.07,0.03,0.1,1.38,0.0,0.25,1.41,0.98,12.21,25,1,78,0,0,0,1,0,0,0,1,0,0,1,0,4,1167,1227,0.0,0.030000000000000027,0.020000000000000018,0.050000000000000044,1.0800000000000018,0.0,0.0,0.0,0.0,3,4,1,8
717,Xavi,Simons,Xavi,a,,,6.5,54,35.0,1.2,177,60.0,3.5,63.0,25.0,2,0,0.0,-5,5.0,736,270,0.5,8.9,3.5,3.5,3.1,185.0,82.0,100.0,100.0,204.0,88.0,62.0,49.0,127.0,73.0,117.0,64.0,5.0,,,,,,,0.14,0.21,0.35,1.49,0.0,0.21,1.7,0.99,8.16,25,2,78,0,0,0,1,0,0,0,0,0,0,1,0,20,4912,2307,0.0,0.09999999999999987,0.16999999999999993,0.2699999999999996,1.0799999999999983,0.0,0.0,0.0,0.0,2,3,2,7
726,Randal,Kolo Muani,Kolo Muani,a,,,6.9,42,17.0,0.3,291,46.0,1.0,253.0,33.0,0,0,0.0,-1,1.0,113,170,0.1,3.8,1.0,1.0,1.6,390.0,47.0,100.0,100.0,362.0,37.0,162.0,12.0,141.0,35.0,263.0,30.0,,,,,,,,0.12,0.09,0.21,1.38,0.0,0.27,1.64,1.09,5.64,25,0,0,0,0,0,0,0,0,0,0,0,0,0,0,0,563,1125,0.0,0.0,0.0,0.0,0.0,0.0,0.0,0.0,0.0,0,0,0,0
745,Jun'ai,Byfield,Byfield,a,,,4.0,730,207.0,0.0,632,222.0,0.2,338.0,124.0,0,0,0.0,0,0.0,10,9,0.0,0.2,0.2,0.2,1.0,445.0,165.0,,,490.0,175.0,460.0,170.0,570.0,237.0,494.0,176.0,,,,,,,,0.0,0.0,0.0,0.0,0.0,0.0,0.0,0.0,0.0,25,0,0,0,0,0,0,0,0,0,0,0,0,0,0,0,28,22,0.0,0.0,0.0,0.0,0.0,0.0,0.0,0.0,0.0,0,0,0,0
750,James,Rowswell,Rowswell,a,,,4.0,694,178.0,0.0,655,229.0,0.0,475.0,194.0,0,0,0.0,0,0.0,7,7,0.0,0.0,0.0,0.0,0.0,591.0,220.0,,,581.0,219.0,573.0,219.0,539.0,213.0,583.0,219.0,,,,,,,,0.0,0.0,0.0,0.0,0.0,0.0,0.0,0.0,0.0,25,0,0,0,0,0,0,0,0,0,0,0,0,0,0,0,22,27,0.0,0.0,0.0,0.0,0.0,0.0,0.0,0.0,0.0,0,0,0,0
751,Yusuf,Akhamrich,Akhamrich,u,has joined Bristol Rovers on loan for the rest of the season.,,4.5,489,299.0,0.0,761,327.0,0.0,655.0,253.0,0,0,0.0,0,0.0,0,3,0.0,0.0,0.0,0.0,0.0,728.0,301.0,0.0,0.0,727.0,300.0,721.0,300.0,704.0,295.0,727.0,300.0,,,,,,,,0.0,0.0,0.0,0.0,0.0,0.0,0.0,0.0,0.0,25,0,0,0,0,0,0,0,0,0,0,0,0,0,0,0,0,6,0.0,0.0,0.0,0.0,0.0,0.0,0.0,0.0,0.0,0,0,0,0
790,Lucá,Williams-Barnett,Williams-Barnett,a,,,4.5,502,309.0,0.0,780,339.0,0.0,666.0,262.0,0,0,0.0,0,0.0,11,4,0.0,0.0,0.0,0.0,0.0,738.0,309.0,,,738.0,309.0,732.0,309.0,715.0,304.0,738.0,309.0,,,,,,,,0.0,0.0,0.0,0.0,0.0,0.0,0.0,0.0,0.0,25,0,0,0,0,0,0,0,0,0,0,0,0,0,0,0,28,11,0.0,0.0,0.0,0.0,0.0,0.0,0.0,0.0,0.0,0,0,0,0
796,Conor,Gallagher,Gallagher,a,,,5.4,170,104.0,0.2,403,135.0,3.2,73.0,29.0,2,0,0.0,-1,1.0,347,94,0.6,2.4,3.2,3.2,3.2,161.0,72.0,,,390.0,171.0,312.0,175.0,280.0,149.0,366.0,172.0,,,,,,,,0.15,0.11,0.26,1.91,0.0,0.0,1.84,1.05,10.53,25,2,78,0,0,0,1,0,0,0,0,0,0,1,0,10,1940,831,0.0,0.16000000000000003,0.07,0.22999999999999998,1.08,0.0,0.0,0.0,0.0,1,5,2,8
804,João Victor,de Souza Menezes,Souza,a,,,4.0,727,204.0,0.0,749,256.0,0.5,293.0,108.0,1,0,0.0,0,0.0,24,6,0.1,0.2,0.5,0.5,1.0,444.0,164.0,,,608.0,239.0,600.0,239.0,567.0,234.0,610.0,239.0,,,,,,,,0.0,0.0,0.0,1.29,0.0,0.0,0.0,0.0,3.91,25,1,23,0,0,0,0,0,0,0,0,0,0,0,0,3,89,24,0.0,0.0,0.0,0.0,0.33,0.0,0.0,0.0,0.0,0,1,0,1
811,Rio,Kyerematen,Kyerematen,a,,,4.5,463,279.0,0.0,814,364.0,0.0,632.0,235.0,0,0,0.0,0,0.0,8,0,0.0,0.0,0.0,0.0,0.0,710.0,288.0,,,706.0,284.0,702.0,286.0,682.0,278.0,707.0,285.0,,,,,,,,0.0,0.0,0.0,0.0,0.0,0.0,0.0,0.0,0.0,25,0,0,0,0,0,0,0,0,0,0,0,0,0,0,0,17,1,0.0,0.0,0.0,0.0,0.0,0.0,0.0,0.0,0.0,0,0,0,0
326,Adama,Traoré Diarra,Adama,a,,,5.1,227,139.0,0.2,409,138.0,0.0,757.0,330.0,0,0,0.0,-4,4.0,105,34,0.0,3.3,0.0,0.0,1.1,432.0,193.0,,,433.0,192.0,292.0,165.0,288.0,152.0,378.0,177.0,,,,,,,,0.06,0.18,0.24,1.9,0.0,0.0,2.67,0.33,4.67,25,0,0,0,0,0,0,0,0,0,0,0,0,0,0,0,428,131,0.0,0.0,0.0,0.0,0.0,0.0,0.0,0.0,0.0,0,0,0,0
600,Alphonse,Areola,Areola,a,,,4.3,571,27.0,2.2,122,16.0,1.8,172.0,17.0,0,0,0.0,-2,2.0,253,329,0.4,11.9,1.8,1.8,2.5,259.0,21.0,,,19.0,5.0,409.0,6.0,589.0,66.0,174.0,6.0,,,,,,,,0.0,0.0,0.0,1.76,3.85,0.0,1.85,1.0,0.0,25,0,0,0,0,0,0,0,0,0,0,0,0,0,0,0,4794,2656,0.0,0.0,0.0,0.0,0.0,0.0,0.0,0.0,0.0,0,0,0,0
601,Wes,Foderingham,Foderingham,u,has joined Aris Limassol permanently.,,4.0,660,42.0,0.2,349,50.0,0.0,446.0,53.0,0,0,0.0,0,0.0,0,14,0.0,0.0,0.0,0.0,0.0,564.0,63.0,0.0,0.0,554.0,63.0,544.0,49.0,509.0,34.0,556.0,63.0,,,,,,,,0.0,0.0,0.0,0.0,0.0,0.0,0.0,0.0,0.0,25,0,0,0,0,0,0,0,0,0,0,0,0,0,0,0,0,49,0.0,0.0,0.0,0.0,0.0,0.0,0.0,0.0,0.0,0,0,0,0
602,Krisztián,Hegyi,Hegyi,u,has joined MTK Budapest on loan for the rest of the season.,,3.9,765,84.0,0.2,357,52.0,0.0,427.0,42.0,0,0,0.0,-1,1.0,0,34,0.0,0.0,0.0,0.0,0.0,546.0,52.0,0.0,0.0,536.0,52.0,525.0,37.0,489.0,22.0,538.0,52.0,,,,,,,,0.0,0.0,0.0,0.0,0.0,0.0,0.0,0.0,0.0,25,0,0,0,0,0,0,0,0,0,0,0,0,0,0,0,0,173,0.0,0.0,0.0,0.0,0.0,0.0,0.0,0.0,0.0,0,0,0,0
603,El Hadji Malick,Diouf,Diouf,a,,,4.0,725,202.0,1.4,162,62.0,0.5,292.0,107.0,0,0,0.0,-5,5.0,226,122,0.1,11.5,0.5,0.5,2.6,245.0,93.0,100.0,100.0,155.0,65.0,152.0,39.0,276.0,82.0,191.0,63.0,,,,,,,,0.02,0.05,0.07,1.57,0.0,0.12,1.94,0.97,7.38,25,0,0,0,0,0,0,0,0,0,0,0,0,0,0,0,3592,1293,0.0,0.0,0.0,0.0,0.0,0.0,0.0,0.0,0.0,0,0,0,0
604,Emerson,Palmieri dos Santos,Emerson,u,has joined Marseille permanently.,,4.4,522,102.0,0.1,577,207.0,0.0,563.0,234.0,0,0,0.0,-1,1.0,0,3,0.0,0.0,0.0,0.0,0.0,654.0,248.0,0.0,0.0,645.0,248.0,641.0,248.0,616.0,246.0,647.0,248.0,,,,,,,,0.0,0.0,0.0,0.0,0.0,0.0,0.0,0.0,0.0,25,0,0,0,0,0,0,0,0,0,0,0,0,0,0,0,0,9,0.0,0.0,0.0,0.0,0.0,0.0,0.0,0.0,0.0,0,0,0,0
605,Maximilian,Kilman,Kilman,a,,,4.2,632,146.0,0.2,406,149.0,0.5,294.0,109.0,0,0,0.0,-3,3.0,5,20,0.1,8.6,0.5,0.5,1.7,366.0,132.0,,,86.0,37.0,308.0,103.0,282.0,84.0,207.0,67.0,,,,,,,,0.03,0.01,0.04,1.92,0.0,0.06,2.14,0.98,9.24,25,0,0,0,0,0,0,0,0,0,0,0,0,0,0,0,263,326,0.0,0.0,0.0,0.0,0.0,0.0,0.0,0.0,0.0,0,0,0,0
606,Konstantinos,Mavropanos,Mavropanos,a,,,4.4,534,113.0,0.1,498,178.0,2.2,126.0,49.0,0,0,0.0,-1,1.0,19,20,0.5,9.8,2.2,2.2,2.5,261.0,102.0,100.0,100.0,116.0,51.0,399.0,147.0,170.0,37.0,216.0,70.0,,,,,,,,0.07,0.02,0.09,1.55,0.0,0.07,1.79,0.93,10.78,25,0,0,0,0,0,0,0,0,0,0,0,0,0,0,0,1242,412,0.0,0.0,0.0,0.0,0.0,0.0,0.0,0.0,0.0,0,0,0,0
607,Nayef,Aguerd,N.Aguerd,u,has joined Marseille permanently.,,4.4,527,107.0,0.0,604,215.0,0.0,566.0,237.0,0,0,0.0,-1,1.0,0,2,0.0,0.7,0.0,0.0,1.5,396.0,144.0,0.0,0.0,403.0,153.0,437.0,159.0,395.0,147.0,432.0,155.0,,,,,,,,0.05,0.02,0.07,1.71,0.0,0.0,4.0,1.0,7.5,25,0,0,0,0,0,0,0,0,0,0,0,0,0,0,0,0,6,0.0,0.0,0.0,0.0,0.0,0.0,0.0,0.0,0.0,0,0,0,0
608,Ollie,Scarles,Scarles,a,,,4.3,606,140.0,0.0,612,219.0,1.8,174.0,66.0,0,0,0.0,-2,2.0,10,7,0.4,4.4,1.8,1.8,1.9,339.0,126.0,100.0,100.0,298.0,114.0,299.0,100.0,358.0,121.0,345.0,117.0,,,,,,,,0.03,0.04,0.07,1.84,0.0,0.0,2.13,1.28,9.81,25,0,0,0,0,0,0,0,0,0,0,0,0,0,0,0,66,147,0.0,0.0,0.0,0.0,0.0,0.0,0.0,0.0,0.0,0,0,0,0
609,Jean-Clair,Todibo,Todibo,s,Suspended until 21 Feb,,4.3,588,134.0,0.1,475,171.0,1.5,196.0,75.0,0,0,0.0,-2,2.0,2,42,0.3,7.2,0.0,0.0,1.7,367.0,133.0,0.0,0.0,122.0,53.0,287.0,93.0,357.0,120.0,248.0,85.0,,,,,,,,0.01,0.02,0.03,1.7,0.0,0.0,1.95,1.07,8.17,25,0,0,0,0,0,0,0,0,0,0,0,0,0,0,0,11,427,0.0,0.0,0.0,0.0,0.0,0.0,0.0,0.0,0.0,0,0,0,0
610,Aaron,Wan-Bissaka,Wan-Bissaka,a,,,4.1,655,160.0,4.3,80,27.0,3.2,66.0,28.0,0,0,0.0,-4,4.0,880,358,0.8,9.3,3.2,3.2,2.5,256.0,99.0,100.0,100.0,152.0,64.0,97.0,24.0,351.0,117.0,178.0,58.0,,,,,,,,0.0,0.05,0.05,1.7,0.0,0.0,2.11,0.98,7.94,25,0,0,0,0,0,0,0,0,0,0,0,0,0,0,0,18298,2023,0.0,0.0,0.0,0.0,0.0,0.0,0.0,0.0,0.0,0,0,0,0
611,Kaelan,Casey,Casey,u,has joined Leyton Orient on loan for the rest of the season.,,4.0,704,183.0,0.1,539,194.0,0.0,483.0,197.0,0,0,0.0,0,0.0,0,6,0.0,0.0,0.0,0.0,0.0,599.0,223.0,0.0,0.0,589.0,222.0,581.0,222.0,547.0,216.0,591.0,222.0,,,,,,,,0.0,0.0,0.0,0.0,0.0,0.0,0.0,0.0,0.0,25,0,0,0,0,0,0,0,0,0,0,0,0,0,0,0,0,21,0.0,0.0,0.0,0.0,0.0,0.0,0.0,0.0,0.0,0,0,0,0
612,Lucas,Tolentino Coelho de Lima,L.Paquetá,u,has joined Flamengo permanently.,,5.9,97,62.0,1.2,174,58.0,0.0,796.0,355.0,0,0,0.0,-1,1.0,0,610,0.0,11.7,0.0,0.0,3.8,96.0,46.0,0.0,0.0,98.0,31.0,39.0,36.0,115.0,67.0,60.0,38.0,,,,,,,,0.17,0.12,0.29,1.44,0.0,0.18,1.96,1.07,8.68,25,0,0,0,0,0,0,0,0,0,0,0,0,0,0,0,0,3831,0.0,0.0,0.0,0.0,0.0,0.0,0.0,0.0,0.0,0,0,0,0
613,Tomáš,Souček,Souček,a,,,5.7,116,73.0,0.2,340,113.0,1.8,186.0,76.0,0,0,0.0,-3,3.0,39,31,0.3,8.6,1.8,1.8,2.3,292.0,128.0,100.0,100.0,190.0,80.0,240.0,149.0,82.0,50.0,177.0,94.0,,,,,,,,0.25,0.03,0.28,1.95,0.0,0.09,2.46,0.91,10.31,25,0,0,0,0,0,0,0,0,0,0,0,0,0,0,0,732,341,0.0,0.0,0.0,0.0,0.0,0.0,0.0,0.0,0.0,0,0,0,0
615,Crysencio,Summerville,Summerville,a,,,5.6,132,82.0,1.5,154,51.0,6.2,5.0,3.0,0,1,-1.0,1,-1.0,3317,890,1.1,11.2,6.2,6.2,3.3,146.0,66.0,100.0,100.0,196.0,84.0,99.0,73.0,56.0,34.0,99.0,56.0,2.0,,,,,,,0.17,0.06,0.23,1.48,0.0,0.06,1.86,1.09,7.36,25,0,0,0,0,0,0,0,0,0,0,0,0,0,0,0,64479,3573,0.0,0.0,0.0,0.0,0.0,0.0,0.0,0.0,0.0,0,0,0,0
616,Edson,Álvarez Velázquez,Álvarez,u,Has joined Fenerbahçe on loan for the rest of the season.,,4.9,311,194.0,0.0,593,224.0,0.0,711.0,293.0,0,0,0.0,-1,1.0,0,2,0.0,0.0,0.0,0.0,0.0,761.0,325.0,0.0,0.0,761.0,325.0,757.0,325.0,748.0,323.0,761.0,325.0,,,,,,,,0.0,0.0,0.0,0.0,0.0,0.0,0.0,0.0,0.0,25,0,0,0,0,0,0,0,0,0,0,0,0,0,0,0,0,3,0.0,0.0,0.0,0.0,0.0,0.0,0.0,0.0,0.0,0,0,0,0
618,Guido,Rodríguez,G.Rodriguez,u,has joined Valencia on loan for the rest of the season.,,4.8,357,223.0,0.0,600,229.0,0.2,357.0,157.0,0,0,0.0,-2,2.0,0,17,0.0,1.7,0.0,0.0,1.3,418.0,185.0,0.0,0.0,447.0,199.0,429.0,209.0,436.0,214.0,461.0,209.0,,,,,,,,0.02,0.02,0.04,1.33,0.0,0.51,1.03,1.03,7.71,25,0,0,0,0,0,0,0,0,0,0,0,0,0,0,0,0,41,0.0,0.0,0.0,0.0,0.0,0.0,0.0,0.0,0.0,0,0,0,0
619,Luis Guilherme,Lira dos Santos,L.Guilherme,u,has joined Sporting CP permanently.,,4.9,346,214.0,0.0,672,276.0,0.0,727.0,305.0,0,0,0.0,-1,1.0,0,0,0.0,1.0,0.0,0.0,1.0,482.0,222.0,0.0,0.0,449.0,201.0,390.0,195.0,420.0,207.0,453.0,204.0,,,,,,,,0.05,0.02,0.07,1.35,0.0,0.0,1.49,0.74,8.18,25,0,0,0,0,0,0,0,0,0,0,0,0,0,0,0,0,5,0.0,0.0,0.0,0.0,0.0,0.0,0.0,0.0,0.0,0,0,0,0
620,George,Earthy,Earthy,u,has joined Bristol City on loan for the rest of the season.,,4.5,447,267.0,0.0,599,228.0,0.0,621.0,225.0,0,0,0.0,0,0.0,0,6,0.0,0.2,0.0,0.0,1.0,462.0,206.0,0.0,0.0,696.0,274.0,447.0,215.0,434.0,212.0,481.0,220.0,,,,,,,,0.0,0.11,0.11,8.21,0.0,0.0,11.25,0.0,0.0,25,0,0,0,0,0,0,0,0,0,0,0,0,0,0,0,0,24,0.0,0.0,0.0,0.0,0.0,0.0,0.0,0.0,0.0,0,0,0,0
621,Andy,Irving,Irving,u,has joined Sparta Prague permanently.,,4.3,583,344.0,0.2,346,115.0,0.0,534.0,170.0,0,0,0.0,-2,2.0,0,59,0.0,2.1,0.0,0.0,1.3,415.0,182.0,0.0,0.0,414.0,184.0,313.0,176.0,429.0,210.0,406.0,184.0,3.0,,,,,,,0.0,0.1,0.1,2.32,0.0,0.0,2.31,1.15,12.69,25,0,0,0,0,0,0,0,0,0,0,0,0,0,0,0,0,330,0.0,0.0,0.0,0.0,0.0,0.0,0.0,0.0,0.0,0,0,0,0
622,Lewis,Orford,Orford,u,has joined Stevenage on loan for the rest of the season.,,4.4,549,329.0,0.1,574,213.0,0.0,577.0,198.0,0,0,0.0,-1,1.0,0,2,0.0,0.0,0.0,0.0,0.0,665.0,256.0,0.0,0.0,657.0,248.0,653.0,253.0,628.0,242.0,659.0,250.0,,,,,,,,0.0,0.0,0.0,0.0,0.0,0.0,0.0,0.0,0.0,25,0,0,0,0,0,0,0,0,0,0,0,0,0,0,0,0,7,0.0,0.0,0.0,0.0,0.0,0.0,0.0,0.0,0.0,0,0,0,0
623,Freddie,Potts,Potts,a,,,4.4,545,325.0,0.7,218,76.0,0.2,348.0,152.0,0,0,0.0,-1,1.0,82,162,0.0,6.8,0.2,0.2,1.8,353.0,157.0,100.0,100.0,267.0,115.0,198.0,132.0,317.0,166.0,288.0,140.0,1.0,,,,,,,0.02,0.1,0.12,1.79,0.0,0.0,2.11,0.92,9.07,25,0,0,0,0,0,0,0,0,0,0,0,0,0,0,0,515,1569,0.0,0.0,0.0,0.0,0.0,0.0,0.0,0.0,0.0,0,0,0,0
624,Jarrod,Bowen,Bowen,a,,,7.7,19,6.0,9.8,41,6.0,5.8,8.0,2.0,0,0,0.0,-3,3.0,2935,3838,0.8,14.7,5.8,5.8,4.7,28.0,6.0,,,31.0,3.0,63.0,2.0,7.0,6.0,14.0,3.0,,1.0,2.0,,,,,0.24,0.08,0.32,1.67,0.0,0.04,1.97,1.0,6.7,25,0,0,0,0,0,0,0,0,0,0,0,0,0,0,0,82223,12698,0.0,0.0,0.0,0.0,0.0,0.0,0.0,0.0,0.0,0,0,0,0
625,Niclas,Füllkrug,Füllkrug,u,has joined AC Milan on loan for the rest of the season.,,5.6,124,34.0,0.6,242,38.0,0.0,790.0,82.0,0,0,0.0,-4,4.0,0,44,0.0,2.1,0.0,0.0,1.5,403.0,49.0,0.0,0.0,423.0,48.0,256.0,25.0,179.0,40.0,333.0,39.0,,,,,,,,0.21,0.05,0.26,1.9,0.0,0.22,2.43,1.11,4.2,25,0,0,0,0,0,0,0,0,0,0,0,0,0,0,0,0,129,0.0,0.0,0.0,0.0,0.0,0.0,0.0,0.0,0.0,0,0,0,0
626,Callum,Marshall,Marshall,u,has joined VfL Bochum 1848 on loan for the rest of the season.,,4.3,612,85.0,0.5,251,40.0,0.0,551.0,52.0,0,0,0.0,-2,2.0,0,71,0.0,0.5,0.0,0.0,1.0,452.0,57.0,0.0,0.0,481.0,57.0,473.0,60.0,405.0,57.0,471.0,58.0,,,,,,,,0.2,0.0,0.2,2.41,0.0,0.0,3.1,0.0,4.66,25,0,0,0,0,0,0,0,0,0,0,0,0,0,0,0,0,352,0.0,0.0,0.0,0.0,0.0,0.0,0.0,0.0,0.0,0,0,0,0
659,Kyle,Walker-Peters,Walker-Peters,a,,,4.2,630,144.0,0.3,337,123.0,0.0,515.0,223.0,0,0,0.0,-3,3.0,20,42,0.0,7.1,0.0,0.0,1.9,338.0,125.0,,,235.0,94.0,248.0,74.0,226.0,59.0,261.0,89.0,,,,,,,,0.11,0.02,0.13,1.98,0.0,0.09,1.99,0.95,6.71,25,0,0,0,0,0,0,0,0,0,0,0,0,0,0,0,164,426,0.0,0.0,0.0,0.0,0.0,0.0,0.0,0.0,0.0,0,0,0,0
671,Callum,Wilson,Wilson,a,,,5.8,103,30.0,0.6,232,35.0,2.0,164.0,19.0,0,0,0.0,-2,2.0,88,233,0.3,10.3,2.0,2.0,3.0,199.0,20.0,,,224.0,19.0,281.0,29.0,54.0,20.0,170.0,19.0,,,,,,,,0.48,0.02,0.5,1.71,0.0,0.11,1.83,0.86,2.9,25,0,0,0,0,0,0,0,0,0,0,0,0,0,0,0,798,1760,0.0,0.0,0.0,0.0,0.0,0.0,0.0,0.0,0.0,0,0,0,0
679,Mads,Hermansen,Hermansen,a,,,4.2,638,36.0,0.2,369,54.0,0.0,519.0,82.0,0,0,0.0,-3,3.0,8,8,0.0,2.1,0.0,0.0,2.2,297.0,26.0,,,345.0,28.0,612.0,79.0,582.0,65.0,408.0,28.0,,,,,,,,0.0,0.0,0.0,1.36,2.25,0.25,2.75,1.0,0.0,25,0,0,0,0,0,0,0,0,0,0,0,0,0,0,0,66,94,0.0,0.0,0.0,0.0,0.0,0.0,0.0,0.0,0.0,0,0,0,0
708,Mateus Gonçalo,Espanha Fernandes,M.Fernandes,a,,,5.5,155,96.0,0.3,302,103.0,5.2,14.0,10.0,0,0,0.0,0,0.0,354,225,0.9,15.3,5.2,5.2,3.8,95.0,45.0,100.0,100.0,61.0,18.0,30.0,29.0,239.0,130.0,63.0,41.0,4.0,,,,,,,0.06,0.08,0.14,1.53,0.0,0.1,1.68,1.07,11.33,25,0,0,0,0,0,0,0,0,0,0,0,0,0,0,0,7558,1619,0.0,0.0,0.0,0.0,0.0,0.0,0.0,0.0,0.0,0,0,0,0
718,Soungoutou,Magassa,S.Magassa,a,,,5.0,277,171.0,0.0,650,263.0,0.0,748.0,323.0,0,0,0.0,0,0.0,3,7,0.0,6.6,0.0,0.0,2.4,275.0,119.0,,,280.0,123.0,284.0,163.0,320.0,168.0,324.0,157.0,,,,,,,,0.04,0.03,0.07,1.82,0.0,0.12,2.21,1.11,12.42,25,0,0,0,0,0,0,0,0,0,0,0,0,0,0,0,17,99,0.0,0.0,0.0,0.0,0.0,0.0,0.0,0.0,0.0,0,0,0,0
738,Lukasz,Fabianski,Fabianski,d,Back injury - 25% chance of playing,,4.5,406,20.0,0.0,627,79.0,0.0,594.0,87.0,0,0,0.0,0,0.0,7,6,0.0,0.0,0.0,0.0,0.0,679.0,91.0,25.0,25.0,674.0,91.0,668.0,83.0,645.0,71.0,676.0,91.0,,,,,,,,0.0,0.0,0.0,0.0,0.0,0.0,0.0,0.0,0.0,25,0,0,0,0,0,0,0,0,0,0,0,0,0,0,0,24,48,0.0,0.0,0.0,0.0,0.0,0.0,0.0,0.0,0.0,0,0,0,0
747,Ezra,Mayers,Mayers,a,,,4.0,722,199.0,0.0,645,226.0,0.0,501.0,213.0,0,0,0.0,0,0.0,4,10,0.0,1.2,0.0,0.0,1.0,443.0,163.0,,,430.0,162.0,354.0,124.0,390.0,142.0,422.0,153.0,,,,,,,,0.1,0.35,0.45,2.25,0.0,0.0,2.41,0.0,4.02,25,0,0,0,0,0,0,0,0,0,0,0,0,0,0,0,22,56,0.0,0.0,0.0,0.0,0.0,0.0,0.0,0.0,0.0,0,0,0,0
752,Airidas,Golambeckis,Golambeckis,a,,,4.0,733,210.0,0.0,661,230.0,0.0,508.0,220.0,0,0,0.0,0,0.0,4,8,0.0,0.0,0.0,0.0,0.0,621.0,243.0,,,612.0,243.0,604.0,243.0,572.0,239.0,614.0,243.0,,,,,,,,0.0,0.0,0.0,0.0,0.0,0.0,0.0,0.0,0.0,25,0,0,0,0,0,0,0,0,0,0,0,0,0,0,0,29,48,0.0,0.0,0.0,0.0,0.0,0.0,0.0,0.0,0.0,0,0,0,0
758,Mohamadou,Kanté,Mohamadou Kanté,a,,,4.5,507,313.0,0.0,737,313.0,0.0,671.0,266.0,0,0,0.0,0,0.0,2,2,0.0,0.7,0.0,0.0,1.0,471.0,214.0,,,462.0,209.0,403.0,199.0,417.0,205.0,460.0,208.0,,,,,,,,0.17,0.11,0.28,3.04,0.0,0.0,0.0,0.0,22.5,25,0,0,0,0,0,0,0,0,0,0,0,0,0,0,0,19,23,0.0,0.0,0.0,0.0,0.0,0.0,0.0,0.0,0.0,0,0,0,0
785,Pablo Felipe,Pereira de Jesus,Pablo,a,,,5.5,154,40.0,0.0,680,85.0,1.5,210.0,27.0,0,0,0.0,0,0.0,36,19,0.3,1.3,1.5,1.5,1.8,361.0,42.0,,,440.0,50.0,342.0,41.0,365.0,53.0,413.0,51.0,,,,,,,,0.13,0.03,0.16,1.37,0.0,0.0,1.51,1.13,8.66,25,0,0,0,0,0,0,0,0,0,0,0,0,0,0,0,329,158,0.0,0.0,0.0,0.0,0.0,0.0,0.0,0.0,0.0,0,0,0,0
791,Valentín,Castellanos,Taty,a,,,5.5,145,36.0,0.1,452,65.0,1.8,183.0,23.0,0,0,0.0,0,0.0,81,98,0.3,1.6,1.8,1.8,2.2,301.0,32.0,,,421.0,47.0,326.0,36.0,152.0,36.0,344.0,42.0,,,,,,,,0.43,0.01,0.44,1.43,0.0,0.0,1.64,1.09,4.92,25,0,0,0,0,0,0,0,0,0,0,0,0,0,0,0,6358,788,0.0,0.0,0.0,0.0,0.0,0.0,0.0,0.0,0.0,0,0,0,0
802,Keiber,Lamadrid,Lamadrid,a,,,5.0,280,173.0,0.0,796,351.0,0.0,751.0,325.0,0,0,0.0,0,0.0,1,1,0.0,0.0,0.0,0.0,0.0,787.0,346.0,,,787.0,346.0,785.0,346.0,779.0,344.0,787.0,346.0,,,,,,,,0.0,0.0,0.0,0.0,0.0,0.0,0.0,0.0,0.0,25,0,0,0,0,0,0,0,0,0,0,0,0,0,0,0,15,22,0.0,0.0,0.0,0.0,0.0,0.0,0.0,0.0,0.0,0,0,0,0
815,Axel,Disasi,Disasi,a,,,4.5,420,80.0,0.0,760,259.0,0.0,603.0,242.0,0,0,0.0,0,0.0,32,2,0.0,0.0,2.1,2.1,0.0,686.0,254.0,,,681.0,254.0,676.0,254.0,653.0,252.0,683.0,254.0,,,,,,,,0.0,0.0,0.0,0.0,0.0,0.0,0.0,0.0,0.0,25,0,0,0,0,0,0,0,0,0,0,0,0,0,0,0,319,35,0.0,0.0,0.0,0.0,0.0,0.0,0.0,0.0,0.0,0,0,0,0
627,Sam,Johnstone,Johnstone,a,,,4.4,521,26.0,0.1,426,64.0,0.0,562.0,86.0,0,0,0.0,-1,1.0,27,16,0.0,4.8,-1.0,0.0,1.8,352.0,27.0,,,146.0,20.0,474.0,13.0,615.0,70.0,299.0,20.0,,,,,,,,0.0,0.0,0.0,1.55,3.25,0.0,2.0,1.0,0.0,25,0,0,0,0,0,0,0,0,0,0,0,0,0,0,0,84,216,0.0,0.0,0.0,0.0,0.0,0.0,0.0,0.0,0.0,0,0,0,0
628,José,Malheiro de Sá,José Sá,a,,,4.2,629,33.0,1.1,183,23.0,2.2,120.0,14.0,0,0,0.0,-3,3.0,572,108,0.5,6.7,3.4,2.2,2.3,284.0,23.0,,,232.0,22.0,408.0,5.0,579.0,62.0,342.0,21.0,,,,,,,,0.0,0.0,0.0,1.18,1.92,0.17,1.75,1.0,0.0,25,0,0,0,0,0,0,0,0,0,0,0,0,0,0,0,2461,2439,0.0,0.0,0.0,0.0,0.0,0.0,0.0,0.0,0.0,0,0,0,0
629,Daniel,Bentley,Bentley,a,,,3.9,739,70.0,0.5,260,34.0,0.0,408.0,28.0,0,0,0.0,-1,1.0,58,31,0.0,0.0,-1.0,0.0,0.0,529.0,38.0,100.0,100.0,519.0,38.0,508.0,23.0,472.0,8.0,521.0,38.0,,,,,,,,0.0,0.0,0.0,0.0,0.0,0.0,0.0,0.0,0.0,25,0,0,0,0,0,0,0,0,0,0,0,0,0,0,0,283,287,0.0,0.0,0.0,0.0,0.0,0.0,0.0,0.0,0.0,0,0,0,0
631,Emmanuel,Agbadou,Agbadou,a,,,4.2,644,154.0,0.1,439,163.0,0.8,260.0,97.0,0,0,0.0,-3,3.0,26,9,0.2,5.5,0.6,0.8,1.6,377.0,138.0,100.0,100.0,140.0,61.0,268.0,83.0,257.0,74.0,226.0,74.0,,5.0,,,,,,0.05,0.03,0.08,1.49,0.0,0.0,2.37,0.98,10.23,25,0,0,0,0,0,0,0,0,0,0,0,0,0,0,0,138,95,0.0,0.0,0.0,0.0,0.0,0.0,0.0,0.0,0.0,0,0,0,0
632,Matt,Doherty,Doherty,a,,,4.4,520,101.0,0.1,496,177.0,0.0,561.0,233.0,0,0,0.0,-1,1.0,15,10,0.0,2.5,-1.0,0.0,1.4,408.0,148.0,100.0,100.0,320.0,123.0,316.0,106.0,370.0,128.0,364.0,127.0,,,,,,,,0.01,0.03,0.04,1.39,0.0,0.15,1.65,1.2,7.06,25,0,0,0,0,0,0,0,0,0,0,0,0,0,0,0,25,98,0.0,0.0,0.0,0.0,0.0,0.0,0.0,0.0,0.0,0,0,0,0
633,Hugo,Bueno López,H.Bueno,a,,,4.3,596,138.0,0.2,407,150.0,2.2,123.0,46.0,0,0,0.0,-2,2.0,733,45,0.5,12.1,3.4,2.2,2.5,260.0,101.0,100.0,100.0,130.0,57.0,36.0,2.0,205.0,52.0,87.0,20.0,2.0,,,,,,,0.03,0.12,0.15,1.21,0.0,0.19,1.51,0.95,6.5,25,0,0,0,0,0,0,0,0,0,0,0,0,0,0,0,2205,2180,0.0,0.0,0.0,0.0,0.0,0.0,0.0,0.0,0.0,0,0,0,0
634,Yerson,Mosquera Valdelamar,Mosquera,a,,,4.3,602,139.0,0.1,505,181.0,2.0,149.0,60.0,0,0,0.0,-2,2.0,106,15,0.5,6.0,3.0,2.0,1.7,368.0,134.0,100.0,100.0,213.0,83.0,245.0,71.0,143.0,26.0,227.0,75.0,,,,,,,,0.1,0.02,0.12,1.3,0.0,0.16,1.74,1.03,8.71,25,0,0,0,0,0,0,0,0,0,0,0,0,0,0,0,504,636,0.0,0.0,0.0,0.0,0.0,0.0,0.0,0.0,0.0,0,0,0,0
635,Rodrigo,Martins Gomes,R.Gomes,a,,,4.4,544,118.0,0.1,567,203.0,1.0,238.0,89.0,0,0,0.0,-1,1.0,23,8,0.2,3.9,1.0,1.0,1.9,340.0,127.0,100.0,100.0,370.0,141.0,324.0,107.0,209.0,54.0,337.0,115.0,,,,,,,,0.19,0.05,0.24,1.04,0.0,0.0,2.0,1.0,4.19,25,0,0,0,0,0,0,0,0,0,0,0,0,0,0,0,97,63,0.0,0.0,0.0,0.0,0.0,0.0,0.0,0.0,0.0,0,0,0,0
636,Santiago,Ignacio Bueno,S.Bueno,a,,,4.4,531,110.0,0.1,487,174.0,2.2,125.0,48.0,0,0,0.0,-1,1.0,314,25,0.5,11.8,3.4,2.2,3.5,116.0,40.0,100.0,100.0,128.0,56.0,296.0,99.0,197.0,46.0,211.0,69.0,,,,,,,,0.11,0.03,0.14,1.22,0.0,0.14,1.67,0.98,7.87,25,0,0,0,0,0,0,0,0,0,0,0,0,0,0,0,842,1075,0.0,0.0,0.0,0.0,0.0,0.0,0.0,0.0,0.0,0,0,0,0
637,Toti,Gomes,Toti,i,Hamstring injury - Unknown return date,,4.2,643,153.0,0.1,514,185.0,0.0,522.0,226.0,0,0,0.0,-3,3.0,0,14,0.0,4.8,0.0,0.0,1.5,394.0,143.0,0.0,0.0,223.0,89.0,264.0,81.0,342.0,110.0,293.0,101.0,,,,,,,,0.0,0.02,0.02,1.7,0.0,0.0,2.37,1.14,7.97,25,0,0,0,0,0,0,0,0,0,0,0,0,0,0,0,8,81,0.0,0.0,0.0,0.0,0.0,0.0,0.0,0.0,0.0,0,0,0,0
638,Ki-Jana,Hoever,Hoever,u,has joined Sheffield United on loan for the rest of the season.,,3.8,794,243.0,1.1,184,70.0,0.0,389.0,153.0,0,0,0.0,-2,2.0,0,351,0.0,2.6,0.0,0.0,1.2,427.0,153.0,0.0,0.0,325.0,125.0,249.0,75.0,378.0,134.0,351.0,121.0,,,,,,,,0.0,0.08,0.08,1.99,0.0,0.0,2.77,1.28,8.51,25,0,0,0,0,0,0,0,0,0,0,0,0,0,0,0,0,1637,0.0,0.0,0.0,0.0,0.0,0.0,0.0,0.0,0.0,0,0,0,0
639,Bastien,Meupiyou Menadjou,Meupiyou,u,On loan to FC Alverca,,4.0,711,189.0,0.0,751,257.0,0.0,490.0,203.0,0,0,0.0,0,0.0,0,1,0.0,0.0,0.0,0.0,0.0,605.0,228.0,0.0,0.0,595.0,227.0,587.0,227.0,554.0,222.0,597.0,227.0,,,,,,,,0.0,0.0,0.0,0.0,0.0,0.0,0.0,0.0,0.0,25,0,0,0,0,0,0,0,0,0,0,0,0,0,0,0,0,2,0.0,0.0,0.0,0.0,0.0,0.0,0.0,0.0,0.0,0,0,0,0
640,Pedro,Cardoso de Lima,Pedro Lima,a,,,4.0,731,208.0,0.4,282,107.0,0.2,339.0,125.0,0,0,0.0,0,0.0,17,19,0.0,0.5,-0.6,0.2,1.0,446.0,166.0,100.0,100.0,491.0,176.0,463.0,171.0,427.0,160.0,491.0,175.0,,,,,,,,0.0,0.0,0.0,35.55,0.0,0.0,45.0,0.0,0.0,25,0,0,0,0,0,0,0,0,0,0,0,0,0,0,0,64,139,0.0,0.0,0.0,0.0,0.0,0.0,0.0,0.0,0.0,0,0,0,0
641,Alfie,Pond,Pond,u,has joined Crewe Alexandra on loan for the rest of the season.,,3.9,771,225.0,1.0,185,71.0,0.0,433.0,174.0,0,0,0.0,-1,1.0,0,179,0.0,0.0,0.0,0.0,0.0,552.0,202.0,0.0,0.0,542.0,201.0,531.0,201.0,495.0,193.0,544.0,201.0,,,,,,,,0.0,0.0,0.0,0.0,0.0,0.0,0.0,0.0,0.0,25,0,0,0,0,0,0,0,0,0,0,0,0,0,0,0,0,745,0.0,0.0,0.0,0.0,0.0,0.0,0.0,0.0,0.0,0,0,0,0
642,Hwang,Hee-chan,Hee Chan,a,,,5.6,127,78.0,0.2,412,139.0,1.8,184.0,74.0,0,0,0.0,-4,4.0,634,51,0.3,7.7,2.6,1.8,2.3,290.0,126.0,100.0,100.0,299.0,135.0,169.0,112.0,160.0,90.0,249.0,121.0,,,3.0,,,,,0.17,0.08,0.25,1.21,0.0,0.16,1.55,1.14,5.15,25,0,0,0,0,0,0,0,0,0,0,0,0,0,0,0,1421,2303,0.0,0.0,0.0,0.0,0.0,0.0,0.0,0.0,0.0,0,0,0,0
643,André,Trindade da Costa Neto,André,a,,,5.3,204,126.0,0.1,525,188.0,1.5,207.0,83.0,0,0,0.0,-2,2.0,125,13,0.3,10.0,2.0,1.5,2.3,289.0,125.0,100.0,100.0,189.0,79.0,125.0,89.0,375.0,190.0,223.0,115.0,,,,,,,,0.01,0.04,0.05,1.46,0.0,0.05,1.77,0.96,12.57,25,0,0,0,0,0,0,0,0,0,0,0,0,0,0,0,224,258,0.0,0.0,0.0,0.0,0.0,0.0,0.0,0.0,0.0,0,0,0,0
644,Jean-Ricner,Bellegarde,Bellegarde,a,,,5.1,232,142.0,0.0,618,240.0,0.2,362.0,158.0,0,0,0.0,-4,4.0,20,1,0.0,5.1,-0.6,0.2,1.7,370.0,163.0,100.0,100.0,309.0,138.0,229.0,142.0,229.0,125.0,298.0,143.0,3.0,4.0,,,,,,0.1,0.08,0.18,1.63,0.0,0.13,2.68,1.15,7.8,25,0,0,0,0,0,0,0,0,0,0,0,0,0,0,0,45,52,0.0,0.0,0.0,0.0,0.0,0.0,0.0,0.0,0.0,0,0,0,0
645,Fer,López González,Fer López,u,has joined Celta Vigo on loan for the rest of the season.,,5.1,241,147.0,0.0,647,261.0,0.0,761.0,334.0,0,0,0.0,-4,4.0,0,8,0.0,2.4,0.0,0.0,1.3,422.0,189.0,0.0,0.0,418.0,186.0,297.0,168.0,321.0,169.0,385.0,180.0,,,,,,,,0.06,0.24,0.3,1.57,0.0,0.0,3.55,0.79,4.74,25,0,0,0,0,0,0,0,0,0,0,0,0,0,0,0,0,21,0.0,0.0,0.0,0.0,0.0,0.0,0.0,0.0,0.0,0,0,0,0
646,João Victor,Gomes da Silva,J.Gomes,a,,,5.3,199,124.0,0.1,436,147.0,2.2,137.0,52.0,0,0,0.0,-2,2.0,1511,29,0.4,11.3,3.4,2.2,2.6,252.0,111.0,100.0,100.0,157.0,59.0,87.0,64.0,186.0,106.0,131.0,73.0,,,,,,,,0.04,0.06,0.1,1.29,0.0,0.1,1.76,1.02,12.49,25,0,0,0,0,0,0,0,0,0,0,0,0,0,0,0,2865,914,0.0,0.0,0.0,0.0,0.0,0.0,0.0,0.0,0.0,0,0,0,0
647,Gonçalo Manuel,Ganchinho Guedes,Guedes,u,Has joined Real Sociedad permanently.,,5.5,141,87.0,0.0,782,341.0,0.0,786.0,348.0,0,0,0.0,0,0.0,0,0,0.0,0.0,0.0,0.0,0.0,803.0,357.0,0.0,0.0,803.0,357.0,802.0,357.0,799.0,356.0,803.0,357.0,,,,,,,,0.0,0.0,0.0,0.0,0.0,0.0,0.0,0.0,0.0,25,0,0,0,0,0,0,0,0,0,0,0,0,0,0,0,0,0,0.0,0.0,0.0,0.0,0.0,0.0,0.0,0.0,0.0,0,0,0,0
648,Marshall,Munetsi,Munetsi,u,has joined Paris FC on loan for the rest of the season.,,5.3,198,123.0,0.0,621,242.0,0.0,769.0,338.0,0,0,0.0,-2,2.0,0,4,0.0,7.2,0.0,0.0,2.9,207.0,87.0,0.0,0.0,268.0,116.0,293.0,166.0,109.0,65.0,247.0,120.0,,,,,,,,0.17,0.04,0.21,1.38,0.0,0.0,1.96,0.93,8.26,25,0,0,0,0,0,0,0,0,0,0,0,0,0,0,0,0,21,0.0,0.0,0.0,0.0,0.0,0.0,0.0,0.0,0.0,0,0,0,0
649,Boubacar,Traoré,B.Traore,u,Has joined FC Metz on loan for the rest of the season.,,5.0,263,160.0,0.0,809,359.0,0.0,740.0,316.0,0,0,0.0,0,0.0,0,0,0.0,0.0,0.0,0.0,0.0,779.0,340.0,0.0,0.0,779.0,340.0,777.0,340.0,770.0,338.0,779.0,340.0,,,,,,,,0.0,0.0,0.0,0.0,0.0,0.0,0.0,0.0,0.0,25,0,0,0,0,0,0,0,0,0,0,0,0,0,0,0,0,0,0.0,0.0,0.0,0.0,0.0,0.0,0.0,0.0,0.0,0,0,0,0
650,Tawanda,Chirewa,Chirewa,u,has joined Barnsley on loan for the rest of the season.,,4.3,599,350.0,0.2,359,120.0,0.0,540.0,175.0,0,0,0.0,-2,2.0,0,62,0.0,0.5,0.0,0.0,1.0,450.0,196.0,0.0,0.0,467.0,213.0,469.0,226.0,596.0,221.0,479.0,219.0,,,,,,,,0.0,0.0,0.0,1.8,0.0,0.0,0.0,0.0,14.4,25,0,0,0,0,0,0,0,0,0,0,0,0,0,0,0,0,268,0.0,0.0,0.0,0.0,0.0,0.0,0.0,0.0,0.0,0,0,0,0
651,Tom,Edozie,Edozie,a,,,4.3,616,361.0,0.3,292,98.0,0.0,555.0,186.0,0,0,0.0,-2,2.0,46,54,0.0,0.0,-1.0,0.0,0.0,648.0,246.0,,,639.0,237.0,635.0,242.0,609.0,231.0,641.0,239.0,,,,,,,,0.0,0.0,0.0,0.0,0.0,0.0,0.0,0.0,0.0,25,0,0,0,0,0,0,0,0,0,0,0,0,0,0,0,263,313,0.0,0.0,0.0,0.0,0.0,0.0,0.0,0.0,0.0,0,0,0,0
652,Enso,González Medina,Gonzalez,a,,,4.3,615,360.0,1.3,166,56.0,0.0,554.0,185.0,0,0,0.0,-2,2.0,173,147,0.0,0.0,-1.0,0.0,0.0,647.0,245.0,,,638.0,236.0,634.0,241.0,608.0,230.0,640.0,238.0,,,,,,,,0.0,0.0,0.0,0.0,0.0,0.0,0.0,0.0,0.0,25,0,0,0,0,0,0,0,0,0,0,0,0,0,0,0,968,1044,0.0,0.0,0.0,0.0,0.0,0.0,0.0,0.0,0.0,0,0,0,0
653,Joe,Hodge,Hodge,u,Signed by CD Tondela,,4.5,424,254.0,0.0,653,266.0,0.0,607.0,213.0,0,0,0.0,0,0.0,0,1,0.0,0.0,0.0,0.0,0.0,689.0,268.0,0.0,0.0,684.0,263.0,679.0,266.0,657.0,257.0,686.0,265.0,,,,,,,,0.0,0.0,0.0,0.0,0.0,0.0,0.0,0.0,0.0,25,0,0,0,0,0,0,0,0,0,0,0,0,0,0,0,0,3,0.0,0.0,0.0,0.0,0.0,0.0,0.0,0.0,0.0,0,0,0,0
655,Fábio,Soares Silva,Fábio Silva,u,has joined Borussia Dortmund permanently.,,4.9,331,61.0,0.2,391,61.0,0.0,721.0,73.0,0,0,0.0,-1,1.0,0,9,0.0,0.0,0.0,0.0,0.0,768.0,84.0,0.0,0.0,768.0,84.0,764.0,83.0,756.0,83.0,768.0,84.0,,,,,,,,0.0,0.0,0.0,0.0,0.0,0.0,0.0,0.0,0.0,25,0,0,0,0,0,0,0,0,0,0,0,0,0,0,0,0,18,0.0,0.0,0.0,0.0,0.0,0.0,0.0,0.0,0.0,0,0,0,0
656,Saša,Kalajdžić,Kalajdžić,u,has joined LASK on loan for the rest of the season.,,4.9,324,59.0,0.0,587,79.0,0.0,715.0,72.0,0,0,0.0,-1,1.0,0,2,0.0,0.2,0.0,0.0,1.0,479.0,58.0,0.0,0.0,487.0,60.0,434.0,56.0,437.0,60.0,474.0,60.0,,,,,,,,0.0,0.06,0.06,0.64,0.0,0.0,0.0,0.0,12.86,25,0,0,0,0,0,0,0,0,0,0,0,0,0,0,0,0,5,0.0,0.0,0.0,0.0,0.0,0.0,0.0,0.0,0.0,0,0,0,0
658,Nathan,Fraser,Fraser,a,,,4.2,645,89.0,1.8,139,22.0,0.0,523.0,48.0,0,0,0.0,-3,3.0,715,297,0.0,0.0,-1.0,0.0,0.0,628.0,62.0,,,620.0,62.0,614.0,61.0,584.0,61.0,622.0,62.0,,,,,,,,0.0,0.0,0.0,0.0,0.0,0.0,0.0,0.0,0.0,25,0,0,0,0,0,0,0,0,0,0,0,0,0,0,0,3742,1978,0.0,0.0,0.0,0.0,0.0,0.0,0.0,0.0,0.0,0,0,0,0
663,Jhon,Arias,J.Arias,a,,,4.9,319,198.0,0.1,414,141.0,0.8,269.0,114.0,0,0,0.0,-6,6.0,60,28,0.2,9.2,0.6,0.8,2.0,327.0,145.0,,,261.0,112.0,127.0,90.0,154.0,87.0,201.0,103.0,1.0,1.0,,,,,,0.27,0.05,0.32,1.29,0.0,0.16,1.69,1.13,10.07,25,0,0,0,0,0,0,0,0,0,0,0,0,0,0,0,174,445,0.0,0.0,0.0,0.0,0.0,0.0,0.0,0.0,0.0,0,0,0,0
682,David,Møller Wolfe,Møller Wolfe,a,,,4.2,640,151.0,0.1,549,196.0,0.2,342.0,128.0,0,0,0.0,-3,3.0,7,8,0.0,5.0,-0.6,0.2,1.4,406.0,146.0,,,312.0,119.0,220.0,57.0,309.0,98.0,318.0,109.0,,,,,,,,0.02,0.13,0.15,1.8,0.0,0.0,2.43,1.02,4.09,25,0,0,0,0,0,0,0,0,0,0,0,0,0,0,0,19,34,0.0,0.0,0.0,0.0,0.0,0.0,0.0,0.0,0.0,0,0,0,0
695,Jackson,Tchatchoua,Tchatchoua,a,,,4.4,551,119.0,0.0,643,224.0,1.5,198.0,77.0,0,0,0.0,-1,1.0,4,6,0.3,8.2,2.0,1.5,1.6,381.0,140.0,,,226.0,90.0,111.0,28.0,323.0,102.0,224.0,73.0,,,,,,,,0.02,0.07,0.09,1.2,0.0,0.15,1.82,0.87,5.53,25,0,0,0,0,0,0,0,0,0,0,0,0,0,0,0,19,124,0.0,0.0,0.0,0.0,0.0,0.0,0.0,0.0,0.0,0,0,0,0
709,Ladislav,Krejcí,Krejčí,a,,,4.5,427,84.0,0.1,550,197.0,1.8,176.0,68.0,0,0,0.0,0,0.0,148,13,0.4,10.2,2.6,1.8,2.6,247.0,95.0,100.0,100.0,95.0,42.0,212.0,52.0,106.0,16.0,130.0,41.0,,,,,,,,0.11,0.07,0.18,1.35,0.0,0.11,1.83,1.03,6.94,25,0,0,0,0,0,0,0,0,0,0,0,0,0,0,0,305,339,0.0,0.0,0.0,0.0,0.0,0.0,0.0,0.0,0.0,0,0,0,0
720,Tolu,Arokodare,Tolu,a,,,5.4,177,44.0,0.1,521,74.0,1.2,231.0,30.0,0,0,0.0,-1,1.0,119,38,0.2,6.9,1.4,1.2,1.9,349.0,40.0,,,334.0,34.0,204.0,20.0,62.0,22.0,209.0,24.0,,2.0,,,,,,0.24,0.03,0.27,1.13,0.0,0.21,2.04,0.97,5.26,25,0,0,0,0,0,0,0,0,0,0,0,0,0,0,0,356,448,0.0,0.0,0.0,0.0,0.0,0.0,0.0,0.0,0.0,0,0,0,0
749,Mateus,Mané,Mané,a,,,4.6,405,66.0,2.1,127,20.0,1.5,202.0,25.0,0,0,0.0,1,-1.0,5143,511,0.3,8.7,2.0,1.5,3.1,174.0,16.0,,,269.0,24.0,164.0,14.0,168.0,38.0,229.0,27.0,,,,,,,,0.11,0.15,0.26,1.22,0.0,0.25,1.51,0.88,5.91,25,0,0,0,0,0,0,0,0,0,0,0,0,0,0,0,19938,10200,0.0,0.0,0.0,0.0,0.0,0.0,0.0,0.0,0.0,0,0,0,0
766,Saheed,Olagunju,Olagunju,a,,,4.0,721,198.0,0.0,679,235.0,0.0,500.0,212.0,0,0,0.0,0,0.0,25,5,0.0,0.0,-1.0,0.0,0.0,614.0,236.0,,,604.0,235.0,596.0,235.0,563.0,230.0,606.0,235.0,,,,,,,,0.0,0.0,0.0,0.0,0.0,0.0,0.0,0.0,0.0,25,0,0,0,0,0,0,0,0,0,0,0,0,0,0,0,99,79,0.0,0.0,0.0,0.0,0.0,0.0,0.0,0.0,0.0,0,0,0,0
767,Luke,Rawlings,Rawlings,a,,,4.5,496,304.0,0.0,769,331.0,0.0,662.0,258.0,0,0,0.0,0,0.0,3,2,0.0,0.0,-1.0,0.0,0.0,735.0,306.0,,,734.0,305.0,728.0,305.0,711.0,300.0,734.0,305.0,,,,,,,,0.0,0.0,0.0,0.0,0.0,0.0,0.0,0.0,0.0,25,0,0,0,0,0,0,0,0,0,0,0,0,0,0,0,14,23,0.0,0.0,0.0,0.0,0.0,0.0,0.0,0.0,0.0,0,0,0,0
777,Temple,Ojinnaka,Ojinnaka,u,has joined Shrewsbury Town on loan for the rest of the season.,,4.5,456,272.0,0.0,784,343.0,0.0,627.0,230.0,0,0,0.0,0,0.0,1,8,0.0,0.0,0.0,0.0,0.0,705.0,283.0,0.0,,701.0,279.0,697.0,281.0,677.0,273.0,702.0,280.0,,,,,,,,0.0,0.0,0.0,0.0,0.0,0.0,0.0,0.0,0.0,25,0,0,0,0,0,0,0,0,0,0,0,0,0,0,0,8,26,0.0,0.0,0.0,0.0,0.0,0.0,0.0,0.0,0.0,0,0,0,0
778,Ethan,Sutherland,Sutherland,a,,,4.5,488,298.0,0.0,750,319.0,0.0,654.0,252.0,0,0,0.0,0,0.0,3,6,0.0,0.0,-1.0,0.0,0.0,727.0,300.0,,,726.0,299.0,720.0,299.0,703.0,294.0,726.0,299.0,,,,,,,,0.0,0.0,0.0,0.0,0.0,0.0,0.0,0.0,0.0,25,0,0,0,0,0,0,0,0,0,0,0,0,0,0,0,14,50,0.0,0.0,0.0,0.0,0.0,0.0,0.0,0.0,0.0,0,0,0,0
809,Jerome,Abbey,Abbey,a,,,4.5,516,319.0,0.0,803,356.0,0.0,680.0,272.0,0,0,0.0,0,0.0,11,2,0.0,0.0,-1.0,0.0,0.0,748.0,317.0,,,748.0,317.0,742.0,317.0,726.0,313.0,748.0,317.0,,,,,,,,0.0,0.0,0.0,0.0,0.0,0.0,0.0,0.0,0.0,25,0,0,0,0,0,0,0,0,0,0,0,0,0,0,0,34,9,0.0,0.0,0.0,0.0,0.0,0.0,0.0,0.0,0.0,0,0,0,0
816,Angel,Gomes,Angel,a,,,5.0,250,151.0,0.0,772,333.0,0.0,734.0,310.0,0,0,0.0,0,0.0,66,1,0.0,0.0,2.6,1.8,0.0,775.0,336.0,,,775.0,336.0,772.0,336.0,766.0,334.0,775.0,336.0,,,,,,,,0.0,0.0,0.0,0.0,0.0,0.0,0.0,0.0,0.0,25,0,0,0,0,0,0,0,0,0,0,0,0,0,0,0,243,25,0.0,0.0,0.0,0.0,0.0,0.0,0.0,0.0,0.0,0,0,0,0
817,Adam,Armstrong,Armstrong,a,,,5.5,139,35.0,0.0,765,91.0,0.0,784.0,80.0,0,0,0.0,0,0.0,125,6,0.0,0.0,2.8,1.9,0.0,802.0,87.0,,,802.0,87.0,801.0,87.0,798.0,87.0,802.0,87.0,,,,,,,,0.0,0.0,0.0,0.0,0.0,0.0,0.0,0.0,0.0,25,0,0,0,0,0,0,0,0,0,0,0,0,0,0,0,292,28,0.0,0.0,0.0,0.0,0.0,0.0,0.0,0.0,0.0,0,0,0,0
