id,status,chance_of_playing_next_round,chance_of_playing_this_round,now_cost,now_cost_rank,now_cost_rank_type,cost_change_event,cost_change_event_fall,cost_change_start,cost_change_start_fall,selected_by_percent,selected_rank,selected_rank_type,total_points,event_points,points_per_game,points_per_game_rank,points_per_game_rank_type,bonus,bps,form,form_rank,form_rank_type,value_form,value_season,dreamteam_count,transfers_in,transfers_in_event,transfers_out,transfers_out_event,ep_next,ep_this,expected_goals,expected_assists,expected_goal_involvements,expected_goals_conceded,expected_goals_per_90,expected_assists_per_90,expected_goal_involvements_per_90,expected_goals_conceded_per_90,influence,influence_rank,influence_rank_type,creativity,creativity_rank,creativity_rank_type,threat,threat_rank,threat_rank_type,ict_index,ict_index_rank,ict_index_rank_type,corners_and_indirect_freekicks_order,direct_freekicks_order,penalties_order,gw,set_piece_threat,first_name,second_name,web_name,news,news_added,minutes,goals_scored,assists,clean_sheets,goals_conceded,own_goals,penalties_saved,penalties_missed,yellow_cards,red_cards,saves,starts,defensive_contribution,corners_and_indirect_freekicks_text,direct_freekicks_text,penalties_text,saves_per_90,clean_sheets_per_90,goals_conceded_per_90,starts_per_90,defensive_contribution_per_90,tackles,clearances_blocks_interceptions,recoveries
1,a,,,5.9,93,1.0,0,0.0,4,-4.0,33.3,6,1.0,92,0,4.2,59.0,4.0,4,371,2.8,108.0,10.0,0.5,15.6,0.0,3425214,1243,1899868,1091,3.8,3.8,0.0,0.04,0.04,15.77,0.0,0.0,0.0,0.72,326.4,108.0,16.0,20.3,370.0,3.0,0.0,791.0,91.0,34.7,264.0,16.0,,,,23,,David,Raya Martín,Raya,,,1980,0,0,11,14,0,0,0,1,0,32,22,94,,,,1.45,0.5,0.64,1.0,0.0,1,18,175
2,a,,,4.1,643,38.0,0,0.0,-4,4.0,0.4,271,37.0,0,0,0.0,611.0,81.0,0,0,0.0,530.0,76.0,0.0,0.0,0.0,12873,7,73044,14,1.0,1.0,0.0,0.0,0.0,0.0,0.0,0.0,0.0,0.0,0.0,600.0,81.0,0.0,595.0,70.0,0.0,562.0,55.0,0.0,604.0,81.0,,,,23,,Kepa,Arrizabalaga Revuelta,Arrizabalaga,,,0,0,0,0,0,0,0,0,0,0,0,0,0,,,,0.0,0.0,0.0,0.0,0.0,0,0,0
3,u,0.0,0.0,4.0,672,53.0,0,0.0,0,0.0,0.2,359,52.0,0,0,0.0,571.0,71.0,0,0,0.0,488.0,66.0,0.0,0.0,0.0,5545,0,46951,2,0.0,0.0,0.0,0.0,0.0,0.0,0.0,0.0,0.0,0.0,0.0,560.0,71.0,0.0,555.0,60.0,0.0,520.0,45.0,0.0,563.0,71.0,,,,23,,Karl,Hein,Hein,Has joined Werder Bremen on loan for the rest of the season.,,0,0,0,0,0,0,0,0,0,0,0,0,0,,,,0.0,0.0,0.0,0.0,0.0,0,0,0
4,a,,,3.9,759,87.0,0,0.0,-1,1.0,0.2,341,48.0,0,0,0.0,541.0,56.0,0,0,0.0,459.0,51.0,0.0,0.0,0.0,32066,1,28802,11,1.0,1.0,0.0,0.0,0.0,0.0,0.0,0.0,0.0,0.0,0.0,531.0,56.0,0.0,524.0,43.0,0.0,487.0,28.0,0.0,534.0,56.0,,,,23,,Tommy,Setford,Setford,,,0,0,0,0,0,0,0,0,0,0,0,0,0,,,,0.0,0.0,0.0,0.0,0.0,0,0,0
5,a,100.0,100.0,6.9,42,1.0,0,0.0,9,-9.0,36.6,5,2.0,120,0,7.5,1.0,1.0,18,390,6.5,2.0,2.0,0.9,17.4,0.0,7040444,3971,4949156,136,7.5,7.5,1.7,0.77,2.47,9.29,0.11,0.05,0.16,0.62,463.2,36.0,16.0,74.6,258.0,77.0,163.0,123.0,21.0,69.9,102.0,31.0,,,,23,,Gabriel,dos Santos Magalhães,Gabriel,,,1355,3,2,10,7,0,0,0,1,0,0,15,145,,,,0.0,0.66,0.46,1.0,8.63,15,115,22
6,a,100.0,100.0,6.0,86,4.0,0,0.0,0,0.0,12.2,36,12.0,69,0,3.8,91.0,34.0,4,316,3.3,72.0,25.0,0.6,11.5,0.0,1457865,864,1926676,212,4.3,4.3,0.38,0.46,0.84,10.95,0.02,0.03,0.05,0.68,286.6,144.0,61.0,75.0,257.0,76.0,30.0,327.0,106.0,39.2,239.0,82.0,,,,23,,William,Saliba,Saliba,,,1444,0,0,8,9,0,0,0,0,0,0,17,129,,,,0.0,0.5,0.56,1.06,6.11,20,78,68
7,d,75.0,75.0,5.6,132,15.0,0,0.0,1,-1.0,6.2,65,22.0,77,0,4.8,24.0,12.0,4,287,0.0,780.0,261.0,0.0,13.8,0.0,2531237,43,2344568,315,0.8,0.8,2.49,0.36,2.85,7.09,0.18,0.03,0.21,0.51,222.0,193.0,77.0,104.8,207.0,54.0,219.0,78.0,6.0,54.5,167.0,54.0,,,,23,,Riccardo,Calafiori,Calafiori,Lack of match fitness - 75% chance of playing,,1256,1,2,9,7,0,0,0,5,0,0,16,124,,,,0.0,0.64,0.5,1.15,6.09,28,57,57
8,a,100.0,100.0,6.3,69,2.0,0,0.0,8,-8.0,28.2,10,3.0,109,0,5.2,12.0,5.0,7,391,3.8,48.0,19.0,0.6,17.3,0.0,5687518,2217,2867035,841,4.8,4.8,4.16,0.87,5.03,11.56,0.22,0.05,0.27,0.6,375.4,82.0,37.0,279.4,71.0,14.0,321.0,45.0,1.0,97.9,47.0,5.0,,,,23,,Jurriën,Timber,J.Timber,,,1729,2,4,10,12,0,0,0,3,0,0,19,136,,,,0.0,0.52,0.62,0.99,5.52,46,60,67
9,u,0.0,0.0,5.4,171,21.0,0,0.0,-1,1.0,0.0,579,210.0,0,0,0.0,783.0,262.0,0,0,0.0,766.0,260.0,0.0,0.0,0.0,1119,0,10828,0,0.0,0.0,0.0,0.0,0.0,0.0,0.0,0.0,0.0,0.0,0.0,783.0,262.0,0.0,782.0,262.0,0.0,778.0,261.0,0.0,783.0,262.0,,,,23,,Jakub,Kiwior,Kiwior,has joined Porto on loan for the rest of the season.,,0,0,0,0,0,0,0,0,0,0,0,0,0,,,,0.0,0.0,0.0,0.0,0.0,0,0,0
10,a,,,5.1,237,37.0,0,0.0,-4,4.0,1.5,154,59.0,12,0,0.9,484.0,167.0,0,36,0.5,320.0,119.0,0.1,2.4,0.0,129162,24,450738,36,1.5,1.5,0.05,0.06,0.11,5.26,0.01,0.02,0.03,1.52,31.2,407.0,155.0,45.5,321.0,108.0,18.0,363.0,127.0,9.4,395.0,142.0,,,,23,,Myles,Lewis-Skelly,Lewis-Skelly,,,311,0,0,0,5,0,0,0,3,0,0,1,21,,,,0.0,0.0,1.45,0.29,4.05,4,10,14
11,a,100.0,100.0,5.1,226,32.0,0,0.0,-4,4.0,0.6,237,89.0,29,0,4.8,22.0,10.0,3,110,1.2,249.0,91.0,0.2,5.7,0.0,336707,62,380641,23,2.2,2.2,0.43,0.47,0.9,5.86,0.1,0.11,0.21,1.4,100.8,314.0,120.0,91.7,227.0,65.0,44.0,298.0,95.0,23.6,317.0,107.0,,,,23,,Benjamin,White,White,,,377,0,1,3,3,0,0,0,0,0,0,5,35,,,,0.0,0.72,0.72,1.19,7.4,12,19,18
13,a,,,3.8,797,258.0,0,0.0,-2,2.0,0.4,259,98.0,0,0,0.0,508.0,188.0,0,0,0.0,425.0,166.0,0.0,0.0,0.0,49964,4,72467,9,1.0,1.0,0.0,0.0,0.0,0.0,0.0,0.0,0.0,0.0,0.0,498.0,188.0,0.0,490.0,189.0,0.0,452.0,179.0,0.0,501.0,188.0,,,,23,,Brayden,Clarke,Clarke,,,0,0,0,0,0,0,0,0,0,0,0,0,0,,,,0.0,0.0,0.0,0.0,0.0,0,0,0
14,u,0.0,0.0,3.9,764,226.0,0,0.0,-1,1.0,0.1,472,172.0,0,0,0.0,546.0,199.0,0,0,0.0,464.0,178.0,0.0,0.0,0.0,10218,0,22270,1,0.0,0.0,0.0,0.0,0.0,0.0,0.0,0.0,0.0,0.0,0.0,536.0,199.0,0.0,529.0,200.0,0.0,492.0,191.0,0.0,539.0,199.0,,,,23,,Maldini,Kacurri,Kacurri,has joined Morecambe on loan for the rest of the season.,,0,0,0,0,0,0,0,0,0,0,0,0,0,,,,0.0,0.0,0.0,0.0,0.0,0,0,0
15,a,,,3.8,786,247.0,0,0.0,-2,2.0,0.2,385,140.0,0,0,0.0,501.0,181.0,0,0,0.0,417.0,158.0,0.0,0.0,0.0,16935,0,24478,4,1.0,1.0,0.0,0.0,0.0,0.0,0.0,0.0,0.0,0.0,0.0,491.0,181.0,0.0,482.0,181.0,0.0,443.0,170.0,0.0,494.0,181.0,,,,23,,Josh,Nichols,Nichols,,,0,0,0,0,0,0,0,0,0,0,0,0,0,,,,0.0,0.0,0.0,0.0,0.0,0,0,0
16,a,100.0,100.0,10.1,5,3.0,0,0.0,1,-1.0,17.6,20,8.0,99,0,5.0,17.0,9.0,10,375,3.5,66.0,29.0,0.3,9.8,0.0,3917175,547,3629787,2487,4.5,4.5,5.51,4.68,10.19,9.24,0.34,0.29,0.63,0.57,402.6,62.0,17.0,582.6,6.0,6.0,531.0,10.0,4.0,151.7,6.0,4.0,2.0,,1.0,23,,Bukayo,Saka,Saka,,,1453,4,7,8,9,0,0,0,1,0,0,16,110,,,,0.0,0.5,0.56,0.99,6.81,26,8,76
17,a,100.0,100.0,7.8,17,12.0,0,0.0,-2,2.0,2.4,117,38.0,49,0,3.1,181.0,78.0,5,208,4.3,24.0,10.0,0.6,6.3,0.0,360308,167,523703,245,5.3,5.3,0.87,2.59,3.46,10.91,0.08,0.25,0.33,1.06,221.0,194.0,83.0,388.5,31.0,30.0,130.0,157.0,93.0,74.0,93.0,55.0,4.0,,3.0,23,,Martin,Ødegaard,Ødegaard,,,926,1,3,4,8,0,0,0,0,0,0,12,71,,,,0.0,0.39,0.78,1.17,6.9,14,13,44
18,a,100.0,100.0,6.8,46,28.0,0,0.0,-2,2.0,0.6,223,78.0,21,0,1.6,380.0,171.0,0,85,0.8,291.0,131.0,0.1,3.1,0.0,211891,25,282104,24,1.8,1.8,0.6,1.61,2.21,7.11,0.1,0.26,0.36,1.14,73.0,350.0,155.0,190.2,122.0,88.0,195.0,96.0,57.0,45.8,206.0,105.0,3.0,,,23,,Noni,Madueke,Madueke,,,561,0,0,3,5,0,0,0,0,0,0,7,31,,,,0.0,0.48,0.8,1.12,4.97,7,9,15
19,a,100.0,100.0,6.8,47,29.0,0,0.0,-2,2.0,0.9,195,66.0,29,0,1.7,368.0,161.0,1,89,1.2,264.0,118.0,0.2,4.3,0.0,140525,45,221618,27,2.2,2.2,2.57,0.23,2.8,5.56,0.42,0.04,0.46,0.92,78.6,342.0,152.0,71.4,265.0,157.0,207.0,89.0,54.0,35.2,263.0,130.0,,,,23,,Gabriel,Martinelli Silva,Martinelli,,,545,1,1,2,3,0,0,0,2,0,0,7,34,,,,0.0,0.33,0.5,1.16,5.61,7,6,21
20,a,100.0,100.0,6.9,41,25.0,0,0.0,-1,1.0,1.5,152,51.0,81,0,4.5,41.0,20.0,9,278,3.2,81.0,39.0,0.5,11.7,0.0,446559,188,316231,260,4.2,4.2,4.17,2.05,6.22,8.38,0.32,0.16,0.48,0.64,336.8,102.0,34.0,324.9,49.0,42.0,351.0,35.0,21.0,101.4,41.0,31.0,,,4.0,23,,Leandro,Trossard,Trossard,,,1173,5,4,6,9,0,0,0,1,0,0,12,72,,,,0.0,0.46,0.69,0.92,5.52,14,13,45
21,a,100.0,100.0,7.4,22,15.0,0,0.0,9,-9.0,31.2,8,2.0,125,0,6.0,6.0,3.0,18,515,4.7,17.0,8.0,0.6,16.9,0.0,5623953,4965,2811494,512,5.7,5.7,2.78,4.22,7.0,12.3,0.14,0.21,0.35,0.62,575.4,12.0,3.0,631.5,4.0,4.0,231.0,73.0,46.0,143.9,10.0,8.0,1.0,1.0,,23,,Declan,Rice,Rice,,,1785,4,7,10,13,0,0,0,1,0,0,20,216,,,,0.0,0.5,0.66,1.01,10.89,37,78,101
22,a,,,5.5,139,87.0,0,0.0,-5,5.0,1.5,156,53.0,59,0,3.0,192.0,83.0,4,212,1.0,277.0,122.0,0.2,10.7,0.0,825339,60,746274,219,2.0,2.0,2.5,1.43,3.93,6.32,0.23,0.13,0.36,0.59,265.6,168.0,64.0,185.7,130.0,93.0,193.0,99.0,59.0,64.2,127.0,67.0,,,,23,,Mikel,Merino Zazón,Merino,,,964,3,3,4,8,0,0,0,1,0,0,10,104,,,,0.0,0.37,0.75,0.93,9.71,25,27,52
23,u,0.0,0.0,5.4,170,106.0,0,0.0,-1,1.0,0.0,670,276.0,0,0,0.0,782.0,346.0,0,0,0.0,765.0,336.0,0.0,0.0,0.0,933,0,4392,0,0.0,0.0,0.0,0.0,0.0,0.0,0.0,0.0,0.0,0.0,0.0,782.0,346.0,0.0,781.0,346.0,0.0,777.0,345.0,0.0,782.0,346.0,,,,23,,Fábio,Ferreira Vieira,Fábio Vieira,has joined Hamburger on loan for the rest of the season.,,0,0,0,0,0,0,0,0,0,0,0,0,0,,,,0.0,0.0,0.0,0.0,0.0,0,0,0
24,a,100.0,100.0,5.1,224,138.0,0,0.0,-4,4.0,0.1,428,145.0,3,0,1.0,471.0,222.0,0,11,0.2,392.0,180.0,0.0,0.6,0.0,6489,2,59853,3,1.2,1.2,0.05,0.0,0.05,2.16,0.15,0.0,0.15,6.27,14.6,431.0,194.0,0.4,454.0,222.0,7.0,399.0,197.0,2.3,445.0,203.0,,,,23,,Christian,Nørgaard,Nørgaard,,,31,0,0,0,1,0,0,0,0,0,0,0,8,,,,0.0,0.0,2.9,0.0,23.23,0,5,3
25,u,0.0,0.0,5.0,268,163.0,0,0.0,-5,5.0,0.1,431,147.0,8,0,1.3,411.0,185.0,0,20,0.0,735.0,315.0,0.0,1.6,0.0,13149,0,35407,21,0.0,0.0,0.23,0.08,0.31,0.73,0.13,0.04,0.17,0.4,8.6,439.0,199.0,22.5,366.0,189.0,24.0,344.0,179.0,5.4,419.0,188.0,,,,23,,Ethan,Nwaneri,Nwaneri,has joined Marseille on loan for the rest of the season.,,165,0,0,1,0,0,0,0,0,0,0,0,13,,,,0.0,0.55,0.0,0.0,7.09,2,1,10
26,a,100.0,100.0,5.2,215,133.0,0,0.0,-3,3.0,2.2,120,40.0,80,0,3.6,117.0,53.0,5,373,3.5,62.0,26.0,0.7,15.4,0.0,740370,194,775041,110,4.5,4.5,1.87,1.46,3.33,14.87,0.09,0.07,0.16,0.72,387.6,71.0,23.0,292.7,65.0,52.0,146.0,136.0,80.0,82.8,72.0,45.0,,,,23,,Martín,Zubimendi Ibáñez,Zubimendi,,,1848,3,1,11,13,0,0,0,4,0,0,21,188,,,,0.0,0.54,0.63,1.02,9.16,39,76,73
28,u,0.0,0.0,4.5,479,294.0,0,0.0,0,0.0,0.1,471,161.0,0,0,0.0,711.0,294.0,0,0,0.0,657.0,257.0,0.0,0.0,0.0,6731,0,29975,0,0.0,0.0,0.0,0.0,0.0,0.0,0.0,0.0,0.0,0.0,0.0,710.0,293.0,0.0,705.0,293.0,0.0,688.0,288.0,0.0,710.0,293.0,,,,23,,Ismeal,Kabia,Kabia,has joined Shrewsbury Town on loan for the rest of the season.,,0,0,0,0,0,0,0,0,0,0,0,0,0,,,,0.0,0.0,0.0,0.0,0.0,0,0,0
29,u,0.0,0.0,4.5,422,253.0,0,0.0,0,0.0,0.1,576,214.0,0,0,0.0,675.0,264.0,0,0,0.0,618.0,225.0,0.0,0.0,0.0,2952,0,13946,2,0.0,0.0,0.0,0.0,0.0,0.0,0.0,0.0,0.0,0.0,0.0,669.0,259.0,0.0,667.0,262.0,0.0,646.0,254.0,0.0,672.0,261.0,,,,23,,Albert,Sambi Lokonga,Sambi,has joined Hamburger permanently.,,0,0,0,0,0,0,0,0,0,0,0,0,0,,,,0.0,0.0,0.0,0.0,0.0,0,0,0
30,a,100.0,100.0,7.3,26,9.0,0,0.0,-2,2.0,0.3,292,48.0,1,0,1.0,481.0,58.0,0,4,0.0,797.0,87.0,0.0,0.1,0.0,13869,11,113223,12,1.0,1.0,0.0,0.01,0.01,0.82,0.0,0.03,0.03,2.46,2.8,462.0,53.0,0.8,447.0,54.0,2.0,430.0,58.0,0.6,466.0,57.0,,,,23,,Kai,Havertz,Havertz,,,30,0,0,0,0,0,0,0,0,0,0,0,3,,,,0.0,0.0,0.0,0.0,9.0,0,1,2
31,a,100.0,100.0,6.4,57,20.0,0,0.0,-1,1.0,0.4,287,45.0,10,0,1.4,403.0,46.0,0,41,1.3,241.0,31.0,0.2,1.6,0.0,66759,325,37344,50,2.3,2.3,0.98,0.12,1.1,2.75,0.59,0.07,0.66,1.66,57.2,374.0,39.0,7.3,413.0,50.0,129.0,159.0,36.0,19.2,339.0,40.0,,,,23,,Gabriel,Fernando de Jesus,G.Jesus,,,149,1,0,0,3,0,0,0,1,0,0,0,17,,,,0.0,0.0,1.81,0.0,10.27,4,3,10
266,a,,,7.3,28,19.0,0,0.0,-2,2.0,8.4,48,17.0,68,0,4.0,75.0,34.0,6,263,0.3,349.0,156.0,0.0,9.3,0.0,3225840,77,3564583,504,1.3,1.3,2.54,1.41,3.95,6.13,0.23,0.13,0.36,0.54,254.8,171.0,67.0,158.9,151.0,103.0,283.0,59.0,36.0,69.6,103.0,57.0,,,,23,,Eberechi,Eze,Eze,,,1014,4,3,6,6,0,0,0,0,0,0,12,66,,,,0.0,0.53,0.53,1.07,5.86,12,13,41
662,a,100.0,100.0,5.3,200,27.0,0,0.0,-2,2.0,0.1,430,158.0,17,0,1.7,364.0,137.0,1,85,0.0,758.0,257.0,0.0,3.2,0.0,42390,17,50232,3,1.0,1.0,0.0,0.43,0.43,2.68,0.0,0.09,0.09,0.56,84.0,335.0,128.0,23.2,365.0,132.0,8.0,391.0,145.0,11.5,382.0,137.0,,,,23,,Cristhian,Mosquera,Mosquera,,,429,0,0,1,4,0,0,0,1,0,0,4,48,,,,0.0,0.21,0.84,0.84,7.34,11,24,17
666,a,100.0,100.0,8.7,9,5.0,0,0.0,-3,3.0,9.3,46,9.0,55,0,2.8,221.0,22.0,4,184,1.5,231.0,29.0,0.2,6.3,0.0,2639626,259,4552408,209,2.5,2.5,6.37,0.9,7.27,9.42,0.43,0.06,0.49,0.63,199.8,212.0,17.0,138.8,165.0,14.0,436.0,22.0,13.0,76.9,87.0,15.0,,,2.0,23,,Viktor,Gyökeres,Gyökeres,,,1345,5,0,9,6,0,0,0,3,0,0,17,48,,,,0.0,0.6,0.4,1.14,3.21,4,14,30
700,i,0.0,0.0,4.2,641,361.0,0,0.0,-3,3.0,0.3,299,101.0,5,0,2.5,248.0,107.0,0,13,0.0,548.0,187.0,0.0,1.2,0.0,137110,78,114890,45,0.0,0.0,0.14,0.02,0.16,0.12,0.47,0.07,0.54,0.4,1.0,473.0,219.0,0.8,445.0,217.0,26.0,336.0,176.0,2.8,441.0,201.0,,,,23,,Max,Dowman,Dowman,Ankle injury - Unknown return date,,27,0,1,0,0,0,0,0,0,0,0,0,3,,,,0.0,0.0,0.0,0.0,10.0,2,0,1
711,a,,,4.4,561,337.0,0,0.0,-1,1.0,0.0,695,295.0,0,0,0.0,664.0,258.0,0,0,0.0,604.0,218.0,0.0,0.0,0.0,1660,1,1553,0,1.0,1.0,0.0,0.0,0.0,0.0,0.0,0.0,0.0,0.0,0.0,658.0,253.0,0.0,654.0,256.0,0.0,631.0,247.0,0.0,661.0,255.0,,,,23,,Andre,Harriman-Annous,Harriman-Annous,,,0,0,0,0,0,0,0,0,0,0,0,0,0,,,,0.0,0.0,0.0,0.0,0.0,0,0,0
725,d,75.0,75.0,5.2,214,30.0,0,0.0,-3,3.0,0.7,213,81.0,35,0,2.9,202.0,78.0,2,147,0.8,287.0,105.0,0.2,6.7,0.0,457627,3,375012,228,1.4,1.4,0.0,0.74,0.74,9.45,0.0,0.07,0.07,0.96,188.6,223.0,91.0,58.3,295.0,97.0,20.0,356.0,121.0,26.6,304.0,102.0,,,,23,,Piero,Hincapié,Hincapie,Lack of match fitness - 75% chance of playing,,889,0,0,2,9,0,0,0,2,0,0,10,80,,,,0.0,0.2,0.91,1.01,8.1,19,61,36
759,a,,,4.0,712,201.0,0,0.0,0,0.0,0.0,700,241.0,0,0,0.0,604.0,235.0,0,0,0.0,523.0,215.0,0.0,0.0,0.0,886,0,654,1,1.0,1.0,0.0,0.0,0.0,0.0,0.0,0.0,0.0,0.0,0.0,593.0,234.0,0.0,588.0,235.0,0.0,554.0,229.0,0.0,596.0,234.0,,,,23,,Marli,Salmon,Salmon,,,0,0,0,0,0,0,0,0,0,0,0,0,0,,,,0.0,0.0,0.0,0.0,0.0,0,0,0
32,d,75.0,75.0,5.0,242,7.0,0,0.0,0,0.0,3.1,106,15.0,66,0,3.7,101.0,10.0,3,291,1.5,223.0,19.0,0.3,13.2,0.0,645047,39,505306,416,1.1,1.1,0.0,0.03,0.03,22.83,0.0,0.0,0.0,1.3,389.2,69.0,13.0,3.0,428.0,12.0,0.0,748.0,83.0,39.2,238.0,13.0,,,,23,,Emiliano,Martínez Romero,Martinez,Calf injury - 75% chance of playing,,1575,0,0,4,17,0,1,0,1,0,51,18,78,,,,2.91,0.23,0.97,1.03,0.0,0,14,138
33,a,,,4.2,619,32.0,0,0.0,-3,3.0,0.4,267,35.0,11,0,2.2,284.0,25.0,0,51,0.3,328.0,24.0,0.1,2.6,0.0,82469,10,110711,14,0.3,0.3,0.0,0.0,0.0,8.53,0.0,0.0,0.0,1.9,92.8,328.0,27.0,0.0,597.0,72.0,0.0,565.0,57.0,9.3,396.0,27.0,,,,23,,Marco,Bizot,M.Bizot,,,405,0,0,1,8,0,0,0,2,0,13,4,23,,,,2.89,0.22,1.78,0.89,0.0,0,6,41
34,u,0.0,0.0,4.0,671,52.0,0,0.0,0,0.0,0.1,477,74.0,0,0,0.0,570.0,70.0,0,0,0.0,487.0,65.0,0.0,0.0,0.0,0,0,16799,0,0.0,0.0,0.0,0.0,0.0,0.0,0.0,0.0,0.0,0.0,0.0,559.0,70.0,0.0,554.0,59.0,0.0,519.0,44.0,0.0,562.0,70.0,,,,23,,Joe,Gauci,Gauci,Has joined Port Vale on loan for the rest of the season.,,0,0,0,0,0,0,0,0,0,0,0,0,0,,,,0.0,0.0,0.0,0.0,0.0,0,0,0
35,u,0.0,0.0,4.0,670,51.0,0,0.0,0,0.0,0.0,727,84.0,0,0,0.0,569.0,69.0,0,0,0.0,486.0,64.0,0.0,0.0,0.0,0,0,1227,0,0.0,0.0,0.0,0.0,0.0,0.0,0.0,0.0,0.0,0.0,0.0,558.0,69.0,0.0,553.0,58.0,0.0,518.0,43.0,0.0,561.0,69.0,,,,23,,Filip,Marschall,Marschall,Has joined Stevenage permanently.,,0,0,0,0,0,0,0,0,0,0,0,0,0,,,,0.0,0.0,0.0,0.0,0.0,0,0,0
36,a,100.0,100.0,4.8,353,58.0,0,0.0,3,-3.0,11.1,40,13.0,89,0,4.2,57.0,26.0,6,328,2.3,152.0,58.0,0.5,18.5,0.0,2445700,806,1432113,623,2.3,2.3,0.7,1.91,2.61,27.25,0.03,0.09,0.12,1.32,445.0,44.0,21.0,315.8,53.0,9.0,127.0,161.0,31.0,88.8,57.0,9.0,1.0,,,23,,Matty,Cash,Cash,,,1861,3,2,6,20,0,0,0,5,0,0,21,142,,,,0.0,0.29,0.97,1.02,5.75,36,83,53
37,a,100.0,100.0,4.5,402,73.0,0,0.0,0,0.0,1.6,149,58.0,65,0,3.1,166.0,67.0,4,255,2.0,180.0,68.0,0.4,14.4,0.0,279815,44,316212,59,2.0,2.0,0.54,1.75,2.29,18.41,0.04,0.13,0.17,1.37,243.2,177.0,72.0,277.8,72.0,15.0,106.0,194.0,48.0,62.5,131.0,43.0,2.0,2.0,,23,,Lucas,Digne,Digne,,,1209,0,3,6,12,0,0,0,2,0,0,14,91,,,,0.0,0.45,0.89,1.04,4.99,21,46,43
38,a,100.0,100.0,4.4,518,105.0,0,0.0,-1,1.0,7.4,55,17.0,64,0,3.0,183.0,71.0,3,326,2.5,125.0,48.0,0.6,14.5,0.0,503520,210,1879189,197,2.5,2.5,0.38,0.4,0.78,29.83,0.02,0.02,0.04,1.44,384.2,75.0,33.0,72.7,262.0,80.0,79.0,236.0,65.0,53.9,171.0,55.0,,,,23,,Ezri,Konsa Ngoyo,Konsa,,,1865,0,0,6,24,0,0,0,0,1,0,21,151,,,,0.0,0.29,1.16,1.01,5.98,14,110,63
39,a,,,4.2,628,149.0,0,0.0,-3,3.0,0.5,252,96.0,20,0,1.2,418.0,152.0,0,115,1.2,245.0,89.0,0.3,4.8,0.0,50824,28,91570,16,1.2,1.2,0.68,1.1,1.78,12.95,0.08,0.13,0.21,1.53,153.8,259.0,105.0,178.8,134.0,32.0,114.0,178.0,38.0,44.9,210.0,70.0,5.0,,,23,,Ian,Maatsen,Maatsen,,,760,0,0,0,13,0,0,0,1,0,0,8,74,,,,0.0,0.0,1.54,0.95,7.34,22,40,47
40,a,100.0,100.0,4.3,568,125.0,0,0.0,-2,2.0,0.5,243,91.0,24,0,3.4,126.0,48.0,1,87,0.0,552.0,232.0,0.0,5.6,0.0,123746,14,188343,6,0.0,0.0,0.33,0.09,0.42,8.78,0.06,0.02,0.08,1.59,120.2,289.0,110.0,44.6,324.0,109.0,25.0,339.0,112.0,19.0,342.0,119.0,,,,23,,Tyrone,Mings,Mings,,,497,0,0,2,6,0,0,0,0,0,0,6,57,,,,0.0,0.36,1.09,1.09,7.42,2,39,16
41,a,100.0,100.0,4.3,578,132.0,0,0.0,-2,2.0,0.3,315,116.0,41,0,3.2,151.0,62.0,2,183,0.3,330.0,123.0,0.1,9.5,0.0,62167,14,89111,10,0.3,0.3,0.22,0.26,0.48,14.7,0.02,0.02,0.04,1.27,222.2,192.0,76.0,29.0,350.0,123.0,28.0,330.0,108.0,28.1,297.0,98.0,,,,23,,Pau,Torres,Pau,,,1042,0,1,3,12,1,0,0,0,0,0,11,105,,,,0.0,0.26,1.04,0.95,6.74,17,61,57
42,a,100.0,100.0,3.9,766,228.0,0,0.0,-1,1.0,0.2,358,131.0,1,0,0.5,487.0,168.0,0,-3,0.2,353.0,133.0,0.1,0.3,0.0,27123,8,37332,8,0.2,0.2,0.0,0.01,0.01,1.52,0.0,0.03,0.03,4.56,0.6,475.0,169.0,1.5,437.0,160.0,0.0,493.0,192.0,0.2,479.0,170.0,,,,23,,Andrés,García,A.García,,,30,0,0,0,2,0,0,0,0,0,0,0,0,,,,0.0,0.0,6.0,0.0,0.0,0,0,2
43,u,0.0,0.0,4.0,650,159.0,0,0.0,0,0.0,1.7,144,57.0,0,0,0.0,552.0,202.0,0,0,0.0,470.0,181.0,0.0,0.0,0.0,44476,0,879270,18,0.0,0.0,0.0,0.0,0.0,0.0,0.0,0.0,0.0,0.0,0.0,542.0,202.0,0.0,536.0,203.0,0.0,500.0,195.0,0.0,545.0,202.0,,,,23,,Álex,Moreno Lopera,Alex Moreno,Has joined Girona permanently.,,0,0,0,0,0,0,0,0,0,0,0,0,0,,,,0.0,0.0,0.0,0.0,0.0,0,0,0
44,a,100.0,100.0,4.0,686,179.0,0,0.0,0,0.0,0.5,246,94.0,22,0,1.3,404.0,147.0,3,71,0.3,327.0,121.0,0.1,5.5,0.0,95909,29,81376,18,0.3,0.3,0.0,0.14,0.14,8.21,0.0,0.02,0.02,1.47,67.0,361.0,138.0,40.3,330.0,112.0,8.0,381.0,138.0,11.5,378.0,135.0,,,,23,,Lamare,Bogarde,Bogarde,,,504,0,0,1,7,0,0,0,5,0,0,5,37,,,,0.0,0.18,1.25,0.89,5.0,12,16,16
45,a,,,3.8,787,248.0,0,0.0,-2,2.0,0.3,320,118.0,0,0,0.0,502.0,182.0,0,0,0.0,418.0,159.0,0.0,0.0,0.0,18935,32,31863,2,0.0,0.0,0.0,0.0,0.0,0.0,0.0,0.0,0.0,0.0,0.0,492.0,182.0,0.0,483.0,182.0,0.0,444.0,171.0,0.0,495.0,182.0,,,,23,,Lino,da Cruz Sousa,Sousa,,,0,0,0,0,0,0,0,0,0,0,0,0,0,,,,0.0,0.0,0.0,0.0,0.0,0,0,0
46,u,0.0,0.0,4.0,702,192.0,0,0.0,0,0.0,0.1,450,165.0,0,0,0.0,596.0,228.0,0,0,0.0,515.0,208.0,0.0,0.0,0.0,4656,0,20560,2,0.0,0.0,0.0,0.0,0.0,0.0,0.0,0.0,0.0,0.0,0.0,585.0,227.0,0.0,580.0,228.0,0.0,546.0,222.0,0.0,588.0,227.0,,,,23,,Yasin,Özcan,Yasin,has joined Anderlecht on loan for the rest of the season.,,0,0,0,0,0,0,0,0,0,0,0,0,0,,,,0.0,0.0,0.0,0.0,0.0,0,0,0
47,a,100.0,100.0,7.7,18,13.0,0,0.0,7,-7.0,31.1,9,3.0,103,0,4.7,28.0,13.0,10,357,2.0,189.0,79.0,0.3,13.4,0.0,5008162,1764,2191202,2528,2.0,2.0,4.24,2.38,6.62,30.66,0.19,0.11,0.3,1.41,458.0,39.0,9.0,384.4,33.0,32.0,492.0,14.0,7.0,133.3,11.0,9.0,,,,23,,Morgan,Rogers,Rogers,,,1957,7,4,6,25,0,0,0,4,0,0,22,126,,,,0.0,0.28,1.15,1.01,5.79,21,28,77
48,a,100.0,100.0,5.9,94,59.0,0,0.0,-1,1.0,1.1,177,61.0,49,0,3.1,176.0,75.0,3,270,3.5,64.0,28.0,0.6,8.3,0.0,155495,135,288720,81,3.5,3.5,0.97,2.24,3.21,20.99,0.07,0.16,0.23,1.55,284.0,146.0,53.0,360.0,40.0,37.0,147.0,134.0,78.0,79.1,82.0,51.0,3.0,,,23,,Youri,Tielemans,Tielemans,,,1222,0,4,3,17,0,0,0,0,0,0,14,127,,,,0.0,0.22,1.25,1.03,9.35,37,25,65
49,a,100.0,100.0,5.5,141,89.0,0,0.0,0,0.0,0.1,513,183.0,0,0,0.0,788.0,351.0,0,0,0.0,774.0,343.0,0.0,0.0,0.0,2372,19,48287,2,0.0,0.0,0.0,0.0,0.0,0.0,0.0,0.0,0.0,0.0,0.0,788.0,351.0,0.0,787.0,351.0,0.0,784.0,350.0,0.0,788.0,351.0,,,,23,,Leon,Bailey,Bailey,,,0,0,0,0,0,0,0,0,0,0,0,0,0,,,,0.0,0.0,0.0,0.0,0.0,0,0,0
50,a,100.0,100.0,5.3,187,116.0,0,0.0,-2,2.0,0.3,297,99.0,60,0,3.0,191.0,82.0,7,202,1.7,210.0,88.0,0.3,11.3,0.0,161708,81,145111,38,1.7,1.7,1.99,1.17,3.16,13.54,0.21,0.12,0.33,1.41,250.6,173.0,69.0,226.1,96.0,71.0,190.0,101.0,60.0,66.7,114.0,61.0,,6.0,2.0,23,,Emiliano,Buendía Stati,Buendía,,,862,4,2,2,9,0,0,0,2,0,0,10,99,,,,0.0,0.21,0.94,1.04,10.34,25,18,56
51,u,0.0,0.0,5.5,151,96.0,0,0.0,0,0.0,0.0,671,277.0,0,0,0.0,789.0,352.0,0,0,0.0,776.0,345.0,0.0,0.0,0.0,1383,0,3750,0,0.0,0.0,0.0,0.0,0.0,0.0,0.0,0.0,0.0,0.0,0.0,789.0,352.0,0.0,788.0,352.0,0.0,785.0,351.0,0.0,789.0,352.0,,,,23,,Samuel,Iling-Junior,Iling Jr,has joined West Bromwich Albion on loan for the rest of the season,,0,0,0,0,0,0,0,0,0,0,0,0,0,,,,0.0,0.0,0.0,0.0,0.0,0,0,0
53,u,0.0,0.0,5.1,227,140.0,0,0.0,-4,4.0,0.5,251,84.0,55,0,2.6,240.0,104.0,3,161,1.2,250.0,108.0,0.2,10.8,0.0,172896,0,324957,128,0.0,0.0,4.03,0.35,4.38,10.59,0.57,0.05,0.62,1.49,183.4,229.0,98.0,99.7,214.0,134.0,290.0,55.0,34.0,56.3,155.0,87.0,,,1.0,23,,Donyell,Malen,Malen,has joined Roma on loan for the rest of the season.,,640,4,2,1,10,0,0,0,0,0,0,5,16,,,,0.0,0.14,1.41,0.7,2.25,4,2,10
54,i,0.0,0.0,5.4,159,99.0,0,0.0,-1,1.0,0.9,189,64.0,71,0,3.2,158.0,67.0,4,289,3.5,63.0,27.0,0.6,13.1,0.0,207791,3,184166,816,0.0,0.0,2.52,1.96,4.48,26.58,0.14,0.11,0.25,1.5,308.2,119.0,42.0,385.2,32.0,31.0,193.0,98.0,58.0,88.8,58.0,39.0,4.0,,,23,,John,McGinn,McGinn,Knee injury - Unknown return date,,1591,3,2,7,21,0,0,0,3,0,0,21,126,,,,0.0,0.4,1.19,1.19,7.13,27,29,70
55,i,0.0,0.0,4.8,347,218.0,0,0.0,-2,2.0,0.0,619,242.0,15,0,2.1,308.0,135.0,0,56,0.0,688.0,281.0,0.0,3.1,0.0,4396,1,11725,1,0.0,0.0,0.43,0.16,0.59,1.41,0.34,0.13,0.47,1.11,51.8,380.0,167.0,33.7,341.0,180.0,55.0,282.0,150.0,14.0,366.0,172.0,,,,23,,Ross,Barkley,Barkley,Knee injury - Expected back 07 Feb,,114,1,1,0,0,0,0,0,0,0,0,0,15,,,,0.0,0.0,0.0,0.0,11.84,3,2,10
56,u,0.0,0.0,5.0,264,161.0,0,0.0,0,0.0,0.0,800,359.0,0,0,0.0,766.0,335.0,0,0,0.0,734.0,314.0,0.0,0.0,0.0,0,0,34,0,0.0,0.0,0.0,0.0,0.0,0.0,0.0,0.0,0.0,0.0,0.0,766.0,335.0,0.0,764.0,335.0,0.0,757.0,333.0,0.0,766.0,335.0,,,,23,,Enzo,Barrenechea,Barrenechea,Season-long loan to Benfica,,0,0,0,0,0,0,0,0,0,0,0,0,0,,,,0.0,0.0,0.0,0.0,0.0,0,0,0
57,u,0.0,0.0,5.0,258,158.0,0,0.0,0,0.0,0.0,653,267.0,0,0,0.0,762.0,332.0,0,0,0.0,730.0,311.0,0.0,0.0,0.0,889,0,5401,0,0.0,0.0,0.0,0.0,0.0,0.0,0.0,0.0,0.0,0.0,0.0,762.0,332.0,0.0,759.0,332.0,0.0,753.0,330.0,0.0,762.0,332.0,,,,23,,Lewis,Dobbin,Dobbin,Has joined Preston North End on loan for the rest of the season.,,0,0,0,0,0,0,0,0,0,0,0,0,0,,,,0.0,0.0,0.0,0.0,0.0,0,0,0
58,i,0.0,0.0,4.9,311,193.0,0,0.0,-1,1.0,0.3,303,102.0,61,0,3.4,130.0,56.0,7,282,1.3,236.0,100.0,0.3,12.4,0.0,111168,1,101771,100,0.0,0.0,0.53,0.84,1.36,20.8,0.03,0.05,0.08,1.33,325.0,110.0,38.0,241.3,87.0,65.0,75.0,247.0,136.0,64.2,126.0,66.0,,,,23,,Boubacar,Kamara,Kamara,Knee injury - Unknown return date,,1410,1,3,5,15,0,0,0,5,0,0,17,149,,,,0.0,0.32,0.96,1.09,9.51,38,46,65
59,a,100.0,100.0,4.8,364,228.0,0,0.0,-2,2.0,0.6,231,80.0,46,0,3.3,143.0,62.0,3,210,0.3,340.0,151.0,0.1,9.6,0.0,134704,35,260548,16,0.3,0.3,0.43,0.21,0.64,14.1,0.04,0.02,0.06,1.43,242.2,178.0,73.0,60.6,287.0,166.0,67.0,259.0,141.0,37.0,256.0,125.0,,,,23,,Amadou,Onana,Onana,,,886,2,0,3,11,0,0,0,2,0,0,11,118,,,,0.0,0.3,1.12,1.12,11.99,27,54,37
60,a,,,4.4,552,331.0,0,0.0,-1,1.0,0.3,321,107.0,0,0,0.0,659.0,255.0,0,0,0.0,598.0,214.0,0.0,0.0,0.0,37639,6,46884,6,0.0,0.0,0.0,0.0,0.0,0.0,0.0,0.0,0.0,0.0,0.0,652.0,249.0,0.0,649.0,253.0,0.0,625.0,243.0,0.0,655.0,251.0,,,,23,,Ben,Broggio,Broggio,,,0,0,0,0,0,0,0,0,0,0,0,0,0,,,,0.0,0.0,0.0,0.0,0.0,0,0,0
61,u,0.0,0.0,4.5,404,247.0,0,0.0,0,0.0,0.1,516,184.0,0,0,0.0,667.0,259.0,0,0,0.0,607.0,219.0,0.0,0.0,0.0,2169,0,33380,0,0.0,0.0,0.0,0.0,0.0,0.0,0.0,0.0,0.0,0.0,0.0,661.0,254.0,0.0,657.0,257.0,0.0,634.0,248.0,0.0,664.0,256.0,,,,23,,Leander,Dendoncker,Dendoncker,Has joined Real Oviedo permanently.,,0,0,0,0,0,0,0,0,0,0,0,0,0,,,,0.0,0.0,0.0,0.0,0.0,0,0,0
62,a,,,4.5,465,284.0,0,0.0,0,0.0,0.1,529,188.0,1,0,1.0,453.0,207.0,0,3,0.2,374.0,167.0,0.0,0.2,0.0,8113,3,8981,0,0.2,0.2,0.0,0.0,0.0,0.61,0.0,0.0,0.0,6.86,0.2,479.0,221.0,0.3,460.0,225.0,0.0,676.0,280.0,0.1,482.0,223.0,,,,23,,Jamaldeen,Jimoh-Aloba,Jimoh-Aloba,,,8,0,0,0,0,0,0,0,0,0,0,0,1,,,,0.0,0.0,0.0,0.0,11.25,0,0,1
63,a,,,4.3,600,348.0,0,0.0,-2,2.0,0.6,228,79.0,0,0,0.0,630.0,237.0,0,0,0.0,564.0,195.0,0.0,0.0,0.0,94623,55,108834,28,0.0,0.0,0.0,0.0,0.0,0.0,0.0,0.0,0.0,0.0,0.0,620.0,228.0,0.0,618.0,233.0,0.0,590.0,221.0,0.0,623.0,230.0,,,,23,,Kadan,Young,Young,,,0,0,0,0,0,0,0,0,0,0,0,0,0,,,,0.0,0.0,0.0,0.0,0.0,0,0,0
64,a,100.0,100.0,8.8,8,4.0,0,0.0,-2,2.0,12.9,33,7.0,83,0,3.8,93.0,8.0,9,300,4.7,18.0,3.0,0.5,9.4,0.0,1945418,861,3364146,1343,4.7,4.7,8.78,0.85,9.63,25.6,0.48,0.05,0.53,1.4,324.2,111.0,10.0,169.5,142.0,9.0,617.0,5.0,4.0,110.9,33.0,7.0,,,3.0,23,,Ollie,Watkins,Watkins,,,1651,7,2,6,22,0,0,0,1,0,0,19,58,,,,0.0,0.33,1.2,1.04,3.16,11,14,33
65,u,0.0,0.0,4.5,476,65.0,0,0.0,0,0.0,0.3,312,52.0,0,0,0.0,709.0,75.0,0,0,0.0,655.0,66.0,0.0,0.0,0.0,17574,0,84086,6,0.0,0.0,0.0,0.0,0.0,0.0,0.0,0.0,0.0,0.0,0.0,707.0,75.0,0.0,703.0,74.0,0.0,686.0,74.0,0.0,708.0,75.0,,,,23,,Zépiqueno,Redmond,Redmond,has joined Huddersfield Town on loan for the rest of the season.,,0,0,0,0,0,0,0,0,0,0,0,0,0,,,,0.0,0.0,0.0,0.0,0.0,0,0,0
389,a,100.0,100.0,5.1,233,144.0,0,0.0,-4,4.0,0.2,393,133.0,4,0,1.0,472.0,223.0,0,13,0.0,747.0,325.0,0.0,0.8,0.0,92240,11,100763,1,0.0,0.0,0.19,0.06,0.25,1.74,0.18,0.06,0.24,1.61,8.6,440.0,200.0,17.8,378.0,190.0,18.0,362.0,185.0,4.4,429.0,193.0,,,,23,,Harvey,Elliott,Elliott,,,97,0,0,0,2,0,0,0,0,0,0,1,5,,,,0.0,0.0,1.86,0.93,4.64,0,2,3
456,a,100.0,100.0,5.8,105,68.0,0,0.0,-2,2.0,0.2,368,124.0,14,0,1.3,415.0,188.0,0,44,1.2,255.0,111.0,0.2,2.4,0.0,38579,38,42725,9,1.2,1.2,0.38,0.59,0.97,4.11,0.11,0.18,0.29,1.22,39.0,397.0,174.0,85.4,235.0,143.0,105.0,200.0,111.0,23.1,320.0,155.0,,,,23,,Jadon,Sancho,Sancho,,,302,0,0,1,2,0,0,0,0,0,0,2,16,,,,0.0,0.3,0.6,0.6,4.77,1,8,7
677,a,100.0,100.0,6.2,77,50.0,0,0.0,-3,3.0,0.0,621,244.0,25,0,1.9,338.0,146.0,0,82,0.3,347.0,154.0,0.0,4.0,0.0,6620,3,11942,3,0.3,0.3,1.19,0.41,1.6,8.82,0.18,0.06,0.24,1.36,92.8,329.0,143.0,55.0,303.0,171.0,136.0,149.0,88.0,28.0,298.0,145.0,,,,23,,Evann,Guessand,Guessand,,,583,0,2,1,10,0,0,0,0,0,0,6,55,,,,0.0,0.15,1.54,0.93,8.49,18,10,27
688,a,,,3.9,749,80.0,0,0.0,-1,1.0,0.6,230,31.0,0,0,0.0,531.0,49.0,0,0,0.0,449.0,44.0,0.0,0.0,0.0,57929,8,39568,20,0.0,0.0,0.0,0.0,0.0,0.0,0.0,0.0,0.0,0.0,0.0,521.0,49.0,0.0,514.0,36.0,0.0,477.0,21.0,0.0,524.0,49.0,,,,23,,James,Wright,Wright,,,0,0,0,0,0,0,0,0,0,0,0,0,0,,,,0.0,0.0,0.0,0.0,0.0,0,0,0
701,u,0.0,0.0,4.0,698,188.0,0,0.0,0,0.0,0.1,521,188.0,0,0,0.0,593.0,225.0,0,0,0.0,512.0,205.0,0.0,0.0,0.0,8943,0,10468,0,0.0,0.0,0.0,0.0,0.0,0.0,0.0,0.0,0.0,0.0,0.0,582.0,224.0,0.0,577.0,225.0,0.0,543.0,219.0,0.0,585.0,224.0,,,,23,,Triston,Rowe,Rowe,has joined Annecy on loan for the rest of the season.,,0,0,0,0,0,0,0,0,0,0,0,0,0,,,,0.0,0.0,0.0,0.0,0.0,0,0,0
702,a,,,4.4,560,336.0,0,0.0,-1,1.0,0.1,527,187.0,1,0,1.0,448.0,203.0,0,3,0.0,603.0,217.0,0.0,0.2,0.0,9142,1,8265,2,0.0,0.0,0.0,0.0,0.0,0.9,0.0,0.0,0.0,5.06,0.0,657.0,252.0,0.3,458.0,224.0,0.0,630.0,246.0,0.0,660.0,254.0,,,,23,,Bradley,Burrowes,Burrowes,,,16,0,0,0,1,0,0,0,0,0,0,0,1,,,,0.0,0.0,5.62,0.0,5.62,0,0,1
703,a,,,3.9,760,88.0,0,0.0,-1,1.0,0.6,229,30.0,0,0,0.0,542.0,57.0,0,0,0.0,460.0,52.0,0.0,0.0,0.0,80916,18,32050,21,0.0,0.0,0.0,0.0,0.0,0.0,0.0,0.0,0.0,0.0,0.0,532.0,57.0,0.0,525.0,44.0,0.0,488.0,29.0,0.0,535.0,57.0,,,,23,,Sam,Proctor,Proctor,,,0,0,0,0,0,0,0,0,0,0,0,0,0,,,,0.0,0.0,0.0,0.0,0.0,0,0,0
710,a,,,3.9,757,223.0,0,0.0,-1,1.0,0.2,367,133.0,0,0,0.0,539.0,196.0,0,0,0.0,457.0,175.0,0.0,0.0,0.0,32259,1,20731,4,0.0,0.0,0.0,0.0,0.0,0.0,0.0,0.0,0.0,0.0,0.0,529.0,196.0,0.0,522.0,197.0,0.0,485.0,188.0,0.0,532.0,196.0,,,,23,,Travis,Patterson,Patterson,,,0,0,0,0,0,0,0,0,0,0,0,0,0,,,,0.0,0.0,0.0,0.0,0.0,0,0,0
719,a,100.0,100.0,4.5,408,76.0,0,0.0,0,0.0,0.1,459,169.0,20,0,2.0,320.0,123.0,0,87,1.7,203.0,75.0,0.4,4.4,0.0,17375,20,9013,10,1.7,1.7,0.03,0.04,0.07,10.62,0.0,0.01,0.01,1.69,121.0,286.0,109.0,26.5,357.0,127.0,8.0,386.0,143.0,15.6,359.0,128.0,,,,23,,Victor,Lindelöf,Lindelöf,,,565,0,1,1,9,0,0,0,0,0,0,6,34,,,,0.0,0.16,1.43,0.96,5.42,4,30,12
754,a,,,4.5,477,292.0,0,0.0,0,0.0,0.0,749,323.0,2,0,1.0,456.0,210.0,0,5,0.3,338.0,150.0,0.1,0.4,0.0,657,3,378,1,0.3,0.3,0.04,0.01,0.05,0.61,0.14,0.04,0.18,2.2,0.0,708.0,291.0,1.7,436.0,212.0,2.0,424.0,211.0,0.3,476.0,220.0,,,,23,,George,Hemmings,George Hemmings,,,25,0,0,0,0,0,0,0,0,0,0,0,1,,,,0.0,0.0,0.0,0.0,3.6,0,0,1
757,a,,,4.0,688,59.0,0,0.0,0,0.0,0.0,716,82.0,0,0,0.0,584.0,77.0,0,0,0.0,502.0,72.0,0.0,0.0,0.0,947,0,550,1,0.0,0.0,0.0,0.0,0.0,0.0,0.0,0.0,0.0,0.0,0.0,573.0,77.0,0.0,568.0,66.0,0.0,533.0,51.0,0.0,576.0,77.0,,,,23,,Ronnie,Hollingshead,Hollingshead,,,0,0,0,0,0,0,0,0,0,0,0,0,0,,,,0.0,0.0,0.0,0.0,0.0,0,0,0
768,a,,,4.0,719,208.0,0,0.0,0,0.0,0.0,730,249.0,0,0,0.0,610.0,241.0,0,0,0.0,529.0,221.0,0.0,0.0,0.0,344,0,228,0,0.0,0.0,0.0,0.0,0.0,0.0,0.0,0.0,0.0,0.0,0.0,599.0,240.0,0.0,594.0,241.0,0.0,561.0,236.0,0.0,603.0,241.0,,,,23,,Leon,Routh,Leon Routh,,,0,0,0,0,0,0,0,0,0,0,0,0,0,,,,0.0,0.0,0.0,0.0,0.0,0,0,0
781,a,,,4.0,713,202.0,0,0.0,0,0.0,0.0,756,257.0,0,0,0.0,605.0,236.0,0,0,0.0,524.0,216.0,0.0,0.0,0.0,210,0,70,0,0.0,0.0,0.0,0.0,0.0,0.0,0.0,0.0,0.0,0.0,0.0,594.0,235.0,0.0,589.0,236.0,0.0,555.0,230.0,0.0,597.0,235.0,,,,23,,TJ,Carroll,Carroll,,,0,0,0,0,0,0,0,0,0,0,0,0,0,,,,0.0,0.0,0.0,0.0,0.0,0,0,0
792,d,25.0,25.0,5.0,281,174.0,0,0.0,0,0.0,0.0,792,352.0,0,0,0.0,774.0,341.0,0,0,0.0,743.0,321.0,0.0,0.0,0.0,105,1,61,1,0.0,0.0,0.0,0.0,0.0,0.0,0.0,0.0,0.0,0.0,0.0,774.0,341.0,0.0,772.0,341.0,0.0,766.0,339.0,0.0,774.0,341.0,,,,23,,Alysson Edward Franco,da Rocha dos Santos,Alysson,Knock - 25% chance of playing,,0,0,0,0,0,0,0,0,0,0,0,0,0,,,,0.0,0.0,0.0,0.0,0.0,0,0,0
183,a,,,4.3,597,30.0,0,0.0,-2,2.0,0.1,448,69.0,0,0,0.0,628.0,86.0,0,0,0.0,562.0,83.0,0.0,0.0,0.0,6259,3,15750,2,0.0,0.0,0.0,0.0,0.0,0.0,0.0,0.0,0.0,0.0,0.0,618.0,86.0,0.0,616.0,79.0,0.0,588.0,66.0,0.0,621.0,86.0,,,,23,,Max,Weiß,Weiss,,,0,0,0,0,0,0,0,0,0,0,0,0,0,,,,0.0,0.0,0.0,0.0,0.0,0,0,0
184,u,0.0,0.0,4.0,677,56.0,0,0.0,0,0.0,0.2,389,57.0,0,0,0.0,575.0,74.0,0,0,0.0,492.0,69.0,0.0,0.0,0.0,4943,0,32972,0,0.0,0.0,0.0,0.0,0.0,0.0,0.0,0.0,0.0,0.0,0.0,564.0,74.0,0.0,559.0,63.0,0.0,524.0,48.0,0.0,567.0,74.0,,,,23,,Etienne,Green,Green,has joined FC Fredericia permanently.,,0,0,0,0,0,0,0,0,0,0,0,0,0,,,,0.0,0.0,0.0,0.0,0.0,0,0,0
185,a,,,3.9,721,64.0,0,0.0,-1,1.0,0.2,391,58.0,0,0,0.0,513.0,34.0,0,0,0.0,430.0,29.0,0.0,0.0,0.0,13703,2,18128,2,0.0,0.0,0.0,0.0,0.0,0.0,0.0,0.0,0.0,0.0,0.0,503.0,34.0,0.0,495.0,20.0,0.0,457.0,5.0,0.0,506.0,34.0,,,,23,,Václav,Hladký,Hladký,,,0,0,0,0,0,0,0,0,0,0,0,0,0,,,,0.0,0.0,0.0,0.0,0.0,0,0,0
186,i,0.0,0.0,4.4,517,104.0,0,0.0,-1,1.0,0.0,642,224.0,0,0,0.0,643.0,247.0,0,0,0.0,579.0,236.0,0.0,0.0,0.0,1340,0,8865,1,0.0,0.0,0.0,0.0,0.0,0.0,0.0,0.0,0.0,0.0,0.0,633.0,246.0,0.0,631.0,247.0,0.0,605.0,244.0,0.0,636.0,247.0,,,,23,,Connor,Roberts,Roberts,Achilles injury - Unknown return date,,0,0,0,0,0,0,0,0,0,0,0,0,0,,,,0.0,0.0,0.0,0.0,0.0,0,0,0
187,a,100.0,100.0,4.4,511,99.0,0,0.0,-1,1.0,1.1,174,67.0,45,0,2.1,307.0,116.0,3,123,1.5,219.0,82.0,0.3,10.2,0.0,135224,29,243126,27,1.5,1.5,0.12,0.64,0.76,42.81,0.01,0.03,0.04,2.05,303.4,128.0,56.0,95.3,221.0,63.0,22.0,348.0,116.0,42.3,224.0,75.0,,,,23,,Kyle,Walker,Walker,,,1876,0,1,3,39,0,0,0,7,0,0,21,188,,,,0.0,0.14,1.87,1.01,6.48,34,101,95
188,u,0.0,0.0,3.8,778,239.0,0,0.0,-2,2.0,0.2,340,125.0,0,0,0.0,496.0,176.0,0,0,0.0,411.0,152.0,0.0,0.0,0.0,26052,0,37191,20,0.0,0.0,0.0,0.0,0.0,0.0,0.0,0.0,0.0,0.0,0.0,486.0,176.0,0.0,477.0,176.0,0.0,438.0,165.0,0.0,489.0,176.0,,,,23,,Hannes,Delcroix,Delcroix,has joined Lugano permanently.,,0,0,0,0,0,0,0,0,0,0,0,0,0,,,,0.0,0.0,0.0,0.0,0.0,0,0,0
189,u,0.0,0.0,4.0,669,170.0,0,0.0,0,0.0,0.0,701,242.0,0,0,0.0,568.0,211.0,0,0,0.0,485.0,189.0,0.0,0.0,0.0,0,0,2331,0,0.0,0.0,0.0,0.0,0.0,0.0,0.0,0.0,0.0,0.0,0.0,557.0,210.0,0.0,552.0,211.0,0.0,517.0,204.0,0.0,560.0,210.0,,,,23,,Owen,Dodgson,Dodgson,Has joined Stockport County on loan for the rest of the season.,,0,0,0,0,0,0,0,0,0,0,0,0,0,,,,0.0,0.0,0.0,0.0,0.0,0,0,0
190,a,,,3.9,748,220.0,0,0.0,-1,1.0,0.9,194,74.0,44,0,2.9,195.0,74.0,2,121,2.3,147.0,57.0,0.6,11.3,0.0,245067,9,187008,30,2.3,2.3,0.21,0.24,0.45,22.73,0.02,0.02,0.04,1.74,273.8,154.0,65.0,43.1,325.0,110.0,78.0,240.0,67.0,39.5,236.0,80.0,,,,23,,Hjalmar,Ekdal,Ekdal,,,1179,0,0,2,24,0,0,0,0,0,0,13,146,,,,0.0,0.15,1.83,0.99,10.08,19,113,31
191,a,100.0,100.0,3.9,747,219.0,0,0.0,-1,1.0,8.3,49,16.0,47,0,2.5,246.0,93.0,0,154,0.8,281.0,101.0,0.2,12.1,0.0,700567,74,1819923,238,0.8,0.8,0.41,0.39,0.8,39.35,0.02,0.02,0.04,2.2,386.4,73.0,32.0,67.8,270.0,85.0,62.0,269.0,76.0,51.9,182.0,59.0,,,,23,,Maxime,Estève,Estève,,,1609,0,0,2,38,2,0,0,0,0,0,19,205,,,,0.0,0.11,2.13,1.06,10.01,20,159,56
192,a,,,4.0,680,175.0,0,0.0,0,0.0,0.8,206,78.0,46,0,3.1,164.0,65.0,0,170,0.0,495.0,193.0,0.0,11.5,0.0,179750,11,156419,56,0.0,0.0,0.19,1.51,1.7,30.28,0.01,0.1,0.11,2.04,305.4,125.0,54.0,228.9,93.0,22.0,57.0,276.0,82.0,59.2,143.0,46.0,1.0,,,23,,Quilindschy,Hartman,Hartman,,,1337,0,5,2,28,0,0,0,1,0,0,15,124,,,,0.0,0.13,1.88,1.01,7.0,31,73,49
193,a,100.0,100.0,3.9,742,216.0,0,0.0,-1,1.0,0.1,436,160.0,22,0,3.7,95.0,35.0,1,93,3.7,50.0,20.0,0.9,5.6,0.0,12169,70,8591,11,3.7,3.7,0.13,0.1,0.23,9.98,0.03,0.02,0.05,2.06,122.8,284.0,108.0,20.2,371.0,134.0,20.0,353.0,119.0,16.2,356.0,127.0,,,,23,,Bashir,Humphreys,Humphreys,,,437,0,1,1,8,0,0,0,2,0,0,4,48,,,,0.0,0.21,1.65,0.82,9.89,8,40,14
194,i,0.0,0.0,3.9,738,213.0,0,0.0,-1,1.0,0.1,545,197.0,0,0,0.0,525.0,191.0,0,0,0.0,443.0,170.0,0.0,0.0,0.0,1559,0,14940,2,0.0,0.0,0.0,0.0,0.0,0.0,0.0,0.0,0.0,0.0,0.0,515.0,191.0,0.0,508.0,192.0,0.0,471.0,183.0,0.0,518.0,191.0,,,,23,,Jordan,Beyer,Jordan,Hamstring injury - Unknown return date,,0,0,0,0,0,0,0,0,0,0,0,0,0,,,,0.0,0.0,0.0,0.0,0.0,0,0,0
195,a,100.0,100.0,3.8,796,257.0,0,0.0,-2,2.0,0.3,329,122.0,13,0,1.6,370.0,139.0,0,48,2.2,164.0,61.0,0.6,3.4,0.0,35438,63,27951,13,2.2,2.2,0.3,0.71,1.01,13.22,0.05,0.11,0.16,2.01,94.4,324.0,125.0,97.4,217.0,60.0,51.0,288.0,90.0,24.2,311.0,105.0,,,,23,,Lucas,Pires Silva,Lucas Pires,,,591,0,0,1,12,0,0,0,0,1,0,7,40,,,,0.0,0.15,1.83,1.07,6.09,11,29,35
196,u,0.0,0.0,4.0,667,168.0,0,0.0,0,0.0,0.0,604,217.0,0,0,0.0,567.0,210.0,0,0,0.0,484.0,188.0,0.0,0.0,0.0,202,0,9543,0,0.0,0.0,0.0,0.0,0.0,0.0,0.0,0.0,0.0,0.0,0.0,556.0,209.0,0.0,551.0,210.0,0.0,516.0,203.0,0.0,559.0,209.0,,,,23,,Shurandy,Sambo,Sambo,Has joined Sparta Rotterdam on loan for the rest of the season.,,0,0,0,0,0,0,0,0,0,0,0,0,0,,,,0.0,0.0,0.0,0.0,0.0,0,0,0
197,a,,,3.8,790,251.0,0,0.0,-2,2.0,0.3,326,120.0,13,0,1.9,325.0,124.0,0,20,0.3,326.0,120.0,0.1,3.4,0.0,34357,3,23194,14,0.3,0.3,0.55,0.08,0.63,3.79,0.3,0.04,0.34,2.08,44.8,387.0,148.0,18.1,377.0,138.0,30.0,326.0,105.0,9.2,397.0,143.0,,,,23,,Oliver,Sonne,Sonne,,,164,1,0,0,4,0,0,0,0,0,0,1,10,,,,0.0,0.0,2.2,0.55,3.84,2,5,4
198,a,100.0,100.0,3.9,732,210.0,0,0.0,-1,1.0,1.0,180,71.0,22,0,2.4,257.0,100.0,0,66,0.7,293.0,107.0,0.2,5.6,0.0,132203,6,279712,21,0.7,0.7,0.0,0.11,0.11,22.15,0.0,0.01,0.01,2.5,176.4,232.0,94.0,8.6,408.0,148.0,0.0,467.0,182.0,18.7,346.0,121.0,,,,23,,Axel,Tuanzebe,Tuanzebe,,,796,0,0,1,18,0,0,0,1,0,0,9,94,,,,0.0,0.11,2.04,1.02,9.61,10,75,26
199,d,75.0,75.0,3.8,773,234.0,0,0.0,-2,2.0,0.1,411,150.0,7,0,1.2,416.0,150.0,0,19,0.0,408.0,149.0,0.0,1.8,0.0,17700,2,21264,8,0.0,0.0,0.0,0.02,0.02,3.95,0.0,0.01,0.01,2.31,42.4,388.0,149.0,0.8,444.0,163.0,2.0,416.0,154.0,4.6,427.0,156.0,,,,23,,Joe,Worrall,Worrall,Lack of match fitness - 75% chance of playing,,154,0,0,0,3,0,0,0,0,0,0,1,24,,,,0.0,0.0,1.75,0.58,13.44,2,21,4
200,a,100.0,100.0,5.1,232,143.0,0,0.0,-4,4.0,1.9,134,45.0,71,0,3.4,132.0,58.0,5,268,1.8,193.0,81.0,0.4,13.9,0.0,1194846,57,1050790,85,1.8,1.8,2.8,1.35,4.15,30.4,0.19,0.09,0.28,2.04,325.6,109.0,37.0,247.8,83.0,61.0,293.0,53.0,33.0,86.6,61.0,41.0,2.0,,,23,,Jaidon,Anthony,Anthony,,,1341,5,2,3,27,0,0,0,3,0,0,16,124,,,,0.0,0.2,1.81,1.07,8.32,25,27,72
201,u,0.0,0.0,5.4,162,101.0,0,0.0,-1,1.0,0.0,689,292.0,0,0,0.0,779.0,344.0,0,0,0.0,762.0,334.0,0.0,0.0,0.0,1070,0,3117,0,0.0,0.0,0.0,0.0,0.0,0.0,0.0,0.0,0.0,0.0,0.0,779.0,344.0,0.0,778.0,344.0,0.0,774.0,343.0,0.0,779.0,344.0,,,,23,,Manuel,Benson Hedilazio,Benson,has joined Swansea City on loan for the rest of the season.,,0,0,0,0,0,0,0,0,0,0,0,0,0,,,,0.0,0.0,0.0,0.0,0.0,0,0,0
202,a,100.0,100.0,5.3,186,115.0,0,0.0,-2,2.0,0.0,618,241.0,31,0,1.7,363.0,159.0,0,94,0.8,288.0,128.0,0.2,5.8,0.0,5372,3,7829,1,0.8,0.8,1.18,1.05,2.23,20.04,0.12,0.11,0.23,2.11,104.6,308.0,138.0,175.9,138.0,98.0,123.0,168.0,99.0,40.3,234.0,117.0,3.0,1.0,3.0,23,,Jacob,Bruun Larsen,Bruun Larsen,,,853,0,1,3,23,0,0,0,0,0,0,9,54,,,,0.0,0.32,2.43,0.95,5.7,11,16,27
203,a,,,4.7,387,243.0,0,0.0,-3,3.0,0.0,590,222.0,0,0,0.0,736.0,313.0,0,0,0.0,687.0,280.0,0.0,0.0,0.0,3374,2,6455,1,0.0,0.0,0.0,0.0,0.0,0.0,0.0,0.0,0.0,0.0,0.0,736.0,313.0,0.0,731.0,313.0,0.0,718.0,309.0,0.0,736.0,313.0,,,,23,,Enock,Agyei,Boateng,,,0,0,0,0,0,0,0,0,0,0,0,0,0,,,,0.0,0.0,0.0,0.0,0.0,0,0,0
204,u,0.0,0.0,4.9,318,197.0,0,0.0,-1,1.0,0.0,704,298.0,0,0,0.0,748.0,321.0,0,0,0.0,709.0,296.0,0.0,0.0,0.0,160,0,2063,0,0.0,0.0,0.0,0.0,0.0,0.0,0.0,0.0,0.0,0.0,0.0,748.0,321.0,0.0,744.0,321.0,0.0,736.0,319.0,0.0,748.0,321.0,,,,23,,Darko,Churlinov,Churlinov,has joined Kocaelispor  permanently.,,0,0,0,0,0,0,0,0,0,0,0,0,0,,,,0.0,0.0,0.0,0.0,0.0,0,0,0
205,i,0.0,0.0,5.0,244,150.0,0,0.0,0,0.0,1.0,181,63.0,70,0,3.9,76.0,35.0,8,321,0.2,391.0,179.0,0.0,14.0,0.0,567975,0,517014,89,0.0,0.0,0.94,1.36,2.3,32.5,0.06,0.08,0.14,1.93,342.0,96.0,32.0,218.1,99.0,74.0,98.0,210.0,118.0,66.0,118.0,64.0,,,,23,,Josh,Cullen,Cullen,Knee injury - Expected back 30 Sep,,1513,2,2,3,29,1,0,0,2,0,0,18,173,,,,0.0,0.18,1.73,1.07,10.29,32,68,73
206,a,,,4.7,377,236.0,0,0.0,-3,3.0,0.1,463,158.0,30,0,2.5,252.0,108.0,2,117,3.3,68.0,31.0,0.7,6.4,0.0,14797,38,14666,7,3.3,3.3,0.81,1.34,2.15,10.5,0.15,0.25,0.4,1.94,125.4,282.0,127.0,184.5,131.0,94.0,125.0,165.0,96.0,43.3,217.0,109.0,,3.0,,23,,Marcus,Edwards,Edwards,,,487,1,2,1,7,0,0,0,0,0,0,4,28,,,,0.0,0.18,1.29,0.74,5.17,4,3,21
207,a,100.0,100.0,4.7,384,240.0,0,0.0,-3,3.0,0.1,473,162.0,23,0,1.5,390.0,174.0,0,91,0.2,381.0,172.0,0.0,4.9,0.0,13211,8,22797,6,0.2,0.2,0.29,0.77,1.06,12.87,0.06,0.15,0.21,2.56,60.4,369.0,164.0,128.4,176.0,117.0,35.0,315.0,165.0,22.4,324.0,158.0,,4.0,,23,,Hannibal,Mejbri,Hannibal,,,453,0,2,1,11,0,0,0,4,0,0,5,37,,,,0.0,0.2,2.19,0.99,7.35,10,5,22
208,u,0.0,0.0,5.0,263,160.0,0,0.0,0,0.0,0.0,713,304.0,0,0,0.0,765.0,334.0,0,0,0.0,733.0,313.0,0.0,0.0,0.0,68,0,3007,0,0.0,0.0,0.0,0.0,0.0,0.0,0.0,0.0,0.0,0.0,0.0,765.0,334.0,0.0,763.0,334.0,0.0,756.0,332.0,0.0,765.0,334.0,,,,23,,Luca,Koleosho,Koleosho,has joined Paris FC on loan for the rest of the season.,,0,0,0,0,0,0,0,0,0,0,0,0,0,,,,0.0,0.0,0.0,0.0,0.0,0,0,0
209,a,,,4.8,349,220.0,0,0.0,-2,2.0,0.0,593,225.0,42,0,2.2,289.0,125.0,1,173,3.5,58.0,24.0,0.7,8.8,0.0,5188,3,4927,0,3.5,3.5,0.43,0.23,0.66,24.45,0.04,0.02,0.06,2.08,214.8,198.0,84.0,80.2,247.0,150.0,68.0,256.0,140.0,36.4,259.0,126.0,,,,23,,Josh,Laurent,Laurent,,,1058,1,0,1,26,0,0,0,3,0,0,11,123,,,,0.0,0.09,2.21,0.94,10.46,29,59,35
210,a,,,4.9,331,206.0,0,0.0,-1,1.0,0.0,620,243.0,33,0,1.9,331.0,144.0,0,111,0.7,300.0,135.0,0.1,6.7,0.0,4594,0,5511,3,0.7,0.7,0.86,0.38,1.24,14.16,0.1,0.05,0.15,1.69,85.6,333.0,147.0,76.7,255.0,155.0,101.0,206.0,115.0,26.3,306.0,148.0,,2.0,,23,,Loum,Tchaouna,Tchaouna,,,753,1,1,2,11,0,0,0,1,0,0,9,45,,,,0.0,0.24,1.31,1.08,5.38,13,11,21
211,u,0.0,0.0,4.4,533,318.0,0,0.0,-1,1.0,1.5,153,52.0,0,0,0.0,647.0,247.0,0,0,0.0,585.0,205.0,0.0,0.0,0.0,62789,0,924537,17,0.0,0.0,0.0,0.0,0.0,0.0,0.0,0.0,0.0,0.0,0.0,637.0,238.0,0.0,635.0,243.0,0.0,610.0,232.0,0.0,640.0,240.0,,,,23,,Aaron,Ramsey,A.Ramsey,has joined Leicester City on loan for the rest of the season.,,0,0,0,0,0,0,0,0,0,0,0,0,0,,,,0.0,0.0,0.0,0.0,0.0,0,0,0
212,u,0.0,0.0,4.5,473,289.0,0,0.0,0,0.0,0.0,743,318.0,0,0,0.0,708.0,292.0,0,0,0.0,654.0,255.0,0.0,0.0,0.0,0,0,2733,0,0.0,0.0,0.0,0.0,0.0,0.0,0.0,0.0,0.0,0.0,0.0,706.0,290.0,0.0,702.0,291.0,0.0,684.0,285.0,0.0,707.0,291.0,,,,23,,Oluwaseun,Adewumi,Adewumi,Has joined Cercle Brugge on loan for the rest of the season.,,0,0,0,0,0,0,0,0,0,0,0,0,0,,,,0.0,0.0,0.0,0.0,0.0,0,0,0
213,a,,,4.5,460,281.0,0,0.0,0,0.0,0.0,591,223.0,1,0,1.0,451.0,205.0,0,2,0.2,373.0,166.0,0.0,0.2,0.0,7434,0,8048,0,0.2,0.2,0.0,0.0,0.0,0.05,0.0,0.0,0.0,0.5,0.0,695.0,283.0,0.5,450.0,219.0,0.0,672.0,277.0,0.0,696.0,284.0,,,,23,,Jaydon,Banel,Banel,,,9,0,0,0,0,0,0,0,0,0,0,0,0,,,,0.0,0.0,0.0,0.0,0.0,0,0,0
214,i,0.0,0.0,4.4,530,317.0,0,0.0,-1,1.0,0.1,535,190.0,4,0,1.0,442.0,197.0,0,10,0.3,335.0,149.0,0.1,0.9,0.0,11641,2,14659,2,0.0,0.0,0.0,0.0,0.0,0.46,0.0,0.0,0.0,2.18,0.6,476.0,220.0,0.4,453.0,221.0,2.0,422.0,209.0,0.3,475.0,219.0,,,,23,,Mike,Trésor Ndayishimiye,Trésor,Ankle injury - Unknown return date,,19,0,0,0,1,0,0,0,0,0,0,0,2,,,,0.0,0.0,4.74,0.0,9.47,0,0,2
215,d,75.0,75.0,5.3,193,44.0,0,0.0,-2,2.0,0.3,319,53.0,42,0,2.8,216.0,21.0,3,157,0.2,395.0,44.0,0.0,7.9,0.0,142126,4,134684,34,0.2,0.2,3.15,0.16,3.31,13.86,0.43,0.02,0.45,1.89,209.0,203.0,16.0,58.6,293.0,30.0,207.0,88.0,26.0,46.8,198.0,22.0,,,1.0,23,,Zian,Flemming,Flemming,Lack of match fitness - 75% chance of playing,,660,5,0,2,10,0,0,0,3,0,0,8,31,,,,0.0,0.27,1.36,1.09,4.23,6,15,10
216,i,0.0,0.0,4.8,366,60.0,0,0.0,-2,2.0,0.0,660,82.0,0,0,0.0,740.0,80.0,0,0,0.0,694.0,71.0,0.0,0.0,0.0,1732,1,5951,0,0.0,0.0,0.0,0.0,0.0,0.0,0.0,0.0,0.0,0.0,0.0,740.0,80.0,0.0,735.0,79.0,0.0,725.0,79.0,0.0,740.0,80.0,,,,23,,Zeki,Amdouni,Amdouni,Knee injury - Expected back 25 Apr,,0,0,0,0,0,0,0,0,0,0,0,0,0,,,,0.0,0.0,0.0,0.0,0.0,0,0,0
217,a,100.0,100.0,4.9,321,57.0,0,0.0,-1,1.0,0.8,204,33.0,37,0,2.5,255.0,25.0,4,135,0.2,388.0,43.0,0.0,7.6,0.0,433680,33,425865,30,0.2,0.2,1.6,0.25,1.85,19.36,0.16,0.03,0.19,1.94,135.4,275.0,25.0,107.3,204.0,21.0,127.0,162.0,37.0,36.5,258.0,30.0,,,,23,,Lyle,Foster,Foster,,,896,2,1,3,19,0,0,0,3,0,0,11,52,,,,0.0,0.3,1.91,1.1,5.22,10,18,24
218,a,,,4.2,616,84.0,0,0.0,-3,3.0,1.3,160,24.0,1,0,1.0,435.0,50.0,0,3,0.0,531.0,48.0,0.0,0.2,0.0,172284,102,297562,79,0.0,0.0,0.11,0.0,0.11,0.41,1.1,0.0,1.1,4.1,0.2,478.0,58.0,0.3,456.0,56.0,7.0,393.0,54.0,0.8,461.0,54.0,,,2.0,23,,Ashley,Barnes,Barnes,,,9,0,0,0,1,0,0,0,1,0,0,0,1,,,,0.0,0.0,10.0,0.0,10.0,0,0,1
219,u,0.0,0.0,4.4,520,72.0,0,0.0,-1,1.0,0.1,455,64.0,0,0,0.0,644.0,65.0,0,0,0.0,581.0,56.0,0.0,0.0,0.0,4151,0,40158,1,0.0,0.0,0.0,0.0,0.0,0.0,0.0,0.0,0.0,0.0,0.0,634.0,65.0,0.0,632.0,64.0,0.0,606.0,64.0,0.0,637.0,65.0,,,,23,,Michael,Obafemi,Obafemi,has joined Blackpool on loan for the rest of the season.,,0,0,0,0,0,0,0,0,0,0,0,0,0,,,,0.0,0.0,0.0,0.0,0.0,0,0,0
470,a,100.0,100.0,4.0,648,41.0,0,0.0,0,0.0,32.9,7,2.0,68,0,3.1,163.0,15.0,6,301,3.7,51.0,3.0,0.9,17.0,0.0,1499102,512,1185673,540,3.7,3.7,0.0,0.03,0.03,45.38,0.0,0.0,0.0,2.06,647.0,5.0,1.0,0.0,534.0,48.0,0.0,498.0,33.0,64.9,121.0,1.0,,,,23,,Martin,Dúbravka,Dúbravka,,,1980,0,0,3,42,0,0,0,0,0,85,22,96,,,,3.86,0.14,1.91,1.0,0.0,0,45,179
676,a,100.0,100.0,5.0,271,166.0,0,0.0,0,0.0,0.1,429,146.0,65,0,3.1,172.0,73.0,5,227,2.7,119.0,52.0,0.5,13.0,0.0,36734,10,29976,5,2.7,2.7,2.08,0.21,2.29,32.57,0.14,0.01,0.15,2.15,292.8,137.0,49.0,107.9,202.0,131.0,166.0,118.0,68.0,56.4,154.0,86.0,,,,23,,Lesley,Ugochukwu,Ugochukwu,,,1366,3,1,3,28,0,0,0,0,1,0,16,139,,,,0.0,0.2,1.84,1.05,9.16,34,42,63
680,a,100.0,100.0,5.2,212,47.0,0,0.0,-3,3.0,0.2,349,56.0,34,0,2.1,310.0,32.0,2,101,2.5,141.0,14.0,0.5,6.5,0.0,43801,30,45160,24,2.5,2.5,1.94,0.11,2.05,18.77,0.25,0.01,0.26,2.42,96.2,323.0,32.0,58.4,294.0,31.0,179.0,107.0,28.0,33.5,271.0,33.0,,,,23,,Armando,Broja,Broja,,,699,1,1,1,23,0,0,0,0,0,0,7,41,,,,0.0,0.13,2.96,0.9,5.28,6,11,24
722,a,,,5.0,250,153.0,0,0.0,0,0.0,0.0,595,227.0,57,0,3.2,155.0,65.0,0,247,2.7,118.0,51.0,0.5,11.4,0.0,12730,3,10179,4,2.7,2.7,0.55,0.34,0.89,32.91,0.04,0.02,0.06,2.11,296.8,134.0,47.0,158.3,153.0,104.0,40.0,305.0,159.0,49.8,190.0,102.0,,,,23,,Florentino Ibrain,Morris Luís,Florentino,,,1402,0,2,2,30,0,0,0,3,0,0,16,207,,,,0.0,0.13,1.93,1.03,13.29,69,68,70
776,a,,,4.5,503,311.0,0,0.0,0,0.0,0.0,788,349.0,0,0,0.0,729.0,308.0,0,0,0.0,676.0,272.0,0.0,0.0,0.0,146,1,72,0,0.0,0.0,0.0,0.0,0.0,0.0,0.0,0.0,0.0,0.0,0.0,729.0,308.0,0.0,724.0,308.0,0.0,707.0,303.0,0.0,729.0,308.0,,,,23,,Oliver,Pimlott,Pimlott,,,0,0,0,0,0,0,0,0,0,0,0,0,0,,,,0.0,0.0,0.0,0.0,0.0,0,0,0
784,a,,,4.5,509,316.0,0,0.0,0,0.0,0.0,789,350.0,0,0,0.0,733.0,312.0,0,0,0.0,680.0,276.0,0.0,0.0,0.0,180,0,94,0,0.0,0.0,0.0,0.0,0.0,0.0,0.0,0.0,0.0,0.0,0.0,733.0,312.0,0.0,728.0,312.0,0.0,712.0,308.0,0.0,733.0,312.0,,,,23,,George,Brierley,Brierley,,,0,0,0,0,0,0,0,0,0,0,0,0,0,,,,0.0,0.0,0.0,0.0,0.0,0,0,0
66,u,0.0,0.0,4.5,400,21.0,0,0.0,0,0.0,0.1,551,77.0,0,0,0.0,666.0,88.0,0,0,0.0,606.0,86.0,0.0,0.0,0.0,0,0,16282,1,0.0,0.0,0.0,0.0,0.0,0.0,0.0,0.0,0.0,0.0,0.0,660.0,88.0,0.0,656.0,81.0,0.0,633.0,69.0,0.0,663.0,88.0,,,,23,,Norberto,Murara Neto,Neto,Has joined Botafogo permanently.,,0,0,0,0,0,0,0,0,0,0,0,0,0,,,,0.0,0.0,0.0,0.0,0.0,0,0,0
67,a,,,4.5,428,24.0,0,0.0,0,0.0,4.3,82,14.0,59,0,2.7,228.0,21.0,1,236,0.7,296.0,22.0,0.2,13.1,0.0,789138,124,659494,205,0.7,0.2,0.0,0.0,0.0,32.41,0.0,0.0,0.0,1.47,459.8,37.0,11.0,0.0,672.0,84.0,0.0,651.0,72.0,46.2,204.0,11.0,,,,23,,Đorđe,Petrović,Petrović,,,1980,0,0,5,41,1,0,0,2,0,63,22,98,,,,2.86,0.23,1.86,1.0,0.0,0,44,170
68,i,0.0,0.0,4.0,666,50.0,0,0.0,0,0.0,0.8,199,26.0,0,0,0.0,566.0,68.0,0,0,0.0,483.0,63.0,0.0,0.0,0.0,47104,4,77350,31,0.0,0.0,0.0,0.0,0.0,0.0,0.0,0.0,0.0,0.0,0.0,555.0,68.0,0.0,550.0,57.0,0.0,515.0,42.0,0.0,558.0,68.0,,,,23,,Will,Dennis,Dennis,Ankle injury - Unknown return date,,0,0,0,0,0,0,0,0,0,0,0,0,0,,,,0.0,0.0,0.0,0.0,0.0,0,0,0
69,a,,,3.9,762,89.0,0,0.0,-1,1.0,0.2,348,50.0,0,0,0.0,544.0,58.0,0,0,0.0,462.0,53.0,0.0,0.0,0.0,16910,8,15806,2,0.0,-0.5,0.0,0.0,0.0,0.0,0.0,0.0,0.0,0.0,0.0,534.0,58.0,0.0,527.0,45.0,0.0,490.0,30.0,0.0,537.0,58.0,,,,23,,Callan,McKenna,McKenna,,,0,0,0,0,0,0,0,0,0,0,0,0,0,,,,0.0,0.0,0.0,0.0,0.0,0,0,0
70,u,0.0,0.0,4.0,681,57.0,0,0.0,0,0.0,0.1,553,78.0,0,0,0.0,578.0,75.0,0,0,0.0,496.0,70.0,0.0,0.0,0.0,1107,0,10146,0,0.0,0.0,0.0,0.0,0.0,0.0,0.0,0.0,0.0,0.0,0.0,567.0,75.0,0.0,562.0,64.0,0.0,527.0,49.0,0.0,570.0,75.0,,,,23,,Alex,Paulsen,Paulsen,Has joined Lechia Gdansk on loan for the rest of the season.,,0,0,0,0,0,0,0,0,0,0,0,0,0,,,,0.0,0.0,0.0,0.0,0.0,0,0,0
71,u,0.0,0.0,5.0,261,42.0,0,0.0,0,0.0,0.0,657,228.0,0,0,0.0,764.0,258.0,0,0,0.0,732.0,254.0,0.0,0.0,0.0,0,0,8163,0,0.0,0.0,0.0,0.0,0.0,0.0,0.0,0.0,0.0,0.0,0.0,764.0,258.0,0.0,762.0,258.0,0.0,755.0,257.0,0.0,764.0,258.0,,,,23,,Illia,Zabarnyi,Zabarnyi,Has joined Paris Saint-Germain permanently.,,0,0,0,0,0,0,0,0,0,0,0,0,0,,,,0.0,0.0,0.0,0.0,0.0,0,0,0
72,a,100.0,100.0,4.8,358,61.0,0,0.0,3,-3.0,13.8,27,9.0,91,0,4.3,50.0,22.0,6,290,2.5,133.0,53.0,0.5,19.0,0.0,4176141,1314,2760631,453,2.5,2.0,0.56,3.55,4.11,30.46,0.03,0.17,0.2,1.48,708.2,2.0,1.0,274.1,76.0,17.0,103.0,205.0,51.0,108.6,34.0,1.0,,,,23,,Marcos,Senesi Barón,Senesi,,,1848,0,4,5,40,0,0,0,7,0,0,21,311,,,,0.0,0.24,1.95,1.02,13.05,38,230,90
73,a,100.0,100.0,4.4,510,98.0,0,0.0,-1,1.0,0.2,384,139.0,20,0,1.8,341.0,132.0,0,45,0.2,363.0,140.0,0.0,4.5,0.0,22862,7,38959,2,0.2,-0.3,0.0,0.11,0.11,10.23,0.0,0.02,0.02,1.7,56.6,375.0,143.0,28.4,352.0,125.0,18.0,360.0,125.0,10.3,389.0,139.0,,,,23,,Adam,Smith,Smith,,,541,0,1,2,13,0,0,0,2,0,0,8,31,,,,0.0,0.33,2.16,1.33,4.66,4,24,11
74,a,,,4.5,443,91.0,0,0.0,0,0.0,1.7,142,56.0,71,0,3.2,153.0,63.0,7,265,1.7,206.0,78.0,0.4,15.8,0.0,480801,113,369679,96,1.7,1.2,0.33,1.19,1.52,30.11,0.02,0.06,0.08,1.4,457.0,40.0,18.0,318.8,52.0,8.0,85.0,226.0,59.0,86.0,64.0,11.0,,,,23,,Adrien,Truffert,Truffert,,,1938,0,1,5,38,0,0,0,3,0,0,22,228,,,,0.0,0.23,1.76,1.02,8.27,63,115,108
75,d,25.0,25.0,3.8,791,252.0,0,0.0,-2,2.0,0.2,370,135.0,0,0,0.0,505.0,185.0,0,0,0.0,421.0,162.0,0.0,0.0,0.0,13713,0,30936,4,0.0,-0.1,0.0,0.0,0.0,0.0,0.0,0.0,0.0,0.0,0.0,495.0,185.0,0.0,486.0,185.0,0.0,447.0,174.0,0.0,498.0,185.0,,,,23,,Matai,Akinmboni,Akinmboni,Muscle injury - 25% chance of playing,,0,0,0,0,0,0,0,0,0,0,0,0,0,,,,0.0,0.0,0.0,0.0,0.0,0,0,0
76,a,,,3.8,789,250.0,0,0.0,-2,2.0,0.2,392,142.0,0,0,0.0,504.0,184.0,0,0,0.0,420.0,161.0,0.0,0.0,0.0,11601,16,16893,8,0.0,-0.5,0.0,0.0,0.0,0.0,0.0,0.0,0.0,0.0,0.0,494.0,184.0,0.0,485.0,184.0,0.0,446.0,173.0,0.0,497.0,184.0,,,,23,,Owen,Bevan,Bevan,,,0,0,0,0,0,0,0,0,0,0,0,0,0,,,,0.0,0.0,0.0,0.0,0.0,0,0,0
77,a,,,3.9,744,217.0,0,0.0,-1,1.0,0.6,224,83.0,30,0,2.3,271.0,105.0,0,89,1.8,190.0,70.0,0.5,7.7,0.0,102335,43,117210,11,1.8,1.3,0.17,0.28,0.44,9.11,0.02,0.04,0.06,1.24,157.4,254.0,102.0,31.2,348.0,121.0,53.0,285.0,87.0,24.2,312.0,106.0,,,,23,,James,Hill,Hill,,,662,0,0,2,11,0,0,0,1,0,0,6,87,,,,0.0,0.27,1.5,0.82,10.6,14,64,18
78,u,0.0,0.0,3.8,780,241.0,0,0.0,-2,2.0,0.6,236,88.0,0,0,0.0,497.0,177.0,0,0,0.0,412.0,153.0,0.0,0.0,0.0,47440,0,124199,21,0.0,0.0,0.0,0.0,0.0,0.0,0.0,0.0,0.0,0.0,0.0,487.0,177.0,0.0,478.0,177.0,0.0,439.0,166.0,0.0,490.0,177.0,,,,23,,Julián,Araujo Zúñiga,J.Araujo,has joined Celtic on loan for the rest of the season.,,0,0,0,0,0,0,0,0,0,0,0,0,0,,,,0.0,0.0,0.0,0.0,0.0,0,0,0
79,u,0.0,0.0,4.0,660,165.0,0,0.0,0,0.0,0.1,526,192.0,0,0,0.0,560.0,207.0,0,0,0.0,477.0,185.0,0.0,0.0,0.0,1400,0,16503,1,0.0,0.0,0.0,0.0,0.0,0.0,0.0,0.0,0.0,0.0,0.0,549.0,206.0,0.0,544.0,207.0,0.0,509.0,200.0,0.0,552.0,206.0,,,,23,,Chris,Mepham,Mepham,has joined West Bromwich Albion permanently.,,0,0,0,0,0,0,0,0,0,0,0,0,0,,,,0.0,0.0,0.0,0.0,0.0,0,0,0
80,i,0.0,0.0,4.0,699,189.0,0,0.0,0,0.0,0.2,352,128.0,3,0,1.0,432.0,160.0,0,2,0.2,355.0,135.0,0.0,0.8,0.0,17145,0,28892,31,0.0,0.0,0.0,0.0,0.0,1.62,0.0,0.0,0.0,4.29,1.8,467.0,167.0,2.5,430.0,157.0,2.0,418.0,156.0,0.6,464.0,164.0,,,,23,,Julio,Soler Barreto,Soler,Knock - Unknown return date,,34,0,0,0,2,0,0,0,0,0,0,0,1,,,,0.0,0.0,5.29,0.0,2.65,1,0,4
81,i,0.0,0.0,7.0,39,24.0,0,0.0,0,0.0,0.7,219,75.0,40,0,2.2,302.0,134.0,3,147,1.8,195.0,83.0,0.3,5.7,0.0,189795,4,241941,72,0.0,0.0,2.24,1.54,3.78,16.78,0.22,0.15,0.37,1.65,146.6,263.0,115.0,304.1,56.0,45.0,128.0,160.0,94.0,57.8,148.0,82.0,4.0,2.0,1.0,23,,Justin,Kluivert,Kluivert,Knee injury - Expected back 09 May,,914,2,0,4,18,0,0,0,4,0,0,10,62,,,,0.0,0.39,1.77,0.98,6.11,10,8,44
84,i,0.0,0.0,5.5,140,88.0,0,0.0,0,0.0,2.1,124,42.0,94,0,4.3,52.0,22.0,8,341,3.2,78.0,36.0,0.6,17.1,0.0,838241,25,657544,1365,0.0,0.0,5.12,2.43,7.55,27.43,0.26,0.12,0.38,1.4,421.0,50.0,14.0,439.9,21.0,20.0,330.0,42.0,26.0,119.3,24.0,20.0,2.0,1.0,4.0,23,,Marcus,Tavernier,Tavernier,Hamstring injury - Unknown return date,,1762,5,3,7,36,0,0,0,3,0,0,20,164,,,,0.0,0.36,1.84,1.02,8.38,27,44,93
85,i,0.0,0.0,4.9,297,185.0,0,0.0,-1,1.0,0.3,327,110.0,50,0,3.3,144.0,63.0,3,245,0.0,702.0,292.0,0.0,10.2,0.0,76764,2,90537,15,0.0,0.0,0.56,0.32,0.88,17.78,0.04,0.02,0.06,1.34,266.2,164.0,60.0,74.0,260.0,156.0,105.0,197.0,108.0,44.7,211.0,106.0,,,,23,,Tyler,Adams,Adams,Knee injury - Expected back 21 Feb,,1196,2,1,4,23,0,0,0,5,0,0,15,146,,,,0.0,0.3,1.73,1.13,10.99,35,50,61
86,i,0.0,0.0,5.0,243,149.0,0,0.0,0,0.0,0.2,376,128.0,43,0,2.3,273.0,117.0,4,169,2.8,101.0,47.0,0.6,8.6,0.0,70062,1,73625,43,0.0,0.0,4.41,2.79,7.2,13.34,0.43,0.27,0.7,1.29,191.6,219.0,93.0,297.7,63.0,50.0,379.0,31.0,18.0,85.4,65.0,43.0,5.0,3.0,,23,,David,Brooks,Brooks,Ankle injury - Unknown return date,,932,1,2,4,17,0,0,0,6,0,0,11,72,,,,0.0,0.39,1.64,1.06,6.95,15,14,43
87,a,100.0,100.0,4.9,290,180.0,0,0.0,-1,1.0,0.1,572,212.0,19,0,1.6,375.0,166.0,0,68,0.2,384.0,175.0,0.0,3.9,0.0,7529,6,14640,1,0.2,-0.3,1.07,0.16,1.23,6.68,0.32,0.05,0.37,1.97,81.6,337.0,148.0,58.6,292.0,167.0,84.0,231.0,128.0,22.6,323.0,157.0,,,,23,,Ryan,Christie,Christie,,,305,1,1,0,8,0,0,0,1,0,0,1,36,,,,0.0,0.0,2.36,0.3,10.62,8,11,17
88,a,100.0,100.0,4.9,289,179.0,0,0.0,-1,1.0,0.0,616,239.0,26,0,2.2,293.0,128.0,0,126,2.5,135.0,55.0,0.5,5.3,0.0,6712,13,5605,2,2.5,2.0,0.07,0.28,0.35,9.93,0.01,0.04,0.05,1.51,148.8,262.0,114.0,132.8,172.0,115.0,10.0,379.0,191.0,29.4,291.0,141.0,,,,23,,Lewis,Cook,Cook,,,590,0,1,0,15,0,0,0,1,1,0,5,100,,,,0.0,0.0,2.29,0.76,15.25,15,41,44
89,u,0.0,0.0,4.9,292,182.0,0,0.0,-1,1.0,0.0,661,271.0,0,0,0.0,743.0,317.0,0,0,0.0,700.0,290.0,0.0,0.0,0.0,598,0,6591,0,0.0,0.0,0.0,0.0,0.0,0.0,0.0,0.0,0.0,0.0,0.0,743.0,317.0,0.0,739.0,317.0,0.0,730.0,315.0,0.0,743.0,317.0,,,,23,,Philip,Billing,Philip,Has joined Midtjylland permanently.,,0,0,0,0,0,0,0,0,0,0,0,0,0,,,,0.0,0.0,0.0,0.0,0.0,0,0,0
90,a,100.0,100.0,5.0,270,165.0,0,0.0,0,0.0,0.2,338,113.0,66,0,3.0,189.0,80.0,3,299,2.8,103.0,48.0,0.6,13.2,0.0,70877,80,59665,15,2.8,2.3,1.32,0.84,2.16,24.78,0.08,0.05,0.13,1.49,265.6,167.0,63.0,200.0,113.0,81.0,137.0,146.0,85.0,59.8,141.0,78.0,1.0,,,23,,Alex,Scott,Scott,,,1498,1,1,5,29,0,0,0,2,0,0,19,194,,,,0.0,0.3,1.74,1.14,11.66,30,74,90
91,u,0.0,0.0,5.0,252,154.0,0,0.0,0,0.0,0.0,718,306.0,0,0,0.0,760.0,330.0,0,0,0.0,727.0,308.0,0.0,0.0,0.0,396,0,3874,0,0.0,0.0,0.0,0.0,0.0,0.0,0.0,0.0,0.0,0.0,0.0,760.0,330.0,0.0,757.0,330.0,0.0,751.0,328.0,0.0,760.0,330.0,,,,23,,Luis,Sinisterra Lucumí,Sinisterra,Has joined Cruzeiro on loan for the rest of the season.,,0,0,0,0,0,0,0,0,0,0,0,0,0,,,,0.0,0.0,0.0,0.0,0.0,0,0,0
92,a,100.0,100.0,4.5,424,255.0,0,0.0,0,0.0,0.1,538,192.0,0,0,0.0,677.0,266.0,0,0,0.0,620.0,227.0,0.0,0.0,0.0,3990,3,19051,0,0.0,-0.5,0.0,0.0,0.0,0.0,0.0,0.0,0.0,0.0,0.0,671.0,261.0,0.0,669.0,264.0,0.0,648.0,256.0,0.0,674.0,263.0,,,,23,,Romain,Faivre,Faivre,,,0,0,0,0,0,0,0,0,0,0,0,0,0,,,,0.0,0.0,0.0,0.0,0.0,0,0,0
93,u,0.0,0.0,4.5,419,252.0,0,0.0,0,0.0,0.3,322,108.0,4,0,4.0,69.0,30.0,0,12,0.0,616.0,224.0,0.0,0.9,0.0,114900,0,164353,2,0.0,0.0,0.0,0.0,0.0,0.4,0.0,0.0,0.0,2.25,21.2,421.0,186.0,10.0,401.0,200.0,0.0,644.0,253.0,3.1,440.0,200.0,,,,23,,Hamed,Traorè,H.Traorè,has joined Marseille on loan for the rest of the season.,,16,0,1,0,2,0,0,0,0,0,0,0,4,,,,0.0,0.0,11.25,0.0,22.5,1,1,2
94,u,0.0,0.0,4.5,459,280.0,0,0.0,0,0.0,0.0,634,256.0,0,0,0.0,698.0,286.0,0,0,0.0,643.0,248.0,0.0,0.0,0.0,3895,0,8111,1,0.0,0.0,0.0,0.0,0.0,0.0,0.0,0.0,0.0,0.0,0.0,694.0,282.0,0.0,691.0,284.0,0.0,671.0,276.0,0.0,695.0,283.0,,,,23,,Dominic,Sadi,Sadi,has joined Novi Pazar on loan for the rest of the season.,,0,0,0,0,0,0,0,0,0,0,0,0,0,,,,0.0,0.0,0.0,0.0,0.0,0,0,0
95,u,0.0,0.0,4.4,543,326.0,0,0.0,-1,1.0,0.1,558,203.0,0,0,0.0,653.0,253.0,0,0,0.0,591.0,211.0,0.0,0.0,0.0,15405,0,21232,1,0.0,0.0,0.0,0.0,0.0,0.0,0.0,0.0,0.0,0.0,0.0,644.0,245.0,0.0,642.0,250.0,0.0,617.0,239.0,0.0,647.0,247.0,,,,23,,Zain,Silcott-Duberry,Silcott-Duberry,has joined Olympiakos permanently.,,0,0,0,0,0,0,0,0,0,0,0,0,0,,,,0.0,0.0,0.0,0.0,0.0,0,0,0
96,u,0.0,0.0,4.5,489,302.0,0,0.0,0,0.0,0.0,632,254.0,1,0,1.0,457.0,211.0,0,3,0.0,667.0,265.0,0.0,0.2,0.0,2964,0,9906,0,0.0,0.0,0.0,0.0,0.0,0.31,0.0,0.0,0.0,4.65,0.0,720.0,301.0,0.0,715.0,301.0,0.0,698.0,296.0,0.0,720.0,301.0,,,,23,,Ben,Winterburn,Winterburn,has joined Barnet on loan for the rest of the season.,,6,0,0,0,2,0,0,0,0,0,0,0,0,,,,0.0,0.0,30.0,0.0,0.0,0,0,0
97,a,100.0,100.0,7.0,40,16.0,0,0.0,0,0.0,1.6,148,23.0,64,0,3.2,161.0,14.0,3,225,3.0,97.0,10.0,0.4,9.1,0.0,721897,493,793103,112,3.0,2.5,5.69,0.76,6.45,20.35,0.34,0.05,0.39,1.22,188.4,224.0,19.0,208.9,106.0,3.0,460.0,19.0,11.0,85.4,66.0,12.0,,,,23,,Francisco Evanilson,de Lima Barbosa,Evanilson,,,1496,4,3,5,29,0,0,0,1,0,0,17,62,,,,0.0,0.3,1.74,1.02,3.73,5,16,41
98,d,75.0,75.0,5.4,161,39.0,0,0.0,-1,1.0,0.0,615,79.0,13,0,1.4,402.0,45.0,1,40,0.5,322.0,36.0,0.1,2.4,0.0,10409,0,8858,9,0.4,0.0,0.96,0.05,1.01,1.89,0.78,0.04,0.82,1.53,38.0,398.0,43.0,4.1,424.0,53.0,51.0,289.0,48.0,9.0,399.0,48.0,,,,23,,Enes,Ünal,Enes Ünal,Muscle injury - 75% chance of playing,,111,1,0,0,2,0,0,0,1,0,0,0,5,,,,0.0,0.0,1.62,0.0,4.05,0,2,3
99,u,0.0,0.0,4.4,556,79.0,0,0.0,-1,1.0,0.1,416,61.0,0,0,0.0,662.0,72.0,0,0,0.0,601.0,63.0,0.0,0.0,0.0,22144,0,43778,1,0.0,0.0,0.0,0.0,0.0,0.0,0.0,0.0,0.0,0.0,0.0,655.0,72.0,0.0,652.0,71.0,0.0,628.0,71.0,0.0,658.0,72.0,,,,23,,Daniel,Adu-Adjei,Adu-Adjei,has joined HNK Rijeka permanently.,,0,0,0,0,0,0,0,0,0,0,0,0,0,,,,0.0,0.0,0.0,0.0,0.0,0,0,0
100,a,,,4.6,398,62.0,0,0.0,1,-1.0,4.6,78,14.0,56,0,3.3,141.0,12.0,6,260,2.5,130.0,13.0,0.5,12.2,0.0,1232700,2154,813945,250,2.5,2.0,3.64,0.22,3.86,10.57,0.51,0.03,0.54,1.49,274.8,153.0,13.0,98.3,216.0,23.0,274.0,61.0,22.0,64.7,122.0,16.0,,,,23,,Junior,Kroupi,Kroupi.Jr,,,639,7,0,3,15,0,0,0,2,0,0,8,47,,,,0.0,0.42,2.11,1.13,6.62,5,19,23
391,i,0.0,0.0,4.8,367,230.0,0,0.0,-2,2.0,0.0,629,251.0,7,0,1.8,347.0,149.0,0,22,0.0,695.0,286.0,0.0,1.5,0.0,4569,1,7922,1,0.0,0.0,0.09,0.09,0.18,2.66,0.15,0.15,0.3,4.52,21.2,422.0,187.0,14.0,385.0,192.0,11.0,374.0,189.0,4.7,425.0,191.0,,,,23,,Ben,Gannon-Doak,Gannon-Doak,Hamstring injury - Unknown return date,,53,0,1,0,1,0,0,0,0,0,0,0,3,,,,0.0,0.0,1.7,0.0,5.09,2,1,0
685,a,100.0,100.0,4.3,577,131.0,0,0.0,-2,2.0,0.3,308,115.0,45,0,2.6,235.0,88.0,2,161,0.3,329.0,122.0,0.1,10.5,0.0,95038,3,89562,11,0.3,-0.2,0.02,0.19,0.21,22.29,0.0,0.01,0.01,1.57,267.0,163.0,71.0,54.3,304.0,101.0,22.0,347.0,115.0,34.4,267.0,89.0,,,,23,,Bafodé,Diakité,Diakité,,,1274,0,0,4,27,0,0,0,1,0,0,15,147,,,,0.0,0.28,1.91,1.06,8.27,20,97,48
687,a,,,4.4,558,335.0,0,0.0,-1,1.0,0.1,441,151.0,0,0,0.0,663.0,257.0,0,0,0.0,602.0,216.0,0.0,0.0,0.0,13173,0,15109,2,0.0,-0.5,0.0,0.0,0.0,0.0,0.0,0.0,0.0,0.0,0.0,656.0,251.0,0.0,653.0,255.0,0.0,629.0,245.0,0.0,659.0,253.0,,,,23,,Remy,Rees-Dottin,Rees-Dottin,,,0,0,0,0,0,0,0,0,0,0,0,0,0,,,,0.0,0.0,0.0,0.0,0.0,0,0,0
697,a,,,5.4,174,108.0,0,0.0,-1,1.0,0.0,592,224.0,28,0,1.6,377.0,168.0,0,108,1.5,226.0,94.0,0.3,5.2,0.0,9057,34,8040,7,1.5,1.0,1.0,0.39,1.39,8.79,0.18,0.07,0.25,1.56,117.8,293.0,131.0,91.0,229.0,141.0,113.0,183.0,104.0,31.5,282.0,137.0,,6.0,,23,,Amine,Adli,Adli,,,507,1,1,1,10,0,0,0,1,0,0,4,62,,,,0.0,0.18,1.78,0.71,11.01,21,14,27
713,a,,,4.5,461,93.0,0,0.0,0,0.0,0.1,523,189.0,33,0,1.8,344.0,133.0,0,117,1.5,221.0,84.0,0.3,7.3,0.0,15366,7,9921,3,1.5,1.0,0.47,0.74,1.21,23.51,0.03,0.05,0.08,1.7,182.4,230.0,92.0,118.3,189.0,48.0,84.0,230.0,61.0,38.4,243.0,86.0,,,,23,,Álex,Jiménez Sánchez,A.Jimenez,,,1243,0,2,2,28,0,0,0,5,0,0,14,88,,,,0.0,0.14,2.03,1.01,5.29,32,41,60
721,a,100.0,100.0,4.4,559,119.0,0,0.0,-1,1.0,0.0,652,227.0,19,0,2.7,226.0,86.0,0,63,0.3,336.0,125.0,0.1,4.3,0.0,5859,1,5514,0,0.3,-0.2,0.15,0.19,0.34,4.42,0.04,0.05,0.09,1.08,98.4,318.0,123.0,13.9,386.0,142.0,10.0,376.0,135.0,12.2,374.0,133.0,,,,23,,Veljko,Milosavljevic,Milosavljević,,,367,0,0,1,6,0,0,0,0,0,0,4,42,,,,0.0,0.25,1.47,0.98,9.56,5,34,13
756,a,,,4.5,508,315.0,0,0.0,0,0.0,0.0,736,315.0,0,0,0.0,732.0,311.0,0,0,0.0,679.0,275.0,0.0,0.0,0.0,1243,0,743,2,0.0,-0.5,0.0,0.0,0.0,0.0,0.0,0.0,0.0,0.0,0.0,732.0,311.0,0.0,727.0,311.0,0.0,711.0,307.0,0.0,732.0,311.0,,,,23,,Malcom,DaCosta,DaCosta,,,0,0,0,0,0,0,0,0,0,0,0,0,0,,,,0.0,0.0,0.0,0.0,0.0,0,0,0
782,a,,,4.0,647,40.0,0,0.0,0,0.0,0.0,722,83.0,0,0,0.0,550.0,60.0,0,0,0.0,468.0,55.0,0.0,0.0,0.0,1014,10,187,2,0.0,-0.5,0.0,0.0,0.0,0.0,0.0,0.0,0.0,0.0,0.0,540.0,60.0,0.0,533.0,47.0,0.0,497.0,32.0,0.0,543.0,60.0,,,,23,,Fraser,Forster,Forster,,,0,0,0,0,0,0,0,0,0,0,0,0,0,,,,0.0,0.0,0.0,0.0,0.0,0,0,0
799,a,,,4.5,505,312.0,0,0.0,0,0.0,0.0,798,358.0,0,0,0.0,730.0,309.0,0,0,0.0,677.0,273.0,0.0,0.0,0.0,57,1,4,0,0.0,-0.5,0.0,0.0,0.0,0.0,0.0,0.0,0.0,0.0,0.0,730.0,309.0,0.0,725.0,309.0,0.0,708.0,304.0,0.0,730.0,309.0,,,,23,,Charlie,Stevens,Stevens,,,0,0,0,0,0,0,0,0,0,0,0,0,0,,,,0.0,0.0,0.0,0.0,0.0,0,0,0
801,a,,,5.0,279,173.0,0,0.0,0,0.0,0.0,770,337.0,0,0,0.0,772.0,340.0,0,0,0.0,741.0,320.0,0.0,0.0,0.0,345,12,10,1,1.8,1.3,0.0,0.0,0.0,0.0,0.0,0.0,0.0,0.0,0.0,772.0,340.0,0.0,770.0,340.0,0.0,764.0,338.0,0.0,772.0,340.0,,,,23,,Alex,Tóth,Tóth.A,,,0,0,0,0,0,0,0,0,0,0,0,0,0,,,,0.0,0.0,0.0,0.0,0.0,0,0,0
27,a,100.0,100.0,4.8,354,223.0,0,0.0,-2,2.0,0.1,476,165.0,6,0,1.0,462.0,216.0,0,19,0.5,314.0,139.0,0.1,1.2,0.0,9764,1,17152,5,0.5,0.5,0.61,0.07,0.68,1.21,1.1,0.13,1.23,2.18,16.4,427.0,191.0,4.0,425.0,207.0,16.0,366.0,186.0,3.4,439.0,199.0,,,,23,,Reiss,Nelson,Nelson,,,50,0,0,0,1,0,0,0,0,0,0,0,17,,,,0.0,0.0,1.8,0.0,30.6,2,3,12
83,a,100.0,100.0,5.8,111,70.0,0,0.0,-2,2.0,0.3,298,100.0,65,0,4.1,66.0,27.0,6,178,0.2,400.0,185.0,0.0,11.2,0.0,452412,28,443008,21,0.2,0.2,3.56,0.66,4.22,14.35,0.3,0.06,0.36,1.2,184.6,227.0,97.0,96.5,220.0,135.0,309.0,46.0,28.0,58.5,146.0,81.0,2.0,,,23,,Dango,Ouattara,O.Dango,,,1074,3,4,3,15,0,0,0,3,0,0,12,98,,,,0.0,0.25,1.26,1.01,8.21,11,41,46
101,a,100.0,100.0,4.6,391,19.0,0,0.0,1,-1.0,10.1,43,6.0,82,0,3.7,99.0,9.0,3,318,4.3,22.0,2.0,0.9,17.8,0.0,865480,706,838286,397,4.3,4.3,0.0,0.04,0.04,30.31,0.0,0.0,0.0,1.38,524.2,17.0,6.0,20.0,374.0,4.0,0.0,714.0,75.0,54.5,166.0,5.0,,,,23,,Caoimhín,Kelleher,Kelleher,,,1980,0,0,5,30,0,3,0,1,0,61,22,95,,,,2.77,0.23,1.36,1.0,0.0,1,28,172
102,a,,,3.9,737,76.0,0,0.0,-1,1.0,0.3,333,46.0,0,0,0.0,524.0,45.0,0,0,0.0,442.0,40.0,0.0,0.0,0.0,14476,4,22063,9,0.0,0.0,0.0,0.0,0.0,0.0,0.0,0.0,0.0,0.0,0.0,514.0,45.0,0.0,507.0,32.0,0.0,470.0,17.0,0.0,517.0,45.0,,,,23,,Ellery,Balcombe,Balcombe,,,0,0,0,0,0,0,0,0,0,0,0,0,0,,,,0.0,0.0,0.0,0.0,0.0,0,0,0
103,u,0.0,0.0,3.9,754,84.0,0,0.0,-1,1.0,0.2,400,60.0,0,0,0.0,536.0,53.0,0,0,0.0,454.0,48.0,0.0,0.0,0.0,11791,0,12005,19,0.0,0.0,0.0,0.0,0.0,0.0,0.0,0.0,0.0,0.0,0.0,526.0,53.0,0.0,519.0,40.0,0.0,482.0,25.0,0.0,529.0,53.0,,,,23,,Matthew,Cox,Cox,has joined Shrewsbury Town on loan for the rest of the season.,,0,0,0,0,0,0,0,0,0,0,0,0,0,,,,0.0,0.0,0.0,0.0,0.0,0,0,0
104,a,,,3.9,758,86.0,0,0.0,-1,1.0,0.1,440,67.0,0,0,0.0,540.0,55.0,0,0,0.0,458.0,50.0,0.0,0.0,0.0,12446,2,8885,9,0.0,0.0,0.0,0.0,0.0,0.0,0.0,0.0,0.0,0.0,0.0,530.0,55.0,0.0,523.0,42.0,0.0,486.0,27.0,0.0,533.0,55.0,,,,23,,Julian,Eyestone,Eyestone,,,0,0,0,0,0,0,0,0,0,0,0,0,0,,,,0.0,0.0,0.0,0.0,0.0,0,0,0
105,a,,,3.9,755,85.0,0,0.0,-1,1.0,0.6,226,29.0,0,0,0.0,537.0,54.0,0,0,0.0,455.0,49.0,0.0,0.0,0.0,36352,1,67238,9,0.0,0.0,0.0,0.0,0.0,0.0,0.0,0.0,0.0,0.0,0.0,527.0,54.0,0.0,520.0,41.0,0.0,483.0,26.0,0.0,530.0,54.0,,,,23,,Hákon Rafn,Valdimarsson,Valdimarsson,,,0,0,0,0,0,0,0,0,0,0,0,0,0,,,,0.0,0.0,0.0,0.0,0.0,0,0,0
106,a,,,5.0,257,41.0,0,0.0,0,0.0,4.1,86,30.0,90,0,4.1,63.0,28.0,7,305,6.2,4.0,3.0,1.2,18.0,0.0,561834,560,245835,431,6.2,6.2,1.42,0.87,2.29,29.24,0.07,0.04,0.11,1.38,617.0,7.0,3.0,101.4,212.0,58.0,227.0,74.0,5.0,94.7,52.0,7.0,,,,23,,Nathan,Collins,Collins,,,1906,1,2,5,29,1,0,0,4,0,0,21,257,,,,0.0,0.24,1.37,0.99,10.62,21,204,89
107,a,,,4.9,317,53.0,0,0.0,-1,1.0,2.3,119,47.0,66,0,3.3,147.0,59.0,3,178,2.5,137.0,55.0,0.5,13.5,0.0,401394,62,166847,345,2.5,2.5,1.32,0.95,2.27,16.19,0.13,0.09,0.22,1.6,171.8,236.0,97.0,150.2,159.0,39.0,152.0,131.0,23.0,47.4,196.0,63.0,,,,23,,Keane,Lewis-Potter,Lewis-Potter,,,912,2,1,6,15,0,0,0,1,0,0,10,52,,,,0.0,0.59,1.48,0.99,3.26,12,21,37
108,a,100.0,100.0,4.4,516,103.0,0,0.0,-1,1.0,0.2,371,136.0,47,0,2.9,196.0,75.0,1,139,3.8,38.0,15.0,0.9,10.7,0.0,23138,18,24405,5,3.8,3.8,0.64,0.57,1.21,16.6,0.05,0.05,0.1,1.41,240.0,179.0,73.0,29.7,349.0,122.0,118.0,175.0,35.0,38.9,242.0,85.0,,,,23,,Kristoffer,Ajer,Ajer,,,1061,0,2,3,17,0,0,0,1,0,0,12,125,,,,0.0,0.25,1.44,1.02,10.01,24,94,32
109,a,,,4.3,571,127.0,0,0.0,-2,2.0,0.2,401,146.0,35,0,1.9,327.0,126.0,0,86,2.7,113.0,42.0,0.6,8.1,0.0,15753,8,17502,6,2.7,2.7,0.17,0.25,0.42,16.76,0.02,0.03,0.05,1.9,73.4,348.0,132.0,34.7,339.0,117.0,24.0,343.0,114.0,13.1,369.0,132.0,,,,23,,Rico,Henry,Henry,,,793,0,1,3,13,0,0,0,2,0,0,7,49,,,,0.0,0.34,1.48,0.79,4.43,10,29,48
110,a,,,4.5,490,96.0,0,0.0,0,0.0,0.7,212,80.0,64,0,2.9,198.0,77.0,6,307,2.7,115.0,44.0,0.6,14.2,0.0,159127,44,100289,111,2.7,2.7,0.19,2.16,2.35,29.6,0.01,0.1,0.11,1.39,375.6,81.0,36.0,326.1,48.0,6.0,71.0,251.0,71.0,77.4,84.0,19.0,,,,23,,Michael,Kayode,Kayode,,,1918,0,1,5,29,0,0,0,5,0,0,22,185,,,,0.0,0.23,1.36,1.03,6.57,44,96,96
111,a,100.0,100.0,4.2,625,148.0,0,0.0,-3,3.0,0.1,452,166.0,4,0,1.3,405.0,148.0,0,21,0.0,534.0,223.0,0.0,1.0,0.0,10772,5,24915,6,0.0,0.0,0.0,0.06,0.06,3.18,0.0,0.02,0.02,1.26,62.8,364.0,139.0,1.1,442.0,162.0,12.0,372.0,133.0,7.6,407.0,146.0,,,,23,,Ethan,Pinnock,Pinnock,,,228,0,0,0,5,1,0,0,1,0,0,3,33,,,,0.0,0.0,1.97,1.18,11.45,4,25,9
112,u,0.0,0.0,4.5,416,82.0,0,0.0,0,0.0,0.0,691,237.0,0,0,0.0,673.0,251.0,0,0,0.0,614.0,243.0,0.0,0.0,0.0,211,0,3898,1,0.0,0.0,0.0,0.0,0.0,0.0,0.0,0.0,0.0,0.0,0.0,667.0,250.0,0.0,664.0,251.0,0.0,642.0,250.0,0.0,670.0,251.0,,,,23,,Mads,Roerslev Rasmussen,Roerslev,Has joined Southampton permanently.,,0,0,0,0,0,0,0,0,0,0,0,0,0,,,,0.0,0.0,0.0,0.0,0.0,0,0,0
113,a,100.0,100.0,4.5,425,85.0,0,0.0,0,0.0,0.7,209,79.0,52,0,3.1,167.0,68.0,0,190,0.0,621.0,244.0,0.0,11.6,0.0,205956,11,175528,125,0.0,0.0,1.86,0.2,2.06,22.42,0.11,0.01,0.12,1.32,341.4,98.0,42.0,31.7,345.0,120.0,173.0,112.0,18.0,54.7,164.0,53.0,,,,23,,Sepp,van den Berg,Van den Berg,,,1530,0,0,3,25,0,0,0,1,0,0,17,184,,,,0.0,0.18,1.47,1.0,9.06,12,142,56
114,a,100.0,100.0,3.9,768,230.0,0,0.0,-1,1.0,0.2,361,132.0,0,0,0.0,548.0,201.0,0,0,0.0,466.0,180.0,0.0,0.0,0.0,12250,4,27326,7,0.0,0.0,0.0,0.0,0.0,0.0,0.0,0.0,0.0,0.0,0.0,538.0,201.0,0.0,531.0,202.0,0.0,495.0,194.0,0.0,541.0,201.0,,,,23,,Benjamin,Arthur,Arthur,,,0,0,0,0,0,0,0,0,0,0,0,0,0,,,,0.0,0.0,0.0,0.0,0.0,0,0,0
115,u,0.0,0.0,4.0,710,199.0,0,0.0,0,0.0,0.1,511,183.0,0,0,0.0,603.0,234.0,0,0,0.0,522.0,214.0,0.0,0.0,0.0,2020,0,14077,1,0.0,0.0,0.0,0.0,0.0,0.0,0.0,0.0,0.0,0.0,0.0,592.0,233.0,0.0,587.0,234.0,0.0,553.0,228.0,0.0,595.0,233.0,,,,23,,Benjamin,Fredrick,Fredrick,has joined Dender on loan for the rest of the season.,,0,0,0,0,0,0,0,0,0,0,0,0,0,,,,0.0,0.0,0.0,0.0,0.0,0,0,0
116,a,100.0,100.0,4.0,673,171.0,0,0.0,0,0.0,0.5,255,97.0,29,0,2.1,304.0,113.0,0,82,0.8,282.0,102.0,0.2,7.2,0.0,62054,11,61449,27,0.8,0.8,0.4,0.17,0.57,4.92,0.07,0.03,0.1,0.86,57.6,373.0,142.0,13.6,387.0,143.0,42.0,303.0,97.0,11.1,385.0,138.0,,,,23,,Aaron,Hickey,Hickey,,,514,0,0,2,6,0,0,0,1,0,0,6,39,,,,0.0,0.35,1.05,1.05,5.6,9,23,28
117,u,0.0,0.0,3.9,763,225.0,0,0.0,-1,1.0,0.1,496,178.0,0,0,0.0,545.0,198.0,0,0,0.0,463.0,177.0,0.0,0.0,0.0,4108,0,15285,1,0.0,0.0,0.0,0.0,0.0,0.0,0.0,0.0,0.0,0.0,0.0,535.0,198.0,0.0,528.0,199.0,0.0,491.0,190.0,0.0,538.0,198.0,,,,23,,Kim,Ji-soo,Ji-soo,has joined Kaiserslautern on loan for the rest of the season.,,0,0,0,0,0,0,0,0,0,0,0,0,0,,,,0.0,0.0,0.0,0.0,0.0,0,0,0
118,u,0.0,0.0,4.0,683,177.0,0,0.0,0,0.0,0.0,598,215.0,0,0,0.0,580.0,216.0,0,0,0.0,498.0,195.0,0.0,0.0,0.0,279,0,10868,1,0.0,0.0,0.0,0.0,0.0,0.0,0.0,0.0,0.0,0.0,0.0,569.0,215.0,0.0,564.0,216.0,0.0,529.0,209.0,0.0,572.0,215.0,,,,23,,Jayden,Meghoma,Meghoma,Has joined Rangers on loan for the rest of the season.,,0,0,0,0,0,0,0,0,0,0,0,0,0,,,,0.0,0.0,0.0,0.0,0.0,0,0,0
120,a,100.0,100.0,7.1,37,22.0,0,0.0,1,-1.0,3.3,98,31.0,86,0,4.1,68.0,29.0,5,289,6.0,5.0,1.0,0.8,12.1,0.0,724418,795,363483,740,6.0,6.0,8.29,1.45,9.74,23.91,0.43,0.08,0.51,1.25,421.8,49.0,13.0,275.0,75.0,58.0,583.0,8.0,3.0,128.1,16.0,14.0,,,3.0,23,,Kevin,Schade,Schade,,,1726,6,4,7,20,0,0,1,6,0,0,20,132,,,,0.0,0.37,1.04,1.04,6.88,28,41,63
121,a,,,5.7,119,75.0,0,0.0,-3,3.0,0.5,247,82.0,60,0,3.2,159.0,68.0,3,259,2.2,172.0,67.0,0.4,10.5,0.0,97620,26,157057,31,2.2,2.2,1.13,3.61,4.74,19.16,0.08,0.26,0.34,1.4,295.6,135.0,48.0,451.6,20.0,19.0,162.0,124.0,72.0,91.0,56.0,38.0,1.0,3.0,,23,,Mikkel,Damsgaard,Damsgaard,,,1236,1,3,2,21,0,0,0,0,0,0,14,139,,,,0.0,0.15,1.53,1.02,10.12,35,25,79
122,i,0.0,0.0,5.2,218,136.0,0,0.0,-3,3.0,0.0,644,262.0,1,0,1.0,475.0,225.0,0,5,0.0,750.0,328.0,0.0,0.2,0.0,1957,0,6828,0,0.0,0.0,0.0,0.01,0.01,1.49,0.0,0.02,0.02,2.98,4.0,457.0,210.0,1.8,435.0,211.0,0.0,769.0,341.0,0.6,465.0,215.0,,,,23,,Antoni,Milambo,Milambo,Knee injury - Expected back 01 Jun,,45,0,0,0,3,0,0,0,0,0,0,1,4,,,,0.0,0.0,6.0,2.0,8.0,2,0,2
123,i,0.0,0.0,4.7,381,239.0,0,0.0,-3,3.0,0.1,451,154.0,13,0,2.2,288.0,124.0,1,42,0.0,684.0,279.0,0.0,2.8,0.0,27125,0,50656,3,0.0,0.0,0.7,0.03,0.73,2.08,0.63,0.03,0.66,1.87,39.0,396.0,173.0,6.5,416.0,205.0,36.0,311.0,163.0,8.1,405.0,184.0,4.0,,4.0,23,,Fábio,Freitas Gouveia Carvalho,Carvalho,Knee injury - Expected back 01 Jun,,100,1,0,0,4,0,0,0,0,0,0,1,8,,,,0.0,0.0,3.6,0.9,7.2,3,0,5
124,d,75.0,75.0,5.0,240,148.0,0,0.0,0,0.0,0.4,276,93.0,58,0,2.9,200.0,87.0,5,254,0.8,286.0,127.0,0.2,11.6,0.0,93831,0,90557,63,0.6,0.6,0.33,2.02,2.35,18.52,0.02,0.13,0.15,1.24,265.8,165.0,61.0,270.7,77.0,59.0,41.0,304.0,158.0,57.7,149.0,83.0,,,,23,,Jordan,Henderson,Henderson,Ankle injury - 75% chance of playing,,1349,1,3,4,21,0,0,0,4,0,0,15,125,,,,0.0,0.27,1.4,1.0,8.34,19,38,68
125,a,100.0,100.0,4.9,299,186.0,0,0.0,-1,1.0,0.3,291,96.0,53,0,3.1,170.0,71.0,3,222,4.7,15.0,6.0,1.0,10.8,0.0,52608,89,11932,42,4.7,4.7,0.5,1.68,2.18,13.22,0.05,0.18,0.23,1.4,238.4,182.0,76.0,242.2,86.0,64.0,64.0,264.0,142.0,54.2,168.0,90.0,5.0,,,23,,Vitaly,Janelt,Janelt,,,848,0,4,4,9,0,0,0,4,0,0,8,121,,,,0.0,0.42,0.96,0.85,12.84,21,45,55
126,a,,,4.9,302,188.0,0,0.0,-1,1.0,0.1,500,176.0,43,0,2.1,309.0,136.0,0,189,1.7,207.0,86.0,0.3,8.8,0.0,12793,3,15307,3,1.7,1.7,1.28,2.13,3.41,13.5,0.13,0.22,0.35,1.42,165.4,245.0,103.0,199.8,114.0,82.0,99.0,207.0,116.0,46.3,202.0,104.0,3.0,,5.0,23,,Mathias,Jensen,Jensen,,,854,2,0,4,11,0,0,0,1,0,0,10,78,,,,0.0,0.42,1.16,1.05,8.22,18,19,41
127,u,0.0,0.0,4.9,342,214.0,0,0.0,-1,1.0,0.0,679,283.0,0,0,0.0,756.0,327.0,0,0,0.0,720.0,304.0,0.0,0.0,0.0,1544,0,1864,4,0.0,0.0,0.0,0.0,0.0,0.0,0.0,0.0,0.0,0.0,0.0,756.0,327.0,0.0,752.0,327.0,0.0,744.0,325.0,0.0,756.0,327.0,,,,23,,Gustavo,Nunes Fernandes Gomes,Nunes,has joined Swansea City on loan for the rest of the season.,,0,0,0,0,0,0,0,0,0,0,0,0,0,,,,0.0,0.0,0.0,0.0,0.0,0,0,0
128,a,100.0,100.0,4.8,363,227.0,0,0.0,-2,2.0,0.0,594,226.0,12,0,2.0,321.0,140.0,0,41,0.0,693.0,285.0,0.0,2.5,0.0,5268,1,8454,0,0.0,0.0,0.0,0.36,0.36,2.02,0.0,0.37,0.37,2.07,28.4,410.0,183.0,13.6,388.0,193.0,4.0,413.0,205.0,4.6,428.0,192.0,,,,23,,Frank,Onyeka,Onyeka,,,88,0,2,0,2,0,0,0,0,0,0,0,10,,,,0.0,0.0,2.05,0.0,10.23,2,3,5
129,a,100.0,100.0,5.0,272,167.0,0,0.0,0,0.0,0.1,447,152.0,67,0,3.0,190.0,81.0,0,288,3.8,41.0,17.0,0.8,13.4,0.0,20565,30,15451,10,3.8,3.8,1.06,1.01,2.07,25.69,0.06,0.05,0.11,1.4,280.2,149.0,55.0,188.9,124.0,90.0,104.0,203.0,114.0,57.3,150.0,84.0,,,,23,,Yehor,Yarmoliuk,Yarmoliuk,,,1654,1,2,5,26,0,0,0,4,0,0,20,204,,,,0.0,0.27,1.41,1.09,11.1,45,43,116
130,a,,,4.4,557,334.0,0,0.0,-1,1.0,0.1,475,164.0,1,0,1.0,447.0,202.0,0,4,0.2,369.0,163.0,0.0,0.2,0.0,12998,1,16742,5,0.2,0.2,0.05,0.01,0.06,0.0,4.5,0.9,5.4,0.0,3.0,460.0,212.0,10.5,397.0,198.0,4.0,409.0,203.0,1.8,448.0,204.0,,,,23,,Romelle,Donovan,Donovan,,,1,0,0,0,0,0,0,0,0,0,0,0,1,,,,0.0,0.0,0.0,0.0,90.0,0,0,1
131,u,0.0,0.0,4.3,615,360.0,0,0.0,-2,2.0,0.2,377,129.0,0,0,0.0,640.0,246.0,0,0,0.0,575.0,204.0,0.0,0.0,0.0,38108,0,39972,23,0.0,0.0,0.0,0.0,0.0,0.0,0.0,0.0,0.0,0.0,0.0,630.0,237.0,0.0,628.0,242.0,0.0,601.0,231.0,0.0,633.0,239.0,,,,23,,Yunus Emre,Konak,Konak,has joined Oxford United on loan for the rest of the season.,,0,0,0,0,0,0,0,0,0,0,0,0,0,,,,0.0,0.0,0.0,0.0,0.0,0,0,0
132,a,100.0,100.0,4.5,414,250.0,0,0.0,0,0.0,0.0,643,261.0,0,0,0.0,672.0,262.0,0,0,0.0,612.0,222.0,0.0,0.0,0.0,3988,3,4425,1,0.0,0.0,0.0,0.0,0.0,0.0,0.0,0.0,0.0,0.0,0.0,666.0,257.0,0.0,663.0,260.0,0.0,640.0,251.0,0.0,669.0,259.0,,,,23,,Paris,Maghoma,Maghoma,,,0,0,0,0,0,0,0,0,0,0,0,0,0,,,,0.0,0.0,0.0,0.0,0.0,0,0,0
133,u,0.0,0.0,4.4,534,319.0,0,0.0,-1,1.0,0.0,617,240.0,1,0,1.0,443.0,198.0,0,2,0.2,364.0,159.0,0.0,0.2,0.0,3881,0,5871,3,0.0,0.0,0.0,0.0,0.0,0.0,0.0,0.0,0.0,0.0,0.0,638.0,239.0,0.0,636.0,244.0,0.0,611.0,233.0,0.0,641.0,241.0,,,,23,,Myles,Peart-Harris,Peart-Harris,has joined Oxford United permanently.,,1,0,0,0,0,0,0,0,0,0,0,0,0,,,,0.0,0.0,0.0,0.0,0.0,0,0,0
134,u,0.0,0.0,4.5,482,297.0,0,0.0,0,0.0,0.0,760,330.0,0,0,0.0,714.0,297.0,0,0,0.0,660.0,260.0,0.0,0.0,0.0,0,0,932,0,0.0,0.0,0.0,0.0,0.0,0.0,0.0,0.0,0.0,0.0,0.0,713.0,296.0,0.0,708.0,296.0,0.0,691.0,291.0,0.0,713.0,296.0,,,,23,,Ryan,Trevitt,Trevitt,Has joined Wigan on loan for the rest of the season,,0,0,0,0,0,0,0,0,0,0,0,0,0,,,,0.0,0.0,0.0,0.0,0.0,0,0,0
136,a,100.0,100.0,7.2,34,14.0,0,0.0,12,-12.0,38.1,3,2.0,122,0,5.5,9.0,2.0,18,505,6.3,3.0,1.0,0.9,16.9,0.0,7469159,2834,2850952,1352,6.3,6.3,12.76,0.84,13.6,29.03,0.62,0.04,0.66,1.42,687.0,3.0,2.0,199.4,115.0,5.0,772.0,2.0,2.0,165.8,3.0,2.0,,,2.0,23,,Igor Thiago,Nascimento Rodrigues,Thiago,,,1842,16,1,5,28,0,0,1,4,0,0,21,107,,,,0.0,0.24,1.37,1.03,5.23,17,44,46
137,u,0.0,0.0,4.4,545,74.0,0,0.0,-1,1.0,0.3,300,50.0,0,0,0.0,654.0,67.0,0,0,0.0,592.0,58.0,0.0,0.0,0.0,52422,0,77616,15,0.0,0.0,0.0,0.0,0.0,0.0,0.0,0.0,0.0,0.0,0.0,646.0,67.0,0.0,643.0,66.0,0.0,619.0,66.0,0.0,649.0,67.0,,,,23,,Iwan,Morgan,Morgan,has joined Shrewsbury on loan for the rest of the season.,,0,0,0,0,0,0,0,0,0,0,0,0,0,,,,0.0,0.0,0.0,0.0,0.0,0,0,0
748,i,0.0,0.0,4.9,295,183.0,0,0.0,-1,1.0,0.0,787,348.0,0,0,0.0,744.0,318.0,0,0,0.0,701.0,291.0,0.0,0.0,0.0,147,0,185,0,0.0,0.0,0.0,0.0,0.0,0.0,0.0,0.0,0.0,0.0,0.0,744.0,318.0,0.0,740.0,318.0,0.0,731.0,316.0,0.0,744.0,318.0,,,,23,,Josh,Dasilva,Dasilva,Knee injury - Expected back 01 Feb,,0,0,0,0,0,0,0,0,0,0,0,0,0,,,,0.0,0.0,0.0,0.0,0.0,0,0,0
797,a,,,4.5,483,66.0,0,0.0,0,0.0,0.0,779,88.0,0,0,0.0,715.0,76.0,0,0,0.0,661.0,67.0,0.0,0.0,0.0,174,5,20,0,0.0,0.0,0.0,0.0,0.0,0.0,0.0,0.0,0.0,0.0,0.0,714.0,76.0,0.0,709.0,75.0,0.0,692.0,75.0,0.0,714.0,76.0,,,,23,,Kaye,Furo,Furo,,,0,0,0,0,0,0,0,0,0,0,0,0,0,,,,0.0,0.0,0.0,0.0,0.0,0,0,0
138,a,,,4.2,617,31.0,0,0.0,-3,3.0,0.2,339,47.0,0,0,0.0,612.0,82.0,0,0,0.0,532.0,77.0,0.0,0.0,0.0,9038,2,37474,4,0.0,0.0,0.0,0.0,0.0,0.0,0.0,0.0,0.0,0.0,0.0,601.0,82.0,0.0,596.0,71.0,0.0,563.0,56.0,0.0,605.0,82.0,,,,23,,Jason,Steele,Steele,,,0,0,0,0,0,0,0,0,0,0,0,0,0,,,,0.0,0.0,0.0,0.0,0.0,0,0,0
139,a,,,4.5,437,25.0,0,0.0,0,0.0,5.9,69,11.0,70,0,3.2,152.0,14.0,4,367,2.3,149.0,16.0,0.5,15.6,0.0,605603,271,712363,285,2.3,2.3,0.0,0.01,0.01,31.96,0.0,0.0,0.0,1.45,558.4,14.0,3.0,10.0,402.0,7.0,0.0,657.0,73.0,56.8,151.0,3.0,,,,23,,Bart,Verbruggen,Verbruggen,,,1980,0,0,5,29,1,1,0,3,0,62,22,102,,,,2.82,0.23,1.32,1.0,0.0,1,19,201
140,a,,,3.9,733,74.0,0,0.0,-1,1.0,0.3,305,40.0,0,0,0.0,522.0,43.0,0,0,0.0,440.0,38.0,0.0,0.0,0.0,16651,4,25868,7,0.0,0.0,0.0,0.0,0.0,0.0,0.0,0.0,0.0,0.0,0.0,512.0,43.0,0.0,505.0,30.0,0.0,468.0,15.0,0.0,515.0,43.0,,,,23,,Tom,McGill,McGill,,,0,0,0,0,0,0,0,0,0,0,0,0,0,,,,0.0,0.0,0.0,0.0,0.0,0,0,0
141,u,0.0,0.0,4.0,674,54.0,0,0.0,0,0.0,0.0,782,89.0,0,0,0.0,572.0,72.0,0,0,0.0,489.0,67.0,0.0,0.0,0.0,0,0,241,0,0.0,0.0,0.0,0.0,0.0,0.0,0.0,0.0,0.0,0.0,0.0,561.0,72.0,0.0,556.0,61.0,0.0,521.0,46.0,0.0,564.0,72.0,,,,23,,Carl,Rushworth,Rushworth,Has joined Coventry City on loan for the rest of the season.,,0,0,0,0,0,0,0,0,0,0,0,0,0,,,,0.0,0.0,0.0,0.0,0.0,0,0,0
142,u,0.0,0.0,4.0,663,48.0,0,0.0,0,0.0,0.0,783,90.0,0,0,0.0,563.0,66.0,0,0,0.0,480.0,61.0,0.0,0.0,0.0,0,0,196,0,0.0,0.0,0.0,0.0,0.0,0.0,0.0,0.0,0.0,0.0,0.0,552.0,66.0,0.0,547.0,55.0,0.0,512.0,40.0,0.0,555.0,66.0,,,,23,,Kjell,Scherpen,Scherpen,Has joined Union SG permanently,,0,0,0,0,0,0,0,0,0,0,0,0,0,,,,0.0,0.0,0.0,0.0,0.0,0,0,0
143,a,,,4.2,623,146.0,0,0.0,-3,3.0,0.1,504,181.0,10,0,2.5,247.0,94.0,2,44,0.2,358.0,138.0,0.0,2.4,0.0,4777,0,11722,1,0.2,0.2,0.05,0.18,0.23,2.47,0.03,0.11,0.14,1.55,41.8,390.0,151.0,24.8,362.0,130.0,8.0,383.0,140.0,7.5,408.0,147.0,,,,23,,Olivier,Boscagli,Boscagli,,,143,0,0,1,1,0,0,0,1,0,0,2,16,,,,0.0,0.63,0.63,1.26,10.07,3,13,12
144,a,,,4.2,636,153.0,0,0.0,-3,3.0,0.1,568,206.0,10,0,2.0,317.0,120.0,0,32,0.0,544.0,227.0,0.0,2.4,0.0,2697,0,7274,0,0.0,0.0,0.0,0.01,0.01,4.52,0.0,0.0,0.0,2.11,42.4,389.0,150.0,3.7,427.0,156.0,2.0,419.0,157.0,4.8,423.0,155.0,,,,23,,Diego,Coppola,Coppola,,,193,0,0,1,3,0,0,0,2,0,0,2,19,,,,0.0,0.47,1.4,0.93,8.39,2,16,6
145,a,100.0,100.0,4.3,581,135.0,0,0.0,-2,2.0,2.0,130,50.0,49,0,2.7,225.0,85.0,6,184,0.5,307.0,113.0,0.1,11.4,0.0,243030,16,666854,121,0.5,0.5,1.34,1.98,3.32,18.74,0.12,0.18,0.3,1.73,192.8,217.0,88.0,298.9,61.0,12.0,118.0,174.0,34.0,61.0,137.0,44.0,3.0,6.0,,23,,Maxim,De Cuyper,De Cuyper,,,975,2,0,3,16,0,0,0,2,0,0,12,65,,,,0.0,0.28,1.48,1.11,3.78,14,27,45
146,a,100.0,100.0,4.5,401,72.0,0,0.0,0,0.0,0.9,191,73.0,50,0,2.4,260.0,103.0,0,254,2.2,166.0,63.0,0.5,11.1,0.0,130933,35,178120,37,2.2,2.2,0.7,0.27,0.97,29.72,0.03,0.01,0.04,1.45,393.8,66.0,30.0,76.9,253.0,73.0,83.0,233.0,63.0,55.6,157.0,49.0,,1.0,,23,,Lewis,Dunk,Dunk,,,1845,0,1,4,28,0,0,0,8,0,0,20,191,,,,0.0,0.2,1.37,0.98,7.27,22,127,89
147,u,0.0,0.0,4.5,411,78.0,0,0.0,0,0.0,0.0,723,247.0,0,0,0.0,670.0,249.0,0,0,0.0,610.0,240.0,0.0,0.0,0.0,0,0,1964,0,0.0,0.0,0.0,0.0,0.0,0.0,0.0,0.0,0.0,0.0,0.0,664.0,248.0,0.0,661.0,249.0,0.0,638.0,247.0,0.0,667.0,249.0,,,,23,,Pervis,Estupiñán Tenorio,Estupiñan,Has joined AC Milan permanently,,0,0,0,0,0,0,0,0,0,0,0,0,0,,,,0.0,0.0,0.0,0.0,0.0,0,0,0
148,a,,,4.4,522,108.0,0,0.0,-1,1.0,0.4,282,107.0,58,0,2.8,212.0,80.0,4,276,3.0,86.0,31.0,0.7,13.2,0.0,64290,41,46780,23,3.0,3.0,1.04,2.07,3.11,27.51,0.06,0.11,0.17,1.47,276.4,152.0,64.0,279.4,70.0,13.0,133.0,151.0,28.0,69.2,106.0,33.0,2.0,,,23,,Ferdi,Kadıoğlu,F.Kadıoğlu,,,1690,0,1,5,24,0,0,0,4,0,0,18,123,,,,0.0,0.27,1.28,0.96,4.95,37,56,77
150,u,0.0,0.0,4.4,524,110.0,0,0.0,-1,1.0,0.1,491,177.0,0,0,0.0,645.0,248.0,0,0,0.0,582.0,238.0,0.0,0.0,0.0,2778,0,38338,0,0.0,0.0,0.0,0.0,0.0,0.0,0.0,0.0,0.0,0.0,0.0,635.0,247.0,0.0,633.0,248.0,0.0,607.0,245.0,0.0,638.0,248.0,,,,23,,Tariq,Lamptey,Lamptey,has joined Fiorentina permanently.,,0,0,0,0,0,0,0,0,0,0,0,0,0,,,,0.0,0.0,0.0,0.0,0.0,0,0,0
151,a,100.0,100.0,4.5,433,87.0,0,0.0,0,0.0,4.4,81,26.0,84,0,4.0,70.0,29.0,6,318,3.0,88.0,33.0,0.7,18.7,0.0,831445,525,427732,284,3.0,3.0,2.0,0.68,2.67,30.58,0.1,0.03,0.13,1.46,636.6,6.0,2.0,126.3,181.0,46.0,215.0,82.0,7.0,98.1,45.0,4.0,,,,23,,Jan Paul,van Hecke,Van Hecke,,,1890,3,2,4,29,1,0,0,6,0,0,21,205,,,,0.0,0.19,1.38,1.0,8.33,31,144,65
152,a,100.0,100.0,4.3,565,122.0,0,0.0,-2,2.0,0.2,409,149.0,29,0,2.4,259.0,102.0,1,113,3.0,84.0,29.0,0.7,6.7,0.0,19971,13,31692,6,3.0,3.0,0.99,0.1,1.09,11.8,0.13,0.01,0.14,1.58,189.0,221.0,90.0,68.2,269.0,84.0,59.0,274.0,81.0,31.7,280.0,94.0,,,,23,,Joël,Veltman,Veltman,,,673,1,0,1,10,0,0,0,3,0,0,7,87,,,,0.0,0.13,1.34,0.94,10.03,27,48,28
153,i,0.0,0.0,4.4,515,102.0,0,0.0,-1,1.0,0.0,740,252.0,0,0,0.0,642.0,246.0,0,0,0.0,578.0,235.0,0.0,0.0,0.0,758,0,1553,1,0.0,0.0,0.0,0.0,0.0,0.0,0.0,0.0,0.0,0.0,0.0,632.0,245.0,0.0,630.0,246.0,0.0,604.0,243.0,0.0,635.0,246.0,,,,23,,Adam,Webster,Webster,Knee injury - Unknown return date,,0,0,0,0,0,0,0,0,0,0,0,0,0,,,,0.0,0.0,0.0,0.0,0.0,0,0,0
154,u,0.0,0.0,4.0,665,167.0,0,0.0,0,0.0,0.0,754,255.0,0,0,0.0,565.0,209.0,0,0,0.0,482.0,187.0,0.0,0.0,0.0,0,0,771,0,0.0,0.0,0.0,0.0,0.0,0.0,0.0,0.0,0.0,0.0,0.0,554.0,208.0,0.0,549.0,209.0,0.0,514.0,202.0,0.0,557.0,208.0,,,,23,,Eiran,Cashin,Cashin,has joined Blackburn Rovers on loan for the rest of the season.,,0,0,0,0,0,0,0,0,0,0,0,0,0,,,,0.0,0.0,0.0,0.0,0.0,0,0,0
155,u,0.0,0.0,4.0,704,193.0,0,0.0,0,0.0,0.1,480,173.0,0,0,0.0,598.0,229.0,0,0,0.0,517.0,209.0,0.0,0.0,0.0,3175,0,16326,0,0.0,0.0,0.0,0.0,0.0,0.0,0.0,0.0,0.0,0.0,0.0,587.0,228.0,0.0,582.0,229.0,0.0,548.0,223.0,0.0,590.0,228.0,,,,23,,Jacob,Slater,Slater,has joined Harrogate Town on loan until January.,,0,0,0,0,0,0,0,0,0,0,0,0,0,,,,0.0,0.0,0.0,0.0,0.0,0,0,0
156,a,,,3.8,794,255.0,0,0.0,-2,2.0,0.1,412,151.0,0,0,0.0,507.0,187.0,0,0,0.0,423.0,164.0,0.0,0.0,0.0,9544,9,15279,5,0.0,0.0,0.0,0.0,0.0,0.0,0.0,0.0,0.0,0.0,0.0,497.0,187.0,0.0,489.0,188.0,0.0,450.0,177.0,0.0,500.0,187.0,,,,23,,Charlie,Tasker,Tasker,,,0,0,0,0,0,0,0,0,0,0,0,0,0,,,,0.0,0.0,0.0,0.0,0.0,0,0,0
157,a,100.0,100.0,6.1,82,54.0,0,0.0,-4,4.0,2.1,126,43.0,36,0,3.0,194.0,85.0,2,123,2.3,162.0,66.0,0.4,5.9,0.0,244206,175,793342,71,2.3,2.3,1.38,1.15,2.53,12.62,0.15,0.12,0.27,1.36,162.4,250.0,107.0,228.3,94.0,70.0,164.0,121.0,70.0,55.1,161.0,88.0,,,,23,,Mitoma,Kaoru,Mitoma,,,833,2,1,2,10,0,0,0,2,0,0,9,43,,,,0.0,0.22,1.08,0.97,4.65,7,12,24
158,a,100.0,100.0,5.6,131,81.0,0,0.0,-4,4.0,0.5,253,85.0,61,0,3.0,193.0,84.0,2,210,2.0,187.0,77.0,0.4,10.9,0.0,125086,44,226047,68,2.0,2.0,1.91,2.03,3.94,18.13,0.13,0.13,0.26,1.2,239.0,181.0,75.0,251.3,82.0,60.0,334.0,41.0,25.0,82.4,73.0,46.0,,,,23,,Georginio,Rutter,Georginio,,,1360,2,4,6,14,1,0,0,2,0,0,16,94,,,,0.0,0.4,0.93,1.06,6.22,20,30,44
159,d,25.0,25.0,5.8,104,67.0,0,0.0,-2,2.0,0.0,737,316.0,0,0,0.0,791.0,353.0,0,0,0.0,781.0,347.0,0.0,0.0,0.0,643,0,2454,0,0.0,0.0,0.0,0.0,0.0,0.0,0.0,0.0,0.0,0.0,0.0,791.0,353.0,0.0,791.0,353.0,0.0,789.0,352.0,0.0,791.0,353.0,,,,23,,Solly,March,March,Lack of match fitness - 25% chance of playing,,0,0,0,0,0,0,0,0,0,0,0,0,0,,,,0.0,0.0,0.0,0.0,0.0,0,0,0
160,a,100.0,100.0,5.8,113,72.0,0,0.0,-2,2.0,2.8,110,34.0,80,0,4.0,73.0,32.0,6,300,1.0,279.0,124.0,0.2,13.8,0.0,1897207,131,1722146,349,1.0,1.0,2.82,2.78,5.6,23.59,0.16,0.16,0.32,1.35,304.2,127.0,44.0,436.6,23.0,22.0,443.0,21.0,9.0,118.7,25.0,21.0,1.0,,,23,,Yankuba,Minteh,Minteh,,,1567,1,8,6,23,0,0,0,0,0,0,18,117,,,,0.0,0.34,1.32,1.03,6.72,33,20,64
161,u,0.0,0.0,5.4,172,107.0,0,0.0,-1,1.0,0.0,724,309.0,0,0,0.0,784.0,347.0,0,0,0.0,767.0,337.0,0.0,0.0,0.0,105,0,2937,0,0.0,0.0,0.0,0.0,0.0,0.0,0.0,0.0,0.0,0.0,0.0,784.0,347.0,0.0,783.0,347.0,0.0,779.0,346.0,0.0,784.0,347.0,,,,23,,Julio,Enciso Espínola,Enciso,has joined Strasbourg permanently.,,0,0,0,0,0,0,0,0,0,0,0,0,0,,,,0.0,0.0,0.0,0.0,0.0,0,0,0
162,a,100.0,100.0,5.4,177,111.0,0,0.0,-1,1.0,0.1,542,195.0,35,0,1.9,335.0,145.0,2,114,1.3,239.0,103.0,0.2,6.5,0.0,16419,6,17381,6,1.3,1.3,1.86,0.88,2.74,13.82,0.24,0.11,0.35,1.76,134.4,276.0,123.0,217.1,100.0,75.0,152.0,132.0,77.0,50.0,189.0,101.0,,,,23,,Brajan,Gruda,Gruda,,,708,1,1,2,11,0,0,0,2,0,0,8,58,,,,0.0,0.25,1.4,1.02,7.37,14,4,40
163,a,100.0,100.0,5.1,238,146.0,0,0.0,-4,4.0,0.0,578,215.0,36,0,2.8,215.0,95.0,2,141,1.7,209.0,87.0,0.3,7.1,0.0,8076,5,15341,2,1.7,1.7,0.7,0.34,1.04,15.67,0.1,0.05,0.15,2.15,132.6,278.0,125.0,56.1,300.0,170.0,93.0,217.0,121.0,28.4,296.0,144.0,,,,23,,Jack,Hinshelwood,Hinshelwood,,,655,1,2,1,13,0,0,0,0,0,0,7,65,,,,0.0,0.14,1.79,0.96,8.93,9,23,33
164,u,0.0,0.0,5.5,142,90.0,0,0.0,0,0.0,0.3,296,98.0,12,0,6.0,5.0,2.0,2,36,0.0,775.0,344.0,0.0,2.2,0.0,130744,0,198566,2,0.0,0.0,1.21,0.17,1.38,2.12,0.62,0.09,0.71,1.08,60.8,367.0,162.0,66.6,271.0,159.0,63.0,268.0,146.0,19.0,344.0,165.0,,,,23,,Matt,O'Riley,O'Riley,has joined Marseille on loan for the rest of the season.,,177,1,0,1,2,0,0,0,0,0,0,2,9,,,,0.0,0.51,1.02,1.02,4.58,4,3,2
165,u,0.0,0.0,5.4,178,112.0,0,0.0,-1,1.0,0.0,711,302.0,0,0,0.0,785.0,348.0,0,0,0.0,769.0,339.0,0.0,0.0,0.0,247,0,2220,0,0.0,0.0,0.0,0.0,0.0,0.0,0.0,0.0,0.0,0.0,0.0,785.0,348.0,0.0,784.0,348.0,0.0,780.0,347.0,0.0,785.0,348.0,,,,23,,Abdallah,Sima,Sima,has joined Lens permanently.,,0,0,0,0,0,0,0,0,0,0,0,0,0,,,,0.0,0.0,0.0,0.0,0.0,0,0,0
166,a,100.0,100.0,4.8,368,231.0,0,0.0,-2,2.0,0.4,264,90.0,66,0,3.5,121.0,54.0,4,291,4.3,23.0,9.0,0.9,13.8,0.0,91630,140,68965,44,4.3,4.3,2.43,0.92,3.35,22.32,0.14,0.05,0.19,1.32,245.0,176.0,72.0,191.2,121.0,87.0,186.0,103.0,62.0,62.3,133.0,72.0,4.0,5.0,,23,,Yasin,Ayari,Ayari,,,1519,2,2,5,18,0,0,0,0,0,0,16,178,,,,0.0,0.3,1.07,0.95,10.55,39,40,99
167,a,100.0,100.0,4.5,454,275.0,0,0.0,-5,5.0,1.3,159,56.0,26,0,1.5,389.0,173.0,0,102,0.2,372.0,165.0,0.0,5.8,0.0,153565,55,526575,30,0.2,0.2,0.29,0.22,0.51,12.94,0.03,0.02,0.05,1.27,68.0,358.0,159.0,70.1,266.0,158.0,21.0,351.0,182.0,15.9,357.0,168.0,,,,23,,Carlos,Baleba,Baleba,,,918,0,0,4,13,0,0,0,4,0,0,14,107,,,,0.0,0.39,1.27,1.37,10.49,20,35,52
169,a,100.0,100.0,4.9,336,208.0,0,0.0,-1,1.0,0.2,363,121.0,54,0,2.7,229.0,100.0,5,224,3.0,93.0,44.0,0.6,11.0,0.0,73794,17,60383,20,3.0,3.0,4.45,1.17,5.62,20.82,0.3,0.08,0.38,1.41,270.8,157.0,57.0,240.2,88.0,66.0,297.0,51.0,31.0,80.8,75.0,48.0,,3.0,,23,,Diego,Gómez Amarilla,Gomez,,,1333,3,0,4,21,0,0,0,5,0,0,16,134,,,,0.0,0.27,1.42,1.08,9.05,46,28,60
170,a,100.0,100.0,4.9,283,176.0,0,0.0,-1,1.0,0.1,467,159.0,20,0,1.7,360.0,157.0,0,83,0.5,316.0,140.0,0.1,4.1,0.0,16904,4,22054,4,0.5,0.5,0.85,0.52,1.37,6.14,0.26,0.16,0.42,1.86,88.2,331.0,145.0,90.0,230.0,142.0,23.0,345.0,180.0,20.0,335.0,162.0,5.0,,1.0,23,,James,Milner,Milner,,,297,1,1,0,9,0,0,0,2,0,0,2,33,,,,0.0,0.0,2.73,0.61,10.0,5,9,19
171,u,0.0,0.0,4.9,325,201.0,0,0.0,-1,1.0,0.0,686,289.0,0,0,0.0,752.0,325.0,0,0,0.0,714.0,300.0,0.0,0.0,0.0,196,0,2931,0,0.0,0.0,0.0,0.0,0.0,0.0,0.0,0.0,0.0,0.0,0.0,752.0,325.0,0.0,748.0,325.0,0.0,740.0,323.0,0.0,752.0,325.0,,,,23,,Jeremy,Sarmiento Morante,Sarmiento,has joined Cremonese on loan for the rest of the season.,,0,0,0,0,0,0,0,0,0,0,0,0,0,,,,0.0,0.0,0.0,0.0,0.0,0,0,0
172,a,100.0,100.0,4.8,370,233.0,0,0.0,-2,2.0,0.0,626,248.0,5,0,0.8,486.0,230.0,0,15,0.3,341.0,152.0,0.1,1.0,0.0,2310,1,3591,2,0.3,0.3,0.04,0.03,0.07,1.72,0.06,0.05,0.11,2.72,6.0,446.0,204.0,2.4,432.0,209.0,7.0,398.0,196.0,1.6,454.0,208.0,,,,23,,Tom,Watson,Watson,,,57,0,0,0,2,0,0,0,1,0,0,0,5,,,,0.0,0.0,3.16,0.0,7.89,1,0,4
173,i,0.0,0.0,4.9,330,205.0,0,0.0,-1,1.0,0.2,404,136.0,58,0,3.6,116.0,52.0,3,250,0.2,389.0,177.0,0.0,11.8,0.0,79384,0,72441,24,0.0,0.0,1.2,1.47,2.67,16.4,0.09,0.11,0.2,1.25,303.4,129.0,45.0,229.5,92.0,69.0,131.0,153.0,91.0,66.5,115.0,62.0,,,,23,,Mats,Wieffer,Wieffer,Toe Injury - Unknown return date,,1179,0,4,3,17,0,0,0,4,0,0,13,184,,,,0.0,0.23,1.3,0.99,14.05,47,70,67
174,u,0.0,0.0,5.0,278,172.0,0,0.0,0,0.0,0.0,753,327.0,0,0,0.0,771.0,339.0,0,0,0.0,740.0,319.0,0.0,0.0,0.0,0,0,1260,0,0.0,0.0,0.0,0.0,0.0,0.0,0.0,0.0,0.0,0.0,0.0,771.0,339.0,0.0,769.0,339.0,0.0,763.0,337.0,0.0,771.0,339.0,,,,23,,Malick,Yalcouyé,Yalcouye,Has joined Swansea City on loan for the rest of the season.,,0,0,0,0,0,0,0,0,0,0,0,0,0,,,,0.0,0.0,0.0,0.0,0.0,0,0,0
175,a,,,4.4,549,329.0,0,0.0,-1,1.0,0.1,505,179.0,1,0,1.0,445.0,200.0,0,3,0.0,596.0,213.0,0.0,0.2,0.0,10715,2,13468,2,0.0,0.0,0.0,0.0,0.0,0.0,0.0,0.0,0.0,0.0,0.0,650.0,248.0,0.0,647.0,252.0,0.0,623.0,242.0,0.0,653.0,250.0,,,,23,,Joe,Knight,Knight,,,1,0,0,0,0,0,0,0,0,0,0,0,0,,,,0.0,0.0,0.0,0.0,0.0,0,0,0
176,u,0.0,0.0,4.5,458,279.0,0,0.0,0,0.0,0.0,673,279.0,0,0,0.0,697.0,285.0,0,0,0.0,642.0,247.0,0.0,0.0,0.0,1435,0,4535,0,0.0,0.0,0.0,0.0,0.0,0.0,0.0,0.0,0.0,0.0,0.0,693.0,281.0,0.0,690.0,283.0,0.0,670.0,275.0,0.0,694.0,282.0,,,,23,,Adrian,Mazilu,Mazilu,has joined Dinamo Bucharest permanently.,,0,0,0,0,0,0,0,0,0,0,0,0,0,,,,0.0,0.0,0.0,0.0,0.0,0,0,0
177,u,0.0,0.0,4.5,447,268.0,0,0.0,0,0.0,0.0,682,285.0,0,0,0.0,689.0,277.0,0,0,0.0,634.0,239.0,0.0,0.0,0.0,490,0,5056,1,0.0,0.0,0.0,0.0,0.0,0.0,0.0,0.0,0.0,0.0,0.0,685.0,273.0,0.0,682.0,275.0,0.0,662.0,267.0,0.0,686.0,274.0,,,,23,,Andrew,Moran,Moran,Has joined Los Angeles FC on loan for the rest of the season.,,0,0,0,0,0,0,0,0,0,0,0,0,0,,,,0.0,0.0,0.0,0.0,0.0,0,0,0
178,a,100.0,100.0,6.2,71,23.0,0,0.0,-3,3.0,4.1,87,15.0,66,0,3.1,178.0,18.0,8,256,1.2,259.0,35.0,0.2,10.6,0.0,1902074,393,1973621,346,1.2,1.2,7.15,0.69,7.84,18.79,0.54,0.05,0.59,1.42,303.0,130.0,11.0,169.8,141.0,8.0,330.0,43.0,17.0,79.7,80.0,14.0,,2.0,2.0,23,,Danny,Welbeck,Welbeck,,,1189,8,0,3,19,0,0,2,4,0,0,13,54,,,,0.0,0.23,1.44,0.98,4.09,10,18,26
179,u,0.0,0.0,5.5,152,36.0,0,0.0,0,0.0,0.0,735,87.0,0,0,0.0,790.0,85.0,0,0,0.0,777.0,81.0,0.0,0.0,0.0,0,0,1552,0,0.0,0.0,0.0,0.0,0.0,0.0,0.0,0.0,0.0,0.0,0.0,790.0,85.0,0.0,789.0,85.0,0.0,786.0,85.0,0.0,790.0,85.0,,,,23,,Evan,Ferguson,Ferguson,Has joined AS Roma on loan for the rest of the season,,0,0,0,0,0,0,0,0,0,0,0,0,0,,,,0.0,0.0,0.0,0.0,0.0,0,0,0
180,i,0.0,0.0,5.2,222,49.0,0,0.0,-3,3.0,0.1,509,71.0,16,0,1.8,350.0,38.0,0,55,0.0,751.0,78.0,0.0,3.1,0.0,12972,1,22623,1,0.0,0.0,0.44,0.11,0.55,2.59,0.3,0.08,0.38,1.77,66.6,362.0,37.0,65.7,274.0,28.0,44.0,299.0,49.0,17.7,350.0,41.0,,,,23,,Stefanos,Tzimas,Tzimas,Knee injury - Expected back 01 Jun,,132,1,1,0,2,0,0,0,0,0,0,1,15,,,,0.0,0.0,1.36,0.68,10.23,3,2,10
181,a,,,4.8,372,61.0,0,0.0,-2,2.0,0.4,289,46.0,26,0,2.2,292.0,30.0,3,110,2.3,153.0,16.0,0.5,5.4,0.0,46966,44,65631,14,2.3,2.3,1.37,0.21,1.58,2.65,0.68,0.1,0.78,1.32,115.0,299.0,30.0,70.0,267.0,27.0,161.0,125.0,32.0,34.6,265.0,31.0,,,,23,,Charalampos,Kostoulas,Kostoulas,,,180,2,1,1,3,0,0,0,1,0,0,1,26,,,,0.0,0.5,1.5,0.5,13.0,8,1,17
744,a,,,4.5,463,282.0,0,0.0,0,0.0,0.0,706,299.0,1,0,1.0,452.0,206.0,0,3,0.0,645.0,249.0,0.0,0.2,0.0,2327,0,1569,0,0.0,0.0,0.0,0.0,0.0,0.0,0.0,0.0,0.0,0.0,0.0,697.0,284.0,0.0,693.0,285.0,0.0,674.0,278.0,0.0,698.0,285.0,,,,23,,Nehemiah,Oriola,Oriola,,,1,0,0,0,0,0,0,0,0,0,0,0,0,,,,0.0,0.0,0.0,0.0,0.0,0,0,0
761,a,,,4.0,709,198.0,0,0.0,0,0.0,0.0,729,248.0,0,0,0.0,602.0,233.0,0,0,0.0,521.0,213.0,0.0,0.0,0.0,547,1,334,3,0.0,0.0,0.0,0.0,0.0,0.0,0.0,0.0,0.0,0.0,0.0,591.0,232.0,0.0,586.0,233.0,0.0,552.0,227.0,0.0,594.0,232.0,,,,23,,Freddie,Simmonds,Simmonds,,,0,0,0,0,0,0,0,0,0,0,0,0,0,,,,0.0,0.0,0.0,0.0,0.0,0,0,0
783,a,,,5.5,134,82.0,0,0.0,0,0.0,0.0,613,237.0,5,0,1.7,366.0,160.0,1,30,1.2,252.0,110.0,0.2,0.9,0.0,5551,16,999,4,1.2,1.2,0.22,0.35,0.57,3.92,0.1,0.16,0.26,1.77,31.8,404.0,178.0,47.7,317.0,177.0,32.0,324.0,171.0,10.9,387.0,179.0,,,,23,,Pascal,Groß,Groß,,,199,0,0,0,2,0,0,0,1,0,0,2,18,,,,0.0,0.0,0.9,0.9,8.14,3,7,8
795,a,,,4.5,485,299.0,0,0.0,0,0.0,0.0,793,353.0,0,0,0.0,717.0,299.0,0,0,0.0,663.0,262.0,0.0,0.0,0.0,92,2,18,1,0.0,0.0,0.0,0.0,0.0,0.0,0.0,0.0,0.0,0.0,0.0,716.0,298.0,0.0,711.0,298.0,0.0,694.0,293.0,0.0,716.0,298.0,,,,23,,Harry,Howell,Howell,,,0,0,0,0,0,0,0,0,0,0,0,0,0,,,,0.0,0.0,0.0,0.0,0.0,0,0,0
220,a,100.0,100.0,4.9,307,13.0,0,0.0,-1,1.0,13.8,26,3.0,85,0,4.0,71.0,5.0,7,355,3.0,92.0,7.0,0.6,17.3,0.0,1308215,2668,2462820,221,3.0,3.0,0.0,0.02,0.02,28.35,0.0,0.0,0.0,1.41,479.4,34.0,10.0,50.0,310.0,1.0,0.0,734.0,82.0,52.6,178.0,7.0,,,,23,,Robert,Lynch Sánchez,Sánchez,,,1804,0,1,9,23,0,0,0,2,1,54,21,89,,,,2.69,0.45,1.15,1.05,0.0,0,19,177
221,i,0.0,0.0,4.3,596,29.0,0,0.0,-2,2.0,0.2,386,56.0,3,0,1.5,386.0,30.0,0,18,0.3,331.0,25.0,0.1,0.7,0.0,14606,0,24733,22,0.0,0.0,0.0,0.0,0.0,2.78,0.0,0.0,0.0,1.44,28.2,411.0,30.0,0.0,615.0,78.0,0.0,587.0,65.0,2.8,442.0,30.0,,,,23,,Filip,Jörgensen,Jörgensen,Knock - Expected back 31 Jan,,174,0,0,0,3,0,0,0,0,0,3,1,7,,,,1.55,0.0,1.55,0.52,0.0,0,2,14
222,u,0.0,0.0,4.0,694,61.0,0,0.0,0,0.0,0.0,771,87.0,0,0,0.0,589.0,79.0,0,0,0.0,508.0,74.0,0.0,0.0,0.0,0,0,334,0,0.0,0.0,0.0,0.0,0.0,0.0,0.0,0.0,0.0,0.0,0.0,578.0,79.0,0.0,573.0,68.0,0.0,539.0,53.0,0.0,581.0,79.0,,,,23,,Mike,Penders,Penders,Has joined RC Strasbourg on loan for the rest of the season.,,0,0,0,0,0,0,0,0,0,0,0,0,0,,,,0.0,0.0,0.0,0.0,0.0,0,0,0
223,a,,,3.9,746,79.0,0,0.0,-1,1.0,0.1,445,68.0,0,0,0.0,530.0,48.0,0,0,0.0,448.0,43.0,0.0,0.0,0.0,9592,5,11334,3,0.0,0.0,0.0,0.0,0.0,0.0,0.0,0.0,0.0,0.0,0.0,520.0,48.0,0.0,513.0,35.0,0.0,476.0,20.0,0.0,523.0,48.0,,,,23,,Gabriel,Słonina,Slonina,,,0,0,0,0,0,0,0,0,0,0,0,0,0,,,,0.0,0.0,0.0,0.0,0.0,0,0,0
224,a,100.0,100.0,6.0,85,3.0,0,0.0,0,0.0,16.0,21,7.0,74,0,3.7,107.0,41.0,5,340,0.7,304.0,110.0,0.1,12.3,0.0,2437366,686,3111218,332,0.7,0.7,0.58,2.05,2.63,24.18,0.03,0.11,0.14,1.35,316.8,117.0,49.0,309.6,55.0,10.0,113.0,184.0,41.0,73.8,94.0,24.0,,,,23,,Marc,Cucurella Saseta,Cucurella,,,1615,0,2,9,19,0,0,0,4,1,0,19,152,,,,0.0,0.5,1.06,1.06,6.41,36,79,74
225,a,100.0,100.0,5.7,118,11.0,0,0.0,2,-2.0,10.7,41,14.0,90,0,4.3,53.0,23.0,9,372,2.7,123.0,46.0,0.5,15.8,0.0,1880077,1119,1315824,342,2.7,2.7,0.86,2.15,3.01,23.34,0.05,0.13,0.18,1.45,387.0,72.0,31.0,373.9,36.0,2.0,85.0,228.0,60.0,84.7,67.0,12.0,2.0,2.0,,23,,Reece,James,James,,,1445,2,5,6,16,0,0,0,4,0,0,15,139,,,,0.0,0.37,1.0,0.93,6.23,39,61,78
226,a,100.0,100.0,5.6,128,14.0,0,0.0,6,-6.0,20.0,18,6.0,110,0,5.2,11.0,4.0,7,404,2.7,122.0,45.0,0.5,19.6,0.0,3915796,4809,1745443,338,2.7,2.7,1.14,0.68,1.82,26.59,0.06,0.03,0.09,1.31,518.8,20.0,7.0,82.9,244.0,71.0,143.0,141.0,26.0,74.4,92.0,23.0,,,,23,,Trevoh,Chalobah,Chalobah,,,1830,3,1,9,23,0,0,0,3,1,0,21,210,,,,0.0,0.44,1.13,1.03,8.75,28,150,81
227,i,0.0,0.0,4.7,383,66.0,0,0.0,-3,3.0,0.1,464,171.0,0,0,0.0,735.0,255.0,0,0,0.0,686.0,248.0,0.0,0.0,0.0,1041,1,30325,2,0.0,0.0,0.0,0.0,0.0,0.0,0.0,0.0,0.0,0.0,0.0,735.0,255.0,0.0,730.0,255.0,0.0,717.0,254.0,0.0,735.0,255.0,,,,23,,Levi,Samuels Colwill,Colwill,Anterior cruciate ligament - Unknown return date,,0,0,0,0,0,0,0,0,0,0,0,0,0,,,,0.0,0.0,0.0,0.0,0.0,0,0,0
228,a,100.0,100.0,4.9,332,55.0,0,0.0,-1,1.0,2.0,131,51.0,73,0,3.8,85.0,32.0,7,277,1.0,274.0,99.0,0.2,14.9,0.0,408494,234,392849,124,1.0,1.0,1.23,0.83,2.06,21.15,0.09,0.06,0.15,1.57,273.2,156.0,67.0,200.1,112.0,28.0,118.0,176.0,36.0,59.1,144.0,47.0,,,,23,,Malo,Gusto,Gusto,,,1216,2,2,6,14,0,0,0,1,1,0,13,103,,,,0.0,0.44,1.04,0.96,5.4,31,42,77
229,a,100.0,100.0,4.4,527,113.0,0,0.0,-1,1.0,0.0,650,226.0,3,0,0.5,489.0,170.0,0,30,0.5,310.0,116.0,0.1,0.7,0.0,3963,5,4614,0,0.5,0.5,0.0,0.04,0.04,5.13,0.0,0.01,0.01,1.38,57.8,372.0,141.0,6.2,417.0,151.0,0.0,608.0,246.0,6.5,413.0,149.0,,,,23,,Benoît,Badiashile Mukinayi,B.Badiashile,,,335,0,0,0,7,0,0,0,2,0,0,4,30,,,,0.0,0.0,1.88,1.07,7.25,3,24,11
230,a,100.0,100.0,4.4,532,116.0,0,0.0,-1,1.0,0.4,269,101.0,41,0,3.7,96.0,36.0,3,181,0.5,311.0,117.0,0.1,9.3,0.0,87092,70,72452,49,0.5,0.5,0.25,0.07,0.32,12.22,0.03,0.01,0.04,1.39,236.0,183.0,74.0,14.7,382.0,141.0,22.0,349.0,117.0,27.3,300.0,100.0,,,,23,,Wesley,Fofana,Fofana,,,789,0,0,4,8,0,0,0,2,0,0,9,117,,,,0.0,0.46,0.91,1.03,12.43,13,96,43
231,u,0.0,0.0,4.5,471,95.0,0,0.0,0,0.0,0.0,738,251.0,0,0,0.0,706.0,254.0,0,0,0.0,652.0,247.0,0.0,0.0,0.0,0,0,1937,0,0.0,0.0,0.0,0.0,0.0,0.0,0.0,0.0,0.0,0.0,0.0,704.0,254.0,0.0,700.0,254.0,0.0,682.0,253.0,0.0,705.0,254.0,,,,23,,Mamadou,Sarr,M.Sarr,Has joined RC Strasbourg on loan for the rest of the season.,,0,0,0,0,0,0,0,0,0,0,0,0,0,,,,0.0,0.0,0.0,0.0,0.0,0,0,0
232,i,0.0,0.0,4.0,652,160.0,0,0.0,-5,5.0,0.3,324,119.0,30,0,2.7,224.0,84.0,2,115,0.5,305.0,111.0,0.1,7.5,0.0,104923,1,216248,53,0.0,0.0,0.11,0.4,0.5,10.99,0.01,0.05,0.06,1.4,216.2,197.0,80.0,32.0,344.0,119.0,19.0,357.0,122.0,26.8,303.0,101.0,,,,23,,Tosin,Adarabioyo,Tosin,Hamstring injury - Unknown return date,,704,0,0,2,11,0,0,0,2,0,0,7,101,,,,0.0,0.26,1.41,0.89,11.12,13,74,18
233,a,100.0,100.0,3.8,798,259.0,0,0.0,-2,2.0,1.3,168,65.0,31,0,3.4,125.0,47.0,5,93,0.7,292.0,106.0,0.2,8.2,0.0,481723,63,444695,70,0.7,0.7,0.6,0.08,0.68,11.93,0.11,0.02,0.13,2.27,109.8,304.0,114.0,25.6,359.0,129.0,64.0,262.0,74.0,20.1,333.0,113.0,,,,23,,Josh,Acheampong,Acheampong,,,473,1,0,2,9,0,0,0,0,0,0,6,48,,,,0.0,0.38,1.71,1.14,6.09,7,25,19
234,u,0.0,0.0,4.0,714,203.0,0,0.0,0,0.0,0.1,564,204.0,0,0,0.0,606.0,237.0,0,0,0.0,525.0,217.0,0.0,0.0,0.0,1030,0,9903,2,0.0,0.0,0.0,0.0,0.0,0.0,0.0,0.0,0.0,0.0,0.0,595.0,236.0,0.0,590.0,237.0,0.0,556.0,231.0,0.0,598.0,236.0,,,,23,,Aarón,Anselmino,Anselmino,has joined Borussia Dortmund on loan for the rest of the season.,,0,0,0,0,0,0,0,0,0,0,0,0,0,,,,0.0,0.0,0.0,0.0,0.0,0,0,0
235,d,75.0,75.0,10.4,3,2.0,0,0.0,-1,1.0,12.1,37,13.0,45,0,3.8,94.0,45.0,1,161,3.5,67.0,30.0,0.3,4.3,0.0,1508036,982,6760896,952,2.6,2.6,3.54,0.38,3.92,14.63,0.42,0.05,0.47,1.75,197.6,214.0,91.0,117.5,190.0,125.0,219.0,79.0,49.0,53.3,175.0,93.0,,1.0,1.0,23,,Cole,Palmer,Palmer,Muscle injury - 75% chance of playing,,753,4,1,2,10,0,0,0,2,0,0,10,63,,,,0.0,0.24,1.2,1.2,7.53,11,13,39
236,a,100.0,100.0,7.1,35,21.0,0,0.0,1,-1.0,6.4,62,22.0,91,0,4.1,67.0,28.0,6,391,2.2,177.0,70.0,0.3,12.8,0.0,1824558,954,1591631,481,2.2,2.2,3.59,4.21,7.8,23.1,0.19,0.22,0.41,1.2,389.2,70.0,22.0,555.5,10.0,10.0,382.0,29.0,16.0,132.9,12.0,10.0,1.0,4.0,,23,,Pedro,Lomba Neto,Neto,,,1729,5,4,9,15,0,0,0,2,0,0,20,87,,,,0.0,0.47,0.78,1.04,4.53,14,14,59
237,a,100.0,100.0,6.6,50,32.0,0,0.0,1,-1.0,13.9,24,10.0,98,0,4.7,27.0,12.0,11,405,4.7,16.0,7.0,0.7,14.8,0.0,3760006,5934,2717912,328,4.7,4.7,7.79,3.93,11.72,25.89,0.39,0.2,0.59,1.31,496.4,26.0,7.0,538.6,12.0,12.0,503.0,12.0,5.0,153.9,5.0,3.0,3.0,3.0,2.0,23,,Enzo,Fernández,Enzo,,,1784,6,3,8,21,0,0,0,5,0,0,20,154,,,,0.0,0.4,1.06,1.01,7.77,41,30,83
238,a,100.0,100.0,6.4,63,41.0,0,0.0,-1,1.0,1.9,136,46.0,39,0,2.3,280.0,122.0,2,131,1.2,262.0,116.0,0.2,6.1,0.0,681703,208,715588,110,1.2,1.2,2.34,2.06,4.4,7.44,0.35,0.31,0.66,1.11,120.4,288.0,130.0,189.0,123.0,89.0,233.0,72.0,45.0,54.1,169.0,91.0,4.0,,3.0,23,,Estêvão,Almeida de Oliveira Gonçalves,Estêvão,,,602,1,4,2,8,0,0,0,3,0,0,8,42,,,,0.0,0.3,1.2,1.2,6.28,9,5,28
239,a,100.0,100.0,6.0,87,56.0,0,0.0,-5,5.0,0.1,456,155.0,23,0,1.6,378.0,169.0,0,93,0.3,346.0,153.0,0.0,3.8,0.0,16710,9,40188,6,0.3,0.3,0.81,0.94,1.75,7.61,0.16,0.19,0.35,1.54,93.0,327.0,142.0,128.8,175.0,116.0,91.0,220.0,123.0,31.2,285.0,139.0,,,,23,,Jamie,Bynoe-Gittens,Gittens,,,445,0,2,1,5,0,0,0,0,0,0,4,29,,,,0.0,0.2,1.01,0.81,5.87,8,6,15
240,u,0.0,0.0,5.9,97,62.0,0,0.0,-1,1.0,0.1,499,175.0,0,0,0.0,792.0,354.0,0,0,0.0,784.0,349.0,0.0,0.0,0.0,2668,0,23617,1,0.0,0.0,0.0,0.0,0.0,0.0,0.0,0.0,0.0,0.0,0.0,792.0,354.0,0.0,792.0,354.0,0.0,792.0,354.0,0.0,792.0,354.0,,,,23,,Christopher,Nkunku,Nkunku,has joined AC Milan permanently.,,0,0,0,0,0,0,0,0,0,0,0,0,0,,,,0.0,0.0,0.0,0.0,0.0,0,0,0
241,a,100.0,100.0,5.7,122,77.0,0,0.0,2,-2.0,8.0,52,19.0,74,0,4.4,45.0,21.0,9,338,2.2,173.0,68.0,0.4,13.0,0.0,3127827,658,3037234,192,2.2,2.2,0.89,1.0,1.89,22.8,0.06,0.06,0.12,1.43,394.6,64.0,18.0,196.8,118.0,85.0,85.0,229.0,127.0,67.4,112.0,60.0,,,,23,,Moisés,Caicedo Corozo,Caicedo,,,1432,3,1,5,20,0,0,0,5,1,0,16,211,,,,0.0,0.31,1.26,1.01,13.26,50,64,97
243,a,,,4.8,371,234.0,0,0.0,-2,2.0,0.1,554,202.0,4,0,1.0,465.0,218.0,0,2,0.0,696.0,287.0,0.0,0.8,0.0,6185,2,8716,2,0.0,0.0,0.32,0.08,0.4,1.65,0.2,0.05,0.25,1.05,8.2,442.0,202.0,7.0,415.0,204.0,56.0,279.0,149.0,7.1,410.0,185.0,,,,23,,Tyrique,George,George,,,142,0,0,1,2,0,0,0,2,0,0,0,3,,,,0.0,0.63,1.27,0.0,1.9,2,0,1
244,i,0.0,0.0,4.9,337,209.0,0,0.0,-1,1.0,0.0,685,288.0,4,0,1.0,468.0,220.0,0,22,0.0,718.0,302.0,0.0,0.8,0.0,2514,0,4504,0,0.0,0.0,0.0,0.05,0.05,2.79,0.0,0.04,0.04,2.39,9.6,437.0,197.0,7.5,411.0,202.0,2.0,427.0,213.0,1.8,449.0,205.0,,,,23,,Roméo,Lavia,Lavia,Thigh injury - Unknown return date,,105,0,0,0,3,0,0,0,0,0,0,1,11,,,,0.0,0.0,2.57,0.86,9.43,2,5,4
245,s,0.0,0.0,4.9,328,203.0,0,0.0,-1,1.0,0.0,728,311.0,0,0,0.0,754.0,326.0,0,0,0.0,716.0,301.0,0.0,0.0,0.0,865,0,1193,1,0.0,0.0,0.0,0.0,0.0,0.0,0.0,0.0,0.0,0.0,0.0,754.0,326.0,0.0,750.0,326.0,0.0,742.0,324.0,0.0,754.0,326.0,,,,23,,Mykhailo,Mudryk,Mudryk,Suspended - unknown return date,,0,0,0,0,0,0,0,0,0,0,0,0,0,,,,0.0,0.0,0.0,0.0,0.0,0,0,0
246,a,100.0,100.0,4.5,453,274.0,0,0.0,0,0.0,0.3,318,106.0,19,0,1.2,421.0,189.0,0,85,0.7,297.0,132.0,0.2,4.2,0.0,65789,9,74017,14,0.7,0.7,1.7,0.5,2.2,8.31,0.28,0.08,0.36,1.37,90.6,330.0,144.0,93.1,225.0,139.0,59.0,275.0,147.0,24.2,313.0,151.0,,,,23,,Andrey,Nascimento dos Santos,Andrey Santos,,,544,0,0,1,5,0,0,0,3,0,0,5,69,,,,0.0,0.17,0.83,0.83,11.42,17,24,28
247,i,0.0,0.0,4.3,589,343.0,0,0.0,-2,2.0,0.1,567,209.0,0,0,0.0,624.0,233.0,0,0,0.0,558.0,191.0,0.0,0.0,0.0,11022,2,12938,11,0.0,0.0,0.0,0.0,0.0,0.0,0.0,0.0,0.0,0.0,0.0,614.0,224.0,0.0,611.0,229.0,0.0,582.0,216.0,0.0,617.0,226.0,,,,23,,Dário,Luís Essugo,D.Essugo,Knock - Expected back 21 Feb,,0,0,0,0,0,0,0,0,0,0,0,0,0,,,,0.0,0.0,0.0,0.0,0.0,0,0,0
248,u,0.0,0.0,4.5,492,304.0,0,0.0,0,0.0,0.0,757,328.0,0,0,0.0,721.0,302.0,0,0,0.0,668.0,266.0,0.0,0.0,0.0,0,0,945,0,0.0,0.0,0.0,0.0,0.0,0.0,0.0,0.0,0.0,0.0,0.0,721.0,302.0,0.0,716.0,302.0,0.0,699.0,297.0,0.0,721.0,302.0,,,,23,,Kendry,Páez Andrade,Paez,Has joined RC Strasbourg on loan for the rest of the season.,,0,0,0,0,0,0,0,0,0,0,0,0,0,,,,0.0,0.0,0.0,0.0,0.0,0,0,0
249,a,,,7.1,36,15.0,0,0.0,-4,4.0,27.2,12,3.0,92,0,4.2,60.0,6.0,17,387,3.3,73.0,9.0,0.5,13.0,0.0,4564801,3371,7851625,578,3.3,3.3,6.54,1.37,7.91,22.75,0.37,0.08,0.45,1.28,416.2,52.0,3.0,331.5,46.0,1.0,482.0,16.0,9.0,122.6,20.0,4.0,,,,23,,João Pedro,Junqueira de Jesus,João Pedro,,,1594,7,3,8,17,0,0,0,2,0,0,19,94,,,,0.0,0.45,0.96,1.07,5.31,15,28,51
250,a,100.0,100.0,6.2,76,25.0,0,0.0,-3,3.0,0.9,188,29.0,25,0,1.9,337.0,37.0,1,85,2.2,175.0,22.0,0.4,4.0,0.0,93307,92,444223,38,2.2,2.2,2.47,0.17,2.64,7.97,0.38,0.03,0.41,1.22,52.0,379.0,40.0,46.4,318.0,35.0,225.0,77.0,24.0,31.7,281.0,34.0,,,,23,,Liam,Delap,Delap,,,587,1,1,2,9,0,0,0,2,0,0,8,19,,,,0.0,0.31,1.38,1.23,2.91,1,6,12
251,u,0.0,0.0,6.5,55,19.0,0,0.0,0,0.0,0.1,519,73.0,0,0,0.0,798.0,88.0,0,0,0.0,793.0,85.0,0.0,0.0,0.0,4962,0,15240,0,0.0,0.0,0.0,0.0,0.0,0.0,0.0,0.0,0.0,0.0,0.0,798.0,88.0,0.0,798.0,88.0,0.0,798.0,88.0,0.0,798.0,88.0,,,,23,,Nicolas,Jackson,N.Jackson,has joined Bayern Munich on loan for the rest of the season.,,0,0,0,0,0,0,0,0,0,0,0,0,0,,,,0.0,0.0,0.0,0.0,0.0,0,0,0
252,a,100.0,100.0,4.2,632,85.0,0,0.0,-3,3.0,6.5,61,11.0,12,0,1.3,406.0,47.0,0,19,0.0,540.0,49.0,0.0,2.9,0.0,1132049,158,2529803,571,0.0,0.0,1.46,0.29,1.75,5.65,0.53,0.11,0.64,2.06,24.6,417.0,45.0,38.8,334.0,40.0,81.0,234.0,43.0,12.6,371.0,43.0,,,,23,,Marc,Guiu Paz,Marc Guiu,,,247,0,1,0,2,0,0,0,1,0,0,1,7,,,,0.0,0.0,0.73,0.36,2.55,0,4,3
453,a,,,6.4,62,40.0,0,0.0,-1,1.0,0.6,238,81.0,40,0,2.9,207.0,92.0,2,141,1.2,261.0,115.0,0.2,6.2,0.0,225227,147,200136,46,1.2,1.2,2.49,2.51,5.0,15.3,0.27,0.28,0.55,1.69,136.2,274.0,122.0,232.1,91.0,68.0,265.0,65.0,41.0,62.4,132.0,71.0,,,,23,,Alejandro,Garnacho Ferreyra,Garnacho,,,815,1,3,4,10,0,0,0,1,0,0,11,43,,,,0.0,0.44,1.1,1.21,4.75,7,6,30
672,a,100.0,100.0,4.6,397,71.0,0,0.0,-4,4.0,0.2,399,145.0,6,0,0.9,482.0,166.0,0,18,0.5,312.0,118.0,0.1,1.3,0.0,12195,6,36790,5,0.5,0.5,0.22,0.05,0.27,3.52,0.08,0.02,0.1,1.21,47.4,383.0,145.0,28.5,351.0,124.0,17.0,365.0,129.0,9.2,398.0,144.0,,,,23,,Jorrel,Hato,Hato,,,261,0,0,0,4,0,0,0,2,0,0,2,26,,,,0.0,0.0,1.38,0.69,7.24,7,14,9
743,a,,,4.5,493,305.0,0,0.0,0,0.0,0.0,714,305.0,0,0,0.0,722.0,303.0,0,0,0.0,669.0,267.0,0.0,0.0,0.0,1254,2,1082,0,0.0,0.0,0.0,0.0,0.0,0.0,0.0,0.0,0.0,0.0,0.0,722.0,303.0,0.0,717.0,303.0,0.0,700.0,298.0,0.0,722.0,303.0,,,,23,,Landon,Emenalo,Emenalo,,,0,0,0,0,0,0,0,0,0,0,0,0,0,,,,0.0,0.0,0.0,0.0,0.0,0,0,0
789,a,,,4.0,689,60.0,0,0.0,0,0.0,0.0,773,88.0,0,0,0.0,585.0,78.0,0,0,0.0,503.0,73.0,0.0,0.0,0.0,204,0,88,0,0.0,0.0,0.0,0.0,0.0,0.0,0.0,0.0,0.0,0.0,0.0,574.0,78.0,0.0,569.0,67.0,0.0,534.0,52.0,0.0,577.0,78.0,,,,23,,Max,Merrick,Merrick,,,0,0,0,0,0,0,0,0,0,0,0,0,0,,,,0.0,0.0,0.0,0.0,0.0,0,0,0
253,a,,,5.0,245,8.0,0,0.0,0,0.0,7.7,54,8.0,81,0,3.7,102.0,11.0,2,359,2.8,102.0,9.0,0.6,16.2,0.0,835402,135,778240,317,2.8,2.8,0.0,0.08,0.08,29.71,0.0,0.0,0.0,1.35,498.6,25.0,7.0,10.0,406.0,11.0,0.0,749.0,84.0,50.8,188.0,8.0,,,,23,,Dean,Henderson,Henderson,,,1980,0,0,8,25,0,0,0,2,0,62,22,80,,,,2.82,0.36,1.14,1.0,0.0,0,30,168
254,a,100.0,100.0,4.0,654,45.0,0,0.0,0,0.0,0.3,313,43.0,0,0,0.0,555.0,64.0,0,0,0.0,473.0,59.0,0.0,0.0,0.0,12575,4,28550,4,0.0,0.0,0.0,0.0,0.0,0.0,0.0,0.0,0.0,0.0,0.0,545.0,64.0,0.0,539.0,52.0,0.0,503.0,37.0,0.0,548.0,64.0,,,,23,,Walter,Benítez,Benitez,,,0,0,0,0,0,0,0,0,0,0,0,0,0,,,,0.0,0.0,0.0,0.0,0.0,0,0,0
255,a,,,3.9,731,73.0,0,0.0,-1,1.0,0.1,469,73.0,0,0,0.0,521.0,42.0,0,0,0.0,439.0,37.0,0.0,0.0,0.0,5294,0,7883,3,0.0,0.0,0.0,0.0,0.0,0.0,0.0,0.0,0.0,0.0,0.0,511.0,42.0,0.0,504.0,29.0,0.0,466.0,14.0,0.0,514.0,42.0,,,,23,,Remi,Matthews,Matthews,,,0,0,0,0,0,0,0,0,0,0,0,0,0,,,,0.0,0.0,0.0,0.0,0.0,0,0,0
256,d,75.0,75.0,5.8,107,9.0,0,0.0,3,-3.0,5.9,70,24.0,89,0,6.4,3.0,2.0,7,291,0.0,782.0,262.0,0.0,15.3,0.0,3189781,453,3589592,292,0.0,0.0,1.78,1.99,3.77,16.81,0.13,0.14,0.27,1.2,336.0,103.0,45.0,128.1,177.0,45.0,240.0,71.0,4.0,70.2,101.0,30.0,,,,23,,Daniel,Muñoz Mejía,Muñoz,Lack of match fitness - 75% chance of playing,,1260,3,3,7,11,0,0,0,4,0,0,14,141,,,,0.0,0.5,0.79,1.0,7.21,31,70,54
257,a,,,5.1,231,34.0,0,0.0,1,-1.0,5.9,68,23.0,99,0,4.5,35.0,17.0,4,365,2.8,104.0,36.0,0.5,19.4,0.0,1377730,710,846711,441,2.8,2.8,1.17,0.61,1.78,29.71,0.05,0.03,0.08,1.35,507.2,23.0,9.0,72.1,264.0,82.0,107.0,193.0,47.0,68.6,109.0,35.0,,,,23,,Maxence,Lacroix,Lacroix,,,1980,0,2,8,25,0,0,0,3,0,0,22,261,,,,0.0,0.36,1.14,1.0,10.64,42,192,64
258,a,,,5.0,254,40.0,0,0.0,0,0.0,2.1,125,48.0,84,0,3.8,86.0,33.0,5,302,2.2,169.0,66.0,0.4,16.8,0.0,399505,85,326524,98,2.2,2.2,0.86,1.28,2.14,29.71,0.04,0.06,0.1,1.35,394.6,63.0,29.0,270.6,78.0,18.0,142.0,143.0,27.0,80.8,76.0,15.0,,,,23,,Tyrick,Mitchell,Mitchell,,,1974,1,0,8,25,0,0,0,5,0,0,22,204,,,,0.0,0.36,1.14,1.0,7.11,63,93,111
259,a,100.0,100.0,4.8,357,60.0,0,0.0,-2,2.0,0.1,446,164.0,4,0,1.0,463.0,165.0,0,6,0.3,339.0,127.0,0.1,0.8,0.0,8956,5,16429,5,0.3,0.3,0.0,0.06,0.06,0.83,0.0,0.19,0.19,2.67,4.6,452.0,164.0,10.9,395.0,145.0,4.0,412.0,153.0,1.9,447.0,161.0,,,,23,,Borna,Sosa,Sosa,,,28,0,0,0,1,0,0,0,0,0,0,0,4,,,,0.0,0.0,3.21,0.0,9.64,1,2,1
261,a,100.0,100.0,4.4,529,115.0,0,0.0,-1,1.0,1.9,138,55.0,77,0,4.3,48.0,20.0,1,287,0.3,334.0,124.0,0.1,17.5,0.0,759605,196,711601,174,0.3,0.3,0.43,1.17,1.6,23.14,0.02,0.07,0.09,1.29,414.8,54.0,25.0,69.7,268.0,83.0,62.0,270.0,77.0,54.9,163.0,52.0,,,,23,,Chris,Richards,Richards,,,1612,0,0,7,21,0,0,0,1,0,0,18,209,,,,0.0,0.39,1.17,1.0,11.0,40,157,30
262,a,100.0,100.0,4.0,687,180.0,0,0.0,0,0.0,0.0,678,235.0,0,0,0.0,583.0,218.0,0,0,0.0,501.0,197.0,0.0,0.0,0.0,1563,0,2054,1,0.0,0.0,0.0,0.0,0.0,0.0,0.0,0.0,0.0,0.0,0.0,572.0,217.0,0.0,567.0,218.0,0.0,532.0,211.0,0.0,575.0,217.0,,,,23,,Chadi,Riad Dnanou,Chadi Riad,,,0,0,0,0,0,0,0,0,0,0,0,0,0,,,,0.0,0.0,0.0,0.0,0.0,0,0,0
263,a,100.0,100.0,3.8,769,231.0,0,0.0,-2,2.0,0.6,227,85.0,14,0,2.0,315.0,118.0,2,50,1.5,217.0,80.0,0.4,3.7,0.0,84109,25,86413,41,1.5,1.5,0.43,0.56,0.99,5.77,0.09,0.12,0.21,1.24,74.4,347.0,131.0,46.3,319.0,106.0,31.0,325.0,104.0,15.1,361.0,129.0,,,,23,,Nathaniel,Clyne,Clyne,,,418,0,1,0,8,0,0,0,0,0,0,6,34,,,,0.0,0.0,1.72,1.29,7.32,12,22,15
264,u,0.0,0.0,4.0,655,161.0,0,0.0,0,0.0,0.0,680,236.0,0,0,0.0,556.0,203.0,0,0,0.0,474.0,182.0,0.0,0.0,0.0,0,0,3865,0,0.0,0.0,0.0,0.0,0.0,0.0,0.0,0.0,0.0,0.0,0.0,546.0,203.0,0.0,540.0,204.0,0.0,504.0,196.0,0.0,549.0,203.0,,,,23,,Rob,Holding,Holding,Has joined Colorado Rapids permanently.,,0,0,0,0,0,0,0,0,0,0,0,0,0,,,,0.0,0.0,0.0,0.0,0.0,0,0,0
265,i,0.0,0.0,4.0,705,194.0,0,0.0,0,0.0,0.0,709,243.0,0,0,0.0,599.0,230.0,0,0,0.0,518.0,210.0,0.0,0.0,0.0,558,0,2152,0,0.0,0.0,0.0,0.0,0.0,0.0,0.0,0.0,0.0,0.0,0.0,588.0,229.0,0.0,583.0,230.0,0.0,549.0,224.0,0.0,591.0,229.0,,,,23,,Caleb,Kporha,Kporha,Back injury - Unknown return date,,0,0,0,0,0,0,0,0,0,0,0,0,0,,,,0.0,0.0,0.0,0.0,0.0,0,0,0
267,a,100.0,100.0,6.3,68,46.0,0,0.0,-2,2.0,2.0,129,44.0,52,0,4.3,54.0,23.0,6,161,0.0,789.0,354.0,0.0,8.3,0.0,2229577,251,2599749,29,0.0,0.0,4.07,0.56,4.62,14.32,0.36,0.05,0.41,1.28,200.8,210.0,89.0,152.3,158.0,107.0,214.0,85.0,52.0,56.8,153.0,85.0,,,,23,,Ismaïla,Sarr,Sarr,,,1009,3,1,6,9,0,0,0,1,0,0,12,73,,,,0.0,0.54,0.8,1.07,6.51,10,25,38
268,i,0.0,0.0,4.9,323,200.0,0,0.0,-1,1.0,0.0,769,336.0,0,0,0.0,751.0,324.0,0,0,0.0,713.0,299.0,0.0,0.0,0.0,375,0,612,0,0.0,0.0,0.0,0.0,0.0,0.0,0.0,0.0,0.0,0.0,0.0,751.0,324.0,0.0,747.0,324.0,0.0,739.0,322.0,0.0,751.0,324.0,,,,23,,Cheick,Doucouré,Doucouré,Knee injury - Unknown return date,,0,0,0,0,0,0,0,0,0,0,0,0,0,,,,0.0,0.0,0.0,0.0,0.0,0,0,0
269,u,0.0,0.0,4.7,388,244.0,0,0.0,-3,3.0,0.1,434,148.0,4,0,1.0,461.0,215.0,0,12,0.5,313.0,138.0,0.1,0.9,0.0,11622,0,27538,6,0.0,0.0,0.0,0.04,0.04,1.74,0.0,0.09,0.09,3.92,6.8,443.0,203.0,2.7,429.0,208.0,6.0,402.0,198.0,1.5,456.0,210.0,,,,23,,Romain,Esse,Esse,has joined Coventry City on loan for the rest of the season.,,40,0,0,0,0,0,0,0,0,0,0,0,5,,,,0.0,0.0,0.0,0.0,11.25,3,0,2
270,a,100.0,100.0,4.7,375,235.0,0,0.0,-3,3.0,0.1,470,160.0,31,0,1.6,372.0,164.0,0,146,2.0,181.0,73.0,0.4,6.6,0.0,17968,8,21709,6,2.0,2.0,0.72,0.94,1.66,15.42,0.07,0.09,0.16,1.45,124.0,283.0,128.0,187.0,129.0,92.0,63.0,267.0,145.0,37.5,251.0,121.0,5.0,,,23,,Will,Hughes,Hughes,,,957,0,1,4,12,0,0,0,4,0,0,11,92,,,,0.0,0.38,1.13,1.03,8.65,17,35,40
271,i,0.0,0.0,5.0,249,152.0,0,0.0,0,0.0,0.1,517,185.0,45,0,3.2,154.0,64.0,0,199,0.0,726.0,307.0,0.0,9.0,0.0,42818,2,41974,3,0.0,0.0,0.9,1.54,2.44,14.31,0.07,0.12,0.19,1.1,141.0,267.0,118.0,164.6,145.0,100.0,110.0,188.0,106.0,41.6,229.0,115.0,2.0,,,23,,Daichi,Kamada,Kamada,Hamstring injury - Expected back 21 Feb,,1166,0,2,6,11,0,0,0,1,0,0,14,126,,,,0.0,0.46,0.85,1.08,9.73,39,23,64
272,a,100.0,100.0,4.9,288,178.0,0,0.0,-1,1.0,0.1,548,199.0,35,0,1.8,348.0,150.0,1,144,1.0,273.0,120.0,0.2,7.1,0.0,7859,1,10967,0,1.0,1.0,0.62,0.69,1.31,10.7,0.07,0.07,0.14,1.15,141.8,265.0,117.0,116.7,192.0,127.0,78.0,243.0,133.0,33.7,269.0,132.0,,,,23,,Jefferson,Lerma Solís,Lerma,,,841,0,2,4,8,0,0,0,4,0,0,8,103,,,,0.0,0.43,0.86,0.86,11.02,10,46,47
273,a,100.0,100.0,5.0,266,162.0,0,0.0,0,0.0,0.8,207,70.0,67,0,3.4,131.0,57.0,4,330,2.0,184.0,75.0,0.4,13.4,0.0,150963,58,135298,72,2.0,2.0,0.96,4.59,5.54,25.49,0.05,0.25,0.3,1.39,288.0,142.0,51.0,427.5,24.0,23.0,105.0,198.0,109.0,82.1,74.0,47.0,3.0,,,23,,Adam,Wharton,Wharton,,,1654,0,3,6,24,0,0,0,3,0,0,20,196,,,,0.0,0.33,1.31,1.09,10.67,49,46,101
274,a,,,4.3,606,353.0,0,0.0,-2,2.0,0.1,561,206.0,0,0,0.0,634.0,241.0,0,0,0.0,569.0,199.0,0.0,0.0,0.0,5534,6,7415,3,0.0,0.0,0.0,0.0,0.0,0.0,0.0,0.0,0.0,0.0,0.0,624.0,232.0,0.0,622.0,237.0,0.0,594.0,225.0,0.0,627.0,234.0,,,,23,,Asher,Agbinone,Agbinone,,,0,0,0,0,0,0,0,0,0,0,0,0,0,,,,0.0,0.0,0.0,0.0,0.0,0,0,0
275,u,0.0,0.0,4.3,582,340.0,0,0.0,-2,2.0,0.0,600,230.0,0,0,0.0,622.0,231.0,0,0,0.0,555.0,189.0,0.0,0.0,0.0,5497,0,7097,2,0.0,0.0,0.0,0.0,0.0,0.0,0.0,0.0,0.0,0.0,0.0,611.0,222.0,0.0,609.0,227.0,0.0,580.0,214.0,0.0,615.0,224.0,,,,23,,Naouirou,Ahamada,Ahamada,has joined AJ Auxerre permanently.,,0,0,0,0,0,0,0,0,0,0,0,0,0,,,,0.0,0.0,0.0,0.0,0.0,0,0,0
276,a,100.0,100.0,4.3,586,342.0,0,0.0,-2,2.0,1.6,150,49.0,29,0,1.6,371.0,163.0,0,81,1.7,201.0,85.0,0.4,6.7,0.0,256190,132,266750,113,1.7,1.7,2.38,0.36,2.74,10.05,0.36,0.05,0.41,1.53,86.6,332.0,146.0,94.5,223.0,137.0,164.0,120.0,69.0,34.5,266.0,131.0,,2.0,,23,,Justin,Devenny,Devenny,,,593,1,0,1,10,0,0,0,0,0,0,5,48,,,,0.0,0.15,1.52,0.76,7.28,16,8,24
277,u,0.0,0.0,4.5,426,256.0,0,0.0,0,0.0,0.0,772,338.0,0,0,0.0,678.0,267.0,0,0,0.0,622.0,228.0,0.0,0.0,0.0,0,0,742,0,0.0,0.0,0.0,0.0,0.0,0.0,0.0,0.0,0.0,0.0,0.0,672.0,262.0,0.0,670.0,265.0,0.0,649.0,257.0,0.0,675.0,264.0,,,,23,,Malcolm,Ebiowei,Ebiowei,Has joined Blackpool permanently.,,0,0,0,0,0,0,0,0,0,0,0,0,0,,,,0.0,0.0,0.0,0.0,0.0,0,0,0
278,a,100.0,100.0,4.4,535,320.0,0,0.0,-1,1.0,0.0,639,260.0,0,0,0.0,648.0,248.0,0,0,0.0,586.0,206.0,0.0,0.0,0.0,4258,1,9291,0,0.0,0.0,0.0,0.0,0.0,0.0,0.0,0.0,0.0,0.0,0.0,639.0,240.0,0.0,637.0,245.0,0.0,612.0,234.0,0.0,642.0,242.0,,,,23,,Jesurun,Rak-Sakyi,J.Rak-Sakyi,,,0,0,0,0,0,0,0,0,0,0,0,0,0,,,,0.0,0.0,0.0,0.0,0.0,0,0,0
279,u,0.0,0.0,4.5,456,277.0,0,0.0,0,0.0,0.0,745,319.0,0,0,0.0,696.0,284.0,0,0,0.0,641.0,246.0,0.0,0.0,0.0,95,0,1634,0,0.0,0.0,0.0,0.0,0.0,0.0,0.0,0.0,0.0,0.0,0.0,692.0,280.0,0.0,689.0,282.0,0.0,669.0,274.0,0.0,693.0,281.0,,,,23,,Matheus,França de Oliveira,M.França,Has joined CR Vasco da Gama on loan for the rest of the season.,,0,0,0,0,0,0,0,0,0,0,0,0,0,,,,0.0,0.0,0.0,0.0,0.0,0,0,0
280,u,0.0,0.0,4.5,452,273.0,0,0.0,0,0.0,0.0,791,351.0,0,0,0.0,694.0,282.0,0,0,0.0,639.0,244.0,0.0,0.0,0.0,0,0,189,0,0.0,0.0,0.0,0.0,0.0,0.0,0.0,0.0,0.0,0.0,0.0,690.0,278.0,0.0,687.0,280.0,0.0,667.0,272.0,0.0,691.0,279.0,,,,23,,David,Ozoh,Ozoh,Has joined Derby County on loan for the rest of the season.,,0,0,0,0,0,0,0,0,0,0,0,0,0,,,,0.0,0.0,0.0,0.0,0.0,0,0,0
281,a,,,4.4,544,327.0,0,0.0,-1,1.0,0.0,586,219.0,1,0,1.0,444.0,199.0,0,2,0.2,366.0,160.0,0.0,0.2,0.0,4714,4,6124,3,0.2,0.2,0.0,0.0,0.0,0.65,0.0,0.0,0.0,19.5,0.0,645.0,246.0,0.1,466.0,226.0,0.0,618.0,240.0,0.0,648.0,248.0,,,,23,,Kaden,Rodney,Rodney,,,3,0,0,0,0,0,0,0,0,0,0,0,0,,,,0.0,0.0,0.0,0.0,0.0,0,0,0
282,u,0.0,0.0,4.5,470,288.0,0,0.0,0,0.0,0.0,683,286.0,0,0,0.0,705.0,291.0,0,0,0.0,651.0,254.0,0.0,0.0,0.0,860,0,3022,1,0.0,0.0,0.0,0.0,0.0,0.0,0.0,0.0,0.0,0.0,0.0,703.0,289.0,0.0,699.0,290.0,0.0,681.0,284.0,0.0,704.0,290.0,,,,23,,Franco,Umeh-Chibueze,Umeh,has joined Portsmouth permanently.,,0,0,0,0,0,0,0,0,0,0,0,0,0,,,,0.0,0.0,0.0,0.0,0.0,0,0,0
283,a,100.0,100.0,7.5,21,7.0,0,0.0,0,0.0,10.1,44,8.0,82,0,3.7,110.0,9.0,9,281,2.8,109.0,12.0,0.4,10.9,0.0,4702806,331,4657314,837,2.8,2.8,11.42,1.26,12.68,24.47,0.56,0.06,0.62,1.21,409.4,57.0,5.0,119.3,188.0,17.0,643.0,3.0,3.0,117.0,26.0,5.0,,,2.0,23,,Jean-Philippe,Mateta,Mateta,,,1820,8,0,8,20,0,0,0,2,0,0,22,108,,,,0.0,0.4,0.99,1.09,5.34,8,50,50
284,i,0.0,0.0,5.4,165,40.0,0,0.0,-1,1.0,0.4,286,44.0,23,0,1.9,333.0,34.0,3,100,0.2,397.0,45.0,0.0,4.3,0.0,123987,0,137274,45,0.0,0.0,1.77,0.46,2.23,9.49,0.38,0.1,0.48,2.06,120.0,290.0,28.0,84.6,240.0,26.0,173.0,113.0,30.0,37.8,248.0,28.0,,,,23,,Eddie,Nketiah,Nketiah,Hamstring injury - Unknown return date,,414,2,0,0,12,0,0,0,2,0,0,2,38,,,,0.0,0.0,2.61,0.43,8.26,8,13,17
285,u,0.0,0.0,5.0,247,51.0,0,0.0,0,0.0,0.2,360,58.0,1,0,1.0,470.0,54.0,0,6,0.0,725.0,76.0,0.0,0.2,0.0,9044,0,88937,3,0.0,0.0,0.0,0.0,0.0,0.27,0.0,0.0,0.0,12.15,2.0,466.0,54.0,0.0,756.0,83.0,0.0,750.0,83.0,0.2,481.0,59.0,,,,23,,Odsonne,Édouard,Édouard,has joined RC Lens permanently.,,2,0,0,0,0,0,0,0,0,0,0,0,1,,,,0.0,0.0,0.0,0.0,45.0,1,0,0
286,a,,,4.4,550,77.0,0,0.0,-1,1.0,0.3,309,51.0,0,0,0.0,658.0,70.0,0,0,0.0,597.0,61.0,0.0,0.0,0.0,44749,10,52655,12,0.0,0.0,0.0,0.0,0.0,0.0,0.0,0.0,0.0,0.0,0.0,651.0,70.0,0.0,648.0,69.0,0.0,624.0,69.0,0.0,654.0,70.0,,,,23,,Zach,Marsh,Marsh,,,0,0,0,0,0,0,0,0,0,0,0,0,0,,,,0.0,0.0,0.0,0.0,0.0,0,0,0
580,a,,,6.5,51,33.0,0,0.0,-5,5.0,2.5,114,37.0,39,0,2.1,314.0,139.0,2,128,1.0,280.0,125.0,0.2,6.0,0.0,1128379,98,1284715,100,1.0,1.0,1.54,0.41,1.95,14.39,0.16,0.04,0.2,1.52,151.6,260.0,112.0,124.7,184.0,122.0,157.0,128.0,75.0,43.2,221.0,111.0,,,,23,,Brennan,Johnson,Johnson,,,853,2,0,4,8,0,0,0,4,0,0,9,58,,,,0.0,0.42,0.84,0.95,6.12,15,18,25
690,d,25.0,25.0,4.4,554,332.0,0,0.0,-1,1.0,0.3,325,109.0,0,0,0.0,661.0,256.0,0,0,0.0,600.0,215.0,0.0,0.0,0.0,57918,0,53781,6,0.0,0.0,0.0,0.0,0.0,0.0,0.0,0.0,0.0,0.0,0.0,654.0,250.0,0.0,651.0,254.0,0.0,627.0,244.0,0.0,657.0,252.0,,,,23,,Rio,Cardines,Cardines,Groin Injury - 25% chance of playing,,0,0,0,0,0,0,0,0,0,0,0,0,0,,,,0.0,0.0,0.0,0.0,0.0,0,0,0
712,a,100.0,100.0,5.8,110,69.0,0,0.0,-2,2.0,0.2,343,115.0,57,0,2.9,204.0,89.0,3,225,3.3,71.0,34.0,0.6,9.8,0.0,118452,91,93297,38,3.3,3.3,3.53,4.11,7.64,20.82,0.22,0.26,0.48,1.3,239.2,180.0,74.0,439.6,22.0,21.0,299.0,50.0,30.0,97.5,48.0,34.0,1.0,1.0,,23,,Yéremy,Pino Santos,Yeremy,,,1437,2,1,6,19,0,0,0,3,0,0,18,116,,,,0.0,0.38,1.19,1.13,7.27,27,21,68
723,a,100.0,100.0,4.5,504,97.0,0,0.0,0,0.0,0.0,638,221.0,27,0,3.4,128.0,50.0,4,78,2.2,167.0,64.0,0.5,6.0,0.0,4192,4,2777,2,2.2,2.2,0.05,0.12,0.17,5.45,0.02,0.04,0.06,1.7,99.0,317.0,122.0,5.4,419.0,152.0,10.0,378.0,136.0,11.5,379.0,136.0,,,,23,,Jaydee,Canvot,Canvot,,,288,0,0,2,3,0,0,0,0,0,0,2,47,,,,0.0,0.62,0.94,0.62,14.69,14,33,12
732,a,,,5.5,155,38.0,0,0.0,0,0.0,0.0,580,77.0,13,0,1.3,414.0,48.0,0,37,0.5,323.0,37.0,0.1,2.4,0.0,11699,8,8466,6,0.5,0.5,0.36,0.01,0.37,4.05,0.3,0.01,0.31,3.34,10.8,434.0,48.0,4.2,423.0,52.0,65.0,261.0,47.0,7.7,406.0,49.0,,,,23,,Christantus,Uche,Uche,,,109,0,1,0,4,0,0,0,0,0,0,0,8,,,,0.0,0.0,3.3,0.0,6.61,1,1,6
762,a,,,4.5,507,314.0,0,0.0,0,0.0,0.0,762,331.0,2,0,1.0,459.0,213.0,0,6,0.2,379.0,171.0,0.0,0.4,0.0,459,0,196,0,0.2,0.2,0.0,0.0,0.0,0.73,0.0,0.0,0.0,9.39,1.4,470.0,218.0,1.0,443.0,216.0,0.0,710.0,306.0,0.3,477.0,221.0,,,,23,,Joél,Drakes-Thomas,Drakes-Thomas,,,7,0,0,0,1,0,0,0,0,0,0,0,3,,,,0.0,0.0,12.86,0.0,38.57,1,0,2
773,a,,,4.0,717,206.0,0,0.0,0,0.0,0.0,744,254.0,0,0,0.0,608.0,239.0,0,0,0.0,527.0,219.0,0.0,0.0,0.0,353,0,208,0,0.0,0.0,0.0,0.0,0.0,0.0,0.0,0.0,0.0,0.0,0.0,597.0,238.0,0.0,592.0,239.0,0.0,559.0,234.0,0.0,601.0,239.0,,,,23,,Dean,Benamar,Benamar,,,0,0,0,0,0,0,0,0,0,0,0,0,0,,,,0.0,0.0,0.0,0.0,0.0,0,0,0
780,a,,,4.5,500,69.0,0,0.0,0,0.0,0.0,726,86.0,0,0,0.0,728.0,79.0,0,0,0.0,675.0,70.0,0.0,0.0,0.0,768,7,237,2,0.0,0.0,0.0,0.0,0.0,0.0,0.0,0.0,0.0,0.0,0.0,728.0,79.0,0.0,723.0,78.0,0.0,706.0,78.0,0.0,728.0,79.0,,,,23,,Ben,Casey,Casey,,,0,0,0,0,0,0,0,0,0,0,0,0,0,,,,0.0,0.0,0.0,0.0,0.0,0,0,0
793,a,,,4.0,706,195.0,0,0.0,0,0.0,0.0,758,258.0,0,0,0.0,600.0,231.0,0,0,0.0,519.0,211.0,0.0,0.0,0.0,263,2,61,3,0.0,0.0,0.0,0.0,0.0,0.0,0.0,0.0,0.0,0.0,0.0,589.0,230.0,0.0,584.0,231.0,0.0,550.0,225.0,0.0,592.0,230.0,,,,23,,George,King,King,,,0,0,0,0,0,0,0,0,0,0,0,0,0,,,,0.0,0.0,0.0,0.0,0.0,0,0,0
798,a,,,4.0,684,178.0,0,0.0,0,0.0,0.0,790,261.0,0,0,0.0,581.0,217.0,0,0,0.0,499.0,196.0,0.0,0.0,0.0,54,3,4,0,0.0,0.0,0.0,0.0,0.0,0.0,0.0,0.0,0.0,0.0,0.0,570.0,216.0,0.0,565.0,217.0,0.0,530.0,210.0,0.0,573.0,216.0,,,,23,,Danny,Imray,Imray,,,0,0,0,0,0,0,0,0,0,0,0,0,0,,,,0.0,0.0,0.0,0.0,0.0,0,0,0
242,d,75.0,75.0,4.9,308,192.0,0,0.0,-1,1.0,2.2,123,41.0,75,0,5.0,14.0,6.0,10,291,0.0,706.0,294.0,0.0,15.3,0.0,1506843,220,1780792,244,0.0,0.0,1.59,2.75,4.34,17.55,0.11,0.2,0.31,1.26,286.8,143.0,52.0,315.4,54.0,44.0,189.0,102.0,61.0,79.1,81.0,50.0,2.0,,,23,,Kiernan,Dewsbury-Hall,Dewsbury-Hall,Lack of match fitness - 75% chance of playing,,1257,4,3,6,16,0,0,0,5,0,0,15,109,,,,0.0,0.43,1.15,1.07,7.8,26,28,55
287,a,,,5.6,126,3.0,0,0.0,1,-1.0,13.6,29,4.0,100,0,4.5,38.0,1.0,11,381,5.0,13.0,1.0,0.9,17.9,0.0,1307275,1944,1023467,368,5.0,5.0,0.0,0.13,0.13,32.16,0.0,0.01,0.01,1.46,537.4,16.0,5.0,0.1,469.0,16.0,0.0,787.0,89.0,53.7,173.0,6.0,,,,23,,Jordan,Pickford,Pickford,,,1980,0,0,9,25,0,1,0,0,0,62,22,97,,,,2.82,0.41,1.14,1.0,0.0,1,33,190
288,a,,,4.3,575,28.0,0,0.0,-2,2.0,0.1,454,70.0,0,0,0.0,621.0,85.0,0,0,0.0,554.0,82.0,0.0,0.0,0.0,3945,1,11154,4,0.0,0.0,0.0,0.0,0.0,0.0,0.0,0.0,0.0,0.0,0.0,610.0,85.0,0.0,608.0,77.0,0.0,579.0,64.0,0.0,614.0,85.0,,,,23,,Mark,Travers,Travers,,,0,0,0,0,0,0,0,0,0,0,0,0,0,,,,0.0,0.0,0.0,0.0,0.0,0,0,0
289,u,0.0,0.0,3.9,741,77.0,0,0.0,-1,1.0,0.1,466,71.0,0,0,0.0,527.0,46.0,0,0,0.0,445.0,41.0,0.0,0.0,0.0,4633,0,8770,5,0.0,0.0,0.0,0.0,0.0,0.0,0.0,0.0,0.0,0.0,0.0,517.0,46.0,0.0,510.0,33.0,0.0,473.0,18.0,0.0,520.0,46.0,,,,23,,Harry,Tyrer,Tyrer,has joined Cardiff City permanently.,,0,0,0,0,0,0,0,0,0,0,0,0,0,,,,0.0,0.0,0.0,0.0,0.0,0,0,0
290,d,75.0,75.0,5.3,197,25.0,0,0.0,-2,2.0,0.1,417,154.0,0,0,0.0,778.0,260.0,0,0,0.0,757.0,256.0,0.0,0.0,0.0,2292,5,68412,2,0.0,0.0,0.0,0.0,0.0,0.0,0.0,0.0,0.0,0.0,0.0,778.0,260.0,0.0,777.0,260.0,0.0,772.0,259.0,0.0,778.0,260.0,,,,23,,Jarrad,Branthwaite,Branthwaite,Lack of match fitness - 75% chance of playing,,0,0,0,0,0,0,0,0,0,0,0,0,0,,,,0.0,0.0,0.0,0.0,0.0,0,0,0
291,a,,,5.8,102,7.0,0,0.0,3,-3.0,13.9,25,8.0,108,0,4.9,20.0,9.0,6,384,5.2,12.0,6.0,0.9,18.6,0.0,2046262,2063,1130747,727,5.2,5.2,1.15,1.06,2.21,32.16,0.05,0.05,0.1,1.46,576.6,11.0,5.0,167.6,144.0,36.0,170.0,116.0,20.0,91.7,55.0,8.0,,,,23,,James,Tarkowski,Tarkowski,,,1980,0,1,9,25,0,0,0,4,0,0,22,272,,,,0.0,0.41,1.14,1.0,11.18,33,213,53
292,a,100.0,100.0,4.9,310,51.0,0,0.0,-1,1.0,0.8,202,77.0,62,0,3.3,146.0,58.0,1,220,3.7,52.0,21.0,0.8,12.7,0.0,128029,75,129948,74,3.7,3.7,0.27,1.31,1.58,27.12,0.01,0.07,0.08,1.43,306.8,122.0,52.0,187.3,128.0,31.0,56.0,281.0,85.0,55.0,162.0,51.0,,,,23,,Vitalii,Mykolenko,Mykolenko,,,1705,0,0,7,24,0,0,0,4,0,0,19,157,,,,0.0,0.37,1.27,1.0,7.13,26,109,63
293,a,,,4.9,335,56.0,0,0.0,-1,1.0,0.8,200,76.0,76,0,3.5,122.0,45.0,2,256,4.2,27.0,10.0,0.9,15.5,0.0,127159,160,99510,69,4.2,4.2,0.6,0.54,1.14,31.34,0.03,0.03,0.06,1.53,339.8,100.0,43.0,170.2,140.0,34.0,90.0,222.0,57.0,60.3,139.0,45.0,,,,23,,Jake,O'Brien,O'Brien,,,1848,0,1,8,24,0,0,0,1,0,0,20,168,,,,0.0,0.39,1.17,0.97,6.82,29,111,69
294,a,100.0,100.0,4.2,618,143.0,0,0.0,-3,3.0,0.1,482,174.0,3,0,1.0,436.0,163.0,0,10,0.0,533.0,222.0,0.0,0.7,0.0,5106,3,16959,0,0.0,0.0,0.0,0.0,0.0,0.24,0.0,0.0,0.0,1.96,0.0,602.0,241.0,0.1,462.0,169.0,0.0,564.0,237.0,0.0,606.0,242.0,,,,23,,Séamus,Coleman,Coleman,,,11,0,0,0,0,0,0,0,0,0,0,1,0,,,,0.0,0.0,0.0,8.18,0.0,0,0,1
295,a,100.0,0.0,4.7,374,63.0,0,0.0,2,-2.0,4.2,84,28.0,96,0,5.1,13.0,6.0,8,276,2.5,131.0,52.0,0.5,20.4,0.0,1304720,113,840047,1192,2.5,0.0,1.67,0.17,1.84,28.08,0.09,0.01,0.1,1.51,515.4,22.0,8.0,26.0,358.0,128.0,178.0,109.0,16.0,71.8,96.0,26.0,,,,23,,Michael,Keane,Keane,,,1676,3,0,6,25,0,0,0,0,1,0,19,224,,,,0.0,0.32,1.34,1.02,10.42,21,173,55
296,a,100.0,100.0,4.4,528,114.0,0,0.0,-1,1.0,0.0,605,218.0,18,0,4.5,32.0,14.0,0,56,3.0,87.0,32.0,0.7,4.1,0.0,4511,5,4359,2,3.0,3.0,0.03,0.0,0.03,2.46,0.02,0.0,0.02,1.33,45.4,386.0,147.0,2.1,434.0,159.0,17.0,364.0,128.0,6.4,415.0,151.0,,,,23,,Nathan,Patterson,Patterson,,,166,0,0,2,0,0,0,0,0,0,0,2,22,,,,0.0,1.08,0.0,1.08,11.93,6,16,7
297,a,,,3.8,785,246.0,0,0.0,-2,2.0,0.2,382,138.0,0,0,0.0,500.0,180.0,0,0,0.0,416.0,157.0,0.0,0.0,0.0,8991,2,19117,1,0.0,0.0,0.0,0.0,0.0,0.0,0.0,0.0,0.0,0.0,0.0,490.0,180.0,0.0,481.0,180.0,0.0,442.0,169.0,0.0,493.0,180.0,,,,23,,Roman,Dixon,Dixon,,,0,0,0,0,0,0,0,0,0,0,0,0,0,,,,0.0,0.0,0.0,0.0,0.0,0,0,0
298,a,,,3.8,783,244.0,0,0.0,-2,2.0,0.1,421,155.0,0,0,0.0,498.0,178.0,0,0,0.0,414.0,155.0,0.0,0.0,0.0,6610,0,13758,4,0.0,0.0,0.0,0.0,0.0,0.0,0.0,0.0,0.0,0.0,0.0,488.0,178.0,0.0,479.0,178.0,0.0,440.0,167.0,0.0,491.0,178.0,,,,23,,Reece,Welch,Welch,,,0,0,0,0,0,0,0,0,0,0,0,0,0,,,,0.0,0.0,0.0,0.0,0.0,0,0,0
299,a,100.0,100.0,6.2,75,49.0,0,0.0,-3,3.0,3.9,90,29.0,73,0,4.6,30.0,15.0,3,294,0.0,786.0,351.0,0.0,11.8,0.0,1567973,1062,2389189,156,0.0,0.0,3.12,2.69,5.81,19.27,0.21,0.18,0.39,1.29,341.0,99.0,33.0,240.2,89.0,67.0,294.0,52.0,32.0,87.6,59.0,40.0,,,1.0,23,,Iliman,Ndiaye,Ndiaye,,,1343,4,2,6,19,0,0,0,2,0,0,16,147,,,,0.0,0.4,1.27,1.07,9.85,36,16,95
300,a,,,5.5,145,92.0,0,0.0,-5,5.0,0.2,375,127.0,28,0,2.2,296.0,130.0,0,92,3.2,79.0,37.0,0.6,5.1,0.0,29543,20,54727,19,3.2,3.2,0.46,0.68,1.14,11.12,0.07,0.11,0.18,1.76,72.6,352.0,156.0,126.5,180.0,120.0,43.0,302.0,157.0,24.2,314.0,152.0,,,,23,,Dwight,McNeil,McNeil,,,570,0,2,3,3,0,0,0,1,0,0,6,49,,,,0.0,0.47,0.47,0.95,7.74,9,11,29
301,a,100.0,100.0,5.2,217,135.0,0,0.0,-3,3.0,0.1,486,171.0,25,0,1.7,362.0,158.0,0,104,0.5,321.0,144.0,0.1,4.8,0.0,16413,1,28011,5,0.5,0.5,1.04,0.43,1.47,13.0,0.14,0.06,0.2,1.78,79.4,341.0,151.0,144.0,162.0,110.0,156.0,130.0,76.0,38.0,245.0,118.0,,,,23,,Carlos,Alcaraz Durán,Alcaraz,,,656,0,1,3,8,0,0,0,3,0,0,6,60,,,,0.0,0.41,1.1,0.82,8.23,12,10,38
302,a,100.0,100.0,5.4,156,98.0,0,0.0,-1,1.0,0.1,507,180.0,44,0,3.4,135.0,59.0,3,211,0.0,759.0,332.0,0.0,8.1,0.0,19378,20,26224,2,0.0,0.0,1.07,0.63,1.7,16.1,0.09,0.05,0.14,1.38,198.6,213.0,90.0,112.5,196.0,128.0,112.0,185.0,105.0,42.3,225.0,113.0,,,,23,,Idrissa Gana,Gueye,Gana,,,1051,2,0,3,13,0,0,0,0,1,0,13,114,,,,0.0,0.26,1.11,1.11,9.76,31,26,57
303,a,,,5.2,209,131.0,0,0.0,2,-2.0,4.5,80,28.0,99,0,4.5,36.0,17.0,10,491,5.8,8.0,4.0,1.1,19.0,0.0,806619,1599,260986,467,5.8,5.8,1.59,2.99,4.58,32.1,0.07,0.14,0.21,1.46,517.6,21.0,6.0,453.7,19.0,18.0,169.0,117.0,67.0,114.2,28.0,23.0,3.0,3.0,,23,,James,Garner,Garner,,,1973,2,3,9,25,0,0,0,5,0,0,22,272,,,,0.0,0.41,1.14,1.0,12.41,64,93,115
304,i,0.0,0.0,4.8,365,229.0,0,0.0,-2,2.0,0.0,601,231.0,49,0,2.9,199.0,86.0,1,156,3.3,69.0,32.0,0.7,10.2,0.0,4963,0,5399,12,0.0,0.0,0.35,0.58,0.93,15.01,0.03,0.06,0.09,1.46,162.8,248.0,105.0,79.4,249.0,152.0,46.0,293.0,152.0,28.7,294.0,143.0,,,,23,,Tim,Iroegbunam,Iroegbunam,Knock - Unknown return date,,923,0,3,7,9,0,0,0,7,0,0,11,124,,,,0.0,0.68,0.88,1.07,12.09,43,27,54
305,a,100.0,100.0,4.5,491,303.0,0,0.0,0,0.0,0.1,550,200.0,9,0,2.2,287.0,123.0,0,23,1.3,234.0,99.0,0.3,2.0,0.0,5623,9,15029,5,1.3,1.3,0.0,0.11,0.11,2.42,0.0,0.05,0.05,1.15,25.2,416.0,184.0,31.5,346.0,182.0,10.0,377.0,190.0,6.7,412.0,187.0,,,,23,,Harrison,Armstrong,Armstrong,,,190,0,0,1,2,0,0,0,0,0,0,2,19,,,,0.0,0.47,0.95,0.95,9.0,3,8,8
306,a,,,4.3,603,351.0,0,0.0,-2,2.0,0.1,508,181.0,0,0,0.0,632.0,239.0,0,0,0.0,566.0,197.0,0.0,0.0,0.0,9487,8,12230,4,0.0,0.0,0.0,0.0,0.0,0.0,0.0,0.0,0.0,0.0,0.0,622.0,230.0,0.0,620.0,235.0,0.0,592.0,223.0,0.0,625.0,232.0,,,,23,,Callum,Bates,Bates,,,0,0,0,0,0,0,0,0,0,0,0,0,0,,,,0.0,0.0,0.0,0.0,0.0,0,0,0
307,a,,,4.4,540,324.0,0,0.0,-1,1.0,0.0,599,229.0,0,0,0.0,651.0,251.0,0,0,0.0,589.0,209.0,0.0,0.0,0.0,4028,0,5705,0,0.0,0.0,0.0,0.0,0.0,0.0,0.0,0.0,0.0,0.0,0.0,642.0,243.0,0.0,640.0,248.0,0.0,615.0,237.0,0.0,645.0,245.0,,,,23,,Coby,Ebere,Ebere,,,0,0,0,0,0,0,0,0,0,0,0,0,0,,,,0.0,0.0,0.0,0.0,0.0,0,0,0
308,u,0.0,0.0,4.5,445,267.0,0,0.0,0,0.0,0.0,681,284.0,0,0,0.0,688.0,276.0,0,0,0.0,633.0,238.0,0.0,0.0,0.0,458,0,3710,1,0.0,0.0,0.0,0.0,0.0,0.0,0.0,0.0,0.0,0.0,0.0,684.0,272.0,0.0,681.0,274.0,0.0,661.0,266.0,0.0,685.0,273.0,,,,23,,Isaac,Heath,Heath,has joined Accrington on loan for the rest of the season.,,0,0,0,0,0,0,0,0,0,0,0,0,0,,,,0.0,0.0,0.0,0.0,0.0,0,0,0
309,u,0.0,0.0,4.5,440,265.0,0,0.0,0,0.0,0.0,797,357.0,0,0,0.0,686.0,274.0,0,0,0.0,631.0,236.0,0.0,0.0,0.0,0,0,107,0,0.0,0.0,0.0,0.0,0.0,0.0,0.0,0.0,0.0,0.0,0.0,681.0,270.0,0.0,679.0,272.0,0.0,659.0,264.0,0.0,683.0,271.0,,,,23,,Jenson,Metcalfe,Metcalfe,Has joined Bradford City permanently.,,0,0,0,0,0,0,0,0,0,0,0,0,0,,,,0.0,0.0,0.0,0.0,0.0,0,0,0
310,a,,,5.7,123,32.0,0,0.0,-3,3.0,0.8,201,32.0,50,0,2.3,279.0,29.0,2,151,3.8,45.0,6.0,0.7,8.8,0.0,142374,243,131887,108,3.8,3.8,3.59,0.15,3.74,18.68,0.27,0.01,0.28,1.42,169.0,241.0,21.0,115.2,194.0,18.0,288.0,56.0,20.0,55.8,156.0,18.0,,,,23,,Thierno,Barry,Barry,,,1181,4,0,7,16,0,0,0,2,0,0,14,39,,,,0.0,0.53,1.22,1.07,2.97,2,20,17
311,a,,,5.0,262,52.0,0,0.0,-5,5.0,2.4,116,18.0,37,0,1.7,361.0,40.0,1,86,1.7,208.0,26.0,0.3,7.4,0.0,422407,52,1082070,104,1.7,1.7,4.46,0.14,4.6,14.9,0.48,0.02,0.5,1.62,125.8,281.0,26.0,53.6,305.0,33.0,291.0,54.0,19.0,45.5,208.0,24.0,,,2.0,23,,Norberto Bercique,Gomes Betuncal,Beto,,,830,2,0,2,12,0,0,0,1,0,0,8,47,,,,0.0,0.22,1.3,0.87,5.1,9,23,15
312,u,0.0,0.0,4.9,334,59.0,0,0.0,-1,1.0,0.1,531,74.0,0,0,0.0,755.0,83.0,0,0,0.0,717.0,75.0,0.0,0.0,0.0,2418,0,14421,0,0.0,0.0,0.0,0.0,0.0,0.0,0.0,0.0,0.0,0.0,0.0,755.0,83.0,0.0,751.0,82.0,0.0,743.0,82.0,0.0,755.0,83.0,,,,23,,Youssef,Ramalho Chermiti,Y.Chermiti,has joined Rangers permanently.,,0,0,0,0,0,0,0,0,0,0,0,0,0,,,,0.0,0.0,0.0,0.0,0.0,0,0,0
313,a,100.0,100.0,4.4,546,75.0,0,0.0,-1,1.0,0.1,443,63.0,0,0,0.0,655.0,68.0,0,0,0.0,593.0,59.0,0.0,0.0,0.0,8251,7,25339,2,0.0,0.0,0.0,0.0,0.0,0.0,0.0,0.0,0.0,0.0,0.0,647.0,68.0,0.0,644.0,67.0,0.0,620.0,67.0,0.0,650.0,68.0,,,,23,,Martin,Sherif,Sherif,,,0,0,0,0,0,0,0,0,0,0,0,0,0,,,,0.0,0.0,0.0,0.0,0.0,0,0,0
419,i,0.0,0.0,6.4,56,36.0,0,0.0,-1,1.0,8.2,50,18.0,79,0,4.0,74.0,33.0,12,356,2.2,176.0,69.0,0.3,12.3,0.0,3789792,5,3475535,3534,0.0,0.0,2.05,3.37,5.41,25.81,0.11,0.19,0.3,1.43,374.2,84.0,27.0,520.5,13.0,13.0,397.0,27.0,14.0,129.2,15.0,13.0,,,,23,,Jack,Grealish,Grealish,Foot injury - Unknown return date,,1627,2,6,7,23,0,0,0,3,1,0,18,135,,,,0.0,0.39,1.27,1.0,7.47,20,27,88
630,a,,,3.9,729,71.0,0,0.0,-1,1.0,1.3,161,21.0,0,0,0.0,519.0,40.0,0,0,0.0,437.0,35.0,0.0,0.0,0.0,66851,9,89834,21,0.0,0.0,0.0,0.0,0.0,0.0,0.0,0.0,0.0,0.0,0.0,509.0,40.0,0.0,502.0,27.0,0.0,464.0,12.0,0.0,512.0,40.0,,,,23,,Tom,King,King,,,0,0,0,0,0,0,0,0,0,0,0,0,0,,,,0.0,0.0,0.0,0.0,0.0,0,0,0
667,a,100.0,100.0,4.2,631,150.0,0,0.0,-3,3.0,0.1,562,203.0,0,0,0.0,615.0,242.0,0,0,0.0,539.0,224.0,0.0,0.0,0.0,2334,2,11963,0,0.0,0.0,0.0,0.0,0.0,0.0,0.0,0.0,0.0,0.0,0.0,605.0,242.0,0.0,602.0,242.0,0.0,571.0,238.0,0.0,609.0,243.0,,,,23,,Adam,Aznou,Aznou,,,0,0,0,0,0,0,0,0,0,0,0,0,0,,,,0.0,0.0,0.0,0.0,0.0,0,0,0
704,u,0.0,0.0,4.5,430,258.0,0,0.0,0,0.0,0.1,573,213.0,0,0,0.0,681.0,269.0,0,0,0.0,625.0,230.0,0.0,0.0,0.0,8420,0,10022,0,0.0,0.0,0.0,0.0,0.0,0.0,0.0,0.0,0.0,0.0,0.0,675.0,264.0,0.0,674.0,267.0,0.0,653.0,259.0,0.0,678.0,266.0,,,,23,,Tyler,Onyango,Onyango,has joined Stockport County on loan for the rest of the season.,,0,0,0,0,0,0,0,0,0,0,0,0,0,,,,0.0,0.0,0.0,0.0,0.0,0,0,0
705,a,,,3.9,753,221.0,0,0.0,-1,1.0,0.2,395,143.0,0,0,0.0,535.0,194.0,0,0,0.0,453.0,173.0,0.0,0.0,0.0,18221,2,15042,5,0.0,0.0,0.0,0.0,0.0,0.0,0.0,0.0,0.0,0.0,0.0,525.0,194.0,0.0,518.0,195.0,0.0,481.0,186.0,0.0,528.0,194.0,,,,23,,Elijah,Campbell,Campbell,,,0,0,0,0,0,0,0,0,0,0,0,0,0,,,,0.0,0.0,0.0,0.0,0.0,0,0,0
707,a,,,5.3,199,124.0,0,0.0,-2,2.0,0.0,630,252.0,15,0,1.4,401.0,181.0,0,43,1.3,238.0,102.0,0.2,2.8,0.0,7375,0,6307,6,1.3,1.3,0.2,0.08,0.28,5.82,0.06,0.02,0.08,1.64,40.8,393.0,172.0,48.7,315.0,175.0,28.0,331.0,173.0,11.4,383.0,177.0,,,,23,,Tyler,Dibling,Dibling,,,319,0,0,2,2,0,0,0,2,0,0,4,39,,,,0.0,0.56,0.56,1.13,11.0,7,11,21
728,a,100.0,100.0,5.0,273,168.0,0,0.0,0,0.0,0.0,703,297.0,16,0,1.6,376.0,167.0,0,39,1.8,192.0,80.0,0.4,3.2,0.0,1222,6,1141,0,1.8,1.8,0.5,0.17,0.67,6.27,0.13,0.04,0.17,1.6,61.2,366.0,161.0,65.9,273.0,161.0,32.0,323.0,170.0,15.9,358.0,169.0,,,,23,,Merlin,Röhl,Röhl,,,353,0,0,2,4,0,0,0,0,0,0,2,43,,,,0.0,0.51,1.02,0.51,10.96,15,10,18
779,a,,,4.5,498,68.0,0,0.0,0,0.0,0.0,705,84.0,0,0,0.0,727.0,78.0,0,0,0.0,674.0,69.0,0.0,0.0,0.0,1175,9,391,3,0.0,0.0,0.0,0.0,0.0,0.0,0.0,0.0,0.0,0.0,0.0,727.0,78.0,0.0,722.0,77.0,0.0,705.0,77.0,0.0,727.0,78.0,,,,23,,Braiden,Graham,Graham,,,0,0,0,0,0,0,0,0,0,0,0,0,0,,,,0.0,0.0,0.0,0.0,0.0,0,0,0
314,a,,,4.9,285,11.0,0,0.0,-1,1.0,1.7,146,20.0,67,0,3.0,188.0,17.0,3,298,2.5,134.0,14.0,0.5,13.7,0.0,196648,24,205178,105,2.5,2.5,0.0,0.0,0.0,30.38,0.0,0.0,0.0,1.38,488.8,30.0,9.0,0.0,736.0,86.0,0.0,726.0,80.0,48.7,194.0,10.0,,,,23,,Bernd,Leno,Leno,,,1980,0,0,5,31,0,0,0,3,0,57,22,107,,,,2.59,0.23,1.41,1.0,0.0,2,30,178
315,a,100.0,100.0,4.0,664,49.0,0,0.0,0,0.0,0.0,741,85.0,0,0,0.0,564.0,67.0,0,0,0.0,481.0,62.0,0.0,0.0,0.0,248,2,503,2,0.0,0.0,0.0,0.0,0.0,0.0,0.0,0.0,0.0,0.0,0.0,553.0,67.0,0.0,548.0,56.0,0.0,513.0,41.0,0.0,556.0,67.0,,,,23,,Steven,Benda,Benda,,,0,0,0,0,0,0,0,0,0,0,0,0,0,,,,0.0,0.0,0.0,0.0,0.0,0,0,0
316,a,100.0,100.0,4.9,293,46.0,0,0.0,-1,1.0,0.8,196,75.0,31,0,3.1,169.0,69.0,4,130,2.5,136.0,54.0,0.5,6.3,0.0,132317,53,145419,64,2.5,2.5,0.22,1.08,1.3,10.93,0.03,0.14,0.17,1.46,170.6,238.0,98.0,191.4,120.0,29.0,32.0,322.0,103.0,39.4,237.0,81.0,,,,23,,Antonee,Robinson,Robinson,,,673,0,0,2,7,0,0,0,0,0,0,7,61,,,,0.0,0.27,0.94,0.94,8.02,24,36,41
317,a,100.0,100.0,4.6,390,67.0,0,0.0,1,-1.0,5.4,73,25.0,78,0,3.7,98.0,37.0,4,278,2.5,129.0,51.0,0.5,17.0,0.0,1114515,124,776982,708,2.5,2.5,0.73,1.39,2.12,26.92,0.04,0.07,0.11,1.32,521.0,19.0,6.0,76.5,256.0,75.0,81.0,235.0,64.0,68.0,110.0,36.0,,,,23,,Joachim,Andersen,Andersen,,,1841,0,0,5,28,0,0,0,4,0,0,21,259,,,,0.0,0.24,1.37,1.03,10.85,27,195,79
318,a,100.0,100.0,4.4,525,111.0,0,0.0,-1,1.0,0.4,281,106.0,55,0,3.4,127.0,49.0,6,178,0.0,583.0,239.0,0.0,12.5,0.0,94687,41,114862,13,0.0,0.0,0.91,0.18,1.09,20.78,0.06,0.01,0.07,1.38,335.2,105.0,46.0,74.1,259.0,78.0,54.0,283.0,86.0,46.5,200.0,64.0,,,,23,,Calvin,Bassey,Bassey,,,1358,1,0,3,25,0,0,0,3,0,0,15,160,,,,0.0,0.2,1.66,0.99,7.95,31,89,66
319,a,,,4.3,570,126.0,0,0.0,-2,2.0,0.1,453,167.0,21,0,1.2,419.0,153.0,0,94,0.7,295.0,108.0,0.2,4.9,0.0,16967,5,22256,2,0.7,0.7,0.94,0.4,1.34,16.36,0.1,0.04,0.14,1.72,168.4,242.0,99.0,116.2,193.0,49.0,83.0,232.0,62.0,36.9,257.0,88.0,,,,23,,Timothy,Castagne,Castagne,,,854,0,1,0,18,0,0,0,3,0,0,9,87,,,,0.0,0.0,1.9,0.95,7.59,19,53,27
320,a,,,4.3,572,128.0,0,0.0,-2,2.0,0.1,520,187.0,10,0,1.2,420.0,154.0,0,29,0.8,284.0,104.0,0.2,2.3,0.0,6425,2,10535,2,0.8,0.8,0.02,0.03,0.05,8.18,0.0,0.01,0.01,1.79,72.4,353.0,134.0,4.3,421.0,154.0,8.0,384.0,141.0,8.5,404.0,145.0,,,,23,,Issa,Diop,Diop,,,412,0,0,0,9,0,0,0,1,0,0,4,42,,,,0.0,0.0,1.97,0.87,7.65,5,30,10
321,a,,,4.3,579,133.0,0,0.0,-2,2.0,0.1,555,200.0,30,0,3.3,139.0,56.0,1,122,3.0,85.0,30.0,0.7,7.0,0.0,4975,2,5359,4,3.0,3.0,0.0,0.08,0.08,9.26,0.0,0.01,0.01,1.26,168.4,243.0,100.0,23.7,364.0,131.0,6.0,401.0,149.0,19.9,336.0,115.0,,,,23,,Jorge,Cuenca Barreno,J.Cuenca,,,663,0,0,2,6,0,0,0,4,0,0,8,87,,,,0.0,0.27,0.81,1.09,11.0,12,69,30
322,d,75.0,75.0,4.5,406,75.0,0,0.0,0,0.0,0.3,302,112.0,65,0,4.1,62.0,27.0,5,251,1.2,246.0,90.0,0.3,14.4,0.0,154598,0,140369,55,0.9,0.9,0.38,0.92,1.3,19.78,0.03,0.06,0.09,1.32,322.4,112.0,48.0,137.2,167.0,40.0,79.0,237.0,66.0,53.9,172.0,56.0,,,,23,,Kenny,Tete,Tete,Lack of match fitness - 75% chance of playing,,1346,1,0,5,18,0,0,0,2,0,0,16,149,,,,0.0,0.33,1.2,1.07,8.42,51,75,56
323,a,,,3.8,801,261.0,0,0.0,-2,2.0,0.1,415,153.0,0,0,0.0,511.0,190.0,0,0,0.0,428.0,168.0,0.0,0.0,0.0,8328,2,15654,6,0.0,0.0,0.0,0.0,0.0,0.0,0.0,0.0,0.0,0.0,0.0,501.0,190.0,0.0,493.0,191.0,0.0,455.0,181.0,0.0,504.0,190.0,,,,23,,Samuel,Amissah,Amissah,,,0,0,0,0,0,0,0,0,0,0,0,0,0,,,,0.0,0.0,0.0,0.0,0.0,0,0,0
324,a,100.0,100.0,6.3,65,43.0,0,0.0,-2,2.0,0.7,211,72.0,56,0,3.5,124.0,55.0,5,263,0.0,788.0,353.0,0.0,8.9,0.0,281807,77,387861,15,0.0,0.0,0.76,2.09,2.85,20.36,0.05,0.14,0.19,1.38,264.8,169.0,65.0,361.1,38.0,36.0,146.0,139.0,82.0,77.3,86.0,53.0,5.0,,,23,,Alex,Iwobi,Iwobi,,,1329,2,2,3,24,0,0,0,2,0,0,16,99,,,,0.0,0.2,1.63,1.08,6.7,18,18,63
325,d,75.0,75.0,5.6,130,80.0,0,0.0,-4,4.0,0.7,221,76.0,52,0,2.4,268.0,115.0,1,224,2.3,157.0,64.0,0.4,9.3,0.0,150152,5,186774,120,1.7,1.7,2.98,0.66,3.64,16.55,0.27,0.06,0.33,1.52,203.8,208.0,88.0,209.1,104.0,77.0,226.0,76.0,48.0,63.9,128.0,68.0,,,,23,,Emile,Smith Rowe,Smith Rowe,Fatigue - 75% chance of playing,,978,3,1,3,13,0,0,0,1,0,0,10,83,,,,0.0,0.28,1.2,0.92,7.64,14,26,43
326,a,,,5.1,225,139.0,0,0.0,-4,4.0,0.1,420,141.0,17,0,1.1,425.0,192.0,0,58,0.5,319.0,143.0,0.1,3.3,0.0,11435,13,33251,5,0.5,0.5,0.19,0.55,0.74,4.89,0.07,0.19,0.26,1.69,20.2,424.0,189.0,61.8,281.0,162.0,57.0,278.0,148.0,13.5,368.0,173.0,,,,23,,Adama,Traoré Diarra,Adama,,,261,0,0,0,7,0,0,0,0,0,0,1,14,,,,0.0,0.0,2.41,0.34,4.83,1,1,12
327,u,0.0,0.0,5.3,185,114.0,0,0.0,-2,2.0,0.1,547,198.0,0,0,0.0,777.0,343.0,0,0,0.0,753.0,329.0,0.0,0.0,0.0,2438,0,35487,0,0.0,0.0,0.0,0.0,0.0,0.0,0.0,0.0,0.0,0.0,0.0,777.0,343.0,0.0,776.0,343.0,0.0,771.0,342.0,0.0,777.0,343.0,,,,23,,Andreas,Hoelgebaum Pereira,Andreas,has joined Palmeiras permanently.,,0,0,0,0,0,0,0,0,0,0,0,0,0,,,,0.0,0.0,0.0,0.0,0.0,0,0,0
328,a,100.0,100.0,5.4,163,102.0,0,0.0,-1,1.0,0.2,396,135.0,60,0,4.0,72.0,31.0,5,209,0.7,303.0,137.0,0.1,11.1,0.0,141284,4,133717,5,0.7,0.7,0.92,1.29,2.21,17.04,0.07,0.1,0.17,1.29,253.0,172.0,68.0,122.8,187.0,124.0,137.0,147.0,86.0,51.0,187.0,100.0,,,,23,,Ryan,Sessegnon,Sessegnon,,,1187,2,2,4,21,0,0,0,0,0,0,14,133,,,,0.0,0.3,1.59,1.06,10.08,26,62,45
329,a,100.0,100.0,6.0,83,55.0,0,0.0,5,-5.0,23.2,15,5.0,104,0,5.0,15.0,7.0,13,396,4.0,35.0,14.0,0.7,17.3,0.0,3763815,2101,919705,1744,4.0,4.0,3.83,2.74,6.57,21.45,0.22,0.16,0.38,1.22,450.0,41.0,10.0,358.7,41.0,38.0,392.0,28.0,15.0,119.8,22.0,18.0,3.0,3.0,3.0,23,,Harry,Wilson,Wilson,,,1584,7,6,6,20,0,0,0,6,0,0,19,108,,,,0.0,0.34,1.14,1.08,6.14,19,40,49
330,a,,,4.9,301,187.0,0,0.0,-1,1.0,0.1,503,178.0,56,0,2.5,254.0,109.0,3,327,3.0,91.0,43.0,0.6,11.4,0.0,9530,6,10330,4,3.0,3.0,0.64,0.88,1.52,27.87,0.03,0.04,0.07,1.39,306.4,123.0,43.0,242.6,84.0,62.0,46.0,294.0,153.0,59.7,142.0,79.0,,,,23,,Sander,Berge,Berge,,,1811,0,2,5,29,1,0,0,3,0,0,21,177,,,,0.0,0.25,1.44,1.04,8.8,33,61,83
331,a,100.0,100.0,4.8,346,217.0,0,0.0,-2,2.0,0.0,625,247.0,22,0,1.6,373.0,165.0,1,94,2.0,182.0,74.0,0.4,4.6,0.0,2325,1,4015,2,2.0,2.0,0.69,0.27,0.96,7.72,0.15,0.06,0.21,1.65,76.8,344.0,153.0,81.8,245.0,148.0,43.0,301.0,156.0,20.4,330.0,161.0,,,,23,,Tom,Cairney,Cairney,,,421,1,0,0,8,0,0,0,2,0,0,3,34,,,,0.0,0.0,1.71,0.64,7.27,3,7,24
332,i,0.0,0.0,4.9,305,190.0,0,0.0,-1,1.0,0.1,536,191.0,50,0,2.6,238.0,103.0,3,225,2.3,154.0,63.0,0.5,10.2,0.0,14525,0,17938,3,0.0,0.0,1.74,1.35,3.09,18.45,0.13,0.1,0.23,1.37,232.0,186.0,79.0,338.7,44.0,39.0,119.0,173.0,101.0,68.9,108.0,59.0,1.0,,,23,,Saša,Lukić,Lukić,Hamstring injury - Expected back 22 Feb,,1208,1,3,4,17,0,0,0,6,0,0,15,127,,,,0.0,0.3,1.27,1.12,9.46,35,43,49
333,u,0.0,0.0,4.5,469,287.0,0,0.0,0,0.0,0.0,656,270.0,0,0,0.0,704.0,290.0,0,0,0.0,650.0,253.0,0.0,0.0,0.0,898,0,6535,0,0.0,0.0,0.0,0.0,0.0,0.0,0.0,0.0,0.0,0.0,0.0,702.0,288.0,0.0,698.0,289.0,0.0,680.0,283.0,0.0,703.0,289.0,,,,23,,Martial,Godo,Godo,has joined Strasbourg permanently.,,0,0,0,0,0,0,0,0,0,0,0,0,0,,,,0.0,0.0,0.0,0.0,0.0,0,0,0
334,u,0.0,0.0,4.5,449,270.0,0,0.0,0,0.0,0.0,786,347.0,0,0,0.0,691.0,279.0,0,0,0.0,636.0,241.0,0.0,0.0,0.0,0,0,305,0,0.0,0.0,0.0,0.0,0.0,0.0,0.0,0.0,0.0,0.0,0.0,687.0,275.0,0.0,684.0,277.0,0.0,664.0,269.0,0.0,688.0,276.0,,,,23,,Luke,Harris,Harris,Has joined Oxford United on loan for the rest of the season.,,0,0,0,0,0,0,0,0,0,0,0,0,0,,,,0.0,0.0,0.0,0.0,0.0,0,0,0
335,a,100.0,100.0,4.4,551,330.0,0,0.0,-1,1.0,1.9,137,47.0,32,0,1.7,359.0,156.0,0,113,0.2,367.0,161.0,0.0,7.3,0.0,912944,36,808095,155,0.2,0.2,1.17,0.42,1.59,12.9,0.12,0.04,0.16,1.33,104.2,310.0,139.0,105.5,205.0,132.0,172.0,114.0,66.0,37.4,252.0,122.0,,,,23,,Josh,King,King,,,876,0,1,3,15,0,0,0,3,0,0,11,69,,,,0.0,0.31,1.54,1.13,7.09,18,15,36
336,a,,,4.3,569,338.0,0,0.0,-2,2.0,0.3,310,103.0,11,0,2.8,210.0,94.0,2,34,1.7,199.0,84.0,0.4,2.6,0.0,58273,35,55634,13,1.7,1.7,0.04,0.24,0.28,0.41,0.26,1.54,1.8,2.64,35.6,400.0,176.0,8.4,409.0,201.0,7.0,395.0,194.0,5.1,420.0,189.0,,,,23,,Harrison,Reed,Reed,,,14,1,0,0,1,0,0,0,0,0,0,0,1,,,,0.0,0.0,6.43,0.0,6.43,0,0,1
337,a,100.0,100.0,6.2,72,24.0,0,0.0,-3,3.0,2.2,122,19.0,69,0,3.3,148.0,13.0,5,254,3.8,47.0,7.0,0.6,11.1,0.0,497786,216,488239,311,3.8,3.8,5.89,0.66,6.55,20.79,0.38,0.04,0.42,1.34,283.6,147.0,12.0,207.8,107.0,4.0,449.0,20.0,12.0,93.6,54.0,10.0,,1.0,1.0,23,,Raúl,Jiménez Rodríguez,Raúl,,,1395,5,4,5,17,0,0,0,4,0,0,17,79,,,,0.0,0.32,1.1,1.1,5.1,18,26,35
338,i,0.0,0.0,5.3,192,43.0,0,0.0,-2,2.0,0.7,218,34.0,17,0,2.4,266.0,26.0,3,47,0.0,755.0,79.0,0.0,3.2,0.0,255328,2,433289,13,0.0,0.0,0.94,0.01,0.95,5.66,0.24,0.0,0.24,1.46,61.8,365.0,38.0,42.0,326.0,37.0,122.0,170.0,39.0,22.2,325.0,39.0,,,,23,,Rodrigo,Muniz Carvalho,Muniz,Hamstring injury - Expected back 07 Feb,,348,1,1,1,4,1,0,0,1,0,0,4,19,,,,0.0,0.26,1.03,1.03,4.91,3,9,7
664,a,,,3.9,726,69.0,0,0.0,-1,1.0,0.7,210,27.0,0,0,0.0,517.0,38.0,0,0,0.0,434.0,33.0,0.0,0.0,0.0,38081,9,47406,15,0.0,0.0,0.0,0.0,0.0,0.0,0.0,0.0,0.0,0.0,0.0,507.0,38.0,0.0,500.0,25.0,0.0,462.0,10.0,0.0,510.0,38.0,,,,23,,Benjamin,Lecomte,Lecomte,,,0,0,0,0,0,0,0,0,0,0,0,0,0,,,,0.0,0.0,0.0,0.0,0.0,0,0,0
727,a,100.0,100.0,5.3,190,119.0,0,0.0,-2,2.0,0.1,502,177.0,35,0,3.9,77.0,36.0,1,143,0.0,754.0,330.0,0.0,6.6,0.0,90617,17,83952,12,0.0,0.0,1.02,2.16,3.18,6.03,0.23,0.49,0.72,1.38,170.6,239.0,101.0,140.8,163.0,111.0,124.0,166.0,97.0,43.6,213.0,107.0,,,,23,,Samuel,Chukwueze,Chukwueze,,,393,2,4,0,10,0,0,0,0,0,0,3,33,,,,0.0,0.0,2.29,0.69,7.56,2,7,24
731,a,100.0,100.0,5.8,112,71.0,0,0.0,-2,2.0,0.1,543,196.0,33,0,1.8,354.0,153.0,0,125,1.8,194.0,82.0,0.3,5.7,0.0,31139,4,26786,10,1.8,1.8,0.87,1.2,2.07,10.71,0.11,0.15,0.26,1.32,155.6,257.0,110.0,188.3,125.0,91.0,180.0,106.0,64.0,52.2,181.0,95.0,4.0,,,23,,Kevin,Santos Lopes de Macedo,Kevin,,,731,0,2,4,11,0,0,0,1,0,0,6,61,,,,0.0,0.49,1.35,0.74,7.51,16,13,32
737,a,,,4.5,501,70.0,0,0.0,0,0.0,0.1,495,70.0,4,0,0.8,485.0,59.0,0,11,0.2,378.0,41.0,0.0,0.9,0.0,16565,12,12811,6,0.2,0.2,0.0,0.07,0.07,0.75,0.0,0.21,0.21,2.25,1.2,472.0,56.0,11.4,391.0,49.0,8.0,387.0,53.0,2.1,446.0,53.0,,,,23,,Jonah,Kusi-Asare,Kusi-Asare,,,30,0,0,0,2,0,0,0,1,0,0,0,2,,,,0.0,0.0,6.0,0.0,6.0,0,0,2
770,a,,,4.5,496,308.0,0,0.0,0,0.0,0.0,767,335.0,0,0,0.0,725.0,306.0,0,0,0.0,672.0,270.0,0.0,0.0,0.0,364,3,143,1,0.0,0.0,0.0,0.0,0.0,0.0,0.0,0.0,0.0,0.0,0.0,725.0,306.0,0.0,720.0,306.0,0.0,703.0,301.0,0.0,725.0,306.0,,,,23,,Seth,Ridgeon,Ridgeon,,,0,0,0,0,0,0,0,0,0,0,0,0,0,,,,0.0,0.0,0.0,0.0,0.0,0,0,0
786,a,,,4.0,685,58.0,0,0.0,0,0.0,0.0,768,86.0,0,0,0.0,582.0,76.0,0,0,0.0,500.0,71.0,0.0,0.0,0.0,219,0,64,2,0.0,0.0,0.0,0.0,0.0,0.0,0.0,0.0,0.0,0.0,0.0,571.0,76.0,0.0,566.0,65.0,0.0,531.0,50.0,0.0,574.0,76.0,,,,23,,Alfie,McNally,McNally,,,0,0,0,0,0,0,0,0,0,0,0,0,0,,,,0.0,0.0,0.0,0.0,0.0,0,0,0
168,a,100.0,100.0,4.6,396,246.0,0,0.0,-4,4.0,0.1,478,166.0,1,0,1.0,460.0,214.0,0,4,0.0,681.0,277.0,0.0,0.2,0.0,12984,7,26375,5,-1.0,0.0,0.0,0.09,0.09,0.55,0.0,0.18,0.18,1.1,5.6,448.0,205.0,25.1,361.0,187.0,8.0,388.0,192.0,3.9,433.0,196.0,,,,23,,Facundo,Buonanotte,Buonanotte,,,45,0,0,0,1,0,0,0,0,0,0,1,3,,,,0.0,0.0,2.0,2.0,6.0,1,0,2
339,a,,,4.2,627,35.0,0,0.0,-3,3.0,0.3,295,39.0,0,0,0.0,614.0,84.0,0,0,0.0,536.0,79.0,0.0,0.0,0.0,11608,3,60775,5,-1.0,0.0,0.0,0.0,0.0,0.0,0.0,0.0,0.0,0.0,0.0,604.0,84.0,0.0,599.0,74.0,0.0,568.0,60.0,0.0,608.0,84.0,,,,23,,Illan,Meslier,Meslier,,,0,0,0,0,0,0,0,0,0,0,0,0,0,,,,0.0,0.0,0.0,0.0,0.0,0,0,0
340,a,,,3.9,727,70.0,0,0.0,-1,1.0,0.2,407,62.0,0,0,0.0,518.0,39.0,0,0,0.0,435.0,34.0,0.0,0.0,0.0,7312,2,13544,1,-1.0,0.0,0.0,0.0,0.0,0.0,0.0,0.0,0.0,0.0,0.0,508.0,39.0,0.0,501.0,26.0,0.0,463.0,11.0,0.0,511.0,39.0,,,,23,,Alex,Cairns,Cairns,,,0,0,0,0,0,0,0,0,0,0,0,0,0,,,,0.0,0.0,0.0,0.0,0.0,0,0,0
341,a,,,3.9,722,65.0,0,0.0,-1,1.0,2.0,128,17.0,16,0,2.7,223.0,19.0,0,79,1.0,265.0,20.0,0.3,4.1,0.0,153215,111,241880,40,0.0,1.0,0.0,0.01,0.01,4.82,0.0,0.0,0.0,0.8,117.6,294.0,24.0,0.0,496.0,21.0,0.0,458.0,6.0,11.8,376.0,24.0,,,,23,,Karl,Darlow,Darlow,,,540,0,0,1,8,0,0,0,0,0,14,6,59,,,,2.33,0.17,1.33,1.0,0.0,0,8,59
342,a,100.0,100.0,4.4,521,107.0,0,0.0,-1,1.0,0.2,403,147.0,51,0,2.5,249.0,95.0,0,140,1.5,220.0,83.0,0.3,11.6,0.0,26717,8,34127,10,0.5,1.5,1.15,0.98,2.13,23.05,0.06,0.05,0.11,1.25,218.0,195.0,78.0,152.8,157.0,38.0,114.0,179.0,39.0,48.6,195.0,62.0,,,,23,,Jayden,Bogle,Bogle,,,1660,0,2,4,30,0,0,0,4,0,0,19,145,,,,0.0,0.22,1.63,1.03,5.48,39,62,88
343,a,100.0,100.0,4.3,573,129.0,0,0.0,-2,2.0,0.4,262,99.0,64,0,3.2,150.0,61.0,3,220,4.3,21.0,7.0,1.0,14.9,0.0,67378,78,64466,35,3.3,4.3,2.21,0.43,2.64,26.07,0.12,0.02,0.14,1.37,411.6,55.0,26.0,104.6,209.0,56.0,174.0,111.0,17.0,69.0,107.0,34.0,,,3.0,23,,Pascal,Struijk,Struijk,,,1718,0,1,4,31,0,0,0,3,0,0,19,188,,,,0.0,0.21,1.62,1.0,8.85,20,149,75
344,i,0.0,0.0,3.9,739,214.0,0,0.0,-1,1.0,0.5,249,95.0,43,0,3.6,112.0,42.0,2,150,2.7,111.0,40.0,0.7,11.0,0.0,98157,4,58351,158,0.0,0.0,0.48,0.5,0.98,16.9,0.04,0.05,0.09,1.55,268.4,161.0,69.0,37.7,335.0,114.0,129.0,158.0,30.0,43.5,214.0,72.0,,,,23,,Jaka,Bijol,Bijol,Hamstring injury - Expected back 10 Feb,,982,1,2,1,18,0,0,0,1,0,0,11,111,,,,0.0,0.09,1.65,1.01,9.16,14,86,38
345,a,100.0,100.0,3.8,781,242.0,0,0.0,-2,2.0,0.1,444,163.0,12,0,2.0,316.0,119.0,0,34,1.7,198.0,72.0,0.4,3.2,0.0,14461,11,12270,3,0.7,1.7,0.0,0.01,0.01,3.64,0.0,0.01,0.01,1.99,26.6,412.0,156.0,4.9,420.0,153.0,6.0,400.0,148.0,3.7,434.0,157.0,,,,23,,Sebastiaan,Bornauw,Bornauw,,,165,0,0,1,2,0,0,0,0,0,0,2,17,,,,0.0,0.55,1.09,1.09,9.27,2,15,2
346,a,,,3.8,771,233.0,0,0.0,-2,2.0,0.2,369,134.0,1,0,1.0,427.0,155.0,0,-2,0.0,406.0,148.0,0.0,0.3,0.0,21951,3,31367,4,-1.0,0.0,0.0,0.0,0.0,0.79,0.0,0.0,0.0,10.16,0.0,482.0,173.0,0.0,472.0,172.0,0.0,433.0,161.0,0.0,485.0,173.0,,,,23,,Sam,Byram,Byram,,,7,0,0,0,1,0,0,0,0,0,0,0,0,,,,0.0,0.0,12.86,0.0,0.0,0,0,0
347,d,75.0,75.0,3.8,777,238.0,0,0.0,-2,2.0,4.2,85,29.0,55,0,2.5,245.0,92.0,8,220,3.0,83.0,28.0,0.8,14.5,0.0,848990,178,677571,443,1.5,2.2,0.98,1.89,2.86,27.22,0.05,0.09,0.14,1.34,339.6,101.0,44.0,303.2,57.0,11.0,120.0,172.0,33.0,76.4,88.0,20.0,,,,23,,Gabriel,Gudmundsson,Gudmundsson,Muscle injury - 75% chance of playing,,1830,0,0,4,33,1,0,0,2,0,0,21,166,,,,0.0,0.2,1.62,1.03,6.44,48,83,85
348,a,100.0,100.0,3.9,734,211.0,0,0.0,-1,1.0,3.4,96,36.0,64,0,3.2,149.0,60.0,5,218,1.3,233.0,86.0,0.3,16.4,0.0,973503,261,827417,164,0.3,1.3,0.93,0.16,1.09,27.23,0.05,0.01,0.06,1.41,429.0,48.0,23.0,60.5,288.0,94.0,156.0,129.0,22.0,64.6,123.0,41.0,,,,23,,Joe,Rodon,Rodon,,,1740,2,0,3,35,0,0,0,1,0,0,20,180,,,,0.0,0.16,1.81,1.03,7.86,18,134,54
349,u,0.0,0.0,4.0,679,174.0,0,0.0,0,0.0,0.1,533,195.0,0,0,0.0,577.0,214.0,0,0,0.0,494.0,192.0,0.0,0.0,0.0,788,0,15682,0,0.0,0.0,0.0,0.0,0.0,0.0,0.0,0.0,0.0,0.0,0.0,566.0,213.0,0.0,561.0,214.0,0.0,526.0,207.0,0.0,569.0,213.0,,,,23,,Isaac,Schmidt,Schmidt,has joined Werder Bremen on loan for the rest of the season.,,0,0,0,0,0,0,0,0,0,0,0,0,0,,,,0.0,0.0,0.0,0.0,0.0,0,0,0
350,a,,,5.4,169,105.0,0,0.0,-1,1.0,0.8,197,67.0,87,0,4.1,65.0,26.0,5,312,5.3,10.0,5.0,1.0,16.1,0.0,148242,285,54222,149,4.3,5.3,3.11,2.68,5.79,19.38,0.21,0.18,0.39,1.31,346.2,93.0,30.0,302.0,58.0,46.0,340.0,39.0,23.0,98.8,44.0,32.0,,,,23,,Brenden,Aaronson,Aaronson,,,1332,4,6,5,19,0,0,0,1,0,0,15,124,,,,0.0,0.34,1.28,1.01,8.38,33,18,73
351,a,100.0,100.0,5.2,216,134.0,0,0.0,-3,3.0,0.1,490,173.0,20,0,1.5,392.0,176.0,0,86,0.7,302.0,136.0,0.1,3.8,0.0,8417,4,39082,1,-0.3,0.7,0.25,0.53,0.78,7.87,0.07,0.14,0.21,2.1,59.0,371.0,165.0,85.2,237.0,145.0,29.0,329.0,172.0,17.4,351.0,166.0,,,,23,,Wilfried,Gnonto,Gnonto,,,337,0,2,1,10,0,0,0,2,0,0,4,37,,,,0.0,0.27,2.67,1.07,9.88,14,9,14
352,u,0.0,0.0,5.1,228,141.0,0,0.0,-4,4.0,0.1,563,207.0,12,0,1.1,426.0,193.0,0,51,0.0,745.0,323.0,0.0,2.4,0.0,6000,0,17687,8,0.0,0.0,0.28,0.23,0.51,3.82,0.1,0.08,0.18,1.31,30.0,408.0,181.0,49.4,314.0,174.0,35.0,316.0,166.0,11.5,381.0,176.0,4.0,,,23,,Jack,Harrison,Harrison,has joined ACF Fiorentina on loan for the rest of the season.,,262,0,0,0,5,0,0,0,0,0,0,1,24,,,,0.0,0.0,1.72,0.34,8.24,5,6,13
353,d,25.0,25.0,5.2,205,129.0,0,0.0,-3,3.0,0.1,474,163.0,13,0,1.3,413.0,187.0,0,50,0.0,749.0,327.0,0.0,2.5,0.0,7267,0,52040,4,-0.2,0.0,0.71,0.56,1.27,8.79,0.18,0.14,0.32,2.27,36.0,399.0,175.0,95.0,222.0,136.0,87.0,225.0,125.0,21.9,326.0,159.0,,,,23,,Daniel,James,James,Lack of match fitness - 25% chance of playing,,348,0,0,1,12,0,0,0,0,0,0,4,18,,,,0.0,0.26,3.1,1.03,4.66,4,2,12
354,a,100.0,100.0,4.9,296,184.0,0,0.0,-1,1.0,0.1,410,139.0,68,0,3.6,114.0,50.0,5,315,3.0,90.0,42.0,0.6,13.9,0.0,29443,30,23245,11,2.0,3.0,1.59,1.26,2.85,25.12,0.09,0.07,0.16,1.35,352.0,92.0,29.0,203.9,110.0,79.0,79.0,238.0,129.0,63.7,129.0,69.0,,,,23,,Ethan,Ampadu,Ampadu,,,1679,1,1,4,30,0,0,0,7,0,0,19,225,,,,0.0,0.21,1.61,1.02,12.06,45,80,100
355,u,0.0,0.0,4.9,316,196.0,0,0.0,-1,1.0,0.0,627,249.0,0,0,0.0,747.0,320.0,0,0,0.0,708.0,295.0,0.0,0.0,0.0,1234,0,10043,0,0.0,0.0,0.0,0.0,0.0,0.0,0.0,0.0,0.0,0.0,0.0,747.0,320.0,0.0,743.0,320.0,0.0,735.0,318.0,0.0,747.0,320.0,,,,23,,Sam,Greenwood,Greenwood,has joined Pogon Szczecin permanently.,,0,0,0,0,0,0,0,0,0,0,0,0,0,,,,0.0,0.0,0.0,0.0,0.0,0,0,0
356,a,,,4.7,385,241.0,0,0.0,-3,3.0,0.1,559,204.0,31,0,2.4,262.0,110.0,0,152,2.5,132.0,54.0,0.5,6.6,0.0,5643,3,6146,3,1.5,2.5,0.03,0.32,0.35,15.75,0.0,0.04,0.04,1.94,101.0,313.0,140.0,83.3,242.0,147.0,7.0,397.0,195.0,19.2,338.0,163.0,,,,23,,Ilia,Gruev,Gruev,,,730,0,2,3,16,0,0,0,1,0,0,8,72,,,,0.0,0.37,1.97,0.99,8.88,16,17,39
357,u,0.0,0.0,4.9,320,198.0,0,0.0,-1,1.0,0.0,690,293.0,0,0,0.0,749.0,322.0,0,0,0.0,711.0,297.0,0.0,0.0,0.0,203,0,4296,0,0.0,0.0,0.0,0.0,0.0,0.0,0.0,0.0,0.0,0.0,0.0,749.0,322.0,0.0,745.0,322.0,0.0,737.0,320.0,0.0,749.0,322.0,,,,23,,Largie,Ramazani,Ramazani,has joined Valencia on loan for the rest of the season.,,0,0,0,0,0,0,0,0,0,0,0,0,0,,,,0.0,0.0,0.0,0.0,0.0,0,0,0
358,a,100.0,100.0,4.8,362,226.0,0,0.0,-2,2.0,0.2,337,112.0,42,0,2.2,290.0,126.0,2,161,0.8,285.0,126.0,0.2,8.8,0.0,49794,6,51212,27,-0.2,0.8,0.83,0.61,1.44,13.06,0.1,0.08,0.18,1.65,133.6,277.0,124.0,123.8,185.0,123.0,78.0,241.0,131.0,33.5,270.0,133.0,,,,23,,Tanaka,Ao,Tanaka,,,713,2,0,2,15,0,0,0,1,0,0,7,78,,,,0.0,0.25,1.89,0.88,9.85,15,19,44
359,u,0.0,0.0,4.5,455,276.0,0,0.0,0,0.0,0.0,763,332.0,0,0,0.0,695.0,283.0,0,0,0.0,640.0,245.0,0.0,0.0,0.0,0,0,960,0,0.0,0.0,0.0,0.0,0.0,0.0,0.0,0.0,0.0,0.0,0.0,691.0,279.0,0.0,688.0,281.0,0.0,668.0,273.0,0.0,692.0,280.0,,,,23,,Charlie,Crew,Crew,Has joined Doncaster Rovers on loan for the rest of the season.,,0,0,0,0,0,0,0,0,0,0,0,0,0,,,,0.0,0.0,0.0,0.0,0.0,0,0,0
360,u,0.0,0.0,4.5,432,260.0,0,0.0,0,0.0,0.0,734,314.0,0,0,0.0,683.0,271.0,0,0,0.0,627.0,232.0,0.0,0.0,0.0,0,0,2864,0,0.0,0.0,0.0,0.0,0.0,0.0,0.0,0.0,0.0,0.0,0.0,677.0,266.0,0.0,676.0,269.0,0.0,655.0,261.0,0.0,680.0,268.0,,,,23,,Joe,Gelhardt,Gelhardt,Has joined Hull City on loan for the rest of the season.,,0,0,0,0,0,0,0,0,0,0,0,0,0,,,,0.0,0.0,0.0,0.0,0.0,0,0,0
361,u,0.0,0.0,4.5,434,261.0,0,0.0,0,0.0,0.0,654,268.0,0,0,0.0,684.0,272.0,0,0,0.0,628.0,233.0,0.0,0.0,0.0,1165,0,8309,0,0.0,0.0,0.0,0.0,0.0,0.0,0.0,0.0,0.0,0.0,0.0,678.0,267.0,0.0,677.0,270.0,0.0,656.0,262.0,0.0,681.0,269.0,,,,23,,Darko,Gyabi,Gyabi,has joined Hull City permanently.,,0,0,0,0,0,0,0,0,0,0,0,0,0,,,,0.0,0.0,0.0,0.0,0.0,0,0,0
362,a,100.0,100.0,4.9,315,55.0,0,0.0,-6,6.0,0.3,290,47.0,11,0,1.1,424.0,49.0,0,22,0.2,387.0,42.0,0.0,2.2,0.0,35927,3,215910,10,-0.8,0.2,0.65,0.08,0.73,4.77,0.29,0.04,0.33,2.14,6.0,447.0,51.0,20.7,369.0,45.0,90.0,221.0,42.0,11.2,384.0,46.0,,,2.0,23,,Joël,Piroe,Piroe,,,201,0,0,1,6,0,0,0,0,0,0,2,9,,,,0.0,0.45,2.69,0.9,4.03,0,1,8
363,u,0.0,0.0,4.9,286,54.0,0,0.0,-1,1.0,0.3,294,49.0,0,0,0.0,741.0,81.0,0,0,0.0,697.0,72.0,0.0,0.0,0.0,16144,0,201918,2,0.0,0.0,0.0,0.0,0.0,0.0,0.0,0.0,0.0,0.0,0.0,741.0,81.0,0.0,737.0,80.0,0.0,727.0,80.0,0.0,741.0,81.0,,,,23,,Patrick,Bamford,Bamford,has departed the club as a free agent.,,0,0,0,0,0,0,0,0,0,0,0,0,0,,,,0.0,0.0,0.0,0.0,0.0,0,0,0
364,u,0.0,0.0,5.0,275,53.0,0,0.0,0,0.0,0.0,720,85.0,0,0,0.0,768.0,84.0,0,0,0.0,737.0,77.0,0.0,0.0,0.0,0,0,2409,0,0.0,0.0,0.0,0.0,0.0,0.0,0.0,0.0,0.0,0.0,0.0,768.0,84.0,0.0,766.0,84.0,0.0,760.0,84.0,0.0,768.0,84.0,,,,23,,Mateo,Joseph Fernández-Regatillo,Mateo Joseph,Has joined RCD Mallorca on loan for the rest of the season.,,0,0,0,0,0,0,0,0,0,0,0,0,0,,,,0.0,0.0,0.0,0.0,0.0,0,0,0
365,a,100.0,100.0,5.0,246,50.0,0,0.0,0,0.0,0.6,242,39.0,49,0,2.6,239.0,23.0,6,181,2.0,183.0,23.0,0.4,9.8,0.0,184746,61,196103,28,1.0,2.0,4.89,0.35,5.24,12.4,0.73,0.05,0.78,1.85,196.2,215.0,18.0,44.9,322.0,36.0,283.0,58.0,21.0,52.5,180.0,21.0,,,1.0,23,,Lukas,Nmecha,Nmecha,,,602,5,0,2,14,0,0,1,0,0,0,6,32,,,,0.0,0.3,2.09,0.9,4.78,5,11,16
493,a,100.0,100.0,4.8,350,221.0,0,0.0,-2,2.0,0.2,344,116.0,40,0,3.3,142.0,61.0,4,221,0.0,690.0,283.0,0.0,8.3,0.0,175520,5,177759,7,-1.0,0.0,0.74,1.27,2.01,11.28,0.08,0.13,0.21,1.16,228.2,188.0,80.0,327.0,47.0,41.0,54.0,284.0,151.0,60.9,138.0,76.0,1.0,2.0,,23,,Sean,Longstaff,Longstaff,,,877,1,2,1,15,0,0,0,1,0,0,10,94,,,,0.0,0.1,1.54,1.03,9.65,35,23,36
660,d,75.0,75.0,4.9,329,204.0,0,0.0,-1,1.0,2.8,111,35.0,87,0,4.6,29.0,14.0,6,346,2.5,138.0,56.0,0.5,17.8,0.0,923035,36,632173,608,1.1,1.9,2.09,2.85,4.94,22.89,0.12,0.17,0.29,1.35,392.8,67.0,20.0,603.6,5.0,5.0,213.0,86.0,53.0,121.1,21.0,17.0,3.0,1.0,,23,,Anton,Stach,Stach,Muscle injury - 75% chance of playing,,1529,3,5,3,28,0,0,0,2,0,0,18,163,,,,0.0,0.18,1.65,1.06,9.59,36,49,78
665,a,100.0,100.0,4.5,410,22.0,0,0.0,0,0.0,0.3,330,44.0,43,0,2.7,227.0,20.0,3,153,2.5,128.0,13.0,0.6,9.6,0.0,37188,13,53572,12,1.5,2.5,0.0,0.0,0.0,26.68,0.0,0.0,0.0,1.67,322.4,113.0,17.0,0.0,660.0,82.0,0.0,637.0,70.0,32.2,277.0,17.0,,,,23,,Lucas Estella,Perri,Perri,,,1440,0,0,3,29,0,0,0,2,0,38,16,39,,,,2.38,0.19,1.81,1.0,0.0,0,16,100
691,a,100.0,100.0,6.0,84,27.0,0,0.0,5,-5.0,13.9,23,5.0,91,0,4.5,39.0,3.0,15,299,3.5,65.0,8.0,0.6,15.2,0.0,2450259,1178,710878,1747,2.5,3.5,8.2,0.89,9.08,16.71,0.53,0.06,0.59,1.07,363.4,87.0,7.0,188.0,126.0,6.0,588.0,6.0,5.0,113.2,32.0,6.0,,,,23,,Dominic,Calvert-Lewin,Calvert-Lewin,,,1399,9,2,4,20,0,0,0,1,0,0,15,45,,,,0.0,0.26,1.29,0.96,2.89,8,12,25
698,a,100.0,100.0,5.5,146,93.0,0,0.0,0,0.0,0.1,461,156.0,52,0,2.7,230.0,101.0,3,172,1.5,227.0,95.0,0.3,9.5,0.0,57654,13,49277,16,0.5,1.5,2.82,0.88,3.7,16.8,0.23,0.07,0.3,1.37,175.6,234.0,99.0,172.3,139.0,99.0,272.0,63.0,39.0,62.0,134.0,73.0,,,,23,,Noah,Okafor,Okafor,,,1100,2,2,3,21,0,0,0,2,0,0,14,75,,,,0.0,0.25,1.72,1.15,6.14,17,20,38
706,a,,,3.9,736,212.0,0,0.0,-1,1.0,0.3,317,117.0,27,0,2.1,303.0,112.0,3,79,3.2,74.0,26.0,0.8,6.9,0.0,46096,55,26601,14,2.2,3.2,0.29,0.17,0.46,11.48,0.05,0.03,0.08,1.99,103.0,311.0,118.0,37.4,336.0,115.0,46.0,292.0,93.0,18.8,345.0,120.0,,,,23,,James,Justin,Justin,,,519,0,0,2,9,0,0,0,1,0,0,5,58,,,,0.0,0.35,1.56,0.87,8.84,8,43,24
741,u,0.0,0.0,4.5,486,67.0,0,0.0,0,0.0,0.1,458,65.0,0,0,0.0,718.0,77.0,0,0,0.0,664.0,68.0,0.0,0.0,0.0,27606,0,20974,19,0.0,0.0,0.0,0.0,0.0,0.0,0.0,0.0,0.0,0.0,0.0,717.0,77.0,0.0,712.0,76.0,0.0,695.0,76.0,0.0,717.0,77.0,,,,23,,Harry,Gray,Gray,has joined Rotherham United on loan for the rest of the season.,,0,0,0,0,0,0,0,0,0,0,0,0,0,,,,0.0,0.0,0.0,0.0,0.0,0,0,0
787,a,,,4.5,467,285.0,0,0.0,0,0.0,0.0,777,342.0,0,0,0.0,702.0,288.0,0,0,0.0,648.0,251.0,0.0,0.0,0.0,321,1,127,1,-1.0,0.0,0.0,0.0,0.0,0.0,0.0,0.0,0.0,0.0,0.0,700.0,286.0,0.0,696.0,287.0,0.0,678.0,281.0,0.0,701.0,287.0,,,,23,,Sam,Chambers,Chambers,,,0,0,0,0,0,0,0,0,0,0,0,0,0,,,,0.0,0.0,0.0,0.0,0.0,0,0,0
366,a,100.0,100.0,5.4,158,4.0,0,0.0,-1,1.0,6.1,66,10.0,64,0,3.8,88.0,7.0,6,253,3.7,55.0,4.0,0.7,11.9,0.0,526060,167,1214610,278,4.2,4.2,0.0,0.02,0.02,17.1,0.0,0.0,0.0,1.01,289.2,141.0,20.0,0.1,468.0,15.0,0.0,773.0,88.0,28.9,293.0,20.0,,,,23,,Alisson,Becker,A.Becker,,,1530,0,0,6,19,0,0,0,0,0,34,17,63,,,,2.0,0.35,1.12,1.0,0.0,0,26,145
367,a,,,4.2,629,36.0,0,0.0,-3,3.0,0.6,241,32.0,19,0,3.8,82.0,6.0,0,70,0.0,537.0,80.0,0.0,4.5,0.0,149832,12,159678,26,0.5,0.5,0.0,0.0,0.0,7.1,0.0,0.0,0.0,1.42,140.0,269.0,22.0,0.0,600.0,75.0,0.0,569.0,61.0,13.9,367.0,22.0,,,,23,,Giorgi,Mamardashvili,Mamardashvili,,,450,0,0,1,10,0,1,0,0,0,17,5,45,,,,3.4,0.2,2.0,1.0,0.0,0,7,43
368,a,,,3.8,800,91.0,0,0.0,-2,2.0,0.4,263,34.0,0,0,0.0,510.0,32.0,0,0,0.0,427.0,27.0,0.0,0.0,0.0,64493,132,31007,23,0.5,0.5,0.0,0.0,0.0,0.0,0.0,0.0,0.0,0.0,0.0,500.0,32.0,0.0,492.0,18.0,0.0,454.0,3.0,0.0,503.0,32.0,,,,23,,Ármin,Pécsi,Pécsi,,,0,0,0,0,0,0,0,0,0,0,0,0,0,,,,0.0,0.0,0.0,0.0,0.0,0,0,0
369,a,,,3.9,730,72.0,0,0.0,-1,1.0,0.2,380,54.0,0,0,0.0,520.0,41.0,0,0,0.0,438.0,36.0,0.0,0.0,0.0,21680,2,15480,9,0.5,0.5,0.0,0.0,0.0,0.0,0.0,0.0,0.0,0.0,0.0,510.0,41.0,0.0,503.0,28.0,0.0,465.0,13.0,0.0,513.0,41.0,,,,23,,Freddie,Woodman,Woodman,,,0,0,0,0,0,0,0,0,0,0,0,0,0,,,,0.0,0.0,0.0,0.0,0.0,0,0,0
370,a,100.0,100.0,5.8,106,8.0,0,0.0,-2,2.0,6.8,58,19.0,34,0,3.4,136.0,54.0,0,128,3.8,46.0,18.0,0.7,5.9,0.0,579849,448,3061526,361,4.3,4.3,0.34,0.97,1.31,5.33,0.06,0.18,0.24,1.0,72.8,351.0,133.0,132.9,171.0,43.0,92.0,219.0,56.0,29.9,288.0,96.0,,,,23,,Jeremie,Frimpong,Frimpong,,,480,0,4,2,5,0,0,0,0,0,0,5,17,,,,0.0,0.38,0.94,0.94,2.44,2,11,21
371,a,,,5.6,133,16.0,0,0.0,-4,4.0,3.0,109,44.0,53,0,2.5,256.0,99.0,4,243,2.3,158.0,60.0,0.4,9.5,0.0,300176,101,762114,87,2.8,2.8,0.94,0.58,1.52,18.66,0.06,0.04,0.1,1.13,305.8,124.0,53.0,319.2,51.0,7.0,106.0,195.0,49.0,73.2,95.0,25.0,,,,23,,Milos,Kerkez,Kerkez,,,1490,1,0,4,22,0,0,0,4,0,0,18,129,,,,0.0,0.24,1.33,1.09,6.22,34,69,57
372,a,,,5.7,114,10.0,0,0.0,-3,3.0,1.0,184,72.0,24,0,1.8,353.0,134.0,2,112,1.2,254.0,92.0,0.2,4.2,0.0,51286,15,126371,31,1.7,1.7,0.21,0.72,0.92,5.76,0.04,0.13,0.17,1.05,109.8,305.0,115.0,167.6,143.0,35.0,49.0,290.0,91.0,32.7,275.0,91.0,,,,23,,Andrew,Robertson,Robertson,,,493,0,0,2,7,0,0,0,0,0,0,4,39,,,,0.0,0.37,1.28,0.73,5.29,9,20,20
373,a,,,5.9,91,6.0,0,0.0,-1,1.0,22.2,16,5.0,81,0,3.7,106.0,40.0,4,322,2.8,107.0,39.0,0.5,13.7,0.0,2632756,355,3108221,1201,3.3,3.3,0.92,0.69,1.61,24.2,0.04,0.03,0.07,1.1,592.8,10.0,4.0,132.2,173.0,44.0,146.0,138.0,24.0,87.0,60.0,10.0,,,,23,,Virgil,van Dijk,Virgil,,,1980,0,0,7,29,0,0,0,3,0,0,22,229,,,,0.0,0.32,1.32,1.0,9.27,15,189,48
374,d,25.0,25.0,5.4,164,19.0,0,0.0,-1,1.0,3.1,103,41.0,81,0,3.7,104.0,39.0,6,315,3.2,77.0,27.0,0.6,15.0,0.0,551133,5,594967,1292,0.9,0.9,0.81,0.81,1.62,21.63,0.04,0.04,0.08,1.04,478.2,35.0,15.0,107.5,203.0,52.0,73.0,250.0,70.0,66.1,117.0,39.0,,,,23,,Ibrahima,Konaté,Konaté,Personal Reasons - 25% chance of playing,,1876,0,0,7,26,0,0,0,5,0,0,22,212,,,,0.0,0.34,1.25,1.06,8.97,31,156,61
375,i,0.0,0.0,5.0,265,43.0,0,0.0,0,0.0,0.2,381,137.0,42,0,2.8,214.0,82.0,2,157,3.5,61.0,24.0,0.7,8.4,0.0,62480,2,67572,52,0.0,0.0,0.18,0.84,1.02,10.77,0.02,0.08,0.1,1.04,157.4,255.0,103.0,105.2,206.0,53.0,62.0,271.0,78.0,32.3,276.0,92.0,,,,23,,Conor,Bradley,Bradley,Knee injury - Expected back 01 Jun,,928,0,2,4,13,0,0,0,5,0,0,12,82,,,,0.0,0.39,1.26,1.16,6.3,19,46,43
376,a,100.0,100.0,4.9,294,47.0,0,0.0,-1,1.0,0.2,408,148.0,25,0,2.5,253.0,98.0,2,73,0.3,342.0,128.0,0.1,5.1,0.0,22124,11,26828,4,0.8,0.8,0.18,0.53,0.71,3.14,0.07,0.19,0.26,1.15,70.2,355.0,135.0,56.3,298.0,98.0,20.0,354.0,120.0,14.6,363.0,130.0,,,,23,,Joe,Gomez,Gomez,,,246,0,2,2,5,0,0,0,2,0,0,3,20,,,,0.0,0.73,1.83,1.1,6.95,1,18,8
377,u,0.0,0.0,4.8,355,59.0,0,0.0,-2,2.0,0.0,581,211.0,0,0,0.0,738.0,256.0,0,0,0.0,691.0,249.0,0.0,0.0,0.0,1669,0,12177,0,0.0,0.0,0.0,0.0,0.0,0.0,0.0,0.0,0.0,0.0,0.0,738.0,256.0,0.0,733.0,256.0,0.0,721.0,255.0,0.0,738.0,256.0,,,,23,,Konstantinos,Tsimikas,Tsimikas,has joined AS Roma on loan for the rest of the season.,,0,0,0,0,0,0,0,0,0,0,0,0,0,,,,0.0,0.0,0.0,0.0,0.0,0,0,0
378,a,100.0,100.0,3.7,802,262.0,0,0.0,-3,3.0,1.0,179,70.0,0,0,0.0,491.0,172.0,0,0,0.0,404.0,146.0,0.0,0.0,0.0,168321,319,66182,125,0.5,0.5,0.0,0.0,0.0,0.0,0.0,0.0,0.0,0.0,0.0,480.0,171.0,0.0,470.0,170.0,0.0,431.0,159.0,0.0,483.0,171.0,,,,23,,Amara,Nallo,Nallo,,,0,0,0,0,0,0,0,0,0,0,0,0,0,,,,0.0,0.0,0.0,0.0,0.0,0,0,0
379,a,,,3.8,774,235.0,0,0.0,-2,2.0,0.2,356,130.0,0,0,0.0,494.0,174.0,0,0,0.0,409.0,150.0,0.0,0.0,0.0,24467,4,27265,6,0.5,0.5,0.0,0.0,0.0,0.0,0.0,0.0,0.0,0.0,0.0,484.0,174.0,0.0,474.0,173.0,0.0,435.0,162.0,0.0,487.0,174.0,,,,23,,Rhys,Williams,R.Williams,,,0,0,0,0,0,0,0,0,0,0,0,0,0,,,,0.0,0.0,0.0,0.0,0.0,0,0,0
380,a,,,3.8,784,245.0,0,0.0,-2,2.0,0.2,346,126.0,0,0,0.0,499.0,179.0,0,0,0.0,415.0,156.0,0.0,0.0,0.0,26440,5,29246,3,0.5,0.5,0.0,0.0,0.0,0.0,0.0,0.0,0.0,0.0,0.0,489.0,179.0,0.0,480.0,179.0,0.0,441.0,168.0,0.0,492.0,179.0,,,,23,,Calvin,Ramsay,Ramsay,,,0,0,0,0,0,0,0,0,0,0,0,0,0,,,,0.0,0.0,0.0,0.0,0.0,0,0,0
381,a,100.0,100.0,14.0,2,1.0,0,0.0,-5,5.0,14.2,22,9.0,64,0,4.6,31.0,16.0,5,206,0.0,802.0,361.0,0.0,4.6,0.0,1288175,346,5828398,171,0.5,0.5,4.65,2.42,7.07,16.56,0.35,0.18,0.53,1.26,283.2,148.0,54.0,454.7,18.0,17.0,408.0,26.0,13.0,114.6,27.0,22.0,,4.0,1.0,23,,Mohamed,Salah,M.Salah,,,1183,4,3,4,21,0,0,0,1,0,0,12,47,,,,0.0,0.3,1.6,0.91,3.58,3,5,39
382,a,100.0,100.0,8.3,13,8.0,0,0.0,-2,2.0,13.4,30,11.0,81,0,3.9,81.0,40.0,14,339,6.0,7.0,3.0,0.7,9.8,0.0,1650455,2075,3672041,803,6.5,6.5,4.55,3.4,7.94,17.52,0.27,0.2,0.47,1.06,319.0,116.0,41.0,565.3,7.0,7.0,431.0,23.0,10.0,131.6,14.0,12.0,4.0,,,23,,Florian,Wirtz,Wirtz,,,1494,3,2,7,17,0,0,0,1,0,0,17,108,,,,0.0,0.42,1.02,1.02,6.51,24,13,71
383,u,0.0,0.0,8.0,15,10.0,0,0.0,0,0.0,0.0,596,228.0,0,0,0.0,801.0,360.0,0,0,0.0,798.0,358.0,0.0,0.0,0.0,0,0,7293,1,0.0,0.0,0.0,0.0,0.0,0.0,0.0,0.0,0.0,0.0,0.0,801.0,360.0,0.0,801.0,360.0,0.0,801.0,360.0,0.0,801.0,360.0,,,,23,,Luis,Díaz Marulanda,Luis Díaz,Has joined Bayern Munch permanently.,,0,0,0,0,0,0,0,0,0,0,0,0,0,,,,0.0,0.0,0.0,0.0,0.0,0,0,0
384,a,100.0,100.0,7.3,29,20.0,0,0.0,-2,2.0,5.8,71,24.0,78,0,3.9,80.0,39.0,5,285,2.2,178.0,71.0,0.3,10.7,0.0,3267444,212,3628003,399,2.7,2.7,5.04,3.24,8.28,15.16,0.32,0.21,0.53,0.96,320.2,115.0,40.0,419.1,26.0,25.0,494.0,13.0,6.0,123.2,19.0,16.0,3.0,,2.0,23,,Cody,Gakpo,Gakpo,,,1421,5,3,5,21,0,0,0,1,0,0,16,74,,,,0.0,0.32,1.33,1.01,4.69,10,21,43
385,d,50.0,50.0,6.3,67,45.0,0,0.0,-2,2.0,0.3,316,105.0,28,0,1.8,355.0,154.0,0,107,0.8,290.0,130.0,0.1,4.4,0.0,54847,1,65464,40,0.7,0.7,1.17,0.49,1.66,4.39,0.46,0.19,0.65,1.72,111.0,303.0,136.0,33.0,342.0,181.0,106.0,196.0,107.0,24.9,310.0,150.0,,,,23,,Federico,Chiesa,Chiesa,Knock - 50% chance of playing,,230,2,1,0,6,0,0,0,2,0,0,1,25,,,,0.0,0.0,2.35,0.39,9.78,8,11,6
386,a,100.0,100.0,6.2,74,48.0,0,0.0,-3,3.0,1.2,169,59.0,45,0,2.1,313.0,138.0,0,226,1.3,240.0,104.0,0.2,7.3,0.0,158688,40,257848,70,1.8,1.8,2.02,1.04,3.06,16.67,0.13,0.07,0.2,1.07,208.6,204.0,86.0,279.6,69.0,56.0,176.0,110.0,65.0,66.5,116.0,63.0,,,3.0,23,,Alexis,Mac Allister,Mac Allister,,,1398,0,2,5,19,0,0,0,3,0,0,17,116,,,,0.0,0.32,1.22,1.09,7.47,22,34,60
387,a,100.0,100.0,6.6,49,31.0,0,0.0,1,-1.0,5.0,75,25.0,71,0,3.4,137.0,60.0,8,389,1.3,242.0,105.0,0.2,10.8,0.0,1406380,1027,1153395,392,1.8,1.8,3.35,3.15,6.5,22.91,0.16,0.15,0.31,1.1,403.6,61.0,16.0,672.6,2.0,2.0,242.0,70.0,44.0,131.7,13.0,11.0,2.0,2.0,,23,,Dominik,Szoboszlai,Szoboszlai,,,1882,2,1,7,28,0,0,1,5,0,0,21,188,,,,0.0,0.33,1.34,1.0,8.99,29,53,106
388,a,100.0,100.0,5.4,166,103.0,0,0.0,-1,1.0,0.1,424,142.0,39,0,2.1,312.0,137.0,1,244,2.5,143.0,59.0,0.5,7.2,0.0,26598,10,28176,11,3.0,3.0,0.93,2.03,2.96,14.94,0.08,0.17,0.25,1.28,205.8,207.0,87.0,285.2,67.0,54.0,99.0,208.0,117.0,58.8,145.0,80.0,,,,23,,Curtis,Jones,C.Jones,,,1050,0,2,2,19,0,0,0,1,0,0,10,114,,,,0.0,0.17,1.63,0.86,9.77,20,19,75
390,a,100.0,100.0,5.7,120,76.0,0,0.0,2,-2.0,6.0,67,23.0,96,0,4.8,25.0,11.0,13,433,3.8,44.0,20.0,0.7,16.8,0.0,1815046,377,1184416,765,4.3,4.3,1.18,1.43,2.61,19.01,0.06,0.07,0.13,0.97,443.4,45.0,11.0,298.9,62.0,49.0,122.0,171.0,100.0,86.4,63.0,42.0,,,,23,,Ryan,Gravenberch,Gravenberch,,,1758,4,3,7,23,0,0,0,3,0,0,20,181,,,,0.0,0.36,1.18,1.02,9.27,33,62,86
392,a,100.0,100.0,4.9,291,181.0,0,0.0,-1,1.0,0.1,493,174.0,7,0,1.4,398.0,179.0,0,23,0.0,699.0,289.0,0.0,1.4,0.0,6742,1,14369,2,0.5,0.5,0.0,0.0,0.0,1.98,0.0,0.0,0.0,4.14,31.2,406.0,180.0,11.1,393.0,196.0,0.0,729.0,314.0,4.2,431.0,195.0,,,,23,,Endo,Wataru,Endo,,,43,0,1,0,4,0,0,0,1,0,0,0,7,,,,0.0,0.0,8.37,0.0,14.65,4,3,0
393,i,0.0,0.0,4.3,598,347.0,0,0.0,-2,2.0,0.0,624,246.0,0,0,0.0,629.0,236.0,0,0,0.0,563.0,194.0,0.0,0.0,0.0,6555,0,9730,0,0.0,0.0,0.0,0.0,0.0,0.0,0.0,0.0,0.0,0.0,0.0,619.0,227.0,0.0,617.0,232.0,0.0,589.0,220.0,0.0,622.0,229.0,,,,23,,Stefan,Bajčetić Maquieira,Bajcetic,Hamstring injury - Unknown return date,,0,0,0,0,0,0,0,0,0,0,0,0,0,,,,0.0,0.0,0.0,0.0,0.0,0,0,0
394,u,0.0,0.0,4.4,538,322.0,0,0.0,-1,1.0,0.0,666,274.0,0,0,0.0,649.0,249.0,0,0,0.0,587.0,207.0,0.0,0.0,0.0,1737,0,4050,0,0.0,0.0,0.0,0.0,0.0,0.0,0.0,0.0,0.0,0.0,0.0,640.0,241.0,0.0,638.0,246.0,0.0,613.0,235.0,0.0,643.0,243.0,,,,23,,James,McConnell,McConnell,has joined Ajax on loan for the rest of the season.,,0,0,0,0,0,0,0,0,0,0,0,0,0,,,,0.0,0.0,0.0,0.0,0.0,0,0,0
395,u,0.0,0.0,4.5,423,254.0,0,0.0,0,0.0,0.0,778,343.0,0,0,0.0,676.0,265.0,0,0,0.0,619.0,226.0,0.0,0.0,0.0,0,0,355,0,0.0,0.0,0.0,0.0,0.0,0.0,0.0,0.0,0.0,0.0,0.0,670.0,260.0,0.0,668.0,263.0,0.0,647.0,255.0,0.0,673.0,262.0,,,,23,,Tyler,Morton,Morton,Has joined Lyon permanently.,,0,0,0,0,0,0,0,0,0,0,0,0,0,,,,0.0,0.0,0.0,0.0,0.0,0,0,0
396,a,,,4.3,607,354.0,0,0.0,-2,2.0,0.3,293,97.0,2,0,1.0,441.0,196.0,0,5,0.2,362.0,158.0,0.0,0.5,0.0,95856,5,77758,16,0.7,0.7,0.0,0.0,0.0,0.0,0.0,0.0,0.0,0.0,2.2,464.0,215.0,10.3,398.0,199.0,0.0,595.0,226.0,1.3,459.0,213.0,,,,23,,Trey,Nyoni,Nyoni,,,2,0,0,0,0,0,0,0,0,0,0,0,0,,,,0.0,0.0,0.0,0.0,0.0,0,0,0
397,u,0.0,0.0,6.5,52,18.0,0,0.0,0,0.0,0.1,537,75.0,0,0,0.0,797.0,87.0,0,0,0.0,792.0,84.0,0.0,0.0,0.0,0,0,15880,0,0.0,0.0,0.0,0.0,0.0,0.0,0.0,0.0,0.0,0.0,0.0,797.0,87.0,0.0,797.0,87.0,0.0,797.0,87.0,0.0,797.0,87.0,,,,23,,Darwin,Núñez Ribeiro,Darwin,Has joined Al-Hilal permanently.,,0,0,0,0,0,0,0,0,0,0,0,0,0,,,,0.0,0.0,0.0,0.0,0.0,0,0,0
398,i,0.0,0.0,4.3,594,81.0,0,0.0,-2,2.0,0.1,465,66.0,0,0,0.0,627.0,63.0,0,0,0.0,561.0,53.0,0.0,0.0,0.0,8550,0,19005,1,0.0,0.0,0.0,0.0,0.0,0.0,0.0,0.0,0.0,0.0,0.0,617.0,63.0,0.0,614.0,62.0,0.0,586.0,62.0,0.0,620.0,63.0,,,,23,,Jayden,Danns,Danns,Hamstring injury - Unknown return date,,0,0,0,0,0,0,0,0,0,0,0,0,0,,,,0.0,0.0,0.0,0.0,0.0,0,0,0
499,i,0.0,0.0,10.3,4,2.0,0,0.0,-2,2.0,3.7,93,16.0,29,0,2.9,209.0,20.0,2,96,0.0,801.0,88.0,0.0,2.8,0.0,1796641,1,2399120,100,0.0,0.0,2.04,0.07,2.11,5.1,0.37,0.01,0.38,0.92,97.6,320.0,31.0,36.5,337.0,41.0,143.0,142.0,34.0,26.9,302.0,36.0,,,,23,,Alexander,Isak,Isak,Ankle injury - Unknown return date,,501,2,1,1,7,0,0,0,0,0,0,6,23,,,,0.0,0.18,1.26,1.08,4.13,6,6,11
661,a,100.0,100.0,8.9,7,3.0,0,0.0,4,-4.0,26.6,13,4.0,86,0,4.5,42.0,4.0,16,305,1.5,232.0,30.0,0.2,9.7,0.0,6742164,1291,5708236,2596,2.0,2.0,6.45,1.64,8.09,16.66,0.48,0.12,0.6,1.23,363.0,89.0,8.0,183.0,133.0,7.0,508.0,11.0,7.0,104.4,37.0,8.0,,,,23,,Hugo,Ekitiké,Ekitiké,,,1218,8,2,5,16,0,0,0,0,0,0,14,54,,,,0.0,0.37,1.18,1.03,3.99,7,22,25
686,a,,,4.3,612,357.0,0,0.0,-2,2.0,0.7,216,74.0,12,0,1.7,357.0,155.0,0,51,0.3,333.0,148.0,0.1,2.8,0.0,213867,57,152560,74,0.8,0.8,0.37,0.32,0.69,1.59,0.56,0.48,1.04,2.38,49.8,381.0,168.0,58.2,296.0,168.0,33.0,319.0,167.0,14.2,365.0,171.0,,,,23,,Rio,Ngumoha,Ngumoha,,,60,1,0,0,2,0,0,0,0,0,0,0,3,,,,0.0,0.0,3.0,0.0,4.5,1,0,2
692,i,0.0,0.0,4.9,345,57.0,0,0.0,-1,1.0,0.0,697,239.0,0,0,0.0,759.0,257.0,0,0,0.0,723.0,252.0,0.0,0.0,0.0,1759,0,2418,0,0.0,0.0,0.0,0.0,0.0,0.0,0.0,0.0,0.0,0.0,0.0,759.0,257.0,0.0,755.0,257.0,0.0,747.0,256.0,0.0,759.0,257.0,,,,23,,Giovanni,Leoni,Leoni,Knee injury - Expected back 01 Sep,,0,0,0,0,0,0,0,0,0,0,0,0,0,,,,0.0,0.0,0.0,0.0,0.0,0,0,0
746,a,,,4.5,484,298.0,0,0.0,0,0.0,0.0,733,313.0,0,0,0.0,716.0,298.0,0,0,0.0,662.0,261.0,0.0,0.0,0.0,835,1,605,1,0.5,0.5,0.0,0.0,0.0,0.0,0.0,0.0,0.0,0.0,0.0,715.0,297.0,0.0,710.0,297.0,0.0,693.0,292.0,0.0,715.0,297.0,,,,23,,Kieran,Morrison,Morrison,,,0,0,0,0,0,0,0,0,0,0,0,0,0,,,,0.0,0.0,0.0,0.0,0.0,0,0,0
760,a,,,4.0,691,182.0,0,0.0,0,0.0,0.0,717,246.0,0,0,0.0,587.0,220.0,0,0,0.0,505.0,199.0,0.0,0.0,0.0,651,1,442,4,0.5,0.5,0.0,0.0,0.0,0.0,0.0,0.0,0.0,0.0,0.0,576.0,219.0,0.0,571.0,220.0,0.0,536.0,213.0,0.0,579.0,219.0,,,,23,,Wellity,Lucky,Lucky,,,0,0,0,0,0,0,0,0,0,0,0,0,0,,,,0.0,0.0,0.0,0.0,0.0,0,0,0
82,a,100.0,100.0,7.7,19,14.0,0,0.0,7,-7.0,46.6,2,1.0,122,0,5.8,7.0,4.0,14,405,3.8,49.0,21.0,0.5,15.8,0.0,9948755,1846,5584481,2955,4.3,4.3,6.74,1.98,8.72,32.94,0.32,0.09,0.41,1.57,564.2,13.0,4.0,379.3,35.0,34.0,622.0,4.0,1.0,156.7,4.0,2.0,,,,23,,Antoine,Semenyo,Semenyo,,,1890,10,5,5,40,0,0,1,6,0,0,21,163,,,,0.0,0.24,1.9,1.0,7.76,30,29,104
182,a,,,4.5,421,23.0,0,0.0,-5,5.0,0.9,187,24.0,11,0,3.7,97.0,8.0,0,62,0.0,617.0,87.0,0.0,2.4,0.0,99029,1,268246,24,0.5,0.5,0.0,0.0,0.0,3.97,0.0,0.0,0.0,1.32,100.2,315.0,25.0,0.0,666.0,83.0,0.0,645.0,71.0,10.1,390.0,26.0,,,,23,,James,Trafford,Trafford,,,270,0,0,1,4,0,0,0,0,0,11,3,41,,,,3.67,0.33,1.33,1.0,0.0,2,6,33
260,a,100.0,100.0,5.2,206,28.0,0,0.0,7,-7.0,37.5,4,1.0,105,0,5.2,10.0,3.0,8,374,2.0,185.0,69.0,0.4,20.2,0.0,5343116,1249,2343634,4362,2.5,2.5,1.94,1.51,3.45,27.62,0.1,0.08,0.18,1.38,489.8,28.0,11.0,137.0,168.0,41.0,212.0,87.0,9.0,83.9,68.0,13.0,,,,23,,Marc,Guéhi,Guéhi,,,1800,2,4,7,23,0,0,0,4,0,0,20,199,,,,0.0,0.35,1.15,1.0,8.2,30,134,88
399,u,0.0,0.0,5.3,183,5.0,0,0.0,-2,2.0,0.8,198,25.0,0,0,0.0,776.0,91.0,0,0,0.0,752.0,91.0,0.0,0.0,0.0,15200,0,271497,3,0.0,0.0,0.0,0.0,0.0,0.0,0.0,0.0,0.0,0.0,0.0,776.0,91.0,0.0,775.0,90.0,0.0,770.0,87.0,0.0,776.0,91.0,,,,23,,Ederson,Santana de Moraes,Ederson M.,has joined Fenerbache permanently.,,0,0,0,0,0,0,0,0,0,0,0,0,0,,,,0.0,0.0,0.0,0.0,0.0,0,0,0
400,a,,,4.7,373,16.0,0,0.0,-3,3.0,0.2,402,61.0,0,0,0.0,734.0,89.0,0,0,0.0,682.0,88.0,0.0,0.0,0.0,3100,1,19301,3,0.5,0.5,0.0,0.0,0.0,0.0,0.0,0.0,0.0,0.0,0.0,734.0,89.0,0.0,729.0,85.0,0.0,715.0,76.0,0.0,734.0,89.0,,,,23,,Stefan,Ortega Moreno,Ortega Moreno,,,0,0,0,0,0,0,0,0,0,0,0,0,0,,,,0.0,0.0,0.0,0.0,0.0,0,0,0
401,a,100.0,100.0,3.8,772,90.0,0,0.0,-2,2.0,0.2,398,59.0,0,0,0.0,493.0,31.0,0,0,0.0,407.0,26.0,0.0,0.0,0.0,13440,78,16179,31,0.5,0.5,0.0,0.0,0.0,0.0,0.0,0.0,0.0,0.0,0.0,483.0,31.0,0.0,473.0,17.0,0.0,434.0,2.0,0.0,486.0,31.0,,,,23,,Marcus,Bettinelli,Bettinelli,,,0,0,0,0,0,0,0,0,0,0,0,0,0,,,,0.0,0.0,0.0,0.0,0.0,0,0,0
402,a,100.0,100.0,5.7,121,12.0,0,0.0,-3,3.0,3.8,91,33.0,13,0,2.2,298.0,111.0,1,42,0.2,399.0,145.0,0.0,2.3,0.0,514877,29,2383760,52,0.7,0.7,0.04,0.51,0.55,3.12,0.02,0.21,0.23,1.31,46.6,385.0,146.0,39.3,332.0,113.0,11.0,375.0,134.0,9.7,393.0,141.0,,,,23,,Rayan,Aït-Nouri,Aït-Nouri,,,214,0,0,1,2,0,0,0,1,0,0,3,31,,,,0.0,0.42,0.84,1.26,9.67,9,14,8
403,i,0.0,0.0,6.0,89,5.0,0,0.0,0,0.0,4.2,83,27.0,77,0,4.8,26.0,13.0,5,291,1.7,212.0,79.0,0.3,12.8,0.0,1373668,1,2070553,1152,0.0,0.0,2.19,0.64,2.83,15.29,0.15,0.04,0.19,1.06,354.6,90.0,40.0,104.7,208.0,55.0,193.0,100.0,14.0,65.3,119.0,40.0,,,,23,,Joško,Gvardiol,Gvardiol,Leg injury - Unknown return date,,1301,2,2,6,13,0,0,0,2,0,0,15,115,,,,0.0,0.42,0.9,1.04,6.85,17,82,48
404,u,0.0,0.0,5.4,167,20.0,0,0.0,-1,1.0,0.3,332,123.0,0,0,0.0,780.0,261.0,0,0,0.0,763.0,259.0,0.0,0.0,0.0,9281,0,85004,1,0.0,0.0,0.0,0.0,0.0,0.0,0.0,0.0,0.0,0.0,0.0,780.0,261.0,0.0,779.0,261.0,0.0,775.0,260.0,0.0,780.0,261.0,,,,23,,Manuel,Akanji,Akanji,has joined Inter Milan on loan for the rest of the season.,,0,0,0,0,0,0,0,0,0,0,0,0,0,,,,0.0,0.0,0.0,0.0,0.0,0,0,0
405,a,,,5.3,184,24.0,0,0.0,-2,2.0,0.6,225,84.0,25,0,2.1,311.0,117.0,1,106,2.2,170.0,67.0,0.4,4.7,0.0,41655,29,76455,42,2.7,2.7,0.28,0.44,0.72,7.84,0.05,0.08,0.13,1.46,93.6,326.0,127.0,83.1,243.0,70.0,25.0,342.0,113.0,20.3,332.0,112.0,,,,23,,Nathan,Aké,Aké,,,484,0,0,2,7,0,0,0,1,0,0,4,38,,,,0.0,0.37,1.3,0.74,6.51,9,26,12
406,a,100.0,100.0,5.4,181,22.0,0,0.0,-1,1.0,0.4,280,105.0,18,0,2.2,295.0,110.0,0,90,1.0,276.0,100.0,0.2,3.3,0.0,43796,50,60256,44,1.5,1.5,0.0,0.07,0.07,7.98,0.0,0.01,0.01,1.53,96.6,322.0,124.0,18.6,376.0,137.0,0.0,782.0,262.0,11.6,377.0,134.0,,,,23,,Abdukodir,Khusanov,Khusanov,,,469,0,0,1,5,0,0,0,1,0,0,5,56,,,,0.0,0.19,0.96,0.96,9.02,13,34,21
407,d,75.0,75.0,5.5,150,17.0,0,0.0,0,0.0,3.2,99,37.0,94,0,4.9,19.0,8.0,11,391,3.0,95.0,34.0,0.5,17.1,0.0,746371,13,416717,2492,2.6,2.6,0.25,1.17,1.42,18.81,0.01,0.07,0.08,1.07,417.6,51.0,24.0,237.9,90.0,21.0,52.0,287.0,89.0,71.0,97.0,27.0,,,4.0,23,,Matheus,Nunes,Matheus N.,Illness - 75% chance of playing,,1575,1,4,7,16,0,0,0,3,0,0,17,169,,,,0.0,0.4,0.91,0.97,7.49,41,90,101
408,i,0.0,0.0,5.6,127,13.0,0,0.0,1,-1.0,3.7,92,34.0,95,0,4.8,23.0,11.0,3,380,2.3,156.0,59.0,0.4,17.0,0.0,911013,1,976490,964,0.0,0.0,0.5,0.48,0.98,19.73,0.03,0.03,0.06,1.04,458.0,38.0,17.0,91.8,226.0,64.0,94.0,215.0,55.0,64.5,125.0,42.0,,,,23,,Rúben,dos Santos Gato Alves Dias,Rúben,Hamstring injury - Expected back 11 Feb,,1705,2,0,10,16,0,0,0,2,0,0,19,156,,,,0.0,0.53,0.84,1.0,6.97,7,125,59
409,i,0.0,0.0,5.4,157,18.0,0,0.0,-1,1.0,0.6,240,90.0,12,0,1.7,365.0,138.0,0,45,0.0,760.0,258.0,0.0,2.2,0.0,50180,2,107582,13,0.0,0.0,0.0,0.06,0.06,5.05,0.0,0.02,0.02,1.29,76.6,345.0,130.0,19.6,375.0,136.0,2.0,429.0,158.0,9.8,392.0,140.0,,,,23,,John,Stones,Stones,Thigh injury - Unknown return date,,351,0,0,1,8,0,0,0,0,0,0,4,34,,,,0.0,0.26,2.05,1.03,4.87,0,19,17
410,a,100.0,100.0,4.6,393,69.0,0,0.0,-4,4.0,1.3,167,64.0,19,0,1.9,329.0,128.0,2,75,0.2,380.0,143.0,0.0,4.1,0.0,364877,9,450390,31,0.7,0.7,0.11,1.31,1.42,5.04,0.03,0.38,0.41,1.46,67.4,360.0,137.0,97.3,218.0,61.0,43.0,300.0,96.0,20.7,327.0,109.0,,,,23,,Rico,Lewis,Lewis,,,311,0,1,1,5,0,0,0,1,0,0,3,23,,,,0.0,0.29,1.45,0.87,5.5,5,14,10
411,a,100.0,100.0,5.1,235,36.0,0,0.0,1,-1.0,6.9,57,18.0,78,0,3.7,103.0,38.0,2,302,0.7,301.0,109.0,0.1,15.3,0.0,1888872,88,1068985,2842,1.2,1.2,2.06,1.42,3.48,20.65,0.12,0.08,0.2,1.22,345.8,94.0,41.0,258.5,81.0,20.0,200.0,91.0,10.0,80.5,77.0,16.0,,,,23,,Nico,O'Reilly,O'Reilly,,,1521,1,3,8,15,0,0,0,4,0,0,16,135,,,,0.0,0.47,0.89,0.95,6.69,47,66,66
412,u,0.0,0.0,5.0,280,44.0,0,0.0,0,0.0,0.0,755,256.0,0,0,0.0,773.0,259.0,0,0,0.0,742.0,255.0,0.0,0.0,0.0,0,0,844,0,0.0,0.0,0.0,0.0,0.0,0.0,0.0,0.0,0.0,0.0,0.0,773.0,259.0,0.0,771.0,259.0,0.0,765.0,258.0,0.0,773.0,259.0,,,,23,,Vitor,de Oliveira Nunes dos Reis,Vitor Reis,Has joined Girona on loan for the rest of the season.,,0,0,0,0,0,0,0,0,0,0,0,0,0,,,,0.0,0.0,0.0,0.0,0.0,0,0,0
413,a,100.0,100.0,8.3,12,7.0,0,0.0,-2,2.0,2.3,118,39.0,16,0,1.6,383.0,172.0,2,52,0.0,799.0,359.0,0.0,1.9,0.0,209634,80,1234319,74,0.5,0.5,1.25,0.46,1.71,2.47,0.55,0.2,0.75,1.09,41.4,391.0,171.0,39.1,333.0,179.0,93.0,218.0,122.0,17.2,353.0,167.0,,1.0,2.0,23,,Omar,Marmoush,Marmoush,,,204,0,1,0,3,0,0,0,0,0,0,2,16,,,,0.0,0.0,1.32,0.88,7.06,3,4,9
414,a,100.0,100.0,8.6,10,5.0,0,0.0,6,-6.0,23.8,14,4.0,101,0,5.0,16.0,8.0,10,437,1.7,216.0,92.0,0.2,11.7,0.0,6140292,146,3479340,14526,2.2,2.2,4.95,3.47,8.42,19.48,0.28,0.19,0.47,1.09,442.8,46.0,12.0,661.0,3.0,3.0,366.0,34.0,20.0,146.7,8.0,6.0,1.0,3.0,,23,,Phil,Foden,Foden,,,1612,7,2,9,14,0,0,0,3,0,0,19,115,,,,0.0,0.5,0.78,1.06,6.42,22,20,73
415,i,0.0,0.0,6.9,44,26.0,0,0.0,-1,1.0,0.4,265,91.0,26,0,1.7,369.0,162.0,0,87,0.3,348.0,155.0,0.0,3.8,0.0,33113,2,111451,17,0.0,0.0,1.28,1.18,2.46,6.39,0.22,0.2,0.42,1.08,75.0,346.0,154.0,138.1,166.0,113.0,218.0,81.0,51.0,43.1,222.0,112.0,,,,23,,Sávio,Moreira de Oliveira,Savinho,Thigh injury - Expected back 21 Feb,,531,0,2,2,5,0,0,0,1,0,0,5,44,,,,0.0,0.34,0.85,0.85,7.46,5,9,30
416,a,,,6.2,73,47.0,0,0.0,-3,3.0,0.5,250,83.0,48,0,2.2,300.0,132.0,0,242,1.7,213.0,90.0,0.3,7.7,0.0,70940,22,116725,32,2.2,2.2,0.69,1.77,2.46,20.8,0.04,0.1,0.14,1.19,188.8,222.0,94.0,336.2,45.0,40.0,105.0,201.0,112.0,62.9,130.0,70.0,5.0,,,23,,Bernardo,Mota Veiga de Carvalho e Silva,Bernardo,,,1572,0,2,7,17,0,0,0,5,0,0,18,134,,,,0.0,0.4,0.97,1.03,7.67,21,35,78
417,a,100.0,100.0,6.7,48,30.0,0,0.0,2,-2.0,13.1,32,12.0,77,0,4.5,40.0,19.0,11,334,4.0,36.0,15.0,0.6,11.5,0.0,2505642,574,1842531,3650,4.5,4.5,1.71,5.6,7.31,12.7,0.18,0.57,0.75,1.3,344.2,95.0,31.0,519.8,14.0,14.0,273.0,62.0,38.0,113.9,29.0,24.0,2.0,4.0,,23,,Rayan,Cherki,Cherki,,,879,2,8,4,9,0,0,0,1,0,0,10,84,,,,0.0,0.41,0.92,1.02,8.6,16,11,57
418,a,100.0,100.0,6.4,59,37.0,0,0.0,-1,1.0,3.0,107,32.0,71,0,3.7,109.0,48.0,9,302,2.0,188.0,78.0,0.3,11.1,0.0,2116135,172,1987442,301,2.5,2.5,1.81,4.25,6.06,15.19,0.14,0.33,0.47,1.18,300.4,132.0,46.0,557.0,9.0,9.0,380.0,30.0,17.0,123.6,18.0,15.0,,,3.0,23,,Jérémy,Doku,Doku,,,1163,1,7,5,13,0,0,0,0,0,0,13,78,,,,0.0,0.39,1.01,1.01,6.04,15,10,53
420,u,0.0,0.0,6.3,64,42.0,0,0.0,-2,2.0,0.1,541,194.0,0,0,0.0,794.0,356.0,0,0,0.0,787.0,352.0,0.0,0.0,0.0,1928,0,19768,0,0.0,0.0,0.0,0.0,0.0,0.0,0.0,0.0,0.0,0.0,0.0,794.0,356.0,0.0,794.0,356.0,0.0,794.0,356.0,0.0,794.0,356.0,,,,23,,İlkay,Gündoğan,Gündoğan,has joined Galatasaray permanently.,,0,0,0,0,0,0,0,0,0,0,0,0,0,,,,0.0,0.0,0.0,0.0,0.0,0,0,0
421,a,100.0,100.0,6.3,66,44.0,0,0.0,-2,2.0,0.4,258,87.0,22,0,2.2,301.0,133.0,1,125,1.7,214.0,91.0,0.3,3.5,0.0,51523,34,93583,28,2.2,2.2,0.14,0.77,0.91,8.78,0.02,0.13,0.15,1.46,117.2,296.0,132.0,149.0,160.0,108.0,33.0,320.0,168.0,29.9,289.0,140.0,,,,23,,Rodrigo 'Rodri',Hernandez Cascante,Rodrigo,,,543,0,0,1,6,0,0,0,1,0,0,6,79,,,,0.0,0.17,0.99,0.99,13.09,17,19,43
422,i,0.0,0.0,5.9,90,57.0,0,0.0,-1,1.0,0.0,672,278.0,1,0,1.0,478.0,228.0,0,3,0.0,783.0,348.0,0.0,0.2,0.0,2378,1,3263,0,0.0,0.0,0.0,0.0,0.0,0.0,0.0,0.0,0.0,0.0,2.6,463.0,214.0,0.8,446.0,218.0,0.0,790.0,353.0,0.3,478.0,222.0,,,,23,,Mateo,Kovačić,Kovačić,Ankle injury - Unknown return date,,4,0,0,0,0,0,0,0,0,0,0,0,0,,,,0.0,0.0,0.0,0.0,0.0,0,0,0
423,d,25.0,25.0,5.9,99,64.0,0,0.0,-1,1.0,0.1,462,157.0,55,0,2.9,205.0,90.0,1,287,1.5,229.0,97.0,0.3,9.3,0.0,26664,0,29024,25,0.5,0.5,0.56,0.91,1.47,15.72,0.04,0.06,0.1,1.06,269.0,159.0,58.0,183.5,132.0,95.0,64.0,266.0,144.0,51.6,186.0,99.0,,,,23,,Nico,González Iglesias,N.Gonzalez,Knock - 25% chance of playing,,1331,1,0,7,13,0,0,0,4,0,0,15,172,,,,0.0,0.47,0.88,1.01,11.63,33,63,76
424,i,0.0,0.0,5.1,236,145.0,0,0.0,-4,4.0,0.2,379,131.0,18,0,2.0,323.0,142.0,0,82,0.0,748.0,326.0,0.0,3.5,0.0,81603,0,95011,7,0.0,0.0,0.4,1.15,1.55,5.1,0.08,0.22,0.3,0.99,69.8,356.0,157.0,154.3,154.0,105.0,87.0,224.0,124.0,31.2,284.0,138.0,,,,23,,Oscar,Bobb,Bobb,Hamstring injury - Unknown return date,,464,0,1,2,5,0,0,0,1,0,0,5,29,,,,0.0,0.39,0.97,0.97,5.62,8,3,18
425,u,0.0,0.0,5.4,180,113.0,0,0.0,-1,1.0,0.0,721,308.0,0,0,0.0,786.0,349.0,0,0,0.0,771.0,340.0,0.0,0.0,0.0,194,0,3221,0,0.0,0.0,0.0,0.0,0.0,0.0,0.0,0.0,0.0,0.0,0.0,786.0,349.0,0.0,785.0,349.0,0.0,781.0,348.0,0.0,786.0,349.0,,,,23,,Claudio,Echeverri,Echeverri,has joined Girona on loan for the rest of the season.,,0,0,0,0,0,0,0,0,0,0,0,0,0,,,,0.0,0.0,0.0,0.0,0.0,0,0,0
427,a,,,5.2,210,132.0,0,0.0,-3,3.0,11.7,38,14.0,79,0,3.8,87.0,41.0,6,308,3.7,54.0,22.0,0.7,15.2,0.0,3502304,174,4637944,1002,4.2,4.2,3.61,1.77,5.38,15.99,0.24,0.12,0.36,1.07,320.2,114.0,39.0,295.9,64.0,51.0,368.0,33.0,19.0,97.9,46.0,33.0,3.0,,,23,,Tijjani,Reijnders,Reijnders,,,1342,5,2,6,15,0,0,0,2,0,0,16,81,,,,0.0,0.4,1.01,1.07,5.43,8,26,47
428,u,0.0,0.0,5.0,276,170.0,0,0.0,0,0.0,0.0,708,301.0,0,0,0.0,769.0,337.0,0,0,0.0,738.0,317.0,0.0,0.0,0.0,73,0,2461,0,0.0,0.0,0.0,0.0,0.0,0.0,0.0,0.0,0.0,0.0,0.0,769.0,337.0,0.0,767.0,337.0,0.0,761.0,335.0,0.0,769.0,337.0,,,,23,,Sverre,Nypan,Nypan,Has joined Middlesbrough on loan for the rest of the season.,,0,0,0,0,0,0,0,0,0,0,0,0,0,,,,0.0,0.0,0.0,0.0,0.0,0,0,0
429,a,,,4.8,348,219.0,0,0.0,-2,2.0,0.1,534,189.0,0,0,0.0,737.0,314.0,0,0,0.0,689.0,282.0,0.0,0.0,0.0,3968,1,7824,1,0.5,0.5,0.0,0.0,0.0,0.0,0.0,0.0,0.0,0.0,0.0,737.0,314.0,0.0,732.0,314.0,0.0,719.0,310.0,0.0,737.0,314.0,,,,23,,Kalvin,Phillips,Phillips,,,0,0,0,0,0,0,0,0,0,0,0,0,0,,,,0.0,0.0,0.0,0.0,0.0,0,0,0
430,a,100.0,100.0,15.1,1,1.0,0,0.0,11,-11.0,73.9,1,1.0,165,0,7.5,2.0,1.0,31,673,2.3,163.0,19.0,0.2,10.9,0.0,6643422,243,1026361,1748,2.8,2.8,18.6,1.26,19.86,24.8,0.88,0.06,0.94,1.17,828.6,1.0,1.0,154.3,155.0,13.0,1033.0,1.0,1.0,201.7,1.0,1.0,,,1.0,23,,Erling,Haaland,Haaland,,,1901,20,4,10,20,0,0,1,0,0,0,22,72,,,,0.0,0.47,0.95,1.04,3.41,11,34,27
736,a,,,5.7,115,2.0,0,0.0,2,-2.0,9.7,45,7.0,71,0,3.7,105.0,12.0,0,312,2.3,159.0,18.0,0.4,12.5,0.0,1880007,194,1009138,1538,2.8,2.8,0.0,0.0,0.0,21.54,0.0,0.0,0.0,1.13,372.2,85.0,15.0,0.0,790.0,91.0,0.0,788.0,90.0,37.3,254.0,15.0,,,,23,,Gianluigi,Donnarumma,Donnarumma,,,1710,0,0,8,17,0,1,0,5,0,43,19,55,,,,2.26,0.42,0.89,1.0,0.0,0,25,122
739,a,,,4.4,555,333.0,0,0.0,-1,1.0,0.0,662,272.0,2,0,1.0,446.0,201.0,0,5,0.2,368.0,162.0,0.0,0.5,0.0,3336,2,2686,3,0.7,0.7,0.0,0.21,0.21,0.34,0.0,0.76,0.76,1.22,4.2,454.0,208.0,28.3,353.0,184.0,4.0,408.0,202.0,3.7,435.0,197.0,,,,23,,Divine,Mukasa,Mukasa,,,25,0,0,0,0,0,0,0,0,0,0,0,1,,,,0.0,0.0,0.0,0.0,3.6,0,0,1
740,a,,,3.9,761,224.0,0,0.0,-1,1.0,0.0,603,216.0,0,0,0.0,543.0,197.0,0,0,0.0,461.0,176.0,0.0,0.0,0.0,3061,0,3243,4,0.5,0.5,0.0,0.0,0.0,0.0,0.0,0.0,0.0,0.0,0.0,533.0,197.0,0.0,526.0,198.0,0.0,489.0,189.0,0.0,536.0,197.0,,,,23,,Stephen,Mfuni,Mfuni,,,0,0,0,0,0,0,0,0,0,0,0,0,0,,,,0.0,0.0,0.0,0.0,0.0,0,0,0
742,a,,,4.5,495,307.0,0,0.0,0,0.0,0.0,719,307.0,0,0,0.0,724.0,305.0,0,0,0.0,671.0,269.0,0.0,0.0,0.0,1298,0,1060,0,0.5,0.5,0.0,0.0,0.0,0.0,0.0,0.0,0.0,0.0,0.0,724.0,305.0,0.0,719.0,305.0,0.0,702.0,300.0,0.0,724.0,305.0,,,,23,,Ryan,McAidoo,McAidoo,,,0,0,0,0,0,0,0,0,0,0,0,0,0,,,,0.0,0.0,0.0,0.0,0.0,0,0,0
763,a,,,4.5,450,271.0,0,0.0,0,0.0,0.0,776,341.0,0,0,0.0,692.0,280.0,0,0,0.0,637.0,242.0,0.0,0.0,0.0,257,0,153,1,0.5,0.5,0.0,0.0,0.0,0.0,0.0,0.0,0.0,0.0,0.0,688.0,276.0,0.0,685.0,278.0,0.0,665.0,270.0,0.0,689.0,277.0,,,,23,,Charlie,Gray,Gray,,,0,0,0,0,0,0,0,0,0,0,0,0,0,,,,0.0,0.0,0.0,0.0,0.0,0,0,0
764,a,,,4.5,478,293.0,0,0.0,0,0.0,0.0,784,346.0,0,0,0.0,710.0,293.0,0,0,0.0,656.0,256.0,0.0,0.0,0.0,126,0,83,0,0.5,0.5,0.0,0.0,0.0,0.0,0.0,0.0,0.0,0.0,0.0,709.0,292.0,0.0,704.0,292.0,0.0,687.0,287.0,0.0,709.0,292.0,,,,23,,Reigan,Heskey,Heskey,,,0,0,0,0,0,0,0,0,0,0,0,0,0,,,,0.0,0.0,0.0,0.0,0.0,0,0,0
794,a,,,4.5,442,90.0,0,0.0,0,0.0,0.0,664,230.0,5,0,2.5,251.0,97.0,0,27,1.7,205.0,77.0,0.4,1.1,0.0,4728,3,2258,20,2.2,2.2,0.26,0.06,0.32,1.54,0.17,0.04,0.21,1.03,34.0,402.0,153.0,14.8,381.0,140.0,26.0,337.0,110.0,7.5,409.0,148.0,,,,23,,Max,Alleyne,Alleyne,,,135,0,0,0,1,0,0,0,0,0,0,2,11,,,,0.0,0.0,0.67,1.33,7.33,3,8,4
119,a,100.0,100.0,8.2,14,9.0,0,0.0,2,-2.0,11.4,39,15.0,83,0,4.9,21.0,10.0,11,317,1.5,230.0,98.0,0.2,10.1,0.0,5039308,5813,5427473,162,1.5,0.5,6.15,3.41,9.56,21.19,0.38,0.21,0.59,1.29,394.0,65.0,19.0,474.4,16.0,15.0,585.0,7.0,2.0,145.3,9.0,7.0,2.0,2.0,,23,,Bryan,Mbeumo,Mbeumo,,,1475,7,1,3,25,0,0,0,3,0,0,17,76,,,,0.0,0.18,1.53,1.04,4.64,13,7,56
431,a,,,4.7,382,17.0,0,0.0,-3,3.0,0.3,306,41.0,11,0,1.8,346.0,28.0,0,49,0.0,685.0,89.0,0.0,2.3,0.0,34890,4,59718,5,0.0,-1.0,0.0,0.05,0.05,9.24,0.0,0.01,0.01,1.54,118.4,292.0,23.0,10.0,404.0,9.0,0.0,716.0,77.0,12.8,370.0,23.0,,,,23,,Altay,Bayındır,Bayindir,,,540,0,0,0,11,0,0,0,0,0,13,6,46,,,,2.17,0.0,1.83,1.0,0.0,0,7,39
432,u,0.0,0.0,4.9,298,12.0,0,0.0,-1,1.0,0.1,414,63.0,0,0,0.0,745.0,90.0,0,0,0.0,703.0,90.0,0.0,0.0,0.0,5156,0,26266,1,0.0,0.0,0.0,0.0,0.0,0.0,0.0,0.0,0.0,0.0,0.0,745.0,90.0,0.0,741.0,87.0,0.0,732.0,81.0,0.0,745.0,90.0,,,,23,,André,Onana,Onana,has joined Trabzonspor on loan for the rest of the season.,,0,0,0,0,0,0,0,0,0,0,0,0,0,,,,0.0,0.0,0.0,0.0,0.0,0,0,0
433,u,0.0,0.0,4.0,703,62.0,0,0.0,0,0.0,0.0,785,91.0,0,0,0.0,597.0,80.0,0,0,0.0,516.0,75.0,0.0,0.0,0.0,0,0,243,0,0.0,0.0,0.0,0.0,0.0,0.0,0.0,0.0,0.0,0.0,0.0,586.0,80.0,0.0,581.0,69.0,0.0,547.0,54.0,0.0,589.0,80.0,,,,23,,Elyh,Harrison,Harrison,On loan to Shrewsbury Town,,0,0,0,0,0,0,0,0,0,0,0,0,0,,,,0.0,0.0,0.0,0.0,0.0,0,0,0
434,a,,,3.9,720,63.0,0,0.0,-1,1.0,0.3,331,45.0,0,0,0.0,512.0,33.0,0,0,0.0,429.0,28.0,0.0,0.0,0.0,14718,1,21632,14,0.0,-1.0,0.0,0.0,0.0,0.0,0.0,0.0,0.0,0.0,0.0,502.0,33.0,0.0,494.0,19.0,0.0,456.0,4.0,0.0,505.0,33.0,,,,23,,Tom,Heaton,Heaton,,,0,0,0,0,0,0,0,0,0,0,0,0,0,,,,0.0,0.0,0.0,0.0,0.0,0,0,0
435,a,,,3.9,743,78.0,0,0.0,-1,1.0,0.1,468,72.0,0,0,0.0,528.0,47.0,0,0,0.0,446.0,42.0,0.0,0.0,0.0,4986,1,7773,1,0.0,-1.0,0.0,0.0,0.0,0.0,0.0,0.0,0.0,0.0,0.0,518.0,47.0,0.0,511.0,34.0,0.0,474.0,19.0,0.0,521.0,47.0,,,,23,,Dermot,Mee,Mee,,,0,0,0,0,0,0,0,0,0,0,0,0,0,,,,0.0,0.0,0.0,0.0,0.0,0,0,0
436,i,0.0,0.0,4.9,303,49.0,0,0.0,-1,1.0,2.0,132,52.0,43,0,3.3,145.0,57.0,5,169,0.0,704.0,250.0,0.0,8.8,0.0,419159,3,531702,66,0.0,0.0,1.38,0.83,2.21,18.73,0.11,0.06,0.17,1.44,276.6,150.0,63.0,60.2,290.0,95.0,122.0,169.0,32.0,45.7,207.0,68.0,,,,23,,Matthijs,de Ligt,De Ligt,Back injury - Unknown return date,,1170,1,0,1,20,0,0,0,0,0,0,13,139,,,,0.0,0.08,1.54,1.0,8.23,19,88,40
437,a,100.0,100.0,4.8,359,62.0,0,0.0,-2,2.0,0.6,235,87.0,30,0,3.0,187.0,73.0,2,110,4.2,26.0,9.0,0.9,6.2,0.0,91824,296,45814,48,4.2,3.2,0.05,0.21,0.26,4.61,0.01,0.03,0.04,0.76,138.0,272.0,106.0,52.5,306.0,102.0,8.0,389.0,144.0,20.0,334.0,114.0,,,,23,,Lisandro,Martínez,Martinez,,,544,0,0,2,6,0,0,0,0,0,0,5,49,,,,0.0,0.33,0.99,0.83,8.11,5,44,31
438,a,100.0,100.0,4.9,312,52.0,0,0.0,-1,1.0,0.2,387,141.0,17,0,1.9,330.0,129.0,2,93,0.0,707.0,251.0,0.0,3.5,0.0,26450,46,49664,2,0.0,-1.0,0.02,0.23,0.24,3.93,0.0,0.05,0.05,0.81,106.6,306.0,116.0,51.1,308.0,103.0,14.0,370.0,131.0,17.1,354.0,125.0,,,,23,,Noussair,Mazraoui,Mazraoui,,,439,0,0,1,5,0,0,0,1,0,0,6,54,,,,0.0,0.21,1.03,1.23,8.61,13,29,23
439,a,,,4.2,642,156.0,0,0.0,-3,3.0,0.1,557,202.0,0,0,0.0,619.0,243.0,0,0,0.0,549.0,229.0,0.0,0.0,0.0,2996,1,8090,4,0.0,-1.0,0.0,0.0,0.0,0.0,0.0,0.0,0.0,0.0,0.0,609.0,243.0,0.0,606.0,243.0,0.0,576.0,240.0,0.0,613.0,244.0,,,,23,,Diego,León Blanco,D.Leon,,,0,0,0,0,0,0,0,0,0,0,0,0,0,,,,0.0,0.0,0.0,0.0,0.0,0,0,0
440,a,100.0,100.0,4.5,413,80.0,0,0.0,0,0.0,3.6,95,35.0,70,0,3.5,119.0,44.0,5,229,3.8,39.0,16.0,0.8,15.6,0.0,683115,158,485071,412,3.8,2.8,1.23,1.52,2.75,21.36,0.07,0.09,0.16,1.29,314.4,118.0,50.0,277.7,73.0,16.0,113.0,180.0,40.0,70.5,100.0,29.0,,,,23,,Diogo,Dalot Teixeira,Dalot,,,1494,1,5,4,26,0,0,0,3,0,0,17,127,,,,0.0,0.24,1.57,1.02,6.39,29,77,74
441,a,,,4.3,610,142.0,0,0.0,-2,2.0,8.7,47,15.0,66,0,3.1,165.0,66.0,8,242,6.7,1.0,1.0,1.6,15.3,0.0,1501191,4083,1149010,257,6.7,5.7,1.74,1.42,3.16,17.98,0.13,0.1,0.23,1.3,365.6,86.0,38.0,352.8,42.0,4.0,247.0,69.0,3.0,96.6,50.0,6.0,,,,23,,Patrick,Dorgu,Dorgu,,,1249,2,3,3,19,0,0,0,5,0,0,13,113,,,,0.0,0.22,1.37,0.94,6.56,45,46,66
442,a,100.0,100.0,4.3,563,120.0,0,0.0,-2,2.0,0.5,244,92.0,39,0,4.3,47.0,19.0,3,103,1.0,269.0,96.0,0.2,9.1,0.0,82562,136,124034,11,1.0,0.0,0.47,0.02,0.49,7.15,0.1,0.0,0.1,1.49,100.0,316.0,121.0,16.6,380.0,139.0,47.0,291.0,92.0,16.4,355.0,126.0,,,,23,,Harry,Maguire,Maguire,,,431,1,1,3,4,0,0,0,0,0,0,5,41,,,,0.0,0.63,0.84,1.04,6.26,2,28,18
443,a,,,4.5,403,74.0,0,0.0,0,0.0,0.6,234,86.0,52,0,2.4,261.0,104.0,0,233,2.5,127.0,50.0,0.6,11.6,0.0,126144,55,97618,57,2.5,1.5,0.08,1.23,1.31,25.38,0.0,0.06,0.06,1.2,329.8,107.0,47.0,216.6,101.0,24.0,35.0,314.0,100.0,58.2,147.0,48.0,,,,23,,Luke,Shaw,Shaw,,,1908,0,1,4,29,0,0,0,4,0,0,22,153,,,,0.0,0.19,1.37,1.04,5.75,45,77,65
444,a,,,4.2,637,154.0,0,0.0,-3,3.0,1.3,165,63.0,35,0,1.7,356.0,135.0,1,105,0.8,283.0,103.0,0.2,8.3,0.0,200179,19,288582,48,0.8,-0.2,0.68,0.24,0.92,17.22,0.05,0.02,0.07,1.37,194.6,216.0,87.0,61.3,283.0,92.0,73.0,249.0,69.0,32.8,274.0,90.0,,,,23,,Leny,Yoro,Yoro,,,1133,0,1,1,24,0,0,0,0,0,0,12,116,,,,0.0,0.08,1.91,0.95,7.47,22,72,49
445,u,0.0,0.0,4.0,701,191.0,0,0.0,0,0.0,0.1,525,191.0,0,0,0.0,595.0,227.0,0,0,0.0,514.0,207.0,0.0,0.0,0.0,1160,0,14239,0,0.0,0.0,0.0,0.0,0.0,0.0,0.0,0.0,0.0,0.0,0.0,584.0,226.0,0.0,579.0,227.0,0.0,545.0,221.0,0.0,587.0,226.0,,,,23,,Harry,Amass,Amass,has joined Sheffield Wednesday on loan for the rest of the season.,,0,0,0,0,0,0,0,0,0,0,0,0,0,,,,0.0,0.0,0.0,0.0,0.0,0,0,0
446,a,,,3.8,793,254.0,0,0.0,-2,2.0,0.1,423,157.0,1,0,1.0,429.0,157.0,0,4,0.2,352.0,132.0,0.1,0.3,0.0,10003,4,13489,2,0.2,-0.8,0.0,0.0,0.0,0.3,0.0,0.0,0.0,13.5,4.0,455.0,165.0,0.0,488.0,187.0,0.0,449.0,176.0,0.4,468.0,166.0,,,,23,,Tyler,Fredricson,Fredricson,,,2,0,0,0,0,0,0,0,0,0,0,0,2,,,,0.0,0.0,0.0,0.0,90.0,0,2,0
447,a,100.0,100.0,3.9,765,227.0,0,0.0,-1,1.0,2.5,115,46.0,26,0,2.4,258.0,101.0,0,107,2.5,124.0,47.0,0.6,6.7,0.0,372202,41,248186,368,2.5,1.5,0.34,0.17,0.51,7.95,0.05,0.02,0.07,1.12,175.6,233.0,95.0,27.2,355.0,126.0,26.0,335.0,109.0,22.9,322.0,108.0,,,,23,,Ayden,Heaven,Heaven,,,636,0,1,1,12,1,0,0,1,0,0,8,72,,,,0.0,0.14,1.7,1.13,10.05,16,55,29
448,a,,,3.8,775,236.0,0,0.0,-2,2.0,0.4,266,100.0,1,0,1.0,428.0,156.0,0,3,0.2,350.0,130.0,0.1,0.3,0.0,51887,5,52124,12,0.2,-0.8,0.0,0.0,0.0,0.3,0.0,0.0,0.0,13.5,3.0,459.0,166.0,0.0,475.0,174.0,0.0,436.0,163.0,0.3,473.0,168.0,,,,23,,Tyrell,Malacia,Malacia,,,2,0,0,0,0,0,0,0,0,0,0,0,2,,,,0.0,0.0,0.0,0.0,90.0,1,1,0
449,a,100.0,100.0,9.3,6,4.0,0,0.0,3,-3.0,19.3,19,7.0,116,0,6.1,4.0,1.0,21,517,2.8,110.0,49.0,0.3,12.5,0.0,4881912,17620,5222611,107,2.8,1.8,7.07,5.62,12.69,23.23,0.39,0.31,0.7,1.29,673.6,4.0,1.0,905.7,1.0,1.0,337.0,40.0,24.0,191.9,2.0,1.0,1.0,1.0,1.0,23,,Bruno,Borges Fernandes,B.Fernandes,,,1625,5,9,2,28,0,0,2,2,0,0,19,189,,,,0.0,0.11,1.55,1.05,10.47,34,50,105
450,a,100.0,100.0,8.0,16,11.0,0,0.0,0,0.0,7.7,53,20.0,70,0,3.7,111.0,49.0,6,300,3.2,82.0,40.0,0.4,8.8,0.0,2599334,258,2655088,1575,3.2,2.2,4.88,2.15,7.03,19.53,0.32,0.14,0.46,1.26,352.6,91.0,28.0,321.1,50.0,43.0,463.0,18.0,8.0,113.8,30.0,25.0,,,,23,,Matheus,Santos Carneiro da Cunha,Cunha,,,1391,4,2,3,21,0,0,0,1,0,0,16,116,,,,0.0,0.19,1.36,1.04,7.51,20,24,72
451,u,0.0,0.0,7.0,38,23.0,0,0.0,0,0.0,0.0,684,287.0,0,0,0.0,800.0,359.0,0,0,0.0,795.0,357.0,0.0,0.0,0.0,0,0,2092,0,0.0,0.0,0.0,0.0,0.0,0.0,0.0,0.0,0.0,0.0,0.0,800.0,359.0,0.0,800.0,359.0,0.0,800.0,359.0,0.0,800.0,359.0,,,,23,,Marcus,Rashford,Rashford,Has joined Barcelona on loan for the rest of the season,,0,0,0,0,0,0,0,0,0,0,0,0,0,,,,0.0,0.0,0.0,0.0,0.0,0,0,0
452,a,100.0,100.0,6.2,78,51.0,0,0.0,-3,3.0,1.3,164,57.0,59,0,3.7,108.0,47.0,6,284,0.5,325.0,146.0,0.1,9.5,0.0,287993,791,478281,40,0.5,-0.5,3.81,2.81,6.62,15.9,0.27,0.2,0.47,1.11,290.0,140.0,50.0,394.6,29.0,28.0,330.0,44.0,27.0,101.6,40.0,30.0,,,,23,,Amad,Diallo,Amad,,,1293,2,4,3,18,0,0,0,1,0,0,15,114,,,,0.0,0.21,1.25,1.04,7.94,22,28,64
454,u,0.0,0.0,5.9,100,65.0,0,0.0,-1,1.0,0.1,552,201.0,0,0,0.0,793.0,355.0,0,0,0.0,785.0,350.0,0.0,0.0,0.0,1511,0,10637,0,0.0,0.0,0.0,0.0,0.0,0.0,0.0,0.0,0.0,0.0,0.0,793.0,355.0,0.0,793.0,355.0,0.0,793.0,355.0,0.0,793.0,355.0,,,,23,,Antony,dos Santos,Antony,has joined Real Betis permanently.,,0,0,0,0,0,0,0,0,0,0,0,0,0,,,,0.0,0.0,0.0,0.0,0.0,0,0,0
455,a,100.0,100.0,5.9,96,61.0,0,0.0,-1,1.0,0.4,272,92.0,46,0,2.7,231.0,102.0,3,164,0.5,324.0,145.0,0.1,7.8,0.0,182028,23,182931,40,0.5,-0.5,1.54,1.4,2.94,10.3,0.17,0.16,0.33,1.14,162.4,249.0,106.0,198.5,116.0,83.0,158.0,127.0,74.0,51.9,183.0,96.0,3.0,,,23,,Mason,Mount,Mount,,,812,3,0,3,14,0,0,0,0,0,0,10,62,,,,0.0,0.33,1.55,1.11,6.87,14,7,41
457,a,100.0,100.0,5.5,135,83.0,0,0.0,0,0.0,1.3,166,58.0,90,0,4.5,37.0,18.0,11,332,3.8,43.0,19.0,0.7,16.4,0.0,381723,250,273450,183,3.8,2.8,3.69,1.59,5.28,15.26,0.24,0.1,0.34,0.99,408.4,58.0,15.0,275.9,74.0,57.0,287.0,57.0,35.0,97.3,49.0,35.0,,,,23,,Carlos Henrique,Casimiro,Casemiro,,,1384,4,3,5,17,0,0,0,5,1,0,19,186,,,,0.0,0.33,1.11,1.24,12.1,48,62,76
458,a,100.0,100.0,4.6,395,245.0,0,0.0,-4,4.0,0.5,254,86.0,15,0,1.2,422.0,190.0,0,65,0.7,298.0,133.0,0.2,3.3,0.0,61769,187,99638,17,0.7,-0.3,0.12,0.28,0.4,4.71,0.03,0.08,0.11,1.33,68.6,357.0,158.0,94.2,224.0,138.0,27.0,332.0,174.0,19.0,343.0,164.0,,,,23,,Kobbie,Mainoo,Mainoo,,,318,0,0,1,7,0,0,0,0,0,0,1,37,,,,0.0,0.28,1.98,0.28,10.47,9,13,15
459,a,,,4.7,380,238.0,0,0.0,-3,3.0,0.2,394,134.0,29,0,1.8,345.0,148.0,0,147,2.3,151.0,62.0,0.5,6.2,0.0,27396,11,32996,17,2.3,1.3,0.31,0.15,0.46,13.45,0.04,0.02,0.06,1.66,116.6,297.0,133.0,60.7,286.0,165.0,32.0,321.0,169.0,20.7,328.0,160.0,,,,23,,Manuel,Ugarte Ribeiro,Ugarte,,,730,0,0,1,18,0,0,0,1,0,0,7,115,,,,0.0,0.12,2.22,0.86,14.18,39,30,46
460,a,100.0,100.0,4.5,438,263.0,0,0.0,0,0.0,0.0,649,265.0,0,0,0.0,685.0,273.0,0,0,0.0,630.0,235.0,0.0,0.0,0.0,451,0,9462,0,0.0,-1.0,0.0,0.0,0.0,0.0,0.0,0.0,0.0,0.0,0.0,679.0,268.0,0.0,678.0,271.0,0.0,658.0,263.0,0.0,682.0,270.0,,,,23,,Toby,Collyer,Collyer,,,0,0,0,0,0,0,0,0,0,0,0,0,0,,,,0.0,0.0,0.0,0.0,0.0,0,0,0
461,a,,,4.3,604,352.0,0,0.0,-2,2.0,0.0,606,233.0,0,0,0.0,633.0,240.0,0,0,0.0,567.0,198.0,0.0,0.0,0.0,2629,0,4401,1,0.0,-1.0,0.0,0.0,0.0,0.0,0.0,0.0,0.0,0.0,0.0,623.0,231.0,0.0,621.0,236.0,0.0,593.0,224.0,0.0,626.0,233.0,,,,23,,Jayce,Fitzgerald,Fitzgerald,,,0,0,0,0,0,0,0,0,0,0,0,0,0,,,,0.0,0.0,0.0,0.0,0.0,0,0,0
462,a,,,4.3,601,349.0,0,0.0,-2,2.0,0.1,488,172.0,3,0,1.0,439.0,195.0,0,10,0.3,332.0,147.0,0.1,0.7,0.0,12521,5,10192,8,0.3,-0.7,0.03,0.02,0.05,1.86,0.03,0.02,0.05,1.56,18.6,425.0,190.0,24.4,363.0,188.0,5.0,405.0,200.0,4.8,424.0,190.0,,,,23,,Jack,Fletcher,J.Fletcher,,,107,0,0,0,0,0,0,0,0,0,0,0,11,,,,0.0,0.0,0.0,0.0,9.25,5,2,4
463,a,,,4.3,613,358.0,0,0.0,-2,2.0,0.1,483,169.0,0,0,0.0,638.0,244.0,0,0,0.0,573.0,202.0,0.0,0.0,0.0,8687,4,11821,4,0.0,-1.0,0.0,0.0,0.0,0.0,0.0,0.0,0.0,0.0,0.0,628.0,235.0,0.0,626.0,240.0,0.0,599.0,229.0,0.0,631.0,237.0,,,,23,,Sékou,Koné,Kone,,,0,0,0,0,0,0,0,0,0,0,0,0,0,,,,0.0,0.0,0.0,0.0,0.0,0,0,0
464,u,0.0,0.0,4.5,464,283.0,0,0.0,0,0.0,0.0,675,280.0,0,0,0.0,700.0,287.0,0,0,0.0,646.0,250.0,0.0,0.0,0.0,723,0,2811,1,0.0,0.0,0.0,0.0,0.0,0.0,0.0,0.0,0.0,0.0,0.0,698.0,285.0,0.0,694.0,286.0,0.0,675.0,279.0,0.0,699.0,286.0,,,,23,,Jack,Moorhouse,Moorhouse,has joined Leyton Orient on loan for the rest of the season.,,0,0,0,0,0,0,0,0,0,0,0,0,0,,,,0.0,0.0,0.0,0.0,0.0,0,0,0
465,u,0.0,0.0,6.3,70,22.0,0,0.0,-2,2.0,0.3,335,55.0,0,0,0.0,795.0,86.0,0,0,0.0,790.0,83.0,0.0,0.0,0.0,5437,0,56321,2,0.0,0.0,0.0,0.0,0.0,0.0,0.0,0.0,0.0,0.0,0.0,795.0,86.0,0.0,795.0,86.0,0.0,795.0,86.0,0.0,795.0,86.0,,,,23,,Rasmus,Højlund,Højlund,has joined Napoli on loan for the rest of the season.,,0,0,0,0,0,0,0,0,0,0,0,0,0,,,,0.0,0.0,0.0,0.0,0.0,0,0,0
466,d,25.0,25.0,5.8,108,30.0,0,0.0,-2,2.0,0.5,257,41.0,33,0,2.4,270.0,27.0,6,116,2.3,161.0,18.0,0.4,5.7,0.0,103930,4,117837,124,0.6,0.3,1.77,0.29,2.06,6.41,0.33,0.05,0.38,1.2,141.0,268.0,24.0,129.2,174.0,15.0,166.0,119.0,31.0,43.3,218.0,25.0,,,,23,,Joshua,Zirkzee,Zirkzee,Knock - 25% chance of playing,,481,2,1,1,7,0,0,0,1,0,0,4,34,,,,0.0,0.19,1.31,0.75,6.36,7,11,16
467,a,,,4.2,639,87.0,0,0.0,-3,3.0,1.7,140,20.0,0,0,0.0,617.0,61.0,0,0,0.0,546.0,51.0,0.0,0.0,0.0,256882,44,324108,128,0.0,-1.0,0.0,0.0,0.0,0.0,0.0,0.0,0.0,0.0,0.0,607.0,60.0,0.0,604.0,60.0,0.0,574.0,60.0,0.0,611.0,61.0,,,,23,,Chido,Obi,Obi,,,0,0,0,0,0,0,0,0,0,0,0,0,0,,,,0.0,0.0,0.0,0.0,0.0,0,0,0
468,a,100.0,100.0,4.5,472,64.0,0,0.0,0,0.0,0.1,492,68.0,0,0,0.0,707.0,74.0,0,0,0.0,653.0,65.0,0.0,0.0,0.0,4052,5,14114,4,0.0,-1.0,0.0,0.0,0.0,0.0,0.0,0.0,0.0,0.0,0.0,705.0,74.0,0.0,701.0,73.0,0.0,683.0,73.0,0.0,706.0,74.0,,,,23,,Ethan,Wheatley,Wheatley,,,0,0,0,0,0,0,0,0,0,0,0,0,0,,,,0.0,0.0,0.0,0.0,0.0,0,0,0
681,a,100.0,100.0,7.2,33,13.0,0,0.0,-3,3.0,3.4,97,17.0,55,0,3.2,162.0,15.0,8,168,3.0,98.0,11.0,0.4,7.6,0.0,648425,248,1298283,224,3.0,2.0,4.95,0.2,5.15,15.32,0.43,0.02,0.45,1.33,227.4,189.0,14.0,125.2,182.0,16.0,486.0,15.0,8.0,83.1,71.0,13.0,,,,23,,Benjamin,Sesko,Šeško,,,1038,4,2,1,20,0,0,0,1,0,0,11,44,,,,0.0,0.09,1.73,0.95,3.82,5,17,22
733,a,,,5.0,259,9.0,0,0.0,0,0.0,1.8,139,18.0,47,0,2.9,201.0,18.0,4,177,3.5,60.0,5.0,0.7,9.4,0.0,384585,264,231929,137,3.5,2.5,0.0,0.0,0.0,18.06,0.0,0.0,0.0,1.13,297.8,133.0,19.0,0.0,760.0,88.0,2.0,428.0,1.0,30.0,287.0,19.0,,,,23,,Senne,Lammens,Lammens,,,1440,0,0,3,21,0,0,0,0,0,34,16,43,,,,2.12,0.19,1.31,1.0,0.0,1,10,108
755,a,100.0,100.0,4.5,475,291.0,0,0.0,0,0.0,0.0,694,294.0,2,0,1.0,455.0,209.0,0,8,0.2,376.0,169.0,0.0,0.4,0.0,2589,3,1305,2,0.2,-0.8,0.07,0.0,0.07,0.11,0.52,0.0,0.52,0.82,4.0,456.0,209.0,1.5,439.0,214.0,11.0,373.0,188.0,1.5,455.0,209.0,,,,23,,Shea,Lacey,Lacey,,,12,0,0,0,0,0,0,0,0,0,0,0,1,,,,0.0,0.0,0.0,0.0,7.5,1,0,0
769,a,,,4.5,474,290.0,0,0.0,0,0.0,0.0,775,340.0,1,0,1.0,454.0,208.0,0,3,0.2,375.0,168.0,0.0,0.2,0.0,242,1,130,0,0.2,-0.8,0.0,0.01,0.01,0.05,0.0,0.06,0.06,0.3,2.2,465.0,216.0,11.7,390.0,195.0,0.0,685.0,286.0,1.4,457.0,211.0,,,,23,,Bendito,Mantato,Bendito Mantato,,,15,0,0,0,0,0,0,0,0,0,0,0,0,,,,0.0,0.0,0.0,0.0,0.0,0,0,0
771,a,,,4.5,451,272.0,0,0.0,0,0.0,0.0,752,326.0,0,0,0.0,693.0,281.0,0,0,0.0,638.0,243.0,0.0,0.0,0.0,922,0,473,0,0.0,-1.0,0.0,0.0,0.0,0.0,0.0,0.0,0.0,0.0,0.0,689.0,277.0,0.0,686.0,279.0,0.0,666.0,271.0,0.0,690.0,278.0,,,,23,,Tyler,Fletcher,Fletcher,,,0,0,0,0,0,0,0,0,0,0,0,0,0,,,,0.0,0.0,0.0,0.0,0.0,0,0,0
788,a,,,4.0,700,190.0,0,0.0,0,0.0,0.0,765,260.0,0,0,0.0,594.0,226.0,0,0,0.0,513.0,206.0,0.0,0.0,0.0,166,0,93,1,0.0,-1.0,0.0,0.0,0.0,0.0,0.0,0.0,0.0,0.0,0.0,583.0,225.0,0.0,578.0,226.0,0.0,544.0,220.0,0.0,586.0,225.0,,,,23,,Godwill,Kukonki,Kukonki,,,0,0,0,0,0,0,0,0,0,0,0,0,0,,,,0.0,0.0,0.0,0.0,0.0,0,0,0
52,a,100.0,100.0,5.3,191,120.0,0,0.0,-2,2.0,0.2,362,120.0,14,0,1.2,423.0,191.0,0,81,0.8,289.0,129.0,0.2,2.6,0.0,22781,7,72312,6,0.3,0.8,0.34,0.63,0.97,9.0,0.06,0.11,0.17,1.6,60.6,368.0,163.0,139.1,164.0,112.0,64.0,265.0,143.0,26.4,305.0,147.0,,,,23,,Jacob,Ramsey,J.Ramsey,,,505,0,0,0,11,0,0,0,2,0,0,4,61,,,,0.0,0.0,1.96,0.71,10.87,11,8,42
135,a,100.0,100.0,7.3,25,8.0,0,0.0,-2,2.0,1.0,185,27.0,13,0,1.6,382.0,43.0,0,43,1.8,197.0,25.0,0.2,1.8,0.0,217194,176,381204,186,1.3,1.8,1.51,0.35,1.86,3.65,0.51,0.12,0.63,1.24,40.8,394.0,42.0,20.1,373.0,46.0,97.0,211.0,41.0,15.3,360.0,42.0,,,,23,,Yoane,Wissa,Wissa,,,264,1,0,1,3,0,0,0,1,0,0,2,11,,,,0.0,0.34,1.02,0.68,3.75,2,1,8
469,a,100.0,100.0,5.1,223,6.0,0,0.0,1,-1.0,5.1,74,13.0,71,0,4.4,43.0,2.0,3,294,2.7,120.0,12.0,0.5,13.9,0.0,1469980,106,1438985,306,2.2,2.7,0.0,0.0,0.0,16.45,0.0,0.0,0.0,1.04,378.0,79.0,14.0,0.0,774.0,89.0,0.0,768.0,86.0,37.8,247.0,14.0,,,,23,,Nick,Pope,Pope,,,1426,0,1,7,17,0,0,0,1,0,47,16,121,,,,2.97,0.44,1.07,1.01,0.0,1,25,139
471,a,,,3.9,725,68.0,0,0.0,-1,1.0,0.1,425,65.0,0,0,0.0,516.0,37.0,0,0,0.0,433.0,32.0,0.0,0.0,0.0,6077,2,9679,0,-0.5,0.0,0.0,0.0,0.0,0.0,0.0,0.0,0.0,0.0,0.0,506.0,37.0,0.0,499.0,24.0,0.0,461.0,9.0,0.0,509.0,37.0,,,,23,,Mark,Gillespie,Gillespie,,,0,0,0,0,0,0,0,0,0,0,0,0,0,,,,0.0,0.0,0.0,0.0,0.0,0,0,0
472,u,0.0,0.0,4.0,653,44.0,0,0.0,0,0.0,0.0,693,80.0,0,0,0.0,554.0,63.0,0,0,0.0,472.0,58.0,0.0,0.0,0.0,0,0,2415,0,0.0,0.0,0.0,0.0,0.0,0.0,0.0,0.0,0.0,0.0,0.0,544.0,63.0,0.0,538.0,51.0,0.0,502.0,36.0,0.0,547.0,63.0,,,,23,,Odysseas,Vlachodimos,Odysseas,Has joined Sevilla on loan for the rest of the season.,,0,0,0,0,0,0,0,0,0,0,0,0,0,,,,0.0,0.0,0.0,0.0,0.0,0,0,0
473,a,100.0,100.0,5.3,198,26.0,0,0.0,-2,2.0,3.2,101,39.0,51,0,3.4,134.0,53.0,4,217,4.2,28.0,11.0,0.8,9.6,0.0,515192,496,348458,586,3.7,4.2,0.58,1.58,2.16,14.53,0.05,0.14,0.19,1.27,273.8,155.0,66.0,187.6,127.0,30.0,94.0,214.0,54.0,55.5,158.0,50.0,4.0,,,23,,Lewis,Hall,Hall,,,1030,0,2,3,16,0,0,0,1,0,0,11,97,,,,0.0,0.26,1.4,0.96,7.78,28,61,57
474,i,0.0,0.0,5.3,182,23.0,0,0.0,-2,2.0,1.5,155,60.0,51,0,3.2,156.0,64.0,0,186,2.8,106.0,38.0,0.5,9.6,0.0,296488,4,455436,310,0.0,0.0,0.97,0.6,1.57,13.85,0.08,0.05,0.13,1.14,291.2,138.0,59.0,63.6,278.0,89.0,108.0,192.0,46.0,46.4,201.0,65.0,,3.0,4.0,23,,Fabian,Schär,Schär,Ankle injury - Expected back 18 Apr,,1089,0,0,4,13,0,0,0,1,0,0,11,133,,,,0.0,0.33,1.07,0.91,9.5,14,101,42
475,a,100.0,100.0,4.9,309,50.0,0,0.0,-1,1.0,0.4,285,109.0,41,0,3.4,129.0,51.0,4,162,1.5,222.0,85.0,0.3,8.4,0.0,68606,21,95169,9,1.0,1.5,0.27,0.25,0.52,9.77,0.03,0.03,0.06,1.11,210.4,201.0,82.0,46.3,320.0,107.0,56.0,280.0,84.0,31.2,283.0,95.0,,,,23,,Sven,Botman,Botman,,,790,0,1,4,11,1,0,0,1,0,0,9,102,,,,0.0,0.46,1.25,1.03,8.32,5,68,42
476,d,75.0,75.0,5.0,241,38.0,0,0.0,0,0.0,3.2,100,38.0,67,0,4.5,33.0,15.0,5,196,0.0,724.0,253.0,0.0,13.4,0.0,1462772,8,1628939,151,-0.4,0.0,0.12,0.3,0.42,12.38,0.01,0.02,0.03,0.89,270.2,158.0,68.0,72.4,263.0,81.0,60.0,273.0,80.0,40.3,233.0,78.0,,,,23,,Dan,Burn,Burn,Lack of match fitness - 75% chance of playing,,1255,0,3,6,17,0,0,0,3,1,0,15,157,,,,0.0,0.43,1.22,1.08,8.68,19,102,46
477,i,0.0,0.0,4.9,324,54.0,0,0.0,-1,1.0,2.1,127,49.0,49,0,3.8,84.0,31.0,3,218,0.3,343.0,129.0,0.1,10.0,0.0,1089414,4,1352698,129,0.0,0.0,0.12,0.57,0.69,11.0,0.01,0.05,0.06,0.94,190.8,220.0,89.0,178.1,135.0,33.0,36.0,312.0,99.0,40.5,231.0,77.0,,,,23,,Tino,Livramento,Livramento,Hamstring injury - Unknown return date,,1048,0,1,5,10,0,0,0,1,0,0,11,86,,,,0.0,0.43,0.86,0.94,4.98,19,39,68
478,a,100.0,100.0,4.9,284,45.0,0,0.0,-1,1.0,1.3,163,62.0,36,0,3.6,113.0,43.0,2,147,1.0,272.0,98.0,0.2,7.3,0.0,231036,34,364017,11,0.5,1.0,0.05,1.24,1.29,7.8,0.01,0.14,0.15,0.89,126.2,280.0,107.0,261.5,80.0,19.0,5.0,406.0,151.0,39.1,240.0,83.0,2.0,2.0,,23,,Kieran,Trippier,Trippier,,,789,0,0,5,10,0,0,0,1,0,0,9,63,,,,0.0,0.57,1.14,1.03,3.88,10,24,38
479,i,0.0,0.0,4.3,566,123.0,0,0.0,-2,2.0,0.0,612,220.0,0,0,0.0,620.0,244.0,0,-8,0.0,551.0,231.0,0.0,0.0,0.0,1430,0,4953,2,0.0,0.0,0.0,0.0,0.0,0.25,0.0,0.0,0.0,0.5,1.4,469.0,168.0,1.2,441.0,161.0,0.0,578.0,241.0,0.3,474.0,169.0,,,,23,,Emil,Krafth,Krafth,Knee injury - Unknown return date,,45,0,0,0,2,0,0,0,0,0,0,1,1,,,,0.0,0.0,4.0,2.0,2.0,0,1,0
480,d,25.0,25.0,4.3,564,121.0,0,0.0,-2,2.0,0.1,574,208.0,1,0,0.5,488.0,169.0,0,0,0.0,550.0,230.0,0.0,0.2,0.0,2742,0,8671,2,-0.1,0.0,0.04,0.0,0.04,0.55,0.19,0.0,0.19,2.61,10.2,435.0,162.0,0.0,607.0,244.0,7.0,394.0,147.0,1.7,450.0,162.0,,,,23,,Jamaal,Lascelles,Lascelles,Lack of match fitness - 25% chance of playing,,19,0,0,0,2,0,0,0,0,0,0,0,5,,,,0.0,0.0,9.47,0.0,23.68,0,5,0
481,a,,,3.8,792,253.0,0,0.0,-2,2.0,0.7,217,82.0,0,0,0.0,506.0,186.0,0,0,0.0,422.0,163.0,0.0,0.0,0.0,70186,31,92318,23,-0.5,0.0,0.0,0.0,0.0,0.0,0.0,0.0,0.0,0.0,0.0,496.0,186.0,0.0,487.0,186.0,0.0,448.0,175.0,0.0,499.0,186.0,,,,23,,Alex,Murphy,A.Murphy,,,0,0,0,0,0,0,0,0,0,0,0,0,0,,,,0.0,0.0,0.0,0.0,0.0,0,0,0
482,u,0.0,0.0,3.9,740,215.0,0,0.0,-1,1.0,0.1,437,161.0,0,0,0.0,526.0,192.0,0,0,0.0,444.0,171.0,0.0,0.0,0.0,8541,0,15915,6,0.0,0.0,0.0,0.0,0.0,0.0,0.0,0.0,0.0,0.0,0.0,516.0,192.0,0.0,509.0,193.0,0.0,472.0,184.0,0.0,519.0,192.0,,,,23,,Harrison,Ashby,Ashby,has joined Bradford City on loan for the rest of the season.,,0,0,0,0,0,0,0,0,0,0,0,0,0,,,,0.0,0.0,0.0,0.0,0.0,0,0,0
483,a,,,3.8,799,260.0,0,0.0,-2,2.0,0.4,273,102.0,0,0,0.0,509.0,189.0,0,0,0.0,426.0,167.0,0.0,0.0,0.0,62258,4,42741,12,-0.5,0.0,0.0,0.0,0.0,0.0,0.0,0.0,0.0,0.0,0.0,499.0,189.0,0.0,491.0,190.0,0.0,453.0,180.0,0.0,502.0,189.0,,,,23,,Miodrag,Pivaš,Pivas,,,0,0,0,0,0,0,0,0,0,0,0,0,0,,,,0.0,0.0,0.0,0.0,0.0,0,0,0
484,u,0.0,0.0,4.0,657,163.0,0,0.0,0,0.0,0.1,413,152.0,0,0,0.0,558.0,205.0,0,0,0.0,475.0,183.0,0.0,0.0,0.0,3759,0,44642,2,0.0,0.0,0.0,0.0,0.0,0.0,0.0,0.0,0.0,0.0,0.0,547.0,204.0,0.0,541.0,205.0,0.0,506.0,198.0,0.0,550.0,204.0,,,,23,,Matt,Targett,Targett,has joined Middlesbrough on loan for the rest of the season.,,0,0,0,0,0,0,0,0,0,0,0,0,0,,,,0.0,0.0,0.0,0.0,0.0,0,0,0
485,a,100.0,100.0,7.4,23,16.0,0,0.0,-1,1.0,4.9,76,26.0,53,0,3.1,180.0,77.0,4,185,2.2,179.0,72.0,0.3,7.2,0.0,1409322,223,1050687,2037,1.7,2.2,4.29,2.64,6.93,11.68,0.36,0.22,0.58,0.99,192.6,218.0,92.0,280.1,68.0,55.0,277.0,60.0,37.0,74.6,91.0,54.0,,,2.0,23,,Anthony,Gordon,Gordon,,,1065,2,3,6,17,0,0,0,2,1,0,15,59,,,,0.0,0.51,1.44,1.27,4.99,12,11,36
486,a,100.0,100.0,6.5,53,34.0,0,0.0,-5,5.0,2.6,113,36.0,28,0,1.6,379.0,170.0,0,95,0.2,402.0,186.0,0.0,4.3,0.0,544516,34,1168951,45,-0.3,0.2,1.12,0.51,1.63,9.05,0.14,0.07,0.21,1.17,81.6,338.0,149.0,144.2,161.0,109.0,105.0,202.0,113.0,33.1,273.0,135.0,,,,23,,Anthony,Elanga,Elanga,,,698,0,1,2,14,0,0,0,0,0,0,7,26,,,,0.0,0.26,1.81,0.9,3.35,6,5,15
487,a,,,6.1,80,53.0,0,0.0,-4,4.0,1.7,141,48.0,68,0,3.2,160.0,69.0,8,230,3.7,56.0,23.0,0.6,11.1,0.0,665144,304,529472,216,3.2,3.7,4.31,1.87,6.18,11.62,0.38,0.16,0.54,1.01,276.6,151.0,56.0,242.5,85.0,63.0,421.0,24.0,11.0,93.8,53.0,37.0,,,,23,,Harvey,Barnes,Barnes,,,1032,5,0,4,12,0,0,0,0,0,0,10,57,,,,0.0,0.35,1.05,0.87,4.97,7,13,37
488,d,75.0,75.0,7.3,24,17.0,0,0.0,8,-8.0,21.5,17,6.0,120,0,5.7,8.0,5.0,18,526,6.0,6.0,2.0,0.8,16.4,0.0,3853571,525,1411455,6880,4.1,4.5,4.03,2.95,6.98,22.8,0.2,0.14,0.34,1.12,606.4,9.0,2.0,542.4,11.0,11.0,342.0,38.0,22.0,149.1,7.0,5.0,,,,23,,Bruno,Guimarães Rodriguez Moura,Bruno G.,Ankle injury - 75% chance of playing,,1839,8,5,6,27,0,0,0,4,0,0,20,178,,,,0.0,0.29,1.32,0.98,8.71,45,39,94
489,d,25.0,25.0,5.9,92,58.0,0,0.0,-6,6.0,0.6,222,77.0,51,0,2.8,220.0,99.0,2,209,1.2,256.0,112.0,0.2,8.6,0.0,154342,0,335366,92,0.2,0.3,2.75,2.32,5.07,11.71,0.25,0.21,0.46,1.05,209.2,202.0,85.0,299.6,60.0,48.0,266.0,64.0,40.0,77.3,85.0,52.0,,,,23,,Jacob,Murphy,J.Murphy,Hamstring injury - 25% chance of playing,,1005,2,1,6,9,0,0,0,0,0,0,12,43,,,,0.0,0.54,0.81,1.07,3.85,7,10,26
490,a,100.0,100.0,5.9,95,60.0,0,0.0,-1,1.0,0.4,261,89.0,56,0,3.1,177.0,76.0,2,233,4.2,31.0,13.0,0.7,9.5,0.0,69636,88,80470,48,3.7,4.2,1.71,0.95,2.66,16.76,0.12,0.06,0.18,1.15,249.2,174.0,70.0,196.9,117.0,84.0,263.0,66.0,42.0,71.0,98.0,56.0,,,,23,,Joelinton Cássio,Apolinário de Lira,Joelinton,,,1317,2,0,5,17,0,0,0,5,0,0,16,163,,,,0.0,0.34,1.16,1.09,11.14,28,54,81
491,a,100.0,100.0,5.3,194,121.0,0,0.0,-2,2.0,1.0,178,62.0,52,0,2.4,267.0,114.0,1,279,1.5,225.0,93.0,0.3,9.8,0.0,175208,60,287621,44,1.0,1.5,0.68,1.53,2.21,17.28,0.04,0.09,0.13,1.04,235.8,184.0,77.0,301.1,59.0,47.0,113.0,182.0,103.0,65.2,120.0,65.0,1.0,1.0,,23,,Sandro,Tonali,Tonali,,,1493,0,1,7,17,0,0,0,3,0,0,19,154,,,,0.0,0.42,1.02,1.15,9.28,17,47,90
492,u,0.0,0.0,4.9,344,216.0,0,0.0,-1,1.0,0.0,663,273.0,0,0,0.0,758.0,329.0,0,0,0.0,722.0,306.0,0.0,0.0,0.0,655,0,3540,0,0.0,0.0,0.0,0.0,0.0,0.0,0.0,0.0,0.0,0.0,0.0,758.0,329.0,0.0,754.0,329.0,0.0,746.0,327.0,0.0,758.0,329.0,,,,23,,Antoñito,Cordero Campillo,Antoñito C.,has joined Cadiz on loan for the rest of the season.,,0,0,0,0,0,0,0,0,0,0,0,0,0,,,,0.0,0.0,0.0,0.0,0.0,0,0,0
494,a,100.0,100.0,5.0,248,151.0,0,0.0,0,0.0,0.1,512,182.0,14,0,1.3,410.0,184.0,0,54,0.5,318.0,142.0,0.1,2.8,0.0,9693,5,10121,3,0.0,0.5,0.6,0.11,0.71,3.44,0.23,0.04,0.27,1.33,35.4,401.0,177.0,49.6,312.0,173.0,27.0,333.0,175.0,11.0,386.0,178.0,,,,23,,Joe,Willock,Willock,,,233,0,0,2,2,0,0,0,1,0,0,2,25,,,,0.0,0.77,0.77,0.77,9.66,10,4,11
495,u,0.0,0.0,4.5,405,248.0,0,0.0,0,0.0,0.0,746,320.0,0,0,0.0,668.0,260.0,0,0,0.0,608.0,220.0,0.0,0.0,0.0,0,0,1591,0,0.0,0.0,0.0,0.0,0.0,0.0,0.0,0.0,0.0,0.0,0.0,662.0,255.0,0.0,658.0,258.0,0.0,635.0,249.0,0.0,665.0,257.0,,,,23,,Isaac,Hayden,Hayden,Has departed the club as a free agent.,,0,0,0,0,0,0,0,0,0,0,0,0,0,,,,0.0,0.0,0.0,0.0,0.0,0,0,0
496,u,0.0,0.0,4.4,548,328.0,0,0.0,-1,1.0,0.0,623,245.0,0,0,0.0,657.0,254.0,0,0,0.0,595.0,212.0,0.0,0.0,0.0,2219,0,7307,1,0.0,0.0,0.0,0.0,0.0,0.0,0.0,0.0,0.0,0.0,0.0,649.0,247.0,0.0,646.0,251.0,0.0,622.0,241.0,0.0,652.0,249.0,,,,23,,Garang,Kuol,Kuol,has joined Sparta Prague permanently.,,0,0,0,0,0,0,0,0,0,0,0,0,0,,,,0.0,0.0,0.0,0.0,0.0,0,0,0
497,a,100.0,100.0,4.5,457,278.0,0,0.0,0,0.0,3.6,94,30.0,56,0,3.1,168.0,70.0,4,257,3.0,89.0,41.0,0.7,12.4,0.0,603867,199,448268,308,2.5,3.0,1.18,1.95,3.13,12.49,0.1,0.17,0.27,1.08,254.8,170.0,66.0,177.2,136.0,96.0,113.0,181.0,102.0,54.5,165.0,89.0,,,,23,,Lewis,Miley,L.Miley,,,1043,1,3,2,14,0,0,0,0,0,0,10,119,,,,0.0,0.17,1.21,0.86,10.27,21,42,56
498,u,0.0,0.0,4.5,431,259.0,0,0.0,0,0.0,0.0,747,321.0,0,0,0.0,682.0,270.0,0,0,0.0,626.0,231.0,0.0,0.0,0.0,117,0,1187,0,0.0,0.0,0.0,0.0,0.0,0.0,0.0,0.0,0.0,0.0,0.0,676.0,265.0,0.0,675.0,268.0,0.0,654.0,260.0,0.0,679.0,267.0,,,,23,,Joe,White,White,has joined Bradford City on loan for the rest of the season.,,0,0,0,0,0,0,0,0,0,0,0,0,0,,,,0.0,0.0,0.0,0.0,0.0,0,0,0
500,d,50.0,50.0,5.4,179,42.0,0,0.0,-1,1.0,0.2,373,59.0,18,0,1.8,352.0,39.0,0,60,0.0,770.0,80.0,0.0,3.3,0.0,68793,1,85324,8,-0.2,0.0,0.64,0.03,0.67,3.27,0.27,0.01,0.28,1.38,41.2,392.0,41.0,14.2,384.0,48.0,68.0,258.0,46.0,12.1,375.0,45.0,,,,23,,William,Osula,Osula,Lack of match fitness - 50% chance of playing,,213,1,1,1,4,0,0,0,0,0,0,1,8,,,,0.0,0.42,1.69,0.42,3.38,1,1,6
501,a,,,4.3,611,83.0,0,0.0,-2,2.0,0.2,350,57.0,0,0,0.0,637.0,64.0,0,0,0.0,572.0,55.0,0.0,0.0,0.0,20633,7,32057,8,-0.5,0.0,0.0,0.0,0.0,0.0,0.0,0.0,0.0,0.0,0.0,627.0,64.0,0.0,625.0,63.0,0.0,598.0,63.0,0.0,630.0,64.0,,,,23,,Sean,Neave,Neave,,,0,0,0,0,0,0,0,0,0,0,0,0,0,,,,0.0,0.0,0.0,0.0,0.0,0,0,0
674,a,,,4.8,361,15.0,0,0.0,-2,2.0,0.7,214,28.0,11,0,1.6,374.0,29.0,0,45,0.5,315.0,23.0,0.1,2.3,0.0,106382,17,139960,47,0.0,0.5,0.0,0.0,0.0,7.96,0.0,0.0,0.0,1.3,97.4,321.0,26.0,10.0,405.0,10.0,0.0,724.0,79.0,10.8,388.0,25.0,,,,23,,Aaron,Ramsdale,Ramsdale,,,553,0,0,0,10,0,0,0,0,0,10,6,0,,,,1.63,0.0,1.63,0.98,0.0,0,5,49
684,a,,,5.1,234,35.0,0,0.0,1,-1.0,6.3,63,21.0,84,0,4.4,44.0,18.0,10,280,5.2,11.0,5.0,1.0,16.5,0.0,1103869,519,334073,1316,4.7,5.2,1.91,0.44,2.35,22.09,0.11,0.03,0.14,1.26,505.6,24.0,10.0,55.4,302.0,100.0,198.0,93.0,11.0,75.7,90.0,22.0,,,,23,,Malick,Thiaw,Thiaw,,,1577,3,0,4,24,0,0,0,3,0,0,18,199,,,,0.0,0.23,1.37,1.03,9.76,22,149,73
689,a,,,4.3,614,359.0,0,0.0,-2,2.0,0.3,314,104.0,0,0,0.0,639.0,245.0,0,0,0.0,574.0,203.0,0.0,0.0,0.0,44587,89,33661,25,-0.5,0.0,0.0,0.0,0.0,0.0,0.0,0.0,0.0,0.0,0.0,629.0,236.0,0.0,627.0,241.0,0.0,600.0,230.0,0.0,632.0,238.0,,,,23,,Seung-Soo,Park,Seung soo,,,0,0,0,0,0,0,0,0,0,0,0,0,0,,,,0.0,0.0,0.0,0.0,0.0,0,0,0
714,a,,,7.2,32,12.0,0,0.0,2,-2.0,13.6,28,6.0,80,0,4.2,61.0,7.0,10,283,1.8,196.0,24.0,0.2,11.1,0.0,5367799,175,3803722,2819,1.3,1.8,6.19,0.75,6.94,16.75,0.42,0.05,0.47,1.14,341.6,97.0,9.0,164.1,146.0,10.0,370.0,32.0,14.0,86.5,62.0,11.0,,,3.0,23,,Nick,Woltemade,Woltemade,,,1324,7,3,6,18,1,0,0,0,0,0,17,67,,,,0.0,0.41,1.22,1.16,4.55,15,22,30
753,a,,,4.0,646,39.0,0,0.0,0,0.0,0.0,699,81.0,0,0,0.0,549.0,59.0,0,0,0.0,467.0,54.0,0.0,0.0,0.0,1164,2,628,2,-0.5,0.0,0.0,0.0,0.0,0.0,0.0,0.0,0.0,0.0,0.0,539.0,59.0,0.0,532.0,46.0,0.0,496.0,31.0,0.0,542.0,59.0,,,,23,,John,Ruddy,Ruddy,,,0,0,0,0,0,0,0,0,0,0,0,0,0,,,,0.0,0.0,0.0,0.0,0.0,0,0,0
765,a,,,4.0,696,186.0,0,0.0,0,0.0,0.0,674,234.0,0,0,0.0,591.0,223.0,0,0,0.0,510.0,203.0,0.0,0.0,0.0,2270,2,1052,3,-0.5,0.0,0.0,0.0,0.0,0.0,0.0,0.0,0.0,0.0,0.0,580.0,222.0,0.0,575.0,223.0,0.0,541.0,217.0,0.0,583.0,222.0,,,,23,,Leo,Shahar,Shahar,,,0,0,0,0,0,0,0,0,0,0,0,0,0,,,,0.0,0.0,0.0,0.0,0.0,0,0,0
772,a,,,4.5,506,313.0,0,0.0,0,0.0,0.0,780,344.0,0,0,0.0,731.0,310.0,0,0,0.0,678.0,274.0,0.0,0.0,0.0,185,2,98,1,-0.5,0.0,0.0,0.0,0.0,0.0,0.0,0.0,0.0,0.0,0.0,731.0,310.0,0.0,726.0,310.0,0.0,709.0,305.0,0.0,731.0,310.0,,,,23,,Sam,Alabi,Alabi,,,0,0,0,0,0,0,0,0,0,0,0,0,0,,,,0.0,0.0,0.0,0.0,0.0,0,0,0
12,a,100.0,100.0,4.9,300,48.0,0,0.0,-1,1.0,0.2,353,129.0,7,0,1.4,399.0,146.0,0,56,0.2,385.0,144.0,0.0,1.4,0.0,25780,18,50265,7,0.2,0.2,0.07,0.36,0.43,5.02,0.02,0.09,0.11,1.28,80.8,340.0,129.0,83.4,241.0,69.0,22.0,350.0,118.0,18.6,347.0,122.0,,,,23,,Oleksandr,Zinchenko,Zinchenko,,,352,0,0,0,6,0,0,0,0,0,0,4,36,,,,0.0,0.0,1.53,1.02,6.14,10,14,17
426,a,,,5.0,256,157.0,0,0.0,-5,5.0,0.1,485,170.0,6,0,0.9,483.0,229.0,0,24,0.0,729.0,310.0,0.0,1.2,0.0,12036,3,25413,4,0.0,0.0,0.02,0.17,0.19,3.56,0.01,0.09,0.1,1.9,16.2,428.0,192.0,44.9,323.0,178.0,8.0,390.0,193.0,7.0,411.0,186.0,,,,23,,James,McAtee,McAtee,,,169,0,0,0,7,0,0,0,1,0,0,1,11,,,,0.0,0.0,3.73,0.53,5.86,4,1,6
502,a,100.0,100.0,4.6,389,18.0,0,0.0,-4,4.0,5.5,72,12.0,54,0,3.0,185.0,16.0,3,216,2.3,150.0,17.0,0.5,11.7,0.0,368384,105,1904432,90,2.3,2.3,0.0,0.06,0.06,24.79,0.0,0.0,0.0,1.45,407.0,59.0,12.0,10.0,403.0,8.0,0.0,713.0,74.0,41.7,228.0,12.0,,,,23,,Matz,Sels,Sels,,,1542,0,0,3,26,0,0,0,1,0,53,17,75,,,,3.09,0.18,1.52,0.99,0.0,1,19,118
503,u,0.0,0.0,4.0,675,55.0,0,0.0,0,0.0,0.1,532,76.0,0,0,0.0,573.0,73.0,0,0,0.0,490.0,68.0,0.0,0.0,0.0,448,0,15360,4,0.0,0.0,0.0,0.0,0.0,0.0,0.0,0.0,0.0,0.0,0.0,562.0,73.0,0.0,557.0,62.0,0.0,522.0,47.0,0.0,565.0,73.0,,,,23,,Carlos Miguel,dos Santos Pereira,C.Miguel,Has joined Palmeiras permanently.,,0,0,0,0,0,0,0,0,0,0,0,0,0,,,,0.0,0.0,0.0,0.0,0.0,0,0,0
504,u,0.0,0.0,4.0,661,47.0,0,0.0,0,0.0,0.1,498,75.0,0,0,0.0,561.0,65.0,0,0,0.0,478.0,60.0,0.0,0.0,0.0,0,0,15376,0,0.0,0.0,0.0,0.0,0.0,0.0,0.0,0.0,0.0,0.0,0.0,550.0,65.0,0.0,545.0,54.0,0.0,510.0,39.0,0.0,553.0,65.0,,,,23,,Matt,Turner,Turner,Has joined Lyon permanently.,,0,0,0,0,0,0,0,0,0,0,0,0,0,,,,0.0,0.0,0.0,0.0,0.0,0,0,0
505,a,,,5.1,229,33.0,0,0.0,-4,4.0,3.1,105,43.0,58,0,2.6,241.0,91.0,1,206,2.5,140.0,56.0,0.5,11.4,0.0,298458,65,1012070,70,2.5,2.5,0.72,0.41,1.13,30.92,0.03,0.02,0.05,1.41,407.0,60.0,28.0,36.0,338.0,116.0,88.0,223.0,58.0,53.4,174.0,57.0,,,,23,,Nikola,Milenković,Milenković,,,1980,0,0,4,34,1,0,0,4,0,0,22,207,,,,0.0,0.18,1.55,1.0,8.09,15,163,67
506,d,75.0,75.0,5.2,221,31.0,0,0.0,-3,3.0,1.9,135,54.0,54,0,3.4,133.0,52.0,3,204,2.8,105.0,37.0,0.5,10.4,0.0,194482,18,728140,254,2.1,2.1,0.48,0.41,0.89,20.89,0.03,0.03,0.06,1.37,382.8,76.0,34.0,76.9,254.0,74.0,67.0,260.0,73.0,52.8,177.0,58.0,,3.0,,23,,Murillo,Costa dos Santos,Murillo,Hamstring injury - 75% chance of playing,,1369,1,0,3,22,1,0,0,3,0,0,16,185,,,,0.0,0.2,1.45,1.05,10.06,26,127,66
507,a,100.0,100.0,4.7,376,64.0,0,0.0,-3,3.0,1.9,133,53.0,14,0,2.3,272.0,106.0,0,54,1.3,235.0,87.0,0.3,3.0,0.0,237878,60,1587610,13,1.3,1.3,0.08,0.42,0.5,9.27,0.01,0.07,0.08,1.61,93.8,325.0,126.0,63.8,276.0,87.0,39.0,306.0,98.0,19.7,337.0,116.0,,,,23,,Ola,Aina,Aina,,,518,0,0,1,8,0,0,0,2,0,0,6,62,,,,0.0,0.17,1.39,1.04,7.3,10,32,29
508,a,,,4.7,379,65.0,0,0.0,-3,3.0,3.1,102,40.0,65,0,3.0,186.0,72.0,7,319,2.2,168.0,65.0,0.5,13.8,0.0,355237,67,1087849,74,2.2,2.2,1.35,2.19,3.54,30.92,0.06,0.1,0.16,1.41,489.6,29.0,12.0,341.7,43.0,5.0,214.0,84.0,8.0,104.7,35.0,2.0,4.0,,,23,,Neco,Williams,N.Williams,,,1980,1,1,4,34,0,0,0,4,0,0,22,188,,,,0.0,0.18,1.55,1.0,6.73,65,83,99
509,u,0.0,0.0,4.5,427,86.0,0,0.0,0,0.0,0.0,665,231.0,0,0,0.0,679.0,252.0,0,0,0.0,623.0,245.0,0.0,0.0,0.0,427,0,4371,0,0.0,0.0,0.0,0.0,0.0,0.0,0.0,0.0,0.0,0.0,0.0,673.0,251.0,0.0,671.0,252.0,0.0,650.0,251.0,0.0,676.0,252.0,,,,23,,David,Mota Veiga Teixeira do Carmo,David Carmo,has joined Real Oviedo on loan for the rest of the season.,,0,0,0,0,0,0,0,0,0,0,0,0,0,,,,0.0,0.0,0.0,0.0,0.0,0,0,0
510,a,,,4.2,638,155.0,0,0.0,-3,3.0,0.1,546,198.0,3,0,3.0,182.0,70.0,0,9,0.0,545.0,228.0,0.0,0.7,0.0,2854,1,7779,2,0.0,0.0,0.0,0.0,0.0,3.28,0.0,0.0,0.0,3.28,26.0,413.0,157.0,0.4,452.0,166.0,0.0,573.0,239.0,2.6,443.0,160.0,,,,23,,Jair,Paula da Cunha Filho,Jair Cunha,,,90,0,0,0,2,0,0,0,0,0,0,1,12,,,,0.0,0.0,2.0,1.0,11.0,2,9,1
511,a,,,4.3,584,136.0,0,0.0,-2,2.0,0.1,501,180.0,21,0,2.1,305.0,114.0,1,83,0.2,359.0,139.0,0.0,4.9,0.0,7773,0,12107,4,0.2,0.2,0.03,0.06,0.09,10.69,0.0,0.01,0.01,1.36,165.2,246.0,101.0,9.1,407.0,147.0,5.0,404.0,150.0,17.9,349.0,123.0,,,,23,,Felipe,Rodrigues da Silva,Morato,,,709,0,0,1,14,0,0,0,4,0,0,8,92,,,,0.0,0.13,1.78,1.02,8.89,18,52,31
512,u,0.0,0.0,4.5,412,79.0,0,0.0,0,0.0,0.0,669,233.0,0,0,0.0,671.0,250.0,0,0,0.0,611.0,241.0,0.0,0.0,0.0,345,0,4086,1,0.0,0.0,0.0,0.0,0.0,0.0,0.0,0.0,0.0,0.0,0.0,665.0,249.0,0.0,662.0,250.0,0.0,639.0,248.0,0.0,668.0,250.0,,,,23,,Omar,Richards,O.Richards,has joined Rio Ave on loan for the rest of the season.,,0,0,0,0,0,0,0,0,0,0,0,0,0,,,,0.0,0.0,0.0,0.0,0.0,0,0,0
513,a,,,3.8,795,256.0,0,0.0,-2,2.0,0.3,336,124.0,1,0,1.0,430.0,158.0,0,5,0.0,424.0,165.0,0.0,0.3,0.0,25224,7,25028,10,0.0,0.0,0.0,0.0,0.0,0.63,0.0,0.0,0.0,1.26,15.6,430.0,161.0,0.6,448.0,164.0,0.0,451.0,178.0,1.6,453.0,163.0,,,,23,,Zach,Abbott,Abbott,,,45,0,0,0,1,0,0,0,0,0,0,0,7,,,,0.0,0.0,2.0,0.0,14.0,1,6,1
514,a,100.0,100.0,3.8,770,232.0,0,0.0,-2,2.0,0.4,288,110.0,0,0,0.0,492.0,173.0,0,0,0.0,405.0,147.0,0.0,0.0,0.0,36081,26,58619,12,0.0,0.0,0.0,0.0,0.0,0.0,0.0,0.0,0.0,0.0,0.0,481.0,172.0,0.0,471.0,171.0,0.0,432.0,160.0,0.0,484.0,172.0,,,,23,,Willy,Boly,Boly,,,0,0,0,0,0,0,0,0,0,0,0,0,0,,,,0.0,0.0,0.0,0.0,0.0,0,0,0
515,a,100.0,100.0,7.3,27,18.0,0,0.0,-2,2.0,3.0,108,33.0,84,0,3.8,92.0,44.0,7,329,4.0,37.0,16.0,0.5,11.5,0.0,696737,285,973980,127,4.0,4.0,5.81,1.69,7.5,29.83,0.28,0.08,0.36,1.43,335.8,104.0,35.0,389.7,30.0,29.0,410.0,25.0,12.0,113.3,31.0,26.0,,2.0,2.0,23,,Morgan,Gibbs-White,Gibbs-White,,,1872,5,1,4,31,0,0,0,0,0,0,21,106,,,,0.0,0.19,1.49,1.01,5.1,12,32,62
516,a,100.0,100.0,5.7,116,73.0,0,0.0,-3,3.0,0.8,205,69.0,56,0,2.8,219.0,98.0,6,224,1.5,228.0,96.0,0.3,9.8,0.0,250996,59,310376,61,1.5,1.5,1.84,1.6,3.44,19.38,0.14,0.12,0.26,1.44,232.2,185.0,78.0,363.5,37.0,35.0,206.0,90.0,55.0,80.0,79.0,49.0,,,,23,,Callum,Hudson-Odoi,Hudson-Odoi,,,1208,3,1,2,19,0,0,0,0,0,0,12,65,,,,0.0,0.15,1.42,0.89,4.84,10,14,41
517,a,,,5.3,189,118.0,0,0.0,-2,2.0,4.5,79,27.0,92,0,4.2,58.0,24.0,4,432,3.8,42.0,18.0,0.7,17.4,0.0,924464,671,1085757,259,3.8,3.8,1.8,2.02,3.82,30.92,0.08,0.09,0.17,1.41,486.6,31.0,8.0,559.9,8.0,8.0,146.0,137.0,81.0,119.6,23.0,19.0,2.0,,4.0,23,,Elliot,Anderson,Anderson,,,1980,1,3,4,34,0,0,0,4,0,0,22,302,,,,0.0,0.18,1.55,1.0,13.73,59,58,185
518,u,0.0,0.0,5.4,176,110.0,0,0.0,-1,1.0,0.0,610,235.0,1,0,1.0,477.0,227.0,0,6,0.0,768.0,338.0,0.0,0.2,0.0,1029,0,9051,0,0.0,0.0,0.0,0.0,0.0,0.0,0.0,0.0,0.0,0.0,5.0,450.0,206.0,0.5,451.0,220.0,4.0,415.0,207.0,1.0,460.0,214.0,,,,23,,João Pedro,Ferreira da Silva,Jota,has joined Besiktas on loan for the rest of the season.,,11,0,0,0,0,0,0,0,0,0,0,0,3,,,,0.0,0.0,0.0,0.0,24.55,2,1,0
519,a,100.0,100.0,5.0,255,156.0,0,0.0,0,0.0,0.0,651,266.0,28,0,2.2,294.0,129.0,3,110,3.3,70.0,33.0,0.7,5.6,0.0,2636,10,1792,2,3.3,3.3,0.89,0.38,1.27,9.72,0.12,0.05,0.17,1.34,139.2,270.0,119.0,135.2,169.0,114.0,79.0,239.0,130.0,35.5,261.0,128.0,3.0,,,23,,Nicolás,Domínguez,Dominguez,,,652,1,0,2,11,0,0,0,2,0,0,9,67,,,,0.0,0.28,1.52,1.24,9.25,25,15,27
520,u,0.0,0.0,5.0,253,155.0,0,0.0,0,0.0,0.0,796,356.0,0,0,0.0,761.0,331.0,0,0,0.0,728.0,309.0,0.0,0.0,0.0,0,0,116,0,0.0,0.0,0.0,0.0,0.0,0.0,0.0,0.0,0.0,0.0,0.0,761.0,331.0,0.0,758.0,331.0,0.0,752.0,329.0,0.0,761.0,331.0,,,,23,,Lewis,O'Brien,O'Brien,Has joined Wrexham permanently.,,0,0,0,0,0,0,0,0,0,0,0,0,0,,,,0.0,0.0,0.0,0.0,0.0,0,0,0
521,a,100.0,100.0,4.9,304,189.0,0,0.0,-1,1.0,0.1,565,208.0,50,0,3.6,115.0,51.0,2,201,0.5,317.0,141.0,0.1,10.2,0.0,7638,11,10739,2,0.5,0.5,0.78,1.11,1.89,14.9,0.07,0.1,0.17,1.41,246.2,175.0,71.0,80.1,248.0,151.0,77.0,245.0,134.0,40.4,232.0,116.0,,,,23,,Ibrahim,Sangaré,Sangaré,,,954,2,2,4,13,0,0,0,2,0,0,12,113,,,,0.0,0.38,1.23,1.13,10.66,28,43,42
522,a,100.0,100.0,4.7,378,237.0,0,0.0,-3,3.0,0.1,544,197.0,15,0,1.4,397.0,178.0,0,67,0.0,683.0,278.0,0.0,3.2,0.0,9142,1,18582,0,0.0,0.0,0.07,0.17,0.24,3.48,0.02,0.05,0.07,1.05,64.2,363.0,160.0,27.0,356.0,186.0,25.0,340.0,177.0,11.5,380.0,175.0,,,,23,,Ryan,Yates,Yates,,,299,0,1,0,5,0,0,0,1,0,0,1,33,,,,0.0,0.0,1.51,0.3,9.93,7,15,11
523,a,100.0,100.0,4.5,468,286.0,0,0.0,0,0.0,0.1,571,211.0,0,0,0.0,703.0,289.0,0,0,0.0,649.0,252.0,0.0,0.0,0.0,1934,1,16406,0,0.0,0.0,0.0,0.0,0.0,0.0,0.0,0.0,0.0,0.0,0.0,701.0,287.0,0.0,697.0,288.0,0.0,679.0,282.0,0.0,702.0,288.0,,,,23,,Eric,da Silva Moreira,Da Silva Moreira,,,0,0,0,0,0,0,0,0,0,0,0,0,0,,,,0.0,0.0,0.0,0.0,0.0,0,0,0
524,u,0.0,0.0,4.5,444,266.0,0,0.0,0,0.0,0.0,676,281.0,0,0,0.0,687.0,275.0,0,0,0.0,632.0,237.0,0.0,0.0,0.0,245,0,5666,1,0.0,0.0,0.0,0.0,0.0,0.0,0.0,0.0,0.0,0.0,0.0,683.0,271.0,0.0,680.0,273.0,0.0,660.0,265.0,0.0,684.0,272.0,,,,23,,Marko,Stamenić,Stamenic,Has joined Swansea City permanently.,,0,0,0,0,0,0,0,0,0,0,0,0,0,,,,0.0,0.0,0.0,0.0,0.0,0,0,0
525,i,0.0,0.0,7.2,30,10.0,0,0.0,-3,3.0,4.7,77,13.0,25,0,3.1,179.0,19.0,3,85,0.0,796.0,86.0,0.0,3.5,0.0,2133228,0,3373096,67,0.0,0.0,2.81,0.11,2.92,7.84,0.47,0.02,0.49,1.31,77.6,343.0,34.0,49.6,313.0,34.0,179.0,108.0,29.0,29.8,290.0,35.0,,,1.0,23,,Chris,Wood,Wood,Knee injury - Unknown return date,,538,2,0,1,8,0,0,0,0,0,0,7,14,,,,0.0,0.17,1.34,1.17,2.34,1,6,7
526,d,75.0,75.0,5.8,109,31.0,0,0.0,-2,2.0,1.0,186,28.0,46,0,2.2,299.0,31.0,3,135,2.2,174.0,21.0,0.4,7.9,0.0,300649,12,294774,285,1.7,1.7,3.33,0.83,4.16,20.07,0.25,0.06,0.31,1.48,117.2,295.0,29.0,111.4,198.0,20.0,348.0,36.0,15.0,55.3,160.0,19.0,,,3.0,23,,Igor Jesus,Maciel da Cruz,Igor Jesus,Hip injury - 75% chance of playing,,1218,1,2,4,23,0,0,0,0,0,0,14,59,,,,0.0,0.3,1.7,1.03,4.36,13,17,29
527,a,100.0,100.0,5.2,207,45.0,0,0.0,-3,3.0,0.3,323,54.0,7,0,1.0,473.0,55.0,0,29,0.3,344.0,38.0,0.1,1.3,0.0,30488,12,88458,6,0.3,0.3,0.46,0.39,0.85,2.94,0.23,0.19,0.42,1.45,17.0,426.0,46.0,40.5,328.0,39.0,68.0,257.0,45.0,12.6,372.0,44.0,,,,23,,Taiwo,Awoniyi,Awoniyi,,,182,0,0,0,2,0,0,0,0,0,0,1,10,,,,0.0,0.0,0.99,0.49,4.95,1,3,6
669,a,100.0,100.0,5.5,149,95.0,0,0.0,-5,5.0,0.7,215,73.0,42,0,2.6,244.0,106.0,4,144,0.2,398.0,184.0,0.0,7.6,0.0,542914,9,569411,7,0.2,0.2,0.78,1.22,2.0,14.08,0.07,0.11,0.18,1.25,144.6,264.0,116.0,153.0,156.0,106.0,136.0,148.0,87.0,43.5,216.0,108.0,,,,23,,Dan,Ndoye,Ndoye,,,1011,1,2,2,16,0,0,0,1,0,0,14,82,,,,0.0,0.18,1.42,1.25,7.3,18,20,44
675,a,100.0,100.0,4.0,651,43.0,0,0.0,0,0.0,1.2,172,22.0,0,0,0.0,553.0,62.0,0,0,0.0,471.0,57.0,0.0,0.0,0.0,28360,5,95697,3,0.0,0.0,0.0,0.0,0.0,0.0,0.0,0.0,0.0,0.0,0.0,543.0,62.0,0.0,537.0,50.0,0.0,501.0,35.0,0.0,546.0,62.0,,,,23,,Angus,Gunn,Gunn,,,0,0,0,0,0,0,0,0,0,0,0,0,0,,,,0.0,0.0,0.0,0.0,0.0,0,0,0
693,a,,,5.4,175,109.0,0,0.0,-1,1.0,0.1,449,153.0,48,0,2.8,217.0,96.0,3,189,2.5,144.0,60.0,0.5,8.9,0.0,30662,14,20677,17,2.5,2.5,1.58,2.45,4.03,14.22,0.16,0.25,0.41,1.46,186.4,225.0,95.0,291.4,66.0,53.0,218.0,80.0,50.0,69.3,105.0,58.0,,,,23,,Omari,Hutchinson,Hutchinson,,,878,1,4,2,15,0,0,0,0,0,0,8,74,,,,0.0,0.21,1.54,0.82,7.59,13,8,53
696,u,0.0,0.0,6.0,88,28.0,0,0.0,0,0.0,0.1,433,62.0,9,0,1.0,479.0,56.0,0,24,0.2,401.0,46.0,0.0,1.5,0.0,15291,0,17298,6,0.0,0.0,0.44,0.02,0.46,1.57,0.44,0.02,0.46,1.59,6.8,444.0,49.0,17.7,379.0,47.0,39.0,308.0,50.0,6.3,416.0,50.0,,,,23,,Arnaud,Kalimuendo,Kalimuendo,has joined Eintracht Frankfurt on loan for the rest of the season.,,89,0,0,0,3,0,0,0,0,0,0,0,6,,,,0.0,0.0,3.03,0.0,6.07,1,1,4
699,a,100.0,100.0,4.9,313,194.0,0,0.0,-1,1.0,0.0,585,218.0,11,0,1.4,400.0,180.0,0,64,0.2,386.0,176.0,0.0,2.2,0.0,15202,4,14914,5,0.2,0.2,0.14,0.64,0.78,4.45,0.04,0.18,0.22,1.28,46.6,384.0,170.0,77.4,251.0,153.0,25.0,341.0,178.0,14.9,362.0,170.0,1.0,,,23,,Douglas Luiz,Soares de Paulo,Douglas Luiz,,,314,0,1,0,7,0,0,0,2,0,0,5,39,,,,0.0,0.0,2.01,1.43,11.18,9,10,20
715,i,0.0,0.0,4.0,659,46.0,0,0.0,0,0.0,0.4,270,36.0,11,0,2.2,281.0,24.0,0,32,0.7,294.0,21.0,0.2,2.8,0.0,65455,2,37620,44,0.0,0.0,0.0,0.0,0.0,6.13,0.0,0.0,0.0,1.26,56.4,377.0,29.0,0.0,543.0,53.0,0.0,508.0,38.0,5.7,418.0,29.0,,,,23,,John Victor,Maciel Furtado,John,Knee injury - Unknown return date,,437,0,0,1,8,0,0,0,1,0,6,5,0,,,,1.24,0.21,1.65,1.03,0.0,0,4,26
716,a,,,4.5,446,92.0,0,0.0,0,0.0,0.1,442,162.0,39,0,2.8,213.0,81.0,0,131,0.3,337.0,126.0,0.1,8.7,0.0,46524,2,35993,17,0.3,0.3,1.34,0.45,1.79,15.04,0.12,0.04,0.16,1.32,216.6,196.0,79.0,123.2,186.0,47.0,94.0,213.0,53.0,43.5,215.0,73.0,,,,23,,Nicolò,Savona,Savona,,,1025,2,0,3,18,0,0,0,2,0,0,11,69,,,,0.0,0.26,1.58,0.97,5.0,20,37,27
729,u,0.0,0.0,4.5,466,94.0,0,0.0,0,0.0,0.0,799,262.0,0,0,0.0,701.0,253.0,0,0,0.0,647.0,246.0,0.0,0.0,0.0,25,0,41,0,0.0,0.0,0.0,0.0,0.0,0.0,0.0,0.0,0.0,0.0,0.0,699.0,253.0,0.0,695.0,253.0,0.0,677.0,252.0,0.0,700.0,253.0,,,,23,,Luis Eduardo,Soares da Silva,Cuiabano,has joined Botafogo on loan for the rest of the season.,,0,0,0,0,0,0,0,0,0,0,0,0,0,,,,0.0,0.0,0.0,0.0,0.0,0,0,0
734,a,100.0,100.0,5.9,101,66.0,0,0.0,-1,1.0,0.0,677,282.0,12,0,1.5,394.0,177.0,0,53,1.2,257.0,113.0,0.2,2.0,0.0,3802,0,3462,2,1.2,1.2,0.39,0.68,1.07,5.51,0.12,0.2,0.32,1.64,49.8,382.0,169.0,108.8,199.0,129.0,71.0,253.0,138.0,23.0,321.0,156.0,,,,23,,Dilane,Bakwa,Bakwa,,,302,0,1,0,7,0,0,0,1,0,0,3,23,,,,0.0,0.0,2.09,0.89,6.85,1,3,19
528,a,,,4.2,626,34.0,0,0.0,-3,3.0,0.2,383,55.0,0,0,0.0,613.0,83.0,0,0,0.0,535.0,78.0,0.0,0.0,0.0,10279,3,31158,7,0.0,0.0,0.0,0.0,0.0,0.0,0.0,0.0,0.0,0.0,0.0,603.0,83.0,0.0,598.0,73.0,0.0,567.0,59.0,0.0,607.0,83.0,,,,23,,Anthony,Patterson,Patterson,,,0,0,0,0,0,0,0,0,0,0,0,0,0,,,,0.0,0.0,0.0,0.0,0.0,0,0,0
529,a,,,3.9,723,66.0,0,0.0,-1,1.0,0.4,278,38.0,0,0,0.0,514.0,35.0,0,0,0.0,431.0,30.0,0.0,0.0,0.0,16673,2,31081,4,0.0,0.0,0.0,0.0,0.0,0.0,0.0,0.0,0.0,0.0,0.0,504.0,35.0,0.0,497.0,22.0,0.0,459.0,7.0,0.0,507.0,35.0,,,,23,,Simon,Moore,Moore,,,0,0,0,0,0,0,0,0,0,0,0,0,0,,,,0.0,0.0,0.0,0.0,0.0,0,0,0
530,u,0.0,0.0,3.9,752,83.0,0,0.0,-1,1.0,0.1,432,66.0,0,0,0.0,534.0,52.0,0,0,0.0,452.0,47.0,0.0,0.0,0.0,7473,0,11435,10,0.0,0.0,0.0,0.0,0.0,0.0,0.0,0.0,0.0,0.0,0.0,524.0,52.0,0.0,517.0,39.0,0.0,480.0,24.0,0.0,527.0,52.0,,,,23,,Blondy,Nna Noukeu,Nna Noukeu,has joined US Boulogne CO permanently.,,0,0,0,0,0,0,0,0,0,0,0,0,0,,,,0.0,0.0,0.0,0.0,0.0,0,0,0
531,a,100.0,100.0,4.6,392,68.0,0,0.0,1,-1.0,3.1,104,42.0,81,0,4.3,49.0,21.0,7,247,1.0,271.0,97.0,0.2,17.6,0.0,1032255,246,894550,230,1.0,1.0,2.0,0.48,2.48,20.72,0.13,0.03,0.16,1.35,433.4,47.0,22.0,97.2,219.0,62.0,305.0,47.0,2.0,83.6,69.0,14.0,,,,23,,Daniel,Ballard,Ballard,,,1386,2,1,4,19,0,0,0,3,0,0,15,179,,,,0.0,0.26,1.24,0.98,10.86,23,144,34
532,a,,,4.5,436,88.0,0,0.0,0,0.0,0.4,283,108.0,66,0,2.9,197.0,76.0,4,234,1.7,204.0,76.0,0.4,14.7,0.0,71527,9,60456,33,1.7,1.7,1.14,0.92,2.06,30.72,0.05,0.04,0.09,1.47,306.8,121.0,51.0,228.0,95.0,23.0,143.0,140.0,25.0,67.9,111.0,37.0,2.0,,,23,,Trai,Hume,Hume,,,1876,0,1,6,24,0,0,0,6,0,0,21,159,,,,0.0,0.29,1.15,1.01,6.33,44,88,64
533,i,0.0,0.0,4.0,658,164.0,0,0.0,0,0.0,0.0,761,259.0,0,0,0.0,559.0,206.0,0,0,0.0,476.0,184.0,0.0,0.0,0.0,585,0,778,0,0.0,0.0,0.0,0.0,0.0,0.0,0.0,0.0,0.0,0.0,0.0,548.0,205.0,0.0,542.0,206.0,0.0,507.0,199.0,0.0,551.0,205.0,,,,23,,Aji,Alese,Alese,Shoulder injury - Unknown return date,,0,0,0,0,0,0,0,0,0,0,0,0,0,,,,0.0,0.0,0.0,0.0,0.0,0,0,0
534,u,0.0,0.0,3.8,776,237.0,0,0.0,-2,2.0,0.4,275,103.0,0,0,0.0,495.0,175.0,0,0,0.0,410.0,151.0,0.0,0.0,0.0,39413,0,57349,65,0.0,0.0,0.0,0.0,0.0,0.0,0.0,0.0,0.0,0.0,0.0,485.0,175.0,0.0,476.0,175.0,0.0,437.0,164.0,0.0,488.0,175.0,,,,23,,Joe,Anderson,Anderson,has joined Barrow FC permanently.,,0,0,0,0,0,0,0,0,0,0,0,0,0,,,,0.0,0.0,0.0,0.0,0.0,0,0,0
535,a,100.0,100.0,4.0,668,169.0,0,0.0,0,0.0,0.1,575,209.0,13,1,2.2,282.0,107.0,0,42,2.2,165.0,62.0,0.6,3.2,0.0,5755,10,3962,10,2.2,2.2,0.0,0.02,0.02,5.87,0.0,0.01,0.01,1.89,52.2,378.0,144.0,7.6,410.0,149.0,2.0,417.0,155.0,6.1,417.0,152.0,,,,23,,Dennis,Cirkin,Cirkin,,,281,0,0,1,2,0,0,0,1,0,0,3,25,,,,0.0,0.32,0.65,0.97,8.06,8,17,6
536,a,100.0,100.0,4.0,676,172.0,0,0.0,0,0.0,0.0,692,238.0,0,0,0.0,574.0,212.0,0,0,0.0,491.0,190.0,0.0,0.0,0.0,1081,1,964,3,0.0,0.0,0.0,0.0,0.0,0.0,0.0,0.0,0.0,0.0,0.0,563.0,211.0,0.0,558.0,212.0,0.0,523.0,205.0,0.0,566.0,211.0,,,,23,,Leo Fuhr,Hjelde,Hjelde,,,0,0,0,0,0,0,0,0,0,0,0,0,0,,,,0.0,0.0,0.0,0.0,0.0,0,0,0
537,u,0.0,0.0,4.0,678,173.0,0,0.0,0,0.0,0.1,524,190.0,0,0,0.0,576.0,213.0,0,0,0.0,493.0,191.0,0.0,0.0,0.0,1038,0,15909,0,0.0,0.0,0.0,0.0,0.0,0.0,0.0,0.0,0.0,0.0,0.0,565.0,212.0,0.0,560.0,213.0,0.0,525.0,206.0,0.0,568.0,212.0,,,,23,,Niall,Huggins,Huggins,has joined Wycombe Wanderers on loan for the rest of the season.,,0,0,0,0,0,0,0,0,0,0,0,0,0,,,,0.0,0.0,0.0,0.0,0.0,0,0,0
538,u,0.0,0.0,3.8,788,249.0,0,0.0,-2,2.0,0.2,347,127.0,0,0,0.0,503.0,183.0,0,0,0.0,419.0,160.0,0.0,0.0,0.0,23261,0,29070,17,0.0,0.0,0.0,0.0,0.0,0.0,0.0,0.0,0.0,0.0,0.0,493.0,183.0,0.0,484.0,183.0,0.0,445.0,172.0,0.0,496.0,183.0,,,,23,,Zak,Johnson,Johnson,has joined York City on loan for the rest of the season.,,0,0,0,0,0,0,0,0,0,0,0,0,0,,,,0.0,0.0,0.0,0.0,0.0,0,0,0
539,a,100.0,100.0,4.0,656,162.0,0,0.0,0,0.0,0.1,556,201.0,0,0,0.0,557.0,204.0,0,1,0.2,354.0,134.0,0.0,0.0,0.0,5985,4,6384,7,0.2,0.2,0.0,0.0,0.0,0.73,0.0,0.0,0.0,5.97,5.0,449.0,163.0,0.5,449.0,165.0,0.0,505.0,197.0,0.5,467.0,165.0,,,,23,,Luke,O'Nien,O'Nien,,,11,0,0,0,0,0,0,0,0,1,0,0,2,,,,0.0,0.0,0.0,0.0,16.36,2,0,1
540,u,0.0,0.0,3.9,745,218.0,0,0.0,-1,1.0,0.3,304,113.0,0,0,0.0,529.0,193.0,0,0,0.0,447.0,172.0,0.0,0.0,0.0,47547,0,43609,20,0.0,0.0,0.0,0.0,0.0,0.0,0.0,0.0,0.0,0.0,0.0,519.0,193.0,0.0,512.0,194.0,0.0,475.0,185.0,0.0,522.0,193.0,,,,23,,Timothée,Pembélé,Pembele,has joined Le Havre AC on loan for the rest of the season.,,0,0,0,0,0,0,0,0,0,0,0,0,0,,,,0.0,0.0,0.0,0.0,0.0,0,0,0
541,a,100.0,100.0,3.8,779,240.0,0,0.0,-2,2.0,2.8,112,45.0,38,-1,2.7,222.0,83.0,3,132,0.2,351.0,131.0,0.1,10.0,0.0,504549,446,962182,87,0.2,0.2,0.1,0.16,0.26,15.81,0.01,0.01,0.02,1.23,208.4,205.0,83.0,49.8,311.0,105.0,25.0,338.0,111.0,28.5,295.0,97.0,,,,23,,Reinildo,Mandava,Reinildo,,,1157,0,1,3,16,0,0,0,5,1,0,14,121,,,,0.0,0.23,1.24,1.09,7.93,27,75,53
542,u,0.0,0.0,4.0,692,183.0,0,0.0,0,0.0,0.1,484,175.0,2,0,1.0,431.0,159.0,0,11,0.0,506.0,200.0,0.0,0.5,0.0,3016,0,24853,1,0.0,0.0,0.0,0.01,0.01,1.33,0.0,0.01,0.01,0.9,33.6,403.0,154.0,2.4,431.0,158.0,0.0,537.0,214.0,3.6,436.0,158.0,,,,23,,Jenson,Seelt,Seelt,has joined Wolfsburg on loan for the rest of the season.,,133,0,0,0,2,0,0,0,0,0,0,1,18,,,,0.0,0.0,1.35,0.68,8.12,4,8,6
543,a,,,4.9,338,210.0,0,0.0,-6,6.0,0.4,260,88.0,34,0,2.4,263.0,111.0,3,81,2.5,139.0,57.0,0.5,6.9,0.0,89969,10,219936,32,2.5,2.5,0.35,0.62,0.97,11.3,0.05,0.09,0.14,1.57,81.4,339.0,150.0,116.8,191.0,126.0,75.0,248.0,137.0,27.0,301.0,146.0,,,,23,,Simon,Adingra,Adingra,,,649,1,1,4,8,0,0,0,2,0,0,9,45,,,,0.0,0.55,1.11,1.25,6.24,11,13,21
544,a,100.0,100.0,5.3,202,126.0,0,0.0,-2,2.0,0.0,611,236.0,14,1,2.3,276.0,120.0,0,31,0.2,396.0,183.0,0.0,2.6,0.0,6804,9,16194,3,0.2,0.2,0.54,0.09,0.63,4.52,0.12,0.02,0.14,1.02,16.0,429.0,193.0,31.5,347.0,183.0,45.0,296.0,155.0,8.6,402.0,183.0,,,1.0,23,,Habib,Diarra,Diarra,,,401,0,1,2,2,0,0,0,1,0,0,4,23,,,,0.0,0.45,0.45,0.9,5.19,3,7,13
545,u,0.0,0.0,5.4,160,100.0,0,0.0,-1,1.0,0.0,707,300.0,1,0,1.0,476.0,226.0,0,4,0.0,761.0,333.0,0.0,0.2,0.0,462,0,4062,0,0.0,0.0,0.03,0.02,0.05,0.66,0.1,0.07,0.17,2.2,1.8,468.0,217.0,7.3,412.0,203.0,5.0,407.0,201.0,1.4,458.0,212.0,,,,23,,Patrick,Roberts,Roberts,has joined Birmingham City on loan for the rest of the season.,,27,0,0,0,1,0,0,0,0,0,0,0,1,,,,0.0,0.0,3.33,0.0,3.33,0,0,1
546,u,0.0,0.0,4.9,343,215.0,0,0.0,-1,1.0,0.0,687,290.0,0,0,0.0,757.0,328.0,0,0,0.0,721.0,305.0,0.0,0.0,0.0,295,0,3373,0,0.0,0.0,0.0,0.0,0.0,0.0,0.0,0.0,0.0,0.0,0.0,757.0,328.0,0.0,753.0,328.0,0.0,745.0,326.0,0.0,757.0,328.0,,,,23,,Milan,Aleksić,Aleksić,has joined Cracovia on loan for the rest of the season.,,0,0,0,0,0,0,0,0,0,0,0,0,0,,,,0.0,0.0,0.0,0.0,0.0,0,0,0
547,a,100.0,100.0,4.9,333,207.0,0,0.0,-1,1.0,1.4,157,54.0,81,2,3.7,100.0,46.0,7,322,3.5,59.0,25.0,0.7,16.5,0.0,275125,503,146705,160,3.5,3.5,3.71,2.4,6.11,28.28,0.19,0.12,0.31,1.46,389.2,68.0,21.0,464.6,17.0,16.0,163.0,122.0,71.0,101.8,38.0,28.0,3.0,2.0,2.0,23,,Enzo,Le Fée,E.Le Fée,,,1740,3,4,6,23,0,0,1,5,0,0,20,171,,,,0.0,0.31,1.19,1.04,8.86,49,43,79
548,a,100.0,100.0,4.9,327,202.0,0,0.0,-1,1.0,0.0,725,310.0,10,1,1.0,467.0,219.0,0,37,1.2,247.0,106.0,0.2,2.0,0.0,910,4,1234,1,1.2,1.2,0.45,0.26,0.71,5.64,0.13,0.08,0.21,1.68,24.6,418.0,185.0,28.2,354.0,185.0,46.0,295.0,154.0,9.6,394.0,180.0,,3.0,,23,,Romaine,Mundle,Mundle,,,302,0,0,0,6,0,0,0,1,0,0,2,23,,,,0.0,0.0,1.79,0.6,6.85,4,4,15
549,a,,,4.8,360,225.0,0,0.0,-2,2.0,0.0,631,253.0,3,0,1.0,464.0,217.0,0,10,0.2,383.0,174.0,0.0,0.6,0.0,1952,0,4197,1,0.2,0.2,0.0,0.0,0.0,0.64,0.0,0.0,0.0,4.43,3.0,461.0,213.0,1.4,440.0,215.0,0.0,723.0,312.0,0.4,472.0,218.0,,,,23,,Dan,Neil,Neil,,,13,0,0,0,0,0,0,0,0,0,0,0,2,,,,0.0,0.0,0.0,0.0,13.85,0,2,0
550,a,,,4.8,356,224.0,0,0.0,-2,2.0,0.0,655,269.0,0,0,0.0,739.0,315.0,0,0,0.0,692.0,284.0,0.0,0.0,0.0,869,0,2534,2,0.0,0.0,0.0,0.0,0.0,0.0,0.0,0.0,0.0,0.0,0.0,739.0,315.0,0.0,734.0,315.0,0.0,722.0,311.0,0.0,739.0,315.0,,,,23,,Ian,Poveda-Ocampo,Poveda,,,0,0,0,0,0,0,0,0,0,0,0,0,0,,,,0.0,0.0,0.0,0.0,0.0,0,0,0
551,a,,,4.7,386,242.0,0,0.0,-3,3.0,0.0,582,216.0,15,0,1.5,391.0,175.0,0,48,0.7,299.0,134.0,0.1,3.2,0.0,5340,3,8349,0,0.7,0.7,0.32,0.35,0.67,5.12,0.08,0.08,0.16,1.23,20.2,423.0,188.0,48.4,316.0,176.0,21.0,352.0,183.0,8.9,400.0,181.0,,,,23,,Chris,Rigg,Rigg,,,375,0,0,2,2,0,0,0,0,0,0,6,27,,,,0.0,0.48,0.48,1.44,6.48,6,7,14
552,a,100.0,100.0,4.9,341,213.0,0,0.0,-1,1.0,0.1,570,210.0,44,2,2.4,264.0,112.0,0,235,1.2,248.0,107.0,0.2,9.0,0.0,8792,13,10455,2,1.2,1.2,0.28,0.77,1.05,21.94,0.02,0.04,0.06,1.25,171.8,237.0,100.0,163.9,147.0,101.0,39.0,307.0,160.0,37.6,250.0,120.0,,,,23,,Noah,Sadiki,Sadiki,,,1579,0,1,5,21,0,0,0,4,0,0,18,139,,,,0.0,0.29,1.2,1.03,7.88,25,57,57
553,a,100.0,100.0,4.9,339,211.0,0,0.0,-1,1.0,0.1,418,140.0,52,1,3.1,171.0,72.0,5,149,0.2,390.0,178.0,0.0,10.6,0.0,56027,3,67828,2,0.2,0.2,1.2,0.49,1.68,13.6,0.12,0.05,0.17,1.35,128.4,279.0,126.0,126.7,179.0,119.0,123.0,167.0,98.0,37.3,253.0,123.0,,,,23,,Chemsdine,Talbi,Talbi,,,911,2,2,5,8,0,0,0,0,0,0,9,55,,,,0.0,0.5,0.79,0.89,5.45,7,12,36
554,a,,,4.3,583,341.0,0,0.0,-2,2.0,0.4,279,94.0,0,0,0.0,623.0,232.0,0,0,0.0,556.0,190.0,0.0,0.0,0.0,77864,9,70566,24,0.0,0.0,0.0,0.0,0.0,0.0,0.0,0.0,0.0,0.0,0.0,612.0,223.0,0.0,610.0,228.0,0.0,581.0,215.0,0.0,616.0,225.0,,,,23,,Abdoullah,Ba,Ba,,,0,0,0,0,0,0,0,0,0,0,0,0,0,,,,0.0,0.0,0.0,0.0,0.0,0,0,0
555,u,0.0,0.0,4.5,407,249.0,0,0.0,0,0.0,0.0,635,257.0,0,0,0.0,669.0,261.0,0,0,0.0,609.0,221.0,0.0,0.0,0.0,1291,0,9740,0,0.0,0.0,0.0,0.0,0.0,0.0,0.0,0.0,0.0,0.0,0.0,663.0,256.0,0.0,659.0,259.0,0.0,636.0,250.0,0.0,666.0,258.0,,,,23,,Alan,Browne,Browne,has joined Middlesbrough on loan for the rest of the season.,,0,0,0,0,0,0,0,0,0,0,0,0,0,,,,0.0,0.0,0.0,0.0,0.0,0,0,0
556,u,0.0,0.0,4.5,429,257.0,0,0.0,0,0.0,0.0,750,324.0,0,0,0.0,680.0,268.0,0,0,0.0,624.0,229.0,0.0,0.0,0.0,0,0,1786,1,0.0,0.0,0.0,0.0,0.0,0.0,0.0,0.0,0.0,0.0,0.0,674.0,263.0,0.0,673.0,266.0,0.0,652.0,258.0,0.0,677.0,265.0,,,,23,,Pierre,Ekwah Elimby,Ekwah,Has joined AS Saint-Etienne permanently.,,0,0,0,0,0,0,0,0,0,0,0,0,0,,,,0.0,0.0,0.0,0.0,0.0,0,0,0
557,a,,,4.3,602,350.0,0,0.0,-2,2.0,0.1,540,193.0,0,0,0.0,631.0,238.0,0,0,0.0,565.0,196.0,0.0,0.0,0.0,6652,7,8953,4,0.0,0.0,0.0,0.0,0.0,0.0,0.0,0.0,0.0,0.0,0.0,621.0,229.0,0.0,619.0,234.0,0.0,591.0,222.0,0.0,624.0,231.0,,,,23,,Harrison,Jones,H.Jones,,,0,0,0,0,0,0,0,0,0,0,0,0,0,,,,0.0,0.0,0.0,0.0,0.0,0,0,0
558,u,0.0,0.0,4.3,590,344.0,0,0.0,-2,2.0,0.2,364,122.0,0,0,0.0,625.0,234.0,0,0,0.0,559.0,192.0,0.0,0.0,0.0,30710,0,40728,27,0.0,0.0,0.0,0.0,0.0,0.0,0.0,0.0,0.0,0.0,0.0,615.0,225.0,0.0,612.0,230.0,0.0,583.0,217.0,0.0,618.0,227.0,,,,23,,Jay,Matete,Matete,has joined MK Dons permanently.,,0,0,0,0,0,0,0,0,0,0,0,0,0,,,,0.0,0.0,0.0,0.0,0.0,0,0,0
559,u,0.0,0.0,4.4,539,323.0,0,0.0,-1,1.0,0.0,633,255.0,0,0,0.0,650.0,250.0,0,0,0.0,588.0,208.0,0.0,0.0,0.0,2951,0,8513,1,0.0,0.0,0.0,0.0,0.0,0.0,0.0,0.0,0.0,0.0,0.0,641.0,242.0,0.0,639.0,247.0,0.0,614.0,236.0,0.0,644.0,244.0,,,,23,,Nectarios,Triantis,Triantis,has joined Minnesota United permanently.,,0,0,0,0,0,0,0,0,0,0,0,0,0,,,,0.0,0.0,0.0,0.0,0.0,0,0,0
560,a,100.0,100.0,5.2,211,46.0,0,0.0,-3,3.0,1.6,147,22.0,51,1,2.6,242.0,24.0,7,169,0.3,345.0,39.0,0.1,9.6,0.0,941527,91,815614,173,0.3,0.3,3.39,0.06,3.45,15.56,0.31,0.01,0.32,1.44,160.4,251.0,22.0,22.2,368.0,44.0,345.0,37.0,16.0,52.6,179.0,20.0,,,,23,,Wilson,Isidor,Isidor,,,971,4,0,4,13,0,0,0,1,0,0,11,36,,,,0.0,0.37,1.21,1.02,3.34,7,13,16
561,a,,,5.2,219,48.0,0,0.0,-3,3.0,0.5,248,40.0,26,2,1.9,332.0,33.0,2,86,1.5,224.0,28.0,0.3,5.0,0.0,262748,13,299903,16,1.5,1.5,1.05,0.13,1.18,10.23,0.17,0.02,0.19,1.61,71.2,354.0,36.0,40.7,327.0,38.0,127.0,163.0,38.0,23.5,318.0,38.0,,,3.0,23,,Eliezer,Mayenda Dossou,Mayenda,,,572,1,0,3,7,0,0,0,0,0,0,6,20,,,,0.0,0.47,1.1,0.95,3.15,3,6,11
562,a,,,4.2,640,88.0,0,0.0,-3,3.0,0.4,274,43.0,0,0,0.0,618.0,62.0,0,0,0.0,547.0,52.0,0.0,0.0,0.0,46330,48,76850,19,0.0,0.0,0.0,0.0,0.0,0.0,0.0,0.0,0.0,0.0,0.0,608.0,61.0,0.0,605.0,61.0,0.0,575.0,61.0,0.0,612.0,62.0,,,,23,,Ahmed,Abdullahi,Abdullahi,,,0,0,0,0,0,0,0,0,0,0,0,0,0,,,,0.0,0.0,0.0,0.0,0.0,0,0,0
563,u,0.0,0.0,4.4,547,76.0,0,0.0,-1,1.0,0.1,489,67.0,0,0,0.0,656.0,69.0,0,0,0.0,594.0,60.0,0.0,0.0,0.0,5979,0,20111,1,0.0,0.0,0.0,0.0,0.0,0.0,0.0,0.0,0.0,0.0,0.0,648.0,69.0,0.0,645.0,68.0,0.0,621.0,68.0,0.0,651.0,69.0,,,,23,,Luís Hemir,Silva Semedo,Luís Hemir,has joined Moreirense on loan for the rest of the season.,,0,0,0,0,0,0,0,0,0,0,0,0,0,,,,0.0,0.0,0.0,0.0,0.0,0,0,0
564,u,0.0,0.0,4.4,531,73.0,0,0.0,-1,1.0,0.1,494,69.0,0,0,0.0,646.0,66.0,0,0,0.0,584.0,57.0,0.0,0.0,0.0,3530,0,19941,1,0.0,0.0,0.0,0.0,0.0,0.0,0.0,0.0,0.0,0.0,0.0,636.0,66.0,0.0,634.0,65.0,0.0,609.0,65.0,0.0,639.0,66.0,,,,23,,Nazarii,Rusyn,Rusyn,has joined Arka on loan for the rest of the season.,,0,0,0,0,0,0,0,0,0,0,0,0,0,,,,0.0,0.0,0.0,0.0,0.0,0,0,0
668,a,,,5.2,204,128.0,0,0.0,2,-2.0,7.0,56,21.0,90,0,4.1,64.0,25.0,5,426,3.2,76.0,35.0,0.6,17.3,0.0,1344555,398,853327,1128,3.2,3.2,0.59,2.19,2.78,31.25,0.03,0.1,0.13,1.43,521.2,18.0,5.0,420.4,25.0,24.0,77.0,246.0,135.0,101.8,39.0,29.0,1.0,1.0,,23,,Granit,Xhaka,Xhaka,,,1962,1,5,7,23,0,0,0,4,0,0,22,237,,,,0.0,0.32,1.06,1.01,10.87,35,101,101
670,a,,,5.0,267,10.0,0,0.0,5,-5.0,13.2,31,5.0,98,1,4.3,51.0,3.0,9,421,3.0,94.0,8.0,0.6,19.6,0.0,2032268,506,553779,2204,3.0,3.0,0.0,0.05,0.05,33.05,0.0,0.0,0.0,1.45,607.0,8.0,2.0,40.0,331.0,2.0,0.0,758.0,85.0,64.6,124.0,2.0,,,,23,,Robin,Roefs,Roefs,,,2055,0,0,7,26,0,1,0,2,0,76,23,110,,,,3.33,0.31,1.14,1.01,0.0,0,23,231
678,i,0.0,0.0,3.9,728,209.0,0,0.0,-1,1.0,0.5,245,93.0,1,0,0.3,490.0,171.0,0,4,0.0,436.0,169.0,0.0,0.3,0.0,52341,3,77776,21,0.0,0.0,0.07,0.08,0.15,2.09,0.05,0.06,0.11,1.5,21.8,419.0,159.0,20.1,372.0,135.0,7.0,392.0,146.0,4.9,422.0,154.0,,,,23,,Arthur,Masuaku,Masuaku,Ankle injury - Expected back 22 Feb,,125,0,0,0,2,0,0,0,1,0,0,2,13,,,,0.0,0.0,1.44,1.44,7.2,4,6,3
683,a,100.0,100.0,4.1,644,157.0,0,0.0,1,-1.0,6.6,60,20.0,79,1,4.2,55.0,24.0,5,254,2.7,112.0,41.0,0.7,19.3,0.0,1402209,515,733587,575,2.7,2.7,1.23,0.73,1.95,26.45,0.07,0.04,0.11,1.46,448.2,43.0,20.0,62.7,280.0,91.0,193.0,97.0,13.0,70.7,99.0,28.0,,,,23,,Omar,Alderete,Alderete,,,1634,1,1,6,21,0,0,0,4,0,0,18,202,,,,0.0,0.33,1.16,0.99,9.82,19,159,55
694,a,,,4.5,409,77.0,0,0.0,5,-5.0,12.3,35,11.0,102,4,4.9,18.0,7.0,8,345,5.3,9.0,4.0,1.2,22.7,0.0,1988339,1689,501163,770,5.3,5.3,0.6,1.69,2.29,31.49,0.03,0.08,0.11,1.51,486.4,32.0,13.0,206.0,108.0,27.0,109.0,191.0,45.0,80.2,78.0,17.0,,,,23,,Nordi,Mukiele,Mukiele,,,1875,1,4,6,24,1,0,0,4,0,0,21,235,,,,0.0,0.29,1.15,1.01,9.95,50,157,86
724,a,,,4.5,418,83.0,0,0.0,0,0.0,0.0,583,212.0,32,0,1.9,328.0,127.0,0,145,1.8,191.0,71.0,0.4,7.1,0.0,7722,4,4702,12,1.8,1.8,0.37,0.42,0.79,20.56,0.03,0.04,0.07,1.91,156.2,256.0,104.0,63.6,277.0,88.0,34.0,318.0,102.0,25.4,308.0,104.0,,,,23,,Lutsharel,Geertruida,Geertruida,,,970,0,0,2,14,0,0,0,0,0,0,10,80,,,,0.0,0.19,1.3,0.93,5.94,20,44,43
730,a,100.0,100.0,5.5,147,35.0,0,0.0,0,0.0,0.9,192,30.0,55,6,3.1,173.0,16.0,7,213,4.8,14.0,2.0,0.9,10.0,0.0,168140,789,58628,132,4.8,4.8,2.24,0.2,2.44,15.96,0.24,0.02,0.26,1.68,183.6,228.0,20.0,57.8,297.0,32.0,199.0,92.0,27.0,43.2,220.0,26.0,,,,23,,Brian,Brobbey,Brobbey,,,856,5,1,3,12,0,0,0,1,0,0,9,37,,,,0.0,0.32,1.26,0.95,3.9,5,8,24
735,i,0.0,0.0,5.5,136,84.0,0,0.0,0,0.0,0.0,628,250.0,28,0,2.8,218.0,97.0,1,114,0.0,772.0,341.0,0.0,5.1,0.0,13404,0,12366,3,0.0,0.0,0.48,0.25,0.73,8.99,0.07,0.04,0.11,1.33,115.6,298.0,134.0,108.1,201.0,130.0,135.0,150.0,89.0,35.9,260.0,127.0,,,,23,,Bertrand,Traoré,Traoré,Knee injury - Expected back 11 Feb,,607,1,1,3,9,0,0,0,1,0,0,9,40,,,,0.0,0.44,1.33,1.33,5.93,11,11,18
774,a,,,4.0,662,166.0,0,0.0,0,0.0,0.0,731,250.0,0,0,0.0,562.0,208.0,0,0,0.0,479.0,186.0,0.0,0.0,0.0,546,1,167,1,0.0,0.0,0.0,0.0,0.0,0.0,0.0,0.0,0.0,0.0,0.0,551.0,207.0,0.0,546.0,208.0,0.0,511.0,201.0,0.0,554.0,207.0,,,,23,,Jenson,Jones,Jenson Jones,,,0,0,0,0,0,0,0,0,0,0,0,0,0,,,,0.0,0.0,0.0,0.0,0.0,0,0,0
775,u,0.0,0.0,4.5,487,300.0,0,0.0,0,0.0,0.0,794,354.0,0,0,0.0,719.0,300.0,0,0,0.0,665.0,263.0,0.0,0.0,0.0,160,0,99,0,0.0,0.0,0.0,0.0,0.0,0.0,0.0,0.0,0.0,0.0,0.0,718.0,299.0,0.0,713.0,299.0,0.0,696.0,294.0,0.0,718.0,299.0,,,,23,,Tymur,Tutierov,Tutierov,has joined Exeter City on loan for the rest of the season.,,0,0,0,0,0,0,0,0,0,0,0,0,0,,,,0.0,0.0,0.0,0.0,0.0,0,0,0
800,i,0.0,0.0,5.0,282,175.0,0,0.0,0,0.0,0.0,801,360.0,0,0,0.0,775.0,342.0,0,0,0.0,744.0,322.0,0.0,0.0,0.0,37,0,6,0,0.0,0.0,0.0,0.0,0.0,0.0,0.0,0.0,0.0,0.0,0.0,775.0,342.0,0.0,773.0,342.0,0.0,767.0,340.0,0.0,775.0,342.0,,,,23,,Djiamgone Jocelin Ta,Bi,Jocelin.T,Lack of match fitness - Expected back 22 Feb,,0,0,0,0,0,0,0,0,0,0,0,0,0,,,,0.0,0.0,0.0,0.0,0.0,0,0,0
565,a,,,4.8,351,14.0,0,0.0,-2,2.0,6.7,59,9.0,76,0,3.5,120.0,13.0,6,345,2.7,116.0,11.0,0.6,15.8,0.0,1331033,64,1248043,511,2.2,2.7,0.0,0.02,0.02,29.26,0.0,0.0,0.0,1.33,495.6,27.0,8.0,0.1,467.0,14.0,0.0,720.0,78.0,49.7,192.0,9.0,,,,23,,Guglielmo,Vicario,Vicario,,,1980,0,0,7,29,0,0,0,1,0,57,22,97,,,,2.59,0.32,1.32,1.0,0.0,0,28,182
566,a,,,3.9,735,75.0,0,0.0,-1,1.0,0.3,311,42.0,0,0,0.0,523.0,44.0,0,0,0.0,441.0,39.0,0.0,0.0,0.0,19990,3,22334,4,-0.5,0.0,0.0,0.0,0.0,0.0,0.0,0.0,0.0,0.0,0.0,513.0,44.0,0.0,506.0,31.0,0.0,469.0,16.0,0.0,516.0,44.0,,,,23,,Brandon,Austin,Austin,,,0,0,0,0,0,0,0,0,0,0,0,0,0,,,,0.0,0.0,0.0,0.0,0.0,0,0,0
567,a,,,3.9,751,82.0,0,0.0,-1,1.0,1.7,143,19.0,0,0,0.0,533.0,51.0,0,0,0.0,451.0,46.0,0.0,0.0,0.0,122591,13,162253,36,-0.5,0.0,0.0,0.0,0.0,0.0,0.0,0.0,0.0,0.0,0.0,523.0,51.0,0.0,516.0,38.0,0.0,479.0,23.0,0.0,526.0,51.0,,,,23,,Antonín,Kinský,Kinsky,,,0,0,0,0,0,0,0,0,0,0,0,0,0,,,,0.0,0.0,0.0,0.0,0.0,0,0,0
568,a,,,5.2,213,29.0,0,0.0,-3,3.0,12.7,34,10.0,78,0,3.5,123.0,46.0,4,342,4.0,34.0,14.0,0.8,15.0,0.0,1460091,310,2570400,623,3.5,4.0,0.36,2.8,3.16,24.75,0.02,0.14,0.16,1.25,411.0,56.0,27.0,513.8,15.0,1.0,78.0,244.0,68.0,100.5,42.0,3.0,3.0,2.0,,23,,Pedro,Porro Sauceda,Pedro Porro,,,1775,0,3,7,23,0,0,0,5,0,0,20,167,,,,0.0,0.35,1.17,1.01,6.69,42,90,89
569,a,100.0,100.0,5.0,251,39.0,0,0.0,0,0.0,4.1,88,31.0,81,0,4.5,34.0,16.0,8,279,3.7,53.0,22.0,0.7,16.2,0.0,931977,306,990078,218,3.2,3.7,1.24,1.17,2.41,23.07,0.07,0.07,0.14,1.34,483.0,33.0,14.0,108.7,200.0,51.0,183.0,105.0,15.0,77.5,83.0,18.0,,,,23,,Cristian,Romero,Romero,,,1547,3,1,5,23,0,0,0,8,1,0,17,194,,,,0.0,0.29,1.34,0.99,9.72,46,121,70
570,a,,,4.2,620,144.0,0,0.0,-3,3.0,0.1,422,156.0,26,0,2.2,285.0,109.0,1,106,1.2,244.0,88.0,0.3,6.2,0.0,16417,6,28071,6,0.7,1.2,0.03,0.16,0.19,9.3,0.0,0.02,0.02,1.44,175.2,235.0,96.0,7.1,414.0,150.0,8.0,382.0,139.0,19.1,340.0,117.0,,,,23,,Kevin,Danso,Danso,,,581,0,0,2,10,0,0,0,4,0,0,7,93,,,,0.0,0.31,1.55,1.08,13.32,11,75,25
571,i,0.0,0.0,4.3,567,124.0,0,0.0,-2,2.0,0.1,518,186.0,10,0,3.3,138.0,55.0,1,29,1.5,218.0,81.0,0.3,2.3,0.0,4300,0,11036,10,0.0,0.0,0.49,0.07,0.56,1.11,0.32,0.05,0.37,0.73,67.4,359.0,136.0,22.2,367.0,133.0,52.0,286.0,88.0,14.2,364.0,131.0,,,,23,,Ben,Davies,Davies,Ankle injury - Unknown return date,,136,1,0,0,3,0,0,0,1,0,0,2,14,,,,0.0,0.0,1.99,1.32,9.26,5,9,5
572,a,100.0,100.0,4.5,441,89.0,0,0.0,0,0.0,0.0,715,245.0,1,0,1.0,450.0,164.0,0,2,0.2,371.0,142.0,0.0,0.2,0.0,1022,1,986,0,-0.3,0.2,0.06,0.0,0.06,0.06,1.08,0.0,1.08,1.08,0.0,682.0,252.0,0.3,459.0,167.0,4.0,410.0,152.0,0.4,471.0,167.0,,,,23,,Radu,Drăgușin,Dragusin,,,5,0,0,0,0,0,0,0,0,0,0,0,1,,,,0.0,0.0,0.0,0.0,18.0,0,1,1
573,a,,,4.3,576,130.0,0,0.0,-2,2.0,1.1,175,68.0,54,0,2.8,211.0,79.0,1,200,2.7,114.0,43.0,0.6,12.6,0.0,291811,11,326222,88,2.2,2.7,0.75,0.8,1.55,22.16,0.05,0.05,0.1,1.41,180.0,231.0,93.0,133.7,170.0,42.0,117.0,177.0,37.0,42.9,223.0,74.0,,,,23,,Djed,Spence,Spence,,,1416,0,0,7,19,0,0,0,3,0,0,16,98,,,,0.0,0.44,1.21,1.02,4.7,26,48,77
574,a,100.0,100.0,4.3,585,137.0,0,0.0,-2,2.0,0.3,307,114.0,13,0,1.3,408.0,149.0,0,58,0.0,557.0,233.0,0.0,3.0,0.0,47329,3,108884,3,-0.5,0.0,0.1,0.32,0.42,10.36,0.01,0.05,0.06,1.54,119.0,291.0,111.0,98.3,215.0,59.0,57.0,277.0,83.0,27.4,299.0,99.0,,,,23,,Destiny,Udogie,Udogie,,,605,0,1,0,13,0,0,0,1,0,0,6,51,,,,0.0,0.0,1.93,0.89,4.46,12,18,38
575,a,,,4.6,394,70.0,0,0.0,1,-1.0,28.0,11,4.0,89,0,4.2,56.0,25.0,10,326,4.0,33.0,13.0,0.9,19.3,0.0,3336527,468,3110594,2417,3.5,4.0,2.41,0.32,2.73,27.22,0.12,0.02,0.14,1.3,449.0,42.0,19.0,73.1,261.0,79.0,172.0,115.0,19.0,69.4,104.0,32.0,,,,23,,Micky,van de Ven,Van de Ven,,,1879,3,1,7,27,0,0,0,6,0,0,21,172,,,,0.0,0.34,1.29,1.01,6.51,22,114,76
576,u,0.0,0.0,4.0,693,184.0,0,0.0,0,0.0,0.0,710,244.0,0,0,0.0,588.0,221.0,0,0,0.0,507.0,201.0,0.0,0.0,0.0,0,0,1966,0,0.0,0.0,0.0,0.0,0.0,0.0,0.0,0.0,0.0,0.0,0.0,577.0,220.0,0.0,572.0,221.0,0.0,538.0,215.0,0.0,580.0,220.0,,,,23,,Ashley,Phillips,Phillips,Has joined Stoke City on loan for the rest of the season.,,0,0,0,0,0,0,0,0,0,0,0,0,0,,,,0.0,0.0,0.0,0.0,0.0,0,0,0
577,u,0.0,0.0,4.0,695,185.0,0,0.0,0,0.0,0.0,587,213.0,0,0,0.0,590.0,222.0,0,0,0.0,509.0,202.0,0.0,0.0,0.0,1005,0,8810,1,0.0,0.0,0.0,0.0,0.0,0.0,0.0,0.0,0.0,0.0,0.0,579.0,221.0,0.0,574.0,222.0,0.0,540.0,216.0,0.0,582.0,221.0,,,,23,,Takai,Kōta,Takai,has joined Borussia Mönchengladbach on loan for the rest of the season.,,0,0,0,0,0,0,0,0,0,0,0,0,0,,,,0.0,0.0,0.0,0.0,0.0,0,0,0
578,u,0.0,0.0,3.9,767,229.0,0,0.0,-1,1.0,0.3,301,111.0,0,0,0.0,547.0,200.0,0,0,0.0,465.0,179.0,0.0,0.0,0.0,7334,0,90650,5,0.0,0.0,0.0,0.0,0.0,0.0,0.0,0.0,0.0,0.0,0.0,537.0,200.0,0.0,530.0,201.0,0.0,494.0,193.0,0.0,540.0,200.0,,,,23,,Luka,Vušković,Vuskovic,has joined Hamburger SV on loan for the rest of the season.,,0,0,0,0,0,0,0,0,0,0,0,0,0,,,,0.0,0.0,0.0,0.0,0.0,0,0,0
579,u,0.0,0.0,8.5,11,6.0,0,0.0,0,0.0,0.1,438,149.0,0,0,0.0,802.0,361.0,0,0,0.0,800.0,360.0,0.0,0.0,0.0,0,0,25380,1,0.0,0.0,0.0,0.0,0.0,0.0,0.0,0.0,0.0,0.0,0.0,802.0,361.0,0.0,802.0,361.0,0.0,802.0,361.0,0.0,802.0,361.0,,,,23,,Son,Heung-min,Son,Has joined Los Angeles FC permanently.,,0,0,0,0,0,0,0,0,0,0,0,0,0,,,,0.0,0.0,0.0,0.0,0.0,0,0,0
581,i,0.0,0.0,6.8,45,27.0,0,0.0,-2,2.0,0.1,439,150.0,0,0,0.0,799.0,358.0,0,0,0.0,794.0,356.0,0.0,0.0,0.0,1503,1,23429,2,0.0,0.0,0.0,0.0,0.0,0.0,0.0,0.0,0.0,0.0,0.0,799.0,358.0,0.0,799.0,358.0,0.0,799.0,358.0,0.0,799.0,358.0,,,,23,,James,Maddison,Maddison,Anterior cruciate ligament - Unknown return date,,0,0,0,0,0,0,0,0,0,0,0,0,0,,,,0.0,0.0,0.0,0.0,0.0,0,0,0
582,i,0.0,0.0,6.4,61,39.0,0,0.0,-1,1.0,10.7,42,16.0,75,0,3.9,79.0,38.0,7,257,1.2,260.0,114.0,0.2,11.7,0.0,3262909,0,5058296,985,0.0,0.0,1.92,2.41,4.33,22.74,0.11,0.14,0.25,1.33,333.4,106.0,36.0,413.8,27.0,26.0,302.0,49.0,29.0,104.7,36.0,27.0,2.0,1.0,,23,,Mohammed,Kudus,Kudus,Thigh injury - Expected back 11 Apr,,1535,2,6,7,20,0,0,0,3,0,0,19,133,,,,0.0,0.41,1.17,1.11,7.8,29,9,95
583,i,0.0,0.0,6.4,60,38.0,0,0.0,-1,1.0,0.0,702,296.0,0,0,0.0,796.0,357.0,0,0,0.0,791.0,355.0,0.0,0.0,0.0,841,1,1934,1,0.0,0.0,0.0,0.0,0.0,0.0,0.0,0.0,0.0,0.0,0.0,796.0,357.0,0.0,796.0,357.0,0.0,796.0,357.0,0.0,796.0,357.0,,,,23,,Dejan,Kulusevski,Kulusevski,Knee injury - Unknown return date,,0,0,0,0,0,0,0,0,0,0,0,0,0,,,,0.0,0.0,0.0,0.0,0.0,0,0,0
584,a,,,6.2,79,52.0,0,0.0,-3,3.0,0.2,355,118.0,44,0,2.9,206.0,91.0,5,145,2.5,146.0,61.0,0.4,7.1,0.0,37824,20,31628,73,2.0,2.5,0.79,0.52,1.3,6.55,0.14,0.09,0.23,1.13,139.2,271.0,120.0,104.0,210.0,133.0,127.0,164.0,95.0,37.2,255.0,124.0,4.0,,4.0,23,,Mathys,Tel,Tel,,,522,3,1,1,9,0,0,0,0,0,0,6,43,,,,0.0,0.17,1.55,1.03,7.41,10,5,28
585,i,0.0,0.0,5.3,188,117.0,0,0.0,-2,2.0,0.2,372,125.0,64,0,3.2,157.0,66.0,3,269,2.5,142.0,58.0,0.5,12.1,0.0,56798,0,62235,38,0.0,0.0,0.45,0.68,1.13,20.56,0.03,0.04,0.07,1.32,268.6,160.0,59.0,159.7,148.0,102.0,85.0,227.0,126.0,51.6,185.0,98.0,,,,23,,Rodrigo,Bentancur,Bentancur,Hamstring injury - Unknown return date,,1407,1,1,5,21,0,0,0,5,0,0,17,207,,,,0.0,0.32,1.34,1.09,13.24,37,69,101
586,i,0.0,0.0,5.2,220,137.0,0,0.0,-3,3.0,0.2,374,126.0,39,0,2.3,274.0,118.0,0,139,1.0,275.0,121.0,0.2,7.5,0.0,102260,2,108608,25,0.0,0.0,0.96,0.39,1.35,10.21,0.11,0.04,0.15,1.15,137.4,273.0,121.0,81.4,246.0,149.0,133.0,152.0,90.0,35.3,262.0,129.0,,,,23,,Lucas,Bergvall,Bergvall,Ankle injury - Unknown return date,,799,1,2,3,13,0,0,0,2,0,0,10,68,,,,0.0,0.34,1.46,1.13,7.66,20,14,34
587,a,100.0,100.0,5.2,208,130.0,0,0.0,-3,3.0,0.0,602,232.0,1,0,1.0,474.0,224.0,0,18,0.2,394.0,182.0,0.0,0.2,0.0,1593,5,13784,1,-0.3,0.2,0.25,0.01,0.26,1.28,0.5,0.02,0.52,2.56,13.0,432.0,195.0,2.4,433.0,210.0,20.0,355.0,184.0,3.5,438.0,198.0,,,,23,,Yves,Bissouma,Bissouma,,,45,0,0,0,1,0,0,0,0,0,0,0,8,,,,0.0,0.0,2.0,0.0,16.0,2,3,3
588,a,100.0,100.0,5.3,203,127.0,0,0.0,-2,2.0,0.1,481,168.0,35,0,1.8,351.0,152.0,3,126,1.7,211.0,89.0,0.3,6.6,0.0,12358,16,7972,20,1.2,1.7,1.39,0.8,2.19,9.96,0.16,0.09,0.25,1.13,105.6,307.0,137.0,206.0,109.0,78.0,160.0,126.0,73.0,47.1,197.0,103.0,,,,23,,Wilson,Odobert,Odobert,,,795,0,1,2,11,0,0,0,0,0,0,7,58,,,,0.0,0.23,1.25,0.79,6.57,8,12,38
589,u,0.0,0.0,5.4,168,104.0,0,0.0,-1,1.0,0.0,739,317.0,0,0,0.0,781.0,345.0,0,0,0.0,764.0,335.0,0.0,0.0,0.0,115,0,1464,0,0.0,0.0,0.0,0.0,0.0,0.0,0.0,0.0,0.0,0.0,0.0,781.0,345.0,0.0,780.0,345.0,0.0,776.0,344.0,0.0,781.0,345.0,,,,23,,Manor,Solomon,Solomon,has joined Fiorentina on loan for the rest of the season.,,0,0,0,0,0,0,0,0,0,0,0,0,0,,,,0.0,0.0,0.0,0.0,0.0,0,0,0
590,u,0.0,0.0,4.9,322,199.0,0,0.0,-1,1.0,0.0,647,263.0,0,0,0.0,750.0,323.0,0,0,0.0,712.0,298.0,0.0,0.0,0.0,675,0,4439,0,0.0,0.0,0.0,0.0,0.0,0.0,0.0,0.0,0.0,0.0,0.0,750.0,323.0,0.0,746.0,323.0,0.0,738.0,321.0,0.0,750.0,323.0,,,,23,,Bryan,Gil Salvatierra,Bryan,has joined Girona permanently.,,0,0,0,0,0,0,0,0,0,0,0,0,0,,,,0.0,0.0,0.0,0.0,0.0,0,0,0
591,a,100.0,100.0,4.8,369,232.0,0,0.0,-2,2.0,0.1,426,143.0,27,0,2.2,291.0,127.0,3,100,2.8,100.0,46.0,0.6,5.6,0.0,14812,9,19717,12,2.3,2.8,0.68,0.13,0.81,8.06,0.09,0.02,0.11,1.12,98.0,319.0,141.0,56.1,299.0,169.0,78.0,242.0,132.0,23.2,319.0,154.0,,,,23,,Archie,Gray,Gray,,,645,1,0,5,8,0,0,0,4,0,0,9,68,,,,0.0,0.7,1.12,1.26,9.49,6,31,31
592,u,0.0,0.0,5.0,269,164.0,0,0.0,0,0.0,0.0,764,333.0,0,0,0.0,767.0,336.0,0,0,0.0,736.0,316.0,0.0,0.0,0.0,0,0,677,0,0.0,0.0,0.0,0.0,0.0,0.0,0.0,0.0,0.0,0.0,0.0,767.0,336.0,0.0,765.0,336.0,0.0,759.0,334.0,0.0,767.0,336.0,,,,23,,Mikey,Moore,Moore,Has joined Rangers on loan for the rest of the season.,,0,0,0,0,0,0,0,0,0,0,0,0,0,,,,0.0,0.0,0.0,0.0,0.0,0,0,0
593,a,100.0,100.0,4.5,435,262.0,0,0.0,-5,5.0,0.8,203,68.0,42,0,3.0,184.0,79.0,0,161,0.0,629.0,234.0,0.0,9.3,0.0,328153,34,554375,19,-0.5,0.0,1.04,0.45,1.49,12.7,0.13,0.06,0.19,1.63,154.6,258.0,111.0,84.7,239.0,146.0,94.0,212.0,119.0,33.4,272.0,134.0,,,,23,,Pape Matar,Sarr,P.M.Sarr,,,703,2,2,3,7,0,0,0,0,0,0,7,82,,,,0.0,0.38,0.9,0.9,10.5,12,29,41
594,u,0.0,0.0,4.5,497,309.0,0,0.0,0,0.0,0.0,712,303.0,0,0,0.0,726.0,307.0,0,0,0.0,673.0,271.0,0.0,0.0,0.0,0,0,2805,0,0.0,0.0,0.0,0.0,0.0,0.0,0.0,0.0,0.0,0.0,0.0,726.0,307.0,0.0,721.0,307.0,0.0,704.0,302.0,0.0,726.0,307.0,,,,23,,Yang,Min-hyeok,Min-hyeok,has joined Coventry City on loan for the rest of the season.,,0,0,0,0,0,0,0,0,0,0,0,0,0,,,,0.0,0.0,0.0,0.0,0.0,0,0,0
595,a,,,4.3,593,346.0,0,0.0,-2,2.0,0.2,366,123.0,0,0,0.0,626.0,235.0,0,0,0.0,560.0,193.0,0.0,0.0,0.0,21077,4,27361,6,-0.5,0.0,0.0,0.0,0.0,0.0,0.0,0.0,0.0,0.0,0.0,616.0,226.0,0.0,613.0,231.0,0.0,585.0,219.0,0.0,619.0,228.0,,,,23,,Callum,Olusesi,Olusesi,,,0,0,0,0,0,0,0,0,0,0,0,0,0,,,,0.0,0.0,0.0,0.0,0.0,0,0,0
596,a,100.0,100.0,7.2,31,11.0,0,0.0,-3,3.0,1.0,182,26.0,3,0,1.0,480.0,57.0,0,19,0.2,403.0,47.0,0.0,0.4,0.0,51408,92,450105,47,-0.3,0.2,0.2,0.0,0.2,1.36,0.31,0.0,0.31,2.07,13.0,433.0,47.0,0.4,455.0,55.0,27.0,334.0,51.0,4.0,432.0,52.0,,,2.0,23,,Dominic,Solanke-Mitchell,Solanke,,,59,0,0,0,1,0,0,0,0,0,0,0,6,,,,0.0,0.0,1.53,0.0,9.15,3,2,1
597,i,0.0,0.0,6.4,58,21.0,0,0.0,-1,1.0,6.2,64,12.0,75,0,3.6,118.0,10.0,9,336,1.7,215.0,27.0,0.3,11.7,0.0,2945462,2,2931950,1161,0.0,0.0,4.8,1.22,6.02,17.99,0.34,0.09,0.43,1.27,381.8,77.0,6.0,159.3,149.0,11.0,464.0,17.0,10.0,100.4,43.0,9.0,,,3.0,23,,Richarlison,de Andrade,Richarlison,Hamstring injury - Expected back 01 Mar,,1276,7,3,5,19,0,0,0,4,0,0,13,98,,,,0.0,0.35,1.34,0.92,6.91,15,46,37
598,u,0.0,0.0,4.5,462,63.0,0,0.0,0,0.0,0.0,659,81.0,0,0,0.0,699.0,73.0,0,0,0.0,644.0,64.0,0.0,0.0,0.0,0,0,5063,0,0.0,0.0,0.0,0.0,0.0,0.0,0.0,0.0,0.0,0.0,0.0,696.0,73.0,0.0,692.0,72.0,0.0,673.0,72.0,0.0,697.0,73.0,,,,23,,Will,Lankshear,Lankshear,Has joined Oxford United on loan for the rest of the season.,,0,0,0,0,0,0,0,0,0,0,0,0,0,,,,0.0,0.0,0.0,0.0,0.0,0,0,0
599,a,,,4.3,587,80.0,0,0.0,-2,2.0,0.6,232,36.0,1,0,1.0,437.0,51.0,0,2,0.2,360.0,40.0,0.0,0.2,0.0,57691,16,100241,13,-0.3,0.2,0.0,0.0,0.0,0.0,0.0,0.0,0.0,0.0,0.0,613.0,62.0,0.1,463.0,57.0,2.0,421.0,56.0,0.2,480.0,58.0,,,,23,,Dane,Scarlett,Scarlett,,,2,0,0,0,0,0,0,0,0,0,0,0,0,,,,0.0,0.0,0.0,0.0,0.0,0,0,0
673,d,75.0,75.0,5.5,137,85.0,0,0.0,0,0.0,0.9,190,65.0,78,0,3.9,78.0,37.0,11,323,2.0,186.0,76.0,0.4,14.2,0.0,360607,5,333986,161,1.1,1.5,1.0,0.47,1.47,19.28,0.07,0.03,0.1,1.34,385.8,74.0,24.0,85.3,236.0,144.0,138.0,144.0,83.0,61.1,136.0,75.0,,,,23,,João Maria,Lobo Alves Palhares Costa Palhinha Gonçalves,J.Palhinha,Knock - 75% chance of playing,,1299,3,3,4,20,0,0,0,5,0,0,14,174,,,,0.0,0.28,1.39,0.97,12.06,74,48,52
717,a,100.0,100.0,6.5,54,35.0,0,0.0,-5,5.0,1.2,170,60.0,46,0,2.9,208.0,93.0,3,181,1.2,263.0,117.0,0.2,7.1,0.0,772311,109,683225,212,0.7,1.2,1.09,1.72,2.81,16.35,0.1,0.15,0.25,1.46,185.8,226.0,96.0,224.6,98.0,73.0,130.0,156.0,92.0,54.1,170.0,92.0,5.0,,,23,,Xavi,Simons,Xavi,,,1010,1,3,3,19,0,0,0,2,1,0,11,87,,,,0.0,0.27,1.69,0.98,7.75,23,13,51
726,a,100.0,100.0,6.9,43,17.0,0,0.0,-1,1.0,0.4,268,42.0,24,0,1.6,381.0,42.0,0,63,1.3,243.0,32.0,0.2,3.5,0.0,113423,28,95286,87,0.8,1.3,1.29,0.92,2.21,14.13,0.13,0.09,0.22,1.38,73.4,349.0,35.0,159.1,150.0,12.0,151.0,133.0,33.0,37.7,249.0,29.0,,,,23,,Randal,Kolo Muani,Kolo Muani,,,922,0,0,3,16,0,0,0,2,0,0,11,57,,,,0.0,0.29,1.56,1.07,5.56,14,11,32
745,a,,,4.0,715,204.0,0,0.0,0,0.0,0.0,641,223.0,0,0,0.0,607.0,238.0,0,0,0.0,526.0,218.0,0.0,0.0,0.0,1486,0,1380,1,-0.5,0.0,0.0,0.0,0.0,0.0,0.0,0.0,0.0,0.0,0.0,596.0,237.0,0.0,591.0,238.0,0.0,557.0,232.0,0.0,599.0,237.0,,,,23,,Jun'ai,Byfield,Byfield,,,0,0,0,0,0,0,0,0,0,0,0,0,0,,,,0.0,0.0,0.0,0.0,0.0,0,0,0
750,a,,,4.0,682,176.0,0,0.0,0,0.0,0.0,658,229.0,0,0,0.0,579.0,215.0,0,0,0.0,497.0,194.0,0.0,0.0,0.0,1174,2,974,0,-0.5,0.0,0.0,0.0,0.0,0.0,0.0,0.0,0.0,0.0,0.0,568.0,214.0,0.0,563.0,215.0,0.0,528.0,208.0,0.0,571.0,214.0,,,,23,,James,Rowswell,Rowswell,,,0,0,0,0,0,0,0,0,0,0,0,0,0,,,,0.0,0.0,0.0,0.0,0.0,0,0,0
751,a,,,4.5,481,296.0,0,0.0,0,0.0,0.0,748,322.0,0,0,0.0,713.0,296.0,0,0,0.0,659.0,259.0,0.0,0.0,0.0,665,0,445,3,-0.5,0.0,0.0,0.0,0.0,0.0,0.0,0.0,0.0,0.0,0.0,712.0,295.0,0.0,707.0,295.0,0.0,690.0,290.0,0.0,712.0,295.0,,,,23,,Yusuf,Akhamrich,Akhamrich,,,0,0,0,0,0,0,0,0,0,0,0,0,0,,,,0.0,0.0,0.0,0.0,0.0,0,0,0
790,a,,,4.5,494,306.0,0,0.0,0,0.0,0.0,781,345.0,0,0,0.0,723.0,304.0,0,0,0.0,670.0,268.0,0.0,0.0,0.0,183,1,49,0,-0.5,0.0,0.0,0.0,0.0,0.0,0.0,0.0,0.0,0.0,0.0,723.0,304.0,0.0,718.0,304.0,0.0,701.0,299.0,0.0,723.0,304.0,,,,23,,Lucá,Williams-Barnett,Williams-Barnett,,,0,0,0,0,0,0,0,0,0,0,0,0,0,,,,0.0,0.0,0.0,0.0,0.0,0,0,0
796,a,,,5.5,143,91.0,0,0.0,0,0.0,0.2,405,137.0,2,0,2.0,324.0,143.0,0,15,1.0,278.0,123.0,0.2,0.4,0.0,21790,77,1968,29,0.5,1.0,0.1,0.15,0.25,2.69,0.1,0.15,0.25,2.69,8.4,441.0,201.0,13.0,389.0,194.0,23.0,346.0,181.0,4.4,430.0,194.0,,,,23,,Conor,Gallagher,Gallagher,,,90,0,0,0,2,0,0,0,0,0,0,1,7,,,,0.0,0.0,2.0,1.0,7.0,1,2,4
149,a,100.0,100.0,4.5,415,81.0,0,0.0,0,0.0,0.1,515,185.0,6,0,1.5,388.0,143.0,0,10,0.0,613.0,242.0,0.0,1.3,0.0,7900,10,9086,5,0.0,0.0,0.0,0.0,0.0,4.66,0.0,0.0,0.0,4.07,25.8,415.0,158.0,10.6,396.0,146.0,0.0,641.0,249.0,3.6,437.0,159.0,,,,23,,Igor Julio,dos Santos de Paulo,Igor,,,103,0,0,0,3,0,0,0,0,0,0,1,13,,,,0.0,0.0,2.62,0.87,11.36,0,13,3
600,a,,,4.3,562,27.0,0,0.0,-2,2.0,2.2,121,16.0,49,2,2.6,234.0,23.0,2,214,2.3,148.0,15.0,0.5,11.4,0.0,151780,77,400171,78,2.3,2.3,0.0,0.0,0.0,32.47,0.0,0.0,0.0,1.73,545.2,15.0,4.0,10.0,400.0,6.0,0.0,577.0,63.0,55.4,159.0,4.0,,,,23,,Alphonse,Areola,Areola,,,1695,0,1,0,34,0,0,0,0,0,74,19,55,,,,3.93,0.0,1.81,1.01,0.0,0,25,132
601,u,0.0,0.0,4.0,649,42.0,0,0.0,0,0.0,0.2,345,49.0,0,0,0.0,551.0,61.0,0,0,0.0,469.0,56.0,0.0,0.0,0.0,3874,0,41392,7,0.0,0.0,0.0,0.0,0.0,0.0,0.0,0.0,0.0,0.0,0.0,541.0,61.0,0.0,535.0,49.0,0.0,499.0,34.0,0.0,544.0,61.0,,,,23,,Wes,Foderingham,Foderingham,has joined Aris Limassol permanently.,,0,0,0,0,0,0,0,0,0,0,0,0,0,,,,0.0,0.0,0.0,0.0,0.0,0,0,0
602,u,0.0,0.0,3.9,750,81.0,0,0.0,-1,1.0,0.2,351,51.0,0,0,0.0,532.0,50.0,0,0,0.0,450.0,45.0,0.0,0.0,0.0,11331,0,16855,18,0.0,0.0,0.0,0.0,0.0,0.0,0.0,0.0,0.0,0.0,0.0,522.0,50.0,0.0,515.0,37.0,0.0,478.0,22.0,0.0,525.0,50.0,,,,23,,Krisztián,Hegyi,Hegyi,has joined MTK Budapest on loan for the rest of the season.,,0,0,0,0,0,0,0,0,0,0,0,0,0,,,,0.0,0.0,0.0,0.0,0.0,0,0,0
603,a,100.0,100.0,4.0,711,200.0,0,0.0,-5,5.0,1.3,162,61.0,45,1,2.6,232.0,87.0,1,115,0.2,356.0,136.0,0.0,11.2,0.0,221390,92,865860,34,0.2,0.2,0.39,0.82,1.21,24.01,0.03,0.05,0.08,1.56,267.4,162.0,70.0,158.3,152.0,37.0,64.0,263.0,75.0,49.0,193.0,61.0,,,,23,,El Hadji Malick,Diouf,Diouf,,,1391,0,4,2,30,0,0,0,3,0,0,15,144,,,,0.0,0.13,1.94,0.97,7.06,19,90,54
604,u,0.0,0.0,4.4,514,101.0,0,0.0,-1,1.0,0.1,569,207.0,0,0,0.0,641.0,245.0,0,0,0.0,577.0,234.0,0.0,0.0,0.0,1719,0,20639,0,0.0,0.0,0.0,0.0,0.0,0.0,0.0,0.0,0.0,0.0,0.0,631.0,244.0,0.0,629.0,245.0,0.0,603.0,242.0,0.0,634.0,245.0,,,,23,,Emerson,Palmieri dos Santos,Emerson,has joined Marseille permanently.,,0,0,0,0,0,0,0,0,0,0,0,0,0,,,,0.0,0.0,0.0,0.0,0.0,0,0,0
605,a,,,4.2,624,147.0,0,0.0,-3,3.0,0.2,397,144.0,35,0,1.8,339.0,130.0,0,80,1.0,268.0,95.0,0.2,8.3,0.0,28628,4,45910,15,1.0,1.0,0.56,0.25,0.81,31.5,0.03,0.01,0.04,1.85,380.8,78.0,35.0,55.6,301.0,99.0,60.0,272.0,79.0,49.7,191.0,60.0,,,,23,,Maximilian,Kilman,Kilman,,,1534,0,0,1,35,0,0,0,4,0,0,17,186,,,,0.0,0.06,2.05,1.0,9.09,16,139,42
606,a,100.0,100.0,4.4,526,112.0,0,0.0,-1,1.0,0.1,514,184.0,40,2,2.5,250.0,96.0,0,120,1.7,202.0,74.0,0.4,9.1,0.0,12646,6,12804,4,1.7,1.7,0.96,0.32,1.28,20.55,0.07,0.02,0.09,1.47,305.2,126.0,55.0,11.3,392.0,144.0,130.0,154.0,29.0,44.6,212.0,71.0,,,,23,,Konstantinos,Mavropanos,Mavropanos,,,1256,0,0,1,24,1,0,0,2,0,0,13,171,,,,0.0,0.07,1.72,0.93,10.84,17,134,55
607,u,0.0,0.0,4.4,519,106.0,0,0.0,-1,1.0,0.0,597,214.0,3,0,1.5,387.0,142.0,0,-1,0.0,580.0,237.0,0.0,0.7,0.0,1288,0,12241,0,0.0,0.0,0.1,0.03,0.13,3.42,0.05,0.02,0.07,1.71,39.0,395.0,152.0,3.9,426.0,155.0,8.0,385.0,142.0,5.1,421.0,153.0,,,,23,,Nayef,Aguerd,N.Aguerd,has joined Marseille permanently.,,180,0,0,0,8,0,0,0,0,0,0,2,23,,,,0.0,0.0,4.0,1.0,7.5,1,14,8
608,a,100.0,100.0,4.3,599,141.0,0,0.0,-2,2.0,0.0,607,219.0,19,5,2.1,306.0,115.0,0,79,2.8,99.0,35.0,0.7,4.4,0.0,4052,10,5455,5,2.8,2.8,0.18,0.31,0.49,12.11,0.03,0.04,0.07,1.75,113.4,301.0,113.0,59.4,291.0,96.0,18.0,359.0,124.0,19.1,341.0,118.0,,,,23,,Ollie,Scarles,Scarles,,,624,0,1,0,14,0,0,0,0,0,0,9,66,,,,0.0,0.0,2.02,1.3,9.38,27,38,33
609,a,100.0,100.0,4.3,580,134.0,0,0.0,-2,2.0,0.1,457,168.0,31,2,1.8,340.0,131.0,0,125,1.7,200.0,73.0,0.4,7.2,0.0,10672,7,16594,5,1.7,1.7,0.05,0.29,0.34,25.91,0.0,0.02,0.02,1.65,302.0,131.0,57.0,63.1,279.0,90.0,15.0,367.0,130.0,38.1,244.0,87.0,,,,23,,Jean-Clair,Todibo,Todibo,,,1416,0,1,0,30,0,0,0,4,0,0,17,141,,,,0.0,0.0,1.91,1.08,8.08,31,96,71
610,a,100.0,100.0,4.1,645,158.0,0,0.0,-4,4.0,3.9,89,32.0,31,2,2.2,283.0,108.0,0,86,1.0,266.0,93.0,0.2,7.6,0.0,128296,92,2255816,23,1.0,1.0,0.0,0.64,0.64,21.3,0.0,0.05,0.05,1.63,230.2,187.0,75.0,208.9,105.0,26.0,18.0,358.0,123.0,45.9,205.0,67.0,,,,23,,Aaron,Wan-Bissaka,Wan-Bissaka,,,1176,0,1,0,27,0,0,0,2,0,0,13,120,,,,0.0,0.0,2.07,1.0,8.13,19,87,35
611,u,0.0,0.0,4.0,690,181.0,0,0.0,0,0.0,0.1,530,194.0,0,0,0.0,586.0,219.0,0,0,0.0,504.0,198.0,0.0,0.0,0.0,0,0,12873,0,0.0,0.0,0.0,0.0,0.0,0.0,0.0,0.0,0.0,0.0,0.0,575.0,218.0,0.0,570.0,219.0,0.0,535.0,212.0,0.0,578.0,218.0,,,,23,,Kaelan,Casey,Casey,has joined Leyton Orient on loan for the rest of the season.,,0,0,0,0,0,0,0,0,0,0,0,0,0,,,,0.0,0.0,0.0,0.0,0.0,0,0,0
612,i,0.0,0.0,5.9,98,63.0,0,0.0,-1,1.0,1.5,151,50.0,69,0,3.8,90.0,43.0,8,291,3.0,96.0,45.0,0.5,11.7,0.0,897026,3,917341,731,0.0,0.0,2.85,2.0,4.85,24.22,0.17,0.12,0.29,1.44,374.6,83.0,26.0,397.2,28.0,27.0,186.0,104.0,63.0,95.7,51.0,36.0,3.0,2.0,1.0,23,,Lucas,Tolentino Coelho de Lima,L.Paquetá,Back injury - Unknown return date,,1513,4,2,3,33,0,0,0,5,1,0,18,146,,,,0.0,0.18,1.96,1.07,8.68,40,30,76
613,a,100.0,100.0,5.7,117,74.0,0,0.0,-3,3.0,0.2,342,114.0,47,2,2.4,269.0,116.0,4,192,2.3,160.0,65.0,0.4,8.2,0.0,28312,16,101897,12,2.3,2.3,2.72,0.33,3.05,18.57,0.28,0.03,0.31,1.9,226.6,190.0,81.0,77.3,252.0,154.0,227.0,75.0,47.0,53.1,176.0,94.0,,,,23,,Tomáš,Souček,Souček,,,881,2,2,1,24,0,0,0,1,1,0,9,102,,,,0.0,0.1,2.46,0.92,10.44,17,60,25
614,a,,,5.6,125,78.0,0,0.0,-4,4.0,0.2,388,132.0,11,0,2.2,297.0,131.0,0,82,0.0,779.0,346.0,0.0,2.0,0.0,15185,12,44947,11,0.0,0.0,0.13,0.91,1.04,7.27,0.03,0.2,0.23,1.58,56.6,376.0,166.0,176.3,137.0,97.0,6.0,403.0,199.0,23.9,315.0,153.0,,3.0,3.0,23,,James,Ward-Prowse,Ward-Prowse,,,414,0,0,1,11,0,0,0,0,0,0,5,22,,,,0.0,0.22,2.39,1.09,4.78,4,9,9
615,a,100.0,100.0,5.5,148,94.0,0,0.0,0,0.0,0.2,357,119.0,55,7,3.1,174.0,74.0,3,199,4.2,29.0,11.0,0.8,10.0,0.0,52282,1279,30552,40,4.2,4.2,2.29,0.98,3.27,20.31,0.16,0.07,0.23,1.41,159.0,253.0,109.0,209.7,103.0,76.0,250.0,67.0,43.0,61.9,135.0,74.0,2.0,,,23,,Crysencio,Summerville,Summerville,,,1302,2,3,1,26,0,0,0,3,0,0,16,109,,,,0.0,0.07,1.8,1.11,7.55,22,29,58
616,u,0.0,0.0,4.9,306,191.0,0,0.0,-1,1.0,0.0,584,217.0,0,0,0.0,746.0,319.0,0,0,0.0,705.0,293.0,0.0,0.0,0.0,1147,0,16006,1,0.0,0.0,0.0,0.0,0.0,0.0,0.0,0.0,0.0,0.0,0.0,746.0,319.0,0.0,742.0,319.0,0.0,733.0,317.0,0.0,746.0,319.0,,,,23,,Edson,Álvarez Velázquez,Álvarez,Has joined Fenerbahçe on loan for the rest of the season.,,0,0,0,0,0,0,0,0,0,0,0,0,0,,,,0.0,0.0,0.0,0.0,0.0,0,0,0
617,u,0.0,0.0,4.9,287,177.0,0,0.0,-1,1.0,0.0,688,291.0,0,0,0.0,742.0,316.0,0,0,0.0,698.0,288.0,0.0,0.0,0.0,246,0,3190,0,0.0,0.0,0.0,0.0,0.0,0.0,0.0,0.0,0.0,0.0,0.0,742.0,316.0,0.0,738.0,316.0,0.0,728.0,313.0,0.0,742.0,316.0,,,,23,,Maxwel,Cornet,Cornet,has joined Genoa on loan for the rest of the season.,,0,0,0,0,0,0,0,0,0,0,0,0,0,,,,0.0,0.0,0.0,0.0,0.0,0,0,0
618,a,,,4.8,352,222.0,0,0.0,-2,2.0,0.0,588,220.0,8,0,1.3,409.0,183.0,0,30,0.2,382.0,173.0,0.0,1.7,0.0,2264,2,5507,4,0.2,0.2,0.03,0.04,0.07,2.59,0.02,0.02,0.04,1.33,9.8,436.0,196.0,6.0,418.0,206.0,2.0,425.0,212.0,1.7,452.0,207.0,,,,23,,Guido,Rodríguez,G.Rodriguez,,,175,0,0,1,2,0,0,0,1,0,0,2,15,,,,0.0,0.51,1.03,1.03,7.71,1,4,10
619,u,0.0,0.0,4.9,340,212.0,0,0.0,-1,1.0,0.0,667,275.0,5,0,1.0,469.0,221.0,0,11,0.0,719.0,303.0,0.0,1.0,0.0,868,0,3272,0,0.0,0.0,0.07,0.03,0.1,1.82,0.05,0.02,0.07,1.35,9.2,438.0,198.0,14.5,383.0,191.0,4.0,414.0,206.0,2.5,444.0,202.0,,,,23,,Luis Guilherme,Lira dos Santos,L.Guilherme,has joined Sporting CP permanently.,,121,0,0,0,2,0,0,0,0,0,0,1,11,,,,0.0,0.0,1.49,0.74,8.18,1,2,8
620,u,0.0,0.0,4.5,439,264.0,0,0.0,0,0.0,0.0,589,221.0,1,0,1.0,449.0,204.0,0,3,0.2,370.0,164.0,0.0,0.2,0.0,3770,0,9027,1,0.0,0.0,0.0,0.01,0.01,0.73,0.0,0.11,0.11,8.21,0.0,680.0,269.0,1.5,438.0,213.0,2.0,423.0,210.0,0.4,470.0,217.0,,,,23,,George,Earthy,Earthy,has joined Bristol City on loan for the rest of the season.,,8,0,0,0,1,0,0,0,0,0,0,0,0,,,,0.0,0.0,11.25,0.0,0.0,0,0,0
621,u,0.0,0.0,4.3,574,339.0,0,0.0,-2,2.0,0.3,334,111.0,9,0,1.3,407.0,182.0,0,49,0.0,553.0,188.0,0.0,2.1,0.0,43311,0,49428,40,0.0,0.0,0.0,0.17,0.17,4.03,0.0,0.1,0.1,2.32,31.6,405.0,179.0,52.3,307.0,172.0,2.0,420.0,208.0,8.6,401.0,182.0,3.0,,,23,,Andy,Irving,Irving,has joined Sparta Prague permanently.,,156,0,0,0,4,0,0,0,0,0,0,2,22,,,,0.0,0.0,2.31,1.15,12.69,6,2,14
622,u,0.0,0.0,4.4,541,325.0,0,0.0,-1,1.0,0.1,560,205.0,0,0,0.0,652.0,252.0,0,0,0.0,590.0,210.0,0.0,0.0,0.0,1052,0,11752,1,0.0,0.0,0.0,0.0,0.0,0.0,0.0,0.0,0.0,0.0,0.0,643.0,244.0,0.0,641.0,249.0,0.0,616.0,238.0,0.0,646.0,246.0,,,,23,,Lewis,Orford,Orford,has joined Stevenage on loan for the rest of the season.,,0,0,0,0,0,0,0,0,0,0,0,0,0,,,,0.0,0.0,0.0,0.0,0.0,0,0,0
623,a,100.0,100.0,4.4,537,321.0,0,0.0,-1,1.0,0.8,208,71.0,29,0,1.8,343.0,147.0,0,186,1.0,270.0,119.0,0.2,6.6,0.0,136419,14,132209,88,1.0,1.0,0.21,0.4,0.61,19.37,0.02,0.04,0.06,1.8,159.0,252.0,108.0,124.8,183.0,121.0,35.0,313.0,164.0,31.9,279.0,136.0,1.0,,,23,,Freddie,Potts,Potts,,,967,0,1,0,23,0,0,0,1,0,0,10,96,,,,0.0,0.0,2.14,0.93,8.93,23,37,36
624,a,,,7.6,20,6.0,0,0.0,-4,4.0,8.0,51,10.0,102,9,4.4,46.0,5.0,16,410,4.5,20.0,5.0,0.6,13.4,0.0,1828560,1540,2681430,980,4.5,4.5,5.44,1.77,7.21,37.91,0.24,0.08,0.32,1.66,415.8,53.0,4.0,269.0,79.0,2.0,575.0,9.0,6.0,125.8,17.0,3.0,,1.0,2.0,23,,Jarrod,Bowen,Bowen,,,2055,7,3,1,45,0,0,0,3,0,0,23,152,,,,0.0,0.04,1.97,1.01,6.66,28,34,90
625,u,0.0,0.0,5.6,124,33.0,0,0.0,-4,4.0,0.6,233,37.0,12,0,1.5,393.0,44.0,0,28,0.0,778.0,82.0,0.0,2.1,0.0,47611,0,390063,10,0.0,0.0,0.93,0.21,1.14,8.59,0.21,0.05,0.26,1.9,26.0,414.0,44.0,85.1,238.0,25.0,130.0,155.0,35.0,23.8,316.0,37.0,,,,23,,Niclas,Füllkrug,Füllkrug,has joined AC Milan on loan for the rest of the season.,,407,0,0,1,11,0,0,0,0,0,0,5,19,,,,0.0,0.22,2.43,1.11,4.2,2,7,10
626,u,0.0,0.0,4.3,605,82.0,0,0.0,-2,2.0,0.6,239,38.0,2,0,1.0,440.0,52.0,0,0,0.0,568.0,54.0,0.0,0.5,0.0,63604,0,99715,30,0.0,0.0,0.13,0.0,0.13,1.55,0.2,0.0,0.2,2.41,1.2,471.0,55.0,0.1,464.0,58.0,7.0,396.0,55.0,0.8,462.0,55.0,,,,23,,Callum,Marshall,Marshall,has joined VfL Bochum 1848 on loan for the rest of the season.,,58,0,0,0,2,0,0,0,0,0,0,0,3,,,,0.0,0.0,3.1,0.0,4.66,0,2,1
659,a,,,4.2,622,145.0,0,0.0,-3,3.0,0.3,328,121.0,30,0,1.9,326.0,125.0,0,117,1.0,267.0,94.0,0.2,7.1,0.0,28594,4,48020,15,1.0,1.0,1.13,0.26,1.39,20.95,0.11,0.02,0.13,1.98,202.2,209.0,85.0,87.9,232.0,66.0,98.0,209.0,52.0,38.9,241.0,84.0,,,,23,,Kyle,Walker-Peters,Walker-Peters,,,952,1,0,1,21,0,0,0,2,0,0,10,94,,,,0.0,0.09,1.99,0.95,6.71,34,37,40
671,a,,,5.8,103,29.0,0,0.0,-2,2.0,0.7,220,35.0,59,1,3.1,175.0,17.0,7,222,2.5,145.0,15.0,0.4,10.2,0.0,192928,79,186322,100,2.5,2.5,4.35,0.15,4.5,14.93,0.49,0.02,0.51,1.67,211.2,200.0,15.0,60.5,289.0,29.0,304.0,48.0,18.0,56.8,152.0,17.0,,,,23,,Callum,Wilson,Wilson,,,808,5,2,1,16,0,0,0,0,0,0,8,27,,,,0.0,0.11,1.79,0.89,3.01,2,6,19
679,a,,,4.2,630,37.0,0,0.0,-3,3.0,0.2,365,53.0,9,0,2.2,286.0,26.0,0,27,0.0,538.0,81.0,0.0,2.1,0.0,14934,3,35759,3,0.0,0.0,0.0,0.01,0.01,5.44,0.0,0.0,0.0,1.36,84.8,334.0,28.0,0.0,601.0,76.0,0.0,570.0,62.0,8.5,403.0,28.0,,,,23,,Mads,Hermansen,Hermansen,,,360,0,0,1,11,0,0,0,0,0,9,4,34,,,,2.25,0.25,2.75,1.0,0.0,0,7,27
708,a,100.0,100.0,5.5,154,97.0,0,0.0,0,0.0,0.2,378,130.0,79,7,3.8,89.0,42.0,4,395,4.2,30.0,12.0,0.8,14.4,0.0,48022,198,29404,28,4.2,4.2,1.03,1.4,2.43,27.06,0.06,0.08,0.14,1.47,378.0,80.0,25.0,382.8,34.0,33.0,69.0,255.0,139.0,83.1,70.0,44.0,4.0,,,23,,Mateus Gonçalo,Espanha Fernandes,M.Fernandes,,,1658,3,2,2,30,0,0,0,2,0,0,20,208,,,,0.0,0.11,1.63,1.09,11.3,58,52,98
718,a,,,5.0,274,169.0,0,0.0,0,0.0,0.0,636,258.0,33,0,2.4,265.0,113.0,2,157,1.3,237.0,101.0,0.3,6.6,0.0,4993,1,3588,6,1.3,1.3,0.31,0.28,0.59,14.82,0.04,0.03,0.07,1.82,149.6,261.0,113.0,66.4,272.0,160.0,37.0,309.0,161.0,25.3,309.0,149.0,,,,23,,Soungoutou,Magassa,S.Magassa,,,732,1,0,1,18,0,0,0,2,0,0,9,101,,,,0.0,0.12,2.21,1.11,12.42,33,25,43
738,d,25.0,25.0,4.5,399,20.0,0,0.0,0,0.0,0.0,622,79.0,0,0,0.0,665.0,87.0,0,0,0.0,605.0,85.0,0.0,0.0,0.0,5536,1,4958,6,0.0,0.0,0.0,0.0,0.0,0.0,0.0,0.0,0.0,0.0,0.0,659.0,87.0,0.0,655.0,80.0,0.0,632.0,68.0,0.0,662.0,87.0,,,,23,,Lukasz,Fabianski,Fabianski,Back injury - 25% chance of playing,,0,0,0,0,0,0,0,0,0,0,0,0,0,,,,0.0,0.0,0.0,0.0,0.0,0,0,0
747,a,,,4.0,708,197.0,0,0.0,0,0.0,0.0,646,225.0,5,0,1.0,433.0,161.0,0,15,0.5,306.0,112.0,0.1,1.2,0.0,1938,2,1349,3,0.5,0.5,0.12,0.44,0.56,2.8,0.1,0.35,0.45,2.25,21.2,420.0,160.0,33.8,340.0,118.0,9.0,380.0,137.0,6.4,414.0,150.0,,,,23,,Ezra,Mayers,Mayers,,,112,0,0,0,3,0,0,0,0,0,0,0,5,,,,0.0,0.0,2.41,0.0,4.02,0,5,6
752,a,,,4.0,718,207.0,0,0.0,0,0.0,0.0,668,232.0,0,0,0.0,609.0,240.0,0,0,0.0,528.0,220.0,0.0,0.0,0.0,1268,1,1102,1,0.0,0.0,0.0,0.0,0.0,0.0,0.0,0.0,0.0,0.0,0.0,598.0,239.0,0.0,593.0,240.0,0.0,560.0,235.0,0.0,602.0,240.0,,,,23,,Airidas,Golambeckis,Golambeckis,,,0,0,0,0,0,0,0,0,0,0,0,0,0,,,,0.0,0.0,0.0,0.0,0.0,0,0,0
758,a,,,4.5,499,310.0,0,0.0,0,0.0,0.0,732,312.0,3,0,1.0,458.0,212.0,0,11,0.2,377.0,170.0,0.0,0.7,0.0,1262,3,681,1,0.2,0.2,0.03,0.02,0.05,0.54,0.17,0.11,0.28,3.04,4.4,453.0,207.0,10.9,394.0,197.0,4.0,411.0,204.0,1.7,451.0,206.0,,,,23,,Mohamadou,Kanté,Mohamadou Kanté,,,16,0,0,0,0,0,0,0,0,0,0,0,4,,,,0.0,0.0,0.0,0.0,22.5,1,0,3
785,a,,,5.5,153,37.0,0,0.0,0,0.0,0.0,696,83.0,5,2,1.7,367.0,41.0,0,7,1.2,253.0,33.0,0.2,0.9,0.0,2616,10,1059,8,1.2,1.2,0.28,0.03,0.31,2.69,0.14,0.02,0.16,1.38,6.4,445.0,50.0,25.3,360.0,43.0,15.0,369.0,52.0,4.7,426.0,51.0,,,,23,,Pablo Felipe,Pereira de Jesus,Pablo,,,175,0,0,0,3,0,0,0,0,0,0,2,14,,,,0.0,0.0,1.54,1.03,7.2,6,3,5
791,a,,,5.5,144,34.0,0,0.0,0,0.0,0.0,609,78.0,7,4,2.3,277.0,28.0,0,12,2.3,155.0,17.0,0.4,1.3,0.0,5599,50,772,18,2.3,2.3,1.34,0.04,1.38,3.33,0.48,0.01,0.49,1.18,5.0,451.0,52.0,32.8,343.0,42.0,71.0,252.0,44.0,9.9,391.0,47.0,,,,23,,Valentín,Castellanos,Taty,,,255,0,1,0,4,0,0,0,2,0,0,3,13,,,,0.0,0.0,1.42,1.07,4.62,2,4,7
802,a,,,5.0,277,171.0,0,0.0,0,0.0,0.0,802,361.0,0,0,0.0,770.0,338.0,0,0,0.0,739.0,318.0,0.0,0.0,0.0,26,0,6,2,1.8,1.8,0.0,0.0,0.0,0.0,0.0,0.0,0.0,0.0,0.0,770.0,338.0,0.0,768.0,338.0,0.0,762.0,336.0,0.0,770.0,338.0,,,,23,,Keiber,Lamadrid,Lamadrid,,,0,0,0,0,0,0,0,0,0,0,0,0,0,,,,0.0,0.0,0.0,0.0,0.0,0,0,0
627,a,,,4.4,513,26.0,0,0.0,-1,1.0,0.1,419,64.0,21,0,1.8,342.0,27.0,0,117,0.0,576.0,84.0,0.0,4.8,0.0,18086,8,22007,5,0.0,-0.5,0.0,0.02,0.02,18.59,0.0,0.0,0.0,1.55,308.0,120.0,18.0,0.1,465.0,13.0,0.0,602.0,67.0,30.8,286.0,18.0,,,,23,,Sam,Johnstone,Johnstone,,,1080,0,0,0,24,1,0,0,0,0,39,12,71,,,,3.25,0.0,2.0,1.0,0.0,2,24,107
628,a,,,4.2,621,33.0,0,0.0,-3,3.0,1.0,183,23.0,26,0,2.6,233.0,22.0,2,105,3.2,75.0,6.0,0.8,6.2,0.0,50093,74,158563,18,3.2,2.7,0.0,0.03,0.03,11.91,0.0,0.0,0.0,1.19,167.8,244.0,21.0,10.0,399.0,5.0,0.0,566.0,58.0,18.0,348.0,21.0,,,,23,,José,Malheiro de Sá,José Sá,,,900,0,0,2,17,0,0,0,1,0,19,10,40,,,,1.9,0.2,1.7,1.0,0.0,0,19,86
629,a,100.0,100.0,3.9,724,67.0,0,0.0,-1,1.0,0.5,256,33.0,0,0,0.0,515.0,36.0,0,0,0.0,432.0,31.0,0.0,0.0,0.0,14469,12,48104,7,0.0,-0.5,0.0,0.0,0.0,0.0,0.0,0.0,0.0,0.0,0.0,505.0,36.0,0.0,498.0,23.0,0.0,460.0,8.0,0.0,508.0,36.0,,,,23,,Daniel,Bentley,Bentley,,,0,0,0,0,0,0,0,0,0,0,0,0,0,,,,0.0,0.0,0.0,0.0,0.0,0,0,0
631,a,100.0,100.0,4.2,634,152.0,0,0.0,-3,3.0,0.1,435,159.0,20,0,1.5,385.0,141.0,0,75,0.0,542.0,226.0,0.0,4.8,0.0,24168,2,62002,2,0.0,-0.5,0.5,0.35,0.85,16.9,0.04,0.03,0.07,1.51,286.4,145.0,62.0,65.2,275.0,86.0,69.0,254.0,72.0,42.1,226.0,76.0,,5.0,,23,,Emmanuel,Agbadou,Agbadou,,,1010,0,0,0,27,0,0,0,1,1,0,11,146,,,,0.0,0.0,2.41,0.98,10.25,28,87,61
632,a,100.0,100.0,4.4,512,100.0,0,0.0,-1,1.0,0.1,487,176.0,11,0,1.4,396.0,145.0,0,53,0.5,309.0,115.0,0.1,2.5,0.0,5616,1,19416,3,0.5,0.0,0.09,0.19,0.28,9.23,0.01,0.03,0.04,1.39,104.4,309.0,117.0,50.1,309.0,104.0,18.0,361.0,126.0,17.3,352.0,124.0,,,,23,,Matt,Doherty,Doherty,,,599,0,0,1,11,0,0,0,4,0,0,8,58,,,,0.0,0.15,1.65,1.2,7.06,13,34,23
633,a,100.0,100.0,4.3,588,138.0,0,0.0,-2,2.0,0.1,460,170.0,49,0,2.6,236.0,89.0,4,188,4.2,25.0,8.0,1.0,11.4,0.0,21320,23,20170,3,4.2,3.7,0.42,1.58,2.0,17.77,0.03,0.11,0.14,1.28,290.6,139.0,60.0,360.3,39.0,3.0,110.0,186.0,42.0,76.3,89.0,21.0,2.0,,,23,,Hugo,Bueno López,H.Bueno,,,1248,0,2,3,21,0,0,0,1,0,0,13,124,,,,0.0,0.22,1.51,0.94,6.63,35,57,60
634,a,100.0,100.0,4.3,595,140.0,0,0.0,-2,2.0,0.1,549,199.0,26,0,2.0,318.0,121.0,1,108,4.0,32.0,12.0,0.9,6.0,0.0,4481,14,6812,0,4.0,3.5,0.77,0.26,1.03,14.21,0.07,0.02,0.09,1.34,200.4,211.0,86.0,87.1,234.0,68.0,109.0,189.0,43.0,39.6,235.0,79.0,,,,23,,Yerson,Mosquera Valdelamar,Mosquera,,,956,0,0,2,18,2,0,0,7,0,0,11,111,,,,0.0,0.19,1.69,1.04,9.32,29,70,48
635,a,100.0,100.0,4.4,536,117.0,0,0.0,-1,1.0,0.1,566,205.0,14,0,2.0,319.0,122.0,0,24,0.2,365.0,141.0,0.0,3.2,0.0,8783,1,14295,1,0.2,-0.3,0.95,0.22,1.17,4.6,0.25,0.06,0.31,1.23,60.2,370.0,140.0,40.4,329.0,111.0,103.0,204.0,50.0,20.5,329.0,110.0,,,,23,,Rodrigo,Martins Gomes,R.Gomes,,,336,1,0,0,9,0,0,0,0,0,0,4,32,,,,0.0,0.0,2.41,1.07,4.82,7,11,15
636,a,100.0,100.0,4.4,523,109.0,0,0.0,-1,1.0,0.1,506,182.0,49,0,3.8,83.0,30.0,2,151,3.5,57.0,23.0,0.8,11.1,0.0,17099,9,16981,5,3.5,3.0,1.55,0.5,2.05,16.09,0.13,0.04,0.17,1.3,293.2,136.0,58.0,60.8,285.0,93.0,109.0,190.0,44.0,46.2,203.0,66.0,,,,23,,Santiago,Ignacio Bueno,S.Bueno,,,1114,2,1,2,21,0,0,0,2,0,0,12,118,,,,0.0,0.16,1.7,0.97,8.24,30,72,25
637,i,0.0,0.0,4.2,633,151.0,0,0.0,-3,3.0,0.1,497,179.0,20,0,1.5,384.0,140.0,0,74,0.0,541.0,225.0,0.0,4.8,0.0,6795,3,18763,2,0.0,0.0,0.04,0.21,0.25,17.96,0.0,0.02,0.02,1.7,212.2,199.0,81.0,77.4,250.0,72.0,29.0,328.0,107.0,31.9,278.0,93.0,,,,23,,Toti,Gomes,Toti,Hamstring injury - Unknown return date,,949,0,0,0,25,0,0,0,1,1,0,12,106,,,,0.0,0.0,2.37,1.14,7.97,14,70,37
638,u,0.0,0.0,3.8,782,243.0,0,0.0,-2,2.0,1.2,173,66.0,10,0,1.2,417.0,151.0,0,38,0.0,413.0,154.0,0.0,2.6,0.0,121813,0,234590,125,0.0,0.0,0.02,0.36,0.38,9.36,0.0,0.08,0.08,1.99,101.4,312.0,119.0,87.8,233.0,67.0,13.0,371.0,132.0,20.3,331.0,111.0,,,,23,,Ki-Jana,Hoever,Hoever,has joined Sheffield United on loan for the rest of the season.,,423,0,0,0,13,0,0,0,0,0,0,6,46,,,,0.0,0.0,2.77,1.28,8.51,13,27,16
639,u,0.0,0.0,4.0,697,187.0,0,0.0,0,0.0,0.0,742,253.0,0,0,0.0,592.0,224.0,0,0,0.0,511.0,204.0,0.0,0.0,0.0,0,0,851,0,0.0,0.0,0.0,0.0,0.0,0.0,0.0,0.0,0.0,0.0,0.0,581.0,223.0,0.0,576.0,224.0,0.0,542.0,218.0,0.0,584.0,223.0,,,,23,,Bastien,Meupiyou Menadjou,Meupiyou,On loan to FC Alverca,,0,0,0,0,0,0,0,0,0,0,0,0,0,,,,0.0,0.0,0.0,0.0,0.0,0,0,0
640,a,100.0,100.0,4.0,716,205.0,0,0.0,0,0.0,0.4,277,104.0,1,0,1.0,434.0,162.0,0,3,0.2,357.0,137.0,0.0,0.2,0.0,8410,1,87114,1,0.2,-0.3,0.0,0.0,0.0,0.0,0.0,0.0,0.0,0.0,0.2,477.0,170.0,0.1,461.0,168.0,0.0,558.0,233.0,0.0,600.0,238.0,,,,23,,Pedro,Cardoso de Lima,Pedro Lima,,,1,0,0,0,0,0,0,0,0,0,0,0,0,,,,0.0,0.0,0.0,0.0,0.0,0,0,0
641,u,0.0,0.0,3.9,756,222.0,0,0.0,-1,1.0,1.1,176,69.0,0,0,0.0,538.0,195.0,0,0,0.0,456.0,174.0,0.0,0.0,0.0,85684,0,134504,58,0.0,0.0,0.0,0.0,0.0,0.0,0.0,0.0,0.0,0.0,0.0,528.0,195.0,0.0,521.0,196.0,0.0,484.0,187.0,0.0,531.0,195.0,,,,23,,Alfie,Pond,Pond,has joined Crewe Alexandra on loan for the rest of the season.,,0,0,0,0,0,0,0,0,0,0,0,0,0,,,,0.0,0.0,0.0,0.0,0.0,0,0,0
642,a,100.0,100.0,5.6,129,79.0,0,0.0,-4,4.0,0.1,427,144.0,39,0,2.3,278.0,121.0,0,104,3.2,80.0,38.0,0.6,7.0,0.0,38367,35,45134,12,3.2,2.7,2.07,0.89,2.96,13.62,0.19,0.08,0.27,1.27,120.6,287.0,129.0,127.3,178.0,118.0,138.0,145.0,84.0,38.0,246.0,119.0,,,3.0,23,,Hwang,Hee-chan,Hee Chan,,,963,2,1,2,16,0,0,0,3,0,0,12,58,,,,0.0,0.19,1.5,1.12,5.42,8,19,31
643,a,100.0,100.0,5.3,201,125.0,0,0.0,-2,2.0,0.1,522,186.0,49,0,2.3,275.0,119.0,1,247,1.2,251.0,109.0,0.2,9.2,0.0,11186,3,15266,4,1.2,0.7,0.17,0.65,0.82,25.97,0.01,0.04,0.05,1.54,224.8,191.0,82.0,192.1,119.0,86.0,15.0,368.0,187.0,43.2,219.0,110.0,,,,23,,André,Trindade da Costa Neto,André,,,1513,0,0,1,30,0,0,0,6,0,0,16,210,,,,0.0,0.06,1.78,0.95,12.49,42,56,112
644,i,0.0,0.0,5.1,230,142.0,0,0.0,-4,4.0,0.0,614,238.0,25,0,1.8,349.0,151.0,0,114,0.0,746.0,324.0,0.0,4.9,0.0,3482,0,10305,2,0.0,0.0,0.73,0.58,1.31,11.84,0.1,0.08,0.18,1.56,111.2,302.0,135.0,91.3,228.0,140.0,93.0,216.0,120.0,29.4,292.0,142.0,3.0,4.0,,23,,Jean-Ricner,Bellegarde,Bellegarde,Hamstring injury - Expected back 31 Jan,,685,1,0,1,20,0,0,0,1,0,0,9,59,,,,0.0,0.13,2.63,1.18,7.75,18,20,21
645,a,100.0,100.0,5.1,239,147.0,0,0.0,-4,4.0,0.0,637,259.0,12,0,1.3,412.0,186.0,0,38,0.2,393.0,181.0,0.0,2.4,0.0,1365,1,4546,3,0.2,-0.3,0.16,0.61,0.77,3.98,0.06,0.24,0.3,1.57,29.0,409.0,182.0,61.0,284.0,164.0,37.0,310.0,162.0,12.4,373.0,174.0,,,,23,,Fer,López González,Fer López,,,228,0,1,0,9,0,0,0,1,0,0,2,12,,,,0.0,0.0,3.55,0.79,4.74,1,1,10
646,a,100.0,100.0,5.3,196,123.0,0,0.0,-2,2.0,0.1,479,167.0,54,0,2.6,243.0,105.0,1,286,2.7,121.0,53.0,0.5,10.2,0.0,13601,14,19123,4,2.7,2.2,0.72,1.1,1.82,24.14,0.04,0.06,0.1,1.31,265.8,166.0,62.0,226.1,97.0,72.0,105.0,199.0,110.0,60.1,140.0,77.0,,,,23,,João Victor,Gomes da Silva,Gomes,,,1664,0,0,2,32,0,0,0,6,0,0,19,230,,,,0.0,0.11,1.73,1.03,12.44,56,59,115
647,u,0.0,0.0,5.5,138,86.0,0,0.0,0,0.0,0.0,766,334.0,0,0,0.0,787.0,350.0,0,0,0.0,773.0,342.0,0.0,0.0,0.0,0,0,792,0,0.0,0.0,0.0,0.0,0.0,0.0,0.0,0.0,0.0,0.0,0.0,787.0,350.0,0.0,786.0,350.0,0.0,783.0,349.0,0.0,787.0,350.0,,,,23,,Gonçalo Manuel,Ganchinho Guedes,Guedes,Has joined Real Sociedad permanently.,,0,0,0,0,0,0,0,0,0,0,0,0,0,,,,0.0,0.0,0.0,0.0,0.0,0,0,0
648,u,0.0,0.0,5.3,195,122.0,0,0.0,-2,2.0,0.0,608,234.0,38,0,2.9,203.0,88.0,1,131,0.0,756.0,331.0,0.0,7.2,0.0,19177,0,22727,2,0.0,0.0,1.64,0.38,2.02,13.36,0.17,0.04,0.21,1.38,163.6,247.0,104.0,61.8,282.0,163.0,196.0,95.0,56.0,42.1,227.0,114.0,,,,23,,Marshall,Munetsi,Munetsi,has joined Paris FC on loan for the rest of the season.,,872,1,2,0,19,0,0,0,2,0,0,9,80,,,,0.0,0.0,1.96,0.93,8.26,21,39,20
649,u,0.0,0.0,5.0,260,159.0,0,0.0,0,0.0,0.0,795,355.0,0,0,0.0,763.0,333.0,0,0,0.0,731.0,312.0,0.0,0.0,0.0,0,0,161,0,0.0,0.0,0.0,0.0,0.0,0.0,0.0,0.0,0.0,0.0,0.0,763.0,333.0,0.0,761.0,333.0,0.0,754.0,331.0,0.0,763.0,333.0,,,,23,,Boubacar,Traoré,B.Traore,Has joined FC Metz on loan for the rest of the season.,,0,0,0,0,0,0,0,0,0,0,0,0,0,,,,0.0,0.0,0.0,0.0,0.0,0,0,0
650,d,75.0,75.0,4.3,591,345.0,0,0.0,-2,2.0,0.2,354,117.0,2,0,1.0,438.0,194.0,0,4,0.2,361.0,157.0,0.0,0.5,0.0,30351,2,45016,7,0.2,-0.2,0.0,0.0,0.0,0.5,0.0,0.0,0.0,1.8,3.2,458.0,211.0,0.3,457.0,223.0,0.0,584.0,218.0,0.4,469.0,216.0,,,,23,,Tawanda,Chirewa,Chirewa,Illness - 75% chance of playing,,25,0,0,0,0,0,0,0,0,0,0,0,4,,,,0.0,0.0,0.0,0.0,14.4,2,1,1
651,a,,,4.3,609,356.0,0,0.0,-2,2.0,0.4,284,95.0,0,0,0.0,636.0,243.0,0,0,0.0,571.0,201.0,0.0,0.0,0.0,51231,3,59735,18,0.0,-0.5,0.0,0.0,0.0,0.0,0.0,0.0,0.0,0.0,0.0,626.0,234.0,0.0,624.0,239.0,0.0,597.0,228.0,0.0,629.0,236.0,,,,23,,Tom,Edozie,Edozie,,,0,0,0,0,0,0,0,0,0,0,0,0,0,,,,0.0,0.0,0.0,0.0,0.0,0,0,0
652,a,,,4.3,608,355.0,0,0.0,-2,2.0,1.3,158,55.0,0,0,0.0,635.0,242.0,0,0,0.0,570.0,200.0,0.0,0.0,0.0,180601,31,220914,56,0.0,-0.5,0.0,0.0,0.0,0.0,0.0,0.0,0.0,0.0,0.0,625.0,233.0,0.0,623.0,238.0,0.0,596.0,227.0,0.0,628.0,235.0,,,,23,,Enso,González Medina,Gonzalez,,,0,0,0,0,0,0,0,0,0,0,0,0,0,,,,0.0,0.0,0.0,0.0,0.0,0,0,0
653,u,0.0,0.0,4.5,417,251.0,0,0.0,0,0.0,0.0,648,264.0,0,0,0.0,674.0,263.0,0,0,0.0,615.0,223.0,0.0,0.0,0.0,0,0,5631,0,0.0,0.0,0.0,0.0,0.0,0.0,0.0,0.0,0.0,0.0,0.0,668.0,258.0,0.0,665.0,261.0,0.0,643.0,252.0,0.0,671.0,260.0,,,,23,,Joe,Hodge,Hodge,Signed by CD Tondela,,0,0,0,0,0,0,0,0,0,0,0,0,0,,,,0.0,0.0,0.0,0.0,0.0,0,0,0
654,a,100.0,100.0,6.1,81,26.0,0,0.0,-4,4.0,0.9,193,31.0,37,0,1.9,336.0,36.0,0,88,1.2,258.0,34.0,0.2,6.1,0.0,190321,16,610921,24,1.2,0.7,2.86,0.44,3.3,20.94,0.19,0.03,0.22,1.41,121.6,285.0,27.0,101.4,213.0,22.0,249.0,68.0,23.0,46.6,199.0,23.0,,,2.0,23,,Jørgen,Strand Larsen,Strand Larsen,,,1334,1,1,3,25,0,0,1,2,0,0,14,51,,,,0.0,0.2,1.69,0.94,3.44,5,31,15
655,u,0.0,0.0,4.9,326,58.0,0,0.0,-1,1.0,0.2,390,60.0,0,0,0.0,753.0,82.0,0,0,0.0,715.0,74.0,0.0,0.0,0.0,7178,0,54930,1,0.0,0.0,0.0,0.0,0.0,0.0,0.0,0.0,0.0,0.0,0.0,753.0,82.0,0.0,749.0,81.0,0.0,741.0,81.0,0.0,753.0,82.0,,,,23,,Fábio,Soares Silva,Fábio Silva,has joined Borussia Dortmund permanently.,,0,0,0,0,0,0,0,0,0,0,0,0,0,,,,0.0,0.0,0.0,0.0,0.0,0,0,0
656,u,0.0,0.0,4.9,319,56.0,0,0.0,-1,1.0,0.0,577,76.0,1,0,1.0,466.0,53.0,0,1,0.0,710.0,73.0,0.0,0.2,0.0,1691,0,10034,0,0.0,0.0,0.0,0.01,0.01,0.1,0.0,0.06,0.06,0.64,1.0,474.0,57.0,4.3,422.0,51.0,2.0,426.0,57.0,0.7,463.0,56.0,,,,23,,Saša,Kalajdžić,Kalajdžić,has joined LASK on loan for the rest of the season.,,14,0,0,0,0,0,0,0,0,0,0,0,2,,,,0.0,0.0,0.0,0.0,12.86,0,1,1
657,i,0.0,0.0,4.4,553,78.0,0,0.0,-1,1.0,0.0,645,80.0,0,0,0.0,660.0,71.0,0,0,0.0,599.0,62.0,0.0,0.0,0.0,4329,1,6700,0,0.0,0.0,0.0,0.0,0.0,0.0,0.0,0.0,0.0,0.0,0.0,653.0,71.0,0.0,650.0,70.0,0.0,626.0,70.0,0.0,656.0,71.0,,,,23,,Leon,Chiwome,Chiwome,Knee injury - Unknown return date,,0,0,0,0,0,0,0,0,0,0,0,0,0,,,,0.0,0.0,0.0,0.0,0.0,0,0,0
658,a,,,4.2,635,86.0,0,0.0,-3,3.0,1.7,145,21.0,0,0,0.0,616.0,60.0,0,0,0.0,543.0,50.0,0.0,0.0,0.0,206583,160,317248,48,0.0,-0.5,0.0,0.0,0.0,0.0,0.0,0.0,0.0,0.0,0.0,606.0,59.0,0.0,603.0,59.0,0.0,572.0,59.0,0.0,610.0,60.0,,,,23,,Nathan,Fraser,Fraser,,,0,0,0,0,0,0,0,0,0,0,0,0,0,,,,0.0,0.0,0.0,0.0,0.0,0,0,0
663,a,,,4.9,314,195.0,0,0.0,-6,6.0,0.2,406,138.0,43,0,2.0,322.0,141.0,2,170,2.7,117.0,50.0,0.6,8.8,0.0,18919,7,77864,5,2.7,2.2,3.38,0.61,3.99,14.47,0.29,0.05,0.34,1.23,169.0,240.0,102.0,202.7,111.0,80.0,146.0,135.0,79.0,51.6,184.0,97.0,1.0,1.0,,23,,Jhon,Arias,J.Arias,,,1062,1,0,2,18,0,0,0,1,0,0,13,116,,,,0.0,0.17,1.53,1.1,9.83,40,24,52
682,a,,,4.3,592,139.0,0,0.0,-2,2.0,0.1,539,196.0,20,0,1.4,395.0,144.0,0,42,0.5,308.0,114.0,0.1,4.7,0.0,4149,1,8686,1,0.5,0.0,0.13,0.97,1.1,13.31,0.02,0.12,0.14,1.7,113.4,300.0,112.0,101.8,211.0,57.0,44.0,297.0,94.0,26.1,307.0,103.0,,,,23,,David,Møller Wolfe,Møller Wolfe,,,703,0,2,0,18,0,0,0,1,0,0,8,37,,,,0.0,0.0,2.3,1.02,4.1,5,27,17
695,a,,,4.4,542,118.0,0,0.0,-1,1.0,0.0,640,222.0,36,0,1.7,358.0,136.0,0,100,2.5,126.0,49.0,0.6,8.2,0.0,5333,2,4890,1,2.5,2.0,0.26,0.97,1.23,15.76,0.02,0.07,0.09,1.19,206.2,206.0,84.0,213.0,102.0,25.0,34.0,317.0,101.0,45.4,209.0,69.0,,,,23,,Jackson,Tchatchoua,Tchatchoua,,,1191,0,0,2,23,0,0,0,2,0,0,11,99,,,,0.0,0.15,1.74,0.83,5.59,22,52,44
709,a,100.0,100.0,4.5,420,84.0,0,0.0,0,0.0,0.1,528,193.0,45,0,2.6,237.0,90.0,0,155,3.8,40.0,17.0,0.8,10.0,0.0,18760,11,13681,6,3.8,3.3,1.97,1.24,3.21,22.73,0.12,0.08,0.2,1.38,363.0,88.0,39.0,112.1,197.0,50.0,196.0,94.0,12.0,67.2,113.0,38.0,,,,23,,Ladislav,Krejcí,Krejčí,,,1480,2,1,2,30,1,0,0,2,0,0,17,137,,,,0.0,0.12,1.82,1.03,6.93,17,97,45
720,a,,,5.4,173,41.0,0,0.0,-1,1.0,0.1,510,72.0,34,0,1.9,334.0,35.0,2,103,2.2,171.0,20.0,0.4,6.3,0.0,26995,14,20382,8,2.2,1.7,1.53,0.21,1.74,9.05,0.19,0.03,0.22,1.12,83.4,336.0,33.0,113.5,195.0,19.0,215.0,83.0,25.0,40.6,230.0,27.0,,2.0,,23,,Tolu,Arokodare,Tolu,,,729,1,1,2,17,0,0,0,1,0,0,8,46,,,,0.0,0.25,2.1,0.99,5.68,4,23,19
749,a,,,4.5,502,71.0,0,0.0,0,0.0,1.2,171,25.0,36,0,3.3,140.0,11.0,6,127,4.5,19.0,4.0,1.0,8.0,0.0,186387,1187,43126,143,4.5,4.0,0.61,0.56,1.17,7.46,0.1,0.09,0.19,1.25,141.2,266.0,23.0,88.7,231.0,24.0,110.0,187.0,40.0,33.9,268.0,32.0,,,,23,,Mateus,Mané,Mané,,,536,2,2,2,8,0,0,0,0,0,0,5,36,,,,0.0,0.34,1.34,0.84,6.04,9,9,18
766,a,,,4.0,707,196.0,0,0.0,0,0.0,0.0,698,240.0,0,0,0.0,601.0,232.0,0,0,0.0,520.0,212.0,0.0,0.0,0.0,1223,4,445,0,0.0,-0.5,0.0,0.0,0.0,0.0,0.0,0.0,0.0,0.0,0.0,590.0,231.0,0.0,585.0,232.0,0.0,551.0,226.0,0.0,593.0,231.0,,,,23,,Saheed,Olagunju,Olagunju,,,0,0,0,0,0,0,0,0,0,0,0,0,0,,,,0.0,0.0,0.0,0.0,0.0,0,0,0
767,a,,,4.5,488,301.0,0,0.0,0,0.0,0.0,759,329.0,0,0,0.0,720.0,301.0,0,0,0.0,666.0,264.0,0.0,0.0,0.0,679,0,342,1,0.0,-0.5,0.0,0.0,0.0,0.0,0.0,0.0,0.0,0.0,0.0,719.0,300.0,0.0,714.0,300.0,0.0,697.0,295.0,0.0,719.0,300.0,,,,23,,Luke,Rawlings,Rawlings,,,0,0,0,0,0,0,0,0,0,0,0,0,0,,,,0.0,0.0,0.0,0.0,0.0,0,0,0
777,a,,,4.5,448,269.0,0,0.0,0,0.0,0.0,774,339.0,0,0,0.0,690.0,278.0,0,0,0.0,635.0,240.0,0.0,0.0,0.0,315,0,88,0,0.0,-0.5,0.0,0.0,0.0,0.0,0.0,0.0,0.0,0.0,0.0,686.0,274.0,0.0,683.0,276.0,0.0,663.0,268.0,0.0,687.0,275.0,,,,23,,Temple,Ojinnaka,Ojinnaka,,,0,0,0,0,0,0,0,0,0,0,0,0,0,,,,0.0,0.0,0.0,0.0,0.0,0,0,0
778,a,,,4.5,480,295.0,0,0.0,0,0.0,0.0,751,325.0,0,0,0.0,712.0,295.0,0,0,0.0,658.0,258.0,0.0,0.0,0.0,705,3,227,0,0.0,-0.5,0.0,0.0,0.0,0.0,0.0,0.0,0.0,0.0,0.0,711.0,294.0,0.0,706.0,294.0,0.0,689.0,289.0,0.0,711.0,294.0,,,,23,,Ethan,Sutherland,Sutherland,,,0,0,0,0,0,0,0,0,0,0,0,0,0,,,,0.0,0.0,0.0,0.0,0.0,0,0,0
