id,first_name,second_name,web_name,status,news,news_added,now_cost,now_cost_rank,now_cost_rank_type,selected_by_percent,selected_rank,selected_rank_type,form,form_rank,form_rank_type,event_points,cost_change_event,cost_change_event_fall,cost_change_start,cost_change_start_fall,transfers_in_event,transfers_out_event,value_form,value_season,ep_next,ep_this,points_per_game,points_per_game_rank,points_per_game_rank_type,chance_of_playing_next_round,chance_of_playing_this_round,influence_rank,influence_rank_type,creativity_rank,creativity_rank_type,threat_rank,threat_rank_type,ict_index_rank,ict_index_rank_type,corners_and_indirect_freekicks_order,direct_freekicks_order,penalties_order,set_piece_threat,corners_and_indirect_freekicks_text,direct_freekicks_text,penalties_text,expected_goals_per_90,expected_assists_per_90,expected_goal_involvements_per_90,expected_goals_conceded_per_90,saves_per_90,clean_sheets_per_90,goals_conceded_per_90,starts_per_90,defensive_contribution_per_90,gw,total_points,minutes,goals_scored,assists,clean_sheets,goals_conceded,own_goals,penalties_saved,penalties_missed,yellow_cards,red_cards,saves,starts,bonus,bps,transfers_in,transfers_out,dreamteam_count,expected_goals,expected_assists,expected_goal_involvements,expected_goals_conceded,influence,creativity,threat,ict_index,tackles,clearances_blocks_interceptions,recoveries,defensive_contribution
1,David,Raya Martín,Raya,a,,,5.9,93,1.0,33.2,7,1.0,4.0,50.0,2.0,6,0,0.0,4,-4.0,8722,2712,0.7,16.8,5.0,5.0,4.1,61.0,4.0,,,112.0,16.0,378.0,3.0,797.0,93.0,266.0,16.0,,,,,,,,0.0,0.0,0.0,0.69,1.38,0.5,0.71,1.0,0.0,24,6.0,90.0,0.0,0.0,1.0,0.0,0.0,0.0,0.0,0.0,0.0,1.0,1.0,0.0,24.0,10738.0,5653.0,0.0,0.0,0.0,0.0,0.14999999999999858,9.600000000000023,0.0,0.0,1.0,0.0,0.0,11.0,0.0
2,Kepa,Arrizabalaga Revuelta,Arrizabalaga,a,,,4.1,647,38.0,0.4,273,36.0,0.0,540.0,77.0,0,0,0.0,-4,4.0,38,59,0.0,0.0,1.0,1.0,0.0,618.0,83.0,,,609.0,83.0,602.0,72.0,570.0,57.0,611.0,83.0,,,,,,,,0.0,0.0,0.0,0.0,0.0,0.0,0.0,0.0,0.0,24,0.0,0.0,0.0,0.0,0.0,0.0,0.0,0.0,0.0,0.0,0.0,0.0,0.0,0.0,0.0,41.0,63.0,0.0,0.0,0.0,0.0,0.0,0.0,0.0,0.0,0.0,0.0,0.0,0.0,0.0
3,Karl,Hein,Hein,u,Has joined Werder Bremen on loan for the rest of the season.,,4.0,677,54.0,0.2,360,53.0,0.0,496.0,66.0,0,0,0.0,0,0.0,0,20,0.0,0.0,0.0,0.0,0.0,577.0,72.0,0.0,0.0,568.0,72.0,561.0,61.0,528.0,46.0,570.0,72.0,,,,,,,,0.0,0.0,0.0,0.0,0.0,0.0,0.0,0.0,0.0,24,0.0,0.0,0.0,0.0,0.0,0.0,0.0,0.0,0.0,0.0,0.0,0.0,0.0,0.0,0.0,0.0,23.0,0.0,0.0,0.0,0.0,0.0,0.0,0.0,0.0,0.0,0.0,0.0,0.0,0.0
4,Tommy,Setford,Setford,a,,,3.9,766,89.0,0.2,344,49.0,0.0,467.0,50.0,0,0,0.0,-1,1.0,25,86,0.0,0.0,1.0,1.0,0.0,548.0,56.0,,,539.0,56.0,530.0,43.0,495.0,28.0,541.0,56.0,,,,,,,,0.0,0.0,0.0,0.0,0.0,0.0,0.0,0.0,0.0,24,0.0,0.0,0.0,0.0,0.0,0.0,0.0,0.0,0.0,0.0,0.0,0.0,0.0,0.0,0.0,36.0,92.0,0.0,0.0,0.0,0.0,0.0,0.0,0.0,0.0,0.0,0.0,0.0,0.0,0.0
5,Gabriel,dos Santos Magalhães,Gabriel,a,,,7.0,41,1.0,39.0,3,1.0,6.4,6.0,1.0,8,0,0.0,10,-10.0,20640,907,0.9,18.4,7.4,7.4,7.2,1.0,1.0,100.0,100.0,38.0,16.0,258.0,76.0,119.0,21.0,99.0,28.0,,,,,,,,0.1,0.05,0.15,0.6,0.0,0.64,0.59,1.0,8.74,24,8.0,90.0,0.0,0.0,1.0,0.0,0.0,0.0,0.0,0.0,0.0,0.0,1.0,0.0,30.0,27786.0,1458.0,0.0,0.020000000000000018,0.04999999999999993,0.06999999999999984,0.15000000000000036,33.599999999999966,0.7999999999999972,19.0,5.299999999999997,2.0,11.0,2.0,13.0
6,William,Saliba,Saliba,a,,,6.0,87,4.0,12.4,33,11.0,4.6,27.0,7.0,6,0,0.0,0,0.0,7155,1224,0.8,12.7,5.6,5.6,3.8,98.0,36.0,100.0,100.0,138.0,61.0,205.0,51.0,331.0,106.0,226.0,78.0,,,,,,,,0.02,0.03,0.05,0.65,0.0,0.5,0.67,1.05,5.82,24,6.0,90.0,0.0,0.0,1.0,0.0,0.0,0.0,0.0,0.0,0.0,0.0,1.0,0.0,21.0,9087.0,1800.0,0.0,0.0,0.019999999999999907,0.019999999999999907,0.15000000000000036,10.199999999999989,3.1000000000000085,0.0,1.3000000000000043,0.0,3.0,2.0,3.0
7,Riccardo,Calafiori,Calafiori,a,,,5.6,133,14.0,6.1,61,20.0,0.2,404.0,147.0,1,0,0.0,1,-1.0,1108,1110,0.0,13.9,1.2,1.2,4.6,32.0,13.0,100.0,100.0,204.0,80.0,217.0,57.0,86.0,8.0,176.0,56.0,,,,,,,,0.19,0.03,0.22,0.5,0.0,0.64,0.5,1.13,6.09,24,1.0,15.0,0.0,0.0,0.0,0.0,0.0,0.0,0.0,0.0,0.0,0.0,0.0,0.0,2.0,1661.0,1444.0,0.0,0.25,0.010000000000000009,0.2599999999999998,0.03000000000000025,0.19999999999998863,0.6000000000000085,7.0,0.7999999999999972,0.0,1.0,1.0,1.0
8,Jurriën,Timber,J.Timber,a,,,6.3,69,2.0,28.0,12,3.0,4.0,51.0,19.0,5,0,0.0,8,-8.0,13674,4712,0.6,18.3,5.0,5.0,5.0,15.0,6.0,100.0,100.0,85.0,39.0,68.0,15.0,46.0,1.0,47.0,6.0,,,,,,,,0.2,0.05,0.25,0.59,0.0,0.52,0.71,0.99,5.23,24,5.0,90.0,0.0,0.0,1.0,0.0,0.0,0.0,0.0,1.0,0.0,0.0,1.0,0.0,20.0,19059.0,7397.0,0.0,0.13999999999999968,0.21000000000000008,0.34999999999999964,0.15000000000000036,6.599999999999966,16.5,9.0,3.1999999999999886,2.0,1.0,5.0,3.0
9,Jakub,Kiwior,Kiwior,u,has joined Porto on loan for the rest of the season.,,5.4,173,20.0,0.0,583,211.0,0.0,779.0,263.0,0,0,0.0,-1,1.0,0,2,0.0,0.0,0.0,0.0,0.0,789.0,263.0,0.0,0.0,789.0,263.0,788.0,263.0,784.0,262.0,789.0,263.0,,,,,,,,0.0,0.0,0.0,0.0,0.0,0.0,0.0,0.0,0.0,24,0.0,0.0,0.0,0.0,0.0,0.0,0.0,0.0,0.0,0.0,0.0,0.0,0.0,0.0,0.0,0.0,2.0,0.0,0.0,0.0,0.0,0.0,0.0,0.0,0.0,0.0,0.0,0.0,0.0,0.0
10,Myles,Lewis-Skelly,Lewis-Skelly,a,,,5.1,238,36.0,1.5,154,59.0,0.2,397.0,146.0,0,0,0.0,-4,4.0,146,399,0.0,2.4,1.2,1.2,0.9,489.0,170.0,,,411.0,156.0,325.0,110.0,366.0,129.0,402.0,145.0,,,,,,,,0.01,0.02,0.03,1.52,0.0,0.0,1.45,0.29,4.05,24,0.0,0.0,0.0,0.0,0.0,0.0,0.0,0.0,0.0,0.0,0.0,0.0,0.0,0.0,0.0,162.0,484.0,0.0,0.0,0.0,0.0,0.0,0.0,0.0,0.0,0.0,0.0,0.0,0.0,0.0
11,Benjamin,White,White,a,,,5.1,227,31.0,0.6,239,89.0,1.4,238.0,91.0,0,0,0.0,-4,4.0,208,615,0.3,5.9,2.4,2.4,4.3,44.0,19.0,100.0,100.0,311.0,120.0,233.0,65.0,303.0,95.0,319.0,109.0,,,,,,,,0.09,0.11,0.2,1.35,0.0,0.66,0.88,1.1,7.92,24,0.0,0.0,0.0,0.0,0.0,0.0,0.0,0.0,0.0,0.0,0.0,0.0,0.0,0.0,0.0,297.0,754.0,0.0,0.0,0.0,0.0,0.0,0.0,0.0,0.0,0.0,0.0,0.0,0.0,0.0
13,Brayden,Clarke,Clarke,a,,,3.8,801,256.0,0.4,263,99.0,0.0,432.0,172.0,0,0,0.0,-2,2.0,45,111,0.0,0.0,1.0,1.0,0.0,514.0,191.0,,,505.0,191.0,495.0,191.0,460.0,184.0,507.0,191.0,,,,,,,,0.0,0.0,0.0,0.0,0.0,0.0,0.0,0.0,0.0,24,0.0,0.0,0.0,0.0,0.0,0.0,0.0,0.0,0.0,0.0,0.0,0.0,0.0,0.0,0.0,63.0,147.0,0.0,0.0,0.0,0.0,0.0,0.0,0.0,0.0,0.0,0.0,0.0,0.0,0.0
14,Maldini,Kacurri,Kacurri,u,has joined Morecambe on loan for the rest of the season.,,3.9,771,227.0,0.1,476,172.0,0.0,472.0,185.0,0,0,0.0,-1,1.0,0,3,0.0,0.0,0.0,0.0,0.0,553.0,203.0,0.0,0.0,544.0,203.0,535.0,203.0,500.0,196.0,546.0,203.0,,,,,,,,0.0,0.0,0.0,0.0,0.0,0.0,0.0,0.0,0.0,24,0.0,0.0,0.0,0.0,0.0,0.0,0.0,0.0,0.0,0.0,0.0,0.0,0.0,0.0,0.0,0.0,4.0,0.0,0.0,0.0,0.0,0.0,0.0,0.0,0.0,0.0,0.0,0.0,0.0,0.0
15,Josh,Nichols,Nichols,a,,,3.8,790,245.0,0.2,386,141.0,0.0,424.0,164.0,0,0,0.0,-2,2.0,19,29,0.0,0.0,1.0,1.0,0.0,508.0,185.0,,,499.0,185.0,487.0,183.0,451.0,175.0,501.0,185.0,,,,,,,,0.0,0.0,0.0,0.0,0.0,0.0,0.0,0.0,0.0,24,0.0,0.0,0.0,0.0,0.0,0.0,0.0,0.0,0.0,0.0,0.0,0.0,0.0,0.0,0.0,23.0,38.0,0.0,0.0,0.0,0.0,0.0,0.0,0.0,0.0,0.0,0.0,0.0,0.0,0.0
16,Bukayo,Saka,Saka,d,Muscle injury - 75% chance of playing,,10.0,5,3.0,14.8,23,9.0,2.0,181.0,79.0,0,0,0.0,0,0.0,593,54030,0.2,10.1,2.2,3.0,4.8,27.0,11.0,75.0,100.0,66.0,20.0,7.0,7.0,11.0,4.0,6.0,4.0,2.0,,1.0,,,,,0.33,0.3,0.63,0.58,0.0,0.47,0.7,0.99,6.88,24,0.0,0.0,0.0,0.0,0.0,0.0,0.0,0.0,0.0,0.0,0.0,0.0,0.0,0.0,0.0,1990.0,64011.0,0.0,0.0,0.0,0.0,0.0,0.0,0.0,0.0,0.0,0.0,0.0,0.0,0.0
17,Martin,Ødegaard,Ødegaard,a,,,7.8,17,12.0,2.2,121,41.0,3.8,60.0,26.0,4,0,0.0,-2,2.0,690,2186,0.5,7.3,4.8,4.8,3.2,166.0,72.0,100.0,100.0,191.0,81.0,27.0,26.0,168.0,96.0,93.0,54.0,4.0,,3.0,,,,,0.09,0.25,0.34,1.01,0.0,0.36,0.89,1.16,6.76,24,4.0,29.0,0.0,1.0,0.0,0.0,0.0,0.0,0.0,0.0,0.0,0.0,0.0,0.0,16.0,839.0,2691.0,0.0,0.0,0.2200000000000002,0.21999999999999975,0.030000000000001137,20.0,26.19999999999999,0.0,4.6000000000000085,0.0,0.0,1.0,1.0
18,Noni,Madueke,Madueke,a,,,6.8,46,28.0,0.7,222,75.0,3.2,95.0,42.0,11,0,0.0,-2,2.0,1745,142,0.5,4.9,4.2,4.2,2.2,304.0,134.0,100.0,100.0,328.0,145.0,106.0,77.0,102.0,63.0,188.0,98.0,3.0,,,,,,,0.08,0.27,0.35,1.06,0.0,0.57,0.85,1.13,4.67,24,11.0,60.0,0.0,2.0,1.0,0.0,0.0,0.0,0.0,0.0,0.0,0.0,1.0,2.0,32.0,1756.0,168.0,0.0,0.0,0.2699999999999998,0.27,0.1200000000000001,23.39999999999999,34.5,6.0,6.399999999999999,0.0,2.0,0.0,2.0
19,Gabriel,Martinelli Silva,Martinelli,a,,,6.8,47,29.0,0.9,197,66.0,2.0,178.0,77.0,4,0,0.0,-2,2.0,397,201,0.3,4.9,3.0,3.0,1.8,362.0,161.0,100.0,100.0,322.0,143.0,245.0,149.0,87.0,54.0,249.0,122.0,,,,,,,,0.42,0.08,0.5,0.88,0.0,0.31,0.47,1.1,5.96,24,4.0,29.0,0.0,1.0,0.0,0.0,0.0,0.0,0.0,0.0,0.0,0.0,0.0,0.0,19.0,458.0,260.0,0.0,0.11000000000000032,0.29000000000000004,0.40000000000000036,0.03000000000000025,22.200000000000003,14.199999999999989,17.0,5.299999999999997,0.0,1.0,3.0,4.0
20,Leandro,Trossard,Trossard,a,,,6.8,44,26.0,1.4,158,54.0,1.8,203.0,90.0,3,0,0.0,-2,2.0,845,2120,0.3,12.6,2.8,2.8,4.3,49.0,21.0,100.0,100.0,102.0,34.0,45.0,40.0,38.0,22.0,37.0,27.0,,,4.0,,,,,0.29,0.15,0.44,0.61,0.0,0.47,0.75,0.95,5.7,24,3.0,80.0,0.0,0.0,1.0,0.0,0.0,0.0,0.0,0.0,0.0,0.0,1.0,0.0,13.0,1373.0,2877.0,0.0,0.019999999999999574,0.1499999999999999,0.16999999999999993,0.11999999999999922,11.0,15.5,4.0,3.1000000000000085,2.0,4.0,2.0,8.0
21,Declan,Rice,Rice,a,,,7.5,21,15.0,32.2,9,2.0,5.4,16.0,8.0,3,1,-1.0,10,-10.0,17317,16407,0.7,17.2,6.4,6.4,5.6,8.0,5.0,100.0,100.0,11.0,2.0,3.0,3.0,74.0,46.0,7.0,5.0,1.0,1.0,,,,,,0.13,0.23,0.36,0.6,0.0,0.5,0.73,1.01,10.76,24,3.0,90.0,0.0,0.0,1.0,0.0,0.0,0.0,0.0,0.0,0.0,0.0,1.0,0.0,20.0,25538.0,20138.0,0.0,0.0,0.39999999999999947,0.40000000000000036,0.15000000000000036,19.200000000000045,44.39999999999998,4.0,6.800000000000011,2.0,4.0,3.0,9.0
22,Mikel,Merino Zazón,Merino,a,,,5.5,141,87.0,1.4,157,53.0,1.8,199.0,87.0,0,0,0.0,-5,5.0,482,1829,0.3,12.0,2.8,2.8,3.1,176.0,77.0,,,144.0,49.0,136.0,96.0,78.0,49.0,111.0,61.0,,,,,,,,0.27,0.13,0.4,0.6,0.0,0.36,0.81,0.9,10.03,24,0.0,0.0,0.0,0.0,0.0,0.0,0.0,0.0,0.0,0.0,0.0,0.0,0.0,0.0,0.0,699.0,2231.0,0.0,0.0,0.0,0.0,0.0,0.0,0.0,0.0,0.0,0.0,0.0,0.0,0.0
23,Fábio,Ferreira Vieira,Fábio Vieira,u,has joined Hamburger on loan for the rest of the season.,,5.4,172,107.0,0.0,671,277.0,0.0,778.0,343.0,0,0,0.0,-1,1.0,0,0,0.0,0.0,0.0,0.0,0.0,788.0,349.0,0.0,0.0,788.0,349.0,787.0,349.0,783.0,348.0,788.0,349.0,,,,,,,,0.0,0.0,0.0,0.0,0.0,0.0,0.0,0.0,0.0,24,0.0,0.0,0.0,0.0,0.0,0.0,0.0,0.0,0.0,0.0,0.0,0.0,0.0,0.0,0.0,0.0,0.0,0.0,0.0,0.0,0.0,0.0,0.0,0.0,0.0,0.0,0.0,0.0,0.0,0.0
24,Christian,Nørgaard,Nørgaard,a,,,5.1,225,138.0,0.1,431,144.0,0.0,757.0,330.0,0,0,0.0,-4,4.0,30,20,0.0,0.6,1.0,1.0,1.0,478.0,224.0,100.0,100.0,439.0,197.0,462.0,225.0,403.0,197.0,450.0,204.0,,,,,,,,0.15,0.0,0.15,6.27,0.0,0.0,2.9,0.0,23.23,24,0.0,0.0,0.0,0.0,0.0,0.0,0.0,0.0,0.0,0.0,0.0,0.0,0.0,0.0,0.0,33.0,21.0,0.0,0.0,0.0,0.0,0.0,0.0,0.0,0.0,0.0,0.0,0.0,0.0,0.0
25,Ethan,Nwaneri,Nwaneri,u,has joined Marseille on loan for the rest of the season.,,5.0,270,163.0,0.1,436,147.0,0.0,748.0,323.0,0,0,0.0,-5,5.0,0,57,0.0,1.6,0.0,0.0,1.3,419.0,188.0,0.0,0.0,447.0,201.0,371.0,190.0,348.0,181.0,425.0,191.0,,,,,,,,0.13,0.04,0.17,0.4,0.0,0.55,0.0,0.0,7.09,24,0.0,0.0,0.0,0.0,0.0,0.0,0.0,0.0,0.0,0.0,0.0,0.0,0.0,0.0,0.0,0.0,63.0,0.0,0.0,0.0,0.0,0.0,0.0,0.0,0.0,0.0,0.0,0.0,0.0,0.0
26,Martín,Zubimendi Ibáñez,Zubimendi,a,,,5.2,216,133.0,2.2,119,40.0,4.6,25.0,13.0,11,0,0.0,-3,3.0,3893,425,0.9,17.7,5.6,5.6,3.8,93.0,42.0,100.0,100.0,56.0,15.0,71.0,54.0,88.0,55.0,57.0,37.0,,,,,,,,0.11,0.07,0.18,0.7,0.0,0.54,0.68,1.04,9.25,24,11.0,90.0,1.0,0.0,1.0,0.0,0.0,0.0,0.0,0.0,0.0,0.0,1.0,3.0,35.0,4136.0,684.0,0.0,0.34999999999999964,0.010000000000000009,0.3599999999999999,0.15000000000000036,45.39999999999998,2.6000000000000227,35.0,8.299999999999997,2.0,3.0,6.0,11.0
28,Ismeal,Kabia,Kabia,u,has joined Shrewsbury Town on loan for the rest of the season.,,4.5,480,293.0,0.1,474,163.0,0.0,670.0,265.0,0,0,0.0,0,0.0,0,6,0.0,0.0,0.0,0.0,0.0,718.0,297.0,0.0,0.0,717.0,296.0,712.0,296.0,695.0,291.0,717.0,296.0,,,,,,,,0.0,0.0,0.0,0.0,0.0,0.0,0.0,0.0,0.0,24,0.0,0.0,0.0,0.0,0.0,0.0,0.0,0.0,0.0,0.0,0.0,0.0,0.0,0.0,0.0,0.0,9.0,0.0,0.0,0.0,0.0,0.0,0.0,0.0,0.0,0.0,0.0,0.0,0.0,0.0
29,Albert,Sambi Lokonga,Sambi,u,has joined Hamburger permanently.,,4.5,426,254.0,0.1,581,216.0,0.0,631.0,232.0,0,0,0.0,0,0.0,0,4,0.0,0.0,0.0,0.0,0.0,684.0,269.0,0.0,0.0,679.0,264.0,676.0,267.0,655.0,259.0,681.0,266.0,,,,,,,,0.0,0.0,0.0,0.0,0.0,0.0,0.0,0.0,0.0,24,0.0,0.0,0.0,0.0,0.0,0.0,0.0,0.0,0.0,0.0,0.0,0.0,0.0,0.0,0.0,0.0,4.0,0.0,0.0,0.0,0.0,0.0,0.0,0.0,0.0,0.0,0.0,0.0,0.0,0.0
30,Kai,Havertz,Havertz,a,,,7.3,25,10.0,0.4,267,43.0,0.4,362.0,43.0,2,0,0.0,-2,2.0,897,264,0.1,0.4,1.4,1.4,1.5,401.0,47.0,100.0,100.0,442.0,51.0,398.0,51.0,422.0,56.0,448.0,53.0,,,,,,,,0.0,0.02,0.02,0.94,0.0,1.0,0.0,1.0,7.0,24,2.0,60.0,0.0,0.0,1.0,0.0,0.0,0.0,0.0,0.0,0.0,0.0,1.0,0.0,11.0,1344.0,333.0,0.0,0.0,0.01,0.01,0.12,7.6000000000000005,10.7,2.0,2.0,1.0,2.0,1.0,4.0
31,Gabriel,Fernando de Jesus,G.Jesus,a,,,6.4,56,20.0,0.5,254,41.0,1.8,201.0,25.0,5,0,0.0,-1,1.0,2972,769,0.3,2.5,2.8,2.8,1.8,361.0,41.0,100.0,100.0,327.0,31.0,374.0,47.0,118.0,29.0,296.0,35.0,,,,,,,,0.71,0.06,0.77,1.32,0.0,0.0,2.05,0.41,8.59,24,5.0,14.0,1.0,0.0,0.0,0.0,0.0,0.0,0.0,0.0,0.0,0.0,0.0,0.0,26.0,3404.0,973.0,0.0,0.74,0.0,0.74,0.03000000000000025,38.400000000000006,0.3000000000000007,45.0,8.400000000000002,0.0,0.0,0.0,0.0
266,Eberechi,Eze,Eze,a,,,7.2,32,20.0,8.1,49,17.0,0.6,325.0,147.0,1,-1,1.0,-3,3.0,315,4145,0.1,9.6,1.6,1.6,3.6,117.0,55.0,,,180.0,73.0,144.0,99.0,63.0,39.0,113.0,62.0,,,,,,,,0.22,0.14,0.36,0.55,0.0,0.51,0.6,1.02,5.89,24,1.0,9.0,0.0,0.0,0.0,0.0,0.0,0.0,0.0,0.0,0.0,0.0,0.0,0.0,4.0,430.0,5183.0,0.0,0.0,0.0,0.0,0.02999999999999936,1.599999999999966,0.09999999999999432,0.0,0.20000000000000284,0.0,0.0,1.0,1.0
662,Cristhian,Mosquera,Mosquera,a,,,5.3,203,27.0,0.1,430,161.0,0.0,770.0,260.0,0,0,0.0,-2,2.0,52,31,0.0,3.2,1.0,1.0,1.7,369.0,137.0,100.0,100.0,345.0,130.0,370.0,134.0,396.0,149.0,391.0,141.0,,,,,,,,0.0,0.09,0.09,0.56,0.0,0.21,0.84,0.84,7.34,24,0.0,0.0,0.0,0.0,0.0,0.0,0.0,0.0,0.0,0.0,0.0,0.0,0.0,0.0,0.0,58.0,36.0,0.0,0.0,0.0,0.0,0.0,0.0,0.0,0.0,0.0,0.0,0.0,0.0,0.0
666,Viktor,Gyökeres,Gyökeres,a,,,8.7,9,5.0,9.4,44,8.0,2.8,129.0,18.0,8,0,0.0,-3,3.0,5261,1199,0.3,7.4,3.8,3.8,2.9,212.0,20.0,100.0,100.0,197.0,15.0,164.0,15.0,20.0,12.0,75.0,14.0,,,2.0,,,,,0.43,0.06,0.49,0.61,0.0,0.62,0.43,1.12,3.35,24,8.0,75.0,1.0,0.0,1.0,0.0,0.0,0.0,0.0,0.0,0.0,0.0,1.0,2.0,32.0,6257.0,1639.0,0.0,0.5599999999999996,0.010000000000000009,0.5700000000000003,0.120000000000001,36.19999999999999,12.399999999999977,44.0,9.300000000000011,1.0,2.0,2.0,5.0
700,Max,Dowman,Dowman,i,Ankle injury - Unknown return date,,4.2,645,363.0,0.4,283,93.0,0.0,556.0,189.0,0,0,0.0,-3,3.0,639,274,0.0,1.2,0.0,0.0,2.5,252.0,110.0,0.0,0.0,479.0,222.0,453.0,219.0,338.0,177.0,444.0,202.0,,,,,,,,0.47,0.07,0.54,0.4,0.0,0.0,0.0,0.0,10.0,24,0.0,0.0,0.0,0.0,0.0,0.0,0.0,0.0,0.0,0.0,0.0,0.0,0.0,0.0,0.0,840.0,355.0,0.0,0.0,0.0,0.0,0.0,0.0,0.0,0.0,0.0,0.0,0.0,0.0,0.0
711,Andre,Harriman-Annous,Harriman-Annous,a,,,4.4,564,338.0,0.0,697,295.0,0.0,616.0,225.0,0,0,0.0,-1,1.0,3,6,0.0,0.0,1.0,1.0,0.0,673.0,263.0,,,668.0,258.0,663.0,261.0,640.0,252.0,670.0,260.0,,,,,,,,0.0,0.0,0.0,0.0,0.0,0.0,0.0,0.0,0.0,24,0.0,0.0,0.0,0.0,0.0,0.0,0.0,0.0,0.0,0.0,0.0,0.0,0.0,0.0,0.0,3.0,6.0,0.0,0.0,0.0,0.0,0.0,0.0,0.0,0.0,0.0,0.0,0.0,0.0,0.0
725,Piero,Hincapié,Hincapie,a,,,5.1,235,34.0,0.6,224,86.0,1.6,218.0,83.0,6,0,0.0,-4,4.0,673,230,0.3,8.0,2.6,2.6,2.9,204.0,82.0,100.0,100.0,220.0,89.0,286.0,93.0,349.0,117.0,300.0,100.0,,,,,,,,0.0,0.07,0.07,0.88,0.0,0.26,0.97,1.06,8.03,24,6.0,74.0,0.0,0.0,1.0,0.0,0.0,0.0,0.0,0.0,0.0,0.0,1.0,0.0,21.0,797.0,797.0,0.0,0.0,0.010000000000000009,0.010000000000000009,0.11999999999999922,13.199999999999989,2.1000000000000014,4.0,1.8999999999999986,2.0,4.0,2.0,6.0
759,Marli,Salmon,Salmon,a,,,4.0,718,201.0,0.0,696,239.0,0.0,532.0,221.0,0,0,0.0,0,0.0,10,14,0.0,0.0,1.0,1.0,0.0,610.0,236.0,,,601.0,236.0,594.0,236.0,562.0,232.0,603.0,236.0,,,,,,,,0.0,0.0,0.0,0.0,0.0,0.0,0.0,0.0,0.0,24,0.0,0.0,0.0,0.0,0.0,0.0,0.0,0.0,0.0,0.0,0.0,0.0,0.0,0.0,0.0,13.0,15.0,0.0,0.0,0.0,0.0,0.0,0.0,0.0,0.0,0.0,0.0,0.0,0.0,0.0
32,Emiliano,Martínez Romero,Martinez,a,,,5.0,243,7.0,3.3,98,15.0,3.2,84.0,9.0,0,0,0.0,0,0.0,2036,574,0.6,15.2,3.2,3.2,4.0,65.0,5.0,100.0,100.0,64.0,13.0,436.0,12.0,756.0,85.0,237.0,12.0,,,,,,,,0.0,0.0,0.0,1.35,2.97,0.27,0.92,1.03,0.0,24,0.0,0.0,0.0,0.0,0.0,0.0,0.0,0.0,0.0,0.0,0.0,0.0,0.0,0.0,0.0,2957.0,909.0,0.0,0.0,0.0,0.0,0.0,0.0,0.0,0.0,0.0,0.0,0.0,0.0,0.0
33,Marco,Bizot,M.Bizot,a,,,4.2,622,32.0,0.4,271,35.0,0.4,332.0,22.0,0,0,0.0,-3,3.0,17,45,0.1,2.6,0.4,0.4,2.2,293.0,24.0,,,336.0,27.0,604.0,74.0,573.0,59.0,403.0,27.0,,,,,,,,0.0,0.0,0.0,1.9,2.89,0.22,1.78,0.89,0.0,24,0.0,0.0,0.0,0.0,0.0,0.0,0.0,0.0,0.0,0.0,0.0,0.0,0.0,0.0,0.0,19.0,58.0,0.0,0.0,0.0,0.0,0.0,0.0,0.0,0.0,0.0,0.0,0.0,0.0,0.0
39,Ian,Maatsen,Maatsen,a,,,4.2,632,149.0,0.5,246,93.0,2.0,170.0,60.0,0,0,0.0,-3,3.0,350,118,0.5,6.0,2.0,2.0,1.5,389.0,142.0,,,255.0,104.0,139.0,33.0,194.0,44.0,219.0,72.0,5.0,,,,,,,0.07,0.13,0.2,1.6,0.0,0.11,1.38,0.95,7.09,24,0.0,0.0,0.0,0.0,0.0,0.0,0.0,0.0,0.0,0.0,0.0,0.0,0.0,0.0,0.0,530.0,169.0,0.0,0.0,0.0,0.0,0.0,0.0,0.0,0.0,0.0,0.0,0.0,0.0,0.0
40,Tyrone,Mings,Mings,a,,,4.3,571,125.0,0.6,244,92.0,0.2,369.0,138.0,0,0,0.0,-2,2.0,157,34,0.0,5.8,0.2,0.2,3.1,168.0,68.0,100.0,100.0,294.0,111.0,329.0,112.0,341.0,113.0,349.0,121.0,,,,,,,,0.06,0.02,0.08,1.57,0.0,0.35,1.05,1.05,7.73,24,0.0,0.0,0.0,0.0,0.0,0.0,0.0,0.0,0.0,0.0,0.0,0.0,0.0,0.0,0.0,191.0,43.0,0.0,0.0,0.0,0.0,0.0,0.0,0.0,0.0,0.0,0.0,0.0,0.0,0.0
46,Yasin,Özcan,Yasin,u,has joined Anderlecht on loan for the rest of the season.,,4.0,708,192.0,0.1,453,167.0,0.0,524.0,214.0,0,0,0.0,0,0.0,0,7,0.0,0.0,0.0,0.0,0.0,602.0,229.0,0.0,0.0,593.0,229.0,586.0,229.0,554.0,225.0,595.0,229.0,,,,,,,,0.0,0.0,0.0,0.0,0.0,0.0,0.0,0.0,0.0,24,0.0,0.0,0.0,0.0,0.0,0.0,0.0,0.0,0.0,0.0,0.0,0.0,0.0,0.0,0.0,0.0,9.0,0.0,0.0,0.0,0.0,0.0,0.0,0.0,0.0,0.0,0.0,0.0,0.0,0.0
47,Morgan,Rogers,Rogers,a,,,7.7,19,14.0,31.6,10,3.0,3.6,68.0,29.0,0,0,0.0,7,-7.0,8663,10432,0.5,14.4,3.6,3.6,4.8,25.0,10.0,100.0,100.0,42.0,10.0,31.0,30.0,17.0,8.0,14.0,11.0,,,,,,,,0.19,0.11,0.3,1.44,0.0,0.31,1.1,1.01,6.11,24,0.0,0.0,0.0,0.0,0.0,0.0,0.0,0.0,0.0,0.0,0.0,0.0,0.0,0.0,0.0,15670.0,14399.0,0.0,0.0,0.0,0.0,0.0,0.0,0.0,0.0,0.0,0.0,0.0,0.0,0.0
48,Youri,Tielemans,Tielemans,i,Ankle injury - Expected back 11 Apr,,5.9,94,59.0,0.9,195,65.0,3.0,108.0,46.0,0,0,0.0,-1,1.0,4,3005,0.5,8.8,0.0,0.0,3.1,179.0,78.0,0.0,0.0,132.0,45.0,33.0,31.0,151.0,86.0,74.0,46.0,3.0,,,,,,,0.07,0.18,0.25,1.6,0.0,0.28,1.18,1.04,9.59,24,0.0,0.0,0.0,0.0,0.0,0.0,0.0,0.0,0.0,0.0,0.0,0.0,0.0,0.0,0.0,5.0,3584.0,0.0,0.0,0.0,0.0,0.0,0.0,0.0,0.0,0.0,0.0,0.0,0.0,0.0
49,Leon,Bailey,Bailey,a,,,5.5,142,88.0,0.1,503,178.0,0.2,402.0,186.0,0,0,0.0,0,0.0,66,8,0.0,0.2,0.2,0.2,1.0,484.0,229.0,100.0,100.0,457.0,208.0,441.0,212.0,404.0,198.0,463.0,214.0,,,,,,,,0.06,0.09,0.15,0.73,0.0,0.0,0.0,0.0,20.32,24,0.0,0.0,0.0,0.0,0.0,0.0,0.0,0.0,0.0,0.0,0.0,0.0,0.0,0.0,0.0,87.0,13.0,0.0,0.0,0.0,0.0,0.0,0.0,0.0,0.0,0.0,0.0,0.0,0.0,0.0
50,Emiliano,Buendía Stati,Buendía,a,,,5.3,190,117.0,0.5,249,84.0,3.2,88.0,39.0,0,0,0.0,-2,2.0,949,225,0.6,13.4,3.2,3.2,3.4,138.0,62.0,100.0,100.0,149.0,54.0,105.0,76.0,84.0,52.0,103.0,57.0,,6.0,2.0,,,,,0.21,0.11,0.32,1.5,0.0,0.29,0.87,1.06,10.67,24,0.0,0.0,0.0,0.0,0.0,0.0,0.0,0.0,0.0,0.0,0.0,0.0,0.0,0.0,0.0,1636.0,355.0,0.0,0.0,0.0,0.0,0.0,0.0,0.0,0.0,0.0,0.0,0.0,0.0,0.0
51,Samuel,Iling-Junior,Iling Jr,u,has joined West Bromwich Albion on loan for the rest of the season,,5.5,150,94.0,0.0,673,278.0,0.0,788.0,351.0,0,0,0.0,0,0.0,0,1,0.0,0.0,0.0,0.0,0.0,795.0,354.0,0.0,0.0,795.0,354.0,794.0,354.0,791.0,353.0,795.0,354.0,,,,,,,,0.0,0.0,0.0,0.0,0.0,0.0,0.0,0.0,0.0,24,0.0,0.0,0.0,0.0,0.0,0.0,0.0,0.0,0.0,0.0,0.0,0.0,0.0,0.0,0.0,0.0,1.0,0.0,0.0,0.0,0.0,0.0,0.0,0.0,0.0,0.0,0.0,0.0,0.0,0.0
53,Donyell,Malen,Malen,u,has joined Roma on loan for the rest of the season.,,5.1,228,140.0,0.5,259,87.0,0.4,349.0,155.0,0,0,0.0,-4,4.0,0,375,0.1,10.8,0.0,0.0,2.6,246.0,106.0,0.0,0.0,244.0,104.0,226.0,140.0,60.0,36.0,173.0,94.0,,,,,,,,0.57,0.05,0.62,1.49,0.0,0.14,1.41,0.7,2.25,24,0.0,0.0,0.0,0.0,0.0,0.0,0.0,0.0,0.0,0.0,0.0,0.0,0.0,0.0,0.0,0.0,498.0,0.0,0.0,0.0,0.0,0.0,0.0,0.0,0.0,0.0,0.0,0.0,0.0,0.0
54,John,McGinn,McGinn,i,Knee injury - Expected back 21 Mar,,5.4,159,98.0,0.7,215,74.0,3.8,56.0,23.0,0,0,0.0,-1,1.0,16,1860,0.7,13.1,0.0,0.0,3.2,163.0,70.0,0.0,0.0,139.0,47.0,38.0,35.0,109.0,65.0,70.0,44.0,4.0,,,,,,,0.14,0.11,0.25,1.5,0.0,0.4,1.19,1.19,7.13,24,0.0,0.0,0.0,0.0,0.0,0.0,0.0,0.0,0.0,0.0,0.0,0.0,0.0,0.0,0.0,17.0,2326.0,0.0,0.0,0.0,0.0,0.0,0.0,0.0,0.0,0.0,0.0,0.0,0.0,0.0
55,Ross,Barkley,Barkley,d,Lack of match fitness - 75% chance of playing,,4.8,349,218.0,0.0,623,244.0,0.0,703.0,291.0,0,0,0.0,-2,2.0,1,8,0.0,3.1,0.0,0.0,2.1,309.0,136.0,75.0,75.0,387.0,169.0,348.0,182.0,289.0,153.0,372.0,173.0,,,,,,,,0.34,0.13,0.47,1.11,0.0,0.0,0.0,0.0,11.84,24,0.0,0.0,0.0,0.0,0.0,0.0,0.0,0.0,0.0,0.0,0.0,0.0,0.0,0.0,0.0,2.0,9.0,0.0,0.0,0.0,0.0,0.0,0.0,0.0,0.0,0.0,0.0,0.0,0.0,0.0
56,Enzo,Barrenechea,Barrenechea,u,Season-long loan to Benfica,,5.0,266,161.0,0.0,808,362.0,0.0,747.0,322.0,0,0,0.0,0,0.0,0,0,0.0,0.0,0.0,0.0,0.0,774.0,339.0,0.0,0.0,774.0,339.0,772.0,339.0,765.0,337.0,774.0,339.0,,,,,,,,0.0,0.0,0.0,0.0,0.0,0.0,0.0,0.0,0.0,24,0.0,0.0,0.0,0.0,0.0,0.0,0.0,0.0,0.0,0.0,0.0,0.0,0.0,0.0,0.0,0.0,0.0,0.0,0.0,0.0,0.0,0.0,0.0,0.0,0.0,0.0,0.0,0.0,0.0,0.0
57,Lewis,Dobbin,Dobbin,u,Has joined Preston North End on loan for the rest of the season.,,5.0,259,158.0,0.0,655,268.0,0.0,743.0,319.0,0,0,0.0,0,0.0,0,3,0.0,0.0,0.0,0.0,0.0,770.0,336.0,0.0,0.0,770.0,336.0,767.0,336.0,761.0,334.0,770.0,336.0,,,,,,,,0.0,0.0,0.0,0.0,0.0,0.0,0.0,0.0,0.0,24,0.0,0.0,0.0,0.0,0.0,0.0,0.0,0.0,0.0,0.0,0.0,0.0,0.0,0.0,0.0,0.0,3.0,0.0,0.0,0.0,0.0,0.0,0.0,0.0,0.0,0.0,0.0,0.0,0.0,0.0
58,Boubacar,Kamara,Kamara,i,Knee injury - Expected back 01 Jun,,4.9,314,194.0,0.3,332,112.0,1.4,236.0,99.0,0,0,0.0,-1,1.0,6,416,0.3,12.4,0.0,0.0,3.4,136.0,61.0,0.0,0.0,120.0,42.0,99.0,74.0,254.0,137.0,145.0,80.0,,,,,,,,0.03,0.05,0.08,1.33,0.0,0.32,0.96,1.09,9.51,24,0.0,0.0,0.0,0.0,0.0,0.0,0.0,0.0,0.0,0.0,0.0,0.0,0.0,0.0,0.0,9.0,559.0,0.0,0.0,0.0,0.0,0.0,0.0,0.0,0.0,0.0,0.0,0.0,0.0,0.0
59,Amadou,Onana,Onana,a,,,4.8,365,227.0,0.6,227,78.0,1.0,268.0,115.0,0,0,0.0,-2,2.0,318,152,0.2,10.6,1.0,1.0,3.4,134.0,60.0,100.0,100.0,179.0,72.0,270.0,161.0,260.0,140.0,251.0,124.0,,,,,,,,0.04,0.02,0.06,1.49,0.0,0.37,1.02,1.11,12.01,24,0.0,0.0,0.0,0.0,0.0,0.0,0.0,0.0,0.0,0.0,0.0,0.0,0.0,0.0,0.0,406.0,195.0,0.0,0.0,0.0,0.0,0.0,0.0,0.0,0.0,0.0,0.0,0.0,0.0,0.0
61,Leander,Dendoncker,Dendoncker,u,Has joined Real Oviedo permanently.,,4.5,408,248.0,0.1,520,185.0,0.0,619.0,226.0,0,0,0.0,0,0.0,0,4,0.0,0.0,0.0,0.0,0.0,676.0,264.0,0.0,0.0,671.0,259.0,666.0,262.0,643.0,253.0,673.0,261.0,,,,,,,,0.0,0.0,0.0,0.0,0.0,0.0,0.0,0.0,0.0,24,0.0,0.0,0.0,0.0,0.0,0.0,0.0,0.0,0.0,0.0,0.0,0.0,0.0,0.0,0.0,0.0,6.0,0.0,0.0,0.0,0.0,0.0,0.0,0.0,0.0,0.0,0.0,0.0,0.0,0.0
62,Jamaldeen,Jimoh-Aloba,Jimoh-Aloba,a,,,4.5,467,284.0,0.1,531,189.0,0.0,659.0,258.0,0,0,0.0,0,0.0,44,21,0.0,0.2,0.0,0.0,1.0,460.0,209.0,,,487.0,224.0,467.0,228.0,684.0,284.0,489.0,226.0,,,,,,,,0.0,0.0,0.0,6.86,0.0,0.0,0.0,0.0,11.25,24,0.0,0.0,0.0,0.0,0.0,0.0,0.0,0.0,0.0,0.0,0.0,0.0,0.0,0.0,0.0,54.0,25.0,0.0,0.0,0.0,0.0,0.0,0.0,0.0,0.0,0.0,0.0,0.0,0.0,0.0
63,Kadan,Young,Young,a,,,4.3,603,349.0,0.6,226,77.0,0.0,570.0,197.0,0,0,0.0,-2,2.0,378,191,0.0,0.0,0.0,0.0,0.0,637.0,240.0,,,628.0,231.0,625.0,236.0,598.0,224.0,630.0,233.0,,,,,,,,0.0,0.0,0.0,0.0,0.0,0.0,0.0,0.0,0.0,24,0.0,0.0,0.0,0.0,0.0,0.0,0.0,0.0,0.0,0.0,0.0,0.0,0.0,0.0,0.0,499.0,263.0,0.0,0.0,0.0,0.0,0.0,0.0,0.0,0.0,0.0,0.0,0.0,0.0,0.0
64,Ollie,Watkins,Watkins,d,Hamstring injury - 75% chance of playing,,8.8,7,3.0,11.7,35,6.0,3.8,62.0,9.0,0,0,0.0,-2,2.0,855,28764,0.4,10.3,2.8,2.8,4.0,76.0,7.0,75.0,75.0,91.0,8.0,134.0,8.0,3.0,3.0,23.0,5.0,,,3.0,,,,,0.49,0.05,0.54,1.44,0.0,0.36,1.14,1.03,3.26,24,0.0,0.0,0.0,0.0,0.0,0.0,0.0,0.0,0.0,0.0,0.0,0.0,0.0,0.0,0.0,1376.0,37374.0,0.0,0.0,0.0,0.0,0.0,0.0,0.0,0.0,0.0,0.0,0.0,0.0,0.0
65,Zépiqueno,Redmond,Redmond,u,has joined Huddersfield Town on loan for the rest of the season.,,4.5,477,68.0,0.3,318,53.0,0.0,668.0,65.0,0,0,0.0,0,0.0,0,20,0.0,0.0,0.0,0.0,0.0,716.0,75.0,0.0,0.0,714.0,75.0,710.0,74.0,693.0,74.0,715.0,75.0,,,,,,,,0.0,0.0,0.0,0.0,0.0,0.0,0.0,0.0,0.0,24,0.0,0.0,0.0,0.0,0.0,0.0,0.0,0.0,0.0,0.0,0.0,0.0,0.0,0.0,0.0,0.0,22.0,0.0,0.0,0.0,0.0,0.0,0.0,0.0,0.0,0.0,0.0,0.0,0.0,0.0
389,Harvey,Elliott,Elliott,a,,,5.1,234,144.0,0.2,390,133.0,0.0,759.0,332.0,0,0,0.0,-4,4.0,89,44,0.0,0.8,0.0,0.0,1.0,479.0,225.0,100.0,100.0,448.0,202.0,383.0,192.0,365.0,185.0,436.0,198.0,,,,,,,,0.18,0.06,0.24,1.61,0.0,0.0,1.86,0.93,4.64,24,0.0,0.0,0.0,0.0,0.0,0.0,0.0,0.0,0.0,0.0,0.0,0.0,0.0,0.0,0.0,98.0,49.0,0.0,0.0,0.0,0.0,0.0,0.0,0.0,0.0,0.0,0.0,0.0,0.0,0.0
456,Jadon,Sancho,Sancho,a,,,5.8,106,68.0,0.2,363,120.0,1.0,279.0,125.0,0,0,0.0,-2,2.0,156,76,0.2,2.6,1.0,1.0,1.2,427.0,192.0,100.0,100.0,399.0,175.0,238.0,146.0,204.0,110.0,324.0,157.0,,,,,,,,0.1,0.15,0.25,1.51,0.0,0.25,0.5,0.75,5.25,24,0.0,0.0,0.0,0.0,0.0,0.0,0.0,0.0,0.0,0.0,0.0,0.0,0.0,0.0,0.0,183.0,84.0,0.0,0.0,0.0,0.0,0.0,0.0,0.0,0.0,0.0,0.0,0.0,0.0,0.0
677,Evann,Guessand,Guessand,a,,,6.2,77,50.0,0.0,619,240.0,0.4,357.0,160.0,0,0,0.0,-3,3.0,49,9,0.1,4.0,0.4,0.4,1.9,346.0,153.0,100.0,100.0,337.0,148.0,307.0,174.0,165.0,94.0,308.0,148.0,,,,,,,,0.18,0.06,0.24,1.36,0.0,0.15,1.54,0.93,8.49,24,0.0,0.0,0.0,0.0,0.0,0.0,0.0,0.0,0.0,0.0,0.0,0.0,0.0,0.0,0.0,55.0,9.0,0.0,0.0,0.0,0.0,0.0,0.0,0.0,0.0,0.0,0.0,0.0,0.0,0.0
688,James,Wright,Wright,a,,,3.9,756,82.0,0.6,234,30.0,0.0,457.0,43.0,0,0,0.0,-1,1.0,57,99,0.0,0.0,0.0,0.0,0.0,538.0,49.0,,,529.0,49.0,520.0,36.0,485.0,21.0,531.0,49.0,,,,,,,,0.0,0.0,0.0,0.0,0.0,0.0,0.0,0.0,0.0,24,0.0,0.0,0.0,0.0,0.0,0.0,0.0,0.0,0.0,0.0,0.0,0.0,0.0,0.0,0.0,65.0,119.0,0.0,0.0,0.0,0.0,0.0,0.0,0.0,0.0,0.0,0.0,0.0,0.0,0.0
699,Douglas Luiz,Soares de Paulo,Douglas Luiz,a,,,4.9,316,195.0,0.1,549,199.0,0.2,392.0,180.0,0,0,0.0,-1,1.0,143,25,0.0,2.2,0.2,0.2,1.4,408.0,182.0,100.0,100.0,390.0,172.0,261.0,158.0,344.0,180.0,369.0,172.0,,,,,,,,0.04,0.18,0.22,1.28,0.0,0.0,2.01,1.43,11.18,24,0.0,0.0,0.0,0.0,0.0,0.0,0.0,0.0,0.0,0.0,0.0,0.0,0.0,0.0,0.0,234.0,38.0,0.0,0.0,0.0,0.0,0.0,0.0,0.0,0.0,0.0,0.0,0.0,0.0,0.0
701,Triston,Rowe,Rowe,u,has joined Annecy on loan for the rest of the season.,,4.0,704,188.0,0.1,523,188.0,0.0,520.0,210.0,0,0,0.0,0,0.0,0,5,0.0,0.0,0.0,0.0,0.0,599.0,226.0,0.0,0.0,590.0,226.0,583.0,226.0,551.0,222.0,592.0,226.0,,,,,,,,0.0,0.0,0.0,0.0,0.0,0.0,0.0,0.0,0.0,24,0.0,0.0,0.0,0.0,0.0,0.0,0.0,0.0,0.0,0.0,0.0,0.0,0.0,0.0,0.0,0.0,7.0,0.0,0.0,0.0,0.0,0.0,0.0,0.0,0.0,0.0,0.0,0.0,0.0,0.0
702,Bradley,Burrowes,Burrowes,a,,,4.4,563,337.0,0.1,530,188.0,0.0,615.0,224.0,0,0,0.0,-1,1.0,7,20,0.0,0.2,0.0,0.0,1.0,455.0,205.0,,,667.0,257.0,465.0,227.0,639.0,251.0,669.0,259.0,,,,,,,,0.0,0.0,0.0,5.06,0.0,0.0,5.62,0.0,5.62,24,0.0,0.0,0.0,0.0,0.0,0.0,0.0,0.0,0.0,0.0,0.0,0.0,0.0,0.0,0.0,8.0,20.0,0.0,0.0,0.0,0.0,0.0,0.0,0.0,0.0,0.0,0.0,0.0,0.0,0.0
703,Sam,Proctor,Proctor,a,,,3.9,767,90.0,0.6,236,31.0,0.0,468.0,51.0,0,0,0.0,-1,1.0,161,169,0.0,0.0,0.0,0.0,0.0,549.0,57.0,,,540.0,57.0,531.0,44.0,496.0,29.0,542.0,57.0,,,,,,,,0.0,0.0,0.0,0.0,0.0,0.0,0.0,0.0,0.0,24,0.0,0.0,0.0,0.0,0.0,0.0,0.0,0.0,0.0,0.0,0.0,0.0,0.0,0.0,0.0,181.0,215.0,0.0,0.0,0.0,0.0,0.0,0.0,0.0,0.0,0.0,0.0,0.0,0.0,0.0
710,Travis,Patterson,Patterson,a,,,3.9,764,224.0,0.2,369,134.0,0.0,465.0,182.0,0,0,0.0,-1,1.0,15,24,0.0,0.0,0.0,0.0,0.0,546.0,200.0,,,537.0,200.0,528.0,200.0,493.0,193.0,539.0,200.0,,,,,,,,0.0,0.0,0.0,0.0,0.0,0.0,0.0,0.0,0.0,24,0.0,0.0,0.0,0.0,0.0,0.0,0.0,0.0,0.0,0.0,0.0,0.0,0.0,0.0,0.0,17.0,28.0,0.0,0.0,0.0,0.0,0.0,0.0,0.0,0.0,0.0,0.0,0.0,0.0,0.0
719,Victor,Lindelöf,Lindelöf,a,,,4.5,412,76.0,0.1,459,168.0,1.8,189.0,69.0,0,0,0.0,0,0.0,76,42,0.4,4.7,1.8,1.8,1.9,336.0,128.0,100.0,100.0,297.0,113.0,362.0,130.0,391.0,147.0,363.0,128.0,,,,,,,,0.0,0.01,0.01,1.71,0.0,0.16,1.43,0.95,5.72,24,0.0,0.0,0.0,0.0,0.0,0.0,0.0,0.0,0.0,0.0,0.0,0.0,0.0,0.0,0.0,94.0,54.0,0.0,0.0,0.0,0.0,0.0,0.0,0.0,0.0,0.0,0.0,0.0,0.0,0.0
754,George,Hemmings,George Hemmings,a,,,4.5,478,291.0,0.0,754,324.0,0.2,381.0,172.0,0,0,0.0,0,0.0,5,5,0.0,0.4,0.2,0.2,1.0,463.0,212.0,,,715.0,294.0,443.0,214.0,433.0,214.0,482.0,223.0,,,,,,,,0.14,0.04,0.18,2.2,0.0,0.0,0.0,0.0,3.6,24,0.0,0.0,0.0,0.0,0.0,0.0,0.0,0.0,0.0,0.0,0.0,0.0,0.0,0.0,0.0,7.0,5.0,0.0,0.0,0.0,0.0,0.0,0.0,0.0,0.0,0.0,0.0,0.0,0.0,0.0
757,Ronnie,Hollingshead,Hollingshead,a,,,4.0,694,61.0,0.0,716,83.0,0.0,510.0,73.0,0,0,0.0,0,0.0,5,6,0.0,0.0,0.0,0.0,0.0,590.0,79.0,,,581.0,79.0,574.0,68.0,541.0,53.0,583.0,79.0,,,,,,,,0.0,0.0,0.0,0.0,0.0,0.0,0.0,0.0,0.0,24,0.0,0.0,0.0,0.0,0.0,0.0,0.0,0.0,0.0,0.0,0.0,0.0,0.0,0.0,0.0,5.0,7.0,0.0,0.0,0.0,0.0,0.0,0.0,0.0,0.0,0.0,0.0,0.0,0.0,0.0
768,Leon,Routh,Leon Routh,a,,,4.0,726,209.0,0.0,727,248.0,0.0,539.0,228.0,0,0,0.0,0,0.0,6,7,0.0,0.0,0.0,0.0,0.0,617.0,243.0,,,608.0,243.0,601.0,243.0,569.0,239.0,610.0,243.0,,,,,,,,0.0,0.0,0.0,0.0,0.0,0.0,0.0,0.0,0.0,24,0.0,0.0,0.0,0.0,0.0,0.0,0.0,0.0,0.0,0.0,0.0,0.0,0.0,0.0,0.0,7.0,7.0,0.0,0.0,0.0,0.0,0.0,0.0,0.0,0.0,0.0,0.0,0.0,0.0,0.0
781,TJ,Carroll,Carroll,a,,,4.0,720,203.0,0.0,752,256.0,0.0,534.0,223.0,0,0,0.0,0,0.0,14,9,0.0,0.0,0.0,0.0,0.0,612.0,238.0,,,603.0,238.0,596.0,238.0,564.0,234.0,605.0,238.0,,,,,,,,0.0,0.0,0.0,0.0,0.0,0.0,0.0,0.0,0.0,24,0.0,0.0,0.0,0.0,0.0,0.0,0.0,0.0,0.0,0.0,0.0,0.0,0.0,0.0,0.0,17.0,9.0,0.0,0.0,0.0,0.0,0.0,0.0,0.0,0.0,0.0,0.0,0.0,0.0,0.0
792,Alysson Edward Franco,da Rocha dos Santos,Alysson,i,Knock - Unknown return date,,5.0,283,174.0,0.0,801,357.0,0.0,755.0,328.0,0,0,0.0,0,0.0,1,3,0.0,0.0,0.0,0.0,0.0,781.0,344.0,0.0,0.0,781.0,344.0,779.0,344.0,773.0,342.0,781.0,344.0,,,,,,,,0.0,0.0,0.0,0.0,0.0,0.0,0.0,0.0,0.0,24,0.0,0.0,0.0,0.0,0.0,0.0,0.0,0.0,0.0,0.0,0.0,0.0,0.0,0.0,0.0,1.0,3.0,0.0,0.0,0.0,0.0,0.0,0.0,0.0,0.0,0.0,0.0,0.0,0.0,0.0
808,Tammy,Abraham,Abraham,a,,,6.0,84,27.0,0.1,435,62.0,0.0,796.0,84.0,0,0,0.0,0,0.0,1068,106,0.0,0.0,2.1,2.1,0.0,800.0,87.0,,,800.0,87.0,800.0,87.0,800.0,87.0,800.0,87.0,,,,,,,,0.0,0.0,0.0,0.0,0.0,0.0,0.0,0.0,0.0,24,0.0,0.0,0.0,0.0,0.0,0.0,0.0,0.0,0.0,0.0,0.0,0.0,0.0,0.0,0.0,1660.0,179.0,0.0,0.0,0.0,0.0,0.0,0.0,0.0,0.0,0.0,0.0,0.0,0.0,0.0
183,Max,Weiß,Weiss,a,,,4.3,600,30.0,0.1,449,68.0,0.0,568.0,84.0,0,0,0.0,-2,2.0,20,17,0.0,0.0,0.0,0.0,0.0,635.0,88.0,,,626.0,88.0,623.0,81.0,596.0,68.0,628.0,88.0,,,,,,,,0.0,0.0,0.0,0.0,0.0,0.0,0.0,0.0,0.0,24,0.0,0.0,0.0,0.0,0.0,0.0,0.0,0.0,0.0,0.0,0.0,0.0,0.0,0.0,0.0,22.0,21.0,0.0,0.0,0.0,0.0,0.0,0.0,0.0,0.0,0.0,0.0,0.0,0.0,0.0
184,Etienne,Green,Green,u,has joined FC Fredericia permanently.,,4.0,682,57.0,0.2,393,58.0,0.0,500.0,69.0,0,0,0.0,0,0.0,0,16,0.0,0.0,0.0,0.0,0.0,581.0,75.0,0.0,0.0,572.0,75.0,565.0,64.0,532.0,49.0,574.0,75.0,,,,,,,,0.0,0.0,0.0,0.0,0.0,0.0,0.0,0.0,0.0,24,0.0,0.0,0.0,0.0,0.0,0.0,0.0,0.0,0.0,0.0,0.0,0.0,0.0,0.0,0.0,0.0,23.0,0.0,0.0,0.0,0.0,0.0,0.0,0.0,0.0,0.0,0.0,0.0,0.0,0.0
185,Václav,Hladký,Hladký,a,,,3.9,728,66.0,0.2,397,59.0,0.0,438.0,28.0,0,0,0.0,-1,1.0,11,26,0.0,0.0,0.0,0.0,0.0,520.0,34.0,,,511.0,34.0,501.0,20.0,466.0,5.0,513.0,34.0,,,,,,,,0.0,0.0,0.0,0.0,0.0,0.0,0.0,0.0,0.0,24,0.0,0.0,0.0,0.0,0.0,0.0,0.0,0.0,0.0,0.0,0.0,0.0,0.0,0.0,0.0,16.0,46.0,0.0,0.0,0.0,0.0,0.0,0.0,0.0,0.0,0.0,0.0,0.0,0.0,0.0
186,Connor,Roberts,Roberts,i,Achilles injury - Unknown return date,,4.4,518,103.0,0.0,645,225.0,0.0,589.0,241.0,0,0,0.0,-1,1.0,1,7,0.0,0.0,0.0,0.0,0.0,651.0,249.0,0.0,0.0,642.0,249.0,639.0,249.0,614.0,247.0,644.0,249.0,,,,,,,,0.0,0.0,0.0,0.0,0.0,0.0,0.0,0.0,0.0,24,0.0,0.0,0.0,0.0,0.0,0.0,0.0,0.0,0.0,0.0,0.0,0.0,0.0,0.0,0.0,1.0,8.0,0.0,0.0,0.0,0.0,0.0,0.0,0.0,0.0,0.0,0.0,0.0,0.0,0.0
187,Kyle,Walker,Walker,a,,,4.4,512,98.0,1.1,176,67.0,1.4,233.0,89.0,0,0,0.0,-1,1.0,264,168,0.3,11.1,1.4,1.4,2.2,295.0,113.0,100.0,100.0,110.0,48.0,181.0,45.0,355.0,122.0,205.0,66.0,,,,,,,,0.01,0.04,0.05,2.05,0.0,0.14,1.88,1.01,6.45,24,0.0,0.0,0.0,0.0,0.0,0.0,0.0,0.0,0.0,0.0,0.0,0.0,0.0,0.0,0.0,313.0,250.0,0.0,0.0,0.0,0.0,0.0,0.0,0.0,0.0,0.0,0.0,0.0,0.0,0.0
188,Hannes,Delcroix,Delcroix,u,has joined Lugano permanently.,,3.8,782,237.0,0.2,350,127.0,0.0,418.0,158.0,0,0,0.0,-2,2.0,0,92,0.0,0.0,0.0,0.0,0.0,503.0,180.0,0.0,0.0,494.0,180.0,482.0,178.0,446.0,170.0,496.0,180.0,,,,,,,,0.0,0.0,0.0,0.0,0.0,0.0,0.0,0.0,0.0,24,0.0,0.0,0.0,0.0,0.0,0.0,0.0,0.0,0.0,0.0,0.0,0.0,0.0,0.0,0.0,0.0,132.0,0.0,0.0,0.0,0.0,0.0,0.0,0.0,0.0,0.0,0.0,0.0,0.0,0.0
189,Owen,Dodgson,Dodgson,u,Has joined Stockport County on loan for the rest of the season.,,4.0,674,170.0,0.0,706,242.0,0.0,493.0,195.0,0,0,0.0,0,0.0,0,2,0.0,0.0,0.0,0.0,0.0,574.0,213.0,0.0,0.0,565.0,213.0,558.0,213.0,525.0,208.0,567.0,213.0,,,,,,,,0.0,0.0,0.0,0.0,0.0,0.0,0.0,0.0,0.0,24,0.0,0.0,0.0,0.0,0.0,0.0,0.0,0.0,0.0,0.0,0.0,0.0,0.0,0.0,0.0,0.0,2.0,0.0,0.0,0.0,0.0,0.0,0.0,0.0,0.0,0.0,0.0,0.0,0.0,0.0
190,Hjalmar,Ekdal,Ekdal,a,,,3.9,755,221.0,0.9,199,76.0,0.4,327.0,120.0,0,0,0.0,-1,1.0,28,195,0.1,11.3,0.4,0.4,2.9,196.0,76.0,,,167.0,71.0,330.0,113.0,249.0,71.0,255.0,87.0,,,,,,,,0.02,0.02,0.04,1.74,0.0,0.15,1.83,0.99,10.08,24,0.0,0.0,0.0,0.0,0.0,0.0,0.0,0.0,0.0,0.0,0.0,0.0,0.0,0.0,0.0,40.0,290.0,0.0,0.0,0.0,0.0,0.0,0.0,0.0,0.0,0.0,0.0,0.0,0.0,0.0
191,Maxime,Estève,Estève,a,,,3.9,754,220.0,8.1,48,15.0,1.6,205.0,73.0,0,0,0.0,-1,1.0,860,852,0.4,12.8,1.6,1.6,2.5,250.0,97.0,100.0,100.0,73.0,31.0,278.0,89.0,272.0,80.0,183.0,60.0,,,,,,,,0.02,0.02,0.04,2.19,0.0,0.11,2.12,1.06,10.01,24,0.0,0.0,0.0,0.0,0.0,0.0,0.0,0.0,0.0,0.0,0.0,0.0,0.0,0.0,0.0,1365.0,1708.0,0.0,0.0,0.0,0.0,0.0,0.0,0.0,0.0,0.0,0.0,0.0,0.0,0.0
192,Quilindschy,Hartman,Hartman,a,,,4.0,685,175.0,0.7,211,81.0,0.0,503.0,199.0,0,0,0.0,0,0.0,92,252,0.0,11.5,0.0,0.0,3.1,167.0,67.0,,,143.0,63.0,104.0,25.0,284.0,86.0,162.0,52.0,1.0,,,,,,,0.01,0.1,0.11,2.04,0.0,0.13,1.88,1.01,7.0,24,0.0,0.0,0.0,0.0,0.0,0.0,0.0,0.0,0.0,0.0,0.0,0.0,0.0,0.0,0.0,121.0,412.0,0.0,0.0,0.0,0.0,0.0,0.0,0.0,0.0,0.0,0.0,0.0,0.0,0.0
193,Bashir,Humphreys,Humphreys,a,,,3.9,749,217.0,0.1,433,162.0,2.6,132.0,43.0,0,0,0.0,-1,1.0,93,59,0.7,5.9,2.6,2.6,3.3,141.0,54.0,100.0,100.0,284.0,109.0,377.0,136.0,346.0,115.0,357.0,125.0,,,,,,,,0.03,0.02,0.05,2.05,0.0,0.17,1.71,0.85,9.22,24,0.0,0.0,0.0,0.0,0.0,0.0,0.0,0.0,0.0,0.0,0.0,0.0,0.0,0.0,0.0,117.0,106.0,0.0,0.0,0.0,0.0,0.0,0.0,0.0,0.0,0.0,0.0,0.0,0.0,0.0
194,Jordan,Beyer,Jordan,i,Hamstring injury - Unknown return date,,3.9,745,214.0,0.1,551,199.0,0.0,451.0,177.0,0,0,0.0,-1,1.0,3,5,0.0,0.0,0.0,0.0,0.0,532.0,195.0,0.0,0.0,523.0,195.0,514.0,195.0,479.0,188.0,525.0,195.0,,,,,,,,0.0,0.0,0.0,0.0,0.0,0.0,0.0,0.0,0.0,24,0.0,0.0,0.0,0.0,0.0,0.0,0.0,0.0,0.0,0.0,0.0,0.0,0.0,0.0,0.0,4.0,7.0,0.0,0.0,0.0,0.0,0.0,0.0,0.0,0.0,0.0,0.0,0.0,0.0,0.0
195,Lucas,Pires Silva,Lucas Pires,a,,,3.8,800,255.0,0.3,322,120.0,1.4,228.0,85.0,0,0,0.0,-2,2.0,205,68,0.4,3.7,1.4,1.4,1.6,374.0,139.0,100.0,100.0,310.0,119.0,224.0,61.0,295.0,93.0,314.0,107.0,,,,,,,,0.04,0.1,0.14,2.02,0.0,0.13,1.85,1.06,6.48,24,0.0,0.0,0.0,0.0,0.0,0.0,0.0,0.0,0.0,0.0,0.0,0.0,0.0,0.0,0.0,311.0,113.0,0.0,0.0,0.0,0.0,0.0,0.0,0.0,0.0,0.0,0.0,0.0,0.0,0.0
196,Shurandy,Sambo,Sambo,u,Has joined Sparta Rotterdam on loan for the rest of the season.,,4.0,672,168.0,0.0,613,220.0,0.0,492.0,194.0,0,0,0.0,0,0.0,0,5,0.0,0.0,0.0,0.0,0.0,573.0,212.0,0.0,0.0,564.0,212.0,557.0,212.0,524.0,207.0,566.0,212.0,,,,,,,,0.0,0.0,0.0,0.0,0.0,0.0,0.0,0.0,0.0,24,0.0,0.0,0.0,0.0,0.0,0.0,0.0,0.0,0.0,0.0,0.0,0.0,0.0,0.0,0.0,0.0,6.0,0.0,0.0,0.0,0.0,0.0,0.0,0.0,0.0,0.0,0.0,0.0,0.0,0.0
197,Oliver,Sonne,Sonne,a,,,3.8,794,249.0,0.3,331,122.0,0.4,326.0,119.0,0,0,0.0,-2,2.0,12,69,0.1,3.4,0.4,0.4,1.9,331.0,123.0,,,393.0,150.0,382.0,139.0,334.0,108.0,404.0,146.0,,,,,,,,0.3,0.04,0.34,2.08,0.0,0.0,2.2,0.55,3.84,24,0.0,0.0,0.0,0.0,0.0,0.0,0.0,0.0,0.0,0.0,0.0,0.0,0.0,0.0,0.0,24.0,114.0,0.0,0.0,0.0,0.0,0.0,0.0,0.0,0.0,0.0,0.0,0.0,0.0,0.0
198,Axel,Tuanzebe,Tuanzebe,a,,,3.9,739,211.0,1.0,184,73.0,2.2,156.0,56.0,0,0,0.0,-1,1.0,83,71,0.6,7.4,2.2,2.2,2.9,194.0,74.0,100.0,100.0,205.0,81.0,415.0,151.0,293.0,91.0,304.0,103.0,,,,,,,,0.06,0.01,0.07,2.46,0.0,0.1,2.03,1.02,9.35,24,0.0,0.0,0.0,0.0,0.0,0.0,0.0,0.0,0.0,0.0,0.0,0.0,0.0,0.0,0.0,156.0,122.0,0.0,0.0,0.0,0.0,0.0,0.0,0.0,0.0,0.0,0.0,0.0,0.0,0.0
199,Joe,Worrall,Worrall,a,,,3.8,778,233.0,0.1,414,153.0,0.0,415.0,155.0,0,0,0.0,-2,2.0,19,13,0.0,1.8,0.0,0.0,1.2,424.0,153.0,100.0,100.0,395.0,151.0,452.0,166.0,423.0,157.0,434.0,157.0,,,,,,,,0.0,0.01,0.01,2.31,0.0,0.0,1.75,0.58,13.44,24,0.0,0.0,0.0,0.0,0.0,0.0,0.0,0.0,0.0,0.0,0.0,0.0,0.0,0.0,0.0,24.0,18.0,0.0,0.0,0.0,0.0,0.0,0.0,0.0,0.0,0.0,0.0,0.0,0.0,0.0
200,Jaidon,Anthony,Anthony,a,,,5.0,258,157.0,1.9,139,45.0,2.4,147.0,62.0,0,0,0.0,-5,5.0,268,547,0.5,14.6,2.4,2.4,3.3,147.0,65.0,100.0,100.0,107.0,36.0,82.0,60.0,53.0,31.0,63.0,43.0,2.0,,,,,,,0.18,0.09,0.27,2.04,0.0,0.19,1.82,1.07,8.43,24,0.0,0.0,0.0,0.0,0.0,0.0,0.0,0.0,0.0,0.0,0.0,0.0,0.0,0.0,0.0,386.0,800.0,0.0,0.0,0.0,0.0,0.0,0.0,0.0,0.0,0.0,0.0,0.0,0.0,0.0
201,Manuel,Benson Hedilazio,Benson,u,has joined Maccabi Haifa permanently.,,5.4,162,100.0,0.0,693,293.0,0.0,774.0,341.0,0,0,0.0,-1,1.0,0,0,0.0,0.0,0.0,0.0,0.0,785.0,347.0,0.0,0.0,785.0,347.0,784.0,347.0,780.0,346.0,785.0,347.0,,,,,,,,0.0,0.0,0.0,0.0,0.0,0.0,0.0,0.0,0.0,24,0.0,0.0,0.0,0.0,0.0,0.0,0.0,0.0,0.0,0.0,0.0,0.0,0.0,0.0,0.0,0.0,0.0,0.0,0.0,0.0,0.0,0.0,0.0,0.0,0.0,0.0,0.0,0.0,0.0,0.0
202,Jacob,Bruun Larsen,Bruun Larsen,a,,,5.3,189,116.0,0.0,620,241.0,0.2,400.0,185.0,0,0,0.0,-2,2.0,3,4,0.0,5.8,0.2,0.2,1.7,368.0,163.0,100.0,100.0,316.0,140.0,146.0,101.0,185.0,106.0,250.0,123.0,3.0,1.0,3.0,,,,,0.12,0.11,0.23,2.11,0.0,0.32,2.43,0.95,5.7,24,0.0,0.0,0.0,0.0,0.0,0.0,0.0,0.0,0.0,0.0,0.0,0.0,0.0,0.0,0.0,5.0,8.0,0.0,0.0,0.0,0.0,0.0,0.0,0.0,0.0,0.0,0.0,0.0,0.0,0.0
203,Enock,Agyei,Boateng,a,,,4.7,391,244.0,0.0,593,223.0,0.0,702.0,290.0,0,0,0.0,-3,3.0,18,10,0.0,0.0,0.0,0.0,0.0,745.0,318.0,,,745.0,318.0,740.0,318.0,727.0,314.0,745.0,318.0,,,,,,,,0.0,0.0,0.0,0.0,0.0,0.0,0.0,0.0,0.0,24,0.0,0.0,0.0,0.0,0.0,0.0,0.0,0.0,0.0,0.0,0.0,0.0,0.0,0.0,0.0,18.0,11.0,0.0,0.0,0.0,0.0,0.0,0.0,0.0,0.0,0.0,0.0,0.0,0.0,0.0
204,Darko,Churlinov,Churlinov,u,has joined Kocaelispor  permanently.,,4.9,321,198.0,0.0,707,299.0,0.0,722.0,303.0,0,0,0.0,-1,1.0,0,1,0.0,0.0,0.0,0.0,0.0,756.0,325.0,0.0,0.0,756.0,325.0,752.0,325.0,744.0,323.0,756.0,325.0,,,,,,,,0.0,0.0,0.0,0.0,0.0,0.0,0.0,0.0,0.0,24,0.0,0.0,0.0,0.0,0.0,0.0,0.0,0.0,0.0,0.0,0.0,0.0,0.0,0.0,0.0,0.0,1.0,0.0,0.0,0.0,0.0,0.0,0.0,0.0,0.0,0.0,0.0,0.0,0.0,0.0
205,Josh,Cullen,Cullen,i,Knee injury - Expected back 30 Sep,,4.9,297,183.0,0.9,191,63.0,0.0,714.0,298.0,0,0,0.0,-1,1.0,2,472,0.0,14.3,0.0,0.0,3.9,79.0,36.0,0.0,0.0,111.0,38.0,111.0,79.0,222.0,122.0,137.0,74.0,,,,,,,,0.06,0.08,0.14,1.93,0.0,0.18,1.73,1.07,10.29,24,0.0,0.0,0.0,0.0,0.0,0.0,0.0,0.0,0.0,0.0,0.0,0.0,0.0,0.0,0.0,2.0,653.0,0.0,0.0,0.0,0.0,0.0,0.0,0.0,0.0,0.0,0.0,0.0,0.0,0.0
206,Marcus,Edwards,Edwards,a,,,4.7,380,237.0,0.1,458,156.0,3.4,74.0,30.0,0,0,0.0,-3,3.0,197,56,0.7,6.8,3.4,3.4,2.5,258.0,111.0,,,287.0,128.0,122.0,87.0,178.0,101.0,215.0,109.0,,3.0,,,,,,0.13,0.23,0.36,1.92,0.0,0.16,1.26,0.79,5.52,24,0.0,0.0,0.0,0.0,0.0,0.0,0.0,0.0,0.0,0.0,0.0,0.0,0.0,0.0,0.0,276.0,116.0,0.0,0.0,0.0,0.0,0.0,0.0,0.0,0.0,0.0,0.0,0.0,0.0,0.0
207,Hannibal,Mejbri,Hannibal,a,,,4.7,387,241.0,0.1,475,164.0,0.4,339.0,149.0,0,0,0.0,-3,3.0,28,21,0.1,5.1,0.4,0.4,1.5,394.0,174.0,100.0,100.0,379.0,166.0,187.0,123.0,323.0,169.0,333.0,161.0,,4.0,,,,,,0.06,0.15,0.21,2.61,0.0,0.2,2.36,0.98,7.66,24,0.0,0.0,0.0,0.0,0.0,0.0,0.0,0.0,0.0,0.0,0.0,0.0,0.0,0.0,0.0,38.0,25.0,0.0,0.0,0.0,0.0,0.0,0.0,0.0,0.0,0.0,0.0,0.0,0.0,0.0
208,Luca,Koleosho,Koleosho,u,has joined Paris FC on loan for the rest of the season.,,5.0,265,160.0,0.0,721,306.0,0.0,746.0,321.0,0,0,0.0,0,0.0,0,1,0.0,0.0,0.0,0.0,0.0,773.0,338.0,0.0,0.0,773.0,338.0,771.0,338.0,764.0,336.0,773.0,338.0,,,,,,,,0.0,0.0,0.0,0.0,0.0,0.0,0.0,0.0,0.0,24,0.0,0.0,0.0,0.0,0.0,0.0,0.0,0.0,0.0,0.0,0.0,0.0,0.0,0.0,0.0,0.0,1.0,0.0,0.0,0.0,0.0,0.0,0.0,0.0,0.0,0.0,0.0,0.0,0.0,0.0
209,Josh,Laurent,Laurent,a,,,4.8,350,219.0,0.0,600,230.0,1.2,253.0,109.0,0,0,0.0,-2,2.0,6,12,0.3,8.8,1.2,1.2,2.1,310.0,137.0,,,208.0,89.0,255.0,154.0,261.0,141.0,263.0,129.0,,,,,,,,0.04,0.02,0.06,2.1,0.0,0.08,2.25,0.92,10.34,24,0.0,0.0,0.0,0.0,0.0,0.0,0.0,0.0,0.0,0.0,0.0,0.0,0.0,0.0,0.0,8.0,18.0,0.0,0.0,0.0,0.0,0.0,0.0,0.0,0.0,0.0,0.0,0.0,0.0,0.0
210,Loum,Tchaouna,Tchaouna,a,,,4.9,333,206.0,0.0,624,245.0,0.4,347.0,153.0,0,0,0.0,-1,1.0,5,4,0.1,6.7,0.4,0.4,1.9,340.0,151.0,,,343.0,153.0,263.0,159.0,216.0,119.0,315.0,151.0,,2.0,,,,,,0.1,0.05,0.15,1.69,0.0,0.24,1.31,1.08,5.38,24,0.0,0.0,0.0,0.0,0.0,0.0,0.0,0.0,0.0,0.0,0.0,0.0,0.0,0.0,0.0,5.0,7.0,0.0,0.0,0.0,0.0,0.0,0.0,0.0,0.0,0.0,0.0,0.0,0.0,0.0
211,Aaron,Ramsey,A.Ramsey,u,has joined Leicester City on loan for the rest of the season.,,4.4,534,318.0,1.5,153,50.0,0.0,596.0,211.0,0,0,0.0,-1,1.0,0,119,0.0,0.0,0.0,0.0,0.0,655.0,251.0,0.0,0.0,646.0,242.0,643.0,247.0,618.0,236.0,648.0,244.0,,,,,,,,0.0,0.0,0.0,0.0,0.0,0.0,0.0,0.0,0.0,24,0.0,0.0,0.0,0.0,0.0,0.0,0.0,0.0,0.0,0.0,0.0,0.0,0.0,0.0,0.0,0.0,164.0,0.0,0.0,0.0,0.0,0.0,0.0,0.0,0.0,0.0,0.0,0.0,0.0,0.0
212,Oluwaseun,Adewumi,Adewumi,u,Has joined Cercle Brugge on loan for the rest of the season.,,4.5,474,288.0,0.0,748,320.0,0.0,666.0,262.0,0,0,0.0,0,0.0,0,1,0.0,0.0,0.0,0.0,0.0,715.0,295.0,0.0,0.0,713.0,293.0,709.0,294.0,691.0,288.0,714.0,294.0,,,,,,,,0.0,0.0,0.0,0.0,0.0,0.0,0.0,0.0,0.0,24,0.0,0.0,0.0,0.0,0.0,0.0,0.0,0.0,0.0,0.0,0.0,0.0,0.0,0.0,0.0,0.0,1.0,0.0,0.0,0.0,0.0,0.0,0.0,0.0,0.0,0.0,0.0,0.0,0.0,0.0
213,Jaydon,Banel,Banel,u,has joined Derby County on loan for the rest of the season.,,4.5,462,281.0,0.0,597,227.0,0.2,379.0,170.0,0,0,0.0,0,0.0,0,31,0.0,0.2,0.0,0.0,1.0,458.0,207.0,0.0,0.0,703.0,287.0,456.0,221.0,680.0,281.0,704.0,288.0,,,,,,,,0.0,0.0,0.0,0.5,0.0,0.0,0.0,0.0,0.0,24,0.0,0.0,0.0,0.0,0.0,0.0,0.0,0.0,0.0,0.0,0.0,0.0,0.0,0.0,0.0,0.0,33.0,0.0,0.0,0.0,0.0,0.0,0.0,0.0,0.0,0.0,0.0,0.0,0.0,0.0
214,Mike,Trésor Ndayishimiye,Trésor,i,Ankle injury - Unknown return date,,4.4,531,317.0,0.1,546,197.0,0.0,594.0,210.0,0,0,0.0,-1,1.0,0,23,0.0,0.9,0.0,0.0,1.0,449.0,199.0,0.0,0.0,483.0,223.0,460.0,223.0,431.0,212.0,481.0,222.0,,,,,,,,0.0,0.0,0.0,2.18,0.0,0.0,4.74,0.0,9.47,24,0.0,0.0,0.0,0.0,0.0,0.0,0.0,0.0,0.0,0.0,0.0,0.0,0.0,0.0,0.0,0.0,32.0,0.0,0.0,0.0,0.0,0.0,0.0,0.0,0.0,0.0,0.0,0.0,0.0,0.0
215,Zian,Flemming,Flemming,a,,,5.3,196,46.0,0.3,327,54.0,0.0,768.0,79.0,0,0,0.0,-2,2.0,102,138,0.0,7.9,0.0,0.0,2.8,222.0,22.0,100.0,100.0,221.0,20.0,300.0,32.0,98.0,27.0,218.0,26.0,,,1.0,,,,,0.43,0.02,0.45,1.89,0.0,0.27,1.36,1.09,4.23,24,0.0,0.0,0.0,0.0,0.0,0.0,0.0,0.0,0.0,0.0,0.0,0.0,0.0,0.0,0.0,120.0,220.0,0.0,0.0,0.0,0.0,0.0,0.0,0.0,0.0,0.0,0.0,0.0,0.0,0.0
216,Zeki,Amdouni,Amdouni,i,Knee injury - Expected back 25 Apr,,4.8,368,62.0,0.0,664,83.0,0.0,708.0,70.0,0,0,0.0,-2,2.0,5,6,0.0,0.0,0.0,0.0,0.0,748.0,80.0,0.0,0.0,748.0,80.0,743.0,79.0,733.0,79.0,748.0,80.0,,,,,,,,0.0,0.0,0.0,0.0,0.0,0.0,0.0,0.0,0.0,24,0.0,0.0,0.0,0.0,0.0,0.0,0.0,0.0,0.0,0.0,0.0,0.0,0.0,0.0,0.0,5.0,6.0,0.0,0.0,0.0,0.0,0.0,0.0,0.0,0.0,0.0,0.0,0.0,0.0,0.0
217,Lyle,Foster,Foster,a,,,4.9,324,59.0,0.8,203,33.0,1.2,255.0,32.0,0,0,0.0,-1,1.0,252,182,0.2,8.6,1.2,1.2,2.6,244.0,23.0,100.0,100.0,251.0,22.0,213.0,24.0,134.0,34.0,229.0,28.0,,,,,,,,0.22,0.02,0.24,1.98,0.0,0.29,1.96,1.08,5.3,24,0.0,0.0,0.0,0.0,0.0,0.0,0.0,0.0,0.0,0.0,0.0,0.0,0.0,0.0,0.0,356.0,248.0,0.0,0.0,0.0,0.0,0.0,0.0,0.0,0.0,0.0,0.0,0.0,0.0,0.0
218,Ashley,Barnes,Barnes,a,,,4.2,619,86.0,1.4,159,26.0,-0.2,809.0,90.0,0,0,0.0,-3,3.0,489,582,0.0,0.2,-0.2,-0.2,1.0,442.0,53.0,,,485.0,59.0,463.0,57.0,398.0,54.0,466.0,55.0,,,2.0,,,,,1.1,0.0,1.1,4.1,0.0,0.0,10.0,0.0,10.0,24,0.0,0.0,0.0,0.0,0.0,0.0,0.0,0.0,0.0,0.0,0.0,0.0,0.0,0.0,0.0,1100.0,765.0,0.0,0.0,0.0,0.0,0.0,0.0,0.0,0.0,0.0,0.0,0.0,0.0,0.0
219,Michael,Obafemi,Obafemi,u,has joined Blackpool on loan for the rest of the season.,,4.4,521,74.0,0.1,457,65.0,0.0,591.0,55.0,0,0,0.0,-1,1.0,0,7,0.0,0.0,0.0,0.0,0.0,652.0,65.0,0.0,0.0,643.0,65.0,640.0,64.0,615.0,64.0,645.0,65.0,,,,,,,,0.0,0.0,0.0,0.0,0.0,0.0,0.0,0.0,0.0,24,0.0,0.0,0.0,0.0,0.0,0.0,0.0,0.0,0.0,0.0,0.0,0.0,0.0,0.0,0.0,0.0,10.0,0.0,0.0,0.0,0.0,0.0,0.0,0.0,0.0,0.0,0.0,0.0,0.0,0.0
470,Martin,Dúbravka,Dúbravka,a,,,4.0,652,41.0,32.9,8,2.0,2.8,112.0,12.0,0,0,0.0,0,0.0,2721,1801,0.7,18.2,2.8,2.8,3.2,150.0,14.0,100.0,100.0,3.0,1.0,539.0,48.0,505.0,33.0,117.0,1.0,,,,,,,,0.0,0.0,0.0,2.06,4.09,0.13,1.91,1.0,0.0,24,0.0,0.0,0.0,0.0,0.0,0.0,0.0,0.0,0.0,0.0,0.0,0.0,0.0,0.0,0.0,4235.0,3354.0,0.0,0.0,0.0,0.0,0.0,0.0,0.0,0.0,0.0,0.0,0.0,0.0,0.0
614,James,Ward-Prowse,Ward-Prowse,a,,,5.6,125,77.0,0.2,385,130.0,0.0,791.0,352.0,0,0,0.0,-4,4.0,75,31,0.0,2.0,0.0,0.0,2.2,302.0,133.0,,,383.0,168.0,145.0,100.0,407.0,200.0,325.0,158.0,,,,,,,,0.03,0.2,0.23,1.58,0.0,0.22,2.39,1.09,4.78,24,0.0,0.0,0.0,0.0,0.0,0.0,0.0,0.0,0.0,0.0,0.0,0.0,0.0,0.0,0.0,97.0,39.0,0.0,0.0,0.0,0.0,0.0,0.0,0.0,0.0,0.0,0.0,0.0,0.0,0.0
676,Lesley,Ugochukwu,Ugochukwu,a,,,5.0,273,166.0,0.1,448,153.0,2.2,164.0,72.0,0,0,0.0,0,0.0,42,45,0.4,13.4,2.2,2.2,3.0,189.0,82.0,100.0,100.0,147.0,52.0,207.0,133.0,128.0,74.0,169.0,92.0,,,,,,,,0.13,0.01,0.14,2.14,0.0,0.19,1.85,1.05,9.21,24,0.0,0.0,0.0,0.0,0.0,0.0,0.0,0.0,0.0,0.0,0.0,0.0,0.0,0.0,0.0,58.0,118.0,0.0,0.0,0.0,0.0,0.0,0.0,0.0,0.0,0.0,0.0,0.0,0.0,0.0
680,Armando,Broja,Broja,a,,,5.2,214,49.0,0.2,357,57.0,1.6,220.0,26.0,0,0,0.0,-3,3.0,72,187,0.3,6.9,1.6,1.6,2.1,313.0,31.0,100.0,100.0,332.0,33.0,299.0,31.0,111.0,28.0,277.0,34.0,,,,,,,,0.24,0.01,0.25,2.35,0.0,0.12,2.82,0.94,4.81,24,0.0,0.0,0.0,0.0,0.0,0.0,0.0,0.0,0.0,0.0,0.0,0.0,0.0,0.0,0.0,100.0,273.0,0.0,0.0,0.0,0.0,0.0,0.0,0.0,0.0,0.0,0.0,0.0,0.0,0.0
722,Florentino Ibrain,Morris Luís,Florentino,a,,,5.0,250,152.0,0.0,603,231.0,3.2,85.0,36.0,0,0,0.0,0,0.0,27,16,0.6,12.2,3.2,3.2,3.2,159.0,68.0,,,146.0,51.0,154.0,105.0,310.0,161.0,203.0,105.0,,,,,,,,0.03,0.02,0.05,2.09,0.0,0.12,1.9,1.04,13.47,24,0.0,0.0,0.0,0.0,0.0,0.0,0.0,0.0,0.0,0.0,0.0,0.0,0.0,0.0,0.0,35.0,33.0,0.0,0.0,0.0,0.0,0.0,0.0,0.0,0.0,0.0,0.0,0.0,0.0,0.0
776,Oliver,Pimlott,Pimlott,a,,,4.5,503,310.0,0.0,795,351.0,0.0,690.0,281.0,0,0,0.0,0,0.0,3,3,0.0,0.0,0.0,0.0,0.0,736.0,311.0,,,736.0,311.0,731.0,311.0,714.0,306.0,736.0,311.0,,,,,,,,0.0,0.0,0.0,0.0,0.0,0.0,0.0,0.0,0.0,24,0.0,0.0,0.0,0.0,0.0,0.0,0.0,0.0,0.0,0.0,0.0,0.0,0.0,0.0,0.0,3.0,3.0,0.0,0.0,0.0,0.0,0.0,0.0,0.0,0.0,0.0,0.0,0.0,0.0,0.0
784,George,Brierley,Brierley,a,,,4.5,510,316.0,0.0,797,353.0,0.0,695.0,286.0,0,0,0.0,0,0.0,2,2,0.0,0.0,0.0,0.0,0.0,741.0,316.0,,,741.0,316.0,736.0,316.0,720.0,312.0,741.0,316.0,,,,,,,,0.0,0.0,0.0,0.0,0.0,0.0,0.0,0.0,0.0,24,0.0,0.0,0.0,0.0,0.0,0.0,0.0,0.0,0.0,0.0,0.0,0.0,0.0,0.0,0.0,3.0,3.0,0.0,0.0,0.0,0.0,0.0,0.0,0.0,0.0,0.0,0.0,0.0,0.0,0.0
66,Norberto,Murara Neto,Neto,u,Has joined Botafogo permanently.,,4.5,404,21.0,0.1,555,77.0,0.0,618.0,87.0,0,0,0.0,0,0.0,0,6,0.0,0.0,0.0,0.0,0.0,675.0,90.0,0.0,0.0,670.0,90.0,665.0,83.0,642.0,71.0,672.0,90.0,,,,,,,,0.0,0.0,0.0,0.0,0.0,0.0,0.0,0.0,0.0,24,0.0,0.0,0.0,0.0,0.0,0.0,0.0,0.0,0.0,0.0,0.0,0.0,0.0,0.0,0.0,0.0,6.0,0.0,0.0,0.0,0.0,0.0,0.0,0.0,0.0,0.0,0.0,0.0,0.0,0.0
67,Đorđe,Petrović,Petrović,a,,,4.5,432,24.0,4.3,82,14.0,3.0,99.0,11.0,10,0,0.0,0,0.0,777,703,0.7,15.6,3.0,3.0,2.9,199.0,18.0,,,30.0,8.0,681.0,86.0,660.0,74.0,194.0,9.0,,,,,,,,0.0,0.0,0.0,1.45,3.0,0.25,1.79,1.0,0.0,24,10.0,90.0,0.0,0.0,1.0,0.0,0.0,0.0,0.0,0.0,0.0,7.0,1.0,2.0,36.0,1197.0,1304.0,0.0,0.0,0.0,0.0,1.4399999999999977,39.19999999999993,0.0,0.0,3.8999999999999986,0.0,1.0,8.0,0.0
68,Will,Dennis,Dennis,i,Ankle injury - Unknown return date,,4.0,671,51.0,0.8,204,26.0,0.0,491.0,63.0,0,0,0.0,0,0.0,6,177,0.0,0.0,0.0,0.0,0.0,572.0,69.0,0.0,0.0,563.0,69.0,556.0,58.0,523.0,43.0,565.0,69.0,,,,,,,,0.0,0.0,0.0,0.0,0.0,0.0,0.0,0.0,0.0,24,0.0,0.0,0.0,0.0,0.0,0.0,0.0,0.0,0.0,0.0,0.0,0.0,0.0,0.0,0.0,6.0,214.0,0.0,0.0,0.0,0.0,0.0,0.0,0.0,0.0,0.0,0.0,0.0,0.0,0.0
69,Callan,McKenna,McKenna,a,,,3.9,769,91.0,0.2,341,48.0,0.0,470.0,52.0,0,0,0.0,-1,1.0,74,46,0.0,0.0,0.0,0.0,0.0,551.0,58.0,,,542.0,58.0,533.0,45.0,498.0,30.0,544.0,58.0,,,,,,,,0.0,0.0,0.0,0.0,0.0,0.0,0.0,0.0,0.0,24,0.0,0.0,0.0,0.0,0.0,0.0,0.0,0.0,0.0,0.0,0.0,0.0,0.0,0.0,0.0,91.0,58.0,0.0,0.0,0.0,0.0,0.0,0.0,0.0,0.0,0.0,0.0,0.0,0.0,0.0
70,Alex,Paulsen,Paulsen,u,Has joined Lechia Gdansk on loan for the rest of the season.,,4.0,686,58.0,0.1,559,78.0,0.0,504.0,70.0,0,0,0.0,0,0.0,0,3,0.0,0.0,0.0,0.0,0.0,584.0,76.0,0.0,0.0,575.0,76.0,568.0,65.0,535.0,50.0,577.0,76.0,,,,,,,,0.0,0.0,0.0,0.0,0.0,0.0,0.0,0.0,0.0,24,0.0,0.0,0.0,0.0,0.0,0.0,0.0,0.0,0.0,0.0,0.0,0.0,0.0,0.0,0.0,0.0,5.0,0.0,0.0,0.0,0.0,0.0,0.0,0.0,0.0,0.0,0.0,0.0,0.0,0.0
71,Illia,Zabarnyi,Zabarnyi,u,Has joined Paris Saint-Germain permanently.,,5.0,263,42.0,0.0,660,229.0,0.0,745.0,258.0,0,0,0.0,0,0.0,0,0,0.0,0.0,0.0,0.0,0.0,772.0,260.0,0.0,0.0,772.0,260.0,770.0,260.0,763.0,259.0,772.0,260.0,,,,,,,,0.0,0.0,0.0,0.0,0.0,0.0,0.0,0.0,0.0,24,0.0,0.0,0.0,0.0,0.0,0.0,0.0,0.0,0.0,0.0,0.0,0.0,0.0,0.0,0.0,0.0,0.0,0.0,0.0,0.0,0.0,0.0,0.0,0.0,0.0,0.0,0.0,0.0,0.0,0.0
72,Marcos,Senesi Barón,Senesi,a,,,4.8,359,61.0,14.5,25,8.0,4.2,39.0,14.0,8,0,0.0,3,-3.0,13183,1656,0.9,21.2,4.2,4.2,4.4,37.0,17.0,100.0,100.0,2.0,1.0,80.0,20.0,189.0,41.0,35.0,1.0,,,,,,,,0.04,0.16,0.2,1.46,0.0,0.27,1.86,1.02,12.96,24,8.0,90.0,0.0,0.0,1.0,0.0,0.0,0.0,0.0,0.0,0.0,0.0,1.0,0.0,25.0,18544.0,3325.0,0.0,0.05999999999999994,0.020000000000000018,0.08000000000000007,1.4399999999999977,21.0,1.3000000000000114,7.0,2.9000000000000057,1.0,10.0,3.0,11.0
73,Adam,Smith,Smith,a,,,4.4,511,97.0,0.2,379,138.0,1.4,232.0,88.0,6,0,0.0,-1,1.0,85,25,0.3,6.1,1.4,1.4,2.1,308.0,117.0,100.0,100.0,349.0,132.0,352.0,123.0,363.0,127.0,376.0,134.0,,,,,,,,0.0,0.01,0.01,1.55,0.0,0.37,1.87,1.25,5.12,24,6.0,90.0,0.0,0.0,1.0,0.0,0.0,0.0,0.0,0.0,0.0,0.0,1.0,0.0,28.0,105.0,32.0,0.0,0.0,0.0,0.0,1.2599999999999998,14.799999999999997,2.900000000000002,0.0,1.8000000000000007,3.0,4.0,3.0,7.0
74,Adrien,Truffert,Truffert,a,,,4.5,446,90.0,1.7,142,56.0,3.0,100.0,34.0,6,0,0.0,0,0.0,885,392,0.7,17.8,3.0,3.0,3.3,143.0,56.0,,,43.0,18.0,55.0,10.0,236.0,65.0,65.0,11.0,,,,,,,,0.01,0.05,0.06,1.38,0.0,0.25,1.7,1.02,8.37,24,6.0,90.0,0.0,0.0,1.0,0.0,0.0,0.0,0.0,0.0,0.0,0.0,1.0,0.0,27.0,1324.0,684.0,0.0,0.0,0.010000000000000009,0.010000000000000009,1.4399999999999977,17.80000000000001,3.8000000000000114,0.0,2.1999999999999886,3.0,6.0,5.0,9.0
75,Matai,Akinmboni,Akinmboni,d,Muscle injury - 25% chance of playing,,3.8,795,250.0,0.2,372,137.0,0.0,428.0,168.0,0,0,0.0,-2,2.0,10,26,0.0,0.0,0.0,0.0,0.0,512.0,189.0,25.0,25.0,503.0,189.0,491.0,187.0,455.0,179.0,505.0,189.0,,,,,,,,0.0,0.0,0.0,0.0,0.0,0.0,0.0,0.0,0.0,24,0.0,0.0,0.0,0.0,0.0,0.0,0.0,0.0,0.0,0.0,0.0,0.0,0.0,0.0,0.0,14.0,37.0,0.0,0.0,0.0,0.0,0.0,0.0,0.0,0.0,0.0,0.0,0.0,0.0,0.0
76,Owen,Bevan,Bevan,a,,,3.8,793,248.0,0.2,391,142.0,0.0,427.0,167.0,0,0,0.0,-2,2.0,54,41,0.0,0.0,0.0,0.0,0.0,511.0,188.0,,,502.0,188.0,490.0,186.0,454.0,178.0,504.0,188.0,,,,,,,,0.0,0.0,0.0,0.0,0.0,0.0,0.0,0.0,0.0,24,0.0,0.0,0.0,0.0,0.0,0.0,0.0,0.0,0.0,0.0,0.0,0.0,0.0,0.0,0.0,65.0,44.0,0.0,0.0,0.0,0.0,0.0,0.0,0.0,0.0,0.0,0.0,0.0,0.0,0.0
77,James,Hill,Hill,a,,,3.9,751,218.0,1.1,177,68.0,4.2,38.0,13.0,7,0,0.0,-1,1.0,3124,139,1.1,11.0,4.2,4.2,2.9,195.0,75.0,,,212.0,86.0,326.0,111.0,283.0,85.0,290.0,98.0,,,,,,,,0.02,0.05,0.07,1.23,0.0,0.32,1.39,0.86,10.58,24,7.0,90.0,0.0,0.0,1.0,0.0,0.0,0.0,0.0,1.0,0.0,0.0,1.0,0.0,23.0,6499.0,603.0,0.0,0.0,0.0,0.0,1.4400000000000013,19.80000000000001,0.5,0.0,2.0,1.0,9.0,3.0,10.0
78,Julián,Araujo Zúñiga,J.Araujo,u,has joined Celtic on loan for the rest of the season.,,3.8,784,239.0,0.6,240,90.0,0.0,419.0,159.0,0,0,0.0,-2,2.0,0,165,0.0,0.0,0.0,0.0,0.0,504.0,181.0,0.0,0.0,495.0,181.0,483.0,179.0,447.0,171.0,497.0,181.0,,,,,,,,0.0,0.0,0.0,0.0,0.0,0.0,0.0,0.0,0.0,24,0.0,0.0,0.0,0.0,0.0,0.0,0.0,0.0,0.0,0.0,0.0,0.0,0.0,0.0,0.0,0.0,208.0,0.0,0.0,0.0,0.0,0.0,0.0,0.0,0.0,0.0,0.0,0.0,0.0,0.0
79,Chris,Mepham,Mepham,u,has joined West Bromwich Albion permanently.,,4.0,664,165.0,0.1,529,193.0,0.0,484.0,191.0,0,0,0.0,0,0.0,0,3,0.0,0.0,0.0,0.0,0.0,565.0,209.0,0.0,0.0,556.0,209.0,549.0,209.0,516.0,204.0,558.0,209.0,,,,,,,,0.0,0.0,0.0,0.0,0.0,0.0,0.0,0.0,0.0,24,0.0,0.0,0.0,0.0,0.0,0.0,0.0,0.0,0.0,0.0,0.0,0.0,0.0,0.0,0.0,0.0,3.0,0.0,0.0,0.0,0.0,0.0,0.0,0.0,0.0,0.0,0.0,0.0,0.0,0.0
80,Julio,Soler Barreto,Soler,i,Knock - Unknown return date,,4.0,705,189.0,0.2,358,130.0,0.0,521.0,211.0,0,0,0.0,0,0.0,5,116,0.0,0.8,0.0,0.0,1.0,439.0,162.0,0.0,0.0,472.0,170.0,438.0,160.0,425.0,159.0,471.0,167.0,,,,,,,,0.0,0.0,0.0,4.29,0.0,0.0,5.29,0.0,2.65,24,0.0,0.0,0.0,0.0,0.0,0.0,0.0,0.0,0.0,0.0,0.0,0.0,0.0,0.0,0.0,6.0,143.0,0.0,0.0,0.0,0.0,0.0,0.0,0.0,0.0,0.0,0.0,0.0,0.0,0.0
81,Justin,Kluivert,Kluivert,i,Knee injury - Expected back 09 May,,7.0,40,24.0,0.7,223,76.0,0.4,361.0,164.0,0,0,0.0,0,0.0,10,273,0.1,5.7,0.0,0.0,2.2,305.0,135.0,0.0,0.0,275.0,119.0,65.0,49.0,180.0,103.0,170.0,93.0,4.0,2.0,1.0,,,,,0.22,0.15,0.37,1.65,0.0,0.39,1.77,0.98,6.11,24,0.0,0.0,0.0,0.0,0.0,0.0,0.0,0.0,0.0,0.0,0.0,0.0,0.0,0.0,0.0,11.0,315.0,0.0,0.0,0.0,0.0,0.0,0.0,0.0,0.0,0.0,0.0,0.0,0.0,0.0
84,Marcus,Tavernier,Tavernier,i,Hamstring injury - Unknown return date,,5.4,164,102.0,1.5,152,49.0,3.0,105.0,44.0,0,0,0.0,-1,1.0,32,3453,0.6,17.4,0.0,0.0,4.3,46.0,19.0,0.0,0.0,67.0,21.0,24.0,23.0,47.0,28.0,30.0,23.0,2.0,1.0,4.0,,,,,0.26,0.12,0.38,1.4,0.0,0.36,1.84,1.02,8.38,24,0.0,0.0,0.0,0.0,0.0,0.0,0.0,0.0,0.0,0.0,0.0,0.0,0.0,0.0,0.0,45.0,5987.0,0.0,0.0,0.0,0.0,0.0,0.0,0.0,0.0,0.0,0.0,0.0,0.0,0.0
85,Tyler,Adams,Adams,i,Knee injury - Expected back 21 Feb,,4.9,300,186.0,0.3,329,111.0,0.0,716.0,300.0,0,0,0.0,-1,1.0,1,71,0.0,10.2,0.0,0.0,3.3,145.0,64.0,0.0,0.0,175.0,69.0,269.0,160.0,212.0,116.0,227.0,111.0,,,,,,,,0.04,0.02,0.06,1.34,0.0,0.3,1.73,1.13,10.99,24,0.0,0.0,0.0,0.0,0.0,0.0,0.0,0.0,0.0,0.0,0.0,0.0,0.0,0.0,0.0,3.0,80.0,0.0,0.0,0.0,0.0,0.0,0.0,0.0,0.0,0.0,0.0,0.0,0.0,0.0
86,David,Brooks,Brooks,d,Ankle injury - 50% chance of playing,,5.0,244,149.0,0.2,387,131.0,1.2,257.0,110.0,0,0,0.0,0,0.0,3,104,0.2,8.6,0.6,0.3,2.3,283.0,121.0,50.0,25.0,239.0,100.0,69.0,52.0,33.0,18.0,76.0,47.0,5.0,3.0,,,,,,0.43,0.27,0.7,1.29,0.0,0.39,1.64,1.06,6.95,24,0.0,0.0,0.0,0.0,0.0,0.0,0.0,0.0,0.0,0.0,0.0,0.0,0.0,0.0,0.0,4.0,131.0,0.0,0.0,0.0,0.0,0.0,0.0,0.0,0.0,0.0,0.0,0.0,0.0,0.0
87,Ryan,Christie,Christie,a,,,4.9,292,180.0,0.1,565,207.0,0.6,315.0,139.0,1,0,0.0,-1,1.0,35,9,0.1,4.3,0.6,0.6,1.5,397.0,177.0,100.0,100.0,320.0,142.0,220.0,138.0,219.0,120.0,295.0,143.0,,,,,,,,0.28,0.09,0.37,1.98,0.0,0.0,2.31,0.26,11.06,24,1.0,22.0,0.0,0.0,0.0,0.0,0.0,0.0,0.0,0.0,0.0,0.0,0.0,0.0,10.0,41.0,14.0,0.0,0.0,0.07,0.06999999999999984,0.8200000000000003,8.400000000000006,14.299999999999997,2.0,2.5,2.0,1.0,3.0,6.0
88,Lewis,Cook,Cook,a,,,4.9,291,179.0,0.0,586,218.0,3.6,65.0,28.0,3,0,0.0,-1,1.0,99,33,0.7,6.7,3.6,3.6,2.4,269.0,115.0,100.0,100.0,242.0,102.0,169.0,113.0,376.0,189.0,273.0,134.0,,,,,,,,0.01,0.04,0.05,1.44,0.0,0.12,1.99,0.82,14.96,24,3.0,90.0,0.0,0.0,1.0,0.0,0.0,0.0,0.0,0.0,0.0,0.0,1.0,0.0,19.0,150.0,45.0,0.0,0.0,0.020000000000000018,0.020000000000000018,1.4400000000000013,17.400000000000006,2.799999999999983,0.0,2.0,2.0,5.0,3.0,10.0
89,Philip,Billing,Philip,u,Has joined Midtjylland permanently.,,4.9,294,182.0,0.0,665,272.0,0.0,713.0,297.0,0,0,0.0,-1,1.0,0,0,0.0,0.0,0.0,0.0,0.0,751.0,321.0,0.0,0.0,751.0,321.0,747.0,321.0,738.0,319.0,751.0,321.0,,,,,,,,0.0,0.0,0.0,0.0,0.0,0.0,0.0,0.0,0.0,24,0.0,0.0,0.0,0.0,0.0,0.0,0.0,0.0,0.0,0.0,0.0,0.0,0.0,0.0,0.0,0.0,0.0,0.0,0.0,0.0,0.0,0.0,0.0,0.0,0.0,0.0,0.0,0.0,0.0,0.0
90,Alex,Scott,Scott,a,,,5.0,272,165.0,0.4,291,97.0,5.6,10.0,6.0,13,0,0.0,0,0.0,2167,143,1.1,16.8,5.6,5.6,3.5,124.0,58.0,100.0,100.0,116.0,39.0,107.0,78.0,116.0,68.0,105.0,58.0,1.0,,,,,,,0.12,0.06,0.18,1.46,0.0,0.32,1.66,1.13,11.69,24,13.0,90.0,1.0,0.0,1.0,0.0,0.0,0.0,0.0,0.0,0.0,0.0,1.0,3.0,37.0,2493.0,196.0,0.0,0.8200000000000001,0.010000000000000009,0.8300000000000001,1.4399999999999977,47.80000000000001,12.299999999999983,41.0,10.100000000000001,2.0,5.0,9.0,16.0
91,Luis,Sinisterra Lucumí,Sinisterra,u,Has joined Cruzeiro on loan for the rest of the season.,,5.0,252,153.0,0.0,724,308.0,0.0,740.0,316.0,0,0,0.0,0,0.0,0,1,0.0,0.0,0.0,0.0,0.0,768.0,334.0,0.0,0.0,768.0,334.0,765.0,334.0,759.0,332.0,768.0,334.0,,,,,,,,0.0,0.0,0.0,0.0,0.0,0.0,0.0,0.0,0.0,24,0.0,0.0,0.0,0.0,0.0,0.0,0.0,0.0,0.0,0.0,0.0,0.0,0.0,0.0,0.0,0.0,1.0,0.0,0.0,0.0,0.0,0.0,0.0,0.0,0.0,0.0,0.0,0.0,0.0,0.0
92,Romain,Faivre,Faivre,a,,,4.5,428,256.0,0.1,538,191.0,0.0,633.0,234.0,0,0,0.0,0,0.0,21,6,0.0,0.0,0.0,0.0,0.0,686.0,271.0,100.0,100.0,681.0,266.0,678.0,269.0,657.0,261.0,683.0,268.0,,,,,,,,0.0,0.0,0.0,0.0,0.0,0.0,0.0,0.0,0.0,24,0.0,0.0,0.0,0.0,0.0,0.0,0.0,0.0,0.0,0.0,0.0,0.0,0.0,0.0,0.0,27.0,8.0,0.0,0.0,0.0,0.0,0.0,0.0,0.0,0.0,0.0,0.0,0.0,0.0,0.0
93,Hamed,Traorè,H.Traorè,u,has joined Marseille on loan for the rest of the season.,,4.5,423,253.0,0.3,325,109.0,0.0,629.0,231.0,0,0,0.0,0,0.0,0,18,0.0,0.9,0.0,0.0,4.0,64.0,28.0,0.0,0.0,428.0,189.0,407.0,201.0,653.0,258.0,443.0,201.0,,,,,,,,0.0,0.0,0.0,2.25,0.0,0.0,11.25,0.0,22.5,24,0.0,0.0,0.0,0.0,0.0,0.0,0.0,0.0,0.0,0.0,0.0,0.0,0.0,0.0,0.0,0.0,23.0,0.0,0.0,0.0,0.0,0.0,0.0,0.0,0.0,0.0,0.0,0.0,0.0,0.0
94,Dominic,Sadi,Sadi,u,has joined Novi Pazar on loan for the rest of the season.,,4.5,461,280.0,0.0,634,254.0,0.0,655.0,255.0,0,0,0.0,0,0.0,0,1,0.0,0.0,0.0,0.0,0.0,706.0,290.0,0.0,0.0,702.0,286.0,699.0,288.0,679.0,280.0,703.0,287.0,,,,,,,,0.0,0.0,0.0,0.0,0.0,0.0,0.0,0.0,0.0,24,0.0,0.0,0.0,0.0,0.0,0.0,0.0,0.0,0.0,0.0,0.0,0.0,0.0,0.0,0.0,0.0,1.0,0.0,0.0,0.0,0.0,0.0,0.0,0.0,0.0,0.0,0.0,0.0,0.0,0.0
95,Zain,Silcott-Duberry,Silcott-Duberry,u,has joined Olympiakos permanently.,,4.4,545,327.0,0.1,568,209.0,0.0,603.0,218.0,0,0,0.0,-1,1.0,0,10,0.0,0.0,0.0,0.0,0.0,662.0,258.0,0.0,0.0,654.0,250.0,651.0,255.0,626.0,244.0,656.0,252.0,,,,,,,,0.0,0.0,0.0,0.0,0.0,0.0,0.0,0.0,0.0,24,0.0,0.0,0.0,0.0,0.0,0.0,0.0,0.0,0.0,0.0,0.0,0.0,0.0,0.0,0.0,0.0,11.0,0.0,0.0,0.0,0.0,0.0,0.0,0.0,0.0,0.0,0.0,0.0,0.0,0.0
96,Ben,Winterburn,Winterburn,u,has joined Barnet on loan for the rest of the season.,,4.5,490,301.0,0.0,632,252.0,0.0,680.0,273.0,0,0,0.0,0,0.0,0,0,0.0,0.2,0.0,0.0,1.0,464.0,213.0,0.0,0.0,727.0,304.0,722.0,304.0,705.0,299.0,727.0,304.0,,,,,,,,0.0,0.0,0.0,4.65,0.0,0.0,30.0,0.0,0.0,24,0.0,0.0,0.0,0.0,0.0,0.0,0.0,0.0,0.0,0.0,0.0,0.0,0.0,0.0,0.0,0.0,0.0,0.0,0.0,0.0,0.0,0.0,0.0,0.0,0.0,0.0,0.0,0.0,0.0,0.0
97,Francisco Evanilson,de Lima Barbosa,Evanilson,a,,,7.1,35,14.0,3.7,91,16.0,5.0,21.0,7.0,2,0,0.0,1,-1.0,2824,7458,0.7,10.4,5.0,5.0,3.4,140.0,12.0,100.0,100.0,196.0,14.0,98.0,3.0,16.0,9.0,52.0,11.0,,,,,,,,0.36,0.04,0.4,1.21,0.0,0.32,1.67,1.02,3.93,24,2.0,84.0,0.0,0.0,1.0,0.0,0.0,0.0,0.0,0.0,0.0,0.0,1.0,0.0,8.0,12526.0,8463.0,0.0,0.0,0.010000000000000009,0.009999999999999787,1.1799999999999997,10.400000000000006,10.400000000000006,8.0,2.8999999999999915,1.0,3.0,1.0,5.0
98,Enes,Ünal,Enes Ünal,a,,,5.4,161,41.0,0.0,610,80.0,0.8,299.0,37.0,1,0,0.0,-1,1.0,48,46,0.1,2.8,0.8,0.8,1.4,409.0,48.0,100.0,100.0,402.0,44.0,429.0,54.0,290.0,49.0,401.0,49.0,,,,,,,,0.74,0.04,0.78,1.65,0.0,0.0,1.54,0.0,4.62,24,1.0,5.0,0.0,0.0,0.0,0.0,0.0,0.0,0.0,0.0,0.0,0.0,0.0,0.0,1.0,61.0,51.0,0.0,0.0,0.0,0.0,0.26,1.0,0.3000000000000007,2.0,0.3000000000000007,0.0,1.0,0.0,1.0
99,Daniel,Adu-Adjei,Adu-Adjei,u,has joined HNK Rijeka permanently.,,4.4,559,81.0,0.1,424,61.0,0.0,614.0,62.0,0,0,0.0,-1,1.0,0,10,0.0,0.0,0.0,0.0,0.0,672.0,72.0,0.0,0.0,666.0,72.0,662.0,71.0,638.0,71.0,668.0,72.0,,,,,,,,0.0,0.0,0.0,0.0,0.0,0.0,0.0,0.0,0.0,24,0.0,0.0,0.0,0.0,0.0,0.0,0.0,0.0,0.0,0.0,0.0,0.0,0.0,0.0,0.0,0.0,13.0,0.0,0.0,0.0,0.0,0.0,0.0,0.0,0.0,0.0,0.0,0.0,0.0,0.0
100,Junior,Kroupi,Kroupi.Jr,a,,,4.7,390,64.0,5.7,68,13.0,4.4,33.0,8.0,7,1,-1.0,2,-2.0,14377,2040,0.9,13.6,4.4,4.4,3.4,133.0,11.0,,,135.0,12.0,202.0,21.0,58.0,21.0,112.0,16.0,,,,,,,,0.43,0.05,0.48,1.39,0.0,0.47,1.87,1.17,6.53,24,7.0,67.0,1.0,0.0,1.0,0.0,0.0,0.0,0.0,0.0,0.0,0.0,1.0,1.0,35.0,20609.0,3452.0,0.0,0.08999999999999986,0.17999999999999997,0.2699999999999996,0.6199999999999992,35.60000000000002,18.10000000000001,20.0,7.400000000000006,1.0,0.0,4.0,5.0
391,Ben,Gannon-Doak,Gannon-Doak,i,Hamstring injury - Unknown return date,,4.8,369,230.0,0.0,631,251.0,0.0,709.0,294.0,0,0,0.0,-2,2.0,1,9,0.0,1.5,0.0,0.0,1.8,353.0,158.0,0.0,0.0,429.0,190.0,392.0,195.0,378.0,191.0,433.0,196.0,,,,,,,,0.15,0.15,0.3,4.52,0.0,0.0,1.7,0.0,5.09,24,0.0,0.0,0.0,0.0,0.0,0.0,0.0,0.0,0.0,0.0,0.0,0.0,0.0,0.0,0.0,2.0,9.0,0.0,0.0,0.0,0.0,0.0,0.0,0.0,0.0,0.0,0.0,0.0,0.0,0.0
685,Bafodé,Diakité,Diakité,a,,,4.2,630,148.0,0.3,314,117.0,0.6,308.0,114.0,1,0,0.0,-3,3.0,60,102,0.1,11.0,0.6,0.6,2.6,240.0,94.0,100.0,100.0,173.0,73.0,308.0,102.0,352.0,119.0,276.0,91.0,,,,,,,,0.0,0.01,0.01,1.59,0.0,0.28,1.91,1.06,8.26,24,1.0,1.0,0.0,0.0,0.0,0.0,0.0,0.0,0.0,0.0,0.0,0.0,0.0,0.0,3.0,92.0,133.0,0.0,0.0,0.0,0.0,0.17999999999999972,0.0,0.0,0.0,0.0,0.0,0.0,0.0,0.0
687,Remy,Rees-Dottin,Rees-Dottin,a,,,4.3,614,358.0,0.1,434,146.0,0.0,581.0,206.0,0,0,0.0,-2,2.0,184,40,0.0,0.0,0.0,0.0,0.0,645.0,247.0,,,636.0,238.0,633.0,243.0,607.0,232.0,638.0,240.0,,,,,,,,0.0,0.0,0.0,0.0,0.0,0.0,0.0,0.0,0.0,24,0.0,0.0,0.0,0.0,0.0,0.0,0.0,0.0,0.0,0.0,0.0,0.0,0.0,0.0,0.0,222.0,50.0,0.0,0.0,0.0,0.0,0.0,0.0,0.0,0.0,0.0,0.0,0.0,0.0,0.0
697,Amine,Adli,Adli,a,,,5.4,177,109.0,0.2,365,122.0,4.4,34.0,16.0,5,0,0.0,-1,1.0,892,208,0.8,8.0,4.4,4.4,2.1,315.0,140.0,,,238.0,99.0,180.0,120.0,124.0,71.0,209.0,108.0,,6.0,,,,,,0.23,0.08,0.31,1.4,0.0,0.27,1.63,0.81,11.39,24,5.0,67.0,0.0,1.0,1.0,0.0,0.0,0.0,0.0,1.0,0.0,0.0,1.0,0.0,13.0,1535.0,293.0,0.0,0.30000000000000004,0.07999999999999996,0.3799999999999999,0.6199999999999992,25.400000000000006,39.39999999999999,18.0,8.299999999999997,1.0,2.0,3.0,6.0
713,Álex,Jiménez Sánchez,A.Jimenez,a,,,4.5,463,92.0,0.2,367,133.0,3.0,101.0,35.0,5,0,0.0,0,0.0,553,98,0.7,10.0,3.0,3.0,2.2,296.0,114.0,,,189.0,77.0,198.0,50.0,140.0,26.0,196.0,64.0,,,,,,,,0.06,0.05,0.11,1.62,0.0,0.19,1.91,1.02,5.29,24,5.0,85.0,0.0,0.0,1.0,0.0,0.0,0.0,0.0,1.0,0.0,0.0,1.0,0.0,21.0,1196.0,219.0,0.0,0.030000000000000027,0.030000000000000027,0.06000000000000005,1.1799999999999997,7.399999999999977,1.2999999999999972,17.0,2.5999999999999943,2.0,0.0,7.0,2.0
721,Veljko,Milosavljevic,Milosavljević,a,,,4.4,562,119.0,0.0,653,227.0,0.4,338.0,127.0,0,0,0.0,-1,1.0,9,8,0.1,4.3,0.4,0.4,2.7,230.0,91.0,100.0,100.0,326.0,127.0,393.0,144.0,381.0,138.0,381.0,135.0,,,,,,,,0.04,0.05,0.09,1.08,0.0,0.25,1.47,0.98,9.56,24,0.0,0.0,0.0,0.0,0.0,0.0,0.0,0.0,0.0,0.0,0.0,0.0,0.0,0.0,0.0,11.0,14.0,0.0,0.0,0.0,0.0,0.0,0.0,0.0,0.0,0.0,0.0,0.0,0.0,0.0
756,Malcom,DaCosta,DaCosta,a,,,4.5,508,314.0,0.0,739,316.0,0.0,693.0,284.0,0,0,0.0,0,0.0,2,3,0.0,0.0,0.0,0.0,0.0,739.0,314.0,,,739.0,314.0,734.0,314.0,718.0,310.0,739.0,314.0,,,,,,,,0.0,0.0,0.0,0.0,0.0,0.0,0.0,0.0,0.0,24,0.0,0.0,0.0,0.0,0.0,0.0,0.0,0.0,0.0,0.0,0.0,0.0,0.0,0.0,0.0,5.0,3.0,0.0,0.0,0.0,0.0,0.0,0.0,0.0,0.0,0.0,0.0,0.0,0.0,0.0
782,Fraser,Forster,Forster,a,,,4.0,651,40.0,0.0,709,82.0,0.0,475.0,54.0,0,0,0.0,0,0.0,29,12,0.0,0.0,0.0,0.0,0.0,556.0,60.0,,,547.0,60.0,538.0,47.0,504.0,32.0,549.0,60.0,,,,,,,,0.0,0.0,0.0,0.0,0.0,0.0,0.0,0.0,0.0,24,0.0,0.0,0.0,0.0,0.0,0.0,0.0,0.0,0.0,0.0,0.0,0.0,0.0,0.0,0.0,32.0,14.0,0.0,0.0,0.0,0.0,0.0,0.0,0.0,0.0,0.0,0.0,0.0,0.0,0.0
799,Charlie,Stevens,Stevens,a,,,4.5,505,311.0,0.0,798,354.0,0.0,691.0,282.0,0,0,0.0,0,0.0,4,1,0.0,0.0,0.0,0.0,0.0,737.0,312.0,,,737.0,312.0,732.0,312.0,715.0,307.0,737.0,312.0,,,,,,,,0.0,0.0,0.0,0.0,0.0,0.0,0.0,0.0,0.0,24,0.0,0.0,0.0,0.0,0.0,0.0,0.0,0.0,0.0,0.0,0.0,0.0,0.0,0.0,0.0,5.0,1.0,0.0,0.0,0.0,0.0,0.0,0.0,0.0,0.0,0.0,0.0,0.0,0.0,0.0
801,Alex,Tóth,Tóth.A,a,,,5.0,281,173.0,0.0,758,328.0,1.0,273.0,120.0,1,0,0.0,0,0.0,8,9,0.2,0.4,1.0,1.0,1.0,477.0,223.0,,,478.0,221.0,461.0,224.0,419.0,208.0,473.0,218.0,,,,,,,,0.6,0.0,0.6,4.0,0.0,0.0,0.0,0.0,50.0,24,1.0,4.0,0.0,0.0,0.0,0.0,0.0,0.0,0.0,0.0,0.0,0.0,0.0,0.0,4.0,10.0,9.0,0.0,0.06,0.0,0.06,0.26,1.0,0.30000000000000004,4.0,0.5,1.0,1.0,3.0,5.0
806,Christos,Mandas,Mandas,a,,,4.0,669,50.0,0.0,791,92.0,0.0,489.0,62.0,0,0,0.0,0,0.0,10,0,0.0,0.0,1.4,1.4,0.0,570.0,68.0,,,561.0,68.0,554.0,57.0,521.0,42.0,563.0,68.0,,,,,,,,0.0,0.0,0.0,0.0,0.0,0.0,0.0,0.0,0.0,24,0.0,0.0,0.0,0.0,0.0,0.0,0.0,0.0,0.0,0.0,0.0,0.0,0.0,0.0,0.0,15.0,3.0,0.0,0.0,0.0,0.0,0.0,0.0,0.0,0.0,0.0,0.0,0.0,0.0,0.0
807,Rayan Vitor,Simplício Rocha,Rayan,a,,,5.5,152,95.0,0.0,654,267.0,4.0,48.0,22.0,4,0,0.0,0,0.0,738,27,0.7,0.7,2.1,2.1,4.0,70.0,30.0,,,423.0,188.0,376.0,191.0,421.0,210.0,429.0,193.0,,,,,,,,0.0,2.41,2.41,3.35,0.0,0.0,0.0,0.0,8.18,24,4.0,22.0,0.0,1.0,0.0,0.0,0.0,0.0,0.0,0.0,0.0,0.0,0.0,0.0,17.0,820.0,41.0,0.0,0.0,0.59,0.59,0.82,23.0,21.5,4.0,4.9,0.0,1.0,1.0,2.0
27,Reiss,Nelson,Nelson,a,,,4.8,355,222.0,0.1,478,166.0,0.2,388.0,177.0,0,0,0.0,-2,2.0,15,16,0.0,1.2,0.2,0.2,1.0,468.0,217.0,100.0,100.0,435.0,195.0,433.0,209.0,370.0,187.0,442.0,200.0,,,,,,,,1.1,0.13,1.23,2.18,0.0,0.0,1.8,0.0,30.6,24,0.0,0.0,0.0,0.0,0.0,0.0,0.0,0.0,0.0,0.0,0.0,0.0,0.0,0.0,0.0,17.0,17.0,0.0,0.0,0.0,0.0,0.0,0.0,0.0,0.0,0.0,0.0,0.0,0.0,0.0
83,Dango,Ouattara,O.Dango,a,,,5.8,112,70.0,0.3,305,104.0,0.4,353.0,156.0,0,0,0.0,-2,2.0,111,125,0.1,11.4,0.4,0.4,3.9,82.0,38.0,100.0,100.0,229.0,96.0,182.0,121.0,39.0,23.0,127.0,70.0,2.0,,,,,,,0.36,0.09,0.45,1.18,0.0,0.24,1.28,0.96,8.62,24,0.0,0.0,0.0,0.0,0.0,0.0,0.0,0.0,0.0,0.0,0.0,0.0,0.0,0.0,0.0,141.0,231.0,0.0,0.0,0.0,0.0,0.0,0.0,0.0,0.0,0.0,0.0,0.0,0.0,0.0
101,Caoimhín,Kelleher,Kelleher,a,,,4.6,395,19.0,10.0,43,6.0,3.4,73.0,6.0,0,0,0.0,1,-1.0,1706,2230,0.7,18.0,3.4,3.4,3.6,108.0,10.0,100.0,100.0,26.0,7.0,380.0,4.0,722.0,77.0,179.0,7.0,,,,,,,,0.0,0.0,0.0,1.35,2.65,0.22,1.39,1.0,0.0,24,0.0,0.0,0.0,0.0,0.0,0.0,0.0,0.0,0.0,0.0,0.0,0.0,0.0,0.0,0.0,2256.0,3489.0,0.0,0.0,0.0,0.0,0.0,0.0,0.0,0.0,0.0,0.0,0.0,0.0,0.0
102,Ellery,Balcombe,Balcombe,a,,,3.9,744,78.0,0.3,334,45.0,0.0,450.0,39.0,0,0,0.0,-1,1.0,21,24,0.0,0.0,0.0,0.0,0.0,531.0,45.0,,,522.0,45.0,513.0,32.0,478.0,17.0,524.0,45.0,,,,,,,,0.0,0.0,0.0,0.0,0.0,0.0,0.0,0.0,0.0,24,0.0,0.0,0.0,0.0,0.0,0.0,0.0,0.0,0.0,0.0,0.0,0.0,0.0,0.0,0.0,33.0,31.0,0.0,0.0,0.0,0.0,0.0,0.0,0.0,0.0,0.0,0.0,0.0,0.0,0.0
103,Matthew,Cox,Cox,u,has joined Shrewsbury Town on loan for the rest of the season.,,3.9,761,86.0,0.2,406,61.0,0.0,462.0,47.0,0,0,0.0,-1,1.0,0,48,0.0,0.0,0.0,0.0,0.0,543.0,53.0,0.0,0.0,534.0,53.0,525.0,40.0,490.0,25.0,536.0,53.0,,,,,,,,0.0,0.0,0.0,0.0,0.0,0.0,0.0,0.0,0.0,24,0.0,0.0,0.0,0.0,0.0,0.0,0.0,0.0,0.0,0.0,0.0,0.0,0.0,0.0,0.0,0.0,70.0,0.0,0.0,0.0,0.0,0.0,0.0,0.0,0.0,0.0,0.0,0.0,0.0,0.0
104,Julian,Eyestone,Eyestone,a,,,3.9,765,88.0,0.1,447,67.0,0.0,466.0,49.0,0,0,0.0,-1,1.0,7,23,0.0,0.0,0.0,0.0,0.0,547.0,55.0,,,538.0,55.0,529.0,42.0,494.0,27.0,540.0,55.0,,,,,,,,0.0,0.0,0.0,0.0,0.0,0.0,0.0,0.0,0.0,24,0.0,0.0,0.0,0.0,0.0,0.0,0.0,0.0,0.0,0.0,0.0,0.0,0.0,0.0,0.0,8.0,29.0,0.0,0.0,0.0,0.0,0.0,0.0,0.0,0.0,0.0,0.0,0.0,0.0,0.0
105,Hákon Rafn,Valdimarsson,Valdimarsson,a,,,3.9,762,87.0,0.6,229,29.0,0.0,463.0,48.0,0,0,0.0,-1,1.0,19,59,0.0,0.0,0.0,0.0,0.0,544.0,54.0,,,535.0,54.0,526.0,41.0,491.0,26.0,537.0,54.0,,,,,,,,0.0,0.0,0.0,0.0,0.0,0.0,0.0,0.0,0.0,24,0.0,0.0,0.0,0.0,0.0,0.0,0.0,0.0,0.0,0.0,0.0,0.0,0.0,0.0,0.0,24.0,81.0,0.0,0.0,0.0,0.0,0.0,0.0,0.0,0.0,0.0,0.0,0.0,0.0,0.0
106,Nathan,Collins,Collins,a,,,5.0,257,40.0,3.8,88,31.0,5.0,19.0,4.0,0,0,0.0,0,0.0,1904,2572,1.0,18.2,5.0,5.0,4.0,66.0,27.0,,,8.0,4.0,222.0,60.0,79.0,5.0,56.0,9.0,,,,,,,,0.06,0.04,0.1,1.35,0.0,0.23,1.4,0.99,10.37,24,0.0,0.0,0.0,0.0,0.0,0.0,0.0,0.0,0.0,0.0,0.0,0.0,0.0,0.0,0.0,2498.0,3791.0,0.0,0.0,0.0,0.0,0.0,0.0,0.0,0.0,0.0,0.0,0.0,0.0,0.0
107,Keane,Lewis-Potter,Lewis-Potter,a,,,4.9,320,53.0,2.0,132,52.0,1.6,213.0,80.0,0,0,0.0,-1,1.0,208,1755,0.3,13.7,1.6,1.6,3.2,157.0,64.0,,,249.0,101.0,167.0,41.0,141.0,27.0,214.0,70.0,,,,,,,,0.13,0.09,0.22,1.58,0.0,0.59,1.47,0.98,3.32,24,0.0,0.0,0.0,0.0,0.0,0.0,0.0,0.0,0.0,0.0,0.0,0.0,0.0,0.0,0.0,257.0,2691.0,0.0,0.0,0.0,0.0,0.0,0.0,0.0,0.0,0.0,0.0,0.0,0.0,0.0
108,Kristoffer,Ajer,Ajer,d,Ankle injury - 75% chance of playing,,4.4,517,102.0,0.2,383,140.0,2.2,159.0,58.0,0,0,0.0,-1,1.0,11,135,0.5,10.9,1.7,1.7,2.8,216.0,84.0,75.0,75.0,188.0,76.0,357.0,127.0,188.0,40.0,253.0,86.0,,,,,,,,0.05,0.05,0.1,1.39,0.0,0.25,1.48,1.07,9.76,24,0.0,0.0,0.0,0.0,0.0,0.0,0.0,0.0,0.0,0.0,0.0,0.0,0.0,0.0,0.0,11.0,192.0,0.0,0.0,0.0,0.0,0.0,0.0,0.0,0.0,0.0,0.0,0.0,0.0,0.0
109,Rico,Henry,Henry,a,,,4.3,574,127.0,0.2,403,148.0,2.0,171.0,61.0,0,0,0.0,-2,2.0,54,52,0.5,8.6,2.0,2.0,1.9,333.0,125.0,,,339.0,129.0,340.0,117.0,347.0,116.0,367.0,130.0,,,,,,,,0.02,0.04,0.06,1.8,0.0,0.31,1.47,0.84,4.92,24,0.0,0.0,0.0,0.0,0.0,0.0,0.0,0.0,0.0,0.0,0.0,0.0,0.0,0.0,0.0,74.0,64.0,0.0,0.0,0.0,0.0,0.0,0.0,0.0,0.0,0.0,0.0,0.0,0.0,0.0
110,Michael,Kayode,Kayode,a,,,4.5,491,95.0,0.7,221,85.0,1.6,209.0,77.0,0,0,0.0,0,0.0,153,292,0.4,14.4,1.6,1.6,2.8,218.0,86.0,,,87.0,40.0,49.0,7.0,258.0,75.0,92.0,24.0,,,,,,,,0.01,0.1,0.11,1.37,0.0,0.23,1.4,1.04,6.44,24,0.0,0.0,0.0,0.0,0.0,0.0,0.0,0.0,0.0,0.0,0.0,0.0,0.0,0.0,0.0,182.0,512.0,0.0,0.0,0.0,0.0,0.0,0.0,0.0,0.0,0.0,0.0,0.0,0.0,0.0
111,Ethan,Pinnock,Pinnock,a,,,4.2,628,147.0,0.1,452,166.0,0.0,543.0,230.0,0,0,0.0,-3,3.0,34,19,0.0,1.0,0.0,0.0,1.3,411.0,151.0,100.0,100.0,374.0,145.0,449.0,164.0,375.0,135.0,414.0,149.0,,,,,,,,0.0,0.02,0.02,1.26,0.0,0.0,1.97,1.18,11.45,24,0.0,0.0,0.0,0.0,0.0,0.0,0.0,0.0,0.0,0.0,0.0,0.0,0.0,0.0,0.0,36.0,23.0,0.0,0.0,0.0,0.0,0.0,0.0,0.0,0.0,0.0,0.0,0.0,0.0,0.0
112,Mads,Roerslev Rasmussen,Roerslev,u,Has joined Southampton permanently.,,4.5,420,82.0,0.0,695,238.0,0.0,627.0,249.0,0,0,0.0,0,0.0,0,1,0.0,0.0,0.0,0.0,0.0,682.0,253.0,0.0,0.0,677.0,253.0,673.0,253.0,651.0,252.0,679.0,253.0,,,,,,,,0.0,0.0,0.0,0.0,0.0,0.0,0.0,0.0,0.0,24,0.0,0.0,0.0,0.0,0.0,0.0,0.0,0.0,0.0,0.0,0.0,0.0,0.0,0.0,0.0,0.0,1.0,0.0,0.0,0.0,0.0,0.0,0.0,0.0,0.0,0.0,0.0,0.0,0.0,0.0
113,Sepp,van den Berg,Van den Berg,a,,,4.5,429,85.0,0.7,219,83.0,0.2,376.0,140.0,0,0,0.0,0,0.0,56,226,0.0,11.8,0.2,0.2,2.9,198.0,78.0,100.0,100.0,98.0,43.0,349.0,122.0,120.0,22.0,167.0,53.0,,,,,,,,0.11,0.01,0.12,1.3,0.0,0.17,1.48,0.97,9.21,24,0.0,0.0,0.0,0.0,0.0,0.0,0.0,0.0,0.0,0.0,0.0,0.0,0.0,0.0,0.0,73.0,723.0,0.0,0.0,0.0,0.0,0.0,0.0,0.0,0.0,0.0,0.0,0.0,0.0,0.0
115,Benjamin,Fredrick,Fredrick,u,has joined Dender on loan for the rest of the season.,,4.0,716,199.0,0.1,517,185.0,0.0,531.0,220.0,0,0,0.0,0,0.0,0,4,0.0,0.0,0.0,0.0,0.0,609.0,235.0,0.0,0.0,600.0,235.0,593.0,235.0,561.0,231.0,602.0,235.0,,,,,,,,0.0,0.0,0.0,0.0,0.0,0.0,0.0,0.0,0.0,24,0.0,0.0,0.0,0.0,0.0,0.0,0.0,0.0,0.0,0.0,0.0,0.0,0.0,0.0,0.0,0.0,4.0,0.0,0.0,0.0,0.0,0.0,0.0,0.0,0.0,0.0,0.0,0.0,0.0,0.0
116,Aaron,Hickey,Hickey,a,,,4.0,678,171.0,0.5,260,98.0,1.0,264.0,98.0,0,0,0.0,0,0.0,99,144,0.2,7.5,1.0,1.0,2.0,319.0,120.0,100.0,100.0,381.0,147.0,390.0,143.0,308.0,98.0,394.0,142.0,,,,,,,,0.07,0.03,0.1,0.89,0.0,0.34,1.17,1.01,5.36,24,0.0,0.0,0.0,0.0,0.0,0.0,0.0,0.0,0.0,0.0,0.0,0.0,0.0,0.0,0.0,136.0,212.0,0.0,0.0,0.0,0.0,0.0,0.0,0.0,0.0,0.0,0.0,0.0,0.0,0.0
117,Kim,Ji-soo,Ji-soo,u,has joined Kaiserslautern on loan for the rest of the season.,,3.9,770,226.0,0.1,505,182.0,0.0,471.0,184.0,0,0,0.0,-1,1.0,0,4,0.0,0.0,0.0,0.0,0.0,552.0,202.0,0.0,0.0,543.0,202.0,534.0,202.0,499.0,195.0,545.0,202.0,,,,,,,,0.0,0.0,0.0,0.0,0.0,0.0,0.0,0.0,0.0,24,0.0,0.0,0.0,0.0,0.0,0.0,0.0,0.0,0.0,0.0,0.0,0.0,0.0,0.0,0.0,0.0,6.0,0.0,0.0,0.0,0.0,0.0,0.0,0.0,0.0,0.0,0.0,0.0,0.0,0.0
118,Jayden,Meghoma,Meghoma,u,Has joined Rangers on loan for the rest of the season.,,4.0,688,177.0,0.0,605,216.0,0.0,506.0,201.0,0,0,0.0,0,0.0,0,1,0.0,0.0,0.0,0.0,0.0,586.0,218.0,0.0,0.0,577.0,218.0,570.0,218.0,537.0,213.0,579.0,218.0,,,,,,,,0.0,0.0,0.0,0.0,0.0,0.0,0.0,0.0,0.0,24,0.0,0.0,0.0,0.0,0.0,0.0,0.0,0.0,0.0,0.0,0.0,0.0,0.0,0.0,0.0,0.0,2.0,0.0,0.0,0.0,0.0,0.0,0.0,0.0,0.0,0.0,0.0,0.0,0.0,0.0
120,Kevin,Schade,Schade,a,,,7.1,38,22.0,2.6,114,36.0,3.0,111.0,49.0,0,0,0.0,1,-1.0,574,4309,0.4,12.4,3.0,3.0,4.0,74.0,33.0,100.0,100.0,61.0,18.0,74.0,56.0,8.0,2.0,19.0,15.0,,,3.0,,,,,0.42,0.08,0.5,1.22,0.0,0.35,1.09,1.04,6.84,24,0.0,0.0,0.0,0.0,0.0,0.0,0.0,0.0,0.0,0.0,0.0,0.0,0.0,0.0,0.0,721.0,6997.0,0.0,0.0,0.0,0.0,0.0,0.0,0.0,0.0,0.0,0.0,0.0,0.0,0.0
121,Mikkel,Damsgaard,Damsgaard,d,Knee injury - 75% chance of playing,,5.7,119,74.0,0.5,257,86.0,2.0,176.0,76.0,0,0,0.0,-3,3.0,7,370,0.4,10.7,1.5,1.5,3.0,191.0,84.0,75.0,75.0,152.0,56.0,22.0,21.0,127.0,73.0,62.0,42.0,1.0,3.0,,,,,,0.08,0.26,0.34,1.38,0.0,0.14,1.56,1.06,10.05,24,0.0,0.0,0.0,0.0,0.0,0.0,0.0,0.0,0.0,0.0,0.0,0.0,0.0,0.0,0.0,9.0,505.0,0.0,0.0,0.0,0.0,0.0,0.0,0.0,0.0,0.0,0.0,0.0,0.0,0.0
122,Antoni,Milambo,Milambo,i,Knee injury - Expected back 01 Jun,,5.2,219,136.0,0.0,646,262.0,0.0,763.0,336.0,0,0,0.0,-3,3.0,3,2,0.0,0.2,0.0,0.0,1.0,480.0,226.0,0.0,0.0,462.0,212.0,442.0,213.0,776.0,344.0,472.0,217.0,,,,,,,,0.0,0.02,0.02,2.98,0.0,0.0,6.0,2.0,8.0,24,0.0,0.0,0.0,0.0,0.0,0.0,0.0,0.0,0.0,0.0,0.0,0.0,0.0,0.0,0.0,4.0,2.0,0.0,0.0,0.0,0.0,0.0,0.0,0.0,0.0,0.0,0.0,0.0,0.0,0.0
123,Fábio,Freitas Gouveia Carvalho,Carvalho,i,Knee injury - Expected back 01 Jun,,4.7,384,240.0,0.1,456,155.0,0.0,699.0,289.0,0,0,0.0,-3,3.0,2,27,0.0,2.8,0.0,0.0,2.2,297.0,129.0,0.0,0.0,401.0,176.0,424.0,207.0,320.0,168.0,411.0,186.0,4.0,,4.0,,,,,0.63,0.03,0.66,1.87,0.0,0.0,3.6,0.9,7.2,24,0.0,0.0,0.0,0.0,0.0,0.0,0.0,0.0,0.0,0.0,0.0,0.0,0.0,0.0,0.0,2.0,33.0,0.0,0.0,0.0,0.0,0.0,0.0,0.0,0.0,0.0,0.0,0.0,0.0,0.0
124,Jordan,Henderson,Henderson,a,,,5.0,241,148.0,0.4,286,95.0,0.6,318.0,142.0,0,0,0.0,0,0.0,114,142,0.1,11.8,0.6,0.6,2.8,219.0,93.0,100.0,100.0,176.0,70.0,83.0,61.0,313.0,163.0,168.0,91.0,,,,,,,,0.02,0.13,0.15,1.23,0.0,0.27,1.39,0.99,8.28,24,0.0,0.0,0.0,0.0,0.0,0.0,0.0,0.0,0.0,0.0,0.0,0.0,0.0,0.0,0.0,140.0,190.0,0.0,0.0,0.0,0.0,0.0,0.0,0.0,0.0,0.0,0.0,0.0,0.0,0.0
125,Vitaly,Janelt,Janelt,a,,,4.9,302,187.0,0.3,310,105.0,4.2,40.0,18.0,0,0,0.0,-1,1.0,143,386,0.9,11.2,4.2,4.2,3.1,173.0,74.0,100.0,100.0,182.0,75.0,84.0,62.0,262.0,142.0,164.0,89.0,5.0,,,,,,,0.05,0.17,0.22,1.34,0.0,0.38,1.06,0.86,12.19,24,0.0,0.0,0.0,0.0,0.0,0.0,0.0,0.0,0.0,0.0,0.0,0.0,0.0,0.0,0.0,188.0,579.0,0.0,0.0,0.0,0.0,0.0,0.0,0.0,0.0,0.0,0.0,0.0,0.0,0.0
126,Mathias,Jensen,Jensen,a,,,4.9,305,189.0,0.1,511,181.0,2.0,174.0,75.0,0,0,0.0,-1,1.0,33,29,0.4,9.2,2.0,2.0,2.1,312.0,139.0,,,243.0,103.0,91.0,68.0,209.0,113.0,182.0,97.0,3.0,,5.0,,,,,0.12,0.27,0.39,1.36,0.0,0.38,1.24,1.05,8.2,24,0.0,0.0,0.0,0.0,0.0,0.0,0.0,0.0,0.0,0.0,0.0,0.0,0.0,0.0,0.0,39.0,36.0,0.0,0.0,0.0,0.0,0.0,0.0,0.0,0.0,0.0,0.0,0.0,0.0,0.0
127,Gustavo,Nunes Fernandes Gomes,Nunes,u,has joined Swansea City on loan for the rest of the season.,,4.9,344,214.0,0.0,691,291.0,0.0,734.0,312.0,0,0,0.0,-1,1.0,0,7,0.0,0.0,0.0,0.0,0.0,764.0,331.0,0.0,0.0,764.0,331.0,760.0,331.0,752.0,329.0,764.0,331.0,,,,,,,,0.0,0.0,0.0,0.0,0.0,0.0,0.0,0.0,0.0,24,0.0,0.0,0.0,0.0,0.0,0.0,0.0,0.0,0.0,0.0,0.0,0.0,0.0,0.0,0.0,0.0,9.0,0.0,0.0,0.0,0.0,0.0,0.0,0.0,0.0,0.0,0.0,0.0,0.0,0.0
128,Frank,Onyeka,Onyeka,a,,,4.8,364,226.0,0.0,596,226.0,0.0,707.0,293.0,0,0,0.0,-2,2.0,8,7,0.0,2.5,0.0,0.0,2.0,323.0,143.0,100.0,100.0,414.0,185.0,394.0,196.0,417.0,206.0,435.0,197.0,,,,,,,,0.0,0.37,0.37,2.07,0.0,0.0,2.05,0.0,10.23,24,0.0,0.0,0.0,0.0,0.0,0.0,0.0,0.0,0.0,0.0,0.0,0.0,0.0,0.0,0.0,11.0,7.0,0.0,0.0,0.0,0.0,0.0,0.0,0.0,0.0,0.0,0.0,0.0,0.0,0.0
129,Yehor,Yarmoliuk,Yarmoliuk,a,,,5.0,274,167.0,0.1,445,152.0,3.2,86.0,37.0,0,0,0.0,0,0.0,68,63,0.6,14.0,3.2,3.2,3.0,190.0,83.0,100.0,100.0,157.0,59.0,130.0,94.0,207.0,112.0,160.0,88.0,,,,,,,,0.06,0.06,0.12,1.37,0.0,0.26,1.45,1.09,11.37,24,0.0,0.0,0.0,0.0,0.0,0.0,0.0,0.0,0.0,0.0,0.0,0.0,0.0,0.0,0.0,95.0,86.0,0.0,0.0,0.0,0.0,0.0,0.0,0.0,0.0,0.0,0.0,0.0,0.0,0.0
130,Romelle,Donovan,Donovan,a,,,4.4,561,336.0,0.1,480,167.0,0.2,375.0,169.0,0,0,0.0,-1,1.0,22,19,0.0,0.2,0.2,0.2,1.0,454.0,204.0,,,465.0,214.0,402.0,199.0,413.0,204.0,452.0,205.0,,,,,,,,4.5,0.9,5.4,0.0,0.0,0.0,0.0,0.0,90.0,24,0.0,0.0,0.0,0.0,0.0,0.0,0.0,0.0,0.0,0.0,0.0,0.0,0.0,0.0,0.0,24.0,26.0,0.0,0.0,0.0,0.0,0.0,0.0,0.0,0.0,0.0,0.0,0.0,0.0,0.0
131,Yunus Emre,Konak,Konak,u,has joined Oxford United on loan for the rest of the season.,,4.3,618,362.0,0.2,388,132.0,0.0,584.0,209.0,0,0,0.0,-2,2.0,0,96,0.0,0.0,0.0,0.0,0.0,648.0,250.0,0.0,0.0,639.0,241.0,636.0,246.0,610.0,235.0,641.0,243.0,,,,,,,,0.0,0.0,0.0,0.0,0.0,0.0,0.0,0.0,0.0,24,0.0,0.0,0.0,0.0,0.0,0.0,0.0,0.0,0.0,0.0,0.0,0.0,0.0,0.0,0.0,0.0,132.0,0.0,0.0,0.0,0.0,0.0,0.0,0.0,0.0,0.0,0.0,0.0,0.0,0.0
132,Paris,Maghoma,Maghoma,u,has joined Norwich City permanently.,,4.5,418,251.0,0.0,651,265.0,0.0,625.0,229.0,0,0,0.0,0,0.0,0,39,0.0,0.0,0.0,0.0,0.0,681.0,267.0,0.0,0.0,676.0,262.0,672.0,265.0,649.0,256.0,678.0,264.0,,,,,,,,0.0,0.0,0.0,0.0,0.0,0.0,0.0,0.0,0.0,24,0.0,0.0,0.0,0.0,0.0,0.0,0.0,0.0,0.0,0.0,0.0,0.0,0.0,0.0,0.0,0.0,46.0,0.0,0.0,0.0,0.0,0.0,0.0,0.0,0.0,0.0,0.0,0.0,0.0,0.0
133,Myles,Peart-Harris,Peart-Harris,u,has joined Oxford United permanently.,,4.4,535,319.0,0.0,621,242.0,0.2,372.0,166.0,0,0,0.0,-1,1.0,0,11,0.0,0.2,0.0,0.0,1.0,450.0,200.0,0.0,0.0,647.0,243.0,644.0,248.0,619.0,237.0,649.0,245.0,,,,,,,,0.0,0.0,0.0,0.0,0.0,0.0,0.0,0.0,0.0,24,0.0,0.0,0.0,0.0,0.0,0.0,0.0,0.0,0.0,0.0,0.0,0.0,0.0,0.0,0.0,0.0,13.0,0.0,0.0,0.0,0.0,0.0,0.0,0.0,0.0,0.0,0.0,0.0,0.0,0.0
134,Ryan,Trevitt,Trevitt,u,Has joined Wigan on loan for the rest of the season,,4.5,483,296.0,0.0,768,333.0,0.0,673.0,268.0,0,0,0.0,0,0.0,0,0,0.0,0.0,0.0,0.0,0.0,721.0,300.0,0.0,0.0,720.0,299.0,715.0,299.0,698.0,294.0,720.0,299.0,,,,,,,,0.0,0.0,0.0,0.0,0.0,0.0,0.0,0.0,0.0,24,0.0,0.0,0.0,0.0,0.0,0.0,0.0,0.0,0.0,0.0,0.0,0.0,0.0,0.0,0.0,0.0,0.0,0.0,0.0,0.0,0.0,0.0,0.0,0.0,0.0,0.0,0.0,0.0,0.0,0.0
136,Igor Thiago,Nascimento Rodrigues,Thiago,a,,,7.1,37,16.0,35.6,6,3.0,6.6,4.0,1.0,0,-1,1.0,11,-11.0,10568,41787,0.9,17.5,6.6,6.6,5.4,9.0,2.0,100.0,100.0,4.0,2.0,128.0,6.0,2.0,2.0,4.0,2.0,,,2.0,,,,,0.61,0.04,0.65,1.39,0.0,0.23,1.4,1.02,5.31,24,0.0,0.0,0.0,0.0,0.0,0.0,0.0,0.0,0.0,0.0,0.0,0.0,0.0,0.0,0.0,14380.0,54539.0,0.0,0.0,0.0,0.0,0.0,0.0,0.0,0.0,0.0,0.0,0.0,0.0,0.0
137,Iwan,Morgan,Morgan,u,has joined Shrewsbury on loan for the rest of the season.,,4.4,547,76.0,0.3,306,50.0,0.0,604.0,57.0,0,0,0.0,-1,1.0,0,109,0.0,0.0,0.0,0.0,0.0,663.0,67.0,0.0,0.0,656.0,67.0,652.0,66.0,628.0,66.0,658.0,67.0,,,,,,,,0.0,0.0,0.0,0.0,0.0,0.0,0.0,0.0,0.0,24,0.0,0.0,0.0,0.0,0.0,0.0,0.0,0.0,0.0,0.0,0.0,0.0,0.0,0.0,0.0,0.0,124.0,0.0,0.0,0.0,0.0,0.0,0.0,0.0,0.0,0.0,0.0,0.0,0.0,0.0
748,Josh,Dasilva,Dasilva,i,Knee injury - Unknown return date,,4.9,298,184.0,0.0,794,350.0,0.0,715.0,299.0,0,0,0.0,-1,1.0,0,0,0.0,0.0,0.0,0.0,0.0,752.0,322.0,0.0,0.0,752.0,322.0,748.0,322.0,739.0,320.0,752.0,322.0,,,,,,,,0.0,0.0,0.0,0.0,0.0,0.0,0.0,0.0,0.0,24,0.0,0.0,0.0,0.0,0.0,0.0,0.0,0.0,0.0,0.0,0.0,0.0,0.0,0.0,0.0,0.0,0.0,0.0,0.0,0.0,0.0,0.0,0.0,0.0,0.0,0.0,0.0,0.0,0.0,0.0
797,Kaye,Furo,Furo,a,,,4.5,484,69.0,0.0,761,90.0,0.0,674.0,66.0,0,0,0.0,0,0.0,21,12,0.0,0.0,0.0,0.0,0.0,722.0,76.0,,,721.0,76.0,716.0,75.0,699.0,75.0,721.0,76.0,,,,,,,,0.0,0.0,0.0,0.0,0.0,0.0,0.0,0.0,0.0,24,0.0,0.0,0.0,0.0,0.0,0.0,0.0,0.0,0.0,0.0,0.0,0.0,0.0,0.0,0.0,30.0,14.0,0.0,0.0,0.0,0.0,0.0,0.0,0.0,0.0,0.0,0.0,0.0,0.0,0.0
138,Jason,Steele,Steele,a,,,4.2,620,31.0,0.2,340,47.0,0.0,541.0,78.0,0,0,0.0,-3,3.0,20,32,0.0,0.0,0.0,0.0,0.0,619.0,84.0,,,610.0,84.0,603.0,73.0,571.0,58.0,612.0,84.0,,,,,,,,0.0,0.0,0.0,0.0,0.0,0.0,0.0,0.0,0.0,24,0.0,0.0,0.0,0.0,0.0,0.0,0.0,0.0,0.0,0.0,0.0,0.0,0.0,0.0,0.0,29.0,39.0,0.0,0.0,0.0,0.0,0.0,0.0,0.0,0.0,0.0,0.0,0.0,0.0,0.0
139,Bart,Verbruggen,Verbruggen,a,,,4.5,441,25.0,5.9,64,11.0,3.2,81.0,8.0,3,0,0.0,0,0.0,863,1087,0.7,16.4,3.2,3.2,3.1,170.0,16.0,,,14.0,3.0,408.0,7.0,666.0,75.0,156.0,3.0,,,,,,,,0.0,0.0,0.0,1.43,2.79,0.21,1.33,1.0,0.0,24,3.0,90.0,0.0,0.0,0.0,1.0,0.0,0.0,0.0,0.0,0.0,3.0,1.0,0.0,15.0,2129.0,2153.0,0.0,0.0,0.03,0.03,1.2000000000000028,29.0,0.0,0.0,2.8999999999999986,0.0,0.0,7.0,0.0
143,Olivier,Boscagli,Boscagli,a,,,4.2,626,145.0,0.1,501,180.0,1.2,247.0,92.0,0,0,0.0,-3,3.0,22,23,0.3,3.6,1.2,1.2,3.0,183.0,71.0,,,366.0,139.0,342.0,119.0,374.0,134.0,385.0,138.0,,,,,,,,0.02,0.07,0.09,1.37,0.0,0.39,0.78,1.17,7.43,24,0.0,0.0,0.0,0.0,0.0,0.0,0.0,0.0,0.0,0.0,0.0,0.0,0.0,0.0,0.0,31.0,32.0,0.0,0.0,0.0,0.0,0.0,0.0,0.0,0.0,0.0,0.0,0.0,0.0,0.0
144,Diego,Coppola,Coppola,u,has joined Paris FC on loan for the rest of the season.,,4.2,640,153.0,0.1,575,208.0,0.0,552.0,233.0,0,0,0.0,-3,3.0,0,41,0.0,2.4,0.0,0.0,2.0,320.0,121.0,0.0,0.0,396.0,152.0,435.0,159.0,427.0,161.0,430.0,156.0,,,,,,,,0.0,0.0,0.0,2.11,0.0,0.47,1.4,0.93,8.39,24,0.0,0.0,0.0,0.0,0.0,0.0,0.0,0.0,0.0,0.0,0.0,0.0,0.0,0.0,0.0,0.0,48.0,0.0,0.0,0.0,0.0,0.0,0.0,0.0,0.0,0.0,0.0,0.0,0.0,0.0
145,Maxim,De Cuyper,De Cuyper,a,,,4.3,583,134.0,1.9,136,55.0,2.2,158.0,57.0,8,0,0.0,-2,2.0,406,283,0.5,13.5,2.2,2.2,2.9,197.0,77.0,100.0,100.0,227.0,91.0,61.0,13.0,192.0,43.0,146.0,47.0,3.0,6.0,,,,,,0.12,0.19,0.31,1.65,0.0,0.34,1.46,1.12,3.96,24,8.0,69.0,0.0,0.0,1.0,0.0,0.0,0.0,0.0,0.0,0.0,0.0,1.0,2.0,27.0,473.0,618.0,0.0,0.0,0.18000000000000016,0.18000000000000016,0.4200000000000017,3.5999999999999943,15.399999999999977,2.0,2.0999999999999943,0.0,2.0,2.0,2.0
146,Lewis,Dunk,Dunk,a,,,4.5,405,72.0,1.0,190,75.0,3.6,63.0,24.0,4,0,0.0,0,0.0,419,157,0.8,12.7,3.6,3.6,2.5,257.0,102.0,100.0,100.0,52.0,25.0,234.0,66.0,196.0,46.0,130.0,42.0,,1.0,,,,,,0.04,0.02,0.06,1.42,0.0,0.18,1.38,0.98,7.6,24,4.0,90.0,0.0,0.0,0.0,1.0,0.0,0.0,0.0,0.0,0.0,0.0,1.0,0.0,15.0,559.0,233.0,0.0,0.0,0.010000000000000009,0.010000000000000009,1.1999999999999993,26.0,1.5,0.0,2.799999999999997,2.0,9.0,5.0,11.0
147,Pervis,Estupiñán Tenorio,Estupiñan,u,Has joined AC Milan permanently,,4.5,415,78.0,0.0,729,250.0,0.0,623.0,246.0,0,0,0.0,0,0.0,0,0,0.0,0.0,0.0,0.0,0.0,679.0,251.0,0.0,0.0,674.0,251.0,670.0,251.0,647.0,249.0,676.0,251.0,,,,,,,,0.0,0.0,0.0,0.0,0.0,0.0,0.0,0.0,0.0,24,0.0,0.0,0.0,0.0,0.0,0.0,0.0,0.0,0.0,0.0,0.0,0.0,0.0,0.0,0.0,0.0,0.0,0.0,0.0,0.0,0.0,0.0,0.0,0.0,0.0,0.0,0.0,0.0,0.0,0.0
148,Ferdi,Kadıoğlu,F.Kadıoğlu,a,,,4.4,523,107.0,0.4,275,102.0,3.2,80.0,30.0,2,0,0.0,-1,1.0,247,180,0.7,13.9,3.2,3.2,2.7,229.0,90.0,,,133.0,59.0,60.0,12.0,152.0,30.0,96.0,26.0,2.0,,,,,,,0.06,0.1,0.16,1.43,0.0,0.24,1.3,0.96,4.96,24,2.0,90.0,0.0,0.0,0.0,1.0,0.0,0.0,0.0,0.0,0.0,0.0,1.0,0.0,9.0,457.0,270.0,0.0,0.0,0.0900000000000003,0.08999999999999986,1.2000000000000028,21.600000000000023,30.80000000000001,2.0,5.400000000000006,4.0,2.0,2.0,6.0
149,Igor Julio,dos Santos de Paulo,Igor,a,,,4.5,419,81.0,0.1,518,186.0,0.0,626.0,248.0,0,0,0.0,0,0.0,15,25,0.0,1.3,0.0,0.0,1.5,393.0,145.0,100.0,100.0,419.0,158.0,401.0,147.0,650.0,251.0,441.0,161.0,,,,,,,,0.0,0.0,0.0,4.07,0.0,0.0,2.62,0.87,11.36,24,0.0,0.0,0.0,0.0,0.0,0.0,0.0,0.0,0.0,0.0,0.0,0.0,0.0,0.0,0.0,19.0,30.0,0.0,0.0,0.0,0.0,0.0,0.0,0.0,0.0,0.0,0.0,0.0,0.0,0.0
150,Tariq,Lamptey,Lamptey,u,has joined Fiorentina permanently.,,4.4,525,109.0,0.1,498,179.0,0.0,592.0,243.0,0,0,0.0,-1,1.0,0,1,0.0,0.0,0.0,0.0,0.0,653.0,250.0,0.0,0.0,644.0,250.0,641.0,250.0,616.0,248.0,646.0,250.0,,,,,,,,0.0,0.0,0.0,0.0,0.0,0.0,0.0,0.0,0.0,24,0.0,0.0,0.0,0.0,0.0,0.0,0.0,0.0,0.0,0.0,0.0,0.0,0.0,0.0,0.0,0.0,3.0,0.0,0.0,0.0,0.0,0.0,0.0,0.0,0.0,0.0,0.0,0.0,0.0,0.0
151,Jan Paul,van Hecke,Van Hecke,a,,,4.5,437,87.0,4.4,81,27.0,3.6,64.0,25.0,2,0,0.0,0,0.0,2147,1494,0.8,19.3,3.6,3.6,3.8,90.0,33.0,100.0,100.0,7.0,3.0,183.0,46.0,83.0,7.0,41.0,3.0,,,,,,,,0.09,0.04,0.13,1.43,0.0,0.17,1.39,1.0,8.35,24,2.0,90.0,0.0,0.0,0.0,1.0,0.0,0.0,0.0,0.0,0.0,0.0,1.0,0.0,9.0,3448.0,2504.0,0.0,0.0,0.20000000000000007,0.19999999999999973,1.1999999999999993,17.0,2.5,2.0,2.200000000000003,0.0,9.0,3.0,9.0
152,Joël,Veltman,Veltman,a,,,4.3,568,122.0,0.1,411,150.0,1.8,184.0,65.0,1,0,0.0,-2,2.0,32,79,0.4,7.0,1.8,1.8,2.3,279.0,109.0,100.0,100.0,231.0,93.0,277.0,88.0,280.0,84.0,284.0,95.0,,,,,,,,0.13,0.01,0.14,1.63,0.0,0.13,1.43,0.91,10.13,24,1.0,20.0,0.0,0.0,0.0,1.0,0.0,0.0,0.0,0.0,0.0,0.0,0.0,0.0,0.0,49.0,98.0,0.0,0.0,0.0,0.0,0.7799999999999994,6.800000000000011,0.29999999999999716,0.0,0.6999999999999993,0.0,3.0,1.0,3.0
153,Adam,Webster,Webster,i,Knee injury - Unknown return date,,4.4,516,101.0,0.0,742,252.0,0.0,588.0,240.0,0,0,0.0,-1,1.0,2,8,0.0,0.0,0.0,0.0,0.0,650.0,248.0,0.0,0.0,641.0,248.0,638.0,248.0,613.0,246.0,643.0,248.0,,,,,,,,0.0,0.0,0.0,0.0,0.0,0.0,0.0,0.0,0.0,24,0.0,0.0,0.0,0.0,0.0,0.0,0.0,0.0,0.0,0.0,0.0,0.0,0.0,0.0,0.0,4.0,9.0,0.0,0.0,0.0,0.0,0.0,0.0,0.0,0.0,0.0,0.0,0.0,0.0,0.0
154,Eiran,Cashin,Cashin,u,has joined Blackburn Rovers on loan for the rest of the season.,,4.0,670,167.0,0.0,760,257.0,0.0,490.0,193.0,0,0,0.0,0,0.0,0,1,0.0,0.0,0.0,0.0,0.0,571.0,211.0,0.0,0.0,562.0,211.0,555.0,211.0,522.0,206.0,564.0,211.0,,,,,,,,0.0,0.0,0.0,0.0,0.0,0.0,0.0,0.0,0.0,24,0.0,0.0,0.0,0.0,0.0,0.0,0.0,0.0,0.0,0.0,0.0,0.0,0.0,0.0,0.0,0.0,1.0,0.0,0.0,0.0,0.0,0.0,0.0,0.0,0.0,0.0,0.0,0.0,0.0,0.0
155,Jacob,Slater,Slater,u,has joined Harrogate Town on loan until January.,,4.0,710,193.0,0.1,486,176.0,0.0,526.0,215.0,0,0,0.0,0,0.0,0,3,0.0,0.0,0.0,0.0,0.0,604.0,230.0,0.0,0.0,595.0,230.0,588.0,230.0,556.0,226.0,597.0,230.0,,,,,,,,0.0,0.0,0.0,0.0,0.0,0.0,0.0,0.0,0.0,24,0.0,0.0,0.0,0.0,0.0,0.0,0.0,0.0,0.0,0.0,0.0,0.0,0.0,0.0,0.0,0.0,4.0,0.0,0.0,0.0,0.0,0.0,0.0,0.0,0.0,0.0,0.0,0.0,0.0,0.0
156,Charlie,Tasker,Tasker,a,,,3.8,798,253.0,0.1,413,152.0,0.0,430.0,170.0,0,0,0.0,-2,2.0,32,21,0.0,0.0,0.0,0.0,0.0,513.0,190.0,,,504.0,190.0,494.0,190.0,458.0,182.0,506.0,190.0,,,,,,,,0.0,0.0,0.0,0.0,0.0,0.0,0.0,0.0,0.0,24,0.0,0.0,0.0,0.0,0.0,0.0,0.0,0.0,0.0,0.0,0.0,0.0,0.0,0.0,0.0,38.0,30.0,0.0,0.0,0.0,0.0,0.0,0.0,0.0,0.0,0.0,0.0,0.0,0.0,0.0
157,Mitoma,Kaoru,Mitoma,a,,,6.1,83,55.0,2.1,126,43.0,3.4,75.0,31.0,2,0,0.0,-4,4.0,608,689,0.6,6.6,3.4,3.4,2.9,209.0,89.0,100.0,100.0,246.0,106.0,81.0,59.0,95.0,59.0,135.0,73.0,,,,,,,,0.18,0.15,0.33,1.32,0.0,0.18,1.15,0.98,4.89,24,2.0,90.0,0.0,0.0,0.0,1.0,0.0,0.0,0.0,0.0,0.0,0.0,1.0,0.0,8.0,1065.0,1008.0,0.0,0.3699999999999999,0.20999999999999996,0.5800000000000001,1.1999999999999993,9.0,29.0,17.0,5.5,1.0,0.0,7.0,8.0
158,Georginio,Rutter,Georginio,a,,,5.6,132,81.0,0.4,265,90.0,2.6,138.0,61.0,1,0,0.0,-4,4.0,90,364,0.5,11.2,2.6,2.6,2.9,206.0,86.0,100.0,100.0,190.0,80.0,86.0,64.0,42.0,25.0,78.0,48.0,,,,,,,,0.13,0.13,0.26,1.16,0.0,0.38,0.95,1.08,6.21,24,1.0,59.0,0.0,0.0,0.0,0.0,0.0,0.0,0.0,0.0,0.0,0.0,1.0,0.0,2.0,145.0,632.0,0.0,0.09999999999999987,0.03000000000000025,0.13000000000000034,0.0799999999999983,4.200000000000017,14.099999999999966,8.0,2.5999999999999943,1.0,2.0,1.0,4.0
159,Solly,March,March,i,Lack of match fitness - Unknown return date,,5.8,105,67.0,0.0,741,317.0,0.0,792.0,353.0,0,0,0.0,-2,2.0,5,3,0.0,0.0,0.0,0.0,0.0,797.0,355.0,0.0,0.0,797.0,355.0,797.0,355.0,795.0,354.0,797.0,355.0,,,,,,,,0.0,0.0,0.0,0.0,0.0,0.0,0.0,0.0,0.0,24,0.0,0.0,0.0,0.0,0.0,0.0,0.0,0.0,0.0,0.0,0.0,0.0,0.0,0.0,0.0,6.0,7.0,0.0,0.0,0.0,0.0,0.0,0.0,0.0,0.0,0.0,0.0,0.0,0.0,0.0
160,Yankuba,Minteh,Minteh,a,,,5.7,123,76.0,2.5,115,37.0,0.6,321.0,145.0,1,0,0.0,-3,3.0,532,2343,0.1,14.4,0.6,0.6,3.7,105.0,51.0,100.0,100.0,140.0,48.0,23.0,22.0,24.0,11.0,28.0,22.0,1.0,,,,,,,0.16,0.16,0.32,1.39,0.0,0.34,1.4,1.01,6.84,24,1.0,30.0,0.0,0.0,0.0,1.0,0.0,0.0,0.0,0.0,0.0,0.0,0.0,0.0,7.0,870.0,3961.0,0.0,0.050000000000000266,0.0,0.05000000000000071,1.1199999999999974,4.0,10.399999999999977,7.0,2.0999999999999943,1.0,1.0,3.0,5.0
161,Julio,Enciso Espínola,Enciso,u,has joined Strasbourg permanently.,,5.4,175,108.0,0.0,730,310.0,0.0,780.0,344.0,0,0,0.0,-1,1.0,0,0,0.0,0.0,0.0,0.0,0.0,790.0,350.0,0.0,0.0,790.0,350.0,789.0,350.0,785.0,349.0,790.0,350.0,,,,,,,,0.0,0.0,0.0,0.0,0.0,0.0,0.0,0.0,0.0,24,0.0,0.0,0.0,0.0,0.0,0.0,0.0,0.0,0.0,0.0,0.0,0.0,0.0,0.0,0.0,0.0,0.0,0.0,0.0,0.0,0.0,0.0,0.0,0.0,0.0,0.0,0.0,0.0,0.0,0.0
162,Brajan,Gruda,Gruda,a,,,5.4,180,112.0,0.1,552,201.0,1.2,261.0,112.0,0,0,0.0,-1,1.0,32,25,0.2,6.5,1.2,1.2,1.9,345.0,152.0,100.0,100.0,288.0,129.0,114.0,80.0,142.0,81.0,207.0,107.0,,,,,,,,0.24,0.11,0.35,1.76,0.0,0.25,1.4,1.02,7.37,24,0.0,0.0,0.0,0.0,0.0,0.0,0.0,0.0,0.0,0.0,0.0,0.0,0.0,0.0,0.0,41.0,33.0,0.0,0.0,0.0,0.0,0.0,0.0,0.0,0.0,0.0,0.0,0.0,0.0,0.0
163,Jack,Hinshelwood,Hinshelwood,a,,,5.1,239,146.0,0.0,584,217.0,1.4,239.0,101.0,0,0,0.0,-4,4.0,30,39,0.3,7.1,1.4,1.4,2.8,221.0,94.0,100.0,100.0,290.0,131.0,305.0,173.0,229.0,125.0,306.0,146.0,,,,,,,,0.1,0.05,0.15,2.15,0.0,0.14,1.79,0.96,8.93,24,0.0,0.0,0.0,0.0,0.0,0.0,0.0,0.0,0.0,0.0,0.0,0.0,0.0,0.0,0.0,39.0,59.0,0.0,0.0,0.0,0.0,0.0,0.0,0.0,0.0,0.0,0.0,0.0,0.0,0.0
164,Matt,O'Riley,O'Riley,u,has joined Marseille on loan for the rest of the season.,,5.5,143,89.0,0.3,298,99.0,0.0,786.0,350.0,0,0,0.0,0,0.0,0,20,0.0,2.2,0.0,0.0,6.0,3.0,1.0,0.0,0.0,377.0,165.0,279.0,162.0,275.0,147.0,352.0,167.0,,,,,,,,0.62,0.09,0.71,1.08,0.0,0.51,1.02,1.02,4.58,24,0.0,0.0,0.0,0.0,0.0,0.0,0.0,0.0,0.0,0.0,0.0,0.0,0.0,0.0,0.0,0.0,23.0,0.0,0.0,0.0,0.0,0.0,0.0,0.0,0.0,0.0,0.0,0.0,0.0,0.0
165,Abdallah,Sima,Sima,u,has joined Lens permanently.,,5.4,181,113.0,0.0,718,303.0,0.0,782.0,346.0,0,0,0.0,-1,1.0,0,2,0.0,0.0,0.0,0.0,0.0,791.0,351.0,0.0,0.0,791.0,351.0,790.0,351.0,786.0,350.0,791.0,351.0,,,,,,,,0.0,0.0,0.0,0.0,0.0,0.0,0.0,0.0,0.0,24,0.0,0.0,0.0,0.0,0.0,0.0,0.0,0.0,0.0,0.0,0.0,0.0,0.0,0.0,0.0,0.0,2.0,0.0,0.0,0.0,0.0,0.0,0.0,0.0,0.0,0.0,0.0,0.0,0.0,0.0
166,Yasin,Ayari,Ayari,a,,,4.8,370,231.0,1.0,186,62.0,6.6,3.0,3.0,5,0,0.0,-2,2.0,5224,360,1.4,17.1,6.6,6.6,3.9,78.0,35.0,100.0,100.0,137.0,46.0,115.0,81.0,99.0,61.0,109.0,60.0,4.0,5.0,,,,,,0.13,0.06,0.19,1.3,0.0,0.26,1.11,0.95,10.59,24,5.0,90.0,0.0,1.0,0.0,1.0,0.0,0.0,0.0,0.0,0.0,0.0,1.0,0.0,26.0,7840.0,632.0,0.0,0.0,0.1200000000000001,0.11999999999999966,1.1999999999999993,23.400000000000034,13.5,2.0,3.8999999999999915,2.0,1.0,6.0,9.0
167,Carlos,Baleba,Baleba,a,,,4.5,456,275.0,1.3,161,55.0,1.8,191.0,82.0,4,0,0.0,-5,5.0,575,146,0.4,7.6,1.8,1.8,1.8,350.0,156.0,100.0,100.0,346.0,154.0,260.0,157.0,342.0,178.0,354.0,168.0,,,,,,,,0.03,0.02,0.05,1.25,0.0,0.33,1.24,1.32,11.0,24,4.0,90.0,0.0,0.0,0.0,1.0,0.0,0.0,0.0,0.0,0.0,0.0,1.0,0.0,10.0,729.0,207.0,0.0,0.0,0.020000000000000018,0.020000000000000018,1.1999999999999993,6.800000000000011,2.8000000000000114,2.0,1.2000000000000028,3.0,3.0,8.0,14.0
169,Diego,Gómez Amarilla,Gomez,d,Knock - 75% chance of playing,,4.9,338,208.0,0.2,377,127.0,1.8,193.0,84.0,0,0,0.0,-1,1.0,7,222,0.4,11.4,1.4,1.4,2.7,233.0,100.0,75.0,75.0,162.0,61.0,97.0,73.0,56.0,34.0,86.0,51.0,,3.0,,,,,,0.28,0.08,0.36,1.39,0.0,0.25,1.4,1.08,9.24,24,0.0,0.0,0.0,0.0,0.0,0.0,0.0,0.0,0.0,0.0,0.0,0.0,0.0,0.0,0.0,11.0,353.0,0.0,0.0,0.0,0.0,0.0,0.0,0.0,0.0,0.0,0.0,0.0,0.0,0.0
170,James,Milner,Milner,a,,,4.9,285,176.0,0.1,463,157.0,0.8,293.0,130.0,1,0,0.0,-1,1.0,40,29,0.2,4.5,0.8,0.8,1.6,381.0,169.0,100.0,100.0,341.0,151.0,236.0,145.0,350.0,182.0,346.0,165.0,5.0,,1.0,,,,,0.25,0.15,0.4,1.99,0.0,0.0,3.22,0.59,9.67,24,1.0,1.0,0.0,0.0,0.0,1.0,0.0,0.0,0.0,0.0,0.0,0.0,0.0,0.0,3.0,47.0,33.0,0.0,0.0,0.0,0.0,0.6200000000000001,0.0,0.0,0.0,0.0,0.0,0.0,0.0,0.0
171,Jeremy,Sarmiento Morante,Sarmiento,u,has joined Middlesbrough on loan for the rest of the season.,,4.9,328,202.0,0.0,690,290.0,0.0,727.0,307.0,0,0,0.0,-1,1.0,0,1,0.0,0.0,0.0,0.0,0.0,760.0,329.0,0.0,0.0,760.0,329.0,756.0,329.0,748.0,327.0,760.0,329.0,,,,,,,,0.0,0.0,0.0,0.0,0.0,0.0,0.0,0.0,0.0,24,0.0,0.0,0.0,0.0,0.0,0.0,0.0,0.0,0.0,0.0,0.0,0.0,0.0,0.0,0.0,0.0,1.0,0.0,0.0,0.0,0.0,0.0,0.0,0.0,0.0,0.0,0.0,0.0,0.0,0.0
174,Malick,Yalcouyé,Yalcouye,u,Has joined Swansea City on loan for the rest of the season.,,5.0,280,172.0,0.0,759,329.0,0.0,753.0,327.0,0,0,0.0,0,0.0,0,0,0.0,0.0,0.0,0.0,0.0,779.0,343.0,0.0,0.0,779.0,343.0,777.0,343.0,771.0,341.0,779.0,343.0,,,,,,,,0.0,0.0,0.0,0.0,0.0,0.0,0.0,0.0,0.0,24,0.0,0.0,0.0,0.0,0.0,0.0,0.0,0.0,0.0,0.0,0.0,0.0,0.0,0.0,0.0,0.0,0.0,0.0,0.0,0.0,0.0,0.0,0.0,0.0,0.0,0.0,0.0,0.0,0.0,0.0
175,Joe,Knight,Knight,a,,,4.4,552,331.0,0.1,512,182.0,0.0,609.0,221.0,0,0,0.0,-1,1.0,17,22,0.0,0.2,0.0,0.0,1.0,452.0,202.0,,,661.0,254.0,657.0,258.0,633.0,248.0,663.0,256.0,,,,,,,,0.0,0.0,0.0,0.0,0.0,0.0,0.0,0.0,0.0,24,0.0,0.0,0.0,0.0,0.0,0.0,0.0,0.0,0.0,0.0,0.0,0.0,0.0,0.0,0.0,24.0,28.0,0.0,0.0,0.0,0.0,0.0,0.0,0.0,0.0,0.0,0.0,0.0,0.0,0.0
176,Adrian,Mazilu,Mazilu,u,has joined Dinamo Bucharest permanently.,,4.5,460,279.0,0.0,676,280.0,0.0,654.0,254.0,0,0,0.0,0,0.0,0,2,0.0,0.0,0.0,0.0,0.0,705.0,289.0,0.0,0.0,701.0,285.0,698.0,287.0,678.0,279.0,702.0,286.0,,,,,,,,0.0,0.0,0.0,0.0,0.0,0.0,0.0,0.0,0.0,24,0.0,0.0,0.0,0.0,0.0,0.0,0.0,0.0,0.0,0.0,0.0,0.0,0.0,0.0,0.0,0.0,2.0,0.0,0.0,0.0,0.0,0.0,0.0,0.0,0.0,0.0,0.0,0.0,0.0,0.0
177,Andrew,Moran,Moran,u,Has joined Los Angeles FC on loan for the rest of the season.,,4.5,450,269.0,0.0,685,285.0,0.0,647.0,247.0,0,0,0.0,0,0.0,0,1,0.0,0.0,0.0,0.0,0.0,698.0,282.0,0.0,0.0,694.0,278.0,691.0,280.0,671.0,272.0,695.0,279.0,,,,,,,,0.0,0.0,0.0,0.0,0.0,0.0,0.0,0.0,0.0,24,0.0,0.0,0.0,0.0,0.0,0.0,0.0,0.0,0.0,0.0,0.0,0.0,0.0,0.0,0.0,0.0,1.0,0.0,0.0,0.0,0.0,0.0,0.0,0.0,0.0,0.0,0.0,0.0,0.0,0.0
178,Danny,Welbeck,Welbeck,a,,,6.2,71,23.0,4.1,83,15.0,1.4,242.0,30.0,2,0,0.0,-3,3.0,1343,3444,0.2,11.3,1.4,1.4,3.0,193.0,19.0,100.0,100.0,134.0,11.0,137.0,9.0,28.0,14.0,69.0,12.0,,2.0,2.0,,,,,0.56,0.05,0.61,1.35,0.0,0.27,1.34,1.0,4.15,24,2.0,69.0,0.0,0.0,1.0,0.0,0.0,0.0,0.0,0.0,0.0,0.0,1.0,0.0,5.0,2671.0,4333.0,0.0,0.5500000000000007,0.040000000000000036,0.5899999999999999,0.4200000000000017,4.599999999999966,11.099999999999994,47.0,6.300000000000011,1.0,1.0,3.0,5.0
179,Evan,Ferguson,Ferguson,u,Has joined AS Roma on loan for the rest of the season,,5.5,151,38.0,0.0,738,88.0,0.0,789.0,82.0,0,0,0.0,0,0.0,0,0,0.0,0.0,0.0,0.0,0.0,796.0,86.0,0.0,0.0,796.0,86.0,795.0,86.0,792.0,86.0,796.0,86.0,,,,,,,,0.0,0.0,0.0,0.0,0.0,0.0,0.0,0.0,0.0,24,0.0,0.0,0.0,0.0,0.0,0.0,0.0,0.0,0.0,0.0,0.0,0.0,0.0,0.0,0.0,0.0,0.0,0.0,0.0,0.0,0.0,0.0,0.0,0.0,0.0,0.0,0.0,0.0,0.0,0.0
180,Stefanos,Tzimas,Tzimas,i,Knee injury - Expected back 01 Jun,,5.2,223,51.0,0.1,516,73.0,0.0,764.0,77.0,0,0,0.0,-3,3.0,2,13,0.0,3.1,0.0,0.0,1.8,356.0,38.0,0.0,0.0,370.0,38.0,282.0,29.0,306.0,50.0,359.0,44.0,,,,,,,,0.3,0.08,0.38,1.77,0.0,0.0,1.36,0.68,10.23,24,0.0,0.0,0.0,0.0,0.0,0.0,0.0,0.0,0.0,0.0,0.0,0.0,0.0,0.0,0.0,6.0,17.0,0.0,0.0,0.0,0.0,0.0,0.0,0.0,0.0,0.0,0.0,0.0,0.0,0.0
181,Charalampos,Kostoulas,Kostoulas,a,,,4.8,374,63.0,0.4,288,45.0,2.8,116.0,16.0,1,0,0.0,-2,2.0,138,153,0.6,5.6,2.8,2.8,1.9,339.0,33.0,,,301.0,30.0,275.0,28.0,132.0,33.0,272.0,33.0,,,,,,,,0.61,0.1,0.71,1.54,0.0,0.45,2.23,0.45,12.92,24,1.0,20.0,0.0,0.0,0.0,1.0,0.0,0.0,0.0,0.0,0.0,0.0,0.0,0.0,1.0,182.0,196.0,0.0,0.0,0.010000000000000009,0.010000000000000009,0.7799999999999998,3.4000000000000057,0.5,2.0,0.6000000000000014,1.0,1.0,1.0,3.0
744,Nehemiah,Oriola,Oriola,a,,,4.5,465,282.0,0.0,708,300.0,0.0,657.0,256.0,0,0,0.0,0,0.0,5,6,0.0,0.2,0.0,0.0,1.0,459.0,208.0,,,705.0,288.0,701.0,289.0,682.0,282.0,706.0,289.0,,,,,,,,0.0,0.0,0.0,0.0,0.0,0.0,0.0,0.0,0.0,24,0.0,0.0,0.0,0.0,0.0,0.0,0.0,0.0,0.0,0.0,0.0,0.0,0.0,0.0,0.0,8.0,7.0,0.0,0.0,0.0,0.0,0.0,0.0,0.0,0.0,0.0,0.0,0.0,0.0,0.0
761,Freddie,Simmonds,Simmonds,a,,,4.0,715,198.0,0.0,728,249.0,0.0,530.0,219.0,0,0,0.0,0,0.0,6,5,0.0,0.0,0.0,0.0,0.0,608.0,234.0,,,599.0,234.0,592.0,234.0,560.0,230.0,601.0,234.0,,,,,,,,0.0,0.0,0.0,0.0,0.0,0.0,0.0,0.0,0.0,24,0.0,0.0,0.0,0.0,0.0,0.0,0.0,0.0,0.0,0.0,0.0,0.0,0.0,0.0,0.0,8.0,6.0,0.0,0.0,0.0,0.0,0.0,0.0,0.0,0.0,0.0,0.0,0.0,0.0,0.0
783,Pascal,Groß,Groß,a,,,5.5,135,82.0,0.0,587,219.0,3.8,57.0,24.0,12,0,0.0,0,0.0,684,40,0.7,3.5,3.8,3.8,3.8,95.0,44.0,,,331.0,146.0,170.0,114.0,278.0,148.0,297.0,144.0,,,,,,,,0.11,0.19,0.3,1.32,0.0,0.24,0.72,0.96,9.1,24,12.0,90.0,1.0,0.0,1.0,0.0,0.0,0.0,0.0,1.0,0.0,0.0,1.0,3.0,34.0,750.0,70.0,0.0,0.22000000000000003,0.06000000000000005,0.28,0.5699999999999994,46.599999999999994,3.5,24.0,7.399999999999999,3.0,5.0,7.0,15.0
795,Harry,Howell,Howell,a,,,4.5,486,298.0,0.0,796,352.0,0.0,676.0,270.0,0,0,0.0,0,0.0,7,7,0.0,0.0,0.0,0.0,0.0,724.0,302.0,,,723.0,301.0,718.0,301.0,701.0,296.0,723.0,301.0,,,,,,,,0.0,0.0,0.0,0.0,0.0,0.0,0.0,0.0,0.0,24,0.0,0.0,0.0,0.0,0.0,0.0,0.0,0.0,0.0,0.0,0.0,0.0,0.0,0.0,0.0,8.0,7.0,0.0,0.0,0.0,0.0,0.0,0.0,0.0,0.0,0.0,0.0,0.0,0.0,0.0
226,Trevoh,Chalobah,Chalobah,a,,,5.7,115,11.0,22.8,16,5.0,4.4,35.0,11.0,3,0,0.0,7,-7.0,17820,6022,0.8,20.5,4.4,4.4,5.1,14.0,5.0,100.0,100.0,17.0,6.0,242.0,72.0,155.0,31.0,89.0,22.0,,,,,,,,0.05,0.03,0.08,1.32,0.0,0.4,1.16,1.03,9.09,24,3.0,90.0,0.0,0.0,0.0,2.0,0.0,0.0,0.0,0.0,0.0,0.0,1.0,0.0,10.0,30646.0,7772.0,0.0,0.0,0.019999999999999907,0.020000000000000018,1.120000000000001,27.800000000000068,4.299999999999997,2.0,3.3999999999999915,0.0,12.0,3.0,12.0
227,Levi,Samuels Colwill,Colwill,i,Anterior cruciate ligament - Unknown return date,,4.7,386,66.0,0.1,462,171.0,0.0,701.0,253.0,0,0,0.0,-3,3.0,5,12,0.0,0.0,0.0,0.0,0.0,744.0,257.0,0.0,0.0,744.0,257.0,739.0,257.0,726.0,256.0,744.0,257.0,,,,,,,,0.0,0.0,0.0,0.0,0.0,0.0,0.0,0.0,0.0,24,0.0,0.0,0.0,0.0,0.0,0.0,0.0,0.0,0.0,0.0,0.0,0.0,0.0,0.0,0.0,6.0,13.0,0.0,0.0,0.0,0.0,0.0,0.0,0.0,0.0,0.0,0.0,0.0,0.0,0.0
228,Malo,Gusto,Gusto,a,,,4.9,334,55.0,2.0,133,53.0,1.2,256.0,96.0,1,0,0.0,-1,1.0,1186,1261,0.2,15.3,1.2,1.2,3.6,111.0,40.0,100.0,100.0,161.0,68.0,112.0,29.0,181.0,38.0,150.0,49.0,,,,,,,,0.08,0.06,0.14,1.59,0.0,0.41,1.17,0.96,5.28,24,1.0,80.0,0.0,0.0,0.0,2.0,0.0,0.0,0.0,0.0,0.0,0.0,1.0,0.0,5.0,1584.0,1629.0,0.0,0.0,0.030000000000000027,0.029999999999999805,0.9200000000000017,6.400000000000034,14.5,6.0,2.6999999999999957,0.0,1.0,5.0,1.0
229,Benoît,Badiashile Mukinayi,B.Badiashile,a,,,4.4,528,112.0,0.1,578,209.0,1.2,250.0,94.0,0,0,0.0,-1,1.0,143,87,0.3,1.6,1.2,1.2,0.9,487.0,169.0,100.0,100.0,319.0,124.0,419.0,153.0,430.0,162.0,386.0,139.0,,,,,,,,0.0,0.01,0.01,1.42,0.0,0.0,1.91,1.15,9.38,24,0.0,45.0,0.0,0.0,0.0,2.0,0.0,0.0,0.0,0.0,0.0,0.0,1.0,0.0,6.0,343.0,118.0,0.0,0.0,0.009999999999999995,0.009999999999999995,0.5099999999999998,23.599999999999994,0.8000000000000007,0.0,2.4000000000000004,1.0,7.0,1.0,8.0
230,Wesley,Fofana,Fofana,a,,,4.4,533,115.0,0.4,277,104.0,1.0,265.0,99.0,4,0,0.0,-1,1.0,550,265,0.2,10.5,1.0,1.0,3.5,121.0,44.0,100.0,100.0,164.0,69.0,354.0,125.0,356.0,123.0,280.0,92.0,,,,,,,,0.03,0.05,0.08,1.47,0.0,0.42,0.95,0.95,12.37,24,4.0,45.0,0.0,1.0,0.0,0.0,0.0,0.0,0.0,0.0,0.0,0.0,0.0,0.0,23.0,665.0,453.0,0.0,0.0,0.41,0.41,0.6099999999999994,30.00000000000003,15.8,0.0,4.600000000000001,0.0,2.0,1.0,2.0
231,Mamadou,Sarr,M.Sarr,u,Has joined RC Strasbourg on loan for the rest of the season.,,4.5,472,94.0,0.0,743,253.0,0.0,664.0,252.0,0,0,0.0,0,0.0,0,0,0.0,0.0,0.0,0.0,0.0,713.0,256.0,0.0,0.0,711.0,256.0,707.0,256.0,689.0,255.0,712.0,256.0,,,,,,,,0.0,0.0,0.0,0.0,0.0,0.0,0.0,0.0,0.0,24,0.0,0.0,0.0,0.0,0.0,0.0,0.0,0.0,0.0,0.0,0.0,0.0,0.0,0.0,0.0,0.0,0.0,0.0,0.0,0.0,0.0,0.0,0.0,0.0,0.0,0.0,0.0,0.0,0.0,0.0
232,Tosin,Adarabioyo,Tosin,i,Hamstring injury - Unknown return date,,4.0,656,160.0,0.3,330,121.0,0.6,303.0,109.0,0,0,0.0,-5,5.0,5,140,0.2,7.5,0.0,0.0,2.7,228.0,89.0,0.0,0.0,209.0,84.0,353.0,124.0,362.0,126.0,311.0,105.0,,,,,,,,0.01,0.05,0.06,1.4,0.0,0.26,1.41,0.89,11.12,24,0.0,0.0,0.0,0.0,0.0,0.0,0.0,0.0,0.0,0.0,0.0,0.0,0.0,0.0,0.0,5.0,187.0,0.0,0.0,0.0,0.0,0.0,0.0,0.0,0.0,0.0,0.0,0.0,0.0,0.0
233,Josh,Acheampong,Acheampong,a,,,3.8,802,257.0,1.2,172,65.0,0.8,285.0,101.0,0,0,0.0,-2,2.0,242,516,0.2,8.2,0.8,0.8,3.4,127.0,46.0,100.0,100.0,313.0,121.0,366.0,132.0,271.0,79.0,347.0,120.0,,,,,,,,0.11,0.02,0.13,2.27,0.0,0.38,1.71,1.14,6.09,24,0.0,0.0,0.0,0.0,0.0,0.0,0.0,0.0,0.0,0.0,0.0,0.0,0.0,0.0,0.0,360.0,727.0,0.0,0.0,0.0,0.0,0.0,0.0,0.0,0.0,0.0,0.0,0.0,0.0,0.0
235,Cole,Palmer,Palmer,a,,,10.4,3,2.0,11.9,34,13.0,2.8,130.0,59.0,2,0,0.0,-1,1.0,6501,5374,0.3,4.5,2.8,2.8,3.6,118.0,56.0,100.0,100.0,226.0,95.0,193.0,128.0,80.0,50.0,174.0,95.0,,1.0,1.0,,,,,0.45,0.05,0.5,1.68,0.0,0.21,1.28,1.17,7.26,24,2.0,90.0,0.0,0.0,0.0,2.0,0.0,0.0,0.0,0.0,0.0,0.0,1.0,0.0,9.0,10383.0,6536.0,0.0,0.6500000000000004,0.04999999999999999,0.7000000000000002,1.1199999999999992,7.400000000000006,6.299999999999997,16.0,3.0,1.0,1.0,3.0,5.0
236,Pedro,Lomba Neto,Neto,a,,,7.1,34,21.0,6.1,62,22.0,3.0,110.0,48.0,2,0,0.0,1,-1.0,1767,7983,0.4,13.5,3.0,3.0,4.0,73.0,32.0,100.0,100.0,72.0,22.0,8.0,8.0,30.0,16.0,16.0,12.0,1.0,4.0,,,,,,0.17,0.23,0.4,1.19,0.0,0.48,0.77,1.01,4.29,24,2.0,64.0,0.0,0.0,0.0,1.0,0.0,0.0,0.0,0.0,0.0,0.0,0.0,0.0,17.0,2887.0,9550.0,0.0,0.0,0.5199999999999996,0.5199999999999996,0.9299999999999997,15.800000000000011,50.10000000000002,6.0,7.199999999999989,0.0,0.0,1.0,1.0
237,Enzo,Fernández,Enzo,a,,,6.8,48,30.0,19.6,18,6.0,6.8,2.0,2.0,8,1,-1.0,3,-3.0,49256,2334,1.0,16.8,6.8,6.8,5.0,16.0,8.0,100.0,100.0,15.0,5.0,9.0,9.0,12.0,5.0,3.0,2.0,3.0,3.0,2.0,,,,,0.41,0.18,0.59,1.32,0.0,0.37,1.1,1.01,7.56,24,8.0,90.0,1.0,0.0,0.0,2.0,0.0,0.0,0.0,1.0,0.0,0.0,1.0,2.0,34.0,70641.0,4141.0,0.0,0.3200000000000003,0.05999999999999961,0.3800000000000008,1.120000000000001,44.799999999999955,9.600000000000023,26.0,8.0,1.0,3.0,3.0,7.0
238,Estêvão,Almeida de Oliveira Gonçalves,Estêvão,a,,,6.4,61,40.0,2.7,111,33.0,2.8,127.0,57.0,0,0,0.0,-1,1.0,2604,3880,0.4,8.1,2.8,2.8,2.9,210.0,90.0,100.0,100.0,250.0,107.0,127.0,92.0,66.0,41.0,142.0,78.0,4.0,,3.0,,,,,0.37,0.28,0.65,1.08,0.0,0.4,1.07,1.2,5.87,24,0.0,0.0,0.0,0.0,0.0,0.0,0.0,0.0,0.0,0.0,0.0,0.0,0.0,0.0,0.0,4967.0,4198.0,0.0,0.0,0.0,0.0,0.0,0.0,0.0,0.0,0.0,0.0,0.0,0.0,0.0
239,Jamie,Bynoe-Gittens,Gittens,d,Muscle injury - 75% chance of playing,,6.0,88,56.0,0.1,455,154.0,0.4,356.0,159.0,1,0,0.0,-5,5.0,38,52,0.1,4.2,0.3,0.4,1.6,385.0,172.0,75.0,100.0,335.0,147.0,185.0,122.0,230.0,126.0,291.0,140.0,,,,,,,,0.15,0.17,0.32,1.65,0.0,0.19,1.3,0.93,5.37,24,1.0,25.0,0.0,0.0,0.0,1.0,0.0,0.0,0.0,0.0,0.0,0.0,1.0,0.0,4.0,52.0,58.0,0.0,0.0,0.0,0.0,0.19000000000000128,0.0,1.0999999999999943,0.0,0.0,0.0,0.0,0.0,0.0
240,Christopher,Nkunku,Nkunku,u,has joined AC Milan permanently.,,5.9,97,62.0,0.1,506,179.0,0.0,794.0,355.0,0,0,0.0,-1,1.0,0,5,0.0,0.0,0.0,0.0,0.0,798.0,356.0,0.0,0.0,798.0,356.0,798.0,356.0,798.0,356.0,798.0,356.0,,,,,,,,0.0,0.0,0.0,0.0,0.0,0.0,0.0,0.0,0.0,24,0.0,0.0,0.0,0.0,0.0,0.0,0.0,0.0,0.0,0.0,0.0,0.0,0.0,0.0,0.0,0.0,5.0,0.0,0.0,0.0,0.0,0.0,0.0,0.0,0.0,0.0,0.0,0.0,0.0,0.0
241,Moisés,Caicedo Corozo,Caicedo,a,,,5.7,121,75.0,8.0,50,18.0,2.8,125.0,56.0,3,0,0.0,2,-2.0,2532,2638,0.5,13.9,2.8,2.8,4.2,56.0,23.0,100.0,100.0,75.0,23.0,121.0,86.0,220.0,121.0,116.0,64.0,,,,,,,,0.06,0.06,0.12,1.39,0.0,0.34,1.24,1.02,13.21,24,3.0,90.0,0.0,0.0,0.0,2.0,0.0,0.0,0.0,1.0,0.0,0.0,1.0,0.0,14.0,3311.0,3185.0,0.0,0.06000000000000005,0.08000000000000007,0.1399999999999999,1.120000000000001,10.399999999999977,6.400000000000006,13.0,3.0,2.0,5.0,9.0,16.0
243,Tyrique,George,George,a,,,4.8,373,234.0,0.1,557,205.0,0.0,710.0,295.0,0,0,0.0,-2,2.0,17,19,0.0,0.8,0.0,0.0,1.0,471.0,219.0,,,449.0,203.0,423.0,206.0,288.0,152.0,417.0,187.0,,,,,,,,0.2,0.05,0.25,1.05,0.0,0.63,1.27,0.0,1.9,24,0.0,0.0,0.0,0.0,0.0,0.0,0.0,0.0,0.0,0.0,0.0,0.0,0.0,0.0,0.0,18.0,22.0,0.0,0.0,0.0,0.0,0.0,0.0,0.0,0.0,0.0,0.0,0.0,0.0,0.0
244,Roméo,Lavia,Lavia,i,Thigh injury - Unknown return date,,4.9,339,209.0,0.0,689,289.0,0.0,732.0,310.0,0,0,0.0,-1,1.0,1,3,0.0,0.8,0.0,0.0,1.0,474.0,221.0,0.0,0.0,445.0,199.0,420.0,204.0,436.0,216.0,453.0,206.0,,,,,,,,0.0,0.04,0.04,2.39,0.0,0.0,2.57,0.86,9.43,24,0.0,0.0,0.0,0.0,0.0,0.0,0.0,0.0,0.0,0.0,0.0,0.0,0.0,0.0,0.0,1.0,3.0,0.0,0.0,0.0,0.0,0.0,0.0,0.0,0.0,0.0,0.0,0.0,0.0,0.0
245,Mykhailo,Mudryk,Mudryk,s,Suspended - unknown return date,,4.9,331,204.0,0.0,733,312.0,0.0,729.0,308.0,0,0,0.0,-1,1.0,5,2,0.0,0.0,0.0,0.0,0.0,762.0,330.0,0.0,0.0,762.0,330.0,758.0,330.0,750.0,328.0,762.0,330.0,,,,,,,,0.0,0.0,0.0,0.0,0.0,0.0,0.0,0.0,0.0,24,0.0,0.0,0.0,0.0,0.0,0.0,0.0,0.0,0.0,0.0,0.0,0.0,0.0,0.0,0.0,6.0,3.0,0.0,0.0,0.0,0.0,0.0,0.0,0.0,0.0,0.0,0.0,0.0,0.0,0.0
246,Andrey,Nascimento dos Santos,Andrey Santos,a,,,4.5,455,274.0,0.3,321,106.0,1.2,251.0,107.0,0,0,0.0,0,0.0,74,171,0.3,4.9,1.2,1.2,1.3,415.0,184.0,100.0,100.0,308.0,137.0,231.0,143.0,281.0,149.0,313.0,150.0,,,,,,,,0.24,0.07,0.31,1.43,0.0,0.14,0.85,0.85,11.92,24,0.0,0.0,0.0,0.0,0.0,0.0,0.0,0.0,0.0,0.0,0.0,0.0,0.0,0.0,0.0,121.0,207.0,0.0,0.0,0.0,0.0,0.0,0.0,0.0,0.0,0.0,0.0,0.0,0.0,0.0
247,Dário,Luís Essugo,D.Essugo,i,Knock - Expected back 21 Feb,,4.3,591,344.0,0.1,576,214.0,0.0,564.0,193.0,0,0,0.0,-2,2.0,3,17,0.0,0.0,0.0,0.0,0.0,631.0,236.0,0.0,0.0,622.0,227.0,618.0,232.0,590.0,219.0,624.0,229.0,,,,,,,,0.0,0.0,0.0,0.0,0.0,0.0,0.0,0.0,0.0,24,0.0,0.0,0.0,0.0,0.0,0.0,0.0,0.0,0.0,0.0,0.0,0.0,0.0,0.0,0.0,4.0,23.0,0.0,0.0,0.0,0.0,0.0,0.0,0.0,0.0,0.0,0.0,0.0,0.0,0.0
248,Kendry,Páez Andrade,Paez,u,Has joined RC Strasbourg on loan for the rest of the season.,,4.5,493,303.0,0.0,765,331.0,0.0,681.0,274.0,0,0,0.0,0,0.0,0,0,0.0,0.0,0.0,0.0,0.0,728.0,305.0,0.0,0.0,728.0,305.0,723.0,305.0,706.0,300.0,728.0,305.0,,,,,,,,0.0,0.0,0.0,0.0,0.0,0.0,0.0,0.0,0.0,24,0.0,0.0,0.0,0.0,0.0,0.0,0.0,0.0,0.0,0.0,0.0,0.0,0.0,0.0,0.0,0.0,0.0,0.0,0.0,0.0,0.0,0.0,0.0,0.0,0.0,0.0,0.0,0.0,0.0,0.0
249,João Pedro,Junqueira de Jesus,João Pedro,a,,,7.4,23,8.0,36.5,5,2.0,6.6,5.0,2.0,10,1,-1.0,-1,1.0,87097,3498,0.9,15.4,6.6,6.6,4.8,24.0,3.0,,,34.0,4.0,43.0,1.0,13.0,8.0,15.0,4.0,,,,,,,,0.4,0.08,0.48,1.26,0.0,0.47,0.89,1.04,5.28,24,10.0,45.0,1.0,1.0,0.0,0.0,0.0,0.0,0.0,1.0,0.0,0.0,0.0,3.0,38.0,118018.0,5620.0,0.0,0.5,0.1200000000000001,0.6199999999999992,0.6099999999999994,51.599999999999966,13.400000000000034,39.0,10.400000000000006,1.0,1.0,1.0,3.0
250,Liam,Delap,Delap,a,,,6.2,76,25.0,1.0,189,30.0,3.4,76.0,10.0,5,0,0.0,-3,3.0,438,350,0.5,5.0,3.4,3.4,2.1,317.0,32.0,100.0,100.0,385.0,40.0,316.0,34.0,71.0,24.0,267.0,32.0,,,,,,,,0.44,0.02,0.46,1.32,0.0,0.26,1.58,1.19,3.04,24,5.0,90.0,0.0,1.0,0.0,2.0,0.0,0.0,0.0,0.0,0.0,0.0,1.0,0.0,9.0,707.0,442.0,0.0,0.8999999999999999,0.009999999999999981,0.9099999999999997,1.1199999999999992,0.3999999999999986,3.1000000000000014,37.0,4.100000000000001,1.0,0.0,1.0,2.0
251,Nicolas,Jackson,N.Jackson,u,has joined Bayern Munich on loan for the rest of the season.,,6.5,55,19.0,0.1,519,74.0,0.0,801.0,87.0,0,0,0.0,0,0.0,0,4,0.0,0.0,0.0,0.0,0.0,805.0,90.0,0.0,0.0,805.0,90.0,805.0,90.0,805.0,90.0,805.0,90.0,,,,,,,,0.0,0.0,0.0,0.0,0.0,0.0,0.0,0.0,0.0,24,0.0,0.0,0.0,0.0,0.0,0.0,0.0,0.0,0.0,0.0,0.0,0.0,0.0,0.0,0.0,0.0,4.0,0.0,0.0,0.0,0.0,0.0,0.0,0.0,0.0,0.0,0.0,0.0,0.0,0.0
252,Marc,Guiu Paz,Marc Guiu,a,,,4.2,636,87.0,6.2,59,11.0,0.0,549.0,48.0,0,0,0.0,-3,3.0,860,3518,0.0,2.9,0.0,0.0,1.3,412.0,49.0,100.0,100.0,421.0,47.0,339.0,42.0,243.0,45.0,378.0,45.0,,,,,,,,0.53,0.11,0.64,2.06,0.0,0.0,0.73,0.36,2.55,24,0.0,0.0,0.0,0.0,0.0,0.0,0.0,0.0,0.0,0.0,0.0,0.0,0.0,0.0,0.0,1430.0,5188.0,0.0,0.0,0.0,0.0,0.0,0.0,0.0,0.0,0.0,0.0,0.0,0.0,0.0
453,Alejandro,Garnacho Ferreyra,Garnacho,a,,,6.4,60,39.0,0.5,245,83.0,0.4,360.0,163.0,1,0,0.0,-1,1.0,329,697,0.1,6.4,0.4,0.4,2.7,238.0,104.0,,,283.0,125.0,95.0,71.0,67.0,42.0,140.0,76.0,,,,,,,,0.26,0.27,0.53,1.65,0.0,0.42,1.26,1.26,5.02,24,1.0,45.0,0.0,0.0,0.0,2.0,0.0,0.0,0.0,0.0,0.0,0.0,1.0,0.0,7.0,475.0,893.0,0.0,0.0,0.040000000000000036,0.040000000000000036,0.5099999999999998,3.200000000000017,13.800000000000011,8.0,2.500000000000007,1.0,0.0,4.0,5.0
672,Jorrel,Hato,Hato,a,,,4.6,401,71.0,0.2,398,146.0,0.8,291.0,107.0,0,0,0.0,-4,4.0,68,29,0.2,1.5,0.8,0.8,0.8,491.0,171.0,100.0,100.0,371.0,143.0,335.0,115.0,369.0,131.0,382.0,136.0,,,,,,,,0.06,0.02,0.08,1.42,0.0,0.0,2.0,0.86,8.57,24,0.0,45.0,0.0,0.0,0.0,2.0,0.0,0.0,0.0,0.0,0.0,0.0,1.0,0.0,4.0,87.0,34.0,0.0,0.0,0.009999999999999995,0.010000000000000009,0.5100000000000007,11.799999999999997,11.799999999999997,0.0,2.3999999999999986,3.0,2.0,2.0,5.0
789,Max,Merrick,Merrick,a,,,4.0,695,62.0,0.0,771,87.0,0.0,511.0,74.0,0,0,0.0,0,0.0,1,3,0.0,0.0,0.0,0.0,0.0,591.0,80.0,,,582.0,80.0,575.0,69.0,542.0,54.0,584.0,80.0,,,,,,,,0.0,0.0,0.0,0.0,0.0,0.0,0.0,0.0,0.0,24,0.0,0.0,0.0,0.0,0.0,0.0,0.0,0.0,0.0,0.0,0.0,0.0,0.0,0.0,0.0,1.0,3.0,0.0,0.0,0.0,0.0,0.0,0.0,0.0,0.0,0.0,0.0,0.0,0.0,0.0
803,Teddy,Sharman-Lowe,Sharman-Lowe,a,,,4.0,689,59.0,0.0,805,93.0,0.0,507.0,71.0,0,0,0.0,0,0.0,2,3,0.0,0.0,0.0,0.0,0.0,587.0,77.0,,,578.0,77.0,571.0,66.0,538.0,51.0,580.0,77.0,,,,,,,,0.0,0.0,0.0,0.0,0.0,0.0,0.0,0.0,0.0,24,0.0,0.0,0.0,0.0,0.0,0.0,0.0,0.0,0.0,0.0,0.0,0.0,0.0,0.0,0.0,3.0,3.0,0.0,0.0,0.0,0.0,0.0,0.0,0.0,0.0,0.0,0.0,0.0,0.0,0.0
253,Dean,Henderson,Henderson,a,,,5.0,245,8.0,7.4,54,8.0,2.4,146.0,14.0,0,0,0.0,0,0.0,847,1798,0.5,16.4,2.4,2.4,3.6,112.0,11.0,,,36.0,10.0,412.0,11.0,757.0,86.0,190.0,8.0,,,,,,,,0.0,0.0,0.0,1.39,2.78,0.35,1.22,1.0,0.0,24,0.0,0.0,0.0,0.0,0.0,0.0,0.0,0.0,0.0,0.0,0.0,0.0,0.0,0.0,0.0,974.0,2503.0,0.0,0.0,0.0,0.0,0.0,0.0,0.0,0.0,0.0,0.0,0.0,0.0,0.0
254,Walter,Benítez,Benitez,a,,,4.0,658,45.0,0.3,316,43.0,0.0,480.0,58.0,0,0,0.0,0,0.0,52,32,0.0,0.0,0.0,0.0,0.0,561.0,64.0,100.0,100.0,552.0,64.0,544.0,52.0,510.0,37.0,554.0,64.0,,,,,,,,0.0,0.0,0.0,0.0,0.0,0.0,0.0,0.0,0.0,24,0.0,0.0,0.0,0.0,0.0,0.0,0.0,0.0,0.0,0.0,0.0,0.0,0.0,0.0,0.0,60.0,41.0,0.0,0.0,0.0,0.0,0.0,0.0,0.0,0.0,0.0,0.0,0.0,0.0,0.0
255,Remi,Matthews,Matthews,a,,,3.9,738,75.0,0.1,466,71.0,0.0,447.0,36.0,0,0,0.0,-1,1.0,7,11,0.0,0.0,0.0,0.0,0.0,528.0,42.0,,,519.0,42.0,510.0,29.0,475.0,14.0,521.0,42.0,,,,,,,,0.0,0.0,0.0,0.0,0.0,0.0,0.0,0.0,0.0,24,0.0,0.0,0.0,0.0,0.0,0.0,0.0,0.0,0.0,0.0,0.0,0.0,0.0,0.0,0.0,9.0,15.0,0.0,0.0,0.0,0.0,0.0,0.0,0.0,0.0,0.0,0.0,0.0,0.0,0.0
256,Daniel,Muñoz Mejía,Muñoz,a,,,5.8,108,9.0,6.4,57,19.0,0.2,406.0,149.0,0,0,0.0,3,-3.0,5111,990,0.0,15.5,0.2,0.2,6.0,4.0,2.0,100.0,100.0,104.0,45.0,184.0,47.0,75.0,4.0,115.0,36.0,,,,,,,,0.12,0.14,0.26,1.28,0.0,0.47,0.94,1.01,7.21,24,0.0,0.0,0.0,0.0,0.0,0.0,0.0,0.0,0.0,0.0,0.0,0.0,0.0,0.0,0.0,8152.0,1730.0,0.0,0.0,0.0,0.0,0.0,0.0,0.0,0.0,0.0,0.0,0.0,0.0,0.0
257,Maxence,Lacroix,Lacroix,a,,,5.1,233,33.0,5.7,66,21.0,2.6,136.0,46.0,0,0,0.0,1,-1.0,3177,2754,0.5,19.6,2.6,2.6,4.3,45.0,20.0,,,27.0,12.0,273.0,86.0,160.0,33.0,107.0,34.0,,,,,,,,0.06,0.03,0.09,1.39,0.0,0.35,1.22,1.0,10.52,24,0.0,0.0,0.0,0.0,0.0,0.0,0.0,0.0,0.0,0.0,0.0,0.0,0.0,0.0,0.0,3823.0,3686.0,0.0,0.0,0.0,0.0,0.0,0.0,0.0,0.0,0.0,0.0,0.0,0.0,0.0
258,Tyrick,Mitchell,Mitchell,a,,,5.0,254,39.0,2.0,129,49.0,1.6,215.0,81.0,0,0,0.0,0,0.0,444,598,0.3,17.0,1.6,1.6,3.7,103.0,37.0,,,69.0,29.0,77.0,17.0,159.0,32.0,81.0,19.0,,,,,,,,0.04,0.06,0.1,1.41,0.0,0.35,1.24,1.02,7.24,24,0.0,0.0,0.0,0.0,0.0,0.0,0.0,0.0,0.0,0.0,0.0,0.0,0.0,0.0,0.0,540.0,825.0,0.0,0.0,0.0,0.0,0.0,0.0,0.0,0.0,0.0,0.0,0.0,0.0,0.0
259,Borna,Sosa,Sosa,d,Muscle injury - 50% chance of playing,,4.8,358,60.0,0.1,451,165.0,0.4,342.0,128.0,0,0,0.0,-2,2.0,1,80,0.1,1.0,0.2,0.0,1.0,469.0,167.0,50.0,0.0,440.0,164.0,395.0,145.0,416.0,156.0,446.0,162.0,,,,,,,,0.0,0.1,0.1,1.41,0.0,0.0,1.7,0.0,11.89,24,0.0,0.0,0.0,0.0,0.0,0.0,0.0,0.0,0.0,0.0,0.0,0.0,0.0,0.0,0.0,2.0,86.0,0.0,0.0,0.0,0.0,0.0,0.0,0.0,0.0,0.0,0.0,0.0,0.0,0.0
261,Chris,Richards,Richards,a,,,4.4,530,114.0,2.0,130,50.0,1.8,187.0,67.0,0,0,0.0,-1,1.0,1840,338,0.4,19.1,1.8,1.8,4.4,34.0,14.0,100.0,100.0,49.0,22.0,267.0,82.0,218.0,56.0,147.0,48.0,,,,,,,,0.04,0.06,0.1,1.34,0.0,0.37,1.27,1.0,10.68,24,0.0,0.0,0.0,0.0,0.0,0.0,0.0,0.0,0.0,0.0,0.0,0.0,0.0,0.0,0.0,3195.0,1028.0,0.0,0.0,0.0,0.0,0.0,0.0,0.0,0.0,0.0,0.0,0.0,0.0,0.0
262,Chadi,Riad Dnanou,Chadi Riad,a,,,4.0,693,180.0,0.0,661,230.0,0.8,286.0,102.0,0,0,0.0,0,0.0,42,8,0.2,1.0,0.8,0.8,4.0,63.0,26.0,100.0,100.0,426.0,160.0,404.0,148.0,387.0,143.0,438.0,159.0,,,,,,,,0.58,0.0,0.58,0.0,0.0,0.0,0.0,0.0,0.0,24,0.0,0.0,0.0,0.0,0.0,0.0,0.0,0.0,0.0,0.0,0.0,0.0,0.0,0.0,0.0,62.0,14.0,0.0,0.0,0.0,0.0,0.0,0.0,0.0,0.0,0.0,0.0,0.0,0.0,0.0
263,Nathaniel,Clyne,Clyne,a,,,3.8,774,230.0,0.6,237,88.0,0.2,363.0,133.0,0,0,0.0,-2,2.0,80,138,0.1,3.7,0.2,0.2,2.0,318.0,119.0,100.0,100.0,359.0,136.0,323.0,109.0,332.0,107.0,368.0,131.0,,,,,,,,0.09,0.12,0.21,1.24,0.0,0.0,1.72,1.29,7.32,24,0.0,0.0,0.0,0.0,0.0,0.0,0.0,0.0,0.0,0.0,0.0,0.0,0.0,0.0,0.0,136.0,285.0,0.0,0.0,0.0,0.0,0.0,0.0,0.0,0.0,0.0,0.0,0.0,0.0,0.0
264,Rob,Holding,Holding,u,Has joined Colorado Rapids permanently.,,4.0,659,161.0,0.0,682,236.0,0.0,481.0,188.0,0,0,0.0,0,0.0,0,2,0.0,0.0,0.0,0.0,0.0,562.0,206.0,0.0,0.0,553.0,206.0,545.0,206.0,511.0,200.0,555.0,206.0,,,,,,,,0.0,0.0,0.0,0.0,0.0,0.0,0.0,0.0,0.0,24,0.0,0.0,0.0,0.0,0.0,0.0,0.0,0.0,0.0,0.0,0.0,0.0,0.0,0.0,0.0,0.0,2.0,0.0,0.0,0.0,0.0,0.0,0.0,0.0,0.0,0.0,0.0,0.0,0.0,0.0
265,Caleb,Kporha,Kporha,i,Back injury - Unknown return date,,4.0,711,194.0,0.0,713,244.0,0.0,527.0,216.0,0,0,0.0,0,0.0,2,2,0.0,0.0,0.0,0.0,0.0,605.0,231.0,0.0,0.0,596.0,231.0,589.0,231.0,557.0,227.0,598.0,231.0,,,,,,,,0.0,0.0,0.0,0.0,0.0,0.0,0.0,0.0,0.0,24,0.0,0.0,0.0,0.0,0.0,0.0,0.0,0.0,0.0,0.0,0.0,0.0,0.0,0.0,0.0,3.0,2.0,0.0,0.0,0.0,0.0,0.0,0.0,0.0,0.0,0.0,0.0,0.0,0.0,0.0
267,Ismaïla,Sarr,Sarr,a,,,6.3,68,46.0,2.1,127,44.0,0.4,359.0,162.0,0,0,0.0,-2,2.0,942,288,0.1,8.6,0.4,0.4,4.2,57.0,24.0,100.0,100.0,216.0,91.0,142.0,98.0,77.0,48.0,149.0,81.0,,,,,,,,0.37,0.05,0.42,1.35,0.0,0.49,0.98,1.06,6.39,24,0.0,0.0,0.0,0.0,0.0,0.0,0.0,0.0,0.0,0.0,0.0,0.0,0.0,0.0,0.0,1403.0,445.0,0.0,0.0,0.0,0.0,0.0,0.0,0.0,0.0,0.0,0.0,0.0,0.0,0.0
268,Cheick,Doucouré,Doucouré,i,Knee injury - Unknown return date,,4.9,326,201.0,0.0,778,340.0,0.0,726.0,306.0,0,0,0.0,-1,1.0,0,0,0.0,0.0,0.0,0.0,0.0,759.0,328.0,0.0,0.0,759.0,328.0,755.0,328.0,747.0,326.0,759.0,328.0,,,,,,,,0.0,0.0,0.0,0.0,0.0,0.0,0.0,0.0,0.0,24,0.0,0.0,0.0,0.0,0.0,0.0,0.0,0.0,0.0,0.0,0.0,0.0,0.0,0.0,0.0,1.0,1.0,0.0,0.0,0.0,0.0,0.0,0.0,0.0,0.0,0.0,0.0,0.0,0.0,0.0
269,Romain,Esse,Esse,u,has joined Coventry City on loan for the rest of the season.,,4.7,392,245.0,0.1,442,149.0,0.2,386.0,175.0,0,0,0.0,-3,3.0,0,37,0.0,0.9,0.0,0.0,1.0,467.0,216.0,0.0,0.0,451.0,204.0,437.0,210.0,406.0,199.0,460.0,211.0,,,,,,,,0.0,0.09,0.09,3.92,0.0,0.0,0.0,0.0,11.25,24,0.0,0.0,0.0,0.0,0.0,0.0,0.0,0.0,0.0,0.0,0.0,0.0,0.0,0.0,0.0,0.0,44.0,0.0,0.0,0.0,0.0,0.0,0.0,0.0,0.0,0.0,0.0,0.0,0.0,0.0
270,Will,Hughes,Hughes,a,,,4.7,377,235.0,0.1,470,160.0,2.2,161.0,70.0,0,0,0.0,-3,3.0,48,24,0.5,6.8,2.2,2.2,1.6,379.0,168.0,100.0,100.0,293.0,133.0,125.0,90.0,274.0,146.0,256.0,126.0,5.0,,,,,,,0.07,0.1,0.17,1.43,0.0,0.37,1.11,1.02,8.71,24,0.0,0.0,0.0,0.0,0.0,0.0,0.0,0.0,0.0,0.0,0.0,0.0,0.0,0.0,0.0,57.0,34.0,0.0,0.0,0.0,0.0,0.0,0.0,0.0,0.0,0.0,0.0,0.0,0.0,0.0
271,Daichi,Kamada,Kamada,d,Hamstring injury - 50% chance of playing,,5.0,249,151.0,0.1,524,187.0,0.0,739.0,315.0,0,0,0.0,0,0.0,0,18,0.0,9.0,0.0,0.0,3.2,158.0,67.0,50.0,0.0,279.0,123.0,153.0,104.0,201.0,109.0,243.0,118.0,2.0,,,,,,,0.07,0.12,0.19,1.1,0.0,0.46,0.85,1.08,9.73,24,0.0,0.0,0.0,0.0,0.0,0.0,0.0,0.0,0.0,0.0,0.0,0.0,0.0,0.0,0.0,1.0,24.0,0.0,0.0,0.0,0.0,0.0,0.0,0.0,0.0,0.0,0.0,0.0,0.0,0.0
272,Jefferson,Lerma Solís,Lerma,a,,,4.9,290,178.0,0.1,545,196.0,0.8,294.0,131.0,0,0,0.0,-1,1.0,14,9,0.2,7.3,0.8,0.8,1.8,354.0,159.0,100.0,100.0,274.0,118.0,199.0,131.0,153.0,87.0,244.0,119.0,,,,,,,,0.08,0.07,0.15,1.25,0.0,0.39,1.06,0.87,10.63,24,0.0,0.0,0.0,0.0,0.0,0.0,0.0,0.0,0.0,0.0,0.0,0.0,0.0,0.0,0.0,19.0,13.0,0.0,0.0,0.0,0.0,0.0,0.0,0.0,0.0,0.0,0.0,0.0,0.0,0.0
273,Adam,Wharton,Wharton,a,,,5.0,268,162.0,0.6,232,81.0,1.4,237.0,100.0,0,0,0.0,0,0.0,127,798,0.3,13.2,1.4,0.0,3.1,175.0,76.0,100.0,0.0,160.0,60.0,25.0,24.0,213.0,117.0,84.0,50.0,3.0,,,,,,,0.05,0.25,0.3,1.44,0.0,0.31,1.41,1.1,10.74,24,0.0,0.0,0.0,0.0,0.0,0.0,0.0,0.0,0.0,0.0,0.0,0.0,0.0,0.0,0.0,130.0,1158.0,0.0,0.0,0.0,0.0,0.0,0.0,0.0,0.0,0.0,0.0,0.0,0.0,0.0
274,Asher,Agbinone,Agbinone,a,,,4.3,609,354.0,0.1,560,206.0,0.0,576.0,202.0,0,0,0.0,-2,2.0,49,14,0.0,0.0,0.0,0.0,0.0,641.0,244.0,,,632.0,235.0,629.0,240.0,602.0,228.0,634.0,237.0,,,,,,,,0.0,0.0,0.0,0.0,0.0,0.0,0.0,0.0,0.0,24,0.0,0.0,0.0,0.0,0.0,0.0,0.0,0.0,0.0,0.0,0.0,0.0,0.0,0.0,0.0,61.0,19.0,0.0,0.0,0.0,0.0,0.0,0.0,0.0,0.0,0.0,0.0,0.0,0.0,0.0
275,Naouirou,Ahamada,Ahamada,u,has joined AJ Auxerre permanently.,,4.3,584,341.0,0.0,611,234.0,0.0,562.0,191.0,0,0,0.0,-2,2.0,0,16,0.0,0.0,0.0,0.0,0.0,629.0,234.0,0.0,0.0,620.0,225.0,616.0,230.0,588.0,217.0,622.0,227.0,,,,,,,,0.0,0.0,0.0,0.0,0.0,0.0,0.0,0.0,0.0,24,0.0,0.0,0.0,0.0,0.0,0.0,0.0,0.0,0.0,0.0,0.0,0.0,0.0,0.0,0.0,0.0,21.0,0.0,0.0,0.0,0.0,0.0,0.0,0.0,0.0,0.0,0.0,0.0,0.0,0.0
276,Justin,Devenny,Devenny,i,Ankle injury - Expected back 22 Feb,,4.3,588,343.0,1.4,155,51.0,1.2,248.0,106.0,0,0,0.0,-2,2.0,90,1772,0.3,6.7,0.0,0.0,1.6,376.0,166.0,0.0,0.0,342.0,152.0,230.0,142.0,131.0,76.0,274.0,135.0,,2.0,,,,,,0.36,0.05,0.41,1.53,0.0,0.15,1.52,0.76,7.28,24,0.0,0.0,0.0,0.0,0.0,0.0,0.0,0.0,0.0,0.0,0.0,0.0,0.0,0.0,0.0,105.0,2670.0,0.0,0.0,0.0,0.0,0.0,0.0,0.0,0.0,0.0,0.0,0.0,0.0,0.0
277,Malcolm,Ebiowei,Ebiowei,u,Has joined Blackpool permanently.,,4.5,430,257.0,0.0,780,341.0,0.0,634.0,235.0,0,0,0.0,0,0.0,0,0,0.0,0.0,0.0,0.0,0.0,687.0,272.0,0.0,0.0,682.0,267.0,679.0,270.0,658.0,262.0,684.0,269.0,,,,,,,,0.0,0.0,0.0,0.0,0.0,0.0,0.0,0.0,0.0,24,0.0,0.0,0.0,0.0,0.0,0.0,0.0,0.0,0.0,0.0,0.0,0.0,0.0,0.0,0.0,0.0,0.0,0.0,0.0,0.0,0.0,0.0,0.0,0.0,0.0,0.0,0.0,0.0,0.0,0.0
278,Jesurun,Rak-Sakyi,J.Rak-Sakyi,a,,,4.4,536,320.0,0.0,641,259.0,0.0,597.0,212.0,0,0,0.0,-1,1.0,5,5,0.0,0.0,0.0,0.0,0.0,656.0,252.0,100.0,100.0,648.0,244.0,645.0,249.0,620.0,238.0,650.0,246.0,,,,,,,,0.0,0.0,0.0,0.0,0.0,0.0,0.0,0.0,0.0,24,0.0,0.0,0.0,0.0,0.0,0.0,0.0,0.0,0.0,0.0,0.0,0.0,0.0,0.0,0.0,10.0,7.0,0.0,0.0,0.0,0.0,0.0,0.0,0.0,0.0,0.0,0.0,0.0,0.0,0.0
279,Matheus,França de Oliveira,M.França,u,Has joined CR Vasco da Gama on loan for the rest of the season.,,4.5,458,277.0,0.0,749,321.0,0.0,653.0,253.0,0,0,0.0,0,0.0,0,1,0.0,0.0,0.0,0.0,0.0,704.0,288.0,0.0,0.0,700.0,284.0,697.0,286.0,677.0,278.0,701.0,285.0,,,,,,,,0.0,0.0,0.0,0.0,0.0,0.0,0.0,0.0,0.0,24,0.0,0.0,0.0,0.0,0.0,0.0,0.0,0.0,0.0,0.0,0.0,0.0,0.0,0.0,0.0,0.0,3.0,0.0,0.0,0.0,0.0,0.0,0.0,0.0,0.0,0.0,0.0,0.0,0.0,0.0
280,David,Ozoh,Ozoh,u,Has joined Derby County on loan for the rest of the season.,,4.5,454,273.0,0.0,799,355.0,0.0,651.0,251.0,0,0,0.0,0,0.0,0,0,0.0,0.0,0.0,0.0,0.0,702.0,286.0,0.0,0.0,698.0,282.0,695.0,284.0,675.0,276.0,699.0,283.0,,,,,,,,0.0,0.0,0.0,0.0,0.0,0.0,0.0,0.0,0.0,24,0.0,0.0,0.0,0.0,0.0,0.0,0.0,0.0,0.0,0.0,0.0,0.0,0.0,0.0,0.0,0.0,0.0,0.0,0.0,0.0,0.0,0.0,0.0,0.0,0.0,0.0,0.0,0.0,0.0,0.0
281,Kaden,Rodney,Rodney,a,,,4.4,546,328.0,0.0,590,222.0,0.2,373.0,167.0,0,0,0.0,-1,1.0,11,9,0.0,0.2,0.2,0.2,1.0,451.0,201.0,,,655.0,251.0,471.0,229.0,627.0,245.0,657.0,253.0,,,,,,,,0.0,0.0,0.0,19.5,0.0,0.0,0.0,0.0,0.0,24,0.0,0.0,0.0,0.0,0.0,0.0,0.0,0.0,0.0,0.0,0.0,0.0,0.0,0.0,0.0,11.0,13.0,0.0,0.0,0.0,0.0,0.0,0.0,0.0,0.0,0.0,0.0,0.0,0.0,0.0
282,Franco,Umeh-Chibueze,Umeh,u,has joined Portsmouth permanently.,,4.5,471,287.0,0.0,686,286.0,0.0,663.0,261.0,0,0,0.0,0,0.0,0,2,0.0,0.0,0.0,0.0,0.0,712.0,294.0,0.0,0.0,710.0,292.0,706.0,293.0,688.0,287.0,711.0,293.0,,,,,,,,0.0,0.0,0.0,0.0,0.0,0.0,0.0,0.0,0.0,24,0.0,0.0,0.0,0.0,0.0,0.0,0.0,0.0,0.0,0.0,0.0,0.0,0.0,0.0,0.0,0.0,3.0,0.0,0.0,0.0,0.0,0.0,0.0,0.0,0.0,0.0,0.0,0.0,0.0,0.0
283,Jean-Philippe,Mateta,Mateta,a,,,7.5,22,7.0,8.8,46,9.0,1.6,226.0,28.0,0,0,0.0,0,0.0,540,17841,0.2,11.2,1.6,0.0,3.7,106.0,9.0,100.0,0.0,71.0,6.0,200.0,19.0,4.0,4.0,29.0,7.0,,,2.0,,,,,0.56,0.06,0.62,1.26,0.0,0.38,1.09,1.09,5.2,24,0.0,0.0,0.0,0.0,0.0,0.0,0.0,0.0,0.0,0.0,0.0,0.0,0.0,0.0,0.0,546.0,23025.0,0.0,0.0,0.0,0.0,0.0,0.0,0.0,0.0,0.0,0.0,0.0,0.0,0.0
284,Eddie,Nketiah,Nketiah,i,Hamstring injury - Unknown return date,,5.4,166,42.0,0.3,300,49.0,0.0,775.0,80.0,0,0,0.0,-1,1.0,14,220,0.0,4.3,0.0,0.0,1.9,343.0,36.0,0.0,0.0,299.0,29.0,249.0,26.0,125.0,31.0,260.0,30.0,,,,,,,,0.38,0.1,0.48,2.06,0.0,0.0,2.61,0.43,8.26,24,0.0,0.0,0.0,0.0,0.0,0.0,0.0,0.0,0.0,0.0,0.0,0.0,0.0,0.0,0.0,14.0,286.0,0.0,0.0,0.0,0.0,0.0,0.0,0.0,0.0,0.0,0.0,0.0,0.0,0.0
285,Odsonne,Édouard,Édouard,u,has joined RC Lens permanently.,,5.0,247,53.0,0.2,361,58.0,0.0,738.0,75.0,0,0,0.0,0,0.0,0,8,0.0,0.2,0.0,0.0,1.0,476.0,57.0,0.0,0.0,471.0,54.0,764.0,83.0,758.0,83.0,488.0,59.0,,,,,,,,0.0,0.0,0.0,12.15,0.0,0.0,0.0,0.0,45.0,24,0.0,0.0,0.0,0.0,0.0,0.0,0.0,0.0,0.0,0.0,0.0,0.0,0.0,0.0,0.0,0.0,8.0,0.0,0.0,0.0,0.0,0.0,0.0,0.0,0.0,0.0,0.0,0.0,0.0,0.0
286,Zach,Marsh,Marsh,a,,,4.4,553,79.0,0.3,313,51.0,0.0,610.0,60.0,0,0,0.0,-1,1.0,73,91,0.0,0.0,0.0,0.0,0.0,668.0,70.0,,,662.0,70.0,658.0,69.0,634.0,69.0,664.0,70.0,,,,,,,,0.0,0.0,0.0,0.0,0.0,0.0,0.0,0.0,0.0,24,0.0,0.0,0.0,0.0,0.0,0.0,0.0,0.0,0.0,0.0,0.0,0.0,0.0,0.0,0.0,93.0,106.0,0.0,0.0,0.0,0.0,0.0,0.0,0.0,0.0,0.0,0.0,0.0,0.0,0.0
580,Brennan,Johnson,Johnson,a,,,6.5,51,33.0,2.5,116,38.0,1.4,244.0,104.0,0,0,0.0,-5,5.0,353,506,0.2,6.3,1.4,1.4,2.0,330.0,150.0,,,268.0,114.0,189.0,125.0,133.0,77.0,228.0,112.0,,,,,,,,0.15,0.04,0.19,1.61,0.0,0.39,1.07,0.97,6.21,24,0.0,0.0,0.0,0.0,0.0,0.0,0.0,0.0,0.0,0.0,0.0,0.0,0.0,0.0,0.0,457.0,642.0,0.0,0.0,0.0,0.0,0.0,0.0,0.0,0.0,0.0,0.0,0.0,0.0,0.0
690,Rio,Cardines,Cardines,d,Groin Injury - 25% chance of playing,,4.4,557,334.0,0.3,326,110.0,0.0,613.0,223.0,0,0,0.0,-1,1.0,1,56,0.0,0.0,0.0,0.0,0.0,671.0,262.0,25.0,25.0,665.0,256.0,661.0,260.0,637.0,250.0,667.0,258.0,,,,,,,,0.0,0.0,0.0,0.0,0.0,0.0,0.0,0.0,0.0,24,0.0,0.0,0.0,0.0,0.0,0.0,0.0,0.0,0.0,0.0,0.0,0.0,0.0,0.0,0.0,1.0,71.0,0.0,0.0,0.0,0.0,0.0,0.0,0.0,0.0,0.0,0.0,0.0,0.0,0.0
712,Yéremy,Pino Santos,Yeremy,a,,,5.8,111,69.0,0.2,349,117.0,3.0,107.0,45.0,0,0,0.0,-2,2.0,283,194,0.5,10.0,3.0,3.0,2.8,225.0,97.0,100.0,100.0,184.0,77.0,20.0,19.0,57.0,35.0,45.0,32.0,1.0,1.0,,,,,,0.22,0.28,0.5,1.28,0.0,0.37,1.17,1.11,7.26,24,0.0,0.0,0.0,0.0,0.0,0.0,0.0,0.0,0.0,0.0,0.0,0.0,0.0,0.0,0.0,365.0,300.0,0.0,0.0,0.0,0.0,0.0,0.0,0.0,0.0,0.0,0.0,0.0,0.0,0.0
723,Jaydee,Canvot,Canvot,a,,,4.5,504,96.0,0.0,642,224.0,2.4,143.0,51.0,0,0,0.0,0,0.0,17,8,0.5,6.0,2.4,2.4,3.0,186.0,73.0,100.0,100.0,324.0,126.0,422.0,154.0,383.0,139.0,387.0,140.0,,,,,,,,0.01,0.03,0.04,1.96,0.0,0.51,1.53,0.77,13.3,24,0.0,0.0,0.0,0.0,0.0,0.0,0.0,0.0,0.0,0.0,0.0,0.0,0.0,0.0,0.0,18.0,12.0,0.0,0.0,0.0,0.0,0.0,0.0,0.0,0.0,0.0,0.0,0.0,0.0,0.0
732,Christantus,Uche,Uche,a,,,5.5,155,40.0,0.1,577,77.0,0.4,351.0,42.0,0,0,0.0,0,0.0,64,34,0.1,2.5,0.4,0.4,1.3,423.0,50.0,,,441.0,50.0,427.0,53.0,270.0,48.0,412.0,50.0,,,,,,,,0.28,0.01,0.29,3.2,0.0,0.0,3.16,0.0,6.32,24,0.0,0.0,0.0,0.0,0.0,0.0,0.0,0.0,0.0,0.0,0.0,0.0,0.0,0.0,0.0,83.0,43.0,0.0,0.0,0.0,0.0,0.0,0.0,0.0,0.0,0.0,0.0,0.0,0.0,0.0
762,Joél,Drakes-Thomas,Drakes-Thomas,a,,,4.5,507,313.0,0.0,770,334.0,0.2,383.0,173.0,0,0,0.0,0,0.0,6,2,0.0,0.4,0.2,0.2,1.0,466.0,215.0,,,475.0,220.0,451.0,218.0,717.0,309.0,483.0,224.0,,,,,,,,0.0,0.0,0.0,9.39,0.0,0.0,12.86,0.0,38.57,24,0.0,0.0,0.0,0.0,0.0,0.0,0.0,0.0,0.0,0.0,0.0,0.0,0.0,0.0,0.0,8.0,2.0,0.0,0.0,0.0,0.0,0.0,0.0,0.0,0.0,0.0,0.0,0.0,0.0,0.0
773,Dean,Benamar,Benamar,a,,,4.0,724,207.0,0.0,740,251.0,0.0,537.0,226.0,0,0,0.0,0,0.0,7,3,0.0,0.0,0.0,0.0,0.0,615.0,241.0,,,606.0,241.0,599.0,241.0,567.0,237.0,608.0,241.0,,,,,,,,0.0,0.0,0.0,0.0,0.0,0.0,0.0,0.0,0.0,24,0.0,0.0,0.0,0.0,0.0,0.0,0.0,0.0,0.0,0.0,0.0,0.0,0.0,0.0,0.0,11.0,4.0,0.0,0.0,0.0,0.0,0.0,0.0,0.0,0.0,0.0,0.0,0.0,0.0,0.0
780,Ben,Casey,Casey,a,,,4.5,501,72.0,0.0,712,86.0,0.0,689.0,69.0,0,0,0.0,0,0.0,34,10,0.0,0.0,0.0,0.0,0.0,735.0,79.0,,,735.0,79.0,730.0,78.0,713.0,78.0,735.0,79.0,,,,,,,,0.0,0.0,0.0,0.0,0.0,0.0,0.0,0.0,0.0,24,0.0,0.0,0.0,0.0,0.0,0.0,0.0,0.0,0.0,0.0,0.0,0.0,0.0,0.0,0.0,44.0,12.0,0.0,0.0,0.0,0.0,0.0,0.0,0.0,0.0,0.0,0.0,0.0,0.0,0.0
793,George,King,King,a,,,4.0,712,195.0,0.0,747,255.0,0.0,528.0,217.0,0,0,0.0,0,0.0,22,7,0.0,0.0,0.0,0.0,0.0,606.0,232.0,,,597.0,232.0,590.0,232.0,558.0,228.0,599.0,232.0,,,,,,,,0.0,0.0,0.0,0.0,0.0,0.0,0.0,0.0,0.0,24,0.0,0.0,0.0,0.0,0.0,0.0,0.0,0.0,0.0,0.0,0.0,0.0,0.0,0.0,0.0,23.0,7.0,0.0,0.0,0.0,0.0,0.0,0.0,0.0,0.0,0.0,0.0,0.0,0.0,0.0
798,Danny,Imray,Imray,a,,,4.0,690,178.0,0.0,783,262.0,0.0,508.0,202.0,0,0,0.0,0,0.0,6,1,0.0,0.0,0.0,0.0,0.0,588.0,219.0,,,579.0,219.0,572.0,219.0,539.0,214.0,581.0,219.0,,,,,,,,0.0,0.0,0.0,0.0,0.0,0.0,0.0,0.0,0.0,24,0.0,0.0,0.0,0.0,0.0,0.0,0.0,0.0,0.0,0.0,0.0,0.0,0.0,0.0,0.0,6.0,1.0,0.0,0.0,0.0,0.0,0.0,0.0,0.0,0.0,0.0,0.0,0.0,0.0,0.0
242,Kiernan,Dewsbury-Hall,Dewsbury-Hall,a,,,4.9,311,193.0,2.2,122,42.0,0.6,316.0,140.0,2,0,0.0,-1,1.0,1489,748,0.1,15.9,0.6,0.6,4.6,30.0,13.0,100.0,100.0,151.0,55.0,54.0,44.0,94.0,58.0,82.0,49.0,2.0,,,,,,,0.13,0.18,0.31,1.24,0.0,0.39,1.11,1.04,7.5,24,2.0,78.0,0.0,0.0,0.0,1.0,0.0,0.0,0.0,0.0,0.0,0.0,1.0,0.0,9.0,2867.0,1426.0,0.0,0.3999999999999999,0.010000000000000231,0.41000000000000014,1.2600000000000016,6.0,2.6000000000000227,25.0,3.4000000000000057,1.0,0.0,1.0,2.0
287,Jordan,Pickford,Pickford,a,,,5.6,126,2.0,14.2,28,4.0,3.8,58.0,3.0,2,0,0.0,1,-1.0,5189,3966,0.7,18.8,3.8,3.8,4.4,40.0,1.0,,,16.0,4.0,474.0,16.0,793.0,91.0,171.0,6.0,,,,,,,,0.0,0.01,0.01,1.44,2.75,0.38,1.12,1.0,0.0,24,2.0,90.0,0.0,0.0,0.0,1.0,0.0,0.0,0.0,0.0,0.0,1.0,1.0,0.0,10.0,6937.0,5157.0,0.0,0.0,0.0,0.0,1.2899999999999991,14.799999999999955,0.0,0.0,1.5,0.0,0.0,7.0,0.0
288,Mark,Travers,Travers,a,,,4.3,578,28.0,0.1,454,70.0,0.0,561.0,83.0,0,0,0.0,-2,2.0,7,20,0.0,0.0,0.0,0.0,0.0,628.0,87.0,,,619.0,87.0,615.0,79.0,587.0,66.0,621.0,87.0,,,,,,,,0.0,0.0,0.0,0.0,0.0,0.0,0.0,0.0,0.0,24,0.0,0.0,0.0,0.0,0.0,0.0,0.0,0.0,0.0,0.0,0.0,0.0,0.0,0.0,0.0,10.0,23.0,0.0,0.0,0.0,0.0,0.0,0.0,0.0,0.0,0.0,0.0,0.0,0.0,0.0
289,Harry,Tyrer,Tyrer,u,has joined Cardiff City permanently.,,3.9,748,79.0,0.1,472,73.0,0.0,453.0,40.0,0,0,0.0,-1,1.0,0,36,0.0,0.0,0.0,0.0,0.0,534.0,46.0,0.0,0.0,525.0,46.0,516.0,33.0,481.0,18.0,527.0,46.0,,,,,,,,0.0,0.0,0.0,0.0,0.0,0.0,0.0,0.0,0.0,24,0.0,0.0,0.0,0.0,0.0,0.0,0.0,0.0,0.0,0.0,0.0,0.0,0.0,0.0,0.0,0.0,49.0,0.0,0.0,0.0,0.0,0.0,0.0,0.0,0.0,0.0,0.0,0.0,0.0,0.0
290,Jarrad,Branthwaite,Branthwaite,a,,,5.3,200,25.0,0.2,396,145.0,0.4,350.0,131.0,1,0,0.0,-2,2.0,377,42,0.1,0.4,0.4,0.4,1.0,481.0,168.0,100.0,100.0,434.0,162.0,387.0,141.0,395.0,148.0,437.0,158.0,,,,,,,,0.01,0.02,0.03,0.99,0.0,0.0,0.68,0.68,4.06,24,1.0,88.0,0.0,0.0,0.0,1.0,0.0,0.0,0.0,1.0,0.0,0.0,1.0,0.0,3.0,459.0,47.0,0.0,0.02,0.009999999999999998,0.030000000000000002,1.29,8.000000000000002,2.0999999999999996,4.0,1.4000000000000004,1.0,4.0,5.0,5.0
291,James,Tarkowski,Tarkowski,a,,,5.8,103,7.0,14.2,27,9.0,4.0,49.0,18.0,2,0,0.0,3,-3.0,5519,7280,0.7,19.7,4.0,4.0,4.8,22.0,11.0,,,9.0,5.0,147.0,37.0,113.0,20.0,53.0,8.0,,,,,,,,0.05,0.05,0.1,1.44,0.0,0.38,1.12,1.0,11.04,24,2.0,90.0,0.0,0.0,0.0,1.0,0.0,0.0,0.0,0.0,0.0,0.0,1.0,0.0,12.0,8150.0,9461.0,0.0,0.09000000000000008,0.07999999999999985,0.16999999999999993,1.2899999999999991,17.399999999999977,0.9000000000000057,18.0,3.6000000000000085,2.0,5.0,1.0,7.0
292,Vitalii,Mykolenko,Mykolenko,d,Knock - 75% chance of playing,,4.9,313,51.0,0.8,206,79.0,2.0,175.0,63.0,0,0,0.0,-1,1.0,77,1417,0.4,13.1,1.5,2.0,3.2,156.0,63.0,75.0,100.0,129.0,57.0,113.0,30.0,285.0,87.0,161.0,51.0,,,,,,,,0.01,0.07,0.08,1.42,0.0,0.35,1.25,1.0,7.02,24,0.0,0.0,0.0,0.0,0.0,0.0,0.0,0.0,0.0,0.0,0.0,0.0,0.0,0.0,0.0,199.0,1615.0,0.0,0.0,0.0,0.0,0.0,0.0,0.0,0.0,0.0,0.0,0.0,0.0,0.0
293,Jake,O'Brien,O'Brien,a,,,4.9,337,56.0,0.8,201,77.0,4.0,45.0,17.0,5,0,0.0,-1,1.0,649,284,0.8,17.3,4.0,4.0,3.5,123.0,45.0,,,83.0,38.0,132.0,31.0,198.0,48.0,121.0,38.0,,,,,,,,0.03,0.03,0.06,1.5,0.0,0.36,1.15,0.98,6.83,24,5.0,90.0,0.0,1.0,0.0,1.0,0.0,0.0,0.0,0.0,0.0,0.0,1.0,0.0,19.0,852.0,524.0,0.0,0.08000000000000007,0.05999999999999994,0.14000000000000012,1.2899999999999991,26.0,21.299999999999983,19.0,6.6000000000000085,1.0,3.0,4.0,4.0
294,Séamus,Coleman,Coleman,a,,,4.2,621,142.0,0.1,485,175.0,0.0,542.0,229.0,0,0,0.0,-3,3.0,23,12,0.0,0.7,0.0,0.0,1.0,443.0,165.0,100.0,100.0,611.0,244.0,468.0,171.0,572.0,240.0,613.0,244.0,,,,,,,,0.0,0.0,0.0,1.96,0.0,0.0,0.0,8.18,0.0,24,0.0,0.0,0.0,0.0,0.0,0.0,0.0,0.0,0.0,0.0,0.0,0.0,0.0,0.0,0.0,27.0,12.0,0.0,0.0,0.0,0.0,0.0,0.0,0.0,0.0,0.0,0.0,0.0,0.0,0.0
295,Michael,Keane,Keane,a,,,4.7,376,63.0,4.0,85,28.0,1.4,234.0,90.0,2,0,0.0,2,-2.0,1761,1813,0.3,20.9,1.4,1.4,4.9,18.0,8.0,100.0,100.0,23.0,9.0,364.0,131.0,105.0,15.0,101.0,30.0,,,,,,,,0.09,0.01,0.1,1.5,0.0,0.31,1.33,1.02,10.35,24,2.0,90.0,0.0,0.0,0.0,1.0,0.0,0.0,0.0,0.0,0.0,0.0,1.0,0.0,15.0,2435.0,3447.0,0.0,0.07000000000000006,0.0,0.06999999999999984,1.2900000000000027,21.0,0.6999999999999993,23.0,4.5,2.0,7.0,3.0,9.0
296,Nathan,Patterson,Patterson,a,,,4.4,529,113.0,0.0,606,217.0,2.4,142.0,50.0,1,0,0.0,-1,1.0,25,49,0.5,4.8,2.4,2.4,3.5,120.0,43.0,100.0,100.0,373.0,144.0,425.0,155.0,367.0,130.0,407.0,147.0,,,,,,,,0.01,0.02,0.03,1.35,0.0,0.76,0.38,1.14,11.39,24,1.0,1.0,0.0,0.0,0.0,0.0,0.0,0.0,0.0,0.0,0.0,0.0,0.0,0.0,3.0,38.0,58.0,0.0,0.0,0.0,0.0,0.0,2.0,0.10000000000000053,0.0,0.1999999999999993,1.0,0.0,1.0,1.0
297,Roman,Dixon,Dixon,a,,,3.8,789,244.0,0.2,380,139.0,0.0,423.0,163.0,0,0,0.0,-2,2.0,13,21,0.0,0.0,0.0,0.0,0.0,507.0,184.0,,,498.0,184.0,486.0,182.0,450.0,174.0,500.0,184.0,,,,,,,,0.0,0.0,0.0,0.0,0.0,0.0,0.0,0.0,0.0,24,0.0,0.0,0.0,0.0,0.0,0.0,0.0,0.0,0.0,0.0,0.0,0.0,0.0,0.0,0.0,17.0,25.0,0.0,0.0,0.0,0.0,0.0,0.0,0.0,0.0,0.0,0.0,0.0,0.0,0.0
298,Reece,Welch,Welch,a,,,3.8,787,242.0,0.1,422,158.0,0.0,421.0,161.0,0,0,0.0,-2,2.0,11,16,0.0,0.0,0.0,0.0,0.0,505.0,182.0,,,496.0,182.0,484.0,180.0,448.0,172.0,498.0,182.0,,,,,,,,0.0,0.0,0.0,0.0,0.0,0.0,0.0,0.0,0.0,24,0.0,0.0,0.0,0.0,0.0,0.0,0.0,0.0,0.0,0.0,0.0,0.0,0.0,0.0,0.0,15.0,19.0,0.0,0.0,0.0,0.0,0.0,0.0,0.0,0.0,0.0,0.0,0.0,0.0,0.0
299,Iliman,Ndiaye,Ndiaye,a,,,6.2,75,49.0,4.1,84,28.0,0.8,301.0,136.0,2,0,0.0,-3,3.0,1690,1558,0.1,12.4,0.8,0.8,4.3,48.0,20.0,100.0,100.0,99.0,32.0,87.0,65.0,50.0,30.0,61.0,41.0,,,1.0,,,,,0.2,0.18,0.38,1.29,0.0,0.35,1.24,1.06,9.75,24,2.0,90.0,0.0,0.0,0.0,1.0,0.0,0.0,0.0,0.0,0.0,0.0,1.0,0.0,10.0,3264.0,2543.0,0.0,0.0,0.009999999999999787,0.009999999999999787,1.2899999999999991,11.799999999999955,3.8000000000000114,8.0,2.4000000000000057,5.0,1.0,5.0,11.0
300,Dwight,McNeil,McNeil,a,,,5.5,145,90.0,0.2,384,129.0,1.8,200.0,88.0,0,0,0.0,-5,5.0,36,206,0.3,5.3,1.8,1.8,2.1,316.0,141.0,,,356.0,159.0,188.0,124.0,304.0,160.0,321.0,155.0,,,,,,,,0.07,0.1,0.17,1.78,0.0,0.44,0.59,1.02,7.76,24,0.0,0.0,0.0,0.0,0.0,0.0,0.0,0.0,0.0,0.0,0.0,0.0,0.0,0.0,0.0,54.0,285.0,0.0,0.0,0.0,0.0,0.0,0.0,0.0,0.0,0.0,0.0,0.0,0.0,0.0
301,Carlos,Alcaraz Durán,Alcaraz,a,,,5.2,218,135.0,0.1,497,175.0,0.2,399.0,184.0,1,0,0.0,-3,3.0,18,7,0.0,5.0,0.2,0.2,1.6,384.0,171.0,100.0,100.0,348.0,155.0,172.0,116.0,138.0,80.0,259.0,127.0,,,,,,,,0.14,0.06,0.2,1.76,0.0,0.4,1.08,0.81,8.64,24,1.0,11.0,0.0,0.0,0.0,0.0,0.0,0.0,0.0,0.0,0.0,0.0,0.0,0.0,7.0,20.0,39.0,0.0,0.0,0.010000000000000009,0.010000000000000009,0.02999999999999936,3.5999999999999943,0.5,0.0,0.3999999999999986,1.0,0.0,3.0,4.0
302,Idrissa Gana,Gueye,Gana,a,,,5.4,156,97.0,0.1,490,172.0,1.6,222.0,95.0,2,0,0.0,-1,1.0,67,28,0.3,9.6,1.6,1.6,3.5,125.0,59.0,100.0,100.0,199.0,86.0,168.0,112.0,179.0,102.0,201.0,104.0,,,,,,,,0.09,0.06,0.15,1.37,0.0,0.22,1.11,1.11,9.22,24,2.0,79.0,0.0,0.0,0.0,1.0,0.0,0.0,0.0,0.0,0.0,0.0,1.0,0.0,8.0,99.0,33.0,0.0,0.0,0.020000000000000018,0.020000000000000018,1.2600000000000016,3.4000000000000057,4.299999999999983,4.0,1.2000000000000028,0.0,1.0,1.0,2.0
303,James,Garner,Garner,a,,,5.2,212,132.0,4.6,79,27.0,4.0,47.0,21.0,4,0,0.0,2,-2.0,4710,3859,0.8,20.2,4.0,4.0,4.4,38.0,16.0,,,21.0,6.0,18.0,17.0,121.0,70.0,27.0,21.0,3.0,3.0,,,,,,0.07,0.13,0.2,1.45,0.0,0.38,1.13,1.0,12.42,24,4.0,90.0,0.0,0.0,0.0,1.0,0.0,0.0,0.0,0.0,0.0,0.0,1.0,0.0,14.0,6190.0,5926.0,0.0,0.0,0.06999999999999984,0.07000000000000028,1.2899999999999991,20.199999999999932,17.600000000000023,2.0,4.0,6.0,4.0,8.0,18.0
304,Tim,Iroegbunam,Iroegbunam,a,,,4.8,367,229.0,0.0,616,238.0,2.2,162.0,71.0,0,0,0.0,-2,2.0,6,16,0.5,10.2,2.2,0.6,2.7,232.0,99.0,100.0,25.0,259.0,111.0,257.0,156.0,299.0,156.0,302.0,145.0,,,,,,,,0.03,0.06,0.09,1.45,0.0,0.68,0.87,1.06,12.15,24,0.0,10.0,0.0,0.0,0.0,0.0,0.0,0.0,0.0,1.0,0.0,0.0,0.0,0.0,155.0,6.0,23.0,0.0,0.0,0.0,0.0,0.02999999999999936,0.0,0.19999999999998863,0.0,0.0,0.0,1.0,1.0,2.0
305,Harrison,Armstrong,Armstrong,a,,,4.5,492,302.0,0.1,539,192.0,2.2,160.0,69.0,2,0,0.0,0,0.0,108,17,0.5,2.7,2.2,2.2,2.0,322.0,142.0,100.0,100.0,403.0,177.0,345.0,180.0,382.0,192.0,410.0,185.0,,,,,,,,0.0,0.04,0.04,1.36,0.0,0.29,1.15,1.15,9.46,24,2.0,79.0,0.0,0.0,0.0,1.0,0.0,0.0,0.0,0.0,0.0,0.0,1.0,0.0,11.0,139.0,23.0,0.0,0.0,0.010000000000000009,0.010000000000000009,1.2600000000000002,8.799999999999997,2.200000000000003,0.0,1.1000000000000005,3.0,2.0,5.0,10.0
306,Callum,Bates,Bates,a,,,4.3,606,352.0,0.1,513,183.0,0.0,573.0,200.0,0,0,0.0,-2,2.0,39,28,0.0,0.0,0.0,0.0,0.0,639.0,242.0,,,630.0,233.0,627.0,238.0,600.0,226.0,632.0,235.0,,,,,,,,0.0,0.0,0.0,0.0,0.0,0.0,0.0,0.0,0.0,24,0.0,0.0,0.0,0.0,0.0,0.0,0.0,0.0,0.0,0.0,0.0,0.0,0.0,0.0,0.0,57.0,33.0,0.0,0.0,0.0,0.0,0.0,0.0,0.0,0.0,0.0,0.0,0.0,0.0,0.0
307,Coby,Ebere,Ebere,a,,,4.4,541,324.0,0.0,604,232.0,0.0,600.0,215.0,0,0,0.0,-1,1.0,6,13,0.0,0.0,0.0,0.0,0.0,659.0,255.0,,,651.0,247.0,648.0,252.0,623.0,241.0,653.0,249.0,,,,,,,,0.0,0.0,0.0,0.0,0.0,0.0,0.0,0.0,0.0,24,0.0,0.0,0.0,0.0,0.0,0.0,0.0,0.0,0.0,0.0,0.0,0.0,0.0,0.0,0.0,10.0,14.0,0.0,0.0,0.0,0.0,0.0,0.0,0.0,0.0,0.0,0.0,0.0,0.0,0.0
308,Isaac,Heath,Heath,u,has joined Accrington on loan for the rest of the season.,,4.5,448,268.0,0.0,683,284.0,0.0,646.0,246.0,0,0,0.0,0,0.0,0,0,0.0,0.0,0.0,0.0,0.0,697.0,281.0,0.0,0.0,693.0,277.0,690.0,279.0,670.0,271.0,694.0,278.0,,,,,,,,0.0,0.0,0.0,0.0,0.0,0.0,0.0,0.0,0.0,24,0.0,0.0,0.0,0.0,0.0,0.0,0.0,0.0,0.0,0.0,0.0,0.0,0.0,0.0,0.0,0.0,0.0,0.0,0.0,0.0,0.0,0.0,0.0,0.0,0.0,0.0,0.0,0.0,0.0,0.0
309,Jenson,Metcalfe,Metcalfe,u,Has joined Bradford City permanently.,,4.5,444,266.0,0.0,806,360.0,0.0,644.0,244.0,0,0,0.0,0,0.0,0,1,0.0,0.0,0.0,0.0,0.0,695.0,279.0,0.0,0.0,691.0,275.0,688.0,277.0,668.0,269.0,692.0,276.0,,,,,,,,0.0,0.0,0.0,0.0,0.0,0.0,0.0,0.0,0.0,24,0.0,0.0,0.0,0.0,0.0,0.0,0.0,0.0,0.0,0.0,0.0,0.0,0.0,0.0,0.0,0.0,1.0,0.0,0.0,0.0,0.0,0.0,0.0,0.0,0.0,0.0,0.0,0.0,0.0,0.0
310,Thierno,Barry,Barry,a,,,5.7,122,33.0,1.3,165,28.0,5.4,14.0,6.0,2,0,0.0,-3,3.0,2592,1903,0.9,10.7,5.4,5.4,2.5,264.0,26.0,,,213.0,18.0,174.0,16.0,44.0,18.0,128.0,17.0,,,,,,,,0.25,0.02,0.27,1.4,0.0,0.46,1.19,1.06,3.05,24,2.0,88.0,0.0,0.0,0.0,1.0,0.0,0.0,0.0,0.0,0.0,0.0,1.0,0.0,9.0,5006.0,2407.0,0.0,0.0,0.15999999999999998,0.16000000000000014,1.2899999999999991,1.4000000000000057,23.39999999999999,2.0,2.700000000000003,0.0,0.0,2.0,2.0
311,Norberto Bercique,Gomes Betuncal,Beto,a,,,5.0,264,54.0,2.4,118,19.0,3.0,104.0,14.0,7,0,0.0,-5,5.0,894,673,0.6,9.0,3.0,3.0,1.9,341.0,34.0,,,264.0,26.0,309.0,33.0,48.0,19.0,192.0,22.0,,,2.0,,,,,0.55,0.02,0.57,1.62,0.0,0.22,1.3,0.87,5.3,24,7.0,1.0,1.0,0.0,0.0,0.0,0.0,0.0,0.0,0.0,0.0,0.0,0.0,2.0,27.0,1035.0,847.0,0.0,0.5899999999999999,0.0,0.5900000000000007,0.0,33.000000000000014,0.0,35.0,6.799999999999997,0.0,1.0,1.0,2.0
312,Youssef,Ramalho Chermiti,Y.Chermiti,u,has joined Rangers permanently.,,4.9,336,61.0,0.1,534,75.0,0.0,731.0,74.0,0,0,0.0,-1,1.0,0,3,0.0,0.0,0.0,0.0,0.0,763.0,83.0,0.0,0.0,763.0,83.0,759.0,82.0,751.0,82.0,763.0,83.0,,,,,,,,0.0,0.0,0.0,0.0,0.0,0.0,0.0,0.0,0.0,24,0.0,0.0,0.0,0.0,0.0,0.0,0.0,0.0,0.0,0.0,0.0,0.0,0.0,0.0,0.0,0.0,4.0,0.0,0.0,0.0,0.0,0.0,0.0,0.0,0.0,0.0,0.0,0.0,0.0,0.0
313,Martin,Sherif,Sherif,a,,,4.4,548,77.0,0.1,441,64.0,0.0,605.0,58.0,0,0,0.0,-1,1.0,43,21,0.0,0.0,0.0,0.0,0.0,664.0,68.0,100.0,100.0,657.0,68.0,653.0,67.0,629.0,67.0,659.0,68.0,,,,,,,,0.0,0.0,0.0,0.0,0.0,0.0,0.0,0.0,0.0,24,0.0,0.0,0.0,0.0,0.0,0.0,0.0,0.0,0.0,0.0,0.0,0.0,0.0,0.0,0.0,54.0,24.0,0.0,0.0,0.0,0.0,0.0,0.0,0.0,0.0,0.0,0.0,0.0,0.0,0.0
419,Jack,Grealish,Grealish,i,Foot injury - Expected back 01 Jun,,6.3,63,42.0,7.0,55,20.0,2.4,153.0,66.0,0,-1,1.0,-2,2.0,24,9747,0.4,12.5,0.0,0.0,4.0,72.0,31.0,0.0,0.0,93.0,29.0,15.0,15.0,29.0,15.0,22.0,18.0,,,,,,,,0.11,0.19,0.3,1.43,0.0,0.39,1.27,1.0,7.47,24,0.0,0.0,0.0,0.0,0.0,0.0,0.0,0.0,0.0,0.0,0.0,0.0,0.0,0.0,0.0,25.0,12654.0,0.0,0.0,0.0,0.0,0.0,0.0,0.0,0.0,0.0,0.0,0.0,0.0,0.0
667,Adam,Aznou,Aznou,a,,,4.2,635,150.0,0.1,567,205.0,0.0,548.0,231.0,0,0,0.0,-3,3.0,4,9,0.0,0.0,0.0,0.0,0.0,622.0,244.0,100.0,100.0,614.0,245.0,609.0,244.0,579.0,241.0,616.0,245.0,,,,,,,,0.0,0.0,0.0,0.0,0.0,0.0,0.0,0.0,0.0,24,0.0,0.0,0.0,0.0,0.0,0.0,0.0,0.0,0.0,0.0,0.0,0.0,0.0,0.0,0.0,5.0,10.0,0.0,0.0,0.0,0.0,0.0,0.0,0.0,0.0,0.0,0.0,0.0,0.0,0.0
704,Tyler,Onyango,Onyango,u,has joined Stockport County on loan for the rest of the season.,,4.5,434,259.0,0.1,579,215.0,0.0,637.0,237.0,0,0,0.0,0,0.0,0,8,0.0,0.0,0.0,0.0,0.0,690.0,274.0,0.0,0.0,685.0,269.0,683.0,272.0,662.0,264.0,687.0,271.0,,,,,,,,0.0,0.0,0.0,0.0,0.0,0.0,0.0,0.0,0.0,24,0.0,0.0,0.0,0.0,0.0,0.0,0.0,0.0,0.0,0.0,0.0,0.0,0.0,0.0,0.0,0.0,9.0,0.0,0.0,0.0,0.0,0.0,0.0,0.0,0.0,0.0,0.0,0.0,0.0,0.0
705,Elijah,Campbell,Campbell,a,,,3.9,760,222.0,0.2,394,143.0,0.0,461.0,180.0,0,0,0.0,-1,1.0,21,23,0.0,0.0,0.0,0.0,0.0,542.0,198.0,,,533.0,198.0,524.0,198.0,489.0,191.0,535.0,198.0,,,,,,,,0.0,0.0,0.0,0.0,0.0,0.0,0.0,0.0,0.0,24,0.0,0.0,0.0,0.0,0.0,0.0,0.0,0.0,0.0,0.0,0.0,0.0,0.0,0.0,0.0,27.0,30.0,0.0,0.0,0.0,0.0,0.0,0.0,0.0,0.0,0.0,0.0,0.0,0.0,0.0
707,Tyler,Dibling,Dibling,a,,,5.3,202,125.0,0.0,639,258.0,0.6,320.0,144.0,1,0,0.0,-2,2.0,3,24,0.1,3.2,0.6,0.6,1.3,422.0,191.0,,,392.0,173.0,293.0,168.0,330.0,174.0,375.0,175.0,,,,,,,,0.05,0.04,0.09,1.55,0.0,0.52,0.52,1.03,10.34,24,1.0,10.0,0.0,0.0,0.0,0.0,0.0,0.0,0.0,0.0,0.0,0.0,0.0,0.0,1.0,5.0,41.0,0.0,0.0,0.0,0.0,0.03000000000000025,0.0,0.0,0.0,0.0,0.0,0.0,0.0,0.0
728,Merlin,Röhl,Röhl,a,,,5.0,275,168.0,0.0,704,297.0,1.0,272.0,119.0,0,0,0.0,0,0.0,8,16,0.2,3.2,1.0,1.0,1.6,382.0,170.0,100.0,100.0,376.0,164.0,281.0,164.0,329.0,173.0,364.0,170.0,,,,,,,,0.13,0.04,0.17,1.6,0.0,0.51,1.02,0.51,10.96,24,0.0,0.0,0.0,0.0,0.0,0.0,0.0,0.0,0.0,0.0,0.0,0.0,0.0,0.0,0.0,11.0,19.0,0.0,0.0,0.0,0.0,0.0,0.0,0.0,0.0,0.0,0.0,0.0,0.0,0.0
779,Braiden,Graham,Graham,a,,,4.5,499,71.0,0.0,680,84.0,0.0,687.0,68.0,0,0,0.0,0,0.0,50,16,0.0,0.0,0.0,0.0,0.0,734.0,78.0,,,734.0,78.0,729.0,77.0,712.0,77.0,734.0,78.0,,,,,,,,0.0,0.0,0.0,0.0,0.0,0.0,0.0,0.0,0.0,24,0.0,0.0,0.0,0.0,0.0,0.0,0.0,0.0,0.0,0.0,0.0,0.0,0.0,0.0,0.0,60.0,19.0,0.0,0.0,0.0,0.0,0.0,0.0,0.0,0.0,0.0,0.0,0.0,0.0,0.0
314,Bernd,Leno,Leno,a,,,4.9,287,11.0,1.6,149,20.0,2.0,173.0,17.0,0,0,0.0,-1,1.0,220,291,0.4,14.3,2.0,2.0,3.0,188.0,17.0,,,31.0,9.0,744.0,88.0,734.0,82.0,199.0,10.0,,,,,,,,0.0,0.0,0.0,1.39,2.61,0.22,1.39,1.0,0.0,24,0.0,0.0,0.0,0.0,0.0,0.0,0.0,0.0,0.0,0.0,0.0,0.0,0.0,0.0,0.0,242.0,653.0,0.0,0.0,0.0,0.0,0.0,0.0,0.0,0.0,0.0,0.0,0.0,0.0,0.0
315,Steven,Benda,Benda,a,,,4.0,668,49.0,0.0,734,85.0,0.0,488.0,61.0,0,0,0.0,0,0.0,26,6,0.0,0.0,0.0,0.0,0.0,569.0,67.0,100.0,100.0,560.0,67.0,553.0,56.0,520.0,41.0,562.0,67.0,,,,,,,,0.0,0.0,0.0,0.0,0.0,0.0,0.0,0.0,0.0,24,0.0,0.0,0.0,0.0,0.0,0.0,0.0,0.0,0.0,0.0,0.0,0.0,0.0,0.0,0.0,30.0,8.0,0.0,0.0,0.0,0.0,0.0,0.0,0.0,0.0,0.0,0.0,0.0,0.0,0.0
316,Antonee,Robinson,Robinson,a,,,4.9,295,46.0,0.8,205,78.0,1.2,254.0,95.0,0,0,0.0,-1,1.0,418,259,0.2,6.5,1.2,1.2,2.9,201.0,80.0,100.0,100.0,247.0,99.0,135.0,32.0,328.0,105.0,247.0,83.0,,,,,,,,0.03,0.13,0.16,1.5,0.0,0.25,0.98,0.98,8.0,24,0.0,0.0,0.0,0.0,0.0,0.0,0.0,0.0,0.0,0.0,0.0,0.0,0.0,0.0,0.0,469.0,491.0,0.0,0.0,0.0,0.0,0.0,0.0,0.0,0.0,0.0,0.0,0.0,0.0,0.0
317,Joachim,Andersen,Andersen,a,,,4.6,394,67.0,5.1,74,25.0,3.0,102.0,36.0,0,0,0.0,1,-1.0,1403,875,0.7,18.7,3.0,3.0,3.9,77.0,30.0,100.0,100.0,19.0,7.0,241.0,71.0,244.0,68.0,110.0,35.0,,,,,,,,0.03,0.07,0.1,1.33,0.0,0.23,1.35,1.03,10.86,24,0.0,0.0,0.0,0.0,0.0,0.0,0.0,0.0,0.0,0.0,0.0,0.0,0.0,0.0,0.0,2412.0,3044.0,0.0,0.0,0.0,0.0,0.0,0.0,0.0,0.0,0.0,0.0,0.0,0.0,0.0
318,Calvin,Bassey,Bassey,a,,,4.4,526,110.0,0.4,280,106.0,0.0,593.0,244.0,0,0,0.0,-1,1.0,241,70,0.0,12.5,0.0,0.0,3.4,130.0,49.0,100.0,100.0,117.0,52.0,268.0,83.0,291.0,89.0,220.0,73.0,,,,,,,,0.06,0.01,0.07,1.38,0.0,0.2,1.66,0.99,7.95,24,0.0,0.0,0.0,0.0,0.0,0.0,0.0,0.0,0.0,0.0,0.0,0.0,0.0,0.0,0.0,283.0,114.0,0.0,0.0,0.0,0.0,0.0,0.0,0.0,0.0,0.0,0.0,0.0,0.0,0.0
319,Timothy,Castagne,Castagne,a,,,4.3,573,126.0,0.1,460,169.0,1.4,231.0,87.0,0,0,0.0,-2,2.0,38,19,0.3,5.8,1.4,1.4,1.4,402.0,146.0,,,233.0,95.0,196.0,49.0,241.0,67.0,252.0,85.0,,,,,,,,0.09,0.04,0.13,1.71,0.0,0.0,1.81,0.95,7.91,24,0.0,0.0,0.0,0.0,0.0,0.0,0.0,0.0,0.0,0.0,0.0,0.0,0.0,0.0,0.0,46.0,38.0,0.0,0.0,0.0,0.0,0.0,0.0,0.0,0.0,0.0,0.0,0.0,0.0,0.0
320,Issa,Diop,Diop,a,,,4.3,575,128.0,0.1,521,187.0,0.8,288.0,104.0,0,0,0.0,-2,2.0,14,5,0.2,2.3,0.8,0.8,1.2,426.0,155.0,,,362.0,137.0,430.0,157.0,389.0,145.0,409.0,148.0,,,,,,,,0.0,0.01,0.01,1.79,0.0,0.0,1.97,0.87,7.65,24,0.0,0.0,0.0,0.0,0.0,0.0,0.0,0.0,0.0,0.0,0.0,0.0,0.0,0.0,0.0,16.0,7.0,0.0,0.0,0.0,0.0,0.0,0.0,0.0,0.0,0.0,0.0,0.0,0.0,0.0
321,Jorge,Cuenca Barreno,J.Cuenca,a,,,4.3,581,132.0,0.1,561,201.0,2.0,172.0,62.0,0,0,0.0,-2,2.0,26,11,0.5,7.9,2.0,2.0,3.4,129.0,48.0,,,232.0,94.0,368.0,133.0,380.0,137.0,328.0,110.0,,,,,,,,0.01,0.01,0.02,1.3,0.0,0.24,0.84,1.08,11.12,24,0.0,0.0,0.0,0.0,0.0,0.0,0.0,0.0,0.0,0.0,0.0,0.0,0.0,0.0,0.0,33.0,24.0,0.0,0.0,0.0,0.0,0.0,0.0,0.0,0.0,0.0,0.0,0.0,0.0,0.0
322,Kenny,Tete,Tete,d,Lack of match fitness - 75% chance of playing,,4.5,410,75.0,0.3,320,119.0,0.0,621.0,245.0,0,0,0.0,0,0.0,4,163,0.0,14.4,0.0,0.0,4.1,58.0,25.0,75.0,75.0,122.0,54.0,178.0,43.0,248.0,70.0,184.0,61.0,,,,,,,,0.03,0.06,0.09,1.32,0.0,0.33,1.2,1.07,8.42,24,0.0,0.0,0.0,0.0,0.0,0.0,0.0,0.0,0.0,0.0,0.0,0.0,0.0,0.0,0.0,4.0,292.0,0.0,0.0,0.0,0.0,0.0,0.0,0.0,0.0,0.0,0.0,0.0,0.0,0.0
323,Samuel,Amissah,Amissah,a,,,3.8,805,259.0,0.1,419,156.0,0.0,435.0,174.0,0,0,0.0,-2,2.0,13,23,0.0,0.0,0.0,0.0,0.0,517.0,193.0,,,508.0,193.0,498.0,193.0,463.0,186.0,510.0,193.0,,,,,,,,0.0,0.0,0.0,0.0,0.0,0.0,0.0,0.0,0.0,24,0.0,0.0,0.0,0.0,0.0,0.0,0.0,0.0,0.0,0.0,0.0,0.0,0.0,0.0,0.0,15.0,25.0,0.0,0.0,0.0,0.0,0.0,0.0,0.0,0.0,0.0,0.0,0.0,0.0,0.0
324,Alex,Iwobi,Iwobi,a,,,6.3,64,43.0,0.7,209,70.0,0.4,358.0,161.0,0,0,0.0,-2,2.0,314,102,0.1,9.2,0.4,0.4,3.4,139.0,63.0,100.0,100.0,168.0,64.0,41.0,38.0,147.0,83.0,91.0,53.0,5.0,,,,,,,0.05,0.13,0.18,1.4,0.0,0.19,1.59,1.08,6.67,24,0.0,0.0,0.0,0.0,0.0,0.0,0.0,0.0,0.0,0.0,0.0,0.0,0.0,0.0,0.0,358.0,150.0,0.0,0.0,0.0,0.0,0.0,0.0,0.0,0.0,0.0,0.0,0.0,0.0,0.0
325,Emile,Smith Rowe,Smith Rowe,a,,,5.6,129,79.0,0.6,233,82.0,2.4,150.0,64.0,0,0,0.0,-4,4.0,209,315,0.4,9.6,2.4,2.4,2.3,287.0,125.0,100.0,100.0,223.0,93.0,117.0,83.0,85.0,53.0,141.0,77.0,,,,,,,,0.26,0.06,0.32,1.54,0.0,0.26,1.2,0.95,7.31,24,0.0,0.0,0.0,0.0,0.0,0.0,0.0,0.0,0.0,0.0,0.0,0.0,0.0,0.0,0.0,249.0,503.0,0.0,0.0,0.0,0.0,0.0,0.0,0.0,0.0,0.0,0.0,0.0,0.0,0.0
327,Andreas,Hoelgebaum Pereira,Andreas,u,has joined Palmeiras permanently.,,5.3,188,115.0,0.1,550,200.0,0.0,766.0,337.0,0,0,0.0,-2,2.0,0,1,0.0,0.0,0.0,0.0,0.0,784.0,346.0,0.0,0.0,784.0,346.0,783.0,346.0,778.0,345.0,784.0,346.0,,,,,,,,0.0,0.0,0.0,0.0,0.0,0.0,0.0,0.0,0.0,24,0.0,0.0,0.0,0.0,0.0,0.0,0.0,0.0,0.0,0.0,0.0,0.0,0.0,0.0,0.0,0.0,2.0,0.0,0.0,0.0,0.0,0.0,0.0,0.0,0.0,0.0,0.0,0.0,0.0,0.0
328,Ryan,Sessegnon,Sessegnon,a,,,5.4,163,101.0,0.2,408,138.0,1.0,276.0,123.0,0,0,0.0,-1,1.0,43,52,0.2,11.3,1.0,1.0,3.8,94.0,43.0,100.0,100.0,174.0,68.0,195.0,129.0,163.0,92.0,191.0,99.0,,,,,,,,0.07,0.1,0.17,1.28,0.0,0.3,1.55,1.03,10.34,24,0.0,0.0,0.0,0.0,0.0,0.0,0.0,0.0,0.0,0.0,0.0,0.0,0.0,0.0,0.0,44.0,106.0,0.0,0.0,0.0,0.0,0.0,0.0,0.0,0.0,0.0,0.0,0.0,0.0,0.0
329,Harry,Wilson,Wilson,a,,,6.1,80,53.0,24.4,14,5.0,5.4,15.0,7.0,0,0,0.0,6,-6.0,18169,4741,0.9,18.7,5.4,5.4,5.2,12.0,6.0,100.0,100.0,44.0,11.0,37.0,34.0,27.0,14.0,21.0,17.0,3.0,3.0,3.0,,,,,0.21,0.15,0.36,1.24,0.0,0.32,1.13,1.08,6.18,24,0.0,0.0,0.0,0.0,0.0,0.0,0.0,0.0,0.0,0.0,0.0,0.0,0.0,0.0,0.0,23039.0,9401.0,0.0,0.0,0.0,0.0,0.0,0.0,0.0,0.0,0.0,0.0,0.0,0.0,0.0
330,Sander,Berge,Berge,a,,,4.9,304,188.0,0.1,514,184.0,2.8,117.0,51.0,0,0,0.0,-1,1.0,23,21,0.6,11.6,2.8,2.8,2.5,259.0,112.0,,,127.0,44.0,94.0,70.0,300.0,157.0,152.0,83.0,,,,,,,,0.03,0.04,0.07,1.39,0.0,0.24,1.42,1.04,8.85,24,0.0,0.0,0.0,0.0,0.0,0.0,0.0,0.0,0.0,0.0,0.0,0.0,0.0,0.0,0.0,35.0,36.0,0.0,0.0,0.0,0.0,0.0,0.0,0.0,0.0,0.0,0.0,0.0,0.0,0.0
331,Tom,Cairney,Cairney,a,,,4.8,348,217.0,0.0,630,250.0,1.2,252.0,108.0,0,0,0.0,-2,2.0,9,8,0.3,4.8,1.2,1.2,1.5,396.0,176.0,100.0,100.0,354.0,158.0,254.0,153.0,296.0,154.0,341.0,163.0,,,,,,,,0.17,0.05,0.22,1.62,0.0,0.0,1.63,0.61,6.92,24,0.0,0.0,0.0,0.0,0.0,0.0,0.0,0.0,0.0,0.0,0.0,0.0,0.0,0.0,0.0,9.0,13.0,0.0,0.0,0.0,0.0,0.0,0.0,0.0,0.0,0.0,0.0,0.0,0.0,0.0
332,Saša,Lukić,Lukić,i,Hamstring injury - Expected back 22 Feb,,4.9,308,191.0,0.1,548,198.0,1.0,270.0,117.0,0,0,0.0,-1,1.0,0,28,0.2,10.2,0.0,0.0,2.6,243.0,105.0,0.0,0.0,198.0,85.0,51.0,42.0,193.0,108.0,125.0,68.0,1.0,,,,,,,0.13,0.1,0.23,1.37,0.0,0.3,1.27,1.12,9.46,24,0.0,0.0,0.0,0.0,0.0,0.0,0.0,0.0,0.0,0.0,0.0,0.0,0.0,0.0,0.0,0.0,34.0,0.0,0.0,0.0,0.0,0.0,0.0,0.0,0.0,0.0,0.0,0.0,0.0,0.0
333,Martial,Godo,Godo,u,has joined Strasbourg permanently.,,4.5,470,286.0,0.0,658,271.0,0.0,662.0,260.0,0,0,0.0,0,0.0,0,0,0.0,0.0,0.0,0.0,0.0,711.0,293.0,0.0,0.0,709.0,291.0,705.0,292.0,687.0,286.0,710.0,292.0,,,,,,,,0.0,0.0,0.0,0.0,0.0,0.0,0.0,0.0,0.0,24,0.0,0.0,0.0,0.0,0.0,0.0,0.0,0.0,0.0,0.0,0.0,0.0,0.0,0.0,0.0,0.0,1.0,0.0,0.0,0.0,0.0,0.0,0.0,0.0,0.0,0.0,0.0,0.0,0.0,0.0
334,Luke,Harris,Harris,u,Has joined Oxford United on loan for the rest of the season.,,4.5,452,271.0,0.0,793,349.0,0.0,649.0,249.0,0,0,0.0,0,0.0,0,0,0.0,0.0,0.0,0.0,0.0,700.0,284.0,0.0,0.0,696.0,280.0,693.0,282.0,673.0,274.0,697.0,281.0,,,,,,,,0.0,0.0,0.0,0.0,0.0,0.0,0.0,0.0,0.0,24,0.0,0.0,0.0,0.0,0.0,0.0,0.0,0.0,0.0,0.0,0.0,0.0,0.0,0.0,0.0,0.0,0.0,0.0,0.0,0.0,0.0,0.0,0.0,0.0,0.0,0.0,0.0,0.0,0.0,0.0
335,Josh,King,King,a,,,4.4,554,332.0,1.8,140,46.0,1.0,266.0,114.0,0,0,0.0,-1,1.0,567,531,0.2,8.2,1.0,1.0,1.8,349.0,155.0,100.0,100.0,318.0,141.0,216.0,136.0,126.0,72.0,262.0,128.0,,,,,,,,0.12,0.04,0.16,1.32,0.0,0.31,1.54,1.13,7.28,24,0.0,0.0,0.0,0.0,0.0,0.0,0.0,0.0,0.0,0.0,0.0,0.0,0.0,0.0,0.0,807.0,1066.0,0.0,0.0,0.0,0.0,0.0,0.0,0.0,0.0,0.0,0.0,0.0,0.0,0.0
336,Harrison,Reed,Reed,a,,,4.3,572,339.0,0.3,303,103.0,1.8,186.0,81.0,0,0,0.0,-2,2.0,619,135,0.4,2.6,1.8,1.8,2.8,214.0,92.0,,,406.0,180.0,418.0,203.0,400.0,195.0,426.0,192.0,,,,,,,,0.26,1.54,1.8,2.64,0.0,0.0,6.43,0.0,6.43,24,0.0,0.0,0.0,0.0,0.0,0.0,0.0,0.0,0.0,0.0,0.0,0.0,0.0,0.0,0.0,833.0,200.0,0.0,0.0,0.0,0.0,0.0,0.0,0.0,0.0,0.0,0.0,0.0,0.0,0.0
337,Raúl,Jiménez Rodríguez,Raúl,a,,,6.2,72,24.0,1.9,138,21.0,2.8,126.0,17.0,0,0,0.0,-3,3.0,731,1935,0.5,11.5,2.8,2.8,3.2,164.0,13.0,100.0,100.0,153.0,13.0,100.0,4.0,18.0,10.0,43.0,9.0,,1.0,1.0,,,,,0.38,0.04,0.42,1.36,0.0,0.3,1.09,1.09,5.21,24,0.0,0.0,0.0,0.0,0.0,0.0,0.0,0.0,0.0,0.0,0.0,0.0,0.0,0.0,0.0,922.0,3393.0,0.0,0.0,0.0,0.0,0.0,0.0,0.0,0.0,0.0,0.0,0.0,0.0,0.0
338,Rodrigo,Muniz Carvalho,Muniz,d,Hamstring injury - 50% chance of playing,,5.3,195,45.0,0.7,218,34.0,0.0,767.0,78.0,0,0,0.0,-2,2.0,9,64,0.0,3.2,0.0,0.0,2.4,272.0,28.0,50.0,25.0,375.0,39.0,332.0,39.0,191.0,42.0,335.0,40.0,,,,,,,,0.24,0.0,0.24,1.46,0.0,0.26,1.03,1.03,4.91,24,0.0,0.0,0.0,0.0,0.0,0.0,0.0,0.0,0.0,0.0,0.0,0.0,0.0,0.0,0.0,10.0,81.0,0.0,0.0,0.0,0.0,0.0,0.0,0.0,0.0,0.0,0.0,0.0,0.0,0.0
424,Oscar,Bobb,Bobb,i,Hamstring injury - Unknown return date,,5.1,237,145.0,0.2,375,125.0,0.0,760.0,333.0,0,0,0.0,-4,4.0,103,25,0.0,3.5,0.0,0.0,2.0,325.0,145.0,0.0,0.0,364.0,161.0,160.0,108.0,237.0,128.0,292.0,141.0,,,,,,,,0.08,0.22,0.3,0.99,0.0,0.39,0.97,0.97,5.62,24,0.0,0.0,0.0,0.0,0.0,0.0,0.0,0.0,0.0,0.0,0.0,0.0,0.0,0.0,0.0,122.0,29.0,0.0,0.0,0.0,0.0,0.0,0.0,0.0,0.0,0.0,0.0,0.0,0.0,0.0
664,Benjamin,Lecomte,Lecomte,a,,,3.9,733,71.0,0.7,210,27.0,0.0,442.0,32.0,0,0,0.0,-1,1.0,47,96,0.0,0.0,0.0,0.0,0.0,524.0,38.0,,,515.0,38.0,506.0,25.0,471.0,10.0,517.0,38.0,,,,,,,,0.0,0.0,0.0,0.0,0.0,0.0,0.0,0.0,0.0,24,0.0,0.0,0.0,0.0,0.0,0.0,0.0,0.0,0.0,0.0,0.0,0.0,0.0,0.0,0.0,61.0,123.0,0.0,0.0,0.0,0.0,0.0,0.0,0.0,0.0,0.0,0.0,0.0,0.0,0.0
727,Samuel,Chukwueze,Chukwueze,d,Personal Reasons - 75% chance of playing,,5.3,193,120.0,0.1,483,169.0,1.2,260.0,111.0,0,0,0.0,-2,2.0,47,127,0.2,7.7,0.9,0.9,4.1,60.0,26.0,75.0,75.0,225.0,94.0,165.0,110.0,150.0,85.0,204.0,106.0,,,,,,,,0.27,0.46,0.73,1.35,0.0,0.0,2.12,0.64,7.0,24,0.0,0.0,0.0,0.0,0.0,0.0,0.0,0.0,0.0,0.0,0.0,0.0,0.0,0.0,0.0,60.0,160.0,0.0,0.0,0.0,0.0,0.0,0.0,0.0,0.0,0.0,0.0,0.0,0.0,0.0
731,Kevin,Santos Lopes de Macedo,Kevin,a,,,5.8,113,71.0,0.1,553,202.0,1.4,241.0,102.0,0,0,0.0,-2,2.0,41,28,0.2,5.9,1.4,1.4,1.8,359.0,160.0,100.0,100.0,266.0,113.0,126.0,91.0,114.0,66.0,181.0,96.0,4.0,,,,,,,0.11,0.14,0.25,1.37,0.0,0.46,1.37,0.8,7.3,24,0.0,0.0,0.0,0.0,0.0,0.0,0.0,0.0,0.0,0.0,0.0,0.0,0.0,0.0,0.0,44.0,40.0,0.0,0.0,0.0,0.0,0.0,0.0,0.0,0.0,0.0,0.0,0.0,0.0,0.0
737,Jonah,Kusi-Asare,Kusi-Asare,a,,,4.5,502,73.0,0.1,494,69.0,0.2,382.0,44.0,0,0,0.0,0,0.0,75,30,0.0,0.9,0.2,0.2,0.8,490.0,59.0,,,477.0,56.0,399.0,52.0,392.0,53.0,451.0,54.0,,,,,,,,0.0,0.21,0.21,2.25,0.0,0.0,6.0,0.0,6.0,24,0.0,0.0,0.0,0.0,0.0,0.0,0.0,0.0,0.0,0.0,0.0,0.0,0.0,0.0,0.0,109.0,42.0,0.0,0.0,0.0,0.0,0.0,0.0,0.0,0.0,0.0,0.0,0.0,0.0,0.0
770,Seth,Ridgeon,Ridgeon,a,,,4.5,497,307.0,0.0,775,337.0,0.0,685.0,278.0,0,0,0.0,0,0.0,4,1,0.0,0.0,0.0,0.0,0.0,732.0,309.0,,,732.0,309.0,727.0,309.0,710.0,304.0,732.0,309.0,,,,,,,,0.0,0.0,0.0,0.0,0.0,0.0,0.0,0.0,0.0,24,0.0,0.0,0.0,0.0,0.0,0.0,0.0,0.0,0.0,0.0,0.0,0.0,0.0,0.0,0.0,5.0,2.0,0.0,0.0,0.0,0.0,0.0,0.0,0.0,0.0,0.0,0.0,0.0,0.0,0.0
786,Alfie,McNally,McNally,a,,,4.0,691,60.0,0.0,769,86.0,0.0,509.0,72.0,0,0,0.0,0,0.0,5,2,0.0,0.0,0.0,0.0,0.0,589.0,78.0,,,580.0,78.0,573.0,67.0,540.0,52.0,582.0,78.0,,,,,,,,0.0,0.0,0.0,0.0,0.0,0.0,0.0,0.0,0.0,24,0.0,0.0,0.0,0.0,0.0,0.0,0.0,0.0,0.0,0.0,0.0,0.0,0.0,0.0,0.0,5.0,2.0,0.0,0.0,0.0,0.0,0.0,0.0,0.0,0.0,0.0,0.0,0.0,0.0,0.0
168,Facundo,Buonanotte,Buonanotte,a,,,4.6,400,247.0,0.1,482,168.0,0.2,385.0,174.0,1,0,0.0,-4,4.0,61,51,0.0,0.4,0.2,-0.8,0.7,493.0,233.0,100.0,100.0,453.0,205.0,365.0,188.0,368.0,186.0,432.0,195.0,,,,,,,,0.05,0.13,0.18,2.43,0.0,0.0,2.61,1.3,6.52,24,1.0,19.0,0.0,0.0,0.0,1.0,0.0,0.0,0.0,0.0,0.0,0.0,0.0,0.0,1.0,82.0,60.0,0.0,0.0,0.0,0.0,1.31,0.0,0.3000000000000007,4.0,0.2999999999999998,0.0,0.0,0.0,0.0
339,Illan,Meslier,Meslier,a,,,4.2,631,35.0,0.3,297,39.0,0.0,545.0,80.0,0,0,0.0,-3,3.0,21,26,0.0,0.0,0.0,-1.0,0.0,621.0,86.0,,,613.0,86.0,606.0,76.0,576.0,62.0,615.0,86.0,,,,,,,,0.0,0.0,0.0,0.0,0.0,0.0,0.0,0.0,0.0,24,0.0,0.0,0.0,0.0,0.0,0.0,0.0,0.0,0.0,0.0,0.0,0.0,0.0,0.0,0.0,23.0,36.0,0.0,0.0,0.0,0.0,0.0,0.0,0.0,0.0,0.0,0.0,0.0,0.0,0.0
340,Alex,Cairns,Cairns,a,,,3.9,734,72.0,0.2,409,62.0,0.0,443.0,33.0,0,0,0.0,-1,1.0,11,15,0.0,0.0,0.0,-1.0,0.0,525.0,39.0,,,516.0,39.0,507.0,26.0,472.0,11.0,518.0,39.0,,,,,,,,0.0,0.0,0.0,0.0,0.0,0.0,0.0,0.0,0.0,24,0.0,0.0,0.0,0.0,0.0,0.0,0.0,0.0,0.0,0.0,0.0,0.0,0.0,0.0,0.0,17.0,20.0,0.0,0.0,0.0,0.0,0.0,0.0,0.0,0.0,0.0,0.0,0.0,0.0,0.0
341,Karl,Darlow,Darlow,a,,,3.9,729,67.0,2.1,125,17.0,1.4,229.0,19.0,-1,0,0.0,-1,1.0,783,291,0.4,4.4,1.4,0.4,2.1,306.0,26.0,,,262.0,22.0,502.0,21.0,467.0,6.0,362.0,22.0,,,,,,,,0.0,0.0,0.0,0.95,2.5,0.12,1.62,1.0,0.0,24,17.0,90.0,0.0,0.0,0.0,4.0,1.0,0.0,0.0,0.0,0.0,4.0,1.0,0.0,86.0,1343.0,483.0,0.0,0.0,0.01,0.01,2.1900000000000004,25.400000000000006,0.0,0.0,2.5000000000000018,0.0,1.0,11.0,0.0
342,Jayden,Bogle,Bogle,a,,,4.4,522,106.0,0.2,402,147.0,1.6,208.0,76.0,0,0,0.0,-1,1.0,55,53,0.4,12.0,1.6,0.6,2.4,268.0,106.0,100.0,100.0,193.0,78.0,141.0,35.0,170.0,35.0,177.0,57.0,,,,,,,,0.06,0.05,0.11,1.26,0.0,0.2,1.71,1.03,5.58,24,0.0,90.0,0.0,0.0,0.0,4.0,0.0,0.0,0.0,0.0,0.0,0.0,1.0,0.0,139.0,75.0,62.0,0.0,0.0,0.020000000000000018,0.020000000000000018,2.1900000000000013,14.799999999999983,13.199999999999989,10.0,3.8000000000000043,2.0,6.0,3.0,8.0
343,Pascal,Struijk,Struijk,a,,,4.3,576,129.0,0.5,255,96.0,4.4,31.0,9.0,2,0,0.0,-2,2.0,1627,202,1.0,16.3,4.4,3.4,3.2,151.0,59.0,100.0,100.0,46.0,19.0,214.0,55.0,104.0,14.0,95.0,25.0,,,3.0,,,,,0.11,0.02,0.13,1.37,0.0,0.19,1.71,1.0,9.48,24,2.0,90.0,0.0,0.0,0.0,4.0,0.0,0.0,0.0,0.0,0.0,0.0,1.0,0.0,12.0,2008.0,308.0,0.0,0.10000000000000009,0.0,0.09999999999999964,2.1899999999999977,35.19999999999999,0.7999999999999972,19.0,5.5,2.0,14.0,2.0,16.0
344,Jaka,Bijol,Bijol,i,Hamstring injury - Expected back 10 Feb,,3.9,746,215.0,0.4,264,100.0,1.4,230.0,86.0,0,0,0.0,-1,1.0,6,552,0.4,11.0,0.0,0.0,3.6,107.0,38.0,0.0,0.0,171.0,72.0,341.0,118.0,177.0,37.0,230.0,79.0,,,,,,,,0.04,0.05,0.09,1.55,0.0,0.09,1.65,1.01,9.16,24,0.0,0.0,0.0,0.0,0.0,0.0,0.0,0.0,0.0,0.0,0.0,0.0,0.0,0.0,0.0,13.0,807.0,0.0,0.0,0.0,0.0,0.0,0.0,0.0,0.0,0.0,0.0,0.0,0.0,0.0
345,Sebastiaan,Bornauw,Bornauw,a,,,3.8,785,240.0,0.1,420,157.0,1.6,204.0,72.0,0,0,0.0,-2,2.0,158,61,0.4,4.2,1.6,0.6,2.3,277.0,108.0,100.0,100.0,378.0,146.0,428.0,156.0,405.0,152.0,416.0,151.0,,,,,,,,0.0,0.0,0.0,1.53,0.0,0.36,1.08,1.08,11.57,24,0.0,0.0,0.0,0.0,0.0,0.0,0.0,0.0,0.0,0.0,0.0,0.0,0.0,0.0,0.0,277.0,79.0,0.0,0.0,0.0,0.0,0.0,0.0,0.0,0.0,0.0,0.0,0.0,0.0,0.0
346,Sam,Byram,Byram,a,,,3.8,776,232.0,0.2,370,135.0,0.0,413.0,154.0,0,0,0.0,-2,2.0,23,27,0.0,0.3,0.0,-1.0,1.0,433.0,156.0,,,491.0,178.0,478.0,175.0,442.0,167.0,493.0,178.0,,,,,,,,0.0,0.0,0.0,10.16,0.0,0.0,12.86,0.0,0.0,24,0.0,0.0,0.0,0.0,0.0,0.0,0.0,0.0,0.0,0.0,0.0,0.0,0.0,0.0,0.0,38.0,37.0,0.0,0.0,0.0,0.0,0.0,0.0,0.0,0.0,0.0,0.0,0.0,0.0,0.0
347,Gabriel,Gudmundsson,Gudmundsson,a,,,3.8,781,236.0,3.7,90,33.0,1.4,227.0,84.0,-1,0,0.0,-2,2.0,909,1851,0.4,14.2,1.4,0.1,2.3,276.0,107.0,100.0,25.0,106.0,46.0,64.0,14.0,187.0,39.0,98.0,27.0,,,,,,,,0.05,0.09,0.14,1.38,0.0,0.19,1.73,1.03,6.33,24,54.0,90.0,0.0,0.0,0.0,4.0,0.0,0.0,0.0,1.0,0.0,0.0,1.0,0.0,213.0,1078.0,3356.0,0.0,0.0,0.0,0.0,2.1900000000000013,7.0,1.3000000000000114,2.0,1.0,2.0,2.0,2.0,4.0
348,Joe,Rodon,Rodon,a,,,3.9,741,212.0,3.5,94,35.0,2.6,131.0,42.0,2,0,0.0,-1,1.0,2292,528,0.7,17.9,2.6,1.6,3.2,149.0,58.0,100.0,100.0,47.0,20.0,288.0,94.0,137.0,24.0,123.0,39.0,,,,,,,,0.04,0.01,0.05,1.41,0.0,0.14,1.88,1.03,8.3,24,2.0,90.0,0.0,0.0,0.0,4.0,0.0,0.0,0.0,0.0,0.0,0.0,1.0,0.0,2.0,3456.0,1231.0,0.0,0.0,0.010000000000000009,0.010000000000000009,2.1900000000000013,28.600000000000023,1.1000000000000014,0.0,3.0,2.0,12.0,1.0,14.0
349,Isaac,Schmidt,Schmidt,u,has joined Werder Bremen on loan for the rest of the season.,,4.0,684,174.0,0.1,536,196.0,0.0,502.0,198.0,0,0,0.0,0,0.0,0,7,0.0,0.0,0.0,0.0,0.0,583.0,216.0,0.0,0.0,574.0,216.0,567.0,216.0,534.0,211.0,576.0,216.0,,,,,,,,0.0,0.0,0.0,0.0,0.0,0.0,0.0,0.0,0.0,24,0.0,0.0,0.0,0.0,0.0,0.0,0.0,0.0,0.0,0.0,0.0,0.0,0.0,0.0,0.0,0.0,8.0,0.0,0.0,0.0,0.0,0.0,0.0,0.0,0.0,0.0,0.0,0.0,0.0,0.0
350,Brenden,Aaronson,Aaronson,a,,,5.4,171,106.0,0.9,198,67.0,6.0,8.0,5.0,2,0,0.0,-1,1.0,1533,1267,1.1,17.2,6.0,5.0,4.0,69.0,29.0,,,97.0,31.0,58.0,47.0,37.0,21.0,40.0,30.0,,,,,,,,0.19,0.17,0.36,1.26,0.0,0.3,1.39,1.03,8.42,24,2.0,70.0,0.0,0.0,0.0,3.0,0.0,0.0,0.0,0.0,0.0,0.0,1.0,0.0,1.0,1924.0,1709.0,0.0,0.0,0.009999999999999787,0.009999999999999787,0.879999999999999,0.0,2.8000000000000114,6.0,0.7999999999999972,0.0,0.0,3.0,3.0
351,Wilfried,Gnonto,Gnonto,a,,,5.2,217,134.0,0.1,495,174.0,0.8,296.0,133.0,1,0,0.0,-3,3.0,16,30,0.2,4.0,0.8,-0.2,1.5,398.0,178.0,100.0,100.0,380.0,167.0,244.0,148.0,333.0,175.0,358.0,169.0,,,,,,,,0.07,0.14,0.21,2.18,0.0,0.26,2.86,1.04,9.62,24,1.0,9.0,0.0,0.0,0.0,1.0,0.0,0.0,0.0,0.0,0.0,0.0,0.0,0.0,3.0,20.0,34.0,0.0,0.0,0.010000000000000009,0.010000000000000009,0.5300000000000002,0.0,0.7999999999999972,2.0,0.3000000000000007,0.0,0.0,0.0,0.0
352,Jack,Harrison,Harrison,u,has joined ACF Fiorentina on loan for the rest of the season.,,5.1,229,141.0,0.1,574,213.0,0.0,758.0,331.0,0,0,0.0,-4,4.0,0,25,0.0,2.4,0.0,0.0,1.1,431.0,194.0,0.0,0.0,412.0,183.0,319.0,177.0,324.0,170.0,390.0,179.0,4.0,,,,,,,0.1,0.08,0.18,1.31,0.0,0.0,1.72,0.34,8.24,24,0.0,0.0,0.0,0.0,0.0,0.0,0.0,0.0,0.0,0.0,0.0,0.0,0.0,0.0,0.0,0.0,30.0,0.0,0.0,0.0,0.0,0.0,0.0,0.0,0.0,0.0,0.0,0.0,0.0,0.0
353,Daniel,James,James,d,Lack of match fitness - 75% chance of playing,,5.2,208,130.0,0.1,477,165.0,0.0,762.0,335.0,0,0,0.0,-3,3.0,2,7,0.0,2.5,0.0,-0.8,1.3,421.0,190.0,75.0,75.0,405.0,179.0,229.0,141.0,238.0,129.0,336.0,162.0,,,,,,,,0.18,0.14,0.32,2.27,0.0,0.26,3.1,1.03,4.66,24,0.0,0.0,0.0,0.0,0.0,0.0,0.0,0.0,0.0,0.0,0.0,0.0,0.0,0.0,0.0,3.0,8.0,0.0,0.0,0.0,0.0,0.0,0.0,0.0,0.0,0.0,0.0,0.0,0.0,0.0
354,Ethan,Ampadu,Ampadu,a,,,4.9,299,185.0,0.2,410,139.0,3.2,83.0,35.0,2,0,0.0,-1,1.0,128,114,0.7,15.1,3.2,2.2,3.5,122.0,57.0,100.0,100.0,94.0,30.0,119.0,84.0,245.0,132.0,134.0,72.0,,,,,,,,0.08,0.06,0.14,1.35,0.0,0.19,1.69,1.02,12.1,24,2.0,90.0,0.0,0.0,0.0,4.0,0.0,0.0,0.0,0.0,0.0,0.0,1.0,0.0,14.0,166.0,137.0,0.0,0.020000000000000018,0.020000000000000018,0.040000000000000036,2.1900000000000013,6.0,3.8000000000000114,1.0,1.0999999999999943,1.0,3.0,4.0,8.0
355,Sam,Greenwood,Greenwood,u,has joined Pogon Szczecin permanently.,,4.9,319,197.0,0.0,629,249.0,0.0,721.0,302.0,0,0,0.0,-1,1.0,0,2,0.0,0.0,0.0,0.0,0.0,755.0,324.0,0.0,0.0,755.0,324.0,751.0,324.0,743.0,322.0,755.0,324.0,,,,,,,,0.0,0.0,0.0,0.0,0.0,0.0,0.0,0.0,0.0,24,0.0,0.0,0.0,0.0,0.0,0.0,0.0,0.0,0.0,0.0,0.0,0.0,0.0,0.0,0.0,0.0,3.0,0.0,0.0,0.0,0.0,0.0,0.0,0.0,0.0,0.0,0.0,0.0,0.0,0.0
356,Ilia,Gruev,Gruev,a,,,4.7,388,242.0,0.1,566,208.0,3.0,103.0,43.0,1,0,0.0,-3,3.0,64,28,0.6,7.2,3.0,2.0,2.3,281.0,120.0,,,315.0,139.0,243.0,147.0,393.0,193.0,348.0,166.0,,,,,,,,0.01,0.03,0.04,1.75,0.0,0.43,1.93,1.07,8.36,24,1.0,45.0,0.0,0.0,0.0,2.0,0.0,0.0,0.0,0.0,0.0,0.0,1.0,0.0,4.0,77.0,35.0,0.0,0.0,0.0,0.0,0.17999999999999972,4.599999999999994,1.5,0.0,0.6000000000000014,0.0,3.0,1.0,4.0
357,Largie,Ramazani,Ramazani,u,has joined Valencia on loan for the rest of the season.,,4.9,323,199.0,0.0,694,294.0,0.0,724.0,304.0,0,0,0.0,-1,1.0,0,0,0.0,0.0,0.0,0.0,0.0,757.0,326.0,0.0,0.0,757.0,326.0,753.0,326.0,745.0,324.0,757.0,326.0,,,,,,,,0.0,0.0,0.0,0.0,0.0,0.0,0.0,0.0,0.0,24,0.0,0.0,0.0,0.0,0.0,0.0,0.0,0.0,0.0,0.0,0.0,0.0,0.0,0.0,0.0,0.0,1.0,0.0,0.0,0.0,0.0,0.0,0.0,0.0,0.0,0.0,0.0,0.0,0.0,0.0
358,Tanaka,Ao,Tanaka,a,,,4.8,363,225.0,0.2,351,118.0,0.8,292.0,129.0,0,0,0.0,-2,2.0,43,222,0.2,9.0,0.8,-0.2,2.1,311.0,138.0,100.0,100.0,282.0,124.0,190.0,126.0,250.0,134.0,275.0,136.0,,,,,,,,0.1,0.07,0.17,1.62,0.0,0.24,1.95,0.85,10.14,24,0.0,0.0,0.0,0.0,0.0,0.0,0.0,0.0,0.0,0.0,0.0,0.0,0.0,0.0,0.0,53.0,271.0,0.0,0.0,0.0,0.0,0.0,0.0,0.0,0.0,0.0,0.0,0.0,0.0,0.0
359,Charlie,Crew,Crew,u,Has joined Doncaster Rovers on loan for the rest of the season.,,4.5,457,276.0,0.0,772,335.0,0.0,652.0,252.0,0,0,0.0,0,0.0,0,1,0.0,0.0,0.0,0.0,0.0,703.0,287.0,0.0,0.0,699.0,283.0,696.0,285.0,676.0,277.0,700.0,284.0,,,,,,,,0.0,0.0,0.0,0.0,0.0,0.0,0.0,0.0,0.0,24,0.0,0.0,0.0,0.0,0.0,0.0,0.0,0.0,0.0,0.0,0.0,0.0,0.0,0.0,0.0,0.0,1.0,0.0,0.0,0.0,0.0,0.0,0.0,0.0,0.0,0.0,0.0,0.0,0.0,0.0
360,Joe,Gelhardt,Gelhardt,u,Has joined Hull City on loan for the rest of the season.,,4.5,436,261.0,0.0,737,315.0,0.0,639.0,239.0,0,0,0.0,0,0.0,0,2,0.0,0.0,0.0,0.0,0.0,692.0,276.0,0.0,0.0,687.0,271.0,685.0,274.0,664.0,266.0,689.0,273.0,,,,,,,,0.0,0.0,0.0,0.0,0.0,0.0,0.0,0.0,0.0,24,0.0,0.0,0.0,0.0,0.0,0.0,0.0,0.0,0.0,0.0,0.0,0.0,0.0,0.0,0.0,0.0,2.0,0.0,0.0,0.0,0.0,0.0,0.0,0.0,0.0,0.0,0.0,0.0,0.0,0.0
361,Darko,Gyabi,Gyabi,u,has joined Hull City permanently.,,4.5,438,262.0,0.0,656,269.0,0.0,640.0,240.0,0,0,0.0,0,0.0,0,1,0.0,0.0,0.0,0.0,0.0,693.0,277.0,0.0,0.0,688.0,272.0,686.0,275.0,665.0,267.0,690.0,274.0,,,,,,,,0.0,0.0,0.0,0.0,0.0,0.0,0.0,0.0,0.0,24,0.0,0.0,0.0,0.0,0.0,0.0,0.0,0.0,0.0,0.0,0.0,0.0,0.0,0.0,0.0,0.0,1.0,0.0,0.0,0.0,0.0,0.0,0.0,0.0,0.0,0.0,0.0,0.0,0.0,0.0
362,Joël,Piroe,Piroe,a,,,4.9,318,57.0,0.3,293,47.0,0.4,345.0,41.0,1,0,0.0,-6,6.0,58,67,0.1,2.4,0.4,-0.6,1.1,429.0,52.0,100.0,100.0,450.0,52.0,375.0,48.0,231.0,44.0,389.0,47.0,,,2.0,,,,,0.28,0.03,0.31,2.32,0.0,0.44,3.06,0.87,4.37,24,1.0,5.0,0.0,0.0,0.0,1.0,0.0,0.0,0.0,0.0,0.0,0.0,0.0,0.0,5.0,78.0,77.0,0.0,0.0,0.0,0.0,0.5300000000000002,2.0,1.3000000000000007,0.0,0.3000000000000007,1.0,0.0,0.0,1.0
363,Patrick,Bamford,Bamford,u,has departed the club as a free agent.,,4.9,288,56.0,0.3,296,48.0,0.0,711.0,71.0,0,0,0.0,-1,1.0,0,32,0.0,0.0,0.0,0.0,0.0,749.0,81.0,0.0,0.0,749.0,81.0,745.0,80.0,735.0,80.0,749.0,81.0,,,,,,,,0.0,0.0,0.0,0.0,0.0,0.0,0.0,0.0,0.0,24,0.0,0.0,0.0,0.0,0.0,0.0,0.0,0.0,0.0,0.0,0.0,0.0,0.0,0.0,0.0,0.0,37.0,0.0,0.0,0.0,0.0,0.0,0.0,0.0,0.0,0.0,0.0,0.0,0.0,0.0
364,Mateo,Joseph Fernández-Regatillo,Mateo Joseph,u,Has joined RCD Mallorca on loan for the rest of the season.,,5.0,277,55.0,0.0,725,87.0,0.0,750.0,76.0,0,0,0.0,0,0.0,0,1,0.0,0.0,0.0,0.0,0.0,776.0,84.0,0.0,0.0,776.0,84.0,774.0,84.0,768.0,84.0,776.0,84.0,,,,,,,,0.0,0.0,0.0,0.0,0.0,0.0,0.0,0.0,0.0,24,0.0,0.0,0.0,0.0,0.0,0.0,0.0,0.0,0.0,0.0,0.0,0.0,0.0,0.0,0.0,0.0,1.0,0.0,0.0,0.0,0.0,0.0,0.0,0.0,0.0,0.0,0.0,0.0,0.0,0.0
365,Lukas,Nmecha,Nmecha,d,Hamstring injury - 50% chance of playing,,5.0,246,52.0,0.5,247,39.0,1.8,194.0,23.0,0,0,0.0,0,0.0,14,618,0.4,9.8,0.9,0.0,2.6,245.0,24.0,50.0,0.0,230.0,21.0,327.0,37.0,64.0,23.0,189.0,21.0,,,1.0,,,,,0.73,0.05,0.78,1.85,0.0,0.3,2.09,0.9,4.78,24,0.0,0.0,0.0,0.0,0.0,0.0,0.0,0.0,0.0,0.0,0.0,0.0,0.0,0.0,0.0,22.0,709.0,0.0,0.0,0.0,0.0,0.0,0.0,0.0,0.0,0.0,0.0,0.0,0.0,0.0
493,Sean,Longstaff,Longstaff,a,,,4.8,351,220.0,0.2,343,115.0,0.4,341.0,151.0,1,0,0.0,-2,2.0,20,42,0.1,8.8,0.4,-0.6,3.0,187.0,81.0,100.0,100.0,195.0,84.0,48.0,41.0,269.0,144.0,143.0,79.0,1.0,2.0,,,,,,0.08,0.13,0.21,1.29,0.0,0.1,1.65,0.97,9.71,24,1.0,45.0,0.0,0.0,0.0,2.0,0.0,0.0,0.0,0.0,0.0,0.0,0.0,0.0,4.0,24.0,61.0,0.0,0.029999999999999916,0.0,0.03000000000000025,2.01,8.800000000000011,1.6999999999999886,7.0,1.7999999999999972,2.0,2.0,2.0,6.0
660,Anton,Stach,Stach,a,,,4.8,366,228.0,2.6,113,35.0,3.2,82.0,34.0,2,0,0.0,-2,2.0,2146,1452,0.7,20.2,3.2,2.2,4.6,29.0,12.0,100.0,100.0,53.0,13.0,5.0,5.0,81.0,51.0,18.0,14.0,3.0,1.0,,,,,,0.11,0.17,0.28,1.34,0.0,0.16,1.7,1.06,10.1,24,2.0,80.0,0.0,0.0,0.0,3.0,0.0,0.0,0.0,0.0,0.0,0.0,1.0,0.0,17.0,2832.0,2538.0,0.0,0.0,0.06999999999999984,0.07000000000000028,1.6600000000000001,17.80000000000001,18.0,4.0,4.0,4.0,2.0,5.0,11.0
665,Lucas Estella,Perri,Perri,a,,,4.5,414,22.0,0.3,328,44.0,0.6,312.0,21.0,0,0,0.0,0,0.0,41,133,0.1,9.6,0.6,-0.4,2.7,231.0,20.0,100.0,100.0,123.0,17.0,669.0,84.0,646.0,72.0,287.0,18.0,,,,,,,,0.0,0.0,0.0,1.67,2.38,0.19,1.81,1.0,0.0,24,0.0,0.0,0.0,0.0,0.0,0.0,0.0,0.0,0.0,0.0,0.0,0.0,0.0,0.0,0.0,76.0,163.0,0.0,0.0,0.0,0.0,0.0,0.0,0.0,0.0,0.0,0.0,0.0,0.0,0.0
691,Dominic,Calvert-Lewin,Calvert-Lewin,a,,,6.0,85,28.0,12.4,32,5.0,3.2,94.0,11.0,2,0,0.0,5,-5.0,5270,28118,0.5,15.8,3.2,2.2,4.3,47.0,6.0,100.0,100.0,95.0,9.0,133.0,7.0,7.0,6.0,34.0,8.0,,,,,,,,0.5,0.05,0.55,1.09,0.0,0.23,1.37,0.97,2.8,24,2.0,84.0,0.0,0.0,0.0,3.0,0.0,0.0,0.0,0.0,0.0,0.0,1.0,0.0,4.0,6964.0,34392.0,0.0,0.0,0.0,0.0,1.6600000000000001,0.0,2.8999999999999773,0.0,0.10000000000000853,0.0,1.0,0.0,1.0
698,Noah,Okafor,Okafor,a,,,5.5,146,91.0,0.1,467,159.0,1.6,223.0,96.0,1,0,0.0,0,0.0,49,81,0.3,9.8,1.6,0.6,2.6,248.0,108.0,100.0,100.0,245.0,105.0,131.0,95.0,65.0,40.0,139.0,75.0,,,,,,,,0.22,0.07,0.29,1.47,0.0,0.23,1.8,1.1,6.26,24,1.0,45.0,0.0,0.0,0.0,2.0,0.0,0.0,0.0,0.0,0.0,0.0,0.0,0.0,2.0,64.0,114.0,0.0,0.0,0.010000000000000009,0.009999999999999787,2.009999999999998,0.799999999999983,1.1999999999999886,0.0,0.19999999999998863,0.0,0.0,2.0,2.0
706,James,Justin,Justin,a,,,3.9,743,213.0,0.5,256,97.0,4.4,30.0,8.0,0,0,0.0,-1,1.0,1609,214,1.1,9.2,4.4,3.4,2.4,267.0,105.0,,,271.0,108.0,313.0,104.0,239.0,66.0,301.0,101.0,,,,,,,,0.1,0.02,0.12,1.69,0.0,0.28,1.65,0.96,8.39,24,0.0,45.0,0.0,0.0,0.0,2.0,0.0,0.0,0.0,0.0,0.0,0.0,1.0,0.0,100.0,2618.0,391.0,0.0,0.0,0.0,0.0,0.17999999999999972,5.199999999999989,1.7999999999999972,0.0,0.6999999999999993,0.0,3.0,0.0,3.0
41,Pau,Torres,Pau,a,,,4.3,580,131.0,0.3,311,115.0,1.6,206.0,74.0,0,0,0.0,-2,2.0,173,57,0.4,10.9,1.6,1.6,3.4,128.0,47.0,100.0,100.0,202.0,79.0,358.0,128.0,309.0,99.0,298.0,99.0,,,,,,,,0.03,0.02,0.05,1.35,0.0,0.32,0.97,0.97,6.77,24,0.0,0.0,0.0,0.0,0.0,0.0,0.0,0.0,0.0,0.0,0.0,0.0,0.0,0.0,0.0,248.0,82.0,0.0,0.0,0.0,0.0,0.0,0.0,0.0,0.0,0.0,0.0,0.0,0.0,0.0
42,Andrés,García,A.García,i,Hamstring injury - Expected back 21 Feb,,3.9,772,228.0,0.2,359,131.0,0.2,366.0,136.0,0,0,0.0,-1,1.0,1,127,0.1,0.3,0.0,0.0,0.5,494.0,172.0,0.0,0.0,482.0,172.0,444.0,162.0,501.0,197.0,486.0,173.0,,,,,,,,0.0,0.03,0.03,4.56,0.0,0.0,6.0,0.0,0.0,24,0.0,0.0,0.0,0.0,0.0,0.0,0.0,0.0,0.0,0.0,0.0,0.0,0.0,0.0,0.0,1.0,148.0,0.0,0.0,0.0,0.0,0.0,0.0,0.0,0.0,0.0,0.0,0.0,0.0,0.0
43,Álex,Moreno Lopera,Alex Moreno,u,Has joined Girona permanently.,,4.0,654,159.0,1.7,145,57.0,0.0,477.0,187.0,0,0,0.0,0,0.0,0,151,0.0,0.0,0.0,0.0,0.0,558.0,205.0,0.0,0.0,549.0,205.0,541.0,205.0,507.0,199.0,551.0,205.0,,,,,,,,0.0,0.0,0.0,0.0,0.0,0.0,0.0,0.0,0.0,24,0.0,0.0,0.0,0.0,0.0,0.0,0.0,0.0,0.0,0.0,0.0,0.0,0.0,0.0,0.0,0.0,202.0,0.0,0.0,0.0,0.0,0.0,0.0,0.0,0.0,0.0,0.0,0.0,0.0,0.0
44,Lamare,Bogarde,Bogarde,a,,,4.0,692,179.0,0.5,248,94.0,0.6,305.0,111.0,0,0,0.0,0,0.0,152,108,0.2,5.8,0.6,0.6,1.3,410.0,150.0,100.0,100.0,363.0,138.0,334.0,114.0,386.0,142.0,384.0,137.0,,,,,,,,0.0,0.02,0.02,1.44,0.0,0.17,1.21,0.87,5.02,24,0.0,0.0,0.0,0.0,0.0,0.0,0.0,0.0,0.0,0.0,0.0,0.0,0.0,0.0,0.0,199.0,137.0,0.0,0.0,0.0,0.0,0.0,0.0,0.0,0.0,0.0,0.0,0.0,0.0,0.0
45,Lino,da Cruz Sousa,Sousa,a,,,3.8,791,246.0,0.3,319,118.0,0.0,425.0,165.0,0,0,0.0,-2,2.0,183,40,0.0,0.0,0.0,0.0,0.0,509.0,186.0,,,500.0,186.0,488.0,184.0,452.0,176.0,502.0,186.0,,,,,,,,0.0,0.0,0.0,0.0,0.0,0.0,0.0,0.0,0.0,24,0.0,0.0,0.0,0.0,0.0,0.0,0.0,0.0,0.0,0.0,0.0,0.0,0.0,0.0,0.0,232.0,49.0,0.0,0.0,0.0,0.0,0.0,0.0,0.0,0.0,0.0,0.0,0.0,0.0,0.0
741,Harry,Gray,Gray,u,has joined Rotherham United on loan for the rest of the season.,,4.5,487,70.0,0.1,469,67.0,0.0,677.0,67.0,0,0,0.0,0,0.0,0,96,0.0,0.0,0.0,0.0,0.0,725.0,77.0,0.0,0.0,724.0,77.0,719.0,76.0,702.0,76.0,724.0,77.0,,,,,,,,0.0,0.0,0.0,0.0,0.0,0.0,0.0,0.0,0.0,24,0.0,0.0,0.0,0.0,0.0,0.0,0.0,0.0,0.0,0.0,0.0,0.0,0.0,0.0,0.0,0.0,111.0,0.0,0.0,0.0,0.0,0.0,0.0,0.0,0.0,0.0,0.0,0.0,0.0,0.0
787,Sam,Chambers,Chambers,a,,,4.4,551,330.0,0.0,766,332.0,0.0,608.0,220.0,0,0,0.0,-1,1.0,20,7,0.0,0.0,0.0,-1.0,0.0,667.0,260.0,,,660.0,253.0,656.0,257.0,632.0,247.0,662.0,255.0,,,,,,,,0.0,0.0,0.0,0.0,0.0,0.0,0.0,0.0,0.0,24,0.0,0.0,0.0,0.0,0.0,0.0,0.0,0.0,0.0,0.0,0.0,0.0,0.0,0.0,0.0,24.0,8.0,0.0,0.0,0.0,0.0,0.0,0.0,0.0,0.0,0.0,0.0,0.0,0.0,0.0
366,Alisson,Becker,A.Becker,a,,,5.4,158,4.0,5.9,63,10.0,3.2,89.0,10.0,2,0,0.0,-1,1.0,504,1768,0.6,12.4,3.2,3.7,3.5,126.0,12.0,100.0,100.0,130.0,19.0,473.0,15.0,779.0,90.0,289.0,19.0,,,,,,,,0.0,0.0,0.0,1.04,1.95,0.32,1.21,1.0,0.0,24,2.0,90.0,0.0,0.0,0.0,1.0,0.0,0.0,0.0,0.0,0.0,1.0,1.0,0.0,11.0,584.0,2358.0,0.0,0.0,0.009999999999999998,0.009999999999999998,0.33000000000000185,11.400000000000034,0.0,0.0,1.1000000000000014,0.0,2.0,9.0,0.0
367,Giorgi,Mamardashvili,Mamardashvili,a,,,4.2,633,36.0,0.6,243,32.0,0.0,546.0,81.0,0,0,0.0,-3,3.0,39,156,0.0,4.5,0.0,0.5,3.8,89.0,8.0,,,281.0,23.0,607.0,77.0,577.0,63.0,373.0,23.0,,,,,,,,0.0,0.0,0.0,1.42,3.4,0.2,2.0,1.0,0.0,24,0.0,0.0,0.0,0.0,0.0,0.0,0.0,0.0,0.0,0.0,0.0,0.0,0.0,0.0,0.0,47.0,196.0,0.0,0.0,0.0,0.0,0.0,0.0,0.0,0.0,0.0,0.0,0.0,0.0,0.0
368,Ármin,Pécsi,Pécsi,a,,,3.8,804,93.0,0.5,253,33.0,0.0,434.0,26.0,0,0,0.0,-2,2.0,923,202,0.0,0.0,0.0,0.5,0.0,516.0,32.0,,,507.0,32.0,497.0,18.0,462.0,3.0,509.0,32.0,,,,,,,,0.0,0.0,0.0,0.0,0.0,0.0,0.0,0.0,0.0,24,0.0,0.0,0.0,0.0,0.0,0.0,0.0,0.0,0.0,0.0,0.0,0.0,0.0,0.0,0.0,1225.0,284.0,0.0,0.0,0.0,0.0,0.0,0.0,0.0,0.0,0.0,0.0,0.0,0.0,0.0
369,Freddie,Woodman,Woodman,a,,,3.9,737,74.0,0.2,382,56.0,0.0,446.0,35.0,0,0,0.0,-1,1.0,11,43,0.0,0.0,0.0,0.5,0.0,527.0,41.0,,,518.0,41.0,509.0,28.0,474.0,13.0,520.0,41.0,,,,,,,,0.0,0.0,0.0,0.0,0.0,0.0,0.0,0.0,0.0,24,0.0,0.0,0.0,0.0,0.0,0.0,0.0,0.0,0.0,0.0,0.0,0.0,0.0,0.0,0.0,18.0,50.0,0.0,0.0,0.0,0.0,0.0,0.0,0.0,0.0,0.0,0.0,0.0,0.0,0.0
370,Jeremie,Frimpong,Frimpong,i,Groin Injury - Unknown return date,,5.8,107,8.0,5.6,69,22.0,2.4,152.0,55.0,0,0,0.0,-2,2.0,35,12313,0.4,5.9,0.0,0.0,3.1,178.0,70.0,0.0,0.0,347.0,131.0,175.0,42.0,215.0,55.0,282.0,94.0,,,,,,,,0.07,0.17,0.24,1.0,0.0,0.33,1.17,1.0,2.68,24,0.0,0.0,0.0,0.0,0.0,0.0,0.0,0.0,0.0,0.0,0.0,0.0,0.0,0.0,0.0,36.0,17245.0,0.0,0.0,0.0,0.0,0.0,0.0,0.0,0.0,0.0,0.0,0.0,0.0,0.0
371,Milos,Kerkez,Kerkez,a,,,5.6,134,15.0,2.9,107,43.0,3.2,91.0,31.0,5,0,0.0,-4,4.0,657,555,0.6,10.4,3.2,3.7,2.5,263.0,103.0,,,114.0,50.0,46.0,5.0,202.0,51.0,90.0,23.0,,,,,,,,0.05,0.03,0.08,1.09,0.0,0.22,1.38,1.11,5.98,24,5.0,90.0,0.0,1.0,0.0,1.0,0.0,0.0,0.0,0.0,0.0,0.0,1.0,0.0,19.0,742.0,760.0,0.0,0.0,0.010000000000000009,0.010000000000000009,0.33000000000000185,23.599999999999966,22.30000000000001,0.0,4.6000000000000085,0.0,2.0,5.0,2.0
372,Andrew,Robertson,Robertson,a,,,5.7,114,10.0,1.0,188,74.0,0.4,352.0,132.0,0,0,0.0,-3,3.0,118,205,0.1,4.4,0.4,0.9,1.8,358.0,132.0,,,306.0,116.0,140.0,34.0,287.0,88.0,269.0,90.0,,,,,,,,0.04,0.13,0.17,1.25,0.0,0.33,1.34,0.67,5.02,24,0.0,0.0,0.0,0.0,0.0,0.0,0.0,0.0,0.0,0.0,0.0,0.0,0.0,0.0,0.0,134.0,230.0,0.0,0.0,0.0,0.0,0.0,0.0,0.0,0.0,0.0,0.0,0.0,0.0,0.0
373,Virgil,van Dijk,Virgil,a,,,5.9,91,5.0,21.9,17,6.0,4.4,36.0,12.0,4,0,0.0,-1,1.0,3255,5005,0.7,15.9,4.4,4.9,3.9,83.0,31.0,,,6.0,2.0,179.0,44.0,93.0,10.0,42.0,4.0,,,,,,,,0.05,0.03,0.08,1.12,0.0,0.29,1.38,1.0,9.58,24,4.0,90.0,0.0,0.0,0.0,1.0,0.0,0.0,0.0,0.0,0.0,0.0,1.0,0.0,10.0,4250.0,7794.0,0.0,0.050000000000000044,0.010000000000000009,0.06000000000000005,0.3299999999999983,22.0,1.5999999999999943,3.0,2.700000000000003,0.0,13.0,1.0,13.0
374,Ibrahima,Konaté,Konaté,a,,,5.4,165,18.0,2.9,109,45.0,4.2,43.0,16.0,11,0,0.0,-1,1.0,1449,936,0.8,17.0,4.2,4.7,4.0,68.0,29.0,100.0,100.0,24.0,10.0,211.0,54.0,225.0,59.0,106.0,33.0,,,,,,,,0.05,0.04,0.09,1.01,0.0,0.32,1.24,1.05,9.16,24,11.0,90.0,1.0,0.0,0.0,1.0,0.0,0.0,0.0,0.0,0.0,0.0,1.0,1.0,29.0,1571.0,1503.0,0.0,0.24,0.0,0.24,0.33000000000000185,55.80000000000001,0.7000000000000028,22.0,7.900000000000006,2.0,11.0,4.0,13.0
375,Conor,Bradley,Bradley,i,Knee injury - Expected back 01 Jun,,5.0,267,43.0,0.2,395,144.0,2.8,119.0,39.0,0,0,0.0,0,0.0,8,157,0.6,8.4,0.0,0.0,2.8,220.0,87.0,0.0,0.0,265.0,105.0,218.0,58.0,276.0,81.0,286.0,96.0,,,,,,,,0.02,0.08,0.1,1.04,0.0,0.39,1.26,1.16,6.3,24,0.0,0.0,0.0,0.0,0.0,0.0,0.0,0.0,0.0,0.0,0.0,0.0,0.0,0.0,0.0,8.0,186.0,0.0,0.0,0.0,0.0,0.0,0.0,0.0,0.0,0.0,0.0,0.0,0.0,0.0
376,Joe,Gomez,Gomez,d,Knock - 50% chance of playing,,4.9,296,47.0,0.1,418,155.0,0.4,344.0,129.0,0,0,0.0,-1,1.0,2,87,0.1,5.1,0.2,0.0,2.3,282.0,111.0,50.0,0.0,358.0,135.0,303.0,100.0,357.0,124.0,366.0,129.0,,,,,,,,0.06,0.17,0.23,1.22,0.0,0.65,2.26,1.29,6.77,24,0.0,0.0,0.0,0.0,0.0,0.0,0.0,0.0,0.0,0.0,0.0,0.0,0.0,0.0,0.0,2.0,117.0,0.0,0.0,0.0,0.0,0.0,0.0,0.0,0.0,0.0,0.0,0.0,0.0,0.0
377,Konstantinos,Tsimikas,Tsimikas,u,has joined AS Roma on loan for the rest of the season.,,4.8,356,59.0,0.0,585,212.0,0.0,704.0,254.0,0,0,0.0,-2,2.0,0,2,0.0,0.0,0.0,0.0,0.0,746.0,258.0,0.0,0.0,746.0,258.0,741.0,258.0,729.0,257.0,746.0,258.0,,,,,,,,0.0,0.0,0.0,0.0,0.0,0.0,0.0,0.0,0.0,24,0.0,0.0,0.0,0.0,0.0,0.0,0.0,0.0,0.0,0.0,0.0,0.0,0.0,0.0,0.0,0.0,2.0,0.0,0.0,0.0,0.0,0.0,0.0,0.0,0.0,0.0,0.0,0.0,0.0,0.0
378,Amara,Nallo,Nallo,a,,,3.7,809,263.0,1.1,180,70.0,0.0,411.0,152.0,0,0,0.0,-3,3.0,1242,765,0.0,0.0,0.0,0.5,0.0,499.0,177.0,100.0,100.0,489.0,176.0,476.0,173.0,440.0,165.0,491.0,176.0,,,,,,,,0.0,0.0,0.0,0.0,0.0,0.0,0.0,0.0,0.0,24,0.0,0.0,0.0,0.0,0.0,0.0,0.0,0.0,0.0,0.0,0.0,0.0,0.0,0.0,0.0,1798.0,987.0,0.0,0.0,0.0,0.0,0.0,0.0,0.0,0.0,0.0,0.0,0.0,0.0,0.0
379,Rhys,Williams,R.Williams,a,,,3.7,808,262.0,0.3,294,111.0,0.0,410.0,151.0,0,0,0.0,-3,3.0,1603,189,0.0,0.0,0.0,0.5,0.0,498.0,176.0,,,488.0,175.0,475.0,172.0,439.0,164.0,490.0,175.0,,,,,,,,0.0,0.0,0.0,0.0,0.0,0.0,0.0,0.0,0.0,24,0.0,0.0,0.0,0.0,0.0,0.0,0.0,0.0,0.0,0.0,0.0,0.0,0.0,0.0,0.0,2110.0,260.0,0.0,0.0,0.0,0.0,0.0,0.0,0.0,0.0,0.0,0.0,0.0,0.0,0.0
380,Calvin,Ramsay,Ramsay,a,,,3.8,788,243.0,0.2,347,126.0,0.0,422.0,162.0,0,0,0.0,-2,2.0,26,46,0.0,0.0,0.0,0.5,0.0,506.0,183.0,,,497.0,183.0,485.0,181.0,449.0,173.0,499.0,183.0,,,,,,,,0.0,0.0,0.0,0.0,0.0,0.0,0.0,0.0,0.0,24,0.0,0.0,0.0,0.0,0.0,0.0,0.0,0.0,0.0,0.0,0.0,0.0,0.0,0.0,0.0,29.0,47.0,0.0,0.0,0.0,0.0,0.0,0.0,0.0,0.0,0.0,0.0,0.0,0.0,0.0
381,Mohamed,Salah,M.Salah,a,,,14.0,2,1.0,14.3,26,11.0,2.0,182.0,80.0,5,0,0.0,-5,5.0,1518,1348,0.1,5.3,2.0,2.5,4.6,33.0,15.0,100.0,100.0,119.0,41.0,14.0,14.0,15.0,7.0,17.0,13.0,,4.0,1.0,,,,,0.35,0.21,0.56,1.28,0.0,0.27,1.66,0.93,3.45,24,5.0,83.0,0.0,1.0,0.0,1.0,0.0,0.0,0.0,0.0,0.0,0.0,1.0,0.0,16.0,2040.0,1613.0,0.0,0.20000000000000018,0.16999999999999993,0.3700000000000001,0.3299999999999983,20.600000000000023,41.099999999999966,23.0,8.5,0.0,0.0,1.0,1.0
382,Florian,Wirtz,Wirtz,a,,,8.3,14,9.0,12.6,31,12.0,7.4,1.0,1.0,12,0,0.0,-2,2.0,28118,3995,0.9,11.4,7.4,7.9,4.1,62.0,27.0,100.0,100.0,86.0,26.0,6.0,6.0,21.0,9.0,11.0,9.0,4.0,,,,,,,0.26,0.21,0.47,1.09,0.0,0.38,1.13,1.02,6.52,24,12.0,86.0,1.0,1.0,0.0,1.0,0.0,0.0,0.0,0.0,0.0,0.0,1.0,2.0,46.0,29318.0,8325.0,0.0,0.1800000000000006,0.3799999999999999,0.5600000000000005,0.3299999999999983,62.400000000000034,29.90000000000009,29.0,12.099999999999994,1.0,4.0,4.0,9.0
383,Luis,Díaz Marulanda,Luis Díaz,u,Has joined Bayern Munch permanently.,,8.0,15,10.0,0.0,598,228.0,0.0,806.0,362.0,0,0,0.0,0,0.0,0,0,0.0,0.0,0.0,0.0,0.0,808.0,362.0,0.0,0.0,808.0,362.0,808.0,362.0,808.0,362.0,808.0,362.0,,,,,,,,0.0,0.0,0.0,0.0,0.0,0.0,0.0,0.0,0.0,24,0.0,0.0,0.0,0.0,0.0,0.0,0.0,0.0,0.0,0.0,0.0,0.0,0.0,0.0,0.0,0.0,0.0,0.0,0.0,0.0,0.0,0.0,0.0,0.0,0.0,0.0,0.0,0.0,0.0,0.0
384,Cody,Gakpo,Gakpo,a,,,7.3,28,18.0,5.5,70,23.0,3.4,77.0,32.0,4,0,0.0,-2,2.0,592,2042,0.5,11.5,3.4,3.9,3.8,99.0,47.0,100.0,100.0,109.0,37.0,21.0,20.0,14.0,6.0,20.0,16.0,3.0,,3.0,,,,,0.29,0.2,0.49,0.95,0.0,0.28,1.36,1.02,5.06,24,4.0,90.0,0.0,0.0,0.0,1.0,0.0,0.0,0.0,0.0,0.0,0.0,1.0,0.0,15.0,786.0,3240.0,0.0,0.040000000000000036,0.08000000000000007,0.11999999999999922,0.33000000000000185,17.19999999999999,25.69999999999999,23.0,6.599999999999994,2.0,3.0,7.0,12.0
385,Federico,Chiesa,Chiesa,a,,,6.3,67,45.0,0.3,324,108.0,0.6,323.0,146.0,1,0,0.0,-2,2.0,55,64,0.1,4.6,0.6,1.1,1.7,372.0,164.0,100.0,100.0,312.0,138.0,350.0,183.0,211.0,115.0,320.0,154.0,,,,,,,,0.45,0.19,0.64,1.67,0.0,0.0,2.29,0.38,9.53,24,1.0,6.0,0.0,0.0,0.0,0.0,0.0,0.0,0.0,0.0,0.0,0.0,0.0,0.0,3.0,63.0,88.0,0.0,0.0,0.0,0.0,0.0,0.20000000000000284,0.29999999999999716,0.0,0.10000000000000142,0.0,0.0,0.0,0.0
386,Alexis,Mac Allister,Mac Allister,a,,,6.2,74,48.0,1.2,173,59.0,1.4,243.0,103.0,1,0,0.0,-3,3.0,378,382,0.2,7.6,1.4,1.9,2.0,329.0,149.0,100.0,100.0,201.0,87.0,70.0,53.0,117.0,69.0,119.0,65.0,,,4.0,,,,,0.12,0.06,0.18,1.03,0.0,0.29,1.28,1.11,7.45,24,1.0,90.0,0.0,0.0,0.0,1.0,0.0,0.0,0.0,1.0,0.0,0.0,1.0,0.0,9.0,441.0,493.0,0.0,0.06000000000000005,0.030000000000000027,0.08999999999999986,0.3299999999999983,6.400000000000006,14.100000000000023,6.0,2.700000000000003,2.0,2.0,2.0,6.0
387,Dominik,Szoboszlai,Szoboszlai,a,,,6.7,49,31.0,6.1,60,21.0,4.6,29.0,15.0,5,0,0.0,2,-2.0,6359,3850,0.7,13.3,4.6,5.1,3.9,86.0,40.0,100.0,100.0,40.0,9.0,2.0,2.0,73.0,45.0,9.0,7.0,2.0,2.0,,,,,,0.15,0.16,0.31,1.12,0.0,0.31,1.4,1.0,9.08,24,5.0,90.0,0.0,0.0,0.0,1.0,0.0,0.0,0.0,0.0,0.0,0.0,1.0,1.0,29.0,8816.0,5439.0,0.0,0.07000000000000028,0.18999999999999995,0.2600000000000007,0.3299999999999983,31.80000000000001,41.60000000000002,7.0,8.0,4.0,4.0,5.0,13.0
388,Curtis,Jones,C.Jones,a,,,5.4,167,103.0,0.1,437,148.0,1.8,196.0,85.0,1,0,0.0,-1,1.0,45,154,0.3,7.6,1.8,2.3,2.0,327.0,147.0,100.0,100.0,214.0,90.0,75.0,57.0,210.0,114.0,155.0,86.0,,,,,,,,0.09,0.18,0.27,1.38,0.0,0.17,1.66,0.83,9.85,24,1.0,6.0,0.0,0.0,0.0,0.0,0.0,0.0,0.0,0.0,0.0,0.0,0.0,0.0,6.0,54.0,193.0,0.0,0.0,0.0,0.0,0.0,3.0,0.8999999999999773,0.0,0.3999999999999986,1.0,0.0,1.0,2.0
390,Ryan,Gravenberch,Gravenberch,a,,,5.6,131,80.0,5.2,73,24.0,2.4,151.0,65.0,4,0,0.0,1,-1.0,1864,5890,0.4,18.0,2.4,2.9,4.6,31.0,14.0,100.0,100.0,45.0,12.0,52.0,43.0,176.0,100.0,59.0,39.0,,,,,,,,0.06,0.08,0.14,1.01,0.0,0.33,1.25,1.02,9.57,24,4.0,90.0,0.0,0.0,0.0,1.0,0.0,0.0,0.0,0.0,0.0,0.0,1.0,0.0,18.0,2221.0,8326.0,0.0,0.06000000000000005,0.15999999999999992,0.2200000000000002,0.33000000000000185,18.19999999999999,17.30000000000001,5.0,4.1000000000000085,4.0,5.0,6.0,15.0
392,Endo,Wataru,Endo,a,,,4.9,293,181.0,0.1,493,173.0,0.4,343.0,152.0,1,0,0.0,-1,1.0,20,13,0.1,1.8,0.4,0.9,1.3,417.0,186.0,100.0,100.0,397.0,174.0,386.0,193.0,737.0,318.0,423.0,190.0,,,,,,,,0.0,0.04,0.04,3.26,0.0,0.0,4.41,0.0,10.59,24,1.0,3.0,0.0,0.0,0.0,0.0,0.0,0.0,0.0,0.0,0.0,0.0,0.0,0.0,3.0,22.0,17.0,0.0,0.0,0.0,0.0,0.0,0.3999999999999986,0.3000000000000007,0.0,0.09999999999999964,0.0,0.0,0.0,0.0
393,Stefan,Bajčetić Maquieira,Bajcetic,i,Hamstring injury - Unknown return date,,4.3,601,348.0,0.0,628,248.0,0.0,569.0,196.0,0,0,0.0,-2,2.0,2,8,0.0,0.0,0.0,0.0,0.0,636.0,239.0,0.0,0.0,627.0,230.0,624.0,235.0,597.0,223.0,629.0,232.0,,,,,,,,0.0,0.0,0.0,0.0,0.0,0.0,0.0,0.0,0.0,24,0.0,0.0,0.0,0.0,0.0,0.0,0.0,0.0,0.0,0.0,0.0,0.0,0.0,0.0,0.0,2.0,13.0,0.0,0.0,0.0,0.0,0.0,0.0,0.0,0.0,0.0,0.0,0.0,0.0,0.0
394,James,McConnell,McConnell,u,has joined Ajax on loan for the rest of the season.,,4.4,539,322.0,0.0,669,275.0,0.0,598.0,213.0,0,0,0.0,-1,1.0,0,1,0.0,0.0,0.0,0.0,0.0,657.0,253.0,0.0,0.0,649.0,245.0,646.0,250.0,621.0,239.0,651.0,247.0,,,,,,,,0.0,0.0,0.0,0.0,0.0,0.0,0.0,0.0,0.0,24,0.0,0.0,0.0,0.0,0.0,0.0,0.0,0.0,0.0,0.0,0.0,0.0,0.0,0.0,0.0,0.0,1.0,0.0,0.0,0.0,0.0,0.0,0.0,0.0,0.0,0.0,0.0,0.0,0.0,0.0
395,Tyler,Morton,Morton,u,Has joined Lyon permanently.,,4.5,427,255.0,0.0,786,346.0,0.0,632.0,233.0,0,0,0.0,0,0.0,0,0,0.0,0.0,0.0,0.0,0.0,685.0,270.0,0.0,0.0,680.0,265.0,677.0,268.0,656.0,260.0,682.0,267.0,,,,,,,,0.0,0.0,0.0,0.0,0.0,0.0,0.0,0.0,0.0,24,0.0,0.0,0.0,0.0,0.0,0.0,0.0,0.0,0.0,0.0,0.0,0.0,0.0,0.0,0.0,0.0,0.0,0.0,0.0,0.0,0.0,0.0,0.0,0.0,0.0,0.0,0.0,0.0,0.0,0.0
396,Trey,Nyoni,Nyoni,a,,,4.3,610,355.0,0.3,302,102.0,0.0,577.0,203.0,0,0,0.0,-2,2.0,29,113,0.0,0.5,0.0,0.5,1.0,448.0,198.0,,,468.0,217.0,403.0,200.0,603.0,229.0,464.0,215.0,,,,,,,,0.0,0.0,0.0,0.0,0.0,0.0,0.0,0.0,0.0,24,0.0,0.0,0.0,0.0,0.0,0.0,0.0,0.0,0.0,0.0,0.0,0.0,0.0,0.0,0.0,37.0,149.0,0.0,0.0,0.0,0.0,0.0,0.0,0.0,0.0,0.0,0.0,0.0,0.0,0.0
397,Darwin,Núñez Ribeiro,Darwin,u,Has joined Al-Hilal permanently.,,6.5,52,18.0,0.1,540,76.0,0.0,800.0,86.0,0,0,0.0,0,0.0,0,2,0.0,0.0,0.0,0.0,0.0,804.0,89.0,0.0,0.0,804.0,89.0,804.0,89.0,804.0,89.0,804.0,89.0,,,,,,,,0.0,0.0,0.0,0.0,0.0,0.0,0.0,0.0,0.0,24,0.0,0.0,0.0,0.0,0.0,0.0,0.0,0.0,0.0,0.0,0.0,0.0,0.0,0.0,0.0,0.0,2.0,0.0,0.0,0.0,0.0,0.0,0.0,0.0,0.0,0.0,0.0,0.0,0.0,0.0
398,Jayden,Danns,Danns,i,Hamstring injury - Unknown return date,,4.3,597,83.0,0.1,464,66.0,0.0,567.0,52.0,0,0,0.0,-2,2.0,4,10,0.0,0.0,0.0,0.0,0.0,634.0,63.0,0.0,0.0,625.0,63.0,621.0,62.0,594.0,62.0,627.0,63.0,,,,,,,,0.0,0.0,0.0,0.0,0.0,0.0,0.0,0.0,0.0,24,0.0,0.0,0.0,0.0,0.0,0.0,0.0,0.0,0.0,0.0,0.0,0.0,0.0,0.0,0.0,7.0,13.0,0.0,0.0,0.0,0.0,0.0,0.0,0.0,0.0,0.0,0.0,0.0,0.0,0.0
499,Alexander,Isak,Isak,i,Ankle injury - Unknown return date,,10.3,4,2.0,3.6,92,17.0,0.0,808.0,89.0,0,0,0.0,-2,2.0,25,589,0.0,2.8,0.0,0.0,2.9,213.0,21.0,0.0,0.0,329.0,32.0,343.0,43.0,158.0,37.0,310.0,37.0,,,,,,,,0.37,0.01,0.38,0.92,0.0,0.18,1.26,1.08,4.13,24,0.0,0.0,0.0,0.0,0.0,0.0,0.0,0.0,0.0,0.0,0.0,0.0,0.0,0.0,0.0,26.0,639.0,0.0,0.0,0.0,0.0,0.0,0.0,0.0,0.0,0.0,0.0,0.0,0.0,0.0
661,Hugo,Ekitiké,Ekitiké,a,,,8.8,8,4.0,23.8,15,4.0,3.2,97.0,13.0,13,0,0.0,3,-3.0,46957,10820,0.4,11.4,3.2,3.7,4.8,26.0,4.0,100.0,100.0,60.0,5.0,118.0,5.0,10.0,7.0,25.0,6.0,,,,,,,,0.51,0.12,0.63,1.26,0.0,0.34,1.22,1.01,3.99,24,13.0,83.0,2.0,0.0,0.0,1.0,0.0,0.0,0.0,0.0,0.0,0.0,1.0,3.0,55.0,49735.0,24257.0,0.0,1.0599999999999996,0.030000000000000027,1.0899999999999999,0.3299999999999983,69.40000000000003,5.800000000000011,72.0,14.700000000000003,1.0,1.0,1.0,3.0
686,Rio,Ngumoha,Ngumoha,a,,,4.3,615,359.0,0.7,212,71.0,0.4,337.0,148.0,0,0,0.0,-2,2.0,601,588,0.1,3.0,0.4,0.9,1.6,377.0,167.0,,,388.0,170.0,297.0,170.0,311.0,162.0,365.0,171.0,,,,,,,,0.44,0.41,0.85,3.29,0.0,0.0,3.55,0.0,3.55,24,0.0,0.0,0.0,0.0,0.0,0.0,0.0,0.0,0.0,0.0,0.0,0.0,0.0,0.0,0.0,803.0,710.0,0.0,0.0,0.0,0.0,0.0,0.0,0.0,0.0,0.0,0.0,0.0,0.0,0.0
692,Giovanni,Leoni,Leoni,i,Knee injury - Expected back 01 Sep,,4.9,347,57.0,0.0,701,241.0,0.0,737.0,257.0,0,0,0.0,-1,1.0,2,2,0.0,0.0,0.0,0.0,0.0,767.0,259.0,0.0,0.0,767.0,259.0,763.0,259.0,755.0,258.0,767.0,259.0,,,,,,,,0.0,0.0,0.0,0.0,0.0,0.0,0.0,0.0,0.0,24,0.0,0.0,0.0,0.0,0.0,0.0,0.0,0.0,0.0,0.0,0.0,0.0,0.0,0.0,0.0,3.0,2.0,0.0,0.0,0.0,0.0,0.0,0.0,0.0,0.0,0.0,0.0,0.0,0.0,0.0
746,Kieran,Morrison,Morrison,a,,,4.5,485,297.0,0.0,736,314.0,0.0,675.0,269.0,0,0,0.0,0,0.0,3,6,0.0,0.0,0.0,0.5,0.0,723.0,301.0,,,722.0,300.0,717.0,300.0,700.0,295.0,722.0,300.0,,,,,,,,0.0,0.0,0.0,0.0,0.0,0.0,0.0,0.0,0.0,24,0.0,0.0,0.0,0.0,0.0,0.0,0.0,0.0,0.0,0.0,0.0,0.0,0.0,0.0,0.0,4.0,6.0,0.0,0.0,0.0,0.0,0.0,0.0,0.0,0.0,0.0,0.0,0.0,0.0,0.0
760,Wellity,Lucky,Lucky,a,,,4.0,697,182.0,0.0,711,243.0,0.0,513.0,204.0,0,0,0.0,0,0.0,8,12,0.0,0.0,0.0,0.5,0.0,593.0,221.0,,,584.0,221.0,577.0,221.0,544.0,216.0,586.0,221.0,,,,,,,,0.0,0.0,0.0,0.0,0.0,0.0,0.0,0.0,0.0,24,0.0,0.0,0.0,0.0,0.0,0.0,0.0,0.0,0.0,0.0,0.0,0.0,0.0,0.0,0.0,8.0,12.0,0.0,0.0,0.0,0.0,0.0,0.0,0.0,0.0,0.0,0.0,0.0,0.0,0.0
82,Antoine,Semenyo,Semenyo,a,,,7.8,18,13.0,48.6,2,1.0,3.4,78.0,33.0,0,0,0.0,8,-8.0,11290,9336,0.4,16.7,3.4,3.9,5.9,6.0,3.0,100.0,100.0,13.0,4.0,39.0,36.0,5.0,1.0,5.0,3.0,,,,,,,,0.32,0.09,0.41,1.52,0.0,0.27,1.82,1.0,7.68,24,0.0,0.0,0.0,0.0,0.0,0.0,0.0,0.0,0.0,0.0,0.0,0.0,0.0,0.0,0.0,17874.0,14183.0,0.0,0.0,0.0,0.0,0.0,0.0,0.0,0.0,0.0,0.0,0.0,0.0,0.0
182,James,Trafford,Trafford,a,,,4.5,425,23.0,0.9,192,24.0,0.0,630.0,88.0,0,0,0.0,-5,5.0,15,115,0.0,2.4,0.0,0.5,3.7,100.0,9.0,,,323.0,25.0,675.0,85.0,654.0,73.0,396.0,26.0,,,,,,,,0.0,0.0,0.0,1.32,3.67,0.33,1.33,1.0,0.0,24,0.0,0.0,0.0,0.0,0.0,0.0,0.0,0.0,0.0,0.0,0.0,0.0,0.0,0.0,0.0,17.0,141.0,0.0,0.0,0.0,0.0,0.0,0.0,0.0,0.0,0.0,0.0,0.0,0.0,0.0
260,Marc,Guéhi,Guéhi,a,,,5.2,209,28.0,37.4,4,2.0,2.8,120.0,40.0,0,0,0.0,7,-7.0,7022,11289,0.5,21.3,2.8,3.3,5.3,10.0,3.0,100.0,100.0,33.0,14.0,162.0,40.0,82.0,6.0,67.0,13.0,,,,,,,,0.1,0.08,0.18,1.34,0.0,0.38,1.1,1.0,8.05,24,0.0,0.0,0.0,0.0,0.0,0.0,0.0,0.0,0.0,0.0,0.0,0.0,0.0,0.0,0.0,9954.0,15617.0,0.0,0.0,0.0,0.0,0.0,0.0,0.0,0.0,0.0,0.0,0.0,0.0,0.0
399,Ederson,Santana de Moraes,Ederson M.,u,has joined Fenerbache permanently.,,5.3,186,5.0,0.8,200,25.0,0.0,765.0,93.0,0,0,0.0,-2,2.0,0,37,0.0,0.0,0.0,0.0,0.0,783.0,93.0,0.0,0.0,783.0,93.0,782.0,92.0,777.0,89.0,783.0,93.0,,,,,,,,0.0,0.0,0.0,0.0,0.0,0.0,0.0,0.0,0.0,24,0.0,0.0,0.0,0.0,0.0,0.0,0.0,0.0,0.0,0.0,0.0,0.0,0.0,0.0,0.0,0.0,43.0,0.0,0.0,0.0,0.0,0.0,0.0,0.0,0.0,0.0,0.0,0.0,0.0,0.0
401,Marcus,Bettinelli,Bettinelli,a,,,3.8,777,92.0,0.2,355,52.0,0.0,414.0,25.0,0,0,0.0,-2,2.0,691,156,0.0,0.0,0.0,0.5,0.0,501.0,31.0,100.0,100.0,492.0,31.0,479.0,17.0,443.0,2.0,494.0,31.0,,,,,,,,0.0,0.0,0.0,0.0,0.0,0.0,0.0,0.0,0.0,24,0.0,0.0,0.0,0.0,0.0,0.0,0.0,0.0,0.0,0.0,0.0,0.0,0.0,0.0,0.0,898.0,209.0,0.0,0.0,0.0,0.0,0.0,0.0,0.0,0.0,0.0,0.0,0.0,0.0,0.0
402,Rayan,Aït-Nouri,Aït-Nouri,a,,,5.7,120,13.0,3.8,89,32.0,0.2,405.0,148.0,0,0,0.0,-3,3.0,211,232,0.0,2.3,0.2,0.7,2.2,303.0,115.0,100.0,100.0,391.0,149.0,338.0,116.0,379.0,136.0,399.0,144.0,,,,,,,,0.02,0.21,0.23,1.31,0.0,0.42,0.84,1.26,9.67,24,0.0,0.0,0.0,0.0,0.0,0.0,0.0,0.0,0.0,0.0,0.0,0.0,0.0,0.0,0.0,273.0,322.0,0.0,0.0,0.0,0.0,0.0,0.0,0.0,0.0,0.0,0.0,0.0,0.0,0.0
403,Joško,Gvardiol,Gvardiol,i,Leg injury - Unknown return date,,5.9,102,6.0,3.8,87,30.0,0.2,407.0,150.0,0,0,0.0,-1,1.0,15,3359,0.0,13.1,0.0,0.0,4.8,23.0,12.0,0.0,0.0,101.0,44.0,221.0,59.0,110.0,18.0,138.0,45.0,,,,,,,,0.15,0.04,0.19,1.06,0.0,0.42,0.9,1.04,6.85,24,0.0,0.0,0.0,0.0,0.0,0.0,0.0,0.0,0.0,0.0,0.0,0.0,0.0,0.0,0.0,15.0,4488.0,0.0,0.0,0.0,0.0,0.0,0.0,0.0,0.0,0.0,0.0,0.0,0.0,0.0
404,Manuel,Akanji,Akanji,u,has joined Inter Milan on loan for the rest of the season.,,5.4,168,19.0,0.3,333,123.0,0.0,776.0,262.0,0,0,0.0,-1,1.0,0,16,0.0,0.0,0.0,0.0,0.0,786.0,262.0,0.0,0.0,786.0,262.0,785.0,262.0,781.0,261.0,786.0,262.0,,,,,,,,0.0,0.0,0.0,0.0,0.0,0.0,0.0,0.0,0.0,24,0.0,0.0,0.0,0.0,0.0,0.0,0.0,0.0,0.0,0.0,0.0,0.0,0.0,0.0,0.0,0.0,18.0,0.0,0.0,0.0,0.0,0.0,0.0,0.0,0.0,0.0,0.0,0.0,0.0,0.0
405,Nathan,Aké,Aké,a,,,5.3,187,24.0,0.6,230,87.0,0.8,297.0,108.0,0,0,0.0,-2,2.0,106,156,0.2,4.7,0.8,1.3,2.1,314.0,118.0,,,334.0,128.0,252.0,75.0,345.0,114.0,345.0,119.0,,,,,,,,0.05,0.08,0.13,1.46,0.0,0.37,1.3,0.74,6.51,24,0.0,0.0,0.0,0.0,0.0,0.0,0.0,0.0,0.0,0.0,0.0,0.0,0.0,0.0,0.0,119.0,208.0,0.0,0.0,0.0,0.0,0.0,0.0,0.0,0.0,0.0,0.0,0.0,0.0,0.0
406,Abdukodir,Khusanov,Khusanov,a,,,5.4,184,22.0,0.4,282,108.0,2.4,149.0,54.0,0,0,0.0,-1,1.0,193,161,0.4,4.4,2.4,2.9,2.7,235.0,92.0,100.0,100.0,309.0,118.0,356.0,126.0,788.0,263.0,370.0,132.0,,,,,,,,0.0,0.01,0.01,1.38,0.0,0.32,0.81,0.97,8.53,24,0.0,0.0,0.0,0.0,0.0,0.0,0.0,0.0,0.0,0.0,0.0,0.0,0.0,0.0,0.0,234.0,221.0,0.0,0.0,0.0,0.0,0.0,0.0,0.0,0.0,0.0,0.0,0.0,0.0,0.0
407,Matheus,Nunes,Matheus N.,a,,,5.4,174,21.0,3.3,99,37.0,2.8,123.0,41.0,0,0,0.0,-1,1.0,1972,2333,0.5,19.4,2.8,3.3,5.2,11.0,4.0,100.0,100.0,57.0,27.0,90.0,21.0,292.0,90.0,102.0,31.0,,,4.0,,,,,0.01,0.07,0.08,1.05,0.0,0.43,0.86,0.97,7.24,24,0.0,0.0,0.0,0.0,0.0,0.0,0.0,0.0,0.0,0.0,0.0,0.0,0.0,0.0,0.0,2918.0,3280.0,0.0,0.0,0.0,0.0,0.0,0.0,0.0,0.0,0.0,0.0,0.0,0.0,0.0
408,Rúben,dos Santos Gato Alves Dias,Rúben,d,Hamstring injury - 50% chance of playing,,5.5,139,16.0,3.4,96,36.0,1.0,278.0,100.0,0,0,0.0,0,0.0,22,2353,0.2,17.3,0.5,0.0,4.8,21.0,10.0,50.0,0.0,51.0,24.0,235.0,67.0,228.0,61.0,144.0,46.0,,,,,,,,0.03,0.03,0.06,1.04,0.0,0.53,0.84,1.0,6.97,24,0.0,0.0,0.0,0.0,0.0,0.0,0.0,0.0,0.0,0.0,0.0,0.0,0.0,0.0,0.0,23.0,3079.0,0.0,0.0,0.0,0.0,0.0,0.0,0.0,0.0,0.0,0.0,0.0,0.0,0.0
409,John,Stones,Stones,i,Thigh injury - Unknown return date,,5.4,157,17.0,0.6,241,91.0,0.0,772.0,261.0,0,0,0.0,-1,1.0,3,71,0.0,2.2,0.0,0.0,1.7,370.0,138.0,0.0,0.0,355.0,134.0,381.0,138.0,438.0,163.0,397.0,143.0,,,,,,,,0.0,0.02,0.02,1.29,0.0,0.26,2.05,1.03,4.87,24,0.0,0.0,0.0,0.0,0.0,0.0,0.0,0.0,0.0,0.0,0.0,0.0,0.0,0.0,0.0,3.0,80.0,0.0,0.0,0.0,0.0,0.0,0.0,0.0,0.0,0.0,0.0,0.0,0.0,0.0
410,Rico,Lewis,Lewis,a,,,4.6,397,69.0,1.2,171,64.0,0.2,384.0,143.0,0,0,0.0,-4,4.0,76,206,0.0,4.1,0.2,0.7,1.9,338.0,130.0,100.0,100.0,369.0,142.0,228.0,64.0,307.0,97.0,342.0,117.0,,,,,,,,0.03,0.38,0.41,1.46,0.0,0.29,1.45,0.87,5.5,24,0.0,0.0,0.0,0.0,0.0,0.0,0.0,0.0,0.0,0.0,0.0,0.0,0.0,0.0,0.0,94.0,265.0,0.0,0.0,0.0,0.0,0.0,0.0,0.0,0.0,0.0,0.0,0.0,0.0,0.0
411,Nico,O'Reilly,O'Reilly,a,,,5.0,261,41.0,5.5,71,23.0,1.6,216.0,82.0,0,0,0.0,0,0.0,588,5121,0.3,16.8,1.6,2.1,3.8,92.0,35.0,100.0,100.0,96.0,42.0,79.0,19.0,101.0,12.0,80.0,18.0,,,,,,,,0.12,0.08,0.2,1.19,0.0,0.5,0.84,0.95,6.82,24,0.0,0.0,0.0,0.0,0.0,0.0,0.0,0.0,0.0,0.0,0.0,0.0,0.0,0.0,0.0,782.0,11207.0,0.0,0.0,0.0,0.0,0.0,0.0,0.0,0.0,0.0,0.0,0.0,0.0,0.0
412,Vitor,de Oliveira Nunes dos Reis,Vitor Reis,u,Has joined Girona on loan for the rest of the season.,,5.0,282,44.0,0.0,764,259.0,0.0,754.0,259.0,0,0,0.0,0,0.0,0,0,0.0,0.0,0.0,0.0,0.0,780.0,261.0,0.0,0.0,780.0,261.0,778.0,261.0,772.0,260.0,780.0,261.0,,,,,,,,0.0,0.0,0.0,0.0,0.0,0.0,0.0,0.0,0.0,24,0.0,0.0,0.0,0.0,0.0,0.0,0.0,0.0,0.0,0.0,0.0,0.0,0.0,0.0,0.0,0.0,0.0,0.0,0.0,0.0,0.0,0.0,0.0,0.0,0.0,0.0,0.0,0.0,0.0,0.0
413,Omar,Marmoush,Marmoush,a,,,8.3,13,8.0,2.4,117,39.0,2.0,180.0,78.0,0,0,0.0,-2,2.0,345,332,0.2,3.1,2.0,2.5,2.4,275.0,119.0,100.0,100.0,352.0,157.0,301.0,171.0,184.0,105.0,316.0,152.0,,1.0,2.0,,,,,0.49,0.18,0.67,0.86,0.0,0.32,0.97,0.97,6.5,24,0.0,0.0,0.0,0.0,0.0,0.0,0.0,0.0,0.0,0.0,0.0,0.0,0.0,0.0,0.0,478.0,476.0,0.0,0.0,0.0,0.0,0.0,0.0,0.0,0.0,0.0,0.0,0.0,0.0,0.0
414,Phil,Foden,Foden,a,,,8.3,12,7.0,14.7,24,10.0,1.2,262.0,113.0,0,-1,1.0,3,-3.0,395,28069,0.1,12.3,1.2,1.7,4.9,19.0,9.0,100.0,100.0,55.0,14.0,4.0,4.0,36.0,20.0,10.0,8.0,1.0,3.0,,,,,,0.27,0.19,0.46,1.1,0.0,0.49,0.77,1.04,6.53,24,0.0,0.0,0.0,0.0,0.0,0.0,0.0,0.0,0.0,0.0,0.0,0.0,0.0,0.0,0.0,464.0,55342.0,0.0,0.0,0.0,0.0,0.0,0.0,0.0,0.0,0.0,0.0,0.0,0.0,0.0
415,Sávio,Moreira de Oliveira,Savinho,i,Thigh injury - Expected back 21 Feb,,6.9,43,25.0,0.4,270,92.0,0.0,803.0,360.0,0,0,0.0,-1,1.0,4,54,0.0,3.8,0.0,0.0,1.7,373.0,165.0,0.0,0.0,357.0,160.0,176.0,118.0,91.0,57.0,235.0,115.0,,,,,,,,0.22,0.2,0.42,1.08,0.0,0.34,0.85,0.85,7.46,24,0.0,0.0,0.0,0.0,0.0,0.0,0.0,0.0,0.0,0.0,0.0,0.0,0.0,0.0,0.0,4.0,62.0,0.0,0.0,0.0,0.0,0.0,0.0,0.0,0.0,0.0,0.0,0.0,0.0,0.0
416,Bernardo,Mota Veiga de Carvalho e Silva,Bernardo,a,,,6.2,73,47.0,0.5,252,85.0,2.2,167.0,73.0,0,0,0.0,-3,3.0,96,138,0.4,8.7,2.2,2.7,2.3,289.0,127.0,,,203.0,88.0,42.0,39.0,214.0,118.0,122.0,67.0,5.0,,,,,,,0.04,0.1,0.14,1.16,0.0,0.43,0.92,1.03,7.8,24,0.0,0.0,0.0,0.0,0.0,0.0,0.0,0.0,0.0,0.0,0.0,0.0,0.0,0.0,0.0,122.0,179.0,0.0,0.0,0.0,0.0,0.0,0.0,0.0,0.0,0.0,0.0,0.0,0.0,0.0
417,Rayan,Cherki,Cherki,a,,,6.6,50,32.0,10.4,41,15.0,1.8,202.0,89.0,0,0,0.0,1,-1.0,2152,13698,0.3,12.1,1.8,2.3,4.4,41.0,18.0,100.0,100.0,105.0,35.0,13.0,13.0,61.0,37.0,33.0,26.0,2.0,4.0,,,,,,0.18,0.53,0.71,1.22,0.0,0.47,0.85,1.04,8.61,24,0.0,0.0,0.0,0.0,0.0,0.0,0.0,0.0,0.0,0.0,0.0,0.0,0.0,0.0,0.0,2872.0,23500.0,0.0,0.0,0.0,0.0,0.0,0.0,0.0,0.0,0.0,0.0,0.0,0.0,0.0
418,Jérémy,Doku,Doku,i,Calf injury - Expected back 11 Feb,,6.4,57,36.0,2.7,110,32.0,2.4,155.0,68.0,0,0,0.0,-1,1.0,30,3665,0.4,11.2,0.0,0.0,3.6,116.0,54.0,0.0,0.0,148.0,53.0,11.0,11.0,32.0,17.0,24.0,19.0,,,3.0,,,,,0.14,0.32,0.46,1.19,0.0,0.38,0.99,0.99,6.03,24,0.0,0.0,0.0,0.0,0.0,0.0,0.0,0.0,0.0,0.0,0.0,0.0,0.0,0.0,0.0,32.0,4777.0,0.0,0.0,0.0,0.0,0.0,0.0,0.0,0.0,0.0,0.0,0.0,0.0,0.0
420,İlkay,Gündoğan,Gündoğan,u,has joined Galatasaray permanently.,,6.3,62,41.0,0.1,543,194.0,0.0,797.0,357.0,0,0,0.0,-2,2.0,0,5,0.0,0.0,0.0,0.0,0.0,801.0,358.0,0.0,0.0,801.0,358.0,801.0,358.0,801.0,358.0,801.0,358.0,,,,,,,,0.0,0.0,0.0,0.0,0.0,0.0,0.0,0.0,0.0,24,0.0,0.0,0.0,0.0,0.0,0.0,0.0,0.0,0.0,0.0,0.0,0.0,0.0,0.0,0.0,0.0,5.0,0.0,0.0,0.0,0.0,0.0,0.0,0.0,0.0,0.0,0.0,0.0,0.0,0.0
421,Rodrigo 'Rodri',Hernandez Cascante,Rodrigo,a,,,6.3,66,44.0,0.4,262,89.0,2.4,154.0,67.0,0,0,0.0,-2,2.0,119,119,0.4,4.0,2.4,2.9,2.3,290.0,128.0,100.0,100.0,286.0,127.0,150.0,102.0,326.0,171.0,278.0,137.0,,,,,,,,0.02,0.12,0.14,1.34,0.0,0.28,0.85,1.0,12.8,24,0.0,0.0,0.0,0.0,0.0,0.0,0.0,0.0,0.0,0.0,0.0,0.0,0.0,0.0,0.0,139.0,143.0,0.0,0.0,0.0,0.0,0.0,0.0,0.0,0.0,0.0,0.0,0.0,0.0,0.0
422,Mateo,Kovačić,Kovačić,i,Ankle injury - Unknown return date,,5.9,90,57.0,0.0,674,279.0,0.0,793.0,354.0,0,0,0.0,-1,1.0,4,9,0.0,0.2,0.0,0.0,1.0,485.0,230.0,0.0,0.0,467.0,216.0,454.0,220.0,796.0,355.0,484.0,225.0,,,,,,,,0.0,0.0,0.0,0.0,0.0,0.0,0.0,0.0,0.0,24,0.0,0.0,0.0,0.0,0.0,0.0,0.0,0.0,0.0,0.0,0.0,0.0,0.0,0.0,0.0,4.0,9.0,0.0,0.0,0.0,0.0,0.0,0.0,0.0,0.0,0.0,0.0,0.0,0.0,0.0
423,Nico,González Iglesias,N.Gonzalez,a,,,5.9,99,64.0,0.1,465,158.0,0.8,300.0,135.0,0,0,0.0,-1,1.0,28,40,0.1,9.3,0.8,1.3,2.9,208.0,88.0,100.0,100.0,169.0,65.0,138.0,97.0,273.0,145.0,198.0,103.0,,,,,,,,0.04,0.06,0.1,1.06,0.0,0.47,0.88,1.01,11.63,24,0.0,0.0,0.0,0.0,0.0,0.0,0.0,0.0,0.0,0.0,0.0,0.0,0.0,0.0,0.0,29.0,45.0,0.0,0.0,0.0,0.0,0.0,0.0,0.0,0.0,0.0,0.0,0.0,0.0,0.0
425,Claudio,Echeverri,Echeverri,u,has joined Girona on loan for the rest of the season.,,5.4,183,114.0,0.0,726,309.0,0.0,783.0,347.0,0,0,0.0,-1,1.0,0,0,0.0,0.0,0.0,0.0,0.0,792.0,352.0,0.0,0.0,792.0,352.0,791.0,352.0,787.0,351.0,792.0,352.0,,,,,,,,0.0,0.0,0.0,0.0,0.0,0.0,0.0,0.0,0.0,24,0.0,0.0,0.0,0.0,0.0,0.0,0.0,0.0,0.0,0.0,0.0,0.0,0.0,0.0,0.0,0.0,0.0,0.0,0.0,0.0,0.0,0.0,0.0,0.0,0.0,0.0,0.0,0.0,0.0,0.0
427,Tijjani,Reijnders,Reijnders,a,,,5.1,232,143.0,11.0,39,14.0,3.2,87.0,38.0,0,0,0.0,-4,4.0,1083,4794,0.6,16.1,3.2,3.7,3.7,104.0,50.0,,,126.0,43.0,66.0,50.0,34.0,19.0,54.0,35.0,3.0,,,,,,,0.23,0.12,0.35,1.03,0.0,0.45,0.96,1.09,5.33,24,0.0,0.0,0.0,0.0,0.0,0.0,0.0,0.0,0.0,0.0,0.0,0.0,0.0,0.0,0.0,1456.0,7056.0,0.0,0.0,0.0,0.0,0.0,0.0,0.0,0.0,0.0,0.0,0.0,0.0,0.0
428,Sverre,Nypan,Nypan,u,Has joined Middlesbrough on loan for the rest of the season.,,5.0,278,170.0,0.0,715,302.0,0.0,751.0,325.0,0,0,0.0,0,0.0,0,1,0.0,0.0,0.0,0.0,0.0,777.0,341.0,0.0,0.0,777.0,341.0,775.0,341.0,769.0,339.0,777.0,341.0,,,,,,,,0.0,0.0,0.0,0.0,0.0,0.0,0.0,0.0,0.0,24,0.0,0.0,0.0,0.0,0.0,0.0,0.0,0.0,0.0,0.0,0.0,0.0,0.0,0.0,0.0,0.0,1.0,0.0,0.0,0.0,0.0,0.0,0.0,0.0,0.0,0.0,0.0,0.0,0.0,0.0
429,Kalvin,Phillips,Phillips,a,,,4.7,378,236.0,0.1,537,190.0,0.0,697.0,287.0,0,0,0.0,-3,3.0,11,17,0.0,0.0,0.0,0.5,0.0,743.0,317.0,,,743.0,317.0,738.0,317.0,724.0,313.0,743.0,317.0,,,,,,,,0.0,0.0,0.0,0.0,0.0,0.0,0.0,0.0,0.0,24,0.0,0.0,0.0,0.0,0.0,0.0,0.0,0.0,0.0,0.0,0.0,0.0,0.0,0.0,0.0,13.0,18.0,0.0,0.0,0.0,0.0,0.0,0.0,0.0,0.0,0.0,0.0,0.0,0.0,0.0
430,Erling,Haaland,Haaland,a,,,15.0,1,1.0,71.7,1,1.0,2.2,169.0,20.0,0,0,0.0,10,-10.0,1632,14507,0.1,11.1,2.2,2.7,7.2,2.0,1.0,100.0,100.0,1.0,1.0,161.0,14.0,1.0,1.0,1.0,1.0,,,1.0,,,,,0.87,0.06,0.93,1.18,0.0,0.47,0.94,1.03,3.38,24,0.0,0.0,0.0,0.0,0.0,0.0,0.0,0.0,0.0,0.0,0.0,0.0,0.0,0.0,0.0,2258.0,19911.0,0.0,0.0,0.0,0.0,0.0,0.0,0.0,0.0,0.0,0.0,0.0,0.0,0.0
736,Gianluigi,Donnarumma,Donnarumma,a,,,5.6,128,3.0,9.2,45,7.0,2.6,137.0,13.0,0,0,0.0,1,-1.0,1206,4664,0.5,14.1,2.6,3.1,4.0,71.0,6.0,,,84.0,15.0,796.0,93.0,794.0,92.0,258.0,15.0,,,,,,,,0.0,0.0,0.0,1.11,2.2,0.45,0.85,1.0,0.0,24,0.0,0.0,0.0,0.0,0.0,0.0,0.0,0.0,0.0,0.0,0.0,0.0,0.0,0.0,0.0,1489.0,6357.0,0.0,0.0,0.0,0.0,0.0,0.0,0.0,0.0,0.0,0.0,0.0,0.0,0.0
739,Divine,Mukasa,Mukasa,a,,,4.4,558,335.0,0.0,666,273.0,0.2,374.0,168.0,0,0,0.0,-1,1.0,13,4,0.0,0.5,0.2,0.7,1.0,453.0,203.0,,,459.0,210.0,360.0,186.0,412.0,203.0,439.0,199.0,,,,,,,,0.0,0.76,0.76,1.22,0.0,0.0,0.0,0.0,3.6,24,0.0,0.0,0.0,0.0,0.0,0.0,0.0,0.0,0.0,0.0,0.0,0.0,0.0,0.0,0.0,16.0,6.0,0.0,0.0,0.0,0.0,0.0,0.0,0.0,0.0,0.0,0.0,0.0,0.0,0.0
740,Stephen,Mfuni,Mfuni,a,,,3.9,768,225.0,0.0,608,218.0,0.0,469.0,183.0,0,0,0.0,-1,1.0,7,8,0.0,0.0,0.0,0.5,0.0,550.0,201.0,,,541.0,201.0,532.0,201.0,497.0,194.0,543.0,201.0,,,,,,,,0.0,0.0,0.0,0.0,0.0,0.0,0.0,0.0,0.0,24,0.0,0.0,0.0,0.0,0.0,0.0,0.0,0.0,0.0,0.0,0.0,0.0,0.0,0.0,0.0,8.0,9.0,0.0,0.0,0.0,0.0,0.0,0.0,0.0,0.0,0.0,0.0,0.0,0.0,0.0
742,Ryan,McAidoo,McAidoo,a,,,4.5,496,306.0,0.0,722,307.0,0.0,684.0,277.0,0,0,0.0,0,0.0,5,4,0.0,0.0,0.0,0.5,0.0,731.0,308.0,,,731.0,308.0,726.0,308.0,709.0,303.0,731.0,308.0,,,,,,,,0.0,0.0,0.0,0.0,0.0,0.0,0.0,0.0,0.0,24,0.0,0.0,0.0,0.0,0.0,0.0,0.0,0.0,0.0,0.0,0.0,0.0,0.0,0.0,0.0,5.0,5.0,0.0,0.0,0.0,0.0,0.0,0.0,0.0,0.0,0.0,0.0,0.0,0.0,0.0
763,Charlie,Gray,Gray,a,,,4.5,453,272.0,0.0,782,343.0,0.0,650.0,250.0,0,0,0.0,0,0.0,3,3,0.0,0.0,0.0,0.5,0.0,701.0,285.0,,,697.0,281.0,694.0,283.0,674.0,275.0,698.0,282.0,,,,,,,,0.0,0.0,0.0,0.0,0.0,0.0,0.0,0.0,0.0,24,0.0,0.0,0.0,0.0,0.0,0.0,0.0,0.0,0.0,0.0,0.0,0.0,0.0,0.0,0.0,4.0,3.0,0.0,0.0,0.0,0.0,0.0,0.0,0.0,0.0,0.0,0.0,0.0,0.0,0.0
764,Reigan,Heskey,Heskey,a,,,4.5,479,292.0,0.0,788,347.0,0.0,669.0,264.0,0,0,0.0,0,0.0,4,2,0.0,0.0,0.0,0.5,0.0,717.0,296.0,,,716.0,295.0,711.0,295.0,694.0,290.0,716.0,295.0,,,,,,,,0.0,0.0,0.0,0.0,0.0,0.0,0.0,0.0,0.0,24,0.0,0.0,0.0,0.0,0.0,0.0,0.0,0.0,0.0,0.0,0.0,0.0,0.0,0.0,0.0,4.0,2.0,0.0,0.0,0.0,0.0,0.0,0.0,0.0,0.0,0.0,0.0,0.0,0.0,0.0
794,Max,Alleyne,Alleyne,a,,,4.3,593,138.0,0.0,698,240.0,1.2,249.0,93.0,0,0,0.0,-2,2.0,8,37,0.3,1.2,1.2,1.7,2.5,255.0,100.0,,,408.0,154.0,388.0,142.0,339.0,111.0,415.0,150.0,,,,,,,,0.17,0.04,0.21,1.03,0.0,0.0,0.67,1.33,7.33,24,0.0,0.0,0.0,0.0,0.0,0.0,0.0,0.0,0.0,0.0,0.0,0.0,0.0,0.0,0.0,9.0,54.0,0.0,0.0,0.0,0.0,0.0,0.0,0.0,0.0,0.0,0.0,0.0,0.0,0.0
119,Bryan,Mbeumo,Mbeumo,a,,,8.4,11,6.0,19.2,19,7.0,3.8,61.0,27.0,0,0,0.0,4,-4.0,27479,1878,0.5,11.1,3.8,3.8,5.2,13.0,7.0,100.0,100.0,58.0,16.0,17.0,16.0,9.0,3.0,8.0,6.0,2.0,2.0,,,,,,0.37,0.2,0.57,1.27,0.0,0.17,1.52,1.05,4.78,24,0.0,0.0,0.0,0.0,0.0,0.0,0.0,0.0,0.0,0.0,0.0,0.0,0.0,0.0,0.0,50599.0,2960.0,0.0,0.0,0.0,0.0,0.0,0.0,0.0,0.0,0.0,0.0,0.0,0.0,0.0
431,Altay,Bayındır,Bayindir,a,,,4.7,385,17.0,0.3,307,40.0,0.0,700.0,90.0,0,0,0.0,-3,3.0,37,33,0.0,2.3,0.0,0.0,1.8,352.0,28.0,,,300.0,24.0,410.0,9.0,725.0,79.0,377.0,24.0,,,,,,,,0.0,0.01,0.01,1.54,2.17,0.0,1.83,1.0,0.0,24,0.0,0.0,0.0,0.0,0.0,0.0,0.0,0.0,0.0,0.0,0.0,0.0,0.0,0.0,0.0,44.0,45.0,0.0,0.0,0.0,0.0,0.0,0.0,0.0,0.0,0.0,0.0,0.0,0.0,0.0
432,André,Onana,Onana,u,has joined Trabzonspor on loan for the rest of the season.,,4.9,301,12.0,0.1,417,63.0,0.0,717.0,92.0,0,0,0.0,-1,1.0,0,5,0.0,0.0,0.0,0.0,0.0,753.0,92.0,0.0,0.0,753.0,92.0,749.0,89.0,740.0,83.0,753.0,92.0,,,,,,,,0.0,0.0,0.0,0.0,0.0,0.0,0.0,0.0,0.0,24,0.0,0.0,0.0,0.0,0.0,0.0,0.0,0.0,0.0,0.0,0.0,0.0,0.0,0.0,0.0,0.0,6.0,0.0,0.0,0.0,0.0,0.0,0.0,0.0,0.0,0.0,0.0,0.0,0.0,0.0
433,Elyh,Harrison,Harrison,u,On loan to Shrewsbury Town,,4.0,709,64.0,0.0,790,91.0,0.0,525.0,76.0,0,0,0.0,0,0.0,0,0,0.0,0.0,0.0,0.0,0.0,603.0,82.0,0.0,0.0,594.0,82.0,587.0,71.0,555.0,56.0,596.0,82.0,,,,,,,,0.0,0.0,0.0,0.0,0.0,0.0,0.0,0.0,0.0,24,0.0,0.0,0.0,0.0,0.0,0.0,0.0,0.0,0.0,0.0,0.0,0.0,0.0,0.0,0.0,0.0,0.0,0.0,0.0,0.0,0.0,0.0,0.0,0.0,0.0,0.0,0.0,0.0,0.0,0.0
434,Tom,Heaton,Heaton,a,,,3.9,727,65.0,0.3,336,46.0,0.0,437.0,27.0,0,0,0.0,-1,1.0,21,41,0.0,0.0,0.0,0.0,0.0,519.0,33.0,,,510.0,33.0,500.0,19.0,465.0,4.0,512.0,33.0,,,,,,,,0.0,0.0,0.0,0.0,0.0,0.0,0.0,0.0,0.0,24,0.0,0.0,0.0,0.0,0.0,0.0,0.0,0.0,0.0,0.0,0.0,0.0,0.0,0.0,0.0,26.0,50.0,0.0,0.0,0.0,0.0,0.0,0.0,0.0,0.0,0.0,0.0,0.0,0.0,0.0
435,Dermot,Mee,Mee,a,,,3.9,750,80.0,0.1,468,72.0,0.0,454.0,41.0,0,0,0.0,-1,1.0,6,17,0.0,0.0,0.0,0.0,0.0,535.0,47.0,,,526.0,47.0,517.0,34.0,482.0,19.0,528.0,47.0,,,,,,,,0.0,0.0,0.0,0.0,0.0,0.0,0.0,0.0,0.0,24,0.0,0.0,0.0,0.0,0.0,0.0,0.0,0.0,0.0,0.0,0.0,0.0,0.0,0.0,0.0,7.0,19.0,0.0,0.0,0.0,0.0,0.0,0.0,0.0,0.0,0.0,0.0,0.0,0.0,0.0
436,Matthijs,de Ligt,De Ligt,i,Back injury - Expected back 10 Feb,,4.9,306,49.0,1.9,135,54.0,0.0,719.0,256.0,0,0,0.0,-1,1.0,11,316,0.0,8.8,0.0,0.0,3.3,146.0,57.0,0.0,0.0,165.0,70.0,296.0,98.0,190.0,42.0,224.0,77.0,,,,,,,,0.11,0.06,0.17,1.44,0.0,0.08,1.54,1.0,8.23,24,0.0,0.0,0.0,0.0,0.0,0.0,0.0,0.0,0.0,0.0,0.0,0.0,0.0,0.0,0.0,11.0,362.0,0.0,0.0,0.0,0.0,0.0,0.0,0.0,0.0,0.0,0.0,0.0,0.0,0.0
437,Lisandro,Martínez,Martinez,a,,,4.8,360,62.0,0.7,208,80.0,2.4,144.0,52.0,0,0,0.0,-2,2.0,1362,304,0.5,6.0,2.4,2.4,2.6,242.0,96.0,100.0,100.0,270.0,107.0,302.0,99.0,384.0,140.0,334.0,114.0,,,,,,,,0.01,0.03,0.04,0.82,0.0,0.28,1.14,0.85,7.81,24,0.0,0.0,0.0,0.0,0.0,0.0,0.0,0.0,0.0,0.0,0.0,0.0,0.0,0.0,0.0,1817.0,406.0,0.0,0.0,0.0,0.0,0.0,0.0,0.0,0.0,0.0,0.0,0.0,0.0,0.0
438,Noussair,Mazraoui,Mazraoui,a,,,4.9,315,52.0,0.2,371,136.0,0.2,391.0,144.0,0,0,0.0,-1,1.0,181,50,0.0,3.7,0.2,0.2,1.8,355.0,131.0,100.0,100.0,314.0,122.0,312.0,103.0,372.0,132.0,361.0,127.0,,,,,,,,0.0,0.05,0.05,0.8,0.0,0.2,1.02,1.22,8.57,24,0.0,0.0,0.0,0.0,0.0,0.0,0.0,0.0,0.0,0.0,0.0,0.0,0.0,0.0,0.0,248.0,54.0,0.0,0.0,0.0,0.0,0.0,0.0,0.0,0.0,0.0,0.0,0.0,0.0,0.0
439,Diego,León Blanco,D.Leon,a,,,4.2,646,156.0,0.1,563,203.0,0.0,557.0,235.0,0,0,0.0,-3,3.0,3,6,0.0,0.0,0.0,0.0,0.0,626.0,245.0,,,618.0,246.0,613.0,245.0,584.0,243.0,620.0,246.0,,,,,,,,0.0,0.0,0.0,0.0,0.0,0.0,0.0,0.0,0.0,24,0.0,0.0,0.0,0.0,0.0,0.0,0.0,0.0,0.0,0.0,0.0,0.0,0.0,0.0,0.0,5.0,7.0,0.0,0.0,0.0,0.0,0.0,0.0,0.0,0.0,0.0,0.0,0.0,0.0,0.0
440,Diogo,Dalot Teixeira,Dalot,a,,,4.5,417,80.0,3.6,93,34.0,1.8,190.0,70.0,0,0,0.0,0,0.0,2455,1211,0.4,15.8,1.8,1.8,3.4,132.0,51.0,100.0,100.0,131.0,58.0,78.0,18.0,197.0,47.0,118.0,37.0,,,,,,,,0.07,0.09,0.16,1.28,0.0,0.23,1.59,1.02,6.02,24,0.0,0.0,0.0,0.0,0.0,0.0,0.0,0.0,0.0,0.0,0.0,0.0,0.0,0.0,0.0,4176.0,2074.0,0.0,0.0,0.0,0.0,0.0,0.0,0.0,0.0,0.0,0.0,0.0,0.0,0.0
441,Patrick,Dorgu,Dorgu,i,Hamstring injury - Unknown return date,,4.4,560,118.0,7.7,52,16.0,5.8,9.0,2.0,0,0,0.0,-1,1.0,845,34472,1.3,16.8,0.0,0.0,3.4,131.0,50.0,0.0,0.0,77.0,33.0,44.0,4.0,70.0,3.0,48.0,7.0,,,,,,,,0.13,0.1,0.23,1.27,0.0,0.2,1.35,0.95,6.43,24,0.0,0.0,0.0,0.0,0.0,0.0,0.0,0.0,0.0,0.0,0.0,0.0,0.0,0.0,0.0,965.0,45518.0,0.0,0.0,0.0,0.0,0.0,0.0,0.0,0.0,0.0,0.0,0.0,0.0,0.0
442,Harry,Maguire,Maguire,a,,,4.3,566,120.0,1.2,174,66.0,1.8,183.0,64.0,0,0,0.0,-2,2.0,2812,203,0.4,9.8,1.8,1.8,4.2,51.0,22.0,100.0,100.0,296.0,112.0,385.0,140.0,297.0,94.0,353.0,122.0,,,,,,,,0.08,0.0,0.08,1.44,0.0,0.52,1.04,1.04,7.08,24,0.0,0.0,0.0,0.0,0.0,0.0,0.0,0.0,0.0,0.0,0.0,0.0,0.0,0.0,0.0,6092.0,589.0,0.0,0.0,0.0,0.0,0.0,0.0,0.0,0.0,0.0,0.0,0.0,0.0,0.0
443,Luke,Shaw,Shaw,a,,,4.5,407,74.0,0.7,220,84.0,1.8,188.0,68.0,0,0,0.0,0,0.0,789,175,0.4,11.8,1.8,1.8,2.3,280.0,110.0,,,108.0,47.0,110.0,28.0,322.0,103.0,159.0,50.0,,,,,,,,0.0,0.06,0.06,1.2,0.0,0.18,1.4,1.04,5.81,24,0.0,0.0,0.0,0.0,0.0,0.0,0.0,0.0,0.0,0.0,0.0,0.0,0.0,0.0,0.0,1187.0,285.0,0.0,0.0,0.0,0.0,0.0,0.0,0.0,0.0,0.0,0.0,0.0,0.0,0.0
444,Leny,Yoro,Yoro,a,,,4.2,641,154.0,1.3,170,63.0,0.6,310.0,116.0,0,0,0.0,-3,3.0,198,247,0.1,8.3,0.6,0.6,1.7,364.0,134.0,,,234.0,96.0,290.0,95.0,256.0,73.0,281.0,93.0,,,,,,,,0.05,0.02,0.07,1.37,0.0,0.08,1.91,0.95,7.47,24,0.0,0.0,0.0,0.0,0.0,0.0,0.0,0.0,0.0,0.0,0.0,0.0,0.0,0.0,0.0,223.0,304.0,0.0,0.0,0.0,0.0,0.0,0.0,0.0,0.0,0.0,0.0,0.0,0.0,0.0
445,Harry,Amass,Amass,u,has joined Norwich City on loan for the rest of the season.,,4.0,707,191.0,0.1,528,192.0,0.0,523.0,213.0,0,0,0.0,0,0.0,0,5,0.0,0.0,0.0,0.0,0.0,601.0,228.0,0.0,0.0,592.0,228.0,585.0,228.0,553.0,224.0,594.0,228.0,,,,,,,,0.0,0.0,0.0,0.0,0.0,0.0,0.0,0.0,0.0,24,0.0,0.0,0.0,0.0,0.0,0.0,0.0,0.0,0.0,0.0,0.0,0.0,0.0,0.0,0.0,0.0,8.0,0.0,0.0,0.0,0.0,0.0,0.0,0.0,0.0,0.0,0.0,0.0,0.0,0.0
446,Tyler,Fredricson,Fredricson,a,,,3.8,797,252.0,0.1,427,160.0,0.0,429.0,169.0,0,0,0.0,-2,2.0,12,22,0.0,0.3,0.0,0.0,1.0,436.0,159.0,,,460.0,167.0,493.0,189.0,457.0,181.0,474.0,168.0,,,,,,,,0.0,0.0,0.0,13.5,0.0,0.0,0.0,0.0,90.0,24,0.0,0.0,0.0,0.0,0.0,0.0,0.0,0.0,0.0,0.0,0.0,0.0,0.0,0.0,0.0,14.0,27.0,0.0,0.0,0.0,0.0,0.0,0.0,0.0,0.0,0.0,0.0,0.0,0.0,0.0
447,Ayden,Heaven,Heaven,a,,,3.8,806,260.0,2.2,120,46.0,1.0,263.0,97.0,0,0,0.0,-2,2.0,453,1186,0.3,6.8,1.0,1.0,2.4,266.0,104.0,100.0,100.0,248.0,100.0,361.0,129.0,337.0,110.0,330.0,111.0,,,,,,,,0.05,0.02,0.07,1.12,0.0,0.14,1.7,1.13,10.05,24,0.0,0.0,0.0,0.0,0.0,0.0,0.0,0.0,0.0,0.0,0.0,0.0,0.0,0.0,0.0,622.0,1898.0,0.0,0.0,0.0,0.0,0.0,0.0,0.0,0.0,0.0,0.0,0.0,0.0,0.0
448,Tyrell,Malacia,Malacia,a,,,3.8,779,234.0,0.4,272,101.0,0.0,416.0,156.0,0,0,0.0,-2,2.0,39,105,0.0,0.3,0.0,0.0,1.0,434.0,157.0,,,464.0,168.0,480.0,176.0,444.0,168.0,479.0,170.0,,,,,,,,0.0,0.0,0.0,13.5,0.0,0.0,0.0,0.0,90.0,24,0.0,0.0,0.0,0.0,0.0,0.0,0.0,0.0,0.0,0.0,0.0,0.0,0.0,0.0,0.0,47.0,130.0,0.0,0.0,0.0,0.0,0.0,0.0,0.0,0.0,0.0,0.0,0.0,0.0,0.0
449,Bruno,Borges Fernandes,B.Fernandes,a,,,9.6,6,4.0,28.6,11,4.0,4.4,37.0,17.0,0,1,-1.0,6,-6.0,38669,2020,0.5,12.6,4.4,4.4,6.0,5.0,2.0,100.0,100.0,5.0,1.0,1.0,1.0,41.0,24.0,2.0,1.0,1.0,1.0,1.0,,,,,0.39,0.3,0.69,1.28,0.0,0.1,1.57,1.05,10.34,24,0.0,0.0,0.0,0.0,0.0,0.0,0.0,0.0,0.0,0.0,0.0,0.0,0.0,0.0,0.0,69985.0,2412.0,0.0,0.0,0.0,0.0,0.0,0.0,0.0,0.0,0.0,0.0,0.0,0.0,0.0
450,Matheus,Santos Carneiro da Cunha,Cunha,a,,,8.0,16,11.0,7.9,51,19.0,4.8,24.0,12.0,0,0,0.0,0,0.0,5574,2394,0.6,9.9,4.8,4.8,4.0,75.0,34.0,100.0,100.0,82.0,25.0,56.0,45.0,22.0,10.0,32.0,25.0,,,,,,,,0.31,0.14,0.45,1.28,0.0,0.19,1.4,1.02,7.65,24,0.0,0.0,0.0,0.0,0.0,0.0,0.0,0.0,0.0,0.0,0.0,0.0,0.0,0.0,0.0,8545.0,5646.0,0.0,0.0,0.0,0.0,0.0,0.0,0.0,0.0,0.0,0.0,0.0,0.0,0.0
451,Marcus,Rashford,Rashford,u,Has joined Barcelona on loan for the rest of the season,,7.0,39,23.0,0.0,688,288.0,0.0,804.0,361.0,0,0,0.0,0,0.0,0,0,0.0,0.0,0.0,0.0,0.0,807.0,361.0,0.0,0.0,807.0,361.0,807.0,361.0,807.0,361.0,807.0,361.0,,,,,,,,0.0,0.0,0.0,0.0,0.0,0.0,0.0,0.0,0.0,24,0.0,0.0,0.0,0.0,0.0,0.0,0.0,0.0,0.0,0.0,0.0,0.0,0.0,0.0,0.0,0.0,0.0,0.0,0.0,0.0,0.0,0.0,0.0,0.0,0.0,0.0,0.0,0.0,0.0,0.0
452,Amad,Diallo,Amad,a,,,6.2,78,51.0,1.6,146,47.0,1.0,283.0,128.0,0,0,0.0,-3,3.0,2208,649,0.2,9.8,1.0,1.0,3.6,114.0,53.0,100.0,100.0,154.0,57.0,36.0,33.0,45.0,27.0,44.0,31.0,,,,,,,,0.25,0.18,0.43,1.11,0.0,0.2,1.3,1.04,7.83,24,0.0,0.0,0.0,0.0,0.0,0.0,0.0,0.0,0.0,0.0,0.0,0.0,0.0,0.0,0.0,3767.0,867.0,0.0,0.0,0.0,0.0,0.0,0.0,0.0,0.0,0.0,0.0,0.0,0.0,0.0
454,Antony,dos Santos,Antony,u,has joined Real Betis permanently.,,5.9,100,65.0,0.1,556,204.0,0.0,795.0,356.0,0,0,0.0,-1,1.0,0,1,0.0,0.0,0.0,0.0,0.0,799.0,357.0,0.0,0.0,799.0,357.0,799.0,357.0,799.0,357.0,799.0,357.0,,,,,,,,0.0,0.0,0.0,0.0,0.0,0.0,0.0,0.0,0.0,24,0.0,0.0,0.0,0.0,0.0,0.0,0.0,0.0,0.0,0.0,0.0,0.0,0.0,0.0,0.0,0.0,1.0,0.0,0.0,0.0,0.0,0.0,0.0,0.0,0.0,0.0,0.0,0.0,0.0,0.0
455,Mason,Mount,Mount,a,,,5.9,96,61.0,0.4,284,94.0,0.4,354.0,157.0,0,0,0.0,-1,1.0,136,218,0.1,7.8,0.4,0.4,2.7,237.0,103.0,100.0,100.0,260.0,112.0,129.0,93.0,136.0,79.0,195.0,101.0,3.0,,,,,,,0.17,0.16,0.33,1.14,0.0,0.33,1.55,1.11,6.87,24,0.0,0.0,0.0,0.0,0.0,0.0,0.0,0.0,0.0,0.0,0.0,0.0,0.0,0.0,0.0,161.0,322.0,0.0,0.0,0.0,0.0,0.0,0.0,0.0,0.0,0.0,0.0,0.0,0.0,0.0
457,Carlos Henrique,Casimiro,Casemiro,a,,,5.5,136,83.0,1.3,164,56.0,3.2,90.0,40.0,0,0,0.0,0,0.0,1108,894,0.6,16.7,3.2,3.2,4.4,39.0,17.0,100.0,100.0,63.0,19.0,76.0,58.0,62.0,38.0,50.0,34.0,,,,,,,,0.23,0.11,0.34,1.0,0.0,0.31,1.16,1.22,11.91,24,0.0,0.0,0.0,0.0,0.0,0.0,0.0,0.0,0.0,0.0,0.0,0.0,0.0,0.0,0.0,1517.0,1234.0,0.0,0.0,0.0,0.0,0.0,0.0,0.0,0.0,0.0,0.0,0.0,0.0,0.0
458,Kobbie,Mainoo,Mainoo,a,,,4.6,399,246.0,0.6,228,79.0,1.8,192.0,83.0,0,0,0.0,-4,4.0,1194,218,0.4,4.3,1.8,1.8,1.4,405.0,180.0,100.0,100.0,338.0,149.0,197.0,130.0,336.0,176.0,323.0,156.0,,,,,,,,0.03,0.06,0.09,1.3,0.0,0.22,1.99,0.44,9.49,24,0.0,0.0,0.0,0.0,0.0,0.0,0.0,0.0,0.0,0.0,0.0,0.0,0.0,0.0,0.0,1679.0,283.0,0.0,0.0,0.0,0.0,0.0,0.0,0.0,0.0,0.0,0.0,0.0,0.0,0.0
459,Manuel,Ugarte Ribeiro,Ugarte,a,,,4.7,383,239.0,0.2,401,136.0,1.4,235.0,98.0,0,0,0.0,-3,3.0,51,82,0.3,6.2,1.4,1.4,1.8,351.0,157.0,,,302.0,134.0,294.0,169.0,327.0,172.0,343.0,164.0,,,,,,,,0.04,0.02,0.06,1.66,0.0,0.12,2.22,0.86,14.18,24,0.0,0.0,0.0,0.0,0.0,0.0,0.0,0.0,0.0,0.0,0.0,0.0,0.0,0.0,0.0,60.0,113.0,0.0,0.0,0.0,0.0,0.0,0.0,0.0,0.0,0.0,0.0,0.0,0.0,0.0
460,Toby,Collyer,Collyer,a,,,4.5,442,264.0,0.0,650,264.0,0.0,642.0,242.0,0,0,0.0,0,0.0,0,2,0.0,0.0,0.0,0.0,0.0,694.0,278.0,100.0,100.0,689.0,273.0,687.0,276.0,667.0,268.0,691.0,275.0,,,,,,,,0.0,0.0,0.0,0.0,0.0,0.0,0.0,0.0,0.0,24,0.0,0.0,0.0,0.0,0.0,0.0,0.0,0.0,0.0,0.0,0.0,0.0,0.0,0.0,0.0,1.0,2.0,0.0,0.0,0.0,0.0,0.0,0.0,0.0,0.0,0.0,0.0,0.0,0.0,0.0
461,Jayce,Fitzgerald,Fitzgerald,a,,,4.3,607,353.0,0.0,612,235.0,0.0,574.0,201.0,0,0,0.0,-2,2.0,8,5,0.0,0.0,0.0,0.0,0.0,640.0,243.0,,,631.0,234.0,628.0,239.0,601.0,227.0,633.0,236.0,,,,,,,,0.0,0.0,0.0,0.0,0.0,0.0,0.0,0.0,0.0,24,0.0,0.0,0.0,0.0,0.0,0.0,0.0,0.0,0.0,0.0,0.0,0.0,0.0,0.0,0.0,10.0,7.0,0.0,0.0,0.0,0.0,0.0,0.0,0.0,0.0,0.0,0.0,0.0,0.0,0.0
462,Jack,Fletcher,J.Fletcher,a,,,4.3,604,350.0,0.1,502,177.0,0.0,571.0,198.0,0,0,0.0,-2,2.0,31,34,0.0,0.7,0.0,0.0,1.0,446.0,197.0,,,433.0,194.0,369.0,189.0,409.0,201.0,431.0,194.0,,,,,,,,0.03,0.02,0.05,1.56,0.0,0.0,0.0,0.0,9.25,24,0.0,0.0,0.0,0.0,0.0,0.0,0.0,0.0,0.0,0.0,0.0,0.0,0.0,0.0,0.0,40.0,51.0,0.0,0.0,0.0,0.0,0.0,0.0,0.0,0.0,0.0,0.0,0.0,0.0,0.0
463,Sékou,Koné,Kone,a,,,4.3,616,360.0,0.1,487,170.0,0.0,582.0,207.0,0,0,0.0,-2,2.0,24,14,0.0,0.0,0.0,0.0,0.0,646.0,248.0,,,637.0,239.0,634.0,244.0,608.0,233.0,639.0,241.0,,,,,,,,0.0,0.0,0.0,0.0,0.0,0.0,0.0,0.0,0.0,24,0.0,0.0,0.0,0.0,0.0,0.0,0.0,0.0,0.0,0.0,0.0,0.0,0.0,0.0,0.0,25.0,15.0,0.0,0.0,0.0,0.0,0.0,0.0,0.0,0.0,0.0,0.0,0.0,0.0,0.0
464,Jack,Moorhouse,Moorhouse,u,has joined Leyton Orient on loan for the rest of the season.,,4.5,466,283.0,0.0,678,282.0,0.0,658.0,257.0,0,0,0.0,0,0.0,0,1,0.0,0.0,0.0,0.0,0.0,708.0,291.0,0.0,0.0,706.0,289.0,702.0,290.0,683.0,283.0,707.0,290.0,,,,,,,,0.0,0.0,0.0,0.0,0.0,0.0,0.0,0.0,0.0,24,0.0,0.0,0.0,0.0,0.0,0.0,0.0,0.0,0.0,0.0,0.0,0.0,0.0,0.0,0.0,0.0,1.0,0.0,0.0,0.0,0.0,0.0,0.0,0.0,0.0,0.0,0.0,0.0,0.0,0.0
465,Rasmus,Højlund,Højlund,u,has joined Napoli on loan for the rest of the season.,,6.3,70,22.0,0.3,335,55.0,0.0,798.0,85.0,0,0,0.0,-2,2.0,0,14,0.0,0.0,0.0,0.0,0.0,802.0,88.0,0.0,0.0,802.0,88.0,802.0,88.0,802.0,88.0,802.0,88.0,,,,,,,,0.0,0.0,0.0,0.0,0.0,0.0,0.0,0.0,0.0,24,0.0,0.0,0.0,0.0,0.0,0.0,0.0,0.0,0.0,0.0,0.0,0.0,0.0,0.0,0.0,0.0,14.0,0.0,0.0,0.0,0.0,0.0,0.0,0.0,0.0,0.0,0.0,0.0,0.0,0.0
466,Joshua,Zirkzee,Zirkzee,d,Knock - 75% chance of playing,,5.8,109,31.0,0.4,266,42.0,1.0,280.0,35.0,0,0,0.0,-2,2.0,24,293,0.2,5.7,0.8,0.8,2.4,274.0,29.0,75.0,75.0,280.0,27.0,186.0,17.0,129.0,32.0,233.0,29.0,,,,,,,,0.33,0.05,0.38,1.2,0.0,0.19,1.31,0.75,6.36,24,0.0,0.0,0.0,0.0,0.0,0.0,0.0,0.0,0.0,0.0,0.0,0.0,0.0,0.0,0.0,30.0,355.0,0.0,0.0,0.0,0.0,0.0,0.0,0.0,0.0,0.0,0.0,0.0,0.0,0.0
467,Chido,Obi,Obi,a,,,4.2,643,89.0,1.7,143,23.0,0.0,554.0,50.0,0,0,0.0,-3,3.0,271,860,0.0,0.0,0.0,0.0,0.0,624.0,61.0,,,616.0,61.0,611.0,60.0,582.0,60.0,618.0,61.0,,,,,,,,0.0,0.0,0.0,0.0,0.0,0.0,0.0,0.0,0.0,24,0.0,0.0,0.0,0.0,0.0,0.0,0.0,0.0,0.0,0.0,0.0,0.0,0.0,0.0,0.0,360.0,1079.0,0.0,0.0,0.0,0.0,0.0,0.0,0.0,0.0,0.0,0.0,0.0,0.0,0.0
468,Ethan,Wheatley,Wheatley,a,,,4.5,473,67.0,0.1,491,68.0,0.0,665.0,64.0,0,0,0.0,0,0.0,37,16,0.0,0.0,0.0,0.0,0.0,714.0,74.0,100.0,100.0,712.0,74.0,708.0,73.0,690.0,73.0,713.0,74.0,,,,,,,,0.0,0.0,0.0,0.0,0.0,0.0,0.0,0.0,0.0,24,0.0,0.0,0.0,0.0,0.0,0.0,0.0,0.0,0.0,0.0,0.0,0.0,0.0,0.0,0.0,43.0,17.0,0.0,0.0,0.0,0.0,0.0,0.0,0.0,0.0,0.0,0.0,0.0,0.0,0.0
681,Benjamin,Sesko,Šeško,a,,,7.2,33,13.0,3.3,100,18.0,3.2,96.0,12.0,0,0,0.0,-3,3.0,669,1246,0.4,7.8,3.2,3.2,3.1,182.0,17.0,100.0,100.0,200.0,16.0,192.0,18.0,19.0,11.0,85.0,15.0,,,,,,,,0.43,0.02,0.45,1.35,0.0,0.09,1.81,0.95,3.78,24,0.0,0.0,0.0,0.0,0.0,0.0,0.0,0.0,0.0,0.0,0.0,0.0,0.0,0.0,0.0,1040.0,1631.0,0.0,0.0,0.0,0.0,0.0,0.0,0.0,0.0,0.0,0.0,0.0,0.0,0.0
733,Senne,Lammens,Lammens,a,,,5.0,260,9.0,1.9,137,18.0,2.2,163.0,16.0,0,0,0.0,0,0.0,1099,599,0.4,9.8,2.2,2.2,2.9,202.0,19.0,,,124.0,18.0,768.0,90.0,437.0,1.0,285.0,17.0,,,,,,,,0.0,0.0,0.0,1.13,2.18,0.18,1.35,1.0,0.0,24,0.0,0.0,0.0,0.0,0.0,0.0,0.0,0.0,0.0,0.0,0.0,0.0,0.0,0.0,0.0,1561.0,849.0,0.0,0.0,0.0,0.0,0.0,0.0,0.0,0.0,0.0,0.0,0.0,0.0,0.0
755,Shea,Lacey,Lacey,a,,,4.5,476,290.0,0.0,703,296.0,0.2,380.0,171.0,0,0,0.0,0,0.0,13,14,0.0,0.4,0.2,0.2,1.0,462.0,211.0,100.0,100.0,461.0,211.0,446.0,216.0,377.0,190.0,459.0,210.0,,,,,,,,0.52,0.0,0.52,0.82,0.0,0.0,0.0,0.0,7.5,24,0.0,0.0,0.0,0.0,0.0,0.0,0.0,0.0,0.0,0.0,0.0,0.0,0.0,0.0,0.0,23.0,23.0,0.0,0.0,0.0,0.0,0.0,0.0,0.0,0.0,0.0,0.0,0.0,0.0,0.0
769,Bendito,Mantato,Bendito Mantato,a,,,4.5,475,289.0,0.0,781,342.0,0.0,667.0,263.0,0,0,0.0,0,0.0,2,3,0.0,0.2,0.0,0.0,1.0,461.0,210.0,,,469.0,218.0,397.0,197.0,692.0,289.0,461.0,212.0,,,,,,,,0.0,0.06,0.06,0.3,0.0,0.0,0.0,0.0,0.0,24,0.0,0.0,0.0,0.0,0.0,0.0,0.0,0.0,0.0,0.0,0.0,0.0,0.0,0.0,0.0,2.0,3.0,0.0,0.0,0.0,0.0,0.0,0.0,0.0,0.0,0.0,0.0,0.0,0.0,0.0
771,Tyler,Fletcher,Fletcher,a,,,4.4,543,326.0,0.0,757,327.0,0.0,602.0,217.0,0,0,0.0,-1,1.0,14,11,0.0,0.0,0.0,0.0,0.0,661.0,257.0,,,653.0,249.0,650.0,254.0,625.0,243.0,655.0,251.0,,,,,,,,0.0,0.0,0.0,0.0,0.0,0.0,0.0,0.0,0.0,24,0.0,0.0,0.0,0.0,0.0,0.0,0.0,0.0,0.0,0.0,0.0,0.0,0.0,0.0,0.0,16.0,14.0,0.0,0.0,0.0,0.0,0.0,0.0,0.0,0.0,0.0,0.0,0.0,0.0,0.0
788,Godwill,Kukonki,Kukonki,a,,,4.0,706,190.0,0.0,762,258.0,0.0,522.0,212.0,0,0,0.0,0,0.0,3,1,0.0,0.0,0.0,0.0,0.0,600.0,227.0,,,591.0,227.0,584.0,227.0,552.0,223.0,593.0,227.0,,,,,,,,0.0,0.0,0.0,0.0,0.0,0.0,0.0,0.0,0.0,24,0.0,0.0,0.0,0.0,0.0,0.0,0.0,0.0,0.0,0.0,0.0,0.0,0.0,0.0,0.0,3.0,2.0,0.0,0.0,0.0,0.0,0.0,0.0,0.0,0.0,0.0,0.0,0.0,0.0,0.0
52,Jacob,Ramsey,J.Ramsey,a,,,5.3,194,121.0,0.2,364,121.0,0.8,298.0,134.0,1,0,0.0,-2,2.0,69,45,0.2,3.0,0.8,0.3,1.1,432.0,195.0,100.0,100.0,365.0,162.0,173.0,117.0,263.0,143.0,307.0,147.0,,,,,,,,0.06,0.09,0.15,1.64,0.0,0.0,2.26,0.71,9.89,24,1.0,90.0,0.0,0.0,0.0,4.0,0.0,0.0,0.0,1.0,0.0,0.0,1.0,0.0,4.0,78.0,51.0,0.0,0.0,0.010000000000000009,0.010000000000000009,1.9499999999999993,0.20000000000000284,1.5999999999999943,0.0,0.1999999999999993,0.0,0.0,2.0,2.0
135,Yoane,Wissa,Wissa,a,,,7.3,24,9.0,0.9,196,32.0,1.4,245.0,31.0,1,0,0.0,-2,2.0,654,1743,0.2,2.2,1.4,0.9,1.6,388.0,45.0,100.0,100.0,394.0,42.0,351.0,44.0,183.0,41.0,350.0,42.0,,,,,,,,0.41,0.11,0.52,1.21,0.0,0.26,1.32,0.79,4.21,24,1.0,17.0,0.0,0.0,0.0,1.0,0.0,0.0,0.0,0.0,0.0,0.0,0.0,0.0,2.0,818.0,2250.0,0.0,0.0,0.0,0.0,0.29000000000000004,1.0,0.29999999999999716,2.0,0.3000000000000007,0.0,1.0,1.0,2.0
469,Nick,Pope,Pope,a,,,5.1,224,6.0,4.9,76,13.0,3.6,67.0,5.0,1,0,0.0,1,-1.0,712,943,0.7,14.7,3.6,3.1,4.2,53.0,3.0,100.0,100.0,62.0,12.0,781.0,91.0,775.0,88.0,238.0,13.0,,,,,,,,0.0,0.0,0.0,1.1,3.14,0.39,1.29,1.01,0.0,24,1.0,90.0,0.0,0.0,0.0,4.0,0.0,0.0,0.0,0.0,0.0,3.0,1.0,0.0,310.0,780.0,1649.0,0.0,0.0,0.0,0.0,1.9499999999999993,13.0,0.0,0.0,1.2999999999999972,0.0,0.0,15.0,0.0
471,Mark,Gillespie,Gillespie,a,,,3.9,732,70.0,0.1,428,65.0,0.0,441.0,31.0,0,0,0.0,-1,1.0,2,10,0.0,0.0,0.0,-0.5,0.0,523.0,37.0,,,514.0,37.0,505.0,24.0,470.0,9.0,516.0,37.0,,,,,,,,0.0,0.0,0.0,0.0,0.0,0.0,0.0,0.0,0.0,24,0.0,0.0,0.0,0.0,0.0,0.0,0.0,0.0,0.0,0.0,0.0,0.0,0.0,0.0,0.0,3.0,11.0,0.0,0.0,0.0,0.0,0.0,0.0,0.0,0.0,0.0,0.0,0.0,0.0,0.0
472,Odysseas,Vlachodimos,Odysseas,u,Has joined Sevilla on loan for the rest of the season.,,4.0,657,44.0,0.0,700,81.0,0.0,479.0,57.0,0,0,0.0,0,0.0,0,2,0.0,0.0,0.0,0.0,0.0,560.0,63.0,0.0,0.0,551.0,63.0,543.0,51.0,509.0,36.0,553.0,63.0,,,,,,,,0.0,0.0,0.0,0.0,0.0,0.0,0.0,0.0,0.0,24,0.0,0.0,0.0,0.0,0.0,0.0,0.0,0.0,0.0,0.0,0.0,0.0,0.0,0.0,0.0,0.0,2.0,0.0,0.0,0.0,0.0,0.0,0.0,0.0,0.0,0.0,0.0,0.0,0.0,0.0
473,Lewis,Hall,Hall,a,,,5.3,201,26.0,2.9,106,42.0,4.6,26.0,6.0,3,0,0.0,-2,2.0,2723,1384,0.9,10.4,4.6,4.1,3.2,162.0,66.0,100.0,100.0,121.0,53.0,101.0,23.0,223.0,58.0,136.0,44.0,4.0,,,,,,,0.04,0.13,0.17,1.29,0.0,0.22,1.56,0.97,8.05,24,3.0,88.0,0.0,0.0,0.0,3.0,0.0,0.0,0.0,0.0,0.0,0.0,1.0,0.0,229.0,3049.0,3401.0,0.0,0.0,0.08000000000000007,0.08000000000000007,1.660000000000002,24.200000000000045,25.5,2.0,5.199999999999996,3.0,7.0,4.0,10.0
474,Fabian,Schär,Schär,i,Ankle injury - Expected back 18 Apr,,5.3,185,23.0,1.3,160,60.0,2.2,165.0,59.0,0,0,0.0,-2,2.0,10,1114,0.4,9.6,0.0,0.0,3.2,160.0,65.0,0.0,0.0,158.0,66.0,285.0,92.0,208.0,54.0,221.0,74.0,,3.0,4.0,,,,,0.08,0.05,0.13,1.14,0.0,0.33,1.07,0.91,9.5,24,0.0,0.0,0.0,0.0,0.0,0.0,0.0,0.0,0.0,0.0,0.0,0.0,0.0,0.0,0.0,11.0,1430.0,0.0,0.0,0.0,0.0,0.0,0.0,0.0,0.0,0.0,0.0,0.0,0.0,0.0
475,Sven,Botman,Botman,a,,,4.9,312,50.0,0.4,285,109.0,2.4,145.0,53.0,0,0,0.0,-1,1.0,130,68,0.5,9.0,2.4,1.9,3.4,135.0,52.0,100.0,100.0,187.0,75.0,322.0,108.0,257.0,74.0,264.0,89.0,,,,,,,,0.03,0.03,0.06,1.12,0.0,0.41,1.33,1.02,8.9,24,0.0,0.0,0.0,0.0,0.0,0.0,0.0,0.0,0.0,0.0,0.0,0.0,0.0,0.0,0.0,153.0,85.0,0.0,0.0,0.0,0.0,0.0,0.0,0.0,0.0,0.0,0.0,0.0,0.0,0.0
476,Dan,Burn,Burn,a,,,5.0,242,37.0,3.2,103,39.0,0.2,394.0,145.0,1,0,0.0,0,0.0,1005,293,0.0,13.6,0.2,-0.3,4.2,52.0,23.0,100.0,100.0,159.0,67.0,272.0,85.0,268.0,78.0,236.0,81.0,,,,,,,,0.01,0.02,0.03,0.96,0.0,0.4,1.41,1.07,8.97,24,1.0,90.0,0.0,0.0,0.0,4.0,0.0,0.0,0.0,1.0,0.0,0.0,1.0,0.0,189.0,1114.0,421.0,0.0,0.0,0.0,0.0,1.9499999999999993,20.80000000000001,0.29999999999999716,6.0,2.700000000000003,1.0,12.0,2.0,13.0
477,Tino,Livramento,Livramento,i,Hamstring injury - Expected back 14 Mar,,4.9,327,54.0,2.0,131,51.0,0.4,346.0,130.0,0,0,0.0,-1,1.0,4,611,0.1,10.0,0.0,0.0,3.8,91.0,34.0,0.0,0.0,240.0,98.0,143.0,36.0,321.0,102.0,248.0,84.0,,,,,,,,0.01,0.05,0.06,0.94,0.0,0.43,0.86,0.94,4.98,24,0.0,0.0,0.0,0.0,0.0,0.0,0.0,0.0,0.0,0.0,0.0,0.0,0.0,0.0,0.0,6.0,802.0,0.0,0.0,0.0,0.0,0.0,0.0,0.0,0.0,0.0,0.0,0.0,0.0,0.0
478,Kieran,Trippier,Trippier,a,,,4.9,286,45.0,1.3,166,62.0,1.6,211.0,79.0,1,0,0.0,-1,1.0,291,104,0.3,7.8,1.6,1.1,3.2,155.0,62.0,100.0,100.0,254.0,103.0,53.0,9.0,410.0,154.0,210.0,68.0,2.0,2.0,,,,,,0.0,0.15,0.15,0.99,0.0,0.47,1.4,1.03,4.21,24,1.0,83.0,0.0,0.0,0.0,3.0,0.0,0.0,0.0,0.0,0.0,0.0,1.0,0.0,1.0,322.0,131.0,0.0,0.0,0.1100000000000001,0.1100000000000001,1.6599999999999984,20.200000000000017,44.0,0.0,6.399999999999999,2.0,5.0,4.0,7.0
479,Emil,Krafth,Krafth,i,Knee injury - Unknown return date,,4.3,569,123.0,0.0,617,221.0,0.0,559.0,237.0,0,0,0.0,-2,2.0,2,2,0.0,0.0,0.0,0.0,0.0,627.0,246.0,0.0,0.0,474.0,171.0,448.0,163.0,586.0,244.0,480.0,171.0,,,,,,,,0.0,0.0,0.0,0.5,0.0,0.0,4.0,2.0,2.0,24,0.0,0.0,0.0,0.0,0.0,0.0,0.0,0.0,0.0,0.0,0.0,0.0,0.0,0.0,0.0,2.0,4.0,0.0,0.0,0.0,0.0,0.0,0.0,0.0,0.0,0.0,0.0,0.0,0.0,0.0
480,Jamaal,Lascelles,Lascelles,d,Lack of match fitness - 25% chance of playing,,4.3,567,121.0,0.1,580,210.0,0.0,558.0,236.0,0,0,0.0,-2,2.0,3,8,0.0,0.2,0.0,-0.1,0.5,495.0,173.0,25.0,25.0,443.0,165.0,614.0,246.0,399.0,151.0,454.0,164.0,,,,,,,,0.19,0.0,0.19,2.61,0.0,0.0,9.47,0.0,23.68,24,0.0,0.0,0.0,0.0,0.0,0.0,0.0,0.0,0.0,0.0,0.0,0.0,0.0,0.0,0.0,3.0,8.0,0.0,0.0,0.0,0.0,0.0,0.0,0.0,0.0,0.0,0.0,0.0,0.0,0.0
481,Alex,Murphy,A.Murphy,a,,,3.8,796,251.0,0.7,217,82.0,0.2,365.0,135.0,1,0,0.0,-2,2.0,154,152,0.1,0.3,0.2,-0.3,1.0,435.0,158.0,,,470.0,169.0,492.0,188.0,456.0,180.0,485.0,172.0,,,,,,,,0.0,0.0,0.0,26.1,0.0,0.0,90.0,0.0,90.0,24,1.0,1.0,0.0,0.0,0.0,1.0,0.0,0.0,0.0,0.0,0.0,0.0,0.0,0.0,-1.0,179.0,176.0,0.0,0.0,0.0,0.0,0.29,2.0,0.0,0.0,0.2,0.0,1.0,0.0,1.0
488,Bruno,Guimarães Rodriguez Moura,Bruno G.,a,,,7.2,31,19.0,16.8,20,8.0,4.8,23.0,11.0,0,0,0.0,7,-7.0,7442,24908,0.7,16.7,4.8,4.3,5.7,7.0,4.0,100.0,100.0,12.0,3.0,12.0,12.0,43.0,26.0,12.0,10.0,,,,,,,,0.2,0.14,0.34,1.12,0.0,0.29,1.32,0.98,8.71,24,0.0,0.0,0.0,0.0,0.0,0.0,0.0,0.0,0.0,0.0,0.0,0.0,0.0,0.0,0.0,8439.0,36859.0,0.0,0.0,0.0,0.0,0.0,0.0,0.0,0.0,0.0,0.0,0.0,0.0,0.0
489,Jacob,Murphy,J.Murphy,a,,,5.9,92,58.0,0.6,231,80.0,1.0,281.0,126.0,1,0,0.0,-6,6.0,128,117,0.2,8.8,1.0,0.5,2.7,236.0,102.0,100.0,100.0,218.0,92.0,67.0,51.0,69.0,44.0,97.0,56.0,,,,,,,,0.24,0.21,0.45,1.06,0.0,0.53,0.88,1.06,3.96,24,1.0,17.0,0.0,0.0,0.0,1.0,0.0,0.0,0.0,0.0,0.0,0.0,0.0,0.0,3.0,151.0,175.0,0.0,0.0,0.010000000000000231,0.009999999999999787,0.28999999999999915,1.6000000000000227,0.19999999999998863,0.0,0.20000000000000284,0.0,1.0,1.0,2.0
490,Joelinton Cássio,Apolinário de Lira,Joelinton,i,Groin Injury - Unknown return date,,5.9,95,60.0,0.3,299,100.0,3.2,93.0,41.0,0,0,0.0,-1,1.0,12,942,0.5,9.5,0.0,0.0,2.9,207.0,87.0,0.0,0.0,181.0,74.0,120.0,85.0,68.0,43.0,108.0,59.0,,,,,,,,0.12,0.06,0.18,1.14,0.0,0.33,1.19,1.12,11.28,24,0.0,0.0,0.0,0.0,0.0,0.0,0.0,0.0,0.0,0.0,0.0,0.0,0.0,0.0,0.0,12.0,1159.0,0.0,0.0,0.0,0.0,0.0,0.0,0.0,0.0,0.0,0.0,0.0,0.0,0.0
491,Sandro,Tonali,Tonali,a,,,5.3,197,122.0,1.0,185,61.0,2.4,148.0,63.0,2,0,0.0,-2,2.0,414,285,0.5,10.9,2.4,1.9,2.4,273.0,118.0,100.0,100.0,177.0,71.0,63.0,48.0,156.0,89.0,114.0,63.0,1.0,1.0,,,,,,0.07,0.08,0.15,1.08,0.0,0.38,1.19,1.13,9.56,24,2.0,90.0,0.0,0.0,0.0,4.0,0.0,0.0,0.0,0.0,0.0,0.0,1.0,0.0,11.0,473.0,380.0,0.0,0.030000000000000027,0.010000000000000009,0.040000000000000036,1.9500000000000028,2.3999999999999773,2.3000000000000114,3.0,0.7999999999999972,0.0,1.0,5.0,6.0
492,Antoñito,Cordero Campillo,Antoñito C.,u,has joined Cadiz on loan for the rest of the season.,,4.9,346,216.0,0.0,667,274.0,0.0,736.0,314.0,0,0,0.0,-1,1.0,0,1,0.0,0.0,0.0,0.0,0.0,766.0,333.0,0.0,0.0,766.0,333.0,762.0,333.0,754.0,331.0,766.0,333.0,,,,,,,,0.0,0.0,0.0,0.0,0.0,0.0,0.0,0.0,0.0,24,0.0,0.0,0.0,0.0,0.0,0.0,0.0,0.0,0.0,0.0,0.0,0.0,0.0,0.0,0.0,0.0,1.0,0.0,0.0,0.0,0.0,0.0,0.0,0.0,0.0,0.0,0.0,0.0,0.0,0.0
494,Joe,Willock,Willock,a,,,5.0,248,150.0,0.1,510,180.0,0.8,295.0,132.0,2,0,0.0,0,0.0,74,26,0.2,3.4,0.8,0.3,1.3,418.0,187.0,100.0,100.0,404.0,178.0,311.0,176.0,316.0,165.0,379.0,176.0,,,,,,,,0.17,0.05,0.22,1.6,0.0,0.58,1.74,0.87,8.97,24,2.0,72.0,0.0,0.0,0.0,3.0,0.0,0.0,0.0,0.0,0.0,0.0,1.0,0.0,7.0,90.0,28.0,0.0,0.0,0.06000000000000001,0.06000000000000005,1.6600000000000001,1.3999999999999986,1.7000000000000028,10.0,1.3000000000000007,0.0,0.0,5.0,5.0
498,Joe,White,White,u,has joined Bradford City on loan for the rest of the season.,,4.5,435,260.0,0.0,753,323.0,0.0,638.0,238.0,0,0,0.0,0,0.0,0,1,0.0,0.0,0.0,0.0,0.0,691.0,275.0,0.0,0.0,686.0,270.0,684.0,273.0,663.0,265.0,688.0,272.0,,,,,,,,0.0,0.0,0.0,0.0,0.0,0.0,0.0,0.0,0.0,24,0.0,0.0,0.0,0.0,0.0,0.0,0.0,0.0,0.0,0.0,0.0,0.0,0.0,0.0,0.0,0.0,2.0,0.0,0.0,0.0,0.0,0.0,0.0,0.0,0.0,0.0,0.0,0.0,0.0,0.0
500,William,Osula,Osula,a,,,5.4,182,44.0,0.2,373,59.0,0.2,401.0,46.0,1,0,0.0,-1,1.0,34,18,0.0,3.5,0.2,-0.3,1.7,371.0,42.0,100.0,100.0,398.0,43.0,391.0,50.0,264.0,46.0,383.0,46.0,,,,,,,,0.26,0.01,0.27,1.46,0.0,0.41,2.05,0.41,3.29,24,1.0,6.0,0.0,0.0,0.0,1.0,0.0,0.0,0.0,0.0,0.0,0.0,0.0,0.0,3.0,40.0,19.0,0.0,0.0,0.0,0.0,0.29000000000000004,0.0,0.0,0.0,0.0,0.0,0.0,0.0,0.0
501,Sean,Neave,Neave,a,,,4.3,613,85.0,0.2,346,56.0,0.0,580.0,54.0,0,0,0.0,-2,2.0,66,48,0.0,0.0,0.0,-0.5,0.0,644.0,64.0,,,635.0,64.0,632.0,63.0,606.0,63.0,637.0,64.0,,,,,,,,0.0,0.0,0.0,0.0,0.0,0.0,0.0,0.0,0.0,24,0.0,0.0,0.0,0.0,0.0,0.0,0.0,0.0,0.0,0.0,0.0,0.0,0.0,0.0,0.0,76.0,59.0,0.0,0.0,0.0,0.0,0.0,0.0,0.0,0.0,0.0,0.0,0.0,0.0,0.0
674,Aaron,Ramsdale,Ramsdale,a,,,4.8,362,15.0,0.7,216,28.0,0.0,706.0,91.0,0,0,0.0,-2,2.0,62,173,0.0,2.3,0.0,-0.5,1.6,380.0,29.0,,,330.0,26.0,411.0,10.0,732.0,81.0,395.0,25.0,,,,,,,,0.0,0.0,0.0,1.3,1.63,0.0,1.63,0.98,0.0,24,0.0,0.0,0.0,0.0,0.0,0.0,0.0,0.0,0.0,0.0,0.0,0.0,0.0,0.0,0.0,67.0,282.0,0.0,0.0,0.0,0.0,0.0,0.0,0.0,0.0,0.0,0.0,0.0,0.0,0.0
684,Malick,Thiaw,Thiaw,a,,,5.1,236,35.0,5.5,72,24.0,5.2,17.0,3.0,0,0,0.0,1,-1.0,4177,4123,1.0,16.7,5.2,4.7,4.0,67.0,28.0,,,25.0,11.0,266.0,81.0,97.0,11.0,88.0,21.0,,,,,,,,0.1,0.02,0.12,1.29,0.0,0.2,1.54,1.02,9.22,24,0.0,90.0,0.0,0.0,0.0,4.0,0.0,0.0,0.0,0.0,0.0,0.0,1.0,0.0,285.0,4577.0,8283.0,0.0,0.06000000000000005,0.009999999999999953,0.06999999999999984,1.9499999999999993,6.800000000000068,13.299999999999997,10.0,3.0,3.0,2.0,2.0,5.0
689,Seung-Soo,Park,Seung soo,a,,,4.3,617,361.0,0.3,301,101.0,0.0,583.0,208.0,0,0,0.0,-2,2.0,797,192,0.0,0.0,0.0,-0.5,0.0,647.0,249.0,,,638.0,240.0,635.0,245.0,609.0,234.0,640.0,242.0,,,,,,,,0.0,0.0,0.0,0.0,0.0,0.0,0.0,0.0,0.0,24,0.0,0.0,0.0,0.0,0.0,0.0,0.0,0.0,0.0,0.0,0.0,0.0,0.0,0.0,0.0,956.0,221.0,0.0,0.0,0.0,0.0,0.0,0.0,0.0,0.0,0.0,0.0,0.0,0.0,0.0
714,Nick,Woltemade,Woltemade,a,,,7.1,36,15.0,10.9,40,7.0,2.0,179.0,22.0,1,0,0.0,1,-1.0,1375,26421,0.3,11.5,2.0,1.5,3.9,87.0,8.0,,,103.0,10.0,152.0,10.0,35.0,16.0,72.0,13.0,,,3.0,,,,,0.41,0.05,0.46,1.15,0.0,0.39,1.31,1.12,4.54,24,1.0,17.0,0.0,0.0,0.0,1.0,0.0,0.0,0.0,0.0,0.0,0.0,0.0,0.0,2.0,1649.0,34442.0,0.0,0.0,0.0,0.0,0.28999999999999915,5.399999999999977,0.5,4.0,1.0,0.0,1.0,1.0,2.0
765,Leo,Shahar,Shahar,a,,,4.0,702,186.0,0.0,675,234.0,0.0,518.0,208.0,0,0,0.0,0,0.0,23,17,0.0,0.0,0.0,-0.5,0.0,597.0,224.0,,,588.0,224.0,581.0,224.0,549.0,220.0,590.0,224.0,,,,,,,,0.0,0.0,0.0,0.0,0.0,0.0,0.0,0.0,0.0,24,0.0,0.0,0.0,0.0,0.0,0.0,0.0,0.0,0.0,0.0,0.0,0.0,0.0,0.0,0.0,28.0,19.0,0.0,0.0,0.0,0.0,0.0,0.0,0.0,0.0,0.0,0.0,0.0,0.0,0.0
772,Sam,Alabi,Alabi,a,,,4.5,506,312.0,0.0,785,345.0,0.0,692.0,283.0,0,0,0.0,0,0.0,6,0,0.0,0.0,0.0,-0.5,0.0,738.0,313.0,,,738.0,313.0,733.0,313.0,716.0,308.0,738.0,313.0,,,,,,,,0.0,0.0,0.0,0.0,0.0,0.0,0.0,0.0,0.0,24,0.0,0.0,0.0,0.0,0.0,0.0,0.0,0.0,0.0,0.0,0.0,0.0,0.0,0.0,0.0,9.0,0.0,0.0,0.0,0.0,0.0,0.0,0.0,0.0,0.0,0.0,0.0,0.0,0.0,0.0
12,Oleksandr,Zinchenko,Zinchenko,a,,,4.9,303,48.0,0.2,352,128.0,0.0,718.0,255.0,0,0,0.0,-1,1.0,79,34,0.0,1.4,0.0,0.0,1.4,407.0,149.0,100.0,100.0,351.0,133.0,251.0,74.0,358.0,125.0,355.0,123.0,,,,,,,,0.02,0.09,0.11,1.28,0.0,0.0,1.53,1.02,6.14,24,0.0,0.0,0.0,0.0,0.0,0.0,0.0,0.0,0.0,0.0,0.0,0.0,0.0,0.0,0.0,97.0,41.0,0.0,0.0,0.0,0.0,0.0,0.0,0.0,0.0,0.0,0.0,0.0,0.0,0.0
426,James,McAtee,McAtee,a,,,5.0,256,156.0,0.1,488,171.0,0.0,742.0,318.0,0,0,0.0,-5,5.0,42,21,0.0,1.2,0.0,0.0,0.9,488.0,231.0,,,436.0,196.0,328.0,179.0,394.0,194.0,418.0,188.0,,,,,,,,0.01,0.09,0.1,1.9,0.0,0.0,3.73,0.53,5.86,24,0.0,0.0,0.0,0.0,0.0,0.0,0.0,0.0,0.0,0.0,0.0,0.0,0.0,0.0,0.0,46.0,26.0,0.0,0.0,0.0,0.0,0.0,0.0,0.0,0.0,0.0,0.0,0.0,0.0,0.0
502,Matz,Sels,Sels,a,,,4.6,393,18.0,5.7,67,12.0,4.0,44.0,1.0,0,0,0.0,-4,4.0,1565,477,0.9,13.0,4.0,4.0,3.2,153.0,15.0,100.0,100.0,68.0,14.0,409.0,8.0,721.0,76.0,239.0,14.0,,,,,,,,0.0,0.0,0.0,1.47,2.98,0.22,1.43,0.99,0.0,24,0.0,0.0,0.0,0.0,0.0,0.0,0.0,0.0,0.0,0.0,0.0,0.0,0.0,0.0,0.0,2573.0,916.0,0.0,0.0,0.0,0.0,0.0,0.0,0.0,0.0,0.0,0.0,0.0,0.0,0.0
503,Carlos Miguel,dos Santos Pereira,C.Miguel,u,Has joined Palmeiras permanently.,,4.0,680,56.0,0.1,535,76.0,0.0,498.0,68.0,0,0,0.0,0,0.0,0,8,0.0,0.0,0.0,0.0,0.0,579.0,74.0,0.0,0.0,570.0,74.0,563.0,63.0,530.0,48.0,572.0,74.0,,,,,,,,0.0,0.0,0.0,0.0,0.0,0.0,0.0,0.0,0.0,24,0.0,0.0,0.0,0.0,0.0,0.0,0.0,0.0,0.0,0.0,0.0,0.0,0.0,0.0,0.0,0.0,8.0,0.0,0.0,0.0,0.0,0.0,0.0,0.0,0.0,0.0,0.0,0.0,0.0,0.0
504,Matt,Turner,Turner,u,Has joined Lyon permanently.,,4.0,665,47.0,0.1,507,75.0,0.0,485.0,59.0,0,0,0.0,0,0.0,0,5,0.0,0.0,0.0,0.0,0.0,566.0,65.0,0.0,0.0,557.0,65.0,550.0,54.0,517.0,39.0,559.0,65.0,,,,,,,,0.0,0.0,0.0,0.0,0.0,0.0,0.0,0.0,0.0,24,0.0,0.0,0.0,0.0,0.0,0.0,0.0,0.0,0.0,0.0,0.0,0.0,0.0,0.0,0.0,0.0,6.0,0.0,0.0,0.0,0.0,0.0,0.0,0.0,0.0,0.0,0.0,0.0,0.0,0.0
505,Nikola,Milenković,Milenković,a,,,5.1,230,32.0,3.2,104,40.0,3.8,55.0,23.0,0,0,0.0,-4,4.0,635,387,0.7,12.9,3.8,3.8,2.9,203.0,81.0,,,65.0,28.0,344.0,120.0,235.0,64.0,178.0,58.0,,,,,,,,0.03,0.02,0.05,1.42,0.0,0.22,1.48,1.0,8.22,24,0.0,0.0,0.0,0.0,0.0,0.0,0.0,0.0,0.0,0.0,0.0,0.0,0.0,0.0,0.0,959.0,502.0,0.0,0.0,0.0,0.0,0.0,0.0,0.0,0.0,0.0,0.0,0.0,0.0,0.0
506,Murillo,Costa dos Santos,Murillo,a,,,5.2,222,30.0,2.1,128,48.0,4.2,41.0,15.0,0,0,0.0,-3,3.0,2006,260,0.8,11.9,4.2,4.2,3.6,113.0,41.0,100.0,100.0,78.0,34.0,262.0,78.0,266.0,76.0,180.0,59.0,,3.0,,,,,,0.03,0.03,0.06,1.4,0.0,0.25,1.36,1.05,10.05,24,0.0,0.0,0.0,0.0,0.0,0.0,0.0,0.0,0.0,0.0,0.0,0.0,0.0,0.0,0.0,2781.0,375.0,0.0,0.0,0.0,0.0,0.0,0.0,0.0,0.0,0.0,0.0,0.0,0.0,0.0
507,Ola,Aina,Aina,a,,,4.7,379,64.0,2.1,124,47.0,3.8,52.0,20.0,0,0,0.0,-3,3.0,966,144,0.8,5.3,3.8,3.8,3.6,109.0,39.0,100.0,100.0,303.0,115.0,276.0,87.0,312.0,100.0,331.0,112.0,,,,,,,,0.01,0.06,0.07,1.64,0.0,0.3,1.18,1.04,7.55,24,0.0,0.0,0.0,0.0,0.0,0.0,0.0,0.0,0.0,0.0,0.0,0.0,0.0,0.0,0.0,1831.0,254.0,0.0,0.0,0.0,0.0,0.0,0.0,0.0,0.0,0.0,0.0,0.0,0.0,0.0
508,Neco,Williams,N.Williams,a,,,4.7,382,65.0,3.2,102,38.0,3.8,53.0,21.0,0,0,0.0,-3,3.0,977,362,0.8,15.5,3.8,3.8,3.2,154.0,61.0,,,35.0,15.0,47.0,6.0,92.0,9.0,36.0,2.0,4.0,,,,,,,0.06,0.1,0.16,1.42,0.0,0.22,1.48,1.0,6.96,24,0.0,0.0,0.0,0.0,0.0,0.0,0.0,0.0,0.0,0.0,0.0,0.0,0.0,0.0,0.0,1654.0,596.0,0.0,0.0,0.0,0.0,0.0,0.0,0.0,0.0,0.0,0.0,0.0,0.0,0.0
509,David,Mota Veiga Teixeira do Carmo,David Carmo,u,has joined Real Oviedo on loan for the rest of the season.,,4.5,431,86.0,0.0,668,232.0,0.0,635.0,250.0,0,0,0.0,0,0.0,0,1,0.0,0.0,0.0,0.0,0.0,688.0,254.0,0.0,0.0,683.0,254.0,680.0,254.0,659.0,253.0,685.0,254.0,,,,,,,,0.0,0.0,0.0,0.0,0.0,0.0,0.0,0.0,0.0,24,0.0,0.0,0.0,0.0,0.0,0.0,0.0,0.0,0.0,0.0,0.0,0.0,0.0,0.0,0.0,0.0,1.0,0.0,0.0,0.0,0.0,0.0,0.0,0.0,0.0,0.0,0.0,0.0,0.0,0.0
510,Jair,Paula da Cunha Filho,Jair Cunha,a,,,4.2,642,155.0,0.1,547,198.0,0.0,553.0,234.0,0,0,0.0,-3,3.0,6,8,0.0,0.7,0.0,0.0,3.0,184.0,72.0,,,417.0,157.0,459.0,169.0,581.0,242.0,447.0,163.0,,,,,,,,0.0,0.0,0.0,3.28,0.0,0.0,2.0,1.0,11.0,24,0.0,0.0,0.0,0.0,0.0,0.0,0.0,0.0,0.0,0.0,0.0,0.0,0.0,0.0,0.0,8.0,8.0,0.0,0.0,0.0,0.0,0.0,0.0,0.0,0.0,0.0,0.0,0.0,0.0,0.0
515,Morgan,Gibbs-White,Gibbs-White,a,,,7.3,26,16.0,3.3,101,31.0,5.2,18.0,9.0,0,0,0.0,-2,2.0,2336,901,0.7,12.3,5.2,5.2,3.9,88.0,41.0,100.0,100.0,100.0,33.0,30.0,29.0,26.0,13.0,31.0,24.0,,2.0,2.0,,,,,0.27,0.08,0.35,1.45,0.0,0.23,1.42,1.01,5.14,24,0.0,0.0,0.0,0.0,0.0,0.0,0.0,0.0,0.0,0.0,0.0,0.0,0.0,0.0,0.0,3793.0,1231.0,0.0,0.0,0.0,0.0,0.0,0.0,0.0,0.0,0.0,0.0,0.0,0.0,0.0
516,Callum,Hudson-Odoi,Hudson-Odoi,a,,,5.7,116,72.0,0.8,207,69.0,1.6,224.0,97.0,0,0,0.0,-3,3.0,223,308,0.3,10.4,1.6,1.6,2.8,224.0,96.0,100.0,100.0,186.0,79.0,40.0,37.0,100.0,62.0,87.0,52.0,,,,,,,,0.13,0.11,0.24,1.46,0.0,0.21,1.32,0.9,5.29,24,0.0,0.0,0.0,0.0,0.0,0.0,0.0,0.0,0.0,0.0,0.0,0.0,0.0,0.0,0.0,352.0,406.0,0.0,0.0,0.0,0.0,0.0,0.0,0.0,0.0,0.0,0.0,0.0,0.0,0.0
517,Elliot,Anderson,Anderson,a,,,5.3,192,119.0,4.9,77,26.0,4.2,42.0,19.0,0,0,0.0,-2,2.0,3433,1295,0.8,18.3,4.2,4.2,4.2,54.0,22.0,,,39.0,8.0,10.0,10.0,146.0,82.0,26.0,20.0,2.0,,4.0,,,,,0.08,0.09,0.17,1.42,0.0,0.22,1.48,1.0,13.74,24,0.0,0.0,0.0,0.0,0.0,0.0,0.0,0.0,0.0,0.0,0.0,0.0,0.0,0.0,0.0,6214.0,2304.0,0.0,0.0,0.0,0.0,0.0,0.0,0.0,0.0,0.0,0.0,0.0,0.0,0.0
518,João Pedro,Ferreira da Silva,Jota,u,has joined Besiktas on loan for the rest of the season.,,5.4,179,111.0,0.0,614,236.0,0.0,781.0,345.0,0,0,0.0,-1,1.0,0,1,0.0,0.2,0.0,0.0,1.0,483.0,228.0,0.0,0.0,456.0,207.0,457.0,222.0,420.0,209.0,465.0,216.0,,,,,,,,0.0,0.0,0.0,0.0,0.0,0.0,0.0,0.0,24.55,24,0.0,0.0,0.0,0.0,0.0,0.0,0.0,0.0,0.0,0.0,0.0,0.0,0.0,0.0,0.0,0.0,2.0,0.0,0.0,0.0,0.0,0.0,0.0,0.0,0.0,0.0,0.0,0.0,0.0,0.0
519,Nicolás,Domínguez,Dominguez,a,,,5.0,255,155.0,0.0,622,243.0,4.0,46.0,20.0,0,0,0.0,0,0.0,90,22,0.8,6.2,4.0,4.0,2.2,299.0,131.0,100.0,100.0,277.0,121.0,177.0,119.0,242.0,131.0,265.0,130.0,3.0,,,,,,,0.11,0.05,0.16,1.4,0.0,0.38,1.39,1.26,9.35,24,0.0,0.0,0.0,0.0,0.0,0.0,0.0,0.0,0.0,0.0,0.0,0.0,0.0,0.0,0.0,135.0,29.0,0.0,0.0,0.0,0.0,0.0,0.0,0.0,0.0,0.0,0.0,0.0,0.0,0.0
520,Lewis,O'Brien,O'Brien,u,Has joined Wrexham permanently.,,5.0,253,154.0,0.0,804,359.0,0.0,741.0,317.0,0,0,0.0,0,0.0,0,0,0.0,0.0,0.0,0.0,0.0,769.0,335.0,0.0,0.0,769.0,335.0,766.0,335.0,760.0,333.0,769.0,335.0,,,,,,,,0.0,0.0,0.0,0.0,0.0,0.0,0.0,0.0,0.0,24,0.0,0.0,0.0,0.0,0.0,0.0,0.0,0.0,0.0,0.0,0.0,0.0,0.0,0.0,0.0,0.0,0.0,0.0,0.0,0.0,0.0,0.0,0.0,0.0,0.0,0.0,0.0,0.0,0.0,0.0
521,Ibrahim,Sangaré,Sangaré,a,,,4.9,307,190.0,0.1,554,203.0,1.6,212.0,91.0,0,0,0.0,-1,1.0,35,14,0.3,11.2,1.6,1.6,3.7,101.0,48.0,100.0,100.0,172.0,67.0,253.0,152.0,246.0,133.0,234.0,114.0,,,,,,,,0.08,0.1,0.18,1.44,0.0,0.43,1.12,1.12,11.21,24,0.0,0.0,0.0,0.0,0.0,0.0,0.0,0.0,0.0,0.0,0.0,0.0,0.0,0.0,0.0,50.0,16.0,0.0,0.0,0.0,0.0,0.0,0.0,0.0,0.0,0.0,0.0,0.0,0.0,0.0
522,Ryan,Yates,Yates,a,,,4.7,381,238.0,0.1,544,195.0,0.0,698.0,288.0,0,0,0.0,-3,3.0,10,8,0.0,3.2,0.0,0.0,1.4,406.0,181.0,100.0,100.0,372.0,163.0,363.0,187.0,343.0,179.0,388.0,178.0,,,,,,,,0.02,0.05,0.07,1.05,0.0,0.0,1.51,0.3,9.93,24,0.0,0.0,0.0,0.0,0.0,0.0,0.0,0.0,0.0,0.0,0.0,0.0,0.0,0.0,0.0,16.0,11.0,0.0,0.0,0.0,0.0,0.0,0.0,0.0,0.0,0.0,0.0,0.0,0.0,0.0
523,Eric,da Silva Moreira,Da Silva Moreira,a,,,4.5,469,285.0,0.1,572,212.0,0.0,661.0,259.0,0,0,0.0,0,0.0,8,3,0.0,0.0,0.0,0.0,0.0,710.0,292.0,100.0,100.0,708.0,290.0,704.0,291.0,686.0,285.0,709.0,291.0,,,,,,,,0.0,0.0,0.0,0.0,0.0,0.0,0.0,0.0,0.0,24,0.0,0.0,0.0,0.0,0.0,0.0,0.0,0.0,0.0,0.0,0.0,0.0,0.0,0.0,0.0,11.0,4.0,0.0,0.0,0.0,0.0,0.0,0.0,0.0,0.0,0.0,0.0,0.0,0.0,0.0
524,Marko,Stamenić,Stamenic,u,Has joined Swansea City permanently.,,4.5,447,267.0,0.0,679,283.0,0.0,645.0,245.0,0,0,0.0,0,0.0,0,1,0.0,0.0,0.0,0.0,0.0,696.0,280.0,0.0,0.0,692.0,276.0,689.0,278.0,669.0,270.0,693.0,277.0,,,,,,,,0.0,0.0,0.0,0.0,0.0,0.0,0.0,0.0,0.0,24,0.0,0.0,0.0,0.0,0.0,0.0,0.0,0.0,0.0,0.0,0.0,0.0,0.0,0.0,0.0,0.0,1.0,0.0,0.0,0.0,0.0,0.0,0.0,0.0,0.0,0.0,0.0,0.0,0.0,0.0
525,Chris,Wood,Wood,i,Knee injury - Unknown return date,,7.2,29,11.0,4.7,78,14.0,0.0,805.0,88.0,0,0,0.0,-3,3.0,11,413,0.0,3.5,0.0,0.0,3.1,181.0,16.0,0.0,0.0,353.0,35.0,318.0,35.0,123.0,30.0,299.0,36.0,,,1.0,,,,,0.47,0.02,0.49,1.31,0.0,0.17,1.34,1.17,2.34,24,0.0,0.0,0.0,0.0,0.0,0.0,0.0,0.0,0.0,0.0,0.0,0.0,0.0,0.0,0.0,12.0,468.0,0.0,0.0,0.0,0.0,0.0,0.0,0.0,0.0,0.0,0.0,0.0,0.0,0.0
526,Igor Jesus,Maciel da Cruz,Igor Jesus,a,,,5.8,110,32.0,1.3,162,27.0,3.0,106.0,15.0,0,0,0.0,-2,2.0,2205,666,0.5,9.5,3.0,3.0,2.5,265.0,27.0,100.0,100.0,263.0,25.0,208.0,23.0,31.0,15.0,148.0,18.0,,,3.0,,,,,0.25,0.06,0.31,1.5,0.0,0.35,1.61,1.05,4.62,24,0.0,0.0,0.0,0.0,0.0,0.0,0.0,0.0,0.0,0.0,0.0,0.0,0.0,0.0,0.0,4039.0,975.0,0.0,0.0,0.0,0.0,0.0,0.0,0.0,0.0,0.0,0.0,0.0,0.0,0.0
527,Taiwo,Awoniyi,Awoniyi,a,,,5.2,210,47.0,0.3,317,52.0,1.2,258.0,33.0,0,0,0.0,-3,3.0,103,53,0.2,2.5,1.2,1.2,1.6,383.0,43.0,100.0,100.0,386.0,41.0,333.0,40.0,217.0,43.0,351.0,43.0,,,,,,,,0.38,0.17,0.55,1.5,0.0,0.0,0.88,0.44,5.29,24,0.0,0.0,0.0,0.0,0.0,0.0,0.0,0.0,0.0,0.0,0.0,0.0,0.0,0.0,0.0,165.0,61.0,0.0,0.0,0.0,0.0,0.0,0.0,0.0,0.0,0.0,0.0,0.0,0.0,0.0
669,Dan,Ndoye,Ndoye,a,,,5.5,148,93.0,0.7,213,72.0,0.2,403.0,187.0,0,0,0.0,-5,5.0,28,55,0.0,7.6,0.2,0.2,2.6,249.0,109.0,100.0,100.0,276.0,120.0,163.0,109.0,164.0,93.0,232.0,113.0,,,,,,,,0.07,0.11,0.18,1.25,0.0,0.18,1.42,1.25,7.3,24,0.0,0.0,0.0,0.0,0.0,0.0,0.0,0.0,0.0,0.0,0.0,0.0,0.0,0.0,0.0,38.0,75.0,0.0,0.0,0.0,0.0,0.0,0.0,0.0,0.0,0.0,0.0,0.0,0.0,0.0
675,Angus,Gunn,Gunn,a,,,4.0,655,43.0,1.2,175,22.0,0.0,478.0,56.0,0,0,0.0,0,0.0,9,52,0.0,0.0,0.0,0.0,0.0,559.0,62.0,100.0,100.0,550.0,62.0,542.0,50.0,508.0,35.0,552.0,62.0,,,,,,,,0.0,0.0,0.0,0.0,0.0,0.0,0.0,0.0,0.0,24,0.0,0.0,0.0,0.0,0.0,0.0,0.0,0.0,0.0,0.0,0.0,0.0,0.0,0.0,0.0,13.0,66.0,0.0,0.0,0.0,0.0,0.0,0.0,0.0,0.0,0.0,0.0,0.0,0.0,0.0
693,Omari,Hutchinson,Hutchinson,a,,,5.4,178,110.0,0.1,473,162.0,1.0,277.0,124.0,0,0,0.0,-1,1.0,31,101,0.2,9.1,1.0,1.0,2.7,234.0,101.0,,,241.0,101.0,73.0,55.0,89.0,56.0,120.0,66.0,,,,,,,,0.16,0.24,0.4,1.46,0.0,0.2,1.49,0.79,7.54,24,0.0,0.0,0.0,0.0,0.0,0.0,0.0,0.0,0.0,0.0,0.0,0.0,0.0,0.0,0.0,37.0,172.0,0.0,0.0,0.0,0.0,0.0,0.0,0.0,0.0,0.0,0.0,0.0,0.0,0.0
696,Arnaud,Kalimuendo,Kalimuendo,u,has joined Eintracht Frankfurt on loan for the rest of the season.,,6.0,89,29.0,0.1,438,63.0,0.2,408.0,47.0,0,0,0.0,0,0.0,0,32,0.0,1.5,0.0,0.0,1.0,486.0,58.0,0.0,0.0,452.0,53.0,384.0,49.0,314.0,51.0,422.0,52.0,,,,,,,,0.44,0.02,0.46,1.59,0.0,0.0,3.03,0.0,6.07,24,0.0,0.0,0.0,0.0,0.0,0.0,0.0,0.0,0.0,0.0,0.0,0.0,0.0,0.0,0.0,0.0,35.0,0.0,0.0,0.0,0.0,0.0,0.0,0.0,0.0,0.0,0.0,0.0,0.0,0.0
528,Anthony,Patterson,Patterson,a,,,4.2,629,34.0,0.2,381,55.0,0.0,544.0,79.0,0,0,0.0,-3,3.0,15,26,0.0,0.0,-1.0,0.0,0.0,620.0,85.0,,,612.0,85.0,605.0,75.0,575.0,61.0,614.0,85.0,,,,,,,,0.0,0.0,0.0,0.0,0.0,0.0,0.0,0.0,0.0,24,0.0,0.0,0.0,0.0,0.0,0.0,0.0,0.0,0.0,0.0,0.0,0.0,0.0,0.0,0.0,19.0,30.0,0.0,0.0,0.0,0.0,0.0,0.0,0.0,0.0,0.0,0.0,0.0,0.0,0.0
529,Simon,Moore,Moore,a,,,3.9,730,68.0,0.4,279,38.0,0.0,439.0,29.0,0,0,0.0,-1,1.0,13,30,0.0,0.0,-1.0,0.0,0.0,521.0,35.0,,,512.0,35.0,503.0,22.0,468.0,7.0,514.0,35.0,,,,,,,,0.0,0.0,0.0,0.0,0.0,0.0,0.0,0.0,0.0,24,0.0,0.0,0.0,0.0,0.0,0.0,0.0,0.0,0.0,0.0,0.0,0.0,0.0,0.0,0.0,18.0,40.0,0.0,0.0,0.0,0.0,0.0,0.0,0.0,0.0,0.0,0.0,0.0,0.0,0.0
530,Blondy,Nna Noukeu,Nna Noukeu,u,has joined US Boulogne CO permanently.,,3.9,759,85.0,0.1,439,66.0,0.0,460.0,46.0,0,0,0.0,-1,1.0,0,22,0.0,0.0,0.0,0.0,0.0,541.0,52.0,0.0,0.0,532.0,52.0,523.0,39.0,488.0,24.0,534.0,52.0,,,,,,,,0.0,0.0,0.0,0.0,0.0,0.0,0.0,0.0,0.0,24,0.0,0.0,0.0,0.0,0.0,0.0,0.0,0.0,0.0,0.0,0.0,0.0,0.0,0.0,0.0,0.0,28.0,0.0,0.0,0.0,0.0,0.0,0.0,0.0,0.0,0.0,0.0,0.0,0.0,0.0
534,Joe,Anderson,Anderson,u,has joined Barrow FC permanently.,,3.8,780,235.0,0.4,287,110.0,0.0,417.0,157.0,0,0,0.0,-2,2.0,0,172,0.0,0.0,0.0,0.0,0.0,502.0,179.0,0.0,0.0,493.0,179.0,481.0,177.0,445.0,169.0,495.0,179.0,,,,,,,,0.0,0.0,0.0,0.0,0.0,0.0,0.0,0.0,0.0,24,0.0,0.0,0.0,0.0,0.0,0.0,0.0,0.0,0.0,0.0,0.0,0.0,0.0,0.0,0.0,0.0,211.0,0.0,0.0,0.0,0.0,0.0,0.0,0.0,0.0,0.0,0.0,0.0,0.0,0.0
535,Dennis,Cirkin,Cirkin,a,,,4.0,673,169.0,0.1,562,202.0,0.6,304.0,110.0,0,0,0.0,0,0.0,37,26,0.2,3.2,-0.4,0.6,2.2,292.0,112.0,100.0,100.0,382.0,148.0,417.0,152.0,424.0,158.0,419.0,152.0,,,,,,,,0.0,0.01,0.01,1.84,0.0,0.3,0.61,0.91,7.91,24,0.0,0.0,0.0,0.0,0.0,0.0,0.0,0.0,0.0,0.0,0.0,0.0,0.0,0.0,0.0,59.0,34.0,0.0,0.0,0.0,0.0,0.0,0.0,0.0,0.0,0.0,0.0,0.0,0.0,0.0
536,Leo Fuhr,Hjelde,Hjelde,a,,,4.0,681,172.0,0.0,684,237.0,0.0,499.0,196.0,0,0,0.0,0,0.0,10,4,0.0,0.0,-1.0,0.0,0.0,580.0,214.0,100.0,100.0,571.0,214.0,564.0,214.0,531.0,209.0,573.0,214.0,,,,,,,,0.0,0.0,0.0,0.0,0.0,0.0,0.0,0.0,0.0,24,0.0,0.0,0.0,0.0,0.0,0.0,0.0,0.0,0.0,0.0,0.0,0.0,0.0,0.0,0.0,14.0,5.0,0.0,0.0,0.0,0.0,0.0,0.0,0.0,0.0,0.0,0.0,0.0,0.0,0.0
537,Niall,Huggins,Huggins,u,has joined Wycombe Wanderers on loan for the rest of the season.,,4.0,683,173.0,0.1,527,191.0,0.0,501.0,197.0,0,0,0.0,0,0.0,0,7,0.0,0.0,0.0,0.0,0.0,582.0,215.0,0.0,0.0,573.0,215.0,566.0,215.0,533.0,210.0,575.0,215.0,,,,,,,,0.0,0.0,0.0,0.0,0.0,0.0,0.0,0.0,0.0,24,0.0,0.0,0.0,0.0,0.0,0.0,0.0,0.0,0.0,0.0,0.0,0.0,0.0,0.0,0.0,0.0,7.0,0.0,0.0,0.0,0.0,0.0,0.0,0.0,0.0,0.0,0.0,0.0,0.0,0.0
538,Zak,Johnson,Johnson,u,has joined York City on loan for the rest of the season.,,3.8,792,247.0,0.2,353,129.0,0.0,426.0,166.0,0,0,0.0,-2,2.0,0,90,0.0,0.0,0.0,0.0,0.0,510.0,187.0,0.0,0.0,501.0,187.0,489.0,185.0,453.0,177.0,503.0,187.0,,,,,,,,0.0,0.0,0.0,0.0,0.0,0.0,0.0,0.0,0.0,24,0.0,0.0,0.0,0.0,0.0,0.0,0.0,0.0,0.0,0.0,0.0,0.0,0.0,0.0,0.0,0.0,106.0,0.0,0.0,0.0,0.0,0.0,0.0,0.0,0.0,0.0,0.0,0.0,0.0,0.0
539,Luke,O'Nien,O'Nien,a,,,4.0,660,162.0,0.1,558,200.0,0.4,328.0,121.0,0,0,0.0,0,0.0,17,10,0.1,0.2,-0.6,0.4,0.2,497.0,175.0,100.0,100.0,455.0,166.0,450.0,165.0,512.0,201.0,470.0,166.0,,,,,,,,0.0,0.0,0.0,4.3,0.0,0.0,0.0,0.0,10.0,24,0.0,0.0,0.0,0.0,0.0,0.0,0.0,0.0,0.0,0.0,0.0,0.0,0.0,0.0,0.0,20.0,12.0,0.0,0.0,0.0,0.0,0.0,0.0,0.0,0.0,0.0,0.0,0.0,0.0,0.0
540,Timothée,Pembélé,Pembele,u,has joined Le Havre AC on loan for the rest of the season.,,3.9,752,219.0,0.3,312,116.0,0.0,455.0,179.0,0,0,0.0,-1,1.0,0,104,0.0,0.0,0.0,0.0,0.0,536.0,197.0,0.0,0.0,527.0,197.0,518.0,197.0,483.0,190.0,529.0,197.0,,,,,,,,0.0,0.0,0.0,0.0,0.0,0.0,0.0,0.0,0.0,24,0.0,0.0,0.0,0.0,0.0,0.0,0.0,0.0,0.0,0.0,0.0,0.0,0.0,0.0,0.0,0.0,116.0,0.0,0.0,0.0,0.0,0.0,0.0,0.0,0.0,0.0,0.0,0.0,0.0,0.0
541,Reinildo,Mandava,Reinildo,a,,,3.8,783,238.0,2.9,108,44.0,0.2,364.0,134.0,0,0,0.0,-2,2.0,1485,534,0.1,10.0,-0.8,0.2,2.7,227.0,88.0,100.0,100.0,222.0,90.0,314.0,105.0,340.0,112.0,303.0,102.0,,,,,,,,0.01,0.01,0.02,1.24,0.0,0.23,1.24,1.09,7.93,24,0.0,0.0,0.0,0.0,0.0,0.0,0.0,0.0,0.0,0.0,0.0,0.0,0.0,0.0,0.0,2354.0,850.0,0.0,0.0,0.0,0.0,0.0,0.0,0.0,0.0,0.0,0.0,0.0,0.0,0.0
542,Jenson,Seelt,Seelt,u,has joined Wolfsburg on loan for the rest of the season.,,4.0,698,183.0,0.1,489,177.0,0.0,514.0,205.0,0,0,0.0,0,0.0,0,5,0.0,0.5,0.0,0.0,1.0,438.0,161.0,0.0,0.0,409.0,155.0,439.0,161.0,545.0,217.0,440.0,160.0,,,,,,,,0.0,0.01,0.01,0.9,0.0,0.0,1.35,0.68,8.12,24,0.0,0.0,0.0,0.0,0.0,0.0,0.0,0.0,0.0,0.0,0.0,0.0,0.0,0.0,0.0,0.0,7.0,0.0,0.0,0.0,0.0,0.0,0.0,0.0,0.0,0.0,0.0,0.0,0.0,0.0
548,Romaine,Mundle,Mundle,a,,,4.9,330,203.0,0.0,731,311.0,1.0,271.0,118.0,0,0,0.0,-1,1.0,0,2,0.2,2.0,0.0,1.0,1.0,473.0,220.0,100.0,100.0,422.0,187.0,359.0,185.0,301.0,158.0,398.0,181.0,,3.0,,,,,,0.13,0.08,0.21,1.71,0.0,0.0,1.79,0.6,6.85,24,0.0,0.0,0.0,0.0,0.0,0.0,0.0,0.0,0.0,0.0,0.0,0.0,0.0,0.0,0.0,1.0,4.0,0.0,0.0,0.0,0.0,0.0,0.0,0.0,0.0,0.0,0.0,0.0,0.0,0.0
549,Dan,Neil,Neil,u,has joined Ipswich Town on loan for the rest of the season.,,4.8,361,224.0,0.0,635,255.0,0.2,389.0,178.0,0,0,0.0,-2,2.0,0,14,0.0,0.6,0.0,0.0,1.0,470.0,218.0,0.0,0.0,466.0,215.0,447.0,217.0,731.0,316.0,478.0,221.0,,,,,,,,0.0,0.0,0.0,4.43,0.0,0.0,0.0,0.0,13.85,24,0.0,0.0,0.0,0.0,0.0,0.0,0.0,0.0,0.0,0.0,0.0,0.0,0.0,0.0,0.0,0.0,17.0,0.0,0.0,0.0,0.0,0.0,0.0,0.0,0.0,0.0,0.0,0.0,0.0,0.0
550,Ian,Poveda-Ocampo,Poveda,a,,,4.8,357,223.0,0.0,657,270.0,0.0,705.0,292.0,0,0,0.0,-2,2.0,1,0,0.0,0.0,-1.0,0.0,0.0,747.0,319.0,,,747.0,319.0,742.0,319.0,730.0,315.0,747.0,319.0,,,,,,,,0.0,0.0,0.0,0.0,0.0,0.0,0.0,0.0,0.0,24,0.0,0.0,0.0,0.0,0.0,0.0,0.0,0.0,0.0,0.0,0.0,0.0,0.0,0.0,0.0,1.0,0.0,0.0,0.0,0.0,0.0,0.0,0.0,0.0,0.0,0.0,0.0,0.0,0.0,0.0
551,Chris,Rigg,Rigg,a,,,4.7,389,243.0,0.0,588,220.0,0.4,340.0,150.0,0,0,0.0,-3,3.0,8,10,0.1,3.2,-0.6,0.4,1.5,395.0,175.0,,,431.0,192.0,320.0,178.0,359.0,183.0,405.0,183.0,,,,,,,,0.08,0.08,0.16,1.23,0.0,0.48,0.48,1.44,6.48,24,0.0,0.0,0.0,0.0,0.0,0.0,0.0,0.0,0.0,0.0,0.0,0.0,0.0,0.0,0.0,9.0,13.0,0.0,0.0,0.0,0.0,0.0,0.0,0.0,0.0,0.0,0.0,0.0,0.0,0.0
552,Noah,Sadiki,Sadiki,a,,,4.9,343,213.0,0.1,571,211.0,1.6,214.0,92.0,0,0,0.0,-1,1.0,19,14,0.3,9.2,0.6,1.6,2.5,260.0,113.0,100.0,100.0,237.0,98.0,151.0,103.0,302.0,159.0,246.0,121.0,,,,,,,,0.02,0.04,0.06,1.25,0.0,0.28,1.19,1.02,8.02,24,0.0,0.0,0.0,0.0,0.0,0.0,0.0,0.0,0.0,0.0,0.0,0.0,0.0,0.0,0.0,34.0,23.0,0.0,0.0,0.0,0.0,0.0,0.0,0.0,0.0,0.0,0.0,0.0,0.0,0.0
553,Chemsdine,Talbi,Talbi,a,,,4.9,341,211.0,0.1,421,141.0,0.2,393.0,181.0,0,0,0.0,-1,1.0,22,18,0.0,10.6,-0.8,0.2,3.1,174.0,75.0,100.0,100.0,289.0,130.0,171.0,115.0,182.0,104.0,254.0,125.0,,,,,,,,0.12,0.05,0.17,1.34,0.0,0.49,0.78,0.87,5.35,24,0.0,0.0,0.0,0.0,0.0,0.0,0.0,0.0,0.0,0.0,0.0,0.0,0.0,0.0,0.0,29.0,26.0,0.0,0.0,0.0,0.0,0.0,0.0,0.0,0.0,0.0,0.0,0.0,0.0,0.0
554,Abdoullah,Ba,Ba,a,,,4.3,585,342.0,0.4,290,96.0,0.0,563.0,192.0,0,0,0.0,-2,2.0,60,117,0.0,0.0,-1.0,0.0,0.0,630.0,235.0,,,621.0,226.0,617.0,231.0,589.0,218.0,623.0,228.0,,,,,,,,0.0,0.0,0.0,0.0,0.0,0.0,0.0,0.0,0.0,24,0.0,0.0,0.0,0.0,0.0,0.0,0.0,0.0,0.0,0.0,0.0,0.0,0.0,0.0,0.0,76.0,264.0,0.0,0.0,0.0,0.0,0.0,0.0,0.0,0.0,0.0,0.0,0.0,0.0,0.0
555,Alan,Browne,Browne,u,has joined Middlesbrough on loan for the rest of the season.,,4.5,411,250.0,0.0,638,257.0,0.0,622.0,228.0,0,0,0.0,0,0.0,0,1,0.0,0.0,0.0,0.0,0.0,678.0,266.0,0.0,0.0,673.0,261.0,668.0,264.0,645.0,255.0,675.0,263.0,,,,,,,,0.0,0.0,0.0,0.0,0.0,0.0,0.0,0.0,0.0,24,0.0,0.0,0.0,0.0,0.0,0.0,0.0,0.0,0.0,0.0,0.0,0.0,0.0,0.0,0.0,0.0,1.0,0.0,0.0,0.0,0.0,0.0,0.0,0.0,0.0,0.0,0.0,0.0,0.0,0.0
556,Pierre,Ekwah Elimby,Ekwah,u,Has joined AS Saint-Etienne permanently.,,4.5,433,258.0,0.0,756,326.0,0.0,636.0,236.0,0,0,0.0,0,0.0,0,0,0.0,0.0,0.0,0.0,0.0,689.0,273.0,0.0,0.0,684.0,268.0,682.0,271.0,661.0,263.0,686.0,270.0,,,,,,,,0.0,0.0,0.0,0.0,0.0,0.0,0.0,0.0,0.0,24,0.0,0.0,0.0,0.0,0.0,0.0,0.0,0.0,0.0,0.0,0.0,0.0,0.0,0.0,0.0,0.0,0.0,0.0,0.0,0.0,0.0,0.0,0.0,0.0,0.0,0.0,0.0,0.0,0.0,0.0
557,Harrison,Jones,H.Jones,a,,,4.3,605,351.0,0.1,541,193.0,0.0,572.0,199.0,0,0,0.0,-2,2.0,16,16,0.0,0.0,-1.0,0.0,0.0,638.0,241.0,,,629.0,232.0,626.0,237.0,599.0,225.0,631.0,234.0,,,,,,,,0.0,0.0,0.0,0.0,0.0,0.0,0.0,0.0,0.0,24,0.0,0.0,0.0,0.0,0.0,0.0,0.0,0.0,0.0,0.0,0.0,0.0,0.0,0.0,0.0,21.0,20.0,0.0,0.0,0.0,0.0,0.0,0.0,0.0,0.0,0.0,0.0,0.0,0.0,0.0
558,Jay,Matete,Matete,u,has joined MK Dons permanently.,,4.3,592,345.0,0.2,374,124.0,0.0,565.0,194.0,0,0,0.0,-2,2.0,0,118,0.0,0.0,0.0,0.0,0.0,632.0,237.0,0.0,0.0,623.0,228.0,619.0,233.0,591.0,220.0,625.0,230.0,,,,,,,,0.0,0.0,0.0,0.0,0.0,0.0,0.0,0.0,0.0,24,0.0,0.0,0.0,0.0,0.0,0.0,0.0,0.0,0.0,0.0,0.0,0.0,0.0,0.0,0.0,0.0,146.0,0.0,0.0,0.0,0.0,0.0,0.0,0.0,0.0,0.0,0.0,0.0,0.0,0.0
559,Nectarios,Triantis,Triantis,u,has joined Minnesota United permanently.,,4.4,540,323.0,0.0,636,256.0,0.0,599.0,214.0,0,0,0.0,-1,1.0,0,5,0.0,0.0,0.0,0.0,0.0,658.0,254.0,0.0,0.0,650.0,246.0,647.0,251.0,622.0,240.0,652.0,248.0,,,,,,,,0.0,0.0,0.0,0.0,0.0,0.0,0.0,0.0,0.0,24,0.0,0.0,0.0,0.0,0.0,0.0,0.0,0.0,0.0,0.0,0.0,0.0,0.0,0.0,0.0,0.0,6.0,0.0,0.0,0.0,0.0,0.0,0.0,0.0,0.0,0.0,0.0,0.0,0.0,0.0
560,Wilson,Isidor,Isidor,a,,,5.2,213,48.0,1.6,150,25.0,0.2,398.0,45.0,0,0,0.0,-3,3.0,278,1005,0.0,9.8,-0.8,0.2,2.5,262.0,25.0,100.0,100.0,261.0,24.0,373.0,46.0,40.0,17.0,187.0,20.0,,,,,,,,0.32,0.01,0.33,1.44,0.0,0.37,1.19,1.01,3.56,24,0.0,0.0,0.0,0.0,0.0,0.0,0.0,0.0,0.0,0.0,0.0,0.0,0.0,0.0,0.0,431.0,1300.0,0.0,0.0,0.0,0.0,0.0,0.0,0.0,0.0,0.0,0.0,0.0,0.0,0.0
561,Eliezer,Mayenda Dossou,Mayenda,a,,,5.2,220,50.0,0.5,250,40.0,1.2,259.0,34.0,0,0,0.0,-3,3.0,43,100,0.2,5.0,0.2,1.2,1.9,342.0,35.0,,,360.0,36.0,331.0,38.0,174.0,39.0,322.0,38.0,,,3.0,,,,,0.17,0.02,0.19,1.63,0.0,0.47,1.1,0.94,3.15,24,0.0,0.0,0.0,0.0,0.0,0.0,0.0,0.0,0.0,0.0,0.0,0.0,0.0,0.0,0.0,53.0,115.0,0.0,0.0,0.0,0.0,0.0,0.0,0.0,0.0,0.0,0.0,0.0,0.0,0.0
562,Ahmed,Abdullahi,Abdullahi,a,,,4.2,644,90.0,0.4,269,44.0,0.0,555.0,51.0,0,0,0.0,-3,3.0,259,161,0.0,0.0,-1.0,0.0,0.0,625.0,62.0,,,617.0,62.0,612.0,61.0,583.0,61.0,619.0,62.0,,,,,,,,0.0,0.0,0.0,0.0,0.0,0.0,0.0,0.0,0.0,24,0.0,0.0,0.0,0.0,0.0,0.0,0.0,0.0,0.0,0.0,0.0,0.0,0.0,0.0,0.0,395.0,199.0,0.0,0.0,0.0,0.0,0.0,0.0,0.0,0.0,0.0,0.0,0.0,0.0,0.0
563,Luís Hemir,Silva Semedo,Luís Hemir,u,has joined Moreirense on loan for the rest of the season.,,4.4,549,78.0,0.1,496,70.0,0.0,606.0,59.0,0,0,0.0,-1,1.0,0,4,0.0,0.0,0.0,0.0,0.0,665.0,69.0,0.0,0.0,658.0,69.0,654.0,68.0,630.0,68.0,660.0,69.0,,,,,,,,0.0,0.0,0.0,0.0,0.0,0.0,0.0,0.0,0.0,24,0.0,0.0,0.0,0.0,0.0,0.0,0.0,0.0,0.0,0.0,0.0,0.0,0.0,0.0,0.0,0.0,4.0,0.0,0.0,0.0,0.0,0.0,0.0,0.0,0.0,0.0,0.0,0.0,0.0,0.0
564,Nazarii,Rusyn,Rusyn,u,has joined Arka on loan for the rest of the season.,,4.4,532,75.0,0.1,500,71.0,0.0,595.0,56.0,0,0,0.0,-1,1.0,0,7,0.0,0.0,0.0,0.0,0.0,654.0,66.0,0.0,0.0,645.0,66.0,642.0,65.0,617.0,65.0,647.0,66.0,,,,,,,,0.0,0.0,0.0,0.0,0.0,0.0,0.0,0.0,0.0,24,0.0,0.0,0.0,0.0,0.0,0.0,0.0,0.0,0.0,0.0,0.0,0.0,0.0,0.0,0.0,0.0,7.0,0.0,0.0,0.0,0.0,0.0,0.0,0.0,0.0,0.0,0.0,0.0,0.0,0.0
668,Granit,Xhaka,Xhaka,i,Ankle injury - Expected back 22 Feb,,5.2,207,129.0,5.0,75,25.0,1.6,219.0,93.0,0,0,0.0,2,-2.0,38,14575,0.3,17.3,0.0,0.0,4.1,59.0,25.0,0.0,0.0,29.0,7.0,26.0,25.0,252.0,136.0,49.0,33.0,1.0,1.0,,,,,,0.03,0.1,0.13,1.43,0.0,0.32,1.06,1.01,10.87,24,0.0,0.0,0.0,0.0,0.0,0.0,0.0,0.0,0.0,0.0,0.0,0.0,0.0,0.0,0.0,43.0,20109.0,0.0,0.0,0.0,0.0,0.0,0.0,0.0,0.0,0.0,0.0,0.0,0.0,0.0
670,Robin,Roefs,Roefs,a,,,5.0,269,10.0,12.9,30,5.0,1.6,217.0,18.0,0,0,0.0,5,-5.0,874,6730,0.3,19.6,0.6,1.6,4.3,43.0,2.0,,,10.0,2.0,337.0,2.0,766.0,87.0,132.0,2.0,,,,,,,,0.0,0.0,0.0,1.45,3.3,0.3,1.13,1.0,0.0,24,0.0,0.0,0.0,0.0,0.0,0.0,0.0,0.0,0.0,0.0,0.0,0.0,0.0,0.0,0.0,1945.0,8087.0,0.0,0.0,0.0,0.0,0.0,0.0,0.0,0.0,0.0,0.0,0.0,0.0,0.0
678,Arthur,Masuaku,Masuaku,u,has joined RC Lens on loan for the rest of the season.,,3.9,735,210.0,0.5,251,95.0,0.0,444.0,176.0,0,0,0.0,-1,1.0,0,102,0.0,0.3,0.0,0.0,0.3,496.0,174.0,0.0,0.0,425.0,159.0,379.0,137.0,397.0,150.0,428.0,155.0,,,,,,,,0.05,0.06,0.11,1.5,0.0,0.0,1.44,1.44,7.2,24,0.0,0.0,0.0,0.0,0.0,0.0,0.0,0.0,0.0,0.0,0.0,0.0,0.0,0.0,0.0,0.0,126.0,0.0,0.0,0.0,0.0,0.0,0.0,0.0,0.0,0.0,0.0,0.0,0.0,0.0
683,Omar,Alderete,Alderete,a,,,4.1,648,157.0,6.6,56,18.0,0.8,287.0,103.0,0,0,0.0,1,-1.0,1707,2443,0.2,19.3,-0.2,0.8,4.2,50.0,21.0,100.0,100.0,48.0,21.0,250.0,73.0,108.0,17.0,104.0,32.0,,,,,,,,0.07,0.04,0.11,1.46,0.0,0.33,1.15,0.98,9.77,24,0.0,0.0,0.0,0.0,0.0,0.0,0.0,0.0,0.0,0.0,0.0,0.0,0.0,0.0,0.0,3816.0,3716.0,0.0,0.0,0.0,0.0,0.0,0.0,0.0,0.0,0.0,0.0,0.0,0.0,0.0
694,Nordi,Mukiele,Mukiele,a,,,4.5,413,77.0,13.4,29,10.0,3.4,72.0,29.0,0,0,0.0,5,-5.0,5824,4508,0.8,22.7,2.4,3.4,4.9,17.0,7.0,,,32.0,13.0,109.0,27.0,199.0,49.0,79.0,17.0,,,,,,,,0.03,0.08,0.11,1.51,0.0,0.29,1.15,1.0,9.9,24,0.0,0.0,0.0,0.0,0.0,0.0,0.0,0.0,0.0,0.0,0.0,0.0,0.0,0.0,0.0,11970.0,5975.0,0.0,0.0,0.0,0.0,0.0,0.0,0.0,0.0,0.0,0.0,0.0,0.0,0.0
724,Lutsharel,Geertruida,Geertruida,a,,,4.5,422,83.0,0.0,591,213.0,0.6,313.0,117.0,0,0,0.0,0,0.0,11,20,0.1,7.1,-0.4,0.6,1.9,337.0,129.0,,,267.0,106.0,284.0,91.0,325.0,104.0,317.0,108.0,,,,,,,,0.03,0.04,0.07,1.91,0.0,0.19,1.3,0.93,5.94,24,0.0,0.0,0.0,0.0,0.0,0.0,0.0,0.0,0.0,0.0,0.0,0.0,0.0,0.0,0.0,18.0,28.0,0.0,0.0,0.0,0.0,0.0,0.0,0.0,0.0,0.0,0.0,0.0,0.0,0.0
730,Brian,Brobbey,Brobbey,a,,,5.6,130,35.0,1.6,147,24.0,5.4,13.0,5.0,0,0,0.0,1,-1.0,1417,3409,1.0,10.0,4.4,5.4,3.1,177.0,15.0,100.0,100.0,211.0,17.0,298.0,30.0,90.0,26.0,213.0,25.0,,,,,,,,0.23,0.02,0.25,1.68,0.0,0.31,1.24,0.93,3.82,24,0.0,0.0,0.0,0.0,0.0,0.0,0.0,0.0,0.0,0.0,0.0,0.0,0.0,0.0,0.0,4577.0,3923.0,0.0,0.0,0.0,0.0,0.0,0.0,0.0,0.0,0.0,0.0,0.0,0.0,0.0
735,Bertrand,Traoré,Traoré,i,Knee injury - Expected back 22 Feb,,5.5,137,84.0,0.0,633,253.0,0.0,784.0,348.0,0,0,0.0,0,0.0,1,11,0.0,5.1,0.0,0.0,2.8,223.0,95.0,0.0,0.0,305.0,136.0,212.0,135.0,167.0,95.0,268.0,131.0,,,,,,,,0.07,0.04,0.11,1.33,0.0,0.44,1.33,1.33,5.93,24,0.0,0.0,0.0,0.0,0.0,0.0,0.0,0.0,0.0,0.0,0.0,0.0,0.0,0.0,0.0,1.0,13.0,0.0,0.0,0.0,0.0,0.0,0.0,0.0,0.0,0.0,0.0,0.0,0.0,0.0
774,Jenson,Jones,Jenson Jones,a,,,4.0,666,166.0,0.0,723,247.0,0.0,486.0,192.0,0,0,0.0,0,0.0,17,3,0.0,0.0,-1.0,0.0,0.0,567.0,210.0,,,558.0,210.0,551.0,210.0,518.0,205.0,560.0,210.0,,,,,,,,0.0,0.0,0.0,0.0,0.0,0.0,0.0,0.0,0.0,24,0.0,0.0,0.0,0.0,0.0,0.0,0.0,0.0,0.0,0.0,0.0,0.0,0.0,0.0,0.0,28.0,4.0,0.0,0.0,0.0,0.0,0.0,0.0,0.0,0.0,0.0,0.0,0.0,0.0,0.0
775,Tymur,Tutierov,Tutierov,u,has joined Exeter City on loan for the rest of the season.,,4.5,488,299.0,0.0,803,358.0,0.0,678.0,271.0,0,0,0.0,0,0.0,0,1,0.0,0.0,0.0,0.0,0.0,726.0,303.0,0.0,0.0,725.0,302.0,720.0,302.0,703.0,297.0,725.0,302.0,,,,,,,,0.0,0.0,0.0,0.0,0.0,0.0,0.0,0.0,0.0,24,0.0,0.0,0.0,0.0,0.0,0.0,0.0,0.0,0.0,0.0,0.0,0.0,0.0,0.0,0.0,0.0,2.0,0.0,0.0,0.0,0.0,0.0,0.0,0.0,0.0,0.0,0.0,0.0,0.0,0.0
800,Djiamgone Jocelin Ta,Bi,Jocelin.T,i,Lack of match fitness - Expected back 22 Feb,,5.0,284,175.0,0.0,807,361.0,0.0,756.0,329.0,0,0,0.0,0,0.0,1,0,0.0,0.0,0.0,0.0,0.0,782.0,345.0,0.0,0.0,782.0,345.0,780.0,345.0,774.0,343.0,782.0,345.0,,,,,,,,0.0,0.0,0.0,0.0,0.0,0.0,0.0,0.0,0.0,24,0.0,0.0,0.0,0.0,0.0,0.0,0.0,0.0,0.0,0.0,0.0,0.0,0.0,0.0,0.0,2.0,0.0,0.0,0.0,0.0,0.0,0.0,0.0,0.0,0.0,0.0,0.0,0.0,0.0,0.0
565,Guglielmo,Vicario,Vicario,a,,,4.8,352,14.0,6.4,58,9.0,1.0,267.0,20.0,0,0,0.0,-2,2.0,212,2052,0.2,16.0,1.0,0.5,3.3,144.0,13.0,,,37.0,11.0,472.0,14.0,728.0,80.0,200.0,11.0,,,,,,,,0.0,0.0,0.0,1.33,2.57,0.3,1.35,1.0,0.0,24,0.0,0.0,0.0,0.0,0.0,0.0,0.0,0.0,0.0,0.0,0.0,0.0,0.0,0.0,0.0,255.0,3001.0,0.0,0.0,0.0,0.0,0.0,0.0,0.0,0.0,0.0,0.0,0.0,0.0,0.0
566,Brandon,Austin,Austin,a,,,3.9,742,77.0,0.3,315,42.0,0.0,449.0,38.0,0,0,0.0,-1,1.0,12,21,0.0,0.0,0.0,-0.5,0.0,530.0,44.0,,,521.0,44.0,512.0,31.0,477.0,16.0,523.0,44.0,,,,,,,,0.0,0.0,0.0,0.0,0.0,0.0,0.0,0.0,0.0,24,0.0,0.0,0.0,0.0,0.0,0.0,0.0,0.0,0.0,0.0,0.0,0.0,0.0,0.0,0.0,13.0,23.0,0.0,0.0,0.0,0.0,0.0,0.0,0.0,0.0,0.0,0.0,0.0,0.0,0.0
567,Antonín,Kinský,Kinsky,a,,,3.9,758,84.0,1.7,144,19.0,0.0,459.0,45.0,0,0,0.0,-1,1.0,59,166,0.0,0.0,0.0,-0.5,0.0,540.0,51.0,,,531.0,51.0,522.0,38.0,487.0,23.0,533.0,51.0,,,,,,,,0.0,0.0,0.0,0.0,0.0,0.0,0.0,0.0,0.0,24,0.0,0.0,0.0,0.0,0.0,0.0,0.0,0.0,0.0,0.0,0.0,0.0,0.0,0.0,0.0,81.0,223.0,0.0,0.0,0.0,0.0,0.0,0.0,0.0,0.0,0.0,0.0,0.0,0.0,0.0
568,Pedro,Porro Sauceda,Pedro Porro,i,Hamstring injury - Expected back 22 Feb,,5.2,215,29.0,11.2,38,14.0,1.8,195.0,71.0,0,0,0.0,-3,3.0,23,17673,0.3,15.2,0.0,0.0,3.4,137.0,53.0,0.0,0.0,70.0,30.0,16.0,1.0,233.0,62.0,46.0,5.0,3.0,2.0,,,,,,0.02,0.14,0.16,1.26,0.0,0.35,1.19,1.04,6.73,24,0.0,0.0,0.0,0.0,0.0,0.0,0.0,0.0,0.0,0.0,0.0,0.0,0.0,0.0,0.0,29.0,22555.0,0.0,0.0,0.0,0.0,0.0,0.0,0.0,0.0,0.0,0.0,0.0,0.0,0.0
569,Cristian,Romero,Romero,a,,,5.0,251,38.0,4.4,80,26.0,4.8,22.0,5.0,0,0,0.0,0,0.0,5701,850,1.0,18.4,4.8,4.3,4.8,20.0,9.0,100.0,100.0,22.0,8.0,209.0,53.0,103.0,13.0,77.0,16.0,,,,,,,,0.07,0.06,0.13,1.35,0.0,0.27,1.37,0.99,9.73,24,0.0,0.0,0.0,0.0,0.0,0.0,0.0,0.0,0.0,0.0,0.0,0.0,0.0,0.0,0.0,6808.0,1448.0,0.0,0.0,0.0,0.0,0.0,0.0,0.0,0.0,0.0,0.0,0.0,0.0,0.0
570,Kevin,Danso,Danso,a,,,4.2,623,143.0,0.1,426,159.0,0.2,368.0,137.0,0,0,0.0,-3,3.0,31,25,0.0,6.4,0.2,-0.3,2.1,307.0,116.0,,,235.0,97.0,413.0,149.0,388.0,144.0,339.0,115.0,,,,,,,,0.0,0.02,0.02,1.46,0.0,0.27,1.64,1.09,12.72,24,0.0,0.0,0.0,0.0,0.0,0.0,0.0,0.0,0.0,0.0,0.0,0.0,0.0,0.0,0.0,38.0,31.0,0.0,0.0,0.0,0.0,0.0,0.0,0.0,0.0,0.0,0.0,0.0,0.0,0.0
571,Ben,Davies,Davies,i,Ankle injury - Unknown return date,,4.3,570,124.0,0.1,525,189.0,1.8,185.0,66.0,0,0,0.0,-2,2.0,3,24,0.4,2.3,0.0,0.0,3.3,142.0,55.0,0.0,0.0,368.0,141.0,372.0,135.0,294.0,92.0,371.0,133.0,,,,,,,,0.32,0.05,0.37,0.73,0.0,0.0,1.99,1.32,9.26,24,0.0,0.0,0.0,0.0,0.0,0.0,0.0,0.0,0.0,0.0,0.0,0.0,0.0,0.0,0.0,5.0,30.0,0.0,0.0,0.0,0.0,0.0,0.0,0.0,0.0,0.0,0.0,0.0,0.0,0.0
572,Radu,Drăgușin,Dragusin,a,,,4.5,445,89.0,0.0,714,245.0,0.2,377.0,141.0,0,0,0.0,0,0.0,12,5,0.0,0.4,0.2,-0.3,1.0,457.0,166.0,100.0,100.0,486.0,174.0,466.0,170.0,414.0,155.0,477.0,169.0,,,,,,,,0.9,0.0,0.9,1.35,0.0,0.0,0.0,0.0,15.0,24,0.0,0.0,0.0,0.0,0.0,0.0,0.0,0.0,0.0,0.0,0.0,0.0,0.0,0.0,0.0,13.0,5.0,0.0,0.0,0.0,0.0,0.0,0.0,0.0,0.0,0.0,0.0,0.0,0.0,0.0
573,Djed,Spence,Spence,a,,,4.3,579,130.0,1.1,181,71.0,0.8,289.0,105.0,0,0,0.0,-2,2.0,181,279,0.2,12.8,0.8,0.3,2.8,215.0,83.0,,,210.0,85.0,149.0,39.0,149.0,29.0,186.0,63.0,,,,,,,,0.05,0.08,0.13,1.41,0.0,0.42,1.25,1.02,4.66,24,0.0,0.0,0.0,0.0,0.0,0.0,0.0,0.0,0.0,0.0,0.0,0.0,0.0,0.0,0.0,219.0,431.0,0.0,0.0,0.0,0.0,0.0,0.0,0.0,0.0,0.0,0.0,0.0,0.0,0.0
574,Destiny,Udogie,Udogie,a,,,4.3,587,136.0,0.3,309,114.0,0.2,370.0,139.0,0,0,0.0,-2,2.0,76,24,0.0,3.3,0.2,-0.3,1.3,414.0,152.0,100.0,100.0,298.0,114.0,225.0,62.0,277.0,82.0,305.0,104.0,,,,,,,,0.01,0.05,0.06,1.55,0.0,0.0,1.94,0.83,4.29,24,0.0,0.0,0.0,0.0,0.0,0.0,0.0,0.0,0.0,0.0,0.0,0.0,0.0,0.0,0.0,105.0,32.0,0.0,0.0,0.0,0.0,0.0,0.0,0.0,0.0,0.0,0.0,0.0,0.0,0.0
575,Micky,van de Ven,Van de Ven,d,Knock - 75% chance of playing,,4.6,398,70.0,26.1,13,4.0,2.8,115.0,38.0,0,0,0.0,1,-1.0,1411,17784,0.6,20.9,2.1,1.7,4.4,36.0,16.0,75.0,75.0,41.0,17.0,265.0,80.0,112.0,19.0,100.0,29.0,,,,,,,,0.11,0.02,0.13,1.31,0.0,0.32,1.33,1.01,6.49,24,0.0,0.0,0.0,0.0,0.0,0.0,0.0,0.0,0.0,0.0,0.0,0.0,0.0,0.0,0.0,1652.0,25979.0,0.0,0.0,0.0,0.0,0.0,0.0,0.0,0.0,0.0,0.0,0.0,0.0,0.0
576,Ashley,Phillips,Phillips,u,Has joined Stoke City on loan for the rest of the season.,,4.0,699,184.0,0.0,717,246.0,0.0,515.0,206.0,0,0,0.0,0,0.0,0,0,0.0,0.0,0.0,0.0,0.0,594.0,222.0,0.0,0.0,585.0,222.0,578.0,222.0,546.0,218.0,587.0,222.0,,,,,,,,0.0,0.0,0.0,0.0,0.0,0.0,0.0,0.0,0.0,24,0.0,0.0,0.0,0.0,0.0,0.0,0.0,0.0,0.0,0.0,0.0,0.0,0.0,0.0,0.0,0.0,0.0,0.0,0.0,0.0,0.0,0.0,0.0,0.0,0.0,0.0,0.0,0.0,0.0,0.0
577,Takai,Kōta,Takai,u,has joined Borussia Mönchengladbach on loan for the rest of the season.,,4.0,701,185.0,0.0,592,214.0,0.0,517.0,207.0,0,0,0.0,0,0.0,0,4,0.0,0.0,0.0,0.0,0.0,596.0,223.0,0.0,0.0,587.0,223.0,580.0,223.0,548.0,219.0,589.0,223.0,,,,,,,,0.0,0.0,0.0,0.0,0.0,0.0,0.0,0.0,0.0,24,0.0,0.0,0.0,0.0,0.0,0.0,0.0,0.0,0.0,0.0,0.0,0.0,0.0,0.0,0.0,0.0,5.0,0.0,0.0,0.0,0.0,0.0,0.0,0.0,0.0,0.0,0.0,0.0,0.0,0.0
578,Luka,Vušković,Vuskovic,u,has joined Hamburger SV on loan for the rest of the season.,,3.9,773,229.0,0.3,304,113.0,0.0,473.0,186.0,0,0,0.0,-1,1.0,0,21,0.0,0.0,0.0,0.0,0.0,554.0,204.0,0.0,0.0,545.0,204.0,536.0,204.0,502.0,198.0,547.0,204.0,,,,,,,,0.0,0.0,0.0,0.0,0.0,0.0,0.0,0.0,0.0,24,0.0,0.0,0.0,0.0,0.0,0.0,0.0,0.0,0.0,0.0,0.0,0.0,0.0,0.0,0.0,0.0,28.0,0.0,0.0,0.0,0.0,0.0,0.0,0.0,0.0,0.0,0.0,0.0,0.0,0.0
579,Son,Heung-min,Son,u,Has joined Los Angeles FC permanently.,,8.5,10,5.0,0.1,444,151.0,0.0,807.0,363.0,0,0,0.0,0,0.0,0,7,0.0,0.0,0.0,0.0,0.0,809.0,363.0,0.0,0.0,809.0,363.0,809.0,363.0,809.0,363.0,809.0,363.0,,,,,,,,0.0,0.0,0.0,0.0,0.0,0.0,0.0,0.0,0.0,24,0.0,0.0,0.0,0.0,0.0,0.0,0.0,0.0,0.0,0.0,0.0,0.0,0.0,0.0,0.0,0.0,7.0,0.0,0.0,0.0,0.0,0.0,0.0,0.0,0.0,0.0,0.0,0.0,0.0,0.0
581,James,Maddison,Maddison,i,Anterior cruciate ligament - Unknown return date,,6.8,45,27.0,0.1,443,150.0,0.0,802.0,359.0,0,0,0.0,-2,2.0,13,5,0.0,0.0,0.0,0.0,0.0,806.0,360.0,0.0,0.0,806.0,360.0,806.0,360.0,806.0,360.0,806.0,360.0,,,,,,,,0.0,0.0,0.0,0.0,0.0,0.0,0.0,0.0,0.0,24,0.0,0.0,0.0,0.0,0.0,0.0,0.0,0.0,0.0,0.0,0.0,0.0,0.0,0.0,0.0,14.0,6.0,0.0,0.0,0.0,0.0,0.0,0.0,0.0,0.0,0.0,0.0,0.0,0.0,0.0
582,Mohammed,Kudus,Kudus,i,Thigh injury - Expected back 11 Apr,,6.4,59,38.0,10.2,42,16.0,0.2,409.0,188.0,0,0,0.0,-1,1.0,10,4490,0.0,11.7,0.0,0.0,3.9,85.0,39.0,0.0,0.0,118.0,40.0,29.0,28.0,55.0,33.0,39.0,29.0,2.0,1.0,,,,,,0.11,0.14,0.25,1.33,0.0,0.41,1.17,1.11,7.8,24,0.0,0.0,0.0,0.0,0.0,0.0,0.0,0.0,0.0,0.0,0.0,0.0,0.0,0.0,0.0,13.0,5620.0,0.0,0.0,0.0,0.0,0.0,0.0,0.0,0.0,0.0,0.0,0.0,0.0,0.0
583,Dejan,Kulusevski,Kulusevski,i,Knee injury - Unknown return date,,6.4,58,37.0,0.0,705,298.0,0.0,799.0,358.0,0,0,0.0,-1,1.0,4,2,0.0,0.0,0.0,0.0,0.0,803.0,359.0,0.0,0.0,803.0,359.0,803.0,359.0,803.0,359.0,803.0,359.0,,,,,,,,0.0,0.0,0.0,0.0,0.0,0.0,0.0,0.0,0.0,24,0.0,0.0,0.0,0.0,0.0,0.0,0.0,0.0,0.0,0.0,0.0,0.0,0.0,0.0,0.0,4.0,2.0,0.0,0.0,0.0,0.0,0.0,0.0,0.0,0.0,0.0,0.0,0.0,0.0,0.0
584,Mathys,Tel,Tel,a,,,6.2,79,52.0,0.2,400,135.0,3.0,109.0,47.0,0,0,0.0,-3,3.0,73,174,0.5,7.3,3.0,2.5,2.8,226.0,98.0,,,278.0,122.0,219.0,137.0,135.0,78.0,245.0,120.0,4.0,,4.0,,,,,0.19,0.09,0.28,1.11,0.0,0.17,1.52,1.01,7.58,24,0.0,0.0,0.0,0.0,0.0,0.0,0.0,0.0,0.0,0.0,0.0,0.0,0.0,0.0,0.0,76.0,364.0,0.0,0.0,0.0,0.0,0.0,0.0,0.0,0.0,0.0,0.0,0.0,0.0,0.0
585,Rodrigo,Bentancur,Bentancur,i,Hamstring injury - Unknown return date,,5.3,191,118.0,0.2,378,128.0,1.0,275.0,122.0,0,0,0.0,-2,2.0,0,109,0.2,12.1,0.0,0.0,3.2,161.0,69.0,0.0,0.0,170.0,66.0,155.0,106.0,240.0,130.0,197.0,102.0,,,,,,,,0.03,0.04,0.07,1.32,0.0,0.32,1.34,1.09,13.24,24,0.0,0.0,0.0,0.0,0.0,0.0,0.0,0.0,0.0,0.0,0.0,0.0,0.0,0.0,0.0,0.0,145.0,0.0,0.0,0.0,0.0,0.0,0.0,0.0,0.0,0.0,0.0,0.0,0.0,0.0
586,Lucas,Bergvall,Bergvall,i,Ankle injury - Unknown return date,,5.2,221,137.0,0.2,376,126.0,0.6,319.0,143.0,0,0,0.0,-3,3.0,2,78,0.1,7.5,0.0,0.0,2.3,284.0,122.0,0.0,0.0,285.0,126.0,256.0,155.0,169.0,97.0,270.0,132.0,,,,,,,,0.11,0.04,0.15,1.15,0.0,0.34,1.46,1.13,7.66,24,0.0,0.0,0.0,0.0,0.0,0.0,0.0,0.0,0.0,0.0,0.0,0.0,0.0,0.0,0.0,2.0,96.0,0.0,0.0,0.0,0.0,0.0,0.0,0.0,0.0,0.0,0.0,0.0,0.0,0.0
587,Yves,Bissouma,Bissouma,a,,,5.2,211,131.0,0.0,599,229.0,1.0,274.0,121.0,0,0,0.0,-3,3.0,33,8,0.2,1.0,1.0,0.5,2.5,261.0,114.0,100.0,100.0,407.0,181.0,416.0,202.0,360.0,184.0,421.0,189.0,,,,,,,,0.21,0.05,0.26,1.98,0.0,0.0,2.21,0.74,16.97,24,0.0,0.0,0.0,0.0,0.0,0.0,0.0,0.0,0.0,0.0,0.0,0.0,0.0,0.0,0.0,41.0,9.0,0.0,0.0,0.0,0.0,0.0,0.0,0.0,0.0,0.0,0.0,0.0,0.0,0.0
588,Wilson,Odobert,Odobert,a,,,5.3,206,128.0,0.1,499,176.0,2.8,122.0,54.0,0,0,0.0,-2,2.0,126,58,0.5,8.1,2.8,2.3,2.0,326.0,146.0,100.0,100.0,273.0,117.0,92.0,69.0,96.0,60.0,154.0,85.0,,,,,,,,0.16,0.12,0.28,1.16,0.0,0.2,1.32,0.81,7.02,24,0.0,0.0,0.0,0.0,0.0,0.0,0.0,0.0,0.0,0.0,0.0,0.0,0.0,0.0,0.0,185.0,141.0,0.0,0.0,0.0,0.0,0.0,0.0,0.0,0.0,0.0,0.0,0.0,0.0,0.0
589,Manor,Solomon,Solomon,u,has joined Fiorentina on loan for the rest of the season.,,5.4,170,105.0,0.0,744,318.0,0.0,777.0,342.0,0,0,0.0,-1,1.0,0,1,0.0,0.0,0.0,0.0,0.0,787.0,348.0,0.0,0.0,787.0,348.0,786.0,348.0,782.0,347.0,787.0,348.0,,,,,,,,0.0,0.0,0.0,0.0,0.0,0.0,0.0,0.0,0.0,24,0.0,0.0,0.0,0.0,0.0,0.0,0.0,0.0,0.0,0.0,0.0,0.0,0.0,0.0,0.0,0.0,1.0,0.0,0.0,0.0,0.0,0.0,0.0,0.0,0.0,0.0,0.0,0.0,0.0,0.0
590,Bryan,Gil Salvatierra,Bryan,u,has joined Girona permanently.,,4.9,325,200.0,0.0,649,263.0,0.0,725.0,305.0,0,0,0.0,-1,1.0,0,1,0.0,0.0,0.0,0.0,0.0,758.0,327.0,0.0,0.0,758.0,327.0,754.0,327.0,746.0,325.0,758.0,327.0,,,,,,,,0.0,0.0,0.0,0.0,0.0,0.0,0.0,0.0,0.0,24,0.0,0.0,0.0,0.0,0.0,0.0,0.0,0.0,0.0,0.0,0.0,0.0,0.0,0.0,0.0,0.0,1.0,0.0,0.0,0.0,0.0,0.0,0.0,0.0,0.0,0.0,0.0,0.0,0.0,0.0
591,Archie,Gray,Gray,a,,,4.8,371,232.0,0.1,432,145.0,1.0,269.0,116.0,0,0,0.0,-2,2.0,32,50,0.2,5.8,1.0,0.5,2.2,298.0,130.0,100.0,100.0,325.0,144.0,304.0,172.0,251.0,135.0,327.0,159.0,,,,,,,,0.09,0.02,0.11,1.11,0.0,0.68,1.1,1.23,9.32,24,0.0,0.0,0.0,0.0,0.0,0.0,0.0,0.0,0.0,0.0,0.0,0.0,0.0,0.0,0.0,38.0,69.0,0.0,0.0,0.0,0.0,0.0,0.0,0.0,0.0,0.0,0.0,0.0,0.0,0.0
592,Mikey,Moore,Moore,u,Has joined Rangers on loan for the rest of the season.,,5.0,271,164.0,0.0,773,336.0,0.0,749.0,324.0,0,0,0.0,0,0.0,0,0,0.0,0.0,0.0,0.0,0.0,775.0,340.0,0.0,0.0,775.0,340.0,773.0,340.0,767.0,338.0,775.0,340.0,,,,,,,,0.0,0.0,0.0,0.0,0.0,0.0,0.0,0.0,0.0,24,0.0,0.0,0.0,0.0,0.0,0.0,0.0,0.0,0.0,0.0,0.0,0.0,0.0,0.0,0.0,0.0,0.0,0.0,0.0,0.0,0.0,0.0,0.0,0.0,0.0,0.0,0.0,0.0,0.0,0.0
593,Pape Matar,Sarr,P.M.Sarr,a,,,4.5,439,263.0,0.8,202,68.0,0.0,641.0,241.0,0,0,0.0,-5,5.0,272,116,0.0,9.3,0.0,-0.5,3.0,185.0,80.0,100.0,100.0,269.0,115.0,248.0,151.0,226.0,124.0,279.0,138.0,,,,,,,,0.13,0.06,0.19,1.63,0.0,0.38,0.9,0.9,10.5,24,0.0,0.0,0.0,0.0,0.0,0.0,0.0,0.0,0.0,0.0,0.0,0.0,0.0,0.0,0.0,328.0,155.0,0.0,0.0,0.0,0.0,0.0,0.0,0.0,0.0,0.0,0.0,0.0,0.0,0.0
594,Yang,Min-hyeok,Min-hyeok,u,has joined Coventry City on loan for the rest of the season.,,4.5,498,308.0,0.0,719,304.0,0.0,686.0,279.0,0,0,0.0,0,0.0,0,0,0.0,0.0,0.0,0.0,0.0,733.0,310.0,0.0,0.0,733.0,310.0,728.0,310.0,711.0,305.0,733.0,310.0,,,,,,,,0.0,0.0,0.0,0.0,0.0,0.0,0.0,0.0,0.0,24,0.0,0.0,0.0,0.0,0.0,0.0,0.0,0.0,0.0,0.0,0.0,0.0,0.0,0.0,0.0,0.0,0.0,0.0,0.0,0.0,0.0,0.0,0.0,0.0,0.0,0.0,0.0,0.0,0.0,0.0
595,Callum,Olusesi,Olusesi,a,,,4.3,596,347.0,0.2,368,123.0,0.0,566.0,195.0,0,0,0.0,-2,2.0,46,35,0.0,0.0,0.0,-0.5,0.0,633.0,238.0,,,624.0,229.0,620.0,234.0,593.0,222.0,626.0,231.0,,,,,,,,0.0,0.0,0.0,0.0,0.0,0.0,0.0,0.0,0.0,24,0.0,0.0,0.0,0.0,0.0,0.0,0.0,0.0,0.0,0.0,0.0,0.0,0.0,0.0,0.0,53.0,43.0,0.0,0.0,0.0,0.0,0.0,0.0,0.0,0.0,0.0,0.0,0.0,0.0,0.0
596,Dominic,Solanke-Mitchell,Solanke,a,,,7.2,30,12.0,1.0,187,29.0,0.6,324.0,39.0,0,0,0.0,-3,3.0,431,215,0.1,0.7,0.6,0.1,1.2,428.0,51.0,100.0,100.0,424.0,48.0,367.0,45.0,265.0,47.0,392.0,48.0,,,2.0,,,,,0.41,0.01,0.42,1.69,0.0,0.0,1.81,0.6,6.04,24,0.0,0.0,0.0,0.0,0.0,0.0,0.0,0.0,0.0,0.0,0.0,0.0,0.0,0.0,0.0,563.0,409.0,0.0,0.0,0.0,0.0,0.0,0.0,0.0,0.0,0.0,0.0,0.0,0.0,0.0
597,Richarlison,de Andrade,Richarlison,i,Hamstring injury - Expected back 01 Mar,,6.3,65,21.0,5.8,65,12.0,0.6,322.0,38.0,0,0,0.0,-2,2.0,20,3690,0.1,11.9,0.0,0.0,3.6,115.0,10.0,0.0,0.0,89.0,7.0,156.0,11.0,23.0,13.0,51.0,10.0,,,3.0,,,,,0.34,0.09,0.43,1.27,0.0,0.35,1.34,0.92,6.91,24,0.0,0.0,0.0,0.0,0.0,0.0,0.0,0.0,0.0,0.0,0.0,0.0,0.0,0.0,0.0,22.0,4626.0,0.0,0.0,0.0,0.0,0.0,0.0,0.0,0.0,0.0,0.0,0.0,0.0,0.0
598,Will,Lankshear,Lankshear,u,Has joined Oxford United on loan for the rest of the season.,,4.5,464,66.0,0.0,663,82.0,0.0,656.0,63.0,0,0,0.0,0,0.0,0,0,0.0,0.0,0.0,0.0,0.0,707.0,73.0,0.0,0.0,704.0,73.0,700.0,72.0,681.0,72.0,705.0,73.0,,,,,,,,0.0,0.0,0.0,0.0,0.0,0.0,0.0,0.0,0.0,24,0.0,0.0,0.0,0.0,0.0,0.0,0.0,0.0,0.0,0.0,0.0,0.0,0.0,0.0,0.0,0.0,0.0,0.0,0.0,0.0,0.0,0.0,0.0,0.0,0.0,0.0,0.0,0.0,0.0,0.0
599,Dane,Scarlett,Scarlett,a,,,4.3,589,82.0,0.6,235,36.0,0.4,334.0,40.0,0,0,0.0,-2,2.0,184,147,0.1,0.5,0.4,-0.1,1.0,444.0,54.0,,,480.0,57.0,432.0,56.0,429.0,57.0,468.0,57.0,,,,,,,,0.0,0.13,0.13,0.39,0.0,0.0,0.0,0.0,12.86,24,0.0,0.0,0.0,0.0,0.0,0.0,0.0,0.0,0.0,0.0,0.0,0.0,0.0,0.0,0.0,276.0,175.0,0.0,0.0,0.0,0.0,0.0,0.0,0.0,0.0,0.0,0.0,0.0,0.0,0.0
673,João Maria,Lobo Alves Palhares Costa Palhinha Gonçalves,J.Palhinha,a,,,5.5,138,85.0,0.9,194,64.0,1.8,198.0,86.0,0,0,0.0,0,0.0,117,312,0.3,14.2,1.8,1.3,3.9,81.0,37.0,100.0,100.0,88.0,27.0,246.0,150.0,162.0,91.0,153.0,84.0,,,,,,,,0.07,0.03,0.1,1.34,0.0,0.28,1.39,0.97,12.06,24,0.0,0.0,0.0,0.0,0.0,0.0,0.0,0.0,0.0,0.0,0.0,0.0,0.0,0.0,0.0,139.0,445.0,0.0,0.0,0.0,0.0,0.0,0.0,0.0,0.0,0.0,0.0,0.0,0.0,0.0
717,Xavi,Simons,Xavi,a,,,6.5,54,35.0,1.1,178,60.0,2.2,168.0,74.0,0,0,0.0,-5,5.0,479,521,0.3,7.7,2.2,1.7,2.9,211.0,91.0,100.0,100.0,236.0,97.0,88.0,66.0,157.0,90.0,158.0,87.0,5.0,,,,,,,0.13,0.19,0.32,1.46,0.0,0.25,1.72,0.98,8.1,24,0.0,0.0,0.0,0.0,0.0,0.0,0.0,0.0,0.0,0.0,0.0,0.0,0.0,0.0,0.0,545.0,1005.0,0.0,0.0,0.0,0.0,0.0,0.0,0.0,0.0,0.0,0.0,0.0,0.0,0.0
726,Randal,Kolo Muani,Kolo Muani,a,,,6.9,42,17.0,0.4,289,46.0,1.0,284.0,36.0,0,0,0.0,-1,1.0,216,256,0.1,3.5,1.0,0.5,1.6,387.0,44.0,100.0,100.0,361.0,37.0,157.0,12.0,144.0,36.0,261.0,31.0,,,,,,,,0.13,0.09,0.22,1.38,0.0,0.29,1.56,1.07,5.56,24,0.0,0.0,0.0,0.0,0.0,0.0,0.0,0.0,0.0,0.0,0.0,0.0,0.0,0.0,0.0,243.0,433.0,0.0,0.0,0.0,0.0,0.0,0.0,0.0,0.0,0.0,0.0,0.0,0.0,0.0
745,Jun'ai,Byfield,Byfield,a,,,4.0,722,205.0,0.0,640,223.0,0.0,536.0,225.0,0,0,0.0,0,0.0,10,7,0.0,0.0,0.0,-0.5,0.0,614.0,240.0,,,605.0,240.0,598.0,240.0,566.0,236.0,607.0,240.0,,,,,,,,0.0,0.0,0.0,0.0,0.0,0.0,0.0,0.0,0.0,24,0.0,0.0,0.0,0.0,0.0,0.0,0.0,0.0,0.0,0.0,0.0,0.0,0.0,0.0,0.0,11.0,10.0,0.0,0.0,0.0,0.0,0.0,0.0,0.0,0.0,0.0,0.0,0.0,0.0,0.0
750,James,Rowswell,Rowswell,a,,,4.0,687,176.0,0.0,659,228.0,0.0,505.0,200.0,0,0,0.0,0,0.0,6,9,0.0,0.0,0.0,-0.5,0.0,585.0,217.0,,,576.0,217.0,569.0,217.0,536.0,212.0,578.0,217.0,,,,,,,,0.0,0.0,0.0,0.0,0.0,0.0,0.0,0.0,0.0,24,0.0,0.0,0.0,0.0,0.0,0.0,0.0,0.0,0.0,0.0,0.0,0.0,0.0,0.0,0.0,9.0,10.0,0.0,0.0,0.0,0.0,0.0,0.0,0.0,0.0,0.0,0.0,0.0,0.0,0.0
751,Yusuf,Akhamrich,Akhamrich,u,has joined Bristol Rovers on loan for the rest of the season.,,4.5,482,295.0,0.0,755,325.0,0.0,672.0,267.0,0,0,0.0,0,0.0,0,5,0.0,0.0,0.0,0.0,0.0,720.0,299.0,0.0,0.0,719.0,298.0,714.0,298.0,697.0,293.0,719.0,298.0,,,,,,,,0.0,0.0,0.0,0.0,0.0,0.0,0.0,0.0,0.0,24,0.0,0.0,0.0,0.0,0.0,0.0,0.0,0.0,0.0,0.0,0.0,0.0,0.0,0.0,0.0,0.0,7.0,0.0,0.0,0.0,0.0,0.0,0.0,0.0,0.0,0.0,0.0,0.0,0.0,0.0
790,Lucá,Williams-Barnett,Williams-Barnett,a,,,4.5,495,305.0,0.0,784,344.0,0.0,683.0,276.0,0,0,0.0,0,0.0,12,0,0.0,0.0,0.0,-0.5,0.0,730.0,307.0,,,730.0,307.0,725.0,307.0,708.0,302.0,730.0,307.0,,,,,,,,0.0,0.0,0.0,0.0,0.0,0.0,0.0,0.0,0.0,24,0.0,0.0,0.0,0.0,0.0,0.0,0.0,0.0,0.0,0.0,0.0,0.0,0.0,0.0,0.0,13.0,0.0,0.0,0.0,0.0,0.0,0.0,0.0,0.0,0.0,0.0,0.0,0.0,0.0,0.0
796,Conor,Gallagher,Gallagher,a,,,5.4,169,104.0,0.1,429,143.0,1.3,246.0,105.0,0,-1,1.0,-1,1.0,172,178,0.2,0.7,1.3,0.8,2.0,328.0,148.0,,,420.0,186.0,355.0,184.0,282.0,150.0,393.0,180.0,,,,,,,,0.16,0.12,0.28,2.12,0.0,0.0,2.07,1.03,9.31,24,0.0,0.0,0.0,0.0,0.0,0.0,0.0,0.0,0.0,0.0,0.0,0.0,0.0,0.0,0.0,214.0,307.0,0.0,0.0,0.0,0.0,0.0,0.0,0.0,0.0,0.0,0.0,0.0,0.0,0.0
804,João Victor,de Souza Menezes,Souza,a,,,4.0,719,202.0,0.0,774,261.0,0.0,533.0,222.0,0,0,0.0,0,0.0,44,6,0.0,0.0,1.4,0.9,0.0,611.0,237.0,,,602.0,237.0,595.0,237.0,563.0,233.0,604.0,237.0,,,,,,,,0.0,0.0,0.0,0.0,0.0,0.0,0.0,0.0,0.0,24,0.0,0.0,0.0,0.0,0.0,0.0,0.0,0.0,0.0,0.0,0.0,0.0,0.0,0.0,0.0,50.0,7.0,0.0,0.0,0.0,0.0,0.0,0.0,0.0,0.0,0.0,0.0,0.0,0.0,0.0
326,Adama,Traoré Diarra,Adama,a,,,5.1,226,139.0,0.1,415,140.0,0.4,348.0,154.0,0,0,0.0,-4,4.0,125,46,0.1,3.3,0.4,0.4,1.1,430.0,193.0,,,430.0,191.0,287.0,165.0,286.0,151.0,374.0,174.0,,,,,,,,0.06,0.18,0.24,1.9,0.0,0.0,2.67,0.33,4.67,24,0.0,9.0,0.0,0.0,0.0,1.0,0.0,0.0,0.0,1.0,0.0,0.0,0.0,0.0,57.0,141.0,55.0,0.0,0.0,0.0,0.0,0.8000000000000007,0.1999999999999993,0.30000000000000426,0.0,0.09999999999999964,0.0,0.0,0.0,0.0
600,Alphonse,Areola,Areola,a,,,4.3,565,27.0,2.2,123,16.0,2.2,157.0,15.0,2,0,0.0,-2,2.0,586,334,0.5,11.9,2.2,2.2,2.5,253.0,21.0,,,18.0,5.0,406.0,6.0,585.0,65.0,165.0,5.0,,,,,,,,0.0,0.0,0.0,1.76,3.85,0.0,1.85,1.0,0.0,24,2.0,90.0,0.0,0.0,0.0,3.0,0.0,0.0,0.0,0.0,0.0,3.0,1.0,0.0,5.0,714.0,562.0,0.0,0.0,0.0,0.0,2.549999999999997,19.399999999999977,0.0,0.0,1.8999999999999986,0.0,4.0,8.0,0.0
601,Wes,Foderingham,Foderingham,u,has joined Aris Limassol permanently.,,4.0,653,42.0,0.2,348,50.0,0.0,476.0,55.0,0,0,0.0,0,0.0,0,21,0.0,0.0,0.0,0.0,0.0,557.0,61.0,0.0,0.0,548.0,61.0,540.0,49.0,506.0,34.0,550.0,61.0,,,,,,,,0.0,0.0,0.0,0.0,0.0,0.0,0.0,0.0,0.0,24,0.0,0.0,0.0,0.0,0.0,0.0,0.0,0.0,0.0,0.0,0.0,0.0,0.0,0.0,0.0,0.0,23.0,0.0,0.0,0.0,0.0,0.0,0.0,0.0,0.0,0.0,0.0,0.0,0.0,0.0
602,Krisztián,Hegyi,Hegyi,u,has joined MTK Budapest on loan for the rest of the season.,,3.9,757,83.0,0.2,354,51.0,0.0,458.0,44.0,0,0,0.0,-1,1.0,0,58,0.0,0.0,0.0,0.0,0.0,539.0,50.0,0.0,0.0,530.0,50.0,521.0,37.0,486.0,22.0,532.0,50.0,,,,,,,,0.0,0.0,0.0,0.0,0.0,0.0,0.0,0.0,0.0,24,0.0,0.0,0.0,0.0,0.0,0.0,0.0,0.0,0.0,0.0,0.0,0.0,0.0,0.0,0.0,0.0,69.0,0.0,0.0,0.0,0.0,0.0,0.0,0.0,0.0,0.0,0.0,0.0,0.0,0.0
603,El Hadji Malick,Diouf,Diouf,a,,,4.0,717,200.0,1.3,163,61.0,0.4,330.0,123.0,1,0,0.0,-5,5.0,759,159,0.1,11.5,0.4,0.4,2.6,239.0,93.0,100.0,100.0,155.0,65.0,148.0,38.0,267.0,77.0,185.0,62.0,,,,,,,,0.02,0.05,0.07,1.57,0.0,0.12,1.94,0.97,7.38,24,1.0,80.0,0.0,0.0,0.0,2.0,0.0,0.0,0.0,0.0,0.0,0.0,1.0,0.0,2.0,956.0,305.0,0.0,0.0,0.050000000000000044,0.050000000000000044,1.75,15.800000000000011,14.900000000000006,2.0,3.3000000000000043,2.0,5.0,4.0,7.0
604,Emerson,Palmieri dos Santos,Emerson,u,has joined Marseille permanently.,,4.4,515,100.0,0.1,573,207.0,0.0,587.0,239.0,0,0,0.0,-1,1.0,0,4,0.0,0.0,0.0,0.0,0.0,649.0,247.0,0.0,0.0,640.0,247.0,637.0,247.0,612.0,245.0,642.0,247.0,,,,,,,,0.0,0.0,0.0,0.0,0.0,0.0,0.0,0.0,0.0,24,0.0,0.0,0.0,0.0,0.0,0.0,0.0,0.0,0.0,0.0,0.0,0.0,0.0,0.0,0.0,0.0,4.0,0.0,0.0,0.0,0.0,0.0,0.0,0.0,0.0,0.0,0.0,0.0,0.0,0.0
605,Maximilian,Kilman,Kilman,a,,,4.2,627,146.0,0.2,405,149.0,0.6,307.0,113.0,0,0,0.0,-3,3.0,28,45,0.1,8.6,0.6,0.6,1.7,363.0,133.0,,,80.0,36.0,306.0,101.0,279.0,83.0,202.0,65.0,,,,,,,,0.03,0.01,0.04,1.91,0.0,0.06,2.14,0.98,9.18,24,0.0,23.0,0.0,0.0,0.0,2.0,0.0,0.0,0.0,0.0,0.0,0.0,0.0,0.0,80.0,46.0,73.0,0.0,0.0,0.0,0.0,1.6300000000000026,10.599999999999966,0.19999999999999574,0.0,1.0999999999999943,0.0,4.0,1.0,4.0
606,Konstantinos,Mavropanos,Mavropanos,a,,,4.4,527,111.0,0.1,526,190.0,2.4,141.0,49.0,3,0,0.0,-1,1.0,82,25,0.5,9.8,2.4,2.4,2.5,256.0,101.0,100.0,100.0,113.0,49.0,396.0,146.0,166.0,34.0,212.0,69.0,,,,,,,,0.07,0.02,0.09,1.54,0.0,0.07,1.79,0.93,10.78,24,3.0,90.0,0.0,0.0,0.0,3.0,0.0,0.0,0.0,0.0,0.0,0.0,1.0,0.0,2.0,99.0,54.0,0.0,0.0,0.0,0.0,2.5500000000000007,24.399999999999977,0.40000000000000036,0.0,2.5,1.0,11.0,0.0,12.0
607,Nayef,Aguerd,N.Aguerd,u,has joined Marseille permanently.,,4.4,520,105.0,0.0,601,215.0,0.0,590.0,242.0,0,0,0.0,-1,1.0,0,2,0.0,0.7,0.0,0.0,1.5,392.0,144.0,0.0,0.0,400.0,153.0,434.0,158.0,390.0,146.0,427.0,154.0,,,,,,,,0.05,0.02,0.07,1.71,0.0,0.0,4.0,1.0,7.5,24,0.0,0.0,0.0,0.0,0.0,0.0,0.0,0.0,0.0,0.0,0.0,0.0,0.0,0.0,0.0,0.0,3.0,0.0,0.0,0.0,0.0,0.0,0.0,0.0,0.0,0.0,0.0,0.0,0.0,0.0
608,Ollie,Scarles,Scarles,a,,,4.3,602,141.0,0.0,609,219.0,2.4,140.0,48.0,0,0,0.0,-2,2.0,22,17,0.6,4.4,2.4,2.4,1.9,334.0,126.0,100.0,100.0,292.0,110.0,295.0,97.0,354.0,121.0,340.0,116.0,,,,,,,,0.03,0.04,0.07,1.84,0.0,0.0,2.13,1.28,9.53,24,0.0,9.0,0.0,0.0,0.0,1.0,0.0,0.0,0.0,1.0,0.0,0.0,0.0,0.0,76.0,27.0,24.0,0.0,0.0,0.0,0.0,0.7999999999999989,2.1999999999999886,0.0,0.0,0.20000000000000284,1.0,1.0,0.0,2.0
609,Jean-Clair,Todibo,Todibo,s,Suspended until 21 Feb,,4.3,582,133.0,0.1,461,170.0,1.6,207.0,75.0,0,0,0.0,-2,2.0,30,74,0.4,7.2,0.0,1.6,1.7,365.0,135.0,0.0,100.0,115.0,51.0,283.0,90.0,353.0,120.0,240.0,82.0,,,,,,,,0.01,0.02,0.03,1.69,0.0,0.0,1.95,1.07,8.17,24,0.0,90.0,0.0,0.0,0.0,3.0,0.0,0.0,0.0,0.0,1.0,0.0,1.0,0.0,113.0,37.0,101.0,0.0,0.2,0.0,0.2,2.5500000000000007,17.400000000000034,0.6000000000000014,7.0,2.5,2.0,9.0,4.0,11.0
610,Aaron,Wan-Bissaka,Wan-Bissaka,a,,,4.1,649,158.0,4.0,86,29.0,2.6,133.0,44.0,7,0,0.0,-4,4.0,4220,224,0.6,9.3,2.6,2.6,2.5,251.0,98.0,100.0,100.0,150.0,64.0,93.0,22.0,351.0,118.0,172.0,54.0,,,,,,,,0.0,0.05,0.05,1.68,0.0,0.0,2.11,0.98,8.01,24,7.0,90.0,0.0,2.0,0.0,3.0,0.0,0.0,0.0,0.0,0.0,0.0,1.0,0.0,25.0,4432.0,349.0,0.0,0.0,0.06999999999999995,0.06999999999999995,2.5500000000000007,56.599999999999994,26.19999999999999,4.0,8.700000000000003,2.0,7.0,3.0,9.0
611,Kaelan,Casey,Casey,u,has joined Leyton Orient on loan for the rest of the season.,,4.0,696,181.0,0.1,533,195.0,0.0,512.0,203.0,0,0,0.0,0,0.0,0,4,0.0,0.0,0.0,0.0,0.0,592.0,220.0,0.0,0.0,583.0,220.0,576.0,220.0,543.0,215.0,585.0,220.0,,,,,,,,0.0,0.0,0.0,0.0,0.0,0.0,0.0,0.0,0.0,24,0.0,0.0,0.0,0.0,0.0,0.0,0.0,0.0,0.0,0.0,0.0,0.0,0.0,0.0,0.0,0.0,5.0,0.0,0.0,0.0,0.0,0.0,0.0,0.0,0.0,0.0,0.0,0.0,0.0,0.0
612,Lucas,Tolentino Coelho de Lima,L.Paquetá,i,Back injury - Unknown return date,,5.9,98,63.0,1.3,167,57.0,0.4,355.0,158.0,0,0,0.0,-1,1.0,5,1599,0.1,11.7,0.0,0.0,3.8,97.0,46.0,0.0,0.0,92.0,28.0,35.0,32.0,115.0,67.0,58.0,38.0,3.0,2.0,1.0,,,,,0.17,0.12,0.29,1.44,0.0,0.18,1.96,1.07,8.68,24,0.0,0.0,0.0,0.0,0.0,0.0,0.0,0.0,0.0,0.0,0.0,0.0,0.0,0.0,0.0,5.0,2457.0,0.0,0.0,0.0,0.0,0.0,0.0,0.0,0.0,0.0,0.0,0.0,0.0,0.0
613,Tomáš,Souček,Souček,a,,,5.7,117,73.0,0.2,342,114.0,2.8,124.0,55.0,2,0,0.0,-3,3.0,76,58,0.5,8.6,2.8,2.8,2.3,288.0,126.0,100.0,100.0,185.0,78.0,232.0,144.0,76.0,47.0,166.0,90.0,,,,,,,,0.25,0.03,0.28,1.94,0.0,0.09,2.46,0.91,10.31,24,2.0,90.0,0.0,0.0,0.0,3.0,0.0,0.0,0.0,0.0,0.0,0.0,1.0,0.0,4.0,98.0,92.0,0.0,0.0,0.010000000000000009,0.010000000000000231,2.5500000000000007,3.5999999999999943,1.1000000000000085,10.0,1.5,1.0,2.0,5.0,8.0
615,Crysencio,Summerville,Summerville,a,,,5.5,147,92.0,0.4,261,88.0,6.2,7.0,4.0,7,0,0.0,0,0.0,11332,250,1.1,11.5,6.2,6.2,3.3,148.0,66.0,100.0,100.0,192.0,82.0,96.0,72.0,54.0,32.0,94.0,55.0,2.0,,,,,,,0.17,0.06,0.23,1.47,0.0,0.06,1.86,1.09,7.36,24,7.0,90.0,1.0,0.0,0.0,3.0,0.0,0.0,0.0,0.0,0.0,0.0,1.0,0.0,32.0,11824.0,413.0,0.0,0.31999999999999984,0.010000000000000009,0.33000000000000007,2.549999999999997,38.80000000000001,10.799999999999983,19.0,6.900000000000006,1.0,0.0,5.0,6.0
616,Edson,Álvarez Velázquez,Álvarez,u,Has joined Fenerbahçe on loan for the rest of the season.,,4.9,309,192.0,0.0,589,221.0,0.0,720.0,301.0,0,0,0.0,-1,1.0,0,3,0.0,0.0,0.0,0.0,0.0,754.0,323.0,0.0,0.0,754.0,323.0,750.0,323.0,741.0,321.0,754.0,323.0,,,,,,,,0.0,0.0,0.0,0.0,0.0,0.0,0.0,0.0,0.0,24,0.0,0.0,0.0,0.0,0.0,0.0,0.0,0.0,0.0,0.0,0.0,0.0,0.0,0.0,0.0,0.0,3.0,0.0,0.0,0.0,0.0,0.0,0.0,0.0,0.0,0.0,0.0,0.0,0.0,0.0
617,Maxwel,Cornet,Cornet,u,has joined Genoa on loan for the rest of the season.,,4.9,289,177.0,0.0,692,292.0,0.0,712.0,296.0,0,0,0.0,-1,1.0,0,1,0.0,0.0,0.0,0.0,0.0,750.0,320.0,0.0,0.0,750.0,320.0,746.0,320.0,736.0,317.0,750.0,320.0,,,,,,,,0.0,0.0,0.0,0.0,0.0,0.0,0.0,0.0,0.0,24,0.0,0.0,0.0,0.0,0.0,0.0,0.0,0.0,0.0,0.0,0.0,0.0,0.0,0.0,0.0,0.0,1.0,0.0,0.0,0.0,0.0,0.0,0.0,0.0,0.0,0.0,0.0,0.0,0.0,0.0
618,Guido,Rodríguez,G.Rodriguez,u,has joined Valencia on loan for the rest of the season.,,4.8,353,221.0,0.0,594,224.0,0.2,387.0,176.0,0,0,0.0,-2,2.0,0,20,0.0,1.7,0.0,0.0,1.3,416.0,185.0,0.0,0.0,444.0,198.0,426.0,208.0,434.0,215.0,456.0,208.0,,,,,,,,0.02,0.02,0.04,1.33,0.0,0.51,1.03,1.03,7.71,24,0.0,0.0,0.0,0.0,0.0,0.0,0.0,0.0,0.0,0.0,0.0,0.0,0.0,0.0,0.0,0.0,22.0,0.0,0.0,0.0,0.0,0.0,0.0,0.0,0.0,0.0,0.0,0.0,0.0,0.0
619,Luis Guilherme,Lira dos Santos,L.Guilherme,u,has joined Sporting CP permanently.,,4.9,342,212.0,0.0,670,276.0,0.0,733.0,311.0,0,0,0.0,-1,1.0,0,6,0.0,1.0,0.0,0.0,1.0,475.0,222.0,0.0,0.0,446.0,200.0,389.0,194.0,418.0,207.0,449.0,203.0,,,,,,,,0.05,0.02,0.07,1.35,0.0,0.0,1.49,0.74,8.18,24,0.0,0.0,0.0,0.0,0.0,0.0,0.0,0.0,0.0,0.0,0.0,0.0,0.0,0.0,0.0,0.0,6.0,0.0,0.0,0.0,0.0,0.0,0.0,0.0,0.0,0.0,0.0,0.0,0.0,0.0
620,George,Earthy,Earthy,u,has joined Bristol City on loan for the rest of the season.,,4.5,443,265.0,0.0,595,225.0,0.0,643.0,243.0,0,0,0.0,0,0.0,0,16,0.0,0.2,0.0,0.0,1.0,456.0,206.0,0.0,0.0,690.0,274.0,445.0,215.0,432.0,213.0,476.0,220.0,,,,,,,,0.0,0.11,0.11,8.21,0.0,0.0,11.25,0.0,0.0,24,0.0,0.0,0.0,0.0,0.0,0.0,0.0,0.0,0.0,0.0,0.0,0.0,0.0,0.0,0.0,0.0,17.0,0.0,0.0,0.0,0.0,0.0,0.0,0.0,0.0,0.0,0.0,0.0,0.0,0.0
621,Andy,Irving,Irving,u,has joined Sparta Prague permanently.,,4.3,577,340.0,0.2,339,113.0,0.0,560.0,190.0,0,0,0.0,-2,2.0,0,127,0.0,2.1,0.0,0.0,1.3,413.0,183.0,0.0,0.0,410.0,182.0,310.0,175.0,428.0,211.0,406.0,184.0,3.0,,,,,,,0.0,0.1,0.1,2.32,0.0,0.0,2.31,1.15,12.69,24,0.0,0.0,0.0,0.0,0.0,0.0,0.0,0.0,0.0,0.0,0.0,0.0,0.0,0.0,0.0,0.0,153.0,0.0,0.0,0.0,0.0,0.0,0.0,0.0,0.0,0.0,0.0,0.0,0.0,0.0
622,Lewis,Orford,Orford,u,has joined Stevenage on loan for the rest of the season.,,4.4,542,325.0,0.1,570,210.0,0.0,601.0,216.0,0,0,0.0,-1,1.0,0,5,0.0,0.0,0.0,0.0,0.0,660.0,256.0,0.0,0.0,652.0,248.0,649.0,253.0,624.0,242.0,654.0,250.0,,,,,,,,0.0,0.0,0.0,0.0,0.0,0.0,0.0,0.0,0.0,24,0.0,0.0,0.0,0.0,0.0,0.0,0.0,0.0,0.0,0.0,0.0,0.0,0.0,0.0,0.0,0.0,6.0,0.0,0.0,0.0,0.0,0.0,0.0,0.0,0.0,0.0,0.0,0.0,0.0,0.0
623,Freddie,Potts,Potts,a,,,4.4,538,321.0,0.7,214,73.0,0.6,311.0,138.0,0,0,0.0,-1,1.0,106,335,0.1,6.8,0.6,0.6,1.8,348.0,154.0,100.0,100.0,256.0,109.0,191.0,127.0,315.0,164.0,283.0,139.0,1.0,,,,,,,0.02,0.1,0.12,1.79,0.0,0.0,2.11,0.92,9.07,24,0.0,0.0,0.0,0.0,0.0,0.0,0.0,0.0,0.0,0.0,0.0,0.0,0.0,0.0,0.0,144.0,561.0,0.0,0.0,0.0,0.0,0.0,0.0,0.0,0.0,0.0,0.0,0.0,0.0,0.0
624,Jarrod,Bowen,Bowen,a,,,7.6,20,6.0,8.4,47,10.0,5.6,11.0,3.0,7,0,0.0,-4,4.0,19432,2764,0.7,14.7,5.6,5.6,4.7,28.0,5.0,,,28.0,3.0,62.0,2.0,6.0,5.0,13.0,3.0,,1.0,2.0,,,,,0.24,0.08,0.32,1.67,0.0,0.04,1.97,1.0,6.7,24,7.0,80.0,1.0,0.0,0.0,2.0,0.0,0.0,0.0,0.0,0.0,0.0,1.0,1.0,33.0,21224.0,5904.0,0.0,0.2599999999999998,0.050000000000000044,0.3100000000000005,1.75,52.39999999999998,23.399999999999977,30.0,10.599999999999994,0.0,3.0,4.0,7.0
625,Niclas,Füllkrug,Füllkrug,u,has joined AC Milan on loan for the rest of the season.,,5.6,124,34.0,0.6,238,37.0,0.0,790.0,83.0,0,0,0.0,-4,4.0,0,73,0.0,2.1,0.0,0.0,1.5,399.0,46.0,0.0,0.0,418.0,46.0,247.0,25.0,175.0,40.0,326.0,39.0,,,,,,,,0.21,0.05,0.26,1.9,0.0,0.22,2.43,1.11,4.2,24,0.0,0.0,0.0,0.0,0.0,0.0,0.0,0.0,0.0,0.0,0.0,0.0,0.0,0.0,0.0,0.0,84.0,0.0,0.0,0.0,0.0,0.0,0.0,0.0,0.0,0.0,0.0,0.0,0.0,0.0
626,Callum,Marshall,Marshall,u,has joined VfL Bochum 1848 on loan for the rest of the season.,,4.3,608,84.0,0.6,242,38.0,0.0,575.0,53.0,0,0,0.0,-2,2.0,0,164,0.0,0.5,0.0,0.0,1.0,447.0,55.0,0.0,0.0,476.0,55.0,469.0,58.0,401.0,55.0,467.0,56.0,,,,,,,,0.2,0.0,0.2,2.41,0.0,0.0,3.1,0.0,4.66,24,0.0,0.0,0.0,0.0,0.0,0.0,0.0,0.0,0.0,0.0,0.0,0.0,0.0,0.0,0.0,0.0,190.0,0.0,0.0,0.0,0.0,0.0,0.0,0.0,0.0,0.0,0.0,0.0,0.0,0.0
659,Kyle,Walker-Peters,Walker-Peters,a,,,4.2,625,144.0,0.3,337,124.0,0.6,306.0,112.0,0,0,0.0,-3,3.0,58,67,0.1,7.1,0.6,0.6,1.9,332.0,124.0,,,228.0,92.0,239.0,69.0,221.0,57.0,257.0,88.0,,,,,,,,0.11,0.02,0.13,1.98,0.0,0.09,1.99,0.95,6.71,24,0.0,0.0,0.0,0.0,0.0,0.0,0.0,0.0,0.0,0.0,0.0,0.0,0.0,0.0,0.0,65.0,94.0,0.0,0.0,0.0,0.0,0.0,0.0,0.0,0.0,0.0,0.0,0.0,0.0,0.0
671,Callum,Wilson,Wilson,a,,,5.8,104,30.0,0.6,225,35.0,2.0,177.0,21.0,1,0,0.0,-2,2.0,261,596,0.3,10.3,2.0,2.0,3.0,192.0,18.0,,,217.0,19.0,274.0,27.0,51.0,20.0,163.0,19.0,,,,,,,,0.48,0.02,0.5,1.71,0.0,0.11,1.83,0.86,2.9,24,1.0,14.0,0.0,0.0,0.0,1.0,0.0,0.0,0.0,0.0,0.0,0.0,0.0,0.0,2.0,323.0,763.0,0.0,0.0,0.0,0.0,0.8400000000000016,0.0,1.7999999999999972,2.0,0.3999999999999986,0.0,0.0,0.0,0.0
679,Mads,Hermansen,Hermansen,a,,,4.2,634,37.0,0.2,366,54.0,0.0,547.0,82.0,0,0,0.0,-3,3.0,20,20,0.0,2.1,0.0,0.0,2.2,294.0,25.0,,,344.0,28.0,608.0,78.0,578.0,64.0,408.0,28.0,,,,,,,,0.0,0.0,0.0,1.36,2.25,0.25,2.75,1.0,0.0,24,0.0,0.0,0.0,0.0,0.0,0.0,0.0,0.0,0.0,0.0,0.0,0.0,0.0,0.0,0.0,24.0,30.0,0.0,0.0,0.0,0.0,0.0,0.0,0.0,0.0,0.0,0.0,0.0,0.0,0.0
708,Mateus Gonçalo,Espanha Fernandes,M.Fernandes,a,,,5.5,154,96.0,0.2,345,116.0,5.0,20.0,10.0,4,0,0.0,0,0.0,875,163,0.9,15.3,5.0,5.0,3.8,96.0,45.0,100.0,100.0,59.0,17.0,28.0,27.0,232.0,127.0,60.0,40.0,4.0,,,,,,,0.06,0.08,0.14,1.52,0.0,0.1,1.68,1.07,11.33,24,4.0,90.0,0.0,0.0,0.0,3.0,0.0,0.0,0.0,0.0,0.0,0.0,1.0,0.0,21.0,1074.0,292.0,0.0,0.08999999999999986,0.07000000000000006,0.1599999999999997,2.549999999999997,17.80000000000001,27.19999999999999,12.0,5.700000000000003,1.0,6.0,7.0,14.0
718,Soungoutou,Magassa,S.Magassa,a,,,5.0,276,169.0,0.0,644,261.0,0.2,395.0,182.0,0,0,0.0,0,0.0,1,20,0.0,6.6,0.2,0.2,2.4,271.0,117.0,,,272.0,116.0,280.0,163.0,317.0,166.0,318.0,153.0,,,,,,,,0.04,0.03,0.07,1.82,0.0,0.12,2.21,1.11,12.42,24,0.0,0.0,0.0,0.0,0.0,0.0,0.0,0.0,0.0,0.0,0.0,0.0,0.0,0.0,0.0,4.0,29.0,0.0,0.0,0.0,0.0,0.0,0.0,0.0,0.0,0.0,0.0,0.0,0.0,0.0
738,Lukasz,Fabianski,Fabianski,d,Back injury - 25% chance of playing,,4.5,403,20.0,0.0,625,79.0,0.0,617.0,86.0,0,0,0.0,0,0.0,3,17,0.0,0.0,0.0,0.0,0.0,674.0,89.0,25.0,25.0,669.0,89.0,664.0,82.0,641.0,70.0,671.0,89.0,,,,,,,,0.0,0.0,0.0,0.0,0.0,0.0,0.0,0.0,0.0,24,0.0,0.0,0.0,0.0,0.0,0.0,0.0,0.0,0.0,0.0,0.0,0.0,0.0,0.0,0.0,7.0,20.0,0.0,0.0,0.0,0.0,0.0,0.0,0.0,0.0,0.0,0.0,0.0,0.0,0.0
747,Ezra,Mayers,Mayers,a,,,4.0,714,197.0,0.0,647,226.0,0.4,329.0,122.0,0,0,0.0,0,0.0,13,9,0.1,1.2,0.4,0.4,1.0,440.0,163.0,,,427.0,161.0,347.0,121.0,385.0,141.0,420.0,153.0,,,,,,,,0.1,0.35,0.45,2.25,0.0,0.0,2.41,0.0,4.02,24,0.0,0.0,0.0,0.0,0.0,0.0,0.0,0.0,0.0,0.0,0.0,0.0,0.0,0.0,0.0,16.0,12.0,0.0,0.0,0.0,0.0,0.0,0.0,0.0,0.0,0.0,0.0,0.0,0.0,0.0
752,Airidas,Golambeckis,Golambeckis,a,,,4.0,725,208.0,0.0,662,231.0,0.0,538.0,227.0,0,0,0.0,0,0.0,10,8,0.0,0.0,0.0,0.0,0.0,616.0,242.0,,,607.0,242.0,600.0,242.0,568.0,238.0,609.0,242.0,,,,,,,,0.0,0.0,0.0,0.0,0.0,0.0,0.0,0.0,0.0,24,0.0,0.0,0.0,0.0,0.0,0.0,0.0,0.0,0.0,0.0,0.0,0.0,0.0,0.0,0.0,16.0,11.0,0.0,0.0,0.0,0.0,0.0,0.0,0.0,0.0,0.0,0.0,0.0,0.0,0.0
758,Mohamadou,Kanté,Mohamadou Kanté,a,,,4.5,500,309.0,0.0,735,313.0,0.0,688.0,280.0,0,0,0.0,0,0.0,6,9,0.0,0.7,0.0,0.0,1.0,465.0,214.0,,,458.0,209.0,400.0,198.0,415.0,205.0,455.0,207.0,,,,,,,,0.17,0.11,0.28,3.04,0.0,0.0,0.0,0.0,22.5,24,0.0,0.0,0.0,0.0,0.0,0.0,0.0,0.0,0.0,0.0,0.0,0.0,0.0,0.0,0.0,7.0,11.0,0.0,0.0,0.0,0.0,0.0,0.0,0.0,0.0,0.0,0.0,0.0,0.0,0.0
785,Pablo Felipe,Pereira de Jesus,Pablo,a,,,5.5,153,39.0,0.0,702,85.0,1.4,240.0,29.0,2,0,0.0,0,0.0,56,18,0.3,1.3,1.4,1.4,1.8,357.0,39.0,,,438.0,49.0,336.0,41.0,361.0,52.0,413.0,51.0,,,,,,,,0.13,0.03,0.16,1.36,0.0,0.0,1.5,1.12,8.62,24,2.0,66.0,0.0,0.0,0.0,1.0,0.0,0.0,0.0,0.0,0.0,0.0,1.0,0.0,9.0,63.0,33.0,0.0,0.0,0.04000000000000001,0.03999999999999998,0.9100000000000001,7.6,12.299999999999997,0.0,2.0,2.0,3.0,5.0,10.0
791,Valentín,Castellanos,Taty,a,,,5.5,144,36.0,0.0,602,79.0,2.2,166.0,19.0,2,0,0.0,0,0.0,170,78,0.4,1.6,2.2,2.2,2.2,301.0,30.0,,,416.0,45.0,324.0,36.0,143.0,35.0,338.0,41.0,,,,,,,,0.43,0.01,0.44,1.38,0.0,0.0,1.64,1.09,4.92,24,2.0,75.0,0.0,0.0,0.0,2.0,0.0,0.0,0.0,0.0,0.0,0.0,1.0,0.0,13.0,215.0,115.0,0.0,0.24,0.010000000000000002,0.25,1.7099999999999995,6.800000000000001,1.1999999999999957,50.0,5.800000000000001,0.0,2.0,3.0,5.0
802,Keiber,Lamadrid,Lamadrid,a,,,5.0,279,171.0,0.0,792,348.0,0.0,752.0,326.0,0,0,0.0,0,0.0,5,3,0.0,0.0,0.0,0.0,0.0,778.0,342.0,,,778.0,342.0,776.0,342.0,770.0,340.0,778.0,342.0,,,,,,,,0.0,0.0,0.0,0.0,0.0,0.0,0.0,0.0,0.0,24,0.0,0.0,0.0,0.0,0.0,0.0,0.0,0.0,0.0,0.0,0.0,0.0,0.0,0.0,0.0,6.0,4.0,0.0,0.0,0.0,0.0,0.0,0.0,0.0,0.0,0.0,0.0,0.0,0.0,0.0
627,Sam,Johnstone,Johnstone,a,,,4.4,514,26.0,0.1,423,64.0,0.0,586.0,85.0,0,0,0.0,-1,1.0,23,38,0.0,4.8,0.0,0.0,1.8,347.0,27.0,,,141.0,20.0,470.0,13.0,611.0,69.0,294.0,20.0,,,,,,,,0.0,0.0,0.0,1.55,3.25,0.0,2.0,1.0,0.0,24,0.0,0.0,0.0,0.0,0.0,0.0,0.0,0.0,0.0,0.0,0.0,0.0,0.0,0.0,0.0,32.0,45.0,0.0,0.0,0.0,0.0,0.0,0.0,0.0,0.0,0.0,0.0,0.0,0.0,0.0
628,José,Malheiro de Sá,José Sá,a,,,4.2,624,33.0,1.1,182,23.0,3.2,79.0,7.0,1,0,0.0,-3,3.0,292,205,0.8,6.7,3.2,3.2,2.3,278.0,22.0,,,224.0,21.0,405.0,5.0,574.0,60.0,337.0,21.0,,,,,,,,0.0,0.0,0.0,1.18,1.92,0.17,1.75,1.0,0.0,24,1.0,90.0,0.0,0.0,0.0,2.0,0.0,0.0,0.0,0.0,0.0,2.0,1.0,0.0,10.0,881.0,390.0,0.0,0.0,0.0,0.0,1.3600000000000012,21.400000000000006,0.0,0.0,2.1000000000000014,0.0,1.0,12.0,0.0
629,Daniel,Bentley,Bentley,a,,,3.9,731,69.0,0.5,258,34.0,0.0,440.0,30.0,0,0,0.0,-1,1.0,63,29,0.0,0.0,0.0,0.0,0.0,522.0,36.0,100.0,100.0,513.0,36.0,504.0,23.0,469.0,8.0,515.0,36.0,,,,,,,,0.0,0.0,0.0,0.0,0.0,0.0,0.0,0.0,0.0,24,0.0,0.0,0.0,0.0,0.0,0.0,0.0,0.0,0.0,0.0,0.0,0.0,0.0,0.0,0.0,97.0,47.0,0.0,0.0,0.0,0.0,0.0,0.0,0.0,0.0,0.0,0.0,0.0,0.0,0.0
631,Emmanuel,Agbadou,Agbadou,a,,,4.2,638,152.0,0.1,440,163.0,0.6,309.0,115.0,3,0,0.0,-3,3.0,9,15,0.1,5.5,0.6,0.6,1.6,375.0,140.0,100.0,100.0,136.0,60.0,264.0,79.0,253.0,72.0,222.0,75.0,,5.0,,,,,,0.05,0.03,0.08,1.49,0.0,0.0,2.37,0.98,10.23,24,3.0,90.0,0.0,0.0,0.0,2.0,0.0,0.0,0.0,0.0,0.0,0.0,1.0,0.0,11.0,14.0,22.0,0.0,0.06999999999999995,0.050000000000000044,0.12,1.360000000000003,25.400000000000034,10.799999999999997,6.0,4.199999999999996,4.0,6.0,4.0,10.0
632,Matt,Doherty,Doherty,a,,,4.4,513,99.0,0.1,492,178.0,0.0,585.0,238.0,0,0,0.0,-1,1.0,10,11,0.0,2.5,0.0,0.0,1.4,404.0,148.0,100.0,100.0,317.0,123.0,315.0,106.0,364.0,128.0,360.0,126.0,,,,,,,,0.01,0.03,0.04,1.39,0.0,0.15,1.65,1.2,7.06,24,0.0,0.0,0.0,0.0,0.0,0.0,0.0,0.0,0.0,0.0,0.0,0.0,0.0,0.0,0.0,20.0,15.0,0.0,0.0,0.0,0.0,0.0,0.0,0.0,0.0,0.0,0.0,0.0,0.0,0.0
633,Hugo,Bueno López,H.Bueno,a,,,4.3,590,137.0,0.1,412,151.0,4.4,32.0,10.0,2,0,0.0,-2,2.0,209,77,1.0,12.1,4.4,4.4,2.5,254.0,99.0,100.0,100.0,128.0,56.0,32.0,2.0,200.0,50.0,83.0,20.0,2.0,,,,,,,0.03,0.12,0.15,1.21,0.0,0.19,1.51,0.95,6.5,24,2.0,88.0,0.0,0.0,0.0,1.0,0.0,0.0,0.0,0.0,0.0,0.0,1.0,0.0,12.0,442.0,130.0,0.0,0.0,0.24,0.2400000000000002,0.5600000000000023,10.0,30.30000000000001,0.0,4.0,2.0,2.0,4.0,4.0
634,Yerson,Mosquera Valdelamar,Mosquera,a,,,4.3,598,140.0,0.1,504,181.0,3.4,69.0,26.0,0,0,0.0,-2,2.0,54,55,0.8,6.0,3.4,3.4,1.7,366.0,136.0,100.0,100.0,206.0,82.0,237.0,68.0,139.0,25.0,223.0,76.0,,,,,,,,0.1,0.02,0.12,1.3,0.0,0.16,1.74,1.03,8.71,24,0.0,90.0,0.0,0.0,0.0,2.0,0.0,0.0,0.0,1.0,0.0,0.0,1.0,0.0,106.0,194.0,80.0,0.0,0.10999999999999988,0.0,0.1100000000000001,1.3599999999999994,3.799999999999983,1.5999999999999943,8.0,1.3000000000000043,1.0,2.0,9.0,3.0
635,Rodrigo,Martins Gomes,R.Gomes,a,,,4.4,537,116.0,0.1,569,206.0,0.8,290.0,106.0,2,0,0.0,-1,1.0,8,5,0.2,3.9,0.8,0.8,1.9,335.0,127.0,100.0,100.0,367.0,140.0,321.0,107.0,203.0,52.0,332.0,113.0,,,,,,,,0.19,0.05,0.24,1.04,0.0,0.0,2.0,1.0,4.19,24,2.0,70.0,0.0,0.0,0.0,1.0,0.0,0.0,0.0,0.0,0.0,0.0,1.0,0.0,5.0,14.0,7.0,0.0,0.0,0.04000000000000001,0.040000000000000036,0.4500000000000002,6.799999999999997,6.300000000000004,2.0,1.5,2.0,1.0,1.0,3.0
636,Santiago,Ignacio Bueno,S.Bueno,a,,,4.4,524,108.0,0.1,484,174.0,3.4,71.0,28.0,2,0,0.0,-1,1.0,35,43,0.8,11.8,3.4,3.4,3.5,119.0,42.0,100.0,100.0,125.0,55.0,291.0,96.0,195.0,45.0,208.0,67.0,,,,,,,,0.11,0.03,0.14,1.22,0.0,0.14,1.67,0.98,7.87,24,2.0,88.0,0.0,0.0,0.0,1.0,0.0,0.0,0.0,0.0,0.0,0.0,1.0,0.0,9.0,128.0,67.0,0.0,0.06000000000000005,0.0,0.06000000000000005,0.5600000000000023,13.199999999999989,0.30000000000000426,5.0,1.8999999999999986,2.0,3.0,2.0,5.0
637,Toti,Gomes,Toti,i,Hamstring injury - Unknown return date,,4.2,637,151.0,0.1,508,183.0,0.0,550.0,232.0,0,0,0.0,-3,3.0,1,9,0.0,4.8,0.0,0.0,1.5,390.0,143.0,0.0,0.0,215.0,87.0,259.0,77.0,335.0,109.0,288.0,97.0,,,,,,,,0.0,0.02,0.02,1.7,0.0,0.0,2.37,1.14,7.97,24,0.0,0.0,0.0,0.0,0.0,0.0,0.0,0.0,0.0,0.0,0.0,0.0,0.0,0.0,0.0,1.0,16.0,0.0,0.0,0.0,0.0,0.0,0.0,0.0,0.0,0.0,0.0,0.0,0.0,0.0
638,Ki-Jana,Hoever,Hoever,u,has joined Sheffield United on loan for the rest of the season.,,3.8,786,241.0,1.1,179,69.0,0.0,420.0,160.0,0,0,0.0,-2,2.0,0,568,0.0,2.6,0.0,0.0,1.2,425.0,154.0,0.0,0.0,321.0,125.0,240.0,70.0,373.0,133.0,344.0,118.0,,,,,,,,0.0,0.08,0.08,1.99,0.0,0.0,2.77,1.28,8.51,24,0.0,0.0,0.0,0.0,0.0,0.0,0.0,0.0,0.0,0.0,0.0,0.0,0.0,0.0,0.0,0.0,711.0,0.0,0.0,0.0,0.0,0.0,0.0,0.0,0.0,0.0,0.0,0.0,0.0,0.0
639,Bastien,Meupiyou Menadjou,Meupiyou,u,On loan to FC Alverca,,4.0,703,187.0,0.0,746,254.0,0.0,519.0,209.0,0,0,0.0,0,0.0,0,1,0.0,0.0,0.0,0.0,0.0,598.0,225.0,0.0,0.0,589.0,225.0,582.0,225.0,550.0,221.0,591.0,225.0,,,,,,,,0.0,0.0,0.0,0.0,0.0,0.0,0.0,0.0,0.0,24,0.0,0.0,0.0,0.0,0.0,0.0,0.0,0.0,0.0,0.0,0.0,0.0,0.0,0.0,0.0,0.0,2.0,0.0,0.0,0.0,0.0,0.0,0.0,0.0,0.0,0.0,0.0,0.0,0.0,0.0
640,Pedro,Cardoso de Lima,Pedro Lima,a,,,4.0,723,206.0,0.4,278,105.0,0.4,331.0,124.0,1,0,0.0,0,0.0,20,30,0.1,0.5,0.4,0.4,1.0,441.0,164.0,100.0,100.0,484.0,173.0,458.0,168.0,426.0,160.0,487.0,174.0,,,,,,,,0.0,0.0,0.0,35.55,0.0,0.0,45.0,0.0,0.0,24,1.0,1.0,0.0,0.0,0.0,1.0,0.0,0.0,0.0,0.0,0.0,0.0,0.0,0.0,2.0,25.0,33.0,0.0,0.0,0.0,0.0,0.79,0.0,0.30000000000000004,2.0,0.2,0.0,0.0,0.0,0.0
641,Alfie,Pond,Pond,u,has joined Crewe Alexandra on loan for the rest of the season.,,3.9,763,223.0,1.0,183,72.0,0.0,464.0,181.0,0,0,0.0,-1,1.0,0,287,0.0,0.0,0.0,0.0,0.0,545.0,199.0,0.0,0.0,536.0,199.0,527.0,199.0,492.0,192.0,538.0,199.0,,,,,,,,0.0,0.0,0.0,0.0,0.0,0.0,0.0,0.0,0.0,24,0.0,0.0,0.0,0.0,0.0,0.0,0.0,0.0,0.0,0.0,0.0,0.0,0.0,0.0,0.0,0.0,348.0,0.0,0.0,0.0,0.0,0.0,0.0,0.0,0.0,0.0,0.0,0.0,0.0,0.0
642,Hwang,Hee-chan,Hee Chan,a,,,5.6,127,78.0,0.2,399,134.0,3.8,59.0,25.0,2,0,0.0,-4,4.0,93,139,0.7,7.7,3.8,3.8,2.3,286.0,124.0,100.0,100.0,291.0,132.0,166.0,111.0,154.0,88.0,242.0,117.0,,,3.0,,,,,0.18,0.08,0.26,1.21,0.0,0.16,1.55,1.14,5.15,24,2.0,69.0,0.0,0.0,0.0,1.0,0.0,0.0,0.0,0.0,0.0,0.0,1.0,0.0,13.0,250.0,185.0,0.0,0.10000000000000009,0.020000000000000018,0.11999999999999966,0.4499999999999993,9.200000000000017,23.400000000000006,7.0,4.0,0.0,0.0,3.0,3.0
643,André,Trindade da Costa Neto,André,a,,,5.3,204,126.0,0.1,522,186.0,1.6,221.0,94.0,3,0,0.0,-2,2.0,10,18,0.3,10.0,1.6,1.6,2.3,285.0,123.0,100.0,100.0,183.0,76.0,123.0,88.0,371.0,188.0,216.0,110.0,,,,,,,,0.01,0.04,0.05,1.46,0.0,0.05,1.77,0.96,12.57,24,3.0,79.0,0.0,0.0,0.0,1.0,0.0,0.0,0.0,1.0,0.0,0.0,1.0,0.0,14.0,26.0,28.0,0.0,0.01999999999999999,0.010000000000000009,0.030000000000000027,0.5100000000000016,12.400000000000006,14.799999999999983,1.0,2.8000000000000043,4.0,3.0,7.0,14.0
644,Jean-Ricner,Bellegarde,Bellegarde,a,,,5.1,231,142.0,0.0,618,239.0,0.2,396.0,183.0,1,0,0.0,-4,4.0,7,5,0.0,5.1,0.2,0.2,1.7,367.0,162.0,100.0,100.0,304.0,135.0,223.0,139.0,224.0,123.0,293.0,142.0,3.0,4.0,,,,,,0.1,0.08,0.18,1.63,0.0,0.13,2.68,1.15,7.8,24,1.0,19.0,0.0,0.0,0.0,1.0,0.0,0.0,0.0,0.0,0.0,0.0,0.0,0.0,7.0,13.0,9.0,0.0,0.030000000000000027,0.010000000000000009,0.040000000000000036,0.9100000000000001,4.599999999999994,10.700000000000003,2.0,1.7000000000000028,1.0,0.0,1.0,2.0
645,Fer,López González,Fer López,u,has joined Celta Vigo on loan for the rest of the season.,,5.1,240,147.0,0.0,643,260.0,0.0,761.0,334.0,0,0,0.0,-4,4.0,0,15,0.0,2.4,0.0,0.0,1.3,420.0,189.0,0.0,0.0,413.0,184.0,292.0,167.0,318.0,167.0,380.0,177.0,,,,,,,,0.06,0.24,0.3,1.57,0.0,0.0,3.55,0.79,4.74,24,0.0,0.0,0.0,0.0,0.0,0.0,0.0,0.0,0.0,0.0,0.0,0.0,0.0,0.0,0.0,0.0,16.0,0.0,0.0,0.0,0.0,0.0,0.0,0.0,0.0,0.0,0.0,0.0,0.0,0.0
646,João Victor,Gomes da Silva,Gomes,a,,,5.3,199,124.0,0.1,471,161.0,2.8,121.0,53.0,3,0,0.0,-2,2.0,34,33,0.5,11.3,2.8,2.8,2.6,247.0,107.0,100.0,100.0,156.0,58.0,85.0,63.0,186.0,107.0,126.0,69.0,,,,,,,,0.04,0.06,0.1,1.29,0.0,0.1,1.76,1.02,12.49,24,3.0,90.0,0.0,0.0,0.0,2.0,0.0,0.0,0.0,1.0,0.0,0.0,1.0,0.0,15.0,79.0,73.0,0.0,0.05999999999999994,0.08999999999999986,0.15000000000000013,1.3599999999999994,15.0,16.200000000000017,15.0,4.6000000000000085,4.0,3.0,6.0,13.0
647,Gonçalo Manuel,Ganchinho Guedes,Guedes,u,Has joined Real Sociedad permanently.,,5.5,140,86.0,0.0,776,338.0,0.0,785.0,349.0,0,0,0.0,0,0.0,0,0,0.0,0.0,0.0,0.0,0.0,793.0,353.0,0.0,0.0,793.0,353.0,792.0,353.0,789.0,352.0,793.0,353.0,,,,,,,,0.0,0.0,0.0,0.0,0.0,0.0,0.0,0.0,0.0,24,0.0,0.0,0.0,0.0,0.0,0.0,0.0,0.0,0.0,0.0,0.0,0.0,0.0,0.0,0.0,0.0,1.0,0.0,0.0,0.0,0.0,0.0,0.0,0.0,0.0,0.0,0.0,0.0,0.0,0.0
648,Marshall,Munetsi,Munetsi,u,has joined Paris FC on loan for the rest of the season.,,5.3,198,123.0,0.0,615,237.0,0.0,769.0,338.0,0,0,0.0,-2,2.0,0,11,0.0,7.2,0.0,0.0,2.9,205.0,85.0,0.0,0.0,257.0,110.0,289.0,166.0,107.0,64.0,241.0,116.0,,,,,,,,0.17,0.04,0.21,1.38,0.0,0.0,1.96,0.93,8.26,24,0.0,0.0,0.0,0.0,0.0,0.0,0.0,0.0,0.0,0.0,0.0,0.0,0.0,0.0,0.0,0.0,14.0,0.0,0.0,0.0,0.0,0.0,0.0,0.0,0.0,0.0,0.0,0.0,0.0,0.0
649,Boubacar,Traoré,B.Traore,u,Has joined FC Metz on loan for the rest of the season.,,5.0,262,159.0,0.0,800,356.0,0.0,744.0,320.0,0,0,0.0,0,0.0,0,0,0.0,0.0,0.0,0.0,0.0,771.0,337.0,0.0,0.0,771.0,337.0,769.0,337.0,762.0,335.0,771.0,337.0,,,,,,,,0.0,0.0,0.0,0.0,0.0,0.0,0.0,0.0,0.0,24,0.0,0.0,0.0,0.0,0.0,0.0,0.0,0.0,0.0,0.0,0.0,0.0,0.0,0.0,0.0,0.0,0.0,0.0,0.0,0.0,0.0,0.0,0.0,0.0,0.0,0.0,0.0,0.0,0.0,0.0
663,Jhon,Arias,J.Arias,a,,,4.9,317,196.0,0.2,407,137.0,2.6,135.0,60.0,1,0,0.0,-6,6.0,12,42,0.5,9.2,2.6,2.6,2.0,324.0,144.0,,,252.0,108.0,124.0,89.0,148.0,84.0,193.0,100.0,1.0,1.0,,,,,,0.27,0.05,0.32,1.29,0.0,0.16,1.69,1.13,10.15,24,1.0,10.0,0.0,0.0,0.0,1.0,0.0,0.0,0.0,0.0,0.0,0.0,0.0,0.0,3.0,31.0,60.0,0.0,0.0,0.010000000000000009,0.009999999999999787,0.8499999999999996,1.0,0.30000000000001137,2.0,0.30000000000000426,1.0,0.0,2.0,3.0
682,David,Møller Wolfe,Møller Wolfe,a,,,4.3,595,139.0,0.1,542,197.0,0.4,335.0,126.0,1,0,0.0,-2,2.0,5,4,0.1,4.9,0.4,0.4,1.4,403.0,147.0,,,307.0,117.0,215.0,56.0,305.0,96.0,312.0,106.0,,,,,,,,0.02,0.13,0.15,1.8,0.0,0.0,2.43,1.02,4.09,24,1.0,1.0,0.0,0.0,0.0,1.0,0.0,0.0,0.0,0.0,0.0,0.0,0.0,0.0,0.0,10.0,5.0,0.0,0.0,0.030000000000000027,0.029999999999999805,0.7899999999999991,2.0,4.299999999999997,0.0,0.5999999999999979,0.0,0.0,0.0,0.0
695,Jackson,Tchatchoua,Tchatchoua,a,,,4.4,544,117.0,0.0,637,222.0,2.6,134.0,45.0,0,0,0.0,-1,1.0,4,13,0.6,8.2,2.6,2.6,1.6,378.0,141.0,,,219.0,88.0,108.0,26.0,319.0,101.0,217.0,71.0,,,,,,,,0.02,0.07,0.09,1.2,0.0,0.15,1.82,0.87,5.53,24,0.0,0.0,0.0,0.0,0.0,0.0,0.0,0.0,0.0,0.0,0.0,0.0,0.0,0.0,0.0,22.0,19.0,0.0,0.0,0.0,0.0,0.0,0.0,0.0,0.0,0.0,0.0,0.0,0.0,0.0
709,Ladislav,Krejcí,Krejčí,d,Illness - 75% chance of playing,,4.5,424,84.0,0.1,532,194.0,3.0,98.0,33.0,0,0,0.0,0,0.0,9,100,0.7,10.2,2.2,2.2,2.6,241.0,95.0,75.0,75.0,90.0,41.0,206.0,52.0,106.0,16.0,124.0,40.0,,,,,,,,0.11,0.07,0.18,1.35,0.0,0.11,1.83,1.03,6.94,24,0.0,0.0,0.0,0.0,0.0,0.0,0.0,0.0,0.0,0.0,0.0,0.0,0.0,0.0,0.0,29.0,146.0,0.0,0.0,0.0,0.0,0.0,0.0,0.0,0.0,0.0,0.0,0.0,0.0,0.0
720,Tolu,Arokodare,Tolu,a,,,5.4,176,43.0,0.1,515,72.0,1.8,197.0,24.0,2,0,0.0,-1,1.0,47,70,0.3,6.9,1.8,1.8,1.9,344.0,37.0,,,333.0,34.0,201.0,20.0,59.0,22.0,206.0,23.0,,2.0,,,,,,0.24,0.03,0.27,1.13,0.0,0.21,2.04,0.97,5.26,24,2.0,90.0,0.0,0.0,0.0,2.0,0.0,0.0,0.0,0.0,0.0,0.0,1.0,0.0,7.0,75.0,96.0,0.0,0.5799999999999998,0.03999999999999998,0.6200000000000001,1.3600000000000012,12.0,4.6000000000000085,70.0,8.700000000000003,1.0,1.0,1.0,3.0
749,Mateus,Mané,Mané,a,,,4.6,402,65.0,1.9,134,20.0,5.4,12.0,4.0,2,0,0.0,1,-1.0,1921,2484,1.2,8.7,5.4,5.4,3.1,172.0,14.0,,,258.0,23.0,158.0,13.0,161.0,38.0,225.0,27.0,,,,,,,,0.11,0.15,0.26,1.22,0.0,0.25,1.51,0.88,5.91,24,2.0,90.0,0.0,0.0,0.0,2.0,0.0,0.0,0.0,0.0,0.0,0.0,1.0,0.0,17.0,6985.0,3323.0,0.0,0.16000000000000003,0.44999999999999996,0.6099999999999999,1.3599999999999994,16.0,34.400000000000006,19.0,6.899999999999999,1.0,1.0,5.0,7.0
766,Saheed,Olagunju,Olagunju,a,,,4.0,713,196.0,0.0,681,235.0,0.0,529.0,218.0,0,0,0.0,0,0.0,24,6,0.0,0.0,0.0,0.0,0.0,607.0,233.0,,,598.0,233.0,591.0,233.0,559.0,229.0,600.0,233.0,,,,,,,,0.0,0.0,0.0,0.0,0.0,0.0,0.0,0.0,0.0,24,0.0,0.0,0.0,0.0,0.0,0.0,0.0,0.0,0.0,0.0,0.0,0.0,0.0,0.0,0.0,28.0,8.0,0.0,0.0,0.0,0.0,0.0,0.0,0.0,0.0,0.0,0.0,0.0,0.0,0.0
767,Luke,Rawlings,Rawlings,a,,,4.5,489,300.0,0.0,763,330.0,0.0,679.0,272.0,0,0,0.0,0,0.0,5,4,0.0,0.0,0.0,0.0,0.0,727.0,304.0,,,726.0,303.0,721.0,303.0,704.0,298.0,726.0,303.0,,,,,,,,0.0,0.0,0.0,0.0,0.0,0.0,0.0,0.0,0.0,24,0.0,0.0,0.0,0.0,0.0,0.0,0.0,0.0,0.0,0.0,0.0,0.0,0.0,0.0,0.0,7.0,5.0,0.0,0.0,0.0,0.0,0.0,0.0,0.0,0.0,0.0,0.0,0.0,0.0,0.0
777,Temple,Ojinnaka,Ojinnaka,a,,,4.5,451,270.0,0.0,777,339.0,0.0,648.0,248.0,0,0,0.0,0,0.0,3,5,0.0,0.0,0.0,0.0,0.0,699.0,283.0,,,695.0,279.0,692.0,281.0,672.0,273.0,696.0,280.0,,,,,,,,0.0,0.0,0.0,0.0,0.0,0.0,0.0,0.0,0.0,24,0.0,0.0,0.0,0.0,0.0,0.0,0.0,0.0,0.0,0.0,0.0,0.0,0.0,0.0,0.0,5.0,6.0,0.0,0.0,0.0,0.0,0.0,0.0,0.0,0.0,0.0,0.0,0.0,0.0,0.0
778,Ethan,Sutherland,Sutherland,a,,,4.5,481,294.0,0.0,745,319.0,0.0,671.0,266.0,0,0,0.0,0,0.0,6,6,0.0,0.0,0.0,0.0,0.0,719.0,298.0,,,718.0,297.0,713.0,297.0,696.0,292.0,718.0,297.0,,,,,,,,0.0,0.0,0.0,0.0,0.0,0.0,0.0,0.0,0.0,24,0.0,0.0,0.0,0.0,0.0,0.0,0.0,0.0,0.0,0.0,0.0,0.0,0.0,0.0,0.0,12.0,8.0,0.0,0.0,0.0,0.0,0.0,0.0,0.0,0.0,0.0,0.0,0.0,0.0,0.0
809,Jerome,Abbey,Abbey,a,,,4.5,509,315.0,0.0,809,363.0,0.0,694.0,285.0,0,0,0.0,0,0.0,1,0,0.0,0.0,1.3,1.3,0.0,740.0,315.0,,,740.0,315.0,735.0,315.0,719.0,311.0,740.0,315.0,,,,,,,,0.0,0.0,0.0,0.0,0.0,0.0,0.0,0.0,0.0,24,0.0,0.0,0.0,0.0,0.0,0.0,0.0,0.0,0.0,0.0,0.0,0.0,0.0,0.0,0.0,1.0,0.0,0.0,0.0,0.0,0.0,0.0,0.0,0.0,0.0,0.0,0.0,0.0,0.0,0.0
140,Tom,McGill,McGill,a,,,3.9,740,76.0,0.3,308,41.0,0.0,448.0,37.0,0,0,0.0,-1,1.0,13,28,0.0,0.0,0.0,0.0,0.0,529.0,43.0,,,520.0,43.0,511.0,30.0,476.0,15.0,522.0,43.0,,,,,,,,0.0,0.0,0.0,0.0,0.0,0.0,0.0,0.0,0.0,24,0.0,0.0,0.0,0.0,0.0,0.0,0.0,0.0,0.0,0.0,0.0,0.0,0.0,0.0,0.0,17.0,41.0,0.0,0.0,0.0,0.0,0.0,0.0,0.0,0.0,0.0,0.0,0.0,0.0,0.0
141,Carl,Rushworth,Rushworth,u,Has joined Coventry City on loan for the rest of the season.,,4.0,679,55.0,0.0,787,89.0,0.0,497.0,67.0,0,0,0.0,0,0.0,0,0,0.0,0.0,0.0,0.0,0.0,578.0,73.0,0.0,0.0,569.0,73.0,562.0,62.0,529.0,47.0,571.0,73.0,,,,,,,,0.0,0.0,0.0,0.0,0.0,0.0,0.0,0.0,0.0,24,0.0,0.0,0.0,0.0,0.0,0.0,0.0,0.0,0.0,0.0,0.0,0.0,0.0,0.0,0.0,0.0,0.0,0.0,0.0,0.0,0.0,0.0,0.0,0.0,0.0,0.0,0.0,0.0,0.0,0.0
142,Kjell,Scherpen,Scherpen,u,Has joined Union SG permanently,,4.0,667,48.0,0.0,789,90.0,0.0,487.0,60.0,0,0,0.0,0,0.0,0,0,0.0,0.0,0.0,0.0,0.0,568.0,66.0,0.0,0.0,559.0,66.0,552.0,55.0,519.0,40.0,561.0,66.0,,,,,,,,0.0,0.0,0.0,0.0,0.0,0.0,0.0,0.0,0.0,24,0.0,0.0,0.0,0.0,0.0,0.0,0.0,0.0,0.0,0.0,0.0,0.0,0.0,0.0,0.0,0.0,0.0,0.0,0.0,0.0,0.0,0.0,0.0,0.0,0.0,0.0,0.0,0.0,0.0,0.0
511,Felipe,Rodrigues da Silva,Morato,a,,,4.3,586,135.0,0.1,509,184.0,0.4,333.0,125.0,0,0,0.0,-2,2.0,7,11,0.1,5.1,0.4,0.4,2.0,321.0,122.0,,,253.0,102.0,414.0,150.0,408.0,153.0,356.0,124.0,,,,,,,,0.0,0.01,0.01,1.37,0.0,0.13,1.77,1.01,9.1,24,0.0,0.0,0.0,0.0,0.0,0.0,0.0,0.0,0.0,0.0,0.0,0.0,0.0,0.0,0.0,9.0,13.0,0.0,0.0,0.0,0.0,0.0,0.0,0.0,0.0,0.0,0.0,0.0,0.0,0.0
512,Omar,Richards,O.Richards,u,has joined Rio Ave on loan for the rest of the season.,,4.5,416,79.0,0.0,672,233.0,0.0,624.0,247.0,0,0,0.0,0,0.0,0,3,0.0,0.0,0.0,0.0,0.0,680.0,252.0,0.0,0.0,675.0,252.0,671.0,252.0,648.0,250.0,677.0,252.0,,,,,,,,0.0,0.0,0.0,0.0,0.0,0.0,0.0,0.0,0.0,24,0.0,0.0,0.0,0.0,0.0,0.0,0.0,0.0,0.0,0.0,0.0,0.0,0.0,0.0,0.0,0.0,3.0,0.0,0.0,0.0,0.0,0.0,0.0,0.0,0.0,0.0,0.0,0.0,0.0,0.0
513,Zach,Abbott,Abbott,a,,,3.8,799,254.0,0.3,338,125.0,0.0,431.0,171.0,0,0,0.0,-2,2.0,38,73,0.0,0.3,0.0,0.0,1.0,437.0,160.0,,,437.0,163.0,455.0,167.0,459.0,183.0,457.0,165.0,,,,,,,,0.0,0.0,0.0,1.26,0.0,0.0,2.0,0.0,14.0,24,0.0,0.0,0.0,0.0,0.0,0.0,0.0,0.0,0.0,0.0,0.0,0.0,0.0,0.0,0.0,43.0,87.0,0.0,0.0,0.0,0.0,0.0,0.0,0.0,0.0,0.0,0.0,0.0,0.0,0.0
514,Willy,Boly,Boly,a,,,3.8,775,231.0,0.4,281,107.0,0.0,412.0,153.0,0,0,0.0,-2,2.0,179,67,0.0,0.0,0.0,0.0,0.0,500.0,178.0,100.0,100.0,490.0,177.0,477.0,174.0,441.0,166.0,492.0,177.0,,,,,,,,0.0,0.0,0.0,0.0,0.0,0.0,0.0,0.0,0.0,24,0.0,0.0,0.0,0.0,0.0,0.0,0.0,0.0,0.0,0.0,0.0,0.0,0.0,0.0,0.0,215.0,86.0,0.0,0.0,0.0,0.0,0.0,0.0,0.0,0.0,0.0,0.0,0.0,0.0,0.0
172,Tom,Watson,Watson,a,,,4.8,372,233.0,0.0,627,247.0,0.2,390.0,179.0,0,0,0.0,-2,2.0,5,5,0.0,1.0,0.2,0.2,0.8,492.0,232.0,100.0,100.0,454.0,206.0,440.0,211.0,402.0,196.0,458.0,209.0,,,,,,,,0.06,0.05,0.11,2.72,0.0,0.0,3.16,0.0,7.89,24,0.0,0.0,0.0,0.0,0.0,0.0,0.0,0.0,0.0,0.0,0.0,0.0,0.0,0.0,0.0,6.0,5.0,0.0,0.0,0.0,0.0,0.0,0.0,0.0,0.0,0.0,0.0,0.0,0.0,0.0
173,Mats,Wieffer,Wieffer,i,Toe Injury - Unknown return date,,4.9,332,205.0,0.1,425,142.0,0.0,730.0,309.0,0,0,0.0,-1,1.0,0,124,0.0,11.8,0.0,0.0,3.6,110.0,52.0,0.0,0.0,145.0,50.0,103.0,75.0,173.0,99.0,131.0,71.0,,,,,,,,0.09,0.11,0.2,1.25,0.0,0.23,1.3,0.99,14.05,24,0.0,0.0,0.0,0.0,0.0,0.0,0.0,0.0,0.0,0.0,0.0,0.0,0.0,0.0,0.0,0.0,204.0,0.0,0.0,0.0,0.0,0.0,0.0,0.0,0.0,0.0,0.0,0.0,0.0,0.0
715,John Victor,Maciel Furtado,John,i,Knee injury - Expected back 01 Jun,,4.0,663,46.0,0.4,274,37.0,0.2,367.0,24.0,0,0,0.0,0,0.0,10,171,0.0,2.8,0.0,0.0,2.2,291.0,23.0,0.0,0.0,384.0,29.0,548.0,53.0,515.0,38.0,424.0,29.0,,,,,,,,0.0,0.0,0.0,1.26,1.24,0.21,1.65,1.03,0.0,24,0.0,0.0,0.0,0.0,0.0,0.0,0.0,0.0,0.0,0.0,0.0,0.0,0.0,0.0,0.0,13.0,225.0,0.0,0.0,0.0,0.0,0.0,0.0,0.0,0.0,0.0,0.0,0.0,0.0,0.0
716,Nicolò,Savona,Savona,i,Knee injury - Unknown return date,,4.5,449,91.0,0.1,479,173.0,0.2,378.0,142.0,0,0,0.0,0,0.0,0,228,0.0,8.7,0.0,0.0,2.8,217.0,85.0,0.0,0.0,207.0,83.0,194.0,48.0,227.0,60.0,231.0,80.0,,,,,,,,0.12,0.04,0.16,1.32,0.0,0.26,1.58,0.97,5.0,24,0.0,0.0,0.0,0.0,0.0,0.0,0.0,0.0,0.0,0.0,0.0,0.0,0.0,0.0,0.0,0.0,330.0,0.0,0.0,0.0,0.0,0.0,0.0,0.0,0.0,0.0,0.0,0.0,0.0,0.0
729,Luis Eduardo,Soares da Silva,Cuiabano,a,,,4.5,468,93.0,0.0,802,263.0,0.0,660.0,251.0,0,0,0.0,0,0.0,4,0,0.0,0.0,0.0,0.0,0.0,709.0,255.0,100.0,100.0,707.0,255.0,703.0,255.0,685.0,254.0,708.0,255.0,,,,,,,,0.0,0.0,0.0,0.0,0.0,0.0,0.0,0.0,0.0,24,0.0,0.0,0.0,0.0,0.0,0.0,0.0,0.0,0.0,0.0,0.0,0.0,0.0,0.0,0.0,4.0,0.0,0.0,0.0,0.0,0.0,0.0,0.0,0.0,0.0,0.0,0.0,0.0,0.0,0.0
734,Dilane,Bakwa,Bakwa,a,,,5.9,101,66.0,0.0,677,281.0,1.0,282.0,127.0,0,0,0.0,-1,1.0,11,8,0.2,2.0,1.0,1.0,1.5,400.0,179.0,100.0,100.0,389.0,171.0,210.0,134.0,259.0,139.0,329.0,160.0,,,,,,,,0.12,0.2,0.32,1.64,0.0,0.0,2.09,0.89,6.85,24,0.0,0.0,0.0,0.0,0.0,0.0,0.0,0.0,0.0,0.0,0.0,0.0,0.0,0.0,0.0,13.0,10.0,0.0,0.0,0.0,0.0,0.0,0.0,0.0,0.0,0.0,0.0,0.0,0.0,0.0
805,Lorenzo,Lucca,Lucca,a,,,5.5,149,37.0,0.0,751,89.0,0.0,787.0,81.0,0,0,0.0,0,0.0,57,10,0.0,0.0,1.9,1.9,0.0,794.0,85.0,,,794.0,85.0,793.0,85.0,790.0,85.0,794.0,85.0,,,,,,,,0.0,0.0,0.0,0.0,0.0,0.0,0.0,0.0,0.0,24,0.0,0.0,0.0,0.0,0.0,0.0,0.0,0.0,0.0,0.0,0.0,0.0,0.0,0.0,0.0,66.0,10.0,0.0,0.0,0.0,0.0,0.0,0.0,0.0,0.0,0.0,0.0,0.0,0.0,0.0
531,Daniel,Ballard,Ballard,a,,,4.6,396,68.0,3.1,105,41.0,1.6,210.0,78.0,0,0,0.0,1,-1.0,462,1300,0.3,18.0,0.6,1.6,4.4,35.0,15.0,100.0,100.0,50.0,23.0,227.0,63.0,52.0,2.0,73.0,15.0,,,,,,,,0.13,0.03,0.16,1.35,0.0,0.26,1.22,0.96,10.92,24,0.0,0.0,0.0,0.0,0.0,0.0,0.0,0.0,0.0,0.0,0.0,0.0,0.0,0.0,0.0,977.0,1679.0,0.0,0.0,0.0,0.0,0.0,0.0,0.0,0.0,0.0,0.0,0.0,0.0,0.0
532,Trai,Hume,Hume,a,,,4.5,440,88.0,0.3,295,112.0,0.6,314.0,118.0,0,0,0.0,0,0.0,26,121,0.1,14.7,-0.4,0.6,2.9,200.0,79.0,,,142.0,62.0,102.0,24.0,145.0,28.0,129.0,41.0,2.0,,,,,,,0.05,0.04,0.09,1.48,0.0,0.29,1.15,1.01,6.33,24,0.0,0.0,0.0,0.0,0.0,0.0,0.0,0.0,0.0,0.0,0.0,0.0,0.0,0.0,0.0,42.0,175.0,0.0,0.0,0.0,0.0,0.0,0.0,0.0,0.0,0.0,0.0,0.0,0.0,0.0
533,Aji,Alese,Alese,u,has joined Portsmouth on loan for the rest of the season.,,4.0,662,164.0,0.0,767,260.0,0.0,483.0,190.0,0,0,0.0,0,0.0,0,3,0.0,0.0,0.0,0.0,0.0,564.0,208.0,0.0,0.0,555.0,208.0,547.0,208.0,514.0,203.0,557.0,208.0,,,,,,,,0.0,0.0,0.0,0.0,0.0,0.0,0.0,0.0,0.0,24,0.0,0.0,0.0,0.0,0.0,0.0,0.0,0.0,0.0,0.0,0.0,0.0,0.0,0.0,0.0,0.0,3.0,0.0,0.0,0.0,0.0,0.0,0.0,0.0,0.0,0.0,0.0,0.0,0.0,0.0
543,Simon,Adingra,Adingra,a,,,4.9,340,210.0,0.4,268,91.0,0.6,317.0,141.0,0,0,0.0,-6,6.0,34,97,0.1,6.9,-0.4,0.6,2.4,270.0,116.0,,,350.0,156.0,203.0,132.0,255.0,138.0,309.0,149.0,,,,,,,,0.05,0.09,0.14,1.57,0.0,0.55,1.11,1.25,6.24,24,0.0,0.0,0.0,0.0,0.0,0.0,0.0,0.0,0.0,0.0,0.0,0.0,0.0,0.0,0.0,52.0,131.0,0.0,0.0,0.0,0.0,0.0,0.0,0.0,0.0,0.0,0.0,0.0,0.0,0.0
544,Habib,Diarra,Diarra,a,,,5.3,205,127.0,0.0,607,233.0,0.0,771.0,339.0,0,0,0.0,-2,2.0,12,16,0.0,2.5,-1.0,0.0,2.2,300.0,132.0,100.0,100.0,432.0,193.0,346.0,181.0,298.0,155.0,400.0,182.0,,,1.0,,,,,0.12,0.02,0.14,1.01,0.0,0.43,0.43,0.87,5.62,24,0.0,0.0,0.0,0.0,0.0,0.0,0.0,0.0,0.0,0.0,0.0,0.0,0.0,0.0,0.0,17.0,18.0,0.0,0.0,0.0,0.0,0.0,0.0,0.0,0.0,0.0,0.0,0.0,0.0,0.0
545,Patrick,Roberts,Roberts,u,has joined Birmingham City on loan for the rest of the season.,,5.4,160,99.0,0.0,710,301.0,0.0,773.0,340.0,0,0,0.0,-1,1.0,0,1,0.0,0.2,0.0,0.0,1.0,482.0,227.0,0.0,0.0,473.0,219.0,421.0,205.0,411.0,202.0,462.0,213.0,,,,,,,,0.1,0.07,0.17,2.2,0.0,0.0,3.33,0.0,3.33,24,0.0,0.0,0.0,0.0,0.0,0.0,0.0,0.0,0.0,0.0,0.0,0.0,0.0,0.0,0.0,0.0,1.0,0.0,0.0,0.0,0.0,0.0,0.0,0.0,0.0,0.0,0.0,0.0,0.0,0.0
546,Milan,Aleksić,Aleksić,a,,,4.9,345,215.0,0.0,687,287.0,0.0,735.0,313.0,0,0,0.0,-1,1.0,3,1,0.0,0.0,-1.0,0.0,0.0,765.0,332.0,100.0,100.0,765.0,332.0,761.0,332.0,753.0,330.0,765.0,332.0,,,,,,,,0.0,0.0,0.0,0.0,0.0,0.0,0.0,0.0,0.0,24,0.0,0.0,0.0,0.0,0.0,0.0,0.0,0.0,0.0,0.0,0.0,0.0,0.0,0.0,0.0,3.0,1.0,0.0,0.0,0.0,0.0,0.0,0.0,0.0,0.0,0.0,0.0,0.0,0.0,0.0
547,Enzo,Le Fée,E.Le Fée,a,,,4.9,335,207.0,1.4,156,52.0,2.8,118.0,52.0,0,0,0.0,-1,1.0,441,1472,0.6,16.5,1.8,2.8,3.7,102.0,49.0,100.0,100.0,76.0,24.0,19.0,18.0,130.0,75.0,38.0,28.0,3.0,2.0,2.0,,,,,0.19,0.12,0.31,1.46,0.0,0.31,1.18,1.03,8.87,24,0.0,0.0,0.0,0.0,0.0,0.0,0.0,0.0,0.0,0.0,0.0,0.0,0.0,0.0,0.0,1411.0,2120.0,0.0,0.0,0.0,0.0,0.0,0.0,0.0,0.0,0.0,0.0,0.0,0.0,0.0
34,Joe,Gauci,Gauci,u,Has joined Port Vale on loan for the rest of the season.,,4.0,676,53.0,0.1,481,74.0,0.0,495.0,65.0,0,0,0.0,0,0.0,0,4,0.0,0.0,0.0,0.0,0.0,576.0,71.0,0.0,0.0,567.0,71.0,560.0,60.0,527.0,45.0,569.0,71.0,,,,,,,,0.0,0.0,0.0,0.0,0.0,0.0,0.0,0.0,0.0,24,0.0,0.0,0.0,0.0,0.0,0.0,0.0,0.0,0.0,0.0,0.0,0.0,0.0,0.0,0.0,0.0,4.0,0.0,0.0,0.0,0.0,0.0,0.0,0.0,0.0,0.0,0.0,0.0,0.0,0.0
35,Filip,Marschall,Marschall,u,Has joined Stevenage permanently.,,4.0,675,52.0,0.0,732,84.0,0.0,494.0,64.0,0,0,0.0,0,0.0,0,1,0.0,0.0,0.0,0.0,0.0,575.0,70.0,0.0,0.0,566.0,70.0,559.0,59.0,526.0,44.0,568.0,70.0,,,,,,,,0.0,0.0,0.0,0.0,0.0,0.0,0.0,0.0,0.0,24,0.0,0.0,0.0,0.0,0.0,0.0,0.0,0.0,0.0,0.0,0.0,0.0,0.0,0.0,0.0,0.0,1.0,0.0,0.0,0.0,0.0,0.0,0.0,0.0,0.0,0.0,0.0,0.0,0.0,0.0
36,Matty,Cash,Cash,a,,,4.8,354,58.0,11.7,36,12.0,3.8,54.0,22.0,0,0,0.0,3,-3.0,6420,2184,0.8,19.8,3.8,3.8,4.3,42.0,18.0,100.0,100.0,54.0,26.0,59.0,11.0,172.0,36.0,66.0,12.0,1.0,,,,,,,0.03,0.09,0.12,1.36,0.0,0.32,0.92,1.01,5.67,24,0.0,0.0,0.0,0.0,0.0,0.0,0.0,0.0,0.0,0.0,0.0,0.0,0.0,0.0,0.0,10162.0,3540.0,0.0,0.0,0.0,0.0,0.0,0.0,0.0,0.0,0.0,0.0,0.0,0.0,0.0
37,Lucas,Digne,Digne,a,,,4.5,406,73.0,1.6,148,58.0,2.8,113.0,37.0,0,0,0.0,0,0.0,628,318,0.6,15.1,2.8,2.8,3.1,169.0,69.0,100.0,100.0,178.0,74.0,72.0,16.0,206.0,53.0,133.0,43.0,2.0,2.0,,,,,,0.04,0.16,0.2,1.36,0.0,0.44,0.88,1.03,4.93,24,0.0,0.0,0.0,0.0,0.0,0.0,0.0,0.0,0.0,0.0,0.0,0.0,0.0,0.0,0.0,815.0,463.0,0.0,0.0,0.0,0.0,0.0,0.0,0.0,0.0,0.0,0.0,0.0,0.0,0.0
38,Ezri,Konsa Ngoyo,Konsa,a,,,4.4,519,104.0,7.5,53,17.0,3.4,70.0,27.0,0,0,0.0,-1,1.0,2770,887,0.8,15.9,3.4,3.4,3.2,152.0,60.0,100.0,100.0,79.0,35.0,271.0,84.0,247.0,69.0,175.0,55.0,,,,,,,,0.02,0.02,0.04,1.47,0.0,0.32,1.1,1.01,5.98,24,0.0,0.0,0.0,0.0,0.0,0.0,0.0,0.0,0.0,0.0,0.0,0.0,0.0,0.0,0.0,3979.0,1389.0,0.0,0.0,0.0,0.0,0.0,0.0,0.0,0.0,0.0,0.0,0.0,0.0,0.0
60,Ben,Broggio,Broggio,a,,,4.4,555,333.0,0.3,323,107.0,0.0,611.0,222.0,0,0,0.0,-1,1.0,40,40,0.0,0.0,0.0,0.0,0.0,669.0,261.0,,,663.0,255.0,659.0,259.0,635.0,249.0,665.0,257.0,,,,,,,,0.0,0.0,0.0,0.0,0.0,0.0,0.0,0.0,0.0,24,0.0,0.0,0.0,0.0,0.0,0.0,0.0,0.0,0.0,0.0,0.0,0.0,0.0,0.0,0.0,44.0,50.0,0.0,0.0,0.0,0.0,0.0,0.0,0.0,0.0,0.0,0.0,0.0,0.0,0.0
114,Benjamin,Arthur,Arthur,a,,,3.8,807,261.0,0.2,362,132.0,0.0,436.0,175.0,0,0,0.0,-2,2.0,36,18,0.0,0.0,0.0,0.0,0.0,518.0,194.0,100.0,100.0,509.0,194.0,499.0,194.0,464.0,187.0,511.0,194.0,,,,,,,,0.0,0.0,0.0,0.0,0.0,0.0,0.0,0.0,0.0,24,0.0,0.0,0.0,0.0,0.0,0.0,0.0,0.0,0.0,0.0,0.0,0.0,0.0,0.0,0.0,55.0,24.0,0.0,0.0,0.0,0.0,0.0,0.0,0.0,0.0,0.0,0.0,0.0,0.0,0.0
220,Robert,Lynch Sánchez,Sánchez,a,,,4.9,310,13.0,14.8,22,3.0,3.6,66.0,4.0,2,0,0.0,-1,1.0,6490,3774,0.7,18.4,3.6,3.6,3.9,80.0,7.0,100.0,100.0,20.0,6.0,317.0,1.0,742.0,84.0,157.0,4.0,,,,,,,,0.0,0.0,0.0,1.42,2.86,0.41,1.18,1.04,0.0,24,2.0,90.0,0.0,0.0,0.0,2.0,0.0,0.0,0.0,0.0,0.0,4.0,1.0,0.0,17.0,11717.0,5150.0,0.0,0.0,0.009999999999999998,0.009999999999999998,1.1199999999999974,33.799999999999955,0.0,0.0,3.4000000000000057,0.0,0.0,12.0,0.0
221,Filip,Jörgensen,Jörgensen,a,,,4.3,599,29.0,0.2,389,57.0,0.4,336.0,23.0,0,0,0.0,-2,2.0,30,42,0.1,0.7,0.4,0.4,1.5,391.0,30.0,100.0,100.0,415.0,30.0,622.0,80.0,595.0,67.0,445.0,30.0,,,,,,,,0.0,0.0,0.0,1.44,1.55,0.0,1.55,0.52,0.0,24,0.0,0.0,0.0,0.0,0.0,0.0,0.0,0.0,0.0,0.0,0.0,0.0,0.0,0.0,0.0,34.0,56.0,0.0,0.0,0.0,0.0,0.0,0.0,0.0,0.0,0.0,0.0,0.0,0.0,0.0
222,Mike,Penders,Penders,u,Has joined RC Strasbourg on loan for the rest of the season.,,4.0,700,63.0,0.0,779,88.0,0.0,516.0,75.0,0,0,0.0,0,0.0,0,0,0.0,0.0,0.0,0.0,0.0,595.0,81.0,0.0,0.0,586.0,81.0,579.0,70.0,547.0,55.0,588.0,81.0,,,,,,,,0.0,0.0,0.0,0.0,0.0,0.0,0.0,0.0,0.0,24,0.0,0.0,0.0,0.0,0.0,0.0,0.0,0.0,0.0,0.0,0.0,0.0,0.0,0.0,0.0,0.0,0.0,0.0,0.0,0.0,0.0,0.0,0.0,0.0,0.0,0.0,0.0,0.0,0.0,0.0
223,Gabriel,Słonina,Slonina,a,,,3.9,753,81.0,0.1,450,69.0,0.0,456.0,42.0,0,0,0.0,-1,1.0,7,34,0.0,0.0,0.0,0.0,0.0,537.0,48.0,,,528.0,48.0,519.0,35.0,484.0,20.0,530.0,48.0,,,,,,,,0.0,0.0,0.0,0.0,0.0,0.0,0.0,0.0,0.0,24,0.0,0.0,0.0,0.0,0.0,0.0,0.0,0.0,0.0,0.0,0.0,0.0,0.0,0.0,0.0,8.0,38.0,0.0,0.0,0.0,0.0,0.0,0.0,0.0,0.0,0.0,0.0,0.0,0.0,0.0
224,Marc,Cucurella Saseta,Cucurella,a,,,6.0,86,3.0,16.3,21,7.0,2.6,139.0,47.0,7,0,0.0,0,0.0,9788,1950,0.4,14.2,2.6,2.6,3.9,84.0,32.0,100.0,100.0,81.0,37.0,50.0,8.0,122.0,23.0,64.0,10.0,,,,,,,,0.06,0.12,0.18,1.37,0.0,0.46,1.03,1.03,6.69,24,7.0,45.0,1.0,0.0,0.0,0.0,0.0,0.0,0.0,0.0,0.0,0.0,0.0,0.0,27.0,11379.0,2638.0,0.0,0.3600000000000001,0.10000000000000009,0.45999999999999996,0.6099999999999994,44.80000000000001,19.69999999999999,45.0,11.0,3.0,1.0,2.0,4.0
225,Reece,James,James,a,,,5.7,118,12.0,11.4,37,13.0,3.2,92.0,32.0,1,0,0.0,2,-2.0,4522,8248,0.6,17.0,3.2,3.2,4.2,55.0,24.0,100.0,100.0,74.0,32.0,34.0,3.0,234.0,63.0,68.0,14.0,2.0,2.0,,,,,,0.05,0.13,0.18,1.43,0.0,0.41,0.94,0.94,6.16,24,1.0,9.0,0.0,0.0,0.0,0.0,0.0,0.0,0.0,0.0,0.0,0.0,0.0,0.0,4.0,7835.0,9163.0,0.0,0.0,0.009999999999999787,0.010000000000000231,0.1999999999999993,2.1999999999999886,5.5,2.0,1.0,0.0,0.0,1.0,0.0
234,Aarón,Anselmino,Anselmino,a,,,4.0,721,204.0,0.1,564,204.0,0.0,535.0,224.0,0,0,0.0,0,0.0,29,3,0.0,0.0,0.0,0.0,0.0,613.0,239.0,100.0,100.0,604.0,239.0,597.0,239.0,565.0,235.0,606.0,239.0,,,,,,,,0.0,0.0,0.0,0.0,0.0,0.0,0.0,0.0,0.0,24,0.0,0.0,0.0,0.0,0.0,0.0,0.0,0.0,0.0,0.0,0.0,0.0,0.0,0.0,0.0,33.0,3.0,0.0,0.0,0.0,0.0,0.0,0.0,0.0,0.0,0.0,0.0,0.0,0.0,0.0
743,Landon,Emenalo,Emenalo,a,,,4.5,494,304.0,0.0,720,305.0,0.0,682.0,275.0,0,0,0.0,0,0.0,2,2,0.0,0.0,0.0,0.0,0.0,729.0,306.0,,,729.0,306.0,724.0,306.0,707.0,301.0,729.0,306.0,,,,,,,,0.0,0.0,0.0,0.0,0.0,0.0,0.0,0.0,0.0,24,0.0,0.0,0.0,0.0,0.0,0.0,0.0,0.0,0.0,0.0,0.0,0.0,0.0,0.0,0.0,2.0,2.0,0.0,0.0,0.0,0.0,0.0,0.0,0.0,0.0,0.0,0.0,0.0,0.0,0.0
630,Tom,King,King,a,,,3.9,736,73.0,1.3,169,21.0,0.0,445.0,34.0,0,0,0.0,-1,1.0,71,159,0.0,0.0,0.0,0.0,0.0,526.0,40.0,,,517.0,40.0,508.0,27.0,473.0,12.0,519.0,40.0,,,,,,,,0.0,0.0,0.0,0.0,0.0,0.0,0.0,0.0,0.0,24,0.0,0.0,0.0,0.0,0.0,0.0,0.0,0.0,0.0,0.0,0.0,0.0,0.0,0.0,0.0,81.0,190.0,0.0,0.0,0.0,0.0,0.0,0.0,0.0,0.0,0.0,0.0,0.0,0.0,0.0
400,Stefan,Ortega Moreno,Ortega Moreno,a,,,4.7,375,16.0,0.2,404,60.0,0.0,696.0,89.0,0,0,0.0,-3,3.0,21,25,0.0,0.0,0.0,0.5,0.0,742.0,91.0,,,742.0,91.0,737.0,87.0,723.0,78.0,742.0,91.0,,,,,,,,0.0,0.0,0.0,0.0,0.0,0.0,0.0,0.0,0.0,24,0.0,0.0,0.0,0.0,0.0,0.0,0.0,0.0,0.0,0.0,0.0,0.0,0.0,0.0,0.0,30.0,34.0,0.0,0.0,0.0,0.0,0.0,0.0,0.0,0.0,0.0,0.0,0.0,0.0,0.0
482,Harrison,Ashby,Ashby,u,has joined Bradford City on loan for the rest of the season.,,3.9,747,216.0,0.1,446,164.0,0.0,452.0,178.0,0,0,0.0,-1,1.0,0,26,0.0,0.0,0.0,0.0,0.0,533.0,196.0,0.0,0.0,524.0,196.0,515.0,196.0,480.0,189.0,526.0,196.0,,,,,,,,0.0,0.0,0.0,0.0,0.0,0.0,0.0,0.0,0.0,24,0.0,0.0,0.0,0.0,0.0,0.0,0.0,0.0,0.0,0.0,0.0,0.0,0.0,0.0,0.0,0.0,34.0,0.0,0.0,0.0,0.0,0.0,0.0,0.0,0.0,0.0,0.0,0.0,0.0,0.0
483,Miodrag,Pivaš,Pivas,a,,,3.8,803,258.0,0.4,276,103.0,0.0,433.0,173.0,0,0,0.0,-2,2.0,31,91,0.0,0.0,0.0,-0.5,0.0,515.0,192.0,,,506.0,192.0,496.0,192.0,461.0,185.0,508.0,192.0,,,,,,,,0.0,0.0,0.0,0.0,0.0,0.0,0.0,0.0,0.0,24,0.0,0.0,0.0,0.0,0.0,0.0,0.0,0.0,0.0,0.0,0.0,0.0,0.0,0.0,0.0,42.0,105.0,0.0,0.0,0.0,0.0,0.0,0.0,0.0,0.0,0.0,0.0,0.0,0.0,0.0
484,Matt,Targett,Targett,u,has joined Middlesbrough on loan for the rest of the season.,,4.0,661,163.0,0.1,416,154.0,0.0,482.0,189.0,0,0,0.0,0,0.0,0,13,0.0,0.0,0.0,0.0,0.0,563.0,207.0,0.0,0.0,554.0,207.0,546.0,207.0,513.0,202.0,556.0,207.0,,,,,,,,0.0,0.0,0.0,0.0,0.0,0.0,0.0,0.0,0.0,24,0.0,0.0,0.0,0.0,0.0,0.0,0.0,0.0,0.0,0.0,0.0,0.0,0.0,0.0,0.0,0.0,17.0,0.0,0.0,0.0,0.0,0.0,0.0,0.0,0.0,0.0,0.0,0.0,0.0,0.0
485,Anthony,Gordon,Gordon,a,,,7.3,27,17.0,3.5,95,29.0,2.8,128.0,58.0,6,0,0.0,-2,2.0,1859,2706,0.4,8.4,2.8,2.3,3.2,165.0,71.0,100.0,100.0,194.0,83.0,57.0,46.0,49.0,29.0,71.0,45.0,,,2.0,,,,,0.37,0.22,0.59,1.06,0.0,0.44,1.63,1.26,4.59,24,6.0,90.0,1.0,0.0,0.0,4.0,0.0,0.0,0.0,1.0,0.0,0.0,1.0,0.0,25.0,1975.0,9697.0,0.0,0.20999999999999996,0.029999999999999805,0.2400000000000011,1.9499999999999993,38.80000000000001,7.300000000000011,39.0,8.5,1.0,0.0,2.0,3.0
486,Anthony,Elanga,Elanga,a,,,6.5,53,34.0,2.6,112,34.0,0.8,302.0,137.0,2,0,0.0,-5,5.0,180,210,0.1,4.8,0.8,0.3,1.6,386.0,173.0,100.0,100.0,340.0,150.0,159.0,107.0,205.0,111.0,271.0,133.0,,,,,,,,0.14,0.06,0.2,1.27,0.0,0.23,2.03,0.9,3.5,24,2.0,72.0,0.0,0.0,0.0,3.0,0.0,0.0,0.0,0.0,0.0,0.0,1.0,0.0,11.0,199.0,260.0,0.0,0.0,0.020000000000000018,0.020000000000000018,1.6600000000000001,7.6000000000000085,9.300000000000011,0.0,1.6999999999999957,3.0,0.0,2.0,5.0
487,Harvey,Barnes,Barnes,a,,,6.1,81,54.0,1.5,151,48.0,4.6,28.0,14.0,2,0,0.0,-4,4.0,1491,1381,0.8,11.8,4.6,4.1,3.1,180.0,79.0,,,163.0,62.0,89.0,67.0,25.0,12.0,55.0,36.0,,,,,,,,0.37,0.14,0.51,1.09,0.0,0.3,1.28,0.9,4.75,24,2.0,72.0,0.0,0.0,0.0,3.0,0.0,0.0,0.0,0.0,0.0,0.0,1.0,0.0,4.0,1706.0,2370.0,0.0,0.03000000000000025,0.010000000000000009,0.040000000000000036,1.6600000000000001,0.0,1.900000000000034,7.0,0.8999999999999915,1.0,0.0,1.0,2.0
495,Isaac,Hayden,Hayden,u,Has departed the club as a free agent.,,4.5,409,249.0,0.0,750,322.0,0.0,620.0,227.0,0,0,0.0,0,0.0,0,0,0.0,0.0,0.0,0.0,0.0,677.0,265.0,0.0,0.0,672.0,260.0,667.0,263.0,644.0,254.0,674.0,262.0,,,,,,,,0.0,0.0,0.0,0.0,0.0,0.0,0.0,0.0,0.0,24,0.0,0.0,0.0,0.0,0.0,0.0,0.0,0.0,0.0,0.0,0.0,0.0,0.0,0.0,0.0,0.0,0.0,0.0,0.0,0.0,0.0,0.0,0.0,0.0,0.0,0.0,0.0,0.0,0.0,0.0
496,Garang,Kuol,Kuol,u,has joined Sparta Prague permanently.,,4.4,550,329.0,0.0,626,246.0,0.0,607.0,219.0,0,0,0.0,-1,1.0,0,0,0.0,0.0,0.0,0.0,0.0,666.0,259.0,0.0,0.0,659.0,252.0,655.0,256.0,631.0,246.0,661.0,254.0,,,,,,,,0.0,0.0,0.0,0.0,0.0,0.0,0.0,0.0,0.0,24,0.0,0.0,0.0,0.0,0.0,0.0,0.0,0.0,0.0,0.0,0.0,0.0,0.0,0.0,0.0,0.0,0.0,0.0,0.0,0.0,0.0,0.0,0.0,0.0,0.0,0.0,0.0,0.0,0.0,0.0
497,Lewis,Miley,L.Miley,a,,,4.5,459,278.0,3.4,97,30.0,2.8,114.0,50.0,0,0,0.0,0,0.0,1294,1910,0.6,12.9,2.8,2.3,3.1,171.0,73.0,100.0,100.0,166.0,63.0,116.0,82.0,171.0,98.0,151.0,82.0,,,,,,,,0.11,0.16,0.27,1.08,0.0,0.16,1.27,0.87,9.77,24,0.0,0.0,0.0,0.0,0.0,0.0,0.0,0.0,0.0,0.0,0.0,0.0,0.0,0.0,0.0,1868.0,3165.0,0.0,0.0,0.0,0.0,0.0,0.0,0.0,0.0,0.0,0.0,0.0,0.0,0.0
654,Jørgen,Strand Larsen,Strand Larsen,a,,,6.1,82,26.0,0.9,193,31.0,1.6,225.0,27.0,1,0,0.0,-4,4.0,247,206,0.3,6.4,1.6,1.6,1.8,360.0,40.0,100.0,100.0,295.0,28.0,204.0,22.0,72.0,25.0,211.0,24.0,,,2.0,,,,,0.2,0.03,0.23,1.42,0.0,0.19,1.67,0.9,3.47,24,1.0,20.0,0.0,0.0,0.0,1.0,0.0,0.0,0.0,0.0,0.0,0.0,0.0,0.0,89.0,359.0,281.0,0.0,0.27,0.0,0.27,0.9100000000000001,0.0,0.0,11.0,0.8999999999999986,0.0,0.0,2.0,2.0
655,Fábio,Soares Silva,Fábio Silva,u,has joined Borussia Dortmund permanently.,,4.9,329,60.0,0.2,392,60.0,0.0,728.0,73.0,0,0,0.0,-1,1.0,0,10,0.0,0.0,0.0,0.0,0.0,761.0,82.0,0.0,0.0,761.0,82.0,757.0,81.0,749.0,81.0,761.0,82.0,,,,,,,,0.0,0.0,0.0,0.0,0.0,0.0,0.0,0.0,0.0,24,0.0,0.0,0.0,0.0,0.0,0.0,0.0,0.0,0.0,0.0,0.0,0.0,0.0,0.0,0.0,0.0,10.0,0.0,0.0,0.0,0.0,0.0,0.0,0.0,0.0,0.0,0.0,0.0,0.0,0.0
656,Saša,Kalajdžić,Kalajdžić,u,has joined LASK on loan for the rest of the season.,,4.9,322,58.0,0.0,582,78.0,0.0,723.0,72.0,0,0,0.0,-1,1.0,0,3,0.0,0.2,0.0,0.0,1.0,472.0,56.0,0.0,0.0,481.0,58.0,431.0,55.0,435.0,58.0,469.0,58.0,,,,,,,,0.0,0.06,0.06,0.64,0.0,0.0,0.0,0.0,12.86,24,0.0,0.0,0.0,0.0,0.0,0.0,0.0,0.0,0.0,0.0,0.0,0.0,0.0,0.0,0.0,0.0,3.0,0.0,0.0,0.0,0.0,0.0,0.0,0.0,0.0,0.0,0.0,0.0,0.0,0.0
657,Leon,Chiwome,Chiwome,i,Knee injury - Unknown return date,,4.4,556,80.0,0.0,648,81.0,0.0,612.0,61.0,0,0,0.0,-1,1.0,7,10,0.0,0.0,0.0,0.0,0.0,670.0,71.0,0.0,0.0,664.0,71.0,660.0,70.0,636.0,70.0,666.0,71.0,,,,,,,,0.0,0.0,0.0,0.0,0.0,0.0,0.0,0.0,0.0,24,0.0,0.0,0.0,0.0,0.0,0.0,0.0,0.0,0.0,0.0,0.0,0.0,0.0,0.0,0.0,8.0,16.0,0.0,0.0,0.0,0.0,0.0,0.0,0.0,0.0,0.0,0.0,0.0,0.0,0.0
753,John,Ruddy,Ruddy,a,,,4.0,650,39.0,0.0,699,80.0,0.0,474.0,53.0,0,0,0.0,0,0.0,7,5,0.0,0.0,0.0,-0.5,0.0,555.0,59.0,,,546.0,59.0,537.0,46.0,503.0,31.0,548.0,59.0,,,,,,,,0.0,0.0,0.0,0.0,0.0,0.0,0.0,0.0,0.0,24,0.0,0.0,0.0,0.0,0.0,0.0,0.0,0.0,0.0,0.0,0.0,0.0,0.0,0.0,0.0,8.0,7.0,0.0,0.0,0.0,0.0,0.0,0.0,0.0,0.0,0.0,0.0,0.0,0.0,0.0
650,Tawanda,Chirewa,Chirewa,a,,,4.3,594,346.0,0.2,356,119.0,0.2,371.0,165.0,0,0,0.0,-2,2.0,45,41,0.0,0.5,0.2,0.2,1.0,445.0,196.0,100.0,100.0,463.0,213.0,464.0,226.0,592.0,221.0,475.0,219.0,,,,,,,,0.0,0.0,0.0,1.8,0.0,0.0,0.0,0.0,14.4,24,0.0,0.0,0.0,0.0,0.0,0.0,0.0,0.0,0.0,0.0,0.0,0.0,0.0,0.0,0.0,66.0,63.0,0.0,0.0,0.0,0.0,0.0,0.0,0.0,0.0,0.0,0.0,0.0,0.0,0.0
651,Tom,Edozie,Edozie,a,,,4.3,612,357.0,0.4,292,98.0,0.0,579.0,205.0,0,0,0.0,-2,2.0,47,78,0.0,0.0,0.0,0.0,0.0,643.0,246.0,,,634.0,237.0,631.0,242.0,605.0,231.0,636.0,239.0,,,,,,,,0.0,0.0,0.0,0.0,0.0,0.0,0.0,0.0,0.0,24,0.0,0.0,0.0,0.0,0.0,0.0,0.0,0.0,0.0,0.0,0.0,0.0,0.0,0.0,0.0,63.0,109.0,0.0,0.0,0.0,0.0,0.0,0.0,0.0,0.0,0.0,0.0,0.0,0.0,0.0
652,Enso,González Medina,Gonzalez,a,,,4.3,611,356.0,1.3,168,58.0,0.0,578.0,204.0,0,0,0.0,-2,2.0,259,314,0.0,0.0,0.0,0.0,0.0,642.0,245.0,,,633.0,236.0,630.0,241.0,604.0,230.0,635.0,238.0,,,,,,,,0.0,0.0,0.0,0.0,0.0,0.0,0.0,0.0,0.0,24,0.0,0.0,0.0,0.0,0.0,0.0,0.0,0.0,0.0,0.0,0.0,0.0,0.0,0.0,0.0,333.0,425.0,0.0,0.0,0.0,0.0,0.0,0.0,0.0,0.0,0.0,0.0,0.0,0.0,0.0
653,Joe,Hodge,Hodge,u,Signed by CD Tondela,,4.5,421,252.0,0.0,652,266.0,0.0,628.0,230.0,0,0,0.0,0,0.0,0,3,0.0,0.0,0.0,0.0,0.0,683.0,268.0,0.0,0.0,678.0,263.0,674.0,266.0,652.0,257.0,680.0,265.0,,,,,,,,0.0,0.0,0.0,0.0,0.0,0.0,0.0,0.0,0.0,24,0.0,0.0,0.0,0.0,0.0,0.0,0.0,0.0,0.0,0.0,0.0,0.0,0.0,0.0,0.0,0.0,3.0,0.0,0.0,0.0,0.0,0.0,0.0,0.0,0.0,0.0,0.0,0.0,0.0,0.0
658,Nathan,Fraser,Fraser,a,,,4.2,639,88.0,1.8,141,22.0,0.0,551.0,49.0,0,0,0.0,-3,3.0,1029,614,0.0,0.0,0.0,0.0,0.0,623.0,60.0,,,615.0,60.0,610.0,59.0,580.0,59.0,617.0,60.0,,,,,,,,0.0,0.0,0.0,0.0,0.0,0.0,0.0,0.0,0.0,24,0.0,0.0,0.0,0.0,0.0,0.0,0.0,0.0,0.0,0.0,0.0,0.0,0.0,0.0,0.0,1552.0,742.0,0.0,0.0,0.0,0.0,0.0,0.0,0.0,0.0,0.0,0.0,0.0,0.0,0.0
