id,first_name,second_name,web_name,status,news,news_added,now_cost,now_cost_rank,now_cost_rank_type,selected_by_percent,selected_rank,selected_rank_type,form,form_rank,form_rank_type,event_points,cost_change_event,cost_change_event_fall,cost_change_start,cost_change_start_fall,transfers_in_event,transfers_out_event,value_form,value_season,ep_next,ep_this,points_per_game,points_per_game_rank,points_per_game_rank_type,chance_of_playing_next_round,chance_of_playing_this_round,influence_rank,influence_rank_type,creativity_rank,creativity_rank_type,threat_rank,threat_rank_type,ict_index_rank,ict_index_rank_type,corners_and_indirect_freekicks_order,direct_freekicks_order,penalties_order,set_piece_threat,corners_and_indirect_freekicks_text,direct_freekicks_text,penalties_text,expected_goals_per_90,expected_assists_per_90,expected_goal_involvements_per_90,expected_goals_conceded_per_90,saves_per_90,clean_sheets_per_90,goals_conceded_per_90,starts_per_90,defensive_contribution_per_90,gw,total_points,minutes,goals_scored,assists,clean_sheets,goals_conceded,own_goals,penalties_saved,penalties_missed,yellow_cards,red_cards,saves,starts,bonus,bps,transfers_in,transfers_out,dreamteam_count,expected_goals,expected_assists,expected_goal_involvements,expected_goals_conceded,influence,creativity,threat,ict_index,tackles,clearances_blocks_interceptions,recoveries,defensive_contribution
764,Reigan,Heskey,Heskey,a,,,4.5,479,292.0,0.0,788,347.0,0.0,669.0,264.0,0,0,0.0,0,0.0,2,1,0.0,0.0,0.0,0.5,0.0,717.0,296.0,,,715.0,294.0,710.0,294.0,692.0,288.0,714.0,293.0,,,,,,,,0.0,0.0,0.0,0.0,0.0,0.0,0.0,0.0,0.0,24,0,0,0,0,0,0,0,0,0,0,0,0,0,0,0,2,1,0.0,0.0,0.0,0.0,0.0,0.0,0.0,0.0,0.0,0,0,0,0
448,Tyrell,Malacia,Malacia,a,,,3.8,778,234.0,0.4,272,101.0,0.0,416.0,156.0,0,0,0.0,-2,2.0,23,72,0.0,0.3,0.0,0.0,1.0,434.0,157.0,,,462.0,168.0,479.0,176.0,441.0,167.0,477.0,170.0,,,,,,,,0.0,0.0,0.0,13.5,0.0,0.0,0.0,0.0,90.0,24,0,0,0,0,0,0,0,0,0,0,0,0,0,0,0,31,97,0.0,0.0,0.0,0.0,0.0,0.0,0.0,0.0,0.0,0,0,0,0
1,David,Raya Martín,Raya,a,,,5.9,93,1.0,33.2,7,1.0,4.0,50.0,2.0,6,0,0.0,4,-4.0,5840,1864,0.7,16.8,5.0,5.0,4.1,61.0,4.0,,,112.0,16.0,376.0,3.0,796.0,93.0,268.0,16.0,,,,,,,,0.0,0.0,0.0,0.69,1.38,0.5,0.71,1.0,0.0,24,6,90,0,0,1,0,0,0,0,0,0,1,1,0,24,7856,4805,0.0,0.0,0.0,0.0,0.14999999999999858,0.0,0.0,0.0,0.0,0,0,11,0
2,Kepa,Arrizabalaga Revuelta,Arrizabalaga,a,,,4.1,646,38.0,0.4,273,36.0,0.0,540.0,77.0,0,0,0.0,-4,4.0,27,37,0.0,0.0,1.0,1.0,0.0,618.0,83.0,,,608.0,83.0,601.0,72.0,568.0,57.0,609.0,83.0,,,,,,,,0.0,0.0,0.0,0.0,0.0,0.0,0.0,0.0,0.0,24,0,0,0,0,0,0,0,0,0,0,0,0,0,0,0,30,41,0.0,0.0,0.0,0.0,0.0,0.0,0.0,0.0,0.0,0,0,0,0
41,Pau,Torres,Pau,a,,,4.3,579,131.0,0.3,311,115.0,1.6,206.0,74.0,0,0,0.0,-2,2.0,116,42,0.4,10.9,1.6,1.6,3.4,126.0,47.0,100.0,100.0,195.0,78.0,354.0,125.0,308.0,99.0,292.0,97.0,,,,,,,,0.03,0.02,0.05,1.35,0.0,0.32,0.97,0.97,6.77,24,0,0,0,0,0,0,0,0,0,0,0,0,0,0,0,191,67,0.0,0.0,0.0,0.0,0.0,0.0,0.0,0.0,0.0,0,0,0,0
42,Andrés,García,A.García,i,Hamstring injury - Expected back 21 Feb,,3.9,771,228.0,0.2,359,131.0,0.2,366.0,136.0,0,0,0.0,-1,1.0,0,94,0.1,0.3,0.0,0.0,0.5,494.0,172.0,0.0,0.0,479.0,171.0,442.0,162.0,498.0,196.0,483.0,172.0,,,,,,,,0.0,0.03,0.03,4.56,0.0,0.0,6.0,0.0,0.0,24,0,0,0,0,0,0,0,0,0,0,0,0,0,0,0,0,115,0.0,0.0,0.0,0.0,0.0,0.0,0.0,0.0,0.0,0,0,0,0
43,Álex,Moreno Lopera,Alex Moreno,u,Has joined Girona permanently.,,4.0,653,159.0,1.7,145,57.0,0.0,477.0,187.0,0,0,0.0,0,0.0,0,104,0.0,0.0,0.0,0.0,0.0,558.0,205.0,0.0,0.0,548.0,205.0,540.0,205.0,504.0,198.0,548.0,204.0,,,,,,,,0.0,0.0,0.0,0.0,0.0,0.0,0.0,0.0,0.0,24,0,0,0,0,0,0,0,0,0,0,0,0,0,0,0,0,155,0.0,0.0,0.0,0.0,0.0,0.0,0.0,0.0,0.0,0,0,0,0
44,Lamare,Bogarde,Bogarde,a,,,4.0,691,179.0,0.5,248,94.0,0.6,305.0,111.0,0,0,0.0,0,0.0,98,63,0.2,5.8,0.6,0.6,1.3,410.0,150.0,100.0,100.0,360.0,137.0,334.0,114.0,386.0,142.0,381.0,135.0,,,,,,,,0.0,0.02,0.02,1.44,0.0,0.17,1.21,0.87,5.02,24,0,0,0,0,0,0,0,0,0,0,0,0,0,0,0,145,92,0.0,0.0,0.0,0.0,0.0,0.0,0.0,0.0,0.0,0,0,0,0
45,Lino,da Cruz Sousa,Sousa,a,,,3.8,790,246.0,0.3,319,118.0,0.0,425.0,165.0,0,0,0.0,-2,2.0,102,24,0.0,0.0,0.0,0.0,0.0,509.0,186.0,,,498.0,185.0,487.0,184.0,449.0,175.0,498.0,184.0,,,,,,,,0.0,0.0,0.0,0.0,0.0,0.0,0.0,0.0,0.0,24,0,0,0,0,0,0,0,0,0,0,0,0,0,0,0,151,33,0.0,0.0,0.0,0.0,0.0,0.0,0.0,0.0,0.0,0,0,0,0
46,Yasin,Özcan,Yasin,u,has joined Anderlecht on loan for the rest of the season.,,4.0,707,192.0,0.1,453,167.0,0.0,524.0,214.0,0,0,0.0,0,0.0,0,5,0.0,0.0,0.0,0.0,0.0,602.0,229.0,0.0,0.0,592.0,229.0,585.0,229.0,551.0,224.0,592.0,228.0,,,,,,,,0.0,0.0,0.0,0.0,0.0,0.0,0.0,0.0,0.0,24,0,0,0,0,0,0,0,0,0,0,0,0,0,0,0,0,7,0.0,0.0,0.0,0.0,0.0,0.0,0.0,0.0,0.0,0,0,0,0
47,Morgan,Rogers,Rogers,a,,,7.7,19,14.0,31.6,10,3.0,3.6,67.0,28.0,0,0,0.0,7,-7.0,6130,6216,0.5,14.4,3.6,3.6,4.8,24.0,10.0,100.0,100.0,36.0,9.0,29.0,28.0,12.0,6.0,12.0,10.0,,,,,,,,0.19,0.11,0.3,1.44,0.0,0.31,1.1,1.01,6.11,24,0,0,0,0,0,0,0,0,0,0,0,0,0,0,0,13137,10183,0.0,0.0,0.0,0.0,0.0,0.0,0.0,0.0,0.0,0,0,0,0
48,Youri,Tielemans,Tielemans,i,Ankle injury - Expected back 11 Apr,,5.9,94,59.0,0.9,194,64.0,3.0,104.0,45.0,0,0,0.0,-1,1.0,2,2278,0.5,8.8,0.0,0.0,3.1,179.0,78.0,0.0,0.0,124.0,43.0,30.0,29.0,145.0,84.0,71.0,45.0,3.0,,,,,,,0.07,0.18,0.25,1.6,0.0,0.28,1.18,1.04,9.59,24,0,0,0,0,0,0,0,0,0,0,0,0,0,0,0,3,2857,0.0,0.0,0.0,0.0,0.0,0.0,0.0,0.0,0.0,0,0,0,0
49,Leon,Bailey,Bailey,a,,,5.5,142,88.0,0.1,503,178.0,0.2,402.0,186.0,0,0,0.0,0,0.0,47,6,0.0,0.2,0.2,0.2,1.0,484.0,229.0,100.0,100.0,455.0,207.0,439.0,211.0,403.0,198.0,461.0,213.0,,,,,,,,0.06,0.09,0.15,0.73,0.0,0.0,0.0,0.0,20.32,24,0,0,0,0,0,0,0,0,0,0,0,0,0,0,0,68,11,0.0,0.0,0.0,0.0,0.0,0.0,0.0,0.0,0.0,0,0,0,0
210,Loum,Tchaouna,Tchaouna,a,,,4.9,333,206.0,0.0,624,245.0,0.4,347.0,153.0,0,0,0.0,-1,1.0,3,4,0.1,6.7,0.4,0.4,1.9,340.0,151.0,,,336.0,149.0,261.0,157.0,215.0,119.0,312.0,150.0,,2.0,,,,,,0.1,0.05,0.15,1.69,0.0,0.24,1.31,1.08,5.38,24,0,0,0,0,0,0,0,0,0,0,0,0,0,0,0,3,7,0.0,0.0,0.0,0.0,0.0,0.0,0.0,0.0,0.0,0,0,0,0
211,Aaron,Ramsey,A.Ramsey,u,has joined Leicester City on loan for the rest of the season.,,4.4,533,317.0,1.5,153,50.0,0.0,596.0,211.0,0,0,0.0,-1,1.0,0,75,0.0,0.0,0.0,0.0,0.0,655.0,251.0,0.0,0.0,645.0,241.0,642.0,246.0,616.0,234.0,646.0,242.0,,,,,,,,0.0,0.0,0.0,0.0,0.0,0.0,0.0,0.0,0.0,24,0,0,0,0,0,0,0,0,0,0,0,0,0,0,0,0,120,0.0,0.0,0.0,0.0,0.0,0.0,0.0,0.0,0.0,0,0,0,0
212,Oluwaseun,Adewumi,Adewumi,u,Has joined Cercle Brugge on loan for the rest of the season.,,4.5,474,288.0,0.0,747,320.0,0.0,666.0,262.0,0,0,0.0,0,0.0,0,1,0.0,0.0,0.0,0.0,0.0,715.0,295.0,0.0,0.0,712.0,292.0,708.0,293.0,689.0,286.0,712.0,292.0,,,,,,,,0.0,0.0,0.0,0.0,0.0,0.0,0.0,0.0,0.0,24,0,0,0,0,0,0,0,0,0,0,0,0,0,0,0,0,1,0.0,0.0,0.0,0.0,0.0,0.0,0.0,0.0,0.0,0,0,0,0
213,Jaydon,Banel,Banel,u,has joined Derby County on loan for the rest of the season.,,4.5,462,281.0,0.0,597,227.0,0.2,379.0,170.0,0,0,0.0,0,0.0,0,17,0.0,0.2,0.0,0.0,1.0,458.0,207.0,0.0,0.0,702.0,286.0,455.0,220.0,678.0,279.0,702.0,286.0,,,,,,,,0.0,0.0,0.0,0.5,0.0,0.0,0.0,0.0,0.0,24,0,0,0,0,0,0,0,0,0,0,0,0,0,0,0,0,19,0.0,0.0,0.0,0.0,0.0,0.0,0.0,0.0,0.0,0,0,0,0
807,Rayan Vitor,Simplício Rocha,Rayan,a,,,5.5,153,96.0,0.0,659,271.0,4.0,48.0,22.0,4,0,0.0,0,0.0,522,14,0.7,0.7,2.1,2.1,4.0,69.0,29.0,,,795.0,353.0,794.0,353.0,791.0,352.0,795.0,353.0,,,,,,,,0.0,2.41,2.41,3.35,0.0,0.0,0.0,0.0,8.18,24,4,22,0,1,0,0,0,0,0,0,0,0,0,0,17,604,28,0.0,0.0,0.59,0.59,0.82,0.0,0.0,0.0,0.0,0,1,1,2
797,Kaye,Furo,Furo,a,,,4.5,484,69.0,0.0,761,90.0,0.0,674.0,66.0,0,0,0.0,0,0.0,15,10,0.0,0.0,0.0,0.0,0.0,722.0,76.0,,,720.0,76.0,715.0,75.0,697.0,75.0,719.0,76.0,,,,,,,,0.0,0.0,0.0,0.0,0.0,0.0,0.0,0.0,0.0,24,0,0,0,0,0,0,0,0,0,0,0,0,0,0,0,24,12,0.0,0.0,0.0,0.0,0.0,0.0,0.0,0.0,0.0,0,0,0,0
138,Jason,Steele,Steele,a,,,4.2,619,31.0,0.2,340,47.0,0.0,541.0,78.0,0,0,0.0,-3,3.0,14,22,0.0,0.0,0.0,0.0,0.0,619.0,84.0,,,609.0,84.0,602.0,73.0,569.0,58.0,610.0,84.0,,,,,,,,0.0,0.0,0.0,0.0,0.0,0.0,0.0,0.0,0.0,24,0,0,0,0,0,0,0,0,0,0,0,0,0,0,0,23,29,0.0,0.0,0.0,0.0,0.0,0.0,0.0,0.0,0.0,0,0,0,0
139,Bart,Verbruggen,Verbruggen,a,,,4.5,441,25.0,5.9,64,11.0,3.2,80.0,8.0,3,0,0.0,0,0.0,548,663,0.7,16.4,3.2,3.2,3.1,170.0,16.0,,,14.0,3.0,406.0,7.0,664.0,75.0,163.0,3.0,,,,,,,,0.0,0.0,0.0,1.43,2.79,0.21,1.33,1.0,0.0,24,3,90,0,0,0,1,0,0,0,0,0,3,1,0,15,1814,1729,0.0,0.0,0.03,0.03,1.2000000000000028,0.0,0.0,0.0,0.0,0,0,7,0
140,Tom,McGill,McGill,a,,,3.9,739,76.0,0.3,308,41.0,0.0,448.0,37.0,0,0,0.0,-1,1.0,9,16,0.0,0.0,0.0,0.0,0.0,529.0,43.0,,,519.0,43.0,510.0,30.0,473.0,15.0,519.0,43.0,,,,,,,,0.0,0.0,0.0,0.0,0.0,0.0,0.0,0.0,0.0,24,0,0,0,0,0,0,0,0,0,0,0,0,0,0,0,13,29,0.0,0.0,0.0,0.0,0.0,0.0,0.0,0.0,0.0,0,0,0,0
141,Carl,Rushworth,Rushworth,u,Has joined Coventry City on loan for the rest of the season.,,4.0,678,55.0,0.0,787,89.0,0.0,497.0,67.0,0,0,0.0,0,0.0,0,0,0.0,0.0,0.0,0.0,0.0,578.0,73.0,0.0,0.0,568.0,73.0,561.0,62.0,526.0,47.0,568.0,73.0,,,,,,,,0.0,0.0,0.0,0.0,0.0,0.0,0.0,0.0,0.0,24,0,0,0,0,0,0,0,0,0,0,0,0,0,0,0,0,0,0.0,0.0,0.0,0.0,0.0,0.0,0.0,0.0,0.0,0,0,0,0
142,Kjell,Scherpen,Scherpen,u,Has joined Union SG permanently,,4.0,666,48.0,0.0,789,90.0,0.0,487.0,60.0,0,0,0.0,0,0.0,0,0,0.0,0.0,0.0,0.0,0.0,568.0,66.0,0.0,0.0,558.0,66.0,551.0,55.0,516.0,40.0,558.0,66.0,,,,,,,,0.0,0.0,0.0,0.0,0.0,0.0,0.0,0.0,0.0,24,0,0,0,0,0,0,0,0,0,0,0,0,0,0,0,0,0,0.0,0.0,0.0,0.0,0.0,0.0,0.0,0.0,0.0,0,0,0,0
143,Olivier,Boscagli,Boscagli,a,,,4.2,625,145.0,0.1,501,180.0,1.2,247.0,92.0,0,0,0.0,-3,3.0,16,15,0.3,3.6,1.2,1.2,3.0,183.0,71.0,,,363.0,138.0,340.0,118.0,374.0,134.0,382.0,136.0,,,,,,,,0.02,0.07,0.09,1.37,0.0,0.39,0.78,1.17,7.43,24,0,0,0,0,0,0,0,0,0,0,0,0,0,0,0,25,24,0.0,0.0,0.0,0.0,0.0,0.0,0.0,0.0,0.0,0,0,0,0
144,Diego,Coppola,Coppola,u,has joined Paris FC on loan for the rest of the season.,,4.2,639,153.0,0.1,575,208.0,0.0,552.0,233.0,0,0,0.0,-3,3.0,0,28,0.0,2.4,0.0,0.0,2.0,320.0,121.0,0.0,0.0,396.0,152.0,433.0,159.0,423.0,160.0,429.0,156.0,,,,,,,,0.0,0.0,0.0,2.11,0.0,0.47,1.4,0.93,8.39,24,0,0,0,0,0,0,0,0,0,0,0,0,0,0,0,0,35,0.0,0.0,0.0,0.0,0.0,0.0,0.0,0.0,0.0,0,0,0,0
145,Maxim,De Cuyper,De Cuyper,a,,,4.3,582,134.0,1.9,136,55.0,1.8,186.0,66.0,6,0,0.0,-2,2.0,240,207,0.4,13.0,1.8,1.8,2.8,213.0,83.0,100.0,100.0,225.0,90.0,64.0,12.0,190.0,42.0,148.0,47.0,3.0,6.0,,,,,,0.12,0.19,0.31,1.65,0.0,0.34,1.46,1.12,3.96,24,6,69,0,0,1,0,0,0,0,0,0,0,1,0,27,307,542,0.0,0.0,0.18000000000000016,0.18000000000000016,0.4200000000000017,0.0,0.0,0.0,0.0,0,2,2,2
165,Abdallah,Sima,Sima,u,has joined Lens permanently.,,5.4,181,113.0,0.0,717,303.0,0.0,781.0,345.0,0,0,0.0,-1,1.0,0,0,0.0,0.0,0.0,0.0,0.0,790.0,350.0,0.0,0.0,789.0,349.0,788.0,349.0,784.0,348.0,789.0,349.0,,,,,,,,0.0,0.0,0.0,0.0,0.0,0.0,0.0,0.0,0.0,24,0,0,0,0,0,0,0,0,0,0,0,0,0,0,0,0,0,0.0,0.0,0.0,0.0,0.0,0.0,0.0,0.0,0.0,0,0,0,0
166,Yasin,Ayari,Ayari,a,,,4.8,370,231.0,1.0,186,62.0,6.6,2.0,2.0,5,0,0.0,-2,2.0,3506,227,1.4,17.1,6.6,6.6,3.9,78.0,35.0,100.0,100.0,153.0,58.0,126.0,90.0,96.0,59.0,116.0,64.0,4.0,5.0,,,,,,0.13,0.06,0.19,1.3,0.0,0.26,1.11,0.95,10.59,24,5,90,0,1,0,1,0,0,0,0,0,0,1,0,26,6122,499,0.0,0.0,0.1200000000000001,0.11999999999999966,1.1999999999999993,0.0,0.0,0.0,0.0,2,1,6,9
167,Carlos,Baleba,Baleba,a,,,4.5,456,275.0,1.3,161,55.0,1.8,191.0,82.0,4,0,0.0,-5,5.0,334,96,0.4,7.6,1.8,1.8,1.8,349.0,156.0,100.0,100.0,350.0,156.0,263.0,158.0,348.0,181.0,357.0,168.0,,,,,,,,0.03,0.02,0.05,1.25,0.0,0.33,1.24,1.32,11.0,24,4,90,0,0,0,1,0,0,0,0,0,0,1,0,10,488,157,0.0,0.0,0.020000000000000018,0.020000000000000018,1.1999999999999993,0.0,0.0,0.0,0.0,3,3,8,14
169,Diego,Gómez Amarilla,Gomez,d,Knock - 75% chance of playing,,4.9,338,208.0,0.2,377,127.0,1.8,193.0,84.0,0,0,0.0,-1,1.0,4,157,0.4,11.4,1.4,1.4,2.7,233.0,100.0,75.0,75.0,156.0,60.0,94.0,71.0,53.0,32.0,80.0,48.0,,3.0,,,,,,0.28,0.08,0.36,1.39,0.0,0.25,1.4,1.08,9.24,24,0,0,0,0,0,0,0,0,0,0,0,0,0,0,0,8,288,0.0,0.0,0.0,0.0,0.0,0.0,0.0,0.0,0.0,0,0,0,0
170,James,Milner,Milner,a,,,4.9,285,176.0,0.1,463,157.0,0.8,293.0,130.0,1,0,0.0,-1,1.0,26,19,0.2,4.5,0.8,0.8,1.6,381.0,169.0,100.0,100.0,334.0,147.0,233.0,143.0,349.0,182.0,344.0,165.0,5.0,,1.0,,,,,0.25,0.15,0.4,1.99,0.0,0.0,3.22,0.59,9.67,24,1,1,0,0,0,1,0,0,0,0,0,0,0,0,3,33,23,0.0,0.0,0.0,0.0,0.6200000000000001,0.0,0.0,0.0,0.0,0,0,0,0
171,Jeremy,Sarmiento Morante,Sarmiento,u,has joined Middlesbrough on loan for the rest of the season.,,4.9,328,202.0,0.0,690,290.0,0.0,726.0,306.0,0,0,0.0,-1,1.0,0,1,0.0,0.0,0.0,0.0,0.0,759.0,328.0,0.0,0.0,758.0,327.0,754.0,327.0,745.0,324.0,757.0,326.0,,,,,,,,0.0,0.0,0.0,0.0,0.0,0.0,0.0,0.0,0.0,24,0,0,0,0,0,0,0,0,0,0,0,0,0,0,0,0,1,0.0,0.0,0.0,0.0,0.0,0.0,0.0,0.0,0.0,0,0,0,0
511,Felipe,Rodrigues da Silva,Morato,a,,,4.3,585,135.0,0.1,509,184.0,0.4,333.0,125.0,0,0,0.0,-2,2.0,5,7,0.1,5.1,0.4,0.4,2.0,321.0,122.0,,,252.0,102.0,412.0,150.0,407.0,152.0,354.0,124.0,,,,,,,,0.0,0.01,0.01,1.37,0.0,0.13,1.77,1.01,9.1,24,0,0,0,0,0,0,0,0,0,0,0,0,0,0,0,7,9,0.0,0.0,0.0,0.0,0.0,0.0,0.0,0.0,0.0,0,0,0,0
512,Omar,Richards,O.Richards,u,has joined Rio Ave on loan for the rest of the season.,,4.5,416,79.0,0.0,672,233.0,0.0,624.0,247.0,0,0,0.0,0,0.0,0,3,0.0,0.0,0.0,0.0,0.0,680.0,252.0,0.0,0.0,674.0,252.0,670.0,252.0,646.0,250.0,675.0,252.0,,,,,,,,0.0,0.0,0.0,0.0,0.0,0.0,0.0,0.0,0.0,24,0,0,0,0,0,0,0,0,0,0,0,0,0,0,0,0,3,0.0,0.0,0.0,0.0,0.0,0.0,0.0,0.0,0.0,0,0,0,0
513,Zach,Abbott,Abbott,a,,,3.8,798,254.0,0.3,338,125.0,0.0,431.0,171.0,0,0,0.0,-2,2.0,28,50,0.0,0.3,0.0,0.0,1.0,437.0,160.0,,,435.0,162.0,454.0,167.0,456.0,182.0,455.0,165.0,,,,,,,,0.0,0.0,0.0,1.26,0.0,0.0,2.0,0.0,14.0,24,0,0,0,0,0,0,0,0,0,0,0,0,0,0,0,33,64,0.0,0.0,0.0,0.0,0.0,0.0,0.0,0.0,0.0,0,0,0,0
514,Willy,Boly,Boly,a,,,3.8,774,231.0,0.4,282,108.0,0.0,412.0,153.0,0,0,0.0,-2,2.0,123,45,0.0,0.0,0.0,0.0,0.0,500.0,178.0,100.0,100.0,488.0,176.0,476.0,174.0,438.0,165.0,488.0,175.0,,,,,,,,0.0,0.0,0.0,0.0,0.0,0.0,0.0,0.0,0.0,24,0,0,0,0,0,0,0,0,0,0,0,0,0,0,0,159,64,0.0,0.0,0.0,0.0,0.0,0.0,0.0,0.0,0.0,0,0,0,0
172,Tom,Watson,Watson,a,,,4.8,372,233.0,0.0,627,247.0,0.2,390.0,179.0,0,0,0.0,-2,2.0,5,4,0.0,1.0,0.2,0.2,0.8,492.0,232.0,100.0,100.0,451.0,205.0,438.0,210.0,401.0,196.0,456.0,208.0,,,,,,,,0.06,0.05,0.11,2.72,0.0,0.0,3.16,0.0,7.89,24,0,0,0,0,0,0,0,0,0,0,0,0,0,0,0,6,4,0.0,0.0,0.0,0.0,0.0,0.0,0.0,0.0,0.0,0,0,0,0
173,Mats,Wieffer,Wieffer,i,Toe Injury - Unknown return date,,4.9,332,205.0,0.1,423,142.0,0.0,729.0,308.0,0,0,0.0,-1,1.0,0,74,0.0,11.8,0.0,0.0,3.6,109.0,51.0,0.0,0.0,138.0,48.0,101.0,75.0,170.0,99.0,123.0,69.0,,,,,,,,0.09,0.11,0.2,1.25,0.0,0.23,1.3,0.99,14.05,24,0,0,0,0,0,0,0,0,0,0,0,0,0,0,0,0,154,0.0,0.0,0.0,0.0,0.0,0.0,0.0,0.0,0.0,0,0,0,0
174,Malick,Yalcouyé,Yalcouye,u,Has joined Swansea City on loan for the rest of the season.,,5.0,280,172.0,0.0,759,329.0,0.0,752.0,326.0,0,0,0.0,0,0.0,0,0,0.0,0.0,0.0,0.0,0.0,778.0,342.0,0.0,0.0,777.0,341.0,775.0,341.0,768.0,338.0,776.0,340.0,,,,,,,,0.0,0.0,0.0,0.0,0.0,0.0,0.0,0.0,0.0,24,0,0,0,0,0,0,0,0,0,0,0,0,0,0,0,0,0,0.0,0.0,0.0,0.0,0.0,0.0,0.0,0.0,0.0,0,0,0,0
175,Joe,Knight,Knight,a,,,4.4,551,330.0,0.1,512,182.0,0.0,609.0,221.0,0,0,0.0,-1,1.0,10,15,0.0,0.2,0.0,0.0,1.0,452.0,202.0,,,660.0,253.0,656.0,257.0,631.0,246.0,661.0,254.0,,,,,,,,0.0,0.0,0.0,0.0,0.0,0.0,0.0,0.0,0.0,24,0,0,0,0,0,0,0,0,0,0,0,0,0,0,0,17,21,0.0,0.0,0.0,0.0,0.0,0.0,0.0,0.0,0.0,0,0,0,0
176,Adrian,Mazilu,Mazilu,u,has joined Dinamo Bucharest permanently.,,4.5,460,279.0,0.0,675,280.0,0.0,654.0,254.0,0,0,0.0,0,0.0,0,1,0.0,0.0,0.0,0.0,0.0,705.0,289.0,0.0,0.0,700.0,284.0,697.0,286.0,676.0,277.0,700.0,284.0,,,,,,,,0.0,0.0,0.0,0.0,0.0,0.0,0.0,0.0,0.0,24,0,0,0,0,0,0,0,0,0,0,0,0,0,0,0,0,1,0.0,0.0,0.0,0.0,0.0,0.0,0.0,0.0,0.0,0,0,0,0
177,Andrew,Moran,Moran,u,Has joined Los Angeles FC on loan for the rest of the season.,,4.5,450,269.0,0.0,684,285.0,0.0,647.0,247.0,0,0,0.0,0,0.0,0,1,0.0,0.0,0.0,0.0,0.0,698.0,282.0,0.0,0.0,693.0,277.0,690.0,279.0,669.0,270.0,693.0,277.0,,,,,,,,0.0,0.0,0.0,0.0,0.0,0.0,0.0,0.0,0.0,24,0,0,0,0,0,0,0,0,0,0,0,0,0,0,0,0,1,0.0,0.0,0.0,0.0,0.0,0.0,0.0,0.0,0.0,0,0,0,0
178,Danny,Welbeck,Welbeck,a,,,6.2,71,23.0,4.2,83,15.0,1.4,242.0,30.0,2,0,0.0,-3,3.0,1047,2275,0.2,11.3,1.4,1.4,3.0,193.0,19.0,100.0,100.0,128.0,11.0,144.0,9.0,38.0,16.0,78.0,13.0,,2.0,2.0,,,,,0.56,0.05,0.61,1.35,0.0,0.27,1.34,1.0,4.15,24,2,69,0,0,1,0,0,0,0,0,0,0,1,0,5,2375,3164,0.0,0.5500000000000007,0.040000000000000036,0.5899999999999999,0.4200000000000017,0.0,0.0,0.0,0.0,1,1,3,5
179,Evan,Ferguson,Ferguson,u,Has joined AS Roma on loan for the rest of the season,,5.5,152,38.0,0.0,738,88.0,0.0,788.0,82.0,0,0,0.0,0,0.0,0,0,0.0,0.0,0.0,0.0,0.0,795.0,86.0,0.0,0.0,794.0,86.0,793.0,86.0,790.0,86.0,794.0,86.0,,,,,,,,0.0,0.0,0.0,0.0,0.0,0.0,0.0,0.0,0.0,24,0,0,0,0,0,0,0,0,0,0,0,0,0,0,0,0,0,0.0,0.0,0.0,0.0,0.0,0.0,0.0,0.0,0.0,0,0,0,0
180,Stefanos,Tzimas,Tzimas,i,Knee injury - Expected back 01 Jun,,5.2,223,51.0,0.1,516,73.0,0.0,763.0,77.0,0,0,0.0,-3,3.0,1,10,0.0,3.1,0.0,0.0,1.8,356.0,38.0,0.0,0.0,367.0,37.0,280.0,29.0,305.0,50.0,356.0,43.0,,,,,,,,0.3,0.08,0.38,1.77,0.0,0.0,1.36,0.68,10.23,24,0,0,0,0,0,0,0,0,0,0,0,0,0,0,0,5,14,0.0,0.0,0.0,0.0,0.0,0.0,0.0,0.0,0.0,0,0,0,0
181,Charalampos,Kostoulas,Kostoulas,a,,,4.8,374,63.0,0.4,288,45.0,2.8,112.0,14.0,1,0,0.0,-2,2.0,102,99,0.6,5.6,2.8,2.8,1.9,339.0,33.0,,,305.0,30.0,272.0,27.0,129.0,32.0,270.0,32.0,,,,,,,,0.61,0.1,0.71,1.54,0.0,0.45,2.23,0.45,12.92,24,1,20,0,0,0,1,0,0,0,0,0,0,0,0,1,146,142,0.0,0.0,0.010000000000000009,0.010000000000000009,0.7799999999999998,0.0,0.0,0.0,0.0,1,1,1,3
744,Nehemiah,Oriola,Oriola,a,,,4.5,465,282.0,0.0,708,300.0,0.0,657.0,256.0,0,0,0.0,0,0.0,2,4,0.0,0.2,0.0,0.0,1.0,459.0,208.0,,,704.0,287.0,700.0,288.0,680.0,280.0,704.0,287.0,,,,,,,,0.0,0.0,0.0,0.0,0.0,0.0,0.0,0.0,0.0,24,0,0,0,0,0,0,0,0,0,0,0,0,0,0,0,5,5,0.0,0.0,0.0,0.0,0.0,0.0,0.0,0.0,0.0,0,0,0,0
761,Freddie,Simmonds,Simmonds,a,,,4.0,714,198.0,0.0,728,249.0,0.0,530.0,219.0,0,0,0.0,0,0.0,5,3,0.0,0.0,0.0,0.0,0.0,608.0,234.0,,,598.0,234.0,591.0,234.0,557.0,229.0,598.0,233.0,,,,,,,,0.0,0.0,0.0,0.0,0.0,0.0,0.0,0.0,0.0,24,0,0,0,0,0,0,0,0,0,0,0,0,0,0,0,7,4,0.0,0.0,0.0,0.0,0.0,0.0,0.0,0.0,0.0,0,0,0,0
783,Pascal,Groß,Groß,a,,,5.5,135,82.0,0.0,591,222.0,3.2,89.0,39.0,9,0,0.0,0,0.0,477,22,0.6,2.9,3.2,3.2,3.2,163.0,70.0,,,388.0,170.0,169.0,115.0,317.0,166.0,329.0,160.0,,,,,,,,0.11,0.19,0.3,1.32,0.0,0.24,0.72,0.96,9.1,24,9,90,1,0,1,0,0,0,0,1,0,0,1,0,34,543,52,0.0,0.22000000000000003,0.06000000000000005,0.28,0.5699999999999994,0.0,0.0,0.0,0.0,3,5,7,15
795,Harry,Howell,Howell,a,,,4.5,486,298.0,0.0,796,352.0,0.0,676.0,270.0,0,0,0.0,0,0.0,3,4,0.0,0.0,0.0,0.0,0.0,724.0,302.0,,,722.0,300.0,717.0,300.0,699.0,294.0,721.0,299.0,,,,,,,,0.0,0.0,0.0,0.0,0.0,0.0,0.0,0.0,0.0,24,0,0,0,0,0,0,0,0,0,0,0,0,0,0,0,4,4,0.0,0.0,0.0,0.0,0.0,0.0,0.0,0.0,0.0,0,0,0,0
226,Trevoh,Chalobah,Chalobah,a,,,5.7,115,11.0,22.8,16,5.0,4.4,32.0,11.0,3,0,0.0,7,-7.0,12455,4138,0.8,20.5,4.4,4.4,5.1,14.0,5.0,100.0,100.0,18.0,7.0,251.0,75.0,151.0,29.0,91.0,23.0,,,,,,,,0.05,0.03,0.08,1.32,0.0,0.4,1.16,1.03,9.09,24,3,90,0,0,0,2,0,0,0,0,0,0,1,0,10,25281,5888,0.0,0.0,0.019999999999999907,0.020000000000000018,1.120000000000001,0.0,0.0,0.0,0.0,0,12,3,12
227,Levi,Samuels Colwill,Colwill,i,Anterior cruciate ligament - Unknown return date,,4.7,386,66.0,0.1,462,171.0,0.0,700.0,253.0,0,0,0.0,-3,3.0,3,6,0.0,0.0,0.0,0.0,0.0,743.0,257.0,0.0,0.0,742.0,257.0,737.0,257.0,723.0,256.0,741.0,257.0,,,,,,,,0.0,0.0,0.0,0.0,0.0,0.0,0.0,0.0,0.0,24,0,0,0,0,0,0,0,0,0,0,0,0,0,0,0,4,7,0.0,0.0,0.0,0.0,0.0,0.0,0.0,0.0,0.0,0,0,0,0
264,Rob,Holding,Holding,u,Has joined Colorado Rapids permanently.,,4.0,658,161.0,0.0,680,235.0,0.0,481.0,188.0,0,0,0.0,0,0.0,0,2,0.0,0.0,0.0,0.0,0.0,562.0,206.0,0.0,0.0,552.0,206.0,544.0,206.0,508.0,199.0,552.0,205.0,,,,,,,,0.0,0.0,0.0,0.0,0.0,0.0,0.0,0.0,0.0,24,0,0,0,0,0,0,0,0,0,0,0,0,0,0,0,0,2,0.0,0.0,0.0,0.0,0.0,0.0,0.0,0.0,0.0,0,0,0,0
265,Caleb,Kporha,Kporha,i,Back injury - Unknown return date,,4.0,710,194.0,0.0,713,244.0,0.0,527.0,216.0,0,0,0.0,0,0.0,2,2,0.0,0.0,0.0,0.0,0.0,605.0,231.0,0.0,0.0,595.0,231.0,588.0,231.0,554.0,226.0,595.0,230.0,,,,,,,,0.0,0.0,0.0,0.0,0.0,0.0,0.0,0.0,0.0,24,0,0,0,0,0,0,0,0,0,0,0,0,0,0,0,3,2,0.0,0.0,0.0,0.0,0.0,0.0,0.0,0.0,0.0,0,0,0,0
267,Ismaïla,Sarr,Sarr,a,,,6.3,68,46.0,2.1,127,44.0,0.4,359.0,162.0,0,0,0.0,-2,2.0,643,194,0.1,8.6,0.4,0.4,4.2,57.0,24.0,100.0,100.0,210.0,88.0,139.0,98.0,74.0,47.0,144.0,78.0,,,,,,,,0.37,0.05,0.42,1.35,0.0,0.49,0.98,1.06,6.39,24,0,0,0,0,0,0,0,0,0,0,0,0,0,0,0,1104,351,0.0,0.0,0.0,0.0,0.0,0.0,0.0,0.0,0.0,0,0,0,0
268,Cheick,Doucouré,Doucouré,i,Knee injury - Unknown return date,,4.9,326,201.0,0.0,778,340.0,0.0,725.0,305.0,0,0,0.0,-1,1.0,0,0,0.0,0.0,0.0,0.0,0.0,758.0,327.0,0.0,0.0,757.0,326.0,753.0,326.0,744.0,323.0,756.0,325.0,,,,,,,,0.0,0.0,0.0,0.0,0.0,0.0,0.0,0.0,0.0,24,0,0,0,0,0,0,0,0,0,0,0,0,0,0,0,1,1,0.0,0.0,0.0,0.0,0.0,0.0,0.0,0.0,0.0,0,0,0,0
690,Rio,Cardines,Cardines,d,Groin Injury - 25% chance of playing,,4.4,556,333.0,0.3,326,110.0,0.0,613.0,223.0,0,0,0.0,-1,1.0,0,34,0.0,0.0,0.0,0.0,0.0,671.0,262.0,25.0,25.0,664.0,255.0,660.0,259.0,635.0,248.0,665.0,256.0,,,,,,,,0.0,0.0,0.0,0.0,0.0,0.0,0.0,0.0,0.0,24,0,0,0,0,0,0,0,0,0,0,0,0,0,0,0,0,49,0.0,0.0,0.0,0.0,0.0,0.0,0.0,0.0,0.0,0,0,0,0
712,Yéremy,Pino Santos,Yeremy,a,,,5.8,111,69.0,0.2,349,117.0,3.0,103.0,44.0,0,0,0.0,-2,2.0,208,131,0.5,10.0,3.0,3.0,2.8,224.0,97.0,100.0,100.0,182.0,76.0,19.0,18.0,54.0,33.0,43.0,32.0,1.0,1.0,,,,,,0.22,0.28,0.5,1.28,0.0,0.37,1.17,1.11,7.26,24,0,0,0,0,0,0,0,0,0,0,0,0,0,0,0,290,237,0.0,0.0,0.0,0.0,0.0,0.0,0.0,0.0,0.0,0,0,0,0
723,Jaydee,Canvot,Canvot,a,,,4.5,504,96.0,0.0,642,224.0,2.4,142.0,51.0,0,0,0.0,0,0.0,11,5,0.5,6.0,2.4,2.4,3.0,186.0,73.0,100.0,100.0,321.0,125.0,420.0,154.0,383.0,139.0,384.0,138.0,,,,,,,,0.01,0.03,0.04,1.96,0.0,0.51,1.53,0.77,13.3,24,0,0,0,0,0,0,0,0,0,0,0,0,0,0,0,12,9,0.0,0.0,0.0,0.0,0.0,0.0,0.0,0.0,0.0,0,0,0,0
732,Christantus,Uche,Uche,a,,,5.5,156,40.0,0.1,578,77.0,0.4,351.0,42.0,0,0,0.0,0,0.0,54,24,0.1,2.5,0.4,0.4,1.3,423.0,50.0,,,438.0,49.0,425.0,52.0,267.0,48.0,411.0,50.0,,,,,,,,0.28,0.01,0.29,3.2,0.0,0.0,3.16,0.0,6.32,24,0,0,0,0,0,0,0,0,0,0,0,0,0,0,0,73,33,0.0,0.0,0.0,0.0,0.0,0.0,0.0,0.0,0.0,0,0,0,0
762,Joél,Drakes-Thomas,Drakes-Thomas,a,,,4.5,507,313.0,0.0,770,334.0,0.2,383.0,173.0,0,0,0.0,0,0.0,6,1,0.0,0.4,0.2,0.2,1.0,466.0,215.0,,,473.0,219.0,449.0,217.0,715.0,307.0,481.0,222.0,,,,,,,,0.0,0.0,0.0,9.39,0.0,0.0,12.86,0.0,38.57,24,0,0,0,0,0,0,0,0,0,0,0,0,0,0,0,8,1,0.0,0.0,0.0,0.0,0.0,0.0,0.0,0.0,0.0,0,0,0,0
773,Dean,Benamar,Benamar,a,,,4.0,723,207.0,0.0,740,251.0,0.0,537.0,226.0,0,0,0.0,0,0.0,5,1,0.0,0.0,0.0,0.0,0.0,615.0,241.0,,,605.0,241.0,598.0,241.0,565.0,237.0,606.0,241.0,,,,,,,,0.0,0.0,0.0,0.0,0.0,0.0,0.0,0.0,0.0,24,0,0,0,0,0,0,0,0,0,0,0,0,0,0,0,9,2,0.0,0.0,0.0,0.0,0.0,0.0,0.0,0.0,0.0,0,0,0,0
780,Ben,Casey,Casey,a,,,4.5,501,72.0,0.0,712,86.0,0.0,689.0,69.0,0,0,0.0,0,0.0,22,4,0.0,0.0,0.0,0.0,0.0,735.0,79.0,,,734.0,79.0,729.0,78.0,711.0,78.0,733.0,79.0,,,,,,,,0.0,0.0,0.0,0.0,0.0,0.0,0.0,0.0,0.0,24,0,0,0,0,0,0,0,0,0,0,0,0,0,0,0,32,6,0.0,0.0,0.0,0.0,0.0,0.0,0.0,0.0,0.0,0,0,0,0
793,George,King,King,a,,,4.0,711,195.0,0.0,748,255.0,0.0,528.0,217.0,0,0,0.0,0,0.0,17,4,0.0,0.0,0.0,0.0,0.0,606.0,232.0,,,596.0,232.0,589.0,232.0,555.0,227.0,596.0,231.0,,,,,,,,0.0,0.0,0.0,0.0,0.0,0.0,0.0,0.0,0.0,24,0,0,0,0,0,0,0,0,0,0,0,0,0,0,0,18,4,0.0,0.0,0.0,0.0,0.0,0.0,0.0,0.0,0.0,0,0,0,0
798,Danny,Imray,Imray,a,,,4.0,689,178.0,0.0,784,262.0,0.0,508.0,202.0,0,0,0.0,0,0.0,5,1,0.0,0.0,0.0,0.0,0.0,588.0,219.0,,,578.0,219.0,571.0,219.0,536.0,213.0,578.0,218.0,,,,,,,,0.0,0.0,0.0,0.0,0.0,0.0,0.0,0.0,0.0,24,0,0,0,0,0,0,0,0,0,0,0,0,0,0,0,5,1,0.0,0.0,0.0,0.0,0.0,0.0,0.0,0.0,0.0,0,0,0,0
242,Kiernan,Dewsbury-Hall,Dewsbury-Hall,a,,,4.9,311,193.0,2.2,122,42.0,0.6,316.0,140.0,2,0,0.0,-1,1.0,1018,477,0.1,15.9,0.6,0.6,4.6,27.0,13.0,100.0,100.0,148.0,55.0,51.0,43.0,109.0,64.0,83.0,51.0,2.0,,,,,,,0.13,0.18,0.31,1.24,0.0,0.39,1.11,1.04,7.5,24,2,78,0,0,0,1,0,0,0,0,0,0,1,0,9,2396,1155,0.0,0.3999999999999999,0.010000000000000231,0.41000000000000014,1.2600000000000016,0.0,0.0,0.0,0.0,1,0,1,2
287,Jordan,Pickford,Pickford,a,,,5.6,126,2.0,14.2,28,4.0,3.8,57.0,3.0,2,0,0.0,1,-1.0,3552,2733,0.7,18.8,3.8,3.8,4.4,40.0,1.0,,,15.0,4.0,473.0,16.0,792.0,91.0,171.0,5.0,,,,,,,,0.0,0.01,0.01,1.44,2.75,0.38,1.12,1.0,0.0,24,2,90,0,0,0,1,0,0,0,0,0,1,1,0,10,5300,3924,0.0,0.0,0.0,0.0,1.2899999999999991,0.0,0.0,0.0,0.0,0,0,7,0
288,Mark,Travers,Travers,a,,,4.3,577,28.0,0.1,454,70.0,0.0,561.0,83.0,0,0,0.0,-2,2.0,4,12,0.0,0.0,0.0,0.0,0.0,628.0,87.0,,,618.0,87.0,614.0,79.0,585.0,66.0,619.0,87.0,,,,,,,,0.0,0.0,0.0,0.0,0.0,0.0,0.0,0.0,0.0,24,0,0,0,0,0,0,0,0,0,0,0,0,0,0,0,7,15,0.0,0.0,0.0,0.0,0.0,0.0,0.0,0.0,0.0,0,0,0,0
289,Harry,Tyrer,Tyrer,u,has joined Cardiff City permanently.,,3.9,747,79.0,0.1,472,73.0,0.0,453.0,40.0,0,0,0.0,-1,1.0,0,28,0.0,0.0,0.0,0.0,0.0,534.0,46.0,0.0,0.0,524.0,46.0,515.0,33.0,478.0,18.0,524.0,46.0,,,,,,,,0.0,0.0,0.0,0.0,0.0,0.0,0.0,0.0,0.0,24,0,0,0,0,0,0,0,0,0,0,0,0,0,0,0,0,41,0.0,0.0,0.0,0.0,0.0,0.0,0.0,0.0,0.0,0,0,0,0
715,John Victor,Maciel Furtado,John,i,Knee injury - Expected back 01 Jun,,4.0,662,46.0,0.4,274,37.0,0.2,367.0,24.0,0,0,0.0,0,0.0,9,134,0.0,2.8,0.0,0.0,2.2,291.0,23.0,0.0,0.0,382.0,29.0,547.0,53.0,512.0,38.0,422.0,29.0,,,,,,,,0.0,0.0,0.0,1.26,1.24,0.21,1.65,1.03,0.0,24,0,0,0,0,0,0,0,0,0,0,0,0,0,0,0,12,188,0.0,0.0,0.0,0.0,0.0,0.0,0.0,0.0,0.0,0,0,0,0
716,Nicolò,Savona,Savona,i,Knee injury - Unknown return date,,4.5,449,91.0,0.1,477,173.0,0.2,378.0,142.0,0,0,0.0,0,0.0,0,151,0.0,8.7,0.0,0.0,2.8,216.0,85.0,0.0,0.0,203.0,82.0,190.0,48.0,223.0,58.0,226.0,78.0,,,,,,,,0.12,0.04,0.16,1.32,0.0,0.26,1.58,0.97,5.0,24,0,0,0,0,0,0,0,0,0,0,0,0,0,0,0,0,253,0.0,0.0,0.0,0.0,0.0,0.0,0.0,0.0,0.0,0,0,0,0
729,Luis Eduardo,Soares da Silva,Cuiabano,a,,,4.5,468,93.0,0.0,802,263.0,0.0,660.0,251.0,0,0,0.0,0,0.0,4,0,0.0,0.0,0.0,0.0,0.0,709.0,255.0,100.0,100.0,706.0,255.0,702.0,255.0,683.0,254.0,706.0,255.0,,,,,,,,0.0,0.0,0.0,0.0,0.0,0.0,0.0,0.0,0.0,24,0,0,0,0,0,0,0,0,0,0,0,0,0,0,0,4,0,0.0,0.0,0.0,0.0,0.0,0.0,0.0,0.0,0.0,0,0,0,0
734,Dilane,Bakwa,Bakwa,a,,,5.9,101,66.0,0.0,677,281.0,1.0,282.0,127.0,0,0,0.0,-1,1.0,7,5,0.2,2.0,1.0,1.0,1.5,400.0,179.0,100.0,100.0,389.0,171.0,208.0,133.0,258.0,139.0,327.0,159.0,,,,,,,,0.12,0.2,0.32,1.64,0.0,0.0,2.09,0.89,6.85,24,0,0,0,0,0,0,0,0,0,0,0,0,0,0,0,9,7,0.0,0.0,0.0,0.0,0.0,0.0,0.0,0.0,0.0,0,0,0,0
805,Lorenzo,Lucca,Lucca,a,,,5.5,150,37.0,0.0,752,89.0,0.0,786.0,81.0,0,0,0.0,0,0.0,48,10,0.0,0.0,1.9,1.9,0.0,793.0,85.0,,,792.0,85.0,791.0,85.0,788.0,85.0,792.0,85.0,,,,,,,,0.0,0.0,0.0,0.0,0.0,0.0,0.0,0.0,0.0,24,0,0,0,0,0,0,0,0,0,0,0,0,0,0,0,57,10,0.0,0.0,0.0,0.0,0.0,0.0,0.0,0.0,0.0,0,0,0,0
309,Jenson,Metcalfe,Metcalfe,u,Has joined Bradford City permanently.,,4.5,444,266.0,0.0,805,360.0,0.0,644.0,244.0,0,0,0.0,0,0.0,0,1,0.0,0.0,0.0,0.0,0.0,695.0,279.0,0.0,0.0,690.0,274.0,687.0,276.0,666.0,267.0,690.0,274.0,,,,,,,,0.0,0.0,0.0,0.0,0.0,0.0,0.0,0.0,0.0,24,0,0,0,0,0,0,0,0,0,0,0,0,0,0,0,0,1,0.0,0.0,0.0,0.0,0.0,0.0,0.0,0.0,0.0,0,0,0,0
310,Thierno,Barry,Barry,a,,,5.7,122,33.0,1.3,164,28.0,5.4,12.0,5.0,2,0,0.0,-3,3.0,2042,1262,0.9,10.7,5.4,5.4,2.5,264.0,26.0,,,211.0,17.0,196.0,18.0,43.0,18.0,129.0,16.0,,,,,,,,0.25,0.02,0.27,1.4,0.0,0.46,1.19,1.06,3.05,24,2,88,0,0,0,1,0,0,0,0,0,0,1,0,9,4456,1766,0.0,0.0,0.15999999999999998,0.16000000000000014,1.2899999999999991,0.0,0.0,0.0,0.0,0,0,2,2
311,Norberto Bercique,Gomes Betuncal,Beto,a,,,5.0,264,54.0,2.4,118,19.0,2.6,133.0,16.0,5,0,0.0,-5,5.0,601,460,0.5,8.6,2.6,2.6,1.8,355.0,37.0,,,294.0,28.0,309.0,33.0,55.0,20.0,218.0,25.0,,,2.0,,,,,0.55,0.02,0.57,1.62,0.0,0.22,1.3,0.87,5.3,24,5,1,1,0,0,0,0,0,0,0,0,0,0,0,27,742,634,0.0,0.5899999999999999,0.0,0.5900000000000007,0.0,0.0,0.0,0.0,0.0,0,1,1,2
312,Youssef,Ramalho Chermiti,Y.Chermiti,u,has joined Rangers permanently.,,4.9,336,61.0,0.1,534,75.0,0.0,730.0,74.0,0,0,0.0,-1,1.0,0,2,0.0,0.0,0.0,0.0,0.0,762.0,83.0,0.0,0.0,761.0,83.0,757.0,82.0,748.0,82.0,760.0,83.0,,,,,,,,0.0,0.0,0.0,0.0,0.0,0.0,0.0,0.0,0.0,24,0,0,0,0,0,0,0,0,0,0,0,0,0,0,0,0,3,0.0,0.0,0.0,0.0,0.0,0.0,0.0,0.0,0.0,0,0,0,0
313,Martin,Sherif,Sherif,a,,,4.4,547,77.0,0.1,441,64.0,0.0,605.0,58.0,0,0,0.0,-1,1.0,32,14,0.0,0.0,0.0,0.0,0.0,664.0,68.0,100.0,100.0,656.0,68.0,652.0,67.0,627.0,67.0,657.0,68.0,,,,,,,,0.0,0.0,0.0,0.0,0.0,0.0,0.0,0.0,0.0,24,0,0,0,0,0,0,0,0,0,0,0,0,0,0,0,43,17,0.0,0.0,0.0,0.0,0.0,0.0,0.0,0.0,0.0,0,0,0,0
419,Jack,Grealish,Grealish,i,Foot injury - Expected back 01 Jun,,6.4,56,36.0,7.0,55,20.0,2.4,153.0,67.0,0,0,0.0,-1,1.0,14,6944,0.4,12.3,0.0,0.0,4.0,71.0,30.0,0.0,0.0,89.0,28.0,14.0,14.0,28.0,15.0,21.0,17.0,,,,,,,,0.11,0.19,0.3,1.43,0.0,0.39,1.27,1.0,7.47,24,0,0,0,0,0,0,0,0,0,0,0,0,0,0,0,15,9851,0.0,0.0,0.0,0.0,0.0,0.0,0.0,0.0,0.0,0,0,0,0
667,Adam,Aznou,Aznou,a,,,4.2,634,150.0,0.1,567,205.0,0.0,548.0,231.0,0,0,0.0,-3,3.0,3,4,0.0,0.0,0.0,0.0,0.0,622.0,244.0,100.0,100.0,613.0,245.0,608.0,244.0,577.0,241.0,614.0,245.0,,,,,,,,0.0,0.0,0.0,0.0,0.0,0.0,0.0,0.0,0.0,24,0,0,0,0,0,0,0,0,0,0,0,0,0,0,0,4,5,0.0,0.0,0.0,0.0,0.0,0.0,0.0,0.0,0.0,0,0,0,0
704,Tyler,Onyango,Onyango,u,has joined Stockport County on loan for the rest of the season.,,4.5,434,259.0,0.1,579,215.0,0.0,637.0,237.0,0,0,0.0,0,0.0,0,5,0.0,0.0,0.0,0.0,0.0,690.0,274.0,0.0,0.0,684.0,268.0,682.0,271.0,660.0,262.0,685.0,269.0,,,,,,,,0.0,0.0,0.0,0.0,0.0,0.0,0.0,0.0,0.0,24,0,0,0,0,0,0,0,0,0,0,0,0,0,0,0,0,6,0.0,0.0,0.0,0.0,0.0,0.0,0.0,0.0,0.0,0,0,0,0
705,Elijah,Campbell,Campbell,a,,,3.9,759,222.0,0.2,394,143.0,0.0,461.0,180.0,0,0,0.0,-1,1.0,18,15,0.0,0.0,0.0,0.0,0.0,542.0,198.0,,,532.0,198.0,523.0,198.0,486.0,190.0,532.0,197.0,,,,,,,,0.0,0.0,0.0,0.0,0.0,0.0,0.0,0.0,0.0,24,0,0,0,0,0,0,0,0,0,0,0,0,0,0,0,24,22,0.0,0.0,0.0,0.0,0.0,0.0,0.0,0.0,0.0,0,0,0,0
707,Tyler,Dibling,Dibling,a,,,5.3,202,125.0,0.0,639,258.0,0.6,320.0,144.0,1,0,0.0,-2,2.0,2,15,0.1,3.2,0.6,0.6,1.3,422.0,191.0,,,392.0,173.0,290.0,168.0,329.0,173.0,374.0,174.0,,,,,,,,0.05,0.04,0.09,1.55,0.0,0.52,0.52,1.03,10.34,24,1,10,0,0,0,0,0,0,0,0,0,0,0,0,1,4,32,0.0,0.0,0.0,0.0,0.03000000000000025,0.0,0.0,0.0,0.0,0,0,0,0
728,Merlin,Röhl,Röhl,a,,,5.0,275,168.0,0.0,704,297.0,1.0,272.0,119.0,0,0,0.0,0,0.0,5,9,0.2,3.2,1.0,1.0,1.6,382.0,170.0,100.0,100.0,372.0,163.0,279.0,164.0,328.0,172.0,362.0,170.0,,,,,,,,0.13,0.04,0.17,1.6,0.0,0.51,1.02,0.51,10.96,24,0,0,0,0,0,0,0,0,0,0,0,0,0,0,0,8,12,0.0,0.0,0.0,0.0,0.0,0.0,0.0,0.0,0.0,0,0,0,0
779,Braiden,Graham,Graham,a,,,4.5,499,71.0,0.0,681,84.0,0.0,687.0,68.0,0,0,0.0,0,0.0,33,14,0.0,0.0,0.0,0.0,0.0,734.0,78.0,,,733.0,78.0,728.0,77.0,710.0,77.0,732.0,78.0,,,,,,,,0.0,0.0,0.0,0.0,0.0,0.0,0.0,0.0,0.0,24,0,0,0,0,0,0,0,0,0,0,0,0,0,0,0,43,17,0.0,0.0,0.0,0.0,0.0,0.0,0.0,0.0,0.0,0,0,0,0
314,Bernd,Leno,Leno,a,,,4.9,287,11.0,1.6,149,20.0,2.0,172.0,17.0,0,0,0.0,-1,1.0,152,189,0.4,14.3,2.0,2.0,3.0,188.0,17.0,,,27.0,8.0,742.0,88.0,731.0,82.0,192.0,9.0,,,,,,,,0.0,0.0,0.0,1.39,2.61,0.22,1.39,1.0,0.0,24,0,0,0,0,0,0,0,0,0,0,0,0,0,0,0,174,551,0.0,0.0,0.0,0.0,0.0,0.0,0.0,0.0,0.0,0,0,0,0
315,Steven,Benda,Benda,a,,,4.0,667,49.0,0.0,734,85.0,0.0,488.0,61.0,0,0,0.0,0,0.0,14,5,0.0,0.0,0.0,0.0,0.0,569.0,67.0,100.0,100.0,559.0,67.0,552.0,56.0,517.0,41.0,559.0,67.0,,,,,,,,0.0,0.0,0.0,0.0,0.0,0.0,0.0,0.0,0.0,24,0,0,0,0,0,0,0,0,0,0,0,0,0,0,0,18,7,0.0,0.0,0.0,0.0,0.0,0.0,0.0,0.0,0.0,0,0,0,0
316,Antonee,Robinson,Robinson,a,,,4.9,295,46.0,0.8,205,78.0,1.2,254.0,95.0,0,0,0.0,-1,1.0,284,170,0.2,6.5,1.2,1.2,2.9,199.0,79.0,100.0,100.0,244.0,99.0,130.0,31.0,327.0,105.0,243.0,81.0,,,,,,,,0.03,0.13,0.16,1.5,0.0,0.25,0.98,0.98,8.0,24,0,0,0,0,0,0,0,0,0,0,0,0,0,0,0,335,402,0.0,0.0,0.0,0.0,0.0,0.0,0.0,0.0,0.0,0,0,0,0
317,Joachim,Andersen,Andersen,a,,,4.6,393,67.0,5.1,74,25.0,3.0,99.0,36.0,0,0,0.0,1,-1.0,1009,555,0.7,18.7,3.0,3.0,3.9,77.0,30.0,100.0,100.0,16.0,6.0,240.0,70.0,242.0,67.0,102.0,30.0,,,,,,,,0.03,0.07,0.1,1.33,0.0,0.23,1.35,1.03,10.86,24,0,0,0,0,0,0,0,0,0,0,0,0,0,0,0,2018,2724,0.0,0.0,0.0,0.0,0.0,0.0,0.0,0.0,0.0,0,0,0,0
318,Calvin,Bassey,Bassey,a,,,4.4,525,110.0,0.4,280,106.0,0.0,593.0,244.0,0,0,0.0,-1,1.0,188,51,0.0,12.5,0.0,0.0,3.4,128.0,49.0,100.0,100.0,110.0,49.0,265.0,81.0,289.0,89.0,213.0,71.0,,,,,,,,0.06,0.01,0.07,1.38,0.0,0.2,1.66,0.99,7.95,24,0,0,0,0,0,0,0,0,0,0,0,0,0,0,0,230,95,0.0,0.0,0.0,0.0,0.0,0.0,0.0,0.0,0.0,0,0,0,0
319,Timothy,Castagne,Castagne,a,,,4.3,572,126.0,0.1,460,169.0,1.4,231.0,87.0,0,0,0.0,-2,2.0,22,11,0.3,5.8,1.4,1.4,1.4,402.0,146.0,,,230.0,93.0,192.0,49.0,239.0,66.0,248.0,84.0,,,,,,,,0.09,0.04,0.13,1.71,0.0,0.0,1.81,0.95,7.91,24,0,0,0,0,0,0,0,0,0,0,0,0,0,0,0,30,30,0.0,0.0,0.0,0.0,0.0,0.0,0.0,0.0,0.0,0,0,0,0
531,Daniel,Ballard,Ballard,a,,,4.6,395,68.0,3.1,105,41.0,1.6,210.0,78.0,0,0,0.0,1,-1.0,321,904,0.3,18.0,0.6,1.6,4.4,35.0,15.0,100.0,100.0,48.0,21.0,224.0,63.0,48.0,2.0,69.0,14.0,,,,,,,,0.13,0.03,0.16,1.35,0.0,0.26,1.22,0.96,10.92,24,0,0,0,0,0,0,0,0,0,0,0,0,0,0,0,836,1283,0.0,0.0,0.0,0.0,0.0,0.0,0.0,0.0,0.0,0,0,0,0
532,Trai,Hume,Hume,a,,,4.5,440,88.0,0.3,295,112.0,0.6,314.0,118.0,0,0,0.0,0,0.0,17,92,0.1,14.7,-0.4,0.6,2.9,198.0,78.0,,,134.0,58.0,97.0,22.0,139.0,25.0,120.0,38.0,2.0,,,,,,,0.05,0.04,0.09,1.48,0.0,0.29,1.15,1.01,6.33,24,0,0,0,0,0,0,0,0,0,0,0,0,0,0,0,33,146,0.0,0.0,0.0,0.0,0.0,0.0,0.0,0.0,0.0,0,0,0,0
533,Aji,Alese,Alese,u,has joined Portsmouth on loan for the rest of the season.,,4.0,661,164.0,0.0,767,260.0,0.0,483.0,190.0,0,0,0.0,0,0.0,0,3,0.0,0.0,0.0,0.0,0.0,564.0,208.0,0.0,0.0,554.0,208.0,546.0,208.0,511.0,202.0,554.0,207.0,,,,,,,,0.0,0.0,0.0,0.0,0.0,0.0,0.0,0.0,0.0,24,0,0,0,0,0,0,0,0,0,0,0,0,0,0,0,0,3,0.0,0.0,0.0,0.0,0.0,0.0,0.0,0.0,0.0,0,0,0,0
543,Simon,Adingra,Adingra,a,,,4.9,340,210.0,0.4,268,91.0,0.6,317.0,141.0,0,0,0.0,-6,6.0,22,77,0.1,6.9,-0.4,0.6,2.4,270.0,116.0,,,342.0,151.0,200.0,131.0,253.0,138.0,307.0,148.0,,,,,,,,0.05,0.09,0.14,1.57,0.0,0.55,1.11,1.25,6.24,24,0,0,0,0,0,0,0,0,0,0,0,0,0,0,0,40,111,0.0,0.0,0.0,0.0,0.0,0.0,0.0,0.0,0.0,0,0,0,0
544,Habib,Diarra,Diarra,a,,,5.3,205,127.0,0.0,607,233.0,0.0,770.0,338.0,0,0,0.0,-2,2.0,10,11,0.0,2.5,-1.0,0.0,2.2,300.0,132.0,100.0,100.0,431.0,192.0,343.0,180.0,297.0,154.0,399.0,182.0,,,1.0,,,,,0.12,0.02,0.14,1.01,0.0,0.43,0.43,0.87,5.62,24,0,0,0,0,0,0,0,0,0,0,0,0,0,0,0,15,13,0.0,0.0,0.0,0.0,0.0,0.0,0.0,0.0,0.0,0,0,0,0
545,Patrick,Roberts,Roberts,u,has joined Birmingham City on loan for the rest of the season.,,5.4,161,100.0,0.0,710,301.0,0.0,772.0,339.0,0,0,0.0,-1,1.0,0,0,0.0,0.2,0.0,0.0,1.0,482.0,227.0,0.0,0.0,471.0,218.0,418.0,204.0,410.0,202.0,460.0,212.0,,,,,,,,0.1,0.07,0.17,2.2,0.0,0.0,3.33,0.0,3.33,24,0,0,0,0,0,0,0,0,0,0,0,0,0,0,0,0,0,0.0,0.0,0.0,0.0,0.0,0.0,0.0,0.0,0.0,0,0,0,0
546,Milan,Aleksić,Aleksić,a,,,4.9,345,215.0,0.0,686,286.0,0.0,734.0,312.0,0,0,0.0,-1,1.0,3,0,0.0,0.0,-1.0,0.0,0.0,764.0,331.0,100.0,100.0,763.0,330.0,759.0,330.0,750.0,327.0,762.0,329.0,,,,,,,,0.0,0.0,0.0,0.0,0.0,0.0,0.0,0.0,0.0,24,0,0,0,0,0,0,0,0,0,0,0,0,0,0,0,3,0,0.0,0.0,0.0,0.0,0.0,0.0,0.0,0.0,0.0,0,0,0,0
547,Enzo,Le Fée,E.Le Fée,a,,,4.9,335,207.0,1.4,156,52.0,2.8,114.0,51.0,0,0,0.0,-1,1.0,297,1000,0.6,16.5,1.8,2.8,3.7,100.0,47.0,100.0,100.0,72.0,21.0,18.0,17.0,125.0,73.0,37.0,27.0,3.0,2.0,2.0,,,,,0.19,0.12,0.31,1.46,0.0,0.31,1.18,1.03,8.87,24,0,0,0,0,0,0,0,0,0,0,0,0,0,0,0,1267,1648,0.0,0.0,0.0,0.0,0.0,0.0,0.0,0.0,0.0,0,0,0,0
34,Joe,Gauci,Gauci,u,Has joined Port Vale on loan for the rest of the season.,,4.0,675,53.0,0.1,481,74.0,0.0,495.0,65.0,0,0,0.0,0,0.0,0,1,0.0,0.0,0.0,0.0,0.0,576.0,71.0,0.0,0.0,566.0,71.0,559.0,60.0,524.0,45.0,566.0,71.0,,,,,,,,0.0,0.0,0.0,0.0,0.0,0.0,0.0,0.0,0.0,24,0,0,0,0,0,0,0,0,0,0,0,0,0,0,0,0,1,0.0,0.0,0.0,0.0,0.0,0.0,0.0,0.0,0.0,0,0,0,0
35,Filip,Marschall,Marschall,u,Has joined Stevenage permanently.,,4.0,674,52.0,0.0,732,84.0,0.0,494.0,64.0,0,0,0.0,0,0.0,0,0,0.0,0.0,0.0,0.0,0.0,575.0,70.0,0.0,0.0,565.0,70.0,558.0,59.0,523.0,44.0,565.0,70.0,,,,,,,,0.0,0.0,0.0,0.0,0.0,0.0,0.0,0.0,0.0,24,0,0,0,0,0,0,0,0,0,0,0,0,0,0,0,0,0,0.0,0.0,0.0,0.0,0.0,0.0,0.0,0.0,0.0,0,0,0,0
36,Matty,Cash,Cash,a,,,4.8,354,58.0,11.7,36,12.0,3.8,54.0,22.0,0,0,0.0,3,-3.0,4500,1410,0.8,19.8,3.8,3.8,4.3,42.0,18.0,100.0,100.0,50.0,23.0,57.0,10.0,169.0,35.0,62.0,10.0,1.0,,,,,,,0.03,0.09,0.12,1.36,0.0,0.32,0.92,1.01,5.67,24,0,0,0,0,0,0,0,0,0,0,0,0,0,0,0,8242,2766,0.0,0.0,0.0,0.0,0.0,0.0,0.0,0.0,0.0,0,0,0,0
37,Lucas,Digne,Digne,a,,,4.5,406,73.0,1.6,148,58.0,2.8,109.0,37.0,0,0,0.0,0,0.0,440,205,0.6,15.1,2.8,2.8,3.1,169.0,69.0,100.0,100.0,176.0,72.0,66.0,13.0,202.0,51.0,125.0,39.0,2.0,2.0,,,,,,0.04,0.16,0.2,1.36,0.0,0.44,0.88,1.03,4.93,24,0,0,0,0,0,0,0,0,0,0,0,0,0,0,0,627,350,0.0,0.0,0.0,0.0,0.0,0.0,0.0,0.0,0.0,0,0,0,0
38,Ezri,Konsa Ngoyo,Konsa,a,,,4.4,518,104.0,7.5,53,17.0,3.4,69.0,27.0,0,0,0.0,-1,1.0,1926,573,0.8,15.9,3.4,3.4,3.2,151.0,60.0,100.0,100.0,76.0,35.0,268.0,82.0,245.0,68.0,173.0,54.0,,,,,,,,0.02,0.02,0.04,1.47,0.0,0.32,1.1,1.01,5.98,24,0,0,0,0,0,0,0,0,0,0,0,0,0,0,0,3135,1075,0.0,0.0,0.0,0.0,0.0,0.0,0.0,0.0,0.0,0,0,0,0
60,Ben,Broggio,Broggio,a,,,4.4,554,332.0,0.3,323,107.0,0.0,611.0,222.0,0,0,0.0,-1,1.0,28,28,0.0,0.0,0.0,0.0,0.0,669.0,261.0,,,662.0,254.0,658.0,258.0,633.0,247.0,663.0,255.0,,,,,,,,0.0,0.0,0.0,0.0,0.0,0.0,0.0,0.0,0.0,24,0,0,0,0,0,0,0,0,0,0,0,0,0,0,0,32,38,0.0,0.0,0.0,0.0,0.0,0.0,0.0,0.0,0.0,0,0,0,0
114,Benjamin,Arthur,Arthur,a,,,3.8,806,261.0,0.2,362,132.0,0.0,436.0,175.0,0,0,0.0,-2,2.0,24,12,0.0,0.0,0.0,0.0,0.0,518.0,194.0,100.0,100.0,508.0,194.0,498.0,194.0,461.0,186.0,508.0,193.0,,,,,,,,0.0,0.0,0.0,0.0,0.0,0.0,0.0,0.0,0.0,24,0,0,0,0,0,0,0,0,0,0,0,0,0,0,0,43,18,0.0,0.0,0.0,0.0,0.0,0.0,0.0,0.0,0.0,0,0,0,0
220,Robert,Lynch Sánchez,Sánchez,a,,,4.9,310,13.0,14.8,23,3.0,3.6,65.0,4.0,2,0,0.0,-1,1.0,4468,2446,0.7,18.4,3.6,3.6,3.9,80.0,7.0,100.0,100.0,24.0,7.0,314.0,1.0,739.0,84.0,168.0,4.0,,,,,,,,0.0,0.0,0.0,1.42,2.86,0.41,1.18,1.04,0.0,24,2,90,0,0,0,2,0,0,0,0,0,4,1,0,17,9695,3822,0.0,0.0,0.009999999999999998,0.009999999999999998,1.1199999999999974,0.0,0.0,0.0,0.0,0,0,12,0
221,Filip,Jörgensen,Jörgensen,a,,,4.3,598,29.0,0.2,389,57.0,0.4,336.0,23.0,0,0,0.0,-2,2.0,22,31,0.1,0.7,0.4,0.4,1.5,391.0,30.0,100.0,100.0,415.0,30.0,621.0,80.0,593.0,67.0,443.0,30.0,,,,,,,,0.0,0.0,0.0,1.44,1.55,0.0,1.55,0.52,0.0,24,0,0,0,0,0,0,0,0,0,0,0,0,0,0,0,26,45,0.0,0.0,0.0,0.0,0.0,0.0,0.0,0.0,0.0,0,0,0,0
222,Mike,Penders,Penders,u,Has joined RC Strasbourg on loan for the rest of the season.,,4.0,699,63.0,0.0,779,88.0,0.0,516.0,75.0,0,0,0.0,0,0.0,0,0,0.0,0.0,0.0,0.0,0.0,595.0,81.0,0.0,0.0,585.0,81.0,578.0,70.0,544.0,55.0,585.0,81.0,,,,,,,,0.0,0.0,0.0,0.0,0.0,0.0,0.0,0.0,0.0,24,0,0,0,0,0,0,0,0,0,0,0,0,0,0,0,0,0,0.0,0.0,0.0,0.0,0.0,0.0,0.0,0.0,0.0,0,0,0,0
223,Gabriel,Słonina,Slonina,a,,,3.9,752,81.0,0.1,450,69.0,0.0,456.0,42.0,0,0,0.0,-1,1.0,5,25,0.0,0.0,0.0,0.0,0.0,537.0,48.0,,,527.0,48.0,518.0,35.0,481.0,20.0,527.0,48.0,,,,,,,,0.0,0.0,0.0,0.0,0.0,0.0,0.0,0.0,0.0,24,0,0,0,0,0,0,0,0,0,0,0,0,0,0,0,6,29,0.0,0.0,0.0,0.0,0.0,0.0,0.0,0.0,0.0,0,0,0,0
224,Marc,Cucurella Saseta,Cucurella,a,,,6.0,86,3.0,16.3,21,7.0,2.6,137.0,47.0,7,0,0.0,0,0.0,6344,1555,0.4,14.2,2.6,2.6,3.9,84.0,32.0,100.0,100.0,102.0,45.0,55.0,9.0,165.0,34.0,87.0,21.0,,,,,,,,0.06,0.12,0.18,1.37,0.0,0.46,1.03,1.03,6.69,24,7,45,1,0,0,0,0,0,0,0,0,0,0,0,27,7935,2243,0.0,0.3600000000000001,0.10000000000000009,0.45999999999999996,0.6099999999999994,0.0,0.0,0.0,0.0,3,1,2,4
225,Reece,James,James,a,,,5.7,118,12.0,11.5,37,13.0,3.2,92.0,32.0,1,0,0.0,2,-2.0,3530,5556,0.6,17.0,3.2,3.2,4.2,55.0,24.0,100.0,100.0,71.0,32.0,34.0,2.0,235.0,64.0,66.0,12.0,2.0,2.0,,,,,,0.05,0.13,0.18,1.43,0.0,0.41,0.94,0.94,6.16,24,1,9,0,0,0,0,0,0,0,0,0,0,0,0,4,6843,6471,0.0,0.0,0.009999999999999787,0.010000000000000231,0.1999999999999993,0.0,0.0,0.0,0.0,0,0,1,0
234,Aarón,Anselmino,Anselmino,a,,,4.0,720,204.0,0.1,564,204.0,0.0,535.0,224.0,0,0,0.0,0,0.0,22,3,0.0,0.0,0.0,0.0,0.0,613.0,239.0,100.0,100.0,603.0,239.0,596.0,239.0,562.0,234.0,603.0,238.0,,,,,,,,0.0,0.0,0.0,0.0,0.0,0.0,0.0,0.0,0.0,24,0,0,0,0,0,0,0,0,0,0,0,0,0,0,0,26,3,0.0,0.0,0.0,0.0,0.0,0.0,0.0,0.0,0.0,0,0,0,0
743,Landon,Emenalo,Emenalo,a,,,4.5,494,304.0,0.0,721,306.0,0.0,682.0,275.0,0,0,0.0,0,0.0,0,2,0.0,0.0,0.0,0.0,0.0,729.0,306.0,,,728.0,305.0,723.0,305.0,705.0,299.0,727.0,304.0,,,,,,,,0.0,0.0,0.0,0.0,0.0,0.0,0.0,0.0,0.0,24,0,0,0,0,0,0,0,0,0,0,0,0,0,0,0,0,2,0.0,0.0,0.0,0.0,0.0,0.0,0.0,0.0,0.0,0,0,0,0
630,Tom,King,King,a,,,3.9,735,73.0,1.3,169,21.0,0.0,445.0,34.0,0,0,0.0,-1,1.0,46,102,0.0,0.0,0.0,0.0,0.0,526.0,40.0,,,516.0,40.0,507.0,27.0,470.0,12.0,516.0,40.0,,,,,,,,0.0,0.0,0.0,0.0,0.0,0.0,0.0,0.0,0.0,24,0,0,0,0,0,0,0,0,0,0,0,0,0,0,0,56,133,0.0,0.0,0.0,0.0,0.0,0.0,0.0,0.0,0.0,0,0,0,0
400,Stefan,Ortega Moreno,Ortega Moreno,a,,,4.7,375,16.0,0.2,404,60.0,0.0,695.0,89.0,0,0,0.0,-3,3.0,15,15,0.0,0.0,0.0,0.5,0.0,741.0,91.0,,,740.0,91.0,735.0,87.0,720.0,78.0,739.0,91.0,,,,,,,,0.0,0.0,0.0,0.0,0.0,0.0,0.0,0.0,0.0,24,0,0,0,0,0,0,0,0,0,0,0,0,0,0,0,24,24,0.0,0.0,0.0,0.0,0.0,0.0,0.0,0.0,0.0,0,0,0,0
482,Harrison,Ashby,Ashby,u,has joined Bradford City on loan for the rest of the season.,,3.9,746,216.0,0.1,446,164.0,0.0,452.0,178.0,0,0,0.0,-1,1.0,0,20,0.0,0.0,0.0,0.0,0.0,533.0,196.0,0.0,0.0,523.0,196.0,514.0,196.0,477.0,188.0,523.0,195.0,,,,,,,,0.0,0.0,0.0,0.0,0.0,0.0,0.0,0.0,0.0,24,0,0,0,0,0,0,0,0,0,0,0,0,0,0,0,0,28,0.0,0.0,0.0,0.0,0.0,0.0,0.0,0.0,0.0,0,0,0,0
483,Miodrag,Pivaš,Pivas,a,,,3.8,802,258.0,0.4,276,103.0,0.0,433.0,173.0,0,0,0.0,-2,2.0,27,65,0.0,0.0,0.0,-0.5,0.0,515.0,192.0,,,505.0,192.0,495.0,192.0,458.0,184.0,505.0,191.0,,,,,,,,0.0,0.0,0.0,0.0,0.0,0.0,0.0,0.0,0.0,24,0,0,0,0,0,0,0,0,0,0,0,0,0,0,0,38,79,0.0,0.0,0.0,0.0,0.0,0.0,0.0,0.0,0.0,0,0,0,0
484,Matt,Targett,Targett,u,has joined Middlesbrough on loan for the rest of the season.,,4.0,660,163.0,0.1,415,154.0,0.0,482.0,189.0,0,0,0.0,0,0.0,0,11,0.0,0.0,0.0,0.0,0.0,563.0,207.0,0.0,0.0,553.0,207.0,545.0,207.0,510.0,201.0,553.0,206.0,,,,,,,,0.0,0.0,0.0,0.0,0.0,0.0,0.0,0.0,0.0,24,0,0,0,0,0,0,0,0,0,0,0,0,0,0,0,0,15,0.0,0.0,0.0,0.0,0.0,0.0,0.0,0.0,0.0,0,0,0,0
485,Anthony,Gordon,Gordon,a,,,7.3,27,18.0,3.5,95,29.0,2.8,125.0,58.0,6,0,0.0,-2,2.0,1190,1971,0.4,8.4,2.8,2.3,3.2,165.0,71.0,100.0,100.0,223.0,95.0,58.0,47.0,61.0,39.0,88.0,53.0,,,2.0,,,,,0.37,0.22,0.59,1.06,0.0,0.44,1.63,1.26,4.59,24,6,90,1,0,0,4,0,0,0,1,0,0,1,0,25,1306,8962,0.0,0.20999999999999996,0.029999999999999805,0.2400000000000011,1.9499999999999993,0.0,0.0,0.0,0.0,1,0,2,3
486,Anthony,Elanga,Elanga,a,,,6.5,53,34.0,2.6,112,34.0,0.8,302.0,137.0,2,0,0.0,-5,5.0,140,131,0.1,4.8,0.8,0.3,1.6,386.0,173.0,100.0,100.0,341.0,150.0,166.0,112.0,201.0,110.0,276.0,136.0,,,,,,,,0.14,0.06,0.2,1.27,0.0,0.23,2.03,0.9,3.5,24,2,72,0,0,0,3,0,0,0,0,0,0,1,0,11,159,181,0.0,0.0,0.020000000000000018,0.020000000000000018,1.6600000000000001,0.0,0.0,0.0,0.0,3,0,2,5
487,Harvey,Barnes,Barnes,a,,,6.1,81,54.0,1.5,151,48.0,4.6,27.0,13.0,2,0,0.0,-4,4.0,1068,789,0.8,11.8,4.6,4.1,3.1,180.0,79.0,,,160.0,62.0,87.0,64.0,24.0,12.0,54.0,36.0,,,,,,,,0.37,0.14,0.51,1.09,0.0,0.3,1.28,0.9,4.75,24,2,72,0,0,0,3,0,0,0,0,0,0,1,0,4,1283,1778,0.0,0.03000000000000025,0.010000000000000009,0.040000000000000036,1.6600000000000001,0.0,0.0,0.0,0.0,1,0,1,2
495,Isaac,Hayden,Hayden,u,Has departed the club as a free agent.,,4.5,409,249.0,0.0,750,322.0,0.0,620.0,227.0,0,0,0.0,0,0.0,0,0,0.0,0.0,0.0,0.0,0.0,677.0,265.0,0.0,0.0,671.0,259.0,666.0,262.0,642.0,252.0,672.0,260.0,,,,,,,,0.0,0.0,0.0,0.0,0.0,0.0,0.0,0.0,0.0,24,0,0,0,0,0,0,0,0,0,0,0,0,0,0,0,0,0,0.0,0.0,0.0,0.0,0.0,0.0,0.0,0.0,0.0,0,0,0,0
496,Garang,Kuol,Kuol,u,has joined Sparta Prague permanently.,,4.4,549,328.0,0.0,626,246.0,0.0,607.0,219.0,0,0,0.0,-1,1.0,0,0,0.0,0.0,0.0,0.0,0.0,666.0,259.0,0.0,0.0,658.0,251.0,654.0,255.0,629.0,244.0,659.0,252.0,,,,,,,,0.0,0.0,0.0,0.0,0.0,0.0,0.0,0.0,0.0,24,0,0,0,0,0,0,0,0,0,0,0,0,0,0,0,0,0,0.0,0.0,0.0,0.0,0.0,0.0,0.0,0.0,0.0,0,0,0,0
497,Lewis,Miley,L.Miley,a,,,4.5,459,278.0,3.4,97,30.0,2.8,110.0,49.0,0,0,0.0,0,0.0,852,1170,0.6,12.9,2.8,2.3,3.1,171.0,73.0,100.0,100.0,163.0,63.0,111.0,79.0,168.0,98.0,147.0,81.0,,,,,,,,0.11,0.16,0.27,1.08,0.0,0.16,1.27,0.87,9.77,24,0,0,0,0,0,0,0,0,0,0,0,0,0,0,0,1426,2425,0.0,0.0,0.0,0.0,0.0,0.0,0.0,0.0,0.0,0,0,0,0
654,Jørgen,Strand Larsen,Strand Larsen,a,,,6.1,82,26.0,0.9,193,31.0,1.6,225.0,27.0,1,0,0.0,-4,4.0,191,143,0.3,6.4,1.6,1.6,1.8,360.0,40.0,100.0,100.0,292.0,27.0,202.0,21.0,71.0,23.0,205.0,23.0,,,2.0,,,,,0.2,0.03,0.23,1.42,0.0,0.19,1.67,0.9,3.47,24,1,20,0,0,0,1,0,0,0,0,0,0,0,0,89,303,218,0.0,0.27,0.0,0.27,0.9100000000000001,0.0,0.0,0.0,0.0,0,0,2,2
655,Fábio,Soares Silva,Fábio Silva,u,has joined Borussia Dortmund permanently.,,4.9,329,60.0,0.2,392,60.0,0.0,727.0,73.0,0,0,0.0,-1,1.0,0,7,0.0,0.0,0.0,0.0,0.0,760.0,82.0,0.0,0.0,759.0,82.0,755.0,81.0,746.0,81.0,758.0,82.0,,,,,,,,0.0,0.0,0.0,0.0,0.0,0.0,0.0,0.0,0.0,24,0,0,0,0,0,0,0,0,0,0,0,0,0,0,0,0,7,0.0,0.0,0.0,0.0,0.0,0.0,0.0,0.0,0.0,0,0,0,0
656,Saša,Kalajdžić,Kalajdžić,u,has joined LASK on loan for the rest of the season.,,4.9,322,58.0,0.0,582,78.0,0.0,722.0,72.0,0,0,0.0,-1,1.0,0,1,0.0,0.2,0.0,0.0,1.0,472.0,56.0,0.0,0.0,478.0,58.0,428.0,53.0,431.0,57.0,467.0,57.0,,,,,,,,0.0,0.06,0.06,0.64,0.0,0.0,0.0,0.0,12.86,24,0,0,0,0,0,0,0,0,0,0,0,0,0,0,0,0,1,0.0,0.0,0.0,0.0,0.0,0.0,0.0,0.0,0.0,0,0,0,0
657,Leon,Chiwome,Chiwome,i,Knee injury - Unknown return date,,4.4,555,80.0,0.0,648,81.0,0.0,612.0,61.0,0,0,0.0,-1,1.0,3,5,0.0,0.0,0.0,0.0,0.0,670.0,71.0,0.0,0.0,663.0,71.0,659.0,70.0,634.0,70.0,664.0,71.0,,,,,,,,0.0,0.0,0.0,0.0,0.0,0.0,0.0,0.0,0.0,24,0,0,0,0,0,0,0,0,0,0,0,0,0,0,0,4,11,0.0,0.0,0.0,0.0,0.0,0.0,0.0,0.0,0.0,0,0,0,0
3,Karl,Hein,Hein,u,Has joined Werder Bremen on loan for the rest of the season.,,4.0,676,54.0,0.2,360,53.0,0.0,496.0,66.0,0,0,0.0,0,0.0,0,16,0.0,0.0,0.0,0.0,0.0,577.0,72.0,0.0,0.0,567.0,72.0,560.0,61.0,525.0,46.0,567.0,72.0,,,,,,,,0.0,0.0,0.0,0.0,0.0,0.0,0.0,0.0,0.0,24,0,0,0,0,0,0,0,0,0,0,0,0,0,0,0,0,19,0.0,0.0,0.0,0.0,0.0,0.0,0.0,0.0,0.0,0,0,0,0
4,Tommy,Setford,Setford,a,,,3.9,765,89.0,0.2,343,49.0,0.0,467.0,50.0,0,0,0.0,-1,1.0,13,63,0.0,0.0,1.0,1.0,0.0,548.0,56.0,,,538.0,56.0,529.0,43.0,492.0,28.0,538.0,56.0,,,,,,,,0.0,0.0,0.0,0.0,0.0,0.0,0.0,0.0,0.0,24,0,0,0,0,0,0,0,0,0,0,0,0,0,0,0,24,69,0.0,0.0,0.0,0.0,0.0,0.0,0.0,0.0,0.0,0,0,0,0
5,Gabriel,dos Santos Magalhães,Gabriel,a,,,7.0,41,1.0,38.9,3,1.0,6.4,5.0,1.0,8,0,0.0,10,-10.0,13947,589,0.9,18.4,7.4,7.4,7.2,1.0,1.0,100.0,100.0,41.0,18.0,257.0,76.0,126.0,22.0,108.0,33.0,,,,,,,,0.1,0.05,0.15,0.6,0.0,0.64,0.59,1.0,8.74,24,8,90,0,0,1,0,0,0,0,0,0,0,1,0,30,21093,1140,0.0,0.020000000000000018,0.04999999999999993,0.06999999999999984,0.15000000000000036,0.0,0.0,0.0,0.0,2,11,2,13
6,William,Saliba,Saliba,a,,,6.0,87,4.0,12.3,33,11.0,4.6,26.0,7.0,6,0,0.0,0,0.0,4962,833,0.8,12.7,5.6,5.6,3.8,95.0,36.0,100.0,100.0,142.0,60.0,207.0,53.0,330.0,106.0,222.0,76.0,,,,,,,,0.02,0.03,0.05,0.65,0.0,0.5,0.67,1.05,5.82,24,6,90,0,0,1,0,0,0,0,0,0,0,1,0,21,6894,1409,0.0,0.0,0.019999999999999907,0.019999999999999907,0.15000000000000036,0.0,0.0,0.0,0.0,0,3,2,3
7,Riccardo,Calafiori,Calafiori,a,,,5.6,133,14.0,6.1,61,20.0,0.2,404.0,147.0,1,0,0.0,1,-1.0,767,750,0.0,13.9,1.2,1.2,4.6,29.0,13.0,100.0,100.0,199.0,80.0,216.0,57.0,85.0,8.0,177.0,57.0,,,,,,,,0.19,0.03,0.22,0.5,0.0,0.64,0.5,1.13,6.09,24,1,15,0,0,0,0,0,0,0,0,0,0,0,0,2,1320,1084,0.0,0.2599999999999998,0.010000000000000009,0.27,0.03000000000000025,0.0,0.0,0.0,0.0,0,1,1,1
8,Jurriën,Timber,J.Timber,a,,,6.3,69,2.0,27.9,12,3.0,4.0,51.0,19.0,5,0,0.0,8,-8.0,9327,3169,0.6,18.3,5.0,5.0,5.0,15.0,6.0,100.0,100.0,85.0,38.0,77.0,17.0,47.0,1.0,52.0,7.0,,,,,,,,0.2,0.05,0.25,0.59,0.0,0.52,0.71,0.99,5.19,24,5,90,0,0,1,0,0,0,0,1,0,0,1,0,20,14712,5854,0.0,0.13999999999999968,0.21000000000000008,0.34999999999999964,0.15000000000000036,0.0,0.0,0.0,0.0,2,0,5,2
9,Jakub,Kiwior,Kiwior,u,has joined Porto on loan for the rest of the season.,,5.4,173,20.0,0.0,583,211.0,0.0,778.0,263.0,0,0,0.0,-1,1.0,0,2,0.0,0.0,0.0,0.0,0.0,788.0,263.0,0.0,0.0,787.0,263.0,786.0,263.0,782.0,262.0,787.0,263.0,,,,,,,,0.0,0.0,0.0,0.0,0.0,0.0,0.0,0.0,0.0,24,0,0,0,0,0,0,0,0,0,0,0,0,0,0,0,0,2,0.0,0.0,0.0,0.0,0.0,0.0,0.0,0.0,0.0,0,0,0,0
10,Myles,Lewis-Skelly,Lewis-Skelly,a,,,5.1,238,36.0,1.5,154,59.0,0.2,397.0,146.0,0,0,0.0,-4,4.0,120,291,0.0,2.4,1.2,1.2,0.9,489.0,170.0,,,410.0,156.0,323.0,109.0,365.0,128.0,400.0,144.0,,,,,,,,0.01,0.02,0.03,1.52,0.0,0.0,1.45,0.29,4.05,24,0,0,0,0,0,0,0,0,0,0,0,0,0,0,0,136,376,0.0,0.0,0.0,0.0,0.0,0.0,0.0,0.0,0.0,0,0,0,0
11,Benjamin,White,White,a,,,5.1,227,31.0,0.6,239,89.0,1.4,238.0,91.0,0,0,0.0,-4,4.0,147,446,0.3,5.9,2.4,2.4,4.3,44.0,19.0,100.0,100.0,310.0,120.0,230.0,65.0,302.0,95.0,317.0,109.0,,,,,,,,0.09,0.11,0.2,1.35,0.0,0.66,0.88,1.1,7.92,24,0,0,0,0,0,0,0,0,0,0,0,0,0,0,0,236,585,0.0,0.0,0.0,0.0,0.0,0.0,0.0,0.0,0.0,0,0,0,0
13,Brayden,Clarke,Clarke,a,,,3.8,800,256.0,0.4,262,99.0,0.0,432.0,172.0,0,0,0.0,-2,2.0,26,77,0.0,0.0,1.0,1.0,0.0,514.0,191.0,,,504.0,191.0,494.0,191.0,457.0,183.0,504.0,190.0,,,,,,,,0.0,0.0,0.0,0.0,0.0,0.0,0.0,0.0,0.0,24,0,0,0,0,0,0,0,0,0,0,0,0,0,0,0,44,113,0.0,0.0,0.0,0.0,0.0,0.0,0.0,0.0,0.0,0,0,0,0
14,Maldini,Kacurri,Kacurri,u,has joined Morecambe on loan for the rest of the season.,,3.9,770,227.0,0.1,476,172.0,0.0,472.0,185.0,0,0,0.0,-1,1.0,0,2,0.0,0.0,0.0,0.0,0.0,553.0,203.0,0.0,0.0,543.0,203.0,534.0,203.0,497.0,195.0,543.0,202.0,,,,,,,,0.0,0.0,0.0,0.0,0.0,0.0,0.0,0.0,0.0,24,0,0,0,0,0,0,0,0,0,0,0,0,0,0,0,0,3,0.0,0.0,0.0,0.0,0.0,0.0,0.0,0.0,0.0,0,0,0,0
15,Josh,Nichols,Nichols,a,,,3.8,789,245.0,0.2,386,141.0,0.0,424.0,164.0,0,0,0.0,-2,2.0,11,19,0.0,0.0,1.0,1.0,0.0,508.0,185.0,,,497.0,184.0,486.0,183.0,448.0,174.0,497.0,183.0,,,,,,,,0.0,0.0,0.0,0.0,0.0,0.0,0.0,0.0,0.0,24,0,0,0,0,0,0,0,0,0,0,0,0,0,0,0,15,28,0.0,0.0,0.0,0.0,0.0,0.0,0.0,0.0,0.0,0,0,0,0
16,Bukayo,Saka,Saka,d,Muscle injury - 75% chance of playing,,10.0,5,3.0,14.9,22,9.0,2.0,180.0,79.0,0,0,0.0,0,0.0,512,35283,0.2,10.1,2.2,3.0,4.8,25.0,11.0,75.0,100.0,62.0,18.0,6.0,6.0,10.0,4.0,6.0,4.0,2.0,,1.0,,,,,0.33,0.3,0.63,0.58,0.0,0.47,0.7,0.99,6.88,24,0,0,0,0,0,0,0,0,0,0,0,0,0,0,0,1909,45264,0.0,0.0,0.0,0.0,0.0,0.0,0.0,0.0,0.0,0,0,0,0
17,Martin,Ødegaard,Ødegaard,a,,,7.8,17,12.0,2.2,120,40.0,3.8,59.0,25.0,4,0,0.0,-2,2.0,483,1682,0.5,7.3,4.8,4.8,3.2,166.0,72.0,100.0,100.0,201.0,85.0,33.0,32.0,166.0,96.0,99.0,56.0,4.0,,3.0,,,,,0.09,0.25,0.34,1.01,0.0,0.36,0.89,1.16,6.76,24,4,29,0,1,0,0,0,0,0,0,0,0,0,0,16,632,2187,0.0,0.0,0.2200000000000002,0.21999999999999975,0.030000000000001137,0.0,0.0,0.0,0.0,0,0,1,1
18,Noni,Madueke,Madueke,a,,,6.8,46,28.0,0.6,223,76.0,2.8,124.0,57.0,9,0,0.0,-2,2.0,1166,102,0.4,4.6,3.8,3.8,2.1,317.0,141.0,100.0,100.0,356.0,159.0,134.0,95.0,101.0,60.0,215.0,108.0,3.0,,,,,,,0.08,0.27,0.35,1.06,0.0,0.57,0.85,1.13,4.67,24,9,60,0,2,1,0,0,0,0,0,0,0,1,0,32,1177,128,0.0,0.0,0.2799999999999998,0.28000000000000025,0.1200000000000001,0.0,0.0,0.0,0.0,0,2,0,2
19,Gabriel,Martinelli Silva,Martinelli,a,,,6.8,47,29.0,0.9,197,66.0,2.0,177.0,77.0,4,0,0.0,-2,2.0,272,154,0.3,4.9,3.0,3.0,1.8,362.0,161.0,100.0,100.0,347.0,154.0,271.0,161.0,94.0,57.0,269.0,132.0,,,,,,,,0.42,0.08,0.5,0.88,0.0,0.31,0.47,1.1,5.96,24,4,29,0,1,0,0,0,0,0,0,0,0,0,0,18,333,213,0.0,0.08000000000000007,0.29000000000000004,0.3700000000000001,0.03000000000000025,0.0,0.0,0.0,0.0,0,1,3,4
20,Leandro,Trossard,Trossard,a,,,6.8,44,26.0,1.4,158,54.0,1.8,203.0,90.0,3,0,0.0,-2,2.0,582,1469,0.3,12.6,2.8,2.8,4.3,49.0,21.0,100.0,100.0,109.0,36.0,49.0,42.0,36.0,21.0,40.0,30.0,,,4.0,,,,,0.29,0.15,0.44,0.61,0.0,0.47,0.75,0.95,5.7,24,3,80,0,0,1,0,0,0,0,0,0,0,1,0,13,1110,2226,0.0,0.019999999999999574,0.1499999999999999,0.16999999999999993,0.11999999999999922,0.0,0.0,0.0,0.0,2,4,2,8
21,Declan,Rice,Rice,a,,,7.4,22,15.0,32.2,9,2.0,5.4,14.0,7.0,3,0,0.0,9,-9.0,11642,10386,0.7,17.4,6.4,6.4,5.6,8.0,5.0,100.0,100.0,13.0,4.0,4.0,4.0,72.0,46.0,8.0,6.0,1.0,1.0,,,,,,0.13,0.23,0.36,0.6,0.0,0.5,0.73,1.01,10.76,24,3,90,0,0,1,0,0,0,0,0,0,0,1,0,20,19863,14117,0.0,0.0,0.39999999999999947,0.40000000000000036,0.15000000000000036,0.0,0.0,0.0,0.0,2,4,3,9
22,Mikel,Merino Zazón,Merino,a,,,5.5,141,87.0,1.4,157,53.0,1.8,199.0,87.0,0,0,0.0,-5,5.0,296,1272,0.3,12.0,2.8,2.8,3.1,176.0,77.0,,,136.0,46.0,135.0,96.0,75.0,48.0,104.0,58.0,,,,,,,,0.27,0.13,0.4,0.6,0.0,0.36,0.81,0.9,10.03,24,0,0,0,0,0,0,0,0,0,0,0,0,0,0,0,513,1674,0.0,0.0,0.0,0.0,0.0,0.0,0.0,0.0,0.0,0,0,0,0
23,Fábio,Ferreira Vieira,Fábio Vieira,u,has joined Hamburger on loan for the rest of the season.,,5.4,172,107.0,0.0,671,277.0,0.0,777.0,342.0,0,0,0.0,-1,1.0,0,0,0.0,0.0,0.0,0.0,0.0,787.0,348.0,0.0,0.0,786.0,347.0,785.0,347.0,781.0,346.0,786.0,347.0,,,,,,,,0.0,0.0,0.0,0.0,0.0,0.0,0.0,0.0,0.0,24,0,0,0,0,0,0,0,0,0,0,0,0,0,0,0,0,0,0.0,0.0,0.0,0.0,0.0,0.0,0.0,0.0,0.0,0,0,0,0
24,Christian,Nørgaard,Nørgaard,a,,,5.1,225,138.0,0.1,431,144.0,0.0,756.0,329.0,0,0,0.0,-4,4.0,21,17,0.0,0.6,1.0,1.0,1.0,478.0,224.0,100.0,100.0,436.0,196.0,459.0,223.0,402.0,197.0,448.0,203.0,,,,,,,,0.15,0.0,0.15,6.27,0.0,0.0,2.9,0.0,23.23,24,0,0,0,0,0,0,0,0,0,0,0,0,0,0,0,24,18,0.0,0.0,0.0,0.0,0.0,0.0,0.0,0.0,0.0,0,0,0,0
25,Ethan,Nwaneri,Nwaneri,u,has joined Marseille on loan for the rest of the season.,,5.0,270,163.0,0.1,436,147.0,0.0,747.0,322.0,0,0,0.0,-5,5.0,0,41,0.0,1.6,0.0,0.0,1.3,419.0,188.0,0.0,0.0,444.0,200.0,370.0,190.0,347.0,180.0,425.0,191.0,,,,,,,,0.13,0.04,0.17,0.4,0.0,0.55,0.0,0.0,7.09,24,0,0,0,0,0,0,0,0,0,0,0,0,0,0,0,0,47,0.0,0.0,0.0,0.0,0.0,0.0,0.0,0.0,0.0,0,0,0,0
26,Martín,Zubimendi Ibáñez,Zubimendi,a,,,5.2,216,133.0,2.2,121,41.0,4.0,46.0,21.0,8,0,0.0,-3,3.0,2515,315,0.8,17.1,5.0,5.0,3.7,103.0,49.0,100.0,100.0,75.0,22.0,68.0,54.0,111.0,66.0,68.0,44.0,,,,,,,,0.12,0.07,0.19,0.7,0.0,0.54,0.68,1.04,9.25,24,8,90,1,0,1,0,0,0,0,0,0,0,1,0,35,2758,574,0.0,0.5099999999999998,0.010000000000000009,0.52,0.15000000000000036,0.0,0.0,0.0,0.0,2,3,6,11
28,Ismeal,Kabia,Kabia,u,has joined Shrewsbury Town on loan for the rest of the season.,,4.5,480,293.0,0.1,474,163.0,0.0,670.0,265.0,0,0,0.0,0,0.0,0,3,0.0,0.0,0.0,0.0,0.0,718.0,297.0,0.0,0.0,716.0,295.0,711.0,295.0,693.0,289.0,715.0,294.0,,,,,,,,0.0,0.0,0.0,0.0,0.0,0.0,0.0,0.0,0.0,24,0,0,0,0,0,0,0,0,0,0,0,0,0,0,0,0,6,0.0,0.0,0.0,0.0,0.0,0.0,0.0,0.0,0.0,0,0,0,0
29,Albert,Sambi Lokonga,Sambi,u,has joined Hamburger permanently.,,4.5,426,254.0,0.1,581,216.0,0.0,631.0,232.0,0,0,0.0,0,0.0,0,4,0.0,0.0,0.0,0.0,0.0,684.0,269.0,0.0,0.0,678.0,263.0,675.0,266.0,653.0,257.0,679.0,264.0,,,,,,,,0.0,0.0,0.0,0.0,0.0,0.0,0.0,0.0,0.0,24,0,0,0,0,0,0,0,0,0,0,0,0,0,0,0,0,4,0.0,0.0,0.0,0.0,0.0,0.0,0.0,0.0,0.0,0,0,0,0
30,Kai,Havertz,Havertz,a,,,7.3,24,9.0,0.4,266,43.0,0.4,362.0,43.0,2,0,0.0,-2,2.0,727,175,0.1,0.4,1.4,1.4,1.5,401.0,47.0,100.0,100.0,465.0,53.0,453.0,56.0,435.0,58.0,471.0,58.0,,,,,,,,0.0,0.02,0.02,0.94,0.0,1.0,0.0,1.0,7.0,24,2,60,0,0,1,0,0,0,0,0,0,0,1,0,11,1174,244,0.0,0.0,0.01,0.01,0.12,0.0,0.0,0.0,0.0,1,2,1,4
31,Gabriel,Fernando de Jesus,G.Jesus,a,,,6.4,57,20.0,0.5,254,41.0,1.8,201.0,25.0,5,0,0.0,-1,1.0,2247,570,0.3,2.5,2.8,2.8,1.8,361.0,41.0,100.0,100.0,377.0,39.0,373.0,47.0,156.0,36.0,335.0,40.0,,,,,,,,0.72,0.06,0.78,1.32,0.0,0.0,2.05,0.41,8.59,24,5,14,1,0,0,0,0,0,0,0,0,0,0,0,26,2679,774,0.0,0.77,0.0,0.77,0.03000000000000025,0.0,0.0,0.0,0.0,0,0,0,0
266,Eberechi,Eze,Eze,a,,,7.3,26,17.0,8.1,49,17.0,0.6,325.0,147.0,1,0,0.0,-2,2.0,206,2806,0.1,9.5,1.6,1.6,3.6,116.0,54.0,,,178.0,73.0,141.0,99.0,59.0,37.0,107.0,60.0,,,,,,,,0.22,0.14,0.36,0.55,0.0,0.51,0.6,1.02,5.89,24,1,9,0,0,0,0,0,0,0,0,0,0,0,0,4,321,3844,0.0,0.0,0.0,0.0,0.02999999999999936,0.0,0.0,0.0,0.0,0,0,1,1
662,Cristhian,Mosquera,Mosquera,a,,,5.3,203,27.0,0.1,430,161.0,0.0,769.0,260.0,0,0,0.0,-2,2.0,44,24,0.0,3.2,1.0,1.0,1.7,369.0,137.0,100.0,100.0,338.0,129.0,369.0,133.0,395.0,148.0,387.0,139.0,,,,,,,,0.0,0.09,0.09,0.56,0.0,0.21,0.84,0.84,7.34,24,0,0,0,0,0,0,0,0,0,0,0,0,0,0,0,50,29,0.0,0.0,0.0,0.0,0.0,0.0,0.0,0.0,0.0,0,0,0,0
666,Viktor,Gyökeres,Gyökeres,a,,,8.7,9,5.0,9.4,44,8.0,2.4,155.0,18.0,6,0,0.0,-3,3.0,3855,850,0.3,7.1,3.4,3.4,2.8,226.0,22.0,100.0,100.0,224.0,20.0,172.0,14.0,25.0,13.0,92.0,15.0,,,2.0,,,,,0.43,0.06,0.49,0.61,0.0,0.62,0.43,1.12,3.35,24,6,75,1,0,1,0,0,0,0,0,0,0,1,0,32,4851,1290,0.0,0.5800000000000001,0.010000000000000009,0.5899999999999999,0.120000000000001,0.0,0.0,0.0,0.0,1,2,2,5
700,Max,Dowman,Dowman,i,Ankle injury - Unknown return date,,4.2,644,362.0,0.4,284,94.0,0.0,556.0,189.0,0,0,0.0,-3,3.0,382,182,0.0,1.2,0.0,0.0,2.5,252.0,110.0,0.0,0.0,476.0,220.0,451.0,218.0,338.0,177.0,442.0,201.0,,,,,,,,0.47,0.07,0.54,0.4,0.0,0.0,0.0,0.0,10.0,24,0,0,0,0,0,0,0,0,0,0,0,0,0,0,0,583,263,0.0,0.0,0.0,0.0,0.0,0.0,0.0,0.0,0.0,0,0,0,0
711,Andre,Harriman-Annous,Harriman-Annous,a,,,4.4,563,337.0,0.0,697,295.0,0.0,616.0,225.0,0,0,0.0,-1,1.0,3,4,0.0,0.0,1.0,1.0,0.0,673.0,263.0,,,667.0,257.0,662.0,260.0,638.0,250.0,668.0,258.0,,,,,,,,0.0,0.0,0.0,0.0,0.0,0.0,0.0,0.0,0.0,24,0,0,0,0,0,0,0,0,0,0,0,0,0,0,0,3,4,0.0,0.0,0.0,0.0,0.0,0.0,0.0,0.0,0.0,0,0,0,0
725,Piero,Hincapié,Hincapie,a,,,5.1,235,34.0,0.6,224,86.0,1.6,218.0,83.0,6,0,0.0,-4,4.0,486,147,0.3,8.0,2.6,2.6,2.9,202.0,81.0,100.0,100.0,227.0,91.0,295.0,97.0,359.0,123.0,306.0,104.0,,,,,,,,0.0,0.07,0.07,0.88,0.0,0.26,0.97,1.06,8.03,24,6,74,0,0,1,0,0,0,0,0,0,0,1,0,21,610,714,0.0,0.0,0.010000000000000009,0.010000000000000009,0.11999999999999922,0.0,0.0,0.0,0.0,2,4,2,6
759,Marli,Salmon,Salmon,a,,,4.0,717,201.0,0.0,696,239.0,0.0,532.0,221.0,0,0,0.0,0,0.0,5,10,0.0,0.0,1.0,1.0,0.0,610.0,236.0,,,600.0,236.0,593.0,236.0,559.0,231.0,600.0,235.0,,,,,,,,0.0,0.0,0.0,0.0,0.0,0.0,0.0,0.0,0.0,24,0,0,0,0,0,0,0,0,0,0,0,0,0,0,0,8,11,0.0,0.0,0.0,0.0,0.0,0.0,0.0,0.0,0.0,0,0,0,0
32,Emiliano,Martínez Romero,Martinez,a,,,5.0,243,7.0,3.3,98,15.0,3.2,83.0,9.0,0,0,0.0,0,0.0,1340,361,0.6,15.2,3.2,3.2,4.0,64.0,5.0,100.0,100.0,60.0,12.0,434.0,12.0,753.0,85.0,232.0,12.0,,,,,,,,0.0,0.0,0.0,1.35,2.97,0.27,0.92,1.03,0.0,24,0,0,0,0,0,0,0,0,0,0,0,0,0,0,0,2261,696,0.0,0.0,0.0,0.0,0.0,0.0,0.0,0.0,0.0,0,0,0,0
33,Marco,Bizot,M.Bizot,a,,,4.2,621,32.0,0.4,271,35.0,0.4,332.0,22.0,0,0,0.0,-3,3.0,13,33,0.1,2.6,0.4,0.4,2.2,293.0,24.0,,,330.0,27.0,603.0,74.0,571.0,59.0,401.0,27.0,,,,,,,,0.0,0.0,0.0,1.9,2.89,0.22,1.78,0.89,0.0,24,0,0,0,0,0,0,0,0,0,0,0,0,0,0,0,15,46,0.0,0.0,0.0,0.0,0.0,0.0,0.0,0.0,0.0,0,0,0,0
39,Ian,Maatsen,Maatsen,a,,,4.2,631,149.0,0.5,246,93.0,2.0,169.0,59.0,0,0,0.0,-3,3.0,249,75,0.5,6.0,2.0,2.0,1.5,389.0,142.0,,,254.0,103.0,137.0,32.0,189.0,41.0,212.0,70.0,5.0,,,,,,,0.07,0.13,0.2,1.6,0.0,0.11,1.38,0.95,7.09,24,0,0,0,0,0,0,0,0,0,0,0,0,0,0,0,429,126,0.0,0.0,0.0,0.0,0.0,0.0,0.0,0.0,0.0,0,0,0,0
40,Tyrone,Mings,Mings,a,,,4.3,570,125.0,0.6,244,92.0,0.2,369.0,138.0,0,0,0.0,-2,2.0,111,21,0.0,5.8,0.2,0.2,3.1,168.0,68.0,100.0,100.0,291.0,110.0,328.0,111.0,341.0,113.0,347.0,121.0,,,,,,,,0.06,0.02,0.08,1.57,0.0,0.35,1.05,1.05,7.73,24,0,0,0,0,0,0,0,0,0,0,0,0,0,0,0,145,30,0.0,0.0,0.0,0.0,0.0,0.0,0.0,0.0,0.0,0,0,0,0
50,Emiliano,Buendía Stati,Buendía,a,,,5.3,190,117.0,0.5,251,84.0,3.2,87.0,38.0,0,0,0.0,-2,2.0,643,166,0.6,13.4,3.2,3.2,3.4,136.0,61.0,100.0,100.0,143.0,52.0,103.0,76.0,80.0,51.0,97.0,55.0,,6.0,2.0,,,,,0.21,0.11,0.32,1.5,0.0,0.29,0.87,1.06,10.67,24,0,0,0,0,0,0,0,0,0,0,0,0,0,0,0,1330,296,0.0,0.0,0.0,0.0,0.0,0.0,0.0,0.0,0.0,0,0,0,0
51,Samuel,Iling-Junior,Iling Jr,u,has joined West Bromwich Albion on loan for the rest of the season,,5.5,151,95.0,0.0,673,278.0,0.0,787.0,350.0,0,0,0.0,0,0.0,0,1,0.0,0.0,0.0,0.0,0.0,794.0,353.0,0.0,0.0,793.0,352.0,792.0,352.0,789.0,351.0,793.0,352.0,,,,,,,,0.0,0.0,0.0,0.0,0.0,0.0,0.0,0.0,0.0,24,0,0,0,0,0,0,0,0,0,0,0,0,0,0,0,0,1,0.0,0.0,0.0,0.0,0.0,0.0,0.0,0.0,0.0,0,0,0,0
53,Donyell,Malen,Malen,u,has joined Roma on loan for the rest of the season.,,5.1,228,140.0,0.5,259,87.0,0.4,349.0,155.0,0,0,0.0,-4,4.0,0,283,0.1,10.8,0.0,0.0,2.6,246.0,106.0,0.0,0.0,242.0,102.0,223.0,137.0,56.0,34.0,170.0,94.0,,,,,,,,0.57,0.05,0.62,1.49,0.0,0.14,1.41,0.7,2.25,24,0,0,0,0,0,0,0,0,0,0,0,0,0,0,0,0,406,0.0,0.0,0.0,0.0,0.0,0.0,0.0,0.0,0.0,0,0,0,0
54,John,McGinn,McGinn,i,Knee injury - Expected back 21 Mar,,5.4,160,99.0,0.7,215,74.0,3.8,56.0,23.0,0,0,0.0,-1,1.0,10,1350,0.7,13.1,0.0,0.0,3.2,162.0,69.0,0.0,0.0,130.0,45.0,37.0,35.0,105.0,63.0,64.0,42.0,4.0,,,,,,,0.14,0.11,0.25,1.5,0.0,0.4,1.19,1.19,7.13,24,0,0,0,0,0,0,0,0,0,0,0,0,0,0,0,11,1816,0.0,0.0,0.0,0.0,0.0,0.0,0.0,0.0,0.0,0,0,0,0
55,Ross,Barkley,Barkley,d,Lack of match fitness - 75% chance of playing,,4.8,349,218.0,0.0,622,243.0,0.0,702.0,290.0,0,0,0.0,-2,2.0,1,6,0.0,3.1,0.0,0.0,2.1,308.0,135.0,75.0,75.0,386.0,168.0,345.0,181.0,288.0,152.0,371.0,173.0,,,,,,,,0.34,0.13,0.47,1.11,0.0,0.0,0.0,0.0,11.84,24,0,0,0,0,0,0,0,0,0,0,0,0,0,0,0,2,7,0.0,0.0,0.0,0.0,0.0,0.0,0.0,0.0,0.0,0,0,0,0
56,Enzo,Barrenechea,Barrenechea,u,Season-long loan to Benfica,,5.0,266,161.0,0.0,808,362.0,0.0,746.0,321.0,0,0,0.0,0,0.0,0,0,0.0,0.0,0.0,0.0,0.0,773.0,338.0,0.0,0.0,772.0,337.0,770.0,337.0,762.0,334.0,771.0,336.0,,,,,,,,0.0,0.0,0.0,0.0,0.0,0.0,0.0,0.0,0.0,24,0,0,0,0,0,0,0,0,0,0,0,0,0,0,0,0,0,0.0,0.0,0.0,0.0,0.0,0.0,0.0,0.0,0.0,0,0,0,0
57,Lewis,Dobbin,Dobbin,u,Has joined Preston North End on loan for the rest of the season.,,5.0,259,158.0,0.0,654,267.0,0.0,742.0,318.0,0,0,0.0,0,0.0,0,3,0.0,0.0,0.0,0.0,0.0,769.0,335.0,0.0,0.0,768.0,334.0,765.0,334.0,758.0,331.0,767.0,333.0,,,,,,,,0.0,0.0,0.0,0.0,0.0,0.0,0.0,0.0,0.0,24,0,0,0,0,0,0,0,0,0,0,0,0,0,0,0,0,3,0.0,0.0,0.0,0.0,0.0,0.0,0.0,0.0,0.0,0,0,0,0
58,Boubacar,Kamara,Kamara,i,Knee injury - Expected back 01 Jun,,4.9,314,194.0,0.3,330,112.0,1.4,236.0,99.0,0,0,0.0,-1,1.0,3,295,0.3,12.4,0.0,0.0,3.4,133.0,59.0,0.0,0.0,113.0,38.0,95.0,72.0,252.0,137.0,138.0,76.0,,,,,,,,0.03,0.05,0.08,1.33,0.0,0.32,0.96,1.09,9.51,24,0,0,0,0,0,0,0,0,0,0,0,0,0,0,0,6,438,0.0,0.0,0.0,0.0,0.0,0.0,0.0,0.0,0.0,0,0,0,0
59,Amadou,Onana,Onana,a,,,4.8,365,227.0,0.6,227,78.0,1.0,268.0,115.0,0,0,0.0,-2,2.0,221,107,0.2,10.6,1.0,1.0,3.4,131.0,58.0,100.0,100.0,177.0,72.0,267.0,160.0,260.0,140.0,247.0,122.0,,,,,,,,0.04,0.02,0.06,1.49,0.0,0.37,1.02,1.11,12.01,24,0,0,0,0,0,0,0,0,0,0,0,0,0,0,0,309,150,0.0,0.0,0.0,0.0,0.0,0.0,0.0,0.0,0.0,0,0,0,0
61,Leander,Dendoncker,Dendoncker,u,Has joined Real Oviedo permanently.,,4.5,408,248.0,0.1,520,185.0,0.0,619.0,226.0,0,0,0.0,0,0.0,0,1,0.0,0.0,0.0,0.0,0.0,676.0,264.0,0.0,0.0,670.0,258.0,665.0,261.0,641.0,251.0,671.0,259.0,,,,,,,,0.0,0.0,0.0,0.0,0.0,0.0,0.0,0.0,0.0,24,0,0,0,0,0,0,0,0,0,0,0,0,0,0,0,0,3,0.0,0.0,0.0,0.0,0.0,0.0,0.0,0.0,0.0,0,0,0,0
62,Jamaldeen,Jimoh-Aloba,Jimoh-Aloba,a,,,4.5,467,284.0,0.1,531,189.0,0.0,659.0,258.0,0,0,0.0,0,0.0,32,13,0.0,0.2,0.0,0.0,1.0,460.0,209.0,,,484.0,222.0,464.0,226.0,682.0,282.0,485.0,224.0,,,,,,,,0.0,0.0,0.0,6.86,0.0,0.0,0.0,0.0,11.25,24,0,0,0,0,0,0,0,0,0,0,0,0,0,0,0,42,17,0.0,0.0,0.0,0.0,0.0,0.0,0.0,0.0,0.0,0,0,0,0
63,Kadan,Young,Young,a,,,4.3,602,348.0,0.6,226,77.0,0.0,570.0,197.0,0,0,0.0,-2,2.0,220,125,0.0,0.0,0.0,0.0,0.0,637.0,240.0,,,627.0,230.0,624.0,235.0,596.0,222.0,628.0,231.0,,,,,,,,0.0,0.0,0.0,0.0,0.0,0.0,0.0,0.0,0.0,24,0,0,0,0,0,0,0,0,0,0,0,0,0,0,0,341,197,0.0,0.0,0.0,0.0,0.0,0.0,0.0,0.0,0.0,0,0,0,0
64,Ollie,Watkins,Watkins,d,Hamstring injury - 75% chance of playing,,8.8,7,3.0,11.8,35,6.0,3.8,61.0,9.0,0,0,0.0,-2,2.0,664,18728,0.4,10.3,2.8,2.8,4.0,76.0,7.0,75.0,75.0,87.0,7.0,129.0,7.0,3.0,3.0,23.0,5.0,,,3.0,,,,,0.49,0.05,0.54,1.44,0.0,0.36,1.14,1.03,3.26,24,0,0,0,0,0,0,0,0,0,0,0,0,0,0,0,1185,27338,0.0,0.0,0.0,0.0,0.0,0.0,0.0,0.0,0.0,0,0,0,0
65,Zépiqueno,Redmond,Redmond,u,has joined Huddersfield Town on loan for the rest of the season.,,4.5,477,68.0,0.3,317,52.0,0.0,668.0,65.0,0,0,0.0,0,0.0,0,12,0.0,0.0,0.0,0.0,0.0,716.0,75.0,0.0,0.0,713.0,75.0,709.0,74.0,691.0,74.0,713.0,75.0,,,,,,,,0.0,0.0,0.0,0.0,0.0,0.0,0.0,0.0,0.0,24,0,0,0,0,0,0,0,0,0,0,0,0,0,0,0,0,14,0.0,0.0,0.0,0.0,0.0,0.0,0.0,0.0,0.0,0,0,0,0
389,Harvey,Elliott,Elliott,a,,,5.1,234,144.0,0.2,390,133.0,0.0,758.0,331.0,0,0,0.0,-4,4.0,62,30,0.0,0.8,0.0,0.0,1.0,479.0,225.0,100.0,100.0,445.0,201.0,381.0,191.0,364.0,185.0,435.0,197.0,,,,,,,,0.18,0.06,0.24,1.61,0.0,0.0,1.86,0.93,4.64,24,0,0,0,0,0,0,0,0,0,0,0,0,0,0,0,71,35,0.0,0.0,0.0,0.0,0.0,0.0,0.0,0.0,0.0,0,0,0,0
456,Jadon,Sancho,Sancho,a,,,5.8,106,68.0,0.2,363,120.0,1.0,279.0,125.0,0,0,0.0,-2,2.0,109,56,0.2,2.6,1.0,1.0,1.2,427.0,192.0,100.0,100.0,399.0,175.0,237.0,146.0,200.0,109.0,322.0,156.0,,,,,,,,0.1,0.15,0.25,1.51,0.0,0.25,0.5,0.75,5.25,24,0,0,0,0,0,0,0,0,0,0,0,0,0,0,0,136,64,0.0,0.0,0.0,0.0,0.0,0.0,0.0,0.0,0.0,0,0,0,0
677,Evann,Guessand,Guessand,a,,,6.2,77,50.0,0.0,619,240.0,0.4,357.0,160.0,0,0,0.0,-3,3.0,34,8,0.1,4.0,0.4,0.4,1.9,345.0,153.0,100.0,100.0,331.0,145.0,307.0,174.0,162.0,94.0,305.0,147.0,,,,,,,,0.18,0.06,0.24,1.36,0.0,0.15,1.54,0.93,8.49,24,0,0,0,0,0,0,0,0,0,0,0,0,0,0,0,40,8,0.0,0.0,0.0,0.0,0.0,0.0,0.0,0.0,0.0,0,0,0,0
688,James,Wright,Wright,a,,,3.9,755,82.0,0.6,234,30.0,0.0,457.0,43.0,0,0,0.0,-1,1.0,36,64,0.0,0.0,0.0,0.0,0.0,538.0,49.0,,,528.0,49.0,519.0,36.0,482.0,21.0,528.0,49.0,,,,,,,,0.0,0.0,0.0,0.0,0.0,0.0,0.0,0.0,0.0,24,0,0,0,0,0,0,0,0,0,0,0,0,0,0,0,44,84,0.0,0.0,0.0,0.0,0.0,0.0,0.0,0.0,0.0,0,0,0,0
320,Issa,Diop,Diop,a,,,4.3,574,128.0,0.1,521,187.0,0.8,288.0,104.0,0,0,0.0,-2,2.0,7,2,0.2,2.3,0.8,0.8,1.2,426.0,155.0,,,359.0,136.0,427.0,157.0,389.0,145.0,408.0,147.0,,,,,,,,0.0,0.01,0.01,1.79,0.0,0.0,1.97,0.87,7.65,24,0,0,0,0,0,0,0,0,0,0,0,0,0,0,0,9,4,0.0,0.0,0.0,0.0,0.0,0.0,0.0,0.0,0.0,0,0,0,0
699,Douglas Luiz,Soares de Paulo,Douglas Luiz,a,,,4.9,316,195.0,0.1,551,200.0,0.2,392.0,180.0,0,0,0.0,-1,1.0,97,16,0.0,2.2,0.2,0.2,1.4,408.0,182.0,100.0,100.0,390.0,172.0,259.0,156.0,343.0,179.0,368.0,172.0,,,,,,,,0.04,0.18,0.22,1.28,0.0,0.0,2.01,1.43,11.18,24,0,0,0,0,0,0,0,0,0,0,0,0,0,0,0,188,29,0.0,0.0,0.0,0.0,0.0,0.0,0.0,0.0,0.0,0,0,0,0
701,Triston,Rowe,Rowe,u,has joined Annecy on loan for the rest of the season.,,4.0,703,188.0,0.1,523,188.0,0.0,520.0,210.0,0,0,0.0,0,0.0,0,4,0.0,0.0,0.0,0.0,0.0,599.0,226.0,0.0,0.0,589.0,226.0,582.0,226.0,548.0,221.0,589.0,225.0,,,,,,,,0.0,0.0,0.0,0.0,0.0,0.0,0.0,0.0,0.0,24,0,0,0,0,0,0,0,0,0,0,0,0,0,0,0,0,6,0.0,0.0,0.0,0.0,0.0,0.0,0.0,0.0,0.0,0,0,0,0
702,Bradley,Burrowes,Burrowes,a,,,4.4,562,336.0,0.1,530,188.0,0.0,615.0,224.0,0,0,0.0,-1,1.0,7,14,0.0,0.2,0.0,0.0,1.0,455.0,205.0,,,666.0,256.0,462.0,225.0,637.0,249.0,667.0,257.0,,,,,,,,0.0,0.0,0.0,5.06,0.0,0.0,5.62,0.0,5.62,24,0,0,0,0,0,0,0,0,0,0,0,0,0,0,0,8,14,0.0,0.0,0.0,0.0,0.0,0.0,0.0,0.0,0.0,0,0,0,0
703,Sam,Proctor,Proctor,a,,,3.9,766,90.0,0.6,236,31.0,0.0,468.0,51.0,0,0,0.0,-1,1.0,94,128,0.0,0.0,0.0,0.0,0.0,549.0,57.0,,,539.0,57.0,530.0,44.0,493.0,29.0,539.0,57.0,,,,,,,,0.0,0.0,0.0,0.0,0.0,0.0,0.0,0.0,0.0,24,0,0,0,0,0,0,0,0,0,0,0,0,0,0,0,114,174,0.0,0.0,0.0,0.0,0.0,0.0,0.0,0.0,0.0,0,0,0,0
710,Travis,Patterson,Patterson,a,,,3.9,763,224.0,0.2,370,135.0,0.0,465.0,182.0,0,0,0.0,-1,1.0,9,12,0.0,0.0,0.0,0.0,0.0,546.0,200.0,,,536.0,200.0,527.0,200.0,490.0,192.0,536.0,199.0,,,,,,,,0.0,0.0,0.0,0.0,0.0,0.0,0.0,0.0,0.0,24,0,0,0,0,0,0,0,0,0,0,0,0,0,0,0,11,16,0.0,0.0,0.0,0.0,0.0,0.0,0.0,0.0,0.0,0,0,0,0
719,Victor,Lindelöf,Lindelöf,a,,,4.5,412,76.0,0.1,459,168.0,1.8,189.0,69.0,0,0,0.0,0,0.0,53,31,0.4,4.7,1.8,1.8,1.9,336.0,128.0,100.0,100.0,296.0,113.0,361.0,129.0,391.0,147.0,361.0,128.0,,,,,,,,0.0,0.01,0.01,1.71,0.0,0.16,1.43,0.95,5.72,24,0,0,0,0,0,0,0,0,0,0,0,0,0,0,0,71,43,0.0,0.0,0.0,0.0,0.0,0.0,0.0,0.0,0.0,0,0,0,0
754,George,Hemmings,George Hemmings,a,,,4.5,478,291.0,0.0,754,324.0,0.2,381.0,172.0,0,0,0.0,0,0.0,4,5,0.0,0.4,0.2,0.2,1.0,463.0,212.0,,,714.0,293.0,441.0,213.0,429.0,212.0,480.0,221.0,,,,,,,,0.14,0.04,0.18,2.2,0.0,0.0,0.0,0.0,3.6,24,0,0,0,0,0,0,0,0,0,0,0,0,0,0,0,6,5,0.0,0.0,0.0,0.0,0.0,0.0,0.0,0.0,0.0,0,0,0,0
757,Ronnie,Hollingshead,Hollingshead,a,,,4.0,693,61.0,0.0,716,83.0,0.0,510.0,73.0,0,0,0.0,0,0.0,4,4,0.0,0.0,0.0,0.0,0.0,590.0,79.0,,,580.0,79.0,573.0,68.0,538.0,53.0,580.0,79.0,,,,,,,,0.0,0.0,0.0,0.0,0.0,0.0,0.0,0.0,0.0,24,0,0,0,0,0,0,0,0,0,0,0,0,0,0,0,4,5,0.0,0.0,0.0,0.0,0.0,0.0,0.0,0.0,0.0,0,0,0,0
768,Leon,Routh,Leon Routh,a,,,4.0,725,209.0,0.0,727,248.0,0.0,539.0,228.0,0,0,0.0,0,0.0,5,4,0.0,0.0,0.0,0.0,0.0,617.0,243.0,,,607.0,243.0,600.0,243.0,567.0,239.0,608.0,243.0,,,,,,,,0.0,0.0,0.0,0.0,0.0,0.0,0.0,0.0,0.0,24,0,0,0,0,0,0,0,0,0,0,0,0,0,0,0,6,4,0.0,0.0,0.0,0.0,0.0,0.0,0.0,0.0,0.0,0,0,0,0
781,TJ,Carroll,Carroll,a,,,4.0,719,203.0,0.0,751,256.0,0.0,534.0,223.0,0,0,0.0,0,0.0,9,6,0.0,0.0,0.0,0.0,0.0,612.0,238.0,,,602.0,238.0,595.0,238.0,561.0,233.0,602.0,237.0,,,,,,,,0.0,0.0,0.0,0.0,0.0,0.0,0.0,0.0,0.0,24,0,0,0,0,0,0,0,0,0,0,0,0,0,0,0,12,6,0.0,0.0,0.0,0.0,0.0,0.0,0.0,0.0,0.0,0,0,0,0
792,Alysson Edward Franco,da Rocha dos Santos,Alysson,i,Knock - Unknown return date,,5.0,283,174.0,0.0,801,357.0,0.0,754.0,327.0,0,0,0.0,0,0.0,1,2,0.0,0.0,0.0,0.0,0.0,780.0,343.0,0.0,0.0,779.0,342.0,777.0,342.0,771.0,340.0,779.0,342.0,,,,,,,,0.0,0.0,0.0,0.0,0.0,0.0,0.0,0.0,0.0,24,0,0,0,0,0,0,0,0,0,0,0,0,0,0,0,1,2,0.0,0.0,0.0,0.0,0.0,0.0,0.0,0.0,0.0,0,0,0,0
808,Tammy,Abraham,Abraham,a,,,6.0,84,27.0,0.1,435,62.0,0.0,795.0,84.0,0,0,0.0,0,0.0,803,67,0.0,0.0,2.1,2.1,0.0,799.0,87.0,,,799.0,87.0,799.0,87.0,799.0,87.0,799.0,87.0,,,,,,,,0.0,0.0,0.0,0.0,0.0,0.0,0.0,0.0,0.0,24,0,0,0,0,0,0,0,0,0,0,0,0,0,0,0,1395,140,0.0,0.0,0.0,0.0,0.0,0.0,0.0,0.0,0.0,0,0,0,0
183,Max,Weiß,Weiss,a,,,4.3,599,30.0,0.1,449,68.0,0.0,568.0,84.0,0,0,0.0,-2,2.0,15,12,0.0,0.0,0.0,0.0,0.0,635.0,88.0,,,625.0,88.0,622.0,81.0,594.0,68.0,626.0,88.0,,,,,,,,0.0,0.0,0.0,0.0,0.0,0.0,0.0,0.0,0.0,24,0,0,0,0,0,0,0,0,0,0,0,0,0,0,0,17,16,0.0,0.0,0.0,0.0,0.0,0.0,0.0,0.0,0.0,0,0,0,0
184,Etienne,Green,Green,u,has joined FC Fredericia permanently.,,4.0,681,57.0,0.2,393,58.0,0.0,500.0,69.0,0,0,0.0,0,0.0,0,11,0.0,0.0,0.0,0.0,0.0,581.0,75.0,0.0,0.0,571.0,75.0,564.0,64.0,529.0,49.0,571.0,75.0,,,,,,,,0.0,0.0,0.0,0.0,0.0,0.0,0.0,0.0,0.0,24,0,0,0,0,0,0,0,0,0,0,0,0,0,0,0,0,18,0.0,0.0,0.0,0.0,0.0,0.0,0.0,0.0,0.0,0,0,0,0
185,Václav,Hladký,Hladký,a,,,3.9,727,66.0,0.2,396,59.0,0.0,438.0,28.0,0,0,0.0,-1,1.0,11,19,0.0,0.0,0.0,0.0,0.0,520.0,34.0,,,510.0,34.0,500.0,20.0,463.0,5.0,510.0,34.0,,,,,,,,0.0,0.0,0.0,0.0,0.0,0.0,0.0,0.0,0.0,24,0,0,0,0,0,0,0,0,0,0,0,0,0,0,0,16,39,0.0,0.0,0.0,0.0,0.0,0.0,0.0,0.0,0.0,0,0,0,0
186,Connor,Roberts,Roberts,i,Achilles injury - Unknown return date,,4.4,517,103.0,0.0,645,225.0,0.0,589.0,241.0,0,0,0.0,-1,1.0,0,6,0.0,0.0,0.0,0.0,0.0,651.0,249.0,0.0,0.0,641.0,249.0,638.0,249.0,612.0,247.0,642.0,249.0,,,,,,,,0.0,0.0,0.0,0.0,0.0,0.0,0.0,0.0,0.0,24,0,0,0,0,0,0,0,0,0,0,0,0,0,0,0,0,7,0.0,0.0,0.0,0.0,0.0,0.0,0.0,0.0,0.0,0,0,0,0
187,Kyle,Walker,Walker,a,,,4.4,511,98.0,1.1,176,67.0,1.4,233.0,89.0,0,0,0.0,-1,1.0,188,111,0.3,11.1,1.4,1.4,2.2,295.0,113.0,100.0,100.0,105.0,47.0,176.0,44.0,352.0,119.0,198.0,63.0,,,,,,,,0.01,0.04,0.05,2.05,0.0,0.14,1.88,1.01,6.45,24,0,0,0,0,0,0,0,0,0,0,0,0,0,0,0,237,193,0.0,0.0,0.0,0.0,0.0,0.0,0.0,0.0,0.0,0,0,0,0
188,Hannes,Delcroix,Delcroix,u,has joined Lugano permanently.,,3.8,781,237.0,0.2,350,127.0,0.0,418.0,158.0,0,0,0.0,-2,2.0,0,56,0.0,0.0,0.0,0.0,0.0,503.0,180.0,0.0,0.0,492.0,179.0,481.0,178.0,443.0,169.0,492.0,178.0,,,,,,,,0.0,0.0,0.0,0.0,0.0,0.0,0.0,0.0,0.0,24,0,0,0,0,0,0,0,0,0,0,0,0,0,0,0,0,96,0.0,0.0,0.0,0.0,0.0,0.0,0.0,0.0,0.0,0,0,0,0
189,Owen,Dodgson,Dodgson,u,Has joined Stockport County on loan for the rest of the season.,,4.0,673,170.0,0.0,706,242.0,0.0,493.0,195.0,0,0,0.0,0,0.0,0,2,0.0,0.0,0.0,0.0,0.0,574.0,213.0,0.0,0.0,564.0,213.0,557.0,213.0,522.0,207.0,564.0,212.0,,,,,,,,0.0,0.0,0.0,0.0,0.0,0.0,0.0,0.0,0.0,24,0,0,0,0,0,0,0,0,0,0,0,0,0,0,0,0,2,0.0,0.0,0.0,0.0,0.0,0.0,0.0,0.0,0.0,0,0,0,0
190,Hjalmar,Ekdal,Ekdal,a,,,3.9,754,221.0,0.9,199,76.0,0.4,327.0,120.0,0,0,0.0,-1,1.0,20,129,0.1,11.3,0.4,0.4,2.9,196.0,76.0,,,164.0,68.0,329.0,112.0,247.0,70.0,252.0,87.0,,,,,,,,0.02,0.02,0.04,1.74,0.0,0.15,1.83,0.99,10.08,24,0,0,0,0,0,0,0,0,0,0,0,0,0,0,0,32,224,0.0,0.0,0.0,0.0,0.0,0.0,0.0,0.0,0.0,0,0,0,0
191,Maxime,Estève,Estève,a,,,3.9,753,220.0,8.1,48,15.0,1.6,205.0,73.0,0,0,0.0,-1,1.0,579,546,0.4,12.8,1.6,1.6,2.5,250.0,97.0,100.0,100.0,70.0,31.0,275.0,86.0,269.0,78.0,180.0,58.0,,,,,,,,0.02,0.02,0.04,2.19,0.0,0.11,2.12,1.06,10.01,24,0,0,0,0,0,0,0,0,0,0,0,0,0,0,0,1084,1402,0.0,0.0,0.0,0.0,0.0,0.0,0.0,0.0,0.0,0,0,0,0
192,Quilindschy,Hartman,Hartman,a,,,4.0,684,175.0,0.7,211,81.0,0.0,503.0,199.0,0,0,0.0,0,0.0,57,162,0.0,11.5,0.0,0.0,3.1,167.0,67.0,,,135.0,59.0,102.0,23.0,283.0,86.0,160.0,52.0,1.0,,,,,,,0.01,0.1,0.11,2.04,0.0,0.13,1.88,1.01,7.0,24,0,0,0,0,0,0,0,0,0,0,0,0,0,0,0,86,322,0.0,0.0,0.0,0.0,0.0,0.0,0.0,0.0,0.0,0,0,0,0
193,Bashir,Humphreys,Humphreys,a,,,3.9,748,217.0,0.1,433,162.0,2.6,128.0,43.0,0,0,0.0,-1,1.0,64,40,0.7,5.9,2.6,2.6,3.3,139.0,54.0,100.0,100.0,281.0,109.0,374.0,135.0,345.0,115.0,355.0,125.0,,,,,,,,0.03,0.02,0.05,2.05,0.0,0.17,1.71,0.85,9.22,24,0,0,0,0,0,0,0,0,0,0,0,0,0,0,0,88,87,0.0,0.0,0.0,0.0,0.0,0.0,0.0,0.0,0.0,0,0,0,0
194,Jordan,Beyer,Jordan,i,Hamstring injury - Unknown return date,,3.9,744,214.0,0.1,550,199.0,0.0,451.0,177.0,0,0,0.0,-1,1.0,3,3,0.0,0.0,0.0,0.0,0.0,532.0,195.0,0.0,0.0,522.0,195.0,513.0,195.0,476.0,187.0,522.0,194.0,,,,,,,,0.0,0.0,0.0,0.0,0.0,0.0,0.0,0.0,0.0,24,0,0,0,0,0,0,0,0,0,0,0,0,0,0,0,4,5,0.0,0.0,0.0,0.0,0.0,0.0,0.0,0.0,0.0,0,0,0,0
195,Lucas,Pires Silva,Lucas Pires,a,,,3.8,799,255.0,0.3,322,120.0,1.4,228.0,85.0,0,0,0.0,-2,2.0,129,45,0.4,3.7,1.4,1.4,1.6,374.0,139.0,100.0,100.0,309.0,119.0,220.0,61.0,294.0,93.0,311.0,106.0,,,,,,,,0.04,0.1,0.14,2.02,0.0,0.13,1.85,1.06,6.48,24,0,0,0,0,0,0,0,0,0,0,0,0,0,0,0,235,90,0.0,0.0,0.0,0.0,0.0,0.0,0.0,0.0,0.0,0,0,0,0
196,Shurandy,Sambo,Sambo,u,Has joined Sparta Rotterdam on loan for the rest of the season.,,4.0,671,168.0,0.0,613,220.0,0.0,492.0,194.0,0,0,0.0,0,0.0,0,4,0.0,0.0,0.0,0.0,0.0,573.0,212.0,0.0,0.0,563.0,212.0,556.0,212.0,521.0,206.0,563.0,211.0,,,,,,,,0.0,0.0,0.0,0.0,0.0,0.0,0.0,0.0,0.0,24,0,0,0,0,0,0,0,0,0,0,0,0,0,0,0,0,5,0.0,0.0,0.0,0.0,0.0,0.0,0.0,0.0,0.0,0,0,0,0
197,Oliver,Sonne,Sonne,a,,,3.8,793,249.0,0.3,332,122.0,0.4,326.0,119.0,0,0,0.0,-2,2.0,9,39,0.1,3.4,0.4,0.4,1.9,331.0,123.0,,,393.0,150.0,380.0,138.0,332.0,108.0,402.0,145.0,,,,,,,,0.3,0.04,0.34,2.08,0.0,0.0,2.2,0.55,3.84,24,0,0,0,0,0,0,0,0,0,0,0,0,0,0,0,21,84,0.0,0.0,0.0,0.0,0.0,0.0,0.0,0.0,0.0,0,0,0,0
198,Axel,Tuanzebe,Tuanzebe,a,,,3.9,738,211.0,1.0,184,73.0,2.2,156.0,56.0,0,0,0.0,-1,1.0,55,42,0.6,7.4,2.2,2.2,2.9,194.0,74.0,100.0,100.0,200.0,81.0,413.0,151.0,292.0,91.0,299.0,101.0,,,,,,,,0.06,0.01,0.07,2.46,0.0,0.1,2.03,1.02,9.35,24,0,0,0,0,0,0,0,0,0,0,0,0,0,0,0,128,93,0.0,0.0,0.0,0.0,0.0,0.0,0.0,0.0,0.0,0,0,0,0
199,Joe,Worrall,Worrall,a,,,3.8,777,233.0,0.1,414,153.0,0.0,415.0,155.0,0,0,0.0,-2,2.0,14,9,0.0,1.8,0.0,0.0,1.2,424.0,153.0,100.0,100.0,395.0,151.0,450.0,166.0,420.0,157.0,432.0,157.0,,,,,,,,0.0,0.01,0.01,2.31,0.0,0.0,1.75,0.58,13.44,24,0,0,0,0,0,0,0,0,0,0,0,0,0,0,0,19,14,0.0,0.0,0.0,0.0,0.0,0.0,0.0,0.0,0.0,0,0,0,0
200,Jaidon,Anthony,Anthony,a,,,5.0,258,157.0,1.9,139,45.0,2.4,146.0,62.0,0,0,0.0,-5,5.0,190,344,0.5,14.6,2.4,2.4,3.3,146.0,64.0,100.0,100.0,103.0,34.0,81.0,59.0,50.0,29.0,59.0,39.0,2.0,,,,,,,0.18,0.09,0.27,2.04,0.0,0.19,1.82,1.07,8.43,24,0,0,0,0,0,0,0,0,0,0,0,0,0,0,0,308,597,0.0,0.0,0.0,0.0,0.0,0.0,0.0,0.0,0.0,0,0,0,0
201,Manuel,Benson Hedilazio,Benson,u,has joined Maccabi Haifa permanently.,,5.4,163,101.0,0.0,693,293.0,0.0,773.0,340.0,0,0,0.0,-1,1.0,0,0,0.0,0.0,0.0,0.0,0.0,784.0,346.0,0.0,0.0,783.0,345.0,782.0,345.0,778.0,344.0,783.0,345.0,,,,,,,,0.0,0.0,0.0,0.0,0.0,0.0,0.0,0.0,0.0,24,0,0,0,0,0,0,0,0,0,0,0,0,0,0,0,0,0,0.0,0.0,0.0,0.0,0.0,0.0,0.0,0.0,0.0,0,0,0,0
202,Jacob,Bruun Larsen,Bruun Larsen,a,,,5.3,189,116.0,0.0,620,241.0,0.2,400.0,185.0,0,0,0.0,-2,2.0,3,3,0.0,5.8,0.2,0.2,1.7,368.0,163.0,100.0,100.0,315.0,139.0,143.0,101.0,180.0,106.0,246.0,121.0,3.0,1.0,3.0,,,,,0.12,0.11,0.23,2.11,0.0,0.32,2.43,0.95,5.7,24,0,0,0,0,0,0,0,0,0,0,0,0,0,0,0,5,7,0.0,0.0,0.0,0.0,0.0,0.0,0.0,0.0,0.0,0,0,0,0
203,Enock,Agyei,Boateng,a,,,4.7,390,244.0,0.0,593,223.0,0.0,701.0,289.0,0,0,0.0,-3,3.0,13,8,0.0,0.0,0.0,0.0,0.0,744.0,317.0,,,743.0,316.0,738.0,316.0,724.0,311.0,742.0,315.0,,,,,,,,0.0,0.0,0.0,0.0,0.0,0.0,0.0,0.0,0.0,24,0,0,0,0,0,0,0,0,0,0,0,0,0,0,0,13,9,0.0,0.0,0.0,0.0,0.0,0.0,0.0,0.0,0.0,0,0,0,0
204,Darko,Churlinov,Churlinov,u,has joined Kocaelispor  permanently.,,4.9,321,198.0,0.0,707,299.0,0.0,721.0,302.0,0,0,0.0,-1,1.0,0,1,0.0,0.0,0.0,0.0,0.0,755.0,324.0,0.0,0.0,754.0,323.0,750.0,323.0,741.0,320.0,753.0,322.0,,,,,,,,0.0,0.0,0.0,0.0,0.0,0.0,0.0,0.0,0.0,24,0,0,0,0,0,0,0,0,0,0,0,0,0,0,0,0,1,0.0,0.0,0.0,0.0,0.0,0.0,0.0,0.0,0.0,0,0,0,0
205,Josh,Cullen,Cullen,i,Knee injury - Expected back 30 Sep,,4.9,297,183.0,0.9,191,63.0,0.0,713.0,297.0,0,0,0.0,-1,1.0,2,326,0.0,14.3,0.0,0.0,3.9,79.0,36.0,0.0,0.0,106.0,35.0,108.0,77.0,219.0,120.0,128.0,70.0,,,,,,,,0.06,0.08,0.14,1.93,0.0,0.18,1.73,1.07,10.29,24,0,0,0,0,0,0,0,0,0,0,0,0,0,0,0,2,507,0.0,0.0,0.0,0.0,0.0,0.0,0.0,0.0,0.0,0,0,0,0
206,Marcus,Edwards,Edwards,a,,,4.7,380,237.0,0.1,458,156.0,3.4,73.0,29.0,0,0,0.0,-3,3.0,127,43,0.7,6.8,3.4,3.4,2.5,258.0,111.0,,,285.0,128.0,116.0,83.0,174.0,100.0,209.0,107.0,,3.0,,,,,,0.13,0.23,0.36,1.92,0.0,0.16,1.26,0.79,5.52,24,0,0,0,0,0,0,0,0,0,0,0,0,0,0,0,206,103,0.0,0.0,0.0,0.0,0.0,0.0,0.0,0.0,0.0,0,0,0,0
207,Hannibal,Mejbri,Hannibal,a,,,4.7,387,241.0,0.1,475,164.0,0.4,339.0,149.0,0,0,0.0,-3,3.0,20,14,0.1,5.1,0.4,0.4,1.5,394.0,174.0,100.0,100.0,376.0,165.0,183.0,121.0,322.0,168.0,331.0,161.0,,4.0,,,,,,0.06,0.15,0.21,2.61,0.0,0.2,2.36,0.98,7.66,24,0,0,0,0,0,0,0,0,0,0,0,0,0,0,0,30,18,0.0,0.0,0.0,0.0,0.0,0.0,0.0,0.0,0.0,0,0,0,0
208,Luca,Koleosho,Koleosho,u,has joined Paris FC on loan for the rest of the season.,,5.0,265,160.0,0.0,720,305.0,0.0,745.0,320.0,0,0,0.0,0,0.0,0,1,0.0,0.0,0.0,0.0,0.0,772.0,337.0,0.0,0.0,771.0,336.0,769.0,336.0,761.0,333.0,770.0,335.0,,,,,,,,0.0,0.0,0.0,0.0,0.0,0.0,0.0,0.0,0.0,24,0,0,0,0,0,0,0,0,0,0,0,0,0,0,0,0,1,0.0,0.0,0.0,0.0,0.0,0.0,0.0,0.0,0.0,0,0,0,0
209,Josh,Laurent,Laurent,a,,,4.8,350,219.0,0.0,600,230.0,1.2,253.0,109.0,0,0,0.0,-2,2.0,4,9,0.3,8.8,1.2,1.2,2.1,309.0,136.0,,,204.0,87.0,254.0,153.0,261.0,141.0,262.0,128.0,,,,,,,,0.04,0.02,0.06,2.1,0.0,0.08,2.25,0.92,10.34,24,0,0,0,0,0,0,0,0,0,0,0,0,0,0,0,6,15,0.0,0.0,0.0,0.0,0.0,0.0,0.0,0.0,0.0,0,0,0,0
214,Mike,Trésor Ndayishimiye,Trésor,i,Ankle injury - Unknown return date,,4.4,530,316.0,0.1,545,196.0,0.0,594.0,210.0,0,0,0.0,-1,1.0,0,17,0.0,0.9,0.0,0.0,1.0,449.0,199.0,0.0,0.0,480.0,221.0,458.0,222.0,427.0,210.0,479.0,220.0,,,,,,,,0.0,0.0,0.0,2.18,0.0,0.0,4.74,0.0,9.47,24,0,0,0,0,0,0,0,0,0,0,0,0,0,0,0,0,26,0.0,0.0,0.0,0.0,0.0,0.0,0.0,0.0,0.0,0,0,0,0
215,Zian,Flemming,Flemming,a,,,5.3,196,46.0,0.3,327,54.0,0.0,767.0,79.0,0,0,0.0,-2,2.0,78,85,0.0,7.9,0.0,0.0,2.8,221.0,21.0,100.0,100.0,216.0,19.0,300.0,32.0,93.0,27.0,211.0,24.0,,,1.0,,,,,0.43,0.02,0.45,1.89,0.0,0.27,1.36,1.09,4.23,24,0,0,0,0,0,0,0,0,0,0,0,0,0,0,0,96,167,0.0,0.0,0.0,0.0,0.0,0.0,0.0,0.0,0.0,0,0,0,0
216,Zeki,Amdouni,Amdouni,i,Knee injury - Expected back 25 Apr,,4.8,368,62.0,0.0,664,83.0,0.0,707.0,70.0,0,0,0.0,-2,2.0,5,4,0.0,0.0,0.0,0.0,0.0,747.0,80.0,0.0,0.0,746.0,80.0,741.0,79.0,730.0,79.0,745.0,80.0,,,,,,,,0.0,0.0,0.0,0.0,0.0,0.0,0.0,0.0,0.0,24,0,0,0,0,0,0,0,0,0,0,0,0,0,0,0,5,4,0.0,0.0,0.0,0.0,0.0,0.0,0.0,0.0,0.0,0,0,0,0
217,Lyle,Foster,Foster,a,,,4.9,324,59.0,0.8,204,33.0,1.2,255.0,32.0,0,0,0.0,-1,1.0,184,115,0.2,8.6,1.2,1.2,2.6,244.0,23.0,100.0,100.0,249.0,22.0,210.0,23.0,130.0,33.0,224.0,26.0,,,,,,,,0.22,0.02,0.24,1.98,0.0,0.29,1.96,1.08,5.3,24,0,0,0,0,0,0,0,0,0,0,0,0,0,0,0,288,181,0.0,0.0,0.0,0.0,0.0,0.0,0.0,0.0,0.0,0,0,0,0
218,Ashley,Barnes,Barnes,a,,,4.2,618,86.0,1.4,159,26.0,-0.2,808.0,90.0,0,0,0.0,-3,3.0,332,384,0.0,0.2,-0.2,-0.2,1.0,442.0,53.0,,,482.0,59.0,460.0,57.0,397.0,54.0,464.0,54.0,,,2.0,,,,,1.1,0.0,1.1,4.1,0.0,0.0,10.0,0.0,10.0,24,0,0,0,0,0,0,0,0,0,0,0,0,0,0,0,943,567,0.0,0.0,0.0,0.0,0.0,0.0,0.0,0.0,0.0,0,0,0,0
219,Michael,Obafemi,Obafemi,u,has joined Blackpool on loan for the rest of the season.,,4.4,520,74.0,0.1,457,65.0,0.0,591.0,55.0,0,0,0.0,-1,1.0,0,7,0.0,0.0,0.0,0.0,0.0,652.0,65.0,0.0,0.0,642.0,65.0,639.0,64.0,613.0,64.0,643.0,65.0,,,,,,,,0.0,0.0,0.0,0.0,0.0,0.0,0.0,0.0,0.0,24,0,0,0,0,0,0,0,0,0,0,0,0,0,0,0,0,10,0.0,0.0,0.0,0.0,0.0,0.0,0.0,0.0,0.0,0,0,0,0
470,Martin,Dúbravka,Dúbravka,a,,,4.0,651,41.0,32.9,8,2.0,2.8,108.0,11.0,0,0,0.0,0,0.0,1727,1148,0.7,18.2,2.8,2.8,3.2,149.0,14.0,100.0,100.0,3.0,1.0,538.0,48.0,502.0,33.0,112.0,1.0,,,,,,,,0.0,0.0,0.0,2.06,4.09,0.13,1.91,1.0,0.0,24,0,0,0,0,0,0,0,0,0,0,0,0,0,0,0,3241,2701,0.0,0.0,0.0,0.0,0.0,0.0,0.0,0.0,0.0,0,0,0,0
614,James,Ward-Prowse,Ward-Prowse,a,,,5.6,125,77.0,0.2,385,130.0,0.0,790.0,351.0,0,0,0.0,-4,4.0,51,22,0.0,2.0,0.0,0.0,2.2,302.0,133.0,,,381.0,167.0,142.0,100.0,406.0,200.0,323.0,157.0,,,,,,,,0.03,0.2,0.23,1.58,0.0,0.22,2.39,1.09,4.78,24,0,0,0,0,0,0,0,0,0,0,0,0,0,0,0,73,30,0.0,0.0,0.0,0.0,0.0,0.0,0.0,0.0,0.0,0,0,0,0
676,Lesley,Ugochukwu,Ugochukwu,a,,,5.0,273,166.0,0.1,448,153.0,2.2,163.0,72.0,0,0,0.0,0,0.0,31,27,0.4,13.4,2.2,2.2,3.0,189.0,82.0,100.0,100.0,140.0,50.0,204.0,132.0,123.0,72.0,166.0,91.0,,,,,,,,0.13,0.01,0.14,2.14,0.0,0.19,1.85,1.05,9.21,24,0,0,0,0,0,0,0,0,0,0,0,0,0,0,0,47,100,0.0,0.0,0.0,0.0,0.0,0.0,0.0,0.0,0.0,0,0,0,0
680,Armando,Broja,Broja,a,,,5.2,214,49.0,0.2,355,57.0,1.6,220.0,26.0,0,0,0.0,-3,3.0,52,132,0.3,6.9,1.6,1.6,2.1,312.0,31.0,100.0,100.0,326.0,32.0,299.0,31.0,107.0,28.0,274.0,33.0,,,,,,,,0.24,0.01,0.25,2.35,0.0,0.12,2.82,0.94,4.81,24,0,0,0,0,0,0,0,0,0,0,0,0,0,0,0,80,218,0.0,0.0,0.0,0.0,0.0,0.0,0.0,0.0,0.0,0,0,0,0
722,Florentino Ibrain,Morris Luís,Florentino,a,,,5.0,250,152.0,0.0,604,232.0,3.2,84.0,35.0,0,0,0.0,0,0.0,23,13,0.6,12.2,3.2,3.2,3.2,158.0,67.0,,,139.0,49.0,153.0,105.0,309.0,160.0,195.0,103.0,,,,,,,,0.03,0.02,0.05,2.09,0.0,0.12,1.9,1.04,13.47,24,0,0,0,0,0,0,0,0,0,0,0,0,0,0,0,31,30,0.0,0.0,0.0,0.0,0.0,0.0,0.0,0.0,0.0,0,0,0,0
776,Oliver,Pimlott,Pimlott,a,,,4.5,503,310.0,0.0,795,351.0,0.0,690.0,281.0,0,0,0.0,0,0.0,1,1,0.0,0.0,0.0,0.0,0.0,736.0,311.0,,,735.0,310.0,730.0,310.0,712.0,304.0,734.0,309.0,,,,,,,,0.0,0.0,0.0,0.0,0.0,0.0,0.0,0.0,0.0,24,0,0,0,0,0,0,0,0,0,0,0,0,0,0,0,1,1,0.0,0.0,0.0,0.0,0.0,0.0,0.0,0.0,0.0,0,0,0,0
784,George,Brierley,Brierley,a,,,4.5,509,315.0,0.0,797,353.0,0.0,694.0,285.0,0,0,0.0,0,0.0,2,1,0.0,0.0,0.0,0.0,0.0,740.0,315.0,,,739.0,314.0,734.0,314.0,717.0,309.0,738.0,313.0,,,,,,,,0.0,0.0,0.0,0.0,0.0,0.0,0.0,0.0,0.0,24,0,0,0,0,0,0,0,0,0,0,0,0,0,0,0,3,2,0.0,0.0,0.0,0.0,0.0,0.0,0.0,0.0,0.0,0,0,0,0
66,Norberto,Murara Neto,Neto,u,Has joined Botafogo permanently.,,4.5,404,21.0,0.1,555,77.0,0.0,618.0,87.0,0,0,0.0,0,0.0,0,3,0.0,0.0,0.0,0.0,0.0,675.0,90.0,0.0,0.0,669.0,90.0,664.0,83.0,640.0,71.0,670.0,90.0,,,,,,,,0.0,0.0,0.0,0.0,0.0,0.0,0.0,0.0,0.0,24,0,0,0,0,0,0,0,0,0,0,0,0,0,0,0,0,3,0.0,0.0,0.0,0.0,0.0,0.0,0.0,0.0,0.0,0,0,0,0
67,Đorđe,Petrović,Petrović,a,,,4.5,432,24.0,4.3,82,14.0,2.6,131.0,12.0,8,0,0.0,0,0.0,395,455,0.6,15.1,2.6,2.6,2.8,215.0,19.0,,,39.0,11.0,680.0,86.0,658.0,74.0,207.0,11.0,,,,,,,,0.0,0.0,0.0,1.45,3.0,0.25,1.79,1.0,0.0,24,8,90,0,0,1,0,0,0,0,0,0,7,1,0,36,815,1056,0.0,0.0,0.0,0.0,1.4399999999999977,0.0,0.0,0.0,0.0,0,1,8,0
68,Will,Dennis,Dennis,i,Ankle injury - Unknown return date,,4.0,670,51.0,0.8,203,26.0,0.0,491.0,63.0,0,0,0.0,0,0.0,4,118,0.0,0.0,0.0,0.0,0.0,572.0,69.0,0.0,0.0,562.0,69.0,555.0,58.0,520.0,43.0,562.0,69.0,,,,,,,,0.0,0.0,0.0,0.0,0.0,0.0,0.0,0.0,0.0,24,0,0,0,0,0,0,0,0,0,0,0,0,0,0,0,4,155,0.0,0.0,0.0,0.0,0.0,0.0,0.0,0.0,0.0,0,0,0,0
69,Callan,McKenna,McKenna,a,,,3.9,768,91.0,0.2,341,48.0,0.0,470.0,52.0,0,0,0.0,-1,1.0,44,31,0.0,0.0,0.0,0.0,0.0,551.0,58.0,,,541.0,58.0,532.0,45.0,495.0,30.0,541.0,58.0,,,,,,,,0.0,0.0,0.0,0.0,0.0,0.0,0.0,0.0,0.0,24,0,0,0,0,0,0,0,0,0,0,0,0,0,0,0,61,43,0.0,0.0,0.0,0.0,0.0,0.0,0.0,0.0,0.0,0,0,0,0
70,Alex,Paulsen,Paulsen,u,Has joined Lechia Gdansk on loan for the rest of the season.,,4.0,685,58.0,0.1,558,78.0,0.0,504.0,70.0,0,0,0.0,0,0.0,0,1,0.0,0.0,0.0,0.0,0.0,584.0,76.0,0.0,0.0,574.0,76.0,567.0,65.0,532.0,50.0,574.0,76.0,,,,,,,,0.0,0.0,0.0,0.0,0.0,0.0,0.0,0.0,0.0,24,0,0,0,0,0,0,0,0,0,0,0,0,0,0,0,0,3,0.0,0.0,0.0,0.0,0.0,0.0,0.0,0.0,0.0,0,0,0,0
71,Illia,Zabarnyi,Zabarnyi,u,Has joined Paris Saint-Germain permanently.,,5.0,263,42.0,0.0,660,229.0,0.0,744.0,258.0,0,0,0.0,0,0.0,0,0,0.0,0.0,0.0,0.0,0.0,771.0,260.0,0.0,0.0,770.0,260.0,768.0,260.0,760.0,259.0,769.0,260.0,,,,,,,,0.0,0.0,0.0,0.0,0.0,0.0,0.0,0.0,0.0,24,0,0,0,0,0,0,0,0,0,0,0,0,0,0,0,0,0,0.0,0.0,0.0,0.0,0.0,0.0,0.0,0.0,0.0,0,0,0,0
72,Marcos,Senesi Barón,Senesi,a,,,4.8,359,61.0,14.4,25,8.0,4.2,38.0,14.0,8,0,0.0,3,-3.0,8065,1145,0.9,21.2,4.2,4.2,4.4,37.0,17.0,100.0,100.0,2.0,1.0,80.0,20.0,193.0,45.0,34.0,1.0,,,,,,,,0.04,0.16,0.2,1.46,0.0,0.27,1.86,1.02,12.96,24,8,90,0,0,1,0,0,0,0,0,0,0,1,0,25,13426,2814,0.0,0.05999999999999994,0.020000000000000018,0.08000000000000007,1.4399999999999977,0.0,0.0,0.0,0.0,1,10,3,11
73,Adam,Smith,Smith,a,,,4.4,510,97.0,0.2,379,138.0,1.4,232.0,88.0,6,0,0.0,-1,1.0,57,15,0.3,6.1,1.4,1.4,2.1,307.0,117.0,100.0,100.0,364.0,139.0,355.0,126.0,362.0,126.0,383.0,137.0,,,,,,,,0.0,0.01,0.01,1.55,0.0,0.37,1.87,1.25,5.12,24,6,90,0,0,1,0,0,0,0,0,0,0,1,0,28,77,22,0.0,0.0,0.0,0.0,1.2599999999999998,0.0,0.0,0.0,0.0,3,4,3,7
74,Adrien,Truffert,Truffert,a,,,4.5,446,90.0,1.7,142,56.0,3.0,97.0,34.0,6,0,0.0,0,0.0,569,268,0.7,17.8,3.0,3.0,3.3,141.0,56.0,,,40.0,17.0,53.0,8.0,232.0,63.0,67.0,13.0,,,,,,,,0.01,0.05,0.06,1.38,0.0,0.25,1.7,1.02,8.37,24,6,90,0,0,1,0,0,0,0,0,0,0,1,0,27,1008,560,0.0,0.0,0.010000000000000009,0.010000000000000009,1.4399999999999977,0.0,0.0,0.0,0.0,3,6,5,9
75,Matai,Akinmboni,Akinmboni,d,Muscle injury - 25% chance of playing,,3.8,794,250.0,0.2,372,137.0,0.0,428.0,168.0,0,0,0.0,-2,2.0,9,21,0.0,0.0,0.0,0.0,0.0,512.0,189.0,25.0,25.0,501.0,188.0,490.0,187.0,452.0,178.0,501.0,187.0,,,,,,,,0.0,0.0,0.0,0.0,0.0,0.0,0.0,0.0,0.0,24,0,0,0,0,0,0,0,0,0,0,0,0,0,0,0,13,32,0.0,0.0,0.0,0.0,0.0,0.0,0.0,0.0,0.0,0,0,0,0
76,Owen,Bevan,Bevan,a,,,3.8,792,248.0,0.2,391,142.0,0.0,427.0,167.0,0,0,0.0,-2,2.0,32,28,0.0,0.0,0.0,0.0,0.0,511.0,188.0,,,500.0,187.0,489.0,186.0,451.0,177.0,500.0,186.0,,,,,,,,0.0,0.0,0.0,0.0,0.0,0.0,0.0,0.0,0.0,24,0,0,0,0,0,0,0,0,0,0,0,0,0,0,0,43,31,0.0,0.0,0.0,0.0,0.0,0.0,0.0,0.0,0.0,0,0,0,0
77,James,Hill,Hill,a,,,3.9,750,218.0,1.1,177,68.0,4.2,36.0,13.0,7,0,0.0,-1,1.0,1848,89,1.1,11.0,4.2,4.2,2.9,195.0,75.0,,,233.0,96.0,325.0,110.0,282.0,85.0,294.0,98.0,,,,,,,,0.02,0.05,0.07,1.23,0.0,0.32,1.39,0.86,10.58,24,7,90,0,0,1,0,0,0,0,1,0,0,1,0,23,5223,553,0.0,0.0,0.0,0.0,1.4400000000000013,0.0,0.0,0.0,0.0,1,9,3,10
78,Julián,Araujo Zúñiga,J.Araujo,u,has joined Celtic on loan for the rest of the season.,,3.8,783,239.0,0.6,240,90.0,0.0,419.0,159.0,0,0,0.0,-2,2.0,0,94,0.0,0.0,0.0,0.0,0.0,504.0,181.0,0.0,0.0,493.0,180.0,482.0,179.0,444.0,170.0,493.0,179.0,,,,,,,,0.0,0.0,0.0,0.0,0.0,0.0,0.0,0.0,0.0,24,0,0,0,0,0,0,0,0,0,0,0,0,0,0,0,0,137,0.0,0.0,0.0,0.0,0.0,0.0,0.0,0.0,0.0,0,0,0,0
79,Chris,Mepham,Mepham,u,has joined West Bromwich Albion permanently.,,4.0,663,165.0,0.1,529,193.0,0.0,484.0,191.0,0,0,0.0,0,0.0,0,3,0.0,0.0,0.0,0.0,0.0,565.0,209.0,0.0,0.0,555.0,209.0,548.0,209.0,513.0,203.0,555.0,208.0,,,,,,,,0.0,0.0,0.0,0.0,0.0,0.0,0.0,0.0,0.0,24,0,0,0,0,0,0,0,0,0,0,0,0,0,0,0,0,3,0.0,0.0,0.0,0.0,0.0,0.0,0.0,0.0,0.0,0,0,0,0
80,Julio,Soler Barreto,Soler,i,Knock - Unknown return date,,4.0,704,189.0,0.2,358,130.0,0.0,521.0,211.0,0,0,0.0,0,0.0,4,69,0.0,0.8,0.0,0.0,1.0,439.0,162.0,0.0,0.0,470.0,169.0,436.0,160.0,422.0,159.0,469.0,167.0,,,,,,,,0.0,0.0,0.0,4.29,0.0,0.0,5.29,0.0,2.65,24,0,0,0,0,0,0,0,0,0,0,0,0,0,0,0,5,96,0.0,0.0,0.0,0.0,0.0,0.0,0.0,0.0,0.0,0,0,0,0
81,Justin,Kluivert,Kluivert,i,Knee injury - Expected back 09 May,,7.0,40,24.0,0.7,222,75.0,0.4,361.0,164.0,0,0,0.0,0,0.0,7,207,0.1,5.7,0.0,0.0,2.2,304.0,134.0,0.0,0.0,272.0,119.0,60.0,49.0,175.0,101.0,167.0,92.0,4.0,2.0,1.0,,,,,0.22,0.15,0.37,1.65,0.0,0.39,1.77,0.98,6.11,24,0,0,0,0,0,0,0,0,0,0,0,0,0,0,0,8,249,0.0,0.0,0.0,0.0,0.0,0.0,0.0,0.0,0.0,0,0,0,0
84,Marcus,Tavernier,Tavernier,i,Hamstring injury - Unknown return date,,5.4,165,103.0,1.5,152,49.0,3.0,101.0,43.0,0,0,0.0,-1,1.0,20,2437,0.6,17.4,0.0,0.0,4.3,46.0,19.0,0.0,0.0,63.0,19.0,22.0,21.0,46.0,28.0,28.0,22.0,2.0,1.0,4.0,,,,,0.26,0.12,0.38,1.4,0.0,0.36,1.84,1.02,8.38,24,0,0,0,0,0,0,0,0,0,0,0,0,0,0,0,33,4971,0.0,0.0,0.0,0.0,0.0,0.0,0.0,0.0,0.0,0,0,0,0
85,Tyler,Adams,Adams,i,Knee injury - Expected back 21 Feb,,4.9,300,186.0,0.3,329,111.0,0.0,715.0,299.0,0,0,0.0,-1,1.0,1,60,0.0,10.2,0.0,0.0,3.3,144.0,63.0,0.0,0.0,173.0,69.0,266.0,159.0,210.0,116.0,220.0,109.0,,,,,,,,0.04,0.02,0.06,1.34,0.0,0.3,1.73,1.13,10.99,24,0,0,0,0,0,0,0,0,0,0,0,0,0,0,0,3,69,0.0,0.0,0.0,0.0,0.0,0.0,0.0,0.0,0.0,0,0,0,0
86,David,Brooks,Brooks,d,Ankle injury - 50% chance of playing,,5.0,244,149.0,0.2,387,131.0,1.2,257.0,110.0,0,0,0.0,0,0.0,1,74,0.2,8.6,0.6,0.3,2.3,283.0,121.0,50.0,25.0,236.0,99.0,65.0,52.0,32.0,18.0,72.0,46.0,5.0,3.0,,,,,,0.43,0.27,0.7,1.29,0.0,0.39,1.64,1.06,6.95,24,0,0,0,0,0,0,0,0,0,0,0,0,0,0,0,2,101,0.0,0.0,0.0,0.0,0.0,0.0,0.0,0.0,0.0,0,0,0,0
87,Ryan,Christie,Christie,a,,,4.9,292,180.0,0.1,565,207.0,0.6,315.0,139.0,1,0,0.0,-1,1.0,23,7,0.1,4.3,0.6,0.6,1.5,397.0,177.0,100.0,100.0,327.0,143.0,236.0,145.0,220.0,121.0,303.0,145.0,,,,,,,,0.28,0.09,0.37,1.98,0.0,0.0,2.31,0.26,11.06,24,1,22,0,0,0,0,0,0,0,0,0,0,0,0,10,29,12,0.0,0.0,0.07,0.06999999999999984,0.8200000000000003,0.0,0.0,0.0,0.0,2,1,3,6
88,Lewis,Cook,Cook,a,,,4.9,291,179.0,0.0,586,218.0,3.6,64.0,27.0,3,0,0.0,-1,1.0,76,20,0.7,6.7,3.6,3.6,2.4,269.0,115.0,100.0,100.0,250.0,106.0,165.0,111.0,376.0,189.0,278.0,138.0,,,,,,,,0.01,0.04,0.05,1.44,0.0,0.12,1.99,0.82,14.96,24,3,90,0,0,1,0,0,0,0,0,0,0,1,0,19,127,32,0.0,0.0,0.020000000000000018,0.020000000000000018,1.4400000000000013,0.0,0.0,0.0,0.0,2,5,3,10
89,Philip,Billing,Philip,u,Has joined Midtjylland permanently.,,4.9,294,182.0,0.0,665,272.0,0.0,712.0,296.0,0,0,0.0,-1,1.0,0,0,0.0,0.0,0.0,0.0,0.0,750.0,320.0,0.0,0.0,749.0,319.0,745.0,319.0,735.0,316.0,748.0,318.0,,,,,,,,0.0,0.0,0.0,0.0,0.0,0.0,0.0,0.0,0.0,24,0,0,0,0,0,0,0,0,0,0,0,0,0,0,0,0,0,0.0,0.0,0.0,0.0,0.0,0.0,0.0,0.0,0.0,0,0,0,0
90,Alex,Scott,Scott,a,,,5.0,272,165.0,0.3,293,98.0,5.0,19.0,9.0,10,0,0.0,0,0.0,1168,98,1.0,16.2,5.0,5.0,3.4,134.0,60.0,100.0,100.0,154.0,59.0,114.0,81.0,149.0,87.0,139.0,77.0,1.0,,,,,,,0.12,0.06,0.18,1.46,0.0,0.32,1.66,1.13,11.69,24,10,90,1,0,1,0,0,0,0,0,0,0,1,0,37,1494,151,0.0,0.8200000000000001,0.010000000000000009,0.8300000000000001,1.4399999999999977,0.0,0.0,0.0,0.0,2,5,9,16
91,Luis,Sinisterra Lucumí,Sinisterra,u,Has joined Cruzeiro on loan for the rest of the season.,,5.0,252,153.0,0.0,723,308.0,0.0,739.0,315.0,0,0,0.0,0,0.0,0,1,0.0,0.0,0.0,0.0,0.0,767.0,333.0,0.0,0.0,766.0,332.0,763.0,332.0,756.0,329.0,765.0,331.0,,,,,,,,0.0,0.0,0.0,0.0,0.0,0.0,0.0,0.0,0.0,24,0,0,0,0,0,0,0,0,0,0,0,0,0,0,0,0,1,0.0,0.0,0.0,0.0,0.0,0.0,0.0,0.0,0.0,0,0,0,0
92,Romain,Faivre,Faivre,a,,,4.5,428,256.0,0.1,538,191.0,0.0,633.0,234.0,0,0,0.0,0,0.0,14,2,0.0,0.0,0.0,0.0,0.0,686.0,271.0,100.0,100.0,680.0,265.0,677.0,268.0,655.0,259.0,681.0,266.0,,,,,,,,0.0,0.0,0.0,0.0,0.0,0.0,0.0,0.0,0.0,24,0,0,0,0,0,0,0,0,0,0,0,0,0,0,0,20,4,0.0,0.0,0.0,0.0,0.0,0.0,0.0,0.0,0.0,0,0,0,0
93,Hamed,Traorè,H.Traorè,u,has joined Marseille on loan for the rest of the season.,,4.5,423,253.0,0.3,325,109.0,0.0,629.0,231.0,0,0,0.0,0,0.0,0,10,0.0,0.9,0.0,0.0,4.0,63.0,27.0,0.0,0.0,426.0,188.0,405.0,200.0,651.0,256.0,441.0,200.0,,,,,,,,0.0,0.0,0.0,2.25,0.0,0.0,11.25,0.0,22.5,24,0,0,0,0,0,0,0,0,0,0,0,0,0,0,0,0,15,0.0,0.0,0.0,0.0,0.0,0.0,0.0,0.0,0.0,0,0,0,0
94,Dominic,Sadi,Sadi,u,has joined Novi Pazar on loan for the rest of the season.,,4.5,461,280.0,0.0,634,254.0,0.0,655.0,255.0,0,0,0.0,0,0.0,0,1,0.0,0.0,0.0,0.0,0.0,706.0,290.0,0.0,0.0,701.0,285.0,698.0,287.0,677.0,278.0,701.0,285.0,,,,,,,,0.0,0.0,0.0,0.0,0.0,0.0,0.0,0.0,0.0,24,0,0,0,0,0,0,0,0,0,0,0,0,0,0,0,0,1,0.0,0.0,0.0,0.0,0.0,0.0,0.0,0.0,0.0,0,0,0,0
95,Zain,Silcott-Duberry,Silcott-Duberry,u,has joined Olympiakos permanently.,,4.4,544,326.0,0.1,568,209.0,0.0,603.0,218.0,0,0,0.0,-1,1.0,0,8,0.0,0.0,0.0,0.0,0.0,662.0,258.0,0.0,0.0,653.0,249.0,650.0,254.0,624.0,242.0,654.0,250.0,,,,,,,,0.0,0.0,0.0,0.0,0.0,0.0,0.0,0.0,0.0,24,0,0,0,0,0,0,0,0,0,0,0,0,0,0,0,0,9,0.0,0.0,0.0,0.0,0.0,0.0,0.0,0.0,0.0,0,0,0,0
96,Ben,Winterburn,Winterburn,u,has joined Barnet on loan for the rest of the season.,,4.5,490,301.0,0.0,632,252.0,0.0,680.0,273.0,0,0,0.0,0,0.0,0,0,0.0,0.2,0.0,0.0,1.0,464.0,213.0,0.0,0.0,726.0,303.0,721.0,303.0,703.0,297.0,725.0,302.0,,,,,,,,0.0,0.0,0.0,4.65,0.0,0.0,30.0,0.0,0.0,24,0,0,0,0,0,0,0,0,0,0,0,0,0,0,0,0,0,0.0,0.0,0.0,0.0,0.0,0.0,0.0,0.0,0.0,0,0,0,0
97,Francisco Evanilson,de Lima Barbosa,Evanilson,a,,,7.1,36,15.0,3.7,91,16.0,5.0,21.0,7.0,2,0,0.0,1,-1.0,2236,5038,0.7,10.4,5.0,5.0,3.4,138.0,11.0,100.0,100.0,197.0,15.0,100.0,4.0,14.0,8.0,55.0,11.0,,,,,,,,0.36,0.04,0.4,1.21,0.0,0.32,1.67,1.02,3.93,24,2,84,0,0,1,0,0,0,0,0,0,0,1,0,8,11938,6043,0.0,0.0,0.010000000000000009,0.009999999999999787,1.1799999999999997,0.0,0.0,0.0,0.0,1,3,1,5
98,Enes,Ünal,Enes Ünal,a,,,5.4,162,41.0,0.0,609,80.0,0.8,299.0,37.0,1,0,0.0,-1,1.0,41,35,0.1,2.8,0.8,0.8,1.4,409.0,48.0,100.0,100.0,402.0,44.0,430.0,55.0,291.0,49.0,403.0,49.0,,,,,,,,0.74,0.04,0.78,1.65,0.0,0.0,1.54,0.0,4.62,24,1,5,0,0,0,0,0,0,0,0,0,0,0,0,1,54,40,0.0,0.0,0.0,0.0,0.26,0.0,0.0,0.0,0.0,0,1,0,1
99,Daniel,Adu-Adjei,Adu-Adjei,u,has joined HNK Rijeka permanently.,,4.4,558,81.0,0.1,424,61.0,0.0,614.0,62.0,0,0,0.0,-1,1.0,0,7,0.0,0.0,0.0,0.0,0.0,672.0,72.0,0.0,0.0,665.0,72.0,661.0,71.0,636.0,71.0,666.0,72.0,,,,,,,,0.0,0.0,0.0,0.0,0.0,0.0,0.0,0.0,0.0,24,0,0,0,0,0,0,0,0,0,0,0,0,0,0,0,0,10,0.0,0.0,0.0,0.0,0.0,0.0,0.0,0.0,0.0,0,0,0,0
100,Junior,Kroupi,Kroupi.Jr,a,,,4.6,401,64.0,5.6,68,13.0,4.2,37.0,8.0,6,0,0.0,1,-1.0,10174,1341,0.9,13.7,4.2,4.2,3.3,142.0,12.0,,,161.0,13.0,222.0,24.0,63.0,22.0,132.0,17.0,,,,,,,,0.43,0.05,0.48,1.39,0.0,0.47,1.87,1.17,6.53,24,6,67,1,0,1,0,0,0,0,0,0,0,1,0,35,16406,2753,0.0,0.08999999999999986,0.17999999999999997,0.2699999999999996,0.6199999999999992,0.0,0.0,0.0,0.0,1,0,4,5
391,Ben,Gannon-Doak,Gannon-Doak,i,Hamstring injury - Unknown return date,,4.8,369,230.0,0.0,631,251.0,0.0,708.0,293.0,0,0,0.0,-2,2.0,1,4,0.0,1.5,0.0,0.0,1.8,352.0,158.0,0.0,0.0,427.0,189.0,390.0,194.0,378.0,191.0,431.0,194.0,,,,,,,,0.15,0.15,0.3,4.52,0.0,0.0,1.7,0.0,5.09,24,0,0,0,0,0,0,0,0,0,0,0,0,0,0,0,2,4,0.0,0.0,0.0,0.0,0.0,0.0,0.0,0.0,0.0,0,0,0,0
685,Bafodé,Diakité,Diakité,a,,,4.2,629,148.0,0.3,314,117.0,0.6,308.0,114.0,1,0,0.0,-3,3.0,50,76,0.1,11.0,0.6,0.6,2.6,240.0,94.0,100.0,100.0,171.0,71.0,308.0,102.0,350.0,117.0,273.0,91.0,,,,,,,,0.0,0.01,0.01,1.59,0.0,0.28,1.91,1.06,8.26,24,1,1,0,0,0,0,0,0,0,0,0,0,0,0,3,82,107,0.0,0.0,0.0,0.0,0.17999999999999972,0.0,0.0,0.0,0.0,0,0,0,0
687,Remy,Rees-Dottin,Rees-Dottin,a,,,4.3,613,357.0,0.1,434,146.0,0.0,581.0,206.0,0,0,0.0,-2,2.0,103,26,0.0,0.0,0.0,0.0,0.0,645.0,247.0,,,635.0,237.0,632.0,242.0,605.0,230.0,636.0,238.0,,,,,,,,0.0,0.0,0.0,0.0,0.0,0.0,0.0,0.0,0.0,24,0,0,0,0,0,0,0,0,0,0,0,0,0,0,0,141,36,0.0,0.0,0.0,0.0,0.0,0.0,0.0,0.0,0.0,0,0,0,0
697,Amine,Adli,Adli,a,,,5.4,177,109.0,0.2,365,122.0,4.4,31.0,14.0,5,0,0.0,-1,1.0,642,144,0.8,8.0,4.4,4.4,2.1,314.0,139.0,,,253.0,108.0,226.0,138.0,131.0,76.0,237.0,117.0,,6.0,,,,,,0.23,0.08,0.31,1.4,0.0,0.27,1.63,0.81,11.39,24,5,67,0,1,1,0,0,0,0,1,0,0,1,0,13,1285,229,0.0,0.30000000000000004,0.07999999999999996,0.3799999999999999,0.6199999999999992,0.0,0.0,0.0,0.0,1,2,3,6
713,Álex,Jiménez Sánchez,A.Jimenez,a,,,4.5,463,92.0,0.2,368,133.0,3.0,98.0,35.0,5,0,0.0,0,0.0,396,65,0.7,10.0,3.0,3.0,2.2,296.0,114.0,,,189.0,77.0,198.0,50.0,160.0,32.0,202.0,65.0,,,,,,,,0.06,0.05,0.11,1.62,0.0,0.19,1.91,1.02,5.29,24,5,85,0,0,1,0,0,0,0,1,0,0,1,0,21,1039,186,0.0,0.030000000000000027,0.030000000000000027,0.06000000000000005,1.1799999999999997,0.0,0.0,0.0,0.0,2,0,7,2
721,Veljko,Milosavljevic,Milosavljević,a,,,4.4,561,119.0,0.0,653,227.0,0.4,338.0,127.0,0,0,0.0,-1,1.0,6,6,0.1,4.3,0.4,0.4,2.7,230.0,91.0,100.0,100.0,323.0,126.0,391.0,143.0,381.0,138.0,379.0,134.0,,,,,,,,0.04,0.05,0.09,1.08,0.0,0.25,1.47,0.98,9.56,24,0,0,0,0,0,0,0,0,0,0,0,0,0,0,0,8,12,0.0,0.0,0.0,0.0,0.0,0.0,0.0,0.0,0.0,0,0,0,0
756,Malcom,DaCosta,DaCosta,a,,,4.5,508,314.0,0.0,739,316.0,0.0,693.0,284.0,0,0,0.0,0,0.0,2,1,0.0,0.0,0.0,0.0,0.0,739.0,314.0,,,738.0,313.0,733.0,313.0,716.0,308.0,737.0,312.0,,,,,,,,0.0,0.0,0.0,0.0,0.0,0.0,0.0,0.0,0.0,24,0,0,0,0,0,0,0,0,0,0,0,0,0,0,0,5,1,0.0,0.0,0.0,0.0,0.0,0.0,0.0,0.0,0.0,0,0,0,0
782,Fraser,Forster,Forster,a,,,4.0,650,40.0,0.0,709,82.0,0.0,475.0,54.0,0,0,0.0,0,0.0,26,9,0.0,0.0,0.0,0.0,0.0,556.0,60.0,,,546.0,60.0,537.0,47.0,501.0,32.0,546.0,60.0,,,,,,,,0.0,0.0,0.0,0.0,0.0,0.0,0.0,0.0,0.0,24,0,0,0,0,0,0,0,0,0,0,0,0,0,0,0,29,11,0.0,0.0,0.0,0.0,0.0,0.0,0.0,0.0,0.0,0,0,0,0
799,Charlie,Stevens,Stevens,a,,,4.5,505,311.0,0.0,799,355.0,0.0,691.0,282.0,0,0,0.0,0,0.0,2,1,0.0,0.0,0.0,0.0,0.0,737.0,312.0,,,736.0,311.0,731.0,311.0,713.0,305.0,735.0,310.0,,,,,,,,0.0,0.0,0.0,0.0,0.0,0.0,0.0,0.0,0.0,24,0,0,0,0,0,0,0,0,0,0,0,0,0,0,0,3,1,0.0,0.0,0.0,0.0,0.0,0.0,0.0,0.0,0.0,0,0,0,0
801,Alex,Tóth,Tóth.A,a,,,5.0,281,173.0,0.0,758,328.0,1.0,273.0,120.0,1,0,0.0,0,0.0,5,6,0.2,0.4,1.0,1.0,1.0,477.0,223.0,,,485.0,223.0,471.0,228.0,769.0,339.0,777.0,341.0,,,,,,,,0.6,0.0,0.6,4.0,0.0,0.0,0.0,0.0,50.0,24,1,4,0,0,0,0,0,0,0,0,0,0,0,0,4,7,6,0.0,0.06,0.0,0.06,0.26,0.0,0.0,0.0,0.0,1,1,3,5
806,Christos,Mandas,Mandas,a,,,4.0,668,50.0,0.0,792,92.0,0.0,489.0,62.0,0,0,0.0,0,0.0,9,0,0.0,0.0,1.4,1.4,0.0,570.0,68.0,,,560.0,68.0,553.0,57.0,518.0,42.0,560.0,68.0,,,,,,,,0.0,0.0,0.0,0.0,0.0,0.0,0.0,0.0,0.0,24,0,0,0,0,0,0,0,0,0,0,0,0,0,0,0,14,3,0.0,0.0,0.0,0.0,0.0,0.0,0.0,0.0,0.0,0,0,0,0
27,Reiss,Nelson,Nelson,a,,,4.8,355,222.0,0.1,479,166.0,0.2,388.0,177.0,0,0,0.0,-2,2.0,9,9,0.0,1.2,0.2,0.2,1.0,468.0,217.0,100.0,100.0,433.0,194.0,431.0,208.0,368.0,186.0,440.0,199.0,,,,,,,,1.1,0.13,1.23,2.18,0.0,0.0,1.8,0.0,30.6,24,0,0,0,0,0,0,0,0,0,0,0,0,0,0,0,11,10,0.0,0.0,0.0,0.0,0.0,0.0,0.0,0.0,0.0,0,0,0,0
83,Dango,Ouattara,O.Dango,a,,,5.8,112,70.0,0.3,305,104.0,0.4,353.0,156.0,0,0,0.0,-2,2.0,90,81,0.1,11.4,0.4,0.4,3.9,82.0,38.0,100.0,100.0,222.0,94.0,178.0,119.0,37.0,22.0,119.0,66.0,2.0,,,,,,,0.36,0.09,0.45,1.18,0.0,0.24,1.28,0.96,8.62,24,0,0,0,0,0,0,0,0,0,0,0,0,0,0,0,120,187,0.0,0.0,0.0,0.0,0.0,0.0,0.0,0.0,0.0,0,0,0,0
101,Caoimhín,Kelleher,Kelleher,a,,,4.6,394,19.0,10.0,43,6.0,3.4,72.0,6.0,0,0,0.0,1,-1.0,1119,1495,0.7,18.0,3.4,3.4,3.6,107.0,10.0,100.0,100.0,22.0,6.0,378.0,4.0,719.0,77.0,175.0,7.0,,,,,,,,0.0,0.0,0.0,1.35,2.65,0.22,1.39,1.0,0.0,24,0,0,0,0,0,0,0,0,0,0,0,0,0,0,0,1669,2754,0.0,0.0,0.0,0.0,0.0,0.0,0.0,0.0,0.0,0,0,0,0
102,Ellery,Balcombe,Balcombe,a,,,3.9,743,78.0,0.3,334,45.0,0.0,450.0,39.0,0,0,0.0,-1,1.0,13,17,0.0,0.0,0.0,0.0,0.0,531.0,45.0,,,521.0,45.0,512.0,32.0,475.0,17.0,521.0,45.0,,,,,,,,0.0,0.0,0.0,0.0,0.0,0.0,0.0,0.0,0.0,24,0,0,0,0,0,0,0,0,0,0,0,0,0,0,0,25,24,0.0,0.0,0.0,0.0,0.0,0.0,0.0,0.0,0.0,0,0,0,0
103,Matthew,Cox,Cox,u,has joined Shrewsbury Town on loan for the rest of the season.,,3.9,760,86.0,0.2,406,61.0,0.0,462.0,47.0,0,0,0.0,-1,1.0,0,36,0.0,0.0,0.0,0.0,0.0,543.0,53.0,0.0,0.0,533.0,53.0,524.0,40.0,487.0,25.0,533.0,53.0,,,,,,,,0.0,0.0,0.0,0.0,0.0,0.0,0.0,0.0,0.0,24,0,0,0,0,0,0,0,0,0,0,0,0,0,0,0,0,58,0.0,0.0,0.0,0.0,0.0,0.0,0.0,0.0,0.0,0,0,0,0
104,Julian,Eyestone,Eyestone,a,,,3.9,764,88.0,0.1,447,67.0,0.0,466.0,49.0,0,0,0.0,-1,1.0,5,13,0.0,0.0,0.0,0.0,0.0,547.0,55.0,,,537.0,55.0,528.0,42.0,491.0,27.0,537.0,55.0,,,,,,,,0.0,0.0,0.0,0.0,0.0,0.0,0.0,0.0,0.0,24,0,0,0,0,0,0,0,0,0,0,0,0,0,0,0,6,19,0.0,0.0,0.0,0.0,0.0,0.0,0.0,0.0,0.0,0,0,0,0
105,Hákon Rafn,Valdimarsson,Valdimarsson,a,,,3.9,761,87.0,0.6,228,29.0,0.0,463.0,48.0,0,0,0.0,-1,1.0,15,33,0.0,0.0,0.0,0.0,0.0,544.0,54.0,,,534.0,54.0,525.0,41.0,488.0,26.0,534.0,54.0,,,,,,,,0.0,0.0,0.0,0.0,0.0,0.0,0.0,0.0,0.0,24,0,0,0,0,0,0,0,0,0,0,0,0,0,0,0,20,55,0.0,0.0,0.0,0.0,0.0,0.0,0.0,0.0,0.0,0,0,0,0
106,Nathan,Collins,Collins,a,,,5.0,257,40.0,3.8,88,31.0,5.0,18.0,4.0,0,0,0.0,0,0.0,1459,1712,1.0,18.2,5.0,5.0,4.0,65.0,27.0,,,8.0,4.0,218.0,59.0,76.0,5.0,53.0,8.0,,,,,,,,0.06,0.04,0.1,1.35,0.0,0.23,1.4,0.99,10.37,24,0,0,0,0,0,0,0,0,0,0,0,0,0,0,0,2053,2931,0.0,0.0,0.0,0.0,0.0,0.0,0.0,0.0,0.0,0,0,0,0
107,Keane,Lewis-Potter,Lewis-Potter,a,,,4.9,320,53.0,2.0,132,52.0,1.6,213.0,80.0,0,0,0.0,-1,1.0,152,1192,0.3,13.7,1.6,1.6,3.2,156.0,64.0,,,246.0,101.0,163.0,41.0,136.0,24.0,208.0,68.0,,,,,,,,0.13,0.09,0.22,1.58,0.0,0.59,1.47,0.98,3.32,24,0,0,0,0,0,0,0,0,0,0,0,0,0,0,0,201,2128,0.0,0.0,0.0,0.0,0.0,0.0,0.0,0.0,0.0,0,0,0,0
108,Kristoffer,Ajer,Ajer,d,Ankle injury - 75% chance of playing,,4.4,516,102.0,0.2,383,140.0,2.2,158.0,57.0,0,0,0.0,-1,1.0,9,94,0.5,10.9,1.7,1.7,2.8,214.0,84.0,75.0,75.0,185.0,75.0,353.0,124.0,181.0,37.0,250.0,86.0,,,,,,,,0.05,0.05,0.1,1.39,0.0,0.25,1.48,1.07,9.76,24,0,0,0,0,0,0,0,0,0,0,0,0,0,0,0,9,151,0.0,0.0,0.0,0.0,0.0,0.0,0.0,0.0,0.0,0,0,0,0
109,Rico,Henry,Henry,a,,,4.3,573,127.0,0.2,403,148.0,2.0,170.0,60.0,0,0,0.0,-2,2.0,43,34,0.5,8.6,2.0,2.0,1.9,333.0,125.0,,,333.0,128.0,338.0,116.0,346.0,116.0,366.0,130.0,,,,,,,,0.02,0.04,0.06,1.8,0.0,0.31,1.47,0.84,4.92,24,0,0,0,0,0,0,0,0,0,0,0,0,0,0,0,63,46,0.0,0.0,0.0,0.0,0.0,0.0,0.0,0.0,0.0,0,0,0,0
110,Michael,Kayode,Kayode,a,,,4.5,491,95.0,0.7,221,85.0,1.6,209.0,77.0,0,0,0.0,0,0.0,115,211,0.4,14.4,1.6,1.6,2.8,217.0,86.0,,,81.0,36.0,47.0,6.0,257.0,74.0,85.0,19.0,,,,,,,,0.01,0.1,0.11,1.37,0.0,0.23,1.4,1.04,6.44,24,0,0,0,0,0,0,0,0,0,0,0,0,0,0,0,144,431,0.0,0.0,0.0,0.0,0.0,0.0,0.0,0.0,0.0,0,0,0,0
111,Ethan,Pinnock,Pinnock,a,,,4.2,627,147.0,0.1,452,166.0,0.0,543.0,230.0,0,0,0.0,-3,3.0,22,12,0.0,1.0,0.0,0.0,1.3,411.0,151.0,100.0,100.0,369.0,142.0,447.0,164.0,375.0,135.0,412.0,149.0,,,,,,,,0.0,0.02,0.02,1.26,0.0,0.0,1.97,1.18,11.45,24,0,0,0,0,0,0,0,0,0,0,0,0,0,0,0,24,16,0.0,0.0,0.0,0.0,0.0,0.0,0.0,0.0,0.0,0,0,0,0
112,Mads,Roerslev Rasmussen,Roerslev,u,Has joined Southampton permanently.,,4.5,420,82.0,0.0,695,238.0,0.0,627.0,249.0,0,0,0.0,0,0.0,0,1,0.0,0.0,0.0,0.0,0.0,682.0,253.0,0.0,0.0,676.0,253.0,672.0,253.0,649.0,252.0,677.0,253.0,,,,,,,,0.0,0.0,0.0,0.0,0.0,0.0,0.0,0.0,0.0,24,0,0,0,0,0,0,0,0,0,0,0,0,0,0,0,0,1,0.0,0.0,0.0,0.0,0.0,0.0,0.0,0.0,0.0,0,0,0,0
113,Sepp,van den Berg,Van den Berg,a,,,4.5,429,85.0,0.7,219,83.0,0.2,376.0,140.0,0,0,0.0,0,0.0,36,140,0.0,11.8,0.2,0.2,2.9,197.0,77.0,100.0,100.0,94.0,41.0,346.0,121.0,114.0,19.0,164.0,53.0,,,,,,,,0.11,0.01,0.12,1.3,0.0,0.17,1.48,0.97,9.21,24,0,0,0,0,0,0,0,0,0,0,0,0,0,0,0,53,637,0.0,0.0,0.0,0.0,0.0,0.0,0.0,0.0,0.0,0,0,0,0
115,Benjamin,Fredrick,Fredrick,u,has joined Dender on loan for the rest of the season.,,4.0,715,199.0,0.1,517,185.0,0.0,531.0,220.0,0,0,0.0,0,0.0,0,2,0.0,0.0,0.0,0.0,0.0,609.0,235.0,0.0,0.0,599.0,235.0,592.0,235.0,558.0,230.0,599.0,234.0,,,,,,,,0.0,0.0,0.0,0.0,0.0,0.0,0.0,0.0,0.0,24,0,0,0,0,0,0,0,0,0,0,0,0,0,0,0,0,2,0.0,0.0,0.0,0.0,0.0,0.0,0.0,0.0,0.0,0,0,0,0
116,Aaron,Hickey,Hickey,a,,,4.0,677,171.0,0.5,260,98.0,1.0,264.0,98.0,0,0,0.0,0,0.0,65,99,0.2,7.5,1.0,1.0,2.0,319.0,120.0,100.0,100.0,379.0,146.0,388.0,142.0,307.0,98.0,390.0,140.0,,,,,,,,0.07,0.03,0.1,0.89,0.0,0.34,1.17,1.01,5.36,24,0,0,0,0,0,0,0,0,0,0,0,0,0,0,0,102,167,0.0,0.0,0.0,0.0,0.0,0.0,0.0,0.0,0.0,0,0,0,0
117,Kim,Ji-soo,Ji-soo,u,has joined Kaiserslautern on loan for the rest of the season.,,3.9,769,226.0,0.1,505,182.0,0.0,471.0,184.0,0,0,0.0,-1,1.0,0,3,0.0,0.0,0.0,0.0,0.0,552.0,202.0,0.0,0.0,542.0,202.0,533.0,202.0,496.0,194.0,542.0,201.0,,,,,,,,0.0,0.0,0.0,0.0,0.0,0.0,0.0,0.0,0.0,24,0,0,0,0,0,0,0,0,0,0,0,0,0,0,0,0,5,0.0,0.0,0.0,0.0,0.0,0.0,0.0,0.0,0.0,0,0,0,0
118,Jayden,Meghoma,Meghoma,u,Has joined Rangers on loan for the rest of the season.,,4.0,687,177.0,0.0,605,216.0,0.0,506.0,201.0,0,0,0.0,0,0.0,0,0,0.0,0.0,0.0,0.0,0.0,586.0,218.0,0.0,0.0,576.0,218.0,569.0,218.0,534.0,212.0,576.0,217.0,,,,,,,,0.0,0.0,0.0,0.0,0.0,0.0,0.0,0.0,0.0,24,0,0,0,0,0,0,0,0,0,0,0,0,0,0,0,0,1,0.0,0.0,0.0,0.0,0.0,0.0,0.0,0.0,0.0,0,0,0,0
120,Kevin,Schade,Schade,a,,,7.1,38,22.0,2.6,114,36.0,3.0,107.0,48.0,0,0,0.0,1,-1.0,411,2903,0.4,12.4,3.0,3.0,4.0,73.0,32.0,100.0,100.0,57.0,16.0,69.0,55.0,7.0,2.0,16.0,13.0,,,3.0,,,,,0.42,0.08,0.5,1.22,0.0,0.35,1.09,1.04,6.84,24,0,0,0,0,0,0,0,0,0,0,0,0,0,0,0,558,5591,0.0,0.0,0.0,0.0,0.0,0.0,0.0,0.0,0.0,0,0,0,0
121,Mikkel,Damsgaard,Damsgaard,d,Knee injury - 75% chance of playing,,5.7,119,74.0,0.5,257,86.0,2.0,175.0,76.0,0,0,0.0,-3,3.0,4,258,0.4,10.7,1.5,1.5,3.0,191.0,84.0,75.0,75.0,145.0,53.0,21.0,20.0,121.0,71.0,58.0,38.0,1.0,3.0,,,,,,0.08,0.26,0.34,1.38,0.0,0.14,1.56,1.06,10.05,24,0,0,0,0,0,0,0,0,0,0,0,0,0,0,0,6,393,0.0,0.0,0.0,0.0,0.0,0.0,0.0,0.0,0.0,0,0,0,0
122,Antoni,Milambo,Milambo,i,Knee injury - Expected back 01 Jun,,5.2,219,136.0,0.0,646,262.0,0.0,762.0,335.0,0,0,0.0,-3,3.0,2,2,0.0,0.2,0.0,0.0,1.0,480.0,226.0,0.0,0.0,460.0,211.0,440.0,212.0,774.0,342.0,470.0,216.0,,,,,,,,0.0,0.02,0.02,2.98,0.0,0.0,6.0,2.0,8.0,24,0,0,0,0,0,0,0,0,0,0,0,0,0,0,0,3,2,0.0,0.0,0.0,0.0,0.0,0.0,0.0,0.0,0.0,0,0,0,0
123,Fábio,Freitas Gouveia Carvalho,Carvalho,i,Knee injury - Expected back 01 Jun,,4.7,384,240.0,0.1,456,155.0,0.0,698.0,288.0,0,0,0.0,-3,3.0,1,14,0.0,2.8,0.0,0.0,2.2,297.0,129.0,0.0,0.0,401.0,176.0,422.0,206.0,319.0,167.0,410.0,185.0,4.0,,4.0,,,,,0.63,0.03,0.66,1.87,0.0,0.0,3.6,0.9,7.2,24,0,0,0,0,0,0,0,0,0,0,0,0,0,0,0,1,20,0.0,0.0,0.0,0.0,0.0,0.0,0.0,0.0,0.0,0,0,0,0
124,Jordan,Henderson,Henderson,a,,,5.0,241,148.0,0.4,286,95.0,0.6,318.0,142.0,0,0,0.0,0,0.0,80,90,0.1,11.8,0.6,0.6,2.8,218.0,93.0,100.0,100.0,174.0,70.0,82.0,60.0,312.0,162.0,165.0,90.0,,,,,,,,0.02,0.13,0.15,1.23,0.0,0.27,1.39,0.99,8.28,24,0,0,0,0,0,0,0,0,0,0,0,0,0,0,0,106,138,0.0,0.0,0.0,0.0,0.0,0.0,0.0,0.0,0.0,0,0,0,0
125,Vitaly,Janelt,Janelt,a,,,4.9,302,187.0,0.3,309,105.0,4.2,39.0,17.0,0,0,0.0,-1,1.0,97,262,0.9,11.2,4.2,4.2,3.1,173.0,74.0,100.0,100.0,180.0,75.0,83.0,61.0,262.0,142.0,162.0,89.0,5.0,,,,,,,0.05,0.17,0.22,1.34,0.0,0.38,1.06,0.86,12.19,24,0,0,0,0,0,0,0,0,0,0,0,0,0,0,0,142,455,0.0,0.0,0.0,0.0,0.0,0.0,0.0,0.0,0.0,0,0,0,0
126,Mathias,Jensen,Jensen,a,,,4.9,305,189.0,0.1,511,181.0,2.0,173.0,75.0,0,0,0.0,-1,1.0,23,21,0.4,9.2,2.0,2.0,2.1,311.0,138.0,,,241.0,101.0,88.0,65.0,207.0,113.0,179.0,96.0,3.0,,5.0,,,,,0.12,0.27,0.39,1.36,0.0,0.38,1.24,1.05,8.2,24,0,0,0,0,0,0,0,0,0,0,0,0,0,0,0,29,28,0.0,0.0,0.0,0.0,0.0,0.0,0.0,0.0,0.0,0,0,0,0
127,Gustavo,Nunes Fernandes Gomes,Nunes,u,has joined Swansea City on loan for the rest of the season.,,4.9,344,214.0,0.0,691,291.0,0.0,733.0,311.0,0,0,0.0,-1,1.0,0,5,0.0,0.0,0.0,0.0,0.0,763.0,330.0,0.0,0.0,762.0,329.0,758.0,329.0,749.0,326.0,761.0,328.0,,,,,,,,0.0,0.0,0.0,0.0,0.0,0.0,0.0,0.0,0.0,24,0,0,0,0,0,0,0,0,0,0,0,0,0,0,0,0,7,0.0,0.0,0.0,0.0,0.0,0.0,0.0,0.0,0.0,0,0,0,0
128,Frank,Onyeka,Onyeka,a,,,4.8,364,226.0,0.0,596,226.0,0.0,706.0,292.0,0,0,0.0,-2,2.0,6,7,0.0,2.5,0.0,0.0,2.0,323.0,143.0,100.0,100.0,414.0,185.0,392.0,195.0,416.0,206.0,433.0,195.0,,,,,,,,0.0,0.37,0.37,2.07,0.0,0.0,2.05,0.0,10.23,24,0,0,0,0,0,0,0,0,0,0,0,0,0,0,0,9,7,0.0,0.0,0.0,0.0,0.0,0.0,0.0,0.0,0.0,0,0,0,0
129,Yehor,Yarmoliuk,Yarmoliuk,a,,,5.0,274,167.0,0.1,445,152.0,3.2,85.0,36.0,0,0,0.0,0,0.0,54,46,0.6,14.0,3.2,3.2,3.0,190.0,83.0,100.0,100.0,150.0,56.0,128.0,92.0,203.0,111.0,158.0,88.0,,,,,,,,0.06,0.06,0.12,1.37,0.0,0.26,1.45,1.09,11.37,24,0,0,0,0,0,0,0,0,0,0,0,0,0,0,0,81,69,0.0,0.0,0.0,0.0,0.0,0.0,0.0,0.0,0.0,0,0,0,0
130,Romelle,Donovan,Donovan,a,,,4.4,560,335.0,0.1,480,167.0,0.2,375.0,169.0,0,0,0.0,-1,1.0,9,11,0.0,0.2,0.2,0.2,1.0,454.0,204.0,,,463.0,213.0,400.0,198.0,412.0,204.0,450.0,204.0,,,,,,,,4.5,0.9,5.4,0.0,0.0,0.0,0.0,0.0,90.0,24,0,0,0,0,0,0,0,0,0,0,0,0,0,0,0,11,18,0.0,0.0,0.0,0.0,0.0,0.0,0.0,0.0,0.0,0,0,0,0
131,Yunus Emre,Konak,Konak,u,has joined Oxford United on loan for the rest of the season.,,4.3,617,361.0,0.2,388,132.0,0.0,584.0,209.0,0,0,0.0,-2,2.0,0,66,0.0,0.0,0.0,0.0,0.0,648.0,250.0,0.0,0.0,638.0,240.0,635.0,245.0,608.0,233.0,639.0,241.0,,,,,,,,0.0,0.0,0.0,0.0,0.0,0.0,0.0,0.0,0.0,24,0,0,0,0,0,0,0,0,0,0,0,0,0,0,0,0,102,0.0,0.0,0.0,0.0,0.0,0.0,0.0,0.0,0.0,0,0,0,0
132,Paris,Maghoma,Maghoma,u,has joined Norwich City permanently.,,4.5,418,251.0,0.0,651,265.0,0.0,625.0,229.0,0,0,0.0,0,0.0,0,27,0.0,0.0,0.0,0.0,0.0,681.0,267.0,0.0,0.0,675.0,261.0,671.0,264.0,647.0,254.0,676.0,262.0,,,,,,,,0.0,0.0,0.0,0.0,0.0,0.0,0.0,0.0,0.0,24,0,0,0,0,0,0,0,0,0,0,0,0,0,0,0,0,34,0.0,0.0,0.0,0.0,0.0,0.0,0.0,0.0,0.0,0,0,0,0
133,Myles,Peart-Harris,Peart-Harris,u,has joined Oxford United permanently.,,4.4,534,318.0,0.0,621,242.0,0.2,372.0,166.0,0,0,0.0,-1,1.0,0,7,0.0,0.2,0.0,0.0,1.0,450.0,200.0,0.0,0.0,646.0,242.0,643.0,247.0,617.0,235.0,647.0,243.0,,,,,,,,0.0,0.0,0.0,0.0,0.0,0.0,0.0,0.0,0.0,24,0,0,0,0,0,0,0,0,0,0,0,0,0,0,0,0,9,0.0,0.0,0.0,0.0,0.0,0.0,0.0,0.0,0.0,0,0,0,0
134,Ryan,Trevitt,Trevitt,u,Has joined Wigan on loan for the rest of the season,,4.5,483,296.0,0.0,768,333.0,0.0,673.0,268.0,0,0,0.0,0,0.0,0,0,0.0,0.0,0.0,0.0,0.0,721.0,300.0,0.0,0.0,719.0,298.0,714.0,298.0,696.0,292.0,718.0,297.0,,,,,,,,0.0,0.0,0.0,0.0,0.0,0.0,0.0,0.0,0.0,24,0,0,0,0,0,0,0,0,0,0,0,0,0,0,0,0,0,0.0,0.0,0.0,0.0,0.0,0.0,0.0,0.0,0.0,0,0,0,0
136,Igor Thiago,Nascimento Rodrigues,Thiago,a,,,7.2,34,14.0,35.8,6,3.0,6.6,3.0,1.0,0,0,0.0,12,-12.0,8063,24860,0.9,17.2,6.6,6.6,5.4,9.0,2.0,100.0,100.0,4.0,2.0,125.0,6.0,2.0,2.0,3.0,2.0,,,2.0,,,,,0.61,0.04,0.65,1.39,0.0,0.23,1.4,1.02,5.31,24,0,0,0,0,0,0,0,0,0,0,0,0,0,0,0,11875,37612,0.0,0.0,0.0,0.0,0.0,0.0,0.0,0.0,0.0,0,0,0,0
137,Iwan,Morgan,Morgan,u,has joined Shrewsbury on loan for the rest of the season.,,4.4,546,76.0,0.3,306,50.0,0.0,604.0,57.0,0,0,0.0,-1,1.0,0,73,0.0,0.0,0.0,0.0,0.0,663.0,67.0,0.0,0.0,655.0,67.0,651.0,66.0,626.0,66.0,656.0,67.0,,,,,,,,0.0,0.0,0.0,0.0,0.0,0.0,0.0,0.0,0.0,24,0,0,0,0,0,0,0,0,0,0,0,0,0,0,0,0,88,0.0,0.0,0.0,0.0,0.0,0.0,0.0,0.0,0.0,0,0,0,0
748,Josh,Dasilva,Dasilva,i,Knee injury - Unknown return date,,4.9,298,184.0,0.0,794,350.0,0.0,714.0,298.0,0,0,0.0,-1,1.0,0,0,0.0,0.0,0.0,0.0,0.0,751.0,321.0,0.0,0.0,750.0,320.0,746.0,320.0,736.0,317.0,749.0,319.0,,,,,,,,0.0,0.0,0.0,0.0,0.0,0.0,0.0,0.0,0.0,24,0,0,0,0,0,0,0,0,0,0,0,0,0,0,0,0,0,0.0,0.0,0.0,0.0,0.0,0.0,0.0,0.0,0.0,0,0,0,0
146,Lewis,Dunk,Dunk,a,,,4.5,405,72.0,1.0,190,75.0,3.6,62.0,24.0,4,0,0.0,0,0.0,291,102,0.8,12.7,3.6,3.6,2.5,257.0,102.0,100.0,100.0,58.0,27.0,235.0,67.0,192.0,44.0,141.0,45.0,,1.0,,,,,,0.04,0.02,0.06,1.42,0.0,0.18,1.38,0.98,7.6,24,4,90,0,0,0,1,0,0,0,0,0,0,1,0,15,431,178,0.0,0.0,0.010000000000000009,0.010000000000000009,1.1999999999999993,0.0,0.0,0.0,0.0,2,9,5,11
147,Pervis,Estupiñán Tenorio,Estupiñan,u,Has joined AC Milan permanently,,4.5,415,78.0,0.0,729,250.0,0.0,623.0,246.0,0,0,0.0,0,0.0,0,0,0.0,0.0,0.0,0.0,0.0,679.0,251.0,0.0,0.0,673.0,251.0,669.0,251.0,645.0,249.0,674.0,251.0,,,,,,,,0.0,0.0,0.0,0.0,0.0,0.0,0.0,0.0,0.0,24,0,0,0,0,0,0,0,0,0,0,0,0,0,0,0,0,0,0.0,0.0,0.0,0.0,0.0,0.0,0.0,0.0,0.0,0,0,0,0
148,Ferdi,Kadıoğlu,F.Kadıoğlu,a,,,4.4,522,107.0,0.4,275,102.0,3.2,79.0,30.0,2,0,0.0,-1,1.0,182,122,0.7,13.9,3.2,3.2,2.7,229.0,90.0,,,149.0,62.0,75.0,16.0,148.0,28.0,105.0,32.0,2.0,,,,,,,0.06,0.1,0.16,1.43,0.0,0.24,1.3,0.96,4.96,24,2,90,0,0,0,1,0,0,0,0,0,0,1,0,9,392,212,0.0,0.0,0.0900000000000003,0.08999999999999986,1.2000000000000028,0.0,0.0,0.0,0.0,4,2,2,6
149,Igor Julio,dos Santos de Paulo,Igor,a,,,4.5,419,81.0,0.1,518,186.0,0.0,626.0,248.0,0,0,0.0,0,0.0,13,18,0.0,1.3,0.0,0.0,1.5,393.0,145.0,100.0,100.0,418.0,158.0,399.0,147.0,648.0,251.0,439.0,160.0,,,,,,,,0.0,0.0,0.0,4.07,0.0,0.0,2.62,0.87,11.36,24,0,0,0,0,0,0,0,0,0,0,0,0,0,0,0,17,23,0.0,0.0,0.0,0.0,0.0,0.0,0.0,0.0,0.0,0,0,0,0
150,Tariq,Lamptey,Lamptey,u,has joined Fiorentina permanently.,,4.4,524,109.0,0.1,497,179.0,0.0,592.0,243.0,0,0,0.0,-1,1.0,0,1,0.0,0.0,0.0,0.0,0.0,653.0,250.0,0.0,0.0,643.0,250.0,640.0,250.0,614.0,248.0,644.0,250.0,,,,,,,,0.0,0.0,0.0,0.0,0.0,0.0,0.0,0.0,0.0,24,0,0,0,0,0,0,0,0,0,0,0,0,0,0,0,0,3,0.0,0.0,0.0,0.0,0.0,0.0,0.0,0.0,0.0,0,0,0,0
151,Jan Paul,van Hecke,Van Hecke,a,,,4.5,437,87.0,4.4,81,27.0,3.6,63.0,25.0,2,0,0.0,0,0.0,1505,926,0.8,19.3,3.6,3.6,3.8,89.0,33.0,100.0,100.0,6.0,2.0,180.0,47.0,83.0,7.0,47.0,5.0,,,,,,,,0.09,0.04,0.13,1.43,0.0,0.17,1.39,1.0,8.35,24,2,90,0,0,0,1,0,0,0,0,0,0,1,0,9,2806,1936,0.0,0.0,0.20000000000000007,0.19999999999999973,1.1999999999999993,0.0,0.0,0.0,0.0,0,9,3,9
152,Joël,Veltman,Veltman,a,,,4.3,567,122.0,0.1,411,150.0,1.8,183.0,64.0,1,0,0.0,-2,2.0,21,60,0.4,7.0,1.8,1.8,2.3,279.0,109.0,100.0,100.0,239.0,98.0,276.0,87.0,278.0,84.0,287.0,96.0,,,,,,,,0.13,0.01,0.14,1.63,0.0,0.13,1.43,0.91,10.13,24,1,20,0,0,0,1,0,0,0,0,0,0,0,0,0,38,79,0.0,0.0,0.0,0.0,0.7799999999999994,0.0,0.0,0.0,0.0,0,3,1,3
153,Adam,Webster,Webster,i,Knee injury - Unknown return date,,4.4,515,101.0,0.0,742,252.0,0.0,588.0,240.0,0,0,0.0,-1,1.0,2,5,0.0,0.0,0.0,0.0,0.0,650.0,248.0,0.0,0.0,640.0,248.0,637.0,248.0,611.0,246.0,641.0,248.0,,,,,,,,0.0,0.0,0.0,0.0,0.0,0.0,0.0,0.0,0.0,24,0,0,0,0,0,0,0,0,0,0,0,0,0,0,0,4,6,0.0,0.0,0.0,0.0,0.0,0.0,0.0,0.0,0.0,0,0,0,0
154,Eiran,Cashin,Cashin,u,has joined Blackburn Rovers on loan for the rest of the season.,,4.0,669,167.0,0.0,760,257.0,0.0,490.0,193.0,0,0,0.0,0,0.0,0,0,0.0,0.0,0.0,0.0,0.0,571.0,211.0,0.0,0.0,561.0,211.0,554.0,211.0,519.0,205.0,561.0,210.0,,,,,,,,0.0,0.0,0.0,0.0,0.0,0.0,0.0,0.0,0.0,24,0,0,0,0,0,0,0,0,0,0,0,0,0,0,0,0,0,0.0,0.0,0.0,0.0,0.0,0.0,0.0,0.0,0.0,0,0,0,0
155,Jacob,Slater,Slater,u,has joined Harrogate Town on loan until January.,,4.0,709,193.0,0.1,486,176.0,0.0,526.0,215.0,0,0,0.0,0,0.0,0,2,0.0,0.0,0.0,0.0,0.0,604.0,230.0,0.0,0.0,594.0,230.0,587.0,230.0,553.0,225.0,594.0,229.0,,,,,,,,0.0,0.0,0.0,0.0,0.0,0.0,0.0,0.0,0.0,24,0,0,0,0,0,0,0,0,0,0,0,0,0,0,0,0,3,0.0,0.0,0.0,0.0,0.0,0.0,0.0,0.0,0.0,0,0,0,0
156,Charlie,Tasker,Tasker,a,,,3.8,797,253.0,0.1,413,152.0,0.0,430.0,170.0,0,0,0.0,-2,2.0,22,12,0.0,0.0,0.0,0.0,0.0,513.0,190.0,,,503.0,190.0,493.0,190.0,455.0,181.0,503.0,189.0,,,,,,,,0.0,0.0,0.0,0.0,0.0,0.0,0.0,0.0,0.0,24,0,0,0,0,0,0,0,0,0,0,0,0,0,0,0,28,21,0.0,0.0,0.0,0.0,0.0,0.0,0.0,0.0,0.0,0,0,0,0
157,Mitoma,Kaoru,Mitoma,a,,,6.1,83,55.0,2.1,126,43.0,3.4,74.0,30.0,2,0,0.0,-4,4.0,405,463,0.6,6.6,3.4,3.4,2.9,207.0,89.0,100.0,100.0,248.0,105.0,93.0,70.0,104.0,62.0,153.0,85.0,,,,,,,,0.18,0.15,0.33,1.32,0.0,0.18,1.15,0.98,4.89,24,2,90,0,0,0,1,0,0,0,0,0,0,1,0,8,862,782,0.0,0.3699999999999999,0.20999999999999996,0.5800000000000001,1.1999999999999993,0.0,0.0,0.0,0.0,1,0,7,8
158,Georginio,Rutter,Georginio,a,,,5.6,132,81.0,0.4,264,89.0,2.6,136.0,61.0,1,0,0.0,-4,4.0,73,255,0.5,11.2,2.6,2.6,2.9,204.0,86.0,100.0,100.0,188.0,79.0,89.0,66.0,44.0,26.0,82.0,50.0,,,,,,,,0.13,0.13,0.26,1.16,0.0,0.38,0.95,1.08,6.21,24,1,59,0,0,0,0,0,0,0,0,0,0,1,0,2,128,523,0.0,0.09999999999999987,0.03000000000000025,0.13000000000000034,0.0799999999999983,0.0,0.0,0.0,0.0,1,2,1,4
159,Solly,March,March,i,Lack of match fitness - Unknown return date,,5.8,105,67.0,0.0,741,317.0,0.0,791.0,352.0,0,0,0.0,-2,2.0,5,2,0.0,0.0,0.0,0.0,0.0,796.0,354.0,0.0,0.0,796.0,354.0,796.0,354.0,794.0,353.0,796.0,354.0,,,,,,,,0.0,0.0,0.0,0.0,0.0,0.0,0.0,0.0,0.0,24,0,0,0,0,0,0,0,0,0,0,0,0,0,0,0,6,6,0.0,0.0,0.0,0.0,0.0,0.0,0.0,0.0,0.0,0,0,0,0
160,Yankuba,Minteh,Minteh,a,,,5.7,123,76.0,2.5,115,37.0,0.6,321.0,145.0,1,0,0.0,-3,3.0,377,1617,0.1,14.4,0.6,0.6,3.7,104.0,50.0,100.0,100.0,137.0,47.0,24.0,23.0,22.0,10.0,26.0,21.0,1.0,,,,,,,0.16,0.16,0.32,1.39,0.0,0.34,1.4,1.01,6.84,24,1,30,0,0,0,1,0,0,0,0,0,0,0,0,7,715,3235,0.0,0.050000000000000266,0.0,0.05000000000000071,1.1199999999999974,0.0,0.0,0.0,0.0,1,1,3,5
161,Julio,Enciso Espínola,Enciso,u,has joined Strasbourg permanently.,,5.4,175,108.0,0.0,730,310.0,0.0,779.0,343.0,0,0,0.0,-1,1.0,0,0,0.0,0.0,0.0,0.0,0.0,789.0,349.0,0.0,0.0,788.0,348.0,787.0,348.0,783.0,347.0,788.0,348.0,,,,,,,,0.0,0.0,0.0,0.0,0.0,0.0,0.0,0.0,0.0,24,0,0,0,0,0,0,0,0,0,0,0,0,0,0,0,0,0,0.0,0.0,0.0,0.0,0.0,0.0,0.0,0.0,0.0,0,0,0,0
162,Brajan,Gruda,Gruda,a,,,5.4,180,112.0,0.1,552,201.0,1.2,261.0,112.0,0,0,0.0,-1,1.0,26,17,0.2,6.5,1.2,1.2,1.9,344.0,152.0,100.0,100.0,287.0,129.0,110.0,78.0,137.0,80.0,199.0,105.0,,,,,,,,0.24,0.11,0.35,1.76,0.0,0.25,1.4,1.02,7.37,24,0,0,0,0,0,0,0,0,0,0,0,0,0,0,0,35,25,0.0,0.0,0.0,0.0,0.0,0.0,0.0,0.0,0.0,0,0,0,0
163,Jack,Hinshelwood,Hinshelwood,a,,,5.1,239,146.0,0.0,584,217.0,1.4,239.0,101.0,0,0,0.0,-4,4.0,24,26,0.3,7.1,1.4,1.4,2.8,220.0,94.0,100.0,100.0,289.0,131.0,305.0,173.0,227.0,124.0,301.0,144.0,,,,,,,,0.1,0.05,0.15,2.15,0.0,0.14,1.79,0.96,8.93,24,0,0,0,0,0,0,0,0,0,0,0,0,0,0,0,33,46,0.0,0.0,0.0,0.0,0.0,0.0,0.0,0.0,0.0,0,0,0,0
164,Matt,O'Riley,O'Riley,u,has joined Marseille on loan for the rest of the season.,,5.5,143,89.0,0.3,299,100.0,0.0,785.0,349.0,0,0,0.0,0,0.0,0,13,0.0,2.2,0.0,0.0,6.0,3.0,1.0,0.0,0.0,374.0,164.0,277.0,162.0,273.0,146.0,351.0,167.0,,,,,,,,0.62,0.09,0.71,1.08,0.0,0.51,1.02,1.02,4.58,24,0,0,0,0,0,0,0,0,0,0,0,0,0,0,0,0,16,0.0,0.0,0.0,0.0,0.0,0.0,0.0,0.0,0.0,0,0,0,0
228,Malo,Gusto,Gusto,a,,,4.9,334,55.0,2.0,133,53.0,1.2,256.0,96.0,1,0,0.0,-1,1.0,820,825,0.2,15.3,1.2,1.2,3.6,110.0,40.0,100.0,100.0,157.0,65.0,120.0,30.0,191.0,43.0,155.0,49.0,,,,,,,,0.08,0.06,0.14,1.59,0.0,0.41,1.17,0.96,5.28,24,1,80,0,0,0,2,0,0,0,0,0,0,1,0,5,1218,1193,0.0,0.0,0.030000000000000027,0.029999999999999805,0.9200000000000017,0.0,0.0,0.0,0.0,0,1,5,1
229,Benoît,Badiashile Mukinayi,B.Badiashile,a,,,4.4,527,112.0,0.1,577,209.0,1.2,250.0,94.0,0,0,0.0,-1,1.0,124,60,0.3,1.6,1.2,1.2,0.9,487.0,169.0,100.0,100.0,344.0,132.0,419.0,153.0,426.0,161.0,404.0,146.0,,,,,,,,0.0,0.01,0.01,1.42,0.0,0.0,1.91,1.15,9.38,24,0,45,0,0,0,2,0,0,0,0,0,0,1,0,6,324,91,0.0,0.0,0.009999999999999995,0.009999999999999995,0.5099999999999998,0.0,0.0,0.0,0.0,1,7,1,8
230,Wesley,Fofana,Fofana,a,,,4.4,532,115.0,0.4,277,104.0,1.0,265.0,99.0,4,0,0.0,-1,1.0,321,201,0.2,10.5,1.0,1.0,3.5,120.0,44.0,100.0,100.0,181.0,73.0,385.0,140.0,353.0,120.0,298.0,100.0,,,,,,,,0.03,0.05,0.08,1.47,0.0,0.42,0.95,0.95,12.37,24,4,45,0,1,0,0,0,0,0,0,0,0,0,0,23,436,389,0.0,0.0,0.41,0.41,0.6099999999999994,0.0,0.0,0.0,0.0,0,2,1,2
231,Mamadou,Sarr,M.Sarr,u,Has joined RC Strasbourg on loan for the rest of the season.,,4.5,472,94.0,0.0,743,253.0,0.0,664.0,252.0,0,0,0.0,0,0.0,0,0,0.0,0.0,0.0,0.0,0.0,713.0,256.0,0.0,0.0,710.0,256.0,706.0,256.0,687.0,255.0,710.0,256.0,,,,,,,,0.0,0.0,0.0,0.0,0.0,0.0,0.0,0.0,0.0,24,0,0,0,0,0,0,0,0,0,0,0,0,0,0,0,0,0,0.0,0.0,0.0,0.0,0.0,0.0,0.0,0.0,0.0,0,0,0,0
232,Tosin,Adarabioyo,Tosin,i,Hamstring injury - Unknown return date,,4.0,655,160.0,0.3,331,121.0,0.6,303.0,109.0,0,0,0.0,-5,5.0,3,100,0.2,7.5,0.0,0.0,2.7,228.0,89.0,0.0,0.0,205.0,83.0,350.0,122.0,360.0,124.0,309.0,105.0,,,,,,,,0.01,0.05,0.06,1.4,0.0,0.26,1.41,0.89,11.12,24,0,0,0,0,0,0,0,0,0,0,0,0,0,0,0,3,147,0.0,0.0,0.0,0.0,0.0,0.0,0.0,0.0,0.0,0,0,0,0
233,Josh,Acheampong,Acheampong,a,,,3.8,801,257.0,1.2,172,65.0,0.8,285.0,101.0,0,0,0.0,-2,2.0,157,351,0.2,8.2,0.8,0.8,3.4,125.0,46.0,100.0,100.0,313.0,121.0,364.0,131.0,268.0,77.0,345.0,120.0,,,,,,,,0.11,0.02,0.13,2.27,0.0,0.38,1.71,1.14,6.09,24,0,0,0,0,0,0,0,0,0,0,0,0,0,0,0,275,562,0.0,0.0,0.0,0.0,0.0,0.0,0.0,0.0,0.0,0,0,0,0
235,Cole,Palmer,Palmer,a,,,10.4,3,2.0,11.9,34,13.0,2.8,126.0,59.0,2,0,0.0,-1,1.0,4760,3256,0.3,4.5,2.8,2.8,3.6,117.0,55.0,100.0,100.0,226.0,96.0,199.0,130.0,86.0,53.0,184.0,97.0,,1.0,1.0,,,,,0.45,0.05,0.5,1.68,0.0,0.21,1.28,1.17,7.26,24,2,90,0,0,0,2,0,0,0,0,0,0,1,0,9,8642,4418,0.0,0.6500000000000004,0.04999999999999999,0.7000000000000002,1.1199999999999992,0.0,0.0,0.0,0.0,1,1,3,5
236,Pedro,Lomba Neto,Neto,a,,,7.1,35,21.0,6.1,62,22.0,3.0,106.0,47.0,2,0,0.0,1,-1.0,1270,5337,0.4,13.5,3.0,3.0,4.0,72.0,31.0,100.0,100.0,78.0,24.0,10.0,10.0,30.0,16.0,15.0,12.0,1.0,4.0,,,,,,0.17,0.23,0.4,1.19,0.0,0.48,0.77,1.01,4.29,24,2,64,0,0,0,1,0,0,0,0,0,0,0,0,17,2390,6904,0.0,0.0,0.5199999999999996,0.5199999999999996,0.9299999999999997,0.0,0.0,0.0,0.0,0,0,1,1
237,Enzo,Fernández,Enzo,a,,,6.7,49,31.0,19.5,18,6.0,6.4,4.0,3.0,6,0,0.0,2,-2.0,29286,1837,1.0,16.7,6.4,6.4,4.9,18.0,8.0,100.0,100.0,19.0,5.0,9.0,9.0,11.0,5.0,5.0,3.0,3.0,3.0,2.0,,,,,0.41,0.18,0.59,1.32,0.0,0.37,1.1,1.01,7.56,24,6,90,1,0,0,2,0,0,0,1,0,0,1,0,34,50671,3644,0.0,0.3200000000000003,0.05999999999999961,0.3800000000000008,1.120000000000001,0.0,0.0,0.0,0.0,1,3,3,7
238,Estêvão,Almeida de Oliveira Gonçalves,Estêvão,a,,,6.4,62,41.0,2.7,111,33.0,2.8,123.0,56.0,0,0,0.0,-1,1.0,2019,2589,0.4,8.1,2.8,2.8,2.9,208.0,90.0,100.0,100.0,247.0,104.0,124.0,89.0,65.0,41.0,135.0,74.0,4.0,,3.0,,,,,0.37,0.28,0.65,1.08,0.0,0.4,1.07,1.2,5.87,24,0,0,0,0,0,0,0,0,0,0,0,0,0,0,0,4382,2907,0.0,0.0,0.0,0.0,0.0,0.0,0.0,0.0,0.0,0,0,0,0
239,Jamie,Bynoe-Gittens,Gittens,d,Muscle injury - 75% chance of playing,,6.0,88,56.0,0.1,455,154.0,0.4,356.0,159.0,1,0,0.0,-5,5.0,36,29,0.1,4.2,0.3,0.4,1.6,385.0,172.0,75.0,100.0,329.0,144.0,181.0,120.0,228.0,125.0,288.0,140.0,,,,,,,,0.15,0.17,0.32,1.65,0.0,0.19,1.3,0.93,5.37,24,1,25,0,0,0,1,0,0,0,0,0,0,1,0,4,50,35,0.0,0.0,0.0,0.0,0.19000000000000128,0.0,0.0,0.0,0.0,0,0,0,0
240,Christopher,Nkunku,Nkunku,u,has joined AC Milan permanently.,,5.9,97,62.0,0.1,506,179.0,0.0,793.0,354.0,0,0,0.0,-1,1.0,0,4,0.0,0.0,0.0,0.0,0.0,797.0,355.0,0.0,0.0,797.0,355.0,797.0,355.0,797.0,355.0,797.0,355.0,,,,,,,,0.0,0.0,0.0,0.0,0.0,0.0,0.0,0.0,0.0,24,0,0,0,0,0,0,0,0,0,0,0,0,0,0,0,0,4,0.0,0.0,0.0,0.0,0.0,0.0,0.0,0.0,0.0,0,0,0,0
241,Moisés,Caicedo Corozo,Caicedo,a,,,5.7,121,75.0,8.0,50,18.0,2.8,121.0,55.0,3,0,0.0,2,-2.0,1704,1735,0.5,13.9,2.8,2.8,4.2,56.0,23.0,100.0,100.0,77.0,23.0,122.0,87.0,236.0,128.0,121.0,67.0,,,,,,,,0.06,0.06,0.12,1.39,0.0,0.34,1.24,1.02,13.21,24,3,90,0,0,0,2,0,0,0,1,0,0,1,0,14,2483,2282,0.0,0.06000000000000005,0.08000000000000007,0.1399999999999999,1.120000000000001,0.0,0.0,0.0,0.0,2,5,9,16
243,Tyrique,George,George,a,,,4.8,373,234.0,0.1,557,205.0,0.0,709.0,294.0,0,0,0.0,-2,2.0,14,14,0.0,0.8,0.0,0.0,1.0,471.0,219.0,,,446.0,202.0,421.0,205.0,287.0,151.0,416.0,187.0,,,,,,,,0.2,0.05,0.25,1.05,0.0,0.63,1.27,0.0,1.9,24,0,0,0,0,0,0,0,0,0,0,0,0,0,0,0,15,17,0.0,0.0,0.0,0.0,0.0,0.0,0.0,0.0,0.0,0,0,0,0
244,Roméo,Lavia,Lavia,i,Thigh injury - Unknown return date,,4.9,339,209.0,0.0,689,289.0,0.0,731.0,309.0,0,0,0.0,-1,1.0,0,1,0.0,0.8,0.0,0.0,1.0,474.0,221.0,0.0,0.0,442.0,198.0,417.0,203.0,432.0,214.0,451.0,205.0,,,,,,,,0.0,0.04,0.04,2.39,0.0,0.0,2.57,0.86,9.43,24,0,0,0,0,0,0,0,0,0,0,0,0,0,0,0,0,1,0.0,0.0,0.0,0.0,0.0,0.0,0.0,0.0,0.0,0,0,0,0
245,Mykhailo,Mudryk,Mudryk,s,Suspended - unknown return date,,4.9,331,204.0,0.0,733,312.0,0.0,728.0,307.0,0,0,0.0,-1,1.0,4,2,0.0,0.0,0.0,0.0,0.0,761.0,329.0,0.0,0.0,760.0,328.0,756.0,328.0,747.0,325.0,759.0,327.0,,,,,,,,0.0,0.0,0.0,0.0,0.0,0.0,0.0,0.0,0.0,24,0,0,0,0,0,0,0,0,0,0,0,0,0,0,0,5,3,0.0,0.0,0.0,0.0,0.0,0.0,0.0,0.0,0.0,0,0,0,0
246,Andrey,Nascimento dos Santos,Andrey Santos,a,,,4.5,455,274.0,0.3,321,106.0,1.2,251.0,107.0,0,0,0.0,0,0.0,53,122,0.3,4.9,1.2,1.2,1.3,415.0,184.0,100.0,100.0,307.0,136.0,229.0,141.0,279.0,147.0,310.0,149.0,,,,,,,,0.24,0.07,0.31,1.43,0.0,0.14,0.85,0.85,11.92,24,0,0,0,0,0,0,0,0,0,0,0,0,0,0,0,100,158,0.0,0.0,0.0,0.0,0.0,0.0,0.0,0.0,0.0,0,0,0,0
247,Dário,Luís Essugo,D.Essugo,i,Knock - Expected back 21 Feb,,4.3,590,343.0,0.1,576,214.0,0.0,564.0,193.0,0,0,0.0,-2,2.0,3,13,0.0,0.0,0.0,0.0,0.0,631.0,236.0,0.0,0.0,621.0,226.0,617.0,231.0,588.0,217.0,622.0,227.0,,,,,,,,0.0,0.0,0.0,0.0,0.0,0.0,0.0,0.0,0.0,24,0,0,0,0,0,0,0,0,0,0,0,0,0,0,0,4,19,0.0,0.0,0.0,0.0,0.0,0.0,0.0,0.0,0.0,0,0,0,0
248,Kendry,Páez Andrade,Paez,u,Has joined RC Strasbourg on loan for the rest of the season.,,4.5,493,303.0,0.0,765,331.0,0.0,681.0,274.0,0,0,0.0,0,0.0,0,0,0.0,0.0,0.0,0.0,0.0,728.0,305.0,0.0,0.0,727.0,304.0,722.0,304.0,704.0,298.0,726.0,303.0,,,,,,,,0.0,0.0,0.0,0.0,0.0,0.0,0.0,0.0,0.0,24,0,0,0,0,0,0,0,0,0,0,0,0,0,0,0,0,0,0.0,0.0,0.0,0.0,0.0,0.0,0.0,0.0,0.0,0,0,0,0
249,João Pedro,Junqueira de Jesus,João Pedro,a,,,7.3,29,10.0,36.2,5,2.0,6.0,8.0,2.0,7,0,0.0,-2,2.0,55258,2885,0.8,15.2,6.0,6.0,4.6,30.0,3.0,,,45.0,4.0,44.0,1.0,15.0,9.0,17.0,4.0,,,,,,,,0.4,0.08,0.48,1.26,0.0,0.47,0.89,1.04,5.28,24,7,45,1,1,0,0,0,0,0,1,0,0,0,0,38,86179,5007,0.0,0.5,0.1200000000000001,0.6199999999999992,0.6099999999999994,0.0,0.0,0.0,0.0,1,1,1,3
250,Liam,Delap,Delap,a,,,6.2,76,25.0,1.0,189,30.0,3.4,75.0,10.0,5,0,0.0,-3,3.0,311,242,0.5,5.0,3.4,3.4,2.1,316.0,32.0,100.0,100.0,383.0,40.0,321.0,35.0,82.0,24.0,285.0,34.0,,,,,,,,0.44,0.02,0.46,1.32,0.0,0.26,1.58,1.19,3.04,24,5,90,0,1,0,2,0,0,0,0,0,0,1,0,9,580,334,0.0,0.8999999999999999,0.009999999999999981,0.9099999999999997,1.1199999999999992,0.0,0.0,0.0,0.0,1,0,1,2
251,Nicolas,Jackson,N.Jackson,u,has joined Bayern Munich on loan for the rest of the season.,,6.5,55,19.0,0.1,519,74.0,0.0,800.0,87.0,0,0,0.0,0,0.0,0,3,0.0,0.0,0.0,0.0,0.0,804.0,90.0,0.0,0.0,804.0,90.0,804.0,90.0,804.0,90.0,804.0,90.0,,,,,,,,0.0,0.0,0.0,0.0,0.0,0.0,0.0,0.0,0.0,24,0,0,0,0,0,0,0,0,0,0,0,0,0,0,0,0,3,0.0,0.0,0.0,0.0,0.0,0.0,0.0,0.0,0.0,0,0,0,0
252,Marc,Guiu Paz,Marc Guiu,a,,,4.2,635,87.0,6.2,59,11.0,0.0,549.0,48.0,0,0,0.0,-3,3.0,574,2142,0.0,2.9,0.0,0.0,1.3,412.0,49.0,100.0,100.0,420.0,46.0,337.0,41.0,241.0,45.0,377.0,45.0,,,,,,,,0.53,0.11,0.64,2.06,0.0,0.0,0.73,0.36,2.55,24,0,0,0,0,0,0,0,0,0,0,0,0,0,0,0,1144,3812,0.0,0.0,0.0,0.0,0.0,0.0,0.0,0.0,0.0,0,0,0,0
453,Alejandro,Garnacho Ferreyra,Garnacho,a,,,6.4,61,40.0,0.5,245,83.0,0.4,360.0,163.0,1,0,0.0,-1,1.0,263,471,0.1,6.4,0.4,0.4,2.7,238.0,104.0,,,284.0,127.0,99.0,74.0,68.0,44.0,146.0,80.0,,,,,,,,0.26,0.27,0.53,1.65,0.0,0.42,1.26,1.26,5.02,24,1,45,0,0,0,2,0,0,0,0,0,0,1,0,7,409,667,0.0,0.0,0.040000000000000036,0.040000000000000036,0.5099999999999998,0.0,0.0,0.0,0.0,1,0,4,5
672,Jorrel,Hato,Hato,a,,,4.6,400,71.0,0.2,397,145.0,0.8,291.0,107.0,0,0,0.0,-4,4.0,48,20,0.2,1.5,0.8,0.8,0.8,491.0,171.0,100.0,100.0,384.0,148.0,357.0,127.0,367.0,130.0,395.0,141.0,,,,,,,,0.06,0.02,0.08,1.42,0.0,0.0,2.0,0.86,8.57,24,0,45,0,0,0,2,0,0,0,0,0,0,1,0,4,67,25,0.0,0.0,0.009999999999999995,0.010000000000000009,0.5100000000000007,0.0,0.0,0.0,0.0,3,2,2,5
789,Max,Merrick,Merrick,a,,,4.0,694,62.0,0.0,771,87.0,0.0,511.0,74.0,0,0,0.0,0,0.0,0,3,0.0,0.0,0.0,0.0,0.0,591.0,80.0,,,581.0,80.0,574.0,69.0,539.0,54.0,581.0,80.0,,,,,,,,0.0,0.0,0.0,0.0,0.0,0.0,0.0,0.0,0.0,24,0,0,0,0,0,0,0,0,0,0,0,0,0,0,0,0,3,0.0,0.0,0.0,0.0,0.0,0.0,0.0,0.0,0.0,0,0,0,0
803,Teddy,Sharman-Lowe,Sharman-Lowe,a,,,4.0,688,59.0,0.0,806,93.0,0.0,507.0,71.0,0,0,0.0,0,0.0,2,2,0.0,0.0,0.0,0.0,0.0,587.0,77.0,,,577.0,77.0,570.0,66.0,535.0,51.0,577.0,77.0,,,,,,,,0.0,0.0,0.0,0.0,0.0,0.0,0.0,0.0,0.0,24,0,0,0,0,0,0,0,0,0,0,0,0,0,0,0,3,2,0.0,0.0,0.0,0.0,0.0,0.0,0.0,0.0,0.0,0,0,0,0
253,Dean,Henderson,Henderson,a,,,5.0,245,8.0,7.4,54,8.0,2.4,145.0,14.0,0,0,0.0,0,0.0,574,1145,0.5,16.4,2.4,2.4,3.6,111.0,11.0,,,32.0,9.0,410.0,11.0,754.0,86.0,186.0,8.0,,,,,,,,0.0,0.0,0.0,1.39,2.78,0.35,1.22,1.0,0.0,24,0,0,0,0,0,0,0,0,0,0,0,0,0,0,0,701,1850,0.0,0.0,0.0,0.0,0.0,0.0,0.0,0.0,0.0,0,0,0,0
254,Walter,Benítez,Benitez,a,,,4.0,657,45.0,0.3,316,43.0,0.0,480.0,58.0,0,0,0.0,0,0.0,35,23,0.0,0.0,0.0,0.0,0.0,561.0,64.0,100.0,100.0,551.0,64.0,543.0,52.0,507.0,37.0,551.0,64.0,,,,,,,,0.0,0.0,0.0,0.0,0.0,0.0,0.0,0.0,0.0,24,0,0,0,0,0,0,0,0,0,0,0,0,0,0,0,43,32,0.0,0.0,0.0,0.0,0.0,0.0,0.0,0.0,0.0,0,0,0,0
255,Remi,Matthews,Matthews,a,,,3.9,737,75.0,0.1,466,71.0,0.0,447.0,36.0,0,0,0.0,-1,1.0,6,7,0.0,0.0,0.0,0.0,0.0,528.0,42.0,,,518.0,42.0,509.0,29.0,472.0,14.0,518.0,42.0,,,,,,,,0.0,0.0,0.0,0.0,0.0,0.0,0.0,0.0,0.0,24,0,0,0,0,0,0,0,0,0,0,0,0,0,0,0,8,11,0.0,0.0,0.0,0.0,0.0,0.0,0.0,0.0,0.0,0,0,0,0
256,Daniel,Muñoz Mejía,Muñoz,a,,,5.8,108,9.0,6.4,57,19.0,0.2,406.0,149.0,0,0,0.0,3,-3.0,3780,650,0.0,15.5,0.2,0.2,6.0,4.0,2.0,100.0,100.0,100.0,44.0,179.0,46.0,73.0,4.0,110.0,35.0,,,,,,,,0.12,0.14,0.26,1.28,0.0,0.47,0.94,1.01,7.21,24,0,0,0,0,0,0,0,0,0,0,0,0,0,0,0,6821,1390,0.0,0.0,0.0,0.0,0.0,0.0,0.0,0.0,0.0,0,0,0,0
257,Maxence,Lacroix,Lacroix,a,,,5.1,233,33.0,5.7,66,21.0,2.6,134.0,46.0,0,0,0.0,1,-1.0,2240,1776,0.5,19.6,2.6,2.6,4.3,45.0,20.0,,,23.0,9.0,269.0,83.0,155.0,31.0,100.0,29.0,,,,,,,,0.06,0.03,0.09,1.39,0.0,0.35,1.22,1.0,10.52,24,0,0,0,0,0,0,0,0,0,0,0,0,0,0,0,2886,2708,0.0,0.0,0.0,0.0,0.0,0.0,0.0,0.0,0.0,0,0,0,0
258,Tyrick,Mitchell,Mitchell,a,,,5.0,254,39.0,2.0,129,49.0,1.6,215.0,81.0,0,0,0.0,0,0.0,339,388,0.3,17.0,1.6,1.6,3.7,101.0,37.0,,,66.0,29.0,74.0,15.0,153.0,30.0,76.0,18.0,,,,,,,,0.04,0.06,0.1,1.41,0.0,0.35,1.24,1.02,7.24,24,0,0,0,0,0,0,0,0,0,0,0,0,0,0,0,435,615,0.0,0.0,0.0,0.0,0.0,0.0,0.0,0.0,0.0,0,0,0,0
259,Borna,Sosa,Sosa,d,Muscle injury - 50% chance of playing,,4.8,358,60.0,0.1,451,165.0,0.4,342.0,128.0,0,0,0.0,-2,2.0,1,63,0.1,1.0,0.2,0.0,1.0,469.0,167.0,50.0,0.0,437.0,163.0,394.0,145.0,415.0,155.0,445.0,162.0,,,,,,,,0.0,0.1,0.1,1.41,0.0,0.0,1.7,0.0,11.89,24,0,0,0,0,0,0,0,0,0,0,0,0,0,0,0,2,69,0.0,0.0,0.0,0.0,0.0,0.0,0.0,0.0,0.0,0,0,0,0
261,Chris,Richards,Richards,a,,,4.4,529,114.0,2.0,130,50.0,1.8,187.0,67.0,0,0,0.0,-1,1.0,1297,225,0.4,19.1,1.8,1.8,4.4,34.0,14.0,100.0,100.0,47.0,20.0,264.0,80.0,217.0,55.0,140.0,44.0,,,,,,,,0.04,0.06,0.1,1.34,0.0,0.37,1.27,1.0,10.68,24,0,0,0,0,0,0,0,0,0,0,0,0,0,0,0,2652,915,0.0,0.0,0.0,0.0,0.0,0.0,0.0,0.0,0.0,0,0,0,0
262,Chadi,Riad Dnanou,Chadi Riad,a,,,4.0,692,180.0,0.0,661,230.0,0.8,286.0,102.0,0,0,0.0,0,0.0,27,5,0.2,1.0,0.8,0.8,4.0,62.0,26.0,100.0,100.0,424.0,160.0,402.0,148.0,387.0,143.0,436.0,158.0,,,,,,,,0.58,0.0,0.58,0.0,0.0,0.0,0.0,0.0,0.0,24,0,0,0,0,0,0,0,0,0,0,0,0,0,0,0,47,11,0.0,0.0,0.0,0.0,0.0,0.0,0.0,0.0,0.0,0,0,0,0
263,Nathaniel,Clyne,Clyne,a,,,3.8,773,230.0,0.6,237,88.0,0.2,363.0,133.0,0,0,0.0,-2,2.0,58,92,0.1,3.7,0.2,0.2,2.0,318.0,119.0,100.0,100.0,355.0,135.0,322.0,108.0,331.0,107.0,367.0,131.0,,,,,,,,0.09,0.12,0.21,1.24,0.0,0.0,1.72,1.29,7.32,24,0,0,0,0,0,0,0,0,0,0,0,0,0,0,0,114,239,0.0,0.0,0.0,0.0,0.0,0.0,0.0,0.0,0.0,0,0,0,0
269,Romain,Esse,Esse,u,has joined Coventry City on loan for the rest of the season.,,4.7,391,245.0,0.1,442,149.0,0.2,386.0,175.0,0,0,0.0,-3,3.0,0,32,0.0,0.9,0.0,0.0,1.0,467.0,216.0,0.0,0.0,448.0,203.0,435.0,209.0,405.0,199.0,458.0,210.0,,,,,,,,0.0,0.09,0.09,3.92,0.0,0.0,0.0,0.0,11.25,24,0,0,0,0,0,0,0,0,0,0,0,0,0,0,0,0,39,0.0,0.0,0.0,0.0,0.0,0.0,0.0,0.0,0.0,0,0,0,0
270,Will,Hughes,Hughes,a,,,4.7,377,235.0,0.1,470,160.0,2.2,160.0,70.0,0,0,0.0,-3,3.0,27,12,0.5,6.8,2.2,2.2,1.6,379.0,168.0,100.0,100.0,290.0,132.0,121.0,86.0,272.0,145.0,253.0,124.0,5.0,,,,,,,0.07,0.1,0.17,1.43,0.0,0.37,1.11,1.02,8.71,24,0,0,0,0,0,0,0,0,0,0,0,0,0,0,0,36,22,0.0,0.0,0.0,0.0,0.0,0.0,0.0,0.0,0.0,0,0,0,0
271,Daichi,Kamada,Kamada,d,Hamstring injury - 50% chance of playing,,5.0,249,151.0,0.1,524,187.0,0.0,738.0,314.0,0,0,0.0,0,0.0,0,11,0.0,9.0,0.0,0.0,3.2,157.0,66.0,50.0,0.0,277.0,123.0,152.0,104.0,198.0,108.0,236.0,116.0,2.0,,,,,,,0.07,0.12,0.19,1.1,0.0,0.46,0.85,1.08,9.73,24,0,0,0,0,0,0,0,0,0,0,0,0,0,0,0,1,17,0.0,0.0,0.0,0.0,0.0,0.0,0.0,0.0,0.0,0,0,0,0
272,Jefferson,Lerma Solís,Lerma,a,,,4.9,290,178.0,0.1,546,197.0,0.8,294.0,131.0,0,0,0.0,-1,1.0,9,6,0.2,7.3,0.8,0.8,1.8,353.0,159.0,100.0,100.0,269.0,118.0,195.0,129.0,146.0,85.0,238.0,118.0,,,,,,,,0.08,0.07,0.15,1.25,0.0,0.39,1.06,0.87,10.63,24,0,0,0,0,0,0,0,0,0,0,0,0,0,0,0,14,10,0.0,0.0,0.0,0.0,0.0,0.0,0.0,0.0,0.0,0,0,0,0
273,Adam,Wharton,Wharton,a,,,5.0,268,162.0,0.6,232,81.0,1.4,237.0,100.0,0,0,0.0,0,0.0,47,679,0.3,13.2,1.4,0.0,3.1,175.0,76.0,100.0,0.0,152.0,57.0,23.0,22.0,211.0,117.0,77.0,47.0,3.0,,,,,,,0.05,0.25,0.3,1.44,0.0,0.31,1.41,1.1,10.74,24,0,0,0,0,0,0,0,0,0,0,0,0,0,0,0,50,1039,0.0,0.0,0.0,0.0,0.0,0.0,0.0,0.0,0.0,0,0,0,0
274,Asher,Agbinone,Agbinone,a,,,4.3,608,353.0,0.1,560,206.0,0.0,576.0,202.0,0,0,0.0,-2,2.0,28,11,0.0,0.0,0.0,0.0,0.0,641.0,244.0,,,631.0,234.0,628.0,239.0,600.0,226.0,632.0,235.0,,,,,,,,0.0,0.0,0.0,0.0,0.0,0.0,0.0,0.0,0.0,24,0,0,0,0,0,0,0,0,0,0,0,0,0,0,0,40,16,0.0,0.0,0.0,0.0,0.0,0.0,0.0,0.0,0.0,0,0,0,0
275,Naouirou,Ahamada,Ahamada,u,has joined AJ Auxerre permanently.,,4.3,583,340.0,0.0,611,234.0,0.0,562.0,191.0,0,0,0.0,-2,2.0,0,12,0.0,0.0,0.0,0.0,0.0,629.0,234.0,0.0,0.0,619.0,224.0,615.0,229.0,586.0,215.0,620.0,225.0,,,,,,,,0.0,0.0,0.0,0.0,0.0,0.0,0.0,0.0,0.0,24,0,0,0,0,0,0,0,0,0,0,0,0,0,0,0,0,17,0.0,0.0,0.0,0.0,0.0,0.0,0.0,0.0,0.0,0,0,0,0
276,Justin,Devenny,Devenny,i,Ankle injury - Expected back 22 Feb,,4.3,587,342.0,1.4,155,51.0,1.2,248.0,106.0,0,0,0.0,-2,2.0,55,1239,0.3,6.7,0.0,0.0,1.6,376.0,166.0,0.0,0.0,335.0,148.0,228.0,140.0,127.0,74.0,271.0,133.0,,2.0,,,,,,0.36,0.05,0.41,1.53,0.0,0.15,1.52,0.76,7.28,24,0,0,0,0,0,0,0,0,0,0,0,0,0,0,0,70,2137,0.0,0.0,0.0,0.0,0.0,0.0,0.0,0.0,0.0,0,0,0,0
277,Malcolm,Ebiowei,Ebiowei,u,Has joined Blackpool permanently.,,4.5,430,257.0,0.0,780,341.0,0.0,634.0,235.0,0,0,0.0,0,0.0,0,0,0.0,0.0,0.0,0.0,0.0,687.0,272.0,0.0,0.0,681.0,266.0,678.0,269.0,656.0,260.0,682.0,267.0,,,,,,,,0.0,0.0,0.0,0.0,0.0,0.0,0.0,0.0,0.0,24,0,0,0,0,0,0,0,0,0,0,0,0,0,0,0,0,0,0.0,0.0,0.0,0.0,0.0,0.0,0.0,0.0,0.0,0,0,0,0
278,Jesurun,Rak-Sakyi,J.Rak-Sakyi,a,,,4.4,535,319.0,0.0,641,259.0,0.0,597.0,212.0,0,0,0.0,-1,1.0,3,3,0.0,0.0,0.0,0.0,0.0,656.0,252.0,100.0,100.0,647.0,243.0,644.0,248.0,618.0,236.0,648.0,244.0,,,,,,,,0.0,0.0,0.0,0.0,0.0,0.0,0.0,0.0,0.0,24,0,0,0,0,0,0,0,0,0,0,0,0,0,0,0,8,5,0.0,0.0,0.0,0.0,0.0,0.0,0.0,0.0,0.0,0,0,0,0
279,Matheus,França de Oliveira,M.França,u,Has joined CR Vasco da Gama on loan for the rest of the season.,,4.5,458,277.0,0.0,749,321.0,0.0,653.0,253.0,0,0,0.0,0,0.0,0,1,0.0,0.0,0.0,0.0,0.0,704.0,288.0,0.0,0.0,699.0,283.0,696.0,285.0,675.0,276.0,699.0,283.0,,,,,,,,0.0,0.0,0.0,0.0,0.0,0.0,0.0,0.0,0.0,24,0,0,0,0,0,0,0,0,0,0,0,0,0,0,0,0,3,0.0,0.0,0.0,0.0,0.0,0.0,0.0,0.0,0.0,0,0,0,0
280,David,Ozoh,Ozoh,u,Has joined Derby County on loan for the rest of the season.,,4.5,454,273.0,0.0,798,354.0,0.0,651.0,251.0,0,0,0.0,0,0.0,0,0,0.0,0.0,0.0,0.0,0.0,702.0,286.0,0.0,0.0,697.0,281.0,694.0,283.0,673.0,274.0,697.0,281.0,,,,,,,,0.0,0.0,0.0,0.0,0.0,0.0,0.0,0.0,0.0,24,0,0,0,0,0,0,0,0,0,0,0,0,0,0,0,0,0,0.0,0.0,0.0,0.0,0.0,0.0,0.0,0.0,0.0,0,0,0,0
281,Kaden,Rodney,Rodney,a,,,4.4,545,327.0,0.0,589,221.0,0.2,373.0,167.0,0,0,0.0,-1,1.0,6,5,0.0,0.2,0.2,0.2,1.0,451.0,201.0,,,654.0,250.0,469.0,227.0,625.0,243.0,655.0,251.0,,,,,,,,0.0,0.0,0.0,19.5,0.0,0.0,0.0,0.0,0.0,24,0,0,0,0,0,0,0,0,0,0,0,0,0,0,0,6,9,0.0,0.0,0.0,0.0,0.0,0.0,0.0,0.0,0.0,0,0,0,0
282,Franco,Umeh-Chibueze,Umeh,u,has joined Portsmouth permanently.,,4.5,471,287.0,0.0,687,287.0,0.0,663.0,261.0,0,0,0.0,0,0.0,0,2,0.0,0.0,0.0,0.0,0.0,712.0,294.0,0.0,0.0,709.0,291.0,705.0,292.0,686.0,285.0,709.0,291.0,,,,,,,,0.0,0.0,0.0,0.0,0.0,0.0,0.0,0.0,0.0,24,0,0,0,0,0,0,0,0,0,0,0,0,0,0,0,0,3,0.0,0.0,0.0,0.0,0.0,0.0,0.0,0.0,0.0,0,0,0,0
283,Jean-Philippe,Mateta,Mateta,a,,,7.5,21,7.0,8.8,46,9.0,1.6,226.0,28.0,0,0,0.0,0,0.0,176,15233,0.2,11.2,1.6,0.0,3.7,105.0,9.0,100.0,0.0,69.0,5.0,197.0,19.0,4.0,4.0,27.0,6.0,,,2.0,,,,,0.56,0.06,0.62,1.26,0.0,0.38,1.09,1.09,5.2,24,0,0,0,0,0,0,0,0,0,0,0,0,0,0,0,182,20417,0.0,0.0,0.0,0.0,0.0,0.0,0.0,0.0,0.0,0,0,0,0
284,Eddie,Nketiah,Nketiah,i,Hamstring injury - Unknown return date,,5.4,167,42.0,0.3,300,49.0,0.0,774.0,80.0,0,0,0.0,-1,1.0,11,146,0.0,4.3,0.0,0.0,1.9,342.0,35.0,0.0,0.0,299.0,29.0,247.0,26.0,119.0,30.0,259.0,30.0,,,,,,,,0.38,0.1,0.48,2.06,0.0,0.0,2.61,0.43,8.26,24,0,0,0,0,0,0,0,0,0,0,0,0,0,0,0,11,212,0.0,0.0,0.0,0.0,0.0,0.0,0.0,0.0,0.0,0,0,0,0
285,Odsonne,Édouard,Édouard,u,has joined RC Lens permanently.,,5.0,247,53.0,0.2,361,58.0,0.0,737.0,75.0,0,0,0.0,0,0.0,0,6,0.0,0.2,0.0,0.0,1.0,476.0,57.0,0.0,0.0,469.0,54.0,762.0,83.0,755.0,83.0,484.0,59.0,,,,,,,,0.0,0.0,0.0,12.15,0.0,0.0,0.0,0.0,45.0,24,0,0,0,0,0,0,0,0,0,0,0,0,0,0,0,0,6,0.0,0.0,0.0,0.0,0.0,0.0,0.0,0.0,0.0,0,0,0,0
286,Zach,Marsh,Marsh,a,,,4.4,552,79.0,0.3,313,51.0,0.0,610.0,60.0,0,0,0.0,-1,1.0,51,58,0.0,0.0,0.0,0.0,0.0,668.0,70.0,,,661.0,70.0,657.0,69.0,632.0,69.0,662.0,70.0,,,,,,,,0.0,0.0,0.0,0.0,0.0,0.0,0.0,0.0,0.0,24,0,0,0,0,0,0,0,0,0,0,0,0,0,0,0,71,73,0.0,0.0,0.0,0.0,0.0,0.0,0.0,0.0,0.0,0,0,0,0
580,Brennan,Johnson,Johnson,a,,,6.5,51,33.0,2.5,116,38.0,1.4,244.0,104.0,0,0,0.0,-5,5.0,248,334,0.2,6.3,1.4,1.4,2.0,330.0,150.0,,,264.0,114.0,186.0,124.0,128.0,75.0,223.0,111.0,,,,,,,,0.15,0.04,0.19,1.61,0.0,0.39,1.07,0.97,6.21,24,0,0,0,0,0,0,0,0,0,0,0,0,0,0,0,352,470,0.0,0.0,0.0,0.0,0.0,0.0,0.0,0.0,0.0,0,0,0,0
290,Jarrad,Branthwaite,Branthwaite,a,,,5.3,200,25.0,0.2,398,146.0,0.4,350.0,131.0,1,0,0.0,-2,2.0,284,36,0.1,0.4,0.4,0.4,1.0,481.0,168.0,100.0,100.0,439.0,164.0,393.0,144.0,418.0,156.0,444.0,161.0,,,,,,,,0.01,0.02,0.03,0.99,0.0,0.0,0.68,0.68,4.06,24,1,88,0,0,0,1,0,0,0,1,0,0,1,0,3,366,41,0.0,0.02,0.009999999999999998,0.030000000000000002,1.29,0.0,0.0,0.0,0.0,1,4,5,5
291,James,Tarkowski,Tarkowski,a,,,5.8,103,7.0,14.2,27,9.0,4.0,49.0,18.0,2,0,0.0,3,-3.0,4225,4773,0.7,19.7,4.0,4.0,4.8,22.0,11.0,,,10.0,5.0,146.0,36.0,122.0,21.0,57.0,9.0,,,,,,,,0.05,0.05,0.1,1.44,0.0,0.38,1.12,1.0,11.04,24,2,90,0,0,0,1,0,0,0,0,0,0,1,0,12,6856,6954,0.0,0.09000000000000008,0.07999999999999985,0.16999999999999993,1.2899999999999991,0.0,0.0,0.0,0.0,2,5,1,7
292,Vitalii,Mykolenko,Mykolenko,d,Knock - 75% chance of playing,,4.9,313,51.0,0.8,206,79.0,2.0,174.0,62.0,0,0,0.0,-1,1.0,74,849,0.4,13.1,1.5,2.0,3.2,155.0,63.0,75.0,100.0,121.0,51.0,109.0,28.0,284.0,87.0,159.0,51.0,,,,,,,,0.01,0.07,0.08,1.42,0.0,0.35,1.25,1.0,7.02,24,0,0,0,0,0,0,0,0,0,0,0,0,0,0,0,196,1047,0.0,0.0,0.0,0.0,0.0,0.0,0.0,0.0,0.0,0,0,0,0
293,Jake,O'Brien,O'Brien,a,,,4.9,337,56.0,0.8,201,77.0,4.0,43.0,16.0,5,0,0.0,-1,1.0,432,186,0.8,17.3,4.0,4.0,3.5,122.0,45.0,,,97.0,42.0,145.0,35.0,224.0,59.0,142.0,46.0,,,,,,,,0.03,0.03,0.06,1.5,0.0,0.36,1.15,0.98,6.83,24,5,90,0,1,0,1,0,0,0,0,0,0,1,0,19,635,426,0.0,0.08000000000000007,0.05999999999999994,0.14000000000000012,1.2899999999999991,0.0,0.0,0.0,0.0,1,3,4,4
294,Séamus,Coleman,Coleman,a,,,4.2,620,142.0,0.1,485,175.0,0.0,542.0,229.0,0,0,0.0,-3,3.0,14,11,0.0,0.7,0.0,0.0,1.0,443.0,165.0,100.0,100.0,610.0,244.0,466.0,171.0,570.0,240.0,611.0,244.0,,,,,,,,0.0,0.0,0.0,1.96,0.0,0.0,0.0,8.18,0.0,24,0,0,0,0,0,0,0,0,0,0,0,0,0,0,0,18,11,0.0,0.0,0.0,0.0,0.0,0.0,0.0,0.0,0.0,0,0,0,0
295,Michael,Keane,Keane,a,,,4.7,376,63.0,4.0,85,28.0,1.4,234.0,90.0,2,0,0.0,2,-2.0,1286,1153,0.3,20.9,1.4,1.4,4.9,17.0,8.0,100.0,100.0,30.0,13.0,363.0,130.0,116.0,20.0,109.0,34.0,,,,,,,,0.09,0.01,0.1,1.5,0.0,0.31,1.33,1.02,10.35,24,2,90,0,0,0,1,0,0,0,0,0,0,1,0,15,1960,2787,0.0,0.07000000000000006,0.0,0.06999999999999984,1.2900000000000027,0.0,0.0,0.0,0.0,2,7,3,9
296,Nathan,Patterson,Patterson,a,,,4.4,528,113.0,0.0,606,217.0,2.4,141.0,50.0,1,0,0.0,-1,1.0,16,32,0.5,4.8,2.4,2.4,3.5,119.0,43.0,100.0,100.0,371.0,143.0,423.0,155.0,366.0,129.0,409.0,148.0,,,,,,,,0.01,0.02,0.03,1.35,0.0,0.76,0.38,1.14,11.39,24,1,1,0,0,0,0,0,0,0,0,0,0,0,0,3,29,41,0.0,0.0,0.0,0.0,0.0,0.0,0.0,0.0,0.0,1,0,1,1
297,Roman,Dixon,Dixon,a,,,3.8,788,244.0,0.2,380,139.0,0.0,423.0,163.0,0,0,0.0,-2,2.0,9,14,0.0,0.0,0.0,0.0,0.0,507.0,184.0,,,496.0,183.0,485.0,182.0,447.0,173.0,496.0,182.0,,,,,,,,0.0,0.0,0.0,0.0,0.0,0.0,0.0,0.0,0.0,24,0,0,0,0,0,0,0,0,0,0,0,0,0,0,0,13,18,0.0,0.0,0.0,0.0,0.0,0.0,0.0,0.0,0.0,0,0,0,0
298,Reece,Welch,Welch,a,,,3.8,786,242.0,0.1,422,158.0,0.0,421.0,161.0,0,0,0.0,-2,2.0,7,12,0.0,0.0,0.0,0.0,0.0,505.0,182.0,,,494.0,181.0,483.0,180.0,445.0,171.0,494.0,180.0,,,,,,,,0.0,0.0,0.0,0.0,0.0,0.0,0.0,0.0,0.0,24,0,0,0,0,0,0,0,0,0,0,0,0,0,0,0,11,15,0.0,0.0,0.0,0.0,0.0,0.0,0.0,0.0,0.0,0,0,0,0
299,Iliman,Ndiaye,Ndiaye,a,,,6.2,75,49.0,4.1,84,28.0,0.8,301.0,136.0,2,0,0.0,-3,3.0,1230,1052,0.1,12.4,0.8,0.8,4.3,48.0,20.0,100.0,100.0,99.0,32.0,85.0,63.0,51.0,30.0,60.0,40.0,,,1.0,,,,,0.2,0.18,0.38,1.29,0.0,0.35,1.24,1.06,9.75,24,2,90,0,0,0,1,0,0,0,0,0,0,1,0,10,2804,2037,0.0,0.0,0.009999999999999787,0.009999999999999787,1.2899999999999991,0.0,0.0,0.0,0.0,5,1,5,11
300,Dwight,McNeil,McNeil,a,,,5.5,146,91.0,0.2,384,129.0,1.8,200.0,88.0,0,0,0.0,-5,5.0,25,147,0.3,5.3,1.8,1.8,2.1,315.0,140.0,,,352.0,157.0,185.0,123.0,303.0,159.0,318.0,153.0,,,,,,,,0.07,0.1,0.17,1.78,0.0,0.44,0.59,1.02,7.76,24,0,0,0,0,0,0,0,0,0,0,0,0,0,0,0,43,226,0.0,0.0,0.0,0.0,0.0,0.0,0.0,0.0,0.0,0,0,0,0
301,Carlos,Alcaraz Durán,Alcaraz,a,,,5.2,218,135.0,0.1,498,175.0,0.2,399.0,184.0,1,0,0.0,-3,3.0,12,4,0.0,5.0,0.2,0.2,1.6,384.0,171.0,100.0,100.0,346.0,153.0,168.0,114.0,135.0,79.0,257.0,125.0,,,,,,,,0.14,0.06,0.2,1.76,0.0,0.4,1.08,0.81,8.64,24,1,11,0,0,0,0,0,0,0,0,0,0,0,0,7,14,36,0.0,0.0,0.010000000000000009,0.010000000000000009,0.02999999999999936,0.0,0.0,0.0,0.0,1,0,3,4
302,Idrissa Gana,Gueye,Gana,a,,,5.4,157,98.0,0.1,490,172.0,1.6,222.0,95.0,2,0,0.0,-1,1.0,50,18,0.3,9.6,1.6,1.6,3.5,123.0,57.0,100.0,100.0,193.0,83.0,164.0,110.0,176.0,102.0,200.0,106.0,,,,,,,,0.09,0.06,0.15,1.37,0.0,0.22,1.11,1.11,9.22,24,2,79,0,0,0,1,0,0,0,0,0,0,1,0,8,82,23,0.0,0.0,0.020000000000000018,0.020000000000000018,1.2600000000000016,0.0,0.0,0.0,0.0,0,1,1,2
303,James,Garner,Garner,a,,,5.2,212,132.0,4.6,79,27.0,4.0,45.0,20.0,4,0,0.0,2,-2.0,3073,2557,0.8,20.2,4.0,4.0,4.4,38.0,16.0,,,21.0,6.0,20.0,19.0,118.0,69.0,31.0,25.0,3.0,3.0,,,,,,0.07,0.13,0.2,1.45,0.0,0.38,1.13,1.0,12.42,24,4,90,0,0,0,1,0,0,0,0,0,0,1,0,14,4553,4624,0.0,0.0,0.06999999999999984,0.07000000000000028,1.2899999999999991,0.0,0.0,0.0,0.0,6,4,8,18
304,Tim,Iroegbunam,Iroegbunam,a,,,4.8,367,229.0,0.0,616,238.0,2.2,161.0,71.0,0,0,0.0,-2,2.0,4,14,0.5,10.2,2.2,0.6,2.7,232.0,99.0,100.0,25.0,257.0,111.0,256.0,155.0,298.0,155.0,296.0,143.0,,,,,,,,0.03,0.06,0.09,1.45,0.0,0.68,0.87,1.06,12.15,24,0,10,0,0,0,0,0,0,0,1,0,0,0,0,155,4,21,0.0,0.0,0.0,0.0,0.02999999999999936,0.0,0.0,0.0,0.0,0,1,1,2
305,Harrison,Armstrong,Armstrong,a,,,4.5,492,302.0,0.1,539,192.0,2.2,159.0,69.0,2,0,0.0,0,0.0,68,14,0.5,2.7,2.2,2.2,2.0,322.0,142.0,100.0,100.0,412.0,183.0,347.0,182.0,382.0,192.0,414.0,186.0,,,,,,,,0.0,0.04,0.04,1.36,0.0,0.29,1.15,1.15,9.46,24,2,79,0,0,0,1,0,0,0,0,0,0,1,0,11,99,20,0.0,0.0,0.010000000000000009,0.010000000000000009,1.2600000000000002,0.0,0.0,0.0,0.0,3,2,5,10
306,Callum,Bates,Bates,a,,,4.3,605,351.0,0.1,513,183.0,0.0,573.0,200.0,0,0,0.0,-2,2.0,25,22,0.0,0.0,0.0,0.0,0.0,639.0,242.0,,,629.0,232.0,626.0,237.0,598.0,224.0,630.0,233.0,,,,,,,,0.0,0.0,0.0,0.0,0.0,0.0,0.0,0.0,0.0,24,0,0,0,0,0,0,0,0,0,0,0,0,0,0,0,43,27,0.0,0.0,0.0,0.0,0.0,0.0,0.0,0.0,0.0,0,0,0,0
307,Coby,Ebere,Ebere,a,,,4.4,540,323.0,0.0,602,231.0,0.0,600.0,215.0,0,0,0.0,-1,1.0,5,9,0.0,0.0,0.0,0.0,0.0,659.0,255.0,,,650.0,246.0,647.0,251.0,621.0,239.0,651.0,247.0,,,,,,,,0.0,0.0,0.0,0.0,0.0,0.0,0.0,0.0,0.0,24,0,0,0,0,0,0,0,0,0,0,0,0,0,0,0,9,10,0.0,0.0,0.0,0.0,0.0,0.0,0.0,0.0,0.0,0,0,0,0
308,Isaac,Heath,Heath,u,has joined Accrington on loan for the rest of the season.,,4.5,448,268.0,0.0,683,284.0,0.0,646.0,246.0,0,0,0.0,0,0.0,0,0,0.0,0.0,0.0,0.0,0.0,697.0,281.0,0.0,0.0,692.0,276.0,689.0,278.0,668.0,269.0,692.0,276.0,,,,,,,,0.0,0.0,0.0,0.0,0.0,0.0,0.0,0.0,0.0,24,0,0,0,0,0,0,0,0,0,0,0,0,0,0,0,0,0,0.0,0.0,0.0,0.0,0.0,0.0,0.0,0.0,0.0,0,0,0,0
321,Jorge,Cuenca Barreno,J.Cuenca,a,,,4.3,580,132.0,0.1,561,201.0,2.0,171.0,61.0,0,0,0.0,-2,2.0,18,8,0.5,7.9,2.0,2.0,3.4,127.0,48.0,,,229.0,92.0,367.0,132.0,380.0,137.0,326.0,110.0,,,,,,,,0.01,0.01,0.02,1.3,0.0,0.24,0.84,1.08,11.12,24,0,0,0,0,0,0,0,0,0,0,0,0,0,0,0,25,21,0.0,0.0,0.0,0.0,0.0,0.0,0.0,0.0,0.0,0,0,0,0
322,Kenny,Tete,Tete,d,Lack of match fitness - 75% chance of playing,,4.5,410,75.0,0.3,320,119.0,0.0,621.0,245.0,0,0,0.0,0,0.0,4,115,0.0,14.4,0.0,0.0,4.1,58.0,25.0,75.0,75.0,116.0,50.0,175.0,43.0,246.0,69.0,181.0,59.0,,,,,,,,0.03,0.06,0.09,1.32,0.0,0.33,1.2,1.07,8.42,24,0,0,0,0,0,0,0,0,0,0,0,0,0,0,0,4,244,0.0,0.0,0.0,0.0,0.0,0.0,0.0,0.0,0.0,0,0,0,0
323,Samuel,Amissah,Amissah,a,,,3.8,804,259.0,0.1,419,156.0,0.0,435.0,174.0,0,0,0.0,-2,2.0,9,12,0.0,0.0,0.0,0.0,0.0,517.0,193.0,,,507.0,193.0,497.0,193.0,460.0,185.0,507.0,192.0,,,,,,,,0.0,0.0,0.0,0.0,0.0,0.0,0.0,0.0,0.0,24,0,0,0,0,0,0,0,0,0,0,0,0,0,0,0,11,14,0.0,0.0,0.0,0.0,0.0,0.0,0.0,0.0,0.0,0,0,0,0
324,Alex,Iwobi,Iwobi,a,,,6.3,64,43.0,0.7,208,70.0,0.4,358.0,161.0,0,0,0.0,-2,2.0,217,67,0.1,9.2,0.4,0.4,3.4,137.0,62.0,100.0,100.0,165.0,64.0,40.0,38.0,141.0,82.0,84.0,52.0,5.0,,,,,,,0.05,0.13,0.18,1.4,0.0,0.19,1.59,1.08,6.67,24,0,0,0,0,0,0,0,0,0,0,0,0,0,0,0,261,115,0.0,0.0,0.0,0.0,0.0,0.0,0.0,0.0,0.0,0,0,0,0
325,Emile,Smith Rowe,Smith Rowe,a,,,5.6,129,79.0,0.6,233,82.0,2.4,149.0,64.0,0,0,0.0,-4,4.0,153,210,0.4,9.6,2.4,2.4,2.3,287.0,125.0,100.0,100.0,218.0,91.0,113.0,80.0,81.0,52.0,134.0,73.0,,,,,,,,0.26,0.06,0.32,1.54,0.0,0.26,1.2,0.95,7.31,24,0,0,0,0,0,0,0,0,0,0,0,0,0,0,0,193,398,0.0,0.0,0.0,0.0,0.0,0.0,0.0,0.0,0.0,0,0,0,0
327,Andreas,Hoelgebaum Pereira,Andreas,u,has joined Palmeiras permanently.,,5.3,188,115.0,0.1,549,199.0,0.0,765.0,336.0,0,0,0.0,-2,2.0,0,0,0.0,0.0,0.0,0.0,0.0,783.0,345.0,0.0,0.0,782.0,344.0,781.0,344.0,776.0,343.0,782.0,344.0,,,,,,,,0.0,0.0,0.0,0.0,0.0,0.0,0.0,0.0,0.0,24,0,0,0,0,0,0,0,0,0,0,0,0,0,0,0,0,1,0.0,0.0,0.0,0.0,0.0,0.0,0.0,0.0,0.0,0,0,0,0
328,Ryan,Sessegnon,Sessegnon,a,,,5.4,164,102.0,0.2,408,138.0,1.0,276.0,123.0,0,0,0.0,-1,1.0,34,39,0.2,11.3,1.0,1.0,3.8,92.0,41.0,100.0,100.0,172.0,68.0,191.0,127.0,159.0,92.0,187.0,98.0,,,,,,,,0.07,0.1,0.17,1.28,0.0,0.3,1.55,1.03,10.34,24,0,0,0,0,0,0,0,0,0,0,0,0,0,0,0,35,93,0.0,0.0,0.0,0.0,0.0,0.0,0.0,0.0,0.0,0,0,0,0
329,Harry,Wilson,Wilson,a,,,6.1,80,53.0,24.3,14,5.0,5.4,13.0,6.0,0,0,0.0,6,-6.0,12822,2787,0.9,18.7,5.4,5.4,5.2,12.0,6.0,100.0,100.0,37.0,10.0,35.0,33.0,27.0,14.0,20.0,16.0,3.0,3.0,3.0,,,,,0.21,0.15,0.36,1.24,0.0,0.32,1.13,1.08,6.18,24,0,0,0,0,0,0,0,0,0,0,0,0,0,0,0,17692,7447,0.0,0.0,0.0,0.0,0.0,0.0,0.0,0.0,0.0,0,0,0,0
330,Sander,Berge,Berge,a,,,4.9,304,188.0,0.1,514,184.0,2.8,113.0,50.0,0,0,0.0,-1,1.0,17,17,0.6,11.6,2.8,2.8,2.5,259.0,112.0,,,120.0,42.0,92.0,69.0,299.0,156.0,149.0,82.0,,,,,,,,0.03,0.04,0.07,1.39,0.0,0.24,1.42,1.04,8.85,24,0,0,0,0,0,0,0,0,0,0,0,0,0,0,0,29,32,0.0,0.0,0.0,0.0,0.0,0.0,0.0,0.0,0.0,0,0,0,0
331,Tom,Cairney,Cairney,a,,,4.8,348,217.0,0.0,630,250.0,1.2,252.0,108.0,0,0,0.0,-2,2.0,3,5,0.3,4.8,1.2,1.2,1.5,396.0,176.0,100.0,100.0,349.0,155.0,253.0,152.0,295.0,153.0,339.0,163.0,,,,,,,,0.17,0.05,0.22,1.62,0.0,0.0,1.63,0.61,6.92,24,0,0,0,0,0,0,0,0,0,0,0,0,0,0,0,3,10,0.0,0.0,0.0,0.0,0.0,0.0,0.0,0.0,0.0,0,0,0,0
332,Saša,Lukić,Lukić,i,Hamstring injury - Expected back 22 Feb,,4.9,308,191.0,0.1,548,198.0,1.0,270.0,117.0,0,0,0.0,-1,1.0,0,23,0.2,10.2,0.0,0.0,2.6,243.0,105.0,0.0,0.0,191.0,81.0,48.0,41.0,188.0,107.0,118.0,65.0,1.0,,,,,,,0.13,0.1,0.23,1.37,0.0,0.3,1.27,1.12,9.46,24,0,0,0,0,0,0,0,0,0,0,0,0,0,0,0,0,29,0.0,0.0,0.0,0.0,0.0,0.0,0.0,0.0,0.0,0,0,0,0
333,Martial,Godo,Godo,u,has joined Strasbourg permanently.,,4.5,470,286.0,0.0,657,270.0,0.0,662.0,260.0,0,0,0.0,0,0.0,0,0,0.0,0.0,0.0,0.0,0.0,711.0,293.0,0.0,0.0,708.0,290.0,704.0,291.0,685.0,284.0,708.0,290.0,,,,,,,,0.0,0.0,0.0,0.0,0.0,0.0,0.0,0.0,0.0,24,0,0,0,0,0,0,0,0,0,0,0,0,0,0,0,0,1,0.0,0.0,0.0,0.0,0.0,0.0,0.0,0.0,0.0,0,0,0,0
334,Luke,Harris,Harris,u,Has joined Oxford United on loan for the rest of the season.,,4.5,452,271.0,0.0,793,349.0,0.0,649.0,249.0,0,0,0.0,0,0.0,0,0,0.0,0.0,0.0,0.0,0.0,700.0,284.0,0.0,0.0,695.0,279.0,692.0,281.0,671.0,272.0,695.0,279.0,,,,,,,,0.0,0.0,0.0,0.0,0.0,0.0,0.0,0.0,0.0,24,0,0,0,0,0,0,0,0,0,0,0,0,0,0,0,0,0,0.0,0.0,0.0,0.0,0.0,0.0,0.0,0.0,0.0,0,0,0,0
335,Josh,King,King,a,,,4.4,553,331.0,1.8,140,46.0,1.0,266.0,114.0,0,0,0.0,-1,1.0,338,352,0.2,8.2,1.0,1.0,1.8,348.0,155.0,100.0,100.0,317.0,140.0,213.0,135.0,120.0,70.0,261.0,127.0,,,,,,,,0.12,0.04,0.16,1.32,0.0,0.31,1.54,1.13,7.28,24,0,0,0,0,0,0,0,0,0,0,0,0,0,0,0,578,887,0.0,0.0,0.0,0.0,0.0,0.0,0.0,0.0,0.0,0,0,0,0
336,Harrison,Reed,Reed,a,,,4.3,571,338.0,0.3,304,103.0,1.8,185.0,81.0,0,0,0.0,-2,2.0,389,97,0.4,2.6,1.8,1.8,2.8,211.0,92.0,,,405.0,179.0,416.0,202.0,399.0,195.0,426.0,192.0,,,,,,,,0.26,1.54,1.8,2.64,0.0,0.0,6.43,0.0,6.43,24,0,0,0,0,0,0,0,0,0,0,0,0,0,0,0,603,162,0.0,0.0,0.0,0.0,0.0,0.0,0.0,0.0,0.0,0,0,0,0
337,Raúl,Jiménez Rodríguez,Raúl,a,,,6.2,72,24.0,1.9,138,21.0,2.8,122.0,15.0,0,0,0.0,-3,3.0,558,1223,0.5,11.5,2.8,2.8,3.2,164.0,13.0,100.0,100.0,146.0,12.0,96.0,3.0,18.0,10.0,41.0,9.0,,1.0,1.0,,,,,0.38,0.04,0.42,1.36,0.0,0.3,1.09,1.09,5.21,24,0,0,0,0,0,0,0,0,0,0,0,0,0,0,0,749,2681,0.0,0.0,0.0,0.0,0.0,0.0,0.0,0.0,0.0,0,0,0,0
338,Rodrigo,Muniz Carvalho,Muniz,d,Hamstring injury - 50% chance of playing,,5.3,195,45.0,0.7,218,34.0,0.0,766.0,78.0,0,0,0.0,-2,2.0,6,48,0.0,3.2,0.0,0.0,2.4,272.0,28.0,50.0,25.0,370.0,38.0,331.0,39.0,184.0,39.0,333.0,39.0,,,,,,,,0.24,0.0,0.24,1.46,0.0,0.26,1.03,1.03,4.91,24,0,0,0,0,0,0,0,0,0,0,0,0,0,0,0,7,65,0.0,0.0,0.0,0.0,0.0,0.0,0.0,0.0,0.0,0,0,0,0
424,Oscar,Bobb,Bobb,i,Hamstring injury - Unknown return date,,5.1,237,145.0,0.2,375,125.0,0.0,759.0,332.0,0,0,0.0,-4,4.0,84,20,0.0,3.5,0.0,0.0,2.0,325.0,145.0,0.0,0.0,361.0,160.0,158.0,107.0,233.0,126.0,289.0,141.0,,,,,,,,0.08,0.22,0.3,0.99,0.0,0.39,0.97,0.97,5.62,24,0,0,0,0,0,0,0,0,0,0,0,0,0,0,0,103,24,0.0,0.0,0.0,0.0,0.0,0.0,0.0,0.0,0.0,0,0,0,0
664,Benjamin,Lecomte,Lecomte,a,,,3.9,732,71.0,0.7,210,27.0,0.0,442.0,32.0,0,0,0.0,-1,1.0,23,57,0.0,0.0,0.0,0.0,0.0,524.0,38.0,,,514.0,38.0,505.0,25.0,468.0,10.0,514.0,38.0,,,,,,,,0.0,0.0,0.0,0.0,0.0,0.0,0.0,0.0,0.0,24,0,0,0,0,0,0,0,0,0,0,0,0,0,0,0,37,84,0.0,0.0,0.0,0.0,0.0,0.0,0.0,0.0,0.0,0,0,0,0
727,Samuel,Chukwueze,Chukwueze,d,Personal Reasons - 75% chance of playing,,5.3,193,120.0,0.1,483,169.0,1.2,260.0,111.0,0,0,0.0,-2,2.0,33,86,0.2,7.7,0.9,0.9,4.1,60.0,26.0,75.0,75.0,219.0,92.0,162.0,109.0,144.0,83.0,196.0,104.0,,,,,,,,0.27,0.46,0.73,1.35,0.0,0.0,2.12,0.64,7.0,24,0,0,0,0,0,0,0,0,0,0,0,0,0,0,0,46,119,0.0,0.0,0.0,0.0,0.0,0.0,0.0,0.0,0.0,0,0,0,0
731,Kevin,Santos Lopes de Macedo,Kevin,a,,,5.8,113,71.0,0.1,553,202.0,1.4,241.0,102.0,0,0,0.0,-2,2.0,32,17,0.2,5.9,1.4,1.4,1.8,359.0,160.0,100.0,100.0,262.0,113.0,123.0,88.0,110.0,65.0,178.0,95.0,4.0,,,,,,,0.11,0.14,0.25,1.37,0.0,0.46,1.37,0.8,7.3,24,0,0,0,0,0,0,0,0,0,0,0,0,0,0,0,35,29,0.0,0.0,0.0,0.0,0.0,0.0,0.0,0.0,0.0,0,0,0,0
737,Jonah,Kusi-Asare,Kusi-Asare,a,,,4.5,502,73.0,0.1,494,69.0,0.2,382.0,44.0,0,0,0.0,0,0.0,47,21,0.0,0.9,0.2,0.2,0.8,490.0,59.0,,,475.0,56.0,397.0,51.0,392.0,53.0,449.0,53.0,,,,,,,,0.0,0.21,0.21,2.25,0.0,0.0,6.0,0.0,6.0,24,0,0,0,0,0,0,0,0,0,0,0,0,0,0,0,81,33,0.0,0.0,0.0,0.0,0.0,0.0,0.0,0.0,0.0,0,0,0,0
770,Seth,Ridgeon,Ridgeon,a,,,4.5,497,307.0,0.0,774,337.0,0.0,685.0,278.0,0,0,0.0,0,0.0,3,0,0.0,0.0,0.0,0.0,0.0,732.0,309.0,,,731.0,308.0,726.0,308.0,708.0,302.0,730.0,307.0,,,,,,,,0.0,0.0,0.0,0.0,0.0,0.0,0.0,0.0,0.0,24,0,0,0,0,0,0,0,0,0,0,0,0,0,0,0,4,1,0.0,0.0,0.0,0.0,0.0,0.0,0.0,0.0,0.0,0,0,0,0
786,Alfie,McNally,McNally,a,,,4.0,690,60.0,0.0,769,86.0,0.0,509.0,72.0,0,0,0.0,0,0.0,3,1,0.0,0.0,0.0,0.0,0.0,589.0,78.0,,,579.0,78.0,572.0,67.0,537.0,52.0,579.0,78.0,,,,,,,,0.0,0.0,0.0,0.0,0.0,0.0,0.0,0.0,0.0,24,0,0,0,0,0,0,0,0,0,0,0,0,0,0,0,3,1,0.0,0.0,0.0,0.0,0.0,0.0,0.0,0.0,0.0,0,0,0,0
168,Facundo,Buonanotte,Buonanotte,a,,,4.6,399,247.0,0.1,482,168.0,0.2,385.0,174.0,1,0,0.0,-4,4.0,37,36,0.0,0.4,0.2,-0.8,0.7,493.0,233.0,100.0,100.0,450.0,204.0,365.0,188.0,373.0,188.0,434.0,196.0,,,,,,,,0.05,0.13,0.18,2.54,0.0,0.0,2.61,1.3,6.52,24,1,19,0,0,0,1,0,0,0,0,0,0,0,0,1,58,45,0.0,0.0,0.0,0.0,1.4,0.0,0.0,0.0,0.0,0,0,0,0
339,Illan,Meslier,Meslier,a,,,4.2,630,35.0,0.3,298,39.0,0.0,545.0,80.0,0,0,0.0,-3,3.0,13,16,0.0,0.0,0.0,-1.0,0.0,621.0,86.0,,,612.0,86.0,605.0,76.0,574.0,62.0,613.0,86.0,,,,,,,,0.0,0.0,0.0,0.0,0.0,0.0,0.0,0.0,0.0,24,0,0,0,0,0,0,0,0,0,0,0,0,0,0,0,15,26,0.0,0.0,0.0,0.0,0.0,0.0,0.0,0.0,0.0,0,0,0,0
340,Alex,Cairns,Cairns,a,,,3.9,733,72.0,0.2,409,62.0,0.0,443.0,33.0,0,0,0.0,-1,1.0,7,8,0.0,0.0,0.0,-1.0,0.0,525.0,39.0,,,515.0,39.0,506.0,26.0,469.0,11.0,515.0,39.0,,,,,,,,0.0,0.0,0.0,0.0,0.0,0.0,0.0,0.0,0.0,24,0,0,0,0,0,0,0,0,0,0,0,0,0,0,0,13,13,0.0,0.0,0.0,0.0,0.0,0.0,0.0,0.0,0.0,0,0,0,0
341,Karl,Darlow,Darlow,a,,,3.9,728,67.0,2.1,125,17.0,1.4,229.0,19.0,-1,0,0.0,-1,1.0,476,204,0.4,4.4,1.4,0.4,2.1,305.0,26.0,,,286.0,23.0,501.0,21.0,464.0,6.0,373.0,23.0,,,,,,,,0.0,0.0,0.0,0.98,2.5,0.12,1.62,1.0,0.0,24,17,90,0,0,0,4,1,0,0,0,0,4,1,0,86,1036,396,0.0,0.0,0.01,0.01,2.3899999999999997,0.0,0.0,0.0,0.0,0,1,11,0
342,Jayden,Bogle,Bogle,a,,,4.4,521,106.0,0.2,402,147.0,1.6,208.0,76.0,0,0,0.0,-1,1.0,45,44,0.4,12.0,1.6,0.6,2.4,268.0,106.0,100.0,100.0,198.0,79.0,150.0,38.0,182.0,38.0,193.0,61.0,,,,,,,,0.06,0.05,0.11,1.27,0.0,0.2,1.71,1.03,5.53,24,0,90,0,0,0,4,0,0,0,0,0,0,1,0,136,65,53,0.0,0.0,0.020000000000000018,0.020000000000000018,2.3900000000000006,0.0,0.0,0.0,0.0,2,5,3,7
343,Pascal,Struijk,Struijk,a,,,4.3,575,129.0,0.5,255,96.0,4.4,29.0,9.0,2,0,0.0,-2,2.0,1123,141,1.0,16.3,4.4,3.4,3.2,150.0,59.0,100.0,100.0,54.0,26.0,212.0,55.0,113.0,18.0,103.0,31.0,,,3.0,,,,,0.11,0.02,0.13,1.38,0.0,0.19,1.71,1.0,9.48,24,2,90,0,0,0,4,0,0,0,0,0,0,1,0,12,1504,247,0.0,0.10000000000000009,0.0,0.09999999999999964,2.389999999999997,0.0,0.0,0.0,0.0,2,14,2,16
344,Jaka,Bijol,Bijol,i,Hamstring injury - Expected back 10 Feb,,3.9,745,215.0,0.4,263,100.0,1.4,230.0,86.0,0,0,0.0,-1,1.0,5,365,0.4,11.0,0.0,0.0,3.6,106.0,38.0,0.0,0.0,169.0,70.0,339.0,117.0,173.0,36.0,225.0,77.0,,,,,,,,0.04,0.05,0.09,1.55,0.0,0.09,1.65,1.01,9.16,24,0,0,0,0,0,0,0,0,0,0,0,0,0,0,0,12,620,0.0,0.0,0.0,0.0,0.0,0.0,0.0,0.0,0.0,0,0,0,0
345,Sebastiaan,Bornauw,Bornauw,a,,,3.8,784,240.0,0.1,421,157.0,1.6,204.0,72.0,0,0,0.0,-2,2.0,108,43,0.4,4.2,1.6,0.6,2.3,277.0,108.0,100.0,100.0,375.0,145.0,426.0,156.0,404.0,151.0,415.0,151.0,,,,,,,,0.0,0.0,0.0,1.53,0.0,0.36,1.08,1.08,11.57,24,0,0,0,0,0,0,0,0,0,0,0,0,0,0,0,227,61,0.0,0.0,0.0,0.0,0.0,0.0,0.0,0.0,0.0,0,0,0,0
346,Sam,Byram,Byram,a,,,3.8,775,232.0,0.2,369,134.0,0.0,413.0,154.0,0,0,0.0,-2,2.0,19,15,0.0,0.3,0.0,-1.0,1.0,433.0,156.0,,,489.0,177.0,477.0,175.0,439.0,166.0,489.0,176.0,,,,,,,,0.0,0.0,0.0,10.16,0.0,0.0,12.86,0.0,0.0,24,0,0,0,0,0,0,0,0,0,0,0,0,0,0,0,34,25,0.0,0.0,0.0,0.0,0.0,0.0,0.0,0.0,0.0,0,0,0,0
347,Gabriel,Gudmundsson,Gudmundsson,a,,,3.8,780,236.0,3.7,90,33.0,1.4,227.0,84.0,-1,0,0.0,-2,2.0,391,1518,0.4,14.2,1.4,0.1,2.3,276.0,107.0,100.0,25.0,108.0,48.0,61.0,11.0,186.0,40.0,94.0,25.0,,,,,,,,0.05,0.09,0.14,1.39,0.0,0.19,1.73,1.03,6.33,24,54,90,0,0,0,4,0,0,0,1,0,0,1,0,213,560,3023,0.0,0.0,0.0,0.0,2.3900000000000006,0.0,0.0,0.0,0.0,2,2,2,4
348,Joe,Rodon,Rodon,a,,,3.9,740,212.0,3.5,94,35.0,2.6,127.0,42.0,2,0,0.0,-1,1.0,1442,357,0.7,17.9,2.6,1.6,3.2,148.0,58.0,100.0,100.0,52.0,24.0,292.0,95.0,134.0,23.0,126.0,40.0,,,,,,,,0.04,0.01,0.05,1.42,0.0,0.14,1.88,1.03,8.3,24,2,90,0,0,0,4,0,0,0,0,0,0,1,0,2,2606,1060,0.0,0.0,0.010000000000000009,0.010000000000000009,2.3900000000000006,0.0,0.0,0.0,0.0,2,12,1,14
349,Isaac,Schmidt,Schmidt,u,has joined Werder Bremen on loan for the rest of the season.,,4.0,683,174.0,0.1,536,196.0,0.0,502.0,198.0,0,0,0.0,0,0.0,0,4,0.0,0.0,0.0,0.0,0.0,583.0,216.0,0.0,0.0,573.0,216.0,566.0,216.0,531.0,210.0,573.0,215.0,,,,,,,,0.0,0.0,0.0,0.0,0.0,0.0,0.0,0.0,0.0,24,0,0,0,0,0,0,0,0,0,0,0,0,0,0,0,0,5,0.0,0.0,0.0,0.0,0.0,0.0,0.0,0.0,0.0,0,0,0,0
350,Brenden,Aaronson,Aaronson,a,,,5.4,171,106.0,0.9,198,67.0,6.0,7.0,5.0,2,0,0.0,-1,1.0,1113,813,1.1,17.2,6.0,5.0,4.0,68.0,28.0,,,93.0,29.0,56.0,46.0,39.0,23.0,39.0,29.0,,,,,,,,0.19,0.17,0.36,1.27,0.0,0.3,1.39,1.03,8.42,24,2,70,0,0,0,3,0,0,0,0,0,0,1,0,1,1504,1255,0.0,0.0,0.009999999999999787,0.009999999999999787,0.9899999999999984,0.0,0.0,0.0,0.0,0,0,3,3
351,Wilfried,Gnonto,Gnonto,a,,,5.2,217,134.0,0.1,495,174.0,0.8,296.0,133.0,1,0,0.0,-3,3.0,10,21,0.2,4.0,0.8,-0.2,1.5,398.0,178.0,100.0,100.0,378.0,166.0,244.0,149.0,335.0,175.0,358.0,169.0,,,,,,,,0.07,0.14,0.21,2.19,0.0,0.26,2.86,1.04,9.62,24,1,9,0,0,0,1,0,0,0,0,0,0,0,0,3,14,25,0.0,0.0,0.010000000000000009,0.010000000000000009,0.5599999999999996,0.0,0.0,0.0,0.0,0,0,0,0
352,Jack,Harrison,Harrison,u,has joined ACF Fiorentina on loan for the rest of the season.,,5.1,229,141.0,0.1,574,213.0,0.0,757.0,330.0,0,0,0.0,-4,4.0,0,20,0.0,2.4,0.0,0.0,1.1,431.0,194.0,0.0,0.0,411.0,182.0,317.0,177.0,323.0,169.0,386.0,178.0,4.0,,,,,,,0.1,0.08,0.18,1.31,0.0,0.0,1.72,0.34,8.24,24,0,0,0,0,0,0,0,0,0,0,0,0,0,0,0,0,25,0.0,0.0,0.0,0.0,0.0,0.0,0.0,0.0,0.0,0,0,0,0
353,Daniel,James,James,d,Lack of match fitness - 75% chance of playing,,5.2,208,130.0,0.1,478,165.0,0.0,761.0,334.0,0,0,0.0,-3,3.0,1,5,0.0,2.5,0.0,-0.8,1.3,421.0,190.0,75.0,75.0,404.0,178.0,227.0,139.0,234.0,127.0,334.0,162.0,,,,,,,,0.18,0.14,0.32,2.27,0.0,0.26,3.1,1.03,4.66,24,0,0,0,0,0,0,0,0,0,0,0,0,0,0,0,2,6,0.0,0.0,0.0,0.0,0.0,0.0,0.0,0.0,0.0,0,0,0,0
354,Ethan,Ampadu,Ampadu,a,,,4.9,299,185.0,0.2,410,139.0,3.2,82.0,34.0,2,0,0.0,-1,1.0,90,84,0.7,15.1,3.2,2.2,3.5,121.0,56.0,100.0,100.0,95.0,30.0,118.0,84.0,244.0,132.0,131.0,71.0,,,,,,,,0.08,0.06,0.14,1.36,0.0,0.19,1.69,1.02,12.1,24,2,90,0,0,0,4,0,0,0,0,0,0,1,0,14,128,107,0.0,0.020000000000000018,0.020000000000000018,0.040000000000000036,2.3900000000000006,0.0,0.0,0.0,0.0,1,3,4,8
355,Sam,Greenwood,Greenwood,u,has joined Pogon Szczecin permanently.,,4.9,319,197.0,0.0,629,249.0,0.0,720.0,301.0,0,0,0.0,-1,1.0,0,1,0.0,0.0,0.0,0.0,0.0,754.0,323.0,0.0,0.0,753.0,322.0,749.0,322.0,740.0,319.0,752.0,321.0,,,,,,,,0.0,0.0,0.0,0.0,0.0,0.0,0.0,0.0,0.0,24,0,0,0,0,0,0,0,0,0,0,0,0,0,0,0,0,2,0.0,0.0,0.0,0.0,0.0,0.0,0.0,0.0,0.0,0,0,0,0
356,Ilia,Gruev,Gruev,a,,,4.7,388,242.0,0.1,566,208.0,3.0,100.0,42.0,1,0,0.0,-3,3.0,39,20,0.6,7.2,3.0,2.0,2.3,281.0,120.0,,,319.0,141.0,243.0,148.0,393.0,193.0,350.0,166.0,,,,,,,,0.01,0.03,0.04,1.76,0.0,0.43,1.93,1.07,8.36,24,1,45,0,0,0,2,0,0,0,0,0,0,1,0,4,52,27,0.0,0.0,0.0,0.0,0.26000000000000156,0.0,0.0,0.0,0.0,0,3,1,4
357,Largie,Ramazani,Ramazani,u,has joined Valencia on loan for the rest of the season.,,4.9,323,199.0,0.0,694,294.0,0.0,723.0,303.0,0,0,0.0,-1,1.0,0,0,0.0,0.0,0.0,0.0,0.0,756.0,325.0,0.0,0.0,755.0,324.0,751.0,324.0,742.0,321.0,754.0,323.0,,,,,,,,0.0,0.0,0.0,0.0,0.0,0.0,0.0,0.0,0.0,24,0,0,0,0,0,0,0,0,0,0,0,0,0,0,0,0,1,0.0,0.0,0.0,0.0,0.0,0.0,0.0,0.0,0.0,0,0,0,0
358,Tanaka,Ao,Tanaka,a,,,4.8,363,225.0,0.2,351,118.0,0.8,292.0,129.0,0,0,0.0,-2,2.0,35,146,0.2,9.0,0.8,-0.2,2.1,310.0,137.0,100.0,100.0,280.0,124.0,187.0,125.0,248.0,133.0,272.0,134.0,,,,,,,,0.1,0.07,0.17,1.62,0.0,0.24,1.95,0.85,10.14,24,0,0,0,0,0,0,0,0,0,0,0,0,0,0,0,45,195,0.0,0.0,0.0,0.0,0.0,0.0,0.0,0.0,0.0,0,0,0,0
359,Charlie,Crew,Crew,u,Has joined Doncaster Rovers on loan for the rest of the season.,,4.5,457,276.0,0.0,772,335.0,0.0,652.0,252.0,0,0,0.0,0,0.0,0,1,0.0,0.0,0.0,0.0,0.0,703.0,287.0,0.0,0.0,698.0,282.0,695.0,284.0,674.0,275.0,698.0,282.0,,,,,,,,0.0,0.0,0.0,0.0,0.0,0.0,0.0,0.0,0.0,24,0,0,0,0,0,0,0,0,0,0,0,0,0,0,0,0,1,0.0,0.0,0.0,0.0,0.0,0.0,0.0,0.0,0.0,0,0,0,0
360,Joe,Gelhardt,Gelhardt,u,Has joined Hull City on loan for the rest of the season.,,4.5,436,261.0,0.0,737,315.0,0.0,639.0,239.0,0,0,0.0,0,0.0,0,1,0.0,0.0,0.0,0.0,0.0,692.0,276.0,0.0,0.0,686.0,270.0,684.0,273.0,662.0,264.0,687.0,271.0,,,,,,,,0.0,0.0,0.0,0.0,0.0,0.0,0.0,0.0,0.0,24,0,0,0,0,0,0,0,0,0,0,0,0,0,0,0,0,1,0.0,0.0,0.0,0.0,0.0,0.0,0.0,0.0,0.0,0,0,0,0
361,Darko,Gyabi,Gyabi,u,has joined Hull City permanently.,,4.5,438,262.0,0.0,655,268.0,0.0,640.0,240.0,0,0,0.0,0,0.0,0,0,0.0,0.0,0.0,0.0,0.0,693.0,277.0,0.0,0.0,687.0,271.0,685.0,274.0,663.0,265.0,688.0,272.0,,,,,,,,0.0,0.0,0.0,0.0,0.0,0.0,0.0,0.0,0.0,24,0,0,0,0,0,0,0,0,0,0,0,0,0,0,0,0,0,0.0,0.0,0.0,0.0,0.0,0.0,0.0,0.0,0.0,0,0,0,0
362,Joël,Piroe,Piroe,a,,,4.9,318,57.0,0.3,292,47.0,0.4,345.0,41.0,1,0,0.0,-6,6.0,47,54,0.1,2.4,0.4,-0.6,1.1,429.0,52.0,100.0,100.0,452.0,52.0,375.0,48.0,229.0,44.0,391.0,48.0,,,2.0,,,,,0.28,0.03,0.31,2.33,0.0,0.44,3.06,0.87,4.37,24,1,5,0,0,0,1,0,0,0,0,0,0,0,0,5,67,64,0.0,0.0,0.0,0.0,0.5600000000000005,0.0,0.0,0.0,0.0,1,0,0,1
363,Patrick,Bamford,Bamford,u,has departed the club as a free agent.,,4.9,288,56.0,0.3,296,48.0,0.0,710.0,71.0,0,0,0.0,-1,1.0,0,22,0.0,0.0,0.0,0.0,0.0,748.0,81.0,0.0,0.0,747.0,81.0,743.0,80.0,732.0,80.0,746.0,81.0,,,,,,,,0.0,0.0,0.0,0.0,0.0,0.0,0.0,0.0,0.0,24,0,0,0,0,0,0,0,0,0,0,0,0,0,0,0,0,27,0.0,0.0,0.0,0.0,0.0,0.0,0.0,0.0,0.0,0,0,0,0
364,Mateo,Joseph Fernández-Regatillo,Mateo Joseph,u,Has joined RCD Mallorca on loan for the rest of the season.,,5.0,277,55.0,0.0,725,87.0,0.0,749.0,76.0,0,0,0.0,0,0.0,0,1,0.0,0.0,0.0,0.0,0.0,775.0,84.0,0.0,0.0,774.0,84.0,772.0,84.0,765.0,84.0,773.0,84.0,,,,,,,,0.0,0.0,0.0,0.0,0.0,0.0,0.0,0.0,0.0,24,0,0,0,0,0,0,0,0,0,0,0,0,0,0,0,0,1,0.0,0.0,0.0,0.0,0.0,0.0,0.0,0.0,0.0,0,0,0,0
365,Lukas,Nmecha,Nmecha,d,Hamstring injury - 50% chance of playing,,5.0,246,52.0,0.5,247,39.0,1.8,194.0,23.0,0,0,0.0,0,0.0,10,445,0.4,9.8,0.9,0.0,2.6,245.0,24.0,50.0,0.0,228.0,21.0,326.0,37.0,62.0,21.0,185.0,21.0,,,1.0,,,,,0.73,0.05,0.78,1.85,0.0,0.3,2.09,0.9,4.78,24,0,0,0,0,0,0,0,0,0,0,0,0,0,0,0,18,536,0.0,0.0,0.0,0.0,0.0,0.0,0.0,0.0,0.0,0,0,0,0
493,Sean,Longstaff,Longstaff,a,,,4.8,351,220.0,0.2,344,115.0,0.4,341.0,151.0,1,0,0.0,-2,2.0,13,33,0.1,8.8,0.4,-0.6,3.0,187.0,81.0,100.0,100.0,192.0,82.0,46.0,40.0,280.0,148.0,145.0,79.0,1.0,2.0,,,,,,0.08,0.13,0.21,1.3,0.0,0.1,1.65,0.97,9.71,24,1,45,0,0,0,2,0,0,0,0,0,0,0,0,6,17,52,0.0,0.029999999999999916,0.0,0.03000000000000025,2.130000000000001,0.0,0.0,0.0,0.0,2,2,2,6
660,Anton,Stach,Stach,a,,,4.8,366,228.0,2.6,113,35.0,3.2,81.0,33.0,2,0,0.0,-2,2.0,1335,961,0.7,20.2,3.2,2.2,4.6,26.0,12.0,100.0,100.0,56.0,15.0,5.0,5.0,78.0,49.0,18.0,14.0,3.0,1.0,,,,,,0.11,0.18,0.29,1.35,0.0,0.16,1.7,1.06,10.1,24,2,80,0,0,0,3,0,0,0,0,0,0,1,0,17,2021,2047,0.0,0.0,0.08999999999999986,0.09000000000000075,1.8200000000000003,0.0,0.0,0.0,0.0,4,2,5,11
665,Lucas Estella,Perri,Perri,a,,,4.5,414,22.0,0.3,328,44.0,0.6,312.0,21.0,0,0,0.0,0,0.0,26,93,0.1,9.6,0.6,-0.4,2.7,231.0,20.0,100.0,100.0,117.0,17.0,668.0,84.0,644.0,72.0,284.0,18.0,,,,,,,,0.0,0.0,0.0,1.67,2.38,0.19,1.81,1.0,0.0,24,0,0,0,0,0,0,0,0,0,0,0,0,0,0,0,61,123,0.0,0.0,0.0,0.0,0.0,0.0,0.0,0.0,0.0,0,0,0,0
691,Dominic,Calvert-Lewin,Calvert-Lewin,a,,,6.0,85,28.0,12.5,32,5.0,3.2,94.0,11.0,2,0,0.0,5,-5.0,3891,17880,0.5,15.8,3.2,2.2,4.3,47.0,6.0,100.0,100.0,90.0,8.0,133.0,8.0,6.0,5.0,33.0,7.0,,,,,,,,0.5,0.05,0.55,1.09,0.0,0.23,1.37,0.97,2.8,24,2,84,0,0,0,3,0,0,0,0,0,0,1,0,4,5585,24154,0.0,0.0,0.0,0.0,1.8200000000000003,0.0,0.0,0.0,0.0,0,1,0,1
763,Charlie,Gray,Gray,a,,,4.5,453,272.0,0.0,782,343.0,0.0,650.0,250.0,0,0,0.0,0,0.0,3,3,0.0,0.0,0.0,0.5,0.0,701.0,285.0,,,696.0,280.0,693.0,282.0,672.0,273.0,696.0,280.0,,,,,,,,0.0,0.0,0.0,0.0,0.0,0.0,0.0,0.0,0.0,24,0,0,0,0,0,0,0,0,0,0,0,0,0,0,0,4,3,0.0,0.0,0.0,0.0,0.0,0.0,0.0,0.0,0.0,0,0,0,0
698,Noah,Okafor,Okafor,a,,,5.5,147,92.0,0.1,467,159.0,1.6,223.0,96.0,1,0,0.0,0,0.0,33,56,0.3,9.8,1.6,0.6,2.6,248.0,108.0,100.0,100.0,243.0,103.0,132.0,94.0,64.0,40.0,133.0,72.0,,,,,,,,0.22,0.07,0.29,1.48,0.0,0.23,1.8,1.1,6.26,24,1,45,0,0,0,2,0,0,0,0,0,0,0,0,2,48,89,0.0,0.0,0.010000000000000009,0.009999999999999787,2.129999999999999,0.0,0.0,0.0,0.0,0,0,2,2
706,James,Justin,Justin,a,,,3.9,742,213.0,0.5,256,97.0,4.4,28.0,8.0,0,0,0.0,-1,1.0,1109,149,1.1,9.2,4.4,3.4,2.4,267.0,105.0,,,270.0,107.0,318.0,106.0,237.0,65.0,302.0,103.0,,,,,,,,0.1,0.02,0.12,1.7,0.0,0.28,1.65,0.96,8.39,24,0,45,0,0,0,2,0,0,0,0,0,0,1,0,100,2118,326,0.0,0.0,0.0,0.0,0.2599999999999998,0.0,0.0,0.0,0.0,0,3,0,3
741,Harry,Gray,Gray,u,has joined Rotherham United on loan for the rest of the season.,,4.5,487,70.0,0.1,469,67.0,0.0,677.0,67.0,0,0,0.0,0,0.0,0,65,0.0,0.0,0.0,0.0,0.0,725.0,77.0,0.0,0.0,723.0,77.0,718.0,76.0,700.0,76.0,722.0,77.0,,,,,,,,0.0,0.0,0.0,0.0,0.0,0.0,0.0,0.0,0.0,24,0,0,0,0,0,0,0,0,0,0,0,0,0,0,0,0,80,0.0,0.0,0.0,0.0,0.0,0.0,0.0,0.0,0.0,0,0,0,0
787,Sam,Chambers,Chambers,a,,,4.4,550,329.0,0.0,766,332.0,0.0,608.0,220.0,0,0,0.0,-1,1.0,16,4,0.0,0.0,0.0,-1.0,0.0,667.0,260.0,,,659.0,252.0,655.0,256.0,630.0,245.0,660.0,253.0,,,,,,,,0.0,0.0,0.0,0.0,0.0,0.0,0.0,0.0,0.0,24,0,0,0,0,0,0,0,0,0,0,0,0,0,0,0,20,5,0.0,0.0,0.0,0.0,0.0,0.0,0.0,0.0,0.0,0,0,0,0
366,Alisson,Becker,A.Becker,a,,,5.4,159,4.0,5.9,63,10.0,3.2,88.0,10.0,2,0,0.0,-1,1.0,348,1112,0.6,12.4,3.2,3.7,3.5,124.0,12.0,100.0,100.0,132.0,20.0,472.0,15.0,777.0,90.0,291.0,20.0,,,,,,,,0.0,0.0,0.0,1.04,1.95,0.32,1.21,1.0,0.0,24,2,90,0,0,0,1,0,0,0,0,0,1,1,0,10,428,1702,0.0,0.0,0.009999999999999998,0.009999999999999998,0.33000000000000185,0.0,0.0,0.0,0.0,0,1,9,0
367,Giorgi,Mamardashvili,Mamardashvili,a,,,4.2,632,36.0,0.6,243,32.0,0.0,546.0,81.0,0,0,0.0,-3,3.0,32,95,0.0,4.5,0.0,0.5,3.8,88.0,8.0,,,279.0,22.0,606.0,77.0,575.0,63.0,372.0,22.0,,,,,,,,0.0,0.0,0.0,1.42,3.4,0.2,2.0,1.0,0.0,24,0,0,0,0,0,0,0,0,0,0,0,0,0,0,0,40,135,0.0,0.0,0.0,0.0,0.0,0.0,0.0,0.0,0.0,0,0,0,0
368,Ármin,Pécsi,Pécsi,a,,,3.8,803,93.0,0.5,253,33.0,0.0,434.0,26.0,0,0,0.0,-2,2.0,626,131,0.0,0.0,0.0,0.5,0.0,516.0,32.0,,,506.0,32.0,496.0,18.0,459.0,3.0,506.0,32.0,,,,,,,,0.0,0.0,0.0,0.0,0.0,0.0,0.0,0.0,0.0,24,0,0,0,0,0,0,0,0,0,0,0,0,0,0,0,928,213,0.0,0.0,0.0,0.0,0.0,0.0,0.0,0.0,0.0,0,0,0,0
369,Freddie,Woodman,Woodman,a,,,3.9,736,74.0,0.2,382,56.0,0.0,446.0,35.0,0,0,0.0,-1,1.0,6,27,0.0,0.0,0.0,0.5,0.0,527.0,41.0,,,517.0,41.0,508.0,28.0,471.0,13.0,517.0,41.0,,,,,,,,0.0,0.0,0.0,0.0,0.0,0.0,0.0,0.0,0.0,24,0,0,0,0,0,0,0,0,0,0,0,0,0,0,0,13,34,0.0,0.0,0.0,0.0,0.0,0.0,0.0,0.0,0.0,0,0,0,0
370,Jeremie,Frimpong,Frimpong,i,Groin Injury - Unknown return date,,5.8,107,8.0,5.6,69,22.0,2.4,151.0,55.0,0,0,0.0,-2,2.0,29,8565,0.4,5.9,0.0,0.0,3.1,178.0,70.0,0.0,0.0,340.0,130.0,171.0,42.0,213.0,54.0,280.0,93.0,,,,,,,,0.07,0.17,0.24,1.0,0.0,0.33,1.17,1.0,2.68,24,0,0,0,0,0,0,0,0,0,0,0,0,0,0,0,30,13497,0.0,0.0,0.0,0.0,0.0,0.0,0.0,0.0,0.0,0,0,0,0
371,Milos,Kerkez,Kerkez,a,,,5.6,134,15.0,2.9,107,43.0,3.2,91.0,31.0,5,0,0.0,-4,4.0,394,395,0.6,10.4,3.2,3.7,2.5,263.0,103.0,,,125.0,54.0,50.0,7.0,199.0,50.0,96.0,27.0,,,,,,,,0.05,0.03,0.08,1.09,0.0,0.22,1.38,1.11,5.98,24,5,90,0,1,0,1,0,0,0,0,0,0,1,0,19,479,600,0.0,0.0,0.010000000000000009,0.010000000000000009,0.33000000000000185,0.0,0.0,0.0,0.0,0,2,5,2
372,Andrew,Robertson,Robertson,a,,,5.7,114,10.0,1.0,188,74.0,0.4,352.0,132.0,0,0,0.0,-3,3.0,99,117,0.1,4.4,0.4,0.9,1.8,358.0,132.0,,,304.0,116.0,138.0,33.0,286.0,88.0,266.0,90.0,,,,,,,,0.04,0.13,0.17,1.25,0.0,0.33,1.34,0.67,5.02,24,0,0,0,0,0,0,0,0,0,0,0,0,0,0,0,115,142,0.0,0.0,0.0,0.0,0.0,0.0,0.0,0.0,0.0,0,0,0,0
373,Virgil,van Dijk,Virgil,a,,,5.9,91,5.0,21.9,17,6.0,4.4,33.0,12.0,4,0,0.0,-1,1.0,2176,3336,0.7,15.9,4.4,4.9,3.9,83.0,31.0,,,7.0,3.0,177.0,45.0,91.0,10.0,50.0,6.0,,,,,,,,0.05,0.03,0.08,1.12,0.0,0.29,1.38,1.0,9.58,24,4,90,0,0,0,1,0,0,0,0,0,0,1,0,10,3171,6125,0.0,0.050000000000000044,0.010000000000000009,0.06000000000000005,0.3299999999999983,0.0,0.0,0.0,0.0,0,13,1,13
374,Ibrahima,Konaté,Konaté,a,,,5.4,166,18.0,2.8,109,45.0,4.0,47.0,17.0,10,0,0.0,-1,1.0,537,739,0.7,16.9,4.0,4.5,4.0,67.0,29.0,100.0,100.0,38.0,16.0,211.0,54.0,256.0,73.0,127.0,41.0,,,,,,,,0.05,0.04,0.09,1.01,0.0,0.32,1.24,1.05,9.2,24,10,90,1,0,0,1,0,0,0,0,0,0,1,0,29,659,1306,0.0,0.24,0.0,0.24,0.33000000000000185,0.0,0.0,0.0,0.0,3,11,4,14
375,Conor,Bradley,Bradley,i,Knee injury - Expected back 01 Jun,,5.0,267,43.0,0.2,395,144.0,2.8,115.0,39.0,0,0,0.0,0,0.0,5,109,0.6,8.4,0.0,0.0,2.8,219.0,87.0,0.0,0.0,261.0,104.0,214.0,56.0,274.0,80.0,283.0,94.0,,,,,,,,0.02,0.08,0.1,1.04,0.0,0.39,1.26,1.16,6.3,24,0,0,0,0,0,0,0,0,0,0,0,0,0,0,0,5,138,0.0,0.0,0.0,0.0,0.0,0.0,0.0,0.0,0.0,0,0,0,0
376,Joe,Gomez,Gomez,d,Knock - 50% chance of playing,,4.9,296,47.0,0.1,417,155.0,0.4,344.0,129.0,0,0,0.0,-1,1.0,0,64,0.1,5.1,0.2,0.0,2.3,282.0,111.0,50.0,0.0,354.0,134.0,303.0,100.0,354.0,121.0,365.0,129.0,,,,,,,,0.06,0.17,0.23,1.22,0.0,0.65,2.26,1.29,6.77,24,0,0,0,0,0,0,0,0,0,0,0,0,0,0,0,0,94,0.0,0.0,0.0,0.0,0.0,0.0,0.0,0.0,0.0,0,0,0,0
377,Konstantinos,Tsimikas,Tsimikas,u,has joined AS Roma on loan for the rest of the season.,,4.8,356,59.0,0.0,585,212.0,0.0,703.0,254.0,0,0,0.0,-2,2.0,0,1,0.0,0.0,0.0,0.0,0.0,745.0,258.0,0.0,0.0,744.0,258.0,739.0,258.0,726.0,257.0,743.0,258.0,,,,,,,,0.0,0.0,0.0,0.0,0.0,0.0,0.0,0.0,0.0,24,0,0,0,0,0,0,0,0,0,0,0,0,0,0,0,0,1,0.0,0.0,0.0,0.0,0.0,0.0,0.0,0.0,0.0,0,0,0,0
378,Amara,Nallo,Nallo,a,,,3.7,808,263.0,1.1,180,70.0,0.0,411.0,152.0,0,0,0.0,-3,3.0,789,512,0.0,0.0,0.0,0.5,0.0,499.0,177.0,100.0,100.0,487.0,175.0,475.0,173.0,437.0,164.0,487.0,174.0,,,,,,,,0.0,0.0,0.0,0.0,0.0,0.0,0.0,0.0,0.0,24,0,0,0,0,0,0,0,0,0,0,0,0,0,0,0,1345,734,0.0,0.0,0.0,0.0,0.0,0.0,0.0,0.0,0.0,0,0,0,0
379,Rhys,Williams,R.Williams,a,,,3.7,807,262.0,0.3,294,111.0,0.0,410.0,151.0,0,0,0.0,-3,3.0,1083,126,0.0,0.0,0.0,0.5,0.0,498.0,176.0,,,486.0,174.0,474.0,172.0,436.0,163.0,486.0,173.0,,,,,,,,0.0,0.0,0.0,0.0,0.0,0.0,0.0,0.0,0.0,24,0,0,0,0,0,0,0,0,0,0,0,0,0,0,0,1590,197,0.0,0.0,0.0,0.0,0.0,0.0,0.0,0.0,0.0,0,0,0,0
380,Calvin,Ramsay,Ramsay,a,,,3.8,787,243.0,0.2,346,126.0,0.0,422.0,162.0,0,0,0.0,-2,2.0,19,33,0.0,0.0,0.0,0.5,0.0,506.0,183.0,,,495.0,182.0,484.0,181.0,446.0,172.0,495.0,181.0,,,,,,,,0.0,0.0,0.0,0.0,0.0,0.0,0.0,0.0,0.0,24,0,0,0,0,0,0,0,0,0,0,0,0,0,0,0,22,34,0.0,0.0,0.0,0.0,0.0,0.0,0.0,0.0,0.0,0,0,0,0
381,Mohamed,Salah,M.Salah,a,,,14.0,2,1.0,14.3,26,11.0,2.0,181.0,80.0,5,0,0.0,-5,5.0,927,824,0.1,5.3,2.0,2.5,4.6,33.0,15.0,100.0,100.0,129.0,44.0,17.0,16.0,17.0,8.0,19.0,15.0,,4.0,1.0,,,,,0.35,0.21,0.56,1.28,0.0,0.27,1.66,0.93,3.45,24,5,83,0,1,0,1,0,0,0,0,0,0,1,0,16,1449,1089,0.0,0.20000000000000018,0.16999999999999993,0.3700000000000001,0.3299999999999983,0.0,0.0,0.0,0.0,0,0,1,1
382,Florian,Wirtz,Wirtz,a,,,8.3,14,9.0,12.5,31,12.0,7.0,1.0,1.0,10,0,0.0,-2,2.0,9145,3550,0.8,11.2,7.0,7.5,4.0,75.0,34.0,100.0,100.0,115.0,40.0,7.0,7.0,23.0,11.0,13.0,11.0,4.0,,,,,,,0.26,0.21,0.47,1.09,0.0,0.38,1.13,1.02,6.52,24,10,86,1,1,0,1,0,0,0,0,0,0,1,0,46,10345,7880,0.0,0.1800000000000006,0.3799999999999999,0.5600000000000005,0.3299999999999983,0.0,0.0,0.0,0.0,1,4,4,9
383,Luis,Díaz Marulanda,Luis Díaz,u,Has joined Bayern Munch permanently.,,8.0,15,10.0,0.0,598,228.0,0.0,805.0,361.0,0,0,0.0,0,0.0,0,0,0.0,0.0,0.0,0.0,0.0,807.0,361.0,0.0,0.0,807.0,361.0,807.0,361.0,807.0,361.0,807.0,361.0,,,,,,,,0.0,0.0,0.0,0.0,0.0,0.0,0.0,0.0,0.0,24,0,0,0,0,0,0,0,0,0,0,0,0,0,0,0,0,0,0.0,0.0,0.0,0.0,0.0,0.0,0.0,0.0,0.0,0,0,0,0
384,Cody,Gakpo,Gakpo,a,,,7.3,28,19.0,5.5,71,23.0,3.4,76.0,31.0,4,0,0.0,-2,2.0,419,1218,0.5,11.5,3.4,3.9,3.8,97.0,45.0,100.0,100.0,114.0,39.0,25.0,24.0,16.0,7.0,22.0,18.0,3.0,,3.0,,,,,0.29,0.2,0.49,0.95,0.0,0.28,1.36,1.02,5.06,24,4,90,0,0,0,1,0,0,0,0,0,0,1,0,15,613,2416,0.0,0.040000000000000036,0.08000000000000007,0.11999999999999922,0.33000000000000185,0.0,0.0,0.0,0.0,2,3,7,12
385,Federico,Chiesa,Chiesa,a,,,6.3,67,45.0,0.3,324,108.0,0.6,323.0,146.0,1,0,0.0,-2,2.0,38,46,0.1,4.6,0.6,1.1,1.7,372.0,164.0,100.0,100.0,312.0,138.0,348.0,183.0,209.0,115.0,319.0,154.0,,,,,,,,0.45,0.19,0.64,1.67,0.0,0.0,2.29,0.38,9.53,24,1,6,0,0,0,0,0,0,0,0,0,0,0,0,3,46,70,0.0,0.0,0.0,0.0,0.0,0.0,0.0,0.0,0.0,0,0,0,0
386,Alexis,Mac Allister,Mac Allister,a,,,6.2,74,48.0,1.2,173,59.0,1.4,243.0,103.0,1,0,0.0,-3,3.0,283,210,0.2,7.6,1.4,1.9,2.0,329.0,149.0,100.0,100.0,202.0,86.0,76.0,58.0,117.0,68.0,122.0,68.0,,,4.0,,,,,0.12,0.06,0.18,1.03,0.0,0.29,1.28,1.11,7.45,24,1,90,0,0,0,1,0,0,0,1,0,0,1,0,9,346,321,0.0,0.06000000000000005,0.030000000000000027,0.08999999999999986,0.3299999999999983,0.0,0.0,0.0,0.0,2,2,2,6
387,Dominik,Szoboszlai,Szoboszlai,a,,,6.7,48,30.0,6.1,60,21.0,4.4,34.0,15.0,4,0,0.0,2,-2.0,4384,2168,0.7,13.1,4.4,4.9,3.8,96.0,44.0,100.0,100.0,44.0,11.0,2.0,2.0,70.0,45.0,11.0,9.0,2.0,2.0,,,,,,0.15,0.16,0.31,1.12,0.0,0.31,1.4,1.0,9.08,24,4,90,0,0,0,1,0,0,0,0,0,0,1,0,29,6841,3757,0.0,0.07000000000000028,0.18999999999999995,0.2600000000000007,0.3299999999999983,0.0,0.0,0.0,0.0,4,4,5,13
388,Curtis,Jones,C.Jones,a,,,5.4,168,104.0,0.1,437,148.0,1.8,196.0,85.0,1,0,0.0,-1,1.0,32,92,0.3,7.6,1.8,2.3,2.0,327.0,147.0,100.0,100.0,214.0,89.0,70.0,56.0,208.0,114.0,154.0,86.0,,,,,,,,0.09,0.18,0.27,1.38,0.0,0.17,1.66,0.83,9.85,24,1,6,0,0,0,0,0,0,0,0,0,0,0,0,6,41,131,0.0,0.0,0.0,0.0,0.0,0.0,0.0,0.0,0.0,1,0,1,2
390,Ryan,Gravenberch,Gravenberch,a,,,5.6,131,80.0,5.2,73,24.0,2.4,150.0,65.0,4,0,0.0,1,-1.0,1078,3840,0.4,18.0,2.4,2.9,4.6,28.0,14.0,100.0,100.0,46.0,12.0,54.0,45.0,177.0,103.0,61.0,41.0,,,,,,,,0.06,0.08,0.14,1.01,0.0,0.33,1.25,1.02,9.52,24,4,90,0,0,0,1,0,0,0,0,0,0,1,0,18,1435,6276,0.0,0.06000000000000005,0.15999999999999992,0.2200000000000002,0.33000000000000185,0.0,0.0,0.0,0.0,3,5,6,14
392,Endo,Wataru,Endo,a,,,4.9,293,181.0,0.1,493,173.0,0.4,343.0,152.0,1,0,0.0,-1,1.0,13,11,0.1,1.8,0.4,0.9,1.3,417.0,186.0,100.0,100.0,397.0,174.0,384.0,192.0,734.0,315.0,423.0,190.0,,,,,,,,0.0,0.04,0.04,3.26,0.0,0.0,4.41,0.0,10.59,24,1,3,0,0,0,0,0,0,0,0,0,0,0,0,3,15,15,0.0,0.0,0.0,0.0,0.0,0.0,0.0,0.0,0.0,0,0,0,0
393,Stefan,Bajčetić Maquieira,Bajcetic,i,Hamstring injury - Unknown return date,,4.3,600,347.0,0.0,628,248.0,0.0,569.0,196.0,0,0,0.0,-2,2.0,1,7,0.0,0.0,0.0,0.0,0.0,636.0,239.0,0.0,0.0,626.0,229.0,623.0,234.0,595.0,221.0,627.0,230.0,,,,,,,,0.0,0.0,0.0,0.0,0.0,0.0,0.0,0.0,0.0,24,0,0,0,0,0,0,0,0,0,0,0,0,0,0,0,1,12,0.0,0.0,0.0,0.0,0.0,0.0,0.0,0.0,0.0,0,0,0,0
394,James,McConnell,McConnell,u,has joined Ajax on loan for the rest of the season.,,4.4,538,321.0,0.0,669,275.0,0.0,598.0,213.0,0,0,0.0,-1,1.0,0,1,0.0,0.0,0.0,0.0,0.0,657.0,253.0,0.0,0.0,648.0,244.0,645.0,249.0,619.0,237.0,649.0,245.0,,,,,,,,0.0,0.0,0.0,0.0,0.0,0.0,0.0,0.0,0.0,24,0,0,0,0,0,0,0,0,0,0,0,0,0,0,0,0,1,0.0,0.0,0.0,0.0,0.0,0.0,0.0,0.0,0.0,0,0,0,0
395,Tyler,Morton,Morton,u,Has joined Lyon permanently.,,4.5,427,255.0,0.0,786,346.0,0.0,632.0,233.0,0,0,0.0,0,0.0,0,0,0.0,0.0,0.0,0.0,0.0,685.0,270.0,0.0,0.0,679.0,264.0,676.0,267.0,654.0,258.0,680.0,265.0,,,,,,,,0.0,0.0,0.0,0.0,0.0,0.0,0.0,0.0,0.0,24,0,0,0,0,0,0,0,0,0,0,0,0,0,0,0,0,0,0.0,0.0,0.0,0.0,0.0,0.0,0.0,0.0,0.0,0,0,0,0
396,Trey,Nyoni,Nyoni,a,,,4.3,609,354.0,0.3,301,101.0,0.0,577.0,203.0,0,0,0.0,-2,2.0,20,71,0.0,0.5,0.0,0.5,1.0,448.0,198.0,,,467.0,216.0,401.0,199.0,601.0,227.0,462.0,214.0,,,,,,,,0.0,0.0,0.0,0.0,0.0,0.0,0.0,0.0,0.0,24,0,0,0,0,0,0,0,0,0,0,0,0,0,0,0,28,107,0.0,0.0,0.0,0.0,0.0,0.0,0.0,0.0,0.0,0,0,0,0
397,Darwin,Núñez Ribeiro,Darwin,u,Has joined Al-Hilal permanently.,,6.5,52,18.0,0.1,540,76.0,0.0,799.0,86.0,0,0,0.0,0,0.0,0,1,0.0,0.0,0.0,0.0,0.0,803.0,89.0,0.0,0.0,803.0,89.0,803.0,89.0,803.0,89.0,803.0,89.0,,,,,,,,0.0,0.0,0.0,0.0,0.0,0.0,0.0,0.0,0.0,24,0,0,0,0,0,0,0,0,0,0,0,0,0,0,0,0,1,0.0,0.0,0.0,0.0,0.0,0.0,0.0,0.0,0.0,0,0,0,0
398,Jayden,Danns,Danns,i,Hamstring injury - Unknown return date,,4.3,596,83.0,0.1,464,66.0,0.0,567.0,52.0,0,0,0.0,-2,2.0,3,8,0.0,0.0,0.0,0.0,0.0,634.0,63.0,0.0,0.0,624.0,63.0,620.0,62.0,592.0,62.0,625.0,63.0,,,,,,,,0.0,0.0,0.0,0.0,0.0,0.0,0.0,0.0,0.0,24,0,0,0,0,0,0,0,0,0,0,0,0,0,0,0,6,11,0.0,0.0,0.0,0.0,0.0,0.0,0.0,0.0,0.0,0,0,0,0
499,Alexander,Isak,Isak,i,Ankle injury - Unknown return date,,10.3,4,2.0,3.6,92,17.0,0.0,807.0,89.0,0,0,0.0,-2,2.0,16,374,0.0,2.8,0.0,0.0,2.9,210.0,20.0,0.0,0.0,324.0,31.0,341.0,42.0,152.0,35.0,308.0,36.0,,,,,,,,0.37,0.01,0.38,0.92,0.0,0.18,1.26,1.08,4.13,24,0,0,0,0,0,0,0,0,0,0,0,0,0,0,0,17,424,0.0,0.0,0.0,0.0,0.0,0.0,0.0,0.0,0.0,0,0,0,0
661,Hugo,Ekitiké,Ekitiké,a,,,8.8,8,4.0,23.7,15,4.0,2.6,138.0,17.0,10,0,0.0,3,-3.0,24898,9664,0.3,11.0,2.6,3.1,4.6,32.0,5.0,100.0,100.0,91.0,9.0,117.0,5.0,13.0,7.0,35.0,8.0,,,,,,,,0.51,0.12,0.63,1.26,0.0,0.34,1.22,1.01,3.99,24,10,83,2,0,0,1,0,0,0,0,0,0,1,0,55,27676,23101,0.0,1.0599999999999996,0.030000000000000027,1.0899999999999999,0.3299999999999983,0.0,0.0,0.0,0.0,1,1,1,3
686,Rio,Ngumoha,Ngumoha,a,,,4.3,614,358.0,0.7,212,71.0,0.4,337.0,148.0,0,0,0.0,-2,2.0,413,373,0.1,3.0,0.4,0.9,1.6,377.0,167.0,,,387.0,169.0,297.0,170.0,310.0,161.0,364.0,171.0,,,,,,,,0.44,0.41,0.85,3.29,0.0,0.0,3.55,0.0,3.55,24,0,0,0,0,0,0,0,0,0,0,0,0,0,0,0,615,495,0.0,0.0,0.0,0.0,0.0,0.0,0.0,0.0,0.0,0,0,0,0
692,Giovanni,Leoni,Leoni,i,Knee injury - Expected back 01 Sep,,4.9,347,57.0,0.0,701,241.0,0.0,736.0,257.0,0,0,0.0,-1,1.0,2,0,0.0,0.0,0.0,0.0,0.0,766.0,259.0,0.0,0.0,765.0,259.0,761.0,259.0,752.0,258.0,764.0,259.0,,,,,,,,0.0,0.0,0.0,0.0,0.0,0.0,0.0,0.0,0.0,24,0,0,0,0,0,0,0,0,0,0,0,0,0,0,0,3,0,0.0,0.0,0.0,0.0,0.0,0.0,0.0,0.0,0.0,0,0,0,0
746,Kieran,Morrison,Morrison,a,,,4.5,485,297.0,0.0,736,314.0,0.0,675.0,269.0,0,0,0.0,0,0.0,1,4,0.0,0.0,0.0,0.5,0.0,723.0,301.0,,,721.0,299.0,716.0,299.0,698.0,293.0,720.0,298.0,,,,,,,,0.0,0.0,0.0,0.0,0.0,0.0,0.0,0.0,0.0,24,0,0,0,0,0,0,0,0,0,0,0,0,0,0,0,2,4,0.0,0.0,0.0,0.0,0.0,0.0,0.0,0.0,0.0,0,0,0,0
760,Wellity,Lucky,Lucky,a,,,4.0,696,182.0,0.0,711,243.0,0.0,513.0,204.0,0,0,0.0,0,0.0,7,11,0.0,0.0,0.0,0.5,0.0,593.0,221.0,,,583.0,221.0,576.0,221.0,541.0,215.0,583.0,220.0,,,,,,,,0.0,0.0,0.0,0.0,0.0,0.0,0.0,0.0,0.0,24,0,0,0,0,0,0,0,0,0,0,0,0,0,0,0,7,11,0.0,0.0,0.0,0.0,0.0,0.0,0.0,0.0,0.0,0,0,0,0
82,Antoine,Semenyo,Semenyo,a,,,7.8,18,13.0,48.6,2,1.0,3.4,77.0,32.0,0,0,0.0,8,-8.0,7832,5717,0.4,16.7,3.4,3.9,5.9,6.0,3.0,100.0,100.0,12.0,3.0,38.0,36.0,5.0,1.0,4.0,2.0,,,,,,,,0.32,0.09,0.41,1.52,0.0,0.27,1.82,1.0,7.68,24,0,0,0,0,0,0,0,0,0,0,0,0,0,0,0,14416,10564,0.0,0.0,0.0,0.0,0.0,0.0,0.0,0.0,0.0,0,0,0,0
182,James,Trafford,Trafford,a,,,4.5,425,23.0,0.9,192,24.0,0.0,630.0,88.0,0,0,0.0,-5,5.0,8,78,0.0,2.4,0.0,0.5,3.7,98.0,9.0,,,320.0,25.0,674.0,85.0,652.0,73.0,394.0,26.0,,,,,,,,0.0,0.0,0.0,1.32,3.67,0.33,1.33,1.0,0.0,24,0,0,0,0,0,0,0,0,0,0,0,0,0,0,0,10,104,0.0,0.0,0.0,0.0,0.0,0.0,0.0,0.0,0.0,0,0,0,0
260,Marc,Guéhi,Guéhi,a,,,5.2,209,28.0,37.4,4,2.0,2.8,116.0,40.0,0,0,0.0,7,-7.0,5000,7460,0.5,21.3,2.8,3.3,5.3,10.0,3.0,100.0,100.0,29.0,12.0,160.0,40.0,77.0,6.0,63.0,11.0,,,,,,,,0.1,0.08,0.18,1.34,0.0,0.38,1.1,1.0,8.05,24,0,0,0,0,0,0,0,0,0,0,0,0,0,0,0,7932,11788,0.0,0.0,0.0,0.0,0.0,0.0,0.0,0.0,0.0,0,0,0,0
399,Ederson,Santana de Moraes,Ederson M.,u,has joined Fenerbache permanently.,,5.3,186,5.0,0.8,200,25.0,0.0,764.0,93.0,0,0,0.0,-2,2.0,0,22,0.0,0.0,0.0,0.0,0.0,782.0,93.0,0.0,0.0,781.0,93.0,780.0,92.0,775.0,89.0,781.0,93.0,,,,,,,,0.0,0.0,0.0,0.0,0.0,0.0,0.0,0.0,0.0,24,0,0,0,0,0,0,0,0,0,0,0,0,0,0,0,0,28,0.0,0.0,0.0,0.0,0.0,0.0,0.0,0.0,0.0,0,0,0,0
401,Marcus,Bettinelli,Bettinelli,a,,,3.8,776,92.0,0.2,357,52.0,0.0,414.0,25.0,0,0,0.0,-2,2.0,419,110,0.0,0.0,0.0,0.5,0.0,501.0,31.0,100.0,100.0,490.0,31.0,478.0,17.0,440.0,2.0,490.0,31.0,,,,,,,,0.0,0.0,0.0,0.0,0.0,0.0,0.0,0.0,0.0,24,0,0,0,0,0,0,0,0,0,0,0,0,0,0,0,626,163,0.0,0.0,0.0,0.0,0.0,0.0,0.0,0.0,0.0,0,0,0,0
402,Rayan,Aït-Nouri,Aït-Nouri,a,,,5.7,120,13.0,3.8,89,32.0,0.2,405.0,148.0,0,0,0.0,-3,3.0,155,158,0.0,2.3,0.2,0.7,2.2,303.0,115.0,100.0,100.0,391.0,149.0,336.0,115.0,379.0,136.0,398.0,143.0,,,,,,,,0.02,0.21,0.23,1.31,0.0,0.42,0.84,1.26,9.67,24,0,0,0,0,0,0,0,0,0,0,0,0,0,0,0,217,248,0.0,0.0,0.0,0.0,0.0,0.0,0.0,0.0,0.0,0,0,0,0
403,Joško,Gvardiol,Gvardiol,i,Leg injury - Unknown return date,,5.9,102,6.0,3.8,87,30.0,0.2,407.0,150.0,0,0,0.0,-1,1.0,8,2325,0.0,13.1,0.0,0.0,4.8,23.0,12.0,0.0,0.0,98.0,43.0,217.0,58.0,106.0,16.0,130.0,42.0,,,,,,,,0.15,0.04,0.19,1.06,0.0,0.42,0.9,1.04,6.85,24,0,0,0,0,0,0,0,0,0,0,0,0,0,0,0,8,3454,0.0,0.0,0.0,0.0,0.0,0.0,0.0,0.0,0.0,0,0,0,0
404,Manuel,Akanji,Akanji,u,has joined Inter Milan on loan for the rest of the season.,,5.4,169,19.0,0.3,333,123.0,0.0,775.0,262.0,0,0,0.0,-1,1.0,0,10,0.0,0.0,0.0,0.0,0.0,785.0,262.0,0.0,0.0,784.0,262.0,783.0,262.0,779.0,261.0,784.0,262.0,,,,,,,,0.0,0.0,0.0,0.0,0.0,0.0,0.0,0.0,0.0,24,0,0,0,0,0,0,0,0,0,0,0,0,0,0,0,0,12,0.0,0.0,0.0,0.0,0.0,0.0,0.0,0.0,0.0,0,0,0,0
405,Nathan,Aké,Aké,a,,,5.3,187,24.0,0.6,229,87.0,0.8,297.0,108.0,0,0,0.0,-2,2.0,77,109,0.2,4.7,0.8,1.3,2.1,313.0,118.0,,,328.0,127.0,250.0,74.0,344.0,114.0,343.0,119.0,,,,,,,,0.05,0.08,0.13,1.46,0.0,0.37,1.3,0.74,6.51,24,0,0,0,0,0,0,0,0,0,0,0,0,0,0,0,90,161,0.0,0.0,0.0,0.0,0.0,0.0,0.0,0.0,0.0,0,0,0,0
406,Abdukodir,Khusanov,Khusanov,a,,,5.4,184,22.0,0.4,281,107.0,2.4,148.0,54.0,0,0,0.0,-1,1.0,132,114,0.4,4.4,2.4,2.9,2.7,235.0,92.0,100.0,100.0,308.0,118.0,352.0,123.0,786.0,263.0,369.0,132.0,,,,,,,,0.0,0.01,0.01,1.38,0.0,0.32,0.81,0.97,8.53,24,0,0,0,0,0,0,0,0,0,0,0,0,0,0,0,173,174,0.0,0.0,0.0,0.0,0.0,0.0,0.0,0.0,0.0,0,0,0,0
407,Matheus,Nunes,Matheus N.,a,,,5.4,174,21.0,3.3,99,37.0,2.8,119.0,41.0,0,0,0.0,-1,1.0,1441,1484,0.5,19.4,2.8,3.3,5.2,11.0,4.0,100.0,100.0,53.0,25.0,86.0,21.0,290.0,90.0,95.0,26.0,,,4.0,,,,,0.01,0.07,0.08,1.05,0.0,0.43,0.86,0.97,7.24,24,0,0,0,0,0,0,0,0,0,0,0,0,0,0,0,2387,2431,0.0,0.0,0.0,0.0,0.0,0.0,0.0,0.0,0.0,0,0,0,0
408,Rúben,dos Santos Gato Alves Dias,Rúben,d,Hamstring injury - 50% chance of playing,,5.5,139,16.0,3.4,96,36.0,1.0,278.0,100.0,0,0,0.0,0,0.0,16,1687,0.2,17.3,0.5,0.0,4.8,21.0,10.0,50.0,0.0,49.0,22.0,232.0,66.0,225.0,60.0,136.0,43.0,,,,,,,,0.03,0.03,0.06,1.04,0.0,0.53,0.84,1.0,6.97,24,0,0,0,0,0,0,0,0,0,0,0,0,0,0,0,17,2413,0.0,0.0,0.0,0.0,0.0,0.0,0.0,0.0,0.0,0,0,0,0
409,John,Stones,Stones,i,Thigh injury - Unknown return date,,5.4,158,17.0,0.6,241,91.0,0.0,771.0,261.0,0,0,0.0,-1,1.0,3,53,0.0,2.2,0.0,0.0,1.7,370.0,138.0,0.0,0.0,351.0,133.0,379.0,137.0,434.0,162.0,396.0,142.0,,,,,,,,0.0,0.02,0.02,1.29,0.0,0.26,2.05,1.03,4.87,24,0,0,0,0,0,0,0,0,0,0,0,0,0,0,0,3,62,0.0,0.0,0.0,0.0,0.0,0.0,0.0,0.0,0.0,0,0,0,0
410,Rico,Lewis,Lewis,a,,,4.6,396,69.0,1.2,171,64.0,0.2,384.0,143.0,0,0,0.0,-4,4.0,61,148,0.0,4.1,0.2,0.7,1.9,338.0,130.0,100.0,100.0,366.0,141.0,225.0,64.0,306.0,97.0,340.0,117.0,,,,,,,,0.03,0.38,0.41,1.46,0.0,0.29,1.45,0.87,5.5,24,0,0,0,0,0,0,0,0,0,0,0,0,0,0,0,79,207,0.0,0.0,0.0,0.0,0.0,0.0,0.0,0.0,0.0,0,0,0,0
411,Nico,O'Reilly,O'Reilly,a,,,5.0,261,41.0,5.5,70,23.0,1.6,216.0,82.0,0,0,0.0,0,0.0,407,3338,0.3,16.8,1.6,2.1,3.8,91.0,35.0,100.0,100.0,92.0,40.0,79.0,19.0,97.0,11.0,75.0,17.0,,,,,,,,0.12,0.08,0.2,1.19,0.0,0.5,0.84,0.95,6.82,24,0,0,0,0,0,0,0,0,0,0,0,0,0,0,0,601,9424,0.0,0.0,0.0,0.0,0.0,0.0,0.0,0.0,0.0,0,0,0,0
412,Vitor,de Oliveira Nunes dos Reis,Vitor Reis,u,Has joined Girona on loan for the rest of the season.,,5.0,282,44.0,0.0,763,259.0,0.0,753.0,259.0,0,0,0.0,0,0.0,0,0,0.0,0.0,0.0,0.0,0.0,779.0,261.0,0.0,0.0,778.0,261.0,776.0,261.0,770.0,260.0,778.0,261.0,,,,,,,,0.0,0.0,0.0,0.0,0.0,0.0,0.0,0.0,0.0,24,0,0,0,0,0,0,0,0,0,0,0,0,0,0,0,0,0,0.0,0.0,0.0,0.0,0.0,0.0,0.0,0.0,0.0,0,0,0,0
413,Omar,Marmoush,Marmoush,a,,,8.3,13,8.0,2.4,117,39.0,2.0,179.0,78.0,0,0,0.0,-2,2.0,229,226,0.2,3.1,2.0,2.5,2.4,275.0,119.0,100.0,100.0,345.0,152.0,301.0,171.0,179.0,105.0,314.0,151.0,,1.0,2.0,,,,,0.49,0.18,0.67,0.86,0.0,0.32,0.97,0.97,6.5,24,0,0,0,0,0,0,0,0,0,0,0,0,0,0,0,362,370,0.0,0.0,0.0,0.0,0.0,0.0,0.0,0.0,0.0,0,0,0,0
414,Phil,Foden,Foden,a,,,8.4,11,6.0,14.8,24,10.0,1.2,262.0,113.0,0,0,0.0,4,-4.0,253,18247,0.1,12.1,1.2,1.7,4.9,19.0,9.0,100.0,100.0,51.0,13.0,3.0,3.0,35.0,20.0,9.0,7.0,1.0,3.0,,,,,,0.27,0.19,0.46,1.1,0.0,0.49,0.77,1.04,6.53,24,0,0,0,0,0,0,0,0,0,0,0,0,0,0,0,322,45520,0.0,0.0,0.0,0.0,0.0,0.0,0.0,0.0,0.0,0,0,0,0
415,Sávio,Moreira de Oliveira,Savinho,i,Thigh injury - Expected back 21 Feb,,6.9,43,25.0,0.4,270,92.0,0.0,802.0,359.0,0,0,0.0,-1,1.0,4,42,0.0,3.8,0.0,0.0,1.7,373.0,165.0,0.0,0.0,353.0,158.0,173.0,117.0,89.0,55.0,231.0,114.0,,,,,,,,0.22,0.2,0.42,1.08,0.0,0.34,0.85,0.85,7.46,24,0,0,0,0,0,0,0,0,0,0,0,0,0,0,0,4,50,0.0,0.0,0.0,0.0,0.0,0.0,0.0,0.0,0.0,0,0,0,0
416,Bernardo,Mota Veiga de Carvalho e Silva,Bernardo,a,,,6.2,73,47.0,0.5,252,85.0,2.2,166.0,73.0,0,0,0.0,-3,3.0,75,90,0.4,8.7,2.2,2.7,2.3,289.0,127.0,,,196.0,84.0,42.0,39.0,212.0,118.0,115.0,63.0,5.0,,,,,,,0.04,0.1,0.14,1.16,0.0,0.43,0.92,1.03,7.8,24,0,0,0,0,0,0,0,0,0,0,0,0,0,0,0,101,131,0.0,0.0,0.0,0.0,0.0,0.0,0.0,0.0,0.0,0,0,0,0
417,Rayan,Cherki,Cherki,a,,,6.6,50,32.0,10.4,41,15.0,1.8,202.0,89.0,0,0,0.0,1,-1.0,1513,9084,0.3,12.1,1.8,2.3,4.4,41.0,18.0,100.0,100.0,101.0,33.0,13.0,13.0,57.0,35.0,32.0,26.0,2.0,4.0,,,,,,0.18,0.53,0.71,1.22,0.0,0.47,0.85,1.04,8.61,24,0,0,0,0,0,0,0,0,0,0,0,0,0,0,0,2233,18886,0.0,0.0,0.0,0.0,0.0,0.0,0.0,0.0,0.0,0,0,0,0
418,Jérémy,Doku,Doku,i,Calf injury - Expected back 11 Feb,,6.4,58,37.0,2.7,110,32.0,2.4,154.0,68.0,0,0,0.0,-1,1.0,24,2631,0.4,11.2,0.0,0.0,3.6,115.0,53.0,0.0,0.0,141.0,51.0,11.0,11.0,31.0,17.0,24.0,19.0,,,3.0,,,,,0.14,0.32,0.46,1.19,0.0,0.38,0.99,0.99,6.03,24,0,0,0,0,0,0,0,0,0,0,0,0,0,0,0,26,3743,0.0,0.0,0.0,0.0,0.0,0.0,0.0,0.0,0.0,0,0,0,0
420,İlkay,Gündoğan,Gündoğan,u,has joined Galatasaray permanently.,,6.3,63,42.0,0.1,543,194.0,0.0,796.0,356.0,0,0,0.0,-2,2.0,0,2,0.0,0.0,0.0,0.0,0.0,800.0,357.0,0.0,0.0,800.0,357.0,800.0,357.0,800.0,357.0,800.0,357.0,,,,,,,,0.0,0.0,0.0,0.0,0.0,0.0,0.0,0.0,0.0,24,0,0,0,0,0,0,0,0,0,0,0,0,0,0,0,0,2,0.0,0.0,0.0,0.0,0.0,0.0,0.0,0.0,0.0,0,0,0,0
421,Rodrigo 'Rodri',Hernandez Cascante,Rodrigo,a,,,6.3,66,44.0,0.4,261,88.0,2.4,152.0,66.0,0,0,0.0,-2,2.0,93,80,0.4,4.0,2.4,2.9,2.3,290.0,128.0,100.0,100.0,283.0,126.0,148.0,102.0,325.0,170.0,275.0,135.0,,,,,,,,0.02,0.12,0.14,1.34,0.0,0.28,0.85,1.0,12.8,24,0,0,0,0,0,0,0,0,0,0,0,0,0,0,0,113,104,0.0,0.0,0.0,0.0,0.0,0.0,0.0,0.0,0.0,0,0,0,0
422,Mateo,Kovačić,Kovačić,i,Ankle injury - Unknown return date,,5.9,90,57.0,0.0,674,279.0,0.0,792.0,353.0,0,0,0.0,-1,1.0,2,8,0.0,0.2,0.0,0.0,1.0,485.0,230.0,0.0,0.0,466.0,215.0,452.0,219.0,795.0,354.0,482.0,223.0,,,,,,,,0.0,0.0,0.0,0.0,0.0,0.0,0.0,0.0,0.0,24,0,0,0,0,0,0,0,0,0,0,0,0,0,0,0,2,8,0.0,0.0,0.0,0.0,0.0,0.0,0.0,0.0,0.0,0,0,0,0
423,Nico,González Iglesias,N.Gonzalez,a,,,5.9,99,64.0,0.1,465,158.0,0.8,300.0,135.0,0,0,0.0,-1,1.0,19,28,0.1,9.3,0.8,1.3,2.9,206.0,88.0,100.0,100.0,167.0,65.0,136.0,97.0,271.0,144.0,191.0,102.0,,,,,,,,0.04,0.06,0.1,1.06,0.0,0.47,0.88,1.01,11.63,24,0,0,0,0,0,0,0,0,0,0,0,0,0,0,0,20,33,0.0,0.0,0.0,0.0,0.0,0.0,0.0,0.0,0.0,0,0,0,0
425,Claudio,Echeverri,Echeverri,u,has joined Girona on loan for the rest of the season.,,5.4,183,114.0,0.0,726,309.0,0.0,782.0,346.0,0,0,0.0,-1,1.0,0,0,0.0,0.0,0.0,0.0,0.0,791.0,351.0,0.0,0.0,790.0,350.0,789.0,350.0,785.0,349.0,790.0,350.0,,,,,,,,0.0,0.0,0.0,0.0,0.0,0.0,0.0,0.0,0.0,24,0,0,0,0,0,0,0,0,0,0,0,0,0,0,0,0,0,0.0,0.0,0.0,0.0,0.0,0.0,0.0,0.0,0.0,0,0,0,0
427,Tijjani,Reijnders,Reijnders,a,,,5.1,232,143.0,11.0,39,14.0,3.2,86.0,37.0,0,0,0.0,-4,4.0,713,3187,0.6,16.1,3.2,3.7,3.7,102.0,48.0,,,119.0,41.0,62.0,50.0,33.0,19.0,51.0,35.0,3.0,,,,,,,0.23,0.12,0.35,1.03,0.0,0.45,0.96,1.09,5.33,24,0,0,0,0,0,0,0,0,0,0,0,0,0,0,0,1086,5449,0.0,0.0,0.0,0.0,0.0,0.0,0.0,0.0,0.0,0,0,0,0
428,Sverre,Nypan,Nypan,u,Has joined Middlesbrough on loan for the rest of the season.,,5.0,278,170.0,0.0,714,302.0,0.0,750.0,324.0,0,0,0.0,0,0.0,0,1,0.0,0.0,0.0,0.0,0.0,776.0,340.0,0.0,0.0,775.0,339.0,773.0,339.0,766.0,336.0,774.0,338.0,,,,,,,,0.0,0.0,0.0,0.0,0.0,0.0,0.0,0.0,0.0,24,0,0,0,0,0,0,0,0,0,0,0,0,0,0,0,0,1,0.0,0.0,0.0,0.0,0.0,0.0,0.0,0.0,0.0,0,0,0,0
429,Kalvin,Phillips,Phillips,a,,,4.7,378,236.0,0.1,537,190.0,0.0,696.0,286.0,0,0,0.0,-3,3.0,6,15,0.0,0.0,0.0,0.5,0.0,742.0,316.0,,,741.0,315.0,736.0,315.0,721.0,310.0,740.0,314.0,,,,,,,,0.0,0.0,0.0,0.0,0.0,0.0,0.0,0.0,0.0,24,0,0,0,0,0,0,0,0,0,0,0,0,0,0,0,8,16,0.0,0.0,0.0,0.0,0.0,0.0,0.0,0.0,0.0,0,0,0,0
430,Erling,Haaland,Haaland,a,,,15.0,1,1.0,71.8,1,1.0,2.2,168.0,20.0,0,0,0.0,10,-10.0,1227,8626,0.1,11.1,2.2,2.7,7.2,2.0,1.0,100.0,100.0,1.0,1.0,159.0,13.0,1.0,1.0,1.0,1.0,,,1.0,,,,,0.87,0.06,0.93,1.18,0.0,0.47,0.94,1.03,3.38,24,0,0,0,0,0,0,0,0,0,0,0,0,0,0,0,1853,14030,0.0,0.0,0.0,0.0,0.0,0.0,0.0,0.0,0.0,0,0,0,0
736,Gianluigi,Donnarumma,Donnarumma,a,,,5.6,128,3.0,9.2,45,7.0,2.6,135.0,13.0,0,0,0.0,1,-1.0,844,3181,0.5,14.1,2.6,3.1,4.0,70.0,6.0,,,80.0,15.0,795.0,93.0,793.0,92.0,255.0,15.0,,,,,,,,0.0,0.0,0.0,1.11,2.2,0.45,0.85,1.0,0.0,24,0,0,0,0,0,0,0,0,0,0,0,0,0,0,0,1127,4874,0.0,0.0,0.0,0.0,0.0,0.0,0.0,0.0,0.0,0,0,0,0
739,Divine,Mukasa,Mukasa,a,,,4.4,557,334.0,0.0,666,273.0,0.2,374.0,168.0,0,0,0.0,-1,1.0,7,4,0.0,0.5,0.2,0.7,1.0,453.0,203.0,,,457.0,209.0,358.0,186.0,411.0,203.0,437.0,198.0,,,,,,,,0.0,0.76,0.76,1.22,0.0,0.0,0.0,0.0,3.6,24,0,0,0,0,0,0,0,0,0,0,0,0,0,0,0,10,6,0.0,0.0,0.0,0.0,0.0,0.0,0.0,0.0,0.0,0,0,0,0
740,Stephen,Mfuni,Mfuni,a,,,3.9,767,225.0,0.0,608,218.0,0.0,469.0,183.0,0,0,0.0,-1,1.0,5,7,0.0,0.0,0.0,0.5,0.0,550.0,201.0,,,540.0,201.0,531.0,201.0,494.0,193.0,540.0,200.0,,,,,,,,0.0,0.0,0.0,0.0,0.0,0.0,0.0,0.0,0.0,24,0,0,0,0,0,0,0,0,0,0,0,0,0,0,0,6,8,0.0,0.0,0.0,0.0,0.0,0.0,0.0,0.0,0.0,0,0,0,0
742,Ryan,McAidoo,McAidoo,a,,,4.5,496,306.0,0.0,722,307.0,0.0,684.0,277.0,0,0,0.0,0,0.0,4,4,0.0,0.0,0.0,0.5,0.0,731.0,308.0,,,730.0,307.0,725.0,307.0,707.0,301.0,729.0,306.0,,,,,,,,0.0,0.0,0.0,0.0,0.0,0.0,0.0,0.0,0.0,24,0,0,0,0,0,0,0,0,0,0,0,0,0,0,0,4,5,0.0,0.0,0.0,0.0,0.0,0.0,0.0,0.0,0.0,0,0,0,0
794,Max,Alleyne,Alleyne,a,,,4.3,592,138.0,0.0,698,240.0,1.2,249.0,93.0,0,0,0.0,-2,2.0,6,20,0.3,1.2,1.2,1.7,2.5,255.0,100.0,,,407.0,154.0,386.0,141.0,339.0,111.0,413.0,150.0,,,,,,,,0.17,0.04,0.21,1.03,0.0,0.0,0.67,1.33,7.33,24,0,0,0,0,0,0,0,0,0,0,0,0,0,0,0,7,37,0.0,0.0,0.0,0.0,0.0,0.0,0.0,0.0,0.0,0,0,0,0
119,Bryan,Mbeumo,Mbeumo,a,,,8.4,12,7.0,19.1,19,7.0,3.8,60.0,26.0,0,0,0.0,4,-4.0,19606,1105,0.5,11.1,3.8,3.8,5.2,13.0,7.0,100.0,100.0,55.0,14.0,16.0,15.0,8.0,3.0,7.0,5.0,2.0,2.0,,,,,,0.37,0.2,0.57,1.27,0.0,0.17,1.52,1.05,4.78,24,0,0,0,0,0,0,0,0,0,0,0,0,0,0,0,42726,2187,0.0,0.0,0.0,0.0,0.0,0.0,0.0,0.0,0.0,0,0,0,0
431,Altay,Bayındır,Bayindir,a,,,4.7,385,17.0,0.3,307,40.0,0.0,699.0,90.0,0,0,0.0,-3,3.0,22,24,0.0,2.3,0.0,0.0,1.8,351.0,28.0,,,300.0,24.0,408.0,9.0,722.0,79.0,376.0,24.0,,,,,,,,0.0,0.01,0.01,1.54,2.17,0.0,1.83,1.0,0.0,24,0,0,0,0,0,0,0,0,0,0,0,0,0,0,0,29,36,0.0,0.0,0.0,0.0,0.0,0.0,0.0,0.0,0.0,0,0,0,0
432,André,Onana,Onana,u,has joined Trabzonspor on loan for the rest of the season.,,4.9,301,12.0,0.1,418,63.0,0.0,716.0,92.0,0,0,0.0,-1,1.0,0,4,0.0,0.0,0.0,0.0,0.0,752.0,92.0,0.0,0.0,751.0,92.0,747.0,89.0,737.0,83.0,750.0,92.0,,,,,,,,0.0,0.0,0.0,0.0,0.0,0.0,0.0,0.0,0.0,24,0,0,0,0,0,0,0,0,0,0,0,0,0,0,0,0,5,0.0,0.0,0.0,0.0,0.0,0.0,0.0,0.0,0.0,0,0,0,0
433,Elyh,Harrison,Harrison,u,On loan to Shrewsbury Town,,4.0,708,64.0,0.0,790,91.0,0.0,525.0,76.0,0,0,0.0,0,0.0,0,0,0.0,0.0,0.0,0.0,0.0,603.0,82.0,0.0,0.0,593.0,82.0,586.0,71.0,552.0,56.0,593.0,82.0,,,,,,,,0.0,0.0,0.0,0.0,0.0,0.0,0.0,0.0,0.0,24,0,0,0,0,0,0,0,0,0,0,0,0,0,0,0,0,0,0.0,0.0,0.0,0.0,0.0,0.0,0.0,0.0,0.0,0,0,0,0
434,Tom,Heaton,Heaton,a,,,3.9,726,65.0,0.3,336,46.0,0.0,437.0,27.0,0,0,0.0,-1,1.0,15,31,0.0,0.0,0.0,0.0,0.0,519.0,33.0,,,509.0,33.0,499.0,19.0,462.0,4.0,509.0,33.0,,,,,,,,0.0,0.0,0.0,0.0,0.0,0.0,0.0,0.0,0.0,24,0,0,0,0,0,0,0,0,0,0,0,0,0,0,0,20,40,0.0,0.0,0.0,0.0,0.0,0.0,0.0,0.0,0.0,0,0,0,0
435,Dermot,Mee,Mee,a,,,3.9,749,80.0,0.1,468,72.0,0.0,454.0,41.0,0,0,0.0,-1,1.0,4,14,0.0,0.0,0.0,0.0,0.0,535.0,47.0,,,525.0,47.0,516.0,34.0,479.0,19.0,525.0,47.0,,,,,,,,0.0,0.0,0.0,0.0,0.0,0.0,0.0,0.0,0.0,24,0,0,0,0,0,0,0,0,0,0,0,0,0,0,0,5,16,0.0,0.0,0.0,0.0,0.0,0.0,0.0,0.0,0.0,0,0,0,0
436,Matthijs,de Ligt,De Ligt,i,Back injury - Expected back 10 Feb,,4.9,306,49.0,1.9,135,54.0,0.0,718.0,256.0,0,0,0.0,-1,1.0,7,230,0.0,8.8,0.0,0.0,3.3,145.0,57.0,0.0,0.0,162.0,67.0,296.0,98.0,183.0,39.0,217.0,74.0,,,,,,,,0.11,0.06,0.17,1.44,0.0,0.08,1.54,1.0,8.23,24,0,0,0,0,0,0,0,0,0,0,0,0,0,0,0,7,276,0.0,0.0,0.0,0.0,0.0,0.0,0.0,0.0,0.0,0,0,0,0
437,Lisandro,Martínez,Martinez,a,,,4.8,360,62.0,0.7,209,80.0,2.4,143.0,52.0,0,0,0.0,-2,2.0,982,220,0.5,6.0,2.4,2.4,2.6,242.0,96.0,100.0,100.0,266.0,106.0,302.0,99.0,384.0,140.0,332.0,113.0,,,,,,,,0.01,0.03,0.04,0.82,0.0,0.28,1.14,0.85,7.81,24,0,0,0,0,0,0,0,0,0,0,0,0,0,0,0,1437,322,0.0,0.0,0.0,0.0,0.0,0.0,0.0,0.0,0.0,0,0,0,0
438,Noussair,Mazraoui,Mazraoui,a,,,4.9,315,52.0,0.2,371,136.0,0.2,391.0,144.0,0,0,0.0,-1,1.0,124,38,0.0,3.7,0.2,0.2,1.8,354.0,131.0,100.0,100.0,314.0,122.0,311.0,103.0,371.0,132.0,360.0,127.0,,,,,,,,0.0,0.05,0.05,0.8,0.0,0.2,1.02,1.22,8.57,24,0,0,0,0,0,0,0,0,0,0,0,0,0,0,0,191,42,0.0,0.0,0.0,0.0,0.0,0.0,0.0,0.0,0.0,0,0,0,0
439,Diego,León Blanco,D.Leon,a,,,4.2,645,156.0,0.1,563,203.0,0.0,557.0,235.0,0,0,0.0,-3,3.0,1,5,0.0,0.0,0.0,0.0,0.0,626.0,245.0,,,617.0,246.0,612.0,245.0,582.0,243.0,618.0,246.0,,,,,,,,0.0,0.0,0.0,0.0,0.0,0.0,0.0,0.0,0.0,24,0,0,0,0,0,0,0,0,0,0,0,0,0,0,0,3,6,0.0,0.0,0.0,0.0,0.0,0.0,0.0,0.0,0.0,0,0,0,0
440,Diogo,Dalot Teixeira,Dalot,a,,,4.5,417,80.0,3.6,93,34.0,1.8,190.0,70.0,0,0,0.0,0,0.0,1716,843,0.4,15.8,1.8,1.8,3.4,130.0,51.0,100.0,100.0,123.0,53.0,78.0,18.0,195.0,47.0,113.0,36.0,,,,,,,,0.07,0.09,0.16,1.28,0.0,0.23,1.59,1.02,6.02,24,0,0,0,0,0,0,0,0,0,0,0,0,0,0,0,3437,1706,0.0,0.0,0.0,0.0,0.0,0.0,0.0,0.0,0.0,0,0,0,0
441,Patrick,Dorgu,Dorgu,i,Hamstring injury - Unknown return date,,4.4,559,118.0,7.8,52,16.0,5.8,9.0,2.0,0,0,0.0,-1,1.0,559,25461,1.3,16.8,0.0,0.0,3.4,129.0,50.0,0.0,0.0,73.0,33.0,43.0,4.0,69.0,3.0,45.0,4.0,,,,,,,,0.13,0.1,0.23,1.27,0.0,0.2,1.35,0.95,6.43,24,0,0,0,0,0,0,0,0,0,0,0,0,0,0,0,679,36507,0.0,0.0,0.0,0.0,0.0,0.0,0.0,0.0,0.0,0,0,0,0
442,Harry,Maguire,Maguire,a,,,4.3,565,120.0,1.2,175,66.0,1.8,182.0,63.0,0,0,0.0,-2,2.0,2022,141,0.4,9.8,1.8,1.8,4.2,51.0,22.0,100.0,100.0,295.0,112.0,383.0,139.0,296.0,94.0,352.0,122.0,,,,,,,,0.08,0.0,0.08,1.44,0.0,0.52,1.04,1.04,7.08,24,0,0,0,0,0,0,0,0,0,0,0,0,0,0,0,5302,527,0.0,0.0,0.0,0.0,0.0,0.0,0.0,0.0,0.0,0,0,0,0
443,Luke,Shaw,Shaw,a,,,4.5,407,74.0,0.7,220,84.0,1.8,188.0,68.0,0,0,0.0,0,0.0,583,123,0.4,11.8,1.8,1.8,2.3,280.0,110.0,,,104.0,46.0,107.0,27.0,321.0,103.0,157.0,50.0,,,,,,,,0.0,0.06,0.06,1.2,0.0,0.18,1.4,1.04,5.81,24,0,0,0,0,0,0,0,0,0,0,0,0,0,0,0,981,233,0.0,0.0,0.0,0.0,0.0,0.0,0.0,0.0,0.0,0,0,0,0
444,Leny,Yoro,Yoro,a,,,4.2,640,154.0,1.3,170,63.0,0.6,310.0,116.0,0,0,0.0,-3,3.0,123,173,0.1,8.3,0.6,0.6,1.7,364.0,134.0,,,231.0,94.0,288.0,93.0,254.0,71.0,279.0,92.0,,,,,,,,0.05,0.02,0.07,1.37,0.0,0.08,1.91,0.95,7.47,24,0,0,0,0,0,0,0,0,0,0,0,0,0,0,0,148,230,0.0,0.0,0.0,0.0,0.0,0.0,0.0,0.0,0.0,0,0,0,0
445,Harry,Amass,Amass,u,has joined Norwich City on loan for the rest of the season.,,4.0,706,191.0,0.1,528,192.0,0.0,523.0,213.0,0,0,0.0,0,0.0,0,4,0.0,0.0,0.0,0.0,0.0,601.0,228.0,0.0,0.0,591.0,228.0,584.0,228.0,550.0,223.0,591.0,227.0,,,,,,,,0.0,0.0,0.0,0.0,0.0,0.0,0.0,0.0,0.0,24,0,0,0,0,0,0,0,0,0,0,0,0,0,0,0,0,7,0.0,0.0,0.0,0.0,0.0,0.0,0.0,0.0,0.0,0,0,0,0
446,Tyler,Fredricson,Fredricson,a,,,3.8,796,252.0,0.1,427,160.0,0.0,429.0,169.0,0,0,0.0,-2,2.0,6,17,0.0,0.3,0.0,0.0,1.0,436.0,159.0,,,458.0,167.0,492.0,189.0,454.0,180.0,472.0,168.0,,,,,,,,0.0,0.0,0.0,13.5,0.0,0.0,0.0,0.0,90.0,24,0,0,0,0,0,0,0,0,0,0,0,0,0,0,0,8,22,0.0,0.0,0.0,0.0,0.0,0.0,0.0,0.0,0.0,0,0,0,0
447,Ayden,Heaven,Heaven,a,,,3.8,805,260.0,2.2,119,46.0,1.0,263.0,97.0,0,0,0.0,-2,2.0,318,815,0.3,6.8,1.0,1.0,2.4,266.0,104.0,100.0,100.0,245.0,100.0,360.0,128.0,337.0,110.0,328.0,111.0,,,,,,,,0.05,0.02,0.07,1.12,0.0,0.14,1.7,1.13,10.05,24,0,0,0,0,0,0,0,0,0,0,0,0,0,0,0,487,1527,0.0,0.0,0.0,0.0,0.0,0.0,0.0,0.0,0.0,0,0,0,0
449,Bruno,Borges Fernandes,B.Fernandes,a,,,9.5,6,4.0,28.5,11,4.0,4.4,35.0,16.0,0,0,0.0,5,-5.0,27332,1207,0.5,12.7,4.4,4.4,6.0,5.0,2.0,100.0,100.0,5.0,1.0,1.0,1.0,41.0,24.0,2.0,1.0,1.0,1.0,1.0,,,,,0.39,0.3,0.69,1.28,0.0,0.1,1.57,1.05,10.34,24,0,0,0,0,0,0,0,0,0,0,0,0,0,0,0,58648,1599,0.0,0.0,0.0,0.0,0.0,0.0,0.0,0.0,0.0,0,0,0,0
450,Matheus,Santos Carneiro da Cunha,Cunha,a,,,8.0,16,11.0,7.9,51,19.0,4.8,24.0,12.0,0,0,0.0,0,0.0,4056,1554,0.6,9.9,4.8,4.8,4.0,74.0,33.0,100.0,100.0,79.0,25.0,52.0,44.0,20.0,9.0,30.0,24.0,,,,,,,,0.31,0.14,0.45,1.28,0.0,0.19,1.4,1.02,7.65,24,0,0,0,0,0,0,0,0,0,0,0,0,0,0,0,7027,4806,0.0,0.0,0.0,0.0,0.0,0.0,0.0,0.0,0.0,0,0,0,0
451,Marcus,Rashford,Rashford,u,Has joined Barcelona on loan for the rest of the season,,7.0,39,23.0,0.0,688,288.0,0.0,803.0,360.0,0,0,0.0,0,0.0,0,0,0.0,0.0,0.0,0.0,0.0,806.0,360.0,0.0,0.0,806.0,360.0,806.0,360.0,806.0,360.0,806.0,360.0,,,,,,,,0.0,0.0,0.0,0.0,0.0,0.0,0.0,0.0,0.0,24,0,0,0,0,0,0,0,0,0,0,0,0,0,0,0,0,0,0.0,0.0,0.0,0.0,0.0,0.0,0.0,0.0,0.0,0,0,0,0
452,Amad,Diallo,Amad,a,,,6.2,78,51.0,1.6,147,47.0,1.0,283.0,128.0,0,0,0.0,-3,3.0,1538,440,0.2,9.8,1.0,1.0,3.6,113.0,52.0,100.0,100.0,147.0,54.0,32.0,31.0,45.0,27.0,42.0,31.0,,,,,,,,0.25,0.18,0.43,1.11,0.0,0.2,1.3,1.04,7.83,24,0,0,0,0,0,0,0,0,0,0,0,0,0,0,0,3097,658,0.0,0.0,0.0,0.0,0.0,0.0,0.0,0.0,0.0,0,0,0,0
454,Antony,dos Santos,Antony,u,has joined Real Betis permanently.,,5.9,100,65.0,0.1,556,204.0,0.0,794.0,355.0,0,0,0.0,-1,1.0,0,1,0.0,0.0,0.0,0.0,0.0,798.0,356.0,0.0,0.0,798.0,356.0,798.0,356.0,798.0,356.0,798.0,356.0,,,,,,,,0.0,0.0,0.0,0.0,0.0,0.0,0.0,0.0,0.0,24,0,0,0,0,0,0,0,0,0,0,0,0,0,0,0,0,1,0.0,0.0,0.0,0.0,0.0,0.0,0.0,0.0,0.0,0,0,0,0
455,Mason,Mount,Mount,a,,,5.9,96,61.0,0.4,283,93.0,0.4,354.0,157.0,0,0,0.0,-1,1.0,104,143,0.1,7.8,0.4,0.4,2.7,237.0,103.0,100.0,100.0,258.0,112.0,127.0,91.0,133.0,78.0,188.0,99.0,3.0,,,,,,,0.17,0.16,0.33,1.14,0.0,0.33,1.55,1.11,6.87,24,0,0,0,0,0,0,0,0,0,0,0,0,0,0,0,129,247,0.0,0.0,0.0,0.0,0.0,0.0,0.0,0.0,0.0,0,0,0,0
457,Carlos Henrique,Casimiro,Casemiro,a,,,5.5,136,83.0,1.3,165,56.0,3.2,90.0,40.0,0,0,0.0,0,0.0,785,612,0.6,16.7,3.2,3.2,4.4,39.0,17.0,100.0,100.0,59.0,17.0,71.0,57.0,58.0,36.0,48.0,34.0,,,,,,,,0.23,0.11,0.34,1.0,0.0,0.31,1.16,1.22,11.91,24,0,0,0,0,0,0,0,0,0,0,0,0,0,0,0,1194,952,0.0,0.0,0.0,0.0,0.0,0.0,0.0,0.0,0.0,0,0,0,0
458,Kobbie,Mainoo,Mainoo,a,,,4.6,398,246.0,0.6,231,80.0,1.8,192.0,83.0,0,0,0.0,-4,4.0,759,149,0.4,4.3,1.8,1.8,1.4,405.0,180.0,100.0,100.0,332.0,146.0,193.0,128.0,334.0,174.0,321.0,155.0,,,,,,,,0.03,0.06,0.09,1.3,0.0,0.22,1.99,0.44,9.49,24,0,0,0,0,0,0,0,0,0,0,0,0,0,0,0,1244,214,0.0,0.0,0.0,0.0,0.0,0.0,0.0,0.0,0.0,0,0,0,0
459,Manuel,Ugarte Ribeiro,Ugarte,a,,,4.7,383,239.0,0.2,401,136.0,1.4,235.0,98.0,0,0,0.0,-3,3.0,34,62,0.3,6.2,1.4,1.4,1.8,350.0,157.0,,,301.0,134.0,293.0,169.0,326.0,171.0,341.0,164.0,,,,,,,,0.04,0.02,0.06,1.66,0.0,0.12,2.22,0.86,14.18,24,0,0,0,0,0,0,0,0,0,0,0,0,0,0,0,43,93,0.0,0.0,0.0,0.0,0.0,0.0,0.0,0.0,0.0,0,0,0,0
460,Toby,Collyer,Collyer,a,,,4.5,442,264.0,0.0,650,264.0,0.0,642.0,242.0,0,0,0.0,0,0.0,0,2,0.0,0.0,0.0,0.0,0.0,694.0,278.0,100.0,100.0,688.0,272.0,686.0,275.0,665.0,266.0,689.0,273.0,,,,,,,,0.0,0.0,0.0,0.0,0.0,0.0,0.0,0.0,0.0,24,0,0,0,0,0,0,0,0,0,0,0,0,0,0,0,1,2,0.0,0.0,0.0,0.0,0.0,0.0,0.0,0.0,0.0,0,0,0,0
461,Jayce,Fitzgerald,Fitzgerald,a,,,4.3,606,352.0,0.0,612,235.0,0.0,574.0,201.0,0,0,0.0,-2,2.0,8,4,0.0,0.0,0.0,0.0,0.0,640.0,243.0,,,630.0,233.0,627.0,238.0,599.0,225.0,631.0,234.0,,,,,,,,0.0,0.0,0.0,0.0,0.0,0.0,0.0,0.0,0.0,24,0,0,0,0,0,0,0,0,0,0,0,0,0,0,0,10,6,0.0,0.0,0.0,0.0,0.0,0.0,0.0,0.0,0.0,0,0,0,0
462,Jack,Fletcher,J.Fletcher,a,,,4.3,603,349.0,0.1,502,177.0,0.0,571.0,198.0,0,0,0.0,-2,2.0,23,22,0.0,0.7,0.0,0.0,1.0,446.0,197.0,,,432.0,193.0,368.0,189.0,408.0,201.0,430.0,193.0,,,,,,,,0.03,0.02,0.05,1.56,0.0,0.0,0.0,0.0,9.25,24,0,0,0,0,0,0,0,0,0,0,0,0,0,0,0,32,39,0.0,0.0,0.0,0.0,0.0,0.0,0.0,0.0,0.0,0,0,0,0
463,Sékou,Koné,Kone,a,,,4.3,615,359.0,0.1,487,170.0,0.0,582.0,207.0,0,0,0.0,-2,2.0,14,13,0.0,0.0,0.0,0.0,0.0,646.0,248.0,,,636.0,238.0,633.0,243.0,606.0,231.0,637.0,239.0,,,,,,,,0.0,0.0,0.0,0.0,0.0,0.0,0.0,0.0,0.0,24,0,0,0,0,0,0,0,0,0,0,0,0,0,0,0,15,14,0.0,0.0,0.0,0.0,0.0,0.0,0.0,0.0,0.0,0,0,0,0
464,Jack,Moorhouse,Moorhouse,u,has joined Leyton Orient on loan for the rest of the season.,,4.5,466,283.0,0.0,678,282.0,0.0,658.0,257.0,0,0,0.0,0,0.0,0,1,0.0,0.0,0.0,0.0,0.0,708.0,291.0,0.0,0.0,705.0,288.0,701.0,289.0,681.0,281.0,705.0,288.0,,,,,,,,0.0,0.0,0.0,0.0,0.0,0.0,0.0,0.0,0.0,24,0,0,0,0,0,0,0,0,0,0,0,0,0,0,0,0,1,0.0,0.0,0.0,0.0,0.0,0.0,0.0,0.0,0.0,0,0,0,0
465,Rasmus,Højlund,Højlund,u,has joined Napoli on loan for the rest of the season.,,6.3,70,22.0,0.3,335,55.0,0.0,797.0,85.0,0,0,0.0,-2,2.0,0,13,0.0,0.0,0.0,0.0,0.0,801.0,88.0,0.0,0.0,801.0,88.0,801.0,88.0,801.0,88.0,801.0,88.0,,,,,,,,0.0,0.0,0.0,0.0,0.0,0.0,0.0,0.0,0.0,24,0,0,0,0,0,0,0,0,0,0,0,0,0,0,0,0,13,0.0,0.0,0.0,0.0,0.0,0.0,0.0,0.0,0.0,0,0,0,0
466,Joshua,Zirkzee,Zirkzee,d,Knock - 75% chance of playing,,5.8,109,31.0,0.4,265,42.0,1.0,280.0,35.0,0,0,0.0,-2,2.0,20,192,0.2,5.7,0.8,0.8,2.4,274.0,29.0,75.0,75.0,278.0,26.0,182.0,15.0,124.0,31.0,229.0,27.0,,,,,,,,0.33,0.05,0.38,1.2,0.0,0.19,1.31,0.75,6.36,24,0,0,0,0,0,0,0,0,0,0,0,0,0,0,0,26,254,0.0,0.0,0.0,0.0,0.0,0.0,0.0,0.0,0.0,0,0,0,0
467,Chido,Obi,Obi,a,,,4.2,642,89.0,1.7,143,23.0,0.0,554.0,50.0,0,0,0.0,-3,3.0,201,564,0.0,0.0,0.0,0.0,0.0,624.0,61.0,,,615.0,61.0,610.0,60.0,580.0,60.0,616.0,61.0,,,,,,,,0.0,0.0,0.0,0.0,0.0,0.0,0.0,0.0,0.0,24,0,0,0,0,0,0,0,0,0,0,0,0,0,0,0,290,783,0.0,0.0,0.0,0.0,0.0,0.0,0.0,0.0,0.0,0,0,0,0
468,Ethan,Wheatley,Wheatley,a,,,4.5,473,67.0,0.1,491,68.0,0.0,665.0,64.0,0,0,0.0,0,0.0,25,10,0.0,0.0,0.0,0.0,0.0,714.0,74.0,100.0,100.0,711.0,74.0,707.0,73.0,688.0,73.0,711.0,74.0,,,,,,,,0.0,0.0,0.0,0.0,0.0,0.0,0.0,0.0,0.0,24,0,0,0,0,0,0,0,0,0,0,0,0,0,0,0,31,11,0.0,0.0,0.0,0.0,0.0,0.0,0.0,0.0,0.0,0,0,0,0
681,Benjamin,Sesko,Šeško,a,,,7.2,33,13.0,3.3,100,18.0,3.2,95.0,12.0,0,0,0.0,-3,3.0,512,857,0.4,7.8,3.2,3.2,3.1,182.0,17.0,100.0,100.0,194.0,14.0,189.0,16.0,19.0,11.0,79.0,14.0,,,,,,,,0.43,0.02,0.45,1.35,0.0,0.09,1.81,0.95,3.78,24,0,0,0,0,0,0,0,0,0,0,0,0,0,0,0,883,1242,0.0,0.0,0.0,0.0,0.0,0.0,0.0,0.0,0.0,0,0,0,0
733,Senne,Lammens,Lammens,a,,,5.0,260,9.0,1.9,137,18.0,2.2,162.0,16.0,0,0,0.0,0,0.0,756,423,0.4,9.8,2.2,2.2,2.9,200.0,18.0,,,118.0,18.0,766.0,90.0,433.0,1.0,282.0,17.0,,,,,,,,0.0,0.0,0.0,1.13,2.18,0.18,1.35,1.0,0.0,24,0,0,0,0,0,0,0,0,0,0,0,0,0,0,0,1218,673,0.0,0.0,0.0,0.0,0.0,0.0,0.0,0.0,0.0,0,0,0,0
755,Shea,Lacey,Lacey,a,,,4.5,476,290.0,0.0,703,296.0,0.2,380.0,171.0,0,0,0.0,0,0.0,9,12,0.0,0.4,0.2,0.2,1.0,462.0,211.0,100.0,100.0,459.0,210.0,444.0,215.0,377.0,190.0,457.0,209.0,,,,,,,,0.52,0.0,0.52,0.82,0.0,0.0,0.0,0.0,7.5,24,0,0,0,0,0,0,0,0,0,0,0,0,0,0,0,19,21,0.0,0.0,0.0,0.0,0.0,0.0,0.0,0.0,0.0,0,0,0,0
769,Bendito,Mantato,Bendito Mantato,a,,,4.5,475,289.0,0.0,781,342.0,0.0,667.0,263.0,0,0,0.0,0,0.0,1,1,0.0,0.2,0.0,0.0,1.0,461.0,210.0,,,468.0,217.0,395.0,196.0,690.0,287.0,459.0,211.0,,,,,,,,0.0,0.06,0.06,0.3,0.0,0.0,0.0,0.0,0.0,24,0,0,0,0,0,0,0,0,0,0,0,0,0,0,0,1,1,0.0,0.0,0.0,0.0,0.0,0.0,0.0,0.0,0.0,0,0,0,0
771,Tyler,Fletcher,Fletcher,a,,,4.4,542,325.0,0.0,757,327.0,0.0,602.0,217.0,0,0,0.0,-1,1.0,11,7,0.0,0.0,0.0,0.0,0.0,661.0,257.0,,,652.0,248.0,649.0,253.0,623.0,241.0,653.0,249.0,,,,,,,,0.0,0.0,0.0,0.0,0.0,0.0,0.0,0.0,0.0,24,0,0,0,0,0,0,0,0,0,0,0,0,0,0,0,13,10,0.0,0.0,0.0,0.0,0.0,0.0,0.0,0.0,0.0,0,0,0,0
788,Godwill,Kukonki,Kukonki,a,,,4.0,705,190.0,0.0,762,258.0,0.0,522.0,212.0,0,0,0.0,0,0.0,2,1,0.0,0.0,0.0,0.0,0.0,600.0,227.0,,,590.0,227.0,583.0,227.0,549.0,222.0,590.0,226.0,,,,,,,,0.0,0.0,0.0,0.0,0.0,0.0,0.0,0.0,0.0,24,0,0,0,0,0,0,0,0,0,0,0,0,0,0,0,2,2,0.0,0.0,0.0,0.0,0.0,0.0,0.0,0.0,0.0,0,0,0,0
52,Jacob,Ramsey,J.Ramsey,a,,,5.3,194,121.0,0.2,364,121.0,0.8,298.0,134.0,1,0,0.0,-2,2.0,52,31,0.2,3.0,0.8,0.3,1.1,432.0,195.0,100.0,100.0,362.0,161.0,170.0,116.0,263.0,143.0,304.0,146.0,,,,,,,,0.06,0.09,0.15,1.64,0.0,0.0,2.26,0.71,9.89,24,1,90,0,0,0,4,0,0,0,1,0,0,1,0,4,61,37,0.0,0.0,0.010000000000000009,0.010000000000000009,1.9499999999999993,0.0,0.0,0.0,0.0,0,0,2,2
135,Yoane,Wissa,Wissa,a,,,7.3,23,8.0,0.9,195,32.0,1.4,245.0,31.0,1,0,0.0,-2,2.0,578,997,0.2,2.2,1.4,0.9,1.6,388.0,45.0,100.0,100.0,394.0,42.0,349.0,43.0,185.0,40.0,349.0,42.0,,,,,,,,0.41,0.11,0.52,1.21,0.0,0.26,1.32,0.79,4.21,24,1,17,0,0,0,1,0,0,0,0,0,0,0,0,2,742,1504,0.0,0.0,0.0,0.0,0.29000000000000004,0.0,0.0,0.0,0.0,0,1,1,2
469,Nick,Pope,Pope,a,,,5.1,224,6.0,4.9,76,13.0,3.6,66.0,5.0,1,0,0.0,1,-1.0,518,582,0.7,14.7,3.6,3.1,4.2,53.0,3.0,100.0,100.0,67.0,14.0,779.0,91.0,773.0,88.0,239.0,14.0,,,,,,,,0.0,0.0,0.0,1.1,3.14,0.39,1.29,1.01,0.0,24,1,90,0,0,0,4,0,0,0,0,0,3,1,0,310,586,1288,0.0,0.0,0.0,0.0,1.9499999999999993,0.0,0.0,0.0,0.0,0,0,15,0
471,Mark,Gillespie,Gillespie,a,,,3.9,731,70.0,0.1,428,65.0,0.0,441.0,31.0,0,0,0.0,-1,1.0,2,8,0.0,0.0,0.0,-0.5,0.0,523.0,37.0,,,513.0,37.0,504.0,24.0,467.0,9.0,513.0,37.0,,,,,,,,0.0,0.0,0.0,0.0,0.0,0.0,0.0,0.0,0.0,24,0,0,0,0,0,0,0,0,0,0,0,0,0,0,0,3,9,0.0,0.0,0.0,0.0,0.0,0.0,0.0,0.0,0.0,0,0,0,0
472,Odysseas,Vlachodimos,Odysseas,u,Has joined Sevilla on loan for the rest of the season.,,4.0,656,44.0,0.0,700,81.0,0.0,479.0,57.0,0,0,0.0,0,0.0,0,2,0.0,0.0,0.0,0.0,0.0,560.0,63.0,0.0,0.0,550.0,63.0,542.0,51.0,506.0,36.0,550.0,63.0,,,,,,,,0.0,0.0,0.0,0.0,0.0,0.0,0.0,0.0,0.0,24,0,0,0,0,0,0,0,0,0,0,0,0,0,0,0,0,2,0.0,0.0,0.0,0.0,0.0,0.0,0.0,0.0,0.0,0,0,0,0
473,Lewis,Hall,Hall,a,,,5.3,201,26.0,2.9,106,42.0,4.6,25.0,6.0,3,0,0.0,-2,2.0,1870,885,0.9,10.4,4.6,4.1,3.2,161.0,66.0,100.0,100.0,144.0,61.0,112.0,29.0,221.0,57.0,151.0,48.0,4.0,,,,,,,0.04,0.13,0.17,1.29,0.0,0.22,1.56,0.97,8.05,24,3,88,0,0,0,3,0,0,0,0,0,0,1,0,229,2196,2902,0.0,0.0,0.08000000000000007,0.08000000000000007,1.660000000000002,0.0,0.0,0.0,0.0,3,7,4,10
474,Fabian,Schär,Schär,i,Ankle injury - Expected back 18 Apr,,5.3,185,23.0,1.4,160,60.0,2.2,164.0,58.0,0,0,0.0,-2,2.0,6,787,0.4,9.6,0.0,0.0,3.2,159.0,65.0,0.0,0.0,151.0,63.0,284.0,91.0,204.0,52.0,214.0,72.0,,3.0,4.0,,,,,0.08,0.05,0.13,1.14,0.0,0.33,1.07,0.91,9.5,24,0,0,0,0,0,0,0,0,0,0,0,0,0,0,0,7,1103,0.0,0.0,0.0,0.0,0.0,0.0,0.0,0.0,0.0,0,0,0,0
475,Sven,Botman,Botman,a,,,4.9,312,50.0,0.4,285,109.0,2.4,144.0,53.0,0,0,0.0,-1,1.0,99,30,0.5,9.0,2.4,1.9,3.4,132.0,52.0,100.0,100.0,184.0,74.0,320.0,107.0,255.0,72.0,263.0,89.0,,,,,,,,0.03,0.03,0.06,1.12,0.0,0.41,1.33,1.02,8.9,24,0,0,0,0,0,0,0,0,0,0,0,0,0,0,0,122,47,0.0,0.0,0.0,0.0,0.0,0.0,0.0,0.0,0.0,0,0,0,0
476,Dan,Burn,Burn,a,,,5.0,242,37.0,3.2,103,39.0,0.2,394.0,145.0,1,0,0.0,0,0.0,759,163,0.0,13.6,0.2,-0.3,4.2,52.0,23.0,100.0,100.0,166.0,69.0,270.0,84.0,277.0,83.0,245.0,83.0,,,,,,,,0.01,0.02,0.03,0.96,0.0,0.4,1.41,1.07,8.97,24,1,90,0,0,0,4,0,0,0,1,0,0,1,0,189,868,291,0.0,0.0,0.0,0.0,1.9499999999999993,0.0,0.0,0.0,0.0,1,12,2,13
477,Tino,Livramento,Livramento,i,Hamstring injury - Expected back 14 Mar,,4.9,327,54.0,2.0,131,51.0,0.4,346.0,130.0,0,0,0.0,-1,1.0,2,405,0.1,10.0,0.0,0.0,3.8,90.0,34.0,0.0,0.0,237.0,97.0,140.0,34.0,320.0,102.0,244.0,82.0,,,,,,,,0.01,0.05,0.06,0.94,0.0,0.43,0.86,0.94,4.98,24,0,0,0,0,0,0,0,0,0,0,0,0,0,0,0,4,596,0.0,0.0,0.0,0.0,0.0,0.0,0.0,0.0,0.0,0,0,0,0
478,Kieran,Trippier,Trippier,a,,,4.9,286,45.0,1.3,167,62.0,1.6,211.0,79.0,1,0,0.0,-1,1.0,205,61,0.3,7.8,1.6,1.1,3.2,154.0,62.0,100.0,100.0,273.0,108.0,73.0,14.0,409.0,153.0,228.0,79.0,2.0,2.0,,,,,,0.0,0.15,0.15,0.99,0.0,0.47,1.4,1.03,4.21,24,1,83,0,0,0,3,0,0,0,0,0,0,1,0,1,236,88,0.0,0.0,0.1100000000000001,0.1100000000000001,1.6599999999999984,0.0,0.0,0.0,0.0,2,5,4,7
479,Emil,Krafth,Krafth,i,Knee injury - Unknown return date,,4.3,568,123.0,0.0,617,221.0,0.0,559.0,237.0,0,0,0.0,-2,2.0,1,1,0.0,0.0,0.0,0.0,0.0,627.0,246.0,0.0,0.0,472.0,170.0,446.0,163.0,584.0,244.0,478.0,171.0,,,,,,,,0.0,0.0,0.0,0.5,0.0,0.0,4.0,2.0,2.0,24,0,0,0,0,0,0,0,0,0,0,0,0,0,0,0,1,3,0.0,0.0,0.0,0.0,0.0,0.0,0.0,0.0,0.0,0,0,0,0
480,Jamaal,Lascelles,Lascelles,d,Lack of match fitness - 25% chance of playing,,4.3,566,121.0,0.1,580,210.0,0.0,558.0,236.0,0,0,0.0,-2,2.0,3,3,0.0,0.2,0.0,-0.1,0.5,495.0,173.0,25.0,25.0,440.0,165.0,613.0,246.0,398.0,150.0,452.0,164.0,,,,,,,,0.19,0.0,0.19,2.61,0.0,0.0,9.47,0.0,23.68,24,0,0,0,0,0,0,0,0,0,0,0,0,0,0,0,3,3,0.0,0.0,0.0,0.0,0.0,0.0,0.0,0.0,0.0,0,0,0,0
481,Alex,Murphy,A.Murphy,a,,,3.8,795,251.0,0.7,217,82.0,0.2,365.0,135.0,1,0,0.0,-2,2.0,95,108,0.1,0.3,0.2,-0.3,1.0,435.0,158.0,,,502.0,189.0,491.0,188.0,453.0,179.0,502.0,188.0,,,,,,,,0.0,0.0,0.0,26.1,0.0,0.0,90.0,0.0,90.0,24,1,1,0,0,0,1,0,0,0,0,0,0,0,0,-1,120,132,0.0,0.0,0.0,0.0,0.29,0.0,0.0,0.0,0.0,0,1,0,1
488,Bruno,Guimarães Rodriguez Moura,Bruno G.,a,,,7.2,32,20.0,16.9,20,8.0,4.8,23.0,11.0,0,0,0.0,7,-7.0,5684,11698,0.7,16.7,4.8,4.3,5.7,7.0,4.0,100.0,100.0,11.0,2.0,12.0,12.0,42.0,25.0,10.0,8.0,,,,,,,,0.2,0.14,0.34,1.12,0.0,0.29,1.32,0.98,8.71,24,0,0,0,0,0,0,0,0,0,0,0,0,0,0,0,6681,23649,0.0,0.0,0.0,0.0,0.0,0.0,0.0,0.0,0.0,0,0,0,0
489,Jacob,Murphy,J.Murphy,a,,,5.9,92,58.0,0.6,230,79.0,1.0,281.0,126.0,1,0,0.0,-6,6.0,103,76,0.2,8.8,1.0,0.5,2.7,236.0,102.0,100.0,100.0,215.0,90.0,63.0,51.0,67.0,43.0,90.0,54.0,,,,,,,,0.24,0.21,0.45,1.06,0.0,0.53,0.88,1.06,3.96,24,1,17,0,0,0,1,0,0,0,0,0,0,0,0,3,126,134,0.0,0.0,0.010000000000000231,0.009999999999999787,0.28999999999999915,0.0,0.0,0.0,0.0,0,1,1,2
490,Joelinton Cássio,Apolinário de Lira,Joelinton,i,Groin Injury - Unknown return date,,5.9,95,60.0,0.3,297,99.0,3.2,93.0,41.0,0,0,0.0,-1,1.0,9,706,0.5,9.5,0.0,0.0,2.9,205.0,87.0,0.0,0.0,179.0,74.0,115.0,82.0,66.0,42.0,101.0,57.0,,,,,,,,0.12,0.06,0.18,1.14,0.0,0.33,1.19,1.12,11.28,24,0,0,0,0,0,0,0,0,0,0,0,0,0,0,0,9,923,0.0,0.0,0.0,0.0,0.0,0.0,0.0,0.0,0.0,0,0,0,0
491,Sandro,Tonali,Tonali,a,,,5.3,197,122.0,1.0,185,61.0,2.4,147.0,63.0,2,0,0.0,-2,2.0,304,190,0.5,10.9,2.4,1.9,2.4,273.0,118.0,100.0,100.0,175.0,71.0,59.0,48.0,154.0,89.0,111.0,61.0,1.0,1.0,,,,,,0.07,0.08,0.15,1.08,0.0,0.38,1.19,1.13,9.56,24,2,90,0,0,0,4,0,0,0,0,0,0,1,0,11,363,285,0.0,0.030000000000000027,0.010000000000000009,0.040000000000000036,1.9500000000000028,0.0,0.0,0.0,0.0,0,1,5,6
492,Antoñito,Cordero Campillo,Antoñito C.,u,has joined Cadiz on loan for the rest of the season.,,4.9,346,216.0,0.0,667,274.0,0.0,735.0,313.0,0,0,0.0,-1,1.0,0,0,0.0,0.0,0.0,0.0,0.0,765.0,332.0,0.0,0.0,764.0,331.0,760.0,331.0,751.0,328.0,763.0,330.0,,,,,,,,0.0,0.0,0.0,0.0,0.0,0.0,0.0,0.0,0.0,24,0,0,0,0,0,0,0,0,0,0,0,0,0,0,0,0,0,0.0,0.0,0.0,0.0,0.0,0.0,0.0,0.0,0.0,0,0,0,0
494,Joe,Willock,Willock,a,,,5.0,248,150.0,0.1,510,180.0,0.8,295.0,132.0,2,0,0.0,0,0.0,55,17,0.2,3.4,0.8,0.3,1.3,418.0,187.0,100.0,100.0,403.0,177.0,315.0,176.0,336.0,176.0,392.0,180.0,,,,,,,,0.17,0.05,0.22,1.6,0.0,0.58,1.74,0.87,8.97,24,2,72,0,0,0,3,0,0,0,0,0,0,1,0,7,71,19,0.0,0.0,0.06000000000000001,0.06000000000000005,1.6600000000000001,0.0,0.0,0.0,0.0,0,0,5,5
498,Joe,White,White,u,has joined Bradford City on loan for the rest of the season.,,4.5,435,260.0,0.0,753,323.0,0.0,638.0,238.0,0,0,0.0,0,0.0,0,0,0.0,0.0,0.0,0.0,0.0,691.0,275.0,0.0,0.0,685.0,269.0,683.0,272.0,661.0,263.0,686.0,270.0,,,,,,,,0.0,0.0,0.0,0.0,0.0,0.0,0.0,0.0,0.0,24,0,0,0,0,0,0,0,0,0,0,0,0,0,0,0,0,1,0.0,0.0,0.0,0.0,0.0,0.0,0.0,0.0,0.0,0,0,0,0
500,William,Osula,Osula,a,,,5.4,182,44.0,0.2,373,59.0,0.2,401.0,46.0,1,0,0.0,-1,1.0,24,11,0.0,3.5,0.2,-0.3,1.7,371.0,42.0,100.0,100.0,398.0,43.0,389.0,50.0,264.0,46.0,380.0,46.0,,,,,,,,0.26,0.01,0.27,1.46,0.0,0.41,2.05,0.41,3.29,24,1,6,0,0,0,1,0,0,0,0,0,0,0,0,3,30,12,0.0,0.0,0.0,0.0,0.29000000000000004,0.0,0.0,0.0,0.0,0,0,0,0
501,Sean,Neave,Neave,a,,,4.3,612,85.0,0.2,345,56.0,0.0,580.0,54.0,0,0,0.0,-2,2.0,45,35,0.0,0.0,0.0,-0.5,0.0,644.0,64.0,,,634.0,64.0,631.0,63.0,604.0,63.0,635.0,64.0,,,,,,,,0.0,0.0,0.0,0.0,0.0,0.0,0.0,0.0,0.0,24,0,0,0,0,0,0,0,0,0,0,0,0,0,0,0,55,46,0.0,0.0,0.0,0.0,0.0,0.0,0.0,0.0,0.0,0,0,0,0
674,Aaron,Ramsdale,Ramsdale,a,,,4.8,362,15.0,0.7,216,28.0,0.0,705.0,91.0,0,0,0.0,-2,2.0,46,108,0.0,2.3,0.0,-0.5,1.6,380.0,29.0,,,325.0,26.0,409.0,10.0,729.0,81.0,393.0,25.0,,,,,,,,0.0,0.0,0.0,1.3,1.63,0.0,1.63,0.98,0.0,24,0,0,0,0,0,0,0,0,0,0,0,0,0,0,0,51,217,0.0,0.0,0.0,0.0,0.0,0.0,0.0,0.0,0.0,0,0,0,0
684,Malick,Thiaw,Thiaw,a,,,5.1,236,35.0,5.5,72,24.0,5.2,16.0,3.0,0,0,0.0,1,-1.0,2951,2137,1.0,16.7,5.2,4.7,4.0,66.0,28.0,,,25.0,10.0,285.0,92.0,100.0,14.0,89.0,22.0,,,,,,,,0.1,0.02,0.12,1.29,0.0,0.2,1.54,1.02,9.22,24,0,90,0,0,0,4,0,0,0,0,0,0,1,0,285,3351,6297,0.0,0.06000000000000005,0.009999999999999953,0.06999999999999984,1.9499999999999993,0.0,0.0,0.0,0.0,3,2,2,5
689,Seung-Soo,Park,Seung soo,a,,,4.3,616,360.0,0.3,302,102.0,0.0,583.0,208.0,0,0,0.0,-2,2.0,516,129,0.0,0.0,0.0,-0.5,0.0,647.0,249.0,,,637.0,239.0,634.0,244.0,607.0,232.0,638.0,240.0,,,,,,,,0.0,0.0,0.0,0.0,0.0,0.0,0.0,0.0,0.0,24,0,0,0,0,0,0,0,0,0,0,0,0,0,0,0,675,158,0.0,0.0,0.0,0.0,0.0,0.0,0.0,0.0,0.0,0,0,0,0
714,Nick,Woltemade,Woltemade,a,,,7.1,37,16.0,11.0,40,7.0,2.0,178.0,22.0,1,0,0.0,1,-1.0,1177,14388,0.3,11.5,2.0,1.5,3.9,86.0,8.0,,,107.0,10.0,151.0,10.0,34.0,15.0,70.0,12.0,,,3.0,,,,,0.41,0.05,0.46,1.15,0.0,0.39,1.31,1.12,4.54,24,1,17,0,0,0,1,0,0,0,0,0,0,0,0,2,1451,22409,0.0,0.0,0.0,0.0,0.28999999999999915,0.0,0.0,0.0,0.0,0,1,1,2
753,John,Ruddy,Ruddy,a,,,4.0,649,39.0,0.0,699,80.0,0.0,474.0,53.0,0,0,0.0,0,0.0,6,4,0.0,0.0,0.0,-0.5,0.0,555.0,59.0,,,545.0,59.0,536.0,46.0,500.0,31.0,545.0,59.0,,,,,,,,0.0,0.0,0.0,0.0,0.0,0.0,0.0,0.0,0.0,24,0,0,0,0,0,0,0,0,0,0,0,0,0,0,0,7,6,0.0,0.0,0.0,0.0,0.0,0.0,0.0,0.0,0.0,0,0,0,0
765,Leo,Shahar,Shahar,a,,,4.0,701,186.0,0.0,676,234.0,0.0,518.0,208.0,0,0,0.0,0,0.0,20,8,0.0,0.0,0.0,-0.5,0.0,597.0,224.0,,,587.0,224.0,580.0,224.0,546.0,219.0,587.0,223.0,,,,,,,,0.0,0.0,0.0,0.0,0.0,0.0,0.0,0.0,0.0,24,0,0,0,0,0,0,0,0,0,0,0,0,0,0,0,25,10,0.0,0.0,0.0,0.0,0.0,0.0,0.0,0.0,0.0,0,0,0,0
772,Sam,Alabi,Alabi,a,,,4.5,506,312.0,0.0,785,345.0,0.0,692.0,283.0,0,0,0.0,0,0.0,2,0,0.0,0.0,0.0,-0.5,0.0,738.0,313.0,,,737.0,312.0,732.0,312.0,714.0,306.0,736.0,311.0,,,,,,,,0.0,0.0,0.0,0.0,0.0,0.0,0.0,0.0,0.0,24,0,0,0,0,0,0,0,0,0,0,0,0,0,0,0,5,0,0.0,0.0,0.0,0.0,0.0,0.0,0.0,0.0,0.0,0,0,0,0
12,Oleksandr,Zinchenko,Zinchenko,a,,,4.9,303,48.0,0.2,352,128.0,0.0,717.0,255.0,0,0,0.0,-1,1.0,60,25,0.0,1.4,0.0,0.0,1.4,407.0,149.0,100.0,100.0,343.0,131.0,249.0,73.0,355.0,122.0,353.0,123.0,,,,,,,,0.02,0.09,0.11,1.28,0.0,0.0,1.53,1.02,6.14,24,0,0,0,0,0,0,0,0,0,0,0,0,0,0,0,78,32,0.0,0.0,0.0,0.0,0.0,0.0,0.0,0.0,0.0,0,0,0,0
426,James,McAtee,McAtee,a,,,5.0,256,156.0,0.1,488,171.0,0.0,741.0,317.0,0,0,0.0,-5,5.0,30,12,0.0,1.2,0.0,0.0,0.9,488.0,231.0,,,434.0,195.0,327.0,179.0,394.0,194.0,417.0,188.0,,,,,,,,0.01,0.09,0.1,1.9,0.0,0.0,3.73,0.53,5.86,24,0,0,0,0,0,0,0,0,0,0,0,0,0,0,0,34,17,0.0,0.0,0.0,0.0,0.0,0.0,0.0,0.0,0.0,0,0,0,0
502,Matz,Sels,Sels,a,,,4.6,392,18.0,5.7,67,12.0,4.0,42.0,1.0,0,0,0.0,-4,4.0,977,307,0.9,13.0,4.0,4.0,3.2,152.0,15.0,100.0,100.0,65.0,13.0,407.0,8.0,718.0,76.0,233.0,13.0,,,,,,,,0.0,0.0,0.0,1.47,2.98,0.22,1.43,0.99,0.0,24,0,0,0,0,0,0,0,0,0,0,0,0,0,0,0,1985,746,0.0,0.0,0.0,0.0,0.0,0.0,0.0,0.0,0.0,0,0,0,0
503,Carlos Miguel,dos Santos Pereira,C.Miguel,u,Has joined Palmeiras permanently.,,4.0,679,56.0,0.1,535,76.0,0.0,498.0,68.0,0,0,0.0,0,0.0,0,7,0.0,0.0,0.0,0.0,0.0,579.0,74.0,0.0,0.0,569.0,74.0,562.0,63.0,527.0,48.0,569.0,74.0,,,,,,,,0.0,0.0,0.0,0.0,0.0,0.0,0.0,0.0,0.0,24,0,0,0,0,0,0,0,0,0,0,0,0,0,0,0,0,7,0.0,0.0,0.0,0.0,0.0,0.0,0.0,0.0,0.0,0,0,0,0
504,Matt,Turner,Turner,u,Has joined Lyon permanently.,,4.0,664,47.0,0.1,507,75.0,0.0,485.0,59.0,0,0,0.0,0,0.0,0,1,0.0,0.0,0.0,0.0,0.0,566.0,65.0,0.0,0.0,556.0,65.0,549.0,54.0,514.0,39.0,556.0,65.0,,,,,,,,0.0,0.0,0.0,0.0,0.0,0.0,0.0,0.0,0.0,24,0,0,0,0,0,0,0,0,0,0,0,0,0,0,0,0,2,0.0,0.0,0.0,0.0,0.0,0.0,0.0,0.0,0.0,0,0,0,0
505,Nikola,Milenković,Milenković,a,,,5.1,230,32.0,3.2,104,40.0,3.8,55.0,23.0,0,0,0.0,-4,4.0,447,238,0.7,12.9,3.8,3.8,2.9,201.0,80.0,,,61.0,28.0,342.0,119.0,231.0,62.0,174.0,55.0,,,,,,,,0.03,0.02,0.05,1.42,0.0,0.22,1.48,1.0,8.22,24,0,0,0,0,0,0,0,0,0,0,0,0,0,0,0,771,353,0.0,0.0,0.0,0.0,0.0,0.0,0.0,0.0,0.0,0,0,0,0
506,Murillo,Costa dos Santos,Murillo,a,,,5.2,222,30.0,2.1,128,48.0,4.2,40.0,15.0,0,0,0.0,-3,3.0,1388,177,0.8,11.9,4.2,4.2,3.6,112.0,41.0,100.0,100.0,74.0,34.0,260.0,78.0,266.0,76.0,176.0,56.0,,3.0,,,,,,0.03,0.03,0.06,1.4,0.0,0.25,1.36,1.05,10.05,24,0,0,0,0,0,0,0,0,0,0,0,0,0,0,0,2163,292,0.0,0.0,0.0,0.0,0.0,0.0,0.0,0.0,0.0,0,0,0,0
507,Ola,Aina,Aina,a,,,4.7,379,64.0,2.1,124,47.0,3.8,52.0,20.0,0,0,0.0,-3,3.0,678,112,0.8,5.3,3.8,3.8,3.6,108.0,39.0,100.0,100.0,302.0,115.0,274.0,85.0,311.0,100.0,330.0,112.0,,,,,,,,0.01,0.06,0.07,1.64,0.0,0.3,1.18,1.04,7.55,24,0,0,0,0,0,0,0,0,0,0,0,0,0,0,0,1543,222,0.0,0.0,0.0,0.0,0.0,0.0,0.0,0.0,0.0,0,0,0,0
508,Neco,Williams,N.Williams,a,,,4.7,382,65.0,3.2,102,38.0,3.8,53.0,21.0,0,0,0.0,-3,3.0,666,251,0.8,15.5,3.8,3.8,3.2,153.0,61.0,,,31.0,14.0,45.0,5.0,90.0,9.0,36.0,2.0,4.0,,,,,,,0.06,0.1,0.16,1.42,0.0,0.22,1.48,1.0,6.96,24,0,0,0,0,0,0,0,0,0,0,0,0,0,0,0,1343,485,0.0,0.0,0.0,0.0,0.0,0.0,0.0,0.0,0.0,0,0,0,0
509,David,Mota Veiga Teixeira do Carmo,David Carmo,u,has joined Real Oviedo on loan for the rest of the season.,,4.5,431,86.0,0.0,668,232.0,0.0,635.0,250.0,0,0,0.0,0,0.0,0,0,0.0,0.0,0.0,0.0,0.0,688.0,254.0,0.0,0.0,682.0,254.0,679.0,254.0,657.0,253.0,683.0,254.0,,,,,,,,0.0,0.0,0.0,0.0,0.0,0.0,0.0,0.0,0.0,24,0,0,0,0,0,0,0,0,0,0,0,0,0,0,0,0,0,0.0,0.0,0.0,0.0,0.0,0.0,0.0,0.0,0.0,0,0,0,0
510,Jair,Paula da Cunha Filho,Jair Cunha,a,,,4.2,641,155.0,0.1,547,198.0,0.0,553.0,234.0,0,0,0.0,-3,3.0,3,6,0.0,0.7,0.0,0.0,3.0,184.0,72.0,,,416.0,157.0,457.0,168.0,579.0,242.0,446.0,163.0,,,,,,,,0.0,0.0,0.0,3.28,0.0,0.0,2.0,1.0,11.0,24,0,0,0,0,0,0,0,0,0,0,0,0,0,0,0,5,6,0.0,0.0,0.0,0.0,0.0,0.0,0.0,0.0,0.0,0,0,0,0
515,Morgan,Gibbs-White,Gibbs-White,a,,,7.3,25,16.0,3.3,101,31.0,5.2,17.0,8.0,0,0,0.0,-2,2.0,1688,595,0.7,12.3,5.2,5.2,3.9,87.0,40.0,100.0,100.0,96.0,31.0,28.0,27.0,26.0,13.0,29.0,23.0,,2.0,2.0,,,,,0.27,0.08,0.35,1.45,0.0,0.23,1.42,1.01,5.14,24,0,0,0,0,0,0,0,0,0,0,0,0,0,0,0,3145,925,0.0,0.0,0.0,0.0,0.0,0.0,0.0,0.0,0.0,0,0,0,0
516,Callum,Hudson-Odoi,Hudson-Odoi,a,,,5.7,116,72.0,0.8,207,69.0,1.6,224.0,97.0,0,0,0.0,-3,3.0,169,202,0.3,10.4,1.6,1.6,2.8,223.0,96.0,100.0,100.0,183.0,77.0,39.0,37.0,95.0,58.0,81.0,49.0,,,,,,,,0.13,0.11,0.24,1.46,0.0,0.21,1.32,0.9,5.29,24,0,0,0,0,0,0,0,0,0,0,0,0,0,0,0,298,300,0.0,0.0,0.0,0.0,0.0,0.0,0.0,0.0,0.0,0,0,0,0
517,Elliot,Anderson,Anderson,a,,,5.3,192,119.0,4.9,77,26.0,4.2,41.0,18.0,0,0,0.0,-2,2.0,2301,845,0.8,18.3,4.2,4.2,4.2,54.0,22.0,,,34.0,8.0,8.0,8.0,140.0,81.0,25.0,20.0,2.0,,4.0,,,,,0.08,0.09,0.17,1.42,0.0,0.22,1.48,1.0,13.74,24,0,0,0,0,0,0,0,0,0,0,0,0,0,0,0,5082,1854,0.0,0.0,0.0,0.0,0.0,0.0,0.0,0.0,0.0,0,0,0,0
518,João Pedro,Ferreira da Silva,Jota,u,has joined Besiktas on loan for the rest of the season.,,5.4,179,111.0,0.0,614,236.0,0.0,780.0,344.0,0,0,0.0,-1,1.0,0,1,0.0,0.2,0.0,0.0,1.0,483.0,228.0,0.0,0.0,454.0,206.0,456.0,221.0,419.0,208.0,463.0,215.0,,,,,,,,0.0,0.0,0.0,0.0,0.0,0.0,0.0,0.0,24.55,24,0,0,0,0,0,0,0,0,0,0,0,0,0,0,0,0,2,0.0,0.0,0.0,0.0,0.0,0.0,0.0,0.0,0.0,0,0,0,0
519,Nicolás,Domínguez,Dominguez,a,,,5.0,255,155.0,0.0,623,244.0,4.0,44.0,19.0,0,0,0.0,0,0.0,57,16,0.8,6.2,4.0,4.0,2.2,299.0,131.0,100.0,100.0,275.0,121.0,174.0,118.0,240.0,130.0,264.0,129.0,3.0,,,,,,,0.11,0.05,0.16,1.4,0.0,0.38,1.39,1.26,9.35,24,0,0,0,0,0,0,0,0,0,0,0,0,0,0,0,102,23,0.0,0.0,0.0,0.0,0.0,0.0,0.0,0.0,0.0,0,0,0,0
520,Lewis,O'Brien,O'Brien,u,Has joined Wrexham permanently.,,5.0,253,154.0,0.0,804,359.0,0.0,740.0,316.0,0,0,0.0,0,0.0,0,0,0.0,0.0,0.0,0.0,0.0,768.0,334.0,0.0,0.0,767.0,333.0,764.0,333.0,757.0,330.0,766.0,332.0,,,,,,,,0.0,0.0,0.0,0.0,0.0,0.0,0.0,0.0,0.0,24,0,0,0,0,0,0,0,0,0,0,0,0,0,0,0,0,0,0.0,0.0,0.0,0.0,0.0,0.0,0.0,0.0,0.0,0,0,0,0
521,Ibrahim,Sangaré,Sangaré,a,,,4.9,307,190.0,0.1,554,203.0,1.6,212.0,91.0,0,0,0.0,-1,1.0,30,7,0.3,11.2,1.6,1.6,3.7,99.0,46.0,100.0,100.0,170.0,67.0,252.0,151.0,243.0,131.0,230.0,113.0,,,,,,,,0.08,0.1,0.18,1.44,0.0,0.43,1.12,1.12,11.21,24,0,0,0,0,0,0,0,0,0,0,0,0,0,0,0,45,9,0.0,0.0,0.0,0.0,0.0,0.0,0.0,0.0,0.0,0,0,0,0
522,Ryan,Yates,Yates,a,,,4.7,381,238.0,0.1,544,195.0,0.0,697.0,287.0,0,0,0.0,-3,3.0,4,7,0.0,3.2,0.0,0.0,1.4,406.0,181.0,100.0,100.0,368.0,162.0,362.0,187.0,342.0,178.0,385.0,177.0,,,,,,,,0.02,0.05,0.07,1.05,0.0,0.0,1.51,0.3,9.93,24,0,0,0,0,0,0,0,0,0,0,0,0,0,0,0,10,10,0.0,0.0,0.0,0.0,0.0,0.0,0.0,0.0,0.0,0,0,0,0
523,Eric,da Silva Moreira,Da Silva Moreira,a,,,4.5,469,285.0,0.1,572,212.0,0.0,661.0,259.0,0,0,0.0,0,0.0,7,3,0.0,0.0,0.0,0.0,0.0,710.0,292.0,100.0,100.0,707.0,289.0,703.0,290.0,684.0,283.0,707.0,289.0,,,,,,,,0.0,0.0,0.0,0.0,0.0,0.0,0.0,0.0,0.0,24,0,0,0,0,0,0,0,0,0,0,0,0,0,0,0,10,4,0.0,0.0,0.0,0.0,0.0,0.0,0.0,0.0,0.0,0,0,0,0
524,Marko,Stamenić,Stamenic,u,Has joined Swansea City permanently.,,4.5,447,267.0,0.0,679,283.0,0.0,645.0,245.0,0,0,0.0,0,0.0,0,1,0.0,0.0,0.0,0.0,0.0,696.0,280.0,0.0,0.0,691.0,275.0,688.0,277.0,667.0,268.0,691.0,275.0,,,,,,,,0.0,0.0,0.0,0.0,0.0,0.0,0.0,0.0,0.0,24,0,0,0,0,0,0,0,0,0,0,0,0,0,0,0,0,1,0.0,0.0,0.0,0.0,0.0,0.0,0.0,0.0,0.0,0,0,0,0
525,Chris,Wood,Wood,i,Knee injury - Unknown return date,,7.2,30,11.0,4.7,78,14.0,0.0,804.0,88.0,0,0,0.0,-3,3.0,9,292,0.0,3.5,0.0,0.0,3.1,181.0,16.0,0.0,0.0,348.0,34.0,316.0,34.0,115.0,29.0,293.0,35.0,,,1.0,,,,,0.47,0.02,0.49,1.31,0.0,0.17,1.34,1.17,2.34,24,0,0,0,0,0,0,0,0,0,0,0,0,0,0,0,10,347,0.0,0.0,0.0,0.0,0.0,0.0,0.0,0.0,0.0,0,0,0,0
526,Igor Jesus,Maciel da Cruz,Igor Jesus,a,,,5.8,110,32.0,1.3,162,27.0,3.0,102.0,13.0,0,0,0.0,-2,2.0,1639,446,0.5,9.5,3.0,3.0,2.5,265.0,27.0,100.0,100.0,260.0,24.0,205.0,22.0,29.0,14.0,143.0,18.0,,,3.0,,,,,0.25,0.06,0.31,1.5,0.0,0.35,1.61,1.05,4.62,24,0,0,0,0,0,0,0,0,0,0,0,0,0,0,0,3473,755,0.0,0.0,0.0,0.0,0.0,0.0,0.0,0.0,0.0,0,0,0,0
527,Taiwo,Awoniyi,Awoniyi,a,,,5.2,210,47.0,0.3,318,53.0,1.2,258.0,33.0,0,0,0.0,-3,3.0,76,34,0.2,2.5,1.2,1.2,1.6,383.0,43.0,100.0,100.0,385.0,41.0,332.0,40.0,216.0,43.0,348.0,41.0,,,,,,,,0.38,0.17,0.55,1.5,0.0,0.0,0.88,0.44,5.29,24,0,0,0,0,0,0,0,0,0,0,0,0,0,0,0,138,42,0.0,0.0,0.0,0.0,0.0,0.0,0.0,0.0,0.0,0,0,0,0
669,Dan,Ndoye,Ndoye,a,,,5.5,149,94.0,0.7,214,73.0,0.2,403.0,187.0,0,0,0.0,-5,5.0,22,40,0.0,7.6,0.2,0.2,2.6,249.0,109.0,100.0,100.0,274.0,120.0,161.0,108.0,161.0,93.0,227.0,112.0,,,,,,,,0.07,0.11,0.18,1.25,0.0,0.18,1.42,1.25,7.3,24,0,0,0,0,0,0,0,0,0,0,0,0,0,0,0,32,60,0.0,0.0,0.0,0.0,0.0,0.0,0.0,0.0,0.0,0,0,0,0
675,Angus,Gunn,Gunn,a,,,4.0,654,43.0,1.2,174,22.0,0.0,478.0,56.0,0,0,0.0,0,0.0,7,27,0.0,0.0,0.0,0.0,0.0,559.0,62.0,100.0,100.0,549.0,62.0,541.0,50.0,505.0,35.0,549.0,62.0,,,,,,,,0.0,0.0,0.0,0.0,0.0,0.0,0.0,0.0,0.0,24,0,0,0,0,0,0,0,0,0,0,0,0,0,0,0,11,41,0.0,0.0,0.0,0.0,0.0,0.0,0.0,0.0,0.0,0,0,0,0
693,Omari,Hutchinson,Hutchinson,a,,,5.4,178,110.0,0.1,473,162.0,1.0,277.0,124.0,0,0,0.0,-1,1.0,23,63,0.2,9.1,1.0,1.0,2.7,234.0,101.0,,,238.0,100.0,67.0,53.0,87.0,54.0,114.0,62.0,,,,,,,,0.16,0.24,0.4,1.46,0.0,0.2,1.49,0.79,7.54,24,0,0,0,0,0,0,0,0,0,0,0,0,0,0,0,29,134,0.0,0.0,0.0,0.0,0.0,0.0,0.0,0.0,0.0,0,0,0,0
696,Arnaud,Kalimuendo,Kalimuendo,u,has joined Eintracht Frankfurt on loan for the rest of the season.,,6.0,89,29.0,0.1,438,63.0,0.2,408.0,47.0,0,0,0.0,0,0.0,0,25,0.0,1.5,0.0,0.0,1.0,486.0,58.0,0.0,0.0,449.0,51.0,382.0,49.0,313.0,51.0,421.0,51.0,,,,,,,,0.44,0.02,0.46,1.59,0.0,0.0,3.03,0.0,6.07,24,0,0,0,0,0,0,0,0,0,0,0,0,0,0,0,0,28,0.0,0.0,0.0,0.0,0.0,0.0,0.0,0.0,0.0,0,0,0,0
528,Anthony,Patterson,Patterson,a,,,4.2,628,34.0,0.2,381,55.0,0.0,544.0,79.0,0,0,0.0,-3,3.0,12,20,0.0,0.0,-1.0,0.0,0.0,620.0,85.0,,,611.0,85.0,604.0,75.0,573.0,61.0,612.0,85.0,,,,,,,,0.0,0.0,0.0,0.0,0.0,0.0,0.0,0.0,0.0,24,0,0,0,0,0,0,0,0,0,0,0,0,0,0,0,16,24,0.0,0.0,0.0,0.0,0.0,0.0,0.0,0.0,0.0,0,0,0,0
529,Simon,Moore,Moore,a,,,3.9,729,68.0,0.4,279,38.0,0.0,439.0,29.0,0,0,0.0,-1,1.0,5,17,0.0,0.0,-1.0,0.0,0.0,521.0,35.0,,,511.0,35.0,502.0,22.0,465.0,7.0,511.0,35.0,,,,,,,,0.0,0.0,0.0,0.0,0.0,0.0,0.0,0.0,0.0,24,0,0,0,0,0,0,0,0,0,0,0,0,0,0,0,10,27,0.0,0.0,0.0,0.0,0.0,0.0,0.0,0.0,0.0,0,0,0,0
530,Blondy,Nna Noukeu,Nna Noukeu,u,has joined US Boulogne CO permanently.,,3.9,758,85.0,0.1,439,66.0,0.0,460.0,46.0,0,0,0.0,-1,1.0,0,17,0.0,0.0,0.0,0.0,0.0,541.0,52.0,0.0,0.0,531.0,52.0,522.0,39.0,485.0,24.0,531.0,52.0,,,,,,,,0.0,0.0,0.0,0.0,0.0,0.0,0.0,0.0,0.0,24,0,0,0,0,0,0,0,0,0,0,0,0,0,0,0,0,23,0.0,0.0,0.0,0.0,0.0,0.0,0.0,0.0,0.0,0,0,0,0
534,Joe,Anderson,Anderson,u,has joined Barrow FC permanently.,,3.8,779,235.0,0.4,287,110.0,0.0,417.0,157.0,0,0,0.0,-2,2.0,0,128,0.0,0.0,0.0,0.0,0.0,502.0,179.0,0.0,0.0,491.0,178.0,480.0,177.0,442.0,168.0,491.0,177.0,,,,,,,,0.0,0.0,0.0,0.0,0.0,0.0,0.0,0.0,0.0,24,0,0,0,0,0,0,0,0,0,0,0,0,0,0,0,0,167,0.0,0.0,0.0,0.0,0.0,0.0,0.0,0.0,0.0,0,0,0,0
535,Dennis,Cirkin,Cirkin,a,,,4.0,672,169.0,0.1,562,202.0,0.6,304.0,110.0,0,0,0.0,0,0.0,28,19,0.2,3.2,-0.4,0.6,2.2,292.0,112.0,100.0,100.0,380.0,147.0,415.0,152.0,421.0,158.0,418.0,152.0,,,,,,,,0.0,0.01,0.01,1.84,0.0,0.3,0.61,0.91,7.91,24,0,0,0,0,0,0,0,0,0,0,0,0,0,0,0,50,27,0.0,0.0,0.0,0.0,0.0,0.0,0.0,0.0,0.0,0,0,0,0
536,Leo Fuhr,Hjelde,Hjelde,a,,,4.0,680,172.0,0.0,685,237.0,0.0,499.0,196.0,0,0,0.0,0,0.0,5,3,0.0,0.0,-1.0,0.0,0.0,580.0,214.0,100.0,100.0,570.0,214.0,563.0,214.0,528.0,208.0,570.0,213.0,,,,,,,,0.0,0.0,0.0,0.0,0.0,0.0,0.0,0.0,0.0,24,0,0,0,0,0,0,0,0,0,0,0,0,0,0,0,9,4,0.0,0.0,0.0,0.0,0.0,0.0,0.0,0.0,0.0,0,0,0,0
537,Niall,Huggins,Huggins,u,has joined Wycombe Wanderers on loan for the rest of the season.,,4.0,682,173.0,0.1,527,191.0,0.0,501.0,197.0,0,0,0.0,0,0.0,0,7,0.0,0.0,0.0,0.0,0.0,582.0,215.0,0.0,0.0,572.0,215.0,565.0,215.0,530.0,209.0,572.0,214.0,,,,,,,,0.0,0.0,0.0,0.0,0.0,0.0,0.0,0.0,0.0,24,0,0,0,0,0,0,0,0,0,0,0,0,0,0,0,0,7,0.0,0.0,0.0,0.0,0.0,0.0,0.0,0.0,0.0,0,0,0,0
538,Zak,Johnson,Johnson,u,has joined York City on loan for the rest of the season.,,3.8,791,247.0,0.2,353,129.0,0.0,426.0,166.0,0,0,0.0,-2,2.0,0,70,0.0,0.0,0.0,0.0,0.0,510.0,187.0,0.0,0.0,499.0,186.0,488.0,185.0,450.0,176.0,499.0,185.0,,,,,,,,0.0,0.0,0.0,0.0,0.0,0.0,0.0,0.0,0.0,24,0,0,0,0,0,0,0,0,0,0,0,0,0,0,0,0,86,0.0,0.0,0.0,0.0,0.0,0.0,0.0,0.0,0.0,0,0,0,0
539,Luke,O'Nien,O'Nien,a,,,4.0,659,162.0,0.1,559,200.0,0.4,328.0,121.0,0,0,0.0,0,0.0,10,6,0.1,0.2,-0.6,0.4,0.2,497.0,175.0,100.0,100.0,453.0,166.0,448.0,165.0,509.0,200.0,468.0,166.0,,,,,,,,0.0,0.0,0.0,4.3,0.0,0.0,0.0,0.0,10.0,24,0,0,0,0,0,0,0,0,0,0,0,0,0,0,0,13,8,0.0,0.0,0.0,0.0,0.0,0.0,0.0,0.0,0.0,0,0,0,0
540,Timothée,Pembélé,Pembele,u,has joined Le Havre AC on loan for the rest of the season.,,3.9,751,219.0,0.3,312,116.0,0.0,455.0,179.0,0,0,0.0,-1,1.0,0,79,0.0,0.0,0.0,0.0,0.0,536.0,197.0,0.0,0.0,526.0,197.0,517.0,197.0,480.0,189.0,526.0,196.0,,,,,,,,0.0,0.0,0.0,0.0,0.0,0.0,0.0,0.0,0.0,24,0,0,0,0,0,0,0,0,0,0,0,0,0,0,0,0,91,0.0,0.0,0.0,0.0,0.0,0.0,0.0,0.0,0.0,0,0,0,0
541,Reinildo,Mandava,Reinildo,a,,,3.8,782,238.0,2.9,108,44.0,0.2,364.0,134.0,0,0,0.0,-2,2.0,948,354,0.1,10.0,-0.8,0.2,2.7,227.0,88.0,100.0,100.0,217.0,88.0,312.0,104.0,340.0,112.0,297.0,99.0,,,,,,,,0.01,0.01,0.02,1.24,0.0,0.23,1.24,1.09,7.93,24,0,0,0,0,0,0,0,0,0,0,0,0,0,0,0,1817,670,0.0,0.0,0.0,0.0,0.0,0.0,0.0,0.0,0.0,0,0,0,0
542,Jenson,Seelt,Seelt,u,has joined Wolfsburg on loan for the rest of the season.,,4.0,697,183.0,0.1,489,177.0,0.0,514.0,205.0,0,0,0.0,0,0.0,0,2,0.0,0.5,0.0,0.0,1.0,438.0,161.0,0.0,0.0,408.0,155.0,437.0,161.0,542.0,216.0,438.0,159.0,,,,,,,,0.0,0.01,0.01,0.9,0.0,0.0,1.35,0.68,8.12,24,0,0,0,0,0,0,0,0,0,0,0,0,0,0,0,0,4,0.0,0.0,0.0,0.0,0.0,0.0,0.0,0.0,0.0,0,0,0,0
548,Romaine,Mundle,Mundle,a,,,4.9,330,203.0,0.0,731,311.0,1.0,271.0,118.0,0,0,0.0,-1,1.0,0,2,0.2,2.0,0.0,1.0,1.0,473.0,220.0,100.0,100.0,421.0,187.0,356.0,185.0,300.0,157.0,397.0,181.0,,3.0,,,,,,0.13,0.08,0.21,1.71,0.0,0.0,1.79,0.6,6.85,24,0,0,0,0,0,0,0,0,0,0,0,0,0,0,0,1,4,0.0,0.0,0.0,0.0,0.0,0.0,0.0,0.0,0.0,0,0,0,0
549,Dan,Neil,Neil,u,has joined Ipswich Town on loan for the rest of the season.,,4.8,361,224.0,0.0,635,255.0,0.2,389.0,178.0,0,0,0.0,-2,2.0,0,12,0.0,0.6,0.0,0.0,1.0,470.0,218.0,0.0,0.0,464.0,214.0,445.0,216.0,728.0,313.0,476.0,219.0,,,,,,,,0.0,0.0,0.0,4.43,0.0,0.0,0.0,0.0,13.85,24,0,0,0,0,0,0,0,0,0,0,0,0,0,0,0,0,15,0.0,0.0,0.0,0.0,0.0,0.0,0.0,0.0,0.0,0,0,0,0
550,Ian,Poveda-Ocampo,Poveda,a,,,4.8,357,223.0,0.0,656,269.0,0.0,704.0,291.0,0,0,0.0,-2,2.0,1,0,0.0,0.0,-1.0,0.0,0.0,746.0,318.0,,,745.0,317.0,740.0,317.0,727.0,312.0,744.0,316.0,,,,,,,,0.0,0.0,0.0,0.0,0.0,0.0,0.0,0.0,0.0,24,0,0,0,0,0,0,0,0,0,0,0,0,0,0,0,1,0,0.0,0.0,0.0,0.0,0.0,0.0,0.0,0.0,0.0,0,0,0,0
551,Chris,Rigg,Rigg,a,,,4.7,389,243.0,0.0,587,219.0,0.4,340.0,150.0,0,0,0.0,-3,3.0,4,10,0.1,3.2,-0.6,0.4,1.5,395.0,175.0,,,428.0,190.0,319.0,178.0,356.0,183.0,405.0,183.0,,,,,,,,0.08,0.08,0.16,1.23,0.0,0.48,0.48,1.44,6.48,24,0,0,0,0,0,0,0,0,0,0,0,0,0,0,0,5,13,0.0,0.0,0.0,0.0,0.0,0.0,0.0,0.0,0.0,0,0,0,0
552,Noah,Sadiki,Sadiki,a,,,4.9,343,213.0,0.1,571,211.0,1.6,214.0,92.0,0,0,0.0,-1,1.0,12,7,0.3,9.2,0.6,1.6,2.5,260.0,113.0,100.0,100.0,235.0,98.0,149.0,103.0,301.0,158.0,242.0,120.0,,,,,,,,0.02,0.04,0.06,1.25,0.0,0.28,1.19,1.02,8.02,24,0,0,0,0,0,0,0,0,0,0,0,0,0,0,0,27,16,0.0,0.0,0.0,0.0,0.0,0.0,0.0,0.0,0.0,0,0,0,0
553,Chemsdine,Talbi,Talbi,a,,,4.9,341,211.0,0.1,420,141.0,0.2,393.0,181.0,0,0,0.0,-1,1.0,13,12,0.0,10.6,-0.8,0.2,3.1,174.0,75.0,100.0,100.0,288.0,130.0,167.0,113.0,178.0,104.0,251.0,123.0,,,,,,,,0.12,0.05,0.17,1.34,0.0,0.49,0.78,0.87,5.35,24,0,0,0,0,0,0,0,0,0,0,0,0,0,0,0,20,20,0.0,0.0,0.0,0.0,0.0,0.0,0.0,0.0,0.0,0,0,0,0
554,Abdoullah,Ba,Ba,a,,,4.3,584,341.0,0.4,290,96.0,0.0,563.0,192.0,0,0,0.0,-2,2.0,34,87,0.0,0.0,-1.0,0.0,0.0,630.0,235.0,,,620.0,225.0,616.0,230.0,587.0,216.0,621.0,226.0,,,,,,,,0.0,0.0,0.0,0.0,0.0,0.0,0.0,0.0,0.0,24,0,0,0,0,0,0,0,0,0,0,0,0,0,0,0,50,234,0.0,0.0,0.0,0.0,0.0,0.0,0.0,0.0,0.0,0,0,0,0
555,Alan,Browne,Browne,u,has joined Middlesbrough on loan for the rest of the season.,,4.5,411,250.0,0.0,638,257.0,0.0,622.0,228.0,0,0,0.0,0,0.0,0,0,0.0,0.0,0.0,0.0,0.0,678.0,266.0,0.0,0.0,672.0,260.0,667.0,263.0,643.0,253.0,673.0,261.0,,,,,,,,0.0,0.0,0.0,0.0,0.0,0.0,0.0,0.0,0.0,24,0,0,0,0,0,0,0,0,0,0,0,0,0,0,0,0,0,0.0,0.0,0.0,0.0,0.0,0.0,0.0,0.0,0.0,0,0,0,0
556,Pierre,Ekwah Elimby,Ekwah,u,Has joined AS Saint-Etienne permanently.,,4.5,433,258.0,0.0,756,326.0,0.0,636.0,236.0,0,0,0.0,0,0.0,0,0,0.0,0.0,0.0,0.0,0.0,689.0,273.0,0.0,0.0,683.0,267.0,681.0,270.0,659.0,261.0,684.0,268.0,,,,,,,,0.0,0.0,0.0,0.0,0.0,0.0,0.0,0.0,0.0,24,0,0,0,0,0,0,0,0,0,0,0,0,0,0,0,0,0,0.0,0.0,0.0,0.0,0.0,0.0,0.0,0.0,0.0,0,0,0,0
557,Harrison,Jones,H.Jones,a,,,4.3,604,350.0,0.1,541,193.0,0.0,572.0,199.0,0,0,0.0,-2,2.0,9,8,0.0,0.0,-1.0,0.0,0.0,638.0,241.0,,,628.0,231.0,625.0,236.0,597.0,223.0,629.0,232.0,,,,,,,,0.0,0.0,0.0,0.0,0.0,0.0,0.0,0.0,0.0,24,0,0,0,0,0,0,0,0,0,0,0,0,0,0,0,14,12,0.0,0.0,0.0,0.0,0.0,0.0,0.0,0.0,0.0,0,0,0,0
558,Jay,Matete,Matete,u,has joined MK Dons permanently.,,4.3,591,344.0,0.2,374,124.0,0.0,565.0,194.0,0,0,0.0,-2,2.0,0,86,0.0,0.0,0.0,0.0,0.0,632.0,237.0,0.0,0.0,622.0,227.0,618.0,232.0,589.0,218.0,623.0,228.0,,,,,,,,0.0,0.0,0.0,0.0,0.0,0.0,0.0,0.0,0.0,24,0,0,0,0,0,0,0,0,0,0,0,0,0,0,0,0,114,0.0,0.0,0.0,0.0,0.0,0.0,0.0,0.0,0.0,0,0,0,0
559,Nectarios,Triantis,Triantis,u,has joined Minnesota United permanently.,,4.4,539,322.0,0.0,636,256.0,0.0,599.0,214.0,0,0,0.0,-1,1.0,0,3,0.0,0.0,0.0,0.0,0.0,658.0,254.0,0.0,0.0,649.0,245.0,646.0,250.0,620.0,238.0,650.0,246.0,,,,,,,,0.0,0.0,0.0,0.0,0.0,0.0,0.0,0.0,0.0,24,0,0,0,0,0,0,0,0,0,0,0,0,0,0,0,0,4,0.0,0.0,0.0,0.0,0.0,0.0,0.0,0.0,0.0,0,0,0,0
560,Wilson,Isidor,Isidor,a,,,5.2,213,48.0,1.6,150,25.0,0.2,398.0,45.0,0,0,0.0,-3,3.0,206,659,0.0,9.8,-0.8,0.2,2.5,262.0,25.0,100.0,100.0,259.0,23.0,372.0,46.0,40.0,17.0,183.0,20.0,,,,,,,,0.32,0.01,0.33,1.44,0.0,0.37,1.19,1.01,3.56,24,0,0,0,0,0,0,0,0,0,0,0,0,0,0,0,359,954,0.0,0.0,0.0,0.0,0.0,0.0,0.0,0.0,0.0,0,0,0,0
561,Eliezer,Mayenda Dossou,Mayenda,a,,,5.2,220,50.0,0.5,249,40.0,1.2,259.0,34.0,0,0,0.0,-3,3.0,31,63,0.2,5.0,0.2,1.2,1.9,341.0,34.0,,,357.0,35.0,330.0,38.0,171.0,37.0,320.0,37.0,,,3.0,,,,,0.17,0.02,0.19,1.63,0.0,0.47,1.1,0.94,3.15,24,0,0,0,0,0,0,0,0,0,0,0,0,0,0,0,41,78,0.0,0.0,0.0,0.0,0.0,0.0,0.0,0.0,0.0,0,0,0,0
562,Ahmed,Abdullahi,Abdullahi,a,,,4.2,643,90.0,0.4,269,44.0,0.0,555.0,51.0,0,0,0.0,-3,3.0,161,116,0.0,0.0,-1.0,0.0,0.0,625.0,62.0,,,616.0,62.0,611.0,61.0,581.0,61.0,617.0,62.0,,,,,,,,0.0,0.0,0.0,0.0,0.0,0.0,0.0,0.0,0.0,24,0,0,0,0,0,0,0,0,0,0,0,0,0,0,0,297,154,0.0,0.0,0.0,0.0,0.0,0.0,0.0,0.0,0.0,0,0,0,0
563,Luís Hemir,Silva Semedo,Luís Hemir,u,has joined Moreirense on loan for the rest of the season.,,4.4,548,78.0,0.1,496,70.0,0.0,606.0,59.0,0,0,0.0,-1,1.0,0,4,0.0,0.0,0.0,0.0,0.0,665.0,69.0,0.0,0.0,657.0,69.0,653.0,68.0,628.0,68.0,658.0,69.0,,,,,,,,0.0,0.0,0.0,0.0,0.0,0.0,0.0,0.0,0.0,24,0,0,0,0,0,0,0,0,0,0,0,0,0,0,0,0,4,0.0,0.0,0.0,0.0,0.0,0.0,0.0,0.0,0.0,0,0,0,0
564,Nazarii,Rusyn,Rusyn,u,has joined Arka on loan for the rest of the season.,,4.4,531,75.0,0.1,500,71.0,0.0,595.0,56.0,0,0,0.0,-1,1.0,0,3,0.0,0.0,0.0,0.0,0.0,654.0,66.0,0.0,0.0,644.0,66.0,641.0,65.0,615.0,65.0,645.0,66.0,,,,,,,,0.0,0.0,0.0,0.0,0.0,0.0,0.0,0.0,0.0,24,0,0,0,0,0,0,0,0,0,0,0,0,0,0,0,0,3,0.0,0.0,0.0,0.0,0.0,0.0,0.0,0.0,0.0,0,0,0,0
668,Granit,Xhaka,Xhaka,i,Ankle injury - Expected back 22 Feb,,5.2,207,129.0,5.1,75,25.0,1.6,219.0,93.0,0,0,0.0,2,-2.0,25,10331,0.3,17.3,0.0,0.0,4.1,59.0,25.0,0.0,0.0,26.0,7.0,26.0,25.0,251.0,136.0,46.0,33.0,1.0,1.0,,,,,,0.03,0.1,0.13,1.43,0.0,0.32,1.06,1.01,10.87,24,0,0,0,0,0,0,0,0,0,0,0,0,0,0,0,30,15865,0.0,0.0,0.0,0.0,0.0,0.0,0.0,0.0,0.0,0,0,0,0
670,Robin,Roefs,Roefs,a,,,5.0,269,10.0,12.9,30,5.0,1.6,217.0,18.0,0,0,0.0,5,-5.0,617,4585,0.3,19.6,0.6,1.6,4.3,43.0,2.0,,,9.0,2.0,335.0,2.0,763.0,87.0,124.0,2.0,,,,,,,,0.0,0.0,0.0,1.45,3.3,0.3,1.13,1.0,0.0,24,0,0,0,0,0,0,0,0,0,0,0,0,0,0,0,1688,5942,0.0,0.0,0.0,0.0,0.0,0.0,0.0,0.0,0.0,0,0,0,0
678,Arthur,Masuaku,Masuaku,u,has joined RC Lens on loan for the rest of the season.,,3.9,734,210.0,0.5,250,95.0,0.0,444.0,176.0,0,0,0.0,-1,1.0,0,74,0.0,0.3,0.0,0.0,0.3,496.0,174.0,0.0,0.0,423.0,159.0,377.0,136.0,396.0,149.0,428.0,155.0,,,,,,,,0.05,0.06,0.11,1.5,0.0,0.0,1.44,1.44,7.2,24,0,0,0,0,0,0,0,0,0,0,0,0,0,0,0,0,98,0.0,0.0,0.0,0.0,0.0,0.0,0.0,0.0,0.0,0,0,0,0
683,Omar,Alderete,Alderete,a,,,4.1,647,157.0,6.6,56,18.0,0.8,287.0,103.0,0,0,0.0,1,-1.0,1113,1628,0.2,19.3,-0.2,0.8,4.2,50.0,21.0,100.0,100.0,43.0,19.0,248.0,72.0,103.0,15.0,98.0,28.0,,,,,,,,0.07,0.04,0.11,1.46,0.0,0.33,1.15,0.98,9.77,24,0,0,0,0,0,0,0,0,0,0,0,0,0,0,0,3222,2901,0.0,0.0,0.0,0.0,0.0,0.0,0.0,0.0,0.0,0,0,0,0
694,Nordi,Mukiele,Mukiele,a,,,4.5,413,77.0,13.4,29,10.0,3.4,71.0,29.0,0,0,0.0,5,-5.0,4068,3003,0.8,22.7,2.4,3.4,4.9,16.0,7.0,,,28.0,11.0,106.0,26.0,196.0,48.0,74.0,16.0,,,,,,,,0.03,0.08,0.11,1.51,0.0,0.29,1.15,1.0,9.9,24,0,0,0,0,0,0,0,0,0,0,0,0,0,0,0,10214,4470,0.0,0.0,0.0,0.0,0.0,0.0,0.0,0.0,0.0,0,0,0,0
724,Lutsharel,Geertruida,Geertruida,a,,,4.5,422,83.0,0.0,590,213.0,0.6,313.0,117.0,0,0,0.0,0,0.0,9,9,0.1,7.1,-0.4,0.6,1.9,337.0,129.0,,,263.0,105.0,283.0,90.0,324.0,104.0,315.0,108.0,,,,,,,,0.03,0.04,0.07,1.91,0.0,0.19,1.3,0.93,5.94,24,0,0,0,0,0,0,0,0,0,0,0,0,0,0,0,16,17,0.0,0.0,0.0,0.0,0.0,0.0,0.0,0.0,0.0,0,0,0,0
730,Brian,Brobbey,Brobbey,a,,,5.6,130,35.0,1.6,146,24.0,5.4,11.0,4.0,0,0,0.0,1,-1.0,1014,2341,1.0,10.0,4.4,5.4,3.1,177.0,15.0,100.0,100.0,207.0,16.0,298.0,30.0,88.0,26.0,204.0,22.0,,,,,,,,0.23,0.02,0.25,1.68,0.0,0.31,1.24,0.93,3.82,24,0,0,0,0,0,0,0,0,0,0,0,0,0,0,0,4174,2855,0.0,0.0,0.0,0.0,0.0,0.0,0.0,0.0,0.0,0,0,0,0
735,Bertrand,Traoré,Traoré,i,Knee injury - Expected back 22 Feb,,5.5,137,84.0,0.0,633,253.0,0.0,783.0,347.0,0,0,0.0,0,0.0,0,6,0.0,5.1,0.0,0.0,2.8,222.0,95.0,0.0,0.0,303.0,135.0,209.0,134.0,164.0,95.0,265.0,130.0,,,,,,,,0.07,0.04,0.11,1.33,0.0,0.44,1.33,1.33,5.93,24,0,0,0,0,0,0,0,0,0,0,0,0,0,0,0,0,8,0.0,0.0,0.0,0.0,0.0,0.0,0.0,0.0,0.0,0,0,0,0
774,Jenson,Jones,Jenson Jones,a,,,4.0,665,166.0,0.0,724,247.0,0.0,486.0,192.0,0,0,0.0,0,0.0,10,2,0.0,0.0,-1.0,0.0,0.0,567.0,210.0,,,557.0,210.0,550.0,210.0,515.0,204.0,557.0,209.0,,,,,,,,0.0,0.0,0.0,0.0,0.0,0.0,0.0,0.0,0.0,24,0,0,0,0,0,0,0,0,0,0,0,0,0,0,0,21,3,0.0,0.0,0.0,0.0,0.0,0.0,0.0,0.0,0.0,0,0,0,0
775,Tymur,Tutierov,Tutierov,u,has joined Exeter City on loan for the rest of the season.,,4.5,488,299.0,0.0,803,358.0,0.0,678.0,271.0,0,0,0.0,0,0.0,0,1,0.0,0.0,0.0,0.0,0.0,726.0,303.0,0.0,0.0,724.0,301.0,719.0,301.0,701.0,295.0,723.0,300.0,,,,,,,,0.0,0.0,0.0,0.0,0.0,0.0,0.0,0.0,0.0,24,0,0,0,0,0,0,0,0,0,0,0,0,0,0,0,0,2,0.0,0.0,0.0,0.0,0.0,0.0,0.0,0.0,0.0,0,0,0,0
800,Djiamgone Jocelin Ta,Bi,Jocelin.T,i,Lack of match fitness - Expected back 22 Feb,,5.0,284,175.0,0.0,807,361.0,0.0,755.0,328.0,0,0,0.0,0,0.0,1,0,0.0,0.0,0.0,0.0,0.0,781.0,344.0,0.0,0.0,780.0,343.0,778.0,343.0,772.0,341.0,780.0,343.0,,,,,,,,0.0,0.0,0.0,0.0,0.0,0.0,0.0,0.0,0.0,24,0,0,0,0,0,0,0,0,0,0,0,0,0,0,0,2,0,0.0,0.0,0.0,0.0,0.0,0.0,0.0,0.0,0.0,0,0,0,0
565,Guglielmo,Vicario,Vicario,a,,,4.8,352,14.0,6.4,58,9.0,1.0,267.0,20.0,0,0,0.0,-2,2.0,141,1388,0.2,16.0,1.0,0.5,3.3,143.0,13.0,,,33.0,10.0,470.0,14.0,725.0,80.0,194.0,10.0,,,,,,,,0.0,0.0,0.0,1.33,2.57,0.3,1.35,1.0,0.0,24,0,0,0,0,0,0,0,0,0,0,0,0,0,0,0,184,2337,0.0,0.0,0.0,0.0,0.0,0.0,0.0,0.0,0.0,0,0,0,0
566,Brandon,Austin,Austin,a,,,3.9,741,77.0,0.3,315,42.0,0.0,449.0,38.0,0,0,0.0,-1,1.0,6,13,0.0,0.0,0.0,-0.5,0.0,530.0,44.0,,,520.0,44.0,511.0,31.0,474.0,16.0,520.0,44.0,,,,,,,,0.0,0.0,0.0,0.0,0.0,0.0,0.0,0.0,0.0,24,0,0,0,0,0,0,0,0,0,0,0,0,0,0,0,7,15,0.0,0.0,0.0,0.0,0.0,0.0,0.0,0.0,0.0,0,0,0,0
567,Antonín,Kinský,Kinsky,a,,,3.9,757,84.0,1.7,144,19.0,0.0,459.0,45.0,0,0,0.0,-1,1.0,41,108,0.0,0.0,0.0,-0.5,0.0,540.0,51.0,,,530.0,51.0,521.0,38.0,484.0,23.0,530.0,51.0,,,,,,,,0.0,0.0,0.0,0.0,0.0,0.0,0.0,0.0,0.0,24,0,0,0,0,0,0,0,0,0,0,0,0,0,0,0,63,165,0.0,0.0,0.0,0.0,0.0,0.0,0.0,0.0,0.0,0,0,0,0
568,Pedro,Porro Sauceda,Pedro Porro,i,Hamstring injury - Expected back 22 Feb,,5.2,215,29.0,11.3,38,14.0,1.8,195.0,71.0,0,0,0.0,-3,3.0,16,12683,0.3,15.2,0.0,0.0,3.4,135.0,53.0,0.0,0.0,68.0,30.0,15.0,1.0,230.0,61.0,44.0,3.0,3.0,2.0,,,,,,0.02,0.14,0.16,1.26,0.0,0.35,1.19,1.04,6.73,24,0,0,0,0,0,0,0,0,0,0,0,0,0,0,0,22,17565,0.0,0.0,0.0,0.0,0.0,0.0,0.0,0.0,0.0,0,0,0,0
569,Cristian,Romero,Romero,a,,,5.0,251,38.0,4.4,80,26.0,4.8,22.0,5.0,0,0,0.0,0,0.0,4115,559,1.0,18.4,4.8,4.3,4.8,20.0,9.0,100.0,100.0,20.0,8.0,206.0,52.0,98.0,12.0,73.0,15.0,,,,,,,,0.07,0.06,0.13,1.35,0.0,0.27,1.37,0.99,9.73,24,0,0,0,0,0,0,0,0,0,0,0,0,0,0,0,5222,1157,0.0,0.0,0.0,0.0,0.0,0.0,0.0,0.0,0.0,0,0,0,0
570,Kevin,Danso,Danso,a,,,4.2,622,143.0,0.1,426,159.0,0.2,368.0,137.0,0,0,0.0,-3,3.0,22,18,0.0,6.4,0.2,-0.3,2.1,306.0,116.0,,,232.0,95.0,411.0,149.0,388.0,144.0,336.0,114.0,,,,,,,,0.0,0.02,0.02,1.46,0.0,0.27,1.64,1.09,12.72,24,0,0,0,0,0,0,0,0,0,0,0,0,0,0,0,29,24,0.0,0.0,0.0,0.0,0.0,0.0,0.0,0.0,0.0,0,0,0,0
571,Ben,Davies,Davies,i,Ankle injury - Unknown return date,,4.3,569,124.0,0.1,525,189.0,1.8,184.0,65.0,0,0,0.0,-2,2.0,1,17,0.4,2.3,0.0,0.0,3.3,140.0,55.0,0.0,0.0,365.0,140.0,371.0,134.0,293.0,92.0,370.0,133.0,,,,,,,,0.32,0.05,0.37,0.73,0.0,0.0,1.99,1.32,9.26,24,0,0,0,0,0,0,0,0,0,0,0,0,0,0,0,3,23,0.0,0.0,0.0,0.0,0.0,0.0,0.0,0.0,0.0,0,0,0,0
572,Radu,Drăgușin,Dragusin,a,,,4.5,445,89.0,0.0,715,245.0,0.2,377.0,141.0,0,0,0.0,0,0.0,7,4,0.0,0.4,0.2,-0.3,1.0,457.0,166.0,100.0,100.0,483.0,173.0,463.0,169.0,413.0,154.0,475.0,169.0,,,,,,,,0.9,0.0,0.9,1.35,0.0,0.0,0.0,0.0,15.0,24,0,0,0,0,0,0,0,0,0,0,0,0,0,0,0,8,4,0.0,0.0,0.0,0.0,0.0,0.0,0.0,0.0,0.0,0,0,0,0
573,Djed,Spence,Spence,a,,,4.3,578,130.0,1.1,181,71.0,0.8,289.0,105.0,0,0,0.0,-2,2.0,126,186,0.2,12.8,0.8,0.3,2.8,212.0,82.0,,,206.0,84.0,147.0,37.0,142.0,26.0,182.0,60.0,,,,,,,,0.05,0.08,0.13,1.41,0.0,0.42,1.25,1.02,4.66,24,0,0,0,0,0,0,0,0,0,0,0,0,0,0,0,164,338,0.0,0.0,0.0,0.0,0.0,0.0,0.0,0.0,0.0,0,0,0,0
574,Destiny,Udogie,Udogie,a,,,4.3,586,136.0,0.3,310,114.0,0.2,370.0,139.0,0,0,0.0,-2,2.0,51,22,0.0,3.3,0.2,-0.3,1.3,414.0,152.0,100.0,100.0,297.0,114.0,221.0,62.0,275.0,81.0,300.0,102.0,,,,,,,,0.01,0.05,0.06,1.55,0.0,0.0,1.94,0.83,4.29,24,0,0,0,0,0,0,0,0,0,0,0,0,0,0,0,80,30,0.0,0.0,0.0,0.0,0.0,0.0,0.0,0.0,0.0,0,0,0,0
575,Micky,van de Ven,Van de Ven,d,Knock - 75% chance of playing,,4.6,397,70.0,26.1,13,4.0,2.8,111.0,38.0,0,0,0.0,1,-1.0,972,11997,0.6,20.9,2.1,1.7,4.4,36.0,16.0,75.0,75.0,35.0,15.0,262.0,79.0,108.0,17.0,93.0,24.0,,,,,,,,0.11,0.02,0.13,1.31,0.0,0.32,1.33,1.01,6.49,24,0,0,0,0,0,0,0,0,0,0,0,0,0,0,0,1213,20192,0.0,0.0,0.0,0.0,0.0,0.0,0.0,0.0,0.0,0,0,0,0
576,Ashley,Phillips,Phillips,u,Has joined Stoke City on loan for the rest of the season.,,4.0,698,184.0,0.0,718,246.0,0.0,515.0,206.0,0,0,0.0,0,0.0,0,0,0.0,0.0,0.0,0.0,0.0,594.0,222.0,0.0,0.0,584.0,222.0,577.0,222.0,543.0,217.0,584.0,221.0,,,,,,,,0.0,0.0,0.0,0.0,0.0,0.0,0.0,0.0,0.0,24,0,0,0,0,0,0,0,0,0,0,0,0,0,0,0,0,0,0.0,0.0,0.0,0.0,0.0,0.0,0.0,0.0,0.0,0,0,0,0
577,Takai,Kōta,Takai,u,has joined Borussia Mönchengladbach on loan for the rest of the season.,,4.0,700,185.0,0.0,592,214.0,0.0,517.0,207.0,0,0,0.0,0,0.0,0,2,0.0,0.0,0.0,0.0,0.0,596.0,223.0,0.0,0.0,586.0,223.0,579.0,223.0,545.0,218.0,586.0,222.0,,,,,,,,0.0,0.0,0.0,0.0,0.0,0.0,0.0,0.0,0.0,24,0,0,0,0,0,0,0,0,0,0,0,0,0,0,0,0,3,0.0,0.0,0.0,0.0,0.0,0.0,0.0,0.0,0.0,0,0,0,0
578,Luka,Vušković,Vuskovic,u,has joined Hamburger SV on loan for the rest of the season.,,3.9,772,229.0,0.3,303,113.0,0.0,473.0,186.0,0,0,0.0,-1,1.0,0,14,0.0,0.0,0.0,0.0,0.0,554.0,204.0,0.0,0.0,544.0,204.0,535.0,204.0,499.0,197.0,544.0,203.0,,,,,,,,0.0,0.0,0.0,0.0,0.0,0.0,0.0,0.0,0.0,24,0,0,0,0,0,0,0,0,0,0,0,0,0,0,0,0,21,0.0,0.0,0.0,0.0,0.0,0.0,0.0,0.0,0.0,0,0,0,0
579,Son,Heung-min,Son,u,Has joined Los Angeles FC permanently.,,8.5,10,5.0,0.1,443,150.0,0.0,806.0,362.0,0,0,0.0,0,0.0,0,6,0.0,0.0,0.0,0.0,0.0,808.0,362.0,0.0,0.0,808.0,362.0,808.0,362.0,808.0,362.0,808.0,362.0,,,,,,,,0.0,0.0,0.0,0.0,0.0,0.0,0.0,0.0,0.0,24,0,0,0,0,0,0,0,0,0,0,0,0,0,0,0,0,6,0.0,0.0,0.0,0.0,0.0,0.0,0.0,0.0,0.0,0,0,0,0
581,James,Maddison,Maddison,i,Anterior cruciate ligament - Unknown return date,,6.8,45,27.0,0.1,444,151.0,0.0,801.0,358.0,0,0,0.0,-2,2.0,9,2,0.0,0.0,0.0,0.0,0.0,805.0,359.0,0.0,0.0,805.0,359.0,805.0,359.0,805.0,359.0,805.0,359.0,,,,,,,,0.0,0.0,0.0,0.0,0.0,0.0,0.0,0.0,0.0,24,0,0,0,0,0,0,0,0,0,0,0,0,0,0,0,10,3,0.0,0.0,0.0,0.0,0.0,0.0,0.0,0.0,0.0,0,0,0,0
582,Mohammed,Kudus,Kudus,i,Thigh injury - Expected back 11 Apr,,6.4,60,39.0,10.2,42,16.0,0.2,409.0,188.0,0,0,0.0,-1,1.0,7,3022,0.0,11.7,0.0,0.0,3.9,85.0,39.0,0.0,0.0,111.0,37.0,27.0,26.0,52.0,31.0,38.0,28.0,2.0,1.0,,,,,,0.11,0.14,0.25,1.33,0.0,0.41,1.17,1.11,7.8,24,0,0,0,0,0,0,0,0,0,0,0,0,0,0,0,10,4152,0.0,0.0,0.0,0.0,0.0,0.0,0.0,0.0,0.0,0,0,0,0
583,Dejan,Kulusevski,Kulusevski,i,Knee injury - Unknown return date,,6.4,59,38.0,0.0,705,298.0,0.0,798.0,357.0,0,0,0.0,-1,1.0,4,1,0.0,0.0,0.0,0.0,0.0,802.0,358.0,0.0,0.0,802.0,358.0,802.0,358.0,802.0,358.0,802.0,358.0,,,,,,,,0.0,0.0,0.0,0.0,0.0,0.0,0.0,0.0,0.0,24,0,0,0,0,0,0,0,0,0,0,0,0,0,0,0,4,1,0.0,0.0,0.0,0.0,0.0,0.0,0.0,0.0,0.0,0,0,0,0
584,Mathys,Tel,Tel,a,,,6.2,79,52.0,0.2,400,135.0,3.0,105.0,46.0,0,0,0.0,-3,3.0,47,125,0.5,7.3,3.0,2.5,2.8,225.0,98.0,,,276.0,122.0,215.0,136.0,132.0,77.0,241.0,119.0,4.0,,4.0,,,,,0.19,0.09,0.28,1.11,0.0,0.17,1.52,1.01,7.58,24,0,0,0,0,0,0,0,0,0,0,0,0,0,0,0,50,315,0.0,0.0,0.0,0.0,0.0,0.0,0.0,0.0,0.0,0,0,0,0
585,Rodrigo,Bentancur,Bentancur,i,Hamstring injury - Unknown return date,,5.3,191,118.0,0.2,378,128.0,1.0,275.0,122.0,0,0,0.0,-2,2.0,0,78,0.2,12.1,0.0,0.0,3.2,160.0,68.0,0.0,0.0,168.0,66.0,154.0,106.0,238.0,129.0,190.0,101.0,,,,,,,,0.03,0.04,0.07,1.32,0.0,0.32,1.34,1.09,13.24,24,0,0,0,0,0,0,0,0,0,0,0,0,0,0,0,0,114,0.0,0.0,0.0,0.0,0.0,0.0,0.0,0.0,0.0,0,0,0,0
586,Lucas,Bergvall,Bergvall,i,Ankle injury - Unknown return date,,5.2,221,137.0,0.2,376,126.0,0.6,319.0,143.0,0,0,0.0,-3,3.0,1,55,0.1,7.5,0.0,0.0,2.3,284.0,122.0,0.0,0.0,282.0,125.0,255.0,154.0,167.0,97.0,267.0,131.0,,,,,,,,0.11,0.04,0.15,1.15,0.0,0.34,1.46,1.13,7.66,24,0,0,0,0,0,0,0,0,0,0,0,0,0,0,0,1,73,0.0,0.0,0.0,0.0,0.0,0.0,0.0,0.0,0.0,0,0,0,0
587,Yves,Bissouma,Bissouma,a,,,5.2,211,131.0,0.0,599,229.0,1.0,274.0,121.0,0,0,0.0,-3,3.0,25,7,0.2,1.0,1.0,0.5,2.5,261.0,114.0,100.0,100.0,406.0,180.0,414.0,201.0,357.0,184.0,420.0,189.0,,,,,,,,0.21,0.05,0.26,1.98,0.0,0.0,2.21,0.74,16.97,24,0,0,0,0,0,0,0,0,0,0,0,0,0,0,0,33,8,0.0,0.0,0.0,0.0,0.0,0.0,0.0,0.0,0.0,0,0,0,0
588,Wilson,Odobert,Odobert,a,,,5.3,206,128.0,0.1,499,176.0,2.8,118.0,53.0,0,0,0.0,-2,2.0,88,41,0.5,8.1,2.8,2.3,2.0,326.0,146.0,100.0,100.0,268.0,117.0,91.0,68.0,92.0,56.0,152.0,84.0,,,,,,,,0.16,0.12,0.28,1.16,0.0,0.2,1.32,0.81,7.02,24,0,0,0,0,0,0,0,0,0,0,0,0,0,0,0,147,124,0.0,0.0,0.0,0.0,0.0,0.0,0.0,0.0,0.0,0,0,0,0
589,Manor,Solomon,Solomon,u,has joined Fiorentina on loan for the rest of the season.,,5.4,170,105.0,0.0,744,318.0,0.0,776.0,341.0,0,0,0.0,-1,1.0,0,1,0.0,0.0,0.0,0.0,0.0,786.0,347.0,0.0,0.0,785.0,346.0,784.0,346.0,780.0,345.0,785.0,346.0,,,,,,,,0.0,0.0,0.0,0.0,0.0,0.0,0.0,0.0,0.0,24,0,0,0,0,0,0,0,0,0,0,0,0,0,0,0,0,1,0.0,0.0,0.0,0.0,0.0,0.0,0.0,0.0,0.0,0,0,0,0
590,Bryan,Gil Salvatierra,Bryan,u,has joined Girona permanently.,,4.9,325,200.0,0.0,649,263.0,0.0,724.0,304.0,0,0,0.0,-1,1.0,0,1,0.0,0.0,0.0,0.0,0.0,757.0,326.0,0.0,0.0,756.0,325.0,752.0,325.0,743.0,322.0,755.0,324.0,,,,,,,,0.0,0.0,0.0,0.0,0.0,0.0,0.0,0.0,0.0,24,0,0,0,0,0,0,0,0,0,0,0,0,0,0,0,0,1,0.0,0.0,0.0,0.0,0.0,0.0,0.0,0.0,0.0,0,0,0,0
591,Archie,Gray,Gray,a,,,4.8,371,232.0,0.1,432,145.0,1.0,269.0,116.0,0,0,0.0,-2,2.0,25,35,0.2,5.8,1.0,0.5,2.2,298.0,130.0,100.0,100.0,322.0,142.0,304.0,172.0,249.0,134.0,325.0,158.0,,,,,,,,0.09,0.02,0.11,1.11,0.0,0.68,1.1,1.23,9.32,24,0,0,0,0,0,0,0,0,0,0,0,0,0,0,0,31,54,0.0,0.0,0.0,0.0,0.0,0.0,0.0,0.0,0.0,0,0,0,0
592,Mikey,Moore,Moore,u,Has joined Rangers on loan for the rest of the season.,,5.0,271,164.0,0.0,773,336.0,0.0,748.0,323.0,0,0,0.0,0,0.0,0,0,0.0,0.0,0.0,0.0,0.0,774.0,339.0,0.0,0.0,773.0,338.0,771.0,338.0,764.0,335.0,772.0,337.0,,,,,,,,0.0,0.0,0.0,0.0,0.0,0.0,0.0,0.0,0.0,24,0,0,0,0,0,0,0,0,0,0,0,0,0,0,0,0,0,0.0,0.0,0.0,0.0,0.0,0.0,0.0,0.0,0.0,0,0,0,0
593,Pape Matar,Sarr,P.M.Sarr,a,,,4.5,439,263.0,0.8,202,68.0,0.0,641.0,241.0,0,0,0.0,-5,5.0,179,77,0.0,9.3,0.0,-0.5,3.0,185.0,80.0,100.0,100.0,265.0,115.0,246.0,150.0,222.0,122.0,277.0,137.0,,,,,,,,0.13,0.06,0.19,1.63,0.0,0.38,0.9,0.9,10.5,24,0,0,0,0,0,0,0,0,0,0,0,0,0,0,0,235,116,0.0,0.0,0.0,0.0,0.0,0.0,0.0,0.0,0.0,0,0,0,0
594,Yang,Min-hyeok,Min-hyeok,u,has joined Coventry City on loan for the rest of the season.,,4.5,498,308.0,0.0,719,304.0,0.0,686.0,279.0,0,0,0.0,0,0.0,0,0,0.0,0.0,0.0,0.0,0.0,733.0,310.0,0.0,0.0,732.0,309.0,727.0,309.0,709.0,303.0,731.0,308.0,,,,,,,,0.0,0.0,0.0,0.0,0.0,0.0,0.0,0.0,0.0,24,0,0,0,0,0,0,0,0,0,0,0,0,0,0,0,0,0,0.0,0.0,0.0,0.0,0.0,0.0,0.0,0.0,0.0,0,0,0,0
595,Callum,Olusesi,Olusesi,a,,,4.3,595,346.0,0.2,367,123.0,0.0,566.0,195.0,0,0,0.0,-2,2.0,26,24,0.0,0.0,0.0,-0.5,0.0,633.0,238.0,,,623.0,228.0,619.0,233.0,591.0,220.0,624.0,229.0,,,,,,,,0.0,0.0,0.0,0.0,0.0,0.0,0.0,0.0,0.0,24,0,0,0,0,0,0,0,0,0,0,0,0,0,0,0,33,32,0.0,0.0,0.0,0.0,0.0,0.0,0.0,0.0,0.0,0,0,0,0
596,Dominic,Solanke-Mitchell,Solanke,a,,,7.2,31,12.0,1.0,187,29.0,0.6,324.0,39.0,0,0,0.0,-3,3.0,334,147,0.1,0.7,0.6,0.1,1.2,428.0,51.0,100.0,100.0,422.0,47.0,366.0,45.0,265.0,47.0,388.0,47.0,,,2.0,,,,,0.41,0.01,0.42,1.69,0.0,0.0,1.81,0.6,6.04,24,0,0,0,0,0,0,0,0,0,0,0,0,0,0,0,466,341,0.0,0.0,0.0,0.0,0.0,0.0,0.0,0.0,0.0,0,0,0,0
597,Richarlison,de Andrade,Richarlison,i,Hamstring injury - Expected back 01 Mar,,6.3,65,21.0,5.8,65,12.0,0.6,322.0,38.0,0,0,0.0,-2,2.0,11,2574,0.1,11.9,0.0,0.0,3.6,114.0,10.0,0.0,0.0,83.0,6.0,155.0,11.0,21.0,12.0,49.0,10.0,,,3.0,,,,,0.34,0.09,0.43,1.27,0.0,0.35,1.34,0.92,6.91,24,0,0,0,0,0,0,0,0,0,0,0,0,0,0,0,13,3510,0.0,0.0,0.0,0.0,0.0,0.0,0.0,0.0,0.0,0,0,0,0
598,Will,Lankshear,Lankshear,u,Has joined Oxford United on loan for the rest of the season.,,4.5,464,66.0,0.0,663,82.0,0.0,656.0,63.0,0,0,0.0,0,0.0,0,0,0.0,0.0,0.0,0.0,0.0,707.0,73.0,0.0,0.0,703.0,73.0,699.0,72.0,679.0,72.0,703.0,73.0,,,,,,,,0.0,0.0,0.0,0.0,0.0,0.0,0.0,0.0,0.0,24,0,0,0,0,0,0,0,0,0,0,0,0,0,0,0,0,0,0.0,0.0,0.0,0.0,0.0,0.0,0.0,0.0,0.0,0,0,0,0
599,Dane,Scarlett,Scarlett,a,,,4.3,588,82.0,0.6,235,36.0,0.4,334.0,40.0,0,0,0.0,-2,2.0,122,106,0.1,0.5,0.4,-0.1,1.0,444.0,54.0,,,477.0,57.0,429.0,54.0,425.0,56.0,466.0,56.0,,,,,,,,0.0,0.13,0.13,0.39,0.0,0.0,0.0,0.0,12.86,24,0,0,0,0,0,0,0,0,0,0,0,0,0,0,0,214,134,0.0,0.0,0.0,0.0,0.0,0.0,0.0,0.0,0.0,0,0,0,0
673,João Maria,Lobo Alves Palhares Costa Palhinha Gonçalves,J.Palhinha,a,,,5.5,138,85.0,0.9,196,65.0,1.8,198.0,86.0,0,0,0.0,0,0.0,75,201,0.3,14.2,1.8,1.3,3.9,81.0,37.0,100.0,100.0,82.0,26.0,242.0,147.0,157.0,90.0,150.0,83.0,,,,,,,,0.07,0.03,0.1,1.34,0.0,0.28,1.39,0.97,12.06,24,0,0,0,0,0,0,0,0,0,0,0,0,0,0,0,97,334,0.0,0.0,0.0,0.0,0.0,0.0,0.0,0.0,0.0,0,0,0,0
717,Xavi,Simons,Xavi,a,,,6.5,54,35.0,1.1,179,60.0,2.2,167.0,74.0,0,0,0.0,-5,5.0,326,359,0.3,7.7,2.2,1.7,2.9,209.0,91.0,100.0,100.0,234.0,97.0,84.0,62.0,150.0,88.0,156.0,87.0,5.0,,,,,,,0.13,0.19,0.32,1.46,0.0,0.25,1.72,0.98,8.1,24,0,0,0,0,0,0,0,0,0,0,0,0,0,0,0,392,843,0.0,0.0,0.0,0.0,0.0,0.0,0.0,0.0,0.0,0,0,0,0
726,Randal,Kolo Muani,Kolo Muani,a,,,6.9,42,17.0,0.4,289,46.0,1.0,284.0,36.0,0,0,0.0,-1,1.0,154,182,0.1,3.5,1.0,0.5,1.6,387.0,44.0,100.0,100.0,358.0,36.0,156.0,12.0,138.0,34.0,260.0,31.0,,,,,,,,0.13,0.09,0.22,1.38,0.0,0.29,1.56,1.07,5.56,24,0,0,0,0,0,0,0,0,0,0,0,0,0,0,0,181,359,0.0,0.0,0.0,0.0,0.0,0.0,0.0,0.0,0.0,0,0,0,0
745,Jun'ai,Byfield,Byfield,a,,,4.0,721,205.0,0.0,640,223.0,0.0,536.0,225.0,0,0,0.0,0,0.0,6,5,0.0,0.0,0.0,-0.5,0.0,614.0,240.0,,,604.0,240.0,597.0,240.0,563.0,235.0,604.0,239.0,,,,,,,,0.0,0.0,0.0,0.0,0.0,0.0,0.0,0.0,0.0,24,0,0,0,0,0,0,0,0,0,0,0,0,0,0,0,7,8,0.0,0.0,0.0,0.0,0.0,0.0,0.0,0.0,0.0,0,0,0,0
750,James,Rowswell,Rowswell,a,,,4.0,686,176.0,0.0,658,228.0,0.0,505.0,200.0,0,0,0.0,0,0.0,2,5,0.0,0.0,0.0,-0.5,0.0,585.0,217.0,,,575.0,217.0,568.0,217.0,533.0,211.0,575.0,216.0,,,,,,,,0.0,0.0,0.0,0.0,0.0,0.0,0.0,0.0,0.0,24,0,0,0,0,0,0,0,0,0,0,0,0,0,0,0,5,6,0.0,0.0,0.0,0.0,0.0,0.0,0.0,0.0,0.0,0,0,0,0
751,Yusuf,Akhamrich,Akhamrich,u,has joined Bristol Rovers on loan for the rest of the season.,,4.5,482,295.0,0.0,755,325.0,0.0,672.0,267.0,0,0,0.0,0,0.0,0,5,0.0,0.0,0.0,0.0,0.0,720.0,299.0,0.0,0.0,718.0,297.0,713.0,297.0,695.0,291.0,717.0,296.0,,,,,,,,0.0,0.0,0.0,0.0,0.0,0.0,0.0,0.0,0.0,24,0,0,0,0,0,0,0,0,0,0,0,0,0,0,0,0,7,0.0,0.0,0.0,0.0,0.0,0.0,0.0,0.0,0.0,0,0,0,0
790,Lucá,Williams-Barnett,Williams-Barnett,a,,,4.5,495,305.0,0.0,783,344.0,0.0,683.0,276.0,0,0,0.0,0,0.0,8,0,0.0,0.0,0.0,-0.5,0.0,730.0,307.0,,,729.0,306.0,724.0,306.0,706.0,300.0,728.0,305.0,,,,,,,,0.0,0.0,0.0,0.0,0.0,0.0,0.0,0.0,0.0,24,0,0,0,0,0,0,0,0,0,0,0,0,0,0,0,9,0,0.0,0.0,0.0,0.0,0.0,0.0,0.0,0.0,0.0,0,0,0,0
796,Conor,Gallagher,Gallagher,a,,,5.5,144,90.0,0.1,429,143.0,1.3,246.0,105.0,0,0,0.0,0,0.0,119,127,0.2,0.7,1.3,0.8,2.0,328.0,148.0,,,419.0,186.0,351.0,184.0,281.0,149.0,389.0,179.0,,,,,,,,0.16,0.12,0.28,2.12,0.0,0.0,2.07,1.03,9.31,24,0,0,0,0,0,0,0,0,0,0,0,0,0,0,0,161,256,0.0,0.0,0.0,0.0,0.0,0.0,0.0,0.0,0.0,0,0,0,0
804,João Victor,de Souza Menezes,Souza,a,,,4.0,718,202.0,0.0,776,261.0,0.0,533.0,222.0,0,0,0.0,0,0.0,28,3,0.0,0.0,1.4,0.9,0.0,611.0,237.0,,,601.0,237.0,594.0,237.0,560.0,232.0,601.0,236.0,,,,,,,,0.0,0.0,0.0,0.0,0.0,0.0,0.0,0.0,0.0,24,0,0,0,0,0,0,0,0,0,0,0,0,0,0,0,34,4,0.0,0.0,0.0,0.0,0.0,0.0,0.0,0.0,0.0,0,0,0,0
326,Adama,Traoré Diarra,Adama,a,,,5.1,226,139.0,0.1,416,140.0,0.4,348.0,154.0,0,0,0.0,-4,4.0,93,26,0.1,3.3,0.4,0.4,1.1,430.0,193.0,,,429.0,191.0,286.0,165.0,285.0,150.0,375.0,175.0,,,,,,,,0.06,0.18,0.24,1.9,0.0,0.0,2.67,0.33,4.67,24,0,9,0,0,0,1,0,0,0,1,0,0,0,0,57,109,35,0.0,0.0,0.0,0.0,0.8000000000000007,0.0,0.0,0.0,0.0,0,0,0,0
600,Alphonse,Areola,Areola,a,,,4.3,564,27.0,2.2,123,16.0,2.2,157.0,15.0,2,0,0.0,-2,2.0,375,216,0.5,11.9,2.2,2.2,2.5,253.0,21.0,,,17.0,5.0,404.0,6.0,583.0,65.0,172.0,6.0,,,,,,,,0.0,0.0,0.0,1.76,3.85,0.0,1.85,1.0,0.0,24,2,90,0,0,0,3,0,0,0,0,0,3,1,0,5,503,444,0.0,0.0,0.0,0.0,2.549999999999997,0.0,0.0,0.0,0.0,0,4,8,0
601,Wes,Foderingham,Foderingham,u,has joined Aris Limassol permanently.,,4.0,652,42.0,0.2,347,50.0,0.0,476.0,55.0,0,0,0.0,0,0.0,0,13,0.0,0.0,0.0,0.0,0.0,557.0,61.0,0.0,0.0,547.0,61.0,539.0,49.0,503.0,34.0,547.0,61.0,,,,,,,,0.0,0.0,0.0,0.0,0.0,0.0,0.0,0.0,0.0,24,0,0,0,0,0,0,0,0,0,0,0,0,0,0,0,0,15,0.0,0.0,0.0,0.0,0.0,0.0,0.0,0.0,0.0,0,0,0,0
602,Krisztián,Hegyi,Hegyi,u,has joined MTK Budapest on loan for the rest of the season.,,3.9,756,83.0,0.2,354,51.0,0.0,458.0,44.0,0,0,0.0,-1,1.0,0,39,0.0,0.0,0.0,0.0,0.0,539.0,50.0,0.0,0.0,529.0,50.0,520.0,37.0,483.0,22.0,529.0,50.0,,,,,,,,0.0,0.0,0.0,0.0,0.0,0.0,0.0,0.0,0.0,24,0,0,0,0,0,0,0,0,0,0,0,0,0,0,0,0,50,0.0,0.0,0.0,0.0,0.0,0.0,0.0,0.0,0.0,0,0,0,0
603,El Hadji Malick,Diouf,Diouf,a,,,4.0,716,200.0,1.3,163,61.0,0.4,330.0,123.0,1,0,0.0,-5,5.0,538,109,0.1,11.5,0.4,0.4,2.6,239.0,93.0,100.0,100.0,159.0,66.0,157.0,39.0,270.0,79.0,197.0,62.0,,,,,,,,0.02,0.05,0.07,1.57,0.0,0.12,1.94,0.97,7.38,24,1,80,0,0,0,2,0,0,0,0,0,0,1,0,2,735,255,0.0,0.0,0.050000000000000044,0.050000000000000044,1.75,0.0,0.0,0.0,0.0,2,5,4,7
604,Emerson,Palmieri dos Santos,Emerson,u,has joined Marseille permanently.,,4.4,514,100.0,0.1,573,207.0,0.0,587.0,239.0,0,0,0.0,-1,1.0,0,2,0.0,0.0,0.0,0.0,0.0,649.0,247.0,0.0,0.0,639.0,247.0,636.0,247.0,610.0,245.0,640.0,247.0,,,,,,,,0.0,0.0,0.0,0.0,0.0,0.0,0.0,0.0,0.0,24,0,0,0,0,0,0,0,0,0,0,0,0,0,0,0,0,2,0.0,0.0,0.0,0.0,0.0,0.0,0.0,0.0,0.0,0,0,0,0
605,Maximilian,Kilman,Kilman,a,,,4.2,626,146.0,0.2,405,149.0,0.6,307.0,113.0,0,0,0.0,-3,3.0,20,32,0.1,8.6,0.6,0.6,1.7,363.0,133.0,,,84.0,37.0,306.0,101.0,276.0,82.0,201.0,64.0,,,,,,,,0.03,0.01,0.04,1.91,0.0,0.06,2.14,0.98,9.18,24,0,23,0,0,0,2,0,0,0,0,0,0,0,0,80,38,60,0.0,0.0,0.0,0.0,1.6300000000000026,0.0,0.0,0.0,0.0,0,4,1,4
606,Konstantinos,Mavropanos,Mavropanos,a,,,4.4,526,111.0,0.1,526,190.0,2.4,140.0,49.0,3,0,0.0,-1,1.0,51,18,0.5,9.8,2.4,2.4,2.5,256.0,101.0,100.0,100.0,126.0,55.0,396.0,146.0,163.0,33.0,216.0,73.0,,,,,,,,0.07,0.02,0.09,1.54,0.0,0.07,1.79,0.93,10.78,24,3,90,0,0,0,3,0,0,0,0,0,0,1,0,2,68,47,0.0,0.0,0.0,0.0,2.5500000000000007,0.0,0.0,0.0,0.0,1,11,0,12
607,Nayef,Aguerd,N.Aguerd,u,has joined Marseille permanently.,,4.4,519,105.0,0.0,601,215.0,0.0,590.0,242.0,0,0,0.0,-1,1.0,0,1,0.0,0.7,0.0,0.0,1.5,392.0,144.0,0.0,0.0,400.0,153.0,432.0,158.0,390.0,146.0,427.0,154.0,,,,,,,,0.05,0.02,0.07,1.71,0.0,0.0,4.0,1.0,7.5,24,0,0,0,0,0,0,0,0,0,0,0,0,0,0,0,0,2,0.0,0.0,0.0,0.0,0.0,0.0,0.0,0.0,0.0,0,0,0,0
608,Ollie,Scarles,Scarles,a,,,4.3,601,141.0,0.0,610,219.0,2.4,139.0,48.0,0,0,0.0,-2,2.0,18,14,0.6,4.4,2.4,2.4,1.9,334.0,126.0,100.0,100.0,293.0,111.0,294.0,96.0,351.0,118.0,338.0,116.0,,,,,,,,0.03,0.04,0.07,1.84,0.0,0.0,2.13,1.28,9.53,24,0,9,0,0,0,1,0,0,0,1,0,0,0,0,76,23,21,0.0,0.0,0.0,0.0,0.7999999999999989,0.0,0.0,0.0,0.0,1,1,0,2
609,Jean-Clair,Todibo,Todibo,s,Suspended until 21 Feb,,4.3,581,133.0,0.1,461,170.0,1.6,207.0,75.0,0,0,0.0,-2,2.0,28,29,0.4,7.2,0.0,1.6,1.7,365.0,135.0,0.0,100.0,122.0,52.0,282.0,89.0,369.0,131.0,249.0,85.0,,,,,,,,0.01,0.02,0.03,1.69,0.0,0.0,1.95,1.07,8.17,24,0,90,0,0,0,3,0,0,0,0,1,0,1,0,113,35,56,0.0,0.2,0.0,0.2,2.5500000000000007,0.0,0.0,0.0,0.0,2,9,4,11
610,Aaron,Wan-Bissaka,Wan-Bissaka,a,,,4.1,648,158.0,4.0,86,29.0,2.6,129.0,44.0,7,0,0.0,-4,4.0,3010,155,0.6,9.3,2.6,2.6,2.5,251.0,98.0,100.0,100.0,186.0,76.0,105.0,25.0,361.0,125.0,203.0,66.0,,,,,,,,0.0,0.05,0.05,1.68,0.0,0.0,2.11,0.98,8.01,24,7,90,0,2,0,3,0,0,0,0,0,0,1,0,25,3222,280,0.0,0.0,0.06999999999999995,0.06999999999999995,2.5500000000000007,0.0,0.0,0.0,0.0,2,7,3,9
611,Kaelan,Casey,Casey,u,has joined Leyton Orient on loan for the rest of the season.,,4.0,695,181.0,0.1,533,195.0,0.0,512.0,203.0,0,0,0.0,0,0.0,0,3,0.0,0.0,0.0,0.0,0.0,592.0,220.0,0.0,0.0,582.0,220.0,575.0,220.0,540.0,214.0,582.0,219.0,,,,,,,,0.0,0.0,0.0,0.0,0.0,0.0,0.0,0.0,0.0,24,0,0,0,0,0,0,0,0,0,0,0,0,0,0,0,0,4,0.0,0.0,0.0,0.0,0.0,0.0,0.0,0.0,0.0,0,0,0,0
612,Lucas,Tolentino Coelho de Lima,L.Paquetá,i,Back injury - Unknown return date,,5.9,98,63.0,1.3,166,57.0,0.4,355.0,158.0,0,0,0.0,-1,1.0,5,1126,0.1,11.7,0.0,0.0,3.8,94.0,43.0,0.0,0.0,88.0,27.0,31.0,30.0,112.0,67.0,56.0,37.0,3.0,2.0,1.0,,,,,0.17,0.12,0.29,1.44,0.0,0.18,1.96,1.07,8.68,24,0,0,0,0,0,0,0,0,0,0,0,0,0,0,0,5,1984,0.0,0.0,0.0,0.0,0.0,0.0,0.0,0.0,0.0,0,0,0,0
613,Tomáš,Souček,Souček,a,,,5.7,117,73.0,0.2,342,114.0,2.8,120.0,54.0,2,0,0.0,-3,3.0,58,35,0.5,8.6,2.8,2.8,2.3,288.0,126.0,100.0,100.0,187.0,78.0,231.0,142.0,79.0,50.0,169.0,93.0,,,,,,,,0.25,0.03,0.28,1.94,0.0,0.09,2.46,0.91,10.31,24,2,90,0,0,0,3,0,0,0,0,0,0,1,0,4,80,69,0.0,0.0,0.010000000000000009,0.010000000000000231,2.5500000000000007,0.0,0.0,0.0,0.0,1,2,5,8
615,Crysencio,Summerville,Summerville,a,,,5.5,148,93.0,0.4,267,90.0,6.2,6.0,4.0,7,0,0.0,0,0.0,8304,169,1.1,11.5,6.2,6.2,3.3,147.0,65.0,100.0,100.0,221.0,93.0,98.0,73.0,60.0,38.0,106.0,59.0,2.0,,,,,,,0.17,0.06,0.23,1.47,0.0,0.06,1.86,1.09,7.36,24,7,90,1,0,0,3,0,0,0,0,0,0,1,0,32,8796,332,0.0,0.31999999999999984,0.010000000000000009,0.33000000000000007,2.549999999999997,0.0,0.0,0.0,0.0,1,0,5,6
616,Edson,Álvarez Velázquez,Álvarez,u,Has joined Fenerbahçe on loan for the rest of the season.,,4.9,309,192.0,0.0,588,220.0,0.0,719.0,300.0,0,0,0.0,-1,1.0,0,2,0.0,0.0,0.0,0.0,0.0,753.0,322.0,0.0,0.0,752.0,321.0,748.0,321.0,738.0,318.0,751.0,320.0,,,,,,,,0.0,0.0,0.0,0.0,0.0,0.0,0.0,0.0,0.0,24,0,0,0,0,0,0,0,0,0,0,0,0,0,0,0,0,2,0.0,0.0,0.0,0.0,0.0,0.0,0.0,0.0,0.0,0,0,0,0
617,Maxwel,Cornet,Cornet,u,has joined Genoa on loan for the rest of the season.,,4.9,289,177.0,0.0,692,292.0,0.0,711.0,295.0,0,0,0.0,-1,1.0,0,0,0.0,0.0,0.0,0.0,0.0,749.0,319.0,0.0,0.0,748.0,318.0,744.0,318.0,733.0,314.0,747.0,317.0,,,,,,,,0.0,0.0,0.0,0.0,0.0,0.0,0.0,0.0,0.0,24,0,0,0,0,0,0,0,0,0,0,0,0,0,0,0,0,0,0.0,0.0,0.0,0.0,0.0,0.0,0.0,0.0,0.0,0,0,0,0
618,Guido,Rodríguez,G.Rodriguez,u,has joined Valencia on loan for the rest of the season.,,4.8,353,221.0,0.0,594,224.0,0.2,387.0,176.0,0,0,0.0,-2,2.0,0,16,0.0,1.7,0.0,0.0,1.3,416.0,185.0,0.0,0.0,441.0,197.0,424.0,207.0,430.0,213.0,454.0,207.0,,,,,,,,0.02,0.02,0.04,1.33,0.0,0.51,1.03,1.03,7.71,24,0,0,0,0,0,0,0,0,0,0,0,0,0,0,0,0,18,0.0,0.0,0.0,0.0,0.0,0.0,0.0,0.0,0.0,0,0,0,0
619,Luis Guilherme,Lira dos Santos,L.Guilherme,u,has joined Sporting CP permanently.,,4.9,342,212.0,0.0,670,276.0,0.0,732.0,310.0,0,0,0.0,-1,1.0,0,4,0.0,1.0,0.0,0.0,1.0,475.0,222.0,0.0,0.0,443.0,199.0,387.0,193.0,417.0,207.0,447.0,202.0,,,,,,,,0.05,0.02,0.07,1.35,0.0,0.0,1.49,0.74,8.18,24,0,0,0,0,0,0,0,0,0,0,0,0,0,0,0,0,4,0.0,0.0,0.0,0.0,0.0,0.0,0.0,0.0,0.0,0,0,0,0
620,George,Earthy,Earthy,u,has joined Bristol City on loan for the rest of the season.,,4.5,443,265.0,0.0,595,225.0,0.0,643.0,243.0,0,0,0.0,0,0.0,0,13,0.0,0.2,0.0,0.0,1.0,456.0,206.0,0.0,0.0,689.0,273.0,443.0,214.0,428.0,211.0,474.0,218.0,,,,,,,,0.0,0.11,0.11,8.21,0.0,0.0,11.25,0.0,0.0,24,0,0,0,0,0,0,0,0,0,0,0,0,0,0,0,0,14,0.0,0.0,0.0,0.0,0.0,0.0,0.0,0.0,0.0,0,0,0,0
621,Andy,Irving,Irving,u,has joined Sparta Prague permanently.,,4.3,576,339.0,0.2,339,113.0,0.0,560.0,190.0,0,0,0.0,-2,2.0,0,83,0.0,2.1,0.0,0.0,1.3,413.0,183.0,0.0,0.0,409.0,181.0,310.0,175.0,424.0,209.0,406.0,184.0,3.0,,,,,,,0.0,0.1,0.1,2.32,0.0,0.0,2.31,1.15,12.69,24,0,0,0,0,0,0,0,0,0,0,0,0,0,0,0,0,109,0.0,0.0,0.0,0.0,0.0,0.0,0.0,0.0,0.0,0,0,0,0
622,Lewis,Orford,Orford,u,has joined Stevenage on loan for the rest of the season.,,4.4,541,324.0,0.1,570,210.0,0.0,601.0,216.0,0,0,0.0,-1,1.0,0,5,0.0,0.0,0.0,0.0,0.0,660.0,256.0,0.0,0.0,651.0,247.0,648.0,252.0,622.0,240.0,652.0,248.0,,,,,,,,0.0,0.0,0.0,0.0,0.0,0.0,0.0,0.0,0.0,24,0,0,0,0,0,0,0,0,0,0,0,0,0,0,0,0,6,0.0,0.0,0.0,0.0,0.0,0.0,0.0,0.0,0.0,0,0,0,0
623,Freddie,Potts,Potts,a,,,4.4,537,320.0,0.7,213,72.0,0.6,311.0,138.0,0,0,0.0,-1,1.0,60,224,0.1,6.8,0.6,0.6,1.8,347.0,154.0,100.0,100.0,255.0,109.0,188.0,126.0,314.0,163.0,281.0,139.0,1.0,,,,,,,0.02,0.1,0.12,1.79,0.0,0.0,2.11,0.92,9.07,24,0,0,0,0,0,0,0,0,0,0,0,0,0,0,0,98,450,0.0,0.0,0.0,0.0,0.0,0.0,0.0,0.0,0.0,0,0,0,0
624,Jarrod,Bowen,Bowen,a,,,7.6,20,6.0,8.3,47,10.0,5.4,15.0,6.0,6,0,0.0,-4,4.0,15140,1853,0.7,14.6,5.4,5.4,4.6,31.0,4.0,,,42.0,3.0,72.0,2.0,9.0,6.0,14.0,3.0,,1.0,2.0,,,,,0.24,0.08,0.32,1.67,0.0,0.04,1.97,1.0,6.7,24,6,80,1,0,0,2,0,0,0,0,0,0,1,0,33,16932,4993,0.0,0.2599999999999998,0.050000000000000044,0.3100000000000005,1.75,0.0,0.0,0.0,0.0,0,3,4,7
625,Niclas,Füllkrug,Füllkrug,u,has joined AC Milan on loan for the rest of the season.,,5.6,124,34.0,0.6,238,37.0,0.0,789.0,83.0,0,0,0.0,-4,4.0,0,46,0.0,2.1,0.0,0.0,1.5,399.0,46.0,0.0,0.0,417.0,45.0,245.0,25.0,172.0,38.0,324.0,38.0,,,,,,,,0.21,0.05,0.26,1.9,0.0,0.22,2.43,1.11,4.2,24,0,0,0,0,0,0,0,0,0,0,0,0,0,0,0,0,57,0.0,0.0,0.0,0.0,0.0,0.0,0.0,0.0,0.0,0,0,0,0
626,Callum,Marshall,Marshall,u,has joined VfL Bochum 1848 on loan for the rest of the season.,,4.3,607,84.0,0.6,242,38.0,0.0,575.0,53.0,0,0,0.0,-2,2.0,0,108,0.0,0.5,0.0,0.0,1.0,447.0,55.0,0.0,0.0,474.0,55.0,467.0,58.0,400.0,55.0,465.0,55.0,,,,,,,,0.2,0.0,0.2,2.41,0.0,0.0,3.1,0.0,4.66,24,0,0,0,0,0,0,0,0,0,0,0,0,0,0,0,0,134,0.0,0.0,0.0,0.0,0.0,0.0,0.0,0.0,0.0,0,0,0,0
659,Kyle,Walker-Peters,Walker-Peters,a,,,4.2,624,144.0,0.3,337,124.0,0.6,306.0,112.0,0,0,0.0,-3,3.0,44,46,0.1,7.1,0.6,0.6,1.9,332.0,124.0,,,220.0,89.0,238.0,68.0,218.0,56.0,254.0,88.0,,,,,,,,0.11,0.02,0.13,1.98,0.0,0.09,1.99,0.95,6.71,24,0,0,0,0,0,0,0,0,0,0,0,0,0,0,0,51,73,0.0,0.0,0.0,0.0,0.0,0.0,0.0,0.0,0.0,0,0,0,0
671,Callum,Wilson,Wilson,a,,,5.8,104,30.0,0.6,225,35.0,2.0,176.0,21.0,1,0,0.0,-2,2.0,180,407,0.3,10.3,2.0,2.0,3.0,192.0,18.0,,,212.0,18.0,273.0,28.0,49.0,19.0,161.0,19.0,,,,,,,,0.48,0.02,0.5,1.71,0.0,0.11,1.83,0.86,2.9,24,1,14,0,0,0,1,0,0,0,0,0,0,0,0,2,242,574,0.0,0.0,0.0,0.0,0.8400000000000016,0.0,0.0,0.0,0.0,0,0,0,0
679,Mads,Hermansen,Hermansen,a,,,4.2,633,37.0,0.2,366,54.0,0.0,547.0,82.0,0,0,0.0,-3,3.0,14,14,0.0,2.1,0.0,0.0,2.2,294.0,25.0,,,337.0,28.0,607.0,78.0,576.0,64.0,407.0,28.0,,,,,,,,0.0,0.0,0.0,1.36,2.25,0.25,2.75,1.0,0.0,24,0,0,0,0,0,0,0,0,0,0,0,0,0,0,0,18,24,0.0,0.0,0.0,0.0,0.0,0.0,0.0,0.0,0.0,0,0,0,0
708,Mateus Gonçalo,Espanha Fernandes,M.Fernandes,a,,,5.5,155,97.0,0.2,348,116.0,5.0,20.0,10.0,4,0,0.0,0,0.0,599,111,0.9,15.3,5.0,5.0,3.8,93.0,42.0,100.0,100.0,64.0,20.0,36.0,34.0,250.0,135.0,65.0,43.0,4.0,,,,,,,0.06,0.08,0.14,1.52,0.0,0.1,1.68,1.07,11.33,24,4,90,0,0,0,3,0,0,0,0,0,0,1,0,21,798,240,0.0,0.08999999999999986,0.07000000000000006,0.1599999999999997,2.549999999999997,0.0,0.0,0.0,0.0,1,6,7,14
718,Soungoutou,Magassa,S.Magassa,a,,,5.0,276,169.0,0.0,644,261.0,0.2,395.0,182.0,0,0,0.0,0,0.0,1,15,0.0,6.6,0.2,0.2,2.4,271.0,117.0,,,267.0,116.0,278.0,163.0,315.0,164.0,316.0,152.0,,,,,,,,0.04,0.03,0.07,1.82,0.0,0.12,2.21,1.11,12.42,24,0,0,0,0,0,0,0,0,0,0,0,0,0,0,0,4,24,0.0,0.0,0.0,0.0,0.0,0.0,0.0,0.0,0.0,0,0,0,0
738,Lukasz,Fabianski,Fabianski,d,Back injury - 25% chance of playing,,4.5,403,20.0,0.0,625,79.0,0.0,617.0,86.0,0,0,0.0,0,0.0,2,10,0.0,0.0,0.0,0.0,0.0,674.0,89.0,25.0,25.0,668.0,89.0,663.0,82.0,639.0,70.0,669.0,89.0,,,,,,,,0.0,0.0,0.0,0.0,0.0,0.0,0.0,0.0,0.0,24,0,0,0,0,0,0,0,0,0,0,0,0,0,0,0,6,13,0.0,0.0,0.0,0.0,0.0,0.0,0.0,0.0,0.0,0,0,0,0
747,Ezra,Mayers,Mayers,a,,,4.0,713,197.0,0.0,647,226.0,0.4,329.0,122.0,0,0,0.0,0,0.0,9,8,0.1,1.2,0.4,0.4,1.0,440.0,163.0,,,425.0,161.0,344.0,120.0,385.0,141.0,419.0,153.0,,,,,,,,0.1,0.35,0.45,2.25,0.0,0.0,2.41,0.0,4.02,24,0,0,0,0,0,0,0,0,0,0,0,0,0,0,0,12,11,0.0,0.0,0.0,0.0,0.0,0.0,0.0,0.0,0.0,0,0,0,0
752,Airidas,Golambeckis,Golambeckis,a,,,4.0,724,208.0,0.0,662,231.0,0.0,538.0,227.0,0,0,0.0,0,0.0,5,6,0.0,0.0,0.0,0.0,0.0,616.0,242.0,,,606.0,242.0,599.0,242.0,566.0,238.0,607.0,242.0,,,,,,,,0.0,0.0,0.0,0.0,0.0,0.0,0.0,0.0,0.0,24,0,0,0,0,0,0,0,0,0,0,0,0,0,0,0,11,9,0.0,0.0,0.0,0.0,0.0,0.0,0.0,0.0,0.0,0,0,0,0
758,Mohamadou,Kanté,Mohamadou Kanté,a,,,4.5,500,309.0,0.0,735,313.0,0.0,688.0,280.0,0,0,0.0,0,0.0,2,6,0.0,0.7,0.0,0.0,1.0,465.0,214.0,,,456.0,208.0,398.0,197.0,414.0,205.0,453.0,206.0,,,,,,,,0.17,0.11,0.28,3.04,0.0,0.0,0.0,0.0,22.5,24,0,0,0,0,0,0,0,0,0,0,0,0,0,0,0,3,8,0.0,0.0,0.0,0.0,0.0,0.0,0.0,0.0,0.0,0,0,0,0
785,Pablo Felipe,Pereira de Jesus,Pablo,a,,,5.5,154,39.0,0.0,702,85.0,1.4,240.0,29.0,2,0,0.0,0,0.0,45,11,0.3,1.3,1.4,1.4,1.8,357.0,39.0,,,447.0,50.0,359.0,44.0,358.0,52.0,424.0,52.0,,,,,,,,0.13,0.03,0.16,1.36,0.0,0.0,1.5,1.12,8.62,24,2,66,0,0,0,1,0,0,0,0,0,0,1,0,9,52,26,0.0,0.0,0.04000000000000001,0.03999999999999998,0.9100000000000001,0.0,0.0,0.0,0.0,2,3,5,10
791,Valentín,Castellanos,Taty,a,,,5.5,145,36.0,0.0,603,79.0,2.2,165.0,19.0,2,0,0.0,0,0.0,137,52,0.4,1.6,2.2,2.2,2.2,301.0,30.0,,,430.0,48.0,324.0,36.0,214.0,42.0,363.0,44.0,,,,,,,,0.43,0.01,0.44,1.38,0.0,0.0,1.64,1.09,4.92,24,2,75,0,0,0,2,0,0,0,0,0,0,1,0,13,182,89,0.0,0.24,0.010000000000000002,0.25,1.7099999999999995,0.0,0.0,0.0,0.0,0,2,3,5
802,Keiber,Lamadrid,Lamadrid,a,,,5.0,279,171.0,0.0,791,348.0,0.0,751.0,325.0,0,0,0.0,0,0.0,3,1,0.0,0.0,0.0,0.0,0.0,777.0,341.0,,,776.0,340.0,774.0,340.0,767.0,337.0,775.0,339.0,,,,,,,,0.0,0.0,0.0,0.0,0.0,0.0,0.0,0.0,0.0,24,0,0,0,0,0,0,0,0,0,0,0,0,0,0,0,4,2,0.0,0.0,0.0,0.0,0.0,0.0,0.0,0.0,0.0,0,0,0,0
627,Sam,Johnstone,Johnstone,a,,,4.4,513,26.0,0.1,425,64.0,0.0,586.0,85.0,0,0,0.0,-1,1.0,19,26,0.0,4.8,0.0,0.0,1.8,346.0,27.0,,,131.0,19.0,468.0,13.0,609.0,69.0,290.0,19.0,,,,,,,,0.0,0.0,0.0,1.55,3.25,0.0,2.0,1.0,0.0,24,0,0,0,0,0,0,0,0,0,0,0,0,0,0,0,28,33,0.0,0.0,0.0,0.0,0.0,0.0,0.0,0.0,0.0,0,0,0,0
628,José,Malheiro de Sá,José Sá,a,,,4.2,623,33.0,1.1,182,23.0,3.2,78.0,7.0,1,0,0.0,-3,3.0,183,124,0.8,6.7,3.2,3.2,2.3,278.0,22.0,,,240.0,21.0,403.0,5.0,572.0,60.0,346.0,21.0,,,,,,,,0.0,0.0,0.0,1.18,1.92,0.17,1.75,1.0,0.0,24,1,90,0,0,0,2,0,0,0,0,0,2,1,0,10,772,309,0.0,0.0,0.0,0.0,1.3600000000000012,0.0,0.0,0.0,0.0,0,1,12,0
629,Daniel,Bentley,Bentley,a,,,3.9,730,69.0,0.5,258,34.0,0.0,440.0,30.0,0,0,0.0,-1,1.0,35,19,0.0,0.0,0.0,0.0,0.0,522.0,36.0,100.0,100.0,512.0,36.0,503.0,23.0,466.0,8.0,512.0,36.0,,,,,,,,0.0,0.0,0.0,0.0,0.0,0.0,0.0,0.0,0.0,24,0,0,0,0,0,0,0,0,0,0,0,0,0,0,0,69,37,0.0,0.0,0.0,0.0,0.0,0.0,0.0,0.0,0.0,0,0,0,0
631,Emmanuel,Agbadou,Agbadou,a,,,4.2,637,152.0,0.1,440,163.0,0.6,309.0,115.0,3,0,0.0,-3,3.0,4,8,0.1,5.5,0.6,0.6,1.6,375.0,140.0,100.0,100.0,155.0,64.0,281.0,88.0,259.0,75.0,234.0,80.0,,5.0,,,,,,0.05,0.03,0.08,1.49,0.0,0.0,2.37,0.98,10.23,24,3,90,0,0,0,2,0,0,0,0,0,0,1,0,11,9,15,0.0,0.06999999999999995,0.050000000000000044,0.12,1.360000000000003,0.0,0.0,0.0,0.0,4,6,4,10
632,Matt,Doherty,Doherty,a,,,4.4,512,99.0,0.1,492,178.0,0.0,585.0,238.0,0,0,0.0,-1,1.0,9,7,0.0,2.5,0.0,0.0,1.4,404.0,148.0,100.0,100.0,316.0,123.0,313.0,105.0,363.0,127.0,359.0,126.0,,,,,,,,0.01,0.03,0.04,1.39,0.0,0.15,1.65,1.2,7.06,24,0,0,0,0,0,0,0,0,0,0,0,0,0,0,0,19,11,0.0,0.0,0.0,0.0,0.0,0.0,0.0,0.0,0.0,0,0,0,0
633,Hugo,Bueno López,H.Bueno,a,,,4.3,589,137.0,0.1,412,151.0,4.4,30.0,10.0,2,0,0.0,-2,2.0,127,51,1.0,12.1,4.4,4.4,2.5,254.0,99.0,100.0,100.0,127.0,56.0,41.0,3.0,197.0,49.0,86.0,20.0,2.0,,,,,,,0.03,0.12,0.15,1.21,0.0,0.19,1.51,0.95,6.5,24,2,88,0,0,0,1,0,0,0,0,0,0,1,0,12,360,104,0.0,0.0,0.24,0.2400000000000002,0.5600000000000023,0.0,0.0,0.0,0.0,2,2,4,4
634,Yerson,Mosquera Valdelamar,Mosquera,a,,,4.3,597,140.0,0.1,504,181.0,3.4,68.0,26.0,0,0,0.0,-2,2.0,40,42,0.8,6.0,3.4,3.4,1.7,366.0,136.0,100.0,100.0,208.0,85.0,241.0,71.0,143.0,27.0,219.0,75.0,,,,,,,,0.1,0.02,0.12,1.3,0.0,0.16,1.74,1.03,8.71,24,0,90,0,0,0,2,0,0,0,1,0,0,1,0,106,180,67,0.0,0.10999999999999988,0.0,0.1100000000000001,1.3599999999999994,0.0,0.0,0.0,0.0,1,2,9,3
635,Rodrigo,Martins Gomes,R.Gomes,a,,,4.4,536,116.0,0.1,569,206.0,0.8,290.0,106.0,2,0,0.0,-1,1.0,7,4,0.2,3.9,0.8,0.8,1.9,335.0,127.0,100.0,100.0,373.0,144.0,333.0,113.0,206.0,53.0,337.0,115.0,,,,,,,,0.19,0.05,0.24,1.04,0.0,0.0,2.0,1.0,4.19,24,2,70,0,0,0,1,0,0,0,0,0,0,1,0,5,13,6,0.0,0.0,0.04000000000000001,0.040000000000000036,0.4500000000000002,0.0,0.0,0.0,0.0,2,1,1,3
636,Santiago,Ignacio Bueno,S.Bueno,a,,,4.4,523,108.0,0.1,484,174.0,3.4,70.0,28.0,2,0,0.0,-1,1.0,24,31,0.8,11.8,3.4,3.4,3.5,118.0,42.0,100.0,100.0,133.0,57.0,291.0,94.0,194.0,46.0,206.0,67.0,,,,,,,,0.11,0.03,0.14,1.22,0.0,0.14,1.67,0.98,7.87,24,2,88,0,0,0,1,0,0,0,0,0,0,1,0,9,117,55,0.0,0.06000000000000005,0.0,0.06000000000000005,0.5600000000000023,0.0,0.0,0.0,0.0,2,3,2,5
637,Toti,Gomes,Toti,i,Hamstring injury - Unknown return date,,4.2,636,151.0,0.1,508,183.0,0.0,550.0,232.0,0,0,0.0,-3,3.0,1,5,0.0,4.8,0.0,0.0,1.5,390.0,143.0,0.0,0.0,209.0,86.0,258.0,77.0,333.0,109.0,286.0,95.0,,,,,,,,0.0,0.02,0.02,1.7,0.0,0.0,2.37,1.14,7.97,24,0,0,0,0,0,0,0,0,0,0,0,0,0,0,0,1,12,0.0,0.0,0.0,0.0,0.0,0.0,0.0,0.0,0.0,0,0,0,0
638,Ki-Jana,Hoever,Hoever,u,has joined Sheffield United on loan for the rest of the season.,,3.8,785,241.0,1.1,178,69.0,0.0,420.0,160.0,0,0,0.0,-2,2.0,0,410,0.0,2.6,0.0,0.0,1.2,425.0,154.0,0.0,0.0,318.0,124.0,239.0,69.0,372.0,133.0,342.0,118.0,,,,,,,,0.0,0.08,0.08,1.99,0.0,0.0,2.77,1.28,8.51,24,0,0,0,0,0,0,0,0,0,0,0,0,0,0,0,0,553,0.0,0.0,0.0,0.0,0.0,0.0,0.0,0.0,0.0,0,0,0,0
639,Bastien,Meupiyou Menadjou,Meupiyou,u,On loan to FC Alverca,,4.0,702,187.0,0.0,746,254.0,0.0,519.0,209.0,0,0,0.0,0,0.0,0,1,0.0,0.0,0.0,0.0,0.0,598.0,225.0,0.0,0.0,588.0,225.0,581.0,225.0,547.0,220.0,588.0,224.0,,,,,,,,0.0,0.0,0.0,0.0,0.0,0.0,0.0,0.0,0.0,24,0,0,0,0,0,0,0,0,0,0,0,0,0,0,0,0,2,0.0,0.0,0.0,0.0,0.0,0.0,0.0,0.0,0.0,0,0,0,0
640,Pedro,Cardoso de Lima,Pedro Lima,a,,,4.0,722,206.0,0.4,278,105.0,0.4,331.0,124.0,1,0,0.0,0,0.0,18,19,0.1,0.5,0.4,0.4,1.0,441.0,164.0,100.0,100.0,481.0,172.0,465.0,170.0,564.0,236.0,605.0,240.0,,,,,,,,0.0,0.0,0.0,35.55,0.0,0.0,45.0,0.0,0.0,24,1,1,0,0,0,1,0,0,0,0,0,0,0,0,2,23,22,0.0,0.0,0.0,0.0,0.79,0.0,0.0,0.0,0.0,0,0,0,0
641,Alfie,Pond,Pond,u,has joined Crewe Alexandra on loan for the rest of the season.,,3.9,762,223.0,1.1,183,72.0,0.0,464.0,181.0,0,0,0.0,-1,1.0,0,215,0.0,0.0,0.0,0.0,0.0,545.0,199.0,0.0,0.0,535.0,199.0,526.0,199.0,489.0,191.0,535.0,198.0,,,,,,,,0.0,0.0,0.0,0.0,0.0,0.0,0.0,0.0,0.0,24,0,0,0,0,0,0,0,0,0,0,0,0,0,0,0,0,276,0.0,0.0,0.0,0.0,0.0,0.0,0.0,0.0,0.0,0,0,0,0
642,Hwang,Hee-chan,Hee Chan,a,,,5.6,127,78.0,0.2,399,134.0,3.8,58.0,24.0,2,0,0.0,-4,4.0,67,96,0.7,7.7,3.8,3.8,2.3,286.0,124.0,100.0,100.0,298.0,133.0,184.0,122.0,158.0,91.0,258.0,126.0,,,3.0,,,,,0.18,0.08,0.26,1.21,0.0,0.16,1.55,1.14,5.15,24,2,69,0,0,0,1,0,0,0,0,0,0,1,0,13,224,142,0.0,0.10000000000000009,0.020000000000000018,0.11999999999999966,0.4499999999999993,0.0,0.0,0.0,0.0,0,0,3,3
643,André,Trindade da Costa Neto,André,a,,,5.3,204,126.0,0.1,522,186.0,1.6,221.0,94.0,3,0,0.0,-2,2.0,6,11,0.3,10.0,1.6,1.6,2.3,285.0,123.0,100.0,100.0,190.0,80.0,131.0,93.0,370.0,187.0,221.0,110.0,,,,,,,,0.01,0.04,0.05,1.46,0.0,0.05,1.77,0.96,12.57,24,3,79,0,0,0,1,0,0,0,1,0,0,1,0,14,22,21,0.0,0.01999999999999999,0.010000000000000009,0.030000000000000027,0.5100000000000016,0.0,0.0,0.0,0.0,4,3,7,14
644,Jean-Ricner,Bellegarde,Bellegarde,a,,,5.1,231,142.0,0.0,618,239.0,0.2,396.0,183.0,1,0,0.0,-4,4.0,6,2,0.0,5.1,0.2,0.2,1.7,367.0,162.0,100.0,100.0,311.0,137.0,234.0,144.0,226.0,123.0,295.0,142.0,3.0,4.0,,,,,,0.1,0.08,0.18,1.63,0.0,0.13,2.68,1.15,7.8,24,1,19,0,0,0,1,0,0,0,0,0,0,0,0,7,12,6,0.0,0.030000000000000027,0.010000000000000009,0.040000000000000036,0.9100000000000001,0.0,0.0,0.0,0.0,1,0,1,2
645,Fer,López González,Fer López,u,has joined Celta Vigo on loan for the rest of the season.,,5.1,240,147.0,0.0,643,260.0,0.0,760.0,333.0,0,0,0.0,-4,4.0,0,11,0.0,2.4,0.0,0.0,1.3,420.0,189.0,0.0,0.0,413.0,184.0,289.0,167.0,316.0,165.0,378.0,176.0,,,,,,,,0.06,0.24,0.3,1.57,0.0,0.0,3.55,0.79,4.74,24,0,0,0,0,0,0,0,0,0,0,0,0,0,0,0,0,12,0.0,0.0,0.0,0.0,0.0,0.0,0.0,0.0,0.0,0,0,0,0
646,João Victor,Gomes da Silva,Gomes,a,,,5.3,199,124.0,0.1,471,161.0,2.8,117.0,52.0,3,0,0.0,-2,2.0,29,22,0.5,11.3,2.8,2.8,2.6,247.0,107.0,100.0,100.0,158.0,61.0,90.0,67.0,205.0,112.0,137.0,75.0,,,,,,,,0.04,0.06,0.1,1.29,0.0,0.1,1.76,1.02,12.49,24,3,90,0,0,0,2,0,0,0,1,0,0,1,0,15,74,62,0.0,0.05999999999999994,0.08999999999999986,0.15000000000000013,1.3599999999999994,0.0,0.0,0.0,0.0,4,3,6,13
647,Gonçalo Manuel,Ganchinho Guedes,Guedes,u,Has joined Real Sociedad permanently.,,5.5,140,86.0,0.0,775,338.0,0.0,784.0,348.0,0,0,0.0,0,0.0,0,0,0.0,0.0,0.0,0.0,0.0,792.0,352.0,0.0,0.0,791.0,351.0,790.0,351.0,787.0,350.0,791.0,351.0,,,,,,,,0.0,0.0,0.0,0.0,0.0,0.0,0.0,0.0,0.0,24,0,0,0,0,0,0,0,0,0,0,0,0,0,0,0,0,1,0.0,0.0,0.0,0.0,0.0,0.0,0.0,0.0,0.0,0,0,0,0
648,Marshall,Munetsi,Munetsi,u,has joined Paris FC on loan for the rest of the season.,,5.3,198,123.0,0.0,615,237.0,0.0,768.0,337.0,0,0,0.0,-2,2.0,0,8,0.0,7.2,0.0,0.0,2.9,203.0,85.0,0.0,0.0,256.0,110.0,287.0,166.0,102.0,61.0,235.0,115.0,,,,,,,,0.17,0.04,0.21,1.38,0.0,0.0,1.96,0.93,8.26,24,0,0,0,0,0,0,0,0,0,0,0,0,0,0,0,0,11,0.0,0.0,0.0,0.0,0.0,0.0,0.0,0.0,0.0,0,0,0,0
649,Boubacar,Traoré,B.Traore,u,Has joined FC Metz on loan for the rest of the season.,,5.0,262,159.0,0.0,800,356.0,0.0,743.0,319.0,0,0,0.0,0,0.0,0,0,0.0,0.0,0.0,0.0,0.0,770.0,336.0,0.0,0.0,769.0,335.0,767.0,335.0,759.0,332.0,768.0,334.0,,,,,,,,0.0,0.0,0.0,0.0,0.0,0.0,0.0,0.0,0.0,24,0,0,0,0,0,0,0,0,0,0,0,0,0,0,0,0,0,0.0,0.0,0.0,0.0,0.0,0.0,0.0,0.0,0.0,0,0,0,0
650,Tawanda,Chirewa,Chirewa,a,,,4.3,593,345.0,0.2,356,119.0,0.2,371.0,165.0,0,0,0.0,-2,2.0,27,29,0.0,0.5,0.2,0.2,1.0,445.0,196.0,100.0,100.0,461.0,212.0,461.0,224.0,590.0,219.0,473.0,217.0,,,,,,,,0.0,0.0,0.0,1.8,0.0,0.0,0.0,0.0,14.4,24,0,0,0,0,0,0,0,0,0,0,0,0,0,0,0,48,51,0.0,0.0,0.0,0.0,0.0,0.0,0.0,0.0,0.0,0,0,0,0
651,Tom,Edozie,Edozie,a,,,4.3,611,356.0,0.4,291,97.0,0.0,579.0,205.0,0,0,0.0,-2,2.0,32,51,0.0,0.0,0.0,0.0,0.0,643.0,246.0,,,633.0,236.0,630.0,241.0,603.0,229.0,634.0,237.0,,,,,,,,0.0,0.0,0.0,0.0,0.0,0.0,0.0,0.0,0.0,24,0,0,0,0,0,0,0,0,0,0,0,0,0,0,0,48,82,0.0,0.0,0.0,0.0,0.0,0.0,0.0,0.0,0.0,0,0,0,0
652,Enso,González Medina,Gonzalez,a,,,4.3,610,355.0,1.3,168,58.0,0.0,578.0,204.0,0,0,0.0,-2,2.0,168,207,0.0,0.0,0.0,0.0,0.0,642.0,245.0,,,632.0,235.0,629.0,240.0,602.0,228.0,633.0,236.0,,,,,,,,0.0,0.0,0.0,0.0,0.0,0.0,0.0,0.0,0.0,24,0,0,0,0,0,0,0,0,0,0,0,0,0,0,0,242,318,0.0,0.0,0.0,0.0,0.0,0.0,0.0,0.0,0.0,0,0,0,0
653,Joe,Hodge,Hodge,u,Signed by CD Tondela,,4.5,421,252.0,0.0,652,266.0,0.0,628.0,230.0,0,0,0.0,0,0.0,0,2,0.0,0.0,0.0,0.0,0.0,683.0,268.0,0.0,0.0,677.0,262.0,673.0,265.0,650.0,255.0,678.0,263.0,,,,,,,,0.0,0.0,0.0,0.0,0.0,0.0,0.0,0.0,0.0,24,0,0,0,0,0,0,0,0,0,0,0,0,0,0,0,0,2,0.0,0.0,0.0,0.0,0.0,0.0,0.0,0.0,0.0,0,0,0,0
658,Nathan,Fraser,Fraser,a,,,4.2,638,88.0,1.7,141,22.0,0.0,551.0,49.0,0,0,0.0,-3,3.0,700,418,0.0,0.0,0.0,0.0,0.0,623.0,60.0,,,614.0,60.0,609.0,59.0,578.0,59.0,615.0,60.0,,,,,,,,0.0,0.0,0.0,0.0,0.0,0.0,0.0,0.0,0.0,24,0,0,0,0,0,0,0,0,0,0,0,0,0,0,0,1223,546,0.0,0.0,0.0,0.0,0.0,0.0,0.0,0.0,0.0,0,0,0,0
663,Jhon,Arias,J.Arias,a,,,4.9,317,196.0,0.2,407,137.0,2.6,132.0,60.0,1,0,0.0,-6,6.0,7,29,0.5,9.2,2.6,2.6,2.0,324.0,144.0,,,251.0,107.0,119.0,85.0,147.0,86.0,189.0,100.0,1.0,1.0,,,,,,0.27,0.05,0.32,1.29,0.0,0.16,1.69,1.13,10.15,24,1,10,0,0,0,1,0,0,0,0,0,0,0,0,3,26,47,0.0,0.0,0.010000000000000009,0.009999999999999787,0.8499999999999996,0.0,0.0,0.0,0.0,1,0,2,3
682,David,Møller Wolfe,Møller Wolfe,a,,,4.3,594,139.0,0.1,542,197.0,0.4,335.0,126.0,1,0,0.0,-2,2.0,3,4,0.1,4.9,0.4,0.4,1.4,403.0,147.0,,,306.0,117.0,219.0,60.0,304.0,96.0,313.0,107.0,,,,,,,,0.02,0.13,0.15,1.8,0.0,0.0,2.43,1.02,4.09,24,1,1,0,0,0,1,0,0,0,0,0,0,0,0,0,8,5,0.0,0.0,0.030000000000000027,0.029999999999999805,0.7899999999999991,0.0,0.0,0.0,0.0,0,0,0,0
695,Jackson,Tchatchoua,Tchatchoua,a,,,4.4,543,117.0,0.0,637,222.0,2.6,130.0,45.0,0,0,0.0,-1,1.0,3,8,0.6,8.2,2.6,2.6,1.6,378.0,141.0,,,213.0,87.0,104.0,24.0,318.0,101.0,210.0,69.0,,,,,,,,0.02,0.07,0.09,1.2,0.0,0.15,1.82,0.87,5.53,24,0,0,0,0,0,0,0,0,0,0,0,0,0,0,0,21,14,0.0,0.0,0.0,0.0,0.0,0.0,0.0,0.0,0.0,0,0,0,0
709,Ladislav,Krejcí,Krejčí,d,Illness - 75% chance of playing,,4.5,424,84.0,0.1,532,194.0,3.0,96.0,33.0,0,0,0.0,0,0.0,7,72,0.7,10.2,2.2,2.2,2.6,241.0,95.0,75.0,75.0,86.0,39.0,203.0,51.0,99.0,13.0,117.0,37.0,,,,,,,,0.11,0.07,0.18,1.35,0.0,0.11,1.83,1.03,6.94,24,0,0,0,0,0,0,0,0,0,0,0,0,0,0,0,27,118,0.0,0.0,0.0,0.0,0.0,0.0,0.0,0.0,0.0,0,0,0,0
720,Tolu,Arokodare,Tolu,a,,,5.4,176,43.0,0.1,515,72.0,1.8,197.0,24.0,2,0,0.0,-1,1.0,38,53,0.3,6.9,1.8,1.8,1.9,343.0,36.0,,,339.0,33.0,201.0,20.0,84.0,25.0,240.0,28.0,,2.0,,,,,,0.24,0.03,0.27,1.13,0.0,0.21,2.04,0.97,5.26,24,2,90,0,0,0,2,0,0,0,0,0,0,1,0,7,66,79,0.0,0.5799999999999998,0.03999999999999998,0.6200000000000001,1.3600000000000012,0.0,0.0,0.0,0.0,1,1,1,3
749,Mateus,Mané,Mané,a,,,4.6,402,65.0,2.0,134,20.0,5.4,10.0,3.0,2,0,0.0,1,-1.0,1336,1674,1.2,8.7,5.4,5.4,3.1,172.0,14.0,,,271.0,25.0,194.0,17.0,187.0,41.0,256.0,29.0,,,,,,,,0.11,0.15,0.26,1.22,0.0,0.25,1.51,0.88,5.91,24,2,90,0,0,0,2,0,0,0,0,0,0,1,0,17,6400,2513,0.0,0.16000000000000003,0.44999999999999996,0.6099999999999999,1.3599999999999994,0.0,0.0,0.0,0.0,1,1,5,7
766,Saheed,Olagunju,Olagunju,a,,,4.0,712,196.0,0.0,682,236.0,0.0,529.0,218.0,0,0,0.0,0,0.0,12,3,0.0,0.0,0.0,0.0,0.0,607.0,233.0,,,597.0,233.0,590.0,233.0,556.0,228.0,597.0,232.0,,,,,,,,0.0,0.0,0.0,0.0,0.0,0.0,0.0,0.0,0.0,24,0,0,0,0,0,0,0,0,0,0,0,0,0,0,0,16,5,0.0,0.0,0.0,0.0,0.0,0.0,0.0,0.0,0.0,0,0,0,0
767,Luke,Rawlings,Rawlings,a,,,4.5,489,300.0,0.0,764,330.0,0.0,679.0,272.0,0,0,0.0,0,0.0,2,3,0.0,0.0,0.0,0.0,0.0,727.0,304.0,,,725.0,302.0,720.0,302.0,702.0,296.0,724.0,301.0,,,,,,,,0.0,0.0,0.0,0.0,0.0,0.0,0.0,0.0,0.0,24,0,0,0,0,0,0,0,0,0,0,0,0,0,0,0,4,4,0.0,0.0,0.0,0.0,0.0,0.0,0.0,0.0,0.0,0,0,0,0
777,Temple,Ojinnaka,Ojinnaka,a,,,4.5,451,270.0,0.0,777,339.0,0.0,648.0,248.0,0,0,0.0,0,0.0,2,2,0.0,0.0,0.0,0.0,0.0,699.0,283.0,,,694.0,278.0,691.0,280.0,670.0,271.0,694.0,278.0,,,,,,,,0.0,0.0,0.0,0.0,0.0,0.0,0.0,0.0,0.0,24,0,0,0,0,0,0,0,0,0,0,0,0,0,0,0,4,3,0.0,0.0,0.0,0.0,0.0,0.0,0.0,0.0,0.0,0,0,0,0
778,Ethan,Sutherland,Sutherland,a,,,4.5,481,294.0,0.0,745,319.0,0.0,671.0,266.0,0,0,0.0,0,0.0,3,4,0.0,0.0,0.0,0.0,0.0,719.0,298.0,,,717.0,296.0,712.0,296.0,694.0,290.0,716.0,295.0,,,,,,,,0.0,0.0,0.0,0.0,0.0,0.0,0.0,0.0,0.0,24,0,0,0,0,0,0,0,0,0,0,0,0,0,0,0,9,6,0.0,0.0,0.0,0.0,0.0,0.0,0.0,0.0,0.0,0,0,0,0
