id,status,chance_of_playing_next_round,chance_of_playing_this_round,now_cost,now_cost_rank,now_cost_rank_type,cost_change_event,cost_change_event_fall,cost_change_start,cost_change_start_fall,selected_by_percent,selected_rank,selected_rank_type,total_points,event_points,points_per_game,points_per_game_rank,points_per_game_rank_type,bonus,bps,form,form_rank,form_rank_type,value_form,value_season,dreamteam_count,transfers_in,transfers_in_event,transfers_out,transfers_out_event,ep_next,ep_this,expected_goals,expected_assists,expected_goal_involvements,expected_goals_conceded,expected_goals_per_90,expected_assists_per_90,expected_goal_involvements_per_90,expected_goals_conceded_per_90,influence,influence_rank,influence_rank_type,creativity,creativity_rank,creativity_rank_type,threat,threat_rank,threat_rank_type,ict_index,ict_index_rank,ict_index_rank_type,corners_and_indirect_freekicks_order,direct_freekicks_order,penalties_order,gw,set_piece_threat,first_name,second_name,web_name,news,news_added,minutes,goals_scored,assists,clean_sheets,goals_conceded,own_goals,penalties_saved,penalties_missed,yellow_cards,red_cards,saves,starts,defensive_contribution,corners_and_indirect_freekicks_text,direct_freekicks_text,penalties_text,saves_per_90,clean_sheets_per_90,goals_conceded_per_90,starts_per_90,defensive_contribution_per_90,tackles,clearances_blocks_interceptions,recoveries
2,a,,,4.1,649,38.0,0,0.0,-4,4.0,0.4,274,36.0,0,0,0.0,619.0,83.0,0,0,0.0,545.0,77.0,0.0,0.0,0.0,13331,102,73800,174,1.0,1.0,0.0,0.0,0.0,0.0,0.0,0.0,0.0,0.0,0.0,610.0,83.0,0.0,603.0,72.0,0.0,571.0,57.0,0.0,612.0,83.0,,,,24,,Kepa,Arrizabalaga Revuelta,Arrizabalaga,,,0,0,0,0,0,0,0,0,0,0,0,0,0,,,,0.0,0.0,0.0,0.0,0.0,0,0,0
40,a,100.0,100.0,4.3,573,125.0,0,0.0,-2,2.0,0.6,244,92.0,25,0,3.1,166.0,65.0,1,91,0.2,381.0,145.0,0.0,5.8,0.0,125583,409,188941,149,0.2,0.2,0.33,0.09,0.42,8.91,0.06,0.02,0.08,1.57,127.2,297.0,113.0,44.6,330.0,113.0,25.0,346.0,114.0,19.7,351.0,122.0,,,,24,,Tyrone,Mings,Mings,,,512,0,0,2,6,0,0,0,0,0,0,6,60,,,,0.0,0.35,1.05,1.05,7.73,2,42,16
193,a,100.0,100.0,3.9,751,217.0,0,0.0,-1,1.0,0.1,434,162.0,23,0,3.3,135.0,49.0,1,99,2.6,143.0,46.0,0.7,5.9,0.0,14815,252,10514,148,2.6,2.6,0.16,0.1,0.26,12.03,0.03,0.02,0.05,2.05,137.4,286.0,110.0,21.3,379.0,136.0,24.0,349.0,116.0,18.2,358.0,125.0,,,,24,,Bashir,Humphreys,Humphreys,,,527,0,1,1,10,0,0,0,2,0,0,5,54,,,,0.0,0.17,1.71,0.85,9.22,11,43,18
664,a,,,3.9,735,71.0,0,0.0,-1,1.0,0.7,210,27.0,0,0,0.0,527.0,39.0,0,0,0.0,449.0,33.0,0.0,0.0,0.0,38944,182,49104,283,0.0,0.0,0.0,0.0,0.0,0.0,0.0,0.0,0.0,0.0,0.0,517.0,39.0,0.0,507.0,25.0,0.0,472.0,10.0,0.0,519.0,39.0,,,,24,,Benjamin,Lecomte,Lecomte,,,0,0,0,0,0,0,0,0,0,0,0,0,0,,,,0.0,0.0,0.0,0.0,0.0,0,0,0
339,a,,,4.2,633,35.0,0,0.0,-3,3.0,0.3,298,39.0,0,0,0.0,622.0,86.0,0,0,0.0,550.0,80.0,0.0,0.0,0.0,11876,65,61361,105,0.0,-1.0,0.0,0.0,0.0,0.0,0.0,0.0,0.0,0.0,0.0,614.0,86.0,0.0,607.0,76.0,0.0,577.0,62.0,0.0,616.0,86.0,,,,24,,Illan,Meslier,Meslier,,,0,0,0,0,0,0,0,0,0,0,0,0,0,,,,0.0,0.0,0.0,0.0,0.0,0,0,0
41,a,100.0,100.0,4.3,582,131.0,0,0.0,-2,2.0,0.3,310,115.0,49,2,3.3,137.0,51.0,2,216,2.0,185.0,65.0,0.5,11.4,0.0,65889,489,90296,178,2.0,2.0,0.59,0.33,0.92,17.17,0.04,0.02,0.06,1.28,235.8,202.0,79.0,36.3,349.0,122.0,51.0,297.0,95.0,32.5,285.0,95.0,,,,24,,Pau,Torres,Pau,,,1206,0,1,4,13,1,0,0,0,0,0,13,114,,,,0.0,0.3,0.97,0.97,6.49,17,70,63
42,i,0.0,0.0,3.9,774,228.0,0,0.0,-1,1.0,0.2,359,131.0,1,0,0.5,497.0,173.0,0,-3,0.2,376.0,142.0,0.1,0.3,0.0,27346,6,38467,282,0.0,0.0,0.0,0.01,0.01,1.52,0.0,0.03,0.03,4.56,0.6,485.0,173.0,1.5,445.0,162.0,0.0,502.0,197.0,0.2,487.0,173.0,,,,24,,Andrés,García,A.García,Hamstring injury - Expected back 21 Feb,,30,0,0,0,2,0,0,0,0,0,0,0,0,,,,0.0,0.0,6.0,0.0,0.0,0,0,2
43,u,0.0,0.0,4.0,656,159.0,0,0.0,0,0.0,1.7,145,57.0,0,0,0.0,561.0,206.0,0,0,0.0,484.0,189.0,0.0,0.0,0.0,44476,0,881615,429,0.0,0.0,0.0,0.0,0.0,0.0,0.0,0.0,0.0,0.0,0.0,551.0,205.0,0.0,542.0,205.0,0.0,508.0,199.0,0.0,553.0,205.0,,,,24,,Álex,Moreno Lopera,Alex Moreno,Has joined Girona permanently.,,0,0,0,0,0,0,0,0,0,0,0,0,0,,,,0.0,0.0,0.0,0.0,0.0,0,0,0
429,a,,,4.7,378,236.0,0,0.0,-3,3.0,0.1,538,191.0,0,0,0.0,746.0,319.0,0,0,0.0,702.0,291.0,0.0,0.0,0.0,4036,25,7968,35,0.0,0.5,0.0,0.0,0.0,0.0,0.0,0.0,0.0,0.0,0.0,746.0,319.0,0.0,741.0,319.0,0.0,727.0,315.0,0.0,746.0,319.0,,,,24,,Kalvin,Phillips,Phillips,,,0,0,0,0,0,0,0,0,0,0,0,0,0,,,,0.0,0.0,0.0,0.0,0.0,0,0,0
463,a,,,4.3,618,362.0,0,0.0,-2,2.0,0.1,487,170.0,0,0,0.0,647.0,248.0,0,0,0.0,587.0,210.0,0.0,0.0,0.0,8902,67,12118,49,0.0,0.0,0.0,0.0,0.0,0.0,0.0,0.0,0.0,0.0,0.0,638.0,239.0,0.0,635.0,244.0,0.0,609.0,233.0,0.0,640.0,241.0,,,,24,,Sékou,Koné,Kone,,,0,0,0,0,0,0,0,0,0,0,0,0,0,,,,0.0,0.0,0.0,0.0,0.0,0,0,0
467,a,,,4.2,645,89.0,0,0.0,-3,3.0,1.7,143,23.0,0,0,0.0,625.0,62.0,0,0,0.0,559.0,51.0,0.0,0.0,0.0,260834,759,336763,2327,0.0,0.0,0.0,0.0,0.0,0.0,0.0,0.0,0.0,0.0,0.0,617.0,62.0,0.0,612.0,61.0,0.0,583.0,61.0,0.0,619.0,62.0,,,,24,,Chido,Obi,Obi,,,0,0,0,0,0,0,0,0,0,0,0,0,0,,,,0.0,0.0,0.0,0.0,0.0,0,0,0
479,i,0.0,0.0,4.3,571,123.0,0,0.0,-2,2.0,0.0,618,221.0,0,0,0.0,628.0,246.0,0,-8,0.0,564.0,238.0,0.0,0.0,0.0,1455,4,5000,11,0.0,0.0,0.0,0.0,0.0,0.25,0.0,0.0,0.0,0.5,1.4,475.0,171.0,1.2,449.0,163.0,0.0,587.0,244.0,0.3,481.0,171.0,,,,24,,Emil,Krafth,Krafth,Knee injury - Unknown return date,,45,0,0,0,2,0,0,0,0,0,0,1,1,,,,0.0,0.0,4.0,2.0,2.0,0,1,0
528,a,,,4.2,631,34.0,0,0.0,-3,3.0,0.2,380,55.0,0,0,0.0,621.0,85.0,0,0,0.0,549.0,79.0,0.0,0.0,0.0,10547,39,31572,70,-1.0,0.0,0.0,0.0,0.0,0.0,0.0,0.0,0.0,0.0,0.0,613.0,85.0,0.0,606.0,75.0,0.0,576.0,61.0,0.0,615.0,85.0,,,,24,,Anthony,Patterson,Patterson,,,0,0,0,0,0,0,0,0,0,0,0,0,0,,,,0.0,0.0,0.0,0.0,0.0,0,0,0
564,u,0.0,0.0,4.4,534,75.0,0,0.0,-1,1.0,0.1,500,71.0,0,0,0.0,655.0,67.0,0,0,0.0,599.0,57.0,0.0,0.0,0.0,3530,0,20001,16,0.0,0.0,0.0,0.0,0.0,0.0,0.0,0.0,0.0,0.0,0.0,646.0,67.0,0.0,643.0,66.0,0.0,618.0,66.0,0.0,648.0,67.0,,,,24,,Nazarii,Rusyn,Rusyn,has joined Arka on loan for the rest of the season.,,0,0,0,0,0,0,0,0,0,0,0,0,0,,,,0.0,0.0,0.0,0.0,0.0,0,0,0
599,a,,,4.3,591,82.0,0,0.0,-2,2.0,0.6,232,36.0,2,0,1.0,447.0,55.0,0,5,0.4,344.0,42.0,0.1,0.5,0.0,60634,530,102094,406,0.4,-0.1,0.0,0.01,0.01,0.03,0.0,0.13,0.13,0.39,1.0,483.0,58.0,4.1,434.0,57.0,2.0,429.0,58.0,0.7,469.0,58.0,,,,24,,Dane,Scarlett,Scarlett,,,7,0,0,0,0,0,0,0,0,0,0,0,1,,,,0.0,0.0,0.0,0.0,12.86,0,0,1
778,a,,,4.5,483,296.0,0,0.0,0,0.0,0.0,746,319.0,0,0,0.0,722.0,300.0,0,0,0.0,676.0,270.0,0.0,0.0,0.0,940,13,362,19,0.0,0.0,0.0,0.0,0.0,0.0,0.0,0.0,0.0,0.0,0.0,721.0,299.0,0.0,716.0,299.0,0.0,699.0,294.0,0.0,721.0,299.0,,,,24,,Ethan,Sutherland,Sutherland,,,0,0,0,0,0,0,0,0,0,0,0,0,0,,,,0.0,0.0,0.0,0.0,0.0,0,0,0
809,a,,,4.5,511,317.0,0,0.0,0,0.0,0.0,807,361.0,0,0,0.0,743.0,317.0,0,0,0.0,699.0,289.0,0.0,0.0,0.0,45,45,4,4,1.3,1.3,0.0,0.0,0.0,0.0,0.0,0.0,0.0,0.0,0.0,743.0,317.0,0.0,738.0,317.0,0.0,722.0,313.0,0.0,743.0,317.0,,,,24,,Jerome,Abbey,Abbey,,,0,0,0,0,0,0,0,0,0,0,0,0,0,,,,0.0,0.0,0.0,0.0,0.0,0,0,0
63,a,,,4.3,605,351.0,0,0.0,-2,2.0,0.6,226,78.0,0,0,0.0,638.0,240.0,0,0,0.0,575.0,200.0,0.0,0.0,0.0,98876,1111,112748,595,0.0,0.0,0.0,0.0,0.0,0.0,0.0,0.0,0.0,0.0,0.0,629.0,231.0,0.0,626.0,236.0,0.0,599.0,224.0,0.0,631.0,233.0,,,,24,,Kadan,Young,Young,,,0,0,0,0,0,0,0,0,0,0,0,0,0,,,,0.0,0.0,0.0,0.0,0.0,0,0,0
202,a,100.0,100.0,5.3,189,116.0,0,0.0,-2,2.0,0.0,621,242.0,31,0,1.7,369.0,163.0,0,94,0.2,411.0,190.0,0.0,5.8,0.0,5491,20,8048,16,0.2,0.2,1.18,1.05,2.23,20.04,0.12,0.11,0.23,2.11,104.6,318.0,142.0,175.9,148.0,102.0,123.0,188.0,108.0,40.3,253.0,124.0,3.0,1.0,3.0,24,,Jacob,Bruun Larsen,Bruun Larsen,,,853,0,1,3,23,0,0,0,0,0,0,9,54,,,,0.0,0.32,2.43,0.95,5.7,11,16,27
203,a,,,4.7,391,244.0,0,0.0,-3,3.0,0.0,593,223.0,0,0,0.0,748.0,320.0,0,0,0.0,706.0,293.0,0.0,0.0,0.0,3534,40,6646,32,0.0,0.0,0.0,0.0,0.0,0.0,0.0,0.0,0.0,0.0,0.0,748.0,320.0,0.0,743.0,320.0,0.0,730.0,316.0,0.0,748.0,320.0,,,,24,,Enock,Agyei,Boateng,,,0,0,0,0,0,0,0,0,0,0,0,0,0,,,,0.0,0.0,0.0,0.0,0.0,0,0,0
204,u,0.0,0.0,4.9,321,198.0,0,0.0,-1,1.0,0.0,708,299.0,0,0,0.0,759.0,327.0,0,0,0.0,726.0,306.0,0.0,0.0,0.0,160,0,2069,1,0.0,0.0,0.0,0.0,0.0,0.0,0.0,0.0,0.0,0.0,0.0,759.0,327.0,0.0,755.0,327.0,0.0,747.0,325.0,0.0,759.0,327.0,,,,24,,Darko,Churlinov,Churlinov,has joined Kocaelispor  permanently.,,0,0,0,0,0,0,0,0,0,0,0,0,0,,,,0.0,0.0,0.0,0.0,0.0,0,0,0
76,a,,,3.8,795,248.0,0,0.0,-2,2.0,0.2,388,142.0,0,0,0.0,514.0,189.0,0,0,0.0,434.0,169.0,0.0,0.0,0.0,12316,144,17435,107,0.0,0.0,0.0,0.0,0.0,0.0,0.0,0.0,0.0,0.0,0.0,504.0,188.0,0.0,491.0,186.0,0.0,455.0,178.0,0.0,506.0,188.0,,,,24,,Owen,Bevan,Bevan,,,0,0,0,0,0,0,0,0,0,0,0,0,0,,,,0.0,0.0,0.0,0.0,0.0,0,0,0
255,a,,,3.9,740,75.0,0,0.0,-1,1.0,0.1,466,71.0,0,0,0.0,531.0,43.0,0,0,0.0,454.0,37.0,0.0,0.0,0.0,5441,22,8067,29,0.0,0.0,0.0,0.0,0.0,0.0,0.0,0.0,0.0,0.0,0.0,521.0,43.0,0.0,511.0,29.0,0.0,476.0,14.0,0.0,523.0,43.0,,,,24,,Remi,Matthews,Matthews,,,0,0,0,0,0,0,0,0,0,0,0,0,0,,,,0.0,0.0,0.0,0.0,0.0,0,0,0
256,a,100.0,100.0,5.8,108,9.0,0,0.0,3,-3.0,6.4,57,19.0,92,2,5.8,6.0,2.0,7,308,0.6,332.0,122.0,0.1,15.9,0.0,3297867,12272,3622241,3235,0.6,0.6,1.83,2.27,4.1,19.5,0.12,0.14,0.26,1.23,367.2,99.0,44.0,186.0,139.0,34.0,249.0,76.0,4.0,80.0,94.0,25.0,,,,24,,Daniel,Muñoz Mejía,Muñoz,,,1425,3,3,7,15,0,0,0,4,0,0,16,151,,,,0.0,0.44,0.95,1.01,7.01,35,76,60
257,a,,,5.1,233,33.0,0,0.0,1,-1.0,5.7,67,21.0,102,2,4.2,54.0,22.0,4,380,3.0,117.0,40.0,0.6,20.0,0.0,1413969,8343,911816,8829,3.0,3.0,1.37,0.65,2.02,32.4,0.06,0.03,0.09,1.35,543.0,24.0,8.0,76.5,266.0,81.0,146.0,157.0,33.0,76.5,106.0,34.0,,,,24,,Maxence,Lacroix,Lacroix,,,2160,0,2,8,29,0,0,0,3,0,0,24,277,,,,0.0,0.33,1.21,1.0,10.42,45,205,67
317,a,100.0,100.0,4.6,394,67.0,0,0.0,1,-1.0,5.1,74,25.0,86,0,3.7,98.0,34.0,5,302,3.0,114.0,39.0,0.7,18.7,0.0,1147211,3758,840558,3197,3.0,3.0,1.18,1.51,2.69,30.25,0.05,0.07,0.12,1.35,575.8,17.0,6.0,98.2,230.0,64.0,120.0,195.0,45.0,79.5,95.0,26.0,,,,24,,Joachim,Andersen,Andersen,,,2021,0,1,5,32,0,0,0,5,0,0,23,272,,,,0.0,0.22,1.43,1.02,10.47,29,206,85
323,a,,,3.8,807,259.0,0,0.0,-2,2.0,0.1,421,157.0,0,0,0.0,520.0,194.0,0,0,0.0,442.0,176.0,0.0,0.0,0.0,8511,39,16078,60,0.0,0.0,0.0,0.0,0.0,0.0,0.0,0.0,0.0,0.0,0.0,510.0,193.0,0.0,499.0,193.0,0.0,464.0,186.0,0.0,512.0,193.0,,,,24,,Samuel,Amissah,Amissah,,,0,0,0,0,0,0,0,0,0,0,0,0,0,,,,0.0,0.0,0.0,0.0,0.0,0,0,0
172,a,100.0,100.0,4.8,372,233.0,0,0.0,-2,2.0,0.0,627,247.0,5,0,0.8,495.0,232.0,0,15,0.2,402.0,184.0,0.0,1.0,0.0,2391,16,3714,23,0.2,0.2,0.04,0.03,0.07,1.72,0.06,0.05,0.11,2.72,6.0,456.0,207.0,2.4,442.0,212.0,7.0,405.0,197.0,1.6,460.0,210.0,,,,24,,Tom,Watson,Watson,,,57,0,0,0,2,0,0,0,1,0,0,0,5,,,,0.0,0.0,3.16,0.0,7.89,1,0,4
173,i,0.0,0.0,4.9,332,205.0,0,0.0,-1,1.0,0.1,427,142.0,58,0,3.6,106.0,51.0,3,250,0.0,734.0,312.0,0.0,11.8,0.0,79421,2,74942,279,0.0,0.0,1.2,1.47,2.67,16.4,0.09,0.11,0.2,1.25,303.4,148.0,52.0,229.5,104.0,76.0,131.0,175.0,99.0,66.5,133.0,72.0,,,,24,,Mats,Wieffer,Wieffer,Toe Injury - Unknown return date,,1179,0,4,3,17,0,0,0,4,0,0,13,184,,,,0.0,0.23,1.3,0.99,14.05,47,70,67
557,a,,,4.3,607,353.0,0,0.0,-2,2.0,0.1,540,193.0,0,0,0.0,639.0,241.0,0,0,0.0,577.0,202.0,0.0,0.0,0.0,6938,43,9226,35,-1.0,0.0,0.0,0.0,0.0,0.0,0.0,0.0,0.0,0.0,0.0,630.0,232.0,0.0,627.0,237.0,0.0,600.0,225.0,0.0,632.0,234.0,,,,24,,Harrison,Jones,H.Jones,,,0,0,0,0,0,0,0,0,0,0,0,0,0,,,,0.0,0.0,0.0,0.0,0.0,0,0,0
595,a,,,4.3,598,349.0,0,0.0,-2,2.0,0.2,368,123.0,0,0,0.0,634.0,238.0,0,0,0.0,571.0,198.0,0.0,0.0,0.0,21578,149,27981,109,0.0,-0.5,0.0,0.0,0.0,0.0,0.0,0.0,0.0,0.0,0.0,625.0,229.0,0.0,621.0,234.0,0.0,594.0,222.0,0.0,627.0,231.0,,,,24,,Callum,Olusesi,Olusesi,,,0,0,0,0,0,0,0,0,0,0,0,0,0,,,,0.0,0.0,0.0,0.0,0.0,0,0,0
767,a,,,4.5,491,302.0,0,0.0,0,0.0,0.0,764,330.0,0,0,0.0,730.0,306.0,0,0,0.0,684.0,276.0,0.0,0.0,0.0,747,11,407,12,0.0,0.0,0.0,0.0,0.0,0.0,0.0,0.0,0.0,0.0,0.0,729.0,305.0,0.0,724.0,305.0,0.0,707.0,300.0,0.0,729.0,305.0,,,,24,,Luke,Rawlings,Rawlings,,,0,0,0,0,0,0,0,0,0,0,0,0,0,,,,0.0,0.0,0.0,0.0,0.0,0,0,0
777,a,,,4.5,451,270.0,0,0.0,0,0.0,0.0,777,339.0,0,0,0.0,700.0,283.0,0,0,0.0,651.0,250.0,0.0,0.0,0.0,395,5,175,10,0.0,0.0,0.0,0.0,0.0,0.0,0.0,0.0,0.0,0.0,0.0,696.0,279.0,0.0,693.0,281.0,0.0,673.0,273.0,0.0,697.0,280.0,,,,24,,Temple,Ojinnaka,Ojinnaka,,,0,0,0,0,0,0,0,0,0,0,0,0,0,,,,0.0,0.0,0.0,0.0,0.0,0,0,0
116,a,100.0,100.0,4.0,680,171.0,0,0.0,0,0.0,0.5,261,98.0,31,1,1.9,335.0,123.0,0,88,1.2,262.0,94.0,0.3,7.8,0.0,63476,332,64616,434,1.2,1.2,0.4,0.17,0.57,5.84,0.07,0.03,0.1,0.97,74.0,361.0,137.0,14.2,392.0,144.0,42.0,311.0,100.0,12.8,379.0,135.0,,,,24,,Aaron,Hickey,Hickey,,,543,0,0,2,7,0,0,0,1,0,0,6,44,,,,0.0,0.33,1.16,0.99,6.13,10,27,31
165,u,0.0,0.0,5.4,181,113.0,0,0.0,-1,1.0,0.0,718,303.0,0,0,0.0,794.0,353.0,0,0,0.0,785.0,348.0,0.0,0.0,0.0,247,0,2223,2,0.0,0.0,0.0,0.0,0.0,0.0,0.0,0.0,0.0,0.0,0.0,794.0,353.0,0.0,793.0,353.0,0.0,789.0,352.0,0.0,794.0,353.0,,,,24,,Abdallah,Sima,Sima,has joined Lens permanently.,,0,0,0,0,0,0,0,0,0,0,0,0,0,,,,0.0,0.0,0.0,0.0,0.0,0,0,0
396,a,,,4.3,612,357.0,0,0.0,-2,2.0,0.3,302,102.0,2,0,1.0,451.0,198.0,0,5,0.0,582.0,206.0,0.0,0.5,0.0,96138,58,79486,331,0.0,0.5,0.0,0.0,0.0,0.0,0.0,0.0,0.0,0.0,2.2,470.0,217.0,10.3,407.0,202.0,0.0,604.0,229.0,1.3,465.0,215.0,,,,24,,Trey,Nyoni,Nyoni,,,2,0,0,0,0,0,0,0,0,0,0,0,0,,,,0.0,0.0,0.0,0.0,0.0,0,0,0
715,i,0.0,0.0,4.0,665,46.0,0,0.0,0,0.0,0.4,278,37.0,11,0,2.2,292.0,24.0,0,32,0.2,378.0,25.0,0.0,2.8,0.0,65568,20,40414,441,0.0,0.0,0.0,0.0,0.0,6.13,0.0,0.0,0.0,1.26,56.4,385.0,29.0,0.0,549.0,53.0,0.0,516.0,38.0,5.7,426.0,29.0,,,,24,,John Victor,Maciel Furtado,John,Knee injury - Expected back 01 Jun,,437,0,0,1,8,0,0,0,1,0,6,5,0,,,,1.24,0.21,1.65,1.03,0.0,0,4,26
716,i,0.0,0.0,4.5,449,91.0,0,0.0,0,0.0,0.1,482,173.0,39,0,2.8,216.0,84.0,0,131,0.2,389.0,147.0,0.0,8.7,0.0,46606,0,39141,573,0.0,0.0,1.34,0.45,1.79,15.04,0.12,0.04,0.16,1.32,216.6,209.0,83.0,123.2,199.0,49.0,94.0,228.0,61.0,43.5,236.0,81.0,,,,24,,Nicolò,Savona,Savona,Knee injury - Unknown return date,,1025,2,0,3,18,0,0,0,2,0,0,11,69,,,,0.0,0.26,1.58,0.97,5.0,20,37,27
729,a,100.0,100.0,4.5,470,93.0,0,0.0,0,0.0,0.0,800,263.0,0,0,0.0,712.0,255.0,0,0,0.0,665.0,251.0,0.0,0.0,0.0,65,16,43,0,0.0,0.0,0.0,0.0,0.0,0.0,0.0,0.0,0.0,0.0,0.0,710.0,255.0,0.0,706.0,255.0,0.0,688.0,254.0,0.0,711.0,255.0,,,,24,,Luis Eduardo,Soares da Silva,Cuiabano,,,0,0,0,0,0,0,0,0,0,0,0,0,0,,,,0.0,0.0,0.0,0.0,0.0,0,0,0
649,u,0.0,0.0,5.0,262,159.0,0,0.0,0,0.0,0.0,801,356.0,0,0,0.0,774.0,339.0,0,0,0.0,748.0,323.0,0.0,0.0,0.0,0,0,161,0,0.0,0.0,0.0,0.0,0.0,0.0,0.0,0.0,0.0,0.0,0.0,774.0,339.0,0.0,772.0,339.0,0.0,765.0,337.0,0.0,774.0,339.0,,,,24,,Boubacar,Traoré,B.Traore,Has joined FC Metz on loan for the rest of the season.,,0,0,0,0,0,0,0,0,0,0,0,0,0,,,,0.0,0.0,0.0,0.0,0.0,0,0,0
663,a,,,4.9,317,196.0,0,0.0,-6,6.0,0.2,407,137.0,45,1,2.0,325.0,145.0,2,175,2.6,151.0,68.0,0.5,9.2,0.0,19658,27,78702,95,2.6,2.6,3.38,0.62,4.0,16.0,0.27,0.05,0.32,1.29,171.0,257.0,110.0,204.0,127.0,90.0,148.0,152.0,87.0,52.1,197.0,101.0,1.0,1.0,,24,,Jhon,Arias,J.Arias,,,1117,1,0,2,21,0,0,0,1,0,0,14,125,,,,0.0,0.16,1.69,1.13,10.07,43,24,58
682,a,,,4.3,597,139.0,0,0.0,-2,2.0,0.1,542,197.0,21,1,1.4,406.0,147.0,0,42,0.4,345.0,130.0,0.1,4.9,0.0,4214,14,8844,21,0.4,0.4,0.13,0.99,1.12,14.1,0.02,0.13,0.15,1.8,115.4,310.0,118.0,106.1,217.0,56.0,44.0,308.0,98.0,26.7,315.0,107.0,,,,24,,David,Møller Wolfe,Møller Wolfe,,,704,0,2,0,19,0,0,0,1,0,0,8,37,,,,0.0,0.0,2.43,1.02,4.09,5,27,17
695,a,,,4.4,546,117.0,0,0.0,-1,1.0,0.0,637,223.0,36,0,1.6,380.0,141.0,0,96,2.6,145.0,48.0,0.6,8.2,0.0,5641,14,5155,45,2.6,2.6,0.26,0.97,1.23,16.44,0.02,0.07,0.09,1.2,210.2,222.0,89.0,223.3,109.0,27.0,36.0,322.0,102.0,47.0,221.0,73.0,,,,24,,Jackson,Tchatchoua,Tchatchoua,,,1236,0,0,2,25,0,0,0,2,0,0,12,101,,,,0.0,0.15,1.82,0.87,5.53,22,54,44
709,d,75.0,75.0,4.5,424,84.0,0,0.0,0,0.0,0.1,532,194.0,46,0,2.6,241.0,93.0,0,163,3.0,110.0,36.0,0.7,10.2,0.0,20124,22,15469,249,2.2,2.2,1.97,1.27,3.24,23.59,0.11,0.07,0.18,1.35,379.2,93.0,42.0,112.4,209.0,52.0,198.0,106.0,16.0,69.1,126.0,40.0,,,,24,,Ladislav,Krejcí,Krejčí,Illness - 75% chance of playing,,1570,2,1,2,32,1,0,0,2,0,0,18,144,,,,0.0,0.11,1.83,1.03,6.94,18,103,48
720,a,,,5.4,176,43.0,0,0.0,-1,1.0,0.1,516,73.0,37,2,1.9,348.0,39.0,2,108,1.8,214.0,26.0,0.3,6.9,0.0,28064,110,21638,176,1.8,1.8,2.26,0.3,2.56,10.48,0.24,0.03,0.27,1.13,95.4,334.0,34.0,118.9,203.0,20.0,293.0,61.0,22.0,50.0,208.0,23.0,,2.0,,24,,Tolu,Arokodare,Tolu,,,838,1,1,2,19,0,0,0,1,0,0,9,49,,,,0.0,0.21,2.04,0.97,5.26,5,24,20
749,a,,,4.6,402,65.0,0,0.0,1,-1.0,1.9,133,20.0,40,2,3.1,172.0,16.0,6,158,5.4,19.0,4.0,1.2,8.7,0.0,319105,5155,78492,5720,5.4,5.4,0.9,1.2,2.1,9.68,0.11,0.15,0.26,1.22,163.2,262.0,23.0,155.5,161.0,14.0,139.0,165.0,38.0,45.7,226.0,27.0,,,,24,,Mateus,Mané,Mané,,,716,2,2,2,12,0,0,0,0,0,0,7,47,,,,0.0,0.25,1.51,0.88,5.91,11,11,25
766,a,,,4.0,715,196.0,0,0.0,0,0.0,0.0,681,235.0,0,0,0.0,609.0,234.0,0,0,0.0,535.0,220.0,0.0,0.0,0.0,1681,67,712,33,0.0,0.0,0.0,0.0,0.0,0.0,0.0,0.0,0.0,0.0,0.0,599.0,233.0,0.0,592.0,233.0,0.0,560.0,229.0,0.0,601.0,233.0,,,,24,,Saheed,Olagunju,Olagunju,,,0,0,0,0,0,0,0,0,0,0,0,0,0,,,,0.0,0.0,0.0,0.0,0.0,0,0,0
1,a,,,5.9,93,1.0,0,0.0,4,-4.0,33.3,7,1.0,99,6,4.1,61.0,4.0,4,392,4.0,58.0,3.0,0.7,16.8,0.0,3538892,23145,2017472,7862,5.0,5.0,0.0,0.05,0.05,16.63,0.0,0.0,0.0,0.69,340.8,115.0,17.0,20.3,380.0,3.0,0.0,800.0,93.0,36.2,267.0,16.0,,,,24,,David,Raya Martín,Raya,,,2160,0,0,12,17,0,0,0,1,0,33,24,94,,,,1.38,0.5,0.71,1.0,0.0,1,19,196
3,u,0.0,0.0,4.0,679,54.0,0,0.0,0,0.0,0.2,360,53.0,0,0,0.0,579.0,72.0,0,0,0.0,502.0,66.0,0.0,0.0,0.0,5545,0,47200,62,0.0,0.0,0.0,0.0,0.0,0.0,0.0,0.0,0.0,0.0,0.0,569.0,72.0,0.0,562.0,61.0,0.0,529.0,46.0,0.0,571.0,72.0,,,,24,,Karl,Hein,Hein,Has joined Werder Bremen on loan for the rest of the season.,,0,0,0,0,0,0,0,0,0,0,0,0,0,,,,0.0,0.0,0.0,0.0,0.0,0,0,0
4,a,,,3.9,768,89.0,0,0.0,-1,1.0,0.2,347,50.0,0,0,0.0,551.0,57.0,0,0,0.0,474.0,51.0,0.0,0.0,0.0,32419,82,29880,220,1.0,1.0,0.0,0.0,0.0,0.0,0.0,0.0,0.0,0.0,0.0,541.0,57.0,0.0,531.0,43.0,0.0,496.0,28.0,0.0,543.0,57.0,,,,24,,Tommy,Setford,Setford,,,0,0,0,0,0,0,0,0,0,0,0,0,0,,,,0.0,0.0,0.0,0.0,0.0,0,0,0
5,a,100.0,100.0,7.0,41,1.0,0,0.0,10,-10.0,39.2,3,1.0,129,8,7.2,1.0,1.0,18,421,6.4,8.0,1.0,0.9,18.4,0.0,7403453,53725,4978580,2593,7.4,7.4,1.72,0.83,2.55,10.15,0.1,0.05,0.15,0.6,510.2,40.0,16.0,79.6,262.0,79.0,184.0,120.0,22.0,77.2,103.0,31.0,,,,24,,Gabriel,dos Santos Magalhães,Gabriel,,,1535,3,2,11,10,0,0,0,1,0,0,17,164,,,,0.0,0.64,0.59,1.0,8.74,18,131,26
6,a,100.0,100.0,6.0,87,4.0,0,0.0,0,0.0,12.4,32,11.0,76,6,3.8,95.0,33.0,4,342,4.6,33.0,8.0,0.8,12.7,0.0,1533975,19319,1974912,3455,5.6,5.6,0.38,0.57,0.95,11.81,0.02,0.03,0.05,0.65,311.4,140.0,61.0,112.9,208.0,51.0,32.0,334.0,106.0,45.6,228.0,78.0,,,,24,,William,Saliba,Saliba,,,1624,0,0,9,12,0,0,0,0,0,0,19,136,,,,0.0,0.5,0.67,1.05,5.82,20,85,73
7,a,100.0,100.0,5.6,133,14.0,0,0.0,1,-1.0,6.1,61,20.0,78,1,4.6,33.0,13.0,4,289,0.2,413.0,151.0,0.0,13.9,0.0,2548598,2685,2365048,2717,1.2,1.2,2.74,0.37,3.11,7.12,0.19,0.03,0.22,0.5,222.2,206.0,80.0,105.4,219.0,57.0,226.0,86.0,8.0,55.3,185.0,60.0,,,,24,,Riccardo,Calafiori,Calafiori,,,1271,1,2,9,7,0,0,0,5,0,0,16,125,,,,0.0,0.64,0.5,1.13,6.09,28,58,58
8,a,100.0,100.0,6.3,69,2.0,0,0.0,8,-8.0,28.1,12,3.0,115,5,5.0,14.0,6.0,7,409,4.0,60.0,22.0,0.6,18.3,0.0,5869761,35975,3063240,12795,5.0,5.0,4.3,1.09,5.39,12.42,0.2,0.05,0.25,0.59,389.4,86.0,38.0,298.2,72.0,17.0,332.0,46.0,1.0,102.3,48.0,6.0,,,,24,,Jurriën,Timber,J.Timber,,,1909,2,4,11,15,0,0,0,4,0,0,21,141,,,,0.0,0.52,0.71,0.99,5.23,50,61,73
9,u,0.0,0.0,5.4,173,20.0,0,0.0,-1,1.0,0.0,585,211.0,0,0,0.0,792.0,263.0,0,0,0.0,782.0,263.0,0.0,0.0,0.0,1119,0,10853,8,0.0,0.0,0.0,0.0,0.0,0.0,0.0,0.0,0.0,0.0,0.0,792.0,263.0,0.0,791.0,263.0,0.0,787.0,262.0,0.0,792.0,263.0,,,,24,,Jakub,Kiwior,Kiwior,has joined Porto on loan for the rest of the season.,,0,0,0,0,0,0,0,0,0,0,0,0,0,,,,0.0,0.0,0.0,0.0,0.0,0,0,0
10,a,,,5.1,238,36.0,0,0.0,-4,4.0,1.5,154,59.0,12,0,0.9,492.0,171.0,0,36,0.2,408.0,150.0,0.0,2.4,0.0,130811,378,455019,981,1.2,1.2,0.05,0.06,0.11,5.26,0.01,0.02,0.03,1.52,31.2,411.0,156.0,45.5,326.0,111.0,18.0,369.0,129.0,9.4,402.0,145.0,,,,24,,Myles,Lewis-Skelly,Lewis-Skelly,,,311,0,0,0,5,0,0,0,3,0,0,1,21,,,,0.0,0.0,1.45,0.29,4.05,4,10,14
11,a,100.0,100.0,5.1,227,31.0,0,0.0,-4,4.0,0.6,239,89.0,30,0,4.3,43.0,17.0,3,112,1.4,252.0,93.0,0.3,5.9,0.0,341873,527,386614,1274,2.4,2.4,0.43,0.49,0.92,6.13,0.09,0.11,0.2,1.35,111.4,314.0,121.0,92.7,236.0,66.0,46.0,305.0,96.0,25.0,323.0,110.0,,,,24,,Benjamin,White,White,,,409,0,1,3,4,0,0,0,0,0,0,5,40,,,,0.0,0.66,0.88,1.1,7.92,13,23,18
13,a,,,3.8,803,256.0,0,0.0,-2,2.0,0.4,263,99.0,0,0,0.0,517.0,192.0,0,0,0.0,439.0,174.0,0.0,0.0,0.0,50607,147,74023,300,1.0,1.0,0.0,0.0,0.0,0.0,0.0,0.0,0.0,0.0,0.0,507.0,191.0,0.0,496.0,191.0,0.0,461.0,184.0,0.0,509.0,191.0,,,,24,,Brayden,Clarke,Clarke,,,0,0,0,0,0,0,0,0,0,0,0,0,0,,,,0.0,0.0,0.0,0.0,0.0,0,0,0
14,u,0.0,0.0,3.9,773,227.0,0,0.0,-1,1.0,0.1,476,172.0,0,0,0.0,556.0,204.0,0,0,0.0,479.0,187.0,0.0,0.0,0.0,10218,0,22354,22,0.0,0.0,0.0,0.0,0.0,0.0,0.0,0.0,0.0,0.0,0.0,546.0,203.0,0.0,536.0,203.0,0.0,501.0,196.0,0.0,548.0,203.0,,,,24,,Maldini,Kacurri,Kacurri,has joined Morecambe on loan for the rest of the season.,,0,0,0,0,0,0,0,0,0,0,0,0,0,,,,0.0,0.0,0.0,0.0,0.0,0,0,0
15,a,,,3.8,792,245.0,0,0.0,-2,2.0,0.2,386,141.0,0,0,0.0,511.0,186.0,0,0,0.0,431.0,166.0,0.0,0.0,0.0,17123,42,24896,87,1.0,1.0,0.0,0.0,0.0,0.0,0.0,0.0,0.0,0.0,0.0,501.0,185.0,0.0,488.0,183.0,0.0,452.0,175.0,0.0,503.0,185.0,,,,24,,Josh,Nichols,Nichols,,,0,0,0,0,0,0,0,0,0,0,0,0,0,,,,0.0,0.0,0.0,0.0,0.0,0,0,0
16,d,75.0,100.0,10.0,5,3.0,0,0.0,0,0.0,14.2,25,10.0,101,0,4.8,25.0,10.0,10,394,2.0,197.0,87.0,0.2,10.1,0.0,3967418,923,4115838,126318,2.2,3.0,5.58,5.11,10.69,9.95,0.33,0.3,0.63,0.58,421.2,68.0,21.0,628.1,7.0,7.0,564.0,11.0,4.0,161.4,6.0,4.0,2.0,,1.0,24,,Bukayo,Saka,Saka,Muscle injury - 75% chance of playing,,1543,4,7,8,12,0,0,0,1,0,0,17,118,,,,0.0,0.47,0.7,0.99,6.88,26,11,81
17,a,100.0,100.0,7.8,17,12.0,0,0.0,-2,2.0,2.2,121,42.0,57,4,3.2,164.0,72.0,5,233,3.8,68.0,31.0,0.5,7.3,0.0,370988,1862,553693,4806,4.8,4.8,0.97,2.83,3.8,11.38,0.09,0.25,0.34,1.01,241.0,194.0,83.0,420.3,29.0,28.0,134.0,171.0,96.0,79.4,96.0,55.0,4.0,,3.0,24,,Martin,Ødegaard,Ødegaard,,,1012,1,5,4,10,0,0,0,0,0,0,13,76,,,,0.0,0.36,0.89,1.16,6.76,16,13,47
18,a,100.0,100.0,6.8,46,28.0,0,0.0,-2,2.0,0.7,220,75.0,36,14,2.4,278.0,120.0,3,130,3.8,67.0,30.0,0.6,5.3,0.0,217660,4915,284275,396,4.8,4.8,0.61,1.88,2.49,7.5,0.09,0.27,0.36,1.06,133.6,291.0,131.0,225.9,107.0,77.0,210.0,97.0,61.0,56.9,178.0,95.0,3.0,,,24,,Noni,Madueke,Madueke,,,636,1,1,4,6,0,0,0,0,0,0,8,33,,,,0.0,0.57,0.85,1.13,4.67,7,11,15
19,a,100.0,100.0,6.8,47,29.0,0,0.0,-2,2.0,0.9,195,65.0,33,4,1.8,363.0,161.0,1,108,2.0,195.0,86.0,0.3,4.9,0.0,143980,961,225192,528,3.0,3.0,2.68,0.52,3.2,5.59,0.42,0.08,0.5,0.88,101.8,324.0,146.0,85.6,249.0,151.0,224.0,87.0,54.0,40.6,251.0,123.0,,,,24,,Gabriel,Martinelli Silva,Martinelli,,,574,1,2,2,3,0,0,0,2,0,0,7,38,,,,0.0,0.31,0.47,1.1,5.96,7,7,24
20,a,100.0,100.0,6.8,44,26.0,0,0.0,-2,2.0,1.4,159,55.0,86,3,4.3,48.0,23.0,9,300,1.8,221.0,99.0,0.3,12.6,0.0,466032,2333,352043,5135,2.8,2.8,4.26,2.21,6.47,8.94,0.29,0.15,0.44,0.61,348.0,105.0,35.0,352.9,47.0,40.0,359.0,40.0,24.0,106.2,41.0,30.0,,,4.0,24,,Leandro,Trossard,Trossard,,,1327,5,4,7,11,0,0,0,1,0,0,14,84,,,,0.0,0.47,0.75,0.95,5.7,16,18,50
21,a,100.0,100.0,7.5,21,15.0,1,-1.0,10,-10.0,32.1,9,2.0,129,3,5.6,8.0,5.0,18,553,5.4,22.0,13.0,0.7,17.2,0.0,5958445,39893,3022076,44659,6.4,6.4,2.89,5.09,7.98,13.16,0.13,0.23,0.36,0.6,612.8,12.0,3.0,730.4,3.0,3.0,245.0,77.0,48.0,158.9,8.0,6.0,1.0,1.0,,24,,Declan,Rice,Rice,,,1965,4,7,11,16,0,0,0,2,0,0,22,235,,,,0.0,0.5,0.73,1.01,10.76,41,84,110
22,a,,,5.5,141,87.0,0,0.0,-5,5.0,1.4,158,54.0,66,0,3.1,177.0,77.0,5,238,1.8,215.0,94.0,0.3,12.0,0.0,835370,1286,765743,4935,2.8,2.8,2.99,1.45,4.44,6.59,0.27,0.13,0.4,0.6,304.4,147.0,51.0,187.0,138.0,97.0,237.0,79.0,49.0,72.6,115.0,63.0,,,,24,,Mikel,Merino Zazón,Merino,,,996,4,3,4,9,0,0,0,1,0,0,10,111,,,,0.0,0.36,0.81,0.9,10.03,26,30,55
23,u,0.0,0.0,5.4,172,107.0,0,0.0,-1,1.0,0.0,671,277.0,0,0,0.0,791.0,351.0,0,0,0.0,781.0,345.0,0.0,0.0,0.0,933,0,4399,1,0.0,0.0,0.0,0.0,0.0,0.0,0.0,0.0,0.0,0.0,0.0,791.0,351.0,0.0,790.0,351.0,0.0,786.0,350.0,0.0,791.0,351.0,,,,24,,Fábio,Ferreira Vieira,Fábio Vieira,has joined Hamburger on loan for the rest of the season.,,0,0,0,0,0,0,0,0,0,0,0,0,0,,,,0.0,0.0,0.0,0.0,0.0,0,0,0
24,a,100.0,100.0,5.1,225,138.0,0,0.0,-4,4.0,0.1,432,144.0,3,0,1.0,481.0,224.0,0,11,0.0,761.0,333.0,0.0,0.6,0.0,6788,75,60143,64,1.0,1.0,0.05,0.0,0.05,2.16,0.15,0.0,0.15,6.27,14.6,439.0,197.0,0.4,464.0,225.0,7.0,406.0,198.0,2.3,452.0,205.0,,,,24,,Christian,Nørgaard,Nørgaard,,,31,0,0,0,1,0,0,0,0,0,0,0,8,,,,0.0,0.0,2.9,0.0,23.23,0,5,3
25,u,0.0,0.0,5.0,270,163.0,0,0.0,-5,5.0,0.1,436,147.0,8,0,1.3,420.0,188.0,0,20,0.0,752.0,326.0,0.0,1.6,0.0,13149,0,36066,126,0.0,0.0,0.23,0.08,0.31,0.73,0.13,0.04,0.17,0.4,8.6,449.0,203.0,22.5,374.0,193.0,24.0,351.0,182.0,5.4,428.0,193.0,,,,24,,Ethan,Nwaneri,Nwaneri,has joined Marseille on loan for the rest of the season.,,165,0,0,1,0,0,0,0,0,0,0,0,13,,,,0.0,0.55,0.0,0.0,7.09,2,1,10
26,a,100.0,100.0,5.2,216,133.0,0,0.0,-3,3.0,2.3,119,40.0,91,10,3.8,90.0,41.0,7,416,4.4,41.0,20.0,0.8,17.5,0.0,762720,10200,789842,1170,5.4,5.4,2.53,1.48,4.01,15.46,0.11,0.07,0.18,0.7,443.0,60.0,17.0,297.1,75.0,56.0,221.0,88.0,55.0,96.3,58.0,37.0,,,,24,,Martín,Zubimendi Ibáñez,Zubimendi,,,1995,4,1,12,15,0,0,0,4,0,0,23,205,,,,0.0,0.54,0.68,1.04,9.25,42,83,80
28,u,0.0,0.0,4.5,482,295.0,0,0.0,0,0.0,0.1,473,162.0,0,0,0.0,721.0,299.0,0,0,0.0,675.0,269.0,0.0,0.0,0.0,6731,0,30039,14,0.0,0.0,0.0,0.0,0.0,0.0,0.0,0.0,0.0,0.0,0.0,720.0,298.0,0.0,715.0,298.0,0.0,698.0,293.0,0.0,720.0,298.0,,,,24,,Ismeal,Kabia,Kabia,has joined Shrewsbury Town on loan for the rest of the season.,,0,0,0,0,0,0,0,0,0,0,0,0,0,,,,0.0,0.0,0.0,0.0,0.0,0,0,0
29,u,0.0,0.0,4.5,426,254.0,0,0.0,0,0.0,0.1,581,217.0,0,0,0.0,685.0,269.0,0,0,0.0,635.0,235.0,0.0,0.0,0.0,2952,0,13982,9,0.0,0.0,0.0,0.0,0.0,0.0,0.0,0.0,0.0,0.0,0.0,680.0,264.0,0.0,677.0,267.0,0.0,656.0,259.0,0.0,682.0,266.0,,,,24,,Albert,Sambi Lokonga,Sambi,has joined Hamburger permanently.,,0,0,0,0,0,0,0,0,0,0,0,0,0,,,,0.0,0.0,0.0,0.0,0.0,0,0,0
30,a,100.0,100.0,7.3,25,10.0,0,0.0,-2,2.0,0.4,264,42.0,3,2,1.5,404.0,49.0,0,15,0.4,372.0,44.0,0.1,0.4,0.0,27508,1716,115500,593,1.4,1.4,0.0,0.02,0.02,0.94,0.0,0.02,0.02,0.94,10.6,443.0,51.0,11.5,401.0,52.0,4.0,422.0,57.0,2.7,449.0,54.0,,,,24,,Kai,Havertz,Havertz,,,90,0,0,1,0,0,0,0,0,0,0,1,7,,,,0.0,1.0,0.0,1.0,7.0,1,3,3
31,a,100.0,100.0,6.4,56,20.0,0,0.0,-1,1.0,0.5,249,39.0,16,5,1.8,362.0,43.0,0,68,1.8,219.0,27.0,0.3,2.5,0.0,96777,6616,47134,1682,2.8,2.8,1.74,0.15,1.89,3.22,0.71,0.06,0.77,1.32,98.4,329.0,31.0,22.2,377.0,47.0,184.0,119.0,29.0,30.3,298.0,35.0,,,,24,,Gabriel,Fernando de Jesus,G.Jesus,,,220,2,0,0,5,0,0,0,1,0,0,1,21,,,,0.0,0.0,2.05,0.41,8.59,4,4,13
266,a,,,7.2,32,20.0,-1,1.0,-3,3.0,8.0,50,18.0,69,1,3.6,113.0,54.0,6,266,0.6,335.0,151.0,0.1,9.6,0.0,3231094,990,3620814,10067,1.6,1.6,2.54,1.67,4.21,6.43,0.22,0.14,0.36,0.55,258.4,183.0,75.0,177.0,146.0,100.0,287.0,63.0,39.0,72.2,117.0,64.0,,,,24,,Eberechi,Eze,Eze,,,1055,4,3,6,7,0,0,0,1,0,0,12,69,,,,0.0,0.51,0.6,1.02,5.89,12,14,43
662,a,100.0,100.0,5.3,203,27.0,0,0.0,-2,2.0,0.1,431,161.0,17,0,1.7,370.0,136.0,1,85,0.0,773.0,260.0,0.0,3.2,0.0,43075,121,50572,89,1.0,1.0,0.0,0.43,0.43,2.68,0.0,0.09,0.09,0.56,84.0,345.0,130.0,23.2,372.0,134.0,8.0,398.0,149.0,11.5,393.0,141.0,,,,24,,Cristhian,Mosquera,Mosquera,,,429,0,0,1,4,0,0,0,1,0,0,4,48,,,,0.0,0.21,0.84,0.84,7.34,11,24,17
666,a,100.0,100.0,8.7,9,5.0,0,0.0,-3,3.0,9.4,44,8.0,63,7,2.9,211.0,21.0,5,217,2.6,158.0,20.0,0.3,7.2,0.0,2680477,12644,4576667,3026,3.6,3.6,6.96,0.91,7.87,9.81,0.43,0.06,0.49,0.61,236.0,201.0,16.0,151.7,166.0,15.0,484.0,21.0,12.0,86.4,77.0,15.0,,,2.0,24,,Viktor,Gyökeres,Gyökeres,,,1452,6,0,10,7,0,0,0,3,0,0,18,54,,,,0.0,0.62,0.43,1.12,3.35,5,16,33
700,i,0.0,0.0,4.2,647,365.0,0,0.0,-3,3.0,0.4,281,94.0,5,0,2.5,251.0,110.0,0,13,0.0,561.0,192.0,0.0,1.2,0.0,145276,1937,119061,805,0.0,0.0,0.14,0.02,0.16,0.12,0.47,0.07,0.54,0.4,1.0,482.0,222.0,0.8,454.0,219.0,26.0,342.0,179.0,2.8,446.0,203.0,,,,24,,Max,Dowman,Dowman,Ankle injury - Unknown return date,,27,0,1,0,0,0,0,0,0,0,0,0,3,,,,0.0,0.0,0.0,0.0,10.0,2,0,1
711,a,,,4.4,566,340.0,0,0.0,-1,1.0,0.0,698,295.0,0,0,0.0,674.0,263.0,0,0,0.0,620.0,228.0,0.0,0.0,0.0,1700,6,1596,14,1.0,1.0,0.0,0.0,0.0,0.0,0.0,0.0,0.0,0.0,0.0,669.0,258.0,0.0,664.0,261.0,0.0,641.0,252.0,0.0,671.0,260.0,,,,24,,Andre,Harriman-Annous,Harriman-Annous,,,0,0,0,0,0,0,0,0,0,0,0,0,0,,,,0.0,0.0,0.0,0.0,0.0,0,0,0
725,a,100.0,100.0,5.1,235,34.0,0,0.0,-4,4.0,0.6,224,86.0,41,6,2.9,205.0,81.0,2,166,1.6,232.0,85.0,0.3,8.0,0.0,463211,1688,390621,657,2.6,2.6,0.0,0.76,0.76,10.01,0.0,0.07,0.07,0.88,209.6,224.0,90.0,62.6,286.0,93.0,24.0,352.0,118.0,29.5,301.0,100.0,,,,24,,Piero,Hincapié,Hincapie,,,1020,0,0,3,11,0,0,0,2,0,0,12,91,,,,0.0,0.26,0.97,1.06,8.03,22,69,39
759,a,,,4.0,720,201.0,0,0.0,0,0.0,0.0,695,238.0,0,0,0.0,612.0,237.0,0,0,0.0,538.0,223.0,0.0,0.0,0.0,982,24,753,31,1.0,1.0,0.0,0.0,0.0,0.0,0.0,0.0,0.0,0.0,0.0,602.0,236.0,0.0,595.0,236.0,0.0,563.0,232.0,0.0,604.0,236.0,,,,24,,Marli,Salmon,Salmon,,,0,0,0,0,0,0,0,0,0,0,0,0,0,,,,0.0,0.0,0.0,0.0,0.0,0,0,0
32,a,100.0,100.0,5.0,243,7.0,0,0.0,0,0.0,3.3,99,15.0,78,2,3.9,77.0,7.0,6,335,3.6,75.0,6.0,0.7,15.6,0.0,690552,5443,523294,2287,3.6,3.6,0.0,0.04,0.04,25.44,0.0,0.0,0.0,1.3,431.4,64.0,12.0,3.1,438.0,12.0,0.0,759.0,85.0,43.5,237.0,12.0,,,,24,,Emiliano,Martínez Romero,Martinez,,,1755,0,0,5,18,0,1,0,1,0,55,20,78,,,,2.82,0.26,0.92,1.03,0.0,0,19,164
33,a,,,4.2,624,32.0,0,0.0,-3,3.0,0.4,272,35.0,11,0,2.2,294.0,25.0,0,51,0.4,342.0,22.0,0.1,2.6,0.0,82821,51,111683,144,0.4,0.4,0.0,0.0,0.0,8.53,0.0,0.0,0.0,1.9,92.8,337.0,27.0,0.0,605.0,74.0,0.0,574.0,59.0,9.3,403.0,27.0,,,,24,,Marco,Bizot,M.Bizot,,,405,0,0,1,8,0,0,0,2,0,13,4,23,,,,2.89,0.22,1.78,0.89,0.0,0,6,41
37,a,100.0,100.0,4.5,406,73.0,0,0.0,0,0.0,1.6,148,58.0,68,0,3.1,169.0,68.0,4,268,2.8,128.0,42.0,0.6,15.1,0.0,288214,1426,324911,1574,2.8,2.8,0.54,2.19,2.73,18.54,0.04,0.16,0.2,1.36,260.6,180.0,75.0,296.5,76.0,18.0,108.0,209.0,54.0,66.3,136.0,44.0,2.0,2.0,,24,,Lucas,Digne,Digne,,,1224,0,4,6,12,0,0,0,3,0,0,14,91,,,,0.0,0.44,0.88,1.03,4.93,21,46,43
38,a,100.0,100.0,4.4,521,104.0,0,0.0,-1,1.0,7.5,52,16.0,72,2,3.1,168.0,67.0,3,363,3.8,62.0,23.0,0.9,16.4,0.0,553365,6969,1903943,3266,3.8,3.8,0.69,0.49,1.18,32.44,0.03,0.02,0.05,1.43,410.8,74.0,32.0,83.1,257.0,77.0,83.0,244.0,70.0,58.1,169.0,54.0,,,,24,,Ezri,Konsa Ngoyo,Konsa,,,2045,0,0,7,25,0,0,0,0,1,0,23,161,,,,0.0,0.31,1.1,1.01,5.9,16,118,70
39,a,,,4.2,634,149.0,0,0.0,-3,3.0,0.5,247,93.0,27,2,1.5,392.0,142.0,0,160,2.4,159.0,52.0,0.6,6.4,0.0,57512,1006,94048,387,2.4,2.4,0.85,1.63,2.48,15.56,0.08,0.16,0.24,1.49,193.0,237.0,98.0,226.6,106.0,26.0,145.0,158.0,34.0,56.8,179.0,58.0,5.0,,,24,,Ian,Maatsen,Maatsen,,,940,0,0,1,14,0,0,0,2,0,0,10,87,,,,0.0,0.1,1.34,0.96,7.18,30,45,60
44,a,100.0,100.0,4.0,694,179.0,0,0.0,0,0.0,0.5,248,94.0,24,1,1.3,411.0,150.0,3,74,0.8,293.0,104.0,0.2,6.0,0.0,97988,457,83562,333,0.8,0.8,0.0,0.14,0.14,8.65,0.0,0.02,0.02,1.38,72.2,364.0,139.0,42.1,333.0,116.0,8.0,388.0,142.0,12.2,385.0,136.0,,,,24,,Lamare,Bogarde,Bogarde,,,565,0,0,1,8,0,0,0,5,0,0,6,40,,,,0.0,0.16,1.27,0.96,4.94,13,18,19
45,a,,,3.8,793,246.0,0,0.0,-2,2.0,0.3,319,118.0,0,0,0.0,512.0,187.0,0,0,0.0,432.0,167.0,0.0,0.0,0.0,20811,509,32670,129,0.0,0.0,0.0,0.0,0.0,0.0,0.0,0.0,0.0,0.0,0.0,502.0,186.0,0.0,489.0,184.0,0.0,453.0,176.0,0.0,504.0,186.0,,,,24,,Lino,da Cruz Sousa,Sousa,,,0,0,0,0,0,0,0,0,0,0,0,0,0,,,,0.0,0.0,0.0,0.0,0.0,0,0,0
46,u,0.0,0.0,4.0,710,192.0,0,0.0,0,0.0,0.1,454,167.0,0,0,0.0,604.0,230.0,0,0,0.0,530.0,216.0,0.0,0.0,0.0,4656,0,20679,16,0.0,0.0,0.0,0.0,0.0,0.0,0.0,0.0,0.0,0.0,0.0,594.0,229.0,0.0,587.0,229.0,0.0,555.0,225.0,0.0,596.0,229.0,,,,24,,Yasin,Özcan,Yasin,has joined Anderlecht on loan for the rest of the season.,,0,0,0,0,0,0,0,0,0,0,0,0,0,,,,0.0,0.0,0.0,0.0,0.0,0,0,0
47,a,100.0,100.0,7.7,19,14.0,0,0.0,7,-7.0,31.3,10,3.0,113,2,4.7,27.0,11.0,10,393,4.0,61.0,26.0,0.5,14.7,0.0,5257076,19071,2407555,57179,4.0,4.0,4.53,2.79,7.32,33.27,0.19,0.12,0.31,1.4,510.8,39.0,9.0,443.2,25.0,24.0,561.0,12.0,5.0,151.4,10.0,8.0,,,,24,,Morgan,Rogers,Rogers,,,2137,7,5,7,26,0,0,0,4,0,0,24,144,,,,0.0,0.29,1.09,1.01,6.06,26,32,86
48,i,0.0,0.0,5.9,94,59.0,0,0.0,-1,1.0,0.8,199,67.0,52,0,3.1,180.0,78.0,3,289,3.0,123.0,53.0,0.5,8.8,0.0,157987,16,320745,6489,0.0,0.0,0.97,2.53,3.5,23.03,0.07,0.18,0.25,1.6,317.2,133.0,45.0,401.3,36.0,34.0,147.0,155.0,88.0,86.6,76.0,46.0,3.0,,,24,,Youri,Tielemans,Tielemans,Ankle injury - Expected back 11 Apr,,1295,0,4,4,17,0,0,0,0,0,0,15,138,,,,0.0,0.28,1.18,1.04,9.59,38,33,67
49,a,100.0,100.0,5.5,142,88.0,0,0.0,0,0.0,0.1,502,177.0,2,1,1.0,487.0,229.0,0,7,0.4,363.0,160.0,0.1,0.4,0.0,3314,169,48462,40,0.4,0.4,0.15,0.28,0.43,0.37,0.18,0.33,0.51,0.44,8.8,448.0,202.0,39.8,341.0,180.0,23.0,354.0,184.0,7.2,417.0,188.0,,,,24,,Leon,Bailey,Bailey,,,76,0,0,0,0,0,0,0,0,0,0,0,10,,,,0.0,0.0,0.0,0.0,11.84,2,0,8
50,a,100.0,100.0,5.3,190,117.0,0,0.0,-2,2.0,0.5,250,85.0,73,2,3.3,144.0,64.0,8,248,3.6,77.0,33.0,0.7,13.8,0.0,191079,2333,150311,995,3.6,3.6,2.48,1.32,3.8,16.01,0.22,0.12,0.34,1.4,313.0,137.0,47.0,255.4,93.0,70.0,280.0,65.0,40.0,84.9,84.0,50.0,,6.0,2.0,24,,Emiliano,Buendía Stati,Buendía,,,1026,5,2,3,10,0,0,0,2,0,0,12,121,,,,0.0,0.26,0.88,1.05,10.61,32,21,68
51,u,0.0,0.0,5.5,150,94.0,0,0.0,0,0.0,0.0,674,278.0,0,0,0.0,798.0,356.0,0,0,0.0,791.0,353.0,0.0,0.0,0.0,1383,0,3758,2,0.0,0.0,0.0,0.0,0.0,0.0,0.0,0.0,0.0,0.0,0.0,798.0,356.0,0.0,797.0,356.0,0.0,794.0,355.0,0.0,798.0,356.0,,,,24,,Samuel,Iling-Junior,Iling Jr,has joined West Bromwich Albion on loan for the rest of the season,,0,0,0,0,0,0,0,0,0,0,0,0,0,,,,0.0,0.0,0.0,0.0,0.0,0,0,0
53,u,0.0,0.0,5.1,228,140.0,0,0.0,-4,4.0,0.5,260,88.0,55,0,2.6,245.0,107.0,3,161,0.4,361.0,159.0,0.1,10.8,0.0,172896,0,331572,943,0.0,0.0,4.03,0.35,4.38,10.59,0.57,0.05,0.62,1.49,183.4,247.0,105.0,99.7,228.0,142.0,290.0,62.0,38.0,56.3,182.0,98.0,,,,24,,Donyell,Malen,Malen,has joined Roma on loan for the rest of the season.,,640,4,2,1,10,0,0,0,0,0,0,5,16,,,,0.0,0.14,1.41,0.7,2.25,4,2,10
54,i,0.0,0.0,5.4,159,98.0,0,0.0,-1,1.0,0.7,218,74.0,71,0,3.2,162.0,70.0,4,289,3.8,63.0,27.0,0.7,13.1,0.0,207953,29,217716,4333,0.0,0.0,2.52,1.96,4.48,26.58,0.14,0.11,0.25,1.5,308.2,142.0,49.0,385.2,39.0,36.0,193.0,110.0,66.0,88.8,71.0,44.0,4.0,,,24,,John,McGinn,McGinn,Knee injury - Expected back 21 Mar,,1591,3,2,7,21,0,0,0,3,0,0,21,126,,,,0.0,0.4,1.19,1.19,7.13,27,29,70
55,d,75.0,75.0,4.8,349,218.0,0,0.0,-2,2.0,0.0,623,244.0,15,0,2.1,309.0,135.0,0,56,0.0,707.0,294.0,0.0,3.1,0.0,4424,6,11795,13,0.0,0.0,0.43,0.16,0.59,1.41,0.34,0.13,0.47,1.11,51.8,388.0,170.0,33.7,355.0,185.0,55.0,291.0,153.0,14.0,372.0,173.0,,,,24,,Ross,Barkley,Barkley,Lack of match fitness - 75% chance of playing,,114,1,1,0,0,0,0,0,0,0,0,0,15,,,,0.0,0.0,0.0,0.0,11.84,3,2,10
56,u,0.0,0.0,5.0,266,161.0,0,0.0,0,0.0,0.0,809,363.0,0,0,0.0,777.0,341.0,0,0,0.0,751.0,325.0,0.0,0.0,0.0,0,0,34,0,0.0,0.0,0.0,0.0,0.0,0.0,0.0,0.0,0.0,0.0,0.0,777.0,341.0,0.0,775.0,341.0,0.0,768.0,339.0,0.0,777.0,341.0,,,,24,,Enzo,Barrenechea,Barrenechea,Season-long loan to Benfica,,0,0,0,0,0,0,0,0,0,0,0,0,0,,,,0.0,0.0,0.0,0.0,0.0,0,0,0
57,u,0.0,0.0,5.0,259,158.0,0,0.0,0,0.0,0.0,655,268.0,0,0,0.0,773.0,338.0,0,0,0.0,747.0,322.0,0.0,0.0,0.0,889,0,5410,4,0.0,0.0,0.0,0.0,0.0,0.0,0.0,0.0,0.0,0.0,0.0,773.0,338.0,0.0,770.0,338.0,0.0,764.0,336.0,0.0,773.0,338.0,,,,24,,Lewis,Dobbin,Dobbin,Has joined Preston North End on loan for the rest of the season.,,0,0,0,0,0,0,0,0,0,0,0,0,0,,,,0.0,0.0,0.0,0.0,0.0,0,0,0
58,i,0.0,0.0,4.9,314,194.0,0,0.0,-1,1.0,0.3,338,112.0,61,0,3.4,131.0,61.0,7,282,1.4,250.0,109.0,0.3,12.4,0.0,111229,12,109721,1023,0.0,0.0,0.53,0.84,1.36,20.8,0.03,0.05,0.08,1.33,325.0,124.0,43.0,241.3,101.0,75.0,75.0,256.0,138.0,64.2,149.0,82.0,,,,24,,Boubacar,Kamara,Kamara,Knee injury - Expected back 01 Jun,,1410,1,3,5,15,0,0,0,5,0,0,17,149,,,,0.0,0.32,0.96,1.09,9.51,38,46,65
59,a,100.0,100.0,4.8,365,227.0,0,0.0,-2,2.0,0.6,228,79.0,51,0,3.4,129.0,60.0,3,228,1.0,281.0,123.0,0.2,10.6,0.0,139290,771,262853,461,1.0,1.0,0.43,0.22,0.65,16.14,0.04,0.02,0.06,1.49,258.8,181.0,73.0,73.9,272.0,161.0,69.0,263.0,141.0,40.2,254.0,125.0,,,,24,,Amadou,Onana,Onana,,,974,2,0,4,11,0,0,0,2,0,0,12,130,,,,0.0,0.37,1.02,1.11,12.01,30,59,41
61,u,0.0,0.0,4.5,408,248.0,0,0.0,0,0.0,0.1,520,185.0,0,0,0.0,677.0,264.0,0,0,0.0,623.0,229.0,0.0,0.0,0.0,2169,0,33454,17,0.0,0.0,0.0,0.0,0.0,0.0,0.0,0.0,0.0,0.0,0.0,672.0,259.0,0.0,667.0,262.0,0.0,644.0,253.0,0.0,674.0,261.0,,,,24,,Leander,Dendoncker,Dendoncker,Has joined Real Oviedo permanently.,,0,0,0,0,0,0,0,0,0,0,0,0,0,,,,0.0,0.0,0.0,0.0,0.0,0,0,0
62,a,,,4.5,469,286.0,0,0.0,0,0.0,0.1,531,189.0,1,0,1.0,463.0,209.0,0,3,0.0,664.0,262.0,0.0,0.2,0.0,8546,108,9283,53,0.0,0.0,0.0,0.0,0.0,0.61,0.0,0.0,0.0,6.86,0.2,489.0,224.0,0.3,468.0,228.0,0.0,687.0,286.0,0.1,491.0,226.0,,,,24,,Jamaldeen,Jimoh-Aloba,Jimoh-Aloba,,,8,0,0,0,0,0,0,0,0,0,0,0,1,,,,0.0,0.0,0.0,0.0,11.25,0,0,1
64,d,75.0,75.0,8.8,7,3.0,0,0.0,-2,2.0,11.2,37,6.0,91,0,4.0,73.0,7.0,11,336,3.8,69.0,11.0,0.4,10.3,0.0,2074978,1538,3716481,94235,2.8,2.8,9.4,0.91,10.31,27.78,0.49,0.05,0.54,1.44,376.0,94.0,8.0,194.3,136.0,8.0,687.0,4.0,3.0,125.6,26.0,5.0,,,3.0,24,,Ollie,Watkins,Watkins,Hamstring injury - 75% chance of playing,,1741,8,2,7,22,0,0,0,1,0,0,20,63,,,,0.0,0.36,1.14,1.03,3.26,15,14,34
65,u,0.0,0.0,4.5,479,68.0,0,0.0,0,0.0,0.3,318,53.0,0,0,0.0,719.0,76.0,0,0,0.0,673.0,66.0,0.0,0.0,0.0,17574,0,84318,60,0.0,0.0,0.0,0.0,0.0,0.0,0.0,0.0,0.0,0.0,0.0,717.0,76.0,0.0,713.0,75.0,0.0,696.0,75.0,0.0,718.0,76.0,,,,24,,Zépiqueno,Redmond,Redmond,has joined Huddersfield Town on loan for the rest of the season.,,0,0,0,0,0,0,0,0,0,0,0,0,0,,,,0.0,0.0,0.0,0.0,0.0,0,0,0
389,a,100.0,100.0,5.1,234,144.0,0,0.0,-4,4.0,0.2,389,132.0,5,1,1.0,482.0,225.0,0,17,0.2,407.0,188.0,0.0,1.0,0.0,92955,177,101245,113,0.2,0.2,0.3,0.08,0.38,1.74,0.25,0.07,0.32,1.42,11.8,440.0,198.0,31.7,360.0,187.0,31.0,336.0,177.0,7.4,416.0,187.0,,,,24,,Harvey,Elliott,Elliott,,,110,0,0,0,2,0,0,0,0,0,0,1,6,,,,0.0,0.0,1.64,0.82,4.91,0,2,4
456,a,100.0,100.0,5.8,106,68.0,0,0.0,-2,2.0,0.2,363,120.0,17,2,1.3,424.0,192.0,0,61,1.4,255.0,112.0,0.2,2.9,0.0,40699,432,43778,202,1.4,1.4,0.39,0.79,1.18,6.46,0.08,0.16,0.24,1.33,50.6,390.0,172.0,121.1,200.0,133.0,130.0,179.0,101.0,30.4,297.0,144.0,,,,24,,Jadon,Sancho,Sancho,,,436,0,0,1,3,0,0,0,0,0,0,4,23,,,,0.0,0.21,0.62,0.83,4.75,2,9,12
677,a,100.0,100.0,6.2,77,50.0,0,0.0,-3,3.0,0.0,619,240.0,25,0,1.9,350.0,155.0,0,82,0.4,369.0,165.0,0.1,4.0,0.0,7027,98,12124,45,0.4,0.4,1.19,0.41,1.6,8.82,0.18,0.06,0.24,1.36,92.8,338.0,149.0,55.0,307.0,174.0,136.0,167.0,94.0,28.0,310.0,150.0,,,,24,,Evann,Guessand,Guessand,,,583,0,2,1,10,0,0,0,0,0,0,6,55,,,,0.0,0.15,1.54,0.93,8.49,18,10,27
688,a,,,3.9,758,82.0,0,0.0,-1,1.0,0.6,235,31.0,0,0,0.0,541.0,50.0,0,0,0.0,464.0,44.0,0.0,0.0,0.0,58551,166,40987,234,0.0,0.0,0.0,0.0,0.0,0.0,0.0,0.0,0.0,0.0,0.0,531.0,50.0,0.0,521.0,36.0,0.0,486.0,21.0,0.0,533.0,50.0,,,,24,,James,Wright,Wright,,,0,0,0,0,0,0,0,0,0,0,0,0,0,,,,0.0,0.0,0.0,0.0,0.0,0,0,0
699,a,100.0,100.0,4.9,316,195.0,0,0.0,-1,1.0,0.1,543,194.0,13,2,1.4,409.0,181.0,0,88,0.6,325.0,145.0,0.1,2.7,0.0,17632,460,15570,79,0.6,0.6,0.22,0.84,1.06,4.88,0.05,0.19,0.24,1.09,65.8,373.0,164.0,142.9,176.0,119.0,49.0,299.0,155.0,25.8,320.0,155.0,,,,24,,Douglas Luiz,Soares de Paulo,Douglas Luiz,,,404,0,1,0,8,0,0,0,2,0,0,6,47,,,,0.0,0.0,1.78,1.34,10.47,11,11,25
701,u,0.0,0.0,4.0,706,188.0,0,0.0,0,0.0,0.1,523,188.0,0,0,0.0,601.0,227.0,0,0,0.0,526.0,212.0,0.0,0.0,0.0,8943,0,10534,11,0.0,0.0,0.0,0.0,0.0,0.0,0.0,0.0,0.0,0.0,0.0,591.0,226.0,0.0,584.0,226.0,0.0,552.0,222.0,0.0,593.0,226.0,,,,24,,Triston,Rowe,Rowe,has joined Annecy on loan for the rest of the season.,,0,0,0,0,0,0,0,0,0,0,0,0,0,,,,0.0,0.0,0.0,0.0,0.0,0,0,0
702,a,,,4.4,565,339.0,0,0.0,-1,1.0,0.1,530,188.0,1,0,1.0,458.0,205.0,0,3,0.0,619.0,227.0,0.0,0.2,0.0,9222,27,8436,43,0.0,0.0,0.0,0.0,0.0,0.9,0.0,0.0,0.0,5.06,0.0,668.0,257.0,0.3,467.0,227.0,0.0,640.0,251.0,0.0,670.0,259.0,,,,24,,Bradley,Burrowes,Burrowes,,,16,0,0,0,1,0,0,0,0,0,0,0,1,,,,0.0,0.0,5.62,0.0,5.62,0,0,1
703,a,,,3.9,769,90.0,0,0.0,-1,1.0,0.6,234,30.0,0,0,0.0,552.0,58.0,0,0,0.0,475.0,52.0,0.0,0.0,0.0,82642,500,34994,524,0.0,0.0,0.0,0.0,0.0,0.0,0.0,0.0,0.0,0.0,0.0,542.0,58.0,0.0,532.0,44.0,0.0,497.0,29.0,0.0,544.0,58.0,,,,24,,Sam,Proctor,Proctor,,,0,0,0,0,0,0,0,0,0,0,0,0,0,,,,0.0,0.0,0.0,0.0,0.0,0,0,0
710,a,,,3.9,766,224.0,0,0.0,-1,1.0,0.2,370,135.0,0,0,0.0,549.0,201.0,0,0,0.0,472.0,184.0,0.0,0.0,0.0,32406,34,21294,92,0.0,0.0,0.0,0.0,0.0,0.0,0.0,0.0,0.0,0.0,0.0,539.0,200.0,0.0,529.0,200.0,0.0,494.0,193.0,0.0,541.0,200.0,,,,24,,Travis,Patterson,Patterson,,,0,0,0,0,0,0,0,0,0,0,0,0,0,,,,0.0,0.0,0.0,0.0,0.0,0,0,0
719,a,100.0,100.0,4.5,412,76.0,0,0.0,0,0.0,0.1,459,168.0,21,0,1.9,340.0,128.0,0,91,1.8,204.0,73.0,0.4,4.7,0.0,18533,235,10269,249,1.8,1.8,0.03,0.07,0.1,10.75,0.0,0.01,0.01,1.71,123.8,300.0,115.0,27.2,367.0,131.0,8.0,393.0,147.0,16.0,364.0,128.0,,,,24,,Victor,Lindelöf,Lindelöf,,,566,0,1,1,9,0,0,0,0,0,0,6,36,,,,0.0,0.16,1.43,0.95,5.72,4,32,13
754,a,,,4.5,480,293.0,0,0.0,0,0.0,0.0,753,323.0,2,0,1.0,466.0,212.0,0,5,0.2,392.0,176.0,0.0,0.4,0.0,726,19,449,12,0.2,0.2,0.04,0.01,0.05,0.61,0.14,0.04,0.18,2.2,0.0,718.0,296.0,1.7,444.0,214.0,2.0,433.0,213.0,0.3,483.0,223.0,,,,24,,George,Hemmings,George Hemmings,,,25,0,0,0,0,0,0,0,0,0,0,0,1,,,,0.0,0.0,0.0,0.0,3.6,0,0,1
757,a,,,4.0,696,61.0,0,0.0,0,0.0,0.0,714,83.0,0,0,0.0,592.0,79.0,0,0,0.0,516.0,73.0,0.0,0.0,0.0,1015,12,619,15,0.0,0.0,0.0,0.0,0.0,0.0,0.0,0.0,0.0,0.0,0.0,582.0,79.0,0.0,575.0,68.0,0.0,542.0,53.0,0.0,584.0,79.0,,,,24,,Ronnie,Hollingshead,Hollingshead,,,0,0,0,0,0,0,0,0,0,0,0,0,0,,,,0.0,0.0,0.0,0.0,0.0,0,0,0
768,a,,,4.0,728,209.0,0,0.0,0,0.0,0.0,725,248.0,0,0,0.0,618.0,243.0,0,0,0.0,544.0,229.0,0.0,0.0,0.0,418,18,289,15,0.0,0.0,0.0,0.0,0.0,0.0,0.0,0.0,0.0,0.0,0.0,609.0,243.0,0.0,602.0,243.0,0.0,570.0,239.0,0.0,611.0,243.0,,,,24,,Leon,Routh,Leon Routh,,,0,0,0,0,0,0,0,0,0,0,0,0,0,,,,0.0,0.0,0.0,0.0,0.0,0,0,0
781,a,,,4.0,722,203.0,0,0.0,0,0.0,0.0,750,256.0,0,0,0.0,614.0,239.0,0,0,0.0,540.0,225.0,0.0,0.0,0.0,301,28,129,14,0.0,0.0,0.0,0.0,0.0,0.0,0.0,0.0,0.0,0.0,0.0,604.0,238.0,0.0,597.0,238.0,0.0,565.0,234.0,0.0,606.0,238.0,,,,24,,TJ,Carroll,Carroll,,,0,0,0,0,0,0,0,0,0,0,0,0,0,,,,0.0,0.0,0.0,0.0,0.0,0,0,0
792,i,0.0,0.0,5.0,283,174.0,0,0.0,0,0.0,0.0,802,357.0,0,0,0.0,784.0,346.0,0,0,0.0,759.0,331.0,0.0,0.0,0.0,114,2,87,3,0.0,0.0,0.0,0.0,0.0,0.0,0.0,0.0,0.0,0.0,0.0,784.0,346.0,0.0,782.0,346.0,0.0,776.0,344.0,0.0,784.0,346.0,,,,24,,Alysson Edward Franco,da Rocha dos Santos,Alysson,Knock - Unknown return date,,0,0,0,0,0,0,0,0,0,0,0,0,0,,,,0.0,0.0,0.0,0.0,0.0,0,0,0
808,a,,,6.0,84,27.0,0,0.0,0,0.0,0.2,405,61.0,2,2,2.0,331.0,34.0,0,6,2.0,194.0,23.0,0.3,0.3,0.0,21997,5280,2125,433,2.1,2.1,0.42,0.08,0.5,0.43,0.42,0.08,0.5,0.43,7.0,452.0,53.0,12.0,398.0,51.0,37.0,321.0,52.0,5.6,427.0,53.0,,,,24,,Tammy,Abraham,Abraham,,,90,0,0,0,1,0,0,0,0,0,0,1,3,,,,0.0,0.0,1.0,1.0,3.0,0,1,2
183,a,,,4.3,602,30.0,0,0.0,-2,2.0,0.1,449,68.0,0,0,0.0,636.0,88.0,0,0,0.0,573.0,84.0,0.0,0.0,0.0,6513,60,16133,53,0.0,0.0,0.0,0.0,0.0,0.0,0.0,0.0,0.0,0.0,0.0,627.0,88.0,0.0,624.0,81.0,0.0,597.0,68.0,0.0,629.0,88.0,,,,24,,Max,Weiß,Weiss,,,0,0,0,0,0,0,0,0,0,0,0,0,0,,,,0.0,0.0,0.0,0.0,0.0,0,0,0
184,u,0.0,0.0,4.0,684,57.0,0,0.0,0,0.0,0.2,395,58.0,0,0,0.0,583.0,75.0,0,0,0.0,506.0,69.0,0.0,0.0,0.0,4943,0,33219,41,0.0,0.0,0.0,0.0,0.0,0.0,0.0,0.0,0.0,0.0,0.0,573.0,75.0,0.0,566.0,64.0,0.0,533.0,49.0,0.0,575.0,75.0,,,,24,,Etienne,Green,Green,has joined FC Fredericia permanently.,,0,0,0,0,0,0,0,0,0,0,0,0,0,,,,0.0,0.0,0.0,0.0,0.0,0,0,0
185,a,,,3.9,730,66.0,0,0.0,-1,1.0,0.2,398,59.0,0,0,0.0,523.0,35.0,0,0,0.0,445.0,29.0,0.0,0.0,0.0,13957,45,18913,70,0.0,0.0,0.0,0.0,0.0,0.0,0.0,0.0,0.0,0.0,0.0,513.0,35.0,0.0,502.0,20.0,0.0,467.0,5.0,0.0,515.0,35.0,,,,24,,Václav,Hladký,Hladký,,,0,0,0,0,0,0,0,0,0,0,0,0,0,,,,0.0,0.0,0.0,0.0,0.0,0,0,0
186,i,0.0,0.0,4.4,520,103.0,0,0.0,-1,1.0,0.0,647,226.0,0,0,0.0,652.0,249.0,0,0,0.0,594.0,242.0,0.0,0.0,0.0,1378,4,8950,14,0.0,0.0,0.0,0.0,0.0,0.0,0.0,0.0,0.0,0.0,0.0,643.0,249.0,0.0,640.0,249.0,0.0,615.0,247.0,0.0,645.0,249.0,,,,24,,Connor,Roberts,Roberts,Achilles injury - Unknown return date,,0,0,0,0,0,0,0,0,0,0,0,0,0,,,,0.0,0.0,0.0,0.0,0.0,0,0,0
187,a,100.0,100.0,4.4,514,98.0,0,0.0,-1,1.0,1.1,177,68.0,49,0,2.2,296.0,112.0,3,147,1.4,245.0,90.0,0.3,11.1,0.0,138831,722,247459,433,1.4,1.4,0.12,0.89,1.01,44.86,0.01,0.04,0.05,2.05,342.0,111.0,49.0,135.1,188.0,46.0,22.0,358.0,122.0,50.1,207.0,68.0,,,,24,,Kyle,Walker,Walker,,,1966,0,2,3,41,0,0,0,7,0,0,22,194,,,,0.0,0.14,1.88,1.01,6.45,34,107,102
188,u,0.0,0.0,3.8,784,237.0,0,0.0,-2,2.0,0.2,351,127.0,0,0,0.0,506.0,181.0,0,0,0.0,425.0,160.0,0.0,0.0,0.0,26052,0,38652,230,0.0,0.0,0.0,0.0,0.0,0.0,0.0,0.0,0.0,0.0,0.0,496.0,180.0,0.0,483.0,178.0,0.0,447.0,170.0,0.0,498.0,180.0,,,,24,,Hannes,Delcroix,Delcroix,has joined Lugano permanently.,,0,0,0,0,0,0,0,0,0,0,0,0,0,,,,0.0,0.0,0.0,0.0,0.0,0,0,0
189,u,0.0,0.0,4.0,676,170.0,0,0.0,0,0.0,0.0,707,242.0,0,0,0.0,576.0,214.0,0,0,0.0,499.0,197.0,0.0,0.0,0.0,0,0,2346,3,0.0,0.0,0.0,0.0,0.0,0.0,0.0,0.0,0.0,0.0,0.0,566.0,213.0,0.0,559.0,213.0,0.0,526.0,208.0,0.0,568.0,213.0,,,,24,,Owen,Dodgson,Dodgson,Has joined Stockport County on loan for the rest of the season.,,0,0,0,0,0,0,0,0,0,0,0,0,0,,,,0.0,0.0,0.0,0.0,0.0,0,0,0
190,a,,,3.9,757,221.0,0,0.0,-1,1.0,0.8,197,76.0,44,0,2.9,199.0,77.0,2,121,0.4,337.0,124.0,0.1,11.3,0.0,245563,74,192226,502,0.4,0.4,0.21,0.24,0.45,22.73,0.02,0.02,0.04,1.74,273.8,171.0,72.0,43.1,332.0,115.0,78.0,250.0,72.0,39.5,256.0,87.0,,,,24,,Hjalmar,Ekdal,Ekdal,,,1179,0,0,2,24,0,0,0,0,0,0,13,146,,,,0.0,0.15,1.83,0.99,10.08,19,113,31
191,a,100.0,100.0,3.9,756,220.0,0,0.0,-1,1.0,8.1,49,15.0,50,0,2.5,248.0,94.0,0,164,1.6,223.0,79.0,0.4,12.8,0.0,719175,2320,1855047,2555,1.6,1.6,0.41,0.46,0.87,41.4,0.02,0.02,0.04,2.19,408.2,76.0,33.0,68.4,278.0,89.0,64.0,273.0,80.0,54.3,187.0,61.0,,,,24,,Maxime,Estève,Estève,,,1699,0,0,2,40,2,0,0,0,0,0,20,215,,,,0.0,0.11,2.12,1.06,10.01,23,166,60
192,a,,,4.0,687,175.0,0,0.0,0,0.0,0.7,211,81.0,46,0,3.1,165.0,64.0,0,170,0.0,509.0,201.0,0.0,11.5,0.0,181077,242,163704,632,0.0,0.0,0.19,1.51,1.7,30.28,0.01,0.1,0.11,2.04,305.4,146.0,63.0,228.9,105.0,25.0,57.0,285.0,87.0,59.2,164.0,53.0,1.0,,,24,,Quilindschy,Hartman,Hartman,,,1337,0,5,2,28,0,0,0,1,0,0,15,124,,,,0.0,0.13,1.88,1.01,7.0,31,73,49
194,i,0.0,0.0,3.9,747,214.0,0,0.0,-1,1.0,0.1,551,199.0,0,0,0.0,535.0,196.0,0,0,0.0,458.0,179.0,0.0,0.0,0.0,1591,8,15082,14,0.0,0.0,0.0,0.0,0.0,0.0,0.0,0.0,0.0,0.0,0.0,525.0,195.0,0.0,515.0,195.0,0.0,480.0,188.0,0.0,527.0,195.0,,,,24,,Jordan,Beyer,Jordan,Hamstring injury - Unknown return date,,0,0,0,0,0,0,0,0,0,0,0,0,0,,,,0.0,0.0,0.0,0.0,0.0,0,0,0
195,a,100.0,100.0,3.8,802,255.0,0,0.0,-2,2.0,0.3,320,119.0,14,0,1.6,375.0,138.0,0,55,1.4,242.0,87.0,0.4,3.7,0.0,40419,688,30459,177,1.4,1.4,0.3,0.72,1.02,15.27,0.04,0.1,0.14,2.02,111.6,313.0,120.0,101.1,227.0,62.0,51.0,296.0,94.0,26.3,317.0,108.0,,,,24,,Lucas,Pires Silva,Lucas Pires,,,681,0,0,1,14,0,0,0,0,1,0,8,49,,,,0.0,0.13,1.85,1.06,6.48,16,33,39
196,u,0.0,0.0,4.0,674,168.0,0,0.0,0,0.0,0.0,613,220.0,0,0,0.0,575.0,213.0,0,0,0.0,498.0,196.0,0.0,0.0,0.0,202,0,9579,8,0.0,0.0,0.0,0.0,0.0,0.0,0.0,0.0,0.0,0.0,0.0,565.0,212.0,0.0,558.0,212.0,0.0,525.0,207.0,0.0,567.0,212.0,,,,24,,Shurandy,Sambo,Sambo,Has joined Sparta Rotterdam on loan for the rest of the season.,,0,0,0,0,0,0,0,0,0,0,0,0,0,,,,0.0,0.0,0.0,0.0,0.0,0,0,0
197,a,,,3.8,796,249.0,0,0.0,-2,2.0,0.3,330,121.0,13,0,1.9,334.0,122.0,0,20,0.4,336.0,123.0,0.1,3.4,0.0,34615,38,24998,186,0.4,0.4,0.55,0.08,0.63,3.79,0.3,0.04,0.34,2.08,44.8,394.0,150.0,18.1,384.0,139.0,30.0,338.0,108.0,9.2,404.0,146.0,,,,24,,Oliver,Sonne,Sonne,,,164,1,0,0,4,0,0,0,0,0,0,1,10,,,,0.0,0.0,2.2,0.55,3.84,2,5,4
198,a,100.0,100.0,3.9,741,211.0,0,0.0,-1,1.0,1.0,186,73.0,29,0,2.9,197.0,75.0,0,84,2.2,174.0,60.0,0.6,7.4,0.0,135318,279,281731,216,2.2,2.2,0.61,0.11,0.72,24.2,0.06,0.01,0.07,2.46,221.0,207.0,81.0,8.9,418.0,151.0,52.0,294.0,92.0,28.4,307.0,104.0,,,,24,,Axel,Tuanzebe,Tuanzebe,,,886,1,0,1,20,0,0,0,1,0,0,10,101,,,,0.0,0.1,2.03,1.02,9.35,11,81,27
199,a,100.0,100.0,3.8,780,233.0,0,0.0,-2,2.0,0.1,416,153.0,7,0,1.2,425.0,152.0,0,19,0.0,422.0,157.0,0.0,1.8,0.0,17923,57,21705,41,0.0,0.0,0.0,0.02,0.02,3.95,0.0,0.01,0.01,2.31,42.4,396.0,151.0,0.8,453.0,166.0,2.0,423.0,157.0,4.6,438.0,158.0,,,,24,,Joe,Worrall,Worrall,,,154,0,0,0,3,0,0,0,0,0,0,1,24,,,,0.0,0.0,1.75,0.58,13.44,2,21,4
200,a,100.0,100.0,5.0,258,157.0,0,0.0,-5,5.0,1.9,139,45.0,73,0,3.3,143.0,63.0,5,286,2.4,167.0,74.0,0.5,14.6,0.0,1200006,686,1063182,1450,2.4,2.4,2.86,1.51,4.37,32.45,0.18,0.09,0.27,2.04,342.6,110.0,36.0,271.8,83.0,61.0,308.0,55.0,33.0,92.2,64.0,43.0,2.0,,,24,,Jaidon,Anthony,Anthony,,,1431,5,2,3,29,0,0,0,3,0,0,17,134,,,,0.0,0.19,1.82,1.07,8.43,26,29,79
201,u,0.0,0.0,5.4,162,100.0,0,0.0,-1,1.0,0.0,692,292.0,0,0,0.0,788.0,349.0,0,0,0.0,777.0,343.0,0.0,0.0,0.0,1070,0,3121,1,0.0,0.0,0.0,0.0,0.0,0.0,0.0,0.0,0.0,0.0,0.0,788.0,349.0,0.0,787.0,349.0,0.0,783.0,348.0,0.0,788.0,349.0,,,,24,,Manuel,Benson Hedilazio,Benson,has joined Maccabi Haifa permanently.,,0,0,0,0,0,0,0,0,0,0,0,0,0,,,,0.0,0.0,0.0,0.0,0.0,0,0,0
205,i,0.0,0.0,4.9,297,183.0,0,0.0,-1,1.0,0.9,191,63.0,70,0,3.9,75.0,36.0,8,321,0.0,718.0,301.0,0.0,14.3,0.0,567996,5,525482,1278,0.0,0.0,0.94,1.36,2.3,32.5,0.06,0.08,0.14,1.93,342.0,113.0,37.0,218.1,113.0,80.0,98.0,223.0,122.0,66.0,140.0,76.0,,,,24,,Josh,Cullen,Cullen,Knee injury - Expected back 30 Sep,,1513,2,2,3,29,1,0,0,2,0,0,18,173,,,,0.0,0.18,1.73,1.07,10.29,32,68,73
206,a,,,4.7,380,237.0,0,0.0,-3,3.0,0.1,452,154.0,32,0,2.5,257.0,111.0,2,121,3.4,81.0,34.0,0.7,6.8,0.0,17987,557,17081,157,3.4,3.4,0.81,1.49,2.3,12.15,0.13,0.23,0.36,1.92,136.0,288.0,128.0,208.8,124.0,88.0,129.0,181.0,102.0,47.2,219.0,111.0,,3.0,,24,,Marcus,Edwards,Edwards,,,571,1,2,1,8,0,0,0,0,0,0,5,35,,,,0.0,0.16,1.26,0.79,5.52,6,4,25
207,a,100.0,100.0,4.7,387,241.0,0,0.0,-3,3.0,0.1,474,163.0,24,0,1.5,397.0,175.0,0,94,0.4,350.0,153.0,0.1,5.1,0.0,13645,75,23128,51,0.4,0.4,0.29,0.77,1.06,13.27,0.06,0.15,0.21,2.61,60.4,381.0,167.0,128.5,193.0,128.0,35.0,325.0,170.0,22.4,336.0,162.0,,4.0,,24,,Hannibal,Mejbri,Hannibal,,,458,0,2,1,12,0,0,0,4,0,0,5,39,,,,0.0,0.2,2.36,0.98,7.66,10,5,24
208,u,0.0,0.0,5.0,265,160.0,0,0.0,0,0.0,0.0,721,306.0,0,0,0.0,776.0,340.0,0,0,0.0,750.0,324.0,0.0,0.0,0.0,68,0,3012,1,0.0,0.0,0.0,0.0,0.0,0.0,0.0,0.0,0.0,0.0,0.0,776.0,340.0,0.0,774.0,340.0,0.0,767.0,338.0,0.0,776.0,340.0,,,,24,,Luca,Koleosho,Koleosho,has joined Paris FC on loan for the rest of the season.,,0,0,0,0,0,0,0,0,0,0,0,0,0,,,,0.0,0.0,0.0,0.0,0.0,0,0,0
209,a,,,4.8,350,219.0,0,0.0,-2,2.0,0.0,603,232.0,42,0,2.1,310.0,136.0,1,173,1.2,268.0,118.0,0.3,8.8,0.0,5347,21,5431,42,1.2,1.2,0.43,0.24,0.67,25.22,0.04,0.02,0.06,2.1,216.4,210.0,91.0,81.6,259.0,155.0,68.0,264.0,142.0,36.7,265.0,131.0,,,,24,,Josh,Laurent,Laurent,,,1079,1,0,1,27,0,0,0,4,0,0,11,124,,,,0.0,0.08,2.25,0.92,10.34,29,59,36
210,a,,,4.9,333,206.0,0,0.0,-1,1.0,0.0,624,245.0,33,0,1.9,344.0,153.0,0,111,0.4,359.0,157.0,0.1,6.7,0.0,4634,13,5642,11,0.4,0.4,0.86,0.38,1.24,14.16,0.1,0.05,0.15,1.69,85.6,343.0,153.0,76.7,265.0,159.0,101.0,217.0,119.0,26.3,318.0,153.0,,2.0,,24,,Loum,Tchaouna,Tchaouna,,,753,1,1,2,11,0,0,0,1,0,0,9,45,,,,0.0,0.24,1.31,1.08,5.38,13,11,21
211,u,0.0,0.0,4.4,536,320.0,0,0.0,-1,1.0,1.5,153,50.0,0,0,0.0,656.0,251.0,0,0,0.0,600.0,214.0,0.0,0.0,0.0,62789,0,926278,325,0.0,0.0,0.0,0.0,0.0,0.0,0.0,0.0,0.0,0.0,0.0,647.0,242.0,0.0,644.0,247.0,0.0,619.0,236.0,0.0,649.0,244.0,,,,24,,Aaron,Ramsey,A.Ramsey,has joined Leicester City on loan for the rest of the season.,,0,0,0,0,0,0,0,0,0,0,0,0,0,,,,0.0,0.0,0.0,0.0,0.0,0,0,0
212,u,0.0,0.0,4.5,476,290.0,0,0.0,0,0.0,0.0,749,320.0,0,0,0.0,718.0,297.0,0,0,0.0,671.0,266.0,0.0,0.0,0.0,0,0,2739,3,0.0,0.0,0.0,0.0,0.0,0.0,0.0,0.0,0.0,0.0,0.0,716.0,295.0,0.0,712.0,296.0,0.0,694.0,290.0,0.0,717.0,296.0,,,,24,,Oluwaseun,Adewumi,Adewumi,Has joined Cercle Brugge on loan for the rest of the season.,,0,0,0,0,0,0,0,0,0,0,0,0,0,,,,0.0,0.0,0.0,0.0,0.0,0,0,0
213,u,0.0,0.0,4.5,463,282.0,0,0.0,0,0.0,0.0,600,229.0,1,0,1.0,461.0,207.0,0,2,0.2,390.0,174.0,0.0,0.2,0.0,7482,0,8421,73,0.0,0.0,0.0,0.0,0.0,0.05,0.0,0.0,0.0,0.5,0.0,705.0,288.0,0.5,458.0,221.0,0.0,682.0,282.0,0.0,706.0,289.0,,,,24,,Jaydon,Banel,Banel,has joined Derby County on loan for the rest of the season.,,9,0,0,0,0,0,0,0,0,0,0,0,0,,,,0.0,0.0,0.0,0.0,0.0,0,0,0
214,i,0.0,0.0,4.4,533,319.0,0,0.0,-1,1.0,0.1,549,199.0,4,0,1.0,452.0,199.0,0,10,0.0,598.0,213.0,0.0,0.9,0.0,11666,3,15085,55,0.0,0.0,0.0,0.0,0.0,0.46,0.0,0.0,0.0,2.18,0.6,486.0,223.0,0.4,462.0,223.0,2.0,431.0,211.0,0.3,482.0,222.0,,,,24,,Mike,Trésor Ndayishimiye,Trésor,Ankle injury - Unknown return date,,19,0,0,0,1,0,0,0,0,0,0,0,2,,,,0.0,0.0,4.74,0.0,9.47,0,0,2
215,a,100.0,100.0,5.3,196,46.0,0,0.0,-2,2.0,0.3,327,54.0,42,0,2.8,221.0,23.0,3,157,0.0,771.0,80.0,0.0,7.9,0.0,143000,301,138034,391,0.0,0.0,3.15,0.16,3.31,13.86,0.43,0.02,0.45,1.89,209.0,225.0,20.0,58.6,301.0,32.0,207.0,99.0,27.0,46.8,222.0,26.0,,,1.0,24,,Zian,Flemming,Flemming,,,660,5,0,2,10,0,0,0,3,0,0,8,31,,,,0.0,0.27,1.36,1.09,4.23,6,15,10
216,i,0.0,0.0,4.8,368,62.0,0,0.0,-2,2.0,0.0,664,83.0,0,0,0.0,751.0,81.0,0,0,0.0,712.0,71.0,0.0,0.0,0.0,1784,7,6037,10,0.0,0.0,0.0,0.0,0.0,0.0,0.0,0.0,0.0,0.0,0.0,751.0,81.0,0.0,746.0,80.0,0.0,736.0,80.0,0.0,751.0,81.0,,,,24,,Zeki,Amdouni,Amdouni,Knee injury - Expected back 25 Apr,,0,0,0,0,0,0,0,0,0,0,0,0,0,,,,0.0,0.0,0.0,0.0,0.0,0,0,0
217,a,100.0,100.0,4.9,324,59.0,0,0.0,-1,1.0,0.8,203,33.0,42,0,2.6,243.0,24.0,4,159,1.2,270.0,35.0,0.2,8.6,0.0,439232,645,428983,517,1.2,1.2,2.25,0.25,2.5,20.13,0.22,0.02,0.24,1.98,171.8,255.0,22.0,107.7,215.0,24.0,161.0,136.0,34.0,43.6,234.0,28.0,,,,24,,Lyle,Foster,Foster,,,917,3,1,3,20,0,0,0,3,0,0,11,54,,,,0.0,0.29,1.96,1.08,5.3,10,18,26
218,a,,,4.2,621,86.0,0,0.0,-3,3.0,1.4,160,26.0,1,0,1.0,445.0,54.0,0,3,-0.2,811.0,90.0,0.0,0.2,0.0,187163,1503,306404,1452,-0.2,-0.2,0.11,0.0,0.11,0.41,1.1,0.0,1.1,4.1,0.2,488.0,60.0,0.3,465.0,58.0,7.0,400.0,55.0,0.8,467.0,56.0,,,2.0,24,,Ashley,Barnes,Barnes,,,9,0,0,0,1,0,0,0,1,0,0,0,1,,,,0.0,0.0,10.0,0.0,10.0,0,0,1
219,u,0.0,0.0,4.4,523,74.0,0,0.0,-1,1.0,0.1,458,65.0,0,0,0.0,653.0,66.0,0,0,0.0,596.0,56.0,0.0,0.0,0.0,4151,0,40267,33,0.0,0.0,0.0,0.0,0.0,0.0,0.0,0.0,0.0,0.0,0.0,644.0,66.0,0.0,641.0,65.0,0.0,616.0,65.0,0.0,646.0,66.0,,,,24,,Michael,Obafemi,Obafemi,has joined Blackpool on loan for the rest of the season.,,0,0,0,0,0,0,0,0,0,0,0,0,0,,,,0.0,0.0,0.0,0.0,0.0,0,0,0
470,a,100.0,100.0,4.0,654,41.0,0,0.0,0,0.0,32.9,8,2.0,73,0,3.2,150.0,13.0,7,327,2.8,127.0,13.0,0.7,18.2,0.0,1571484,7451,1245340,5449,2.8,2.8,0.0,0.03,0.03,47.43,0.0,0.0,0.0,2.06,709.4,4.0,1.0,0.0,540.0,48.0,0.0,506.0,33.0,71.1,120.0,1.0,,,,24,,Martin,Dúbravka,Dúbravka,,,2070,0,0,3,44,0,0,0,0,0,94,23,96,,,,4.09,0.13,1.91,1.0,0.0,0,47,187
614,a,,,5.6,125,77.0,0,0.0,-4,4.0,0.2,384,129.0,11,0,2.2,303.0,132.0,0,82,0.0,794.0,354.0,0.0,2.0,0.0,16187,182,45522,96,0.0,0.0,0.13,0.91,1.04,7.27,0.03,0.2,0.23,1.58,56.6,384.0,169.0,176.3,147.0,101.0,6.0,409.0,200.0,23.9,330.0,159.0,,,,24,,James,Ward-Prowse,Ward-Prowse,,,414,0,0,1,11,0,0,0,0,0,0,5,22,,,,0.0,0.22,2.39,1.09,4.78,4,9,9
676,a,100.0,100.0,5.0,273,166.0,0,0.0,0,0.0,0.1,447,153.0,67,0,3.0,191.0,82.0,5,243,2.2,181.0,81.0,0.4,13.4,0.0,37606,137,32509,134,2.2,2.2,2.08,0.22,2.3,34.62,0.13,0.01,0.14,2.14,302.6,150.0,54.0,111.7,210.0,135.0,166.0,129.0,75.0,57.8,171.0,92.0,,,,24,,Lesley,Ugochukwu,Ugochukwu,,,1456,3,1,3,30,0,0,0,0,1,0,17,149,,,,0.0,0.19,1.85,1.05,9.21,37,43,69
680,a,100.0,100.0,5.2,214,49.0,0,0.0,-3,3.0,0.2,357,57.0,36,0,2.1,315.0,32.0,2,101,1.6,234.0,28.0,0.3,6.9,0.0,45481,225,49030,449,1.6,1.6,2.03,0.12,2.15,20.05,0.24,0.01,0.25,2.35,96.2,333.0,33.0,59.3,300.0,31.0,192.0,112.0,28.0,34.4,279.0,34.0,,,,24,,Armando,Broja,Broja,,,767,1,1,1,24,0,0,0,0,0,0,8,41,,,,0.0,0.12,2.82,0.94,4.81,6,11,24
722,a,,,5.0,250,152.0,0,0.0,0,0.0,0.0,601,230.0,61,0,3.2,158.0,68.0,0,255,3.2,99.0,44.0,0.6,12.2,0.0,13349,82,11043,43,3.2,3.2,0.55,0.35,0.9,34.19,0.03,0.02,0.05,2.09,303.0,149.0,53.0,160.4,157.0,106.0,42.0,312.0,162.0,50.8,205.0,106.0,,,,24,,Florentino Ibrain,Morris Luís,Florentino,,,1470,0,2,2,31,0,0,0,3,0,0,17,220,,,,0.0,0.12,1.9,1.04,13.47,70,72,78
776,a,,,4.5,505,312.0,0,0.0,0,0.0,0.0,795,351.0,0,0,0.0,739.0,313.0,0,0,0.0,695.0,285.0,0.0,0.0,0.0,184,10,105,6,0.0,0.0,0.0,0.0,0.0,0.0,0.0,0.0,0.0,0.0,0.0,739.0,313.0,0.0,734.0,313.0,0.0,717.0,308.0,0.0,739.0,313.0,,,,24,,Oliver,Pimlott,Pimlott,,,0,0,0,0,0,0,0,0,0,0,0,0,0,,,,0.0,0.0,0.0,0.0,0.0,0,0,0
784,a,,,4.5,512,318.0,0,0.0,0,0.0,0.0,797,353.0,0,0,0.0,744.0,318.0,0,0,0.0,700.0,290.0,0.0,0.0,0.0,225,11,145,8,0.0,0.0,0.0,0.0,0.0,0.0,0.0,0.0,0.0,0.0,0.0,744.0,318.0,0.0,739.0,318.0,0.0,723.0,314.0,0.0,744.0,318.0,,,,24,,George,Brierley,Brierley,,,0,0,0,0,0,0,0,0,0,0,0,0,0,,,,0.0,0.0,0.0,0.0,0.0,0,0,0
66,u,0.0,0.0,4.5,404,21.0,0,0.0,0,0.0,0.1,555,77.0,0,0,0.0,676.0,90.0,0,0,0.0,622.0,87.0,0.0,0.0,0.0,0,0,16354,16,0.0,0.0,0.0,0.0,0.0,0.0,0.0,0.0,0.0,0.0,0.0,671.0,90.0,0.0,666.0,83.0,0.0,643.0,71.0,0.0,673.0,90.0,,,,24,,Norberto,Murara Neto,Neto,Has joined Botafogo permanently.,,0,0,0,0,0,0,0,0,0,0,0,0,0,,,,0.0,0.0,0.0,0.0,0.0,0,0,0
67,a,,,4.5,432,24.0,0,0.0,0,0.0,4.3,82,14.0,70,10,2.9,200.0,18.0,3,280,3.0,111.0,11.0,0.7,15.6,0.0,808873,3452,684587,1887,3.0,3.0,0.0,0.0,0.0,34.72,0.0,0.0,0.0,1.45,520.4,34.0,10.0,0.0,682.0,86.0,0.0,661.0,74.0,52.3,195.0,10.0,,,,24,,Đorđe,Petrović,Petrović,,,2160,0,0,6,43,1,0,0,2,0,72,24,98,,,,3.0,0.25,1.79,1.0,0.0,0,46,190
68,i,0.0,0.0,4.0,673,51.0,0,0.0,0,0.0,0.8,205,26.0,0,0,0.0,574.0,69.0,0,0,0.0,497.0,63.0,0.0,0.0,0.0,47206,15,79948,507,0.0,0.0,0.0,0.0,0.0,0.0,0.0,0.0,0.0,0.0,0.0,564.0,69.0,0.0,557.0,58.0,0.0,524.0,43.0,0.0,566.0,69.0,,,,24,,Will,Dennis,Dennis,Ankle injury - Unknown return date,,0,0,0,0,0,0,0,0,0,0,0,0,0,,,,0.0,0.0,0.0,0.0,0.0,0,0,0
69,a,,,3.9,771,91.0,0,0.0,-1,1.0,0.2,343,49.0,0,0,0.0,554.0,59.0,0,0,0.0,477.0,53.0,0.0,0.0,0.0,17808,194,16483,122,0.0,0.0,0.0,0.0,0.0,0.0,0.0,0.0,0.0,0.0,0.0,544.0,59.0,0.0,534.0,45.0,0.0,499.0,30.0,0.0,546.0,59.0,,,,24,,Callan,McKenna,McKenna,,,0,0,0,0,0,0,0,0,0,0,0,0,0,,,,0.0,0.0,0.0,0.0,0.0,0,0,0
70,u,0.0,0.0,4.0,688,58.0,0,0.0,0,0.0,0.1,560,78.0,0,0,0.0,586.0,76.0,0,0,0.0,510.0,70.0,0.0,0.0,0.0,1107,0,10221,13,0.0,0.0,0.0,0.0,0.0,0.0,0.0,0.0,0.0,0.0,0.0,576.0,76.0,0.0,569.0,65.0,0.0,536.0,50.0,0.0,578.0,76.0,,,,24,,Alex,Paulsen,Paulsen,Has joined Lechia Gdansk on loan for the rest of the season.,,0,0,0,0,0,0,0,0,0,0,0,0,0,,,,0.0,0.0,0.0,0.0,0.0,0,0,0
71,u,0.0,0.0,5.0,263,42.0,0,0.0,0,0.0,0.0,661,230.0,0,0,0.0,775.0,260.0,0,0,0.0,749.0,258.0,0.0,0.0,0.0,0,0,8173,0,0.0,0.0,0.0,0.0,0.0,0.0,0.0,0.0,0.0,0.0,0.0,775.0,260.0,0.0,773.0,260.0,0.0,766.0,259.0,0.0,775.0,260.0,,,,24,,Illia,Zabarnyi,Zabarnyi,Has joined Paris Saint-Germain permanently.,,0,0,0,0,0,0,0,0,0,0,0,0,0,,,,0.0,0.0,0.0,0.0,0.0,0,0,0
72,a,100.0,100.0,4.8,359,61.0,0,0.0,3,-3.0,14.7,23,8.0,102,8,4.4,38.0,16.0,6,322,4.2,50.0,18.0,0.9,21.2,0.0,4365482,41142,2834474,4495,4.2,4.2,0.94,3.71,4.65,32.77,0.04,0.16,0.2,1.45,757.6,2.0,1.0,276.0,80.0,20.0,122.0,190.0,41.0,115.7,35.0,1.0,,,,24,,Marcos,Senesi Barón,Senesi,,,2028,0,4,6,42,0,0,0,7,0,0,23,335,,,,0.0,0.27,1.86,1.02,12.96,42,250,95
73,a,100.0,100.0,4.4,513,97.0,0,0.0,-1,1.0,0.2,377,138.0,27,6,2.1,308.0,117.0,0,75,1.4,244.0,89.0,0.3,6.1,0.0,23844,250,39458,75,1.4,1.4,0.0,0.11,0.11,12.36,0.0,0.01,0.01,1.54,82.6,349.0,132.0,32.3,358.0,125.0,18.0,367.0,127.0,13.3,376.0,134.0,,,,24,,Adam,Smith,Smith,,,721,0,1,3,15,0,0,0,2,0,0,10,44,,,,0.0,0.37,1.87,1.25,5.12,7,34,18
74,a,,,4.5,446,90.0,0,0.0,0,0.0,1.7,142,56.0,80,6,3.3,140.0,54.0,7,299,3.0,112.0,37.0,0.7,17.8,0.0,497380,2746,382136,1111,3.0,3.0,0.33,1.21,1.54,32.42,0.01,0.05,0.06,1.38,494.8,44.0,18.0,324.3,57.0,11.0,87.0,239.0,68.0,90.6,67.0,13.0,,,,24,,Adrien,Truffert,Truffert,,,2118,0,1,6,40,0,0,0,3,0,0,24,247,,,,0.0,0.25,1.7,1.02,8.37,69,128,115
75,d,25.0,25.0,3.8,797,250.0,0,0.0,-2,2.0,0.2,373,137.0,0,0,0.0,515.0,190.0,0,0,0.0,435.0,170.0,0.0,0.0,0.0,13832,24,31376,61,0.0,0.0,0.0,0.0,0.0,0.0,0.0,0.0,0.0,0.0,0.0,505.0,189.0,0.0,492.0,187.0,0.0,456.0,179.0,0.0,507.0,189.0,,,,24,,Matai,Akinmboni,Akinmboni,Muscle injury - 25% chance of playing,,0,0,0,0,0,0,0,0,0,0,0,0,0,,,,0.0,0.0,0.0,0.0,0.0,0,0,0
77,a,,,3.9,753,218.0,0,0.0,-1,1.0,1.2,176,67.0,43,7,2.9,198.0,76.0,0,129,4.2,46.0,15.0,1.1,11.0,0.0,178658,8760,127734,474,4.2,4.2,0.23,0.48,0.7,11.42,0.02,0.05,0.07,1.22,213.4,216.0,87.0,45.4,327.0,112.0,57.0,284.0,86.0,31.7,291.0,99.0,,,,24,,James,Hill,Hill,,,842,0,1,3,13,0,0,0,2,0,0,8,108,,,,0.0,0.32,1.39,0.86,10.58,17,82,22
78,u,0.0,0.0,3.8,786,239.0,0,0.0,-2,2.0,0.6,240,90.0,0,0,0.0,507.0,182.0,0,0,0.0,426.0,161.0,0.0,0.0,0.0,47440,0,126981,461,0.0,0.0,0.0,0.0,0.0,0.0,0.0,0.0,0.0,0.0,0.0,497.0,181.0,0.0,484.0,179.0,0.0,448.0,171.0,0.0,499.0,181.0,,,,24,,Julián,Araujo Zúñiga,J.Araujo,has joined Celtic on loan for the rest of the season.,,0,0,0,0,0,0,0,0,0,0,0,0,0,,,,0.0,0.0,0.0,0.0,0.0,0,0,0
79,u,0.0,0.0,4.0,666,165.0,0,0.0,0,0.0,0.1,529,193.0,0,0,0.0,567.0,210.0,0,0,0.0,490.0,193.0,0.0,0.0,0.0,1400,0,16551,11,0.0,0.0,0.0,0.0,0.0,0.0,0.0,0.0,0.0,0.0,0.0,557.0,209.0,0.0,550.0,209.0,0.0,517.0,204.0,0.0,559.0,209.0,,,,24,,Chris,Mepham,Mepham,has joined West Bromwich Albion permanently.,,0,0,0,0,0,0,0,0,0,0,0,0,0,,,,0.0,0.0,0.0,0.0,0.0,0,0,0
80,i,0.0,0.0,4.0,707,189.0,0,0.0,0,0.0,0.2,358,130.0,3,0,1.0,441.0,162.0,0,2,0.0,527.0,213.0,0.0,0.8,0.0,17199,13,30566,296,0.0,0.0,0.0,0.0,0.0,1.62,0.0,0.0,0.0,4.29,1.8,473.0,170.0,2.5,440.0,160.0,2.0,425.0,159.0,0.6,472.0,167.0,,,,24,,Julio,Soler Barreto,Soler,Knock - Unknown return date,,34,0,0,0,2,0,0,0,0,0,0,0,1,,,,0.0,0.0,5.29,0.0,2.65,1,0,4
81,i,0.0,0.0,7.0,40,24.0,0,0.0,0,0.0,0.6,223,76.0,40,0,2.2,304.0,133.0,3,147,0.4,371.0,167.0,0.1,5.7,0.0,189923,21,245622,713,0.0,0.0,2.24,1.54,3.78,16.78,0.22,0.15,0.37,1.65,146.6,278.0,122.0,304.1,68.0,51.0,128.0,183.0,104.0,57.8,173.0,93.0,4.0,2.0,1.0,24,,Justin,Kluivert,Kluivert,Knee injury - Expected back 09 May,,914,2,0,4,18,0,0,0,4,0,0,10,62,,,,0.0,0.39,1.77,0.98,6.11,10,8,44
84,i,0.0,0.0,5.4,164,102.0,0,0.0,-1,1.0,1.5,152,49.0,94,0,4.3,45.0,21.0,8,341,3.0,119.0,51.0,0.6,17.4,0.0,838891,60,741684,8232,0.0,0.0,5.12,2.43,7.55,27.43,0.26,0.12,0.38,1.4,421.0,70.0,22.0,439.9,26.0,25.0,330.0,47.0,28.0,119.3,33.0,26.0,2.0,1.0,4.0,24,,Marcus,Tavernier,Tavernier,Hamstring injury - Unknown return date,,1762,5,3,7,36,0,0,0,3,0,0,20,164,,,,0.0,0.36,1.84,1.02,8.38,27,44,93
85,i,0.0,0.0,4.9,300,186.0,0,0.0,-1,1.0,0.3,329,111.0,50,0,3.3,141.0,62.0,3,245,0.0,720.0,303.0,0.0,10.2,0.0,76822,8,91358,178,0.0,0.0,0.56,0.32,0.88,17.78,0.04,0.02,0.06,1.34,266.2,178.0,71.0,74.0,271.0,160.0,105.0,214.0,117.0,44.7,229.0,113.0,,,,24,,Tyler,Adams,Adams,Knee injury - Expected back 21 Feb,,1196,2,1,4,23,0,0,0,5,0,0,15,146,,,,0.0,0.3,1.73,1.13,10.99,35,50,61
86,d,50.0,25.0,5.0,244,149.0,0,0.0,0,0.0,0.2,387,131.0,43,0,2.3,285.0,122.0,4,169,1.2,272.0,119.0,0.2,8.6,0.0,70117,11,75771,278,0.6,0.3,4.41,2.79,7.2,13.34,0.43,0.27,0.7,1.29,191.6,241.0,100.0,297.7,73.0,54.0,379.0,33.0,18.0,85.4,81.0,48.0,5.0,3.0,,24,,David,Brooks,Brooks,Ankle injury - 50% chance of playing,,932,1,2,4,17,0,0,0,6,0,0,11,72,,,,0.0,0.39,1.64,1.06,6.95,15,14,43
87,a,100.0,100.0,4.9,292,180.0,0,0.0,-1,1.0,0.1,563,207.0,21,1,1.5,400.0,178.0,0,88,0.6,323.0,143.0,0.1,4.3,0.0,8148,88,14788,27,0.6,0.6,1.1,0.34,1.44,7.67,0.28,0.09,0.37,1.97,102.2,322.0,144.0,104.7,222.0,140.0,99.0,220.0,120.0,30.8,296.0,143.0,,,,24,,Ryan,Christie,Christie,,,350,1,1,0,9,0,0,0,1,0,0,1,43,,,,0.0,0.0,2.31,0.26,11.06,10,12,21
88,a,100.0,100.0,4.9,291,179.0,0,0.0,-1,1.0,0.0,583,218.0,33,3,2.4,271.0,116.0,0,161,3.6,73.0,32.0,0.7,6.7,0.0,8767,287,6101,94,3.6,3.6,0.07,0.32,0.39,12.24,0.01,0.04,0.05,1.43,187.6,246.0,104.0,148.7,170.0,113.0,12.0,379.0,190.0,35.1,274.0,135.0,,,,24,,Lewis,Cook,Cook,,,770,0,1,1,17,0,0,0,1,1,0,7,127,,,,0.0,0.12,1.99,0.82,14.84,23,51,53
89,u,0.0,0.0,4.9,294,182.0,0,0.0,-1,1.0,0.0,665,272.0,0,0,0.0,754.0,323.0,0,0,0.0,717.0,300.0,0.0,0.0,0.0,598,0,6600,1,0.0,0.0,0.0,0.0,0.0,0.0,0.0,0.0,0.0,0.0,0.0,754.0,323.0,0.0,750.0,323.0,0.0,741.0,321.0,0.0,754.0,323.0,,,,24,,Philip,Billing,Philip,Has joined Midtjylland permanently.,,0,0,0,0,0,0,0,0,0,0,0,0,0,,,,0.0,0.0,0.0,0.0,0.0,0,0,0
90,a,100.0,100.0,5.0,272,165.0,0,0.0,0,0.0,0.4,269,92.0,84,13,3.5,121.0,57.0,6,358,5.6,16.0,11.0,1.1,16.8,0.0,93548,9226,62442,579,5.6,5.6,2.29,1.2,3.49,27.09,0.12,0.06,0.18,1.45,335.6,120.0,40.0,224.1,108.0,78.0,185.0,116.0,68.0,74.0,111.0,60.0,1.0,,,24,,Alex,Scott,Scott,,,1678,2,2,6,31,0,0,0,2,0,0,21,218,,,,0.0,0.32,1.66,1.13,11.69,33,81,104
91,u,0.0,0.0,5.0,252,153.0,0,0.0,0,0.0,0.0,724,308.0,0,0,0.0,771.0,336.0,0,0,0.0,744.0,319.0,0.0,0.0,0.0,396,0,3876,1,0.0,0.0,0.0,0.0,0.0,0.0,0.0,0.0,0.0,0.0,0.0,771.0,336.0,0.0,768.0,336.0,0.0,762.0,334.0,0.0,771.0,336.0,,,,24,,Luis,Sinisterra Lucumí,Sinisterra,Has joined Cruzeiro on loan for the rest of the season.,,0,0,0,0,0,0,0,0,0,0,0,0,0,,,,0.0,0.0,0.0,0.0,0.0,0,0,0
92,a,100.0,100.0,4.5,428,256.0,0,0.0,0,0.0,0.1,539,192.0,0,0,0.0,687.0,271.0,0,0,0.0,637.0,237.0,0.0,0.0,0.0,4243,61,19177,28,0.0,0.0,0.0,0.0,0.0,0.0,0.0,0.0,0.0,0.0,0.0,682.0,266.0,0.0,679.0,269.0,0.0,658.0,261.0,0.0,684.0,268.0,,,,24,,Romain,Faivre,Faivre,,,0,0,0,0,0,0,0,0,0,0,0,0,0,,,,0.0,0.0,0.0,0.0,0.0,0,0,0
93,u,0.0,0.0,4.5,423,253.0,0,0.0,0,0.0,0.3,325,109.0,4,0,4.0,65.0,30.0,0,12,0.0,633.0,234.0,0.0,0.9,0.0,114900,0,164650,47,0.0,0.0,0.0,0.0,0.0,0.4,0.0,0.0,0.0,2.25,21.2,428.0,189.0,10.0,410.0,203.0,0.0,654.0,258.0,3.1,445.0,202.0,,,,24,,Hamed,Traorè,H.Traorè,has joined Marseille on loan for the rest of the season.,,16,0,1,0,2,0,0,0,0,0,0,0,4,,,,0.0,0.0,11.25,0.0,22.5,1,1,2
94,u,0.0,0.0,4.5,462,281.0,0,0.0,0,0.0,0.0,634,254.0,0,0,0.0,708.0,291.0,0,0,0.0,659.0,258.0,0.0,0.0,0.0,3895,0,8135,4,0.0,0.0,0.0,0.0,0.0,0.0,0.0,0.0,0.0,0.0,0.0,704.0,287.0,0.0,701.0,289.0,0.0,681.0,281.0,0.0,705.0,288.0,,,,24,,Dominic,Sadi,Sadi,has joined Novi Pazar on loan for the rest of the season.,,0,0,0,0,0,0,0,0,0,0,0,0,0,,,,0.0,0.0,0.0,0.0,0.0,0,0,0
95,u,0.0,0.0,4.4,547,329.0,0,0.0,-1,1.0,0.1,570,210.0,0,0,0.0,663.0,258.0,0,0,0.0,607.0,221.0,0.0,0.0,0.0,15405,0,21332,20,0.0,0.0,0.0,0.0,0.0,0.0,0.0,0.0,0.0,0.0,0.0,655.0,250.0,0.0,652.0,255.0,0.0,627.0,244.0,0.0,657.0,252.0,,,,24,,Zain,Silcott-Duberry,Silcott-Duberry,has joined Olympiakos permanently.,,0,0,0,0,0,0,0,0,0,0,0,0,0,,,,0.0,0.0,0.0,0.0,0.0,0,0,0
96,u,0.0,0.0,4.5,492,303.0,0,0.0,0,0.0,0.0,632,252.0,1,0,1.0,467.0,213.0,0,3,0.0,685.0,277.0,0.0,0.2,0.0,2964,0,9927,6,0.0,0.0,0.0,0.0,0.0,0.31,0.0,0.0,0.0,4.65,0.0,730.0,306.0,0.0,725.0,306.0,0.0,708.0,301.0,0.0,730.0,306.0,,,,24,,Ben,Winterburn,Winterburn,has joined Barnet on loan for the rest of the season.,,6,0,0,0,2,0,0,0,0,0,0,0,0,,,,0.0,0.0,30.0,0.0,0.0,0,0,0
97,a,100.0,100.0,7.1,35,14.0,0,0.0,1,-1.0,3.6,92,17.0,74,2,3.4,133.0,12.0,5,263,5.0,27.0,7.0,0.7,10.4,0.0,1024340,5685,839379,16182,5.0,5.0,6.66,0.8,7.46,22.41,0.36,0.04,0.4,1.21,236.6,199.0,15.0,242.5,99.0,3.0,520.0,18.0,10.0,99.6,53.0,11.0,,,,24,,Francisco Evanilson,de Lima Barbosa,Evanilson,,,1670,5,3,6,31,0,0,0,1,0,0,19,73,,,,0.0,0.32,1.67,1.02,3.93,7,21,45
98,a,100.0,100.0,5.4,161,41.0,0,0.0,-1,1.0,0.0,608,80.0,15,1,1.4,410.0,50.0,1,44,0.8,307.0,39.0,0.1,2.8,0.0,11320,147,9269,102,0.8,0.8,0.96,0.05,1.01,2.14,0.74,0.04,0.78,1.65,39.0,402.0,44.0,4.4,431.0,55.0,55.0,292.0,49.0,9.5,401.0,49.0,,,,24,,Enes,Ünal,Enes Ünal,,,117,1,0,0,2,0,0,0,1,0,0,0,6,,,,0.0,0.0,1.54,0.0,4.62,0,3,3
99,u,0.0,0.0,4.4,561,81.0,0,0.0,-1,1.0,0.1,425,62.0,0,0,0.0,673.0,73.0,0,0,0.0,618.0,63.0,0.0,0.0,0.0,22144,0,43932,37,0.0,0.0,0.0,0.0,0.0,0.0,0.0,0.0,0.0,0.0,0.0,667.0,73.0,0.0,663.0,72.0,0.0,639.0,72.0,0.0,669.0,73.0,,,,24,,Daniel,Adu-Adjei,Adu-Adjei,has joined HNK Rijeka permanently.,,0,0,0,0,0,0,0,0,0,0,0,0,0,,,,0.0,0.0,0.0,0.0,0.0,0,0,0
100,a,,,4.7,390,64.0,1,-1.0,2,-2.0,5.8,66,13.0,64,7,3.4,128.0,11.0,7,298,4.4,39.0,8.0,0.9,13.6,0.0,1441978,33209,875779,5092,4.4,4.4,3.73,0.41,4.14,11.89,0.43,0.05,0.48,1.39,312.6,138.0,13.0,117.9,204.0,21.0,294.0,60.0,21.0,72.5,116.0,16.0,,,,24,,Junior,Kroupi,Kroupi.Jr,,,772,8,0,4,16,0,0,0,3,0,0,10,56,,,,0.0,0.47,1.87,1.17,6.53,6,22,28
391,i,0.0,0.0,4.8,369,230.0,0,0.0,-2,2.0,0.0,631,251.0,7,0,1.8,357.0,160.0,0,22,0.0,713.0,297.0,0.0,1.5,0.0,4578,2,7974,15,0.0,0.0,0.09,0.09,0.18,2.66,0.15,0.15,0.3,4.52,21.2,429.0,190.0,14.0,394.0,196.0,11.0,382.0,192.0,4.7,437.0,198.0,,,,24,,Ben,Gannon-Doak,Gannon-Doak,Hamstring injury - Unknown return date,,53,0,1,0,1,0,0,0,0,0,0,0,3,,,,0.0,0.0,1.7,0.0,5.09,2,1,0
685,a,100.0,100.0,4.2,632,148.0,0,0.0,-3,3.0,0.3,314,117.0,46,1,2.6,240.0,92.0,2,164,0.6,316.0,116.0,0.1,11.0,0.0,96169,158,91237,269,0.6,0.6,0.02,0.19,0.21,22.47,0.0,0.01,0.01,1.59,267.0,177.0,74.0,54.3,308.0,102.0,22.0,355.0,119.0,34.4,278.0,91.0,,,,24,,Bafodé,Diakité,Diakité,,,1275,0,0,4,27,0,0,0,1,0,0,15,147,,,,0.0,0.28,1.91,1.06,8.26,20,97,48
687,a,,,4.3,616,360.0,0,0.0,-2,2.0,0.1,433,145.0,0,0,0.0,646.0,247.0,0,0,0.0,586.0,209.0,0.0,0.0,0.0,14946,494,15596,139,0.0,0.0,0.0,0.0,0.0,0.0,0.0,0.0,0.0,0.0,0.0,637.0,238.0,0.0,634.0,243.0,0.0,608.0,232.0,0.0,639.0,240.0,,,,24,,Remy,Rees-Dottin,Rees-Dottin,,,0,0,0,0,0,0,0,0,0,0,0,0,0,,,,0.0,0.0,0.0,0.0,0.0,0,0,0
697,a,,,5.4,177,109.0,0,0.0,-1,1.0,0.2,365,122.0,43,5,2.1,317.0,141.0,1,151,4.4,42.0,21.0,0.8,8.0,0.0,32430,1750,10812,548,4.4,4.4,1.68,0.57,2.25,10.3,0.23,0.08,0.31,1.4,191.8,240.0,99.0,135.7,187.0,126.0,178.0,125.0,72.0,49.9,211.0,108.0,,6.0,,24,,Amine,Adli,Adli,,,664,2,2,2,12,0,0,0,2,0,0,6,84,,,,0.0,0.27,1.63,0.81,11.39,25,21,38
713,a,,,4.5,464,92.0,0,0.0,0,0.0,0.2,366,133.0,45,5,2.2,298.0,114.0,0,154,3.0,113.0,38.0,0.7,10.0,0.0,35771,1245,13265,234,3.0,3.0,0.93,0.78,1.71,25.43,0.06,0.05,0.11,1.62,244.2,192.0,77.0,120.8,201.0,50.0,153.0,147.0,27.0,51.8,200.0,65.0,,,,24,,Álex,Jiménez Sánchez,A.Jimenez,,,1412,1,2,3,30,0,0,0,6,0,0,16,98,,,,0.0,0.19,1.91,1.02,5.29,35,48,72
721,a,100.0,100.0,4.4,564,119.0,0,0.0,-1,1.0,0.0,654,227.0,19,0,2.7,227.0,90.0,0,63,0.4,348.0,131.0,0.1,4.3,0.0,5970,16,5584,17,0.4,0.4,0.15,0.19,0.34,4.42,0.04,0.05,0.09,1.08,98.4,328.0,127.0,13.9,395.0,145.0,10.0,383.0,138.0,12.2,386.0,137.0,,,,24,,Veljko,Milosavljevic,Milosavljević,,,367,0,0,1,6,0,0,0,0,0,0,4,42,,,,0.0,0.25,1.47,0.98,9.56,5,34,13
756,a,,,4.5,510,316.0,0,0.0,0,0.0,0.0,739,316.0,0,0,0.0,742.0,316.0,0,0,0.0,698.0,288.0,0.0,0.0,0.0,1316,15,820,13,0.0,0.0,0.0,0.0,0.0,0.0,0.0,0.0,0.0,0.0,0.0,742.0,316.0,0.0,737.0,316.0,0.0,721.0,312.0,0.0,742.0,316.0,,,,24,,Malcom,DaCosta,DaCosta,,,0,0,0,0,0,0,0,0,0,0,0,0,0,,,,0.0,0.0,0.0,0.0,0.0,0,0,0
782,a,,,4.0,653,40.0,0,0.0,0,0.0,0.0,705,82.0,0,0,0.0,559.0,61.0,0,0,0.0,482.0,55.0,0.0,0.0,0.0,1411,80,332,32,0.0,0.0,0.0,0.0,0.0,0.0,0.0,0.0,0.0,0.0,0.0,549.0,61.0,0.0,539.0,47.0,0.0,505.0,32.0,0.0,551.0,61.0,,,,24,,Fraser,Forster,Forster,,,0,0,0,0,0,0,0,0,0,0,0,0,0,,,,0.0,0.0,0.0,0.0,0.0,0,0,0
799,a,,,4.5,507,313.0,0,0.0,0,0.0,0.0,798,354.0,0,0,0.0,740.0,314.0,0,0,0.0,696.0,286.0,0.0,0.0,0.0,148,16,30,5,0.0,0.0,0.0,0.0,0.0,0.0,0.0,0.0,0.0,0.0,0.0,740.0,314.0,0.0,735.0,314.0,0.0,718.0,309.0,0.0,740.0,314.0,,,,24,,Charlie,Stevens,Stevens,,,0,0,0,0,0,0,0,0,0,0,0,0,0,,,,0.0,0.0,0.0,0.0,0.0,0,0,0
801,a,,,5.0,281,173.0,0,0.0,0,0.0,0.0,759,328.0,2,1,1.0,480.0,223.0,0,7,1.0,285.0,127.0,0.2,0.4,0.0,623,17,105,28,1.0,1.0,0.06,0.0,0.06,0.39,0.6,0.0,0.6,3.9,1.2,481.0,221.0,0.4,463.0,224.0,4.0,420.0,208.0,0.5,475.0,218.0,,,,24,,Alex,Tóth,Tóth.A,,,9,0,0,0,0,0,0,0,0,0,0,0,5,,,,0.0,0.0,0.0,0.0,50.0,1,1,3
806,a,,,4.0,671,50.0,0,0.0,0,0.0,0.0,790,91.0,0,0,0.0,572.0,68.0,0,0,0.0,495.0,62.0,0.0,0.0,0.0,202,32,26,1,1.4,1.4,0.0,0.0,0.0,0.0,0.0,0.0,0.0,0.0,0.0,562.0,68.0,0.0,555.0,57.0,0.0,522.0,42.0,0.0,564.0,68.0,,,,24,,Christos,Mandas,Mandas,,,0,0,0,0,0,0,0,0,0,0,0,0,0,,,,0.0,0.0,0.0,0.0,0.0,0,0,0
807,a,,,5.5,152,95.0,0,0.0,0,0.0,0.0,638,256.0,4,4,4.0,70.0,33.0,0,17,4.0,56.0,25.0,0.7,0.7,0.0,4227,1442,397,91,2.1,2.1,0.0,0.6,0.6,0.8,0.0,2.45,2.45,3.27,23.0,425.0,188.0,22.8,373.0,192.0,2.0,439.0,216.0,4.8,436.0,197.0,,,,24,,Rayan Vitor,Simplício Rocha,Rayan,,,22,0,1,0,0,0,0,0,0,0,0,0,2,,,,0.0,0.0,0.0,0.0,8.18,0,1,1
27,a,100.0,100.0,4.8,355,222.0,0,0.0,-2,2.0,0.1,478,166.0,6,0,1.0,471.0,217.0,0,19,0.2,400.0,182.0,0.0,1.2,0.0,9957,42,17401,54,0.2,0.2,0.61,0.07,0.68,1.21,1.1,0.13,1.23,2.18,16.4,435.0,195.0,4.0,435.0,210.0,16.0,372.0,188.0,3.4,444.0,201.0,,,,24,,Reiss,Nelson,Nelson,,,50,0,0,0,1,0,0,0,0,0,0,0,17,,,,0.0,0.0,1.8,0.0,30.6,2,3,12
83,a,100.0,100.0,5.8,112,70.0,0,0.0,-2,2.0,0.3,303,103.0,74,8,4.1,60.0,27.0,8,204,2.0,193.0,85.0,0.3,12.8,0.0,454357,766,446238,268,2.0,2.0,4.61,1.1,5.71,15.98,0.35,0.08,0.43,1.21,236.0,200.0,87.0,139.6,179.0,120.0,373.0,36.0,20.0,74.3,109.0,58.0,2.0,,,24,,Dango,Ouattara,O.Dango,,,1186,4,4,3,16,0,0,0,3,0,0,13,108,,,,0.0,0.23,1.21,0.99,8.2,13,45,50
101,a,100.0,100.0,4.6,395,19.0,0,0.0,1,-1.0,10.0,43,6.0,93,10,3.9,74.0,5.0,6,354,5.4,18.0,1.0,1.2,20.2,0.0,906480,7920,895609,5103,5.4,5.4,0.0,0.04,0.04,33.22,0.0,0.0,0.0,1.38,568.0,20.0,6.0,20.0,382.0,4.0,0.0,725.0,77.0,58.9,166.0,5.0,,,,24,,Caoimhín,Kelleher,Kelleher,,,2160,0,0,6,32,0,3,0,1,0,66,24,95,,,,2.75,0.25,1.33,1.0,0.0,1,30,186
102,a,,,3.9,746,78.0,0,0.0,-1,1.0,0.3,332,45.0,0,0,0.0,534.0,46.0,0,0,0.0,457.0,40.0,0.0,0.0,0.0,14837,76,22536,69,0.0,0.0,0.0,0.0,0.0,0.0,0.0,0.0,0.0,0.0,0.0,524.0,46.0,0.0,514.0,32.0,0.0,479.0,17.0,0.0,526.0,46.0,,,,24,,Ellery,Balcombe,Balcombe,,,0,0,0,0,0,0,0,0,0,0,0,0,0,,,,0.0,0.0,0.0,0.0,0.0,0,0,0
103,u,0.0,0.0,3.9,763,86.0,0,0.0,-1,1.0,0.2,408,61.0,0,0,0.0,546.0,54.0,0,0,0.0,469.0,48.0,0.0,0.0,0.0,11791,0,12905,152,0.0,0.0,0.0,0.0,0.0,0.0,0.0,0.0,0.0,0.0,0.0,536.0,54.0,0.0,526.0,40.0,0.0,491.0,25.0,0.0,538.0,54.0,,,,24,,Matthew,Cox,Cox,has joined Shrewsbury Town on loan for the rest of the season.,,0,0,0,0,0,0,0,0,0,0,0,0,0,,,,0.0,0.0,0.0,0.0,0.0,0,0,0
104,a,,,3.9,767,88.0,0,0.0,-1,1.0,0.1,448,67.0,0,0,0.0,550.0,56.0,0,0,0.0,473.0,50.0,0.0,0.0,0.0,12560,29,9311,84,0.0,0.0,0.0,0.0,0.0,0.0,0.0,0.0,0.0,0.0,0.0,540.0,56.0,0.0,530.0,42.0,0.0,495.0,27.0,0.0,542.0,56.0,,,,24,,Julian,Eyestone,Eyestone,,,0,0,0,0,0,0,0,0,0,0,0,0,0,,,,0.0,0.0,0.0,0.0,0.0,0,0,0
105,a,,,3.9,764,87.0,0,0.0,-1,1.0,0.6,229,29.0,0,0,0.0,547.0,55.0,0,0,0.0,470.0,49.0,0.0,0.0,0.0,36575,54,68675,186,0.0,0.0,0.0,0.0,0.0,0.0,0.0,0.0,0.0,0.0,0.0,537.0,55.0,0.0,527.0,41.0,0.0,492.0,26.0,0.0,539.0,55.0,,,,24,,Hákon Rafn,Valdimarsson,Valdimarsson,,,0,0,0,0,0,0,0,0,0,0,0,0,0,,,,0.0,0.0,0.0,0.0,0.0,0,0,0
106,a,,,5.0,257,40.0,0,0.0,0,0.0,3.8,87,30.0,92,1,3.8,89.0,32.0,7,315,5.2,23.0,3.0,1.0,18.4,0.0,592312,4941,315425,8874,5.2,5.2,1.47,0.88,2.35,31.0,0.07,0.04,0.11,1.38,641.2,8.0,4.0,103.9,224.0,60.0,242.0,78.0,5.0,98.9,56.0,10.0,,,,24,,Nathan,Collins,Collins,,,2027,1,2,5,31,1,0,0,4,0,0,22,265,,,,0.0,0.22,1.38,0.98,10.35,23,210,92
107,a,,,4.9,320,53.0,0,0.0,-1,1.0,1.9,134,53.0,68,1,3.1,174.0,69.0,3,184,1.8,207.0,75.0,0.4,13.9,0.0,404136,560,216248,5577,1.8,1.8,1.32,0.95,2.27,16.8,0.13,0.09,0.22,1.62,180.0,250.0,101.0,150.9,168.0,42.0,152.0,148.0,28.0,48.3,216.0,71.0,,,,24,,Keane,Lewis-Potter,Lewis-Potter,,,935,2,1,6,15,0,0,0,1,0,0,10,55,,,,0.0,0.58,1.44,0.96,3.47,13,23,37
108,d,75.0,75.0,4.4,519,102.0,0,0.0,-1,1.0,0.2,383,140.0,55,7,3.1,167.0,66.0,1,158,3.6,70.0,24.0,0.8,12.5,0.0,23458,55,27079,290,2.7,2.7,0.71,0.59,1.3,19.03,0.05,0.04,0.09,1.44,275.8,169.0,71.0,30.9,363.0,129.0,131.0,174.0,38.0,43.9,232.0,79.0,,,,24,,Kristoffer,Ajer,Ajer,Ankle injury - 75% chance of playing,,1187,0,2,4,18,0,0,0,2,0,0,14,138,,,,0.0,0.3,1.36,1.06,9.93,25,106,34
109,a,,,4.3,576,127.0,0,0.0,-2,2.0,0.2,400,147.0,43,6,2.1,307.0,116.0,0,117,3.2,93.0,32.0,0.7,10.0,0.0,16724,233,18559,122,3.2,3.2,0.18,0.42,0.6,18.75,0.02,0.04,0.06,1.79,90.0,339.0,129.0,39.4,342.0,119.0,27.0,340.0,110.0,15.6,366.0,129.0,,,,24,,Rico,Henry,Henry,,,942,0,1,4,14,0,0,0,2,0,0,9,61,,,,0.0,0.38,1.34,0.86,4.87,12,39,56
110,a,,,4.5,493,95.0,0,0.0,0,0.0,0.7,222,85.0,70,5,2.9,203.0,79.0,6,333,2.6,146.0,49.0,0.6,15.6,0.0,161214,585,109979,736,2.6,2.6,0.19,2.26,2.45,32.51,0.01,0.1,0.11,1.4,397.8,82.0,36.0,353.7,46.0,6.0,71.0,261.0,76.0,82.4,90.0,21.0,,,,24,,Michael,Kayode,Kayode,,,2088,0,1,6,31,0,0,0,6,0,0,24,194,,,,0.0,0.26,1.34,1.03,6.42,48,101,110
111,a,100.0,100.0,4.2,630,147.0,0,0.0,-3,3.0,0.1,453,166.0,4,0,1.3,412.0,151.0,0,21,0.0,548.0,231.0,0.0,1.0,0.0,11121,80,25411,79,0.0,0.0,0.0,0.06,0.06,3.18,0.0,0.02,0.02,1.26,62.8,376.0,146.0,1.1,450.0,164.0,12.0,378.0,136.0,7.6,414.0,149.0,,,,24,,Ethan,Pinnock,Pinnock,,,228,0,0,0,5,1,0,0,1,0,0,3,33,,,,0.0,0.0,1.97,1.18,11.45,4,25,9
112,u,0.0,0.0,4.5,420,82.0,0,0.0,0,0.0,0.0,696,239.0,0,0,0.0,683.0,253.0,0,0,0.0,631.0,249.0,0.0,0.0,0.0,211,0,3907,1,0.0,0.0,0.0,0.0,0.0,0.0,0.0,0.0,0.0,0.0,0.0,678.0,253.0,0.0,674.0,253.0,0.0,652.0,252.0,0.0,680.0,253.0,,,,24,,Mads,Roerslev Rasmussen,Roerslev,Has joined Southampton permanently.,,0,0,0,0,0,0,0,0,0,0,0,0,0,,,,0.0,0.0,0.0,0.0,0.0,0,0,0
113,a,100.0,100.0,4.5,429,85.0,0,0.0,0,0.0,0.7,219,83.0,61,8,3.2,153.0,59.0,2,226,1.8,205.0,74.0,0.4,13.6,0.0,206873,328,185511,492,1.8,1.8,1.92,0.21,2.13,25.03,0.1,0.01,0.11,1.35,383.0,90.0,41.0,43.6,331.0,114.0,184.0,117.0,21.0,61.1,155.0,50.0,,,,24,,Sepp,van den Berg,Van den Berg,,,1673,0,0,4,26,0,0,0,1,0,0,18,198,,,,0.0,0.22,1.4,0.97,9.04,12,156,65
115,u,0.0,0.0,4.0,718,199.0,0,0.0,0,0.0,0.1,517,185.0,0,0,0.0,611.0,236.0,0,0,0.0,537.0,222.0,0.0,0.0,0.0,2020,0,14156,8,0.0,0.0,0.0,0.0,0.0,0.0,0.0,0.0,0.0,0.0,0.0,601.0,235.0,0.0,594.0,235.0,0.0,562.0,231.0,0.0,603.0,235.0,,,,24,,Benjamin,Fredrick,Fredrick,has joined Dender on loan for the rest of the season.,,0,0,0,0,0,0,0,0,0,0,0,0,0,,,,0.0,0.0,0.0,0.0,0.0,0,0,0
117,u,0.0,0.0,3.9,772,226.0,0,0.0,-1,1.0,0.1,505,182.0,0,0,0.0,555.0,203.0,0,0,0.0,478.0,186.0,0.0,0.0,0.0,4108,0,15372,14,0.0,0.0,0.0,0.0,0.0,0.0,0.0,0.0,0.0,0.0,0.0,545.0,202.0,0.0,535.0,202.0,0.0,500.0,195.0,0.0,547.0,202.0,,,,24,,Kim,Ji-soo,Ji-soo,has joined Kaiserslautern on loan for the rest of the season.,,0,0,0,0,0,0,0,0,0,0,0,0,0,,,,0.0,0.0,0.0,0.0,0.0,0,0,0
118,u,0.0,0.0,4.0,690,177.0,0,0.0,0,0.0,0.0,605,216.0,0,0,0.0,588.0,219.0,0,0,0.0,512.0,203.0,0.0,0.0,0.0,279,0,10902,7,0.0,0.0,0.0,0.0,0.0,0.0,0.0,0.0,0.0,0.0,0.0,578.0,218.0,0.0,571.0,218.0,0.0,538.0,213.0,0.0,580.0,218.0,,,,24,,Jayden,Meghoma,Meghoma,Has joined Rangers on loan for the rest of the season.,,0,0,0,0,0,0,0,0,0,0,0,0,0,,,,0.0,0.0,0.0,0.0,0.0,0,0,0
120,a,100.0,100.0,7.1,38,22.0,0,0.0,1,-1.0,2.4,116,38.0,86,-2,3.7,102.0,49.0,5,292,2.6,157.0,72.0,0.4,12.1,0.0,740147,1197,489421,24217,2.6,2.6,8.61,1.72,10.33,25.29,0.42,0.08,0.5,1.23,432.0,63.0,19.0,304.7,66.0,50.0,613.0,9.0,3.0,134.6,18.0,14.0,,,3.0,24,,Kevin,Schade,Schade,,,1857,6,4,7,22,0,0,1,6,1,0,22,142,,,,0.0,0.34,1.07,1.07,6.88,30,44,68
121,d,75.0,75.0,5.7,119,74.0,0,0.0,-3,3.0,0.5,258,87.0,61,0,3.0,194.0,85.0,3,264,2.0,191.0,84.0,0.4,10.7,0.0,97895,21,164188,1006,1.5,1.5,1.13,3.63,4.76,19.46,0.08,0.26,0.34,1.38,298.4,154.0,57.0,454.8,22.0,21.0,172.0,128.0,74.0,92.6,63.0,42.0,1.0,3.0,,24,,Mikkel,Damsgaard,Damsgaard,Knee injury - 75% chance of playing,,1272,1,3,2,22,0,0,0,0,0,0,15,142,,,,0.0,0.14,1.56,1.06,10.05,35,27,80
122,i,0.0,0.0,5.2,219,136.0,0,0.0,-3,3.0,0.0,648,263.0,1,0,1.0,483.0,226.0,0,5,0.0,766.0,338.0,0.0,0.2,0.0,1986,5,6859,4,0.0,0.0,0.0,0.01,0.01,1.49,0.0,0.02,0.02,2.98,4.0,463.0,212.0,1.8,443.0,213.0,0.0,779.0,346.0,0.6,473.0,217.0,,,,24,,Antoni,Milambo,Milambo,Knee injury - Expected back 01 Jun,,45,0,0,0,3,0,0,0,0,0,0,1,4,,,,0.0,0.0,6.0,2.0,8.0,2,0,2
123,i,0.0,0.0,4.7,384,240.0,0,0.0,-3,3.0,0.1,456,155.0,13,0,2.2,299.0,129.0,1,42,0.0,703.0,292.0,0.0,2.8,0.0,27152,5,50887,59,0.0,0.0,0.7,0.03,0.73,2.08,0.63,0.03,0.66,1.87,39.0,401.0,176.0,6.5,427.0,208.0,36.0,323.0,169.0,8.1,411.0,186.0,4.0,,4.0,24,,Fábio,Freitas Gouveia Carvalho,Carvalho,Knee injury - Expected back 01 Jun,,100,1,0,0,4,0,0,0,0,0,0,1,8,,,,0.0,0.0,3.6,0.9,7.2,3,0,5
124,a,100.0,100.0,5.0,241,148.0,0,0.0,0,0.0,0.4,287,95.0,60,1,2.7,231.0,98.0,5,263,0.8,302.0,134.0,0.2,12.0,0.0,95091,297,93855,425,0.8,0.8,0.33,2.02,2.35,19.67,0.02,0.13,0.15,1.25,272.8,172.0,67.0,273.7,81.0,59.0,41.0,314.0,164.0,58.7,168.0,91.0,,,,24,,Jordan,Henderson,Henderson,,,1416,1,3,4,21,0,0,0,4,0,0,16,132,,,,0.0,0.25,1.33,1.02,8.39,20,41,71
125,a,100.0,100.0,4.9,302,187.0,0,0.0,-1,1.0,0.3,311,105.0,59,4,3.1,173.0,74.0,3,246,5.0,25.0,14.0,1.0,12.0,0.0,55649,489,19898,954,5.0,5.0,0.57,1.79,2.36,16.13,0.05,0.16,0.21,1.41,271.4,173.0,68.0,269.6,84.0,62.0,68.0,265.0,143.0,60.6,160.0,88.0,5.0,,,24,,Vitaly,Janelt,Janelt,,,1028,0,4,5,11,0,0,0,5,0,0,10,142,,,,0.0,0.44,0.96,0.88,12.43,21,59,62
126,a,,,4.9,305,189.0,0,0.0,-1,1.0,0.1,511,181.0,48,3,2.2,300.0,130.0,0,218,2.6,150.0,67.0,0.5,9.8,0.0,13173,82,15880,71,2.6,2.6,1.31,2.79,4.1,15.79,0.12,0.25,0.37,1.39,189.2,245.0,103.0,256.9,92.0,69.0,111.0,202.0,110.0,55.6,183.0,99.0,3.0,,5.0,24,,Mathias,Jensen,Jensen,,,1019,2,0,5,13,0,0,0,1,0,0,12,93,,,,0.0,0.44,1.15,1.06,8.21,19,24,50
127,u,0.0,0.0,4.9,344,214.0,0,0.0,-1,1.0,0.0,693,293.0,0,0,0.0,767.0,333.0,0,0,0.0,738.0,315.0,0.0,0.0,0.0,1544,0,2065,28,0.0,0.0,0.0,0.0,0.0,0.0,0.0,0.0,0.0,0.0,0.0,767.0,333.0,0.0,763.0,333.0,0.0,755.0,331.0,0.0,767.0,333.0,,,,24,,Gustavo,Nunes Fernandes Gomes,Nunes,has joined Swansea City on loan for the rest of the season.,,0,0,0,0,0,0,0,0,0,0,0,0,0,,,,0.0,0.0,0.0,0.0,0.0,0,0,0
128,a,100.0,100.0,4.8,364,226.0,0,0.0,-2,2.0,0.0,595,225.0,12,0,2.0,324.0,144.0,0,41,0.0,711.0,296.0,0.0,2.5,0.0,5385,25,8542,31,0.0,0.0,0.0,0.36,0.36,2.02,0.0,0.37,0.37,2.07,28.4,416.0,186.0,13.6,396.0,197.0,4.0,418.0,206.0,4.6,439.0,199.0,,,,24,,Frank,Onyeka,Onyeka,,,88,0,2,0,2,0,0,0,0,0,0,0,10,,,,0.0,0.0,2.05,0.0,10.23,2,3,5
129,a,100.0,100.0,5.0,274,167.0,0,0.0,0,0.0,0.1,445,152.0,71,1,3.0,192.0,83.0,0,302,3.4,83.0,35.0,0.7,14.2,0.0,22221,161,16805,226,3.4,3.4,1.19,1.08,2.27,27.45,0.06,0.06,0.12,1.4,295.2,156.0,58.0,195.6,132.0,94.0,108.0,210.0,114.0,59.9,162.0,89.0,,,,24,,Yehor,Yarmoliuk,Yarmoliuk,,,1764,1,2,5,28,0,0,0,5,0,0,21,223,,,,0.0,0.26,1.43,1.07,11.38,47,49,127
130,a,,,4.4,563,338.0,0,0.0,-1,1.0,0.1,479,167.0,1,0,1.0,457.0,204.0,0,4,0.2,387.0,172.0,0.0,0.2,0.0,13266,60,17152,73,0.2,0.2,0.05,0.01,0.06,0.0,4.5,0.9,5.4,0.0,3.0,466.0,214.0,10.5,405.0,200.0,4.0,414.0,204.0,1.8,454.0,206.0,,,,24,,Romelle,Donovan,Donovan,,,1,0,0,0,0,0,0,0,0,0,0,0,1,,,,0.0,0.0,0.0,0.0,90.0,0,0,1
131,u,0.0,0.0,4.3,620,364.0,0,0.0,-2,2.0,0.2,390,133.0,0,0,0.0,649.0,250.0,0,0,0.0,589.0,212.0,0.0,0.0,0.0,38108,0,41630,247,0.0,0.0,0.0,0.0,0.0,0.0,0.0,0.0,0.0,0.0,0.0,640.0,241.0,0.0,637.0,246.0,0.0,611.0,235.0,0.0,642.0,243.0,,,,24,,Yunus Emre,Konak,Konak,has joined Oxford United on loan for the rest of the season.,,0,0,0,0,0,0,0,0,0,0,0,0,0,,,,0.0,0.0,0.0,0.0,0.0,0,0,0
132,u,0.0,0.0,4.5,418,251.0,0,0.0,0,0.0,0.0,653,267.0,0,0,0.0,682.0,267.0,0,0,0.0,629.0,232.0,0.0,0.0,0.0,4038,0,4858,96,0.0,0.0,0.0,0.0,0.0,0.0,0.0,0.0,0.0,0.0,0.0,677.0,262.0,0.0,673.0,265.0,0.0,650.0,256.0,0.0,679.0,264.0,,,,24,,Paris,Maghoma,Maghoma,has joined Norwich City permanently.,,0,0,0,0,0,0,0,0,0,0,0,0,0,,,,0.0,0.0,0.0,0.0,0.0,0,0,0
133,u,0.0,0.0,4.4,537,321.0,0,0.0,-1,1.0,0.0,622,243.0,1,0,1.0,453.0,200.0,0,2,0.2,384.0,169.0,0.0,0.2,0.0,3881,0,6064,38,0.0,0.0,0.0,0.0,0.0,0.0,0.0,0.0,0.0,0.0,0.0,648.0,243.0,0.0,645.0,248.0,0.0,620.0,237.0,0.0,650.0,245.0,,,,24,,Myles,Peart-Harris,Peart-Harris,has joined Oxford United permanently.,,1,0,0,0,0,0,0,0,0,0,0,0,0,,,,0.0,0.0,0.0,0.0,0.0,0,0,0
134,u,0.0,0.0,4.5,485,298.0,0,0.0,0,0.0,0.0,769,333.0,0,0,0.0,724.0,302.0,0,0,0.0,678.0,272.0,0.0,0.0,0.0,0,0,939,0,0.0,0.0,0.0,0.0,0.0,0.0,0.0,0.0,0.0,0.0,0.0,723.0,301.0,0.0,718.0,301.0,0.0,701.0,296.0,0.0,723.0,301.0,,,,24,,Ryan,Trevitt,Trevitt,Has joined Wigan on loan for the rest of the season,,0,0,0,0,0,0,0,0,0,0,0,0,0,,,,0.0,0.0,0.0,0.0,0.0,0,0,0
136,a,100.0,100.0,7.1,37,16.0,-1,1.0,11,-11.0,35.1,6,3.0,126,2,5.2,10.0,2.0,18,511,7.0,2.0,1.0,1.0,17.7,0.0,7667744,23831,3435886,123608,7.0,7.0,13.19,0.86,14.05,31.94,0.59,0.04,0.63,1.42,697.2,5.0,2.0,203.0,129.0,6.0,786.0,2.0,2.0,168.6,5.0,2.0,,,2.0,24,,Igor Thiago,Nascimento Rodrigues,Thiago,,,2022,16,1,6,30,0,0,1,4,0,0,23,123,,,,0.0,0.27,1.34,1.02,5.47,19,49,55
137,u,0.0,0.0,4.4,549,76.0,0,0.0,-1,1.0,0.3,306,50.0,0,0,0.0,664.0,68.0,0,0,0.0,608.0,58.0,0.0,0.0,0.0,52422,0,78851,242,0.0,0.0,0.0,0.0,0.0,0.0,0.0,0.0,0.0,0.0,0.0,657.0,68.0,0.0,653.0,67.0,0.0,629.0,67.0,0.0,659.0,68.0,,,,24,,Iwan,Morgan,Morgan,has joined Shrewsbury on loan for the rest of the season.,,0,0,0,0,0,0,0,0,0,0,0,0,0,,,,0.0,0.0,0.0,0.0,0.0,0,0,0
748,i,0.0,0.0,4.9,298,184.0,0,0.0,-1,1.0,0.0,796,352.0,0,0,0.0,755.0,324.0,0,0,0.0,719.0,302.0,0.0,0.0,0.0,155,1,191,2,0.0,0.0,0.0,0.0,0.0,0.0,0.0,0.0,0.0,0.0,0.0,755.0,324.0,0.0,751.0,324.0,0.0,742.0,322.0,0.0,755.0,324.0,,,,24,,Josh,Dasilva,Dasilva,Knee injury - Unknown return date,,0,0,0,0,0,0,0,0,0,0,0,0,0,,,,0.0,0.0,0.0,0.0,0.0,0,0,0
797,a,,,4.5,486,69.0,0,0.0,0,0.0,0.0,756,90.0,0,0,0.0,725.0,77.0,0,0,0.0,679.0,67.0,0.0,0.0,0.0,461,54,114,24,0.0,0.0,0.0,0.0,0.0,0.0,0.0,0.0,0.0,0.0,0.0,724.0,77.0,0.0,719.0,76.0,0.0,702.0,76.0,0.0,724.0,77.0,,,,24,,Kaye,Furo,Furo,,,0,0,0,0,0,0,0,0,0,0,0,0,0,,,,0.0,0.0,0.0,0.0,0.0,0,0,0
810,a,,,4.5,467,284.0,0,0.0,0,0.0,0.0,810,364.0,0,0,0.0,710.0,292.0,0,0,0.0,662.0,260.0,0.0,0.0,0.0,4,4,0,0,1.3,1.3,0.0,0.0,0.0,0.0,0.0,0.0,0.0,0.0,0.0,708.0,290.0,0.0,704.0,291.0,0.0,685.0,284.0,0.0,709.0,291.0,,,,24,,Luka,Bentt,Bentt,,,0,0,0,0,0,0,0,0,0,0,0,0,0,,,,0.0,0.0,0.0,0.0,0.0,0,0,0
138,a,,,4.2,622,31.0,0,0.0,-3,3.0,0.2,340,47.0,0,0,0.0,620.0,84.0,0,0,0.0,546.0,78.0,0.0,0.0,0.0,9352,43,37947,97,0.0,0.0,0.0,0.0,0.0,0.0,0.0,0.0,0.0,0.0,0.0,611.0,84.0,0.0,604.0,73.0,0.0,572.0,58.0,0.0,613.0,84.0,,,,24,,Jason,Steele,Steele,,,0,0,0,0,0,0,0,0,0,0,0,0,0,,,,0.0,0.0,0.0,0.0,0.0,0,0,0
139,a,,,4.5,441,25.0,0,0.0,0,0.0,5.9,64,11.0,74,3,3.1,170.0,15.0,4,384,3.2,95.0,9.0,0.7,16.4,0.0,643077,2295,750732,3112,3.2,3.2,0.0,0.04,0.04,34.21,0.0,0.0,0.0,1.43,598.4,14.0,3.0,10.0,411.0,7.0,0.0,667.0,75.0,60.8,159.0,3.0,,,,24,,Bart,Verbruggen,Verbruggen,,,2160,0,0,5,32,1,1,0,3,0,67,24,102,,,,2.79,0.21,1.33,1.0,0.0,1,20,216
140,a,,,3.9,742,76.0,0,0.0,-1,1.0,0.3,309,41.0,0,0,0.0,532.0,44.0,0,0,0.0,455.0,38.0,0.0,0.0,0.0,16955,54,26474,112,0.0,0.0,0.0,0.0,0.0,0.0,0.0,0.0,0.0,0.0,0.0,522.0,44.0,0.0,512.0,30.0,0.0,477.0,15.0,0.0,524.0,44.0,,,,24,,Tom,McGill,McGill,,,0,0,0,0,0,0,0,0,0,0,0,0,0,,,,0.0,0.0,0.0,0.0,0.0,0,0,0
141,u,0.0,0.0,4.0,681,55.0,0,0.0,0,0.0,0.0,788,89.0,0,0,0.0,580.0,73.0,0,0,0.0,503.0,67.0,0.0,0.0,0.0,0,0,242,0,0.0,0.0,0.0,0.0,0.0,0.0,0.0,0.0,0.0,0.0,0.0,570.0,73.0,0.0,563.0,62.0,0.0,530.0,47.0,0.0,572.0,73.0,,,,24,,Carl,Rushworth,Rushworth,Has joined Coventry City on loan for the rest of the season.,,0,0,0,0,0,0,0,0,0,0,0,0,0,,,,0.0,0.0,0.0,0.0,0.0,0,0,0
142,u,0.0,0.0,4.0,669,48.0,0,0.0,0,0.0,0.0,789,90.0,0,0,0.0,570.0,66.0,0,0,0.0,493.0,60.0,0.0,0.0,0.0,0,0,197,0,0.0,0.0,0.0,0.0,0.0,0.0,0.0,0.0,0.0,0.0,0.0,560.0,66.0,0.0,553.0,55.0,0.0,520.0,40.0,0.0,562.0,66.0,,,,24,,Kjell,Scherpen,Scherpen,Has joined Union SG permanently,,0,0,0,0,0,0,0,0,0,0,0,0,0,,,,0.0,0.0,0.0,0.0,0.0,0,0,0
143,a,,,4.2,628,145.0,0,0.0,-3,3.0,0.1,501,180.0,15,0,3.0,184.0,71.0,2,61,1.2,263.0,95.0,0.3,3.6,0.0,5361,45,11970,53,1.2,1.2,0.05,0.19,0.24,3.49,0.02,0.07,0.09,1.37,68.2,368.0,140.0,37.1,346.0,121.0,12.0,377.0,135.0,11.8,389.0,139.0,,,,24,,Olivier,Boscagli,Boscagli,,,230,0,1,1,2,0,0,0,1,0,0,3,19,,,,0.0,0.39,0.78,1.17,7.43,4,15,15
144,u,0.0,0.0,4.2,642,153.0,0,0.0,-3,3.0,0.1,579,209.0,10,0,2.0,322.0,121.0,0,32,0.0,557.0,234.0,0.0,2.4,0.0,2735,0,7594,115,0.0,0.0,0.0,0.01,0.01,4.52,0.0,0.0,0.0,2.11,42.4,397.0,152.0,3.7,437.0,159.0,2.0,427.0,161.0,4.8,434.0,157.0,,,,24,,Diego,Coppola,Coppola,has joined Paris FC on loan for the rest of the season.,,193,0,0,1,3,0,0,0,2,0,0,2,19,,,,0.0,0.47,1.4,0.93,8.39,2,16,6
145,a,100.0,100.0,4.3,585,134.0,0,0.0,-2,2.0,1.9,135,54.0,56,6,2.8,215.0,83.0,6,212,1.8,203.0,72.0,0.4,13.0,0.0,246557,1380,682490,764,1.8,1.8,1.34,2.14,3.48,19.19,0.12,0.18,0.3,1.65,203.0,230.0,93.0,314.4,62.0,13.0,120.0,194.0,44.0,63.8,150.0,48.0,3.0,6.0,,24,,Maxim,De Cuyper,De Cuyper,,,1046,2,0,4,17,0,0,0,2,0,0,13,70,,,,0.0,0.34,1.46,1.12,3.96,16,30,48
146,a,100.0,100.0,4.5,405,72.0,0,0.0,0,0.0,1.0,190,75.0,57,4,2.5,256.0,100.0,0,285,3.6,71.0,25.0,0.8,12.7,0.0,138143,1335,181731,436,3.6,3.6,0.91,0.42,1.33,31.97,0.04,0.02,0.06,1.42,456.0,54.0,26.0,92.1,237.0,67.0,115.0,199.0,48.0,66.5,132.0,43.0,,1.0,,24,,Lewis,Dunk,Dunk,,,2025,0,1,4,31,0,0,0,8,0,0,22,213,,,,0.0,0.18,1.38,0.98,7.6,25,146,98
147,u,0.0,0.0,4.5,415,78.0,0,0.0,0,0.0,0.0,729,250.0,0,0,0.0,680.0,251.0,0,0,0.0,627.0,246.0,0.0,0.0,0.0,0,0,1968,0,0.0,0.0,0.0,0.0,0.0,0.0,0.0,0.0,0.0,0.0,0.0,675.0,251.0,0.0,671.0,251.0,0.0,648.0,249.0,0.0,677.0,251.0,,,,24,,Pervis,Estupiñán Tenorio,Estupiñan,Has joined AC Milan permanently,,0,0,0,0,0,0,0,0,0,0,0,0,0,,,,0.0,0.0,0.0,0.0,0.0,0,0,0
148,a,,,4.4,525,107.0,0,0.0,-1,1.0,0.4,276,103.0,61,2,2.7,226.0,89.0,4,293,3.2,94.0,33.0,0.7,13.9,0.0,71097,608,51591,504,3.2,3.2,1.35,2.19,3.54,29.76,0.06,0.11,0.17,1.43,316.8,134.0,59.0,315.4,61.0,12.0,146.0,156.0,32.0,78.1,99.0,28.0,2.0,,,24,,Ferdi,Kadıoğlu,F.Kadıoğlu,,,1870,0,1,5,27,0,0,0,4,0,0,20,134,,,,0.0,0.24,1.3,0.96,5.01,42,62,83
149,a,100.0,100.0,4.5,419,81.0,0,0.0,0,0.0,0.1,518,186.0,6,0,1.5,396.0,145.0,0,10,0.0,630.0,248.0,0.0,1.3,0.0,8197,54,9401,61,0.0,0.0,0.0,0.0,0.0,4.66,0.0,0.0,0.0,4.07,25.8,421.0,159.0,10.6,404.0,148.0,0.0,651.0,251.0,3.6,443.0,161.0,,,,24,,Igor Julio,dos Santos de Paulo,Igor,,,103,0,0,0,3,0,0,0,0,0,0,1,13,,,,0.0,0.0,2.62,0.87,11.36,0,13,3
150,u,0.0,0.0,4.4,527,109.0,0,0.0,-1,1.0,0.1,499,179.0,0,0,0.0,654.0,250.0,0,0,0.0,597.0,244.0,0.0,0.0,0.0,2778,0,38410,15,0.0,0.0,0.0,0.0,0.0,0.0,0.0,0.0,0.0,0.0,0.0,645.0,250.0,0.0,642.0,250.0,0.0,617.0,248.0,0.0,647.0,250.0,,,,24,,Tariq,Lamptey,Lamptey,has joined Fiorentina permanently.,,0,0,0,0,0,0,0,0,0,0,0,0,0,,,,0.0,0.0,0.0,0.0,0.0,0,0,0
151,a,100.0,100.0,4.5,437,87.0,0,0.0,0,0.0,4.4,81,27.0,87,2,3.8,87.0,30.0,6,334,3.6,72.0,26.0,0.8,19.3,0.0,880051,5756,474683,4448,3.6,3.6,2.05,0.9,2.94,32.83,0.09,0.04,0.13,1.43,673.6,7.0,3.0,134.7,189.0,47.0,226.0,85.0,7.0,103.7,45.0,3.0,,,,24,,Jan Paul,van Hecke,Van Hecke,,,2070,3,2,4,32,1,0,0,6,0,0,23,222,,,,0.0,0.17,1.39,1.0,8.35,32,160,72
152,a,100.0,100.0,4.3,570,122.0,0,0.0,-2,2.0,0.1,413,151.0,30,1,2.3,282.0,109.0,1,113,1.8,200.0,70.0,0.4,7.0,0.0,21023,92,33072,175,1.8,1.8,0.99,0.1,1.09,12.58,0.13,0.01,0.14,1.63,195.8,234.0,95.0,68.7,277.0,88.0,59.0,282.0,85.0,32.4,286.0,96.0,,,,24,,Joël,Veltman,Veltman,,,693,1,0,1,11,0,0,0,3,0,0,7,90,,,,0.0,0.13,1.43,0.91,10.13,27,51,29
153,i,0.0,0.0,4.4,518,101.0,0,0.0,-1,1.0,0.0,742,252.0,0,0,0.0,651.0,248.0,0,0,0.0,593.0,241.0,0.0,0.0,0.0,804,2,1586,11,0.0,0.0,0.0,0.0,0.0,0.0,0.0,0.0,0.0,0.0,0.0,642.0,248.0,0.0,639.0,248.0,0.0,614.0,246.0,0.0,644.0,248.0,,,,24,,Adam,Webster,Webster,Knee injury - Unknown return date,,0,0,0,0,0,0,0,0,0,0,0,0,0,,,,0.0,0.0,0.0,0.0,0.0,0,0,0
154,u,0.0,0.0,4.0,672,167.0,0,0.0,0,0.0,0.0,762,258.0,0,0,0.0,573.0,212.0,0,0,0.0,496.0,195.0,0.0,0.0,0.0,0,0,772,1,0.0,0.0,0.0,0.0,0.0,0.0,0.0,0.0,0.0,0.0,0.0,563.0,211.0,0.0,556.0,211.0,0.0,523.0,206.0,0.0,565.0,211.0,,,,24,,Eiran,Cashin,Cashin,has joined Blackburn Rovers on loan for the rest of the season.,,0,0,0,0,0,0,0,0,0,0,0,0,0,,,,0.0,0.0,0.0,0.0,0.0,0,0,0
155,u,0.0,0.0,4.0,712,193.0,0,0.0,0,0.0,0.1,486,176.0,0,0,0.0,606.0,231.0,0,0,0.0,532.0,217.0,0.0,0.0,0.0,3175,0,16411,13,0.0,0.0,0.0,0.0,0.0,0.0,0.0,0.0,0.0,0.0,0.0,596.0,230.0,0.0,589.0,230.0,0.0,557.0,226.0,0.0,598.0,230.0,,,,24,,Jacob,Slater,Slater,has joined Harrogate Town on loan until January.,,0,0,0,0,0,0,0,0,0,0,0,0,0,,,,0.0,0.0,0.0,0.0,0.0,0,0,0
156,a,,,3.8,800,253.0,0,0.0,-2,2.0,0.1,414,152.0,0,0,0.0,516.0,191.0,0,0,0.0,437.0,172.0,0.0,0.0,0.0,10047,77,15689,67,0.0,0.0,0.0,0.0,0.0,0.0,0.0,0.0,0.0,0.0,0.0,506.0,190.0,0.0,495.0,190.0,0.0,459.0,182.0,0.0,508.0,190.0,,,,24,,Charlie,Tasker,Tasker,,,0,0,0,0,0,0,0,0,0,0,0,0,0,,,,0.0,0.0,0.0,0.0,0.0,0,0,0
157,a,100.0,100.0,6.1,83,55.0,0,0.0,-4,4.0,2.1,127,44.0,40,2,2.9,209.0,90.0,2,144,3.4,87.0,37.0,0.6,6.6,0.0,259894,1474,806253,1820,3.4,3.4,2.13,1.71,3.84,14.87,0.19,0.15,0.34,1.32,181.0,249.0,107.0,272.6,82.0,60.0,212.0,95.0,59.0,66.2,137.0,74.0,,,,24,,Mitoma,Kaoru,Mitoma,,,1013,2,1,2,13,0,0,0,2,0,0,11,55,,,,0.0,0.18,1.15,0.98,4.89,8,12,35
158,a,100.0,100.0,5.6,132,81.0,0,0.0,-4,4.0,0.4,265,90.0,63,1,2.9,207.0,88.0,2,213,2.6,154.0,70.0,0.5,11.2,0.0,127398,199,235194,870,2.6,2.6,2.02,2.06,4.08,18.24,0.13,0.13,0.26,1.16,243.2,193.0,82.0,265.4,88.0,65.0,342.0,43.0,26.0,85.0,82.0,49.0,,,,24,,Georginio,Rutter,Georginio,,,1421,2,4,6,15,1,0,0,2,0,0,17,98,,,,0.0,0.38,0.95,1.08,6.21,21,32,45
159,i,0.0,0.0,5.8,105,67.0,0,0.0,-2,2.0,0.0,741,317.0,0,0,0.0,800.0,357.0,0,0,0.0,795.0,355.0,0.0,0.0,0.0,678,8,2488,7,0.0,0.0,0.0,0.0,0.0,0.0,0.0,0.0,0.0,0.0,0.0,800.0,357.0,0.0,800.0,357.0,0.0,798.0,356.0,0.0,800.0,357.0,,,,24,,Solly,March,March,Lack of match fitness - Unknown return date,,0,0,0,0,0,0,0,0,0,0,0,0,0,,,,0.0,0.0,0.0,0.0,0.0,0,0,0
160,a,100.0,100.0,5.7,123,76.0,0,0.0,-3,3.0,2.5,114,36.0,82,1,3.7,101.0,48.0,6,310,0.6,331.0,149.0,0.1,14.4,0.0,1909479,1293,1773701,5645,0.6,0.6,2.91,2.78,5.69,24.74,0.16,0.16,0.32,1.39,308.2,143.0,50.0,448.0,24.0,23.0,457.0,24.0,11.0,121.6,31.0,25.0,1.0,,,24,,Yankuba,Minteh,Minteh,,,1606,1,8,6,25,0,0,0,0,0,0,18,122,,,,0.0,0.34,1.4,1.01,6.84,34,21,67
161,u,0.0,0.0,5.4,175,108.0,0,0.0,-1,1.0,0.0,730,310.0,0,0,0.0,793.0,352.0,0,0,0.0,783.0,346.0,0.0,0.0,0.0,105,0,2940,1,0.0,0.0,0.0,0.0,0.0,0.0,0.0,0.0,0.0,0.0,0.0,793.0,352.0,0.0,792.0,352.0,0.0,788.0,351.0,0.0,793.0,352.0,,,,24,,Julio,Enciso Espínola,Enciso,has joined Strasbourg permanently.,,0,0,0,0,0,0,0,0,0,0,0,0,0,,,,0.0,0.0,0.0,0.0,0.0,0,0,0
162,a,100.0,100.0,5.4,180,112.0,0,0.0,-1,1.0,0.1,553,202.0,35,0,1.9,349.0,154.0,2,114,1.2,276.0,121.0,0.2,6.5,0.0,16784,74,18102,77,1.2,1.2,1.86,0.88,2.74,13.82,0.24,0.11,0.35,1.76,134.4,290.0,130.0,217.1,117.0,82.0,152.0,149.0,86.0,50.0,209.0,107.0,,,,24,,Brajan,Gruda,Gruda,,,708,1,1,2,11,0,0,0,2,0,0,8,58,,,,0.0,0.25,1.4,1.02,7.37,14,4,40
163,a,100.0,100.0,5.1,239,146.0,0,0.0,-4,4.0,0.0,586,219.0,36,0,2.8,220.0,93.0,2,141,1.4,253.0,111.0,0.3,7.1,0.0,8447,68,15905,97,1.4,1.4,0.7,0.34,1.04,15.67,0.1,0.05,0.15,2.15,132.6,293.0,133.0,56.1,305.0,173.0,93.0,230.0,125.0,28.4,308.0,148.0,,,,24,,Jack,Hinshelwood,Hinshelwood,,,655,1,2,1,13,0,0,0,0,0,0,7,65,,,,0.0,0.14,1.79,0.96,8.93,9,23,33
164,u,0.0,0.0,5.5,143,89.0,0,0.0,0,0.0,0.3,299,100.0,12,0,6.0,4.0,2.0,2,36,0.0,789.0,352.0,0.0,2.2,0.0,130744,0,198748,53,0.0,0.0,1.21,0.17,1.38,2.12,0.62,0.09,0.71,1.08,60.8,379.0,166.0,66.6,279.0,162.0,63.0,277.0,147.0,19.0,355.0,168.0,,,,24,,Matt,O'Riley,O'Riley,has joined Marseille on loan for the rest of the season.,,177,1,0,1,2,0,0,0,0,0,0,2,9,,,,0.0,0.51,1.02,1.02,4.58,4,3,2
166,a,100.0,100.0,4.8,370,231.0,0,0.0,-2,2.0,1.1,183,61.0,83,6,4.0,66.0,31.0,7,351,6.8,4.0,3.0,1.4,17.3,0.0,182426,12203,78060,1265,6.8,6.8,2.54,1.07,3.61,24.57,0.13,0.06,0.19,1.3,311.2,141.0,48.0,214.4,118.0,83.0,206.0,100.0,62.0,73.3,114.0,62.0,4.0,5.0,,24,,Yasin,Ayari,Ayari,,,1699,3,3,5,21,0,0,0,0,0,0,18,200,,,,0.0,0.26,1.11,0.95,10.59,43,46,111
167,a,100.0,100.0,4.5,456,275.0,0,0.0,-5,5.0,1.4,161,56.0,34,4,1.8,354.0,158.0,0,130,1.8,206.0,90.0,0.4,7.6,0.0,160736,1706,529282,454,1.8,1.8,0.36,0.26,0.62,15.16,0.03,0.02,0.05,1.25,83.6,346.0,154.0,77.2,264.0,158.0,25.0,347.0,181.0,18.6,356.0,169.0,,,,24,,Carlos,Baleba,Baleba,,,1088,0,0,4,15,0,0,0,4,0,0,16,133,,,,0.0,0.33,1.24,1.32,11.0,25,42,66
169,d,75.0,75.0,4.9,338,208.0,0,0.0,-1,1.0,0.2,381,128.0,56,0,2.7,230.0,97.0,5,238,1.8,208.0,91.0,0.4,11.4,0.0,74673,16,64657,559,1.4,1.4,4.45,1.18,5.63,21.84,0.28,0.08,0.36,1.39,285.6,164.0,63.0,243.2,98.0,74.0,301.0,59.0,37.0,83.0,89.0,54.0,,3.0,,24,,Diego,Gómez Amarilla,Gomez,Knock - 75% chance of playing,,1413,3,0,4,22,0,0,0,5,0,0,17,145,,,,0.0,0.25,1.4,1.08,9.24,51,30,64
170,a,100.0,100.0,4.9,285,176.0,0,0.0,-1,1.0,0.1,463,157.0,22,1,1.6,384.0,170.0,0,89,0.8,301.0,133.0,0.2,4.5,0.0,17333,106,22361,66,0.8,0.8,0.85,0.52,1.37,6.79,0.25,0.15,0.4,1.99,88.8,341.0,151.0,91.6,239.0,147.0,23.0,353.0,183.0,20.2,348.0,166.0,5.0,,1.0,24,,James,Milner,Milner,,,307,1,1,0,11,0,0,0,2,0,0,2,33,,,,0.0,0.0,3.22,0.59,9.67,5,9,19
171,u,0.0,0.0,4.9,328,202.0,0,0.0,-1,1.0,0.0,690,290.0,0,0,0.0,763.0,331.0,0,0,0.0,731.0,310.0,0.0,0.0,0.0,197,0,2939,3,0.0,0.0,0.0,0.0,0.0,0.0,0.0,0.0,0.0,0.0,0.0,763.0,331.0,0.0,759.0,331.0,0.0,751.0,329.0,0.0,763.0,331.0,,,,24,,Jeremy,Sarmiento Morante,Sarmiento,has joined Middlesbrough on loan for the rest of the season.,,0,0,0,0,0,0,0,0,0,0,0,0,0,,,,0.0,0.0,0.0,0.0,0.0,0,0,0
174,u,0.0,0.0,5.0,280,172.0,0,0.0,0,0.0,0.0,760,329.0,0,0,0.0,782.0,345.0,0,0,0.0,757.0,330.0,0.0,0.0,0.0,0,0,1262,0,0.0,0.0,0.0,0.0,0.0,0.0,0.0,0.0,0.0,0.0,0.0,782.0,345.0,0.0,780.0,345.0,0.0,774.0,343.0,0.0,782.0,345.0,,,,24,,Malick,Yalcouyé,Yalcouye,Has joined Swansea City on loan for the rest of the season.,,0,0,0,0,0,0,0,0,0,0,0,0,0,,,,0.0,0.0,0.0,0.0,0.0,0,0,0
175,a,,,4.4,554,333.0,0,0.0,-1,1.0,0.1,512,182.0,1,0,1.0,455.0,202.0,0,3,0.0,613.0,224.0,0.0,0.2,0.0,10924,44,13748,49,0.0,0.0,0.0,0.0,0.0,0.0,0.0,0.0,0.0,0.0,0.0,662.0,254.0,0.0,658.0,258.0,0.0,634.0,248.0,0.0,664.0,256.0,,,,24,,Joe,Knight,Knight,,,1,0,0,0,0,0,0,0,0,0,0,0,0,,,,0.0,0.0,0.0,0.0,0.0,0,0,0
176,u,0.0,0.0,4.5,461,280.0,0,0.0,0,0.0,0.0,676,280.0,0,0,0.0,707.0,290.0,0,0,0.0,658.0,257.0,0.0,0.0,0.0,1435,0,4553,5,0.0,0.0,0.0,0.0,0.0,0.0,0.0,0.0,0.0,0.0,0.0,703.0,286.0,0.0,700.0,288.0,0.0,680.0,280.0,0.0,704.0,287.0,,,,24,,Adrian,Mazilu,Mazilu,has joined Dinamo Bucharest permanently.,,0,0,0,0,0,0,0,0,0,0,0,0,0,,,,0.0,0.0,0.0,0.0,0.0,0,0,0
177,u,0.0,0.0,4.5,450,269.0,0,0.0,0,0.0,0.0,685,285.0,0,0,0.0,699.0,282.0,0,0,0.0,650.0,249.0,0.0,0.0,0.0,490,0,5066,2,0.0,0.0,0.0,0.0,0.0,0.0,0.0,0.0,0.0,0.0,0.0,695.0,278.0,0.0,692.0,280.0,0.0,672.0,272.0,0.0,696.0,279.0,,,,24,,Andrew,Moran,Moran,Has joined Los Angeles FC on loan for the rest of the season.,,0,0,0,0,0,0,0,0,0,0,0,0,0,,,,0.0,0.0,0.0,0.0,0.0,0,0,0
178,a,100.0,100.0,6.2,71,23.0,0,0.0,-3,3.0,4.1,83,15.0,70,2,3.0,196.0,20.0,8,266,1.4,256.0,32.0,0.2,11.3,0.0,1950464,3231,2019227,8798,1.4,1.4,8.31,0.74,9.05,20.23,0.56,0.05,0.61,1.35,313.4,136.0,12.0,185.4,140.0,9.0,401.0,28.0,14.0,89.4,69.0,12.0,,2.0,2.0,24,,Danny,Welbeck,Welbeck,,,1345,8,0,4,20,0,0,2,4,0,0,15,62,,,,0.0,0.27,1.34,1.0,4.15,13,19,30
179,u,0.0,0.0,5.5,151,38.0,0,0.0,0,0.0,0.0,740,88.0,0,0,0.0,799.0,87.0,0,0,0.0,792.0,83.0,0.0,0.0,0.0,0,0,1553,0,0.0,0.0,0.0,0.0,0.0,0.0,0.0,0.0,0.0,0.0,0.0,799.0,87.0,0.0,798.0,87.0,0.0,795.0,87.0,0.0,799.0,87.0,,,,24,,Evan,Ferguson,Ferguson,Has joined AS Roma on loan for the rest of the season,,0,0,0,0,0,0,0,0,0,0,0,0,0,,,,0.0,0.0,0.0,0.0,0.0,0,0,0
180,i,0.0,0.0,5.2,223,51.0,0,0.0,-3,3.0,0.1,515,72.0,16,0,1.8,358.0,40.0,0,55,0.0,767.0,78.0,0.0,3.1,0.0,13034,6,22774,23,0.0,0.0,0.44,0.11,0.55,2.59,0.3,0.08,0.38,1.77,66.6,372.0,38.0,65.7,282.0,29.0,44.0,309.0,50.0,17.7,361.0,44.0,,,,24,,Stefanos,Tzimas,Tzimas,Knee injury - Expected back 01 Jun,,132,1,1,0,2,0,0,0,0,0,0,1,15,,,,0.0,0.0,1.36,0.68,10.23,3,2,10
181,a,,,4.8,374,63.0,0,0.0,-2,2.0,0.4,289,45.0,27,1,1.9,343.0,35.0,3,110,2.8,131.0,19.0,0.6,5.6,0.0,49507,345,68017,420,2.8,2.8,1.37,0.21,1.58,3.46,0.61,0.09,0.7,1.54,118.4,304.0,30.0,71.6,274.0,27.0,163.0,134.0,33.0,35.2,273.0,33.0,,,,24,,Charalampos,Kostoulas,Kostoulas,,,202,2,1,1,5,0,0,0,2,0,0,1,29,,,,0.0,0.45,2.23,0.45,12.92,9,2,18
744,a,,,4.5,466,283.0,0,0.0,0,0.0,0.0,709,300.0,1,0,1.0,462.0,208.0,0,3,0.0,661.0,259.0,0.0,0.2,0.0,2411,15,1695,27,0.0,0.0,0.0,0.0,0.0,0.0,0.0,0.0,0.0,0.0,0.0,707.0,289.0,0.0,703.0,290.0,0.0,684.0,283.0,0.0,708.0,290.0,,,,24,,Nehemiah,Oriola,Oriola,,,1,0,0,0,0,0,0,0,0,0,0,0,0,,,,0.0,0.0,0.0,0.0,0.0,0,0,0
761,a,,,4.0,717,198.0,0,0.0,0,0.0,0.0,726,249.0,0,0,0.0,610.0,235.0,0,0,0.0,536.0,221.0,0.0,0.0,0.0,638,15,422,12,0.0,0.0,0.0,0.0,0.0,0.0,0.0,0.0,0.0,0.0,0.0,600.0,234.0,0.0,593.0,234.0,0.0,561.0,230.0,0.0,602.0,234.0,,,,24,,Freddie,Simmonds,Simmonds,,,0,0,0,0,0,0,0,0,0,0,0,0,0,,,,0.0,0.0,0.0,0.0,0.0,0,0,0
783,a,,,5.5,135,82.0,0,0.0,0,0.0,0.1,566,208.0,19,12,3.8,92.0,43.0,4,85,3.8,64.0,28.0,0.7,3.5,0.0,9044,1650,2370,122,3.8,3.8,0.49,0.8,1.29,5.51,0.12,0.19,0.31,1.32,96.6,332.0,147.0,146.4,172.0,115.0,61.0,279.0,148.0,30.2,299.0,145.0,,,,24,,Pascal,Groß,Groß,,,376,1,0,1,3,0,0,0,2,0,0,4,38,,,,0.0,0.24,0.72,0.96,9.1,6,14,18
795,a,,,4.5,488,300.0,0,0.0,0,0.0,0.0,793,349.0,0,0,0.0,727.0,304.0,0,0,0.0,681.0,274.0,0.0,0.0,0.0,143,13,50,12,0.0,0.0,0.0,0.0,0.0,0.0,0.0,0.0,0.0,0.0,0.0,726.0,303.0,0.0,721.0,303.0,0.0,704.0,298.0,0.0,726.0,303.0,,,,24,,Harry,Howell,Howell,,,0,0,0,0,0,0,0,0,0,0,0,0,0,,,,0.0,0.0,0.0,0.0,0.0,0,0,0
226,a,100.0,100.0,5.7,115,11.0,0,0.0,7,-7.0,23.0,16,5.0,117,3,5.1,11.0,4.0,7,429,4.4,43.0,13.0,0.8,20.5,0.0,4369416,45342,1822229,15112,4.4,4.4,1.14,0.7,1.84,29.48,0.05,0.03,0.08,1.32,571.4,18.0,7.0,87.3,245.0,74.0,145.0,160.0,35.0,80.3,92.0,23.0,,,,24,,Trevoh,Chalobah,Chalobah,,,2010,3,1,9,26,0,0,0,3,1,0,23,235,,,,0.0,0.4,1.16,1.03,9.09,30,173,88
227,i,0.0,0.0,4.7,386,66.0,0,0.0,-3,3.0,0.1,462,171.0,0,0,0.0,747.0,257.0,0,0,0.0,705.0,253.0,0.0,0.0,0.0,1097,12,30421,24,0.0,0.0,0.0,0.0,0.0,0.0,0.0,0.0,0.0,0.0,0.0,747.0,257.0,0.0,742.0,257.0,0.0,729.0,256.0,0.0,747.0,257.0,,,,24,,Levi,Samuels Colwill,Colwill,Anterior cruciate ligament - Unknown return date,,0,0,0,0,0,0,0,0,0,0,0,0,0,,,,0.0,0.0,0.0,0.0,0.0,0,0,0
228,a,100.0,100.0,4.9,334,55.0,0,0.0,-1,1.0,1.9,132,52.0,75,1,3.6,107.0,37.0,7,291,1.2,271.0,98.0,0.2,15.3,0.0,422842,2987,413592,3296,1.2,1.2,1.23,0.86,2.09,23.16,0.08,0.06,0.14,1.59,287.6,162.0,68.0,217.8,115.0,30.0,122.0,192.0,43.0,62.7,151.0,49.0,,,,24,,Malo,Gusto,Gusto,,,1312,2,2,6,17,0,0,0,1,1,0,14,107,,,,0.0,0.41,1.17,0.96,5.28,31,46,82
229,a,100.0,100.0,4.4,530,112.0,0,0.0,-1,1.0,0.1,578,208.0,7,0,0.9,490.0,170.0,0,48,1.2,266.0,97.0,0.3,1.6,0.0,7925,240,5453,184,1.2,1.2,0.0,0.06,0.06,7.41,0.0,0.01,0.01,1.42,102.8,321.0,124.0,7.9,421.0,153.0,2.0,430.0,162.0,11.4,394.0,142.0,,,,24,,Benoît,Badiashile Mukinayi,B.Badiashile,,,470,0,0,0,10,0,0,0,2,0,0,6,51,,,,0.0,0.0,1.91,1.15,9.19,7,41,16
230,a,100.0,100.0,4.4,535,115.0,0,0.0,-1,1.0,0.4,275,102.0,46,4,3.5,117.0,42.0,3,206,1.0,279.0,101.0,0.2,10.5,0.0,91267,1754,79248,621,1.0,1.0,0.25,0.51,0.76,13.92,0.03,0.05,0.08,1.47,278.0,165.0,69.0,31.1,362.0,128.0,22.0,359.0,123.0,33.1,281.0,92.0,,,,24,,Wesley,Fofana,Fofana,,,851,0,1,4,9,0,0,0,2,0,0,9,125,,,,0.0,0.42,0.95,0.95,12.37,13,104,45
231,u,0.0,0.0,4.5,474,94.0,0,0.0,0,0.0,0.0,743,253.0,0,0,0.0,716.0,256.0,0,0,0.0,669.0,252.0,0.0,0.0,0.0,0,0,1943,1,0.0,0.0,0.0,0.0,0.0,0.0,0.0,0.0,0.0,0.0,0.0,714.0,256.0,0.0,710.0,256.0,0.0,692.0,255.0,0.0,715.0,256.0,,,,24,,Mamadou,Sarr,M.Sarr,Has joined RC Strasbourg on loan for the rest of the season.,,0,0,0,0,0,0,0,0,0,0,0,0,0,,,,0.0,0.0,0.0,0.0,0.0,0,0,0
232,i,0.0,0.0,4.0,658,160.0,0,0.0,-5,5.0,0.3,333,123.0,30,0,2.7,225.0,88.0,2,115,0.6,312.0,112.0,0.2,7.5,0.0,104972,15,218547,331,0.0,0.0,0.11,0.4,0.5,10.99,0.01,0.05,0.06,1.4,216.2,212.0,84.0,32.0,359.0,126.0,19.0,365.0,126.0,26.8,314.0,106.0,,,,24,,Tosin,Adarabioyo,Tosin,Hamstring injury - Unknown return date,,704,0,0,2,11,0,0,0,2,0,0,7,101,,,,0.0,0.26,1.41,0.89,11.12,13,74,18
233,a,100.0,100.0,3.8,804,257.0,0,0.0,-2,2.0,1.2,173,65.0,31,0,3.4,125.0,44.0,5,93,0.8,292.0,103.0,0.2,8.2,0.0,485984,646,453959,1394,0.8,0.8,0.6,0.08,0.68,11.93,0.11,0.02,0.13,2.27,109.8,316.0,122.0,25.6,370.0,133.0,64.0,272.0,79.0,20.1,349.0,121.0,,,,24,,Josh,Acheampong,Acheampong,,,473,1,0,2,9,0,0,0,0,0,0,6,48,,,,0.0,0.38,1.71,1.14,6.09,7,25,19
235,a,100.0,100.0,10.4,3,2.0,0,0.0,-1,1.0,11.9,34,13.0,47,2,3.6,114.0,55.0,1,170,2.8,141.0,64.0,0.3,4.5,0.0,1604790,14026,6885571,13644,2.8,2.8,4.19,0.43,4.62,15.75,0.45,0.05,0.5,1.68,206.0,229.0,96.0,124.2,198.0,132.0,235.0,81.0,51.0,56.4,181.0,97.0,,1.0,1.0,24,,Cole,Palmer,Palmer,,,843,4,1,2,12,0,0,0,2,0,0,11,68,,,,0.0,0.21,1.28,1.17,7.26,12,14,42
236,a,100.0,100.0,7.1,34,21.0,0,0.0,1,-1.0,6.0,62,22.0,96,2,4.0,72.0,35.0,6,413,3.0,125.0,55.0,0.4,13.5,0.0,1870494,4732,1679743,18082,3.0,3.0,3.59,4.77,8.36,24.71,0.17,0.23,0.4,1.19,408.6,75.0,23.0,608.0,8.0,8.0,390.0,31.0,16.0,140.9,16.0,12.0,1.0,4.0,,24,,Pedro,Lomba Neto,Neto,,,1866,5,4,10,16,0,0,0,2,0,0,21,89,,,,0.0,0.48,0.77,1.01,4.29,14,15,60
237,a,100.0,100.0,6.8,48,30.0,1,-1.0,3,-3.0,20.3,18,6.0,114,8,5.0,15.0,7.0,14,466,6.8,5.0,4.0,1.0,16.8,0.0,4633113,134031,2774863,5418,6.8,6.8,9.06,4.01,13.07,28.78,0.42,0.18,0.6,1.32,583.4,15.0,5.0,568.4,10.0,10.0,554.0,13.0,6.0,170.7,4.0,3.0,3.0,3.0,2.0,24,,Enzo,Fernández,Enzo,,,1964,8,3,8,24,0,0,0,6,0,0,22,165,,,,0.0,0.37,1.1,1.01,7.56,42,36,87
238,a,100.0,100.0,6.4,61,40.0,0,0.0,-1,1.0,2.6,111,33.0,52,0,2.9,210.0,91.0,4,163,2.8,139.0,62.0,0.4,8.1,0.0,800784,5814,737496,9256,2.8,2.8,2.76,2.1,4.86,8.12,0.37,0.28,0.65,1.08,172.4,254.0,108.0,202.2,130.0,92.0,274.0,67.0,42.0,64.7,145.0,80.0,4.0,,3.0,24,,Estêvão,Almeida de Oliveira Gonçalves,Estêvão,,,675,2,5,3,8,0,0,0,3,0,0,9,44,,,,0.0,0.4,1.07,1.2,5.87,9,5,30
239,d,75.0,100.0,6.0,88,56.0,0,0.0,-5,5.0,0.1,457,156.0,25,1,1.6,388.0,173.0,0,99,0.4,368.0,164.0,0.1,4.2,0.0,17041,48,40586,132,0.3,0.4,0.81,0.94,1.75,8.89,0.15,0.17,0.32,1.65,93.0,336.0,148.0,130.4,190.0,127.0,91.0,231.0,126.0,31.3,292.0,140.0,,,,24,,Jamie,Bynoe-Gittens,Gittens,Muscle injury - 75% chance of playing,,486,0,2,1,7,0,0,0,0,0,0,5,29,,,,0.0,0.19,1.3,0.93,5.37,8,6,15
240,u,0.0,0.0,5.9,97,62.0,0,0.0,-1,1.0,0.1,506,179.0,0,0,0.0,801.0,358.0,0,0,0.0,797.0,357.0,0.0,0.0,0.0,2668,0,23649,10,0.0,0.0,0.0,0.0,0.0,0.0,0.0,0.0,0.0,0.0,0.0,801.0,358.0,0.0,801.0,358.0,0.0,801.0,358.0,0.0,801.0,358.0,,,,24,,Christopher,Nkunku,Nkunku,has joined AC Milan permanently.,,0,0,0,0,0,0,0,0,0,0,0,0,0,,,,0.0,0.0,0.0,0.0,0.0,0,0,0
241,a,100.0,100.0,5.7,121,75.0,0,0.0,2,-2.0,8.0,51,19.0,79,3,4.2,56.0,24.0,9,367,2.8,138.0,61.0,0.5,13.9,0.0,3165170,6650,3071951,7055,2.8,2.8,1.01,1.1,2.11,24.6,0.06,0.06,0.12,1.39,406.2,78.0,24.0,209.1,123.0,87.0,99.0,221.0,121.0,71.2,119.0,66.0,,,,24,,Moisés,Caicedo Corozo,Caicedo,,,1594,3,1,6,22,0,0,0,7,1,0,18,234,,,,0.0,0.34,1.24,1.02,13.21,54,70,110
243,a,,,4.8,373,234.0,0,0.0,-2,2.0,0.1,556,204.0,4,0,1.0,474.0,219.0,0,2,0.0,714.0,298.0,0.0,0.8,0.0,6321,57,8892,47,0.0,0.0,0.32,0.08,0.4,1.65,0.2,0.05,0.25,1.05,8.2,450.0,204.0,7.0,425.0,207.0,56.0,290.0,152.0,7.1,419.0,189.0,,,,24,,Tyrique,George,George,,,142,0,0,1,2,0,0,0,2,0,0,0,3,,,,0.0,0.63,1.27,0.0,1.9,2,0,1
244,i,0.0,0.0,4.9,339,209.0,0,0.0,-1,1.0,0.0,689,289.0,4,0,1.0,477.0,221.0,0,22,0.0,736.0,313.0,0.0,0.8,0.0,2527,4,4528,6,0.0,0.0,0.0,0.05,0.05,2.79,0.0,0.04,0.04,2.39,9.6,446.0,200.0,7.5,422.0,205.0,2.0,436.0,215.0,1.8,455.0,207.0,,,,24,,Roméo,Lavia,Lavia,Thigh injury - Unknown return date,,105,0,0,0,3,0,0,0,0,0,0,1,11,,,,0.0,0.0,2.57,0.86,9.43,2,5,4
245,s,0.0,0.0,4.9,331,204.0,0,0.0,-1,1.0,0.0,734,312.0,0,0,0.0,765.0,332.0,0,0,0.0,733.0,311.0,0.0,0.0,0.0,901,7,1221,3,0.0,0.0,0.0,0.0,0.0,0.0,0.0,0.0,0.0,0.0,0.0,765.0,332.0,0.0,761.0,332.0,0.0,753.0,330.0,0.0,765.0,332.0,,,,24,,Mykhailo,Mudryk,Mudryk,Suspended - unknown return date,,0,0,0,0,0,0,0,0,0,0,0,0,0,,,,0.0,0.0,0.0,0.0,0.0,0,0,0
246,a,100.0,100.0,4.5,455,274.0,0,0.0,0,0.0,0.3,322,107.0,22,0,1.3,415.0,183.0,0,104,1.2,267.0,117.0,0.3,4.9,0.0,67452,219,76227,466,1.2,1.2,1.7,0.51,2.21,10.08,0.24,0.07,0.31,1.43,112.4,312.0,139.0,94.1,234.0,145.0,59.0,283.0,150.0,26.5,316.0,152.0,,,,24,,Andrey,Nascimento dos Santos,Andrey Santos,,,634,0,0,1,6,0,0,0,4,0,0,6,84,,,,0.0,0.14,0.85,0.85,11.92,20,32,32
247,i,0.0,0.0,4.3,593,346.0,0,0.0,-2,2.0,0.1,577,215.0,0,0,0.0,632.0,236.0,0,0,0.0,569.0,196.0,0.0,0.0,0.0,11087,8,13256,38,0.0,0.0,0.0,0.0,0.0,0.0,0.0,0.0,0.0,0.0,0.0,623.0,227.0,0.0,619.0,232.0,0.0,591.0,219.0,0.0,625.0,229.0,,,,24,,Dário,Luís Essugo,D.Essugo,Knock - Expected back 21 Feb,,0,0,0,0,0,0,0,0,0,0,0,0,0,,,,0.0,0.0,0.0,0.0,0.0,0,0,0
248,u,0.0,0.0,4.5,495,305.0,0,0.0,0,0.0,0.0,766,332.0,0,0,0.0,731.0,307.0,0,0,0.0,686.0,278.0,0.0,0.0,0.0,0,0,945,0,0.0,0.0,0.0,0.0,0.0,0.0,0.0,0.0,0.0,0.0,0.0,731.0,307.0,0.0,726.0,307.0,0.0,709.0,302.0,0.0,731.0,307.0,,,,24,,Kendry,Páez Andrade,Paez,Has joined RC Strasbourg on loan for the rest of the season.,,0,0,0,0,0,0,0,0,0,0,0,0,0,,,,0.0,0.0,0.0,0.0,0.0,0,0,0
249,a,,,7.4,23,8.0,1,-1.0,-1,1.0,37.6,4,2.0,114,10,4.8,23.0,3.0,23,472,6.6,6.0,2.0,0.9,15.4,0.0,5949226,222255,7905229,5839,6.6,6.6,7.69,1.5,9.19,24.18,0.4,0.08,0.48,1.26,515.8,37.0,4.0,359.3,43.0,1.0,548.0,14.0,8.0,141.9,15.0,4.0,,,,24,,João Pedro,Junqueira de Jesus,João Pedro,,,1723,9,5,9,17,0,0,0,3,0,0,20,101,,,,0.0,0.47,0.89,1.04,5.28,17,31,53
250,a,100.0,100.0,6.2,76,25.0,0,0.0,-3,3.0,1.0,189,30.0,31,5,2.1,320.0,33.0,1,96,3.4,89.0,13.0,0.5,5.0,0.0,99548,1163,449464,845,3.4,3.4,3.36,0.18,3.54,10.04,0.44,0.02,0.46,1.32,54.4,386.0,40.0,50.1,316.0,34.0,262.0,73.0,24.0,36.1,268.0,32.0,,,,24,,Liam,Delap,Delap,,,682,1,2,2,12,0,0,0,2,0,0,9,23,,,,0.0,0.26,1.58,1.19,3.04,2,7,14
251,u,0.0,0.0,6.5,55,19.0,0,0.0,0,0.0,0.1,519,74.0,0,0,0.0,807.0,90.0,0,0,0.0,803.0,87.0,0.0,0.0,0.0,4962,0,15269,12,0.0,0.0,0.0,0.0,0.0,0.0,0.0,0.0,0.0,0.0,0.0,807.0,90.0,0.0,807.0,90.0,0.0,807.0,90.0,0.0,807.0,90.0,,,,24,,Nicolas,Jackson,N.Jackson,has joined Bayern Munich on loan for the rest of the season.,,0,0,0,0,0,0,0,0,0,0,0,0,0,,,,0.0,0.0,0.0,0.0,0.0,0,0,0
252,a,100.0,100.0,4.2,638,87.0,0,0.0,-3,3.0,6.2,59,11.0,12,0,1.3,413.0,51.0,0,19,0.0,554.0,49.0,0.0,2.9,0.0,1149266,2475,2587090,8193,0.0,0.0,1.46,0.29,1.75,5.65,0.53,0.11,0.64,2.06,24.6,423.0,48.0,38.8,343.0,42.0,81.0,246.0,45.0,12.6,382.0,46.0,,,,24,,Marc,Guiu Paz,Marc Guiu,,,247,0,1,0,2,0,0,0,1,0,0,1,7,,,,0.0,0.0,0.73,0.36,2.55,0,4,3
453,a,,,6.4,60,39.0,0,0.0,-1,1.0,0.5,246,84.0,41,1,2.7,238.0,105.0,2,148,0.4,370.0,166.0,0.1,6.4,0.0,230119,675,210013,1628,0.4,0.4,2.49,2.55,5.04,15.81,0.26,0.27,0.53,1.65,139.4,285.0,126.0,245.9,96.0,72.0,271.0,68.0,43.0,64.7,144.0,79.0,,,,24,,Alejandro,Garnacho Ferreyra,Garnacho,,,860,1,3,4,12,0,0,0,1,0,0,12,48,,,,0.0,0.42,1.26,1.26,5.02,8,6,34
672,a,100.0,100.0,4.6,401,71.0,0,0.0,-4,4.0,0.2,396,145.0,7,0,0.8,494.0,172.0,0,22,0.8,299.0,110.0,0.2,1.5,0.0,12764,158,37222,98,0.8,0.8,0.22,0.06,0.28,4.98,0.06,0.02,0.08,1.42,64.8,374.0,144.0,40.4,338.0,118.0,17.0,371.0,131.0,12.2,387.0,138.0,,,,24,,Jorrel,Hato,Hato,,,315,0,0,0,7,0,0,0,2,0,0,3,35,,,,0.0,0.0,2.0,0.86,8.57,10,20,11
789,a,,,4.0,697,62.0,0,0.0,0,0.0,0.0,772,87.0,0,0,0.0,593.0,80.0,0,0,0.0,517.0,74.0,0.0,0.0,0.0,252,9,127,6,0.0,0.0,0.0,0.0,0.0,0.0,0.0,0.0,0.0,0.0,0.0,583.0,80.0,0.0,576.0,69.0,0.0,543.0,54.0,0.0,585.0,80.0,,,,24,,Max,Merrick,Merrick,,,0,0,0,0,0,0,0,0,0,0,0,0,0,,,,0.0,0.0,0.0,0.0,0.0,0,0,0
803,a,,,4.0,691,59.0,0,0.0,0,0.0,0.0,803,93.0,0,0,0.0,589.0,77.0,0,0,0.0,513.0,71.0,0.0,0.0,0.0,37,6,8,3,0.0,0.0,0.0,0.0,0.0,0.0,0.0,0.0,0.0,0.0,0.0,579.0,77.0,0.0,572.0,66.0,0.0,539.0,51.0,0.0,581.0,77.0,,,,24,,Teddy,Sharman-Lowe,Sharman-Lowe,,,0,0,0,0,0,0,0,0,0,0,0,0,0,,,,0.0,0.0,0.0,0.0,0.0,0,0,0
253,a,,,5.0,245,8.0,0,0.0,0,0.0,7.4,53,8.0,84,2,3.5,120.0,11.0,2,368,2.8,133.0,14.0,0.6,16.8,0.0,844683,2307,822372,5928,2.8,2.8,0.0,0.08,0.08,32.4,0.0,0.0,0.0,1.35,518.2,35.0,11.0,10.0,415.0,11.0,0.0,760.0,86.0,52.8,193.0,9.0,,,,24,,Dean,Henderson,Henderson,,,2160,0,0,8,29,0,0,0,2,0,64,24,80,,,,2.67,0.33,1.21,1.0,0.0,0,34,188
254,a,100.0,100.0,4.0,660,45.0,0,0.0,0,0.0,0.3,316,43.0,0,0,0.0,563.0,64.0,0,0,0.0,486.0,58.0,0.0,0.0,0.0,13132,142,29097,101,0.0,0.0,0.0,0.0,0.0,0.0,0.0,0.0,0.0,0.0,0.0,553.0,64.0,0.0,545.0,52.0,0.0,511.0,37.0,0.0,555.0,64.0,,,,24,,Walter,Benítez,Benitez,,,0,0,0,0,0,0,0,0,0,0,0,0,0,,,,0.0,0.0,0.0,0.0,0.0,0,0,0
258,a,,,5.0,254,39.0,0,0.0,0,0.0,2.0,130,50.0,87,2,3.6,108.0,38.0,5,313,2.0,190.0,69.0,0.4,17.4,0.0,404774,1189,341906,1984,2.0,2.0,0.86,1.36,2.22,32.4,0.04,0.06,0.1,1.37,427.8,65.0,29.0,303.5,69.0,16.0,148.0,153.0,30.0,88.0,72.0,15.0,,,,24,,Tyrick,Mitchell,Mitchell,,,2128,1,0,8,29,0,0,0,5,0,0,24,216,,,,0.0,0.34,1.23,1.02,7.11,68,100,118
259,d,50.0,0.0,4.8,358,60.0,0,0.0,-2,2.0,0.1,451,165.0,5,0,1.0,472.0,168.0,0,10,0.4,353.0,133.0,0.1,1.0,0.0,9136,3,16990,189,0.2,0.0,0.0,0.06,0.06,0.83,0.0,0.1,0.1,1.41,11.0,441.0,164.0,12.2,397.0,146.0,4.0,417.0,156.0,2.7,448.0,162.0,,,,24,,Borna,Sosa,Sosa,Muscle injury - 50% chance of playing,,53,0,0,0,1,0,0,0,0,0,0,0,8,,,,0.0,0.0,1.7,0.0,11.89,3,4,1
261,a,100.0,100.0,4.4,532,114.0,0,0.0,-1,1.0,2.0,129,49.0,85,1,4.2,50.0,19.0,1,311,2.0,186.0,66.0,0.5,19.3,0.0,799811,4467,731190,1251,2.0,2.0,0.82,1.22,2.04,25.83,0.04,0.06,0.1,1.3,490.2,45.0,19.0,88.5,241.0,70.0,99.0,219.0,57.0,68.1,131.0,42.0,,,,24,,Chris,Richards,Richards,,,1792,1,0,7,25,0,0,0,2,0,0,20,221,,,,0.0,0.35,1.26,1.0,10.5,43,166,38
262,a,100.0,100.0,4.0,695,180.0,0,0.0,0,0.0,0.0,659,229.0,5,1,2.5,249.0,95.0,0,22,1.0,278.0,100.0,0.2,1.2,0.0,2363,176,2199,25,1.0,1.0,0.09,0.02,0.11,0.24,0.11,0.02,0.13,0.29,30.2,413.0,157.0,14.5,390.0,143.0,8.0,389.0,143.0,5.3,429.0,154.0,,,,24,,Chadi,Riad Dnanou,Chadi Riad,,,74,0,1,0,1,0,0,0,1,0,0,1,3,,,,0.0,0.0,1.22,1.22,3.65,0,3,5
263,a,100.0,100.0,3.8,776,230.0,0,0.0,-2,2.0,0.6,237,88.0,14,0,2.0,321.0,120.0,2,50,0.2,373.0,139.0,0.1,3.7,0.0,86105,228,91436,456,0.2,0.2,0.43,0.56,0.99,5.77,0.09,0.12,0.21,1.24,74.4,360.0,136.0,46.3,324.0,109.0,31.0,335.0,107.0,15.1,369.0,131.0,,,,24,,Nathaniel,Clyne,Clyne,,,418,0,1,0,8,0,0,0,0,0,0,6,34,,,,0.0,0.0,1.72,1.29,7.32,12,22,15
264,u,0.0,0.0,4.0,661,161.0,0,0.0,0,0.0,0.0,682,236.0,0,0,0.0,564.0,207.0,0,0,0.0,487.0,190.0,0.0,0.0,0.0,0,0,3881,4,0.0,0.0,0.0,0.0,0.0,0.0,0.0,0.0,0.0,0.0,0.0,554.0,206.0,0.0,546.0,206.0,0.0,512.0,200.0,0.0,556.0,206.0,,,,24,,Rob,Holding,Holding,Has joined Colorado Rapids permanently.,,0,0,0,0,0,0,0,0,0,0,0,0,0,,,,0.0,0.0,0.0,0.0,0.0,0,0,0
265,i,0.0,0.0,4.0,713,194.0,0,0.0,0,0.0,0.0,715,245.0,0,0,0.0,607.0,232.0,0,0,0.0,533.0,218.0,0.0,0.0,0.0,597,7,2178,5,0.0,0.0,0.0,0.0,0.0,0.0,0.0,0.0,0.0,0.0,0.0,597.0,231.0,0.0,590.0,231.0,0.0,558.0,227.0,0.0,599.0,231.0,,,,24,,Caleb,Kporha,Kporha,Back injury - Unknown return date,,0,0,0,0,0,0,0,0,0,0,0,0,0,,,,0.0,0.0,0.0,0.0,0.0,0,0,0
267,a,100.0,100.0,6.3,68,46.0,0,0.0,-2,2.0,2.1,125,43.0,61,7,4.4,41.0,19.0,6,190,1.8,218.0,97.0,0.3,9.7,0.0,2248326,5890,2605822,769,1.8,1.8,5.65,0.59,6.23,17.01,0.43,0.04,0.47,1.29,245.0,190.0,81.0,181.8,142.0,99.0,265.0,71.0,46.0,69.3,124.0,69.0,,,,24,,Ismaïla,Sarr,Sarr,,,1189,4,1,6,13,0,0,0,1,0,0,14,83,,,,0.0,0.45,0.98,1.06,6.28,11,29,43
268,i,0.0,0.0,4.9,326,201.0,0,0.0,-1,1.0,0.0,778,340.0,0,0,0.0,762.0,330.0,0,0,0.0,730.0,309.0,0.0,0.0,0.0,386,0,618,0,0.0,0.0,0.0,0.0,0.0,0.0,0.0,0.0,0.0,0.0,0.0,762.0,330.0,0.0,758.0,330.0,0.0,750.0,328.0,0.0,762.0,330.0,,,,24,,Cheick,Doucouré,Doucouré,Knee injury - Unknown return date,,0,0,0,0,0,0,0,0,0,0,0,0,0,,,,0.0,0.0,0.0,0.0,0.0,0,0,0
269,u,0.0,0.0,4.7,392,245.0,0,0.0,-3,3.0,0.1,444,151.0,4,0,1.0,470.0,216.0,0,12,0.2,398.0,180.0,0.0,0.9,0.0,11622,0,27988,82,0.0,0.0,0.0,0.04,0.04,1.74,0.0,0.09,0.09,3.92,6.8,453.0,205.0,2.7,439.0,211.0,6.0,408.0,199.0,1.5,462.0,212.0,,,,24,,Romain,Esse,Esse,has joined Coventry City on loan for the rest of the season.,,40,0,0,0,0,0,0,0,0,0,0,0,5,,,,0.0,0.0,0.0,0.0,11.25,3,0,2
270,a,100.0,100.0,4.7,377,235.0,0,0.0,-3,3.0,0.1,469,160.0,34,2,1.6,382.0,169.0,0,168,2.6,148.0,66.0,0.6,7.2,0.0,18625,145,22323,91,2.6,2.6,1.08,1.24,2.32,15.91,0.09,0.11,0.2,1.35,135.2,289.0,129.0,223.3,110.0,79.0,77.0,253.0,136.0,43.6,233.0,116.0,5.0,,,24,,Will,Hughes,Hughes,,,1061,0,1,4,13,0,0,0,4,0,0,12,101,,,,0.0,0.34,1.1,1.02,8.57,19,36,46
271,d,50.0,0.0,5.0,249,151.0,0,0.0,0,0.0,0.1,525,187.0,45,0,3.2,157.0,67.0,0,199,0.0,743.0,318.0,0.0,9.0,0.0,42835,4,42262,40,0.0,0.0,0.9,1.54,2.44,14.31,0.07,0.12,0.19,1.1,141.0,281.0,124.0,164.6,156.0,105.0,110.0,204.0,111.0,41.6,248.0,120.0,2.0,,,24,,Daichi,Kamada,Kamada,Hamstring injury - 50% chance of playing,,1166,0,2,6,11,0,0,0,1,0,0,14,126,,,,0.0,0.46,0.85,1.08,9.73,39,23,64
272,a,100.0,100.0,4.9,290,178.0,0,0.0,-1,1.0,0.1,546,197.0,44,8,2.1,313.0,139.0,2,171,2.4,165.0,73.0,0.5,9.0,0.0,8246,72,11165,24,2.4,2.4,0.97,0.8,1.77,13.39,0.09,0.07,0.16,1.18,171.2,256.0,109.0,137.8,182.0,123.0,164.0,133.0,78.0,47.3,218.0,110.0,,,,24,,Jefferson,Lerma Solís,Lerma,,,1021,0,3,4,12,0,0,0,5,0,0,10,124,,,,0.0,0.35,1.06,0.88,10.93,13,51,60
273,a,100.0,0.0,5.0,268,162.0,0,0.0,0,0.0,0.6,233,81.0,66,0,3.1,176.0,76.0,4,330,1.4,251.0,110.0,0.3,13.2,0.0,152334,516,155222,1523,1.4,0.0,0.96,4.72,5.67,27.69,0.05,0.25,0.3,1.44,290.4,160.0,60.0,439.7,27.0,26.0,105.0,215.0,118.0,83.6,87.0,52.0,3.0,,,24,,Adam,Wharton,Wharton,,,1726,0,3,6,27,0,0,0,3,1,0,21,206,,,,0.0,0.31,1.41,1.1,10.74,51,47,108
274,a,,,4.3,611,356.0,0,0.0,-2,2.0,0.1,558,206.0,0,0,0.0,642.0,244.0,0,0,0.0,581.0,205.0,0.0,0.0,0.0,6121,124,7705,42,0.0,0.0,0.0,0.0,0.0,0.0,0.0,0.0,0.0,0.0,0.0,633.0,235.0,0.0,630.0,240.0,0.0,603.0,228.0,0.0,635.0,237.0,,,,24,,Asher,Agbinone,Agbinone,,,0,0,0,0,0,0,0,0,0,0,0,0,0,,,,0.0,0.0,0.0,0.0,0.0,0,0,0
275,u,0.0,0.0,4.3,586,343.0,0,0.0,-2,2.0,0.0,612,235.0,0,0,0.0,630.0,234.0,0,0,0.0,567.0,194.0,0.0,0.0,0.0,5497,0,7337,42,0.0,0.0,0.0,0.0,0.0,0.0,0.0,0.0,0.0,0.0,0.0,621.0,225.0,0.0,617.0,230.0,0.0,589.0,217.0,0.0,623.0,227.0,,,,24,,Naouirou,Ahamada,Ahamada,has joined AJ Auxerre permanently.,,0,0,0,0,0,0,0,0,0,0,0,0,0,,,,0.0,0.0,0.0,0.0,0.0,0,0,0
276,i,0.0,0.0,4.3,590,345.0,0,0.0,-2,2.0,1.4,155,51.0,29,0,1.6,378.0,166.0,0,81,1.2,264.0,116.0,0.3,6.7,0.0,261823,262,291662,4174,0.0,0.0,2.38,0.36,2.74,10.05,0.36,0.05,0.41,1.53,86.6,342.0,152.0,94.5,233.0,144.0,164.0,132.0,77.0,34.5,276.0,136.0,,2.0,,24,,Justin,Devenny,Devenny,Ankle injury - Expected back 22 Feb,,593,1,0,1,10,0,0,0,0,0,0,5,48,,,,0.0,0.15,1.52,0.76,7.28,16,8,24
277,u,0.0,0.0,4.5,430,257.0,0,0.0,0,0.0,0.0,781,342.0,0,0,0.0,688.0,272.0,0,0,0.0,638.0,238.0,0.0,0.0,0.0,0,0,744,0,0.0,0.0,0.0,0.0,0.0,0.0,0.0,0.0,0.0,0.0,0.0,683.0,267.0,0.0,680.0,270.0,0.0,659.0,262.0,0.0,685.0,269.0,,,,24,,Malcolm,Ebiowei,Ebiowei,Has joined Blackpool permanently.,,0,0,0,0,0,0,0,0,0,0,0,0,0,,,,0.0,0.0,0.0,0.0,0.0,0,0,0
278,a,100.0,100.0,4.4,538,322.0,0,0.0,-1,1.0,0.0,642,260.0,0,0,0.0,657.0,252.0,0,0,0.0,601.0,215.0,0.0,0.0,0.0,4342,22,9339,12,0.0,0.0,0.0,0.0,0.0,0.0,0.0,0.0,0.0,0.0,0.0,649.0,244.0,0.0,646.0,249.0,0.0,621.0,238.0,0.0,651.0,246.0,,,,24,,Jesurun,Rak-Sakyi,J.Rak-Sakyi,,,0,0,0,0,0,0,0,0,0,0,0,0,0,,,,0.0,0.0,0.0,0.0,0.0,0,0,0
279,u,0.0,0.0,4.5,459,278.0,0,0.0,0,0.0,0.0,751,321.0,0,0,0.0,706.0,289.0,0,0,0.0,657.0,256.0,0.0,0.0,0.0,95,0,1637,1,0.0,0.0,0.0,0.0,0.0,0.0,0.0,0.0,0.0,0.0,0.0,702.0,285.0,0.0,699.0,287.0,0.0,679.0,279.0,0.0,703.0,286.0,,,,24,,Matheus,França de Oliveira,M.França,Has joined CR Vasco da Gama on loan for the rest of the season.,,0,0,0,0,0,0,0,0,0,0,0,0,0,,,,0.0,0.0,0.0,0.0,0.0,0,0,0
280,u,0.0,0.0,4.5,454,273.0,0,0.0,0,0.0,0.0,799,355.0,0,0,0.0,703.0,286.0,0,0,0.0,654.0,253.0,0.0,0.0,0.0,0,0,189,0,0.0,0.0,0.0,0.0,0.0,0.0,0.0,0.0,0.0,0.0,0.0,699.0,282.0,0.0,696.0,284.0,0.0,676.0,276.0,0.0,700.0,283.0,,,,24,,David,Ozoh,Ozoh,Has joined Derby County on loan for the rest of the season.,,0,0,0,0,0,0,0,0,0,0,0,0,0,,,,0.0,0.0,0.0,0.0,0.0,0,0,0
281,a,,,4.4,548,330.0,0,0.0,-1,1.0,0.0,591,222.0,1,0,1.0,454.0,201.0,0,2,0.2,385.0,170.0,0.0,0.2,0.0,4852,32,6288,31,0.2,0.2,0.0,0.0,0.0,0.65,0.0,0.0,0.0,19.5,0.0,656.0,251.0,0.1,472.0,229.0,0.0,628.0,245.0,0.0,658.0,253.0,,,,24,,Kaden,Rodney,Rodney,,,3,0,0,0,0,0,0,0,0,0,0,0,0,,,,0.0,0.0,0.0,0.0,0.0,0,0,0
282,u,0.0,0.0,4.5,473,289.0,0,0.0,0,0.0,0.0,687,287.0,0,0,0.0,715.0,296.0,0,0,0.0,668.0,265.0,0.0,0.0,0.0,860,0,3034,4,0.0,0.0,0.0,0.0,0.0,0.0,0.0,0.0,0.0,0.0,0.0,713.0,294.0,0.0,709.0,295.0,0.0,691.0,289.0,0.0,714.0,295.0,,,,24,,Franco,Umeh-Chibueze,Umeh,has joined Portsmouth permanently.,,0,0,0,0,0,0,0,0,0,0,0,0,0,,,,0.0,0.0,0.0,0.0,0.0,0,0,0
283,a,100.0,0.0,7.5,22,7.0,0,0.0,0,0.0,8.7,46,9.0,84,0,3.7,103.0,9.0,9,281,1.6,240.0,30.0,0.2,11.2,0.0,4723157,2136,4853836,35828,1.6,0.0,11.88,1.26,13.14,26.67,0.56,0.06,0.62,1.26,411.8,73.0,6.0,119.7,202.0,19.0,664.0,5.0,4.0,119.4,32.0,7.0,,,2.0,24,,Jean-Philippe,Mateta,Mateta,,,1904,8,0,8,23,0,0,0,2,0,0,23,110,,,,0.0,0.38,1.09,1.09,5.2,8,51,51
284,i,0.0,0.0,5.4,166,42.0,0,0.0,-1,1.0,0.3,300,49.0,23,0,1.9,347.0,38.0,3,100,0.0,778.0,81.0,0.0,4.3,0.0,124106,33,140431,503,0.0,0.0,1.77,0.46,2.23,9.49,0.38,0.1,0.48,2.06,120.0,302.0,29.0,84.6,253.0,26.0,173.0,126.0,31.0,37.8,261.0,31.0,,,,24,,Eddie,Nketiah,Nketiah,Hamstring injury - Unknown return date,,414,2,0,0,12,0,0,0,2,0,0,2,38,,,,0.0,0.0,2.61,0.43,8.26,8,13,17
285,u,0.0,0.0,5.0,247,53.0,0,0.0,0,0.0,0.2,362,58.0,1,0,1.0,479.0,58.0,0,6,0.0,742.0,76.0,0.0,0.2,0.0,9044,0,89076,37,0.0,0.0,0.0,0.0,0.0,0.27,0.0,0.0,0.0,12.15,2.0,472.0,55.0,0.0,767.0,84.0,0.0,761.0,84.0,0.2,489.0,60.0,,,,24,,Odsonne,Édouard,Édouard,has joined RC Lens permanently.,,2,0,0,0,0,0,0,0,0,0,0,0,1,,,,0.0,0.0,0.0,0.0,45.0,1,0,0
286,a,,,4.4,555,79.0,0,0.0,-1,1.0,0.3,312,51.0,0,0,0.0,669.0,71.0,0,0,0.0,614.0,61.0,0.0,0.0,0.0,45848,229,53800,260,0.0,0.0,0.0,0.0,0.0,0.0,0.0,0.0,0.0,0.0,0.0,663.0,71.0,0.0,659.0,70.0,0.0,635.0,70.0,0.0,665.0,71.0,,,,24,,Zach,Marsh,Marsh,,,0,0,0,0,0,0,0,0,0,0,0,0,0,,,,0.0,0.0,0.0,0.0,0.0,0,0,0
580,a,,,6.5,51,33.0,0,0.0,-5,5.0,2.5,115,37.0,43,2,2.0,333.0,152.0,2,144,1.8,220.0,98.0,0.3,6.6,0.0,1132744,813,1293582,1445,1.8,1.8,1.71,0.6,2.31,17.08,0.15,0.05,0.2,1.51,159.6,267.0,115.0,147.3,171.0,114.0,180.0,121.0,70.0,48.5,214.0,109.0,,,,24,,Brennan,Johnson,Johnson,,,1018,2,0,4,12,0,0,0,4,0,0,11,68,,,,0.0,0.35,1.06,0.97,6.01,17,22,29
690,d,25.0,25.0,4.4,559,336.0,0,0.0,-1,1.0,0.3,326,110.0,0,0,0.0,672.0,262.0,0,0,0.0,617.0,226.0,0.0,0.0,0.0,57929,1,54407,143,0.0,0.0,0.0,0.0,0.0,0.0,0.0,0.0,0.0,0.0,0.0,666.0,256.0,0.0,662.0,260.0,0.0,638.0,250.0,0.0,668.0,258.0,,,,24,,Rio,Cardines,Cardines,Groin Injury - 25% chance of playing,,0,0,0,0,0,0,0,0,0,0,0,0,0,,,,0.0,0.0,0.0,0.0,0.0,0,0,0
712,a,100.0,100.0,5.8,111,69.0,0,0.0,-2,2.0,0.2,349,117.0,59,1,2.7,234.0,101.0,3,240,3.2,103.0,45.0,0.6,10.2,0.0,122041,728,97743,592,3.2,3.2,3.58,4.75,8.33,21.31,0.21,0.28,0.49,1.24,258.4,182.0,74.0,518.1,17.0,17.0,303.0,57.0,35.0,107.7,39.0,29.0,1.0,1.0,,24,,Yéremy,Pino Santos,Yeremy,,,1552,2,1,6,20,0,0,0,4,0,0,19,125,,,,0.0,0.35,1.16,1.1,7.25,29,23,73
723,a,100.0,100.0,4.5,506,96.0,0,0.0,0,0.0,0.0,643,224.0,27,0,3.0,186.0,73.0,4,71,2.4,163.0,56.0,0.5,6.0,0.0,4382,50,3098,44,2.4,2.4,0.05,0.12,0.17,7.65,0.01,0.03,0.04,1.96,99.0,327.0,126.0,7.1,424.0,154.0,10.0,385.0,139.0,11.5,390.0,140.0,,,,24,,Jaydee,Canvot,Canvot,,,352,0,0,2,6,0,0,0,1,0,0,3,52,,,,0.0,0.51,1.53,0.77,13.3,16,36,13
732,a,,,5.5,155,40.0,0,0.0,0,0.0,0.1,575,77.0,15,1,1.2,429.0,52.0,0,37,0.6,329.0,40.0,0.1,2.7,0.0,12412,141,8924,93,0.6,0.6,0.38,0.01,0.39,4.29,0.24,0.01,0.25,2.7,10.8,442.0,50.0,6.9,426.0,54.0,66.0,270.0,48.0,7.8,412.0,50.0,,,,24,,Christantus,Uche,Uche,,,143,0,1,0,4,0,0,0,0,0,0,0,12,,,,0.0,0.0,2.52,0.0,7.55,1,2,9
762,a,,,4.5,509,315.0,0,0.0,0,0.0,0.0,771,334.0,2,0,1.0,469.0,215.0,0,6,0.2,394.0,177.0,0.0,0.4,0.0,499,12,250,10,0.2,0.2,0.0,0.0,0.0,0.73,0.0,0.0,0.0,9.39,1.4,476.0,220.0,1.0,452.0,218.0,0.0,720.0,311.0,0.3,484.0,224.0,,,,24,,Joél,Drakes-Thomas,Drakes-Thomas,,,7,0,0,0,1,0,0,0,0,0,0,0,3,,,,0.0,0.0,12.86,0.0,38.57,1,0,2
773,a,,,4.0,726,207.0,0,0.0,0,0.0,0.0,738,251.0,0,0,0.0,616.0,241.0,0,0,0.0,542.0,227.0,0.0,0.0,0.0,426,12,264,8,0.0,0.0,0.0,0.0,0.0,0.0,0.0,0.0,0.0,0.0,0.0,607.0,241.0,0.0,600.0,241.0,0.0,568.0,237.0,0.0,609.0,241.0,,,,24,,Dean,Benamar,Benamar,,,0,0,0,0,0,0,0,0,0,0,0,0,0,,,,0.0,0.0,0.0,0.0,0.0,0,0,0
780,a,,,4.5,503,72.0,0,0.0,0,0.0,0.0,712,86.0,0,0,0.0,738.0,80.0,0,0,0.0,694.0,70.0,0.0,0.0,0.0,1139,93,386,36,0.0,0.0,0.0,0.0,0.0,0.0,0.0,0.0,0.0,0.0,0.0,738.0,80.0,0.0,733.0,79.0,0.0,716.0,79.0,0.0,738.0,80.0,,,,24,,Ben,Casey,Casey,,,0,0,0,0,0,0,0,0,0,0,0,0,0,,,,0.0,0.0,0.0,0.0,0.0,0,0,0
793,a,,,4.0,714,195.0,0,0.0,0,0.0,0.0,744,254.0,0,0,0.0,608.0,233.0,0,0,0.0,534.0,219.0,0.0,0.0,0.0,457,51,140,19,0.0,0.0,0.0,0.0,0.0,0.0,0.0,0.0,0.0,0.0,0.0,598.0,232.0,0.0,591.0,232.0,0.0,559.0,228.0,0.0,600.0,232.0,,,,24,,George,King,King,,,0,0,0,0,0,0,0,0,0,0,0,0,0,,,,0.0,0.0,0.0,0.0,0.0,0,0,0
798,a,,,4.0,692,178.0,0,0.0,0,0.0,0.0,782,262.0,0,0,0.0,590.0,220.0,0,0,0.0,514.0,204.0,0.0,0.0,0.0,117,13,29,10,0.0,0.0,0.0,0.0,0.0,0.0,0.0,0.0,0.0,0.0,0.0,580.0,219.0,0.0,573.0,219.0,0.0,540.0,214.0,0.0,582.0,219.0,,,,24,,Danny,Imray,Imray,,,0,0,0,0,0,0,0,0,0,0,0,0,0,,,,0.0,0.0,0.0,0.0,0.0,0,0,0
242,a,100.0,100.0,4.9,311,193.0,0,0.0,-1,1.0,2.2,120,41.0,78,2,4.6,30.0,14.0,10,304,0.6,324.0,144.0,0.1,15.9,0.0,1538985,3385,1805137,2045,0.6,0.6,1.99,2.81,4.8,19.13,0.13,0.18,0.31,1.25,299.4,153.0,56.0,326.7,56.0,45.0,214.0,94.0,58.0,84.0,85.0,51.0,2.0,,,24,,Kiernan,Dewsbury-Hall,Dewsbury-Hall,,,1380,4,3,6,17,0,0,0,5,0,0,16,115,,,,0.0,0.39,1.11,1.04,7.5,29,28,58
287,a,,,5.6,126,2.0,0,0.0,1,-1.0,14.2,26,4.0,105,2,4.4,40.0,1.0,11,406,3.8,65.0,4.0,0.7,18.8,0.0,1436962,14357,1084668,10439,3.8,3.8,0.0,0.13,0.13,34.83,0.0,0.01,0.01,1.45,577.8,16.0,4.0,0.1,475.0,16.0,0.0,796.0,91.0,57.8,172.0,7.0,,,,24,,Jordan,Pickford,Pickford,,,2160,0,0,9,27,0,1,0,0,0,66,24,97,,,,2.75,0.38,1.12,1.0,0.0,1,34,206
288,a,,,4.3,580,28.0,0,0.0,-2,2.0,0.1,455,70.0,0,0,0.0,629.0,87.0,0,0,0.0,566.0,83.0,0.0,0.0,0.0,4109,20,11373,44,0.0,0.0,0.0,0.0,0.0,0.0,0.0,0.0,0.0,0.0,0.0,620.0,87.0,0.0,616.0,79.0,0.0,588.0,66.0,0.0,622.0,87.0,,,,24,,Mark,Travers,Travers,,,0,0,0,0,0,0,0,0,0,0,0,0,0,,,,0.0,0.0,0.0,0.0,0.0,0,0,0
289,u,0.0,0.0,3.9,750,79.0,0,0.0,-1,1.0,0.1,472,73.0,0,0,0.0,537.0,47.0,0,0,0.0,460.0,41.0,0.0,0.0,0.0,4633,0,9228,88,0.0,0.0,0.0,0.0,0.0,0.0,0.0,0.0,0.0,0.0,0.0,527.0,47.0,0.0,517.0,33.0,0.0,482.0,18.0,0.0,529.0,47.0,,,,24,,Harry,Tyrer,Tyrer,has joined Cardiff City permanently.,,0,0,0,0,0,0,0,0,0,0,0,0,0,,,,0.0,0.0,0.0,0.0,0.0,0,0,0
290,a,100.0,100.0,5.3,200,25.0,0,0.0,-2,2.0,0.2,392,143.0,2,1,1.0,484.0,169.0,0,11,0.4,362.0,137.0,0.1,0.4,0.0,6447,928,69045,122,0.4,0.4,0.02,0.03,0.05,1.61,0.01,0.02,0.03,1.09,18.6,434.0,162.0,15.4,388.0,141.0,8.0,397.0,148.0,4.2,440.0,159.0,,,,24,,Jarrad,Branthwaite,Branthwaite,,,133,0,0,0,1,0,0,0,1,0,0,1,6,,,,0.0,0.0,0.68,0.68,4.06,1,5,10
291,a,,,5.8,103,7.0,0,0.0,3,-3.0,14.2,28,9.0,114,2,4.8,21.0,10.0,6,414,4.0,57.0,21.0,0.7,19.7,0.0,2187477,12566,1238592,19736,4.0,4.0,1.24,1.28,2.52,34.83,0.05,0.05,0.1,1.45,627.0,10.0,5.0,173.4,150.0,38.0,190.0,114.0,20.0,99.4,54.0,9.0,,,,24,,James,Tarkowski,Tarkowski,,,2160,0,1,9,27,0,0,0,4,0,0,24,292,,,,0.0,0.38,1.12,1.0,11.08,36,230,57
292,d,75.0,100.0,4.9,313,51.0,0,0.0,-1,1.0,0.7,207,79.0,64,0,3.2,156.0,61.0,1,228,2.0,189.0,68.0,0.4,13.1,0.0,132734,92,141762,3799,1.5,2.0,0.28,1.35,1.63,28.35,0.01,0.07,0.08,1.42,319.2,131.0,58.0,217.1,116.0,31.0,57.0,286.0,88.0,59.3,163.0,52.0,,,,24,,Vitalii,Mykolenko,Mykolenko,Knock - 75% chance of playing,,1795,0,0,7,25,0,0,0,4,0,0,20,162,,,,0.0,0.35,1.25,1.0,7.02,27,113,66
293,a,,,4.9,337,56.0,0,0.0,-1,1.0,0.8,200,77.0,85,5,3.5,119.0,43.0,2,290,4.0,54.0,20.0,0.8,17.3,0.0,138824,2087,108937,829,4.0,4.0,0.68,0.61,1.29,34.01,0.03,0.03,0.06,1.51,388.0,88.0,40.0,194.8,134.0,33.0,113.0,200.0,49.0,69.9,123.0,38.0,,,,24,,Jake,O'Brien,O'Brien,,,2028,0,2,8,26,0,0,0,1,0,0,22,182,,,,0.0,0.36,1.15,0.98,6.83,34,120,78
294,a,100.0,100.0,4.2,623,142.0,0,0.0,-3,3.0,0.1,485,175.0,3,0,1.0,446.0,166.0,0,10,0.0,547.0,230.0,0.0,0.7,0.0,5368,53,17067,22,0.0,0.0,0.0,0.0,0.0,0.24,0.0,0.0,0.0,1.96,0.0,612.0,244.0,0.1,469.0,171.0,0.0,573.0,240.0,0.0,614.0,244.0,,,,24,,Séamus,Coleman,Coleman,,,11,0,0,0,0,0,0,0,0,0,0,1,0,,,,0.0,0.0,0.0,8.18,0.0,0,0,1
295,a,100.0,100.0,4.7,376,63.0,0,0.0,2,-2.0,4.0,85,28.0,98,2,4.9,18.0,8.0,8,291,1.4,246.0,91.0,0.3,20.9,0.0,1335530,4460,893119,4779,1.4,1.4,1.74,0.17,1.91,29.52,0.09,0.01,0.1,1.5,536.4,26.0,10.0,26.5,368.0,132.0,201.0,105.0,15.0,76.3,107.0,35.0,,,,24,,Michael,Keane,Keane,,,1766,3,0,6,26,0,0,0,0,1,0,20,233,,,,0.0,0.31,1.33,1.02,10.35,23,180,58
296,a,100.0,100.0,4.4,531,113.0,0,0.0,-1,1.0,0.0,606,217.0,21,1,3.5,116.0,41.0,0,68,2.4,162.0,55.0,0.5,4.8,0.0,5263,51,4983,101,2.4,2.4,0.03,0.04,0.07,3.55,0.01,0.02,0.03,1.35,63.6,375.0,145.0,6.4,428.0,155.0,17.0,370.0,130.0,8.6,407.0,147.0,,,,24,,Nathan,Patterson,Patterson,,,237,0,0,2,1,0,0,0,0,0,0,3,30,,,,0.0,0.76,0.38,1.14,11.39,10,20,14
297,a,,,3.8,791,244.0,0,0.0,-2,2.0,0.2,379,139.0,0,0,0.0,510.0,185.0,0,0,0.0,430.0,165.0,0.0,0.0,0.0,9185,35,19446,57,0.0,0.0,0.0,0.0,0.0,0.0,0.0,0.0,0.0,0.0,0.0,500.0,184.0,0.0,487.0,182.0,0.0,451.0,174.0,0.0,502.0,184.0,,,,24,,Roman,Dixon,Dixon,,,0,0,0,0,0,0,0,0,0,0,0,0,0,,,,0.0,0.0,0.0,0.0,0.0,0,0,0
298,a,,,3.8,789,242.0,0,0.0,-2,2.0,0.1,423,158.0,0,0,0.0,508.0,183.0,0,0,0.0,428.0,163.0,0.0,0.0,0.0,6772,32,14001,40,0.0,0.0,0.0,0.0,0.0,0.0,0.0,0.0,0.0,0.0,0.0,498.0,182.0,0.0,485.0,180.0,0.0,449.0,172.0,0.0,500.0,182.0,,,,24,,Reece,Welch,Welch,,,0,0,0,0,0,0,0,0,0,0,0,0,0,,,,0.0,0.0,0.0,0.0,0.0,0,0,0
299,a,100.0,100.0,6.2,75,49.0,0,0.0,-3,3.0,4.1,84,28.0,77,2,4.3,47.0,22.0,3,315,0.8,309.0,139.0,0.1,12.4,0.0,1621760,3744,2423760,4087,0.8,0.8,3.34,3.05,6.39,21.94,0.2,0.18,0.38,1.3,363.4,102.0,34.0,264.0,89.0,66.0,315.0,52.0,32.0,94.4,62.0,41.0,,,1.0,24,,Iliman,Ndiaye,Ndiaye,,,1523,4,2,6,21,0,0,0,2,0,0,18,165,,,,0.0,0.35,1.24,1.06,9.75,42,19,104
300,a,,,5.5,145,90.0,0,0.0,-5,5.0,0.2,385,130.0,29,0,2.1,318.0,142.0,0,99,1.8,216.0,95.0,0.3,5.3,0.0,30570,74,57757,437,1.8,1.8,0.46,0.68,1.14,12.17,0.07,0.1,0.17,1.78,76.0,356.0,159.0,127.8,194.0,129.0,45.0,307.0,161.0,24.9,326.0,158.0,,,,24,,Dwight,McNeil,McNeil,,,615,0,2,3,4,0,0,0,1,0,0,7,53,,,,0.0,0.44,0.59,1.02,7.76,11,11,31
301,a,100.0,100.0,5.2,218,135.0,0,0.0,-3,3.0,0.1,497,175.0,26,1,1.6,387.0,172.0,0,111,0.2,410.0,189.0,0.0,5.0,0.0,16562,35,28520,24,0.2,0.2,1.04,0.44,1.48,13.03,0.14,0.06,0.2,1.76,83.0,348.0,155.0,144.5,174.0,117.0,156.0,145.0,84.0,38.4,260.0,127.0,,,,24,,Carlos,Alcaraz Durán,Alcaraz,,,667,0,1,3,8,0,0,0,3,0,0,6,64,,,,0.0,0.4,1.08,0.81,8.64,13,10,41
302,a,100.0,100.0,5.4,156,97.0,0,0.0,-1,1.0,0.1,489,172.0,52,2,3.5,122.0,58.0,4,244,1.6,237.0,105.0,0.3,9.6,0.0,20935,161,26599,73,1.6,1.6,1.17,0.8,1.97,18.74,0.09,0.06,0.15,1.38,231.0,204.0,89.0,150.6,169.0,112.0,129.0,182.0,103.0,51.1,203.0,105.0,,,,24,,Idrissa Gana,Gueye,Gana,,,1220,2,1,3,15,0,0,0,0,1,0,15,125,,,,0.0,0.22,1.11,1.11,9.22,31,30,64
303,a,,,5.2,212,132.0,0,0.0,2,-2.0,4.6,79,27.0,105,4,4.4,39.0,18.0,10,523,4.0,55.0,24.0,0.8,20.2,0.0,896597,11691,346330,9900,4.0,4.0,1.65,3.21,4.86,34.77,0.07,0.13,0.2,1.45,550.0,22.0,6.0,486.1,19.0,18.0,179.0,122.0,71.0,121.6,30.0,24.0,3.0,3.0,,24,,James,Garner,Garner,,,2153,2,3,9,27,0,0,0,5,0,0,24,298,,,,0.0,0.38,1.13,1.0,12.46,73,99,126
304,a,100.0,25.0,4.8,367,229.0,0,0.0,-2,2.0,0.0,615,237.0,49,0,2.7,229.0,96.0,1,155,2.2,180.0,80.0,0.5,10.2,0.0,5005,26,5895,41,2.2,0.6,0.35,0.58,0.93,15.04,0.03,0.06,0.09,1.45,162.8,263.0,113.0,79.6,261.0,157.0,46.0,302.0,158.0,28.7,304.0,146.0,,,,24,,Tim,Iroegbunam,Iroegbunam,,,933,0,3,7,9,0,0,0,8,0,0,11,126,,,,0.0,0.68,0.87,1.06,12.15,43,28,55
305,a,100.0,100.0,4.5,494,304.0,0,0.0,0,0.0,0.1,535,190.0,12,2,2.0,323.0,143.0,0,40,2.2,179.0,79.0,0.5,2.7,0.0,6684,292,15473,64,2.2,2.2,0.0,0.13,0.13,4.88,0.0,0.04,0.04,1.4,37.8,404.0,178.0,35.5,352.0,183.0,10.0,384.0,193.0,8.4,410.0,185.0,,,,24,,Harrison,Armstrong,Armstrong,,,314,0,0,1,4,0,0,0,0,0,0,4,33,,,,0.0,0.29,1.15,1.15,9.46,7,12,14
306,a,,,4.3,608,354.0,0,0.0,-2,2.0,0.1,513,183.0,0,0,0.0,640.0,242.0,0,0,0.0,578.0,203.0,0.0,0.0,0.0,10029,107,12627,76,0.0,0.0,0.0,0.0,0.0,0.0,0.0,0.0,0.0,0.0,0.0,631.0,233.0,0.0,628.0,238.0,0.0,601.0,226.0,0.0,633.0,235.0,,,,24,,Callum,Bates,Bates,,,0,0,0,0,0,0,0,0,0,0,0,0,0,,,,0.0,0.0,0.0,0.0,0.0,0,0,0
307,a,,,4.4,543,326.0,0,0.0,-1,1.0,0.0,602,231.0,0,0,0.0,660.0,255.0,0,0,0.0,604.0,218.0,0.0,0.0,0.0,4155,24,5855,29,0.0,0.0,0.0,0.0,0.0,0.0,0.0,0.0,0.0,0.0,0.0,652.0,247.0,0.0,649.0,252.0,0.0,624.0,241.0,0.0,654.0,249.0,,,,24,,Coby,Ebere,Ebere,,,0,0,0,0,0,0,0,0,0,0,0,0,0,,,,0.0,0.0,0.0,0.0,0.0,0,0,0
308,u,0.0,0.0,4.5,448,268.0,0,0.0,0,0.0,0.0,684,284.0,0,0,0.0,698.0,281.0,0,0,0.0,649.0,248.0,0.0,0.0,0.0,458,0,3721,2,0.0,0.0,0.0,0.0,0.0,0.0,0.0,0.0,0.0,0.0,0.0,694.0,277.0,0.0,691.0,279.0,0.0,671.0,271.0,0.0,695.0,278.0,,,,24,,Isaac,Heath,Heath,has joined Accrington on loan for the rest of the season.,,0,0,0,0,0,0,0,0,0,0,0,0,0,,,,0.0,0.0,0.0,0.0,0.0,0,0,0
309,u,0.0,0.0,4.5,444,266.0,0,0.0,0,0.0,0.0,806,360.0,0,0,0.0,696.0,279.0,0,0,0.0,647.0,246.0,0.0,0.0,0.0,0,0,110,1,0.0,0.0,0.0,0.0,0.0,0.0,0.0,0.0,0.0,0.0,0.0,692.0,275.0,0.0,689.0,277.0,0.0,669.0,269.0,0.0,693.0,276.0,,,,24,,Jenson,Metcalfe,Metcalfe,Has joined Bradford City permanently.,,0,0,0,0,0,0,0,0,0,0,0,0,0,,,,0.0,0.0,0.0,0.0,0.0,0,0,0
310,a,,,5.7,122,33.0,0,0.0,-3,3.0,1.3,165,28.0,61,2,2.5,264.0,27.0,5,193,5.4,21.0,6.0,0.9,10.7,0.0,228376,5728,152589,4633,5.4,5.4,3.8,0.35,4.15,21.28,0.25,0.02,0.27,1.41,212.8,217.0,18.0,142.1,177.0,16.0,341.0,45.0,18.0,68.2,130.0,17.0,,,,24,,Thierno,Barry,Barry,,,1357,5,0,7,18,0,0,0,2,0,0,16,46,,,,0.0,0.46,1.19,1.06,3.05,2,23,21
311,a,,,5.0,264,54.0,0,0.0,-5,5.0,2.4,118,19.0,45,7,1.9,345.0,36.0,3,115,3.0,116.0,17.0,0.6,9.0,0.0,431145,2895,1091993,1572,3.0,3.0,5.05,0.14,5.19,14.97,0.55,0.02,0.57,1.62,158.8,268.0,26.0,53.6,309.0,33.0,324.0,48.0,19.0,52.1,198.0,22.0,,,2.0,24,,Norberto Bercique,Gomes Betuncal,Beto,,,832,3,0,2,12,0,0,0,1,0,0,8,49,,,,0.0,0.22,1.3,0.87,5.3,9,24,16
312,u,0.0,0.0,4.9,336,61.0,0,0.0,-1,1.0,0.1,534,75.0,0,0,0.0,766.0,84.0,0,0,0.0,735.0,75.0,0.0,0.0,0.0,2418,0,14448,6,0.0,0.0,0.0,0.0,0.0,0.0,0.0,0.0,0.0,0.0,0.0,766.0,84.0,0.0,762.0,83.0,0.0,754.0,83.0,0.0,766.0,84.0,,,,24,,Youssef,Ramalho Chermiti,Y.Chermiti,has joined Rangers permanently.,,0,0,0,0,0,0,0,0,0,0,0,0,0,,,,0.0,0.0,0.0,0.0,0.0,0,0,0
313,a,100.0,100.0,4.4,550,77.0,0,0.0,-1,1.0,0.1,439,64.0,0,0,0.0,665.0,69.0,0,0,0.0,609.0,59.0,0.0,0.0,0.0,8843,136,25541,47,0.0,0.0,0.0,0.0,0.0,0.0,0.0,0.0,0.0,0.0,0.0,658.0,69.0,0.0,654.0,68.0,0.0,630.0,68.0,0.0,660.0,69.0,,,,24,,Martin,Sherif,Sherif,,,0,0,0,0,0,0,0,0,0,0,0,0,0,,,,0.0,0.0,0.0,0.0,0.0,0,0,0
419,i,0.0,0.0,6.3,63,42.0,-1,1.0,-2,2.0,6.9,55,20.0,79,0,4.0,71.0,34.0,12,356,2.4,172.0,77.0,0.4,12.5,0.0,3789977,39,3637505,21877,0.0,0.0,2.05,3.37,5.41,25.81,0.11,0.19,0.3,1.43,374.2,96.0,31.0,520.5,16.0,16.0,397.0,30.0,15.0,129.2,23.0,19.0,,,,24,,Jack,Grealish,Grealish,Foot injury - Expected back 01 Jun,,1627,2,6,7,23,0,0,0,3,1,0,18,135,,,,0.0,0.39,1.27,1.0,7.47,20,27,88
667,a,100.0,100.0,4.2,637,150.0,0,0.0,-3,3.0,0.1,568,205.0,0,0,0.0,623.0,244.0,0,0,0.0,553.0,232.0,0.0,0.0,0.0,2416,15,12055,25,0.0,0.0,0.0,0.0,0.0,0.0,0.0,0.0,0.0,0.0,0.0,615.0,245.0,0.0,610.0,244.0,0.0,580.0,241.0,0.0,617.0,245.0,,,,24,,Adam,Aznou,Aznou,,,0,0,0,0,0,0,0,0,0,0,0,0,0,,,,0.0,0.0,0.0,0.0,0.0,0,0,0
704,u,0.0,0.0,4.5,434,259.0,0,0.0,0,0.0,0.1,580,216.0,0,0,0.0,691.0,274.0,0,0,0.0,641.0,240.0,0.0,0.0,0.0,8420,0,10078,13,0.0,0.0,0.0,0.0,0.0,0.0,0.0,0.0,0.0,0.0,0.0,686.0,269.0,0.0,684.0,272.0,0.0,663.0,264.0,0.0,688.0,271.0,,,,24,,Tyler,Onyango,Onyango,has joined Stockport County on loan for the rest of the season.,,0,0,0,0,0,0,0,0,0,0,0,0,0,,,,0.0,0.0,0.0,0.0,0.0,0,0,0
705,a,,,3.9,762,222.0,0,0.0,-1,1.0,0.2,394,144.0,0,0,0.0,545.0,199.0,0,0,0.0,468.0,182.0,0.0,0.0,0.0,18478,54,15356,65,0.0,0.0,0.0,0.0,0.0,0.0,0.0,0.0,0.0,0.0,0.0,535.0,198.0,0.0,525.0,198.0,0.0,490.0,191.0,0.0,537.0,198.0,,,,24,,Elijah,Campbell,Campbell,,,0,0,0,0,0,0,0,0,0,0,0,0,0,,,,0.0,0.0,0.0,0.0,0.0,0,0,0
707,a,,,5.3,202,125.0,0,0.0,-2,2.0,0.0,641,259.0,17,1,1.3,423.0,191.0,0,46,0.6,328.0,148.0,0.1,3.2,0.0,7471,12,6613,39,0.6,0.6,0.2,0.14,0.34,5.98,0.05,0.04,0.09,1.55,46.0,393.0,174.0,61.0,295.0,169.0,32.0,333.0,176.0,13.6,375.0,175.0,,,,24,,Tyler,Dibling,Dibling,,,348,0,0,2,2,0,0,0,2,0,0,4,40,,,,0.0,0.52,0.52,1.03,10.34,7,11,22
728,a,100.0,100.0,5.0,275,168.0,0,0.0,0,0.0,0.0,703,296.0,16,0,1.6,385.0,171.0,0,39,1.0,284.0,126.0,0.2,3.2,0.0,1351,22,1270,29,1.0,1.0,0.5,0.17,0.67,6.27,0.13,0.04,0.17,1.6,61.2,378.0,165.0,65.9,281.0,164.0,32.0,332.0,175.0,15.9,365.0,171.0,,,,24,,Merlin,Röhl,Röhl,,,353,0,0,2,4,0,0,0,0,0,0,2,43,,,,0.0,0.51,1.02,0.51,10.96,15,10,18
779,a,,,4.5,501,71.0,0,0.0,0,0.0,0.0,679,84.0,0,0,0.0,737.0,79.0,0,0,0.0,692.0,69.0,0.0,0.0,0.0,1752,143,655,56,0.0,0.0,0.0,0.0,0.0,0.0,0.0,0.0,0.0,0.0,0.0,737.0,79.0,0.0,732.0,78.0,0.0,715.0,78.0,0.0,737.0,79.0,,,,24,,Braiden,Graham,Graham,,,0,0,0,0,0,0,0,0,0,0,0,0,0,,,,0.0,0.0,0.0,0.0,0.0,0,0,0
314,a,,,4.9,287,11.0,0,0.0,-1,1.0,1.6,149,20.0,72,2,3.0,190.0,17.0,3,327,2.4,164.0,16.0,0.5,14.7,0.0,198900,603,219127,876,2.4,2.4,0.0,0.0,0.0,33.71,0.0,0.0,0.0,1.4,549.4,23.0,8.0,0.0,747.0,88.0,0.0,737.0,82.0,54.8,186.0,8.0,,,,24,,Bernd,Leno,Leno,,,2160,0,0,5,35,0,0,0,3,0,63,24,107,,,,2.62,0.21,1.46,1.0,0.0,3,31,195
315,a,100.0,100.0,4.0,670,49.0,0,0.0,0,0.0,0.0,732,84.0,0,0,0.0,571.0,67.0,0,0,0.0,494.0,61.0,0.0,0.0,0.0,498,56,589,20,0.0,0.0,0.0,0.0,0.0,0.0,0.0,0.0,0.0,0.0,0.0,561.0,67.0,0.0,554.0,56.0,0.0,521.0,41.0,0.0,563.0,67.0,,,,24,,Steven,Benda,Benda,,,0,0,0,0,0,0,0,0,0,0,0,0,0,,,,0.0,0.0,0.0,0.0,0.0,0,0,0
316,a,100.0,100.0,4.9,295,46.0,0,0.0,-1,1.0,0.8,204,78.0,33,1,2.8,217.0,85.0,4,142,1.4,249.0,92.0,0.3,6.7,0.0,136010,1138,156843,887,1.4,1.4,0.22,1.11,1.33,13.24,0.02,0.12,0.14,1.49,192.4,238.0,99.0,207.2,126.0,32.0,34.0,328.0,105.0,43.4,238.0,82.0,,,,24,,Antonee,Robinson,Robinson,,,801,0,0,2,10,0,0,0,0,0,0,9,69,,,,0.0,0.22,1.12,1.01,7.64,26,42,48
318,a,100.0,100.0,4.4,528,110.0,0,0.0,-1,1.0,0.4,282,107.0,56,1,3.3,138.0,52.0,6,181,0.2,383.0,146.0,0.0,12.7,0.0,97454,675,117295,254,0.2,0.2,0.91,0.18,1.09,20.94,0.06,0.01,0.07,1.38,342.0,112.0,50.0,75.1,270.0,85.0,56.0,289.0,90.0,47.5,217.0,72.0,,,,24,,Calvin,Bassey,Bassey,,,1362,1,0,3,26,0,0,0,3,0,0,15,162,,,,0.0,0.2,1.72,0.99,8.06,33,89,67
319,a,,,4.3,575,126.0,0,0.0,-2,2.0,0.1,460,169.0,26,1,1.4,405.0,146.0,0,119,1.6,224.0,80.0,0.4,6.0,0.0,17503,134,23314,60,1.6,1.6,0.94,0.49,1.43,19.69,0.08,0.04,0.12,1.71,206.8,227.0,92.0,129.4,191.0,48.0,85.0,242.0,69.0,42.2,244.0,84.0,,,,24,,Timothy,Castagne,Castagne,,,1034,0,1,0,22,0,0,0,3,0,0,11,106,,,,0.0,0.0,1.91,0.96,7.92,22,69,32
320,a,,,4.3,577,128.0,0,0.0,-2,2.0,0.1,521,187.0,10,0,1.2,427.0,154.0,0,29,0.8,296.0,107.0,0.2,2.3,0.0,6567,30,10789,29,0.8,0.8,0.02,0.03,0.05,8.18,0.0,0.01,0.01,1.79,72.4,363.0,138.0,4.3,432.0,157.0,8.0,391.0,145.0,8.5,409.0,148.0,,,,24,,Issa,Diop,Diop,,,412,0,0,0,9,0,0,0,1,0,0,4,42,,,,0.0,0.0,1.97,0.87,7.65,5,30,10
321,a,,,4.3,583,132.0,0,0.0,-2,2.0,0.1,561,201.0,35,1,3.2,152.0,58.0,1,145,2.2,177.0,62.0,0.5,8.1,0.0,5422,161,5934,36,2.2,2.2,0.05,0.52,0.57,12.43,0.01,0.06,0.07,1.33,215.2,214.0,86.0,45.9,325.0,110.0,14.0,374.0,132.0,27.6,311.0,105.0,,,,24,,Jorge,Cuenca Barreno,J.Cuenca,,,838,0,0,2,9,0,0,0,4,0,0,10,106,,,,0.0,0.21,0.97,1.07,10.74,15,85,36
322,d,75.0,75.0,4.5,410,75.0,0,0.0,0,0.0,0.3,324,120.0,65,0,4.1,58.0,24.0,5,251,0.0,625.0,245.0,0.0,14.4,0.0,154637,9,145935,534,0.0,0.0,0.38,0.92,1.3,19.78,0.03,0.06,0.09,1.32,322.4,126.0,55.0,137.2,183.0,44.0,79.0,249.0,71.0,53.9,189.0,62.0,,,,24,,Kenny,Tete,Tete,Lack of match fitness - 75% chance of playing,,1346,1,0,5,18,0,0,0,2,0,0,16,149,,,,0.0,0.33,1.2,1.07,8.42,51,75,56
324,a,100.0,100.0,6.3,64,43.0,0,0.0,-2,2.0,0.7,209,70.0,60,2,3.3,147.0,66.0,5,289,0.8,310.0,140.0,0.1,9.5,0.0,285068,755,390754,354,0.8,0.8,0.82,2.37,3.19,23.69,0.05,0.14,0.19,1.42,290.0,161.0,61.0,412.6,33.0,32.0,157.0,142.0,83.0,86.1,78.0,47.0,5.0,,,24,,Alex,Iwobi,Iwobi,,,1506,2,2,3,28,0,0,0,2,0,0,18,112,,,,0.0,0.18,1.67,1.08,6.69,18,21,73
325,a,100.0,100.0,5.6,129,79.0,0,0.0,-4,4.0,0.6,236,82.0,56,2,2.3,289.0,126.0,1,246,2.8,136.0,59.0,0.5,10.0,0.0,152699,600,195031,980,2.8,2.8,3.01,0.71,3.72,18.92,0.24,0.06,0.3,1.53,210.0,223.0,95.0,218.1,114.0,81.0,232.0,84.0,53.0,66.1,139.0,75.0,,,,24,,Emile,Smith Rowe,Smith Rowe,,,1116,3,1,3,16,0,0,0,1,0,0,12,92,,,,0.0,0.24,1.29,0.97,7.42,15,28,49
327,u,0.0,0.0,5.3,188,115.0,0,0.0,-2,2.0,0.1,550,200.0,0,0,0.0,787.0,348.0,0,0,0.0,769.0,339.0,0.0,0.0,0.0,2438,0,35508,4,0.0,0.0,0.0,0.0,0.0,0.0,0.0,0.0,0.0,0.0,0.0,787.0,348.0,0.0,786.0,348.0,0.0,781.0,347.0,0.0,787.0,348.0,,,,24,,Andreas,Hoelgebaum Pereira,Andreas,has joined Palmeiras permanently.,,0,0,0,0,0,0,0,0,0,0,0,0,0,,,,0.0,0.0,0.0,0.0,0.0,0,0,0
328,a,100.0,100.0,5.4,163,101.0,0,0.0,-1,1.0,0.2,409,138.0,65,4,3.8,91.0,42.0,5,223,1.8,212.0,92.0,0.3,12.0,0.0,141808,124,135780,123,1.8,1.8,0.92,1.3,2.22,18.06,0.07,0.09,0.16,1.31,287.4,163.0,62.0,136.1,186.0,125.0,143.0,162.0,91.0,56.4,180.0,96.0,,,,24,,Ryan,Sessegnon,Sessegnon,,,1237,2,3,4,22,0,0,0,0,0,0,14,142,,,,0.0,0.29,1.6,1.02,10.33,29,67,46
329,a,100.0,100.0,6.1,80,53.0,0,0.0,6,-6.0,24.4,15,5.0,116,2,5.0,13.0,6.0,16,443,5.8,14.0,10.0,1.0,19.0,0.0,4090171,44178,1082437,21282,5.8,5.8,3.97,2.93,6.9,24.78,0.2,0.15,0.35,1.26,501.2,41.0,10.0,411.6,34.0,33.0,429.0,27.0,14.0,134.0,20.0,16.0,3.0,3.0,3.0,24,,Harry,Wilson,Wilson,,,1764,8,6,6,24,0,0,0,6,0,0,21,118,,,,0.0,0.31,1.22,1.07,6.02,20,42,56
330,a,,,4.9,304,188.0,0,0.0,-1,1.0,0.1,514,184.0,59,2,2.5,259.0,112.0,3,361,3.2,98.0,43.0,0.7,12.0,0.0,9978,114,11142,69,3.2,3.2,0.85,0.92,1.77,31.2,0.04,0.04,0.08,1.41,337.8,118.0,39.0,262.9,90.0,67.0,51.0,298.0,154.0,65.4,141.0,77.0,,,,24,,Sander,Berge,Berge,,,1991,0,2,5,33,1,0,0,4,0,0,23,195,,,,0.0,0.23,1.49,1.04,8.81,38,68,89
331,a,100.0,100.0,4.8,348,217.0,0,0.0,-2,2.0,0.0,629,249.0,24,1,1.5,399.0,177.0,1,100,1.4,247.0,107.0,0.3,5.0,0.0,2437,24,4197,31,1.4,1.4,0.85,0.28,1.13,8.14,0.17,0.06,0.23,1.62,78.0,353.0,158.0,85.1,250.0,152.0,48.0,300.0,156.0,21.2,344.0,165.0,,,,24,,Tom,Cairney,Cairney,,,453,1,0,0,9,0,0,0,2,0,0,3,34,,,,0.0,0.0,1.79,0.6,6.75,3,7,24
332,i,0.0,0.0,4.9,308,191.0,0,0.0,-1,1.0,0.1,552,201.0,50,0,2.6,242.0,106.0,3,225,1.0,282.0,124.0,0.2,10.2,0.0,14535,1,18405,66,0.0,0.0,1.74,1.35,3.09,18.45,0.13,0.1,0.23,1.37,232.0,203.0,88.0,338.7,52.0,42.0,119.0,196.0,109.0,68.9,128.0,71.0,1.0,,,24,,Saša,Lukić,Lukić,Hamstring injury - Expected back 22 Feb,,1208,1,3,4,17,0,0,0,6,0,0,15,127,,,,0.0,0.3,1.27,1.12,9.46,35,43,49
333,u,0.0,0.0,4.5,472,288.0,0,0.0,0,0.0,0.0,660,271.0,0,0,0.0,714.0,295.0,0,0,0.0,667.0,264.0,0.0,0.0,0.0,898,0,6549,1,0.0,0.0,0.0,0.0,0.0,0.0,0.0,0.0,0.0,0.0,0.0,712.0,293.0,0.0,708.0,294.0,0.0,690.0,288.0,0.0,713.0,294.0,,,,24,,Martial,Godo,Godo,has joined Strasbourg permanently.,,0,0,0,0,0,0,0,0,0,0,0,0,0,,,,0.0,0.0,0.0,0.0,0.0,0,0,0
334,u,0.0,0.0,4.5,452,271.0,0,0.0,0,0.0,0.0,794,350.0,0,0,0.0,701.0,284.0,0,0,0.0,652.0,251.0,0.0,0.0,0.0,0,0,305,0,0.0,0.0,0.0,0.0,0.0,0.0,0.0,0.0,0.0,0.0,0.0,697.0,280.0,0.0,694.0,282.0,0.0,674.0,274.0,0.0,698.0,281.0,,,,24,,Luke,Harris,Harris,Has joined Oxford United on loan for the rest of the season.,,0,0,0,0,0,0,0,0,0,0,0,0,0,,,,0.0,0.0,0.0,0.0,0.0,0,0,0
335,a,100.0,100.0,4.4,556,334.0,0,0.0,-1,1.0,1.8,140,46.0,36,0,1.8,353.0,157.0,0,124,1.0,280.0,122.0,0.2,8.2,0.0,921001,1562,825200,1544,1.0,1.0,1.17,0.42,1.59,12.9,0.12,0.04,0.16,1.32,104.4,320.0,143.0,105.6,218.0,138.0,172.0,127.0,73.0,37.4,262.0,128.0,,,,24,,Josh,King,King,,,878,0,2,3,15,0,0,0,3,0,0,11,71,,,,0.0,0.31,1.54,1.13,7.28,18,15,38
336,a,,,4.3,574,341.0,0,0.0,-2,2.0,0.3,301,101.0,11,0,2.8,213.0,92.0,2,34,1.8,202.0,89.0,0.4,2.6,0.0,64869,1753,58745,452,1.8,1.8,0.04,0.24,0.28,0.41,0.26,1.54,1.8,2.64,35.6,406.0,180.0,8.4,420.0,204.0,7.0,402.0,196.0,5.1,430.0,194.0,,,,24,,Harrison,Reed,Reed,,,14,1,0,0,1,0,0,0,0,0,0,0,1,,,,0.0,0.0,6.43,0.0,6.43,0,0,1
337,a,100.0,100.0,6.2,72,24.0,0,0.0,-3,3.0,1.9,138,21.0,77,6,3.3,146.0,14.0,5,281,4.0,59.0,10.0,0.6,12.4,0.0,510982,3457,544135,4162,4.0,4.0,7.45,0.69,8.14,24.12,0.43,0.04,0.47,1.38,336.2,119.0,11.0,242.3,100.0,4.0,540.0,15.0,9.0,111.5,37.0,9.0,,1.0,1.0,24,,Raúl,Jiménez Rodríguez,Raúl,,,1575,6,4,5,21,0,0,0,4,0,0,19,92,,,,0.0,0.29,1.2,1.09,5.26,20,31,41
338,d,50.0,25.0,5.3,195,45.0,0,0.0,-2,2.0,0.7,217,34.0,17,0,2.4,274.0,29.0,3,47,0.0,770.0,79.0,0.0,3.2,0.0,255430,33,434130,171,0.0,0.0,0.94,0.01,0.95,5.66,0.24,0.0,0.24,1.46,61.8,377.0,39.0,42.0,335.0,39.0,122.0,193.0,42.0,22.2,337.0,40.0,,,,24,,Rodrigo,Muniz Carvalho,Muniz,Hamstring injury - 50% chance of playing,,348,1,1,1,4,1,0,0,1,0,0,4,19,,,,0.0,0.26,1.03,1.03,4.91,3,9,7
424,i,0.0,0.0,5.1,237,145.0,0,0.0,-4,4.0,0.2,375,125.0,18,0,2.0,326.0,146.0,0,82,0.0,763.0,335.0,0.0,3.5,0.0,82469,215,95388,77,0.0,0.0,0.4,1.15,1.55,5.1,0.08,0.22,0.3,0.99,69.8,365.0,161.0,154.3,165.0,110.0,87.0,240.0,128.0,31.2,293.0,141.0,,,,24,,Oscar,Bobb,Bobb,Hamstring injury - Unknown return date,,464,0,1,2,5,0,0,0,1,0,0,5,29,,,,0.0,0.39,0.97,0.97,5.62,8,3,18
727,d,75.0,75.0,5.3,193,120.0,0,0.0,-2,2.0,0.1,484,169.0,43,2,3.9,78.0,37.0,1,176,1.6,235.0,103.0,0.3,8.1,0.0,93758,209,85655,352,1.2,1.2,1.29,2.2,3.49,7.93,0.23,0.39,0.62,1.42,216.4,211.0,92.0,170.1,153.0,103.0,155.0,146.0,85.0,54.2,188.0,100.0,,,,24,,Samuel,Chukwueze,Chukwueze,Personal Reasons - 75% chance of playing,,502,3,4,0,12,0,0,0,0,0,0,4,41,,,,0.0,0.0,2.15,0.72,7.35,4,8,29
731,a,100.0,100.0,5.8,113,71.0,0,0.0,-2,2.0,0.1,547,198.0,40,6,2.0,330.0,150.0,0,149,2.6,155.0,71.0,0.4,6.9,0.0,31714,322,27536,105,2.6,2.6,0.98,1.31,2.29,12.68,0.11,0.15,0.26,1.41,191.4,242.0,101.0,203.8,128.0,91.0,197.0,107.0,64.0,59.0,165.0,90.0,4.0,,,24,,Kevin,Santos Lopes de Macedo,Kevin,,,808,1,2,4,13,0,0,0,1,0,0,7,66,,,,0.0,0.45,1.45,0.78,7.35,17,15,34
737,a,,,4.5,504,73.0,0,0.0,0,0.0,0.1,492,69.0,4,0,0.8,493.0,60.0,0,11,0.2,393.0,45.0,0.0,0.9,0.0,17338,234,13419,123,0.2,0.2,0.0,0.07,0.07,0.75,0.0,0.21,0.21,2.25,1.2,480.0,57.0,11.4,402.0,53.0,8.0,394.0,54.0,2.1,453.0,55.0,,,,24,,Jonah,Kusi-Asare,Kusi-Asare,,,30,0,0,0,2,0,0,0,1,0,0,0,2,,,,0.0,0.0,6.0,0.0,6.0,0,0,2
770,a,,,4.5,499,309.0,0,0.0,0,0.0,0.0,775,337.0,0,0,0.0,735.0,311.0,0,0,0.0,690.0,282.0,0.0,0.0,0.0,427,15,200,5,0.0,0.0,0.0,0.0,0.0,0.0,0.0,0.0,0.0,0.0,0.0,735.0,311.0,0.0,730.0,311.0,0.0,713.0,306.0,0.0,735.0,311.0,,,,24,,Seth,Ridgeon,Ridgeon,,,0,0,0,0,0,0,0,0,0,0,0,0,0,,,,0.0,0.0,0.0,0.0,0.0,0,0,0
786,a,,,4.0,693,60.0,0,0.0,0,0.0,0.0,767,86.0,0,0,0.0,591.0,78.0,0,0,0.0,515.0,72.0,0.0,0.0,0.0,286,16,122,5,0.0,0.0,0.0,0.0,0.0,0.0,0.0,0.0,0.0,0.0,0.0,581.0,78.0,0.0,574.0,67.0,0.0,541.0,52.0,0.0,583.0,78.0,,,,24,,Alfie,McNally,McNally,,,0,0,0,0,0,0,0,0,0,0,0,0,0,,,,0.0,0.0,0.0,0.0,0.0,0,0,0
168,a,100.0,100.0,4.6,400,247.0,0,0.0,-4,4.0,0.1,481,168.0,2,1,0.7,496.0,233.0,0,5,0.2,396.0,178.0,0.0,0.4,0.0,13808,176,27013,135,0.2,-0.8,0.04,0.1,0.14,1.86,0.05,0.13,0.18,2.43,6.0,455.0,206.0,25.7,369.0,190.0,19.0,366.0,187.0,5.0,432.0,195.0,,,,24,,Facundo,Buonanotte,Buonanotte,,,69,0,0,0,2,0,0,0,1,0,0,1,5,,,,0.0,0.0,2.61,1.3,6.52,1,1,3
340,a,,,3.9,736,72.0,0,0.0,-1,1.0,0.2,410,62.0,0,0,0.0,528.0,40.0,0,0,0.0,450.0,34.0,0.0,0.0,0.0,7552,31,13862,44,0.0,-1.0,0.0,0.0,0.0,0.0,0.0,0.0,0.0,0.0,0.0,518.0,40.0,0.0,508.0,26.0,0.0,473.0,11.0,0.0,520.0,40.0,,,,24,,Alex,Cairns,Cairns,,,0,0,0,0,0,0,0,0,0,0,0,0,0,,,,0.0,0.0,0.0,0.0,0.0,0,0,0
341,a,,,3.9,731,67.0,0,0.0,-1,1.0,2.1,126,17.0,19,1,2.4,268.0,22.0,0,92,1.8,199.0,18.0,0.5,4.9,0.0,170206,2275,249484,818,1.8,0.8,0.0,0.02,0.02,7.61,0.0,0.0,0.0,0.95,166.8,259.0,22.0,0.0,503.0,21.0,0.0,468.0,6.0,16.8,363.0,22.0,,,,24,,Karl,Darlow,Darlow,,,720,0,0,1,13,0,0,0,0,0,20,8,59,,,,2.5,0.12,1.62,1.0,0.0,0,10,78
342,a,100.0,100.0,4.4,524,106.0,0,0.0,-1,1.0,0.2,402,148.0,53,0,2.4,270.0,105.0,0,139,1.6,226.0,82.0,0.4,12.0,0.0,27729,137,34936,119,1.6,0.6,1.15,1.08,2.23,25.84,0.06,0.05,0.11,1.26,240.6,195.0,78.0,179.0,144.0,36.0,134.0,170.0,37.0,55.5,184.0,59.0,,,,24,,Jayden,Bogle,Bogle,,,1840,0,2,4,35,0,0,0,4,0,0,21,158,,,,0.0,0.2,1.71,1.03,5.58,42,72,98
343,a,100.0,100.0,4.3,578,129.0,0,0.0,-2,2.0,0.5,253,95.0,70,2,3.2,151.0,57.0,3,249,4.4,37.0,10.0,1.0,16.3,0.0,85026,4266,69769,659,4.4,3.4,2.35,0.47,2.82,28.86,0.11,0.02,0.13,1.37,473.4,49.0,21.0,106.7,216.0,55.0,201.0,104.0,14.0,78.1,98.0,27.0,,,3.0,24,,Pascal,Struijk,Struijk,,,1898,0,1,4,36,0,0,0,3,0,0,21,219,,,,0.0,0.19,1.71,1.0,9.48,25,175,83
344,i,0.0,0.0,3.9,748,215.0,0,0.0,-1,1.0,0.4,266,100.0,43,0,3.6,104.0,36.0,2,150,1.4,243.0,88.0,0.4,11.0,0.0,98326,13,69982,1313,0.0,0.0,0.48,0.5,0.98,16.9,0.04,0.05,0.09,1.55,268.4,176.0,73.0,37.7,344.0,120.0,129.0,180.0,39.0,43.5,235.0,80.0,,,,24,,Jaka,Bijol,Bijol,Hamstring injury - Expected back 10 Feb,,982,1,2,1,18,0,0,0,1,0,0,11,111,,,,0.0,0.09,1.65,1.01,9.16,14,86,38
345,a,100.0,100.0,3.8,787,240.0,0,0.0,-2,2.0,0.1,420,156.0,16,0,2.3,280.0,108.0,0,48,1.6,222.0,78.0,0.4,4.2,0.0,18840,421,13477,167,1.6,0.6,0.0,0.01,0.01,4.24,0.0,0.0,0.0,1.53,60.4,380.0,147.0,5.1,430.0,156.0,6.0,407.0,153.0,7.1,418.0,151.0,,,,24,,Sebastiaan,Bornauw,Bornauw,,,249,0,0,1,3,0,0,0,0,0,0,3,32,,,,0.0,0.36,1.08,1.08,11.57,5,27,6
346,a,,,3.8,778,232.0,0,0.0,-2,2.0,0.2,369,134.0,1,0,1.0,434.0,156.0,0,-2,0.0,420.0,156.0,0.0,0.3,0.0,22424,63,31936,76,0.0,-1.0,0.0,0.0,0.0,0.79,0.0,0.0,0.0,10.16,0.0,493.0,178.0,0.0,479.0,175.0,0.0,443.0,167.0,0.0,495.0,178.0,,,,24,,Sam,Byram,Byram,,,7,0,0,0,1,0,0,0,0,0,0,0,0,,,,0.0,0.0,12.86,0.0,0.0,0,0,0
347,a,100.0,25.0,3.8,783,236.0,0,0.0,-2,2.0,3.8,90,33.0,54,-1,2.3,279.0,107.0,8,213,1.4,241.0,86.0,0.4,14.2,0.0,858839,3526,740102,3404,1.4,0.1,0.98,1.89,2.86,29.41,0.05,0.09,0.14,1.38,346.6,108.0,47.0,304.5,67.0,15.0,122.0,189.0,40.0,77.4,102.0,30.0,,,,24,,Gabriel,Gudmundsson,Gudmundsson,,,1920,0,0,4,37,1,0,0,3,0,0,22,170,,,,0.0,0.19,1.73,1.03,6.33,50,85,87
348,a,100.0,100.0,3.9,743,212.0,0,0.0,-1,1.0,3.6,94,35.0,70,2,3.2,149.0,56.0,5,225,2.6,142.0,45.0,0.7,17.9,0.0,1015234,6274,852775,1615,2.6,1.6,0.93,0.17,1.1,30.02,0.04,0.01,0.05,1.41,472.8,50.0,22.0,61.9,289.0,95.0,156.0,144.0,26.0,69.2,125.0,39.0,,,,24,,Joe,Rodon,Rodon,,,1920,2,0,3,40,0,0,0,1,0,0,22,205,,,,0.0,0.14,1.88,1.03,8.3,24,153,56
349,u,0.0,0.0,4.0,686,174.0,0,0.0,0,0.0,0.1,537,196.0,0,0,0.0,585.0,217.0,0,0,0.0,508.0,200.0,0.0,0.0,0.0,788,0,15751,15,0.0,0.0,0.0,0.0,0.0,0.0,0.0,0.0,0.0,0.0,0.0,575.0,216.0,0.0,568.0,216.0,0.0,535.0,211.0,0.0,577.0,216.0,,,,24,,Isaac,Schmidt,Schmidt,has joined Werder Bremen on loan for the rest of the season.,,0,0,0,0,0,0,0,0,0,0,0,0,0,,,,0.0,0.0,0.0,0.0,0.0,0,0,0
350,a,,,5.4,171,106.0,0,0.0,-1,1.0,0.9,196,66.0,93,2,4.0,69.0,32.0,5,323,6.0,11.0,8.0,1.1,17.2,0.0,169729,3414,75649,3295,6.0,5.0,3.15,2.78,5.93,20.87,0.19,0.17,0.36,1.26,364.2,101.0,33.0,321.1,58.0,46.0,359.0,39.0,23.0,104.3,44.0,33.0,,,,24,,Brenden,Aaronson,Aaronson,,,1486,4,6,5,23,0,0,0,1,0,0,17,139,,,,0.0,0.3,1.39,1.03,8.42,36,21,82
351,a,100.0,100.0,5.2,217,134.0,0,0.0,-3,3.0,0.1,495,174.0,21,1,1.5,401.0,179.0,0,89,0.8,304.0,136.0,0.2,4.0,0.0,8659,45,39370,60,0.8,-0.2,0.25,0.54,0.79,8.4,0.07,0.14,0.21,2.18,59.0,382.0,168.0,86.0,248.0,150.0,31.0,337.0,178.0,17.7,360.0,170.0,,,,24,,Wilfried,Gnonto,Gnonto,,,346,0,2,1,11,0,0,0,2,0,0,4,37,,,,0.0,0.26,2.86,1.04,9.62,14,9,14
352,u,0.0,0.0,5.1,229,141.0,0,0.0,-4,4.0,0.1,576,214.0,12,0,1.1,432.0,194.0,0,51,0.0,762.0,334.0,0.0,2.4,0.0,6000,0,18093,62,0.0,0.0,0.28,0.23,0.51,3.82,0.1,0.08,0.18,1.31,30.0,414.0,184.0,49.4,319.0,177.0,35.0,326.0,171.0,11.5,392.0,180.0,4.0,,,24,,Jack,Harrison,Harrison,has joined ACF Fiorentina on loan for the rest of the season.,,262,0,0,0,5,0,0,0,0,0,0,1,24,,,,0.0,0.0,1.72,0.34,8.24,5,6,13
353,d,75.0,75.0,5.2,208,130.0,0,0.0,-3,3.0,0.1,477,165.0,13,0,1.3,422.0,190.0,0,50,0.0,765.0,337.0,0.0,2.5,0.0,7319,6,52169,20,0.0,-0.8,0.71,0.56,1.27,8.79,0.18,0.14,0.32,2.27,36.0,405.0,179.0,95.0,232.0,143.0,87.0,241.0,129.0,21.9,338.0,163.0,,,,24,,Daniel,James,James,Lack of match fitness - 75% chance of playing,,348,0,0,1,12,0,0,0,0,0,0,4,18,,,,0.0,0.26,3.1,1.03,4.66,4,2,12
354,a,100.0,100.0,4.9,299,185.0,0,0.0,-1,1.0,0.2,412,139.0,74,2,3.5,118.0,56.0,5,348,3.2,97.0,42.0,0.7,15.1,0.0,31396,334,25067,298,3.2,2.2,1.62,1.3,2.92,27.91,0.08,0.06,0.14,1.35,369.4,97.0,32.0,210.9,121.0,85.0,81.0,247.0,132.0,66.4,134.0,73.0,,,,24,,Ethan,Ampadu,Ampadu,,,1859,1,1,4,35,0,0,0,7,0,0,21,250,,,,0.0,0.19,1.69,1.02,12.1,49,88,113
355,u,0.0,0.0,4.9,319,197.0,0,0.0,-1,1.0,0.0,628,248.0,0,0,0.0,758.0,326.0,0,0,0.0,725.0,305.0,0.0,0.0,0.0,1234,0,10065,5,0.0,0.0,0.0,0.0,0.0,0.0,0.0,0.0,0.0,0.0,0.0,758.0,326.0,0.0,754.0,326.0,0.0,746.0,324.0,0.0,758.0,326.0,,,,24,,Sam,Greenwood,Greenwood,has joined Pogon Szczecin permanently.,,0,0,0,0,0,0,0,0,0,0,0,0,0,,,,0.0,0.0,0.0,0.0,0.0,0,0,0
356,a,,,4.7,388,242.0,0,0.0,-3,3.0,0.1,567,209.0,34,1,2.3,283.0,121.0,0,161,3.0,115.0,49.0,0.6,7.2,0.0,6219,140,6643,76,3.0,2.0,0.09,0.32,0.41,16.31,0.01,0.03,0.04,1.75,105.6,317.0,141.0,86.7,246.0,148.0,8.0,395.0,194.0,19.8,350.0,167.0,,,,24,,Ilia,Gruev,Gruev,,,840,0,2,4,18,0,0,0,2,0,0,10,78,,,,0.0,0.43,1.93,1.07,8.36,16,20,42
357,u,0.0,0.0,4.9,323,199.0,0,0.0,-1,1.0,0.0,694,294.0,0,0,0.0,760.0,328.0,0,0,0.0,728.0,307.0,0.0,0.0,0.0,203,0,4306,1,0.0,0.0,0.0,0.0,0.0,0.0,0.0,0.0,0.0,0.0,0.0,760.0,328.0,0.0,756.0,328.0,0.0,748.0,326.0,0.0,760.0,328.0,,,,24,,Largie,Ramazani,Ramazani,has joined Valencia on loan for the rest of the season.,,0,0,0,0,0,0,0,0,0,0,0,0,0,,,,0.0,0.0,0.0,0.0,0.0,0,0,0
358,a,100.0,100.0,4.8,363,225.0,0,0.0,-2,2.0,0.2,353,118.0,43,0,2.1,311.0,137.0,2,166,0.8,300.0,132.0,0.2,9.0,0.0,50430,123,54320,570,0.8,-0.2,0.83,0.61,1.44,13.29,0.1,0.07,0.17,1.62,140.0,284.0,125.0,127.1,195.0,130.0,78.0,251.0,134.0,34.5,277.0,137.0,,,,24,,Tanaka,Ao,Tanaka,,,737,2,0,2,16,0,0,0,1,0,0,7,83,,,,0.0,0.24,1.95,0.85,10.14,17,20,46
359,u,0.0,0.0,4.5,457,276.0,0,0.0,0,0.0,0.0,773,335.0,0,0,0.0,704.0,287.0,0,0,0.0,655.0,254.0,0.0,0.0,0.0,0,0,962,1,0.0,0.0,0.0,0.0,0.0,0.0,0.0,0.0,0.0,0.0,0.0,700.0,283.0,0.0,697.0,285.0,0.0,677.0,277.0,0.0,701.0,284.0,,,,24,,Charlie,Crew,Crew,Has joined Doncaster Rovers on loan for the rest of the season.,,0,0,0,0,0,0,0,0,0,0,0,0,0,,,,0.0,0.0,0.0,0.0,0.0,0,0,0
360,u,0.0,0.0,4.5,436,261.0,0,0.0,0,0.0,0.0,737,315.0,0,0,0.0,693.0,276.0,0,0,0.0,643.0,242.0,0.0,0.0,0.0,0,0,2874,4,0.0,0.0,0.0,0.0,0.0,0.0,0.0,0.0,0.0,0.0,0.0,688.0,271.0,0.0,686.0,274.0,0.0,665.0,266.0,0.0,690.0,273.0,,,,24,,Joe,Gelhardt,Gelhardt,Has joined Hull City on loan for the rest of the season.,,0,0,0,0,0,0,0,0,0,0,0,0,0,,,,0.0,0.0,0.0,0.0,0.0,0,0,0
361,u,0.0,0.0,4.5,438,262.0,0,0.0,0,0.0,0.0,656,269.0,0,0,0.0,694.0,277.0,0,0,0.0,644.0,243.0,0.0,0.0,0.0,1165,0,8326,3,0.0,0.0,0.0,0.0,0.0,0.0,0.0,0.0,0.0,0.0,0.0,689.0,272.0,0.0,687.0,275.0,0.0,666.0,267.0,0.0,691.0,274.0,,,,24,,Darko,Gyabi,Gyabi,has joined Hull City permanently.,,0,0,0,0,0,0,0,0,0,0,0,0,0,,,,0.0,0.0,0.0,0.0,0.0,0,0,0
362,a,100.0,100.0,4.9,318,57.0,0,0.0,-6,6.0,0.3,294,47.0,12,1,1.1,430.0,53.0,0,27,0.4,357.0,43.0,0.1,2.4,0.0,36732,141,216797,164,0.4,-0.6,0.65,0.08,0.73,5.3,0.28,0.03,0.31,2.32,8.0,451.0,52.0,22.0,378.0,48.0,90.0,232.0,44.0,11.5,391.0,48.0,,,2.0,24,,Joël,Piroe,Piroe,,,206,0,0,1,7,0,0,0,0,0,0,2,10,,,,0.0,0.44,3.06,0.87,4.37,1,1,8
363,u,0.0,0.0,4.9,288,56.0,0,0.0,-1,1.0,0.3,297,48.0,0,0,0.0,752.0,82.0,0,0,0.0,715.0,72.0,0.0,0.0,0.0,16144,0,202192,69,0.0,0.0,0.0,0.0,0.0,0.0,0.0,0.0,0.0,0.0,0.0,752.0,82.0,0.0,748.0,81.0,0.0,738.0,81.0,0.0,752.0,82.0,,,,24,,Patrick,Bamford,Bamford,has departed the club as a free agent.,,0,0,0,0,0,0,0,0,0,0,0,0,0,,,,0.0,0.0,0.0,0.0,0.0,0,0,0
364,u,0.0,0.0,5.0,277,55.0,0,0.0,0,0.0,0.0,727,87.0,0,0,0.0,779.0,85.0,0,0,0.0,754.0,77.0,0.0,0.0,0.0,0,0,2411,1,0.0,0.0,0.0,0.0,0.0,0.0,0.0,0.0,0.0,0.0,0.0,779.0,85.0,0.0,777.0,85.0,0.0,771.0,85.0,0.0,779.0,85.0,,,,24,,Mateo,Joseph Fernández-Regatillo,Mateo Joseph,Has joined RCD Mallorca on loan for the rest of the season.,,0,0,0,0,0,0,0,0,0,0,0,0,0,,,,0.0,0.0,0.0,0.0,0.0,0,0,0
365,d,50.0,0.0,5.0,246,52.0,0,0.0,0,0.0,0.5,252,40.0,49,0,2.6,244.0,25.0,6,181,1.8,209.0,25.0,0.4,9.8,0.0,186523,38,201623,1336,0.9,0.0,4.89,0.35,5.24,12.4,0.73,0.05,0.78,1.85,196.2,233.0,21.0,44.9,328.0,37.0,283.0,64.0,23.0,52.5,194.0,21.0,,,1.0,24,,Lukas,Nmecha,Nmecha,Hamstring injury - 50% chance of playing,,602,5,0,2,14,0,0,1,0,0,0,6,32,,,,0.0,0.3,2.09,0.9,4.78,5,11,16
493,a,100.0,100.0,4.8,351,220.0,0,0.0,-2,2.0,0.2,345,116.0,42,1,3.0,189.0,81.0,4,228,0.4,352.0,155.0,0.1,8.8,0.0,175828,54,178567,117,0.4,-0.6,0.83,1.29,2.12,13.29,0.08,0.13,0.21,1.29,237.2,198.0,86.0,342.9,50.0,41.0,65.0,271.0,145.0,64.5,147.0,81.0,1.0,2.0,,24,,Sean,Longstaff,Longstaff,,,927,1,2,1,17,0,0,0,1,0,0,10,100,,,,0.0,0.1,1.65,0.97,9.71,37,25,38
660,a,100.0,100.0,4.8,366,228.0,0,0.0,-2,2.0,2.6,113,35.0,97,2,4.6,29.0,13.0,8,394,3.2,96.0,41.0,0.7,20.2,0.0,947129,5590,677273,3947,3.2,2.2,2.13,3.29,5.42,25.16,0.11,0.17,0.28,1.34,455.2,55.0,14.0,649.0,5.0,5.0,234.0,82.0,52.0,134.0,19.0,15.0,3.0,1.0,,24,,Anton,Stach,Stach,,,1693,3,6,3,32,0,0,0,3,0,0,20,190,,,,0.0,0.16,1.7,1.06,10.1,45,57,88
665,a,100.0,100.0,4.5,414,22.0,0,0.0,0,0.0,0.3,328,44.0,43,0,2.7,228.0,20.0,3,153,0.6,320.0,21.0,0.1,9.6,0.0,38895,123,55519,316,0.6,-0.4,0.0,0.0,0.0,26.68,0.0,0.0,0.0,1.67,322.4,127.0,18.0,0.0,670.0,84.0,0.0,647.0,72.0,32.2,288.0,18.0,,,,24,,Lucas Estella,Perri,Perri,,,1440,0,0,3,29,0,0,0,2,0,38,16,39,,,,2.38,0.19,1.81,1.0,0.0,0,16,100
691,a,100.0,100.0,6.0,85,28.0,0,0.0,5,-5.0,12.2,33,5.0,95,2,4.3,46.0,6.0,15,303,3.2,105.0,14.0,0.5,15.8,0.0,2541880,13086,1026619,63217,3.2,2.2,8.7,0.91,9.6,18.98,0.5,0.05,0.55,1.09,367.2,100.0,9.0,194.6,135.0,7.0,614.0,8.0,6.0,116.7,34.0,8.0,,,,24,,Dominic,Calvert-Lewin,Calvert-Lewin,,,1573,9,2,4,24,0,0,0,1,0,0,17,49,,,,0.0,0.23,1.37,0.97,2.8,9,14,26
698,a,100.0,100.0,5.5,146,91.0,0,0.0,0,0.0,0.1,468,159.0,54,1,2.6,247.0,109.0,3,179,1.6,238.0,106.0,0.3,9.8,0.0,58309,112,50774,214,1.6,0.6,2.82,0.91,3.73,18.81,0.22,0.07,0.29,1.47,181.6,248.0,106.0,195.0,133.0,95.0,274.0,66.0,41.0,65.1,143.0,78.0,,,,24,,Noah,Okafor,Okafor,,,1150,2,2,3,23,0,0,0,2,0,0,14,80,,,,0.0,0.23,1.8,1.1,6.26,17,20,43
706,a,,,3.9,745,213.0,0,0.0,-1,1.0,0.5,255,96.0,36,0,2.4,269.0,104.0,4,100,4.4,36.0,9.0,1.1,9.2,0.0,80452,4461,31927,623,4.4,3.4,0.74,0.18,0.92,12.26,0.1,0.02,0.12,1.69,152.6,272.0,108.0,51.0,313.0,104.0,87.0,237.0,66.0,29.2,302.0,101.0,,,,24,,James,Justin,Justin,,,654,1,0,2,12,0,0,0,1,0,0,7,68,,,,0.0,0.28,1.65,0.96,8.39,14,47,29
741,u,0.0,0.0,4.5,489,70.0,0,0.0,0,0.0,0.1,471,67.0,0,0,0.0,728.0,78.0,0,0,0.0,682.0,68.0,0.0,0.0,0.0,27606,0,22094,244,0.0,0.0,0.0,0.0,0.0,0.0,0.0,0.0,0.0,0.0,0.0,727.0,78.0,0.0,722.0,77.0,0.0,705.0,77.0,0.0,727.0,78.0,,,,24,,Harry,Gray,Gray,has joined Rotherham United on loan for the rest of the season.,,0,0,0,0,0,0,0,0,0,0,0,0,0,,,,0.0,0.0,0.0,0.0,0.0,0,0,0
787,a,,,4.4,553,332.0,0,0.0,-1,1.0,0.0,765,331.0,0,0,0.0,668.0,260.0,0,0,0.0,612.0,223.0,0.0,0.0,0.0,630,51,203,14,0.0,-1.0,0.0,0.0,0.0,0.0,0.0,0.0,0.0,0.0,0.0,661.0,253.0,0.0,657.0,257.0,0.0,633.0,247.0,0.0,663.0,255.0,,,,24,,Sam,Chambers,Chambers,,,0,0,0,0,0,0,0,0,0,0,0,0,0,,,,0.0,0.0,0.0,0.0,0.0,0,0,0
366,a,100.0,100.0,5.4,158,4.0,0,0.0,-1,1.0,5.9,63,10.0,67,2,3.5,123.0,12.0,6,272,3.2,100.0,10.0,0.6,12.4,0.0,532931,1347,1245813,4732,3.2,3.7,0.0,0.03,0.03,19.81,0.0,0.0,0.0,1.04,318.6,132.0,19.0,0.1,474.0,15.0,0.0,782.0,90.0,31.8,290.0,19.0,,,,24,,Alisson,Becker,A.Becker,,,1710,0,0,6,23,0,0,0,0,0,37,19,63,,,,1.95,0.32,1.21,1.0,0.0,0,28,164
367,a,,,4.2,635,36.0,0,0.0,-3,3.0,0.6,245,32.0,19,0,3.8,86.0,9.0,0,70,0.0,551.0,81.0,0.0,4.5,0.0,150363,124,162011,454,0.0,0.5,0.0,0.0,0.0,7.1,0.0,0.0,0.0,1.42,140.0,283.0,23.0,0.0,608.0,77.0,0.0,578.0,63.0,13.9,373.0,23.0,,,,24,,Giorgi,Mamardashvili,Mamardashvili,,,450,0,0,1,10,0,1,0,0,0,17,5,45,,,,3.4,0.2,2.0,1.0,0.0,0,7,43
368,a,,,3.8,806,93.0,0,0.0,-2,2.0,0.5,251,33.0,0,0,0.0,519.0,33.0,0,0,0.0,441.0,27.0,0.0,0.0,0.0,81856,2801,35250,639,0.0,0.5,0.0,0.0,0.0,0.0,0.0,0.0,0.0,0.0,0.0,509.0,33.0,0.0,498.0,18.0,0.0,463.0,3.0,0.0,511.0,33.0,,,,24,,Ármin,Pécsi,Pécsi,,,0,0,0,0,0,0,0,0,0,0,0,0,0,,,,0.0,0.0,0.0,0.0,0.0,0,0,0
369,a,,,3.9,739,74.0,0,0.0,-1,1.0,0.2,382,56.0,0,0,0.0,530.0,42.0,0,0,0.0,453.0,36.0,0.0,0.0,0.0,21839,28,16003,112,0.0,0.5,0.0,0.0,0.0,0.0,0.0,0.0,0.0,0.0,0.0,520.0,42.0,0.0,510.0,28.0,0.0,475.0,13.0,0.0,522.0,42.0,,,,24,,Freddie,Woodman,Woodman,,,0,0,0,0,0,0,0,0,0,0,0,0,0,,,,0.0,0.0,0.0,0.0,0.0,0,0,0
370,i,0.0,0.0,5.8,107,8.0,0,0.0,-2,2.0,5.5,71,23.0,34,0,3.1,179.0,70.0,0,136,2.4,171.0,59.0,0.4,5.9,0.0,587109,64,3242878,24787,0.0,0.0,0.39,1.02,1.41,5.96,0.07,0.17,0.24,1.0,83.2,347.0,131.0,140.8,178.0,43.0,103.0,216.0,56.0,32.8,283.0,94.0,,,,24,,Jeremie,Frimpong,Frimpong,Groin Injury - Unknown return date,,538,0,4,2,7,0,0,0,0,0,0,6,20,,,,0.0,0.33,1.17,1.0,2.68,4,12,31
371,a,,,5.6,134,15.0,0,0.0,-4,4.0,2.9,107,43.0,58,5,2.5,263.0,102.0,4,260,3.2,101.0,34.0,0.6,10.4,0.0,305703,1819,774708,1303,3.2,3.7,0.95,0.59,1.54,19.65,0.05,0.03,0.08,1.09,338.2,117.0,52.0,352.3,48.0,7.0,110.0,205.0,52.0,80.2,93.0,24.0,,,,24,,Milos,Kerkez,Kerkez,,,1625,1,1,4,25,0,0,0,4,0,0,20,134,,,,0.0,0.22,1.38,1.11,5.98,34,74,63
372,a,,,5.7,114,10.0,0,0.0,-3,3.0,1.0,188,74.0,25,0,1.8,360.0,131.0,2,112,0.4,365.0,138.0,0.1,4.4,0.0,52466,226,128441,539,0.4,0.9,0.21,0.78,0.98,7.47,0.04,0.13,0.17,1.25,115.6,309.0,117.0,180.3,143.0,35.0,57.0,288.0,89.0,35.4,270.0,90.0,,,,24,,Andrew,Robertson,Robertson,,,538,0,0,2,8,0,0,0,0,0,0,4,40,,,,0.0,0.33,1.34,0.67,5.02,10,20,21
373,a,,,5.9,91,5.0,0,0.0,-1,1.0,21.8,17,6.0,94,4,3.9,81.0,28.0,4,353,4.4,44.0,14.0,0.7,15.9,0.0,2687060,8853,3209476,12867,4.4,4.9,1.1,0.73,1.83,26.91,0.05,0.03,0.08,1.12,677.8,6.0,2.0,136.6,184.0,45.0,215.0,93.0,10.0,102.8,46.0,4.0,,,,24,,Virgil,van Dijk,Virgil,,,2160,1,0,7,33,0,0,0,3,0,0,24,255,,,,0.0,0.29,1.38,1.0,9.58,16,214,52
374,a,100.0,100.0,5.4,165,18.0,0,0.0,-1,1.0,2.9,109,45.0,92,11,4.0,68.0,27.0,7,344,4.2,52.0,19.0,0.8,17.0,0.0,559809,6170,637368,1868,4.2,4.7,1.03,0.81,1.84,21.99,0.05,0.04,0.09,1.01,533.8,27.0,11.0,108.2,213.0,54.0,95.0,226.0,60.0,73.9,112.0,37.0,,,,24,,Ibrahima,Konaté,Konaté,,,1966,1,0,7,27,0,0,0,5,0,0,23,225,,,,0.0,0.32,1.24,1.05,9.16,33,167,65
375,i,0.0,0.0,5.0,267,43.0,0,0.0,0,0.0,0.2,397,146.0,42,0,2.8,219.0,86.0,2,157,2.8,134.0,44.0,0.6,8.4,0.0,62538,12,69610,385,0.0,0.0,0.18,0.84,1.02,10.77,0.02,0.08,0.1,1.04,157.4,269.0,106.0,105.2,220.0,58.0,62.0,278.0,83.0,32.3,287.0,97.0,,,,24,,Conor,Bradley,Bradley,Knee injury - Expected back 01 Jun,,928,0,2,4,13,0,0,0,5,0,0,12,82,,,,0.0,0.39,1.26,1.16,6.3,19,46,43
376,d,50.0,0.0,4.9,296,47.0,0,0.0,-1,1.0,0.1,419,155.0,25,0,2.3,284.0,110.0,2,70,0.4,355.0,134.0,0.1,5.1,0.0,22200,6,28037,189,0.2,0.0,0.18,0.54,0.72,3.77,0.06,0.17,0.23,1.22,74.8,359.0,135.0,56.9,304.0,100.0,22.0,360.0,124.0,15.3,368.0,130.0,,,,24,,Joe,Gomez,Gomez,Knock - 50% chance of playing,,279,0,2,2,7,0,0,0,2,0,0,4,22,,,,0.0,0.65,2.26,1.29,6.77,2,19,9
377,u,0.0,0.0,4.8,356,59.0,0,0.0,-2,2.0,0.0,587,212.0,0,0,0.0,749.0,258.0,0,0,0.0,708.0,254.0,0.0,0.0,0.0,1669,0,12200,5,0.0,0.0,0.0,0.0,0.0,0.0,0.0,0.0,0.0,0.0,0.0,749.0,258.0,0.0,744.0,258.0,0.0,732.0,257.0,0.0,749.0,258.0,,,,24,,Konstantinos,Tsimikas,Tsimikas,has joined AS Roma on loan for the rest of the season.,,0,0,0,0,0,0,0,0,0,0,0,0,0,,,,0.0,0.0,0.0,0.0,0.0,0,0,0
378,a,100.0,100.0,3.7,811,263.0,0,0.0,-3,3.0,1.1,178,69.0,0,0,0.0,502.0,178.0,0,0,0.0,418.0,154.0,0.0,0.0,0.0,192216,3748,79324,2113,0.0,0.5,0.0,0.0,0.0,0.0,0.0,0.0,0.0,0.0,0.0,491.0,176.0,0.0,477.0,173.0,0.0,441.0,165.0,0.0,493.0,176.0,,,,24,,Amara,Nallo,Nallo,,,0,0,0,0,0,0,0,0,0,0,0,0,0,,,,0.0,0.0,0.0,0.0,0.0,0,0,0
379,a,,,3.7,810,262.0,0,0.0,-3,3.0,0.4,279,105.0,0,0,0.0,501.0,177.0,0,0,0.0,417.0,153.0,0.0,0.0,0.0,45373,4797,30437,694,0.0,0.5,0.0,0.0,0.0,0.0,0.0,0.0,0.0,0.0,0.0,490.0,175.0,0.0,476.0,172.0,0.0,440.0,164.0,0.0,492.0,175.0,,,,24,,Rhys,Williams,R.Williams,,,0,0,0,0,0,0,0,0,0,0,0,0,0,,,,0.0,0.0,0.0,0.0,0.0,0,0,0
380,a,,,3.8,790,243.0,0,0.0,-2,2.0,0.2,348,126.0,0,0,0.0,509.0,184.0,0,0,0.0,429.0,164.0,0.0,0.0,0.0,26732,54,29877,123,0.0,0.5,0.0,0.0,0.0,0.0,0.0,0.0,0.0,0.0,0.0,499.0,183.0,0.0,486.0,181.0,0.0,450.0,173.0,0.0,501.0,183.0,,,,24,,Calvin,Ramsay,Ramsay,,,0,0,0,0,0,0,0,0,0,0,0,0,0,,,,0.0,0.0,0.0,0.0,0.0,0,0,0
381,a,100.0,100.0,14.0,2,1.0,0,0.0,-5,5.0,14.3,24,9.0,74,5,4.6,35.0,17.0,5,234,2.0,198.0,88.0,0.1,5.3,0.0,1313023,3018,5843364,3394,2.0,2.5,5.43,3.1,8.53,19.27,0.36,0.21,0.57,1.28,329.0,123.0,42.0,526.8,15.0,15.0,524.0,17.0,8.0,138.0,17.0,13.0,,4.0,1.0,24,,Mohamed,Salah,M.Salah,,,1356,4,5,4,25,0,0,0,1,0,0,14,52,,,,0.0,0.27,1.66,0.93,3.45,3,7,42
382,a,100.0,100.0,8.3,14,9.0,0,0.0,-2,2.0,13.1,30,12.0,95,12,4.1,63.0,29.0,16,391,7.4,1.0,1.0,0.9,11.4,0.0,1796423,83987,3863593,7078,7.4,7.9,4.86,3.97,8.82,20.23,0.26,0.21,0.47,1.09,386.8,89.0,28.0,634.2,6.0,6.0,475.0,22.0,10.0,149.6,12.0,10.0,4.0,,,24,,Florian,Wirtz,Wirtz,,,1670,4,3,7,21,0,0,0,1,0,0,19,121,,,,0.0,0.38,1.13,1.02,6.52,25,18,78
383,u,0.0,0.0,8.0,15,10.0,0,0.0,0,0.0,0.0,599,228.0,0,0,0.0,810.0,364.0,0,0,0.0,808.0,364.0,0.0,0.0,0.0,0,0,7306,3,0.0,0.0,0.0,0.0,0.0,0.0,0.0,0.0,0.0,0.0,0.0,810.0,364.0,0.0,810.0,364.0,0.0,810.0,364.0,0.0,810.0,364.0,,,,24,,Luis,Díaz Marulanda,Luis Díaz,Has joined Bayern Munch permanently.,,0,0,0,0,0,0,0,0,0,0,0,0,0,,,,0.0,0.0,0.0,0.0,0.0,0,0,0
384,a,100.0,100.0,7.3,28,18.0,0,0.0,-2,2.0,5.5,69,23.0,84,4,3.8,96.0,46.0,5,309,3.4,91.0,40.0,0.5,11.5,0.0,3276754,1614,3674897,5223,3.4,3.9,5.12,3.49,8.61,16.67,0.29,0.2,0.49,0.95,342.0,114.0,38.0,458.7,21.0,20.0,527.0,16.0,7.0,132.7,21.0,17.0,3.0,,3.0,24,,Cody,Gakpo,Gakpo,,,1584,5,3,5,24,0,0,0,1,0,0,18,89,,,,0.0,0.28,1.36,1.02,5.06,13,24,52
385,a,100.0,100.0,6.3,67,45.0,0,0.0,-2,2.0,0.3,323,108.0,29,1,1.7,373.0,164.0,0,110,0.6,334.0,150.0,0.1,4.6,0.0,55115,125,66889,172,0.6,1.1,1.17,0.49,1.66,4.39,0.45,0.19,0.64,1.67,111.2,315.0,140.0,33.3,356.0,186.0,106.0,213.0,116.0,25.0,324.0,157.0,,,,24,,Federico,Chiesa,Chiesa,,,236,2,1,0,6,0,0,0,2,0,0,1,25,,,,0.0,0.0,2.29,0.38,9.53,8,11,6
386,a,100.0,100.0,6.2,74,48.0,0,0.0,-3,3.0,1.2,172,59.0,47,1,2.0,332.0,151.0,0,243,1.4,257.0,113.0,0.2,7.6,0.0,162168,901,264634,1110,1.4,1.9,2.09,1.1,3.19,17.66,0.12,0.06,0.18,1.03,226.6,205.0,90.0,297.5,74.0,55.0,184.0,118.0,69.0,70.9,121.0,67.0,,,4.0,24,,Alexis,Mac Allister,Mac Allister,,,1546,0,2,5,22,0,0,0,4,0,0,19,128,,,,0.0,0.29,1.28,1.11,7.45,26,39,63
387,a,100.0,100.0,6.7,49,31.0,0,0.0,2,-2.0,6.2,60,21.0,89,5,3.9,84.0,40.0,12,464,4.6,35.0,19.0,0.7,13.3,0.0,1599820,16730,1198343,9349,4.6,5.1,3.48,3.57,7.05,25.62,0.15,0.16,0.31,1.12,499.0,42.0,11.0,760.9,2.0,2.0,258.0,75.0,47.0,151.7,9.0,7.0,2.0,2.0,,24,,Dominik,Szoboszlai,Szoboszlai,,,2062,3,2,7,32,0,0,1,5,0,0,23,208,,,,0.0,0.31,1.4,1.0,9.08,34,58,116
388,a,100.0,100.0,5.4,167,103.0,0,0.0,-1,1.0,0.1,438,148.0,41,1,2.0,329.0,149.0,1,253,1.8,213.0,93.0,0.3,7.6,0.0,27126,107,30405,364,1.8,2.3,1.05,2.16,3.21,16.65,0.09,0.18,0.27,1.38,212.6,218.0,93.0,291.9,78.0,58.0,106.0,212.0,115.0,60.9,157.0,87.0,,,,24,,Curtis,Jones,C.Jones,,,1087,0,2,2,20,0,0,0,1,0,0,10,119,,,,0.0,0.17,1.66,0.83,9.85,21,20,78
390,a,100.0,100.0,5.6,131,80.0,0,0.0,1,-1.0,5.2,73,24.0,101,4,4.6,32.0,15.0,13,465,2.4,170.0,76.0,0.4,18.0,0.0,1836745,5100,1311276,14284,2.4,2.9,1.28,1.65,2.93,21.72,0.06,0.08,0.14,1.01,484.8,47.0,13.0,337.0,53.0,43.0,130.0,178.0,100.0,95.2,60.0,39.0,,,,24,,Ryan,Gravenberch,Gravenberch,,,1938,4,3,7,27,0,0,0,4,0,0,22,207,,,,0.0,0.33,1.25,1.02,9.61,40,71,96
392,a,100.0,100.0,4.9,293,181.0,0,0.0,-1,1.0,0.1,494,173.0,9,1,1.3,418.0,186.0,0,35,0.4,354.0,156.0,0.1,1.8,0.0,7015,66,14510,43,0.4,0.9,0.0,0.04,0.04,3.69,0.0,0.04,0.04,3.26,41.8,398.0,175.0,16.3,387.0,194.0,0.0,740.0,320.0,5.8,425.0,192.0,,,,24,,Endo,Wataru,Endo,,,102,0,1,0,5,0,0,0,1,0,0,0,12,,,,0.0,0.0,4.41,0.0,10.59,5,7,0
393,i,0.0,0.0,4.3,603,350.0,0,0.0,-2,2.0,0.0,630,250.0,0,0,0.0,637.0,239.0,0,0,0.0,574.0,199.0,0.0,0.0,0.0,6601,5,9841,21,0.0,0.0,0.0,0.0,0.0,0.0,0.0,0.0,0.0,0.0,0.0,628.0,230.0,0.0,625.0,235.0,0.0,598.0,223.0,0.0,630.0,232.0,,,,24,,Stefan,Bajčetić Maquieira,Bajcetic,Hamstring injury - Unknown return date,,0,0,0,0,0,0,0,0,0,0,0,0,0,,,,0.0,0.0,0.0,0.0,0.0,0,0,0
394,u,0.0,0.0,4.4,541,324.0,0,0.0,-1,1.0,0.0,669,275.0,0,0,0.0,658.0,253.0,0,0,0.0,602.0,216.0,0.0,0.0,0.0,1737,0,4072,5,0.0,0.0,0.0,0.0,0.0,0.0,0.0,0.0,0.0,0.0,0.0,650.0,245.0,0.0,647.0,250.0,0.0,622.0,239.0,0.0,652.0,247.0,,,,24,,James,McConnell,McConnell,has joined Ajax on loan for the rest of the season.,,0,0,0,0,0,0,0,0,0,0,0,0,0,,,,0.0,0.0,0.0,0.0,0.0,0,0,0
395,u,0.0,0.0,4.5,427,255.0,0,0.0,0,0.0,0.0,786,346.0,0,0,0.0,686.0,270.0,0,0,0.0,636.0,236.0,0.0,0.0,0.0,0,0,357,0,0.0,0.0,0.0,0.0,0.0,0.0,0.0,0.0,0.0,0.0,0.0,681.0,265.0,0.0,678.0,268.0,0.0,657.0,260.0,0.0,683.0,267.0,,,,24,,Tyler,Morton,Morton,Has joined Lyon permanently.,,0,0,0,0,0,0,0,0,0,0,0,0,0,,,,0.0,0.0,0.0,0.0,0.0,0,0,0
397,u,0.0,0.0,6.5,52,18.0,0,0.0,0,0.0,0.1,541,76.0,0,0,0.0,806.0,89.0,0,0,0.0,802.0,86.0,0.0,0.0,0.0,0,0,15900,3,0.0,0.0,0.0,0.0,0.0,0.0,0.0,0.0,0.0,0.0,0.0,806.0,89.0,0.0,806.0,89.0,0.0,806.0,89.0,0.0,806.0,89.0,,,,24,,Darwin,Núñez Ribeiro,Darwin,Has joined Al-Hilal permanently.,,0,0,0,0,0,0,0,0,0,0,0,0,0,,,,0.0,0.0,0.0,0.0,0.0,0,0,0
398,i,0.0,0.0,4.3,599,83.0,0,0.0,-2,2.0,0.1,464,66.0,0,0,0.0,635.0,64.0,0,0,0.0,572.0,53.0,0.0,0.0,0.0,8655,15,19156,26,0.0,0.0,0.0,0.0,0.0,0.0,0.0,0.0,0.0,0.0,0.0,626.0,64.0,0.0,622.0,63.0,0.0,595.0,63.0,0.0,628.0,64.0,,,,24,,Jayden,Danns,Danns,Hamstring injury - Unknown return date,,0,0,0,0,0,0,0,0,0,0,0,0,0,,,,0.0,0.0,0.0,0.0,0.0,0,0,0
499,i,0.0,0.0,10.3,4,2.0,0,0.0,-2,2.0,3.6,91,16.0,29,0,2.9,212.0,22.0,2,96,0.0,810.0,89.0,0.0,2.8,0.0,1796819,38,2404166,1366,0.0,0.0,2.04,0.07,2.11,5.1,0.37,0.01,0.38,0.92,97.6,330.0,32.0,36.5,348.0,43.0,143.0,163.0,37.0,26.9,313.0,37.0,,,,24,,Alexander,Isak,Isak,Ankle injury - Unknown return date,,501,2,1,1,7,0,0,0,0,0,0,6,23,,,,0.0,0.18,1.26,1.08,4.13,6,6,11
661,a,100.0,100.0,8.8,8,4.0,0,0.0,3,-3.0,24.4,14,4.0,100,13,4.8,24.0,4.0,19,362,3.2,108.0,15.0,0.4,11.4,0.0,6968136,128277,6214830,15631,3.2,3.7,7.61,1.72,9.33,18.73,0.51,0.12,0.63,1.27,436.6,62.0,5.0,212.8,120.0,5.0,586.0,10.0,7.0,122.5,29.0,6.0,,,,24,,Hugo,Ekitiké,Ekitiké,,,1332,10,2,5,18,0,0,0,0,0,0,15,59,,,,0.0,0.34,1.22,1.01,3.99,8,24,27
686,a,,,4.3,617,361.0,0,0.0,-2,2.0,0.7,212,71.0,13,0,1.6,379.0,167.0,0,56,0.4,347.0,152.0,0.1,3.0,0.0,221499,1673,160361,1623,0.4,0.9,0.37,0.35,0.72,2.78,0.44,0.41,0.85,3.29,50.8,389.0,171.0,59.7,298.0,170.0,41.0,313.0,163.0,15.3,367.0,172.0,,,,24,,Rio,Ngumoha,Ngumoha,,,76,1,0,0,3,0,0,0,0,0,0,0,3,,,,0.0,0.0,3.55,0.0,3.55,1,0,2
692,i,0.0,0.0,4.9,347,57.0,0,0.0,-1,1.0,0.0,701,240.0,0,0,0.0,770.0,259.0,0,0,0.0,741.0,257.0,0.0,0.0,0.0,1795,4,2443,4,0.0,0.0,0.0,0.0,0.0,0.0,0.0,0.0,0.0,0.0,0.0,770.0,259.0,0.0,766.0,259.0,0.0,758.0,258.0,0.0,770.0,259.0,,,,24,,Giovanni,Leoni,Leoni,Knee injury - Expected back 01 Sep,,0,0,0,0,0,0,0,0,0,0,0,0,0,,,,0.0,0.0,0.0,0.0,0.0,0,0,0
746,a,,,4.5,487,299.0,0,0.0,0,0.0,0.0,735,313.0,0,0,0.0,726.0,303.0,0,0,0.0,680.0,273.0,0.0,0.0,0.0,877,11,649,7,0.0,0.5,0.0,0.0,0.0,0.0,0.0,0.0,0.0,0.0,0.0,725.0,302.0,0.0,720.0,302.0,0.0,703.0,297.0,0.0,725.0,302.0,,,,24,,Kieran,Morrison,Morrison,,,0,0,0,0,0,0,0,0,0,0,0,0,0,,,,0.0,0.0,0.0,0.0,0.0,0,0,0
760,a,,,4.0,699,182.0,0,0.0,0,0.0,0.0,711,243.0,0,0,0.0,595.0,222.0,0,0,0.0,519.0,206.0,0.0,0.0,0.0,748,18,535,23,0.0,0.5,0.0,0.0,0.0,0.0,0.0,0.0,0.0,0.0,0.0,585.0,221.0,0.0,578.0,221.0,0.0,545.0,216.0,0.0,587.0,221.0,,,,24,,Wellity,Lucky,Lucky,,,0,0,0,0,0,0,0,0,0,0,0,0,0,,,,0.0,0.0,0.0,0.0,0.0,0,0,0
82,a,100.0,100.0,7.8,18,13.0,0,0.0,8,-8.0,48.8,2,1.0,137,7,6.0,5.0,3.0,14,450,4.8,30.0,17.0,0.6,17.6,0.0,10393738,51130,5744371,23488,4.8,5.3,7.7,2.02,9.72,34.52,0.33,0.09,0.42,1.5,638.0,9.0,2.0,385.0,40.0,37.0,696.0,3.0,1.0,172.0,3.0,2.0,,,,24,,Antoine,Semenyo,Semenyo,,,2070,12,5,6,42,0,0,1,6,0,0,23,173,,,,0.0,0.26,1.83,1.0,7.52,30,35,108
182,a,,,4.5,425,23.0,0,0.0,-5,5.0,0.9,192,24.0,11,0,3.7,97.0,10.0,0,62,0.0,634.0,88.0,0.0,2.4,0.0,99179,37,269759,310,0.0,0.5,0.0,0.0,0.0,3.97,0.0,0.0,0.0,1.32,100.2,326.0,25.0,0.0,676.0,85.0,0.0,655.0,73.0,10.1,397.0,26.0,,,,24,,James,Trafford,Trafford,,,270,0,0,1,4,0,0,0,0,0,11,3,41,,,,3.67,0.33,1.33,1.0,0.0,2,6,33
260,a,100.0,100.0,5.2,209,28.0,0,0.0,7,-7.0,37.2,5,2.0,114,3,5.2,9.0,3.0,8,413,3.4,85.0,31.0,0.7,21.9,0.0,5521431,18305,2549511,36228,3.4,3.9,2.56,1.76,4.32,29.2,0.12,0.08,0.2,1.33,526.8,30.0,13.0,154.9,163.0,41.0,233.0,83.0,6.0,91.5,65.0,11.0,,,,24,,Marc,Guéhi,Guéhi,,,1980,2,4,8,25,0,0,0,4,0,0,22,214,,,,0.0,0.36,1.14,1.0,8.14,31,148,96
399,u,0.0,0.0,5.3,186,5.0,0,0.0,-2,2.0,0.8,201,25.0,0,0,0.0,786.0,93.0,0,0,0.0,768.0,93.0,0.0,0.0,0.0,15200,0,271942,103,0.0,0.0,0.0,0.0,0.0,0.0,0.0,0.0,0.0,0.0,0.0,786.0,93.0,0.0,785.0,92.0,0.0,780.0,89.0,0.0,786.0,93.0,,,,24,,Ederson,Santana de Moraes,Ederson M.,has joined Fenerbache permanently.,,0,0,0,0,0,0,0,0,0,0,0,0,0,,,,0.0,0.0,0.0,0.0,0.0,0,0,0
401,a,100.0,100.0,3.8,779,92.0,0,0.0,-2,2.0,0.2,342,48.0,0,0,0.0,504.0,32.0,0,0,0.0,421.0,26.0,0.0,0.0,0.0,24245,2169,19370,487,0.0,0.5,0.0,0.0,0.0,0.0,0.0,0.0,0.0,0.0,0.0,494.0,32.0,0.0,480.0,17.0,0.0,444.0,2.0,0.0,496.0,32.0,,,,24,,Marcus,Bettinelli,Bettinelli,,,0,0,0,0,0,0,0,0,0,0,0,0,0,,,,0.0,0.0,0.0,0.0,0.0,0,0,0
402,a,100.0,100.0,5.7,120,13.0,0,0.0,-3,3.0,3.8,89,32.0,15,2,2.1,319.0,119.0,1,51,0.6,330.0,121.0,0.1,2.6,0.0,517415,580,2388368,617,0.6,1.1,0.07,0.52,0.59,3.62,0.02,0.17,0.19,1.15,49.2,392.0,149.0,41.6,337.0,117.0,12.0,380.0,137.0,10.3,396.0,143.0,,,,24,,Rayan,Aït-Nouri,Aït-Nouri,,,283,0,0,1,3,0,0,0,1,0,0,4,35,,,,0.0,0.32,0.95,1.27,8.59,12,15,11
403,i,0.0,0.0,5.9,102,6.0,0,0.0,-1,1.0,3.8,88,31.0,77,0,4.8,22.0,11.0,5,291,0.2,414.0,152.0,0.0,13.1,0.0,1373825,38,2125233,8089,0.0,0.0,2.19,0.64,2.83,15.29,0.15,0.04,0.19,1.06,354.6,103.0,45.0,104.7,223.0,59.0,193.0,111.0,18.0,65.3,142.0,46.0,,,,24,,Joško,Gvardiol,Gvardiol,Leg injury - Unknown return date,,1301,2,2,6,13,0,0,0,2,0,0,15,115,,,,0.0,0.42,0.9,1.04,6.85,17,82,48
404,u,0.0,0.0,5.4,168,19.0,0,0.0,-1,1.0,0.3,331,122.0,0,0,0.0,789.0,262.0,0,0,0.0,779.0,262.0,0.0,0.0,0.0,9281,0,85153,41,0.0,0.0,0.0,0.0,0.0,0.0,0.0,0.0,0.0,0.0,0.0,789.0,262.0,0.0,788.0,262.0,0.0,784.0,261.0,0.0,789.0,262.0,,,,24,,Manuel,Akanji,Akanji,has joined Inter Milan on loan for the rest of the season.,,0,0,0,0,0,0,0,0,0,0,0,0,0,,,,0.0,0.0,0.0,0.0,0.0,0,0,0
405,a,,,5.3,187,24.0,0,0.0,-2,2.0,0.6,230,87.0,25,0,2.1,316.0,118.0,1,106,0.8,305.0,111.0,0.2,4.7,0.0,42901,249,80535,467,0.8,1.3,0.28,0.44,0.72,7.84,0.05,0.08,0.13,1.46,93.6,335.0,128.0,83.1,258.0,78.0,25.0,348.0,115.0,20.3,347.0,120.0,,,,24,,Nathan,Aké,Aké,,,484,0,0,2,7,0,0,0,1,0,0,4,38,,,,0.0,0.37,1.3,0.74,6.51,9,26,12
406,a,100.0,100.0,5.4,184,22.0,0,0.0,-1,1.0,0.4,285,109.0,24,0,2.4,276.0,106.0,0,126,2.4,169.0,58.0,0.4,4.4,0.0,46880,600,64197,565,2.4,2.9,0.0,0.1,0.1,9.56,0.0,0.01,0.01,1.33,118.0,305.0,116.0,31.3,361.0,127.0,0.0,791.0,263.0,15.0,370.0,132.0,,,,24,,Abdukodir,Khusanov,Khusanov,,,649,0,0,2,7,0,0,0,2,0,0,7,71,,,,0.0,0.28,0.97,0.97,8.6,17,45,29
407,a,100.0,100.0,5.4,174,21.0,0,0.0,-1,1.0,3.3,101,37.0,106,1,5.0,12.0,5.0,14,434,3.0,121.0,41.0,0.6,19.6,0.0,801220,4429,463596,7515,3.0,3.5,0.25,1.34,1.59,20.39,0.01,0.07,0.08,1.05,452.2,56.0,27.0,268.8,85.0,21.0,54.0,293.0,91.0,77.8,100.0,29.0,,,4.0,24,,Matheus,Nunes,Matheus N.,,,1755,1,5,8,18,0,0,0,4,0,0,19,175,,,,0.0,0.41,0.92,0.97,7.03,43,94,105
408,d,50.0,0.0,5.5,139,16.0,0,0.0,0,0.0,3.4,97,36.0,95,0,4.8,20.0,9.0,3,380,1.0,288.0,102.0,0.2,17.3,0.0,911176,55,1021543,5662,0.5,0.0,0.5,0.48,0.98,19.73,0.03,0.03,0.06,1.04,458.0,53.0,25.0,91.8,238.0,68.0,94.0,229.0,62.0,64.5,148.0,47.0,,,,24,,Rúben,dos Santos Gato Alves Dias,Rúben,Hamstring injury - 50% chance of playing,,1705,2,0,10,16,0,0,0,2,0,0,19,156,,,,0.0,0.53,0.84,1.0,6.97,7,125,59
409,i,0.0,0.0,5.4,157,17.0,0,0.0,-1,1.0,0.6,241,91.0,12,0,1.7,371.0,137.0,0,45,0.0,775.0,261.0,0.0,2.2,0.0,50212,6,108405,181,0.0,0.0,0.0,0.06,0.06,5.05,0.0,0.02,0.02,1.29,76.6,355.0,134.0,19.6,383.0,138.0,2.0,438.0,163.0,9.8,398.0,144.0,,,,24,,John,Stones,Stones,Thigh injury - Unknown return date,,351,0,0,1,8,0,0,0,0,0,0,4,34,,,,0.0,0.26,2.05,1.03,4.87,0,19,17
410,a,100.0,100.0,4.6,397,69.0,0,0.0,-4,4.0,1.2,171,64.0,19,0,1.9,342.0,130.0,2,75,0.2,395.0,148.0,0.0,4.1,0.0,365710,210,454196,594,0.2,0.7,0.11,1.31,1.42,5.04,0.03,0.38,0.41,1.46,67.4,371.0,143.0,97.3,231.0,65.0,43.0,310.0,99.0,20.7,345.0,118.0,,,,24,,Rico,Lewis,Lewis,,,311,0,1,1,5,0,0,0,1,0,0,3,23,,,,0.0,0.29,1.45,0.87,5.5,5,14,10
411,a,100.0,100.0,5.0,261,41.0,0,0.0,0,0.0,5.4,72,24.0,85,1,3.7,100.0,35.0,2,336,1.8,210.0,76.0,0.4,17.0,0.0,1899524,1790,1259788,14015,1.8,2.3,2.14,1.53,3.67,22.23,0.11,0.08,0.19,1.18,367.8,98.0,43.0,283.7,79.0,19.0,203.0,103.0,13.0,85.5,80.0,18.0,,,,24,,Nico,O'Reilly,O'Reilly,,,1701,1,3,9,17,0,0,0,4,0,0,18,151,,,,0.0,0.48,0.9,0.95,6.83,53,76,72
412,u,0.0,0.0,5.0,282,44.0,0,0.0,0,0.0,0.0,763,259.0,0,0,0.0,783.0,261.0,0,0,0.0,758.0,259.0,0.0,0.0,0.0,0,0,849,0,0.0,0.0,0.0,0.0,0.0,0.0,0.0,0.0,0.0,0.0,0.0,783.0,261.0,0.0,781.0,261.0,0.0,775.0,260.0,0.0,783.0,261.0,,,,24,,Vitor,de Oliveira Nunes dos Reis,Vitor Reis,Has joined Girona on loan for the rest of the season.,,0,0,0,0,0,0,0,0,0,0,0,0,0,,,,0.0,0.0,0.0,0.0,0.0,0,0,0
413,a,100.0,100.0,8.3,13,8.0,0,0.0,-2,2.0,2.4,117,39.0,27,1,2.2,305.0,134.0,4,87,2.2,184.0,82.0,0.3,3.3,0.0,222944,814,1240069,1650,2.2,2.7,1.5,0.54,2.04,2.66,0.49,0.17,0.66,0.86,79.8,352.0,157.0,57.9,303.0,172.0,124.0,187.0,107.0,26.0,319.0,154.0,,1.0,2.0,24,,Omar,Marmoush,Marmoush,,,278,1,1,1,3,0,0,0,0,0,0,3,20,,,,0.0,0.32,0.97,0.97,6.47,6,4,10
414,a,100.0,100.0,8.3,12,7.0,-1,1.0,3,-3.0,14.2,27,11.0,103,1,4.7,28.0,12.0,10,443,1.4,261.0,115.0,0.2,12.4,0.0,6145926,932,4720945,94827,1.4,1.9,4.95,3.53,8.48,19.98,0.27,0.19,0.46,1.09,450.2,57.0,15.0,686.8,4.0,4.0,366.0,37.0,21.0,150.0,11.0,9.0,1.0,3.0,,24,,Phil,Foden,Foden,,,1643,7,2,9,14,0,0,0,3,0,0,19,119,,,,0.0,0.49,0.77,1.04,6.52,24,20,75
415,i,0.0,0.0,6.9,43,25.0,0,0.0,-1,1.0,0.4,271,93.0,26,0,1.7,374.0,165.0,0,87,0.0,805.0,362.0,0.0,3.8,0.0,33154,10,112263,150,0.0,0.0,1.28,1.18,2.46,6.39,0.22,0.2,0.42,1.08,75.0,358.0,160.0,138.1,181.0,122.0,218.0,92.0,57.0,43.1,242.0,117.0,,,,24,,Sávio,Moreira de Oliveira,Savinho,Thigh injury - Expected back 21 Feb,,531,0,2,2,5,0,0,0,1,0,0,5,44,,,,0.0,0.34,0.85,0.85,7.46,5,9,30
416,a,,,6.2,73,47.0,0,0.0,-3,3.0,0.5,257,86.0,60,6,2.5,266.0,115.0,1,298,3.4,88.0,38.0,0.5,9.7,0.0,72636,366,119271,357,3.4,3.9,0.69,2.09,2.78,22.38,0.04,0.11,0.15,1.15,252.6,186.0,77.0,380.5,42.0,39.0,109.0,207.0,112.0,74.1,110.0,59.0,5.0,,,24,,Bernardo,Mota Veiga de Carvalho e Silva,Bernardo,,,1749,0,4,8,19,0,0,0,5,0,0,20,151,,,,0.0,0.41,0.98,1.03,7.77,27,40,84
417,a,100.0,100.0,6.6,50,32.0,0,0.0,1,-1.0,10.4,41,15.0,87,7,4.6,34.0,16.0,11,374,3.2,107.0,48.0,0.5,13.2,0.0,2546715,14323,2239687,28933,3.2,3.7,2.03,5.76,7.79,13.39,0.18,0.51,0.69,1.18,380.6,92.0,29.0,541.7,13.0,13.0,320.0,51.0,31.0,124.4,27.0,22.0,2.0,4.0,,24,,Rayan,Cherki,Cherki,,,1019,3,8,5,10,0,0,0,1,0,0,12,94,,,,0.0,0.44,0.88,1.06,8.3,17,14,63
418,i,0.0,0.0,6.4,57,36.0,0,0.0,-1,1.0,2.7,110,32.0,72,0,3.6,112.0,53.0,9,305,2.4,173.0,78.0,0.4,11.2,0.0,2119198,57,2037412,8505,0.0,0.0,1.81,4.25,6.06,15.61,0.14,0.32,0.46,1.19,302.0,151.0,55.0,557.2,11.0,11.0,380.0,32.0,17.0,123.8,28.0,23.0,,,3.0,24,,Jérémy,Doku,Doku,Calf injury - Expected back 11 Feb,,1179,1,7,5,13,0,0,0,0,0,0,13,79,,,,0.0,0.38,0.99,0.99,6.03,15,10,54
420,u,0.0,0.0,6.3,62,41.0,0,0.0,-2,2.0,0.1,544,195.0,0,0,0.0,803.0,360.0,0,0,0.0,799.0,359.0,0.0,0.0,0.0,1928,0,19791,8,0.0,0.0,0.0,0.0,0.0,0.0,0.0,0.0,0.0,0.0,0.0,803.0,360.0,0.0,803.0,360.0,0.0,803.0,360.0,0.0,803.0,360.0,,,,24,,İlkay,Gündoğan,Gündoğan,has joined Galatasaray permanently.,,0,0,0,0,0,0,0,0,0,0,0,0,0,,,,0.0,0.0,0.0,0.0,0.0,0,0,0
421,a,100.0,100.0,6.3,66,44.0,0,0.0,-2,2.0,0.4,262,89.0,28,3,2.3,291.0,128.0,1,164,3.0,124.0,54.0,0.5,4.4,0.0,52976,365,95863,306,3.0,3.5,0.14,1.1,1.24,10.36,0.02,0.14,0.16,1.29,152.4,273.0,117.0,187.3,137.0,96.0,33.0,330.0,173.0,37.3,264.0,130.0,,,,24,,Rodrigo 'Rodri',Hernandez Cascante,Rodrigo,,,723,0,0,2,8,0,0,0,2,0,0,8,109,,,,0.0,0.25,1.0,1.0,13.57,23,28,58
422,i,0.0,0.0,5.9,90,57.0,0,0.0,-1,1.0,0.0,675,279.0,1,0,1.0,488.0,230.0,0,3,0.0,796.0,356.0,0.0,0.2,0.0,2392,5,3303,13,0.0,0.0,0.0,0.0,0.0,0.0,0.0,0.0,0.0,0.0,2.6,468.0,216.0,0.8,455.0,220.0,0.0,799.0,357.0,0.3,485.0,225.0,,,,24,,Mateo,Kovačić,Kovačić,Ankle injury - Unknown return date,,4,0,0,0,0,0,0,0,0,0,0,0,0,,,,0.0,0.0,0.0,0.0,0.0,0,0,0
423,a,100.0,100.0,5.9,99,64.0,0,0.0,-1,1.0,0.1,465,158.0,55,0,2.8,223.0,95.0,1,289,0.8,308.0,138.0,0.1,9.3,0.0,26829,65,29666,105,0.8,1.3,0.56,1.0,1.56,16.19,0.04,0.07,0.11,1.08,269.0,174.0,69.0,183.5,141.0,98.0,64.0,275.0,146.0,51.6,202.0,104.0,,,,24,,Nico,González Iglesias,N.Gonzalez,,,1351,1,0,7,14,0,0,0,5,0,0,15,179,,,,0.0,0.47,0.93,1.0,11.92,36,64,79
425,u,0.0,0.0,5.4,183,114.0,0,0.0,-1,1.0,0.0,728,309.0,0,0,0.0,795.0,354.0,0,0,0.0,786.0,349.0,0.0,0.0,0.0,194,0,3224,2,0.0,0.0,0.0,0.0,0.0,0.0,0.0,0.0,0.0,0.0,0.0,795.0,354.0,0.0,794.0,354.0,0.0,790.0,353.0,0.0,795.0,354.0,,,,24,,Claudio,Echeverri,Echeverri,has joined Girona on loan for the rest of the season.,,0,0,0,0,0,0,0,0,0,0,0,0,0,,,,0.0,0.0,0.0,0.0,0.0,0,0,0
427,a,,,5.1,232,143.0,0,0.0,-4,4.0,11.0,39,14.0,83,1,3.6,109.0,52.0,6,307,3.4,84.0,36.0,0.7,16.3,0.0,3517467,2531,4743199,14801,3.4,3.9,3.92,1.95,5.87,16.57,0.25,0.12,0.37,1.05,320.2,129.0,44.0,301.2,70.0,52.0,377.0,34.0,19.0,99.1,55.0,35.0,3.0,,,24,,Tijjani,Reijnders,Reijnders,,,1423,5,2,7,16,0,0,0,2,0,0,17,83,,,,0.0,0.44,1.01,1.08,5.25,8,26,49
428,u,0.0,0.0,5.0,278,170.0,0,0.0,0,0.0,0.0,716,302.0,0,0,0.0,780.0,343.0,0,0,0.0,755.0,328.0,0.0,0.0,0.0,73,0,2469,4,0.0,0.0,0.0,0.0,0.0,0.0,0.0,0.0,0.0,0.0,0.0,780.0,343.0,0.0,778.0,343.0,0.0,772.0,341.0,0.0,780.0,343.0,,,,24,,Sverre,Nypan,Nypan,Has joined Middlesbrough on loan for the rest of the season.,,0,0,0,0,0,0,0,0,0,0,0,0,0,,,,0.0,0.0,0.0,0.0,0.0,0,0,0
531,a,100.0,100.0,4.6,396,68.0,0,0.0,1,-1.0,3.1,105,41.0,83,0,4.4,36.0,14.0,7,246,1.6,227.0,83.0,0.3,18.0,0.0,1050251,1336,917273,3369,0.6,1.6,2.0,0.49,2.49,21.0,0.13,0.03,0.16,1.35,458.4,52.0,24.0,98.6,229.0,63.0,313.0,54.0,2.0,87.0,75.0,16.0,,,,24,,Daniel,Ballard,Ballard,,,1401,2,1,4,19,0,0,0,3,0,0,15,182,,,,0.0,0.26,1.22,0.96,10.92,24,146,34
532,a,,,4.5,440,88.0,0,0.0,0,0.0,0.3,296,112.0,66,0,2.9,202.0,78.0,4,234,0.6,322.0,120.0,0.1,14.7,0.0,72161,63,63636,332,-0.4,0.6,1.14,0.92,2.06,30.82,0.05,0.04,0.09,1.48,306.8,145.0,62.0,234.6,103.0,24.0,150.0,151.0,29.0,68.2,129.0,41.0,2.0,,,24,,Trai,Hume,Hume,,,1876,0,1,6,24,0,0,0,6,0,0,21,159,,,,0.0,0.29,1.15,1.01,6.33,44,88,64
533,u,0.0,0.0,4.0,664,164.0,0,0.0,0,0.0,0.0,770,261.0,0,0,0.0,566.0,209.0,0,0,0.0,489.0,192.0,0.0,0.0,0.0,611,0,817,6,0.0,0.0,0.0,0.0,0.0,0.0,0.0,0.0,0.0,0.0,0.0,556.0,208.0,0.0,548.0,208.0,0.0,515.0,203.0,0.0,558.0,208.0,,,,24,,Aji,Alese,Alese,has joined Portsmouth on loan for the rest of the season.,,0,0,0,0,0,0,0,0,0,0,0,0,0,,,,0.0,0.0,0.0,0.0,0.0,0,0,0
430,a,100.0,100.0,15.0,1,1.0,0,0.0,10,-10.0,71.4,1,1.0,171,5,7.1,2.0,1.0,31,696,3.2,109.0,16.0,0.2,11.4,0.0,6671148,3989,1357370,48172,3.2,3.7,18.89,1.33,20.22,26.19,0.85,0.06,0.91,1.17,846.8,1.0,1.0,174.9,149.0,10.0,1037.0,1.0,1.0,206.0,2.0,1.0,,,1.0,24,,Erling,Haaland,Haaland,,,2008,20,5,10,22,0,0,1,0,0,0,23,75,,,,0.0,0.45,0.99,1.03,3.36,12,35,28
736,a,,,5.6,128,3.0,0,0.0,1,-1.0,9.2,45,7.0,81,2,3.9,80.0,8.0,2,353,3.0,122.0,12.0,0.5,14.5,0.0,1906100,3303,1106020,14144,3.0,3.5,0.0,0.0,0.0,23.12,0.0,0.0,0.0,1.1,394.0,84.0,15.0,0.0,799.0,93.0,0.0,797.0,92.0,39.5,257.0,15.0,,,,24,,Gianluigi,Donnarumma,Donnarumma,,,1890,0,0,9,19,0,1,0,5,0,48,21,55,,,,2.29,0.43,0.9,1.0,0.0,0,27,140
739,a,,,4.4,560,337.0,0,0.0,-1,1.0,0.0,666,273.0,2,0,1.0,456.0,203.0,0,5,0.2,386.0,171.0,0.0,0.5,0.0,3452,23,2844,24,0.2,0.7,0.0,0.21,0.21,0.34,0.0,0.76,0.76,1.22,4.2,460.0,210.0,28.3,365.0,189.0,4.0,413.0,203.0,3.7,441.0,200.0,,,,24,,Divine,Mukasa,Mukasa,,,25,0,0,0,0,0,0,0,0,0,0,0,1,,,,0.0,0.0,0.0,0.0,3.6,0,0,1
740,a,,,3.9,770,225.0,0,0.0,-1,1.0,0.0,609,218.0,0,0,0.0,553.0,202.0,0,0,0.0,476.0,185.0,0.0,0.0,0.0,3146,23,3388,31,0.0,0.5,0.0,0.0,0.0,0.0,0.0,0.0,0.0,0.0,0.0,543.0,201.0,0.0,533.0,201.0,0.0,498.0,194.0,0.0,545.0,201.0,,,,24,,Stephen,Mfuni,Mfuni,,,0,0,0,0,0,0,0,0,0,0,0,0,0,,,,0.0,0.0,0.0,0.0,0.0,0,0,0
742,a,,,4.5,498,308.0,0,0.0,0,0.0,0.0,723,307.0,0,0,0.0,734.0,310.0,0,0,0.0,689.0,281.0,0.0,0.0,0.0,1340,11,1117,10,0.0,0.5,0.0,0.0,0.0,0.0,0.0,0.0,0.0,0.0,0.0,734.0,310.0,0.0,729.0,310.0,0.0,712.0,305.0,0.0,734.0,310.0,,,,24,,Ryan,McAidoo,McAidoo,,,0,0,0,0,0,0,0,0,0,0,0,0,0,,,,0.0,0.0,0.0,0.0,0.0,0,0,0
763,a,,,4.5,453,272.0,0,0.0,0,0.0,0.0,784,344.0,0,0,0.0,702.0,285.0,0,0,0.0,653.0,252.0,0.0,0.0,0.0,291,8,185,10,0.0,0.5,0.0,0.0,0.0,0.0,0.0,0.0,0.0,0.0,0.0,698.0,281.0,0.0,695.0,283.0,0.0,675.0,275.0,0.0,699.0,282.0,,,,24,,Charlie,Gray,Gray,,,0,0,0,0,0,0,0,0,0,0,0,0,0,,,,0.0,0.0,0.0,0.0,0.0,0,0,0
764,a,,,4.5,481,294.0,0,0.0,0,0.0,0.0,787,347.0,0,0,0.0,720.0,298.0,0,0,0.0,674.0,268.0,0.0,0.0,0.0,143,8,95,3,0.0,0.5,0.0,0.0,0.0,0.0,0.0,0.0,0.0,0.0,0.0,719.0,297.0,0.0,714.0,297.0,0.0,697.0,292.0,0.0,719.0,297.0,,,,24,,Reigan,Heskey,Heskey,,,0,0,0,0,0,0,0,0,0,0,0,0,0,,,,0.0,0.0,0.0,0.0,0.0,0,0,0
794,a,,,4.3,595,138.0,0,0.0,-2,2.0,0.0,702,241.0,5,0,2.5,254.0,98.0,0,27,1.2,265.0,96.0,0.3,1.2,0.0,4857,20,3410,91,1.2,1.7,0.26,0.06,0.32,1.54,0.17,0.04,0.21,1.03,34.0,408.0,154.0,14.8,389.0,142.0,26.0,343.0,112.0,7.5,415.0,150.0,,,,24,,Max,Alleyne,Alleyne,,,135,0,0,0,1,0,0,0,0,0,0,2,11,,,,0.0,0.0,0.67,1.33,7.33,3,8,4
119,a,100.0,100.0,8.4,11,6.0,0,0.0,4,-4.0,19.4,19,7.0,95,2,5.0,16.0,8.0,14,349,4.2,53.0,23.0,0.5,11.3,0.0,6106247,60108,5474222,16323,4.2,4.2,6.6,3.65,10.25,23.81,0.36,0.2,0.56,1.31,444.4,59.0,16.0,532.7,14.0,14.0,630.0,7.0,2.0,160.7,7.0,5.0,2.0,2.0,,24,,Bryan,Mbeumo,Mbeumo,,,1633,8,1,3,28,0,0,0,3,0,0,19,84,,,,0.0,0.17,1.54,1.05,4.63,14,10,60
431,a,,,4.7,385,17.0,0,0.0,-3,3.0,0.3,307,40.0,11,0,1.8,356.0,28.0,0,49,0.0,704.0,90.0,0.0,2.3,0.0,35413,87,60340,138,0.0,0.0,0.0,0.05,0.05,9.24,0.0,0.01,0.01,1.54,118.4,303.0,24.0,10.0,413.0,9.0,0.0,728.0,79.0,12.8,380.0,24.0,,,,24,,Altay,Bayındır,Bayindir,,,540,0,0,0,11,0,0,0,0,0,13,6,46,,,,2.17,0.0,1.83,1.0,0.0,0,7,39
432,u,0.0,0.0,4.9,301,12.0,0,0.0,-1,1.0,0.1,418,63.0,0,0,0.0,756.0,92.0,0,0,0.0,721.0,92.0,0.0,0.0,0.0,5156,0,26333,14,0.0,0.0,0.0,0.0,0.0,0.0,0.0,0.0,0.0,0.0,0.0,756.0,92.0,0.0,752.0,89.0,0.0,743.0,83.0,0.0,756.0,92.0,,,,24,,André,Onana,Onana,has joined Trabzonspor on loan for the rest of the season.,,0,0,0,0,0,0,0,0,0,0,0,0,0,,,,0.0,0.0,0.0,0.0,0.0,0,0,0
433,u,0.0,0.0,4.0,711,64.0,0,0.0,0,0.0,0.0,792,92.0,0,0,0.0,605.0,82.0,0,0,0.0,531.0,76.0,0.0,0.0,0.0,0,0,245,0,0.0,0.0,0.0,0.0,0.0,0.0,0.0,0.0,0.0,0.0,0.0,595.0,82.0,0.0,588.0,71.0,0.0,556.0,56.0,0.0,597.0,82.0,,,,24,,Elyh,Harrison,Harrison,On loan to Shrewsbury Town,,0,0,0,0,0,0,0,0,0,0,0,0,0,,,,0.0,0.0,0.0,0.0,0.0,0,0,0
434,a,,,3.9,729,65.0,0,0.0,-1,1.0,0.3,335,46.0,0,0,0.0,522.0,34.0,0,0,0.0,444.0,28.0,0.0,0.0,0.0,14930,59,22528,136,0.0,0.0,0.0,0.0,0.0,0.0,0.0,0.0,0.0,0.0,0.0,512.0,34.0,0.0,501.0,19.0,0.0,466.0,4.0,0.0,514.0,34.0,,,,24,,Tom,Heaton,Heaton,,,0,0,0,0,0,0,0,0,0,0,0,0,0,,,,0.0,0.0,0.0,0.0,0.0,0,0,0
435,a,,,3.9,752,80.0,0,0.0,-1,1.0,0.1,467,72.0,0,0,0.0,538.0,48.0,0,0,0.0,461.0,42.0,0.0,0.0,0.0,5086,21,8050,40,0.0,0.0,0.0,0.0,0.0,0.0,0.0,0.0,0.0,0.0,0.0,528.0,48.0,0.0,518.0,34.0,0.0,483.0,19.0,0.0,530.0,48.0,,,,24,,Dermot,Mee,Mee,,,0,0,0,0,0,0,0,0,0,0,0,0,0,,,,0.0,0.0,0.0,0.0,0.0,0,0,0
436,i,0.0,0.0,4.9,306,49.0,0,0.0,-1,1.0,1.9,136,55.0,43,0,3.3,142.0,55.0,5,169,0.0,723.0,256.0,0.0,8.8,0.0,419274,33,536762,987,0.0,0.0,1.38,0.83,2.21,18.73,0.11,0.06,0.17,1.44,276.6,167.0,70.0,60.2,297.0,99.0,122.0,191.0,42.0,45.7,227.0,77.0,,,,24,,Matthijs,de Ligt,De Ligt,Back injury - Expected back 10 Feb,,1170,1,0,1,20,0,0,0,0,0,0,13,139,,,,0.0,0.08,1.54,1.0,8.23,19,88,40
437,a,100.0,100.0,4.8,360,62.0,0,0.0,-2,2.0,0.7,208,80.0,30,1,2.5,258.0,101.0,2,120,2.6,149.0,50.0,0.5,6.2,0.0,118753,4089,55426,1554,2.6,2.6,0.06,0.41,0.47,7.77,0.01,0.05,0.06,0.97,174.8,253.0,104.0,62.3,287.0,94.0,10.0,386.0,140.0,24.9,325.0,111.0,,,,24,,Lisandro,Martínez,Martinez,,,724,0,0,2,10,1,0,0,0,0,0,7,62,,,,0.0,0.25,1.24,0.87,7.71,7,55,35
438,a,100.0,100.0,4.9,315,52.0,0,0.0,-1,1.0,0.2,371,136.0,19,1,1.7,367.0,135.0,2,97,0.4,356.0,135.0,0.1,3.9,0.0,29492,456,50459,222,0.4,0.4,0.02,0.23,0.24,3.97,0.0,0.05,0.05,0.8,115.2,311.0,119.0,51.2,312.0,103.0,14.0,375.0,133.0,18.0,359.0,126.0,,,,24,,Noussair,Mazraoui,Mazraoui,,,445,0,0,1,6,0,0,0,1,0,0,6,59,,,,0.0,0.2,1.21,1.21,9.51,15,32,25
439,a,,,4.2,648,156.0,0,0.0,-3,3.0,0.1,565,204.0,0,0,0.0,627.0,245.0,0,0,0.0,562.0,236.0,0.0,0.0,0.0,3061,15,8210,23,0.0,0.0,0.0,0.0,0.0,0.0,0.0,0.0,0.0,0.0,0.0,619.0,246.0,0.0,614.0,245.0,0.0,585.0,243.0,0.0,621.0,246.0,,,,24,,Diego,León Blanco,D.Leon,,,0,0,0,0,0,0,0,0,0,0,0,0,0,,,,0.0,0.0,0.0,0.0,0.0,0,0,0
440,a,100.0,100.0,4.5,417,80.0,0,0.0,0,0.0,3.6,93,34.0,73,2,3.3,139.0,53.0,5,248,2.2,178.0,63.0,0.5,16.2,0.0,738233,6180,532355,3971,2.2,2.2,1.27,1.84,3.11,24.48,0.07,0.1,0.17,1.32,343.2,109.0,48.0,308.9,63.0,14.0,118.0,198.0,47.0,77.0,104.0,32.0,,,,24,,Diogo,Dalot Teixeira,Dalot,,,1669,1,5,4,29,0,0,0,3,0,0,19,134,,,,0.0,0.22,1.56,1.02,6.09,32,81,80
441,i,0.0,0.0,4.4,562,118.0,0,0.0,-1,1.0,7.4,54,17.0,74,0,3.4,126.0,45.0,8,261,5.8,12.0,2.0,1.3,16.8,0.0,1764941,2102,1572681,73369,0.0,0.0,1.86,1.42,3.28,18.78,0.13,0.1,0.23,1.27,402.4,81.0,35.0,354.1,45.0,5.0,262.0,72.0,3.0,101.9,49.0,7.0,,,,24,,Patrick,Dorgu,Dorgu,Hamstring injury - Unknown return date,,1329,3,3,3,20,0,0,0,5,0,0,14,117,,,,0.0,0.2,1.35,0.95,6.43,47,48,72
442,a,100.0,100.0,4.3,568,120.0,0,0.0,-2,2.0,1.2,174,66.0,44,2,4.0,64.0,25.0,3,118,2.2,176.0,61.0,0.5,10.2,0.0,177708,7938,134355,1000,2.2,2.2,0.73,0.02,0.75,10.31,0.11,0.0,0.11,1.52,142.4,279.0,109.0,17.6,386.0,140.0,87.0,238.0,67.0,24.8,327.0,112.0,,,,24,,Harry,Maguire,Maguire,,,611,1,1,3,8,0,0,0,1,0,0,7,62,,,,0.0,0.44,1.18,1.03,7.51,7,44,21
443,a,,,4.5,407,74.0,0,0.0,0,0.0,0.7,221,84.0,54,1,2.2,297.0,113.0,0,234,2.0,187.0,67.0,0.4,12.0,0.0,141776,2072,103182,653,2.0,2.0,0.08,1.25,1.33,28.54,0.0,0.05,0.05,1.23,348.8,104.0,46.0,221.7,111.0,28.0,37.0,317.0,101.0,60.8,158.0,51.0,,,,24,,Luke,Shaw,Shaw,,,2088,0,1,4,33,0,0,0,4,0,0,24,164,,,,0.0,0.17,1.42,1.03,5.73,48,85,66
444,a,,,4.2,643,154.0,0,0.0,-3,3.0,1.3,170,63.0,36,1,1.6,377.0,140.0,1,108,0.8,295.0,106.0,0.2,8.6,0.0,201912,462,294298,902,0.8,0.8,0.68,0.24,0.92,17.22,0.05,0.02,0.07,1.37,195.6,235.0,96.0,61.3,292.0,96.0,73.0,258.0,74.0,32.9,282.0,93.0,,,,24,,Leny,Yoro,Yoro,,,1134,0,1,1,24,0,0,0,0,0,0,12,117,,,,0.0,0.08,1.9,0.95,7.54,22,73,49
445,u,0.0,0.0,4.0,709,191.0,0,0.0,0,0.0,0.1,528,192.0,0,0,0.0,603.0,229.0,0,0,0.0,529.0,215.0,0.0,0.0,0.0,1160,0,14310,16,0.0,0.0,0.0,0.0,0.0,0.0,0.0,0.0,0.0,0.0,0.0,593.0,228.0,0.0,586.0,228.0,0.0,554.0,224.0,0.0,595.0,228.0,,,,24,,Harry,Amass,Amass,has joined Norwich City on loan for the rest of the season.,,0,0,0,0,0,0,0,0,0,0,0,0,0,,,,0.0,0.0,0.0,0.0,0.0,0,0,0
446,a,,,3.8,799,252.0,0,0.0,-2,2.0,0.1,428,160.0,1,0,1.0,437.0,159.0,0,4,0.0,436.0,171.0,0.0,0.3,0.0,10150,36,13878,70,0.0,0.0,0.0,0.0,0.0,0.3,0.0,0.0,0.0,13.5,4.0,461.0,167.0,0.0,494.0,189.0,0.0,458.0,181.0,0.4,476.0,169.0,,,,24,,Tyler,Fredricson,Fredricson,,,2,0,0,0,0,0,0,0,0,0,0,0,2,,,,0.0,0.0,0.0,0.0,90.0,0,2,0
447,a,100.0,100.0,3.8,808,260.0,0,0.0,-2,2.0,2.2,122,46.0,26,0,2.4,267.0,103.0,0,107,1.0,277.0,99.0,0.3,6.8,0.0,378581,1167,285933,3846,1.0,1.0,0.34,0.17,0.51,7.95,0.05,0.02,0.07,1.12,175.6,251.0,102.0,27.2,366.0,130.0,26.0,341.0,111.0,22.9,334.0,114.0,,,,24,,Ayden,Heaven,Heaven,,,636,0,1,1,12,1,0,0,1,0,0,8,72,,,,0.0,0.14,1.7,1.13,10.05,16,55,29
448,a,,,3.8,781,234.0,0,0.0,-2,2.0,0.4,273,101.0,1,0,1.0,435.0,157.0,0,3,0.0,423.0,158.0,0.0,0.3,0.0,52475,112,53927,301,0.0,0.0,0.0,0.0,0.0,0.3,0.0,0.0,0.0,13.5,3.0,465.0,168.0,0.0,481.0,176.0,0.0,445.0,168.0,0.3,480.0,170.0,,,,24,,Tyrell,Malacia,Malacia,,,2,0,0,0,0,0,0,0,0,0,0,0,2,,,,0.0,0.0,0.0,0.0,90.0,1,1,0
449,a,100.0,100.0,9.6,6,4.0,1,-1.0,6,-6.0,29.4,11,4.0,131,10,6.2,3.0,1.0,23,571,6.4,9.0,6.0,0.7,13.6,0.0,6201627,137818,5245537,4362,6.4,6.4,7.44,5.93,13.37,26.39,0.37,0.3,0.67,1.32,733.2,3.0,1.0,989.1,1.0,1.0,348.0,42.0,25.0,207.4,1.0,1.0,1.0,1.0,1.0,24,,Bruno,Borges Fernandes,B.Fernandes,,,1805,5,12,2,32,0,0,2,2,0,0,21,204,,,,0.0,0.1,1.6,1.05,10.17,37,53,114
450,a,100.0,100.0,8.0,16,11.0,0,0.0,0,0.0,8.1,48,17.0,88,9,4.2,57.0,25.0,10,354,6.6,7.0,5.0,0.8,11.0,0.0,2756707,42875,2761540,5702,6.6,6.6,5.09,2.23,7.32,20.94,0.31,0.14,0.45,1.27,424.2,67.0,20.0,335.5,54.0,44.0,501.0,20.0,9.0,126.2,25.0,21.0,,,,24,,Matheus,Santos Carneiro da Cunha,Cunha,,,1485,6,2,4,22,0,0,0,1,0,0,17,124,,,,0.0,0.24,1.33,1.03,7.52,22,25,77
451,u,0.0,0.0,7.0,39,23.0,0,0.0,0,0.0,0.0,688,288.0,0,0,0.0,809.0,363.0,0,0,0.0,806.0,363.0,0.0,0.0,0.0,0,0,2099,1,0.0,0.0,0.0,0.0,0.0,0.0,0.0,0.0,0.0,0.0,0.0,809.0,363.0,0.0,809.0,363.0,0.0,809.0,363.0,0.0,809.0,363.0,,,,24,,Marcus,Rashford,Rashford,Has joined Barcelona on loan for the rest of the season,,0,0,0,0,0,0,0,0,0,0,0,0,0,,,,0.0,0.0,0.0,0.0,0.0,0,0,0
452,a,100.0,100.0,6.2,78,51.0,0,0.0,-3,3.0,1.6,146,47.0,63,2,3.5,124.0,59.0,6,313,1.4,258.0,114.0,0.2,10.2,0.0,346184,6155,492861,2990,1.4,1.4,3.95,3.11,7.06,19.06,0.24,0.19,0.43,1.17,315.6,135.0,46.0,415.0,31.0,30.0,360.0,38.0,22.0,109.2,38.0,28.0,,,,24,,Amad,Diallo,Amad,,,1470,2,4,3,22,0,0,0,1,0,0,17,130,,,,0.0,0.18,1.35,1.04,7.96,26,33,71
454,u,0.0,0.0,5.9,100,65.0,0,0.0,-1,1.0,0.1,557,205.0,0,0,0.0,802.0,359.0,0,0,0.0,798.0,358.0,0.0,0.0,0.0,1511,0,10657,6,0.0,0.0,0.0,0.0,0.0,0.0,0.0,0.0,0.0,0.0,0.0,802.0,359.0,0.0,802.0,359.0,0.0,802.0,359.0,0.0,802.0,359.0,,,,24,,Antony,dos Santos,Antony,has joined Real Betis permanently.,,0,0,0,0,0,0,0,0,0,0,0,0,0,,,,0.0,0.0,0.0,0.0,0.0,0,0,0
455,a,100.0,100.0,5.9,96,61.0,0,0.0,-1,1.0,0.4,288,96.0,46,0,2.7,236.0,103.0,3,164,0.4,366.0,162.0,0.1,7.8,0.0,183558,305,188482,794,0.4,0.4,1.54,1.4,2.94,10.3,0.17,0.16,0.33,1.14,162.4,264.0,114.0,198.5,131.0,93.0,158.0,140.0,82.0,51.9,199.0,102.0,3.0,,,24,,Mason,Mount,Mount,,,812,3,0,3,14,0,0,0,0,0,0,10,62,,,,0.0,0.33,1.55,1.11,6.87,14,7,41
457,a,100.0,100.0,5.5,136,83.0,0,0.0,0,0.0,1.4,157,53.0,105,13,4.8,19.0,9.0,14,387,5.8,13.0,9.0,1.1,19.1,0.0,414345,11507,293475,1895,5.8,5.8,3.88,1.97,5.85,17.32,0.23,0.11,0.34,1.01,489.4,46.0,12.0,306.6,65.0,49.0,320.0,50.0,30.0,111.8,36.0,27.0,,,,24,,Carlos Henrique,Casimiro,Casemiro,,,1548,5,4,6,19,0,0,0,6,1,0,21,205,,,,0.0,0.35,1.1,1.22,11.92,51,71,83
458,a,100.0,100.0,4.6,399,246.0,0,0.0,-4,4.0,0.6,225,77.0,24,4,1.6,381.0,168.0,0,100,2.6,147.0,65.0,0.6,5.2,0.0,86399,3746,103656,773,2.6,2.6,0.17,0.31,0.48,7.87,0.03,0.06,0.09,1.42,116.8,306.0,136.0,136.1,185.0,124.0,33.0,329.0,172.0,28.6,305.0,147.0,,,,24,,Kobbie,Mainoo,Mainoo,,,498,0,1,1,11,0,0,0,0,0,0,3,55,,,,0.0,0.18,1.99,0.54,9.94,13,18,24
459,a,,,4.7,383,239.0,0,0.0,-3,3.0,0.2,404,136.0,30,1,1.8,355.0,159.0,0,152,1.6,228.0,100.0,0.3,6.4,0.0,28124,152,34756,270,1.6,1.6,0.31,0.15,0.46,14.56,0.04,0.02,0.06,1.76,123.2,301.0,135.0,61.6,291.0,167.0,32.0,331.0,174.0,21.5,340.0,164.0,,,,24,,Manuel,Ugarte Ribeiro,Ugarte,,,745,0,0,1,20,0,0,0,1,0,0,7,119,,,,0.0,0.12,2.42,0.85,14.38,41,32,46
460,a,100.0,100.0,4.5,442,264.0,0,0.0,0,0.0,0.0,651,265.0,0,0,0.0,695.0,278.0,0,0,0.0,645.0,244.0,0.0,0.0,0.0,503,5,9502,9,0.0,0.0,0.0,0.0,0.0,0.0,0.0,0.0,0.0,0.0,0.0,690.0,273.0,0.0,688.0,276.0,0.0,668.0,268.0,0.0,692.0,275.0,,,,24,,Toby,Collyer,Collyer,,,0,0,0,0,0,0,0,0,0,0,0,0,0,,,,0.0,0.0,0.0,0.0,0.0,0,0,0
461,a,,,4.3,609,355.0,0,0.0,-2,2.0,0.0,611,234.0,0,0,0.0,641.0,243.0,0,0,0.0,579.0,204.0,0.0,0.0,0.0,2739,28,4496,19,0.0,0.0,0.0,0.0,0.0,0.0,0.0,0.0,0.0,0.0,0.0,632.0,234.0,0.0,629.0,239.0,0.0,602.0,227.0,0.0,634.0,236.0,,,,24,,Jayce,Fitzgerald,Fitzgerald,,,0,0,0,0,0,0,0,0,0,0,0,0,0,,,,0.0,0.0,0.0,0.0,0.0,0,0,0
462,a,,,4.3,606,352.0,0,0.0,-2,2.0,0.1,504,178.0,3,0,1.0,449.0,197.0,0,10,0.0,576.0,201.0,0.0,0.7,0.0,12874,82,11047,104,0.0,0.0,0.03,0.02,0.05,1.86,0.03,0.02,0.05,1.56,18.6,433.0,194.0,24.4,371.0,191.0,5.0,410.0,201.0,4.8,435.0,196.0,,,,24,,Jack,Fletcher,J.Fletcher,,,107,0,0,0,0,0,0,0,0,0,0,0,11,,,,0.0,0.0,0.0,0.0,9.25,5,2,4
464,u,0.0,0.0,4.5,468,285.0,0,0.0,0,0.0,0.0,678,282.0,0,0,0.0,711.0,293.0,0,0,0.0,663.0,261.0,0.0,0.0,0.0,723,0,2821,5,0.0,0.0,0.0,0.0,0.0,0.0,0.0,0.0,0.0,0.0,0.0,709.0,291.0,0.0,705.0,292.0,0.0,686.0,285.0,0.0,710.0,292.0,,,,24,,Jack,Moorhouse,Moorhouse,has joined Leyton Orient on loan for the rest of the season.,,0,0,0,0,0,0,0,0,0,0,0,0,0,,,,0.0,0.0,0.0,0.0,0.0,0,0,0
465,u,0.0,0.0,6.3,70,22.0,0,0.0,-2,2.0,0.3,334,55.0,0,0,0.0,804.0,88.0,0,0,0.0,800.0,85.0,0.0,0.0,0.0,5437,0,56407,26,0.0,0.0,0.0,0.0,0.0,0.0,0.0,0.0,0.0,0.0,0.0,804.0,88.0,0.0,804.0,88.0,0.0,804.0,88.0,0.0,804.0,88.0,,,,24,,Rasmus,Højlund,Højlund,has joined Napoli on loan for the rest of the season.,,0,0,0,0,0,0,0,0,0,0,0,0,0,,,,0.0,0.0,0.0,0.0,0.0,0,0,0
466,d,75.0,75.0,5.8,109,31.0,0,0.0,-2,2.0,0.4,267,43.0,33,0,2.4,277.0,30.0,6,116,1.0,289.0,38.0,0.2,5.7,0.0,104190,71,123002,777,0.8,0.8,1.77,0.29,2.06,6.41,0.33,0.05,0.38,1.2,141.0,282.0,27.0,129.2,192.0,17.0,166.0,130.0,32.0,43.3,239.0,29.0,,,,24,,Joshua,Zirkzee,Zirkzee,Knock - 75% chance of playing,,481,2,1,1,7,0,0,0,1,0,0,4,34,,,,0.0,0.19,1.31,0.75,6.36,7,11,16
468,a,100.0,100.0,4.5,475,67.0,0,0.0,0,0.0,0.1,490,68.0,0,0,0.0,717.0,75.0,0,0,0.0,670.0,65.0,0.0,0.0,0.0,4495,109,14275,46,0.0,0.0,0.0,0.0,0.0,0.0,0.0,0.0,0.0,0.0,0.0,715.0,75.0,0.0,711.0,74.0,0.0,693.0,74.0,0.0,716.0,75.0,,,,24,,Ethan,Wheatley,Wheatley,,,0,0,0,0,0,0,0,0,0,0,0,0,0,,,,0.0,0.0,0.0,0.0,0.0,0,0,0
681,a,100.0,100.0,7.2,33,13.0,0,0.0,-3,3.0,3.3,100,18.0,62,6,3.3,148.0,15.0,9,198,4.4,45.0,9.0,0.6,8.6,0.0,667338,4003,1325862,3445,4.4,4.4,5.55,0.2,5.75,16.83,0.47,0.02,0.49,1.42,256.6,184.0,14.0,126.5,196.0,18.0,514.0,19.0,11.0,89.0,70.0,13.0,,,,24,,Benjamin,Sesko,Šeško,,,1063,5,2,1,23,0,0,0,1,0,0,11,46,,,,0.0,0.08,1.95,0.93,3.89,5,17,24
733,a,,,5.0,260,9.0,0,0.0,0,0.0,1.9,137,18.0,51,2,2.8,218.0,19.0,4,198,2.6,152.0,15.0,0.5,10.2,0.0,414093,3678,248102,2461,2.6,2.6,0.0,0.0,0.0,21.22,0.0,0.0,0.0,1.18,347.8,106.0,16.0,0.0,771.0,90.0,2.0,437.0,1.0,35.0,275.0,17.0,,,,24,,Senne,Lammens,Lammens,,,1620,0,0,3,25,0,0,0,0,0,41,18,43,,,,2.28,0.17,1.39,1.0,0.0,1,15,126
755,a,100.0,100.0,4.5,478,292.0,0,0.0,0,0.0,0.0,704,297.0,2,0,1.0,465.0,211.0,0,8,0.2,391.0,175.0,0.0,0.4,0.0,2836,49,1678,54,0.2,0.2,0.07,0.0,0.07,0.11,0.52,0.0,0.52,0.82,4.0,462.0,211.0,1.5,447.0,216.0,11.0,381.0,191.0,1.5,461.0,211.0,,,,24,,Shea,Lacey,Lacey,,,12,0,0,0,0,0,0,0,0,0,0,0,1,,,,0.0,0.0,0.0,0.0,7.5,1,0,0
769,a,,,4.5,477,291.0,0,0.0,0,0.0,0.0,780,341.0,1,0,1.0,464.0,210.0,0,3,0.0,672.0,267.0,0.0,0.2,0.0,277,8,168,7,0.0,0.0,0.0,0.01,0.01,0.05,0.0,0.06,0.06,0.3,2.2,471.0,218.0,11.7,400.0,198.0,0.0,695.0,291.0,1.4,463.0,213.0,,,,24,,Bendito,Mantato,Bendito Mantato,,,15,0,0,0,0,0,0,0,0,0,0,0,0,,,,0.0,0.0,0.0,0.0,0.0,0,0,0
771,a,,,4.4,545,328.0,0,0.0,-1,1.0,0.0,757,326.0,0,0,0.0,662.0,257.0,0,0,0.0,606.0,220.0,0.0,0.0,0.0,1045,40,610,29,0.0,0.0,0.0,0.0,0.0,0.0,0.0,0.0,0.0,0.0,0.0,654.0,249.0,0.0,651.0,254.0,0.0,626.0,243.0,0.0,656.0,251.0,,,,24,,Tyler,Fletcher,Fletcher,,,0,0,0,0,0,0,0,0,0,0,0,0,0,,,,0.0,0.0,0.0,0.0,0.0,0,0,0
788,a,,,4.0,708,190.0,0,0.0,0,0.0,0.0,761,257.0,0,0,0.0,602.0,228.0,0,0,0.0,528.0,214.0,0.0,0.0,0.0,223,6,134,10,0.0,0.0,0.0,0.0,0.0,0.0,0.0,0.0,0.0,0.0,0.0,592.0,227.0,0.0,585.0,227.0,0.0,553.0,223.0,0.0,594.0,227.0,,,,24,,Godwill,Kukonki,Kukonki,,,0,0,0,0,0,0,0,0,0,0,0,0,0,,,,0.0,0.0,0.0,0.0,0.0,0,0,0
52,a,100.0,100.0,5.3,194,121.0,0,0.0,-2,2.0,0.2,364,121.0,16,1,1.1,433.0,195.0,0,93,0.8,306.0,137.0,0.2,3.0,0.0,23369,155,72915,110,0.8,0.3,0.4,0.66,1.06,11.94,0.06,0.09,0.15,1.69,69.0,367.0,163.0,144.0,175.0,118.0,68.0,266.0,144.0,28.2,309.0,149.0,,,,24,,Jacob,Ramsey,J.Ramsey,,,637,0,0,0,16,0,0,0,3,0,0,5,70,,,,0.0,0.0,2.26,0.71,9.89,14,9,47
135,a,100.0,100.0,7.3,24,9.0,0,0.0,-2,2.0,0.8,198,32.0,16,1,1.6,391.0,47.0,0,53,1.4,260.0,34.0,0.2,2.2,0.0,226712,1121,408310,4226,1.4,0.9,1.56,0.4,1.96,4.56,0.41,0.11,0.52,1.2,44.6,395.0,42.0,33.3,357.0,45.0,124.0,186.0,41.0,19.7,352.0,42.0,,,,24,,Yoane,Wissa,Wissa,,,342,1,0,1,5,0,0,0,1,0,0,3,16,,,,0.0,0.26,1.32,0.79,4.21,2,2,12
469,a,100.0,100.0,5.1,224,6.0,0,0.0,1,-1.0,4.9,76,13.0,75,1,4.2,53.0,3.0,3,310,3.6,76.0,7.0,0.7,14.7,0.0,1476503,1820,1465949,2751,3.6,3.1,0.0,0.0,0.0,19.89,0.0,0.0,0.0,1.11,427.6,66.0,13.0,0.0,784.0,91.0,0.0,778.0,88.0,42.8,243.0,14.0,,,,24,,Nick,Pope,Pope,,,1606,0,1,7,23,0,0,0,1,0,56,18,121,,,,3.14,0.39,1.29,1.01,0.0,1,27,167
471,a,,,3.9,734,70.0,0,0.0,-1,1.0,0.1,430,65.0,0,0,0.0,526.0,38.0,0,0,0.0,448.0,32.0,0.0,0.0,0.0,6177,15,9888,38,0.0,-0.5,0.0,0.0,0.0,0.0,0.0,0.0,0.0,0.0,0.0,516.0,38.0,0.0,506.0,24.0,0.0,471.0,9.0,0.0,518.0,38.0,,,,24,,Mark,Gillespie,Gillespie,,,0,0,0,0,0,0,0,0,0,0,0,0,0,,,,0.0,0.0,0.0,0.0,0.0,0,0,0
472,u,0.0,0.0,4.0,659,44.0,0,0.0,0,0.0,0.0,700,81.0,0,0,0.0,562.0,63.0,0,0,0.0,485.0,57.0,0.0,0.0,0.0,0,0,2427,3,0.0,0.0,0.0,0.0,0.0,0.0,0.0,0.0,0.0,0.0,0.0,552.0,63.0,0.0,544.0,51.0,0.0,510.0,36.0,0.0,554.0,63.0,,,,24,,Odysseas,Vlachodimos,Odysseas,Has joined Sevilla on loan for the rest of the season.,,0,0,0,0,0,0,0,0,0,0,0,0,0,,,,0.0,0.0,0.0,0.0,0.0,0,0,0
473,a,100.0,100.0,5.3,201,26.0,0,0.0,-2,2.0,3.0,106,42.0,55,3,3.2,161.0,63.0,4,233,4.6,32.0,7.0,0.9,10.4,0.0,541553,7691,409155,3698,4.6,4.1,0.58,1.78,2.36,17.7,0.04,0.13,0.17,1.32,323.6,125.0,54.0,239.8,102.0,23.0,98.0,224.0,59.0,66.1,138.0,45.0,4.0,,,24,,Lewis,Hall,Hall,,,1208,0,2,3,21,0,0,0,1,0,0,13,116,,,,0.0,0.22,1.56,0.97,8.05,34,74,71
474,i,0.0,0.0,5.3,185,23.0,0,0.0,-2,2.0,1.3,163,60.0,51,0,3.2,159.0,62.0,0,186,2.2,182.0,64.0,0.4,9.6,0.0,296571,20,472634,2664,0.0,0.0,0.97,0.6,1.57,13.85,0.08,0.05,0.13,1.14,291.2,159.0,67.0,63.6,285.0,92.0,108.0,211.0,55.0,46.4,225.0,76.0,,3.0,4.0,24,,Fabian,Schär,Schär,Ankle injury - Expected back 18 Apr,,1089,0,0,4,13,0,0,0,1,0,0,11,133,,,,0.0,0.33,1.07,0.91,9.5,14,101,42
475,a,100.0,100.0,4.9,312,50.0,0,0.0,-1,1.0,0.4,286,110.0,44,0,3.4,130.0,47.0,4,178,2.4,166.0,57.0,0.5,9.0,0.0,70057,325,96284,207,2.4,1.9,0.3,0.27,0.57,10.93,0.03,0.03,0.06,1.12,244.6,191.0,76.0,47.6,322.0,108.0,73.0,259.0,75.0,36.5,266.0,89.0,,,,24,,Sven,Botman,Botman,,,880,0,1,4,13,1,0,0,1,0,0,10,116,,,,0.0,0.41,1.33,1.02,8.9,8,79,53
476,a,100.0,100.0,5.0,242,37.0,0,0.0,0,0.0,3.2,103,39.0,68,1,4.2,52.0,21.0,5,189,0.2,404.0,149.0,0.0,13.6,0.0,1470159,2630,1636464,905,0.2,-0.3,0.12,0.3,0.42,14.66,0.01,0.02,0.03,0.98,292.0,158.0,66.0,72.7,273.0,86.0,66.0,269.0,78.0,43.1,241.0,83.0,,,,24,,Dan,Burn,Burn,,,1345,0,3,6,21,0,0,0,4,1,0,16,171,,,,0.0,0.4,1.41,1.07,9.03,20,115,48
477,i,0.0,0.0,4.9,327,54.0,0,0.0,-1,1.0,2.0,131,51.0,49,0,3.8,88.0,31.0,3,218,0.4,358.0,136.0,0.1,10.0,0.0,1089462,12,1362447,1601,0.0,0.0,0.12,0.57,0.69,11.0,0.01,0.05,0.06,0.94,190.8,243.0,100.0,178.1,145.0,37.0,36.0,324.0,103.0,40.5,252.0,86.0,,,,24,,Tino,Livramento,Livramento,Hamstring injury - Expected back 14 Mar,,1048,0,1,5,10,0,0,0,1,0,0,11,86,,,,0.0,0.43,0.86,0.94,4.98,19,39,68
478,a,100.0,100.0,4.9,286,45.0,0,0.0,-1,1.0,1.3,166,62.0,38,1,3.2,155.0,60.0,2,160,1.6,229.0,84.0,0.3,7.8,0.0,233680,823,365751,337,1.6,1.1,0.05,1.56,1.61,10.97,0.0,0.15,0.15,1.03,167.4,258.0,105.0,333.6,55.0,10.0,5.0,411.0,154.0,50.4,206.0,67.0,2.0,2.0,,24,,Kieran,Trippier,Trippier,,,962,0,0,5,15,0,0,0,1,0,0,11,75,,,,0.0,0.47,1.4,1.03,4.3,14,32,48
480,d,25.0,25.0,4.3,569,121.0,0,0.0,-2,2.0,0.1,582,210.0,1,0,0.5,498.0,174.0,0,0,0.0,563.0,237.0,0.0,0.2,0.0,2752,3,8769,21,0.0,-0.1,0.04,0.0,0.04,0.55,0.19,0.0,0.19,2.61,10.2,444.0,165.0,0.0,615.0,246.0,7.0,401.0,151.0,1.7,456.0,164.0,,,,24,,Jamaal,Lascelles,Lascelles,Lack of match fitness - 25% chance of playing,,19,0,0,0,2,0,0,0,0,0,0,0,5,,,,0.0,0.0,9.47,0.0,23.68,0,5,0
481,a,,,3.8,798,251.0,0,0.0,-2,2.0,0.7,215,82.0,1,1,1.0,436.0,158.0,0,-1,0.2,375.0,141.0,0.1,0.3,0.0,72055,535,94780,400,0.2,-0.3,0.0,0.0,0.0,0.27,0.0,0.0,0.0,24.3,2.2,469.0,169.0,0.0,493.0,188.0,0.0,457.0,180.0,0.2,486.0,172.0,,,,24,,Alex,Murphy,A.Murphy,,,1,0,0,0,1,0,0,0,0,0,0,0,1,,,,0.0,0.0,90.0,0.0,90.0,0,1,0
488,d,75.0,100.0,7.2,31,19.0,0,0.0,7,-7.0,16.1,21,8.0,120,0,5.7,7.0,4.0,18,526,4.8,29.0,16.0,0.7,16.7,0.0,3906855,10850,2158147,113491,3.6,4.3,4.03,2.95,6.98,22.8,0.2,0.14,0.34,1.12,606.4,13.0,4.0,542.4,12.0,12.0,342.0,44.0,27.0,149.1,13.0,11.0,,,,24,,Bruno,Guimarães Rodriguez Moura,Bruno G.,Ankle injury - 75% chance of playing,,1839,8,5,6,27,0,0,0,4,0,0,20,178,,,,0.0,0.29,1.32,0.98,8.71,45,39,94
489,a,100.0,100.0,5.9,92,58.0,0,0.0,-6,6.0,0.6,231,80.0,52,1,2.7,235.0,102.0,2,212,1.0,290.0,130.0,0.2,8.8,0.0,155182,327,339439,329,1.0,0.5,2.75,2.33,5.08,11.98,0.24,0.21,0.45,1.05,210.8,221.0,94.0,299.8,71.0,53.0,266.0,70.0,45.0,77.5,101.0,57.0,,,,24,,Jacob,Murphy,J.Murphy,,,1022,2,1,6,10,0,0,0,0,0,0,12,45,,,,0.0,0.53,0.88,1.06,3.96,7,11,27
490,i,0.0,0.0,5.9,95,60.0,0,0.0,-1,1.0,0.3,304,104.0,56,0,2.9,208.0,89.0,2,239,3.2,104.0,46.0,0.5,9.5,0.0,70666,17,94002,2111,0.0,0.0,1.75,0.97,2.72,17.25,0.12,0.06,0.18,1.14,254.6,185.0,76.0,209.3,122.0,86.0,269.0,69.0,44.0,73.4,113.0,61.0,,,,24,,Joelinton Cássio,Apolinário de Lira,Joelinton,Groin Injury - Unknown return date,,1364,2,0,5,18,0,0,0,6,0,0,17,171,,,,0.0,0.33,1.19,1.12,11.28,30,55,86
491,a,100.0,100.0,5.3,197,122.0,0,0.0,-2,2.0,1.0,187,62.0,58,2,2.4,275.0,119.0,1,314,2.4,168.0,75.0,0.5,10.9,0.0,179582,987,292751,889,2.4,1.9,1.34,1.57,2.91,20.27,0.07,0.08,0.15,1.1,265.2,179.0,72.0,308.0,64.0,48.0,144.0,161.0,90.0,72.0,118.0,65.0,1.0,1.0,,24,,Sandro,Tonali,Tonali,,,1666,0,1,7,22,0,0,0,3,0,0,21,177,,,,0.0,0.38,1.19,1.13,9.56,24,49,104
492,u,0.0,0.0,4.9,346,216.0,0,0.0,-1,1.0,0.0,667,274.0,0,0,0.0,769.0,335.0,0,0,0.0,740.0,317.0,0.0,0.0,0.0,655,0,3550,1,0.0,0.0,0.0,0.0,0.0,0.0,0.0,0.0,0.0,0.0,0.0,769.0,335.0,0.0,765.0,335.0,0.0,757.0,333.0,0.0,769.0,335.0,,,,24,,Antoñito,Cordero Campillo,Antoñito C.,has joined Cadiz on loan for the rest of the season.,,0,0,0,0,0,0,0,0,0,0,0,0,0,,,,0.0,0.0,0.0,0.0,0.0,0,0,0
494,a,100.0,100.0,5.0,248,150.0,0,0.0,0,0.0,0.1,510,180.0,17,2,1.3,419.0,187.0,0,64,0.8,303.0,135.0,0.2,3.4,0.0,10477,185,10516,74,0.8,0.3,0.6,0.17,0.77,5.89,0.17,0.05,0.22,1.7,38.4,403.0,177.0,51.6,311.0,176.0,37.0,318.0,166.0,12.5,383.0,178.0,,,,24,,Joe,Willock,Willock,,,311,0,0,2,6,0,0,0,1,0,0,3,32,,,,0.0,0.58,1.74,0.87,9.26,10,5,17
498,u,0.0,0.0,4.5,435,260.0,0,0.0,0,0.0,0.0,754,324.0,0,0,0.0,692.0,275.0,0,0,0.0,642.0,241.0,0.0,0.0,0.0,117,0,1208,1,0.0,0.0,0.0,0.0,0.0,0.0,0.0,0.0,0.0,0.0,0.0,687.0,270.0,0.0,685.0,273.0,0.0,664.0,265.0,0.0,689.0,272.0,,,,24,,Joe,White,White,has joined Bradford City on loan for the rest of the season.,,0,0,0,0,0,0,0,0,0,0,0,0,0,,,,0.0,0.0,0.0,0.0,0.0,0,0,0
500,a,100.0,100.0,5.4,182,44.0,0,0.0,-1,1.0,0.2,372,59.0,19,1,1.7,372.0,44.0,0,63,0.2,412.0,47.0,0.0,3.5,0.0,69166,99,85519,39,0.2,-0.3,0.64,0.03,0.67,3.54,0.26,0.01,0.27,1.45,41.2,399.0,43.0,14.2,393.0,50.0,68.0,267.0,47.0,12.1,388.0,47.0,,,,24,,William,Osula,Osula,,,219,1,1,1,5,0,0,0,0,0,0,1,8,,,,0.0,0.41,2.05,0.41,3.29,1,1,6
501,a,,,4.3,615,85.0,0,0.0,-2,2.0,0.2,346,56.0,0,0,0.0,645.0,65.0,0,0,0.0,585.0,55.0,0.0,0.0,0.0,21404,185,32743,151,0.0,-0.5,0.0,0.0,0.0,0.0,0.0,0.0,0.0,0.0,0.0,636.0,65.0,0.0,633.0,64.0,0.0,607.0,64.0,0.0,638.0,65.0,,,,24,,Sean,Neave,Neave,,,0,0,0,0,0,0,0,0,0,0,0,0,0,,,,0.0,0.0,0.0,0.0,0.0,0,0,0
674,a,,,4.8,362,15.0,0,0.0,-2,2.0,0.7,216,28.0,11,0,1.6,383.0,29.0,0,45,0.0,710.0,91.0,0.0,2.3,0.0,107016,146,144095,504,0.0,-0.5,0.0,0.0,0.0,7.96,0.0,0.0,0.0,1.3,97.4,331.0,26.0,10.0,414.0,10.0,0.0,735.0,81.0,10.8,395.0,25.0,,,,24,,Aaron,Ramsdale,Ramsdale,,,553,0,0,0,10,0,0,0,0,0,10,6,0,,,,1.63,0.0,1.63,0.98,0.0,0,5,49
684,a,,,5.1,236,35.0,0,0.0,1,-1.0,5.5,70,22.0,85,0,4.0,67.0,26.0,10,283,5.2,24.0,4.0,1.0,16.7,0.0,1138381,10898,480764,12733,5.2,4.7,1.97,0.47,2.44,25.53,0.1,0.02,0.12,1.31,527.2,28.0,12.0,75.3,269.0,84.0,208.0,98.0,11.0,80.8,91.0,22.0,,,,24,,Malick,Thiaw,Thiaw,,,1757,3,0,4,30,0,0,0,3,0,0,20,207,,,,0.0,0.2,1.54,1.02,9.17,25,154,79
689,a,,,4.3,619,363.0,0,0.0,-2,2.0,0.3,295,99.0,0,0,0.0,648.0,249.0,0,0,0.0,588.0,211.0,0.0,0.0,0.0,52957,2254,36940,657,0.0,-0.5,0.0,0.0,0.0,0.0,0.0,0.0,0.0,0.0,0.0,639.0,240.0,0.0,636.0,245.0,0.0,610.0,234.0,0.0,641.0,242.0,,,,24,,Seung-Soo,Park,Seung soo,,,0,0,0,0,0,0,0,0,0,0,0,0,0,,,,0.0,0.0,0.0,0.0,0.0,0,0,0
714,a,,,7.1,36,15.0,0,0.0,1,-1.0,10.6,40,7.0,82,1,3.9,85.0,8.0,10,287,2.0,196.0,24.0,0.3,11.5,0.0,5382649,2936,4205082,63844,2.0,1.5,6.19,0.75,6.94,17.54,0.41,0.05,0.46,1.15,347.0,107.0,10.0,165.4,155.0,11.0,376.0,35.0,16.0,87.8,74.0,14.0,,,3.0,24,,Nick,Woltemade,Woltemade,,,1369,7,3,6,20,1,0,0,0,0,0,17,69,,,,0.0,0.39,1.31,1.12,4.54,15,23,31
765,a,,,4.0,704,186.0,0,0.0,0,0.0,0.0,673,234.0,0,0,0.0,599.0,225.0,0,0,0.0,524.0,210.0,0.0,0.0,0.0,2583,71,1316,46,0.0,-0.5,0.0,0.0,0.0,0.0,0.0,0.0,0.0,0.0,0.0,589.0,224.0,0.0,582.0,224.0,0.0,550.0,220.0,0.0,591.0,224.0,,,,24,,Leo,Shahar,Shahar,,,0,0,0,0,0,0,0,0,0,0,0,0,0,,,,0.0,0.0,0.0,0.0,0.0,0,0,0
772,a,,,4.5,508,314.0,0,0.0,0,0.0,0.0,785,345.0,0,0,0.0,741.0,315.0,0,0,0.0,697.0,287.0,0.0,0.0,0.0,230,13,117,6,0.0,-0.5,0.0,0.0,0.0,0.0,0.0,0.0,0.0,0.0,0.0,741.0,315.0,0.0,736.0,315.0,0.0,719.0,310.0,0.0,741.0,315.0,,,,24,,Sam,Alabi,Alabi,,,0,0,0,0,0,0,0,0,0,0,0,0,0,,,,0.0,0.0,0.0,0.0,0.0,0,0,0
12,a,100.0,100.0,4.9,303,48.0,0,0.0,-1,1.0,0.2,352,128.0,7,0,1.4,408.0,149.0,0,56,0.0,722.0,255.0,0.0,1.4,0.0,26648,207,50744,132,0.0,0.0,0.07,0.36,0.43,5.02,0.02,0.09,0.11,1.28,80.8,351.0,133.0,83.4,256.0,76.0,22.0,361.0,125.0,18.6,357.0,124.0,,,,24,,Oleksandr,Zinchenko,Zinchenko,,,352,0,0,0,6,0,0,0,0,0,0,4,36,,,,0.0,0.0,1.53,1.02,6.14,10,14,17
426,a,,,5.0,256,156.0,0,0.0,-5,5.0,0.1,488,171.0,6,0,0.9,491.0,231.0,0,24,0.0,746.0,321.0,0.0,1.2,0.0,12468,87,25713,65,0.0,0.0,0.02,0.17,0.19,3.56,0.01,0.09,0.1,1.9,16.2,436.0,196.0,44.9,329.0,179.0,8.0,396.0,195.0,7.0,420.0,190.0,,,,24,,James,McAtee,McAtee,,,169,0,0,0,7,0,0,0,1,0,0,1,11,,,,0.0,0.0,3.73,0.53,5.86,4,1,6
502,a,100.0,100.0,4.6,393,18.0,0,0.0,-4,4.0,5.7,68,12.0,61,1,3.0,187.0,16.0,3,241,4.2,47.0,2.0,0.9,13.3,0.0,404132,3789,1918181,1871,4.2,4.2,0.0,0.06,0.06,28.3,0.0,0.0,0.0,1.52,421.0,69.0,14.0,10.0,412.0,8.0,0.0,724.0,76.0,43.1,240.0,13.0,,,,24,,Matz,Sels,Sels,,,1677,0,0,4,27,0,0,0,1,0,55,19,75,,,,2.95,0.21,1.45,1.02,0.0,1,21,126
503,u,0.0,0.0,4.0,682,56.0,0,0.0,0,0.0,0.1,536,76.0,0,0,0.0,581.0,74.0,0,0,0.0,504.0,68.0,0.0,0.0,0.0,448,0,15440,16,0.0,0.0,0.0,0.0,0.0,0.0,0.0,0.0,0.0,0.0,0.0,571.0,74.0,0.0,564.0,63.0,0.0,531.0,48.0,0.0,573.0,74.0,,,,24,,Carlos Miguel,dos Santos Pereira,C.Miguel,Has joined Palmeiras permanently.,,0,0,0,0,0,0,0,0,0,0,0,0,0,,,,0.0,0.0,0.0,0.0,0.0,0,0,0
504,u,0.0,0.0,4.0,667,47.0,0,0.0,0,0.0,0.1,507,75.0,0,0,0.0,568.0,65.0,0,0,0.0,491.0,59.0,0.0,0.0,0.0,0,0,15460,16,0.0,0.0,0.0,0.0,0.0,0.0,0.0,0.0,0.0,0.0,0.0,558.0,65.0,0.0,551.0,54.0,0.0,518.0,39.0,0.0,560.0,65.0,,,,24,,Matt,Turner,Turner,Has joined Lyon permanently.,,0,0,0,0,0,0,0,0,0,0,0,0,0,,,,0.0,0.0,0.0,0.0,0.0,0,0,0
505,a,,,5.1,230,32.0,0,0.0,-4,4.0,3.2,104,40.0,69,3,2.9,204.0,80.0,1,237,4.4,40.0,12.0,0.9,13.5,0.0,315158,2038,1018667,1175,4.4,4.4,0.72,0.41,1.13,34.65,0.03,0.02,0.05,1.44,446.2,58.0,28.0,36.1,350.0,123.0,88.0,236.0,65.0,57.3,177.0,57.0,,,,24,,Nikola,Milenković,Milenković,,,2160,0,0,5,35,1,0,0,5,0,0,24,231,,,,0.0,0.21,1.46,1.0,8.42,18,184,72
506,a,100.0,100.0,5.2,222,30.0,0,0.0,-3,3.0,2.1,128,48.0,64,2,3.6,110.0,39.0,3,242,4.6,31.0,6.0,0.9,12.3,0.0,226288,5398,735135,1032,4.6,4.6,0.48,0.43,0.91,24.62,0.03,0.02,0.05,1.43,418.8,71.0,30.0,88.2,242.0,71.0,67.0,268.0,77.0,57.5,176.0,56.0,,3.0,,24,,Murillo,Costa dos Santos,Murillo,,,1549,1,0,4,23,1,0,0,3,0,0,18,199,,,,0.0,0.23,1.34,1.05,9.7,27,140,76
507,a,100.0,100.0,4.7,379,64.0,0,0.0,-3,3.0,2.1,124,47.0,27,2,3.4,127.0,46.0,2,102,4.2,48.0,16.0,0.9,5.7,0.0,268667,2915,1591775,490,4.2,4.2,0.13,0.45,0.58,13.0,0.02,0.06,0.08,1.68,131.2,295.0,112.0,70.6,276.0,87.0,45.0,306.0,97.0,24.8,328.0,113.0,,,,24,,Ola,Aina,Aina,,,698,0,1,2,9,0,0,0,2,0,0,8,78,,,,0.0,0.26,1.16,1.03,7.48,11,47,45
508,a,,,4.7,382,65.0,0,0.0,-3,3.0,3.2,102,38.0,71,-2,3.0,188.0,74.0,7,330,3.4,82.0,30.0,0.7,15.1,0.0,378248,1814,1100302,3732,3.4,3.4,1.35,2.19,3.54,33.56,0.06,0.09,0.15,1.43,514.6,38.0,15.0,343.8,49.0,8.0,218.0,89.0,9.0,107.6,40.0,2.0,4.0,,,24,,Neco,Williams,N.Williams,,,2114,1,1,5,35,0,0,0,4,1,0,24,202,,,,0.0,0.21,1.49,1.02,6.9,69,93,105
509,u,0.0,0.0,4.5,431,86.0,0,0.0,0,0.0,0.0,668,232.0,0,0,0.0,689.0,254.0,0,0,0.0,639.0,250.0,0.0,0.0,0.0,427,0,4385,3,0.0,0.0,0.0,0.0,0.0,0.0,0.0,0.0,0.0,0.0,0.0,684.0,254.0,0.0,681.0,254.0,0.0,660.0,253.0,0.0,686.0,254.0,,,,24,,David,Mota Veiga Teixeira do Carmo,David Carmo,has joined Real Oviedo on loan for the rest of the season.,,0,0,0,0,0,0,0,0,0,0,0,0,0,,,,0.0,0.0,0.0,0.0,0.0,0,0,0
510,a,,,4.2,644,155.0,0,0.0,-3,3.0,0.1,548,198.0,3,0,3.0,185.0,72.0,0,9,0.0,558.0,235.0,0.0,0.7,0.0,2972,27,7914,31,0.0,0.0,0.0,0.0,0.0,3.28,0.0,0.0,0.0,3.28,26.0,419.0,158.0,0.4,461.0,170.0,0.0,582.0,242.0,2.6,450.0,163.0,,,,24,,Jair,Paula da Cunha Filho,Jair Cunha,,,90,0,0,0,2,0,0,0,0,0,0,1,12,,,,0.0,0.0,2.0,1.0,11.0,2,9,1
511,a,,,4.3,588,135.0,0,0.0,-2,2.0,0.1,508,183.0,23,1,1.9,337.0,125.0,1,96,0.6,318.0,118.0,0.1,5.3,0.0,7922,32,12316,31,0.6,0.6,0.03,0.06,0.09,11.13,0.0,0.01,0.01,1.32,175.6,252.0,103.0,9.2,416.0,149.0,7.0,403.0,152.0,19.2,354.0,123.0,,,,24,,Felipe,Rodrigues da Silva,Morato,,,757,0,0,1,14,0,0,0,4,0,0,8,99,,,,0.0,0.12,1.66,0.95,9.15,20,57,31
512,u,0.0,0.0,4.5,416,79.0,0,0.0,0,0.0,0.0,672,233.0,0,0,0.0,681.0,252.0,0,0,0.0,628.0,247.0,0.0,0.0,0.0,345,0,4101,4,0.0,0.0,0.0,0.0,0.0,0.0,0.0,0.0,0.0,0.0,0.0,676.0,252.0,0.0,672.0,252.0,0.0,649.0,250.0,0.0,678.0,252.0,,,,24,,Omar,Richards,O.Richards,has joined Rio Ave on loan for the rest of the season.,,0,0,0,0,0,0,0,0,0,0,0,0,0,,,,0.0,0.0,0.0,0.0,0.0,0,0,0
513,a,,,3.8,801,254.0,0,0.0,-2,2.0,0.3,337,125.0,1,0,1.0,438.0,160.0,0,5,0.0,438.0,173.0,0.0,0.3,0.0,25860,149,26131,197,0.0,0.0,0.0,0.0,0.0,0.63,0.0,0.0,0.0,1.26,15.6,437.0,163.0,0.6,456.0,167.0,0.0,460.0,183.0,1.6,459.0,165.0,,,,24,,Zach,Abbott,Abbott,,,45,0,0,0,1,0,0,0,0,0,0,0,7,,,,0.0,0.0,2.0,0.0,14.0,1,6,1
514,a,100.0,100.0,3.8,777,231.0,0,0.0,-2,2.0,0.4,283,108.0,0,0,0.0,503.0,179.0,0,0,0.0,419.0,155.0,0.0,0.0,0.0,38390,578,59789,226,0.0,0.0,0.0,0.0,0.0,0.0,0.0,0.0,0.0,0.0,0.0,492.0,177.0,0.0,478.0,174.0,0.0,442.0,166.0,0.0,494.0,177.0,,,,24,,Willy,Boly,Boly,,,0,0,0,0,0,0,0,0,0,0,0,0,0,,,,0.0,0.0,0.0,0.0,0.0,0,0,0
515,a,100.0,100.0,7.3,26,16.0,0,0.0,-2,2.0,3.4,98,31.0,99,9,4.1,62.0,28.0,9,382,7.0,3.0,2.0,1.0,13.6,0.0,759355,12909,990077,2217,7.0,7.0,6.01,1.87,7.88,33.56,0.26,0.08,0.34,1.47,403.6,80.0,26.0,448.6,23.0,22.0,445.0,26.0,13.0,129.5,22.0,18.0,,2.0,2.0,24,,Morgan,Gibbs-White,Gibbs-White,,,2052,6,2,5,32,0,0,0,0,0,0,23,115,,,,0.0,0.22,1.4,1.01,5.04,13,35,67
516,a,100.0,100.0,5.7,116,72.0,0,0.0,-3,3.0,0.8,206,69.0,60,1,2.7,233.0,100.0,6,238,1.8,217.0,96.0,0.3,10.5,0.0,256096,583,316369,1053,1.8,1.8,1.84,1.63,3.47,22.75,0.12,0.11,0.23,1.53,245.2,189.0,80.0,383.2,41.0,38.0,206.0,101.0,63.0,83.1,88.0,53.0,,,,24,,Callum,Hudson-Odoi,Hudson-Odoi,,,1339,3,1,3,20,0,0,0,0,0,0,14,78,,,,0.0,0.2,1.34,0.94,5.24,12,17,49
517,a,,,5.3,192,119.0,0,0.0,-2,2.0,4.9,75,25.0,104,7,4.3,44.0,20.0,7,480,5.6,17.0,12.0,1.1,19.6,0.0,1013000,10020,1124507,3811,5.6,5.6,1.9,2.16,4.06,34.65,0.08,0.09,0.17,1.44,524.8,31.0,7.0,597.8,9.0,9.0,159.0,139.0,81.0,128.5,24.0,20.0,2.0,,4.0,24,,Elliot,Anderson,Anderson,,,2160,1,3,5,35,0,0,0,4,0,0,24,333,,,,0.0,0.21,1.46,1.0,13.88,64,65,204
518,u,0.0,0.0,5.4,179,111.0,0,0.0,-1,1.0,0.0,614,236.0,1,0,1.0,486.0,228.0,0,6,0.0,784.0,347.0,0.0,0.2,0.0,1029,0,9074,3,0.0,0.0,0.0,0.0,0.0,0.0,0.0,0.0,0.0,0.0,5.0,458.0,208.0,0.5,459.0,222.0,4.0,421.0,209.0,1.0,466.0,216.0,,,,24,,João Pedro,Ferreira da Silva,Jota,has joined Besiktas on loan for the rest of the season.,,11,0,0,0,0,0,0,0,0,0,0,0,3,,,,0.0,0.0,0.0,0.0,24.55,2,1,0
519,a,100.0,100.0,5.0,255,155.0,0,0.0,0,0.0,0.0,620,241.0,32,1,2.1,314.0,140.0,3,123,4.2,51.0,22.0,0.8,6.4,0.0,4137,216,2108,69,4.2,4.2,0.9,0.38,1.28,12.7,0.11,0.05,0.16,1.51,150.4,274.0,118.0,139.5,180.0,121.0,82.0,245.0,131.0,37.3,263.0,129.0,3.0,,,24,,Nicolás,Domínguez,Dominguez,,,757,1,0,3,12,0,0,0,2,0,0,11,77,,,,0.0,0.36,1.43,1.31,9.15,31,16,30
520,u,0.0,0.0,5.0,253,154.0,0,0.0,0,0.0,0.0,805,359.0,0,0,0.0,772.0,337.0,0,0,0.0,745.0,320.0,0.0,0.0,0.0,0,0,117,1,0.0,0.0,0.0,0.0,0.0,0.0,0.0,0.0,0.0,0.0,0.0,772.0,337.0,0.0,769.0,337.0,0.0,763.0,335.0,0.0,772.0,337.0,,,,24,,Lewis,O'Brien,O'Brien,Has joined Wrexham permanently.,,0,0,0,0,0,0,0,0,0,0,0,0,0,,,,0.0,0.0,0.0,0.0,0.0,0,0,0
521,a,100.0,100.0,4.9,307,190.0,0,0.0,-1,1.0,0.1,554,203.0,57,2,3.6,105.0,50.0,2,223,2.0,188.0,83.0,0.4,11.6,0.0,8559,89,10995,46,2.0,2.0,0.9,1.13,2.03,18.63,0.07,0.09,0.16,1.48,276.0,168.0,65.0,84.5,254.0,154.0,81.0,248.0,133.0,44.2,231.0,115.0,,,,24,,Ibrahim,Sangaré,Sangaré,,,1134,2,2,5,14,0,0,0,2,0,0,14,137,,,,0.0,0.4,1.11,1.11,10.87,31,56,50
522,a,100.0,100.0,4.7,381,238.0,0,0.0,-3,3.0,0.1,545,196.0,16,1,1.3,416.0,184.0,0,72,0.2,397.0,179.0,0.0,3.4,0.0,9297,33,18681,19,0.2,0.2,0.08,0.18,0.26,3.7,0.02,0.05,0.07,0.97,69.6,366.0,162.0,37.5,345.0,181.0,26.0,344.0,180.0,13.2,378.0,176.0,,,,24,,Ryan,Yates,Yates,,,344,0,1,0,5,0,0,0,1,0,0,1,36,,,,0.0,0.0,1.31,0.26,9.42,8,17,11
523,a,100.0,100.0,4.5,471,287.0,0,0.0,0,0.0,0.1,573,213.0,0,0,0.0,713.0,294.0,0,0,0.0,666.0,263.0,0.0,0.0,0.0,2015,16,16450,5,0.0,0.0,0.0,0.0,0.0,0.0,0.0,0.0,0.0,0.0,0.0,711.0,292.0,0.0,707.0,293.0,0.0,689.0,287.0,0.0,712.0,293.0,,,,24,,Eric,da Silva Moreira,Da Silva Moreira,,,0,0,0,0,0,0,0,0,0,0,0,0,0,,,,0.0,0.0,0.0,0.0,0.0,0,0,0
524,u,0.0,0.0,4.5,447,267.0,0,0.0,0,0.0,0.0,680,283.0,0,0,0.0,697.0,280.0,0,0,0.0,648.0,247.0,0.0,0.0,0.0,245,0,5680,1,0.0,0.0,0.0,0.0,0.0,0.0,0.0,0.0,0.0,0.0,0.0,693.0,276.0,0.0,690.0,278.0,0.0,670.0,270.0,0.0,694.0,277.0,,,,24,,Marko,Stamenić,Stamenic,Has joined Swansea City permanently.,,0,0,0,0,0,0,0,0,0,0,0,0,0,,,,0.0,0.0,0.0,0.0,0.0,0,0,0
525,i,0.0,0.0,7.2,29,11.0,0,0.0,-3,3.0,4.7,78,14.0,25,0,3.1,183.0,18.0,3,85,0.0,807.0,88.0,0.0,3.5,0.0,2133333,23,3377797,1125,0.0,0.0,2.81,0.11,2.92,7.84,0.47,0.02,0.49,1.31,77.6,354.0,35.0,49.6,318.0,35.0,179.0,124.0,30.0,29.8,300.0,36.0,,,1.0,24,,Chris,Wood,Wood,Knee injury - Unknown return date,,538,2,0,1,8,0,0,0,0,0,0,7,14,,,,0.0,0.17,1.34,1.17,2.34,1,6,7
526,a,100.0,100.0,5.8,110,32.0,0,0.0,-2,2.0,1.3,162,27.0,57,2,2.5,265.0,28.0,6,176,3.4,86.0,12.0,0.6,9.8,0.0,362598,4893,308279,2358,3.4,3.4,3.68,0.84,4.52,23.31,0.24,0.06,0.3,1.55,160.0,266.0,25.0,113.0,207.0,23.0,397.0,29.0,15.0,64.6,146.0,18.0,,,3.0,24,,Igor Jesus,Maciel da Cruz,Igor Jesus,,,1354,2,2,5,24,0,0,0,0,0,0,16,68,,,,0.0,0.33,1.6,1.06,4.52,16,20,32
527,a,100.0,100.0,5.2,210,47.0,0,0.0,-3,3.0,0.3,317,52.0,13,0,1.6,386.0,45.0,1,59,1.2,273.0,36.0,0.2,2.5,0.0,33125,283,89223,193,1.2,1.2,0.85,0.39,1.24,3.39,0.38,0.17,0.55,1.5,52.4,387.0,41.0,41.8,336.0,40.0,101.0,218.0,43.0,19.6,353.0,43.0,,,,24,,Taiwo,Awoniyi,Awoniyi,,,204,1,0,0,2,0,0,0,0,0,0,1,12,,,,0.0,0.0,0.88,0.44,5.29,1,4,7
669,a,100.0,100.0,5.5,148,93.0,0,0.0,-5,5.0,0.7,213,72.0,43,1,2.5,262.0,114.0,4,146,0.4,364.0,161.0,0.1,7.8,0.0,543388,67,570487,173,0.4,0.4,0.8,1.22,2.02,14.12,0.07,0.11,0.18,1.23,147.8,277.0,121.0,154.4,164.0,109.0,142.0,164.0,92.0,44.6,230.0,114.0,,,,24,,Dan,Ndoye,Ndoye,,,1031,1,2,2,16,0,0,0,1,0,0,14,86,,,,0.0,0.17,1.4,1.22,7.51,19,22,45
675,a,100.0,100.0,4.0,657,43.0,0,0.0,0,0.0,1.2,175,22.0,1,1,1.0,439.0,31.0,0,4,0.2,377.0,24.0,0.0,0.2,0.0,28640,84,96806,177,0.2,0.2,0.0,0.0,0.0,0.22,0.0,0.0,0.0,0.44,1.2,477.0,31.0,0.0,543.0,50.0,0.0,509.0,35.0,0.1,490.0,31.0,,,,24,,Angus,Gunn,Gunn,,,45,0,0,0,0,0,0,0,0,0,0,0,0,,,,0.0,0.0,0.0,0.0,0.0,0,1,4
693,a,,,5.4,178,110.0,0,0.0,-1,1.0,0.1,475,164.0,49,0,2.7,232.0,99.0,3,192,1.0,287.0,129.0,0.2,9.1,0.0,31068,66,23133,315,1.0,1.0,1.58,2.46,4.04,14.67,0.16,0.24,0.4,1.46,189.6,244.0,102.0,295.5,77.0,57.0,218.0,90.0,56.0,70.0,122.0,68.0,,,,24,,Omari,Hutchinson,Hutchinson,,,907,1,4,2,15,0,0,0,0,0,0,8,76,,,,0.0,0.2,1.49,0.79,7.54,14,9,53
696,u,0.0,0.0,6.0,89,29.0,0,0.0,0,0.0,0.1,437,63.0,9,0,1.0,489.0,59.0,0,24,0.2,415.0,48.0,0.0,1.5,0.0,15291,0,17691,73,0.0,0.0,0.44,0.02,0.46,1.57,0.44,0.02,0.46,1.59,6.8,454.0,54.0,17.7,385.0,49.0,39.0,315.0,51.0,6.3,424.0,52.0,,,,24,,Arnaud,Kalimuendo,Kalimuendo,has joined Eintracht Frankfurt on loan for the rest of the season.,,89,0,0,0,3,0,0,0,0,0,0,0,6,,,,0.0,0.0,3.03,0.0,6.07,1,1,4
734,a,100.0,100.0,5.9,101,66.0,0,0.0,-1,1.0,0.0,677,281.0,12,0,1.5,403.0,180.0,0,53,1.0,291.0,131.0,0.2,2.0,0.0,3979,36,3594,25,1.0,1.0,0.39,0.68,1.07,5.51,0.12,0.2,0.32,1.64,49.8,391.0,173.0,108.8,212.0,136.0,71.0,262.0,140.0,23.0,333.0,161.0,,,,24,,Dilane,Bakwa,Bakwa,,,302,0,1,0,7,0,0,0,1,0,0,3,23,,,,0.0,0.0,2.09,0.89,6.85,1,3,19
805,a,,,5.5,149,37.0,0,0.0,0,0.0,0.0,748,89.0,0,0,0.0,797.0,86.0,0,0,0.0,790.0,82.0,0.0,0.0,0.0,914,138,145,38,1.9,1.9,0.0,0.0,0.0,0.0,0.0,0.0,0.0,0.0,0.0,797.0,86.0,0.0,796.0,86.0,0.0,793.0,86.0,0.0,797.0,86.0,,,,24,,Lorenzo,Lucca,Lucca,,,0,0,0,0,0,0,0,0,0,0,0,0,0,,,,0.0,0.0,0.0,0.0,0.0,0,0,0
529,a,,,3.9,732,68.0,0,0.0,-1,1.0,0.4,284,38.0,0,0,0.0,524.0,36.0,0,0,0.0,446.0,30.0,0.0,0.0,0.0,16986,62,31795,92,-1.0,0.0,0.0,0.0,0.0,0.0,0.0,0.0,0.0,0.0,0.0,514.0,36.0,0.0,504.0,22.0,0.0,469.0,7.0,0.0,516.0,36.0,,,,24,,Simon,Moore,Moore,,,0,0,0,0,0,0,0,0,0,0,0,0,0,,,,0.0,0.0,0.0,0.0,0.0,0,0,0
530,u,0.0,0.0,3.9,761,85.0,0,0.0,-1,1.0,0.1,441,66.0,0,0,0.0,544.0,53.0,0,0,0.0,467.0,47.0,0.0,0.0,0.0,7473,0,12017,85,0.0,0.0,0.0,0.0,0.0,0.0,0.0,0.0,0.0,0.0,0.0,534.0,53.0,0.0,524.0,39.0,0.0,489.0,24.0,0.0,536.0,53.0,,,,24,,Blondy,Nna Noukeu,Nna Noukeu,has joined US Boulogne CO permanently.,,0,0,0,0,0,0,0,0,0,0,0,0,0,,,,0.0,0.0,0.0,0.0,0.0,0,0,0
534,u,0.0,0.0,3.8,782,235.0,0,0.0,-2,2.0,0.4,291,111.0,0,0,0.0,505.0,180.0,0,0,0.0,424.0,159.0,0.0,0.0,0.0,39413,0,60069,441,0.0,0.0,0.0,0.0,0.0,0.0,0.0,0.0,0.0,0.0,0.0,495.0,179.0,0.0,482.0,177.0,0.0,446.0,169.0,0.0,497.0,179.0,,,,24,,Joe,Anderson,Anderson,has joined Barrow FC permanently.,,0,0,0,0,0,0,0,0,0,0,0,0,0,,,,0.0,0.0,0.0,0.0,0.0,0,0,0
535,a,100.0,100.0,4.0,675,169.0,0,0.0,0,0.0,0.1,562,202.0,13,0,2.2,293.0,111.0,0,44,0.6,313.0,113.0,0.2,3.2,0.0,6713,78,4450,61,-0.4,0.6,0.0,0.02,0.02,6.04,0.0,0.01,0.01,1.84,58.2,383.0,148.0,8.7,419.0,152.0,2.0,424.0,158.0,6.8,421.0,152.0,,,,24,,Dennis,Cirkin,Cirkin,,,296,0,0,1,2,0,0,0,1,0,0,3,26,,,,0.0,0.3,0.61,0.91,7.91,8,18,7
536,a,100.0,100.0,4.0,683,172.0,0,0.0,0,0.0,0.0,683,237.0,0,0,0.0,582.0,215.0,0,0,0.0,505.0,198.0,0.0,0.0,0.0,1229,24,1058,12,-1.0,0.0,0.0,0.0,0.0,0.0,0.0,0.0,0.0,0.0,0.0,572.0,214.0,0.0,565.0,214.0,0.0,532.0,209.0,0.0,574.0,214.0,,,,24,,Leo Fuhr,Hjelde,Hjelde,,,0,0,0,0,0,0,0,0,0,0,0,0,0,,,,0.0,0.0,0.0,0.0,0.0,0,0,0
537,u,0.0,0.0,4.0,685,173.0,0,0.0,0,0.0,0.1,527,191.0,0,0,0.0,584.0,216.0,0,0,0.0,507.0,199.0,0.0,0.0,0.0,1038,0,15964,10,0.0,0.0,0.0,0.0,0.0,0.0,0.0,0.0,0.0,0.0,0.0,574.0,215.0,0.0,567.0,215.0,0.0,534.0,210.0,0.0,576.0,215.0,,,,24,,Niall,Huggins,Huggins,has joined Wycombe Wanderers on loan for the rest of the season.,,0,0,0,0,0,0,0,0,0,0,0,0,0,,,,0.0,0.0,0.0,0.0,0.0,0,0,0
538,u,0.0,0.0,3.8,794,247.0,0,0.0,-2,2.0,0.2,354,129.0,0,0,0.0,513.0,188.0,0,0,0.0,433.0,168.0,0.0,0.0,0.0,23261,0,30487,251,0.0,0.0,0.0,0.0,0.0,0.0,0.0,0.0,0.0,0.0,0.0,503.0,187.0,0.0,490.0,185.0,0.0,454.0,177.0,0.0,505.0,187.0,,,,24,,Zak,Johnson,Johnson,has joined York City on loan for the rest of the season.,,0,0,0,0,0,0,0,0,0,0,0,0,0,,,,0.0,0.0,0.0,0.0,0.0,0,0,0
539,a,100.0,100.0,4.0,662,162.0,0,0.0,0,0.0,0.1,559,200.0,1,0,0.2,500.0,176.0,0,4,0.4,338.0,125.0,0.1,0.2,0.0,6238,59,6639,43,-0.6,0.4,0.0,0.0,0.0,0.86,0.0,0.0,0.0,4.3,5.4,457.0,166.0,1.0,451.0,165.0,0.0,513.0,201.0,0.6,471.0,166.0,,,,24,,Luke,O'Nien,O'Nien,,,18,0,0,0,0,0,0,0,0,1,0,0,2,,,,0.0,0.0,0.0,0.0,10.0,2,0,1
540,u,0.0,0.0,3.9,754,219.0,0,0.0,-1,1.0,0.3,313,116.0,0,0,0.0,539.0,198.0,0,0,0.0,462.0,181.0,0.0,0.0,0.0,47547,0,44932,243,0.0,0.0,0.0,0.0,0.0,0.0,0.0,0.0,0.0,0.0,0.0,529.0,197.0,0.0,519.0,197.0,0.0,484.0,190.0,0.0,531.0,197.0,,,,24,,Timothée,Pembélé,Pembele,has joined Le Havre AC on loan for the rest of the season.,,0,0,0,0,0,0,0,0,0,0,0,0,0,,,,0.0,0.0,0.0,0.0,0.0,0,0,0
541,a,100.0,100.0,3.8,785,238.0,0,0.0,-2,2.0,2.9,108,44.0,38,0,2.7,224.0,87.0,3,132,0.2,374.0,140.0,0.1,10.0,0.0,536427,4332,975886,1466,-0.8,0.2,0.1,0.16,0.26,15.91,0.01,0.01,0.02,1.24,208.4,226.0,91.0,50.2,314.0,105.0,25.0,345.0,113.0,28.5,306.0,103.0,,,,24,,Reinildo,Mandava,Reinildo,,,1157,0,1,3,16,0,0,0,5,1,0,14,121,,,,0.0,0.23,1.24,1.09,7.93,27,75,53
542,u,0.0,0.0,4.0,700,183.0,0,0.0,0,0.0,0.1,491,177.0,2,0,1.0,440.0,161.0,0,11,0.0,520.0,207.0,0.0,0.5,0.0,3016,0,24941,15,0.0,0.0,0.0,0.01,0.01,1.33,0.0,0.01,0.01,0.9,33.6,409.0,155.0,2.4,441.0,161.0,0.0,546.0,217.0,3.6,442.0,160.0,,,,24,,Jenson,Seelt,Seelt,has joined Wolfsburg on loan for the rest of the season.,,133,0,0,0,2,0,0,0,0,0,0,1,18,,,,0.0,0.0,1.35,0.68,8.12,4,8,6
548,a,100.0,100.0,4.9,330,203.0,0,0.0,-1,1.0,0.0,731,311.0,10,0,1.0,476.0,220.0,0,37,1.0,283.0,125.0,0.2,2.0,0.0,976,6,1318,7,0.0,1.0,0.45,0.26,0.71,5.74,0.13,0.08,0.21,1.71,24.6,424.0,187.0,29.3,364.0,188.0,46.0,303.0,159.0,9.7,399.0,181.0,,3.0,,24,,Romaine,Mundle,Mundle,,,302,0,0,0,6,0,0,0,1,0,0,2,23,,,,0.0,0.0,1.79,0.6,6.85,4,4,15
549,u,0.0,0.0,4.8,361,224.0,0,0.0,-2,2.0,0.0,639,257.0,3,0,1.0,473.0,218.0,0,10,0.2,401.0,183.0,0.0,0.6,0.0,1972,0,4354,35,0.0,0.0,0.0,0.0,0.0,0.64,0.0,0.0,0.0,4.43,3.0,467.0,215.0,1.4,448.0,217.0,0.0,734.0,318.0,0.4,479.0,221.0,,,,24,,Dan,Neil,Neil,has joined Ipswich Town on loan for the rest of the season.,,13,0,0,0,0,0,0,0,0,0,0,0,2,,,,0.0,0.0,0.0,0.0,13.85,0,2,0
550,a,,,4.8,357,223.0,0,0.0,-2,2.0,0.0,657,270.0,0,0,0.0,750.0,321.0,0,0,0.0,709.0,295.0,0.0,0.0,0.0,903,5,2569,2,-1.0,0.0,0.0,0.0,0.0,0.0,0.0,0.0,0.0,0.0,0.0,750.0,321.0,0.0,745.0,321.0,0.0,733.0,317.0,0.0,750.0,321.0,,,,24,,Ian,Poveda-Ocampo,Poveda,,,0,0,0,0,0,0,0,0,0,0,0,0,0,,,,0.0,0.0,0.0,0.0,0.0,0,0,0
551,a,,,4.7,389,243.0,0,0.0,-3,3.0,0.0,589,220.0,15,0,1.5,398.0,176.0,0,48,0.4,351.0,154.0,0.1,3.2,0.0,5431,18,8551,29,-0.6,0.4,0.32,0.35,0.67,5.12,0.08,0.08,0.16,1.23,20.2,431.0,192.0,48.4,320.0,178.0,21.0,362.0,185.0,8.9,405.0,183.0,,,,24,,Chris,Rigg,Rigg,,,375,0,0,2,2,0,0,0,0,0,0,6,27,,,,0.0,0.48,0.48,1.44,6.48,6,7,14
552,a,100.0,100.0,4.9,343,213.0,0,0.0,-1,1.0,0.1,572,212.0,45,0,2.5,260.0,113.0,0,232,1.6,230.0,101.0,0.3,9.2,0.0,9304,49,10836,40,0.6,1.6,0.3,0.78,1.08,22.22,0.02,0.04,0.06,1.25,191.8,239.0,98.0,166.9,154.0,104.0,46.0,304.0,160.0,40.6,250.0,122.0,,,,24,,Noah,Sadiki,Sadiki,,,1594,0,1,5,21,0,0,0,5,0,0,18,142,,,,0.0,0.28,1.19,1.02,8.02,27,57,58
553,a,100.0,100.0,4.9,341,211.0,0,0.0,-1,1.0,0.1,422,141.0,52,0,3.1,175.0,75.0,5,150,0.2,403.0,185.0,0.0,10.6,0.0,56455,61,68255,58,-0.8,0.2,1.2,0.52,1.71,13.77,0.12,0.05,0.17,1.34,133.2,292.0,132.0,144.6,173.0,116.0,124.0,185.0,106.0,39.7,255.0,126.0,,,,24,,Chemsdine,Talbi,Talbi,,,926,2,2,5,8,0,0,0,0,0,0,9,55,,,,0.0,0.49,0.78,0.87,5.35,7,12,36
554,a,,,4.3,587,344.0,0,0.0,-2,2.0,0.4,292,97.0,0,0,0.0,631.0,235.0,0,0,0.0,568.0,195.0,0.0,0.0,0.0,78486,130,73109,276,-1.0,0.0,0.0,0.0,0.0,0.0,0.0,0.0,0.0,0.0,0.0,622.0,226.0,0.0,618.0,231.0,0.0,590.0,218.0,0.0,624.0,228.0,,,,24,,Abdoullah,Ba,Ba,,,0,0,0,0,0,0,0,0,0,0,0,0,0,,,,0.0,0.0,0.0,0.0,0.0,0,0,0
555,u,0.0,0.0,4.5,411,250.0,0,0.0,0,0.0,0.0,640,258.0,0,0,0.0,679.0,266.0,0,0,0.0,626.0,231.0,0.0,0.0,0.0,1291,0,9763,6,0.0,0.0,0.0,0.0,0.0,0.0,0.0,0.0,0.0,0.0,0.0,674.0,261.0,0.0,669.0,264.0,0.0,646.0,255.0,0.0,676.0,263.0,,,,24,,Alan,Browne,Browne,has joined Middlesbrough on loan for the rest of the season.,,0,0,0,0,0,0,0,0,0,0,0,0,0,,,,0.0,0.0,0.0,0.0,0.0,0,0,0
556,u,0.0,0.0,4.5,433,258.0,0,0.0,0,0.0,0.0,758,327.0,0,0,0.0,690.0,273.0,0,0,0.0,640.0,239.0,0.0,0.0,0.0,0,0,1791,1,0.0,0.0,0.0,0.0,0.0,0.0,0.0,0.0,0.0,0.0,0.0,685.0,268.0,0.0,683.0,271.0,0.0,662.0,263.0,0.0,687.0,270.0,,,,24,,Pierre,Ekwah Elimby,Ekwah,Has joined AS Saint-Etienne permanently.,,0,0,0,0,0,0,0,0,0,0,0,0,0,,,,0.0,0.0,0.0,0.0,0.0,0,0,0
558,u,0.0,0.0,4.3,594,347.0,0,0.0,-2,2.0,0.2,374,124.0,0,0,0.0,633.0,237.0,0,0,0.0,570.0,197.0,0.0,0.0,0.0,30710,0,42386,272,0.0,0.0,0.0,0.0,0.0,0.0,0.0,0.0,0.0,0.0,0.0,624.0,228.0,0.0,620.0,233.0,0.0,592.0,220.0,0.0,626.0,230.0,,,,24,,Jay,Matete,Matete,has joined MK Dons permanently.,,0,0,0,0,0,0,0,0,0,0,0,0,0,,,,0.0,0.0,0.0,0.0,0.0,0,0,0
559,u,0.0,0.0,4.4,542,325.0,0,0.0,-1,1.0,0.0,635,255.0,0,0,0.0,659.0,254.0,0,0,0.0,603.0,217.0,0.0,0.0,0.0,2951,0,8556,6,0.0,0.0,0.0,0.0,0.0,0.0,0.0,0.0,0.0,0.0,0.0,651.0,246.0,0.0,648.0,251.0,0.0,623.0,240.0,0.0,653.0,248.0,,,,24,,Nectarios,Triantis,Triantis,has joined Minnesota United permanently.,,0,0,0,0,0,0,0,0,0,0,0,0,0,,,,0.0,0.0,0.0,0.0,0.0,0,0,0
560,a,100.0,100.0,5.2,213,48.0,0,0.0,-3,3.0,1.6,150,25.0,51,0,2.5,261.0,26.0,7,169,0.2,409.0,46.0,0.0,9.8,0.0,948795,748,830755,2471,-0.8,0.2,3.5,0.06,3.56,15.74,0.32,0.01,0.33,1.44,161.4,265.0,24.0,22.2,376.0,46.0,351.0,41.0,17.0,53.3,192.0,20.0,,,,24,,Wilson,Isidor,Isidor,,,985,4,0,4,13,0,0,0,1,0,0,11,39,,,,0.0,0.37,1.19,1.01,3.56,8,14,17
561,a,,,5.2,220,50.0,0,0.0,-3,3.0,0.5,254,41.0,26,0,1.9,346.0,37.0,2,86,1.2,275.0,37.0,0.2,5.0,0.0,263551,105,301120,247,0.2,1.2,1.05,0.14,1.19,10.33,0.17,0.02,0.19,1.63,73.4,362.0,37.0,42.0,334.0,38.0,131.0,176.0,39.0,24.3,329.0,38.0,,,3.0,24,,Eliezer,Mayenda Dossou,Mayenda,,,572,1,0,3,7,0,0,0,0,0,0,6,20,,,,0.0,0.47,1.1,0.94,3.15,3,6,11
562,a,,,4.2,646,90.0,0,0.0,-3,3.0,0.4,270,44.0,0,0,0.0,626.0,63.0,0,0,0.0,560.0,52.0,0.0,0.0,0.0,51343,803,79127,427,-1.0,0.0,0.0,0.0,0.0,0.0,0.0,0.0,0.0,0.0,0.0,618.0,63.0,0.0,613.0,62.0,0.0,584.0,62.0,0.0,620.0,63.0,,,,24,,Ahmed,Abdullahi,Abdullahi,,,0,0,0,0,0,0,0,0,0,0,0,0,0,,,,0.0,0.0,0.0,0.0,0.0,0,0,0
563,u,0.0,0.0,4.4,551,78.0,0,0.0,-1,1.0,0.1,496,70.0,0,0,0.0,666.0,70.0,0,0,0.0,610.0,60.0,0.0,0.0,0.0,5979,0,20179,19,0.0,0.0,0.0,0.0,0.0,0.0,0.0,0.0,0.0,0.0,0.0,659.0,70.0,0.0,655.0,69.0,0.0,631.0,69.0,0.0,661.0,70.0,,,,24,,Luís Hemir,Silva Semedo,Luís Hemir,has joined Moreirense on loan for the rest of the season.,,0,0,0,0,0,0,0,0,0,0,0,0,0,,,,0.0,0.0,0.0,0.0,0.0,0,0,0
668,i,0.0,0.0,5.2,207,129.0,0,0.0,2,-2.0,4.9,77,26.0,90,0,4.1,59.0,26.0,5,426,1.6,233.0,102.0,0.3,17.3,0.0,1346028,111,1131382,33204,0.0,0.0,0.59,2.19,2.78,31.25,0.03,0.1,0.13,1.43,521.2,32.0,8.0,420.4,28.0,27.0,77.0,254.0,137.0,101.8,50.0,34.0,1.0,1.0,,24,,Granit,Xhaka,Xhaka,Ankle injury - Expected back 22 Feb,,1962,1,5,7,23,0,0,0,4,0,0,22,237,,,,0.0,0.32,1.06,1.01,10.87,35,101,101
670,a,,,5.0,269,10.0,0,0.0,5,-5.0,12.8,31,5.0,98,0,4.3,42.0,2.0,9,425,1.6,231.0,19.0,0.3,19.6,0.0,2077987,2476,644340,17169,0.6,1.6,0.0,0.05,0.05,33.33,0.0,0.0,0.0,1.45,624.8,11.0,2.0,40.0,340.0,2.0,0.0,769.0,87.0,66.4,135.0,2.0,,,,24,,Robin,Roefs,Roefs,,,2070,0,0,7,26,0,1,0,2,0,76,23,110,,,,3.3,0.3,1.13,1.0,0.0,0,23,233
678,u,0.0,0.0,3.9,737,210.0,0,0.0,-1,1.0,0.5,256,97.0,1,0,0.3,499.0,175.0,0,4,0.0,451.0,178.0,0.0,0.3,0.0,52353,0,79228,252,0.0,0.0,0.07,0.08,0.15,2.09,0.05,0.06,0.11,1.5,21.8,426.0,160.0,20.1,381.0,137.0,7.0,399.0,150.0,4.9,433.0,156.0,,,,24,,Arthur,Masuaku,Masuaku,has joined RC Lens on loan for the rest of the season.,,125,0,0,0,2,0,0,0,1,0,0,2,13,,,,0.0,0.0,1.44,1.44,7.2,4,6,3
683,a,100.0,100.0,4.1,650,157.0,0,0.0,1,-1.0,6.6,56,18.0,79,0,4.2,49.0,18.0,5,257,0.8,294.0,105.0,0.2,19.3,0.0,1463036,4470,795285,6191,-0.2,0.8,1.23,0.74,1.96,26.73,0.07,0.04,0.11,1.46,471.0,51.0,23.0,83.6,255.0,75.0,195.0,109.0,17.0,75.3,108.0,36.0,,,,24,,Omar,Alderete,Alderete,,,1649,1,1,6,21,0,0,0,4,0,0,18,203,,,,0.0,0.33,1.15,0.98,9.77,19,160,57
694,a,,,4.5,413,77.0,0,0.0,5,-5.0,13.4,29,10.0,102,0,4.9,17.0,7.0,8,344,3.4,80.0,29.0,0.8,22.7,0.0,2202170,13934,569720,11361,2.4,3.4,0.6,1.68,2.28,31.64,0.03,0.08,0.11,1.51,516.4,36.0,14.0,221.4,112.0,29.0,111.0,201.0,50.0,84.9,83.0,19.0,,,,24,,Nordi,Mukiele,Mukiele,,,1882,1,4,6,24,1,0,0,4,0,0,21,235,,,,0.0,0.29,1.15,1.0,9.9,50,157,86
724,a,,,4.5,422,83.0,0,0.0,0,0.0,0.0,588,213.0,32,0,1.9,341.0,129.0,0,145,0.6,321.0,119.0,0.1,7.1,0.0,8108,222,5220,82,-0.4,0.6,0.37,0.42,0.79,20.56,0.03,0.04,0.07,1.91,156.2,270.0,107.0,63.6,284.0,91.0,34.0,327.0,104.0,25.4,321.0,109.0,,,,24,,Lutsharel,Geertruida,Geertruida,,,970,0,0,2,14,0,0,0,0,0,0,10,80,,,,0.0,0.19,1.3,0.93,5.94,20,44,43
730,a,100.0,100.0,5.6,130,35.0,0,0.0,1,-1.0,1.6,147,24.0,56,0,3.1,178.0,17.0,8,212,5.4,20.0,5.0,1.0,10.0,0.0,281823,3713,84681,7523,4.4,5.4,2.24,0.2,2.44,16.24,0.23,0.02,0.25,1.68,215.0,215.0,17.0,59.6,299.0,30.0,218.0,91.0,26.0,48.4,215.0,25.0,,,,24,,Brian,Brobbey,Brobbey,,,871,5,1,3,12,0,0,0,1,0,0,9,37,,,,0.0,0.31,1.24,0.93,3.82,5,8,24
735,i,0.0,0.0,5.5,137,84.0,0,0.0,0,0.0,0.0,633,253.0,28,0,2.8,222.0,94.0,1,114,0.0,787.0,350.0,0.0,5.1,0.0,13420,2,12553,28,0.0,0.0,0.48,0.25,0.73,8.99,0.07,0.04,0.11,1.33,115.6,308.0,138.0,108.1,214.0,137.0,135.0,169.0,95.0,35.9,269.0,132.0,,,,24,,Bertrand,Traoré,Traoré,Knee injury - Expected back 22 Feb,,607,1,1,3,9,0,0,0,1,0,0,9,40,,,,0.0,0.44,1.33,1.33,5.93,11,11,18
774,a,,,4.0,668,166.0,0,0.0,0,0.0,0.0,722,247.0,0,0,0.0,569.0,211.0,0,0,0.0,492.0,194.0,0.0,0.0,0.0,741,36,271,14,-1.0,0.0,0.0,0.0,0.0,0.0,0.0,0.0,0.0,0.0,0.0,559.0,210.0,0.0,552.0,210.0,0.0,519.0,205.0,0.0,561.0,210.0,,,,24,,Jenson,Jones,Jenson Jones,,,0,0,0,0,0,0,0,0,0,0,0,0,0,,,,0.0,0.0,0.0,0.0,0.0,0,0,0
775,u,0.0,0.0,4.5,490,301.0,0,0.0,0,0.0,0.0,804,358.0,0,0,0.0,729.0,305.0,0,0,0.0,683.0,275.0,0.0,0.0,0.0,160,0,117,2,0.0,0.0,0.0,0.0,0.0,0.0,0.0,0.0,0.0,0.0,0.0,728.0,304.0,0.0,723.0,304.0,0.0,706.0,299.0,0.0,728.0,304.0,,,,24,,Tymur,Tutierov,Tutierov,has joined Exeter City on loan for the rest of the season.,,0,0,0,0,0,0,0,0,0,0,0,0,0,,,,0.0,0.0,0.0,0.0,0.0,0,0,0
800,i,0.0,0.0,5.0,284,175.0,0,0.0,0,0.0,0.0,808,362.0,0,0,0.0,785.0,347.0,0,0,0.0,760.0,332.0,0.0,0.0,0.0,58,1,21,1,0.0,0.0,0.0,0.0,0.0,0.0,0.0,0.0,0.0,0.0,0.0,785.0,347.0,0.0,783.0,347.0,0.0,777.0,345.0,0.0,785.0,347.0,,,,24,,Djiamgone Jocelin Ta,Bi,Jocelin.T,Lack of match fitness - Expected back 22 Feb,,0,0,0,0,0,0,0,0,0,0,0,0,0,,,,0.0,0.0,0.0,0.0,0.0,0,0,0
565,a,,,4.8,352,14.0,0,0.0,-2,2.0,6.3,58,9.0,78,1,3.2,154.0,14.0,6,354,1.2,269.0,20.0,0.3,16.2,0.0,1333944,613,1299509,5778,1.2,0.7,0.0,0.02,0.02,32.69,0.0,0.0,0.0,1.36,521.0,33.0,9.0,0.1,473.0,14.0,0.0,731.0,80.0,52.2,196.0,11.0,,,,24,,Guglielmo,Vicario,Vicario,,,2160,0,0,7,33,0,0,0,1,0,60,24,97,,,,2.5,0.29,1.38,1.0,0.0,0,28,193
566,a,,,3.9,744,77.0,0,0.0,-1,1.0,0.3,315,42.0,0,0,0.0,533.0,45.0,0,0,0.0,456.0,39.0,0.0,0.0,0.0,20179,40,22864,71,0.0,-0.5,0.0,0.0,0.0,0.0,0.0,0.0,0.0,0.0,0.0,523.0,45.0,0.0,513.0,31.0,0.0,478.0,16.0,0.0,525.0,45.0,,,,24,,Brandon,Austin,Austin,,,0,0,0,0,0,0,0,0,0,0,0,0,0,,,,0.0,0.0,0.0,0.0,0.0,0,0,0
567,a,,,3.9,760,84.0,0,0.0,-1,1.0,1.7,144,19.0,0,0,0.0,543.0,52.0,0,0,0.0,466.0,46.0,0.0,0.0,0.0,123414,171,166072,528,0.0,-0.5,0.0,0.0,0.0,0.0,0.0,0.0,0.0,0.0,0.0,533.0,52.0,0.0,523.0,38.0,0.0,488.0,23.0,0.0,535.0,52.0,,,,24,,Antonín,Kinský,Kinsky,,,0,0,0,0,0,0,0,0,0,0,0,0,0,,,,0.0,0.0,0.0,0.0,0.0,0,0,0
568,i,0.0,0.0,5.2,215,29.0,0,0.0,-3,3.0,11.1,38,14.0,79,0,3.4,132.0,48.0,4,344,1.8,211.0,77.0,0.3,15.2,0.0,1464830,49,2785378,40712,0.0,0.0,0.48,2.81,3.29,25.39,0.02,0.14,0.16,1.26,414.6,72.0,31.0,517.6,18.0,1.0,89.0,234.0,63.0,102.3,47.0,5.0,3.0,2.0,,24,,Pedro,Porro Sauceda,Pedro Porro,Hamstring injury - Expected back 22 Feb,,1820,0,3,7,24,0,0,0,5,0,0,21,171,,,,0.0,0.35,1.19,1.04,6.73,43,93,94
569,a,100.0,100.0,5.0,251,38.0,0,0.0,0,0.0,4.4,80,26.0,92,0,4.6,31.0,12.0,10,303,4.8,28.0,5.0,1.0,18.4,0.0,1002787,12939,1016706,3788,4.8,4.3,1.33,1.18,2.51,25.37,0.07,0.06,0.13,1.36,541.0,25.0,9.0,110.4,211.0,53.0,204.0,102.0,12.0,85.6,79.0,17.0,,,,24,,Cristian,Romero,Romero,,,1682,4,1,5,27,0,0,0,8,1,0,19,205,,,,0.0,0.27,1.44,1.02,9.52,52,126,78
570,a,,,4.2,625,143.0,0,0.0,-3,3.0,0.1,426,159.0,27,0,2.1,306.0,115.0,1,111,0.2,380.0,144.0,0.0,6.4,0.0,16830,96,28573,94,0.2,-0.3,0.03,0.18,0.21,10.71,0.0,0.02,0.02,1.46,194.2,236.0,97.0,9.1,417.0,150.0,8.0,390.0,144.0,21.2,343.0,117.0,,,,24,,Kevin,Danso,Danso,,,658,0,0,2,12,0,0,0,4,0,0,8,100,,,,0.0,0.27,1.64,1.09,12.72,13,80,28
571,i,0.0,0.0,4.3,572,124.0,0,0.0,-2,2.0,0.1,526,190.0,10,0,3.3,136.0,50.0,1,29,1.8,201.0,71.0,0.4,2.3,0.0,4343,6,11378,50,0.0,0.0,0.49,0.07,0.56,1.11,0.32,0.05,0.37,0.73,67.4,370.0,142.0,22.2,375.0,135.0,52.0,295.0,93.0,14.2,371.0,133.0,,,,24,,Ben,Davies,Davies,Ankle injury - Unknown return date,,136,1,0,0,3,0,0,0,1,0,0,2,14,,,,0.0,0.0,1.99,1.32,9.26,5,9,5
572,a,100.0,100.0,4.5,445,89.0,0,0.0,0,0.0,0.0,713,244.0,3,1,1.0,460.0,167.0,0,6,0.4,349.0,132.0,0.1,0.7,0.0,1167,62,1063,11,0.4,-0.1,0.06,0.0,0.06,2.08,0.06,0.0,0.06,1.95,1.2,479.0,172.0,0.5,457.0,168.0,4.0,415.0,155.0,0.5,474.0,168.0,,,,24,,Radu,Drăgușin,Dragusin,,,96,0,0,0,2,0,0,0,0,0,0,1,6,,,,0.0,0.0,1.88,0.94,5.62,1,5,1
573,a,,,4.3,581,130.0,0,0.0,-2,2.0,1.1,181,71.0,55,0,2.8,214.0,82.0,1,224,0.8,297.0,108.0,0.2,12.8,0.0,294422,427,334640,1008,0.8,0.3,0.82,1.37,2.19,23.6,0.05,0.08,0.13,1.41,216.2,213.0,85.0,171.0,152.0,40.0,147.0,154.0,31.0,53.3,191.0,64.0,,,,24,,Djed,Spence,Spence,,,1506,0,0,7,21,0,0,0,3,0,0,17,102,,,,0.0,0.42,1.25,1.02,4.66,27,51,87
574,a,100.0,100.0,4.3,589,136.0,0,0.0,-2,2.0,0.3,308,114.0,15,1,1.2,428.0,155.0,0,63,0.4,343.0,129.0,0.1,3.5,0.0,48346,298,109364,87,0.4,-0.1,0.16,0.39,0.55,13.15,0.02,0.05,0.07,1.6,125.6,299.0,114.0,102.7,225.0,61.0,63.0,276.0,82.0,29.2,303.0,102.0,,,,24,,Destiny,Udogie,Udogie,,,740,0,1,0,16,0,0,0,1,0,0,7,57,,,,0.0,0.0,1.95,0.85,4.38,16,20,45
575,d,75.0,75.0,4.6,398,70.0,0,0.0,1,-1.0,25.8,13,4.0,96,0,4.4,37.0,15.0,10,347,2.8,130.0,43.0,0.6,20.9,0.0,3377160,3108,3423612,54262,2.1,1.7,2.48,0.33,2.81,28.66,0.11,0.02,0.13,1.31,498.4,43.0,17.0,75.9,268.0,83.0,191.0,113.0,19.0,76.5,105.0,33.0,,,,24,,Micky,van de Ven,Van de Ven,Knock - 75% chance of playing,,1969,4,1,7,29,0,0,0,6,0,0,22,178,,,,0.0,0.32,1.33,1.01,6.49,25,117,78
576,u,0.0,0.0,4.0,701,184.0,0,0.0,0,0.0,0.0,717,246.0,0,0,0.0,596.0,223.0,0,0,0.0,521.0,208.0,0.0,0.0,0.0,0,0,1973,0,0.0,0.0,0.0,0.0,0.0,0.0,0.0,0.0,0.0,0.0,0.0,586.0,222.0,0.0,579.0,222.0,0.0,547.0,218.0,0.0,588.0,222.0,,,,24,,Ashley,Phillips,Phillips,Has joined Stoke City on loan for the rest of the season.,,0,0,0,0,0,0,0,0,0,0,0,0,0,,,,0.0,0.0,0.0,0.0,0.0,0,0,0
577,u,0.0,0.0,4.0,703,185.0,0,0.0,0,0.0,0.0,592,214.0,0,0,0.0,598.0,224.0,0,0,0.0,523.0,209.0,0.0,0.0,0.0,1005,0,8876,13,0.0,0.0,0.0,0.0,0.0,0.0,0.0,0.0,0.0,0.0,0.0,588.0,223.0,0.0,581.0,223.0,0.0,549.0,219.0,0.0,590.0,223.0,,,,24,,Takai,Kōta,Takai,has joined Borussia Mönchengladbach on loan for the rest of the season.,,0,0,0,0,0,0,0,0,0,0,0,0,0,,,,0.0,0.0,0.0,0.0,0.0,0,0,0
578,u,0.0,0.0,3.9,775,229.0,0,0.0,-1,1.0,0.3,305,113.0,0,0,0.0,557.0,205.0,0,0,0.0,480.0,188.0,0.0,0.0,0.0,7334,0,90986,61,0.0,0.0,0.0,0.0,0.0,0.0,0.0,0.0,0.0,0.0,0.0,547.0,204.0,0.0,537.0,204.0,0.0,503.0,198.0,0.0,549.0,204.0,,,,24,,Luka,Vušković,Vuskovic,has joined Hamburger SV on loan for the rest of the season.,,0,0,0,0,0,0,0,0,0,0,0,0,0,,,,0.0,0.0,0.0,0.0,0.0,0,0,0
579,u,0.0,0.0,8.5,10,5.0,0,0.0,0,0.0,0.1,443,150.0,0,0,0.0,811.0,365.0,0,0,0.0,809.0,365.0,0.0,0.0,0.0,0,0,25429,11,0.0,0.0,0.0,0.0,0.0,0.0,0.0,0.0,0.0,0.0,0.0,811.0,365.0,0.0,811.0,365.0,0.0,811.0,365.0,0.0,811.0,365.0,,,,24,,Son,Heung-min,Son,Has joined Los Angeles FC permanently.,,0,0,0,0,0,0,0,0,0,0,0,0,0,,,,0.0,0.0,0.0,0.0,0.0,0,0,0
581,i,0.0,0.0,6.8,45,27.0,0,0.0,-2,2.0,0.1,442,149.0,0,0,0.0,808.0,362.0,0,0,0.0,804.0,361.0,0.0,0.0,0.0,1567,18,23514,15,0.0,0.0,0.0,0.0,0.0,0.0,0.0,0.0,0.0,0.0,0.0,808.0,362.0,0.0,808.0,362.0,0.0,808.0,362.0,0.0,808.0,362.0,,,,24,,James,Maddison,Maddison,Anterior cruciate ligament - Unknown return date,,0,0,0,0,0,0,0,0,0,0,0,0,0,,,,0.0,0.0,0.0,0.0,0.0,0,0,0
582,i,0.0,0.0,6.4,59,38.0,0,0.0,-1,1.0,10.2,42,16.0,75,0,3.9,83.0,39.0,7,257,0.2,416.0,191.0,0.0,11.7,0.0,3263001,29,5117550,10855,0.0,0.0,1.92,2.41,4.33,22.74,0.11,0.14,0.25,1.33,333.4,121.0,41.0,413.8,32.0,31.0,302.0,58.0,36.0,104.7,43.0,32.0,2.0,1.0,,24,,Mohammed,Kudus,Kudus,Thigh injury - Expected back 11 Apr,,1535,2,6,7,20,0,0,0,3,0,0,19,133,,,,0.0,0.41,1.17,1.11,7.8,29,9,95
583,i,0.0,0.0,6.4,58,37.0,0,0.0,-1,1.0,0.0,706,298.0,0,0,0.0,805.0,361.0,0,0,0.0,801.0,360.0,0.0,0.0,0.0,876,7,1969,5,0.0,0.0,0.0,0.0,0.0,0.0,0.0,0.0,0.0,0.0,0.0,805.0,361.0,0.0,805.0,361.0,0.0,805.0,361.0,0.0,805.0,361.0,,,,24,,Dejan,Kulusevski,Kulusevski,Knee injury - Unknown return date,,0,0,0,0,0,0,0,0,0,0,0,0,0,,,,0.0,0.0,0.0,0.0,0.0,0,0,0
584,a,,,6.2,79,52.0,0,0.0,-3,3.0,0.2,401,135.0,46,1,2.7,237.0,104.0,5,148,3.2,106.0,47.0,0.5,7.4,0.0,38402,179,40197,483,3.2,2.7,1.1,0.54,1.63,7.52,0.18,0.09,0.27,1.22,141.8,280.0,123.0,104.9,221.0,139.0,160.0,137.0,79.0,40.9,249.0,121.0,4.0,,4.0,24,,Mathys,Tel,Tel,,,556,3,1,1,9,0,0,0,0,0,0,6,48,,,,0.0,0.16,1.46,0.97,7.77,10,5,33
585,i,0.0,0.0,5.3,191,118.0,0,0.0,-2,2.0,0.2,378,127.0,64,0,3.2,160.0,69.0,3,269,1.0,286.0,128.0,0.2,12.1,0.0,56808,1,64054,270,0.0,0.0,0.45,0.68,1.13,20.56,0.03,0.04,0.07,1.32,268.6,175.0,70.0,159.7,158.0,107.0,85.0,243.0,130.0,51.6,201.0,103.0,,,,24,,Rodrigo,Bentancur,Bentancur,Hamstring injury - Unknown return date,,1407,1,1,5,21,0,0,0,5,0,0,17,207,,,,0.0,0.32,1.34,1.09,13.24,37,69,101
586,i,0.0,0.0,5.2,221,137.0,0,0.0,-3,3.0,0.2,376,126.0,39,0,2.3,286.0,123.0,0,139,0.6,327.0,147.0,0.1,7.5,0.0,102271,4,109724,211,0.0,0.0,0.96,0.39,1.35,10.21,0.11,0.04,0.15,1.15,137.4,287.0,127.0,81.4,260.0,156.0,133.0,172.0,97.0,35.3,271.0,133.0,,,,24,,Lucas,Bergvall,Bergvall,Ankle injury - Unknown return date,,799,1,2,3,13,0,0,0,2,0,0,10,68,,,,0.0,0.34,1.46,1.13,7.66,20,14,34
587,a,100.0,100.0,5.2,211,131.0,0,0.0,-3,3.0,0.0,597,227.0,6,1,2.0,327.0,147.0,0,44,1.2,274.0,120.0,0.2,1.2,0.0,1996,95,13914,17,1.2,0.7,0.28,0.07,0.35,3.74,0.13,0.03,0.16,1.78,34.2,407.0,181.0,10.4,406.0,201.0,21.0,363.0,186.0,6.5,422.0,191.0,,,,24,,Yves,Bissouma,Bissouma,,,189,0,0,0,5,0,0,0,1,0,0,2,28,,,,0.0,0.0,2.38,0.95,13.33,8,10,10
588,a,100.0,100.0,5.3,206,128.0,0,0.0,-2,2.0,0.1,498,176.0,44,1,2.0,328.0,148.0,6,168,3.0,118.0,50.0,0.6,8.3,0.0,14786,272,11268,189,3.0,2.5,1.92,1.16,3.08,12.34,0.19,0.12,0.31,1.22,149.4,276.0,120.0,249.8,94.0,71.0,210.0,96.0,60.0,60.9,156.0,86.0,,,,24,,Wilson,Odobert,Odobert,,,907,0,2,2,13,0,0,0,0,0,0,8,72,,,,0.0,0.2,1.29,0.79,7.14,10,13,49
589,u,0.0,0.0,5.4,170,105.0,0,0.0,-1,1.0,0.0,745,318.0,0,0,0.0,790.0,350.0,0,0,0.0,780.0,344.0,0.0,0.0,0.0,115,0,1469,1,0.0,0.0,0.0,0.0,0.0,0.0,0.0,0.0,0.0,0.0,0.0,790.0,350.0,0.0,789.0,350.0,0.0,785.0,349.0,0.0,790.0,350.0,,,,24,,Manor,Solomon,Solomon,has joined Fiorentina on loan for the rest of the season.,,0,0,0,0,0,0,0,0,0,0,0,0,0,,,,0.0,0.0,0.0,0.0,0.0,0,0,0
590,u,0.0,0.0,4.9,325,200.0,0,0.0,-1,1.0,0.0,650,264.0,0,0,0.0,761.0,329.0,0,0,0.0,729.0,308.0,0.0,0.0,0.0,675,0,4450,3,0.0,0.0,0.0,0.0,0.0,0.0,0.0,0.0,0.0,0.0,0.0,761.0,329.0,0.0,757.0,329.0,0.0,749.0,327.0,0.0,761.0,329.0,,,,24,,Bryan,Gil Salvatierra,Bryan,has joined Girona permanently.,,0,0,0,0,0,0,0,0,0,0,0,0,0,,,,0.0,0.0,0.0,0.0,0.0,0,0,0
591,a,100.0,100.0,4.8,371,232.0,0,0.0,-2,2.0,0.1,435,146.0,30,2,2.1,312.0,138.0,3,110,1.4,248.0,108.0,0.3,6.2,0.0,15199,101,20856,145,1.4,0.9,0.68,0.14,0.82,10.08,0.08,0.02,0.1,1.21,101.8,323.0,145.0,58.5,302.0,171.0,78.0,252.0,135.0,23.8,331.0,160.0,,,,24,,Archie,Gray,Gray,,,747,1,0,5,10,0,0,0,4,0,0,10,73,,,,0.0,0.6,1.2,1.2,8.8,8,34,31
592,u,0.0,0.0,5.0,271,164.0,0,0.0,0,0.0,0.0,774,336.0,0,0,0.0,778.0,342.0,0,0,0.0,753.0,327.0,0.0,0.0,0.0,0,0,679,0,0.0,0.0,0.0,0.0,0.0,0.0,0.0,0.0,0.0,0.0,0.0,778.0,342.0,0.0,776.0,342.0,0.0,770.0,340.0,0.0,778.0,342.0,,,,24,,Mikey,Moore,Moore,Has joined Rangers on loan for the rest of the season.,,0,0,0,0,0,0,0,0,0,0,0,0,0,,,,0.0,0.0,0.0,0.0,0.0,0,0,0
593,a,100.0,100.0,4.5,439,263.0,0,0.0,-5,5.0,0.8,202,68.0,43,1,2.9,201.0,86.0,0,168,0.2,388.0,173.0,0.0,9.6,0.0,331307,794,556634,323,0.2,-0.3,1.04,0.46,1.5,13.8,0.13,0.06,0.19,1.66,154.6,271.0,116.0,84.7,252.0,153.0,94.0,227.0,124.0,33.4,280.0,138.0,,,,24,,Pape Matar,Sarr,P.M.Sarr,,,748,2,2,3,7,0,0,0,0,0,0,7,90,,,,0.0,0.36,0.84,0.84,10.83,16,33,41
594,u,0.0,0.0,4.5,500,310.0,0,0.0,0,0.0,0.0,719,304.0,0,0,0.0,736.0,312.0,0,0,0.0,691.0,283.0,0.0,0.0,0.0,0,0,2810,0,0.0,0.0,0.0,0.0,0.0,0.0,0.0,0.0,0.0,0.0,0.0,736.0,312.0,0.0,731.0,312.0,0.0,714.0,307.0,0.0,736.0,312.0,,,,24,,Yang,Min-hyeok,Min-hyeok,has joined Coventry City on loan for the rest of the season.,,0,0,0,0,0,0,0,0,0,0,0,0,0,,,,0.0,0.0,0.0,0.0,0.0,0,0,0
596,a,100.0,100.0,7.2,30,12.0,0,0.0,-3,3.0,1.0,185,29.0,17,12,3.4,134.0,13.0,3,78,3.0,126.0,18.0,0.4,2.4,0.0,63840,6587,459594,607,3.0,2.5,0.86,0.13,0.99,4.79,0.33,0.05,0.38,1.81,25.6,422.0,47.0,36.0,351.0,44.0,72.0,260.0,46.0,13.3,377.0,45.0,,,2.0,24,,Dominic,Solanke-Mitchell,Solanke,,,238,2,0,0,5,0,0,0,1,0,0,2,15,,,,0.0,0.0,1.89,0.76,5.67,7,4,4
597,i,0.0,0.0,6.3,65,21.0,0,0.0,-2,2.0,5.8,65,12.0,75,0,3.6,111.0,10.0,9,336,0.6,333.0,41.0,0.1,11.9,0.0,2945674,52,2988171,8859,0.0,0.0,4.8,1.22,6.02,17.99,0.34,0.09,0.43,1.27,381.8,91.0,7.0,159.3,160.0,13.0,464.0,23.0,13.0,100.4,51.0,10.0,,,3.0,24,,Richarlison,de Andrade,Richarlison,Hamstring injury - Expected back 01 Mar,,1276,7,3,5,19,0,0,0,4,0,0,13,98,,,,0.0,0.35,1.34,0.92,6.91,15,46,37
598,u,0.0,0.0,4.5,465,66.0,0,0.0,0,0.0,0.0,663,82.0,0,0,0.0,709.0,74.0,0,0,0.0,660.0,64.0,0.0,0.0,0.0,0,0,5078,5,0.0,0.0,0.0,0.0,0.0,0.0,0.0,0.0,0.0,0.0,0.0,706.0,74.0,0.0,702.0,73.0,0.0,683.0,73.0,0.0,707.0,74.0,,,,24,,Will,Lankshear,Lankshear,Has joined Oxford United on loan for the rest of the season.,,0,0,0,0,0,0,0,0,0,0,0,0,0,,,,0.0,0.0,0.0,0.0,0.0,0,0,0
673,a,100.0,100.0,5.5,138,85.0,0,0.0,0,0.0,0.9,194,64.0,82,4,3.9,79.0,38.0,11,337,2.6,153.0,69.0,0.5,14.9,0.0,361651,371,344024,833,2.6,2.1,1.08,0.48,1.56,21.27,0.07,0.03,0.1,1.38,394.4,83.0,27.0,86.1,247.0,149.0,138.0,166.0,93.0,62.0,154.0,85.0,,,,24,,João Maria,Lobo Alves Palhares Costa Palhinha Gonçalves,J.Palhinha,,,1389,3,3,4,22,0,0,0,5,0,0,15,192,,,,0.0,0.26,1.43,0.97,12.44,80,55,57
717,a,100.0,100.0,6.5,54,35.0,0,0.0,-5,5.0,1.1,179,60.0,56,6,3.1,182.0,80.0,5,232,3.4,90.0,39.0,0.5,8.6,0.0,777557,1796,702321,1333,3.4,2.9,1.81,2.92,4.73,19.78,0.14,0.22,0.36,1.5,198.4,232.0,97.0,266.7,86.0,63.0,160.0,138.0,80.0,62.6,152.0,83.0,5.0,,,24,,Xavi,Simons,Xavi,,,1190,1,4,3,23,0,0,0,3,1,0,13,108,,,,0.0,0.23,1.74,0.98,8.17,25,15,68
726,a,100.0,100.0,6.9,42,17.0,0,0.0,-1,1.0,0.4,290,46.0,26,2,1.6,390.0,46.0,0,66,1.4,259.0,33.0,0.2,3.8,0.0,115310,497,103737,643,1.4,0.9,1.29,0.96,2.25,15.18,0.12,0.09,0.21,1.38,75.8,357.0,36.0,159.6,159.0,12.0,157.0,143.0,35.0,38.6,259.0,30.0,,,,24,,Randal,Kolo Muani,Kolo Muani,,,989,0,0,3,18,0,0,0,2,0,0,12,62,,,,0.0,0.27,1.64,1.09,5.64,16,11,35
745,a,,,4.0,724,205.0,0,0.0,0,0.0,0.0,636,222.0,1,1,1.0,443.0,164.0,0,3,0.2,379.0,143.0,0.0,0.2,0.0,1594,26,1502,23,0.2,-0.3,0.0,0.0,0.0,0.0,0.0,0.0,0.0,0.0,0.0,606.0,240.0,0.0,599.0,240.0,0.0,567.0,236.0,0.0,608.0,240.0,,,,24,,Jun'ai,Byfield,Byfield,,,1,0,0,0,0,0,0,0,0,0,0,0,0,,,,0.0,0.0,0.0,0.0,0.0,0,0,0
750,a,,,4.0,689,176.0,0,0.0,0,0.0,0.0,658,228.0,0,0,0.0,587.0,218.0,0,0,0.0,511.0,202.0,0.0,0.0,0.0,1298,24,1095,21,0.0,-0.5,0.0,0.0,0.0,0.0,0.0,0.0,0.0,0.0,0.0,577.0,217.0,0.0,570.0,217.0,0.0,537.0,212.0,0.0,579.0,217.0,,,,24,,James,Rowswell,Rowswell,,,0,0,0,0,0,0,0,0,0,0,0,0,0,,,,0.0,0.0,0.0,0.0,0.0,0,0,0
751,u,0.0,0.0,4.5,484,297.0,0,0.0,0,0.0,0.0,755,325.0,0,0,0.0,723.0,301.0,0,0,0.0,677.0,271.0,0.0,0.0,0.0,675,0,524,12,0.0,0.0,0.0,0.0,0.0,0.0,0.0,0.0,0.0,0.0,0.0,722.0,300.0,0.0,717.0,300.0,0.0,700.0,295.0,0.0,722.0,300.0,,,,24,,Yusuf,Akhamrich,Akhamrich,has joined Bristol Rovers on loan for the rest of the season.,,0,0,0,0,0,0,0,0,0,0,0,0,0,,,,0.0,0.0,0.0,0.0,0.0,0,0,0
790,a,,,4.5,497,307.0,0,0.0,0,0.0,0.0,783,343.0,0,0,0.0,733.0,309.0,0,0,0.0,688.0,280.0,0.0,0.0,0.0,286,32,110,10,0.0,-0.5,0.0,0.0,0.0,0.0,0.0,0.0,0.0,0.0,0.0,733.0,309.0,0.0,728.0,309.0,0.0,711.0,304.0,0.0,733.0,309.0,,,,24,,Lucá,Williams-Barnett,Williams-Barnett,,,0,0,0,0,0,0,0,0,0,0,0,0,0,,,,0.0,0.0,0.0,0.0,0.0,0,0,0
796,a,,,5.4,169,104.0,-1,1.0,-1,1.0,0.1,429,143.0,9,5,3.0,193.0,84.0,0,57,3.0,120.0,52.0,0.6,1.7,0.0,24651,765,7796,442,3.0,2.5,0.4,0.35,0.75,6.09,0.14,0.12,0.26,2.08,31.2,412.0,183.0,37.1,347.0,182.0,60.0,281.0,149.0,12.8,381.0,177.0,,,,24,,Conor,Gallagher,Gallagher,,,264,0,1,0,6,0,0,0,0,0,0,3,29,,,,0.0,0.0,2.05,1.02,9.89,4,7,18
804,a,,,4.0,721,202.0,0,0.0,0,0.0,0.0,768,260.0,0,0,0.0,613.0,238.0,0,0,0.0,539.0,224.0,0.0,0.0,0.0,376,94,57,18,1.4,0.9,0.0,0.0,0.0,0.0,0.0,0.0,0.0,0.0,0.0,603.0,237.0,0.0,596.0,237.0,0.0,564.0,233.0,0.0,605.0,237.0,,,,24,,João Victor,de Souza Menezes,Souza,,,0,0,0,0,0,0,0,0,0,0,0,0,0,,,,0.0,0.0,0.0,0.0,0.0,0,0,0
811,a,,,4.5,458,277.0,0,0.0,0,0.0,0.0,811,365.0,0,0,0.0,705.0,288.0,0,0,0.0,656.0,255.0,0.0,0.0,0.0,1,1,0,0,1.3,0.8,0.0,0.0,0.0,0.0,0.0,0.0,0.0,0.0,0.0,701.0,284.0,0.0,698.0,286.0,0.0,678.0,278.0,0.0,702.0,285.0,,,,24,,Rio,Kyerematen,Kyerematen,,,0,0,0,0,0,0,0,0,0,0,0,0,0,,,,0.0,0.0,0.0,0.0,0.0,0,0,0
326,a,,,5.1,226,139.0,0,0.0,-4,4.0,0.1,415,140.0,17,0,1.1,431.0,193.0,0,57,0.4,360.0,158.0,0.1,3.3,0.0,12860,418,33795,124,0.4,0.4,0.19,0.55,0.74,5.69,0.06,0.18,0.24,1.9,20.4,430.0,191.0,62.1,288.0,165.0,57.0,287.0,151.0,13.6,374.0,174.0,,,,24,,Adama,Traoré Diarra,Adama,,,270,0,0,0,8,0,0,0,1,0,0,1,14,,,,0.0,0.0,2.67,0.33,4.67,1,1,12
600,a,,,4.3,567,27.0,0,0.0,-2,2.0,2.2,123,16.0,51,2,2.5,252.0,21.0,2,220,2.2,175.0,17.0,0.5,11.9,0.0,159901,1728,409891,940,2.2,2.2,0.0,0.0,0.0,35.3,0.0,0.0,0.0,1.76,570.4,19.0,5.0,10.0,409.0,6.0,0.0,586.0,65.0,57.9,170.0,6.0,,,,24,,Alphonse,Areola,Areola,,,1800,0,1,0,37,0,0,0,0,0,77,20,55,,,,3.85,0.0,1.85,1.0,0.0,0,30,142
601,u,0.0,0.0,4.0,655,42.0,0,0.0,0,0.0,0.2,350,51.0,0,0,0.0,560.0,62.0,0,0,0.0,483.0,56.0,0.0,0.0,0.0,3874,0,41715,66,0.0,0.0,0.0,0.0,0.0,0.0,0.0,0.0,0.0,0.0,0.0,550.0,62.0,0.0,541.0,49.0,0.0,507.0,34.0,0.0,552.0,62.0,,,,24,,Wes,Foderingham,Foderingham,has joined Aris Limassol permanently.,,0,0,0,0,0,0,0,0,0,0,0,0,0,,,,0.0,0.0,0.0,0.0,0.0,0,0,0
602,u,0.0,0.0,3.9,759,83.0,0,0.0,-1,1.0,0.2,355,52.0,0,0,0.0,542.0,51.0,0,0,0.0,465.0,45.0,0.0,0.0,0.0,11331,0,17774,141,0.0,0.0,0.0,0.0,0.0,0.0,0.0,0.0,0.0,0.0,0.0,532.0,51.0,0.0,522.0,37.0,0.0,487.0,22.0,0.0,534.0,51.0,,,,24,,Krisztián,Hegyi,Hegyi,has joined MTK Budapest on loan for the rest of the season.,,0,0,0,0,0,0,0,0,0,0,0,0,0,,,,0.0,0.0,0.0,0.0,0.0,0,0,0
603,a,100.0,100.0,4.0,719,200.0,0,0.0,-5,5.0,1.3,164,61.0,46,1,2.6,239.0,91.0,1,123,0.4,340.0,127.0,0.1,11.5,0.0,230843,1908,871163,439,0.4,0.4,0.39,0.87,1.26,26.02,0.02,0.05,0.07,1.57,296.6,155.0,65.0,173.3,151.0,39.0,64.0,274.0,81.0,53.5,190.0,63.0,,,,24,,El Hadji Malick,Diouf,Diouf,,,1487,0,4,2,32,0,0,0,3,0,0,16,157,,,,0.0,0.12,1.94,0.97,7.38,23,99,58
604,u,0.0,0.0,4.4,517,100.0,0,0.0,-1,1.0,0.1,574,207.0,0,0,0.0,650.0,247.0,0,0,0.0,592.0,240.0,0.0,0.0,0.0,1719,0,20680,7,0.0,0.0,0.0,0.0,0.0,0.0,0.0,0.0,0.0,0.0,0.0,641.0,247.0,0.0,638.0,247.0,0.0,613.0,245.0,0.0,643.0,247.0,,,,24,,Emerson,Palmieri dos Santos,Emerson,has joined Marseille permanently.,,0,0,0,0,0,0,0,0,0,0,0,0,0,,,,0.0,0.0,0.0,0.0,0.0,0,0,0
605,a,,,4.2,629,146.0,0,0.0,-3,3.0,0.2,406,149.0,36,0,1.7,364.0,132.0,0,80,0.6,315.0,115.0,0.1,8.6,0.0,29068,82,47179,127,0.6,0.6,0.56,0.25,0.81,33.28,0.03,0.01,0.04,1.92,392.4,85.0,37.0,55.8,306.0,101.0,60.0,280.0,84.0,50.9,204.0,66.0,,,,24,,Maximilian,Kilman,Kilman,,,1559,0,0,1,37,0,0,0,4,0,0,17,191,,,,0.0,0.06,2.14,0.98,9.24,16,144,43
606,a,100.0,100.0,4.4,529,111.0,0,0.0,-1,1.0,0.1,524,189.0,43,3,2.5,255.0,99.0,0,121,2.4,161.0,54.0,0.5,9.8,0.0,13563,212,14347,69,2.4,2.4,1.01,0.32,1.33,23.38,0.07,0.02,0.09,1.55,338.2,116.0,51.0,11.9,399.0,147.0,135.0,168.0,36.0,48.5,213.0,70.0,,,,24,,Konstantinos,Mavropanos,Mavropanos,,,1361,0,0,1,27,1,0,0,2,0,0,14,183,,,,0.0,0.07,1.79,0.93,10.78,18,145,55
607,u,0.0,0.0,4.4,522,105.0,0,0.0,-1,1.0,0.0,604,215.0,3,0,1.5,395.0,144.0,0,-1,0.0,595.0,243.0,0.0,0.7,0.0,1288,0,12266,10,0.0,0.0,0.1,0.03,0.13,3.42,0.05,0.02,0.07,1.71,39.0,400.0,153.0,3.9,436.0,158.0,8.0,392.0,146.0,5.1,431.0,155.0,,,,24,,Nayef,Aguerd,N.Aguerd,has joined Marseille permanently.,,180,0,0,0,8,0,0,0,0,0,0,2,23,,,,0.0,0.0,4.0,1.0,7.5,1,14,8
608,a,100.0,100.0,4.3,604,141.0,0,0.0,-2,2.0,0.0,610,219.0,19,0,1.9,338.0,126.0,0,79,2.4,160.0,53.0,0.6,4.4,0.0,4524,45,5858,38,2.4,2.4,0.18,0.31,0.49,12.93,0.03,0.04,0.07,1.84,131.2,294.0,111.0,60.6,296.0,98.0,22.0,357.0,121.0,21.4,342.0,116.0,,,,24,,Ollie,Scarles,Scarles,,,633,0,1,0,15,0,0,0,1,0,0,9,70,,,,0.0,0.0,2.13,1.28,9.81,29,40,33
609,s,0.0,100.0,4.3,584,133.0,0,0.0,-2,2.0,0.1,461,170.0,31,0,1.7,365.0,133.0,0,112,1.6,225.0,81.0,0.4,7.2,0.0,11160,32,17699,213,0.0,1.6,0.25,0.29,0.54,28.74,0.01,0.02,0.03,1.7,333.0,122.0,53.0,64.5,283.0,90.0,22.0,356.0,120.0,42.0,246.0,85.0,,,,24,,Jean-Clair,Todibo,Todibo,Suspended until 21 Feb,,1521,0,1,0,33,0,0,0,4,1,0,18,152,,,,0.0,0.0,1.95,1.07,8.17,33,105,76
610,a,100.0,100.0,4.1,651,158.0,0,0.0,-4,4.0,4.0,86,29.0,38,7,2.5,250.0,96.0,0,112,2.6,144.0,47.0,0.6,9.3,0.0,146121,9981,2262446,684,2.6,2.6,0.0,0.72,0.72,24.13,0.0,0.05,0.05,1.7,301.2,152.0,64.0,247.6,95.0,22.0,24.0,350.0,117.0,57.5,175.0,55.0,,,,24,,Aaron,Wan-Bissaka,Wan-Bissaka,,,1281,0,3,0,30,0,0,0,2,0,0,14,127,,,,0.0,0.0,2.11,0.98,7.94,20,93,38
611,u,0.0,0.0,4.0,698,181.0,0,0.0,0,0.0,0.1,533,195.0,0,0,0.0,594.0,221.0,0,0,0.0,518.0,205.0,0.0,0.0,0.0,0,0,12976,13,0.0,0.0,0.0,0.0,0.0,0.0,0.0,0.0,0.0,0.0,0.0,584.0,220.0,0.0,577.0,220.0,0.0,544.0,215.0,0.0,586.0,220.0,,,,24,,Kaelan,Casey,Casey,has joined Leyton Orient on loan for the rest of the season.,,0,0,0,0,0,0,0,0,0,0,0,0,0,,,,0.0,0.0,0.0,0.0,0.0,0,0,0
612,i,0.0,0.0,5.9,98,63.0,0,0.0,-1,1.0,1.3,168,58.0,69,0,3.8,94.0,45.0,8,291,0.4,367.0,163.0,0.1,11.7,0.0,897167,12,949149,3529,0.0,0.0,2.85,2.0,4.85,24.22,0.17,0.12,0.29,1.44,374.6,95.0,30.0,397.2,38.0,35.0,186.0,115.0,67.0,95.7,59.0,38.0,3.0,2.0,1.0,24,,Lucas,Tolentino Coelho de Lima,L.Paquetá,Back injury - Unknown return date,,1513,4,2,3,33,0,0,0,5,1,0,18,146,,,,0.0,0.18,1.96,1.07,8.68,40,30,76
613,a,100.0,100.0,5.7,117,73.0,0,0.0,-3,3.0,0.2,344,115.0,49,2,2.3,290.0,127.0,4,196,2.8,137.0,60.0,0.5,8.6,0.0,29294,211,103392,151,2.8,2.8,2.72,0.34,3.06,21.4,0.25,0.03,0.28,1.95,246.2,188.0,79.0,93.2,235.0,146.0,237.0,80.0,50.0,57.7,174.0,94.0,,,,24,,Tomáš,Souček,Souček,,,986,2,2,1,27,0,0,0,1,1,0,10,113,,,,0.0,0.09,2.46,0.91,10.31,19,62,32
615,a,100.0,100.0,5.5,147,92.0,0,0.0,0,0.0,0.6,243,83.0,63,7,3.3,145.0,65.0,4,231,6.2,10.0,7.0,1.1,11.5,0.0,100342,24449,37630,823,6.2,6.2,2.65,1.0,3.65,23.14,0.17,0.06,0.23,1.48,240.0,196.0,84.0,243.9,97.0,73.0,307.0,56.0,34.0,79.1,97.0,56.0,2.0,,,24,,Crysencio,Summerville,Summerville,,,1407,3,3,1,29,0,0,0,3,0,0,17,115,,,,0.0,0.06,1.86,1.09,7.36,23,29,63
616,u,0.0,0.0,4.9,309,192.0,0,0.0,-1,1.0,0.0,590,221.0,0,0,0.0,757.0,325.0,0,0,0.0,724.0,304.0,0.0,0.0,0.0,1147,0,16033,7,0.0,0.0,0.0,0.0,0.0,0.0,0.0,0.0,0.0,0.0,0.0,757.0,325.0,0.0,753.0,325.0,0.0,744.0,323.0,0.0,757.0,325.0,,,,24,,Edson,Álvarez Velázquez,Álvarez,Has joined Fenerbahçe on loan for the rest of the season.,,0,0,0,0,0,0,0,0,0,0,0,0,0,,,,0.0,0.0,0.0,0.0,0.0,0,0,0
617,u,0.0,0.0,4.9,289,177.0,0,0.0,-1,1.0,0.0,691,291.0,0,0,0.0,753.0,322.0,0,0,0.0,716.0,299.0,0.0,0.0,0.0,246,0,3201,1,0.0,0.0,0.0,0.0,0.0,0.0,0.0,0.0,0.0,0.0,0.0,753.0,322.0,0.0,749.0,322.0,0.0,739.0,319.0,0.0,753.0,322.0,,,,24,,Maxwel,Cornet,Cornet,has joined Genoa on loan for the rest of the season.,,0,0,0,0,0,0,0,0,0,0,0,0,0,,,,0.0,0.0,0.0,0.0,0.0,0,0,0
618,u,0.0,0.0,4.8,353,221.0,0,0.0,-2,2.0,0.0,594,224.0,8,0,1.3,417.0,185.0,0,30,0.2,399.0,181.0,0.0,1.7,0.0,2295,0,5735,56,0.0,0.0,0.03,0.04,0.07,2.59,0.02,0.02,0.04,1.33,9.8,445.0,199.0,6.0,429.0,209.0,2.0,434.0,214.0,1.7,458.0,209.0,,,,24,,Guido,Rodríguez,G.Rodriguez,has joined Valencia on loan for the rest of the season.,,175,0,0,1,2,0,0,0,1,0,0,2,15,,,,0.0,0.51,1.03,1.03,7.71,1,4,10
619,u,0.0,0.0,4.9,342,212.0,0,0.0,-1,1.0,0.0,670,276.0,5,0,1.0,478.0,222.0,0,11,0.0,737.0,314.0,0.0,1.0,0.0,868,0,3314,13,0.0,0.0,0.07,0.03,0.1,1.82,0.05,0.02,0.07,1.35,9.2,447.0,201.0,14.5,391.0,195.0,4.0,419.0,207.0,2.5,451.0,204.0,,,,24,,Luis Guilherme,Lira dos Santos,L.Guilherme,has joined Sporting CP permanently.,,121,0,0,0,2,0,0,0,0,0,0,1,11,,,,0.0,0.0,1.49,0.74,8.18,1,2,8
620,u,0.0,0.0,4.5,443,265.0,0,0.0,0,0.0,0.0,596,226.0,1,0,1.0,459.0,206.0,0,3,0.0,646.0,245.0,0.0,0.2,0.0,3770,0,9182,34,0.0,0.0,0.0,0.01,0.01,0.73,0.0,0.11,0.11,8.21,0.0,691.0,274.0,1.5,446.0,215.0,2.0,432.0,212.0,0.4,478.0,220.0,,,,24,,George,Earthy,Earthy,has joined Bristol City on loan for the rest of the season.,,8,0,0,0,1,0,0,0,0,0,0,0,0,,,,0.0,0.0,11.25,0.0,0.0,0,0,0
621,u,0.0,0.0,4.3,579,342.0,0,0.0,-2,2.0,0.2,341,114.0,9,0,1.3,414.0,182.0,0,49,0.0,565.0,193.0,0.0,2.1,0.0,43311,0,51597,355,0.0,0.0,0.0,0.17,0.17,4.03,0.0,0.1,0.1,2.32,31.6,410.0,182.0,52.3,310.0,175.0,2.0,428.0,210.0,8.6,406.0,184.0,3.0,,,24,,Andy,Irving,Irving,has joined Sparta Prague permanently.,,156,0,0,0,4,0,0,0,0,0,0,2,22,,,,0.0,0.0,2.31,1.15,12.69,6,2,14
622,u,0.0,0.0,4.4,544,327.0,0,0.0,-1,1.0,0.1,571,211.0,0,0,0.0,661.0,256.0,0,0,0.0,605.0,219.0,0.0,0.0,0.0,1052,0,11806,8,0.0,0.0,0.0,0.0,0.0,0.0,0.0,0.0,0.0,0.0,0.0,653.0,248.0,0.0,650.0,253.0,0.0,625.0,242.0,0.0,655.0,250.0,,,,24,,Lewis,Orford,Orford,has joined Stevenage on loan for the rest of the season.,,0,0,0,0,0,0,0,0,0,0,0,0,0,,,,0.0,0.0,0.0,0.0,0.0,0,0,0
623,a,100.0,100.0,4.4,540,323.0,0,0.0,-1,1.0,0.7,214,73.0,30,0,1.8,352.0,156.0,0,192,0.6,319.0,142.0,0.1,6.8,0.0,137925,294,139881,850,0.6,0.6,0.21,1.04,1.25,19.48,0.02,0.1,0.12,1.79,164.2,260.0,111.0,125.6,197.0,131.0,37.0,316.0,165.0,32.7,284.0,139.0,1.0,,,24,,Freddie,Potts,Potts,,,982,0,1,0,23,0,0,0,1,0,0,10,99,,,,0.0,0.0,2.11,0.92,9.07,25,38,36
624,a,,,7.6,20,6.0,0,0.0,-4,4.0,8.6,47,10.0,113,8,4.7,26.0,5.0,21,443,5.8,15.0,3.0,0.8,14.9,0.0,1993335,44920,2777242,6527,5.8,5.8,5.7,1.93,7.63,39.94,0.24,0.08,0.32,1.67,527.2,29.0,3.0,316.2,60.0,2.0,632.0,6.0,5.0,147.4,14.0,3.0,,1.0,2.0,24,,Jarrod,Bowen,Bowen,,,2150,8,3,1,47,0,0,0,3,0,0,24,160,,,,0.0,0.04,1.97,1.0,6.7,29,37,94
625,u,0.0,0.0,5.6,124,34.0,0,0.0,-4,4.0,0.6,238,37.0,12,0,1.5,402.0,48.0,0,28,0.0,793.0,84.0,0.0,2.1,0.0,47611,0,390813,182,0.0,0.0,0.93,0.21,1.14,8.59,0.21,0.05,0.26,1.9,26.0,420.0,46.0,85.1,251.0,25.0,130.0,177.0,40.0,23.8,332.0,39.0,,,,24,,Niclas,Füllkrug,Füllkrug,has joined AC Milan on loan for the rest of the season.,,407,0,0,1,11,0,0,0,0,0,0,5,19,,,,0.0,0.22,2.43,1.11,4.2,2,7,10
626,u,0.0,0.0,4.3,610,84.0,0,0.0,-2,2.0,0.6,242,38.0,2,0,1.0,450.0,56.0,0,0,0.0,580.0,54.0,0.0,0.5,0.0,63604,0,101622,395,0.0,0.0,0.13,0.0,0.13,1.55,0.2,0.0,0.2,2.41,1.2,478.0,56.0,0.1,470.0,59.0,7.0,404.0,56.0,0.8,468.0,57.0,,,,24,,Callum,Marshall,Marshall,has joined VfL Bochum 1848 on loan for the rest of the season.,,58,0,0,0,2,0,0,0,0,0,0,0,3,,,,0.0,0.0,3.1,0.0,4.66,0,2,1
659,a,,,4.2,627,144.0,0,0.0,-3,3.0,0.3,336,124.0,30,0,1.9,336.0,124.0,0,117,0.6,314.0,114.0,0.1,7.1,0.0,29077,135,49538,202,0.6,0.6,1.13,0.26,1.39,20.95,0.11,0.02,0.13,1.98,202.2,231.0,94.0,87.9,243.0,72.0,98.0,222.0,58.0,38.9,258.0,88.0,,,,24,,Kyle,Walker-Peters,Walker-Peters,,,952,1,0,1,21,0,0,0,2,0,0,10,94,,,,0.0,0.09,1.99,0.95,6.71,34,37,40
671,a,,,5.8,104,30.0,0,0.0,-2,2.0,0.6,227,35.0,60,1,3.0,195.0,19.0,7,224,2.0,192.0,22.0,0.3,10.3,0.0,197061,633,195559,1453,2.0,2.0,4.45,0.15,4.6,15.88,0.48,0.02,0.5,1.71,211.2,220.0,19.0,71.0,275.0,28.0,314.0,53.0,20.0,58.8,167.0,19.0,,,,24,,Callum,Wilson,Wilson,,,838,5,2,1,17,0,0,0,0,0,0,8,27,,,,0.0,0.11,1.83,0.86,2.9,2,6,19
679,a,,,4.2,636,37.0,0,0.0,-3,3.0,0.2,367,54.0,9,0,2.2,295.0,26.0,0,27,0.0,552.0,82.0,0.0,2.1,0.0,15157,44,36123,58,0.0,0.0,0.0,0.01,0.01,5.44,0.0,0.0,0.0,1.36,84.8,344.0,28.0,0.0,609.0,78.0,0.0,579.0,64.0,8.5,408.0,28.0,,,,24,,Mads,Hermansen,Hermansen,,,360,0,0,1,11,0,0,0,0,0,9,4,34,,,,2.25,0.25,2.75,1.0,0.0,0,7,27
708,a,100.0,100.0,5.5,154,96.0,0,0.0,0,0.0,0.2,339,113.0,84,4,3.8,93.0,44.0,6,410,5.0,26.0,15.0,0.9,15.3,0.0,60326,2116,34094,461,5.0,5.0,1.14,1.58,2.72,29.89,0.06,0.08,0.14,1.53,438.0,61.0,18.0,417.2,30.0,29.0,90.0,233.0,127.0,94.7,61.0,40.0,4.0,,,24,,Mateus Gonçalo,Espanha Fernandes,M.Fernandes,,,1763,3,2,2,33,0,0,0,3,0,0,21,222,,,,0.0,0.1,1.68,1.07,11.33,59,58,105
718,a,,,5.0,276,169.0,0,0.0,0,0.0,0.0,645,262.0,33,0,2.4,273.0,118.0,2,157,0.2,405.0,186.0,0.0,6.6,0.0,5066,4,3985,57,0.2,0.2,0.31,0.28,0.59,14.82,0.04,0.03,0.07,1.82,149.6,275.0,119.0,66.4,280.0,163.0,37.0,319.0,167.0,25.3,322.0,156.0,,,,24,,Soungoutou,Magassa,S.Magassa,,,732,1,0,1,18,0,0,0,2,0,0,9,101,,,,0.0,0.12,2.21,1.11,12.42,33,25,43
738,d,25.0,25.0,4.5,403,20.0,0,0.0,0,0.0,0.0,626,79.0,0,0,0.0,675.0,89.0,0,0,0.0,621.0,86.0,0.0,0.0,0.0,5643,11,5155,32,0.0,0.0,0.0,0.0,0.0,0.0,0.0,0.0,0.0,0.0,0.0,670.0,89.0,0.0,665.0,82.0,0.0,642.0,70.0,0.0,672.0,89.0,,,,24,,Lukasz,Fabianski,Fabianski,Back injury - 25% chance of playing,,0,0,0,0,0,0,0,0,0,0,0,0,0,,,,0.0,0.0,0.0,0.0,0.0,0,0,0
747,a,,,4.0,716,197.0,0,0.0,0,0.0,0.0,646,225.0,5,0,1.0,442.0,163.0,0,15,0.4,339.0,126.0,0.1,1.2,0.0,2094,23,1519,35,0.4,0.4,0.12,0.44,0.56,2.8,0.1,0.35,0.45,2.25,21.2,427.0,161.0,33.8,354.0,124.0,9.0,387.0,141.0,6.4,423.0,153.0,,,,24,,Ezra,Mayers,Mayers,,,112,0,0,0,3,0,0,0,0,0,0,0,5,,,,0.0,0.0,2.41,0.0,4.02,0,5,6
752,a,,,4.0,727,208.0,0,0.0,0,0.0,0.0,662,231.0,0,0,0.0,617.0,242.0,0,0,0.0,543.0,228.0,0.0,0.0,0.0,1485,30,1252,23,0.0,0.0,0.0,0.0,0.0,0.0,0.0,0.0,0.0,0.0,0.0,608.0,242.0,0.0,601.0,242.0,0.0,569.0,238.0,0.0,610.0,242.0,,,,24,,Airidas,Golambeckis,Golambeckis,,,0,0,0,0,0,0,0,0,0,0,0,0,0,,,,0.0,0.0,0.0,0.0,0.0,0,0,0
758,a,,,4.5,502,311.0,0,0.0,0,0.0,0.0,736,314.0,3,0,1.0,468.0,214.0,0,11,0.0,693.0,284.0,0.0,0.7,0.0,1359,15,798,18,0.0,0.0,0.03,0.02,0.05,0.54,0.17,0.11,0.28,3.04,4.4,459.0,209.0,10.9,403.0,199.0,4.0,416.0,205.0,1.7,457.0,208.0,,,,24,,Mohamadou,Kanté,Mohamadou Kanté,,,16,0,0,0,0,0,0,0,0,0,0,0,4,,,,0.0,0.0,0.0,0.0,22.5,1,0,3
785,a,,,5.5,153,39.0,0,0.0,0,0.0,0.0,697,85.0,7,2,1.8,359.0,41.0,0,14,1.4,254.0,31.0,0.3,1.3,0.0,3195,168,1644,60,1.4,1.4,0.34,0.07,0.41,3.63,0.13,0.03,0.16,1.37,15.6,438.0,49.0,40.3,339.0,41.0,21.0,364.0,53.0,7.7,413.0,51.0,,,,24,,Pablo Felipe,Pereira de Jesus,Pablo,,,239,0,0,0,4,0,0,0,0,0,0,3,23,,,,0.0,0.0,1.51,1.13,8.66,8,5,10
791,a,,,5.5,144,36.0,0,0.0,0,0.0,0.0,598,79.0,9,2,2.2,302.0,31.0,0,24,2.2,183.0,21.0,0.4,1.6,0.0,7900,427,2563,193,2.2,2.2,1.59,0.05,1.64,5.21,0.43,0.01,0.44,1.43,26.8,418.0,45.0,46.7,323.0,36.0,152.0,150.0,36.0,21.5,341.0,41.0,,,,24,,Valentín,Castellanos,Taty,,,329,0,1,0,6,0,0,0,2,0,0,4,18,,,,0.0,0.0,1.64,1.09,4.92,2,6,10
802,a,,,5.0,279,171.0,0,0.0,0,0.0,0.0,791,348.0,0,0,0.0,781.0,344.0,0,0,0.0,756.0,329.0,0.0,0.0,0.0,154,17,38,14,0.0,0.0,0.0,0.0,0.0,0.0,0.0,0.0,0.0,0.0,0.0,781.0,344.0,0.0,779.0,344.0,0.0,773.0,342.0,0.0,781.0,344.0,,,,24,,Keiber,Lamadrid,Lamadrid,,,0,0,0,0,0,0,0,0,0,0,0,0,0,,,,0.0,0.0,0.0,0.0,0.0,0,0,0
627,a,,,4.4,516,26.0,0,0.0,-1,1.0,0.1,424,64.0,21,0,1.8,351.0,27.0,0,117,0.0,591.0,85.0,0.0,4.8,0.0,18505,66,22574,104,0.0,0.0,0.0,0.02,0.02,18.59,0.0,0.0,0.0,1.55,308.0,144.0,20.0,0.1,471.0,13.0,0.0,612.0,69.0,30.8,295.0,20.0,,,,24,,Sam,Johnstone,Johnstone,,,1080,0,0,0,24,1,0,0,0,0,39,12,71,,,,3.25,0.0,2.0,1.0,0.0,2,24,107
628,a,,,4.2,626,33.0,0,0.0,-3,3.0,1.1,182,23.0,28,1,2.3,281.0,23.0,2,120,3.2,92.0,8.0,0.8,6.7,0.0,65875,809,164464,583,3.2,3.2,0.0,0.03,0.03,14.13,0.0,0.0,0.0,1.18,206.2,228.0,21.0,10.0,408.0,5.0,0.0,575.0,60.0,21.8,339.0,21.0,,,,24,,José,Malheiro de Sá,José Sá,,,1080,0,0,2,21,0,0,0,1,0,23,12,40,,,,1.92,0.17,1.75,1.0,0.0,0,21,103
629,a,100.0,100.0,3.9,733,69.0,0,0.0,-1,1.0,0.5,259,34.0,0,0,0.0,525.0,37.0,0,0,0.0,447.0,31.0,0.0,0.0,0.0,15691,177,48852,101,0.0,0.0,0.0,0.0,0.0,0.0,0.0,0.0,0.0,0.0,0.0,515.0,37.0,0.0,505.0,23.0,0.0,470.0,8.0,0.0,517.0,37.0,,,,24,,Daniel,Bentley,Bentley,,,0,0,0,0,0,0,0,0,0,0,0,0,0,,,,0.0,0.0,0.0,0.0,0.0,0,0,0
631,a,100.0,100.0,4.2,640,152.0,0,0.0,-3,3.0,0.1,440,163.0,23,3,1.6,376.0,139.0,0,86,0.6,317.0,117.0,0.1,5.5,0.0,24289,25,62216,34,0.6,0.6,0.57,0.4,0.97,18.26,0.05,0.03,0.08,1.49,312.2,139.0,60.0,76.0,267.0,82.0,75.0,255.0,73.0,46.4,223.0,74.0,,5.0,,24,,Emmanuel,Agbadou,Agbadou,,,1100,0,0,0,29,0,0,0,1,1,0,12,156,,,,0.0,0.0,2.37,0.98,10.23,32,93,65
632,a,100.0,100.0,4.4,515,99.0,0,0.0,-1,1.0,0.1,493,178.0,11,0,1.4,407.0,148.0,0,53,0.0,590.0,239.0,0.0,2.5,0.0,5798,25,19645,35,0.0,0.0,0.09,0.19,0.28,9.23,0.01,0.03,0.04,1.39,104.4,319.0,123.0,50.1,315.0,106.0,18.0,368.0,128.0,17.3,362.0,127.0,,,,24,,Matt,Doherty,Doherty,,,599,0,0,1,11,0,0,0,4,0,0,8,58,,,,0.0,0.15,1.65,1.2,7.06,13,34,23
633,a,100.0,100.0,4.3,592,137.0,0,0.0,-2,2.0,0.2,411,150.0,52,2,2.5,253.0,97.0,4,205,4.4,38.0,11.0,1.0,12.1,0.0,28868,603,22271,261,4.4,4.4,0.42,1.95,2.37,19.19,0.03,0.12,0.15,1.21,319.2,130.0,57.0,405.6,35.0,2.0,110.0,203.0,51.0,83.7,86.0,20.0,2.0,,,24,,Hugo,Bueno López,H.Bueno,,,1426,0,2,3,24,0,0,0,1,0,0,15,135,,,,0.0,0.19,1.51,0.95,6.5,37,66,70
634,a,100.0,100.0,4.3,600,140.0,0,0.0,-2,2.0,0.1,503,181.0,26,0,1.7,366.0,134.0,1,109,3.4,78.0,27.0,0.8,6.0,0.0,8287,159,7782,128,3.4,3.4,1.23,0.27,1.5,16.43,0.1,0.02,0.12,1.3,218.4,208.0,82.0,89.0,240.0,69.0,157.0,141.0,25.0,46.4,224.0,75.0,,,,24,,Yerson,Mosquera Valdelamar,Mosquera,,,1136,0,0,2,22,2,0,0,9,0,0,13,122,,,,0.0,0.16,1.74,1.03,8.71,33,77,60
635,a,100.0,100.0,4.4,539,116.0,0,0.0,-1,1.0,0.1,569,206.0,17,2,1.9,339.0,127.0,0,32,0.8,298.0,109.0,0.2,3.9,0.0,8975,24,14377,13,0.8,0.8,0.95,0.26,1.21,5.23,0.19,0.05,0.24,1.04,67.6,369.0,141.0,47.6,321.0,107.0,109.0,206.0,53.0,22.6,335.0,115.0,,,,24,,Rodrigo,Martins Gomes,R.Gomes,,,451,1,0,0,10,0,0,0,0,0,0,5,35,,,,0.0,0.0,2.0,1.0,4.19,9,12,18
636,a,100.0,100.0,4.4,526,108.0,0,0.0,-1,1.0,0.1,483,174.0,52,2,3.5,115.0,40.0,2,165,3.4,79.0,28.0,0.8,11.8,0.0,19667,90,17895,142,3.4,3.4,1.61,0.5,2.11,17.51,0.11,0.03,0.14,1.22,320.6,128.0,56.0,61.2,293.0,97.0,118.0,197.0,46.0,49.9,210.0,69.0,,,,24,,Santiago,Ignacio Bueno,S.Bueno,,,1292,2,1,2,24,0,0,0,2,0,0,14,129,,,,0.0,0.14,1.67,0.98,7.87,34,79,30
637,i,0.0,0.0,4.2,639,151.0,0,0.0,-3,3.0,0.1,509,184.0,20,0,1.5,393.0,143.0,0,74,0.0,555.0,233.0,0.0,4.8,0.0,6849,3,19018,35,0.0,0.0,0.04,0.21,0.25,17.96,0.0,0.02,0.02,1.7,212.2,219.0,88.0,77.4,263.0,80.0,29.0,339.0,109.0,31.9,289.0,98.0,,,,24,,Toti,Gomes,Toti,Hamstring injury - Unknown return date,,949,0,0,0,25,0,0,0,1,1,0,12,106,,,,0.0,0.0,2.37,1.14,7.97,14,70,37
638,u,0.0,0.0,3.8,788,241.0,0,0.0,-2,2.0,1.1,180,70.0,10,0,1.2,426.0,153.0,0,38,0.0,427.0,162.0,0.0,2.6,0.0,121813,0,243905,1460,0.0,0.0,0.02,0.36,0.38,9.36,0.0,0.08,0.08,1.99,101.4,325.0,125.0,87.8,244.0,73.0,13.0,376.0,134.0,20.3,346.0,119.0,,,,24,,Ki-Jana,Hoever,Hoever,has joined Sheffield United on loan for the rest of the season.,,423,0,0,0,13,0,0,0,0,0,0,6,46,,,,0.0,0.0,2.77,1.28,8.51,13,27,16
639,u,0.0,0.0,4.0,705,187.0,0,0.0,0,0.0,0.0,747,255.0,0,0,0.0,600.0,226.0,0,0,0.0,525.0,211.0,0.0,0.0,0.0,0,0,860,3,0.0,0.0,0.0,0.0,0.0,0.0,0.0,0.0,0.0,0.0,0.0,590.0,225.0,0.0,583.0,225.0,0.0,551.0,221.0,0.0,592.0,225.0,,,,24,,Bastien,Meupiyou Menadjou,Meupiyou,On loan to FC Alverca,,0,0,0,0,0,0,0,0,0,0,0,0,0,,,,0.0,0.0,0.0,0.0,0.0,0,0,0
640,a,100.0,100.0,4.0,725,206.0,0,0.0,0,0.0,0.4,280,106.0,2,1,1.0,444.0,165.0,0,2,0.4,341.0,128.0,0.1,0.5,0.0,8717,50,87637,79,0.4,0.4,0.0,0.0,0.0,0.79,0.0,0.0,0.0,35.55,0.2,487.0,174.0,0.4,460.0,169.0,2.0,426.0,160.0,0.2,488.0,174.0,,,,24,,Pedro,Cardoso de Lima,Pedro Lima,,,2,0,0,0,1,0,0,0,0,0,0,0,0,,,,0.0,0.0,45.0,0.0,0.0,0,0,0
641,u,0.0,0.0,3.9,765,223.0,0,0.0,-1,1.0,1.0,184,72.0,0,0,0.0,548.0,200.0,0,0,0.0,471.0,183.0,0.0,0.0,0.0,85684,0,138498,758,0.0,0.0,0.0,0.0,0.0,0.0,0.0,0.0,0.0,0.0,0.0,538.0,199.0,0.0,528.0,199.0,0.0,493.0,192.0,0.0,540.0,199.0,,,,24,,Alfie,Pond,Pond,has joined Crewe Alexandra on loan for the rest of the season.,,0,0,0,0,0,0,0,0,0,0,0,0,0,,,,0.0,0.0,0.0,0.0,0.0,0,0,0
642,a,100.0,100.0,5.6,127,78.0,0,0.0,-4,4.0,0.2,399,134.0,43,2,2.3,288.0,125.0,0,120,3.8,66.0,29.0,0.7,7.7,0.0,44273,203,47268,392,3.8,3.8,2.1,0.92,3.02,14.86,0.17,0.08,0.25,1.21,129.8,296.0,134.0,151.3,167.0,111.0,145.0,159.0,89.0,42.0,247.0,119.0,,,3.0,24,,Hwang,Hee-chan,Hee Chan,,,1102,2,1,2,19,0,0,0,3,0,0,14,63,,,,0.0,0.16,1.55,1.14,5.15,8,19,36
643,a,100.0,100.0,5.3,204,126.0,0,0.0,-2,2.0,0.1,522,186.0,53,3,2.3,287.0,124.0,1,281,1.6,236.0,104.0,0.3,10.0,0.0,11661,19,15744,42,1.6,1.6,0.19,0.67,0.86,27.34,0.01,0.04,0.05,1.46,247.6,187.0,78.0,207.7,125.0,89.0,16.0,373.0,189.0,47.1,220.0,112.0,,,,24,,André,Trindade da Costa Neto,André,,,1682,0,0,1,33,0,0,0,8,0,0,18,235,,,,0.0,0.05,1.77,0.96,12.57,50,61,124
644,a,100.0,100.0,5.1,231,142.0,0,0.0,-4,4.0,0.0,616,238.0,26,1,1.7,368.0,162.0,0,124,0.2,406.0,187.0,0.0,5.1,0.0,3634,26,10398,12,0.2,0.2,0.75,0.59,1.34,12.75,0.1,0.08,0.18,1.63,115.6,307.0,137.0,101.7,226.0,141.0,95.0,225.0,123.0,31.1,294.0,142.0,3.0,4.0,,24,,Jean-Ricner,Bellegarde,Bellegarde,,,704,1,0,1,21,0,0,0,1,0,0,9,61,,,,0.0,0.13,2.68,1.15,7.8,19,20,22
645,u,0.0,0.0,5.1,240,147.0,0,0.0,-4,4.0,0.0,644,261.0,12,0,1.3,421.0,189.0,0,38,0.0,764.0,336.0,0.0,2.4,0.0,1383,0,4707,31,0.0,0.0,0.16,0.61,0.77,3.98,0.06,0.24,0.3,1.57,29.0,415.0,185.0,61.0,294.0,168.0,37.0,320.0,168.0,12.4,384.0,179.0,,,,24,,Fer,López González,Fer López,has joined Celta Vigo on loan for the rest of the season.,,228,0,1,0,9,0,0,0,1,0,0,2,12,,,,0.0,0.0,3.55,0.79,4.74,1,1,10
646,a,100.0,100.0,5.3,199,124.0,0,0.0,-2,2.0,0.1,470,161.0,60,3,2.6,246.0,108.0,1,311,2.8,135.0,58.0,0.5,11.3,0.0,15662,66,20207,97,2.8,2.8,0.83,1.21,2.04,26.36,0.04,0.06,0.1,1.29,295.0,157.0,59.0,266.6,87.0,64.0,125.0,184.0,105.0,69.1,127.0,70.0,,,,24,,João Victor,Gomes da Silva,Gomes,,,1844,0,0,2,36,0,0,0,8,0,0,21,256,,,,0.0,0.1,1.76,1.02,12.49,65,65,126
647,u,0.0,0.0,5.5,140,86.0,0,0.0,0,0.0,0.0,776,338.0,0,0,0.0,796.0,355.0,0,0,0.0,788.0,351.0,0.0,0.0,0.0,0,0,796,0,0.0,0.0,0.0,0.0,0.0,0.0,0.0,0.0,0.0,0.0,0.0,796.0,355.0,0.0,795.0,355.0,0.0,792.0,354.0,0.0,796.0,355.0,,,,24,,Gonçalo Manuel,Ganchinho Guedes,Guedes,Has joined Real Sociedad permanently.,,0,0,0,0,0,0,0,0,0,0,0,0,0,,,,0.0,0.0,0.0,0.0,0.0,0,0,0
648,u,0.0,0.0,5.3,198,123.0,0,0.0,-2,2.0,0.0,617,239.0,38,0,2.9,206.0,87.0,1,131,0.0,772.0,340.0,0.0,7.2,0.0,19177,0,22860,28,0.0,0.0,1.64,0.38,2.02,13.36,0.17,0.04,0.21,1.38,163.6,261.0,112.0,61.8,290.0,166.0,196.0,108.0,65.0,42.1,245.0,118.0,,,,24,,Marshall,Munetsi,Munetsi,has joined Paris FC on loan for the rest of the season.,,872,1,2,0,19,0,0,0,2,0,0,9,80,,,,0.0,0.0,1.96,0.93,8.26,21,39,20
656,u,0.0,0.0,4.9,322,58.0,0,0.0,-1,1.0,0.0,584,78.0,1,0,1.0,475.0,57.0,0,1,0.0,727.0,73.0,0.0,0.2,0.0,1691,0,10063,3,0.0,0.0,0.0,0.01,0.01,0.1,0.0,0.06,0.06,0.64,1.0,484.0,59.0,4.3,433.0,56.0,2.0,435.0,59.0,0.7,470.0,59.0,,,,24,,Saša,Kalajdžić,Kalajdžić,has joined LASK on loan for the rest of the season.,,14,0,0,0,0,0,0,0,0,0,0,0,2,,,,0.0,0.0,0.0,0.0,12.86,0,1,1
657,i,0.0,0.0,4.4,558,80.0,0,0.0,-1,1.0,0.0,649,81.0,0,0,0.0,671.0,72.0,0,0,0.0,616.0,62.0,0.0,0.0,0.0,4460,12,6850,19,0.0,0.0,0.0,0.0,0.0,0.0,0.0,0.0,0.0,0.0,0.0,665.0,72.0,0.0,661.0,71.0,0.0,637.0,71.0,0.0,667.0,72.0,,,,24,,Leon,Chiwome,Chiwome,Knee injury - Unknown return date,,0,0,0,0,0,0,0,0,0,0,0,0,0,,,,0.0,0.0,0.0,0.0,0.0,0,0,0
543,a,,,4.9,340,210.0,0,0.0,-6,6.0,0.4,268,91.0,34,0,2.4,272.0,117.0,3,81,0.6,326.0,146.0,0.1,6.9,0.0,90635,84,222037,269,-0.4,0.6,0.35,0.62,0.97,11.3,0.05,0.09,0.14,1.57,81.4,350.0,156.0,116.8,205.0,134.0,75.0,257.0,139.0,27.0,312.0,151.0,,,,24,,Simon,Adingra,Adingra,,,649,1,1,4,8,0,0,0,2,0,0,9,45,,,,0.0,0.55,1.11,1.25,6.24,11,13,21
544,a,100.0,100.0,5.3,205,127.0,0,0.0,-2,2.0,0.0,607,233.0,13,0,2.2,301.0,131.0,0,26,0.0,774.0,341.0,0.0,2.5,0.0,7259,43,16403,34,-1.0,0.0,0.54,0.09,0.63,4.69,0.12,0.02,0.14,1.01,19.6,432.0,193.0,34.9,353.0,184.0,47.0,301.0,157.0,9.5,400.0,182.0,,,1.0,24,,Habib,Diarra,Diarra,,,416,0,1,2,2,0,0,0,2,0,0,4,26,,,,0.0,0.43,0.43,0.87,5.62,4,9,13
545,u,0.0,0.0,5.4,160,99.0,0,0.0,-1,1.0,0.0,710,301.0,1,0,1.0,485.0,227.0,0,4,0.0,776.0,342.0,0.0,0.2,0.0,462,0,4067,1,0.0,0.0,0.03,0.02,0.05,0.66,0.1,0.07,0.17,2.2,1.8,474.0,219.0,7.3,423.0,206.0,5.0,412.0,202.0,1.4,464.0,214.0,,,,24,,Patrick,Roberts,Roberts,has joined Birmingham City on loan for the rest of the season.,,27,0,0,0,1,0,0,0,0,0,0,0,1,,,,0.0,0.0,3.33,0.0,3.33,0,0,1
546,a,100.0,100.0,4.9,345,215.0,0,0.0,-1,1.0,0.0,686,286.0,0,0,0.0,768.0,334.0,0,0,0.0,739.0,316.0,0.0,0.0,0.0,326,15,3382,4,-1.0,0.0,0.0,0.0,0.0,0.0,0.0,0.0,0.0,0.0,0.0,768.0,334.0,0.0,764.0,334.0,0.0,756.0,332.0,0.0,768.0,334.0,,,,24,,Milan,Aleksić,Aleksić,,,0,0,0,0,0,0,0,0,0,0,0,0,0,,,,0.0,0.0,0.0,0.0,0.0,0,0,0
547,a,100.0,100.0,4.9,335,207.0,0,0.0,-1,1.0,1.4,156,52.0,81,0,3.7,99.0,47.0,7,326,2.8,132.0,57.0,0.6,16.5,0.0,303440,1104,173642,3389,1.8,2.8,3.71,2.43,6.14,28.56,0.19,0.12,0.31,1.46,404.2,79.0,25.0,483.6,20.0,19.0,165.0,131.0,76.0,105.4,42.0,31.0,3.0,2.0,2.0,24,,Enzo,Le Fée,E.Le Fée,,,1755,3,4,6,23,0,0,1,5,0,0,20,173,,,,0.0,0.31,1.18,1.03,8.87,49,43,81
34,u,0.0,0.0,4.0,678,53.0,0,0.0,0,0.0,0.1,480,74.0,0,0,0.0,578.0,71.0,0,0,0.0,501.0,65.0,0.0,0.0,0.0,0,0,16956,26,0.0,0.0,0.0,0.0,0.0,0.0,0.0,0.0,0.0,0.0,0.0,568.0,71.0,0.0,561.0,60.0,0.0,528.0,45.0,0.0,570.0,71.0,,,,24,,Joe,Gauci,Gauci,Has joined Port Vale on loan for the rest of the season.,,0,0,0,0,0,0,0,0,0,0,0,0,0,,,,0.0,0.0,0.0,0.0,0.0,0,0,0
35,u,0.0,0.0,4.0,677,52.0,0,0.0,0,0.0,0.0,733,85.0,0,0,0.0,577.0,70.0,0,0,0.0,500.0,64.0,0.0,0.0,0.0,0,0,1236,1,0.0,0.0,0.0,0.0,0.0,0.0,0.0,0.0,0.0,0.0,0.0,567.0,70.0,0.0,560.0,59.0,0.0,527.0,44.0,0.0,569.0,70.0,,,,24,,Filip,Marschall,Marschall,Has joined Stevenage permanently.,,0,0,0,0,0,0,0,0,0,0,0,0,0,,,,0.0,0.0,0.0,0.0,0.0,0,0,0
36,a,100.0,100.0,4.8,354,58.0,0,0.0,3,-3.0,11.7,35,12.0,97,2,4.2,51.0,20.0,6,362,4.2,49.0,17.0,0.9,20.2,0.0,2590669,16336,1496314,8709,4.2,4.2,0.98,2.25,3.23,29.86,0.04,0.1,0.14,1.32,477.0,48.0,20.0,358.6,44.0,4.0,162.0,135.0,24.0,99.8,52.0,8.0,1.0,,,24,,Matty,Cash,Cash,,,2041,3,2,7,21,0,0,0,5,0,0,23,154,,,,0.0,0.31,0.93,1.01,5.78,40,91,62
60,a,,,4.4,557,335.0,0,0.0,-1,1.0,0.3,321,106.0,0,0,0.0,670.0,261.0,0,0,0.0,615.0,225.0,0.0,0.0,0.0,38033,102,47614,133,0.0,0.0,0.0,0.0,0.0,0.0,0.0,0.0,0.0,0.0,0.0,664.0,255.0,0.0,660.0,259.0,0.0,636.0,249.0,0.0,666.0,257.0,,,,24,,Ben,Broggio,Broggio,,,0,0,0,0,0,0,0,0,0,0,0,0,0,,,,0.0,0.0,0.0,0.0,0.0,0,0,0
114,a,100.0,100.0,3.8,809,261.0,0,0.0,-2,2.0,0.2,361,132.0,0,0,0.0,521.0,195.0,0,0,0.0,443.0,177.0,0.0,0.0,0.0,12660,124,27767,79,0.0,0.0,0.0,0.0,0.0,0.0,0.0,0.0,0.0,0.0,0.0,511.0,194.0,0.0,500.0,194.0,0.0,465.0,187.0,0.0,513.0,194.0,,,,24,,Benjamin,Arthur,Arthur,,,0,0,0,0,0,0,0,0,0,0,0,0,0,,,,0.0,0.0,0.0,0.0,0.0,0,0,0
220,a,100.0,100.0,4.9,310,13.0,0,0.0,-1,1.0,14.8,22,3.0,90,2,3.9,76.0,6.0,7,395,3.6,74.0,5.0,0.7,18.4,0.0,1504457,16224,2527171,9985,3.6,3.6,0.0,0.03,0.03,31.24,0.0,0.0,0.0,1.42,559.6,21.0,7.0,50.0,317.0,1.0,0.0,745.0,84.0,60.6,161.0,4.0,,,,24,,Robert,Lynch Sánchez,Sánchez,,,1984,0,1,9,26,0,0,0,2,1,63,23,89,,,,2.86,0.41,1.18,1.04,0.0,0,19,199
221,a,100.0,100.0,4.3,601,29.0,0,0.0,-2,2.0,0.2,391,57.0,3,0,1.5,394.0,30.0,0,18,0.4,346.0,23.0,0.1,0.7,0.0,14811,71,25498,106,0.4,0.4,0.0,0.0,0.0,2.78,0.0,0.0,0.0,1.44,28.2,417.0,30.0,0.0,623.0,80.0,0.0,596.0,67.0,2.8,447.0,30.0,,,,24,,Filip,Jörgensen,Jörgensen,,,174,0,0,0,3,0,0,0,0,0,3,1,7,,,,1.55,0.0,1.55,0.52,0.0,0,2,14
222,u,0.0,0.0,4.0,702,63.0,0,0.0,0,0.0,0.0,779,88.0,0,0,0.0,597.0,81.0,0,0,0.0,522.0,75.0,0.0,0.0,0.0,0,0,337,1,0.0,0.0,0.0,0.0,0.0,0.0,0.0,0.0,0.0,0.0,0.0,587.0,81.0,0.0,580.0,70.0,0.0,548.0,55.0,0.0,589.0,81.0,,,,24,,Mike,Penders,Penders,Has joined RC Strasbourg on loan for the rest of the season.,,0,0,0,0,0,0,0,0,0,0,0,0,0,,,,0.0,0.0,0.0,0.0,0.0,0,0,0
223,a,,,3.9,755,81.0,0,0.0,-1,1.0,0.1,450,69.0,0,0,0.0,540.0,49.0,0,0,0.0,463.0,43.0,0.0,0.0,0.0,9710,25,11739,86,0.0,0.0,0.0,0.0,0.0,0.0,0.0,0.0,0.0,0.0,0.0,530.0,49.0,0.0,520.0,35.0,0.0,485.0,20.0,0.0,532.0,49.0,,,,24,,Gabriel,Słonina,Slonina,,,0,0,0,0,0,0,0,0,0,0,0,0,0,,,,0.0,0.0,0.0,0.0,0.0,0,0,0
224,a,100.0,100.0,6.0,86,3.0,0,0.0,0,0.0,16.5,20,7.0,85,7,3.9,82.0,29.0,5,381,2.6,156.0,51.0,0.4,14.2,0.0,2528673,27008,3149212,4297,2.6,2.6,1.53,2.37,3.9,26.56,0.08,0.12,0.2,1.37,389.2,87.0,39.0,340.4,51.0,9.0,179.0,123.0,23.0,90.8,66.0,12.0,,,,24,,Marc,Cucurella Saseta,Cucurella,,,1750,1,2,9,20,0,0,0,4,1,0,20,167,,,,0.0,0.46,1.03,1.03,6.69,42,88,81
225,a,100.0,100.0,5.7,118,12.0,0,0.0,2,-2.0,11.4,36,13.0,97,1,4.2,55.0,23.0,9,402,3.2,102.0,35.0,0.6,17.0,0.0,2024243,10099,1373494,20154,3.2,3.2,0.86,2.3,3.16,24.36,0.05,0.13,0.18,1.43,406.8,77.0,34.0,399.5,37.0,3.0,89.0,235.0,64.0,89.7,68.0,14.0,2.0,2.0,,24,,Reece,James,James,,,1534,2,5,7,16,0,0,0,4,0,0,16,144,,,,0.0,0.41,0.94,0.94,6.16,40,65,81
234,a,100.0,100.0,4.0,723,204.0,0,0.0,0,0.0,0.1,564,203.0,0,0,0.0,615.0,240.0,0,0,0.0,541.0,226.0,0.0,0.0,0.0,1239,60,9961,17,0.0,0.0,0.0,0.0,0.0,0.0,0.0,0.0,0.0,0.0,0.0,605.0,239.0,0.0,598.0,239.0,0.0,566.0,235.0,0.0,607.0,239.0,,,,24,,Aarón,Anselmino,Anselmino,,,0,0,0,0,0,0,0,0,0,0,0,0,0,,,,0.0,0.0,0.0,0.0,0.0,0,0,0
743,a,,,4.5,496,306.0,0,0.0,0,0.0,0.0,720,305.0,0,0,0.0,732.0,308.0,0,0,0.0,687.0,279.0,0.0,0.0,0.0,1300,7,1142,8,0.0,0.0,0.0,0.0,0.0,0.0,0.0,0.0,0.0,0.0,0.0,732.0,308.0,0.0,727.0,308.0,0.0,710.0,303.0,0.0,732.0,308.0,,,,24,,Landon,Emenalo,Emenalo,,,0,0,0,0,0,0,0,0,0,0,0,0,0,,,,0.0,0.0,0.0,0.0,0.0,0,0,0
630,a,,,3.9,738,73.0,0,0.0,-1,1.0,1.3,169,21.0,0,0,0.0,529.0,41.0,0,0,0.0,452.0,35.0,0.0,0.0,0.0,67751,181,92464,463,0.0,0.0,0.0,0.0,0.0,0.0,0.0,0.0,0.0,0.0,0.0,519.0,41.0,0.0,509.0,27.0,0.0,474.0,12.0,0.0,521.0,41.0,,,,24,,Tom,King,King,,,0,0,0,0,0,0,0,0,0,0,0,0,0,,,,0.0,0.0,0.0,0.0,0.0,0,0,0
400,a,,,4.7,375,16.0,0,0.0,-3,3.0,0.2,403,60.0,0,0,0.0,745.0,91.0,0,0,0.0,701.0,89.0,0.0,0.0,0.0,3299,92,19575,70,0.0,0.5,0.0,0.0,0.0,0.0,0.0,0.0,0.0,0.0,0.0,745.0,91.0,0.0,740.0,87.0,0.0,726.0,78.0,0.0,745.0,91.0,,,,24,,Stefan,Ortega Moreno,Ortega Moreno,,,0,0,0,0,0,0,0,0,0,0,0,0,0,,,,0.0,0.0,0.0,0.0,0.0,0,0,0
482,u,0.0,0.0,3.9,749,216.0,0,0.0,-1,1.0,0.1,446,164.0,0,0,0.0,536.0,197.0,0,0,0.0,459.0,180.0,0.0,0.0,0.0,8541,0,16259,67,0.0,0.0,0.0,0.0,0.0,0.0,0.0,0.0,0.0,0.0,0.0,526.0,196.0,0.0,516.0,196.0,0.0,481.0,189.0,0.0,528.0,196.0,,,,24,,Harrison,Ashby,Ashby,has joined Bradford City on loan for the rest of the season.,,0,0,0,0,0,0,0,0,0,0,0,0,0,,,,0.0,0.0,0.0,0.0,0.0,0,0,0
483,a,,,3.8,805,258.0,0,0.0,-2,2.0,0.4,277,104.0,0,0,0.0,518.0,193.0,0,0,0.0,440.0,175.0,0.0,0.0,0.0,62753,112,44485,283,0.0,-0.5,0.0,0.0,0.0,0.0,0.0,0.0,0.0,0.0,0.0,508.0,192.0,0.0,497.0,192.0,0.0,462.0,185.0,0.0,510.0,192.0,,,,24,,Miodrag,Pivaš,Pivas,,,0,0,0,0,0,0,0,0,0,0,0,0,0,,,,0.0,0.0,0.0,0.0,0.0,0,0,0
484,u,0.0,0.0,4.0,663,163.0,0,0.0,0,0.0,0.1,417,154.0,0,0,0.0,565.0,208.0,0,0,0.0,488.0,191.0,0.0,0.0,0.0,3759,0,44797,33,0.0,0.0,0.0,0.0,0.0,0.0,0.0,0.0,0.0,0.0,0.0,555.0,207.0,0.0,547.0,207.0,0.0,514.0,202.0,0.0,557.0,207.0,,,,24,,Matt,Targett,Targett,has joined Middlesbrough on loan for the rest of the season.,,0,0,0,0,0,0,0,0,0,0,0,0,0,,,,0.0,0.0,0.0,0.0,0.0,0,0,0
485,a,100.0,100.0,7.3,27,17.0,0,0.0,-2,2.0,3.5,95,29.0,61,6,3.2,163.0,71.0,4,219,2.8,140.0,63.0,0.4,8.4,0.0,1421171,5527,1245063,6247,2.8,2.3,5.05,3.02,8.07,14.6,0.37,0.22,0.59,1.08,239.0,197.0,85.0,320.9,59.0,47.0,323.0,49.0,29.0,87.9,73.0,45.0,,,2.0,24,,Anthony,Gordon,Gordon,,,1217,3,3,6,22,0,0,0,3,1,0,17,62,,,,0.0,0.44,1.63,1.26,4.59,13,11,38
486,a,100.0,100.0,6.5,53,34.0,0,0.0,-5,5.0,2.6,112,34.0,31,2,1.6,389.0,174.0,0,110,0.8,311.0,141.0,0.1,4.8,0.0,546177,503,1171985,576,0.8,0.3,1.2,0.54,1.74,11.58,0.14,0.06,0.2,1.31,89.2,340.0,150.0,155.0,162.0,108.0,109.0,208.0,113.0,35.3,272.0,134.0,,,,24,,Anthony,Elanga,Elanga,,,797,0,1,2,18,0,0,0,0,0,0,8,31,,,,0.0,0.23,2.03,0.9,3.5,9,5,17
487,a,,,6.1,81,54.0,0,0.0,-4,4.0,1.5,151,48.0,72,2,3.1,181.0,79.0,8,236,4.6,34.0,18.0,0.8,11.8,0.0,681055,3673,567203,3990,4.6,4.1,4.92,1.9,6.82,14.79,0.37,0.14,0.51,1.11,277.8,166.0,64.0,258.8,91.0,68.0,448.0,25.0,12.0,98.3,57.0,36.0,,,,24,,Harvey,Barnes,Barnes,,,1194,5,0,4,17,0,0,0,0,0,0,12,63,,,,0.0,0.3,1.28,0.9,4.75,8,13,42
495,u,0.0,0.0,4.5,409,249.0,0,0.0,0,0.0,0.0,752,322.0,0,0,0.0,678.0,265.0,0,0,0.0,624.0,230.0,0.0,0.0,0.0,0,0,1594,0,0.0,0.0,0.0,0.0,0.0,0.0,0.0,0.0,0.0,0.0,0.0,673.0,260.0,0.0,668.0,263.0,0.0,645.0,254.0,0.0,675.0,262.0,,,,24,,Isaac,Hayden,Hayden,Has departed the club as a free agent.,,0,0,0,0,0,0,0,0,0,0,0,0,0,,,,0.0,0.0,0.0,0.0,0.0,0,0,0
496,u,0.0,0.0,4.4,552,331.0,0,0.0,-1,1.0,0.0,625,246.0,0,0,0.0,667.0,259.0,0,0,0.0,611.0,222.0,0.0,0.0,0.0,2219,0,7324,2,0.0,0.0,0.0,0.0,0.0,0.0,0.0,0.0,0.0,0.0,0.0,660.0,252.0,0.0,656.0,256.0,0.0,632.0,246.0,0.0,662.0,254.0,,,,24,,Garang,Kuol,Kuol,has joined Sparta Prague permanently.,,0,0,0,0,0,0,0,0,0,0,0,0,0,,,,0.0,0.0,0.0,0.0,0.0,0,0,0
497,a,100.0,100.0,4.5,460,279.0,0,0.0,0,0.0,3.4,96,30.0,58,0,3.1,171.0,73.0,4,271,2.8,129.0,56.0,0.6,12.9,0.0,627352,3627,494706,5524,2.8,2.3,1.36,2.0,3.36,13.65,0.11,0.16,0.27,1.08,275.0,170.0,66.0,214.3,119.0,84.0,132.0,173.0,98.0,62.1,153.0,84.0,,,,24,,Lewis,Miley,L.Miley,,,1133,1,3,2,16,0,0,0,0,0,0,11,123,,,,0.0,0.16,1.27,0.87,9.77,24,42,57
654,a,100.0,100.0,6.1,82,26.0,0,0.0,-4,4.0,0.9,193,31.0,39,1,1.8,361.0,42.0,0,90,1.6,239.0,29.0,0.3,6.4,0.0,195102,794,614184,517,1.6,1.6,3.05,0.44,3.49,22.03,0.2,0.03,0.23,1.42,126.2,298.0,28.0,113.1,206.0,22.0,260.0,74.0,25.0,49.1,212.0,24.0,,,2.0,24,,Jørgen,Strand Larsen,Strand Larsen,,,1399,1,1,3,26,0,0,1,2,0,0,14,55,,,,0.0,0.19,1.67,0.9,3.54,6,31,18
655,u,0.0,0.0,4.9,329,60.0,0,0.0,-1,1.0,0.2,393,60.0,0,0,0.0,764.0,83.0,0,0,0.0,732.0,74.0,0.0,0.0,0.0,7178,0,55038,24,0.0,0.0,0.0,0.0,0.0,0.0,0.0,0.0,0.0,0.0,0.0,764.0,83.0,0.0,760.0,82.0,0.0,752.0,82.0,0.0,764.0,83.0,,,,24,,Fábio,Soares Silva,Fábio Silva,has joined Borussia Dortmund permanently.,,0,0,0,0,0,0,0,0,0,0,0,0,0,,,,0.0,0.0,0.0,0.0,0.0,0,0,0
753,a,,,4.0,652,39.0,0,0.0,0,0.0,0.0,699,80.0,0,0,0.0,558.0,60.0,0,0,0.0,481.0,54.0,0.0,0.0,0.0,1244,17,702,13,0.0,-0.5,0.0,0.0,0.0,0.0,0.0,0.0,0.0,0.0,0.0,548.0,60.0,0.0,538.0,46.0,0.0,504.0,31.0,0.0,550.0,60.0,,,,24,,John,Ruddy,Ruddy,,,0,0,0,0,0,0,0,0,0,0,0,0,0,,,,0.0,0.0,0.0,0.0,0.0,0,0,0
650,a,100.0,100.0,4.3,596,348.0,0,0.0,-2,2.0,0.2,356,119.0,2,0,1.0,448.0,196.0,0,4,0.2,382.0,168.0,0.0,0.5,0.0,30833,143,45862,122,0.2,0.2,0.0,0.0,0.0,0.5,0.0,0.0,0.0,1.8,3.2,464.0,213.0,0.3,466.0,226.0,0.0,593.0,221.0,0.4,477.0,219.0,,,,24,,Tawanda,Chirewa,Chirewa,,,25,0,0,0,0,0,0,0,0,0,0,0,4,,,,0.0,0.0,0.0,0.0,14.4,2,1,1
651,a,,,4.3,614,359.0,0,0.0,-2,2.0,0.3,293,98.0,0,0,0.0,644.0,246.0,0,0,0.0,584.0,208.0,0.0,0.0,0.0,51899,131,61248,232,0.0,0.0,0.0,0.0,0.0,0.0,0.0,0.0,0.0,0.0,0.0,635.0,237.0,0.0,632.0,242.0,0.0,606.0,231.0,0.0,637.0,239.0,,,,24,,Tom,Edozie,Edozie,,,0,0,0,0,0,0,0,0,0,0,0,0,0,,,,0.0,0.0,0.0,0.0,0.0,0,0,0
652,a,,,4.3,613,358.0,0,0.0,-2,2.0,1.3,167,57.0,0,0,0.0,643.0,245.0,0,0,0.0,583.0,207.0,0.0,0.0,0.0,183527,741,226643,914,0.0,0.0,0.0,0.0,0.0,0.0,0.0,0.0,0.0,0.0,0.0,634.0,236.0,0.0,631.0,241.0,0.0,605.0,230.0,0.0,636.0,238.0,,,,24,,Enso,González Medina,Gonzalez,,,0,0,0,0,0,0,0,0,0,0,0,0,0,,,,0.0,0.0,0.0,0.0,0.0,0,0,0
653,u,0.0,0.0,4.5,421,252.0,0,0.0,0,0.0,0.0,652,266.0,0,0,0.0,684.0,268.0,0,0,0.0,632.0,233.0,0.0,0.0,0.0,0,0,5666,8,0.0,0.0,0.0,0.0,0.0,0.0,0.0,0.0,0.0,0.0,0.0,679.0,263.0,0.0,675.0,266.0,0.0,653.0,257.0,0.0,681.0,265.0,,,,24,,Joe,Hodge,Hodge,Signed by CD Tondela,,0,0,0,0,0,0,0,0,0,0,0,0,0,,,,0.0,0.0,0.0,0.0,0.0,0,0,0
658,a,,,4.2,641,88.0,0,0.0,-3,3.0,1.8,141,22.0,0,0,0.0,624.0,61.0,0,0,0.0,556.0,50.0,0.0,0.0,0.0,226534,3238,325277,1616,0.0,0.0,0.0,0.0,0.0,0.0,0.0,0.0,0.0,0.0,0.0,616.0,61.0,0.0,611.0,60.0,0.0,581.0,60.0,0.0,618.0,61.0,,,,24,,Nathan,Fraser,Fraser,,,0,0,0,0,0,0,0,0,0,0,0,0,0,,,,0.0,0.0,0.0,0.0,0.0,0,0,0
