id,first_name,second_name,web_name,status,news,news_added,now_cost,now_cost_rank,now_cost_rank_type,selected_by_percent,selected_rank,selected_rank_type,form,form_rank,form_rank_type,event_points,cost_change_event,cost_change_event_fall,cost_change_start,cost_change_start_fall,transfers_in_event,transfers_out_event,value_form,value_season,ep_next,ep_this,points_per_game,points_per_game_rank,points_per_game_rank_type,chance_of_playing_next_round,chance_of_playing_this_round,influence_rank,influence_rank_type,creativity_rank,creativity_rank_type,threat_rank,threat_rank_type,ict_index_rank,ict_index_rank_type,corners_and_indirect_freekicks_order,direct_freekicks_order,penalties_order,set_piece_threat,corners_and_indirect_freekicks_text,direct_freekicks_text,penalties_text,expected_goals_per_90,expected_assists_per_90,expected_goal_involvements_per_90,expected_goals_conceded_per_90,saves_per_90,clean_sheets_per_90,goals_conceded_per_90,starts_per_90,defensive_contribution_per_90,gw,total_points,minutes,goals_scored,assists,clean_sheets,goals_conceded,own_goals,penalties_saved,penalties_missed,yellow_cards,red_cards,saves,starts,bonus,bps,transfers_in,transfers_out,dreamteam_count,expected_goals,expected_assists,expected_goal_involvements,expected_goals_conceded,influence,creativity,threat,ict_index,tackles,clearances_blocks_interceptions,recoveries,defensive_contribution
1,David,Raya Martín,Raya,a,,,5.9,93,1.0,33.3,6,1.0,2.8,108.0,10.0,0,0,0.0,4,-4.0,1243,1091,0.5,15.6,3.8,3.8,4.2,59.0,4.0,,,108.0,16.0,370.0,3.0,791.0,91.0,264.0,16.0,,,,,,,,0.0,0.0,0.0,0.72,1.45,0.5,0.64,1.0,0.0,23,0,0,0,0,0,0,0,0,0,0,0,0,0,0,0,6414,17402,0.0,0.0,0.0,0.0,0.0,0.0,0.0,0.0,0.0,0,0,0,0
2,Kepa,Arrizabalaga Revuelta,Arrizabalaga,a,,,4.1,643,38.0,0.4,271,37.0,0.0,530.0,76.0,0,0,0.0,-4,4.0,7,14,0.0,0.0,1.0,1.0,0.0,611.0,81.0,,,600.0,81.0,595.0,70.0,562.0,55.0,604.0,81.0,,,,,,,,0.0,0.0,0.0,0.0,0.0,0.0,0.0,0.0,0.0,23,0,0,0,0,0,0,0,0,0,0,0,0,0,0,0,48,100,0.0,0.0,0.0,0.0,0.0,0.0,0.0,0.0,0.0,0,0,0,0
3,Karl,Hein,Hein,u,Has joined Werder Bremen on loan for the rest of the season.,,4.0,672,53.0,0.2,359,52.0,0.0,488.0,66.0,0,0,0.0,0,0.0,0,2,0.0,0.0,0.0,0.0,0.0,571.0,71.0,0.0,0.0,560.0,71.0,555.0,60.0,520.0,45.0,563.0,71.0,,,,,,,,0.0,0.0,0.0,0.0,0.0,0.0,0.0,0.0,0.0,23,0,0,0,0,0,0,0,0,0,0,0,0,0,0,0,0,26,0.0,0.0,0.0,0.0,0.0,0.0,0.0,0.0,0.0,0,0,0,0
4,Tommy,Setford,Setford,a,,,3.9,759,87.0,0.2,341,48.0,0.0,459.0,51.0,0,0,0.0,-1,1.0,1,11,0.0,0.0,1.0,1.0,0.0,541.0,56.0,,,531.0,56.0,524.0,43.0,487.0,28.0,534.0,56.0,,,,,,,,0.0,0.0,0.0,0.0,0.0,0.0,0.0,0.0,0.0,23,0,0,0,0,0,0,0,0,0,0,0,0,0,0,0,36,124,0.0,0.0,0.0,0.0,0.0,0.0,0.0,0.0,0.0,0,0,0,0
5,Gabriel,dos Santos Magalhães,Gabriel,a,,,6.9,42,1.0,36.6,5,2.0,6.5,2.0,2.0,0,0,0.0,9,-9.0,3971,136,0.9,17.4,7.5,7.5,7.5,1.0,1.0,100.0,100.0,36.0,16.0,258.0,77.0,123.0,21.0,102.0,31.0,,,,,,,,0.11,0.05,0.16,0.62,0.0,0.66,0.46,1.0,8.63,23,0,0,0,0,0,0,0,0,0,0,0,0,0,0,0,54964,4274,0.0,0.0,0.0,0.0,0.0,0.0,0.0,0.0,0.0,0,0,0,0
6,William,Saliba,Saliba,a,,,6.0,86,4.0,12.2,36,12.0,3.3,72.0,25.0,0,0,0.0,0,0.0,864,212,0.6,11.5,4.3,4.3,3.8,91.0,34.0,100.0,100.0,144.0,61.0,257.0,76.0,327.0,106.0,239.0,82.0,,,,,,,,0.02,0.03,0.05,0.68,0.0,0.5,0.56,1.06,6.11,23,0,0,0,0,0,0,0,0,0,0,0,0,0,0,0,7817,3864,0.0,0.0,0.0,0.0,0.0,0.0,0.0,0.0,0.0,0,0,0,0
7,Riccardo,Calafiori,Calafiori,d,Lack of match fitness - 75% chance of playing,,5.6,132,15.0,6.2,65,22.0,0.0,780.0,261.0,0,0,0.0,1,-1.0,43,315,0.0,13.8,0.8,0.8,4.8,24.0,12.0,75.0,75.0,193.0,77.0,207.0,54.0,78.0,6.0,167.0,54.0,,,,,,,,0.18,0.03,0.21,0.51,0.0,0.64,0.5,1.15,6.09,23,0,0,0,0,0,0,0,0,0,0,0,0,0,0,0,289,3838,0.0,0.0,0.0,0.0,0.0,0.0,0.0,0.0,0.0,0,0,0,0
8,Jurriën,Timber,J.Timber,a,,,6.3,69,2.0,28.2,10,3.0,3.8,48.0,19.0,0,0,0.0,8,-8.0,2217,841,0.6,17.3,4.8,4.8,5.2,12.0,5.0,100.0,100.0,82.0,37.0,71.0,14.0,45.0,1.0,47.0,5.0,,,,,,,,0.22,0.05,0.27,0.6,0.0,0.52,0.62,0.99,5.52,23,0,0,0,0,0,0,0,0,0,0,0,0,0,0,0,19837,15720,0.0,0.0,0.0,0.0,0.0,0.0,0.0,0.0,0.0,0,0,0,0
9,Jakub,Kiwior,Kiwior,u,has joined Porto on loan for the rest of the season.,,5.4,171,21.0,0.0,579,210.0,0.0,766.0,260.0,0,0,0.0,-1,1.0,0,0,0.0,0.0,0.0,0.0,0.0,783.0,262.0,0.0,0.0,783.0,262.0,782.0,262.0,778.0,261.0,783.0,262.0,,,,,,,,0.0,0.0,0.0,0.0,0.0,0.0,0.0,0.0,0.0,23,0,0,0,0,0,0,0,0,0,0,0,0,0,0,0,0,0,0.0,0.0,0.0,0.0,0.0,0.0,0.0,0.0,0.0,0,0,0,0
10,Myles,Lewis-Skelly,Lewis-Skelly,a,,,5.1,237,37.0,1.5,154,59.0,0.5,320.0,119.0,0,0,0.0,-4,4.0,24,36,0.1,2.4,1.5,1.5,0.9,484.0,167.0,,,407.0,155.0,321.0,108.0,363.0,127.0,395.0,142.0,,,,,,,,0.01,0.02,0.03,1.52,0.0,0.0,1.45,0.29,4.05,23,0,0,0,0,0,0,0,0,0,0,0,0,0,0,0,164,727,0.0,0.0,0.0,0.0,0.0,0.0,0.0,0.0,0.0,0,0,0,0
11,Benjamin,White,White,a,,,5.1,226,32.0,0.6,237,89.0,1.2,249.0,91.0,0,0,0.0,-4,4.0,62,23,0.2,5.7,2.2,2.2,4.8,22.0,10.0,100.0,100.0,314.0,120.0,227.0,65.0,298.0,95.0,317.0,107.0,,,,,,,,0.1,0.11,0.21,1.4,0.0,0.72,0.72,1.19,7.4,23,0,0,0,0,0,0,0,0,0,0,0,0,0,0,0,806,725,0.0,0.0,0.0,0.0,0.0,0.0,0.0,0.0,0.0,0,0,0,0
13,Brayden,Clarke,Clarke,a,,,3.8,797,258.0,0.4,259,98.0,0.0,425.0,166.0,0,0,0.0,-2,2.0,4,9,0.0,0.0,1.0,1.0,0.0,508.0,188.0,,,498.0,188.0,490.0,189.0,452.0,179.0,501.0,188.0,,,,,,,,0.0,0.0,0.0,0.0,0.0,0.0,0.0,0.0,0.0,23,0,0,0,0,0,0,0,0,0,0,0,0,0,0,0,89,165,0.0,0.0,0.0,0.0,0.0,0.0,0.0,0.0,0.0,0,0,0,0
14,Maldini,Kacurri,Kacurri,u,has joined Morecambe on loan for the rest of the season.,,3.9,764,226.0,0.1,472,172.0,0.0,464.0,178.0,0,0,0.0,-1,1.0,0,1,0.0,0.0,0.0,0.0,0.0,546.0,199.0,0.0,0.0,536.0,199.0,529.0,200.0,492.0,191.0,539.0,199.0,,,,,,,,0.0,0.0,0.0,0.0,0.0,0.0,0.0,0.0,0.0,23,0,0,0,0,0,0,0,0,0,0,0,0,0,0,0,0,13,0.0,0.0,0.0,0.0,0.0,0.0,0.0,0.0,0.0,0,0,0,0
15,Josh,Nichols,Nichols,a,,,3.8,786,247.0,0.2,385,140.0,0.0,417.0,158.0,0,0,0.0,-2,2.0,0,4,0.0,0.0,1.0,1.0,0.0,501.0,181.0,,,491.0,181.0,482.0,181.0,443.0,170.0,494.0,181.0,,,,,,,,0.0,0.0,0.0,0.0,0.0,0.0,0.0,0.0,0.0,23,0,0,0,0,0,0,0,0,0,0,0,0,0,0,0,25,49,0.0,0.0,0.0,0.0,0.0,0.0,0.0,0.0,0.0,0,0,0,0
16,Bukayo,Saka,Saka,a,,,10.1,5,3.0,17.6,20,8.0,3.5,66.0,29.0,0,0,0.0,1,-1.0,547,2487,0.3,9.8,4.5,4.5,5.0,17.0,9.0,100.0,100.0,62.0,17.0,6.0,6.0,10.0,4.0,6.0,4.0,2.0,,1.0,,,,,0.34,0.29,0.63,0.57,0.0,0.5,0.56,0.99,6.81,23,0,0,0,0,0,0,0,0,0,0,0,0,0,0,0,6612,51257,0.0,0.0,0.0,0.0,0.0,0.0,0.0,0.0,0.0,0,0,0,0
17,Martin,Ødegaard,Ødegaard,a,,,7.8,17,12.0,2.4,117,38.0,4.3,24.0,10.0,0,0,0.0,-2,2.0,167,245,0.6,6.3,5.3,5.3,3.1,181.0,78.0,100.0,100.0,194.0,83.0,31.0,30.0,157.0,93.0,93.0,55.0,4.0,,3.0,,,,,0.08,0.25,0.33,1.06,0.0,0.39,0.78,1.17,6.9,23,0,0,0,0,0,0,0,0,0,0,0,0,0,0,0,1920,4341,0.0,0.0,0.0,0.0,0.0,0.0,0.0,0.0,0.0,0,0,0,0
18,Noni,Madueke,Madueke,a,,,6.8,46,28.0,0.6,223,78.0,0.8,291.0,131.0,0,0,0.0,-2,2.0,25,24,0.1,3.1,1.8,1.8,1.6,380.0,171.0,100.0,100.0,350.0,155.0,122.0,88.0,96.0,57.0,206.0,105.0,3.0,,,,,,,0.1,0.26,0.36,1.14,0.0,0.48,0.8,1.12,4.97,23,0,0,0,0,0,0,0,0,0,0,0,0,0,0,0,105,339,0.0,0.0,0.0,0.0,0.0,0.0,0.0,0.0,0.0,0,0,0,0
19,Gabriel,Martinelli Silva,Martinelli,a,,,6.8,47,29.0,0.9,195,66.0,1.2,264.0,118.0,0,0,0.0,-2,2.0,45,27,0.2,4.3,2.2,2.2,1.7,368.0,161.0,100.0,100.0,342.0,152.0,265.0,157.0,89.0,54.0,263.0,130.0,,,,,,,,0.42,0.04,0.46,0.92,0.0,0.33,0.5,1.16,5.61,23,0,0,0,0,0,0,0,0,0,0,0,0,0,0,0,476,403,0.0,0.0,0.0,0.0,0.0,0.0,0.0,0.0,0.0,0,0,0,0
20,Leandro,Trossard,Trossard,a,,,6.9,41,25.0,1.5,152,51.0,3.2,81.0,39.0,0,0,0.0,-1,1.0,188,260,0.5,11.7,4.2,4.2,4.5,41.0,20.0,100.0,100.0,102.0,34.0,49.0,42.0,35.0,21.0,41.0,31.0,,,4.0,,,,,0.32,0.16,0.48,0.64,0.0,0.46,0.69,0.92,5.52,23,0,0,0,0,0,0,0,0,0,0,0,0,0,0,0,2563,6578,0.0,0.0,0.0,0.0,0.0,0.0,0.0,0.0,0.0,0,0,0,0
21,Declan,Rice,Rice,a,,,7.4,22,15.0,31.2,8,2.0,4.7,17.0,8.0,0,0,0.0,9,-9.0,4965,512,0.6,16.9,5.7,5.7,6.0,6.0,3.0,100.0,100.0,12.0,3.0,4.0,4.0,73.0,46.0,10.0,8.0,1.0,1.0,,,,,,0.14,0.21,0.35,0.62,0.0,0.5,0.66,1.01,10.89,23,0,0,0,0,0,0,0,0,0,0,0,0,0,0,0,69993,10252,0.0,0.0,0.0,0.0,0.0,0.0,0.0,0.0,0.0,0,0,0,0
22,Mikel,Merino Zazón,Merino,a,,,5.5,139,87.0,1.5,156,53.0,1.0,277.0,122.0,0,0,0.0,-5,5.0,60,219,0.2,10.7,2.0,2.0,3.0,192.0,83.0,,,168.0,64.0,130.0,93.0,99.0,59.0,127.0,67.0,,,,,,,,0.23,0.13,0.36,0.59,0.0,0.37,0.75,0.93,9.71,23,0,0,0,0,0,0,0,0,0,0,0,0,0,0,0,561,4547,0.0,0.0,0.0,0.0,0.0,0.0,0.0,0.0,0.0,0,0,0,0
23,Fábio,Ferreira Vieira,Fábio Vieira,u,has joined Hamburger on loan for the rest of the season.,,5.4,170,106.0,0.0,670,276.0,0.0,765.0,336.0,0,0,0.0,-1,1.0,0,0,0.0,0.0,0.0,0.0,0.0,782.0,346.0,0.0,0.0,782.0,346.0,781.0,346.0,777.0,345.0,782.0,346.0,,,,,,,,0.0,0.0,0.0,0.0,0.0,0.0,0.0,0.0,0.0,23,0,0,0,0,0,0,0,0,0,0,0,0,0,0,0,0,1,0.0,0.0,0.0,0.0,0.0,0.0,0.0,0.0,0.0,0,0,0,0
24,Christian,Nørgaard,Nørgaard,a,,,5.1,224,138.0,0.1,428,145.0,0.2,392.0,180.0,0,0,0.0,-4,4.0,2,3,0.0,0.6,1.2,1.2,1.0,471.0,222.0,100.0,100.0,431.0,194.0,454.0,222.0,399.0,197.0,445.0,203.0,,,,,,,,0.15,0.0,0.15,6.27,0.0,0.0,2.9,0.0,23.23,23,0,0,0,0,0,0,0,0,0,0,0,0,0,0,0,16,21,0.0,0.0,0.0,0.0,0.0,0.0,0.0,0.0,0.0,0,0,0,0
25,Ethan,Nwaneri,Nwaneri,u,has joined Marseille on loan for the rest of the season.,,5.0,268,163.0,0.1,431,147.0,0.0,735.0,315.0,0,0,0.0,-5,5.0,0,21,0.0,1.6,0.0,0.0,1.3,411.0,185.0,0.0,0.0,439.0,199.0,366.0,189.0,344.0,179.0,419.0,188.0,,,,,,,,0.13,0.04,0.17,0.4,0.0,0.55,0.0,0.0,7.09,23,0,0,0,0,0,0,0,0,0,0,0,0,0,0,0,0,88,0.0,0.0,0.0,0.0,0.0,0.0,0.0,0.0,0.0,0,0,0,0
26,Martín,Zubimendi Ibáñez,Zubimendi,a,,,5.2,215,133.0,2.2,120,40.0,3.5,62.0,26.0,0,0,0.0,-3,3.0,194,110,0.7,15.4,4.5,4.5,3.6,117.0,53.0,100.0,100.0,71.0,23.0,65.0,52.0,136.0,80.0,72.0,45.0,,,,,,,,0.09,0.07,0.16,0.72,0.0,0.54,0.63,1.02,9.16,23,0,0,0,0,0,0,0,0,0,0,0,0,0,0,0,2144,1861,0.0,0.0,0.0,0.0,0.0,0.0,0.0,0.0,0.0,0,0,0,0
28,Ismeal,Kabia,Kabia,u,has joined Shrewsbury Town on loan for the rest of the season.,,4.5,479,294.0,0.1,471,161.0,0.0,657.0,257.0,0,0,0.0,0,0.0,0,0,0.0,0.0,0.0,0.0,0.0,711.0,294.0,0.0,0.0,710.0,293.0,705.0,293.0,688.0,288.0,710.0,293.0,,,,,,,,0.0,0.0,0.0,0.0,0.0,0.0,0.0,0.0,0.0,23,0,0,0,0,0,0,0,0,0,0,0,0,0,0,0,0,8,0.0,0.0,0.0,0.0,0.0,0.0,0.0,0.0,0.0,0,0,0,0
29,Albert,Sambi Lokonga,Sambi,u,has joined Hamburger permanently.,,4.5,422,253.0,0.1,576,214.0,0.0,618.0,225.0,0,0,0.0,0,0.0,0,2,0.0,0.0,0.0,0.0,0.0,675.0,264.0,0.0,0.0,669.0,259.0,667.0,262.0,646.0,254.0,672.0,261.0,,,,,,,,0.0,0.0,0.0,0.0,0.0,0.0,0.0,0.0,0.0,23,0,0,0,0,0,0,0,0,0,0,0,0,0,0,0,0,3,0.0,0.0,0.0,0.0,0.0,0.0,0.0,0.0,0.0,0,0,0,0
30,Kai,Havertz,Havertz,a,,,7.3,26,9.0,0.3,292,48.0,0.0,797.0,87.0,0,0,0.0,-2,2.0,11,12,0.0,0.1,1.0,1.0,1.0,481.0,58.0,100.0,100.0,462.0,53.0,447.0,54.0,430.0,58.0,466.0,57.0,,,,,,,,0.0,0.03,0.03,2.46,0.0,0.0,0.0,0.0,9.0,23,0,0,0,0,0,0,0,0,0,0,0,0,0,0,0,70,98,0.0,0.0,0.0,0.0,0.0,0.0,0.0,0.0,0.0,0,0,0,0
31,Gabriel,Fernando de Jesus,G.Jesus,a,,,6.4,57,20.0,0.4,287,45.0,1.3,241.0,31.0,0,0,0.0,-1,1.0,325,50,0.2,1.6,2.3,2.3,1.4,403.0,46.0,100.0,100.0,374.0,39.0,413.0,50.0,159.0,36.0,339.0,40.0,,,,,,,,0.59,0.07,0.66,1.66,0.0,0.0,1.81,0.0,10.27,23,0,0,0,0,0,0,0,0,0,0,0,0,0,0,0,3518,598,0.0,0.0,0.0,0.0,0.0,0.0,0.0,0.0,0.0,0,0,0,0
266,Eberechi,Eze,Eze,a,,,7.3,28,19.0,8.4,48,17.0,0.3,349.0,156.0,0,0,0.0,-2,2.0,77,504,0.0,9.3,1.3,1.3,4.0,75.0,34.0,,,171.0,67.0,151.0,103.0,59.0,36.0,103.0,57.0,,,,,,,,0.23,0.13,0.36,0.54,0.0,0.53,0.53,1.07,5.86,23,0,0,0,0,0,0,0,0,0,0,0,0,0,0,0,632,9859,0.0,0.0,0.0,0.0,0.0,0.0,0.0,0.0,0.0,0,0,0,0
662,Cristhian,Mosquera,Mosquera,a,,,5.3,200,27.0,0.1,430,158.0,0.0,758.0,257.0,0,0,0.0,-2,2.0,17,3,0.0,3.2,1.0,1.0,1.7,364.0,137.0,100.0,100.0,335.0,128.0,365.0,132.0,391.0,145.0,382.0,137.0,,,,,,,,0.0,0.09,0.09,0.56,0.0,0.21,0.84,0.84,7.34,23,0,0,0,0,0,0,0,0,0,0,0,0,0,0,0,82,20,0.0,0.0,0.0,0.0,0.0,0.0,0.0,0.0,0.0,0,0,0,0
666,Viktor,Gyökeres,Gyökeres,a,,,8.7,9,5.0,9.3,46,9.0,1.5,231.0,29.0,0,0,0.0,-3,3.0,259,209,0.2,6.3,2.5,2.5,2.8,221.0,22.0,100.0,100.0,212.0,17.0,165.0,14.0,22.0,13.0,87.0,15.0,,,2.0,,,,,0.43,0.06,0.49,0.63,0.0,0.6,0.4,1.14,3.21,23,0,0,0,0,0,0,0,0,0,0,0,0,0,0,0,1982,3605,0.0,0.0,0.0,0.0,0.0,0.0,0.0,0.0,0.0,0,0,0,0
700,Max,Dowman,Dowman,i,Ankle injury - Unknown return date,,4.2,641,361.0,0.3,299,101.0,0.0,548.0,187.0,0,0,0.0,-3,3.0,78,45,0.0,1.2,0.0,0.0,2.5,248.0,107.0,0.0,0.0,473.0,219.0,445.0,217.0,336.0,176.0,441.0,201.0,,,,,,,,0.47,0.07,0.54,0.4,0.0,0.0,0.0,0.0,10.0,23,0,0,0,0,0,0,0,0,0,0,0,0,0,0,0,970,409,0.0,0.0,0.0,0.0,0.0,0.0,0.0,0.0,0.0,0,0,0,0
711,Andre,Harriman-Annous,Harriman-Annous,a,,,4.4,561,337.0,0.0,695,295.0,0.0,604.0,218.0,0,0,0.0,-1,1.0,1,0,0.0,0.0,1.0,1.0,0.0,664.0,258.0,,,658.0,253.0,654.0,256.0,631.0,247.0,661.0,255.0,,,,,,,,0.0,0.0,0.0,0.0,0.0,0.0,0.0,0.0,0.0,23,0,0,0,0,0,0,0,0,0,0,0,0,0,0,0,5,6,0.0,0.0,0.0,0.0,0.0,0.0,0.0,0.0,0.0,0,0,0,0
725,Piero,Hincapié,Hincapie,d,Lack of match fitness - 75% chance of playing,,5.2,214,30.0,0.7,213,81.0,0.8,287.0,105.0,0,0,0.0,-3,3.0,3,228,0.2,6.7,1.4,1.4,2.9,202.0,78.0,75.0,75.0,223.0,91.0,295.0,97.0,356.0,121.0,304.0,102.0,,,,,,,,0.0,0.07,0.07,0.96,0.0,0.2,0.91,1.01,8.1,23,0,0,0,0,0,0,0,0,0,0,0,0,0,0,0,22,9464,0.0,0.0,0.0,0.0,0.0,0.0,0.0,0.0,0.0,0,0,0,0
759,Marli,Salmon,Salmon,a,,,4.0,712,201.0,0.0,700,241.0,0.0,523.0,215.0,0,0,0.0,0,0.0,0,1,0.0,0.0,1.0,1.0,0.0,604.0,235.0,,,593.0,234.0,588.0,235.0,554.0,229.0,596.0,234.0,,,,,,,,0.0,0.0,0.0,0.0,0.0,0.0,0.0,0.0,0.0,23,0,0,0,0,0,0,0,0,0,0,0,0,0,0,0,5,8,0.0,0.0,0.0,0.0,0.0,0.0,0.0,0.0,0.0,0,0,0,0
32,Emiliano,Martínez Romero,Martinez,d,Calf injury - 75% chance of playing,,5.0,242,7.0,3.1,106,15.0,1.5,223.0,19.0,0,0,0.0,0,0.0,39,416,0.3,13.2,1.1,1.1,3.7,101.0,10.0,75.0,75.0,69.0,13.0,428.0,12.0,748.0,83.0,238.0,13.0,,,,,,,,0.0,0.0,0.0,1.3,2.91,0.23,0.97,1.03,0.0,23,0,0,0,0,0,0,0,0,0,0,0,0,0,0,0,178,5541,0.0,0.0,0.0,0.0,0.0,0.0,0.0,0.0,0.0,0,0,0,0
33,Marco,Bizot,M.Bizot,a,,,4.2,619,32.0,0.4,267,35.0,0.3,328.0,24.0,0,0,0.0,-3,3.0,10,14,0.1,2.6,0.3,0.3,2.2,284.0,25.0,,,328.0,27.0,597.0,72.0,565.0,57.0,396.0,27.0,,,,,,,,0.0,0.0,0.0,1.9,2.89,0.22,1.78,0.89,0.0,23,0,0,0,0,0,0,0,0,0,0,0,0,0,0,0,92,162,0.0,0.0,0.0,0.0,0.0,0.0,0.0,0.0,0.0,0,0,0,0
34,Joe,Gauci,Gauci,u,Has joined Port Vale on loan for the rest of the season.,,4.0,671,52.0,0.1,477,74.0,0.0,487.0,65.0,0,0,0.0,0,0.0,0,0,0.0,0.0,0.0,0.0,0.0,570.0,70.0,0.0,0.0,559.0,70.0,554.0,59.0,519.0,44.0,562.0,70.0,,,,,,,,0.0,0.0,0.0,0.0,0.0,0.0,0.0,0.0,0.0,23,0,0,0,0,0,0,0,0,0,0,0,0,0,0,0,0,11,0.0,0.0,0.0,0.0,0.0,0.0,0.0,0.0,0.0,0,0,0,0
35,Filip,Marschall,Marschall,u,Has joined Stevenage permanently.,,4.0,670,51.0,0.0,727,84.0,0.0,486.0,64.0,0,0,0.0,0,0.0,0,0,0.0,0.0,0.0,0.0,0.0,569.0,69.0,0.0,0.0,558.0,69.0,553.0,58.0,518.0,43.0,561.0,69.0,,,,,,,,0.0,0.0,0.0,0.0,0.0,0.0,0.0,0.0,0.0,23,0,0,0,0,0,0,0,0,0,0,0,0,0,0,0,0,1,0.0,0.0,0.0,0.0,0.0,0.0,0.0,0.0,0.0,0,0,0,0
36,Matty,Cash,Cash,a,,,4.8,353,58.0,11.1,40,13.0,2.3,152.0,58.0,0,0,0.0,3,-3.0,806,623,0.5,18.5,2.3,2.3,4.2,57.0,26.0,100.0,100.0,44.0,21.0,53.0,9.0,161.0,31.0,57.0,9.0,1.0,,,,,,,0.03,0.09,0.12,1.32,0.0,0.29,0.97,1.02,5.75,23,0,0,0,0,0,0,0,0,0,0,0,0,0,0,0,6998,14014,0.0,0.0,0.0,0.0,0.0,0.0,0.0,0.0,0.0,0,0,0,0
37,Lucas,Digne,Digne,a,,,4.5,402,73.0,1.6,149,58.0,2.0,180.0,68.0,0,0,0.0,0,0.0,44,59,0.4,14.4,2.0,2.0,3.1,166.0,67.0,100.0,100.0,177.0,72.0,72.0,15.0,194.0,48.0,131.0,43.0,2.0,2.0,,,,,,0.04,0.13,0.17,1.37,0.0,0.45,0.89,1.04,4.99,23,0,0,0,0,0,0,0,0,0,0,0,0,0,0,0,460,1624,0.0,0.0,0.0,0.0,0.0,0.0,0.0,0.0,0.0,0,0,0,0
38,Ezri,Konsa Ngoyo,Konsa,a,,,4.4,518,105.0,7.4,55,17.0,2.5,125.0,48.0,0,0,0.0,-1,1.0,210,197,0.6,14.5,2.5,2.5,3.0,183.0,71.0,100.0,100.0,75.0,33.0,262.0,80.0,236.0,65.0,171.0,55.0,,,,,,,,0.02,0.02,0.04,1.44,0.0,0.29,1.16,1.01,5.98,23,0,0,0,0,0,0,0,0,0,0,0,0,0,0,0,1525,4955,0.0,0.0,0.0,0.0,0.0,0.0,0.0,0.0,0.0,0,0,0,0
39,Ian,Maatsen,Maatsen,a,,,4.2,628,149.0,0.5,252,96.0,1.2,245.0,89.0,0,0,0.0,-3,3.0,28,16,0.3,4.8,1.2,1.2,1.2,418.0,152.0,,,259.0,105.0,134.0,32.0,178.0,38.0,210.0,70.0,5.0,,,,,,,0.08,0.13,0.21,1.53,0.0,0.0,1.54,0.95,7.34,23,0,0,0,0,0,0,0,0,0,0,0,0,0,0,0,277,328,0.0,0.0,0.0,0.0,0.0,0.0,0.0,0.0,0.0,0,0,0,0
40,Tyrone,Mings,Mings,a,,,4.3,568,125.0,0.5,243,91.0,0.0,552.0,232.0,0,0,0.0,-2,2.0,14,6,0.0,5.6,0.0,0.0,3.4,126.0,48.0,100.0,100.0,289.0,110.0,324.0,109.0,339.0,112.0,342.0,119.0,,,,,,,,0.06,0.02,0.08,1.59,0.0,0.36,1.09,1.09,7.42,23,0,0,0,0,0,0,0,0,0,0,0,0,0,0,0,97,61,0.0,0.0,0.0,0.0,0.0,0.0,0.0,0.0,0.0,0,0,0,0
41,Pau,Torres,Pau,a,,,4.3,578,132.0,0.3,315,116.0,0.3,330.0,123.0,0,0,0.0,-2,2.0,14,10,0.1,9.5,0.3,0.3,3.2,151.0,62.0,100.0,100.0,192.0,76.0,350.0,123.0,330.0,108.0,297.0,98.0,,,,,,,,0.02,0.02,0.04,1.27,0.0,0.26,1.04,0.95,6.74,23,0,0,0,0,0,0,0,0,0,0,0,0,0,0,0,121,125,0.0,0.0,0.0,0.0,0.0,0.0,0.0,0.0,0.0,0,0,0,0
42,Andrés,García,A.García,a,,,3.9,766,228.0,0.2,358,131.0,0.2,353.0,133.0,0,0,0.0,-1,1.0,8,8,0.1,0.3,0.2,0.2,0.5,487.0,168.0,100.0,100.0,475.0,169.0,437.0,160.0,493.0,192.0,479.0,170.0,,,,,,,,0.0,0.03,0.03,4.56,0.0,0.0,6.0,0.0,0.0,23,0,0,0,0,0,0,0,0,0,0,0,0,0,0,0,42,65,0.0,0.0,0.0,0.0,0.0,0.0,0.0,0.0,0.0,0,0,0,0
43,Álex,Moreno Lopera,Alex Moreno,u,Has joined Girona permanently.,,4.0,650,159.0,1.7,144,57.0,0.0,470.0,181.0,0,0,0.0,0,0.0,0,18,0.0,0.0,0.0,0.0,0.0,552.0,202.0,0.0,0.0,542.0,202.0,536.0,203.0,500.0,195.0,545.0,202.0,,,,,,,,0.0,0.0,0.0,0.0,0.0,0.0,0.0,0.0,0.0,23,0,0,0,0,0,0,0,0,0,0,0,0,0,0,0,0,320,0.0,0.0,0.0,0.0,0.0,0.0,0.0,0.0,0.0,0,0,0,0
44,Lamare,Bogarde,Bogarde,a,,,4.0,686,179.0,0.5,246,94.0,0.3,327.0,121.0,0,0,0.0,0,0.0,29,18,0.1,5.5,0.3,0.3,1.3,404.0,147.0,100.0,100.0,361.0,138.0,330.0,112.0,381.0,138.0,378.0,135.0,,,,,,,,0.0,0.02,0.02,1.47,0.0,0.18,1.25,0.89,5.0,23,0,0,0,0,0,0,0,0,0,0,0,0,0,0,0,229,258,0.0,0.0,0.0,0.0,0.0,0.0,0.0,0.0,0.0,0,0,0,0
45,Lino,da Cruz Sousa,Sousa,a,,,3.8,787,248.0,0.3,320,118.0,0.0,418.0,159.0,0,0,0.0,-2,2.0,32,2,0.0,0.0,0.0,0.0,0.0,502.0,182.0,,,492.0,182.0,483.0,182.0,444.0,171.0,495.0,182.0,,,,,,,,0.0,0.0,0.0,0.0,0.0,0.0,0.0,0.0,0.0,23,0,0,0,0,0,0,0,0,0,0,0,0,0,0,0,282,73,0.0,0.0,0.0,0.0,0.0,0.0,0.0,0.0,0.0,0,0,0,0
46,Yasin,Özcan,Yasin,u,has joined Anderlecht on loan for the rest of the season.,,4.0,702,192.0,0.1,450,165.0,0.0,515.0,208.0,0,0,0.0,0,0.0,0,2,0.0,0.0,0.0,0.0,0.0,596.0,228.0,0.0,0.0,585.0,227.0,580.0,228.0,546.0,222.0,588.0,227.0,,,,,,,,0.0,0.0,0.0,0.0,0.0,0.0,0.0,0.0,0.0,23,0,0,0,0,0,0,0,0,0,0,0,0,0,0,0,0,15,0.0,0.0,0.0,0.0,0.0,0.0,0.0,0.0,0.0,0,0,0,0
47,Morgan,Rogers,Rogers,a,,,7.7,18,13.0,31.1,9,3.0,2.0,189.0,79.0,0,0,0.0,7,-7.0,1764,2528,0.3,13.4,2.0,2.0,4.7,28.0,13.0,100.0,100.0,39.0,9.0,33.0,32.0,14.0,7.0,11.0,9.0,,,,,,,,0.19,0.11,0.3,1.41,0.0,0.28,1.15,1.01,5.79,23,0,0,0,0,0,0,0,0,0,0,0,0,0,0,0,19786,57683,0.0,0.0,0.0,0.0,0.0,0.0,0.0,0.0,0.0,0,0,0,0
48,Youri,Tielemans,Tielemans,a,,,5.9,94,59.0,1.1,177,61.0,3.5,64.0,28.0,0,0,0.0,-1,1.0,135,81,0.6,8.3,3.5,3.5,3.1,176.0,75.0,100.0,100.0,146.0,53.0,40.0,37.0,134.0,78.0,82.0,51.0,3.0,,,,,,,0.07,0.16,0.23,1.55,0.0,0.22,1.25,1.03,9.35,23,0,0,0,0,0,0,0,0,0,0,0,0,0,0,0,1228,1552,0.0,0.0,0.0,0.0,0.0,0.0,0.0,0.0,0.0,0,0,0,0
49,Leon,Bailey,Bailey,a,,,5.5,141,89.0,0.1,513,183.0,0.0,774.0,343.0,0,0,0.0,0,0.0,19,2,0.0,0.0,0.0,0.0,0.0,788.0,351.0,100.0,100.0,788.0,351.0,787.0,351.0,784.0,350.0,788.0,351.0,,,,,,,,0.0,0.0,0.0,0.0,0.0,0.0,0.0,0.0,0.0,23,0,0,0,0,0,0,0,0,0,0,0,0,0,0,0,119,8,0.0,0.0,0.0,0.0,0.0,0.0,0.0,0.0,0.0,0,0,0,0
50,Emiliano,Buendía Stati,Buendía,a,,,5.3,187,116.0,0.3,297,99.0,1.7,210.0,88.0,0,0,0.0,-2,2.0,81,38,0.3,11.3,1.7,1.7,3.0,191.0,82.0,100.0,100.0,173.0,69.0,96.0,71.0,101.0,60.0,114.0,61.0,,6.0,2.0,,,,,0.21,0.12,0.33,1.41,0.0,0.21,0.94,1.04,10.34,23,0,0,0,0,0,0,0,0,0,0,0,0,0,0,0,662,798,0.0,0.0,0.0,0.0,0.0,0.0,0.0,0.0,0.0,0,0,0,0
51,Samuel,Iling-Junior,Iling Jr,u,has joined West Bromwich Albion on loan for the rest of the season,,5.5,151,96.0,0.0,671,277.0,0.0,776.0,345.0,0,0,0.0,0,0.0,0,0,0.0,0.0,0.0,0.0,0.0,789.0,352.0,0.0,0.0,789.0,352.0,788.0,352.0,785.0,351.0,789.0,352.0,,,,,,,,0.0,0.0,0.0,0.0,0.0,0.0,0.0,0.0,0.0,23,0,0,0,0,0,0,0,0,0,0,0,0,0,0,0,0,0,0.0,0.0,0.0,0.0,0.0,0.0,0.0,0.0,0.0,0,0,0,0
53,Donyell,Malen,Malen,u,has joined Roma on loan for the rest of the season.,,5.1,227,140.0,0.5,251,84.0,1.2,250.0,108.0,0,0,0.0,-4,4.0,0,128,0.2,10.8,0.0,0.0,2.6,240.0,104.0,0.0,0.0,229.0,98.0,214.0,134.0,55.0,34.0,155.0,87.0,,,1.0,,,,,0.57,0.05,0.62,1.49,0.0,0.14,1.41,0.7,2.25,23,0,0,0,0,0,0,0,0,0,0,0,0,0,0,0,0,1501,0.0,0.0,0.0,0.0,0.0,0.0,0.0,0.0,0.0,0,0,0,0
54,John,McGinn,McGinn,i,Knee injury - Unknown return date,,5.4,159,99.0,0.9,189,64.0,3.5,63.0,27.0,0,0,0.0,-1,1.0,3,816,0.6,13.1,0.0,0.0,3.2,158.0,67.0,0.0,0.0,119.0,42.0,32.0,31.0,98.0,58.0,58.0,39.0,4.0,,,,,,,0.14,0.11,0.25,1.5,0.0,0.4,1.19,1.19,7.13,23,0,0,0,0,0,0,0,0,0,0,0,0,0,0,0,29,8252,0.0,0.0,0.0,0.0,0.0,0.0,0.0,0.0,0.0,0,0,0,0
55,Ross,Barkley,Barkley,i,Knee injury - Expected back 07 Feb,,4.8,347,218.0,0.0,619,242.0,0.0,688.0,281.0,0,0,0.0,-2,2.0,1,1,0.0,3.1,0.0,0.0,2.1,308.0,135.0,0.0,0.0,380.0,167.0,341.0,180.0,282.0,150.0,366.0,172.0,,,,,,,,0.34,0.13,0.47,1.11,0.0,0.0,0.0,0.0,11.84,23,0,0,0,0,0,0,0,0,0,0,0,0,0,0,0,4,9,0.0,0.0,0.0,0.0,0.0,0.0,0.0,0.0,0.0,0,0,0,0
56,Enzo,Barrenechea,Barrenechea,u,Season-long loan to Benfica,,5.0,264,161.0,0.0,800,359.0,0.0,734.0,314.0,0,0,0.0,0,0.0,0,0,0.0,0.0,0.0,0.0,0.0,766.0,335.0,0.0,0.0,766.0,335.0,764.0,335.0,757.0,333.0,766.0,335.0,,,,,,,,0.0,0.0,0.0,0.0,0.0,0.0,0.0,0.0,0.0,23,0,0,0,0,0,0,0,0,0,0,0,0,0,0,0,0,0,0.0,0.0,0.0,0.0,0.0,0.0,0.0,0.0,0.0,0,0,0,0
57,Lewis,Dobbin,Dobbin,u,Has joined Preston North End on loan for the rest of the season.,,5.0,258,158.0,0.0,653,267.0,0.0,730.0,311.0,0,0,0.0,0,0.0,0,0,0.0,0.0,0.0,0.0,0.0,762.0,332.0,0.0,0.0,762.0,332.0,759.0,332.0,753.0,330.0,762.0,332.0,,,,,,,,0.0,0.0,0.0,0.0,0.0,0.0,0.0,0.0,0.0,23,0,0,0,0,0,0,0,0,0,0,0,0,0,0,0,0,0,0.0,0.0,0.0,0.0,0.0,0.0,0.0,0.0,0.0,0,0,0,0
58,Boubacar,Kamara,Kamara,i,Knee injury - Unknown return date,,4.9,311,193.0,0.3,303,102.0,1.3,236.0,100.0,0,0,0.0,-1,1.0,1,100,0.3,12.4,0.0,0.0,3.4,130.0,56.0,0.0,0.0,110.0,38.0,87.0,65.0,247.0,136.0,126.0,66.0,,,,,,,,0.03,0.05,0.08,1.33,0.0,0.32,0.96,1.09,9.51,23,0,0,0,0,0,0,0,0,0,0,0,0,0,0,0,9,1651,0.0,0.0,0.0,0.0,0.0,0.0,0.0,0.0,0.0,0,0,0,0
59,Amadou,Onana,Onana,a,,,4.8,364,228.0,0.6,231,80.0,0.3,340.0,151.0,0,0,0.0,-2,2.0,35,16,0.1,9.6,0.3,0.3,3.3,143.0,62.0,100.0,100.0,178.0,73.0,287.0,166.0,259.0,141.0,256.0,125.0,,,,,,,,0.04,0.02,0.06,1.43,0.0,0.3,1.12,1.12,11.99,23,0,0,0,0,0,0,0,0,0,0,0,0,0,0,0,357,302,0.0,0.0,0.0,0.0,0.0,0.0,0.0,0.0,0.0,0,0,0,0
60,Ben,Broggio,Broggio,a,,,4.4,552,331.0,0.3,321,107.0,0.0,598.0,214.0,0,0,0.0,-1,1.0,6,6,0.0,0.0,0.0,0.0,0.0,659.0,255.0,,,652.0,249.0,649.0,253.0,625.0,243.0,655.0,251.0,,,,,,,,0.0,0.0,0.0,0.0,0.0,0.0,0.0,0.0,0.0,23,0,0,0,0,0,0,0,0,0,0,0,0,0,0,0,37,72,0.0,0.0,0.0,0.0,0.0,0.0,0.0,0.0,0.0,0,0,0,0
61,Leander,Dendoncker,Dendoncker,u,Has joined Real Oviedo permanently.,,4.5,404,247.0,0.1,516,184.0,0.0,607.0,219.0,0,0,0.0,0,0.0,0,0,0.0,0.0,0.0,0.0,0.0,667.0,259.0,0.0,0.0,661.0,254.0,657.0,257.0,634.0,248.0,664.0,256.0,,,,,,,,0.0,0.0,0.0,0.0,0.0,0.0,0.0,0.0,0.0,23,0,0,0,0,0,0,0,0,0,0,0,0,0,0,0,0,5,0.0,0.0,0.0,0.0,0.0,0.0,0.0,0.0,0.0,0,0,0,0
62,Jamaldeen,Jimoh-Aloba,Jimoh-Aloba,a,,,4.5,465,284.0,0.1,529,188.0,0.2,374.0,167.0,0,0,0.0,0,0.0,3,0,0.0,0.2,0.2,0.2,1.0,453.0,207.0,,,479.0,221.0,460.0,225.0,676.0,280.0,482.0,223.0,,,,,,,,0.0,0.0,0.0,6.86,0.0,0.0,0.0,0.0,11.25,23,0,0,0,0,0,0,0,0,0,0,0,0,0,0,0,47,29,0.0,0.0,0.0,0.0,0.0,0.0,0.0,0.0,0.0,0,0,0,0
63,Kadan,Young,Young,a,,,4.3,600,348.0,0.6,228,79.0,0.0,564.0,195.0,0,0,0.0,-2,2.0,55,28,0.0,0.0,0.0,0.0,0.0,630.0,237.0,,,620.0,228.0,618.0,233.0,590.0,221.0,623.0,230.0,,,,,,,,0.0,0.0,0.0,0.0,0.0,0.0,0.0,0.0,0.0,23,0,0,0,0,0,0,0,0,0,0,0,0,0,0,0,479,363,0.0,0.0,0.0,0.0,0.0,0.0,0.0,0.0,0.0,0,0,0,0
64,Ollie,Watkins,Watkins,a,,,8.8,8,4.0,12.9,33,7.0,4.7,18.0,3.0,0,0,0.0,-2,2.0,861,1343,0.5,9.4,4.7,4.7,3.8,93.0,8.0,100.0,100.0,111.0,10.0,142.0,9.0,5.0,4.0,33.0,7.0,,,3.0,,,,,0.48,0.05,0.53,1.4,0.0,0.33,1.2,1.04,3.16,23,0,0,0,0,0,0,0,0,0,0,0,0,0,0,0,6893,34323,0.0,0.0,0.0,0.0,0.0,0.0,0.0,0.0,0.0,0,0,0,0
65,Zépiqueno,Redmond,Redmond,u,has joined Huddersfield Town on loan for the rest of the season.,,4.5,476,65.0,0.3,312,52.0,0.0,655.0,66.0,0,0,0.0,0,0.0,0,6,0.0,0.0,0.0,0.0,0.0,709.0,75.0,0.0,0.0,707.0,75.0,703.0,74.0,686.0,74.0,708.0,75.0,,,,,,,,0.0,0.0,0.0,0.0,0.0,0.0,0.0,0.0,0.0,23,0,0,0,0,0,0,0,0,0,0,0,0,0,0,0,0,27,0.0,0.0,0.0,0.0,0.0,0.0,0.0,0.0,0.0,0,0,0,0
389,Harvey,Elliott,Elliott,a,,,5.1,233,144.0,0.2,393,133.0,0.0,747.0,325.0,0,0,0.0,-4,4.0,11,1,0.0,0.8,0.0,0.0,1.0,472.0,223.0,100.0,100.0,440.0,200.0,378.0,190.0,362.0,185.0,429.0,193.0,,,,,,,,0.18,0.06,0.24,1.61,0.0,0.0,1.86,0.93,4.64,23,0,0,0,0,0,0,0,0,0,0,0,0,0,0,0,51,43,0.0,0.0,0.0,0.0,0.0,0.0,0.0,0.0,0.0,0,0,0,0
456,Jadon,Sancho,Sancho,a,,,5.8,105,68.0,0.2,368,124.0,1.2,255.0,111.0,0,0,0.0,-2,2.0,38,9,0.2,2.4,1.2,1.2,1.3,415.0,188.0,100.0,100.0,397.0,174.0,235.0,143.0,200.0,111.0,320.0,155.0,,,,,,,,0.11,0.18,0.29,1.22,0.0,0.3,0.6,0.6,4.77,23,0,0,0,0,0,0,0,0,0,0,0,0,0,0,0,263,120,0.0,0.0,0.0,0.0,0.0,0.0,0.0,0.0,0.0,0,0,0,0
677,Evann,Guessand,Guessand,a,,,6.2,77,50.0,0.0,621,244.0,0.3,347.0,154.0,0,0,0.0,-3,3.0,3,3,0.0,4.0,0.3,0.3,1.9,338.0,146.0,100.0,100.0,329.0,143.0,303.0,171.0,149.0,88.0,298.0,145.0,,,,,,,,0.18,0.06,0.24,1.36,0.0,0.15,1.54,0.93,8.49,23,0,0,0,0,0,0,0,0,0,0,0,0,0,0,0,32,19,0.0,0.0,0.0,0.0,0.0,0.0,0.0,0.0,0.0,0,0,0,0
688,James,Wright,Wright,a,,,3.9,749,80.0,0.6,230,31.0,0.0,449.0,44.0,0,0,0.0,-1,1.0,8,20,0.0,0.0,0.0,0.0,0.0,531.0,49.0,,,521.0,49.0,514.0,36.0,477.0,21.0,524.0,49.0,,,,,,,,0.0,0.0,0.0,0.0,0.0,0.0,0.0,0.0,0.0,23,0,0,0,0,0,0,0,0,0,0,0,0,0,0,0,88,157,0.0,0.0,0.0,0.0,0.0,0.0,0.0,0.0,0.0,0,0,0,0
701,Triston,Rowe,Rowe,u,has joined Annecy on loan for the rest of the season.,,4.0,698,188.0,0.1,521,188.0,0.0,512.0,205.0,0,0,0.0,0,0.0,0,0,0.0,0.0,0.0,0.0,0.0,593.0,225.0,0.0,0.0,582.0,224.0,577.0,225.0,543.0,219.0,585.0,224.0,,,,,,,,0.0,0.0,0.0,0.0,0.0,0.0,0.0,0.0,0.0,23,0,0,0,0,0,0,0,0,0,0,0,0,0,0,0,0,5,0.0,0.0,0.0,0.0,0.0,0.0,0.0,0.0,0.0,0,0,0,0
702,Bradley,Burrowes,Burrowes,a,,,4.4,560,336.0,0.1,527,187.0,0.0,603.0,217.0,0,0,0.0,-1,1.0,1,2,0.0,0.2,0.0,0.0,1.0,448.0,203.0,,,657.0,252.0,458.0,224.0,630.0,246.0,660.0,254.0,,,,,,,,0.0,0.0,0.0,5.06,0.0,0.0,5.62,0.0,5.62,23,0,0,0,0,0,0,0,0,0,0,0,0,0,0,0,14,20,0.0,0.0,0.0,0.0,0.0,0.0,0.0,0.0,0.0,0,0,0,0
703,Sam,Proctor,Proctor,a,,,3.9,760,88.0,0.6,229,30.0,0.0,460.0,52.0,0,0,0.0,-1,1.0,18,21,0.0,0.0,0.0,0.0,0.0,542.0,57.0,,,532.0,57.0,525.0,44.0,488.0,29.0,535.0,57.0,,,,,,,,0.0,0.0,0.0,0.0,0.0,0.0,0.0,0.0,0.0,23,0,0,0,0,0,0,0,0,0,0,0,0,0,0,0,217,246,0.0,0.0,0.0,0.0,0.0,0.0,0.0,0.0,0.0,0,0,0,0
710,Travis,Patterson,Patterson,a,,,3.9,757,223.0,0.2,367,133.0,0.0,457.0,175.0,0,0,0.0,-1,1.0,1,4,0.0,0.0,0.0,0.0,0.0,539.0,196.0,,,529.0,196.0,522.0,197.0,485.0,188.0,532.0,196.0,,,,,,,,0.0,0.0,0.0,0.0,0.0,0.0,0.0,0.0,0.0,23,0,0,0,0,0,0,0,0,0,0,0,0,0,0,0,20,55,0.0,0.0,0.0,0.0,0.0,0.0,0.0,0.0,0.0,0,0,0,0
719,Victor,Lindelöf,Lindelöf,a,,,4.5,408,76.0,0.1,459,169.0,1.7,203.0,75.0,0,0,0.0,0,0.0,20,10,0.4,4.4,1.7,1.7,2.0,320.0,123.0,100.0,100.0,286.0,109.0,357.0,127.0,386.0,143.0,359.0,128.0,,,,,,,,0.0,0.01,0.01,1.69,0.0,0.16,1.43,0.96,5.42,23,0,0,0,0,0,0,0,0,0,0,0,0,0,0,0,126,233,0.0,0.0,0.0,0.0,0.0,0.0,0.0,0.0,0.0,0,0,0,0
754,George,Hemmings,George Hemmings,a,,,4.5,477,292.0,0.0,749,323.0,0.3,338.0,150.0,0,0,0.0,0,0.0,3,1,0.1,0.4,0.3,0.3,1.0,456.0,210.0,,,708.0,291.0,436.0,212.0,424.0,211.0,476.0,220.0,,,,,,,,0.14,0.04,0.18,2.2,0.0,0.0,0.0,0.0,3.6,23,0,0,0,0,0,0,0,0,0,0,0,0,0,0,0,9,4,0.0,0.0,0.0,0.0,0.0,0.0,0.0,0.0,0.0,0,0,0,0
757,Ronnie,Hollingshead,Hollingshead,a,,,4.0,688,59.0,0.0,716,82.0,0.0,502.0,72.0,0,0,0.0,0,0.0,0,1,0.0,0.0,0.0,0.0,0.0,584.0,77.0,,,573.0,77.0,568.0,66.0,533.0,51.0,576.0,77.0,,,,,,,,0.0,0.0,0.0,0.0,0.0,0.0,0.0,0.0,0.0,23,0,0,0,0,0,0,0,0,0,0,0,0,0,0,0,8,9,0.0,0.0,0.0,0.0,0.0,0.0,0.0,0.0,0.0,0,0,0,0
768,Leon,Routh,Leon Routh,a,,,4.0,719,208.0,0.0,730,249.0,0.0,529.0,221.0,0,0,0.0,0,0.0,0,0,0.0,0.0,0.0,0.0,0.0,610.0,241.0,,,599.0,240.0,594.0,241.0,561.0,236.0,603.0,241.0,,,,,,,,0.0,0.0,0.0,0.0,0.0,0.0,0.0,0.0,0.0,23,0,0,0,0,0,0,0,0,0,0,0,0,0,0,0,6,4,0.0,0.0,0.0,0.0,0.0,0.0,0.0,0.0,0.0,0,0,0,0
781,TJ,Carroll,Carroll,a,,,4.0,713,202.0,0.0,756,257.0,0.0,524.0,216.0,0,0,0.0,0,0.0,0,0,0.0,0.0,0.0,0.0,0.0,605.0,236.0,,,594.0,235.0,589.0,236.0,555.0,230.0,597.0,235.0,,,,,,,,0.0,0.0,0.0,0.0,0.0,0.0,0.0,0.0,0.0,23,0,0,0,0,0,0,0,0,0,0,0,0,0,0,0,14,4,0.0,0.0,0.0,0.0,0.0,0.0,0.0,0.0,0.0,0,0,0,0
792,Alysson Edward Franco,da Rocha dos Santos,Alysson,d,Knock - 25% chance of playing,,5.0,281,174.0,0.0,792,352.0,0.0,743.0,321.0,0,0,0.0,0,0.0,1,1,0.0,0.0,0.0,0.0,0.0,774.0,341.0,25.0,25.0,774.0,341.0,772.0,341.0,766.0,339.0,774.0,341.0,,,,,,,,0.0,0.0,0.0,0.0,0.0,0.0,0.0,0.0,0.0,23,0,0,0,0,0,0,0,0,0,0,0,0,0,0,0,1,2,0.0,0.0,0.0,0.0,0.0,0.0,0.0,0.0,0.0,0,0,0,0
183,Max,Weiß,Weiss,a,,,4.3,597,30.0,0.1,448,69.0,0.0,562.0,83.0,0,0,0.0,-2,2.0,3,2,0.0,0.0,0.0,0.0,0.0,628.0,86.0,,,618.0,86.0,616.0,79.0,588.0,66.0,621.0,86.0,,,,,,,,0.0,0.0,0.0,0.0,0.0,0.0,0.0,0.0,0.0,23,0,0,0,0,0,0,0,0,0,0,0,0,0,0,0,51,48,0.0,0.0,0.0,0.0,0.0,0.0,0.0,0.0,0.0,0,0,0,0
184,Etienne,Green,Green,u,has joined FC Fredericia permanently.,,4.0,677,56.0,0.2,389,57.0,0.0,492.0,69.0,0,0,0.0,0,0.0,0,0,0.0,0.0,0.0,0.0,0.0,575.0,74.0,0.0,0.0,564.0,74.0,559.0,63.0,524.0,48.0,567.0,74.0,,,,,,,,0.0,0.0,0.0,0.0,0.0,0.0,0.0,0.0,0.0,23,0,0,0,0,0,0,0,0,0,0,0,0,0,0,0,0,31,0.0,0.0,0.0,0.0,0.0,0.0,0.0,0.0,0.0,0,0,0,0
185,Václav,Hladký,Hladký,a,,,3.9,721,64.0,0.2,391,58.0,0.0,430.0,29.0,0,0,0.0,-1,1.0,2,2,0.0,0.0,0.0,0.0,0.0,513.0,34.0,,,503.0,34.0,495.0,20.0,457.0,5.0,506.0,34.0,,,,,,,,0.0,0.0,0.0,0.0,0.0,0.0,0.0,0.0,0.0,23,0,0,0,0,0,0,0,0,0,0,0,0,0,0,0,63,127,0.0,0.0,0.0,0.0,0.0,0.0,0.0,0.0,0.0,0,0,0,0
186,Connor,Roberts,Roberts,i,Achilles injury - Unknown return date,,4.4,517,104.0,0.0,642,224.0,0.0,579.0,236.0,0,0,0.0,-1,1.0,0,1,0.0,0.0,0.0,0.0,0.0,643.0,247.0,0.0,0.0,633.0,246.0,631.0,247.0,605.0,244.0,636.0,247.0,,,,,,,,0.0,0.0,0.0,0.0,0.0,0.0,0.0,0.0,0.0,23,0,0,0,0,0,0,0,0,0,0,0,0,0,0,0,16,27,0.0,0.0,0.0,0.0,0.0,0.0,0.0,0.0,0.0,0,0,0,0
187,Kyle,Walker,Walker,a,,,4.4,511,99.0,1.1,174,67.0,1.5,219.0,82.0,0,0,0.0,-1,1.0,29,27,0.3,10.2,1.5,1.5,2.1,307.0,116.0,100.0,100.0,128.0,56.0,221.0,63.0,348.0,116.0,224.0,75.0,,,,,,,,0.01,0.03,0.04,2.05,0.0,0.14,1.87,1.01,6.48,23,0,0,0,0,0,0,0,0,0,0,0,0,0,0,0,854,608,0.0,0.0,0.0,0.0,0.0,0.0,0.0,0.0,0.0,0,0,0,0
188,Hannes,Delcroix,Delcroix,u,has joined Lugano permanently.,,3.8,778,239.0,0.2,340,125.0,0.0,411.0,152.0,0,0,0.0,-2,2.0,0,20,0.0,0.0,0.0,0.0,0.0,496.0,176.0,0.0,0.0,486.0,176.0,477.0,176.0,438.0,165.0,489.0,176.0,,,,,,,,0.0,0.0,0.0,0.0,0.0,0.0,0.0,0.0,0.0,23,0,0,0,0,0,0,0,0,0,0,0,0,0,0,0,0,220,0.0,0.0,0.0,0.0,0.0,0.0,0.0,0.0,0.0,0,0,0,0
189,Owen,Dodgson,Dodgson,u,Has joined Stockport County on loan for the rest of the season.,,4.0,669,170.0,0.0,701,242.0,0.0,485.0,189.0,0,0,0.0,0,0.0,0,0,0.0,0.0,0.0,0.0,0.0,568.0,211.0,0.0,0.0,557.0,210.0,552.0,211.0,517.0,204.0,560.0,210.0,,,,,,,,0.0,0.0,0.0,0.0,0.0,0.0,0.0,0.0,0.0,23,0,0,0,0,0,0,0,0,0,0,0,0,0,0,0,0,2,0.0,0.0,0.0,0.0,0.0,0.0,0.0,0.0,0.0,0,0,0,0
190,Hjalmar,Ekdal,Ekdal,a,,,3.9,748,220.0,0.9,194,74.0,2.3,147.0,57.0,0,0,0.0,-1,1.0,9,30,0.6,11.3,2.3,2.3,2.9,195.0,74.0,,,154.0,65.0,325.0,110.0,240.0,67.0,236.0,80.0,,,,,,,,0.02,0.02,0.04,1.74,0.0,0.15,1.83,0.99,10.08,23,0,0,0,0,0,0,0,0,0,0,0,0,0,0,0,145,761,0.0,0.0,0.0,0.0,0.0,0.0,0.0,0.0,0.0,0,0,0,0
191,Maxime,Estève,Estève,a,,,3.9,747,219.0,8.3,49,16.0,0.8,281.0,101.0,0,0,0.0,-1,1.0,74,238,0.2,12.1,0.8,0.8,2.5,246.0,93.0,100.0,100.0,73.0,32.0,270.0,85.0,269.0,76.0,182.0,59.0,,,,,,,,0.02,0.02,0.04,2.2,0.0,0.11,2.13,1.06,10.01,23,0,0,0,0,0,0,0,0,0,0,0,0,0,0,0,1822,4376,0.0,0.0,0.0,0.0,0.0,0.0,0.0,0.0,0.0,0,0,0,0
192,Quilindschy,Hartman,Hartman,a,,,4.0,680,175.0,0.8,206,78.0,0.0,495.0,193.0,0,0,0.0,0,0.0,11,56,0.0,11.5,0.0,0.0,3.1,164.0,65.0,,,125.0,54.0,93.0,22.0,276.0,82.0,143.0,46.0,1.0,,,,,,,0.01,0.1,0.11,2.04,0.0,0.13,1.88,1.01,7.0,23,0,0,0,0,0,0,0,0,0,0,0,0,0,0,0,286,1336,0.0,0.0,0.0,0.0,0.0,0.0,0.0,0.0,0.0,0,0,0,0
193,Bashir,Humphreys,Humphreys,a,,,3.9,742,216.0,0.1,436,160.0,3.7,50.0,20.0,0,0,0.0,-1,1.0,70,11,0.9,5.6,3.7,3.7,3.7,95.0,35.0,100.0,100.0,284.0,108.0,371.0,134.0,353.0,119.0,356.0,127.0,,,,,,,,0.03,0.02,0.05,2.06,0.0,0.21,1.65,0.82,9.89,23,0,0,0,0,0,0,0,0,0,0,0,0,0,0,0,1430,224,0.0,0.0,0.0,0.0,0.0,0.0,0.0,0.0,0.0,0,0,0,0
194,Jordan,Beyer,Jordan,i,Hamstring injury - Unknown return date,,3.9,738,213.0,0.1,545,197.0,0.0,443.0,170.0,0,0,0.0,-1,1.0,0,2,0.0,0.0,0.0,0.0,0.0,525.0,191.0,0.0,0.0,515.0,191.0,508.0,192.0,471.0,183.0,518.0,191.0,,,,,,,,0.0,0.0,0.0,0.0,0.0,0.0,0.0,0.0,0.0,23,0,0,0,0,0,0,0,0,0,0,0,0,0,0,0,14,49,0.0,0.0,0.0,0.0,0.0,0.0,0.0,0.0,0.0,0,0,0,0
195,Lucas,Pires Silva,Lucas Pires,a,,,3.8,796,257.0,0.3,329,122.0,2.2,164.0,61.0,0,0,0.0,-2,2.0,63,13,0.6,3.4,2.2,2.2,1.6,370.0,139.0,100.0,100.0,324.0,125.0,217.0,60.0,288.0,90.0,311.0,105.0,,,,,,,,0.05,0.11,0.16,2.01,0.0,0.15,1.83,1.07,6.09,23,0,0,0,0,0,0,0,0,0,0,0,0,0,0,0,915,310,0.0,0.0,0.0,0.0,0.0,0.0,0.0,0.0,0.0,0,0,0,0
196,Shurandy,Sambo,Sambo,u,Has joined Sparta Rotterdam on loan for the rest of the season.,,4.0,667,168.0,0.0,604,217.0,0.0,484.0,188.0,0,0,0.0,0,0.0,0,0,0.0,0.0,0.0,0.0,0.0,567.0,210.0,0.0,0.0,556.0,209.0,551.0,210.0,516.0,203.0,559.0,209.0,,,,,,,,0.0,0.0,0.0,0.0,0.0,0.0,0.0,0.0,0.0,23,0,0,0,0,0,0,0,0,0,0,0,0,0,0,0,0,5,0.0,0.0,0.0,0.0,0.0,0.0,0.0,0.0,0.0,0,0,0,0
197,Oliver,Sonne,Sonne,a,,,3.8,790,251.0,0.3,326,120.0,0.3,326.0,120.0,0,0,0.0,-2,2.0,3,14,0.1,3.4,0.3,0.3,1.9,325.0,124.0,,,387.0,148.0,377.0,138.0,326.0,105.0,397.0,143.0,,,,,,,,0.3,0.04,0.34,2.08,0.0,0.0,2.2,0.55,3.84,23,0,0,0,0,0,0,0,0,0,0,0,0,0,0,0,45,286,0.0,0.0,0.0,0.0,0.0,0.0,0.0,0.0,0.0,0,0,0,0
198,Axel,Tuanzebe,Tuanzebe,a,,,3.9,732,210.0,1.0,180,71.0,0.7,293.0,107.0,0,0,0.0,-1,1.0,6,21,0.2,5.6,0.7,0.7,2.4,257.0,100.0,100.0,100.0,232.0,94.0,408.0,148.0,467.0,182.0,346.0,121.0,,,,,,,,0.0,0.01,0.01,2.5,0.0,0.11,2.04,1.02,9.61,23,0,0,0,0,0,0,0,0,0,0,0,0,0,0,0,161,274,0.0,0.0,0.0,0.0,0.0,0.0,0.0,0.0,0.0,0,0,0,0
199,Joe,Worrall,Worrall,d,Lack of match fitness - 75% chance of playing,,3.8,773,234.0,0.1,411,150.0,0.0,408.0,149.0,0,0,0.0,-2,2.0,2,8,0.0,1.8,0.0,0.0,1.2,416.0,150.0,75.0,75.0,388.0,149.0,444.0,163.0,416.0,154.0,427.0,156.0,,,,,,,,0.0,0.01,0.01,2.31,0.0,0.0,1.75,0.58,13.44,23,0,0,0,0,0,0,0,0,0,0,0,0,0,0,0,11,96,0.0,0.0,0.0,0.0,0.0,0.0,0.0,0.0,0.0,0,0,0,0
200,Jaidon,Anthony,Anthony,a,,,5.1,232,143.0,1.9,134,45.0,1.8,193.0,81.0,0,0,0.0,-4,4.0,57,85,0.4,13.9,1.8,1.8,3.4,132.0,58.0,100.0,100.0,109.0,37.0,83.0,61.0,53.0,33.0,61.0,41.0,2.0,,,,,,,0.19,0.09,0.28,2.04,0.0,0.2,1.81,1.07,8.32,23,0,0,0,0,0,0,0,0,0,0,0,0,0,0,0,1799,1547,0.0,0.0,0.0,0.0,0.0,0.0,0.0,0.0,0.0,0,0,0,0
201,Manuel,Benson Hedilazio,Benson,u,has joined Swansea City on loan for the rest of the season.,,5.4,162,101.0,0.0,689,292.0,0.0,762.0,334.0,0,0,0.0,-1,1.0,0,0,0.0,0.0,0.0,0.0,0.0,779.0,344.0,0.0,0.0,779.0,344.0,778.0,344.0,774.0,343.0,779.0,344.0,,,,,,,,0.0,0.0,0.0,0.0,0.0,0.0,0.0,0.0,0.0,23,0,0,0,0,0,0,0,0,0,0,0,0,0,0,0,0,0,0.0,0.0,0.0,0.0,0.0,0.0,0.0,0.0,0.0,0,0,0,0
202,Jacob,Bruun Larsen,Bruun Larsen,a,,,5.3,186,115.0,0.0,618,241.0,0.8,288.0,128.0,0,0,0.0,-2,2.0,3,1,0.2,5.8,0.8,0.8,1.7,363.0,159.0,100.0,100.0,308.0,138.0,138.0,98.0,168.0,99.0,234.0,117.0,3.0,1.0,3.0,,,,,0.12,0.11,0.23,2.11,0.0,0.32,2.43,0.95,5.7,23,0,0,0,0,0,0,0,0,0,0,0,0,0,0,0,50,58,0.0,0.0,0.0,0.0,0.0,0.0,0.0,0.0,0.0,0,0,0,0
203,Enock,Agyei,Boateng,a,,,4.7,387,243.0,0.0,590,222.0,0.0,687.0,280.0,0,0,0.0,-3,3.0,2,1,0.0,0.0,0.0,0.0,0.0,736.0,313.0,,,736.0,313.0,731.0,313.0,718.0,309.0,736.0,313.0,,,,,,,,0.0,0.0,0.0,0.0,0.0,0.0,0.0,0.0,0.0,23,0,0,0,0,0,0,0,0,0,0,0,0,0,0,0,21,29,0.0,0.0,0.0,0.0,0.0,0.0,0.0,0.0,0.0,0,0,0,0
204,Darko,Churlinov,Churlinov,u,has joined Kocaelispor  permanently.,,4.9,318,197.0,0.0,704,298.0,0.0,709.0,296.0,0,0,0.0,-1,1.0,0,0,0.0,0.0,0.0,0.0,0.0,748.0,321.0,0.0,0.0,748.0,321.0,744.0,321.0,736.0,319.0,748.0,321.0,,,,,,,,0.0,0.0,0.0,0.0,0.0,0.0,0.0,0.0,0.0,23,0,0,0,0,0,0,0,0,0,0,0,0,0,0,0,0,0,0.0,0.0,0.0,0.0,0.0,0.0,0.0,0.0,0.0,0,0,0,0
205,Josh,Cullen,Cullen,i,Knee injury - Expected back 30 Sep,,5.0,244,150.0,1.0,181,63.0,0.2,391.0,179.0,0,0,0.0,0,0.0,0,89,0.0,14.0,0.0,0.0,3.9,76.0,35.0,0.0,0.0,96.0,32.0,99.0,74.0,210.0,118.0,118.0,64.0,,,,,,,,0.06,0.08,0.14,1.93,0.0,0.18,1.73,1.07,10.29,23,0,0,0,0,0,0,0,0,0,0,0,0,0,0,0,33,1894,0.0,0.0,0.0,0.0,0.0,0.0,0.0,0.0,0.0,0,0,0,0
206,Marcus,Edwards,Edwards,a,,,4.7,377,236.0,0.1,463,158.0,3.3,68.0,31.0,0,0,0.0,-3,3.0,38,7,0.7,6.4,3.3,3.3,2.5,252.0,108.0,,,282.0,127.0,131.0,94.0,165.0,96.0,217.0,109.0,,3.0,,,,,,0.15,0.25,0.4,1.94,0.0,0.18,1.29,0.74,5.17,23,0,0,0,0,0,0,0,0,0,0,0,0,0,0,0,1332,173,0.0,0.0,0.0,0.0,0.0,0.0,0.0,0.0,0.0,0,0,0,0
207,Hannibal,Mejbri,Hannibal,a,,,4.7,384,240.0,0.1,473,162.0,0.2,381.0,172.0,0,0,0.0,-3,3.0,8,6,0.0,4.9,0.2,0.2,1.5,390.0,174.0,100.0,100.0,369.0,164.0,176.0,117.0,315.0,165.0,324.0,158.0,,4.0,,,,,,0.06,0.15,0.21,2.56,0.0,0.2,2.19,0.99,7.35,23,0,0,0,0,0,0,0,0,0,0,0,0,0,0,0,76,37,0.0,0.0,0.0,0.0,0.0,0.0,0.0,0.0,0.0,0,0,0,0
208,Luca,Koleosho,Koleosho,u,has joined Paris FC on loan for the rest of the season.,,5.0,263,160.0,0.0,713,304.0,0.0,733.0,313.0,0,0,0.0,0,0.0,0,0,0.0,0.0,0.0,0.0,0.0,765.0,334.0,0.0,0.0,765.0,334.0,763.0,334.0,756.0,332.0,765.0,334.0,,,,,,,,0.0,0.0,0.0,0.0,0.0,0.0,0.0,0.0,0.0,23,0,0,0,0,0,0,0,0,0,0,0,0,0,0,0,0,1,0.0,0.0,0.0,0.0,0.0,0.0,0.0,0.0,0.0,0,0,0,0
209,Josh,Laurent,Laurent,a,,,4.8,349,220.0,0.0,593,225.0,3.5,58.0,24.0,0,0,0.0,-2,2.0,3,0,0.7,8.8,3.5,3.5,2.2,289.0,125.0,,,198.0,84.0,247.0,150.0,256.0,140.0,259.0,126.0,,,,,,,,0.04,0.02,0.06,2.08,0.0,0.09,2.21,0.94,10.46,23,0,0,0,0,0,0,0,0,0,0,0,0,0,0,0,116,129,0.0,0.0,0.0,0.0,0.0,0.0,0.0,0.0,0.0,0,0,0,0
210,Loum,Tchaouna,Tchaouna,a,,,4.9,331,206.0,0.0,620,243.0,0.7,300.0,135.0,0,0,0.0,-1,1.0,0,3,0.1,6.7,0.7,0.7,1.9,331.0,144.0,,,333.0,147.0,255.0,155.0,206.0,115.0,306.0,148.0,,2.0,,,,,,0.1,0.05,0.15,1.69,0.0,0.24,1.31,1.08,5.38,23,0,0,0,0,0,0,0,0,0,0,0,0,0,0,0,13,30,0.0,0.0,0.0,0.0,0.0,0.0,0.0,0.0,0.0,0,0,0,0
211,Aaron,Ramsey,A.Ramsey,u,has joined Leicester City on loan for the rest of the season.,,4.4,533,318.0,1.5,153,52.0,0.0,585.0,205.0,0,0,0.0,-1,1.0,0,17,0.0,0.0,0.0,0.0,0.0,647.0,247.0,0.0,0.0,637.0,238.0,635.0,243.0,610.0,232.0,640.0,240.0,,,,,,,,0.0,0.0,0.0,0.0,0.0,0.0,0.0,0.0,0.0,23,0,0,0,0,0,0,0,0,0,0,0,0,0,0,0,0,212,0.0,0.0,0.0,0.0,0.0,0.0,0.0,0.0,0.0,0,0,0,0
212,Oluwaseun,Adewumi,Adewumi,u,Has joined Cercle Brugge on loan for the rest of the season.,,4.5,473,289.0,0.0,743,318.0,0.0,654.0,255.0,0,0,0.0,0,0.0,0,0,0.0,0.0,0.0,0.0,0.0,708.0,292.0,0.0,0.0,706.0,290.0,702.0,291.0,684.0,285.0,707.0,291.0,,,,,,,,0.0,0.0,0.0,0.0,0.0,0.0,0.0,0.0,0.0,23,0,0,0,0,0,0,0,0,0,0,0,0,0,0,0,0,2,0.0,0.0,0.0,0.0,0.0,0.0,0.0,0.0,0.0,0,0,0,0
213,Jaydon,Banel,Banel,a,,,4.5,460,281.0,0.0,591,223.0,0.2,373.0,166.0,0,0,0.0,0,0.0,0,0,0.0,0.2,0.2,0.2,1.0,451.0,205.0,,,695.0,283.0,450.0,219.0,672.0,277.0,696.0,284.0,,,,,,,,0.0,0.0,0.0,0.5,0.0,0.0,0.0,0.0,0.0,23,0,0,0,0,0,0,0,0,0,0,0,0,0,0,0,15,67,0.0,0.0,0.0,0.0,0.0,0.0,0.0,0.0,0.0,0,0,0,0
214,Mike,Trésor Ndayishimiye,Trésor,i,Ankle injury - Unknown return date,,4.4,530,317.0,0.1,535,190.0,0.3,335.0,149.0,0,0,0.0,-1,1.0,2,2,0.1,0.9,0.0,0.0,1.0,442.0,197.0,0.0,0.0,476.0,220.0,453.0,221.0,422.0,209.0,475.0,219.0,,,,,,,,0.0,0.0,0.0,2.18,0.0,0.0,4.74,0.0,9.47,23,0,0,0,0,0,0,0,0,0,0,0,0,0,0,0,14,155,0.0,0.0,0.0,0.0,0.0,0.0,0.0,0.0,0.0,0,0,0,0
215,Zian,Flemming,Flemming,d,Lack of match fitness - 75% chance of playing,,5.3,193,44.0,0.3,319,53.0,0.2,395.0,44.0,0,0,0.0,-2,2.0,4,34,0.0,7.9,0.2,0.2,2.8,216.0,21.0,75.0,75.0,203.0,16.0,293.0,30.0,88.0,26.0,198.0,22.0,,,1.0,,,,,0.43,0.02,0.45,1.89,0.0,0.27,1.36,1.09,4.23,23,0,0,0,0,0,0,0,0,0,0,0,0,0,0,0,44,804,0.0,0.0,0.0,0.0,0.0,0.0,0.0,0.0,0.0,0,0,0,0
216,Zeki,Amdouni,Amdouni,i,Knee injury - Expected back 25 Apr,,4.8,366,60.0,0.0,660,82.0,0.0,694.0,71.0,0,0,0.0,-2,2.0,1,0,0.0,0.0,0.0,0.0,0.0,740.0,80.0,0.0,0.0,740.0,80.0,735.0,79.0,725.0,79.0,740.0,80.0,,,,,,,,0.0,0.0,0.0,0.0,0.0,0.0,0.0,0.0,0.0,23,0,0,0,0,0,0,0,0,0,0,0,0,0,0,0,20,12,0.0,0.0,0.0,0.0,0.0,0.0,0.0,0.0,0.0,0,0,0,0
217,Lyle,Foster,Foster,a,,,4.9,321,57.0,0.8,204,33.0,0.2,388.0,43.0,0,0,0.0,-1,1.0,33,30,0.0,7.6,0.2,0.2,2.5,255.0,25.0,100.0,100.0,275.0,25.0,204.0,21.0,162.0,37.0,258.0,30.0,,,,,,,,0.16,0.03,0.19,1.94,0.0,0.3,1.91,1.1,5.22,23,0,0,0,0,0,0,0,0,0,0,0,0,0,0,0,516,428,0.0,0.0,0.0,0.0,0.0,0.0,0.0,0.0,0.0,0,0,0,0
218,Ashley,Barnes,Barnes,a,,,4.2,616,84.0,1.3,160,24.0,0.0,531.0,48.0,0,0,0.0,-3,3.0,102,79,0.0,0.2,0.0,0.0,1.0,435.0,50.0,,,478.0,58.0,456.0,56.0,393.0,54.0,461.0,54.0,,,2.0,,,,,1.1,0.0,1.1,4.1,0.0,0.0,10.0,0.0,10.0,23,0,0,0,0,0,0,0,0,0,0,0,0,0,0,0,1048,1101,0.0,0.0,0.0,0.0,0.0,0.0,0.0,0.0,0.0,0,0,0,0
219,Michael,Obafemi,Obafemi,u,has joined Blackpool on loan for the rest of the season.,,4.4,520,72.0,0.1,455,64.0,0.0,581.0,56.0,0,0,0.0,-1,1.0,0,1,0.0,0.0,0.0,0.0,0.0,644.0,65.0,0.0,0.0,634.0,65.0,632.0,64.0,606.0,64.0,637.0,65.0,,,,,,,,0.0,0.0,0.0,0.0,0.0,0.0,0.0,0.0,0.0,23,0,0,0,0,0,0,0,0,0,0,0,0,0,0,0,0,17,0.0,0.0,0.0,0.0,0.0,0.0,0.0,0.0,0.0,0,0,0,0
470,Martin,Dúbravka,Dúbravka,a,,,4.0,648,41.0,32.9,7,2.0,3.7,51.0,3.0,0,0,0.0,0,0.0,512,540,0.9,17.0,3.7,3.7,3.1,163.0,15.0,100.0,100.0,5.0,1.0,534.0,48.0,498.0,33.0,121.0,1.0,,,,,,,,0.0,0.0,0.0,2.06,3.86,0.14,1.91,1.0,0.0,23,0,0,0,0,0,0,0,0,0,0,0,0,0,0,0,6521,7022,0.0,0.0,0.0,0.0,0.0,0.0,0.0,0.0,0.0,0,0,0,0
676,Lesley,Ugochukwu,Ugochukwu,a,,,5.0,271,166.0,0.1,429,146.0,2.7,119.0,52.0,0,0,0.0,0,0.0,10,5,0.5,13.0,2.7,2.7,3.1,172.0,73.0,100.0,100.0,137.0,49.0,202.0,131.0,118.0,68.0,154.0,86.0,,,,,,,,0.14,0.01,0.15,2.15,0.0,0.2,1.84,1.05,9.16,23,0,0,0,0,0,0,0,0,0,0,0,0,0,0,0,715,312,0.0,0.0,0.0,0.0,0.0,0.0,0.0,0.0,0.0,0,0,0,0
680,Armando,Broja,Broja,a,,,5.2,212,47.0,0.2,349,56.0,2.5,141.0,14.0,0,0,0.0,-3,3.0,30,24,0.5,6.5,2.5,2.5,2.1,310.0,32.0,100.0,100.0,323.0,32.0,294.0,31.0,107.0,28.0,271.0,33.0,,,,,,,,0.25,0.01,0.26,2.42,0.0,0.13,2.96,0.9,5.28,23,0,0,0,0,0,0,0,0,0,0,0,0,0,0,0,763,553,0.0,0.0,0.0,0.0,0.0,0.0,0.0,0.0,0.0,0,0,0,0
722,Florentino Ibrain,Morris Luís,Florentino,a,,,5.0,250,153.0,0.0,595,227.0,2.7,118.0,51.0,0,0,0.0,0,0.0,3,4,0.5,11.4,2.7,2.7,3.2,155.0,65.0,,,134.0,47.0,153.0,104.0,305.0,159.0,190.0,102.0,,,,,,,,0.04,0.02,0.06,2.11,0.0,0.13,1.93,1.03,13.29,23,0,0,0,0,0,0,0,0,0,0,0,0,0,0,0,318,95,0.0,0.0,0.0,0.0,0.0,0.0,0.0,0.0,0.0,0,0,0,0
776,Oliver,Pimlott,Pimlott,a,,,4.5,503,311.0,0.0,788,349.0,0.0,676.0,272.0,0,0,0.0,0,0.0,1,0,0.0,0.0,0.0,0.0,0.0,729.0,308.0,,,729.0,308.0,724.0,308.0,707.0,303.0,729.0,308.0,,,,,,,,0.0,0.0,0.0,0.0,0.0,0.0,0.0,0.0,0.0,23,0,0,0,0,0,0,0,0,0,0,0,0,0,0,0,5,5,0.0,0.0,0.0,0.0,0.0,0.0,0.0,0.0,0.0,0,0,0,0
784,George,Brierley,Brierley,a,,,4.5,509,316.0,0.0,789,350.0,0.0,680.0,276.0,0,0,0.0,0,0.0,0,0,0.0,0.0,0.0,0.0,0.0,733.0,312.0,,,733.0,312.0,728.0,312.0,712.0,308.0,733.0,312.0,,,,,,,,0.0,0.0,0.0,0.0,0.0,0.0,0.0,0.0,0.0,23,0,0,0,0,0,0,0,0,0,0,0,0,0,0,0,7,22,0.0,0.0,0.0,0.0,0.0,0.0,0.0,0.0,0.0,0,0,0,0
66,Norberto,Murara Neto,Neto,u,Has joined Botafogo permanently.,,4.5,400,21.0,0.1,551,77.0,0.0,606.0,86.0,0,0,0.0,0,0.0,0,1,0.0,0.0,0.0,0.0,0.0,666.0,88.0,0.0,0.0,660.0,88.0,656.0,81.0,633.0,69.0,663.0,88.0,,,,,,,,0.0,0.0,0.0,0.0,0.0,0.0,0.0,0.0,0.0,23,0,0,0,0,0,0,0,0,0,0,0,0,0,0,0,0,7,0.0,0.0,0.0,0.0,0.0,0.0,0.0,0.0,0.0,0,0,0,0
67,Đorđe,Petrović,Petrović,a,,,4.5,428,24.0,4.3,82,14.0,0.7,296.0,22.0,0,0,0.0,0,0.0,124,205,0.2,13.1,0.7,0.2,2.7,228.0,21.0,,,37.0,11.0,672.0,84.0,651.0,72.0,204.0,11.0,,,,,,,,0.0,0.0,0.0,1.47,2.86,0.23,1.86,1.0,0.0,23,0,0,0,0,0,0,0,0,0,0,0,0,0,0,0,447,4634,0.0,0.0,0.0,0.0,0.0,0.0,0.0,0.0,0.0,0,0,0,0
68,Will,Dennis,Dennis,i,Ankle injury - Unknown return date,,4.0,666,50.0,0.8,199,26.0,0.0,483.0,63.0,0,0,0.0,0,0.0,4,31,0.0,0.0,0.0,0.0,0.0,566.0,68.0,0.0,0.0,555.0,68.0,550.0,57.0,515.0,42.0,558.0,68.0,,,,,,,,0.0,0.0,0.0,0.0,0.0,0.0,0.0,0.0,0.0,23,0,0,0,0,0,0,0,0,0,0,0,0,0,0,0,19,322,0.0,0.0,0.0,0.0,0.0,0.0,0.0,0.0,0.0,0,0,0,0
69,Callan,McKenna,McKenna,a,,,3.9,762,89.0,0.2,348,50.0,0.0,462.0,53.0,0,0,0.0,-1,1.0,8,2,0.0,0.0,0.0,-0.5,0.0,544.0,58.0,,,534.0,58.0,527.0,45.0,490.0,30.0,537.0,58.0,,,,,,,,0.0,0.0,0.0,0.0,0.0,0.0,0.0,0.0,0.0,23,0,0,0,0,0,0,0,0,0,0,0,0,0,0,0,91,82,0.0,0.0,0.0,0.0,0.0,0.0,0.0,0.0,0.0,0,0,0,0
70,Alex,Paulsen,Paulsen,u,Has joined Lechia Gdansk on loan for the rest of the season.,,4.0,681,57.0,0.1,553,78.0,0.0,496.0,70.0,0,0,0.0,0,0.0,0,0,0.0,0.0,0.0,0.0,0.0,578.0,75.0,0.0,0.0,567.0,75.0,562.0,64.0,527.0,49.0,570.0,75.0,,,,,,,,0.0,0.0,0.0,0.0,0.0,0.0,0.0,0.0,0.0,23,0,0,0,0,0,0,0,0,0,0,0,0,0,0,0,0,8,0.0,0.0,0.0,0.0,0.0,0.0,0.0,0.0,0.0,0,0,0,0
71,Illia,Zabarnyi,Zabarnyi,u,Has joined Paris Saint-Germain permanently.,,5.0,261,42.0,0.0,657,228.0,0.0,732.0,254.0,0,0,0.0,0,0.0,0,0,0.0,0.0,0.0,0.0,0.0,764.0,258.0,0.0,0.0,764.0,258.0,762.0,258.0,755.0,257.0,764.0,258.0,,,,,,,,0.0,0.0,0.0,0.0,0.0,0.0,0.0,0.0,0.0,23,0,0,0,0,0,0,0,0,0,0,0,0,0,0,0,0,0,0.0,0.0,0.0,0.0,0.0,0.0,0.0,0.0,0.0,0,0,0,0
72,Marcos,Senesi Barón,Senesi,a,,,4.8,358,61.0,13.8,27,9.0,2.5,133.0,53.0,0,0,0.0,3,-3.0,1314,453,0.5,19.0,2.5,2.0,4.3,50.0,22.0,100.0,100.0,2.0,1.0,76.0,17.0,205.0,51.0,34.0,1.0,,,,,,,,0.03,0.17,0.2,1.48,0.0,0.24,1.95,1.02,13.05,23,0,0,0,0,0,0,0,0,0,0,0,0,0,0,0,7293,14268,0.0,0.0,0.0,0.0,0.0,0.0,0.0,0.0,0.0,0,0,0,0
73,Adam,Smith,Smith,a,,,4.4,510,98.0,0.2,384,139.0,0.2,363.0,140.0,0,0,0.0,-1,1.0,7,2,0.0,4.5,0.2,-0.3,1.8,341.0,132.0,100.0,100.0,375.0,143.0,352.0,125.0,360.0,125.0,389.0,139.0,,,,,,,,0.0,0.02,0.02,1.7,0.0,0.33,2.16,1.33,4.66,23,0,0,0,0,0,0,0,0,0,0,0,0,0,0,0,49,68,0.0,0.0,0.0,0.0,0.0,0.0,0.0,0.0,0.0,0,0,0,0
74,Adrien,Truffert,Truffert,a,,,4.5,443,91.0,1.7,142,56.0,1.7,206.0,78.0,0,0,0.0,0,0.0,113,96,0.4,15.8,1.7,1.2,3.2,153.0,63.0,,,40.0,18.0,52.0,8.0,226.0,59.0,64.0,11.0,,,,,,,,0.02,0.06,0.08,1.4,0.0,0.23,1.76,1.02,8.27,23,0,0,0,0,0,0,0,0,0,0,0,0,0,0,0,509,2501,0.0,0.0,0.0,0.0,0.0,0.0,0.0,0.0,0.0,0,0,0,0
75,Matai,Akinmboni,Akinmboni,d,Muscle injury - 25% chance of playing,,3.8,791,252.0,0.2,370,135.0,0.0,421.0,162.0,0,0,0.0,-2,2.0,0,4,0.0,0.0,0.0,-0.1,0.0,505.0,185.0,25.0,25.0,495.0,185.0,486.0,185.0,447.0,174.0,498.0,185.0,,,,,,,,0.0,0.0,0.0,0.0,0.0,0.0,0.0,0.0,0.0,23,0,0,0,0,0,0,0,0,0,0,0,0,0,0,0,16,62,0.0,0.0,0.0,0.0,0.0,0.0,0.0,0.0,0.0,0,0,0,0
76,Owen,Bevan,Bevan,a,,,3.8,789,250.0,0.2,392,142.0,0.0,420.0,161.0,0,0,0.0,-2,2.0,16,8,0.0,0.0,0.0,-0.5,0.0,504.0,184.0,,,494.0,184.0,485.0,184.0,446.0,173.0,497.0,184.0,,,,,,,,0.0,0.0,0.0,0.0,0.0,0.0,0.0,0.0,0.0,23,0,0,0,0,0,0,0,0,0,0,0,0,0,0,0,74,69,0.0,0.0,0.0,0.0,0.0,0.0,0.0,0.0,0.0,0,0,0,0
77,James,Hill,Hill,a,,,3.9,744,217.0,0.6,224,83.0,1.8,190.0,70.0,0,0,0.0,-1,1.0,43,11,0.5,7.7,1.8,1.3,2.3,271.0,105.0,,,254.0,102.0,348.0,121.0,285.0,87.0,312.0,106.0,,,,,,,,0.02,0.04,0.06,1.24,0.0,0.27,1.5,0.82,10.6,23,0,0,0,0,0,0,0,0,0,0,0,0,0,0,0,362,279,0.0,0.0,0.0,0.0,0.0,0.0,0.0,0.0,0.0,0,0,0,0
78,Julián,Araujo Zúñiga,J.Araujo,u,has joined Celtic on loan for the rest of the season.,,3.8,780,241.0,0.6,236,88.0,0.0,412.0,153.0,0,0,0.0,-2,2.0,0,21,0.0,0.0,0.0,0.0,0.0,497.0,177.0,0.0,0.0,487.0,177.0,478.0,177.0,439.0,166.0,490.0,177.0,,,,,,,,0.0,0.0,0.0,0.0,0.0,0.0,0.0,0.0,0.0,23,0,0,0,0,0,0,0,0,0,0,0,0,0,0,0,0,407,0.0,0.0,0.0,0.0,0.0,0.0,0.0,0.0,0.0,0,0,0,0
79,Chris,Mepham,Mepham,u,has joined West Bromwich Albion permanently.,,4.0,660,165.0,0.1,526,192.0,0.0,477.0,185.0,0,0,0.0,0,0.0,0,1,0.0,0.0,0.0,0.0,0.0,560.0,207.0,0.0,0.0,549.0,206.0,544.0,207.0,509.0,200.0,552.0,206.0,,,,,,,,0.0,0.0,0.0,0.0,0.0,0.0,0.0,0.0,0.0,23,0,0,0,0,0,0,0,0,0,0,0,0,0,0,0,0,9,0.0,0.0,0.0,0.0,0.0,0.0,0.0,0.0,0.0,0,0,0,0
80,Julio,Soler Barreto,Soler,i,Knock - Unknown return date,,4.0,699,189.0,0.2,352,128.0,0.2,355.0,135.0,0,0,0.0,0,0.0,0,31,0.0,0.8,0.0,0.0,1.0,432.0,160.0,0.0,0.0,467.0,167.0,430.0,157.0,418.0,156.0,464.0,164.0,,,,,,,,0.0,0.0,0.0,4.29,0.0,0.0,5.29,0.0,2.65,23,0,0,0,0,0,0,0,0,0,0,0,0,0,0,0,9,258,0.0,0.0,0.0,0.0,0.0,0.0,0.0,0.0,0.0,0,0,0,0
81,Justin,Kluivert,Kluivert,i,Knee injury - Expected back 09 May,,7.0,39,24.0,0.7,219,75.0,1.8,195.0,83.0,0,0,0.0,0,0.0,4,72,0.3,5.7,0.0,0.0,2.2,302.0,134.0,0.0,0.0,263.0,115.0,56.0,45.0,160.0,94.0,148.0,82.0,4.0,2.0,1.0,,,,,0.22,0.15,0.37,1.65,0.0,0.39,1.77,0.98,6.11,23,0,0,0,0,0,0,0,0,0,0,0,0,0,0,0,10,682,0.0,0.0,0.0,0.0,0.0,0.0,0.0,0.0,0.0,0,0,0,0
84,Marcus,Tavernier,Tavernier,i,Hamstring injury - Unknown return date,,5.5,140,88.0,2.1,124,42.0,3.2,78.0,36.0,0,0,0.0,0,0.0,25,1365,0.6,17.1,0.0,0.0,4.3,52.0,22.0,0.0,0.0,50.0,14.0,21.0,20.0,42.0,26.0,24.0,20.0,2.0,1.0,4.0,,,,,0.26,0.12,0.38,1.4,0.0,0.36,1.84,1.02,8.38,23,0,0,0,0,0,0,0,0,0,0,0,0,0,0,0,218,26032,0.0,0.0,0.0,0.0,0.0,0.0,0.0,0.0,0.0,0,0,0,0
85,Tyler,Adams,Adams,i,Knee injury - Expected back 21 Feb,,4.9,297,185.0,0.3,327,110.0,0.0,702.0,292.0,0,0,0.0,-1,1.0,2,15,0.0,10.2,0.0,0.0,3.3,144.0,63.0,0.0,0.0,164.0,60.0,260.0,156.0,197.0,108.0,211.0,106.0,,,,,,,,0.04,0.02,0.06,1.34,0.0,0.3,1.73,1.13,10.99,23,0,0,0,0,0,0,0,0,0,0,0,0,0,0,0,5,104,0.0,0.0,0.0,0.0,0.0,0.0,0.0,0.0,0.0,0,0,0,0
86,David,Brooks,Brooks,i,Ankle injury - Unknown return date,,5.0,243,149.0,0.2,376,128.0,2.8,101.0,47.0,0,0,0.0,0,0.0,1,43,0.6,8.6,0.0,0.0,2.3,273.0,117.0,0.0,0.0,219.0,93.0,63.0,50.0,31.0,18.0,65.0,43.0,5.0,3.0,,,,,,0.43,0.27,0.7,1.29,0.0,0.39,1.64,1.06,6.95,23,0,0,0,0,0,0,0,0,0,0,0,0,0,0,0,7,501,0.0,0.0,0.0,0.0,0.0,0.0,0.0,0.0,0.0,0,0,0,0
87,Ryan,Christie,Christie,a,,,4.9,290,180.0,0.1,572,212.0,0.2,384.0,175.0,0,0,0.0,-1,1.0,6,1,0.0,3.9,0.2,-0.3,1.6,375.0,166.0,100.0,100.0,337.0,148.0,292.0,167.0,231.0,128.0,323.0,157.0,,,,,,,,0.32,0.05,0.37,1.97,0.0,0.0,2.36,0.3,10.62,23,0,0,0,0,0,0,0,0,0,0,0,0,0,0,0,49,16,0.0,0.0,0.0,0.0,0.0,0.0,0.0,0.0,0.0,0,0,0,0
88,Lewis,Cook,Cook,a,,,4.9,289,179.0,0.0,616,239.0,2.5,135.0,55.0,0,0,0.0,-1,1.0,13,2,0.5,5.3,2.5,2.0,2.2,293.0,128.0,100.0,100.0,262.0,114.0,172.0,115.0,379.0,191.0,291.0,141.0,,,,,,,,0.01,0.04,0.05,1.51,0.0,0.0,2.29,0.76,15.25,23,0,0,0,0,0,0,0,0,0,0,0,0,0,0,0,129,50,0.0,0.0,0.0,0.0,0.0,0.0,0.0,0.0,0.0,0,0,0,0
89,Philip,Billing,Philip,u,Has joined Midtjylland permanently.,,4.9,292,182.0,0.0,661,271.0,0.0,700.0,290.0,0,0,0.0,-1,1.0,0,0,0.0,0.0,0.0,0.0,0.0,743.0,317.0,0.0,0.0,743.0,317.0,739.0,317.0,730.0,315.0,743.0,317.0,,,,,,,,0.0,0.0,0.0,0.0,0.0,0.0,0.0,0.0,0.0,23,0,0,0,0,0,0,0,0,0,0,0,0,0,0,0,0,2,0.0,0.0,0.0,0.0,0.0,0.0,0.0,0.0,0.0,0,0,0,0
90,Alex,Scott,Scott,a,,,5.0,270,165.0,0.2,338,113.0,2.8,103.0,48.0,0,0,0.0,0,0.0,80,15,0.6,13.2,2.8,2.3,3.0,189.0,80.0,100.0,100.0,167.0,63.0,113.0,81.0,146.0,85.0,141.0,78.0,1.0,,,,,,,0.08,0.05,0.13,1.49,0.0,0.3,1.74,1.14,11.66,23,0,0,0,0,0,0,0,0,0,0,0,0,0,0,0,457,264,0.0,0.0,0.0,0.0,0.0,0.0,0.0,0.0,0.0,0,0,0,0
91,Luis,Sinisterra Lucumí,Sinisterra,u,Has joined Cruzeiro on loan for the rest of the season.,,5.0,252,154.0,0.0,718,306.0,0.0,727.0,308.0,0,0,0.0,0,0.0,0,0,0.0,0.0,0.0,0.0,0.0,760.0,330.0,0.0,0.0,760.0,330.0,757.0,330.0,751.0,328.0,760.0,330.0,,,,,,,,0.0,0.0,0.0,0.0,0.0,0.0,0.0,0.0,0.0,23,0,0,0,0,0,0,0,0,0,0,0,0,0,0,0,0,1,0.0,0.0,0.0,0.0,0.0,0.0,0.0,0.0,0.0,0,0,0,0
92,Romain,Faivre,Faivre,a,,,4.5,424,255.0,0.1,538,192.0,0.0,620.0,227.0,0,0,0.0,0,0.0,3,0,0.0,0.0,0.0,-0.5,0.0,677.0,266.0,100.0,100.0,671.0,261.0,669.0,264.0,648.0,256.0,674.0,263.0,,,,,,,,0.0,0.0,0.0,0.0,0.0,0.0,0.0,0.0,0.0,23,0,0,0,0,0,0,0,0,0,0,0,0,0,0,0,27,7,0.0,0.0,0.0,0.0,0.0,0.0,0.0,0.0,0.0,0,0,0,0
93,Hamed,Traorè,H.Traorè,u,has joined Marseille on loan for the rest of the season.,,4.5,419,252.0,0.3,322,108.0,0.0,616.0,224.0,0,0,0.0,0,0.0,0,2,0.0,0.9,0.0,0.0,4.0,69.0,30.0,0.0,0.0,421.0,186.0,401.0,200.0,644.0,253.0,440.0,200.0,,,,,,,,0.0,0.0,0.0,2.25,0.0,0.0,11.25,0.0,22.5,23,0,0,0,0,0,0,0,0,0,0,0,0,0,0,0,0,37,0.0,0.0,0.0,0.0,0.0,0.0,0.0,0.0,0.0,0,0,0,0
94,Dominic,Sadi,Sadi,u,has joined Novi Pazar on loan for the rest of the season.,,4.5,459,280.0,0.0,634,256.0,0.0,643.0,248.0,0,0,0.0,0,0.0,0,1,0.0,0.0,0.0,0.0,0.0,698.0,286.0,0.0,0.0,694.0,282.0,691.0,284.0,671.0,276.0,695.0,283.0,,,,,,,,0.0,0.0,0.0,0.0,0.0,0.0,0.0,0.0,0.0,23,0,0,0,0,0,0,0,0,0,0,0,0,0,0,0,0,7,0.0,0.0,0.0,0.0,0.0,0.0,0.0,0.0,0.0,0,0,0,0
95,Zain,Silcott-Duberry,Silcott-Duberry,u,has joined Olympiakos permanently.,,4.4,543,326.0,0.1,558,203.0,0.0,591.0,211.0,0,0,0.0,-1,1.0,0,1,0.0,0.0,0.0,0.0,0.0,653.0,253.0,0.0,0.0,644.0,245.0,642.0,250.0,617.0,239.0,647.0,247.0,,,,,,,,0.0,0.0,0.0,0.0,0.0,0.0,0.0,0.0,0.0,23,0,0,0,0,0,0,0,0,0,0,0,0,0,0,0,0,17,0.0,0.0,0.0,0.0,0.0,0.0,0.0,0.0,0.0,0,0,0,0
96,Ben,Winterburn,Winterburn,u,has joined Barnet on loan for the rest of the season.,,4.5,489,302.0,0.0,632,254.0,0.0,667.0,265.0,0,0,0.0,0,0.0,0,0,0.0,0.2,0.0,0.0,1.0,457.0,211.0,0.0,0.0,720.0,301.0,715.0,301.0,698.0,296.0,720.0,301.0,,,,,,,,0.0,0.0,0.0,4.65,0.0,0.0,30.0,0.0,0.0,23,0,0,0,0,0,0,0,0,0,0,0,0,0,0,0,0,2,0.0,0.0,0.0,0.0,0.0,0.0,0.0,0.0,0.0,0,0,0,0
97,Francisco Evanilson,de Lima Barbosa,Evanilson,a,,,7.0,40,16.0,1.6,148,23.0,3.0,97.0,10.0,0,0,0.0,0,0.0,493,112,0.4,9.1,3.0,2.5,3.2,161.0,14.0,100.0,100.0,224.0,19.0,106.0,3.0,19.0,11.0,66.0,12.0,,,,,,,,0.34,0.05,0.39,1.22,0.0,0.3,1.74,1.02,3.73,23,0,0,0,0,0,0,0,0,0,0,0,0,0,0,0,2315,2621,0.0,0.0,0.0,0.0,0.0,0.0,0.0,0.0,0.0,0,0,0,0
98,Enes,Ünal,Enes Ünal,d,Muscle injury - 75% chance of playing,,5.4,161,39.0,0.0,615,79.0,0.5,322.0,36.0,0,0,0.0,-1,1.0,0,9,0.1,2.4,0.4,0.0,1.4,402.0,45.0,75.0,75.0,398.0,43.0,424.0,53.0,289.0,48.0,399.0,48.0,,,,,,,,0.78,0.04,0.82,1.53,0.0,0.0,1.62,0.0,4.05,23,0,0,0,0,0,0,0,0,0,0,0,0,0,0,0,8,72,0.0,0.0,0.0,0.0,0.0,0.0,0.0,0.0,0.0,0,0,0,0
99,Daniel,Adu-Adjei,Adu-Adjei,u,has joined HNK Rijeka permanently.,,4.4,556,79.0,0.1,416,61.0,0.0,601.0,63.0,0,0,0.0,-1,1.0,0,1,0.0,0.0,0.0,0.0,0.0,662.0,72.0,0.0,0.0,655.0,72.0,652.0,71.0,628.0,71.0,658.0,72.0,,,,,,,,0.0,0.0,0.0,0.0,0.0,0.0,0.0,0.0,0.0,23,0,0,0,0,0,0,0,0,0,0,0,0,0,0,0,0,18,0.0,0.0,0.0,0.0,0.0,0.0,0.0,0.0,0.0,0,0,0,0
100,Junior,Kroupi,Kroupi.Jr,a,,,4.6,398,62.0,4.6,78,14.0,2.5,130.0,13.0,0,0,0.0,1,-1.0,2154,250,0.5,12.2,2.5,2.0,3.3,141.0,12.0,,,153.0,13.0,216.0,23.0,61.0,22.0,122.0,16.0,,,,,,,,0.51,0.03,0.54,1.49,0.0,0.42,2.11,1.13,6.62,23,0,0,0,0,0,0,0,0,0,0,0,0,0,0,0,14362,5409,0.0,0.0,0.0,0.0,0.0,0.0,0.0,0.0,0.0,0,0,0,0
391,Ben,Gannon-Doak,Gannon-Doak,i,Hamstring injury - Unknown return date,,4.8,367,230.0,0.0,629,251.0,0.0,695.0,286.0,0,0,0.0,-2,2.0,1,1,0.0,1.5,0.0,0.0,1.8,347.0,149.0,0.0,0.0,422.0,187.0,385.0,192.0,374.0,189.0,425.0,191.0,,,,,,,,0.15,0.15,0.3,4.52,0.0,0.0,1.7,0.0,5.09,23,0,0,0,0,0,0,0,0,0,0,0,0,0,0,0,3,12,0.0,0.0,0.0,0.0,0.0,0.0,0.0,0.0,0.0,0,0,0,0
685,Bafodé,Diakité,Diakité,a,,,4.3,577,131.0,0.3,308,115.0,0.3,329.0,122.0,0,0,0.0,-2,2.0,3,11,0.1,10.5,0.3,-0.2,2.6,235.0,88.0,100.0,100.0,163.0,71.0,304.0,101.0,347.0,115.0,267.0,89.0,,,,,,,,0.0,0.01,0.01,1.57,0.0,0.28,1.91,1.06,8.27,23,0,0,0,0,0,0,0,0,0,0,0,0,0,0,0,34,253,0.0,0.0,0.0,0.0,0.0,0.0,0.0,0.0,0.0,0,0,0,0
687,Remy,Rees-Dottin,Rees-Dottin,a,,,4.4,558,335.0,0.1,441,151.0,0.0,602.0,216.0,0,0,0.0,-1,1.0,0,2,0.0,0.0,0.0,-0.5,0.0,663.0,257.0,,,656.0,251.0,653.0,255.0,629.0,245.0,659.0,253.0,,,,,,,,0.0,0.0,0.0,0.0,0.0,0.0,0.0,0.0,0.0,23,0,0,0,0,0,0,0,0,0,0,0,0,0,0,0,5,27,0.0,0.0,0.0,0.0,0.0,0.0,0.0,0.0,0.0,0,0,0,0
697,Amine,Adli,Adli,a,,,5.4,174,108.0,0.0,592,224.0,1.5,226.0,94.0,0,0,0.0,-1,1.0,34,7,0.3,5.2,1.5,1.0,1.6,377.0,168.0,,,293.0,131.0,229.0,141.0,183.0,104.0,282.0,137.0,,6.0,,,,,,0.18,0.07,0.25,1.56,0.0,0.18,1.78,0.71,11.01,23,0,0,0,0,0,0,0,0,0,0,0,0,0,0,0,186,44,0.0,0.0,0.0,0.0,0.0,0.0,0.0,0.0,0.0,0,0,0,0
713,Álex,Jiménez Sánchez,A.Jimenez,a,,,4.5,461,93.0,0.1,523,189.0,1.5,221.0,84.0,0,0,0.0,0,0.0,7,3,0.3,7.3,1.5,1.0,1.8,344.0,133.0,,,230.0,92.0,189.0,48.0,230.0,61.0,243.0,86.0,,,,,,,,0.03,0.05,0.08,1.7,0.0,0.14,2.03,1.01,5.29,23,0,0,0,0,0,0,0,0,0,0,0,0,0,0,0,87,187,0.0,0.0,0.0,0.0,0.0,0.0,0.0,0.0,0.0,0,0,0,0
721,Veljko,Milosavljevic,Milosavljević,a,,,4.4,559,119.0,0.0,652,227.0,0.3,336.0,125.0,0,0,0.0,-1,1.0,1,0,0.1,4.3,0.3,-0.2,2.7,226.0,86.0,100.0,100.0,318.0,123.0,386.0,142.0,376.0,135.0,374.0,133.0,,,,,,,,0.04,0.05,0.09,1.08,0.0,0.25,1.47,0.98,9.56,23,0,0,0,0,0,0,0,0,0,0,0,0,0,0,0,7,3,0.0,0.0,0.0,0.0,0.0,0.0,0.0,0.0,0.0,0,0,0,0
756,Malcom,DaCosta,DaCosta,a,,,4.5,508,315.0,0.0,736,315.0,0.0,679.0,275.0,0,0,0.0,0,0.0,0,2,0.0,0.0,0.0,-0.5,0.0,732.0,311.0,,,732.0,311.0,727.0,311.0,711.0,307.0,732.0,311.0,,,,,,,,0.0,0.0,0.0,0.0,0.0,0.0,0.0,0.0,0.0,23,0,0,0,0,0,0,0,0,0,0,0,0,0,0,0,7,7,0.0,0.0,0.0,0.0,0.0,0.0,0.0,0.0,0.0,0,0,0,0
782,Fraser,Forster,Forster,a,,,4.0,647,40.0,0.0,722,83.0,0.0,468.0,55.0,0,0,0.0,0,0.0,10,2,0.0,0.0,0.0,-0.5,0.0,550.0,60.0,,,540.0,60.0,533.0,47.0,497.0,32.0,543.0,60.0,,,,,,,,0.0,0.0,0.0,0.0,0.0,0.0,0.0,0.0,0.0,23,0,0,0,0,0,0,0,0,0,0,0,0,0,0,0,42,13,0.0,0.0,0.0,0.0,0.0,0.0,0.0,0.0,0.0,0,0,0,0
799,Charlie,Stevens,Stevens,a,,,4.5,505,312.0,0.0,798,358.0,0.0,677.0,273.0,0,0,0.0,0,0.0,1,0,0.0,0.0,0.0,-0.5,0.0,730.0,309.0,,,730.0,309.0,725.0,309.0,708.0,304.0,730.0,309.0,,,,,,,,0.0,0.0,0.0,0.0,0.0,0.0,0.0,0.0,0.0,23,0,0,0,0,0,0,0,0,0,0,0,0,0,0,0,17,1,0.0,0.0,0.0,0.0,0.0,0.0,0.0,0.0,0.0,0,0,0,0
801,Alex,Tóth,Tóth.A,a,,,5.0,279,173.0,0.0,770,337.0,0.0,741.0,320.0,0,0,0.0,0,0.0,12,1,0.0,0.0,1.8,1.3,0.0,772.0,340.0,,,772.0,340.0,770.0,340.0,764.0,338.0,772.0,340.0,,,,,,,,0.0,0.0,0.0,0.0,0.0,0.0,0.0,0.0,0.0,23,0,0,0,0,0,0,0,0,0,0,0,0,0,0,0,63,4,0.0,0.0,0.0,0.0,0.0,0.0,0.0,0.0,0.0,0,0,0,0
27,Reiss,Nelson,Nelson,a,,,4.8,354,223.0,0.1,476,165.0,0.5,314.0,139.0,0,0,0.0,-2,2.0,1,5,0.1,1.2,0.5,0.5,1.0,462.0,216.0,100.0,100.0,427.0,191.0,425.0,207.0,366.0,186.0,439.0,199.0,,,,,,,,1.1,0.13,1.23,2.18,0.0,0.0,1.8,0.0,30.6,23,0,0,0,0,0,0,0,0,0,0,0,0,0,0,0,18,26,0.0,0.0,0.0,0.0,0.0,0.0,0.0,0.0,0.0,0,0,0,0
83,Dango,Ouattara,O.Dango,a,,,5.8,111,70.0,0.3,298,100.0,0.2,400.0,185.0,0,0,0.0,-2,2.0,28,21,0.0,11.2,0.2,0.2,4.1,66.0,27.0,100.0,100.0,227.0,97.0,220.0,135.0,46.0,28.0,146.0,81.0,2.0,,,,,,,0.3,0.06,0.36,1.2,0.0,0.25,1.26,1.01,8.21,23,0,0,0,0,0,0,0,0,0,0,0,0,0,0,0,877,575,0.0,0.0,0.0,0.0,0.0,0.0,0.0,0.0,0.0,0,0,0,0
101,Caoimhín,Kelleher,Kelleher,a,,,4.6,391,19.0,10.1,43,6.0,4.3,22.0,2.0,0,0,0.0,1,-1.0,706,397,0.9,17.8,4.3,4.3,3.7,99.0,9.0,100.0,100.0,17.0,6.0,374.0,4.0,714.0,75.0,166.0,5.0,,,,,,,,0.0,0.0,0.0,1.38,2.77,0.23,1.36,1.0,0.0,23,0,0,0,0,0,0,0,0,0,0,0,0,0,0,0,10420,4741,0.0,0.0,0.0,0.0,0.0,0.0,0.0,0.0,0.0,0,0,0,0
102,Ellery,Balcombe,Balcombe,a,,,3.9,737,76.0,0.3,333,46.0,0.0,442.0,40.0,0,0,0.0,-1,1.0,4,9,0.0,0.0,0.0,0.0,0.0,524.0,45.0,,,514.0,45.0,507.0,32.0,470.0,17.0,517.0,45.0,,,,,,,,0.0,0.0,0.0,0.0,0.0,0.0,0.0,0.0,0.0,23,0,0,0,0,0,0,0,0,0,0,0,0,0,0,0,47,83,0.0,0.0,0.0,0.0,0.0,0.0,0.0,0.0,0.0,0,0,0,0
103,Matthew,Cox,Cox,u,has joined Shrewsbury Town on loan for the rest of the season.,,3.9,754,84.0,0.2,400,60.0,0.0,454.0,48.0,0,0,0.0,-1,1.0,0,19,0.0,0.0,0.0,0.0,0.0,536.0,53.0,0.0,0.0,526.0,53.0,519.0,40.0,482.0,25.0,529.0,53.0,,,,,,,,0.0,0.0,0.0,0.0,0.0,0.0,0.0,0.0,0.0,23,0,0,0,0,0,0,0,0,0,0,0,0,0,0,0,0,128,0.0,0.0,0.0,0.0,0.0,0.0,0.0,0.0,0.0,0,0,0,0
104,Julian,Eyestone,Eyestone,a,,,3.9,758,86.0,0.1,440,67.0,0.0,458.0,50.0,0,0,0.0,-1,1.0,2,9,0.0,0.0,0.0,0.0,0.0,540.0,55.0,,,530.0,55.0,523.0,42.0,486.0,27.0,533.0,55.0,,,,,,,,0.0,0.0,0.0,0.0,0.0,0.0,0.0,0.0,0.0,23,0,0,0,0,0,0,0,0,0,0,0,0,0,0,0,13,62,0.0,0.0,0.0,0.0,0.0,0.0,0.0,0.0,0.0,0,0,0,0
105,Hákon Rafn,Valdimarsson,Valdimarsson,a,,,3.9,755,85.0,0.6,226,29.0,0.0,455.0,49.0,0,0,0.0,-1,1.0,1,9,0.0,0.0,0.0,0.0,0.0,537.0,54.0,,,527.0,54.0,520.0,41.0,483.0,26.0,530.0,54.0,,,,,,,,0.0,0.0,0.0,0.0,0.0,0.0,0.0,0.0,0.0,23,0,0,0,0,0,0,0,0,0,0,0,0,0,0,0,30,193,0.0,0.0,0.0,0.0,0.0,0.0,0.0,0.0,0.0,0,0,0,0
106,Nathan,Collins,Collins,a,,,5.0,257,41.0,4.1,86,30.0,6.2,4.0,3.0,0,0,0.0,0,0.0,560,431,1.2,18.0,6.2,6.2,4.1,63.0,28.0,,,7.0,3.0,212.0,58.0,74.0,5.0,52.0,7.0,,,,,,,,0.07,0.04,0.11,1.38,0.0,0.24,1.37,0.99,10.62,23,0,0,0,0,0,0,0,0,0,0,0,0,0,0,0,17023,4320,0.0,0.0,0.0,0.0,0.0,0.0,0.0,0.0,0.0,0,0,0,0
107,Keane,Lewis-Potter,Lewis-Potter,a,,,4.9,317,53.0,2.3,119,47.0,2.5,137.0,55.0,0,0,0.0,-1,1.0,62,345,0.5,13.5,2.5,2.5,3.3,147.0,59.0,,,236.0,97.0,159.0,39.0,131.0,23.0,196.0,63.0,,,,,,,,0.13,0.09,0.22,1.6,0.0,0.59,1.48,0.99,3.26,23,0,0,0,0,0,0,0,0,0,0,0,0,0,0,0,1336,5545,0.0,0.0,0.0,0.0,0.0,0.0,0.0,0.0,0.0,0,0,0,0
108,Kristoffer,Ajer,Ajer,a,,,4.4,516,103.0,0.2,371,136.0,3.8,38.0,15.0,0,0,0.0,-1,1.0,18,5,0.9,10.7,3.8,3.8,2.9,196.0,75.0,100.0,100.0,179.0,73.0,349.0,122.0,175.0,35.0,242.0,85.0,,,,,,,,0.05,0.05,0.1,1.41,0.0,0.25,1.44,1.02,10.01,23,0,0,0,0,0,0,0,0,0,0,0,0,0,0,0,510,284,0.0,0.0,0.0,0.0,0.0,0.0,0.0,0.0,0.0,0,0,0,0
109,Rico,Henry,Henry,a,,,4.3,571,127.0,0.2,401,146.0,2.7,113.0,42.0,0,0,0.0,-2,2.0,8,6,0.6,8.1,2.7,2.7,1.9,327.0,126.0,,,348.0,132.0,339.0,117.0,343.0,114.0,369.0,132.0,,,,,,,,0.02,0.03,0.05,1.9,0.0,0.34,1.48,0.79,4.43,23,0,0,0,0,0,0,0,0,0,0,0,0,0,0,0,184,116,0.0,0.0,0.0,0.0,0.0,0.0,0.0,0.0,0.0,0,0,0,0
110,Michael,Kayode,Kayode,a,,,4.5,490,96.0,0.7,212,80.0,2.7,115.0,44.0,0,0,0.0,0,0.0,44,111,0.6,14.2,2.7,2.7,2.9,198.0,77.0,,,81.0,36.0,48.0,6.0,251.0,71.0,84.0,19.0,,,,,,,,0.01,0.1,0.11,1.39,0.0,0.23,1.36,1.03,6.57,23,0,0,0,0,0,0,0,0,0,0,0,0,0,0,0,1117,1062,0.0,0.0,0.0,0.0,0.0,0.0,0.0,0.0,0.0,0,0,0,0
111,Ethan,Pinnock,Pinnock,a,,,4.2,625,148.0,0.1,452,166.0,0.0,534.0,223.0,0,0,0.0,-3,3.0,5,6,0.0,1.0,0.0,0.0,1.3,405.0,148.0,100.0,100.0,364.0,139.0,442.0,162.0,372.0,133.0,407.0,146.0,,,,,,,,0.0,0.02,0.02,1.26,0.0,0.0,1.97,1.18,11.45,23,0,0,0,0,0,0,0,0,0,0,0,0,0,0,0,44,55,0.0,0.0,0.0,0.0,0.0,0.0,0.0,0.0,0.0,0,0,0,0
112,Mads,Roerslev Rasmussen,Roerslev,u,Has joined Southampton permanently.,,4.5,416,82.0,0.0,691,237.0,0.0,614.0,243.0,0,0,0.0,0,0.0,0,1,0.0,0.0,0.0,0.0,0.0,673.0,251.0,0.0,0.0,667.0,250.0,664.0,251.0,642.0,250.0,670.0,251.0,,,,,,,,0.0,0.0,0.0,0.0,0.0,0.0,0.0,0.0,0.0,23,0,0,0,0,0,0,0,0,0,0,0,0,0,0,0,0,2,0.0,0.0,0.0,0.0,0.0,0.0,0.0,0.0,0.0,0,0,0,0
113,Sepp,van den Berg,Van den Berg,a,,,4.5,425,85.0,0.7,209,79.0,0.0,621.0,244.0,0,0,0.0,0,0.0,11,125,0.0,11.6,0.0,0.0,3.1,167.0,68.0,100.0,100.0,98.0,42.0,345.0,120.0,112.0,18.0,164.0,53.0,,,,,,,,0.11,0.01,0.12,1.32,0.0,0.18,1.47,1.0,9.06,23,0,0,0,0,0,0,0,0,0,0,0,0,0,0,0,162,2443,0.0,0.0,0.0,0.0,0.0,0.0,0.0,0.0,0.0,0,0,0,0
114,Benjamin,Arthur,Arthur,a,,,3.9,768,230.0,0.2,361,132.0,0.0,466.0,180.0,0,0,0.0,-1,1.0,4,7,0.0,0.0,0.0,0.0,0.0,548.0,201.0,100.0,100.0,538.0,201.0,531.0,202.0,495.0,194.0,541.0,201.0,,,,,,,,0.0,0.0,0.0,0.0,0.0,0.0,0.0,0.0,0.0,23,0,0,0,0,0,0,0,0,0,0,0,0,0,0,0,41,105,0.0,0.0,0.0,0.0,0.0,0.0,0.0,0.0,0.0,0,0,0,0
115,Benjamin,Fredrick,Fredrick,u,has joined Dender on loan for the rest of the season.,,4.0,710,199.0,0.1,511,183.0,0.0,522.0,214.0,0,0,0.0,0,0.0,0,1,0.0,0.0,0.0,0.0,0.0,603.0,234.0,0.0,0.0,592.0,233.0,587.0,234.0,553.0,228.0,595.0,233.0,,,,,,,,0.0,0.0,0.0,0.0,0.0,0.0,0.0,0.0,0.0,23,0,0,0,0,0,0,0,0,0,0,0,0,0,0,0,0,11,0.0,0.0,0.0,0.0,0.0,0.0,0.0,0.0,0.0,0,0,0,0
116,Aaron,Hickey,Hickey,a,,,4.0,673,171.0,0.5,255,97.0,0.8,282.0,102.0,0,0,0.0,0,0.0,11,27,0.2,7.2,0.8,0.8,2.1,304.0,113.0,100.0,100.0,373.0,142.0,387.0,143.0,303.0,97.0,385.0,138.0,,,,,,,,0.07,0.03,0.1,0.86,0.0,0.35,1.05,1.05,5.6,23,0,0,0,0,0,0,0,0,0,0,0,0,0,0,0,194,476,0.0,0.0,0.0,0.0,0.0,0.0,0.0,0.0,0.0,0,0,0,0
117,Kim,Ji-soo,Ji-soo,u,has joined Kaiserslautern on loan for the rest of the season.,,3.9,763,225.0,0.1,496,178.0,0.0,463.0,177.0,0,0,0.0,-1,1.0,0,1,0.0,0.0,0.0,0.0,0.0,545.0,198.0,0.0,0.0,535.0,198.0,528.0,199.0,491.0,190.0,538.0,198.0,,,,,,,,0.0,0.0,0.0,0.0,0.0,0.0,0.0,0.0,0.0,23,0,0,0,0,0,0,0,0,0,0,0,0,0,0,0,0,15,0.0,0.0,0.0,0.0,0.0,0.0,0.0,0.0,0.0,0,0,0,0
118,Jayden,Meghoma,Meghoma,u,Has joined Rangers on loan for the rest of the season.,,4.0,683,177.0,0.0,598,215.0,0.0,498.0,195.0,0,0,0.0,0,0.0,0,1,0.0,0.0,0.0,0.0,0.0,580.0,216.0,0.0,0.0,569.0,215.0,564.0,216.0,529.0,209.0,572.0,215.0,,,,,,,,0.0,0.0,0.0,0.0,0.0,0.0,0.0,0.0,0.0,23,0,0,0,0,0,0,0,0,0,0,0,0,0,0,0,0,8,0.0,0.0,0.0,0.0,0.0,0.0,0.0,0.0,0.0,0,0,0,0
120,Kevin,Schade,Schade,a,,,7.1,37,22.0,3.3,98,31.0,6.0,5.0,1.0,0,0,0.0,1,-1.0,795,740,0.8,12.1,6.0,6.0,4.1,68.0,29.0,100.0,100.0,49.0,13.0,75.0,58.0,8.0,3.0,16.0,14.0,,,3.0,,,,,0.43,0.08,0.51,1.25,0.0,0.37,1.04,1.04,6.88,23,0,0,0,0,0,0,0,0,0,0,0,0,0,0,0,30482,6412,0.0,0.0,0.0,0.0,0.0,0.0,0.0,0.0,0.0,0,0,0,0
121,Mikkel,Damsgaard,Damsgaard,a,,,5.7,119,75.0,0.5,247,82.0,2.2,172.0,67.0,0,0,0.0,-3,3.0,26,31,0.4,10.5,2.2,2.2,3.2,159.0,68.0,,,135.0,48.0,20.0,19.0,124.0,72.0,56.0,38.0,1.0,3.0,,,,,,0.08,0.26,0.34,1.4,0.0,0.15,1.53,1.02,10.12,23,0,0,0,0,0,0,0,0,0,0,0,0,0,0,0,588,443,0.0,0.0,0.0,0.0,0.0,0.0,0.0,0.0,0.0,0,0,0,0
122,Antoni,Milambo,Milambo,i,Knee injury - Expected back 01 Jun,,5.2,218,136.0,0.0,644,262.0,0.0,750.0,328.0,0,0,0.0,-3,3.0,0,0,0.0,0.2,0.0,0.0,1.0,475.0,225.0,0.0,0.0,457.0,210.0,435.0,211.0,769.0,341.0,465.0,215.0,,,,,,,,0.0,0.02,0.02,2.98,0.0,0.0,6.0,2.0,8.0,23,0,0,0,0,0,0,0,0,0,0,0,0,0,0,0,2,4,0.0,0.0,0.0,0.0,0.0,0.0,0.0,0.0,0.0,0,0,0,0
123,Fábio,Freitas Gouveia Carvalho,Carvalho,i,Knee injury - Expected back 01 Jun,,4.7,381,239.0,0.1,451,154.0,0.0,684.0,279.0,0,0,0.0,-3,3.0,0,3,0.0,2.8,0.0,0.0,2.2,288.0,124.0,0.0,0.0,396.0,173.0,416.0,205.0,311.0,163.0,405.0,184.0,4.0,,4.0,,,,,0.63,0.03,0.66,1.87,0.0,0.0,3.6,0.9,7.2,23,0,0,0,0,0,0,0,0,0,0,0,0,0,0,0,5,36,0.0,0.0,0.0,0.0,0.0,0.0,0.0,0.0,0.0,0,0,0,0
124,Jordan,Henderson,Henderson,d,Ankle injury - 75% chance of playing,,5.0,240,148.0,0.4,276,93.0,0.8,286.0,127.0,0,0,0.0,0,0.0,0,63,0.2,11.6,0.6,0.6,2.9,200.0,87.0,75.0,75.0,165.0,61.0,77.0,59.0,304.0,158.0,149.0,83.0,,,,,,,,0.02,0.13,0.15,1.24,0.0,0.27,1.4,1.0,8.34,23,0,0,0,0,0,0,0,0,0,0,0,0,0,0,0,21,858,0.0,0.0,0.0,0.0,0.0,0.0,0.0,0.0,0.0,0,0,0,0
125,Vitaly,Janelt,Janelt,a,,,4.9,299,186.0,0.3,291,96.0,4.7,15.0,6.0,0,0,0.0,-1,1.0,89,42,1.0,10.8,4.7,4.7,3.1,170.0,71.0,100.0,100.0,182.0,76.0,86.0,64.0,264.0,142.0,168.0,90.0,5.0,,,,,,,0.05,0.18,0.23,1.4,0.0,0.42,0.96,0.85,12.84,23,0,0,0,0,0,0,0,0,0,0,0,0,0,0,0,2074,727,0.0,0.0,0.0,0.0,0.0,0.0,0.0,0.0,0.0,0,0,0,0
126,Mathias,Jensen,Jensen,a,,,4.9,302,188.0,0.1,500,176.0,1.7,207.0,86.0,0,0,0.0,-1,1.0,3,3,0.3,8.8,1.7,1.7,2.1,309.0,136.0,,,245.0,103.0,114.0,82.0,207.0,116.0,202.0,104.0,3.0,,5.0,,,,,0.13,0.22,0.35,1.42,0.0,0.42,1.16,1.05,8.22,23,0,0,0,0,0,0,0,0,0,0,0,0,0,0,0,100,112,0.0,0.0,0.0,0.0,0.0,0.0,0.0,0.0,0.0,0,0,0,0
127,Gustavo,Nunes Fernandes Gomes,Nunes,u,has joined Swansea City on loan for the rest of the season.,,4.9,342,214.0,0.0,679,283.0,0.0,720.0,304.0,0,0,0.0,-1,1.0,0,4,0.0,0.0,0.0,0.0,0.0,756.0,327.0,0.0,0.0,756.0,327.0,752.0,327.0,744.0,325.0,756.0,327.0,,,,,,,,0.0,0.0,0.0,0.0,0.0,0.0,0.0,0.0,0.0,23,0,0,0,0,0,0,0,0,0,0,0,0,0,0,0,0,29,0.0,0.0,0.0,0.0,0.0,0.0,0.0,0.0,0.0,0,0,0,0
128,Frank,Onyeka,Onyeka,a,,,4.8,363,227.0,0.0,594,226.0,0.0,693.0,285.0,0,0,0.0,-2,2.0,1,0,0.0,2.5,0.0,0.0,2.0,321.0,140.0,100.0,100.0,410.0,183.0,388.0,193.0,413.0,205.0,428.0,192.0,,,,,,,,0.0,0.37,0.37,2.07,0.0,0.0,2.05,0.0,10.23,23,0,0,0,0,0,0,0,0,0,0,0,0,0,0,0,20,10,0.0,0.0,0.0,0.0,0.0,0.0,0.0,0.0,0.0,0,0,0,0
129,Yehor,Yarmoliuk,Yarmoliuk,a,,,5.0,272,167.0,0.1,447,152.0,3.8,41.0,17.0,0,0,0.0,0,0.0,30,10,0.8,13.4,3.8,3.8,3.0,190.0,81.0,100.0,100.0,149.0,55.0,124.0,90.0,203.0,114.0,150.0,84.0,,,,,,,,0.06,0.05,0.11,1.4,0.0,0.27,1.41,1.09,11.1,23,0,0,0,0,0,0,0,0,0,0,0,0,0,0,0,523,204,0.0,0.0,0.0,0.0,0.0,0.0,0.0,0.0,0.0,0,0,0,0
130,Romelle,Donovan,Donovan,a,,,4.4,557,334.0,0.1,475,164.0,0.2,369.0,163.0,0,0,0.0,-1,1.0,1,5,0.0,0.2,0.2,0.2,1.0,447.0,202.0,,,460.0,212.0,397.0,198.0,409.0,203.0,448.0,204.0,,,,,,,,4.5,0.9,5.4,0.0,0.0,0.0,0.0,0.0,90.0,23,0,0,0,0,0,0,0,0,0,0,0,0,0,0,0,40,62,0.0,0.0,0.0,0.0,0.0,0.0,0.0,0.0,0.0,0,0,0,0
131,Yunus Emre,Konak,Konak,u,has joined Oxford United on loan for the rest of the season.,,4.3,615,360.0,0.2,377,129.0,0.0,575.0,204.0,0,0,0.0,-2,2.0,0,23,0.0,0.0,0.0,0.0,0.0,640.0,246.0,0.0,0.0,630.0,237.0,628.0,242.0,601.0,231.0,633.0,239.0,,,,,,,,0.0,0.0,0.0,0.0,0.0,0.0,0.0,0.0,0.0,23,0,0,0,0,0,0,0,0,0,0,0,0,0,0,0,0,258,0.0,0.0,0.0,0.0,0.0,0.0,0.0,0.0,0.0,0,0,0,0
132,Paris,Maghoma,Maghoma,a,,,4.5,414,250.0,0.0,643,261.0,0.0,612.0,222.0,0,0,0.0,0,0.0,3,1,0.0,0.0,0.0,0.0,0.0,672.0,262.0,100.0,100.0,666.0,257.0,663.0,260.0,640.0,251.0,669.0,259.0,,,,,,,,0.0,0.0,0.0,0.0,0.0,0.0,0.0,0.0,0.0,23,0,0,0,0,0,0,0,0,0,0,0,0,0,0,0,20,29,0.0,0.0,0.0,0.0,0.0,0.0,0.0,0.0,0.0,0,0,0,0
133,Myles,Peart-Harris,Peart-Harris,u,has joined Oxford United permanently.,,4.4,534,319.0,0.0,617,240.0,0.2,364.0,159.0,0,0,0.0,-1,1.0,0,3,0.0,0.2,0.0,0.0,1.0,443.0,198.0,0.0,0.0,638.0,239.0,636.0,244.0,611.0,233.0,641.0,241.0,,,,,,,,0.0,0.0,0.0,0.0,0.0,0.0,0.0,0.0,0.0,23,0,0,0,0,0,0,0,0,0,0,0,0,0,0,0,0,36,0.0,0.0,0.0,0.0,0.0,0.0,0.0,0.0,0.0,0,0,0,0
134,Ryan,Trevitt,Trevitt,u,Has joined Wigan on loan for the rest of the season,,4.5,482,297.0,0.0,760,330.0,0.0,660.0,260.0,0,0,0.0,0,0.0,0,0,0.0,0.0,0.0,0.0,0.0,714.0,297.0,0.0,0.0,713.0,296.0,708.0,296.0,691.0,291.0,713.0,296.0,,,,,,,,0.0,0.0,0.0,0.0,0.0,0.0,0.0,0.0,0.0,23,0,0,0,0,0,0,0,0,0,0,0,0,0,0,0,0,0,0.0,0.0,0.0,0.0,0.0,0.0,0.0,0.0,0.0,0,0,0,0
136,Igor Thiago,Nascimento Rodrigues,Thiago,a,,,7.2,34,14.0,38.1,3,2.0,6.3,3.0,1.0,0,0,0.0,12,-12.0,2834,1352,0.9,16.9,6.3,6.3,5.5,9.0,2.0,100.0,100.0,3.0,2.0,115.0,5.0,2.0,2.0,3.0,2.0,,,2.0,,,,,0.62,0.04,0.66,1.42,0.0,0.24,1.37,1.03,5.23,23,0,0,0,0,0,0,0,0,0,0,0,0,0,0,0,93007,8802,0.0,0.0,0.0,0.0,0.0,0.0,0.0,0.0,0.0,0,0,0,0
137,Iwan,Morgan,Morgan,u,has joined Shrewsbury on loan for the rest of the season.,,4.4,545,74.0,0.3,300,50.0,0.0,592.0,58.0,0,0,0.0,-1,1.0,0,15,0.0,0.0,0.0,0.0,0.0,654.0,67.0,0.0,0.0,646.0,67.0,643.0,66.0,619.0,66.0,649.0,67.0,,,,,,,,0.0,0.0,0.0,0.0,0.0,0.0,0.0,0.0,0.0,23,0,0,0,0,0,0,0,0,0,0,0,0,0,0,0,0,186,0.0,0.0,0.0,0.0,0.0,0.0,0.0,0.0,0.0,0,0,0,0
748,Josh,Dasilva,Dasilva,i,Knee injury - Expected back 01 Feb,,4.9,295,183.0,0.0,787,348.0,0.0,701.0,291.0,0,0,0.0,-1,1.0,0,0,0.0,0.0,0.0,0.0,0.0,744.0,318.0,0.0,0.0,744.0,318.0,740.0,318.0,731.0,316.0,744.0,318.0,,,,,,,,0.0,0.0,0.0,0.0,0.0,0.0,0.0,0.0,0.0,23,0,0,0,0,0,0,0,0,0,0,0,0,0,0,0,1,4,0.0,0.0,0.0,0.0,0.0,0.0,0.0,0.0,0.0,0,0,0,0
797,Kaye,Furo,Furo,a,,,4.5,483,66.0,0.0,779,88.0,0.0,661.0,67.0,0,0,0.0,0,0.0,5,0,0.0,0.0,0.0,0.0,0.0,715.0,76.0,,,714.0,76.0,709.0,75.0,692.0,75.0,714.0,76.0,,,,,,,,0.0,0.0,0.0,0.0,0.0,0.0,0.0,0.0,0.0,23,0,0,0,0,0,0,0,0,0,0,0,0,0,0,0,33,1,0.0,0.0,0.0,0.0,0.0,0.0,0.0,0.0,0.0,0,0,0,0
138,Jason,Steele,Steele,a,,,4.2,617,31.0,0.2,339,47.0,0.0,532.0,77.0,0,0,0.0,-3,3.0,2,4,0.0,0.0,0.0,0.0,0.0,612.0,82.0,,,601.0,82.0,596.0,71.0,563.0,56.0,605.0,82.0,,,,,,,,0.0,0.0,0.0,0.0,0.0,0.0,0.0,0.0,0.0,23,0,0,0,0,0,0,0,0,0,0,0,0,0,0,0,41,53,0.0,0.0,0.0,0.0,0.0,0.0,0.0,0.0,0.0,0,0,0,0
139,Bart,Verbruggen,Verbruggen,a,,,4.5,437,25.0,5.9,69,11.0,2.3,149.0,16.0,0,0,0.0,0,0.0,271,285,0.5,15.6,2.3,2.3,3.2,152.0,14.0,,,14.0,3.0,402.0,7.0,657.0,73.0,151.0,3.0,,,,,,,,0.0,0.0,0.0,1.45,2.82,0.23,1.32,1.0,0.0,23,0,0,0,0,0,0,0,0,0,0,0,0,0,0,0,3795,4238,0.0,0.0,0.0,0.0,0.0,0.0,0.0,0.0,0.0,0,0,0,0
140,Tom,McGill,McGill,a,,,3.9,733,74.0,0.3,305,40.0,0.0,440.0,38.0,0,0,0.0,-1,1.0,4,7,0.0,0.0,0.0,0.0,0.0,522.0,43.0,,,512.0,43.0,505.0,30.0,468.0,15.0,515.0,43.0,,,,,,,,0.0,0.0,0.0,0.0,0.0,0.0,0.0,0.0,0.0,23,0,0,0,0,0,0,0,0,0,0,0,0,0,0,0,65,68,0.0,0.0,0.0,0.0,0.0,0.0,0.0,0.0,0.0,0,0,0,0
141,Carl,Rushworth,Rushworth,u,Has joined Coventry City on loan for the rest of the season.,,4.0,674,54.0,0.0,782,89.0,0.0,489.0,67.0,0,0,0.0,0,0.0,0,0,0.0,0.0,0.0,0.0,0.0,572.0,72.0,0.0,0.0,561.0,72.0,556.0,61.0,521.0,46.0,564.0,72.0,,,,,,,,0.0,0.0,0.0,0.0,0.0,0.0,0.0,0.0,0.0,23,0,0,0,0,0,0,0,0,0,0,0,0,0,0,0,0,0,0.0,0.0,0.0,0.0,0.0,0.0,0.0,0.0,0.0,0,0,0,0
142,Kjell,Scherpen,Scherpen,u,Has joined Union SG permanently,,4.0,663,48.0,0.0,783,90.0,0.0,480.0,61.0,0,0,0.0,0,0.0,0,0,0.0,0.0,0.0,0.0,0.0,563.0,66.0,0.0,0.0,552.0,66.0,547.0,55.0,512.0,40.0,555.0,66.0,,,,,,,,0.0,0.0,0.0,0.0,0.0,0.0,0.0,0.0,0.0,23,0,0,0,0,0,0,0,0,0,0,0,0,0,0,0,0,0,0.0,0.0,0.0,0.0,0.0,0.0,0.0,0.0,0.0,0,0,0,0
143,Olivier,Boscagli,Boscagli,a,,,4.2,623,146.0,0.1,504,181.0,0.2,358.0,138.0,0,0,0.0,-3,3.0,0,1,0.0,2.4,0.2,0.2,2.5,247.0,94.0,,,390.0,151.0,362.0,130.0,383.0,140.0,408.0,147.0,,,,,,,,0.03,0.11,0.14,1.55,0.0,0.63,0.63,1.26,10.07,23,0,0,0,0,0,0,0,0,0,0,0,0,0,0,0,11,27,0.0,0.0,0.0,0.0,0.0,0.0,0.0,0.0,0.0,0,0,0,0
144,Diego,Coppola,Coppola,a,,,4.2,636,153.0,0.1,568,206.0,0.0,544.0,227.0,0,0,0.0,-3,3.0,0,0,0.0,2.4,0.0,0.0,2.0,317.0,120.0,,,389.0,150.0,427.0,156.0,419.0,157.0,423.0,155.0,,,,,,,,0.0,0.0,0.0,2.11,0.0,0.47,1.4,0.93,8.39,23,0,0,0,0,0,0,0,0,0,0,0,0,0,0,0,10,12,0.0,0.0,0.0,0.0,0.0,0.0,0.0,0.0,0.0,0,0,0,0
145,Maxim,De Cuyper,De Cuyper,a,,,4.3,581,135.0,2.0,130,50.0,0.5,307.0,113.0,0,0,0.0,-2,2.0,16,121,0.1,11.4,0.5,0.5,2.7,225.0,85.0,100.0,100.0,217.0,88.0,61.0,12.0,174.0,34.0,137.0,44.0,3.0,6.0,,,,,,0.12,0.18,0.3,1.73,0.0,0.28,1.48,1.11,3.78,23,0,0,0,0,0,0,0,0,0,0,0,0,0,0,0,241,2707,0.0,0.0,0.0,0.0,0.0,0.0,0.0,0.0,0.0,0,0,0,0
146,Lewis,Dunk,Dunk,a,,,4.5,401,72.0,0.9,191,73.0,2.2,166.0,63.0,0,0,0.0,0,0.0,35,37,0.5,11.1,2.2,2.2,2.4,260.0,103.0,100.0,100.0,66.0,30.0,253.0,73.0,233.0,63.0,157.0,49.0,,1.0,,,,,,0.03,0.01,0.04,1.45,0.0,0.2,1.37,0.98,7.27,23,0,0,0,0,0,0,0,0,0,0,0,0,0,0,0,890,568,0.0,0.0,0.0,0.0,0.0,0.0,0.0,0.0,0.0,0,0,0,0
147,Pervis,Estupiñán Tenorio,Estupiñan,u,Has joined AC Milan permanently,,4.5,411,78.0,0.0,723,247.0,0.0,610.0,240.0,0,0,0.0,0,0.0,0,0,0.0,0.0,0.0,0.0,0.0,670.0,249.0,0.0,0.0,664.0,248.0,661.0,249.0,638.0,247.0,667.0,249.0,,,,,,,,0.0,0.0,0.0,0.0,0.0,0.0,0.0,0.0,0.0,23,0,0,0,0,0,0,0,0,0,0,0,0,0,0,0,0,0,0.0,0.0,0.0,0.0,0.0,0.0,0.0,0.0,0.0,0,0,0,0
148,Ferdi,Kadıoğlu,F.Kadıoğlu,a,,,4.4,522,108.0,0.4,282,107.0,3.0,86.0,31.0,0,0,0.0,-1,1.0,41,23,0.7,13.2,3.0,3.0,2.8,212.0,80.0,,,152.0,64.0,70.0,13.0,151.0,28.0,106.0,33.0,2.0,,,,,,,0.06,0.11,0.17,1.47,0.0,0.27,1.28,0.96,4.95,23,0,0,0,0,0,0,0,0,0,0,0,0,0,0,0,1112,544,0.0,0.0,0.0,0.0,0.0,0.0,0.0,0.0,0.0,0,0,0,0
150,Tariq,Lamptey,Lamptey,u,has joined Fiorentina permanently.,,4.4,524,110.0,0.1,491,177.0,0.0,582.0,238.0,0,0,0.0,-1,1.0,0,0,0.0,0.0,0.0,0.0,0.0,645.0,248.0,0.0,0.0,635.0,247.0,633.0,248.0,607.0,245.0,638.0,248.0,,,,,,,,0.0,0.0,0.0,0.0,0.0,0.0,0.0,0.0,0.0,23,0,0,0,0,0,0,0,0,0,0,0,0,0,0,0,0,8,0.0,0.0,0.0,0.0,0.0,0.0,0.0,0.0,0.0,0,0,0,0
151,Jan Paul,van Hecke,Van Hecke,a,,,4.5,433,87.0,4.4,81,26.0,3.0,88.0,33.0,0,0,0.0,0,0.0,525,284,0.7,18.7,3.0,3.0,4.0,70.0,29.0,100.0,100.0,6.0,2.0,181.0,46.0,82.0,7.0,45.0,4.0,,,,,,,,0.1,0.03,0.13,1.46,0.0,0.19,1.38,1.0,8.33,23,0,0,0,0,0,0,0,0,0,0,0,0,0,0,0,8267,4296,0.0,0.0,0.0,0.0,0.0,0.0,0.0,0.0,0.0,0,0,0,0
152,Joël,Veltman,Veltman,a,,,4.3,565,122.0,0.2,409,149.0,3.0,84.0,29.0,0,0,0.0,-2,2.0,13,6,0.7,6.7,3.0,3.0,2.4,259.0,102.0,100.0,100.0,221.0,90.0,269.0,84.0,274.0,81.0,280.0,94.0,,,,,,,,0.13,0.01,0.14,1.58,0.0,0.13,1.34,0.94,10.03,23,0,0,0,0,0,0,0,0,0,0,0,0,0,0,0,284,192,0.0,0.0,0.0,0.0,0.0,0.0,0.0,0.0,0.0,0,0,0,0
153,Adam,Webster,Webster,i,Knee injury - Unknown return date,,4.4,515,102.0,0.0,740,252.0,0.0,578.0,235.0,0,0,0.0,-1,1.0,0,1,0.0,0.0,0.0,0.0,0.0,642.0,246.0,0.0,0.0,632.0,245.0,630.0,246.0,604.0,243.0,635.0,246.0,,,,,,,,0.0,0.0,0.0,0.0,0.0,0.0,0.0,0.0,0.0,23,0,0,0,0,0,0,0,0,0,0,0,0,0,0,0,5,5,0.0,0.0,0.0,0.0,0.0,0.0,0.0,0.0,0.0,0,0,0,0
154,Eiran,Cashin,Cashin,u,has joined Blackburn Rovers on loan for the rest of the season.,,4.0,665,167.0,0.0,754,255.0,0.0,482.0,187.0,0,0,0.0,0,0.0,0,0,0.0,0.0,0.0,0.0,0.0,565.0,209.0,0.0,0.0,554.0,208.0,549.0,209.0,514.0,202.0,557.0,208.0,,,,,,,,0.0,0.0,0.0,0.0,0.0,0.0,0.0,0.0,0.0,23,0,0,0,0,0,0,0,0,0,0,0,0,0,0,0,0,0,0.0,0.0,0.0,0.0,0.0,0.0,0.0,0.0,0.0,0,0,0,0
155,Jacob,Slater,Slater,u,has joined Harrogate Town on loan until January.,,4.0,704,193.0,0.1,480,173.0,0.0,517.0,209.0,0,0,0.0,0,0.0,0,0,0.0,0.0,0.0,0.0,0.0,598.0,229.0,0.0,0.0,587.0,228.0,582.0,229.0,548.0,223.0,590.0,228.0,,,,,,,,0.0,0.0,0.0,0.0,0.0,0.0,0.0,0.0,0.0,23,0,0,0,0,0,0,0,0,0,0,0,0,0,0,0,0,9,0.0,0.0,0.0,0.0,0.0,0.0,0.0,0.0,0.0,0,0,0,0
156,Charlie,Tasker,Tasker,a,,,3.8,794,255.0,0.1,412,151.0,0.0,423.0,164.0,0,0,0.0,-2,2.0,9,5,0.0,0.0,0.0,0.0,0.0,507.0,187.0,,,497.0,187.0,489.0,188.0,450.0,177.0,500.0,187.0,,,,,,,,0.0,0.0,0.0,0.0,0.0,0.0,0.0,0.0,0.0,23,0,0,0,0,0,0,0,0,0,0,0,0,0,0,0,97,50,0.0,0.0,0.0,0.0,0.0,0.0,0.0,0.0,0.0,0,0,0,0
157,Mitoma,Kaoru,Mitoma,a,,,6.1,82,54.0,2.1,126,43.0,2.3,162.0,66.0,0,0,0.0,-4,4.0,175,71,0.4,5.9,2.3,2.3,3.0,194.0,85.0,100.0,100.0,250.0,107.0,94.0,70.0,121.0,70.0,161.0,88.0,,,,,,,,0.15,0.12,0.27,1.36,0.0,0.22,1.08,0.97,4.65,23,0,0,0,0,0,0,0,0,0,0,0,0,0,0,0,3832,1638,0.0,0.0,0.0,0.0,0.0,0.0,0.0,0.0,0.0,0,0,0,0
158,Georginio,Rutter,Georginio,a,,,5.6,131,81.0,0.5,253,85.0,2.0,187.0,77.0,0,0,0.0,-4,4.0,44,68,0.4,10.9,2.0,2.0,3.0,193.0,84.0,100.0,100.0,181.0,75.0,82.0,60.0,41.0,25.0,73.0,46.0,,,,,,,,0.13,0.13,0.26,1.2,0.0,0.4,0.93,1.06,6.22,23,0,0,0,0,0,0,0,0,0,0,0,0,0,0,0,1099,1634,0.0,0.0,0.0,0.0,0.0,0.0,0.0,0.0,0.0,0,0,0,0
159,Solly,March,March,d,Lack of match fitness - 25% chance of playing,,5.8,104,67.0,0.0,737,316.0,0.0,781.0,347.0,0,0,0.0,-2,2.0,0,0,0.0,0.0,0.0,0.0,0.0,791.0,353.0,25.0,25.0,791.0,353.0,791.0,353.0,789.0,352.0,791.0,353.0,,,,,,,,0.0,0.0,0.0,0.0,0.0,0.0,0.0,0.0,0.0,23,0,0,0,0,0,0,0,0,0,0,0,0,0,0,0,5,0,0.0,0.0,0.0,0.0,0.0,0.0,0.0,0.0,0.0,0,0,0,0
160,Yankuba,Minteh,Minteh,a,,,5.8,113,72.0,2.8,110,34.0,1.0,279.0,124.0,0,0,0.0,-2,2.0,131,349,0.2,13.8,1.0,1.0,4.0,73.0,32.0,100.0,100.0,127.0,44.0,23.0,22.0,21.0,9.0,25.0,21.0,1.0,,,,,,,0.16,0.16,0.32,1.35,0.0,0.34,1.32,1.03,6.72,23,0,0,0,0,0,0,0,0,0,0,0,0,0,0,0,3516,9138,0.0,0.0,0.0,0.0,0.0,0.0,0.0,0.0,0.0,0,0,0,0
161,Julio,Enciso Espínola,Enciso,u,has joined Strasbourg permanently.,,5.4,172,107.0,0.0,724,309.0,0.0,767.0,337.0,0,0,0.0,-1,1.0,0,0,0.0,0.0,0.0,0.0,0.0,784.0,347.0,0.0,0.0,784.0,347.0,783.0,347.0,779.0,346.0,784.0,347.0,,,,,,,,0.0,0.0,0.0,0.0,0.0,0.0,0.0,0.0,0.0,23,0,0,0,0,0,0,0,0,0,0,0,0,0,0,0,0,0,0.0,0.0,0.0,0.0,0.0,0.0,0.0,0.0,0.0,0,0,0,0
162,Brajan,Gruda,Gruda,a,,,5.4,177,111.0,0.1,542,195.0,1.3,239.0,103.0,0,0,0.0,-1,1.0,6,6,0.2,6.5,1.3,1.3,1.9,335.0,145.0,100.0,100.0,276.0,123.0,100.0,75.0,132.0,77.0,189.0,101.0,,,,,,,,0.24,0.11,0.35,1.76,0.0,0.25,1.4,1.02,7.37,23,0,0,0,0,0,0,0,0,0,0,0,0,0,0,0,155,81,0.0,0.0,0.0,0.0,0.0,0.0,0.0,0.0,0.0,0,0,0,0
163,Jack,Hinshelwood,Hinshelwood,a,,,5.1,238,146.0,0.0,578,215.0,1.7,209.0,87.0,0,0,0.0,-4,4.0,5,2,0.3,7.1,1.7,1.7,2.8,215.0,95.0,100.0,100.0,278.0,125.0,300.0,170.0,217.0,121.0,296.0,144.0,,,,,,,,0.1,0.05,0.15,2.15,0.0,0.14,1.79,0.96,8.93,23,0,0,0,0,0,0,0,0,0,0,0,0,0,0,0,84,63,0.0,0.0,0.0,0.0,0.0,0.0,0.0,0.0,0.0,0,0,0,0
164,Matt,O'Riley,O'Riley,u,has joined Marseille on loan for the rest of the season.,,5.5,142,90.0,0.3,296,98.0,0.0,775.0,344.0,0,0,0.0,0,0.0,0,2,0.0,2.2,0.0,0.0,6.0,5.0,2.0,0.0,0.0,367.0,162.0,271.0,159.0,268.0,146.0,344.0,165.0,,,,,,,,0.62,0.09,0.71,1.08,0.0,0.51,1.02,1.02,4.58,23,0,0,0,0,0,0,0,0,0,0,0,0,0,0,0,0,12,0.0,0.0,0.0,0.0,0.0,0.0,0.0,0.0,0.0,0,0,0,0
165,Abdallah,Sima,Sima,u,has joined Lens permanently.,,5.4,178,112.0,0.0,711,302.0,0.0,769.0,339.0,0,0,0.0,-1,1.0,0,0,0.0,0.0,0.0,0.0,0.0,785.0,348.0,0.0,0.0,785.0,348.0,784.0,348.0,780.0,347.0,785.0,348.0,,,,,,,,0.0,0.0,0.0,0.0,0.0,0.0,0.0,0.0,0.0,23,0,0,0,0,0,0,0,0,0,0,0,0,0,0,0,0,1,0.0,0.0,0.0,0.0,0.0,0.0,0.0,0.0,0.0,0,0,0,0
166,Yasin,Ayari,Ayari,a,,,4.8,368,231.0,0.4,264,90.0,4.3,23.0,9.0,0,0,0.0,-2,2.0,140,44,0.9,13.8,4.3,4.3,3.5,121.0,54.0,100.0,100.0,176.0,72.0,121.0,87.0,103.0,62.0,133.0,72.0,4.0,5.0,,,,,,0.14,0.05,0.19,1.32,0.0,0.3,1.07,0.95,10.55,23,0,0,0,0,0,0,0,0,0,0,0,0,0,0,0,2103,807,0.0,0.0,0.0,0.0,0.0,0.0,0.0,0.0,0.0,0,0,0,0
167,Carlos,Baleba,Baleba,a,,,4.5,454,275.0,1.3,159,56.0,0.2,372.0,165.0,0,0,0.0,-5,5.0,55,30,0.0,5.8,0.2,0.2,1.5,389.0,173.0,100.0,100.0,358.0,159.0,266.0,158.0,351.0,182.0,357.0,168.0,,,,,,,,0.03,0.02,0.05,1.27,0.0,0.39,1.27,1.37,10.49,23,0,0,0,0,0,0,0,0,0,0,0,0,0,0,0,644,265,0.0,0.0,0.0,0.0,0.0,0.0,0.0,0.0,0.0,0,0,0,0
169,Diego,Gómez Amarilla,Gomez,a,,,4.9,336,208.0,0.2,363,121.0,3.0,93.0,44.0,0,0,0.0,-1,1.0,17,20,0.6,11.0,3.0,3.0,2.7,229.0,100.0,100.0,100.0,157.0,57.0,88.0,66.0,51.0,31.0,75.0,48.0,,3.0,,,,,,0.3,0.08,0.38,1.41,0.0,0.27,1.42,1.08,9.05,23,0,0,0,0,0,0,0,0,0,0,0,0,0,0,0,380,583,0.0,0.0,0.0,0.0,0.0,0.0,0.0,0.0,0.0,0,0,0,0
170,James,Milner,Milner,a,,,4.9,283,176.0,0.1,467,159.0,0.5,316.0,140.0,0,0,0.0,-1,1.0,4,4,0.1,4.1,0.5,0.5,1.7,360.0,157.0,100.0,100.0,331.0,145.0,230.0,142.0,345.0,180.0,335.0,162.0,5.0,,1.0,,,,,0.26,0.16,0.42,1.86,0.0,0.0,2.73,0.61,10.0,23,0,0,0,0,0,0,0,0,0,0,0,0,0,0,0,38,36,0.0,0.0,0.0,0.0,0.0,0.0,0.0,0.0,0.0,0,0,0,0
171,Jeremy,Sarmiento Morante,Sarmiento,u,has joined Cremonese on loan for the rest of the season.,,4.9,325,201.0,0.0,686,289.0,0.0,714.0,300.0,0,0,0.0,-1,1.0,0,0,0.0,0.0,0.0,0.0,0.0,752.0,325.0,0.0,0.0,752.0,325.0,748.0,325.0,740.0,323.0,752.0,325.0,,,,,,,,0.0,0.0,0.0,0.0,0.0,0.0,0.0,0.0,0.0,23,0,0,0,0,0,0,0,0,0,0,0,0,0,0,0,0,0,0.0,0.0,0.0,0.0,0.0,0.0,0.0,0.0,0.0,0,0,0,0
172,Tom,Watson,Watson,a,,,4.8,370,233.0,0.0,626,248.0,0.3,341.0,152.0,0,0,0.0,-2,2.0,1,2,0.1,1.0,0.3,0.3,0.8,486.0,230.0,100.0,100.0,446.0,204.0,432.0,209.0,398.0,196.0,454.0,208.0,,,,,,,,0.06,0.05,0.11,2.72,0.0,0.0,3.16,0.0,7.89,23,0,0,0,0,0,0,0,0,0,0,0,0,0,0,0,10,6,0.0,0.0,0.0,0.0,0.0,0.0,0.0,0.0,0.0,0,0,0,0
173,Mats,Wieffer,Wieffer,i,Toe Injury - Unknown return date,,4.9,330,205.0,0.2,404,136.0,0.2,389.0,177.0,0,0,0.0,-1,1.0,0,24,0.0,11.8,0.0,0.0,3.6,116.0,52.0,0.0,0.0,129.0,45.0,92.0,69.0,153.0,91.0,115.0,62.0,,,,,,,,0.09,0.11,0.2,1.25,0.0,0.23,1.3,0.99,14.05,23,0,0,0,0,0,0,0,0,0,0,0,0,0,0,0,3,543,0.0,0.0,0.0,0.0,0.0,0.0,0.0,0.0,0.0,0,0,0,0
174,Malick,Yalcouyé,Yalcouye,u,Has joined Swansea City on loan for the rest of the season.,,5.0,278,172.0,0.0,753,327.0,0.0,740.0,319.0,0,0,0.0,0,0.0,0,0,0.0,0.0,0.0,0.0,0.0,771.0,339.0,0.0,0.0,771.0,339.0,769.0,339.0,763.0,337.0,771.0,339.0,,,,,,,,0.0,0.0,0.0,0.0,0.0,0.0,0.0,0.0,0.0,23,0,0,0,0,0,0,0,0,0,0,0,0,0,0,0,0,0,0.0,0.0,0.0,0.0,0.0,0.0,0.0,0.0,0.0,0,0,0,0
175,Joe,Knight,Knight,a,,,4.4,549,329.0,0.1,505,179.0,0.0,596.0,213.0,0,0,0.0,-1,1.0,2,2,0.0,0.2,0.0,0.0,1.0,445.0,200.0,,,650.0,248.0,647.0,252.0,623.0,242.0,653.0,250.0,,,,,,,,0.0,0.0,0.0,0.0,0.0,0.0,0.0,0.0,0.0,23,0,0,0,0,0,0,0,0,0,0,0,0,0,0,0,31,47,0.0,0.0,0.0,0.0,0.0,0.0,0.0,0.0,0.0,0,0,0,0
176,Adrian,Mazilu,Mazilu,u,has joined Dinamo Bucharest permanently.,,4.5,458,279.0,0.0,673,279.0,0.0,642.0,247.0,0,0,0.0,0,0.0,0,0,0.0,0.0,0.0,0.0,0.0,697.0,285.0,0.0,0.0,693.0,281.0,690.0,283.0,670.0,275.0,694.0,282.0,,,,,,,,0.0,0.0,0.0,0.0,0.0,0.0,0.0,0.0,0.0,23,0,0,0,0,0,0,0,0,0,0,0,0,0,0,0,0,1,0.0,0.0,0.0,0.0,0.0,0.0,0.0,0.0,0.0,0,0,0,0
177,Andrew,Moran,Moran,u,Has joined Los Angeles FC on loan for the rest of the season.,,4.5,447,268.0,0.0,682,285.0,0.0,634.0,239.0,0,0,0.0,0,0.0,0,1,0.0,0.0,0.0,0.0,0.0,689.0,277.0,0.0,0.0,685.0,273.0,682.0,275.0,662.0,267.0,686.0,274.0,,,,,,,,0.0,0.0,0.0,0.0,0.0,0.0,0.0,0.0,0.0,23,0,0,0,0,0,0,0,0,0,0,0,0,0,0,0,0,6,0.0,0.0,0.0,0.0,0.0,0.0,0.0,0.0,0.0,0,0,0,0
178,Danny,Welbeck,Welbeck,a,,,6.2,71,23.0,4.1,87,15.0,1.2,259.0,35.0,0,0,0.0,-3,3.0,393,346,0.2,10.6,1.2,1.2,3.1,178.0,18.0,100.0,100.0,130.0,11.0,141.0,8.0,43.0,17.0,80.0,14.0,,2.0,2.0,,,,,0.54,0.05,0.59,1.42,0.0,0.23,1.44,0.98,4.09,23,0,0,0,0,0,0,0,0,0,0,0,0,0,0,0,6127,7150,0.0,0.0,0.0,0.0,0.0,0.0,0.0,0.0,0.0,0,0,0,0
179,Evan,Ferguson,Ferguson,u,Has joined AS Roma on loan for the rest of the season,,5.5,152,36.0,0.0,735,87.0,0.0,777.0,81.0,0,0,0.0,0,0.0,0,0,0.0,0.0,0.0,0.0,0.0,790.0,85.0,0.0,0.0,790.0,85.0,789.0,85.0,786.0,85.0,790.0,85.0,,,,,,,,0.0,0.0,0.0,0.0,0.0,0.0,0.0,0.0,0.0,23,0,0,0,0,0,0,0,0,0,0,0,0,0,0,0,0,0,0.0,0.0,0.0,0.0,0.0,0.0,0.0,0.0,0.0,0,0,0,0
180,Stefanos,Tzimas,Tzimas,i,Knee injury - Expected back 01 Jun,,5.2,222,49.0,0.1,509,71.0,0.0,751.0,78.0,0,0,0.0,-3,3.0,1,1,0.0,3.1,0.0,0.0,1.8,350.0,38.0,0.0,0.0,362.0,37.0,274.0,28.0,299.0,49.0,350.0,41.0,,,,,,,,0.3,0.08,0.38,1.77,0.0,0.0,1.36,0.68,10.23,23,0,0,0,0,0,0,0,0,0,0,0,0,0,0,0,12,18,0.0,0.0,0.0,0.0,0.0,0.0,0.0,0.0,0.0,0,0,0,0
181,Charalampos,Kostoulas,Kostoulas,a,,,4.8,372,61.0,0.4,289,46.0,2.3,153.0,16.0,0,0,0.0,-2,2.0,44,14,0.5,5.4,2.3,2.3,2.2,292.0,30.0,,,299.0,30.0,267.0,27.0,125.0,32.0,265.0,31.0,,,,,,,,0.68,0.1,0.78,1.32,0.0,0.5,1.5,0.5,13.0,23,0,0,0,0,0,0,0,0,0,0,0,0,0,0,0,818,186,0.0,0.0,0.0,0.0,0.0,0.0,0.0,0.0,0.0,0,0,0,0
744,Nehemiah,Oriola,Oriola,a,,,4.5,463,282.0,0.0,706,299.0,0.0,645.0,249.0,0,0,0.0,0,0.0,0,0,0.0,0.2,0.0,0.0,1.0,452.0,206.0,,,697.0,284.0,693.0,285.0,674.0,278.0,698.0,285.0,,,,,,,,0.0,0.0,0.0,0.0,0.0,0.0,0.0,0.0,0.0,23,0,0,0,0,0,0,0,0,0,0,0,0,0,0,0,10,14,0.0,0.0,0.0,0.0,0.0,0.0,0.0,0.0,0.0,0,0,0,0
761,Freddie,Simmonds,Simmonds,a,,,4.0,709,198.0,0.0,729,248.0,0.0,521.0,213.0,0,0,0.0,0,0.0,1,3,0.0,0.0,0.0,0.0,0.0,602.0,233.0,,,591.0,232.0,586.0,233.0,552.0,227.0,594.0,232.0,,,,,,,,0.0,0.0,0.0,0.0,0.0,0.0,0.0,0.0,0.0,23,0,0,0,0,0,0,0,0,0,0,0,0,0,0,0,16,8,0.0,0.0,0.0,0.0,0.0,0.0,0.0,0.0,0.0,0,0,0,0
783,Pascal,Groß,Groß,a,,,5.5,134,82.0,0.0,613,237.0,1.2,252.0,110.0,0,0,0.0,0,0.0,16,4,0.2,0.9,1.2,1.2,1.7,366.0,160.0,,,404.0,178.0,317.0,177.0,324.0,171.0,387.0,179.0,,,,,,,,0.1,0.16,0.26,1.77,0.0,0.0,0.9,0.9,8.14,23,0,0,0,0,0,0,0,0,0,0,0,0,0,0,0,627,111,0.0,0.0,0.0,0.0,0.0,0.0,0.0,0.0,0.0,0,0,0,0
795,Harry,Howell,Howell,a,,,4.5,485,299.0,0.0,793,353.0,0.0,663.0,262.0,0,0,0.0,0,0.0,2,1,0.0,0.0,0.0,0.0,0.0,717.0,299.0,,,716.0,298.0,711.0,298.0,694.0,293.0,716.0,298.0,,,,,,,,0.0,0.0,0.0,0.0,0.0,0.0,0.0,0.0,0.0,23,0,0,0,0,0,0,0,0,0,0,0,0,0,0,0,9,2,0.0,0.0,0.0,0.0,0.0,0.0,0.0,0.0,0.0,0,0,0,0
220,Robert,Lynch Sánchez,Sánchez,a,,,4.9,307,13.0,13.8,26,3.0,3.0,92.0,7.0,0,0,0.0,-1,1.0,2668,221,0.6,17.3,3.0,3.0,4.0,71.0,5.0,100.0,100.0,34.0,10.0,310.0,1.0,734.0,82.0,178.0,7.0,,,,,,,,0.0,0.0,0.0,1.41,2.69,0.45,1.15,1.05,0.0,23,0,0,0,0,0,0,0,0,0,0,0,0,0,0,0,18121,4697,0.0,0.0,0.0,0.0,0.0,0.0,0.0,0.0,0.0,0,0,0,0
221,Filip,Jörgensen,Jörgensen,i,Knock - Expected back 31 Jan,,4.3,596,29.0,0.2,386,56.0,0.3,331.0,25.0,0,0,0.0,-2,2.0,0,22,0.1,0.7,0.0,0.0,1.5,386.0,30.0,0.0,0.0,411.0,30.0,615.0,78.0,587.0,65.0,442.0,30.0,,,,,,,,0.0,0.0,0.0,1.44,1.55,0.0,1.55,0.52,0.0,23,0,0,0,0,0,0,0,0,0,0,0,0,0,0,0,9,163,0.0,0.0,0.0,0.0,0.0,0.0,0.0,0.0,0.0,0,0,0,0
222,Mike,Penders,Penders,u,Has joined RC Strasbourg on loan for the rest of the season.,,4.0,694,61.0,0.0,771,87.0,0.0,508.0,74.0,0,0,0.0,0,0.0,0,0,0.0,0.0,0.0,0.0,0.0,589.0,79.0,0.0,0.0,578.0,79.0,573.0,68.0,539.0,53.0,581.0,79.0,,,,,,,,0.0,0.0,0.0,0.0,0.0,0.0,0.0,0.0,0.0,23,0,0,0,0,0,0,0,0,0,0,0,0,0,0,0,0,1,0.0,0.0,0.0,0.0,0.0,0.0,0.0,0.0,0.0,0,0,0,0
223,Gabriel,Słonina,Slonina,a,,,3.9,746,79.0,0.1,445,68.0,0.0,448.0,43.0,0,0,0.0,-1,1.0,5,3,0.0,0.0,0.0,0.0,0.0,530.0,48.0,,,520.0,48.0,513.0,35.0,476.0,20.0,523.0,48.0,,,,,,,,0.0,0.0,0.0,0.0,0.0,0.0,0.0,0.0,0.0,23,0,0,0,0,0,0,0,0,0,0,0,0,0,0,0,14,39,0.0,0.0,0.0,0.0,0.0,0.0,0.0,0.0,0.0,0,0,0,0
224,Marc,Cucurella Saseta,Cucurella,a,,,6.0,85,3.0,16.0,21,7.0,0.7,304.0,110.0,0,0,0.0,0,0.0,686,332,0.1,12.3,0.7,0.7,3.7,107.0,41.0,100.0,100.0,117.0,49.0,55.0,10.0,184.0,41.0,94.0,24.0,,,,,,,,0.03,0.11,0.14,1.35,0.0,0.5,1.06,1.06,6.41,23,0,0,0,0,0,0,0,0,0,0,0,0,0,0,0,6018,5453,0.0,0.0,0.0,0.0,0.0,0.0,0.0,0.0,0.0,0,0,0,0
225,Reece,James,James,a,,,5.7,118,11.0,10.7,41,14.0,2.7,123.0,46.0,0,0,0.0,2,-2.0,1119,342,0.5,15.8,2.7,2.7,4.3,53.0,23.0,100.0,100.0,72.0,31.0,36.0,2.0,228.0,60.0,67.0,12.0,2.0,2.0,,,,,,0.05,0.13,0.18,1.45,0.0,0.37,1.0,0.93,6.23,23,0,0,0,0,0,0,0,0,0,0,0,0,0,0,0,13684,4863,0.0,0.0,0.0,0.0,0.0,0.0,0.0,0.0,0.0,0,0,0,0
226,Trevoh,Chalobah,Chalobah,a,,,5.6,128,14.0,20.0,18,6.0,2.7,122.0,45.0,0,0,0.0,6,-6.0,4809,338,0.5,19.6,2.7,2.7,5.2,11.0,4.0,100.0,100.0,20.0,7.0,244.0,71.0,141.0,26.0,92.0,23.0,,,,,,,,0.06,0.03,0.09,1.31,0.0,0.44,1.13,1.03,8.75,23,0,0,0,0,0,0,0,0,0,0,0,0,0,0,0,61582,6865,0.0,0.0,0.0,0.0,0.0,0.0,0.0,0.0,0.0,0,0,0,0
227,Levi,Samuels Colwill,Colwill,i,Anterior cruciate ligament - Unknown return date,,4.7,383,66.0,0.1,464,171.0,0.0,686.0,248.0,0,0,0.0,-3,3.0,1,2,0.0,0.0,0.0,0.0,0.0,735.0,255.0,0.0,0.0,735.0,255.0,730.0,255.0,717.0,254.0,735.0,255.0,,,,,,,,0.0,0.0,0.0,0.0,0.0,0.0,0.0,0.0,0.0,23,0,0,0,0,0,0,0,0,0,0,0,0,0,0,0,10,14,0.0,0.0,0.0,0.0,0.0,0.0,0.0,0.0,0.0,0,0,0,0
228,Malo,Gusto,Gusto,a,,,4.9,332,55.0,2.0,131,51.0,1.0,274.0,99.0,0,0,0.0,-1,1.0,234,124,0.2,14.9,1.0,1.0,3.8,85.0,32.0,100.0,100.0,156.0,67.0,112.0,28.0,176.0,36.0,144.0,47.0,,,,,,,,0.09,0.06,0.15,1.57,0.0,0.44,1.04,0.96,5.4,23,0,0,0,0,0,0,0,0,0,0,0,0,0,0,0,1678,2273,0.0,0.0,0.0,0.0,0.0,0.0,0.0,0.0,0.0,0,0,0,0
229,Benoît,Badiashile Mukinayi,B.Badiashile,a,,,4.4,527,113.0,0.0,650,226.0,0.5,310.0,116.0,0,0,0.0,-1,1.0,5,0,0.1,0.7,0.5,0.5,0.5,489.0,170.0,100.0,100.0,372.0,141.0,417.0,151.0,608.0,246.0,413.0,149.0,,,,,,,,0.0,0.01,0.01,1.38,0.0,0.0,1.88,1.07,7.25,23,0,0,0,0,0,0,0,0,0,0,0,0,0,0,0,47,36,0.0,0.0,0.0,0.0,0.0,0.0,0.0,0.0,0.0,0,0,0,0
230,Wesley,Fofana,Fofana,a,,,4.4,532,116.0,0.4,269,101.0,0.5,311.0,117.0,0,0,0.0,-1,1.0,70,49,0.1,9.3,0.5,0.5,3.7,96.0,36.0,100.0,100.0,183.0,74.0,382.0,141.0,349.0,117.0,300.0,100.0,,,,,,,,0.03,0.01,0.04,1.39,0.0,0.46,0.91,1.03,12.43,23,0,0,0,0,0,0,0,0,0,0,0,0,0,0,0,673,1015,0.0,0.0,0.0,0.0,0.0,0.0,0.0,0.0,0.0,0,0,0,0
231,Mamadou,Sarr,M.Sarr,u,Has joined RC Strasbourg on loan for the rest of the season.,,4.5,471,95.0,0.0,738,251.0,0.0,652.0,247.0,0,0,0.0,0,0.0,0,0,0.0,0.0,0.0,0.0,0.0,706.0,254.0,0.0,0.0,704.0,254.0,700.0,254.0,682.0,253.0,705.0,254.0,,,,,,,,0.0,0.0,0.0,0.0,0.0,0.0,0.0,0.0,0.0,23,0,0,0,0,0,0,0,0,0,0,0,0,0,0,0,0,0,0.0,0.0,0.0,0.0,0.0,0.0,0.0,0.0,0.0,0,0,0,0
232,Tosin,Adarabioyo,Tosin,i,Hamstring injury - Unknown return date,,4.0,652,160.0,0.3,324,119.0,0.5,305.0,111.0,0,0,0.0,-5,5.0,1,53,0.1,7.5,0.0,0.0,2.7,224.0,84.0,0.0,0.0,197.0,80.0,344.0,119.0,357.0,122.0,303.0,101.0,,,,,,,,0.01,0.05,0.06,1.4,0.0,0.26,1.41,0.89,11.12,23,0,0,0,0,0,0,0,0,0,0,0,0,0,0,0,10,498,0.0,0.0,0.0,0.0,0.0,0.0,0.0,0.0,0.0,0,0,0,0
233,Josh,Acheampong,Acheampong,a,,,3.8,798,259.0,1.3,168,65.0,0.7,292.0,106.0,0,0,0.0,-2,2.0,63,70,0.2,8.2,0.7,0.7,3.4,125.0,47.0,100.0,100.0,304.0,114.0,359.0,129.0,262.0,74.0,333.0,113.0,,,,,,,,0.11,0.02,0.13,2.27,0.0,0.38,1.71,1.14,6.09,23,0,0,0,0,0,0,0,0,0,0,0,0,0,0,0,680,1087,0.0,0.0,0.0,0.0,0.0,0.0,0.0,0.0,0.0,0,0,0,0
234,Aarón,Anselmino,Anselmino,u,has joined Borussia Dortmund on loan for the rest of the season.,,4.0,714,203.0,0.1,564,204.0,0.0,525.0,217.0,0,0,0.0,0,0.0,0,2,0.0,0.0,0.0,0.0,0.0,606.0,237.0,0.0,0.0,595.0,236.0,590.0,237.0,556.0,231.0,598.0,236.0,,,,,,,,0.0,0.0,0.0,0.0,0.0,0.0,0.0,0.0,0.0,23,0,0,0,0,0,0,0,0,0,0,0,0,0,0,0,0,7,0.0,0.0,0.0,0.0,0.0,0.0,0.0,0.0,0.0,0,0,0,0
235,Cole,Palmer,Palmer,d,Muscle injury - 75% chance of playing,,10.4,3,2.0,12.1,37,13.0,3.5,67.0,30.0,0,0,0.0,-1,1.0,982,952,0.3,4.3,2.6,2.6,3.8,94.0,45.0,75.0,75.0,214.0,91.0,190.0,125.0,79.0,49.0,175.0,93.0,,1.0,1.0,,,,,0.42,0.05,0.47,1.75,0.0,0.24,1.2,1.2,7.53,23,0,0,0,0,0,0,0,0,0,0,0,0,0,0,0,12453,11622,0.0,0.0,0.0,0.0,0.0,0.0,0.0,0.0,0.0,0,0,0,0
236,Pedro,Lomba Neto,Neto,a,,,7.1,35,21.0,6.4,62,22.0,2.2,177.0,70.0,0,0,0.0,1,-1.0,954,481,0.3,12.8,2.2,2.2,4.1,67.0,28.0,100.0,100.0,70.0,22.0,10.0,10.0,29.0,16.0,12.0,10.0,1.0,4.0,,,,,,0.19,0.22,0.41,1.2,0.0,0.47,0.78,1.04,4.53,23,0,0,0,0,0,0,0,0,0,0,0,0,0,0,0,11229,10019,0.0,0.0,0.0,0.0,0.0,0.0,0.0,0.0,0.0,0,0,0,0
237,Enzo,Fernández,Enzo,a,,,6.6,50,32.0,13.9,24,10.0,4.7,16.0,7.0,0,0,0.0,1,-1.0,5934,328,0.7,14.8,4.7,4.7,4.7,27.0,12.0,100.0,100.0,26.0,7.0,12.0,12.0,12.0,5.0,5.0,3.0,3.0,3.0,2.0,,,,,0.39,0.2,0.59,1.31,0.0,0.4,1.06,1.01,7.77,23,0,0,0,0,0,0,0,0,0,0,0,0,0,0,0,110224,7595,0.0,0.0,0.0,0.0,0.0,0.0,0.0,0.0,0.0,0,0,0,0
238,Estêvão,Almeida de Oliveira Gonçalves,Estêvão,a,,,6.4,63,41.0,1.9,136,46.0,1.2,262.0,116.0,0,0,0.0,-1,1.0,208,110,0.2,6.1,1.2,1.2,2.3,280.0,122.0,100.0,100.0,288.0,130.0,123.0,89.0,72.0,45.0,169.0,91.0,4.0,,3.0,,,,,0.35,0.31,0.66,1.11,0.0,0.3,1.2,1.2,6.28,23,0,0,0,0,0,0,0,0,0,0,0,0,0,0,0,1998,1694,0.0,0.0,0.0,0.0,0.0,0.0,0.0,0.0,0.0,0,0,0,0
239,Jamie,Bynoe-Gittens,Gittens,a,,,6.0,87,56.0,0.1,456,155.0,0.3,346.0,153.0,0,0,0.0,-5,5.0,9,6,0.0,3.8,0.3,0.3,1.6,378.0,169.0,100.0,100.0,327.0,142.0,175.0,116.0,220.0,123.0,285.0,139.0,,,,,,,,0.16,0.19,0.35,1.54,0.0,0.2,1.01,0.81,5.87,23,0,0,0,0,0,0,0,0,0,0,0,0,0,0,0,43,31,0.0,0.0,0.0,0.0,0.0,0.0,0.0,0.0,0.0,0,0,0,0
240,Christopher,Nkunku,Nkunku,u,has joined AC Milan permanently.,,5.9,97,62.0,0.1,499,175.0,0.0,784.0,349.0,0,0,0.0,-1,1.0,0,1,0.0,0.0,0.0,0.0,0.0,792.0,354.0,0.0,0.0,792.0,354.0,792.0,354.0,792.0,354.0,792.0,354.0,,,,,,,,0.0,0.0,0.0,0.0,0.0,0.0,0.0,0.0,0.0,23,0,0,0,0,0,0,0,0,0,0,0,0,0,0,0,0,1,0.0,0.0,0.0,0.0,0.0,0.0,0.0,0.0,0.0,0,0,0,0
241,Moisés,Caicedo Corozo,Caicedo,a,,,5.7,122,77.0,8.0,52,19.0,2.2,173.0,68.0,0,0,0.0,2,-2.0,658,192,0.4,13.0,2.2,2.2,4.4,45.0,21.0,100.0,100.0,64.0,18.0,118.0,85.0,229.0,127.0,112.0,60.0,,,,,,,,0.06,0.06,0.12,1.43,0.0,0.31,1.26,1.01,13.26,23,0,0,0,0,0,0,0,0,0,0,0,0,0,0,0,7049,2276,0.0,0.0,0.0,0.0,0.0,0.0,0.0,0.0,0.0,0,0,0,0
243,Tyrique,George,George,a,,,4.8,371,234.0,0.1,554,202.0,0.0,696.0,287.0,0,0,0.0,-2,2.0,2,2,0.0,0.8,0.0,0.0,1.0,465.0,218.0,,,442.0,202.0,415.0,204.0,279.0,149.0,410.0,185.0,,,,,,,,0.2,0.05,0.25,1.05,0.0,0.63,1.27,0.0,1.9,23,0,0,0,0,0,0,0,0,0,0,0,0,0,0,0,16,22,0.0,0.0,0.0,0.0,0.0,0.0,0.0,0.0,0.0,0,0,0,0
244,Roméo,Lavia,Lavia,i,Thigh injury - Unknown return date,,4.9,337,209.0,0.0,685,288.0,0.0,718.0,302.0,0,0,0.0,-1,1.0,0,0,0.0,0.8,0.0,0.0,1.0,468.0,220.0,0.0,0.0,437.0,197.0,411.0,202.0,427.0,213.0,449.0,205.0,,,,,,,,0.0,0.04,0.04,2.39,0.0,0.0,2.57,0.86,9.43,23,0,0,0,0,0,0,0,0,0,0,0,0,0,0,0,0,5,0.0,0.0,0.0,0.0,0.0,0.0,0.0,0.0,0.0,0,0,0,0
245,Mykhailo,Mudryk,Mudryk,s,Suspended - unknown return date,,4.9,328,203.0,0.0,728,311.0,0.0,716.0,301.0,0,0,0.0,-1,1.0,0,1,0.0,0.0,0.0,0.0,0.0,754.0,326.0,0.0,0.0,754.0,326.0,750.0,326.0,742.0,324.0,754.0,326.0,,,,,,,,0.0,0.0,0.0,0.0,0.0,0.0,0.0,0.0,0.0,23,0,0,0,0,0,0,0,0,0,0,0,0,0,0,0,2,3,0.0,0.0,0.0,0.0,0.0,0.0,0.0,0.0,0.0,0,0,0,0
246,Andrey,Nascimento dos Santos,Andrey Santos,a,,,4.5,453,274.0,0.3,318,106.0,0.7,297.0,132.0,0,0,0.0,0,0.0,9,14,0.2,4.2,0.7,0.7,1.2,421.0,189.0,100.0,100.0,330.0,144.0,225.0,139.0,275.0,147.0,313.0,151.0,,,,,,,,0.28,0.08,0.36,1.37,0.0,0.17,0.83,0.83,11.42,23,0,0,0,0,0,0,0,0,0,0,0,0,0,0,0,119,284,0.0,0.0,0.0,0.0,0.0,0.0,0.0,0.0,0.0,0,0,0,0
247,Dário,Luís Essugo,D.Essugo,i,Knock - Expected back 21 Feb,,4.3,589,343.0,0.1,567,209.0,0.0,558.0,191.0,0,0,0.0,-2,2.0,2,11,0.0,0.0,0.0,0.0,0.0,624.0,233.0,0.0,0.0,614.0,224.0,611.0,229.0,582.0,216.0,617.0,226.0,,,,,,,,0.0,0.0,0.0,0.0,0.0,0.0,0.0,0.0,0.0,23,0,0,0,0,0,0,0,0,0,0,0,0,0,0,0,13,57,0.0,0.0,0.0,0.0,0.0,0.0,0.0,0.0,0.0,0,0,0,0
248,Kendry,Páez Andrade,Paez,u,Has joined RC Strasbourg on loan for the rest of the season.,,4.5,492,304.0,0.0,757,328.0,0.0,668.0,266.0,0,0,0.0,0,0.0,0,0,0.0,0.0,0.0,0.0,0.0,721.0,302.0,0.0,0.0,721.0,302.0,716.0,302.0,699.0,297.0,721.0,302.0,,,,,,,,0.0,0.0,0.0,0.0,0.0,0.0,0.0,0.0,0.0,23,0,0,0,0,0,0,0,0,0,0,0,0,0,0,0,0,0,0.0,0.0,0.0,0.0,0.0,0.0,0.0,0.0,0.0,0,0,0,0
249,João Pedro,Junqueira de Jesus,João Pedro,a,,,7.1,36,15.0,27.2,12,3.0,3.3,73.0,9.0,0,0,0.0,-4,4.0,3371,578,0.5,13.0,3.3,3.3,4.2,60.0,6.0,,,52.0,3.0,46.0,1.0,16.0,9.0,20.0,4.0,,,,,,,,0.37,0.08,0.45,1.28,0.0,0.45,0.96,1.07,5.31,23,0,0,0,0,0,0,0,0,0,0,0,0,0,0,0,35567,8532,0.0,0.0,0.0,0.0,0.0,0.0,0.0,0.0,0.0,0,0,0,0
250,Liam,Delap,Delap,a,,,6.2,76,25.0,0.9,188,29.0,2.2,175.0,22.0,0,0,0.0,-3,3.0,92,38,0.4,4.0,2.2,2.2,1.9,337.0,37.0,100.0,100.0,379.0,40.0,318.0,35.0,77.0,24.0,281.0,34.0,,,,,,,,0.38,0.03,0.41,1.22,0.0,0.31,1.38,1.23,2.91,23,0,0,0,0,0,0,0,0,0,0,0,0,0,0,0,800,268,0.0,0.0,0.0,0.0,0.0,0.0,0.0,0.0,0.0,0,0,0,0
251,Nicolas,Jackson,N.Jackson,u,has joined Bayern Munich on loan for the rest of the season.,,6.5,55,19.0,0.1,519,73.0,0.0,793.0,85.0,0,0,0.0,0,0.0,0,0,0.0,0.0,0.0,0.0,0.0,798.0,88.0,0.0,0.0,798.0,88.0,798.0,88.0,798.0,88.0,798.0,88.0,,,,,,,,0.0,0.0,0.0,0.0,0.0,0.0,0.0,0.0,0.0,23,0,0,0,0,0,0,0,0,0,0,0,0,0,0,0,0,3,0.0,0.0,0.0,0.0,0.0,0.0,0.0,0.0,0.0,0,0,0,0
252,Marc,Guiu Paz,Marc Guiu,a,,,4.2,632,85.0,6.5,61,11.0,0.0,540.0,49.0,0,0,0.0,-3,3.0,158,571,0.0,2.9,0.0,0.0,1.3,406.0,47.0,100.0,100.0,417.0,45.0,334.0,40.0,234.0,43.0,371.0,43.0,,,,,,,,0.53,0.11,0.64,2.06,0.0,0.0,0.73,0.36,2.55,23,0,0,0,0,0,0,0,0,0,0,0,0,0,0,0,2146,7366,0.0,0.0,0.0,0.0,0.0,0.0,0.0,0.0,0.0,0,0,0,0
453,Alejandro,Garnacho Ferreyra,Garnacho,a,,,6.4,62,40.0,0.6,238,81.0,1.2,261.0,115.0,0,0,0.0,-1,1.0,147,46,0.2,6.2,1.2,1.2,2.9,207.0,92.0,,,274.0,122.0,91.0,68.0,65.0,41.0,132.0,71.0,,,,,,,,0.27,0.28,0.55,1.69,0.0,0.44,1.1,1.21,4.75,23,0,0,0,0,0,0,0,0,0,0,0,0,0,0,0,1869,1410,0.0,0.0,0.0,0.0,0.0,0.0,0.0,0.0,0.0,0,0,0,0
672,Jorrel,Hato,Hato,a,,,4.6,397,71.0,0.2,399,145.0,0.5,312.0,118.0,0,0,0.0,-4,4.0,6,5,0.1,1.3,0.5,0.5,0.9,482.0,166.0,100.0,100.0,383.0,145.0,351.0,124.0,365.0,129.0,398.0,144.0,,,,,,,,0.08,0.02,0.1,1.21,0.0,0.0,1.38,0.69,7.24,23,0,0,0,0,0,0,0,0,0,0,0,0,0,0,0,56,57,0.0,0.0,0.0,0.0,0.0,0.0,0.0,0.0,0.0,0,0,0,0
743,Landon,Emenalo,Emenalo,a,,,4.5,493,305.0,0.0,714,305.0,0.0,669.0,267.0,0,0,0.0,0,0.0,2,0,0.0,0.0,0.0,0.0,0.0,722.0,303.0,,,722.0,303.0,717.0,303.0,700.0,298.0,722.0,303.0,,,,,,,,0.0,0.0,0.0,0.0,0.0,0.0,0.0,0.0,0.0,23,0,0,0,0,0,0,0,0,0,0,0,0,0,0,0,7,7,0.0,0.0,0.0,0.0,0.0,0.0,0.0,0.0,0.0,0,0,0,0
789,Max,Merrick,Merrick,a,,,4.0,689,60.0,0.0,773,88.0,0.0,503.0,73.0,0,0,0.0,0,0.0,0,0,0.0,0.0,0.0,0.0,0.0,585.0,78.0,,,574.0,78.0,569.0,67.0,534.0,52.0,577.0,78.0,,,,,,,,0.0,0.0,0.0,0.0,0.0,0.0,0.0,0.0,0.0,23,0,0,0,0,0,0,0,0,0,0,0,0,0,0,0,9,19,0.0,0.0,0.0,0.0,0.0,0.0,0.0,0.0,0.0,0,0,0,0
253,Dean,Henderson,Henderson,a,,,5.0,245,8.0,7.7,54,8.0,2.8,102.0,9.0,0,0,0.0,0,0.0,135,317,0.6,16.2,2.8,2.8,3.7,102.0,11.0,,,25.0,7.0,406.0,11.0,749.0,84.0,188.0,8.0,,,,,,,,0.0,0.0,0.0,1.35,2.82,0.36,1.14,1.0,0.0,23,0,0,0,0,0,0,0,0,0,0,0,0,0,0,0,653,6288,0.0,0.0,0.0,0.0,0.0,0.0,0.0,0.0,0.0,0,0,0,0
254,Walter,Benítez,Benitez,a,,,4.0,654,45.0,0.3,313,43.0,0.0,473.0,59.0,0,0,0.0,0,0.0,4,4,0.0,0.0,0.0,0.0,0.0,555.0,64.0,100.0,100.0,545.0,64.0,539.0,52.0,503.0,37.0,548.0,64.0,,,,,,,,0.0,0.0,0.0,0.0,0.0,0.0,0.0,0.0,0.0,23,0,0,0,0,0,0,0,0,0,0,0,0,0,0,0,51,55,0.0,0.0,0.0,0.0,0.0,0.0,0.0,0.0,0.0,0,0,0,0
255,Remi,Matthews,Matthews,a,,,3.9,731,73.0,0.1,469,73.0,0.0,439.0,37.0,0,0,0.0,-1,1.0,0,3,0.0,0.0,0.0,0.0,0.0,521.0,42.0,,,511.0,42.0,504.0,29.0,466.0,14.0,514.0,42.0,,,,,,,,0.0,0.0,0.0,0.0,0.0,0.0,0.0,0.0,0.0,23,0,0,0,0,0,0,0,0,0,0,0,0,0,0,0,21,25,0.0,0.0,0.0,0.0,0.0,0.0,0.0,0.0,0.0,0,0,0,0
256,Daniel,Muñoz Mejía,Muñoz,d,Lack of match fitness - 75% chance of playing,,5.8,107,9.0,5.9,70,24.0,0.0,782.0,262.0,0,0,0.0,3,-3.0,453,292,0.0,15.3,0.0,0.0,6.4,3.0,2.0,75.0,75.0,103.0,45.0,177.0,45.0,71.0,4.0,101.0,30.0,,,,,,,,0.13,0.14,0.27,1.2,0.0,0.5,0.79,1.0,7.21,23,0,0,0,0,0,0,0,0,0,0,0,0,0,0,0,1700,2870,0.0,0.0,0.0,0.0,0.0,0.0,0.0,0.0,0.0,0,0,0,0
257,Maxence,Lacroix,Lacroix,a,,,5.1,231,34.0,5.9,68,23.0,2.8,104.0,36.0,0,0,0.0,1,-1.0,710,441,0.5,19.4,2.8,2.8,4.5,35.0,17.0,,,23.0,9.0,264.0,82.0,193.0,47.0,109.0,35.0,,,,,,,,0.05,0.03,0.08,1.35,0.0,0.36,1.14,1.0,10.64,23,0,0,0,0,0,0,0,0,0,0,0,0,0,0,0,5505,8046,0.0,0.0,0.0,0.0,0.0,0.0,0.0,0.0,0.0,0,0,0,0
258,Tyrick,Mitchell,Mitchell,a,,,5.0,254,40.0,2.1,125,48.0,2.2,169.0,66.0,0,0,0.0,0,0.0,85,98,0.4,16.8,2.2,2.2,3.8,86.0,33.0,,,63.0,29.0,78.0,18.0,143.0,27.0,76.0,15.0,,,,,,,,0.04,0.06,0.1,1.35,0.0,0.36,1.14,1.0,7.11,23,0,0,0,0,0,0,0,0,0,0,0,0,0,0,0,618,2650,0.0,0.0,0.0,0.0,0.0,0.0,0.0,0.0,0.0,0,0,0,0
259,Borna,Sosa,Sosa,a,,,4.8,357,60.0,0.1,446,164.0,0.3,339.0,127.0,0,0,0.0,-2,2.0,5,5,0.1,0.8,0.3,0.3,1.0,463.0,165.0,100.0,100.0,452.0,164.0,395.0,145.0,412.0,153.0,447.0,161.0,,,,,,,,0.0,0.19,0.19,2.67,0.0,0.0,3.21,0.0,9.64,23,0,0,0,0,0,0,0,0,0,0,0,0,0,0,0,28,28,0.0,0.0,0.0,0.0,0.0,0.0,0.0,0.0,0.0,0,0,0,0
261,Chris,Richards,Richards,a,,,4.4,529,115.0,1.9,138,55.0,0.3,334.0,124.0,0,0,0.0,-1,1.0,196,174,0.1,17.5,0.3,0.3,4.3,48.0,20.0,100.0,100.0,54.0,25.0,268.0,83.0,270.0,77.0,163.0,52.0,,,,,,,,0.02,0.07,0.09,1.29,0.0,0.39,1.17,1.0,11.0,23,0,0,0,0,0,0,0,0,0,0,0,0,0,0,0,1300,2691,0.0,0.0,0.0,0.0,0.0,0.0,0.0,0.0,0.0,0,0,0,0
262,Chadi,Riad Dnanou,Chadi Riad,a,,,4.0,687,180.0,0.0,678,235.0,0.0,501.0,197.0,0,0,0.0,0,0.0,0,1,0.0,0.0,0.0,0.0,0.0,583.0,218.0,100.0,100.0,572.0,217.0,567.0,218.0,532.0,211.0,575.0,217.0,,,,,,,,0.0,0.0,0.0,0.0,0.0,0.0,0.0,0.0,0.0,23,0,0,0,0,0,0,0,0,0,0,0,0,0,0,0,17,8,0.0,0.0,0.0,0.0,0.0,0.0,0.0,0.0,0.0,0,0,0,0
263,Nathaniel,Clyne,Clyne,a,,,3.8,769,231.0,0.6,227,85.0,1.5,217.0,80.0,0,0,0.0,-2,2.0,25,41,0.4,3.7,1.5,1.5,2.0,315.0,118.0,100.0,100.0,347.0,131.0,319.0,106.0,325.0,104.0,361.0,129.0,,,,,,,,0.09,0.12,0.21,1.24,0.0,0.0,1.72,1.29,7.32,23,0,0,0,0,0,0,0,0,0,0,0,0,0,0,0,291,626,0.0,0.0,0.0,0.0,0.0,0.0,0.0,0.0,0.0,0,0,0,0
264,Rob,Holding,Holding,u,Has joined Colorado Rapids permanently.,,4.0,655,161.0,0.0,680,236.0,0.0,474.0,182.0,0,0,0.0,0,0.0,0,0,0.0,0.0,0.0,0.0,0.0,556.0,203.0,0.0,0.0,546.0,203.0,540.0,204.0,504.0,196.0,549.0,203.0,,,,,,,,0.0,0.0,0.0,0.0,0.0,0.0,0.0,0.0,0.0,23,0,0,0,0,0,0,0,0,0,0,0,0,0,0,0,0,1,0.0,0.0,0.0,0.0,0.0,0.0,0.0,0.0,0.0,0,0,0,0
265,Caleb,Kporha,Kporha,i,Back injury - Unknown return date,,4.0,705,194.0,0.0,709,243.0,0.0,518.0,210.0,0,0,0.0,0,0.0,0,0,0.0,0.0,0.0,0.0,0.0,599.0,230.0,0.0,0.0,588.0,229.0,583.0,230.0,549.0,224.0,591.0,229.0,,,,,,,,0.0,0.0,0.0,0.0,0.0,0.0,0.0,0.0,0.0,23,0,0,0,0,0,0,0,0,0,0,0,0,0,0,0,6,4,0.0,0.0,0.0,0.0,0.0,0.0,0.0,0.0,0.0,0,0,0,0
267,Ismaïla,Sarr,Sarr,a,,,6.3,68,46.0,2.0,129,44.0,0.0,789.0,354.0,0,0,0.0,-2,2.0,251,29,0.0,8.3,0.0,0.0,4.3,54.0,23.0,100.0,100.0,210.0,89.0,158.0,107.0,85.0,52.0,153.0,85.0,,,,,,,,0.36,0.05,0.41,1.28,0.0,0.54,0.8,1.07,6.51,23,0,0,0,0,0,0,0,0,0,0,0,0,0,0,0,1888,471,0.0,0.0,0.0,0.0,0.0,0.0,0.0,0.0,0.0,0,0,0,0
268,Cheick,Doucouré,Doucouré,i,Knee injury - Unknown return date,,4.9,323,200.0,0.0,769,336.0,0.0,713.0,299.0,0,0,0.0,-1,1.0,0,0,0.0,0.0,0.0,0.0,0.0,751.0,324.0,0.0,0.0,751.0,324.0,747.0,324.0,739.0,322.0,751.0,324.0,,,,,,,,0.0,0.0,0.0,0.0,0.0,0.0,0.0,0.0,0.0,23,0,0,0,0,0,0,0,0,0,0,0,0,0,0,0,3,1,0.0,0.0,0.0,0.0,0.0,0.0,0.0,0.0,0.0,0,0,0,0
269,Romain,Esse,Esse,u,has joined Coventry City on loan for the rest of the season.,,4.7,388,244.0,0.1,434,148.0,0.5,313.0,138.0,0,0,0.0,-3,3.0,0,6,0.1,0.9,0.0,0.0,1.0,461.0,215.0,0.0,0.0,443.0,203.0,429.0,208.0,402.0,198.0,456.0,210.0,,,,,,,,0.0,0.09,0.09,3.92,0.0,0.0,0.0,0.0,11.25,23,0,0,0,0,0,0,0,0,0,0,0,0,0,0,0,0,52,0.0,0.0,0.0,0.0,0.0,0.0,0.0,0.0,0.0,0,0,0,0
270,Will,Hughes,Hughes,a,,,4.7,375,235.0,0.1,470,160.0,2.0,181.0,73.0,0,0,0.0,-3,3.0,8,6,0.4,6.6,2.0,2.0,1.6,372.0,164.0,100.0,100.0,283.0,128.0,129.0,92.0,267.0,145.0,251.0,121.0,5.0,,,,,,,0.07,0.09,0.16,1.45,0.0,0.38,1.13,1.03,8.65,23,0,0,0,0,0,0,0,0,0,0,0,0,0,0,0,131,78,0.0,0.0,0.0,0.0,0.0,0.0,0.0,0.0,0.0,0,0,0,0
271,Daichi,Kamada,Kamada,i,Hamstring injury - Expected back 21 Feb,,5.0,249,152.0,0.1,517,185.0,0.0,726.0,307.0,0,0,0.0,0,0.0,2,3,0.0,9.0,0.0,0.0,3.2,154.0,64.0,0.0,0.0,267.0,118.0,145.0,100.0,188.0,106.0,229.0,115.0,2.0,,,,,,,0.07,0.12,0.19,1.1,0.0,0.46,0.85,1.08,9.73,23,0,0,0,0,0,0,0,0,0,0,0,0,0,0,0,3,40,0.0,0.0,0.0,0.0,0.0,0.0,0.0,0.0,0.0,0,0,0,0
272,Jefferson,Lerma Solís,Lerma,a,,,4.9,288,178.0,0.1,548,199.0,1.0,273.0,120.0,0,0,0.0,-1,1.0,1,0,0.2,7.1,1.0,1.0,1.8,348.0,150.0,100.0,100.0,265.0,117.0,192.0,127.0,243.0,133.0,269.0,132.0,,,,,,,,0.07,0.07,0.14,1.15,0.0,0.43,0.86,0.86,11.02,23,0,0,0,0,0,0,0,0,0,0,0,0,0,0,0,28,25,0.0,0.0,0.0,0.0,0.0,0.0,0.0,0.0,0.0,0,0,0,0
273,Adam,Wharton,Wharton,a,,,5.0,266,162.0,0.8,207,70.0,2.0,184.0,75.0,0,0,0.0,0,0.0,58,72,0.4,13.4,2.0,2.0,3.4,131.0,57.0,100.0,100.0,142.0,51.0,24.0,23.0,198.0,109.0,74.0,47.0,3.0,,,,,,,0.05,0.25,0.3,1.39,0.0,0.33,1.31,1.09,10.67,23,0,0,0,0,0,0,0,0,0,0,0,0,0,0,0,544,1370,0.0,0.0,0.0,0.0,0.0,0.0,0.0,0.0,0.0,0,0,0,0
274,Asher,Agbinone,Agbinone,a,,,4.3,606,353.0,0.1,561,206.0,0.0,569.0,199.0,0,0,0.0,-2,2.0,6,3,0.0,0.0,0.0,0.0,0.0,634.0,241.0,,,624.0,232.0,622.0,237.0,594.0,225.0,627.0,234.0,,,,,,,,0.0,0.0,0.0,0.0,0.0,0.0,0.0,0.0,0.0,23,0,0,0,0,0,0,0,0,0,0,0,0,0,0,0,59,23,0.0,0.0,0.0,0.0,0.0,0.0,0.0,0.0,0.0,0,0,0,0
275,Naouirou,Ahamada,Ahamada,u,has joined AJ Auxerre permanently.,,4.3,582,340.0,0.0,600,230.0,0.0,555.0,189.0,0,0,0.0,-2,2.0,0,2,0.0,0.0,0.0,0.0,0.0,622.0,231.0,0.0,0.0,611.0,222.0,609.0,227.0,580.0,214.0,615.0,224.0,,,,,,,,0.0,0.0,0.0,0.0,0.0,0.0,0.0,0.0,0.0,23,0,0,0,0,0,0,0,0,0,0,0,0,0,0,0,0,37,0.0,0.0,0.0,0.0,0.0,0.0,0.0,0.0,0.0,0,0,0,0
276,Justin,Devenny,Devenny,a,,,4.3,586,342.0,1.6,150,49.0,1.7,201.0,85.0,0,0,0.0,-2,2.0,132,113,0.4,6.7,1.7,1.7,1.6,371.0,163.0,100.0,100.0,332.0,146.0,223.0,137.0,120.0,69.0,266.0,131.0,,2.0,,,,,,0.36,0.05,0.41,1.53,0.0,0.15,1.52,0.76,7.28,23,0,0,0,0,0,0,0,0,0,0,0,0,0,0,0,1871,1608,0.0,0.0,0.0,0.0,0.0,0.0,0.0,0.0,0.0,0,0,0,0
277,Malcolm,Ebiowei,Ebiowei,u,Has joined Blackpool permanently.,,4.5,426,256.0,0.0,772,338.0,0.0,622.0,228.0,0,0,0.0,0,0.0,0,0,0.0,0.0,0.0,0.0,0.0,678.0,267.0,0.0,0.0,672.0,262.0,670.0,265.0,649.0,257.0,675.0,264.0,,,,,,,,0.0,0.0,0.0,0.0,0.0,0.0,0.0,0.0,0.0,23,0,0,0,0,0,0,0,0,0,0,0,0,0,0,0,0,0,0.0,0.0,0.0,0.0,0.0,0.0,0.0,0.0,0.0,0,0,0,0
278,Jesurun,Rak-Sakyi,J.Rak-Sakyi,a,,,4.4,535,320.0,0.0,639,260.0,0.0,586.0,206.0,0,0,0.0,-1,1.0,1,0,0.0,0.0,0.0,0.0,0.0,648.0,248.0,100.0,100.0,639.0,240.0,637.0,245.0,612.0,234.0,642.0,242.0,,,,,,,,0.0,0.0,0.0,0.0,0.0,0.0,0.0,0.0,0.0,23,0,0,0,0,0,0,0,0,0,0,0,0,0,0,0,12,2,0.0,0.0,0.0,0.0,0.0,0.0,0.0,0.0,0.0,0,0,0,0
279,Matheus,França de Oliveira,M.França,u,Has joined CR Vasco da Gama on loan for the rest of the season.,,4.5,456,277.0,0.0,745,319.0,0.0,641.0,246.0,0,0,0.0,0,0.0,0,0,0.0,0.0,0.0,0.0,0.0,696.0,284.0,0.0,0.0,692.0,280.0,689.0,282.0,669.0,274.0,693.0,281.0,,,,,,,,0.0,0.0,0.0,0.0,0.0,0.0,0.0,0.0,0.0,23,0,0,0,0,0,0,0,0,0,0,0,0,0,0,0,0,1,0.0,0.0,0.0,0.0,0.0,0.0,0.0,0.0,0.0,0,0,0,0
280,David,Ozoh,Ozoh,u,Has joined Derby County on loan for the rest of the season.,,4.5,452,273.0,0.0,791,351.0,0.0,639.0,244.0,0,0,0.0,0,0.0,0,0,0.0,0.0,0.0,0.0,0.0,694.0,282.0,0.0,0.0,690.0,278.0,687.0,280.0,667.0,272.0,691.0,279.0,,,,,,,,0.0,0.0,0.0,0.0,0.0,0.0,0.0,0.0,0.0,23,0,0,0,0,0,0,0,0,0,0,0,0,0,0,0,0,0,0.0,0.0,0.0,0.0,0.0,0.0,0.0,0.0,0.0,0,0,0,0
281,Kaden,Rodney,Rodney,a,,,4.4,544,327.0,0.0,586,219.0,0.2,366.0,160.0,0,0,0.0,-1,1.0,4,3,0.0,0.2,0.2,0.2,1.0,444.0,199.0,,,645.0,246.0,466.0,226.0,618.0,240.0,648.0,248.0,,,,,,,,0.0,0.0,0.0,19.5,0.0,0.0,0.0,0.0,0.0,23,0,0,0,0,0,0,0,0,0,0,0,0,0,0,0,21,19,0.0,0.0,0.0,0.0,0.0,0.0,0.0,0.0,0.0,0,0,0,0
282,Franco,Umeh-Chibueze,Umeh,u,has joined Portsmouth permanently.,,4.5,470,288.0,0.0,683,286.0,0.0,651.0,254.0,0,0,0.0,0,0.0,0,1,0.0,0.0,0.0,0.0,0.0,705.0,291.0,0.0,0.0,703.0,289.0,699.0,290.0,681.0,284.0,704.0,290.0,,,,,,,,0.0,0.0,0.0,0.0,0.0,0.0,0.0,0.0,0.0,23,0,0,0,0,0,0,0,0,0,0,0,0,0,0,0,0,3,0.0,0.0,0.0,0.0,0.0,0.0,0.0,0.0,0.0,0,0,0,0
283,Jean-Philippe,Mateta,Mateta,a,,,7.5,21,7.0,10.1,44,8.0,2.8,109.0,12.0,0,0,0.0,0,0.0,331,837,0.4,10.9,2.8,2.8,3.7,110.0,9.0,100.0,100.0,57.0,5.0,188.0,17.0,3.0,3.0,26.0,5.0,,,2.0,,,,,0.56,0.06,0.62,1.21,0.0,0.4,0.99,1.09,5.34,23,0,0,0,0,0,0,0,0,0,0,0,0,0,0,0,2316,17634,0.0,0.0,0.0,0.0,0.0,0.0,0.0,0.0,0.0,0,0,0,0
284,Eddie,Nketiah,Nketiah,i,Hamstring injury - Unknown return date,,5.4,165,40.0,0.4,286,44.0,0.2,397.0,45.0,0,0,0.0,-1,1.0,0,45,0.0,4.3,0.0,0.0,1.9,333.0,34.0,0.0,0.0,290.0,28.0,240.0,26.0,113.0,30.0,248.0,28.0,,,,,,,,0.38,0.1,0.48,2.06,0.0,0.0,2.61,0.43,8.26,23,0,0,0,0,0,0,0,0,0,0,0,0,0,0,0,13,568,0.0,0.0,0.0,0.0,0.0,0.0,0.0,0.0,0.0,0,0,0,0
285,Odsonne,Édouard,Édouard,u,has joined RC Lens permanently.,,5.0,247,51.0,0.2,360,58.0,0.0,725.0,76.0,0,0,0.0,0,0.0,0,3,0.0,0.2,0.0,0.0,1.0,470.0,54.0,0.0,0.0,466.0,54.0,756.0,83.0,750.0,83.0,481.0,59.0,,,,,,,,0.0,0.0,0.0,12.15,0.0,0.0,0.0,0.0,45.0,23,0,0,0,0,0,0,0,0,0,0,0,0,0,0,0,0,18,0.0,0.0,0.0,0.0,0.0,0.0,0.0,0.0,0.0,0,0,0,0
286,Zach,Marsh,Marsh,a,,,4.4,550,77.0,0.3,309,51.0,0.0,597.0,61.0,0,0,0.0,-1,1.0,10,12,0.0,0.0,0.0,0.0,0.0,658.0,70.0,,,651.0,70.0,648.0,69.0,624.0,69.0,654.0,70.0,,,,,,,,0.0,0.0,0.0,0.0,0.0,0.0,0.0,0.0,0.0,23,0,0,0,0,0,0,0,0,0,0,0,0,0,0,0,115,108,0.0,0.0,0.0,0.0,0.0,0.0,0.0,0.0,0.0,0,0,0,0
580,Brennan,Johnson,Johnson,a,,,6.5,51,33.0,2.5,114,37.0,1.0,280.0,125.0,0,0,0.0,-5,5.0,98,100,0.2,6.0,1.0,1.0,2.1,314.0,139.0,,,260.0,112.0,184.0,122.0,128.0,75.0,221.0,111.0,,,,,,,,0.16,0.04,0.2,1.52,0.0,0.42,0.84,0.95,6.12,23,0,0,0,0,0,0,0,0,0,0,0,0,0,0,0,619,1227,0.0,0.0,0.0,0.0,0.0,0.0,0.0,0.0,0.0,0,0,0,0
690,Rio,Cardines,Cardines,d,Groin Injury - 25% chance of playing,,4.4,554,332.0,0.3,325,109.0,0.0,600.0,215.0,0,0,0.0,-1,1.0,0,6,0.0,0.0,0.0,0.0,0.0,661.0,256.0,25.0,25.0,654.0,250.0,651.0,254.0,627.0,244.0,657.0,252.0,,,,,,,,0.0,0.0,0.0,0.0,0.0,0.0,0.0,0.0,0.0,23,0,0,0,0,0,0,0,0,0,0,0,0,0,0,0,2,59,0.0,0.0,0.0,0.0,0.0,0.0,0.0,0.0,0.0,0,0,0,0
712,Yéremy,Pino Santos,Yeremy,a,,,5.8,110,69.0,0.2,343,115.0,3.3,71.0,34.0,0,0,0.0,-2,2.0,91,38,0.6,9.8,3.3,3.3,2.9,204.0,89.0,100.0,100.0,180.0,74.0,22.0,21.0,50.0,30.0,48.0,34.0,1.0,1.0,,,,,,0.22,0.26,0.48,1.3,0.0,0.38,1.19,1.13,7.27,23,0,0,0,0,0,0,0,0,0,0,0,0,0,0,0,773,609,0.0,0.0,0.0,0.0,0.0,0.0,0.0,0.0,0.0,0,0,0,0
723,Jaydee,Canvot,Canvot,a,,,4.5,504,97.0,0.0,638,221.0,2.2,167.0,64.0,0,0,0.0,0,0.0,4,2,0.5,6.0,2.2,2.2,3.4,128.0,50.0,100.0,100.0,317.0,122.0,419.0,152.0,378.0,136.0,379.0,136.0,,,,,,,,0.02,0.04,0.06,1.7,0.0,0.62,0.94,0.62,14.69,23,0,0,0,0,0,0,0,0,0,0,0,0,0,0,0,11,58,0.0,0.0,0.0,0.0,0.0,0.0,0.0,0.0,0.0,0,0,0,0
732,Christantus,Uche,Uche,a,,,5.5,155,38.0,0.0,580,77.0,0.5,323.0,37.0,0,0,0.0,0,0.0,8,6,0.1,2.4,0.5,0.5,1.3,414.0,48.0,,,434.0,48.0,423.0,52.0,261.0,47.0,406.0,49.0,,,,,,,,0.3,0.01,0.31,3.34,0.0,0.0,3.3,0.0,6.61,23,0,0,0,0,0,0,0,0,0,0,0,0,0,0,0,45,54,0.0,0.0,0.0,0.0,0.0,0.0,0.0,0.0,0.0,0,0,0,0
762,Joél,Drakes-Thomas,Drakes-Thomas,a,,,4.5,507,314.0,0.0,762,331.0,0.2,379.0,171.0,0,0,0.0,0,0.0,0,0,0.0,0.4,0.2,0.2,1.0,459.0,213.0,,,470.0,218.0,443.0,216.0,710.0,306.0,477.0,221.0,,,,,,,,0.0,0.0,0.0,9.39,0.0,0.0,12.86,0.0,38.57,23,0,0,0,0,0,0,0,0,0,0,0,0,0,0,0,5,3,0.0,0.0,0.0,0.0,0.0,0.0,0.0,0.0,0.0,0,0,0,0
773,Dean,Benamar,Benamar,a,,,4.0,717,206.0,0.0,744,254.0,0.0,527.0,219.0,0,0,0.0,0,0.0,0,0,0.0,0.0,0.0,0.0,0.0,608.0,239.0,,,597.0,238.0,592.0,239.0,559.0,234.0,601.0,239.0,,,,,,,,0.0,0.0,0.0,0.0,0.0,0.0,0.0,0.0,0.0,23,0,0,0,0,0,0,0,0,0,0,0,0,0,0,0,6,7,0.0,0.0,0.0,0.0,0.0,0.0,0.0,0.0,0.0,0,0,0,0
780,Ben,Casey,Casey,a,,,4.5,500,69.0,0.0,726,86.0,0.0,675.0,70.0,0,0,0.0,0,0.0,7,2,0.0,0.0,0.0,0.0,0.0,728.0,79.0,,,728.0,79.0,723.0,78.0,706.0,78.0,728.0,79.0,,,,,,,,0.0,0.0,0.0,0.0,0.0,0.0,0.0,0.0,0.0,23,0,0,0,0,0,0,0,0,0,0,0,0,0,0,0,39,17,0.0,0.0,0.0,0.0,0.0,0.0,0.0,0.0,0.0,0,0,0,0
793,George,King,King,a,,,4.0,706,195.0,0.0,758,258.0,0.0,519.0,211.0,0,0,0.0,0,0.0,2,3,0.0,0.0,0.0,0.0,0.0,600.0,231.0,,,589.0,230.0,584.0,231.0,550.0,225.0,592.0,230.0,,,,,,,,0.0,0.0,0.0,0.0,0.0,0.0,0.0,0.0,0.0,23,0,0,0,0,0,0,0,0,0,0,0,0,0,0,0,14,10,0.0,0.0,0.0,0.0,0.0,0.0,0.0,0.0,0.0,0,0,0,0
798,Danny,Imray,Imray,a,,,4.0,684,178.0,0.0,790,261.0,0.0,499.0,196.0,0,0,0.0,0,0.0,3,0,0.0,0.0,0.0,0.0,0.0,581.0,217.0,,,570.0,216.0,565.0,217.0,530.0,210.0,573.0,216.0,,,,,,,,0.0,0.0,0.0,0.0,0.0,0.0,0.0,0.0,0.0,23,0,0,0,0,0,0,0,0,0,0,0,0,0,0,0,8,1,0.0,0.0,0.0,0.0,0.0,0.0,0.0,0.0,0.0,0,0,0,0
242,Kiernan,Dewsbury-Hall,Dewsbury-Hall,d,Lack of match fitness - 75% chance of playing,,4.9,308,192.0,2.2,123,41.0,0.0,706.0,294.0,0,0,0.0,-1,1.0,220,244,0.0,15.3,0.0,0.0,5.0,14.0,6.0,75.0,75.0,143.0,52.0,54.0,44.0,102.0,61.0,81.0,50.0,2.0,,,,,,,0.11,0.2,0.31,1.26,0.0,0.43,1.15,1.07,7.8,23,0,0,0,0,0,0,0,0,0,0,0,0,0,0,0,2535,3791,0.0,0.0,0.0,0.0,0.0,0.0,0.0,0.0,0.0,0,0,0,0
287,Jordan,Pickford,Pickford,a,,,5.6,126,3.0,13.6,29,4.0,5.0,13.0,1.0,0,0,0.0,1,-1.0,1944,368,0.9,17.9,5.0,5.0,4.5,38.0,1.0,,,16.0,5.0,469.0,16.0,787.0,89.0,173.0,6.0,,,,,,,,0.0,0.01,0.01,1.46,2.82,0.41,1.14,1.0,0.0,23,0,0,0,0,0,0,0,0,0,0,0,0,0,0,0,25561,3284,0.0,0.0,0.0,0.0,0.0,0.0,0.0,0.0,0.0,0,0,0,0
288,Mark,Travers,Travers,a,,,4.3,575,28.0,0.1,454,70.0,0.0,554.0,82.0,0,0,0.0,-2,2.0,1,4,0.0,0.0,0.0,0.0,0.0,621.0,85.0,,,610.0,85.0,608.0,77.0,579.0,64.0,614.0,85.0,,,,,,,,0.0,0.0,0.0,0.0,0.0,0.0,0.0,0.0,0.0,23,0,0,0,0,0,0,0,0,0,0,0,0,0,0,0,20,19,0.0,0.0,0.0,0.0,0.0,0.0,0.0,0.0,0.0,0,0,0,0
289,Harry,Tyrer,Tyrer,u,has joined Cardiff City permanently.,,3.9,741,77.0,0.1,466,71.0,0.0,445.0,41.0,0,0,0.0,-1,1.0,0,5,0.0,0.0,0.0,0.0,0.0,527.0,46.0,0.0,0.0,517.0,46.0,510.0,33.0,473.0,18.0,520.0,46.0,,,,,,,,0.0,0.0,0.0,0.0,0.0,0.0,0.0,0.0,0.0,23,0,0,0,0,0,0,0,0,0,0,0,0,0,0,0,0,73,0.0,0.0,0.0,0.0,0.0,0.0,0.0,0.0,0.0,0,0,0,0
290,Jarrad,Branthwaite,Branthwaite,d,Lack of match fitness - 75% chance of playing,,5.3,197,25.0,0.1,417,154.0,0.0,757.0,256.0,0,0,0.0,-2,2.0,5,2,0.0,0.0,0.0,0.0,0.0,778.0,260.0,75.0,75.0,778.0,260.0,777.0,260.0,772.0,259.0,778.0,260.0,,,,,,,,0.0,0.0,0.0,0.0,0.0,0.0,0.0,0.0,0.0,23,0,0,0,0,0,0,0,0,0,0,0,0,0,0,0,52,26,0.0,0.0,0.0,0.0,0.0,0.0,0.0,0.0,0.0,0,0,0,0
291,James,Tarkowski,Tarkowski,a,,,5.8,102,7.0,13.9,25,8.0,5.2,12.0,6.0,0,0,0.0,3,-3.0,2063,727,0.9,18.6,5.2,5.2,4.9,20.0,9.0,,,11.0,5.0,144.0,36.0,116.0,20.0,55.0,8.0,,,,,,,,0.05,0.05,0.1,1.46,0.0,0.41,1.14,1.0,11.18,23,0,0,0,0,0,0,0,0,0,0,0,0,0,0,0,42057,5534,0.0,0.0,0.0,0.0,0.0,0.0,0.0,0.0,0.0,0,0,0,0
292,Vitalii,Mykolenko,Mykolenko,a,,,4.9,310,51.0,0.8,202,77.0,3.7,52.0,21.0,0,0,0.0,-1,1.0,75,74,0.8,12.7,3.7,3.7,3.3,146.0,58.0,100.0,100.0,122.0,52.0,128.0,31.0,281.0,85.0,162.0,51.0,,,,,,,,0.01,0.07,0.08,1.43,0.0,0.37,1.27,1.0,7.13,23,0,0,0,0,0,0,0,0,0,0,0,0,0,0,0,2737,722,0.0,0.0,0.0,0.0,0.0,0.0,0.0,0.0,0.0,0,0,0,0
293,Jake,O'Brien,O'Brien,a,,,4.9,335,56.0,0.8,200,76.0,4.2,27.0,10.0,0,0,0.0,-1,1.0,160,69,0.9,15.5,4.2,4.2,3.5,122.0,45.0,,,100.0,43.0,140.0,34.0,222.0,57.0,139.0,45.0,,,,,,,,0.03,0.03,0.06,1.53,0.0,0.39,1.17,0.97,6.82,23,0,0,0,0,0,0,0,0,0,0,0,0,0,0,0,4664,770,0.0,0.0,0.0,0.0,0.0,0.0,0.0,0.0,0.0,0,0,0,0
294,Séamus,Coleman,Coleman,a,,,4.2,618,143.0,0.1,482,174.0,0.0,533.0,222.0,0,0,0.0,-3,3.0,3,0,0.0,0.7,0.0,0.0,1.0,436.0,163.0,100.0,100.0,602.0,241.0,462.0,169.0,564.0,237.0,606.0,242.0,,,,,,,,0.0,0.0,0.0,1.96,0.0,0.0,0.0,8.18,0.0,23,0,0,0,0,0,0,0,0,0,0,0,0,0,0,0,34,10,0.0,0.0,0.0,0.0,0.0,0.0,0.0,0.0,0.0,0,0,0,0
295,Michael,Keane,Keane,a,,,4.7,374,63.0,4.2,84,28.0,2.5,131.0,52.0,0,0,0.0,2,-2.0,113,1192,0.5,20.4,2.5,0.0,5.1,13.0,6.0,100.0,0.0,22.0,8.0,358.0,128.0,109.0,16.0,96.0,26.0,,,,,,,,0.09,0.01,0.1,1.51,0.0,0.32,1.34,1.02,10.42,23,0,0,0,0,0,0,0,0,0,0,0,0,0,0,0,299,26767,0.0,0.0,0.0,0.0,0.0,0.0,0.0,0.0,0.0,0,0,0,0
296,Nathan,Patterson,Patterson,a,,,4.4,528,114.0,0.0,605,218.0,3.0,87.0,32.0,0,0,0.0,-1,1.0,5,2,0.7,4.1,3.0,3.0,4.5,32.0,14.0,100.0,100.0,386.0,147.0,434.0,159.0,364.0,128.0,415.0,151.0,,,,,,,,0.02,0.0,0.02,1.33,0.0,1.08,0.0,1.08,11.93,23,0,0,0,0,0,0,0,0,0,0,0,0,0,0,0,442,44,0.0,0.0,0.0,0.0,0.0,0.0,0.0,0.0,0.0,0,0,0,0
297,Roman,Dixon,Dixon,a,,,3.8,785,246.0,0.2,382,138.0,0.0,416.0,157.0,0,0,0.0,-2,2.0,2,1,0.0,0.0,0.0,0.0,0.0,500.0,180.0,,,490.0,180.0,481.0,180.0,442.0,169.0,493.0,180.0,,,,,,,,0.0,0.0,0.0,0.0,0.0,0.0,0.0,0.0,0.0,23,0,0,0,0,0,0,0,0,0,0,0,0,0,0,0,28,38,0.0,0.0,0.0,0.0,0.0,0.0,0.0,0.0,0.0,0,0,0,0
298,Reece,Welch,Welch,a,,,3.8,783,244.0,0.1,421,155.0,0.0,414.0,155.0,0,0,0.0,-2,2.0,0,4,0.0,0.0,0.0,0.0,0.0,498.0,178.0,,,488.0,178.0,479.0,178.0,440.0,167.0,491.0,178.0,,,,,,,,0.0,0.0,0.0,0.0,0.0,0.0,0.0,0.0,0.0,23,0,0,0,0,0,0,0,0,0,0,0,0,0,0,0,20,28,0.0,0.0,0.0,0.0,0.0,0.0,0.0,0.0,0.0,0,0,0,0
299,Iliman,Ndiaye,Ndiaye,a,,,6.2,75,49.0,3.9,90,29.0,0.0,786.0,351.0,0,0,0.0,-3,3.0,1062,156,0.0,11.8,0.0,0.0,4.6,30.0,15.0,100.0,100.0,99.0,33.0,89.0,67.0,52.0,32.0,59.0,40.0,,,1.0,,,,,0.21,0.18,0.39,1.29,0.0,0.4,1.27,1.07,9.85,23,0,0,0,0,0,0,0,0,0,0,0,0,0,0,0,38818,1867,0.0,0.0,0.0,0.0,0.0,0.0,0.0,0.0,0.0,0,0,0,0
300,Dwight,McNeil,McNeil,a,,,5.5,145,92.0,0.2,375,127.0,3.2,79.0,37.0,0,0,0.0,-5,5.0,20,19,0.6,5.1,3.2,3.2,2.2,296.0,130.0,,,352.0,156.0,180.0,120.0,302.0,157.0,314.0,152.0,,,,,,,,0.07,0.11,0.18,1.76,0.0,0.47,0.47,0.95,7.74,23,0,0,0,0,0,0,0,0,0,0,0,0,0,0,0,815,321,0.0,0.0,0.0,0.0,0.0,0.0,0.0,0.0,0.0,0,0,0,0
301,Carlos,Alcaraz Durán,Alcaraz,a,,,5.2,217,135.0,0.1,486,171.0,0.5,321.0,144.0,0,0,0.0,-3,3.0,1,5,0.1,4.8,0.5,0.5,1.7,362.0,158.0,100.0,100.0,341.0,151.0,162.0,110.0,130.0,76.0,245.0,118.0,,,,,,,,0.14,0.06,0.2,1.78,0.0,0.41,1.1,0.82,8.23,23,0,0,0,0,0,0,0,0,0,0,0,0,0,0,0,26,113,0.0,0.0,0.0,0.0,0.0,0.0,0.0,0.0,0.0,0,0,0,0
302,Idrissa Gana,Gueye,Gana,a,,,5.4,156,98.0,0.1,507,180.0,0.0,759.0,332.0,0,0,0.0,-1,1.0,20,2,0.0,8.1,0.0,0.0,3.4,135.0,59.0,100.0,100.0,213.0,90.0,196.0,128.0,185.0,105.0,225.0,113.0,,,,,,,,0.09,0.05,0.14,1.38,0.0,0.26,1.11,1.11,9.76,23,0,0,0,0,0,0,0,0,0,0,0,0,0,0,0,179,18,0.0,0.0,0.0,0.0,0.0,0.0,0.0,0.0,0.0,0,0,0,0
303,James,Garner,Garner,a,,,5.2,209,131.0,4.5,80,28.0,5.8,8.0,4.0,0,0,0.0,2,-2.0,1599,467,1.1,19.0,5.8,5.8,4.5,36.0,17.0,,,21.0,6.0,19.0,18.0,117.0,67.0,28.0,23.0,3.0,3.0,,,,,,0.07,0.14,0.21,1.46,0.0,0.41,1.14,1.0,12.41,23,0,0,0,0,0,0,0,0,0,0,0,0,0,0,0,36825,4602,0.0,0.0,0.0,0.0,0.0,0.0,0.0,0.0,0.0,0,0,0,0
304,Tim,Iroegbunam,Iroegbunam,i,Knock - Unknown return date,,4.8,365,229.0,0.0,601,231.0,3.3,69.0,32.0,0,0,0.0,-2,2.0,0,12,0.7,10.2,0.0,0.0,2.9,199.0,86.0,0.0,0.0,248.0,105.0,249.0,152.0,293.0,152.0,294.0,143.0,,,,,,,,0.03,0.06,0.09,1.46,0.0,0.68,0.88,1.07,12.09,23,0,0,0,0,0,0,0,0,0,0,0,0,0,0,0,2,118,0.0,0.0,0.0,0.0,0.0,0.0,0.0,0.0,0.0,0,0,0,0
305,Harrison,Armstrong,Armstrong,a,,,4.5,491,303.0,0.1,550,200.0,1.3,234.0,99.0,0,0,0.0,0,0.0,9,5,0.3,2.0,1.3,1.3,2.2,287.0,123.0,100.0,100.0,416.0,184.0,346.0,182.0,377.0,190.0,412.0,187.0,,,,,,,,0.0,0.05,0.05,1.15,0.0,0.47,0.95,0.95,9.0,23,0,0,0,0,0,0,0,0,0,0,0,0,0,0,0,190,23,0.0,0.0,0.0,0.0,0.0,0.0,0.0,0.0,0.0,0,0,0,0
306,Callum,Bates,Bates,a,,,4.3,603,351.0,0.1,508,181.0,0.0,566.0,197.0,0,0,0.0,-2,2.0,8,4,0.0,0.0,0.0,0.0,0.0,632.0,239.0,,,622.0,230.0,620.0,235.0,592.0,223.0,625.0,232.0,,,,,,,,0.0,0.0,0.0,0.0,0.0,0.0,0.0,0.0,0.0,23,0,0,0,0,0,0,0,0,0,0,0,0,0,0,0,81,62,0.0,0.0,0.0,0.0,0.0,0.0,0.0,0.0,0.0,0,0,0,0
307,Coby,Ebere,Ebere,a,,,4.4,540,324.0,0.0,599,229.0,0.0,589.0,209.0,0,0,0.0,-1,1.0,0,0,0.0,0.0,0.0,0.0,0.0,651.0,251.0,,,642.0,243.0,640.0,248.0,615.0,237.0,645.0,245.0,,,,,,,,0.0,0.0,0.0,0.0,0.0,0.0,0.0,0.0,0.0,23,0,0,0,0,0,0,0,0,0,0,0,0,0,0,0,17,12,0.0,0.0,0.0,0.0,0.0,0.0,0.0,0.0,0.0,0,0,0,0
308,Isaac,Heath,Heath,u,has joined Accrington on loan for the rest of the season.,,4.5,445,267.0,0.0,681,284.0,0.0,633.0,238.0,0,0,0.0,0,0.0,0,1,0.0,0.0,0.0,0.0,0.0,688.0,276.0,0.0,0.0,684.0,272.0,681.0,274.0,661.0,266.0,685.0,273.0,,,,,,,,0.0,0.0,0.0,0.0,0.0,0.0,0.0,0.0,0.0,23,0,0,0,0,0,0,0,0,0,0,0,0,0,0,0,0,2,0.0,0.0,0.0,0.0,0.0,0.0,0.0,0.0,0.0,0,0,0,0
309,Jenson,Metcalfe,Metcalfe,u,Has joined Bradford City permanently.,,4.5,440,265.0,0.0,797,357.0,0.0,631.0,236.0,0,0,0.0,0,0.0,0,0,0.0,0.0,0.0,0.0,0.0,686.0,274.0,0.0,0.0,681.0,270.0,679.0,272.0,659.0,264.0,683.0,271.0,,,,,,,,0.0,0.0,0.0,0.0,0.0,0.0,0.0,0.0,0.0,23,0,0,0,0,0,0,0,0,0,0,0,0,0,0,0,0,0,0.0,0.0,0.0,0.0,0.0,0.0,0.0,0.0,0.0,0,0,0,0
310,Thierno,Barry,Barry,a,,,5.7,123,32.0,0.8,201,32.0,3.8,45.0,6.0,0,0,0.0,-3,3.0,243,108,0.7,8.8,3.8,3.8,2.3,279.0,29.0,,,241.0,21.0,194.0,18.0,56.0,20.0,156.0,18.0,,,,,,,,0.27,0.01,0.28,1.42,0.0,0.53,1.22,1.07,2.97,23,0,0,0,0,0,0,0,0,0,0,0,0,0,0,0,6431,1155,0.0,0.0,0.0,0.0,0.0,0.0,0.0,0.0,0.0,0,0,0,0
311,Norberto Bercique,Gomes Betuncal,Beto,a,,,5.0,262,52.0,2.4,116,18.0,1.7,208.0,26.0,0,0,0.0,-5,5.0,52,104,0.3,7.4,1.7,1.7,1.7,361.0,40.0,,,281.0,26.0,305.0,33.0,54.0,19.0,208.0,24.0,,,2.0,,,,,0.48,0.02,0.5,1.62,0.0,0.22,1.3,0.87,5.1,23,0,0,0,0,0,0,0,0,0,0,0,0,0,0,0,848,1299,0.0,0.0,0.0,0.0,0.0,0.0,0.0,0.0,0.0,0,0,0,0
312,Youssef,Ramalho Chermiti,Y.Chermiti,u,has joined Rangers permanently.,,4.9,334,59.0,0.1,531,74.0,0.0,717.0,75.0,0,0,0.0,-1,1.0,0,0,0.0,0.0,0.0,0.0,0.0,755.0,83.0,0.0,0.0,755.0,83.0,751.0,82.0,743.0,82.0,755.0,83.0,,,,,,,,0.0,0.0,0.0,0.0,0.0,0.0,0.0,0.0,0.0,23,0,0,0,0,0,0,0,0,0,0,0,0,0,0,0,0,1,0.0,0.0,0.0,0.0,0.0,0.0,0.0,0.0,0.0,0,0,0,0
313,Martin,Sherif,Sherif,a,,,4.4,546,75.0,0.1,443,63.0,0.0,593.0,59.0,0,0,0.0,-1,1.0,7,2,0.0,0.0,0.0,0.0,0.0,655.0,68.0,100.0,100.0,647.0,68.0,644.0,67.0,620.0,67.0,650.0,68.0,,,,,,,,0.0,0.0,0.0,0.0,0.0,0.0,0.0,0.0,0.0,23,0,0,0,0,0,0,0,0,0,0,0,0,0,0,0,58,13,0.0,0.0,0.0,0.0,0.0,0.0,0.0,0.0,0.0,0,0,0,0
419,Jack,Grealish,Grealish,i,Foot injury - Unknown return date,,6.4,56,36.0,8.2,50,18.0,2.2,176.0,69.0,0,0,0.0,-1,1.0,5,3534,0.3,12.3,0.0,0.0,4.0,74.0,33.0,0.0,0.0,84.0,27.0,13.0,13.0,27.0,14.0,15.0,13.0,,,,,,,,0.11,0.19,0.3,1.43,0.0,0.39,1.27,1.0,7.47,23,0,0,0,0,0,0,0,0,0,0,0,0,0,0,0,38,44791,0.0,0.0,0.0,0.0,0.0,0.0,0.0,0.0,0.0,0,0,0,0
630,Tom,King,King,a,,,3.9,729,71.0,1.3,161,21.0,0.0,437.0,35.0,0,0,0.0,-1,1.0,9,21,0.0,0.0,0.0,0.0,0.0,519.0,40.0,,,509.0,40.0,502.0,27.0,464.0,12.0,512.0,40.0,,,,,,,,0.0,0.0,0.0,0.0,0.0,0.0,0.0,0.0,0.0,23,0,0,0,0,0,0,0,0,0,0,0,0,0,0,0,90,264,0.0,0.0,0.0,0.0,0.0,0.0,0.0,0.0,0.0,0,0,0,0
667,Adam,Aznou,Aznou,a,,,4.2,631,150.0,0.1,562,203.0,0.0,539.0,224.0,0,0,0.0,-3,3.0,2,0,0.0,0.0,0.0,0.0,0.0,615.0,242.0,100.0,100.0,605.0,242.0,602.0,242.0,571.0,238.0,609.0,243.0,,,,,,,,0.0,0.0,0.0,0.0,0.0,0.0,0.0,0.0,0.0,23,0,0,0,0,0,0,0,0,0,0,0,0,0,0,0,10,10,0.0,0.0,0.0,0.0,0.0,0.0,0.0,0.0,0.0,0,0,0,0
704,Tyler,Onyango,Onyango,u,has joined Stockport County on loan for the rest of the season.,,4.5,430,258.0,0.1,573,213.0,0.0,625.0,230.0,0,0,0.0,0,0.0,0,0,0.0,0.0,0.0,0.0,0.0,681.0,269.0,0.0,0.0,675.0,264.0,674.0,267.0,653.0,259.0,678.0,266.0,,,,,,,,0.0,0.0,0.0,0.0,0.0,0.0,0.0,0.0,0.0,23,0,0,0,0,0,0,0,0,0,0,0,0,0,0,0,0,3,0.0,0.0,0.0,0.0,0.0,0.0,0.0,0.0,0.0,0,0,0,0
705,Elijah,Campbell,Campbell,a,,,3.9,753,221.0,0.2,395,143.0,0.0,453.0,173.0,0,0,0.0,-1,1.0,2,5,0.0,0.0,0.0,0.0,0.0,535.0,194.0,,,525.0,194.0,518.0,195.0,481.0,186.0,528.0,194.0,,,,,,,,0.0,0.0,0.0,0.0,0.0,0.0,0.0,0.0,0.0,23,0,0,0,0,0,0,0,0,0,0,0,0,0,0,0,19,22,0.0,0.0,0.0,0.0,0.0,0.0,0.0,0.0,0.0,0,0,0,0
707,Tyler,Dibling,Dibling,a,,,5.3,199,124.0,0.0,630,252.0,1.3,238.0,102.0,0,0,0.0,-2,2.0,0,6,0.2,2.8,1.3,1.3,1.4,401.0,181.0,,,393.0,172.0,315.0,175.0,331.0,173.0,383.0,177.0,,,,,,,,0.06,0.02,0.08,1.64,0.0,0.56,0.56,1.13,11.0,23,0,0,0,0,0,0,0,0,0,0,0,0,0,0,0,21,72,0.0,0.0,0.0,0.0,0.0,0.0,0.0,0.0,0.0,0,0,0,0
728,Merlin,Röhl,Röhl,a,,,5.0,273,168.0,0.0,703,297.0,1.8,192.0,80.0,0,0,0.0,0,0.0,6,0,0.4,3.2,1.8,1.8,1.6,376.0,167.0,100.0,100.0,366.0,161.0,273.0,161.0,323.0,170.0,358.0,169.0,,,,,,,,0.13,0.04,0.17,1.6,0.0,0.51,1.02,0.51,10.96,23,0,0,0,0,0,0,0,0,0,0,0,0,0,0,0,39,13,0.0,0.0,0.0,0.0,0.0,0.0,0.0,0.0,0.0,0,0,0,0
779,Braiden,Graham,Graham,a,,,4.5,498,68.0,0.0,705,84.0,0.0,674.0,69.0,0,0,0.0,0,0.0,9,3,0.0,0.0,0.0,0.0,0.0,727.0,78.0,,,727.0,78.0,722.0,77.0,705.0,77.0,727.0,78.0,,,,,,,,0.0,0.0,0.0,0.0,0.0,0.0,0.0,0.0,0.0,23,0,0,0,0,0,0,0,0,0,0,0,0,0,0,0,50,17,0.0,0.0,0.0,0.0,0.0,0.0,0.0,0.0,0.0,0,0,0,0
314,Bernd,Leno,Leno,a,,,4.9,285,11.0,1.7,146,20.0,2.5,134.0,14.0,0,0,0.0,-1,1.0,24,105,0.5,13.7,2.5,2.5,3.0,188.0,17.0,,,30.0,9.0,736.0,86.0,726.0,80.0,194.0,10.0,,,,,,,,0.0,0.0,0.0,1.38,2.59,0.23,1.41,1.0,0.0,23,0,0,0,0,0,0,0,0,0,0,0,0,0,0,0,1620,1654,0.0,0.0,0.0,0.0,0.0,0.0,0.0,0.0,0.0,0,0,0,0
315,Steven,Benda,Benda,a,,,4.0,664,49.0,0.0,741,85.0,0.0,481.0,62.0,0,0,0.0,0,0.0,2,2,0.0,0.0,0.0,0.0,0.0,564.0,67.0,100.0,100.0,553.0,67.0,548.0,56.0,513.0,41.0,556.0,67.0,,,,,,,,0.0,0.0,0.0,0.0,0.0,0.0,0.0,0.0,0.0,23,0,0,0,0,0,0,0,0,0,0,0,0,0,0,0,25,10,0.0,0.0,0.0,0.0,0.0,0.0,0.0,0.0,0.0,0,0,0,0
316,Antonee,Robinson,Robinson,a,,,4.9,293,46.0,0.8,196,75.0,2.5,136.0,54.0,0,0,0.0,-1,1.0,53,64,0.5,6.3,2.5,2.5,3.1,169.0,69.0,100.0,100.0,238.0,98.0,120.0,29.0,322.0,103.0,237.0,81.0,,,,,,,,0.03,0.14,0.17,1.46,0.0,0.27,0.94,0.94,8.02,23,0,0,0,0,0,0,0,0,0,0,0,0,0,0,0,2023,1144,0.0,0.0,0.0,0.0,0.0,0.0,0.0,0.0,0.0,0,0,0,0
317,Joachim,Andersen,Andersen,a,,,4.6,390,67.0,5.4,73,25.0,2.5,129.0,51.0,0,0,0.0,1,-1.0,124,708,0.5,17.0,2.5,2.5,3.7,98.0,37.0,100.0,100.0,19.0,6.0,256.0,75.0,235.0,64.0,110.0,36.0,,,,,,,,0.04,0.07,0.11,1.32,0.0,0.24,1.37,1.03,10.85,23,0,0,0,0,0,0,0,0,0,0,0,0,0,0,0,4891,7743,0.0,0.0,0.0,0.0,0.0,0.0,0.0,0.0,0.0,0,0,0,0
318,Calvin,Bassey,Bassey,a,,,4.4,525,111.0,0.4,281,106.0,0.0,583.0,239.0,0,0,0.0,-1,1.0,41,13,0.0,12.5,0.0,0.0,3.4,127.0,49.0,100.0,100.0,105.0,46.0,259.0,78.0,283.0,86.0,200.0,64.0,,,,,,,,0.06,0.01,0.07,1.38,0.0,0.2,1.66,0.99,7.95,23,0,0,0,0,0,0,0,0,0,0,0,0,0,0,0,1134,164,0.0,0.0,0.0,0.0,0.0,0.0,0.0,0.0,0.0,0,0,0,0
319,Timothy,Castagne,Castagne,a,,,4.3,570,126.0,0.1,453,167.0,0.7,295.0,108.0,0,0,0.0,-2,2.0,5,2,0.2,4.9,0.7,0.7,1.2,419.0,153.0,,,242.0,99.0,193.0,49.0,232.0,62.0,257.0,88.0,,,,,,,,0.1,0.04,0.14,1.72,0.0,0.0,1.9,0.95,7.59,23,0,0,0,0,0,0,0,0,0,0,0,0,0,0,0,215,198,0.0,0.0,0.0,0.0,0.0,0.0,0.0,0.0,0.0,0,0,0,0
320,Issa,Diop,Diop,a,,,4.3,572,128.0,0.1,520,187.0,0.8,284.0,104.0,0,0,0.0,-2,2.0,2,2,0.2,2.3,0.8,0.8,1.2,420.0,154.0,,,353.0,134.0,421.0,154.0,384.0,141.0,404.0,145.0,,,,,,,,0.0,0.01,0.01,1.79,0.0,0.0,1.97,0.87,7.65,23,0,0,0,0,0,0,0,0,0,0,0,0,0,0,0,17,58,0.0,0.0,0.0,0.0,0.0,0.0,0.0,0.0,0.0,0,0,0,0
321,Jorge,Cuenca Barreno,J.Cuenca,a,,,4.3,579,133.0,0.1,555,200.0,3.0,85.0,30.0,0,0,0.0,-2,2.0,2,4,0.7,7.0,3.0,3.0,3.3,139.0,56.0,,,243.0,100.0,364.0,131.0,401.0,149.0,336.0,115.0,,,,,,,,0.0,0.01,0.01,1.26,0.0,0.27,0.81,1.09,11.0,23,0,0,0,0,0,0,0,0,0,0,0,0,0,0,0,151,111,0.0,0.0,0.0,0.0,0.0,0.0,0.0,0.0,0.0,0,0,0,0
322,Kenny,Tete,Tete,d,Lack of match fitness - 75% chance of playing,,4.5,406,75.0,0.3,302,112.0,1.2,246.0,90.0,0,0,0.0,0,0.0,0,55,0.3,14.4,0.9,0.9,4.1,62.0,27.0,75.0,75.0,112.0,48.0,167.0,40.0,237.0,66.0,172.0,56.0,,,,,,,,0.03,0.06,0.09,1.32,0.0,0.33,1.2,1.07,8.42,23,0,0,0,0,0,0,0,0,0,0,0,0,0,0,0,17,1144,0.0,0.0,0.0,0.0,0.0,0.0,0.0,0.0,0.0,0,0,0,0
323,Samuel,Amissah,Amissah,a,,,3.8,801,261.0,0.1,415,153.0,0.0,428.0,168.0,0,0,0.0,-2,2.0,2,6,0.0,0.0,0.0,0.0,0.0,511.0,190.0,,,501.0,190.0,493.0,191.0,455.0,181.0,504.0,190.0,,,,,,,,0.0,0.0,0.0,0.0,0.0,0.0,0.0,0.0,0.0,23,0,0,0,0,0,0,0,0,0,0,0,0,0,0,0,23,99,0.0,0.0,0.0,0.0,0.0,0.0,0.0,0.0,0.0,0,0,0,0
324,Alex,Iwobi,Iwobi,a,,,6.3,65,43.0,0.7,211,72.0,0.0,788.0,353.0,0,0,0.0,-2,2.0,77,15,0.0,8.9,0.0,0.0,3.5,124.0,55.0,100.0,100.0,169.0,65.0,38.0,36.0,139.0,82.0,86.0,53.0,5.0,,,,,,,0.05,0.14,0.19,1.38,0.0,0.2,1.63,1.08,6.7,23,0,0,0,0,0,0,0,0,0,0,0,0,0,0,0,1532,215,0.0,0.0,0.0,0.0,0.0,0.0,0.0,0.0,0.0,0,0,0,0
325,Emile,Smith Rowe,Smith Rowe,d,Fatigue - 75% chance of playing,,5.6,130,80.0,0.7,221,76.0,2.3,157.0,64.0,0,0,0.0,-4,4.0,5,120,0.4,9.3,1.7,1.7,2.4,268.0,115.0,75.0,75.0,208.0,88.0,104.0,77.0,76.0,48.0,128.0,68.0,,,,,,,,0.27,0.06,0.33,1.52,0.0,0.28,1.2,0.92,7.64,23,0,0,0,0,0,0,0,0,0,0,0,0,0,0,0,99,2773,0.0,0.0,0.0,0.0,0.0,0.0,0.0,0.0,0.0,0,0,0,0
326,Adama,Traoré Diarra,Adama,a,,,5.1,225,139.0,0.1,420,141.0,0.5,319.0,143.0,0,0,0.0,-4,4.0,13,5,0.1,3.3,0.5,0.5,1.1,425.0,192.0,,,424.0,189.0,281.0,162.0,278.0,148.0,368.0,173.0,,,,,,,,0.07,0.19,0.26,1.69,0.0,0.0,2.41,0.34,4.83,23,0,0,0,0,0,0,0,0,0,0,0,0,0,0,0,58,41,0.0,0.0,0.0,0.0,0.0,0.0,0.0,0.0,0.0,0,0,0,0
327,Andreas,Hoelgebaum Pereira,Andreas,u,has joined Palmeiras permanently.,,5.3,185,114.0,0.1,547,198.0,0.0,753.0,329.0,0,0,0.0,-2,2.0,0,0,0.0,0.0,0.0,0.0,0.0,777.0,343.0,0.0,0.0,777.0,343.0,776.0,343.0,771.0,342.0,777.0,343.0,,,,,,,,0.0,0.0,0.0,0.0,0.0,0.0,0.0,0.0,0.0,23,0,0,0,0,0,0,0,0,0,0,0,0,0,0,0,0,2,0.0,0.0,0.0,0.0,0.0,0.0,0.0,0.0,0.0,0,0,0,0
328,Ryan,Sessegnon,Sessegnon,a,,,5.4,163,102.0,0.2,396,135.0,0.7,303.0,137.0,0,0,0.0,-1,1.0,4,5,0.1,11.1,0.7,0.7,4.0,72.0,31.0,100.0,100.0,172.0,68.0,187.0,124.0,147.0,86.0,187.0,100.0,,,,,,,,0.07,0.1,0.17,1.29,0.0,0.3,1.59,1.06,10.08,23,0,0,0,0,0,0,0,0,0,0,0,0,0,0,0,696,241,0.0,0.0,0.0,0.0,0.0,0.0,0.0,0.0,0.0,0,0,0,0
329,Harry,Wilson,Wilson,a,,,6.0,83,55.0,23.2,15,5.0,4.0,35.0,14.0,0,0,0.0,5,-5.0,2101,1744,0.7,17.3,4.0,4.0,5.0,15.0,7.0,100.0,100.0,41.0,10.0,41.0,38.0,28.0,15.0,22.0,18.0,3.0,3.0,3.0,,,,,0.22,0.16,0.38,1.22,0.0,0.34,1.14,1.08,6.14,23,0,0,0,0,0,0,0,0,0,0,0,0,0,0,0,57353,14575,0.0,0.0,0.0,0.0,0.0,0.0,0.0,0.0,0.0,0,0,0,0
330,Sander,Berge,Berge,a,,,4.9,301,187.0,0.1,503,178.0,3.0,91.0,43.0,0,0,0.0,-1,1.0,6,4,0.6,11.4,3.0,3.0,2.5,254.0,109.0,,,123.0,43.0,84.0,62.0,294.0,153.0,142.0,79.0,,,,,,,,0.03,0.04,0.07,1.39,0.0,0.25,1.44,1.04,8.8,23,0,0,0,0,0,0,0,0,0,0,0,0,0,0,0,262,117,0.0,0.0,0.0,0.0,0.0,0.0,0.0,0.0,0.0,0,0,0,0
331,Tom,Cairney,Cairney,a,,,4.8,346,217.0,0.0,625,247.0,2.0,182.0,74.0,0,0,0.0,-2,2.0,1,2,0.4,4.6,2.0,2.0,1.6,373.0,165.0,100.0,100.0,344.0,153.0,245.0,148.0,301.0,156.0,330.0,161.0,,,,,,,,0.15,0.06,0.21,1.65,0.0,0.0,1.71,0.64,7.27,23,0,0,0,0,0,0,0,0,0,0,0,0,0,0,0,28,21,0.0,0.0,0.0,0.0,0.0,0.0,0.0,0.0,0.0,0,0,0,0
332,Saša,Lukić,Lukić,i,Hamstring injury - Expected back 22 Feb,,4.9,305,190.0,0.1,536,191.0,2.3,154.0,63.0,0,0,0.0,-1,1.0,0,3,0.5,10.2,0.0,0.0,2.6,238.0,103.0,0.0,0.0,186.0,79.0,44.0,39.0,173.0,101.0,108.0,59.0,1.0,,,,,,,0.13,0.1,0.23,1.37,0.0,0.3,1.27,1.12,9.46,23,0,0,0,0,0,0,0,0,0,0,0,0,0,0,0,3,138,0.0,0.0,0.0,0.0,0.0,0.0,0.0,0.0,0.0,0,0,0,0
333,Martial,Godo,Godo,u,has joined Strasbourg permanently.,,4.5,469,287.0,0.0,656,270.0,0.0,650.0,253.0,0,0,0.0,0,0.0,0,0,0.0,0.0,0.0,0.0,0.0,704.0,290.0,0.0,0.0,702.0,288.0,698.0,289.0,680.0,283.0,703.0,289.0,,,,,,,,0.0,0.0,0.0,0.0,0.0,0.0,0.0,0.0,0.0,23,0,0,0,0,0,0,0,0,0,0,0,0,0,0,0,0,2,0.0,0.0,0.0,0.0,0.0,0.0,0.0,0.0,0.0,0,0,0,0
334,Luke,Harris,Harris,u,Has joined Oxford United on loan for the rest of the season.,,4.5,449,270.0,0.0,786,347.0,0.0,636.0,241.0,0,0,0.0,0,0.0,0,0,0.0,0.0,0.0,0.0,0.0,691.0,279.0,0.0,0.0,687.0,275.0,684.0,277.0,664.0,269.0,688.0,276.0,,,,,,,,0.0,0.0,0.0,0.0,0.0,0.0,0.0,0.0,0.0,23,0,0,0,0,0,0,0,0,0,0,0,0,0,0,0,0,0,0.0,0.0,0.0,0.0,0.0,0.0,0.0,0.0,0.0,0,0,0,0
335,Josh,King,King,a,,,4.4,551,330.0,1.9,137,47.0,0.2,367.0,161.0,0,0,0.0,-1,1.0,36,155,0.0,7.3,0.2,0.2,1.7,359.0,156.0,100.0,100.0,310.0,139.0,205.0,132.0,114.0,66.0,252.0,122.0,,,,,,,,0.12,0.04,0.16,1.33,0.0,0.31,1.54,1.13,7.09,23,0,0,0,0,0,0,0,0,0,0,0,0,0,0,0,670,2278,0.0,0.0,0.0,0.0,0.0,0.0,0.0,0.0,0.0,0,0,0,0
336,Harrison,Reed,Reed,a,,,4.3,569,338.0,0.3,310,103.0,1.7,199.0,84.0,0,0,0.0,-2,2.0,35,13,0.4,2.6,1.7,1.7,2.8,210.0,94.0,,,400.0,176.0,409.0,201.0,395.0,194.0,420.0,189.0,,,,,,,,0.26,1.54,1.8,2.64,0.0,0.0,6.43,0.0,6.43,23,0,0,0,0,0,0,0,0,0,0,0,0,0,0,0,680,381,0.0,0.0,0.0,0.0,0.0,0.0,0.0,0.0,0.0,0,0,0,0
337,Raúl,Jiménez Rodríguez,Raúl,a,,,6.2,72,24.0,2.2,122,19.0,3.8,47.0,7.0,0,0,0.0,-3,3.0,216,311,0.6,11.1,3.8,3.8,3.3,148.0,13.0,100.0,100.0,147.0,12.0,107.0,4.0,20.0,12.0,54.0,10.0,,1.0,1.0,,,,,0.38,0.04,0.42,1.34,0.0,0.32,1.1,1.1,5.1,23,0,0,0,0,0,0,0,0,0,0,0,0,0,0,0,6552,4646,0.0,0.0,0.0,0.0,0.0,0.0,0.0,0.0,0.0,0,0,0,0
338,Rodrigo,Muniz Carvalho,Muniz,i,Hamstring injury - Expected back 07 Feb,,5.3,192,43.0,0.7,218,34.0,0.0,755.0,79.0,0,0,0.0,-2,2.0,2,13,0.0,3.2,0.0,0.0,2.4,266.0,26.0,0.0,0.0,365.0,38.0,326.0,37.0,170.0,39.0,325.0,39.0,,,,,,,,0.24,0.0,0.24,1.46,0.0,0.26,1.03,1.03,4.91,23,0,0,0,0,0,0,0,0,0,0,0,0,0,0,0,20,108,0.0,0.0,0.0,0.0,0.0,0.0,0.0,0.0,0.0,0,0,0,0
664,Benjamin,Lecomte,Lecomte,a,,,3.9,726,69.0,0.7,210,27.0,0.0,434.0,33.0,0,0,0.0,-1,1.0,9,15,0.0,0.0,0.0,0.0,0.0,517.0,38.0,,,507.0,38.0,500.0,25.0,462.0,10.0,510.0,38.0,,,,,,,,0.0,0.0,0.0,0.0,0.0,0.0,0.0,0.0,0.0,23,0,0,0,0,0,0,0,0,0,0,0,0,0,0,0,92,202,0.0,0.0,0.0,0.0,0.0,0.0,0.0,0.0,0.0,0,0,0,0
727,Samuel,Chukwueze,Chukwueze,a,,,5.3,190,119.0,0.1,502,177.0,0.0,754.0,330.0,0,0,0.0,-2,2.0,17,12,0.0,6.6,0.0,0.0,3.9,77.0,36.0,100.0,100.0,239.0,101.0,163.0,111.0,166.0,97.0,213.0,107.0,,,,,,,,0.23,0.49,0.72,1.38,0.0,0.0,2.29,0.69,7.56,23,0,0,0,0,0,0,0,0,0,0,0,0,0,0,0,412,132,0.0,0.0,0.0,0.0,0.0,0.0,0.0,0.0,0.0,0,0,0,0
731,Kevin,Santos Lopes de Macedo,Kevin,a,,,5.8,112,71.0,0.1,543,196.0,1.8,194.0,82.0,0,0,0.0,-2,2.0,4,10,0.3,5.7,1.8,1.8,1.8,354.0,153.0,100.0,100.0,257.0,110.0,125.0,91.0,106.0,64.0,181.0,95.0,4.0,,,,,,,0.11,0.15,0.26,1.32,0.0,0.49,1.35,0.74,7.51,23,0,0,0,0,0,0,0,0,0,0,0,0,0,0,0,87,105,0.0,0.0,0.0,0.0,0.0,0.0,0.0,0.0,0.0,0,0,0,0
737,Jonah,Kusi-Asare,Kusi-Asare,a,,,4.5,501,70.0,0.1,495,70.0,0.2,378.0,41.0,0,0,0.0,0,0.0,12,6,0.0,0.9,0.2,0.2,0.8,485.0,59.0,,,472.0,56.0,391.0,49.0,387.0,53.0,446.0,53.0,,,,,,,,0.0,0.21,0.21,2.25,0.0,0.0,6.0,0.0,6.0,23,0,0,0,0,0,0,0,0,0,0,0,0,0,0,0,77,80,0.0,0.0,0.0,0.0,0.0,0.0,0.0,0.0,0.0,0,0,0,0
770,Seth,Ridgeon,Ridgeon,a,,,4.5,496,308.0,0.0,767,335.0,0.0,672.0,270.0,0,0,0.0,0,0.0,3,1,0.0,0.0,0.0,0.0,0.0,725.0,306.0,,,725.0,306.0,720.0,306.0,703.0,301.0,725.0,306.0,,,,,,,,0.0,0.0,0.0,0.0,0.0,0.0,0.0,0.0,0.0,23,0,0,0,0,0,0,0,0,0,0,0,0,0,0,0,9,9,0.0,0.0,0.0,0.0,0.0,0.0,0.0,0.0,0.0,0,0,0,0
786,Alfie,McNally,McNally,a,,,4.0,685,58.0,0.0,768,86.0,0.0,500.0,71.0,0,0,0.0,0,0.0,0,2,0.0,0.0,0.0,0.0,0.0,582.0,76.0,,,571.0,76.0,566.0,65.0,531.0,50.0,574.0,76.0,,,,,,,,0.0,0.0,0.0,0.0,0.0,0.0,0.0,0.0,0.0,23,0,0,0,0,0,0,0,0,0,0,0,0,0,0,0,9,10,0.0,0.0,0.0,0.0,0.0,0.0,0.0,0.0,0.0,0,0,0,0
168,Facundo,Buonanotte,Buonanotte,a,,,4.6,396,246.0,0.1,478,166.0,0.0,681.0,277.0,0,0,0.0,-4,4.0,7,5,0.0,0.2,-1.0,0.0,1.0,460.0,214.0,100.0,100.0,448.0,205.0,361.0,187.0,388.0,192.0,433.0,196.0,,,,,,,,0.0,0.18,0.18,1.1,0.0,0.0,2.0,2.0,6.0,23,0,0,0,0,0,0,0,0,0,0,0,0,0,0,0,147,77,0.0,0.0,0.0,0.0,0.0,0.0,0.0,0.0,0.0,0,0,0,0
339,Illan,Meslier,Meslier,a,,,4.2,627,35.0,0.3,295,39.0,0.0,536.0,79.0,0,0,0.0,-3,3.0,3,5,0.0,0.0,-1.0,0.0,0.0,614.0,84.0,,,604.0,84.0,599.0,74.0,568.0,60.0,608.0,84.0,,,,,,,,0.0,0.0,0.0,0.0,0.0,0.0,0.0,0.0,0.0,23,0,0,0,0,0,0,0,0,0,0,0,0,0,0,0,27,78,0.0,0.0,0.0,0.0,0.0,0.0,0.0,0.0,0.0,0,0,0,0
340,Alex,Cairns,Cairns,a,,,3.9,727,70.0,0.2,407,62.0,0.0,435.0,34.0,0,0,0.0,-1,1.0,2,1,0.0,0.0,-1.0,0.0,0.0,518.0,39.0,,,508.0,39.0,501.0,26.0,463.0,11.0,511.0,39.0,,,,,,,,0.0,0.0,0.0,0.0,0.0,0.0,0.0,0.0,0.0,23,0,0,0,0,0,0,0,0,0,0,0,0,0,0,0,20,62,0.0,0.0,0.0,0.0,0.0,0.0,0.0,0.0,0.0,0,0,0,0
341,Karl,Darlow,Darlow,a,,,3.9,722,65.0,2.0,128,17.0,1.0,265.0,20.0,0,0,0.0,-1,1.0,111,40,0.3,4.1,0.0,1.0,2.7,223.0,19.0,,,294.0,24.0,496.0,21.0,458.0,6.0,376.0,24.0,,,,,,,,0.0,0.0,0.0,0.8,2.33,0.17,1.33,1.0,0.0,23,0,0,0,0,0,0,0,0,0,0,0,0,0,0,0,1417,770,0.0,0.0,0.0,0.0,0.0,0.0,0.0,0.0,0.0,0,0,0,0
342,Jayden,Bogle,Bogle,a,,,4.4,521,107.0,0.2,403,147.0,1.5,220.0,83.0,0,0,0.0,-1,1.0,8,10,0.3,11.6,0.5,1.5,2.5,249.0,95.0,100.0,100.0,195.0,78.0,157.0,38.0,179.0,39.0,195.0,62.0,,,,,,,,0.06,0.05,0.11,1.25,0.0,0.22,1.63,1.03,5.48,23,0,0,0,0,0,0,0,0,0,0,0,0,0,0,0,94,108,0.0,0.0,0.0,0.0,0.0,0.0,0.0,0.0,0.0,0,0,0,0
343,Pascal,Struijk,Struijk,a,,,4.3,573,129.0,0.4,262,99.0,4.3,21.0,7.0,0,0,0.0,-2,2.0,78,35,1.0,14.9,3.3,4.3,3.2,150.0,61.0,100.0,100.0,55.0,26.0,209.0,56.0,111.0,17.0,107.0,34.0,,,3.0,,,,,0.12,0.02,0.14,1.37,0.0,0.21,1.62,1.0,8.85,23,0,0,0,0,0,0,0,0,0,0,0,0,0,0,0,1128,1384,0.0,0.0,0.0,0.0,0.0,0.0,0.0,0.0,0.0,0,0,0,0
344,Jaka,Bijol,Bijol,i,Hamstring injury - Expected back 10 Feb,,3.9,739,214.0,0.5,249,95.0,2.7,111.0,40.0,0,0,0.0,-1,1.0,4,158,0.7,11.0,0.0,0.0,3.6,112.0,42.0,0.0,0.0,161.0,69.0,335.0,114.0,158.0,30.0,214.0,72.0,,,,,,,,0.04,0.05,0.09,1.55,0.0,0.09,1.65,1.01,9.16,23,0,0,0,0,0,0,0,0,0,0,0,0,0,0,0,25,3014,0.0,0.0,0.0,0.0,0.0,0.0,0.0,0.0,0.0,0,0,0,0
345,Sebastiaan,Bornauw,Bornauw,a,,,3.8,781,242.0,0.1,444,163.0,1.7,198.0,72.0,0,0,0.0,-2,2.0,11,3,0.4,3.2,0.7,1.7,2.0,316.0,119.0,100.0,100.0,412.0,156.0,420.0,153.0,400.0,148.0,434.0,157.0,,,,,,,,0.0,0.01,0.01,1.99,0.0,0.55,1.09,1.09,9.27,23,0,0,0,0,0,0,0,0,0,0,0,0,0,0,0,157,100,0.0,0.0,0.0,0.0,0.0,0.0,0.0,0.0,0.0,0,0,0,0
346,Sam,Byram,Byram,a,,,3.8,771,233.0,0.2,369,134.0,0.0,406.0,148.0,0,0,0.0,-2,2.0,3,4,0.0,0.3,-1.0,0.0,1.0,427.0,155.0,,,482.0,173.0,472.0,172.0,433.0,161.0,485.0,173.0,,,,,,,,0.0,0.0,0.0,10.16,0.0,0.0,12.86,0.0,0.0,23,0,0,0,0,0,0,0,0,0,0,0,0,0,0,0,42,120,0.0,0.0,0.0,0.0,0.0,0.0,0.0,0.0,0.0,0,0,0,0
347,Gabriel,Gudmundsson,Gudmundsson,d,Muscle injury - 75% chance of playing,,3.8,777,238.0,4.2,85,29.0,3.0,83.0,28.0,0,0,0.0,-2,2.0,178,443,0.8,14.5,1.5,2.2,2.5,245.0,92.0,75.0,75.0,101.0,44.0,57.0,11.0,172.0,33.0,88.0,20.0,,,,,,,,0.05,0.09,0.14,1.34,0.0,0.2,1.62,1.03,6.44,23,0,0,0,0,0,0,0,0,0,0,0,0,0,0,0,1733,6209,0.0,0.0,0.0,0.0,0.0,0.0,0.0,0.0,0.0,0,0,0,0
348,Joe,Rodon,Rodon,a,,,3.9,734,211.0,3.4,96,36.0,1.3,233.0,86.0,0,0,0.0,-1,1.0,261,164,0.3,16.4,0.3,1.3,3.2,149.0,60.0,100.0,100.0,48.0,23.0,288.0,94.0,129.0,22.0,123.0,41.0,,,,,,,,0.05,0.01,0.06,1.41,0.0,0.16,1.81,1.03,7.86,23,0,0,0,0,0,0,0,0,0,0,0,0,0,0,0,3687,2762,0.0,0.0,0.0,0.0,0.0,0.0,0.0,0.0,0.0,0,0,0,0
349,Isaac,Schmidt,Schmidt,u,has joined Werder Bremen on loan for the rest of the season.,,4.0,679,174.0,0.1,533,195.0,0.0,494.0,192.0,0,0,0.0,0,0.0,0,0,0.0,0.0,0.0,0.0,0.0,577.0,214.0,0.0,0.0,566.0,213.0,561.0,214.0,526.0,207.0,569.0,213.0,,,,,,,,0.0,0.0,0.0,0.0,0.0,0.0,0.0,0.0,0.0,23,0,0,0,0,0,0,0,0,0,0,0,0,0,0,0,0,5,0.0,0.0,0.0,0.0,0.0,0.0,0.0,0.0,0.0,0,0,0,0
350,Brenden,Aaronson,Aaronson,a,,,5.4,169,105.0,0.8,197,67.0,5.3,10.0,5.0,0,0,0.0,-1,1.0,285,149,1.0,16.1,4.3,5.3,4.1,65.0,26.0,,,93.0,30.0,58.0,46.0,39.0,23.0,44.0,32.0,,,,,,,,0.21,0.18,0.39,1.31,0.0,0.34,1.28,1.01,8.38,23,0,0,0,0,0,0,0,0,0,0,0,0,0,0,0,5958,3188,0.0,0.0,0.0,0.0,0.0,0.0,0.0,0.0,0.0,0,0,0,0
351,Wilfried,Gnonto,Gnonto,a,,,5.2,216,134.0,0.1,490,173.0,0.7,302.0,136.0,0,0,0.0,-3,3.0,4,1,0.1,3.8,-0.3,0.7,1.5,392.0,176.0,100.0,100.0,371.0,165.0,237.0,145.0,329.0,172.0,351.0,166.0,,,,,,,,0.07,0.14,0.21,2.1,0.0,0.27,2.67,1.07,9.88,23,0,0,0,0,0,0,0,0,0,0,0,0,0,0,0,28,36,0.0,0.0,0.0,0.0,0.0,0.0,0.0,0.0,0.0,0,0,0,0
352,Jack,Harrison,Harrison,u,has joined ACF Fiorentina on loan for the rest of the season.,,5.1,228,141.0,0.1,563,207.0,0.0,745.0,323.0,0,0,0.0,-4,4.0,0,8,0.0,2.4,0.0,0.0,1.1,426.0,193.0,0.0,0.0,408.0,181.0,314.0,174.0,316.0,166.0,381.0,176.0,4.0,,,,,,,0.1,0.08,0.18,1.31,0.0,0.0,1.72,0.34,8.24,23,0,0,0,0,0,0,0,0,0,0,0,0,0,0,0,0,84,0.0,0.0,0.0,0.0,0.0,0.0,0.0,0.0,0.0,0,0,0,0
353,Daniel,James,James,d,Lack of match fitness - 25% chance of playing,,5.2,205,129.0,0.1,474,163.0,0.0,749.0,327.0,0,0,0.0,-3,3.0,0,4,0.0,2.5,-0.2,0.0,1.3,413.0,187.0,25.0,25.0,399.0,175.0,222.0,136.0,225.0,125.0,326.0,159.0,,,,,,,,0.18,0.14,0.32,2.27,0.0,0.26,3.1,1.03,4.66,23,0,0,0,0,0,0,0,0,0,0,0,0,0,0,0,2,17,0.0,0.0,0.0,0.0,0.0,0.0,0.0,0.0,0.0,0,0,0,0
354,Ethan,Ampadu,Ampadu,a,,,4.9,296,184.0,0.1,410,139.0,3.0,90.0,42.0,0,0,0.0,-1,1.0,30,11,0.6,13.9,2.0,3.0,3.6,114.0,50.0,100.0,100.0,92.0,29.0,110.0,79.0,238.0,129.0,129.0,69.0,,,,,,,,0.09,0.07,0.16,1.35,0.0,0.21,1.61,1.02,12.06,23,0,0,0,0,0,0,0,0,0,0,0,0,0,0,0,509,264,0.0,0.0,0.0,0.0,0.0,0.0,0.0,0.0,0.0,0,0,0,0
355,Sam,Greenwood,Greenwood,u,has joined Pogon Szczecin permanently.,,4.9,316,196.0,0.0,627,249.0,0.0,708.0,295.0,0,0,0.0,-1,1.0,0,0,0.0,0.0,0.0,0.0,0.0,747.0,320.0,0.0,0.0,747.0,320.0,743.0,320.0,735.0,318.0,747.0,320.0,,,,,,,,0.0,0.0,0.0,0.0,0.0,0.0,0.0,0.0,0.0,23,0,0,0,0,0,0,0,0,0,0,0,0,0,0,0,0,0,0.0,0.0,0.0,0.0,0.0,0.0,0.0,0.0,0.0,0,0,0,0
356,Ilia,Gruev,Gruev,a,,,4.7,385,241.0,0.1,559,204.0,2.5,132.0,54.0,0,0,0.0,-3,3.0,3,3,0.5,6.6,1.5,2.5,2.4,262.0,110.0,,,313.0,140.0,242.0,147.0,397.0,195.0,338.0,163.0,,,,,,,,0.0,0.04,0.04,1.94,0.0,0.37,1.97,0.99,8.88,23,0,0,0,0,0,0,0,0,0,0,0,0,0,0,0,63,69,0.0,0.0,0.0,0.0,0.0,0.0,0.0,0.0,0.0,0,0,0,0
357,Largie,Ramazani,Ramazani,u,has joined Valencia on loan for the rest of the season.,,4.9,320,198.0,0.0,690,293.0,0.0,711.0,297.0,0,0,0.0,-1,1.0,0,0,0.0,0.0,0.0,0.0,0.0,749.0,322.0,0.0,0.0,749.0,322.0,745.0,322.0,737.0,320.0,749.0,322.0,,,,,,,,0.0,0.0,0.0,0.0,0.0,0.0,0.0,0.0,0.0,23,0,0,0,0,0,0,0,0,0,0,0,0,0,0,0,0,1,0.0,0.0,0.0,0.0,0.0,0.0,0.0,0.0,0.0,0,0,0,0
358,Tanaka,Ao,Tanaka,a,,,4.8,362,226.0,0.2,337,112.0,0.8,285.0,126.0,0,0,0.0,-2,2.0,6,27,0.2,8.8,-0.2,0.8,2.2,290.0,126.0,100.0,100.0,277.0,124.0,185.0,123.0,241.0,131.0,270.0,133.0,,,,,,,,0.1,0.08,0.18,1.65,0.0,0.25,1.89,0.88,9.85,23,0,0,0,0,0,0,0,0,0,0,0,0,0,0,0,131,424,0.0,0.0,0.0,0.0,0.0,0.0,0.0,0.0,0.0,0,0,0,0
359,Charlie,Crew,Crew,u,Has joined Doncaster Rovers on loan for the rest of the season.,,4.5,455,276.0,0.0,763,332.0,0.0,640.0,245.0,0,0,0.0,0,0.0,0,0,0.0,0.0,0.0,0.0,0.0,695.0,283.0,0.0,0.0,691.0,279.0,688.0,281.0,668.0,273.0,692.0,280.0,,,,,,,,0.0,0.0,0.0,0.0,0.0,0.0,0.0,0.0,0.0,23,0,0,0,0,0,0,0,0,0,0,0,0,0,0,0,0,0,0.0,0.0,0.0,0.0,0.0,0.0,0.0,0.0,0.0,0,0,0,0
360,Joe,Gelhardt,Gelhardt,u,Has joined Hull City on loan for the rest of the season.,,4.5,432,260.0,0.0,734,314.0,0.0,627.0,232.0,0,0,0.0,0,0.0,0,0,0.0,0.0,0.0,0.0,0.0,683.0,271.0,0.0,0.0,677.0,266.0,676.0,269.0,655.0,261.0,680.0,268.0,,,,,,,,0.0,0.0,0.0,0.0,0.0,0.0,0.0,0.0,0.0,23,0,0,0,0,0,0,0,0,0,0,0,0,0,0,0,0,0,0.0,0.0,0.0,0.0,0.0,0.0,0.0,0.0,0.0,0,0,0,0
361,Darko,Gyabi,Gyabi,u,has joined Hull City permanently.,,4.5,434,261.0,0.0,654,268.0,0.0,628.0,233.0,0,0,0.0,0,0.0,0,0,0.0,0.0,0.0,0.0,0.0,684.0,272.0,0.0,0.0,678.0,267.0,677.0,270.0,656.0,262.0,681.0,269.0,,,,,,,,0.0,0.0,0.0,0.0,0.0,0.0,0.0,0.0,0.0,23,0,0,0,0,0,0,0,0,0,0,0,0,0,0,0,0,3,0.0,0.0,0.0,0.0,0.0,0.0,0.0,0.0,0.0,0,0,0,0
362,Joël,Piroe,Piroe,a,,,4.9,315,55.0,0.3,290,47.0,0.2,387.0,42.0,0,0,0.0,-6,6.0,3,10,0.0,2.2,-0.8,0.2,1.1,424.0,49.0,100.0,100.0,447.0,51.0,369.0,45.0,221.0,42.0,384.0,46.0,,,2.0,,,,,0.29,0.04,0.33,2.14,0.0,0.45,2.69,0.9,4.03,23,0,0,0,0,0,0,0,0,0,0,0,0,0,0,0,60,115,0.0,0.0,0.0,0.0,0.0,0.0,0.0,0.0,0.0,0,0,0,0
363,Patrick,Bamford,Bamford,u,has departed the club as a free agent.,,4.9,286,54.0,0.3,294,49.0,0.0,697.0,72.0,0,0,0.0,-1,1.0,0,2,0.0,0.0,0.0,0.0,0.0,741.0,81.0,0.0,0.0,741.0,81.0,737.0,80.0,727.0,80.0,741.0,81.0,,,,,,,,0.0,0.0,0.0,0.0,0.0,0.0,0.0,0.0,0.0,23,0,0,0,0,0,0,0,0,0,0,0,0,0,0,0,0,22,0.0,0.0,0.0,0.0,0.0,0.0,0.0,0.0,0.0,0,0,0,0
364,Mateo,Joseph Fernández-Regatillo,Mateo Joseph,u,Has joined RCD Mallorca on loan for the rest of the season.,,5.0,275,53.0,0.0,720,85.0,0.0,737.0,77.0,0,0,0.0,0,0.0,0,0,0.0,0.0,0.0,0.0,0.0,768.0,84.0,0.0,0.0,768.0,84.0,766.0,84.0,760.0,84.0,768.0,84.0,,,,,,,,0.0,0.0,0.0,0.0,0.0,0.0,0.0,0.0,0.0,23,0,0,0,0,0,0,0,0,0,0,0,0,0,0,0,0,0,0.0,0.0,0.0,0.0,0.0,0.0,0.0,0.0,0.0,0,0,0,0
365,Lukas,Nmecha,Nmecha,a,,,5.0,246,50.0,0.6,242,39.0,2.0,183.0,23.0,0,0,0.0,0,0.0,61,28,0.4,9.8,1.0,2.0,2.6,239.0,23.0,100.0,100.0,215.0,18.0,322.0,36.0,58.0,21.0,180.0,21.0,,,1.0,,,,,0.73,0.05,0.78,1.85,0.0,0.3,2.09,0.9,4.78,23,0,0,0,0,0,0,0,0,0,0,0,0,0,0,0,733,392,0.0,0.0,0.0,0.0,0.0,0.0,0.0,0.0,0.0,0,0,0,0
493,Sean,Longstaff,Longstaff,a,,,4.8,350,221.0,0.2,344,116.0,0.0,690.0,283.0,0,0,0.0,-2,2.0,5,7,0.0,8.3,-1.0,0.0,3.3,142.0,61.0,100.0,100.0,188.0,80.0,47.0,41.0,284.0,151.0,138.0,76.0,1.0,2.0,,,,,,0.08,0.13,0.21,1.16,0.0,0.1,1.54,1.03,9.65,23,0,0,0,0,0,0,0,0,0,0,0,0,0,0,0,49,124,0.0,0.0,0.0,0.0,0.0,0.0,0.0,0.0,0.0,0,0,0,0
660,Anton,Stach,Stach,d,Muscle injury - 75% chance of playing,,4.9,329,204.0,2.8,111,35.0,2.5,138.0,56.0,0,0,0.0,-1,1.0,36,608,0.5,17.8,1.1,1.9,4.6,29.0,14.0,75.0,75.0,67.0,20.0,5.0,5.0,86.0,53.0,21.0,17.0,3.0,1.0,,,,,,0.12,0.17,0.29,1.35,0.0,0.18,1.65,1.06,9.59,23,0,0,0,0,0,0,0,0,0,0,0,0,0,0,0,455,13283,0.0,0.0,0.0,0.0,0.0,0.0,0.0,0.0,0.0,0,0,0,0
665,Lucas Estella,Perri,Perri,a,,,4.5,410,22.0,0.3,330,44.0,2.5,128.0,13.0,0,0,0.0,0,0.0,13,12,0.6,9.6,1.5,2.5,2.7,227.0,20.0,100.0,100.0,113.0,17.0,660.0,82.0,637.0,70.0,277.0,17.0,,,,,,,,0.0,0.0,0.0,1.67,2.38,0.19,1.81,1.0,0.0,23,0,0,0,0,0,0,0,0,0,0,0,0,0,0,0,147,1077,0.0,0.0,0.0,0.0,0.0,0.0,0.0,0.0,0.0,0,0,0,0
691,Dominic,Calvert-Lewin,Calvert-Lewin,a,,,6.0,84,27.0,13.9,23,5.0,3.5,65.0,8.0,0,0,0.0,5,-5.0,1178,1747,0.6,15.2,2.5,3.5,4.5,39.0,3.0,100.0,100.0,87.0,7.0,126.0,6.0,6.0,5.0,32.0,6.0,,,,,,,,0.53,0.06,0.59,1.07,0.0,0.26,1.29,0.96,2.89,23,0,0,0,0,0,0,0,0,0,0,0,0,0,0,0,20149,23927,0.0,0.0,0.0,0.0,0.0,0.0,0.0,0.0,0.0,0,0,0,0
698,Noah,Okafor,Okafor,a,,,5.5,146,93.0,0.1,461,156.0,1.5,227.0,95.0,0,0,0.0,0,0.0,13,16,0.3,9.5,0.5,1.5,2.7,230.0,101.0,100.0,100.0,234.0,99.0,139.0,99.0,63.0,39.0,134.0,73.0,,,,,,,,0.23,0.07,0.3,1.37,0.0,0.25,1.72,1.15,6.14,23,0,0,0,0,0,0,0,0,0,0,0,0,0,0,0,150,241,0.0,0.0,0.0,0.0,0.0,0.0,0.0,0.0,0.0,0,0,0,0
706,James,Justin,Justin,a,,,3.9,736,212.0,0.3,317,117.0,3.2,74.0,26.0,0,0,0.0,-1,1.0,55,14,0.8,6.9,2.2,3.2,2.1,303.0,112.0,,,311.0,118.0,336.0,115.0,292.0,93.0,345.0,120.0,,,,,,,,0.05,0.03,0.08,1.99,0.0,0.35,1.56,0.87,8.84,23,0,0,0,0,0,0,0,0,0,0,0,0,0,0,0,1171,298,0.0,0.0,0.0,0.0,0.0,0.0,0.0,0.0,0.0,0,0,0,0
741,Harry,Gray,Gray,u,has joined Rotherham United on loan for the rest of the season.,,4.5,486,67.0,0.1,458,65.0,0.0,664.0,68.0,0,0,0.0,0,0.0,0,19,0.0,0.0,0.0,0.0,0.0,718.0,77.0,0.0,0.0,717.0,77.0,712.0,76.0,695.0,76.0,717.0,77.0,,,,,,,,0.0,0.0,0.0,0.0,0.0,0.0,0.0,0.0,0.0,23,0,0,0,0,0,0,0,0,0,0,0,0,0,0,0,0,188,0.0,0.0,0.0,0.0,0.0,0.0,0.0,0.0,0.0,0,0,0,0
787,Sam,Chambers,Chambers,a,,,4.5,467,285.0,0.0,777,342.0,0.0,648.0,251.0,0,0,0.0,0,0.0,1,1,0.0,0.0,-1.0,0.0,0.0,702.0,288.0,,,700.0,286.0,696.0,287.0,678.0,281.0,701.0,287.0,,,,,,,,0.0,0.0,0.0,0.0,0.0,0.0,0.0,0.0,0.0,23,0,0,0,0,0,0,0,0,0,0,0,0,0,0,0,10,23,0.0,0.0,0.0,0.0,0.0,0.0,0.0,0.0,0.0,0,0,0,0
366,Alisson,Becker,A.Becker,a,,,5.4,158,4.0,6.1,66,10.0,3.7,55.0,4.0,0,0,0.0,-1,1.0,167,278,0.7,11.9,4.2,4.2,3.8,88.0,7.0,100.0,100.0,141.0,20.0,468.0,15.0,773.0,88.0,293.0,20.0,,,,,,,,0.0,0.0,0.0,1.01,2.0,0.35,1.12,1.0,0.0,23,0,0,0,0,0,0,0,0,0,0,0,0,0,0,0,1688,5220,0.0,0.0,0.0,0.0,0.0,0.0,0.0,0.0,0.0,0,0,0,0
367,Giorgi,Mamardashvili,Mamardashvili,a,,,4.2,629,36.0,0.6,241,32.0,0.0,537.0,80.0,0,0,0.0,-3,3.0,12,26,0.0,4.5,0.5,0.5,3.8,82.0,6.0,,,269.0,22.0,600.0,75.0,569.0,61.0,367.0,22.0,,,,,,,,0.0,0.0,0.0,1.42,3.4,0.2,2.0,1.0,0.0,23,0,0,0,0,0,0,0,0,0,0,0,0,0,0,0,44,306,0.0,0.0,0.0,0.0,0.0,0.0,0.0,0.0,0.0,0,0,0,0
368,Ármin,Pécsi,Pécsi,a,,,3.8,800,91.0,0.4,263,34.0,0.0,427.0,27.0,0,0,0.0,-2,2.0,132,23,0.0,0.0,0.5,0.5,0.0,510.0,32.0,,,500.0,32.0,492.0,18.0,454.0,3.0,503.0,32.0,,,,,,,,0.0,0.0,0.0,0.0,0.0,0.0,0.0,0.0,0.0,23,0,0,0,0,0,0,0,0,0,0,0,0,0,0,0,1680,300,0.0,0.0,0.0,0.0,0.0,0.0,0.0,0.0,0.0,0,0,0,0
369,Freddie,Woodman,Woodman,a,,,3.9,730,72.0,0.2,380,54.0,0.0,438.0,36.0,0,0,0.0,-1,1.0,2,9,0.0,0.0,0.5,0.5,0.0,520.0,41.0,,,510.0,41.0,503.0,28.0,465.0,13.0,513.0,41.0,,,,,,,,0.0,0.0,0.0,0.0,0.0,0.0,0.0,0.0,0.0,23,0,0,0,0,0,0,0,0,0,0,0,0,0,0,0,15,61,0.0,0.0,0.0,0.0,0.0,0.0,0.0,0.0,0.0,0,0,0,0
370,Jeremie,Frimpong,Frimpong,a,,,5.8,106,8.0,6.8,58,19.0,3.8,46.0,18.0,0,0,0.0,-2,2.0,448,361,0.7,5.9,4.3,4.3,3.4,136.0,54.0,100.0,100.0,351.0,133.0,171.0,43.0,219.0,56.0,288.0,96.0,,,,,,,,0.06,0.18,0.24,1.0,0.0,0.38,0.94,0.94,2.44,23,0,0,0,0,0,0,0,0,0,0,0,0,0,0,0,7365,7361,0.0,0.0,0.0,0.0,0.0,0.0,0.0,0.0,0.0,0,0,0,0
371,Milos,Kerkez,Kerkez,a,,,5.6,133,16.0,3.0,109,44.0,2.3,158.0,60.0,0,0,0.0,-4,4.0,101,87,0.4,9.5,2.8,2.8,2.5,256.0,99.0,,,124.0,53.0,51.0,7.0,195.0,49.0,95.0,25.0,,,,,,,,0.06,0.04,0.1,1.13,0.0,0.24,1.33,1.09,6.22,23,0,0,0,0,0,0,0,0,0,0,0,0,0,0,0,1193,2123,0.0,0.0,0.0,0.0,0.0,0.0,0.0,0.0,0.0,0,0,0,0
372,Andrew,Robertson,Robertson,a,,,5.7,114,10.0,1.0,184,72.0,1.2,254.0,92.0,0,0,0.0,-3,3.0,15,31,0.2,4.2,1.7,1.7,1.8,353.0,134.0,,,305.0,115.0,143.0,35.0,290.0,91.0,275.0,91.0,,,,,,,,0.04,0.13,0.17,1.05,0.0,0.37,1.28,0.73,5.29,23,0,0,0,0,0,0,0,0,0,0,0,0,0,0,0,134,246,0.0,0.0,0.0,0.0,0.0,0.0,0.0,0.0,0.0,0,0,0,0
373,Virgil,van Dijk,Virgil,a,,,5.9,91,6.0,22.2,16,5.0,2.8,107.0,39.0,0,0,0.0,-1,1.0,355,1201,0.5,13.7,3.3,3.3,3.7,106.0,40.0,,,10.0,4.0,173.0,44.0,138.0,24.0,60.0,10.0,,,,,,,,0.04,0.03,0.07,1.1,0.0,0.32,1.32,1.0,9.27,23,0,0,0,0,0,0,0,0,0,0,0,0,0,0,0,4852,19448,0.0,0.0,0.0,0.0,0.0,0.0,0.0,0.0,0.0,0,0,0,0
374,Ibrahima,Konaté,Konaté,d,Personal Reasons - 25% chance of playing,,5.4,164,19.0,3.1,103,41.0,3.2,77.0,27.0,0,0,0.0,-1,1.0,5,1292,0.6,15.0,0.9,0.9,3.7,104.0,39.0,25.0,25.0,35.0,15.0,203.0,52.0,250.0,70.0,117.0,39.0,,,,,,,,0.04,0.04,0.08,1.04,0.0,0.34,1.25,1.06,8.97,23,0,0,0,0,0,0,0,0,0,0,0,0,0,0,0,35,20470,0.0,0.0,0.0,0.0,0.0,0.0,0.0,0.0,0.0,0,0,0,0
375,Conor,Bradley,Bradley,i,Knee injury - Expected back 01 Jun,,5.0,265,43.0,0.2,381,137.0,3.5,61.0,24.0,0,0,0.0,0,0.0,2,52,0.7,8.4,0.0,0.0,2.8,214.0,82.0,0.0,0.0,255.0,103.0,206.0,53.0,271.0,78.0,276.0,92.0,,,,,,,,0.02,0.08,0.1,1.04,0.0,0.39,1.26,1.16,6.3,23,0,0,0,0,0,0,0,0,0,0,0,0,0,0,0,7,377,0.0,0.0,0.0,0.0,0.0,0.0,0.0,0.0,0.0,0,0,0,0
376,Joe,Gomez,Gomez,a,,,4.9,294,47.0,0.2,408,148.0,0.3,342.0,128.0,0,0,0.0,-1,1.0,11,4,0.1,5.1,0.8,0.8,2.5,253.0,98.0,100.0,100.0,355.0,135.0,298.0,98.0,354.0,120.0,363.0,130.0,,,,,,,,0.07,0.19,0.26,1.15,0.0,0.73,1.83,1.1,6.95,23,0,0,0,0,0,0,0,0,0,0,0,0,0,0,0,325,56,0.0,0.0,0.0,0.0,0.0,0.0,0.0,0.0,0.0,0,0,0,0
377,Konstantinos,Tsimikas,Tsimikas,u,has joined AS Roma on loan for the rest of the season.,,4.8,355,59.0,0.0,581,211.0,0.0,691.0,249.0,0,0,0.0,-2,2.0,0,0,0.0,0.0,0.0,0.0,0.0,738.0,256.0,0.0,0.0,738.0,256.0,733.0,256.0,721.0,255.0,738.0,256.0,,,,,,,,0.0,0.0,0.0,0.0,0.0,0.0,0.0,0.0,0.0,23,0,0,0,0,0,0,0,0,0,0,0,0,0,0,0,0,2,0.0,0.0,0.0,0.0,0.0,0.0,0.0,0.0,0.0,0,0,0,0
378,Amara,Nallo,Nallo,a,,,3.7,802,262.0,1.0,179,70.0,0.0,404.0,146.0,0,0,0.0,-3,3.0,319,125,0.0,0.0,0.5,0.5,0.0,491.0,172.0,100.0,100.0,480.0,171.0,470.0,170.0,431.0,159.0,483.0,171.0,,,,,,,,0.0,0.0,0.0,0.0,0.0,0.0,0.0,0.0,0.0,23,0,0,0,0,0,0,0,0,0,0,0,0,0,0,0,3552,1154,0.0,0.0,0.0,0.0,0.0,0.0,0.0,0.0,0.0,0,0,0,0
379,Rhys,Williams,R.Williams,a,,,3.8,774,235.0,0.2,356,130.0,0.0,409.0,150.0,0,0,0.0,-2,2.0,4,6,0.0,0.0,0.5,0.5,0.0,494.0,174.0,,,484.0,174.0,474.0,173.0,435.0,162.0,487.0,174.0,,,,,,,,0.0,0.0,0.0,0.0,0.0,0.0,0.0,0.0,0.0,23,0,0,0,0,0,0,0,0,0,0,0,0,0,0,0,22,57,0.0,0.0,0.0,0.0,0.0,0.0,0.0,0.0,0.0,0,0,0,0
380,Calvin,Ramsay,Ramsay,a,,,3.8,784,245.0,0.2,346,126.0,0.0,415.0,156.0,0,0,0.0,-2,2.0,5,3,0.0,0.0,0.5,0.5,0.0,499.0,179.0,,,489.0,179.0,480.0,179.0,441.0,168.0,492.0,179.0,,,,,,,,0.0,0.0,0.0,0.0,0.0,0.0,0.0,0.0,0.0,23,0,0,0,0,0,0,0,0,0,0,0,0,0,0,0,22,72,0.0,0.0,0.0,0.0,0.0,0.0,0.0,0.0,0.0,0,0,0,0
381,Mohamed,Salah,M.Salah,a,,,14.0,2,1.0,14.2,22,9.0,0.0,802.0,361.0,0,0,0.0,-5,5.0,346,171,0.0,4.6,0.5,0.5,4.6,31.0,16.0,100.0,100.0,148.0,54.0,18.0,17.0,26.0,13.0,27.0,22.0,,4.0,1.0,,,,,0.35,0.18,0.53,1.26,0.0,0.3,1.6,0.91,3.58,23,0,0,0,0,0,0,0,0,0,0,0,0,0,0,0,5397,1242,0.0,0.0,0.0,0.0,0.0,0.0,0.0,0.0,0.0,0,0,0,0
382,Florian,Wirtz,Wirtz,a,,,8.3,13,8.0,13.4,30,11.0,6.0,7.0,3.0,0,0,0.0,-2,2.0,2075,803,0.7,9.8,6.5,6.5,3.9,81.0,40.0,100.0,100.0,116.0,41.0,7.0,7.0,23.0,10.0,14.0,12.0,4.0,,,,,,,0.27,0.2,0.47,1.06,0.0,0.42,1.02,1.02,6.51,23,0,0,0,0,0,0,0,0,0,0,0,0,0,0,0,56320,7544,0.0,0.0,0.0,0.0,0.0,0.0,0.0,0.0,0.0,0,0,0,0
383,Luis,Díaz Marulanda,Luis Díaz,u,Has joined Bayern Munch permanently.,,8.0,15,10.0,0.0,596,228.0,0.0,798.0,358.0,0,0,0.0,0,0.0,0,1,0.0,0.0,0.0,0.0,0.0,801.0,360.0,0.0,0.0,801.0,360.0,801.0,360.0,801.0,360.0,801.0,360.0,,,,,,,,0.0,0.0,0.0,0.0,0.0,0.0,0.0,0.0,0.0,23,0,0,0,0,0,0,0,0,0,0,0,0,0,0,0,0,3,0.0,0.0,0.0,0.0,0.0,0.0,0.0,0.0,0.0,0,0,0,0
384,Cody,Gakpo,Gakpo,a,,,7.3,29,20.0,5.8,71,24.0,2.2,178.0,71.0,0,0,0.0,-2,2.0,212,399,0.3,10.7,2.7,2.7,3.9,80.0,39.0,100.0,100.0,115.0,40.0,26.0,25.0,13.0,6.0,19.0,16.0,3.0,,2.0,,,,,0.32,0.21,0.53,0.96,0.0,0.32,1.33,1.01,4.69,23,0,0,0,0,0,0,0,0,0,0,0,0,0,0,0,5457,7816,0.0,0.0,0.0,0.0,0.0,0.0,0.0,0.0,0.0,0,0,0,0
385,Federico,Chiesa,Chiesa,d,Knock - 50% chance of playing,,6.3,67,45.0,0.3,316,105.0,0.8,290.0,130.0,0,0,0.0,-2,2.0,1,40,0.1,4.4,0.7,0.7,1.8,355.0,154.0,50.0,50.0,303.0,136.0,342.0,181.0,196.0,107.0,310.0,150.0,,,,,,,,0.46,0.19,0.65,1.72,0.0,0.0,2.35,0.39,9.78,23,0,0,0,0,0,0,0,0,0,0,0,0,0,0,0,3,350,0.0,0.0,0.0,0.0,0.0,0.0,0.0,0.0,0.0,0,0,0,0
386,Alexis,Mac Allister,Mac Allister,a,,,6.2,74,48.0,1.2,169,59.0,1.3,240.0,104.0,0,0,0.0,-3,3.0,40,70,0.2,7.3,1.8,1.8,2.1,313.0,138.0,100.0,100.0,204.0,86.0,69.0,56.0,110.0,65.0,116.0,63.0,,,3.0,,,,,0.13,0.07,0.2,1.07,0.0,0.32,1.22,1.09,7.47,23,0,0,0,0,0,0,0,0,0,0,0,0,0,0,0,307,1090,0.0,0.0,0.0,0.0,0.0,0.0,0.0,0.0,0.0,0,0,0,0
387,Dominik,Szoboszlai,Szoboszlai,a,,,6.6,49,31.0,5.0,75,25.0,1.3,242.0,105.0,0,0,0.0,1,-1.0,1027,392,0.2,10.8,1.8,1.8,3.4,137.0,60.0,100.0,100.0,61.0,16.0,2.0,2.0,70.0,44.0,13.0,11.0,2.0,2.0,,,,,,0.16,0.15,0.31,1.1,0.0,0.33,1.34,1.0,8.99,23,0,0,0,0,0,0,0,0,0,0,0,0,0,0,0,14725,6875,0.0,0.0,0.0,0.0,0.0,0.0,0.0,0.0,0.0,0,0,0,0
388,Curtis,Jones,C.Jones,a,,,5.4,166,103.0,0.1,424,142.0,2.5,143.0,59.0,0,0,0.0,-1,1.0,10,11,0.5,7.2,3.0,3.0,2.1,312.0,137.0,100.0,100.0,207.0,87.0,67.0,54.0,208.0,117.0,145.0,80.0,,,,,,,,0.08,0.17,0.25,1.28,0.0,0.17,1.63,0.86,9.77,23,0,0,0,0,0,0,0,0,0,0,0,0,0,0,0,111,259,0.0,0.0,0.0,0.0,0.0,0.0,0.0,0.0,0.0,0,0,0,0
390,Ryan,Gravenberch,Gravenberch,a,,,5.7,120,76.0,6.0,67,23.0,3.8,44.0,20.0,0,0,0.0,2,-2.0,377,765,0.7,16.8,4.3,4.3,4.8,25.0,11.0,100.0,100.0,45.0,11.0,62.0,49.0,171.0,100.0,63.0,42.0,,,,,,,,0.06,0.07,0.13,0.97,0.0,0.36,1.18,1.02,9.27,23,0,0,0,0,0,0,0,0,0,0,0,0,0,0,0,4568,13550,0.0,0.0,0.0,0.0,0.0,0.0,0.0,0.0,0.0,0,0,0,0
392,Endo,Wataru,Endo,a,,,4.9,291,181.0,0.1,493,174.0,0.0,699.0,289.0,0,0,0.0,-1,1.0,1,2,0.0,1.4,0.5,0.5,1.4,398.0,179.0,100.0,100.0,406.0,180.0,393.0,196.0,729.0,314.0,431.0,195.0,,,,,,,,0.0,0.0,0.0,4.14,0.0,0.0,8.37,0.0,14.65,23,0,0,0,0,0,0,0,0,0,0,0,0,0,0,0,17,13,0.0,0.0,0.0,0.0,0.0,0.0,0.0,0.0,0.0,0,0,0,0
393,Stefan,Bajčetić Maquieira,Bajcetic,i,Hamstring injury - Unknown return date,,4.3,598,347.0,0.0,624,246.0,0.0,563.0,194.0,0,0,0.0,-2,2.0,0,0,0.0,0.0,0.0,0.0,0.0,629.0,236.0,0.0,0.0,619.0,227.0,617.0,232.0,589.0,220.0,622.0,229.0,,,,,,,,0.0,0.0,0.0,0.0,0.0,0.0,0.0,0.0,0.0,23,0,0,0,0,0,0,0,0,0,0,0,0,0,0,0,13,22,0.0,0.0,0.0,0.0,0.0,0.0,0.0,0.0,0.0,0,0,0,0
394,James,McConnell,McConnell,u,has joined Ajax on loan for the rest of the season.,,4.4,538,322.0,0.0,666,274.0,0.0,587.0,207.0,0,0,0.0,-1,1.0,0,0,0.0,0.0,0.0,0.0,0.0,649.0,249.0,0.0,0.0,640.0,241.0,638.0,246.0,613.0,235.0,643.0,243.0,,,,,,,,0.0,0.0,0.0,0.0,0.0,0.0,0.0,0.0,0.0,23,0,0,0,0,0,0,0,0,0,0,0,0,0,0,0,0,1,0.0,0.0,0.0,0.0,0.0,0.0,0.0,0.0,0.0,0,0,0,0
395,Tyler,Morton,Morton,u,Has joined Lyon permanently.,,4.5,423,254.0,0.0,778,343.0,0.0,619.0,226.0,0,0,0.0,0,0.0,0,0,0.0,0.0,0.0,0.0,0.0,676.0,265.0,0.0,0.0,670.0,260.0,668.0,263.0,647.0,255.0,673.0,262.0,,,,,,,,0.0,0.0,0.0,0.0,0.0,0.0,0.0,0.0,0.0,23,0,0,0,0,0,0,0,0,0,0,0,0,0,0,0,0,0,0.0,0.0,0.0,0.0,0.0,0.0,0.0,0.0,0.0,0,0,0,0
396,Trey,Nyoni,Nyoni,a,,,4.3,607,354.0,0.3,293,97.0,0.2,362.0,158.0,0,0,0.0,-2,2.0,5,16,0.0,0.5,0.7,0.7,1.0,441.0,196.0,,,464.0,215.0,398.0,199.0,595.0,226.0,459.0,213.0,,,,,,,,0.0,0.0,0.0,0.0,0.0,0.0,0.0,0.0,0.0,23,0,0,0,0,0,0,0,0,0,0,0,0,0,0,0,33,216,0.0,0.0,0.0,0.0,0.0,0.0,0.0,0.0,0.0,0,0,0,0
397,Darwin,Núñez Ribeiro,Darwin,u,Has joined Al-Hilal permanently.,,6.5,52,18.0,0.1,537,75.0,0.0,792.0,84.0,0,0,0.0,0,0.0,0,0,0.0,0.0,0.0,0.0,0.0,797.0,87.0,0.0,0.0,797.0,87.0,797.0,87.0,797.0,87.0,797.0,87.0,,,,,,,,0.0,0.0,0.0,0.0,0.0,0.0,0.0,0.0,0.0,23,0,0,0,0,0,0,0,0,0,0,0,0,0,0,0,0,0,0.0,0.0,0.0,0.0,0.0,0.0,0.0,0.0,0.0,0,0,0,0
398,Jayden,Danns,Danns,i,Hamstring injury - Unknown return date,,4.3,594,81.0,0.1,465,66.0,0.0,561.0,53.0,0,0,0.0,-2,2.0,0,1,0.0,0.0,0.0,0.0,0.0,627.0,63.0,0.0,0.0,617.0,63.0,614.0,62.0,586.0,62.0,620.0,63.0,,,,,,,,0.0,0.0,0.0,0.0,0.0,0.0,0.0,0.0,0.0,23,0,0,0,0,0,0,0,0,0,0,0,0,0,0,0,17,19,0.0,0.0,0.0,0.0,0.0,0.0,0.0,0.0,0.0,0,0,0,0
499,Alexander,Isak,Isak,i,Ankle injury - Unknown return date,,10.3,4,2.0,3.7,93,16.0,0.0,801.0,88.0,0,0,0.0,-2,2.0,1,100,0.0,2.8,0.0,0.0,2.9,209.0,20.0,0.0,0.0,320.0,31.0,337.0,41.0,142.0,34.0,302.0,36.0,,,,,,,,0.37,0.01,0.38,0.92,0.0,0.18,1.26,1.08,4.13,23,0,0,0,0,0,0,0,0,0,0,0,0,0,0,0,7,498,0.0,0.0,0.0,0.0,0.0,0.0,0.0,0.0,0.0,0,0,0,0
661,Hugo,Ekitiké,Ekitiké,a,,,8.9,7,3.0,26.6,13,4.0,1.5,232.0,30.0,0,0,0.0,4,-4.0,1291,2596,0.2,9.7,2.0,2.0,4.5,42.0,4.0,100.0,100.0,89.0,8.0,133.0,7.0,11.0,7.0,37.0,8.0,,,,,,,,0.48,0.12,0.6,1.23,0.0,0.37,1.18,1.03,3.99,23,0,0,0,0,0,0,0,0,0,0,0,0,0,0,0,24469,39245,0.0,0.0,0.0,0.0,0.0,0.0,0.0,0.0,0.0,0,0,0,0
686,Rio,Ngumoha,Ngumoha,a,,,4.3,612,357.0,0.7,216,74.0,0.3,333.0,148.0,0,0,0.0,-2,2.0,57,74,0.1,2.8,0.8,0.8,1.7,357.0,155.0,,,381.0,168.0,296.0,168.0,319.0,167.0,365.0,171.0,,,,,,,,0.56,0.48,1.04,2.38,0.0,0.0,3.0,0.0,4.5,23,0,0,0,0,0,0,0,0,0,0,0,0,0,0,0,668,811,0.0,0.0,0.0,0.0,0.0,0.0,0.0,0.0,0.0,0,0,0,0
692,Giovanni,Leoni,Leoni,i,Knee injury - Expected back 01 Sep,,4.9,345,57.0,0.0,697,239.0,0.0,723.0,252.0,0,0,0.0,-1,1.0,0,0,0.0,0.0,0.0,0.0,0.0,759.0,257.0,0.0,0.0,759.0,257.0,755.0,257.0,747.0,256.0,759.0,257.0,,,,,,,,0.0,0.0,0.0,0.0,0.0,0.0,0.0,0.0,0.0,23,0,0,0,0,0,0,0,0,0,0,0,0,0,0,0,3,4,0.0,0.0,0.0,0.0,0.0,0.0,0.0,0.0,0.0,0,0,0,0
746,Kieran,Morrison,Morrison,a,,,4.5,484,298.0,0.0,733,313.0,0.0,662.0,261.0,0,0,0.0,0,0.0,1,1,0.0,0.0,0.5,0.5,0.0,716.0,298.0,,,715.0,297.0,710.0,297.0,693.0,292.0,715.0,297.0,,,,,,,,0.0,0.0,0.0,0.0,0.0,0.0,0.0,0.0,0.0,23,0,0,0,0,0,0,0,0,0,0,0,0,0,0,0,9,6,0.0,0.0,0.0,0.0,0.0,0.0,0.0,0.0,0.0,0,0,0,0
760,Wellity,Lucky,Lucky,a,,,4.0,691,182.0,0.0,717,246.0,0.0,505.0,199.0,0,0,0.0,0,0.0,1,4,0.0,0.0,0.5,0.5,0.0,587.0,220.0,,,576.0,219.0,571.0,220.0,536.0,213.0,579.0,219.0,,,,,,,,0.0,0.0,0.0,0.0,0.0,0.0,0.0,0.0,0.0,23,0,0,0,0,0,0,0,0,0,0,0,0,0,0,0,9,10,0.0,0.0,0.0,0.0,0.0,0.0,0.0,0.0,0.0,0,0,0,0
82,Antoine,Semenyo,Semenyo,a,,,7.7,19,14.0,46.6,2,1.0,3.8,49.0,21.0,0,0,0.0,7,-7.0,1846,2955,0.5,15.8,4.3,4.3,5.8,7.0,4.0,100.0,100.0,13.0,4.0,35.0,34.0,4.0,1.0,4.0,2.0,,,,,,,,0.32,0.09,0.41,1.57,0.0,0.24,1.9,1.0,7.76,23,0,0,0,0,0,0,0,0,0,0,0,0,0,0,0,103299,28986,0.0,0.0,0.0,0.0,0.0,0.0,0.0,0.0,0.0,0,0,0,0
182,James,Trafford,Trafford,a,,,4.5,421,23.0,0.9,187,24.0,0.0,617.0,87.0,0,0,0.0,-5,5.0,1,24,0.0,2.4,0.5,0.5,3.7,97.0,8.0,,,315.0,25.0,666.0,83.0,645.0,71.0,390.0,26.0,,,,,,,,0.0,0.0,0.0,1.32,3.67,0.33,1.33,1.0,0.0,23,0,0,0,0,0,0,0,0,0,0,0,0,0,0,0,11,208,0.0,0.0,0.0,0.0,0.0,0.0,0.0,0.0,0.0,0,0,0,0
260,Marc,Guéhi,Guéhi,a,,,5.2,206,28.0,37.5,4,1.0,2.0,185.0,69.0,0,0,0.0,7,-7.0,1249,4362,0.4,20.2,2.5,2.5,5.2,10.0,3.0,100.0,100.0,28.0,11.0,168.0,41.0,87.0,9.0,68.0,13.0,,,,,,,,0.1,0.08,0.18,1.38,0.0,0.35,1.15,1.0,8.2,23,0,0,0,0,0,0,0,0,0,0,0,0,0,0,0,41399,55836,0.0,0.0,0.0,0.0,0.0,0.0,0.0,0.0,0.0,0,0,0,0
399,Ederson,Santana de Moraes,Ederson M.,u,has joined Fenerbache permanently.,,5.3,183,5.0,0.8,198,25.0,0.0,752.0,91.0,0,0,0.0,-2,2.0,0,3,0.0,0.0,0.0,0.0,0.0,776.0,91.0,0.0,0.0,776.0,91.0,775.0,90.0,770.0,87.0,776.0,91.0,,,,,,,,0.0,0.0,0.0,0.0,0.0,0.0,0.0,0.0,0.0,23,0,0,0,0,0,0,0,0,0,0,0,0,0,0,0,0,46,0.0,0.0,0.0,0.0,0.0,0.0,0.0,0.0,0.0,0,0,0,0
400,Stefan,Ortega Moreno,Ortega Moreno,a,,,4.7,373,16.0,0.2,402,61.0,0.0,682.0,88.0,0,0,0.0,-3,3.0,1,3,0.0,0.0,0.5,0.5,0.0,734.0,89.0,,,734.0,89.0,729.0,85.0,715.0,76.0,734.0,89.0,,,,,,,,0.0,0.0,0.0,0.0,0.0,0.0,0.0,0.0,0.0,23,0,0,0,0,0,0,0,0,0,0,0,0,0,0,0,4,42,0.0,0.0,0.0,0.0,0.0,0.0,0.0,0.0,0.0,0,0,0,0
401,Marcus,Bettinelli,Bettinelli,a,,,3.8,772,90.0,0.2,398,59.0,0.0,407.0,26.0,0,0,0.0,-2,2.0,78,31,0.0,0.0,0.5,0.5,0.0,493.0,31.0,100.0,100.0,483.0,31.0,473.0,17.0,434.0,2.0,486.0,31.0,,,,,,,,0.0,0.0,0.0,0.0,0.0,0.0,0.0,0.0,0.0,23,0,0,0,0,0,0,0,0,0,0,0,0,0,0,0,784,454,0.0,0.0,0.0,0.0,0.0,0.0,0.0,0.0,0.0,0,0,0,0
402,Rayan,Aït-Nouri,Aït-Nouri,a,,,5.7,121,12.0,3.8,91,33.0,0.2,399.0,145.0,0,0,0.0,-3,3.0,29,52,0.0,2.3,0.7,0.7,2.2,298.0,111.0,100.0,100.0,385.0,146.0,332.0,113.0,375.0,134.0,393.0,141.0,,,,,,,,0.02,0.21,0.23,1.31,0.0,0.42,0.84,1.26,9.67,23,0,0,0,0,0,0,0,0,0,0,0,0,0,0,0,1098,513,0.0,0.0,0.0,0.0,0.0,0.0,0.0,0.0,0.0,0,0,0,0
403,Joško,Gvardiol,Gvardiol,i,Leg injury - Unknown return date,,6.0,89,5.0,4.2,83,27.0,1.7,212.0,79.0,0,0,0.0,0,0.0,1,1152,0.3,12.8,0.0,0.0,4.8,26.0,13.0,0.0,0.0,90.0,40.0,208.0,55.0,100.0,14.0,119.0,40.0,,,,,,,,0.15,0.04,0.19,1.06,0.0,0.42,0.9,1.04,6.85,23,0,0,0,0,0,0,0,0,0,0,0,0,0,0,0,15,15182,0.0,0.0,0.0,0.0,0.0,0.0,0.0,0.0,0.0,0,0,0,0
404,Manuel,Akanji,Akanji,u,has joined Inter Milan on loan for the rest of the season.,,5.4,167,20.0,0.3,332,123.0,0.0,763.0,259.0,0,0,0.0,-1,1.0,0,1,0.0,0.0,0.0,0.0,0.0,780.0,261.0,0.0,0.0,780.0,261.0,779.0,261.0,775.0,260.0,780.0,261.0,,,,,,,,0.0,0.0,0.0,0.0,0.0,0.0,0.0,0.0,0.0,23,0,0,0,0,0,0,0,0,0,0,0,0,0,0,0,0,9,0.0,0.0,0.0,0.0,0.0,0.0,0.0,0.0,0.0,0,0,0,0
405,Nathan,Aké,Aké,a,,,5.3,184,24.0,0.6,225,84.0,2.2,170.0,67.0,0,0,0.0,-2,2.0,29,42,0.4,4.7,2.7,2.7,2.1,311.0,117.0,,,326.0,127.0,243.0,70.0,342.0,113.0,332.0,112.0,,,,,,,,0.05,0.08,0.13,1.46,0.0,0.37,1.3,0.74,6.51,23,0,0,0,0,0,0,0,0,0,0,0,0,0,0,0,841,533,0.0,0.0,0.0,0.0,0.0,0.0,0.0,0.0,0.0,0,0,0,0
406,Abdukodir,Khusanov,Khusanov,a,,,5.4,181,22.0,0.4,280,105.0,1.0,276.0,100.0,0,0,0.0,-1,1.0,50,44,0.2,3.3,1.5,1.5,2.2,295.0,110.0,100.0,100.0,322.0,124.0,376.0,137.0,782.0,262.0,377.0,134.0,,,,,,,,0.0,0.01,0.01,1.53,0.0,0.19,0.96,0.96,9.02,23,0,0,0,0,0,0,0,0,0,0,0,0,0,0,0,1785,459,0.0,0.0,0.0,0.0,0.0,0.0,0.0,0.0,0.0,0,0,0,0
407,Matheus,Nunes,Matheus N.,d,Illness - 75% chance of playing,,5.5,150,17.0,3.2,99,37.0,3.0,95.0,34.0,0,0,0.0,0,0.0,13,2492,0.5,17.1,2.6,2.6,4.9,19.0,8.0,75.0,75.0,51.0,24.0,90.0,21.0,287.0,89.0,97.0,27.0,,,4.0,,,,,0.01,0.07,0.08,1.07,0.0,0.4,0.91,0.97,7.49,23,0,0,0,0,0,0,0,0,0,0,0,0,0,0,0,256,39638,0.0,0.0,0.0,0.0,0.0,0.0,0.0,0.0,0.0,0,0,0,0
408,Rúben,dos Santos Gato Alves Dias,Rúben,i,Hamstring injury - Expected back 11 Feb,,5.6,127,13.0,3.7,92,34.0,2.3,156.0,59.0,0,0,0.0,1,-1.0,1,964,0.4,17.0,0.0,0.0,4.8,23.0,11.0,0.0,0.0,38.0,17.0,226.0,64.0,215.0,55.0,125.0,42.0,,,,,,,,0.03,0.03,0.06,1.04,0.0,0.53,0.84,1.0,6.97,23,0,0,0,0,0,0,0,0,0,0,0,0,0,0,0,15,12228,0.0,0.0,0.0,0.0,0.0,0.0,0.0,0.0,0.0,0,0,0,0
409,John,Stones,Stones,i,Thigh injury - Unknown return date,,5.4,157,18.0,0.6,240,90.0,0.0,760.0,258.0,0,0,0.0,-1,1.0,2,13,0.0,2.2,0.0,0.0,1.7,365.0,138.0,0.0,0.0,345.0,130.0,375.0,136.0,429.0,158.0,392.0,140.0,,,,,,,,0.0,0.02,0.02,1.29,0.0,0.26,2.05,1.03,4.87,23,0,0,0,0,0,0,0,0,0,0,0,0,0,0,0,4,77,0.0,0.0,0.0,0.0,0.0,0.0,0.0,0.0,0.0,0,0,0,0
410,Rico,Lewis,Lewis,a,,,4.6,393,69.0,1.3,167,64.0,0.2,380.0,143.0,0,0,0.0,-4,4.0,9,31,0.0,4.1,0.7,0.7,1.9,329.0,128.0,100.0,100.0,360.0,137.0,218.0,61.0,300.0,96.0,327.0,109.0,,,,,,,,0.03,0.38,0.41,1.46,0.0,0.29,1.45,0.87,5.5,23,0,0,0,0,0,0,0,0,0,0,0,0,0,0,0,455,566,0.0,0.0,0.0,0.0,0.0,0.0,0.0,0.0,0.0,0,0,0,0
411,Nico,O'Reilly,O'Reilly,a,,,5.1,235,36.0,6.9,57,18.0,0.7,301.0,109.0,0,0,0.0,1,-1.0,88,2842,0.1,15.3,1.2,1.2,3.7,103.0,38.0,100.0,100.0,94.0,41.0,81.0,20.0,91.0,10.0,77.0,16.0,,,,,,,,0.12,0.08,0.2,1.22,0.0,0.47,0.89,0.95,6.69,23,0,0,0,0,0,0,0,0,0,0,0,0,0,0,0,3941,52285,0.0,0.0,0.0,0.0,0.0,0.0,0.0,0.0,0.0,0,0,0,0
412,Vitor,de Oliveira Nunes dos Reis,Vitor Reis,u,Has joined Girona on loan for the rest of the season.,,5.0,280,44.0,0.0,755,256.0,0.0,742.0,255.0,0,0,0.0,0,0.0,0,0,0.0,0.0,0.0,0.0,0.0,773.0,259.0,0.0,0.0,773.0,259.0,771.0,259.0,765.0,258.0,773.0,259.0,,,,,,,,0.0,0.0,0.0,0.0,0.0,0.0,0.0,0.0,0.0,23,0,0,0,0,0,0,0,0,0,0,0,0,0,0,0,0,0,0.0,0.0,0.0,0.0,0.0,0.0,0.0,0.0,0.0,0,0,0,0
413,Omar,Marmoush,Marmoush,a,,,8.3,12,7.0,2.3,118,39.0,0.0,799.0,359.0,0,0,0.0,-2,2.0,80,74,0.0,1.9,0.5,0.5,1.6,383.0,172.0,100.0,100.0,391.0,171.0,333.0,179.0,218.0,122.0,353.0,167.0,,1.0,2.0,,,,,0.55,0.2,0.75,1.09,0.0,0.0,1.32,0.88,7.06,23,0,0,0,0,0,0,0,0,0,0,0,0,0,0,0,2458,332,0.0,0.0,0.0,0.0,0.0,0.0,0.0,0.0,0.0,0,0,0,0
414,Phil,Foden,Foden,a,,,8.6,10,5.0,23.8,14,4.0,1.7,216.0,92.0,0,0,0.0,6,-6.0,146,14526,0.2,11.7,2.2,2.2,5.0,16.0,8.0,100.0,100.0,46.0,12.0,3.0,3.0,34.0,20.0,8.0,6.0,1.0,3.0,,,,,,0.28,0.19,0.47,1.09,0.0,0.5,0.78,1.06,6.42,23,0,0,0,0,0,0,0,0,0,0,0,0,0,0,0,6072,210869,0.0,0.0,0.0,0.0,0.0,0.0,0.0,0.0,0.0,0,0,0,0
415,Sávio,Moreira de Oliveira,Savinho,i,Thigh injury - Expected back 21 Feb,,6.9,44,26.0,0.4,265,91.0,0.3,348.0,155.0,0,0,0.0,-1,1.0,2,17,0.0,3.8,0.0,0.0,1.7,369.0,162.0,0.0,0.0,346.0,154.0,166.0,113.0,81.0,51.0,222.0,112.0,,,,,,,,0.22,0.2,0.42,1.08,0.0,0.34,0.85,0.85,7.46,23,0,0,0,0,0,0,0,0,0,0,0,0,0,0,0,8,110,0.0,0.0,0.0,0.0,0.0,0.0,0.0,0.0,0.0,0,0,0,0
416,Bernardo,Mota Veiga de Carvalho e Silva,Bernardo,a,,,6.2,73,47.0,0.5,250,83.0,1.7,213.0,90.0,0,0,0.0,-3,3.0,22,32,0.3,7.7,2.2,2.2,2.2,300.0,132.0,,,222.0,94.0,45.0,40.0,201.0,112.0,130.0,70.0,5.0,,,,,,,0.04,0.1,0.14,1.19,0.0,0.4,0.97,1.03,7.67,23,0,0,0,0,0,0,0,0,0,0,0,0,0,0,0,438,414,0.0,0.0,0.0,0.0,0.0,0.0,0.0,0.0,0.0,0,0,0,0
417,Rayan,Cherki,Cherki,a,,,6.7,48,30.0,13.1,32,12.0,4.0,36.0,15.0,0,0,0.0,2,-2.0,574,3650,0.6,11.5,4.5,4.5,4.5,40.0,19.0,100.0,100.0,95.0,31.0,14.0,14.0,62.0,38.0,29.0,24.0,2.0,4.0,,,,,,0.18,0.57,0.75,1.3,0.0,0.41,0.92,1.02,8.6,23,0,0,0,0,0,0,0,0,0,0,0,0,0,0,0,13201,57572,0.0,0.0,0.0,0.0,0.0,0.0,0.0,0.0,0.0,0,0,0,0
418,Jérémy,Doku,Doku,a,,,6.4,59,37.0,3.0,107,32.0,2.0,188.0,78.0,0,0,0.0,-1,1.0,172,301,0.3,11.1,2.5,2.5,3.7,109.0,48.0,100.0,100.0,132.0,46.0,9.0,9.0,30.0,17.0,18.0,15.0,,,3.0,,,,,0.14,0.33,0.47,1.18,0.0,0.39,1.01,1.01,6.04,23,0,0,0,0,0,0,0,0,0,0,0,0,0,0,0,5463,2989,0.0,0.0,0.0,0.0,0.0,0.0,0.0,0.0,0.0,0,0,0,0
420,İlkay,Gündoğan,Gündoğan,u,has joined Galatasaray permanently.,,6.3,64,42.0,0.1,541,194.0,0.0,787.0,352.0,0,0,0.0,-2,2.0,0,0,0.0,0.0,0.0,0.0,0.0,794.0,356.0,0.0,0.0,794.0,356.0,794.0,356.0,794.0,356.0,794.0,356.0,,,,,,,,0.0,0.0,0.0,0.0,0.0,0.0,0.0,0.0,0.0,23,0,0,0,0,0,0,0,0,0,0,0,0,0,0,0,0,1,0.0,0.0,0.0,0.0,0.0,0.0,0.0,0.0,0.0,0,0,0,0
421,Rodrigo 'Rodri',Hernandez Cascante,Rodrigo,a,,,6.3,66,44.0,0.4,258,87.0,1.7,214.0,91.0,0,0,0.0,-2,2.0,34,28,0.3,3.5,2.2,2.2,2.2,301.0,133.0,100.0,100.0,296.0,132.0,160.0,108.0,320.0,168.0,289.0,140.0,,,,,,,,0.02,0.13,0.15,1.46,0.0,0.17,0.99,0.99,13.09,23,0,0,0,0,0,0,0,0,0,0,0,0,0,0,0,417,291,0.0,0.0,0.0,0.0,0.0,0.0,0.0,0.0,0.0,0,0,0,0
422,Mateo,Kovačić,Kovačić,i,Ankle injury - Unknown return date,,5.9,90,57.0,0.0,672,278.0,0.0,783.0,348.0,0,0,0.0,-1,1.0,1,0,0.0,0.2,0.0,0.0,1.0,478.0,228.0,0.0,0.0,463.0,214.0,446.0,218.0,790.0,353.0,478.0,222.0,,,,,,,,0.0,0.0,0.0,0.0,0.0,0.0,0.0,0.0,0.0,23,0,0,0,0,0,0,0,0,0,0,0,0,0,0,0,2,0,0.0,0.0,0.0,0.0,0.0,0.0,0.0,0.0,0.0,0,0,0,0
423,Nico,González Iglesias,N.Gonzalez,d,Knock - 25% chance of playing,,5.9,99,64.0,0.1,462,157.0,1.5,229.0,97.0,0,0,0.0,-1,1.0,0,25,0.3,9.3,0.5,0.5,2.9,205.0,90.0,25.0,25.0,159.0,58.0,132.0,95.0,266.0,144.0,186.0,99.0,,,,,,,,0.04,0.06,0.1,1.06,0.0,0.47,0.88,1.01,11.63,23,0,0,0,0,0,0,0,0,0,0,0,0,0,0,0,2,161,0.0,0.0,0.0,0.0,0.0,0.0,0.0,0.0,0.0,0,0,0,0
424,Oscar,Bobb,Bobb,i,Hamstring injury - Unknown return date,,5.1,236,145.0,0.2,379,131.0,0.0,748.0,326.0,0,0,0.0,-4,4.0,0,7,0.0,3.5,0.0,0.0,2.0,323.0,142.0,0.0,0.0,356.0,157.0,154.0,105.0,224.0,124.0,284.0,138.0,,,,,,,,0.08,0.22,0.3,0.99,0.0,0.39,0.97,0.97,5.62,23,0,0,0,0,0,0,0,0,0,0,0,0,0,0,0,1,38,0.0,0.0,0.0,0.0,0.0,0.0,0.0,0.0,0.0,0,0,0,0
425,Claudio,Echeverri,Echeverri,u,has joined Girona on loan for the rest of the season.,,5.4,180,113.0,0.0,721,308.0,0.0,771.0,340.0,0,0,0.0,-1,1.0,0,0,0.0,0.0,0.0,0.0,0.0,786.0,349.0,0.0,0.0,786.0,349.0,785.0,349.0,781.0,348.0,786.0,349.0,,,,,,,,0.0,0.0,0.0,0.0,0.0,0.0,0.0,0.0,0.0,23,0,0,0,0,0,0,0,0,0,0,0,0,0,0,0,0,0,0.0,0.0,0.0,0.0,0.0,0.0,0.0,0.0,0.0,0,0,0,0
427,Tijjani,Reijnders,Reijnders,a,,,5.2,210,132.0,11.7,38,14.0,3.7,54.0,22.0,0,0,0.0,-3,3.0,174,1002,0.7,15.2,4.2,4.2,3.8,87.0,41.0,,,114.0,39.0,64.0,51.0,33.0,19.0,46.0,33.0,3.0,,,,,,,0.24,0.12,0.36,1.07,0.0,0.4,1.01,1.07,5.43,23,0,0,0,0,0,0,0,0,0,0,0,0,0,0,0,3452,17992,0.0,0.0,0.0,0.0,0.0,0.0,0.0,0.0,0.0,0,0,0,0
428,Sverre,Nypan,Nypan,u,Has joined Middlesbrough on loan for the rest of the season.,,5.0,276,170.0,0.0,708,301.0,0.0,738.0,317.0,0,0,0.0,0,0.0,0,0,0.0,0.0,0.0,0.0,0.0,769.0,337.0,0.0,0.0,769.0,337.0,767.0,337.0,761.0,335.0,769.0,337.0,,,,,,,,0.0,0.0,0.0,0.0,0.0,0.0,0.0,0.0,0.0,23,0,0,0,0,0,0,0,0,0,0,0,0,0,0,0,0,0,0.0,0.0,0.0,0.0,0.0,0.0,0.0,0.0,0.0,0,0,0,0
429,Kalvin,Phillips,Phillips,a,,,4.8,348,219.0,0.1,534,189.0,0.0,689.0,282.0,0,0,0.0,-2,2.0,1,1,0.0,0.0,0.5,0.5,0.0,737.0,314.0,,,737.0,314.0,732.0,314.0,719.0,310.0,737.0,314.0,,,,,,,,0.0,0.0,0.0,0.0,0.0,0.0,0.0,0.0,0.0,23,0,0,0,0,0,0,0,0,0,0,0,0,0,0,0,6,14,0.0,0.0,0.0,0.0,0.0,0.0,0.0,0.0,0.0,0,0,0,0
430,Erling,Haaland,Haaland,a,,,15.1,1,1.0,73.9,1,1.0,2.3,163.0,19.0,0,0,0.0,11,-11.0,243,1748,0.2,10.9,2.8,2.8,7.5,2.0,1.0,100.0,100.0,1.0,1.0,155.0,13.0,1.0,1.0,1.0,1.0,,,1.0,,,,,0.88,0.06,0.94,1.17,0.0,0.47,0.95,1.04,3.41,23,0,0,0,0,0,0,0,0,0,0,0,0,0,0,0,7191,16451,0.0,0.0,0.0,0.0,0.0,0.0,0.0,0.0,0.0,0,0,0,0
736,Gianluigi,Donnarumma,Donnarumma,a,,,5.7,115,2.0,9.7,45,7.0,2.3,159.0,18.0,0,0,0.0,2,-2.0,194,1538,0.4,12.5,2.8,2.8,3.7,105.0,12.0,,,85.0,15.0,790.0,91.0,788.0,90.0,254.0,15.0,,,,,,,,0.0,0.0,0.0,1.13,2.26,0.42,0.89,1.0,0.0,23,0,0,0,0,0,0,0,0,0,0,0,0,0,0,0,7219,12864,0.0,0.0,0.0,0.0,0.0,0.0,0.0,0.0,0.0,0,0,0,0
739,Divine,Mukasa,Mukasa,a,,,4.4,555,333.0,0.0,662,272.0,0.2,368.0,162.0,0,0,0.0,-1,1.0,2,3,0.0,0.5,0.7,0.7,1.0,446.0,201.0,,,454.0,208.0,353.0,184.0,408.0,202.0,435.0,197.0,,,,,,,,0.0,0.76,0.76,1.22,0.0,0.0,0.0,0.0,3.6,23,0,0,0,0,0,0,0,0,0,0,0,0,0,0,0,21,26,0.0,0.0,0.0,0.0,0.0,0.0,0.0,0.0,0.0,0,0,0,0
740,Stephen,Mfuni,Mfuni,a,,,3.9,761,224.0,0.0,603,216.0,0.0,461.0,176.0,0,0,0.0,-1,1.0,0,4,0.0,0.0,0.5,0.5,0.0,543.0,197.0,,,533.0,197.0,526.0,198.0,489.0,189.0,536.0,197.0,,,,,,,,0.0,0.0,0.0,0.0,0.0,0.0,0.0,0.0,0.0,23,0,0,0,0,0,0,0,0,0,0,0,0,0,0,0,8,37,0.0,0.0,0.0,0.0,0.0,0.0,0.0,0.0,0.0,0,0,0,0
742,Ryan,McAidoo,McAidoo,a,,,4.5,495,307.0,0.0,719,307.0,0.0,671.0,269.0,0,0,0.0,0,0.0,0,0,0.0,0.0,0.5,0.5,0.0,724.0,305.0,,,724.0,305.0,719.0,305.0,702.0,300.0,724.0,305.0,,,,,,,,0.0,0.0,0.0,0.0,0.0,0.0,0.0,0.0,0.0,23,0,0,0,0,0,0,0,0,0,0,0,0,0,0,0,2,7,0.0,0.0,0.0,0.0,0.0,0.0,0.0,0.0,0.0,0,0,0,0
763,Charlie,Gray,Gray,a,,,4.5,450,271.0,0.0,776,341.0,0.0,637.0,242.0,0,0,0.0,0,0.0,0,1,0.0,0.0,0.5,0.5,0.0,692.0,280.0,,,688.0,276.0,685.0,278.0,665.0,270.0,689.0,277.0,,,,,,,,0.0,0.0,0.0,0.0,0.0,0.0,0.0,0.0,0.0,23,0,0,0,0,0,0,0,0,0,0,0,0,0,0,0,2,2,0.0,0.0,0.0,0.0,0.0,0.0,0.0,0.0,0.0,0,0,0,0
764,Reigan,Heskey,Heskey,a,,,4.5,478,293.0,0.0,784,346.0,0.0,656.0,256.0,0,0,0.0,0,0.0,0,0,0.0,0.0,0.5,0.5,0.0,710.0,293.0,,,709.0,292.0,704.0,292.0,687.0,287.0,709.0,292.0,,,,,,,,0.0,0.0,0.0,0.0,0.0,0.0,0.0,0.0,0.0,23,0,0,0,0,0,0,0,0,0,0,0,0,0,0,0,1,6,0.0,0.0,0.0,0.0,0.0,0.0,0.0,0.0,0.0,0,0,0,0
794,Max,Alleyne,Alleyne,a,,,4.5,442,90.0,0.0,664,230.0,1.7,205.0,77.0,0,0,0.0,0,0.0,3,20,0.4,1.1,2.2,2.2,2.5,251.0,97.0,,,402.0,153.0,381.0,140.0,337.0,110.0,409.0,148.0,,,,,,,,0.17,0.04,0.21,1.03,0.0,0.0,0.67,1.33,7.33,23,0,0,0,0,0,0,0,0,0,0,0,0,0,0,0,71,212,0.0,0.0,0.0,0.0,0.0,0.0,0.0,0.0,0.0,0,0,0,0
119,Bryan,Mbeumo,Mbeumo,a,,,8.2,14,9.0,11.4,39,15.0,1.5,230.0,98.0,0,0,0.0,2,-2.0,5813,162,0.2,10.1,1.5,0.5,4.9,21.0,10.0,100.0,100.0,65.0,19.0,16.0,15.0,7.0,2.0,9.0,7.0,2.0,2.0,,,,,,0.38,0.21,0.59,1.29,0.0,0.18,1.53,1.04,4.64,23,0,0,0,0,0,0,0,0,0,0,0,0,0,0,0,52352,3171,0.0,0.0,0.0,0.0,0.0,0.0,0.0,0.0,0.0,0,0,0,0
431,Altay,Bayındır,Bayindir,a,,,4.7,382,17.0,0.3,306,41.0,0.0,685.0,89.0,0,0,0.0,-3,3.0,4,5,0.0,2.3,0.0,-1.0,1.8,346.0,28.0,,,292.0,23.0,404.0,9.0,716.0,77.0,370.0,23.0,,,,,,,,0.0,0.01,0.01,1.54,2.17,0.0,1.83,1.0,0.0,23,0,0,0,0,0,0,0,0,0,0,0,0,0,0,0,21,83,0.0,0.0,0.0,0.0,0.0,0.0,0.0,0.0,0.0,0,0,0,0
432,André,Onana,Onana,u,has joined Trabzonspor on loan for the rest of the season.,,4.9,298,12.0,0.1,414,63.0,0.0,703.0,90.0,0,0,0.0,-1,1.0,0,1,0.0,0.0,0.0,0.0,0.0,745.0,90.0,0.0,0.0,745.0,90.0,741.0,87.0,732.0,81.0,745.0,90.0,,,,,,,,0.0,0.0,0.0,0.0,0.0,0.0,0.0,0.0,0.0,23,0,0,0,0,0,0,0,0,0,0,0,0,0,0,0,0,6,0.0,0.0,0.0,0.0,0.0,0.0,0.0,0.0,0.0,0,0,0,0
433,Elyh,Harrison,Harrison,u,On loan to Shrewsbury Town,,4.0,703,62.0,0.0,785,91.0,0.0,516.0,75.0,0,0,0.0,0,0.0,0,0,0.0,0.0,0.0,0.0,0.0,597.0,80.0,0.0,0.0,586.0,80.0,581.0,69.0,547.0,54.0,589.0,80.0,,,,,,,,0.0,0.0,0.0,0.0,0.0,0.0,0.0,0.0,0.0,23,0,0,0,0,0,0,0,0,0,0,0,0,0,0,0,0,0,0.0,0.0,0.0,0.0,0.0,0.0,0.0,0.0,0.0,0,0,0,0
434,Tom,Heaton,Heaton,a,,,3.9,720,63.0,0.3,331,45.0,0.0,429.0,28.0,0,0,0.0,-1,1.0,1,14,0.0,0.0,0.0,-1.0,0.0,512.0,33.0,,,502.0,33.0,494.0,19.0,456.0,4.0,505.0,33.0,,,,,,,,0.0,0.0,0.0,0.0,0.0,0.0,0.0,0.0,0.0,23,0,0,0,0,0,0,0,0,0,0,0,0,0,0,0,23,106,0.0,0.0,0.0,0.0,0.0,0.0,0.0,0.0,0.0,0,0,0,0
435,Dermot,Mee,Mee,a,,,3.9,743,78.0,0.1,468,72.0,0.0,446.0,42.0,0,0,0.0,-1,1.0,1,1,0.0,0.0,0.0,-1.0,0.0,528.0,47.0,,,518.0,47.0,511.0,34.0,474.0,19.0,521.0,47.0,,,,,,,,0.0,0.0,0.0,0.0,0.0,0.0,0.0,0.0,0.0,23,0,0,0,0,0,0,0,0,0,0,0,0,0,0,0,12,77,0.0,0.0,0.0,0.0,0.0,0.0,0.0,0.0,0.0,0,0,0,0
436,Matthijs,de Ligt,De Ligt,i,Back injury - Unknown return date,,4.9,303,49.0,2.0,132,52.0,0.0,704.0,250.0,0,0,0.0,-1,1.0,3,66,0.0,8.8,0.0,0.0,3.3,145.0,57.0,0.0,0.0,150.0,63.0,290.0,95.0,169.0,32.0,207.0,68.0,,,,,,,,0.11,0.06,0.17,1.44,0.0,0.08,1.54,1.0,8.23,23,0,0,0,0,0,0,0,0,0,0,0,0,0,0,0,7,456,0.0,0.0,0.0,0.0,0.0,0.0,0.0,0.0,0.0,0,0,0,0
437,Lisandro,Martínez,Martinez,a,,,4.8,359,62.0,0.6,235,87.0,4.2,26.0,9.0,0,0,0.0,-2,2.0,296,48,0.9,6.2,4.2,3.2,3.0,187.0,73.0,100.0,100.0,272.0,106.0,306.0,102.0,389.0,144.0,334.0,114.0,,,,,,,,0.01,0.03,0.04,0.76,0.0,0.33,0.99,0.83,8.11,23,0,0,0,0,0,0,0,0,0,0,0,0,0,0,0,2071,845,0.0,0.0,0.0,0.0,0.0,0.0,0.0,0.0,0.0,0,0,0,0
438,Noussair,Mazraoui,Mazraoui,a,,,4.9,312,52.0,0.2,387,141.0,0.0,707.0,251.0,0,0,0.0,-1,1.0,46,2,0.0,3.5,0.0,-1.0,1.9,330.0,129.0,100.0,100.0,306.0,116.0,308.0,103.0,370.0,131.0,354.0,125.0,,,,,,,,0.0,0.05,0.05,0.81,0.0,0.21,1.03,1.23,8.61,23,0,0,0,0,0,0,0,0,0,0,0,0,0,0,0,186,30,0.0,0.0,0.0,0.0,0.0,0.0,0.0,0.0,0.0,0,0,0,0
439,Diego,León Blanco,D.Leon,a,,,4.2,642,156.0,0.1,557,202.0,0.0,549.0,229.0,0,0,0.0,-3,3.0,1,4,0.0,0.0,0.0,-1.0,0.0,619.0,243.0,,,609.0,243.0,606.0,243.0,576.0,240.0,613.0,244.0,,,,,,,,0.0,0.0,0.0,0.0,0.0,0.0,0.0,0.0,0.0,23,0,0,0,0,0,0,0,0,0,0,0,0,0,0,0,2,23,0.0,0.0,0.0,0.0,0.0,0.0,0.0,0.0,0.0,0,0,0,0
440,Diogo,Dalot Teixeira,Dalot,a,,,4.5,413,80.0,3.6,95,35.0,3.8,39.0,16.0,0,0,0.0,0,0.0,158,412,0.8,15.6,3.8,2.8,3.5,119.0,44.0,100.0,100.0,118.0,50.0,73.0,16.0,180.0,40.0,100.0,29.0,,,,,,,,0.07,0.09,0.16,1.29,0.0,0.24,1.57,1.02,6.39,23,0,0,0,0,0,0,0,0,0,0,0,0,0,0,0,1199,9137,0.0,0.0,0.0,0.0,0.0,0.0,0.0,0.0,0.0,0,0,0,0
441,Patrick,Dorgu,Dorgu,a,,,4.3,610,142.0,8.7,47,15.0,6.7,1.0,1.0,0,0,0.0,-2,2.0,4083,257,1.6,15.3,6.7,5.7,3.1,165.0,66.0,,,86.0,38.0,42.0,4.0,69.0,3.0,50.0,6.0,,,,,,,,0.13,0.1,0.23,1.3,0.0,0.22,1.37,0.94,6.56,23,0,0,0,0,0,0,0,0,0,0,0,0,0,0,0,39582,4795,0.0,0.0,0.0,0.0,0.0,0.0,0.0,0.0,0.0,0,0,0,0
442,Harry,Maguire,Maguire,a,,,4.3,563,120.0,0.5,244,92.0,1.0,269.0,96.0,0,0,0.0,-2,2.0,136,11,0.2,9.1,1.0,0.0,4.3,47.0,19.0,100.0,100.0,316.0,121.0,380.0,139.0,291.0,92.0,355.0,126.0,,,,,,,,0.1,0.0,0.1,1.49,0.0,0.63,0.84,1.04,6.26,23,0,0,0,0,0,0,0,0,0,0,0,0,0,0,0,1016,204,0.0,0.0,0.0,0.0,0.0,0.0,0.0,0.0,0.0,0,0,0,0
443,Luke,Shaw,Shaw,a,,,4.5,403,74.0,0.6,234,86.0,2.5,127.0,50.0,0,0,0.0,0,0.0,55,57,0.6,11.6,2.5,1.5,2.4,261.0,104.0,,,107.0,47.0,101.0,24.0,314.0,100.0,147.0,48.0,,,,,,,,0.0,0.06,0.06,1.2,0.0,0.19,1.37,1.04,5.75,23,0,0,0,0,0,0,0,0,0,0,0,0,0,0,0,372,1018,0.0,0.0,0.0,0.0,0.0,0.0,0.0,0.0,0.0,0,0,0,0
444,Leny,Yoro,Yoro,a,,,4.2,637,154.0,1.3,165,63.0,0.8,283.0,103.0,0,0,0.0,-3,3.0,19,48,0.2,8.3,0.8,-0.2,1.7,356.0,135.0,,,216.0,87.0,283.0,92.0,249.0,69.0,274.0,90.0,,,,,,,,0.05,0.02,0.07,1.37,0.0,0.08,1.91,0.95,7.47,23,0,0,0,0,0,0,0,0,0,0,0,0,0,0,0,162,678,0.0,0.0,0.0,0.0,0.0,0.0,0.0,0.0,0.0,0,0,0,0
445,Harry,Amass,Amass,u,has joined Sheffield Wednesday on loan for the rest of the season.,,4.0,701,191.0,0.1,525,191.0,0.0,514.0,207.0,0,0,0.0,0,0.0,0,0,0.0,0.0,0.0,0.0,0.0,595.0,227.0,0.0,0.0,584.0,226.0,579.0,227.0,545.0,221.0,587.0,226.0,,,,,,,,0.0,0.0,0.0,0.0,0.0,0.0,0.0,0.0,0.0,23,0,0,0,0,0,0,0,0,0,0,0,0,0,0,0,0,3,0.0,0.0,0.0,0.0,0.0,0.0,0.0,0.0,0.0,0,0,0,0
446,Tyler,Fredricson,Fredricson,a,,,3.8,793,254.0,0.1,423,157.0,0.2,352.0,132.0,0,0,0.0,-2,2.0,4,2,0.1,0.3,0.2,-0.8,1.0,429.0,157.0,,,455.0,165.0,488.0,187.0,449.0,176.0,468.0,166.0,,,,,,,,0.0,0.0,0.0,13.5,0.0,0.0,0.0,0.0,90.0,23,0,0,0,0,0,0,0,0,0,0,0,0,0,0,0,17,57,0.0,0.0,0.0,0.0,0.0,0.0,0.0,0.0,0.0,0,0,0,0
447,Ayden,Heaven,Heaven,a,,,3.9,765,227.0,2.5,115,46.0,2.5,124.0,47.0,0,0,0.0,-1,1.0,41,368,0.6,6.7,2.5,1.5,2.4,258.0,101.0,100.0,100.0,233.0,95.0,355.0,126.0,335.0,109.0,322.0,108.0,,,,,,,,0.05,0.02,0.07,1.12,0.0,0.14,1.7,1.13,10.05,23,0,0,0,0,0,0,0,0,0,0,0,0,0,0,0,444,4744,0.0,0.0,0.0,0.0,0.0,0.0,0.0,0.0,0.0,0,0,0,0
448,Tyrell,Malacia,Malacia,a,,,3.8,775,236.0,0.4,266,100.0,0.2,350.0,130.0,0,0,0.0,-2,2.0,5,12,0.1,0.3,0.2,-0.8,1.0,428.0,156.0,,,459.0,166.0,475.0,174.0,436.0,163.0,473.0,168.0,,,,,,,,0.0,0.0,0.0,13.5,0.0,0.0,0.0,0.0,90.0,23,0,0,0,0,0,0,0,0,0,0,0,0,0,0,0,86,206,0.0,0.0,0.0,0.0,0.0,0.0,0.0,0.0,0.0,0,0,0,0
449,Bruno,Borges Fernandes,B.Fernandes,a,,,9.3,6,4.0,19.3,19,7.0,2.8,110.0,49.0,0,0,0.0,3,-3.0,17620,107,0.3,12.5,2.8,1.8,6.1,4.0,1.0,100.0,100.0,4.0,1.0,1.0,1.0,40.0,24.0,2.0,1.0,1.0,1.0,1.0,,,,,0.39,0.31,0.7,1.29,0.0,0.11,1.55,1.05,10.47,23,0,0,0,0,0,0,0,0,0,0,0,0,0,0,0,149341,4489,0.0,0.0,0.0,0.0,0.0,0.0,0.0,0.0,0.0,0,0,0,0
450,Matheus,Santos Carneiro da Cunha,Cunha,a,,,8.0,16,11.0,7.7,53,20.0,3.2,82.0,40.0,0,0,0.0,0,0.0,258,1575,0.4,8.8,3.2,2.2,3.7,111.0,49.0,100.0,100.0,91.0,28.0,50.0,43.0,18.0,8.0,30.0,25.0,,,,,,,,0.32,0.14,0.46,1.26,0.0,0.19,1.36,1.04,7.51,23,0,0,0,0,0,0,0,0,0,0,0,0,0,0,0,1763,56338,0.0,0.0,0.0,0.0,0.0,0.0,0.0,0.0,0.0,0,0,0,0
451,Marcus,Rashford,Rashford,u,Has joined Barcelona on loan for the rest of the season,,7.0,38,23.0,0.0,684,287.0,0.0,795.0,357.0,0,0,0.0,0,0.0,0,0,0.0,0.0,0.0,0.0,0.0,800.0,359.0,0.0,0.0,800.0,359.0,800.0,359.0,800.0,359.0,800.0,359.0,,,,,,,,0.0,0.0,0.0,0.0,0.0,0.0,0.0,0.0,0.0,23,0,0,0,0,0,0,0,0,0,0,0,0,0,0,0,0,1,0.0,0.0,0.0,0.0,0.0,0.0,0.0,0.0,0.0,0,0,0,0
452,Amad,Diallo,Amad,a,,,6.2,78,51.0,1.3,164,57.0,0.5,325.0,146.0,0,0,0.0,-3,3.0,791,40,0.1,9.5,0.5,-0.5,3.7,108.0,47.0,100.0,100.0,140.0,50.0,29.0,28.0,44.0,27.0,40.0,30.0,,,,,,,,0.27,0.2,0.47,1.11,0.0,0.21,1.25,1.04,7.94,23,0,0,0,0,0,0,0,0,0,0,0,0,0,0,0,8056,675,0.0,0.0,0.0,0.0,0.0,0.0,0.0,0.0,0.0,0,0,0,0
454,Antony,dos Santos,Antony,u,has joined Real Betis permanently.,,5.9,100,65.0,0.1,552,201.0,0.0,785.0,350.0,0,0,0.0,-1,1.0,0,0,0.0,0.0,0.0,0.0,0.0,793.0,355.0,0.0,0.0,793.0,355.0,793.0,355.0,793.0,355.0,793.0,355.0,,,,,,,,0.0,0.0,0.0,0.0,0.0,0.0,0.0,0.0,0.0,23,0,0,0,0,0,0,0,0,0,0,0,0,0,0,0,0,1,0.0,0.0,0.0,0.0,0.0,0.0,0.0,0.0,0.0,0,0,0,0
455,Mason,Mount,Mount,a,,,5.9,96,61.0,0.4,272,92.0,0.5,324.0,145.0,0,0,0.0,-1,1.0,23,40,0.1,7.8,0.5,-0.5,2.7,231.0,102.0,100.0,100.0,249.0,106.0,116.0,83.0,127.0,74.0,183.0,96.0,3.0,,,,,,,0.17,0.16,0.33,1.14,0.0,0.33,1.55,1.11,6.87,23,0,0,0,0,0,0,0,0,0,0,0,0,0,0,0,155,912,0.0,0.0,0.0,0.0,0.0,0.0,0.0,0.0,0.0,0,0,0,0
457,Carlos Henrique,Casimiro,Casemiro,a,,,5.5,135,83.0,1.3,166,58.0,3.8,43.0,19.0,0,0,0.0,0,0.0,250,183,0.7,16.4,3.8,2.8,4.5,37.0,18.0,100.0,100.0,58.0,15.0,74.0,57.0,57.0,35.0,49.0,35.0,,,,,,,,0.24,0.1,0.34,0.99,0.0,0.33,1.11,1.24,12.1,23,0,0,0,0,0,0,0,0,0,0,0,0,0,0,0,2183,3167,0.0,0.0,0.0,0.0,0.0,0.0,0.0,0.0,0.0,0,0,0,0
458,Kobbie,Mainoo,Mainoo,a,,,4.6,395,245.0,0.5,254,86.0,0.7,298.0,133.0,0,0,0.0,-4,4.0,187,17,0.2,3.3,0.7,-0.3,1.2,422.0,190.0,100.0,100.0,357.0,158.0,224.0,138.0,332.0,174.0,343.0,164.0,,,,,,,,0.03,0.08,0.11,1.33,0.0,0.28,1.98,0.28,10.47,23,0,0,0,0,0,0,0,0,0,0,0,0,0,0,0,2051,213,0.0,0.0,0.0,0.0,0.0,0.0,0.0,0.0,0.0,0,0,0,0
459,Manuel,Ugarte Ribeiro,Ugarte,a,,,4.7,380,238.0,0.2,394,134.0,2.3,151.0,62.0,0,0,0.0,-3,3.0,11,17,0.5,6.2,2.3,1.3,1.8,345.0,148.0,,,297.0,133.0,286.0,165.0,321.0,169.0,328.0,160.0,,,,,,,,0.04,0.02,0.06,1.66,0.0,0.12,2.22,0.86,14.18,23,0,0,0,0,0,0,0,0,0,0,0,0,0,0,0,83,258,0.0,0.0,0.0,0.0,0.0,0.0,0.0,0.0,0.0,0,0,0,0
460,Toby,Collyer,Collyer,a,,,4.5,438,263.0,0.0,649,265.0,0.0,630.0,235.0,0,0,0.0,0,0.0,0,0,0.0,0.0,0.0,-1.0,0.0,685.0,273.0,100.0,100.0,679.0,268.0,678.0,271.0,658.0,263.0,682.0,270.0,,,,,,,,0.0,0.0,0.0,0.0,0.0,0.0,0.0,0.0,0.0,23,0,0,0,0,0,0,0,0,0,0,0,0,0,0,0,5,1,0.0,0.0,0.0,0.0,0.0,0.0,0.0,0.0,0.0,0,0,0,0
461,Jayce,Fitzgerald,Fitzgerald,a,,,4.3,604,352.0,0.0,606,233.0,0.0,567.0,198.0,0,0,0.0,-2,2.0,0,1,0.0,0.0,0.0,-1.0,0.0,633.0,240.0,,,623.0,231.0,621.0,236.0,593.0,224.0,626.0,233.0,,,,,,,,0.0,0.0,0.0,0.0,0.0,0.0,0.0,0.0,0.0,23,0,0,0,0,0,0,0,0,0,0,0,0,0,0,0,18,24,0.0,0.0,0.0,0.0,0.0,0.0,0.0,0.0,0.0,0,0,0,0
462,Jack,Fletcher,J.Fletcher,a,,,4.3,601,349.0,0.1,488,172.0,0.3,332.0,147.0,0,0,0.0,-2,2.0,5,8,0.1,0.7,0.3,-0.7,1.0,439.0,195.0,,,425.0,190.0,363.0,188.0,405.0,200.0,424.0,190.0,,,,,,,,0.03,0.02,0.05,1.56,0.0,0.0,0.0,0.0,9.25,23,0,0,0,0,0,0,0,0,0,0,0,0,0,0,0,85,165,0.0,0.0,0.0,0.0,0.0,0.0,0.0,0.0,0.0,0,0,0,0
463,Sékou,Koné,Kone,a,,,4.3,613,358.0,0.1,483,169.0,0.0,573.0,202.0,0,0,0.0,-2,2.0,4,4,0.0,0.0,0.0,-1.0,0.0,638.0,244.0,,,628.0,235.0,626.0,240.0,599.0,229.0,631.0,237.0,,,,,,,,0.0,0.0,0.0,0.0,0.0,0.0,0.0,0.0,0.0,23,0,0,0,0,0,0,0,0,0,0,0,0,0,0,0,25,53,0.0,0.0,0.0,0.0,0.0,0.0,0.0,0.0,0.0,0,0,0,0
464,Jack,Moorhouse,Moorhouse,u,has joined Leyton Orient on loan for the rest of the season.,,4.5,464,283.0,0.0,675,280.0,0.0,646.0,250.0,0,0,0.0,0,0.0,0,1,0.0,0.0,0.0,0.0,0.0,700.0,287.0,0.0,0.0,698.0,285.0,694.0,286.0,675.0,279.0,699.0,286.0,,,,,,,,0.0,0.0,0.0,0.0,0.0,0.0,0.0,0.0,0.0,23,0,0,0,0,0,0,0,0,0,0,0,0,0,0,0,0,2,0.0,0.0,0.0,0.0,0.0,0.0,0.0,0.0,0.0,0,0,0,0
465,Rasmus,Højlund,Højlund,u,has joined Napoli on loan for the rest of the season.,,6.3,70,22.0,0.3,335,55.0,0.0,790.0,83.0,0,0,0.0,-2,2.0,0,2,0.0,0.0,0.0,0.0,0.0,795.0,86.0,0.0,0.0,795.0,86.0,795.0,86.0,795.0,86.0,795.0,86.0,,,,,,,,0.0,0.0,0.0,0.0,0.0,0.0,0.0,0.0,0.0,23,0,0,0,0,0,0,0,0,0,0,0,0,0,0,0,0,8,0.0,0.0,0.0,0.0,0.0,0.0,0.0,0.0,0.0,0,0,0,0
466,Joshua,Zirkzee,Zirkzee,d,Knock - 25% chance of playing,,5.8,108,30.0,0.5,257,41.0,2.3,161.0,18.0,0,0,0.0,-2,2.0,4,124,0.4,5.7,0.6,0.3,2.4,270.0,27.0,25.0,25.0,268.0,24.0,174.0,15.0,119.0,31.0,218.0,25.0,,,,,,,,0.33,0.05,0.38,1.2,0.0,0.19,1.31,0.75,6.36,23,0,0,0,0,0,0,0,0,0,0,0,0,0,0,0,12,1085,0.0,0.0,0.0,0.0,0.0,0.0,0.0,0.0,0.0,0,0,0,0
467,Chido,Obi,Obi,a,,,4.2,639,87.0,1.7,140,20.0,0.0,546.0,51.0,0,0,0.0,-3,3.0,44,128,0.0,0.0,0.0,-1.0,0.0,617.0,61.0,,,607.0,60.0,604.0,60.0,574.0,60.0,611.0,61.0,,,,,,,,0.0,0.0,0.0,0.0,0.0,0.0,0.0,0.0,0.0,23,0,0,0,0,0,0,0,0,0,0,0,0,0,0,0,367,1433,0.0,0.0,0.0,0.0,0.0,0.0,0.0,0.0,0.0,0,0,0,0
468,Ethan,Wheatley,Wheatley,a,,,4.5,472,64.0,0.1,492,68.0,0.0,653.0,65.0,0,0,0.0,0,0.0,5,4,0.0,0.0,0.0,-1.0,0.0,707.0,74.0,100.0,100.0,705.0,74.0,701.0,73.0,683.0,73.0,706.0,74.0,,,,,,,,0.0,0.0,0.0,0.0,0.0,0.0,0.0,0.0,0.0,23,0,0,0,0,0,0,0,0,0,0,0,0,0,0,0,34,13,0.0,0.0,0.0,0.0,0.0,0.0,0.0,0.0,0.0,0,0,0,0
681,Benjamin,Sesko,Šeško,a,,,7.2,33,13.0,3.4,97,17.0,3.0,98.0,11.0,0,0,0.0,-3,3.0,248,224,0.4,7.6,3.0,2.0,3.2,162.0,15.0,100.0,100.0,189.0,14.0,182.0,16.0,15.0,8.0,71.0,13.0,,,,,,,,0.43,0.02,0.45,1.33,0.0,0.09,1.73,0.95,3.82,23,0,0,0,0,0,0,0,0,0,0,0,0,0,0,0,1060,5207,0.0,0.0,0.0,0.0,0.0,0.0,0.0,0.0,0.0,0,0,0,0
733,Senne,Lammens,Lammens,a,,,5.0,259,9.0,1.8,139,18.0,3.5,60.0,5.0,0,0,0.0,0,0.0,264,137,0.7,9.4,3.5,2.5,2.9,201.0,18.0,,,133.0,19.0,760.0,88.0,428.0,1.0,287.0,19.0,,,,,,,,0.0,0.0,0.0,1.13,2.12,0.19,1.31,1.0,0.0,23,0,0,0,0,0,0,0,0,0,0,0,0,0,0,0,1084,2885,0.0,0.0,0.0,0.0,0.0,0.0,0.0,0.0,0.0,0,0,0,0
755,Shea,Lacey,Lacey,a,,,4.5,475,291.0,0.0,694,294.0,0.2,376.0,169.0,0,0,0.0,0,0.0,3,2,0.0,0.4,0.2,-0.8,1.0,455.0,209.0,100.0,100.0,456.0,209.0,439.0,214.0,373.0,188.0,455.0,209.0,,,,,,,,0.52,0.0,0.52,0.82,0.0,0.0,0.0,0.0,7.5,23,0,0,0,0,0,0,0,0,0,0,0,0,0,0,0,34,31,0.0,0.0,0.0,0.0,0.0,0.0,0.0,0.0,0.0,0,0,0,0
769,Bendito,Mantato,Bendito Mantato,a,,,4.5,474,290.0,0.0,775,340.0,0.2,375.0,168.0,0,0,0.0,0,0.0,1,0,0.0,0.2,0.2,-0.8,1.0,454.0,208.0,,,465.0,216.0,390.0,195.0,685.0,286.0,457.0,211.0,,,,,,,,0.0,0.06,0.06,0.3,0.0,0.0,0.0,0.0,0.0,23,0,0,0,0,0,0,0,0,0,0,0,0,0,0,0,2,6,0.0,0.0,0.0,0.0,0.0,0.0,0.0,0.0,0.0,0,0,0,0
771,Tyler,Fletcher,Fletcher,a,,,4.5,451,272.0,0.0,752,326.0,0.0,638.0,243.0,0,0,0.0,0,0.0,0,0,0.0,0.0,0.0,-1.0,0.0,693.0,281.0,,,689.0,277.0,686.0,279.0,666.0,271.0,690.0,278.0,,,,,,,,0.0,0.0,0.0,0.0,0.0,0.0,0.0,0.0,0.0,23,0,0,0,0,0,0,0,0,0,0,0,0,0,0,0,7,18,0.0,0.0,0.0,0.0,0.0,0.0,0.0,0.0,0.0,0,0,0,0
788,Godwill,Kukonki,Kukonki,a,,,4.0,700,190.0,0.0,765,260.0,0.0,513.0,206.0,0,0,0.0,0,0.0,0,1,0.0,0.0,0.0,-1.0,0.0,594.0,226.0,,,583.0,225.0,578.0,226.0,544.0,220.0,586.0,225.0,,,,,,,,0.0,0.0,0.0,0.0,0.0,0.0,0.0,0.0,0.0,23,0,0,0,0,0,0,0,0,0,0,0,0,0,0,0,3,14,0.0,0.0,0.0,0.0,0.0,0.0,0.0,0.0,0.0,0,0,0,0
52,Jacob,Ramsey,J.Ramsey,a,,,5.3,191,120.0,0.2,362,120.0,0.8,289.0,129.0,0,0,0.0,-2,2.0,7,6,0.2,2.6,0.3,0.8,1.2,423.0,191.0,100.0,100.0,368.0,163.0,164.0,112.0,265.0,143.0,305.0,147.0,,,,,,,,0.06,0.11,0.17,1.6,0.0,0.0,1.96,0.71,10.87,23,0,0,0,0,0,0,0,0,0,0,0,0,0,0,0,61,85,0.0,0.0,0.0,0.0,0.0,0.0,0.0,0.0,0.0,0,0,0,0
135,Yoane,Wissa,Wissa,a,,,7.3,25,8.0,1.0,185,27.0,1.8,197.0,25.0,0,0,0.0,-2,2.0,176,186,0.2,1.8,1.3,1.8,1.6,382.0,43.0,100.0,100.0,394.0,42.0,373.0,46.0,211.0,41.0,360.0,42.0,,,,,,,,0.51,0.12,0.63,1.24,0.0,0.34,1.02,0.68,3.75,23,0,0,0,0,0,0,0,0,0,0,0,0,0,0,0,3386,3463,0.0,0.0,0.0,0.0,0.0,0.0,0.0,0.0,0.0,0,0,0,0
469,Nick,Pope,Pope,a,,,5.1,223,6.0,5.1,74,13.0,2.7,120.0,12.0,0,0,0.0,1,-1.0,106,306,0.5,13.9,2.2,2.7,4.4,43.0,2.0,100.0,100.0,79.0,14.0,774.0,89.0,768.0,86.0,247.0,14.0,,,,,,,,0.0,0.0,0.0,1.04,2.97,0.44,1.07,1.01,0.0,23,0,0,0,0,0,0,0,0,0,0,0,0,0,0,0,966,4188,0.0,0.0,0.0,0.0,0.0,0.0,0.0,0.0,0.0,0,0,0,0
471,Mark,Gillespie,Gillespie,a,,,3.9,725,68.0,0.1,425,65.0,0.0,433.0,32.0,0,0,0.0,-1,1.0,2,0,0.0,0.0,-0.5,0.0,0.0,516.0,37.0,,,506.0,37.0,499.0,24.0,461.0,9.0,509.0,37.0,,,,,,,,0.0,0.0,0.0,0.0,0.0,0.0,0.0,0.0,0.0,23,0,0,0,0,0,0,0,0,0,0,0,0,0,0,0,26,21,0.0,0.0,0.0,0.0,0.0,0.0,0.0,0.0,0.0,0,0,0,0
472,Odysseas,Vlachodimos,Odysseas,u,Has joined Sevilla on loan for the rest of the season.,,4.0,653,44.0,0.0,693,80.0,0.0,472.0,58.0,0,0,0.0,0,0.0,0,0,0.0,0.0,0.0,0.0,0.0,554.0,63.0,0.0,0.0,544.0,63.0,538.0,51.0,502.0,36.0,547.0,63.0,,,,,,,,0.0,0.0,0.0,0.0,0.0,0.0,0.0,0.0,0.0,23,0,0,0,0,0,0,0,0,0,0,0,0,0,0,0,0,3,0.0,0.0,0.0,0.0,0.0,0.0,0.0,0.0,0.0,0,0,0,0
473,Lewis,Hall,Hall,a,,,5.3,198,26.0,3.2,101,39.0,4.2,28.0,11.0,0,0,0.0,-2,2.0,496,586,0.8,9.6,3.7,4.2,3.4,134.0,53.0,100.0,100.0,155.0,66.0,127.0,30.0,214.0,54.0,158.0,50.0,4.0,,,,,,,0.05,0.14,0.19,1.27,0.0,0.26,1.4,0.96,7.78,23,0,0,0,0,0,0,0,0,0,0,0,0,0,0,0,7071,5934,0.0,0.0,0.0,0.0,0.0,0.0,0.0,0.0,0.0,0,0,0,0
474,Fabian,Schär,Schär,i,Ankle injury - Expected back 18 Apr,,5.3,182,23.0,1.5,155,60.0,2.8,106.0,38.0,0,0,0.0,-2,2.0,4,310,0.5,9.6,0.0,0.0,3.2,156.0,64.0,0.0,0.0,138.0,59.0,278.0,89.0,192.0,46.0,201.0,65.0,,3.0,4.0,,,,,0.08,0.05,0.13,1.14,0.0,0.33,1.07,0.91,9.5,23,0,0,0,0,0,0,0,0,0,0,0,0,0,0,0,16,3786,0.0,0.0,0.0,0.0,0.0,0.0,0.0,0.0,0.0,0,0,0,0
475,Sven,Botman,Botman,a,,,4.9,309,50.0,0.4,285,109.0,1.5,222.0,85.0,0,0,0.0,-1,1.0,21,9,0.3,8.4,1.0,1.5,3.4,129.0,51.0,100.0,100.0,201.0,82.0,320.0,107.0,280.0,84.0,283.0,95.0,,,,,,,,0.03,0.03,0.06,1.11,0.0,0.46,1.25,1.03,8.32,23,0,0,0,0,0,0,0,0,0,0,0,0,0,0,0,205,176,0.0,0.0,0.0,0.0,0.0,0.0,0.0,0.0,0.0,0,0,0,0
476,Dan,Burn,Burn,d,Lack of match fitness - 75% chance of playing,,5.0,241,38.0,3.2,100,38.0,0.0,724.0,253.0,0,0,0.0,0,0.0,8,151,0.0,13.4,-0.4,0.0,4.5,33.0,15.0,75.0,75.0,158.0,68.0,263.0,81.0,273.0,80.0,233.0,78.0,,,,,,,,0.01,0.02,0.03,0.89,0.0,0.43,1.22,1.08,8.68,23,0,0,0,0,0,0,0,0,0,0,0,0,0,0,0,67,1764,0.0,0.0,0.0,0.0,0.0,0.0,0.0,0.0,0.0,0,0,0,0
477,Tino,Livramento,Livramento,i,Hamstring injury - Unknown return date,,4.9,324,54.0,2.1,127,49.0,0.3,343.0,129.0,0,0,0.0,-1,1.0,4,129,0.1,10.0,0.0,0.0,3.8,84.0,31.0,0.0,0.0,220.0,89.0,135.0,33.0,312.0,99.0,231.0,77.0,,,,,,,,0.01,0.05,0.06,0.94,0.0,0.43,0.86,0.94,4.98,23,0,0,0,0,0,0,0,0,0,0,0,0,0,0,0,13,1712,0.0,0.0,0.0,0.0,0.0,0.0,0.0,0.0,0.0,0,0,0,0
478,Kieran,Trippier,Trippier,a,,,4.9,284,45.0,1.3,163,62.0,1.0,272.0,98.0,0,0,0.0,-1,1.0,34,11,0.2,7.3,0.5,1.0,3.6,113.0,43.0,100.0,100.0,280.0,107.0,80.0,19.0,406.0,151.0,240.0,83.0,2.0,2.0,,,,,,0.01,0.14,0.15,0.89,0.0,0.57,1.14,1.03,3.88,23,0,0,0,0,0,0,0,0,0,0,0,0,0,0,0,483,172,0.0,0.0,0.0,0.0,0.0,0.0,0.0,0.0,0.0,0,0,0,0
479,Emil,Krafth,Krafth,i,Knee injury - Unknown return date,,4.3,566,123.0,0.0,612,220.0,0.0,551.0,231.0,0,0,0.0,-2,2.0,0,2,0.0,0.0,0.0,0.0,0.0,620.0,244.0,0.0,0.0,469.0,168.0,441.0,161.0,578.0,241.0,474.0,169.0,,,,,,,,0.0,0.0,0.0,0.5,0.0,0.0,4.0,2.0,2.0,23,0,0,0,0,0,0,0,0,0,0,0,0,0,0,0,7,5,0.0,0.0,0.0,0.0,0.0,0.0,0.0,0.0,0.0,0,0,0,0
480,Jamaal,Lascelles,Lascelles,d,Lack of match fitness - 25% chance of playing,,4.3,564,121.0,0.1,574,208.0,0.0,550.0,230.0,0,0,0.0,-2,2.0,0,2,0.0,0.2,-0.1,0.0,0.5,488.0,169.0,25.0,25.0,435.0,162.0,607.0,244.0,394.0,147.0,450.0,162.0,,,,,,,,0.19,0.0,0.19,2.61,0.0,0.0,9.47,0.0,23.68,23,0,0,0,0,0,0,0,0,0,0,0,0,0,0,0,0,20,0.0,0.0,0.0,0.0,0.0,0.0,0.0,0.0,0.0,0,0,0,0
481,Alex,Murphy,A.Murphy,a,,,3.8,792,253.0,0.7,217,82.0,0.0,422.0,163.0,0,0,0.0,-2,2.0,31,23,0.0,0.0,-0.5,0.0,0.0,506.0,186.0,,,496.0,186.0,487.0,186.0,448.0,175.0,499.0,186.0,,,,,,,,0.0,0.0,0.0,0.0,0.0,0.0,0.0,0.0,0.0,23,0,0,0,0,0,0,0,0,0,0,0,0,0,0,0,225,257,0.0,0.0,0.0,0.0,0.0,0.0,0.0,0.0,0.0,0,0,0,0
482,Harrison,Ashby,Ashby,u,has joined Bradford City on loan for the rest of the season.,,3.9,740,215.0,0.1,437,161.0,0.0,444.0,171.0,0,0,0.0,-1,1.0,0,6,0.0,0.0,0.0,0.0,0.0,526.0,192.0,0.0,0.0,516.0,192.0,509.0,193.0,472.0,184.0,519.0,192.0,,,,,,,,0.0,0.0,0.0,0.0,0.0,0.0,0.0,0.0,0.0,23,0,0,0,0,0,0,0,0,0,0,0,0,0,0,0,0,45,0.0,0.0,0.0,0.0,0.0,0.0,0.0,0.0,0.0,0,0,0,0
483,Miodrag,Pivaš,Pivas,a,,,3.8,799,260.0,0.4,273,102.0,0.0,426.0,167.0,0,0,0.0,-2,2.0,4,12,0.0,0.0,-0.5,0.0,0.0,509.0,189.0,,,499.0,189.0,491.0,190.0,453.0,180.0,502.0,189.0,,,,,,,,0.0,0.0,0.0,0.0,0.0,0.0,0.0,0.0,0.0,23,0,0,0,0,0,0,0,0,0,0,0,0,0,0,0,71,136,0.0,0.0,0.0,0.0,0.0,0.0,0.0,0.0,0.0,0,0,0,0
484,Matt,Targett,Targett,u,has joined Middlesbrough on loan for the rest of the season.,,4.0,657,163.0,0.1,413,152.0,0.0,475.0,183.0,0,0,0.0,0,0.0,0,2,0.0,0.0,0.0,0.0,0.0,558.0,205.0,0.0,0.0,547.0,204.0,541.0,205.0,506.0,198.0,550.0,204.0,,,,,,,,0.0,0.0,0.0,0.0,0.0,0.0,0.0,0.0,0.0,23,0,0,0,0,0,0,0,0,0,0,0,0,0,0,0,0,17,0.0,0.0,0.0,0.0,0.0,0.0,0.0,0.0,0.0,0,0,0,0
485,Anthony,Gordon,Gordon,a,,,7.4,23,16.0,4.9,76,26.0,2.2,179.0,72.0,0,0,0.0,-1,1.0,223,2037,0.3,7.2,1.7,2.2,3.1,180.0,77.0,100.0,100.0,218.0,92.0,68.0,55.0,60.0,37.0,91.0,54.0,,,2.0,,,,,0.36,0.22,0.58,0.99,0.0,0.51,1.44,1.27,4.99,23,0,0,0,0,0,0,0,0,0,0,0,0,0,0,0,4251,27552,0.0,0.0,0.0,0.0,0.0,0.0,0.0,0.0,0.0,0,0,0,0
486,Anthony,Elanga,Elanga,a,,,6.5,53,34.0,2.6,113,36.0,0.2,402.0,186.0,0,0,0.0,-5,5.0,34,45,0.0,4.3,-0.3,0.2,1.6,379.0,170.0,100.0,100.0,338.0,149.0,161.0,109.0,202.0,113.0,273.0,135.0,,,,,,,,0.14,0.07,0.21,1.17,0.0,0.26,1.81,0.9,3.35,23,0,0,0,0,0,0,0,0,0,0,0,0,0,0,0,284,365,0.0,0.0,0.0,0.0,0.0,0.0,0.0,0.0,0.0,0,0,0,0
487,Harvey,Barnes,Barnes,a,,,6.1,80,53.0,1.7,141,48.0,3.7,56.0,23.0,0,0,0.0,-4,4.0,304,216,0.6,11.1,3.2,3.7,3.2,160.0,69.0,,,151.0,56.0,85.0,63.0,24.0,11.0,53.0,37.0,,,,,,,,0.38,0.16,0.54,1.01,0.0,0.35,1.05,0.87,4.97,23,0,0,0,0,0,0,0,0,0,0,0,0,0,0,0,6778,3563,0.0,0.0,0.0,0.0,0.0,0.0,0.0,0.0,0.0,0,0,0,0
488,Bruno,Guimarães Rodriguez Moura,Bruno G.,d,Ankle injury - 75% chance of playing,,7.3,24,17.0,21.5,17,6.0,6.0,6.0,2.0,0,0,0.0,8,-8.0,525,6880,0.8,16.4,4.1,4.5,5.7,8.0,5.0,75.0,75.0,9.0,2.0,11.0,11.0,38.0,22.0,7.0,5.0,,,,,,,,0.2,0.14,0.34,1.12,0.0,0.29,1.32,0.98,8.71,23,0,0,0,0,0,0,0,0,0,0,0,0,0,0,0,6596,117428,0.0,0.0,0.0,0.0,0.0,0.0,0.0,0.0,0.0,0,0,0,0
489,Jacob,Murphy,J.Murphy,d,Hamstring injury - 25% chance of playing,,5.9,92,58.0,0.6,222,77.0,1.2,256.0,112.0,0,0,0.0,-6,6.0,0,92,0.2,8.6,0.2,0.3,2.8,220.0,99.0,25.0,25.0,202.0,85.0,60.0,48.0,64.0,40.0,85.0,52.0,,,,,,,,0.25,0.21,0.46,1.05,0.0,0.54,0.81,1.07,3.85,23,0,0,0,0,0,0,0,0,0,0,0,0,0,0,0,1,1222,0.0,0.0,0.0,0.0,0.0,0.0,0.0,0.0,0.0,0,0,0,0
490,Joelinton Cássio,Apolinário de Lira,Joelinton,a,,,5.9,95,60.0,0.4,261,89.0,4.2,31.0,13.0,0,0,0.0,-1,1.0,88,48,0.7,9.5,3.7,4.2,3.1,177.0,76.0,100.0,100.0,174.0,70.0,117.0,84.0,66.0,42.0,98.0,56.0,,,,,,,,0.12,0.06,0.18,1.15,0.0,0.34,1.16,1.09,11.14,23,0,0,0,0,0,0,0,0,0,0,0,0,0,0,0,1388,526,0.0,0.0,0.0,0.0,0.0,0.0,0.0,0.0,0.0,0,0,0,0
491,Sandro,Tonali,Tonali,a,,,5.3,194,121.0,1.0,178,62.0,1.5,225.0,93.0,0,0,0.0,-2,2.0,60,44,0.3,9.8,1.0,1.5,2.4,267.0,114.0,100.0,100.0,184.0,77.0,59.0,47.0,182.0,103.0,120.0,65.0,1.0,1.0,,,,,,0.04,0.09,0.13,1.04,0.0,0.42,1.02,1.15,9.28,23,0,0,0,0,0,0,0,0,0,0,0,0,0,0,0,586,727,0.0,0.0,0.0,0.0,0.0,0.0,0.0,0.0,0.0,0,0,0,0
492,Antoñito,Cordero Campillo,Antoñito C.,u,has joined Cadiz on loan for the rest of the season.,,4.9,344,216.0,0.0,663,273.0,0.0,722.0,306.0,0,0,0.0,-1,1.0,0,0,0.0,0.0,0.0,0.0,0.0,758.0,329.0,0.0,0.0,758.0,329.0,754.0,329.0,746.0,327.0,758.0,329.0,,,,,,,,0.0,0.0,0.0,0.0,0.0,0.0,0.0,0.0,0.0,23,0,0,0,0,0,0,0,0,0,0,0,0,0,0,0,0,0,0.0,0.0,0.0,0.0,0.0,0.0,0.0,0.0,0.0,0,0,0,0
494,Joe,Willock,Willock,a,,,5.0,248,151.0,0.1,512,182.0,0.5,318.0,142.0,0,0,0.0,0,0.0,5,3,0.1,2.8,0.0,0.5,1.3,410.0,184.0,100.0,100.0,401.0,177.0,312.0,173.0,333.0,175.0,386.0,178.0,,,,,,,,0.23,0.04,0.27,1.33,0.0,0.77,0.77,0.77,9.66,23,0,0,0,0,0,0,0,0,0,0,0,0,0,0,0,59,48,0.0,0.0,0.0,0.0,0.0,0.0,0.0,0.0,0.0,0,0,0,0
495,Isaac,Hayden,Hayden,u,Has departed the club as a free agent.,,4.5,405,248.0,0.0,746,320.0,0.0,608.0,220.0,0,0,0.0,0,0.0,0,0,0.0,0.0,0.0,0.0,0.0,668.0,260.0,0.0,0.0,662.0,255.0,658.0,258.0,635.0,249.0,665.0,257.0,,,,,,,,0.0,0.0,0.0,0.0,0.0,0.0,0.0,0.0,0.0,23,0,0,0,0,0,0,0,0,0,0,0,0,0,0,0,0,1,0.0,0.0,0.0,0.0,0.0,0.0,0.0,0.0,0.0,0,0,0,0
496,Garang,Kuol,Kuol,u,has joined Sparta Prague permanently.,,4.4,548,328.0,0.0,623,245.0,0.0,595.0,212.0,0,0,0.0,-1,1.0,0,1,0.0,0.0,0.0,0.0,0.0,657.0,254.0,0.0,0.0,649.0,247.0,646.0,251.0,622.0,241.0,652.0,249.0,,,,,,,,0.0,0.0,0.0,0.0,0.0,0.0,0.0,0.0,0.0,23,0,0,0,0,0,0,0,0,0,0,0,0,0,0,0,0,4,0.0,0.0,0.0,0.0,0.0,0.0,0.0,0.0,0.0,0,0,0,0
497,Lewis,Miley,L.Miley,a,,,4.5,457,278.0,3.6,94,30.0,3.0,89.0,41.0,0,0,0.0,0,0.0,199,308,0.7,12.4,2.5,3.0,3.1,168.0,70.0,100.0,100.0,170.0,66.0,136.0,96.0,181.0,102.0,165.0,89.0,,,,,,,,0.1,0.17,0.27,1.08,0.0,0.17,1.21,0.86,10.27,23,0,0,0,0,0,0,0,0,0,0,0,0,0,0,0,3512,4951,0.0,0.0,0.0,0.0,0.0,0.0,0.0,0.0,0.0,0,0,0,0
498,Joe,White,White,u,has joined Bradford City on loan for the rest of the season.,,4.5,431,259.0,0.0,747,321.0,0.0,626.0,231.0,0,0,0.0,0,0.0,0,0,0.0,0.0,0.0,0.0,0.0,682.0,270.0,0.0,0.0,676.0,265.0,675.0,268.0,654.0,260.0,679.0,267.0,,,,,,,,0.0,0.0,0.0,0.0,0.0,0.0,0.0,0.0,0.0,23,0,0,0,0,0,0,0,0,0,0,0,0,0,0,0,0,4,0.0,0.0,0.0,0.0,0.0,0.0,0.0,0.0,0.0,0,0,0,0
500,William,Osula,Osula,d,Lack of match fitness - 50% chance of playing,,5.4,179,42.0,0.2,373,59.0,0.0,770.0,80.0,0,0,0.0,-1,1.0,1,8,0.0,3.3,-0.2,0.0,1.8,352.0,39.0,50.0,50.0,392.0,41.0,384.0,48.0,258.0,46.0,375.0,45.0,,,,,,,,0.27,0.01,0.28,1.38,0.0,0.42,1.69,0.42,3.38,23,0,0,0,0,0,0,0,0,0,0,0,0,0,0,0,3,28,0.0,0.0,0.0,0.0,0.0,0.0,0.0,0.0,0.0,0,0,0,0
501,Sean,Neave,Neave,a,,,4.3,611,83.0,0.2,350,57.0,0.0,572.0,55.0,0,0,0.0,-2,2.0,7,8,0.0,0.0,-0.5,0.0,0.0,637.0,64.0,,,627.0,64.0,625.0,63.0,598.0,63.0,630.0,64.0,,,,,,,,0.0,0.0,0.0,0.0,0.0,0.0,0.0,0.0,0.0,23,0,0,0,0,0,0,0,0,0,0,0,0,0,0,0,72,63,0.0,0.0,0.0,0.0,0.0,0.0,0.0,0.0,0.0,0,0,0,0
674,Aaron,Ramsdale,Ramsdale,a,,,4.8,361,15.0,0.7,214,28.0,0.5,315.0,23.0,0,0,0.0,-2,2.0,17,47,0.1,2.3,0.0,0.5,1.6,374.0,29.0,,,321.0,26.0,405.0,10.0,724.0,79.0,388.0,25.0,,,,,,,,0.0,0.0,0.0,1.3,1.63,0.0,1.63,0.98,0.0,23,0,0,0,0,0,0,0,0,0,0,0,0,0,0,0,92,872,0.0,0.0,0.0,0.0,0.0,0.0,0.0,0.0,0.0,0,0,0,0
684,Malick,Thiaw,Thiaw,a,,,5.1,234,35.0,6.3,63,21.0,5.2,11.0,5.0,0,0,0.0,1,-1.0,519,1316,1.0,16.5,4.7,5.2,4.4,44.0,18.0,,,24.0,10.0,302.0,100.0,93.0,11.0,90.0,22.0,,,,,,,,0.11,0.03,0.14,1.26,0.0,0.23,1.37,1.03,9.76,23,0,0,0,0,0,0,0,0,0,0,0,0,0,0,0,9227,11903,0.0,0.0,0.0,0.0,0.0,0.0,0.0,0.0,0.0,0,0,0,0
689,Seung-Soo,Park,Seung soo,a,,,4.3,614,359.0,0.3,314,104.0,0.0,574.0,203.0,0,0,0.0,-2,2.0,89,25,0.0,0.0,-0.5,0.0,0.0,639.0,245.0,,,629.0,236.0,627.0,241.0,600.0,230.0,632.0,238.0,,,,,,,,0.0,0.0,0.0,0.0,0.0,0.0,0.0,0.0,0.0,23,0,0,0,0,0,0,0,0,0,0,0,0,0,0,0,879,252,0.0,0.0,0.0,0.0,0.0,0.0,0.0,0.0,0.0,0,0,0,0
714,Nick,Woltemade,Woltemade,a,,,7.2,32,12.0,13.6,28,6.0,1.8,196.0,24.0,0,0,0.0,2,-2.0,175,2819,0.2,11.1,1.3,1.8,4.2,61.0,7.0,,,97.0,9.0,146.0,10.0,32.0,14.0,62.0,11.0,,,3.0,,,,,0.42,0.05,0.47,1.14,0.0,0.41,1.22,1.16,4.55,23,0,0,0,0,0,0,0,0,0,0,0,0,0,0,0,2358,56700,0.0,0.0,0.0,0.0,0.0,0.0,0.0,0.0,0.0,0,0,0,0
753,John,Ruddy,Ruddy,a,,,4.0,646,39.0,0.0,699,81.0,0.0,467.0,54.0,0,0,0.0,0,0.0,2,2,0.0,0.0,-0.5,0.0,0.0,549.0,59.0,,,539.0,59.0,532.0,46.0,496.0,31.0,542.0,59.0,,,,,,,,0.0,0.0,0.0,0.0,0.0,0.0,0.0,0.0,0.0,23,0,0,0,0,0,0,0,0,0,0,0,0,0,0,0,8,4,0.0,0.0,0.0,0.0,0.0,0.0,0.0,0.0,0.0,0,0,0,0
765,Leo,Shahar,Shahar,a,,,4.0,696,186.0,0.0,674,234.0,0.0,510.0,203.0,0,0,0.0,0,0.0,2,3,0.0,0.0,-0.5,0.0,0.0,591.0,223.0,,,580.0,222.0,575.0,223.0,541.0,217.0,583.0,222.0,,,,,,,,0.0,0.0,0.0,0.0,0.0,0.0,0.0,0.0,0.0,23,0,0,0,0,0,0,0,0,0,0,0,0,0,0,0,33,26,0.0,0.0,0.0,0.0,0.0,0.0,0.0,0.0,0.0,0,0,0,0
772,Sam,Alabi,Alabi,a,,,4.5,506,313.0,0.0,780,344.0,0.0,678.0,274.0,0,0,0.0,0,0.0,2,1,0.0,0.0,-0.5,0.0,0.0,731.0,310.0,,,731.0,310.0,726.0,310.0,709.0,305.0,731.0,310.0,,,,,,,,0.0,0.0,0.0,0.0,0.0,0.0,0.0,0.0,0.0,23,0,0,0,0,0,0,0,0,0,0,0,0,0,0,0,4,6,0.0,0.0,0.0,0.0,0.0,0.0,0.0,0.0,0.0,0,0,0,0
12,Oleksandr,Zinchenko,Zinchenko,a,,,4.9,300,48.0,0.2,353,129.0,0.2,385.0,144.0,0,0,0.0,-1,1.0,18,7,0.0,1.4,0.2,0.2,1.4,399.0,146.0,100.0,100.0,340.0,129.0,241.0,69.0,350.0,118.0,347.0,122.0,,,,,,,,0.02,0.09,0.11,1.28,0.0,0.0,1.53,1.02,6.14,23,0,0,0,0,0,0,0,0,0,0,0,0,0,0,0,89,54,0.0,0.0,0.0,0.0,0.0,0.0,0.0,0.0,0.0,0,0,0,0
426,James,McAtee,McAtee,a,,,5.0,256,157.0,0.1,485,170.0,0.0,729.0,310.0,0,0,0.0,-5,5.0,3,4,0.0,1.2,0.0,0.0,0.9,483.0,229.0,,,428.0,192.0,323.0,178.0,390.0,193.0,411.0,186.0,,,,,,,,0.01,0.09,0.1,1.9,0.0,0.0,3.73,0.53,5.86,23,0,0,0,0,0,0,0,0,0,0,0,0,0,0,0,30,27,0.0,0.0,0.0,0.0,0.0,0.0,0.0,0.0,0.0,0,0,0,0
502,Matz,Sels,Sels,a,,,4.6,389,18.0,5.5,72,12.0,2.3,150.0,17.0,0,0,0.0,-4,4.0,105,90,0.5,11.7,2.3,2.3,3.0,185.0,16.0,100.0,100.0,59.0,12.0,403.0,8.0,713.0,74.0,228.0,12.0,,,,,,,,0.0,0.0,0.0,1.45,3.09,0.18,1.52,0.99,0.0,23,0,0,0,0,0,0,0,0,0,0,0,0,0,0,0,888,1340,0.0,0.0,0.0,0.0,0.0,0.0,0.0,0.0,0.0,0,0,0,0
503,Carlos Miguel,dos Santos Pereira,C.Miguel,u,Has joined Palmeiras permanently.,,4.0,675,55.0,0.1,532,76.0,0.0,490.0,68.0,0,0,0.0,0,0.0,0,4,0.0,0.0,0.0,0.0,0.0,573.0,73.0,0.0,0.0,562.0,73.0,557.0,62.0,522.0,47.0,565.0,73.0,,,,,,,,0.0,0.0,0.0,0.0,0.0,0.0,0.0,0.0,0.0,23,0,0,0,0,0,0,0,0,0,0,0,0,0,0,0,0,14,0.0,0.0,0.0,0.0,0.0,0.0,0.0,0.0,0.0,0,0,0,0
504,Matt,Turner,Turner,u,Has joined Lyon permanently.,,4.0,661,47.0,0.1,498,75.0,0.0,478.0,60.0,0,0,0.0,0,0.0,0,0,0.0,0.0,0.0,0.0,0.0,561.0,65.0,0.0,0.0,550.0,65.0,545.0,54.0,510.0,39.0,553.0,65.0,,,,,,,,0.0,0.0,0.0,0.0,0.0,0.0,0.0,0.0,0.0,23,0,0,0,0,0,0,0,0,0,0,0,0,0,0,0,0,13,0.0,0.0,0.0,0.0,0.0,0.0,0.0,0.0,0.0,0,0,0,0
505,Nikola,Milenković,Milenković,a,,,5.1,229,33.0,3.1,105,43.0,2.5,140.0,56.0,0,0,0.0,-4,4.0,65,70,0.5,11.4,2.5,2.5,2.6,241.0,91.0,,,60.0,28.0,338.0,116.0,223.0,58.0,174.0,57.0,,,,,,,,0.03,0.02,0.05,1.41,0.0,0.18,1.55,1.0,8.09,23,0,0,0,0,0,0,0,0,0,0,0,0,0,0,0,735,1201,0.0,0.0,0.0,0.0,0.0,0.0,0.0,0.0,0.0,0,0,0,0
506,Murillo,Costa dos Santos,Murillo,d,Hamstring injury - 75% chance of playing,,5.2,221,31.0,1.9,135,54.0,2.8,105.0,37.0,0,0,0.0,-3,3.0,18,254,0.5,10.4,2.1,2.1,3.4,133.0,52.0,75.0,75.0,76.0,34.0,254.0,74.0,260.0,73.0,177.0,58.0,,3.0,,,,,,0.03,0.03,0.06,1.37,0.0,0.2,1.45,1.05,10.06,23,0,0,0,0,0,0,0,0,0,0,0,0,0,0,0,132,2440,0.0,0.0,0.0,0.0,0.0,0.0,0.0,0.0,0.0,0,0,0,0
507,Ola,Aina,Aina,a,,,4.7,376,64.0,1.9,133,53.0,1.3,235.0,87.0,0,0,0.0,-3,3.0,60,13,0.3,3.0,1.3,1.3,2.3,272.0,106.0,100.0,100.0,325.0,126.0,276.0,87.0,306.0,98.0,337.0,116.0,,,,,,,,0.01,0.07,0.08,1.61,0.0,0.17,1.39,1.04,7.3,23,0,0,0,0,0,0,0,0,0,0,0,0,0,0,0,551,146,0.0,0.0,0.0,0.0,0.0,0.0,0.0,0.0,0.0,0,0,0,0
508,Neco,Williams,N.Williams,a,,,4.7,379,65.0,3.1,102,40.0,2.2,168.0,65.0,0,0,0.0,-3,3.0,67,74,0.5,13.8,2.2,2.2,3.0,186.0,72.0,,,29.0,12.0,43.0,5.0,84.0,8.0,35.0,2.0,4.0,,,,,,,0.06,0.1,0.16,1.41,0.0,0.18,1.55,1.0,6.73,23,0,0,0,0,0,0,0,0,0,0,0,0,0,0,0,776,1590,0.0,0.0,0.0,0.0,0.0,0.0,0.0,0.0,0.0,0,0,0,0
509,David,Mota Veiga Teixeira do Carmo,David Carmo,u,has joined Real Oviedo on loan for the rest of the season.,,4.5,427,86.0,0.0,665,231.0,0.0,623.0,245.0,0,0,0.0,0,0.0,0,0,0.0,0.0,0.0,0.0,0.0,679.0,252.0,0.0,0.0,673.0,251.0,671.0,252.0,650.0,251.0,676.0,252.0,,,,,,,,0.0,0.0,0.0,0.0,0.0,0.0,0.0,0.0,0.0,23,0,0,0,0,0,0,0,0,0,0,0,0,0,0,0,0,1,0.0,0.0,0.0,0.0,0.0,0.0,0.0,0.0,0.0,0,0,0,0
510,Jair,Paula da Cunha Filho,Jair Cunha,a,,,4.2,638,155.0,0.1,546,198.0,0.0,545.0,228.0,0,0,0.0,-3,3.0,1,2,0.0,0.7,0.0,0.0,3.0,182.0,70.0,,,413.0,157.0,452.0,166.0,573.0,239.0,443.0,160.0,,,,,,,,0.0,0.0,0.0,3.28,0.0,0.0,2.0,1.0,11.0,23,0,0,0,0,0,0,0,0,0,0,0,0,0,0,0,6,17,0.0,0.0,0.0,0.0,0.0,0.0,0.0,0.0,0.0,0,0,0,0
511,Felipe,Rodrigues da Silva,Morato,a,,,4.3,584,136.0,0.1,501,180.0,0.2,359.0,139.0,0,0,0.0,-2,2.0,0,4,0.0,4.9,0.2,0.2,2.1,305.0,114.0,,,246.0,101.0,407.0,147.0,404.0,150.0,349.0,123.0,,,,,,,,0.0,0.01,0.01,1.36,0.0,0.13,1.78,1.02,8.89,23,0,0,0,0,0,0,0,0,0,0,0,0,0,0,0,9,26,0.0,0.0,0.0,0.0,0.0,0.0,0.0,0.0,0.0,0,0,0,0
512,Omar,Richards,O.Richards,u,has joined Rio Ave on loan for the rest of the season.,,4.5,412,79.0,0.0,669,233.0,0.0,611.0,241.0,0,0,0.0,0,0.0,0,1,0.0,0.0,0.0,0.0,0.0,671.0,250.0,0.0,0.0,665.0,249.0,662.0,250.0,639.0,248.0,668.0,250.0,,,,,,,,0.0,0.0,0.0,0.0,0.0,0.0,0.0,0.0,0.0,23,0,0,0,0,0,0,0,0,0,0,0,0,0,0,0,0,3,0.0,0.0,0.0,0.0,0.0,0.0,0.0,0.0,0.0,0,0,0,0
513,Zach,Abbott,Abbott,a,,,3.8,795,256.0,0.3,336,124.0,0.0,424.0,165.0,0,0,0.0,-2,2.0,7,10,0.0,0.3,0.0,0.0,1.0,430.0,158.0,,,430.0,161.0,448.0,164.0,451.0,178.0,453.0,163.0,,,,,,,,0.0,0.0,0.0,1.26,0.0,0.0,2.0,0.0,14.0,23,0,0,0,0,0,0,0,0,0,0,0,0,0,0,0,80,136,0.0,0.0,0.0,0.0,0.0,0.0,0.0,0.0,0.0,0,0,0,0
514,Willy,Boly,Boly,a,,,3.8,770,232.0,0.4,288,110.0,0.0,405.0,147.0,0,0,0.0,-2,2.0,26,12,0.0,0.0,0.0,0.0,0.0,492.0,173.0,100.0,100.0,481.0,172.0,471.0,171.0,432.0,160.0,484.0,172.0,,,,,,,,0.0,0.0,0.0,0.0,0.0,0.0,0.0,0.0,0.0,23,0,0,0,0,0,0,0,0,0,0,0,0,0,0,0,321,139,0.0,0.0,0.0,0.0,0.0,0.0,0.0,0.0,0.0,0,0,0,0
515,Morgan,Gibbs-White,Gibbs-White,a,,,7.3,27,18.0,3.0,108,33.0,4.0,37.0,16.0,0,0,0.0,-2,2.0,285,127,0.5,11.5,4.0,4.0,3.8,92.0,44.0,100.0,100.0,104.0,35.0,30.0,29.0,25.0,12.0,31.0,26.0,,2.0,2.0,,,,,0.28,0.08,0.36,1.43,0.0,0.19,1.49,1.01,5.1,23,0,0,0,0,0,0,0,0,0,0,0,0,0,0,0,4277,1960,0.0,0.0,0.0,0.0,0.0,0.0,0.0,0.0,0.0,0,0,0,0
516,Callum,Hudson-Odoi,Hudson-Odoi,a,,,5.7,116,73.0,0.8,205,69.0,1.5,228.0,96.0,0,0,0.0,-3,3.0,59,61,0.3,9.8,1.5,1.5,2.8,219.0,98.0,100.0,100.0,185.0,78.0,37.0,35.0,90.0,55.0,79.0,49.0,,,,,,,,0.14,0.12,0.26,1.44,0.0,0.15,1.42,0.89,4.84,23,0,0,0,0,0,0,0,0,0,0,0,0,0,0,0,614,921,0.0,0.0,0.0,0.0,0.0,0.0,0.0,0.0,0.0,0,0,0,0
517,Elliot,Anderson,Anderson,a,,,5.3,189,118.0,4.5,79,27.0,3.8,42.0,18.0,0,0,0.0,-2,2.0,671,259,0.7,17.4,3.8,3.8,4.2,58.0,24.0,,,31.0,8.0,8.0,8.0,137.0,81.0,23.0,19.0,2.0,,4.0,,,,,0.08,0.09,0.17,1.41,0.0,0.18,1.55,1.0,13.73,23,0,0,0,0,0,0,0,0,0,0,0,0,0,0,0,9360,3770,0.0,0.0,0.0,0.0,0.0,0.0,0.0,0.0,0.0,0,0,0,0
518,João Pedro,Ferreira da Silva,Jota,u,has joined Besiktas on loan for the rest of the season.,,5.4,176,110.0,0.0,610,235.0,0.0,768.0,338.0,0,0,0.0,-1,1.0,0,0,0.0,0.2,0.0,0.0,1.0,477.0,227.0,0.0,0.0,450.0,206.0,451.0,220.0,415.0,207.0,460.0,214.0,,,,,,,,0.0,0.0,0.0,0.0,0.0,0.0,0.0,0.0,24.55,23,0,0,0,0,0,0,0,0,0,0,0,0,0,0,0,0,0,0.0,0.0,0.0,0.0,0.0,0.0,0.0,0.0,0.0,0,0,0,0
519,Nicolás,Domínguez,Dominguez,a,,,5.0,255,156.0,0.0,651,266.0,3.3,70.0,33.0,0,0,0.0,0,0.0,10,2,0.7,5.6,3.3,3.3,2.2,294.0,129.0,100.0,100.0,270.0,119.0,169.0,114.0,239.0,130.0,261.0,128.0,3.0,,,,,,,0.12,0.05,0.17,1.34,0.0,0.28,1.52,1.24,9.25,23,0,0,0,0,0,0,0,0,0,0,0,0,0,0,0,104,21,0.0,0.0,0.0,0.0,0.0,0.0,0.0,0.0,0.0,0,0,0,0
520,Lewis,O'Brien,O'Brien,u,Has joined Wrexham permanently.,,5.0,253,155.0,0.0,796,356.0,0.0,728.0,309.0,0,0,0.0,0,0.0,0,0,0.0,0.0,0.0,0.0,0.0,761.0,331.0,0.0,0.0,761.0,331.0,758.0,331.0,752.0,329.0,761.0,331.0,,,,,,,,0.0,0.0,0.0,0.0,0.0,0.0,0.0,0.0,0.0,23,0,0,0,0,0,0,0,0,0,0,0,0,0,0,0,0,0,0.0,0.0,0.0,0.0,0.0,0.0,0.0,0.0,0.0,0,0,0,0
521,Ibrahim,Sangaré,Sangaré,a,,,4.9,304,189.0,0.1,565,208.0,0.5,317.0,141.0,0,0,0.0,-1,1.0,11,2,0.1,10.2,0.5,0.5,3.6,115.0,51.0,100.0,100.0,175.0,71.0,248.0,151.0,245.0,134.0,232.0,116.0,,,,,,,,0.07,0.1,0.17,1.41,0.0,0.38,1.23,1.13,10.66,23,0,0,0,0,0,0,0,0,0,0,0,0,0,0,0,74,18,0.0,0.0,0.0,0.0,0.0,0.0,0.0,0.0,0.0,0,0,0,0
522,Ryan,Yates,Yates,a,,,4.7,378,237.0,0.1,544,197.0,0.0,683.0,278.0,0,0,0.0,-3,3.0,1,0,0.0,3.2,0.0,0.0,1.4,397.0,178.0,100.0,100.0,363.0,160.0,356.0,186.0,340.0,177.0,380.0,175.0,,,,,,,,0.02,0.05,0.07,1.05,0.0,0.0,1.51,0.3,9.93,23,0,0,0,0,0,0,0,0,0,0,0,0,0,0,0,20,21,0.0,0.0,0.0,0.0,0.0,0.0,0.0,0.0,0.0,0,0,0,0
523,Eric,da Silva Moreira,Da Silva Moreira,a,,,4.5,468,286.0,0.1,571,211.0,0.0,649.0,252.0,0,0,0.0,0,0.0,1,0,0.0,0.0,0.0,0.0,0.0,703.0,289.0,100.0,100.0,701.0,287.0,697.0,288.0,679.0,282.0,702.0,288.0,,,,,,,,0.0,0.0,0.0,0.0,0.0,0.0,0.0,0.0,0.0,23,0,0,0,0,0,0,0,0,0,0,0,0,0,0,0,7,3,0.0,0.0,0.0,0.0,0.0,0.0,0.0,0.0,0.0,0,0,0,0
524,Marko,Stamenić,Stamenic,u,Has joined Swansea City permanently.,,4.5,444,266.0,0.0,676,281.0,0.0,632.0,237.0,0,0,0.0,0,0.0,0,1,0.0,0.0,0.0,0.0,0.0,687.0,275.0,0.0,0.0,683.0,271.0,680.0,273.0,660.0,265.0,684.0,272.0,,,,,,,,0.0,0.0,0.0,0.0,0.0,0.0,0.0,0.0,0.0,23,0,0,0,0,0,0,0,0,0,0,0,0,0,0,0,0,2,0.0,0.0,0.0,0.0,0.0,0.0,0.0,0.0,0.0,0,0,0,0
525,Chris,Wood,Wood,i,Knee injury - Unknown return date,,7.2,30,10.0,4.7,77,13.0,0.0,796.0,86.0,0,0,0.0,-3,3.0,0,67,0.0,3.5,0.0,0.0,3.1,179.0,19.0,0.0,0.0,343.0,34.0,313.0,34.0,108.0,29.0,290.0,35.0,,,1.0,,,,,0.47,0.02,0.49,1.31,0.0,0.17,1.34,1.17,2.34,23,0,0,0,0,0,0,0,0,0,0,0,0,0,0,0,18,394,0.0,0.0,0.0,0.0,0.0,0.0,0.0,0.0,0.0,0,0,0,0
526,Igor Jesus,Maciel da Cruz,Igor Jesus,d,Hip injury - 75% chance of playing,,5.8,109,31.0,1.0,186,28.0,2.2,174.0,21.0,0,0,0.0,-2,2.0,12,285,0.4,7.9,1.7,1.7,2.2,299.0,31.0,75.0,75.0,295.0,29.0,198.0,20.0,36.0,15.0,160.0,19.0,,,3.0,,,,,0.25,0.06,0.31,1.48,0.0,0.3,1.7,1.03,4.36,23,0,0,0,0,0,0,0,0,0,0,0,0,0,0,0,113,4061,0.0,0.0,0.0,0.0,0.0,0.0,0.0,0.0,0.0,0,0,0,0
527,Taiwo,Awoniyi,Awoniyi,a,,,5.2,207,45.0,0.3,323,54.0,0.3,344.0,38.0,0,0,0.0,-3,3.0,12,6,0.1,1.3,0.3,0.3,1.0,473.0,55.0,100.0,100.0,426.0,46.0,328.0,39.0,257.0,45.0,372.0,44.0,,,,,,,,0.23,0.19,0.42,1.45,0.0,0.0,0.99,0.49,4.95,23,0,0,0,0,0,0,0,0,0,0,0,0,0,0,0,143,78,0.0,0.0,0.0,0.0,0.0,0.0,0.0,0.0,0.0,0,0,0,0
669,Dan,Ndoye,Ndoye,a,,,5.5,149,95.0,0.7,215,73.0,0.2,398.0,184.0,0,0,0.0,-5,5.0,9,7,0.0,7.6,0.2,0.2,2.6,244.0,106.0,100.0,100.0,264.0,116.0,156.0,106.0,148.0,87.0,216.0,108.0,,,,,,,,0.07,0.11,0.18,1.25,0.0,0.18,1.42,1.25,7.3,23,0,0,0,0,0,0,0,0,0,0,0,0,0,0,0,80,136,0.0,0.0,0.0,0.0,0.0,0.0,0.0,0.0,0.0,0,0,0,0
675,Angus,Gunn,Gunn,a,,,4.0,651,43.0,1.2,172,22.0,0.0,471.0,57.0,0,0,0.0,0,0.0,5,3,0.0,0.0,0.0,0.0,0.0,553.0,62.0,100.0,100.0,543.0,62.0,537.0,50.0,501.0,35.0,546.0,62.0,,,,,,,,0.0,0.0,0.0,0.0,0.0,0.0,0.0,0.0,0.0,23,0,0,0,0,0,0,0,0,0,0,0,0,0,0,0,19,128,0.0,0.0,0.0,0.0,0.0,0.0,0.0,0.0,0.0,0,0,0,0
693,Omari,Hutchinson,Hutchinson,a,,,5.4,175,109.0,0.1,449,153.0,2.5,144.0,60.0,0,0,0.0,-1,1.0,14,17,0.5,8.9,2.5,2.5,2.8,217.0,96.0,,,225.0,95.0,66.0,53.0,80.0,50.0,105.0,58.0,,,,,,,,0.16,0.25,0.41,1.46,0.0,0.21,1.54,0.82,7.59,23,0,0,0,0,0,0,0,0,0,0,0,0,0,0,0,91,518,0.0,0.0,0.0,0.0,0.0,0.0,0.0,0.0,0.0,0,0,0,0
696,Arnaud,Kalimuendo,Kalimuendo,u,has joined Eintracht Frankfurt on loan for the rest of the season.,,6.0,88,28.0,0.1,433,62.0,0.2,401.0,46.0,0,0,0.0,0,0.0,0,6,0.0,1.5,0.0,0.0,1.0,479.0,56.0,0.0,0.0,444.0,49.0,379.0,47.0,308.0,50.0,416.0,50.0,,,,,,,,0.44,0.02,0.46,1.59,0.0,0.0,3.03,0.0,6.07,23,0,0,0,0,0,0,0,0,0,0,0,0,0,0,0,0,44,0.0,0.0,0.0,0.0,0.0,0.0,0.0,0.0,0.0,0,0,0,0
699,Douglas Luiz,Soares de Paulo,Douglas Luiz,a,,,4.9,313,194.0,0.0,585,218.0,0.2,386.0,176.0,0,0,0.0,-1,1.0,4,5,0.0,2.2,0.2,0.2,1.4,400.0,180.0,100.0,100.0,384.0,170.0,251.0,153.0,341.0,178.0,362.0,170.0,1.0,,,,,,,0.04,0.18,0.22,1.28,0.0,0.0,2.01,1.43,11.18,23,0,0,0,0,0,0,0,0,0,0,0,0,0,0,0,40,29,0.0,0.0,0.0,0.0,0.0,0.0,0.0,0.0,0.0,0,0,0,0
715,John Victor,Maciel Furtado,John,i,Knee injury - Unknown return date,,4.0,659,46.0,0.4,270,36.0,0.7,294.0,21.0,0,0,0.0,0,0.0,2,44,0.2,2.8,0.0,0.0,2.2,281.0,24.0,0.0,0.0,377.0,29.0,543.0,53.0,508.0,38.0,418.0,29.0,,,,,,,,0.0,0.0,0.0,1.26,1.24,0.21,1.65,1.03,0.0,23,0,0,0,0,0,0,0,0,0,0,0,0,0,0,0,35,393,0.0,0.0,0.0,0.0,0.0,0.0,0.0,0.0,0.0,0,0,0,0
716,Nicolò,Savona,Savona,a,,,4.5,446,92.0,0.1,442,162.0,0.3,337.0,126.0,0,0,0.0,0,0.0,2,17,0.1,8.7,0.3,0.3,2.8,213.0,81.0,,,196.0,79.0,186.0,47.0,213.0,53.0,215.0,73.0,,,,,,,,0.12,0.04,0.16,1.32,0.0,0.26,1.58,0.97,5.0,23,0,0,0,0,0,0,0,0,0,0,0,0,0,0,0,19,421,0.0,0.0,0.0,0.0,0.0,0.0,0.0,0.0,0.0,0,0,0,0
729,Luis Eduardo,Soares da Silva,Cuiabano,u,has joined Botafogo on loan for the rest of the season.,,4.5,466,94.0,0.0,799,262.0,0.0,647.0,246.0,0,0,0.0,0,0.0,0,0,0.0,0.0,0.0,0.0,0.0,701.0,253.0,0.0,0.0,699.0,253.0,695.0,253.0,677.0,252.0,700.0,253.0,,,,,,,,0.0,0.0,0.0,0.0,0.0,0.0,0.0,0.0,0.0,23,0,0,0,0,0,0,0,0,0,0,0,0,0,0,0,0,0,0.0,0.0,0.0,0.0,0.0,0.0,0.0,0.0,0.0,0,0,0,0
734,Dilane,Bakwa,Bakwa,a,,,5.9,101,66.0,0.0,677,282.0,1.2,257.0,113.0,0,0,0.0,-1,1.0,0,2,0.2,2.0,1.2,1.2,1.5,394.0,177.0,100.0,100.0,382.0,169.0,199.0,129.0,253.0,138.0,321.0,156.0,,,,,,,,0.12,0.2,0.32,1.64,0.0,0.0,2.09,0.89,6.85,23,0,0,0,0,0,0,0,0,0,0,0,0,0,0,0,7,23,0.0,0.0,0.0,0.0,0.0,0.0,0.0,0.0,0.0,0,0,0,0
528,Anthony,Patterson,Patterson,a,,,4.2,626,34.0,0.2,383,55.0,0.0,535.0,78.0,0,0,0.0,-3,3.0,3,7,0.0,0.0,0.0,0.0,0.0,613.0,83.0,,,603.0,83.0,598.0,73.0,567.0,59.0,607.0,83.0,,,,,,,,0.0,0.0,0.0,0.0,0.0,0.0,0.0,0.0,0.0,23,0,0,0,0,0,0,0,0,0,0,0,0,0,0,0,42,57,0.0,0.0,0.0,0.0,0.0,0.0,0.0,0.0,0.0,0,0,0,0
529,Simon,Moore,Moore,a,,,3.9,723,66.0,0.4,278,38.0,0.0,431.0,30.0,0,0,0.0,-1,1.0,2,4,0.0,0.0,0.0,0.0,0.0,514.0,35.0,,,504.0,35.0,497.0,22.0,459.0,7.0,507.0,35.0,,,,,,,,0.0,0.0,0.0,0.0,0.0,0.0,0.0,0.0,0.0,23,0,0,0,0,0,0,0,0,0,0,0,0,0,0,0,65,70,0.0,0.0,0.0,0.0,0.0,0.0,0.0,0.0,0.0,0,0,0,0
530,Blondy,Nna Noukeu,Nna Noukeu,u,has joined US Boulogne CO permanently.,,3.9,752,83.0,0.1,432,66.0,0.0,452.0,47.0,0,0,0.0,-1,1.0,0,10,0.0,0.0,0.0,0.0,0.0,534.0,52.0,0.0,0.0,524.0,52.0,517.0,39.0,480.0,24.0,527.0,52.0,,,,,,,,0.0,0.0,0.0,0.0,0.0,0.0,0.0,0.0,0.0,23,0,0,0,0,0,0,0,0,0,0,0,0,0,0,0,0,87,0.0,0.0,0.0,0.0,0.0,0.0,0.0,0.0,0.0,0,0,0,0
531,Daniel,Ballard,Ballard,a,,,4.6,392,68.0,3.1,104,42.0,1.0,271.0,97.0,0,0,0.0,1,-1.0,246,230,0.2,17.6,1.0,1.0,4.3,49.0,21.0,100.0,100.0,47.0,22.0,219.0,62.0,47.0,2.0,69.0,14.0,,,,,,,,0.13,0.03,0.16,1.35,0.0,0.26,1.24,0.98,10.86,23,0,75,0,0,0,3,0,0,0,1,0,0,1,0,247,7225,1710,0.0,0.020000000000000018,0.0,0.020000000000000018,1.2399999999999984,0.0,0.0,0.0,0.0,2,6,1,8
532,Trai,Hume,Hume,a,,,4.5,436,88.0,0.4,283,108.0,1.7,204.0,76.0,0,0,0.0,0,0.0,9,33,0.4,14.7,1.7,1.7,2.9,197.0,76.0,,,121.0,51.0,95.0,23.0,140.0,25.0,111.0,37.0,2.0,,,,,,,0.05,0.04,0.09,1.47,0.0,0.29,1.15,1.01,6.33,23,0,45,0,0,0,3,0,0,0,0,0,0,1,0,234,463,305,0.0,0.07999999999999985,0.020000000000000018,0.10000000000000009,1.1999999999999993,0.0,0.0,0.0,0.0,0,1,0,1
533,Aji,Alese,Alese,i,Shoulder injury - Unknown return date,,4.0,658,164.0,0.0,761,259.0,0.0,476.0,184.0,0,0,0.0,0,0.0,0,0,0.0,0.0,0.0,0.0,0.0,559.0,206.0,0.0,0.0,548.0,205.0,542.0,206.0,507.0,199.0,551.0,205.0,,,,,,,,0.0,0.0,0.0,0.0,0.0,0.0,0.0,0.0,0.0,23,0,0,0,0,0,0,0,0,0,0,0,0,0,0,0,6,6,0.0,0.0,0.0,0.0,0.0,0.0,0.0,0.0,0.0,0,0,0,0
534,Joe,Anderson,Anderson,u,has joined Barrow FC permanently.,,3.8,776,237.0,0.4,275,103.0,0.0,410.0,151.0,0,0,0.0,-2,2.0,0,65,0.0,0.0,0.0,0.0,0.0,495.0,175.0,0.0,0.0,485.0,175.0,476.0,175.0,437.0,164.0,488.0,175.0,,,,,,,,0.0,0.0,0.0,0.0,0.0,0.0,0.0,0.0,0.0,23,0,0,0,0,0,0,0,0,0,0,0,0,0,0,0,0,542,0.0,0.0,0.0,0.0,0.0,0.0,0.0,0.0,0.0,0,0,0,0
535,Dennis,Cirkin,Cirkin,a,,,4.0,668,169.0,0.1,575,209.0,2.2,165.0,62.0,1,0,0.0,0,0.0,10,10,0.6,3.2,2.2,2.2,2.2,282.0,107.0,100.0,100.0,378.0,144.0,410.0,149.0,417.0,155.0,417.0,152.0,,,,,,,,0.0,0.01,0.01,1.89,0.0,0.32,0.65,0.97,8.06,23,1,30,0,0,0,0,0,0,0,0,0,0,0,0,3,156,64,0.0,0.0,0.0,0.0,0.04999999999999982,0.0,0.0,0.0,0.0,0,1,1,1
536,Leo Fuhr,Hjelde,Hjelde,a,,,4.0,676,172.0,0.0,692,238.0,0.0,491.0,190.0,0,0,0.0,0,0.0,1,3,0.0,0.0,0.0,0.0,0.0,574.0,212.0,100.0,100.0,563.0,211.0,558.0,212.0,523.0,205.0,566.0,211.0,,,,,,,,0.0,0.0,0.0,0.0,0.0,0.0,0.0,0.0,0.0,23,0,0,0,0,0,0,0,0,0,0,0,0,0,0,0,20,7,0.0,0.0,0.0,0.0,0.0,0.0,0.0,0.0,0.0,0,0,0,0
537,Niall,Huggins,Huggins,u,has joined Wycombe Wanderers on loan for the rest of the season.,,4.0,678,173.0,0.1,524,190.0,0.0,493.0,191.0,0,0,0.0,0,0.0,0,0,0.0,0.0,0.0,0.0,0.0,576.0,213.0,0.0,0.0,565.0,212.0,560.0,213.0,525.0,206.0,568.0,212.0,,,,,,,,0.0,0.0,0.0,0.0,0.0,0.0,0.0,0.0,0.0,23,0,0,0,0,0,0,0,0,0,0,0,0,0,0,0,0,12,0.0,0.0,0.0,0.0,0.0,0.0,0.0,0.0,0.0,0,0,0,0
538,Zak,Johnson,Johnson,u,has joined York City on loan for the rest of the season.,,3.8,788,249.0,0.2,347,127.0,0.0,419.0,160.0,0,0,0.0,-2,2.0,0,17,0.0,0.0,0.0,0.0,0.0,503.0,183.0,0.0,0.0,493.0,183.0,484.0,183.0,445.0,172.0,496.0,183.0,,,,,,,,0.0,0.0,0.0,0.0,0.0,0.0,0.0,0.0,0.0,23,0,0,0,0,0,0,0,0,0,0,0,0,0,0,0,0,189,0.0,0.0,0.0,0.0,0.0,0.0,0.0,0.0,0.0,0,0,0,0
539,Luke,O'Nien,O'Nien,a,,,4.0,656,162.0,0.1,556,201.0,0.2,354.0,134.0,0,0,0.0,0,0.0,4,7,0.0,0.0,0.2,0.2,0.0,557.0,204.0,100.0,100.0,449.0,163.0,449.0,165.0,505.0,197.0,467.0,165.0,,,,,,,,0.0,0.0,0.0,5.97,0.0,0.0,0.0,0.0,16.36,23,0,0,0,0,0,0,0,0,0,0,0,0,0,0,0,37,38,0.0,0.0,0.0,0.0,0.0,0.0,0.0,0.0,0.0,0,0,0,0
540,Timothée,Pembélé,Pembele,u,has joined Le Havre AC on loan for the rest of the season.,,3.9,745,218.0,0.3,304,113.0,0.0,447.0,172.0,0,0,0.0,-1,1.0,0,20,0.0,0.0,0.0,0.0,0.0,529.0,193.0,0.0,0.0,519.0,193.0,512.0,194.0,475.0,185.0,522.0,193.0,,,,,,,,0.0,0.0,0.0,0.0,0.0,0.0,0.0,0.0,0.0,23,0,0,0,0,0,0,0,0,0,0,0,0,0,0,0,0,182,0.0,0.0,0.0,0.0,0.0,0.0,0.0,0.0,0.0,0,0,0,0
541,Reinildo,Mandava,Reinildo,a,,,3.8,779,240.0,2.8,112,45.0,0.2,351.0,131.0,-1,0,0.0,-2,2.0,446,87,0.1,10.0,0.2,0.2,2.7,222.0,83.0,100.0,100.0,205.0,83.0,311.0,105.0,338.0,111.0,295.0,97.0,,,,,,,,0.01,0.01,0.02,1.23,0.0,0.23,1.24,1.09,7.93,23,38,45,0,0,0,3,0,0,0,1,0,0,1,0,132,4782,1103,0.0,0.0,0.010000000000000009,0.010000000000000009,1.200000000000001,0.0,0.0,0.0,0.0,1,1,4,2
542,Jenson,Seelt,Seelt,u,has joined Wolfsburg on loan for the rest of the season.,,4.0,692,183.0,0.1,484,175.0,0.0,506.0,200.0,0,0,0.0,0,0.0,0,1,0.0,0.5,0.0,0.0,1.0,431.0,159.0,0.0,0.0,403.0,154.0,431.0,158.0,537.0,214.0,436.0,158.0,,,,,,,,0.0,0.01,0.01,0.9,0.0,0.0,1.35,0.68,8.12,23,0,0,0,0,0,0,0,0,0,0,0,0,0,0,0,0,18,0.0,0.0,0.0,0.0,0.0,0.0,0.0,0.0,0.0,0,0,0,0
543,Simon,Adingra,Adingra,a,,,4.9,338,210.0,0.4,260,88.0,2.5,139.0,57.0,0,0,0.0,-6,6.0,10,32,0.5,6.9,2.5,2.5,2.4,263.0,111.0,,,339.0,150.0,191.0,126.0,248.0,137.0,301.0,146.0,,,,,,,,0.05,0.09,0.14,1.57,0.0,0.55,1.11,1.25,6.24,23,0,0,0,0,0,0,0,0,0,0,0,0,0,0,0,258,299,0.0,0.0,0.0,0.0,0.0,0.0,0.0,0.0,0.0,0,0,0,0
544,Habib,Diarra,Diarra,a,,,5.3,202,126.0,0.0,611,236.0,0.2,396.0,183.0,1,0,0.0,-2,2.0,9,3,0.0,2.6,0.2,0.2,2.3,276.0,120.0,100.0,100.0,429.0,193.0,347.0,183.0,296.0,155.0,402.0,183.0,,,1.0,,,,,0.12,0.02,0.14,1.02,0.0,0.45,0.45,0.9,5.19,23,1,30,0,0,0,0,0,0,0,0,0,0,0,0,3,85,13,0.0,0.040000000000000036,0.009999999999999995,0.050000000000000044,0.04999999999999982,0.0,0.0,0.0,0.0,0,0,3,3
545,Patrick,Roberts,Roberts,u,has joined Birmingham City on loan for the rest of the season.,,5.4,160,100.0,0.0,707,300.0,0.0,761.0,333.0,0,0,0.0,-1,1.0,0,0,0.0,0.2,0.0,0.0,1.0,476.0,226.0,0.0,0.0,468.0,217.0,412.0,203.0,407.0,201.0,458.0,212.0,,,,,,,,0.1,0.07,0.17,2.2,0.0,0.0,3.33,0.0,3.33,23,0,0,0,0,0,0,0,0,0,0,0,0,0,0,0,0,1,0.0,0.0,0.0,0.0,0.0,0.0,0.0,0.0,0.0,0,0,0,0
546,Milan,Aleksić,Aleksić,u,has joined Cracovia on loan for the rest of the season.,,4.9,343,215.0,0.0,687,290.0,0.0,721.0,305.0,0,0,0.0,-1,1.0,0,0,0.0,0.0,0.0,0.0,0.0,757.0,328.0,0.0,0.0,757.0,328.0,753.0,328.0,745.0,326.0,757.0,328.0,,,,,,,,0.0,0.0,0.0,0.0,0.0,0.0,0.0,0.0,0.0,23,0,0,0,0,0,0,0,0,0,0,0,0,0,0,0,0,1,0.0,0.0,0.0,0.0,0.0,0.0,0.0,0.0,0.0,0,0,0,0
547,Enzo,Le Fée,E.Le Fée,a,,,4.9,333,207.0,1.4,157,54.0,3.5,59.0,25.0,2,0,0.0,-1,1.0,503,160,0.7,16.5,3.5,3.5,3.7,100.0,46.0,100.0,100.0,68.0,21.0,17.0,16.0,122.0,71.0,38.0,28.0,3.0,2.0,2.0,,,,,0.19,0.12,0.31,1.46,0.0,0.31,1.19,1.04,8.86,23,2,75,0,0,0,3,0,0,0,0,0,0,1,0,14,16474,1519,0.0,0.0,0.029999999999999805,0.03000000000000025,1.240000000000002,0.0,0.0,0.0,0.0,1,3,4,8
548,Romaine,Mundle,Mundle,a,,,4.9,327,202.0,0.0,725,310.0,1.2,247.0,106.0,1,0,0.0,-1,1.0,4,1,0.2,2.0,1.2,1.2,1.0,467.0,219.0,100.0,100.0,418.0,185.0,354.0,185.0,295.0,154.0,394.0,180.0,,3.0,,,,,,0.13,0.08,0.21,1.68,0.0,0.0,1.79,0.6,6.85,23,1,45,0,0,0,3,0,0,0,0,0,0,1,0,0,41,13,0.0,0.0,0.0,0.0,1.1999999999999993,0.0,0.0,0.0,0.0,1,0,0,1
549,Dan,Neil,Neil,a,,,4.8,360,225.0,0.0,631,253.0,0.2,383.0,174.0,0,0,0.0,-2,2.0,0,1,0.0,0.6,0.2,0.2,1.0,464.0,217.0,,,461.0,213.0,440.0,215.0,723.0,312.0,472.0,218.0,,,,,,,,0.0,0.0,0.0,4.43,0.0,0.0,0.0,0.0,13.85,23,0,0,0,0,0,0,0,0,0,0,0,0,0,0,0,7,7,0.0,0.0,0.0,0.0,0.0,0.0,0.0,0.0,0.0,0,0,0,0
550,Ian,Poveda-Ocampo,Poveda,a,,,4.8,356,224.0,0.0,655,269.0,0.0,692.0,284.0,0,0,0.0,-2,2.0,0,2,0.0,0.0,0.0,0.0,0.0,739.0,315.0,,,739.0,315.0,734.0,315.0,722.0,311.0,739.0,315.0,,,,,,,,0.0,0.0,0.0,0.0,0.0,0.0,0.0,0.0,0.0,23,0,0,0,0,0,0,0,0,0,0,0,0,0,0,0,5,4,0.0,0.0,0.0,0.0,0.0,0.0,0.0,0.0,0.0,0,0,0,0
551,Chris,Rigg,Rigg,a,,,4.7,386,242.0,0.0,582,216.0,0.7,299.0,134.0,0,0,0.0,-3,3.0,3,0,0.1,3.2,0.7,0.7,1.5,391.0,175.0,,,423.0,188.0,316.0,176.0,352.0,183.0,400.0,181.0,,,,,,,,0.08,0.08,0.16,1.23,0.0,0.48,0.48,1.44,6.48,23,0,0,0,0,0,0,0,0,0,0,0,0,0,0,0,23,21,0.0,0.0,0.0,0.0,0.0,0.0,0.0,0.0,0.0,0,0,0,0
552,Noah,Sadiki,Sadiki,a,,,4.9,341,213.0,0.1,570,210.0,1.2,248.0,107.0,2,0,0.0,-1,1.0,13,2,0.2,9.0,1.2,1.2,2.4,264.0,112.0,100.0,100.0,237.0,100.0,147.0,101.0,307.0,160.0,250.0,120.0,,,,,,,,0.02,0.04,0.06,1.25,0.0,0.29,1.2,1.03,7.88,23,2,75,0,0,0,3,0,0,0,0,0,0,1,0,18,180,20,0.0,0.040000000000000036,0.0,0.040000000000000036,1.240000000000002,0.0,0.0,0.0,0.0,2,3,6,11
553,Chemsdine,Talbi,Talbi,a,,,4.9,339,211.0,0.1,418,140.0,0.2,390.0,178.0,1,0,0.0,-1,1.0,3,2,0.0,10.6,0.2,0.2,3.1,171.0,72.0,100.0,100.0,279.0,126.0,179.0,119.0,167.0,98.0,253.0,123.0,,,,,,,,0.12,0.05,0.17,1.35,0.0,0.5,0.79,0.89,5.45,23,1,30,0,0,0,0,0,0,0,0,0,0,0,0,1,105,48,0.0,0.010000000000000009,0.0,0.010000000000000009,0.049999999999998934,0.0,0.0,0.0,0.0,0,1,1,2
554,Abdoullah,Ba,Ba,a,,,4.3,583,341.0,0.4,279,94.0,0.0,556.0,190.0,0,0,0.0,-2,2.0,9,24,0.0,0.0,0.0,0.0,0.0,623.0,232.0,,,612.0,223.0,610.0,228.0,581.0,215.0,616.0,225.0,,,,,,,,0.0,0.0,0.0,0.0,0.0,0.0,0.0,0.0,0.0,23,0,0,0,0,0,0,0,0,0,0,0,0,0,0,0,110,272,0.0,0.0,0.0,0.0,0.0,0.0,0.0,0.0,0.0,0,0,0,0
555,Alan,Browne,Browne,u,has joined Middlesbrough on loan for the rest of the season.,,4.5,407,249.0,0.0,635,257.0,0.0,609.0,221.0,0,0,0.0,0,0.0,0,0,0.0,0.0,0.0,0.0,0.0,669.0,261.0,0.0,0.0,663.0,256.0,659.0,259.0,636.0,250.0,666.0,258.0,,,,,,,,0.0,0.0,0.0,0.0,0.0,0.0,0.0,0.0,0.0,23,0,0,0,0,0,0,0,0,0,0,0,0,0,0,0,0,6,0.0,0.0,0.0,0.0,0.0,0.0,0.0,0.0,0.0,0,0,0,0
556,Pierre,Ekwah Elimby,Ekwah,u,Has joined AS Saint-Etienne permanently.,,4.5,429,257.0,0.0,750,324.0,0.0,624.0,229.0,0,0,0.0,0,0.0,0,1,0.0,0.0,0.0,0.0,0.0,680.0,268.0,0.0,0.0,674.0,263.0,673.0,266.0,652.0,258.0,677.0,265.0,,,,,,,,0.0,0.0,0.0,0.0,0.0,0.0,0.0,0.0,0.0,23,0,0,0,0,0,0,0,0,0,0,0,0,0,0,0,0,1,0.0,0.0,0.0,0.0,0.0,0.0,0.0,0.0,0.0,0,0,0,0
557,Harrison,Jones,H.Jones,a,,,4.3,602,350.0,0.1,540,193.0,0.0,565.0,196.0,0,0,0.0,-2,2.0,7,4,0.0,0.0,0.0,0.0,0.0,631.0,238.0,,,621.0,229.0,619.0,234.0,591.0,222.0,624.0,231.0,,,,,,,,0.0,0.0,0.0,0.0,0.0,0.0,0.0,0.0,0.0,23,0,0,0,0,0,0,0,0,0,0,0,0,0,0,0,47,36,0.0,0.0,0.0,0.0,0.0,0.0,0.0,0.0,0.0,0,0,0,0
558,Jay,Matete,Matete,u,has joined MK Dons permanently.,,4.3,590,344.0,0.2,364,122.0,0.0,559.0,192.0,0,0,0.0,-2,2.0,0,27,0.0,0.0,0.0,0.0,0.0,625.0,234.0,0.0,0.0,615.0,225.0,612.0,230.0,583.0,217.0,618.0,227.0,,,,,,,,0.0,0.0,0.0,0.0,0.0,0.0,0.0,0.0,0.0,23,0,0,0,0,0,0,0,0,0,0,0,0,0,0,0,0,239,0.0,0.0,0.0,0.0,0.0,0.0,0.0,0.0,0.0,0,0,0,0
559,Nectarios,Triantis,Triantis,u,has joined Minnesota United permanently.,,4.4,539,323.0,0.0,633,255.0,0.0,588.0,208.0,0,0,0.0,-1,1.0,0,1,0.0,0.0,0.0,0.0,0.0,650.0,250.0,0.0,0.0,641.0,242.0,639.0,247.0,614.0,236.0,644.0,244.0,,,,,,,,0.0,0.0,0.0,0.0,0.0,0.0,0.0,0.0,0.0,23,0,0,0,0,0,0,0,0,0,0,0,0,0,0,0,0,6,0.0,0.0,0.0,0.0,0.0,0.0,0.0,0.0,0.0,0,0,0,0
560,Wilson,Isidor,Isidor,a,,,5.2,211,46.0,1.6,147,22.0,0.3,345.0,39.0,1,0,0.0,-3,3.0,91,173,0.1,9.6,0.3,0.3,2.6,242.0,24.0,100.0,100.0,251.0,22.0,368.0,44.0,37.0,16.0,179.0,20.0,,,,,,,,0.31,0.01,0.32,1.44,0.0,0.37,1.21,1.02,3.34,23,1,1,0,0,0,0,0,0,0,0,0,0,0,0,3,1472,2488,0.0,0.0,0.0,0.0,0.0,0.0,0.0,0.0,0.0,0,0,0,0
561,Eliezer,Mayenda Dossou,Mayenda,a,,,5.2,219,48.0,0.5,248,40.0,1.5,224.0,28.0,2,0,0.0,-3,3.0,13,16,0.3,5.0,1.5,1.5,1.9,332.0,33.0,,,354.0,36.0,327.0,38.0,163.0,38.0,318.0,38.0,,,3.0,,,,,0.17,0.02,0.19,1.61,0.0,0.47,1.1,0.95,3.15,23,2,74,0,0,0,3,0,0,0,0,0,0,1,0,0,104,165,0.0,0.0,0.0,0.0,1.2400000000000002,0.0,0.0,0.0,0.0,1,0,1,2
562,Ahmed,Abdullahi,Abdullahi,a,,,4.2,640,88.0,0.4,274,43.0,0.0,547.0,52.0,0,0,0.0,-3,3.0,48,19,0.0,0.0,0.0,0.0,0.0,618.0,62.0,,,608.0,61.0,605.0,61.0,575.0,61.0,612.0,62.0,,,,,,,,0.0,0.0,0.0,0.0,0.0,0.0,0.0,0.0,0.0,23,0,0,0,0,0,0,0,0,0,0,0,0,0,0,0,398,234,0.0,0.0,0.0,0.0,0.0,0.0,0.0,0.0,0.0,0,0,0,0
563,Luís Hemir,Silva Semedo,Luís Hemir,u,has joined Moreirense on loan for the rest of the season.,,4.4,547,76.0,0.1,489,67.0,0.0,594.0,60.0,0,0,0.0,-1,1.0,0,1,0.0,0.0,0.0,0.0,0.0,656.0,69.0,0.0,0.0,648.0,69.0,645.0,68.0,621.0,68.0,651.0,69.0,,,,,,,,0.0,0.0,0.0,0.0,0.0,0.0,0.0,0.0,0.0,23,0,0,0,0,0,0,0,0,0,0,0,0,0,0,0,0,8,0.0,0.0,0.0,0.0,0.0,0.0,0.0,0.0,0.0,0,0,0,0
564,Nazarii,Rusyn,Rusyn,u,has joined Arka on loan for the rest of the season.,,4.4,531,73.0,0.1,494,69.0,0.0,584.0,57.0,0,0,0.0,-1,1.0,0,1,0.0,0.0,0.0,0.0,0.0,646.0,66.0,0.0,0.0,636.0,66.0,634.0,65.0,609.0,65.0,639.0,66.0,,,,,,,,0.0,0.0,0.0,0.0,0.0,0.0,0.0,0.0,0.0,23,0,0,0,0,0,0,0,0,0,0,0,0,0,0,0,0,8,0.0,0.0,0.0,0.0,0.0,0.0,0.0,0.0,0.0,0,0,0,0
668,Granit,Xhaka,Xhaka,a,,,5.2,204,128.0,7.0,56,21.0,3.2,76.0,35.0,0,0,0.0,2,-2.0,398,1128,0.6,17.3,3.2,3.2,4.1,64.0,25.0,,,18.0,5.0,25.0,24.0,246.0,135.0,39.0,29.0,1.0,1.0,,,,,,0.03,0.1,0.13,1.43,0.0,0.32,1.06,1.01,10.87,23,0,0,0,0,0,0,0,0,0,0,0,0,0,0,0,9395,7677,0.0,0.0,0.0,0.0,0.0,0.0,0.0,0.0,0.0,0,0,0,0
670,Robin,Roefs,Roefs,a,,,5.0,267,10.0,13.2,31,5.0,3.0,94.0,8.0,1,0,0.0,5,-5.0,506,2204,0.6,19.6,3.0,3.0,4.3,51.0,3.0,,,8.0,2.0,331.0,2.0,758.0,85.0,124.0,2.0,,,,,,,,0.0,0.0,0.0,1.45,3.33,0.31,1.14,1.01,0.0,23,1,75,0,0,0,3,0,0,0,0,0,2,1,0,1,11078,8021,0.0,0.0,0.010000000000000002,0.010000000000000002,1.2399999999999984,0.0,0.0,0.0,0.0,0,1,7,0
678,Arthur,Masuaku,Masuaku,i,Ankle injury - Expected back 22 Feb,,3.9,728,209.0,0.5,245,93.0,0.0,436.0,169.0,0,0,0.0,-1,1.0,3,21,0.0,0.3,0.0,0.0,0.3,490.0,171.0,0.0,0.0,419.0,159.0,372.0,135.0,392.0,146.0,422.0,154.0,,,,,,,,0.05,0.06,0.11,1.5,0.0,0.0,1.44,1.44,7.2,23,0,0,0,0,0,0,0,0,0,0,0,0,0,0,0,10,225,0.0,0.0,0.0,0.0,0.0,0.0,0.0,0.0,0.0,0,0,0,0
683,Omar,Alderete,Alderete,a,,,4.1,644,157.0,6.6,60,20.0,2.7,112.0,41.0,1,0,0.0,1,-1.0,515,575,0.7,19.3,2.7,2.7,4.2,55.0,24.0,100.0,100.0,43.0,20.0,280.0,91.0,97.0,13.0,99.0,28.0,,,,,,,,0.07,0.04,0.11,1.46,0.0,0.33,1.16,0.99,9.82,23,1,75,0,0,0,3,0,0,0,0,0,0,1,0,6,8390,5015,0.0,0.0,0.0,0.0,1.2399999999999984,0.0,0.0,0.0,0.0,0,8,3,8
694,Nordi,Mukiele,Mukiele,a,,,4.5,409,77.0,12.3,35,11.0,5.3,9.0,4.0,4,0,0.0,5,-5.0,1689,770,1.2,22.7,5.3,5.3,4.9,18.0,7.0,,,32.0,13.0,108.0,27.0,191.0,45.0,78.0,17.0,,,,,,,,0.03,0.08,0.11,1.51,0.0,0.29,1.15,1.01,9.95,23,4,75,0,1,0,3,0,0,0,0,0,0,1,0,9,41246,4688,0.0,0.0,0.15999999999999992,0.16000000000000014,1.2399999999999984,0.0,0.0,0.0,0.0,0,4,3,4
724,Lutsharel,Geertruida,Geertruida,a,,,4.5,418,83.0,0.0,583,212.0,1.8,191.0,71.0,0,0,0.0,0,0.0,4,12,0.4,7.1,1.8,1.8,1.9,328.0,127.0,,,256.0,104.0,277.0,88.0,318.0,102.0,308.0,104.0,,,,,,,,0.03,0.04,0.07,1.91,0.0,0.19,1.3,0.93,5.94,23,0,0,0,0,0,0,0,0,0,0,0,0,0,0,0,37,79,0.0,0.0,0.0,0.0,0.0,0.0,0.0,0.0,0.0,0,0,0,0
730,Brian,Brobbey,Brobbey,a,,,5.5,147,35.0,0.9,192,30.0,4.8,14.0,2.0,6,0,0.0,0,0.0,789,132,0.9,10.0,4.8,4.8,3.1,173.0,16.0,100.0,100.0,228.0,20.0,297.0,32.0,92.0,27.0,220.0,26.0,,,,,,,,0.24,0.02,0.26,1.68,0.0,0.32,1.26,0.95,3.9,23,6,75,1,0,0,3,0,0,0,0,0,0,1,0,31,16495,1135,0.0,0.3500000000000003,0.010000000000000009,0.3599999999999999,1.2400000000000002,0.0,0.0,0.0,0.0,0,0,1,1
735,Bertrand,Traoré,Traoré,i,Knee injury - Expected back 11 Feb,,5.5,136,84.0,0.0,628,250.0,0.0,772.0,341.0,0,0,0.0,0,0.0,0,3,0.0,5.1,0.0,0.0,2.8,218.0,97.0,0.0,0.0,298.0,134.0,201.0,130.0,150.0,89.0,260.0,127.0,,,,,,,,0.07,0.04,0.11,1.33,0.0,0.44,1.33,1.33,5.93,23,0,0,0,0,0,0,0,0,0,0,0,0,0,0,0,6,23,0.0,0.0,0.0,0.0,0.0,0.0,0.0,0.0,0.0,0,0,0,0
774,Jenson,Jones,Jenson Jones,a,,,4.0,662,166.0,0.0,731,250.0,0.0,479.0,186.0,0,0,0.0,0,0.0,1,1,0.0,0.0,0.0,0.0,0.0,562.0,208.0,,,551.0,207.0,546.0,208.0,511.0,201.0,554.0,207.0,,,,,,,,0.0,0.0,0.0,0.0,0.0,0.0,0.0,0.0,0.0,23,0,0,0,0,0,0,0,0,0,0,0,0,0,0,0,21,11,0.0,0.0,0.0,0.0,0.0,0.0,0.0,0.0,0.0,0,0,0,0
775,Tymur,Tutierov,Tutierov,u,has joined Exeter City on loan for the rest of the season.,,4.5,487,300.0,0.0,794,354.0,0.0,665.0,263.0,0,0,0.0,0,0.0,0,0,0.0,0.0,0.0,0.0,0.0,719.0,300.0,0.0,0.0,718.0,299.0,713.0,299.0,696.0,294.0,718.0,299.0,,,,,,,,0.0,0.0,0.0,0.0,0.0,0.0,0.0,0.0,0.0,23,0,0,0,0,0,0,0,0,0,0,0,0,0,0,0,0,2,0.0,0.0,0.0,0.0,0.0,0.0,0.0,0.0,0.0,0,0,0,0
800,Djiamgone Jocelin Ta,Bi,Jocelin.T,i,Lack of match fitness - Expected back 22 Feb,,5.0,282,175.0,0.0,801,360.0,0.0,744.0,322.0,0,0,0.0,0,0.0,0,0,0.0,0.0,0.0,0.0,0.0,775.0,342.0,0.0,0.0,775.0,342.0,773.0,342.0,767.0,340.0,775.0,342.0,,,,,,,,0.0,0.0,0.0,0.0,0.0,0.0,0.0,0.0,0.0,23,0,0,0,0,0,0,0,0,0,0,0,0,0,0,0,6,1,0.0,0.0,0.0,0.0,0.0,0.0,0.0,0.0,0.0,0,0,0,0
565,Guglielmo,Vicario,Vicario,a,,,4.8,351,14.0,6.7,59,9.0,2.7,116.0,11.0,0,0,0.0,-2,2.0,64,511,0.6,15.8,2.2,2.7,3.5,120.0,13.0,,,27.0,8.0,467.0,14.0,720.0,78.0,192.0,9.0,,,,,,,,0.0,0.0,0.0,1.33,2.59,0.32,1.32,1.0,0.0,23,0,0,0,0,0,0,0,0,0,0,0,0,0,0,0,3135,4319,0.0,0.0,0.0,0.0,0.0,0.0,0.0,0.0,0.0,0,0,0,0
566,Brandon,Austin,Austin,a,,,3.9,735,75.0,0.3,311,42.0,0.0,441.0,39.0,0,0,0.0,-1,1.0,3,4,0.0,0.0,-0.5,0.0,0.0,523.0,44.0,,,513.0,44.0,506.0,31.0,469.0,16.0,516.0,44.0,,,,,,,,0.0,0.0,0.0,0.0,0.0,0.0,0.0,0.0,0.0,23,0,0,0,0,0,0,0,0,0,0,0,0,0,0,0,21,72,0.0,0.0,0.0,0.0,0.0,0.0,0.0,0.0,0.0,0,0,0,0
567,Antonín,Kinský,Kinsky,a,,,3.9,751,82.0,1.7,143,19.0,0.0,451.0,46.0,0,0,0.0,-1,1.0,13,36,0.0,0.0,-0.5,0.0,0.0,533.0,51.0,,,523.0,51.0,516.0,38.0,479.0,23.0,526.0,51.0,,,,,,,,0.0,0.0,0.0,0.0,0.0,0.0,0.0,0.0,0.0,23,0,0,0,0,0,0,0,0,0,0,0,0,0,0,0,93,384,0.0,0.0,0.0,0.0,0.0,0.0,0.0,0.0,0.0,0,0,0,0
568,Pedro,Porro Sauceda,Pedro Porro,a,,,5.2,213,29.0,12.7,34,10.0,4.0,34.0,14.0,0,0,0.0,-3,3.0,310,623,0.8,15.0,3.5,4.0,3.5,123.0,46.0,,,56.0,27.0,15.0,1.0,244.0,68.0,42.0,3.0,3.0,2.0,,,,,,0.02,0.14,0.16,1.25,0.0,0.35,1.17,1.01,6.69,23,0,0,0,0,0,0,0,0,0,0,0,0,0,0,0,9634,4834,0.0,0.0,0.0,0.0,0.0,0.0,0.0,0.0,0.0,0,0,0,0
569,Cristian,Romero,Romero,a,,,5.0,251,39.0,4.1,88,31.0,3.7,53.0,22.0,0,0,0.0,0,0.0,306,218,0.7,16.2,3.2,3.7,4.5,34.0,16.0,100.0,100.0,33.0,14.0,200.0,51.0,105.0,15.0,83.0,18.0,,,,,,,,0.07,0.07,0.14,1.34,0.0,0.29,1.34,0.99,9.72,23,0,0,0,0,0,0,0,0,0,0,0,0,0,0,0,10326,1238,0.0,0.0,0.0,0.0,0.0,0.0,0.0,0.0,0.0,0,0,0,0
570,Kevin,Danso,Danso,a,,,4.2,620,144.0,0.1,422,156.0,1.2,244.0,88.0,0,0,0.0,-3,3.0,6,6,0.3,6.2,0.7,1.2,2.2,285.0,109.0,,,235.0,96.0,414.0,150.0,382.0,139.0,340.0,117.0,,,,,,,,0.0,0.02,0.02,1.44,0.0,0.31,1.55,1.08,13.32,23,0,0,0,0,0,0,0,0,0,0,0,0,0,0,0,47,56,0.0,0.0,0.0,0.0,0.0,0.0,0.0,0.0,0.0,0,0,0,0
571,Ben,Davies,Davies,i,Ankle injury - Unknown return date,,4.3,567,124.0,0.1,518,186.0,1.5,218.0,81.0,0,0,0.0,-2,2.0,0,10,0.3,2.3,0.0,0.0,3.3,138.0,55.0,0.0,0.0,359.0,136.0,367.0,133.0,286.0,88.0,364.0,131.0,,,,,,,,0.32,0.05,0.37,0.73,0.0,0.0,1.99,1.32,9.26,23,0,0,0,0,0,0,0,0,0,0,0,0,0,0,0,6,92,0.0,0.0,0.0,0.0,0.0,0.0,0.0,0.0,0.0,0,0,0,0
572,Radu,Drăgușin,Dragusin,a,,,4.5,441,89.0,0.0,715,245.0,0.2,371.0,142.0,0,0,0.0,0,0.0,1,0,0.0,0.2,-0.3,0.2,1.0,450.0,164.0,100.0,100.0,682.0,252.0,459.0,167.0,410.0,152.0,471.0,167.0,,,,,,,,1.08,0.0,1.08,1.08,0.0,0.0,0.0,0.0,18.0,23,0,0,0,0,0,0,0,0,0,0,0,0,0,0,0,15,5,0.0,0.0,0.0,0.0,0.0,0.0,0.0,0.0,0.0,0,0,0,0
573,Djed,Spence,Spence,a,,,4.3,576,130.0,1.1,175,68.0,2.7,114.0,43.0,0,0,0.0,-2,2.0,11,88,0.6,12.6,2.2,2.7,2.8,211.0,79.0,,,231.0,93.0,170.0,42.0,177.0,37.0,223.0,74.0,,,,,,,,0.05,0.05,0.1,1.41,0.0,0.44,1.21,1.02,4.7,23,0,0,0,0,0,0,0,0,0,0,0,0,0,0,0,642,907,0.0,0.0,0.0,0.0,0.0,0.0,0.0,0.0,0.0,0,0,0,0
574,Destiny,Udogie,Udogie,a,,,4.3,585,137.0,0.3,307,114.0,0.0,557.0,233.0,0,0,0.0,-2,2.0,3,3,0.0,3.0,-0.5,0.0,1.3,408.0,149.0,100.0,100.0,291.0,111.0,215.0,59.0,277.0,83.0,299.0,99.0,,,,,,,,0.01,0.05,0.06,1.54,0.0,0.0,1.93,0.89,4.46,23,0,0,0,0,0,0,0,0,0,0,0,0,0,0,0,121,55,0.0,0.0,0.0,0.0,0.0,0.0,0.0,0.0,0.0,0,0,0,0
575,Micky,van de Ven,Van de Ven,a,,,4.6,394,70.0,28.0,11,4.0,4.0,33.0,13.0,0,0,0.0,1,-1.0,468,2417,0.9,19.3,3.5,4.0,4.2,56.0,25.0,,,42.0,19.0,261.0,79.0,115.0,19.0,104.0,32.0,,,,,,,,0.12,0.02,0.14,1.3,0.0,0.34,1.29,1.01,6.51,23,0,0,0,0,0,0,0,0,0,0,0,0,0,0,0,13803,19827,0.0,0.0,0.0,0.0,0.0,0.0,0.0,0.0,0.0,0,0,0,0
576,Ashley,Phillips,Phillips,u,Has joined Stoke City on loan for the rest of the season.,,4.0,693,184.0,0.0,710,244.0,0.0,507.0,201.0,0,0,0.0,0,0.0,0,0,0.0,0.0,0.0,0.0,0.0,588.0,221.0,0.0,0.0,577.0,220.0,572.0,221.0,538.0,215.0,580.0,220.0,,,,,,,,0.0,0.0,0.0,0.0,0.0,0.0,0.0,0.0,0.0,23,0,0,0,0,0,0,0,0,0,0,0,0,0,0,0,0,1,0.0,0.0,0.0,0.0,0.0,0.0,0.0,0.0,0.0,0,0,0,0
577,Takai,Kōta,Takai,u,has joined Borussia Mönchengladbach on loan for the rest of the season.,,4.0,695,185.0,0.0,587,213.0,0.0,509.0,202.0,0,0,0.0,0,0.0,0,1,0.0,0.0,0.0,0.0,0.0,590.0,222.0,0.0,0.0,579.0,221.0,574.0,222.0,540.0,216.0,582.0,221.0,,,,,,,,0.0,0.0,0.0,0.0,0.0,0.0,0.0,0.0,0.0,23,0,0,0,0,0,0,0,0,0,0,0,0,0,0,0,0,9,0.0,0.0,0.0,0.0,0.0,0.0,0.0,0.0,0.0,0,0,0,0
578,Luka,Vušković,Vuskovic,u,has joined Hamburger SV on loan for the rest of the season.,,3.9,767,229.0,0.3,301,111.0,0.0,465.0,179.0,0,0,0.0,-1,1.0,0,5,0.0,0.0,0.0,0.0,0.0,547.0,200.0,0.0,0.0,537.0,200.0,530.0,201.0,494.0,193.0,540.0,200.0,,,,,,,,0.0,0.0,0.0,0.0,0.0,0.0,0.0,0.0,0.0,23,0,0,0,0,0,0,0,0,0,0,0,0,0,0,0,0,39,0.0,0.0,0.0,0.0,0.0,0.0,0.0,0.0,0.0,0,0,0,0
579,Son,Heung-min,Son,u,Has joined Los Angeles FC permanently.,,8.5,11,6.0,0.1,438,149.0,0.0,800.0,360.0,0,0,0.0,0,0.0,0,1,0.0,0.0,0.0,0.0,0.0,802.0,361.0,0.0,0.0,802.0,361.0,802.0,361.0,802.0,361.0,802.0,361.0,,,,,,,,0.0,0.0,0.0,0.0,0.0,0.0,0.0,0.0,0.0,23,0,0,0,0,0,0,0,0,0,0,0,0,0,0,0,0,5,0.0,0.0,0.0,0.0,0.0,0.0,0.0,0.0,0.0,0,0,0,0
581,James,Maddison,Maddison,i,Anterior cruciate ligament - Unknown return date,,6.8,45,27.0,0.1,439,150.0,0.0,794.0,356.0,0,0,0.0,-2,2.0,1,2,0.0,0.0,0.0,0.0,0.0,799.0,358.0,0.0,0.0,799.0,358.0,799.0,358.0,799.0,358.0,799.0,358.0,,,,,,,,0.0,0.0,0.0,0.0,0.0,0.0,0.0,0.0,0.0,23,0,0,0,0,0,0,0,0,0,0,0,0,0,0,0,7,7,0.0,0.0,0.0,0.0,0.0,0.0,0.0,0.0,0.0,0,0,0,0
582,Mohammed,Kudus,Kudus,i,Thigh injury - Expected back 11 Apr,,6.4,61,39.0,10.7,42,16.0,1.2,260.0,114.0,0,0,0.0,-1,1.0,0,985,0.2,11.7,0.0,0.0,3.9,79.0,38.0,0.0,0.0,106.0,36.0,27.0,26.0,49.0,29.0,36.0,27.0,2.0,1.0,,,,,,0.11,0.14,0.25,1.33,0.0,0.41,1.17,1.11,7.8,23,0,0,0,0,0,0,0,0,0,0,0,0,0,0,0,25,11844,0.0,0.0,0.0,0.0,0.0,0.0,0.0,0.0,0.0,0,0,0,0
583,Dejan,Kulusevski,Kulusevski,i,Knee injury - Unknown return date,,6.4,60,38.0,0.0,702,296.0,0.0,791.0,355.0,0,0,0.0,-1,1.0,1,1,0.0,0.0,0.0,0.0,0.0,796.0,357.0,0.0,0.0,796.0,357.0,796.0,357.0,796.0,357.0,796.0,357.0,,,,,,,,0.0,0.0,0.0,0.0,0.0,0.0,0.0,0.0,0.0,23,0,0,0,0,0,0,0,0,0,0,0,0,0,0,0,6,4,0.0,0.0,0.0,0.0,0.0,0.0,0.0,0.0,0.0,0,0,0,0
584,Mathys,Tel,Tel,a,,,6.2,79,52.0,0.2,355,118.0,2.5,146.0,61.0,0,0,0.0,-3,3.0,20,73,0.4,7.1,2.0,2.5,2.9,206.0,91.0,,,271.0,120.0,210.0,133.0,164.0,95.0,255.0,124.0,4.0,,4.0,,,,,0.14,0.09,0.23,1.13,0.0,0.17,1.55,1.03,7.41,23,0,0,0,0,0,0,0,0,0,0,0,0,0,0,0,1995,595,0.0,0.0,0.0,0.0,0.0,0.0,0.0,0.0,0.0,0,0,0,0
585,Rodrigo,Bentancur,Bentancur,i,Hamstring injury - Unknown return date,,5.3,188,117.0,0.2,372,125.0,2.5,142.0,58.0,0,0,0.0,-2,2.0,0,38,0.5,12.1,0.0,0.0,3.2,157.0,66.0,0.0,0.0,160.0,59.0,148.0,102.0,227.0,126.0,185.0,98.0,,,,,,,,0.03,0.04,0.07,1.32,0.0,0.32,1.34,1.09,13.24,23,0,0,0,0,0,0,0,0,0,0,0,0,0,0,0,3,405,0.0,0.0,0.0,0.0,0.0,0.0,0.0,0.0,0.0,0,0,0,0
586,Lucas,Bergvall,Bergvall,i,Ankle injury - Unknown return date,,5.2,220,137.0,0.2,374,126.0,1.0,275.0,121.0,0,0,0.0,-3,3.0,2,25,0.2,7.5,0.0,0.0,2.3,274.0,118.0,0.0,0.0,273.0,121.0,246.0,149.0,152.0,90.0,262.0,129.0,,,,,,,,0.11,0.04,0.15,1.15,0.0,0.34,1.46,1.13,7.66,23,0,0,0,0,0,0,0,0,0,0,0,0,0,0,0,7,199,0.0,0.0,0.0,0.0,0.0,0.0,0.0,0.0,0.0,0,0,0,0
587,Yves,Bissouma,Bissouma,a,,,5.2,208,130.0,0.0,602,232.0,0.2,394.0,182.0,0,0,0.0,-3,3.0,5,1,0.0,0.2,-0.3,0.2,1.0,474.0,224.0,100.0,100.0,432.0,195.0,433.0,210.0,355.0,184.0,438.0,198.0,,,,,,,,0.5,0.02,0.52,2.56,0.0,0.0,2.0,0.0,16.0,23,0,0,0,0,0,0,0,0,0,0,0,0,0,0,0,56,13,0.0,0.0,0.0,0.0,0.0,0.0,0.0,0.0,0.0,0,0,0,0
588,Wilson,Odobert,Odobert,a,,,5.3,203,127.0,0.1,481,168.0,1.7,211.0,89.0,0,0,0.0,-2,2.0,16,20,0.3,6.6,1.2,1.7,1.8,351.0,152.0,100.0,100.0,307.0,137.0,109.0,78.0,126.0,73.0,197.0,103.0,,,,,,,,0.16,0.09,0.25,1.13,0.0,0.23,1.25,0.79,6.57,23,0,0,0,0,0,0,0,0,0,0,0,0,0,0,0,2128,164,0.0,0.0,0.0,0.0,0.0,0.0,0.0,0.0,0.0,0,0,0,0
589,Manor,Solomon,Solomon,u,has joined Fiorentina on loan for the rest of the season.,,5.4,168,104.0,0.0,739,317.0,0.0,764.0,335.0,0,0,0.0,-1,1.0,0,0,0.0,0.0,0.0,0.0,0.0,781.0,345.0,0.0,0.0,781.0,345.0,780.0,345.0,776.0,344.0,781.0,345.0,,,,,,,,0.0,0.0,0.0,0.0,0.0,0.0,0.0,0.0,0.0,23,0,0,0,0,0,0,0,0,0,0,0,0,0,0,0,0,0,0.0,0.0,0.0,0.0,0.0,0.0,0.0,0.0,0.0,0,0,0,0
590,Bryan,Gil Salvatierra,Bryan,u,has joined Girona permanently.,,4.9,322,199.0,0.0,647,263.0,0.0,712.0,298.0,0,0,0.0,-1,1.0,0,0,0.0,0.0,0.0,0.0,0.0,750.0,323.0,0.0,0.0,750.0,323.0,746.0,323.0,738.0,321.0,750.0,323.0,,,,,,,,0.0,0.0,0.0,0.0,0.0,0.0,0.0,0.0,0.0,23,0,0,0,0,0,0,0,0,0,0,0,0,0,0,0,0,1,0.0,0.0,0.0,0.0,0.0,0.0,0.0,0.0,0.0,0,0,0,0
591,Archie,Gray,Gray,a,,,4.8,369,232.0,0.1,426,143.0,2.8,100.0,46.0,0,0,0.0,-2,2.0,9,12,0.6,5.6,2.3,2.8,2.2,291.0,127.0,100.0,100.0,319.0,141.0,299.0,169.0,242.0,132.0,319.0,154.0,,,,,,,,0.09,0.02,0.11,1.12,0.0,0.7,1.12,1.26,9.49,23,0,0,0,0,0,0,0,0,0,0,0,0,0,0,0,151,157,0.0,0.0,0.0,0.0,0.0,0.0,0.0,0.0,0.0,0,0,0,0
592,Mikey,Moore,Moore,u,Has joined Rangers on loan for the rest of the season.,,5.0,269,164.0,0.0,764,333.0,0.0,736.0,316.0,0,0,0.0,0,0.0,0,0,0.0,0.0,0.0,0.0,0.0,767.0,336.0,0.0,0.0,767.0,336.0,765.0,336.0,759.0,334.0,767.0,336.0,,,,,,,,0.0,0.0,0.0,0.0,0.0,0.0,0.0,0.0,0.0,23,0,0,0,0,0,0,0,0,0,0,0,0,0,0,0,0,0,0.0,0.0,0.0,0.0,0.0,0.0,0.0,0.0,0.0,0,0,0,0
593,Pape Matar,Sarr,P.M.Sarr,a,,,4.5,435,262.0,0.8,203,68.0,0.0,629.0,234.0,0,0,0.0,-5,5.0,34,19,0.0,9.3,-0.5,0.0,3.0,184.0,79.0,100.0,100.0,258.0,111.0,239.0,146.0,212.0,119.0,272.0,134.0,,,,,,,,0.13,0.06,0.19,1.63,0.0,0.38,0.9,0.9,10.5,23,0,0,0,0,0,0,0,0,0,0,0,0,0,0,0,704,238,0.0,0.0,0.0,0.0,0.0,0.0,0.0,0.0,0.0,0,0,0,0
594,Yang,Min-hyeok,Min-hyeok,u,has joined Coventry City on loan for the rest of the season.,,4.5,497,309.0,0.0,712,303.0,0.0,673.0,271.0,0,0,0.0,0,0.0,0,0,0.0,0.0,0.0,0.0,0.0,726.0,307.0,0.0,0.0,726.0,307.0,721.0,307.0,704.0,302.0,726.0,307.0,,,,,,,,0.0,0.0,0.0,0.0,0.0,0.0,0.0,0.0,0.0,23,0,0,0,0,0,0,0,0,0,0,0,0,0,0,0,0,2,0.0,0.0,0.0,0.0,0.0,0.0,0.0,0.0,0.0,0,0,0,0
595,Callum,Olusesi,Olusesi,a,,,4.3,593,346.0,0.2,366,123.0,0.0,560.0,193.0,0,0,0.0,-2,2.0,4,6,0.0,0.0,-0.5,0.0,0.0,626.0,235.0,,,616.0,226.0,613.0,231.0,585.0,219.0,619.0,228.0,,,,,,,,0.0,0.0,0.0,0.0,0.0,0.0,0.0,0.0,0.0,23,0,0,0,0,0,0,0,0,0,0,0,0,0,0,0,88,69,0.0,0.0,0.0,0.0,0.0,0.0,0.0,0.0,0.0,0,0,0,0
596,Dominic,Solanke-Mitchell,Solanke,a,,,7.2,31,11.0,1.0,182,26.0,0.2,403.0,47.0,0,0,0.0,-3,3.0,92,47,0.0,0.4,-0.3,0.2,1.0,480.0,57.0,100.0,100.0,433.0,47.0,455.0,55.0,334.0,51.0,432.0,52.0,,,2.0,,,,,0.31,0.0,0.31,2.07,0.0,0.0,1.53,0.0,9.15,23,0,0,0,0,0,0,0,0,0,0,0,0,0,0,0,5646,460,0.0,0.0,0.0,0.0,0.0,0.0,0.0,0.0,0.0,0,0,0,0
597,Richarlison,de Andrade,Richarlison,i,Hamstring injury - Expected back 01 Mar,,6.4,58,21.0,6.2,64,12.0,1.7,215.0,27.0,0,0,0.0,-1,1.0,2,1161,0.3,11.7,0.0,0.0,3.6,118.0,10.0,0.0,0.0,77.0,6.0,149.0,11.0,17.0,10.0,43.0,9.0,,,3.0,,,,,0.34,0.09,0.43,1.27,0.0,0.35,1.34,0.92,6.91,23,0,0,0,0,0,0,0,0,0,0,0,0,0,0,0,28,12057,0.0,0.0,0.0,0.0,0.0,0.0,0.0,0.0,0.0,0,0,0,0
598,Will,Lankshear,Lankshear,u,Has joined Oxford United on loan for the rest of the season.,,4.5,462,63.0,0.0,659,81.0,0.0,644.0,64.0,0,0,0.0,0,0.0,0,0,0.0,0.0,0.0,0.0,0.0,699.0,73.0,0.0,0.0,696.0,73.0,692.0,72.0,673.0,72.0,697.0,73.0,,,,,,,,0.0,0.0,0.0,0.0,0.0,0.0,0.0,0.0,0.0,23,0,0,0,0,0,0,0,0,0,0,0,0,0,0,0,0,1,0.0,0.0,0.0,0.0,0.0,0.0,0.0,0.0,0.0,0,0,0,0
599,Dane,Scarlett,Scarlett,a,,,4.3,587,80.0,0.6,232,36.0,0.2,360.0,40.0,0,0,0.0,-2,2.0,16,13,0.0,0.2,-0.3,0.2,1.0,437.0,51.0,,,613.0,62.0,463.0,57.0,421.0,56.0,480.0,58.0,,,,,,,,0.0,0.0,0.0,0.0,0.0,0.0,0.0,0.0,0.0,23,0,0,0,0,0,0,0,0,0,0,0,0,0,0,0,169,158,0.0,0.0,0.0,0.0,0.0,0.0,0.0,0.0,0.0,0,0,0,0
673,João Maria,Lobo Alves Palhares Costa Palhinha Gonçalves,J.Palhinha,d,Knock - 75% chance of playing,,5.5,137,85.0,0.9,190,65.0,2.0,186.0,76.0,0,0,0.0,0,0.0,5,161,0.4,14.2,1.1,1.5,3.9,78.0,37.0,75.0,75.0,74.0,24.0,236.0,144.0,144.0,83.0,136.0,75.0,,,,,,,,0.07,0.03,0.1,1.34,0.0,0.28,1.39,0.97,12.06,23,0,0,0,0,0,0,0,0,0,0,0,0,0,0,0,185,2346,0.0,0.0,0.0,0.0,0.0,0.0,0.0,0.0,0.0,0,0,0,0
717,Xavi,Simons,Xavi,a,,,6.5,54,35.0,1.2,170,60.0,1.2,263.0,117.0,0,0,0.0,-5,5.0,109,212,0.2,7.1,0.7,1.2,2.9,208.0,93.0,100.0,100.0,226.0,96.0,98.0,73.0,156.0,92.0,170.0,92.0,5.0,,,,,,,0.1,0.15,0.25,1.46,0.0,0.27,1.69,0.98,7.75,23,0,0,0,0,0,0,0,0,0,0,0,0,0,0,0,5377,1232,0.0,0.0,0.0,0.0,0.0,0.0,0.0,0.0,0.0,0,0,0,0
726,Randal,Kolo Muani,Kolo Muani,a,,,6.9,43,17.0,0.4,268,42.0,1.3,243.0,32.0,0,0,0.0,-1,1.0,28,87,0.2,3.5,0.8,1.3,1.6,381.0,42.0,100.0,100.0,349.0,35.0,150.0,12.0,133.0,33.0,249.0,29.0,,,,,,,,0.13,0.09,0.22,1.38,0.0,0.29,1.56,1.07,5.56,23,0,0,0,0,0,0,0,0,0,0,0,0,0,0,0,1291,903,0.0,0.0,0.0,0.0,0.0,0.0,0.0,0.0,0.0,0,0,0,0
745,Jun'ai,Byfield,Byfield,a,,,4.0,715,204.0,0.0,641,223.0,0.0,526.0,218.0,0,0,0.0,0,0.0,0,1,0.0,0.0,-0.5,0.0,0.0,607.0,238.0,,,596.0,237.0,591.0,238.0,557.0,232.0,599.0,237.0,,,,,,,,0.0,0.0,0.0,0.0,0.0,0.0,0.0,0.0,0.0,23,0,0,0,0,0,0,0,0,0,0,0,0,0,0,0,22,13,0.0,0.0,0.0,0.0,0.0,0.0,0.0,0.0,0.0,0,0,0,0
750,James,Rowswell,Rowswell,a,,,4.0,682,176.0,0.0,658,229.0,0.0,497.0,194.0,0,0,0.0,0,0.0,2,0,0.0,0.0,-0.5,0.0,0.0,579.0,215.0,,,568.0,214.0,563.0,215.0,528.0,208.0,571.0,214.0,,,,,,,,0.0,0.0,0.0,0.0,0.0,0.0,0.0,0.0,0.0,23,0,0,0,0,0,0,0,0,0,0,0,0,0,0,0,26,11,0.0,0.0,0.0,0.0,0.0,0.0,0.0,0.0,0.0,0,0,0,0
751,Yusuf,Akhamrich,Akhamrich,a,,,4.5,481,296.0,0.0,748,322.0,0.0,659.0,259.0,0,0,0.0,0,0.0,0,3,0.0,0.0,-0.5,0.0,0.0,713.0,296.0,,,712.0,295.0,707.0,295.0,690.0,290.0,712.0,295.0,,,,,,,,0.0,0.0,0.0,0.0,0.0,0.0,0.0,0.0,0.0,23,0,0,0,0,0,0,0,0,0,0,0,0,0,0,0,4,9,0.0,0.0,0.0,0.0,0.0,0.0,0.0,0.0,0.0,0,0,0,0
790,Lucá,Williams-Barnett,Williams-Barnett,a,,,4.5,494,306.0,0.0,781,345.0,0.0,670.0,268.0,0,0,0.0,0,0.0,1,0,0.0,0.0,-0.5,0.0,0.0,723.0,304.0,,,723.0,304.0,718.0,304.0,701.0,299.0,723.0,304.0,,,,,,,,0.0,0.0,0.0,0.0,0.0,0.0,0.0,0.0,0.0,23,0,0,0,0,0,0,0,0,0,0,0,0,0,0,0,14,2,0.0,0.0,0.0,0.0,0.0,0.0,0.0,0.0,0.0,0,0,0,0
796,Conor,Gallagher,Gallagher,a,,,5.5,143,91.0,0.2,405,137.0,1.0,278.0,123.0,0,0,0.0,0,0.0,77,29,0.2,0.4,0.5,1.0,2.0,324.0,143.0,,,441.0,201.0,389.0,194.0,346.0,181.0,430.0,194.0,,,,,,,,0.1,0.15,0.25,2.69,0.0,0.0,2.0,1.0,7.0,23,0,0,0,0,0,0,0,0,0,0,0,0,0,0,0,1849,347,0.0,0.0,0.0,0.0,0.0,0.0,0.0,0.0,0.0,0,0,0,0
149,Igor Julio,dos Santos de Paulo,Igor,a,,,4.5,415,81.0,0.1,515,185.0,0.0,613.0,242.0,0,0,0.0,0,0.0,10,5,0.0,1.3,0.0,0.0,1.5,388.0,143.0,100.0,100.0,415.0,158.0,396.0,146.0,641.0,249.0,437.0,159.0,,,,,,,,0.0,0.0,0.0,4.07,0.0,0.0,2.62,0.87,11.36,23,0,0,0,0,0,0,0,0,0,0,0,0,0,0,0,46,40,0.0,0.0,0.0,0.0,0.0,0.0,0.0,0.0,0.0,0,0,0,0
600,Alphonse,Areola,Areola,a,,,4.3,562,27.0,2.2,121,16.0,2.3,148.0,15.0,2,0,0.0,-2,2.0,77,78,0.5,11.4,2.3,2.3,2.6,234.0,23.0,,,15.0,4.0,400.0,6.0,577.0,63.0,159.0,4.0,,,,,,,,0.0,0.0,0.0,1.73,3.93,0.0,1.81,1.01,0.0,23,2,75,0,0,0,1,0,0,0,0,0,1,1,0,5,1874,1018,0.0,0.0,0.0,0.0,0.5399999999999991,0.0,0.0,0.0,0.0,0,0,4,0
601,Wes,Foderingham,Foderingham,u,has joined Aris Limassol permanently.,,4.0,649,42.0,0.2,345,49.0,0.0,469.0,56.0,0,0,0.0,0,0.0,0,7,0.0,0.0,0.0,0.0,0.0,551.0,61.0,0.0,0.0,541.0,61.0,535.0,49.0,499.0,34.0,544.0,61.0,,,,,,,,0.0,0.0,0.0,0.0,0.0,0.0,0.0,0.0,0.0,23,0,0,0,0,0,0,0,0,0,0,0,0,0,0,0,0,29,0.0,0.0,0.0,0.0,0.0,0.0,0.0,0.0,0.0,0,0,0,0
602,Krisztián,Hegyi,Hegyi,u,has joined MTK Budapest on loan for the rest of the season.,,3.9,750,81.0,0.2,351,51.0,0.0,450.0,45.0,0,0,0.0,-1,1.0,0,18,0.0,0.0,0.0,0.0,0.0,532.0,50.0,0.0,0.0,522.0,50.0,515.0,37.0,478.0,22.0,525.0,50.0,,,,,,,,0.0,0.0,0.0,0.0,0.0,0.0,0.0,0.0,0.0,23,0,0,0,0,0,0,0,0,0,0,0,0,0,0,0,0,117,0.0,0.0,0.0,0.0,0.0,0.0,0.0,0.0,0.0,0,0,0,0
603,El Hadji Malick,Diouf,Diouf,a,,,4.0,711,200.0,1.3,162,61.0,0.2,356.0,136.0,1,0,0.0,-5,5.0,92,34,0.0,11.2,0.2,0.2,2.6,232.0,87.0,100.0,100.0,162.0,70.0,152.0,37.0,263.0,75.0,193.0,61.0,,,,,,,,0.03,0.05,0.08,1.56,0.0,0.13,1.94,0.97,7.06,23,1,4,0,0,0,0,0,0,0,0,0,0,0,0,3,1459,475,0.0,0.0,0.0,0.0,0.0,0.0,0.0,0.0,0.0,0,0,0,0
604,Emerson,Palmieri dos Santos,Emerson,u,has joined Marseille permanently.,,4.4,514,101.0,0.1,569,207.0,0.0,577.0,234.0,0,0,0.0,-1,1.0,0,0,0.0,0.0,0.0,0.0,0.0,641.0,245.0,0.0,0.0,631.0,244.0,629.0,245.0,603.0,242.0,634.0,245.0,,,,,,,,0.0,0.0,0.0,0.0,0.0,0.0,0.0,0.0,0.0,23,0,0,0,0,0,0,0,0,0,0,0,0,0,0,0,0,5,0.0,0.0,0.0,0.0,0.0,0.0,0.0,0.0,0.0,0,0,0,0
605,Maximilian,Kilman,Kilman,a,,,4.2,624,147.0,0.2,397,144.0,1.0,268.0,95.0,0,0,0.0,-3,3.0,4,15,0.2,8.3,1.0,1.0,1.8,339.0,130.0,,,78.0,35.0,301.0,99.0,272.0,79.0,191.0,60.0,,,,,,,,0.03,0.01,0.04,1.85,0.0,0.06,2.05,1.0,9.09,23,0,0,0,0,0,0,0,0,0,0,0,0,0,0,0,165,287,0.0,0.0,0.0,0.0,0.0,0.0,0.0,0.0,0.0,0,0,0,0
606,Konstantinos,Mavropanos,Mavropanos,a,,,4.4,526,112.0,0.1,514,184.0,1.7,202.0,74.0,2,0,0.0,-1,1.0,6,4,0.4,9.1,1.7,1.7,2.5,250.0,96.0,100.0,100.0,126.0,55.0,392.0,144.0,154.0,29.0,212.0,71.0,,,,,,,,0.07,0.02,0.09,1.47,0.0,0.07,1.72,0.93,10.84,23,2,75,0,0,0,1,0,0,0,0,0,0,1,0,4,815,116,0.0,0.0,0.0,0.0,0.5399999999999991,0.0,0.0,0.0,0.0,0,6,3,6
607,Nayef,Aguerd,N.Aguerd,u,has joined Marseille permanently.,,4.4,519,106.0,0.0,597,214.0,0.0,580.0,237.0,0,0,0.0,-1,1.0,0,0,0.0,0.7,0.0,0.0,1.5,387.0,142.0,0.0,0.0,395.0,152.0,426.0,155.0,385.0,142.0,421.0,153.0,,,,,,,,0.05,0.02,0.07,1.71,0.0,0.0,4.0,1.0,7.5,23,0,0,0,0,0,0,0,0,0,0,0,0,0,0,0,0,0,0.0,0.0,0.0,0.0,0.0,0.0,0.0,0.0,0.0,0,0,0,0
608,Ollie,Scarles,Scarles,a,,,4.3,599,141.0,0.0,607,219.0,2.8,99.0,35.0,5,0,0.0,-2,2.0,10,5,0.7,4.4,2.8,2.8,2.1,306.0,115.0,100.0,100.0,301.0,113.0,291.0,96.0,359.0,124.0,341.0,118.0,,,,,,,,0.03,0.04,0.07,1.75,0.0,0.0,2.02,1.3,9.38,23,5,70,0,1,0,1,0,0,0,0,0,0,1,0,25,133,82,0.0,0.0,0.010000000000000009,0.010000000000000009,0.5399999999999991,0.0,0.0,0.0,0.0,4,2,3,6
609,Jean-Clair,Todibo,Todibo,a,,,4.3,580,134.0,0.1,457,168.0,1.7,200.0,73.0,2,0,0.0,-2,2.0,7,5,0.4,7.2,1.7,1.7,1.8,340.0,131.0,100.0,100.0,131.0,57.0,279.0,90.0,367.0,130.0,244.0,87.0,,,,,,,,0.0,0.02,0.02,1.65,0.0,0.0,1.91,1.08,8.08,23,2,75,0,0,0,1,0,0,0,0,0,0,1,0,11,433,64,0.0,0.0,0.0,0.0,0.5399999999999991,0.0,0.0,0.0,0.0,1,4,2,5
610,Aaron,Wan-Bissaka,Wan-Bissaka,a,,,4.1,645,158.0,3.9,89,32.0,1.0,266.0,93.0,2,0,0.0,-4,4.0,92,23,0.2,7.6,1.0,1.0,2.2,283.0,108.0,100.0,100.0,187.0,75.0,105.0,26.0,358.0,123.0,205.0,67.0,,,,,,,,0.0,0.05,0.05,1.63,0.0,0.0,2.07,1.0,8.13,23,2,75,0,0,0,1,0,0,0,0,0,0,1,0,12,2037,514,0.0,0.0,0.030000000000000027,0.030000000000000027,0.5399999999999991,0.0,0.0,0.0,0.0,2,3,4,5
611,Kaelan,Casey,Casey,u,has joined Leyton Orient on loan for the rest of the season.,,4.0,690,181.0,0.1,530,194.0,0.0,504.0,198.0,0,0,0.0,0,0.0,0,0,0.0,0.0,0.0,0.0,0.0,586.0,219.0,0.0,0.0,575.0,218.0,570.0,219.0,535.0,212.0,578.0,218.0,,,,,,,,0.0,0.0,0.0,0.0,0.0,0.0,0.0,0.0,0.0,23,0,0,0,0,0,0,0,0,0,0,0,0,0,0,0,0,13,0.0,0.0,0.0,0.0,0.0,0.0,0.0,0.0,0.0,0,0,0,0
612,Lucas,Tolentino Coelho de Lima,L.Paquetá,i,Back injury - Unknown return date,,5.9,98,63.0,1.5,151,50.0,3.0,96.0,45.0,0,0,0.0,-1,1.0,3,731,0.5,11.7,0.0,0.0,3.8,90.0,43.0,0.0,0.0,83.0,26.0,28.0,27.0,104.0,63.0,51.0,36.0,3.0,2.0,1.0,,,,,0.17,0.12,0.29,1.44,0.0,0.18,1.96,1.07,8.68,23,0,0,0,0,0,0,0,0,0,0,0,0,0,0,0,17,9847,0.0,0.0,0.0,0.0,0.0,0.0,0.0,0.0,0.0,0,0,0,0
613,Tomáš,Souček,Souček,a,,,5.7,117,74.0,0.2,342,114.0,2.3,160.0,65.0,2,0,0.0,-3,3.0,16,12,0.4,8.2,2.3,2.3,2.4,269.0,116.0,100.0,100.0,190.0,81.0,252.0,154.0,75.0,47.0,176.0,94.0,,,,,,,,0.28,0.03,0.31,1.9,0.0,0.1,2.46,0.92,10.44,23,2,75,0,0,0,1,0,0,0,0,0,0,1,0,19,612,157,0.0,0.0,0.09000000000000002,0.08999999999999986,0.5399999999999991,0.0,0.0,0.0,0.0,1,4,2,7
614,James,Ward-Prowse,Ward-Prowse,a,,,5.6,125,78.0,0.2,388,132.0,0.0,779.0,346.0,0,0,0.0,-4,4.0,12,11,0.0,2.0,0.0,0.0,2.2,297.0,131.0,,,376.0,166.0,137.0,97.0,403.0,199.0,315.0,153.0,,3.0,3.0,,,,,0.03,0.2,0.23,1.58,0.0,0.22,2.39,1.09,4.78,23,0,0,0,0,0,0,0,0,0,0,0,0,0,0,0,100,63,0.0,0.0,0.0,0.0,0.0,0.0,0.0,0.0,0.0,0,0,0,0
615,Crysencio,Summerville,Summerville,a,,,5.5,148,94.0,0.2,357,119.0,4.2,29.0,11.0,7,0,0.0,0,0.0,1279,40,0.8,10.0,4.2,4.2,3.1,174.0,74.0,100.0,100.0,253.0,109.0,103.0,76.0,67.0,43.0,135.0,74.0,2.0,,,,,,,0.16,0.07,0.23,1.41,0.0,0.07,1.8,1.11,7.55,23,7,75,1,0,0,1,0,0,0,0,0,0,1,0,29,5843,326,0.0,0.08999999999999986,0.040000000000000036,0.1299999999999999,0.5399999999999991,0.0,0.0,0.0,0.0,2,1,2,5
616,Edson,Álvarez Velázquez,Álvarez,u,Has joined Fenerbahçe on loan for the rest of the season.,,4.9,306,191.0,0.0,584,217.0,0.0,705.0,293.0,0,0,0.0,-1,1.0,0,1,0.0,0.0,0.0,0.0,0.0,746.0,319.0,0.0,0.0,746.0,319.0,742.0,319.0,733.0,317.0,746.0,319.0,,,,,,,,0.0,0.0,0.0,0.0,0.0,0.0,0.0,0.0,0.0,23,0,0,0,0,0,0,0,0,0,0,0,0,0,0,0,0,2,0.0,0.0,0.0,0.0,0.0,0.0,0.0,0.0,0.0,0,0,0,0
617,Maxwel,Cornet,Cornet,u,has joined Genoa on loan for the rest of the season.,,4.9,287,177.0,0.0,688,291.0,0.0,698.0,288.0,0,0,0.0,-1,1.0,0,0,0.0,0.0,0.0,0.0,0.0,742.0,316.0,0.0,0.0,742.0,316.0,738.0,316.0,728.0,313.0,742.0,316.0,,,,,,,,0.0,0.0,0.0,0.0,0.0,0.0,0.0,0.0,0.0,23,0,0,0,0,0,0,0,0,0,0,0,0,0,0,0,0,1,0.0,0.0,0.0,0.0,0.0,0.0,0.0,0.0,0.0,0,0,0,0
618,Guido,Rodríguez,G.Rodriguez,a,,,4.8,352,222.0,0.0,588,220.0,0.2,382.0,173.0,0,0,0.0,-2,2.0,2,4,0.0,1.7,0.2,0.2,1.3,409.0,183.0,,,436.0,196.0,418.0,206.0,425.0,212.0,452.0,207.0,,,,,,,,0.02,0.02,0.04,1.33,0.0,0.51,1.03,1.03,7.71,23,0,0,0,0,0,0,0,0,0,0,0,0,0,0,0,14,14,0.0,0.0,0.0,0.0,0.0,0.0,0.0,0.0,0.0,0,0,0,0
619,Luis Guilherme,Lira dos Santos,L.Guilherme,u,has joined Sporting CP permanently.,,4.9,340,212.0,0.0,667,275.0,0.0,719.0,303.0,0,0,0.0,-1,1.0,0,0,0.0,1.0,0.0,0.0,1.0,469.0,221.0,0.0,0.0,438.0,198.0,383.0,191.0,414.0,206.0,444.0,202.0,,,,,,,,0.05,0.02,0.07,1.35,0.0,0.0,1.49,0.74,8.18,23,0,0,0,0,0,0,0,0,0,0,0,0,0,0,0,0,7,0.0,0.0,0.0,0.0,0.0,0.0,0.0,0.0,0.0,0,0,0,0
620,George,Earthy,Earthy,u,has joined Bristol City on loan for the rest of the season.,,4.5,439,264.0,0.0,589,221.0,0.2,370.0,164.0,0,0,0.0,0,0.0,0,1,0.0,0.2,0.0,0.0,1.0,449.0,204.0,0.0,0.0,680.0,269.0,438.0,213.0,423.0,210.0,470.0,217.0,,,,,,,,0.0,0.11,0.11,8.21,0.0,0.0,11.25,0.0,0.0,23,0,0,0,0,0,0,0,0,0,0,0,0,0,0,0,0,23,0.0,0.0,0.0,0.0,0.0,0.0,0.0,0.0,0.0,0,0,0,0
621,Andy,Irving,Irving,u,has joined Sparta Prague permanently.,,4.3,574,339.0,0.3,334,111.0,0.0,553.0,188.0,0,0,0.0,-2,2.0,0,40,0.0,2.1,0.0,0.0,1.3,407.0,182.0,0.0,0.0,405.0,179.0,307.0,172.0,420.0,208.0,401.0,182.0,3.0,,,,,,,0.0,0.1,0.1,2.32,0.0,0.0,2.31,1.15,12.69,23,0,0,0,0,0,0,0,0,0,0,0,0,0,0,0,0,372,0.0,0.0,0.0,0.0,0.0,0.0,0.0,0.0,0.0,0,0,0,0
622,Lewis,Orford,Orford,u,has joined Stevenage on loan for the rest of the season.,,4.4,541,325.0,0.1,560,205.0,0.0,590.0,210.0,0,0,0.0,-1,1.0,0,1,0.0,0.0,0.0,0.0,0.0,652.0,252.0,0.0,0.0,643.0,244.0,641.0,249.0,616.0,238.0,646.0,246.0,,,,,,,,0.0,0.0,0.0,0.0,0.0,0.0,0.0,0.0,0.0,23,0,0,0,0,0,0,0,0,0,0,0,0,0,0,0,0,4,0.0,0.0,0.0,0.0,0.0,0.0,0.0,0.0,0.0,0,0,0,0
623,Freddie,Potts,Potts,a,,,4.4,537,321.0,0.8,208,71.0,1.0,270.0,119.0,0,0,0.0,-1,1.0,14,88,0.2,6.6,1.0,1.0,1.8,343.0,147.0,100.0,100.0,252.0,108.0,183.0,121.0,313.0,164.0,279.0,136.0,1.0,,,,,,,0.02,0.04,0.06,1.8,0.0,0.0,2.14,0.93,8.93,23,0,0,0,0,0,0,0,0,0,0,0,0,0,0,0,235,1034,0.0,0.0,0.0,0.0,0.0,0.0,0.0,0.0,0.0,0,0,0,0
624,Jarrod,Bowen,Bowen,a,,,7.6,20,6.0,8.0,51,10.0,4.5,20.0,5.0,9,0,0.0,-4,4.0,1540,980,0.6,13.4,4.5,4.5,4.4,46.0,5.0,,,53.0,4.0,79.0,2.0,9.0,6.0,17.0,3.0,,1.0,2.0,,,,,0.24,0.08,0.32,1.66,0.0,0.04,1.97,1.01,6.66,23,9,75,1,1,0,1,0,0,0,0,0,0,1,0,42,13202,15896,0.0,0.8400000000000007,0.13000000000000012,0.9699999999999998,0.5399999999999991,0.0,0.0,0.0,0.0,1,0,3,4
625,Niclas,Füllkrug,Füllkrug,u,has joined AC Milan on loan for the rest of the season.,,5.6,124,33.0,0.6,233,37.0,0.0,778.0,82.0,0,0,0.0,-4,4.0,0,10,0.0,2.1,0.0,0.0,1.5,393.0,44.0,0.0,0.0,414.0,44.0,238.0,25.0,155.0,35.0,316.0,37.0,,,,,,,,0.21,0.05,0.26,1.9,0.0,0.22,2.43,1.11,4.2,23,0,0,0,0,0,0,0,0,0,0,0,0,0,0,0,0,67,0.0,0.0,0.0,0.0,0.0,0.0,0.0,0.0,0.0,0,0,0,0
626,Callum,Marshall,Marshall,u,has joined VfL Bochum 1848 on loan for the rest of the season.,,4.3,605,82.0,0.6,239,38.0,0.0,568.0,54.0,0,0,0.0,-2,2.0,0,30,0.0,0.5,0.0,0.0,1.0,440.0,52.0,0.0,0.0,471.0,55.0,464.0,58.0,396.0,55.0,462.0,55.0,,,,,,,,0.2,0.0,0.2,2.41,0.0,0.0,3.1,0.0,4.66,23,0,0,0,0,0,0,0,0,0,0,0,0,0,0,0,0,304,0.0,0.0,0.0,0.0,0.0,0.0,0.0,0.0,0.0,0,0,0,0
659,Kyle,Walker-Peters,Walker-Peters,a,,,4.2,622,145.0,0.3,328,121.0,1.0,267.0,94.0,0,0,0.0,-3,3.0,4,15,0.2,7.1,1.0,1.0,1.9,326.0,125.0,,,209.0,85.0,232.0,66.0,209.0,52.0,241.0,84.0,,,,,,,,0.11,0.02,0.13,1.98,0.0,0.09,1.99,0.95,6.71,23,0,0,0,0,0,0,0,0,0,0,0,0,0,0,0,122,277,0.0,0.0,0.0,0.0,0.0,0.0,0.0,0.0,0.0,0,0,0,0
671,Callum,Wilson,Wilson,a,,,5.8,103,29.0,0.7,220,35.0,2.5,145.0,15.0,1,0,0.0,-2,2.0,79,100,0.4,10.2,2.5,2.5,3.1,175.0,17.0,,,200.0,15.0,289.0,29.0,48.0,18.0,152.0,17.0,,,,,,,,0.49,0.02,0.51,1.67,0.0,0.11,1.79,0.89,3.01,23,1,4,0,0,0,0,0,0,0,0,0,0,0,0,4,1615,940,0.0,0.0,0.0,0.0,0.0,0.0,0.0,0.0,0.0,0,0,0,0
679,Mads,Hermansen,Hermansen,a,,,4.2,630,37.0,0.2,365,53.0,0.0,538.0,81.0,0,0,0.0,-3,3.0,3,3,0.0,2.1,0.0,0.0,2.2,286.0,26.0,,,334.0,28.0,601.0,76.0,570.0,62.0,403.0,28.0,,,,,,,,0.0,0.0,0.0,1.36,2.25,0.25,2.75,1.0,0.0,23,0,0,0,0,0,0,0,0,0,0,0,0,0,0,0,27,40,0.0,0.0,0.0,0.0,0.0,0.0,0.0,0.0,0.0,0,0,0,0
708,Mateus Gonçalo,Espanha Fernandes,M.Fernandes,a,,,5.5,154,97.0,0.2,378,130.0,4.2,30.0,12.0,7,0,0.0,0,0.0,198,28,0.8,14.4,4.2,4.2,3.8,89.0,42.0,100.0,100.0,80.0,25.0,34.0,33.0,255.0,139.0,70.0,44.0,4.0,,,,,,,0.06,0.08,0.14,1.47,0.0,0.11,1.63,1.09,11.3,23,7,75,1,0,0,1,0,0,0,0,0,0,1,0,40,2207,393,0.0,0.050000000000000044,0.020000000000000018,0.07000000000000028,0.5399999999999991,0.0,0.0,0.0,0.0,5,0,4,9
718,Soungoutou,Magassa,S.Magassa,a,,,5.0,274,169.0,0.0,636,258.0,1.3,237.0,101.0,0,0,0.0,0,0.0,1,6,0.3,6.6,1.3,1.3,2.4,265.0,113.0,,,261.0,113.0,272.0,160.0,309.0,161.0,309.0,149.0,,,,,,,,0.04,0.03,0.07,1.82,0.0,0.12,2.21,1.11,12.42,23,0,0,0,0,0,0,0,0,0,0,0,0,0,0,0,22,88,0.0,0.0,0.0,0.0,0.0,0.0,0.0,0.0,0.0,0,0,0,0
738,Lukasz,Fabianski,Fabianski,d,Back injury - 25% chance of playing,,4.5,399,20.0,0.0,622,79.0,0.0,605.0,85.0,0,0,0.0,0,0.0,1,6,0.0,0.0,0.0,0.0,0.0,665.0,87.0,25.0,25.0,659.0,87.0,655.0,80.0,632.0,68.0,662.0,87.0,,,,,,,,0.0,0.0,0.0,0.0,0.0,0.0,0.0,0.0,0.0,23,0,0,0,0,0,0,0,0,0,0,0,0,0,0,0,23,40,0.0,0.0,0.0,0.0,0.0,0.0,0.0,0.0,0.0,0,0,0,0
747,Ezra,Mayers,Mayers,a,,,4.0,708,197.0,0.0,646,225.0,0.5,306.0,112.0,0,0,0.0,0,0.0,2,3,0.1,1.2,0.5,0.5,1.0,433.0,161.0,,,420.0,160.0,340.0,118.0,380.0,137.0,414.0,150.0,,,,,,,,0.1,0.35,0.45,2.25,0.0,0.0,2.41,0.0,4.02,23,0,0,0,0,0,0,0,0,0,0,0,0,0,0,0,25,11,0.0,0.0,0.0,0.0,0.0,0.0,0.0,0.0,0.0,0,0,0,0
752,Airidas,Golambeckis,Golambeckis,a,,,4.0,718,207.0,0.0,668,232.0,0.0,528.0,220.0,0,0,0.0,0,0.0,1,1,0.0,0.0,0.0,0.0,0.0,609.0,240.0,,,598.0,239.0,593.0,240.0,560.0,235.0,602.0,240.0,,,,,,,,0.0,0.0,0.0,0.0,0.0,0.0,0.0,0.0,0.0,23,0,0,0,0,0,0,0,0,0,0,0,0,0,0,0,32,11,0.0,0.0,0.0,0.0,0.0,0.0,0.0,0.0,0.0,0,0,0,0
758,Mohamadou,Kanté,Mohamadou Kanté,a,,,4.5,499,310.0,0.0,732,312.0,0.2,377.0,170.0,0,0,0.0,0,0.0,3,1,0.0,0.7,0.2,0.2,1.0,458.0,212.0,,,453.0,207.0,394.0,197.0,411.0,204.0,451.0,206.0,,,,,,,,0.17,0.11,0.28,3.04,0.0,0.0,0.0,0.0,22.5,23,0,0,0,0,0,0,0,0,0,0,0,0,0,0,0,11,13,0.0,0.0,0.0,0.0,0.0,0.0,0.0,0.0,0.0,0,0,0,0
785,Pablo Felipe,Pereira de Jesus,Pablo,a,,,5.5,153,37.0,0.0,696,83.0,1.2,253.0,33.0,2,0,0.0,0,0.0,10,8,0.2,0.9,1.2,1.2,1.7,367.0,41.0,,,445.0,50.0,360.0,43.0,369.0,52.0,426.0,51.0,,,,,,,,0.14,0.02,0.16,1.38,0.0,0.0,1.54,1.03,7.2,23,2,70,0,0,0,1,0,0,0,0,0,0,1,0,7,210,49,0.0,0.060000000000000026,0.009999999999999998,0.07,0.54,0.0,0.0,0.0,0.0,2,2,1,5
791,Valentín,Castellanos,Taty,a,,,5.5,144,34.0,0.0,609,78.0,2.3,155.0,17.0,4,0,0.0,0,0.0,50,18,0.4,1.3,2.3,2.3,2.3,277.0,28.0,,,451.0,52.0,343.0,42.0,252.0,44.0,391.0,47.0,,,,,,,,0.48,0.01,0.49,1.18,0.0,0.0,1.42,1.07,4.62,23,4,75,0,1,0,1,0,0,0,1,0,0,1,0,18,941,98,0.0,0.2100000000000002,0.010000000000000002,0.21999999999999997,0.54,0.0,0.0,0.0,0.0,2,3,4,9
802,Keiber,Lamadrid,Lamadrid,a,,,5.0,277,171.0,0.0,802,361.0,0.0,739.0,318.0,0,0,0.0,0,0.0,0,2,0.0,0.0,1.8,1.8,0.0,770.0,338.0,,,770.0,338.0,768.0,338.0,762.0,336.0,770.0,338.0,,,,,,,,0.0,0.0,0.0,0.0,0.0,0.0,0.0,0.0,0.0,23,0,0,0,0,0,0,0,0,0,0,0,0,0,0,0,16,5,0.0,0.0,0.0,0.0,0.0,0.0,0.0,0.0,0.0,0,0,0,0
627,Sam,Johnstone,Johnstone,a,,,4.4,513,26.0,0.1,419,64.0,0.0,576.0,84.0,0,0,0.0,-1,1.0,8,5,0.0,4.8,0.0,-0.5,1.8,342.0,27.0,,,120.0,18.0,465.0,13.0,602.0,67.0,286.0,18.0,,,,,,,,0.0,0.0,0.0,1.55,3.25,0.0,2.0,1.0,0.0,23,0,0,0,0,0,0,0,0,0,0,0,0,0,0,0,66,110,0.0,0.0,0.0,0.0,0.0,0.0,0.0,0.0,0.0,0,0,0,0
628,José,Malheiro de Sá,José Sá,a,,,4.2,621,33.0,1.0,183,23.0,3.2,75.0,6.0,0,0,0.0,-3,3.0,74,18,0.8,6.2,3.2,2.7,2.6,233.0,22.0,,,244.0,21.0,399.0,5.0,566.0,58.0,348.0,21.0,,,,,,,,0.0,0.0,0.0,1.19,1.9,0.2,1.7,1.0,0.0,23,0,0,0,0,0,0,0,0,0,0,0,0,0,0,0,1060,431,0.0,0.0,0.0,0.0,0.0,0.0,0.0,0.0,0.0,0,0,0,0
629,Daniel,Bentley,Bentley,a,,,3.9,724,67.0,0.5,256,33.0,0.0,432.0,31.0,0,0,0.0,-1,1.0,12,7,0.0,0.0,0.0,-0.5,0.0,515.0,36.0,100.0,100.0,505.0,36.0,498.0,23.0,460.0,8.0,508.0,36.0,,,,,,,,0.0,0.0,0.0,0.0,0.0,0.0,0.0,0.0,0.0,23,0,0,0,0,0,0,0,0,0,0,0,0,0,0,0,205,82,0.0,0.0,0.0,0.0,0.0,0.0,0.0,0.0,0.0,0,0,0,0
631,Emmanuel,Agbadou,Agbadou,a,,,4.2,634,152.0,0.1,435,159.0,0.0,542.0,226.0,0,0,0.0,-3,3.0,2,2,0.0,4.8,0.0,-0.5,1.5,385.0,141.0,100.0,100.0,145.0,62.0,275.0,86.0,254.0,72.0,226.0,76.0,,5.0,,,,,,0.04,0.03,0.07,1.51,0.0,0.0,2.41,0.98,10.25,23,0,0,0,0,0,0,0,0,0,0,0,0,0,0,0,25,34,0.0,0.0,0.0,0.0,0.0,0.0,0.0,0.0,0.0,0,0,0,0
632,Matt,Doherty,Doherty,a,,,4.4,512,100.0,0.1,487,176.0,0.5,309.0,115.0,0,0,0.0,-1,1.0,1,3,0.1,2.5,0.5,0.0,1.4,396.0,145.0,100.0,100.0,309.0,117.0,309.0,104.0,361.0,126.0,352.0,124.0,,,,,,,,0.01,0.03,0.04,1.39,0.0,0.15,1.65,1.2,7.06,23,0,0,0,0,0,0,0,0,0,0,0,0,0,0,0,31,26,0.0,0.0,0.0,0.0,0.0,0.0,0.0,0.0,0.0,0,0,0,0
633,Hugo,Bueno López,H.Bueno,a,,,4.3,588,138.0,0.1,460,170.0,4.2,25.0,8.0,0,0,0.0,-2,2.0,23,3,1.0,11.4,4.2,3.7,2.6,236.0,89.0,100.0,100.0,139.0,60.0,39.0,3.0,186.0,42.0,89.0,21.0,2.0,,,,,,,0.03,0.11,0.14,1.28,0.0,0.22,1.51,0.94,6.63,23,0,0,0,0,0,0,0,0,0,0,0,0,0,0,0,755,258,0.0,0.0,0.0,0.0,0.0,0.0,0.0,0.0,0.0,0,0,0,0
634,Yerson,Mosquera Valdelamar,Mosquera,a,,,4.3,595,140.0,0.1,549,199.0,4.0,32.0,12.0,0,0,0.0,-2,2.0,14,0,0.9,6.0,4.0,3.5,2.0,318.0,121.0,100.0,100.0,211.0,86.0,234.0,68.0,189.0,43.0,235.0,79.0,,,,,,,,0.07,0.02,0.09,1.34,0.0,0.19,1.69,1.04,9.32,23,0,0,0,0,0,0,0,0,0,0,0,0,0,0,0,173,51,0.0,0.0,0.0,0.0,0.0,0.0,0.0,0.0,0.0,0,0,0,0
635,Rodrigo,Martins Gomes,R.Gomes,a,,,4.4,536,117.0,0.1,566,205.0,0.2,365.0,141.0,0,0,0.0,-1,1.0,1,1,0.0,3.2,0.2,-0.3,2.0,319.0,122.0,100.0,100.0,370.0,140.0,329.0,111.0,204.0,50.0,329.0,110.0,,,,,,,,0.25,0.06,0.31,1.23,0.0,0.0,2.41,1.07,4.82,23,0,0,0,0,0,0,0,0,0,0,0,0,0,0,0,20,8,0.0,0.0,0.0,0.0,0.0,0.0,0.0,0.0,0.0,0,0,0,0
636,Santiago,Ignacio Bueno,S.Bueno,a,,,4.4,523,109.0,0.1,506,182.0,3.5,57.0,23.0,0,0,0.0,-1,1.0,9,5,0.8,11.1,3.5,3.0,3.8,83.0,30.0,100.0,100.0,136.0,58.0,285.0,93.0,190.0,44.0,203.0,66.0,,,,,,,,0.13,0.04,0.17,1.3,0.0,0.16,1.7,0.97,8.24,23,0,0,0,0,0,0,0,0,0,0,0,0,0,0,0,320,106,0.0,0.0,0.0,0.0,0.0,0.0,0.0,0.0,0.0,0,0,0,0
637,Toti,Gomes,Toti,i,Hamstring injury - Unknown return date,,4.2,633,151.0,0.1,497,179.0,0.0,541.0,225.0,0,0,0.0,-3,3.0,3,2,0.0,4.8,0.0,0.0,1.5,384.0,140.0,0.0,0.0,199.0,81.0,250.0,72.0,328.0,107.0,278.0,93.0,,,,,,,,0.0,0.02,0.02,1.7,0.0,0.0,2.37,1.14,7.97,23,0,0,0,0,0,0,0,0,0,0,0,0,0,0,0,38,53,0.0,0.0,0.0,0.0,0.0,0.0,0.0,0.0,0.0,0,0,0,0
638,Ki-Jana,Hoever,Hoever,u,has joined Sheffield United on loan for the rest of the season.,,3.8,782,243.0,1.2,173,66.0,0.0,413.0,154.0,0,0,0.0,-2,2.0,0,125,0.0,2.6,0.0,0.0,1.2,417.0,151.0,0.0,0.0,312.0,119.0,233.0,67.0,371.0,132.0,331.0,111.0,,,,,,,,0.0,0.08,0.08,1.99,0.0,0.0,2.77,1.28,8.51,23,0,0,0,0,0,0,0,0,0,0,0,0,0,0,0,0,1245,0.0,0.0,0.0,0.0,0.0,0.0,0.0,0.0,0.0,0,0,0,0
639,Bastien,Meupiyou Menadjou,Meupiyou,u,On loan to FC Alverca,,4.0,697,187.0,0.0,742,253.0,0.0,511.0,204.0,0,0,0.0,0,0.0,0,0,0.0,0.0,0.0,0.0,0.0,592.0,224.0,0.0,0.0,581.0,223.0,576.0,224.0,542.0,218.0,584.0,223.0,,,,,,,,0.0,0.0,0.0,0.0,0.0,0.0,0.0,0.0,0.0,23,0,0,0,0,0,0,0,0,0,0,0,0,0,0,0,0,2,0.0,0.0,0.0,0.0,0.0,0.0,0.0,0.0,0.0,0,0,0,0
640,Pedro,Cardoso de Lima,Pedro Lima,a,,,4.0,716,205.0,0.4,277,104.0,0.2,357.0,137.0,0,0,0.0,0,0.0,1,1,0.0,0.2,0.2,-0.3,1.0,434.0,162.0,100.0,100.0,477.0,170.0,461.0,168.0,558.0,233.0,600.0,238.0,,,,,,,,0.0,0.0,0.0,0.0,0.0,0.0,0.0,0.0,0.0,23,0,0,0,0,0,0,0,0,0,0,0,0,0,0,0,54,35,0.0,0.0,0.0,0.0,0.0,0.0,0.0,0.0,0.0,0,0,0,0
641,Alfie,Pond,Pond,u,has joined Crewe Alexandra on loan for the rest of the season.,,3.9,756,222.0,1.1,176,69.0,0.0,456.0,174.0,0,0,0.0,-1,1.0,0,58,0.0,0.0,0.0,0.0,0.0,538.0,195.0,0.0,0.0,528.0,195.0,521.0,196.0,484.0,187.0,531.0,195.0,,,,,,,,0.0,0.0,0.0,0.0,0.0,0.0,0.0,0.0,0.0,23,0,0,0,0,0,0,0,0,0,0,0,0,0,0,0,0,498,0.0,0.0,0.0,0.0,0.0,0.0,0.0,0.0,0.0,0,0,0,0
642,Hwang,Hee-chan,Hee Chan,a,,,5.6,129,79.0,0.1,427,144.0,3.2,80.0,38.0,0,0,0.0,-4,4.0,35,12,0.6,7.0,3.2,2.7,2.3,278.0,121.0,100.0,100.0,287.0,129.0,178.0,118.0,145.0,84.0,246.0,119.0,,,3.0,,,,,0.19,0.08,0.27,1.27,0.0,0.19,1.5,1.12,5.42,23,0,0,0,0,0,0,0,0,0,0,0,0,0,0,0,609,279,0.0,0.0,0.0,0.0,0.0,0.0,0.0,0.0,0.0,0,0,0,0
643,André,Trindade da Costa Neto,André,a,,,5.3,201,125.0,0.1,522,186.0,1.2,251.0,109.0,0,0,0.0,-2,2.0,3,4,0.2,9.2,1.2,0.7,2.3,275.0,119.0,100.0,100.0,191.0,82.0,119.0,86.0,368.0,187.0,219.0,110.0,,,,,,,,0.01,0.04,0.05,1.54,0.0,0.06,1.78,0.95,12.49,23,0,0,0,0,0,0,0,0,0,0,0,0,0,0,0,195,124,0.0,0.0,0.0,0.0,0.0,0.0,0.0,0.0,0.0,0,0,0,0
644,Jean-Ricner,Bellegarde,Bellegarde,i,Hamstring injury - Expected back 31 Jan,,5.1,230,142.0,0.0,614,238.0,0.0,746.0,324.0,0,0,0.0,-4,4.0,0,2,0.0,4.9,0.0,0.0,1.8,349.0,151.0,0.0,0.0,302.0,135.0,228.0,140.0,216.0,120.0,292.0,142.0,3.0,4.0,,,,,,0.1,0.08,0.18,1.56,0.0,0.13,2.63,1.18,7.75,23,0,0,0,0,0,0,0,0,0,0,0,0,0,0,0,22,37,0.0,0.0,0.0,0.0,0.0,0.0,0.0,0.0,0.0,0,0,0,0
645,Fer,López González,Fer López,a,,,5.1,239,147.0,0.0,637,259.0,0.2,393.0,181.0,0,0,0.0,-4,4.0,1,3,0.0,2.4,0.2,-0.3,1.3,412.0,186.0,100.0,100.0,409.0,182.0,284.0,164.0,310.0,162.0,373.0,174.0,,,,,,,,0.06,0.24,0.3,1.57,0.0,0.0,3.55,0.79,4.74,23,0,0,0,0,0,0,0,0,0,0,0,0,0,0,0,12,8,0.0,0.0,0.0,0.0,0.0,0.0,0.0,0.0,0.0,0,0,0,0
646,João Victor,Gomes da Silva,Gomes,a,,,5.3,196,123.0,0.1,479,167.0,2.7,121.0,53.0,0,0,0.0,-2,2.0,14,4,0.5,10.2,2.7,2.2,2.6,243.0,105.0,100.0,100.0,166.0,62.0,97.0,72.0,199.0,110.0,140.0,77.0,,,,,,,,0.04,0.06,0.1,1.31,0.0,0.11,1.73,1.03,12.44,23,0,0,0,0,0,0,0,0,0,0,0,0,0,0,0,462,162,0.0,0.0,0.0,0.0,0.0,0.0,0.0,0.0,0.0,0,0,0,0
647,Gonçalo Manuel,Ganchinho Guedes,Guedes,u,Has joined Real Sociedad permanently.,,5.5,138,86.0,0.0,766,334.0,0.0,773.0,342.0,0,0,0.0,0,0.0,0,0,0.0,0.0,0.0,0.0,0.0,787.0,350.0,0.0,0.0,787.0,350.0,786.0,350.0,783.0,349.0,787.0,350.0,,,,,,,,0.0,0.0,0.0,0.0,0.0,0.0,0.0,0.0,0.0,23,0,0,0,0,0,0,0,0,0,0,0,0,0,0,0,0,0,0.0,0.0,0.0,0.0,0.0,0.0,0.0,0.0,0.0,0,0,0,0
648,Marshall,Munetsi,Munetsi,u,has joined Paris FC on loan for the rest of the season.,,5.3,195,122.0,0.0,608,234.0,0.0,756.0,331.0,0,0,0.0,-2,2.0,0,2,0.0,7.2,0.0,0.0,2.9,203.0,88.0,0.0,0.0,247.0,104.0,282.0,163.0,95.0,56.0,227.0,114.0,,,,,,,,0.17,0.04,0.21,1.38,0.0,0.0,1.96,0.93,8.26,23,0,0,0,0,0,0,0,0,0,0,0,0,0,0,0,0,25,0.0,0.0,0.0,0.0,0.0,0.0,0.0,0.0,0.0,0,0,0,0
649,Boubacar,Traoré,B.Traore,u,Has joined FC Metz on loan for the rest of the season.,,5.0,260,159.0,0.0,795,355.0,0.0,731.0,312.0,0,0,0.0,0,0.0,0,0,0.0,0.0,0.0,0.0,0.0,763.0,333.0,0.0,0.0,763.0,333.0,761.0,333.0,754.0,331.0,763.0,333.0,,,,,,,,0.0,0.0,0.0,0.0,0.0,0.0,0.0,0.0,0.0,23,0,0,0,0,0,0,0,0,0,0,0,0,0,0,0,0,0,0.0,0.0,0.0,0.0,0.0,0.0,0.0,0.0,0.0,0,0,0,0
650,Tawanda,Chirewa,Chirewa,d,Illness - 75% chance of playing,,4.3,591,345.0,0.2,354,117.0,0.2,361.0,157.0,0,0,0.0,-2,2.0,2,7,0.0,0.5,0.2,-0.2,1.0,438.0,194.0,75.0,75.0,458.0,211.0,457.0,223.0,584.0,218.0,469.0,216.0,,,,,,,,0.0,0.0,0.0,1.8,0.0,0.0,0.0,0.0,14.4,23,0,0,0,0,0,0,0,0,0,0,0,0,0,0,0,49,80,0.0,0.0,0.0,0.0,0.0,0.0,0.0,0.0,0.0,0,0,0,0
651,Tom,Edozie,Edozie,a,,,4.3,609,356.0,0.4,284,95.0,0.0,571.0,201.0,0,0,0.0,-2,2.0,3,18,0.0,0.0,0.0,-0.5,0.0,636.0,243.0,,,626.0,234.0,624.0,239.0,597.0,228.0,629.0,236.0,,,,,,,,0.0,0.0,0.0,0.0,0.0,0.0,0.0,0.0,0.0,23,0,0,0,0,0,0,0,0,0,0,0,0,0,0,0,135,190,0.0,0.0,0.0,0.0,0.0,0.0,0.0,0.0,0.0,0,0,0,0
652,Enso,González Medina,Gonzalez,a,,,4.3,608,355.0,1.3,158,55.0,0.0,570.0,200.0,0,0,0.0,-2,2.0,31,56,0.0,0.0,0.0,-0.5,0.0,635.0,242.0,,,625.0,233.0,623.0,238.0,596.0,227.0,628.0,235.0,,,,,,,,0.0,0.0,0.0,0.0,0.0,0.0,0.0,0.0,0.0,23,0,0,0,0,0,0,0,0,0,0,0,0,0,0,0,408,620,0.0,0.0,0.0,0.0,0.0,0.0,0.0,0.0,0.0,0,0,0,0
653,Joe,Hodge,Hodge,u,Signed by CD Tondela,,4.5,417,251.0,0.0,648,264.0,0.0,615.0,223.0,0,0,0.0,0,0.0,0,0,0.0,0.0,0.0,0.0,0.0,674.0,263.0,0.0,0.0,668.0,258.0,665.0,261.0,643.0,252.0,671.0,260.0,,,,,,,,0.0,0.0,0.0,0.0,0.0,0.0,0.0,0.0,0.0,23,0,0,0,0,0,0,0,0,0,0,0,0,0,0,0,0,1,0.0,0.0,0.0,0.0,0.0,0.0,0.0,0.0,0.0,0,0,0,0
654,Jørgen,Strand Larsen,Strand Larsen,a,,,6.1,81,26.0,0.9,193,31.0,1.2,258.0,34.0,0,0,0.0,-4,4.0,16,24,0.2,6.1,1.2,0.7,1.9,336.0,36.0,100.0,100.0,285.0,27.0,213.0,22.0,68.0,23.0,199.0,23.0,,,2.0,,,,,0.19,0.03,0.22,1.41,0.0,0.2,1.69,0.94,3.44,23,0,0,0,0,0,0,0,0,0,0,0,0,0,0,0,332,397,0.0,0.0,0.0,0.0,0.0,0.0,0.0,0.0,0.0,0,0,0,0
655,Fábio,Soares Silva,Fábio Silva,u,has joined Borussia Dortmund permanently.,,4.9,326,58.0,0.2,390,60.0,0.0,715.0,74.0,0,0,0.0,-1,1.0,0,1,0.0,0.0,0.0,0.0,0.0,753.0,82.0,0.0,0.0,753.0,82.0,749.0,81.0,741.0,81.0,753.0,82.0,,,,,,,,0.0,0.0,0.0,0.0,0.0,0.0,0.0,0.0,0.0,23,0,0,0,0,0,0,0,0,0,0,0,0,0,0,0,0,9,0.0,0.0,0.0,0.0,0.0,0.0,0.0,0.0,0.0,0,0,0,0
656,Saša,Kalajdžić,Kalajdžić,u,has joined LASK on loan for the rest of the season.,,4.9,319,56.0,0.0,577,76.0,0.0,710.0,73.0,0,0,0.0,-1,1.0,0,0,0.0,0.2,0.0,0.0,1.0,466.0,53.0,0.0,0.0,474.0,57.0,422.0,51.0,426.0,57.0,463.0,56.0,,,,,,,,0.0,0.06,0.06,0.64,0.0,0.0,0.0,0.0,12.86,23,0,0,0,0,0,0,0,0,0,0,0,0,0,0,0,0,5,0.0,0.0,0.0,0.0,0.0,0.0,0.0,0.0,0.0,0,0,0,0
657,Leon,Chiwome,Chiwome,i,Knee injury - Unknown return date,,4.4,553,78.0,0.0,645,80.0,0.0,599.0,62.0,0,0,0.0,-1,1.0,1,0,0.0,0.0,0.0,0.0,0.0,660.0,71.0,0.0,0.0,653.0,71.0,650.0,70.0,626.0,70.0,656.0,71.0,,,,,,,,0.0,0.0,0.0,0.0,0.0,0.0,0.0,0.0,0.0,23,0,0,0,0,0,0,0,0,0,0,0,0,0,0,0,45,19,0.0,0.0,0.0,0.0,0.0,0.0,0.0,0.0,0.0,0,0,0,0
658,Nathan,Fraser,Fraser,a,,,4.2,635,86.0,1.7,145,21.0,0.0,543.0,50.0,0,0,0.0,-3,3.0,160,48,0.0,0.0,0.0,-0.5,0.0,616.0,60.0,,,606.0,59.0,603.0,59.0,572.0,59.0,610.0,60.0,,,,,,,,0.0,0.0,0.0,0.0,0.0,0.0,0.0,0.0,0.0,23,0,0,0,0,0,0,0,0,0,0,0,0,0,0,0,1559,681,0.0,0.0,0.0,0.0,0.0,0.0,0.0,0.0,0.0,0,0,0,0
663,Jhon,Arias,J.Arias,a,,,4.9,314,195.0,0.2,406,138.0,2.7,117.0,50.0,0,0,0.0,-6,6.0,7,5,0.6,8.8,2.7,2.2,2.0,322.0,141.0,,,240.0,102.0,111.0,80.0,135.0,79.0,184.0,97.0,1.0,1.0,,,,,,0.29,0.05,0.34,1.23,0.0,0.17,1.53,1.1,9.83,23,0,0,0,0,0,0,0,0,0,0,0,0,0,0,0,153,199,0.0,0.0,0.0,0.0,0.0,0.0,0.0,0.0,0.0,0,0,0,0
682,David,Møller Wolfe,Møller Wolfe,a,,,4.3,592,139.0,0.1,539,196.0,0.5,308.0,114.0,0,0,0.0,-2,2.0,1,1,0.1,4.7,0.5,0.0,1.4,395.0,144.0,,,300.0,112.0,211.0,57.0,297.0,94.0,307.0,103.0,,,,,,,,0.02,0.12,0.14,1.7,0.0,0.0,2.3,1.02,4.1,23,0,0,0,0,0,0,0,0,0,0,0,0,0,0,0,9,28,0.0,0.0,0.0,0.0,0.0,0.0,0.0,0.0,0.0,0,0,0,0
695,Jackson,Tchatchoua,Tchatchoua,a,,,4.4,542,118.0,0.0,640,222.0,2.5,126.0,49.0,0,0,0.0,-1,1.0,2,1,0.6,8.2,2.5,2.0,1.7,358.0,136.0,,,206.0,84.0,102.0,25.0,317.0,101.0,209.0,69.0,,,,,,,,0.02,0.07,0.09,1.19,0.0,0.15,1.74,0.83,5.59,23,0,0,0,0,0,0,0,0,0,0,0,0,0,0,0,84,43,0.0,0.0,0.0,0.0,0.0,0.0,0.0,0.0,0.0,0,0,0,0
709,Ladislav,Krejcí,Krejčí,a,,,4.5,420,84.0,0.1,528,193.0,3.8,40.0,17.0,0,0,0.0,0,0.0,11,6,0.8,10.0,3.8,3.3,2.6,237.0,90.0,100.0,100.0,88.0,39.0,197.0,50.0,94.0,12.0,113.0,38.0,,,,,,,,0.12,0.08,0.2,1.38,0.0,0.12,1.82,1.03,6.93,23,0,0,0,0,0,0,0,0,0,0,0,0,0,0,0,294,199,0.0,0.0,0.0,0.0,0.0,0.0,0.0,0.0,0.0,0,0,0,0
720,Tolu,Arokodare,Tolu,a,,,5.4,173,41.0,0.1,510,72.0,2.2,171.0,20.0,0,0,0.0,-1,1.0,14,8,0.4,6.3,2.2,1.7,1.9,334.0,35.0,,,336.0,33.0,195.0,19.0,83.0,25.0,230.0,27.0,,2.0,,,,,,0.19,0.03,0.22,1.12,0.0,0.25,2.1,0.99,5.68,23,0,0,0,0,0,0,0,0,0,0,0,0,0,0,0,228,202,0.0,0.0,0.0,0.0,0.0,0.0,0.0,0.0,0.0,0,0,0,0
749,Mateus,Mané,Mané,a,,,4.5,502,71.0,1.2,171,25.0,4.5,19.0,4.0,0,0,0.0,0,0.0,1187,143,1.0,8.0,4.5,4.0,3.3,140.0,11.0,,,266.0,23.0,231.0,24.0,187.0,40.0,268.0,32.0,,,,,,,,0.1,0.09,0.19,1.25,0.0,0.34,1.34,0.84,6.04,23,0,0,0,0,0,0,0,0,0,0,0,0,0,0,0,9503,2409,0.0,0.0,0.0,0.0,0.0,0.0,0.0,0.0,0.0,0,0,0,0
766,Saheed,Olagunju,Olagunju,a,,,4.0,707,196.0,0.0,698,240.0,0.0,520.0,212.0,0,0,0.0,0,0.0,4,0,0.0,0.0,0.0,-0.5,0.0,601.0,232.0,,,590.0,231.0,585.0,232.0,551.0,226.0,593.0,231.0,,,,,,,,0.0,0.0,0.0,0.0,0.0,0.0,0.0,0.0,0.0,23,0,0,0,0,0,0,0,0,0,0,0,0,0,0,0,102,23,0.0,0.0,0.0,0.0,0.0,0.0,0.0,0.0,0.0,0,0,0,0
767,Luke,Rawlings,Rawlings,a,,,4.5,488,301.0,0.0,759,329.0,0.0,666.0,264.0,0,0,0.0,0,0.0,0,1,0.0,0.0,0.0,-0.5,0.0,720.0,301.0,,,719.0,300.0,714.0,300.0,697.0,295.0,719.0,300.0,,,,,,,,0.0,0.0,0.0,0.0,0.0,0.0,0.0,0.0,0.0,23,0,0,0,0,0,0,0,0,0,0,0,0,0,0,0,7,7,0.0,0.0,0.0,0.0,0.0,0.0,0.0,0.0,0.0,0,0,0,0
777,Temple,Ojinnaka,Ojinnaka,a,,,4.5,448,269.0,0.0,774,339.0,0.0,635.0,240.0,0,0,0.0,0,0.0,0,0,0.0,0.0,0.0,-0.5,0.0,690.0,278.0,,,686.0,274.0,683.0,276.0,663.0,268.0,687.0,275.0,,,,,,,,0.0,0.0,0.0,0.0,0.0,0.0,0.0,0.0,0.0,23,0,0,0,0,0,0,0,0,0,0,0,0,0,0,0,35,7,0.0,0.0,0.0,0.0,0.0,0.0,0.0,0.0,0.0,0,0,0,0
778,Ethan,Sutherland,Sutherland,a,,,4.5,480,295.0,0.0,751,325.0,0.0,658.0,258.0,0,0,0.0,0,0.0,3,0,0.0,0.0,0.0,-0.5,0.0,712.0,295.0,,,711.0,294.0,706.0,294.0,689.0,289.0,711.0,294.0,,,,,,,,0.0,0.0,0.0,0.0,0.0,0.0,0.0,0.0,0.0,23,0,0,0,0,0,0,0,0,0,0,0,0,0,0,0,70,25,0.0,0.0,0.0,0.0,0.0,0.0,0.0,0.0,0.0,0,0,0,0
